exported/model_best.pt: OK
===== H1_stand vx=0.00 vy=0.00 wz=0.00 push=0 terrain=plane =====
COMMAND: /workspace/IsaacLab/isaaclab.sh -p play.py --task Humanoid-v0 --num_envs 4 --headless --video --video_length 1000 --enable_cameras agent.seed=42 env.commands.base_velocity.heading_command=false env.commands.base_velocity.rel_standing_envs=0.0 env.commands.base_velocity.resampling_time_range=\[1000.0\,1000.0\] env.commands.base_velocity.ranges.lin_vel_x=\[0.00\,0.00\] env.commands.base_velocity.ranges.lin_vel_y=\[0.00\,0.00\] env.commands.base_velocity.ranges.ang_vel_z=\[0.00\,0.00\] env.scene.terrain.terrain_type=plane env.curriculum.terrain_levels=null 
[3gH    H    H    H    H    H    H    H    H    H    H    H    H    H    H    H    H    H    H    H    H    H    H    H    H    H    H    H    H    H    H    H    H    H    H    H    H    H    H    H   [INFO] Using python from: /workspace/IsaacLab/_isaac_sim/python.sh
Loading user config located at: '/isaac-sim/kit/data/Kit/Isaac-Sim/5.1/user.config.json'
[Info] [carb] Logging to file: /isaac-sim/kit/logs/Kit/Isaac-Sim/5.1/kit_20260831_124159.log
2026-08-31T03:41:59Z [175ms] [Warning] [carb.windowing-glfw.plugin] GLFW initialization failed.
2026-08-31T03:41:59Z [175ms] [Warning] [carb] Failed to startup plugin carb.windowing-glfw.plugin (interfaces: [carb::windowing::IGLContext v1.0],[carb::windowing::IWindowing v1.5]) (impl: carb.windowing-glfw.plugin)
2026-08-31T03:41:59Z [184ms] [Warning] [omni.platforminfo.plugin] failed to open the default display.  Can't verify X Server version.

|---------------------------------------------------------------------------------------------|
| Driver Version: 580.126.09    | Graphics API: Vulkan
|=============================================================================================|
| GPU | Name                             | Active | LDA | GPU Memory | Vendor-ID | LUID       |
|     |                                  |        |     |            | Device-ID | UUID       |
|     |                                  |        |     |            | Bus-ID    |            |
|---------------------------------------------------------------------------------------------|
| 0   | NVIDIA GeForce RTX 5080          | Yes: 0 |     | 16303   MB | 10de      | 0          |
|     |                                  |        |     |            | 2c02      | f590048b.. |
|     |                                  |        |     |            | 1         |            |
|=============================================================================================|
| OS: 24.04.2 LTS (Noble Numbat) ubuntu, Version: 24.04.2, Kernel: 6.8.0-136-generic
| Processor: Intel(R) Core(TM) Ultra 5 250KF Plus
| Cores: 18 | Logical Cores: 18
|---------------------------------------------------------------------------------------------|
| Total Memory (MB): 64006 | Free Memory: 55209
| Total Page/Swap (MB): 8191 | Free Page/Swap: 0
|---------------------------------------------------------------------------------------------|
2026-08-31T03:42:00Z [716ms] [Warning] [gpu.foundation.plugin] CPU performance profile is set to powersave. This profile sets the CPU to the lowest frequency reducing performance.
2026-08-31T03:42:00Z [728ms] [Warning] [gpu.foundation.plugin] IOMMU is enabled.
2026-08-31T03:42:00Z [1,062ms] [Warning] [carb.windowing-glfw.plugin] GLFW initialization failed.
2026-08-31T03:42:00Z [1,062ms] [Warning] [carb] Failed to startup plugin carb.windowing-glfw.plugin (interfaces: [carb::windowing::IGLContext v1.0],[carb::windowing::IWindowing v1.5]) (impl: carb.windowing-glfw.plugin)
2026-08-31T03:42:00Z [1,170ms] [Warning] [carb.windowing-glfw.plugin] GLFW initialization failed.
2026-08-31T03:42:00Z [1,170ms] [Warning] [carb] Failed to startup plugin carb.windowing-glfw.plugin (interfaces: [carb::windowing::IGLContext v1.0],[carb::windowing::IWindowing v1.5]) (impl: carb.windowing-glfw.plugin)
2026-08-31T03:42:00Z [1,178ms] [Warning] [carb.windowing-glfw.plugin] GLFW initialization failed.
2026-08-31T03:42:00Z [1,178ms] [Warning] [carb] Failed to startup plugin carb.windowing-glfw.plugin (interfaces: [carb::windowing::IGLContext v1.0],[carb::windowing::IWindowing v1.5]) (impl: carb.windowing-glfw.plugin)
2026-08-31T03:42:00Z [1,182ms] [Warning] [carb.windowing-glfw.plugin] GLFW initialization failed.
2026-08-31T03:42:00Z [1,182ms] [Warning] [carb] Failed to startup plugin carb.windowing-glfw.plugin (interfaces: [carb::windowing::IGLContext v1.0],[carb::windowing::IWindowing v1.5]) (impl: carb.windowing-glfw.plugin)
2026-08-31T03:42:00Z [1,183ms] [Warning] [carb.windowing-glfw.plugin] GLFW initialization failed.
2026-08-31T03:42:00Z [1,183ms] [Warning] [carb] Failed to startup plugin carb.windowing-glfw.plugin (interfaces: [carb::windowing::IGLContext v1.0],[carb::windowing::IWindowing v1.5]) (impl: carb.windowing-glfw.plugin)
2026-08-31T03:42:00Z [1,184ms] [Warning] [carb.windowing-glfw.plugin] GLFW initialization failed.
2026-08-31T03:42:00Z [1,184ms] [Warning] [carb] Failed to startup plugin carb.windowing-glfw.plugin (interfaces: [carb::windowing::IGLContext v1.0],[carb::windowing::IWindowing v1.5]) (impl: carb.windowing-glfw.plugin)
[INFO][AppLauncher]: Using device: cuda:0
[INFO][AppLauncher]: Loading experience file: /workspace/IsaacLab/apps/isaaclab.python.headless.rendering.kit
[INFO]: Parsing configuration from: h1_task.env_cfg:HumanoidRoughEnvCfg
[Humanoid:student] 9 reward 항목 로드
  [OK] track_lin_vel_xy_exp.weight = 1.0
  [OK] track_ang_vel_z_exp.weight = 1.0
  [OK] feet_air_time.weight = 0.2
  [OK] termination_penalty.weight = -50.0
  [OK] flat_orientation_l2.weight = -1.5
  [OK] ang_vel_xy_l2.weight = -0.05
  [OK] joint_deviation_hip.weight = -0.2
  [OK] joint_deviation_torso.weight = -0.1
  [OK] action_rate_l2.weight = -0.0005
[Humanoid:student] sub_terrains keys = ['pyramid_stairs', 'pyramid_stairs_inv', 'boxes', 'random_rough', 'hf_pyramid_slope', 'hf_pyramid_slope_inv']
[Humanoid:student] 박스류 override: ['boxes.grid_height']
[Humanoid:student] 계단 width override: ['pyramid_stairs.step_width=0.30', 'pyramid_stairs_inv.step_width=0.30']
[Humanoid:student] proportion: ['boxes: 0.20→0.30', 'random_rough: 0.20→0.10', 'pyramid_stairs: 0.20→0.15', 'pyramid_stairs_inv: 0.20→0.15']
[INFO]: Parsing configuration from: h1_task.agent_cfg:HumanoidPPORunnerCfg
/workspace/IsaacLab/_isaac_sim/kit/python/lib/python3.11/site-packages/gymnasium/envs/registration.py:512: DeprecationWarning: [33mWARN: The environment Humanoid-v0 is out of date. You should consider upgrading to version `v5`.[0m
  logger.deprecation(
[WARNING]: The `policy` configuration is deprecated for rsl-rl >= 4.0.0. Please use, e.g., `actor` and `critic` model configurations instead.
[WARNING]: The `empirical_normalization` parameter is deprecated. Please set `actor_obs_normalization` and `critic_obs_normalization` as part of the `policy` configuration instead.
[WARNING]: The `policy` configuration is used to infer the `actor` model configuration.
[WARNING]: The `policy` configuration is used to infer the `critic` model configuration.
[WARNING]: The `distribution_cfg` configuration is now used to specify the output distribution for stochastic policies. Consider updating the configuration to use `distribution_cfg` instead of `stochastic`, `init_noise_std`, `noise_std_type`, and `state_dependent_std` parameters.
[INFO] Loading experiment from directory: /workspace/training/humanoid/logs/rsl_rl/humanoid

[36m======================================================================================[0m
[36m[1m[INFO][IsaacLab]: Logging to file: /tmp/isaaclab/logs/isaaclab_2026-08-31_12-42-58.log[0m
[36m======================================================================================[0m

[33m12:42:58 [simulation_context.py] WARNING: The `enable_external_forces_every_iteration` parameter in the PhysxCfg is set to False. If you are experiencing noisy velocities, consider enabling this flag. You may need to slightly increase the number of velocity iterations (setting it to 1 or 2 rather than 0), together with this flag, to improve the accuracy of velocity updates.[0m
[INFO]: Base environment:
	Environment device    : cuda:0
	Environment seed      : 42
	Physics step-size     : 0.005
	Rendering step-size   : 0.02
	Environment step-size : 0.02
[33m12:42:59 [terrain_importer.py] WARNING: Visual material specified for ground plane but no diffuse color found. Using default color: (0.0, 0.0, 0.0)[0m
[INFO]: Time taken for scene creation : 1.452099 seconds
[INFO]: Scene manager:  <class InteractiveScene>
	Number of environments: 4
	Environment spacing   : 2.5
	Source prim name      : /World/envs/env_0
	Global prim paths     : ['/World/ground']
	Replicate physics     : True
[INFO]: Starting the simulation. This may take a few seconds. Please wait...
[INFO]: Time taken for simulation start : 3.890028 seconds
[33m12:43:04 [velocity_command.py] WARNING: The velocity command has the 'ranges.heading' attribute set to '(-3.141592653589793, 3.141592653589793)' but the heading command is not active. Consider setting the flag for the heading command to True.[0m
/workspace/IsaacLab/_isaac_sim/kit/python/lib/python3.11/site-packages/rsl_rl/utils/utils.py:220: UserWarning: The observation configuration dictionary 'obs_groups' is empty and thus likely not configured. Consider configuring the 'obs_groups' dictionary explicitly
  warnings.warn(
/workspace/IsaacLab/_isaac_sim/kit/python/lib/python3.11/site-packages/rsl_rl/utils/utils.py:251: UserWarning: The observation configuration dictionary 'obs_groups' does not contain the 'actor' key. As an observation group with the name 'policy' was found, this is assumed to be the appropriate observation. Consider adding the 'actor' key to the 'obs_groups' dictionary for clarity. This behavior will be removed in a future version.
  warnings.warn(
/workspace/IsaacLab/_isaac_sim/kit/python/lib/python3.11/site-packages/rsl_rl/utils/utils.py:251: UserWarning: The observation configuration dictionary 'obs_groups' does not contain the 'critic' key. As an observation group with the name 'policy' was found, this is assumed to be the appropriate observation. Consider adding the 'critic' key to the 'obs_groups' dictionary for clarity. This behavior will be removed in a future version.
  warnings.warn(
[INFO] Command Manager:  <CommandManager> contains 1 active terms.
+------------------------------------------------+
|              Active Command Terms              |
+-------+---------------+------------------------+
| Index | Name          |          Type          |
+-------+---------------+------------------------+
|   0   | base_velocity | UniformVelocityCommand |
+-------+---------------+------------------------+

[INFO] Event Manager:  <EventManager> contains 2 active terms.
+--------------------------------------+
| Active Event Terms in Mode: 'startup' |
+----------+---------------------------+
|  Index   | Name                      |
+----------+---------------------------+
|    0     | physics_material          |
+----------+---------------------------+
+---------------------------------------+
|  Active Event Terms in Mode: 'reset'  |
+--------+------------------------------+
| Index  | Name                         |
+--------+------------------------------+
|   0    | base_external_force_torque   |
|   1    | reset_base                   |
|   2    | reset_robot_joints           |
+--------+------------------------------+

[INFO] Recorder Manager:  <RecorderManager> contains 0 active terms.
+---------------------+
| Active Recorder Terms |
+-----------+---------+
|   Index   | Name    |
+-----------+---------+
+-----------+---------+

[INFO] Action Manager:  <ActionManager> contains 1 active terms.
+------------------------------------+
|  Active Action Terms (shape: 19)   |
+--------+-------------+-------------+
| Index  | Name        |   Dimension |
+--------+-------------+-------------+
|   0    | joint_pos   |          19 |
+--------+-------------+-------------+

[INFO] Observation Manager: <ObservationManager> contains 1 groups.
+----------------------------------------------------------+
| Active Observation Terms in Group: 'policy' (shape: (256,)) |
+-----------+--------------------------------+-------------+
|   Index   | Name                           |    Shape    |
+-----------+--------------------------------+-------------+
|     0     | base_lin_vel                   |     (3,)    |
|     1     | base_ang_vel                   |     (3,)    |
|     2     | projected_gravity              |     (3,)    |
|     3     | velocity_commands              |     (3,)    |
|     4     | joint_pos                      |    (19,)    |
|     5     | joint_vel                      |    (19,)    |
|     6     | actions                        |    (19,)    |
|     7     | height_scan                    |    (187,)   |
+-----------+--------------------------------+-------------+

[INFO] Termination Manager:  <TerminationManager> contains 2 active terms.
+---------------------------------+
|     Active Termination Terms    |
+-------+--------------+----------+
| Index | Name         | Time Out |
+-------+--------------+----------+
|   0   | time_out     |   True   |
|   1   | base_contact |  False   |
+-------+--------------+----------+

[INFO] Reward Manager:  <RewardManager> contains 14 active terms.
+-------------------------------------------+
|            Active Reward Terms            |
+-------+-----------------------+-----------+
| Index | Name                  |    Weight |
+-------+-----------------------+-----------+
|   0   | track_lin_vel_xy_exp  |       1.0 |
|   1   | track_ang_vel_z_exp   |       1.0 |
|   2   | ang_vel_xy_l2         |     -0.05 |
|   3   | dof_torques_l2        |       0.0 |
|   4   | dof_acc_l2            | -1.25e-07 |
|   5   | action_rate_l2        |   -0.0005 |
|   6   | feet_air_time         |       0.2 |
|   7   | flat_orientation_l2   |      -1.5 |
|   8   | dof_pos_limits        |      -1.0 |
|   9   | termination_penalty   |     -50.0 |
|   10  | feet_slide            |     -0.25 |
|   11  | joint_deviation_hip   |      -0.2 |
|   12  | joint_deviation_arms  |      -0.2 |
|   13  | joint_deviation_torso |      -0.1 |
+-------+-----------------------+-----------+

[INFO] Curriculum Manager:  <CurriculumManager> contains 0 active terms.
+----------------------+
| Active Curriculum Terms |
+-----------+----------+
|   Index   | Name     |
+-----------+----------+
+-----------+----------+

[INFO]: Completed setting up the environment...
[INFO] Recording videos during training.
        video_folder: /workspace/training/humanoid/exported/videos/play
        step_trigger: lambda step: step == 0
        video_length: 1000
        disable_logger: True
[INFO]: Loading model checkpoint from: /workspace/training/humanoid/exported/model_best.pt
--------------------------------------------------------------------------------
Resolved observation sets: 
	 actor :  ['policy']
	 critic :  ['policy']
--------------------------------------------------------------------------------
Actor Model: MLPModel(
  (obs_normalizer): Identity()
  (distribution): GaussianDistribution()
  (mlp): MLP(
    (0): Linear(in_features=256, out_features=512, bias=True)
    (1): ELU(alpha=1.0)
    (2): Linear(in_features=512, out_features=256, bias=True)
    (3): ELU(alpha=1.0)
    (4): Linear(in_features=256, out_features=128, bias=True)
    (5): ELU(alpha=1.0)
    (6): Linear(in_features=128, out_features=19, bias=True)
  )
)
Critic Model: MLPModel(
  (obs_normalizer): Identity()
  (mlp): MLP(
    (0): Linear(in_features=256, out_features=512, bias=True)
    (1): ELU(alpha=1.0)
    (2): Linear(in_features=512, out_features=256, bias=True)
    (3): ELU(alpha=1.0)
    (4): Linear(in_features=256, out_features=128, bias=True)
    (5): ELU(alpha=1.0)
    (6): Linear(in_features=128, out_features=1, bias=True)
  )
)
2026-08-31T03:42:00Z [1,313ms] [Warning] [omni.log] Source: omni.hydra was already registered.
2026-08-31T03:42:01Z [1,497ms] [Warning] [carb] Acquiring non optional plugin interface which is not listed as dependency: [omni::physx::IPhysxBenchmarks v1.0] (plugin: <default plugin>), by client: omni.physics.physx.plugin. Add it to CARB_PLUGIN_IMPL_DEPS() macro of a client.
2026-08-31T03:42:01Z [1,500ms] [Warning] [omni.isaac.dynamic_control] omni.isaac.dynamic_control is deprecated as of Isaac Sim 4.5. No action is needed from end-users.
2026-08-31T03:42:02Z [2,672ms] [Warning] [pxr.Semantics] pxr.Semantics is deprecated - please use Semantics instead
2026-08-31T03:42:02Z [2,733ms] [Warning] [omni.graph.core.plugin] Found duplicate of category 'Replicator' - was 'Annotators', adding 'Fabric Reader'
2026-08-31T03:42:02Z [2,733ms] [Warning] [omni.graph.core.plugin] Category 'Replicator' not accepted on node type 'omni.replicator.core.FabricReader' in extension 'omni.replicator.core'
2026-08-31T03:42:02Z [2,734ms] [Warning] [omni.replicator.core.scripts.extension] No material configuration file, adding configuration to material settings directly.
2026-08-31T03:42:03Z [3,470ms] [Warning] [omni.kvdb.plugin] Disabling key-value database because another kit process is locking it
2026-08-31T03:42:08Z [8,526ms] [Warning] [omni.fabric.plugin] Warning: attribute viewportHandle not found for bucket id 7

2026-08-31T03:43:04Z [65,443ms] [Warning] [omni.physx.fabric.plugin] FabricManager::initializePointInstancer mismatched prototypes on point instancer: /Visuals/Command/velocity_current.
2026-08-31T03:43:04Z [65,443ms] [Warning] [omni.physx.fabric.plugin] FabricManager::initializePointInstancer mismatched prototypes on point instancer: /Visuals/Command/velocity_goal.
2026-08-31T03:43:06Z [66,461ms] [Warning] [omni.physx.fabric.plugin] FabricManager::initializePointInstancer mismatched prototypes on point instancer: /Visuals/Command/velocity_current.
2026-08-31T03:43:06Z [66,461ms] [Warning] [omni.physx.fabric.plugin] FabricManager::initializePointInstancer mismatched prototypes on point instancer: /Visuals/Command/velocity_goal.
2026-08-31T03:43:06Z [66,512ms] [Warning] [omni.syntheticdata.plugin] OgnSdPostRenderVarToHost : rendervar copy from texture directly to host buffer is counter-performant. Please use copy from texture to device buffer first.
2026-08-31T03:43:07Z [68,268ms] [Warning] [carb] Client gpu.foundation.plugin has acquired [gpu::unstable::IMemoryBudgetManagerFactory v0.1] 100 times. Consider accessing this interface with carb::getCachedInterface() (Performance warning)
===== H2_forward vx=0.75 vy=0.00 wz=0.00 push=0 terrain=plane =====
COMMAND: /workspace/IsaacLab/isaaclab.sh -p play.py --task Humanoid-v0 --num_envs 4 --headless --video --video_length 1000 --enable_cameras agent.seed=42 env.commands.base_velocity.heading_command=false env.commands.base_velocity.rel_standing_envs=0.0 env.commands.base_velocity.resampling_time_range=\[1000.0\,1000.0\] env.commands.base_velocity.ranges.lin_vel_x=\[0.75\,0.75\] env.commands.base_velocity.ranges.lin_vel_y=\[0.00\,0.00\] env.commands.base_velocity.ranges.ang_vel_z=\[0.00\,0.00\] env.scene.terrain.terrain_type=plane env.curriculum.terrain_levels=null 
[3gH    H    H    H    H    H    H    H    H    H    H    H    H    H    H    H    H    H    H    H    H    H    H    H    H    H    H    H    H    H    H    H    H    H    H    H    H    H    H    H   [INFO] Using python from: /workspace/IsaacLab/_isaac_sim/python.sh
Loading user config located at: '/isaac-sim/kit/data/Kit/Isaac-Sim/5.1/user.config.json'
[Info] [carb] Logging to file: /isaac-sim/kit/logs/Kit/Isaac-Sim/5.1/kit_20260831_124355.log
2026-08-31T03:43:55Z [176ms] [Warning] [carb.windowing-glfw.plugin] GLFW initialization failed.
2026-08-31T03:43:55Z [176ms] [Warning] [carb] Failed to startup plugin carb.windowing-glfw.plugin (interfaces: [carb::windowing::IGLContext v1.0],[carb::windowing::IWindowing v1.5]) (impl: carb.windowing-glfw.plugin)
2026-08-31T03:43:55Z [186ms] [Warning] [omni.platforminfo.plugin] failed to open the default display.  Can't verify X Server version.

|---------------------------------------------------------------------------------------------|
| Driver Version: 580.126.09    | Graphics API: Vulkan
|=============================================================================================|
| GPU | Name                             | Active | LDA | GPU Memory | Vendor-ID | LUID       |
|     |                                  |        |     |            | Device-ID | UUID       |
|     |                                  |        |     |            | Bus-ID    |            |
|---------------------------------------------------------------------------------------------|
| 0   | NVIDIA GeForce RTX 5080          | Yes: 0 |     | 16303   MB | 10de      | 0          |
|     |                                  |        |     |            | 2c02      | f590048b.. |
|     |                                  |        |     |            | 1         |            |
|=============================================================================================|
| OS: 24.04.2 LTS (Noble Numbat) ubuntu, Version: 24.04.2, Kernel: 6.8.0-136-generic
| Processor: Intel(R) Core(TM) Ultra 5 250KF Plus
| Cores: 18 | Logical Cores: 18
|---------------------------------------------------------------------------------------------|
| Total Memory (MB): 64006 | Free Memory: 54975
| Total Page/Swap (MB): 8191 | Free Page/Swap: 0
|---------------------------------------------------------------------------------------------|
2026-08-31T03:43:56Z [641ms] [Warning] [gpu.foundation.plugin] CPU performance profile is set to powersave. This profile sets the CPU to the lowest frequency reducing performance.
2026-08-31T03:43:56Z [654ms] [Warning] [gpu.foundation.plugin] IOMMU is enabled.
2026-08-31T03:43:56Z [982ms] [Warning] [carb.windowing-glfw.plugin] GLFW initialization failed.
2026-08-31T03:43:56Z [982ms] [Warning] [carb] Failed to startup plugin carb.windowing-glfw.plugin (interfaces: [carb::windowing::IGLContext v1.0],[carb::windowing::IWindowing v1.5]) (impl: carb.windowing-glfw.plugin)
2026-08-31T03:43:56Z [995ms] [Warning] [carb.windowing-glfw.plugin] GLFW initialization failed.
2026-08-31T03:43:56Z [995ms] [Warning] [carb] Failed to startup plugin carb.windowing-glfw.plugin (interfaces: [carb::windowing::IGLContext v1.0],[carb::windowing::IWindowing v1.5]) (impl: carb.windowing-glfw.plugin)
2026-08-31T03:43:56Z [1,002ms] [Warning] [carb.windowing-glfw.plugin] GLFW initialization failed.
2026-08-31T03:43:56Z [1,002ms] [Warning] [carb] Failed to startup plugin carb.windowing-glfw.plugin (interfaces: [carb::windowing::IGLContext v1.0],[carb::windowing::IWindowing v1.5]) (impl: carb.windowing-glfw.plugin)
2026-08-31T03:43:56Z [1,006ms] [Warning] [carb.windowing-glfw.plugin] GLFW initialization failed.
2026-08-31T03:43:56Z [1,006ms] [Warning] [carb] Failed to startup plugin carb.windowing-glfw.plugin (interfaces: [carb::windowing::IGLContext v1.0],[carb::windowing::IWindowing v1.5]) (impl: carb.windowing-glfw.plugin)
2026-08-31T03:43:56Z [1,006ms] [Warning] [carb.windowing-glfw.plugin] GLFW initialization failed.
2026-08-31T03:43:56Z [1,006ms] [Warning] [carb] Failed to startup plugin carb.windowing-glfw.plugin (interfaces: [carb::windowing::IGLContext v1.0],[carb::windowing::IWindowing v1.5]) (impl: carb.windowing-glfw.plugin)
2026-08-31T03:43:56Z [1,007ms] [Warning] [carb.windowing-glfw.plugin] GLFW initialization failed.
2026-08-31T03:43:56Z [1,007ms] [Warning] [carb] Failed to startup plugin carb.windowing-glfw.plugin (interfaces: [carb::windowing::IGLContext v1.0],[carb::windowing::IWindowing v1.5]) (impl: carb.windowing-glfw.plugin)
[INFO][AppLauncher]: Using device: cuda:0
[INFO][AppLauncher]: Loading experience file: /workspace/IsaacLab/apps/isaaclab.python.headless.rendering.kit
[INFO]: Parsing configuration from: h1_task.env_cfg:HumanoidRoughEnvCfg
[Humanoid:student] 9 reward 항목 로드
  [OK] track_lin_vel_xy_exp.weight = 1.0
  [OK] track_ang_vel_z_exp.weight = 1.0
  [OK] feet_air_time.weight = 0.2
  [OK] termination_penalty.weight = -50.0
  [OK] flat_orientation_l2.weight = -1.5
  [OK] ang_vel_xy_l2.weight = -0.05
  [OK] joint_deviation_hip.weight = -0.2
  [OK] joint_deviation_torso.weight = -0.1
  [OK] action_rate_l2.weight = -0.0005
[Humanoid:student] sub_terrains keys = ['pyramid_stairs', 'pyramid_stairs_inv', 'boxes', 'random_rough', 'hf_pyramid_slope', 'hf_pyramid_slope_inv']
[Humanoid:student] 박스류 override: ['boxes.grid_height']
[Humanoid:student] 계단 width override: ['pyramid_stairs.step_width=0.30', 'pyramid_stairs_inv.step_width=0.30']
[Humanoid:student] proportion: ['boxes: 0.20→0.30', 'random_rough: 0.20→0.10', 'pyramid_stairs: 0.20→0.15', 'pyramid_stairs_inv: 0.20→0.15']
[INFO]: Parsing configuration from: h1_task.agent_cfg:HumanoidPPORunnerCfg
/workspace/IsaacLab/_isaac_sim/kit/python/lib/python3.11/site-packages/gymnasium/envs/registration.py:512: DeprecationWarning: [33mWARN: The environment Humanoid-v0 is out of date. You should consider upgrading to version `v5`.[0m
  logger.deprecation(
[WARNING]: The `policy` configuration is deprecated for rsl-rl >= 4.0.0. Please use, e.g., `actor` and `critic` model configurations instead.
[WARNING]: The `empirical_normalization` parameter is deprecated. Please set `actor_obs_normalization` and `critic_obs_normalization` as part of the `policy` configuration instead.
[WARNING]: The `policy` configuration is used to infer the `actor` model configuration.
[WARNING]: The `policy` configuration is used to infer the `critic` model configuration.
[WARNING]: The `distribution_cfg` configuration is now used to specify the output distribution for stochastic policies. Consider updating the configuration to use `distribution_cfg` instead of `stochastic`, `init_noise_std`, `noise_std_type`, and `state_dependent_std` parameters.
[INFO] Loading experiment from directory: /workspace/training/humanoid/logs/rsl_rl/humanoid

[36m======================================================================================[0m
[36m[1m[INFO][IsaacLab]: Logging to file: /tmp/isaaclab/logs/isaaclab_2026-08-31_12-44-02.log[0m
[36m======================================================================================[0m

[33m12:44:02 [simulation_context.py] WARNING: The `enable_external_forces_every_iteration` parameter in the PhysxCfg is set to False. If you are experiencing noisy velocities, consider enabling this flag. You may need to slightly increase the number of velocity iterations (setting it to 1 or 2 rather than 0), together with this flag, to improve the accuracy of velocity updates.[0m
[INFO]: Base environment:
	Environment device    : cuda:0
	Environment seed      : 42
	Physics step-size     : 0.005
	Rendering step-size   : 0.02
	Environment step-size : 0.02
[33m12:44:03 [terrain_importer.py] WARNING: Visual material specified for ground plane but no diffuse color found. Using default color: (0.0, 0.0, 0.0)[0m
[INFO]: Time taken for scene creation : 1.338300 seconds
[INFO]: Scene manager:  <class InteractiveScene>
	Number of environments: 4
	Environment spacing   : 2.5
	Source prim name      : /World/envs/env_0
	Global prim paths     : ['/World/ground']
	Replicate physics     : True
[INFO]: Starting the simulation. This may take a few seconds. Please wait...
[INFO]: Time taken for simulation start : 1.063617 seconds
[33m12:44:05 [velocity_command.py] WARNING: The velocity command has the 'ranges.heading' attribute set to '(-3.141592653589793, 3.141592653589793)' but the heading command is not active. Consider setting the flag for the heading command to True.[0m
/workspace/IsaacLab/_isaac_sim/kit/python/lib/python3.11/site-packages/rsl_rl/utils/utils.py:220: UserWarning: The observation configuration dictionary 'obs_groups' is empty and thus likely not configured. Consider configuring the 'obs_groups' dictionary explicitly
  warnings.warn(
/workspace/IsaacLab/_isaac_sim/kit/python/lib/python3.11/site-packages/rsl_rl/utils/utils.py:251: UserWarning: The observation configuration dictionary 'obs_groups' does not contain the 'actor' key. As an observation group with the name 'policy' was found, this is assumed to be the appropriate observation. Consider adding the 'actor' key to the 'obs_groups' dictionary for clarity. This behavior will be removed in a future version.
  warnings.warn(
/workspace/IsaacLab/_isaac_sim/kit/python/lib/python3.11/site-packages/rsl_rl/utils/utils.py:251: UserWarning: The observation configuration dictionary 'obs_groups' does not contain the 'critic' key. As an observation group with the name 'policy' was found, this is assumed to be the appropriate observation. Consider adding the 'critic' key to the 'obs_groups' dictionary for clarity. This behavior will be removed in a future version.
  warnings.warn(
[INFO] Command Manager:  <CommandManager> contains 1 active terms.
+------------------------------------------------+
|              Active Command Terms              |
+-------+---------------+------------------------+
| Index | Name          |          Type          |
+-------+---------------+------------------------+
|   0   | base_velocity | UniformVelocityCommand |
+-------+---------------+------------------------+

[INFO] Event Manager:  <EventManager> contains 2 active terms.
+--------------------------------------+
| Active Event Terms in Mode: 'startup' |
+----------+---------------------------+
|  Index   | Name                      |
+----------+---------------------------+
|    0     | physics_material          |
+----------+---------------------------+
+---------------------------------------+
|  Active Event Terms in Mode: 'reset'  |
+--------+------------------------------+
| Index  | Name                         |
+--------+------------------------------+
|   0    | base_external_force_torque   |
|   1    | reset_base                   |
|   2    | reset_robot_joints           |
+--------+------------------------------+

[INFO] Recorder Manager:  <RecorderManager> contains 0 active terms.
+---------------------+
| Active Recorder Terms |
+-----------+---------+
|   Index   | Name    |
+-----------+---------+
+-----------+---------+

[INFO] Action Manager:  <ActionManager> contains 1 active terms.
+------------------------------------+
|  Active Action Terms (shape: 19)   |
+--------+-------------+-------------+
| Index  | Name        |   Dimension |
+--------+-------------+-------------+
|   0    | joint_pos   |          19 |
+--------+-------------+-------------+

[INFO] Observation Manager: <ObservationManager> contains 1 groups.
+----------------------------------------------------------+
| Active Observation Terms in Group: 'policy' (shape: (256,)) |
+-----------+--------------------------------+-------------+
|   Index   | Name                           |    Shape    |
+-----------+--------------------------------+-------------+
|     0     | base_lin_vel                   |     (3,)    |
|     1     | base_ang_vel                   |     (3,)    |
|     2     | projected_gravity              |     (3,)    |
|     3     | velocity_commands              |     (3,)    |
|     4     | joint_pos                      |    (19,)    |
|     5     | joint_vel                      |    (19,)    |
|     6     | actions                        |    (19,)    |
|     7     | height_scan                    |    (187,)   |
+-----------+--------------------------------+-------------+

[INFO] Termination Manager:  <TerminationManager> contains 2 active terms.
+---------------------------------+
|     Active Termination Terms    |
+-------+--------------+----------+
| Index | Name         | Time Out |
+-------+--------------+----------+
|   0   | time_out     |   True   |
|   1   | base_contact |  False   |
+-------+--------------+----------+

[INFO] Reward Manager:  <RewardManager> contains 14 active terms.
+-------------------------------------------+
|            Active Reward Terms            |
+-------+-----------------------+-----------+
| Index | Name                  |    Weight |
+-------+-----------------------+-----------+
|   0   | track_lin_vel_xy_exp  |       1.0 |
|   1   | track_ang_vel_z_exp   |       1.0 |
|   2   | ang_vel_xy_l2         |     -0.05 |
|   3   | dof_torques_l2        |       0.0 |
|   4   | dof_acc_l2            | -1.25e-07 |
|   5   | action_rate_l2        |   -0.0005 |
|   6   | feet_air_time         |       0.2 |
|   7   | flat_orientation_l2   |      -1.5 |
|   8   | dof_pos_limits        |      -1.0 |
|   9   | termination_penalty   |     -50.0 |
|   10  | feet_slide            |     -0.25 |
|   11  | joint_deviation_hip   |      -0.2 |
|   12  | joint_deviation_arms  |      -0.2 |
|   13  | joint_deviation_torso |      -0.1 |
+-------+-----------------------+-----------+

[INFO] Curriculum Manager:  <CurriculumManager> contains 0 active terms.
+----------------------+
| Active Curriculum Terms |
+-----------+----------+
|   Index   | Name     |
+-----------+----------+
+-----------+----------+

[INFO]: Completed setting up the environment...
[INFO] Recording videos during training.
        video_folder: /workspace/training/humanoid/exported/videos/play
        step_trigger: lambda step: step == 0
        video_length: 1000
        disable_logger: True
[INFO]: Loading model checkpoint from: /workspace/training/humanoid/exported/model_best.pt
--------------------------------------------------------------------------------
Resolved observation sets: 
	 actor :  ['policy']
	 critic :  ['policy']
--------------------------------------------------------------------------------
Actor Model: MLPModel(
  (obs_normalizer): Identity()
  (distribution): GaussianDistribution()
  (mlp): MLP(
    (0): Linear(in_features=256, out_features=512, bias=True)
    (1): ELU(alpha=1.0)
    (2): Linear(in_features=512, out_features=256, bias=True)
    (3): ELU(alpha=1.0)
    (4): Linear(in_features=256, out_features=128, bias=True)
    (5): ELU(alpha=1.0)
    (6): Linear(in_features=128, out_features=19, bias=True)
  )
)
Critic Model: MLPModel(
  (obs_normalizer): Identity()
  (mlp): MLP(
    (0): Linear(in_features=256, out_features=512, bias=True)
    (1): ELU(alpha=1.0)
    (2): Linear(in_features=512, out_features=256, bias=True)
    (3): ELU(alpha=1.0)
    (4): Linear(in_features=256, out_features=128, bias=True)
    (5): ELU(alpha=1.0)
    (6): Linear(in_features=128, out_features=1, bias=True)
  )
)
2026-08-31T03:43:56Z [1,125ms] [Warning] [omni.log] Source: omni.hydra was already registered.
2026-08-31T03:43:57Z [1,309ms] [Warning] [carb] Acquiring non optional plugin interface which is not listed as dependency: [omni::physx::IPhysxBenchmarks v1.0] (plugin: <default plugin>), by client: omni.physics.physx.plugin. Add it to CARB_PLUGIN_IMPL_DEPS() macro of a client.
2026-08-31T03:43:57Z [1,313ms] [Warning] [omni.isaac.dynamic_control] omni.isaac.dynamic_control is deprecated as of Isaac Sim 4.5. No action is needed from end-users.
2026-08-31T03:43:58Z [2,487ms] [Warning] [pxr.Semantics] pxr.Semantics is deprecated - please use Semantics instead
2026-08-31T03:43:58Z [2,549ms] [Warning] [omni.graph.core.plugin] Found duplicate of category 'Replicator' - was 'Annotators', adding 'Fabric Reader'
2026-08-31T03:43:58Z [2,549ms] [Warning] [omni.graph.core.plugin] Category 'Replicator' not accepted on node type 'omni.replicator.core.FabricReader' in extension 'omni.replicator.core'
2026-08-31T03:43:58Z [2,549ms] [Warning] [omni.replicator.core.scripts.extension] No material configuration file, adding configuration to material settings directly.
2026-08-31T03:43:59Z [3,293ms] [Warning] [omni.kvdb.plugin] Disabling key-value database because another kit process is locking it
2026-08-31T03:44:00Z [4,667ms] [Warning] [omni.fabric.plugin] Warning: attribute viewportHandle not found for bucket id 7

2026-08-31T03:44:05Z [9,523ms] [Warning] [omni.physx.fabric.plugin] FabricManager::initializePointInstancer mismatched prototypes on point instancer: /Visuals/Command/velocity_goal.
2026-08-31T03:44:05Z [9,523ms] [Warning] [omni.physx.fabric.plugin] FabricManager::initializePointInstancer mismatched prototypes on point instancer: /Visuals/Command/velocity_current.
2026-08-31T03:44:06Z [10,501ms] [Warning] [omni.physx.fabric.plugin] FabricManager::initializePointInstancer mismatched prototypes on point instancer: /Visuals/Command/velocity_current.
2026-08-31T03:44:06Z [10,501ms] [Warning] [omni.physx.fabric.plugin] FabricManager::initializePointInstancer mismatched prototypes on point instancer: /Visuals/Command/velocity_goal.
2026-08-31T03:44:06Z [10,552ms] [Warning] [omni.syntheticdata.plugin] OgnSdPostRenderVarToHost : rendervar copy from texture directly to host buffer is counter-performant. Please use copy from texture to device buffer first.
2026-08-31T03:44:08Z [12,230ms] [Warning] [carb] Client gpu.foundation.plugin has acquired [gpu::unstable::IMemoryBudgetManagerFactory v0.1] 100 times. Consider accessing this interface with carb::getCachedInterface() (Performance warning)
===== H4_complex vx=0.50 vy=0.15 wz=0.50 push=0 terrain=plane =====
COMMAND: /workspace/IsaacLab/isaaclab.sh -p play.py --task Humanoid-v0 --num_envs 4 --headless --video --video_length 1000 --enable_cameras agent.seed=42 env.commands.base_velocity.heading_command=false env.commands.base_velocity.rel_standing_envs=0.0 env.commands.base_velocity.resampling_time_range=\[1000.0\,1000.0\] env.commands.base_velocity.ranges.lin_vel_x=\[0.50\,0.50\] env.commands.base_velocity.ranges.lin_vel_y=\[0.15\,0.15\] env.commands.base_velocity.ranges.ang_vel_z=\[0.50\,0.50\] env.scene.terrain.terrain_type=plane env.curriculum.terrain_levels=null 
[3gH    H    H    H    H    H    H    H    H    H    H    H    H    H    H    H    H    H    H    H    H    H    H    H    H    H    H    H    H    H    H    H    H    H    H    H    H    H    H    H   [INFO] Using python from: /workspace/IsaacLab/_isaac_sim/python.sh
Loading user config located at: '/isaac-sim/kit/data/Kit/Isaac-Sim/5.1/user.config.json'
[Info] [carb] Logging to file: /isaac-sim/kit/logs/Kit/Isaac-Sim/5.1/kit_20260831_124455.log
2026-08-31T03:44:56Z [175ms] [Warning] [carb.windowing-glfw.plugin] GLFW initialization failed.
2026-08-31T03:44:56Z [175ms] [Warning] [carb] Failed to startup plugin carb.windowing-glfw.plugin (interfaces: [carb::windowing::IGLContext v1.0],[carb::windowing::IWindowing v1.5]) (impl: carb.windowing-glfw.plugin)
2026-08-31T03:44:56Z [184ms] [Warning] [omni.platforminfo.plugin] failed to open the default display.  Can't verify X Server version.

|---------------------------------------------------------------------------------------------|
| Driver Version: 580.126.09    | Graphics API: Vulkan
|=============================================================================================|
| GPU | Name                             | Active | LDA | GPU Memory | Vendor-ID | LUID       |
|     |                                  |        |     |            | Device-ID | UUID       |
|     |                                  |        |     |            | Bus-ID    |            |
|---------------------------------------------------------------------------------------------|
| 0   | NVIDIA GeForce RTX 5080          | Yes: 0 |     | 16303   MB | 10de      | 0          |
|     |                                  |        |     |            | 2c02      | f590048b.. |
|     |                                  |        |     |            | 1         |            |
|=============================================================================================|
| OS: 24.04.2 LTS (Noble Numbat) ubuntu, Version: 24.04.2, Kernel: 6.8.0-136-generic
| Processor: Intel(R) Core(TM) Ultra 5 250KF Plus
| Cores: 18 | Logical Cores: 18
|---------------------------------------------------------------------------------------------|
| Total Memory (MB): 64006 | Free Memory: 54858
| Total Page/Swap (MB): 8191 | Free Page/Swap: 0
|---------------------------------------------------------------------------------------------|
2026-08-31T03:44:56Z [634ms] [Warning] [gpu.foundation.plugin] CPU performance profile is set to powersave. This profile sets the CPU to the lowest frequency reducing performance.
2026-08-31T03:44:56Z [647ms] [Warning] [gpu.foundation.plugin] IOMMU is enabled.
2026-08-31T03:44:56Z [979ms] [Warning] [carb.windowing-glfw.plugin] GLFW initialization failed.
2026-08-31T03:44:56Z [979ms] [Warning] [carb] Failed to startup plugin carb.windowing-glfw.plugin (interfaces: [carb::windowing::IGLContext v1.0],[carb::windowing::IWindowing v1.5]) (impl: carb.windowing-glfw.plugin)
2026-08-31T03:44:56Z [992ms] [Warning] [carb.windowing-glfw.plugin] GLFW initialization failed.
2026-08-31T03:44:56Z [992ms] [Warning] [carb] Failed to startup plugin carb.windowing-glfw.plugin (interfaces: [carb::windowing::IGLContext v1.0],[carb::windowing::IWindowing v1.5]) (impl: carb.windowing-glfw.plugin)
2026-08-31T03:44:56Z [999ms] [Warning] [carb.windowing-glfw.plugin] GLFW initialization failed.
2026-08-31T03:44:56Z [999ms] [Warning] [carb] Failed to startup plugin carb.windowing-glfw.plugin (interfaces: [carb::windowing::IGLContext v1.0],[carb::windowing::IWindowing v1.5]) (impl: carb.windowing-glfw.plugin)
2026-08-31T03:44:56Z [1,003ms] [Warning] [carb.windowing-glfw.plugin] GLFW initialization failed.
2026-08-31T03:44:56Z [1,003ms] [Warning] [carb] Failed to startup plugin carb.windowing-glfw.plugin (interfaces: [carb::windowing::IGLContext v1.0],[carb::windowing::IWindowing v1.5]) (impl: carb.windowing-glfw.plugin)
2026-08-31T03:44:56Z [1,003ms] [Warning] [carb.windowing-glfw.plugin] GLFW initialization failed.
2026-08-31T03:44:56Z [1,003ms] [Warning] [carb] Failed to startup plugin carb.windowing-glfw.plugin (interfaces: [carb::windowing::IGLContext v1.0],[carb::windowing::IWindowing v1.5]) (impl: carb.windowing-glfw.plugin)
2026-08-31T03:44:56Z [1,004ms] [Warning] [carb.windowing-glfw.plugin] GLFW initialization failed.
2026-08-31T03:44:56Z [1,004ms] [Warning] [carb] Failed to startup plugin carb.windowing-glfw.plugin (interfaces: [carb::windowing::IGLContext v1.0],[carb::windowing::IWindowing v1.5]) (impl: carb.windowing-glfw.plugin)
[INFO][AppLauncher]: Using device: cuda:0
[INFO][AppLauncher]: Loading experience file: /workspace/IsaacLab/apps/isaaclab.python.headless.rendering.kit
[INFO]: Parsing configuration from: h1_task.env_cfg:HumanoidRoughEnvCfg
[Humanoid:student] 9 reward 항목 로드
  [OK] track_lin_vel_xy_exp.weight = 1.0
  [OK] track_ang_vel_z_exp.weight = 1.0
  [OK] feet_air_time.weight = 0.2
  [OK] termination_penalty.weight = -50.0
  [OK] flat_orientation_l2.weight = -1.5
  [OK] ang_vel_xy_l2.weight = -0.05
  [OK] joint_deviation_hip.weight = -0.2
  [OK] joint_deviation_torso.weight = -0.1
  [OK] action_rate_l2.weight = -0.0005
[Humanoid:student] sub_terrains keys = ['pyramid_stairs', 'pyramid_stairs_inv', 'boxes', 'random_rough', 'hf_pyramid_slope', 'hf_pyramid_slope_inv']
[Humanoid:student] 박스류 override: ['boxes.grid_height']
[Humanoid:student] 계단 width override: ['pyramid_stairs.step_width=0.30', 'pyramid_stairs_inv.step_width=0.30']
[Humanoid:student] proportion: ['boxes: 0.20→0.30', 'random_rough: 0.20→0.10', 'pyramid_stairs: 0.20→0.15', 'pyramid_stairs_inv: 0.20→0.15']
[INFO]: Parsing configuration from: h1_task.agent_cfg:HumanoidPPORunnerCfg
/workspace/IsaacLab/_isaac_sim/kit/python/lib/python3.11/site-packages/gymnasium/envs/registration.py:512: DeprecationWarning: [33mWARN: The environment Humanoid-v0 is out of date. You should consider upgrading to version `v5`.[0m
  logger.deprecation(
[WARNING]: The `policy` configuration is deprecated for rsl-rl >= 4.0.0. Please use, e.g., `actor` and `critic` model configurations instead.
[WARNING]: The `empirical_normalization` parameter is deprecated. Please set `actor_obs_normalization` and `critic_obs_normalization` as part of the `policy` configuration instead.
[WARNING]: The `policy` configuration is used to infer the `actor` model configuration.
[WARNING]: The `policy` configuration is used to infer the `critic` model configuration.
[WARNING]: The `distribution_cfg` configuration is now used to specify the output distribution for stochastic policies. Consider updating the configuration to use `distribution_cfg` instead of `stochastic`, `init_noise_std`, `noise_std_type`, and `state_dependent_std` parameters.
[INFO] Loading experiment from directory: /workspace/training/humanoid/logs/rsl_rl/humanoid

[36m======================================================================================[0m
[36m[1m[INFO][IsaacLab]: Logging to file: /tmp/isaaclab/logs/isaaclab_2026-08-31_12-45-02.log[0m
[36m======================================================================================[0m

[33m12:45:02 [simulation_context.py] WARNING: The `enable_external_forces_every_iteration` parameter in the PhysxCfg is set to False. If you are experiencing noisy velocities, consider enabling this flag. You may need to slightly increase the number of velocity iterations (setting it to 1 or 2 rather than 0), together with this flag, to improve the accuracy of velocity updates.[0m
[INFO]: Base environment:
	Environment device    : cuda:0
	Environment seed      : 42
	Physics step-size     : 0.005
	Rendering step-size   : 0.02
	Environment step-size : 0.02
[33m12:45:03 [terrain_importer.py] WARNING: Visual material specified for ground plane but no diffuse color found. Using default color: (0.0, 0.0, 0.0)[0m
[INFO]: Time taken for scene creation : 1.263835 seconds
[INFO]: Scene manager:  <class InteractiveScene>
	Number of environments: 4
	Environment spacing   : 2.5
	Source prim name      : /World/envs/env_0
	Global prim paths     : ['/World/ground']
	Replicate physics     : True
[INFO]: Starting the simulation. This may take a few seconds. Please wait...
[INFO]: Time taken for simulation start : 1.080023 seconds
[33m12:45:05 [velocity_command.py] WARNING: The velocity command has the 'ranges.heading' attribute set to '(-3.141592653589793, 3.141592653589793)' but the heading command is not active. Consider setting the flag for the heading command to True.[0m
/workspace/IsaacLab/_isaac_sim/kit/python/lib/python3.11/site-packages/rsl_rl/utils/utils.py:220: UserWarning: The observation configuration dictionary 'obs_groups' is empty and thus likely not configured. Consider configuring the 'obs_groups' dictionary explicitly
  warnings.warn(
/workspace/IsaacLab/_isaac_sim/kit/python/lib/python3.11/site-packages/rsl_rl/utils/utils.py:251: UserWarning: The observation configuration dictionary 'obs_groups' does not contain the 'actor' key. As an observation group with the name 'policy' was found, this is assumed to be the appropriate observation. Consider adding the 'actor' key to the 'obs_groups' dictionary for clarity. This behavior will be removed in a future version.
  warnings.warn(
/workspace/IsaacLab/_isaac_sim/kit/python/lib/python3.11/site-packages/rsl_rl/utils/utils.py:251: UserWarning: The observation configuration dictionary 'obs_groups' does not contain the 'critic' key. As an observation group with the name 'policy' was found, this is assumed to be the appropriate observation. Consider adding the 'critic' key to the 'obs_groups' dictionary for clarity. This behavior will be removed in a future version.
  warnings.warn(
[INFO] Command Manager:  <CommandManager> contains 1 active terms.
+------------------------------------------------+
|              Active Command Terms              |
+-------+---------------+------------------------+
| Index | Name          |          Type          |
+-------+---------------+------------------------+
|   0   | base_velocity | UniformVelocityCommand |
+-------+---------------+------------------------+

[INFO] Event Manager:  <EventManager> contains 2 active terms.
+--------------------------------------+
| Active Event Terms in Mode: 'startup' |
+----------+---------------------------+
|  Index   | Name                      |
+----------+---------------------------+
|    0     | physics_material          |
+----------+---------------------------+
+---------------------------------------+
|  Active Event Terms in Mode: 'reset'  |
+--------+------------------------------+
| Index  | Name                         |
+--------+------------------------------+
|   0    | base_external_force_torque   |
|   1    | reset_base                   |
|   2    | reset_robot_joints           |
+--------+------------------------------+

[INFO] Recorder Manager:  <RecorderManager> contains 0 active terms.
+---------------------+
| Active Recorder Terms |
+-----------+---------+
|   Index   | Name    |
+-----------+---------+
+-----------+---------+

[INFO] Action Manager:  <ActionManager> contains 1 active terms.
+------------------------------------+
|  Active Action Terms (shape: 19)   |
+--------+-------------+-------------+
| Index  | Name        |   Dimension |
+--------+-------------+-------------+
|   0    | joint_pos   |          19 |
+--------+-------------+-------------+

[INFO] Observation Manager: <ObservationManager> contains 1 groups.
+----------------------------------------------------------+
| Active Observation Terms in Group: 'policy' (shape: (256,)) |
+-----------+--------------------------------+-------------+
|   Index   | Name                           |    Shape    |
+-----------+--------------------------------+-------------+
|     0     | base_lin_vel                   |     (3,)    |
|     1     | base_ang_vel                   |     (3,)    |
|     2     | projected_gravity              |     (3,)    |
|     3     | velocity_commands              |     (3,)    |
|     4     | joint_pos                      |    (19,)    |
|     5     | joint_vel                      |    (19,)    |
|     6     | actions                        |    (19,)    |
|     7     | height_scan                    |    (187,)   |
+-----------+--------------------------------+-------------+

[INFO] Termination Manager:  <TerminationManager> contains 2 active terms.
+---------------------------------+
|     Active Termination Terms    |
+-------+--------------+----------+
| Index | Name         | Time Out |
+-------+--------------+----------+
|   0   | time_out     |   True   |
|   1   | base_contact |  False   |
+-------+--------------+----------+

[INFO] Reward Manager:  <RewardManager> contains 14 active terms.
+-------------------------------------------+
|            Active Reward Terms            |
+-------+-----------------------+-----------+
| Index | Name                  |    Weight |
+-------+-----------------------+-----------+
|   0   | track_lin_vel_xy_exp  |       1.0 |
|   1   | track_ang_vel_z_exp   |       1.0 |
|   2   | ang_vel_xy_l2         |     -0.05 |
|   3   | dof_torques_l2        |       0.0 |
|   4   | dof_acc_l2            | -1.25e-07 |
|   5   | action_rate_l2        |   -0.0005 |
|   6   | feet_air_time         |       0.2 |
|   7   | flat_orientation_l2   |      -1.5 |
|   8   | dof_pos_limits        |      -1.0 |
|   9   | termination_penalty   |     -50.0 |
|   10  | feet_slide            |     -0.25 |
|   11  | joint_deviation_hip   |      -0.2 |
|   12  | joint_deviation_arms  |      -0.2 |
|   13  | joint_deviation_torso |      -0.1 |
+-------+-----------------------+-----------+

[INFO] Curriculum Manager:  <CurriculumManager> contains 0 active terms.
+----------------------+
| Active Curriculum Terms |
+-----------+----------+
|   Index   | Name     |
+-----------+----------+
+-----------+----------+

[INFO]: Completed setting up the environment...
[INFO] Recording videos during training.
        video_folder: /workspace/training/humanoid/exported/videos/play
        step_trigger: lambda step: step == 0
        video_length: 1000
        disable_logger: True
[INFO]: Loading model checkpoint from: /workspace/training/humanoid/exported/model_best.pt
--------------------------------------------------------------------------------
Resolved observation sets: 
	 actor :  ['policy']
	 critic :  ['policy']
--------------------------------------------------------------------------------
Actor Model: MLPModel(
  (obs_normalizer): Identity()
  (distribution): GaussianDistribution()
  (mlp): MLP(
    (0): Linear(in_features=256, out_features=512, bias=True)
    (1): ELU(alpha=1.0)
    (2): Linear(in_features=512, out_features=256, bias=True)
    (3): ELU(alpha=1.0)
    (4): Linear(in_features=256, out_features=128, bias=True)
    (5): ELU(alpha=1.0)
    (6): Linear(in_features=128, out_features=19, bias=True)
  )
)
Critic Model: MLPModel(
  (obs_normalizer): Identity()
  (mlp): MLP(
    (0): Linear(in_features=256, out_features=512, bias=True)
    (1): ELU(alpha=1.0)
    (2): Linear(in_features=512, out_features=256, bias=True)
    (3): ELU(alpha=1.0)
    (4): Linear(in_features=256, out_features=128, bias=True)
    (5): ELU(alpha=1.0)
    (6): Linear(in_features=128, out_features=1, bias=True)
  )
)
2026-08-31T03:44:57Z [1,125ms] [Warning] [omni.log] Source: omni.hydra was already registered.
2026-08-31T03:44:57Z [1,306ms] [Warning] [carb] Acquiring non optional plugin interface which is not listed as dependency: [omni::physx::IPhysxBenchmarks v1.0] (plugin: <default plugin>), by client: omni.physics.physx.plugin. Add it to CARB_PLUGIN_IMPL_DEPS() macro of a client.
2026-08-31T03:44:57Z [1,309ms] [Warning] [omni.isaac.dynamic_control] omni.isaac.dynamic_control is deprecated as of Isaac Sim 4.5. No action is needed from end-users.
2026-08-31T03:44:58Z [2,485ms] [Warning] [pxr.Semantics] pxr.Semantics is deprecated - please use Semantics instead
2026-08-31T03:44:58Z [2,545ms] [Warning] [omni.graph.core.plugin] Found duplicate of category 'Replicator' - was 'Annotators', adding 'Fabric Reader'
2026-08-31T03:44:58Z [2,545ms] [Warning] [omni.graph.core.plugin] Category 'Replicator' not accepted on node type 'omni.replicator.core.FabricReader' in extension 'omni.replicator.core'
2026-08-31T03:44:58Z [2,545ms] [Warning] [omni.replicator.core.scripts.extension] No material configuration file, adding configuration to material settings directly.
2026-08-31T03:44:59Z [3,283ms] [Warning] [omni.kvdb.plugin] Disabling key-value database because another kit process is locking it
2026-08-31T03:45:00Z [4,668ms] [Warning] [omni.fabric.plugin] Warning: attribute viewportHandle not found for bucket id 7

2026-08-31T03:45:05Z [9,449ms] [Warning] [omni.physx.fabric.plugin] FabricManager::initializePointInstancer mismatched prototypes on point instancer: /Visuals/Command/velocity_current.
2026-08-31T03:45:05Z [9,449ms] [Warning] [omni.physx.fabric.plugin] FabricManager::initializePointInstancer mismatched prototypes on point instancer: /Visuals/Command/velocity_goal.
2026-08-31T03:45:06Z [10,431ms] [Warning] [omni.physx.fabric.plugin] FabricManager::initializePointInstancer mismatched prototypes on point instancer: /Visuals/Command/velocity_current.
2026-08-31T03:45:06Z [10,431ms] [Warning] [omni.physx.fabric.plugin] FabricManager::initializePointInstancer mismatched prototypes on point instancer: /Visuals/Command/velocity_goal.
2026-08-31T03:45:06Z [10,482ms] [Warning] [omni.syntheticdata.plugin] OgnSdPostRenderVarToHost : rendervar copy from texture directly to host buffer is counter-performant. Please use copy from texture to device buffer first.
2026-08-31T03:45:08Z [12,184ms] [Warning] [carb] Client gpu.foundation.plugin has acquired [gpu::unstable::IMemoryBudgetManagerFactory v0.1] 100 times. Consider accessing this interface with carb::getCachedInterface() (Performance warning)
===== H7_push vx=0.00 vy=0.00 wz=0.00 push=0.5 terrain=plane =====
COMMAND: /workspace/IsaacLab/isaaclab.sh -p play.py --task Humanoid-v0 --num_envs 4 --headless --video --video_length 1000 --enable_cameras agent.seed=42 env.commands.base_velocity.heading_command=false env.commands.base_velocity.rel_standing_envs=0.0 env.commands.base_velocity.resampling_time_range=\[1000.0\,1000.0\] env.commands.base_velocity.ranges.lin_vel_x=\[0.00\,0.00\] env.commands.base_velocity.ranges.lin_vel_y=\[0.00\,0.00\] env.commands.base_velocity.ranges.ang_vel_z=\[0.00\,0.00\] env.scene.terrain.terrain_type=plane env.curriculum.terrain_levels=null --push 0.5 
[3gH    H    H    H    H    H    H    H    H    H    H    H    H    H    H    H    H    H    H    H    H    H    H    H    H    H    H    H    H    H    H    H    H    H    H    H    H    H    H    H   [INFO] Using python from: /workspace/IsaacLab/_isaac_sim/python.sh
Loading user config located at: '/isaac-sim/kit/data/Kit/Isaac-Sim/5.1/user.config.json'
[Info] [carb] Logging to file: /isaac-sim/kit/logs/Kit/Isaac-Sim/5.1/kit_20260831_124555.log
2026-08-31T03:45:56Z [177ms] [Warning] [carb.windowing-glfw.plugin] GLFW initialization failed.
2026-08-31T03:45:56Z [177ms] [Warning] [carb] Failed to startup plugin carb.windowing-glfw.plugin (interfaces: [carb::windowing::IGLContext v1.0],[carb::windowing::IWindowing v1.5]) (impl: carb.windowing-glfw.plugin)
2026-08-31T03:45:56Z [189ms] [Warning] [omni.platforminfo.plugin] failed to open the default display.  Can't verify X Server version.

|---------------------------------------------------------------------------------------------|
| Driver Version: 580.126.09    | Graphics API: Vulkan
|=============================================================================================|
| GPU | Name                             | Active | LDA | GPU Memory | Vendor-ID | LUID       |
|     |                                  |        |     |            | Device-ID | UUID       |
|     |                                  |        |     |            | Bus-ID    |            |
|---------------------------------------------------------------------------------------------|
| 0   | NVIDIA GeForce RTX 5080          | Yes: 0 |     | 16303   MB | 10de      | 0          |
|     |                                  |        |     |            | 2c02      | f590048b.. |
|     |                                  |        |     |            | 1         |            |
|=============================================================================================|
| OS: 24.04.2 LTS (Noble Numbat) ubuntu, Version: 24.04.2, Kernel: 6.8.0-136-generic
| Processor: Intel(R) Core(TM) Ultra 5 250KF Plus
| Cores: 18 | Logical Cores: 18
|---------------------------------------------------------------------------------------------|
| Total Memory (MB): 64006 | Free Memory: 54740
| Total Page/Swap (MB): 8191 | Free Page/Swap: 0
|---------------------------------------------------------------------------------------------|
2026-08-31T03:45:56Z [634ms] [Warning] [gpu.foundation.plugin] CPU performance profile is set to powersave. This profile sets the CPU to the lowest frequency reducing performance.
2026-08-31T03:45:56Z [645ms] [Warning] [gpu.foundation.plugin] IOMMU is enabled.
2026-08-31T03:45:56Z [982ms] [Warning] [carb.windowing-glfw.plugin] GLFW initialization failed.
2026-08-31T03:45:56Z [982ms] [Warning] [carb] Failed to startup plugin carb.windowing-glfw.plugin (interfaces: [carb::windowing::IGLContext v1.0],[carb::windowing::IWindowing v1.5]) (impl: carb.windowing-glfw.plugin)
2026-08-31T03:45:56Z [995ms] [Warning] [carb.windowing-glfw.plugin] GLFW initialization failed.
2026-08-31T03:45:56Z [995ms] [Warning] [carb] Failed to startup plugin carb.windowing-glfw.plugin (interfaces: [carb::windowing::IGLContext v1.0],[carb::windowing::IWindowing v1.5]) (impl: carb.windowing-glfw.plugin)
2026-08-31T03:45:57Z [1,001ms] [Warning] [carb.windowing-glfw.plugin] GLFW initialization failed.
2026-08-31T03:45:57Z [1,001ms] [Warning] [carb] Failed to startup plugin carb.windowing-glfw.plugin (interfaces: [carb::windowing::IGLContext v1.0],[carb::windowing::IWindowing v1.5]) (impl: carb.windowing-glfw.plugin)
2026-08-31T03:45:57Z [1,004ms] [Warning] [carb.windowing-glfw.plugin] GLFW initialization failed.
2026-08-31T03:45:57Z [1,004ms] [Warning] [carb] Failed to startup plugin carb.windowing-glfw.plugin (interfaces: [carb::windowing::IGLContext v1.0],[carb::windowing::IWindowing v1.5]) (impl: carb.windowing-glfw.plugin)
2026-08-31T03:45:57Z [1,005ms] [Warning] [carb.windowing-glfw.plugin] GLFW initialization failed.
2026-08-31T03:45:57Z [1,005ms] [Warning] [carb] Failed to startup plugin carb.windowing-glfw.plugin (interfaces: [carb::windowing::IGLContext v1.0],[carb::windowing::IWindowing v1.5]) (impl: carb.windowing-glfw.plugin)
2026-08-31T03:45:57Z [1,006ms] [Warning] [carb.windowing-glfw.plugin] GLFW initialization failed.
2026-08-31T03:45:57Z [1,006ms] [Warning] [carb] Failed to startup plugin carb.windowing-glfw.plugin (interfaces: [carb::windowing::IGLContext v1.0],[carb::windowing::IWindowing v1.5]) (impl: carb.windowing-glfw.plugin)
[INFO][AppLauncher]: Using device: cuda:0
[INFO][AppLauncher]: Loading experience file: /workspace/IsaacLab/apps/isaaclab.python.headless.rendering.kit
[INFO]: Parsing configuration from: h1_task.env_cfg:HumanoidRoughEnvCfg
[Humanoid:student] 9 reward 항목 로드
  [OK] track_lin_vel_xy_exp.weight = 1.0
  [OK] track_ang_vel_z_exp.weight = 1.0
  [OK] feet_air_time.weight = 0.2
  [OK] termination_penalty.weight = -50.0
  [OK] flat_orientation_l2.weight = -1.5
  [OK] ang_vel_xy_l2.weight = -0.05
  [OK] joint_deviation_hip.weight = -0.2
  [OK] joint_deviation_torso.weight = -0.1
  [OK] action_rate_l2.weight = -0.0005
[Humanoid:student] sub_terrains keys = ['pyramid_stairs', 'pyramid_stairs_inv', 'boxes', 'random_rough', 'hf_pyramid_slope', 'hf_pyramid_slope_inv']
[Humanoid:student] 박스류 override: ['boxes.grid_height']
[Humanoid:student] 계단 width override: ['pyramid_stairs.step_width=0.30', 'pyramid_stairs_inv.step_width=0.30']
[Humanoid:student] proportion: ['boxes: 0.20→0.30', 'random_rough: 0.20→0.10', 'pyramid_stairs: 0.20→0.15', 'pyramid_stairs_inv: 0.20→0.15']
[Humanoid] 밀침 테스트 켜짐 — 4초마다 ±0.5 m/s (play 전용)
[INFO]: Parsing configuration from: h1_task.agent_cfg:HumanoidPPORunnerCfg
/workspace/IsaacLab/_isaac_sim/kit/python/lib/python3.11/site-packages/gymnasium/envs/registration.py:512: DeprecationWarning: [33mWARN: The environment Humanoid-v0 is out of date. You should consider upgrading to version `v5`.[0m
  logger.deprecation(
[WARNING]: The `policy` configuration is deprecated for rsl-rl >= 4.0.0. Please use, e.g., `actor` and `critic` model configurations instead.
[WARNING]: The `empirical_normalization` parameter is deprecated. Please set `actor_obs_normalization` and `critic_obs_normalization` as part of the `policy` configuration instead.
[WARNING]: The `policy` configuration is used to infer the `actor` model configuration.
[WARNING]: The `policy` configuration is used to infer the `critic` model configuration.
[WARNING]: The `distribution_cfg` configuration is now used to specify the output distribution for stochastic policies. Consider updating the configuration to use `distribution_cfg` instead of `stochastic`, `init_noise_std`, `noise_std_type`, and `state_dependent_std` parameters.
[INFO] Loading experiment from directory: /workspace/training/humanoid/logs/rsl_rl/humanoid

[36m======================================================================================[0m
[36m[1m[INFO][IsaacLab]: Logging to file: /tmp/isaaclab/logs/isaaclab_2026-08-31_12-46-02.log[0m
[36m======================================================================================[0m

[33m12:46:02 [simulation_context.py] WARNING: The `enable_external_forces_every_iteration` parameter in the PhysxCfg is set to False. If you are experiencing noisy velocities, consider enabling this flag. You may need to slightly increase the number of velocity iterations (setting it to 1 or 2 rather than 0), together with this flag, to improve the accuracy of velocity updates.[0m
[INFO]: Base environment:
	Environment device    : cuda:0
	Environment seed      : 42
	Physics step-size     : 0.005
	Rendering step-size   : 0.02
	Environment step-size : 0.02
[33m12:46:03 [terrain_importer.py] WARNING: Visual material specified for ground plane but no diffuse color found. Using default color: (0.0, 0.0, 0.0)[0m
[INFO]: Time taken for scene creation : 1.111916 seconds
[INFO]: Scene manager:  <class InteractiveScene>
	Number of environments: 4
	Environment spacing   : 2.5
	Source prim name      : /World/envs/env_0
	Global prim paths     : ['/World/ground']
	Replicate physics     : True
[INFO]: Starting the simulation. This may take a few seconds. Please wait...
[INFO]: Time taken for simulation start : 1.040041 seconds
[33m12:46:04 [velocity_command.py] WARNING: The velocity command has the 'ranges.heading' attribute set to '(-3.141592653589793, 3.141592653589793)' but the heading command is not active. Consider setting the flag for the heading command to True.[0m
/workspace/IsaacLab/_isaac_sim/kit/python/lib/python3.11/site-packages/rsl_rl/utils/utils.py:220: UserWarning: The observation configuration dictionary 'obs_groups' is empty and thus likely not configured. Consider configuring the 'obs_groups' dictionary explicitly
  warnings.warn(
/workspace/IsaacLab/_isaac_sim/kit/python/lib/python3.11/site-packages/rsl_rl/utils/utils.py:251: UserWarning: The observation configuration dictionary 'obs_groups' does not contain the 'actor' key. As an observation group with the name 'policy' was found, this is assumed to be the appropriate observation. Consider adding the 'actor' key to the 'obs_groups' dictionary for clarity. This behavior will be removed in a future version.
  warnings.warn(
/workspace/IsaacLab/_isaac_sim/kit/python/lib/python3.11/site-packages/rsl_rl/utils/utils.py:251: UserWarning: The observation configuration dictionary 'obs_groups' does not contain the 'critic' key. As an observation group with the name 'policy' was found, this is assumed to be the appropriate observation. Consider adding the 'critic' key to the 'obs_groups' dictionary for clarity. This behavior will be removed in a future version.
  warnings.warn(
[INFO] Command Manager:  <CommandManager> contains 1 active terms.
+------------------------------------------------+
|              Active Command Terms              |
+-------+---------------+------------------------+
| Index | Name          |          Type          |
+-------+---------------+------------------------+
|   0   | base_velocity | UniformVelocityCommand |
+-------+---------------+------------------------+

[INFO] Event Manager:  <EventManager> contains 3 active terms.
+--------------------------------------+
| Active Event Terms in Mode: 'startup' |
+----------+---------------------------+
|  Index   | Name                      |
+----------+---------------------------+
|    0     | physics_material          |
+----------+---------------------------+
+---------------------------------------+
|  Active Event Terms in Mode: 'reset'  |
+--------+------------------------------+
| Index  | Name                         |
+--------+------------------------------+
|   0    | base_external_force_torque   |
|   1    | reset_base                   |
|   2    | reset_robot_joints           |
+--------+------------------------------+
+----------------------------------------------+
|    Active Event Terms in Mode: 'interval'    |
+-------+------------+-------------------------+
| Index | Name       | Interval time range (s) |
+-------+------------+-------------------------+
|   0   | push_robot |        (4.0, 4.0)       |
+-------+------------+-------------------------+

[INFO] Recorder Manager:  <RecorderManager> contains 0 active terms.
+---------------------+
| Active Recorder Terms |
+-----------+---------+
|   Index   | Name    |
+-----------+---------+
+-----------+---------+

[INFO] Action Manager:  <ActionManager> contains 1 active terms.
+------------------------------------+
|  Active Action Terms (shape: 19)   |
+--------+-------------+-------------+
| Index  | Name        |   Dimension |
+--------+-------------+-------------+
|   0    | joint_pos   |          19 |
+--------+-------------+-------------+

[INFO] Observation Manager: <ObservationManager> contains 1 groups.
+----------------------------------------------------------+
| Active Observation Terms in Group: 'policy' (shape: (256,)) |
+-----------+--------------------------------+-------------+
|   Index   | Name                           |    Shape    |
+-----------+--------------------------------+-------------+
|     0     | base_lin_vel                   |     (3,)    |
|     1     | base_ang_vel                   |     (3,)    |
|     2     | projected_gravity              |     (3,)    |
|     3     | velocity_commands              |     (3,)    |
|     4     | joint_pos                      |    (19,)    |
|     5     | joint_vel                      |    (19,)    |
|     6     | actions                        |    (19,)    |
|     7     | height_scan                    |    (187,)   |
+-----------+--------------------------------+-------------+

[INFO] Termination Manager:  <TerminationManager> contains 2 active terms.
+---------------------------------+
|     Active Termination Terms    |
+-------+--------------+----------+
| Index | Name         | Time Out |
+-------+--------------+----------+
|   0   | time_out     |   True   |
|   1   | base_contact |  False   |
+-------+--------------+----------+

[INFO] Reward Manager:  <RewardManager> contains 14 active terms.
+-------------------------------------------+
|            Active Reward Terms            |
+-------+-----------------------+-----------+
| Index | Name                  |    Weight |
+-------+-----------------------+-----------+
|   0   | track_lin_vel_xy_exp  |       1.0 |
|   1   | track_ang_vel_z_exp   |       1.0 |
|   2   | ang_vel_xy_l2         |     -0.05 |
|   3   | dof_torques_l2        |       0.0 |
|   4   | dof_acc_l2            | -1.25e-07 |
|   5   | action_rate_l2        |   -0.0005 |
|   6   | feet_air_time         |       0.2 |
|   7   | flat_orientation_l2   |      -1.5 |
|   8   | dof_pos_limits        |      -1.0 |
|   9   | termination_penalty   |     -50.0 |
|   10  | feet_slide            |     -0.25 |
|   11  | joint_deviation_hip   |      -0.2 |
|   12  | joint_deviation_arms  |      -0.2 |
|   13  | joint_deviation_torso |      -0.1 |
+-------+-----------------------+-----------+

[INFO] Curriculum Manager:  <CurriculumManager> contains 0 active terms.
+----------------------+
| Active Curriculum Terms |
+-----------+----------+
|   Index   | Name     |
+-----------+----------+
+-----------+----------+

[INFO]: Completed setting up the environment...
[INFO] Recording videos during training.
        video_folder: /workspace/training/humanoid/exported/videos/play
        step_trigger: lambda step: step == 0
        video_length: 1000
        disable_logger: True
[INFO]: Loading model checkpoint from: /workspace/training/humanoid/exported/model_best.pt
--------------------------------------------------------------------------------
Resolved observation sets: 
	 actor :  ['policy']
	 critic :  ['policy']
--------------------------------------------------------------------------------
Actor Model: MLPModel(
  (obs_normalizer): Identity()
  (distribution): GaussianDistribution()
  (mlp): MLP(
    (0): Linear(in_features=256, out_features=512, bias=True)
    (1): ELU(alpha=1.0)
    (2): Linear(in_features=512, out_features=256, bias=True)
    (3): ELU(alpha=1.0)
    (4): Linear(in_features=256, out_features=128, bias=True)
    (5): ELU(alpha=1.0)
    (6): Linear(in_features=128, out_features=19, bias=True)
  )
)
Critic Model: MLPModel(
  (obs_normalizer): Identity()
  (mlp): MLP(
    (0): Linear(in_features=256, out_features=512, bias=True)
    (1): ELU(alpha=1.0)
    (2): Linear(in_features=512, out_features=256, bias=True)
    (3): ELU(alpha=1.0)
    (4): Linear(in_features=256, out_features=128, bias=True)
    (5): ELU(alpha=1.0)
    (6): Linear(in_features=128, out_features=1, bias=True)
  )
)
2026-08-31T03:45:57Z [1,118ms] [Warning] [omni.log] Source: omni.hydra was already registered.
2026-08-31T03:45:57Z [1,298ms] [Warning] [carb] Acquiring non optional plugin interface which is not listed as dependency: [omni::physx::IPhysxBenchmarks v1.0] (plugin: <default plugin>), by client: omni.physics.physx.plugin. Add it to CARB_PLUGIN_IMPL_DEPS() macro of a client.
2026-08-31T03:45:57Z [1,301ms] [Warning] [omni.isaac.dynamic_control] omni.isaac.dynamic_control is deprecated as of Isaac Sim 4.5. No action is needed from end-users.
2026-08-31T03:45:58Z [2,471ms] [Warning] [pxr.Semantics] pxr.Semantics is deprecated - please use Semantics instead
2026-08-31T03:45:58Z [2,533ms] [Warning] [omni.graph.core.plugin] Found duplicate of category 'Replicator' - was 'Annotators', adding 'Fabric Reader'
2026-08-31T03:45:58Z [2,533ms] [Warning] [omni.graph.core.plugin] Category 'Replicator' not accepted on node type 'omni.replicator.core.FabricReader' in extension 'omni.replicator.core'
2026-08-31T03:45:58Z [2,533ms] [Warning] [omni.replicator.core.scripts.extension] No material configuration file, adding configuration to material settings directly.
2026-08-31T03:45:59Z [3,268ms] [Warning] [omni.kvdb.plugin] Disabling key-value database because another kit process is locking it
2026-08-31T03:46:00Z [4,639ms] [Warning] [omni.fabric.plugin] Warning: attribute viewPickingId not found for bucket id 7

2026-08-31T03:46:05Z [9,247ms] [Warning] [omni.physx.fabric.plugin] FabricManager::initializePointInstancer mismatched prototypes on point instancer: /Visuals/Command/velocity_goal.
2026-08-31T03:46:05Z [9,248ms] [Warning] [omni.physx.fabric.plugin] FabricManager::initializePointInstancer mismatched prototypes on point instancer: /Visuals/Command/velocity_current.
2026-08-31T03:46:06Z [10,240ms] [Warning] [omni.physx.fabric.plugin] FabricManager::initializePointInstancer mismatched prototypes on point instancer: /Visuals/Command/velocity_current.
2026-08-31T03:46:06Z [10,240ms] [Warning] [omni.physx.fabric.plugin] FabricManager::initializePointInstancer mismatched prototypes on point instancer: /Visuals/Command/velocity_goal.
2026-08-31T03:46:06Z [10,290ms] [Warning] [omni.syntheticdata.plugin] OgnSdPostRenderVarToHost : rendervar copy from texture directly to host buffer is counter-performant. Please use copy from texture to device buffer first.
2026-08-31T03:46:08Z [12,010ms] [Warning] [carb] Client gpu.foundation.plugin has acquired [gpu::unstable::IMemoryBudgetManagerFactory v0.1] 100 times. Consider accessing this interface with carb::getCachedInterface() (Performance warning)
8f27f4e79c62947b1e00d572f22dd63da4a6e6bb11eb663403647f269c33bcf2  /workspace/_keep/train_260831-06_run05cfg_10000_VIDEOS_CORE.tar.gz
[PACKAGE] /workspace/_keep/train_260831-06_run05cfg_10000_VIDEOS_CORE.tar.gz
===== H3_left vx=0.00 vy=0.30 wz=0.00 push=0 terrain=plane =====
COMMAND: /workspace/IsaacLab/isaaclab.sh -p play.py --task Humanoid-v0 --num_envs 4 --headless --video --video_length 1000 --enable_cameras agent.seed=42 env.commands.base_velocity.heading_command=false env.commands.base_velocity.rel_standing_envs=0.0 env.commands.base_velocity.resampling_time_range=\[1000.0\,1000.0\] env.commands.base_velocity.ranges.lin_vel_x=\[0.00\,0.00\] env.commands.base_velocity.ranges.lin_vel_y=\[0.30\,0.30\] env.commands.base_velocity.ranges.ang_vel_z=\[0.00\,0.00\] env.scene.terrain.terrain_type=plane env.curriculum.terrain_levels=null 
[3gH    H    H    H    H    H    H    H    H    H    H    H    H    H    H    H    H    H    H    H    H    H    H    H    H    H    H    H    H    H    H    H    H    H    H    H    H    H    H    H   [INFO] Using python from: /workspace/IsaacLab/_isaac_sim/python.sh
Loading user config located at: '/isaac-sim/kit/data/Kit/Isaac-Sim/5.1/user.config.json'
[Info] [carb] Logging to file: /isaac-sim/kit/logs/Kit/Isaac-Sim/5.1/kit_20260831_124656.log
2026-08-31T03:46:56Z [177ms] [Warning] [carb.windowing-glfw.plugin] GLFW initialization failed.
2026-08-31T03:46:56Z [178ms] [Warning] [carb] Failed to startup plugin carb.windowing-glfw.plugin (interfaces: [carb::windowing::IGLContext v1.0],[carb::windowing::IWindowing v1.5]) (impl: carb.windowing-glfw.plugin)
2026-08-31T03:46:56Z [186ms] [Warning] [omni.platforminfo.plugin] failed to open the default display.  Can't verify X Server version.

|---------------------------------------------------------------------------------------------|
| Driver Version: 580.126.09    | Graphics API: Vulkan
|=============================================================================================|
| GPU | Name                             | Active | LDA | GPU Memory | Vendor-ID | LUID       |
|     |                                  |        |     |            | Device-ID | UUID       |
|     |                                  |        |     |            | Bus-ID    |            |
|---------------------------------------------------------------------------------------------|
| 0   | NVIDIA GeForce RTX 5080          | Yes: 0 |     | 16303   MB | 10de      | 0          |
|     |                                  |        |     |            | 2c02      | f590048b.. |
|     |                                  |        |     |            | 1         |            |
|=============================================================================================|
| OS: 24.04.2 LTS (Noble Numbat) ubuntu, Version: 24.04.2, Kernel: 6.8.0-136-generic
| Processor: Intel(R) Core(TM) Ultra 5 250KF Plus
| Cores: 18 | Logical Cores: 18
|---------------------------------------------------------------------------------------------|
| Total Memory (MB): 64006 | Free Memory: 54907
| Total Page/Swap (MB): 8191 | Free Page/Swap: 0
|---------------------------------------------------------------------------------------------|
2026-08-31T03:46:57Z [642ms] [Warning] [gpu.foundation.plugin] CPU performance profile is set to powersave. This profile sets the CPU to the lowest frequency reducing performance.
2026-08-31T03:46:57Z [655ms] [Warning] [gpu.foundation.plugin] IOMMU is enabled.
2026-08-31T03:46:57Z [987ms] [Warning] [carb.windowing-glfw.plugin] GLFW initialization failed.
2026-08-31T03:46:57Z [987ms] [Warning] [carb] Failed to startup plugin carb.windowing-glfw.plugin (interfaces: [carb::windowing::IGLContext v1.0],[carb::windowing::IWindowing v1.5]) (impl: carb.windowing-glfw.plugin)
2026-08-31T03:46:57Z [1,000ms] [Warning] [carb.windowing-glfw.plugin] GLFW initialization failed.
2026-08-31T03:46:57Z [1,000ms] [Warning] [carb] Failed to startup plugin carb.windowing-glfw.plugin (interfaces: [carb::windowing::IGLContext v1.0],[carb::windowing::IWindowing v1.5]) (impl: carb.windowing-glfw.plugin)
2026-08-31T03:46:57Z [1,007ms] [Warning] [carb.windowing-glfw.plugin] GLFW initialization failed.
2026-08-31T03:46:57Z [1,007ms] [Warning] [carb] Failed to startup plugin carb.windowing-glfw.plugin (interfaces: [carb::windowing::IGLContext v1.0],[carb::windowing::IWindowing v1.5]) (impl: carb.windowing-glfw.plugin)
2026-08-31T03:46:57Z [1,011ms] [Warning] [carb.windowing-glfw.plugin] GLFW initialization failed.
2026-08-31T03:46:57Z [1,011ms] [Warning] [carb] Failed to startup plugin carb.windowing-glfw.plugin (interfaces: [carb::windowing::IGLContext v1.0],[carb::windowing::IWindowing v1.5]) (impl: carb.windowing-glfw.plugin)
2026-08-31T03:46:57Z [1,012ms] [Warning] [carb.windowing-glfw.plugin] GLFW initialization failed.
2026-08-31T03:46:57Z [1,012ms] [Warning] [carb] Failed to startup plugin carb.windowing-glfw.plugin (interfaces: [carb::windowing::IGLContext v1.0],[carb::windowing::IWindowing v1.5]) (impl: carb.windowing-glfw.plugin)
2026-08-31T03:46:57Z [1,012ms] [Warning] [carb.windowing-glfw.plugin] GLFW initialization failed.
2026-08-31T03:46:57Z [1,012ms] [Warning] [carb] Failed to startup plugin carb.windowing-glfw.plugin (interfaces: [carb::windowing::IGLContext v1.0],[carb::windowing::IWindowing v1.5]) (impl: carb.windowing-glfw.plugin)
[INFO][AppLauncher]: Using device: cuda:0
[INFO][AppLauncher]: Loading experience file: /workspace/IsaacLab/apps/isaaclab.python.headless.rendering.kit
[INFO]: Parsing configuration from: h1_task.env_cfg:HumanoidRoughEnvCfg
[Humanoid:student] 9 reward 항목 로드
  [OK] track_lin_vel_xy_exp.weight = 1.0
  [OK] track_ang_vel_z_exp.weight = 1.0
  [OK] feet_air_time.weight = 0.2
  [OK] termination_penalty.weight = -50.0
  [OK] flat_orientation_l2.weight = -1.5
  [OK] ang_vel_xy_l2.weight = -0.05
  [OK] joint_deviation_hip.weight = -0.2
  [OK] joint_deviation_torso.weight = -0.1
  [OK] action_rate_l2.weight = -0.0005
[Humanoid:student] sub_terrains keys = ['pyramid_stairs', 'pyramid_stairs_inv', 'boxes', 'random_rough', 'hf_pyramid_slope', 'hf_pyramid_slope_inv']
[Humanoid:student] 박스류 override: ['boxes.grid_height']
[Humanoid:student] 계단 width override: ['pyramid_stairs.step_width=0.30', 'pyramid_stairs_inv.step_width=0.30']
[Humanoid:student] proportion: ['boxes: 0.20→0.30', 'random_rough: 0.20→0.10', 'pyramid_stairs: 0.20→0.15', 'pyramid_stairs_inv: 0.20→0.15']
[INFO]: Parsing configuration from: h1_task.agent_cfg:HumanoidPPORunnerCfg
/workspace/IsaacLab/_isaac_sim/kit/python/lib/python3.11/site-packages/gymnasium/envs/registration.py:512: DeprecationWarning: [33mWARN: The environment Humanoid-v0 is out of date. You should consider upgrading to version `v5`.[0m
  logger.deprecation(
[WARNING]: The `policy` configuration is deprecated for rsl-rl >= 4.0.0. Please use, e.g., `actor` and `critic` model configurations instead.
[WARNING]: The `empirical_normalization` parameter is deprecated. Please set `actor_obs_normalization` and `critic_obs_normalization` as part of the `policy` configuration instead.
[WARNING]: The `policy` configuration is used to infer the `actor` model configuration.
[WARNING]: The `policy` configuration is used to infer the `critic` model configuration.
[WARNING]: The `distribution_cfg` configuration is now used to specify the output distribution for stochastic policies. Consider updating the configuration to use `distribution_cfg` instead of `stochastic`, `init_noise_std`, `noise_std_type`, and `state_dependent_std` parameters.
[INFO] Loading experiment from directory: /workspace/training/humanoid/logs/rsl_rl/humanoid

[36m======================================================================================[0m
[36m[1m[INFO][IsaacLab]: Logging to file: /tmp/isaaclab/logs/isaaclab_2026-08-31_12-47-03.log[0m
[36m======================================================================================[0m

[33m12:47:03 [simulation_context.py] WARNING: The `enable_external_forces_every_iteration` parameter in the PhysxCfg is set to False. If you are experiencing noisy velocities, consider enabling this flag. You may need to slightly increase the number of velocity iterations (setting it to 1 or 2 rather than 0), together with this flag, to improve the accuracy of velocity updates.[0m
[INFO]: Base environment:
	Environment device    : cuda:0
	Environment seed      : 42
	Physics step-size     : 0.005
	Rendering step-size   : 0.02
	Environment step-size : 0.02
[33m12:47:03 [terrain_importer.py] WARNING: Visual material specified for ground plane but no diffuse color found. Using default color: (0.0, 0.0, 0.0)[0m
[INFO]: Time taken for scene creation : 1.117648 seconds
[INFO]: Scene manager:  <class InteractiveScene>
	Number of environments: 4
	Environment spacing   : 2.5
	Source prim name      : /World/envs/env_0
	Global prim paths     : ['/World/ground']
	Replicate physics     : True
[INFO]: Starting the simulation. This may take a few seconds. Please wait...
[INFO]: Time taken for simulation start : 1.061471 seconds
[33m12:47:05 [velocity_command.py] WARNING: The velocity command has the 'ranges.heading' attribute set to '(-3.141592653589793, 3.141592653589793)' but the heading command is not active. Consider setting the flag for the heading command to True.[0m
/workspace/IsaacLab/_isaac_sim/kit/python/lib/python3.11/site-packages/rsl_rl/utils/utils.py:220: UserWarning: The observation configuration dictionary 'obs_groups' is empty and thus likely not configured. Consider configuring the 'obs_groups' dictionary explicitly
  warnings.warn(
/workspace/IsaacLab/_isaac_sim/kit/python/lib/python3.11/site-packages/rsl_rl/utils/utils.py:251: UserWarning: The observation configuration dictionary 'obs_groups' does not contain the 'actor' key. As an observation group with the name 'policy' was found, this is assumed to be the appropriate observation. Consider adding the 'actor' key to the 'obs_groups' dictionary for clarity. This behavior will be removed in a future version.
  warnings.warn(
/workspace/IsaacLab/_isaac_sim/kit/python/lib/python3.11/site-packages/rsl_rl/utils/utils.py:251: UserWarning: The observation configuration dictionary 'obs_groups' does not contain the 'critic' key. As an observation group with the name 'policy' was found, this is assumed to be the appropriate observation. Consider adding the 'critic' key to the 'obs_groups' dictionary for clarity. This behavior will be removed in a future version.
  warnings.warn(
[INFO] Command Manager:  <CommandManager> contains 1 active terms.
+------------------------------------------------+
|              Active Command Terms              |
+-------+---------------+------------------------+
| Index | Name          |          Type          |
+-------+---------------+------------------------+
|   0   | base_velocity | UniformVelocityCommand |
+-------+---------------+------------------------+

[INFO] Event Manager:  <EventManager> contains 2 active terms.
+--------------------------------------+
| Active Event Terms in Mode: 'startup' |
+----------+---------------------------+
|  Index   | Name                      |
+----------+---------------------------+
|    0     | physics_material          |
+----------+---------------------------+
+---------------------------------------+
|  Active Event Terms in Mode: 'reset'  |
+--------+------------------------------+
| Index  | Name                         |
+--------+------------------------------+
|   0    | base_external_force_torque   |
|   1    | reset_base                   |
|   2    | reset_robot_joints           |
+--------+------------------------------+

[INFO] Recorder Manager:  <RecorderManager> contains 0 active terms.
+---------------------+
| Active Recorder Terms |
+-----------+---------+
|   Index   | Name    |
+-----------+---------+
+-----------+---------+

[INFO] Action Manager:  <ActionManager> contains 1 active terms.
+------------------------------------+
|  Active Action Terms (shape: 19)   |
+--------+-------------+-------------+
| Index  | Name        |   Dimension |
+--------+-------------+-------------+
|   0    | joint_pos   |          19 |
+--------+-------------+-------------+

[INFO] Observation Manager: <ObservationManager> contains 1 groups.
+----------------------------------------------------------+
| Active Observation Terms in Group: 'policy' (shape: (256,)) |
+-----------+--------------------------------+-------------+
|   Index   | Name                           |    Shape    |
+-----------+--------------------------------+-------------+
|     0     | base_lin_vel                   |     (3,)    |
|     1     | base_ang_vel                   |     (3,)    |
|     2     | projected_gravity              |     (3,)    |
|     3     | velocity_commands              |     (3,)    |
|     4     | joint_pos                      |    (19,)    |
|     5     | joint_vel                      |    (19,)    |
|     6     | actions                        |    (19,)    |
|     7     | height_scan                    |    (187,)   |
+-----------+--------------------------------+-------------+

[INFO] Termination Manager:  <TerminationManager> contains 2 active terms.
+---------------------------------+
|     Active Termination Terms    |
+-------+--------------+----------+
| Index | Name         | Time Out |
+-------+--------------+----------+
|   0   | time_out     |   True   |
|   1   | base_contact |  False   |
+-------+--------------+----------+

[INFO] Reward Manager:  <RewardManager> contains 14 active terms.
+-------------------------------------------+
|            Active Reward Terms            |
+-------+-----------------------+-----------+
| Index | Name                  |    Weight |
+-------+-----------------------+-----------+
|   0   | track_lin_vel_xy_exp  |       1.0 |
|   1   | track_ang_vel_z_exp   |       1.0 |
|   2   | ang_vel_xy_l2         |     -0.05 |
|   3   | dof_torques_l2        |       0.0 |
|   4   | dof_acc_l2            | -1.25e-07 |
|   5   | action_rate_l2        |   -0.0005 |
|   6   | feet_air_time         |       0.2 |
|   7   | flat_orientation_l2   |      -1.5 |
|   8   | dof_pos_limits        |      -1.0 |
|   9   | termination_penalty   |     -50.0 |
|   10  | feet_slide            |     -0.25 |
|   11  | joint_deviation_hip   |      -0.2 |
|   12  | joint_deviation_arms  |      -0.2 |
|   13  | joint_deviation_torso |      -0.1 |
+-------+-----------------------+-----------+

[INFO] Curriculum Manager:  <CurriculumManager> contains 0 active terms.
+----------------------+
| Active Curriculum Terms |
+-----------+----------+
|   Index   | Name     |
+-----------+----------+
+-----------+----------+

[INFO]: Completed setting up the environment...
[INFO] Recording videos during training.
        video_folder: /workspace/training/humanoid/exported/videos/play
        step_trigger: lambda step: step == 0
        video_length: 1000
        disable_logger: True
[INFO]: Loading model checkpoint from: /workspace/training/humanoid/exported/model_best.pt
--------------------------------------------------------------------------------
Resolved observation sets: 
	 actor :  ['policy']
	 critic :  ['policy']
--------------------------------------------------------------------------------
Actor Model: MLPModel(
  (obs_normalizer): Identity()
  (distribution): GaussianDistribution()
  (mlp): MLP(
    (0): Linear(in_features=256, out_features=512, bias=True)
    (1): ELU(alpha=1.0)
    (2): Linear(in_features=512, out_features=256, bias=True)
    (3): ELU(alpha=1.0)
    (4): Linear(in_features=256, out_features=128, bias=True)
    (5): ELU(alpha=1.0)
    (6): Linear(in_features=128, out_features=19, bias=True)
  )
)
Critic Model: MLPModel(
  (obs_normalizer): Identity()
  (mlp): MLP(
    (0): Linear(in_features=256, out_features=512, bias=True)
    (1): ELU(alpha=1.0)
    (2): Linear(in_features=512, out_features=256, bias=True)
    (3): ELU(alpha=1.0)
    (4): Linear(in_features=256, out_features=128, bias=True)
    (5): ELU(alpha=1.0)
    (6): Linear(in_features=128, out_features=1, bias=True)
  )
)
2026-08-31T03:46:57Z [1,127ms] [Warning] [omni.log] Source: omni.hydra was already registered.
2026-08-31T03:46:58Z [1,308ms] [Warning] [carb] Acquiring non optional plugin interface which is not listed as dependency: [omni::physx::IPhysxBenchmarks v1.0] (plugin: <default plugin>), by client: omni.physics.physx.plugin. Add it to CARB_PLUGIN_IMPL_DEPS() macro of a client.
2026-08-31T03:46:58Z [1,312ms] [Warning] [omni.isaac.dynamic_control] omni.isaac.dynamic_control is deprecated as of Isaac Sim 4.5. No action is needed from end-users.
2026-08-31T03:46:59Z [2,473ms] [Warning] [pxr.Semantics] pxr.Semantics is deprecated - please use Semantics instead
2026-08-31T03:46:59Z [2,535ms] [Warning] [omni.graph.core.plugin] Found duplicate of category 'Replicator' - was 'Annotators', adding 'Fabric Reader'
2026-08-31T03:46:59Z [2,535ms] [Warning] [omni.graph.core.plugin] Category 'Replicator' not accepted on node type 'omni.replicator.core.FabricReader' in extension 'omni.replicator.core'
2026-08-31T03:46:59Z [2,536ms] [Warning] [omni.replicator.core.scripts.extension] No material configuration file, adding configuration to material settings directly.
2026-08-31T03:47:00Z [3,275ms] [Warning] [omni.kvdb.plugin] Disabling key-value database because another kit process is locking it
2026-08-31T03:47:01Z [4,655ms] [Warning] [omni.fabric.plugin] Warning: attribute viewportHandle not found for bucket id 7

2026-08-31T03:47:06Z [9,321ms] [Warning] [omni.physx.fabric.plugin] FabricManager::initializePointInstancer mismatched prototypes on point instancer: /Visuals/Command/velocity_goal.
2026-08-31T03:47:06Z [9,321ms] [Warning] [omni.physx.fabric.plugin] FabricManager::initializePointInstancer mismatched prototypes on point instancer: /Visuals/Command/velocity_current.
2026-08-31T03:47:07Z [10,313ms] [Warning] [omni.physx.fabric.plugin] FabricManager::initializePointInstancer mismatched prototypes on point instancer: /Visuals/Command/velocity_current.
2026-08-31T03:47:07Z [10,313ms] [Warning] [omni.physx.fabric.plugin] FabricManager::initializePointInstancer mismatched prototypes on point instancer: /Visuals/Command/velocity_goal.
2026-08-31T03:47:07Z [10,363ms] [Warning] [omni.syntheticdata.plugin] OgnSdPostRenderVarToHost : rendervar copy from texture directly to host buffer is counter-performant. Please use copy from texture to device buffer first.
2026-08-31T03:47:08Z [12,045ms] [Warning] [carb] Client gpu.foundation.plugin has acquired [gpu::unstable::IMemoryBudgetManagerFactory v0.1] 100 times. Consider accessing this interface with carb::getCachedInterface() (Performance warning)
===== H3_right vx=0.00 vy=-0.30 wz=0.00 push=0 terrain=plane =====
COMMAND: /workspace/IsaacLab/isaaclab.sh -p play.py --task Humanoid-v0 --num_envs 4 --headless --video --video_length 1000 --enable_cameras agent.seed=42 env.commands.base_velocity.heading_command=false env.commands.base_velocity.rel_standing_envs=0.0 env.commands.base_velocity.resampling_time_range=\[1000.0\,1000.0\] env.commands.base_velocity.ranges.lin_vel_x=\[0.00\,0.00\] env.commands.base_velocity.ranges.lin_vel_y=\[-0.30\,-0.30\] env.commands.base_velocity.ranges.ang_vel_z=\[0.00\,0.00\] env.scene.terrain.terrain_type=plane env.curriculum.terrain_levels=null 
[3gH    H    H    H    H    H    H    H    H    H    H    H    H    H    H    H    H    H    H    H    H    H    H    H    H    H    H    H    H    H    H    H    H    H    H    H    H    H    H    H   [INFO] Using python from: /workspace/IsaacLab/_isaac_sim/python.sh
Loading user config located at: '/isaac-sim/kit/data/Kit/Isaac-Sim/5.1/user.config.json'
[Info] [carb] Logging to file: /isaac-sim/kit/logs/Kit/Isaac-Sim/5.1/kit_20260831_124756.log
2026-08-31T03:47:56Z [174ms] [Warning] [carb.windowing-glfw.plugin] GLFW initialization failed.
2026-08-31T03:47:56Z [174ms] [Warning] [carb] Failed to startup plugin carb.windowing-glfw.plugin (interfaces: [carb::windowing::IGLContext v1.0],[carb::windowing::IWindowing v1.5]) (impl: carb.windowing-glfw.plugin)
2026-08-31T03:47:56Z [185ms] [Warning] [omni.platforminfo.plugin] failed to open the default display.  Can't verify X Server version.

|---------------------------------------------------------------------------------------------|
| Driver Version: 580.126.09    | Graphics API: Vulkan
|=============================================================================================|
| GPU | Name                             | Active | LDA | GPU Memory | Vendor-ID | LUID       |
|     |                                  |        |     |            | Device-ID | UUID       |
|     |                                  |        |     |            | Bus-ID    |            |
|---------------------------------------------------------------------------------------------|
| 0   | NVIDIA GeForce RTX 5080          | Yes: 0 |     | 16303   MB | 10de      | 0          |
|     |                                  |        |     |            | 2c02      | f590048b.. |
|     |                                  |        |     |            | 1         |            |
|=============================================================================================|
| OS: 24.04.2 LTS (Noble Numbat) ubuntu, Version: 24.04.2, Kernel: 6.8.0-136-generic
| Processor: Intel(R) Core(TM) Ultra 5 250KF Plus
| Cores: 18 | Logical Cores: 18
|---------------------------------------------------------------------------------------------|
| Total Memory (MB): 64006 | Free Memory: 54927
| Total Page/Swap (MB): 8191 | Free Page/Swap: 0
|---------------------------------------------------------------------------------------------|
2026-08-31T03:47:57Z [632ms] [Warning] [gpu.foundation.plugin] CPU performance profile is set to powersave. This profile sets the CPU to the lowest frequency reducing performance.
2026-08-31T03:47:57Z [644ms] [Warning] [gpu.foundation.plugin] IOMMU is enabled.
2026-08-31T03:47:57Z [970ms] [Warning] [carb.windowing-glfw.plugin] GLFW initialization failed.
2026-08-31T03:47:57Z [970ms] [Warning] [carb] Failed to startup plugin carb.windowing-glfw.plugin (interfaces: [carb::windowing::IGLContext v1.0],[carb::windowing::IWindowing v1.5]) (impl: carb.windowing-glfw.plugin)
2026-08-31T03:47:57Z [983ms] [Warning] [carb.windowing-glfw.plugin] GLFW initialization failed.
2026-08-31T03:47:57Z [983ms] [Warning] [carb] Failed to startup plugin carb.windowing-glfw.plugin (interfaces: [carb::windowing::IGLContext v1.0],[carb::windowing::IWindowing v1.5]) (impl: carb.windowing-glfw.plugin)
2026-08-31T03:47:57Z [989ms] [Warning] [carb.windowing-glfw.plugin] GLFW initialization failed.
2026-08-31T03:47:57Z [989ms] [Warning] [carb] Failed to startup plugin carb.windowing-glfw.plugin (interfaces: [carb::windowing::IGLContext v1.0],[carb::windowing::IWindowing v1.5]) (impl: carb.windowing-glfw.plugin)
2026-08-31T03:47:57Z [993ms] [Warning] [carb.windowing-glfw.plugin] GLFW initialization failed.
2026-08-31T03:47:57Z [993ms] [Warning] [carb] Failed to startup plugin carb.windowing-glfw.plugin (interfaces: [carb::windowing::IGLContext v1.0],[carb::windowing::IWindowing v1.5]) (impl: carb.windowing-glfw.plugin)
2026-08-31T03:47:57Z [994ms] [Warning] [carb.windowing-glfw.plugin] GLFW initialization failed.
2026-08-31T03:47:57Z [994ms] [Warning] [carb] Failed to startup plugin carb.windowing-glfw.plugin (interfaces: [carb::windowing::IGLContext v1.0],[carb::windowing::IWindowing v1.5]) (impl: carb.windowing-glfw.plugin)
2026-08-31T03:47:57Z [994ms] [Warning] [carb.windowing-glfw.plugin] GLFW initialization failed.
2026-08-31T03:47:57Z [994ms] [Warning] [carb] Failed to startup plugin carb.windowing-glfw.plugin (interfaces: [carb::windowing::IGLContext v1.0],[carb::windowing::IWindowing v1.5]) (impl: carb.windowing-glfw.plugin)
[INFO][AppLauncher]: Using device: cuda:0
[INFO][AppLauncher]: Loading experience file: /workspace/IsaacLab/apps/isaaclab.python.headless.rendering.kit
[INFO]: Parsing configuration from: h1_task.env_cfg:HumanoidRoughEnvCfg
[Humanoid:student] 9 reward 항목 로드
  [OK] track_lin_vel_xy_exp.weight = 1.0
  [OK] track_ang_vel_z_exp.weight = 1.0
  [OK] feet_air_time.weight = 0.2
  [OK] termination_penalty.weight = -50.0
  [OK] flat_orientation_l2.weight = -1.5
  [OK] ang_vel_xy_l2.weight = -0.05
  [OK] joint_deviation_hip.weight = -0.2
  [OK] joint_deviation_torso.weight = -0.1
  [OK] action_rate_l2.weight = -0.0005
[Humanoid:student] sub_terrains keys = ['pyramid_stairs', 'pyramid_stairs_inv', 'boxes', 'random_rough', 'hf_pyramid_slope', 'hf_pyramid_slope_inv']
[Humanoid:student] 박스류 override: ['boxes.grid_height']
[Humanoid:student] 계단 width override: ['pyramid_stairs.step_width=0.30', 'pyramid_stairs_inv.step_width=0.30']
[Humanoid:student] proportion: ['boxes: 0.20→0.30', 'random_rough: 0.20→0.10', 'pyramid_stairs: 0.20→0.15', 'pyramid_stairs_inv: 0.20→0.15']
[INFO]: Parsing configuration from: h1_task.agent_cfg:HumanoidPPORunnerCfg
/workspace/IsaacLab/_isaac_sim/kit/python/lib/python3.11/site-packages/gymnasium/envs/registration.py:512: DeprecationWarning: [33mWARN: The environment Humanoid-v0 is out of date. You should consider upgrading to version `v5`.[0m
  logger.deprecation(
[WARNING]: The `policy` configuration is deprecated for rsl-rl >= 4.0.0. Please use, e.g., `actor` and `critic` model configurations instead.
[WARNING]: The `empirical_normalization` parameter is deprecated. Please set `actor_obs_normalization` and `critic_obs_normalization` as part of the `policy` configuration instead.
[WARNING]: The `policy` configuration is used to infer the `actor` model configuration.
[WARNING]: The `policy` configuration is used to infer the `critic` model configuration.
[WARNING]: The `distribution_cfg` configuration is now used to specify the output distribution for stochastic policies. Consider updating the configuration to use `distribution_cfg` instead of `stochastic`, `init_noise_std`, `noise_std_type`, and `state_dependent_std` parameters.
[INFO] Loading experiment from directory: /workspace/training/humanoid/logs/rsl_rl/humanoid

[36m======================================================================================[0m
[36m[1m[INFO][IsaacLab]: Logging to file: /tmp/isaaclab/logs/isaaclab_2026-08-31_12-48-02.log[0m
[36m======================================================================================[0m

[33m12:48:02 [simulation_context.py] WARNING: The `enable_external_forces_every_iteration` parameter in the PhysxCfg is set to False. If you are experiencing noisy velocities, consider enabling this flag. You may need to slightly increase the number of velocity iterations (setting it to 1 or 2 rather than 0), together with this flag, to improve the accuracy of velocity updates.[0m
[INFO]: Base environment:
	Environment device    : cuda:0
	Environment seed      : 42
	Physics step-size     : 0.005
	Rendering step-size   : 0.02
	Environment step-size : 0.02
[33m12:48:03 [terrain_importer.py] WARNING: Visual material specified for ground plane but no diffuse color found. Using default color: (0.0, 0.0, 0.0)[0m
[INFO]: Time taken for scene creation : 1.259298 seconds
[INFO]: Scene manager:  <class InteractiveScene>
	Number of environments: 4
	Environment spacing   : 2.5
	Source prim name      : /World/envs/env_0
	Global prim paths     : ['/World/ground']
	Replicate physics     : True
[INFO]: Starting the simulation. This may take a few seconds. Please wait...
[INFO]: Time taken for simulation start : 1.050032 seconds
[33m12:48:05 [velocity_command.py] WARNING: The velocity command has the 'ranges.heading' attribute set to '(-3.141592653589793, 3.141592653589793)' but the heading command is not active. Consider setting the flag for the heading command to True.[0m
/workspace/IsaacLab/_isaac_sim/kit/python/lib/python3.11/site-packages/rsl_rl/utils/utils.py:220: UserWarning: The observation configuration dictionary 'obs_groups' is empty and thus likely not configured. Consider configuring the 'obs_groups' dictionary explicitly
  warnings.warn(
/workspace/IsaacLab/_isaac_sim/kit/python/lib/python3.11/site-packages/rsl_rl/utils/utils.py:251: UserWarning: The observation configuration dictionary 'obs_groups' does not contain the 'actor' key. As an observation group with the name 'policy' was found, this is assumed to be the appropriate observation. Consider adding the 'actor' key to the 'obs_groups' dictionary for clarity. This behavior will be removed in a future version.
  warnings.warn(
/workspace/IsaacLab/_isaac_sim/kit/python/lib/python3.11/site-packages/rsl_rl/utils/utils.py:251: UserWarning: The observation configuration dictionary 'obs_groups' does not contain the 'critic' key. As an observation group with the name 'policy' was found, this is assumed to be the appropriate observation. Consider adding the 'critic' key to the 'obs_groups' dictionary for clarity. This behavior will be removed in a future version.
  warnings.warn(
[INFO] Command Manager:  <CommandManager> contains 1 active terms.
+------------------------------------------------+
|              Active Command Terms              |
+-------+---------------+------------------------+
| Index | Name          |          Type          |
+-------+---------------+------------------------+
|   0   | base_velocity | UniformVelocityCommand |
+-------+---------------+------------------------+

[INFO] Event Manager:  <EventManager> contains 2 active terms.
+--------------------------------------+
| Active Event Terms in Mode: 'startup' |
+----------+---------------------------+
|  Index   | Name                      |
+----------+---------------------------+
|    0     | physics_material          |
+----------+---------------------------+
+---------------------------------------+
|  Active Event Terms in Mode: 'reset'  |
+--------+------------------------------+
| Index  | Name                         |
+--------+------------------------------+
|   0    | base_external_force_torque   |
|   1    | reset_base                   |
|   2    | reset_robot_joints           |
+--------+------------------------------+

[INFO] Recorder Manager:  <RecorderManager> contains 0 active terms.
+---------------------+
| Active Recorder Terms |
+-----------+---------+
|   Index   | Name    |
+-----------+---------+
+-----------+---------+

[INFO] Action Manager:  <ActionManager> contains 1 active terms.
+------------------------------------+
|  Active Action Terms (shape: 19)   |
+--------+-------------+-------------+
| Index  | Name        |   Dimension |
+--------+-------------+-------------+
|   0    | joint_pos   |          19 |
+--------+-------------+-------------+

[INFO] Observation Manager: <ObservationManager> contains 1 groups.
+----------------------------------------------------------+
| Active Observation Terms in Group: 'policy' (shape: (256,)) |
+-----------+--------------------------------+-------------+
|   Index   | Name                           |    Shape    |
+-----------+--------------------------------+-------------+
|     0     | base_lin_vel                   |     (3,)    |
|     1     | base_ang_vel                   |     (3,)    |
|     2     | projected_gravity              |     (3,)    |
|     3     | velocity_commands              |     (3,)    |
|     4     | joint_pos                      |    (19,)    |
|     5     | joint_vel                      |    (19,)    |
|     6     | actions                        |    (19,)    |
|     7     | height_scan                    |    (187,)   |
+-----------+--------------------------------+-------------+

[INFO] Termination Manager:  <TerminationManager> contains 2 active terms.
+---------------------------------+
|     Active Termination Terms    |
+-------+--------------+----------+
| Index | Name         | Time Out |
+-------+--------------+----------+
|   0   | time_out     |   True   |
|   1   | base_contact |  False   |
+-------+--------------+----------+

[INFO] Reward Manager:  <RewardManager> contains 14 active terms.
+-------------------------------------------+
|            Active Reward Terms            |
+-------+-----------------------+-----------+
| Index | Name                  |    Weight |
+-------+-----------------------+-----------+
|   0   | track_lin_vel_xy_exp  |       1.0 |
|   1   | track_ang_vel_z_exp   |       1.0 |
|   2   | ang_vel_xy_l2         |     -0.05 |
|   3   | dof_torques_l2        |       0.0 |
|   4   | dof_acc_l2            | -1.25e-07 |
|   5   | action_rate_l2        |   -0.0005 |
|   6   | feet_air_time         |       0.2 |
|   7   | flat_orientation_l2   |      -1.5 |
|   8   | dof_pos_limits        |      -1.0 |
|   9   | termination_penalty   |     -50.0 |
|   10  | feet_slide            |     -0.25 |
|   11  | joint_deviation_hip   |      -0.2 |
|   12  | joint_deviation_arms  |      -0.2 |
|   13  | joint_deviation_torso |      -0.1 |
+-------+-----------------------+-----------+

[INFO] Curriculum Manager:  <CurriculumManager> contains 0 active terms.
+----------------------+
| Active Curriculum Terms |
+-----------+----------+
|   Index   | Name     |
+-----------+----------+
+-----------+----------+

[INFO]: Completed setting up the environment...
[INFO] Recording videos during training.
        video_folder: /workspace/training/humanoid/exported/videos/play
        step_trigger: lambda step: step == 0
        video_length: 1000
        disable_logger: True
[INFO]: Loading model checkpoint from: /workspace/training/humanoid/exported/model_best.pt
--------------------------------------------------------------------------------
Resolved observation sets: 
	 actor :  ['policy']
	 critic :  ['policy']
--------------------------------------------------------------------------------
Actor Model: MLPModel(
  (obs_normalizer): Identity()
  (distribution): GaussianDistribution()
  (mlp): MLP(
    (0): Linear(in_features=256, out_features=512, bias=True)
    (1): ELU(alpha=1.0)
    (2): Linear(in_features=512, out_features=256, bias=True)
    (3): ELU(alpha=1.0)
    (4): Linear(in_features=256, out_features=128, bias=True)
    (5): ELU(alpha=1.0)
    (6): Linear(in_features=128, out_features=19, bias=True)
  )
)
Critic Model: MLPModel(
  (obs_normalizer): Identity()
  (mlp): MLP(
    (0): Linear(in_features=256, out_features=512, bias=True)
    (1): ELU(alpha=1.0)
    (2): Linear(in_features=512, out_features=256, bias=True)
    (3): ELU(alpha=1.0)
    (4): Linear(in_features=256, out_features=128, bias=True)
    (5): ELU(alpha=1.0)
    (6): Linear(in_features=128, out_features=1, bias=True)
  )
)
2026-08-31T03:47:57Z [1,108ms] [Warning] [omni.log] Source: omni.hydra was already registered.
2026-08-31T03:47:57Z [1,294ms] [Warning] [carb] Acquiring non optional plugin interface which is not listed as dependency: [omni::physx::IPhysxBenchmarks v1.0] (plugin: <default plugin>), by client: omni.physics.physx.plugin. Add it to CARB_PLUGIN_IMPL_DEPS() macro of a client.
2026-08-31T03:47:57Z [1,297ms] [Warning] [omni.isaac.dynamic_control] omni.isaac.dynamic_control is deprecated as of Isaac Sim 4.5. No action is needed from end-users.
2026-08-31T03:47:58Z [2,469ms] [Warning] [pxr.Semantics] pxr.Semantics is deprecated - please use Semantics instead
2026-08-31T03:47:59Z [2,530ms] [Warning] [omni.graph.core.plugin] Found duplicate of category 'Replicator' - was 'Annotators', adding 'Fabric Reader'
2026-08-31T03:47:59Z [2,530ms] [Warning] [omni.graph.core.plugin] Category 'Replicator' not accepted on node type 'omni.replicator.core.FabricReader' in extension 'omni.replicator.core'
2026-08-31T03:47:59Z [2,531ms] [Warning] [omni.replicator.core.scripts.extension] No material configuration file, adding configuration to material settings directly.
2026-08-31T03:47:59Z [3,278ms] [Warning] [omni.kvdb.plugin] Disabling key-value database because another kit process is locking it
2026-08-31T03:48:01Z [4,662ms] [Warning] [omni.fabric.plugin] Warning: attribute viewportHandle not found for bucket id 7

2026-08-31T03:48:05Z [9,411ms] [Warning] [omni.physx.fabric.plugin] FabricManager::initializePointInstancer mismatched prototypes on point instancer: /Visuals/Command/velocity_goal.
2026-08-31T03:48:05Z [9,411ms] [Warning] [omni.physx.fabric.plugin] FabricManager::initializePointInstancer mismatched prototypes on point instancer: /Visuals/Command/velocity_current.
2026-08-31T03:48:06Z [10,393ms] [Warning] [omni.physx.fabric.plugin] FabricManager::initializePointInstancer mismatched prototypes on point instancer: /Visuals/Command/velocity_current.
2026-08-31T03:48:06Z [10,393ms] [Warning] [omni.physx.fabric.plugin] FabricManager::initializePointInstancer mismatched prototypes on point instancer: /Visuals/Command/velocity_goal.
2026-08-31T03:48:06Z [10,443ms] [Warning] [omni.syntheticdata.plugin] OgnSdPostRenderVarToHost : rendervar copy from texture directly to host buffer is counter-performant. Please use copy from texture to device buffer first.
2026-08-31T03:48:08Z [12,113ms] [Warning] [carb] Client gpu.foundation.plugin has acquired [gpu::unstable::IMemoryBudgetManagerFactory v0.1] 100 times. Consider accessing this interface with carb::getCachedInterface() (Performance warning)
===== H4_complex_right vx=0.50 vy=-0.15 wz=-0.50 push=0 terrain=plane =====
COMMAND: /workspace/IsaacLab/isaaclab.sh -p play.py --task Humanoid-v0 --num_envs 4 --headless --video --video_length 1000 --enable_cameras agent.seed=42 env.commands.base_velocity.heading_command=false env.commands.base_velocity.rel_standing_envs=0.0 env.commands.base_velocity.resampling_time_range=\[1000.0\,1000.0\] env.commands.base_velocity.ranges.lin_vel_x=\[0.50\,0.50\] env.commands.base_velocity.ranges.lin_vel_y=\[-0.15\,-0.15\] env.commands.base_velocity.ranges.ang_vel_z=\[-0.50\,-0.50\] env.scene.terrain.terrain_type=plane env.curriculum.terrain_levels=null 
[3gH    H    H    H    H    H    H    H    H    H    H    H    H    H    H    H    H    H    H    H    H    H    H    H    H    H    H    H    H    H    H    H    H    H    H    H    H    H    H    H   [INFO] Using python from: /workspace/IsaacLab/_isaac_sim/python.sh
Loading user config located at: '/isaac-sim/kit/data/Kit/Isaac-Sim/5.1/user.config.json'
[Info] [carb] Logging to file: /isaac-sim/kit/logs/Kit/Isaac-Sim/5.1/kit_20260831_124856.log
2026-08-31T03:48:56Z [175ms] [Warning] [carb.windowing-glfw.plugin] GLFW initialization failed.
2026-08-31T03:48:56Z [175ms] [Warning] [carb] Failed to startup plugin carb.windowing-glfw.plugin (interfaces: [carb::windowing::IGLContext v1.0],[carb::windowing::IWindowing v1.5]) (impl: carb.windowing-glfw.plugin)
2026-08-31T03:48:56Z [184ms] [Warning] [omni.platforminfo.plugin] failed to open the default display.  Can't verify X Server version.

|---------------------------------------------------------------------------------------------|
| Driver Version: 580.126.09    | Graphics API: Vulkan
|=============================================================================================|
| GPU | Name                             | Active | LDA | GPU Memory | Vendor-ID | LUID       |
|     |                                  |        |     |            | Device-ID | UUID       |
|     |                                  |        |     |            | Bus-ID    |            |
|---------------------------------------------------------------------------------------------|
| 0   | NVIDIA GeForce RTX 5080          | Yes: 0 |     | 16303   MB | 10de      | 0          |
|     |                                  |        |     |            | 2c02      | f590048b.. |
|     |                                  |        |     |            | 1         |            |
|=============================================================================================|
| OS: 24.04.2 LTS (Noble Numbat) ubuntu, Version: 24.04.2, Kernel: 6.8.0-136-generic
| Processor: Intel(R) Core(TM) Ultra 5 250KF Plus
| Cores: 18 | Logical Cores: 18
|---------------------------------------------------------------------------------------------|
| Total Memory (MB): 64006 | Free Memory: 55000
| Total Page/Swap (MB): 8191 | Free Page/Swap: 0
|---------------------------------------------------------------------------------------------|
2026-08-31T03:48:57Z [632ms] [Warning] [gpu.foundation.plugin] CPU performance profile is set to powersave. This profile sets the CPU to the lowest frequency reducing performance.
2026-08-31T03:48:57Z [644ms] [Warning] [gpu.foundation.plugin] IOMMU is enabled.
2026-08-31T03:48:57Z [978ms] [Warning] [carb.windowing-glfw.plugin] GLFW initialization failed.
2026-08-31T03:48:57Z [978ms] [Warning] [carb] Failed to startup plugin carb.windowing-glfw.plugin (interfaces: [carb::windowing::IGLContext v1.0],[carb::windowing::IWindowing v1.5]) (impl: carb.windowing-glfw.plugin)
2026-08-31T03:48:57Z [992ms] [Warning] [carb.windowing-glfw.plugin] GLFW initialization failed.
2026-08-31T03:48:57Z [992ms] [Warning] [carb] Failed to startup plugin carb.windowing-glfw.plugin (interfaces: [carb::windowing::IGLContext v1.0],[carb::windowing::IWindowing v1.5]) (impl: carb.windowing-glfw.plugin)
2026-08-31T03:48:57Z [998ms] [Warning] [carb.windowing-glfw.plugin] GLFW initialization failed.
2026-08-31T03:48:57Z [998ms] [Warning] [carb] Failed to startup plugin carb.windowing-glfw.plugin (interfaces: [carb::windowing::IGLContext v1.0],[carb::windowing::IWindowing v1.5]) (impl: carb.windowing-glfw.plugin)
2026-08-31T03:48:57Z [1,002ms] [Warning] [carb.windowing-glfw.plugin] GLFW initialization failed.
2026-08-31T03:48:57Z [1,002ms] [Warning] [carb] Failed to startup plugin carb.windowing-glfw.plugin (interfaces: [carb::windowing::IGLContext v1.0],[carb::windowing::IWindowing v1.5]) (impl: carb.windowing-glfw.plugin)
2026-08-31T03:48:57Z [1,002ms] [Warning] [carb.windowing-glfw.plugin] GLFW initialization failed.
2026-08-31T03:48:57Z [1,002ms] [Warning] [carb] Failed to startup plugin carb.windowing-glfw.plugin (interfaces: [carb::windowing::IGLContext v1.0],[carb::windowing::IWindowing v1.5]) (impl: carb.windowing-glfw.plugin)
2026-08-31T03:48:57Z [1,003ms] [Warning] [carb.windowing-glfw.plugin] GLFW initialization failed.
2026-08-31T03:48:57Z [1,003ms] [Warning] [carb] Failed to startup plugin carb.windowing-glfw.plugin (interfaces: [carb::windowing::IGLContext v1.0],[carb::windowing::IWindowing v1.5]) (impl: carb.windowing-glfw.plugin)
[INFO][AppLauncher]: Using device: cuda:0
[INFO][AppLauncher]: Loading experience file: /workspace/IsaacLab/apps/isaaclab.python.headless.rendering.kit
[INFO]: Parsing configuration from: h1_task.env_cfg:HumanoidRoughEnvCfg
[Humanoid:student] 9 reward 항목 로드
  [OK] track_lin_vel_xy_exp.weight = 1.0
  [OK] track_ang_vel_z_exp.weight = 1.0
  [OK] feet_air_time.weight = 0.2
  [OK] termination_penalty.weight = -50.0
  [OK] flat_orientation_l2.weight = -1.5
  [OK] ang_vel_xy_l2.weight = -0.05
  [OK] joint_deviation_hip.weight = -0.2
  [OK] joint_deviation_torso.weight = -0.1
  [OK] action_rate_l2.weight = -0.0005
[Humanoid:student] sub_terrains keys = ['pyramid_stairs', 'pyramid_stairs_inv', 'boxes', 'random_rough', 'hf_pyramid_slope', 'hf_pyramid_slope_inv']
[Humanoid:student] 박스류 override: ['boxes.grid_height']
[Humanoid:student] 계단 width override: ['pyramid_stairs.step_width=0.30', 'pyramid_stairs_inv.step_width=0.30']
[Humanoid:student] proportion: ['boxes: 0.20→0.30', 'random_rough: 0.20→0.10', 'pyramid_stairs: 0.20→0.15', 'pyramid_stairs_inv: 0.20→0.15']
[INFO]: Parsing configuration from: h1_task.agent_cfg:HumanoidPPORunnerCfg
/workspace/IsaacLab/_isaac_sim/kit/python/lib/python3.11/site-packages/gymnasium/envs/registration.py:512: DeprecationWarning: [33mWARN: The environment Humanoid-v0 is out of date. You should consider upgrading to version `v5`.[0m
  logger.deprecation(
[WARNING]: The `policy` configuration is deprecated for rsl-rl >= 4.0.0. Please use, e.g., `actor` and `critic` model configurations instead.
[WARNING]: The `empirical_normalization` parameter is deprecated. Please set `actor_obs_normalization` and `critic_obs_normalization` as part of the `policy` configuration instead.
[WARNING]: The `policy` configuration is used to infer the `actor` model configuration.
[WARNING]: The `policy` configuration is used to infer the `critic` model configuration.
[WARNING]: The `distribution_cfg` configuration is now used to specify the output distribution for stochastic policies. Consider updating the configuration to use `distribution_cfg` instead of `stochastic`, `init_noise_std`, `noise_std_type`, and `state_dependent_std` parameters.
[INFO] Loading experiment from directory: /workspace/training/humanoid/logs/rsl_rl/humanoid

[36m======================================================================================[0m
[36m[1m[INFO][IsaacLab]: Logging to file: /tmp/isaaclab/logs/isaaclab_2026-08-31_12-49-02.log[0m
[36m======================================================================================[0m

[33m12:49:02 [simulation_context.py] WARNING: The `enable_external_forces_every_iteration` parameter in the PhysxCfg is set to False. If you are experiencing noisy velocities, consider enabling this flag. You may need to slightly increase the number of velocity iterations (setting it to 1 or 2 rather than 0), together with this flag, to improve the accuracy of velocity updates.[0m
[INFO]: Base environment:
	Environment device    : cuda:0
	Environment seed      : 42
	Physics step-size     : 0.005
	Rendering step-size   : 0.02
	Environment step-size : 0.02
[33m12:49:03 [terrain_importer.py] WARNING: Visual material specified for ground plane but no diffuse color found. Using default color: (0.0, 0.0, 0.0)[0m
[INFO]: Time taken for scene creation : 1.109210 seconds
[INFO]: Scene manager:  <class InteractiveScene>
	Number of environments: 4
	Environment spacing   : 2.5
	Source prim name      : /World/envs/env_0
	Global prim paths     : ['/World/ground']
	Replicate physics     : True
[INFO]: Starting the simulation. This may take a few seconds. Please wait...
[INFO]: Time taken for simulation start : 1.040683 seconds
[33m12:49:05 [velocity_command.py] WARNING: The velocity command has the 'ranges.heading' attribute set to '(-3.141592653589793, 3.141592653589793)' but the heading command is not active. Consider setting the flag for the heading command to True.[0m
/workspace/IsaacLab/_isaac_sim/kit/python/lib/python3.11/site-packages/rsl_rl/utils/utils.py:220: UserWarning: The observation configuration dictionary 'obs_groups' is empty and thus likely not configured. Consider configuring the 'obs_groups' dictionary explicitly
  warnings.warn(
/workspace/IsaacLab/_isaac_sim/kit/python/lib/python3.11/site-packages/rsl_rl/utils/utils.py:251: UserWarning: The observation configuration dictionary 'obs_groups' does not contain the 'actor' key. As an observation group with the name 'policy' was found, this is assumed to be the appropriate observation. Consider adding the 'actor' key to the 'obs_groups' dictionary for clarity. This behavior will be removed in a future version.
  warnings.warn(
/workspace/IsaacLab/_isaac_sim/kit/python/lib/python3.11/site-packages/rsl_rl/utils/utils.py:251: UserWarning: The observation configuration dictionary 'obs_groups' does not contain the 'critic' key. As an observation group with the name 'policy' was found, this is assumed to be the appropriate observation. Consider adding the 'critic' key to the 'obs_groups' dictionary for clarity. This behavior will be removed in a future version.
  warnings.warn(
[INFO] Command Manager:  <CommandManager> contains 1 active terms.
+------------------------------------------------+
|              Active Command Terms              |
+-------+---------------+------------------------+
| Index | Name          |          Type          |
+-------+---------------+------------------------+
|   0   | base_velocity | UniformVelocityCommand |
+-------+---------------+------------------------+

[INFO] Event Manager:  <EventManager> contains 2 active terms.
+--------------------------------------+
| Active Event Terms in Mode: 'startup' |
+----------+---------------------------+
|  Index   | Name                      |
+----------+---------------------------+
|    0     | physics_material          |
+----------+---------------------------+
+---------------------------------------+
|  Active Event Terms in Mode: 'reset'  |
+--------+------------------------------+
| Index  | Name                         |
+--------+------------------------------+
|   0    | base_external_force_torque   |
|   1    | reset_base                   |
|   2    | reset_robot_joints           |
+--------+------------------------------+

[INFO] Recorder Manager:  <RecorderManager> contains 0 active terms.
+---------------------+
| Active Recorder Terms |
+-----------+---------+
|   Index   | Name    |
+-----------+---------+
+-----------+---------+

[INFO] Action Manager:  <ActionManager> contains 1 active terms.
+------------------------------------+
|  Active Action Terms (shape: 19)   |
+--------+-------------+-------------+
| Index  | Name        |   Dimension |
+--------+-------------+-------------+
|   0    | joint_pos   |          19 |
+--------+-------------+-------------+

[INFO] Observation Manager: <ObservationManager> contains 1 groups.
+----------------------------------------------------------+
| Active Observation Terms in Group: 'policy' (shape: (256,)) |
+-----------+--------------------------------+-------------+
|   Index   | Name                           |    Shape    |
+-----------+--------------------------------+-------------+
|     0     | base_lin_vel                   |     (3,)    |
|     1     | base_ang_vel                   |     (3,)    |
|     2     | projected_gravity              |     (3,)    |
|     3     | velocity_commands              |     (3,)    |
|     4     | joint_pos                      |    (19,)    |
|     5     | joint_vel                      |    (19,)    |
|     6     | actions                        |    (19,)    |
|     7     | height_scan                    |    (187,)   |
+-----------+--------------------------------+-------------+

[INFO] Termination Manager:  <TerminationManager> contains 2 active terms.
+---------------------------------+
|     Active Termination Terms    |
+-------+--------------+----------+
| Index | Name         | Time Out |
+-------+--------------+----------+
|   0   | time_out     |   True   |
|   1   | base_contact |  False   |
+-------+--------------+----------+

[INFO] Reward Manager:  <RewardManager> contains 14 active terms.
+-------------------------------------------+
|            Active Reward Terms            |
+-------+-----------------------+-----------+
| Index | Name                  |    Weight |
+-------+-----------------------+-----------+
|   0   | track_lin_vel_xy_exp  |       1.0 |
|   1   | track_ang_vel_z_exp   |       1.0 |
|   2   | ang_vel_xy_l2         |     -0.05 |
|   3   | dof_torques_l2        |       0.0 |
|   4   | dof_acc_l2            | -1.25e-07 |
|   5   | action_rate_l2        |   -0.0005 |
|   6   | feet_air_time         |       0.2 |
|   7   | flat_orientation_l2   |      -1.5 |
|   8   | dof_pos_limits        |      -1.0 |
|   9   | termination_penalty   |     -50.0 |
|   10  | feet_slide            |     -0.25 |
|   11  | joint_deviation_hip   |      -0.2 |
|   12  | joint_deviation_arms  |      -0.2 |
|   13  | joint_deviation_torso |      -0.1 |
+-------+-----------------------+-----------+

[INFO] Curriculum Manager:  <CurriculumManager> contains 0 active terms.
+----------------------+
| Active Curriculum Terms |
+-----------+----------+
|   Index   | Name     |
+-----------+----------+
+-----------+----------+

[INFO]: Completed setting up the environment...
[INFO] Recording videos during training.
        video_folder: /workspace/training/humanoid/exported/videos/play
        step_trigger: lambda step: step == 0
        video_length: 1000
        disable_logger: True
[INFO]: Loading model checkpoint from: /workspace/training/humanoid/exported/model_best.pt
--------------------------------------------------------------------------------
Resolved observation sets: 
	 actor :  ['policy']
	 critic :  ['policy']
--------------------------------------------------------------------------------
Actor Model: MLPModel(
  (obs_normalizer): Identity()
  (distribution): GaussianDistribution()
  (mlp): MLP(
    (0): Linear(in_features=256, out_features=512, bias=True)
    (1): ELU(alpha=1.0)
    (2): Linear(in_features=512, out_features=256, bias=True)
    (3): ELU(alpha=1.0)
    (4): Linear(in_features=256, out_features=128, bias=True)
    (5): ELU(alpha=1.0)
    (6): Linear(in_features=128, out_features=19, bias=True)
  )
)
Critic Model: MLPModel(
  (obs_normalizer): Identity()
  (mlp): MLP(
    (0): Linear(in_features=256, out_features=512, bias=True)
    (1): ELU(alpha=1.0)
    (2): Linear(in_features=512, out_features=256, bias=True)
    (3): ELU(alpha=1.0)
    (4): Linear(in_features=256, out_features=128, bias=True)
    (5): ELU(alpha=1.0)
    (6): Linear(in_features=128, out_features=1, bias=True)
  )
)
2026-08-31T03:48:57Z [1,115ms] [Warning] [omni.log] Source: omni.hydra was already registered.
2026-08-31T03:48:57Z [1,296ms] [Warning] [carb] Acquiring non optional plugin interface which is not listed as dependency: [omni::physx::IPhysxBenchmarks v1.0] (plugin: <default plugin>), by client: omni.physics.physx.plugin. Add it to CARB_PLUGIN_IMPL_DEPS() macro of a client.
2026-08-31T03:48:57Z [1,299ms] [Warning] [omni.isaac.dynamic_control] omni.isaac.dynamic_control is deprecated as of Isaac Sim 4.5. No action is needed from end-users.
2026-08-31T03:48:58Z [2,458ms] [Warning] [pxr.Semantics] pxr.Semantics is deprecated - please use Semantics instead
2026-08-31T03:48:58Z [2,518ms] [Warning] [omni.graph.core.plugin] Found duplicate of category 'Replicator' - was 'Annotators', adding 'Fabric Reader'
2026-08-31T03:48:58Z [2,518ms] [Warning] [omni.graph.core.plugin] Category 'Replicator' not accepted on node type 'omni.replicator.core.FabricReader' in extension 'omni.replicator.core'
2026-08-31T03:48:58Z [2,518ms] [Warning] [omni.replicator.core.scripts.extension] No material configuration file, adding configuration to material settings directly.
2026-08-31T03:48:59Z [3,248ms] [Warning] [omni.kvdb.plugin] Disabling key-value database because another kit process is locking it
2026-08-31T03:49:01Z [4,635ms] [Warning] [omni.fabric.plugin] Warning: attribute viewportHandle not found for bucket id 7

2026-08-31T03:49:05Z [9,228ms] [Warning] [omni.physx.fabric.plugin] FabricManager::initializePointInstancer mismatched prototypes on point instancer: /Visuals/Command/velocity_goal.
2026-08-31T03:49:05Z [9,228ms] [Warning] [omni.physx.fabric.plugin] FabricManager::initializePointInstancer mismatched prototypes on point instancer: /Visuals/Command/velocity_current.
2026-08-31T03:49:06Z [10,208ms] [Warning] [omni.physx.fabric.plugin] FabricManager::initializePointInstancer mismatched prototypes on point instancer: /Visuals/Command/velocity_current.
2026-08-31T03:49:06Z [10,208ms] [Warning] [omni.physx.fabric.plugin] FabricManager::initializePointInstancer mismatched prototypes on point instancer: /Visuals/Command/velocity_goal.
2026-08-31T03:49:06Z [10,258ms] [Warning] [omni.syntheticdata.plugin] OgnSdPostRenderVarToHost : rendervar copy from texture directly to host buffer is counter-performant. Please use copy from texture to device buffer first.
2026-08-31T03:49:08Z [11,978ms] [Warning] [carb] Client gpu.foundation.plugin has acquired [gpu::unstable::IMemoryBudgetManagerFactory v0.1] 100 times. Consider accessing this interface with carb::getCachedInterface() (Performance warning)
===== H5_rough vx=0.50 vy=0.00 wz=0.00 push=0 terrain=rough =====
COMMAND: /workspace/IsaacLab/isaaclab.sh -p play.py --task Humanoid-v0 --num_envs 4 --headless --video --video_length 1000 --enable_cameras agent.seed=42 env.commands.base_velocity.heading_command=false env.commands.base_velocity.rel_standing_envs=0.0 env.commands.base_velocity.resampling_time_range=\[1000.0\,1000.0\] env.commands.base_velocity.ranges.lin_vel_x=\[0.50\,0.50\] env.commands.base_velocity.ranges.lin_vel_y=\[0.00\,0.00\] env.commands.base_velocity.ranges.ang_vel_z=\[0.00\,0.00\] env.scene.terrain.terrain_type=generator env.curriculum.terrain_levels=null env.scene.terrain.terrain_generator.seed=42 env.scene.terrain.terrain_generator.curriculum=false env.scene.terrain.terrain_generator.num_rows=1 env.scene.terrain.terrain_generator.num_cols=4 env.scene.terrain.terrain_generator.difficulty_range=\[1.0\,1.0\] env.scene.terrain.max_init_terrain_level=0 env.scene.terrain.terrain_generator.sub_terrains.pyramid_stairs.proportion=0.0 env.scene.terrain.terrain_generator.sub_terrains.pyramid_stairs_inv.proportion=0.0 env.scene.terrain.terrain_generator.sub_terrains.boxes.proportion=0.0 env.scene.terrain.terrain_generator.sub_terrains.random_rough.proportion=1.0 env.scene.terrain.terrain_generator.sub_terrains.random_rough.noise_range=\[0.02\,0.10\] env.scene.terrain.terrain_generator.sub_terrains.hf_pyramid_slope.proportion=0.0 env.scene.terrain.terrain_generator.sub_terrains.hf_pyramid_slope_inv.proportion=0.0 
[3gH    H    H    H    H    H    H    H    H    H    H    H    H    H    H    H    H    H    H    H    H    H    H    H    H    H    H    H    H    H    H    H    H    H    H    H    H    H    H    H   [INFO] Using python from: /workspace/IsaacLab/_isaac_sim/python.sh
Loading user config located at: '/isaac-sim/kit/data/Kit/Isaac-Sim/5.1/user.config.json'
[Info] [carb] Logging to file: /isaac-sim/kit/logs/Kit/Isaac-Sim/5.1/kit_20260831_124955.log
2026-08-31T03:49:55Z [177ms] [Warning] [carb.windowing-glfw.plugin] GLFW initialization failed.
2026-08-31T03:49:55Z [177ms] [Warning] [carb] Failed to startup plugin carb.windowing-glfw.plugin (interfaces: [carb::windowing::IGLContext v1.0],[carb::windowing::IWindowing v1.5]) (impl: carb.windowing-glfw.plugin)
2026-08-31T03:49:55Z [189ms] [Warning] [omni.platforminfo.plugin] failed to open the default display.  Can't verify X Server version.

|---------------------------------------------------------------------------------------------|
| Driver Version: 580.126.09    | Graphics API: Vulkan
|=============================================================================================|
| GPU | Name                             | Active | LDA | GPU Memory | Vendor-ID | LUID       |
|     |                                  |        |     |            | Device-ID | UUID       |
|     |                                  |        |     |            | Bus-ID    |            |
|---------------------------------------------------------------------------------------------|
| 0   | NVIDIA GeForce RTX 5080          | Yes: 0 |     | 16303   MB | 10de      | 0          |
|     |                                  |        |     |            | 2c02      | f590048b.. |
|     |                                  |        |     |            | 1         |            |
|=============================================================================================|
| OS: 24.04.2 LTS (Noble Numbat) ubuntu, Version: 24.04.2, Kernel: 6.8.0-136-generic
| Processor: Intel(R) Core(TM) Ultra 5 250KF Plus
| Cores: 18 | Logical Cores: 18
|---------------------------------------------------------------------------------------------|
| Total Memory (MB): 64006 | Free Memory: 55163
| Total Page/Swap (MB): 8191 | Free Page/Swap: 0
|---------------------------------------------------------------------------------------------|
2026-08-31T03:49:55Z [641ms] [Warning] [gpu.foundation.plugin] CPU performance profile is set to powersave. This profile sets the CPU to the lowest frequency reducing performance.
2026-08-31T03:49:55Z [652ms] [Warning] [gpu.foundation.plugin] IOMMU is enabled.
2026-08-31T03:49:56Z [979ms] [Warning] [carb.windowing-glfw.plugin] GLFW initialization failed.
2026-08-31T03:49:56Z [979ms] [Warning] [carb] Failed to startup plugin carb.windowing-glfw.plugin (interfaces: [carb::windowing::IGLContext v1.0],[carb::windowing::IWindowing v1.5]) (impl: carb.windowing-glfw.plugin)
2026-08-31T03:49:56Z [992ms] [Warning] [carb.windowing-glfw.plugin] GLFW initialization failed.
2026-08-31T03:49:56Z [992ms] [Warning] [carb] Failed to startup plugin carb.windowing-glfw.plugin (interfaces: [carb::windowing::IGLContext v1.0],[carb::windowing::IWindowing v1.5]) (impl: carb.windowing-glfw.plugin)
2026-08-31T03:49:56Z [998ms] [Warning] [carb.windowing-glfw.plugin] GLFW initialization failed.
2026-08-31T03:49:56Z [998ms] [Warning] [carb] Failed to startup plugin carb.windowing-glfw.plugin (interfaces: [carb::windowing::IGLContext v1.0],[carb::windowing::IWindowing v1.5]) (impl: carb.windowing-glfw.plugin)
2026-08-31T03:49:56Z [1,002ms] [Warning] [carb.windowing-glfw.plugin] GLFW initialization failed.
2026-08-31T03:49:56Z [1,002ms] [Warning] [carb] Failed to startup plugin carb.windowing-glfw.plugin (interfaces: [carb::windowing::IGLContext v1.0],[carb::windowing::IWindowing v1.5]) (impl: carb.windowing-glfw.plugin)
2026-08-31T03:49:56Z [1,003ms] [Warning] [carb.windowing-glfw.plugin] GLFW initialization failed.
2026-08-31T03:49:56Z [1,003ms] [Warning] [carb] Failed to startup plugin carb.windowing-glfw.plugin (interfaces: [carb::windowing::IGLContext v1.0],[carb::windowing::IWindowing v1.5]) (impl: carb.windowing-glfw.plugin)
2026-08-31T03:49:56Z [1,004ms] [Warning] [carb.windowing-glfw.plugin] GLFW initialization failed.
2026-08-31T03:49:56Z [1,004ms] [Warning] [carb] Failed to startup plugin carb.windowing-glfw.plugin (interfaces: [carb::windowing::IGLContext v1.0],[carb::windowing::IWindowing v1.5]) (impl: carb.windowing-glfw.plugin)
[INFO][AppLauncher]: Using device: cuda:0
[INFO][AppLauncher]: Loading experience file: /workspace/IsaacLab/apps/isaaclab.python.headless.rendering.kit
[INFO]: Parsing configuration from: h1_task.env_cfg:HumanoidRoughEnvCfg
[Humanoid:student] 9 reward 항목 로드
  [OK] track_lin_vel_xy_exp.weight = 1.0
  [OK] track_ang_vel_z_exp.weight = 1.0
  [OK] feet_air_time.weight = 0.2
  [OK] termination_penalty.weight = -50.0
  [OK] flat_orientation_l2.weight = -1.5
  [OK] ang_vel_xy_l2.weight = -0.05
  [OK] joint_deviation_hip.weight = -0.2
  [OK] joint_deviation_torso.weight = -0.1
  [OK] action_rate_l2.weight = -0.0005
[Humanoid:student] sub_terrains keys = ['pyramid_stairs', 'pyramid_stairs_inv', 'boxes', 'random_rough', 'hf_pyramid_slope', 'hf_pyramid_slope_inv']
[Humanoid:student] 박스류 override: ['boxes.grid_height']
[Humanoid:student] 계단 width override: ['pyramid_stairs.step_width=0.30', 'pyramid_stairs_inv.step_width=0.30']
[Humanoid:student] proportion: ['boxes: 0.20→0.30', 'random_rough: 0.20→0.10', 'pyramid_stairs: 0.20→0.15', 'pyramid_stairs_inv: 0.20→0.15']
[INFO]: Parsing configuration from: h1_task.agent_cfg:HumanoidPPORunnerCfg
Error executing job with overrides: ['agent.seed=42', 'env.commands.base_velocity.heading_command=false', 'env.commands.base_velocity.rel_standing_envs=0.0', 'env.commands.base_velocity.resampling_time_range=[1000.0,1000.0]', 'env.commands.base_velocity.ranges.lin_vel_x=[0.50,0.50]', 'env.commands.base_velocity.ranges.lin_vel_y=[0.00,0.00]', 'env.commands.base_velocity.ranges.ang_vel_z=[0.00,0.00]', 'env.scene.terrain.terrain_type=generator', 'env.curriculum.terrain_levels=null', 'env.scene.terrain.terrain_generator.seed=42', 'env.scene.terrain.terrain_generator.curriculum=false', 'env.scene.terrain.terrain_generator.num_rows=1', 'env.scene.terrain.terrain_generator.num_cols=4', 'env.scene.terrain.terrain_generator.difficulty_range=[1.0,1.0]', 'env.scene.terrain.max_init_terrain_level=0', 'env.scene.terrain.terrain_generator.sub_terrains.pyramid_stairs.proportion=0.0', 'env.scene.terrain.terrain_generator.sub_terrains.pyramid_stairs_inv.proportion=0.0', 'env.scene.terrain.terrain_generator.sub_terrains.boxes.proportion=0.0', 'env.scene.terrain.terrain_generator.sub_terrains.random_rough.proportion=1.0', 'env.scene.terrain.terrain_generator.sub_terrains.random_rough.noise_range=[0.02,0.10]', 'env.scene.terrain.terrain_generator.sub_terrains.hf_pyramid_slope.proportion=0.0', 'env.scene.terrain.terrain_generator.sub_terrains.hf_pyramid_slope_inv.proportion=0.0']
Traceback (most recent call last):
  File "/workspace/IsaacLab/source/isaaclab_tasks/isaaclab_tasks/utils/hydra.py", line 90, in hydra_main
    env_cfg.from_dict(hydra_env_cfg["env"])
  File "/workspace/IsaacLab/source/isaaclab/isaaclab/utils/configclass.py", line 142, in _update_class_from_dict
    update_class_from_dict(obj, data, _ns="")
  File "/workspace/IsaacLab/source/isaaclab/isaaclab/utils/dict.py", line 102, in update_class_from_dict
    update_class_from_dict(obj_mem, value, _ns=key_ns)
  File "/workspace/IsaacLab/source/isaaclab/isaaclab/utils/dict.py", line 102, in update_class_from_dict
    update_class_from_dict(obj_mem, value, _ns=key_ns)
  File "/workspace/IsaacLab/source/isaaclab/isaaclab/utils/dict.py", line 102, in update_class_from_dict
    update_class_from_dict(obj_mem, value, _ns=key_ns)
  File "/workspace/IsaacLab/source/isaaclab/isaaclab/utils/dict.py", line 154, in update_class_from_dict
    raise ValueError(
ValueError: [Config]: Incorrect type under namespace: /scene/terrain/terrain_generator/seed. Expected: <class 'NoneType'>, Received: <class 'int'>.

Set the environment variable HYDRA_FULL_ERROR=1 for a complete stack trace.
2026-08-31T03:49:56Z [1,119ms] [Warning] [omni.log] Source: omni.hydra was already registered.
2026-08-31T03:49:56Z [1,299ms] [Warning] [carb] Acquiring non optional plugin interface which is not listed as dependency: [omni::physx::IPhysxBenchmarks v1.0] (plugin: <default plugin>), by client: omni.physics.physx.plugin. Add it to CARB_PLUGIN_IMPL_DEPS() macro of a client.
2026-08-31T03:49:56Z [1,303ms] [Warning] [omni.isaac.dynamic_control] omni.isaac.dynamic_control is deprecated as of Isaac Sim 4.5. No action is needed from end-users.
2026-08-31T03:49:57Z [2,454ms] [Warning] [pxr.Semantics] pxr.Semantics is deprecated - please use Semantics instead
2026-08-31T03:49:57Z [2,515ms] [Warning] [omni.graph.core.plugin] Found duplicate of category 'Replicator' - was 'Annotators', adding 'Fabric Reader'
2026-08-31T03:49:57Z [2,515ms] [Warning] [omni.graph.core.plugin] Category 'Replicator' not accepted on node type 'omni.replicator.core.FabricReader' in extension 'omni.replicator.core'
2026-08-31T03:49:57Z [2,516ms] [Warning] [omni.replicator.core.scripts.extension] No material configuration file, adding configuration to material settings directly.
2026-08-31T03:49:58Z [3,259ms] [Warning] [omni.kvdb.plugin] Disabling key-value database because another kit process is locking it
2026-08-31T03:49:59Z [4,631ms] [Warning] [omni.fabric.plugin] Warning: attribute viewportHandle not found for bucket id 7

2026-08-31T03:50:01Z [6,432ms] [Warning] [omni.graph.core.plugin] Could not find category 'Replicator:Annotators' for removal
2026-08-31T03:50:01Z [6,432ms] [Warning] [omni.graph.core.plugin] Could not find category 'Replicator:Annotators' for removal
2026-08-31T03:50:01Z [6,432ms] [Warning] [omni.graph.core.plugin] Could not find category 'Replicator' for removal
2026-08-31T03:50:01Z [6,432ms] [Warning] [omni.graph.core.plugin] Could not find category 'Replicator:Annotators' for removal
2026-08-31T03:50:01Z [6,432ms] [Warning] [omni.graph.core.plugin] Could not find category 'Replicator:Annotators' for removal
2026-08-31T03:50:01Z [6,432ms] [Warning] [omni.graph.core.plugin] Could not find category 'Replicator:Annotators' for removal
2026-08-31T03:50:01Z [6,432ms] [Warning] [omni.graph.core.plugin] Could not find category 'Replicator:Annotators' for removal
2026-08-31T03:50:01Z [6,432ms] [Warning] [omni.graph.core.plugin] Could not find category 'Replicator:Annotators' for removal
2026-08-31T03:50:01Z [6,432ms] [Warning] [omni.graph.core.plugin] Could not find category 'Replicator:Annotators' for removal
2026-08-31T03:50:01Z [6,432ms] [Warning] [omni.graph.core.plugin] Could not find category 'Replicator:Annotators' for removal
2026-08-31T03:50:01Z [6,432ms] [Warning] [omni.graph.core.plugin] Could not find category 'Replicator:Annotators' for removal
2026-08-31T03:50:01Z [6,432ms] [Warning] [omni.graph.core.plugin] Could not find category 'Replicator:Annotators' for removal
2026-08-31T03:50:01Z [6,432ms] [Warning] [omni.graph.core.plugin] Could not find category 'Replicator:Annotators' for removal
2026-08-31T03:50:01Z [6,432ms] [Warning] [omni.graph.core.plugin] Could not find category 'Replicator:Core' for removal
2026-08-31T03:50:01Z [6,434ms] [Warning] [omni.physx.plugin] USD stage detach not called, holding a loose ptr to a stage!
2026-08-31T03:50:01Z [6,437ms] [Warning] [omni.fabric.plugin] gFabricState->gUsdStageToSimStageWithHistoryMap had 1 outstanding SimStageWithHistory(s) at shutdown
2026-08-31T03:50:01Z [6,483ms] [Warning] [carb] Recursive unloadAllPlugins() detected!
There was an error running python
There was an error running python
[FAIL] H5_rough rc=1 or artifact missing
