arm,layer,case,seed,env,event,t,push_detected,jump,pre_upright,pre_h,pre_tilt,pre_speed,fell_after,peak_tilt_1p5,min_h_1p5
PC2_B1,pc2,push_pos_x,101,0,1,4.0,1,0.5326820009696316,1,0.2699467786015036,11.201916756683058,0.031509281128672045,0,11.466505171701039,0.266535394969471
PC2_B1,pc2,push_pos_x,101,0,2,8.0,1,0.48258941646737197,1,0.2691433028900687,10.528170761719835,0.024582848789630796,0,10.483232584409581,0.26540214891102226
PC2_B1,pc2,push_pos_x,101,0,3,12.0,1,0.4659389479956175,1,0.27079066267625534,10.27818384911345,0.030848089097490528,0,10.703625377888049,0.26583525299388455
PC2_B1,pc2,push_pos_x,101,0,4,16.0,1,0.47783151995231876,1,0.2694523204616047,10.15756641758729,0.027126858949051008,0,10.395156155821024,0.2620900531503606
PC2_B1,pc2,push_pos_x,101,1,1,4.0,1,0.5156316476981945,1,0.28242588585073297,12.580090757072814,0.03966769431005897,0,12.987834643677147,0.2766102707003527
PC2_B1,pc2,push_pos_x,101,1,2,8.0,1,0.5418463028099969,1,0.28403430228883575,12.175517990399701,0.02062145424981738,0,12.425464376177512,0.2814271654037231
PC2_B1,pc2,push_pos_x,101,1,3,12.0,1,0.4846408462495939,1,0.2817126410530213,11.971568048584107,0.02238035361606247,0,12.138040862642978,0.2790518111404888
PC2_B1,pc2,push_pos_x,101,1,4,16.0,1,0.5338985969261213,1,0.28366279044253306,11.780904346392097,0.034256100109573945,0,12.14761971362718,0.2787612297318198
PC2_B1,pc2,push_pos_x,101,2,1,4.0,1,0.4630503448020093,1,0.2677553812450266,10.947439778653564,0.030316402450962524,0,13.532908088587547,0.2650943288509858
PC2_B1,pc2,push_pos_x,101,2,2,8.0,1,0.4588101106742516,1,0.26835908441938816,12.544157956486341,0.027322138596773675,0,14.500887675851484,0.26033240317660855
PC2_B1,pc2,push_pos_x,101,2,3,12.0,1,0.48609835116301825,1,0.2670719190874202,13.087098578057361,0.020513336690817587,0,14.65631913623884,0.25988619419980175
PC2_B1,pc2,push_pos_x,101,2,4,16.0,1,0.4645110481568742,1,0.2692011247344196,13.305775567049855,0.026805009090494655,0,14.46262226931982,0.2602833428166129
PC2_B1,pc2,push_pos_x,101,3,1,4.0,1,0.4934527721809417,1,0.2846435593729988,12.281930130343161,0.025694241581546373,0,14.496959172418775,0.28173091832329245
PC2_B1,pc2,push_pos_x,101,3,2,8.0,1,0.48525145168578154,1,0.2859883721977632,12.749523026008447,0.026233274554010026,0,16.294775568815822,0.2846232265393364
PC2_B1,pc2,push_pos_x,101,3,3,12.0,1,0.4242648449335709,1,0.28812599771800523,15.561622837762574,0.0348205814407444,0,16.435098377285723,0.28427119943547374
PC2_B1,pc2,push_pos_x,101,3,4,16.0,1,0.5097749389675256,1,0.2868252187011076,13.471160393968727,0.03671629462164718,0,15.856332637341476,0.2847396455665323
PC2_B1,pc2,push_pos_x,101,4,1,4.0,1,0.4749754249943357,1,0.26689794356810215,11.486690114838439,0.030504416688556298,0,12.913761816581001,0.25992966718214716
PC2_B1,pc2,push_pos_x,101,4,2,8.0,1,0.46910948133146874,1,0.2694407238520403,12.349584015142604,0.028059462124538432,0,13.597438542128355,0.2511717337656786
PC2_B1,pc2,push_pos_x,101,4,3,12.0,1,0.47469365494074783,1,0.27158628220864156,13.048846512298356,0.027469055601122477,0,14.744829551756386,0.2614304721355438
PC2_B1,pc2,push_pos_x,101,4,4,16.0,1,0.4754135532539515,1,0.26967386144367766,12.236582552394438,0.02838436770039801,0,13.363804407805391,0.2588879612677875
PC2_B1,pc2,push_pos_x,101,5,1,4.0,1,0.4432681442484397,1,0.2826712054205451,12.12958418130848,0.026387429655069752,0,13.892720737737806,0.27568752880402425
PC2_B1,pc2,push_pos_x,101,5,2,8.0,1,0.4651112736163912,1,0.2839031268090488,14.089520655342005,0.0320521457401626,0,15.262982446583873,0.2762810862000613
PC2_B1,pc2,push_pos_x,101,5,3,12.0,1,0.4879594809460803,1,0.2852027674409795,14.476221637278627,0.03371235338361931,0,15.057767216376504,0.273527560227695
PC2_B1,pc2,push_pos_x,101,5,4,16.0,1,0.4484580520773401,1,0.281987887413744,14.166194791679608,0.02675813609345933,0,15.810759418221448,0.27612120454961603
PC2_B1,pc2,push_pos_x,101,6,1,4.0,1,0.5246506099743109,1,0.27952734520409833,11.589287792730854,0.0335069534379793,0,13.538817466845781,0.2752205468116597
PC2_B1,pc2,push_pos_x,101,6,2,8.0,1,0.5041741998802298,1,0.28115506310832694,13.023508137551534,0.03484673365368519,0,13.667409033626672,0.27882102275277204
PC2_B1,pc2,push_pos_x,101,6,3,12.0,1,0.4689907998025896,1,0.2811660334706944,13.835576947155868,0.027884988752635127,0,14.264994432888155,0.2789842188358307
PC2_B1,pc2,push_pos_x,101,6,4,16.0,1,0.5208378777194251,1,0.2845647452986814,13.982304298007247,0.027207201688335868,0,15.29547157149536,0.28304661977737344
PC2_B1,pc2,push_pos_x,101,7,1,4.0,1,0.48119952652229725,1,0.27792917654157323,12.201560277447943,0.021442864798408984,0,13.928192065173903,0.27501063646479723
PC2_B1,pc2,push_pos_x,101,7,2,8.0,1,0.4808581364385195,1,0.27824776846776034,13.570604341523076,0.0213450591832412,0,15.417953395135628,0.2745394540980538
PC2_B1,pc2,push_pos_x,101,7,3,12.0,1,0.5348513860190273,1,0.27643839998997466,13.42292534409669,0.032079235992611685,0,14.618370644319807,0.2689979114634468
PC2_B1,pc2,push_pos_x,101,7,4,16.0,1,0.5322943507476939,1,0.2780521678573945,13.066283893253722,0.03449824241609005,0,14.457315749515507,0.2725560005335884
PC2_B1,pc2,push_pos_x,101,8,1,4.0,1,0.513663453728631,1,0.2740635706141671,11.346203087717951,0.025654469844538275,0,11.898419925620962,0.2664300475847275
PC2_B1,pc2,push_pos_x,101,8,2,8.0,1,0.4755481058133003,1,0.2677377496651787,10.70849697387603,0.04360605650082554,0,12.209249676633087,0.2611665228471399
PC2_B1,pc2,push_pos_x,101,8,3,12.0,1,0.4882804596427633,1,0.2659229963699127,11.466161143148243,0.029380351053269665,0,12.714838254240783,0.26379987724962084
PC2_B1,pc2,push_pos_x,101,8,4,16.0,1,0.4851655302679352,1,0.2676047438924963,11.229867783951494,0.031128072689705494,0,11.448487641876996,0.2629293547594611
PC2_B1,pc2,push_pos_x,101,9,1,4.0,1,0.5175081009698609,1,0.28211817750956286,12.087407667735908,0.03447118073028714,0,12.40910597018823,0.2810723670026198
PC2_B1,pc2,push_pos_x,101,9,2,8.0,1,0.49313438496021095,1,0.28483912340778716,12.286440702034142,0.023667107602615135,0,12.817073632214507,0.28474546785660604
PC2_B1,pc2,push_pos_x,101,9,3,12.0,1,0.4598198710328075,1,0.28775721764500767,12.41970082628579,0.03508500173328533,0,13.254797988901775,0.28348609773232974
PC2_B1,pc2,push_pos_x,101,9,4,16.0,1,0.5237457436132337,1,0.2921241391151347,12.864453426817057,0.024371249830133758,0,13.551809197944609,0.2842653028786501
PC2_B1,pc2,push_pos_x,101,10,1,4.0,1,0.5009789136529342,1,0.2680266529799783,11.44360827580111,0.029164178569957656,0,13.203970786766767,0.26416873374087285
PC2_B1,pc2,push_pos_x,101,10,2,8.0,1,0.4474459975996723,1,0.26762042326085705,12.400466027010433,0.0286342080527983,0,14.33363166257394,0.2686763915786131
PC2_B1,pc2,push_pos_x,101,10,3,12.0,1,0.47255818893572304,1,0.2779601038617884,13.749708235730722,0.02597825630248997,0,13.941451514346111,0.2742923456717302
PC2_B1,pc2,push_pos_x,101,10,4,16.0,1,0.4895705373741758,1,0.28257784550202725,12.961991799295475,0.03804700536108095,0,13.914977035581273,0.25053582519770945
PC2_B1,pc2,push_pos_x,101,11,1,4.0,1,0.5150871730813241,1,0.273563042920541,11.277396711387222,0.023710286301465953,0,11.559637210394145,0.271991913172013
PC2_B1,pc2,push_pos_x,101,11,2,8.0,1,0.48907539008377193,1,0.2739925551860728,11.681791357634769,0.02388496269099041,0,12.552135523464724,0.26981074080110234
PC2_B1,pc2,push_pos_x,101,11,3,12.0,1,0.5543601513011145,1,0.2755464848509447,11.977485450265409,0.024749481904035107,0,13.163347196908395,0.27106051298386274
PC2_B1,pc2,push_pos_x,101,11,4,16.0,1,0.5099487604316928,1,0.27515128677222817,13.079864728875723,0.024722406769893686,0,13.339921132041766,0.2708219061879551
PC2_B1,pc2,push_pos_x,101,12,1,4.0,1,0.47739081288354324,1,0.27299980500483895,12.431754354322546,0.026582109458506885,0,12.697277520131712,0.2710433828639474
PC2_B1,pc2,push_pos_x,101,12,2,8.0,1,0.5399554245163531,1,0.2742740389975634,12.601038086748796,0.03828053422413373,0,13.252891327349811,0.2723557287677724
PC2_B1,pc2,push_pos_x,101,12,3,12.0,1,0.4306888398700206,1,0.27197919013028476,12.184719901624693,0.020531381493902115,0,13.324904209290708,0.2708394532216424
PC2_B1,pc2,push_pos_x,101,12,4,16.0,1,0.4781144737974706,1,0.2739898393498385,12.736767251515293,0.026628913815577138,0,14.146176756180257,0.2705670163274449
PC2_B1,pc2,push_pos_x,101,13,1,4.0,1,0.471906413140536,1,0.27591555944101054,12.100561109012467,0.02645483859378859,0,14.55225794380441,0.2757987442182347
PC2_B1,pc2,push_pos_x,101,13,2,8.0,1,0.46808746260179357,1,0.2809362338985351,13.896151051207095,0.027234051436715985,0,15.795372592145252,0.27048354767223093
PC2_B1,pc2,push_pos_x,101,13,3,12.0,1,0.508787110486581,1,0.2738537395542318,13.071559751692066,0.02696225212820231,0,14.65360593198284,0.26564108544492465
PC2_B1,pc2,push_pos_x,101,13,4,16.0,1,0.4667821644237316,1,0.2781252765400525,13.854094317066675,0.04414874356720204,0,15.841201632168303,0.2691357919876588
PC2_B1,pc2,push_pos_x,101,14,1,4.0,1,0.5148529989163363,1,0.2753176839753268,11.769133797167946,0.030614498224600814,0,11.783164806132696,0.27280852357971475
PC2_B1,pc2,push_pos_x,101,14,2,8.0,1,0.42484727054610605,1,0.27592261406508356,11.831105080236583,0.025461680184574464,0,11.826317348004649,0.2736448745995282
PC2_B1,pc2,push_pos_x,101,14,3,12.0,1,0.5279270098789799,1,0.2750120185275766,11.221210812865891,0.02265419573879001,0,11.62089801384729,0.27522825652902777
PC2_B1,pc2,push_pos_x,101,14,4,16.0,1,0.5209176703666392,1,0.277241945346409,11.431122654647218,0.0319671911185513,0,12.01338906791269,0.27456699319701783
PC2_B1,pc2,push_pos_x,101,15,1,4.0,1,0.47030046683977167,1,0.2801962388071784,11.565082797596045,0.029072648856271983,0,11.505607453015275,0.2711412772775334
PC2_B1,pc2,push_pos_x,101,15,2,8.0,1,0.46384887175040174,1,0.27164951931027803,11.103561355578648,0.03694124204474594,0,11.342880488398615,0.27069356543495054
PC2_B1,pc2,push_pos_x,101,15,3,12.0,1,0.5146494729969947,1,0.27164451020924163,10.830186822820263,0.03125225701588268,0,11.614843947445967,0.26743597254396123
PC2_B1,pc2,push_pos_x,101,15,4,16.0,1,0.492186066931551,1,0.2695137503790983,10.984576678254653,0.028882818998941726,0,11.450431717149675,0.2673261487547727
PC2_B1,pc2,push_pos_x,101,16,1,4.0,1,0.4702425168962565,1,0.27603822842957504,11.697676979894005,0.030803196086493567,0,11.883387125982972,0.2766821554956589
PC2_B1,pc2,push_pos_x,101,16,2,8.0,1,0.4829886842917078,1,0.2776819371922131,11.013908277382102,0.021821151203870664,0,11.591752269481116,0.27564010310938014
PC2_B1,pc2,push_pos_x,101,16,3,12.0,1,0.5008663869409321,1,0.2804116981233505,11.183962826569243,0.03706605316211338,0,11.410452436845379,0.27606225922145944
PC2_B1,pc2,push_pos_x,101,16,4,16.0,1,0.5294222838068783,1,0.28010471611418186,11.69728151565964,0.025505312019300966,0,11.91490629414888,0.27619378547617457
PC2_B1,pc2,push_pos_x,101,17,1,4.0,1,0.5163777886238182,1,0.28097789316253863,11.414646241052331,0.03904007426603123,0,13.711364322184783,0.2745630669402566
PC2_B1,pc2,push_pos_x,101,17,2,8.0,1,0.5100898049791117,1,0.28326711162207596,13.43212020847764,0.04177652216540655,0,14.418635457018107,0.2793707256329888
PC2_B1,pc2,push_pos_x,101,17,3,12.0,1,0.46979505062901283,1,0.28578477380747463,13.196214570097244,0.02965815838287226,0,14.922206603663438,0.28049777456145875
PC2_B1,pc2,push_pos_x,101,17,4,16.0,1,0.5031234744858663,1,0.28153304285544123,12.96951757150041,0.021778981030047384,0,14.490245567972108,0.27734974090428277
PC2_B1,pc2,push_pos_x,101,18,1,4.0,1,0.5243126912293293,1,0.26926171038558777,12.319456814453133,0.02383154692548855,0,12.773078967611973,0.26051165362730383
PC2_B1,pc2,push_pos_x,101,18,2,8.0,1,0.5303698265962576,1,0.27308234389134267,12.399805546386489,0.02856446619897935,0,12.38605702721535,0.2566770170142944
PC2_B1,pc2,push_pos_x,101,18,3,12.0,1,0.5252118238880212,1,0.2694114539871879,11.968801162133643,0.027721443834546212,0,12.808881200650202,0.2613443598390263
PC2_B1,pc2,push_pos_x,101,18,4,16.0,1,0.5108767217340664,1,0.27051232946429027,11.970845646247863,0.026538109052674924,0,12.965402276490968,0.2510527746881393
PC2_B1,pc2,push_pos_x,101,19,1,4.0,1,0.5354318349726581,1,0.28580387223531856,12.88256622612036,0.037996945664749086,0,14.91951415465362,0.277805616830122
PC2_B1,pc2,push_pos_x,101,19,2,8.0,1,0.5004632235462775,1,0.283355935531504,14.186809356286005,0.027425496583288994,0,15.131599330370992,0.2825843777886049
PC2_B1,pc2,push_pos_x,101,19,3,12.0,1,0.4876732028293261,1,0.28227974283185236,13.717606832079,0.031217122455439325,0,14.391015044069205,0.28019500527789887
PC2_B1,pc2,push_pos_x,101,19,4,16.0,1,0.5301705409037707,1,0.2830786235670355,14.349280093972045,0.03983146788757565,0,14.524287071138975,0.28277260049141667
PC2_B1,pc2,push_pos_x,101,20,1,4.0,1,0.4905310929444107,1,0.2773659622924213,11.985733776587974,0.028522239871855135,0,13.465375966410324,0.27265740684009493
PC2_B1,pc2,push_pos_x,101,20,2,8.0,1,0.4899996483154209,1,0.27669340228651934,12.701370820955924,0.02626519806834663,0,15.017739911415342,0.2723707029207505
PC2_B1,pc2,push_pos_x,101,20,3,12.0,1,0.5068293988273377,1,0.27899503652105995,13.282270642964614,0.025900929532774387,0,16.704834894120932,0.27611746666903164
PC2_B1,pc2,push_pos_x,101,20,4,16.0,1,0.49331568187784414,1,0.2792310198360586,14.403760785933443,0.019942564931298673,0,15.58747899941528,0.27835588133271366
PC2_B1,pc2,push_pos_x,101,21,1,4.0,1,0.5444079156503697,1,0.27989574964033725,12.373962771500143,0.0345390588595236,0,12.678276965263226,0.26714452607108946
PC2_B1,pc2,push_pos_x,101,21,2,8.0,1,0.5335755216118706,1,0.27186436616481946,11.39098646377374,0.03242701586380144,0,11.72821862471766,0.26845888052394684
PC2_B1,pc2,push_pos_x,101,21,3,12.0,1,0.4780529984364253,1,0.2701254503771583,10.824065103661352,0.030046919255820537,0,11.493496354509555,0.2687470761531177
PC2_B1,pc2,push_pos_x,101,21,4,16.0,1,0.4935062024691435,1,0.27282972753366685,10.765314490292997,0.033488865285559125,0,11.70479201586358,0.270823501329371
PC2_B1,pc2,push_pos_x,101,22,1,4.0,1,0.46647373074785353,1,0.2681413335914918,12.344569146363597,0.0300257500056025,0,12.680766356182978,0.26766889968657875
PC2_B1,pc2,push_pos_x,101,22,2,8.0,1,0.5523665724267353,1,0.2682697407223962,12.669186441382866,0.023939569552325853,0,12.773465127022034,0.26607809873188243
PC2_B1,pc2,push_pos_x,101,22,3,12.0,1,0.450743724256451,1,0.26876021395711336,12.278028481775,0.021959505747758436,0,12.117429211483364,0.26587904981750854
PC2_B1,pc2,push_pos_x,101,22,4,16.0,1,0.4880876236469125,1,0.270695237233677,11.702325339996051,0.028798540807409633,0,12.223661775357876,0.26442269319519
PC2_B1,pc2,push_pos_x,101,23,1,4.0,1,0.4851013234999787,1,0.27752198215155677,11.908137357400165,0.0318889814813672,0,13.164876739818833,0.27082785565585377
PC2_B1,pc2,push_pos_x,101,23,2,8.0,1,0.43915519092978117,1,0.276369741415595,12.886410109132946,0.03272295602805048,0,13.915630269009606,0.27204496672446715
PC2_B1,pc2,push_pos_x,101,23,3,12.0,1,0.4600278756519073,1,0.27679703006132406,13.453087548080706,0.02854454871421961,0,14.144402002819188,0.27556995099241083
PC2_B1,pc2,push_pos_x,101,23,4,16.0,1,0.4852814736848971,1,0.2787640191176358,14.129776417263322,0.026016922132293084,0,14.690913294106759,0.27626057343686966
PC2_B1,pc2,push_pos_x,101,24,1,4.0,1,0.5021892282554311,1,0.2657949534807613,11.762912122770828,0.022993886489663586,0,14.017620431808176,0.2629368042244631
PC2_B1,pc2,push_pos_x,101,24,2,8.0,1,0.5041062363862503,1,0.26718590826911726,12.782667184059804,0.024765680949583577,0,14.951739323808486,0.2611746764119296
PC2_B1,pc2,push_pos_x,101,24,3,12.0,1,0.5085773454819463,1,0.26508898076845366,13.145519625958489,0.023513407837613666,0,14.459627328764327,0.2597965704884759
PC2_B1,pc2,push_pos_x,101,24,4,16.0,1,0.5240636499775555,1,0.2657238395615695,13.1616292236249,0.027093450991964214,0,17.135340340904268,0.2514156839426826
PC2_B1,pc2,push_pos_x,101,25,1,4.0,1,0.48700083911338427,1,0.26454221086706065,11.205407840218584,0.02191164682388242,0,11.551880338498513,0.25841395788014254
PC2_B1,pc2,push_pos_x,101,25,2,8.0,1,0.5052780125978205,1,0.26104000609188793,10.262933722773539,0.028598349205810024,0,10.596038692091973,0.2569035352232622
PC2_B1,pc2,push_pos_x,101,25,3,12.0,1,0.5087371056466257,1,0.25962479356775947,10.230413119163739,0.039415152309709954,0,10.273356016897036,0.25537984925795365
PC2_B1,pc2,push_pos_x,101,25,4,16.0,1,0.5119600866869004,1,0.2587458951906724,9.465175624711277,0.025719763318859532,0,10.377539371928,0.2524349161966599
PC2_B1,pc2,push_pos_x,101,26,1,4.0,1,0.4967615215844926,1,0.2683985517783598,11.63771264076045,0.022459152816002893,0,13.415332240501158,0.2633154522926412
PC2_B1,pc2,push_pos_x,101,26,2,8.0,1,0.45983352095924485,1,0.26677686908347087,13.037082235269876,0.02899379409680903,0,15.14421909486211,0.2612948384195726
PC2_B1,pc2,push_pos_x,101,26,3,12.0,1,0.4886168755389398,1,0.2689924343703265,12.4925400686566,0.02536165653712516,0,14.320203372984066,0.2610804553337913
PC2_B1,pc2,push_pos_x,101,26,4,16.0,1,0.45876094330107,1,0.26675896147355677,13.140512596825761,0.032525353237446875,0,14.705624669196638,0.25764760343148746
PC2_B1,pc2,push_pos_x,101,27,1,4.0,1,0.47833853070014176,1,0.2643741979637248,10.673490775722533,0.02347231379575984,0,11.203085766571691,0.26185888657595385
PC2_B1,pc2,push_pos_x,101,27,2,8.0,1,0.5029890024017694,1,0.26531131278703557,11.025479097010368,0.025082237780833926,0,11.579644984215925,0.26300768323123136
PC2_B1,pc2,push_pos_x,101,27,3,12.0,1,0.4497469153923443,1,0.2679168799503602,11.555043255292652,0.018289185122205575,0,11.822984201786308,0.26397818805062195
PC2_B1,pc2,push_pos_x,101,27,4,16.0,1,0.5061637991748081,1,0.2681458727879958,10.82135687171963,0.02089851188426199,0,12.148447366675907,0.26132368945820444
PC2_B1,pc2,push_pos_x,101,28,1,4.0,1,0.44734976500512597,1,0.271902252088256,11.978462142517994,0.029174893615433718,0,12.033946942328823,0.27230451674384865
PC2_B1,pc2,push_pos_x,101,28,2,8.0,1,0.5124725371058261,1,0.2748198599260759,11.19624454028885,0.0332890136498301,0,11.285436679009008,0.27272524553186756
PC2_B1,pc2,push_pos_x,101,28,3,12.0,1,0.5004316806196522,1,0.2767357533787661,10.883596858498034,0.029479993723627782,0,11.177058707735696,0.2709775753518477
PC2_B1,pc2,push_pos_x,101,28,4,16.0,1,0.524919741379646,1,0.2726629996363492,11.410673346568775,0.027566018680436816,0,11.308326850474177,0.26999127609844514
PC2_B1,pc2,push_pos_x,101,29,1,4.0,1,0.5320285932628491,1,0.2663793343114343,11.185492828686604,0.024700506317540907,0,11.297924732122901,0.2635653823773491
PC2_B1,pc2,push_pos_x,101,29,2,8.0,1,0.5483623000145187,1,0.2649804364869939,10.303168603727233,0.022234877237694517,0,10.766859391865617,0.2647534325161082
PC2_B1,pc2,push_pos_x,101,29,3,12.0,1,0.4941748123269792,1,0.26796471745891365,10.117997419577648,0.02059674821083516,0,10.353776194315811,0.2619085593975802
PC2_B1,pc2,push_pos_x,101,29,4,16.0,1,0.5000555998845974,1,0.26327887647610937,9.783451783871413,0.029941808530172635,0,10.56555572759573,0.2614281599853128
PC2_B1,pc2,push_pos_x,101,30,1,4.0,1,0.5081769319683206,1,0.2855479294125409,12.269475838666509,0.028074940126837637,0,13.206123565928062,0.2831562771835429
PC2_B1,pc2,push_pos_x,101,30,2,8.0,1,0.479595011359395,1,0.2878843782579198,12.72820800796142,0.02239577614041234,0,12.880743614424109,0.28389355141848804
PC2_B1,pc2,push_pos_x,101,30,3,12.0,1,0.4924904792915765,1,0.28799925776407675,12.672619105789668,0.023877834358738463,0,13.528149563714251,0.2839242742660849
PC2_B1,pc2,push_pos_x,101,30,4,16.0,1,0.48121669928482985,1,0.2871535085739299,12.761612229607358,0.03244538573609299,0,13.134733555648273,0.2845323444369005
PC2_B1,pc2,push_pos_x,101,31,1,4.0,1,0.4897543456132365,1,0.27518533791768995,12.057434160880828,0.02562249315844218,0,11.98197715757739,0.27553366036976085
PC2_B1,pc2,push_pos_x,101,31,2,8.0,1,0.43144227901655496,1,0.27851474675583965,11.942960818592667,0.03105521810282394,0,12.219515776054992,0.2749916083991209
PC2_B1,pc2,push_pos_x,101,31,3,12.0,1,0.520508881623837,1,0.277587485424975,11.731872238223016,0.01941904729038236,0,12.106133434071683,0.2748263342814012
PC2_B1,pc2,push_pos_x,101,31,4,16.0,1,0.4985511247273373,1,0.2792465646158565,11.672417723860239,0.032783109284555995,0,11.822450812426446,0.2700175859711387
PC2_B1,pc2,push_pos_x,202,0,1,4.0,1,0.483580137899866,1,0.2634110722471686,10.49099087434001,0.03466419785822075,0,10.305457316621979,0.2523267887492868
PC2_B1,pc2,push_pos_x,202,0,2,8.0,1,0.4788218036099397,1,0.26402552728665707,9.979040126860372,0.030240154682355205,0,10.045355728910517,0.24794667783905477
PC2_B1,pc2,push_pos_x,202,0,3,12.0,1,0.4963855786571183,1,0.26424468057678346,10.123689960226425,0.027465625921243093,0,10.459349467134592,0.25460302032888893
PC2_B1,pc2,push_pos_x,202,0,4,16.0,1,0.5477652674022239,1,0.26387199934791117,9.885762431895907,0.024299735377996325,0,10.134440174095452,0.2533229061945237
PC2_B1,pc2,push_pos_x,202,1,1,4.0,1,0.5094745115836553,1,0.27357778487039763,11.291699687142398,0.02272405762665288,0,14.834090728946453,0.26815124166840537
PC2_B1,pc2,push_pos_x,202,1,2,8.0,1,0.49089622340888794,1,0.2720526267978597,13.546326951056626,0.024579508448531406,0,15.271840378887182,0.2722231862060526
PC2_B1,pc2,push_pos_x,202,1,3,12.0,1,0.46326145728695006,1,0.2759308260392378,14.146463147406259,0.026461064561093962,0,16.308985956607216,0.2799553831312108
PC2_B1,pc2,push_pos_x,202,1,4,16.0,1,0.4251015713271133,1,0.2808444624278635,14.87816525362119,0.02312614863641399,0,15.67495889938742,0.27840049939359574
PC2_B1,pc2,push_pos_x,202,2,1,4.0,1,0.49438960139726773,1,0.2786246194718356,11.6760211965944,0.028229369998310272,0,14.726690835761476,0.2767783189839858
PC2_B1,pc2,push_pos_x,202,2,2,8.0,1,0.4973140986324543,1,0.2827222826168499,13.508480949429,0.024579102023502334,0,15.968041678609064,0.280498707039471
PC2_B1,pc2,push_pos_x,202,2,3,12.0,1,0.5544444284614207,1,0.28611565608391787,14.098033069221536,0.026402876432085373,0,16.942875469108458,0.28416033702738147
PC2_B1,pc2,push_pos_x,202,2,4,16.0,1,0.5087893808184452,1,0.2881442346674873,15.325224552883506,0.026222963428034297,0,16.904712221424287,0.2857129204081979
PC2_B1,pc2,push_pos_x,202,3,1,4.0,1,0.5254464628599366,1,0.2828020742710899,12.122694957118604,0.02512803009543634,0,12.71480722183076,0.2838079459208218
PC2_B1,pc2,push_pos_x,202,3,2,8.0,1,0.4866537874474109,1,0.28577450571213175,12.116655680405653,0.02747837733001689,0,12.541351148038418,0.2837138306648336
PC2_B1,pc2,push_pos_x,202,3,3,12.0,1,0.4926859517408022,1,0.2850435015192644,12.172441221157698,0.033208273073943556,0,12.282476129308217,0.2794958139485854
PC2_B1,pc2,push_pos_x,202,3,4,16.0,1,0.43404699548951514,1,0.2854967236837601,12.023286710175256,0.031047285243873735,0,12.84573740727432,0.2847251896870965
PC2_B1,pc2,push_pos_x,202,4,1,4.0,1,0.4576395637754324,1,0.280933921270192,12.445652520950159,0.024232517417588473,0,13.3528070440796,0.27985197767854375
PC2_B1,pc2,push_pos_x,202,4,2,8.0,1,0.5023211948009969,1,0.28169700845996326,12.48320400107486,0.020573726581437645,0,13.641614999307688,0.27867838788160026
PC2_B1,pc2,push_pos_x,202,4,3,12.0,1,0.5260995464027507,1,0.2822608997955679,13.108572415522211,0.03004048601486576,0,13.688754596356917,0.2780817973422494
PC2_B1,pc2,push_pos_x,202,4,4,16.0,1,0.4832212904496716,1,0.2830951804305143,12.620084809695241,0.036042385957884955,0,13.801497183451792,0.2797786969552066
PC2_B1,pc2,push_pos_x,202,5,1,4.0,1,0.5273919366942854,1,0.27230269473823,11.524817857774686,0.03138541190941631,0,13.30129375977895,0.2661401940220818
PC2_B1,pc2,push_pos_x,202,5,2,8.0,1,0.5086391032457408,1,0.273349868980321,13.147629092694642,0.02479437598770587,0,14.24237190470731,0.265327290577047
PC2_B1,pc2,push_pos_x,202,5,3,12.0,1,0.49905739936563687,1,0.27243033346326595,13.110012005051033,0.028493790391178758,0,16.474221863032984,0.26757241442879254
PC2_B1,pc2,push_pos_x,202,5,4,16.0,1,0.47827053716562506,1,0.2700854158975224,13.261281187935825,0.0232052616119987,0,14.983764676757863,0.2642018487427961
PC2_B1,pc2,push_pos_x,202,6,1,4.0,1,0.5072292500467315,1,0.2698785854692765,11.75716480544575,0.03035549291345441,0,12.985995863148013,0.26457127450621704
PC2_B1,pc2,push_pos_x,202,6,2,8.0,1,0.48566010558948286,1,0.27477896484461695,13.229162131749813,0.022475250909078374,0,13.359710997771389,0.26351599865418707
PC2_B1,pc2,push_pos_x,202,6,3,12.0,1,0.5103492873503628,1,0.272396838760631,13.0841644176596,0.02491839537421294,0,14.048464267788479,0.2687052416610208
PC2_B1,pc2,push_pos_x,202,6,4,16.0,1,0.4865867646854291,1,0.27232626295663453,14.01767681083465,0.028635563513701362,0,14.67996126448581,0.27175988551767116
PC2_B1,pc2,push_pos_x,202,7,1,4.0,1,0.5368885609962712,1,0.27793116748014235,11.629079523978744,0.03551725180092315,0,14.705638122236056,0.2758239397709382
PC2_B1,pc2,push_pos_x,202,7,2,8.0,1,0.47141811530813976,1,0.2782102186571468,13.602790405992387,0.029819227988956434,0,15.075844763307636,0.27719535945571044
PC2_B1,pc2,push_pos_x,202,7,3,12.0,1,0.4736630839278334,1,0.2813779267875906,13.430793842670974,0.027968313628301864,0,14.813975341335198,0.28118752540751574
PC2_B1,pc2,push_pos_x,202,7,4,16.0,1,0.4857236322022714,1,0.28121731227094476,13.515961114784531,0.02302305210521828,0,16.44077055937638,0.27870093803992246
PC2_B1,pc2,push_pos_x,202,8,1,4.0,1,0.5465633154084925,1,0.26929201337105446,11.897682767433203,0.023226242710150363,0,11.725126872445543,0.24780645002337062
PC2_B1,pc2,push_pos_x,202,8,2,8.0,1,0.4995589543244556,1,0.27014710821888666,11.526160564767723,0.026866245786469917,0,11.734332551101456,0.25869284482563243
PC2_B1,pc2,push_pos_x,202,8,3,12.0,1,0.5117259616291114,1,0.27093442700763437,11.786571342595545,0.02414634904078697,0,12.128535831256979,0.25750963780331737
PC2_B1,pc2,push_pos_x,202,8,4,16.0,1,0.5153607487650482,1,0.2703878140863888,11.661998355422757,0.027553219526787274,0,11.9910706309707,0.26306639763123213
PC2_B1,pc2,push_pos_x,202,9,1,4.0,1,0.45554779428335523,1,0.28090397941874945,12.33880920611642,0.029936867060731787,0,13.373213105921552,0.27914039145178976
PC2_B1,pc2,push_pos_x,202,9,2,8.0,1,0.5311661078232841,1,0.283928171915804,12.855560352459007,0.034066669422494825,0,14.64147824687128,0.2768216515607375
PC2_B1,pc2,push_pos_x,202,9,3,12.0,1,0.5086731345958787,1,0.2825104072291583,13.66409800268321,0.01961437967474385,0,14.657466363381019,0.27555671939875354
PC2_B1,pc2,push_pos_x,202,9,4,16.0,1,0.5259692005121772,1,0.27651591415711263,12.472789669923042,0.029624599959255815,0,13.547800708748655,0.2763012701814825
PC2_B1,pc2,push_pos_x,202,10,1,4.0,1,0.4362301174795969,1,0.2793224205307782,12.160984736487421,0.02120768815097013,0,12.530353009891776,0.27638450392427294
PC2_B1,pc2,push_pos_x,202,10,2,8.0,1,0.46783059609512806,1,0.2810879680402776,12.307486523805853,0.029861155919466295,0,13.013565925325711,0.27492881968697125
PC2_B1,pc2,push_pos_x,202,10,3,12.0,1,0.5003001992079469,1,0.2825540865168852,12.038262320380644,0.03238280798532189,0,14.20523410511942,0.2754479849083538
PC2_B1,pc2,push_pos_x,202,10,4,16.0,1,0.4765591892165872,1,0.2854432292322424,12.259393476917085,0.019662654498417424,0,13.983304288805225,0.27661573233451436
PC2_B1,pc2,push_pos_x,202,11,1,4.0,1,0.4605290968842653,1,0.2749338228912914,12.168764238501332,0.01755738500870853,0,12.892580356972013,0.27277619076922616
PC2_B1,pc2,push_pos_x,202,11,2,8.0,1,0.49437015535884443,1,0.27319467386459917,12.770344607565066,0.018728954305782378,0,13.80395923814841,0.2729032184669678
PC2_B1,pc2,push_pos_x,202,11,3,12.0,1,0.47499929761392096,1,0.27655730894542635,13.589795636650054,0.02953941505856489,0,13.701837515628359,0.2724234780525779
PC2_B1,pc2,push_pos_x,202,11,4,16.0,1,0.44996822047399154,1,0.27755644885613956,13.775279449868869,0.027747556379178043,0,14.427862741319805,0.2753931964463729
PC2_B1,pc2,push_pos_x,202,12,1,4.0,1,0.48066687095427274,1,0.270440906365925,11.246479923463244,0.027316966015044374,0,13.816949466676553,0.26175807089729103
PC2_B1,pc2,push_pos_x,202,12,2,8.0,1,0.46852094591271337,1,0.2677259890631558,13.10180822538047,0.02520502611664373,0,14.623295327374322,0.2641259823890931
PC2_B1,pc2,push_pos_x,202,12,3,12.0,1,0.47963946075789726,1,0.26622314296941707,13.059302876790436,0.02643782858987765,0,14.659882001606073,0.25636611727469744
PC2_B1,pc2,push_pos_x,202,12,4,16.0,1,0.4646957634233393,1,0.26313089137090084,13.541413480841369,0.03122353770308419,0,15.195116975515557,0.2597780288222002
PC2_B1,pc2,push_pos_x,202,13,1,4.0,1,0.480413868247137,1,0.277093254627391,11.392982681871406,0.02648962229556481,0,11.640209535341947,0.26791145967289726
PC2_B1,pc2,push_pos_x,202,13,2,8.0,1,0.5056196502196679,1,0.27277048346511823,10.955464906112912,0.027462102104463468,0,11.011704283158778,0.26807475536264835
PC2_B1,pc2,push_pos_x,202,13,3,12.0,1,0.47545991537540044,1,0.274134933311034,10.772396729270756,0.022438205129565535,0,11.225703125505946,0.2678548991680145
PC2_B1,pc2,push_pos_x,202,13,4,16.0,1,0.565295146733391,1,0.2693634946397282,10.173668812286799,0.03445464514650261,0,10.503222178399074,0.2674552366376561
PC2_B1,pc2,push_pos_x,202,14,1,4.0,1,0.5244545873819257,1,0.2646771013577354,11.092588046679797,0.02543888754511501,0,11.367146704972344,0.2482651532652544
PC2_B1,pc2,push_pos_x,202,14,2,8.0,1,0.4898145524544789,1,0.2673679251562465,11.239281645330559,0.02553378183394779,0,11.393246449038076,0.2563394508897302
PC2_B1,pc2,push_pos_x,202,14,3,12.0,1,0.5303645120475977,1,0.271582614291798,11.683528378675673,0.031335464617772424,0,11.82738375923181,0.25806151083446444
PC2_B1,pc2,push_pos_x,202,14,4,16.0,1,0.49462664904914194,1,0.2689289358210436,11.582416959876166,0.021350275693912076,0,12.136644001521944,0.25895677945193124
PC2_B1,pc2,push_pos_x,202,15,1,4.0,1,0.4899130885317152,1,0.2623822311347819,10.830662043120434,0.03033301742517701,0,11.452530264739877,0.24756083593649023
PC2_B1,pc2,push_pos_x,202,15,2,8.0,1,0.49773632941542684,1,0.2681344369834757,11.56346891448047,0.021750586405945425,0,11.898568999628305,0.2614095743327217
PC2_B1,pc2,push_pos_x,202,15,3,12.0,1,0.5209543767664419,1,0.26872337916318106,11.787102169758272,0.027413632331554805,0,11.88458115321443,0.25250983238220215
PC2_B1,pc2,push_pos_x,202,15,4,16.0,1,0.5198433112551423,1,0.26846428159723945,11.702628476850684,0.03238157745823654,0,11.969155814825076,0.2543350400771687
PC2_B1,pc2,push_pos_x,202,16,1,4.0,1,0.5613707548346727,1,0.28196050712769044,11.677075440875562,0.02966575885784515,0,14.854605768661616,0.278602159278278
PC2_B1,pc2,push_pos_x,202,16,2,8.0,1,0.4880532446907956,1,0.28055006584381675,13.4208344869008,0.02479577847607379,0,15.10165001447113,0.279857117543246
PC2_B1,pc2,push_pos_x,202,16,3,12.0,1,0.4865491377138238,1,0.2867063078332075,13.795682737287786,0.03449945506462004,0,16.128304881576874,0.283085812699986
PC2_B1,pc2,push_pos_x,202,16,4,16.0,1,0.4629289931190896,1,0.28713992102579633,15.02345878749216,0.0250804727635522,0,15.101728663123982,0.28402182603264875
PC2_B1,pc2,push_pos_x,202,17,1,4.0,1,0.4708281618091813,1,0.2695501443536524,11.274506767150472,0.026799732092950584,0,11.853763926523735,0.26412140382802424
PC2_B1,pc2,push_pos_x,202,17,2,8.0,1,0.4980738031209461,1,0.273721113243205,11.64818745391936,0.020896550860289884,0,12.004509290445574,0.2621271194302462
PC2_B1,pc2,push_pos_x,202,17,3,12.0,1,0.46211916972248146,1,0.2714694478613808,11.547281240680535,0.02902115567113813,0,12.151887211690008,0.26487460620900527
PC2_B1,pc2,push_pos_x,202,17,4,16.0,1,0.5487750126639125,1,0.2719972842836125,12.357261853891567,0.018513379737226745,0,12.408788121153176,0.2618986648671767
PC2_B1,pc2,push_pos_x,202,18,1,4.0,1,0.5174130368459988,1,0.27660117103135523,11.718988299771452,0.025581762113987234,0,13.323229696565146,0.27082253283357877
PC2_B1,pc2,push_pos_x,202,18,2,8.0,1,0.4548984749742884,1,0.28005217509792446,13.339284230196466,0.02287110390318571,0,15.35159523654489,0.2755498940294439
PC2_B1,pc2,push_pos_x,202,18,3,12.0,1,0.49989483942096447,1,0.2780001934040039,13.010819868364113,0.02924708286358653,0,13.819966406709089,0.2749947661703283
PC2_B1,pc2,push_pos_x,202,18,4,16.0,1,0.522127551098773,1,0.27612909531210833,13.14941492565437,0.024245125459882798,0,14.35006558445809,0.2718832060933751
PC2_B1,pc2,push_pos_x,202,19,1,4.0,1,0.4954189880199915,1,0.2810145425286522,12.155102930652827,0.026741433669534458,0,15.261853769804805,0.2826944744204455
PC2_B1,pc2,push_pos_x,202,19,2,8.0,1,0.4530297764091733,1,0.28464975411241705,14.30005161458359,0.030358702176809874,0,16.866994809725448,0.2843341105443271
PC2_B1,pc2,push_pos_x,202,19,3,12.0,1,0.47768593375198803,1,0.29129284620285034,14.91651607036529,0.03392881934792985,0,16.105040910950173,0.28415741847160664
PC2_B1,pc2,push_pos_x,202,19,4,16.0,1,0.4590583740211991,1,0.28928357458369613,15.440378642454714,0.03083197341199986,0,15.505178027908762,0.2829618712160039
PC2_B1,pc2,push_pos_x,202,20,1,4.0,1,0.5051240163999674,1,0.2662210586396131,11.783690976295162,0.030110987900728678,0,13.84961530475498,0.26110922668706926
PC2_B1,pc2,push_pos_x,202,20,2,8.0,1,0.4798364880039869,1,0.2664522727064908,13.504997651122716,0.027884852782683427,0,14.381792118193696,0.2563198143466909
PC2_B1,pc2,push_pos_x,202,20,3,12.0,1,0.48697918989893285,1,0.2660835744703517,12.563608078858984,0.017854194430287858,0,15.315085323408796,0.259117644738386
PC2_B1,pc2,push_pos_x,202,20,4,16.0,1,0.5176319277120959,1,0.26604734552416576,12.963733459151406,0.02529984463890128,0,14.542509487782763,0.2565949181503153
PC2_B1,pc2,push_pos_x,202,21,1,4.0,1,0.4826815213572581,1,0.27921967391661784,12.351395585555935,0.02967062894625354,0,14.113595538414122,0.2735242027649905
PC2_B1,pc2,push_pos_x,202,21,2,8.0,1,0.47735065921949665,1,0.27975944887826787,13.60834321747669,0.03497020666865461,0,16.110173851627934,0.27358493766682673
PC2_B1,pc2,push_pos_x,202,21,3,12.0,1,0.48392470998110687,1,0.2756078077510079,14.014109304135303,0.03436728598166479,0,15.670154948675759,0.2711928603164652
PC2_B1,pc2,push_pos_x,202,21,4,16.0,1,0.5097465621381163,1,0.27689733471781175,13.640847316728777,0.024973621392351177,0,14.49077785500982,0.2684440314769745
PC2_B1,pc2,push_pos_x,202,22,1,4.0,1,0.4638598845188253,1,0.27325121444814343,12.073922445904696,0.021499979097071548,0,12.674837703159408,0.2640060020640572
PC2_B1,pc2,push_pos_x,202,22,2,8.0,1,0.4735762225848735,1,0.2643342265152039,11.926588490300297,0.02755574648000164,0,13.184819797882994,0.25911933311166613
PC2_B1,pc2,push_pos_x,202,22,3,12.0,1,0.4720250642110236,1,0.26551774375260195,12.09521737022505,0.028924676171320236,0,12.874660301256318,0.2599319737544034
PC2_B1,pc2,push_pos_x,202,22,4,16.0,1,0.5108614446317465,1,0.26262637877209305,11.443290300606723,0.025344585691614713,0,11.938537248067895,0.25456135126358687
PC2_B1,pc2,push_pos_x,202,23,1,4.0,1,0.4822552253087454,1,0.26642717500740193,11.21928845352326,0.022879157575770907,0,11.800394392117118,0.2587671080693842
PC2_B1,pc2,push_pos_x,202,23,2,8.0,1,0.4827624930051705,1,0.2655508024169799,11.293687801619027,0.031578054819636284,0,11.82460089337023,0.2640338887505353
PC2_B1,pc2,push_pos_x,202,23,3,12.0,1,0.4931151355252822,1,0.26670627646586476,11.395450223019825,0.022496850638161377,0,11.541746046201425,0.2596850345797717
PC2_B1,pc2,push_pos_x,202,23,4,16.0,1,0.4622868365478952,1,0.26939021218269266,11.391275386247244,0.024696836759774344,0,11.904017219792077,0.2627057490501812
PC2_B1,pc2,push_pos_x,202,24,1,4.0,1,0.4928979531264849,1,0.2806295636981566,12.329335865526698,0.022695476176272093,0,12.59131327203291,0.2781602936313752
PC2_B1,pc2,push_pos_x,202,24,2,8.0,1,0.48143458396140276,1,0.2808381366857233,11.954389233674448,0.035213966875123556,0,11.997479665841867,0.27303347501525266
PC2_B1,pc2,push_pos_x,202,24,3,12.0,1,0.4966987711562119,1,0.2786906501826118,11.400179739031444,0.02689023745063615,0,11.350275050861228,0.2683507506860131
PC2_B1,pc2,push_pos_x,202,24,4,16.0,1,0.456625851685438,1,0.27078962270270057,11.036965407137117,0.027528632860075675,0,11.320198462827834,0.2662107268756724
PC2_B1,pc2,push_pos_x,202,25,1,4.0,1,0.5144000441674058,1,0.2637404652840314,11.155323693691784,0.028728020435797596,0,14.112587130317927,0.25808720346440606
PC2_B1,pc2,push_pos_x,202,25,2,8.0,1,0.49394476020876804,1,0.2672417422029424,13.718761741035088,0.022614072841599706,0,15.113691708007245,0.26116630721857204
PC2_B1,pc2,push_pos_x,202,25,3,12.0,1,0.48577913525049515,1,0.26726398007436236,13.421989376764802,0.023370117734529225,0,15.250822177614653,0.2524774316797919
PC2_B1,pc2,push_pos_x,202,25,4,16.0,1,0.49059569139212317,1,0.2602899232331444,12.811391602091618,0.02317722317891507,0,15.124624626994722,0.2538916624803594
PC2_B1,pc2,push_pos_x,202,26,1,4.0,1,0.5213124950566337,1,0.2826601945780178,12.618870979927893,0.03353761577685577,0,13.975741110298811,0.2750968231874354
PC2_B1,pc2,push_pos_x,202,26,2,8.0,1,0.4731591720703607,1,0.28418606503762023,13.558073577600641,0.026806504343919926,0,15.053270814697854,0.2747058672382232
PC2_B1,pc2,push_pos_x,202,26,3,12.0,1,0.49805578854743326,1,0.2870510854026213,14.370008749491635,0.03268329382451823,0,15.88979595522642,0.277318436831714
PC2_B1,pc2,push_pos_x,202,26,4,16.0,1,0.5385846619157096,1,0.28276600039260275,13.716131547752003,0.032426027677055554,0,14.77898011290179,0.2756558624818363
PC2_B1,pc2,push_pos_x,202,27,1,4.0,1,0.5229212211002889,1,0.26535934990740073,11.00576039743734,0.032950356682457604,0,12.072265277923766,0.2538589255057554
PC2_B1,pc2,push_pos_x,202,27,2,8.0,1,0.5135268079403771,1,0.2669355694782288,11.836210833174688,0.024190989239950007,0,13.108166886055018,0.2613093027456559
PC2_B1,pc2,push_pos_x,202,27,3,12.0,1,0.5075226848597613,1,0.26818330928603595,12.575386795815076,0.020977782421453532,0,12.602885148589609,0.2572558584379002
PC2_B1,pc2,push_pos_x,202,27,4,16.0,1,0.5140189816593926,1,0.2682489416497277,13.18523870381621,0.023006453596729974,0,13.30240698472635,0.2657516603482598
PC2_B1,pc2,push_pos_x,202,28,1,4.0,1,0.48362163325687696,1,0.27311520206737006,11.589508599295954,0.023978017145376906,0,12.963377686181644,0.2712963072055164
PC2_B1,pc2,push_pos_x,202,28,2,8.0,1,0.5052493131818064,1,0.2795693079896152,12.722338008488812,0.023534900866028226,0,12.91467865317015,0.2787705589743221
PC2_B1,pc2,push_pos_x,202,28,3,12.0,1,0.4597004157386962,1,0.2796413417965333,12.313565177411189,0.02367785211872818,0,12.936816113998962,0.26989512599725773
PC2_B1,pc2,push_pos_x,202,28,4,16.0,1,0.5168439969458298,1,0.2801384182377933,12.324473667308965,0.030836137297914318,0,12.917841248381738,0.26927749485893043
PC2_B1,pc2,push_pos_x,202,29,1,4.0,1,0.4715850305596203,1,0.27453276754063083,11.110725574556001,0.029890536542019973,0,13.847146940637614,0.2721371239519374
PC2_B1,pc2,push_pos_x,202,29,2,8.0,1,0.5080021473736523,1,0.2763572551190534,12.857812885484538,0.034926586618503855,0,15.769833595656161,0.2774355162911237
PC2_B1,pc2,push_pos_x,202,29,3,12.0,1,0.5085423078543944,1,0.2811472788054675,14.198524434181005,0.02571407449257905,0,15.492858110784988,0.280716645526376
PC2_B1,pc2,push_pos_x,202,29,4,16.0,1,0.546612613836207,1,0.28024046633014066,13.964203690500216,0.03437888707114757,0,15.899559785544907,0.27980648260065577
PC2_B1,pc2,push_pos_x,202,30,1,4.0,1,0.44675968250314163,1,0.264827252071809,11.216015346496139,0.03720157066100306,0,11.957441840323323,0.25329734536415754
PC2_B1,pc2,push_pos_x,202,30,2,8.0,1,0.5125319394003613,1,0.27100434763865033,11.529251049386716,0.027587177123141023,0,13.65021349984858,0.24609444541408415
PC2_B1,pc2,push_pos_x,202,30,3,12.0,1,0.5120475431000389,1,0.2688640774411951,12.668976366827554,0.024196791967915195,0,13.21523915747373,0.24886501225876936
PC2_B1,pc2,push_pos_x,202,30,4,16.0,1,0.4560607010260664,1,0.2693035664724156,12.10050235837064,0.025794187690189974,0,12.845844931682134,0.2522304729025632
PC2_B1,pc2,push_pos_x,202,31,1,4.0,1,0.4947410502380806,1,0.26598551542682447,11.76916691418613,0.0299114950624463,0,14.006731761198203,0.25932010307031517
PC2_B1,pc2,push_pos_x,202,31,2,8.0,1,0.5037055652793438,1,0.26561470433352463,13.583420893653773,0.034210717939756205,0,16.08418503799161,0.25340380388147693
PC2_B1,pc2,push_pos_x,202,31,3,12.0,1,0.5034986498085352,1,0.2615415928835537,12.980810486455908,0.03505112318844816,0,14.611643935968377,0.2559832709039596
PC2_B1,pc2,push_pos_x,202,31,4,16.0,1,0.4772769574038377,1,0.26271350737561516,13.20980776617602,0.027630106532187032,0,14.869504789926099,0.25310884408134826
PC2_B1,pc2,push_pos_x,303,0,1,4.0,1,0.4773968771557871,1,0.28212406912589455,11.841113045785256,0.03161186430043943,0,12.550611172562125,0.2779908814532234
PC2_B1,pc2,push_pos_x,303,0,2,8.0,1,0.4907090472444956,1,0.2805574475762678,12.04140577374821,0.03177103269722373,0,12.929385135982074,0.2802362046777246
PC2_B1,pc2,push_pos_x,303,0,3,12.0,1,0.5028802200757859,1,0.2817618092273009,12.698170674609742,0.031186820121708956,0,13.516012267510826,0.28076814473631545
PC2_B1,pc2,push_pos_x,303,0,4,16.0,1,0.5107698814228113,1,0.28427366920333497,13.296758251852253,0.03399854023649996,0,13.500719533951205,0.28313913845760935
PC2_B1,pc2,push_pos_x,303,1,1,4.0,1,0.502957228967829,1,0.2707504452390467,11.79207427315609,0.02497584503584373,0,11.666094968664028,0.2665071377460969
PC2_B1,pc2,push_pos_x,303,1,2,8.0,1,0.5285512024184674,1,0.2678235141351261,10.852790345309002,0.024704575146632823,0,10.591952058407818,0.2662345343095096
PC2_B1,pc2,push_pos_x,303,1,3,12.0,1,0.4808408009023377,1,0.26996476788890555,10.347826910336764,0.03244326879792618,0,10.584443450681833,0.2644874115678716
PC2_B1,pc2,push_pos_x,303,1,4,16.0,1,0.5253161796092897,1,0.26607033634249544,9.710726326861984,0.031209579902771078,0,10.153869088233696,0.260889377823488
PC2_B1,pc2,push_pos_x,303,2,1,4.0,1,0.5443977039150321,1,0.2766185119190318,11.639228583261204,0.024220299423284488,0,13.40060458994406,0.26832490681326965
PC2_B1,pc2,push_pos_x,303,2,2,8.0,1,0.5067906129935984,1,0.2783964691474476,13.407020071951612,0.02630645453407373,0,14.049828875757742,0.2766712000344526
PC2_B1,pc2,push_pos_x,303,2,3,12.0,1,0.5125149517671773,1,0.27894618509606245,13.313207364500109,0.022709967374181978,0,15.385922665555396,0.27259222740795525
PC2_B1,pc2,push_pos_x,303,2,4,16.0,1,0.441908665671882,1,0.27474015473044494,12.619470713404496,0.030637988269975137,0,14.58177704541924,0.2737809905712617
PC2_B1,pc2,push_pos_x,303,3,1,4.0,1,0.5187186226181534,1,0.2807374387023283,11.98373279836903,0.025452051164318583,0,14.322978366889332,0.2764627507982407
PC2_B1,pc2,push_pos_x,303,3,2,8.0,1,0.47710842706448936,1,0.2796749882997676,13.194015588618555,0.0315188990171647,0,14.302864997712241,0.275751657186345
PC2_B1,pc2,push_pos_x,303,3,3,12.0,1,0.4907783724740415,1,0.27863756364042114,13.30470780365208,0.0376916650555082,0,15.843903736533072,0.2754859084432775
PC2_B1,pc2,push_pos_x,303,3,4,16.0,1,0.519993781052749,1,0.27630413925265246,12.604512013142063,0.028692832402454484,0,14.278459713399316,0.2715726257326769
PC2_B1,pc2,push_pos_x,303,4,1,4.0,1,0.5226023095514843,1,0.282845010731947,12.494227477951066,0.03346383736034703,0,13.800709807637567,0.28147438774134387
PC2_B1,pc2,push_pos_x,303,4,2,8.0,1,0.4589563609291717,1,0.2832337078404299,12.603823798120347,0.027362067285109863,0,14.061823397160705,0.27905981043443323
PC2_B1,pc2,push_pos_x,303,4,3,12.0,1,0.4948432928744681,1,0.28204128480850055,12.598569868538052,0.019872551170470446,0,14.152575237017702,0.2808388462041151
PC2_B1,pc2,push_pos_x,303,4,4,16.0,1,0.501437881429677,1,0.28446123482071783,12.742899544120991,0.033178491089159844,0,14.914724931477336,0.28098525098938354
PC2_B1,pc2,push_pos_x,303,5,1,4.0,1,0.47253759832097475,1,0.2814278965168458,12.758387548258437,0.03415186557663698,0,12.270606915745223,0.27543973827107066
PC2_B1,pc2,push_pos_x,303,5,2,8.0,1,0.5209702679485209,1,0.27668887528187447,11.300268104903758,0.020892692083232623,0,11.747440030967176,0.27365224198861554
PC2_B1,pc2,push_pos_x,303,5,3,12.0,1,0.4514168602906305,1,0.2773271256430264,11.450409770090307,0.031108551712228465,0,11.843235450162824,0.2708946911090198
PC2_B1,pc2,push_pos_x,303,5,4,16.0,1,0.4517687170732203,1,0.27561693690358635,11.49871404286693,0.029958297122166664,0,11.849872957404516,0.27181382134636456
PC2_B1,pc2,push_pos_x,303,6,1,4.0,1,0.49136962546580615,1,0.28086183359597455,12.445548937384004,0.028883980995351343,0,13.25877429905521,0.2798529429869218
PC2_B1,pc2,push_pos_x,303,6,2,8.0,1,0.5610035517405975,1,0.28414824389837645,12.772762307316135,0.03042438716805671,0,13.52189968019337,0.2785552086677143
PC2_B1,pc2,push_pos_x,303,6,3,12.0,1,0.46315541292836393,1,0.2873812376815368,12.512340475310715,0.038582091500618254,0,13.41368353302458,0.27754416089644407
PC2_B1,pc2,push_pos_x,303,6,4,16.0,1,0.4940362136045822,1,0.2820348694203372,12.328865820977835,0.027901459237589493,0,13.436453429281514,0.27930008711661886
PC2_B1,pc2,push_pos_x,303,7,1,4.0,1,0.4868450434781641,1,0.2793820977689111,11.674975241419723,0.037337895092580134,0,13.695650981343354,0.27514044996251397
PC2_B1,pc2,push_pos_x,303,7,2,8.0,1,0.491742379253379,1,0.278022156440638,12.993856545589248,0.031132214535297232,0,14.425340550933553,0.26606585698969226
PC2_B1,pc2,push_pos_x,303,7,3,12.0,1,0.5201520134432233,1,0.2786247919109416,13.707728445249586,0.027462709562665832,0,14.50390155053179,0.27342190382314874
PC2_B1,pc2,push_pos_x,303,7,4,16.0,1,0.5368059639947762,1,0.2768795138852482,14.090772581673768,0.030846554041478593,0,14.814576386636618,0.2684347806448605
PC2_B1,pc2,push_pos_x,303,8,1,4.0,1,0.5246979457120521,1,0.2743437177835301,12.328025116763122,0.02609794242489108,0,12.723183269145771,0.27110096573192166
PC2_B1,pc2,push_pos_x,303,8,2,8.0,1,0.512895450961552,1,0.27781463298886855,12.711292205553754,0.02591662955173019,0,13.218584972293765,0.27522449394598364
PC2_B1,pc2,push_pos_x,303,8,3,12.0,1,0.47782189972572997,1,0.27910139280207014,12.856009651992713,0.031123583810906068,0,13.584271532801012,0.2726108090762786
PC2_B1,pc2,push_pos_x,303,8,4,16.0,1,0.47423561647224194,1,0.277618652677791,13.16819582205333,0.023779121166643262,0,13.682764384086262,0.27795294851542796
PC2_B1,pc2,push_pos_x,303,9,1,4.0,1,0.4707402224168274,1,0.2808100936565807,11.914970648602953,0.025615764414186015,0,12.744486722278722,0.2761176502640872
PC2_B1,pc2,push_pos_x,303,9,2,8.0,1,0.5329483048755683,1,0.27864848435881306,12.220664949894417,0.025070148024190036,0,14.6106285760558,0.2789337365703787
PC2_B1,pc2,push_pos_x,303,9,3,12.0,1,0.522178105320925,1,0.2795623312978184,12.374803255794745,0.02275556496602055,0,15.095737111713206,0.27436086583265007
PC2_B1,pc2,push_pos_x,303,9,4,16.0,1,0.4425423657037466,1,0.28004257643924035,12.8981193810053,0.02461927004813088,0,15.11442517534459,0.27599089939326527
PC2_B1,pc2,push_pos_x,303,10,1,4.0,1,0.5282608970877264,1,0.2757281150250511,11.17734059123584,0.02742408963688932,0,12.965036959863811,0.2705898045856047
PC2_B1,pc2,push_pos_x,303,10,2,8.0,1,0.4813491218954306,1,0.27311318881690183,12.609128643363226,0.026335546577249683,0,13.637502052397913,0.27171476639528325
PC2_B1,pc2,push_pos_x,303,10,3,12.0,1,0.47374635938692294,1,0.27740627192558454,13.294085475805169,0.0297339943057427,0,14.044017839722875,0.2757195396856828
PC2_B1,pc2,push_pos_x,303,10,4,16.0,1,0.4924377591495852,1,0.27977416708188896,13.865998260165604,0.02482687086873156,0,15.028161508280254,0.2813114582854796
PC2_B1,pc2,push_pos_x,303,11,1,4.0,1,0.4333778235785029,1,0.2715937175693359,12.11537891192023,0.019879952649235047,0,13.822396647018493,0.2665780169122359
PC2_B1,pc2,push_pos_x,303,11,2,8.0,1,0.4719798653885162,1,0.27343686235779746,13.136063499960457,0.024475855851412882,0,14.664698620714496,0.26320955125405826
PC2_B1,pc2,push_pos_x,303,11,3,12.0,1,0.48736807311945113,1,0.27281292284873715,13.621760643449385,0.026158935117252625,0,14.508550716300695,0.26297309277529385
PC2_B1,pc2,push_pos_x,303,11,4,16.0,1,0.497818724639551,1,0.271674693347936,13.450408440275456,0.029149944829124266,0,15.20924745297695,0.2632462983144158
PC2_B1,pc2,push_pos_x,303,12,1,4.0,1,0.5169548953673352,1,0.2762185561465707,11.525544949416428,0.025063483291533302,0,12.900200442833922,0.2753574856143584
PC2_B1,pc2,push_pos_x,303,12,2,8.0,1,0.4959008625867774,1,0.2806289325104678,12.354532702127363,0.027425292860661324,0,12.921583433386488,0.2787306810764068
PC2_B1,pc2,push_pos_x,303,12,3,12.0,1,0.5545790400996052,1,0.280350655875104,12.853415227903184,0.024715084149158757,0,13.116310990088028,0.2735385429412923
PC2_B1,pc2,push_pos_x,303,12,4,16.0,1,0.53325202483579,1,0.28011964644021525,12.80134613478235,0.021904187041358623,0,13.474978844960225,0.27085380949438576
PC2_B1,pc2,push_pos_x,303,13,1,4.0,1,0.45702369798249176,1,0.2761075605842519,12.333289324505376,0.027289787828622143,0,13.921820293847569,0.27132229068700003
PC2_B1,pc2,push_pos_x,303,13,2,8.0,1,0.47494872270410604,1,0.27808533202518115,12.84842523126552,0.026628630151389943,0,13.84753220506561,0.2753027102207755
PC2_B1,pc2,push_pos_x,303,13,3,12.0,1,0.476922594421337,1,0.27795629490186824,13.077634474211386,0.031838649171699374,0,13.511262520215093,0.27412845712294553
PC2_B1,pc2,push_pos_x,303,13,4,16.0,1,0.5291687842647322,1,0.27914631733282363,13.221183368206733,0.02703260257592921,0,13.753213993096548,0.2747876518231662
PC2_B1,pc2,push_pos_x,303,14,1,4.0,1,0.49843960198919574,1,0.26410386332853597,10.427188171526083,0.03086779848703989,0,11.751850701171017,0.2594651909754238
PC2_B1,pc2,push_pos_x,303,14,2,8.0,1,0.4584838790223398,1,0.2638763188518942,10.99590684777453,0.03280706802396761,0,13.235614823617258,0.26212628177780517
PC2_B1,pc2,push_pos_x,303,14,3,12.0,1,0.48493469557116636,1,0.2646743394633665,12.22400040167762,0.027187237455098122,0,13.227319005962611,0.2603340705129552
PC2_B1,pc2,push_pos_x,303,14,4,16.0,1,0.49644212917814595,1,0.2638231506322157,11.322825087218238,0.02512540645705233,0,13.44118504577188,0.26527431192882556
PC2_B1,pc2,push_pos_x,303,15,1,4.0,1,0.49000799676432777,1,0.2859048735011708,12.286577276050988,0.025442277787085306,0,12.845921734288806,0.2865659256669927
PC2_B1,pc2,push_pos_x,303,15,2,8.0,1,0.46771336597058116,1,0.288809269507301,12.809740804275318,0.027541129795419072,0,12.634462782993488,0.28755791557026417
PC2_B1,pc2,push_pos_x,303,15,3,12.0,1,0.5582548708610257,1,0.2887445796619762,12.708707884709547,0.029529732665021582,0,13.275292487388413,0.28477582335472107
PC2_B1,pc2,push_pos_x,303,15,4,16.0,1,0.5071300906792044,1,0.2874109883678151,12.63784230992109,0.025746909864130252,0,13.109943657915379,0.2832089463338495
PC2_B1,pc2,push_pos_x,303,16,1,4.0,1,0.4974792421649937,1,0.2723742023030704,12.138040862632275,0.029747718380053967,0,11.937051344716451,0.26935836417789766
PC2_B1,pc2,push_pos_x,303,16,2,8.0,1,0.49637903070467154,1,0.274255795195141,12.106288121777272,0.02500606959024584,0,12.259048065661206,0.2653518443439096
PC2_B1,pc2,push_pos_x,303,16,3,12.0,1,0.47681945740360193,1,0.2738033700435557,11.795099316725398,0.022837283134420676,0,12.322257587047542,0.2696938631050089
PC2_B1,pc2,push_pos_x,303,16,4,16.0,1,0.5003693690135496,1,0.2751538457876858,12.141109050332298,0.02938585351533705,0,12.365055145002108,0.26914646345026355
PC2_B1,pc2,push_pos_x,303,17,1,4.0,1,0.48277531974764376,1,0.2684671950531516,11.603940466305664,0.026104752158193283,0,13.369801911694026,0.2665836289923459
PC2_B1,pc2,push_pos_x,303,17,2,8.0,1,0.4627715317634563,1,0.270890058760337,12.224409882007208,0.028679002698860895,0,14.010160048012787,0.26959452622714525
PC2_B1,pc2,push_pos_x,303,17,3,12.0,1,0.4859494672286267,1,0.276427708048234,13.591602045543127,0.019138211630000936,0,14.158607889409785,0.2745023586533286
PC2_B1,pc2,push_pos_x,303,17,4,16.0,1,0.5184297939345253,1,0.281410971586717,14.42540881057512,0.025630165715753182,0,14.514397596932135,0.280767368441597
PC2_B1,pc2,push_pos_x,303,18,1,4.0,1,0.4835404954601832,1,0.26999274597448464,11.259481890622865,0.025821886592893334,0,12.411537250213463,0.2623333538917297
PC2_B1,pc2,push_pos_x,303,18,2,8.0,1,0.47864198346010317,1,0.268295143217964,12.606333032782958,0.03408405422973585,0,13.886816815598586,0.26080206960917796
PC2_B1,pc2,push_pos_x,303,18,3,12.0,1,0.46840646693635457,1,0.26525884850777404,12.21652057966378,0.03273280014928892,0,14.037218891950126,0.26020892036152393
PC2_B1,pc2,push_pos_x,303,18,4,16.0,1,0.4767497150278341,1,0.2686707521664268,11.856945863438051,0.02907461300238527,0,13.615845563774007,0.2566679276247075
PC2_B1,pc2,push_pos_x,303,19,1,4.0,1,0.4927678094364344,1,0.2639337777294577,10.407256865346003,0.021291827341616096,0,11.259055323760442,0.254409907654645
PC2_B1,pc2,push_pos_x,303,19,2,8.0,1,0.5121975102637758,1,0.2655147851150941,11.140476581899735,0.023812859787469345,0,11.546200073488484,0.2567628414873133
PC2_B1,pc2,push_pos_x,303,19,3,12.0,1,0.47620442068228275,1,0.2654458554511402,11.67612237577599,0.02689632381191518,0,11.651527651497604,0.255374064579367
PC2_B1,pc2,push_pos_x,303,19,4,16.0,1,0.4503028467959064,1,0.2687730488770786,11.730704882473791,0.021748307773835955,0,12.176295541360744,0.257059969366553
PC2_B1,pc2,push_pos_x,303,20,1,4.0,1,0.48930329902090275,1,0.26357856265363844,10.947495426683622,0.030276583890458588,0,12.79022882532769,0.2487640199176768
PC2_B1,pc2,push_pos_x,303,20,2,8.0,1,0.5558624315555805,1,0.26575799788383236,11.94257286097291,0.024545035186216802,0,13.266425772924887,0.2482639666706483
PC2_B1,pc2,push_pos_x,303,20,3,12.0,1,0.4765331962200425,1,0.27210259541151993,12.34289766199013,0.02414681262540242,0,13.260709906351725,0.24752076663435463
PC2_B1,pc2,push_pos_x,303,20,4,16.0,1,0.47688576014551337,1,0.27042741475895765,13.05049656248126,0.03084586914645448,0,13.341415991591937,0.24878589171458054
PC2_B1,pc2,push_pos_x,303,21,1,4.0,1,0.4416613711330491,1,0.2779739528575683,11.877970572498281,0.0296391999213072,0,14.301524043341576,0.2730044603029037
PC2_B1,pc2,push_pos_x,303,21,2,8.0,1,0.4856579827526439,1,0.2783337186045825,13.481140110644024,0.025400550718987894,0,15.132031056821496,0.2707984579756936
PC2_B1,pc2,push_pos_x,303,21,3,12.0,1,0.479312783254793,1,0.2789166698003198,13.801711716471717,0.03123234204687645,0,15.228566570952495,0.2688651900877927
PC2_B1,pc2,push_pos_x,303,21,4,16.0,1,0.41583271834015184,1,0.27617415068621304,13.402175134230605,0.037523473874320146,0,14.578480435121849,0.2699794625853472
PC2_B1,pc2,push_pos_x,303,22,1,4.0,1,0.44440859179799186,1,0.2787408678926886,11.197441876943197,0.03220796051621713,0,12.747458673033421,0.27661555654862346
PC2_B1,pc2,push_pos_x,303,22,2,8.0,1,0.5018978037682204,1,0.28307559440798935,12.239361934839899,0.025060581813589874,0,13.37356746672489,0.2787662787552186
PC2_B1,pc2,push_pos_x,303,22,3,12.0,1,0.5088625034133004,1,0.28198704960193227,13.396785625794411,0.031596585833053234,0,14.105722477117391,0.28329314411005235
PC2_B1,pc2,push_pos_x,303,22,4,16.0,1,0.493721144306642,1,0.2870328393690089,14.146980214312975,0.027738183287540803,0,15.146179794122853,0.2820033395991606
PC2_B1,pc2,push_pos_x,303,23,1,4.0,1,0.5161487886789978,1,0.27440732127842415,11.548707332443389,0.0206441186040385,0,13.936120858744824,0.267544664960494
PC2_B1,pc2,push_pos_x,303,23,2,8.0,1,0.5122448984178342,1,0.27352619147236973,13.637653547757312,0.026567640279896523,0,16.65184708809913,0.26612387764900125
PC2_B1,pc2,push_pos_x,303,23,3,12.0,1,0.512580506280963,1,0.2721531576810674,13.258394372826864,0.02916300154563328,0,14.906204093606412,0.2628972434742565
PC2_B1,pc2,push_pos_x,303,23,4,16.0,1,0.5274838537111491,1,0.2765809735034239,14.422824770583507,0.0353162590112377,0,14.683693665094346,0.2638441330608837
PC2_B1,pc2,push_pos_x,303,24,1,4.0,1,0.4637839100782068,1,0.2796585574985188,11.658215081165011,0.03333219275046821,0,14.50904145224655,0.27116802016044045
PC2_B1,pc2,push_pos_x,303,24,2,8.0,1,0.4861756289274077,1,0.28095123960691337,13.363311377443415,0.034175033405235034,0,14.837811887357274,0.2747296580975068
PC2_B1,pc2,push_pos_x,303,24,3,12.0,1,0.5059350094602618,1,0.2787489164321818,13.400751266975456,0.02770432170249774,0,15.450739760453272,0.27373606827169816
PC2_B1,pc2,push_pos_x,303,24,4,16.0,1,0.4916615059201237,1,0.28112842644599667,13.972051196272107,0.02569842415549171,0,15.39667968996051,0.2660823274742473
PC2_B1,pc2,push_pos_x,303,25,1,4.0,1,0.5012606456121363,1,0.2755648636403568,11.807481199254525,0.027108682844544416,0,14.181166127603337,0.27281556059332457
PC2_B1,pc2,push_pos_x,303,25,2,8.0,1,0.506777078669195,1,0.27453996496085814,13.010282023985173,0.03247138628479595,0,14.51749046869182,0.2732459791203871
PC2_B1,pc2,push_pos_x,303,25,3,12.0,1,0.4591784755623268,1,0.2841776650060307,14.260197832103412,0.020800319938245035,0,15.228735588887366,0.28021061245132894
PC2_B1,pc2,push_pos_x,303,25,4,16.0,1,0.47867747073838735,1,0.283469453533703,14.53224399518816,0.033176181173348626,0,15.121339016195986,0.27994369105859235
PC2_B1,pc2,push_pos_x,303,26,1,4.0,1,0.4989542226830933,1,0.2701409668686556,10.32481391190204,0.02871867890842604,0,10.46677760772104,0.26497661732734845
PC2_B1,pc2,push_pos_x,303,26,2,8.0,1,0.4898611398612187,1,0.27209852843042365,10.531080902322973,0.03014842200090183,0,11.224299631063056,0.27074867231960603
PC2_B1,pc2,push_pos_x,303,26,3,12.0,1,0.5388448244218512,1,0.2727422718217666,10.553563447463109,0.030492550869570458,0,11.067437447413283,0.27126876300668973
PC2_B1,pc2,push_pos_x,303,26,4,16.0,1,0.4897712329398778,1,0.2712695724505154,10.593557561018605,0.025079907489858458,0,10.989870297257497,0.2694271045891359
PC2_B1,pc2,push_pos_x,303,27,1,4.0,1,0.49093580653723073,1,0.27162569657685287,11.611544271855209,0.029904930969144976,0,13.029344276620622,0.25861935755785775
PC2_B1,pc2,push_pos_x,303,27,2,8.0,1,0.517277313041227,1,0.2710461986256156,12.449951814987827,0.02093498160088665,0,13.053059824978805,0.2642085630307223
PC2_B1,pc2,push_pos_x,303,27,3,12.0,1,0.5188189197385743,1,0.2733839155040323,12.334837238445814,0.0303665883030257,0,14.477000472027123,0.26342996715861844
PC2_B1,pc2,push_pos_x,303,27,4,16.0,1,0.5422357828888431,1,0.27478995465021083,12.818674548103688,0.03140027907689232,0,14.157225628980774,0.268126668139575
PC2_B1,pc2,push_pos_x,303,28,1,4.0,1,0.49926248802335327,1,0.28323996178606614,12.051479324077436,0.033094187041171064,0,14.112433061753531,0.2816536517385493
PC2_B1,pc2,push_pos_x,303,28,2,8.0,1,0.4715314615014625,1,0.2859394255487676,12.95527619736534,0.02889222497138662,0,14.888403811741632,0.28219654263659594
PC2_B1,pc2,push_pos_x,303,28,3,12.0,1,0.45257047046925225,1,0.2885147997720994,13.40407430610746,0.033777807857710646,0,15.441840906884623,0.28779134935236234
PC2_B1,pc2,push_pos_x,303,28,4,16.0,1,0.49870401319138136,1,0.28840522420278847,13.963337494705502,0.028257660191208307,0,15.126247540038454,0.28715015206744965
PC2_B1,pc2,push_pos_x,303,29,1,4.0,1,0.48271537501864986,1,0.2815518646157361,12.16800908761303,0.02510606753201953,0,12.868819500911474,0.27800704020867373
PC2_B1,pc2,push_pos_x,303,29,2,8.0,1,0.5137622364614746,1,0.28171107292494035,12.574626012327094,0.02559256516966245,0,13.128269752073667,0.27931930818022255
PC2_B1,pc2,push_pos_x,303,29,3,12.0,1,0.43783099960349786,1,0.28249393762114217,12.694535454402974,0.03625337846251616,0,13.959894910521172,0.2775804529534304
PC2_B1,pc2,push_pos_x,303,29,4,16.0,1,0.47619522741258746,1,0.2811729629887617,12.677357643143054,0.024876950676373313,0,14.838772038221263,0.279760724401729
PC2_B1,pc2,push_pos_x,303,30,1,4.0,1,0.49002666391080774,1,0.27059712057763885,11.330143922290432,0.02115394672231965,0,12.735535794974135,0.2641568768789424
PC2_B1,pc2,push_pos_x,303,30,2,8.0,1,0.5536474204571108,1,0.26983715553972176,12.343616540949588,0.0351995924703184,0,12.948922519074106,0.268139896067706
PC2_B1,pc2,push_pos_x,303,30,3,12.0,1,0.5075734540031,1,0.2725122085707711,12.863474621672829,0.02501471914401795,0,13.60976581941406,0.26898467731985815
PC2_B1,pc2,push_pos_x,303,30,4,16.0,1,0.4970162849169484,1,0.275590616034314,14.070772820076133,0.021657799040946384,0,13.938148444626556,0.271743009594035
PC2_B1,pc2,push_pos_x,303,31,1,4.0,1,0.48319735312187173,1,0.2663001593421487,11.755627352940373,0.028400068438743375,0,12.714357243514092,0.2636608693370207
PC2_B1,pc2,push_pos_x,303,31,2,8.0,1,0.5060227042138392,1,0.2678005339946339,12.634891410107112,0.029801710381389002,0,13.443447414924131,0.2681653748221576
PC2_B1,pc2,push_pos_x,303,31,3,12.0,1,0.5246582581530824,1,0.2729726694325075,13.646522874968042,0.019701781860024054,0,14.501092256871367,0.26929475900961114
PC2_B1,pc2,push_pos_x,303,31,4,16.0,1,0.49010700426416015,1,0.2756342157163722,13.175143947242322,0.023196967681920165,0,14.694737213946631,0.2729726346100078
PC2_B1,pc2,push_neg_x,101,0,1,4.0,1,0.45944907549322533,1,0.2699467786015036,11.201916756683058,0.031509281128672045,0,12.131152477512511,0.2694278944303645
PC2_B1,pc2,push_neg_x,101,0,2,8.0,1,0.5144055148951081,1,0.27194548242869865,11.470764767093918,0.02707363737890295,0,11.537392772232678,0.2669107490044864
PC2_B1,pc2,push_neg_x,101,0,3,12.0,1,0.5153047089058221,1,0.2739395412372395,11.184248093973194,0.028231097314130656,0,13.080988924001263,0.26645194607622485
PC2_B1,pc2,push_neg_x,101,0,4,16.0,1,0.5238915582717604,1,0.27296102867725697,10.81858906823211,0.030002837130905294,0,12.391755584249132,0.2653171302163027
PC2_B1,pc2,push_neg_x,101,1,1,4.0,1,0.4780650399292179,1,0.28242588585073297,12.580090757072814,0.03966769431005897,0,13.037233984506413,0.28221266664923195
PC2_B1,pc2,push_neg_x,101,1,2,8.0,1,0.45497766141625945,1,0.28728829595175653,12.714582063659556,0.021856849635500372,0,13.20063628852889,0.28554880826230994
PC2_B1,pc2,push_neg_x,101,1,3,12.0,1,0.514933418480445,1,0.28613407575191663,12.907402573703052,0.020750275564754367,0,14.226219180271094,0.2859335549693694
PC2_B1,pc2,push_neg_x,101,1,4,16.0,1,0.45420487262174886,1,0.2905405557410602,12.66647906000453,0.031330166850662367,0,13.654264822950932,0.28079880208255137
PC2_B1,pc2,push_neg_x,101,2,1,4.0,1,0.5232500169570219,1,0.2677553812450266,10.947439778653564,0.030316402450962524,0,12.812054069086427,0.2654357598745887
PC2_B1,pc2,push_neg_x,101,2,2,8.0,1,0.5237628111377456,1,0.2672332783433843,11.909785571987438,0.025619672873893024,0,13.098119155533299,0.26489712194325454
PC2_B1,pc2,push_neg_x,101,2,3,12.0,1,0.4848341283833498,1,0.269456471192008,13.160859592195148,0.019034165152673636,0,14.42373654231263,0.2696377247731316
PC2_B1,pc2,push_neg_x,101,2,4,16.0,1,0.509403709731516,1,0.27721862996963254,14.04044894152241,0.0256350507892166,0,14.97902195495055,0.2724437751872017
PC2_B1,pc2,push_neg_x,101,3,1,4.0,1,0.48319652119632783,1,0.2846435593729988,12.281930130343161,0.025694241581546373,0,13.387159105055796,0.27743057340861643
PC2_B1,pc2,push_neg_x,101,3,2,8.0,1,0.49260591696324696,1,0.2811869135036825,12.421016487776129,0.029185832372087446,0,13.704418033502437,0.27390870834416886
PC2_B1,pc2,push_neg_x,101,3,3,12.0,1,0.5402063325538028,1,0.27986076314819053,13.356130319388754,0.035942135550445495,0,13.941876746553728,0.27413705533201044
PC2_B1,pc2,push_neg_x,101,3,4,16.0,1,0.4699124978047493,1,0.28067159804112135,12.686994964187463,0.03315993625805742,0,12.966863441841335,0.27470022439956665
PC2_B1,pc2,push_neg_x,101,4,1,4.0,1,0.5261492933045177,1,0.26689794356810215,11.486690114838439,0.030504416688556298,0,11.250498868747567,0.25427249360849513
PC2_B1,pc2,push_neg_x,101,4,2,8.0,1,0.5301489102895182,1,0.27038594578357944,11.041661208012723,0.02630346718376135,0,11.308657751106148,0.2629961212051106
PC2_B1,pc2,push_neg_x,101,4,3,12.0,1,0.5318818078405464,1,0.2703246113291399,10.966124205799991,0.02707156866940566,0,11.096557858643628,0.26828616602535554
PC2_B1,pc2,push_neg_x,101,4,4,16.0,1,0.5238528393498525,1,0.2719442299343048,10.552965994771062,0.025906935180669284,0,11.29809904980292,0.2670306375319945
PC2_B1,pc2,push_neg_x,101,5,1,4.0,1,0.5424963166401788,1,0.2826712054205451,12.12958418130848,0.026387429655069752,0,13.514287933305308,0.27622133732479526
PC2_B1,pc2,push_neg_x,101,5,2,8.0,1,0.5150362964873813,1,0.28334365147639085,13.65943537513027,0.03253285021344174,0,14.108328628753988,0.2825404405593872
PC2_B1,pc2,push_neg_x,101,5,3,12.0,1,0.5047295105446732,1,0.28481873041168254,13.889783014721882,0.03301821138106524,0,14.629029726681406,0.28550405617066243
PC2_B1,pc2,push_neg_x,101,5,4,16.0,1,0.5305240198831978,1,0.28721322190952814,14.763327354337267,0.02387392019301498,0,15.516135239233174,0.2878456432870365
PC2_B1,pc2,push_neg_x,101,6,1,4.0,1,0.4631589722602084,1,0.27952734520409833,11.589287792730854,0.0335069534379793,0,14.379179507436946,0.2757247394737713
PC2_B1,pc2,push_neg_x,101,6,2,8.0,1,0.47658906596922623,1,0.28300774647271565,13.853401800278203,0.03388252913843433,0,16.44145833292995,0.27401724441803715
PC2_B1,pc2,push_neg_x,101,6,3,12.0,1,0.5192151122989167,1,0.2794946740495967,14.061739000613883,0.02941814050252862,0,15.035311566060356,0.27561654923433926
PC2_B1,pc2,push_neg_x,101,6,4,16.0,1,0.45955028923062796,1,0.2814498272809115,13.799613808712909,0.02954427117952822,0,15.9671602637538,0.2698172683065588
PC2_B1,pc2,push_neg_x,101,7,1,4.0,1,0.5154271067212152,1,0.27792917654157323,12.201560277447943,0.021442864798408984,0,12.530384491648354,0.2769516985365414
PC2_B1,pc2,push_neg_x,101,7,2,8.0,1,0.5059498282062016,1,0.2808487120477911,12.502143150556702,0.021713215048080457,0,13.600169202245246,0.2772186592938428
PC2_B1,pc2,push_neg_x,101,7,3,12.0,1,0.45393095427327584,1,0.28115199251289674,13.547807991268616,0.031251133427456924,0,13.70578738851727,0.27880766095324633
PC2_B1,pc2,push_neg_x,101,7,4,16.0,1,0.4686187436241238,1,0.2831012464780859,13.662834759238825,0.033199431991714635,0,14.1357906533272,0.2781768253142821
PC2_B1,pc2,push_neg_x,101,8,1,4.0,1,0.4683775076790849,1,0.2740635706141671,11.346203087717951,0.025654469844538275,0,13.422807810842693,0.2705665941544395
PC2_B1,pc2,push_neg_x,101,8,2,8.0,1,0.5058041453682272,1,0.2727910210901403,11.829840063906424,0.043780367444935436,0,14.90677495266649,0.2740735747916176
PC2_B1,pc2,push_neg_x,101,8,3,12.0,1,0.49052184507864716,1,0.2729535151452304,13.110281665483729,0.027828026269557073,0,13.671368663319909,0.27206010694172295
PC2_B1,pc2,push_neg_x,101,8,4,16.0,1,0.5024569575513443,1,0.27652783046431717,12.780390231208232,0.0292470534756533,0,14.875997740190732,0.2750757138996838
PC2_B1,pc2,push_neg_x,101,9,1,4.0,1,0.4818236738181303,1,0.28211817750956286,12.087407667735908,0.03447118073028714,0,13.411327891485856,0.27837375810439574
PC2_B1,pc2,push_neg_x,101,9,2,8.0,1,0.5029875819310207,1,0.28468890041909756,12.874867190726839,0.025914092359437296,0,14.58269942309203,0.2832288644849298
PC2_B1,pc2,push_neg_x,101,9,3,12.0,1,0.5364539944157358,1,0.284807291340063,13.067469554191202,0.034595513246280074,0,14.114925968873024,0.2820594498817933
PC2_B1,pc2,push_neg_x,101,9,4,16.0,1,0.47571433053501777,1,0.2870415679433129,13.177284774195389,0.025680447016289156,0,14.141327110561912,0.27993819802840125
PC2_B1,pc2,push_neg_x,101,10,1,4.0,1,0.4824870108528337,1,0.2680266529799783,11.44360827580111,0.029164178569957656,0,12.495202291053284,0.2577820930251463
PC2_B1,pc2,push_neg_x,101,10,2,8.0,1,0.533294385477062,1,0.26339747792578,12.048311395167289,0.031236173511149594,0,13.023586825002198,0.25560481041510474
PC2_B1,pc2,push_neg_x,101,10,3,12.0,1,0.520450027421189,1,0.26590119405863755,12.597426478847627,0.02926286248736023,0,13.596087537927387,0.25669443591393254
PC2_B1,pc2,push_neg_x,101,10,4,16.0,1,0.5116314855841677,1,0.2651521695807656,12.458479980626073,0.03099137676168462,0,13.226886170215097,0.2552174540127025
PC2_B1,pc2,push_neg_x,101,11,1,4.0,1,0.48668076436519603,1,0.273563042920541,11.277396711387222,0.023710286301465953,0,13.22502033965332,0.26657969986691193
PC2_B1,pc2,push_neg_x,101,11,2,8.0,1,0.5031980978383034,1,0.2762919948859648,13.04289280009509,0.023168186787331863,0,14.2275115033264,0.2699095619553551
PC2_B1,pc2,push_neg_x,101,11,3,12.0,1,0.43989962222301926,1,0.2722744261198503,12.923547519158443,0.02584684339233345,0,14.513361953906164,0.27110273347181435
PC2_B1,pc2,push_neg_x,101,11,4,16.0,1,0.4902045162364744,1,0.274384274520976,13.558227643862274,0.027868800097164702,0,14.373196253320994,0.2698893057790032
PC2_B1,pc2,push_neg_x,101,12,1,4.0,1,0.5073425165700276,1,0.27299980500483895,12.431754354322546,0.026582109458506885,0,12.431034099208075,0.2665895051497189
PC2_B1,pc2,push_neg_x,101,12,2,8.0,1,0.44031924373711556,1,0.2718852412573156,11.139082785097074,0.038378845151688545,0,11.331675432335615,0.2659917940749204
PC2_B1,pc2,push_neg_x,101,12,3,12.0,1,0.5657618191227336,1,0.2661393889609505,10.133343493894344,0.020146847344482393,0,10.780287510622516,0.2622379753041395
PC2_B1,pc2,push_neg_x,101,12,4,16.0,1,0.5200446495944506,1,0.26717795861914834,10.275155839627933,0.02729952003307943,0,10.95247411502856,0.25978721128428045
PC2_B1,pc2,push_neg_x,101,13,1,4.0,1,0.5161107808672029,1,0.27591555944101054,12.100561109012467,0.02645483859378859,0,13.364750002575573,0.27717604675394963
PC2_B1,pc2,push_neg_x,101,13,2,8.0,1,0.5049571374560402,1,0.2795384984443532,12.782698240734234,0.026922532765159116,0,13.763208337204219,0.2768098688061862
PC2_B1,pc2,push_neg_x,101,13,3,12.0,1,0.4916236266885627,1,0.2802551474800722,13.644134269688667,0.02452939455897012,0,14.911871909806278,0.27874676811503857
PC2_B1,pc2,push_neg_x,101,13,4,16.0,1,0.5094964026790116,1,0.28199233999226825,14.222588159415201,0.03979108198381305,0,14.369866582621896,0.28125178160514425
PC2_B1,pc2,push_neg_x,101,14,1,4.0,1,0.4770488437974019,1,0.2753176839753268,11.769133797167946,0.030614498224600814,0,12.628090986681771,0.2742785639303891
PC2_B1,pc2,push_neg_x,101,14,2,8.0,1,0.5661606678344182,1,0.2778848435948877,12.668090590070818,0.02356516685170478,0,12.729151770515811,0.27466970204032043
PC2_B1,pc2,push_neg_x,101,14,3,12.0,1,0.4605293963455399,1,0.27885835693481775,12.304778389434993,0.022996959186211256,0,13.650908096149854,0.27647579815935963
PC2_B1,pc2,push_neg_x,101,14,4,16.0,1,0.4687127990753842,1,0.2816084611383989,12.008900204612795,0.029977047482459197,0,12.879380094652435,0.2771684449305509
PC2_B1,pc2,push_neg_x,101,15,1,4.0,1,0.5153838896989337,1,0.2801962388071784,11.565082797596045,0.029072648856271983,0,13.287229560327301,0.2759109263751596
PC2_B1,pc2,push_neg_x,101,15,2,8.0,1,0.5190196680630768,1,0.2761290284560963,12.154229986169588,0.03374420838858727,0,14.628204865973746,0.2764797335002512
PC2_B1,pc2,push_neg_x,101,15,3,12.0,1,0.48673195363645144,1,0.27932443497652676,12.67055656420542,0.03231539463658714,0,15.45116278024893,0.27571416140240146
PC2_B1,pc2,push_neg_x,101,15,4,16.0,1,0.5121997934496051,1,0.2799886377418742,12.566199525275811,0.03256792325145631,0,14.878471783233444,0.2756833964809377
PC2_B1,pc2,push_neg_x,101,16,1,4.0,1,0.5262754797109768,1,0.27603822842957504,11.697676979894005,0.030803196086493567,0,12.851388919970631,0.2809321053206602
PC2_B1,pc2,push_neg_x,101,16,2,8.0,1,0.5155703766646008,1,0.281655728338874,12.294061132305766,0.019514789455190903,0,13.693559341689793,0.2791792198935932
PC2_B1,pc2,push_neg_x,101,16,3,12.0,1,0.5006860386950552,1,0.2843039999193049,12.786587044753361,0.03674898184948927,0,14.208128483833292,0.2809183667687809
PC2_B1,pc2,push_neg_x,101,16,4,16.0,1,0.4702904866911469,1,0.28585418261946205,13.440376529800586,0.024845618993895667,0,13.465463962214157,0.2811857820513414
PC2_B1,pc2,push_neg_x,101,17,1,4.0,1,0.4843119284832307,1,0.28097789316253863,11.414646241052331,0.03904007426603123,0,11.994965754375569,0.27795874817486116
PC2_B1,pc2,push_neg_x,101,17,2,8.0,1,0.49612346954956943,1,0.2836945632243539,11.615250968661606,0.03838373170899537,0,12.899680336751008,0.2821022068115479
PC2_B1,pc2,push_neg_x,101,17,3,12.0,1,0.5274719674177747,1,0.2874228379783783,12.513861370237503,0.032163503474091124,0,13.223124390980987,0.2807352103014043
PC2_B1,pc2,push_neg_x,101,17,4,16.0,1,0.4973462652830147,1,0.2840874701100875,12.4302241548543,0.021510371132174702,0,13.00101774134341,0.2797531429777808
PC2_B1,pc2,push_neg_x,101,18,1,4.0,1,0.47577016959306956,1,0.26926171038558777,12.319456814453133,0.02383154692548855,0,12.218692864370977,0.26381041962195206
PC2_B1,pc2,push_neg_x,101,18,2,8.0,1,0.4682469130546276,1,0.27155980523576073,11.439261654765566,0.028427018474675384,0,11.293426417854823,0.26626203308768454
PC2_B1,pc2,push_neg_x,101,18,3,12.0,1,0.4831152718420092,1,0.26880105365725127,10.878096120081583,0.026369274700667838,0,10.779812784355427,0.267694361707106
PC2_B1,pc2,push_neg_x,101,18,4,16.0,1,0.49183798258329914,1,0.2674017965315497,10.40272391397663,0.024525056289281685,0,11.058538782503714,0.2649474856368998
PC2_B1,pc2,push_neg_x,101,19,1,4.0,1,0.45037401039901365,1,0.28580387223531856,12.88256622612036,0.037996945664749086,0,14.776851311099739,0.27774266253180685
PC2_B1,pc2,push_neg_x,101,19,2,8.0,1,0.4791653373390353,1,0.28172472103394286,13.889306333520334,0.028422749861698314,0,14.142039984809404,0.2758766007933387
PC2_B1,pc2,push_neg_x,101,19,3,12.0,1,0.4996667793811924,1,0.27948498072471206,13.187650383625432,0.034876286689853014,0,14.401797566596002,0.274405404845661
PC2_B1,pc2,push_neg_x,101,19,4,16.0,1,0.44347642822021077,1,0.279010830078533,13.564038120381023,0.03892742257016264,0,14.716396700353933,0.2751080580254927
PC2_B1,pc2,push_neg_x,101,20,1,4.0,1,0.48885414946328565,1,0.2773659622924213,11.985733776587974,0.028522239871855135,0,12.381646036904769,0.2695029862424269
PC2_B1,pc2,push_neg_x,101,20,2,8.0,1,0.479746032029568,1,0.2709384915184847,12.07046078804861,0.026114146360936147,0,13.454401398005082,0.2651489608109316
PC2_B1,pc2,push_neg_x,101,20,3,12.0,1,0.4596868126386148,1,0.27231740776230307,11.75131039014236,0.028786709738697208,0,12.976250613661776,0.2641911105038648
PC2_B1,pc2,push_neg_x,101,20,4,16.0,1,0.48186494138121844,1,0.2709439827159127,12.015144154322769,0.01930482847549312,0,13.523462416811812,0.2647062334466108
PC2_B1,pc2,push_neg_x,101,21,1,4.0,1,0.44354565007578256,1,0.27989574964033725,12.373962771500143,0.0345390588595236,0,12.554853759125466,0.27211271760297967
PC2_B1,pc2,push_neg_x,101,21,2,8.0,1,0.4620522665372861,1,0.27716571929301803,12.261291544396041,0.031084542688465687,0,13.697554822264964,0.2712605638618775
PC2_B1,pc2,push_neg_x,101,21,3,12.0,1,0.5176025958397107,1,0.27384684254778896,12.878422081048008,0.03227268901144881,0,14.06100814362415,0.27213770677061644
PC2_B1,pc2,push_neg_x,101,21,4,16.0,1,0.4937247991783835,1,0.27681833242668824,12.631214685738126,0.039270489482225245,0,14.244884172217633,0.27219186077780905
PC2_B1,pc2,push_neg_x,101,22,1,4.0,1,0.5235470023445048,1,0.2681413335914918,12.344569146363597,0.0300257500056025,0,12.367223883266082,0.26485120373613696
PC2_B1,pc2,push_neg_x,101,22,2,8.0,1,0.4356416655500321,1,0.2658287250900013,10.86556736583449,0.02420909353828994,0,10.96258924869075,0.26027100258332525
PC2_B1,pc2,push_neg_x,101,22,3,12.0,1,0.5464791505628908,1,0.2621709449405976,10.231151873193896,0.02522079571788526,0,10.425452320399735,0.2579616540893514
PC2_B1,pc2,push_neg_x,101,22,4,16.0,1,0.4992758702727506,1,0.2630638158257632,9.77060584703688,0.0299265221765751,0,10.158188085612913,0.2548306380363709
PC2_B1,pc2,push_neg_x,101,23,1,4.0,1,0.4997978536654103,1,0.27752198215155677,11.908137357400165,0.0318889814813672,0,13.982131198647352,0.27123701620229423
PC2_B1,pc2,push_neg_x,101,23,2,8.0,1,0.5294838436106795,1,0.2760846406858873,13.401759964780933,0.035581441774240934,0,14.926715060981392,0.2691285608605268
PC2_B1,pc2,push_neg_x,101,23,3,12.0,1,0.5073742319844335,1,0.27566255445786336,13.19144656720431,0.03045954684150674,0,14.839505445884404,0.2678318729693877
PC2_B1,pc2,push_neg_x,101,23,4,16.0,1,0.47779343593608026,1,0.27777310504632835,14.149488013764199,0.027600288259468444,0,15.548324671459625,0.26419400196661924
PC2_B1,pc2,push_neg_x,101,24,1,4.0,1,0.49829944226600364,1,0.2657949534807613,11.762912122770828,0.022993886489663586,0,12.586518605178442,0.24482113274342235
PC2_B1,pc2,push_neg_x,101,24,2,8.0,1,0.48770799679587096,1,0.2657596524705224,12.393271952324591,0.025293540715865884,0,12.685899207439403,0.25865715311810294
PC2_B1,pc2,push_neg_x,101,24,3,12.0,1,0.48058301938762515,1,0.27099170085580593,12.546037011687856,0.02291730326789696,0,12.857943456602337,0.25812817767342144
PC2_B1,pc2,push_neg_x,101,24,4,16.0,1,0.4659628566710108,1,0.2694690293647389,12.888292279395884,0.025031806917289002,0,13.225139760553155,0.26141917673661746
PC2_B1,pc2,push_neg_x,101,25,1,4.0,1,0.49765326778033464,1,0.26454221086706065,11.205407840218584,0.02191164682388242,0,12.21777307495432,0.2648297286926106
PC2_B1,pc2,push_neg_x,101,25,2,8.0,1,0.48230016031260137,1,0.26865987806396685,11.75924275432827,0.02791075297567324,0,13.326474803339439,0.2682798605232953
PC2_B1,pc2,push_neg_x,101,25,3,12.0,1,0.46504986085936423,1,0.27115732375631996,12.328945870118545,0.04007455326266,0,13.75575633342787,0.2666440892984523
PC2_B1,pc2,push_neg_x,101,25,4,16.0,1,0.47321210392946084,1,0.27162422725861085,11.927749899907791,0.024554378123711834,0,14.317096411839334,0.2669789177529952
PC2_B1,pc2,push_neg_x,101,26,1,4.0,1,0.4849872983250333,1,0.2683985517783598,11.63771264076045,0.022459152816002893,0,13.448998919056804,0.2661060400825133
PC2_B1,pc2,push_neg_x,101,26,2,8.0,1,0.510267777177852,1,0.27134100678451556,12.753262120714783,0.031125813642205652,0,14.251738650991973,0.272254295686987
PC2_B1,pc2,push_neg_x,101,26,3,12.0,1,0.4780957488896173,1,0.27634153232217473,13.093328578660167,0.02609274294992703,0,14.834064050681695,0.2727415107469508
PC2_B1,pc2,push_neg_x,101,26,4,16.0,1,0.49899395811105557,1,0.2784437369854055,14.370483982675097,0.03312580493749023,0,15.00415883761922,0.2790746781277784
PC2_B1,pc2,push_neg_x,101,27,1,4.0,1,0.5126951908553942,1,0.2643741979637248,10.673490775722533,0.02347231379575984,0,10.998304721085178,0.25818137832503907
PC2_B1,pc2,push_neg_x,101,27,2,8.0,1,0.49539526126848227,1,0.2630220524926874,9.871193355486408,0.024692135299228025,0,10.171288902070568,0.2604813081695434
PC2_B1,pc2,push_neg_x,101,27,3,12.0,1,0.551221034695012,1,0.2639340194151363,9.869272255540185,0.018408925251715356,0,9.820367362859656,0.25953693679947265
PC2_B1,pc2,push_neg_x,101,27,4,16.0,1,0.488833923438969,1,0.2621542574728236,8.964337470405745,0.02252388649576823,0,9.432485174597263,0.25782363794066687
PC2_B1,pc2,push_neg_x,101,28,1,4.0,1,0.5519234845823446,1,0.271902252088256,11.978462142517994,0.029174893615433718,0,13.349627385860519,0.25968504876376475
PC2_B1,pc2,push_neg_x,101,28,2,8.0,1,0.49153767173280466,1,0.2761479090241825,12.245331850853656,0.03183583062935057,0,13.457556752423494,0.26500492554934907
PC2_B1,pc2,push_neg_x,101,28,3,12.0,1,0.4997579994566473,1,0.27743434603201517,12.673374567546077,0.027084645732499548,0,13.016720066754909,0.26639063233997734
PC2_B1,pc2,push_neg_x,101,28,4,16.0,1,0.48158243846979965,1,0.2757693251823996,12.817627821065287,0.0277833817826645,0,12.632167426628603,0.27376736294139514
PC2_B1,pc2,push_neg_x,101,29,1,4.0,1,0.4656831061351254,1,0.2663793343114343,11.185492828686604,0.024700506317540907,0,11.955743941297138,0.2602552448045761
PC2_B1,pc2,push_neg_x,101,29,2,8.0,1,0.4545872703514719,1,0.2680302448769942,11.504254608145056,0.021917504746695134,0,11.716939928713039,0.2582068285521339
PC2_B1,pc2,push_neg_x,101,29,3,12.0,1,0.4996043641852944,1,0.26940702228622637,11.303971996019822,0.021637163824973084,0,11.92082662726538,0.2574344102074118
PC2_B1,pc2,push_neg_x,101,29,4,16.0,1,0.49583952026057937,1,0.2682758429471184,11.191557690817048,0.02734350304952964,0,12.168213395654822,0.26677754346062155
PC2_B1,pc2,push_neg_x,101,30,1,4.0,1,0.48777220880007005,1,0.2855479294125409,12.269475838666509,0.028074940126837637,0,12.92274405797664,0.2831562771835429
PC2_B1,pc2,push_neg_x,101,30,2,8.0,1,0.5160246994419746,1,0.28590489908016936,12.353081664156747,0.022859063163501222,0,12.59848624906064,0.2824389972788765
PC2_B1,pc2,push_neg_x,101,30,3,12.0,1,0.5066891790414075,1,0.2873526110368616,12.5626595741684,0.02368912666890457,0,12.901882997772475,0.28376127819326474
PC2_B1,pc2,push_neg_x,101,30,4,16.0,1,0.51486810687097,1,0.28676892044072483,12.206221476569606,0.03286463418719389,0,12.762447351568948,0.28384382122340684
PC2_B1,pc2,push_neg_x,101,31,1,4.0,1,0.5110113349021564,1,0.27518533791768995,12.057434160880828,0.02562249315844218,0,13.808381266724393,0.2694648032519907
PC2_B1,pc2,push_neg_x,101,31,2,8.0,1,0.5673260554847007,1,0.27773552312251715,13.78278048856042,0.03035544327047755,0,16.25065630317094,0.27260855286516605
PC2_B1,pc2,push_neg_x,101,31,3,12.0,1,0.48053545224131117,1,0.2731723149511266,12.691037726957674,0.018706430518024765,0,13.43179368688089,0.2703490107454718
PC2_B1,pc2,push_neg_x,101,31,4,16.0,1,0.502185446345082,1,0.27707743254256123,12.383588054880981,0.03043532729403599,0,12.648319894811697,0.27262531133259044
PC2_B1,pc2,push_neg_x,202,0,1,4.0,1,0.5168182270967011,1,0.2634110722471686,10.49099087434001,0.03466419785822075,0,12.312444200603808,0.251153115123351
PC2_B1,pc2,push_neg_x,202,0,2,8.0,1,0.5222652679524069,1,0.2677456334950452,11.824821536505674,0.030759608228820637,0,12.74809322006373,0.24378278134340908
PC2_B1,pc2,push_neg_x,202,0,3,12.0,1,0.5013149811965373,1,0.26646409092102463,12.386852325016898,0.024050584390346595,0,12.769525762227715,0.2503133609014399
PC2_B1,pc2,push_neg_x,202,0,4,16.0,1,0.45729586607736766,1,0.2674652757172916,12.000344959244607,0.023771240059101792,0,12.850866871795374,0.2509574872605941
PC2_B1,pc2,push_neg_x,202,1,1,4.0,1,0.47237255711565845,1,0.27357778487039763,11.291699687142398,0.02272405762665288,0,12.663844583609066,0.2652645017055267
PC2_B1,pc2,push_neg_x,202,1,2,8.0,1,0.49144624780449564,1,0.2683372864111222,12.321040707736817,0.02524945720945644,0,12.79877215593201,0.2614622310521131
PC2_B1,pc2,push_neg_x,202,1,3,12.0,1,0.503945588856422,1,0.26542961876341364,12.027581636219534,0.028366526807812917,0,13.31933157890882,0.2645024305040186
PC2_B1,pc2,push_neg_x,202,1,4,16.0,1,0.541640420698579,1,0.2665204138838671,11.742641084783061,0.025543376503257244,0,12.765152440119504,0.259164566821593
PC2_B1,pc2,push_neg_x,202,2,1,4.0,1,0.48821181067308556,1,0.2786246194718356,11.6760211965944,0.028229369998310272,0,12.17585836608669,0.2699033366167609
PC2_B1,pc2,push_neg_x,202,2,2,8.0,1,0.4836818742962208,1,0.27500534240893504,11.862229513902058,0.026229390089335322,0,13.51843766038388,0.2694654353162184
PC2_B1,pc2,push_neg_x,202,2,3,12.0,1,0.4217652532129377,1,0.27629492133058964,12.462393002405214,0.026685056795024815,0,13.648332127388617,0.27236924196947065
PC2_B1,pc2,push_neg_x,202,2,4,16.0,1,0.4666233957682656,1,0.27668479531206547,12.798409867185317,0.026792390256325016,0,13.582642953246644,0.2699952656253774
PC2_B1,pc2,push_neg_x,202,3,1,4.0,1,0.4748317255631855,1,0.2828020742710899,12.122694957118604,0.02512803009543634,0,13.414301821639354,0.2828133756464178
PC2_B1,pc2,push_neg_x,202,3,2,8.0,1,0.5139456510348022,1,0.2852133860721945,12.488542720316852,0.02803439608332453,0,15.324624575115626,0.2790867938077386
PC2_B1,pc2,push_neg_x,202,3,3,12.0,1,0.5070816401283773,1,0.2821499241545876,13.29554806146299,0.03308030885568093,0,14.461596673090616,0.2775613874356377
PC2_B1,pc2,push_neg_x,202,3,4,16.0,1,0.5686252268538393,1,0.2829345065482798,13.082218245314987,0.03082221886866085,0,13.852625269179443,0.28037592529613065
PC2_B1,pc2,push_neg_x,202,4,1,4.0,1,0.5440407197559524,1,0.280933921270192,12.445652520950159,0.024232517417588473,0,12.687765192407436,0.28157658484530323
PC2_B1,pc2,push_neg_x,202,4,2,8.0,1,0.49553105447419554,1,0.2814273059686875,12.182769554245027,0.0203715237856471,0,13.249703025720189,0.2797405633696898
PC2_B1,pc2,push_neg_x,202,4,3,12.0,1,0.47716237636259906,1,0.28228741629238435,12.759246873890397,0.029168297979900025,0,12.926545913060455,0.277710942661061
PC2_B1,pc2,push_neg_x,202,4,4,16.0,1,0.5206476437587231,1,0.2850150530510408,12.057625899736912,0.03493901363446114,0,12.778437834450566,0.28299409916056667
PC2_B1,pc2,push_neg_x,202,5,1,4.0,1,0.47502209622879715,1,0.27230269473823,11.524817857774686,0.03138541190941631,0,12.129478538080322,0.26263843309433066
PC2_B1,pc2,push_neg_x,202,5,2,8.0,1,0.49174630302716205,1,0.27702970635444724,11.977336125056345,0.02353471786212063,0,12.527676776049724,0.2637046443268577
PC2_B1,pc2,push_neg_x,202,5,3,12.0,1,0.4922991729232883,1,0.2767377439189085,12.047526370543011,0.028684200966267885,0,12.513073521057336,0.2692290756472929
PC2_B1,pc2,push_neg_x,202,5,4,16.0,1,0.5136263544046756,1,0.2762756074335486,11.967572498434194,0.022817061957310023,0,12.068313066420155,0.26873371323799705
PC2_B1,pc2,push_neg_x,202,6,1,4.0,1,0.4837218936887428,1,0.2698785854692765,11.75716480544575,0.03035549291345441,0,14.050701031377496,0.2631412774802529
PC2_B1,pc2,push_neg_x,202,6,2,8.0,1,0.500238755309523,1,0.2720026208117684,13.698225251629554,0.021931080863274367,0,14.660516210799965,0.263599107131601
PC2_B1,pc2,push_neg_x,202,6,3,12.0,1,0.4743112567346419,1,0.26847019863319904,13.54470808936312,0.026110440958157358,0,15.51144933746214,0.2625819820771243
PC2_B1,pc2,push_neg_x,202,6,4,16.0,1,0.48578464441732816,1,0.2676888598318406,14.095489467533422,0.027903957826454516,0,16.15953865873014,0.263307256972726
PC2_B1,pc2,push_neg_x,202,7,1,4.0,1,0.4433243716074688,1,0.27793116748014235,11.629079523978744,0.03551725180092315,0,12.30570003834227,0.2701541969482911
PC2_B1,pc2,push_neg_x,202,7,2,8.0,1,0.5230464883387067,1,0.2733849834471463,11.90763281624218,0.028883720877089233,0,12.79790882495512,0.26649951839192026
PC2_B1,pc2,push_neg_x,202,7,3,12.0,1,0.5084697646377142,1,0.2725388088965799,11.356811091107264,0.026556304846920398,0,12.266717651788088,0.2641772892385881
PC2_B1,pc2,push_neg_x,202,7,4,16.0,1,0.49564636875780055,1,0.2703927894805205,10.85149712148067,0.024590698229191466,0,11.871473545355236,0.2651055781917776
PC2_B1,pc2,push_neg_x,202,8,1,4.0,1,0.45329889428214926,1,0.26929201337105446,11.897682767433203,0.023226242710150363,0,13.999138635105853,0.252256589458588
PC2_B1,pc2,push_neg_x,202,8,2,8.0,1,0.5010233812565538,1,0.2699032186027517,13.040925304465624,0.025999162366093207,0,14.616313702860062,0.25374286410642816
PC2_B1,pc2,push_neg_x,202,8,3,12.0,1,0.47705740872594454,1,0.26733237855574665,12.946445515187204,0.024682319898368364,0,13.71283384123571,0.26029263986623224
PC2_B1,pc2,push_neg_x,202,8,4,16.0,1,0.48646684485937924,1,0.26824988098068037,12.639808621708891,0.028568850973707233,0,14.788870422917764,0.25591767742672067
PC2_B1,pc2,push_neg_x,202,9,1,4.0,1,0.5445355730548102,1,0.28090397941874945,12.33880920611642,0.029936867060731787,0,12.352449914492887,0.2811000273826926
PC2_B1,pc2,push_neg_x,202,9,2,8.0,1,0.4670719842548831,1,0.28294919582611733,12.50753888543991,0.03364754422798439,0,12.936739841907414,0.27833527709073563
PC2_B1,pc2,push_neg_x,202,9,3,12.0,1,0.4895166021860139,1,0.2853862700615337,12.737201010153983,0.018296596605099403,0,13.373405052501004,0.28083554149311496
PC2_B1,pc2,push_neg_x,202,9,4,16.0,1,0.4698415197028945,1,0.28258178562404,12.27397271816814,0.031119412294831988,0,13.015461533080044,0.27972750118709505
PC2_B1,pc2,push_neg_x,202,10,1,4.0,1,0.5559138809917087,1,0.2793224205307782,12.160984736487421,0.02120768815097013,0,12.00303143517612,0.2739482724411602
PC2_B1,pc2,push_neg_x,202,10,2,8.0,1,0.5242642915328211,1,0.2797078417743591,11.641089648103861,0.029856112977390957,0,11.656785447414775,0.2741711638509271
PC2_B1,pc2,push_neg_x,202,10,3,12.0,1,0.4987961889252819,1,0.2803575645952939,10.939236830327435,0.031073229061786656,0,11.812111707122197,0.27344496922696976
PC2_B1,pc2,push_neg_x,202,10,4,16.0,1,0.5238728855971856,1,0.2802786525876764,11.424141887936784,0.01955924207946348,0,11.22463297667938,0.27062662304403945
PC2_B1,pc2,push_neg_x,202,11,1,4.0,1,0.5179308027029396,1,0.2749338228912914,12.168764238501332,0.01755738500870853,0,14.11606023887171,0.26806965438439884
PC2_B1,pc2,push_neg_x,202,11,2,8.0,1,0.4784359298434937,1,0.2716558910308675,13.399668596928944,0.018666452289855667,0,15.056991614974327,0.26315184312070755
PC2_B1,pc2,push_neg_x,202,11,3,12.0,1,0.49682289814742137,1,0.2710971087217331,13.20168213636102,0.030251322662422135,0,14.934654666142741,0.25793942299118655
PC2_B1,pc2,push_neg_x,202,11,4,16.0,1,0.5269118282211298,1,0.2707444093125389,12.780900306541632,0.022527735355791143,0,14.459723066850154,0.2598468956144098
PC2_B1,pc2,push_neg_x,202,12,1,4.0,1,0.5086666282918173,1,0.270440906365925,11.246479923463244,0.027316966015044374,0,12.110057207418732,0.2628778063039729
PC2_B1,pc2,push_neg_x,202,12,2,8.0,1,0.511970318595853,1,0.26729713220966056,12.141300248023478,0.025091965226759085,0,13.357242534529341,0.26581047244250455
PC2_B1,pc2,push_neg_x,202,12,3,12.0,1,0.5034256691105952,1,0.27032087560006,12.89612821016146,0.024353201893624107,0,13.950477882407199,0.2641083056276495
PC2_B1,pc2,push_neg_x,202,12,4,16.0,1,0.5278302801577347,1,0.2702677885797572,14.376875594663847,0.030732914071945963,0,14.974938604058092,0.2701954143570069
PC2_B1,pc2,push_neg_x,202,13,1,4.0,1,0.5087024343005291,1,0.277093254627391,11.392982681871406,0.02648962229556481,0,12.414333437116081,0.2733949877042821
PC2_B1,pc2,push_neg_x,202,13,2,8.0,1,0.4867453681750839,1,0.2779632526285508,12.133620219695473,0.02491090034347477,0,12.481557175313018,0.27358157733544947
PC2_B1,pc2,push_neg_x,202,13,3,12.0,1,0.5125617774954339,1,0.28052967643355303,11.96890031783641,0.02075203570281489,0,13.222631699196615,0.27428660880435596
PC2_B1,pc2,push_neg_x,202,13,4,16.0,1,0.4290396506701728,1,0.2777244310009288,11.766957010182722,0.03305741619098512,0,13.658286041757,0.2740017001960367
PC2_B1,pc2,push_neg_x,202,14,1,4.0,1,0.4744511565933493,1,0.2646771013577354,11.092588046679797,0.02543888754511501,0,13.329348816168416,0.25506284052037936
PC2_B1,pc2,push_neg_x,202,14,2,8.0,1,0.5026788178776656,1,0.2688797176043618,12.615548360724487,0.025594211918707373,0,14.434467738522747,0.26170440408635265
PC2_B1,pc2,push_neg_x,202,14,3,12.0,1,0.4665439398901825,1,0.269272634769506,13.3935294793347,0.030827313081838607,0,14.67593138583977,0.26289759632100396
PC2_B1,pc2,push_neg_x,202,14,4,16.0,1,0.49487927607202553,1,0.26377718166552766,12.227459326848889,0.022786754683865346,0,14.363645504628868,0.2596153224853271
PC2_B1,pc2,push_neg_x,202,15,1,4.0,1,0.5104541160116305,1,0.2623822311347819,10.830662043120434,0.03033301742517701,0,13.176162968732084,0.2564391328051766
PC2_B1,pc2,push_neg_x,202,15,2,8.0,1,0.49375266061332534,1,0.2693782019264558,13.191163341064287,0.02108572152331126,0,15.364760352801325,0.26369690241660665
PC2_B1,pc2,push_neg_x,202,15,3,12.0,1,0.4810969150699931,1,0.26670872942011625,13.389791620551627,0.02795987734207188,0,14.247618025583604,0.26177189136571427
PC2_B1,pc2,push_neg_x,202,15,4,16.0,1,0.47677619950665284,1,0.2630319314844468,12.947070561877892,0.03231044384671099,0,14.892669803100327,0.25753584743183566
PC2_B1,pc2,push_neg_x,202,16,1,4.0,1,0.43628185748002146,1,0.28196050712769044,11.677075440875562,0.02966575885784515,0,12.359360424648221,0.27422469599361726
PC2_B1,pc2,push_neg_x,202,16,2,8.0,1,0.48693549600791547,1,0.276440942271508,12.113971501952133,0.02616540770102302,0,12.842880005937872,0.27171339628530694
PC2_B1,pc2,push_neg_x,202,16,3,12.0,1,0.5103760202152074,1,0.27852303945125745,12.007332843753177,0.03328171028646258,0,12.481873200445712,0.26713183490350284
PC2_B1,pc2,push_neg_x,202,16,4,16.0,1,0.49987929393309655,1,0.27560900964520196,11.896315919159068,0.025774495271931007,0,13.230229092051049,0.26579434046133316
PC2_B1,pc2,push_neg_x,202,17,1,4.0,1,0.5277350439044963,1,0.2695501443536524,11.274506767150472,0.026799732092950584,0,13.448117878116902,0.25734042420106773
PC2_B1,pc2,push_neg_x,202,17,2,8.0,1,0.505685593398662,1,0.27429785734829415,13.470764577878494,0.024974585203321218,0,13.651559248694813,0.2687090899855058
PC2_B1,pc2,push_neg_x,202,17,3,12.0,1,0.5331383701762838,1,0.27121881391594116,12.757669397739221,0.029553582440141717,0,14.237012801175023,0.2626041165966401
PC2_B1,pc2,push_neg_x,202,17,4,16.0,1,0.44994476311512765,1,0.2680561186317454,13.065150924441987,0.018244542777483656,0,14.342567826441618,0.26180391882192644
PC2_B1,pc2,push_neg_x,202,18,1,4.0,1,0.48244807772434284,1,0.27660117103135523,11.718988299771452,0.025581762113987234,0,12.051346534376092,0.27142932038893675
PC2_B1,pc2,push_neg_x,202,18,2,8.0,1,0.5390943663821195,1,0.27918116254283787,12.133361382337604,0.02094012269371176,0,12.625044525540874,0.27424112902605596
PC2_B1,pc2,push_neg_x,202,18,3,12.0,1,0.49544415886614357,1,0.27881869418735805,12.104349055028056,0.027289183591858536,0,12.953173892299706,0.27605762360567715
PC2_B1,pc2,push_neg_x,202,18,4,16.0,1,0.4706298276691236,1,0.279801101528387,12.714276745844543,0.02434650682542542,0,13.437540964141421,0.27783734849430025
PC2_B1,pc2,push_neg_x,202,19,1,4.0,1,0.4918201174901623,1,0.2810145425286522,12.155102930652827,0.026741433669534458,0,13.620516016243819,0.277627906219207
PC2_B1,pc2,push_neg_x,202,19,2,8.0,1,0.5182142700896095,1,0.2803033085908482,13.344329977913329,0.030351604073725044,0,14.886051025053428,0.273505713372307
PC2_B1,pc2,push_neg_x,202,19,3,12.0,1,0.49064468007116874,1,0.28620322478965005,13.852301829754655,0.03306973626387563,0,14.959745327758105,0.2723357320469331
PC2_B1,pc2,push_neg_x,202,19,4,16.0,1,0.5147501746104691,1,0.2869355067371685,15.167965771689211,0.03415588657895825,0,15.353143128114315,0.2749223721856102
PC2_B1,pc2,push_neg_x,202,20,1,4.0,1,0.4821482442409804,1,0.2662210586396131,11.783690976295162,0.030110987900728678,0,12.33911288406625,0.26348517412807854
PC2_B1,pc2,push_neg_x,202,20,2,8.0,1,0.49738935940222073,1,0.2662097516863104,12.635956190639806,0.02697703877872592,0,12.7284077958631,0.2627268580191913
PC2_B1,pc2,push_neg_x,202,20,3,12.0,1,0.5039153828325892,1,0.2712551920331098,12.762430052531219,0.018446537584516906,0,12.883975661870366,0.26763059732748223
PC2_B1,pc2,push_neg_x,202,20,4,16.0,1,0.46437942430278906,1,0.27090404688674496,13.026472307427643,0.021470940610145026,0,13.76406958537756,0.2689595802582522
PC2_B1,pc2,push_neg_x,202,21,1,4.0,1,0.5054141740226266,1,0.27921967391661784,12.351395585555935,0.02967062894625354,0,12.778545915652343,0.2760751819546847
PC2_B1,pc2,push_neg_x,202,21,2,8.0,1,0.5080130694771561,1,0.2802222925711443,12.837677303161247,0.03448425918929947,0,13.50743229985888,0.27786881193757695
PC2_B1,pc2,push_neg_x,202,21,3,12.0,1,0.4981899633861699,1,0.28116402173424787,13.304178780517404,0.030020840875555413,0,14.222369321602779,0.2797409876145144
PC2_B1,pc2,push_neg_x,202,21,4,16.0,1,0.4765187354638042,1,0.28104986712575597,13.713536729885853,0.023525621719518455,0,14.715832066313956,0.2782409332971522
PC2_B1,pc2,push_neg_x,202,22,1,4.0,1,0.5159078967988573,1,0.27325121444814343,12.073922445904696,0.021499979097071548,0,14.518416842227996,0.27282433044464194
PC2_B1,pc2,push_neg_x,202,22,2,8.0,1,0.512723283494387,1,0.271476968963516,12.72923667100337,0.026005028335344668,0,15.273422087786889,0.27138758853157574
PC2_B1,pc2,push_neg_x,202,22,3,12.0,1,0.5042277226956072,1,0.2766362034222659,13.404625524321364,0.028959876634749672,0,16.60603362322587,0.2754037724459235
PC2_B1,pc2,push_neg_x,202,22,4,16.0,1,0.45901182855212647,1,0.2759795733154776,13.84416384260198,0.027163728308214445,0,15.684095086493722,0.27650817495616364
PC2_B1,pc2,push_neg_x,202,23,1,4.0,1,0.5110873181967694,1,0.26642717500740193,11.21928845352326,0.022879157575770907,0,11.317571056691953,0.2562085064974698
PC2_B1,pc2,push_neg_x,202,23,2,8.0,1,0.5156713462259641,1,0.2594304905536978,9.704900822691787,0.03295629079715518,0,10.200545775711811,0.2575733212226215
PC2_B1,pc2,push_neg_x,202,23,3,12.0,1,0.4998139374485062,1,0.2606933577494188,9.56584796228444,0.02328982432613986,0,9.67052546250235,0.2577877261421897
PC2_B1,pc2,push_neg_x,202,23,4,16.0,1,0.5307625801489797,1,0.26250961550416796,9.11216423578391,0.027348191204807436,0,10.186709816193689,0.25771441019792607
PC2_B1,pc2,push_neg_x,202,24,1,4.0,1,0.49439167901063485,1,0.2806295636981566,12.329335865526698,0.022695476176272093,0,13.51687435365988,0.2811166054424755
PC2_B1,pc2,push_neg_x,202,24,2,8.0,1,0.4993779353957418,1,0.28164534055612944,12.896672794101619,0.03443891256646338,0,13.246916369437558,0.2793194729695346
PC2_B1,pc2,push_neg_x,202,24,3,12.0,1,0.500786012646454,1,0.2827119042369771,13.15980496939982,0.02708916472334303,0,13.736814159099694,0.2791187391880362
PC2_B1,pc2,push_neg_x,202,24,4,16.0,1,0.540131767137365,1,0.2817520104786929,13.199070763250667,0.026885118311700207,0,14.43054894778022,0.2807960948523353
PC2_B1,pc2,push_neg_x,202,25,1,4.0,1,0.4750968765176675,1,0.2637404652840314,11.155323693691784,0.028728020435797596,0,11.698578653560386,0.25945196639407764
PC2_B1,pc2,push_neg_x,202,25,2,8.0,1,0.48877021839990764,1,0.2634018485877603,11.429545966934349,0.024786815052522296,0,11.616981032073982,0.25999929305703884
PC2_B1,pc2,push_neg_x,202,25,3,12.0,1,0.500009900175434,1,0.26818974818137875,11.781890384527731,0.024583509407746097,0,12.388429086497782,0.2607475108003871
PC2_B1,pc2,push_neg_x,202,25,4,16.0,1,0.49372839992491385,1,0.26506132134460514,12.219813717246595,0.021791911711826394,0,13.116401285012985,0.2634698848992108
PC2_B1,pc2,push_neg_x,202,26,1,4.0,1,0.4560833254914638,1,0.2826601945780178,12.618870979927893,0.03353761577685577,0,14.827820046598818,0.2820708890330983
PC2_B1,pc2,push_neg_x,202,26,2,8.0,1,0.49936545232878515,1,0.2850367912156059,13.30202848167409,0.02930784285846337,0,16.309666973965726,0.282860867320535
PC2_B1,pc2,push_neg_x,202,26,3,12.0,1,0.4841579046676819,1,0.29076329821890046,14.76926220498225,0.03417070758546604,0,15.406966630888885,0.28759989859586094
PC2_B1,pc2,push_neg_x,202,26,4,16.0,1,0.4350590144889695,1,0.2867963501316978,14.069787463236977,0.029254122825138063,0,16.251925443852297,0.2864367284558036
PC2_B1,pc2,push_neg_x,202,27,1,4.0,1,0.46798161940606897,1,0.26535934990740073,11.00576039743734,0.032950356682457604,0,13.995326436951224,0.25544236130255427
PC2_B1,pc2,push_neg_x,202,27,2,8.0,1,0.47033004041607335,1,0.26647504072457073,13.085680654127714,0.0204138997037683,0,15.114045348384959,0.25965243179530384
PC2_B1,pc2,push_neg_x,202,27,3,12.0,1,0.482040035270067,1,0.26525909632922495,12.950399298027168,0.025056328210461262,0,14.314403178093473,0.25522292249980455
PC2_B1,pc2,push_neg_x,202,27,4,16.0,1,0.4734280831706415,1,0.2629732374042113,13.25447665011355,0.02397945233438143,0,14.143898883442933,0.2574575361721018
PC2_B1,pc2,push_neg_x,202,28,1,4.0,1,0.5164839971725436,1,0.27311520206737006,11.589508599295954,0.023978017145376906,0,11.407793746882787,0.27313350738688585
PC2_B1,pc2,push_neg_x,202,28,2,8.0,1,0.5006118568358161,1,0.27749238111437324,11.357176867863725,0.022130461479313655,0,11.509750089341631,0.27739126637657696
PC2_B1,pc2,push_neg_x,202,28,3,12.0,1,0.5414829974927549,1,0.27844377340161225,11.160882607182199,0.02276351260960506,0,12.131266232129928,0.2761628516217604
PC2_B1,pc2,push_neg_x,202,28,4,16.0,1,0.48545225746442305,1,0.27955525858517,11.648575580156013,0.029408465494915374,0,12.119218656297155,0.27511678596231387
PC2_B1,pc2,push_neg_x,202,29,1,4.0,1,0.5124571416962542,1,0.27453276754063083,11.110725574556001,0.029890536542019973,0,12.078305452288896,0.2685294007872515
PC2_B1,pc2,push_neg_x,202,29,2,8.0,1,0.48027053853772955,1,0.2727583353532189,11.9284276450372,0.034032523375712595,0,13.534907346827275,0.2677978548136624
PC2_B1,pc2,push_neg_x,202,29,3,12.0,1,0.4839865230493229,1,0.27212209680819893,12.271297691864664,0.02723008625518868,0,13.179144064624655,0.2660011215643449
PC2_B1,pc2,push_neg_x,202,29,4,16.0,1,0.4197462637648275,1,0.27096828706761733,12.268196310054126,0.03649998052820155,0,13.131712492343544,0.26419025787057726
PC2_B1,pc2,push_neg_x,202,30,1,4.0,1,0.5541711137700283,1,0.264827252071809,11.216015346496139,0.03720157066100306,0,11.254104211319444,0.25810071666610435
PC2_B1,pc2,push_neg_x,202,30,2,8.0,1,0.48396025659516123,1,0.26587224739758086,10.19391955970938,0.02905789392741702,0,10.769217360863227,0.25610647752960736
PC2_B1,pc2,push_neg_x,202,30,3,12.0,1,0.4885917653882905,1,0.2653106599249304,10.085480215990493,0.024343219490255488,0,10.4535161315791,0.2588055828675867
PC2_B1,pc2,push_neg_x,202,30,4,16.0,1,0.5462614496842887,1,0.26824164063854017,9.800619844446935,0.027021821627718205,0,10.247933528263031,0.25701346754390286
PC2_B1,pc2,push_neg_x,202,31,1,4.0,1,0.4927092374773238,1,0.26598551542682447,11.76916691418613,0.0299114950624463,0,12.525755837920752,0.2597119216931695
PC2_B1,pc2,push_neg_x,202,31,2,8.0,1,0.47842056742239736,1,0.2674001253703061,13.082527061940826,0.03213662773364266,0,13.339625100739948,0.2597911348317396
PC2_B1,pc2,push_neg_x,202,31,3,12.0,1,0.47951860781844874,1,0.2674793489476576,12.863594778552578,0.033161035496899846,0,13.28289002543185,0.2609885821049226
PC2_B1,pc2,push_neg_x,202,31,4,16.0,1,0.49220297439109045,1,0.2677884178365616,13.691732985631107,0.02428618193594052,0,13.655566783537699,0.26458266122455903
PC2_B1,pc2,push_neg_x,303,0,1,4.0,1,0.521051214583374,1,0.28212406912589455,11.841113045785256,0.03161186430043943,0,14.346992518928827,0.278773749257154
PC2_B1,pc2,push_neg_x,303,0,2,8.0,1,0.4988362227793279,1,0.2829043709817417,13.375555408463473,0.029032532594699866,0,15.405346882406528,0.28278641139759736
PC2_B1,pc2,push_neg_x,303,0,3,12.0,1,0.4942864867592808,1,0.2803743881656524,13.2135576524571,0.03258885046538965,0,15.158944421935129,0.27806004324061345
PC2_B1,pc2,push_neg_x,303,0,4,16.0,1,0.48460286241792594,1,0.28378489932274437,14.278590512722626,0.03310418936897624,0,14.645557918744577,0.277917063331859
PC2_B1,pc2,push_neg_x,303,1,1,4.0,1,0.4877249169621614,1,0.2707504452390467,11.79207427315609,0.02497584503584373,0,12.25837252985275,0.26992789133984774
PC2_B1,pc2,push_neg_x,303,1,2,8.0,1,0.46804643703016247,1,0.2709130463912525,11.947630002534549,0.022758418043582855,0,13.510604733738278,0.2678359244915253
PC2_B1,pc2,push_neg_x,303,1,3,12.0,1,0.5019728301160213,1,0.273384794513172,12.453618915839641,0.03395991207727535,0,12.645590226888487,0.2718456471986312
PC2_B1,pc2,push_neg_x,303,1,4,16.0,1,0.46529144685448764,1,0.274444609800762,12.20839746267972,0.031453072519325026,0,13.396861235454676,0.26782960225554076
PC2_B1,pc2,push_neg_x,303,2,1,4.0,1,0.45436564081273245,1,0.2766185119190318,11.639228583261204,0.024220299423284488,0,12.016522528269592,0.273073148281179
PC2_B1,pc2,push_neg_x,303,2,2,8.0,1,0.49089663777736375,1,0.27989812458262725,11.97927751040758,0.027316001802211325,0,12.8315671640173,0.2778463967662444
PC2_B1,pc2,push_neg_x,303,2,3,12.0,1,0.483979888282954,1,0.2808054972459926,12.431827258377862,0.023620754395830397,0,12.791956449342889,0.2755035852047211
PC2_B1,pc2,push_neg_x,303,2,4,16.0,1,0.5468460463467042,1,0.27931055498314417,12.451665090207793,0.028232833474155384,0,13.126224735373968,0.2797123056682036
PC2_B1,pc2,push_neg_x,303,3,1,4.0,1,0.474340174692843,1,0.2807374387023283,11.98373279836903,0.025452051164318583,0,12.891922190089046,0.27691380273212085
PC2_B1,pc2,push_neg_x,303,3,2,8.0,1,0.5174147448382523,1,0.2806524329963215,12.482598174756774,0.03489466960292813,0,13.278965411586166,0.2777235388437057
PC2_B1,pc2,push_neg_x,303,3,3,12.0,1,0.4982924698677015,1,0.28069007755282094,12.858695009438254,0.03292672014843312,0,13.098164364678393,0.2787443050407471
PC2_B1,pc2,push_neg_x,303,3,4,16.0,1,0.47369827226431,1,0.2824094704287575,13.119752234699952,0.028490689742591523,0,14.476126151733993,0.27943426737173355
PC2_B1,pc2,push_neg_x,303,4,1,4.0,1,0.4621942607935336,1,0.282845010731947,12.494227477951066,0.03346383736034703,0,12.70568046062238,0.27588758717246237
PC2_B1,pc2,push_neg_x,303,4,2,8.0,1,0.5285280151322032,1,0.27823557142905375,11.281315579938205,0.02672284312994977,0,11.191636999808516,0.27186747811694834
PC2_B1,pc2,push_neg_x,303,4,3,12.0,1,0.49290398322494466,1,0.2743351052311015,10.724465963532042,0.02152409851474473,0,11.094197637444752,0.27148302513010364
PC2_B1,pc2,push_neg_x,303,4,4,16.0,1,0.492942358798621,1,0.2758865687936385,11.024194823649907,0.031241393826188988,0,11.86679117098939,0.2709885816523098
PC2_B1,pc2,push_neg_x,303,5,1,4.0,1,0.5148817028327185,1,0.2814278965168458,12.758387548258437,0.03415186557663698,0,13.525083386231554,0.27837471799416974
PC2_B1,pc2,push_neg_x,303,5,2,8.0,1,0.4769940786089041,1,0.28322718264584873,12.917589177115687,0.019697933268682136,0,14.32130791123919,0.2809713213520254
PC2_B1,pc2,push_neg_x,303,5,3,12.0,1,0.5306501328895507,1,0.2844148083007272,12.774631256260772,0.03254135141401184,0,14.339093299485924,0.27951260046525434
PC2_B1,pc2,push_neg_x,303,5,4,16.0,1,0.5284872235245326,1,0.2826094842530827,12.64270994597639,0.028820998018450998,0,15.232050570461064,0.2806265414717363
PC2_B1,pc2,push_neg_x,303,6,1,4.0,1,0.5052100951188861,1,0.28086183359597455,12.445548937384004,0.028883980995351343,0,12.416430170536195,0.2744870848834196
PC2_B1,pc2,push_neg_x,303,6,2,8.0,1,0.42624549473242973,1,0.2794649941239128,11.6561088982994,0.032040273686692294,0,11.637433332921455,0.27317180815227526
PC2_B1,pc2,push_neg_x,303,6,3,12.0,1,0.5357476216728746,1,0.28011925136023025,11.084342581994296,0.03607216785174949,0,11.37738249110733,0.27257611550749306
PC2_B1,pc2,push_neg_x,303,6,4,16.0,1,0.49675796456572074,1,0.27569603059381087,11.182897510290212,0.02900072686360483,0,11.456313572248485,0.27200063090910886
PC2_B1,pc2,push_neg_x,303,7,1,4.0,1,0.4972551541910207,1,0.2793820977689111,11.674975241419723,0.037337895092580134,0,13.437496876570652,0.2742256998697067
PC2_B1,pc2,push_neg_x,303,7,2,8.0,1,0.4784000240404047,1,0.27628373263035233,12.18812105614962,0.02722485101484698,0,14.523006987159361,0.2725749485951694
PC2_B1,pc2,push_neg_x,303,7,3,12.0,1,0.46038267015936934,1,0.27989520658464995,14.244535504401984,0.02788668731231058,0,15.40886898041136,0.2824237713201798
PC2_B1,pc2,push_neg_x,303,7,4,16.0,1,0.4275507711162168,1,0.28343089618147377,15.116667322160996,0.027480530802350363,0,16.96849757888859,0.28295499213876574
PC2_B1,pc2,push_neg_x,303,8,1,4.0,1,0.47072869453666094,1,0.2743437177835301,12.328025116763122,0.02609794242489108,0,14.252501601741267,0.2690108024819012
PC2_B1,pc2,push_neg_x,303,8,2,8.0,1,0.4814258387764568,1,0.2797682612815643,14.246561952234652,0.0257898900101269,0,17.271268376321764,0.27538295544405034
PC2_B1,pc2,push_neg_x,303,8,3,12.0,1,0.5106903399609142,1,0.27449971612762003,13.715484318343975,0.03401592111698097,0,15.531880991493104,0.27165793798824045
PC2_B1,pc2,push_neg_x,303,8,4,16.0,1,0.521818360195184,1,0.27467849484101975,13.246603360787702,0.025816805262527442,0,13.766954381763652,0.27131875935085314
PC2_B1,pc2,push_neg_x,303,9,1,4.0,1,0.5154301193069657,1,0.2808100936565807,11.914970648602953,0.025615764414186015,0,11.73349291215073,0.2715048506298167
PC2_B1,pc2,push_neg_x,303,9,2,8.0,1,0.4500370691088664,1,0.2725464954255099,11.046838459502972,0.02557424154660954,0,11.087291586416612,0.26910522643895074
PC2_B1,pc2,push_neg_x,303,9,3,12.0,1,0.4651077603056489,1,0.2710472276025915,10.343063242848224,0.022438218471674064,0,10.86355627456183,0.2657740820537914
PC2_B1,pc2,push_neg_x,303,9,4,16.0,1,0.5494431692551913,1,0.27087497615559214,10.533088298250615,0.026983044188277086,0,10.839357542163041,0.26201162108763015
PC2_B1,pc2,push_neg_x,303,10,1,4.0,1,0.45709675393485916,1,0.2757281150250511,11.17734059123584,0.02742408963688932,0,13.537271059328317,0.2736948617001906
PC2_B1,pc2,push_neg_x,303,10,2,8.0,1,0.4981275177953406,1,0.27480691687308534,12.934279285199633,0.027439057168907766,0,14.68353199187701,0.26986307670725856
PC2_B1,pc2,push_neg_x,303,10,3,12.0,1,0.49877606168419886,1,0.2775214818869045,13.936301545460424,0.031076406983859276,0,15.341814199343462,0.2703175433179274
PC2_B1,pc2,push_neg_x,303,10,4,16.0,1,0.4933632328179163,1,0.2778153935855723,14.016615398953538,0.02567717003050588,0,14.490163675960282,0.27158413421023975
PC2_B1,pc2,push_neg_x,303,11,1,4.0,1,0.550280048735051,1,0.2715937175693359,12.11537891192023,0.019879952649235047,0,13.32081388490003,0.2683514007591309
PC2_B1,pc2,push_neg_x,303,11,2,8.0,1,0.5026407161729575,1,0.2757766191015907,12.85145784745502,0.022705878857543986,0,13.60596281101123,0.2710051447312462
PC2_B1,pc2,push_neg_x,303,11,3,12.0,1,0.4762455507998827,1,0.2750985298883469,13.789583837989241,0.023521246988574343,0,13.891981103975851,0.27434453208816245
PC2_B1,pc2,push_neg_x,303,11,4,16.0,1,0.4690362958232357,1,0.27722068067221717,13.89627609848393,0.025704876410793897,0,14.407645667325601,0.2774920090634555
PC2_B1,pc2,push_neg_x,303,12,1,4.0,1,0.48184043263477344,1,0.2762185561465707,11.525544949416428,0.025063483291533302,0,11.647942217583815,0.2771738625783971
PC2_B1,pc2,push_neg_x,303,12,2,8.0,1,0.4983679687755737,1,0.27793156694282184,11.233673262963839,0.03022537269859387,0,11.607378068553533,0.2775333844085428
PC2_B1,pc2,push_neg_x,303,12,3,12.0,1,0.44502073054638375,1,0.279317520439306,11.421227440039242,0.02615333755562064,0,11.814864114173075,0.27793597139139226
PC2_B1,pc2,push_neg_x,303,12,4,16.0,1,0.4657057398559626,1,0.28114988603056434,11.863618503199447,0.02377660293553062,0,12.165183253322047,0.2756501718319674
PC2_B1,pc2,push_neg_x,303,13,1,4.0,1,0.5423935548309142,1,0.2761075605842519,12.333289324505376,0.027289787828622143,0,12.22354886765299,0.2726704522887653
PC2_B1,pc2,push_neg_x,303,13,2,8.0,1,0.5349805632689678,1,0.27802684066448624,11.525220608058639,0.02591510422138554,0,11.95025299057471,0.2743425431417271
PC2_B1,pc2,push_neg_x,303,13,3,12.0,1,0.5272476249352893,1,0.2792800561310773,11.83448785924525,0.03281191380074909,0,12.55424102823542,0.2738445783681411
PC2_B1,pc2,push_neg_x,303,13,4,16.0,1,0.4650131057741348,1,0.28263715706407067,12.344688820868345,0.02547744356617788,0,12.707667787536328,0.2770395231119452
PC2_B1,pc2,push_neg_x,303,14,1,4.0,1,0.4899495184448179,1,0.26410386332853597,10.427188171526083,0.03086779848703989,0,10.315436523425008,0.2563716917433203
PC2_B1,pc2,push_neg_x,303,14,2,8.0,1,0.5348462356402117,1,0.25932607628444937,9.586228755037114,0.03349548026445569,0,9.76406343180408,0.25325129918236144
PC2_B1,pc2,push_neg_x,303,14,3,12.0,1,0.5222576255718825,1,0.2568985791129862,9.033962655324032,0.026415375521758454,0,8.947862950972404,0.24743756874997347
PC2_B1,pc2,push_neg_x,303,14,4,16.0,1,0.49454785848623456,1,0.24992830019424306,7.769960389483187,0.02426848743263134,0,9.059200544752434,0.2459261768801327
PC2_B1,pc2,push_neg_x,303,15,1,4.0,1,0.5100821966548047,1,0.2859048735011708,12.286577276050988,0.025442277787085306,0,13.450335056372523,0.2837499794475535
PC2_B1,pc2,push_neg_x,303,15,2,8.0,1,0.5330607959029325,1,0.2869455298797332,13.427749847900433,0.02711324114804596,0,15.421357099083249,0.28322247132898015
PC2_B1,pc2,push_neg_x,303,15,3,12.0,1,0.4447073267187766,1,0.2827323773965479,13.142733796900611,0.029373575473317787,0,13.93189461048764,0.28249132920076503
PC2_B1,pc2,push_neg_x,303,15,4,16.0,1,0.49692021398979824,1,0.28286952266399873,12.168399572866651,0.026915718130049525,0,14.14087979894177,0.2787886386249155
PC2_B1,pc2,push_neg_x,303,16,1,4.0,1,0.5096980279692329,1,0.2723742023030704,12.138040862632275,0.029747718380053967,0,14.697187242555481,0.2550460530474862
PC2_B1,pc2,push_neg_x,303,16,2,8.0,1,0.502274268968136,1,0.27268684133488863,14.177476669465339,0.023273763226678346,0,15.060803517611104,0.27060655986561494
PC2_B1,pc2,push_neg_x,303,16,3,12.0,1,0.5203525543966293,1,0.2716454775894389,13.219234254004217,0.022514089323072233,0,14.048140681899993,0.26717979895239846
PC2_B1,pc2,push_neg_x,303,16,4,16.0,1,0.4948940442872529,1,0.2733756893458851,13.041432672041713,0.02969317156414661,0,13.657924468887384,0.2640504959751578
PC2_B1,pc2,push_neg_x,303,17,1,4.0,1,0.5003491922884575,1,0.2684671950531516,11.603940466305664,0.026104752158193283,0,13.915530865861765,0.2629203300743817
PC2_B1,pc2,push_neg_x,303,17,2,8.0,1,0.5167621753588232,1,0.2703908904191644,12.561899642180522,0.02736834816803266,0,14.340417025985367,0.2621585237469903
PC2_B1,pc2,push_neg_x,303,17,3,12.0,1,0.4844179884781393,1,0.27059970724391424,13.761919045148577,0.018133270934232382,0,15.485262031656607,0.25816620718986594
PC2_B1,pc2,push_neg_x,303,17,4,16.0,1,0.46555046601015226,1,0.27042649088696363,13.502101817789791,0.02439880789938264,0,14.996783107943571,0.2603882127267154
PC2_B1,pc2,push_neg_x,303,18,1,4.0,1,0.4995324445174242,1,0.26999274597448464,11.259481890622865,0.025821886592893334,0,13.064546707333283,0.26924605356818215
PC2_B1,pc2,push_neg_x,303,18,2,8.0,1,0.48302606448188246,1,0.2723495613604306,13.089131885902551,0.03598415043645587,0,13.701462652152896,0.2698743711499607
PC2_B1,pc2,push_neg_x,303,18,3,12.0,1,0.5050744244943385,1,0.27235059663254946,13.410549238557614,0.030283617078828304,0,15.01510374866217,0.2705261100103511
PC2_B1,pc2,push_neg_x,303,18,4,16.0,1,0.503917964768178,1,0.27683968507351087,13.256443480812885,0.030753164116889862,0,14.301814363491697,0.2750312634967865
PC2_B1,pc2,push_neg_x,303,19,1,4.0,1,0.5123332976504144,1,0.2639337777294577,10.407256865346003,0.021291827341616096,0,13.465009311152137,0.2532782058983563
PC2_B1,pc2,push_neg_x,303,19,2,8.0,1,0.48026662050019814,1,0.27038186653093854,13.024359680916525,0.022189144864877594,0,14.842278739996127,0.26211104243196903
PC2_B1,pc2,push_neg_x,303,19,3,12.0,1,0.5136179716864561,1,0.26663377873081573,13.331821159233996,0.026308441984359075,0,14.02514738537652,0.2606726609130594
PC2_B1,pc2,push_neg_x,303,19,4,16.0,1,0.5475440710475881,1,0.2625232277547612,12.187988291607248,0.022515843769691277,0,14.704158215738886,0.25450367739493834
PC2_B1,pc2,push_neg_x,303,20,1,4.0,1,0.510004990700743,1,0.26357856265363844,10.947495426683622,0.030276583890458588,0,11.2395358221557,0.25167952135284954
PC2_B1,pc2,push_neg_x,303,20,2,8.0,1,0.4411932349976373,1,0.26400135521264,10.183580812816594,0.023954050380631996,0,10.379283425577016,0.2553612102161754
PC2_B1,pc2,push_neg_x,303,20,3,12.0,1,0.5239375933096314,1,0.26870710183592406,10.214251362863518,0.02470286312338654,0,10.305113693839896,0.25887047814175407
PC2_B1,pc2,push_neg_x,303,20,4,16.0,1,0.5301377651285167,1,0.2655204152040941,10.012387867356697,0.03214191189179759,0,10.371888163310219,0.25514912828404634
PC2_B1,pc2,push_neg_x,303,21,1,4.0,1,0.5485190843221847,1,0.2779739528575683,11.877970572498281,0.0296391999213072,0,12.604778871442958,0.27558449835063303
PC2_B1,pc2,push_neg_x,303,21,2,8.0,1,0.499790190982851,1,0.27718014911534317,12.396419479643324,0.025857585951468934,0,13.490695475233185,0.2739427943918157
PC2_B1,pc2,push_neg_x,303,21,3,12.0,1,0.5202010835470627,1,0.28035311990561973,13.041201914711369,0.03024724225804607,0,14.511522146512412,0.27864537105203313
PC2_B1,pc2,push_neg_x,303,21,4,16.0,1,0.573345712958211,1,0.28091890161687677,13.664263800449138,0.03693378380270291,0,13.808023549052075,0.2785040310678635
PC2_B1,pc2,push_neg_x,303,22,1,4.0,1,0.5416772748895795,1,0.2787408678926886,11.197441876943197,0.03220796051621713,0,14.20082184934319,0.2762546974388673
PC2_B1,pc2,push_neg_x,303,22,2,8.0,1,0.48160862293059525,1,0.28350268471687234,13.73705223141041,0.024788867137896492,0,14.419376046732442,0.27736652582724464
PC2_B1,pc2,push_neg_x,303,22,3,12.0,1,0.47286762790508574,1,0.28211149214742015,13.738517668018044,0.036480263200963675,0,14.787465563306867,0.27804705930903634
PC2_B1,pc2,push_neg_x,303,22,4,16.0,1,0.4816114212736717,1,0.2853902959249874,14.143237964506337,0.025581344842310116,0,15.597986097322865,0.27178912143656275
PC2_B1,pc2,push_neg_x,303,23,1,4.0,1,0.4710579731228431,1,0.27440732127842415,11.548707332443389,0.0206441186040385,0,12.36086012532092,0.26886371033076933
PC2_B1,pc2,push_neg_x,303,23,2,8.0,1,0.47088037016048623,1,0.27251427951343554,12.526855008336499,0.023662436507737323,0,12.671272974210904,0.27238891564588497
PC2_B1,pc2,push_neg_x,303,23,3,12.0,1,0.4736694698474516,1,0.27654906732832046,12.430691200323931,0.02874729448538436,0,13.579196130743068,0.27247654387657655
PC2_B1,pc2,push_neg_x,303,23,4,16.0,1,0.44945064974294663,1,0.2785522023783648,14.050960075739496,0.03350942406735055,0,13.607893476127053,0.27467274809266157
PC2_B1,pc2,push_neg_x,303,24,1,4.0,1,0.5253958990944353,1,0.2796585574985188,11.658215081165011,0.03333219275046821,0,13.309366277795824,0.2775284671847196
PC2_B1,pc2,push_neg_x,303,24,2,8.0,1,0.492282737215682,1,0.2797895053172494,12.665036127448971,0.03342671910745165,0,14.511181416391363,0.2793586716294926
PC2_B1,pc2,push_neg_x,303,24,3,12.0,1,0.4840951686911096,1,0.28064820991161676,13.311940984359937,0.028469098552161815,0,14.103928722364246,0.2773075234443746
PC2_B1,pc2,push_neg_x,303,24,4,16.0,1,0.5080954661809287,1,0.28276535342721376,13.925957284220058,0.02491577169017047,0,14.059377497588825,0.2781982818708063
PC2_B1,pc2,push_neg_x,303,25,1,4.0,1,0.48268623395411214,1,0.2755648636403568,11.807481199254525,0.027108682844544416,0,14.925561553020483,0.2723685085454727
PC2_B1,pc2,push_neg_x,303,25,2,8.0,1,0.47127637079427503,1,0.275318524815182,13.804466855014956,0.02966120768225646,0,15.088929884028143,0.2666539031872775
PC2_B1,pc2,push_neg_x,303,25,3,12.0,1,0.5133298685940225,1,0.2782256841500175,13.729937638751572,0.02232880078870267,0,15.900158144517418,0.26992499653030844
PC2_B1,pc2,push_neg_x,303,25,4,16.0,1,0.5160774014339541,1,0.2742982336225357,13.068578952914308,0.03297752292014938,0,14.61903367694666,0.26569923583198995
PC2_B1,pc2,push_neg_x,303,26,1,4.0,1,0.49603573900412723,1,0.2701409668686556,10.32481391190204,0.02871867890842604,0,11.153231757172708,0.2679626477912148
PC2_B1,pc2,push_neg_x,303,26,2,8.0,1,0.503686721758624,1,0.27251725902850615,11.045613105029624,0.030149840415719272,0,12.354620831043064,0.27209624791527814
PC2_B1,pc2,push_neg_x,303,26,3,12.0,1,0.4596759638619216,1,0.2723799272176416,11.512966561743621,0.02980055252778071,0,11.946425993369985,0.27157420908066043
PC2_B1,pc2,push_neg_x,303,26,4,16.0,1,0.4988212442472285,1,0.2749303393663569,11.526371745416142,0.02534124136532888,0,12.00710331396398,0.2714604883589209
PC2_B1,pc2,push_neg_x,303,27,1,4.0,1,0.5105558454675035,1,0.27162569657685287,11.611544271855209,0.029904930969144976,0,11.799843295891284,0.26131825284524396
PC2_B1,pc2,push_neg_x,303,27,2,8.0,1,0.48626706430298844,1,0.27247740647053337,11.392298568886613,0.023008205077717954,0,11.709538247478015,0.2594947773505022
PC2_B1,pc2,push_neg_x,303,27,3,12.0,1,0.4808584053783809,1,0.2758072117433191,11.63532478848126,0.030825158197139442,0,11.778765696708097,0.27404759672873796
PC2_B1,pc2,push_neg_x,303,27,4,16.0,1,0.45762398268424437,1,0.2768413861964476,11.577177472666158,0.031492907036225704,0,12.129982369029891,0.26738186395742036
PC2_B1,pc2,push_neg_x,303,28,1,4.0,1,0.48088495446723895,1,0.28323996178606614,12.051479324077436,0.033094187041171064,0,14.25870082776735,0.2773218985228615
PC2_B1,pc2,push_neg_x,303,28,2,8.0,1,0.5176357511655066,1,0.2859678525019457,13.348473168577222,0.027648217343584715,0,14.436700709421192,0.27539711871886635
PC2_B1,pc2,push_neg_x,303,28,3,12.0,1,0.5271943445175289,1,0.28511931663528484,13.212584344539048,0.037172671695920825,0,14.714097700708853,0.27433486099549154
PC2_B1,pc2,push_neg_x,303,28,4,16.0,1,0.4734083451558129,1,0.2829934298035933,13.454437869228734,0.031025138678494116,0,14.551632711668894,0.28154442160524784
PC2_B1,pc2,push_neg_x,303,29,1,4.0,1,0.5025562535055317,1,0.2815518646157361,12.16800908761303,0.02510606753201953,0,12.241681587030115,0.273756041246302
PC2_B1,pc2,push_neg_x,303,29,2,8.0,1,0.46622551936551976,1,0.27792561922800096,11.802955086428016,0.02431882200339662,0,11.915253656300466,0.27289254317946615
PC2_B1,pc2,push_neg_x,303,29,3,12.0,1,0.551792149369159,1,0.27621632160987447,11.2858091414937,0.035701969305231736,0,11.775653561377954,0.2708503052512592
PC2_B1,pc2,push_neg_x,303,29,4,16.0,1,0.5019829073384792,1,0.27406113670471516,10.700496987051103,0.02609858144507082,0,11.268758867741782,0.2701618677792065
PC2_B1,pc2,push_neg_x,303,30,1,4.0,1,0.49700624959132034,1,0.27059712057763885,11.330143922290432,0.02115394672231965,0,13.696271200453824,0.2686487308797989
PC2_B1,pc2,push_neg_x,303,30,2,8.0,1,0.4315885655568159,1,0.2733281382264938,13.467916068651276,0.032205381693389115,0,15.274679561910018,0.26496607463627575
PC2_B1,pc2,push_neg_x,303,30,3,12.0,1,0.4756021689899493,1,0.273001547165733,13.330021140552471,0.02853069349608032,0,14.322384755738975,0.26288957248397055
PC2_B1,pc2,push_neg_x,303,30,4,16.0,1,0.48039925717699145,1,0.2733862202435253,13.315217293042458,0.02219623618886756,0,13.940246620712523,0.26512787176325997
PC2_B1,pc2,push_neg_x,303,31,1,4.0,1,0.497912220077345,1,0.2663001593421487,11.755627352940373,0.028400068438743375,0,13.685319560249916,0.26067565054816993
PC2_B1,pc2,push_neg_x,303,31,2,8.0,1,0.4669322314808592,1,0.2670670035369893,12.959479437410184,0.029221557954247485,0,14.433673102900883,0.2598101338919471
PC2_B1,pc2,push_neg_x,303,31,3,12.0,1,0.4620686985698772,1,0.2673684141852639,13.103444871512744,0.019991806068511416,0,14.265230043702301,0.2606184307266684
PC2_B1,pc2,push_neg_x,303,31,4,16.0,1,0.4951965828655812,1,0.2646535830223624,11.706937386804416,0.026896982240254885,0,13.442375039775534,0.25634375501443996
PC2_B1,pc2,push_pos_y,101,0,1,4.0,1,0.4949318817751234,1,0.2699467786015036,11.201916756683058,0.031509281128672045,0,12.801947487953655,0.266969366347726
PC2_B1,pc2,push_pos_y,101,0,2,8.0,1,0.5069637686424275,1,0.27123705979018287,12.356240743445777,0.02448517551971841,0,12.793622155237651,0.26851399314594776
PC2_B1,pc2,push_pos_y,101,0,3,12.0,1,0.48736955957483774,1,0.27417600664862973,13.105644357508545,0.030403783139399537,0,13.715196273584619,0.2728787086864206
PC2_B1,pc2,push_pos_y,101,0,4,16.0,1,0.4808290071356598,1,0.27527656593424754,13.377250697279521,0.02401995737245751,0,13.918824999523721,0.2713961217173918
PC2_B1,pc2,push_pos_y,101,1,1,4.0,1,0.46393030029404164,1,0.28242588585073297,12.580090757072814,0.03966769431005897,0,13.110380285970411,0.27595411774946405
PC2_B1,pc2,push_pos_y,101,1,2,8.0,1,0.47466476947847475,1,0.2824513347231768,13.52372804525848,0.020473524250497817,0,13.56700174146696,0.2815501101832976
PC2_B1,pc2,push_pos_y,101,1,3,12.0,1,0.5231900092570094,1,0.2840872614141454,13.462479113395187,0.022400359620192906,0,14.469512430571227,0.2815567529137759
PC2_B1,pc2,push_pos_y,101,1,4,16.0,1,0.49330491055077275,1,0.28671611239884626,14.48183458948604,0.035932268216385586,0,14.58901888788143,0.2795946814797141
PC2_B1,pc2,push_pos_y,101,2,1,4.0,1,0.4588292796162009,1,0.2677553812450266,10.947439778653564,0.030316402450962524,0,11.00827095090164,0.26571233084495055
PC2_B1,pc2,push_pos_y,101,2,2,8.0,1,0.5100015114261522,1,0.2669739125565412,10.708928403035008,0.02607946361431452,0,10.633988532601538,0.26455389258058315
PC2_B1,pc2,push_pos_y,101,2,3,12.0,1,0.4550700598472667,1,0.26952540627456606,10.19672663550389,0.022001982278454218,0,10.3112017746579,0.2666346124786744
PC2_B1,pc2,push_pos_y,101,2,4,16.0,1,0.5204194465902577,1,0.27166567647202133,10.568579748699417,0.02607135691452175,0,10.607751266715617,0.2653098418750865
PC2_B1,pc2,push_pos_y,101,3,1,4.0,1,0.48458410848670463,1,0.2846435593729988,12.281930130343161,0.025694241581546373,0,13.98638495792044,0.27895354093077346
PC2_B1,pc2,push_pos_y,101,3,2,8.0,1,0.5541849665056691,1,0.2863648760127511,13.051032007411285,0.028660069867546246,0,15.034653320228777,0.2800867657929181
PC2_B1,pc2,push_pos_y,101,3,3,12.0,1,0.5303775645653452,1,0.28261139311573724,13.57463526024301,0.03482578202390771,0,15.232258545820715,0.2778127042048755
PC2_B1,pc2,push_pos_y,101,3,4,16.0,1,0.4561595861283006,1,0.2818101490723258,12.5610229425514,0.03228781404850885,0,13.798891516987158,0.2809116186942646
PC2_B1,pc2,push_pos_y,101,4,1,4.0,1,0.4673383298337904,1,0.26689794356810215,11.486690114838439,0.030504416688556298,0,12.373393171909534,0.2604031405028175
PC2_B1,pc2,push_pos_y,101,4,2,8.0,1,0.48177659258613326,1,0.26133628739392695,11.85632998436199,0.028776156108881713,0,12.510661662386276,0.25585119099540504
PC2_B1,pc2,push_pos_y,101,4,3,12.0,1,0.5434616616885634,1,0.2600397207042113,11.744570474072543,0.02716882381360069,0,12.387203313032831,0.25503258462895684
PC2_B1,pc2,push_pos_y,101,4,4,16.0,1,0.5241504703118861,1,0.2587150338499304,10.452610041962851,0.029529307850072878,0,12.102599337783845,0.2561840007011903
PC2_B1,pc2,push_pos_y,101,5,1,4.0,1,0.46964619687903564,1,0.2826712054205451,12.12958418130848,0.026387429655069752,0,12.229112383012513,0.2777856336557929
PC2_B1,pc2,push_pos_y,101,5,2,8.0,1,0.5249671193695074,1,0.2826816943240038,11.920429810984205,0.03324597252632784,0,12.014143796899285,0.2809326245504267
PC2_B1,pc2,push_pos_y,101,5,3,12.0,1,0.5509100211595321,1,0.28207024653008916,11.549876239716461,0.03068052313215891,0,12.018785993511024,0.28132826233292646
PC2_B1,pc2,push_pos_y,101,5,4,16.0,1,0.5240259561803341,1,0.28183736138165316,11.74021574586261,0.02476476854369542,0,12.13352485628109,0.28151622558022565
PC2_B1,pc2,push_pos_y,101,6,1,4.0,1,0.518885228388819,1,0.27952734520409833,11.589287792730854,0.0335069534379793,0,12.777928296676208,0.2779505236901064
PC2_B1,pc2,push_pos_y,101,6,2,8.0,1,0.4774821616462407,1,0.28252201021355106,12.320177085984184,0.03527988882327532,0,12.978227610704195,0.28089155073471883
PC2_B1,pc2,push_pos_y,101,6,3,12.0,1,0.4671356534292103,1,0.2823997700118763,12.22699984359069,0.029424729512409712,0,12.809697595002381,0.2800841855811563
PC2_B1,pc2,push_pos_y,101,6,4,16.0,1,0.4871284542376392,1,0.2837208731767328,12.214474507262949,0.026014781316935652,0,13.837212049996195,0.28166567641783524
PC2_B1,pc2,push_pos_y,101,7,1,4.0,1,0.5235147113212137,1,0.27792917654157323,12.201560277447943,0.021442864798408984,0,12.187219903461509,0.270718082705921
PC2_B1,pc2,push_pos_y,101,7,2,8.0,1,0.4664781969247828,1,0.27372626585756393,11.595802164569676,0.0218876779779109,0,11.609533478823542,0.2668464724074073
PC2_B1,pc2,push_pos_y,101,7,3,12.0,1,0.5136271704955824,1,0.2702888959550602,11.23093805493357,0.030690883854359426,0,11.420943117710795,0.2667946680025621
PC2_B1,pc2,push_pos_y,101,7,4,16.0,1,0.5011838299599376,1,0.2711044317260783,10.893340949437334,0.03499694702883149,0,11.08176723917751,0.2634348993632883
PC2_B1,pc2,push_pos_y,101,8,1,4.0,1,0.5235883695265549,1,0.2740635706141671,11.346203087717951,0.025654469844538275,0,12.146710854139997,0.2705665941544395
PC2_B1,pc2,push_pos_y,101,8,2,8.0,1,0.5198436282785851,1,0.2755939739751306,11.353302574056183,0.043417043236964326,0,12.373440984025056,0.2756113558210791
PC2_B1,pc2,push_pos_y,101,8,3,12.0,1,0.489669054133526,1,0.27859929578508286,11.810351495163399,0.02930524642031163,0,12.33876129736267,0.27568191114593954
PC2_B1,pc2,push_pos_y,101,8,4,16.0,1,0.5193331995797141,1,0.2799939920398641,12.055184548344954,0.03127920706605293,0,12.265769258692181,0.2787262865885056
PC2_B1,pc2,push_pos_y,101,9,1,4.0,1,0.5030939149290227,1,0.28211817750956286,12.087407667735908,0.03447118073028714,0,14.494817153614001,0.2810723670026198
PC2_B1,pc2,push_pos_y,101,9,2,8.0,1,0.4698832157245605,1,0.2856068887653198,12.925485124912274,0.023678885148440236,0,15.454905372288097,0.2836497438782677
PC2_B1,pc2,push_pos_y,101,9,3,12.0,1,0.5042550287446841,1,0.2866118153467535,14.453403021912715,0.033962101078354255,0,16.14356679237496,0.2852021188021981
PC2_B1,pc2,push_pos_y,101,9,4,16.0,1,0.5240396854523014,1,0.2986578069587442,15.501574925586606,0.029273736990120324,0,16.37891337729452,0.28801738100255875
PC2_B1,pc2,push_pos_y,101,10,1,4.0,1,0.5141291902657034,1,0.2680266529799783,11.44360827580111,0.029164178569957656,0,12.039809590516205,0.25290280947073257
PC2_B1,pc2,push_pos_y,101,10,2,8.0,1,0.4999980876562763,1,0.269085995016251,11.461907114326769,0.027088809811446766,0,12.151919658491435,0.252589775279244
PC2_B1,pc2,push_pos_y,101,10,3,12.0,1,0.4543261825880384,1,0.27329951389269397,11.694722513435135,0.026382549447020363,0,12.713969318600325,0.2514293746833495
PC2_B1,pc2,push_pos_y,101,10,4,16.0,1,0.4437690737714719,1,0.2740784712972488,12.735944982826325,0.03026828401836331,0,12.90244889959224,0.26109243586739117
PC2_B1,pc2,push_pos_y,101,11,1,4.0,1,0.5399469261841783,1,0.273563042920541,11.277396711387222,0.023710286301465953,0,14.200334609454064,0.271991913172013
PC2_B1,pc2,push_pos_y,101,11,2,8.0,1,0.4841396780584695,1,0.2742045861195753,12.840297911185486,0.0239186536949302,0,14.446122042303548,0.2705329632695346
PC2_B1,pc2,push_pos_y,101,11,3,12.0,1,0.5219282924627908,1,0.27390046513335586,12.754715129359147,0.025720231650790116,0,15.52509461947075,0.27272543852979486
PC2_B1,pc2,push_pos_y,101,11,4,16.0,1,0.45909228332032614,1,0.2765238588665896,13.115392600479375,0.026852544946041824,0,15.703601105463532,0.2711513480719398
PC2_B1,pc2,push_pos_y,101,12,1,4.0,1,0.48615961460705914,1,0.27299980500483895,12.431754354322546,0.026582109458506885,0,14.189513663969867,0.2675484981447618
PC2_B1,pc2,push_pos_y,101,12,2,8.0,1,0.5010204497285627,1,0.2740840593920672,14.195558639169235,0.0386372630564868,0,15.324417823536235,0.2688385684859944
PC2_B1,pc2,push_pos_y,101,12,3,12.0,1,0.47218728806546983,1,0.2712733716888224,13.395437947830764,0.02143202705945838,0,15.041892476612471,0.26180288514351463
PC2_B1,pc2,push_pos_y,101,12,4,16.0,1,0.45941618419596353,1,0.27176186267067404,13.892706509172275,0.025553424786038635,0,15.59646191633713,0.2577594062861274
PC2_B1,pc2,push_pos_y,101,13,1,4.0,1,0.5190921483635615,1,0.27591555944101054,12.100561109012467,0.02645483859378859,0,12.650128955365712,0.27642799985600025
PC2_B1,pc2,push_pos_y,101,13,2,8.0,1,0.49589803742380817,1,0.2775378663909627,11.039620810013815,0.027931141642442495,0,11.224720697585747,0.27263105361856876
PC2_B1,pc2,push_pos_y,101,13,3,12.0,1,0.5542276109225135,1,0.2753563678678982,10.918828251789435,0.02595180263073724,0,11.638093586589122,0.27378000550091586
PC2_B1,pc2,push_pos_y,101,13,4,16.0,1,0.47924574699570244,1,0.27517565606749633,11.167012005506011,0.0403316029631397,0,11.256763733275946,0.2725838123158338
PC2_B1,pc2,push_pos_y,101,14,1,4.0,1,0.48744095935148596,1,0.2753176839753268,11.769133797167946,0.030614498224600814,0,13.622763655304148,0.2733562126516658
PC2_B1,pc2,push_pos_y,101,14,2,8.0,1,0.5080313651799603,1,0.27622726041684176,13.628859295321625,0.024569605699143356,0,14.041568901080515,0.2736246560346634
PC2_B1,pc2,push_pos_y,101,14,3,12.0,1,0.497146466263578,1,0.27757412155363015,14.09209555099271,0.02196200438713907,0,14.273848008780545,0.27789354866201227
PC2_B1,pc2,push_pos_y,101,14,4,16.0,1,0.4621671154848909,1,0.28201413353815435,14.63336281074373,0.030888477473184003,0,14.86935840050284,0.2784752640175947
PC2_B1,pc2,push_pos_y,101,15,1,4.0,1,0.4879352435746373,1,0.2801962388071784,11.565082797596045,0.029072648856271983,0,12.296194363642893,0.2731344760420488
PC2_B1,pc2,push_pos_y,101,15,2,8.0,1,0.4568244399257135,1,0.27537749922849275,12.027382557892906,0.03522727852459888,0,12.378635484021233,0.2759919722768712
PC2_B1,pc2,push_pos_y,101,15,3,12.0,1,0.5074321723003478,1,0.28149146789854224,12.475273528781353,0.0287992990225834,0,13.358262492796745,0.27930616296548894
PC2_B1,pc2,push_pos_y,101,15,4,16.0,1,0.5648530177688376,1,0.2808765406436461,13.007300757721776,0.029675493107770047,0,13.565516725914827,0.2789626119927289
PC2_B1,pc2,push_pos_y,101,16,1,4.0,1,0.48178833636897767,1,0.27603822842957504,11.697676979894005,0.030803196086493567,0,13.178919381987068,0.27730627796229196
PC2_B1,pc2,push_pos_y,101,16,2,8.0,1,0.4604947573944605,1,0.27856369555633975,12.695573501207473,0.02075026602346382,0,14.8675883077952,0.2784085742292557
PC2_B1,pc2,push_pos_y,101,16,3,12.0,1,0.5098643969420815,1,0.2851655162910727,13.885635851822464,0.03350062593413304,0,14.48773400688534,0.2791314743419382
PC2_B1,pc2,push_pos_y,101,16,4,16.0,1,0.47897429772326144,1,0.2851885066312902,14.407616845090804,0.02618357761300505,0,14.639667705162756,0.2791788740591569
PC2_B1,pc2,push_pos_y,101,17,1,4.0,1,0.46866903458357473,1,0.28097789316253863,11.414646241052331,0.03904007426603123,0,12.583086024370337,0.27341139842482176
PC2_B1,pc2,push_pos_y,101,17,2,8.0,1,0.521981127396484,1,0.27945900792106587,12.241713745187887,0.04112244947481106,0,13.020616214068712,0.269340818419176
PC2_B1,pc2,push_pos_y,101,17,3,12.0,1,0.4985179563860839,1,0.280920839006888,12.917031494126121,0.028111970121919825,0,13.496681522048663,0.2723429242876124
PC2_B1,pc2,push_pos_y,101,17,4,16.0,1,0.5109135262113413,1,0.2759262449282376,12.54728610238617,0.02363316912257542,0,12.9674265561163,0.26972886378114874
PC2_B1,pc2,push_pos_y,101,18,1,4.0,1,0.4655735340878679,1,0.26926171038558777,12.319456814453133,0.02383154692548855,0,13.82735589645182,0.2656182488974403
PC2_B1,pc2,push_pos_y,101,18,2,8.0,1,0.4731539325397036,1,0.2687238763201045,13.6278803208596,0.02807771058466315,0,14.948443073671035,0.26021186521346557
PC2_B1,pc2,push_pos_y,101,18,3,12.0,1,0.5192966555831338,1,0.26422637804625504,13.168969500520358,0.026023665699017436,0,14.291331530945264,0.25785776383099074
PC2_B1,pc2,push_pos_y,101,18,4,16.0,1,0.5195620220631879,1,0.2594701183989724,11.442833401448908,0.024705427514788797,0,14.177541324713244,0.2543502736856593
PC2_B1,pc2,push_pos_y,101,19,1,4.0,1,0.5259008665191582,1,0.28580387223531856,12.88256622612036,0.037996945664749086,0,13.538569469763308,0.2810704126396281
PC2_B1,pc2,push_pos_y,101,19,2,8.0,1,0.505940481803323,1,0.284042391388174,12.840713057245527,0.025099556372259565,0,13.394723820638538,0.2827694710881952
PC2_B1,pc2,push_pos_y,101,19,3,12.0,1,0.4749119911159387,1,0.28386984972711554,12.41594562999662,0.030964142879720186,0,13.083025800791836,0.2816228935106553
PC2_B1,pc2,push_pos_y,101,19,4,16.0,1,0.5111941846529391,1,0.28191817372559225,12.488736340079113,0.03952888587422097,0,13.710211650121362,0.2815465351795768
PC2_B1,pc2,push_pos_y,101,20,1,4.0,1,0.5006503538677872,1,0.2773659622924213,11.985733776587974,0.028522239871855135,0,13.695074008598546,0.26697287808127584
PC2_B1,pc2,push_pos_y,101,20,2,8.0,1,0.4850238251154803,1,0.2802304611964659,13.423123310290823,0.027009651087298546,0,14.254304780905027,0.27370333799066393
PC2_B1,pc2,push_pos_y,101,20,3,12.0,1,0.5215555579258911,1,0.27974673340664824,12.86187145441603,0.026929525924076828,0,13.540874212031175,0.27527401233739396
PC2_B1,pc2,push_pos_y,101,20,4,16.0,1,0.49317695947044954,1,0.27842541102738305,12.879196221866671,0.017882746803437627,0,13.998362158741735,0.276635325050609
PC2_B1,pc2,push_pos_y,101,21,1,4.0,1,0.48269653362381554,1,0.27989574964033725,12.373962771500143,0.0345390588595236,0,13.2129384270703,0.2722314043159791
PC2_B1,pc2,push_pos_y,101,21,2,8.0,1,0.5261298591533075,1,0.2783350872005371,13.134271128541634,0.0313922563037804,0,13.497895976371627,0.275200233261853
PC2_B1,pc2,push_pos_y,101,21,3,12.0,1,0.495219590173646,1,0.2767276433221797,13.05340719110055,0.031923411819772526,0,14.256676314929443,0.27457595014954633
PC2_B1,pc2,push_pos_y,101,21,4,16.0,1,0.4892593844660266,1,0.2769990300430971,13.99338463349424,0.03467421975773212,0,13.97718337154553,0.27596185615355956
PC2_B1,pc2,push_pos_y,101,22,1,4.0,1,0.4806019498587967,1,0.2681413335914918,12.344569146363597,0.0300257500056025,0,15.099198597551156,0.26370312982702
PC2_B1,pc2,push_pos_y,101,22,2,8.0,1,0.4671586908548131,1,0.2671469111334194,14.365328583207965,0.02365821832503434,0,16.07101491434231,0.2551328468131509
PC2_B1,pc2,push_pos_y,101,22,3,12.0,1,0.5260165684383039,1,0.2612038810941625,13.160609959095403,0.026702056588491604,0,15.039615799851022,0.2542312040048487
PC2_B1,pc2,push_pos_y,101,22,4,16.0,1,0.5092193440806917,1,0.26598551072538856,13.635184139848842,0.032523525956465335,0,15.264409392549844,0.2532287898229405
PC2_B1,pc2,push_pos_y,101,23,1,4.0,1,0.5460312677039542,1,0.27752198215155677,11.908137357400165,0.0318889814813672,0,12.831521031822467,0.2738646119036139
PC2_B1,pc2,push_pos_y,101,23,2,8.0,1,0.5269742124850779,1,0.2777760481451922,12.465666754031712,0.033410240375893005,0,12.726098102066473,0.2750946468210475
PC2_B1,pc2,push_pos_y,101,23,3,12.0,1,0.5161964874400691,1,0.2777657429164744,12.12262558369352,0.029512956734263858,0,13.27828146082043,0.2688575547965453
PC2_B1,pc2,push_pos_y,101,23,4,16.0,1,0.5156247779537748,1,0.2779142101977598,12.43240606416433,0.02363025817356368,0,12.501151643139641,0.2677602670728204
PC2_B1,pc2,push_pos_y,101,24,1,4.0,1,0.5359453913591143,1,0.2657949534807613,11.762912122770828,0.022993886489663586,0,11.607191360898394,0.2603081958816651
PC2_B1,pc2,push_pos_y,101,24,2,8.0,1,0.5147000695309132,1,0.2604451169145299,10.205720578171885,0.0228690493481485,0,10.71349498689986,0.25382955029686505
PC2_B1,pc2,push_pos_y,101,24,3,12.0,1,0.48495426751495224,1,0.2560947970113652,9.604585625413373,0.024603556242755713,0,10.446003322982959,0.2529447915401051
PC2_B1,pc2,push_pos_y,101,24,4,16.0,1,0.5181534684099401,1,0.2564460021608016,9.57666608835747,0.02553381129377638,0,10.048213839208897,0.24558694955499413
PC2_B1,pc2,push_pos_y,101,25,1,4.0,1,0.48950123518493044,1,0.26454221086706065,11.205407840218584,0.02191164682388242,0,11.696051966078354,0.2538641995605938
PC2_B1,pc2,push_pos_y,101,25,2,8.0,1,0.4990747903504594,1,0.2716745924662779,11.226308172684096,0.02725152380595242,0,11.926116093536626,0.2592859194877951
PC2_B1,pc2,push_pos_y,101,25,3,12.0,1,0.4545892401304385,1,0.2720799840548459,12.488333869836056,0.036719153805096064,0,12.21360896443674,0.2563265812269507
PC2_B1,pc2,push_pos_y,101,25,4,16.0,1,0.47117704565621654,1,0.27292608298401144,12.198692221978344,0.023861179516663496,0,12.66708432482969,0.26301481682349015
PC2_B1,pc2,push_pos_y,101,26,1,4.0,1,0.485808715756025,1,0.2683985517783598,11.63771264076045,0.022459152816002893,0,11.334021581272804,0.26316755898496047
PC2_B1,pc2,push_pos_y,101,26,2,8.0,1,0.4964639290544123,1,0.27040337711413276,10.65940354002544,0.02688808566960009,0,11.079332821245927,0.26843482781859007
PC2_B1,pc2,push_pos_y,101,26,3,12.0,1,0.4790792801121772,1,0.2722806638096743,10.376362366700867,0.024121201138728426,0,10.559034974973542,0.267666001848996
PC2_B1,pc2,push_pos_y,101,26,4,16.0,1,0.4526326645484241,1,0.2698163213258121,10.528360928488702,0.032828262925366794,0,10.992145176841769,0.2660148494383868
PC2_B1,pc2,push_pos_y,101,27,1,4.0,1,0.5067232704976059,1,0.2643741979637248,10.673490775722533,0.02347231379575984,0,13.330815217127844,0.25831064820927097
PC2_B1,pc2,push_pos_y,101,27,2,8.0,1,0.521873748879443,1,0.26780347876689015,13.383928439284329,0.026444482773363698,0,15.193175474658124,0.26485707702483724
PC2_B1,pc2,push_pos_y,101,27,3,12.0,1,0.4969258742761639,1,0.26908838852522843,13.835091410667506,0.020487019399948382,0,15.3419174610643,0.2597626487520289
PC2_B1,pc2,push_pos_y,101,27,4,16.0,1,0.4930688790118794,1,0.2672839715359683,12.675874710777212,0.023043148436595072,0,13.935369302416914,0.26039973363519353
PC2_B1,pc2,push_pos_y,101,28,1,4.0,1,0.4807552607182418,1,0.271902252088256,11.978462142517994,0.029174893615433718,0,13.646739998107176,0.2703014258394904
PC2_B1,pc2,push_pos_y,101,28,2,8.0,1,0.47418705626126256,1,0.27372701888415907,12.468283238282682,0.031424578928189936,0,14.90832811219538,0.273258634110823
PC2_B1,pc2,push_pos_y,101,28,3,12.0,1,0.44779553767246427,1,0.2784646093685997,13.394347892797224,0.029123570355519227,0,14.298399280234703,0.2771430264182269
PC2_B1,pc2,push_pos_y,101,28,4,16.0,1,0.44260302370730703,1,0.27720394252455804,13.82650023515028,0.026039042575770194,0,15.174216821047597,0.2787676759582152
PC2_B1,pc2,push_pos_y,101,29,1,4.0,1,0.5231434844047456,1,0.2663793343114343,11.185492828686604,0.024700506317540907,0,12.56206292067749,0.2630906425376627
PC2_B1,pc2,push_pos_y,101,29,2,8.0,1,0.5002102173295567,1,0.2660714110588645,12.024623136599015,0.022861138553554965,0,12.654369892796563,0.2661292551354291
PC2_B1,pc2,push_pos_y,101,29,3,12.0,1,0.4920189126153064,1,0.27056566390761716,12.529597210755236,0.02025890751491759,0,13.249986129707782,0.26715566688042913
PC2_B1,pc2,push_pos_y,101,29,4,16.0,1,0.48756395515301265,1,0.2683053696378667,13.123148154958093,0.026758546175945374,0,14.01900207954514,0.268198507195488
PC2_B1,pc2,push_pos_y,101,30,1,4.0,1,0.485032648968378,1,0.2855479294125409,12.269475838666509,0.028074940126837637,0,14.386287471270307,0.28065111356623035
PC2_B1,pc2,push_pos_y,101,30,2,8.0,1,0.509342790851187,1,0.2868351511617395,14.144673487220285,0.025578080517622608,0,14.968778482473292,0.2741182358825908
PC2_B1,pc2,push_pos_y,101,30,3,12.0,1,0.4393767961623605,1,0.28651666163123224,14.023287117333787,0.02822393785485488,0,15.54795519371331,0.2777757899646453
PC2_B1,pc2,push_pos_y,101,30,4,16.0,1,0.5072167850418088,1,0.2868361914540357,13.838168406567753,0.03451786582381625,0,15.080124568737642,0.2765887472081312
PC2_B1,pc2,push_pos_y,101,31,1,4.0,1,0.46925593825660783,1,0.27518533791768995,12.057434160880828,0.02562249315844218,0,14.078778606826178,0.27338337340456914
PC2_B1,pc2,push_pos_y,101,31,2,8.0,1,0.5093795316696585,1,0.2781349999860009,13.367837481438197,0.03338213260706054,0,16.009390097352565,0.27687240985625566
PC2_B1,pc2,push_pos_y,101,31,3,12.0,1,0.5011090838170157,1,0.2794324095873909,13.954867020860258,0.021127256019867872,0,16.840444803080647,0.2788495897928024
PC2_B1,pc2,push_pos_y,101,31,4,16.0,1,0.4851798849974916,1,0.2835591685644446,14.891846684700056,0.0322287247136107,0,16.480073567732678,0.28017069391388305
PC2_B1,pc2,push_pos_y,202,0,1,4.0,1,0.46372424458858363,1,0.2634110722471686,10.49099087434001,0.03466419785822075,0,13.288982813185518,0.26216110188693287
PC2_B1,pc2,push_pos_y,202,0,2,8.0,1,0.5099465598180931,1,0.2647109536085537,11.791398125241148,0.029367880219351716,0,14.485809098312576,0.2641064562899544
PC2_B1,pc2,push_pos_y,202,0,3,12.0,1,0.4883085483026075,1,0.26957406294855846,12.8293981897647,0.025720472682953584,0,14.159096535712871,0.2608106392908861
PC2_B1,pc2,push_pos_y,202,0,4,16.0,1,0.46463958257639887,1,0.2646384421676238,12.157204662532928,0.026195155874713535,0,12.835872117893036,0.2635426055938802
PC2_B1,pc2,push_pos_y,202,1,1,4.0,1,0.5037742034317132,1,0.27357778487039763,11.291699687142398,0.02272405762665288,0,12.379559434040688,0.26328554590118125
PC2_B1,pc2,push_pos_y,202,1,2,8.0,1,0.48915117869807884,1,0.2732834529908583,12.26207133755982,0.023426311558960456,0,12.453256799201323,0.262626437739255
PC2_B1,pc2,push_pos_y,202,1,3,12.0,1,0.49694945317078654,1,0.2723767182884369,12.34099026346232,0.0283461180894491,0,14.926900674815021,0.26124208846831704
PC2_B1,pc2,push_pos_y,202,1,4,16.0,1,0.5263347929213604,1,0.2728301236495615,12.81376722713981,0.024328411683447758,0,13.72173409697197,0.2665472862554744
PC2_B1,pc2,push_pos_y,202,2,1,4.0,1,0.46339941076116703,1,0.2786246194718356,11.6760211965944,0.028229369998310272,0,12.726625182591587,0.2763166942379691
PC2_B1,pc2,push_pos_y,202,2,2,8.0,1,0.5309227788791689,1,0.2816329824733224,12.411298361957709,0.02575727788463938,0,13.208948565584734,0.2792571885063049
PC2_B1,pc2,push_pos_y,202,2,3,12.0,1,0.5184280296968511,1,0.2812021985092265,12.284760794927582,0.030245966904255947,0,13.379855837706293,0.27682754859567327
PC2_B1,pc2,push_pos_y,202,2,4,16.0,1,0.48246305884218144,1,0.27902560971956203,12.34543145571272,0.02477691163539561,0,13.044786141338008,0.2776412170201062
PC2_B1,pc2,push_pos_y,202,3,1,4.0,1,0.5020533093990152,1,0.2828020742710899,12.122694957118604,0.02512803009543634,0,14.637911000138017,0.27957450785738897
PC2_B1,pc2,push_pos_y,202,3,2,8.0,1,0.4957248885592444,1,0.2831117267755264,13.296588009445957,0.02743116139844526,0,14.99575365456306,0.28230361839666723
PC2_B1,pc2,push_pos_y,202,3,3,12.0,1,0.4825970962556031,1,0.28453706675034796,13.688854609055426,0.03299728784509158,0,14.574626682128866,0.2793648077204903
PC2_B1,pc2,push_pos_y,202,3,4,16.0,1,0.5154212605400021,1,0.2856419169329067,14.099442460178821,0.029619141607530174,0,16.23631074796665,0.28397814299971025
PC2_B1,pc2,push_pos_y,202,4,1,4.0,1,0.5187606387077808,1,0.280933921270192,12.445652520950159,0.024232517417588473,0,13.929624965331687,0.27374603451892016
PC2_B1,pc2,push_pos_y,202,4,2,8.0,1,0.4795960307928821,1,0.27717121837929604,12.790791757146687,0.021197845197307965,0,13.869987805955432,0.27000732711929687
PC2_B1,pc2,push_pos_y,202,4,3,12.0,1,0.4361554790980438,1,0.27843275817639046,13.034682794440645,0.032830551084835874,0,14.331493345745985,0.2677186732304925
PC2_B1,pc2,push_pos_y,202,4,4,16.0,1,0.5055414237962959,1,0.2794969018130379,12.865476207679519,0.035703180275302164,0,13.62218365424965,0.27024131614894153
PC2_B1,pc2,push_pos_y,202,5,1,4.0,1,0.53888300670716,1,0.27230269473823,11.524817857774686,0.03138541190941631,0,11.36865406667482,0.26332245073853966
PC2_B1,pc2,push_pos_y,202,5,2,8.0,1,0.5112211282871041,1,0.2673806708286153,10.692319767632725,0.022979321963452905,0,11.139045781358062,0.25983501883114085
PC2_B1,pc2,push_pos_y,202,5,3,12.0,1,0.4897835754295158,1,0.2634744385984492,10.470311134114947,0.028849554232344324,0,10.931189633480855,0.2545226388436588
PC2_B1,pc2,push_pos_y,202,5,4,16.0,1,0.46507873851929815,1,0.2614485392755366,10.085314054914022,0.022731033669321103,0,10.760953090198194,0.2557491080008726
PC2_B1,pc2,push_pos_y,202,6,1,4.0,1,0.517251770384052,1,0.2698785854692765,11.75716480544575,0.03035549291345441,0,12.407103387456257,0.26941708511209744
PC2_B1,pc2,push_pos_y,202,6,2,8.0,1,0.4879792355639562,1,0.2740548119187992,12.48973909420001,0.022312724718671472,0,13.366670539760305,0.2666178681952431
PC2_B1,pc2,push_pos_y,202,6,3,12.0,1,0.4898635070929255,1,0.27137056056828424,12.538243706621044,0.024189531386695332,0,13.45335923769463,0.26672299038917624
PC2_B1,pc2,push_pos_y,202,6,4,16.0,1,0.4760794945493816,1,0.2703963451207003,12.335867931497392,0.030492088185300657,0,13.28418311464309,0.270592704335636
PC2_B1,pc2,push_pos_y,202,7,1,4.0,1,0.5056389583659231,1,0.27793116748014235,11.629079523978744,0.03551725180092315,0,13.16663100057339,0.27556470116192006
PC2_B1,pc2,push_pos_y,202,7,2,8.0,1,0.4190990461663557,1,0.2821835124875135,12.910957211464982,0.027989521999845512,0,14.472792331420738,0.27887529915666837
PC2_B1,pc2,push_pos_y,202,7,3,12.0,1,0.48433650581349674,1,0.2771268267045046,12.093889301707442,0.026273094667665545,0,13.505224322179064,0.27522664768173094
PC2_B1,pc2,push_pos_y,202,7,4,16.0,1,0.48540900523352315,1,0.2777452899172982,12.32284919750721,0.024740360164207185,0,13.403035746680048,0.2752986824448733
PC2_B1,pc2,push_pos_y,202,8,1,4.0,1,0.473629140772293,1,0.26929201337105446,11.897682767433203,0.023226242710150363,0,14.184762150534693,0.26533578152962545
PC2_B1,pc2,push_pos_y,202,8,2,8.0,1,0.5161847770849669,1,0.2685159082240599,12.513183856432589,0.026103699334932284,0,15.093717553568853,0.2670455775796411
PC2_B1,pc2,push_pos_y,202,8,3,12.0,1,0.505203289771312,1,0.2721622596609401,13.02960167396866,0.02803466003488549,0,15.177139055871658,0.2698112090322423
PC2_B1,pc2,push_pos_y,202,8,4,16.0,1,0.4746135168502497,1,0.27760943045271913,14.509657426344724,0.025294314601068384,0,15.351169539659,0.2748067080974579
PC2_B1,pc2,push_pos_y,202,9,1,4.0,1,0.49824330469711675,1,0.28090397941874945,12.33880920611642,0.029936867060731787,0,13.167890328251639,0.27397708809949495
PC2_B1,pc2,push_pos_y,202,9,2,8.0,1,0.4926026674212587,1,0.27788970456085105,12.808603835527489,0.035817533485896974,0,13.562910283541925,0.2705298764182922
PC2_B1,pc2,push_pos_y,202,9,3,12.0,1,0.45330644547376014,1,0.2789191068175005,13.229975360313805,0.021056853132893693,0,14.010117728496388,0.2700500142446814
PC2_B1,pc2,push_pos_y,202,9,4,16.0,1,0.49582989753677503,1,0.27459783453673603,12.452496472252026,0.02978250586909479,0,12.858833514977752,0.26782282151002934
PC2_B1,pc2,push_pos_y,202,10,1,4.0,1,0.4900216349450425,1,0.2793224205307782,12.160984736487421,0.02120768815097013,0,13.736267646657234,0.27284577154220746
PC2_B1,pc2,push_pos_y,202,10,2,8.0,1,0.49338115665351934,1,0.280079589808051,13.541924320733852,0.030302258037303593,0,15.116717036743013,0.2739826429655208
PC2_B1,pc2,push_pos_y,202,10,3,12.0,1,0.5021272543700076,1,0.28005081128309117,12.687274440758555,0.034095815194149254,0,15.261996480564303,0.26951615026290404
PC2_B1,pc2,push_pos_y,202,10,4,16.0,1,0.4681003244737239,1,0.28293958170847455,14.171240106798736,0.020952036438523326,0,15.322427700353145,0.26912953318121596
PC2_B1,pc2,push_pos_y,202,11,1,4.0,1,0.4850876222125623,1,0.2749338228912914,12.168764238501332,0.01755738500870853,0,12.960226013681728,0.2583388659087094
PC2_B1,pc2,push_pos_y,202,11,2,8.0,1,0.5296780435807115,1,0.2740591600298244,12.127560312601567,0.019213381699619142,0,12.655086971947577,0.26659313991745526
PC2_B1,pc2,push_pos_y,202,11,3,12.0,1,0.5391598702467126,1,0.2765574574789261,12.023155917443784,0.029211483400774292,0,12.680439651030673,0.2560030021131995
PC2_B1,pc2,push_pos_y,202,11,4,16.0,1,0.46160453850476885,1,0.27551919548588005,12.510243749733966,0.024375563570738706,0,12.953676652195814,0.2659033642095678
PC2_B1,pc2,push_pos_y,202,12,1,4.0,1,0.5001394505289727,1,0.270440906365925,11.246479923463244,0.027316966015044374,0,11.390255244511048,0.26365657126839787
PC2_B1,pc2,push_pos_y,202,12,2,8.0,1,0.47981147700520554,1,0.2665657364429637,10.446590897615316,0.026553642033095584,0,10.443252939586282,0.26373259635532603
PC2_B1,pc2,push_pos_y,202,12,3,12.0,1,0.4995538218114299,1,0.2658077986801372,9.814588978007782,0.024350766656228005,0,10.512341877541338,0.2597470471565736
PC2_B1,pc2,push_pos_y,202,12,4,16.0,1,0.5109980655573285,1,0.26544739178476484,10.089663479606614,0.03055545584843504,0,10.320432078717783,0.26280552913798366
PC2_B1,pc2,push_pos_y,202,13,1,4.0,1,0.4983730962881356,1,0.277093254627391,11.392982681871406,0.02648962229556481,0,12.742799217728166,0.27142967562624476
PC2_B1,pc2,push_pos_y,202,13,2,8.0,1,0.45285012909748823,1,0.2767932206232917,12.596047821622106,0.02584465064907413,0,13.175563673502918,0.27321848321088493
PC2_B1,pc2,push_pos_y,202,13,3,12.0,1,0.4413301702173377,1,0.28038904795990904,13.253936786563818,0.022176679353459055,0,13.773654581280633,0.2757019767149247
PC2_B1,pc2,push_pos_y,202,13,4,16.0,1,0.49032336197909654,1,0.2793391842574359,13.625184483718336,0.03002332458935494,0,13.798705379491462,0.27687397519534923
PC2_B1,pc2,push_pos_y,202,14,1,4.0,1,0.47086965228958594,1,0.2646771013577354,11.092588046679797,0.02543888754511501,0,12.353471569065293,0.2641193181435692
PC2_B1,pc2,push_pos_y,202,14,2,8.0,1,0.4990551311004212,1,0.2653712210330096,11.671496496579682,0.026746911337094954,0,14.130965492601513,0.263121792976869
PC2_B1,pc2,push_pos_y,202,14,3,12.0,1,0.47350549657595725,1,0.26767402178144706,12.814617960020596,0.031760235564440076,0,14.57919951107316,0.26747595403283675
PC2_B1,pc2,push_pos_y,202,14,4,16.0,1,0.47626477392944283,1,0.2662769410221334,11.971390146400644,0.027502152599436502,0,13.989238929398851,0.2660552926242033
PC2_B1,pc2,push_pos_y,202,15,1,4.0,1,0.4635504923541129,1,0.2623822311347819,10.830662043120434,0.03033301742517701,0,13.062506999256382,0.2621590045684162
PC2_B1,pc2,push_pos_y,202,15,2,8.0,1,0.5250083652158419,1,0.26394426647354574,11.84898066150389,0.019897490000744783,0,14.06289159031852,0.26335795024499536
PC2_B1,pc2,push_pos_y,202,15,3,12.0,1,0.46295098608028606,1,0.2681573275576301,11.94434665136369,0.022947502179141134,0,15.736411335190354,0.2673077873367677
PC2_B1,pc2,push_pos_y,202,15,4,16.0,1,0.43987050584256593,1,0.26912159811366687,12.861434238164836,0.03469410869557103,0,13.273046604876418,0.2504519160418587
PC2_B1,pc2,push_pos_y,202,16,1,4.0,1,0.5990577540675397,1,0.28196050712769044,11.677075440875562,0.02966575885784515,0,13.321569798594526,0.27811749271530517
PC2_B1,pc2,push_pos_y,202,16,2,8.0,1,0.4795498084730804,1,0.2832020825561993,13.084421258617365,0.026155489645392424,0,13.605919259074193,0.282474627309942
PC2_B1,pc2,push_pos_y,202,16,3,12.0,1,0.4101780306043134,1,0.28627930055646333,12.736518154368659,0.03564911680008864,0,15.160629038762305,0.27772195772691205
PC2_B1,pc2,push_pos_y,202,16,4,16.0,1,0.45798530563771467,1,0.2807758090330318,12.965409887126693,0.02381790312740214,0,13.692967855710217,0.2762466203720174
PC2_B1,pc2,push_pos_y,202,17,1,4.0,1,0.5098525536945857,1,0.2695501443536524,11.274506767150472,0.026799732092950584,0,13.591481512108622,0.26535526842357005
PC2_B1,pc2,push_pos_y,202,17,2,8.0,1,0.4532113143430308,1,0.2714889973083282,12.613330780093328,0.024250226615562254,0,15.277920008832405,0.2697425999424674
PC2_B1,pc2,push_pos_y,202,17,3,12.0,1,0.5084723341072088,1,0.2711977656671708,12.973284318431116,0.02834317540904551,0,14.506233132630413,0.27473267355067205
PC2_B1,pc2,push_pos_y,202,17,4,16.0,1,0.4742681078506512,1,0.2730627567532228,13.184145963383093,0.02158224053624261,0,16.617955259437668,0.27058303961779345
PC2_B1,pc2,push_pos_y,202,18,1,4.0,1,0.4732140557798999,1,0.27660117103135523,11.718988299771452,0.025581762113987234,0,11.74983843056474,0.26865161788017355
PC2_B1,pc2,push_pos_y,202,18,2,8.0,1,0.5207041245290558,1,0.2719085108946989,11.659303626063753,0.022165153075330075,0,12.026885102548524,0.2644575768932302
PC2_B1,pc2,push_pos_y,202,18,3,12.0,1,0.45870784384818925,1,0.266757691209329,10.996135725867411,0.026623027143932856,0,11.961232408006694,0.2604117933760352
PC2_B1,pc2,push_pos_y,202,18,4,16.0,1,0.4849784011941306,1,0.2663139903290387,11.323138199472403,0.023993228800494516,0,11.9911363817935,0.26005686652214133
PC2_B1,pc2,push_pos_y,202,19,1,4.0,1,0.43597223965443815,1,0.2810145425286522,12.155102930652827,0.026741433669534458,0,13.392114246567242,0.2826944744204455
PC2_B1,pc2,push_pos_y,202,19,2,8.0,1,0.5127299896343068,1,0.28620581854792204,12.486028193822836,0.02856204853348223,0,15.41020562947308,0.2781829746330486
PC2_B1,pc2,push_pos_y,202,19,3,12.0,1,0.5056561981877943,1,0.28642414430564733,13.839417768975666,0.031636037681854454,0,14.67661883299732,0.2806374693618101
PC2_B1,pc2,push_pos_y,202,19,4,16.0,1,0.46797889680569194,1,0.2844319432017638,13.254269209885933,0.031047302019190495,0,14.246244224406087,0.2804356577562138
PC2_B1,pc2,push_pos_y,202,20,1,4.0,1,0.4601272626688054,1,0.2662210586396131,11.783690976295162,0.030110987900728678,0,11.931287616995226,0.26344203917100467
PC2_B1,pc2,push_pos_y,202,20,2,8.0,1,0.4602851982112327,1,0.26538711284252414,10.69432535857009,0.028010300677751315,0,10.772177808769532,0.259841240344838
PC2_B1,pc2,push_pos_y,202,20,3,12.0,1,0.5256868240792855,1,0.2670476580845481,10.082360789913743,0.018515700759405493,0,10.248758916509107,0.26210335837328497
PC2_B1,pc2,push_pos_y,202,20,4,16.0,1,0.5021602241156974,1,0.2633006130469674,9.70189506616722,0.023440007697384253,0,10.138418149336863,0.2594151111210094
PC2_B1,pc2,push_pos_y,202,21,1,4.0,1,0.5063405503491252,1,0.27921967391661784,12.351395585555935,0.02967062894625354,0,12.455521258052928,0.27691956796748113
PC2_B1,pc2,push_pos_y,202,21,2,8.0,1,0.4708651051407486,1,0.2806225295532196,11.668137987905702,0.035194782219861,0,12.007743525941278,0.2708685006049865
PC2_B1,pc2,push_pos_y,202,21,3,12.0,1,0.5030045604448832,1,0.27381755116789097,11.311948803318385,0.03192371866907,0,11.62940575633746,0.2729807346262396
PC2_B1,pc2,push_pos_y,202,21,4,16.0,1,0.5108859274511197,1,0.2733619808353842,10.695834863427706,0.02344414840352061,0,11.236977427104389,0.2682622599410501
PC2_B1,pc2,push_pos_y,202,22,1,4.0,1,0.5175846150072538,1,0.27325121444814343,12.073922445904696,0.021499979097071548,0,12.427178398803695,0.26331060088892033
PC2_B1,pc2,push_pos_y,202,22,2,8.0,1,0.4751402541035134,1,0.27352223485548866,11.331075669001525,0.026526525521728725,0,11.702502374673026,0.2683406778197875
PC2_B1,pc2,push_pos_y,202,22,3,12.0,1,0.487319177990607,1,0.2764244349723194,11.50416901416877,0.02778083366964427,0,11.647316346329973,0.26981392423099376
PC2_B1,pc2,push_pos_y,202,22,4,16.0,1,0.4838190939226549,1,0.27473844994198193,11.193078721101127,0.027180633917491016,0,12.06091148894326,0.2642589719856487
PC2_B1,pc2,push_pos_y,202,23,1,4.0,1,0.4902176288117097,1,0.26642717500740193,11.21928845352326,0.022879157575770907,0,14.529583266697507,0.2587560953940937
PC2_B1,pc2,push_pos_y,202,23,2,8.0,1,0.504209338510463,1,0.2651630138809031,13.715943684661283,0.03278922589646398,0,14.825497902321624,0.25410287042352603
PC2_B1,pc2,push_pos_y,202,23,3,12.0,1,0.4768385620897394,1,0.26055178596055445,12.693143777896257,0.026152049763717204,0,14.689068308629897,0.2540732706613082
PC2_B1,pc2,push_pos_y,202,23,4,16.0,1,0.5287124314333693,1,0.2659516493107546,13.205645151072044,0.030084677909673764,0,15.53588512478905,0.25447465503279537
PC2_B1,pc2,push_pos_y,202,24,1,4.0,1,0.48827827042974054,1,0.2806295636981566,12.329335865526698,0.022695476176272093,0,13.475213335051805,0.2807621012396991
PC2_B1,pc2,push_pos_y,202,24,2,8.0,1,0.5113841897782316,1,0.2825258204484368,13.16828004517908,0.03365159526003715,0,13.68068525135187,0.2801670376311011
PC2_B1,pc2,push_pos_y,202,24,3,12.0,1,0.502657321922581,1,0.28370487211859796,13.647395957245452,0.028651305637619022,0,14.395480104732943,0.27964465296204716
PC2_B1,pc2,push_pos_y,202,24,4,16.0,1,0.425952292843277,1,0.2824873606310809,14.0394996344949,0.025722093262849435,0,14.023949539717906,0.28234751578320794
PC2_B1,pc2,push_pos_y,202,25,1,4.0,1,0.5026610283571151,1,0.2637404652840314,11.155323693691784,0.028728020435797596,0,11.360352466126084,0.2599955365300816
PC2_B1,pc2,push_pos_y,202,25,2,8.0,1,0.5488644907276302,1,0.26277784548978755,10.421005234506062,0.02396268428600738,0,10.489518551065693,0.2608996527717713
PC2_B1,pc2,push_pos_y,202,25,3,12.0,1,0.5310736263336198,1,0.26367602604914475,9.692944141206521,0.02443789489703469,0,10.25165685211191,0.25814552278442177
PC2_B1,pc2,push_pos_y,202,25,4,16.0,1,0.5149481385628717,1,0.2602752547531842,9.606437858480213,0.021870999950254197,0,10.023207457212907,0.25793816444070583
PC2_B1,pc2,push_pos_y,202,26,1,4.0,1,0.5283914640615296,1,0.2826601945780178,12.618870979927893,0.03353761577685577,0,13.054133362214827,0.2851041615965532
PC2_B1,pc2,push_pos_y,202,26,2,8.0,1,0.4753952877644952,1,0.2858396086463316,12.039498500845893,0.03047048964637504,0,12.721089765837176,0.28328555742687084
PC2_B1,pc2,push_pos_y,202,26,3,12.0,1,0.5684290064182274,1,0.2876897299672193,12.62109775623515,0.03402631051281538,0,13.206870978074866,0.28630720676585314
PC2_B1,pc2,push_pos_y,202,26,4,16.0,1,0.46974792347894506,1,0.2852049304202279,12.433270740786554,0.028064265612837994,0,12.9172912864994,0.2846784237871833
PC2_B1,pc2,push_pos_y,202,27,1,4.0,1,0.4821095095009671,1,0.26535934990740073,11.00576039743734,0.032950356682457604,0,12.480640657894206,0.2609942858231896
PC2_B1,pc2,push_pos_y,202,27,2,8.0,1,0.5197827613365692,1,0.2653560981074756,11.725126733940959,0.022767078799639923,0,12.832443644737426,0.2631422545820634
PC2_B1,pc2,push_pos_y,202,27,3,12.0,1,0.47584470690080805,1,0.2677646127932849,11.782604546824732,0.02073058392122279,0,12.034569368081483,0.26604151407027626
PC2_B1,pc2,push_pos_y,202,27,4,16.0,1,0.4955422707871995,1,0.26569602244040547,11.549158462971626,0.027461658399104985,0,12.180990153274843,0.2641236640234044
PC2_B1,pc2,push_pos_y,202,28,1,4.0,1,0.5185773057103394,1,0.27311520206737006,11.589508599295954,0.023978017145376906,0,13.212101700266707,0.26898154982908523
PC2_B1,pc2,push_pos_y,202,28,2,8.0,1,0.435750886027745,1,0.2749357641061997,12.92097240727083,0.02290557279006724,0,14.064549943220673,0.2675597173644897
PC2_B1,pc2,push_pos_y,202,28,3,12.0,1,0.5321685645216143,1,0.27428721345682194,12.953112008693298,0.02558824094953299,0,13.9042653997336,0.2663892348182393
PC2_B1,pc2,push_pos_y,202,28,4,16.0,1,0.49478809172722427,1,0.2766482969496977,13.105778931719033,0.03491542848319838,0,14.109771617363654,0.26410537639403725
PC2_B1,pc2,push_pos_y,202,29,1,4.0,1,0.46755203446258986,1,0.27453276754063083,11.110725574556001,0.029890536542019973,0,12.627231801620068,0.26511818919589814
PC2_B1,pc2,push_pos_y,202,29,2,8.0,1,0.5015842518531044,1,0.27886736249541216,12.423653936789663,0.033702999147788536,0,13.817821728981883,0.27645622552397414
PC2_B1,pc2,push_pos_y,202,29,3,12.0,1,0.44480534902555974,1,0.27907831863286026,12.869931131153228,0.026074159946075183,0,13.71202706558584,0.2752183734733153
PC2_B1,pc2,push_pos_y,202,29,4,16.0,1,0.5482832988604459,1,0.2782197402600936,12.944517311851609,0.03663679320699397,0,14.329133936986445,0.2742343360090001
PC2_B1,pc2,push_pos_y,202,30,1,4.0,1,0.5171040901522319,1,0.264827252071809,11.216015346496139,0.03720157066100306,0,12.439883478064093,0.2589884344587989
PC2_B1,pc2,push_pos_y,202,30,2,8.0,1,0.47736558892083136,1,0.26429245577139016,11.834188033506404,0.02973320359078633,0,13.964707226974781,0.25312511471503557
PC2_B1,pc2,push_pos_y,202,30,3,12.0,1,0.4637639955289873,1,0.26412819732319226,11.995037912510254,0.024851695387381655,0,14.00004211810928,0.2552443777813631
PC2_B1,pc2,push_pos_y,202,30,4,16.0,1,0.4790037102863939,1,0.26706270267937915,12.655273278510268,0.027220324772404752,0,14.528235570948889,0.2548337068787233
PC2_B1,pc2,push_pos_y,202,31,1,4.0,1,0.5046851000038475,1,0.26598551542682447,11.76916691418613,0.0299114950624463,0,11.367129377829071,0.261269341656231
PC2_B1,pc2,push_pos_y,202,31,2,8.0,1,0.5101854827609367,1,0.26436060969842307,11.296678201535569,0.033030632710966054,0,11.559517912791083,0.2562215854139889
PC2_B1,pc2,push_pos_y,202,31,3,12.0,1,0.46777714756433547,1,0.25855786652169765,9.257262786570614,0.031193193293412986,0,9.566901959581129,0.25614219505519153
PC2_B1,pc2,push_pos_y,202,31,4,16.0,1,0.4960394703767248,1,0.2585067430282022,9.086909214337648,0.025944269564506836,0,9.047133295940814,0.2521007929574997
PC2_B1,pc2,push_pos_y,303,0,1,4.0,1,0.5277370314216918,1,0.28212406912589455,11.841113045785256,0.03161186430043943,0,14.245272771532983,0.2752648972891231
PC2_B1,pc2,push_pos_y,303,0,2,8.0,1,0.5051195453692653,1,0.2775049463791006,12.37060359556396,0.03263193403323322,0,13.706868363482586,0.28012596524972966
PC2_B1,pc2,push_pos_y,303,0,3,12.0,1,0.45856372080812385,1,0.27982376420242905,13.225114723128986,0.03383207101861531,0,13.952333458873593,0.27915051659160756
PC2_B1,pc2,push_pos_y,303,0,4,16.0,1,0.46198383900245366,1,0.28072591102059513,12.884623825467964,0.0310555143918803,0,14.222536123633075,0.2797180256422828
PC2_B1,pc2,push_pos_y,303,1,1,4.0,1,0.5154491358099897,1,0.2707504452390467,11.79207427315609,0.02497584503584373,0,12.926011582152865,0.2681585022791184
PC2_B1,pc2,push_pos_y,303,1,2,8.0,1,0.4987477051191562,1,0.27054786514789664,12.744424355908027,0.023743805994595784,0,13.667163326095448,0.2703225494706057
PC2_B1,pc2,push_pos_y,303,1,3,12.0,1,0.4958239213606251,1,0.2769808761257539,13.528038958842046,0.03385179155063779,0,13.85697503261898,0.27404102109332773
PC2_B1,pc2,push_pos_y,303,1,4,16.0,1,0.5214205231110055,1,0.27644377604206616,13.85382335947167,0.03157745834575213,0,14.275537751574625,0.2729349080572791
PC2_B1,pc2,push_pos_y,303,2,1,4.0,1,0.4845538808605935,1,0.2766185119190318,11.639228583261204,0.024220299423284488,0,12.016522528269592,0.26724462219100587
PC2_B1,pc2,push_pos_y,303,2,2,8.0,1,0.4834255622704881,1,0.27171042816524205,11.805853877847404,0.026316923776234798,0,12.30161332421385,0.26375475111492175
PC2_B1,pc2,push_pos_y,303,2,3,12.0,1,0.4478497000238847,1,0.27096883307166275,11.534777984169505,0.024435335910221144,0,12.082238128175783,0.26018468645167225
PC2_B1,pc2,push_pos_y,303,2,4,16.0,1,0.4588177090740289,1,0.2674267860179279,10.979744127500982,0.030566646525601652,0,11.827783639006576,0.2640393016172603
PC2_B1,pc2,push_pos_y,303,3,1,4.0,1,0.47918049044706473,1,0.2807374387023283,11.98373279836903,0.025452051164318583,0,12.579354594800673,0.27173084020614624
PC2_B1,pc2,push_pos_y,303,3,2,8.0,1,0.5124681761465953,1,0.2742286768348459,11.45838473844963,0.033279044496622785,0,11.93615971520542,0.2698206201912885
PC2_B1,pc2,push_pos_y,303,3,3,12.0,1,0.5225727183619658,1,0.2748797588488635,11.006023151152661,0.03312055887326734,0,11.156250380833288,0.26821896417893193
PC2_B1,pc2,push_pos_y,303,3,4,16.0,1,0.47702242749707197,1,0.2699822538039264,10.643004664841392,0.028873774774605076,0,11.567082386466842,0.2662223002171134
PC2_B1,pc2,push_pos_y,303,4,1,4.0,1,0.4914971294564474,1,0.282845010731947,12.494227477951066,0.03346383736034703,0,14.28309764470472,0.27985893150064395
PC2_B1,pc2,push_pos_y,303,4,2,8.0,1,0.4826273518971824,1,0.2827582074837251,13.821802744055972,0.026111105190897856,0,14.753307385834338,0.275178947391357
PC2_B1,pc2,push_pos_y,303,4,3,12.0,1,0.470326166752055,1,0.27705718911586596,12.889441985312772,0.021973332573309415,0,14.296767501025087,0.27467929201330094
PC2_B1,pc2,push_pos_y,303,4,4,16.0,1,0.4691193184216711,1,0.2798407005275635,13.207699582418549,0.03265584187811004,0,16.896512585444693,0.27273029790205117
PC2_B1,pc2,push_pos_y,303,5,1,4.0,1,0.5199531300319936,1,0.2814278965168458,12.758387548258437,0.03415186557663698,0,13.160182588187581,0.27837471799416974
PC2_B1,pc2,push_pos_y,303,5,2,8.0,1,0.5227820811773836,1,0.28259090720650987,13.219390662543105,0.021909058062188617,0,13.509946915830312,0.2808827010386768
PC2_B1,pc2,push_pos_y,303,5,3,12.0,1,0.4958747755338324,1,0.282856154330274,13.11200589390403,0.03227284462536752,0,13.965018556169404,0.2782678954741534
PC2_B1,pc2,push_pos_y,303,5,4,16.0,1,0.5060794667063044,1,0.28100316832091077,14.025012546713283,0.03048814596145262,0,15.03074275951882,0.27935693432940517
PC2_B1,pc2,push_pos_y,303,6,1,4.0,1,0.45379324784309744,1,0.28086183359597455,12.445548937384004,0.028883980995351343,0,14.350547845666298,0.2770756863973995
PC2_B1,pc2,push_pos_y,303,6,2,8.0,1,0.49708522688676743,1,0.2817879589324329,14.055890249989197,0.033338223499499525,0,15.121901939250266,0.2720009689343804
PC2_B1,pc2,push_pos_y,303,6,3,12.0,1,0.4843251043721949,1,0.2794321177796246,13.083960037294366,0.03557250604833808,0,14.398309564425315,0.26784975260974253
PC2_B1,pc2,push_pos_y,303,6,4,16.0,1,0.49638144790455596,1,0.2743119061152565,13.228722623027135,0.03191186327818833,0,14.650311630563941,0.2639080093187444
PC2_B1,pc2,push_pos_y,303,7,1,4.0,1,0.44884591253122974,1,0.2793820977689111,11.674975241419723,0.037337895092580134,0,11.884730398304928,0.27610123842795264
PC2_B1,pc2,push_pos_y,303,7,2,8.0,1,0.526951692447157,1,0.2777423270564666,11.001928951501785,0.029764336029122977,0,11.356121373511069,0.2708999151214559
PC2_B1,pc2,push_pos_y,303,7,3,12.0,1,0.5388487933059565,1,0.2802581496257833,11.626279613075837,0.028810583695063965,0,12.010353272932285,0.28044569858892715
PC2_B1,pc2,push_pos_y,303,7,4,16.0,1,0.49153450814515603,1,0.2807202465872076,11.847502539672618,0.03326441960467838,0,12.25584698796643,0.2774813634189055
PC2_B1,pc2,push_pos_y,303,8,1,4.0,1,0.4881105961464854,1,0.2743437177835301,12.328025116763122,0.02609794242489108,0,13.1943687818246,0.2736372318178575
PC2_B1,pc2,push_pos_y,303,8,2,8.0,1,0.46594689364207176,1,0.2764436813758656,12.481620217166817,0.025714353318584654,0,13.76408393906603,0.2741517384740758
PC2_B1,pc2,push_pos_y,303,8,3,12.0,1,0.5380863746999874,1,0.2737898625792029,12.76035224133858,0.02897334278769864,0,13.938602130552768,0.2719462466112433
PC2_B1,pc2,push_pos_y,303,8,4,16.0,1,0.46680647784266344,1,0.27672636054735134,12.768243091751593,0.027154341721993817,0,14.627866795162111,0.27297924132270607
PC2_B1,pc2,push_pos_y,303,9,1,4.0,1,0.521477727464362,1,0.2808100936565807,11.914970648602953,0.025615764414186015,0,13.767026135311038,0.27355055885518936
PC2_B1,pc2,push_pos_y,303,9,2,8.0,1,0.5066289944100415,1,0.2794496663273337,13.318212327787824,0.02557111164236657,0,14.834477558514937,0.2735603362481224
PC2_B1,pc2,push_pos_y,303,9,3,12.0,1,0.5010106898938835,1,0.27617832420662763,12.957873184360228,0.02393467675672586,0,14.136517784012213,0.2711830915295504
PC2_B1,pc2,push_pos_y,303,9,4,16.0,1,0.48949281471710415,1,0.27550644973382593,13.55733845353329,0.02674991665683609,0,14.943874805917401,0.269570698075116
PC2_B1,pc2,push_pos_y,303,10,1,4.0,1,0.49523630610215297,1,0.2757281150250511,11.17734059123584,0.02742408963688932,0,12.141321239444464,0.2740812918400382
PC2_B1,pc2,push_pos_y,303,10,2,8.0,1,0.5128314439659506,1,0.2746570123867555,11.863959274973888,0.027092030532054022,0,12.53993561111493,0.27577194141194145
PC2_B1,pc2,push_pos_y,303,10,3,12.0,1,0.5029047809507803,1,0.280114310947969,12.008415721246571,0.02967171629531393,0,13.185119242208229,0.2786309073634326
PC2_B1,pc2,push_pos_y,303,10,4,16.0,1,0.49063063426879555,1,0.2829456621790952,12.703112408229542,0.023460877527148954,0,13.26836028401685,0.2828903124931662
PC2_B1,pc2,push_pos_y,303,11,1,4.0,1,0.4808814966684795,1,0.2715937175693359,12.11537891192023,0.019879952649235047,0,11.883868067839545,0.266710874709216
PC2_B1,pc2,push_pos_y,303,11,2,8.0,1,0.49013333545947624,1,0.27388116183446687,10.647775647821799,0.023991311558076697,0,11.085284662152182,0.2697452287622952
PC2_B1,pc2,push_pos_y,303,11,3,12.0,1,0.4679140643766239,1,0.27292279795529373,10.856106327683456,0.024516359985837854,0,11.39231286146075,0.27119502473004997
PC2_B1,pc2,push_pos_y,303,11,4,16.0,1,0.48113047358999383,1,0.2729815706052882,11.008163638998436,0.030905855097201666,0,11.311060847934034,0.27216757953485704
PC2_B1,pc2,push_pos_y,303,12,1,4.0,1,0.49706779547651087,1,0.2762185561465707,11.525544949416428,0.025063483291533302,0,13.544665988185647,0.27614524004293634
PC2_B1,pc2,push_pos_y,303,12,2,8.0,1,0.4944812988457297,1,0.27712417142913937,12.935031142759533,0.026791809338511816,0,14.147643907256176,0.2681358768978221
PC2_B1,pc2,push_pos_y,303,12,3,12.0,1,0.46726210166959864,1,0.2780250875070133,13.376932255671466,0.026615571716610137,0,14.55255695857853,0.27011666944957674
PC2_B1,pc2,push_pos_y,303,12,4,16.0,1,0.4483838202468569,1,0.27717000516978174,13.574053263931908,0.01968386480580229,0,14.575576643394964,0.2691021341691043
PC2_B1,pc2,push_pos_y,303,13,1,4.0,1,0.4892907011425752,1,0.2761075605842519,12.333289324505376,0.027289787828622143,0,12.739175758979318,0.26921949475844276
PC2_B1,pc2,push_pos_y,303,13,2,8.0,1,0.5606216129274535,1,0.26922868606559736,11.49090800375015,0.029007718081212677,0,12.531407606371442,0.26418258464910127
PC2_B1,pc2,push_pos_y,303,13,3,12.0,1,0.5169608283375838,1,0.26989296006965124,12.138355972008263,0.03091193016490585,0,13.108452992421444,0.2648393008160719
PC2_B1,pc2,push_pos_y,303,13,4,16.0,1,0.48070720078688567,1,0.2716796226042477,12.519721358425903,0.02744862681918251,0,13.01241326315159,0.26287738970894226
PC2_B1,pc2,push_pos_y,303,14,1,4.0,1,0.4943144797135276,1,0.26410386332853597,10.427188171526083,0.03086779848703989,0,12.860920310921804,0.25152303509533724
PC2_B1,pc2,push_pos_y,303,14,2,8.0,1,0.5276148671112818,1,0.26867893569290957,12.561897857383222,0.0317075823727843,0,13.589504955773934,0.2607315738889623
PC2_B1,pc2,push_pos_y,303,14,3,12.0,1,0.44427193568297063,1,0.26463603566993366,12.59890892038613,0.027131525968932847,0,14.952440843626329,0.2560355207499336
PC2_B1,pc2,push_pos_y,303,14,4,16.0,1,0.5188282437529528,1,0.25965878518826185,11.645133539029343,0.024567325294210518,0,13.693256388587136,0.25621221457573184
PC2_B1,pc2,push_pos_y,303,15,1,4.0,1,0.5046237503812564,1,0.2859048735011708,12.286577276050988,0.025442277787085306,0,15.248303286852614,0.285863084748467
PC2_B1,pc2,push_pos_y,303,15,2,8.0,1,0.4681945355330235,1,0.2880277306957041,13.946567597036006,0.02525955724134807,0,16.073568371501835,0.287246071877964
PC2_B1,pc2,push_pos_y,303,15,3,12.0,1,0.4400977389079875,1,0.2903110491719475,15.224084033984752,0.029231506210395032,0,16.265623584850946,0.28748190466732904
PC2_B1,pc2,push_pos_y,303,15,4,16.0,1,0.456110045290909,1,0.2879800096871381,13.908791037328742,0.024621655333322646,0,15.60311643939559,0.28413426222648214
PC2_B1,pc2,push_pos_y,303,16,1,4.0,1,0.4239571285163602,1,0.2723742023030704,12.138040862632275,0.029747718380053967,0,13.886333011712463,0.27011729370463977
PC2_B1,pc2,push_pos_y,303,16,2,8.0,1,0.48076814820088287,1,0.273444386009864,13.304491943697794,0.024992108571029965,0,15.878565936438331,0.2749953512201972
PC2_B1,pc2,push_pos_y,303,16,3,12.0,1,0.5341232802775248,1,0.27653728401597166,13.815805338283685,0.025742854161448392,0,17.144494967399698,0.2766832363478003
PC2_B1,pc2,push_pos_y,303,16,4,16.0,1,0.5012109622216505,1,0.2794891237256361,14.555329353191283,0.03179403638753883,0,15.832729625280743,0.27456441585392877
PC2_B1,pc2,push_pos_y,303,17,1,4.0,1,0.5048756169294141,1,0.2684671950531516,11.603940466305664,0.026104752158193283,0,12.1391452453957,0.26738413355567237
PC2_B1,pc2,push_pos_y,303,17,2,8.0,1,0.4965860109918445,1,0.2743833008456358,11.039101557527824,0.028352458332538036,0,12.34512029648071,0.263581181751853
PC2_B1,pc2,push_pos_y,303,17,3,12.0,1,0.4925078837632847,1,0.2762337245724418,11.590154526700797,0.02286353857577743,0,12.277819733385625,0.2648791431743193
PC2_B1,pc2,push_pos_y,303,17,4,16.0,1,0.5021294353107318,1,0.27667153574884895,11.912619331257634,0.028676705403316155,0,11.888427770250361,0.2694794833660126
PC2_B1,pc2,push_pos_y,303,18,1,4.0,1,0.5087111510976349,1,0.26999274597448464,11.259481890622865,0.025821886592893334,0,10.86656378623305,0.26484525825250593
PC2_B1,pc2,push_pos_y,303,18,2,8.0,1,0.5249196220205987,1,0.2743253546921327,10.959149086696272,0.03554889665300575,0,11.181638453331443,0.2711514405069504
PC2_B1,pc2,push_pos_y,303,18,3,12.0,1,0.4662865020532941,1,0.2724277853647018,10.668813514133806,0.030728732956419185,0,10.873155693859527,0.26863715753835793
PC2_B1,pc2,push_pos_y,303,18,4,16.0,1,0.4784298420423763,1,0.27315448654845437,10.563180580183896,0.031115808249125926,0,11.186744447365124,0.2639216810942971
PC2_B1,pc2,push_pos_y,303,19,1,4.0,1,0.5623173249038341,1,0.2639337777294577,10.407256865346003,0.021291827341616096,0,11.407966407650132,0.2607365084841927
PC2_B1,pc2,push_pos_y,303,19,2,8.0,1,0.5215318397228231,1,0.2651498991059747,10.901966996987525,0.02218252337148704,0,12.01798234742378,0.2614281561604158
PC2_B1,pc2,push_pos_y,303,19,3,12.0,1,0.5132159584855482,1,0.26388463250456007,11.289292671983983,0.027227419408977466,0,13.439818628817255,0.2578827478987648
PC2_B1,pc2,push_pos_y,303,19,4,16.0,1,0.4857340754793114,1,0.2651918576681678,11.100132524879808,0.02632682864566889,0,12.393887900332075,0.25991777748985084
PC2_B1,pc2,push_pos_y,303,20,1,4.0,1,0.5047949719329676,1,0.26357856265363844,10.947495426683622,0.030276583890458588,0,12.820444584903486,0.25797951827074755
PC2_B1,pc2,push_pos_y,303,20,2,8.0,1,0.48398386669320853,1,0.25971028160921394,11.933327523799617,0.025432409975287666,0,13.976730913131245,0.2531263976492346
PC2_B1,pc2,push_pos_y,303,20,3,12.0,1,0.49644197605776696,1,0.26342242589608866,12.08160900956595,0.027415440791677223,0,13.590972866474791,0.2557275206009972
PC2_B1,pc2,push_pos_y,303,20,4,16.0,1,0.5530949707171765,1,0.2607111124431386,12.842655978174104,0.035098921791676174,0,14.765197837062487,0.25270930315084
PC2_B1,pc2,push_pos_y,303,21,1,4.0,1,0.5023773891983058,1,0.2779739528575683,11.877970572498281,0.0296391999213072,0,11.916609927238431,0.2727016610576507
PC2_B1,pc2,push_pos_y,303,21,2,8.0,1,0.4898052322720071,1,0.27443008547160713,11.062050029634637,0.026544927612570605,0,11.116750315914649,0.2685865358235364
PC2_B1,pc2,push_pos_y,303,21,3,12.0,1,0.5482032509462106,1,0.2738297470910026,10.51938527540526,0.030449983860290342,0,10.889690523623019,0.2687068752107773
PC2_B1,pc2,push_pos_y,303,21,4,16.0,1,0.5200875334352074,1,0.269787696035788,10.05787611265486,0.03624119994378468,0,10.226180997062196,0.2641043239098819
PC2_B1,pc2,push_pos_y,303,22,1,4.0,1,0.5125066346635179,1,0.2787408678926886,11.197441876943197,0.03220796051621713,0,13.421910369702761,0.28050215215606483
PC2_B1,pc2,push_pos_y,303,22,2,8.0,1,0.5544210426258284,1,0.28686367596853224,12.222584307028377,0.02309967859290872,0,14.491992489678628,0.2828172601480535
PC2_B1,pc2,push_pos_y,303,22,3,12.0,1,0.5202268046742766,1,0.28680596560399163,12.687312084346196,0.031285285061773103,0,14.41602938236791,0.28414240941644353
PC2_B1,pc2,push_pos_y,303,22,4,16.0,1,0.5046362215146568,1,0.28944677632441496,12.509176551477236,0.025862516276617377,0,14.385448992921207,0.28227163604236544
PC2_B1,pc2,push_pos_y,303,23,1,4.0,1,0.5140888984475338,1,0.27440732127842415,11.548707332443389,0.0206441186040385,0,11.681099804971344,0.2706066768437146
PC2_B1,pc2,push_pos_y,303,23,2,8.0,1,0.5023785368626311,1,0.27209685041623954,10.977689188292707,0.023281088037983066,0,11.168969169744093,0.26695385192804794
PC2_B1,pc2,push_pos_y,303,23,3,12.0,1,0.5314859390283853,1,0.26985269944298074,10.087811785310379,0.02868486140177877,0,10.64366310625537,0.26558502265476286
PC2_B1,pc2,push_pos_y,303,23,4,16.0,1,0.465235595969402,1,0.27246935856852306,10.642056405320076,0.033250556243428715,0,10.598248540201471,0.26709277999592335
PC2_B1,pc2,push_pos_y,303,24,1,4.0,1,0.49315755250300647,1,0.2796585574985188,11.658215081165011,0.03333219275046821,0,11.908105910338792,0.2745144681178312
PC2_B1,pc2,push_pos_y,303,24,2,8.0,1,0.44534486269119866,1,0.27922425168083315,11.318250229514154,0.036181726830156274,0,11.769410113972663,0.2781009046151676
PC2_B1,pc2,push_pos_y,303,24,3,12.0,1,0.5401602969875223,1,0.27751747538699184,11.500957849486223,0.03176325193732789,0,11.806905426793636,0.2766940490128522
PC2_B1,pc2,push_pos_y,303,24,4,16.0,1,0.574580932007051,1,0.2805172851219534,11.80188855768694,0.026245906903551552,0,12.557979799774204,0.27156670782017833
PC2_B1,pc2,push_pos_y,303,25,1,4.0,1,0.48685284666193285,1,0.2755648636403568,11.807481199254525,0.027108682844544416,0,13.533550217718528,0.2747265326785531
PC2_B1,pc2,push_pos_y,303,25,2,8.0,1,0.4697779620193643,1,0.27573075284932386,12.442051987767485,0.032001109431163355,0,12.70238827773076,0.272306360503569
PC2_B1,pc2,push_pos_y,303,25,3,12.0,1,0.5187971724158015,1,0.2803162223993138,12.197279645023032,0.020051884529205366,0,13.233824791593728,0.27481900753184435
PC2_B1,pc2,push_pos_y,303,25,4,16.0,1,0.44913084303166634,1,0.2808324861175874,12.477257995966035,0.032199130042089796,0,12.726423654337683,0.2791819140554112
PC2_B1,pc2,push_pos_y,303,26,1,4.0,1,0.5022744656649533,1,0.2701409668686556,10.32481391190204,0.02871867890842604,0,12.187769912508253,0.26444927463556994
PC2_B1,pc2,push_pos_y,303,26,2,8.0,1,0.5051081959612779,1,0.2703753493048928,11.879596453797244,0.031761034974915656,0,13.368280627538397,0.27047263779104713
PC2_B1,pc2,push_pos_y,303,26,3,12.0,1,0.4663776077902259,1,0.27278098567603104,12.721701904687082,0.028982873382404933,0,13.179009255493627,0.2713901545593445
PC2_B1,pc2,push_pos_y,303,26,4,16.0,1,0.4871752056673445,1,0.2735052698436268,13.022658797490275,0.02396491175046694,0,13.54042204611929,0.2715601903550765
PC2_B1,pc2,push_pos_y,303,27,1,4.0,1,0.5194898025170829,1,0.27162569657685287,11.611544271855209,0.029904930969144976,0,11.964214587844312,0.2636745253348733
PC2_B1,pc2,push_pos_y,303,27,2,8.0,1,0.4559367650391164,1,0.2641232432050501,11.423805584218005,0.020878025934110832,0,12.663688806279417,0.25766021379812515
PC2_B1,pc2,push_pos_y,303,27,3,12.0,1,0.502233490189064,1,0.26459436955298965,11.751867047384529,0.0325307487211115,0,13.062718539082976,0.25841338526118884
PC2_B1,pc2,push_pos_y,303,27,4,16.0,1,0.48074077987750957,1,0.26500163717384645,11.566678721059557,0.030129357724694432,0,12.977588920950854,0.25681064536864745
PC2_B1,pc2,push_pos_y,303,28,1,4.0,1,0.4978418561238017,1,0.28323996178606614,12.051479324077436,0.033094187041171064,0,13.065347396082455,0.28143095332670975
PC2_B1,pc2,push_pos_y,303,28,2,8.0,1,0.459169484822248,1,0.2881231899248725,12.44126173703929,0.028529529291292335,0,12.940720654594209,0.2823480750150222
PC2_B1,pc2,push_pos_y,303,28,3,12.0,1,0.5051525892834342,1,0.2887386901174637,12.382799992777455,0.03591964960521227,0,13.557419128974425,0.28399857798999645
PC2_B1,pc2,push_pos_y,303,28,4,16.0,1,0.5313722013635976,1,0.2853044637224891,12.932019987623544,0.025623414166802923,0,14.271728628213822,0.28458286112642545
PC2_B1,pc2,push_pos_y,303,29,1,4.0,1,0.4833622708280617,1,0.2815518646157361,12.16800908761303,0.02510606753201953,0,13.928929813993552,0.2759088346346177
PC2_B1,pc2,push_pos_y,303,29,2,8.0,1,0.4960817094653069,1,0.28045828034852277,13.641896884659786,0.026159963548532096,0,14.406327988297605,0.27639405485143
PC2_B1,pc2,push_pos_y,303,29,3,12.0,1,0.45379272261246845,1,0.2792255686406783,13.038482040924492,0.03406765114100126,0,14.434919839680166,0.27374539129874287
PC2_B1,pc2,push_pos_y,303,29,4,16.0,1,0.5136963271722064,1,0.2783994079433023,12.863927019366605,0.02549291538114188,0,13.977098536686302,0.2756762079057846
PC2_B1,pc2,push_pos_y,303,30,1,4.0,1,0.492770941086319,1,0.27059712057763885,11.330143922290432,0.02115394672231965,0,11.747188422612359,0.2673225839507771
PC2_B1,pc2,push_pos_y,303,30,2,8.0,1,0.5768618381142189,1,0.27263820338695444,11.178413344165644,0.03492130205473448,0,11.49125090678142,0.270694388106545
PC2_B1,pc2,push_pos_y,303,30,3,12.0,1,0.5032043629049902,1,0.2733469264392547,11.26955347472379,0.02753959884327473,0,12.528227811356805,0.2671879990534349
PC2_B1,pc2,push_pos_y,303,30,4,16.0,1,0.5078504371018425,1,0.27425813651021147,11.179114538765297,0.0203943704943729,0,12.670214262114685,0.266856882502051
PC2_B1,pc2,push_pos_y,303,31,1,4.0,1,0.483746983106354,1,0.2663001593421487,11.755627352940373,0.028400068438743375,0,11.989854176663604,0.26063944136395173
PC2_B1,pc2,push_pos_y,303,31,2,8.0,1,0.49639384307703366,1,0.27129196076788364,11.608650995914296,0.029079454834187432,0,12.111864001351314,0.26243990261286976
PC2_B1,pc2,push_pos_y,303,31,3,12.0,1,0.4846153985395126,1,0.27130827522851564,11.602475037925675,0.02050138334505395,0,11.693373089569592,0.2584271427781824
PC2_B1,pc2,push_pos_y,303,31,4,16.0,1,0.4950565822729998,1,0.2763566613037956,11.392562338321547,0.022835731785507723,0,12.455901267384348,0.2571199909251004
PC2_B1,pc2,push_neg_y,101,0,1,4.0,1,0.49669303058877035,1,0.2699467786015036,11.201916756683058,0.031509281128672045,0,13.644134302511485,0.2675904810109878
PC2_B1,pc2,push_neg_y,101,0,2,8.0,1,0.48019694737341695,1,0.271618897264654,13.261275552887618,0.02460468830509279,0,14.630192567778426,0.2644483015180272
PC2_B1,pc2,push_neg_y,101,0,3,12.0,1,0.48346300714571294,1,0.27163655275010806,13.453546956764733,0.03248908333237402,0,15.82978779227478,0.2580595800583375
PC2_B1,pc2,push_neg_y,101,0,4,16.0,1,0.5000631945482928,1,0.27556018148832784,13.839824742929826,0.0225079786446346,0,16.07925363758028,0.2623485216801179
PC2_B1,pc2,push_neg_y,101,1,1,4.0,1,0.519309406635252,1,0.28242588585073297,12.580090757072814,0.03966769431005897,0,14.509682110843968,0.2746574540826726
PC2_B1,pc2,push_neg_y,101,1,2,8.0,1,0.509110277468023,1,0.28354611004737607,14.86945139522814,0.021616536113737154,0,16.66588044571864,0.27461719194198037
PC2_B1,pc2,push_neg_y,101,1,3,12.0,1,0.4534717987728259,1,0.2777450781136273,13.156559498301036,0.023908828650342287,0,14.579213078210426,0.27334900495202785
PC2_B1,pc2,push_neg_y,101,1,4,16.0,1,0.4957812099496581,1,0.28298461118483925,14.273778695929472,0.037709023459664946,0,14.948098845953842,0.272370262260743
PC2_B1,pc2,push_neg_y,101,2,1,4.0,1,0.5420239643927267,1,0.2677553812450266,10.947439778653564,0.030316402450962524,0,12.928515116671191,0.25287482843679543
PC2_B1,pc2,push_neg_y,101,2,2,8.0,1,0.48896047240096596,1,0.27054385091850464,11.938883853260403,0.02479013813911362,0,12.969724421981535,0.25835792313922534
PC2_B1,pc2,push_neg_y,101,2,3,12.0,1,0.5431841297852834,1,0.27128585137147954,12.359061103193554,0.019226144201156432,0,13.685261821324136,0.24932123617054944
PC2_B1,pc2,push_neg_y,101,2,4,16.0,1,0.4853985288737143,1,0.27103880398413716,13.467852204784325,0.026427253867842622,0,13.478906025856087,0.2646162713912719
PC2_B1,pc2,push_neg_y,101,3,1,4.0,1,0.5153629019913729,1,0.2846435593729988,12.281930130343161,0.025694241581546373,0,12.597609419454312,0.2818688232312228
PC2_B1,pc2,push_neg_y,101,3,2,8.0,1,0.4441536127394225,1,0.2863508686024875,12.046520343350508,0.02706513701973745,0,12.81752006415032,0.2825334798843465
PC2_B1,pc2,push_neg_y,101,3,3,12.0,1,0.46970190108883364,1,0.28536843305284326,12.933833439838732,0.03782204391399418,0,13.176912050117323,0.2846151204670177
PC2_B1,pc2,push_neg_y,101,3,4,16.0,1,0.5444515474188296,1,0.2857307930362416,12.17796879651203,0.03234914305267128,0,13.470977240427208,0.28215025118328035
PC2_B1,pc2,push_neg_y,101,4,1,4.0,1,0.5153151666354088,1,0.26689794356810215,11.486690114838439,0.030504416688556298,0,13.472941543731029,0.26560653897530256
PC2_B1,pc2,push_neg_y,101,4,2,8.0,1,0.5032897951756471,1,0.2678412684304191,12.923466891279308,0.02798225230633686,0,15.68540885534252,0.2676203652499194
PC2_B1,pc2,push_neg_y,101,4,3,12.0,1,0.41393701515823783,1,0.2728430030339542,13.872547268636797,0.02868923673689951,0,15.06453564009336,0.2743502589151821
PC2_B1,pc2,push_neg_y,101,4,4,16.0,1,0.44811598385617846,1,0.279425192006769,13.668651624599683,0.03352261607233048,0,14.116900381306749,0.25998021415210665
PC2_B1,pc2,push_neg_y,101,5,1,4.0,1,0.5293529921590814,1,0.2826712054205451,12.12958418130848,0.026387429655069752,0,12.751946265554768,0.2777856336557929
PC2_B1,pc2,push_neg_y,101,5,2,8.0,1,0.48031326184257184,1,0.2850012243750261,12.737769729348443,0.032563070328154364,0,13.442566016837908,0.2841134515994373
PC2_B1,pc2,push_neg_y,101,5,3,12.0,1,0.44301045650800297,1,0.2861796433434767,12.942954150487633,0.02937912330393981,0,13.1852390180679,0.28407643870873883
PC2_B1,pc2,push_neg_y,101,5,4,16.0,1,0.48002355900060123,1,0.2856929504616375,12.598227416957126,0.025742081486327548,0,14.288937955664627,0.2833568952619073
PC2_B1,pc2,push_neg_y,101,6,1,4.0,1,0.4769717679785419,1,0.27952734520409833,11.589287792730854,0.0335069534379793,0,11.946392996762356,0.276580860748648
PC2_B1,pc2,push_neg_y,101,6,2,8.0,1,0.5102019187294491,1,0.27966652021688576,11.667707757429941,0.034204060750561024,0,11.566469232553542,0.2749747210007938
PC2_B1,pc2,push_neg_y,101,6,3,12.0,1,0.5272210662390071,1,0.2758411982639588,10.895509492227951,0.027211101943155146,0,11.085710941562029,0.27319625705321204
PC2_B1,pc2,push_neg_y,101,6,4,16.0,1,0.5098711578920737,1,0.27725155261111134,11.107752594114707,0.02770883577846208,0,12.035732236477436,0.27365593205798755
PC2_B1,pc2,push_neg_y,101,7,1,4.0,1,0.460220494779541,1,0.27792917654157323,12.201560277447943,0.021442864798408984,0,14.252501601741267,0.275153070528877
PC2_B1,pc2,push_neg_y,101,7,2,8.0,1,0.526838055643865,1,0.2788704855238052,12.977117035973388,0.02299710787172719,0,13.858229797511829,0.27696506113292063
PC2_B1,pc2,push_neg_y,101,7,3,12.0,1,0.479661590434876,1,0.2803122643480964,13.377271783425766,0.030352060223507726,0,14.323516737567978,0.2784775197505951
PC2_B1,pc2,push_neg_y,101,7,4,16.0,1,0.4828286627941187,1,0.2813494486764153,13.034372403130348,0.039476484669132804,0,14.315204294325316,0.2763035297393799
PC2_B1,pc2,push_neg_y,101,8,1,4.0,1,0.4767726107422212,1,0.2740635706141671,11.346203087717951,0.025654469844538275,0,13.783390714983302,0.2683121896682576
PC2_B1,pc2,push_neg_y,101,8,2,8.0,1,0.4795258731057874,1,0.2771467976072893,12.68853346175922,0.04344747304602782,0,14.96764136522121,0.2720012271149273
PC2_B1,pc2,push_neg_y,101,8,3,12.0,1,0.5056056837103289,1,0.2750137756693172,13.019136407269787,0.02777882421539899,0,14.098321797629797,0.2742994701798587
PC2_B1,pc2,push_neg_y,101,8,4,16.0,1,0.47735292388871997,1,0.27733516438122097,13.000865379616915,0.032369912628966616,0,14.310659449672553,0.27277333006501836
PC2_B1,pc2,push_neg_y,101,9,1,4.0,1,0.47667992982801094,1,0.28211817750956286,12.087407667735908,0.03447118073028714,0,12.38793560764241,0.27491664950222894
PC2_B1,pc2,push_neg_y,101,9,2,8.0,1,0.5130599894952527,1,0.27977094898886856,11.908602252262417,0.024564700591375437,0,12.964291073667141,0.2729070663133407
PC2_B1,pc2,push_neg_y,101,9,3,12.0,1,0.4890028909532706,1,0.2795329794367367,12.743968107005713,0.0344824435645079,0,12.7953030681366,0.27093740102441555
PC2_B1,pc2,push_neg_y,101,9,4,16.0,1,0.4604494418756903,1,0.28146221420981665,12.182746122293402,0.026244111268612515,0,12.166657907408846,0.27051372260333384
PC2_B1,pc2,push_neg_y,101,10,1,4.0,1,0.4836107268684856,1,0.2680266529799783,11.44360827580111,0.029164178569957656,0,11.429339161880923,0.254210768217709
PC2_B1,pc2,push_neg_y,101,10,2,8.0,1,0.49867370259660043,1,0.2684420102579708,10.672538754425958,0.02759307117064926,0,10.920703277282131,0.2618494801980289
PC2_B1,pc2,push_neg_y,101,10,3,12.0,1,0.542263826594172,1,0.27107185236910447,10.847659940266624,0.028393517501797347,0,10.664628753612355,0.26345237770820046
PC2_B1,pc2,push_neg_y,101,10,4,16.0,1,0.5651012864564908,1,0.2712133996148798,10.624423278922453,0.031727245505286106,0,10.715240071793167,0.25512542699110063
PC2_B1,pc2,push_neg_y,101,11,1,4.0,1,0.444502726639612,1,0.273563042920541,11.277396711387222,0.023710286301465953,0,11.403010018195129,0.26564673051477117
PC2_B1,pc2,push_neg_y,101,11,2,8.0,1,0.5122590149293617,1,0.2661418415964606,10.869624679797063,0.023758579272664636,0,11.340206165665105,0.2610081630275849
PC2_B1,pc2,push_neg_y,101,11,3,12.0,1,0.4734184161162595,1,0.2632139621571423,10.44302425287934,0.02593201665608421,0,11.027944634996112,0.25935220686509647
PC2_B1,pc2,push_neg_y,101,11,4,16.0,1,0.5208576237950381,1,0.2631988662449434,10.386559737816,0.027698630424553037,0,10.846764315827977,0.25728676503992337
PC2_B1,pc2,push_neg_y,101,12,1,4.0,1,0.5065210753627041,1,0.27299980500483895,12.431754354322546,0.026582109458506885,0,12.69042375469636,0.2648923677556655
PC2_B1,pc2,push_neg_y,101,12,2,8.0,1,0.485437032444934,1,0.2757734098536445,13.238739088591855,0.03787649398940496,0,13.126029239446137,0.2730626353924287
PC2_B1,pc2,push_neg_y,101,12,3,12.0,1,0.5370806856224992,1,0.2743863535915466,12.63920815304163,0.019631386875103893,0,13.558089254116283,0.26605583926573156
PC2_B1,pc2,push_neg_y,101,12,4,16.0,1,0.5273584479167914,1,0.27616044655840666,13.790941470702052,0.025798421137946816,0,14.183730824439284,0.26703006969416204
PC2_B1,pc2,push_neg_y,101,13,1,4.0,1,0.470836378870865,1,0.27591555944101054,12.100561109012467,0.02645483859378859,0,13.400486704672298,0.28019812766880914
PC2_B1,pc2,push_neg_y,101,13,2,8.0,1,0.49778409256752254,1,0.2812939293403677,12.316247199912706,0.026913741247439595,0,13.405628503458816,0.28047588945710084
PC2_B1,pc2,push_neg_y,101,13,3,12.0,1,0.44074906631229444,1,0.28316994425765973,12.590702279408646,0.024794756165628394,0,13.326222927851981,0.2801482621679969
PC2_B1,pc2,push_neg_y,101,13,4,16.0,1,0.5184947245793243,1,0.2824684155975433,12.694172600624814,0.039169357777174854,0,13.703149458581496,0.2806886184343042
PC2_B1,pc2,push_neg_y,101,14,1,4.0,1,0.5009063228372408,1,0.2753176839753268,11.769133797167946,0.030614498224600814,0,14.190252029063393,0.271679457655565
PC2_B1,pc2,push_neg_y,101,14,2,8.0,1,0.4742662820641898,1,0.27695264822659005,13.732284776767411,0.02483613237197839,0,16.118048650802717,0.2729271194514106
PC2_B1,pc2,push_neg_y,101,14,3,12.0,1,0.48648001192519397,1,0.27574843877458316,14.111026475409762,0.024586223216937028,0,14.9000029220112,0.2671560630760091
PC2_B1,pc2,push_neg_y,101,14,4,16.0,1,0.5258671154992063,1,0.2772739861897606,13.872771003722878,0.03479132433789868,0,15.287961133302016,0.268189918867407
PC2_B1,pc2,push_neg_y,101,15,1,4.0,1,0.5082849978677837,1,0.2801962388071784,11.565082797596045,0.029072648856271983,0,13.719761551480701,0.27769258538669445
PC2_B1,pc2,push_neg_y,101,15,2,8.0,1,0.535497337334843,1,0.2770441107571444,13.159498596540747,0.034346012427925815,0,14.48291443832989,0.27667611088344757
PC2_B1,pc2,push_neg_y,101,15,3,12.0,1,0.4846970739974715,1,0.2775862517363248,13.205583758544531,0.029242821809385623,0,15.869688747496546,0.2749809378927404
PC2_B1,pc2,push_neg_y,101,15,4,16.0,1,0.41929394427089584,1,0.27572331501838354,13.027041485491814,0.029545156639892153,0,14.64011360516406,0.2745990431244998
PC2_B1,pc2,push_neg_y,101,16,1,4.0,1,0.5022986279453115,1,0.27603822842957504,11.697676979894005,0.030803196086493567,0,14.056242200484109,0.27844123598088555
PC2_B1,pc2,push_neg_y,101,16,2,8.0,1,0.5159018920633454,1,0.27801558311610297,12.94602154470176,0.020179996735603348,0,14.591215156152243,0.270373938555386
PC2_B1,pc2,push_neg_y,101,16,3,12.0,1,0.4693326081141266,1,0.28217623920682916,13.85515228447183,0.02982848303866166,0,15.138531664555183,0.2698118559179459
PC2_B1,pc2,push_neg_y,101,16,4,16.0,1,0.5013350057997391,1,0.2806262707805889,13.626526049546303,0.02536331927747138,0,14.765305036410457,0.27380429519051536
PC2_B1,pc2,push_neg_y,101,17,1,4.0,1,0.5123997743761461,1,0.28097789316253863,11.414646241052331,0.03904007426603123,0,16.06691868941249,0.28228727206189363
PC2_B1,pc2,push_neg_y,101,17,2,8.0,1,0.44280798421763873,1,0.2869980569510536,13.751288552928116,0.042045623340886615,0,16.542462478202882,0.2858791303507147
PC2_B1,pc2,push_neg_y,101,17,3,12.0,1,0.47059618671106856,1,0.2887772959183882,14.161909419420642,0.03459447193103268,0,16.83821671316471,0.2810560911096991
PC2_B1,pc2,push_neg_y,101,17,4,16.0,1,0.46896937223438484,1,0.2823137248104269,13.357610289179163,0.021173314096613764,0,15.65403858475867,0.27769316820537343
PC2_B1,pc2,push_neg_y,101,18,1,4.0,1,0.5145588398950233,1,0.26926171038558777,12.319456814453133,0.02383154692548855,0,13.045028223574429,0.2687708286040607
PC2_B1,pc2,push_neg_y,101,18,2,8.0,1,0.5014301775345771,1,0.2694806788853783,13.26274449805102,0.02933275534442607,0,13.653946547394812,0.2674093802663732
PC2_B1,pc2,push_neg_y,101,18,3,12.0,1,0.4635652794508486,1,0.27072026122381343,13.792479424520202,0.027103161364783204,0,14.4287947459505,0.2707924245194318
PC2_B1,pc2,push_neg_y,101,18,4,16.0,1,0.45289040304869743,1,0.2732590909469574,13.102827573253236,0.026179701624569694,0,15.957995707029063,0.2748360068084084
PC2_B1,pc2,push_neg_y,101,19,1,4.0,1,0.46869227452798135,1,0.28580387223531856,12.88256622612036,0.037996945664749086,0,13.031964604188005,0.2807167436987321
PC2_B1,pc2,push_neg_y,101,19,2,8.0,1,0.48692300799848165,1,0.28285466620628846,12.187955249287501,0.027125916721590964,0,12.492471283718881,0.2814143022751426
PC2_B1,pc2,push_neg_y,101,19,3,12.0,1,0.5178816579490185,1,0.28280621775012604,12.01364078191851,0.030641167711585413,0,12.13888539953403,0.2812205935544509
PC2_B1,pc2,push_neg_y,101,19,4,16.0,1,0.48437471192371656,1,0.28071974441010683,12.01106714660579,0.03680405581777357,0,12.096571113711441,0.2803364300472851
PC2_B1,pc2,push_neg_y,101,20,1,4.0,1,0.4992753739089079,1,0.2773659622924213,11.985733776587974,0.028522239871855135,0,11.754214685126495,0.27265740684009493
PC2_B1,pc2,push_neg_y,101,20,2,8.0,1,0.5133800575240678,1,0.2780411080083745,11.247181195539333,0.028469487930337378,0,11.659962659612146,0.2742029795034684
PC2_B1,pc2,push_neg_y,101,20,3,12.0,1,0.4804009559037582,1,0.2787358754458912,11.37359841103112,0.026899077714386453,0,12.228967279492766,0.27591025654007406
PC2_B1,pc2,push_neg_y,101,20,4,16.0,1,0.5019406963020047,1,0.2784923238550278,11.924876582158383,0.02033528918774173,0,12.572923946617815,0.2779068529287124
PC2_B1,pc2,push_neg_y,101,21,1,4.0,1,0.512007521105941,1,0.27989574964033725,12.373962771500143,0.0345390588595236,0,14.80654712473059,0.26774743342782087
PC2_B1,pc2,push_neg_y,101,21,2,8.0,1,0.46502251810977496,1,0.2816663970124913,14.636782364605487,0.03178746502593177,0,16.615435446151228,0.27382678160055435
PC2_B1,pc2,push_neg_y,101,21,3,12.0,1,0.4834862264467269,1,0.27268494283133016,13.506342754480027,0.035777169598165987,0,15.046536906090239,0.26817845724483225
PC2_B1,pc2,push_neg_y,101,21,4,16.0,1,0.50461490093035,1,0.27526621424896835,13.75886530434171,0.037118752861588514,0,14.158635812500693,0.2698501101470886
PC2_B1,pc2,push_neg_y,101,22,1,4.0,1,0.5083128505843302,1,0.2681413335914918,12.344569146363597,0.0300257500056025,0,12.892044642242752,0.25605692280167563
PC2_B1,pc2,push_neg_y,101,22,2,8.0,1,0.5155270301009605,1,0.2676392466945444,13.201189390349509,0.02263810261892164,0,13.310820007151374,0.2659728909558791
PC2_B1,pc2,push_neg_y,101,22,3,12.0,1,0.47639123005520206,1,0.2678982260871061,12.953844727467466,0.026802188032497835,0,13.508484985702632,0.26317960804796475
PC2_B1,pc2,push_neg_y,101,22,4,16.0,1,0.48575254096200626,1,0.2687294928625943,13.595416706083753,0.031233461331819007,0,13.708655392041084,0.261660030818878
PC2_B1,pc2,push_neg_y,101,23,1,4.0,1,0.45220444723884917,1,0.27752198215155677,11.908137357400165,0.0318889814813672,0,11.916626466188987,0.2726603910566014
PC2_B1,pc2,push_neg_y,101,23,2,8.0,1,0.4791404599149072,1,0.2770681533424612,11.393687184516036,0.03553856148238617,0,11.844300359865633,0.2758274202678293
PC2_B1,pc2,push_neg_y,101,23,3,12.0,1,0.48527253948714366,1,0.2766026616255867,11.681158809716564,0.03008610169275671,0,12.192444002805251,0.2753079106463468
PC2_B1,pc2,push_neg_y,101,23,4,16.0,1,0.482516864140456,1,0.27757019697026136,11.69827404809056,0.022315400680629965,0,11.690053138788647,0.2741116331541602
PC2_B1,pc2,push_neg_y,101,24,1,4.0,1,0.44845146053454804,1,0.2657949534807613,11.762912122770828,0.022993886489663586,0,12.744610567167845,0.2631400335918773
PC2_B1,pc2,push_neg_y,101,24,2,8.0,1,0.4734812911156581,1,0.26475453663637294,12.109604863300458,0.024191588060877157,0,12.60238428251296,0.2644507881791834
PC2_B1,pc2,push_neg_y,101,24,3,12.0,1,0.4995083251120187,1,0.26855208258577845,11.706702341964977,0.021643182268937335,0,13.33811524075403,0.2667642744148479
PC2_B1,pc2,push_neg_y,101,24,4,16.0,1,0.4667269605994611,1,0.2689972299146142,11.936881851198319,0.02420643876965972,0,12.39689480706151,0.2617726435954558
PC2_B1,pc2,push_neg_y,101,25,1,4.0,1,0.5058495051559179,1,0.26454221086706065,11.205407840218584,0.02191164682388242,0,14.086245473436975,0.2561446880911761
PC2_B1,pc2,push_neg_y,101,25,2,8.0,1,0.49725984369639853,1,0.2687924124977805,13.462325096184781,0.029887943220482063,0,14.31498330112855,0.26435051675148824
PC2_B1,pc2,push_neg_y,101,25,3,12.0,1,0.5475613292526286,1,0.26960442067786333,13.651370941207993,0.037477153501246745,0,14.457575649253226,0.26517597685523214
PC2_B1,pc2,push_neg_y,101,25,4,16.0,1,0.5241347857678423,1,0.2660313798463281,12.221314586665628,0.02575982460272718,0,13.99334934090978,0.25944925597644747
PC2_B1,pc2,push_neg_y,101,26,1,4.0,1,0.5134097235252969,1,0.2683985517783598,11.63771264076045,0.022459152816002893,0,12.211946157666164,0.2559096671361974
PC2_B1,pc2,push_neg_y,101,26,2,8.0,1,0.5010909100175817,1,0.27158889668510555,11.93802360301985,0.029606242391698477,0,13.116055151150764,0.2634673094685702
PC2_B1,pc2,push_neg_y,101,26,3,12.0,1,0.5197574783188101,1,0.27435077240760314,11.954333920232145,0.024550026833471537,0,12.676113916560539,0.25249164515638095
PC2_B1,pc2,push_neg_y,101,26,4,16.0,1,0.543194166523841,1,0.2730046262078107,12.221028056625094,0.03290307948894293,0,13.492378856936762,0.2477764564561334
PC2_B1,pc2,push_neg_y,101,27,1,4.0,1,0.4853993035364997,1,0.2643741979637248,10.673490775722533,0.02347231379575984,0,11.597138721178732,0.25729164927401005
PC2_B1,pc2,push_neg_y,101,27,2,8.0,1,0.4557904598613928,1,0.2636699548220252,11.74881530466849,0.02526128643097773,0,12.492629161413642,0.2605613486014585
PC2_B1,pc2,push_neg_y,101,27,3,12.0,1,0.5043741823217766,1,0.2666780109552139,12.726896081157033,0.01847319578339101,0,13.14274133077044,0.2641622382689287
PC2_B1,pc2,push_neg_y,101,27,4,16.0,1,0.4866738584154383,1,0.2701072625138543,12.604532430447392,0.02463218606436769,0,13.61820999543575,0.26545210238446526
PC2_B1,pc2,push_neg_y,101,28,1,4.0,1,0.5038201838119934,1,0.271902252088256,11.978462142517994,0.029174893615433718,0,13.96357506346207,0.2655606002093636
PC2_B1,pc2,push_neg_y,101,28,2,8.0,1,0.5131030307059554,1,0.2710187226374519,12.975990842571964,0.03250465923078304,0,14.882993188503715,0.2661559140299731
PC2_B1,pc2,push_neg_y,101,28,3,12.0,1,0.5229884058302156,1,0.2714051001849659,12.691309225788235,0.024493001348882507,0,14.176481595477975,0.2632337515366906
PC2_B1,pc2,push_neg_y,101,28,4,16.0,1,0.53071403786004,1,0.2699727815262137,12.970925395127962,0.02972182878325523,0,14.289090160000443,0.26067222009368124
PC2_B1,pc2,push_neg_y,101,29,1,4.0,1,0.46407619452622284,1,0.2663793343114343,11.185492828686604,0.024700506317540907,0,13.611159027162477,0.25999813634444047
PC2_B1,pc2,push_neg_y,101,29,2,8.0,1,0.48545133225810794,1,0.2637215156287433,12.88055834585317,0.02314853745234989,0,14.741743080865755,0.25912599018550814
PC2_B1,pc2,push_neg_y,101,29,3,12.0,1,0.48726543604672373,1,0.26693309859477266,12.546445555868075,0.02131087201756864,0,14.531883596058108,0.2574067358027167
PC2_B1,pc2,push_neg_y,101,29,4,16.0,1,0.4952348631447055,1,0.26340755732620463,13.26490303895389,0.030402753732404142,0,14.672102672581083,0.2568111733638029
PC2_B1,pc2,push_neg_y,101,30,1,4.0,1,0.494283041640065,1,0.2855479294125409,12.269475838666509,0.028074940126837637,0,13.661886795168247,0.2831562771835429
PC2_B1,pc2,push_neg_y,101,30,2,8.0,1,0.4725445470623271,1,0.2854688134104173,13.170834555025358,0.023795305165465803,0,14.060656726953104,0.2811798395957539
PC2_B1,pc2,push_neg_y,101,30,3,12.0,1,0.5365563396079129,1,0.28793280464123916,13.543803877845349,0.0259428385687675,0,14.890543601581276,0.28399666107912114
PC2_B1,pc2,push_neg_y,101,30,4,16.0,1,0.487395196806935,1,0.2887100769396134,13.810978724286887,0.033754329236201384,0,14.36719679695061,0.2854782913457901
PC2_B1,pc2,push_neg_y,101,31,1,4.0,1,0.509220090383439,1,0.27518533791768995,12.057434160880828,0.02562249315844218,0,13.23082595508397,0.2694144202744897
PC2_B1,pc2,push_neg_y,101,31,2,8.0,1,0.4642994335608699,1,0.2731975739333719,13.48881417277472,0.02792375913969353,0,15.088746217839574,0.2637410970295177
PC2_B1,pc2,push_neg_y,101,31,3,12.0,1,0.4792293251530035,1,0.27235087824059045,12.988460293772786,0.01959233946355775,0,14.030318109695015,0.2661279777792048
PC2_B1,pc2,push_neg_y,101,31,4,16.0,1,0.4851172819003629,1,0.27279138246322066,12.637068714749214,0.03166012457831395,0,13.104537320052914,0.26222982540487605
PC2_B1,pc2,push_neg_y,202,0,1,4.0,1,0.5219973573583131,1,0.2634110722471686,10.49099087434001,0.03466419785822075,0,12.140038423762572,0.25853830814999057
PC2_B1,pc2,push_neg_y,202,0,2,8.0,1,0.46735449727026007,1,0.2616489358286169,11.53795403008166,0.02925117207441075,0,13.039898161721279,0.2522303411029877
PC2_B1,pc2,push_neg_y,202,0,3,12.0,1,0.4847822293452399,1,0.26019166346221045,11.795308120866041,0.02489582229889297,0,13.077125546042659,0.2552495887254011
PC2_B1,pc2,push_neg_y,202,0,4,16.0,1,0.5166895495349503,1,0.2596808509393172,11.901516115421085,0.02577648433989791,0,13.21157871958302,0.2532222371369122
PC2_B1,pc2,push_neg_y,202,1,1,4.0,1,0.4969123765406447,1,0.27357778487039763,11.291699687142398,0.02272405762665288,0,11.114553772184193,0.2640855014324188
PC2_B1,pc2,push_neg_y,202,1,2,8.0,1,0.5110907013166287,1,0.27392769290164193,11.311477096963188,0.024725924993461386,0,11.135881095685681,0.26352989354873085
PC2_B1,pc2,push_neg_y,202,1,3,12.0,1,0.505125423307891,1,0.27309724800089463,11.079047743499178,0.026950071144902707,0,11.63221772338267,0.27403567643726573
PC2_B1,pc2,push_neg_y,202,1,4,16.0,1,0.4824309995045695,1,0.274211864659493,10.669093271115216,0.024781264351427086,0,11.713323774287087,0.2647163483867033
PC2_B1,pc2,push_neg_y,202,2,1,4.0,1,0.5365823812370129,1,0.2786246194718356,11.6760211965944,0.028229369998310272,0,12.336587633306724,0.2784190906241616
PC2_B1,pc2,push_neg_y,202,2,2,8.0,1,0.4688282672846938,1,0.28374151829729743,11.936950992374321,0.027018239519972745,0,12.421051284084431,0.2809375169124195
PC2_B1,pc2,push_neg_y,202,2,3,12.0,1,0.4871696851316798,1,0.28426255811663237,12.051328565044361,0.029884958331671437,0,12.28353561800893,0.28106623888015747
PC2_B1,pc2,push_neg_y,202,2,4,16.0,1,0.5175982587920498,1,0.2854611951718356,12.23401251644527,0.023603930087632508,0,12.288607075258259,0.28255443490125276
PC2_B1,pc2,push_neg_y,202,3,1,4.0,1,0.47722089157628805,1,0.2828020742710899,12.122694957118604,0.02512803009543634,0,13.701001267911222,0.27728762409903784
PC2_B1,pc2,push_neg_y,202,3,2,8.0,1,0.4770354804394308,1,0.2811040144393788,13.007573607127249,0.027131559947133996,0,13.369462222203039,0.2726603872317044
PC2_B1,pc2,push_neg_y,202,3,3,12.0,1,0.48862178127242073,1,0.278269810871007,12.789850868474922,0.033484317458626026,0,12.838700314802084,0.26601240485109745
PC2_B1,pc2,push_neg_y,202,3,4,16.0,1,0.472849655494384,1,0.27636903691738046,12.145339152320307,0.03230068514371277,0,13.222736211081848,0.27245366334277676
PC2_B1,pc2,push_neg_y,202,4,1,4.0,1,0.4611873769909946,1,0.280933921270192,12.445652520950159,0.024232517417588473,0,14.668839406220215,0.2797839563479398
PC2_B1,pc2,push_neg_y,202,4,2,8.0,1,0.49042679521274923,1,0.28035096186686326,13.443417986736748,0.02207623457281707,0,15.554693631361898,0.27911691821832707
PC2_B1,pc2,push_neg_y,202,4,3,12.0,1,0.5331995929389108,1,0.28585766837558646,14.560281603003396,0.031811438989143084,0,16.56829065061489,0.2816879857670177
PC2_B1,pc2,push_neg_y,202,4,4,16.0,1,0.47166925070885074,1,0.2878052594668088,14.513785595584732,0.03667351156855604,0,15.825117320616139,0.28552728397323485
PC2_B1,pc2,push_neg_y,202,5,1,4.0,1,0.44513730989817785,1,0.27230269473823,11.524817857774686,0.03138541190941631,0,12.873066220579478,0.26905875935911494
PC2_B1,pc2,push_neg_y,202,5,2,8.0,1,0.4673635535221756,1,0.27385991485042366,12.424019972243082,0.022725332834567357,0,14.80648030769264,0.2724103371408534
PC2_B1,pc2,push_neg_y,202,5,3,12.0,1,0.4873119528771754,1,0.27403687012386835,13.523893019081303,0.028129375935487443,0,14.606769578706478,0.2713436764829299
PC2_B1,pc2,push_neg_y,202,5,4,16.0,1,0.5332084673669089,1,0.27557849397952544,13.046245225212218,0.029281429004101696,0,16.003903630975092,0.2720416122898061
PC2_B1,pc2,push_neg_y,202,6,1,4.0,1,0.4724736097152681,1,0.2698785854692765,11.75716480544575,0.03035549291345441,0,11.70931949127574,0.2674475348888234
PC2_B1,pc2,push_neg_y,202,6,2,8.0,1,0.502136770670061,1,0.27225577895016595,11.364053396609165,0.02278751358586898,0,11.426064222041166,0.26396097155178294
PC2_B1,pc2,push_neg_y,202,6,3,12.0,1,0.5057950575936911,1,0.2670511436813018,10.348653906630329,0.025074909522496577,0,10.730786483239573,0.2617436569323514
PC2_B1,pc2,push_neg_y,202,6,4,16.0,1,0.5203145418819313,1,0.2636326737104253,10.170060779891877,0.029285887939200915,0,10.546112125106832,0.26160114525473693
PC2_B1,pc2,push_neg_y,202,7,1,4.0,1,0.49800668404545284,1,0.27793116748014235,11.629079523978744,0.03551725180092315,0,12.22008048779035,0.27333078409898726
PC2_B1,pc2,push_neg_y,202,7,2,8.0,1,0.5814020861659509,1,0.2803485078767022,12.256755625200558,0.02876594162736833,0,13.015249238503827,0.27819720117803565
PC2_B1,pc2,push_neg_y,202,7,3,12.0,1,0.5268676345990481,1,0.28206615022478254,12.529462762638339,0.026892522635109935,0,13.224975556542821,0.28072962563305615
PC2_B1,pc2,push_neg_y,202,7,4,16.0,1,0.5189890409495239,1,0.2816823803007922,12.60085883719065,0.023406053905029194,0,13.458246430856573,0.2783265059644526
PC2_B1,pc2,push_neg_y,202,8,1,4.0,1,0.5107440160808515,1,0.26929201337105446,11.897682767433203,0.023226242710150363,0,11.875573279016288,0.25781598256871024
PC2_B1,pc2,push_neg_y,202,8,2,8.0,1,0.4604033646810205,1,0.2603425207463178,10.895279290039257,0.02619808842672977,0,12.100253569784497,0.2549163989204774
PC2_B1,pc2,push_neg_y,202,8,3,12.0,1,0.48176281467303894,1,0.25809059622772235,10.73559606941819,0.024824669756702725,0,12.038024892136423,0.25189121904220174
PC2_B1,pc2,push_neg_y,202,8,4,16.0,1,0.5179112280411858,1,0.25870005746576236,11.228244288855095,0.029943497791858863,0,11.966652511096772,0.253441520393851
PC2_B1,pc2,push_neg_y,202,9,1,4.0,1,0.48328854195755305,1,0.28090397941874945,12.33880920611642,0.029936867060731787,0,15.58095782289664,0.2792285387528771
PC2_B1,pc2,push_neg_y,202,9,2,8.0,1,0.4863664337555255,1,0.28332211252521067,14.114259138041872,0.036500381985770367,0,16.56113938872643,0.2806775058335799
PC2_B1,pc2,push_neg_y,202,9,3,12.0,1,0.5232102746869834,1,0.28913582925171777,15.468810240805954,0.020540024642966392,0,16.256134883597213,0.2833347687109269
PC2_B1,pc2,push_neg_y,202,9,4,16.0,1,0.47443698685985974,1,0.2846229126587271,14.66564895211582,0.03128870609037539,0,16.246836095795622,0.2808166197277008
PC2_B1,pc2,push_neg_y,202,10,1,4.0,1,0.503956577666843,1,0.2793224205307782,12.160984736487421,0.02120768815097013,0,13.335524403675365,0.27242276199998705
PC2_B1,pc2,push_neg_y,202,10,2,8.0,1,0.5011174004692823,1,0.27955337012196607,13.23835134946481,0.03007159683578607,0,13.582279404867267,0.27588943252588977
PC2_B1,pc2,push_neg_y,202,10,3,12.0,1,0.47834240218818697,1,0.2836544202132658,13.358240016847759,0.032266042124739394,0,14.744131796218515,0.27550852282799504
PC2_B1,pc2,push_neg_y,202,10,4,16.0,1,0.5225020021931859,1,0.2835538349049614,14.39462816163867,0.017110859614792164,0,14.395892195835442,0.27949736749424653
PC2_B1,pc2,push_neg_y,202,11,1,4.0,1,0.5143770638965691,1,0.2749338228912914,12.168764238501332,0.01755738500870853,0,12.648678608082246,0.2701663911980104
PC2_B1,pc2,push_neg_y,202,11,2,8.0,1,0.46445525778292485,1,0.2727276401564399,11.176221138345287,0.019154873564153033,0,11.449864012020475,0.27057903973176517
PC2_B1,pc2,push_neg_y,202,11,3,12.0,1,0.46306148276847003,1,0.27201367922645203,10.928001444218854,0.029701731239951037,0,11.14463043488503,0.26796226960452485
PC2_B1,pc2,push_neg_y,202,11,4,16.0,1,0.5449253679742672,1,0.27204764064620524,11.142368578268135,0.025441594796896262,0,11.69556341107436,0.2660927989266135
PC2_B1,pc2,push_neg_y,202,12,1,4.0,1,0.49200440822118585,1,0.270440906365925,11.246479923463244,0.027316966015044374,0,11.912424845615185,0.26580427403756
PC2_B1,pc2,push_neg_y,202,12,2,8.0,1,0.5203030399819336,1,0.2682484883994342,11.617649125327574,0.02462792155102419,0,12.202077735186299,0.26647617361124826
PC2_B1,pc2,push_neg_y,202,12,3,12.0,1,0.4919233151091203,1,0.27001829126620674,11.675498104262646,0.023983994012577073,0,12.037566395421635,0.26561798306709944
PC2_B1,pc2,push_neg_y,202,12,4,16.0,1,0.48143996506509207,1,0.2710169050145277,11.64915964619591,0.030573239321741014,0,12.81933642265513,0.26636791755171385
PC2_B1,pc2,push_neg_y,202,13,1,4.0,1,0.49247963184681176,1,0.277093254627391,11.392982681871406,0.02648962229556481,0,14.32056235706613,0.27479627234413023
PC2_B1,pc2,push_neg_y,202,13,2,8.0,1,0.5294253465183041,1,0.2796366872953221,13.907596780254508,0.028159296581033458,0,14.734950619639008,0.27341534109676585
PC2_B1,pc2,push_neg_y,202,13,3,12.0,1,0.5356273829495904,1,0.2795365039199431,14.093056307848919,0.02365884628481471,0,16.14781599953369,0.2699301843655938
PC2_B1,pc2,push_neg_y,202,13,4,16.0,1,0.514258541414852,1,0.2738959625124294,12.951741602020917,0.030287295945300698,0,14.604250537241292,0.2684750585632528
PC2_B1,pc2,push_neg_y,202,14,1,4.0,1,0.514092958208872,1,0.2646771013577354,11.092588046679797,0.02543888754511501,0,11.470644566966342,0.25875405098665205
PC2_B1,pc2,push_neg_y,202,14,2,8.0,1,0.4821180148563629,1,0.26085144982618447,10.817751172058404,0.026691935928111157,0,11.157079919746307,0.2555389040931661
PC2_B1,pc2,push_neg_y,202,14,3,12.0,1,0.521387018691282,1,0.2599022376505449,10.65178633670941,0.03213371177471306,0,10.85062910267034,0.2537461900137325
PC2_B1,pc2,push_neg_y,202,14,4,16.0,1,0.5017170118498165,1,0.2536858136959892,9.326773037209646,0.02162893370593188,0,10.362057666928369,0.24867662548381378
PC2_B1,pc2,push_neg_y,202,15,1,4.0,1,0.5213355211405982,1,0.2623822311347819,10.830662043120434,0.03033301742517701,0,10.669702407602204,0.2579559722048714
PC2_B1,pc2,push_neg_y,202,15,2,8.0,1,0.4595092775528386,1,0.2598314025504066,10.243286853169902,0.020288743429471005,0,10.654012487139328,0.25519282167608087
PC2_B1,pc2,push_neg_y,202,15,3,12.0,1,0.5194460540180966,1,0.258440894000033,10.309503316871755,0.027555470166646626,0,11.445717201940159,0.2537152657215608
PC2_B1,pc2,push_neg_y,202,15,4,16.0,1,0.5256808794803063,1,0.25616157421453756,9.99209845816686,0.0315368828039093,0,10.656561344481752,0.24791504123950386
PC2_B1,pc2,push_neg_y,202,16,1,4.0,1,0.40897920936830384,1,0.28196050712769044,11.677075440875562,0.02966575885784515,0,11.925802096041116,0.278602159278278
PC2_B1,pc2,push_neg_y,202,16,2,8.0,1,0.5198113949928532,1,0.2835852671115794,11.864000708546342,0.0274369692710986,0,12.975566199554926,0.28161045175822663
PC2_B1,pc2,push_neg_y,202,16,3,12.0,1,0.588887047350368,1,0.28722021939920234,12.238870231251285,0.036031065529127874,0,12.584340041958622,0.2811576102506668
PC2_B1,pc2,push_neg_y,202,16,4,16.0,1,0.5384862507437372,1,0.284665112508172,12.478562442562946,0.024803767936446654,0,13.072324943899813,0.2821599909647263
PC2_B1,pc2,push_neg_y,202,17,1,4.0,1,0.4740752054499082,1,0.2695501443536524,11.274506767150472,0.026799732092950584,0,11.620762382565852,0.2616362163727296
PC2_B1,pc2,push_neg_y,202,17,2,8.0,1,0.5330722848530957,1,0.2658089330808364,11.505761041671906,0.024286177859425107,0,12.115086272043653,0.258262492278043
PC2_B1,pc2,push_neg_y,202,17,3,12.0,1,0.47828462579523406,1,0.2620003556503969,11.010819227539368,0.030192529675787366,0,12.516966210162666,0.25732869356073795
PC2_B1,pc2,push_neg_y,202,17,4,16.0,1,0.513260290985099,1,0.2620044902046734,11.632276663430114,0.018251770110593236,0,11.782612915462765,0.2544217799755341
PC2_B1,pc2,push_neg_y,202,18,1,4.0,1,0.5084692362659974,1,0.27660117103135523,11.718988299771452,0.025581762113987234,0,14.559174519707904,0.2737157297006903
PC2_B1,pc2,push_neg_y,202,18,2,8.0,1,0.47349427946072103,1,0.2789866013482293,13.27225056721893,0.023805323411273106,0,16.252706405571388,0.2746308952729332
PC2_B1,pc2,push_neg_y,202,18,3,12.0,1,0.5357986655298771,1,0.28063167424444213,13.654456090972367,0.028893539998128562,0,15.657088525083445,0.2775599357278589
PC2_B1,pc2,push_neg_y,202,18,4,16.0,1,0.4863160358573026,1,0.278042189338628,14.646800482820787,0.02399657962810492,0,16.98669596246933,0.2790089883906319
PC2_B1,pc2,push_neg_y,202,19,1,4.0,1,0.5636969797030114,1,0.2810145425286522,12.155102930652827,0.026741433669534458,0,12.561591857988866,0.281962862626754
PC2_B1,pc2,push_neg_y,202,19,2,8.0,1,0.49028136102202713,1,0.28260367200336356,12.026332178186893,0.03002426547051158,0,12.24110174967697,0.28326839256414116
PC2_B1,pc2,push_neg_y,202,19,3,12.0,1,0.49122499875303155,1,0.28616537281217425,11.89315633676949,0.028303767240301547,0,12.38298382913706,0.280276556225384
PC2_B1,pc2,push_neg_y,202,19,4,16.0,1,0.5304342518747629,1,0.28543147628001353,12.335346342306316,0.03177318500771534,0,12.603213831309924,0.2819570189810054
PC2_B1,pc2,push_neg_y,202,20,1,4.0,1,0.5341225583851655,1,0.2662210586396131,11.783690976295162,0.030110987900728678,0,11.917966046063741,0.2619863087161977
PC2_B1,pc2,push_neg_y,202,20,2,8.0,1,0.5288466154868703,1,0.2683885798734777,11.318580287360664,0.025871461861150954,0,11.490479469881242,0.25994341274633764
PC2_B1,pc2,push_neg_y,202,20,3,12.0,1,0.48131424447884785,1,0.26841481069830014,10.956889303591034,0.02042249688059388,0,11.801696882348132,0.2634906824578576
PC2_B1,pc2,push_neg_y,202,20,4,16.0,1,0.5011506627515707,1,0.26976637088041255,10.903727380925135,0.021114945985948323,0,11.897459182302372,0.25937118727893116
PC2_B1,pc2,push_neg_y,202,21,1,4.0,1,0.48281110435746416,1,0.27921967391661784,12.351395585555935,0.02967062894625354,0,13.634735266228143,0.2786683768512093
PC2_B1,pc2,push_neg_y,202,21,2,8.0,1,0.5069463659644593,1,0.2829378034501152,12.379486714346264,0.03271161323413606,0,13.506247932036596,0.27709405498708634
PC2_B1,pc2,push_neg_y,202,21,3,12.0,1,0.4942343039944315,1,0.28119004346470144,12.800822283435256,0.03046493363919657,0,13.987218602652138,0.2794036967231628
PC2_B1,pc2,push_neg_y,202,21,4,16.0,1,0.4841369409334086,1,0.28008489972129863,11.75880700234033,0.02302071987831085,0,14.048492405346675,0.2755980121898141
PC2_B1,pc2,push_neg_y,202,22,1,4.0,1,0.481726665846088,1,0.27325121444814343,12.073922445904696,0.021499979097071548,0,14.56908855908448,0.2601768631029894
PC2_B1,pc2,push_neg_y,202,22,2,8.0,1,0.5202555408001085,1,0.2717044756692999,13.553091385372262,0.02696027083410045,0,14.038035499214473,0.27027927809220587
PC2_B1,pc2,push_neg_y,202,22,3,12.0,1,0.5077179338263421,1,0.2723860474512539,13.169456172094263,0.029610521810789624,0,14.169744922892498,0.27024289407832097
PC2_B1,pc2,push_neg_y,202,22,4,16.0,1,0.5195768421942277,1,0.26977931385371773,12.494951215654993,0.027097041712602007,0,13.090416292680507,0.26374655101388533
PC2_B1,pc2,push_neg_y,202,23,1,4.0,1,0.49780112973387386,1,0.26642717500740193,11.21928845352326,0.022879157575770907,0,11.821834051405865,0.2599625708585117
PC2_B1,pc2,push_neg_y,202,23,2,8.0,1,0.47242088396221643,1,0.26531219227428743,11.474738024511467,0.033525933261049856,0,12.675491389227458,0.2585114109962382
PC2_B1,pc2,push_neg_y,202,23,3,12.0,1,0.511006780822143,1,0.2669823991264252,12.474103361106106,0.02435780896261917,0,12.69146526424681,0.26337307819070666
PC2_B1,pc2,push_neg_y,202,23,4,16.0,1,0.4545882622356594,1,0.26915185966274957,12.807124133582287,0.02743739182862896,0,13.25685330668916,0.2642630113956125
PC2_B1,pc2,push_neg_y,202,24,1,4.0,1,0.5012475443734468,1,0.2806295636981566,12.329335865526698,0.022695476176272093,0,13.760796561092155,0.278360613527145
PC2_B1,pc2,push_neg_y,202,24,2,8.0,1,0.4777574687499494,1,0.2801922110312763,13.451745599518448,0.03493989637539901,0,15.439685965243072,0.27466900782151654
PC2_B1,pc2,push_neg_y,202,24,3,12.0,1,0.47196160260500275,1,0.28019872411368363,13.354295533184708,0.02842816389000119,0,15.75831908452639,0.27292282696076253
PC2_B1,pc2,push_neg_y,202,24,4,16.0,1,0.5552373405684803,1,0.27948794756981143,14.112082898053519,0.02446697357101158,0,15.191676835181944,0.27383677796884015
PC2_B1,pc2,push_neg_y,202,25,1,4.0,1,0.4900642530053573,1,0.2637404652840314,11.155323693691784,0.028728020435797596,0,11.675312790512278,0.26069424640048633
PC2_B1,pc2,push_neg_y,202,25,2,8.0,1,0.45791434559824334,1,0.2638396819963812,11.188407183025934,0.023221290758483726,0,10.998000405033913,0.263473364758619
PC2_B1,pc2,push_neg_y,202,25,3,12.0,1,0.46247311955858217,1,0.2649075459828351,11.049650809632155,0.022735792593846428,0,11.114695497617733,0.26225638293964976
PC2_B1,pc2,push_neg_y,202,25,4,16.0,1,0.4744293381329123,1,0.2632395637864098,10.891668075827056,0.023350340150518775,0,11.415560930283254,0.2599340903567758
PC2_B1,pc2,push_neg_y,202,26,1,4.0,1,0.4724615871050115,1,0.2826601945780178,12.618870979927893,0.03353761577685577,0,13.402048601910115,0.28394217621833884
PC2_B1,pc2,push_neg_y,202,26,2,8.0,1,0.5234488162795491,1,0.2858173579455697,12.618738345359832,0.029932934969685694,0,13.413447987145586,0.28337714283224097
PC2_B1,pc2,push_neg_y,202,26,3,12.0,1,0.43173204851694735,1,0.28620564658692815,12.995619826373824,0.033186104129080414,0,13.545074271182624,0.28284864741213184
PC2_B1,pc2,push_neg_y,202,26,4,16.0,1,0.5321818232713241,1,0.28322353720027493,12.783721898907887,0.03021041822725544,0,13.208320839170923,0.2803582219197788
PC2_B1,pc2,push_neg_y,202,27,1,4.0,1,0.5103359789486822,1,0.26535934990740073,11.00576039743734,0.032950356682457604,0,11.225264552101022,0.26064270862283556
PC2_B1,pc2,push_neg_y,202,27,2,8.0,1,0.4689203549517355,1,0.26306067303540237,10.370626512095107,0.02292879369386876,0,10.548239037538384,0.25595322633809586
PC2_B1,pc2,push_neg_y,202,27,3,12.0,1,0.5164574259688751,1,0.2606243606716554,9.620027050671286,0.022990419485886163,0,9.656711560354788,0.25918042643822453
PC2_B1,pc2,push_neg_y,202,27,4,16.0,1,0.5035002082458385,1,0.2588014648878638,9.358593652020838,0.024608201504620435,0,9.547732001386276,0.2577781707526528
PC2_B1,pc2,push_neg_y,202,28,1,4.0,1,0.4638168856891757,1,0.27311520206737006,11.589508599295954,0.023978017145376906,0,13.081456678827562,0.2723945596001365
PC2_B1,pc2,push_neg_y,202,28,2,8.0,1,0.5430635544478052,1,0.27751440375565206,12.617178274421612,0.023418537145136965,0,14.597991723412573,0.2773731433771511
PC2_B1,pc2,push_neg_y,202,28,3,12.0,1,0.45420897597509124,1,0.2790914462371306,13.791766320750522,0.024610854168632748,0,13.810040957838407,0.27930717847564
PC2_B1,pc2,push_neg_y,202,28,4,16.0,1,0.48198430007725135,1,0.28191440930978495,13.829927700353053,0.03311010962138733,0,15.687619281984476,0.27873398738111405
PC2_B1,pc2,push_neg_y,202,29,1,4.0,1,0.5332425668391676,1,0.27453276754063083,11.110725574556001,0.029890536542019973,0,10.99438377756133,0.2729614647951993
PC2_B1,pc2,push_neg_y,202,29,2,8.0,1,0.49811669211790277,1,0.27603711936881836,11.120952113768054,0.03609493681756695,0,12.123447218879233,0.2779533145899441
PC2_B1,pc2,push_neg_y,202,29,3,12.0,1,0.5573263561558048,1,0.2793338926718197,11.795649397634897,0.03010356076677602,0,12.85381463502918,0.2782180702941303
PC2_B1,pc2,push_neg_y,202,29,4,16.0,1,0.4685960914906155,1,0.2801457138303767,12.329068875156366,0.03412049885399254,0,12.73771989613406,0.2790770157773227
PC2_B1,pc2,push_neg_y,202,30,1,4.0,1,0.47020603827246416,1,0.264827252071809,11.216015346496139,0.03720157066100306,0,12.008268802958073,0.2618226895039094
PC2_B1,pc2,push_neg_y,202,30,2,8.0,1,0.49401424509285236,1,0.2655707224805087,11.338285328205659,0.02601415480811961,0,12.721803145761744,0.26392232256139664
PC2_B1,pc2,push_neg_y,202,30,3,12.0,1,0.5064104936466003,1,0.2673134842020942,11.943288037821784,0.02572996973529222,0,13.547188400673665,0.26794703758974125
PC2_B1,pc2,push_neg_y,202,30,4,16.0,1,0.4987467594107787,1,0.2716550010251489,12.534340514095828,0.023103657714390866,0,13.45905345731552,0.26900363350934525
PC2_B1,pc2,push_neg_y,202,31,1,4.0,1,0.48851674929856237,1,0.26598551542682447,11.76916691418613,0.0299114950624463,0,11.729344226247134,0.2649347968598738
PC2_B1,pc2,push_neg_y,202,31,2,8.0,1,0.48964789957152877,1,0.26876910604576376,11.887481657655094,0.03175122965446102,0,12.140070901756259,0.2615815823409647
PC2_B1,pc2,push_neg_y,202,31,3,12.0,1,0.5280411750962578,1,0.2658921505678146,11.268435493505788,0.029763633110178447,0,12.579825003047192,0.2630588574842973
PC2_B1,pc2,push_neg_y,202,31,4,16.0,1,0.4972173461398738,1,0.26656375068394256,11.669315763799302,0.02713596700711518,0,11.70499402182437,0.26230290739294043
PC2_B1,pc2,push_neg_y,303,0,1,4.0,1,0.45610706710815807,1,0.28212406912589455,11.841113045785256,0.03161186430043943,0,11.844999155571077,0.2725217104914354
PC2_B1,pc2,push_neg_y,303,0,2,8.0,1,0.47295313342638473,1,0.27473830499432306,11.175411070619077,0.031194999395739803,0,11.383682245845128,0.27232784415311356
PC2_B1,pc2,push_neg_y,303,0,3,12.0,1,0.5166351768370648,1,0.27470258954055804,11.375195270925465,0.03450347419974069,0,11.788414855186675,0.2704702991852786
PC2_B1,pc2,push_neg_y,303,0,4,16.0,1,0.5140494321452301,1,0.2761460918793704,11.37352117604836,0.03386806991831973,0,11.562721483994036,0.2684330654973015
PC2_B1,pc2,push_neg_y,303,1,1,4.0,1,0.47441094121346833,1,0.2707504452390467,11.79207427315609,0.02497584503584373,0,13.978003415835309,0.2667662899761914
PC2_B1,pc2,push_neg_y,303,1,2,8.0,1,0.49706129963481965,1,0.27045827586064364,13.375028018422416,0.023062139109538644,0,14.837611848282473,0.267336376210585
PC2_B1,pc2,push_neg_y,303,1,3,12.0,1,0.48341279047748703,1,0.27080904027038716,13.291377147261016,0.033711893235544195,0,14.66324165550608,0.26173079619433154
PC2_B1,pc2,push_neg_y,303,1,4,16.0,1,0.4647550667691148,1,0.2700254901207705,13.397907549115873,0.031623537417420994,0,15.328552337972674,0.26233729002947476
PC2_B1,pc2,push_neg_y,303,2,1,4.0,1,0.49915374385322947,1,0.2766185119190318,11.639228583261204,0.024220299423284488,0,14.982641880739939,0.27419487582171026
PC2_B1,pc2,push_neg_y,303,2,2,8.0,1,0.500650542353538,1,0.279552563307757,13.236583932813929,0.025200999776821106,0,16.335986558653104,0.2784751741325154
PC2_B1,pc2,push_neg_y,303,2,3,12.0,1,0.5166572822431752,1,0.28179560896547085,14.468568923146194,0.024096870195909132,0,15.064299123928134,0.27787026603591636
PC2_B1,pc2,push_neg_y,303,2,4,16.0,1,0.5244519693733006,1,0.2815488501984805,13.962806502786027,0.035099891730935986,0,15.100614436560678,0.2808401677060255
PC2_B1,pc2,push_neg_y,303,3,1,4.0,1,0.506635168771488,1,0.2807374387023283,11.98373279836903,0.025452051164318583,0,14.014391367212099,0.27790956812746387
PC2_B1,pc2,push_neg_y,303,3,2,8.0,1,0.4785423958142626,1,0.2795830712439542,12.435109361136517,0.032399063021712554,0,14.358619920814263,0.2764653802555513
PC2_B1,pc2,push_neg_y,303,3,3,12.0,1,0.4652256782274804,1,0.28013254016797173,12.820274660134004,0.03159817987775039,0,13.655335332777971,0.27529340663695717
PC2_B1,pc2,push_neg_y,303,3,4,16.0,1,0.512284095779124,1,0.2792786689684353,12.165418189030015,0.031506373026154694,0,15.661592771610279,0.27669479869266245
PC2_B1,pc2,push_neg_y,303,4,1,4.0,1,0.5013251194252492,1,0.282845010731947,12.494227477951066,0.03346383736034703,0,13.671281968148039,0.28128205693979313
PC2_B1,pc2,push_neg_y,303,4,2,8.0,1,0.5125089207438298,1,0.28398356168346606,13.447896273163868,0.02580823991562614,0,14.141159370328676,0.2846758560063367
PC2_B1,pc2,push_neg_y,303,4,3,12.0,1,0.5120731954149758,1,0.285553836647202,13.700416954549585,0.019517069654598894,0,13.829756289880526,0.282892460491568
PC2_B1,pc2,push_neg_y,303,4,4,16.0,1,0.5100995440227661,1,0.28503685815130325,13.670449066803151,0.03270096160931627,0,14.31147458659141,0.28050418492944484
PC2_B1,pc2,push_neg_y,303,5,1,4.0,1,0.4720946362225744,1,0.2814278965168458,12.758387548258437,0.03415186557663698,0,14.608272675183635,0.27837471799416974
PC2_B1,pc2,push_neg_y,303,5,2,8.0,1,0.4703030951681546,1,0.2830097834694194,13.930761424907839,0.018623558932929794,0,16.86120297431433,0.2761570199288149
PC2_B1,pc2,push_neg_y,303,5,3,12.0,1,0.4912627291429985,1,0.27788926525549457,13.195894779248121,0.03264137097199383,0,14.875013331658279,0.27142271144504854
PC2_B1,pc2,push_neg_y,303,5,4,16.0,1,0.4810040299313163,1,0.2777901947657692,13.370351612700272,0.03285627004862375,0,15.635207242037303,0.2789323247052769
PC2_B1,pc2,push_neg_y,303,6,1,4.0,1,0.5292663787220915,1,0.28086183359597455,12.445548937384004,0.028883980995351343,0,13.012701438102079,0.2760591771513383
PC2_B1,pc2,push_neg_y,303,6,2,8.0,1,0.4833519855930456,1,0.28136509712685875,13.154450575412003,0.03224316979148966,0,13.3588537379424,0.27571282412279097
PC2_B1,pc2,push_neg_y,303,6,3,12.0,1,0.5013347721145626,1,0.28373059845544435,13.425859731754603,0.035156876593692765,0,14.324303551384892,0.27732862571981504
PC2_B1,pc2,push_neg_y,303,6,4,16.0,1,0.4761382415939452,1,0.2804254667166083,14.022843029793677,0.02742677298759358,0,14.348205285432766,0.27803410900467856
PC2_B1,pc2,push_neg_y,303,7,1,4.0,1,0.551208755132071,1,0.2793820977689111,11.674975241419723,0.037337895092580134,0,14.118202505285804,0.27079055159487186
PC2_B1,pc2,push_neg_y,303,7,2,8.0,1,0.4783758719775119,1,0.27799167671305614,12.84485383346643,0.028089156250135708,0,13.010062127914662,0.27618230472911487
PC2_B1,pc2,push_neg_y,303,7,3,12.0,1,0.4641140434830791,1,0.2820900958330236,12.48860050513759,0.028582379560985832,0,13.379176951480062,0.2761601514038555
PC2_B1,pc2,push_neg_y,303,7,4,16.0,1,0.5141723276277751,1,0.27915728817330326,12.808357238578651,0.030726814401947355,0,13.268032924688411,0.2747357382493861
PC2_B1,pc2,push_neg_y,303,8,1,4.0,1,0.49531073569201906,1,0.2743437177835301,12.328025116763122,0.02609794242489108,0,12.363970635436914,0.2679222012586135
PC2_B1,pc2,push_neg_y,303,8,2,8.0,1,0.517417647783166,1,0.2732648318782847,11.099325112053787,0.025452967911536433,0,11.539219637403875,0.2659865278292467
PC2_B1,pc2,push_neg_y,303,8,3,12.0,1,0.4456758634682372,1,0.2654621648915949,11.024819890207809,0.031394373863992346,0,11.804034329956687,0.26266751617671336
PC2_B1,pc2,push_neg_y,303,8,4,16.0,1,0.5280632825234172,1,0.26663414337099556,10.855625084073072,0.026401664562831335,0,11.331171382230755,0.26340729221303194
PC2_B1,pc2,push_neg_y,303,9,1,4.0,1,0.47425069845891943,1,0.2808100936565807,11.914970648602953,0.025615764414186015,0,12.715939856539498,0.27347506240089947
PC2_B1,pc2,push_neg_y,303,9,2,8.0,1,0.48758624774787285,1,0.2781611715249199,12.364449103032236,0.025693558883635653,0,12.962053161960503,0.2785579186072324
PC2_B1,pc2,push_neg_y,303,9,3,12.0,1,0.4914454031976084,1,0.2808113347559689,12.516381149775569,0.02432447216653817,0,13.327556333186555,0.2765424179839578
PC2_B1,pc2,push_neg_y,303,9,4,16.0,1,0.5060235938731149,1,0.2802216730175171,13.381279891050259,0.023196767669661875,0,13.53518459333605,0.277430374992085
PC2_B1,pc2,push_neg_y,303,10,1,4.0,1,0.503117725586107,1,0.2757281150250511,11.17734059123584,0.02742408963688932,0,11.158897632529044,0.2729847969855854
PC2_B1,pc2,push_neg_y,303,10,2,8.0,1,0.48372365235746595,1,0.2742315118006844,10.891244576509234,0.029548951896784213,0,11.19079239338254,0.27063627070921625
PC2_B1,pc2,push_neg_y,303,10,3,12.0,1,0.49733985062596026,1,0.2751496491585186,10.911631256515507,0.02926238247561591,0,11.206512873268078,0.27394750618679636
PC2_B1,pc2,push_neg_y,303,10,4,16.0,1,0.5133991856306337,1,0.27717454516313933,11.164249868694657,0.022896526309992934,0,11.672696739232652,0.27717363738758677
PC2_B1,pc2,push_neg_y,303,11,1,4.0,1,0.5222641620461634,1,0.2715937175693359,12.11537891192023,0.019879952649235047,0,12.89548814089259,0.2621656060218811
PC2_B1,pc2,push_neg_y,303,11,2,8.0,1,0.5095948547563021,1,0.2736430410395332,12.2295637186845,0.023316414679213235,0,12.255557402647305,0.2688527419605357
PC2_B1,pc2,push_neg_y,303,11,3,12.0,1,0.5267569729137082,1,0.27485351415878945,11.828956231451336,0.02534067399086133,0,12.320417162982217,0.27207577531350485
PC2_B1,pc2,push_neg_y,303,11,4,16.0,1,0.5077224127029638,1,0.27848556071997965,12.022950981658617,0.030402656027379626,0,12.476483894046323,0.27409919379229214
PC2_B1,pc2,push_neg_y,303,12,1,4.0,1,0.48506932619828325,1,0.2762185561465707,11.525544949416428,0.025063483291533302,0,14.63328852944259,0.2771738625783971
PC2_B1,pc2,push_neg_y,303,12,2,8.0,1,0.4808498691813463,1,0.2804293830127002,13.15631156227847,0.025753720936610557,0,16.29551801929125,0.28133361878242086
PC2_B1,pc2,push_neg_y,303,12,3,12.0,1,0.5078014247324953,1,0.2863362563007018,15.150897108699914,0.02366115658682222,0,17.051453119779463,0.28409785956622446
PC2_B1,pc2,push_neg_y,303,12,4,16.0,1,0.5212314502654358,1,0.2892888206689753,15.914979224588485,0.017181040466717493,0,16.71100003505861,0.28401041094632073
PC2_B1,pc2,push_neg_y,303,13,1,4.0,1,0.4924170475459055,1,0.2761075605842519,12.333289324505376,0.027289787828622143,0,14.606431022586417,0.27445248390901533
PC2_B1,pc2,push_neg_y,303,13,2,8.0,1,0.4228937716855188,1,0.27538583877889866,12.77099341277977,0.027092991023028302,0,14.163033026214725,0.27591512834324555
PC2_B1,pc2,push_neg_y,303,13,3,12.0,1,0.4615931208639609,1,0.27841636920995255,13.444482942651987,0.030210037828264084,0,15.566100449396375,0.2770907649381913
PC2_B1,pc2,push_neg_y,303,13,4,16.0,1,0.4994884604634166,1,0.2828352333390139,14.7847206583603,0.027760441029459248,0,16.03508894851014,0.27972530983986066
PC2_B1,pc2,push_neg_y,303,14,1,4.0,1,0.501695051925326,1,0.26410386332853597,10.427188171526083,0.03086779848703989,0,10.989798639951582,0.2462359211024116
PC2_B1,pc2,push_neg_y,303,14,2,8.0,1,0.46517590595943736,1,0.26532183491928696,10.950405979838377,0.03390205275388443,0,11.463910857268623,0.2512293810194189
PC2_B1,pc2,push_neg_y,303,14,3,12.0,1,0.5520842336856813,1,0.26635742872794044,11.675379997408708,0.026753724619426704,0,11.650901970187535,0.2502175647625949
PC2_B1,pc2,push_neg_y,303,14,4,16.0,1,0.46882427610830735,1,0.2646349506741539,10.905668042937208,0.023882563655234897,0,11.998826777333118,0.254515390663861
PC2_B1,pc2,push_neg_y,303,15,1,4.0,1,0.47275597460595686,1,0.2859048735011708,12.286577276050988,0.025442277787085306,0,13.211623547295522,0.2780843987503154
PC2_B1,pc2,push_neg_y,303,15,2,8.0,1,0.5074573436849067,1,0.2857840624563197,13.789939810797339,0.028106628011053243,0,13.608270867979549,0.27792765351540266
PC2_B1,pc2,push_neg_y,303,15,3,12.0,1,0.537871311910856,1,0.2828743327110209,13.366512471687159,0.029157546579958955,0,13.65247081107367,0.27533666000646706
PC2_B1,pc2,push_neg_y,303,15,4,16.0,1,0.5167352936411008,1,0.2800831354875616,12.331327546351812,0.02510574704423127,0,13.123893636083578,0.2705871231734434
PC2_B1,pc2,push_neg_y,303,16,1,4.0,1,0.5561013258351141,1,0.2723742023030704,12.138040862632275,0.029747718380053967,0,13.02751125415503,0.2632202654280127
PC2_B1,pc2,push_neg_y,303,16,2,8.0,1,0.4920935489582959,1,0.26595310731367633,12.493000046406578,0.02406581277448706,0,13.615729507677598,0.2614302249515758
PC2_B1,pc2,push_neg_y,303,16,3,12.0,1,0.45037393348781174,1,0.2658830537674899,12.138704909260873,0.024346997061647453,0,13.215687305924316,0.25764448598106915
PC2_B1,pc2,push_neg_y,303,16,4,16.0,1,0.48304310205323875,1,0.26505278552917233,12.026147187408913,0.02987203745580591,0,12.512222329060604,0.25705897074969697
PC2_B1,pc2,push_neg_y,303,17,1,4.0,1,0.492097818573015,1,0.2684671950531516,11.603940466305664,0.026104752158193283,0,11.90464633919002,0.2650766512926887
PC2_B1,pc2,push_neg_y,303,17,2,8.0,1,0.5009936210054915,1,0.2728912320366518,10.92046605358206,0.029536969017277787,0,11.083792556725419,0.2673095244774844
PC2_B1,pc2,push_neg_y,303,17,3,12.0,1,0.5053161291247072,1,0.2727622176236647,10.846028972722838,0.021505011123982648,0,11.087025201190308,0.2657627726302427
PC2_B1,pc2,push_neg_y,303,17,4,16.0,1,0.5062128301325028,1,0.2723074651816312,10.848070162264083,0.02847310857328362,0,10.880214073450647,0.2683741262252318
PC2_B1,pc2,push_neg_y,303,18,1,4.0,1,0.49093097816902337,1,0.26999274597448464,11.259481890622865,0.025821886592893334,0,12.8846495428957,0.2547909475584081
PC2_B1,pc2,push_neg_y,303,18,2,8.0,1,0.473079297321306,1,0.27405661248905777,12.652069812714654,0.037057949079105396,0,13.249270908179728,0.26545424129873674
PC2_B1,pc2,push_neg_y,303,18,3,12.0,1,0.5307172098465882,1,0.2725294057857544,12.466540181395478,0.02761717406197997,0,13.635053981707442,0.25832016805914
PC2_B1,pc2,push_neg_y,303,18,4,16.0,1,0.5203808032995861,1,0.2726156160952573,12.01029552906494,0.03210891673710202,0,12.555152258387407,0.2614768112407011
PC2_B1,pc2,push_neg_y,303,19,1,4.0,1,0.4252850557008865,1,0.2639337777294577,10.407256865346003,0.021291827341616096,0,10.566151712189736,0.2552957894967839
PC2_B1,pc2,push_neg_y,303,19,2,8.0,1,0.4690528363833474,1,0.2630136364443417,9.42687736950085,0.023165903366440484,0,9.791452246200198,0.2538980924509426
PC2_B1,pc2,push_neg_y,303,19,3,12.0,1,0.46999132986138836,1,0.2554363830682428,8.774168180155968,0.026287199444521472,0,9.126234980952042,0.25045890604110965
PC2_B1,pc2,push_neg_y,303,19,4,16.0,1,0.5012315254683556,1,0.2562152416629587,8.710942181350706,0.02213431327417642,0,9.415695517659818,0.24985526183391
PC2_B1,pc2,push_neg_y,303,20,1,4.0,1,0.477343667918958,1,0.26357856265363844,10.947495426683622,0.030276583890458588,0,13.616106686442517,0.26462656084228964
PC2_B1,pc2,push_neg_y,303,20,2,8.0,1,0.49489938688707386,1,0.2650589846512851,11.997725461417742,0.02398607191665964,0,13.420512598153481,0.2632669576986588
PC2_B1,pc2,push_neg_y,303,20,3,12.0,1,0.497254120697292,1,0.27231516621329566,12.614085474732114,0.024258009793502892,0,12.827860691241375,0.269888192096496
PC2_B1,pc2,push_neg_y,303,20,4,16.0,1,0.4512822881890069,1,0.2773815026895248,12.4921149347898,0.03504529100846748,0,13.989154166191835,0.2701026301651715
PC2_B1,pc2,push_neg_y,303,21,1,4.0,1,0.49178249119810297,1,0.2779739528575683,11.877970572498281,0.0296391999213072,0,12.778731195621141,0.27558449835063303
PC2_B1,pc2,push_neg_y,303,21,2,8.0,1,0.4986386178714783,1,0.2767442780382493,11.955851093859184,0.026739868385166947,0,13.397141285692152,0.2739524901869463
PC2_B1,pc2,push_neg_y,303,21,3,12.0,1,0.4411319959248519,1,0.2790650542088371,12.197948243011236,0.029791531479625592,0,13.939722105712033,0.2771993496201255
PC2_B1,pc2,push_neg_y,303,21,4,16.0,1,0.4929698966135768,1,0.27801553410961033,11.571147392897004,0.03307519839131841,0,13.22418436369662,0.2740743942757979
PC2_B1,pc2,push_neg_y,303,22,1,4.0,1,0.48663760127957006,1,0.2787408678926886,11.197441876943197,0.03220796051621713,0,11.541694840629104,0.27568694598534527
PC2_B1,pc2,push_neg_y,303,22,2,8.0,1,0.43291773198336847,1,0.28139939967961236,10.954450776633777,0.024995021510945705,0,11.226053972051696,0.27816912818719997
PC2_B1,pc2,push_neg_y,303,22,3,12.0,1,0.4705307783865626,1,0.28171108161064395,11.497265624433558,0.03196348853206113,0,12.040497202898965,0.28077793886317287
PC2_B1,pc2,push_neg_y,303,22,4,16.0,1,0.4844660007893595,1,0.28428948252277575,12.035231508640921,0.027240212342310312,0,12.311291062529447,0.280135102928641
PC2_B1,pc2,push_neg_y,303,23,1,4.0,1,0.48012002945808513,1,0.27440732127842415,11.548707332443389,0.0206441186040385,0,12.184631297317033,0.27201155704610486
PC2_B1,pc2,push_neg_y,303,23,2,8.0,1,0.48950216796080503,1,0.2745215830637172,11.975352881345152,0.022145078175866785,0,12.35152396817744,0.27169200953315287
PC2_B1,pc2,push_neg_y,303,23,3,12.0,1,0.46286344868913054,1,0.27659914487185966,11.777609242336586,0.025087573105116598,0,12.647836395873131,0.2725990628176194
PC2_B1,pc2,push_neg_y,303,23,4,16.0,1,0.5343878227385198,1,0.27843868923697246,12.546479721522399,0.03622369048681917,0,12.36612361432201,0.2731363253797439
PC2_B1,pc2,push_neg_y,303,24,1,4.0,1,0.498628333787114,1,0.2796585574985188,11.658215081165011,0.03333219275046821,0,12.241295031799813,0.2772622452700202
PC2_B1,pc2,push_neg_y,303,24,2,8.0,1,0.5429669975947634,1,0.2821293068442115,11.971905517560021,0.034083948498811786,0,13.407175084159402,0.280418691628757
PC2_B1,pc2,push_neg_y,303,24,3,12.0,1,0.4481217500909789,1,0.28255438908217423,12.515547843389522,0.03470464936504847,0,13.180162578726407,0.28020593444293834
PC2_B1,pc2,push_neg_y,303,24,4,16.0,1,0.43644140139566023,1,0.28512510673247554,12.584943270778538,0.024220083056609755,0,13.144017924969148,0.2795368723053346
PC2_B1,pc2,push_neg_y,303,25,1,4.0,1,0.509644898283701,1,0.2755648636403568,11.807481199254525,0.027108682844544416,0,11.724505064313202,0.2747265326785531
PC2_B1,pc2,push_neg_y,303,25,2,8.0,1,0.5346954754013254,1,0.2751096473498778,10.898724791736019,0.030929454159072195,0,11.10998216980775,0.27175633202899585
PC2_B1,pc2,push_neg_y,303,25,3,12.0,1,0.47555677288764747,1,0.27758594582425083,10.976982295700498,0.019856718422311896,0,11.567201607115937,0.2740035916075987
PC2_B1,pc2,push_neg_y,303,25,4,16.0,1,0.5495913742446705,1,0.2771099573150676,11.130185377372207,0.03183863587347574,0,11.426977851028065,0.27628641523779396
PC2_B1,pc2,push_neg_y,303,26,1,4.0,1,0.487255738399029,1,0.2701409668686556,10.32481391190204,0.02871867890842604,0,12.872943590950763,0.26326076056868
PC2_B1,pc2,push_neg_y,303,26,2,8.0,1,0.48355589216273764,1,0.2742339198123962,12.555123690815599,0.031217964655291315,0,14.124403481525842,0.27019748474187394
PC2_B1,pc2,push_neg_y,303,26,3,12.0,1,0.5160358334278609,1,0.2717004859829969,13.196027707888607,0.03263863278225897,0,14.93404509310952,0.2638135166729198
PC2_B1,pc2,push_neg_y,303,26,4,16.0,1,0.4897069768766994,1,0.2691318831023048,12.694370382475684,0.022813605079155568,0,14.771467719571149,0.2620303677046363
PC2_B1,pc2,push_neg_y,303,27,1,4.0,1,0.4612468164739792,1,0.27162569657685287,11.611544271855209,0.029904930969144976,0,14.577639207892926,0.2694356863830179
PC2_B1,pc2,push_neg_y,303,27,2,8.0,1,0.5243377064557299,1,0.2712900503115221,12.743116504305874,0.023699887918766257,0,15.171541972674094,0.26888402180875687
PC2_B1,pc2,push_neg_y,303,27,3,12.0,1,0.4714578098758196,1,0.27850865393398916,14.972089013420137,0.034256453603888765,0,15.95256658069833,0.2770079606994588
PC2_B1,pc2,push_neg_y,303,27,4,16.0,1,0.4841288533448656,1,0.2803560665903244,14.332596969714325,0.029497739969825312,0,15.573708948009424,0.2790240157734264
PC2_B1,pc2,push_neg_y,303,28,1,4.0,1,0.4999434539465906,1,0.28323996178606614,12.051479324077436,0.033094187041171064,0,12.118958389590711,0.2816209619376749
PC2_B1,pc2,push_neg_y,303,28,2,8.0,1,0.5421419003677297,1,0.28638787623395257,11.938949963010927,0.029510368187121883,0,12.234028778146088,0.2832940271831451
PC2_B1,pc2,push_neg_y,303,28,3,12.0,1,0.49328558213388946,1,0.2879264011261935,12.103845238015019,0.036521843149374816,0,12.632354818038069,0.28614982723552274
PC2_B1,pc2,push_neg_y,303,28,4,16.0,1,0.46686760230443974,1,0.28516400944102893,12.250427938576706,0.022791666505459645,0,12.721818653584029,0.2846365363840113
PC2_B1,pc2,push_neg_y,303,29,1,4.0,1,0.5093614626141556,1,0.2815518646157361,12.16800908761303,0.02510606753201953,0,13.406954154782202,0.2759141016771449
PC2_B1,pc2,push_neg_y,303,29,2,8.0,1,0.49439808975970767,1,0.28132292731879227,13.299957759098241,0.02606634305509266,0,13.860582181516424,0.28031203294182844
PC2_B1,pc2,push_neg_y,303,29,3,12.0,1,0.5495550559210854,1,0.2825509267535439,13.368140612655079,0.034535090850593725,0,13.577596047986018,0.2790924669268297
PC2_B1,pc2,push_neg_y,303,29,4,16.0,1,0.47331572692227775,1,0.28692411914228755,13.48272173433595,0.025714884457494012,0,14.396785020280415,0.2848845302739883
PC2_B1,pc2,push_neg_y,303,30,1,4.0,1,0.5009289519564376,1,0.27059712057763885,11.330143922290432,0.02115394672231965,0,11.307647603445059,0.26597779192389015
PC2_B1,pc2,push_neg_y,303,30,2,8.0,1,0.4197500948141719,1,0.2707094778829717,10.338249753555232,0.03580646850708316,0,10.463600130115891,0.2679745551736597
PC2_B1,pc2,push_neg_y,303,30,3,12.0,1,0.49845426353688954,1,0.2680886388621866,9.90269954778511,0.027485749670955805,0,10.313109532041539,0.26479214796407974
PC2_B1,pc2,push_neg_y,303,30,4,16.0,1,0.4820056839202655,1,0.2708207315461521,10.290453253629359,0.021423279625244533,0,10.58570764427291,0.26694936420828264
PC2_B1,pc2,push_neg_y,303,31,1,4.0,1,0.5144531054695657,1,0.2663001593421487,11.755627352940373,0.028400068438743375,0,11.855808674815524,0.26415390541209255
PC2_B1,pc2,push_neg_y,303,31,2,8.0,1,0.5004324129432841,1,0.26942220760539254,10.73912624197828,0.029637836295540863,0,10.560786653789252,0.26597796611607394
PC2_B1,pc2,push_neg_y,303,31,3,12.0,1,0.5220513502781364,1,0.26991370152980887,10.557151700822281,0.020617226756709336,0,10.507324202465377,0.2651118752471903
PC2_B1,pc2,push_neg_y,303,31,4,16.0,1,0.5145009494191144,1,0.269430018045048,9.917769754220345,0.02399064566953834,0,10.472960613825277,0.26363520220639236
PC2_N3,pc2,push_pos_x,101,0,1,4.0,1,0.5485683542082036,1,0.30775039097204565,6.807190435100063,0.04326335669626203,0,8.003343584338388,0.3062098568136042
PC2_N3,pc2,push_pos_x,101,0,2,8.0,1,0.4858072509565597,1,0.32331553268878854,7.454483481268673,0.030300637536880753,0,9.010791786313135,0.3290526748978518
PC2_N3,pc2,push_pos_x,101,0,3,12.0,1,0.47691934791583346,1,0.3298178436284397,8.451207110167449,0.04453509556218989,0,9.493429719634543,0.3299172096711429
PC2_N3,pc2,push_pos_x,101,0,4,16.0,1,0.4707614277493702,1,0.33949462551484133,9.827111461218266,0.033962568676486476,0,10.514962109683653,0.3143609916781359
PC2_N3,pc2,push_pos_x,101,1,1,4.0,1,0.5178411321375914,1,0.34346416807748414,10.807639506187737,0.04221845318459873,0,11.368203611428292,0.3383988140419843
PC2_N3,pc2,push_pos_x,101,1,2,8.0,1,0.5682120443982188,1,0.3409072433244736,11.562372002782276,0.027125857851041463,0,11.911945040130332,0.29941437094606815
PC2_N3,pc2,push_pos_x,101,1,3,12.0,1,0.4723684886172081,1,0.32626170947908717,8.721658233804467,0.023602633425429766,0,10.151757347240022,0.3319255685742526
PC2_N3,pc2,push_pos_x,101,1,4,16.0,1,0.491609021334512,1,0.3381319485086808,9.936918190751662,0.037763146084395585,0,10.571197624839376,0.3250336989680713
PC2_N3,pc2,push_pos_x,101,2,1,4.0,1,0.49256619248496475,1,0.3279395667626896,7.649192154767175,0.03200560375851069,0,10.024208113143157,0.3065585114739158
PC2_N3,pc2,push_pos_x,101,2,2,8.0,1,0.4605435976852313,1,0.34384796047274446,10.06587280368265,0.033429698528737964,0,11.184948808372571,0.32403915180242
PC2_N3,pc2,push_pos_x,101,2,3,12.0,1,0.48566531923283046,1,0.3388653711520414,7.907315020247438,0.023538719035397865,0,11.386484876828913,0.3057296094409922
PC2_N3,pc2,push_pos_x,101,2,4,16.0,1,0.45064642110020525,1,0.34322405745957624,7.4619015848744175,0.02411407213197031,0,13.403404065996781,0.30537693098904617
PC2_N3,pc2,push_pos_x,101,3,1,4.0,1,0.519358999513778,1,0.33735910408637104,9.839180425047509,0.03951949097599651,0,12.274013042371402,0.3329948280903107
PC2_N3,pc2,push_pos_x,101,3,2,8.0,1,0.47688368741502835,1,0.3336800285839142,10.342461292239816,0.03478867260999499,0,11.094818796356023,0.32480331458509926
PC2_N3,pc2,push_pos_x,101,3,3,12.0,1,0.40818807653579525,1,0.34069844179931175,10.30390923242806,0.036517195745698325,0,11.572514211386608,0.3377709047679595
PC2_N3,pc2,push_pos_x,101,3,4,16.0,1,0.5267513068986152,1,0.34537978263143554,10.005195476387687,0.03719875370854844,0,11.317066386599855,0.33252345304438136
PC2_N3,pc2,push_pos_x,101,4,1,4.0,1,0.47409346619951176,1,0.34051386884508283,9.255865310356949,0.035588272002105154,0,8.569213895278228,0.3098696733222288
PC2_N3,pc2,push_pos_x,101,4,2,8.0,1,0.47126890450758185,1,0.32486345782318216,7.194411081281025,0.02865403832657431,0,10.520331568321142,0.28563357005144824
PC2_N3,pc2,push_pos_x,101,4,3,12.0,1,0.4428532560312453,1,0.3435733184457463,10.431403162091723,0.03410341371837683,0,12.779379654709599,0.3077410150339259
PC2_N3,pc2,push_pos_x,101,4,4,16.0,1,0.4838549899879033,1,0.34222751792101935,8.366682197873448,0.032668407858415106,0,12.268566007115988,0.29598586651730663
PC2_N3,pc2,push_pos_x,101,5,1,4.0,1,0.4620459942377248,1,0.3326473860020306,8.48762192702744,0.02989926774267699,0,10.258428336541105,0.3225064723886908
PC2_N3,pc2,push_pos_x,101,5,2,8.0,1,0.4529149463302222,1,0.33509975815201826,9.534855220260894,0.041126944877442034,0,9.502908270182756,0.34202105109704367
PC2_N3,pc2,push_pos_x,101,5,3,12.0,1,0.46832774362581725,1,0.3471312482248653,9.617746665568832,0.03741207709051894,0,10.442047066222013,0.34429258267509744
PC2_N3,pc2,push_pos_x,101,5,4,16.0,1,0.45223814832714576,1,0.35059177588651524,11.181280248131516,0.03274637734420533,0,11.780656006791755,0.33787556749614167
PC2_N3,pc2,push_pos_x,101,6,1,4.0,1,0.5094221318589806,1,0.3336880324199238,7.692545864574708,0.035338947566961584,0,10.82727449769466,0.3284979899299336
PC2_N3,pc2,push_pos_x,101,6,2,8.0,1,0.5081812997639178,1,0.3532904214400021,10.141570189568371,0.03951357372680146,0,11.665334937682147,0.3481554905361033
PC2_N3,pc2,push_pos_x,101,6,3,12.0,1,0.46573104675644467,1,0.34999642827931576,10.444555480051964,0.04072089017513451,0,12.419225273089681,0.3372492146364508
PC2_N3,pc2,push_pos_x,101,6,4,16.0,1,0.5298894080889898,1,0.3471702984310089,9.900494822585575,0.028832978238745026,0,12.037615520892631,0.3422482601780305
PC2_N3,pc2,push_pos_x,101,7,1,4.0,1,0.4847362419243623,1,0.3191929435666232,6.1277205795342224,0.025860818669150076,0,10.192057292206668,0.3252027849143839
PC2_N3,pc2,push_pos_x,101,7,2,8.0,1,0.48032979919927293,1,0.34388900536266875,9.18418518811594,0.028731734887020875,0,16.982849681590448,0.3187481987285104
PC2_N3,pc2,push_pos_x,101,7,3,12.0,1,0.5503737781608649,1,0.33516319080151336,10.983311412501783,0.03861514097517019,0,13.580999638609212,0.3298148582963383
PC2_N3,pc2,push_pos_x,101,7,4,16.0,1,0.5064141328085081,1,0.34558400615332596,10.988708980035161,0.03696633448628569,0,13.189505336040998,0.3265521266562416
PC2_N3,pc2,push_pos_x,101,8,1,4.0,1,0.5073254750355304,1,0.33072169356167636,7.622914385892067,0.03857701429182575,0,10.693028973806353,0.31408619370690005
PC2_N3,pc2,push_pos_x,101,8,2,8.0,1,0.46613574339337,1,0.334240216383322,9.481603237504721,0.05346711562066064,0,9.254168184062832,0.3209040273319591
PC2_N3,pc2,push_pos_x,101,8,3,12.0,1,0.5194561402613079,1,0.34299151774714975,6.2117034246697855,0.028712225433071593,0,9.165574853578262,0.31978190646452065
PC2_N3,pc2,push_pos_x,101,8,4,16.0,1,0.48128058315988365,1,0.3317779097008833,7.458312365753357,0.028778794255263196,0,9.323923519154725,0.32131199929165966
PC2_N3,pc2,push_pos_x,101,9,1,4.0,1,0.513694789531844,1,0.33726421914954874,8.473928681054971,0.039478538083993625,0,9.97032631918381,0.3393495495625358
PC2_N3,pc2,push_pos_x,101,9,2,8.0,1,0.49664411470597825,1,0.3488693046856691,10.561904277941874,0.030601611047482307,0,11.526391401367253,0.34037284066970336
PC2_N3,pc2,push_pos_x,101,9,3,12.0,1,0.4536472996745832,1,0.34308877164986046,10.55670505762307,0.04221885360710759,0,11.070870442581738,0.3269275747199747
PC2_N3,pc2,push_pos_x,101,9,4,16.0,1,0.5169779141513575,1,0.3465945871277927,8.46541826301076,0.03409962415643024,0,10.914716911667762,0.3335748115644098
PC2_N3,pc2,push_pos_x,101,10,1,4.0,1,0.5161821121640163,1,0.33101386668529104,6.964795546397038,0.03266319794764282,0,11.924463383722573,0.3260126150546864
PC2_N3,pc2,push_pos_x,101,10,2,8.0,1,0.43803821046421204,1,0.3355943315966244,9.116300975486567,0.03249244765566032,0,12.510314821551455,0.32125705639946267
PC2_N3,pc2,push_pos_x,101,10,3,12.0,1,0.49668781143357116,1,0.3428747710537783,6.634154558207251,0.03649681079620434,0,11.5979541202239,0.32837777931422474
PC2_N3,pc2,push_pos_x,101,10,4,16.0,1,0.4560221973297793,1,0.3213934805941454,5.037610145218993,0.06196879519520403,0,9.348406266503222,0.2991033359007402
PC2_N3,pc2,push_pos_x,101,11,1,4.0,1,0.5460449545622479,1,0.3327141961152541,8.80967018319215,0.024357660972413132,0,11.210149747077299,0.3327072897059395
PC2_N3,pc2,push_pos_x,101,11,2,8.0,1,0.49501737210375063,1,0.34508827982101853,9.455161427609987,0.023181221408632248,0,11.686951431100864,0.31903725671258204
PC2_N3,pc2,push_pos_x,101,11,3,12.0,1,0.5232740098420735,1,0.346062707231644,8.427463914082104,0.038360703260589796,0,10.563469519727546,0.34666478602006473
PC2_N3,pc2,push_pos_x,101,11,4,16.0,1,0.4807087115188608,1,0.3446946690745532,9.77947151195405,0.027041700795759068,0,11.170696833403689,0.345425919415479
PC2_N3,pc2,push_pos_x,101,12,1,4.0,1,0.5014997831629544,1,0.3399565085210902,8.011094559287574,0.03746862948000837,0,12.255686108065415,0.3406772399968642
PC2_N3,pc2,push_pos_x,101,12,2,8.0,1,0.5475961796560843,1,0.30592565748462064,9.226573360503778,0.044212410074516525,0,11.131265073695118,0.30257251922459527
PC2_N3,pc2,push_pos_x,101,12,3,12.0,1,0.4333207763122523,1,0.30404450891808393,8.254596193865208,0.0414182378806857,0,9.059959640474554,0.31418100620973555
PC2_N3,pc2,push_pos_x,101,12,4,16.0,1,0.4755437140655155,1,0.3266112480093451,9.003004096573562,0.035185459329740085,0,11.454800397188793,0.32219618527009525
PC2_N3,pc2,push_pos_x,101,13,1,4.0,1,0.4727421094429512,1,0.32945525526681685,6.932464885116406,0.028055824534863816,0,10.105733548189185,0.3353690219754204
PC2_N3,pc2,push_pos_x,101,13,2,8.0,1,0.44963823683958665,1,0.3528990202887173,10.03399363174415,0.03582332832841925,0,12.880590417031597,0.3312885495111904
PC2_N3,pc2,push_pos_x,101,13,3,12.0,1,0.4716974260302541,1,0.338970367602486,7.928529570457096,0.03338096963516892,0,9.263189232988427,0.3349542461614558
PC2_N3,pc2,push_pos_x,101,13,4,16.0,1,0.499626528472731,1,0.3396363794644249,9.494295147928387,0.0390825075770692,0,13.138384974648597,0.33073924250781217
PC2_N3,pc2,push_pos_x,101,14,1,4.0,1,0.49068435785852377,1,0.3344809028075978,8.554541721553138,0.0372050166304025,0,11.150424242850207,0.3351662692857936
PC2_N3,pc2,push_pos_x,101,14,2,8.0,1,0.44014802457354457,1,0.33647392459094205,10.573282216315132,0.03014886677966805,0,10.484771583373508,0.31090767769252553
PC2_N3,pc2,push_pos_x,101,14,3,12.0,1,0.5425577990123178,1,0.3329457933889991,9.472379885459274,0.02406598899859292,0,10.99359584145629,0.31064457705314147
PC2_N3,pc2,push_pos_x,101,14,4,16.0,1,0.4615045237232745,1,0.31916139406316424,9.849971081490853,0.041391364824628595,0,11.293757749381133,0.2950654688047215
PC2_N3,pc2,push_pos_x,101,15,1,4.0,1,0.4920971839306972,1,0.335079909566252,9.792851973888911,0.04595243043792782,0,10.129392713561304,0.33691031346346606
PC2_N3,pc2,push_pos_x,101,15,2,8.0,1,0.5194212205970149,1,0.33839444967514687,9.864030494204444,0.035380255435413704,0,10.29514369799242,0.3303317064269979
PC2_N3,pc2,push_pos_x,101,15,3,12.0,1,0.5229663811933292,1,0.34285783903165296,9.347508398547472,0.041721518423939605,0,10.261342741617021,0.3282777415239875
PC2_N3,pc2,push_pos_x,101,15,4,16.0,1,0.46919385729450563,1,0.3404120514418352,9.599119150607194,0.03352906737438968,0,10.207562787737647,0.3321485385537785
PC2_N3,pc2,push_pos_x,101,16,1,4.0,1,0.4751020069546181,1,0.33137164005939973,8.057965055295178,0.04059208932452959,0,9.340582074020826,0.3298050820190001
PC2_N3,pc2,push_pos_x,101,16,2,8.0,1,0.5059284090461622,1,0.34751183400179614,9.033090975962638,0.023114865362906953,0,9.831733834002204,0.332018978136746
PC2_N3,pc2,push_pos_x,101,16,3,12.0,1,0.5088563266446993,1,0.3443949739722645,7.758882559514428,0.039783291152111835,0,10.574752539130307,0.3361728862326413
PC2_N3,pc2,push_pos_x,101,16,4,16.0,1,0.5315362784500445,1,0.3407715045832058,10.598097634416696,0.031518086075206016,0,10.075716281954765,0.3280287431204383
PC2_N3,pc2,push_pos_x,101,17,1,4.0,1,0.5441344986638761,1,0.34537008819095594,8.573964640134172,0.043376420511984426,0,17.63776009341833,0.2830822386524894
PC2_N3,pc2,push_pos_x,101,17,2,8.0,1,0.5090219441530532,1,0.32126424601052533,8.43498472823622,0.04499389532414212,0,9.931730059912606,0.32246972118469486
PC2_N3,pc2,push_pos_x,101,17,3,12.0,1,0.4781409645145438,1,0.3459679185547293,9.504604263348098,0.035996105312875455,0,18.47642353899316,0.3070210215242151
PC2_N3,pc2,push_pos_x,101,17,4,16.0,1,0.4934230063153909,1,0.3421633291372004,5.798849651221998,0.028042016896618983,0,10.568944947071081,0.3289328663744391
PC2_N3,pc2,push_pos_x,101,18,1,4.0,1,0.5159492647111957,1,0.3351831779601102,8.597110325330362,0.0368740766143478,0,9.282645040180471,0.32519258773900606
PC2_N3,pc2,push_pos_x,101,18,2,8.0,1,0.5157870820506298,1,0.3400607519449397,9.38822580076649,0.0344781281041705,0,11.226667927462215,0.31650940253135357
PC2_N3,pc2,push_pos_x,101,18,3,12.0,1,0.5413201425068932,1,0.33902053941379895,9.340603013183058,0.03355428921294076,0,12.121414437463615,0.3072847590089482
PC2_N3,pc2,push_pos_x,101,18,4,16.0,1,0.5089459677998392,1,0.34857473080170986,10.142694858576586,0.02636185802829564,0,13.503952015222934,0.283377211042904
PC2_N3,pc2,push_pos_x,101,19,1,4.0,1,0.5530028965478881,1,0.3358342573445111,8.085947748076329,0.043330708940524154,0,10.966736841482971,0.331865476733223
PC2_N3,pc2,push_pos_x,101,19,2,8.0,1,0.5251603781455125,1,0.3562443403796079,10.500644649639995,0.040044599969069214,0,11.434387649756479,0.34083493524056707
PC2_N3,pc2,push_pos_x,101,19,3,12.0,1,0.5237211197106857,1,0.35125123179532625,9.903021755425332,0.03627237050666336,0,12.165685627782812,0.342276001996535
PC2_N3,pc2,push_pos_x,101,19,4,16.0,1,0.5261420047298005,1,0.346781111496655,9.926445253532172,0.04407130440584879,0,11.637822717758539,0.3441318232107927
PC2_N3,pc2,push_pos_x,101,20,1,4.0,1,0.4830192292129888,1,0.333895398015007,8.286110842377791,0.03530233458312995,0,11.195384181888572,0.3249448497983861
PC2_N3,pc2,push_pos_x,101,20,2,8.0,1,0.5184890166719313,1,0.3006336886615039,6.012241328500798,0.03701809987729601,0,10.047939808716805,0.32796981898858585
PC2_N3,pc2,push_pos_x,101,20,3,12.0,1,0.516954675647624,1,0.32951384567640685,9.795547998270838,0.03376973788094573,0,10.928127636169402,0.31703295650329183
PC2_N3,pc2,push_pos_x,101,20,4,16.0,1,0.507640020011088,1,0.32896166593633236,8.949772288728898,0.029043349511364818,0,10.099152905830929,0.31984855927885536
PC2_N3,pc2,push_pos_x,101,21,1,4.0,1,0.5370129393327838,1,0.33667165718295355,9.122408303875417,0.03931685529063876,0,10.111084494062748,0.3285920666182105
PC2_N3,pc2,push_pos_x,101,21,2,8.0,1,0.4992201719733116,1,0.34253155491887566,9.076795082167358,0.041541988046908715,0,9.695722588284523,0.32816639446957224
PC2_N3,pc2,push_pos_x,101,21,3,12.0,1,0.4585118366059139,1,0.33559505306781934,8.866784963729915,0.03847966167719544,0,10.008185735081366,0.3193970005461239
PC2_N3,pc2,push_pos_x,101,21,4,16.0,1,0.4989571231532776,1,0.3281154822219502,9.544437153295327,0.034345675212232044,0,9.817764049374121,0.3193734232435889
PC2_N3,pc2,push_pos_x,101,22,1,4.0,1,0.4610503903893253,1,0.3312229644009136,7.950170056793694,0.03531107625864903,0,11.083987962770307,0.33480176632417075
PC2_N3,pc2,push_pos_x,101,22,2,8.0,1,0.5717472443737955,1,0.2662527698246553,6.4400664089701785,0.08008918091507997,0,6.128039215892626,0.2419854628051666
PC2_N3,pc2,push_pos_x,101,22,3,12.0,1,0.4374532858736663,1,0.29691258997203196,4.915305191673838,0.034358375754024964,0,6.062103628418479,0.29349792067379876
PC2_N3,pc2,push_pos_x,101,22,4,16.0,1,0.5267766698466777,1,0.2879996305321627,5.933741077985843,0.04190616288445351,0,7.368999451086491,0.28679357668295263
PC2_N3,pc2,push_pos_x,101,23,1,4.0,1,0.4493182680661324,1,0.3201647161799956,8.181233370230565,0.03489146628030153,0,11.407275749108118,0.3236939738141024
PC2_N3,pc2,push_pos_x,101,23,2,8.0,1,0.4618520328660185,1,0.35353583926185567,7.237169362777763,0.04303759678919478,0,11.848093333926979,0.3321775408352123
PC2_N3,pc2,push_pos_x,101,23,3,12.0,1,0.48213312590191243,1,0.3499995789585266,10.01103109464001,0.0343860214556025,0,12.795935281929962,0.3419745924638554
PC2_N3,pc2,push_pos_x,101,23,4,16.0,1,0.4373570891672948,1,0.3435556904517393,9.676056770200306,0.03657644190748904,0,11.214189352333277,0.33299263275880864
PC2_N3,pc2,push_pos_x,101,24,1,4.0,1,0.5050359300963192,1,0.34605316722138046,7.751838307440382,0.025201013001733025,0,10.299155763691058,0.33080311653448297
PC2_N3,pc2,push_pos_x,101,24,2,8.0,1,0.47823776334375867,1,0.34431765296242456,10.405945223985578,0.02761586716006562,0,10.53969150132317,0.3160163844651717
PC2_N3,pc2,push_pos_x,101,24,3,12.0,1,0.5137008395872833,1,0.3463634929076873,10.239048387550852,0.033055275613229636,0,13.697598088360278,0.31409014195681895
PC2_N3,pc2,push_pos_x,101,24,4,16.0,1,0.514133418351457,1,0.3472097189349924,10.540682744222197,0.03260624188852109,0,18.607978620215146,0.30670079413582296
PC2_N3,pc2,push_pos_x,101,25,1,4.0,1,0.4739974043817589,1,0.3117171888523561,8.21850264984326,0.022512222488605446,0,8.980322858193416,0.3017721800880636
PC2_N3,pc2,push_pos_x,101,25,2,8.0,1,0.5116139862920516,1,0.32455406166652945,9.379988444165974,0.029108062164180354,0,10.521771693835143,0.3067990649830211
PC2_N3,pc2,push_pos_x,101,25,3,12.0,1,0.5424636835669695,1,0.3288858392659355,7.778363325249876,0.039713436257541396,0,9.495500072145166,0.32461002692181795
PC2_N3,pc2,push_pos_x,101,25,4,16.0,1,0.5232977096041412,1,0.33344754401375265,8.272711094312342,0.0361101292401481,0,8.6859105475278,0.31733294030561804
PC2_N3,pc2,push_pos_x,101,26,1,4.0,1,0.49652449881527744,1,0.32874629562870067,7.580686256999634,0.030141191332411603,0,9.695256188750708,0.30718397616065124
PC2_N3,pc2,push_pos_x,101,26,2,8.0,1,0.448387269658571,1,0.34799722052194215,9.50743711267489,0.03587317118893177,0,11.286867566531049,0.33081132316971845
PC2_N3,pc2,push_pos_x,101,26,3,12.0,1,0.5290193555745345,1,0.35368717840329844,11.15850083115544,0.025656233795715293,0,12.895258602439226,0.31135102245896895
PC2_N3,pc2,push_pos_x,101,26,4,16.0,1,0.4914236289120445,1,0.34858721837321704,10.273560181403141,0.03694120634638909,0,12.301805670144338,0.31463688691669606
PC2_N3,pc2,push_pos_x,101,27,1,4.0,1,0.4757989870788051,1,0.31522904942061175,8.190993013002124,0.03611298928929477,0,9.408428188213058,0.31077237881441167
PC2_N3,pc2,push_pos_x,101,27,2,8.0,1,0.5215627576485767,1,0.3327276482779712,8.805791195920483,0.03370508303299462,0,10.777128366386549,0.3238794535876595
PC2_N3,pc2,push_pos_x,101,27,3,12.0,1,0.4374472929864317,1,0.3273092023829088,11.174705839244531,0.030457476037761593,0,12.57748847157598,0.3192567967157313
PC2_N3,pc2,push_pos_x,101,27,4,16.0,1,0.5095163437944034,1,0.32733258437664114,6.5828156869112675,0.03560870142569825,0,10.499961906384103,0.3275187563768683
PC2_N3,pc2,push_pos_x,101,28,1,4.0,1,0.4483120794617622,1,0.32244044430753127,7.0387768949834015,0.028843153518170482,0,9.036463499527304,0.3154902628717575
PC2_N3,pc2,push_pos_x,101,28,2,8.0,1,0.5288799966431643,1,0.3421521085628214,9.273525017247827,0.02940773887646056,0,9.849917129520442,0.3297727256216467
PC2_N3,pc2,push_pos_x,101,28,3,12.0,1,0.5264144977974801,1,0.35372668560494713,9.530996629252193,0.0377100901235933,0,10.21106950463443,0.2638087036775395
PC2_N3,pc2,push_pos_x,101,28,4,16.0,1,0.5703793770616662,1,0.30698655481963233,6.3196096967675635,0.034397836358602205,0,7.410394611418509,0.31027558908105535
PC2_N3,pc2,push_pos_x,101,29,1,4.0,1,0.5479127062842515,1,0.3455875861772242,8.762759650355452,0.037257664082155875,0,10.444986141350617,0.33651590889150446
PC2_N3,pc2,push_pos_x,101,29,2,8.0,1,0.5543675317651809,1,0.3292318969008757,9.945036642693859,0.03201057618862214,0,9.436006199805174,0.2944860399406862
PC2_N3,pc2,push_pos_x,101,29,3,12.0,1,0.4637392524102708,1,0.3304458647010161,7.6735025878651335,0.03156567271715475,0,7.955765380305999,0.3083013074602035
PC2_N3,pc2,push_pos_x,101,29,4,16.0,1,0.48546921970649387,1,0.33069743893363257,7.602480411171612,0.03248724217888814,0,8.61347256364678,0.31923770649547883
PC2_N3,pc2,push_pos_x,101,30,1,4.0,1,0.49061642006881834,1,0.3387154824434117,9.834629902381039,0.03301096763380472,0,11.609516508630758,0.3376647700919187
PC2_N3,pc2,push_pos_x,101,30,2,8.0,1,0.4741428570582586,1,0.34466780499022276,9.762562766783677,0.03831785349136571,0,10.168271583276042,0.3408203829418529
PC2_N3,pc2,push_pos_x,101,30,3,12.0,1,0.5129500269846307,1,0.35039624516020484,9.675118178058218,0.03153172884250495,0,11.178679444864223,0.33814557111837007
PC2_N3,pc2,push_pos_x,101,30,4,16.0,1,0.5268037581125505,1,0.3468814081846074,9.612051349283373,0.031498910505169404,0,10.253345341529782,0.34216442130466196
PC2_N3,pc2,push_pos_x,101,31,1,4.0,1,0.4630067783137394,1,0.32665078883821314,7.403157839128603,0.03455741340484861,0,11.227808042441344,0.3315601992734613
PC2_N3,pc2,push_pos_x,101,31,2,8.0,1,0.4217671404611779,1,0.34902784690499944,9.474647619740258,0.037064822816906845,0,10.106414733371306,0.3343341411116289
PC2_N3,pc2,push_pos_x,101,31,3,12.0,1,0.5172958800221329,1,0.3424380590571439,9.415079425662118,0.028056160253175918,0,9.21501135584566,0.32009462621760243
PC2_N3,pc2,push_pos_x,101,31,4,16.0,1,0.4827617992255992,1,0.3363347114885554,9.556610722618917,0.034125849760331964,0,9.81333684703346,0.2928404533926816
PC2_N3,pc2,push_pos_x,202,0,1,4.0,1,0.4733307060789549,1,0.32675735158397556,6.217208310961212,0.04415320967254869,0,8.720666895640754,0.3239825280273662
PC2_N3,pc2,push_pos_x,202,0,2,8.0,1,0.45611687530396783,1,0.3358565199183908,8.480060857984995,0.03622719187716731,0,9.08867221288097,0.3106967390858553
PC2_N3,pc2,push_pos_x,202,0,3,12.0,1,0.5048512700982168,1,0.34684776383287763,8.98771469729748,0.0361141874702601,0,10.419996753991905,0.282532065150572
PC2_N3,pc2,push_pos_x,202,0,4,16.0,1,0.5682924997662907,1,0.317140909280369,4.987734337778898,0.03535449675557075,0,5.896677367478307,0.2841937090942566
PC2_N3,pc2,push_pos_x,202,1,1,4.0,1,0.499521824258418,1,0.32964429099929526,6.766728740665744,0.035536514076627494,0,11.098136977970116,0.3223355482606327
PC2_N3,pc2,push_pos_x,202,1,2,8.0,1,0.4791619592056384,1,0.3124616873614928,9.288988049603581,0.03217613013298913,0,10.595277210316631,0.3107767849363745
PC2_N3,pc2,push_pos_x,202,1,3,12.0,1,0.46398191458005894,1,0.3223968477332018,7.910297779224836,0.04581565716130473,0,10.4817684512112,0.32249165728767926
PC2_N3,pc2,push_pos_x,202,1,4,16.0,1,0.4438162905204748,1,0.32887599860283145,10.170179662266548,0.033155042667194295,0,11.223036337925086,0.31943713104661137
PC2_N3,pc2,push_pos_x,202,2,1,4.0,1,0.5136638462029248,1,0.33512897231680827,8.512872785307483,0.04245698377842877,0,11.20865648575667,0.32970340127613457
PC2_N3,pc2,push_pos_x,202,2,2,8.0,1,0.4760399148334458,1,0.3367187044518517,9.21105458846463,0.03352977722689619,0,12.283760346468947,0.3395760309568701
PC2_N3,pc2,push_pos_x,202,2,3,12.0,1,0.5288889144300711,1,0.3113944959194265,8.324600638094378,0.034249560898545334,0,11.42390915115823,0.3089389085450912
PC2_N3,pc2,push_pos_x,202,2,4,16.0,1,0.5106521088039294,1,0.3474435989550728,9.196023049390142,0.03148245555339477,0,12.505994283505906,0.32821810165828563
PC2_N3,pc2,push_pos_x,202,3,1,4.0,1,0.5537065444590418,1,0.34391604435635126,8.121089671372918,0.034453441837108564,0,11.242531567798276,0.3365116769617254
PC2_N3,pc2,push_pos_x,202,3,2,8.0,1,0.4743904498925005,1,0.3479607090911763,9.371231599378921,0.026959853615768678,0,9.80876734292617,0.34478828597833766
PC2_N3,pc2,push_pos_x,202,3,3,12.0,1,0.4565348887370634,1,0.3331502631386334,8.707791815453168,0.03345380399206731,0,9.722634736588354,0.3310396317492194
PC2_N3,pc2,push_pos_x,202,3,4,16.0,1,0.4468074162277022,1,0.3449171261991409,10.198554530481413,0.03320785456182856,0,9.750804244470825,0.3161279947999964
PC2_N3,pc2,push_pos_x,202,4,1,4.0,1,0.45247042933794135,1,0.33120123826883696,9.17264725065312,0.03391647519526217,0,9.634841937930474,0.32686495780944824
PC2_N3,pc2,push_pos_x,202,4,2,8.0,1,0.5127252628306735,1,0.35297186441600004,10.061123733690962,0.02598768167863204,0,17.86969564715105,0.2822960551409798
PC2_N3,pc2,push_pos_x,202,4,3,12.0,1,0.5350771731768502,1,0.31272871624977194,7.88276892548588,0.03782168913711155,0,10.218772390829722,0.3119672991056493
PC2_N3,pc2,push_pos_x,202,4,4,16.0,1,0.5134439656741185,1,0.34600076860285056,9.857091368239168,0.04471076391476235,0,17.583838652821584,0.29045654602229276
PC2_N3,pc2,push_pos_x,202,5,1,4.0,1,0.5340246624325268,1,0.33558815614106186,7.854614460403246,0.02999569571470052,0,10.117949058187689,0.3267977395478417
PC2_N3,pc2,push_pos_x,202,5,2,8.0,1,0.5090723642910504,1,0.3376714744191756,9.279298742471589,0.03276886913445739,0,12.220128890457573,0.30461755139942476
PC2_N3,pc2,push_pos_x,202,5,3,12.0,1,0.49461195068604313,1,0.33952251076698303,8.920175073714434,0.034910561300114565,0,17.703026338624028,0.27670331769448553
PC2_N3,pc2,push_pos_x,202,5,4,16.0,1,0.5322510081712428,1,0.31445367713981776,9.700850044835981,0.034636734746446185,0,10.327578046686604,0.30250344126619755
PC2_N3,pc2,push_pos_x,202,6,1,4.0,1,0.4780119456814171,1,0.3378021288364329,7.536359358130067,0.029642947348951537,0,12.129348513843718,0.32418731795275274
PC2_N3,pc2,push_pos_x,202,6,2,8.0,1,0.45776965035294725,1,0.33435929482952154,9.614327670248151,0.02819174725626363,0,10.826983613685597,0.33363637471581525
PC2_N3,pc2,push_pos_x,202,6,3,12.0,1,0.5047820697964395,1,0.35201632362954755,10.326070318963811,0.03188253778848136,0,11.953979852769308,0.3381805639853452
PC2_N3,pc2,push_pos_x,202,6,4,16.0,1,0.4792636448529801,1,0.3421382401238151,9.831227300703116,0.029552290431709337,0,11.452650661699305,0.3320357687970534
PC2_N3,pc2,push_pos_x,202,7,1,4.0,1,0.51879601199521,1,0.3391248049104915,8.748551564265306,0.04125128452806843,0,11.1147309286973,0.33575920912033735
PC2_N3,pc2,push_pos_x,202,7,2,8.0,1,0.5335847058832045,1,0.33883600470854003,10.308376345403355,0.028603200324460062,0,12.604465878710696,0.3346775910433601
PC2_N3,pc2,push_pos_x,202,7,3,12.0,1,0.5076334601498758,1,0.34087854034122933,10.594812645275047,0.029054448378809855,0,11.025230621668188,0.3345580077107577
PC2_N3,pc2,push_pos_x,202,7,4,16.0,1,0.4927840940558465,1,0.33596239856538923,10.22702723940975,0.026066298586030344,0,11.100868862716663,0.3275276932486876
PC2_N3,pc2,push_pos_x,202,8,1,4.0,1,0.562720883152845,1,0.32779459631379276,6.6948758665991495,0.02118992237920938,0,11.522733372731556,0.3117786708043858
PC2_N3,pc2,push_pos_x,202,8,2,8.0,1,0.47937456811081397,1,0.33318826540268676,8.60534835596658,0.0390526819909401,0,8.249573529458207,0.2907512930625263
PC2_N3,pc2,push_pos_x,202,8,3,12.0,1,0.4946041635290842,1,0.3443958152902318,10.527986389324003,0.0335933746561506,0,11.191830546585079,0.3354843932995822
PC2_N3,pc2,push_pos_x,202,8,4,16.0,1,0.5217578177405258,1,0.3429011324032105,8.159660915132298,0.034179154189826505,0,8.329281559478229,0.3034417495370549
PC2_N3,pc2,push_pos_x,202,9,1,4.0,1,0.4507787936290796,1,0.34224028622402863,9.234057693196972,0.03013500637412716,0,10.676912118176629,0.3327781774780967
PC2_N3,pc2,push_pos_x,202,9,2,8.0,1,0.5306657497859723,1,0.34702255628644463,9.984338065074994,0.03991724418988128,0,16.771204853285173,0.32105949489190616
PC2_N3,pc2,push_pos_x,202,9,3,12.0,1,0.5046349136269868,1,0.3348265237667981,9.99530966507274,0.026100004783468425,0,11.402612724243363,0.31848729246440416
PC2_N3,pc2,push_pos_x,202,9,4,16.0,1,0.5452683597579709,1,0.33379523519844934,9.469274676854003,0.040024824515734456,0,9.841129360139595,0.3206480441883924
PC2_N3,pc2,push_pos_x,202,10,1,4.0,1,0.4274032853410717,1,0.32861580042278066,7.573686321930481,0.0366297431345566,0,10.918251423194404,0.32531555275866053
PC2_N3,pc2,push_pos_x,202,10,2,8.0,1,0.5100516524128536,1,0.33501558643292617,10.362940490617563,0.04088538499233843,0,10.988060808973827,0.3355977555965995
PC2_N3,pc2,push_pos_x,202,10,3,12.0,1,0.5245452074706382,1,0.3436358405307015,9.79249487153415,0.03720239796900254,0,10.302879869424423,0.3307571501974116
PC2_N3,pc2,push_pos_x,202,10,4,16.0,1,0.48154434291672715,1,0.3353023309121157,10.219298789413747,0.03133428394698046,0,10.976982474011583,0.32323751315713567
PC2_N3,pc2,push_pos_x,202,11,1,4.0,1,0.46122985927257143,1,0.3440065611014392,8.275677725712374,0.026465517126948928,0,12.094077496543918,0.3333362385550922
PC2_N3,pc2,push_pos_x,202,11,2,8.0,1,0.4989952804612207,1,0.34027110406740463,10.346960836359283,0.02535012762536125,0,11.486312827365563,0.328643460484112
PC2_N3,pc2,push_pos_x,202,11,3,12.0,1,0.44118137087832315,1,0.34400721444165644,8.91759844452272,0.03235169000710626,0,10.993828646565376,0.32993485551466917
PC2_N3,pc2,push_pos_x,202,11,4,16.0,1,0.47525353310573687,1,0.3403995752653336,9.749527170411145,0.036901402841958676,0,11.286082345548206,0.33404701358494276
PC2_N3,pc2,push_pos_x,202,12,1,4.0,1,0.4970491559009971,1,0.34572962802999163,10.096771342759148,0.03143856743051642,0,11.563181499452899,0.3176651939670032
PC2_N3,pc2,push_pos_x,202,12,2,8.0,1,0.48292858147627293,1,0.3474761202214236,11.642224751534973,0.03398173657803907,0,13.157767383828645,0.31658509756154557
PC2_N3,pc2,push_pos_x,202,12,3,12.0,1,0.4791633078416421,1,0.346552560912734,10.306311811595425,0.027093217472417948,0,10.359816997197768,0.3282816660276709
PC2_N3,pc2,push_pos_x,202,12,4,16.0,1,0.4299606551445589,1,0.33782319031297203,8.547226341567768,0.031154401697200497,0,10.5386645894965,0.3276163830476649
PC2_N3,pc2,push_pos_x,202,13,1,4.0,1,0.4803368320823006,1,0.3266414374431824,7.503858367743128,0.03264986197509749,0,9.307763303005704,0.3234476485354378
PC2_N3,pc2,push_pos_x,202,13,2,8.0,1,0.5167019069873924,1,0.3357468003576452,10.398168403372331,0.03128678324646712,0,11.471932459859973,0.3390636788332526
PC2_N3,pc2,push_pos_x,202,13,3,12.0,1,0.5032074121716492,1,0.3354247151052251,10.179837105395618,0.0363288539609011,0,10.441142570817581,0.32584492663011194
PC2_N3,pc2,push_pos_x,202,13,4,16.0,1,0.5453454914695254,1,0.34136546311531474,9.49651244964457,0.043198494530201706,0,10.874441017914707,0.335692766197225
PC2_N3,pc2,push_pos_x,202,14,1,4.0,1,0.5313146077169723,1,0.3228786805256165,6.709375140346074,0.03524067908008806,0,10.293022409750336,0.31733436731093706
PC2_N3,pc2,push_pos_x,202,14,2,8.0,1,0.5042490643073606,1,0.3364837732225816,9.60949994114213,0.026487301494978216,0,11.315343379954237,0.31231681898953445
PC2_N3,pc2,push_pos_x,202,14,3,12.0,1,0.5391493124114252,1,0.3415541679942034,8.293974661782734,0.035670105174147586,0,10.914085629905482,0.29574276578617603
PC2_N3,pc2,push_pos_x,202,14,4,16.0,1,0.477064225445732,1,0.3545762431972167,10.09835314587885,0.034071606988843865,0,19.261819870263736,0.25571113729221934
PC2_N3,pc2,push_pos_x,202,15,1,4.0,1,0.4825107865808284,1,0.33320093577239607,7.63996450713298,0.03368601499319261,0,11.581788474714209,0.33863521992841505
PC2_N3,pc2,push_pos_x,202,15,2,8.0,1,0.5112842868022485,1,0.3474996265243081,10.034376578358877,0.033689639521775575,0,11.360491164144351,0.3431207104162736
PC2_N3,pc2,push_pos_x,202,15,3,12.0,1,0.5447076266720378,1,0.34742116394208716,9.274892515251228,0.03293598650855379,0,23.128568344323238,0.23956757114532798
PC2_N3,pc2,push_pos_x,202,15,4,16.0,1,0.5322923280253474,1,0.32733964083347733,6.149181093436593,0.03716193873152146,0,7.1697907509993515,0.3097405924516566
PC2_N3,pc2,push_pos_x,202,16,1,4.0,1,0.5307402458017932,1,0.33759168380084525,8.553764382952368,0.03416729140131054,0,11.468137059538018,0.3317432682463192
PC2_N3,pc2,push_pos_x,202,16,2,8.0,1,0.5302076316895852,1,0.34050452294834155,10.000557789621887,0.03145612575301171,0,11.856373828469922,0.339463849437428
PC2_N3,pc2,push_pos_x,202,16,3,12.0,1,0.5284684285609433,1,0.34255973110224475,9.83579008698061,0.032969332032093214,0,12.62568512356292,0.32824070648076065
PC2_N3,pc2,push_pos_x,202,16,4,16.0,1,0.4813550563526077,1,0.3525895364781752,10.029601914197304,0.028813462043343584,0,11.349823875772648,0.3368733783456731
PC2_N3,pc2,push_pos_x,202,17,1,4.0,1,0.48871550976021616,1,0.3229390557277649,6.727434820035197,0.03301648074956373,0,9.270272609559598,0.3372468130792526
PC2_N3,pc2,push_pos_x,202,17,2,8.0,1,0.5060858474065323,1,0.3403260109418216,9.090528986445252,0.028248735794590595,0,11.925174076606066,0.3411016483357883
PC2_N3,pc2,push_pos_x,202,17,3,12.0,1,0.42631593080541647,1,0.35013866599868326,9.207650781678545,0.029686719849378297,0,11.136411551872074,0.34340218171716375
PC2_N3,pc2,push_pos_x,202,17,4,16.0,1,0.5556495597375627,1,0.34498010049847994,9.57699749351183,0.03476344628482602,0,10.837777509662718,0.310559539233937
PC2_N3,pc2,push_pos_x,202,18,1,4.0,1,0.5444761102511203,1,0.32760649871698677,6.793016020990372,0.031769478087235,0,9.778430918381718,0.3293497406225154
PC2_N3,pc2,push_pos_x,202,18,2,8.0,1,0.45080061721365056,1,0.3489215703093432,10.502078720520153,0.023587570445448045,0,19.940634863875207,0.31366667215199395
PC2_N3,pc2,push_pos_x,202,18,3,12.0,1,0.5309586765091721,1,0.34533122054395826,10.1781610853334,0.036245940980907554,0,12.863543677608888,0.31374452745213227
PC2_N3,pc2,push_pos_x,202,18,4,16.0,1,0.5337188232749962,1,0.3318328751440354,9.786588667900816,0.03328956643645441,0,10.158304266718355,0.3194540015516434
PC2_N3,pc2,push_pos_x,202,19,1,4.0,1,0.5757345882445439,1,0.3267781813355053,8.68693720146998,0.038968218240944735,0,12.80684769416956,0.3264151604417811
PC2_N3,pc2,push_pos_x,202,19,2,8.0,1,0.4614601160707127,1,0.3485234138321749,7.389591003840149,0.033016606084936354,0,11.819833527097707,0.32478810966333604
PC2_N3,pc2,push_pos_x,202,19,3,12.0,1,0.4732614787168087,1,0.3308627159997104,10.00209661895612,0.029433157044144113,0,12.596372361294264,0.32735351333643664
PC2_N3,pc2,push_pos_x,202,19,4,16.0,1,0.5040271679679011,1,0.3387028984526262,11.504618339007752,0.03684949225212934,0,11.640835783418144,0.3337654060220973
PC2_N3,pc2,push_pos_x,202,20,1,4.0,1,0.5416662282350735,1,0.3131825201173517,6.266034144765179,0.03250497289811669,0,11.711742412041884,0.29507148090530844
PC2_N3,pc2,push_pos_x,202,20,2,8.0,1,0.49543079404609175,1,0.33478528085876913,9.388225858022928,0.03673931767557821,0,13.580868746753973,0.3132532803132572
PC2_N3,pc2,push_pos_x,202,20,3,12.0,1,0.4904925695965743,1,0.3514170958237215,8.398368131477781,0.02806720756093,0,13.777785017180317,0.3149182670575412
PC2_N3,pc2,push_pos_x,202,20,4,16.0,1,0.4825116744513404,1,0.3503759914540989,9.462195325265776,0.02883829618907724,0,13.061192354870132,0.3255230484799268
PC2_N3,pc2,push_pos_x,202,21,1,4.0,1,0.47316502177685416,1,0.3454778616759866,8.934171901645964,0.03907842493721037,0,9.803794610548001,0.3424401455384525
PC2_N3,pc2,push_pos_x,202,21,2,8.0,1,0.45599583554862394,1,0.3531512698547088,10.70402641891662,0.038993073732109404,0,11.497026488798666,0.3375079411873843
PC2_N3,pc2,push_pos_x,202,21,3,12.0,1,0.5022652015329571,1,0.342773235338257,8.83410789973864,0.02775806494139623,0,11.679514140585784,0.32562588848532203
PC2_N3,pc2,push_pos_x,202,21,4,16.0,1,0.5103588667396726,1,0.3434886842328597,7.697481182471913,0.028011221907643026,0,9.801066567597546,0.33867834867003127
PC2_N3,pc2,push_pos_x,202,22,1,4.0,1,0.4832858143755726,1,0.3184570921933587,6.94595178891378,0.03220869611651175,0,8.667982005799779,0.307568898972343
PC2_N3,pc2,push_pos_x,202,22,2,8.0,1,0.5058139230862626,1,0.32668905661386605,8.54737837990066,0.028022843171370077,0,8.78431571164383,0.3187820390265256
PC2_N3,pc2,push_pos_x,202,22,3,12.0,1,0.4638662301111449,1,0.33439155217798,8.320107240463537,0.03287987246334419,0,8.234803770443836,0.3149454984116682
PC2_N3,pc2,push_pos_x,202,22,4,16.0,1,0.509288421522504,1,0.33227270873472653,6.512086780057084,0.03517252259271324,0,9.079392704203547,0.3164019291413659
PC2_N3,pc2,push_pos_x,202,23,1,4.0,1,0.4784404810079147,1,0.32753440865220873,9.993820360850979,0.035248231243899225,0,11.405376225323852,0.31442957000936417
PC2_N3,pc2,push_pos_x,202,23,2,8.0,1,0.4684892798482084,1,0.3496296508586343,10.647265958741137,0.04253923735874769,0,12.021180216989473,0.3211528735364822
PC2_N3,pc2,push_pos_x,202,23,3,12.0,1,0.5188325985792642,1,0.3414033288783568,10.73952261655063,0.025886151698751032,0,11.054549886163421,0.3203125044623798
PC2_N3,pc2,push_pos_x,202,23,4,16.0,1,0.485627987356392,1,0.33908165417571756,9.823429810713542,0.02776315480810559,0,13.21736026160675,0.29065791043368255
PC2_N3,pc2,push_pos_x,202,24,1,4.0,1,0.4993103656177232,1,0.3367690537224479,10.29906024351062,0.033056895103896505,0,10.684227543743411,0.33196634596044367
PC2_N3,pc2,push_pos_x,202,24,2,8.0,1,0.47422645181014017,1,0.3318172520335345,8.626141134848094,0.033346413181534855,0,9.754352523404327,0.3240775826143071
PC2_N3,pc2,push_pos_x,202,24,3,12.0,1,0.5151262258623801,1,0.33659776359955895,10.333722477630406,0.02686066101670547,0,11.40661958527188,0.322777276689356
PC2_N3,pc2,push_pos_x,202,24,4,16.0,1,0.5360179099247416,1,0.33829044498861793,10.804694588942251,0.0301057925052269,0,11.639871009033222,0.32203101936508627
PC2_N3,pc2,push_pos_x,202,25,1,4.0,1,0.5520981010218268,1,0.3111572319014187,6.980136887440793,0.029402297969614136,0,11.38401098472398,0.29619462541080416
PC2_N3,pc2,push_pos_x,202,25,2,8.0,1,0.5132123105676238,1,0.3397636823156938,8.96189311701498,0.02584456152854333,0,11.763230405786874,0.32842322403096896
PC2_N3,pc2,push_pos_x,202,25,3,12.0,1,0.5186015948288965,1,0.3377448778579579,10.82022860970119,0.029076496523720893,0,13.487957709941728,0.31132621561142215
PC2_N3,pc2,push_pos_x,202,25,4,16.0,1,0.4938261888336772,1,0.34262630829517854,8.944740323958214,0.031586654226222644,0,11.896929084290566,0.3221276974614291
PC2_N3,pc2,push_pos_x,202,26,1,4.0,1,0.5165992366046933,1,0.3290813070408163,8.294424827971268,0.039538266266292685,0,10.847090970161563,0.326692352957904
PC2_N3,pc2,push_pos_x,202,26,2,8.0,1,0.49763667263066125,1,0.3486431089633289,10.113003526802332,0.035054403458947184,0,10.191767788788269,0.3458969239245124
PC2_N3,pc2,push_pos_x,202,26,3,12.0,1,0.4584597980123768,1,0.345811181288352,10.025776160403163,0.0310703307852925,0,12.339847988032702,0.3385259225406749
PC2_N3,pc2,push_pos_x,202,26,4,16.0,1,0.547756791257943,1,0.3465892707600313,10.341550378422323,0.039716395239334124,0,10.664241212889307,0.3363431053046874
PC2_N3,pc2,push_pos_x,202,27,1,4.0,1,0.4969212682700259,1,0.32345686207480606,6.938677474283699,0.04077552269182293,0,11.535531466601016,0.3241388684606807
PC2_N3,pc2,push_pos_x,202,27,2,8.0,1,0.5195422738055655,1,0.33598317429024904,9.542255429128243,0.034033856796847436,0,10.98970906767022,0.32618898934221524
PC2_N3,pc2,push_pos_x,202,27,3,12.0,1,0.5246858462488391,1,0.34130832839777125,10.004562130027672,0.025755910385099723,0,11.566315939065568,0.3253687768377722
PC2_N3,pc2,push_pos_x,202,27,4,16.0,1,0.5111268457987479,1,0.35247122643784407,10.063009975273207,0.031071870673178188,0,12.821260255270001,0.3358116436769618
PC2_N3,pc2,push_pos_x,202,28,1,4.0,1,0.4516755160269177,1,0.33155292551466486,7.529599596944031,0.031382912249006356,0,10.546727853895383,0.33293566251183576
PC2_N3,pc2,push_pos_x,202,28,2,8.0,1,0.5053128645536589,1,0.33921529655469296,10.85302321008324,0.027401492281849717,0,11.152207713300372,0.3277063902049141
PC2_N3,pc2,push_pos_x,202,28,3,12.0,1,0.4681179597072302,1,0.3445540649049422,9.647654271567292,0.0288557546131275,0,10.644347211513232,0.3267005460466293
PC2_N3,pc2,push_pos_x,202,28,4,16.0,1,0.5211690256898622,1,0.3469162225563896,9.396160191401705,0.03171438609796719,0,12.109406045415374,0.3145767034375094
PC2_N3,pc2,push_pos_x,202,29,1,4.0,1,0.4868576397287889,1,0.32201579348607495,7.495271873166376,0.039273558357529104,0,9.803072554690818,0.3207017138680035
PC2_N3,pc2,push_pos_x,202,29,2,8.0,1,0.519929680534166,1,0.33683147094147725,10.591281065101995,0.04234290148368462,0,11.207356310085558,0.32519765094639785
PC2_N3,pc2,push_pos_x,202,29,3,12.0,1,0.530296769676735,1,0.3487265055032975,8.03265385476669,0.03801980503525959,0,11.41162620931281,0.3296080502596768
PC2_N3,pc2,push_pos_x,202,29,4,16.0,1,0.5394524783501066,1,0.3379848204194543,9.071552303888016,0.0358197973464352,0,12.089121354945906,0.3348885957888741
PC2_N3,pc2,push_pos_x,202,30,1,4.0,1,0.44218696964138327,1,0.32224934352910456,7.311918420329664,0.0429623904514002,0,9.585131562766275,0.31847529822492343
PC2_N3,pc2,push_pos_x,202,30,2,8.0,1,0.5154058895385177,1,0.3472560378797551,9.939558113771284,0.03041256280552033,0,12.236590979999708,0.29276391082906467
PC2_N3,pc2,push_pos_x,202,30,3,12.0,1,0.5042881129247149,1,0.34692734169131295,10.592878069517361,0.0318324907986695,0,11.828316791310021,0.29198483190434504
PC2_N3,pc2,push_pos_x,202,30,4,16.0,1,0.4534533426255705,1,0.3365145818913047,6.439515169458655,0.03375543004826684,0,9.904626076858284,0.32108624829328
PC2_N3,pc2,push_pos_x,202,31,1,4.0,1,0.4538260860835461,1,0.33951449967960623,8.699110503042142,0.042779233506725405,0,11.511940641179326,0.3235049730634944
PC2_N3,pc2,push_pos_x,202,31,2,8.0,1,0.529224924653614,1,0.34345539726994256,10.143828920448598,0.04542969002407361,0,15.302551394758078,0.29798458094265373
PC2_N3,pc2,push_pos_x,202,31,3,12.0,1,0.5113605285341493,1,0.34137615282586553,11.143140892762354,0.03064984430964736,0,12.563601604353394,0.31885543624985024
PC2_N3,pc2,push_pos_x,202,31,4,16.0,1,0.4963210302131501,1,0.3470892375484507,9.65559604263478,0.030278071201464085,0,11.839241197869564,0.3356366312121325
PC2_N3,pc2,push_pos_x,303,0,1,4.0,1,0.47116352854819377,1,0.33360613284901497,9.725516804355163,0.043166827474845564,0,10.480172691142503,0.3319663051615424
PC2_N3,pc2,push_pos_x,303,0,2,8.0,1,0.47538795069069545,1,0.3487837403853309,9.799189901798155,0.03277385479422652,0,12.040333489174197,0.34805745492007006
PC2_N3,pc2,push_pos_x,303,0,3,12.0,1,0.5093715301521897,1,0.346979246898131,10.36033233552364,0.03792455091865751,0,12.281031226951113,0.3494691821661862
PC2_N3,pc2,push_pos_x,303,0,4,16.0,1,0.578658207612673,1,0.33900353169058733,10.288740069952308,0.025828024213807282,0,12.412522341336105,0.33923205557991476
PC2_N3,pc2,push_pos_x,303,1,1,4.0,1,0.49738878531690556,1,0.3317243542103844,9.39698216320419,0.03531693861416771,0,9.183673717804965,0.32772811466359836
PC2_N3,pc2,push_pos_x,303,1,2,8.0,1,0.5060544093709439,1,0.34097534967935017,8.581444043731148,0.027697444829654645,0,8.173105916432082,0.324899822473526
PC2_N3,pc2,push_pos_x,303,1,3,12.0,1,0.5189053943045343,1,0.33491737590754095,7.939848918104754,0.04477412113083047,0,8.84324602703293,0.30959887619324544
PC2_N3,pc2,push_pos_x,303,1,4,16.0,1,0.5254247571709116,1,0.32384384929496335,7.408413950969164,0.034151467058922545,0,9.938024664212428,0.31270760441208906
PC2_N3,pc2,push_pos_x,303,2,1,4.0,1,0.5446486311018054,1,0.3289148050514772,8.267024790200566,0.032936942365307725,0,13.845363172052993,0.30363010547377844
PC2_N3,pc2,push_pos_x,303,2,2,8.0,1,0.4853779373085397,1,0.3300611901888873,9.478820363013906,0.03462412150794325,0,10.716801225484376,0.32893260915011646
PC2_N3,pc2,push_pos_x,303,2,3,12.0,1,0.5236951031817559,1,0.34397203694371614,8.298952902726192,0.031195896643586477,0,11.58476489589032,0.3245074991236396
PC2_N3,pc2,push_pos_x,303,2,4,16.0,1,0.48847286443524524,1,0.34390934544769836,10.626777352435465,0.03535609914788579,0,11.936456932335382,0.32851766105641655
PC2_N3,pc2,push_pos_x,303,3,1,4.0,1,0.5274275347689088,1,0.3332877933660293,9.356259222428621,0.02979940476422615,0,12.304898827172517,0.3266203392316951
PC2_N3,pc2,push_pos_x,303,3,2,8.0,1,0.43450004508087753,1,0.3484559393821553,9.23486702278229,0.04122432779682668,0,10.856976739520885,0.34273738593341196
PC2_N3,pc2,push_pos_x,303,3,3,12.0,1,0.49769696549788184,1,0.3443112209997075,10.140006883305565,0.03818270279758017,0,14.302381162392598,0.3400849070459764
PC2_N3,pc2,push_pos_x,303,3,4,16.0,1,0.551703785757689,1,0.3513864750530631,10.186628156674777,0.028805911449530548,0,21.077742783940476,0.31996581579912153
PC2_N3,pc2,push_pos_x,303,4,1,4.0,1,0.5167229689366588,1,0.3348670015360582,7.662176685307065,0.03479066685742227,0,11.020836806734192,0.3351975958296322
PC2_N3,pc2,push_pos_x,303,4,2,8.0,1,0.47114470779625983,1,0.3306698573623749,9.361589339150314,0.034625358307540335,0,10.585280066086435,0.3283463275050097
PC2_N3,pc2,push_pos_x,303,4,3,12.0,1,0.48791521327847104,1,0.3418549951863161,9.466147443489273,0.026683658850552856,0,10.675197712756251,0.3338687354549367
PC2_N3,pc2,push_pos_x,303,4,4,16.0,1,0.5124711832302984,1,0.34192816578449414,10.627563320773175,0.04589769288816563,0,11.231438108879713,0.33374094469024534
PC2_N3,pc2,push_pos_x,303,5,1,4.0,1,0.46905771004083147,1,0.32797265188260516,7.889097967805174,0.036879288733003,0,10.71367869327568,0.3256063395961721
PC2_N3,pc2,push_pos_x,303,5,2,8.0,1,0.515035191066197,1,0.3410804633469505,9.84730086658476,0.031129509306688466,0,10.528838576077227,0.3242931748456496
PC2_N3,pc2,push_pos_x,303,5,3,12.0,1,0.4750942660783774,1,0.3336749526268658,9.48115274250813,0.03716591127099243,0,10.945407812245223,0.3247382677493886
PC2_N3,pc2,push_pos_x,303,5,4,16.0,1,0.5292247671797122,1,0.3322085562874289,9.432033182697683,0.04286543501528271,0,9.911056772205727,0.3236440001005795
PC2_N3,pc2,push_pos_x,303,6,1,4.0,1,0.5050584259823147,1,0.32998753398816216,7.895665678598787,0.032758306728178685,0,10.247568800877577,0.3302409537335768
PC2_N3,pc2,push_pos_x,303,6,2,8.0,1,0.5750096968955413,1,0.3420507118185574,9.753726586458217,0.039519624057103894,0,10.393944764200237,0.3305579100381882
PC2_N3,pc2,push_pos_x,303,6,3,12.0,1,0.5010455439337568,1,0.34765847911809217,9.483598908724648,0.035970312508934725,0,10.183407279740958,0.3326873259748367
PC2_N3,pc2,push_pos_x,303,6,4,16.0,1,0.47653273607117874,1,0.34539652922574215,10.32211158055153,0.03340784883101902,0,11.1852304960539,0.33579456487441445
PC2_N3,pc2,push_pos_x,303,7,1,4.0,1,0.5378565961281772,1,0.34260376323671904,8.448476010190724,0.03654752681857908,0,10.049955717256408,0.3263865965891649
PC2_N3,pc2,push_pos_x,303,7,2,8.0,1,0.5132420515128003,1,0.34763812054606047,7.696020491648554,0.029847483913894586,0,8.864435825861435,0.34118604150047915
PC2_N3,pc2,push_pos_x,303,7,3,12.0,1,0.48701361279515715,1,0.3535874867662389,5.48651253308789,0.025416234514290266,0,7.978015106294735,0.3249017218536234
PC2_N3,pc2,push_pos_x,303,7,4,16.0,1,0.5686626505621886,1,0.3343107671661173,9.92450682472272,0.03177441007133536,0,11.124470246896333,0.31889048824335803
PC2_N3,pc2,push_pos_x,303,8,1,4.0,1,0.5297076279122259,1,0.31975039712248,7.7752657950327695,0.030806985971484013,0,10.408056387519576,0.31989556997217594
PC2_N3,pc2,push_pos_x,303,8,2,8.0,1,0.5048020799684395,1,0.3434773839731267,9.890002438004526,0.02721004686072459,0,11.111736608920207,0.3414207035526235
PC2_N3,pc2,push_pos_x,303,8,3,12.0,1,0.45120668285440096,1,0.3410337172886905,9.276609022108854,0.03493131754272305,0,12.19040638114192,0.33445258111877235
PC2_N3,pc2,push_pos_x,303,8,4,16.0,1,0.5112454868308409,1,0.343963916129607,9.03145869541852,0.024995909381219462,0,10.31940265615862,0.33295711078108314
PC2_N3,pc2,push_pos_x,303,9,1,4.0,1,0.48922046914731226,1,0.33712175592062943,8.728077725444425,0.03506079183200993,0,10.118959879341368,0.33441835849042884
PC2_N3,pc2,push_pos_x,303,9,2,8.0,1,0.5069228293682215,1,0.3377451267153184,10.770504923965584,0.03233947122112718,0,11.342967306629092,0.3362288457505843
PC2_N3,pc2,push_pos_x,303,9,3,12.0,1,0.4898969493431057,1,0.3400490507881909,10.202365010263964,0.025578940195166336,0,10.375870875393312,0.3311861093669014
PC2_N3,pc2,push_pos_x,303,9,4,16.0,1,0.48431481827868567,1,0.3389453062399186,9.470039857564329,0.029940032429683384,0,9.959590369625765,0.33284705319506597
PC2_N3,pc2,push_pos_x,303,10,1,4.0,1,0.5546939093246573,1,0.3358134895881867,8.614086557827907,0.03439528780423419,0,11.108422438677149,0.3300851503795481
PC2_N3,pc2,push_pos_x,303,10,2,8.0,1,0.47116148879566755,1,0.34420597601064384,8.928050604780394,0.04228169986103256,0,11.572292900905158,0.3397427795723798
PC2_N3,pc2,push_pos_x,303,10,3,12.0,1,0.4740852115590501,1,0.3467923503189801,10.012211658168255,0.03130871168078228,0,11.525724836629887,0.34091188515571347
PC2_N3,pc2,push_pos_x,303,10,4,16.0,1,0.49571233135527115,1,0.35123710206804426,9.698516493397278,0.031509372711989725,0,12.18186412560061,0.33485667303921707
PC2_N3,pc2,push_pos_x,303,11,1,4.0,1,0.44170886223455946,1,0.3396031779242072,8.038110896522872,0.03413913807496974,0,10.191613383638106,0.3190549350677327
PC2_N3,pc2,push_pos_x,303,11,2,8.0,1,0.44001444890755015,1,0.34320445653589016,8.304312019455637,0.028461550813127297,0,11.425978026906382,0.32248593779171214
PC2_N3,pc2,push_pos_x,303,11,3,12.0,1,0.4943667507253377,1,0.33894512399951404,7.409110625764113,0.03036416468455825,0,13.724901106503829,0.3100325715414343
PC2_N3,pc2,push_pos_x,303,11,4,16.0,1,0.470424842064748,1,0.34640195471717716,11.78549148060155,0.03897443294484949,0,12.324369740260465,0.32970608141333024
PC2_N3,pc2,push_pos_x,303,12,1,4.0,1,0.48930540838243314,1,0.331912170996003,6.985456699489747,0.03839206431860004,0,9.694789766993795,0.3264516174474502
PC2_N3,pc2,push_pos_x,303,12,2,8.0,1,0.4946644956388381,1,0.3398948632140848,10.285527497301441,0.027708086965967594,0,10.63123070367867,0.3303008165588991
PC2_N3,pc2,push_pos_x,303,12,3,12.0,1,0.54849399844539,1,0.34495167936233273,9.96095248109716,0.027629549621816775,0,11.449021004681402,0.32593952430123313
PC2_N3,pc2,push_pos_x,303,12,4,16.0,1,0.5118826195295664,1,0.32806357135747205,10.268203680978214,0.031248913999139784,0,12.383174930699328,0.32688301769807376
PC2_N3,pc2,push_pos_x,303,13,1,4.0,1,0.46003812167670466,1,0.3352068896918373,7.945765939384514,0.02509819791093877,0,9.844545529597228,0.3205316839689877
PC2_N3,pc2,push_pos_x,303,13,2,8.0,1,0.4861230435142278,1,0.3414803563273527,9.023707677157613,0.037650377977348534,0,14.972361172108677,0.2954370000145652
PC2_N3,pc2,push_pos_x,303,13,3,12.0,1,0.4629149571062078,1,0.3315086061941749,9.657155837911613,0.029972922851006334,0,9.941744146872548,0.3219111239846377
PC2_N3,pc2,push_pos_x,303,13,4,16.0,1,0.46511860158183843,1,0.3414953321537232,8.265917499680983,0.03347380749971343,0,15.446201200774597,0.3118085465966699
PC2_N3,pc2,push_pos_x,303,14,1,4.0,1,0.4958898902943933,1,0.3125303856191788,5.96484578898093,0.03505187337714867,0,9.653412861545746,0.31800212723048615
PC2_N3,pc2,push_pos_x,303,14,2,8.0,1,0.4650729876589276,1,0.33211207636856144,9.108896626287596,0.03228641934366858,0,10.037952221779129,0.328024789611286
PC2_N3,pc2,push_pos_x,303,14,3,12.0,1,0.45151673703348505,1,0.3259436670631011,7.310124245993407,0.0330367722710226,0,10.355486209135876,0.31426714034004005
PC2_N3,pc2,push_pos_x,303,14,4,16.0,1,0.47728736072136313,1,0.29557879476305,4.8032294085559135,0.0696757844416195,0,5.271244697175891,0.25629450277211197
PC2_N3,pc2,push_pos_x,303,15,1,4.0,1,0.44775144083813545,1,0.3347429273759618,7.330811734695361,0.02593040786786905,0,9.407320894106807,0.34082807018795114
PC2_N3,pc2,push_pos_x,303,15,2,8.0,1,0.5014363888303173,1,0.346317501150988,9.69564458720356,0.04062593955311185,0,10.40264853915446,0.3493174767111712
PC2_N3,pc2,push_pos_x,303,15,3,12.0,1,0.5535283476440602,1,0.34665333627060774,9.657952239890282,0.037896576036328594,1,122.86431519817891,0.16313654734170374
PC2_N3,pc2,push_pos_x,303,16,1,4.0,1,0.5036264499705824,1,0.31804474160314244,8.115777917686014,0.044621739869746435,0,11.065106680453114,0.32630475080587007
PC2_N3,pc2,push_pos_x,303,16,2,8.0,1,0.5022274086353395,1,0.34060064452217226,9.623300881007498,0.02858502246278593,0,10.855743771384946,0.33696422124291486
PC2_N3,pc2,push_pos_x,303,16,3,12.0,1,0.48988622695158834,1,0.35187977759595856,9.926740360223612,0.03844242101622469,0,10.755848782246925,0.32776248040683764
PC2_N3,pc2,push_pos_x,303,16,4,16.0,1,0.4817220562022326,1,0.34933116306914364,9.423668438468802,0.03234707723657604,0,10.953264972950537,0.33065543359613675
PC2_N3,pc2,push_pos_x,303,17,1,4.0,1,0.432423666689569,1,0.32773854906227495,7.222117361751582,0.03188606212773806,0,11.932526471882795,0.32542891330260004
PC2_N3,pc2,push_pos_x,303,17,2,8.0,1,0.46091568967258695,1,0.35143053818514003,9.448789134426328,0.0317594256430716,0,11.12714265974587,0.31361070115935996
PC2_N3,pc2,push_pos_x,303,17,3,12.0,1,0.4606104420690376,1,0.3432312793432073,8.249414463390213,0.03448375154397454,0,13.239984486435677,0.3374612951342435
PC2_N3,pc2,push_pos_x,303,17,4,16.0,1,0.5603123449567435,1,0.3424254934736752,9.970608116106398,0.033035775561726766,0,11.79773887686775,0.33107576092934227
PC2_N3,pc2,push_pos_x,303,18,1,4.0,1,0.4615856471775777,1,0.3246381061281112,7.747506100002548,0.03779118309245591,0,8.665466352543929,0.3185360933688873
PC2_N3,pc2,push_pos_x,303,18,2,8.0,1,0.47978508401252346,1,0.3346877418418619,7.009283102181634,0.03349924784618288,0,8.77108960119371,0.3175400036541536
PC2_N3,pc2,push_pos_x,303,18,3,12.0,1,0.4997770786537018,1,0.32398272134403494,8.496264368180348,0.03669512828399227,0,13.046828571712386,0.3016528601952415
PC2_N3,pc2,push_pos_x,303,18,4,16.0,1,0.5117323131317462,1,0.3438348372511685,10.230754307047903,0.03215885061281738,0,11.703731428165126,0.32388908914066256
PC2_N3,pc2,push_pos_x,303,19,1,4.0,1,0.5082260285948195,1,0.3216737437056985,6.208325346879905,0.02931126445090962,0,10.79112755843695,0.3144928020908233
PC2_N3,pc2,push_pos_x,303,19,2,8.0,1,0.518380985948377,1,0.3418900378566375,10.084418455962027,0.027729840607231916,0,11.550618295511155,0.3308678967429992
PC2_N3,pc2,push_pos_x,303,19,3,12.0,1,0.5107431769440479,1,0.334325819570113,8.972601041499612,0.029948485722821758,0,10.529100222394717,0.32450448367047435
PC2_N3,pc2,push_pos_x,303,19,4,16.0,1,0.44405047519428115,1,0.3374825071364163,10.107318943132782,0.024560383923051446,0,10.493869635437377,0.3255980665033514
PC2_N3,pc2,push_pos_x,303,20,1,4.0,1,0.4665620941159463,1,0.325212102841566,6.273620646852976,0.03744528798214022,0,9.989578934923363,0.32208793941028613
PC2_N3,pc2,push_pos_x,303,20,2,8.0,1,0.5640146300435729,1,0.3315174738194216,9.305106579209442,0.03415875426388065,0,7.62635015807984,0.2687656437968188
PC2_N3,pc2,push_pos_x,303,20,3,12.0,1,0.49734590432375847,1,0.297296255587894,9.564987644932245,0.039828329286145506,0,10.169606275841858,0.29034391029633305
PC2_N3,pc2,push_pos_x,303,20,4,16.0,1,0.5039805529484671,1,0.3482082726802418,11.776879667076638,0.0298940896626275,0,13.746863310558481,0.28051510660406104
PC2_N3,pc2,push_pos_x,303,21,1,4.0,1,0.4405070906188485,1,0.3400934733012143,7.880501249016055,0.03091802390675396,0,8.641974606755626,0.334588177541998
PC2_N3,pc2,push_pos_x,303,21,2,8.0,1,0.4831724344995045,1,0.3438762765835951,11.145751827118426,0.02961398189319972,0,11.742859926953795,0.3314547632786042
PC2_N3,pc2,push_pos_x,303,21,3,12.0,1,0.44847489813550445,1,0.3418332104855043,10.477474490016306,0.029644833150566985,0,11.610924951385059,0.33589300879820144
PC2_N3,pc2,push_pos_x,303,21,4,16.0,1,0.5302424811498283,1,0.3543716067458219,7.7055710109791535,0.029589184875395625,0,10.642553653981821,0.3488159568552027
PC2_N3,pc2,push_pos_x,303,22,1,4.0,1,0.445530336734888,1,0.34020471349756987,8.104503703398773,0.043509750384242867,0,11.653539753256641,0.3419697495067821
PC2_N3,pc2,push_pos_x,303,22,2,8.0,1,0.4842252023494742,1,0.34659629837076933,10.336245860307473,0.03305789812142657,0,12.68015961145302,0.34122624881764785
PC2_N3,pc2,push_pos_x,303,22,3,12.0,1,0.5070579277069572,1,0.3487661294439897,9.985658201934541,0.03181930905207306,0,11.875025622062875,0.34595539767474415
PC2_N3,pc2,push_pos_x,303,22,4,16.0,1,0.46775474122791144,1,0.3494751337059041,8.441925411000225,0.03385613054612645,0,12.983290415023243,0.34235520541349196
PC2_N3,pc2,push_pos_x,303,23,1,4.0,1,0.5465464333200958,1,0.3328064156566712,7.367042412429656,0.028413060770378376,0,10.903077492025679,0.33018154766470353
PC2_N3,pc2,push_pos_x,303,23,2,8.0,1,0.4847994593434153,1,0.33192707016506295,10.012507923916838,0.029326041148324572,0,11.487153134555726,0.32303576641541754
PC2_N3,pc2,push_pos_x,303,23,3,12.0,1,0.48778238837689225,1,0.34317711011611207,6.819032515033906,0.02613640777928871,0,9.549873028049756,0.3304255708334918
PC2_N3,pc2,push_pos_x,303,23,4,16.0,1,0.4866564931919747,1,0.34890444106596674,8.771111911296085,0.030547195912328427,0,11.31814530943603,0.32833011775093285
PC2_N3,pc2,push_pos_x,303,24,1,4.0,1,0.45837302450017964,1,0.33080782458425206,8.557643236044857,0.03467598615853592,0,9.534442881046528,0.3286017051992569
PC2_N3,pc2,push_pos_x,303,24,2,8.0,1,0.518816404763263,1,0.35236635445592235,7.817839291545976,0.03892844696147706,0,8.750259225191163,0.34157460147046786
PC2_N3,pc2,push_pos_x,303,24,3,12.0,1,0.5287314626226898,1,0.34963618218898773,9.162613688621793,0.03576753985290985,0,12.049596237742891,0.34095109274043117
PC2_N3,pc2,push_pos_x,303,24,4,16.0,1,0.42870633143490916,1,0.340545153872852,8.436264048768347,0.04174220358496047,0,10.622082234409916,0.3423190813332318
PC2_N3,pc2,push_pos_x,303,25,1,4.0,1,0.4990978444573384,1,0.3336197620725887,7.080749393853555,0.03276695455794929,0,12.041397589185767,0.3287051442791434
PC2_N3,pc2,push_pos_x,303,25,2,8.0,1,0.5345760955346365,1,0.3101296915727503,9.571534244603228,0.04055849221011591,0,10.941522123088076,0.2994137035015433
PC2_N3,pc2,push_pos_x,303,25,3,12.0,1,0.44871581580723013,1,0.33257171957888065,7.345606507556729,0.03428724209662304,0,12.155082811978286,0.3273859336414439
PC2_N3,pc2,push_pos_x,303,25,4,16.0,1,0.4408538414867189,1,0.3348363758249079,7.203858270880033,0.03180624743154914,0,11.653015625295867,0.3245074447782282
PC2_N3,pc2,push_pos_x,303,26,1,4.0,1,0.5117595597369984,1,0.32191385272989936,7.5546570888971765,0.03851075128946022,0,8.04232283780438,0.3151579660209105
PC2_N3,pc2,push_pos_x,303,26,2,8.0,1,0.47788080480864825,1,0.3345841628344939,8.847686992725338,0.03670611666089106,0,10.634451186315498,0.32995203966125447
PC2_N3,pc2,push_pos_x,303,26,3,12.0,1,0.5210219984605888,1,0.33720407152877135,8.559716438298818,0.033714452934310975,0,10.265521183217492,0.330666246101818
PC2_N3,pc2,push_pos_x,303,26,4,16.0,1,0.52291760288636,1,0.3403270011120302,9.491323470510292,0.02787063460877194,0,9.80830626712835,0.3222310165351725
PC2_N3,pc2,push_pos_x,303,27,1,4.0,1,0.487417637913454,1,0.32695182815273816,8.025586450079064,0.038742903751540464,0,10.304980059696993,0.3185604417069073
PC2_N3,pc2,push_pos_x,303,27,2,8.0,1,0.5328846903068803,1,0.3428815656645413,8.476099805997515,0.029922365939439984,0,11.472258703414202,0.2989508568603087
PC2_N3,pc2,push_pos_x,303,27,3,12.0,1,0.5189036276615501,1,0.34407910170720857,8.517893086250222,0.04761685738986261,0,12.843924719766672,0.2714964501998004
PC2_N3,pc2,push_pos_x,303,27,4,16.0,1,0.4989661561793036,1,0.3383933600576166,6.780064953687495,0.031417110293444066,0,8.414146050809867,0.31056781551417184
PC2_N3,pc2,push_pos_x,303,28,1,4.0,1,0.5144607991857658,1,0.33256778057246283,9.305257090923735,0.04489477001188528,0,12.678276965263226,0.333501079343857
PC2_N3,pc2,push_pos_x,303,28,2,8.0,1,0.4677326156054109,1,0.3408195359662255,9.588745608808903,0.03560030189973947,0,12.041692246655229,0.3366596416674833
PC2_N3,pc2,push_pos_x,303,28,3,12.0,1,0.4853975906780689,1,0.35440186040605454,10.095956106368554,0.04615858954579359,0,12.251051874199412,0.33753995254715496
PC2_N3,pc2,push_pos_x,303,28,4,16.0,1,0.5077799346052497,1,0.34359705320654066,10.662526335801758,0.029868315307634195,0,11.491079480774609,0.3359663524729683
PC2_N3,pc2,push_pos_x,303,29,1,4.0,1,0.5329713777725323,1,0.3364345436108941,8.677993985539153,0.0353099705759015,0,10.988526645968472,0.3435681285386417
PC2_N3,pc2,push_pos_x,303,29,2,8.0,1,0.5330994760929662,1,0.3360746046279204,10.846938629934446,0.02536091511734868,0,11.311339435258292,0.33581770008260553
PC2_N3,pc2,push_pos_x,303,29,3,12.0,1,0.4589025173816866,1,0.34407345185624083,9.36060272721684,0.03367276550696651,0,9.769881363577747,0.33666395105142644
PC2_N3,pc2,push_pos_x,303,29,4,16.0,1,0.5063529979044592,1,0.3391345587962451,9.278045954151846,0.042895054253715134,0,12.349608000193966,0.33832582114214566
PC2_N3,pc2,push_pos_x,303,30,1,4.0,1,0.47297691821130977,1,0.328213629636535,7.5764664757268845,0.020864983055896354,0,11.555512216842278,0.33290112767627533
PC2_N3,pc2,push_pos_x,303,30,2,8.0,1,0.5532126181969589,1,0.3370429770672385,10.481776405468008,0.03457154948333849,0,12.66091565435662,0.32843616413560145
PC2_N3,pc2,push_pos_x,303,30,3,12.0,1,0.4873110829643446,1,0.34700154190394966,9.954781106017958,0.03168573562518266,0,11.99920459891736,0.3261709133571482
PC2_N3,pc2,push_pos_x,303,30,4,16.0,1,0.5011754018899781,1,0.3380677914396327,7.573845456278007,0.026661094216314594,0,12.368993678964708,0.335262886502526
PC2_N3,pc2,push_pos_x,303,31,1,4.0,1,0.5082694512260644,1,0.3322384862657537,7.674125558605566,0.026174314180824748,0,13.152140218585693,0.3265170475697135
PC2_N3,pc2,push_pos_x,303,31,2,8.0,1,0.5281296635938859,1,0.2873490761148738,7.6988815289607375,0.05904553359795438,0,6.374244822138829,0.24570703108042957
PC2_N3,pc2,push_pos_x,303,31,3,12.0,1,0.516719710605216,1,0.2769544895957498,5.000003183494455,0.042074110690322505,0,8.13639020768863,0.2764784143889014
PC2_N3,pc2,push_pos_x,303,31,4,16.0,1,0.45133088284090256,1,0.28201460471765244,5.905431770784162,0.045171727478295086,0,8.742510970122739,0.2921108743723701
PC2_N3,pc2,push_neg_x,101,0,1,4.0,1,0.45218857683692165,1,0.30775039097204565,6.807190435100063,0.04326335669626203,0,11.087220550974237,0.3054616739724409
PC2_N3,pc2,push_neg_x,101,0,2,8.0,1,0.5142025144164706,1,0.3299676779119726,10.060595920332048,0.03266376652062242,0,9.717254165794923,0.329748905916265
PC2_N3,pc2,push_neg_x,101,0,3,12.0,1,0.517027704282042,1,0.3327883685973876,8.125935289919191,0.04045871242300643,0,10.997230627307681,0.3302282429633931
PC2_N3,pc2,push_neg_x,101,0,4,16.0,1,0.5180521757648724,1,0.32818369567394257,10.197919775028215,0.03786066887198744,0,11.590783465811448,0.3089144228295209
PC2_N3,pc2,push_neg_x,101,1,1,4.0,1,0.4910611392615312,1,0.34346416807748414,10.807639506187737,0.04221845318459873,0,11.796920391747541,0.3301445368458243
PC2_N3,pc2,push_neg_x,101,1,2,8.0,1,0.4310541767827737,1,0.3398557822493946,11.426760820834193,0.029488686285302712,0,12.481493969341527,0.3352559725231028
PC2_N3,pc2,push_neg_x,101,1,3,12.0,1,0.5132316323602589,1,0.33113534190756755,10.971927745292055,0.0259359897753024,0,11.285838043577957,0.32826605566682665
PC2_N3,pc2,push_neg_x,101,1,4,16.0,1,0.46865809318847684,1,0.32368355001357785,9.513627555126185,0.0407204667063965,0,9.640002949503062,0.3337458888477183
PC2_N3,pc2,push_neg_x,101,2,1,4.0,1,0.5024639855361043,1,0.3279395667626896,7.649192154767175,0.03200560375851069,0,11.018585646017572,0.3197203050641453
PC2_N3,pc2,push_neg_x,101,2,2,8.0,1,0.5337377365154982,1,0.29205373073006696,7.54376138412215,0.06399383931763589,0,4.333139404432579,0.24814057629057432
PC2_N3,pc2,push_neg_x,101,2,3,12.0,1,0.5439145987822465,1,0.307901609788604,4.824787654623021,0.04171701628425381,0,9.283026122553826,0.2975696631293883
PC2_N3,pc2,push_neg_x,101,2,4,16.0,1,0.5179939491342131,1,0.29829764429898187,7.693242824853037,0.03302198697557647,0,9.842727714213485,0.29420344284511507
PC2_N3,pc2,push_neg_x,101,3,1,4.0,1,0.4722198522727768,1,0.33735910408637104,9.839180425047509,0.03951949097599651,0,10.612759082715588,0.3322066003307302
PC2_N3,pc2,push_neg_x,101,3,2,8.0,1,0.5194393960722878,1,0.34995550849539714,9.11587252342894,0.037137392576297175,0,10.036247474764,0.34246869122280793
PC2_N3,pc2,push_neg_x,101,3,3,12.0,1,0.5396941553973039,1,0.3403454900266015,10.82602243487365,0.03804047600199152,0,11.812862426288092,0.3344615608613121
PC2_N3,pc2,push_neg_x,101,3,4,16.0,1,0.46416663435645744,1,0.34244098860949757,10.667193341000768,0.029865568269791858,0,10.831273370089423,0.33364683931524103
PC2_N3,pc2,push_neg_x,101,4,1,4.0,1,0.527262385286296,1,0.34051386884508283,9.255865310356949,0.035588272002105154,0,10.856849822718033,0.3184396412602083
PC2_N3,pc2,push_neg_x,101,4,2,8.0,1,0.5306649829166282,1,0.3336093696680936,7.004627049978716,0.028113536317706814,0,7.988613147020337,0.2991689601365258
PC2_N3,pc2,push_neg_x,101,4,3,12.0,1,0.5480157909664208,1,0.32085961342495395,6.346170188902016,0.030400841948000912,0,7.779377016510831,0.3210221427009705
PC2_N3,pc2,push_neg_x,101,4,4,16.0,1,0.512233504538556,1,0.34266181449520394,9.16303389461575,0.034238600748161166,0,9.809929960520495,0.3308913642391164
PC2_N3,pc2,push_neg_x,101,5,1,4.0,1,0.5275181603139142,1,0.3326473860020306,8.48762192702744,0.02989926774267699,0,12.2806298354785,0.32495531583214826
PC2_N3,pc2,push_neg_x,101,5,2,8.0,1,0.5317959281162935,1,0.34499610585962387,9.744975144923862,0.042315575653725845,0,12.188206666984838,0.34284740112682077
PC2_N3,pc2,push_neg_x,101,5,3,12.0,1,0.5223579020532028,1,0.347347578422271,9.82172767947602,0.03708907693245837,0,12.744269990874786,0.34608630588985384
PC2_N3,pc2,push_neg_x,101,5,4,16.0,1,0.5313145217311096,1,0.34577250655959635,10.100815317607648,0.031112007719353223,0,12.53800078967228,0.34201783866168345
PC2_N3,pc2,push_neg_x,101,6,1,4.0,1,0.48279636147114413,1,0.3336880324199238,7.692545864574708,0.035338947566961584,0,9.316458673902302,0.3284979899299336
PC2_N3,pc2,push_neg_x,101,6,2,8.0,1,0.48253816784545195,1,0.3530306345160632,8.939584471414872,0.03119412982333012,0,13.049460574172212,0.33709855592824556
PC2_N3,pc2,push_neg_x,101,6,3,12.0,1,0.5295633452017839,1,0.34511762578538396,8.452415420451864,0.03612772002405159,0,12.050201508834823,0.33793322734016784
PC2_N3,pc2,push_neg_x,101,6,4,16.0,1,0.45947436116437107,1,0.34315492882129345,9.961591117574319,0.02542542362083517,0,10.853386241244445,0.33690680762663244
PC2_N3,pc2,push_neg_x,101,7,1,4.0,1,0.5197969900809304,1,0.3191929435666232,6.1277205795342224,0.025860818669150076,0,10.790780989493218,0.32597153486415026
PC2_N3,pc2,push_neg_x,101,7,2,8.0,1,0.5058094821081071,1,0.34836050381953704,9.648909103775164,0.02854934558007226,0,11.675059649522742,0.3467474294537529
PC2_N3,pc2,push_neg_x,101,7,3,12.0,1,0.42729459059275743,1,0.3409625152374971,10.973663104676728,0.037579920679442116,0,12.746545489862125,0.34454929191160966
PC2_N3,pc2,push_neg_x,101,7,4,16.0,1,0.46867274540093334,1,0.34669230543674634,8.936671105206482,0.04073562083433477,0,12.033996082357232,0.3432038902917648
PC2_N3,pc2,push_neg_x,101,8,1,4.0,1,0.48972558650824394,1,0.33072169356167636,7.622914385892067,0.03857701429182575,0,11.246892385331542,0.32289608277101567
PC2_N3,pc2,push_neg_x,101,8,2,8.0,1,0.5268888948352295,1,0.3295016021014535,10.690689037522137,0.04978357647892519,0,11.212942497051493,0.31797694904918977
PC2_N3,pc2,push_neg_x,101,8,3,12.0,1,0.4787478506138591,1,0.3331679389438527,9.965462739000722,0.02998019753261333,0,11.286885015273812,0.33129503446466785
PC2_N3,pc2,push_neg_x,101,8,4,16.0,1,0.5033564251859813,1,0.3333011173946972,10.438564832562175,0.019796382560985905,0,11.559415656736144,0.3326022341289622
PC2_N3,pc2,push_neg_x,101,9,1,4.0,1,0.48248401111108064,1,0.33726421914954874,8.473928681054971,0.039478538083993625,0,9.473531525680539,0.3387993030688342
PC2_N3,pc2,push_neg_x,101,9,2,8.0,1,0.4671860489218294,1,0.34435258789814727,9.229506234673938,0.03480696568735446,0,13.281225176831805,0.333651692312669
PC2_N3,pc2,push_neg_x,101,9,3,12.0,1,0.5479274739929094,1,0.33997545953102926,10.881936637460338,0.04219419759203542,0,16.442290863486363,0.32614309520007456
PC2_N3,pc2,push_neg_x,101,9,4,16.0,1,0.4780495565617748,1,0.34734877202918824,10.910988902986322,0.03059177099649913,0,12.085745467981475,0.33682377293785626
PC2_N3,pc2,push_neg_x,101,10,1,4.0,1,0.47967065204700376,1,0.33101386668529104,6.964795546397038,0.03266319794764282,0,8.553706402487544,0.3064030588948153
PC2_N3,pc2,push_neg_x,101,10,2,8.0,1,0.5373149959588979,1,0.34408492192546314,11.012249325685765,0.0358718296489258,0,10.969536936968439,0.3203322479431642
PC2_N3,pc2,push_neg_x,101,10,3,12.0,1,0.5026380951255529,1,0.33988927886447806,9.733084405240959,0.04029562146434127,0,10.77811455588196,0.29779267597963466
PC2_N3,pc2,push_neg_x,101,10,4,16.0,1,0.5402504312534495,1,0.3336558046347317,8.65698364355937,0.03706435832377929,0,11.625644125523912,0.3060830071329433
PC2_N3,pc2,push_neg_x,101,11,1,4.0,1,0.44899522246061474,1,0.3327141961152541,8.80967018319215,0.024357660972413132,0,8.825834958169734,0.33193578025236486
PC2_N3,pc2,push_neg_x,101,11,2,8.0,1,0.5106959014374893,1,0.3397495666130341,8.004238798008156,0.024559019784759682,0,9.600951957707002,0.3378896171396429
PC2_N3,pc2,push_neg_x,101,11,3,12.0,1,0.4757320232404094,1,0.3496858508669757,9.299653177105327,0.03490460753860308,0,13.886347241474384,0.3248273446598155
PC2_N3,pc2,push_neg_x,101,11,4,16.0,1,0.5044513957572084,1,0.34395978229249863,8.342147489668701,0.027913844492288953,0,11.05750607961177,0.33209298622799427
PC2_N3,pc2,push_neg_x,101,12,1,4.0,1,0.5002443606172325,1,0.3399565085210902,8.011094559287574,0.03746862948000837,0,9.585152072237552,0.33245708502550175
PC2_N3,pc2,push_neg_x,101,12,2,8.0,1,0.4293518861288858,1,0.3350620710435398,9.574593130080656,0.05018363891536319,0,9.86786797769379,0.32327493594929496
PC2_N3,pc2,push_neg_x,101,12,3,12.0,1,0.5639155902313328,1,0.3331395092016873,9.00492417008126,0.029574205423911523,0,9.23135380681878,0.3181480551785964
PC2_N3,pc2,push_neg_x,101,12,4,16.0,1,0.5208191000428405,1,0.33357865351406646,8.577724099219802,0.03689802471300478,0,11.111966969497004,0.32186944440086895
PC2_N3,pc2,push_neg_x,101,13,1,4.0,1,0.5231035226929825,1,0.32945525526681685,6.932464885116406,0.028055824534863816,0,10.955834871741375,0.3394544099103958
PC2_N3,pc2,push_neg_x,101,13,2,8.0,1,0.5271039585334476,1,0.3493391748736886,10.607527340204257,0.03323615733801208,0,12.262023203836144,0.34572818397200683
PC2_N3,pc2,push_neg_x,101,13,3,12.0,1,0.518353778428727,1,0.33889880393915633,9.214360759561327,0.03337614570298108,0,11.588981618515309,0.3411696215364385
PC2_N3,pc2,push_neg_x,101,13,4,16.0,1,0.48865044525008333,1,0.34455389150961196,11.007036561429603,0.03212977994944266,0,12.05034873240932,0.33600065319295874
PC2_N3,pc2,push_neg_x,101,14,1,4.0,1,0.5095733269868523,1,0.3344809028075978,8.554541721553138,0.0372050166304025,0,11.307490848411607,0.3300651555711573
PC2_N3,pc2,push_neg_x,101,14,2,8.0,1,0.5650977757114637,1,0.32249616078514465,9.992698380781306,0.04427681620700247,0,9.946964925930068,0.3199830703875598
PC2_N3,pc2,push_neg_x,101,14,3,12.0,1,0.4532607789153123,1,0.34029280071590035,9.578278646511427,0.02275550370669563,0,10.214632803845756,0.3394070745789431
PC2_N3,pc2,push_neg_x,101,14,4,16.0,1,0.5000553408349413,1,0.3368955325474714,10.873926977097614,0.04197914890549642,0,12.048385605687452,0.32728357605118163
PC2_N3,pc2,push_neg_x,101,15,1,4.0,1,0.503430951767661,1,0.335079909566252,9.792851973888911,0.04595243043792782,0,10.129392713561304,0.33950088973988823
PC2_N3,pc2,push_neg_x,101,15,2,8.0,1,0.48239045132642894,1,0.33446638039089144,8.772400473206988,0.041177257640022835,0,10.423583776529306,0.3373031928577525
PC2_N3,pc2,push_neg_x,101,15,3,12.0,1,0.4723548430827636,1,0.3438506547142478,9.683243808367568,0.03987224125119008,0,10.918143240633482,0.3367543250800454
PC2_N3,pc2,push_neg_x,101,15,4,16.0,1,0.5446450602332681,1,0.33550726921163143,9.471572721130151,0.029005187118793838,0,10.873155693859527,0.3308495423373054
PC2_N3,pc2,push_neg_x,101,16,1,4.0,1,0.5305745684871698,1,0.33137164005939973,8.057965055295178,0.04059208932452959,0,11.19309731662223,0.32304100971170924
PC2_N3,pc2,push_neg_x,101,16,2,8.0,1,0.5232282293781678,1,0.3438021271305288,11.093505311068894,0.02159343651957841,0,11.4015244143322,0.33480628448374133
PC2_N3,pc2,push_neg_x,101,16,3,12.0,1,0.4910260586489516,1,0.3309589458659371,9.801648389006687,0.034721254532381896,0,11.310573303820435,0.3262099269877143
PC2_N3,pc2,push_neg_x,101,16,4,16.0,1,0.4332872014362774,1,0.3280593891513539,10.548322949111203,0.030524602567727002,0,10.140396859263946,0.3111679600203101
PC2_N3,pc2,push_neg_x,101,17,1,4.0,1,0.45052335623201606,1,0.34537008819095594,8.573964640134172,0.043376420511984426,0,10.608177949507064,0.3442151058803905
PC2_N3,pc2,push_neg_x,101,17,2,8.0,1,0.483077735416094,1,0.34595721840539717,10.053564059240351,0.04137908228646279,0,10.420997467287156,0.3390119606479604
PC2_N3,pc2,push_neg_x,101,17,3,12.0,1,0.5104113286192532,1,0.3504395986145193,10.52835057732383,0.029877150730727636,0,11.168739970048891,0.3319055350387798
PC2_N3,pc2,push_neg_x,101,17,4,16.0,1,0.4836985859389115,1,0.34800316935235803,9.889761216060709,0.02372853918197817,0,11.394197247681525,0.3437978998225003
PC2_N3,pc2,push_neg_x,101,18,1,4.0,1,0.483679914210268,1,0.3351831779601102,8.597110325330362,0.0368740766143478,0,11.486450024518758,0.316166871212383
PC2_N3,pc2,push_neg_x,101,18,2,8.0,1,0.47964550878371676,1,0.33310449250879137,8.973557113423501,0.031028868032147744,0,8.914668781022375,0.31604221750070705
PC2_N3,pc2,push_neg_x,101,18,3,12.0,1,0.46491111952180036,1,0.33611979283751015,9.837094219414801,0.03524461312960693,0,9.51184016022427,0.2967008255063531
PC2_N3,pc2,push_neg_x,101,18,4,16.0,1,0.5151583797536644,1,0.33190382459265666,5.9950860183867825,0.030015519958647673,0,9.550387627026849,0.3105855834356604
PC2_N3,pc2,push_neg_x,101,19,1,4.0,1,0.43842142425459774,1,0.3358342573445111,8.085947748076329,0.043330708940524154,0,11.185459362138106,0.3240590941778479
PC2_N3,pc2,push_neg_x,101,19,2,8.0,1,0.46426978916646405,1,0.35646958234794635,6.794988268748904,0.03977875935984342,0,8.447222523228756,0.33510466613234047
PC2_N3,pc2,push_neg_x,101,19,3,12.0,1,0.47151187457135113,1,0.33461840498574913,7.181726863555146,0.040991240603928315,0,10.72071230603107,0.31689726748568486
PC2_N3,pc2,push_neg_x,101,19,4,16.0,1,0.4756423467522541,1,0.3323693959948851,7.410063614975943,0.043586479402279485,0,9.250429855054003,0.3339854682830566
PC2_N3,pc2,push_neg_x,101,20,1,4.0,1,0.5107449376825913,1,0.333895398015007,8.286110842377791,0.03530233458312995,0,8.915550261149846,0.31341921406633716
PC2_N3,pc2,push_neg_x,101,20,2,8.0,1,0.47144338195063173,1,0.3240268017678337,8.087162159327328,0.03709346723056374,0,8.901546541198666,0.3167546962034256
PC2_N3,pc2,push_neg_x,101,20,3,12.0,1,0.5050141529018696,1,0.34383702939525645,6.589556946221565,0.03135340065690068,0,9.341360577601362,0.3279899607367694
PC2_N3,pc2,push_neg_x,101,20,4,16.0,1,0.487176318376794,1,0.3380326635059826,9.155481114695892,0.03334814253236505,0,9.452780901689719,0.33194882761348377
PC2_N3,pc2,push_neg_x,101,21,1,4.0,1,0.46070274479321155,1,0.33667165718295355,9.122408303875417,0.03931685529063876,0,10.466533220232424,0.328823465236368
PC2_N3,pc2,push_neg_x,101,21,2,8.0,1,0.5009405165975904,1,0.340959877094483,9.368905026265185,0.04142291040036665,0,11.492279409845175,0.33153233442077024
PC2_N3,pc2,push_neg_x,101,21,3,12.0,1,0.543143580752615,1,0.30870376232473606,10.297873947917699,0.06040310117393183,0,11.70268758265882,0.29676581369364324
PC2_N3,pc2,push_neg_x,101,21,4,16.0,1,0.48172011418619287,1,0.3299168841564719,10.473862194105013,0.03863816538232488,0,10.285317157659897,0.314118162355321
PC2_N3,pc2,push_neg_x,101,22,1,4.0,1,0.5419922068337287,1,0.3312229644009136,7.950170056793694,0.03531107625864903,0,9.171211786772204,0.321608318045815
PC2_N3,pc2,push_neg_x,101,22,2,8.0,1,0.46475617164203326,1,0.31912536871305763,9.408804205448849,0.028118919172450418,0,9.873565592594627,0.3036504526508046
PC2_N3,pc2,push_neg_x,101,22,3,12.0,1,0.5398829975427923,1,0.32453266296157224,6.490382953135439,0.028228829628627966,0,9.366070953280142,0.30909271115925224
PC2_N3,pc2,push_neg_x,101,22,4,16.0,1,0.4875785820635909,1,0.322653233925289,8.910304179621257,0.04071163495980728,0,10.259425462025778,0.3116198180512311
PC2_N3,pc2,push_neg_x,101,23,1,4.0,1,0.5440337540456409,1,0.3201647161799956,8.181233370230565,0.03489146628030153,0,12.899603848823629,0.30547438713318525
PC2_N3,pc2,push_neg_x,101,23,2,8.0,1,0.5211605935683057,1,0.3449187548084055,6.114216799270976,0.0426529943171828,0,11.793328417563767,0.308937881082137
PC2_N3,pc2,push_neg_x,101,23,3,12.0,1,0.5005114057333726,1,0.3320112591758769,8.020666454536567,0.026871452798192273,0,15.646290903086639,0.28244428328651794
PC2_N3,pc2,push_neg_x,101,23,4,16.0,1,0.5490383851983044,1,0.3254345790906386,7.763107489506803,0.039744896674682784,0,10.379908939413172,0.31632089439560385
PC2_N3,pc2,push_neg_x,101,24,1,4.0,1,0.48513662053740936,1,0.34605316722138046,7.751838307440382,0.025201013001733025,0,12.18730078867803,0.3325629380935016
PC2_N3,pc2,push_neg_x,101,24,2,8.0,1,0.5108998933794135,1,0.33912559060808173,9.48609419990743,0.026397407971419706,0,9.486407893274748,0.3280786444796598
PC2_N3,pc2,push_neg_x,101,24,3,12.0,1,0.4705538762571785,1,0.3494528361501541,9.944809649101268,0.03236217227850239,0,11.041576144756995,0.33822034530461154
PC2_N3,pc2,push_neg_x,101,24,4,16.0,1,0.47387790323744183,1,0.3498490094979179,9.691732261613218,0.03175840174711044,0,11.477048278841188,0.33247960777206215
PC2_N3,pc2,push_neg_x,101,25,1,4.0,1,0.5230393232443672,1,0.3117171888523561,8.21850264984326,0.022512222488605446,0,8.990730934329013,0.3067462065003135
PC2_N3,pc2,push_neg_x,101,25,2,8.0,1,0.48330085087880204,1,0.32359155717699284,9.36976994141417,0.029550652807700188,0,10.610459486967162,0.3231032611852024
PC2_N3,pc2,push_neg_x,101,25,3,12.0,1,0.4717325547071423,1,0.32541187737077315,8.032306780033059,0.042807471310291584,0,10.566114464126287,0.333208246345826
PC2_N3,pc2,push_neg_x,101,25,4,16.0,1,0.5000439243590526,1,0.3247645679004689,6.816184867778814,0.031396292096437864,0,6.766193720000913,0.3154201985680483
PC2_N3,pc2,push_neg_x,101,26,1,4.0,1,0.4958087588210016,1,0.32874629562870067,7.580686256999634,0.030141191332411603,0,12.355291185263022,0.3249885125912447
PC2_N3,pc2,push_neg_x,101,26,2,8.0,1,0.5597343796174143,1,0.29662136709626347,7.947981364060479,0.02980472972121897,0,11.940022969186321,0.2914678130876572
PC2_N3,pc2,push_neg_x,101,26,3,12.0,1,0.46485045001737746,1,0.34273596609977475,9.896085641508465,0.030767504979638552,0,12.813886587668478,0.3351620701863804
PC2_N3,pc2,push_neg_x,101,26,4,16.0,1,0.501752665236475,1,0.33163002627418636,10.603231931614005,0.04019588922533792,0,11.4918508779381,0.3252440439188544
PC2_N3,pc2,push_neg_x,101,27,1,4.0,1,0.5243555594996199,1,0.31522904942061175,8.190993013002124,0.03611298928929477,0,8.692918040373797,0.30676729331679525
PC2_N3,pc2,push_neg_x,101,27,2,8.0,1,0.47625398973070565,1,0.3293720848738828,6.161505707426736,0.03266284187643498,0,9.961031704727025,0.31771271528407213
PC2_N3,pc2,push_neg_x,101,27,3,12.0,1,0.5595491847596273,1,0.31959251214794937,9.602276735308685,0.029528274396839495,0,10.393339016024525,0.31299782500547524
PC2_N3,pc2,push_neg_x,101,27,4,16.0,1,0.4768512999814716,1,0.3265514125957846,11.064234338620025,0.02439535247712186,0,11.182642227004226,0.2940525184659397
PC2_N3,pc2,push_neg_x,101,28,1,4.0,1,0.55140197147884,1,0.32244044430753127,7.0387768949834015,0.028843153518170482,0,9.311352174103124,0.31716791655928056
PC2_N3,pc2,push_neg_x,101,28,2,8.0,1,0.4785501910434041,1,0.3442440003475403,8.476021988366274,0.02810669435166828,0,10.29993889137989,0.31241257082332263
PC2_N3,pc2,push_neg_x,101,28,3,12.0,1,0.47924197797577395,1,0.34416983894167097,8.24687027541996,0.03503970752630886,0,8.955522688866317,0.3310355779958919
PC2_N3,pc2,push_neg_x,101,28,4,16.0,1,0.4263424609342501,1,0.3420956525254377,9.336569790029147,0.03078536553775059,0,9.79000627893576,0.3376858333215357
PC2_N3,pc2,push_neg_x,101,29,1,4.0,1,0.4564011176348432,1,0.3455875861772242,8.762759650355452,0.037257664082155875,0,10.546727853895383,0.33244140964140867
PC2_N3,pc2,push_neg_x,101,29,2,8.0,1,0.4392670769992967,1,0.31000426698496,10.092742869810735,0.04826023202071138,0,9.834453453246587,0.28279784003043557
PC2_N3,pc2,push_neg_x,101,29,3,12.0,1,0.5317037596154203,1,0.2926680307815419,4.673439230445945,0.026174947916457858,0,6.8380762069885765,0.28684046705138877
PC2_N3,pc2,push_neg_x,101,29,4,16.0,1,0.5121720370885395,1,0.3193915593910982,5.54382265191461,0.03451967565424924,0,8.771223975850395,0.3157646560413952
PC2_N3,pc2,push_neg_x,101,30,1,4.0,1,0.5093848713324852,1,0.3387154824434117,9.834629902381039,0.03301096763380472,0,11.768589686524708,0.33821263718095057
PC2_N3,pc2,push_neg_x,101,30,2,8.0,1,0.5262755926236972,1,0.34244612377276396,10.312106907569813,0.037748053803548905,0,10.556108657833777,0.33842507435038766
PC2_N3,pc2,push_neg_x,101,30,3,12.0,1,0.4923256200900664,1,0.3451497184242157,9.699459771903072,0.02770942936438626,0,10.573040371901296,0.2969732893342003
PC2_N3,pc2,push_neg_x,101,30,4,16.0,1,0.48355056550276715,1,0.3285634061072599,7.839671126755004,0.03908201967415513,0,10.348872602921695,0.33006899592710687
PC2_N3,pc2,push_neg_x,101,31,1,4.0,1,0.5361530266767063,1,0.32665078883821314,7.403157839128603,0.03455741340484861,0,11.744068037460298,0.31541054548426745
PC2_N3,pc2,push_neg_x,101,31,2,8.0,1,0.5800642986901962,1,0.34561757257277953,8.66631560530309,0.03765393640804481,0,19.52523284656895,0.2874646293606988
PC2_N3,pc2,push_neg_x,101,31,3,12.0,1,0.47598791843309113,1,0.3302670833579997,6.578617538755307,0.027161057560708895,0,9.223324663899971,0.3228315935734122
PC2_N3,pc2,push_neg_x,101,31,4,16.0,1,0.5057757074796624,1,0.3430322980816989,9.367273342222095,0.03738015646083691,0,10.798785749395277,0.3273911072927363
PC2_N3,pc2,push_neg_x,202,0,1,4.0,1,0.5271309505586631,1,0.32675735158397556,6.217208310961212,0.04415320967254869,0,11.85665639533984,0.2908144245810687
PC2_N3,pc2,push_neg_x,202,0,2,8.0,1,0.5504255084028457,1,0.3392287213056483,8.959183811344149,0.03872524412846949,0,11.656684032962678,0.2850593428879498
PC2_N3,pc2,push_neg_x,202,0,3,12.0,1,0.4866422455659446,1,0.33385899248607653,11.312909911288271,0.038091024766865184,0,13.267794840194668,0.3071626165015175
PC2_N3,pc2,push_neg_x,202,0,4,16.0,1,0.45209348476222455,1,0.3128299831865943,5.928360046256351,0.03956144865994628,0,11.669320334633083,0.32255489080347477
PC2_N3,pc2,push_neg_x,202,1,1,4.0,1,0.49634749760708613,1,0.32964429099929526,6.766728740665744,0.035536514076627494,0,7.838244126401519,0.31937022021110045
PC2_N3,pc2,push_neg_x,202,1,2,8.0,1,0.5122702646128541,1,0.34284268431166276,7.124978909042456,0.025142552410046603,0,8.065698448936088,0.31992298747128983
PC2_N3,pc2,push_neg_x,202,1,3,12.0,1,0.5337011373726991,1,0.3290799420307027,9.583419362015611,0.035081065436931805,0,10.803979324108116,0.32165100294000964
PC2_N3,pc2,push_neg_x,202,1,4,16.0,1,0.5373592723345801,1,0.35141560865596017,9.242764141792694,0.03411094287757479,0,10.099561885936476,0.32895308892357156
PC2_N3,pc2,push_neg_x,202,2,1,4.0,1,0.4797185285985413,1,0.33512897231680827,8.512872785307483,0.04245698377842877,0,8.195320455091014,0.3317607389414374
PC2_N3,pc2,push_neg_x,202,2,2,8.0,1,0.5108737228681117,1,0.34331307675749223,7.342445000995702,0.029164659130159226,0,9.121755365583585,0.32885468691428077
PC2_N3,pc2,push_neg_x,202,2,3,12.0,1,0.4578021868620978,1,0.3365508302010317,9.535885827786199,0.03543953490276775,0,10.258409160111329,0.3195841961047229
PC2_N3,pc2,push_neg_x,202,2,4,16.0,1,0.492784022851753,1,0.3503765741930926,7.516950353681484,0.02691022444579013,0,9.383304706577032,0.3231811521843793
PC2_N3,pc2,push_neg_x,202,3,1,4.0,1,0.44378326675389485,1,0.34391604435635126,8.121089671372918,0.034453441837108564,0,12.290500318903295,0.3353345127985439
PC2_N3,pc2,push_neg_x,202,3,2,8.0,1,0.5367069621732385,1,0.3338192224821305,10.495553759207958,0.024718804302683,0,12.794146499996472,0.3199338857184119
PC2_N3,pc2,push_neg_x,202,3,3,12.0,1,0.5507901243359985,1,0.33717410489518373,9.013635621175212,0.029121594063520852,0,15.1745821304528,0.3300470097817202
PC2_N3,pc2,push_neg_x,202,3,4,16.0,1,0.5656118136752907,1,0.34559600501455723,10.011466886594079,0.037940207978290855,0,17.588981462500044,0.29635100377434714
PC2_N3,pc2,push_neg_x,202,4,1,4.0,1,0.5456446361204108,1,0.33120123826883696,9.17264725065312,0.03391647519526217,0,9.868963925797253,0.3315482749977214
PC2_N3,pc2,push_neg_x,202,4,2,8.0,1,0.4906933516090373,1,0.34730839370724986,9.812681231030655,0.0235027310499787,0,10.877843686526457,0.32650654488068853
PC2_N3,pc2,push_neg_x,202,4,3,12.0,1,0.4702908849799366,1,0.33586761188060843,8.938492089929579,0.03933375666836852,0,10.372988301630107,0.3186637697054103
PC2_N3,pc2,push_neg_x,202,4,4,16.0,1,0.4854359535051416,1,0.34001692890483426,9.63589369111705,0.041188053526435967,0,10.577357485279338,0.3302547689427667
PC2_N3,pc2,push_neg_x,202,5,1,4.0,1,0.4698938444753367,1,0.33558815614106186,7.854614460403246,0.02999569571470052,0,10.816015287549126,0.32146509541547236
PC2_N3,pc2,push_neg_x,202,5,2,8.0,1,0.4857295786721664,1,0.3369723311401306,8.79783396831548,0.03318578888849271,0,10.982289979394322,0.31078679548865334
PC2_N3,pc2,push_neg_x,202,5,3,12.0,1,0.48959783742620455,1,0.33204332806847314,7.646048922623997,0.03244945717585573,0,11.243705124646768,0.3273094994499084
PC2_N3,pc2,push_neg_x,202,5,4,16.0,1,0.48981101403903593,1,0.3412422748172984,10.328471539632908,0.03415021078687759,0,10.669647071515115,0.3385747200983731
PC2_N3,pc2,push_neg_x,202,6,1,4.0,1,0.5147009590177662,1,0.3378021288364329,7.536359358130067,0.029642947348951537,0,10.143092721583779,0.3228040916078231
PC2_N3,pc2,push_neg_x,202,6,2,8.0,1,0.5239477147548616,1,0.3368297811338608,8.506110281894925,0.028594624280212942,0,13.011654878047555,0.3092775389472431
PC2_N3,pc2,push_neg_x,202,6,3,12.0,1,0.4975217896844482,1,0.3411637908794026,10.317771980260776,0.03350807388905393,0,11.49654672751858,0.3278816340760114
PC2_N3,pc2,push_neg_x,202,6,4,16.0,1,0.5033384225577024,1,0.33333448005870064,8.838646290775582,0.026168090491114564,0,11.754382325761986,0.3079182827536435
PC2_N3,pc2,push_neg_x,202,7,1,4.0,1,0.47552525355972985,1,0.3391248049104915,8.748551564265306,0.04125128452806843,0,9.857320789160775,0.34008533686877573
PC2_N3,pc2,push_neg_x,202,7,2,8.0,1,0.47107086738395043,1,0.33650317692501663,9.842212868986413,0.027887409928128746,0,10.492744526032293,0.3245683250261501
PC2_N3,pc2,push_neg_x,202,7,3,12.0,1,0.4820308671216391,1,0.34643363912794045,10.237974641122527,0.03053448135039198,0,10.699119494496665,0.33301522929400684
PC2_N3,pc2,push_neg_x,202,7,4,16.0,1,0.5092624269727047,1,0.35462284008449413,7.77504960179313,0.028626708582537012,0,10.512341877541338,0.33353509861517716
PC2_N3,pc2,push_neg_x,202,8,1,4.0,1,0.43543475053034214,1,0.32779459631379276,6.6948758665991495,0.02118992237920938,0,9.249325062120612,0.31340084181112404
PC2_N3,pc2,push_neg_x,202,8,2,8.0,1,0.5176478213620724,1,0.33844091954397004,8.363535905004694,0.04058622544824711,0,11.145849501221036,0.291447088839536
PC2_N3,pc2,push_neg_x,202,8,3,12.0,1,0.49705672854745253,1,0.33843200713555444,11.344899066761425,0.04191585520397195,0,11.48267651352507,0.29785855887407925
PC2_N3,pc2,push_neg_x,202,8,4,16.0,1,0.4756798142814922,1,0.315072448256819,6.92195857390689,0.03597042005566588,0,12.58625218210735,0.2946882216050663
PC2_N3,pc2,push_neg_x,202,9,1,4.0,1,0.5463602005209799,1,0.34224028622402863,9.234057693196972,0.03013500637412716,0,9.982942215669185,0.337534589882203
PC2_N3,pc2,push_neg_x,202,9,2,8.0,1,0.4712437792289709,1,0.3464819873399275,9.57562058625532,0.04045755435090504,0,10.535209705238254,0.33294853313083955
PC2_N3,pc2,push_neg_x,202,9,3,12.0,1,0.5070743270100415,1,0.34708677303982294,10.011062199066611,0.023002293330600197,0,10.5672504716667,0.3319667717989753
PC2_N3,pc2,push_neg_x,202,9,4,16.0,1,0.4522648532981018,1,0.3440606705645189,8.466415137635538,0.03900818749511551,0,10.085588850547072,0.335946179488126
PC2_N3,pc2,push_neg_x,202,10,1,4.0,1,0.5726391322770462,1,0.32861580042278066,7.573686321930481,0.0366297431345566,0,9.766419201746654,0.32714273330362087
PC2_N3,pc2,push_neg_x,202,10,2,8.0,1,0.49703137655705454,1,0.3363950207909161,9.501821702848465,0.04693160563479637,0,8.69542581240281,0.332918115159407
PC2_N3,pc2,push_neg_x,202,10,3,12.0,1,0.48221042083033855,1,0.3497999653140491,9.391429277849337,0.03565283859093289,0,10.372571021369842,0.2982667588932629
PC2_N3,pc2,push_neg_x,202,10,4,16.0,1,0.5261621924901208,1,0.3241408927874132,7.906152090005048,0.03192299746880385,0,9.26562872605043,0.31326202147784715
PC2_N3,pc2,push_neg_x,202,11,1,4.0,1,0.5253817507963519,1,0.3440065611014392,8.275677725712374,0.026465517126948928,0,11.916097208550092,0.31499920681836135
PC2_N3,pc2,push_neg_x,202,11,2,8.0,1,0.4872931831157842,1,0.3477890460408308,9.746686305315917,0.021982488400554813,0,11.90348740961859,0.3278488411622889
PC2_N3,pc2,push_neg_x,202,11,3,12.0,1,0.5452884143891773,1,0.3465193518024077,8.97433281710689,0.02976592175221607,0,10.941198254127091,0.3221740499537259
PC2_N3,pc2,push_neg_x,202,11,4,16.0,1,0.5119674979974178,1,0.3489474741054729,11.215528272158373,0.03235594729690323,0,14.545854866686366,0.31640191798541634
PC2_N3,pc2,push_neg_x,202,12,1,4.0,1,0.49306486012427586,1,0.34572962802999163,10.096771342759148,0.03143856743051642,0,11.081145357816549,0.32745340625870034
PC2_N3,pc2,push_neg_x,202,12,2,8.0,1,0.501373244619818,1,0.3475105063641135,10.546658430847279,0.0327076402480769,0,10.53248235687325,0.33169081408709766
PC2_N3,pc2,push_neg_x,202,12,3,12.0,1,0.5105685942772853,1,0.34606002366797806,10.14135690845133,0.02665414416282986,0,11.59542280099065,0.3298247233431607
PC2_N3,pc2,push_neg_x,202,12,4,16.0,1,0.558351606605285,1,0.3386132732272785,8.270477477553978,0.028427734051699398,0,12.142425328316703,0.3385052131140296
PC2_N3,pc2,push_neg_x,202,13,1,4.0,1,0.5188491114439576,1,0.3266414374431824,7.503858367743128,0.03264986197509749,0,9.69081414038916,0.32181037476356017
PC2_N3,pc2,push_neg_x,202,13,2,8.0,1,0.48073044967044604,1,0.33703491426406695,10.05225265195987,0.03271085759736887,0,11.095014010635854,0.3363364477527333
PC2_N3,pc2,push_neg_x,202,13,3,12.0,1,0.48997050739682907,1,0.33946822926322406,9.22233687926004,0.0359761300299358,0,9.607870381034248,0.33495985505415155
PC2_N3,pc2,push_neg_x,202,13,4,16.0,1,0.452025062055357,1,0.34468206245312716,9.19697806014965,0.037142786997462804,0,9.379386890103808,0.3433350979644347
PC2_N3,pc2,push_neg_x,202,14,1,4.0,1,0.46535854985667596,1,0.3228786805256165,6.709375140346074,0.03524067908008806,0,10.651259783111692,0.3201916616230725
PC2_N3,pc2,push_neg_x,202,14,2,8.0,1,0.4874737504155163,1,0.3409407501392824,9.491672327367652,0.02658124406106572,0,10.386143085400079,0.3070195621666424
PC2_N3,pc2,push_neg_x,202,14,3,12.0,1,0.44775185428227726,1,0.3396052573932046,8.09986030574899,0.03610264052243824,0,10.269985272888258,0.31233157432653047
PC2_N3,pc2,push_neg_x,202,14,4,16.0,1,0.5186524163248212,1,0.34321323802126924,8.20341445037224,0.033971047740784924,0,10.615966566939301,0.30306011597740456
PC2_N3,pc2,push_neg_x,202,15,1,4.0,1,0.5127791280697537,1,0.33320093577239607,7.63996450713298,0.03368601499319261,0,9.616603470443234,0.32266746692478976
PC2_N3,pc2,push_neg_x,202,15,2,8.0,1,0.48455587028391256,1,0.3464749404453339,10.38733346594007,0.03432898790364439,0,20.948455761917074,0.272287989842063
PC2_N3,pc2,push_neg_x,202,15,3,12.0,1,0.4440960604698528,1,0.31988822202631495,8.641996743669697,0.033855078282876164,0,10.693102595731196,0.30511203647297336
PC2_N3,pc2,push_neg_x,202,15,4,16.0,1,0.46128735640026014,1,0.34767532906430293,12.027106143580145,0.03445959553998716,0,14.829221168579718,0.27729716897010803
PC2_N3,pc2,push_neg_x,202,16,1,4.0,1,0.46829582831895683,1,0.33759168380084525,8.553764382952368,0.03416729140131054,0,10.24860536088458,0.335040761347123
PC2_N3,pc2,push_neg_x,202,16,2,8.0,1,0.46282034465276256,1,0.34071640335621045,9.90827434687268,0.029446410906482423,0,10.797910799206933,0.33544362754745277
PC2_N3,pc2,push_neg_x,202,16,3,12.0,1,0.4498224596590059,1,0.3479590938690512,9.709906741971222,0.032617821701131464,0,10.62982375345811,0.3343479537708874
PC2_N3,pc2,push_neg_x,202,16,4,16.0,1,0.49191325123243185,1,0.3472477533122435,10.043463252985635,0.02723072463496712,0,10.886906305588715,0.33398004330415776
PC2_N3,pc2,push_neg_x,202,17,1,4.0,1,0.5065861937325573,1,0.3229390557277649,6.727434820035197,0.03301648074956373,0,8.157404464304587,0.3133592581685214
PC2_N3,pc2,push_neg_x,202,17,2,8.0,1,0.4917281002624183,1,0.33296598454210213,9.430213495171252,0.022296095060658626,0,9.79263697842985,0.30390068633671113
PC2_N3,pc2,push_neg_x,202,17,3,12.0,1,0.5735829940618568,1,0.3474881470522141,8.289152228812315,0.027064004078826927,0,17.14251379848776,0.2822541844717322
PC2_N3,pc2,push_neg_x,202,17,4,16.0,1,0.43672919030539115,1,0.3383955980207831,7.880344995288645,0.035790082451909115,0,10.950622567911077,0.3313819850511092
PC2_N3,pc2,push_neg_x,202,18,1,4.0,1,0.45252814013888976,1,0.32760649871698677,6.793016020990372,0.031769478087235,0,9.631352113791998,0.3293497406225154
PC2_N3,pc2,push_neg_x,202,18,2,8.0,1,0.5445228504573689,1,0.34869189544476287,9.59783530340323,0.02377542652482264,0,11.051486018578778,0.3260813533941055
PC2_N3,pc2,push_neg_x,202,18,3,12.0,1,0.4636273487060869,1,0.34431869325472075,10.335560893495693,0.037173315980140856,0,10.626990782052824,0.3457314966515424
PC2_N3,pc2,push_neg_x,202,18,4,16.0,1,0.46497156707039744,1,0.3490550224793786,10.010859865019892,0.031154974382106845,0,10.098062212076796,0.3328419834534752
PC2_N3,pc2,push_neg_x,202,19,1,4.0,1,0.4291864248925829,1,0.3267781813355053,8.68693720146998,0.038968218240944735,0,9.019770969151823,0.3277141080501883
PC2_N3,pc2,push_neg_x,202,19,2,8.0,1,0.5271638254885487,1,0.34436051993765293,9.82291813740924,0.031666886258829824,0,10.183330014741793,0.32917027693381284
PC2_N3,pc2,push_neg_x,202,19,3,12.0,1,0.5074722813167983,1,0.3458284855207657,6.5861811370658145,0.028364533215104598,0,10.704379240577463,0.3038190960246611
PC2_N3,pc2,push_neg_x,202,19,4,16.0,1,0.45721143718896545,1,0.33241344183524024,9.665679022085495,0.04277080378930586,0,11.955875825460694,0.3224578373891147
PC2_N3,pc2,push_neg_x,202,20,1,4.0,1,0.4553686464009631,1,0.3131825201173517,6.266034144765179,0.03250497289811669,0,8.036511129882923,0.3027804948110631
PC2_N3,pc2,push_neg_x,202,20,2,8.0,1,0.47097197560798365,1,0.33225708554454025,9.045414971746634,0.04007998837336281,0,11.90252706943716,0.32959089448107753
PC2_N3,pc2,push_neg_x,202,20,3,12.0,1,0.49364925208725763,1,0.34431501840525136,7.7288855891822354,0.020895342877765233,0,12.771271588962597,0.33218241981006563
PC2_N3,pc2,push_neg_x,202,20,4,16.0,1,0.5025900568820642,1,0.34205680838561947,9.754350317957424,0.030203936230951172,0,11.928693870238018,0.3288260068804185
PC2_N3,pc2,push_neg_x,202,21,1,4.0,1,0.5146755708147494,1,0.3454778616759866,8.934171901645964,0.03907842493721037,0,12.270574778042292,0.3408979679492706
PC2_N3,pc2,push_neg_x,202,21,2,8.0,1,0.5455860110622657,1,0.35171326747871334,9.704791498559086,0.04109501502475301,0,12.079611044718595,0.3420488399299071
PC2_N3,pc2,push_neg_x,202,21,3,12.0,1,0.48669953347896494,1,0.3477238595166946,10.673639240014946,0.03339459666688212,0,11.980578823554398,0.3438299940550391
PC2_N3,pc2,push_neg_x,202,21,4,16.0,1,0.46684447557289427,1,0.34718417388232636,10.459668864801781,0.024325336284301936,0,12.26629972474587,0.34368191731167347
PC2_N3,pc2,push_neg_x,202,22,1,4.0,1,0.5190113672885697,1,0.3184570921933587,6.94595178891378,0.03220869611651175,0,9.6711760036391,0.31883040532708806
PC2_N3,pc2,push_neg_x,202,22,2,8.0,1,0.49319576037376167,1,0.3288134896659596,8.42332742688361,0.0269139048656415,0,11.167082541737177,0.32855434628093944
PC2_N3,pc2,push_neg_x,202,22,3,12.0,1,0.5032068062062283,1,0.33218889870745616,10.148039390328,0.036914005710379096,0,10.773164446089249,0.3250656760631398
PC2_N3,pc2,push_neg_x,202,22,4,16.0,1,0.49033687329308095,1,0.323863089483052,10.399773009599166,0.036982124270738034,0,9.394922916705285,0.31082655385853775
PC2_N3,pc2,push_neg_x,202,23,1,4.0,1,0.5218088480267735,1,0.32753440865220873,9.993820360850979,0.035248231243899225,0,11.8121784396193,0.31521335531046046
PC2_N3,pc2,push_neg_x,202,23,2,8.0,1,0.5215201238630836,1,0.29431252938540864,8.779039569454813,0.04394290694142336,0,9.719803224937326,0.2580265868156352
PC2_N3,pc2,push_neg_x,202,23,3,12.0,1,0.4837305812938371,1,0.29151369017713213,6.1026473452684655,0.028148390176491834,0,6.650275135649351,0.2941008104997523
PC2_N3,pc2,push_neg_x,202,23,4,16.0,1,0.5761691160582021,1,0.30847204129963635,6.674557633505534,0.034915821516790325,0,8.07005412225123,0.3055267493355083
PC2_N3,pc2,push_neg_x,202,24,1,4.0,1,0.4978326032240676,1,0.3367690537224479,10.29906024351062,0.033056895103896505,0,11.058645608401678,0.3363330942742965
PC2_N3,pc2,push_neg_x,202,24,2,8.0,1,0.5108171866198341,1,0.3333538215268742,9.570814595661115,0.028730256771818,0,10.72764962733048,0.3250996986812449
PC2_N3,pc2,push_neg_x,202,24,3,12.0,1,0.47879386788206946,1,0.3341366165780766,10.007006121737708,0.029042191304643153,0,11.19274545025423,0.3261359440770379
PC2_N3,pc2,push_neg_x,202,24,4,16.0,1,0.48366191588605356,1,0.33651389611914834,10.911787943289706,0.029626695218991944,0,10.95860178929947,0.3298502414621771
PC2_N3,pc2,push_neg_x,202,25,1,4.0,1,0.4412394393764849,1,0.3111572319014187,6.980136887440793,0.029402297969614136,0,9.144088703820474,0.30483221657135906
PC2_N3,pc2,push_neg_x,202,25,2,8.0,1,0.49629862884731474,1,0.3326085397903932,7.031848659471924,0.02629622878433029,0,11.803349838979004,0.33602843071050187
PC2_N3,pc2,push_neg_x,202,25,3,12.0,1,0.47905081898494484,1,0.3445549777803574,10.302123669785782,0.027100041866875188,0,12.637709933463995,0.3326832972427103
PC2_N3,pc2,push_neg_x,202,25,4,16.0,1,0.46854599919579787,1,0.3396479231629142,10.332386728773614,0.023539226843042885,0,10.960380157671903,0.329662848443271
PC2_N3,pc2,push_neg_x,202,26,1,4.0,1,0.4759696520384964,1,0.3290813070408163,8.294424827971268,0.039538266266292685,0,11.91958657398378,0.332562140602479
PC2_N3,pc2,push_neg_x,202,26,2,8.0,1,0.49036667850020765,1,0.3475050909474572,9.577280587768524,0.036511356827818975,0,11.938784880907534,0.33750723852193293
PC2_N3,pc2,push_neg_x,202,26,3,12.0,1,0.51783455008568,1,0.3502279393335077,10.124231580058929,0.02969663169272175,0,12.099976609275023,0.3425570552680582
PC2_N3,pc2,push_neg_x,202,26,4,16.0,1,0.443816282006097,1,0.33877960166191673,9.706334038846023,0.040211421495093894,0,12.278205156284338,0.3360712426231507
PC2_N3,pc2,push_neg_x,202,27,1,4.0,1,0.4984432974334157,1,0.32345686207480606,6.938677474283699,0.04077552269182293,0,10.429905291779113,0.32954055772108193
PC2_N3,pc2,push_neg_x,202,27,2,8.0,1,0.4759110855376235,1,0.34077947104678435,9.339435082209244,0.03235790490354232,0,11.744537825122688,0.32372200728100253
PC2_N3,pc2,push_neg_x,202,27,3,12.0,1,0.4494112984206519,1,0.343869266742691,7.79438109240347,0.028300438690128764,0,11.042093243777877,0.3329032390194143
PC2_N3,pc2,push_neg_x,202,27,4,16.0,1,0.47765438647495634,1,0.34963742934446285,9.478856510399456,0.028356235739259904,0,11.390946921382525,0.33111942133164024
PC2_N3,pc2,push_neg_x,202,28,1,4.0,1,0.5549477390068495,1,0.33155292551466486,7.529599596944031,0.031382912249006356,0,9.429463138163916,0.3358862790513166
PC2_N3,pc2,push_neg_x,202,28,2,8.0,1,0.5105533541893533,1,0.343929457951357,9.962259327604034,0.032738790049728,0,10.904431543513873,0.3236750236807022
PC2_N3,pc2,push_neg_x,202,28,3,12.0,1,0.5287762095992901,1,0.33179229274790556,7.4974104454774135,0.039378642009072776,0,9.131465617974868,0.32932321926489233
PC2_N3,pc2,push_neg_x,202,28,4,16.0,1,0.48624354125989827,1,0.33947186156071446,9.481561070721511,0.03216780954410296,0,10.196013023796032,0.32896594073683183
PC2_N3,pc2,push_neg_x,202,29,1,4.0,1,0.5132287418630306,1,0.32201579348607495,7.495271873166376,0.039273558357529104,0,9.120613576371102,0.3143283909654872
PC2_N3,pc2,push_neg_x,202,29,2,8.0,1,0.5064634000683488,1,0.34540466613629284,6.188220574621576,0.039867120740277616,0,9.601955230451006,0.319777785616125
PC2_N3,pc2,push_neg_x,202,29,3,12.0,1,0.45172089043027985,1,0.33730209503263076,7.666209264246293,0.03576794326238733,0,10.175194627666585,0.32709708698293105
PC2_N3,pc2,push_neg_x,202,29,4,16.0,1,0.4571525526504975,1,0.3428859820659148,8.538790126472964,0.03516603431682131,0,10.721905547473263,0.32927303215399145
PC2_N3,pc2,push_neg_x,202,30,1,4.0,1,0.5565969627051601,1,0.32224934352910456,7.311918420329664,0.0429623904514002,0,7.844201777221455,0.3103724950775106
PC2_N3,pc2,push_neg_x,202,30,2,8.0,1,0.4823884773832408,1,0.3440735298682024,10.187673998649588,0.035825418165801384,0,10.693194622432742,0.31015321213931324
PC2_N3,pc2,push_neg_x,202,30,3,12.0,1,0.4775220152529013,1,0.3272555099929718,7.748293902470652,0.034108310580281555,0,9.805479202794766,0.33302478085864673
PC2_N3,pc2,push_neg_x,202,30,4,16.0,1,0.5257221476539161,1,0.34405350127322154,7.927271500514104,0.028885043069092516,0,8.77182863653122,0.3129610377836992
PC2_N3,pc2,push_neg_x,202,31,1,4.0,1,0.5336917432137464,1,0.33951449967960623,8.699110503042142,0.042779233506725405,0,11.422340007205602,0.32571475024529317
PC2_N3,pc2,push_neg_x,202,31,2,8.0,1,0.4554703776404798,1,0.34949038396863374,11.126408075940873,0.039771628285778654,0,13.066555891566187,0.3375175427944265
PC2_N3,pc2,push_neg_x,202,31,3,12.0,1,0.48412613616443634,1,0.3463615585457195,9.67815595880667,0.03183136780202009,0,12.208474531649788,0.3211442628965021
PC2_N3,pc2,push_neg_x,202,31,4,16.0,1,0.48804239328011706,1,0.3416336953321243,8.838546323383444,0.03433608092751677,0,12.383939307919334,0.3271624160641655
PC2_N3,pc2,push_neg_x,303,0,1,4.0,1,0.5231957517431565,1,0.33360613284901497,9.725516804355163,0.043166827474845564,0,11.535702240928506,0.33003027569801413
PC2_N3,pc2,push_neg_x,303,0,2,8.0,1,0.5240479809896529,1,0.345752804515196,9.899740719140475,0.035096263938718564,0,15.804277914211008,0.3220140910084872
PC2_N3,pc2,push_neg_x,303,0,3,12.0,1,0.48492639143660404,1,0.335285654520606,9.967009317666633,0.04726627638671949,0,11.068220191697852,0.32987013586702196
PC2_N3,pc2,push_neg_x,303,0,4,16.0,1,0.4881932898953984,1,0.3524163094433871,7.324810007188102,0.03504696131085754,0,10.066029522909712,0.3477635625849433
PC2_N3,pc2,push_neg_x,303,1,1,4.0,1,0.5044731179867846,1,0.3317243542103844,9.39698216320419,0.03531693861416771,0,10.546989061432523,0.32837601476174627
PC2_N3,pc2,push_neg_x,303,1,2,8.0,1,0.4881148540953242,1,0.34151830153669266,9.645456095525013,0.027458054147045937,0,9.955561433871395,0.3333681160434682
PC2_N3,pc2,push_neg_x,303,1,3,12.0,1,0.48025355162333117,1,0.3486715274698594,8.201338246827108,0.038480385527554825,0,7.822828477761316,0.3299207091331482
PC2_N3,pc2,push_neg_x,303,1,4,16.0,1,0.49392466797013596,1,0.33487711289030986,5.899514527572885,0.04663835438301839,0,8.417669468623425,0.3287613342471301
PC2_N3,pc2,push_neg_x,303,2,1,4.0,1,0.4503025424260952,1,0.3289148050514772,8.267024790200566,0.032936942365307725,0,9.374230499628629,0.32722870838195883
PC2_N3,pc2,push_neg_x,303,2,2,8.0,1,0.5066092390779614,1,0.3358106650611296,10.040920007716661,0.03312712091052121,0,10.13174203358652,0.33639536009115334
PC2_N3,pc2,push_neg_x,303,2,3,12.0,1,0.4702699349543068,1,0.3421246661221917,9.113865383795945,0.02822812271284947,0,9.611409558837318,0.3286205772410102
PC2_N3,pc2,push_neg_x,303,2,4,16.0,1,0.5555150496249879,1,0.34568086378077134,8.564053283246182,0.04163641561140659,0,10.67328020582204,0.34702168333339184
PC2_N3,pc2,push_neg_x,303,3,1,4.0,1,0.4621458365214883,1,0.3332877933660293,9.356259222428621,0.02979940476422615,0,11.37275932776703,0.3343546889363763
PC2_N3,pc2,push_neg_x,303,3,2,8.0,1,0.5510556424784433,1,0.35333729626979415,9.794832737686324,0.03773872063768437,0,10.903420534113877,0.3427386548429887
PC2_N3,pc2,push_neg_x,303,3,3,12.0,1,0.4938929294908479,1,0.3466734832780246,9.704209221921719,0.04068606628524446,0,11.484734943885732,0.34774205359545624
PC2_N3,pc2,push_neg_x,303,3,4,16.0,1,0.47457905795472294,1,0.35029895396474847,9.638108600280598,0.036383569134548495,0,11.608277618468504,0.3334769807397363
PC2_N3,pc2,push_neg_x,303,4,1,4.0,1,0.4816656612488174,1,0.3348670015360582,7.662176685307065,0.03479066685742227,0,10.175523259673424,0.33102260665460065
PC2_N3,pc2,push_neg_x,303,4,2,8.0,1,0.5424437737661183,1,0.33733021256757934,10.323090752984786,0.031071467631453346,0,10.793443815821313,0.3342588550266735
PC2_N3,pc2,push_neg_x,303,4,3,12.0,1,0.5054737562722788,1,0.3454913433222847,10.556611966666336,0.03071422016477559,0,10.602110038332894,0.3246932569990821
PC2_N3,pc2,push_neg_x,303,4,4,16.0,1,0.5163096592726542,1,0.3420923416786653,8.158258619708022,0.043460167376132994,0,10.538403177961749,0.3306485090982468
PC2_N3,pc2,push_neg_x,303,5,1,4.0,1,0.5289611433419384,1,0.32797265188260516,7.889097967805174,0.036879288733003,0,8.771179184525112,0.32214491284467317
PC2_N3,pc2,push_neg_x,303,5,2,8.0,1,0.497554495302453,1,0.3410316055471247,8.878031885967886,0.03465498894272086,0,10.678681541646773,0.33659305722318233
PC2_N3,pc2,push_neg_x,303,5,3,12.0,1,0.526333945516936,1,0.34296669320945433,10.288576375891232,0.028053036352147565,0,12.32740933527527,0.34157097865553465
PC2_N3,pc2,push_neg_x,303,5,4,16.0,1,0.5293670432640006,1,0.3418848919358483,8.712970676467913,0.05014956241860298,0,10.37321590204725,0.3437817329391439
PC2_N3,pc2,push_neg_x,303,6,1,4.0,1,0.49676814659185825,1,0.32998753398816216,7.895665678598787,0.032758306728178685,0,9.906313541886409,0.3354746178190976
PC2_N3,pc2,push_neg_x,303,6,2,8.0,1,0.4215688825983719,1,0.33918224044024625,9.625741744644646,0.03875499199250594,0,10.86962480595507,0.32236595491674497
PC2_N3,pc2,push_neg_x,303,6,3,12.0,1,0.5195809207714056,1,0.3455491415797708,8.544056653579611,0.0443130023084968,0,11.029819061664618,0.32972693283927634
PC2_N3,pc2,push_neg_x,303,6,4,16.0,1,0.5031189923477272,1,0.3368403584880625,10.561726502579326,0.029883368770975634,0,10.224430351275904,0.3261610768376825
PC2_N3,pc2,push_neg_x,303,7,1,4.0,1,0.4623286991276769,1,0.34260376323671904,8.448476010190724,0.03654752681857908,0,12.39320368899852,0.3403939023056132
PC2_N3,pc2,push_neg_x,303,7,2,8.0,1,0.47229852586252874,1,0.31733269774340056,8.956011688093156,0.025711168577154726,0,10.865350010028981,0.3197804845590642
PC2_N3,pc2,push_neg_x,303,7,3,12.0,1,0.5257810136659486,1,0.34184222178344426,6.15705378432719,0.028724134909541975,0,10.617727494802732,0.3310316271960417
PC2_N3,pc2,push_neg_x,303,7,4,16.0,1,0.412491824081304,1,0.321848697681478,8.965432055762605,0.047376476383630586,0,10.967347178884255,0.32451703969170065
PC2_N3,pc2,push_neg_x,303,8,1,4.0,1,0.46853656801779897,1,0.31975039712248,7.7752657950327695,0.030806985971484013,0,9.739384623465197,0.3220918841540495
PC2_N3,pc2,push_neg_x,303,8,2,8.0,1,0.48152740351482726,1,0.3446056059496926,10.403028749577816,0.030453891560526466,0,13.42151312285023,0.33900367337114673
PC2_N3,pc2,push_neg_x,303,8,3,12.0,1,0.5350526017137057,1,0.3411731120736841,8.124315434981709,0.03283176417087976,0,11.096486881777775,0.325309283433751
PC2_N3,pc2,push_neg_x,303,8,4,16.0,1,0.5341671512498833,1,0.34272300830499375,9.814382077095678,0.029391600343471366,0,12.93065190330948,0.33149216901809775
PC2_N3,pc2,push_neg_x,303,9,1,4.0,1,0.5082722830678706,1,0.33712175592062943,8.728077725444425,0.03506079183200993,0,9.308143366044414,0.32866149104852727
PC2_N3,pc2,push_neg_x,303,9,2,8.0,1,0.4618081586019801,1,0.33894684655781093,9.448616520096785,0.027059038154477966,0,10.495069620680448,0.32820899537540377
PC2_N3,pc2,push_neg_x,303,9,3,12.0,1,0.5041067245332411,1,0.34058772441856366,9.577537827014524,0.026722436759152188,0,10.257316044986945,0.3235166793201059
PC2_N3,pc2,push_neg_x,303,9,4,16.0,1,0.5744638301533537,1,0.32359113404776324,8.934093169353346,0.040350151829996656,0,10.13527470670548,0.3234606288014886
PC2_N3,pc2,push_neg_x,303,10,1,4.0,1,0.4375568365400426,1,0.3358134895881867,8.614086557827907,0.03439528780423419,0,9.711931375613872,0.3203425152416535
PC2_N3,pc2,push_neg_x,303,10,2,8.0,1,0.5060768491070479,1,0.3412746340833246,9.194043361303812,0.04167424128303393,0,11.433801931203874,0.3238789781848377
PC2_N3,pc2,push_neg_x,303,10,3,12.0,1,0.5124936486869699,1,0.3398386316503433,10.23420849334731,0.03227410343426368,0,12.422527778022404,0.32364274935926346
PC2_N3,pc2,push_neg_x,303,10,4,16.0,1,0.503021720265287,1,0.3480895868437813,8.37672251344419,0.03301910288356284,0,9.392098176497148,0.34324195726032564
PC2_N3,pc2,push_neg_x,303,11,1,4.0,1,0.5505935136074097,1,0.3396031779242072,8.038110896522872,0.03413913807496974,0,10.778297173781134,0.32120358131148596
PC2_N3,pc2,push_neg_x,303,11,2,8.0,1,0.5284573780459728,1,0.3191091752944783,9.721623559855551,0.027823444714394005,0,10.923677223303134,0.31401965149583666
PC2_N3,pc2,push_neg_x,303,11,3,12.0,1,0.5033088636290631,1,0.34428930824453186,7.380336314897123,0.03879585659518474,0,12.84976128917782,0.3305199903281615
PC2_N3,pc2,push_neg_x,303,11,4,16.0,1,0.48160211251292206,1,0.3488970967856321,10.566737846645275,0.041376552114559914,0,12.759911785256929,0.34514273360451275
PC2_N3,pc2,push_neg_x,303,12,1,4.0,1,0.5128006966233202,1,0.331912170996003,6.985456699489747,0.03839206431860004,0,10.909503246766322,0.33099954842246154
PC2_N3,pc2,push_neg_x,303,12,2,8.0,1,0.5073097458972002,1,0.3423535323397998,10.547534095399977,0.02667552684395326,0,10.724493512501729,0.3321343840443514
PC2_N3,pc2,push_neg_x,303,12,3,12.0,1,0.44947599525026827,1,0.3472314153444321,9.543426787333035,0.029665673566439375,0,10.084945278930634,0.34114456224569023
PC2_N3,pc2,push_neg_x,303,12,4,16.0,1,0.4864070872550407,1,0.34051598361469204,9.181533658744762,0.0229761216282955,0,9.998473563491842,0.3253004770865415
PC2_N3,pc2,push_neg_x,303,13,1,4.0,1,0.5366794886650473,1,0.3352068896918373,7.945765939384514,0.02509819791093877,0,10.705298514312977,0.3231571519119854
PC2_N3,pc2,push_neg_x,303,13,2,8.0,1,0.5161697642882116,1,0.3401320910549419,9.096200900418388,0.03978051010251842,0,11.111913809782438,0.3372964419145635
PC2_N3,pc2,push_neg_x,303,13,3,12.0,1,0.5286759766308794,1,0.3402170826566411,9.644318739390854,0.031282017502550614,0,10.002052818000847,0.3267988852638612
PC2_N3,pc2,push_neg_x,303,13,4,16.0,1,0.4860697314137362,1,0.3423849314769959,9.920853061605712,0.03567280439068208,0,10.557842178178323,0.3235656743381113
PC2_N3,pc2,push_neg_x,303,14,1,4.0,1,0.5037170084945521,1,0.3125303856191788,5.96484578898093,0.03505187337714867,0,7.860000313775848,0.30422387132670153
PC2_N3,pc2,push_neg_x,303,14,2,8.0,1,0.556800249666514,1,0.31876087109035345,5.977501435896318,0.043688357403680475,0,7.897172267858557,0.30471979695207935
PC2_N3,pc2,push_neg_x,303,14,3,12.0,1,0.5362591870466112,1,0.3204431297147975,8.291816188343024,0.027902709938741894,0,9.086726241705229,0.30009888503003246
PC2_N3,pc2,push_neg_x,303,14,4,16.0,1,0.5172504212552683,1,0.3096370891453748,9.177888908923418,0.032437485823467754,0,9.69259931538506,0.30202226332802184
PC2_N3,pc2,push_neg_x,303,15,1,4.0,1,0.5497686721068739,1,0.3347429273759618,7.330811734695361,0.02593040786786905,0,14.884216396804877,0.3250604034426378
PC2_N3,pc2,push_neg_x,303,15,2,8.0,1,0.4842297775895212,1,0.3377561321392416,10.950872446656266,0.04113914033708929,0,18.52820800079967,0.2947332065373181
PC2_N3,pc2,push_neg_x,303,15,3,12.0,1,0.42523521779974593,1,0.3323073181557783,7.884861001173645,0.03497783447858585,0,10.603297911919908,0.3313240469458269
PC2_N3,pc2,push_neg_x,303,15,4,16.0,1,0.4864342008317455,1,0.3477235508953186,10.584433829727132,0.026474025395064348,0,14.452390469022253,0.3369981409075426
PC2_N3,pc2,push_neg_x,303,16,1,4.0,1,0.4995981340340647,1,0.31804474160314244,8.115777917686014,0.044621739869746435,0,11.336836327473067,0.2964145681437324
PC2_N3,pc2,push_neg_x,303,16,2,8.0,1,0.48984969641344195,1,0.3425260394971001,9.514092386885704,0.028221577551740457,0,11.25805827608926,0.30893544605709017
PC2_N3,pc2,push_neg_x,303,16,3,12.0,1,0.5074909227842175,1,0.33901139137579156,9.057020234227501,0.034749653458783655,0,15.340484644093138,0.27382248082262944
PC2_N3,pc2,push_neg_x,303,16,4,16.0,1,0.5123676575617814,1,0.319528739082622,6.6008267119345305,0.029491023940699142,0,7.199526977085936,0.3141422278103344
PC2_N3,pc2,push_neg_x,303,17,1,4.0,1,0.5587556685307863,1,0.32773854906227495,7.222117361751582,0.03188606212773806,0,10.866255825848292,0.314483390453665
PC2_N3,pc2,push_neg_x,303,17,2,8.0,1,0.5383390651522094,1,0.3451792022442435,10.4563290859884,0.034796685123706754,0,11.08219365219376,0.3206582238329923
PC2_N3,pc2,push_neg_x,303,17,3,12.0,1,0.5180967964526755,1,0.34321336272884817,10.412296123068042,0.033362384013464204,0,9.784541826292072,0.32198030840266834
PC2_N3,pc2,push_neg_x,303,17,4,16.0,1,0.44884687027594267,1,0.33768425244379807,8.177075827032422,0.039423887490942375,0,11.683191207836472,0.3170647479314855
PC2_N3,pc2,push_neg_x,303,18,1,4.0,1,0.5319539154304488,1,0.3246381061281112,7.747506100002548,0.03779118309245591,0,11.926397031758274,0.33170944053859
PC2_N3,pc2,push_neg_x,303,18,2,8.0,1,0.5098148710706989,1,0.3259165671898082,10.506764507156873,0.03626398327744806,0,13.445973775124681,0.3264936465311815
PC2_N3,pc2,push_neg_x,303,18,3,12.0,1,0.506152472071766,1,0.3340891033092285,8.960468328036274,0.037895529914004605,0,11.771318645394713,0.32790239928240444
PC2_N3,pc2,push_neg_x,303,18,4,16.0,1,0.4748822378868161,1,0.3257191033764957,7.631747848011516,0.026597443451138632,0,10.42194144932313,0.3191954171593814
PC2_N3,pc2,push_neg_x,303,19,1,4.0,1,0.4923617198533898,1,0.3216737437056985,6.208325346879905,0.02931126445090962,0,9.648951733725989,0.31041033239288124
PC2_N3,pc2,push_neg_x,303,19,2,8.0,1,0.47921549017774356,1,0.35191026361868344,10.278736141519733,0.03413185444197738,0,11.739822329980127,0.31203394411081936
PC2_N3,pc2,push_neg_x,303,19,3,12.0,1,0.48207484340076984,1,0.34400999816981226,9.825277721979983,0.03016485807940454,0,9.143852314220522,0.31933040175845917
PC2_N3,pc2,push_neg_x,303,19,4,16.0,1,0.5464093702622417,1,0.3459815253070332,8.401859629202573,0.031045203941511813,0,13.105651897668206,0.3230043085501156
PC2_N3,pc2,push_neg_x,303,20,1,4.0,1,0.533432323833492,1,0.325212102841566,6.273620646852976,0.03744528798214022,0,14.766845942951502,0.22304874021101762
PC2_N3,pc2,push_neg_x,303,20,2,8.0,1,0.43506495924477884,1,0.28091399714271015,2.9409111235962806,0.03416246656035733,0,7.675216053739048,0.2799741075956885
PC2_N3,pc2,push_neg_x,303,20,3,12.0,1,0.5006564911716056,1,0.31527279301441924,5.932701320932035,0.03492838123485785,0,7.760583399913576,0.3134931918771509
PC2_N3,pc2,push_neg_x,303,20,4,16.0,1,0.5603312612767999,1,0.3259308869666594,8.003112399669387,0.03517333263506798,0,7.928008348014191,0.29841557447923056
PC2_N3,pc2,push_neg_x,303,21,1,4.0,1,0.5529140737005069,1,0.3400934733012143,7.880501249016055,0.03091802390675396,0,11.959897604002995,0.334588177541998
PC2_N3,pc2,push_neg_x,303,21,2,8.0,1,0.4983968317051139,1,0.3434082750968117,11.145942965403346,0.03041505897869177,0,12.162719702120848,0.3386637834622898
PC2_N3,pc2,push_neg_x,303,21,3,12.0,1,0.5386762208810869,1,0.346701071303796,10.308348541567767,0.02953333996841724,0,11.493702022740079,0.3300322644850787
PC2_N3,pc2,push_neg_x,303,21,4,16.0,1,0.5577529649212748,1,0.3482994796598659,8.937405049392229,0.044808046851486566,0,12.17129138891573,0.3390438795727205
PC2_N3,pc2,push_neg_x,303,22,1,4.0,1,0.541940724657786,1,0.34020471349756987,8.104503703398773,0.043509750384242867,0,11.80728930036434,0.3413144197056
PC2_N3,pc2,push_neg_x,303,22,2,8.0,1,0.5231616510526997,1,0.35923281694478526,5.62409689472566,0.03158207767260691,0,7.103045975910456,0.34127752953034673
PC2_N3,pc2,push_neg_x,303,22,3,12.0,1,0.5037125379630765,1,0.34568431718464204,6.215311096333254,0.04097221932308831,0,9.915262276366528,0.337822806707678
PC2_N3,pc2,push_neg_x,303,22,4,16.0,1,0.5197734612408957,1,0.3494352010641506,10.350908853286818,0.03594535094227049,0,13.404759395530624,0.3343723376485753
PC2_N3,pc2,push_neg_x,303,23,1,4.0,1,0.4470155220429236,1,0.3328064156566712,7.367042412429656,0.028413060770378376,0,12.021754104859887,0.3353217495953973
PC2_N3,pc2,push_neg_x,303,23,2,8.0,1,0.501201490595163,1,0.32737414116527946,10.585776386721239,0.02994272268639988,0,11.453373017233115,0.32521988316015765
PC2_N3,pc2,push_neg_x,303,23,3,12.0,1,0.4950625427205813,1,0.3439351671679135,8.62487281165014,0.030239166635734317,0,11.555171243302183,0.34230405554414434
PC2_N3,pc2,push_neg_x,303,23,4,16.0,1,0.44811902791870534,1,0.3398709489221879,10.85709419456915,0.03851307819765272,0,11.7619739761103,0.33397405734036695
PC2_N3,pc2,push_neg_x,303,24,1,4.0,1,0.5337072673895847,1,0.33080782458425206,8.557643236044857,0.03467598615853592,0,11.041308670361474,0.3317493098304871
PC2_N3,pc2,push_neg_x,303,24,2,8.0,1,0.46614445376683133,1,0.35248873211483267,9.994201144342249,0.041535675852962785,0,11.113915985649262,0.3432143878809271
PC2_N3,pc2,push_neg_x,303,24,3,12.0,1,0.45610598171465555,1,0.3502150064802425,9.150889722568095,0.03353824039807526,0,11.76698215498382,0.34528483601814924
PC2_N3,pc2,push_neg_x,303,24,4,16.0,1,0.4935651642639045,1,0.34551048693172437,10.382678785494193,0.028081626977077244,0,11.694721027598089,0.3396174137923807
PC2_N3,pc2,push_neg_x,303,25,1,4.0,1,0.4945497612147097,1,0.3336197620725887,7.080749393853555,0.03276695455794929,0,9.648258955313539,0.3196097688878921
PC2_N3,pc2,push_neg_x,303,25,2,8.0,1,0.48210708275387415,1,0.33789443937852426,7.304144774121058,0.037116665977416884,0,13.46974574275156,0.31010530259519975
PC2_N3,pc2,push_neg_x,303,25,3,12.0,1,0.5306999792353144,1,0.3326030313012434,7.99566186717716,0.021991535405321207,0,14.022624746583968,0.2877202147149785
PC2_N3,pc2,push_neg_x,303,25,4,16.0,1,0.47464479088588063,1,0.3368062370601185,8.77553504030081,0.03359771632437142,0,10.868049121116627,0.3236430771848097
PC2_N3,pc2,push_neg_x,303,26,1,4.0,1,0.49188342620140013,1,0.32191385272989936,7.5546570888971765,0.03851075128946022,0,9.79440377299443,0.323077705932811
PC2_N3,pc2,push_neg_x,303,26,2,8.0,1,0.524392240598694,1,0.34035031585132375,10.0163334752244,0.03636109339913583,0,12.009598309235555,0.3326640817570814
PC2_N3,pc2,push_neg_x,303,26,3,12.0,1,0.4918778374665949,1,0.3317963621195625,11.142236082237284,0.0390193196074146,0,11.745192141349811,0.3156294210709353
PC2_N3,pc2,push_neg_x,303,26,4,16.0,1,0.5318582868104641,1,0.2894314960999922,6.568042903868866,0.044353488534833715,0,7.613859445541633,0.3163727042190531
PC2_N3,pc2,push_neg_x,303,27,1,4.0,1,0.5162438369306594,1,0.32695182815273816,8.025586450079064,0.038742903751540464,0,11.794665092077127,0.31440782849801413
PC2_N3,pc2,push_neg_x,303,27,2,8.0,1,0.46702116002004573,1,0.3465490068662613,9.165477089436795,0.03054380876749277,0,10.321632943347671,0.30540666924440923
PC2_N3,pc2,push_neg_x,303,27,3,12.0,1,0.4787914059724172,1,0.3476392252241226,8.152376337497286,0.04597026306610261,0,9.667821186307611,0.31887402413363125
PC2_N3,pc2,push_neg_x,303,27,4,16.0,1,0.4382101014211091,1,0.34832976391927445,9.849216436329753,0.04387379608628841,0,11.544493749938393,0.32052236922921984
PC2_N3,pc2,push_neg_x,303,28,1,4.0,1,0.47343243497187704,1,0.33256778057246283,9.305257090923735,0.04489477001188528,0,10.779520634845515,0.3282830909611707
PC2_N3,pc2,push_neg_x,303,28,2,8.0,1,0.524406525935075,1,0.3412742710368518,9.293897164362711,0.034853831018561404,0,10.37321590204725,0.3354056201835367
PC2_N3,pc2,push_neg_x,303,28,3,12.0,1,0.4990963885651726,1,0.35333449007036855,9.944829036849335,0.047224106871824385,0,11.7249588193999,0.33443702972509004
PC2_N3,pc2,push_neg_x,303,28,4,16.0,1,0.5085058458049126,1,0.3429525864315543,9.516994566681372,0.027771371310167194,0,10.237139842481854,0.34204269698596895
PC2_N3,pc2,push_neg_x,303,29,1,4.0,1,0.467623135765984,1,0.3364345436108941,8.677993985539153,0.0353099705759015,0,10.702558848352883,0.33395321324547345
PC2_N3,pc2,push_neg_x,303,29,2,8.0,1,0.4604249038137,1,0.3396110555386161,11.159162316309555,0.027208838338488917,0,11.084964941971561,0.33013729025973354
PC2_N3,pc2,push_neg_x,303,29,3,12.0,1,0.5436704647124658,1,0.3439234691188935,10.194006400375635,0.03337401502552832,0,10.628453651342742,0.311986728626139
PC2_N3,pc2,push_neg_x,303,29,4,16.0,1,0.5269638385270984,1,0.3434857550789328,8.950255709646097,0.03672219580621357,0,9.644977776462078,0.3310048368206636
PC2_N3,pc2,push_neg_x,303,30,1,4.0,1,0.5211912550229887,1,0.328213629636535,7.5764664757268845,0.020864983055896354,0,11.123974630469352,0.32373218294133477
PC2_N3,pc2,push_neg_x,303,30,2,8.0,1,0.4521458294317532,1,0.3417090771191898,10.53447131744899,0.03238749653683259,0,11.271729474794153,0.3323665589572274
PC2_N3,pc2,push_neg_x,303,30,3,12.0,1,0.5003931165812995,1,0.3461564006333683,10.57880882608491,0.031032967474975248,0,12.985919874975993,0.3375881016254425
PC2_N3,pc2,push_neg_x,303,30,4,16.0,1,0.48635057028625545,1,0.33883961740343327,10.512463229408075,0.02747281550063349,0,10.737314108219861,0.3250772387267434
PC2_N3,pc2,push_neg_x,303,31,1,4.0,1,0.48435560917550635,1,0.3322384862657537,7.674125558605566,0.026174314180824748,0,13.325971047689961,0.29476119872720485
PC2_N3,pc2,push_neg_x,303,31,2,8.0,1,0.4929422035217047,1,0.3417681799056058,6.348223208491415,0.02409365716671848,0,10.423753657841813,0.3097155892593975
PC2_N3,pc2,push_neg_x,303,31,3,12.0,1,0.478121590724431,1,0.34095210362883177,6.933100369955398,0.020759226808820065,0,14.501228642648897,0.2878815758037057
PC2_N3,pc2,push_neg_x,303,31,4,16.0,1,0.4581317641755686,1,0.3438142175502318,10.588850226509464,0.032325806284116756,0,11.916064129178434,0.33010585135954584
PC2_N3,pc2,push_pos_y,101,0,1,4.0,1,0.47148874051347556,1,0.30775039097204565,6.807190435100063,0.04326335669626203,0,8.20243276456827,0.30648117556291465
PC2_N3,pc2,push_pos_y,101,0,2,8.0,1,0.49865283813217937,1,0.3444347839782582,9.668735636320882,0.029521265894452274,0,11.45988938420512,0.34447795710461665
PC2_N3,pc2,push_pos_y,101,0,3,12.0,1,0.5135105717099717,1,0.3452887071326455,9.083449589772922,0.042145257680736535,0,12.869233501696218,0.33135388002676125
PC2_N3,pc2,push_pos_y,101,0,4,16.0,1,0.4803945712323623,1,0.3485586337227235,7.886937415995758,0.03631140883955007,0,12.06208819767737,0.33407340075242964
PC2_N3,pc2,push_pos_y,101,1,1,4.0,1,0.42364128930985145,1,0.34346416807748414,10.807639506187737,0.04221845318459873,0,11.257778387391179,0.34076983358133284
PC2_N3,pc2,push_pos_y,101,1,2,8.0,1,0.49249277042900075,1,0.3434553685832151,10.810827023742426,0.028514058537195554,0,11.801045654947401,0.34145044882029774
PC2_N3,pc2,push_pos_y,101,1,3,12.0,1,0.5198981323107562,1,0.3472545945389386,10.320989832422534,0.02198690427019453,0,12.660759841578264,0.3386616674974003
PC2_N3,pc2,push_pos_y,101,1,4,16.0,1,0.5306744557063846,1,0.3400433661944089,10.179402394276288,0.038888486117825756,0,12.20282096692556,0.34200091795487836
PC2_N3,pc2,push_pos_y,101,2,1,4.0,1,0.4596935883188306,1,0.3279395667626896,7.649192154767175,0.03200560375851069,0,10.216000013776197,0.3213197541109381
PC2_N3,pc2,push_pos_y,101,2,2,8.0,1,0.55683597531044,1,0.34066688711630466,8.913190573391281,0.03555949650438463,0,9.03154814981803,0.32434923062350024
PC2_N3,pc2,push_pos_y,101,2,3,12.0,1,0.4517972581346601,1,0.3333610741690518,7.508952432803177,0.03157494186658247,0,8.348496614625544,0.3124461604312142
PC2_N3,pc2,push_pos_y,101,2,4,16.0,1,0.5101430774206112,1,0.32585439229394025,8.16981836699922,0.03161258460435194,0,8.286786370525437,0.3091552222476286
PC2_N3,pc2,push_pos_y,101,3,1,4.0,1,0.5036206859841986,1,0.33735910408637104,9.839180425047509,0.03951949097599651,0,10.56419601333118,0.3317527770996094
PC2_N3,pc2,push_pos_y,101,3,2,8.0,1,0.5253786304980658,1,0.3526168574783254,9.230567856906713,0.036525778509490577,0,19.51861047506325,0.28686554961026034
PC2_N3,pc2,push_pos_y,101,3,3,12.0,1,0.5482918308483581,1,0.32245964744193034,8.38240294915266,0.03600718097129381,0,11.947696294478929,0.3160093928722137
PC2_N3,pc2,push_pos_y,101,3,4,16.0,1,0.47099571722570904,1,0.3451390013019031,10.543535901764676,0.030687992619006267,0,10.787624881900676,0.3400590779947087
PC2_N3,pc2,push_pos_y,101,4,1,4.0,1,0.44501398654914515,1,0.34051386884508283,9.255865310356949,0.035588272002105154,0,8.905672740369177,0.3165174064470485
PC2_N3,pc2,push_pos_y,101,4,2,8.0,1,0.47234045752263026,1,0.32624527126710046,8.371560872558092,0.027699866047104168,0,8.979272640176163,0.30609225111211685
PC2_N3,pc2,push_pos_y,101,4,3,12.0,1,0.5291318398443877,1,0.3211106201384794,6.701067122556799,0.02353891679287811,0,8.34673235796352,0.3083702088358568
PC2_N3,pc2,push_pos_y,101,4,4,16.0,1,0.4857970892321135,1,0.3197861607061988,6.3871971745517335,0.03583721935326831,0,8.622702704534472,0.29861591955557226
PC2_N3,pc2,push_pos_y,101,5,1,4.0,1,0.4870503282971056,1,0.3326473860020306,8.48762192702744,0.02989926774267699,0,10.569503506472872,0.32495531583214826
PC2_N3,pc2,push_pos_y,101,5,2,8.0,1,0.5208819355580213,1,0.33949985861140775,9.461364660785327,0.041509834470949004,0,10.24103992777992,0.3418017523811463
PC2_N3,pc2,push_pos_y,101,5,3,12.0,1,0.5671974670539687,1,0.3382877643733101,10.269026505211638,0.035595426168125784,0,10.680542809825592,0.30359087764898085
PC2_N3,pc2,push_pos_y,101,5,4,16.0,1,0.5184357074522326,1,0.3246463334815387,7.719918920210551,0.033930699891336714,0,8.97629636065634,0.3197799470016663
PC2_N3,pc2,push_pos_y,101,6,1,4.0,1,0.5217064384986739,1,0.3336880324199238,7.692545864574708,0.035338947566961584,0,9.43848472063091,0.32569779670812227
PC2_N3,pc2,push_pos_y,101,6,2,8.0,1,0.496092518919358,1,0.33871908398235545,9.289088793176884,0.03411708876969823,0,10.1607631250722,0.33507859388137246
PC2_N3,pc2,push_pos_y,101,6,3,12.0,1,0.46293494603093005,1,0.3430868935457525,9.535923370380772,0.034841971517514364,0,10.911289519827534,0.33618536974019547
PC2_N3,pc2,push_pos_y,101,6,4,16.0,1,0.5131469416155043,1,0.34688545213663646,10.08798533823989,0.022902014150315786,0,10.645086735879794,0.335289810589928
PC2_N3,pc2,push_pos_y,101,7,1,4.0,1,0.5620566602316255,1,0.3191929435666232,6.1277205795342224,0.025860818669150076,0,9.092173920257501,0.32555840120596047
PC2_N3,pc2,push_pos_y,101,7,2,8.0,1,0.4913492323621284,1,0.333376096053557,8.124943815197302,0.03200876441364299,0,10.765780770840067,0.33177296108103055
PC2_N3,pc2,push_pos_y,101,7,3,12.0,1,0.498719846656161,1,0.33438938027397197,11.21768332679105,0.03954922678038289,0,11.704337489882349,0.3274991848570778
PC2_N3,pc2,push_pos_y,101,7,4,16.0,1,0.5201149659076156,1,0.33700901604591205,10.198554102314343,0.0318204542480124,0,9.91613489558374,0.32792971526237735
PC2_N3,pc2,push_pos_y,101,8,1,4.0,1,0.5349841818960045,1,0.33072169356167636,7.622914385892067,0.03857701429182575,0,9.533123269749675,0.3243270043064566
PC2_N3,pc2,push_pos_y,101,8,2,8.0,1,0.5439434112220145,1,0.3475796980335113,9.117506477539226,0.05112754420115642,0,10.310076034014939,0.3255989347549683
PC2_N3,pc2,push_pos_y,101,8,3,12.0,1,0.49035999364111166,1,0.345184748265195,9.573130024831457,0.02725327680832828,0,11.027159067403025,0.3434436584220213
PC2_N3,pc2,push_pos_y,101,8,4,16.0,1,0.4988854218652469,1,0.3503899548780472,9.427784968934041,0.027908918166993826,0,11.007466110657672,0.3245299778838846
PC2_N3,pc2,push_pos_y,101,9,1,4.0,1,0.49767440035610055,1,0.33726421914954874,8.473928681054971,0.039478538083993625,0,10.761538377595352,0.3393495495625358
PC2_N3,pc2,push_pos_y,101,9,2,8.0,1,0.47455125629093353,1,0.3404329489259159,10.692559117748491,0.030196880286179503,0,12.08001901384496,0.3385717175542352
PC2_N3,pc2,push_pos_y,101,9,3,12.0,1,0.4746981908576528,1,0.341115039618895,10.788470181933445,0.04360067301920009,0,11.449365096706531,0.33773994748605124
PC2_N3,pc2,push_pos_y,101,9,4,16.0,1,0.6077799643858198,1,0.34611338839173955,10.762860395182171,0.030122010394985813,0,14.628096684145547,0.3362359465124773
PC2_N3,pc2,push_pos_y,101,10,1,4.0,1,0.5240555839452061,1,0.33101386668529104,6.964795546397038,0.03266319794764282,0,8.69865548827147,0.31728251493550874
PC2_N3,pc2,push_pos_y,101,10,2,8.0,1,0.49618291875992054,1,0.3347345501343834,8.136812468730175,0.031547244945383184,0,11.011006973116924,0.2935651454696043
PC2_N3,pc2,push_pos_y,101,10,3,12.0,1,0.4568896986499549,1,0.33708284420763107,9.839723853419045,0.03448704765074763,0,12.550564024784636,0.3065568983236099
PC2_N3,pc2,push_pos_y,101,10,4,16.0,1,0.46172980641145006,1,0.3430607653556661,9.968621178076539,0.047531724591968014,0,10.918395664961789,0.3128942023305332
PC2_N3,pc2,push_pos_y,101,11,1,4.0,1,0.5298209284347563,1,0.3327141961152541,8.80967018319215,0.024357660972413132,0,10.967347178884255,0.33222385364420276
PC2_N3,pc2,push_pos_y,101,11,2,8.0,1,0.5079467688416516,1,0.3177730021151629,9.43787944824983,0.03297561743293995,0,11.256711248710978,0.30858377132186277
PC2_N3,pc2,push_pos_y,101,11,3,12.0,1,0.5142805128809305,1,0.32215204579944917,9.853130333838813,0.04383756863667243,0,11.424029845730548,0.3197999650781805
PC2_N3,pc2,push_pos_y,101,11,4,16.0,1,0.45744538417474784,1,0.3319581781319756,9.964199906850684,0.028856022646764314,0,11.012026103853842,0.3320443370444252
PC2_N3,pc2,push_pos_y,101,12,1,4.0,1,0.4500855059183154,1,0.3399565085210902,8.011094559287574,0.03746862948000837,0,8.965499132772337,0.3361091785889896
PC2_N3,pc2,push_pos_y,101,12,2,8.0,1,0.5036851842121173,1,0.3326588504135927,8.39734257427885,0.04790458511741924,0,8.828817046160319,0.3329490735569102
PC2_N3,pc2,push_pos_y,101,12,3,12.0,1,0.41981957468293435,1,0.34861792376972134,9.252962163453628,0.031075591068401527,0,11.549322001654035,0.337782102950754
PC2_N3,pc2,push_pos_y,101,12,4,16.0,1,0.44922071328265745,1,0.3434591268632501,9.311855047512427,0.033745368614906304,0,11.695142226815047,0.33517138811356245
PC2_N3,pc2,push_pos_y,101,13,1,4.0,1,0.534738696047156,1,0.32945525526681685,6.932464885116406,0.028055824534863816,0,8.171400166091471,0.3180611830025433
PC2_N3,pc2,push_pos_y,101,13,2,8.0,1,0.48056080811662166,1,0.3265525234893044,6.358270739164341,0.03449296170873754,0,9.333235724975143,0.32326883842600856
PC2_N3,pc2,push_pos_y,101,13,3,12.0,1,0.5478257951811419,1,0.33333098250914384,8.029155024379747,0.03591287558575407,0,11.576207777804006,0.33064203577883106
PC2_N3,pc2,push_pos_y,101,13,4,16.0,1,0.49071387236751307,1,0.33107843222146366,11.083023786159682,0.03155633719464461,0,11.613775259688746,0.32467057280999456
PC2_N3,pc2,push_pos_y,101,14,1,4.0,1,0.5114467017042023,1,0.3344809028075978,8.554541721553138,0.0372050166304025,0,12.388397249736196,0.33410794068785277
PC2_N3,pc2,push_pos_y,101,14,2,8.0,1,0.5009383008451415,1,0.34320598338695774,11.113004400469626,0.030909602482772833,0,12.236027018652548,0.3401101354290457
PC2_N3,pc2,push_pos_y,101,14,3,12.0,1,0.5193700603480478,1,0.34236333586952905,10.45111549207451,0.02502242331669686,0,12.041168406242527,0.33925026559574717
PC2_N3,pc2,push_pos_y,101,14,4,16.0,1,0.4650538109787448,1,0.34075923056844726,10.863981058071868,0.04002497445420699,0,12.464464285613277,0.34048842108823396
PC2_N3,pc2,push_pos_y,101,15,1,4.0,1,0.5026452944270857,1,0.335079909566252,9.792851973888911,0.04595243043792782,0,11.140813375730366,0.3399249393353488
PC2_N3,pc2,push_pos_y,101,15,2,8.0,1,0.4462471659257038,1,0.33959744496141525,10.225525029214623,0.0359332961652922,0,11.143976678413418,0.3419363332942208
PC2_N3,pc2,push_pos_y,101,15,3,12.0,1,0.50746578884808,1,0.3485854830652635,9.416519948690333,0.0417727724596572,0,12.055892863836673,0.34080868465377684
PC2_N3,pc2,push_pos_y,101,15,4,16.0,1,0.5570698860966797,1,0.3438888213691864,9.292347118026225,0.03463474738042942,0,11.911597582888671,0.34085279543769553
PC2_N3,pc2,push_pos_y,101,16,1,4.0,1,0.44345880925153097,1,0.33137164005939973,8.057965055295178,0.04059208932452959,0,9.62820815891522,0.3290439268803214
PC2_N3,pc2,push_pos_y,101,16,2,8.0,1,0.4509660434805908,1,0.34720222229626085,8.302938939642043,0.022893180401502948,0,11.724068098604764,0.33715479291059114
PC2_N3,pc2,push_pos_y,101,16,3,12.0,1,0.5037538460995422,1,0.3464498799593053,10.032738896021364,0.036463696067738714,0,11.561085727251736,0.34275771032042684
PC2_N3,pc2,push_pos_y,101,16,4,16.0,1,0.48145298286699284,1,0.347400684168632,9.41031771886377,0.035254577134964646,0,12.492581798311381,0.3359974251392691
PC2_N3,pc2,push_pos_y,101,17,1,4.0,1,0.48520711910334113,1,0.34537008819095594,8.573964640134172,0.043376420511984426,0,9.465830599399673,0.33734457808382373
PC2_N3,pc2,push_pos_y,101,17,2,8.0,1,0.5363547166024368,1,0.34486058999829117,8.350342705574256,0.04138043799559398,0,10.017103276878716,0.3316463624092347
PC2_N3,pc2,push_pos_y,101,17,3,12.0,1,0.47517852214882506,1,0.3465857711386553,10.630456128356903,0.03010285863576689,0,10.892564400656903,0.34114652680840724
PC2_N3,pc2,push_pos_y,101,17,4,16.0,1,0.5392340899278615,1,0.3491968749200597,10.555474022004208,0.019842450557181243,0,11.401351657300243,0.3389918000940333
PC2_N3,pc2,push_pos_y,101,18,1,4.0,1,0.5089346283696153,1,0.3351831779601102,8.597110325330362,0.0368740766143478,0,10.323729359871834,0.3215902672413199
PC2_N3,pc2,push_pos_y,101,18,2,8.0,1,0.494924152706751,1,0.3390766387795382,10.67131527147886,0.03415836829018146,0,12.464622512413653,0.3113160257670969
PC2_N3,pc2,push_pos_y,101,18,3,12.0,1,0.5436100873456012,1,0.34002762084657495,8.712464100233607,0.03676537256646335,0,9.159441052872703,0.3229096216313979
PC2_N3,pc2,push_pos_y,101,18,4,16.0,1,0.5319787468437781,1,0.34686032328057415,10.690939186234178,0.028077022172872612,0,13.650401623103836,0.3102246379469805
PC2_N3,pc2,push_pos_y,101,19,1,4.0,1,0.5247816090735756,1,0.3358342573445111,8.085947748076329,0.043330708940524154,0,10.982200346623946,0.33415181385004583
PC2_N3,pc2,push_pos_y,101,19,2,8.0,1,0.5104560439543612,1,0.3455684675889857,8.095714831786928,0.02923394830442288,0,10.29716902919232,0.3441716823029646
PC2_N3,pc2,push_pos_y,101,19,3,12.0,1,0.48047967533752817,1,0.34618811237620795,10.474854949732856,0.03213519364151887,0,10.855326706730683,0.3443777395442208
PC2_N3,pc2,push_pos_y,101,19,4,16.0,1,0.5220550358328527,1,0.3412825114586774,9.636830909099551,0.047229744210222406,0,10.252386006291266,0.33401498023201437
PC2_N3,pc2,push_pos_y,101,20,1,4.0,1,0.5015448236617972,1,0.333895398015007,8.286110842377791,0.03530233458312995,0,9.897992573520671,0.3193927012025354
PC2_N3,pc2,push_pos_y,101,20,2,8.0,1,0.4648273324415277,1,0.3370511352537787,8.556370464694862,0.032513530312091914,0,10.881371939582253,0.32168860470547395
PC2_N3,pc2,push_pos_y,101,20,3,12.0,1,0.5375442158157436,1,0.3432261827476522,9.358019580684363,0.03361975263845218,0,10.726658852906187,0.31862867723174276
PC2_N3,pc2,push_pos_y,101,20,4,16.0,1,0.4774091834562549,1,0.3451016948503607,9.92344317365892,0.032906245667681924,0,14.087171543651891,0.32213791631122324
PC2_N3,pc2,push_pos_y,101,21,1,4.0,1,0.4942722855095776,1,0.33667165718295355,9.122408303875417,0.03931685529063876,0,11.082406852626207,0.3374674514653211
PC2_N3,pc2,push_pos_y,101,21,2,8.0,1,0.5366534088506154,1,0.3541237436195108,9.574809769583494,0.04066580150427236,0,11.325051491455431,0.34888676589823026
PC2_N3,pc2,push_pos_y,101,21,3,12.0,1,0.49474268349515554,1,0.3459383734566642,10.069223595112305,0.03852808316313863,0,12.041577658483451,0.3310472193886252
PC2_N3,pc2,push_pos_y,101,21,4,16.0,1,0.5061834160283715,1,0.3432511921553688,10.70445061409903,0.03782505740509744,0,11.5368634402242,0.33487936599369356
PC2_N3,pc2,push_pos_y,101,22,1,4.0,1,0.45460161962811785,1,0.3312229644009136,7.950170056793694,0.03531107625864903,0,9.747698451127665,0.3225904059282599
PC2_N3,pc2,push_pos_y,101,22,2,8.0,1,0.4804841208895353,1,0.3453632697542721,10.613166837296916,0.030718596504195318,0,11.76284511475238,0.30732735210561496
PC2_N3,pc2,push_pos_y,101,22,3,12.0,1,0.45762088879691787,1,0.3385742607919927,10.745255236686432,0.026587830412458078,0,9.93620398955403,0.31344248426151783
PC2_N3,pc2,push_pos_y,101,22,4,16.0,1,0.5143254509861666,1,0.33992580511671977,8.320186380898525,0.043488864764391996,0,14.287332795107305,0.295290470123291
PC2_N3,pc2,push_pos_y,101,23,1,4.0,1,0.5472789453500757,1,0.3201647161799956,8.181233370230565,0.03489146628030153,0,9.92745222629478,0.32256925408852927
PC2_N3,pc2,push_pos_y,101,23,2,8.0,1,0.5051880176644742,1,0.355718748534427,10.01807507652014,0.045026082192681144,0,10.550682597676378,0.3337772174633761
PC2_N3,pc2,push_pos_y,101,23,3,12.0,1,0.5091564387165036,1,0.34585454071906796,10.730855497695586,0.03415308889252165,0,11.968974672004276,0.3307013165823279
PC2_N3,pc2,push_pos_y,101,23,4,16.0,1,0.5263340205301099,1,0.33510584300533336,10.05666558703366,0.03516783601994805,0,11.455333469993276,0.31710564070206915
PC2_N3,pc2,push_pos_y,101,24,1,4.0,1,0.5213908375028368,1,0.34605316722138046,7.751838307440382,0.025201013001733025,0,9.861030525628339,0.3225163484320921
PC2_N3,pc2,push_pos_y,101,24,2,8.0,1,0.5188790248759373,1,0.3229205103959629,8.337198760245142,0.03151583030190328,0,9.126557945857956,0.30167035957708715
PC2_N3,pc2,push_pos_y,101,24,3,12.0,1,0.5136184902431853,1,0.3324833024631847,8.009820557300005,0.03340758476663422,0,8.264530901618889,0.3142758588739895
PC2_N3,pc2,push_pos_y,101,24,4,16.0,1,0.5331046047120149,1,0.3306459904035782,8.737462702009427,0.03196941333474422,0,8.571230573615773,0.31076520123583745
PC2_N3,pc2,push_pos_y,101,25,1,4.0,1,0.5028193396092603,1,0.3117171888523561,8.21850264984326,0.022512222488605446,0,11.68671539837115,0.2998177711976403
PC2_N3,pc2,push_pos_y,101,25,2,8.0,1,0.49803856225902254,1,0.33501254396642594,9.870187258167569,0.03200852627476887,0,11.38581023158675,0.3325000128006553
PC2_N3,pc2,push_pos_y,101,25,3,12.0,1,0.43682752454864243,1,0.3477061708024479,9.563305083635148,0.04142212311897478,0,11.901483854776908,0.3162956892806578
PC2_N3,pc2,push_pos_y,101,25,4,16.0,1,0.4898079853497926,1,0.35595658700415156,10.209092832683705,0.03209001785176217,0,11.238396881662727,0.3422339517164995
PC2_N3,pc2,push_pos_y,101,26,1,4.0,1,0.48406542103405537,1,0.32874629562870067,7.580686256999634,0.030141191332411603,0,10.671638991974792,0.32396061551124655
PC2_N3,pc2,push_pos_y,101,26,2,8.0,1,0.5077626272106206,1,0.34571663931729324,9.424539028726631,0.03273099927017114,0,9.8571811484319,0.31359229734874666
PC2_N3,pc2,push_pos_y,101,26,3,12.0,1,0.4862538747771052,1,0.34310975575192093,8.429489764195447,0.022731086134999544,0,8.926891606093166,0.3276427812117306
PC2_N3,pc2,push_pos_y,101,26,4,16.0,1,0.46004904891313453,1,0.34145874868739734,8.207985021779002,0.03919718129149245,0,9.3954668440903,0.3198862915689295
PC2_N3,pc2,push_pos_y,101,27,1,4.0,1,0.47551266296480527,1,0.31522904942061175,8.190993013002124,0.03611298928929477,0,12.627747319558157,0.3035548471193263
PC2_N3,pc2,push_pos_y,101,27,2,8.0,1,0.5406133527891965,1,0.34336217919135475,10.681534553388403,0.03599842415547959,0,11.99000213030481,0.3200520135183385
PC2_N3,pc2,push_pos_y,101,27,3,12.0,1,0.5059262697466412,1,0.34391486915675074,8.880484740394897,0.029102456568645022,0,10.836960162159121,0.33192671126222867
PC2_N3,pc2,push_pos_y,101,27,4,16.0,1,0.4792509627655916,1,0.3499223479931367,11.271526182806781,0.026099656005193747,0,11.227246769350097,0.3361794046539674
PC2_N3,pc2,push_pos_y,101,28,1,4.0,1,0.48608826425680957,1,0.32244044430753127,7.0387768949834015,0.028843153518170482,0,12.163546343161794,0.3244611416908509
PC2_N3,pc2,push_pos_y,101,28,2,8.0,1,0.49954232836093126,1,0.3075437092366703,8.072029327171954,0.04557832648348102,0,9.547381980641497,0.29033796098780507
PC2_N3,pc2,push_pos_y,101,28,3,12.0,1,0.440340474899315,1,0.3173516960067545,7.341527324898543,0.03173910659517954,0,10.756910089930956,0.3192008762436117
PC2_N3,pc2,push_pos_y,101,28,4,16.0,1,0.46357749433216217,1,0.3286383644463544,6.609247722509376,0.029812343723636406,0,11.405877039166617,0.32673534750938416
PC2_N3,pc2,push_pos_y,101,29,1,4.0,1,0.543027235224919,1,0.3455875861772242,8.762759650355452,0.037257664082155875,0,12.578100088187215,0.3377784136782355
PC2_N3,pc2,push_pos_y,101,29,2,8.0,1,0.5128636117524906,1,0.3409473273683997,10.725711052184568,0.035243999928483656,0,12.055451387912845,0.3336115563935775
PC2_N3,pc2,push_pos_y,101,29,3,12.0,1,0.5234068840941134,1,0.3422859610720752,7.976679219724362,0.027437471320126874,0,12.326417548540508,0.32711297576440207
PC2_N3,pc2,push_pos_y,101,29,4,16.0,1,0.4886869798569536,1,0.3352061154689381,10.50216176536736,0.02644150431539249,0,11.81466396042872,0.3248515825539349
PC2_N3,pc2,push_pos_y,101,30,1,4.0,1,0.4890000082600974,1,0.3387154824434117,9.834629902381039,0.03301096763380472,0,13.517984757999558,0.3296677406458931
PC2_N3,pc2,push_pos_y,101,30,2,8.0,1,0.5039028538718212,1,0.3428577897064189,9.461615588156278,0.04174886094494932,0,10.787661373906849,0.3395674250980112
PC2_N3,pc2,push_pos_y,101,30,3,12.0,1,0.44318552840992104,1,0.343298583186884,9.576030171346765,0.029978354908987963,0,11.649227686956406,0.337672929872166
PC2_N3,pc2,push_pos_y,101,30,4,16.0,1,0.5140435362427065,1,0.34591220032403813,9.471134724049758,0.03700405216065167,0,11.732720391990515,0.34171425021268464
PC2_N3,pc2,push_pos_y,101,31,1,4.0,1,0.4791598503430849,1,0.32665078883821314,7.403157839128603,0.03455741340484861,0,11.681082937318306,0.3303701915842964
PC2_N3,pc2,push_pos_y,101,31,2,8.0,1,0.48305426442056826,1,0.3381040582363618,8.188999704110223,0.03915399504539126,0,11.382124934377966,0.32956756882489047
PC2_N3,pc2,push_pos_y,101,31,3,12.0,1,0.4911778508894057,1,0.3224377982756671,8.465615055603495,0.03261883625029535,0,11.725026040903153,0.3219463479391394
PC2_N3,pc2,push_pos_y,101,31,4,16.0,1,0.5000793287671359,1,0.34174307638948614,7.9682525367973716,0.03338347937335635,0,11.35308582011927,0.3231068283797585
PC2_N3,pc2,push_pos_y,202,0,1,4.0,1,0.4735403775885789,1,0.32675735158397556,6.217208310961212,0.04415320967254869,0,11.532730411710608,0.3253258528875157
PC2_N3,pc2,push_pos_y,202,0,2,8.0,1,0.5063292990185451,1,0.31882041174778963,10.168366764168317,0.04017147396335187,0,9.951254217773823,0.2995303461258424
PC2_N3,pc2,push_pos_y,202,0,3,12.0,1,0.5176062539399763,1,0.31229031022219733,7.0438305787326225,0.03186561330989639,0,9.91226702752681,0.3101845772508631
PC2_N3,pc2,push_pos_y,202,0,4,16.0,1,0.49319322257761933,1,0.32772833236398546,9.625326113129962,0.026239128493672298,0,9.631188816494586,0.3169760696071992
PC2_N3,pc2,push_pos_y,202,1,1,4.0,1,0.5078593043830832,1,0.32964429099929526,6.766728740665744,0.035536514076627494,0,9.469069480844425,0.3243486887630932
PC2_N3,pc2,push_pos_y,202,1,2,8.0,1,0.4703916501584079,1,0.3391332002406452,7.62592019648555,0.0282588935400677,0,12.193414180968897,0.2925820780947884
PC2_N3,pc2,push_pos_y,202,1,3,12.0,1,0.4536817693633124,1,0.33614983230351125,9.097328916036208,0.04087742810563637,0,12.665947393104991,0.30056509997117964
PC2_N3,pc2,push_pos_y,202,1,4,16.0,1,0.48997798420246336,1,0.34485534215993424,10.456242597242287,0.031698519661025756,0,10.104040119566287,0.32258274928133757
PC2_N3,pc2,push_pos_y,202,2,1,4.0,1,0.47730332235897266,1,0.33512897231680827,8.512872785307483,0.04245698377842877,0,9.860492101234513,0.33312251462655906
PC2_N3,pc2,push_pos_y,202,2,2,8.0,1,0.5184112969440102,1,0.3457186361525786,9.030024258750831,0.028517002428401744,0,17.68906114279321,0.3007953661010865
PC2_N3,pc2,push_pos_y,202,2,3,12.0,1,0.5339905008978021,1,0.3193667553325388,8.29319538334273,0.03555242050603941,0,9.639962161725183,0.31951035168719166
PC2_N3,pc2,push_pos_y,202,2,4,16.0,1,0.4954121508085532,1,0.3455913650957658,9.199872392551715,0.027830493956526058,0,11.506240926580512,0.3402727166599131
PC2_N3,pc2,push_pos_y,202,3,1,4.0,1,0.5258067913591765,1,0.34391604435635126,8.121089671372918,0.034453441837108564,0,10.950280986599951,0.3333362215024265
PC2_N3,pc2,push_pos_y,202,3,2,8.0,1,0.43327141470091995,1,0.3374107397176365,9.673284901172387,0.03017226149922011,0,10.669942194035109,0.34042270537366204
PC2_N3,pc2,push_pos_y,202,3,3,12.0,1,0.46862610209,1,0.3349435695989884,9.926439435561411,0.02288960028873504,0,10.90372745747111,0.33640345596374677
PC2_N3,pc2,push_pos_y,202,3,4,16.0,1,0.46504652773674876,1,0.34524480990547546,10.676164240801725,0.03271284645476499,0,11.210659167779705,0.33194187522571994
PC2_N3,pc2,push_pos_y,202,4,1,4.0,1,0.49619119293042135,1,0.33120123826883696,9.17264725065312,0.03391647519526217,0,10.10135341515497,0.3196944240580268
PC2_N3,pc2,push_pos_y,202,4,2,8.0,1,0.5079982894830045,1,0.34658527868316774,9.157367473427097,0.022197354022385644,0,11.23003532198052,0.34050014455688193
PC2_N3,pc2,push_pos_y,202,4,3,12.0,1,0.4459671784931964,1,0.34830241837603526,10.292850387392505,0.038642776680266305,0,11.092635714722114,0.33143548276972645
PC2_N3,pc2,push_pos_y,202,4,4,16.0,1,0.5322607033873845,1,0.34710704061118036,9.955602225988073,0.043218731638795777,0,11.446921822332472,0.3283324130078688
PC2_N3,pc2,push_pos_y,202,5,1,4.0,1,0.5643977290319449,1,0.33558815614106186,7.854614460403246,0.02999569571470052,0,11.028033900543823,0.3207287436181849
PC2_N3,pc2,push_pos_y,202,5,2,8.0,1,0.5409272100498098,1,0.3166607919542547,9.55353406580311,0.04649928737214489,0,9.322194901457621,0.31831361425114185
PC2_N3,pc2,push_pos_y,202,5,3,12.0,1,0.48470402435529925,1,0.3201723270078394,7.6858528050206285,0.034307693511995266,0,8.665693017676292,0.30600428262496376
PC2_N3,pc2,push_pos_y,202,5,4,16.0,1,0.443971919905131,1,0.330156800979599,8.995904508833274,0.036803258756652094,0,8.73255175830238,0.3119110289741965
PC2_N3,pc2,push_pos_y,202,6,1,4.0,1,0.4960777275894445,1,0.3378021288364329,7.536359358130067,0.029642947348951537,0,8.11253934323125,0.32715194763984273
PC2_N3,pc2,push_pos_y,202,6,2,8.0,1,0.48089664660873277,1,0.3287148000722263,8.467071821831762,0.02812206307797452,0,11.048563875023051,0.32304076985879376
PC2_N3,pc2,push_pos_y,202,6,3,12.0,1,0.5391432653739616,1,0.3406987814979757,9.339498372014702,0.027169883922521464,0,11.829866130743945,0.32796366504806884
PC2_N3,pc2,push_pos_y,202,6,4,16.0,1,0.45114276522350755,1,0.299912163678975,9.37953351521522,0.05481069521230078,0,8.357993716587014,0.27830713764231474
PC2_N3,pc2,push_pos_y,202,7,1,4.0,1,0.49888800819888285,1,0.3391248049104915,8.748551564265306,0.04125128452806843,0,10.493457109172212,0.3359250960184291
PC2_N3,pc2,push_pos_y,202,7,2,8.0,1,0.39687533181566265,1,0.33724405963153126,9.793207583000303,0.027078508431858564,0,10.263585508948681,0.32150616843432667
PC2_N3,pc2,push_pos_y,202,7,3,12.0,1,0.5041846243430494,1,0.3494762037208373,8.652468027264739,0.0322367379850093,0,17.34258018734582,0.2955330052477791
PC2_N3,pc2,push_pos_y,202,7,4,16.0,1,0.4961701706969453,1,0.338731365646908,6.235679430005446,0.02925100811467067,0,9.126407230312099,0.33237156415368146
PC2_N3,pc2,push_pos_y,202,8,1,4.0,1,0.49327579069022565,1,0.32779459631379276,6.6948758665991495,0.02118992237920938,0,10.823965236317227,0.32104087800265635
PC2_N3,pc2,push_pos_y,202,8,2,8.0,1,0.5249540905972231,1,0.3098188825947715,4.889641996519377,0.056741104867545786,0,7.103681163892429,0.30847270220996226
PC2_N3,pc2,push_pos_y,202,8,3,12.0,1,0.5049079248182979,1,0.32068931426912706,7.487517929799013,0.03832471661751656,0,10.997123212231072,0.3084070108791086
PC2_N3,pc2,push_pos_y,202,8,4,16.0,1,0.42348546583716,1,0.29541174995707953,4.899788305513006,0.053897937385084055,0,7.408249533688943,0.2976839446766491
PC2_N3,pc2,push_pos_y,202,9,1,4.0,1,0.49282463583804986,1,0.34224028622402863,9.234057693196972,0.03013500637412716,0,9.44129570732537,0.3308000548638125
PC2_N3,pc2,push_pos_y,202,9,2,8.0,1,0.5270265571114853,1,0.3487092569709461,7.638425166799067,0.03974788042007922,0,9.520660513017388,0.3201947326966148
PC2_N3,pc2,push_pos_y,202,9,3,12.0,1,0.49647650211768335,1,0.33785801831094975,8.19934577399529,0.026083439604028983,0,8.89165358963015,0.3283825124648803
PC2_N3,pc2,push_pos_y,202,9,4,16.0,1,0.4922494297937572,1,0.3490215165411087,7.721131286743919,0.03338923861486763,0,9.818605194622126,0.33011769371874194
PC2_N3,pc2,push_pos_y,202,10,1,4.0,1,0.4873363700162893,1,0.32861580042278066,7.573686321930481,0.0366297431345566,0,11.143835320683817,0.32101662337461256
PC2_N3,pc2,push_pos_y,202,10,2,8.0,1,0.45347050361211694,1,0.3410744527603853,10.571664522645495,0.040024866417389574,0,9.965532080111252,0.34552915131344514
PC2_N3,pc2,push_pos_y,202,10,3,12.0,1,0.517456505679972,1,0.3521226376773202,9.406461385910193,0.03638654433488686,0,11.47328888613031,0.32900554770454365
PC2_N3,pc2,push_pos_y,202,10,4,16.0,1,0.46777776895552065,1,0.3386465927018201,9.215779896373924,0.027976264306518162,0,11.259370162813399,0.3215592760134508
PC2_N3,pc2,push_pos_y,202,11,1,4.0,1,0.493431426954924,1,0.3440065611014392,8.275677725712374,0.026465517126948928,0,11.515687585136469,0.32411345409199516
PC2_N3,pc2,push_pos_y,202,11,2,8.0,1,0.5226480597888742,1,0.3406865756141948,10.793762892754451,0.02474239913620159,0,10.652479188418962,0.32447113917473164
PC2_N3,pc2,push_pos_y,202,11,3,12.0,1,0.524997884003537,1,0.3425243125561087,9.366825732329854,0.033043841836813796,0,11.601418935558817,0.31378321628519557
PC2_N3,pc2,push_pos_y,202,11,4,16.0,1,0.4721387212763923,1,0.32525197826923535,11.061037276901535,0.03851114094532927,0,12.13687140830955,0.3082365296422479
PC2_N3,pc2,push_pos_y,202,12,1,4.0,1,0.528687609153943,1,0.34572962802999163,10.096771342759148,0.03143856743051642,0,9.599579967677567,0.3221224656398284
PC2_N3,pc2,push_pos_y,202,12,2,8.0,1,0.4695500988707201,1,0.3237440511982709,9.715104827084929,0.02957983074811251,0,9.80223008962388,0.2855039057247141
PC2_N3,pc2,push_pos_y,202,12,3,12.0,1,0.48297150637896336,1,0.32886122509757465,6.9960449460467995,0.03810415476753934,0,8.017949200469472,0.32609925996810996
PC2_N3,pc2,push_pos_y,202,12,4,16.0,1,0.5158080304947801,1,0.325050050721449,7.636867239300677,0.03429390795990467,0,8.953789391780314,0.32102063521344393
PC2_N3,pc2,push_pos_y,202,13,1,4.0,1,0.5094946599777592,1,0.3266414374431824,7.503858367743128,0.03264986197509749,0,7.918693206950864,0.3254201620976555
PC2_N3,pc2,push_pos_y,202,13,2,8.0,1,0.4658590212982412,1,0.33674551570479244,9.821259595435567,0.03209566109676856,0,11.737069362845007,0.337940848606793
PC2_N3,pc2,push_pos_y,202,13,3,12.0,1,0.43427546186129407,1,0.3447652585844305,10.199470678884362,0.029372935108455563,0,12.211316493019227,0.342761208188725
PC2_N3,pc2,push_pos_y,202,13,4,16.0,1,0.46922740383359196,1,0.34532688900748676,9.667492876744195,0.04440521449763475,0,10.586878749271774,0.3447800536844182
PC2_N3,pc2,push_pos_y,202,14,1,4.0,1,0.5162716166406753,1,0.3228786805256165,6.709375140346074,0.03524067908008806,0,9.54334552870164,0.32191168321645197
PC2_N3,pc2,push_pos_y,202,14,2,8.0,1,0.5037057110422798,1,0.30940303429562777,8.885583941665871,0.03404191688084522,0,10.731520119927165,0.3074555797054168
PC2_N3,pc2,push_pos_y,202,14,3,12.0,1,0.4834879175270953,1,0.3202029717637893,9.99208703532217,0.029089941925987996,0,11.717057645476153,0.31792740053671564
PC2_N3,pc2,push_pos_y,202,14,4,16.0,1,0.5357023029371808,1,0.2874166983812251,8.165521857878907,0.038778571259474315,0,9.332961968015551,0.27914432758953484
PC2_N3,pc2,push_pos_y,202,15,1,4.0,1,0.4638124578105791,1,0.33320093577239607,7.63996450713298,0.03368601499319261,0,10.888786633834442,0.3337198032096108
PC2_N3,pc2,push_pos_y,202,15,2,8.0,1,0.5135678443811619,1,0.3159172989149145,8.46410652860369,0.022304369516256722,0,9.142842217668166,0.2762800139539382
PC2_N3,pc2,push_pos_y,202,15,3,12.0,1,0.44950264655526245,1,0.29074161121233266,5.420881122764186,0.03300581694866424,0,7.147400957858236,0.28531888334508887
PC2_N3,pc2,push_pos_y,202,15,4,16.0,1,0.4630628178820382,1,0.29516282574059494,5.9419286607757495,0.032742461445672305,0,7.42211542690034,0.2924940436281622
PC2_N3,pc2,push_pos_y,202,16,1,4.0,1,0.5671946329751054,1,0.33759168380084525,8.553764382952368,0.03416729140131054,0,12.281850025503335,0.3274795175554918
PC2_N3,pc2,push_pos_y,202,16,2,8.0,1,0.473422907093207,1,0.3398299983797226,10.298219635475554,0.028406258933312018,0,10.315264877866216,0.338200354161747
PC2_N3,pc2,push_pos_y,202,16,3,12.0,1,0.43413700063772687,1,0.3501343723924402,10.095217592739607,0.03328462130271399,0,11.51555073163656,0.3318514482860259
PC2_N3,pc2,push_pos_y,202,16,4,16.0,1,0.46452903817733954,1,0.3477879834366355,10.050453410483595,0.028271880769893794,0,17.36317912536787,0.2834134442920991
PC2_N3,pc2,push_pos_y,202,17,1,4.0,1,0.5069571954343609,1,0.3229390557277649,6.727434820035197,0.03301648074956373,0,8.860867037212406,0.3337996382126834
PC2_N3,pc2,push_pos_y,202,17,2,8.0,1,0.4753697346619449,1,0.3386525616129452,4.9869201380648125,0.031999341010823704,0,8.709262134672416,0.316015836389307
PC2_N3,pc2,push_pos_y,202,17,3,12.0,1,0.5265353416779555,1,0.3237675505685296,6.222141523152376,0.027159612208721724,0,10.016416080743411,0.3293553040945594
PC2_N3,pc2,push_pos_y,202,17,4,16.0,1,0.5460925240767968,1,0.3083410256686695,8.771514677794816,0.044516291278219156,0,11.268217085476518,0.309735192972071
PC2_N3,pc2,push_pos_y,202,18,1,4.0,1,0.49194547105856234,1,0.32760649871698677,6.793016020990372,0.031769478087235,0,9.109791856640335,0.32267148944145857
PC2_N3,pc2,push_pos_y,202,18,2,8.0,1,0.55992699031911,1,0.32929203487972525,9.325435515614448,0.038101556447221185,0,9.395738796080675,0.3128995853949358
PC2_N3,pc2,push_pos_y,202,18,3,12.0,1,0.4457449066833126,1,0.33530556127668065,8.146105035922574,0.042909829820928225,0,10.052949483607689,0.3224344033608462
PC2_N3,pc2,push_pos_y,202,18,4,16.0,1,0.49313250353854016,1,0.3446127906999486,6.864369677618116,0.03238679836636718,0,7.233401081725166,0.32665986667342367
PC2_N3,pc2,push_pos_y,202,19,1,4.0,1,0.42246864006408114,1,0.3267781813355053,8.68693720146998,0.038968218240944735,0,10.453271437504172,0.3347624114809189
PC2_N3,pc2,push_pos_y,202,19,2,8.0,1,0.5168888926880103,1,0.34375766684664766,8.935935972396997,0.032019774568600404,0,14.481330328097235,0.3182714446024461
PC2_N3,pc2,push_pos_y,202,19,3,12.0,1,0.4885910448097486,1,0.3386694382537495,10.472187357929087,0.02697135634131729,0,11.830998854498963,0.32755055593296806
PC2_N3,pc2,push_pos_y,202,19,4,16.0,1,0.42147244076925733,1,0.33973136432668105,11.560778938466186,0.034551102019393834,0,11.657393915856172,0.3322716124236265
PC2_N3,pc2,push_pos_y,202,20,1,4.0,1,0.45948210295859143,1,0.3131825201173517,6.266034144765179,0.03250497289811669,0,6.9461072178757295,0.30802650821400196
PC2_N3,pc2,push_pos_y,202,20,2,8.0,1,0.49356790199635486,1,0.3301059323995509,8.988796719073061,0.03876996609203512,0,10.043691389840138,0.3296093618806033
PC2_N3,pc2,push_pos_y,202,20,3,12.0,1,0.5302360793708403,1,0.3470644189871569,9.516860651373088,0.02793180253142225,0,10.046628274660343,0.3042569606699408
PC2_N3,pc2,push_pos_y,202,20,4,16.0,1,0.47437833217257974,1,0.3362064250809623,7.061538169447948,0.032274587233098825,0,8.427578522270926,0.32553812463015797
PC2_N3,pc2,push_pos_y,202,21,1,4.0,1,0.5120465135440487,1,0.3454778616759866,8.934171901645964,0.03907842493721037,0,10.211358466617124,0.33782783453477255
PC2_N3,pc2,push_pos_y,202,21,2,8.0,1,0.4903781065152637,1,0.3456741841559742,9.539080252911745,0.0332243389352057,0,9.899621565745257,0.31546164419561784
PC2_N3,pc2,push_pos_y,202,21,3,12.0,1,0.5006163805920176,1,0.333825164937718,7.88468196316977,0.030692604483196058,0,10.480379214803232,0.3273255197122135
PC2_N3,pc2,push_pos_y,202,21,4,16.0,1,0.486039015255885,1,0.3384577419190483,10.410315137577243,0.02404364265711024,0,11.407103078025298,0.33056205240162934
PC2_N3,pc2,push_pos_y,202,22,1,4.0,1,0.5548855239061876,1,0.3184570921933587,6.94595178891378,0.03220869611651175,0,7.630517785102704,0.311093829054246
PC2_N3,pc2,push_pos_y,202,22,2,8.0,1,0.48664978943948606,1,0.34360641217168003,8.60633914714839,0.027931611478856408,0,9.146796007167943,0.3332608589195313
PC2_N3,pc2,push_pos_y,202,22,3,12.0,1,0.5071629564635532,1,0.34390523886298113,8.691070414282777,0.03545934109017974,0,9.88256358308019,0.32424747561388473
PC2_N3,pc2,push_pos_y,202,22,4,16.0,1,0.5291058938200794,1,0.3354778022052133,8.50241607616394,0.03829570327520059,0,10.77334714690535,0.32052196936811356
PC2_N3,pc2,push_pos_y,202,23,1,4.0,1,0.5051829498190497,1,0.32753440865220873,9.993820360850979,0.035248231243899225,0,13.147771908027792,0.29457775523318325
PC2_N3,pc2,push_pos_y,202,23,2,8.0,1,0.49305932573197264,1,0.34141847188459995,11.4395889074661,0.0396804177919169,0,13.354788408553203,0.3241836669292042
PC2_N3,pc2,push_pos_y,202,23,3,12.0,1,0.4826541584566274,1,0.3363262819733849,8.265730603649956,0.03200114213508905,0,9.899701021992236,0.33651778388788356
PC2_N3,pc2,push_pos_y,202,23,4,16.0,1,0.5864285558181492,1,0.3363525312055241,8.492330974894998,0.03303812738241993,0,11.873946831006144,0.31892168171265545
PC2_N3,pc2,push_pos_y,202,24,1,4.0,1,0.5007146614150295,1,0.3367690537224479,10.29906024351062,0.033056895103896505,0,11.912292487383812,0.3379327073135478
PC2_N3,pc2,push_pos_y,202,24,2,8.0,1,0.5353934399518376,1,0.33994788425491457,10.224940038665467,0.028942987021226944,0,11.855243494605213,0.3343537228311447
PC2_N3,pc2,push_pos_y,202,24,3,12.0,1,0.5031669316569142,1,0.3446774473164808,10.353053175727448,0.02963750950924755,0,11.443720698409427,0.3352735214692386
PC2_N3,pc2,push_pos_y,202,24,4,16.0,1,0.3886348040843797,1,0.3519751797704136,9.272693271585993,0.03102449176760031,0,12.433397712058875,0.3494884919992743
PC2_N3,pc2,push_pos_y,202,25,1,4.0,1,0.50686858371852,1,0.3111572319014187,6.980136887440793,0.029402297969614136,0,9.516922663920097,0.3063260683401383
PC2_N3,pc2,push_pos_y,202,25,2,8.0,1,0.575702672437397,1,0.32900343827385314,7.602451002346118,0.027331321756626135,0,7.780840214677103,0.3277182011680807
PC2_N3,pc2,push_pos_y,202,25,3,12.0,1,0.5475318290966383,1,0.33129556779874203,8.645671514331774,0.027074175867879587,0,9.185620717468712,0.3083454808768104
PC2_N3,pc2,push_pos_y,202,25,4,16.0,1,0.5108230329273731,1,0.32237878322282576,7.332094929039279,0.03271008314813584,0,9.170054673919216,0.30595221398348477
PC2_N3,pc2,push_pos_y,202,26,1,4.0,1,0.5479297953331836,1,0.3290813070408163,8.294424827971268,0.039538266266292685,0,9.30875565747737,0.332562140602479
PC2_N3,pc2,push_pos_y,202,26,2,8.0,1,0.4690006271602236,1,0.3458572334465496,8.953663319284551,0.03704139088396931,0,10.002858958618445,0.3117747423164347
PC2_N3,pc2,push_pos_y,202,26,3,12.0,1,0.5251251167761961,1,0.34008325572638587,10.079040166312577,0.03104828121272683,0,11.453579396272518,0.3375423531481289
PC2_N3,pc2,push_pos_y,202,26,4,16.0,1,0.48550841571061015,1,0.3389022241939198,8.842400182208038,0.04253980777176111,0,10.276993660613538,0.3217394568703391
PC2_N3,pc2,push_pos_y,202,27,1,4.0,1,0.4520505740603982,1,0.32345686207480606,6.938677474283699,0.04077552269182293,0,10.051208119048885,0.3296548188688921
PC2_N3,pc2,push_pos_y,202,27,2,8.0,1,0.5332922037547297,1,0.33331203516473107,6.921009443696519,0.032774518182819214,0,5.723478923265447,0.30287847385049504
PC2_N3,pc2,push_pos_y,202,27,3,12.0,1,0.5198176949709368,1,0.32599646538336646,4.268768207962156,0.036302147340101856,0,7.315982715615881,0.3118853371411084
PC2_N3,pc2,push_pos_y,202,27,4,16.0,1,0.49820284215581045,1,0.3033419433124563,4.439850803124755,0.035807756385083364,0,8.003834135052317,0.29749643850454033
PC2_N3,pc2,push_pos_y,202,28,1,4.0,1,0.5557289468248566,1,0.33155292551466486,7.529599596944031,0.031382912249006356,0,10.820418489416404,0.33289520817006973
PC2_N3,pc2,push_pos_y,202,28,2,8.0,1,0.4033032898418171,1,0.3479361842500972,10.271193709943535,0.029274971012102365,0,11.298273364828392,0.3288764770336967
PC2_N3,pc2,push_pos_y,202,28,3,12.0,1,0.507572699668179,1,0.3430544645550417,9.130590255802112,0.030444988549499907,0,11.411747032068641,0.3299380915368942
PC2_N3,pc2,push_pos_y,202,28,4,16.0,1,0.5175228798217733,1,0.345789881233863,9.58191423740423,0.03550674876832966,0,11.082815475467896,0.3255684788533073
PC2_N3,pc2,push_pos_y,202,29,1,4.0,1,0.44136421892165323,1,0.32201579348607495,7.495271873166376,0.039273558357529104,0,10.312632625423884,0.30838643213644384
PC2_N3,pc2,push_pos_y,202,29,2,8.0,1,0.5104268524415937,1,0.34968337297120833,9.503534319326338,0.04649048079563689,0,10.813266937540435,0.33014146306298
PC2_N3,pc2,push_pos_y,202,29,3,12.0,1,0.4822073883641523,1,0.3489433570819742,8.754061487455079,0.036041162696357563,0,11.246454627625324,0.3219164590784573
PC2_N3,pc2,push_pos_y,202,29,4,16.0,1,0.493779632743224,1,0.3434416542556834,10.3769038173321,0.03310173224627125,0,11.655247234736695,0.3292246779656028
PC2_N3,pc2,push_pos_y,202,30,1,4.0,1,0.5000159650685078,1,0.32224934352910456,7.311918420329664,0.0429623904514002,0,12.131834989457436,0.2900259988830689
PC2_N3,pc2,push_pos_y,202,30,2,8.0,1,0.4956112440666983,1,0.3239423874068388,7.365851008284443,0.033704667583314314,0,11.855974899235079,0.28089101732095934
PC2_N3,pc2,push_pos_y,202,30,3,12.0,1,0.4612312791232828,1,0.3191148209221223,8.666234132143142,0.03471888702034197,0,12.119836767660026,0.30626804465278584
PC2_N3,pc2,push_pos_y,202,30,4,16.0,1,0.4529126178638823,1,0.34472858738452994,9.23085103443212,0.03081274694622975,0,11.814513842926821,0.31832324183560945
PC2_N3,pc2,push_pos_y,202,31,1,4.0,1,0.4872393967211466,1,0.33951449967960623,8.699110503042142,0.042779233506725405,0,10.263432172778531,0.34057403678562553
PC2_N3,pc2,push_pos_y,202,31,2,8.0,1,0.513957138292111,1,0.33653995761259353,10.404189500284971,0.041835331248723025,0,10.48762377131003,0.2886713693804919
PC2_N3,pc2,push_pos_y,202,31,3,12.0,1,0.4606375417168153,1,0.33184372661585476,6.083190284522715,0.03540333644085562,0,9.630760148039586,0.3291159460251344
PC2_N3,pc2,push_pos_y,202,31,4,16.0,1,0.5283128895320093,1,0.33606356302684637,8.620740090156541,0.03392805153941708,0,9.520226914481297,0.2968074333540259
PC2_N3,pc2,push_pos_y,303,0,1,4.0,1,0.5401661843760981,1,0.33360613284901497,9.725516804355163,0.043166827474845564,0,10.953552543665095,0.3319537048352593
PC2_N3,pc2,push_pos_y,303,0,2,8.0,1,0.5289248556234007,1,0.34480364525063156,9.638326788210914,0.034687557155864635,0,10.975834571968702,0.3428838087275704
PC2_N3,pc2,push_pos_y,303,0,3,12.0,1,0.4377860851595231,1,0.33615822866957457,8.371210695784221,0.045826021430065145,0,10.128149879965738,0.3290915101925957
PC2_N3,pc2,push_pos_y,303,0,4,16.0,1,0.492569803521668,1,0.342039521763669,8.734834604152994,0.039856121648120385,0,10.911993123842336,0.3350674900460371
PC2_N3,pc2,push_pos_y,303,1,1,4.0,1,0.5329037654193898,1,0.3317243542103844,9.39698216320419,0.03531693861416771,0,11.784184900589484,0.33195576199235766
PC2_N3,pc2,push_pos_y,303,1,2,8.0,1,0.49165515551448347,1,0.34106902068948997,9.973370332870052,0.03201888695548415,0,11.291298692048448,0.3361417195376228
PC2_N3,pc2,push_pos_y,303,1,3,12.0,1,0.4852455547870842,1,0.3511145909361661,9.081359895069784,0.044533356832179335,0,11.55208498130264,0.34444075583774136
PC2_N3,pc2,push_pos_y,303,1,4,16.0,1,0.48960177736928356,1,0.34582836041475995,10.116247274627462,0.03799288744871866,0,12.410710985411066,0.343442878780518
PC2_N3,pc2,push_pos_y,303,2,1,4.0,1,0.5000833371955241,1,0.3289148050514772,8.267024790200566,0.032936942365307725,0,8.707074153371194,0.320192016063527
PC2_N3,pc2,push_pos_y,303,2,2,8.0,1,0.49159771519298723,1,0.32672528866778083,9.388477023008218,0.03641564707467716,0,9.532050952297787,0.32355742626649175
PC2_N3,pc2,push_pos_y,303,2,3,12.0,1,0.43415686887985916,1,0.3425873819997604,7.237128750112037,0.03339300616207447,0,9.500756757798017,0.32146781842338845
PC2_N3,pc2,push_pos_y,303,2,4,16.0,1,0.45385124668026344,1,0.3442124538721248,6.57715780553957,0.03358688682678563,0,9.81029074513652,0.3302317167667144
PC2_N3,pc2,push_pos_y,303,3,1,4.0,1,0.4964546509994764,1,0.3332877933660293,9.356259222428621,0.02979940476422615,0,10.614909871610385,0.32732217069615654
PC2_N3,pc2,push_pos_y,303,3,2,8.0,1,0.4884029534350344,1,0.33921063480211455,9.74819204729772,0.037581981487237355,0,10.436845159052401,0.3293924769934486
PC2_N3,pc2,push_pos_y,303,3,3,12.0,1,0.5397705860548623,1,0.3374601561117937,11.21757496599021,0.03604138847565673,0,11.14844620365459,0.3298275263551722
PC2_N3,pc2,push_pos_y,303,3,4,16.0,1,0.4977143228709004,1,0.3424720151379784,10.317599523904413,0.03563377137532955,0,9.528647614967221,0.30474289853305103
PC2_N3,pc2,push_pos_y,303,4,1,4.0,1,0.47144634393524604,1,0.3348670015360582,7.662176685307065,0.03479066685742227,0,9.567990953238102,0.3351975958296322
PC2_N3,pc2,push_pos_y,303,4,2,8.0,1,0.4475274038586439,1,0.34280789217209434,10.328348995624372,0.037185772251101215,0,10.583867077593503,0.33618169146425586
PC2_N3,pc2,push_pos_y,303,4,3,12.0,1,0.48445006672122215,1,0.34977106176276895,9.716548891246067,0.029395316135542377,0,11.93688623309216,0.34454629908908496
PC2_N3,pc2,push_pos_y,303,4,4,16.0,1,0.455793563625333,1,0.34925608042089695,10.049072975549056,0.03995994626740634,0,13.010972294310799,0.33640352481189256
PC2_N3,pc2,push_pos_y,303,5,1,4.0,1,0.5071950909218915,1,0.32797265188260516,7.889097967805174,0.036879288733003,0,10.68045067537923,0.32583936315806794
PC2_N3,pc2,push_pos_y,303,5,2,8.0,1,0.5373859199701513,1,0.33888518499499337,9.657076176356775,0.02786558411168913,0,10.903510806575527,0.3358063506570092
PC2_N3,pc2,push_pos_y,303,5,3,12.0,1,0.4987165235554479,1,0.34570680255877145,9.977922116115966,0.028555028191821225,0,11.240989995954608,0.33986152987429163
PC2_N3,pc2,push_pos_y,303,5,4,16.0,1,0.47669410249837957,1,0.3509021234066091,8.365176768165082,0.04395239728852904,0,11.413869854576356,0.34766319999720324
PC2_N3,pc2,push_pos_y,303,6,1,4.0,1,0.465478927012538,1,0.32998753398816216,7.895665678598787,0.032758306728178685,0,11.118521410037003,0.3325231746237546
PC2_N3,pc2,push_pos_y,303,6,2,8.0,1,0.5145293835043875,1,0.346847146191699,10.40818515141893,0.03618144075352085,0,12.181103449467702,0.329790878423395
PC2_N3,pc2,push_pos_y,303,6,3,12.0,1,0.4794883042860083,1,0.34974449147833864,10.144739387253349,0.0400184351648946,0,10.673390840477307,0.33319287456293156
PC2_N3,pc2,push_pos_y,303,6,4,16.0,1,0.5250670503538851,1,0.33663802374811735,8.379447649090043,0.030824032190723022,0,9.56644988840882,0.33561923605872984
PC2_N3,pc2,push_pos_y,303,7,1,4.0,1,0.43541281359348705,1,0.34260376323671904,8.448476010190724,0.03654752681857908,0,11.005444811105702,0.34326777149011745
PC2_N3,pc2,push_pos_y,303,7,2,8.0,1,0.5077582247702133,1,0.347180335837252,10.027503487125792,0.03031015358233535,0,9.578463679946417,0.3401474417212175
PC2_N3,pc2,push_pos_y,303,7,3,12.0,1,0.5401146430914768,1,0.3461469562455295,9.381031164558436,0.027713551070069953,0,9.509690650057653,0.31088603483164373
PC2_N3,pc2,push_pos_y,303,7,4,16.0,1,0.5181322480395859,1,0.32819661721188753,7.842337047983774,0.05035470570723413,0,10.89836409731321,0.33922213300026677
PC2_N3,pc2,push_pos_y,303,8,1,4.0,1,0.5256882825546749,1,0.31975039712248,7.7752657950327695,0.030806985971484013,0,9.221342934297441,0.32519787773091524
PC2_N3,pc2,push_pos_y,303,8,2,8.0,1,0.4970865688289181,1,0.33476748799576483,9.75035771294949,0.031115953335549774,0,11.791189427627733,0.33597560282697014
PC2_N3,pc2,push_pos_y,303,8,3,12.0,1,0.5349117569007975,1,0.3331841573039478,10.728290150277608,0.031926548999349755,0,11.4571216645129,0.3328081501677712
PC2_N3,pc2,push_pos_y,303,8,4,16.0,1,0.43253336848871177,1,0.33506579721037716,9.790055983617236,0.028754502198738437,0,10.083638508479948,0.3343391149120535
PC2_N3,pc2,push_pos_y,303,9,1,4.0,1,0.5082645505787806,1,0.33712175592062943,8.728077725444425,0.03506079183200993,0,9.311077779434807,0.33780261316401433
PC2_N3,pc2,push_pos_y,303,9,2,8.0,1,0.4895652983879887,1,0.3462737579556072,9.959632006834827,0.0313756391947307,0,12.326033610001936,0.3363940322144146
PC2_N3,pc2,push_pos_y,303,9,3,12.0,1,0.5063446231877681,1,0.3425558560034808,8.889123164993919,0.02784196616551461,0,9.712174303470205,0.33140375795848864
PC2_N3,pc2,push_pos_y,303,9,4,16.0,1,0.45486137835215484,1,0.3516715408805857,10.372947850315157,0.03182745862663158,0,11.911796131107,0.3332853559504218
PC2_N3,pc2,push_pos_y,303,10,1,4.0,1,0.5191537858436767,1,0.3358134895881867,8.614086557827907,0.03439528780423419,0,10.328149512849539,0.32786238400693885
PC2_N3,pc2,push_pos_y,303,10,2,8.0,1,0.4964326824610258,1,0.34211831249017766,9.214851123668305,0.03904103248920618,0,10.680763929291848,0.3286771976692791
PC2_N3,pc2,push_pos_y,303,10,3,12.0,1,0.5003554148501866,1,0.3393264708512607,10.972916358286282,0.02752858971316371,0,11.997446807602133,0.3288197303838271
PC2_N3,pc2,push_pos_y,303,10,4,16.0,1,0.49979569061246415,1,0.33517375755756296,9.776781805814707,0.03540121671336542,0,9.579305112448067,0.3354572540617244
PC2_N3,pc2,push_pos_y,303,11,1,4.0,1,0.4874936848051893,1,0.3396031779242072,8.038110896522872,0.03413913807496974,0,8.850063315422002,0.3287436208304237
PC2_N3,pc2,push_pos_y,303,11,2,8.0,1,0.4997100523802958,1,0.3395322758086862,9.315183770044131,0.026876847180477965,0,10.041047466594666,0.3123667044116851
PC2_N3,pc2,push_pos_y,303,11,3,12.0,1,0.4739800302466848,1,0.32153413560301225,6.714745639682851,0.03644829688472916,0,8.527099778503615,0.31816766590358103
PC2_N3,pc2,push_pos_y,303,11,4,16.0,1,0.4934715406857371,1,0.33297255587450325,7.6275550979172495,0.039523548798601364,0,9.25966675425663,0.3301300132338376
PC2_N3,pc2,push_pos_y,303,12,1,4.0,1,0.5325534952117054,1,0.331912170996003,6.985456699489747,0.03839206431860004,0,9.27273144951285,0.3247874259629989
PC2_N3,pc2,push_pos_y,303,12,2,8.0,1,0.52455624777363,1,0.3379225447216136,8.886747145982744,0.04082575286910048,0,9.614947446138533,0.32304884182578103
PC2_N3,pc2,push_pos_y,303,12,3,12.0,1,0.5037486358677008,1,0.35323686937597343,8.649854873255872,0.026380234588119597,0,10.447284079057528,0.34147625125665715
PC2_N3,pc2,push_pos_y,303,12,4,16.0,1,0.4671500305513305,1,0.3474351451358693,9.848850755377974,0.03535563336520145,0,10.464953965029148,0.3322062340968433
PC2_N3,pc2,push_pos_y,303,13,1,4.0,1,0.48630088457132,1,0.3352068896918373,7.945765939384514,0.02509819791093877,0,9.27754127603222,0.3191914666782726
PC2_N3,pc2,push_pos_y,303,13,2,8.0,1,0.5486907052626326,1,0.33228585100110203,8.484962867474305,0.04085765960563916,0,10.340352375138469,0.31341441429872563
PC2_N3,pc2,push_pos_y,303,13,3,12.0,1,0.48970313028053397,1,0.33560877185773086,6.339065122613809,0.028938076786514152,0,9.03381041008848,0.3097203864770777
PC2_N3,pc2,push_pos_y,303,13,4,16.0,1,0.4750824201122744,1,0.3386303015889969,10.027751435938118,0.03718978822864887,0,10.545272437657552,0.3164916312630801
PC2_N3,pc2,push_pos_y,303,14,1,4.0,1,0.47535318528633747,1,0.3125303856191788,5.96484578898093,0.03505187337714867,0,10.56328323135951,0.3135780030712087
PC2_N3,pc2,push_pos_y,303,14,2,8.0,1,0.5390458515012961,1,0.3423762485623997,8.178689006172213,0.03768284258651558,0,10.84073761423827,0.32411186532540753
PC2_N3,pc2,push_pos_y,303,14,3,12.0,1,0.4303213462802771,1,0.3377787830198512,7.508194502896581,0.026448533289961405,0,10.104176382834018,0.3289444475250448
PC2_N3,pc2,push_pos_y,303,14,4,16.0,1,0.5478606286489982,1,0.34367122011069945,10.1644326688652,0.03463566584366032,0,14.655806229811159,0.3126317565453881
PC2_N3,pc2,push_pos_y,303,15,1,4.0,1,0.49260452175785724,1,0.3347429273759618,7.330811734695361,0.02593040786786905,0,9.524190515917342,0.33778018301183527
PC2_N3,pc2,push_pos_y,303,15,2,8.0,1,0.4596601739414191,1,0.33894266371421,9.423781191395642,0.044819912101407254,0,10.950748411004232,0.3415291017708294
PC2_N3,pc2,push_pos_y,303,15,3,12.0,1,0.46311868213380825,1,0.3447882035836817,10.124130964508343,0.03263401727214693,0,12.138852918416092,0.33705744035741225
PC2_N3,pc2,push_pos_y,303,15,4,16.0,1,0.4359807580980884,1,0.3450063907685764,10.348824928484277,0.028882532038435,0,12.004804839988,0.34515867800636085
PC2_N3,pc2,push_pos_y,303,16,1,4.0,1,0.4373788802900386,1,0.31804474160314244,8.115777917686014,0.044621739869746435,0,11.018192539628323,0.32874156526703247
PC2_N3,pc2,push_pos_y,303,16,2,8.0,1,0.5220205715516603,1,0.30550695708728726,9.107450830839554,0.033662855258943025,0,11.332735603441789,0.30063656418718754
PC2_N3,pc2,push_pos_y,303,16,3,12.0,1,0.528731207602904,1,0.3285225856112924,8.634243566450014,0.03260551779298304,0,10.220600982240745,0.3289051471865751
PC2_N3,pc2,push_pos_y,303,16,4,16.0,1,0.5068463651133901,1,0.296525453580892,8.750225057778902,0.03176928977322317,0,11.303135684339017,0.29570131617433887
PC2_N3,pc2,push_pos_y,303,17,1,4.0,1,0.5008321429072118,1,0.32773854906227495,7.222117361751582,0.03188606212773806,0,10.138767361208934,0.3235969457396849
PC2_N3,pc2,push_pos_y,303,17,2,8.0,1,0.4762888074160785,1,0.34521516121645024,10.05262596478383,0.033860557042182646,0,12.038106764739291,0.326770928773013
PC2_N3,pc2,push_pos_y,303,17,3,12.0,1,0.5058921182083157,1,0.30488038907714066,8.233637587060862,0.05844354363198583,0,8.520256599802543,0.3002268954075594
PC2_N3,pc2,push_pos_y,303,17,4,16.0,1,0.4803687662335534,1,0.32932173847195934,8.343935455939896,0.03969258867818354,0,10.300760157144365,0.3054109754409382
PC2_N3,pc2,push_pos_y,303,18,1,4.0,1,0.48957514780287215,1,0.3246381061281112,7.747506100002548,0.03779118309245591,0,11.242408950404183,0.3353573758015658
PC2_N3,pc2,push_pos_y,303,18,2,8.0,1,0.5438547217594526,1,0.34083125329910113,10.320746819609774,0.036403996503478656,0,10.435223750925218,0.3248232657259161
PC2_N3,pc2,push_pos_y,303,18,3,12.0,1,0.4518067278110148,1,0.33144869906379576,9.078743035956226,0.035153706105091255,0,9.880255138174933,0.3281164127875139
PC2_N3,pc2,push_pos_y,303,18,4,16.0,1,0.47843684885087745,1,0.3487785688058578,9.541662524232326,0.030628530889665793,0,10.824510787769148,0.33417597652119113
PC2_N3,pc2,push_pos_y,303,19,1,4.0,1,0.5539996209949526,1,0.3216737437056985,6.208325346879905,0.02931126445090962,0,8.484870767364672,0.31869888034733856
PC2_N3,pc2,push_pos_y,303,19,2,8.0,1,0.5358593753499635,1,0.3290136091530642,7.71852619715831,0.034242347147481464,0,10.75888604234502,0.325867385150277
PC2_N3,pc2,push_pos_y,303,19,3,12.0,1,0.5025949445597633,1,0.308327458599672,8.83353239212218,0.03675711008371015,0,10.216134799317672,0.3087041204307169
PC2_N3,pc2,push_pos_y,303,19,4,16.0,1,0.5288352895217919,1,0.324356289470897,9.212713368060058,0.0331498270852381,0,10.519901363151675,0.3170005679130554
PC2_N3,pc2,push_pos_y,303,20,1,4.0,1,0.4821111181679677,1,0.325212102841566,6.273620646852976,0.03744528798214022,0,7.445053974850464,0.3181810017256813
PC2_N3,pc2,push_pos_y,303,20,2,8.0,1,0.5301760342709696,1,0.3305967122635102,8.106728408348367,0.0319728219248078,0,10.130227657638796,0.30497630777206014
PC2_N3,pc2,push_pos_y,303,20,3,12.0,1,0.4803198622025401,1,0.34391184708970113,10.074847420552215,0.03275317317206262,0,11.534489689192515,0.31025171104599447
PC2_N3,pc2,push_pos_y,303,20,4,16.0,1,0.5323303817798968,1,0.340762227693981,12.71236499725383,0.03480420862120497,0,14.471289133838722,0.312201773259729
PC2_N3,pc2,push_pos_y,303,21,1,4.0,1,0.49495877062601124,1,0.3400934733012143,7.880501249016055,0.03091802390675396,0,10.348891613526353,0.334588177541998
PC2_N3,pc2,push_pos_y,303,21,2,8.0,1,0.5056660336758687,1,0.3424455121079868,11.007330221793612,0.027176323046077838,0,11.136446914730795,0.32244729262622285
PC2_N3,pc2,push_pos_y,303,21,3,12.0,1,0.5343560180028573,1,0.3364526812724251,8.082615895887908,0.03465404789811613,0,10.37604152926607,0.33554942818248973
PC2_N3,pc2,push_pos_y,303,21,4,16.0,1,0.5216914098114275,1,0.3418877228377337,8.659698660626592,0.04715921592877113,0,9.677394615763252,0.33463866618227833
PC2_N3,pc2,push_pos_y,303,22,1,4.0,1,0.5028213026197002,1,0.34020471349756987,8.104503703398773,0.043509750384242867,0,11.48627852782465,0.34005126086148346
PC2_N3,pc2,push_pos_y,303,22,2,8.0,1,0.5423608447201587,1,0.3417788342358594,10.586506858844608,0.03210457877319235,0,9.867947687073935,0.33699780383849526
PC2_N3,pc2,push_pos_y,303,22,3,12.0,1,0.5228655507463081,1,0.34200977322889525,9.704306454038091,0.026965603440146486,0,10.20896947117286,0.3441577204727234
PC2_N3,pc2,push_pos_y,303,22,4,16.0,1,0.5112235833112755,1,0.34706510962011977,10.639371727456385,0.03135162127631771,0,11.731763069167314,0.3371697640355258
PC2_N3,pc2,push_pos_y,303,23,1,4.0,1,0.523684168025669,1,0.3328064156566712,7.367042412429656,0.028413060770378376,0,10.567846361769808,0.3325879602508749
PC2_N3,pc2,push_pos_y,303,23,2,8.0,1,0.5077422949479996,1,0.331117743715883,10.234303348053151,0.028890208257834907,0,10.309369999031075,0.3252654445362601
PC2_N3,pc2,push_pos_y,303,23,3,12.0,1,0.5439673315064337,1,0.33218035572034155,9.496529692206282,0.02731703009663863,0,10.3212326704938,0.2918731874641888
PC2_N3,pc2,push_pos_y,303,23,4,16.0,1,0.48067647334016966,1,0.32631087645808643,8.807772972327703,0.043672233752008696,0,9.570106948285375,0.31715198411023554
PC2_N3,pc2,push_pos_y,303,24,1,4.0,1,0.5074875957419812,1,0.33080782458425206,8.557643236044857,0.03467598615853592,0,10.524202632398625,0.3287077990763965
PC2_N3,pc2,push_pos_y,303,24,2,8.0,1,0.4927734659108421,1,0.3466317162794225,10.558717785440514,0.03676911302596003,0,11.653319960490538,0.33855499000472816
PC2_N3,pc2,push_pos_y,303,24,3,12.0,1,0.5543558778571092,1,0.34528525444594294,10.689826101345473,0.030918752969590017,0,10.636690149161554,0.26880368271613503
PC2_N3,pc2,push_pos_y,303,24,4,16.0,1,0.5784367148184243,1,0.3310809304369962,7.264633895362636,0.030761441406670656,0,10.172178455210284,0.32827953826934897
PC2_N3,pc2,push_pos_y,303,25,1,4.0,1,0.49730670383930475,1,0.3336197620725887,7.080749393853555,0.03276695455794929,0,11.020175798705564,0.33534640280958167
PC2_N3,pc2,push_pos_y,303,25,2,8.0,1,0.4921935137041266,1,0.3356675993312489,10.549309098155373,0.03223514268023949,0,11.72722733516633,0.323144672388699
PC2_N3,pc2,push_pos_y,303,25,3,12.0,1,0.5181946978396234,1,0.32847174675388136,9.83441806690439,0.02969434045713646,0,11.743296203216856,0.323940829000371
PC2_N3,pc2,push_pos_y,303,25,4,16.0,1,0.4420530407738276,1,0.31814874756463707,9.799388074455603,0.03585343565237301,0,9.240120451466506,0.313679570979613
PC2_N3,pc2,push_pos_y,303,26,1,4.0,1,0.5398568864445449,1,0.32191385272989936,7.5546570888971765,0.03851075128946022,0,10.663429177661104,0.3242340988335125
PC2_N3,pc2,push_pos_y,303,26,2,8.0,1,0.5233561654972317,1,0.341860046042478,11.154488895016343,0.040165218248540885,0,12.006610820323866,0.3365798520850625
PC2_N3,pc2,push_pos_y,303,26,3,12.0,1,0.474969218047206,1,0.34171655280067326,7.452795960173505,0.03503443830935359,0,11.951638329718127,0.3404665876199855
PC2_N3,pc2,push_pos_y,303,26,4,16.0,1,0.48485557456578954,1,0.3399000461885636,8.307978221371872,0.03326606008937799,0,11.525656468865623,0.33175327194565757
PC2_N3,pc2,push_pos_y,303,27,1,4.0,1,0.5516894283137146,1,0.32695182815273816,8.025586450079064,0.038742903751540464,0,9.648727604925337,0.3168460965794038
PC2_N3,pc2,push_pos_y,303,27,2,8.0,1,0.4616574156830943,1,0.3292456518679379,7.888044683824449,0.02968051955001729,0,8.43929125344676,0.3120780301922783
PC2_N3,pc2,push_pos_y,303,27,3,12.0,1,0.5109161653273289,1,0.3459643052223532,7.1613299883589985,0.040818615497348984,0,7.7867910995654075,0.3191906870367693
PC2_N3,pc2,push_pos_y,303,27,4,16.0,1,0.48633431489499207,1,0.34189591297810096,5.4479973972469695,0.03746428560322612,0,9.57532305341587,0.3020619614557786
PC2_N3,pc2,push_pos_y,303,28,1,4.0,1,0.5049538298020952,1,0.33256778057246283,9.305257090923735,0.04489477001188528,0,10.81750747994155,0.32986030285371176
PC2_N3,pc2,push_pos_y,303,28,2,8.0,1,0.45085221176181783,1,0.3450643858488868,9.743976252185607,0.03252226829413767,0,10.14551645285249,0.3388677636251093
PC2_N3,pc2,push_pos_y,303,28,3,12.0,1,0.5254377498193415,1,0.3539279606890551,10.110550225789984,0.048865762219741586,0,11.465817992477941,0.34352546420326846
PC2_N3,pc2,push_pos_y,303,28,4,16.0,1,0.49854533460995476,1,0.34245054814267284,10.0023433292918,0.03059155964880006,0,11.308866736055283,0.33974138826609934
PC2_N3,pc2,push_pos_y,303,29,1,4.0,1,0.4575321965048206,1,0.3364345436108941,8.677993985539153,0.0353099705759015,0,9.656691201440072,0.3392052747667792
PC2_N3,pc2,push_pos_y,303,29,2,8.0,1,0.4774801821908101,1,0.3408617198785996,10.638268882676059,0.031968131444392985,0,10.463092397364457,0.3333229693499478
PC2_N3,pc2,push_pos_y,303,29,3,12.0,1,0.4198583994303556,1,0.3493460575367678,10.12551724525759,0.04016324607603387,0,12.046585795979201,0.33882011210217194
PC2_N3,pc2,push_pos_y,303,29,4,16.0,1,0.5099387666000238,1,0.3453827811913057,9.82831984441609,0.03105486690863036,0,12.847903085484889,0.3327771836423619
PC2_N3,pc2,push_pos_y,303,30,1,4.0,1,0.5228508095279396,1,0.328213629636535,7.5764664757268845,0.020864983055896354,0,9.53211282001483,0.32319650834894437
PC2_N3,pc2,push_pos_y,303,30,2,8.0,1,0.6005621682668654,1,0.3381991321868437,10.40598588352139,0.02982525912100277,0,11.502216928496004,0.3277996219096974
PC2_N3,pc2,push_pos_y,303,30,3,12.0,1,0.4905796009745693,1,0.32806299132778044,9.606263518703134,0.03359468317731733,0,10.043064744401228,0.3205003494566137
PC2_N3,pc2,push_pos_y,303,30,4,16.0,1,0.5177583247415594,1,0.32821009049122346,10.444778922382271,0.03561711278301101,0,9.607358832351915,0.31892050555683077
PC2_N3,pc2,push_pos_y,303,31,1,4.0,1,0.5112668236017439,1,0.3322384862657537,7.674125558605566,0.026174314180824748,0,9.369616711322477,0.3205944202481744
PC2_N3,pc2,push_pos_y,303,31,2,8.0,1,0.5504019493521463,1,0.3370571746864421,8.861111868580679,0.027727564560684197,0,10.192713469834324,0.3106852164242994
PC2_N3,pc2,push_pos_y,303,31,3,12.0,1,0.4669074910799968,1,0.328656465771364,9.755883778403877,0.031449717707242086,0,9.741827034648168,0.30363267389210785
PC2_N3,pc2,push_pos_y,303,31,4,16.0,1,0.50671193022454,1,0.34568496430940165,8.221129956909142,0.02914255884665499,0,9.540811585148056,0.3148319375387488
PC2_N3,pc2,push_neg_y,101,0,1,4.0,1,0.5276542769608629,1,0.30775039097204565,6.807190435100063,0.04326335669626203,0,12.394444789086432,0.2963134770724863
PC2_N3,pc2,push_neg_y,101,0,2,8.0,1,0.48347922523901155,1,0.3403563775958862,10.000455473884607,0.029604782602260626,0,10.125450080784118,0.33280599675076533
PC2_N3,pc2,push_neg_y,101,0,3,12.0,1,0.4841135207298227,1,0.3434846459384908,8.45844307520549,0.041055017520919224,0,9.559686842921193,0.32341047181165156
PC2_N3,pc2,push_neg_y,101,0,4,16.0,1,0.5208296103723289,1,0.34086762854759706,7.517276625884077,0.03663022455729863,0,11.638330591715812,0.32552540206654185
PC2_N3,pc2,push_neg_y,101,1,1,4.0,1,0.5577289991034989,1,0.34346416807748414,10.807639506187737,0.04221845318459873,0,13.299185803247942,0.33264026747030373
PC2_N3,pc2,push_neg_y,101,1,2,8.0,1,0.4934452399683022,1,0.34869854462975486,10.642451303690752,0.03158828910917688,0,12.27269568868743,0.3402653492708257
PC2_N3,pc2,push_neg_y,101,1,3,12.0,1,0.4699339699325874,1,0.34412116704777596,9.933431210743937,0.024027316207780574,0,11.596595090399441,0.3386329849136067
PC2_N3,pc2,push_neg_y,101,1,4,16.0,1,0.46248829626865984,1,0.3477530623661643,6.719609115897731,0.03514147874586568,0,10.457072967422873,0.3189966543154283
PC2_N3,pc2,push_neg_y,101,2,1,4.0,1,0.5399091143613413,1,0.3279395667626896,7.649192154767175,0.03200560375851069,0,9.909489174890611,0.31940138100940274
PC2_N3,pc2,push_neg_y,101,2,2,8.0,1,0.44946112477290723,1,0.34469944302411004,9.591626915360767,0.03422245685271744,0,11.745678660888277,0.3090388350945743
PC2_N3,pc2,push_neg_y,101,2,3,12.0,1,0.5371705665744173,1,0.33845592971472815,10.090665561019351,0.028980800749946193,0,14.260586422144636,0.27742419746470326
PC2_N3,pc2,push_neg_y,101,2,4,16.0,1,0.4929947702523562,1,0.3374417840159513,11.191448688672676,0.036471565993057134,0,12.806061936175777,0.30448906896586087
PC2_N3,pc2,push_neg_y,101,3,1,4.0,1,0.49366343803594326,1,0.33735910408637104,9.839180425047509,0.03951949097599651,0,10.034954027203819,0.34069011316579934
PC2_N3,pc2,push_neg_y,101,3,2,8.0,1,0.4900780152644255,1,0.35489496700266465,9.613554799074745,0.03304590901631675,0,9.823610535919562,0.33004596988785073
PC2_N3,pc2,push_neg_y,101,3,3,12.0,1,0.4904670959203727,1,0.34093401202543533,10.263541115984658,0.03647562913568003,0,11.52177594246507,0.32862793522722583
PC2_N3,pc2,push_neg_y,101,3,4,16.0,1,0.5338271440677557,1,0.34395597030453506,9.152562046428919,0.0360681342430353,0,9.507912806804176,0.333136409999215
PC2_N3,pc2,push_neg_y,101,4,1,4.0,1,0.5506595608119591,1,0.34051386884508283,9.255865310356949,0.035588272002105154,0,10.915582610864968,0.3203606462096148
PC2_N3,pc2,push_neg_y,101,4,2,8.0,1,0.5150347469597013,1,0.32497397957638624,8.723187173961096,0.03387218441765011,0,12.10088892618189,0.31933720656894743
PC2_N3,pc2,push_neg_y,101,4,3,12.0,1,0.47123899656731427,1,0.3098882485360385,9.049216828444308,0.03624498209851084,0,12.183789883692729,0.3180391364556583
PC2_N3,pc2,push_neg_y,101,4,4,16.0,1,0.503059571495859,1,0.327045153408127,8.696357311332125,0.03395006655979327,0,10.364354805293592,0.32212848331839006
PC2_N3,pc2,push_neg_y,101,5,1,4.0,1,0.514911984315115,1,0.3326473860020306,8.48762192702744,0.02989926774267699,0,10.45677190598025,0.32495531583214826
PC2_N3,pc2,push_neg_y,101,5,2,8.0,1,0.4834606910852346,1,0.33817293961099126,9.384159916607526,0.042881429833583645,0,10.953534570713918,0.34099218233383916
PC2_N3,pc2,push_neg_y,101,5,3,12.0,1,0.4355382107417935,1,0.3348754812530018,9.864960561735904,0.03480553171312509,0,9.361327208557796,0.3316652719031043
PC2_N3,pc2,push_neg_y,101,5,4,16.0,1,0.4882952393665585,1,0.3394941583992963,9.698043790950457,0.02748574327957064,0,10.4382401248233,0.3320201305463352
PC2_N3,pc2,push_neg_y,101,6,1,4.0,1,0.47846671986360007,1,0.3336880324199238,7.692545864574708,0.035338947566961584,0,8.506392238397048,0.3284979899299336
PC2_N3,pc2,push_neg_y,101,6,2,8.0,1,0.50228241598637,1,0.33775380365351304,8.357400111796707,0.03418943297386599,0,9.39791413124185,0.3309256472689583
PC2_N3,pc2,push_neg_y,101,6,3,12.0,1,0.5407319149385216,1,0.33914735116423134,9.221033913089276,0.038094822957299906,0,10.662081802554038,0.3304983116088704
PC2_N3,pc2,push_neg_y,101,6,4,16.0,1,0.4759506882638739,1,0.3381045490981423,9.780577804416058,0.028774694752328002,0,10.16817485968749,0.30921086971772543
PC2_N3,pc2,push_neg_y,101,7,1,4.0,1,0.4356019952384515,1,0.3191929435666232,6.1277205795342224,0.025860818669150076,0,9.305503721811984,0.3248941597135309
PC2_N3,pc2,push_neg_y,101,7,2,8.0,1,0.5003102607050868,1,0.32203558358279144,9.585839032207165,0.03705319986065593,0,11.637501052946545,0.32449409254094497
PC2_N3,pc2,push_neg_y,101,7,3,12.0,1,0.5024089454297617,1,0.32942831771259,11.086142259686667,0.04478995403332449,0,11.446663699920995,0.3289025696841153
PC2_N3,pc2,push_neg_y,101,7,4,16.0,1,0.47579808417120134,1,0.332970619839143,9.018354617996867,0.02900848702365696,0,10.569093899098377,0.3275407190947609
PC2_N3,pc2,push_neg_y,101,8,1,4.0,1,0.46224418393767835,1,0.33072169356167636,7.622914385892067,0.03857701429182575,0,8.573934017022882,0.31977369329508615
PC2_N3,pc2,push_neg_y,101,8,2,8.0,1,0.4593327387929153,1,0.34314409942231716,7.627902477812656,0.04739206523134117,0,10.409133843410421,0.32013622069741315
PC2_N3,pc2,push_neg_y,101,8,3,12.0,1,0.5048555121417115,1,0.3436702838077902,9.664251496946903,0.026727656202145345,0,16.08427132439304,0.3262784275460371
PC2_N3,pc2,push_neg_y,101,8,4,16.0,1,0.4908304406446689,1,0.3403181706998437,8.393475388654165,0.02720329009961609,0,15.353671956160031,0.30040222151394197
PC2_N3,pc2,push_neg_y,101,9,1,4.0,1,0.4963770014899987,1,0.33726421914954874,8.473928681054971,0.039478538083993625,0,9.205110955509316,0.3341551384823845
PC2_N3,pc2,push_neg_y,101,9,2,8.0,1,0.5219308289067627,1,0.34298030195389206,10.373857232844868,0.03223531288277137,0,11.164825227466695,0.33632819808740666
PC2_N3,pc2,push_neg_y,101,9,3,12.0,1,0.5228606074739106,1,0.3381853564219041,10.776894237613728,0.04250118214972143,0,11.323538401705404,0.3348364968669606
PC2_N3,pc2,push_neg_y,101,9,4,16.0,1,0.392833592683767,1,0.348328900050352,10.142006291210684,0.03182853999613772,0,10.347389669321053,0.3394035081812405
PC2_N3,pc2,push_neg_y,101,10,1,4.0,1,0.47644185127383915,1,0.33101386668529104,6.964795546397038,0.03266319794764282,0,10.333291301571704,0.31441947005011817
PC2_N3,pc2,push_neg_y,101,10,2,8.0,1,0.5066708109351349,1,0.3274346044994293,8.08166185325275,0.03408731869052107,0,8.677199875610095,0.32956157154577936
PC2_N3,pc2,push_neg_y,101,10,3,12.0,1,0.5309539026743332,1,0.33687069637571426,7.228205069047568,0.037366414397889305,0,8.723729684305736,0.2931914249843455
PC2_N3,pc2,push_neg_y,101,10,4,16.0,1,0.5737667624851956,1,0.33059194508720846,7.306041454087593,0.037977711678569254,0,7.169571849111004,0.29740907706041386
PC2_N3,pc2,push_neg_y,101,11,1,4.0,1,0.47126471913901574,1,0.3327141961152541,8.80967018319215,0.024357660972413132,0,8.867737348402079,0.32202387158883444
PC2_N3,pc2,push_neg_y,101,11,2,8.0,1,0.4963078689411826,1,0.3289678021070154,9.06427429128572,0.026602661976011747,0,9.40742536133263,0.31280832144028364
PC2_N3,pc2,push_neg_y,101,11,3,12.0,1,0.47586672476958797,1,0.32748826039347423,8.301155015717887,0.040785031291486196,0,8.570291043446288,0.3105789767229621
PC2_N3,pc2,push_neg_y,101,11,4,16.0,1,0.5302197682905184,1,0.32429216220417123,8.544367357830629,0.026580415241732123,0,8.824321277380237,0.3153740465641022
PC2_N3,pc2,push_neg_y,101,12,1,4.0,1,0.5427702802098399,1,0.3399565085210902,8.011094559287574,0.03746862948000837,0,11.717999337604033,0.3342985157023139
PC2_N3,pc2,push_neg_y,101,12,2,8.0,1,0.49045959306137527,1,0.33878740341586866,9.837207497547304,0.049685886413613906,0,11.418166083588154,0.33416618223496297
PC2_N3,pc2,push_neg_y,101,12,3,12.0,1,0.564533736261454,1,0.34214607430970606,9.155311451265437,0.027837935108837576,0,12.313869460453047,0.33443207552726256
PC2_N3,pc2,push_neg_y,101,12,4,16.0,1,0.5333422155925391,1,0.3448008200860916,9.170707428580446,0.032073270212975916,0,11.933005461792348,0.3408153817296666
PC2_N3,pc2,push_neg_y,101,13,1,4.0,1,0.46568137821303673,1,0.32945525526681685,6.932464885116406,0.028055824534863816,0,10.637781705904748,0.3361098600581368
PC2_N3,pc2,push_neg_y,101,13,2,8.0,1,0.5183172546825519,1,0.34287149176240606,7.948955709208201,0.03283963291406704,0,10.10131447221114,0.3337155242654729
PC2_N3,pc2,push_neg_y,101,13,3,12.0,1,0.46351816634091364,1,0.33995959441610835,9.917949032632347,0.033773964145275934,0,11.491576609243843,0.33592904155904596
PC2_N3,pc2,push_neg_y,101,13,4,16.0,1,0.5357758522432643,1,0.332489735621182,11.024128338344873,0.04334036879039303,0,11.011400332861527,0.3208931870957747
PC2_N3,pc2,push_neg_y,101,14,1,4.0,1,0.47722571205065983,1,0.3344809028075978,8.554541721553138,0.0372050166304025,0,11.45964873910888,0.33205481184357627
PC2_N3,pc2,push_neg_y,101,14,2,8.0,1,0.4960778030839301,1,0.3405837287558591,10.767123943982668,0.030405950206692817,0,12.910231398155728,0.33536034981834695
PC2_N3,pc2,push_neg_y,101,14,3,12.0,1,0.48203502344252036,1,0.3428714076943576,8.03367699927897,0.028662768670235837,0,8.77623916900911,0.32892895764845576
PC2_N3,pc2,push_neg_y,101,14,4,16.0,1,0.5194012649207329,1,0.3405332623477926,8.946999972713819,0.04216535832094593,0,13.134778640974943,0.32608279745209023
PC2_N3,pc2,push_neg_y,101,15,1,4.0,1,0.487484136294394,1,0.335079909566252,9.792851973888911,0.04595243043792782,0,12.00803899704903,0.33266315406019037
PC2_N3,pc2,push_neg_y,101,15,2,8.0,1,0.5420605391822195,1,0.3389629341542402,10.55122599592427,0.03408634457527905,0,10.056196624562421,0.34052937888206647
PC2_N3,pc2,push_neg_y,101,15,3,12.0,1,0.47230824966765544,1,0.3482125726613131,10.350202658134092,0.04118531500045906,0,21.531124361900314,0.33212287763860776
PC2_N3,pc2,push_neg_y,101,15,4,16.0,1,0.43907119761532654,1,0.3407887003638528,9.677678570146124,0.03226997004865963,0,9.947815023220754,0.3320986595064561
PC2_N3,pc2,push_neg_y,101,16,1,4.0,1,0.5500394909374285,1,0.33137164005939973,8.057965055295178,0.04059208932452959,0,11.026748407799834,0.32319385817344176
PC2_N3,pc2,push_neg_y,101,16,2,8.0,1,0.5377909167314735,1,0.34604193907689285,8.865541746282439,0.025056272050391862,0,12.061303737754589,0.33599837801673194
PC2_N3,pc2,push_neg_y,101,16,3,12.0,1,0.48115140739858014,1,0.34799090346550554,8.525037572555352,0.042841286412199635,0,12.807448535945426,0.3318532450313874
PC2_N3,pc2,push_neg_y,101,16,4,16.0,1,0.5064540710606561,1,0.3436137243388171,8.94101982214272,0.035090007843987664,0,10.043926371903556,0.3298016955508268
PC2_N3,pc2,push_neg_y,101,17,1,4.0,1,0.511306962537752,1,0.34537008819095594,8.573964640134172,0.043376420511984426,0,11.336384624549149,0.33068529855121265
PC2_N3,pc2,push_neg_y,101,17,2,8.0,1,0.4607175409527339,1,0.33493768085132947,9.785271704935504,0.04229189034518288,0,11.352495962528263,0.3329036154530265
PC2_N3,pc2,push_neg_y,101,17,3,12.0,1,0.5130493806037763,1,0.3429286395483476,10.866618095470994,0.028573310602633552,0,11.838375601447058,0.32149981639601966
PC2_N3,pc2,push_neg_y,101,17,4,16.0,1,0.4507654525045887,1,0.3426384965684962,7.148125325716943,0.028221861573326082,0,11.395735646932666,0.33581661237752375
PC2_N3,pc2,push_neg_y,101,18,1,4.0,1,0.4819968997546029,1,0.3351831779601102,8.597110325330362,0.0368740766143478,0,12.087784158155403,0.33162954672772615
PC2_N3,pc2,push_neg_y,101,18,2,8.0,1,0.4914001037196253,1,0.3369200192192659,11.188222437557757,0.034791663634392817,0,13.733232676369965,0.32955142903455437
PC2_N3,pc2,push_neg_y,101,18,3,12.0,1,0.4375670112416132,1,0.3287965524642863,9.2825920655598,0.03610777577778297,0,11.707249521579756,0.3247714259407737
PC2_N3,pc2,push_neg_y,101,18,4,16.0,1,0.44579610904872036,1,0.34556001137922154,9.630423307180443,0.027439531895337543,0,12.797600478584469,0.33024747327049786
PC2_N3,pc2,push_neg_y,101,19,1,4.0,1,0.48082142367519987,1,0.3358342573445111,8.085947748076329,0.043330708940524154,0,9.41381656890538,0.3256013399776928
PC2_N3,pc2,push_neg_y,101,19,2,8.0,1,0.49090234212385137,1,0.33743499299102925,8.41775023017798,0.03982408287103291,0,9.101051887260981,0.3135546976551015
PC2_N3,pc2,push_neg_y,101,19,3,12.0,1,0.4972664172760044,1,0.33147213468577136,8.978912516310219,0.03668240119725989,0,10.61987728900871,0.33112950439759115
PC2_N3,pc2,push_neg_y,101,19,4,16.0,1,0.4708856374704276,1,0.3405191335767348,9.62258679304047,0.04457065706366628,0,10.313185835075965,0.3365483746171635
PC2_N3,pc2,push_neg_y,101,20,1,4.0,1,0.496514378152431,1,0.333895398015007,8.286110842377791,0.03530233458312995,0,11.085551088680242,0.3233830042701354
PC2_N3,pc2,push_neg_y,101,20,2,8.0,1,0.5380332322119329,1,0.3320479112512925,8.425409724966736,0.03348867685816999,0,9.961308101564622,0.32962022634113536
PC2_N3,pc2,push_neg_y,101,20,3,12.0,1,0.4617022816489273,1,0.3443106520462801,10.051904448725757,0.033904180661053496,0,10.23389185179149,0.3320245288591334
PC2_N3,pc2,push_neg_y,101,20,4,16.0,1,0.513613831320077,1,0.34542563111386837,9.318597558344695,0.03180083387113242,0,9.568525131650306,0.32745679575491715
PC2_N3,pc2,push_neg_y,101,21,1,4.0,1,0.4964473579544809,1,0.33667165718295355,9.122408303875417,0.03931685529063876,0,12.115118815925642,0.32567656327058925
PC2_N3,pc2,push_neg_y,101,21,2,8.0,1,0.43112884370433774,1,0.35323610654807985,9.958730154115429,0.05205722388127185,0,11.179348812067941,0.3426655687112859
PC2_N3,pc2,push_neg_y,101,21,3,12.0,1,0.4973960888402091,1,0.34329301421655056,10.099805745338838,0.03927748834012504,0,10.911560142060479,0.3279533328857014
PC2_N3,pc2,push_neg_y,101,21,4,16.0,1,0.48146939725715227,1,0.3438368085871406,8.810705934812768,0.03359458735646238,0,9.620568602822013,0.32842269300777005
PC2_N3,pc2,push_neg_y,101,22,1,4.0,1,0.5406053401407647,1,0.3312229644009136,7.950170056793694,0.03531107625864903,0,10.818690170882155,0.3313719544181212
PC2_N3,pc2,push_neg_y,101,22,2,8.0,1,0.5106707377364246,1,0.3278211357599911,10.371569310122075,0.030912684015438174,0,11.834229861347723,0.3188897360136165
PC2_N3,pc2,push_neg_y,101,22,3,12.0,1,0.5351854829882162,1,0.3389574107639292,8.762967106335601,0.02744093666503631,0,11.051610727238955,0.3287028426473791
PC2_N3,pc2,push_neg_y,101,22,4,16.0,1,0.46745806408685503,1,0.33630730602193004,7.911685499222049,0.036431653939488814,0,12.537638961186977,0.34025829058279966
PC2_N3,pc2,push_neg_y,101,23,1,4.0,1,0.45727107052549526,1,0.3201647161799956,8.181233370230565,0.03489146628030153,0,9.333362071656909,0.32335211551763154
PC2_N3,pc2,push_neg_y,101,23,2,8.0,1,0.5062023420990253,1,0.34690758745300576,8.246763341325632,0.0427454339528779,0,10.026777972414111,0.32860571974739033
PC2_N3,pc2,push_neg_y,101,23,3,12.0,1,0.4883815861382363,1,0.34566446086939645,9.984931419860516,0.03120994250056773,0,11.506395009542782,0.301389691026453
PC2_N3,pc2,push_neg_y,101,23,4,16.0,1,0.4914340653365002,1,0.3243301407219892,7.168831642511366,0.038343392005256785,0,8.295170144588177,0.31982800571676245
PC2_N3,pc2,push_neg_y,101,24,1,4.0,1,0.4769883561223222,1,0.34605316722138046,7.751838307440382,0.025201013001733025,0,9.663671817362413,0.3320794306336877
PC2_N3,pc2,push_neg_y,101,24,2,8.0,1,0.47993974006972007,1,0.32430479591861766,9.050008913129146,0.025431818526402514,0,10.155089437625813,0.3198815259066495
PC2_N3,pc2,push_neg_y,101,24,3,12.0,1,0.5274609372621994,1,0.3351472689506204,7.497590718535239,0.05019633388319078,0,6.774681369207963,0.29346962089844564
PC2_N3,pc2,push_neg_y,101,24,4,16.0,1,0.4844715759978239,1,0.30137435550039465,6.852269747707812,0.033596949190430755,0,7.480550503799742,0.29305304180492053
PC2_N3,pc2,push_neg_y,101,25,1,4.0,1,0.49253513391528636,1,0.3117171888523561,8.21850264984326,0.022512222488605446,0,13.26864299705389,0.2985303006707666
PC2_N3,pc2,push_neg_y,101,25,2,8.0,1,0.4866516907998039,1,0.340034935483958,9.877766149034517,0.033704555835461864,0,11.585377094709502,0.32477449414564324
PC2_N3,pc2,push_neg_y,101,25,3,12.0,1,0.5763287717075559,1,0.3288930758116717,7.520297376387392,0.04490662955267792,0,10.859714159500149,0.3425337417240449
PC2_N3,pc2,push_neg_y,101,25,4,16.0,1,0.5198554614402562,1,0.34314553009316245,8.7317063153575,0.03598858326524656,0,12.242293608230199,0.3018795682147225
PC2_N3,pc2,push_neg_y,101,26,1,4.0,1,0.5152113441576294,1,0.32874629562870067,7.580686256999634,0.030141191332411603,0,10.213535053568116,0.31157994812185114
PC2_N3,pc2,push_neg_y,101,26,2,8.0,1,0.4982940504170982,1,0.3364158126122174,9.429842905153645,0.031498574235181764,0,9.724555654468922,0.3236695902551559
PC2_N3,pc2,push_neg_y,101,26,3,12.0,1,0.5134558023098078,1,0.3466895001935449,9.603673029699566,0.020706992233418507,0,15.109565306275368,0.28171641542949777
PC2_N3,pc2,push_neg_y,101,26,4,16.0,1,0.542271840099924,1,0.3413777456564062,8.500606800917371,0.03862602501289618,0,10.706419922629102,0.3084160854472196
PC2_N3,pc2,push_neg_y,101,27,1,4.0,1,0.5173005628310378,1,0.31522904942061175,8.190993013002124,0.03611298928929477,0,10.850828655668918,0.31237570758171895
PC2_N3,pc2,push_neg_y,101,27,2,8.0,1,0.4481930013237783,1,0.34302561064773707,10.37166734269345,0.03941803804982763,0,11.111417640336342,0.33159236984456925
PC2_N3,pc2,push_neg_y,101,27,3,12.0,1,0.4891893470432099,1,0.33829367583129494,7.946544584701259,0.028820979175416116,0,12.620403140834341,0.33633700220342627
PC2_N3,pc2,push_neg_y,101,27,4,16.0,1,0.5071454524327649,1,0.345123217625414,10.964018012768317,0.025806490975696147,0,12.491792387255964,0.33733212453796263
PC2_N3,pc2,push_neg_y,101,28,1,4.0,1,0.5103747149692904,1,0.32244044430753127,7.0387768949834015,0.028843153518170482,0,10.649707613117668,0.3028554538673258
PC2_N3,pc2,push_neg_y,101,28,2,8.0,1,0.5034395155376545,1,0.34571381885418917,5.435493573719707,0.031167884146685348,0,9.97068135722775,0.3065516084910714
PC2_N3,pc2,push_neg_y,101,28,3,12.0,1,0.5160011755914908,1,0.33103867528591563,6.436414030630376,0.040364964078484944,0,9.707112062517464,0.2969105578361348
PC2_N3,pc2,push_neg_y,101,28,4,16.0,1,0.5173574252934635,1,0.32676054624950185,6.344800456061847,0.03239475736459481,0,8.65251399931442,0.3154227559897989
PC2_N3,pc2,push_neg_y,101,29,1,4.0,1,0.4505819707674694,1,0.3455875861772242,8.762759650355452,0.037257664082155875,0,9.91119566139523,0.3253723405261728
PC2_N3,pc2,push_neg_y,101,29,2,8.0,1,0.47852897536527866,1,0.3411745849777671,10.159207776433025,0.03225133095896955,0,12.979687357007707,0.3064310845525507
PC2_N3,pc2,push_neg_y,101,29,3,12.0,1,0.4704056086729625,1,0.35215796004323396,10.334753324198369,0.03069486883983221,0,13.681075112348296,0.3113181847620775
PC2_N3,pc2,push_neg_y,101,29,4,16.0,1,0.4882697246630145,1,0.34876984174557546,10.3999993219395,0.03264270747651327,0,13.455282035090672,0.31604205350824854
PC2_N3,pc2,push_neg_y,101,30,1,4.0,1,0.4909652116137716,1,0.3387154824434117,9.834629902381039,0.03301096763380472,0,11.655247234736695,0.3397529522046686
PC2_N3,pc2,push_neg_y,101,30,2,8.0,1,0.4797827912943236,1,0.3477045098409296,9.025541200283715,0.03694208546842718,0,12.342340628356686,0.3452750911368406
PC2_N3,pc2,push_neg_y,101,30,3,12.0,1,0.5474985144123148,1,0.34507307673201837,9.799816959558093,0.03246613929206464,0,11.903205938510716,0.3377553599084762
PC2_N3,pc2,push_neg_y,101,30,4,16.0,1,0.48575254547936014,1,0.3444851823350325,8.663137637033772,0.03859957926217834,0,13.680641932790659,0.33723077002693624
PC2_N3,pc2,push_neg_y,101,31,1,4.0,1,0.5150925772527295,1,0.32665078883821314,7.403157839128603,0.03455741340484861,0,8.733046612629263,0.32051623807871404
PC2_N3,pc2,push_neg_y,101,31,2,8.0,1,0.5039652969357795,1,0.34332283948832015,5.836575860105252,0.030112983843679428,0,8.672444940660228,0.3101187518892441
PC2_N3,pc2,push_neg_y,101,31,3,12.0,1,0.48470054461569656,1,0.31613070083493217,7.877506675069361,0.021777713246685933,0,10.174189335151963,0.30210212430851985
PC2_N3,pc2,push_neg_y,101,31,4,16.0,1,0.49662202775101577,1,0.3428296959177058,7.142924219627953,0.032475355662292094,0,9.997273639435894,0.31348274337416665
PC2_N3,pc2,push_neg_y,202,0,1,4.0,1,0.5209152408919899,1,0.32675735158397556,6.217208310961212,0.04415320967254869,0,9.678166585459588,0.30221674053426734
PC2_N3,pc2,push_neg_y,202,0,2,8.0,1,0.46744169013687736,1,0.3453689357813667,11.1902556445833,0.035422325012916055,0,12.938326210402986,0.32973470407373767
PC2_N3,pc2,push_neg_y,202,0,3,12.0,1,0.47921716308372747,1,0.33428005913999626,9.3527111246492,0.03503146633340023,0,12.583415215888921,0.29829647244616625
PC2_N3,pc2,push_neg_y,202,0,4,16.0,1,0.44697290021705205,1,0.3436809708887243,10.222496594808591,0.03249242072256982,0,10.809698513078315,0.3119694102894176
PC2_N3,pc2,push_neg_y,202,1,1,4.0,1,0.49027044744518455,1,0.32964429099929526,6.766728740665744,0.035536514076627494,0,11.018192539628323,0.3274749267228784
PC2_N3,pc2,push_neg_y,202,1,2,8.0,1,0.5323316022712203,1,0.33629021199948006,7.962175782701504,0.02819093334221894,0,10.158207449221795,0.32245206896634027
PC2_N3,pc2,push_neg_y,202,1,3,12.0,1,0.5443135067686292,1,0.33728317031885846,8.735147370526537,0.04030206214669267,0,9.594520355348092,0.31761962557858964
PC2_N3,pc2,push_neg_y,202,1,4,16.0,1,0.5107626297232827,1,0.34083813867148227,8.547786967431968,0.03445673271287637,0,10.435864802519284,0.3365753920958004
PC2_N3,pc2,push_neg_y,202,2,1,4.0,1,0.5220817692664873,1,0.33512897231680827,8.512872785307483,0.04245698377842877,0,10.623582820836672,0.33653857124680503
PC2_N3,pc2,push_neg_y,202,2,2,8.0,1,0.5107448787144787,1,0.34606892404390527,10.354113839247152,0.025659252747184082,0,10.185782895376256,0.33342361832685014
PC2_N3,pc2,push_neg_y,202,2,3,12.0,1,0.4338720976560864,1,0.33376561694922935,10.090353052768728,0.03383927118284526,0,12.49133450634843,0.30947047934175176
PC2_N3,pc2,push_neg_y,202,2,4,16.0,1,0.5153809907017398,1,0.33228035916619125,7.221762271249878,0.04038781156999191,0,9.552466327282183,0.33880804455216557
PC2_N3,pc2,push_neg_y,202,3,1,4.0,1,0.47119776883760917,1,0.34391604435635126,8.121089671372918,0.034453441837108564,0,9.6926398837594,0.33463905823421985
PC2_N3,pc2,push_neg_y,202,3,2,8.0,1,0.5349269341054433,1,0.3506759661722948,5.448792737884261,0.02724880670642996,0,7.37261977674778,0.32431708347988636
PC2_N3,pc2,push_neg_y,202,3,3,12.0,1,0.5304627190620321,1,0.3325190973632476,9.054070283999128,0.03300432847150272,0,10.377937496663035,0.3210580769707175
PC2_N3,pc2,push_neg_y,202,3,4,16.0,1,0.5056211445380947,1,0.3591182704437226,9.290514994145163,0.03298817396322347,0,9.872689248355663,0.34099662989218604
PC2_N3,pc2,push_neg_y,202,4,1,4.0,1,0.49633764415511644,1,0.33120123826883696,9.17264725065312,0.03391647519526217,0,10.838576635003282,0.33096854619801364
PC2_N3,pc2,push_neg_y,202,4,2,8.0,1,0.47805212834912403,1,0.35024675623299606,10.188333275946114,0.022181161478163403,0,11.905656172869294,0.3404247765553826
PC2_N3,pc2,push_neg_y,202,4,3,12.0,1,0.5401400791403235,1,0.3480302179879683,10.868773129575189,0.042810878597089805,0,12.003343441773385,0.3361562350217034
PC2_N3,pc2,push_neg_y,202,4,4,16.0,1,0.4815087307184033,1,0.34787857333287836,10.290432850789625,0.03971932469475778,0,13.74033721433541,0.3273128333257481
PC2_N3,pc2,push_neg_y,202,5,1,4.0,1,0.43380265044389604,1,0.33558815614106186,7.854614460403246,0.02999569571470052,0,11.107731125038564,0.3276059745467283
PC2_N3,pc2,push_neg_y,202,5,2,8.0,1,0.459611065982492,1,0.293314714642132,8.38962792697495,0.050747603015513884,0,9.92824455537312,0.3085333124839048
PC2_N3,pc2,push_neg_y,202,5,3,12.0,1,0.5300756244909212,1,0.27595568731188136,5.591580487215646,0.055812461004518484,0,9.391512199026481,0.29053661147540905
PC2_N3,pc2,push_neg_y,202,5,4,16.0,1,0.5029237031927362,1,0.32771311971274286,9.89687335302567,0.0314759531896835,0,9.386027367335984,0.31421760521470543
PC2_N3,pc2,push_neg_y,202,6,1,4.0,1,0.5040543789936462,1,0.3378021288364329,7.536359358130067,0.029642947348951537,0,9.808165935451532,0.3241374223308767
PC2_N3,pc2,push_neg_y,202,6,2,8.0,1,0.5220850298055816,1,0.3326406889261409,8.258062057421995,0.02785625632709276,0,10.392865750966344,0.31932326752871754
PC2_N3,pc2,push_neg_y,202,6,3,12.0,1,0.46518934063661954,1,0.33475475834015217,8.385296938762048,0.024099771275318933,0,9.50582445396182,0.3240213754342839
PC2_N3,pc2,push_neg_y,202,6,4,16.0,1,0.44551600225753346,1,0.34027692141698646,8.107342869773898,0.027142360498839363,0,10.304006387766321,0.3259931643378926
PC2_N3,pc2,push_neg_y,202,7,1,4.0,1,0.4985069481909561,1,0.3391248049104915,8.748551564265306,0.04125128452806843,0,10.08868912612419,0.34344807824986506
PC2_N3,pc2,push_neg_y,202,7,2,8.0,1,0.6048486197857621,1,0.3481674564872833,10.324363054102598,0.03015568879398384,0,10.896196343352118,0.3230051140096736
PC2_N3,pc2,push_neg_y,202,7,3,12.0,1,0.48757717072784074,1,0.34511768881649896,10.599499722411963,0.027982868887378845,0,11.235943391985833,0.3410829530361502
PC2_N3,pc2,push_neg_y,202,7,4,16.0,1,0.5487624967782757,1,0.3522354589904693,9.608093148326928,0.038207253913605,0,10.951251769092476,0.3311415872471855
PC2_N3,pc2,push_neg_y,202,8,1,4.0,1,0.5115046197175779,1,0.32779459631379276,6.6948758665991495,0.02118992237920938,0,8.532970888548693,0.31241631332565756
PC2_N3,pc2,push_neg_y,202,8,2,8.0,1,0.4756921917067855,1,0.3263183475178193,8.489821044541756,0.03751964899998704,0,8.687538594330492,0.31624583190775174
PC2_N3,pc2,push_neg_y,202,8,3,12.0,1,0.47650098583602685,1,0.3442184228629352,10.379178580547405,0.033657740581283374,0,11.920727427681234,0.3252469943487708
PC2_N3,pc2,push_neg_y,202,8,4,16.0,1,0.5284280271088234,1,0.3302995435853693,7.887913750814133,0.031483391249968865,0,9.701236585421581,0.32354358205183303
PC2_N3,pc2,push_neg_y,202,9,1,4.0,1,0.5011838450061632,1,0.34224028622402863,9.234057693196972,0.03013500637412716,0,10.913003348669552,0.3389798786869661
PC2_N3,pc2,push_neg_y,202,9,2,8.0,1,0.47437378544419057,1,0.3447751291295424,10.039817709555921,0.039857699731750296,0,11.129672903668585,0.325771743441648
PC2_N3,pc2,push_neg_y,202,9,3,12.0,1,0.4930555886569628,1,0.3340781172488463,7.893047991191212,0.025898834697843293,0,11.663713375023704,0.3327434274920805
PC2_N3,pc2,push_neg_y,202,9,4,16.0,1,0.5845655076432544,1,0.3246524743536577,10.53648893368554,0.044344397757566295,0,12.870598078244512,0.32304197374512167
PC2_N3,pc2,push_neg_y,202,10,1,4.0,1,0.5151052855015403,1,0.32861580042278066,7.573686321930481,0.0366297431345566,0,9.994578208275394,0.326534590141021
PC2_N3,pc2,push_neg_y,202,10,2,8.0,1,0.533679326277552,1,0.3405407016927546,10.694708915706531,0.04097183810881172,0,11.614318097336216,0.3414285503288004
PC2_N3,pc2,push_neg_y,202,10,3,12.0,1,0.4685650879557976,1,0.34762510011859116,9.780144785267051,0.03405220877359401,0,11.515670478536723,0.33512566433870855
PC2_N3,pc2,push_neg_y,202,10,4,16.0,1,0.557386704481156,1,0.35260043042228817,8.581725578453181,0.043015020543938964,0,11.865578770236667,0.34368048839390597
PC2_N3,pc2,push_neg_y,202,11,1,4.0,1,0.5082787084116488,1,0.3440065611014392,8.275677725712374,0.026465517126948928,0,11.481338338547136,0.34212371914144507
PC2_N3,pc2,push_neg_y,202,11,2,8.0,1,0.4822180709573773,1,0.34012189834194384,10.92181176856144,0.026549304678078315,0,10.95150343956666,0.2651786206559064
PC2_N3,pc2,push_neg_y,202,11,3,12.0,1,0.5039745417787945,1,0.3224940453780526,5.818287844895291,0.03189406654821468,0,6.058739550834954,0.30950288992514585
PC2_N3,pc2,push_neg_y,202,11,4,16.0,1,0.5303291284952256,1,0.3220016623244566,6.155060268516175,0.03588821899884555,0,6.928690308030316,0.3050651929595254
PC2_N3,pc2,push_neg_y,202,12,1,4.0,1,0.4713178994690634,1,0.34572962802999163,10.096771342759148,0.03143856743051642,0,10.36156400120349,0.3262749000347872
PC2_N3,pc2,push_neg_y,202,12,2,8.0,1,0.5228976540656463,1,0.3157027117549417,9.728535079794327,0.0373317131712025,0,11.416992974563986,0.298916920302386
PC2_N3,pc2,push_neg_y,202,12,3,12.0,1,0.5067620043787494,1,0.293521986766295,6.6698810249982365,0.04451917932880345,0,6.825616534955462,0.29501986583286427
PC2_N3,pc2,push_neg_y,202,12,4,16.0,1,0.4976224951148695,1,0.31588041766442077,7.5512248400051565,0.03638136889305001,0,8.78292912869554,0.3062429150795554
PC2_N3,pc2,push_neg_y,202,13,1,4.0,1,0.4842707954664188,1,0.3266414374431824,7.503858367743128,0.03264986197509749,0,10.146233767417742,0.3245364674591126
PC2_N3,pc2,push_neg_y,202,13,2,8.0,1,0.523156532659696,1,0.3477338778781381,8.027539585430182,0.032165039687624214,0,9.946075212207708,0.3468093422644916
PC2_N3,pc2,push_neg_y,202,13,3,12.0,1,0.5544479384466139,1,0.3474281660535119,9.451117593935631,0.031457383320125654,0,13.361706134804598,0.3311151035010496
PC2_N3,pc2,push_neg_y,202,13,4,16.0,1,0.5300990580278947,1,0.35352856446714964,6.480046576905989,0.03338094095638122,0,8.314345393737245,0.34779569570393487
PC2_N3,pc2,push_neg_y,202,14,1,4.0,1,0.4835220132224711,1,0.3228786805256165,6.709375140346074,0.03524067908008806,0,7.655271094658422,0.31395770266731793
PC2_N3,pc2,push_neg_y,202,14,2,8.0,1,0.4888264096610361,1,0.33101834038043404,9.108280905200257,0.025883215879913733,0,10.120981221940104,0.30871205390455886
PC2_N3,pc2,push_neg_y,202,14,3,12.0,1,0.5177564865704833,1,0.31869004818207436,9.468516974430827,0.0325388245464854,0,10.458220685551012,0.30384963750839233
PC2_N3,pc2,push_neg_y,202,14,4,16.0,1,0.49980227034275543,1,0.32951654278658293,8.206812038643331,0.03447214109736461,0,9.270527002291937,0.32316614743222527
PC2_N3,pc2,push_neg_y,202,15,1,4.0,1,0.531156539428338,1,0.33320093577239607,7.63996450713298,0.03368601499319261,0,10.021951592209676,0.3291614501871527
PC2_N3,pc2,push_neg_y,202,15,2,8.0,1,0.46185130019958837,1,0.3329739981794102,9.23032734779007,0.035514216258049805,0,11.963407329704626,0.3189655776648598
PC2_N3,pc2,push_neg_y,202,15,3,12.0,1,0.5336846978565338,1,0.33893088087997336,8.395950114600666,0.030585497612636375,0,7.265498080118352,0.3106671828318407
PC2_N3,pc2,push_neg_y,202,15,4,16.0,1,0.4650782225454879,1,0.3260027619606671,7.9816694644142245,0.021849942221073664,0,9.597040249684989,0.311205953837716
PC2_N3,pc2,push_neg_y,202,16,1,4.0,1,0.4295628074436434,1,0.33759168380084525,8.553764382952368,0.03416729140131054,0,11.265735044448915,0.34253653389884825
PC2_N3,pc2,push_neg_y,202,16,2,8.0,1,0.5412795055110763,1,0.34945740873482134,10.53191998437451,0.026443590247709807,0,12.603996375274745,0.33101081736585036
PC2_N3,pc2,push_neg_y,202,16,3,12.0,1,0.5384237489813416,1,0.3426620198443612,9.673116951116839,0.03211936690940621,1,174.2087069000555,0.08821378994912388
PC2_N3,pc2,push_neg_y,202,17,1,4.0,1,0.49005855627597195,1,0.3229390557277649,6.727434820035197,0.03301648074956373,0,7.561278275685342,0.32693644083119966
PC2_N3,pc2,push_neg_y,202,17,2,8.0,1,0.51443457879706,1,0.33168220535956605,5.931224725579644,0.022903188678203276,0,6.823863475868739,0.3060400414275613
PC2_N3,pc2,push_neg_y,202,17,3,12.0,1,0.507680899249991,1,0.31995567894555665,5.818688725640614,0.026286572687481188,0,9.992905498709106,0.30757721764518614
PC2_N3,pc2,push_neg_y,202,17,4,16.0,1,0.48467516036771635,1,0.34866671845874686,10.626462984863615,0.04227449208506684,0,11.332666087023805,0.3163022351137457
PC2_N3,pc2,push_neg_y,202,18,1,4.0,1,0.5085348407336129,1,0.32760649871698677,6.793016020990372,0.031769478087235,0,11.095706106663409,0.3293497406225154
PC2_N3,pc2,push_neg_y,202,18,2,8.0,1,0.44427656984440056,1,0.3313360706688886,10.090131678659933,0.03324765432615184,0,11.597750275763504,0.32186604709548744
PC2_N3,pc2,push_neg_y,202,18,3,12.0,1,0.5498683209616461,1,0.34326542308305036,10.325072171669895,0.036736617136016766,0,11.510212193096224,0.3376172513247811
PC2_N3,pc2,push_neg_y,202,18,4,16.0,1,0.45824067038686334,1,0.3339924481622676,10.197049026391296,0.02837784827477093,0,10.869679135890037,0.32672364364333334
PC2_N3,pc2,push_neg_y,202,19,1,4.0,1,0.5880923761642404,1,0.3267781813355053,8.68693720146998,0.038968218240944735,0,10.498724989605659,0.3340379482603328
PC2_N3,pc2,push_neg_y,202,19,2,8.0,1,0.4775191802529139,1,0.3424202174267029,9.711708645999696,0.03127218351173337,0,10.148210969392647,0.33303450103749566
PC2_N3,pc2,push_neg_y,202,19,3,12.0,1,0.5089473043892947,1,0.34654746830144667,10.083521427522077,0.027312984410593162,0,11.359138787175414,0.3240160666366312
PC2_N3,pc2,push_neg_y,202,19,4,16.0,1,0.5112489537942729,1,0.34426150976974057,8.603226579451299,0.04045429118645415,0,9.85149411168543,0.33933334267713167
PC2_N3,pc2,push_neg_y,202,20,1,4.0,1,0.5442217987483031,1,0.3131825201173517,6.266034144765179,0.03250497289811669,0,9.22741464192219,0.3043013307500013
PC2_N3,pc2,push_neg_y,202,20,2,8.0,1,0.5085488650919155,1,0.3295680376935133,9.501759634735729,0.032185952076488375,0,10.98108884023414,0.3171097322262545
PC2_N3,pc2,push_neg_y,202,20,3,12.0,1,0.470798600667088,1,0.3461599394599384,9.472198636529694,0.02599676013222952,0,9.935788354474575,0.31445873947067055
PC2_N3,pc2,push_neg_y,202,20,4,16.0,1,0.46909264009427803,1,0.33801042977820106,11.51371120300356,0.05564577378598223,0,12.825630148308234,0.29376737382960194
PC2_N3,pc2,push_neg_y,202,21,1,4.0,1,0.48795186283784725,1,0.3454778616759866,8.934171901645964,0.03907842493721037,0,9.74154447264349,0.3356005506400756
PC2_N3,pc2,push_neg_y,202,21,2,8.0,1,0.49944273220951013,1,0.34732623709076865,8.037922462234935,0.02758033950020433,0,8.69795544977155,0.3345862145729881
PC2_N3,pc2,push_neg_y,202,21,3,12.0,1,0.4890274872881475,1,0.3325771957954621,9.445925183491674,0.033614916033321424,0,9.701581107181807,0.3289900438033323
PC2_N3,pc2,push_neg_y,202,21,4,16.0,1,0.49001296666883404,1,0.3365346614849121,10.626555495388036,0.03724801467472251,0,11.852616720368578,0.3314317557263502
PC2_N3,pc2,push_neg_y,202,22,1,4.0,1,0.4428314263077959,1,0.3184570921933587,6.94595178891378,0.03220869611651175,0,8.574575387880229,0.31214796365263625
PC2_N3,pc2,push_neg_y,202,22,2,8.0,1,0.5085251241517541,1,0.34412145391505033,9.88158736286187,0.026528301238481575,0,17.245345522786426,0.29561370053393315
PC2_N3,pc2,push_neg_y,202,22,3,12.0,1,0.5396698110518985,1,0.3355429880918666,7.295469904972028,0.030518206009522535,0,7.952927365343909,0.3079956132460405
PC2_N3,pc2,push_neg_y,202,22,4,16.0,1,0.5174122996677852,1,0.34370461329419344,8.975881313061402,0.028837605131145968,0,13.003537436611825,0.3013969863799804
PC2_N3,pc2,push_neg_y,202,23,1,4.0,1,0.47961053476685406,1,0.32753440865220873,9.993820360850979,0.035248231243899225,0,10.968011331467258,0.32905518992699406
PC2_N3,pc2,push_neg_y,202,23,2,8.0,1,0.49073460187768464,1,0.34727161891638914,10.778578605905775,0.04180345602704665,0,12.084897273081632,0.33860561538507594
PC2_N3,pc2,push_neg_y,202,23,3,12.0,1,0.5173127353747231,1,0.35166874599648035,9.799246614947656,0.030260573740484707,0,12.855257568455938,0.34431881859978253
PC2_N3,pc2,push_neg_y,202,23,4,16.0,1,0.45632198214584585,1,0.3479994327467393,9.911170255485661,0.027940758430209916,0,11.284599003216574,0.3407710647200518
PC2_N3,pc2,push_neg_y,202,24,1,4.0,1,0.4861504604156845,1,0.3367690537224479,10.29906024351062,0.033056895103896505,0,11.763213654261483,0.33586822824682144
PC2_N3,pc2,push_neg_y,202,24,2,8.0,1,0.46826081862808233,1,0.33866022662682965,10.309856591076095,0.02736858131599814,0,10.648802077346415,0.3284235846868811
PC2_N3,pc2,push_neg_y,202,24,3,12.0,1,0.4798121728800425,1,0.34527445963041026,10.236839278121142,0.02965003643112346,0,12.718034193595939,0.3320672150282936
PC2_N3,pc2,push_neg_y,202,24,4,16.0,1,0.5214443470330847,1,0.35612434714554464,6.508323226044446,0.030983314844359955,0,9.228117425920459,0.34505512513578895
PC2_N3,pc2,push_neg_y,202,25,1,4.0,1,0.4985883670827337,1,0.3111572319014187,6.980136887440793,0.029402297969614136,0,8.751695834210102,0.3041901744623235
PC2_N3,pc2,push_neg_y,202,25,2,8.0,1,0.42471767523768833,1,0.3230279946231587,7.267516463363826,0.027473743491363202,0,10.127139966533745,0.3265436925990059
PC2_N3,pc2,push_neg_y,202,25,3,12.0,1,0.4595011806253124,1,0.33170128083802797,9.994676007156707,0.026838668569826356,0,10.84251692466931,0.31827990129032235
PC2_N3,pc2,push_neg_y,202,25,4,16.0,1,0.5006914445917189,1,0.3310404220685602,7.831529536448708,0.037774183521322426,0,7.521909133991414,0.23962611732954647
PC2_N3,pc2,push_neg_y,202,26,1,4.0,1,0.452870663778641,1,0.3290813070408163,8.294424827971268,0.039538266266292685,0,11.850188937769216,0.332562140602479
PC2_N3,pc2,push_neg_y,202,26,2,8.0,1,0.5417679662718713,1,0.34990591559818085,10.185742239024966,0.03683229684063863,0,10.362703194701941,0.34662585255296474
PC2_N3,pc2,push_neg_y,202,26,3,12.0,1,0.4608849589665777,1,0.3456890382231238,10.319688609377192,0.02959847817530938,0,11.751448274228029,0.343477561193354
PC2_N3,pc2,push_neg_y,202,26,4,16.0,1,0.4976641311568621,1,0.3455716331693578,10.670781076316533,0.040691761169652965,0,11.256483812804778,0.3406252178916319
PC2_N3,pc2,push_neg_y,202,27,1,4.0,1,0.5470312361599787,1,0.32345686207480606,6.938677474283699,0.04077552269182293,0,10.143286641174791,0.32690742914689414
PC2_N3,pc2,push_neg_y,202,27,2,8.0,1,0.4631567316405851,1,0.33068636864583123,9.270830739675628,0.0336776735765401,0,9.932126063354145,0.3156535593583622
PC2_N3,pc2,push_neg_y,202,27,3,12.0,1,0.4950636488933053,1,0.3363894157231173,8.464754270024013,0.03309236584904793,0,9.321962989549156,0.3188443502640342
PC2_N3,pc2,push_neg_y,202,27,4,16.0,1,0.5078328669076666,1,0.33191919956296523,9.630329576389059,0.028890317079349113,0,9.827653007885056,0.3009863374704983
PC2_N3,pc2,push_neg_y,202,28,1,4.0,1,0.4405310729867998,1,0.33155292551466486,7.529599596944031,0.031382912249006356,0,11.16553068657675,0.3315124414502618
PC2_N3,pc2,push_neg_y,202,28,2,8.0,1,0.582826159972584,1,0.3441246886623097,9.693176092206542,0.03072466517130946,0,11.431251987805663,0.3388373614313768
PC2_N3,pc2,push_neg_y,202,28,3,12.0,1,0.47727361112763633,1,0.34675535113416256,8.514323598775217,0.033247878247881404,0,11.884597736093486,0.34209430504610194
PC2_N3,pc2,push_neg_y,202,28,4,16.0,1,0.4488601485074956,1,0.34291478688704136,10.634014747805836,0.031732646894626786,0,12.69306622693039,0.3333792464937118
PC2_N3,pc2,push_neg_y,202,29,1,4.0,1,0.5583482982073972,1,0.32201579348607495,7.495271873166376,0.039273558357529104,0,8.743319802065248,0.3207017138680035
PC2_N3,pc2,push_neg_y,202,29,2,8.0,1,0.4877238592051669,1,0.3476664585703835,9.952833326073021,0.03922719535462555,0,9.968037995963364,0.32409728402122456
PC2_N3,pc2,push_neg_y,202,29,3,12.0,1,0.5191437069541545,1,0.3391892788881924,7.769524862112357,0.03797544331115778,0,9.962907105693134,0.33024023831846877
PC2_N3,pc2,push_neg_y,202,29,4,16.0,1,0.5080119163315145,1,0.3375620163857618,9.003159767049606,0.034662393504122424,0,10.284073840224904,0.3119186519938994
PC2_N3,pc2,push_neg_y,202,30,1,4.0,1,0.49977438421995524,1,0.32224934352910456,7.311918420329664,0.0429623904514002,0,11.872286963794432,0.32219808959068463
PC2_N3,pc2,push_neg_y,202,30,2,8.0,1,0.5124129719773463,1,0.3379618774123371,10.315636418901597,0.032867839734131404,0,11.501994283807004,0.3291186126158199
PC2_N3,pc2,push_neg_y,202,30,3,12.0,1,0.5109498406752657,1,0.3339257499272811,10.990349584788177,0.027228437409721824,0,11.690272250486789,0.31988211733134675
PC2_N3,pc2,push_neg_y,202,30,4,16.0,1,0.5057911398906103,1,0.32747585792592504,7.745901026155927,0.030432972052460205,0,11.997463236733083,0.3228066616198596
PC2_N3,pc2,push_neg_y,202,31,1,4.0,1,0.5159472816157766,1,0.33951449967960623,8.699110503042142,0.042779233506725405,0,9.651987152356247,0.33124465849947804
PC2_N3,pc2,push_neg_y,202,31,2,8.0,1,0.46597021174663084,1,0.3464525122056033,9.176951230866027,0.035077771390538096,0,8.653467367331043,0.31870184512061867
PC2_N3,pc2,push_neg_y,202,31,3,12.0,1,0.5178038633903443,1,0.32485482072766453,3.668793574047787,0.04775716574827681,0,7.057385338873506,0.30911453044350773
PC2_N3,pc2,push_neg_y,202,31,4,16.0,1,0.4744436583177698,1,0.32781246025613286,6.831900837578928,0.028236030480315328,0,9.86840600363921,0.3038804011548904
PC2_N3,pc2,push_neg_y,303,0,1,4.0,1,0.45606450045269803,1,0.33360613284901497,9.725516804355163,0.043166827474845564,0,10.70978345126818,0.3292146698038846
PC2_N3,pc2,push_neg_y,303,0,2,8.0,1,0.47408604015317724,1,0.34162746322027504,9.25404013175244,0.029860916382959055,0,10.172236466871846,0.3358496119950544
PC2_N3,pc2,push_neg_y,303,0,3,12.0,1,0.5463101566593712,1,0.3274583458741081,7.894139309110017,0.048372249708644274,0,10.494375895757138,0.3276629511685295
PC2_N3,pc2,push_neg_y,303,0,4,16.0,1,0.5007739225327905,1,0.34294450458358317,9.160888904943915,0.03886689391151797,0,10.533024146023083,0.3334294830095322
PC2_N3,pc2,push_neg_y,303,1,1,4.0,1,0.4559381916968312,1,0.3317243542103844,9.39698216320419,0.03531693861416771,0,12.459146715566932,0.3323136078801385
PC2_N3,pc2,push_neg_y,303,1,2,8.0,1,0.4993337210548396,1,0.35300084350899574,11.048741925796385,0.03156424444314536,0,10.164498688477888,0.34110067744943545
PC2_N3,pc2,push_neg_y,303,1,3,12.0,1,0.496843191806168,1,0.34750768813219934,9.825631294552188,0.04312332073928818,0,13.698189378228737,0.32857509969390014
PC2_N3,pc2,push_neg_y,303,1,4,16.0,1,0.4938165755730488,1,0.34667076425437626,9.5980409476092,0.0380885379859176,0,11.692631658340526,0.320338204423374
PC2_N3,pc2,push_neg_y,303,2,1,4.0,1,0.4989421571980406,1,0.3289148050514772,8.267024790200566,0.032936942365307725,0,10.976265049130387,0.32685692903192287
PC2_N3,pc2,push_neg_y,303,2,2,8.0,1,0.4805350634594869,1,0.3311912432552021,6.263244643431623,0.036899772753644894,0,8.769992131701242,0.31764090443677445
PC2_N3,pc2,push_neg_y,303,2,3,12.0,1,0.5543664541753208,1,0.31978999102179384,8.211163335487822,0.028945000501269795,0,10.717388895700433,0.315388113897752
PC2_N3,pc2,push_neg_y,303,2,4,16.0,1,0.5379016527641334,1,0.33006747975387674,8.664801185905807,0.03795104703316075,0,12.043410940332661,0.33125741548716703
PC2_N3,pc2,push_neg_y,303,3,1,4.0,1,0.5015457510230622,1,0.3332877933660293,9.356259222428621,0.02979940476422615,0,10.912714722431796,0.331590264079405
PC2_N3,pc2,push_neg_y,303,3,2,8.0,1,0.5128840107855946,1,0.337105511583109,9.58795095622875,0.039505224950918995,0,10.535172349017643,0.33297001821472044
PC2_N3,pc2,push_neg_y,303,3,3,12.0,1,0.4597581215196318,1,0.342167447754406,10.991470371796023,0.033709225774600685,0,10.821728191252927,0.33774928007533844
PC2_N3,pc2,push_neg_y,303,3,4,16.0,1,0.49004812137369197,1,0.3477055388975908,10.693726688105153,0.038682143164445626,0,10.864842720579864,0.3364604536224814
PC2_N3,pc2,push_neg_y,303,4,1,4.0,1,0.5225457173279283,1,0.3348670015360582,7.662176685307065,0.03479066685742227,0,10.532127376627102,0.3351975958296322
PC2_N3,pc2,push_neg_y,303,4,2,8.0,1,0.5397738220020786,1,0.3441139438891793,10.505976454645678,0.036154049601797744,0,11.574403692451103,0.3436326993340477
PC2_N3,pc2,push_neg_y,303,4,3,12.0,1,0.5014666865934826,1,0.35177044666068435,9.777004964344838,0.02641684537204294,0,11.840955560495772,0.35152520613874344
PC2_N3,pc2,push_neg_y,303,4,4,16.0,1,0.5230093022049349,1,0.34711422392710006,10.850102948924512,0.037108993791919564,0,11.893085177279795,0.3387417978143947
PC2_N3,pc2,push_neg_y,303,5,1,4.0,1,0.48852621256218837,1,0.32797265188260516,7.889097967805174,0.036879288733003,0,10.172603866460124,0.32583936315806794
PC2_N3,pc2,push_neg_y,303,5,2,8.0,1,0.4520712309317088,1,0.3392161446459153,9.413231854064438,0.02814474248199596,0,10.493550866549656,0.3357053834168031
PC2_N3,pc2,push_neg_y,303,5,3,12.0,1,0.49198681170226344,1,0.3376744281161915,10.671316186504,0.027674744383657947,0,10.494675890477536,0.33092659297473925
PC2_N3,pc2,push_neg_y,303,5,4,16.0,1,0.5052321037390611,1,0.3504630708917577,8.72968243827456,0.04669003023712541,0,11.312958590022749,0.3416111419863879
PC2_N3,pc2,push_neg_y,303,6,1,4.0,1,0.5261190029107329,1,0.32998753398816216,7.895665678598787,0.032758306728178685,0,11.764989185089052,0.33217817529000065
PC2_N3,pc2,push_neg_y,303,6,2,8.0,1,0.47667054839609346,1,0.33742062835132375,10.334603378532305,0.03616955835040033,0,11.663916082513738,0.3326920313949891
PC2_N3,pc2,push_neg_y,303,6,3,12.0,1,0.504661527383478,1,0.35374543110635825,9.804045277086322,0.04119270290884846,0,11.21408398957538,0.34093131164815976
PC2_N3,pc2,push_neg_y,303,6,4,16.0,1,0.4658738583595919,1,0.3465649879233722,10.377387310836495,0.032436315333131474,0,12.159445011466392,0.33998816169519475
PC2_N3,pc2,push_neg_y,303,7,1,4.0,1,0.5640749136332477,1,0.34260376323671904,8.448476010190724,0.03654752681857908,0,14.277767358322118,0.3085028197676103
PC2_N3,pc2,push_neg_y,303,7,2,8.0,1,0.488827680158117,1,0.34158952199520276,9.982390318591813,0.030602511934884665,0,11.088303792642222,0.32306261002061204
PC2_N3,pc2,push_neg_y,303,7,3,12.0,1,0.4763628376868562,1,0.321917951744508,10.106634436643581,0.023974206557341782,0,10.947799711688917,0.3197331285094195
PC2_N3,pc2,push_neg_y,303,7,4,16.0,1,0.5279546219423312,1,0.3182542424469708,10.013420857268319,0.0455250274850592,0,10.523884771987083,0.3134593625757146
PC2_N3,pc2,push_neg_y,303,8,1,4.0,1,0.4739302556549737,1,0.31975039712248,7.7752657950327695,0.030806985971484013,0,7.879803862142276,0.32031291707314274
PC2_N3,pc2,push_neg_y,303,8,2,8.0,1,0.49864124535740356,1,0.33397642056890986,9.177592750626932,0.02551137484880212,0,10.3259396703075,0.3192888627396548
PC2_N3,pc2,push_neg_y,303,8,3,12.0,1,0.47932443623063764,1,0.32572565152045874,6.838225609555538,0.02806561479477538,0,9.343821909110652,0.315891238935491
PC2_N3,pc2,push_neg_y,303,8,4,16.0,1,0.5657203698348765,1,0.33381588765006653,8.647220553179636,0.029385705869748327,0,8.69754895014675,0.32224764702791836
PC2_N3,pc2,push_neg_y,303,9,1,4.0,1,0.48286243467333084,1,0.33712175592062943,8.728077725444425,0.03506079183200993,0,10.077219246829065,0.33780261316401433
PC2_N3,pc2,push_neg_y,303,9,2,8.0,1,0.5010223457840053,1,0.34514203842948465,9.856472071682013,0.02736345074887646,0,11.461298776802625,0.336040712295369
PC2_N3,pc2,push_neg_y,303,9,3,12.0,1,0.4874639415759361,1,0.3495317957299278,8.703102744547717,0.02897834262697239,0,10.220831939183713,0.3293869477861068
PC2_N3,pc2,push_neg_y,303,9,4,16.0,1,0.539011410563339,1,0.3459951279953839,10.298142992142303,0.03270308597266366,0,11.630659366641332,0.3424983947353567
PC2_N3,pc2,push_neg_y,303,10,1,4.0,1,0.4876926451550163,1,0.3358134895881867,8.614086557827907,0.03439528780423419,0,9.87637335888694,0.3219016049316223
PC2_N3,pc2,push_neg_y,303,10,2,8.0,1,0.5006701298806574,1,0.33565138798346494,8.2608455135182,0.042314708391258136,0,9.803112670286712,0.328825415615092
PC2_N3,pc2,push_neg_y,303,10,3,12.0,1,0.5035290030754002,1,0.33918686147360877,10.368645576092147,0.03008822166385931,0,10.603464946092638,0.3163824030422272
PC2_N3,pc2,push_neg_y,303,10,4,16.0,1,0.504754803219,1,0.3325436990210079,8.962740807012626,0.03408328971667226,0,10.422262383953756,0.3350290778805228
PC2_N3,pc2,push_neg_y,303,11,1,4.0,1,0.5184230545382891,1,0.3396031779242072,8.038110896522872,0.03413913807496974,0,11.5478890888155,0.31867489425893775
PC2_N3,pc2,push_neg_y,303,11,2,8.0,1,0.49758386921575976,1,0.3127885563647683,9.43218745937221,0.04605234242060854,0,9.355131565530607,0.2790669978939913
PC2_N3,pc2,push_neg_y,303,11,3,12.0,1,0.5266797351243162,1,0.3155983119884277,6.165488644430521,0.038408207130030445,0,8.914360242551826,0.3145537658489962
PC2_N3,pc2,push_neg_y,303,11,4,16.0,1,0.5119867286351691,1,0.34060255378325355,8.243266176679189,0.039161347196439156,0,11.78378356233882,0.3218133965915537
PC2_N3,pc2,push_neg_y,303,12,1,4.0,1,0.4598132913951508,1,0.331912170996003,6.985456699489747,0.03839206431860004,0,12.019737179642414,0.33087153023576993
PC2_N3,pc2,push_neg_y,303,12,2,8.0,1,0.46651564399426215,1,0.3335934369799925,10.443270434244411,0.03280129505150811,0,12.068215061506217,0.32962637980354026
PC2_N3,pc2,push_neg_y,303,12,3,12.0,1,0.493433830160365,1,0.35094071645787694,9.16402358224979,0.02978833293859325,0,12.065045813310219,0.33388108413487194
PC2_N3,pc2,push_neg_y,303,12,4,16.0,1,0.517213247531312,1,0.32961777354625454,9.578484144661727,0.027178074028647987,0,11.542292225029831,0.3243661897386459
PC2_N3,pc2,push_neg_y,303,13,1,4.0,1,0.5110409351988969,1,0.3352068896918373,7.945765939384514,0.02509819791093877,0,11.285750791609289,0.3247822215531599
PC2_N3,pc2,push_neg_y,303,13,2,8.0,1,0.4592045575889458,1,0.31943024089310895,10.040189985633006,0.03467974861153633,0,11.87356508179976,0.31345919953948037
PC2_N3,pc2,push_neg_y,303,13,3,12.0,1,0.479206513052189,1,0.33148362180765933,10.155620362738292,0.030528089090716394,0,11.695310702313598,0.3269479956856386
PC2_N3,pc2,push_neg_y,303,13,4,16.0,1,0.5205980351731521,1,0.3393704502340307,10.350801991929426,0.03486983325423076,0,12.667878560040451,0.3313986845513716
PC2_N3,pc2,push_neg_y,303,14,1,4.0,1,0.5205146701254497,1,0.3125303856191788,5.96484578898093,0.03505187337714867,0,11.015887227910259,0.3082838236966873
PC2_N3,pc2,push_neg_y,303,14,2,8.0,1,0.46234216536629524,1,0.34230643223951207,7.658203024574494,0.04314894574176361,0,12.317135735554663,0.3476463822438755
PC2_N3,pc2,push_neg_y,303,14,3,12.0,1,0.5465222055504513,1,0.3436862887705074,10.163995515803128,0.03352146350156088,0,10.615132342426186,0.31598364095636866
PC2_N3,pc2,push_neg_y,303,14,4,16.0,1,0.4263543597174959,1,0.34940778491968777,9.054470872939602,0.038082895461840564,0,12.364528850584781,0.3289889135462715
PC2_N3,pc2,push_neg_y,303,15,1,4.0,1,0.5060171625330545,1,0.3347429273759618,7.330811734695361,0.02593040786786905,0,10.465555613845797,0.3263886615554279
PC2_N3,pc2,push_neg_y,303,15,2,8.0,1,0.5329912388284036,1,0.34119838460243956,10.385603129270923,0.04006169391251272,0,11.439020673906718,0.3367511762335976
PC2_N3,pc2,push_neg_y,303,15,3,12.0,1,0.5357281577198426,1,0.34725149661143195,9.684469832546448,0.03428809855724257,0,9.313504838803542,0.343470306001245
PC2_N3,pc2,push_neg_y,303,15,4,16.0,1,0.5484914042896726,1,0.35016794956941655,9.890390364826242,0.028187032092639314,0,11.016441261038723,0.3355437265360419
PC2_N3,pc2,push_neg_y,303,16,1,4.0,1,0.5568296487430605,1,0.31804474160314244,8.115777917686014,0.044621739869746435,0,9.191031655669967,0.31639817181755514
PC2_N3,pc2,push_neg_y,303,16,2,8.0,1,0.501400879636146,1,0.3365472846808918,10.003831824552803,0.031872666616655956,0,11.288507631990809,0.3210505167430735
PC2_N3,pc2,push_neg_y,303,16,3,12.0,1,0.48322109217567344,1,0.3020845328900903,8.429604075776055,0.03956857275711519,0,7.31386375382218,0.28586021671320666
PC2_N3,pc2,push_neg_y,303,16,4,16.0,1,0.49485616875274646,1,0.3074010259168033,7.176953305944467,0.027212801155448187,0,8.841624210604751,0.30046689095981616
PC2_N3,pc2,push_neg_y,303,17,1,4.0,1,0.5070185727833514,1,0.32773854906227495,7.222117361751582,0.03188606212773806,0,9.53567985231784,0.32990238452977677
PC2_N3,pc2,push_neg_y,303,17,2,8.0,1,0.5301255452187962,1,0.34403800844827437,9.081999892845953,0.035407137531035374,0,9.173075719759318,0.30103860755655215
PC2_N3,pc2,push_neg_y,303,17,3,12.0,1,0.5139169961112889,1,0.3183634015009365,6.817814988750295,0.041600304119118914,0,9.20844071589338,0.3134635395225994
PC2_N3,pc2,push_neg_y,303,17,4,16.0,1,0.4935927510467129,1,0.3376138490789077,9.79818164790397,0.039570380890869644,0,10.051932093384645,0.31270422272503695
PC2_N3,pc2,push_neg_y,303,18,1,4.0,1,0.5119685636798871,1,0.3246381061281112,7.747506100002548,0.03779118309245591,0,9.708671511321942,0.3201934221912833
PC2_N3,pc2,push_neg_y,303,18,2,8.0,1,0.45508031670420596,1,0.3389555269224759,9.83548561241411,0.03809941641859102,0,10.94296142613579,0.3262121841550511
PC2_N3,pc2,push_neg_y,303,18,3,12.0,1,0.54068828854591,1,0.33481258257506363,9.229367403306846,0.034712678267186894,0,13.87568514230505,0.2917716659326604
PC2_N3,pc2,push_neg_y,303,18,4,16.0,1,0.5286357280675117,1,0.34471949138105873,10.25764053198444,0.032490670477240635,0,10.617727494802732,0.32081945073158347
PC2_N3,pc2,push_neg_y,303,19,1,4.0,1,0.4448472162364357,1,0.3216737437056985,6.208325346879905,0.02931126445090962,0,9.649807450807517,0.31018647280606354
PC2_N3,pc2,push_neg_y,303,19,2,8.0,1,0.46560359048214595,1,0.32743369513016973,8.521040176901536,0.030704914932906495,0,9.215970963107619,0.3096653450937832
PC2_N3,pc2,push_neg_y,303,19,3,12.0,1,0.47232664584544143,1,0.31917877375760817,7.539612110846408,0.026576354039148934,0,8.21795320278114,0.31322940084386
PC2_N3,pc2,push_neg_y,303,19,4,16.0,1,0.5013941766843534,1,0.3300824987697092,8.223195801420704,0.028595074101930167,0,8.697842535100111,0.31405236902721423
PC2_N3,pc2,push_neg_y,303,20,1,4.0,1,0.5140754430127186,1,0.325212102841566,6.273620646852976,0.03744528798214022,0,12.179258210842082,0.3244670015924117
PC2_N3,pc2,push_neg_y,303,20,2,8.0,1,0.49370033867976876,1,0.29672694238111935,7.363025763997586,0.0422930801881395,0,5.6814788421520195,0.2256674788055573
PC2_N3,pc2,push_neg_y,303,20,3,12.0,1,0.4962724013677005,1,0.2948799895092765,6.226927751221423,0.04150753385001989,0,8.061730075898408,0.2876482768492265
PC2_N3,pc2,push_neg_y,303,20,4,16.0,1,0.4349003843829902,1,0.28125768358057196,6.567546906305946,0.040274613484103675,0,9.08060454897339,0.2799932924821415
PC2_N3,pc2,push_neg_y,303,21,1,4.0,1,0.5099288121507038,1,0.3400934733012143,7.880501249016055,0.03091802390675396,0,9.431109745964932,0.334588177541998
PC2_N3,pc2,push_neg_y,303,21,2,8.0,1,0.4926464331438968,1,0.3445828966597185,10.302248851362002,0.026853492497076876,0,10.461098840563997,0.32760944309081624
PC2_N3,pc2,push_neg_y,303,21,3,12.0,1,0.4852385134495976,1,0.3421513952992179,10.20656842522326,0.028256440054676618,0,10.470837374409879,0.33465570498277797
PC2_N3,pc2,push_neg_y,303,21,4,16.0,1,0.48475184841443786,1,0.34094817482213924,8.672619864632903,0.04537318033119858,0,9.723099835399802,0.3391353556497849
PC2_N3,pc2,push_neg_y,303,22,1,4.0,1,0.501755021465078,1,0.34020471349756987,8.104503703398773,0.043509750384242867,0,9.648931358593568,0.33350763808597217
PC2_N3,pc2,push_neg_y,303,22,2,8.0,1,0.45842454101352764,1,0.34525007455744205,10.173551644743213,0.0321790734877412,0,9.825932156770316,0.33230347684360445
PC2_N3,pc2,push_neg_y,303,22,3,12.0,1,0.46640181954319127,1,0.33803304225047004,9.696876821754007,0.02327953789611613,0,10.031621659707167,0.3303956770323177
PC2_N3,pc2,push_neg_y,303,22,4,16.0,1,0.47908831147468806,1,0.3442093718020036,10.268538942542083,0.03199830174035655,0,11.087877611668791,0.3346778884291011
PC2_N3,pc2,push_neg_y,303,23,1,4.0,1,0.48113360769848595,1,0.3328064156566712,7.367042412429656,0.028413060770378376,0,9.500301568313919,0.3319916372949427
PC2_N3,pc2,push_neg_y,303,23,2,8.0,1,0.4922973086384763,1,0.3328233530177152,9.595758909949463,0.02855515735169283,0,10.144353133356953,0.3303188769256367
PC2_N3,pc2,push_neg_y,303,23,3,12.0,1,0.4583641857603523,1,0.33872396391343307,10.058834445329891,0.025666486156711805,0,10.71733380297057,0.3364158532517479
PC2_N3,pc2,push_neg_y,303,23,4,16.0,1,0.5452511140677303,1,0.33558943724249773,11.022728852419602,0.04901121239352242,0,11.29131613403251,0.32434937899762933
PC2_N3,pc2,push_neg_y,303,24,1,4.0,1,0.494031775094395,1,0.33080782458425206,8.557643236044857,0.03467598615853592,0,9.44545860829626,0.33094824460101
PC2_N3,pc2,push_neg_y,303,24,2,8.0,1,0.5081446487754304,1,0.35122862888529977,10.130799983562115,0.038262246825238405,0,11.859348758458959,0.34130050552720054
PC2_N3,pc2,push_neg_y,303,24,3,12.0,1,0.44637898635509315,1,0.3459448000804626,10.686723236929051,0.027873465072725406,0,10.957290284546021,0.33598571075475153
PC2_N3,pc2,push_neg_y,303,24,4,16.0,1,0.430106053938849,1,0.336433865090105,10.267446125518942,0.03140786414101683,0,11.255976439436678,0.3293721675872803
PC2_N3,pc2,push_neg_y,303,25,1,4.0,1,0.5026227773242681,1,0.3336197620725887,7.080749393853555,0.03276695455794929,0,9.060523499327902,0.3311510694855675
PC2_N3,pc2,push_neg_y,303,25,2,8.0,1,0.5069491213539482,1,0.3412081432693145,9.485038864975522,0.03529364305003982,0,9.475170544657864,0.33483715570546724
PC2_N3,pc2,push_neg_y,303,25,3,12.0,1,0.49142955052001625,1,0.3471351753581654,9.381164462140056,0.03432259884521978,0,10.096542837180195,0.28218537329989957
PC2_N3,pc2,push_neg_y,303,25,4,16.0,1,0.5351962738087644,1,0.32877857369535113,7.315942265103006,0.035242133101972745,0,7.8925477225816705,0.3185675995235137
PC2_N3,pc2,push_neg_y,303,26,1,4.0,1,0.45146778217967937,1,0.32191385272989936,7.5546570888971765,0.03851075128946022,0,11.653624287847371,0.3169009173936385
PC2_N3,pc2,push_neg_y,303,26,2,8.0,1,0.4594207696906259,1,0.3398765530337624,11.057535862178584,0.03942158821017447,0,11.426167655356014,0.33366291742911314
PC2_N3,pc2,push_neg_y,303,26,3,12.0,1,0.510273938793964,1,0.35158917283948093,8.469658966276745,0.03472601664801574,0,11.521177508690984,0.3358529206903223
PC2_N3,pc2,push_neg_y,303,26,4,16.0,1,0.4993689124120934,1,0.3379842881212898,9.631994784475541,0.03821307115889226,0,9.981543418045407,0.33272801331657775
PC2_N3,pc2,push_neg_y,303,27,1,4.0,1,0.4412153187604228,1,0.32695182815273816,8.025586450079064,0.038742903751540464,0,11.088872008779775,0.3303506057211422
PC2_N3,pc2,push_neg_y,303,27,2,8.0,1,0.47286316315451926,1,0.31902280242685327,4.422085462597155,0.055205192938924015,0,6.140024285374956,0.2967465739836667
PC2_N3,pc2,push_neg_y,303,27,3,12.0,1,0.47422101387814924,1,0.28951808395870227,4.875800175044649,0.0449531926755263,0,9.461801227054135,0.2934881079005685
PC2_N3,pc2,push_neg_y,303,27,4,16.0,1,0.5511565268869412,1,0.32292030432963753,6.397547245594579,0.04038515868503146,0,9.41684358122384,0.3192211191921948
PC2_N3,pc2,push_neg_y,303,28,1,4.0,1,0.49579652089552184,1,0.33256778057246283,9.305257090923735,0.04489477001188528,0,10.357746800036514,0.33444557103881223
PC2_N3,pc2,push_neg_y,303,28,2,8.0,1,0.5501253572127255,1,0.3468740877301935,9.664739177718294,0.03733532107027045,0,10.279902858748557,0.3132960700733776
PC2_N3,pc2,push_neg_y,303,28,3,12.0,1,0.47976448943053407,1,0.34743406276970623,9.22607547702967,0.053780789094232284,0,10.255263745661768,0.34031762079121597
PC2_N3,pc2,push_neg_y,303,28,4,16.0,1,0.5043779233650011,1,0.34552864467396455,9.509762472717082,0.024264864545720306,0,10.132072060154997,0.3403053102008799
PC2_N3,pc2,push_neg_y,303,29,1,4.0,1,0.5353295023973849,1,0.3364345436108941,8.677993985539153,0.0353099705759015,0,10.442800753211625,0.34656781659406777
PC2_N3,pc2,push_neg_y,303,29,2,8.0,1,0.5172530407644335,1,0.3456426948149574,10.557449071860125,0.030763046828401783,0,12.049432645819339,0.3486461602749034
PC2_N3,pc2,push_neg_y,303,29,3,12.0,1,0.5612380572257859,1,0.3511115193048263,10.88928367902979,0.034005887847044614,0,12.052327899538463,0.3440128112221784
PC2_N3,pc2,push_neg_y,303,29,4,16.0,1,0.4708102566690568,1,0.3461196730959224,9.822379442006106,0.03382719057299115,0,12.926423782195712,0.3438020581230123
PC2_N3,pc2,push_neg_y,303,30,1,4.0,1,0.47821678894983405,1,0.328213629636535,7.5764664757268845,0.020864983055896354,0,7.672198178350076,0.325569609747851
PC2_N3,pc2,push_neg_y,303,30,2,8.0,1,0.39141852179789294,1,0.3387144433463959,9.130126897682903,0.03270664135447718,0,11.13994728908961,0.32848482144707664
PC2_N3,pc2,push_neg_y,303,30,3,12.0,1,0.501709947287997,1,0.3367460579636263,9.344778437006564,0.03226948509790703,0,10.032543070880944,0.319534410608006
PC2_N3,pc2,push_neg_y,303,30,4,16.0,1,0.45838201628296055,1,0.32699307504503483,10.443535270900645,0.03448359933387547,0,11.78207772441334,0.30889824734014626
PC2_N3,pc2,push_neg_y,303,31,1,4.0,1,0.48824124749250986,1,0.3322384862657537,7.674125558605566,0.026174314180824748,0,8.813606847507101,0.312614863728457
PC2_N3,pc2,push_neg_y,303,31,2,8.0,1,0.44655088369629387,1,0.33802208288468144,9.211363926558281,0.027203739933500656,0,9.22722296434968,0.3305365951622234
PC2_N3,pc2,push_neg_y,303,31,3,12.0,1,0.5342694937036897,1,0.337137842003037,9.627248437121454,0.02790742162556388,0,10.224969043102416,0.2794755899651165
PC2_N3,pc2,push_neg_y,303,31,4,16.0,1,0.51463208017883,1,0.30368762881679334,4.452865722391831,0.030975630672553756,0,7.0316831844374965,0.3029938972888783
