[START] G-A057 train_G-A057-Go2_a048_track_lin_vel_xy_exp_p1p2_1000 resume=1 remeasure_baseline=0 at 2026-09-30T20:51:43+09:00
[PHASE 1/6] G-A057 single-variable training: track_lin_vel_xy_exp 1.5->1.2 seed=42 envs=4096 iterations=1000
report.html: OK
[SKIP] candidate training artifact already present
ENV_REWARDS_OK role=candidate track_lin_vel_xy_exp=1.2 feet_air_time=0.2 lin_vel_z_l2=-1.25 ang_vel_xy_l2=-0.05 action_rate_l2=-0.01 flat_orientation_l2=0.0
[PHASE 2/6] catastrophe gate: training loss finite, candidate moves on G1:forward_nominal:101
COMMAND: /workspace/IsaacLab/isaaclab.sh -p play.py --task Quadruped-v0 --num_envs 32 --headless agent.seed=101 env.commands.base_velocity.heading_command=false env.commands.base_velocity.rel_standing_envs=0.0 env.commands.base_velocity.resampling_time_range=\[1000.0\,1000.0\] env.commands.base_velocity.ranges.lin_vel_x=\[0.75\,0.75\] env.commands.base_velocity.ranges.lin_vel_y=\[0\,0\] env.commands.base_velocity.ranges.ang_vel_z=\[0\,0\] env.scene.terrain.terrain_type=plane env.curriculum.terrain_levels=null 
[go2-eval] telemetry enabled: out=C:/Program Files/Git/workspace/_keep/go2_g_a057_track_lin_vel_xy_exp_p1p2/evaluation/candidate/cases/seed_101/forward_nominal steps=1000
[INFO][AppLauncher]: Using device: cuda:0
[INFO][AppLauncher]: Loading experience file: D:\dev\Nconnect\IsaacLab\apps\isaaclab.python.headless.kit
[INFO]: Parsing configuration from: go2_task.env_cfg:QuadrupedRoughEnvCfg
[Quadruped:student] 6 reward 항목 로드
  [OK] track_lin_vel_xy_exp.weight = 1.2
  [OK] feet_air_time.weight = 0.2
  [OK] lin_vel_z_l2.weight = -1.25
  [OK] ang_vel_xy_l2.weight = -0.05
  [OK] action_rate_l2.weight = -0.01
  [OK] flat_orientation_l2.weight = 0.0
[Quadruped:student] terrain override - boxes ≤0.15m
[INFO]: Parsing configuration from: go2_task.agent_cfg:QuadrupedPPORunnerCfg
[WARNING]: The `policy` configuration is deprecated for rsl-rl >= 4.0.0. Please use, e.g., `actor` and `critic` model configurations instead.
[WARNING]: The `empirical_normalization` parameter is deprecated. Please set `actor_obs_normalization` and `critic_obs_normalization` as part of the `policy` configuration instead.
[WARNING]: The `policy` configuration is used to infer the `actor` model configuration.
[WARNING]: The `policy` configuration is used to infer the `critic` model configuration.
[WARNING]: The `distribution_cfg` configuration is now used to specify the output distribution for stochastic policies. Consider updating the configuration to use `distribution_cfg` instead of `stochastic`, `init_noise_std`, `noise_std_type`, and `state_dependent_std` parameters.
[INFO] Loading experiment from directory: D:\workspace\go2_g_a057_work\track_lin_vel_xy_exp_p1p2\candidate\logs\rsl_rl\quadruped

[36m======================================================================================================================[0m
[36m[1m[INFO][IsaacLab]: Logging to file: C:\Users\ADMINI~1\AppData\Local\Temp\isaaclab\logs\isaaclab_2026-09-30_20-51-58.log[0m
[36m======================================================================================================================[0m

[33m20:51:58 [simulation_context.py] WARNING: The `enable_external_forces_every_iteration` parameter in the PhysxCfg is set to False. If you are experiencing noisy velocities, consider enabling this flag. You may need to slightly increase the number of velocity iterations (setting it to 1 or 2 rather than 0), together with this flag, to improve the accuracy of velocity updates.[0m
[INFO]: Base environment:
	Environment device    : cuda:0
	Environment seed      : 101
	Physics step-size     : 0.005
	Rendering step-size   : 0.02
	Environment step-size : 0.02
[33m20:51:58 [terrain_importer.py] WARNING: Visual material specified for ground plane but no diffuse color found. Using default color: (0.0, 0.0, 0.0)[0m
[INFO]: Time taken for scene creation : 0.233377 seconds
[INFO]: Scene manager:  <class InteractiveScene>
	Number of environments: 32
	Environment spacing   : 2.5
	Source prim name      : /World/envs/env_0
	Global prim paths     : ['/World/ground']
	Replicate physics     : True
[INFO]: Starting the simulation. This may take a few seconds. Please wait...
[INFO]: Time taken for simulation start : 0.492921 seconds
[33m20:51:59 [velocity_command.py] WARNING: The velocity command has the 'ranges.heading' attribute set to '(-3.141592653589793, 3.141592653589793)' but the heading command is not active. Consider setting the flag for the heading command to True.[0m
D:\dev\Nconnect\.venv-isaaclab\Lib\site-packages\rsl_rl\utils\utils.py:220: UserWarning: The observation configuration dictionary 'obs_groups' is empty and thus likely not configured. Consider configuring the 'obs_groups' dictionary explicitly
  warnings.warn(
D:\dev\Nconnect\.venv-isaaclab\Lib\site-packages\rsl_rl\utils\utils.py:251: UserWarning: The observation configuration dictionary 'obs_groups' does not contain the 'actor' key. As an observation group with the name 'policy' was found, this is assumed to be the appropriate observation. Consider adding the 'actor' key to the 'obs_groups' dictionary for clarity. This behavior will be removed in a future version.
  warnings.warn(
D:\dev\Nconnect\.venv-isaaclab\Lib\site-packages\rsl_rl\utils\utils.py:251: UserWarning: The observation configuration dictionary 'obs_groups' does not contain the 'critic' key. As an observation group with the name 'policy' was found, this is assumed to be the appropriate observation. Consider adding the 'critic' key to the 'obs_groups' dictionary for clarity. This behavior will be removed in a future version.
  warnings.warn(
[INFO] Command Manager:  <CommandManager> contains 1 active terms.
+------------------------------------------------+
|              Active Command Terms              |
+-------+---------------+------------------------+
| Index | Name          |          Type          |
+-------+---------------+------------------------+
|   0   | base_velocity | UniformVelocityCommand |
+-------+---------------+------------------------+

[INFO] Event Manager:  <EventManager> contains 2 active terms.
+--------------------------------------+
| Active Event Terms in Mode: 'startup' |
+----------+---------------------------+
|  Index   | Name                      |
+----------+---------------------------+
|    0     | physics_material          |
|    1     | add_base_mass             |
+----------+---------------------------+
+---------------------------------------+
|  Active Event Terms in Mode: 'reset'  |
+--------+------------------------------+
| Index  | Name                         |
+--------+------------------------------+
|   0    | base_external_force_torque   |
|   1    | reset_base                   |
|   2    | reset_robot_joints           |
+--------+------------------------------+

[INFO] Recorder Manager:  <RecorderManager> contains 0 active terms.
+---------------------+
| Active Recorder Terms |
+-----------+---------+
|   Index   | Name    |
+-----------+---------+
+-----------+---------+

[INFO] Action Manager:  <ActionManager> contains 1 active terms.
+------------------------------------+
|  Active Action Terms (shape: 12)   |
+--------+-------------+-------------+
| Index  | Name        |   Dimension |
+--------+-------------+-------------+
|   0    | joint_pos   |          12 |
+--------+-------------+-------------+

[INFO] Observation Manager: <ObservationManager> contains 1 groups.
+----------------------------------------------------------+
| Active Observation Terms in Group: 'policy' (shape: (235,)) |
+-----------+--------------------------------+-------------+
|   Index   | Name                           |    Shape    |
+-----------+--------------------------------+-------------+
|     0     | base_lin_vel                   |     (3,)    |
|     1     | base_ang_vel                   |     (3,)    |
|     2     | projected_gravity              |     (3,)    |
|     3     | velocity_commands              |     (3,)    |
|     4     | joint_pos                      |    (12,)    |
|     5     | joint_vel                      |    (12,)    |
|     6     | actions                        |    (12,)    |
|     7     | height_scan                    |    (187,)   |
+-----------+--------------------------------+-------------+

[INFO] Termination Manager:  <TerminationManager> contains 2 active terms.
+---------------------------------+
|     Active Termination Terms    |
+-------+--------------+----------+
| Index | Name         | Time Out |
+-------+--------------+----------+
|   0   | time_out     |   True   |
|   1   | base_contact |  False   |
+-------+--------------+----------+

[INFO] Reward Manager:  <RewardManager> contains 10 active terms.
+-----------------------------------------+
|           Active Reward Terms           |
+-------+----------------------+----------+
| Index | Name                 |   Weight |
+-------+----------------------+----------+
|   0   | track_lin_vel_xy_exp |      1.2 |
|   1   | track_ang_vel_z_exp  |     0.75 |
|   2   | lin_vel_z_l2         |    -1.25 |
|   3   | ang_vel_xy_l2        |    -0.05 |
|   4   | dof_torques_l2       |  -0.0002 |
|   5   | dof_acc_l2           | -2.5e-07 |
|   6   | action_rate_l2       |    -0.01 |
|   7   | feet_air_time        |      0.2 |
|   8   | flat_orientation_l2  |      0.0 |
|   9   | dof_pos_limits       |      0.0 |
+-------+----------------------+----------+

[INFO] Curriculum Manager:  <CurriculumManager> contains 0 active terms.
+----------------------+
| Active Curriculum Terms |
+-----------+----------+
|   Index   | Name     |
+-----------+----------+
+-----------+----------+

[INFO]: Completed setting up the environment...
[INFO]: Loading model checkpoint from: D:\workspace\go2_g_a057_work\track_lin_vel_xy_exp_p1p2\candidate\exported\model_best.pt
--------------------------------------------------------------------------------
Resolved observation sets: 
	 actor :  ['policy']
	 critic :  ['policy']
--------------------------------------------------------------------------------
Actor Model: MLPModel(
  (obs_normalizer): Identity()
  (distribution): GaussianDistribution()
  (mlp): MLP(
    (0): Linear(in_features=235, out_features=512, bias=True)
    (1): ELU(alpha=1.0)
    (2): Linear(in_features=512, out_features=256, bias=True)
    (3): ELU(alpha=1.0)
    (4): Linear(in_features=256, out_features=128, bias=True)
    (5): ELU(alpha=1.0)
    (6): Linear(in_features=128, out_features=12, bias=True)
  )
)
Critic Model: MLPModel(
  (obs_normalizer): Identity()
  (mlp): MLP(
    (0): Linear(in_features=235, out_features=512, bias=True)
    (1): ELU(alpha=1.0)
    (2): Linear(in_features=512, out_features=256, bias=True)
    (3): ELU(alpha=1.0)
    (4): Linear(in_features=256, out_features=128, bias=True)
    (5): ELU(alpha=1.0)
    (6): Linear(in_features=128, out_features=1, bias=True)
  )
)
Loading user config located at: 'd:/dev/nconnect/.venv-isaaclab/lib/site-packages/isaacsim/kit/data/Kit/Isaac-Sim/5.1/user.config.json'
[Info] [carb] Logging to file: d:/dev/nconnect/.venv-isaaclab/lib/site-packages/isaacsim/kit/logs/Kit/Isaac-Sim/5.1/kit_20260930_205147.log
2026-09-30T11:51:48Z [486ms] [Warning] [omni.usd_config.extension] Enable omni.materialx.libs extension to use MaterialX
2026-09-30T11:51:49Z [1,587ms] [Warning] [carb] Acquiring non optional plugin interface which is not listed as dependency: [omni::physx::IPhysxBenchmarks v1.0] (plugin: <default plugin>), by client: omni.physics.physx.plugin. Add it to CARB_PLUGIN_IMPL_DEPS() macro of a client.
2026-09-30T11:51:49Z [1,611ms] [Warning] [omni.isaac.dynamic_control] omni.isaac.dynamic_control is deprecated as of Isaac Sim 4.5. No action is needed from end-users.

|---------------------------------------------------------------------------------------------|
| Driver Version: 580.88        | Graphics API: D3D12
|=============================================================================================|
| GPU | Name                             | Active | LDA | GPU Memory | Vendor-ID | LUID       |
|     |                                  |        |     |            | Device-ID | UUID       |
|     |                                  |        |     |            | Bus-ID    |            |
|---------------------------------------------------------------------------------------------|
| 0   | NVIDIA GeForce RTX 3050          | Yes: 0 |     | 6002    MB | 10de      | 233c4c5c.. |
|     |                                  |        |     |            | 2584      | 0          |
|     |                                  |        |     |            | 1         |            |
|=============================================================================================|
| OS: Windows 10 Pro, Version: 10.0 (22H2), Build: 19045, Kernel: 10.0.19041.6456
| Processor: Intel(R) Core(TM) i5-14400
| Cores: 10 | Logical Cores: 16
|---------------------------------------------------------------------------------------------|
| Total Memory (MB): 32509 | Free Memory: 18860
| Total Page/Swap (MB): 37373 | Free Page/Swap: 12502
|---------------------------------------------------------------------------------------------|
2026-09-30T11:51:55Z [7,226ms] [Warning] [gpu.foundation.plugin] PCIe link width current (8) and maximum (16) for device 0 don't match.
2026-09-30T11:51:59Z [11,866ms] [Warning] [omni.physx.fabric.plugin] FabricManager::initializePointInstancer mismatched prototypes on point instancer: /Visuals/Command/velocity_goal.
2026-09-30T11:51:59Z [11,866ms] [Warning] [omni.physx.fabric.plugin] FabricManager::initializePointInstancer mismatched prototypes on point instancer: /Visuals/Command/velocity_current.
LOCOMOTION STATIONARY speed_xy_mean=0.0369 tracking_xy_rmse=0.7340
[MANDATORY COLLECTION] valid stationary policy: collect every configured target/protection case and required video before rejecting performance
[PHASE 3/6] candidate full 69-case suite (cases already measured are kept on resume)
[SUITE] candidate full 69-case G1-G7 over seeds 101 202 303
COMMAND: /workspace/IsaacLab/isaaclab.sh -p play.py --task Quadruped-v0 --num_envs 32 --headless agent.seed=101 env.commands.base_velocity.heading_command=false env.commands.base_velocity.rel_standing_envs=0.0 env.commands.base_velocity.resampling_time_range=\[1000.0\,1000.0\] env.commands.base_velocity.ranges.lin_vel_x=\[0.30\,0.30\] env.commands.base_velocity.ranges.lin_vel_y=\[0\,0\] env.commands.base_velocity.ranges.ang_vel_z=\[0\,0\] env.scene.terrain.terrain_type=plane env.curriculum.terrain_levels=null 
[go2-eval] telemetry enabled: out=C:/Program Files/Git/workspace/_keep/go2_g_a057_track_lin_vel_xy_exp_p1p2/evaluation/candidate/cases/seed_101/forward_slow steps=1000
[INFO][AppLauncher]: Using device: cuda:0
[INFO][AppLauncher]: Loading experience file: D:\dev\Nconnect\IsaacLab\apps\isaaclab.python.headless.kit
[INFO]: Parsing configuration from: go2_task.env_cfg:QuadrupedRoughEnvCfg
[Quadruped:student] 6 reward 항목 로드
  [OK] track_lin_vel_xy_exp.weight = 1.2
  [OK] feet_air_time.weight = 0.2
  [OK] lin_vel_z_l2.weight = -1.25
  [OK] ang_vel_xy_l2.weight = -0.05
  [OK] action_rate_l2.weight = -0.01
  [OK] flat_orientation_l2.weight = 0.0
[Quadruped:student] terrain override - boxes ≤0.15m
[INFO]: Parsing configuration from: go2_task.agent_cfg:QuadrupedPPORunnerCfg
[WARNING]: The `policy` configuration is deprecated for rsl-rl >= 4.0.0. Please use, e.g., `actor` and `critic` model configurations instead.
[WARNING]: The `empirical_normalization` parameter is deprecated. Please set `actor_obs_normalization` and `critic_obs_normalization` as part of the `policy` configuration instead.
[WARNING]: The `policy` configuration is used to infer the `actor` model configuration.
[WARNING]: The `policy` configuration is used to infer the `critic` model configuration.
[WARNING]: The `distribution_cfg` configuration is now used to specify the output distribution for stochastic policies. Consider updating the configuration to use `distribution_cfg` instead of `stochastic`, `init_noise_std`, `noise_std_type`, and `state_dependent_std` parameters.
[INFO] Loading experiment from directory: D:\workspace\go2_g_a057_work\track_lin_vel_xy_exp_p1p2\candidate\logs\rsl_rl\quadruped

[36m======================================================================================================================[0m
[36m[1m[INFO][IsaacLab]: Logging to file: C:\Users\ADMINI~1\AppData\Local\Temp\isaaclab\logs\isaaclab_2026-09-30_20-52-46.log[0m
[36m======================================================================================================================[0m

[33m20:52:46 [simulation_context.py] WARNING: The `enable_external_forces_every_iteration` parameter in the PhysxCfg is set to False. If you are experiencing noisy velocities, consider enabling this flag. You may need to slightly increase the number of velocity iterations (setting it to 1 or 2 rather than 0), together with this flag, to improve the accuracy of velocity updates.[0m
[INFO]: Base environment:
	Environment device    : cuda:0
	Environment seed      : 101
	Physics step-size     : 0.005
	Rendering step-size   : 0.02
	Environment step-size : 0.02
[33m20:52:46 [terrain_importer.py] WARNING: Visual material specified for ground plane but no diffuse color found. Using default color: (0.0, 0.0, 0.0)[0m
[INFO]: Time taken for scene creation : 0.208036 seconds
[INFO]: Scene manager:  <class InteractiveScene>
	Number of environments: 32
	Environment spacing   : 2.5
	Source prim name      : /World/envs/env_0
	Global prim paths     : ['/World/ground']
	Replicate physics     : True
[INFO]: Starting the simulation. This may take a few seconds. Please wait...
[INFO]: Time taken for simulation start : 0.514539 seconds
[33m20:52:47 [velocity_command.py] WARNING: The velocity command has the 'ranges.heading' attribute set to '(-3.141592653589793, 3.141592653589793)' but the heading command is not active. Consider setting the flag for the heading command to True.[0m
D:\dev\Nconnect\.venv-isaaclab\Lib\site-packages\rsl_rl\utils\utils.py:220: UserWarning: The observation configuration dictionary 'obs_groups' is empty and thus likely not configured. Consider configuring the 'obs_groups' dictionary explicitly
  warnings.warn(
D:\dev\Nconnect\.venv-isaaclab\Lib\site-packages\rsl_rl\utils\utils.py:251: UserWarning: The observation configuration dictionary 'obs_groups' does not contain the 'actor' key. As an observation group with the name 'policy' was found, this is assumed to be the appropriate observation. Consider adding the 'actor' key to the 'obs_groups' dictionary for clarity. This behavior will be removed in a future version.
  warnings.warn(
D:\dev\Nconnect\.venv-isaaclab\Lib\site-packages\rsl_rl\utils\utils.py:251: UserWarning: The observation configuration dictionary 'obs_groups' does not contain the 'critic' key. As an observation group with the name 'policy' was found, this is assumed to be the appropriate observation. Consider adding the 'critic' key to the 'obs_groups' dictionary for clarity. This behavior will be removed in a future version.
  warnings.warn(
[INFO] Command Manager:  <CommandManager> contains 1 active terms.
+------------------------------------------------+
|              Active Command Terms              |
+-------+---------------+------------------------+
| Index | Name          |          Type          |
+-------+---------------+------------------------+
|   0   | base_velocity | UniformVelocityCommand |
+-------+---------------+------------------------+

[INFO] Event Manager:  <EventManager> contains 2 active terms.
+--------------------------------------+
| Active Event Terms in Mode: 'startup' |
+----------+---------------------------+
|  Index   | Name                      |
+----------+---------------------------+
|    0     | physics_material          |
|    1     | add_base_mass             |
+----------+---------------------------+
+---------------------------------------+
|  Active Event Terms in Mode: 'reset'  |
+--------+------------------------------+
| Index  | Name                         |
+--------+------------------------------+
|   0    | base_external_force_torque   |
|   1    | reset_base                   |
|   2    | reset_robot_joints           |
+--------+------------------------------+

[INFO] Recorder Manager:  <RecorderManager> contains 0 active terms.
+---------------------+
| Active Recorder Terms |
+-----------+---------+
|   Index   | Name    |
+-----------+---------+
+-----------+---------+

[INFO] Action Manager:  <ActionManager> contains 1 active terms.
+------------------------------------+
|  Active Action Terms (shape: 12)   |
+--------+-------------+-------------+
| Index  | Name        |   Dimension |
+--------+-------------+-------------+
|   0    | joint_pos   |          12 |
+--------+-------------+-------------+

[INFO] Observation Manager: <ObservationManager> contains 1 groups.
+----------------------------------------------------------+
| Active Observation Terms in Group: 'policy' (shape: (235,)) |
+-----------+--------------------------------+-------------+
|   Index   | Name                           |    Shape    |
+-----------+--------------------------------+-------------+
|     0     | base_lin_vel                   |     (3,)    |
|     1     | base_ang_vel                   |     (3,)    |
|     2     | projected_gravity              |     (3,)    |
|     3     | velocity_commands              |     (3,)    |
|     4     | joint_pos                      |    (12,)    |
|     5     | joint_vel                      |    (12,)    |
|     6     | actions                        |    (12,)    |
|     7     | height_scan                    |    (187,)   |
+-----------+--------------------------------+-------------+

[INFO] Termination Manager:  <TerminationManager> contains 2 active terms.
+---------------------------------+
|     Active Termination Terms    |
+-------+--------------+----------+
| Index | Name         | Time Out |
+-------+--------------+----------+
|   0   | time_out     |   True   |
|   1   | base_contact |  False   |
+-------+--------------+----------+

[INFO] Reward Manager:  <RewardManager> contains 10 active terms.
+-----------------------------------------+
|           Active Reward Terms           |
+-------+----------------------+----------+
| Index | Name                 |   Weight |
+-------+----------------------+----------+
|   0   | track_lin_vel_xy_exp |      1.2 |
|   1   | track_ang_vel_z_exp  |     0.75 |
|   2   | lin_vel_z_l2         |    -1.25 |
|   3   | ang_vel_xy_l2        |    -0.05 |
|   4   | dof_torques_l2       |  -0.0002 |
|   5   | dof_acc_l2           | -2.5e-07 |
|   6   | action_rate_l2       |    -0.01 |
|   7   | feet_air_time        |      0.2 |
|   8   | flat_orientation_l2  |      0.0 |
|   9   | dof_pos_limits       |      0.0 |
+-------+----------------------+----------+

[INFO] Curriculum Manager:  <CurriculumManager> contains 0 active terms.
+----------------------+
| Active Curriculum Terms |
+-----------+----------+
|   Index   | Name     |
+-----------+----------+
+-----------+----------+

[INFO]: Completed setting up the environment...
[INFO]: Loading model checkpoint from: D:\workspace\go2_g_a057_work\track_lin_vel_xy_exp_p1p2\candidate\exported\model_best.pt
--------------------------------------------------------------------------------
Resolved observation sets: 
	 actor :  ['policy']
	 critic :  ['policy']
--------------------------------------------------------------------------------
Actor Model: MLPModel(
  (obs_normalizer): Identity()
  (distribution): GaussianDistribution()
  (mlp): MLP(
    (0): Linear(in_features=235, out_features=512, bias=True)
    (1): ELU(alpha=1.0)
    (2): Linear(in_features=512, out_features=256, bias=True)
    (3): ELU(alpha=1.0)
    (4): Linear(in_features=256, out_features=128, bias=True)
    (5): ELU(alpha=1.0)
    (6): Linear(in_features=128, out_features=12, bias=True)
  )
)
Critic Model: MLPModel(
  (obs_normalizer): Identity()
  (mlp): MLP(
    (0): Linear(in_features=235, out_features=512, bias=True)
    (1): ELU(alpha=1.0)
    (2): Linear(in_features=512, out_features=256, bias=True)
    (3): ELU(alpha=1.0)
    (4): Linear(in_features=256, out_features=128, bias=True)
    (5): ELU(alpha=1.0)
    (6): Linear(in_features=128, out_features=1, bias=True)
  )
)
Loading user config located at: 'd:/dev/nconnect/.venv-isaaclab/lib/site-packages/isaacsim/kit/data/Kit/Isaac-Sim/5.1/user.config.json'
[Info] [carb] Logging to file: d:/dev/nconnect/.venv-isaaclab/lib/site-packages/isaacsim/kit/logs/Kit/Isaac-Sim/5.1/kit_20260930_205236.log
2026-09-30T11:52:36Z [512ms] [Warning] [omni.usd_config.extension] Enable omni.materialx.libs extension to use MaterialX
2026-09-30T11:52:37Z [1,777ms] [Warning] [carb] Acquiring non optional plugin interface which is not listed as dependency: [omni::physx::IPhysxBenchmarks v1.0] (plugin: <default plugin>), by client: omni.physics.physx.plugin. Add it to CARB_PLUGIN_IMPL_DEPS() macro of a client.
2026-09-30T11:52:37Z [1,798ms] [Warning] [omni.isaac.dynamic_control] omni.isaac.dynamic_control is deprecated as of Isaac Sim 4.5. No action is needed from end-users.

|---------------------------------------------------------------------------------------------|
| Driver Version: 580.88        | Graphics API: D3D12
|=============================================================================================|
| GPU | Name                             | Active | LDA | GPU Memory | Vendor-ID | LUID       |
|     |                                  |        |     |            | Device-ID | UUID       |
|     |                                  |        |     |            | Bus-ID    |            |
|---------------------------------------------------------------------------------------------|
| 0   | NVIDIA GeForce RTX 3050          | Yes: 0 |     | 6002    MB | 10de      | 233c4c5c.. |
|     |                                  |        |     |            | 2584      | 0          |
|     |                                  |        |     |            | 1         |            |
|=============================================================================================|
| OS: Windows 10 Pro, Version: 10.0 (22H2), Build: 19045, Kernel: 10.0.19041.6456
| Processor: Intel(R) Core(TM) i5-14400
| Cores: 10 | Logical Cores: 16
|---------------------------------------------------------------------------------------------|
| Total Memory (MB): 32509 | Free Memory: 18817
| Total Page/Swap (MB): 37373 | Free Page/Swap: 12451
|---------------------------------------------------------------------------------------------|
2026-09-30T11:52:43Z [7,231ms] [Warning] [gpu.foundation.plugin] PCIe link width current (8) and maximum (16) for device 0 don't match.
2026-09-30T11:52:48Z [11,834ms] [Warning] [omni.physx.fabric.plugin] FabricManager::initializePointInstancer mismatched prototypes on point instancer: /Visuals/Command/velocity_current.
2026-09-30T11:52:48Z [11,834ms] [Warning] [omni.physx.fabric.plugin] FabricManager::initializePointInstancer mismatched prototypes on point instancer: /Visuals/Command/velocity_goal.
[SKIP] eval candidate G1/forward_nominal seed=101
COMMAND: /workspace/IsaacLab/isaaclab.sh -p play.py --task Quadruped-v0 --num_envs 32 --headless agent.seed=101 env.commands.base_velocity.heading_command=false env.commands.base_velocity.rel_standing_envs=0.0 env.commands.base_velocity.resampling_time_range=\[1000.0\,1000.0\] env.commands.base_velocity.ranges.lin_vel_x=\[1.20\,1.20\] env.commands.base_velocity.ranges.lin_vel_y=\[0\,0\] env.commands.base_velocity.ranges.ang_vel_z=\[0\,0\] env.scene.terrain.terrain_type=plane env.curriculum.terrain_levels=null 
[go2-eval] telemetry enabled: out=C:/Program Files/Git/workspace/_keep/go2_g_a057_track_lin_vel_xy_exp_p1p2/evaluation/candidate/cases/seed_101/forward_fast steps=1000
[INFO][AppLauncher]: Using device: cuda:0
[INFO][AppLauncher]: Loading experience file: D:\dev\Nconnect\IsaacLab\apps\isaaclab.python.headless.kit
[INFO]: Parsing configuration from: go2_task.env_cfg:QuadrupedRoughEnvCfg
[Quadruped:student] 6 reward 항목 로드
  [OK] track_lin_vel_xy_exp.weight = 1.2
  [OK] feet_air_time.weight = 0.2
  [OK] lin_vel_z_l2.weight = -1.25
  [OK] ang_vel_xy_l2.weight = -0.05
  [OK] action_rate_l2.weight = -0.01
  [OK] flat_orientation_l2.weight = 0.0
[Quadruped:student] terrain override - boxes ≤0.15m
[INFO]: Parsing configuration from: go2_task.agent_cfg:QuadrupedPPORunnerCfg
[WARNING]: The `policy` configuration is deprecated for rsl-rl >= 4.0.0. Please use, e.g., `actor` and `critic` model configurations instead.
[WARNING]: The `empirical_normalization` parameter is deprecated. Please set `actor_obs_normalization` and `critic_obs_normalization` as part of the `policy` configuration instead.
[WARNING]: The `policy` configuration is used to infer the `actor` model configuration.
[WARNING]: The `policy` configuration is used to infer the `critic` model configuration.
[WARNING]: The `distribution_cfg` configuration is now used to specify the output distribution for stochastic policies. Consider updating the configuration to use `distribution_cfg` instead of `stochastic`, `init_noise_std`, `noise_std_type`, and `state_dependent_std` parameters.
[INFO] Loading experiment from directory: D:\workspace\go2_g_a057_work\track_lin_vel_xy_exp_p1p2\candidate\logs\rsl_rl\quadruped

[36m======================================================================================================================[0m
[36m[1m[INFO][IsaacLab]: Logging to file: C:\Users\ADMINI~1\AppData\Local\Temp\isaaclab\logs\isaaclab_2026-09-30_20-53-34.log[0m
[36m======================================================================================================================[0m

[33m20:53:34 [simulation_context.py] WARNING: The `enable_external_forces_every_iteration` parameter in the PhysxCfg is set to False. If you are experiencing noisy velocities, consider enabling this flag. You may need to slightly increase the number of velocity iterations (setting it to 1 or 2 rather than 0), together with this flag, to improve the accuracy of velocity updates.[0m
[INFO]: Base environment:
	Environment device    : cuda:0
	Environment seed      : 101
	Physics step-size     : 0.005
	Rendering step-size   : 0.02
	Environment step-size : 0.02
[33m20:53:34 [terrain_importer.py] WARNING: Visual material specified for ground plane but no diffuse color found. Using default color: (0.0, 0.0, 0.0)[0m
[INFO]: Time taken for scene creation : 0.218252 seconds
[INFO]: Scene manager:  <class InteractiveScene>
	Number of environments: 32
	Environment spacing   : 2.5
	Source prim name      : /World/envs/env_0
	Global prim paths     : ['/World/ground']
	Replicate physics     : True
[INFO]: Starting the simulation. This may take a few seconds. Please wait...
[INFO]: Time taken for simulation start : 0.708982 seconds
[33m20:53:36 [velocity_command.py] WARNING: The velocity command has the 'ranges.heading' attribute set to '(-3.141592653589793, 3.141592653589793)' but the heading command is not active. Consider setting the flag for the heading command to True.[0m
D:\dev\Nconnect\.venv-isaaclab\Lib\site-packages\rsl_rl\utils\utils.py:220: UserWarning: The observation configuration dictionary 'obs_groups' is empty and thus likely not configured. Consider configuring the 'obs_groups' dictionary explicitly
  warnings.warn(
D:\dev\Nconnect\.venv-isaaclab\Lib\site-packages\rsl_rl\utils\utils.py:251: UserWarning: The observation configuration dictionary 'obs_groups' does not contain the 'actor' key. As an observation group with the name 'policy' was found, this is assumed to be the appropriate observation. Consider adding the 'actor' key to the 'obs_groups' dictionary for clarity. This behavior will be removed in a future version.
  warnings.warn(
D:\dev\Nconnect\.venv-isaaclab\Lib\site-packages\rsl_rl\utils\utils.py:251: UserWarning: The observation configuration dictionary 'obs_groups' does not contain the 'critic' key. As an observation group with the name 'policy' was found, this is assumed to be the appropriate observation. Consider adding the 'critic' key to the 'obs_groups' dictionary for clarity. This behavior will be removed in a future version.
  warnings.warn(
[INFO] Command Manager:  <CommandManager> contains 1 active terms.
+------------------------------------------------+
|              Active Command Terms              |
+-------+---------------+------------------------+
| Index | Name          |          Type          |
+-------+---------------+------------------------+
|   0   | base_velocity | UniformVelocityCommand |
+-------+---------------+------------------------+

[INFO] Event Manager:  <EventManager> contains 2 active terms.
+--------------------------------------+
| Active Event Terms in Mode: 'startup' |
+----------+---------------------------+
|  Index   | Name                      |
+----------+---------------------------+
|    0     | physics_material          |
|    1     | add_base_mass             |
+----------+---------------------------+
+---------------------------------------+
|  Active Event Terms in Mode: 'reset'  |
+--------+------------------------------+
| Index  | Name                         |
+--------+------------------------------+
|   0    | base_external_force_torque   |
|   1    | reset_base                   |
|   2    | reset_robot_joints           |
+--------+------------------------------+

[INFO] Recorder Manager:  <RecorderManager> contains 0 active terms.
+---------------------+
| Active Recorder Terms |
+-----------+---------+
|   Index   | Name    |
+-----------+---------+
+-----------+---------+

[INFO] Action Manager:  <ActionManager> contains 1 active terms.
+------------------------------------+
|  Active Action Terms (shape: 12)   |
+--------+-------------+-------------+
| Index  | Name        |   Dimension |
+--------+-------------+-------------+
|   0    | joint_pos   |          12 |
+--------+-------------+-------------+

[INFO] Observation Manager: <ObservationManager> contains 1 groups.
+----------------------------------------------------------+
| Active Observation Terms in Group: 'policy' (shape: (235,)) |
+-----------+--------------------------------+-------------+
|   Index   | Name                           |    Shape    |
+-----------+--------------------------------+-------------+
|     0     | base_lin_vel                   |     (3,)    |
|     1     | base_ang_vel                   |     (3,)    |
|     2     | projected_gravity              |     (3,)    |
|     3     | velocity_commands              |     (3,)    |
|     4     | joint_pos                      |    (12,)    |
|     5     | joint_vel                      |    (12,)    |
|     6     | actions                        |    (12,)    |
|     7     | height_scan                    |    (187,)   |
+-----------+--------------------------------+-------------+

[INFO] Termination Manager:  <TerminationManager> contains 2 active terms.
+---------------------------------+
|     Active Termination Terms    |
+-------+--------------+----------+
| Index | Name         | Time Out |
+-------+--------------+----------+
|   0   | time_out     |   True   |
|   1   | base_contact |  False   |
+-------+--------------+----------+

[INFO] Reward Manager:  <RewardManager> contains 10 active terms.
+-----------------------------------------+
|           Active Reward Terms           |
+-------+----------------------+----------+
| Index | Name                 |   Weight |
+-------+----------------------+----------+
|   0   | track_lin_vel_xy_exp |      1.2 |
|   1   | track_ang_vel_z_exp  |     0.75 |
|   2   | lin_vel_z_l2         |    -1.25 |
|   3   | ang_vel_xy_l2        |    -0.05 |
|   4   | dof_torques_l2       |  -0.0002 |
|   5   | dof_acc_l2           | -2.5e-07 |
|   6   | action_rate_l2       |    -0.01 |
|   7   | feet_air_time        |      0.2 |
|   8   | flat_orientation_l2  |      0.0 |
|   9   | dof_pos_limits       |      0.0 |
+-------+----------------------+----------+

[INFO] Curriculum Manager:  <CurriculumManager> contains 0 active terms.
+----------------------+
| Active Curriculum Terms |
+-----------+----------+
|   Index   | Name     |
+-----------+----------+
+-----------+----------+

[INFO]: Completed setting up the environment...
[INFO]: Loading model checkpoint from: D:\workspace\go2_g_a057_work\track_lin_vel_xy_exp_p1p2\candidate\exported\model_best.pt
--------------------------------------------------------------------------------
Resolved observation sets: 
	 actor :  ['policy']
	 critic :  ['policy']
--------------------------------------------------------------------------------
Actor Model: MLPModel(
  (obs_normalizer): Identity()
  (distribution): GaussianDistribution()
  (mlp): MLP(
    (0): Linear(in_features=235, out_features=512, bias=True)
    (1): ELU(alpha=1.0)
    (2): Linear(in_features=512, out_features=256, bias=True)
    (3): ELU(alpha=1.0)
    (4): Linear(in_features=256, out_features=128, bias=True)
    (5): ELU(alpha=1.0)
    (6): Linear(in_features=128, out_features=12, bias=True)
  )
)
Critic Model: MLPModel(
  (obs_normalizer): Identity()
  (mlp): MLP(
    (0): Linear(in_features=235, out_features=512, bias=True)
    (1): ELU(alpha=1.0)
    (2): Linear(in_features=512, out_features=256, bias=True)
    (3): ELU(alpha=1.0)
    (4): Linear(in_features=256, out_features=128, bias=True)
    (5): ELU(alpha=1.0)
    (6): Linear(in_features=128, out_features=1, bias=True)
  )
)
Loading user config located at: 'd:/dev/nconnect/.venv-isaaclab/lib/site-packages/isaacsim/kit/data/Kit/Isaac-Sim/5.1/user.config.json'
[Info] [carb] Logging to file: d:/dev/nconnect/.venv-isaaclab/lib/site-packages/isaacsim/kit/logs/Kit/Isaac-Sim/5.1/kit_20260930_205323.log
2026-09-30T11:53:24Z [501ms] [Warning] [omni.usd_config.extension] Enable omni.materialx.libs extension to use MaterialX
2026-09-30T11:53:25Z [1,629ms] [Warning] [carb] Acquiring non optional plugin interface which is not listed as dependency: [omni::physx::IPhysxBenchmarks v1.0] (plugin: <default plugin>), by client: omni.physics.physx.plugin. Add it to CARB_PLUGIN_IMPL_DEPS() macro of a client.
2026-09-30T11:53:25Z [1,652ms] [Warning] [omni.isaac.dynamic_control] omni.isaac.dynamic_control is deprecated as of Isaac Sim 4.5. No action is needed from end-users.

|---------------------------------------------------------------------------------------------|
| Driver Version: 580.88        | Graphics API: D3D12
|=============================================================================================|
| GPU | Name                             | Active | LDA | GPU Memory | Vendor-ID | LUID       |
|     |                                  |        |     |            | Device-ID | UUID       |
|     |                                  |        |     |            | Bus-ID    |            |
|---------------------------------------------------------------------------------------------|
| 0   | NVIDIA GeForce RTX 3050          | Yes: 0 |     | 6002    MB | 10de      | 233c4c5c.. |
|     |                                  |        |     |            | 2584      | 0          |
|     |                                  |        |     |            | 1         |            |
|=============================================================================================|
| OS: Windows 10 Pro, Version: 10.0 (22H2), Build: 19045, Kernel: 10.0.19041.6456
| Processor: Intel(R) Core(TM) i5-14400
| Cores: 10 | Logical Cores: 16
|---------------------------------------------------------------------------------------------|
| Total Memory (MB): 32509 | Free Memory: 18024
| Total Page/Swap (MB): 37373 | Free Page/Swap: 9463
|---------------------------------------------------------------------------------------------|
2026-09-30T11:53:31Z [7,934ms] [Warning] [gpu.foundation.plugin] PCIe link width current (8) and maximum (16) for device 0 don't match.
2026-09-30T11:53:36Z [12,857ms] [Warning] [omni.physx.fabric.plugin] FabricManager::initializePointInstancer mismatched prototypes on point instancer: /Visuals/Command/velocity_goal.
2026-09-30T11:53:36Z [12,857ms] [Warning] [omni.physx.fabric.plugin] FabricManager::initializePointInstancer mismatched prototypes on point instancer: /Visuals/Command/velocity_current.
COMMAND: /workspace/IsaacLab/isaaclab.sh -p play.py --task Quadruped-v0 --num_envs 32 --headless agent.seed=101 env.commands.base_velocity.heading_command=false env.commands.base_velocity.rel_standing_envs=0.0 env.commands.base_velocity.resampling_time_range=\[1000.0\,1000.0\] env.commands.base_velocity.ranges.lin_vel_x=\[-0.50\,-0.50\] env.commands.base_velocity.ranges.lin_vel_y=\[0\,0\] env.commands.base_velocity.ranges.ang_vel_z=\[0\,0\] env.scene.terrain.terrain_type=plane env.curriculum.terrain_levels=null 
[go2-eval] telemetry enabled: out=C:/Program Files/Git/workspace/_keep/go2_g_a057_track_lin_vel_xy_exp_p1p2/evaluation/candidate/cases/seed_101/backward steps=1000
[INFO][AppLauncher]: Using device: cuda:0
[INFO][AppLauncher]: Loading experience file: D:\dev\Nconnect\IsaacLab\apps\isaaclab.python.headless.kit
[INFO]: Parsing configuration from: go2_task.env_cfg:QuadrupedRoughEnvCfg
[Quadruped:student] 6 reward 항목 로드
  [OK] track_lin_vel_xy_exp.weight = 1.2
  [OK] feet_air_time.weight = 0.2
  [OK] lin_vel_z_l2.weight = -1.25
  [OK] ang_vel_xy_l2.weight = -0.05
  [OK] action_rate_l2.weight = -0.01
  [OK] flat_orientation_l2.weight = 0.0
[Quadruped:student] terrain override - boxes ≤0.15m
[INFO]: Parsing configuration from: go2_task.agent_cfg:QuadrupedPPORunnerCfg
[WARNING]: The `policy` configuration is deprecated for rsl-rl >= 4.0.0. Please use, e.g., `actor` and `critic` model configurations instead.
[WARNING]: The `empirical_normalization` parameter is deprecated. Please set `actor_obs_normalization` and `critic_obs_normalization` as part of the `policy` configuration instead.
[WARNING]: The `policy` configuration is used to infer the `actor` model configuration.
[WARNING]: The `policy` configuration is used to infer the `critic` model configuration.
[WARNING]: The `distribution_cfg` configuration is now used to specify the output distribution for stochastic policies. Consider updating the configuration to use `distribution_cfg` instead of `stochastic`, `init_noise_std`, `noise_std_type`, and `state_dependent_std` parameters.
[INFO] Loading experiment from directory: D:\workspace\go2_g_a057_work\track_lin_vel_xy_exp_p1p2\candidate\logs\rsl_rl\quadruped

[36m======================================================================================================================[0m
[36m[1m[INFO][IsaacLab]: Logging to file: C:\Users\ADMINI~1\AppData\Local\Temp\isaaclab\logs\isaaclab_2026-09-30_20-54-24.log[0m
[36m======================================================================================================================[0m

[33m20:54:24 [simulation_context.py] WARNING: The `enable_external_forces_every_iteration` parameter in the PhysxCfg is set to False. If you are experiencing noisy velocities, consider enabling this flag. You may need to slightly increase the number of velocity iterations (setting it to 1 or 2 rather than 0), together with this flag, to improve the accuracy of velocity updates.[0m
[INFO]: Base environment:
	Environment device    : cuda:0
	Environment seed      : 101
	Physics step-size     : 0.005
	Rendering step-size   : 0.02
	Environment step-size : 0.02
[33m20:54:24 [terrain_importer.py] WARNING: Visual material specified for ground plane but no diffuse color found. Using default color: (0.0, 0.0, 0.0)[0m
[INFO]: Time taken for scene creation : 0.195046 seconds
[INFO]: Scene manager:  <class InteractiveScene>
	Number of environments: 32
	Environment spacing   : 2.5
	Source prim name      : /World/envs/env_0
	Global prim paths     : ['/World/ground']
	Replicate physics     : True
[INFO]: Starting the simulation. This may take a few seconds. Please wait...
[INFO]: Time taken for simulation start : 0.499789 seconds
[33m20:54:25 [velocity_command.py] WARNING: The velocity command has the 'ranges.heading' attribute set to '(-3.141592653589793, 3.141592653589793)' but the heading command is not active. Consider setting the flag for the heading command to True.[0m
D:\dev\Nconnect\.venv-isaaclab\Lib\site-packages\rsl_rl\utils\utils.py:220: UserWarning: The observation configuration dictionary 'obs_groups' is empty and thus likely not configured. Consider configuring the 'obs_groups' dictionary explicitly
  warnings.warn(
D:\dev\Nconnect\.venv-isaaclab\Lib\site-packages\rsl_rl\utils\utils.py:251: UserWarning: The observation configuration dictionary 'obs_groups' does not contain the 'actor' key. As an observation group with the name 'policy' was found, this is assumed to be the appropriate observation. Consider adding the 'actor' key to the 'obs_groups' dictionary for clarity. This behavior will be removed in a future version.
  warnings.warn(
D:\dev\Nconnect\.venv-isaaclab\Lib\site-packages\rsl_rl\utils\utils.py:251: UserWarning: The observation configuration dictionary 'obs_groups' does not contain the 'critic' key. As an observation group with the name 'policy' was found, this is assumed to be the appropriate observation. Consider adding the 'critic' key to the 'obs_groups' dictionary for clarity. This behavior will be removed in a future version.
  warnings.warn(
[INFO] Command Manager:  <CommandManager> contains 1 active terms.
+------------------------------------------------+
|              Active Command Terms              |
+-------+---------------+------------------------+
| Index | Name          |          Type          |
+-------+---------------+------------------------+
|   0   | base_velocity | UniformVelocityCommand |
+-------+---------------+------------------------+

[INFO] Event Manager:  <EventManager> contains 2 active terms.
+--------------------------------------+
| Active Event Terms in Mode: 'startup' |
+----------+---------------------------+
|  Index   | Name                      |
+----------+---------------------------+
|    0     | physics_material          |
|    1     | add_base_mass             |
+----------+---------------------------+
+---------------------------------------+
|  Active Event Terms in Mode: 'reset'  |
+--------+------------------------------+
| Index  | Name                         |
+--------+------------------------------+
|   0    | base_external_force_torque   |
|   1    | reset_base                   |
|   2    | reset_robot_joints           |
+--------+------------------------------+

[INFO] Recorder Manager:  <RecorderManager> contains 0 active terms.
+---------------------+
| Active Recorder Terms |
+-----------+---------+
|   Index   | Name    |
+-----------+---------+
+-----------+---------+

[INFO] Action Manager:  <ActionManager> contains 1 active terms.
+------------------------------------+
|  Active Action Terms (shape: 12)   |
+--------+-------------+-------------+
| Index  | Name        |   Dimension |
+--------+-------------+-------------+
|   0    | joint_pos   |          12 |
+--------+-------------+-------------+

[INFO] Observation Manager: <ObservationManager> contains 1 groups.
+----------------------------------------------------------+
| Active Observation Terms in Group: 'policy' (shape: (235,)) |
+-----------+--------------------------------+-------------+
|   Index   | Name                           |    Shape    |
+-----------+--------------------------------+-------------+
|     0     | base_lin_vel                   |     (3,)    |
|     1     | base_ang_vel                   |     (3,)    |
|     2     | projected_gravity              |     (3,)    |
|     3     | velocity_commands              |     (3,)    |
|     4     | joint_pos                      |    (12,)    |
|     5     | joint_vel                      |    (12,)    |
|     6     | actions                        |    (12,)    |
|     7     | height_scan                    |    (187,)   |
+-----------+--------------------------------+-------------+

[INFO] Termination Manager:  <TerminationManager> contains 2 active terms.
+---------------------------------+
|     Active Termination Terms    |
+-------+--------------+----------+
| Index | Name         | Time Out |
+-------+--------------+----------+
|   0   | time_out     |   True   |
|   1   | base_contact |  False   |
+-------+--------------+----------+

[INFO] Reward Manager:  <RewardManager> contains 10 active terms.
+-----------------------------------------+
|           Active Reward Terms           |
+-------+----------------------+----------+
| Index | Name                 |   Weight |
+-------+----------------------+----------+
|   0   | track_lin_vel_xy_exp |      1.2 |
|   1   | track_ang_vel_z_exp  |     0.75 |
|   2   | lin_vel_z_l2         |    -1.25 |
|   3   | ang_vel_xy_l2        |    -0.05 |
|   4   | dof_torques_l2       |  -0.0002 |
|   5   | dof_acc_l2           | -2.5e-07 |
|   6   | action_rate_l2       |    -0.01 |
|   7   | feet_air_time        |      0.2 |
|   8   | flat_orientation_l2  |      0.0 |
|   9   | dof_pos_limits       |      0.0 |
+-------+----------------------+----------+

[INFO] Curriculum Manager:  <CurriculumManager> contains 0 active terms.
+----------------------+
| Active Curriculum Terms |
+-----------+----------+
|   Index   | Name     |
+-----------+----------+
+-----------+----------+

[INFO]: Completed setting up the environment...
[INFO]: Loading model checkpoint from: D:\workspace\go2_g_a057_work\track_lin_vel_xy_exp_p1p2\candidate\exported\model_best.pt
--------------------------------------------------------------------------------
Resolved observation sets: 
	 actor :  ['policy']
	 critic :  ['policy']
--------------------------------------------------------------------------------
Actor Model: MLPModel(
  (obs_normalizer): Identity()
  (distribution): GaussianDistribution()
  (mlp): MLP(
    (0): Linear(in_features=235, out_features=512, bias=True)
    (1): ELU(alpha=1.0)
    (2): Linear(in_features=512, out_features=256, bias=True)
    (3): ELU(alpha=1.0)
    (4): Linear(in_features=256, out_features=128, bias=True)
    (5): ELU(alpha=1.0)
    (6): Linear(in_features=128, out_features=12, bias=True)
  )
)
Critic Model: MLPModel(
  (obs_normalizer): Identity()
  (mlp): MLP(
    (0): Linear(in_features=235, out_features=512, bias=True)
    (1): ELU(alpha=1.0)
    (2): Linear(in_features=512, out_features=256, bias=True)
    (3): ELU(alpha=1.0)
    (4): Linear(in_features=256, out_features=128, bias=True)
    (5): ELU(alpha=1.0)
    (6): Linear(in_features=128, out_features=1, bias=True)
  )
)
Loading user config located at: 'd:/dev/nconnect/.venv-isaaclab/lib/site-packages/isaacsim/kit/data/Kit/Isaac-Sim/5.1/user.config.json'
[Info] [carb] Logging to file: d:/dev/nconnect/.venv-isaaclab/lib/site-packages/isaacsim/kit/logs/Kit/Isaac-Sim/5.1/kit_20260930_205414.log
2026-09-30T11:54:15Z [470ms] [Warning] [omni.usd_config.extension] Enable omni.materialx.libs extension to use MaterialX
2026-09-30T11:54:16Z [1,548ms] [Warning] [carb] Acquiring non optional plugin interface which is not listed as dependency: [omni::physx::IPhysxBenchmarks v1.0] (plugin: <default plugin>), by client: omni.physics.physx.plugin. Add it to CARB_PLUGIN_IMPL_DEPS() macro of a client.
2026-09-30T11:54:16Z [1,569ms] [Warning] [omni.isaac.dynamic_control] omni.isaac.dynamic_control is deprecated as of Isaac Sim 4.5. No action is needed from end-users.

|---------------------------------------------------------------------------------------------|
| Driver Version: 580.88        | Graphics API: D3D12
|=============================================================================================|
| GPU | Name                             | Active | LDA | GPU Memory | Vendor-ID | LUID       |
|     |                                  |        |     |            | Device-ID | UUID       |
|     |                                  |        |     |            | Bus-ID    |            |
|---------------------------------------------------------------------------------------------|
| 0   | NVIDIA GeForce RTX 3050          | Yes: 0 |     | 6002    MB | 10de      | 233c4c5c.. |
|     |                                  |        |     |            | 2584      | 0          |
|     |                                  |        |     |            | 1         |            |
|=============================================================================================|
| OS: Windows 10 Pro, Version: 10.0 (22H2), Build: 19045, Kernel: 10.0.19041.6456
| Processor: Intel(R) Core(TM) i5-14400
| Cores: 10 | Logical Cores: 16
|---------------------------------------------------------------------------------------------|
| Total Memory (MB): 32509 | Free Memory: 18687
| Total Page/Swap (MB): 37373 | Free Page/Swap: 12315
|---------------------------------------------------------------------------------------------|
2026-09-30T11:54:21Z [7,043ms] [Warning] [gpu.foundation.plugin] PCIe link width current (8) and maximum (16) for device 0 don't match.
2026-09-30T11:54:26Z [11,444ms] [Warning] [omni.physx.fabric.plugin] FabricManager::initializePointInstancer mismatched prototypes on point instancer: /Visuals/Command/velocity_goal.
2026-09-30T11:54:26Z [11,444ms] [Warning] [omni.physx.fabric.plugin] FabricManager::initializePointInstancer mismatched prototypes on point instancer: /Visuals/Command/velocity_current.
COMMAND: /workspace/IsaacLab/isaaclab.sh -p play.py --task Quadruped-v0 --num_envs 32 --headless agent.seed=101 env.commands.base_velocity.heading_command=false env.commands.base_velocity.rel_standing_envs=0.0 env.commands.base_velocity.resampling_time_range=\[1000.0\,1000.0\] env.commands.base_velocity.ranges.lin_vel_x=\[0\,0\] env.commands.base_velocity.ranges.lin_vel_y=\[0.35\,0.35\] env.commands.base_velocity.ranges.ang_vel_z=\[0\,0\] env.scene.terrain.terrain_type=plane env.curriculum.terrain_levels=null 
[go2-eval] telemetry enabled: out=C:/Program Files/Git/workspace/_keep/go2_g_a057_track_lin_vel_xy_exp_p1p2/evaluation/candidate/cases/seed_101/left steps=1000
[INFO][AppLauncher]: Using device: cuda:0
[INFO][AppLauncher]: Loading experience file: D:\dev\Nconnect\IsaacLab\apps\isaaclab.python.headless.kit
[INFO]: Parsing configuration from: go2_task.env_cfg:QuadrupedRoughEnvCfg
[Quadruped:student] 6 reward 항목 로드
  [OK] track_lin_vel_xy_exp.weight = 1.2
  [OK] feet_air_time.weight = 0.2
  [OK] lin_vel_z_l2.weight = -1.25
  [OK] ang_vel_xy_l2.weight = -0.05
  [OK] action_rate_l2.weight = -0.01
  [OK] flat_orientation_l2.weight = 0.0
[Quadruped:student] terrain override - boxes ≤0.15m
[INFO]: Parsing configuration from: go2_task.agent_cfg:QuadrupedPPORunnerCfg
[WARNING]: The `policy` configuration is deprecated for rsl-rl >= 4.0.0. Please use, e.g., `actor` and `critic` model configurations instead.
[WARNING]: The `empirical_normalization` parameter is deprecated. Please set `actor_obs_normalization` and `critic_obs_normalization` as part of the `policy` configuration instead.
[WARNING]: The `policy` configuration is used to infer the `actor` model configuration.
[WARNING]: The `policy` configuration is used to infer the `critic` model configuration.
[WARNING]: The `distribution_cfg` configuration is now used to specify the output distribution for stochastic policies. Consider updating the configuration to use `distribution_cfg` instead of `stochastic`, `init_noise_std`, `noise_std_type`, and `state_dependent_std` parameters.
[INFO] Loading experiment from directory: D:\workspace\go2_g_a057_work\track_lin_vel_xy_exp_p1p2\candidate\logs\rsl_rl\quadruped

[36m======================================================================================================================[0m
[36m[1m[INFO][IsaacLab]: Logging to file: C:\Users\ADMINI~1\AppData\Local\Temp\isaaclab\logs\isaaclab_2026-09-30_20-55-09.log[0m
[36m======================================================================================================================[0m

[33m20:55:09 [simulation_context.py] WARNING: The `enable_external_forces_every_iteration` parameter in the PhysxCfg is set to False. If you are experiencing noisy velocities, consider enabling this flag. You may need to slightly increase the number of velocity iterations (setting it to 1 or 2 rather than 0), together with this flag, to improve the accuracy of velocity updates.[0m
[INFO]: Base environment:
	Environment device    : cuda:0
	Environment seed      : 101
	Physics step-size     : 0.005
	Rendering step-size   : 0.02
	Environment step-size : 0.02
[33m20:55:09 [terrain_importer.py] WARNING: Visual material specified for ground plane but no diffuse color found. Using default color: (0.0, 0.0, 0.0)[0m
[INFO]: Time taken for scene creation : 0.203553 seconds
[INFO]: Scene manager:  <class InteractiveScene>
	Number of environments: 32
	Environment spacing   : 2.5
	Source prim name      : /World/envs/env_0
	Global prim paths     : ['/World/ground']
	Replicate physics     : True
[INFO]: Starting the simulation. This may take a few seconds. Please wait...
[INFO]: Time taken for simulation start : 0.714549 seconds
[33m20:55:10 [velocity_command.py] WARNING: The velocity command has the 'ranges.heading' attribute set to '(-3.141592653589793, 3.141592653589793)' but the heading command is not active. Consider setting the flag for the heading command to True.[0m
D:\dev\Nconnect\.venv-isaaclab\Lib\site-packages\rsl_rl\utils\utils.py:220: UserWarning: The observation configuration dictionary 'obs_groups' is empty and thus likely not configured. Consider configuring the 'obs_groups' dictionary explicitly
  warnings.warn(
D:\dev\Nconnect\.venv-isaaclab\Lib\site-packages\rsl_rl\utils\utils.py:251: UserWarning: The observation configuration dictionary 'obs_groups' does not contain the 'actor' key. As an observation group with the name 'policy' was found, this is assumed to be the appropriate observation. Consider adding the 'actor' key to the 'obs_groups' dictionary for clarity. This behavior will be removed in a future version.
  warnings.warn(
D:\dev\Nconnect\.venv-isaaclab\Lib\site-packages\rsl_rl\utils\utils.py:251: UserWarning: The observation configuration dictionary 'obs_groups' does not contain the 'critic' key. As an observation group with the name 'policy' was found, this is assumed to be the appropriate observation. Consider adding the 'critic' key to the 'obs_groups' dictionary for clarity. This behavior will be removed in a future version.
  warnings.warn(
[INFO] Command Manager:  <CommandManager> contains 1 active terms.
+------------------------------------------------+
|              Active Command Terms              |
+-------+---------------+------------------------+
| Index | Name          |          Type          |
+-------+---------------+------------------------+
|   0   | base_velocity | UniformVelocityCommand |
+-------+---------------+------------------------+

[INFO] Event Manager:  <EventManager> contains 2 active terms.
+--------------------------------------+
| Active Event Terms in Mode: 'startup' |
+----------+---------------------------+
|  Index   | Name                      |
+----------+---------------------------+
|    0     | physics_material          |
|    1     | add_base_mass             |
+----------+---------------------------+
+---------------------------------------+
|  Active Event Terms in Mode: 'reset'  |
+--------+------------------------------+
| Index  | Name                         |
+--------+------------------------------+
|   0    | base_external_force_torque   |
|   1    | reset_base                   |
|   2    | reset_robot_joints           |
+--------+------------------------------+

[INFO] Recorder Manager:  <RecorderManager> contains 0 active terms.
+---------------------+
| Active Recorder Terms |
+-----------+---------+
|   Index   | Name    |
+-----------+---------+
+-----------+---------+

[INFO] Action Manager:  <ActionManager> contains 1 active terms.
+------------------------------------+
|  Active Action Terms (shape: 12)   |
+--------+-------------+-------------+
| Index  | Name        |   Dimension |
+--------+-------------+-------------+
|   0    | joint_pos   |          12 |
+--------+-------------+-------------+

[INFO] Observation Manager: <ObservationManager> contains 1 groups.
+----------------------------------------------------------+
| Active Observation Terms in Group: 'policy' (shape: (235,)) |
+-----------+--------------------------------+-------------+
|   Index   | Name                           |    Shape    |
+-----------+--------------------------------+-------------+
|     0     | base_lin_vel                   |     (3,)    |
|     1     | base_ang_vel                   |     (3,)    |
|     2     | projected_gravity              |     (3,)    |
|     3     | velocity_commands              |     (3,)    |
|     4     | joint_pos                      |    (12,)    |
|     5     | joint_vel                      |    (12,)    |
|     6     | actions                        |    (12,)    |
|     7     | height_scan                    |    (187,)   |
+-----------+--------------------------------+-------------+

[INFO] Termination Manager:  <TerminationManager> contains 2 active terms.
+---------------------------------+
|     Active Termination Terms    |
+-------+--------------+----------+
| Index | Name         | Time Out |
+-------+--------------+----------+
|   0   | time_out     |   True   |
|   1   | base_contact |  False   |
+-------+--------------+----------+

[INFO] Reward Manager:  <RewardManager> contains 10 active terms.
+-----------------------------------------+
|           Active Reward Terms           |
+-------+----------------------+----------+
| Index | Name                 |   Weight |
+-------+----------------------+----------+
|   0   | track_lin_vel_xy_exp |      1.2 |
|   1   | track_ang_vel_z_exp  |     0.75 |
|   2   | lin_vel_z_l2         |    -1.25 |
|   3   | ang_vel_xy_l2        |    -0.05 |
|   4   | dof_torques_l2       |  -0.0002 |
|   5   | dof_acc_l2           | -2.5e-07 |
|   6   | action_rate_l2       |    -0.01 |
|   7   | feet_air_time        |      0.2 |
|   8   | flat_orientation_l2  |      0.0 |
|   9   | dof_pos_limits       |      0.0 |
+-------+----------------------+----------+

[INFO] Curriculum Manager:  <CurriculumManager> contains 0 active terms.
+----------------------+
| Active Curriculum Terms |
+-----------+----------+
|   Index   | Name     |
+-----------+----------+
+-----------+----------+

[INFO]: Completed setting up the environment...
[INFO]: Loading model checkpoint from: D:\workspace\go2_g_a057_work\track_lin_vel_xy_exp_p1p2\candidate\exported\model_best.pt
--------------------------------------------------------------------------------
Resolved observation sets: 
	 actor :  ['policy']
	 critic :  ['policy']
--------------------------------------------------------------------------------
Actor Model: MLPModel(
  (obs_normalizer): Identity()
  (distribution): GaussianDistribution()
  (mlp): MLP(
    (0): Linear(in_features=235, out_features=512, bias=True)
    (1): ELU(alpha=1.0)
    (2): Linear(in_features=512, out_features=256, bias=True)
    (3): ELU(alpha=1.0)
    (4): Linear(in_features=256, out_features=128, bias=True)
    (5): ELU(alpha=1.0)
    (6): Linear(in_features=128, out_features=12, bias=True)
  )
)
Critic Model: MLPModel(
  (obs_normalizer): Identity()
  (mlp): MLP(
    (0): Linear(in_features=235, out_features=512, bias=True)
    (1): ELU(alpha=1.0)
    (2): Linear(in_features=512, out_features=256, bias=True)
    (3): ELU(alpha=1.0)
    (4): Linear(in_features=256, out_features=128, bias=True)
    (5): ELU(alpha=1.0)
    (6): Linear(in_features=128, out_features=1, bias=True)
  )
)
Loading user config located at: 'd:/dev/nconnect/.venv-isaaclab/lib/site-packages/isaacsim/kit/data/Kit/Isaac-Sim/5.1/user.config.json'
[Info] [carb] Logging to file: d:/dev/nconnect/.venv-isaaclab/lib/site-packages/isaacsim/kit/logs/Kit/Isaac-Sim/5.1/kit_20260930_205459.log
2026-09-30T11:54:59Z [473ms] [Warning] [omni.usd_config.extension] Enable omni.materialx.libs extension to use MaterialX
2026-09-30T11:55:01Z [1,527ms] [Warning] [carb] Acquiring non optional plugin interface which is not listed as dependency: [omni::physx::IPhysxBenchmarks v1.0] (plugin: <default plugin>), by client: omni.physics.physx.plugin. Add it to CARB_PLUGIN_IMPL_DEPS() macro of a client.
2026-09-30T11:55:01Z [1,549ms] [Warning] [omni.isaac.dynamic_control] omni.isaac.dynamic_control is deprecated as of Isaac Sim 4.5. No action is needed from end-users.

|---------------------------------------------------------------------------------------------|
| Driver Version: 580.88        | Graphics API: D3D12
|=============================================================================================|
| GPU | Name                             | Active | LDA | GPU Memory | Vendor-ID | LUID       |
|     |                                  |        |     |            | Device-ID | UUID       |
|     |                                  |        |     |            | Bus-ID    |            |
|---------------------------------------------------------------------------------------------|
| 0   | NVIDIA GeForce RTX 3050          | Yes: 0 |     | 6002    MB | 10de      | 233c4c5c.. |
|     |                                  |        |     |            | 2584      | 0          |
|     |                                  |        |     |            | 1         |            |
|=============================================================================================|
| OS: Windows 10 Pro, Version: 10.0 (22H2), Build: 19045, Kernel: 10.0.19041.6456
| Processor: Intel(R) Core(TM) i5-14400
| Cores: 10 | Logical Cores: 16
|---------------------------------------------------------------------------------------------|
| Total Memory (MB): 32509 | Free Memory: 18866
| Total Page/Swap (MB): 37373 | Free Page/Swap: 12527
|---------------------------------------------------------------------------------------------|
2026-09-30T11:55:06Z [6,965ms] [Warning] [gpu.foundation.plugin] PCIe link width current (8) and maximum (16) for device 0 don't match.
2026-09-30T11:55:11Z [11,598ms] [Warning] [omni.physx.fabric.plugin] FabricManager::initializePointInstancer mismatched prototypes on point instancer: /Visuals/Command/velocity_current.
2026-09-30T11:55:11Z [11,598ms] [Warning] [omni.physx.fabric.plugin] FabricManager::initializePointInstancer mismatched prototypes on point instancer: /Visuals/Command/velocity_goal.
COMMAND: /workspace/IsaacLab/isaaclab.sh -p play.py --task Quadruped-v0 --num_envs 32 --headless agent.seed=101 env.commands.base_velocity.heading_command=false env.commands.base_velocity.rel_standing_envs=0.0 env.commands.base_velocity.resampling_time_range=\[1000.0\,1000.0\] env.commands.base_velocity.ranges.lin_vel_x=\[0\,0\] env.commands.base_velocity.ranges.lin_vel_y=\[-0.35\,-0.35\] env.commands.base_velocity.ranges.ang_vel_z=\[0\,0\] env.scene.terrain.terrain_type=plane env.curriculum.terrain_levels=null 
[go2-eval] telemetry enabled: out=C:/Program Files/Git/workspace/_keep/go2_g_a057_track_lin_vel_xy_exp_p1p2/evaluation/candidate/cases/seed_101/right steps=1000
[INFO][AppLauncher]: Using device: cuda:0
[INFO][AppLauncher]: Loading experience file: D:\dev\Nconnect\IsaacLab\apps\isaaclab.python.headless.kit
[INFO]: Parsing configuration from: go2_task.env_cfg:QuadrupedRoughEnvCfg
[Quadruped:student] 6 reward 항목 로드
  [OK] track_lin_vel_xy_exp.weight = 1.2
  [OK] feet_air_time.weight = 0.2
  [OK] lin_vel_z_l2.weight = -1.25
  [OK] ang_vel_xy_l2.weight = -0.05
  [OK] action_rate_l2.weight = -0.01
  [OK] flat_orientation_l2.weight = 0.0
[Quadruped:student] terrain override - boxes ≤0.15m
[INFO]: Parsing configuration from: go2_task.agent_cfg:QuadrupedPPORunnerCfg
[WARNING]: The `policy` configuration is deprecated for rsl-rl >= 4.0.0. Please use, e.g., `actor` and `critic` model configurations instead.
[WARNING]: The `empirical_normalization` parameter is deprecated. Please set `actor_obs_normalization` and `critic_obs_normalization` as part of the `policy` configuration instead.
[WARNING]: The `policy` configuration is used to infer the `actor` model configuration.
[WARNING]: The `policy` configuration is used to infer the `critic` model configuration.
[WARNING]: The `distribution_cfg` configuration is now used to specify the output distribution for stochastic policies. Consider updating the configuration to use `distribution_cfg` instead of `stochastic`, `init_noise_std`, `noise_std_type`, and `state_dependent_std` parameters.
[INFO] Loading experiment from directory: D:\workspace\go2_g_a057_work\track_lin_vel_xy_exp_p1p2\candidate\logs\rsl_rl\quadruped

[36m======================================================================================================================[0m
[36m[1m[INFO][IsaacLab]: Logging to file: C:\Users\ADMINI~1\AppData\Local\Temp\isaaclab\logs\isaaclab_2026-09-30_20-55-55.log[0m
[36m======================================================================================================================[0m

[33m20:55:55 [simulation_context.py] WARNING: The `enable_external_forces_every_iteration` parameter in the PhysxCfg is set to False. If you are experiencing noisy velocities, consider enabling this flag. You may need to slightly increase the number of velocity iterations (setting it to 1 or 2 rather than 0), together with this flag, to improve the accuracy of velocity updates.[0m
[INFO]: Base environment:
	Environment device    : cuda:0
	Environment seed      : 101
	Physics step-size     : 0.005
	Rendering step-size   : 0.02
	Environment step-size : 0.02
[33m20:55:55 [terrain_importer.py] WARNING: Visual material specified for ground plane but no diffuse color found. Using default color: (0.0, 0.0, 0.0)[0m
[INFO]: Time taken for scene creation : 0.205014 seconds
[INFO]: Scene manager:  <class InteractiveScene>
	Number of environments: 32
	Environment spacing   : 2.5
	Source prim name      : /World/envs/env_0
	Global prim paths     : ['/World/ground']
	Replicate physics     : True
[INFO]: Starting the simulation. This may take a few seconds. Please wait...
[INFO]: Time taken for simulation start : 0.670096 seconds
[33m20:55:57 [velocity_command.py] WARNING: The velocity command has the 'ranges.heading' attribute set to '(-3.141592653589793, 3.141592653589793)' but the heading command is not active. Consider setting the flag for the heading command to True.[0m
D:\dev\Nconnect\.venv-isaaclab\Lib\site-packages\rsl_rl\utils\utils.py:220: UserWarning: The observation configuration dictionary 'obs_groups' is empty and thus likely not configured. Consider configuring the 'obs_groups' dictionary explicitly
  warnings.warn(
D:\dev\Nconnect\.venv-isaaclab\Lib\site-packages\rsl_rl\utils\utils.py:251: UserWarning: The observation configuration dictionary 'obs_groups' does not contain the 'actor' key. As an observation group with the name 'policy' was found, this is assumed to be the appropriate observation. Consider adding the 'actor' key to the 'obs_groups' dictionary for clarity. This behavior will be removed in a future version.
  warnings.warn(
D:\dev\Nconnect\.venv-isaaclab\Lib\site-packages\rsl_rl\utils\utils.py:251: UserWarning: The observation configuration dictionary 'obs_groups' does not contain the 'critic' key. As an observation group with the name 'policy' was found, this is assumed to be the appropriate observation. Consider adding the 'critic' key to the 'obs_groups' dictionary for clarity. This behavior will be removed in a future version.
  warnings.warn(
[INFO] Command Manager:  <CommandManager> contains 1 active terms.
+------------------------------------------------+
|              Active Command Terms              |
+-------+---------------+------------------------+
| Index | Name          |          Type          |
+-------+---------------+------------------------+
|   0   | base_velocity | UniformVelocityCommand |
+-------+---------------+------------------------+

[INFO] Event Manager:  <EventManager> contains 2 active terms.
+--------------------------------------+
| Active Event Terms in Mode: 'startup' |
+----------+---------------------------+
|  Index   | Name                      |
+----------+---------------------------+
|    0     | physics_material          |
|    1     | add_base_mass             |
+----------+---------------------------+
+---------------------------------------+
|  Active Event Terms in Mode: 'reset'  |
+--------+------------------------------+
| Index  | Name                         |
+--------+------------------------------+
|   0    | base_external_force_torque   |
|   1    | reset_base                   |
|   2    | reset_robot_joints           |
+--------+------------------------------+

[INFO] Recorder Manager:  <RecorderManager> contains 0 active terms.
+---------------------+
| Active Recorder Terms |
+-----------+---------+
|   Index   | Name    |
+-----------+---------+
+-----------+---------+

[INFO] Action Manager:  <ActionManager> contains 1 active terms.
+------------------------------------+
|  Active Action Terms (shape: 12)   |
+--------+-------------+-------------+
| Index  | Name        |   Dimension |
+--------+-------------+-------------+
|   0    | joint_pos   |          12 |
+--------+-------------+-------------+

[INFO] Observation Manager: <ObservationManager> contains 1 groups.
+----------------------------------------------------------+
| Active Observation Terms in Group: 'policy' (shape: (235,)) |
+-----------+--------------------------------+-------------+
|   Index   | Name                           |    Shape    |
+-----------+--------------------------------+-------------+
|     0     | base_lin_vel                   |     (3,)    |
|     1     | base_ang_vel                   |     (3,)    |
|     2     | projected_gravity              |     (3,)    |
|     3     | velocity_commands              |     (3,)    |
|     4     | joint_pos                      |    (12,)    |
|     5     | joint_vel                      |    (12,)    |
|     6     | actions                        |    (12,)    |
|     7     | height_scan                    |    (187,)   |
+-----------+--------------------------------+-------------+

[INFO] Termination Manager:  <TerminationManager> contains 2 active terms.
+---------------------------------+
|     Active Termination Terms    |
+-------+--------------+----------+
| Index | Name         | Time Out |
+-------+--------------+----------+
|   0   | time_out     |   True   |
|   1   | base_contact |  False   |
+-------+--------------+----------+

[INFO] Reward Manager:  <RewardManager> contains 10 active terms.
+-----------------------------------------+
|           Active Reward Terms           |
+-------+----------------------+----------+
| Index | Name                 |   Weight |
+-------+----------------------+----------+
|   0   | track_lin_vel_xy_exp |      1.2 |
|   1   | track_ang_vel_z_exp  |     0.75 |
|   2   | lin_vel_z_l2         |    -1.25 |
|   3   | ang_vel_xy_l2        |    -0.05 |
|   4   | dof_torques_l2       |  -0.0002 |
|   5   | dof_acc_l2           | -2.5e-07 |
|   6   | action_rate_l2       |    -0.01 |
|   7   | feet_air_time        |      0.2 |
|   8   | flat_orientation_l2  |      0.0 |
|   9   | dof_pos_limits       |      0.0 |
+-------+----------------------+----------+

[INFO] Curriculum Manager:  <CurriculumManager> contains 0 active terms.
+----------------------+
| Active Curriculum Terms |
+-----------+----------+
|   Index   | Name     |
+-----------+----------+
+-----------+----------+

[INFO]: Completed setting up the environment...
[INFO]: Loading model checkpoint from: D:\workspace\go2_g_a057_work\track_lin_vel_xy_exp_p1p2\candidate\exported\model_best.pt
--------------------------------------------------------------------------------
Resolved observation sets: 
	 actor :  ['policy']
	 critic :  ['policy']
--------------------------------------------------------------------------------
Actor Model: MLPModel(
  (obs_normalizer): Identity()
  (distribution): GaussianDistribution()
  (mlp): MLP(
    (0): Linear(in_features=235, out_features=512, bias=True)
    (1): ELU(alpha=1.0)
    (2): Linear(in_features=512, out_features=256, bias=True)
    (3): ELU(alpha=1.0)
    (4): Linear(in_features=256, out_features=128, bias=True)
    (5): ELU(alpha=1.0)
    (6): Linear(in_features=128, out_features=12, bias=True)
  )
)
Critic Model: MLPModel(
  (obs_normalizer): Identity()
  (mlp): MLP(
    (0): Linear(in_features=235, out_features=512, bias=True)
    (1): ELU(alpha=1.0)
    (2): Linear(in_features=512, out_features=256, bias=True)
    (3): ELU(alpha=1.0)
    (4): Linear(in_features=256, out_features=128, bias=True)
    (5): ELU(alpha=1.0)
    (6): Linear(in_features=128, out_features=1, bias=True)
  )
)
Loading user config located at: 'd:/dev/nconnect/.venv-isaaclab/lib/site-packages/isaacsim/kit/data/Kit/Isaac-Sim/5.1/user.config.json'
[Info] [carb] Logging to file: d:/dev/nconnect/.venv-isaaclab/lib/site-packages/isaacsim/kit/logs/Kit/Isaac-Sim/5.1/kit_20260930_205545.log
2026-09-30T11:55:46Z [479ms] [Warning] [omni.usd_config.extension] Enable omni.materialx.libs extension to use MaterialX
2026-09-30T11:55:47Z [1,559ms] [Warning] [carb] Acquiring non optional plugin interface which is not listed as dependency: [omni::physx::IPhysxBenchmarks v1.0] (plugin: <default plugin>), by client: omni.physics.physx.plugin. Add it to CARB_PLUGIN_IMPL_DEPS() macro of a client.
2026-09-30T11:55:47Z [1,579ms] [Warning] [omni.isaac.dynamic_control] omni.isaac.dynamic_control is deprecated as of Isaac Sim 4.5. No action is needed from end-users.

|---------------------------------------------------------------------------------------------|
| Driver Version: 580.88        | Graphics API: D3D12
|=============================================================================================|
| GPU | Name                             | Active | LDA | GPU Memory | Vendor-ID | LUID       |
|     |                                  |        |     |            | Device-ID | UUID       |
|     |                                  |        |     |            | Bus-ID    |            |
|---------------------------------------------------------------------------------------------|
| 0   | NVIDIA GeForce RTX 3050          | Yes: 0 |     | 6002    MB | 10de      | 233c4c5c.. |
|     |                                  |        |     |            | 2584      | 0          |
|     |                                  |        |     |            | 1         |            |
|=============================================================================================|
| OS: Windows 10 Pro, Version: 10.0 (22H2), Build: 19045, Kernel: 10.0.19041.6456
| Processor: Intel(R) Core(TM) i5-14400
| Cores: 10 | Logical Cores: 16
|---------------------------------------------------------------------------------------------|
| Total Memory (MB): 32509 | Free Memory: 18881
| Total Page/Swap (MB): 37373 | Free Page/Swap: 12511
|---------------------------------------------------------------------------------------------|
2026-09-30T11:55:52Z [7,043ms] [Warning] [gpu.foundation.plugin] PCIe link width current (8) and maximum (16) for device 0 don't match.
2026-09-30T11:55:57Z [11,689ms] [Warning] [omni.physx.fabric.plugin] FabricManager::initializePointInstancer mismatched prototypes on point instancer: /Visuals/Command/velocity_current.
2026-09-30T11:55:57Z [11,689ms] [Warning] [omni.physx.fabric.plugin] FabricManager::initializePointInstancer mismatched prototypes on point instancer: /Visuals/Command/velocity_goal.
COMMAND: /workspace/IsaacLab/isaaclab.sh -p play.py --task Quadruped-v0 --num_envs 32 --headless agent.seed=101 env.commands.base_velocity.heading_command=false env.commands.base_velocity.rel_standing_envs=0.0 env.commands.base_velocity.resampling_time_range=\[1000.0\,1000.0\] env.commands.base_velocity.ranges.lin_vel_x=\[0.50\,0.50\] env.commands.base_velocity.ranges.lin_vel_y=\[0.30\,0.30\] env.commands.base_velocity.ranges.ang_vel_z=\[0\,0\] env.scene.terrain.terrain_type=plane env.curriculum.terrain_levels=null 
[go2-eval] telemetry enabled: out=C:/Program Files/Git/workspace/_keep/go2_g_a057_track_lin_vel_xy_exp_p1p2/evaluation/candidate/cases/seed_101/diagonal_left steps=1000
[INFO][AppLauncher]: Using device: cuda:0
[INFO][AppLauncher]: Loading experience file: D:\dev\Nconnect\IsaacLab\apps\isaaclab.python.headless.kit
[INFO]: Parsing configuration from: go2_task.env_cfg:QuadrupedRoughEnvCfg
[Quadruped:student] 6 reward 항목 로드
  [OK] track_lin_vel_xy_exp.weight = 1.2
  [OK] feet_air_time.weight = 0.2
  [OK] lin_vel_z_l2.weight = -1.25
  [OK] ang_vel_xy_l2.weight = -0.05
  [OK] action_rate_l2.weight = -0.01
  [OK] flat_orientation_l2.weight = 0.0
[Quadruped:student] terrain override - boxes ≤0.15m
[INFO]: Parsing configuration from: go2_task.agent_cfg:QuadrupedPPORunnerCfg
[WARNING]: The `policy` configuration is deprecated for rsl-rl >= 4.0.0. Please use, e.g., `actor` and `critic` model configurations instead.
[WARNING]: The `empirical_normalization` parameter is deprecated. Please set `actor_obs_normalization` and `critic_obs_normalization` as part of the `policy` configuration instead.
[WARNING]: The `policy` configuration is used to infer the `actor` model configuration.
[WARNING]: The `policy` configuration is used to infer the `critic` model configuration.
[WARNING]: The `distribution_cfg` configuration is now used to specify the output distribution for stochastic policies. Consider updating the configuration to use `distribution_cfg` instead of `stochastic`, `init_noise_std`, `noise_std_type`, and `state_dependent_std` parameters.
[INFO] Loading experiment from directory: D:\workspace\go2_g_a057_work\track_lin_vel_xy_exp_p1p2\candidate\logs\rsl_rl\quadruped

[36m======================================================================================================================[0m
[36m[1m[INFO][IsaacLab]: Logging to file: C:\Users\ADMINI~1\AppData\Local\Temp\isaaclab\logs\isaaclab_2026-09-30_20-56-44.log[0m
[36m======================================================================================================================[0m

[33m20:56:44 [simulation_context.py] WARNING: The `enable_external_forces_every_iteration` parameter in the PhysxCfg is set to False. If you are experiencing noisy velocities, consider enabling this flag. You may need to slightly increase the number of velocity iterations (setting it to 1 or 2 rather than 0), together with this flag, to improve the accuracy of velocity updates.[0m
[INFO]: Base environment:
	Environment device    : cuda:0
	Environment seed      : 101
	Physics step-size     : 0.005
	Rendering step-size   : 0.02
	Environment step-size : 0.02
[33m20:56:44 [terrain_importer.py] WARNING: Visual material specified for ground plane but no diffuse color found. Using default color: (0.0, 0.0, 0.0)[0m
[INFO]: Time taken for scene creation : 0.222184 seconds
[INFO]: Scene manager:  <class InteractiveScene>
	Number of environments: 32
	Environment spacing   : 2.5
	Source prim name      : /World/envs/env_0
	Global prim paths     : ['/World/ground']
	Replicate physics     : True
[INFO]: Starting the simulation. This may take a few seconds. Please wait...
[INFO]: Time taken for simulation start : 0.458156 seconds
[33m20:56:45 [velocity_command.py] WARNING: The velocity command has the 'ranges.heading' attribute set to '(-3.141592653589793, 3.141592653589793)' but the heading command is not active. Consider setting the flag for the heading command to True.[0m
D:\dev\Nconnect\.venv-isaaclab\Lib\site-packages\rsl_rl\utils\utils.py:220: UserWarning: The observation configuration dictionary 'obs_groups' is empty and thus likely not configured. Consider configuring the 'obs_groups' dictionary explicitly
  warnings.warn(
D:\dev\Nconnect\.venv-isaaclab\Lib\site-packages\rsl_rl\utils\utils.py:251: UserWarning: The observation configuration dictionary 'obs_groups' does not contain the 'actor' key. As an observation group with the name 'policy' was found, this is assumed to be the appropriate observation. Consider adding the 'actor' key to the 'obs_groups' dictionary for clarity. This behavior will be removed in a future version.
  warnings.warn(
D:\dev\Nconnect\.venv-isaaclab\Lib\site-packages\rsl_rl\utils\utils.py:251: UserWarning: The observation configuration dictionary 'obs_groups' does not contain the 'critic' key. As an observation group with the name 'policy' was found, this is assumed to be the appropriate observation. Consider adding the 'critic' key to the 'obs_groups' dictionary for clarity. This behavior will be removed in a future version.
  warnings.warn(
[INFO] Command Manager:  <CommandManager> contains 1 active terms.
+------------------------------------------------+
|              Active Command Terms              |
+-------+---------------+------------------------+
| Index | Name          |          Type          |
+-------+---------------+------------------------+
|   0   | base_velocity | UniformVelocityCommand |
+-------+---------------+------------------------+

[INFO] Event Manager:  <EventManager> contains 2 active terms.
+--------------------------------------+
| Active Event Terms in Mode: 'startup' |
+----------+---------------------------+
|  Index   | Name                      |
+----------+---------------------------+
|    0     | physics_material          |
|    1     | add_base_mass             |
+----------+---------------------------+
+---------------------------------------+
|  Active Event Terms in Mode: 'reset'  |
+--------+------------------------------+
| Index  | Name                         |
+--------+------------------------------+
|   0    | base_external_force_torque   |
|   1    | reset_base                   |
|   2    | reset_robot_joints           |
+--------+------------------------------+

[INFO] Recorder Manager:  <RecorderManager> contains 0 active terms.
+---------------------+
| Active Recorder Terms |
+-----------+---------+
|   Index   | Name    |
+-----------+---------+
+-----------+---------+

[INFO] Action Manager:  <ActionManager> contains 1 active terms.
+------------------------------------+
|  Active Action Terms (shape: 12)   |
+--------+-------------+-------------+
| Index  | Name        |   Dimension |
+--------+-------------+-------------+
|   0    | joint_pos   |          12 |
+--------+-------------+-------------+

[INFO] Observation Manager: <ObservationManager> contains 1 groups.
+----------------------------------------------------------+
| Active Observation Terms in Group: 'policy' (shape: (235,)) |
+-----------+--------------------------------+-------------+
|   Index   | Name                           |    Shape    |
+-----------+--------------------------------+-------------+
|     0     | base_lin_vel                   |     (3,)    |
|     1     | base_ang_vel                   |     (3,)    |
|     2     | projected_gravity              |     (3,)    |
|     3     | velocity_commands              |     (3,)    |
|     4     | joint_pos                      |    (12,)    |
|     5     | joint_vel                      |    (12,)    |
|     6     | actions                        |    (12,)    |
|     7     | height_scan                    |    (187,)   |
+-----------+--------------------------------+-------------+

[INFO] Termination Manager:  <TerminationManager> contains 2 active terms.
+---------------------------------+
|     Active Termination Terms    |
+-------+--------------+----------+
| Index | Name         | Time Out |
+-------+--------------+----------+
|   0   | time_out     |   True   |
|   1   | base_contact |  False   |
+-------+--------------+----------+

[INFO] Reward Manager:  <RewardManager> contains 10 active terms.
+-----------------------------------------+
|           Active Reward Terms           |
+-------+----------------------+----------+
| Index | Name                 |   Weight |
+-------+----------------------+----------+
|   0   | track_lin_vel_xy_exp |      1.2 |
|   1   | track_ang_vel_z_exp  |     0.75 |
|   2   | lin_vel_z_l2         |    -1.25 |
|   3   | ang_vel_xy_l2        |    -0.05 |
|   4   | dof_torques_l2       |  -0.0002 |
|   5   | dof_acc_l2           | -2.5e-07 |
|   6   | action_rate_l2       |    -0.01 |
|   7   | feet_air_time        |      0.2 |
|   8   | flat_orientation_l2  |      0.0 |
|   9   | dof_pos_limits       |      0.0 |
+-------+----------------------+----------+

[INFO] Curriculum Manager:  <CurriculumManager> contains 0 active terms.
+----------------------+
| Active Curriculum Terms |
+-----------+----------+
|   Index   | Name     |
+-----------+----------+
+-----------+----------+

[INFO]: Completed setting up the environment...
[INFO]: Loading model checkpoint from: D:\workspace\go2_g_a057_work\track_lin_vel_xy_exp_p1p2\candidate\exported\model_best.pt
--------------------------------------------------------------------------------
Resolved observation sets: 
	 actor :  ['policy']
	 critic :  ['policy']
--------------------------------------------------------------------------------
Actor Model: MLPModel(
  (obs_normalizer): Identity()
  (distribution): GaussianDistribution()
  (mlp): MLP(
    (0): Linear(in_features=235, out_features=512, bias=True)
    (1): ELU(alpha=1.0)
    (2): Linear(in_features=512, out_features=256, bias=True)
    (3): ELU(alpha=1.0)
    (4): Linear(in_features=256, out_features=128, bias=True)
    (5): ELU(alpha=1.0)
    (6): Linear(in_features=128, out_features=12, bias=True)
  )
)
Critic Model: MLPModel(
  (obs_normalizer): Identity()
  (mlp): MLP(
    (0): Linear(in_features=235, out_features=512, bias=True)
    (1): ELU(alpha=1.0)
    (2): Linear(in_features=512, out_features=256, bias=True)
    (3): ELU(alpha=1.0)
    (4): Linear(in_features=256, out_features=128, bias=True)
    (5): ELU(alpha=1.0)
    (6): Linear(in_features=128, out_features=1, bias=True)
  )
)
Loading user config located at: 'd:/dev/nconnect/.venv-isaaclab/lib/site-packages/isaacsim/kit/data/Kit/Isaac-Sim/5.1/user.config.json'
[Info] [carb] Logging to file: d:/dev/nconnect/.venv-isaaclab/lib/site-packages/isaacsim/kit/logs/Kit/Isaac-Sim/5.1/kit_20260930_205632.log
2026-09-30T11:56:33Z [533ms] [Warning] [omni.usd_config.extension] Enable omni.materialx.libs extension to use MaterialX
2026-09-30T11:56:34Z [1,747ms] [Warning] [carb] Acquiring non optional plugin interface which is not listed as dependency: [omni::physx::IPhysxBenchmarks v1.0] (plugin: <default plugin>), by client: omni.physics.physx.plugin. Add it to CARB_PLUGIN_IMPL_DEPS() macro of a client.
2026-09-30T11:56:34Z [1,770ms] [Warning] [omni.isaac.dynamic_control] omni.isaac.dynamic_control is deprecated as of Isaac Sim 4.5. No action is needed from end-users.

|---------------------------------------------------------------------------------------------|
| Driver Version: 580.88        | Graphics API: D3D12
|=============================================================================================|
| GPU | Name                             | Active | LDA | GPU Memory | Vendor-ID | LUID       |
|     |                                  |        |     |            | Device-ID | UUID       |
|     |                                  |        |     |            | Bus-ID    |            |
|---------------------------------------------------------------------------------------------|
| 0   | NVIDIA GeForce RTX 3050          | Yes: 0 |     | 6002    MB | 10de      | 233c4c5c.. |
|     |                                  |        |     |            | 2584      | 0          |
|     |                                  |        |     |            | 1         |            |
|=============================================================================================|
| OS: Windows 10 Pro, Version: 10.0 (22H2), Build: 19045, Kernel: 10.0.19041.6456
| Processor: Intel(R) Core(TM) i5-14400
| Cores: 10 | Logical Cores: 16
|---------------------------------------------------------------------------------------------|
| Total Memory (MB): 32509 | Free Memory: 15521
| Total Page/Swap (MB): 37373 | Free Page/Swap: 3823
|---------------------------------------------------------------------------------------------|
2026-09-30T11:56:40Z [7,934ms] [Warning] [gpu.foundation.plugin] PCIe link width current (8) and maximum (16) for device 0 don't match.
2026-09-30T11:56:40Z [7,974ms] [Warning] [omni.kvdb.plugin] Disabling key-value database because another kit process is locking it
2026-09-30T11:56:45Z [12,927ms] [Warning] [omni.physx.fabric.plugin] FabricManager::initializePointInstancer mismatched prototypes on point instancer: /Visuals/Command/velocity_goal.
2026-09-30T11:56:45Z [12,927ms] [Warning] [omni.physx.fabric.plugin] FabricManager::initializePointInstancer mismatched prototypes on point instancer: /Visuals/Command/velocity_current.
COMMAND: /workspace/IsaacLab/isaaclab.sh -p play.py --task Quadruped-v0 --num_envs 32 --headless agent.seed=101 env.commands.base_velocity.heading_command=false env.commands.base_velocity.rel_standing_envs=0.0 env.commands.base_velocity.resampling_time_range=\[1000.0\,1000.0\] env.commands.base_velocity.ranges.lin_vel_x=\[0.50\,0.50\] env.commands.base_velocity.ranges.lin_vel_y=\[-0.30\,-0.30\] env.commands.base_velocity.ranges.ang_vel_z=\[0\,0\] env.scene.terrain.terrain_type=plane env.curriculum.terrain_levels=null 
[go2-eval] telemetry enabled: out=C:/Program Files/Git/workspace/_keep/go2_g_a057_track_lin_vel_xy_exp_p1p2/evaluation/candidate/cases/seed_101/diagonal_right steps=1000
[INFO][AppLauncher]: Using device: cuda:0
[INFO][AppLauncher]: Loading experience file: D:\dev\Nconnect\IsaacLab\apps\isaaclab.python.headless.kit
[INFO]: Parsing configuration from: go2_task.env_cfg:QuadrupedRoughEnvCfg
[Quadruped:student] 6 reward 항목 로드
  [OK] track_lin_vel_xy_exp.weight = 1.2
  [OK] feet_air_time.weight = 0.2
  [OK] lin_vel_z_l2.weight = -1.25
  [OK] ang_vel_xy_l2.weight = -0.05
  [OK] action_rate_l2.weight = -0.01
  [OK] flat_orientation_l2.weight = 0.0
[Quadruped:student] terrain override - boxes ≤0.15m
[INFO]: Parsing configuration from: go2_task.agent_cfg:QuadrupedPPORunnerCfg
[WARNING]: The `policy` configuration is deprecated for rsl-rl >= 4.0.0. Please use, e.g., `actor` and `critic` model configurations instead.
[WARNING]: The `empirical_normalization` parameter is deprecated. Please set `actor_obs_normalization` and `critic_obs_normalization` as part of the `policy` configuration instead.
[WARNING]: The `policy` configuration is used to infer the `actor` model configuration.
[WARNING]: The `policy` configuration is used to infer the `critic` model configuration.
[WARNING]: The `distribution_cfg` configuration is now used to specify the output distribution for stochastic policies. Consider updating the configuration to use `distribution_cfg` instead of `stochastic`, `init_noise_std`, `noise_std_type`, and `state_dependent_std` parameters.
[INFO] Loading experiment from directory: D:\workspace\go2_g_a057_work\track_lin_vel_xy_exp_p1p2\candidate\logs\rsl_rl\quadruped

[36m======================================================================================================================[0m
[36m[1m[INFO][IsaacLab]: Logging to file: C:\Users\ADMINI~1\AppData\Local\Temp\isaaclab\logs\isaaclab_2026-09-30_20-57-36.log[0m
[36m======================================================================================================================[0m

[33m20:57:36 [simulation_context.py] WARNING: The `enable_external_forces_every_iteration` parameter in the PhysxCfg is set to False. If you are experiencing noisy velocities, consider enabling this flag. You may need to slightly increase the number of velocity iterations (setting it to 1 or 2 rather than 0), together with this flag, to improve the accuracy of velocity updates.[0m
[INFO]: Base environment:
	Environment device    : cuda:0
	Environment seed      : 101
	Physics step-size     : 0.005
	Rendering step-size   : 0.02
	Environment step-size : 0.02
[33m20:57:36 [terrain_importer.py] WARNING: Visual material specified for ground plane but no diffuse color found. Using default color: (0.0, 0.0, 0.0)[0m
[INFO]: Time taken for scene creation : 0.209370 seconds
[INFO]: Scene manager:  <class InteractiveScene>
	Number of environments: 32
	Environment spacing   : 2.5
	Source prim name      : /World/envs/env_0
	Global prim paths     : ['/World/ground']
	Replicate physics     : True
[INFO]: Starting the simulation. This may take a few seconds. Please wait...
[INFO]: Time taken for simulation start : 0.728364 seconds
[33m20:57:37 [velocity_command.py] WARNING: The velocity command has the 'ranges.heading' attribute set to '(-3.141592653589793, 3.141592653589793)' but the heading command is not active. Consider setting the flag for the heading command to True.[0m
D:\dev\Nconnect\.venv-isaaclab\Lib\site-packages\rsl_rl\utils\utils.py:220: UserWarning: The observation configuration dictionary 'obs_groups' is empty and thus likely not configured. Consider configuring the 'obs_groups' dictionary explicitly
  warnings.warn(
D:\dev\Nconnect\.venv-isaaclab\Lib\site-packages\rsl_rl\utils\utils.py:251: UserWarning: The observation configuration dictionary 'obs_groups' does not contain the 'actor' key. As an observation group with the name 'policy' was found, this is assumed to be the appropriate observation. Consider adding the 'actor' key to the 'obs_groups' dictionary for clarity. This behavior will be removed in a future version.
  warnings.warn(
D:\dev\Nconnect\.venv-isaaclab\Lib\site-packages\rsl_rl\utils\utils.py:251: UserWarning: The observation configuration dictionary 'obs_groups' does not contain the 'critic' key. As an observation group with the name 'policy' was found, this is assumed to be the appropriate observation. Consider adding the 'critic' key to the 'obs_groups' dictionary for clarity. This behavior will be removed in a future version.
  warnings.warn(
[INFO] Command Manager:  <CommandManager> contains 1 active terms.
+------------------------------------------------+
|              Active Command Terms              |
+-------+---------------+------------------------+
| Index | Name          |          Type          |
+-------+---------------+------------------------+
|   0   | base_velocity | UniformVelocityCommand |
+-------+---------------+------------------------+

[INFO] Event Manager:  <EventManager> contains 2 active terms.
+--------------------------------------+
| Active Event Terms in Mode: 'startup' |
+----------+---------------------------+
|  Index   | Name                      |
+----------+---------------------------+
|    0     | physics_material          |
|    1     | add_base_mass             |
+----------+---------------------------+
+---------------------------------------+
|  Active Event Terms in Mode: 'reset'  |
+--------+------------------------------+
| Index  | Name                         |
+--------+------------------------------+
|   0    | base_external_force_torque   |
|   1    | reset_base                   |
|   2    | reset_robot_joints           |
+--------+------------------------------+

[INFO] Recorder Manager:  <RecorderManager> contains 0 active terms.
+---------------------+
| Active Recorder Terms |
+-----------+---------+
|   Index   | Name    |
+-----------+---------+
+-----------+---------+

[INFO] Action Manager:  <ActionManager> contains 1 active terms.
+------------------------------------+
|  Active Action Terms (shape: 12)   |
+--------+-------------+-------------+
| Index  | Name        |   Dimension |
+--------+-------------+-------------+
|   0    | joint_pos   |          12 |
+--------+-------------+-------------+

[INFO] Observation Manager: <ObservationManager> contains 1 groups.
+----------------------------------------------------------+
| Active Observation Terms in Group: 'policy' (shape: (235,)) |
+-----------+--------------------------------+-------------+
|   Index   | Name                           |    Shape    |
+-----------+--------------------------------+-------------+
|     0     | base_lin_vel                   |     (3,)    |
|     1     | base_ang_vel                   |     (3,)    |
|     2     | projected_gravity              |     (3,)    |
|     3     | velocity_commands              |     (3,)    |
|     4     | joint_pos                      |    (12,)    |
|     5     | joint_vel                      |    (12,)    |
|     6     | actions                        |    (12,)    |
|     7     | height_scan                    |    (187,)   |
+-----------+--------------------------------+-------------+

[INFO] Termination Manager:  <TerminationManager> contains 2 active terms.
+---------------------------------+
|     Active Termination Terms    |
+-------+--------------+----------+
| Index | Name         | Time Out |
+-------+--------------+----------+
|   0   | time_out     |   True   |
|   1   | base_contact |  False   |
+-------+--------------+----------+

[INFO] Reward Manager:  <RewardManager> contains 10 active terms.
+-----------------------------------------+
|           Active Reward Terms           |
+-------+----------------------+----------+
| Index | Name                 |   Weight |
+-------+----------------------+----------+
|   0   | track_lin_vel_xy_exp |      1.2 |
|   1   | track_ang_vel_z_exp  |     0.75 |
|   2   | lin_vel_z_l2         |    -1.25 |
|   3   | ang_vel_xy_l2        |    -0.05 |
|   4   | dof_torques_l2       |  -0.0002 |
|   5   | dof_acc_l2           | -2.5e-07 |
|   6   | action_rate_l2       |    -0.01 |
|   7   | feet_air_time        |      0.2 |
|   8   | flat_orientation_l2  |      0.0 |
|   9   | dof_pos_limits       |      0.0 |
+-------+----------------------+----------+

[INFO] Curriculum Manager:  <CurriculumManager> contains 0 active terms.
+----------------------+
| Active Curriculum Terms |
+-----------+----------+
|   Index   | Name     |
+-----------+----------+
+-----------+----------+

[INFO]: Completed setting up the environment...
[INFO]: Loading model checkpoint from: D:\workspace\go2_g_a057_work\track_lin_vel_xy_exp_p1p2\candidate\exported\model_best.pt
--------------------------------------------------------------------------------
Resolved observation sets: 
	 actor :  ['policy']
	 critic :  ['policy']
--------------------------------------------------------------------------------
Actor Model: MLPModel(
  (obs_normalizer): Identity()
  (distribution): GaussianDistribution()
  (mlp): MLP(
    (0): Linear(in_features=235, out_features=512, bias=True)
    (1): ELU(alpha=1.0)
    (2): Linear(in_features=512, out_features=256, bias=True)
    (3): ELU(alpha=1.0)
    (4): Linear(in_features=256, out_features=128, bias=True)
    (5): ELU(alpha=1.0)
    (6): Linear(in_features=128, out_features=12, bias=True)
  )
)
Critic Model: MLPModel(
  (obs_normalizer): Identity()
  (mlp): MLP(
    (0): Linear(in_features=235, out_features=512, bias=True)
    (1): ELU(alpha=1.0)
    (2): Linear(in_features=512, out_features=256, bias=True)
    (3): ELU(alpha=1.0)
    (4): Linear(in_features=256, out_features=128, bias=True)
    (5): ELU(alpha=1.0)
    (6): Linear(in_features=128, out_features=1, bias=True)
  )
)
Loading user config located at: 'd:/dev/nconnect/.venv-isaaclab/lib/site-packages/isaacsim/kit/data/Kit/Isaac-Sim/5.1/user.config.json'
[Info] [carb] Logging to file: d:/dev/nconnect/.venv-isaaclab/lib/site-packages/isaacsim/kit/logs/Kit/Isaac-Sim/5.1/kit_20260930_205724.log
2026-09-30T11:57:25Z [510ms] [Warning] [omni.usd_config.extension] Enable omni.materialx.libs extension to use MaterialX
2026-09-30T11:57:26Z [1,746ms] [Warning] [carb] Acquiring non optional plugin interface which is not listed as dependency: [omni::physx::IPhysxBenchmarks v1.0] (plugin: <default plugin>), by client: omni.physics.physx.plugin. Add it to CARB_PLUGIN_IMPL_DEPS() macro of a client.
2026-09-30T11:57:26Z [1,770ms] [Warning] [omni.isaac.dynamic_control] omni.isaac.dynamic_control is deprecated as of Isaac Sim 4.5. No action is needed from end-users.

|---------------------------------------------------------------------------------------------|
| Driver Version: 580.88        | Graphics API: D3D12
|=============================================================================================|
| GPU | Name                             | Active | LDA | GPU Memory | Vendor-ID | LUID       |
|     |                                  |        |     |            | Device-ID | UUID       |
|     |                                  |        |     |            | Bus-ID    |            |
|---------------------------------------------------------------------------------------------|
| 0   | NVIDIA GeForce RTX 3050          | Yes: 0 |     | 6002    MB | 10de      | 233c4c5c.. |
|     |                                  |        |     |            | 2584      | 0          |
|     |                                  |        |     |            | 1         |            |
|=============================================================================================|
| OS: Windows 10 Pro, Version: 10.0 (22H2), Build: 19045, Kernel: 10.0.19041.6456
| Processor: Intel(R) Core(TM) i5-14400
| Cores: 10 | Logical Cores: 16
|---------------------------------------------------------------------------------------------|
| Total Memory (MB): 32509 | Free Memory: 18064
| Total Page/Swap (MB): 37373 | Free Page/Swap: 9550
|---------------------------------------------------------------------------------------------|
2026-09-30T11:57:32Z [7,986ms] [Warning] [gpu.foundation.plugin] PCIe link width current (8) and maximum (16) for device 0 don't match.
2026-09-30T11:57:38Z [13,077ms] [Warning] [omni.physx.fabric.plugin] FabricManager::initializePointInstancer mismatched prototypes on point instancer: /Visuals/Command/velocity_goal.
2026-09-30T11:57:38Z [13,077ms] [Warning] [omni.physx.fabric.plugin] FabricManager::initializePointInstancer mismatched prototypes on point instancer: /Visuals/Command/velocity_current.
COMMAND: /workspace/IsaacLab/isaaclab.sh -p play.py --task Quadruped-v0 --num_envs 32 --headless agent.seed=101 env.commands.base_velocity.heading_command=false env.commands.base_velocity.rel_standing_envs=0.0 env.commands.base_velocity.resampling_time_range=\[1000.0\,1000.0\] env.commands.base_velocity.ranges.lin_vel_x=\[0.50\,0.50\] env.commands.base_velocity.ranges.lin_vel_y=\[0.15\,0.15\] env.commands.base_velocity.ranges.ang_vel_z=\[0.50\,0.50\] env.scene.terrain.terrain_type=plane env.curriculum.terrain_levels=null 
[go2-eval] telemetry enabled: out=C:/Program Files/Git/workspace/_keep/go2_g_a057_track_lin_vel_xy_exp_p1p2/evaluation/candidate/cases/seed_101/combined_yaw_left steps=1000
[INFO][AppLauncher]: Using device: cuda:0
[INFO][AppLauncher]: Loading experience file: D:\dev\Nconnect\IsaacLab\apps\isaaclab.python.headless.kit
[INFO]: Parsing configuration from: go2_task.env_cfg:QuadrupedRoughEnvCfg
[Quadruped:student] 6 reward 항목 로드
  [OK] track_lin_vel_xy_exp.weight = 1.2
  [OK] feet_air_time.weight = 0.2
  [OK] lin_vel_z_l2.weight = -1.25
  [OK] ang_vel_xy_l2.weight = -0.05
  [OK] action_rate_l2.weight = -0.01
  [OK] flat_orientation_l2.weight = 0.0
[Quadruped:student] terrain override - boxes ≤0.15m
[INFO]: Parsing configuration from: go2_task.agent_cfg:QuadrupedPPORunnerCfg
[WARNING]: The `policy` configuration is deprecated for rsl-rl >= 4.0.0. Please use, e.g., `actor` and `critic` model configurations instead.
[WARNING]: The `empirical_normalization` parameter is deprecated. Please set `actor_obs_normalization` and `critic_obs_normalization` as part of the `policy` configuration instead.
[WARNING]: The `policy` configuration is used to infer the `actor` model configuration.
[WARNING]: The `policy` configuration is used to infer the `critic` model configuration.
[WARNING]: The `distribution_cfg` configuration is now used to specify the output distribution for stochastic policies. Consider updating the configuration to use `distribution_cfg` instead of `stochastic`, `init_noise_std`, `noise_std_type`, and `state_dependent_std` parameters.
[INFO] Loading experiment from directory: D:\workspace\go2_g_a057_work\track_lin_vel_xy_exp_p1p2\candidate\logs\rsl_rl\quadruped

[36m======================================================================================================================[0m
[36m[1m[INFO][IsaacLab]: Logging to file: C:\Users\ADMINI~1\AppData\Local\Temp\isaaclab\logs\isaaclab_2026-09-30_20-58-26.log[0m
[36m======================================================================================================================[0m

[33m20:58:26 [simulation_context.py] WARNING: The `enable_external_forces_every_iteration` parameter in the PhysxCfg is set to False. If you are experiencing noisy velocities, consider enabling this flag. You may need to slightly increase the number of velocity iterations (setting it to 1 or 2 rather than 0), together with this flag, to improve the accuracy of velocity updates.[0m
[INFO]: Base environment:
	Environment device    : cuda:0
	Environment seed      : 101
	Physics step-size     : 0.005
	Rendering step-size   : 0.02
	Environment step-size : 0.02
[33m20:58:26 [terrain_importer.py] WARNING: Visual material specified for ground plane but no diffuse color found. Using default color: (0.0, 0.0, 0.0)[0m
[INFO]: Time taken for scene creation : 0.210132 seconds
[INFO]: Scene manager:  <class InteractiveScene>
	Number of environments: 32
	Environment spacing   : 2.5
	Source prim name      : /World/envs/env_0
	Global prim paths     : ['/World/ground']
	Replicate physics     : True
[INFO]: Starting the simulation. This may take a few seconds. Please wait...
[INFO]: Time taken for simulation start : 0.670426 seconds
[33m20:58:27 [velocity_command.py] WARNING: The velocity command has the 'ranges.heading' attribute set to '(-3.141592653589793, 3.141592653589793)' but the heading command is not active. Consider setting the flag for the heading command to True.[0m
D:\dev\Nconnect\.venv-isaaclab\Lib\site-packages\rsl_rl\utils\utils.py:220: UserWarning: The observation configuration dictionary 'obs_groups' is empty and thus likely not configured. Consider configuring the 'obs_groups' dictionary explicitly
  warnings.warn(
D:\dev\Nconnect\.venv-isaaclab\Lib\site-packages\rsl_rl\utils\utils.py:251: UserWarning: The observation configuration dictionary 'obs_groups' does not contain the 'actor' key. As an observation group with the name 'policy' was found, this is assumed to be the appropriate observation. Consider adding the 'actor' key to the 'obs_groups' dictionary for clarity. This behavior will be removed in a future version.
  warnings.warn(
D:\dev\Nconnect\.venv-isaaclab\Lib\site-packages\rsl_rl\utils\utils.py:251: UserWarning: The observation configuration dictionary 'obs_groups' does not contain the 'critic' key. As an observation group with the name 'policy' was found, this is assumed to be the appropriate observation. Consider adding the 'critic' key to the 'obs_groups' dictionary for clarity. This behavior will be removed in a future version.
  warnings.warn(
[INFO] Command Manager:  <CommandManager> contains 1 active terms.
+------------------------------------------------+
|              Active Command Terms              |
+-------+---------------+------------------------+
| Index | Name          |          Type          |
+-------+---------------+------------------------+
|   0   | base_velocity | UniformVelocityCommand |
+-------+---------------+------------------------+

[INFO] Event Manager:  <EventManager> contains 2 active terms.
+--------------------------------------+
| Active Event Terms in Mode: 'startup' |
+----------+---------------------------+
|  Index   | Name                      |
+----------+---------------------------+
|    0     | physics_material          |
|    1     | add_base_mass             |
+----------+---------------------------+
+---------------------------------------+
|  Active Event Terms in Mode: 'reset'  |
+--------+------------------------------+
| Index  | Name                         |
+--------+------------------------------+
|   0    | base_external_force_torque   |
|   1    | reset_base                   |
|   2    | reset_robot_joints           |
+--------+------------------------------+

[INFO] Recorder Manager:  <RecorderManager> contains 0 active terms.
+---------------------+
| Active Recorder Terms |
+-----------+---------+
|   Index   | Name    |
+-----------+---------+
+-----------+---------+

[INFO] Action Manager:  <ActionManager> contains 1 active terms.
+------------------------------------+
|  Active Action Terms (shape: 12)   |
+--------+-------------+-------------+
| Index  | Name        |   Dimension |
+--------+-------------+-------------+
|   0    | joint_pos   |          12 |
+--------+-------------+-------------+

[INFO] Observation Manager: <ObservationManager> contains 1 groups.
+----------------------------------------------------------+
| Active Observation Terms in Group: 'policy' (shape: (235,)) |
+-----------+--------------------------------+-------------+
|   Index   | Name                           |    Shape    |
+-----------+--------------------------------+-------------+
|     0     | base_lin_vel                   |     (3,)    |
|     1     | base_ang_vel                   |     (3,)    |
|     2     | projected_gravity              |     (3,)    |
|     3     | velocity_commands              |     (3,)    |
|     4     | joint_pos                      |    (12,)    |
|     5     | joint_vel                      |    (12,)    |
|     6     | actions                        |    (12,)    |
|     7     | height_scan                    |    (187,)   |
+-----------+--------------------------------+-------------+

[INFO] Termination Manager:  <TerminationManager> contains 2 active terms.
+---------------------------------+
|     Active Termination Terms    |
+-------+--------------+----------+
| Index | Name         | Time Out |
+-------+--------------+----------+
|   0   | time_out     |   True   |
|   1   | base_contact |  False   |
+-------+--------------+----------+

[INFO] Reward Manager:  <RewardManager> contains 10 active terms.
+-----------------------------------------+
|           Active Reward Terms           |
+-------+----------------------+----------+
| Index | Name                 |   Weight |
+-------+----------------------+----------+
|   0   | track_lin_vel_xy_exp |      1.2 |
|   1   | track_ang_vel_z_exp  |     0.75 |
|   2   | lin_vel_z_l2         |    -1.25 |
|   3   | ang_vel_xy_l2        |    -0.05 |
|   4   | dof_torques_l2       |  -0.0002 |
|   5   | dof_acc_l2           | -2.5e-07 |
|   6   | action_rate_l2       |    -0.01 |
|   7   | feet_air_time        |      0.2 |
|   8   | flat_orientation_l2  |      0.0 |
|   9   | dof_pos_limits       |      0.0 |
+-------+----------------------+----------+

[INFO] Curriculum Manager:  <CurriculumManager> contains 0 active terms.
+----------------------+
| Active Curriculum Terms |
+-----------+----------+
|   Index   | Name     |
+-----------+----------+
+-----------+----------+

[INFO]: Completed setting up the environment...
[INFO]: Loading model checkpoint from: D:\workspace\go2_g_a057_work\track_lin_vel_xy_exp_p1p2\candidate\exported\model_best.pt
--------------------------------------------------------------------------------
Resolved observation sets: 
	 actor :  ['policy']
	 critic :  ['policy']
--------------------------------------------------------------------------------
Actor Model: MLPModel(
  (obs_normalizer): Identity()
  (distribution): GaussianDistribution()
  (mlp): MLP(
    (0): Linear(in_features=235, out_features=512, bias=True)
    (1): ELU(alpha=1.0)
    (2): Linear(in_features=512, out_features=256, bias=True)
    (3): ELU(alpha=1.0)
    (4): Linear(in_features=256, out_features=128, bias=True)
    (5): ELU(alpha=1.0)
    (6): Linear(in_features=128, out_features=12, bias=True)
  )
)
Critic Model: MLPModel(
  (obs_normalizer): Identity()
  (mlp): MLP(
    (0): Linear(in_features=235, out_features=512, bias=True)
    (1): ELU(alpha=1.0)
    (2): Linear(in_features=512, out_features=256, bias=True)
    (3): ELU(alpha=1.0)
    (4): Linear(in_features=256, out_features=128, bias=True)
    (5): ELU(alpha=1.0)
    (6): Linear(in_features=128, out_features=1, bias=True)
  )
)
Loading user config located at: 'd:/dev/nconnect/.venv-isaaclab/lib/site-packages/isaacsim/kit/data/Kit/Isaac-Sim/5.1/user.config.json'
[Info] [carb] Logging to file: d:/dev/nconnect/.venv-isaaclab/lib/site-packages/isaacsim/kit/logs/Kit/Isaac-Sim/5.1/kit_20260930_205815.log
2026-09-30T11:58:15Z [531ms] [Warning] [omni.usd_config.extension] Enable omni.materialx.libs extension to use MaterialX
2026-09-30T11:58:17Z [1,772ms] [Warning] [carb] Acquiring non optional plugin interface which is not listed as dependency: [omni::physx::IPhysxBenchmarks v1.0] (plugin: <default plugin>), by client: omni.physics.physx.plugin. Add it to CARB_PLUGIN_IMPL_DEPS() macro of a client.
2026-09-30T11:58:17Z [1,793ms] [Warning] [omni.isaac.dynamic_control] omni.isaac.dynamic_control is deprecated as of Isaac Sim 4.5. No action is needed from end-users.

|---------------------------------------------------------------------------------------------|
| Driver Version: 580.88        | Graphics API: D3D12
|=============================================================================================|
| GPU | Name                             | Active | LDA | GPU Memory | Vendor-ID | LUID       |
|     |                                  |        |     |            | Device-ID | UUID       |
|     |                                  |        |     |            | Bus-ID    |            |
|---------------------------------------------------------------------------------------------|
| 0   | NVIDIA GeForce RTX 3050          | Yes: 0 |     | 6002    MB | 10de      | 233c4c5c.. |
|     |                                  |        |     |            | 2584      | 0          |
|     |                                  |        |     |            | 1         |            |
|=============================================================================================|
| OS: Windows 10 Pro, Version: 10.0 (22H2), Build: 19045, Kernel: 10.0.19041.6456
| Processor: Intel(R) Core(TM) i5-14400
| Cores: 10 | Logical Cores: 16
|---------------------------------------------------------------------------------------------|
| Total Memory (MB): 32509 | Free Memory: 18728
| Total Page/Swap (MB): 37373 | Free Page/Swap: 12383
|---------------------------------------------------------------------------------------------|
2026-09-30T11:58:22Z [7,447ms] [Warning] [gpu.foundation.plugin] PCIe link width current (8) and maximum (16) for device 0 don't match.
2026-09-30T11:58:27Z [12,430ms] [Warning] [omni.physx.fabric.plugin] FabricManager::initializePointInstancer mismatched prototypes on point instancer: /Visuals/Command/velocity_goal.
2026-09-30T11:58:27Z [12,430ms] [Warning] [omni.physx.fabric.plugin] FabricManager::initializePointInstancer mismatched prototypes on point instancer: /Visuals/Command/velocity_current.
COMMAND: /workspace/IsaacLab/isaaclab.sh -p play.py --task Quadruped-v0 --num_envs 32 --headless agent.seed=101 env.commands.base_velocity.heading_command=false env.commands.base_velocity.rel_standing_envs=0.0 env.commands.base_velocity.resampling_time_range=\[1000.0\,1000.0\] env.commands.base_velocity.ranges.lin_vel_x=\[0.50\,0.50\] env.commands.base_velocity.ranges.lin_vel_y=\[-0.15\,-0.15\] env.commands.base_velocity.ranges.ang_vel_z=\[-0.50\,-0.50\] env.scene.terrain.terrain_type=plane env.curriculum.terrain_levels=null 
[go2-eval] telemetry enabled: out=C:/Program Files/Git/workspace/_keep/go2_g_a057_track_lin_vel_xy_exp_p1p2/evaluation/candidate/cases/seed_101/combined_yaw_right steps=1000
[INFO][AppLauncher]: Using device: cuda:0
[INFO][AppLauncher]: Loading experience file: D:\dev\Nconnect\IsaacLab\apps\isaaclab.python.headless.kit
[INFO]: Parsing configuration from: go2_task.env_cfg:QuadrupedRoughEnvCfg
[Quadruped:student] 6 reward 항목 로드
  [OK] track_lin_vel_xy_exp.weight = 1.2
  [OK] feet_air_time.weight = 0.2
  [OK] lin_vel_z_l2.weight = -1.25
  [OK] ang_vel_xy_l2.weight = -0.05
  [OK] action_rate_l2.weight = -0.01
  [OK] flat_orientation_l2.weight = 0.0
[Quadruped:student] terrain override - boxes ≤0.15m
[INFO]: Parsing configuration from: go2_task.agent_cfg:QuadrupedPPORunnerCfg
[WARNING]: The `policy` configuration is deprecated for rsl-rl >= 4.0.0. Please use, e.g., `actor` and `critic` model configurations instead.
[WARNING]: The `empirical_normalization` parameter is deprecated. Please set `actor_obs_normalization` and `critic_obs_normalization` as part of the `policy` configuration instead.
[WARNING]: The `policy` configuration is used to infer the `actor` model configuration.
[WARNING]: The `policy` configuration is used to infer the `critic` model configuration.
[WARNING]: The `distribution_cfg` configuration is now used to specify the output distribution for stochastic policies. Consider updating the configuration to use `distribution_cfg` instead of `stochastic`, `init_noise_std`, `noise_std_type`, and `state_dependent_std` parameters.
[INFO] Loading experiment from directory: D:\workspace\go2_g_a057_work\track_lin_vel_xy_exp_p1p2\candidate\logs\rsl_rl\quadruped

[36m======================================================================================================================[0m
[36m[1m[INFO][IsaacLab]: Logging to file: C:\Users\ADMINI~1\AppData\Local\Temp\isaaclab\logs\isaaclab_2026-09-30_20-59-13.log[0m
[36m======================================================================================================================[0m

[33m20:59:13 [simulation_context.py] WARNING: The `enable_external_forces_every_iteration` parameter in the PhysxCfg is set to False. If you are experiencing noisy velocities, consider enabling this flag. You may need to slightly increase the number of velocity iterations (setting it to 1 or 2 rather than 0), together with this flag, to improve the accuracy of velocity updates.[0m
[INFO]: Base environment:
	Environment device    : cuda:0
	Environment seed      : 101
	Physics step-size     : 0.005
	Rendering step-size   : 0.02
	Environment step-size : 0.02
[33m20:59:13 [terrain_importer.py] WARNING: Visual material specified for ground plane but no diffuse color found. Using default color: (0.0, 0.0, 0.0)[0m
[INFO]: Time taken for scene creation : 0.209140 seconds
[INFO]: Scene manager:  <class InteractiveScene>
	Number of environments: 32
	Environment spacing   : 2.5
	Source prim name      : /World/envs/env_0
	Global prim paths     : ['/World/ground']
	Replicate physics     : True
[INFO]: Starting the simulation. This may take a few seconds. Please wait...
[INFO]: Time taken for simulation start : 0.652336 seconds
[33m20:59:14 [velocity_command.py] WARNING: The velocity command has the 'ranges.heading' attribute set to '(-3.141592653589793, 3.141592653589793)' but the heading command is not active. Consider setting the flag for the heading command to True.[0m
D:\dev\Nconnect\.venv-isaaclab\Lib\site-packages\rsl_rl\utils\utils.py:220: UserWarning: The observation configuration dictionary 'obs_groups' is empty and thus likely not configured. Consider configuring the 'obs_groups' dictionary explicitly
  warnings.warn(
D:\dev\Nconnect\.venv-isaaclab\Lib\site-packages\rsl_rl\utils\utils.py:251: UserWarning: The observation configuration dictionary 'obs_groups' does not contain the 'actor' key. As an observation group with the name 'policy' was found, this is assumed to be the appropriate observation. Consider adding the 'actor' key to the 'obs_groups' dictionary for clarity. This behavior will be removed in a future version.
  warnings.warn(
D:\dev\Nconnect\.venv-isaaclab\Lib\site-packages\rsl_rl\utils\utils.py:251: UserWarning: The observation configuration dictionary 'obs_groups' does not contain the 'critic' key. As an observation group with the name 'policy' was found, this is assumed to be the appropriate observation. Consider adding the 'critic' key to the 'obs_groups' dictionary for clarity. This behavior will be removed in a future version.
  warnings.warn(
[INFO] Command Manager:  <CommandManager> contains 1 active terms.
+------------------------------------------------+
|              Active Command Terms              |
+-------+---------------+------------------------+
| Index | Name          |          Type          |
+-------+---------------+------------------------+
|   0   | base_velocity | UniformVelocityCommand |
+-------+---------------+------------------------+

[INFO] Event Manager:  <EventManager> contains 2 active terms.
+--------------------------------------+
| Active Event Terms in Mode: 'startup' |
+----------+---------------------------+
|  Index   | Name                      |
+----------+---------------------------+
|    0     | physics_material          |
|    1     | add_base_mass             |
+----------+---------------------------+
+---------------------------------------+
|  Active Event Terms in Mode: 'reset'  |
+--------+------------------------------+
| Index  | Name                         |
+--------+------------------------------+
|   0    | base_external_force_torque   |
|   1    | reset_base                   |
|   2    | reset_robot_joints           |
+--------+------------------------------+

[INFO] Recorder Manager:  <RecorderManager> contains 0 active terms.
+---------------------+
| Active Recorder Terms |
+-----------+---------+
|   Index   | Name    |
+-----------+---------+
+-----------+---------+

[INFO] Action Manager:  <ActionManager> contains 1 active terms.
+------------------------------------+
|  Active Action Terms (shape: 12)   |
+--------+-------------+-------------+
| Index  | Name        |   Dimension |
+--------+-------------+-------------+
|   0    | joint_pos   |          12 |
+--------+-------------+-------------+

[INFO] Observation Manager: <ObservationManager> contains 1 groups.
+----------------------------------------------------------+
| Active Observation Terms in Group: 'policy' (shape: (235,)) |
+-----------+--------------------------------+-------------+
|   Index   | Name                           |    Shape    |
+-----------+--------------------------------+-------------+
|     0     | base_lin_vel                   |     (3,)    |
|     1     | base_ang_vel                   |     (3,)    |
|     2     | projected_gravity              |     (3,)    |
|     3     | velocity_commands              |     (3,)    |
|     4     | joint_pos                      |    (12,)    |
|     5     | joint_vel                      |    (12,)    |
|     6     | actions                        |    (12,)    |
|     7     | height_scan                    |    (187,)   |
+-----------+--------------------------------+-------------+

[INFO] Termination Manager:  <TerminationManager> contains 2 active terms.
+---------------------------------+
|     Active Termination Terms    |
+-------+--------------+----------+
| Index | Name         | Time Out |
+-------+--------------+----------+
|   0   | time_out     |   True   |
|   1   | base_contact |  False   |
+-------+--------------+----------+

[INFO] Reward Manager:  <RewardManager> contains 10 active terms.
+-----------------------------------------+
|           Active Reward Terms           |
+-------+----------------------+----------+
| Index | Name                 |   Weight |
+-------+----------------------+----------+
|   0   | track_lin_vel_xy_exp |      1.2 |
|   1   | track_ang_vel_z_exp  |     0.75 |
|   2   | lin_vel_z_l2         |    -1.25 |
|   3   | ang_vel_xy_l2        |    -0.05 |
|   4   | dof_torques_l2       |  -0.0002 |
|   5   | dof_acc_l2           | -2.5e-07 |
|   6   | action_rate_l2       |    -0.01 |
|   7   | feet_air_time        |      0.2 |
|   8   | flat_orientation_l2  |      0.0 |
|   9   | dof_pos_limits       |      0.0 |
+-------+----------------------+----------+

[INFO] Curriculum Manager:  <CurriculumManager> contains 0 active terms.
+----------------------+
| Active Curriculum Terms |
+-----------+----------+
|   Index   | Name     |
+-----------+----------+
+-----------+----------+

[INFO]: Completed setting up the environment...
[INFO]: Loading model checkpoint from: D:\workspace\go2_g_a057_work\track_lin_vel_xy_exp_p1p2\candidate\exported\model_best.pt
--------------------------------------------------------------------------------
Resolved observation sets: 
	 actor :  ['policy']
	 critic :  ['policy']
--------------------------------------------------------------------------------
Actor Model: MLPModel(
  (obs_normalizer): Identity()
  (distribution): GaussianDistribution()
  (mlp): MLP(
    (0): Linear(in_features=235, out_features=512, bias=True)
    (1): ELU(alpha=1.0)
    (2): Linear(in_features=512, out_features=256, bias=True)
    (3): ELU(alpha=1.0)
    (4): Linear(in_features=256, out_features=128, bias=True)
    (5): ELU(alpha=1.0)
    (6): Linear(in_features=128, out_features=12, bias=True)
  )
)
Critic Model: MLPModel(
  (obs_normalizer): Identity()
  (mlp): MLP(
    (0): Linear(in_features=235, out_features=512, bias=True)
    (1): ELU(alpha=1.0)
    (2): Linear(in_features=512, out_features=256, bias=True)
    (3): ELU(alpha=1.0)
    (4): Linear(in_features=256, out_features=128, bias=True)
    (5): ELU(alpha=1.0)
    (6): Linear(in_features=128, out_features=1, bias=True)
  )
)
Loading user config located at: 'd:/dev/nconnect/.venv-isaaclab/lib/site-packages/isaacsim/kit/data/Kit/Isaac-Sim/5.1/user.config.json'
[Info] [carb] Logging to file: d:/dev/nconnect/.venv-isaaclab/lib/site-packages/isaacsim/kit/logs/Kit/Isaac-Sim/5.1/kit_20260930_205902.log
2026-09-30T11:59:03Z [496ms] [Warning] [omni.usd_config.extension] Enable omni.materialx.libs extension to use MaterialX
2026-09-30T11:59:04Z [1,633ms] [Warning] [carb] Acquiring non optional plugin interface which is not listed as dependency: [omni::physx::IPhysxBenchmarks v1.0] (plugin: <default plugin>), by client: omni.physics.physx.plugin. Add it to CARB_PLUGIN_IMPL_DEPS() macro of a client.
2026-09-30T11:59:04Z [1,657ms] [Warning] [omni.isaac.dynamic_control] omni.isaac.dynamic_control is deprecated as of Isaac Sim 4.5. No action is needed from end-users.

|---------------------------------------------------------------------------------------------|
| Driver Version: 580.88        | Graphics API: D3D12
|=============================================================================================|
| GPU | Name                             | Active | LDA | GPU Memory | Vendor-ID | LUID       |
|     |                                  |        |     |            | Device-ID | UUID       |
|     |                                  |        |     |            | Bus-ID    |            |
|---------------------------------------------------------------------------------------------|
| 0   | NVIDIA GeForce RTX 3050          | Yes: 0 |     | 6002    MB | 10de      | 233c4c5c.. |
|     |                                  |        |     |            | 2584      | 0          |
|     |                                  |        |     |            | 1         |            |
|=============================================================================================|
| OS: Windows 10 Pro, Version: 10.0 (22H2), Build: 19045, Kernel: 10.0.19041.6456
| Processor: Intel(R) Core(TM) i5-14400
| Cores: 10 | Logical Cores: 16
|---------------------------------------------------------------------------------------------|
| Total Memory (MB): 32509 | Free Memory: 18680
| Total Page/Swap (MB): 37373 | Free Page/Swap: 12346
|---------------------------------------------------------------------------------------------|
2026-09-30T11:59:10Z [7,220ms] [Warning] [gpu.foundation.plugin] PCIe link width current (8) and maximum (16) for device 0 don't match.
2026-09-30T11:59:14Z [11,902ms] [Warning] [omni.physx.fabric.plugin] FabricManager::initializePointInstancer mismatched prototypes on point instancer: /Visuals/Command/velocity_goal.
2026-09-30T11:59:14Z [11,902ms] [Warning] [omni.physx.fabric.plugin] FabricManager::initializePointInstancer mismatched prototypes on point instancer: /Visuals/Command/velocity_current.
COMMAND: /workspace/IsaacLab/isaaclab.sh -p play.py --task Quadruped-v0 --num_envs 32 --headless agent.seed=101 env.commands.base_velocity.heading_command=false env.commands.base_velocity.rel_standing_envs=0.0 env.commands.base_velocity.resampling_time_range=\[1000.0\,1000.0\] env.commands.base_velocity.ranges.lin_vel_x=\[0.50\,0.50\] env.commands.base_velocity.ranges.lin_vel_y=\[0\,0\] env.commands.base_velocity.ranges.ang_vel_z=\[0\,0\] env.scene.terrain.terrain_type=generator env.curriculum.terrain_levels=null env.scene.terrain.terrain_generator.curriculum=false env.scene.terrain.terrain_generator.num_rows=1 env.scene.terrain.terrain_generator.num_cols=4 env.scene.terrain.terrain_generator.difficulty_range=\[1.0\,1.0\] env.scene.terrain.max_init_terrain_level=0 env.scene.terrain.terrain_generator.sub_terrains.pyramid_stairs.proportion=0.0 env.scene.terrain.terrain_generator.sub_terrains.pyramid_stairs_inv.proportion=0.0 env.scene.terrain.terrain_generator.sub_terrains.boxes.proportion=0.0 env.scene.terrain.terrain_generator.sub_terrains.random_rough.proportion=0.0 env.scene.terrain.terrain_generator.sub_terrains.hf_pyramid_slope.proportion=0.0 env.scene.terrain.terrain_generator.sub_terrains.hf_pyramid_slope_inv.proportion=0.0 env.scene.terrain.terrain_generator.sub_terrains.random_rough.proportion=1.0 env.scene.terrain.terrain_generator.sub_terrains.random_rough.noise_range=\[0.02\,0.10\] 
[go2-eval] telemetry enabled: out=C:/Program Files/Git/workspace/_keep/go2_g_a057_track_lin_vel_xy_exp_p1p2/evaluation/candidate/cases/seed_101/rough_forward steps=1000
[INFO][AppLauncher]: Using device: cuda:0
[INFO][AppLauncher]: Loading experience file: D:\dev\Nconnect\IsaacLab\apps\isaaclab.python.headless.kit
[INFO]: Parsing configuration from: go2_task.env_cfg:QuadrupedRoughEnvCfg
[Quadruped:student] 6 reward 항목 로드
  [OK] track_lin_vel_xy_exp.weight = 1.2
  [OK] feet_air_time.weight = 0.2
  [OK] lin_vel_z_l2.weight = -1.25
  [OK] ang_vel_xy_l2.weight = -0.05
  [OK] action_rate_l2.weight = -0.01
  [OK] flat_orientation_l2.weight = 0.0
[Quadruped:student] terrain override - boxes ≤0.15m
[INFO]: Parsing configuration from: go2_task.agent_cfg:QuadrupedPPORunnerCfg
[WARNING]: The `policy` configuration is deprecated for rsl-rl >= 4.0.0. Please use, e.g., `actor` and `critic` model configurations instead.
[WARNING]: The `empirical_normalization` parameter is deprecated. Please set `actor_obs_normalization` and `critic_obs_normalization` as part of the `policy` configuration instead.
[WARNING]: The `policy` configuration is used to infer the `actor` model configuration.
[WARNING]: The `policy` configuration is used to infer the `critic` model configuration.
[WARNING]: The `distribution_cfg` configuration is now used to specify the output distribution for stochastic policies. Consider updating the configuration to use `distribution_cfg` instead of `stochastic`, `init_noise_std`, `noise_std_type`, and `state_dependent_std` parameters.
[INFO] Loading experiment from directory: D:\workspace\go2_g_a057_work\track_lin_vel_xy_exp_p1p2\candidate\logs\rsl_rl\quadruped

[36m======================================================================================================================[0m
[36m[1m[INFO][IsaacLab]: Logging to file: C:\Users\ADMINI~1\AppData\Local\Temp\isaaclab\logs\isaaclab_2026-09-30_21-00-00.log[0m
[36m======================================================================================================================[0m

[33m21:00:00 [simulation_context.py] WARNING: The `enable_external_forces_every_iteration` parameter in the PhysxCfg is set to False. If you are experiencing noisy velocities, consider enabling this flag. You may need to slightly increase the number of velocity iterations (setting it to 1 or 2 rather than 0), together with this flag, to improve the accuracy of velocity updates.[0m
[INFO]: Base environment:
	Environment device    : cuda:0
	Environment seed      : 101
	Physics step-size     : 0.005
	Rendering step-size   : 0.02
	Environment step-size : 0.02
[INFO] Generating terrains randomly took : 0.294014 seconds
[INFO]: Time taken for scene creation : 0.523955 seconds
[INFO]: Scene manager:  <class InteractiveScene>
	Number of environments: 32
	Environment spacing   : 2.5
	Source prim name      : /World/envs/env_0
	Global prim paths     : ['/World/ground']
	Replicate physics     : True
[INFO]: Starting the simulation. This may take a few seconds. Please wait...
[INFO]: Time taken for simulation start : 0.853016 seconds
[33m21:00:02 [velocity_command.py] WARNING: The velocity command has the 'ranges.heading' attribute set to '(-3.141592653589793, 3.141592653589793)' but the heading command is not active. Consider setting the flag for the heading command to True.[0m
D:\dev\Nconnect\.venv-isaaclab\Lib\site-packages\rsl_rl\utils\utils.py:220: UserWarning: The observation configuration dictionary 'obs_groups' is empty and thus likely not configured. Consider configuring the 'obs_groups' dictionary explicitly
  warnings.warn(
D:\dev\Nconnect\.venv-isaaclab\Lib\site-packages\rsl_rl\utils\utils.py:251: UserWarning: The observation configuration dictionary 'obs_groups' does not contain the 'actor' key. As an observation group with the name 'policy' was found, this is assumed to be the appropriate observation. Consider adding the 'actor' key to the 'obs_groups' dictionary for clarity. This behavior will be removed in a future version.
  warnings.warn(
D:\dev\Nconnect\.venv-isaaclab\Lib\site-packages\rsl_rl\utils\utils.py:251: UserWarning: The observation configuration dictionary 'obs_groups' does not contain the 'critic' key. As an observation group with the name 'policy' was found, this is assumed to be the appropriate observation. Consider adding the 'critic' key to the 'obs_groups' dictionary for clarity. This behavior will be removed in a future version.
  warnings.warn(
[INFO] Command Manager:  <CommandManager> contains 1 active terms.
+------------------------------------------------+
|              Active Command Terms              |
+-------+---------------+------------------------+
| Index | Name          |          Type          |
+-------+---------------+------------------------+
|   0   | base_velocity | UniformVelocityCommand |
+-------+---------------+------------------------+

[INFO] Event Manager:  <EventManager> contains 2 active terms.
+--------------------------------------+
| Active Event Terms in Mode: 'startup' |
+----------+---------------------------+
|  Index   | Name                      |
+----------+---------------------------+
|    0     | physics_material          |
|    1     | add_base_mass             |
+----------+---------------------------+
+---------------------------------------+
|  Active Event Terms in Mode: 'reset'  |
+--------+------------------------------+
| Index  | Name                         |
+--------+------------------------------+
|   0    | base_external_force_torque   |
|   1    | reset_base                   |
|   2    | reset_robot_joints           |
+--------+------------------------------+

[INFO] Recorder Manager:  <RecorderManager> contains 0 active terms.
+---------------------+
| Active Recorder Terms |
+-----------+---------+
|   Index   | Name    |
+-----------+---------+
+-----------+---------+

[INFO] Action Manager:  <ActionManager> contains 1 active terms.
+------------------------------------+
|  Active Action Terms (shape: 12)   |
+--------+-------------+-------------+
| Index  | Name        |   Dimension |
+--------+-------------+-------------+
|   0    | joint_pos   |          12 |
+--------+-------------+-------------+

[INFO] Observation Manager: <ObservationManager> contains 1 groups.
+----------------------------------------------------------+
| Active Observation Terms in Group: 'policy' (shape: (235,)) |
+-----------+--------------------------------+-------------+
|   Index   | Name                           |    Shape    |
+-----------+--------------------------------+-------------+
|     0     | base_lin_vel                   |     (3,)    |
|     1     | base_ang_vel                   |     (3,)    |
|     2     | projected_gravity              |     (3,)    |
|     3     | velocity_commands              |     (3,)    |
|     4     | joint_pos                      |    (12,)    |
|     5     | joint_vel                      |    (12,)    |
|     6     | actions                        |    (12,)    |
|     7     | height_scan                    |    (187,)   |
+-----------+--------------------------------+-------------+

[INFO] Termination Manager:  <TerminationManager> contains 2 active terms.
+---------------------------------+
|     Active Termination Terms    |
+-------+--------------+----------+
| Index | Name         | Time Out |
+-------+--------------+----------+
|   0   | time_out     |   True   |
|   1   | base_contact |  False   |
+-------+--------------+----------+

[INFO] Reward Manager:  <RewardManager> contains 10 active terms.
+-----------------------------------------+
|           Active Reward Terms           |
+-------+----------------------+----------+
| Index | Name                 |   Weight |
+-------+----------------------+----------+
|   0   | track_lin_vel_xy_exp |      1.2 |
|   1   | track_ang_vel_z_exp  |     0.75 |
|   2   | lin_vel_z_l2         |    -1.25 |
|   3   | ang_vel_xy_l2        |    -0.05 |
|   4   | dof_torques_l2       |  -0.0002 |
|   5   | dof_acc_l2           | -2.5e-07 |
|   6   | action_rate_l2       |    -0.01 |
|   7   | feet_air_time        |      0.2 |
|   8   | flat_orientation_l2  |      0.0 |
|   9   | dof_pos_limits       |      0.0 |
+-------+----------------------+----------+

[INFO] Curriculum Manager:  <CurriculumManager> contains 0 active terms.
+----------------------+
| Active Curriculum Terms |
+-----------+----------+
|   Index   | Name     |
+-----------+----------+
+-----------+----------+

[INFO]: Completed setting up the environment...
[INFO]: Loading model checkpoint from: D:\workspace\go2_g_a057_work\track_lin_vel_xy_exp_p1p2\candidate\exported\model_best.pt
--------------------------------------------------------------------------------
Resolved observation sets: 
	 actor :  ['policy']
	 critic :  ['policy']
--------------------------------------------------------------------------------
Actor Model: MLPModel(
  (obs_normalizer): Identity()
  (distribution): GaussianDistribution()
  (mlp): MLP(
    (0): Linear(in_features=235, out_features=512, bias=True)
    (1): ELU(alpha=1.0)
    (2): Linear(in_features=512, out_features=256, bias=True)
    (3): ELU(alpha=1.0)
    (4): Linear(in_features=256, out_features=128, bias=True)
    (5): ELU(alpha=1.0)
    (6): Linear(in_features=128, out_features=12, bias=True)
  )
)
Critic Model: MLPModel(
  (obs_normalizer): Identity()
  (mlp): MLP(
    (0): Linear(in_features=235, out_features=512, bias=True)
    (1): ELU(alpha=1.0)
    (2): Linear(in_features=512, out_features=256, bias=True)
    (3): ELU(alpha=1.0)
    (4): Linear(in_features=256, out_features=128, bias=True)
    (5): ELU(alpha=1.0)
    (6): Linear(in_features=128, out_features=1, bias=True)
  )
)
Loading user config located at: 'd:/dev/nconnect/.venv-isaaclab/lib/site-packages/isaacsim/kit/data/Kit/Isaac-Sim/5.1/user.config.json'
[Info] [carb] Logging to file: d:/dev/nconnect/.venv-isaaclab/lib/site-packages/isaacsim/kit/logs/Kit/Isaac-Sim/5.1/kit_20260930_205950.log
2026-09-30T11:59:50Z [479ms] [Warning] [omni.usd_config.extension] Enable omni.materialx.libs extension to use MaterialX
2026-09-30T11:59:52Z [1,583ms] [Warning] [carb] Acquiring non optional plugin interface which is not listed as dependency: [omni::physx::IPhysxBenchmarks v1.0] (plugin: <default plugin>), by client: omni.physics.physx.plugin. Add it to CARB_PLUGIN_IMPL_DEPS() macro of a client.
2026-09-30T11:59:52Z [1,604ms] [Warning] [omni.isaac.dynamic_control] omni.isaac.dynamic_control is deprecated as of Isaac Sim 4.5. No action is needed from end-users.

|---------------------------------------------------------------------------------------------|
| Driver Version: 580.88        | Graphics API: D3D12
|=============================================================================================|
| GPU | Name                             | Active | LDA | GPU Memory | Vendor-ID | LUID       |
|     |                                  |        |     |            | Device-ID | UUID       |
|     |                                  |        |     |            | Bus-ID    |            |
|---------------------------------------------------------------------------------------------|
| 0   | NVIDIA GeForce RTX 3050          | Yes: 0 |     | 6002    MB | 10de      | 233c4c5c.. |
|     |                                  |        |     |            | 2584      | 0          |
|     |                                  |        |     |            | 1         |            |
|=============================================================================================|
| OS: Windows 10 Pro, Version: 10.0 (22H2), Build: 19045, Kernel: 10.0.19041.6456
| Processor: Intel(R) Core(TM) i5-14400
| Cores: 10 | Logical Cores: 16
|---------------------------------------------------------------------------------------------|
| Total Memory (MB): 32509 | Free Memory: 18746
| Total Page/Swap (MB): 37373 | Free Page/Swap: 12417
|---------------------------------------------------------------------------------------------|
2026-09-30T11:59:57Z [7,078ms] [Warning] [gpu.foundation.plugin] PCIe link width current (8) and maximum (16) for device 0 don't match.
2026-09-30T12:00:02Z [12,254ms] [Warning] [omni.physx.fabric.plugin] FabricManager::initializePointInstancer mismatched prototypes on point instancer: /Visuals/Command/velocity_current.
2026-09-30T12:00:02Z [12,254ms] [Warning] [omni.physx.fabric.plugin] FabricManager::initializePointInstancer mismatched prototypes on point instancer: /Visuals/Command/velocity_goal.
COMMAND: /workspace/IsaacLab/isaaclab.sh -p play.py --task Quadruped-v0 --num_envs 32 --headless agent.seed=101 env.commands.base_velocity.heading_command=false env.commands.base_velocity.rel_standing_envs=0.0 env.commands.base_velocity.resampling_time_range=\[1000.0\,1000.0\] env.commands.base_velocity.ranges.lin_vel_x=\[0\,0\] env.commands.base_velocity.ranges.lin_vel_y=\[0.30\,0.30\] env.commands.base_velocity.ranges.ang_vel_z=\[0\,0\] env.scene.terrain.terrain_type=generator env.curriculum.terrain_levels=null env.scene.terrain.terrain_generator.curriculum=false env.scene.terrain.terrain_generator.num_rows=1 env.scene.terrain.terrain_generator.num_cols=4 env.scene.terrain.terrain_generator.difficulty_range=\[1.0\,1.0\] env.scene.terrain.max_init_terrain_level=0 env.scene.terrain.terrain_generator.sub_terrains.pyramid_stairs.proportion=0.0 env.scene.terrain.terrain_generator.sub_terrains.pyramid_stairs_inv.proportion=0.0 env.scene.terrain.terrain_generator.sub_terrains.boxes.proportion=0.0 env.scene.terrain.terrain_generator.sub_terrains.random_rough.proportion=0.0 env.scene.terrain.terrain_generator.sub_terrains.hf_pyramid_slope.proportion=0.0 env.scene.terrain.terrain_generator.sub_terrains.hf_pyramid_slope_inv.proportion=0.0 env.scene.terrain.terrain_generator.sub_terrains.random_rough.proportion=1.0 env.scene.terrain.terrain_generator.sub_terrains.random_rough.noise_range=\[0.02\,0.10\] 
[go2-eval] telemetry enabled: out=C:/Program Files/Git/workspace/_keep/go2_g_a057_track_lin_vel_xy_exp_p1p2/evaluation/candidate/cases/seed_101/rough_lateral steps=1000
[INFO][AppLauncher]: Using device: cuda:0
[INFO][AppLauncher]: Loading experience file: D:\dev\Nconnect\IsaacLab\apps\isaaclab.python.headless.kit
[INFO]: Parsing configuration from: go2_task.env_cfg:QuadrupedRoughEnvCfg
[Quadruped:student] 6 reward 항목 로드
  [OK] track_lin_vel_xy_exp.weight = 1.2
  [OK] feet_air_time.weight = 0.2
  [OK] lin_vel_z_l2.weight = -1.25
  [OK] ang_vel_xy_l2.weight = -0.05
  [OK] action_rate_l2.weight = -0.01
  [OK] flat_orientation_l2.weight = 0.0
[Quadruped:student] terrain override - boxes ≤0.15m
[INFO]: Parsing configuration from: go2_task.agent_cfg:QuadrupedPPORunnerCfg
[WARNING]: The `policy` configuration is deprecated for rsl-rl >= 4.0.0. Please use, e.g., `actor` and `critic` model configurations instead.
[WARNING]: The `empirical_normalization` parameter is deprecated. Please set `actor_obs_normalization` and `critic_obs_normalization` as part of the `policy` configuration instead.
[WARNING]: The `policy` configuration is used to infer the `actor` model configuration.
[WARNING]: The `policy` configuration is used to infer the `critic` model configuration.
[WARNING]: The `distribution_cfg` configuration is now used to specify the output distribution for stochastic policies. Consider updating the configuration to use `distribution_cfg` instead of `stochastic`, `init_noise_std`, `noise_std_type`, and `state_dependent_std` parameters.
[INFO] Loading experiment from directory: D:\workspace\go2_g_a057_work\track_lin_vel_xy_exp_p1p2\candidate\logs\rsl_rl\quadruped

[36m======================================================================================================================[0m
[36m[1m[INFO][IsaacLab]: Logging to file: C:\Users\ADMINI~1\AppData\Local\Temp\isaaclab\logs\isaaclab_2026-09-30_21-00-48.log[0m
[36m======================================================================================================================[0m

[33m21:00:48 [simulation_context.py] WARNING: The `enable_external_forces_every_iteration` parameter in the PhysxCfg is set to False. If you are experiencing noisy velocities, consider enabling this flag. You may need to slightly increase the number of velocity iterations (setting it to 1 or 2 rather than 0), together with this flag, to improve the accuracy of velocity updates.[0m
[INFO]: Base environment:
	Environment device    : cuda:0
	Environment seed      : 101
	Physics step-size     : 0.005
	Rendering step-size   : 0.02
	Environment step-size : 0.02
[INFO] Generating terrains randomly took : 0.023123 seconds
[INFO]: Time taken for scene creation : 0.253493 seconds
[INFO]: Scene manager:  <class InteractiveScene>
	Number of environments: 32
	Environment spacing   : 2.5
	Source prim name      : /World/envs/env_0
	Global prim paths     : ['/World/ground']
	Replicate physics     : True
[INFO]: Starting the simulation. This may take a few seconds. Please wait...
[INFO]: Time taken for simulation start : 0.716641 seconds
[33m21:00:50 [velocity_command.py] WARNING: The velocity command has the 'ranges.heading' attribute set to '(-3.141592653589793, 3.141592653589793)' but the heading command is not active. Consider setting the flag for the heading command to True.[0m
D:\dev\Nconnect\.venv-isaaclab\Lib\site-packages\rsl_rl\utils\utils.py:220: UserWarning: The observation configuration dictionary 'obs_groups' is empty and thus likely not configured. Consider configuring the 'obs_groups' dictionary explicitly
  warnings.warn(
D:\dev\Nconnect\.venv-isaaclab\Lib\site-packages\rsl_rl\utils\utils.py:251: UserWarning: The observation configuration dictionary 'obs_groups' does not contain the 'actor' key. As an observation group with the name 'policy' was found, this is assumed to be the appropriate observation. Consider adding the 'actor' key to the 'obs_groups' dictionary for clarity. This behavior will be removed in a future version.
  warnings.warn(
D:\dev\Nconnect\.venv-isaaclab\Lib\site-packages\rsl_rl\utils\utils.py:251: UserWarning: The observation configuration dictionary 'obs_groups' does not contain the 'critic' key. As an observation group with the name 'policy' was found, this is assumed to be the appropriate observation. Consider adding the 'critic' key to the 'obs_groups' dictionary for clarity. This behavior will be removed in a future version.
  warnings.warn(
[INFO] Command Manager:  <CommandManager> contains 1 active terms.
+------------------------------------------------+
|              Active Command Terms              |
+-------+---------------+------------------------+
| Index | Name          |          Type          |
+-------+---------------+------------------------+
|   0   | base_velocity | UniformVelocityCommand |
+-------+---------------+------------------------+

[INFO] Event Manager:  <EventManager> contains 2 active terms.
+--------------------------------------+
| Active Event Terms in Mode: 'startup' |
+----------+---------------------------+
|  Index   | Name                      |
+----------+---------------------------+
|    0     | physics_material          |
|    1     | add_base_mass             |
+----------+---------------------------+
+---------------------------------------+
|  Active Event Terms in Mode: 'reset'  |
+--------+------------------------------+
| Index  | Name                         |
+--------+------------------------------+
|   0    | base_external_force_torque   |
|   1    | reset_base                   |
|   2    | reset_robot_joints           |
+--------+------------------------------+

[INFO] Recorder Manager:  <RecorderManager> contains 0 active terms.
+---------------------+
| Active Recorder Terms |
+-----------+---------+
|   Index   | Name    |
+-----------+---------+
+-----------+---------+

[INFO] Action Manager:  <ActionManager> contains 1 active terms.
+------------------------------------+
|  Active Action Terms (shape: 12)   |
+--------+-------------+-------------+
| Index  | Name        |   Dimension |
+--------+-------------+-------------+
|   0    | joint_pos   |          12 |
+--------+-------------+-------------+

[INFO] Observation Manager: <ObservationManager> contains 1 groups.
+----------------------------------------------------------+
| Active Observation Terms in Group: 'policy' (shape: (235,)) |
+-----------+--------------------------------+-------------+
|   Index   | Name                           |    Shape    |
+-----------+--------------------------------+-------------+
|     0     | base_lin_vel                   |     (3,)    |
|     1     | base_ang_vel                   |     (3,)    |
|     2     | projected_gravity              |     (3,)    |
|     3     | velocity_commands              |     (3,)    |
|     4     | joint_pos                      |    (12,)    |
|     5     | joint_vel                      |    (12,)    |
|     6     | actions                        |    (12,)    |
|     7     | height_scan                    |    (187,)   |
+-----------+--------------------------------+-------------+

[INFO] Termination Manager:  <TerminationManager> contains 2 active terms.
+---------------------------------+
|     Active Termination Terms    |
+-------+--------------+----------+
| Index | Name         | Time Out |
+-------+--------------+----------+
|   0   | time_out     |   True   |
|   1   | base_contact |  False   |
+-------+--------------+----------+

[INFO] Reward Manager:  <RewardManager> contains 10 active terms.
+-----------------------------------------+
|           Active Reward Terms           |
+-------+----------------------+----------+
| Index | Name                 |   Weight |
+-------+----------------------+----------+
|   0   | track_lin_vel_xy_exp |      1.2 |
|   1   | track_ang_vel_z_exp  |     0.75 |
|   2   | lin_vel_z_l2         |    -1.25 |
|   3   | ang_vel_xy_l2        |    -0.05 |
|   4   | dof_torques_l2       |  -0.0002 |
|   5   | dof_acc_l2           | -2.5e-07 |
|   6   | action_rate_l2       |    -0.01 |
|   7   | feet_air_time        |      0.2 |
|   8   | flat_orientation_l2  |      0.0 |
|   9   | dof_pos_limits       |      0.0 |
+-------+----------------------+----------+

[INFO] Curriculum Manager:  <CurriculumManager> contains 0 active terms.
+----------------------+
| Active Curriculum Terms |
+-----------+----------+
|   Index   | Name     |
+-----------+----------+
+-----------+----------+

[INFO]: Completed setting up the environment...
[INFO]: Loading model checkpoint from: D:\workspace\go2_g_a057_work\track_lin_vel_xy_exp_p1p2\candidate\exported\model_best.pt
--------------------------------------------------------------------------------
Resolved observation sets: 
	 actor :  ['policy']
	 critic :  ['policy']
--------------------------------------------------------------------------------
Actor Model: MLPModel(
  (obs_normalizer): Identity()
  (distribution): GaussianDistribution()
  (mlp): MLP(
    (0): Linear(in_features=235, out_features=512, bias=True)
    (1): ELU(alpha=1.0)
    (2): Linear(in_features=512, out_features=256, bias=True)
    (3): ELU(alpha=1.0)
    (4): Linear(in_features=256, out_features=128, bias=True)
    (5): ELU(alpha=1.0)
    (6): Linear(in_features=128, out_features=12, bias=True)
  )
)
Critic Model: MLPModel(
  (obs_normalizer): Identity()
  (mlp): MLP(
    (0): Linear(in_features=235, out_features=512, bias=True)
    (1): ELU(alpha=1.0)
    (2): Linear(in_features=512, out_features=256, bias=True)
    (3): ELU(alpha=1.0)
    (4): Linear(in_features=256, out_features=128, bias=True)
    (5): ELU(alpha=1.0)
    (6): Linear(in_features=128, out_features=1, bias=True)
  )
)
Loading user config located at: 'd:/dev/nconnect/.venv-isaaclab/lib/site-packages/isaacsim/kit/data/Kit/Isaac-Sim/5.1/user.config.json'
[Info] [carb] Logging to file: d:/dev/nconnect/.venv-isaaclab/lib/site-packages/isaacsim/kit/logs/Kit/Isaac-Sim/5.1/kit_20260930_210038.log
2026-09-30T12:00:39Z [461ms] [Warning] [omni.usd_config.extension] Enable omni.materialx.libs extension to use MaterialX
2026-09-30T12:00:40Z [1,586ms] [Warning] [carb] Acquiring non optional plugin interface which is not listed as dependency: [omni::physx::IPhysxBenchmarks v1.0] (plugin: <default plugin>), by client: omni.physics.physx.plugin. Add it to CARB_PLUGIN_IMPL_DEPS() macro of a client.
2026-09-30T12:00:40Z [1,609ms] [Warning] [omni.isaac.dynamic_control] omni.isaac.dynamic_control is deprecated as of Isaac Sim 4.5. No action is needed from end-users.

|---------------------------------------------------------------------------------------------|
| Driver Version: 580.88        | Graphics API: D3D12
|=============================================================================================|
| GPU | Name                             | Active | LDA | GPU Memory | Vendor-ID | LUID       |
|     |                                  |        |     |            | Device-ID | UUID       |
|     |                                  |        |     |            | Bus-ID    |            |
|---------------------------------------------------------------------------------------------|
| 0   | NVIDIA GeForce RTX 3050          | Yes: 0 |     | 6002    MB | 10de      | 233c4c5c.. |
|     |                                  |        |     |            | 2584      | 0          |
|     |                                  |        |     |            | 1         |            |
|=============================================================================================|
| OS: Windows 10 Pro, Version: 10.0 (22H2), Build: 19045, Kernel: 10.0.19041.6456
| Processor: Intel(R) Core(TM) i5-14400
| Cores: 10 | Logical Cores: 16
|---------------------------------------------------------------------------------------------|
| Total Memory (MB): 32509 | Free Memory: 18753
| Total Page/Swap (MB): 37373 | Free Page/Swap: 12422
|---------------------------------------------------------------------------------------------|
2026-09-30T12:00:45Z [7,040ms] [Warning] [gpu.foundation.plugin] PCIe link width current (8) and maximum (16) for device 0 don't match.
2026-09-30T12:00:50Z [11,832ms] [Warning] [omni.physx.fabric.plugin] FabricManager::initializePointInstancer mismatched prototypes on point instancer: /Visuals/Command/velocity_goal.
2026-09-30T12:00:50Z [11,832ms] [Warning] [omni.physx.fabric.plugin] FabricManager::initializePointInstancer mismatched prototypes on point instancer: /Visuals/Command/velocity_current.
COMMAND: /workspace/IsaacLab/isaaclab.sh -p play.py --task Quadruped-v0 --num_envs 32 --headless agent.seed=101 env.commands.base_velocity.heading_command=false env.commands.base_velocity.rel_standing_envs=0.0 env.commands.base_velocity.resampling_time_range=\[1000.0\,1000.0\] env.commands.base_velocity.ranges.lin_vel_x=\[0.50\,0.50\] env.commands.base_velocity.ranges.lin_vel_y=\[0\,0\] env.commands.base_velocity.ranges.ang_vel_z=\[0\,0\] env.scene.terrain.terrain_type=generator env.curriculum.terrain_levels=null env.scene.terrain.terrain_generator.curriculum=false env.scene.terrain.terrain_generator.num_rows=1 env.scene.terrain.terrain_generator.num_cols=4 env.scene.terrain.terrain_generator.difficulty_range=\[1.0\,1.0\] env.scene.terrain.max_init_terrain_level=0 env.scene.terrain.terrain_generator.sub_terrains.pyramid_stairs.proportion=0.0 env.scene.terrain.terrain_generator.sub_terrains.pyramid_stairs_inv.proportion=0.0 env.scene.terrain.terrain_generator.sub_terrains.boxes.proportion=0.0 env.scene.terrain.terrain_generator.sub_terrains.random_rough.proportion=0.0 env.scene.terrain.terrain_generator.sub_terrains.hf_pyramid_slope.proportion=0.0 env.scene.terrain.terrain_generator.sub_terrains.hf_pyramid_slope_inv.proportion=0.0 env.scene.terrain.terrain_generator.sub_terrains.hf_pyramid_slope_inv.proportion=1.0 env.scene.terrain.terrain_generator.sub_terrains.hf_pyramid_slope_inv.slope_range=\[0.36397023\,0.36397023\] 
[go2-eval] telemetry enabled: out=C:/Program Files/Git/workspace/_keep/go2_g_a057_track_lin_vel_xy_exp_p1p2/evaluation/candidate/cases/seed_101/slope_plus_20 steps=1000
[INFO][AppLauncher]: Using device: cuda:0
[INFO][AppLauncher]: Loading experience file: D:\dev\Nconnect\IsaacLab\apps\isaaclab.python.headless.kit
[INFO]: Parsing configuration from: go2_task.env_cfg:QuadrupedRoughEnvCfg
[Quadruped:student] 6 reward 항목 로드
  [OK] track_lin_vel_xy_exp.weight = 1.2
  [OK] feet_air_time.weight = 0.2
  [OK] lin_vel_z_l2.weight = -1.25
  [OK] ang_vel_xy_l2.weight = -0.05
  [OK] action_rate_l2.weight = -0.01
  [OK] flat_orientation_l2.weight = 0.0
[Quadruped:student] terrain override - boxes ≤0.15m
[INFO]: Parsing configuration from: go2_task.agent_cfg:QuadrupedPPORunnerCfg
[WARNING]: The `policy` configuration is deprecated for rsl-rl >= 4.0.0. Please use, e.g., `actor` and `critic` model configurations instead.
[WARNING]: The `empirical_normalization` parameter is deprecated. Please set `actor_obs_normalization` and `critic_obs_normalization` as part of the `policy` configuration instead.
[WARNING]: The `policy` configuration is used to infer the `actor` model configuration.
[WARNING]: The `policy` configuration is used to infer the `critic` model configuration.
[WARNING]: The `distribution_cfg` configuration is now used to specify the output distribution for stochastic policies. Consider updating the configuration to use `distribution_cfg` instead of `stochastic`, `init_noise_std`, `noise_std_type`, and `state_dependent_std` parameters.
[INFO] Loading experiment from directory: D:\workspace\go2_g_a057_work\track_lin_vel_xy_exp_p1p2\candidate\logs\rsl_rl\quadruped

[36m======================================================================================================================[0m
[36m[1m[INFO][IsaacLab]: Logging to file: C:\Users\ADMINI~1\AppData\Local\Temp\isaaclab\logs\isaaclab_2026-09-30_21-01-36.log[0m
[36m======================================================================================================================[0m

[33m21:01:36 [simulation_context.py] WARNING: The `enable_external_forces_every_iteration` parameter in the PhysxCfg is set to False. If you are experiencing noisy velocities, consider enabling this flag. You may need to slightly increase the number of velocity iterations (setting it to 1 or 2 rather than 0), together with this flag, to improve the accuracy of velocity updates.[0m
[INFO]: Base environment:
	Environment device    : cuda:0
	Environment seed      : 101
	Physics step-size     : 0.005
	Rendering step-size   : 0.02
	Environment step-size : 0.02
[INFO] Generating terrains randomly took : 0.021238 seconds
[INFO]: Time taken for scene creation : 0.244178 seconds
[INFO]: Scene manager:  <class InteractiveScene>
	Number of environments: 32
	Environment spacing   : 2.5
	Source prim name      : /World/envs/env_0
	Global prim paths     : ['/World/ground']
	Replicate physics     : True
[INFO]: Starting the simulation. This may take a few seconds. Please wait...
[INFO]: Time taken for simulation start : 0.767851 seconds
[33m21:01:38 [velocity_command.py] WARNING: The velocity command has the 'ranges.heading' attribute set to '(-3.141592653589793, 3.141592653589793)' but the heading command is not active. Consider setting the flag for the heading command to True.[0m
D:\dev\Nconnect\.venv-isaaclab\Lib\site-packages\rsl_rl\utils\utils.py:220: UserWarning: The observation configuration dictionary 'obs_groups' is empty and thus likely not configured. Consider configuring the 'obs_groups' dictionary explicitly
  warnings.warn(
D:\dev\Nconnect\.venv-isaaclab\Lib\site-packages\rsl_rl\utils\utils.py:251: UserWarning: The observation configuration dictionary 'obs_groups' does not contain the 'actor' key. As an observation group with the name 'policy' was found, this is assumed to be the appropriate observation. Consider adding the 'actor' key to the 'obs_groups' dictionary for clarity. This behavior will be removed in a future version.
  warnings.warn(
D:\dev\Nconnect\.venv-isaaclab\Lib\site-packages\rsl_rl\utils\utils.py:251: UserWarning: The observation configuration dictionary 'obs_groups' does not contain the 'critic' key. As an observation group with the name 'policy' was found, this is assumed to be the appropriate observation. Consider adding the 'critic' key to the 'obs_groups' dictionary for clarity. This behavior will be removed in a future version.
  warnings.warn(
[INFO] Command Manager:  <CommandManager> contains 1 active terms.
+------------------------------------------------+
|              Active Command Terms              |
+-------+---------------+------------------------+
| Index | Name          |          Type          |
+-------+---------------+------------------------+
|   0   | base_velocity | UniformVelocityCommand |
+-------+---------------+------------------------+

[INFO] Event Manager:  <EventManager> contains 2 active terms.
+--------------------------------------+
| Active Event Terms in Mode: 'startup' |
+----------+---------------------------+
|  Index   | Name                      |
+----------+---------------------------+
|    0     | physics_material          |
|    1     | add_base_mass             |
+----------+---------------------------+
+---------------------------------------+
|  Active Event Terms in Mode: 'reset'  |
+--------+------------------------------+
| Index  | Name                         |
+--------+------------------------------+
|   0    | base_external_force_torque   |
|   1    | reset_base                   |
|   2    | reset_robot_joints           |
+--------+------------------------------+

[INFO] Recorder Manager:  <RecorderManager> contains 0 active terms.
+---------------------+
| Active Recorder Terms |
+-----------+---------+
|   Index   | Name    |
+-----------+---------+
+-----------+---------+

[INFO] Action Manager:  <ActionManager> contains 1 active terms.
+------------------------------------+
|  Active Action Terms (shape: 12)   |
+--------+-------------+-------------+
| Index  | Name        |   Dimension |
+--------+-------------+-------------+
|   0    | joint_pos   |          12 |
+--------+-------------+-------------+

[INFO] Observation Manager: <ObservationManager> contains 1 groups.
+----------------------------------------------------------+
| Active Observation Terms in Group: 'policy' (shape: (235,)) |
+-----------+--------------------------------+-------------+
|   Index   | Name                           |    Shape    |
+-----------+--------------------------------+-------------+
|     0     | base_lin_vel                   |     (3,)    |
|     1     | base_ang_vel                   |     (3,)    |
|     2     | projected_gravity              |     (3,)    |
|     3     | velocity_commands              |     (3,)    |
|     4     | joint_pos                      |    (12,)    |
|     5     | joint_vel                      |    (12,)    |
|     6     | actions                        |    (12,)    |
|     7     | height_scan                    |    (187,)   |
+-----------+--------------------------------+-------------+

[INFO] Termination Manager:  <TerminationManager> contains 2 active terms.
+---------------------------------+
|     Active Termination Terms    |
+-------+--------------+----------+
| Index | Name         | Time Out |
+-------+--------------+----------+
|   0   | time_out     |   True   |
|   1   | base_contact |  False   |
+-------+--------------+----------+

[INFO] Reward Manager:  <RewardManager> contains 10 active terms.
+-----------------------------------------+
|           Active Reward Terms           |
+-------+----------------------+----------+
| Index | Name                 |   Weight |
+-------+----------------------+----------+
|   0   | track_lin_vel_xy_exp |      1.2 |
|   1   | track_ang_vel_z_exp  |     0.75 |
|   2   | lin_vel_z_l2         |    -1.25 |
|   3   | ang_vel_xy_l2        |    -0.05 |
|   4   | dof_torques_l2       |  -0.0002 |
|   5   | dof_acc_l2           | -2.5e-07 |
|   6   | action_rate_l2       |    -0.01 |
|   7   | feet_air_time        |      0.2 |
|   8   | flat_orientation_l2  |      0.0 |
|   9   | dof_pos_limits       |      0.0 |
+-------+----------------------+----------+

[INFO] Curriculum Manager:  <CurriculumManager> contains 0 active terms.
+----------------------+
| Active Curriculum Terms |
+-----------+----------+
|   Index   | Name     |
+-----------+----------+
+-----------+----------+

[INFO]: Completed setting up the environment...
[INFO]: Loading model checkpoint from: D:\workspace\go2_g_a057_work\track_lin_vel_xy_exp_p1p2\candidate\exported\model_best.pt
--------------------------------------------------------------------------------
Resolved observation sets: 
	 actor :  ['policy']
	 critic :  ['policy']
--------------------------------------------------------------------------------
Actor Model: MLPModel(
  (obs_normalizer): Identity()
  (distribution): GaussianDistribution()
  (mlp): MLP(
    (0): Linear(in_features=235, out_features=512, bias=True)
    (1): ELU(alpha=1.0)
    (2): Linear(in_features=512, out_features=256, bias=True)
    (3): ELU(alpha=1.0)
    (4): Linear(in_features=256, out_features=128, bias=True)
    (5): ELU(alpha=1.0)
    (6): Linear(in_features=128, out_features=12, bias=True)
  )
)
Critic Model: MLPModel(
  (obs_normalizer): Identity()
  (mlp): MLP(
    (0): Linear(in_features=235, out_features=512, bias=True)
    (1): ELU(alpha=1.0)
    (2): Linear(in_features=512, out_features=256, bias=True)
    (3): ELU(alpha=1.0)
    (4): Linear(in_features=256, out_features=128, bias=True)
    (5): ELU(alpha=1.0)
    (6): Linear(in_features=128, out_features=1, bias=True)
  )
)
Loading user config located at: 'd:/dev/nconnect/.venv-isaaclab/lib/site-packages/isaacsim/kit/data/Kit/Isaac-Sim/5.1/user.config.json'
[Info] [carb] Logging to file: d:/dev/nconnect/.venv-isaaclab/lib/site-packages/isaacsim/kit/logs/Kit/Isaac-Sim/5.1/kit_20260930_210126.log
2026-09-30T12:01:27Z [461ms] [Warning] [omni.usd_config.extension] Enable omni.materialx.libs extension to use MaterialX
2026-09-30T12:01:28Z [1,545ms] [Warning] [carb] Acquiring non optional plugin interface which is not listed as dependency: [omni::physx::IPhysxBenchmarks v1.0] (plugin: <default plugin>), by client: omni.physics.physx.plugin. Add it to CARB_PLUGIN_IMPL_DEPS() macro of a client.
2026-09-30T12:01:28Z [1,566ms] [Warning] [omni.isaac.dynamic_control] omni.isaac.dynamic_control is deprecated as of Isaac Sim 4.5. No action is needed from end-users.

|---------------------------------------------------------------------------------------------|
| Driver Version: 580.88        | Graphics API: D3D12
|=============================================================================================|
| GPU | Name                             | Active | LDA | GPU Memory | Vendor-ID | LUID       |
|     |                                  |        |     |            | Device-ID | UUID       |
|     |                                  |        |     |            | Bus-ID    |            |
|---------------------------------------------------------------------------------------------|
| 0   | NVIDIA GeForce RTX 3050          | Yes: 0 |     | 6002    MB | 10de      | 233c4c5c.. |
|     |                                  |        |     |            | 2584      | 0          |
|     |                                  |        |     |            | 1         |            |
|=============================================================================================|
| OS: Windows 10 Pro, Version: 10.0 (22H2), Build: 19045, Kernel: 10.0.19041.6456
| Processor: Intel(R) Core(TM) i5-14400
| Cores: 10 | Logical Cores: 16
|---------------------------------------------------------------------------------------------|
| Total Memory (MB): 32509 | Free Memory: 18749
| Total Page/Swap (MB): 37373 | Free Page/Swap: 12425
|---------------------------------------------------------------------------------------------|
2026-09-30T12:01:33Z [7,017ms] [Warning] [gpu.foundation.plugin] PCIe link width current (8) and maximum (16) for device 0 don't match.
2026-09-30T12:01:38Z [11,820ms] [Warning] [omni.physx.fabric.plugin] FabricManager::initializePointInstancer mismatched prototypes on point instancer: /Visuals/Command/velocity_current.
2026-09-30T12:01:38Z [11,820ms] [Warning] [omni.physx.fabric.plugin] FabricManager::initializePointInstancer mismatched prototypes on point instancer: /Visuals/Command/velocity_goal.
COMMAND: /workspace/IsaacLab/isaaclab.sh -p play.py --task Quadruped-v0 --num_envs 32 --headless agent.seed=101 env.commands.base_velocity.heading_command=false env.commands.base_velocity.rel_standing_envs=0.0 env.commands.base_velocity.resampling_time_range=\[1000.0\,1000.0\] env.commands.base_velocity.ranges.lin_vel_x=\[0.50\,0.50\] env.commands.base_velocity.ranges.lin_vel_y=\[0\,0\] env.commands.base_velocity.ranges.ang_vel_z=\[0\,0\] env.scene.terrain.terrain_type=generator env.curriculum.terrain_levels=null env.scene.terrain.terrain_generator.curriculum=false env.scene.terrain.terrain_generator.num_rows=1 env.scene.terrain.terrain_generator.num_cols=4 env.scene.terrain.terrain_generator.difficulty_range=\[1.0\,1.0\] env.scene.terrain.max_init_terrain_level=0 env.scene.terrain.terrain_generator.sub_terrains.pyramid_stairs.proportion=0.0 env.scene.terrain.terrain_generator.sub_terrains.pyramid_stairs_inv.proportion=0.0 env.scene.terrain.terrain_generator.sub_terrains.boxes.proportion=0.0 env.scene.terrain.terrain_generator.sub_terrains.random_rough.proportion=0.0 env.scene.terrain.terrain_generator.sub_terrains.hf_pyramid_slope.proportion=0.0 env.scene.terrain.terrain_generator.sub_terrains.hf_pyramid_slope_inv.proportion=0.0 env.scene.terrain.terrain_generator.sub_terrains.hf_pyramid_slope.proportion=1.0 env.scene.terrain.terrain_generator.sub_terrains.hf_pyramid_slope.slope_range=\[0.36397023\,0.36397023\] 
[go2-eval] telemetry enabled: out=C:/Program Files/Git/workspace/_keep/go2_g_a057_track_lin_vel_xy_exp_p1p2/evaluation/candidate/cases/seed_101/slope_minus_20 steps=1000
[INFO][AppLauncher]: Using device: cuda:0
[INFO][AppLauncher]: Loading experience file: D:\dev\Nconnect\IsaacLab\apps\isaaclab.python.headless.kit
[INFO]: Parsing configuration from: go2_task.env_cfg:QuadrupedRoughEnvCfg
[Quadruped:student] 6 reward 항목 로드
  [OK] track_lin_vel_xy_exp.weight = 1.2
  [OK] feet_air_time.weight = 0.2
  [OK] lin_vel_z_l2.weight = -1.25
  [OK] ang_vel_xy_l2.weight = -0.05
  [OK] action_rate_l2.weight = -0.01
  [OK] flat_orientation_l2.weight = 0.0
[Quadruped:student] terrain override - boxes ≤0.15m
[INFO]: Parsing configuration from: go2_task.agent_cfg:QuadrupedPPORunnerCfg
[WARNING]: The `policy` configuration is deprecated for rsl-rl >= 4.0.0. Please use, e.g., `actor` and `critic` model configurations instead.
[WARNING]: The `empirical_normalization` parameter is deprecated. Please set `actor_obs_normalization` and `critic_obs_normalization` as part of the `policy` configuration instead.
[WARNING]: The `policy` configuration is used to infer the `actor` model configuration.
[WARNING]: The `policy` configuration is used to infer the `critic` model configuration.
[WARNING]: The `distribution_cfg` configuration is now used to specify the output distribution for stochastic policies. Consider updating the configuration to use `distribution_cfg` instead of `stochastic`, `init_noise_std`, `noise_std_type`, and `state_dependent_std` parameters.
[INFO] Loading experiment from directory: D:\workspace\go2_g_a057_work\track_lin_vel_xy_exp_p1p2\candidate\logs\rsl_rl\quadruped

[36m======================================================================================================================[0m
[36m[1m[INFO][IsaacLab]: Logging to file: C:\Users\ADMINI~1\AppData\Local\Temp\isaaclab\logs\isaaclab_2026-09-30_21-02-22.log[0m
[36m======================================================================================================================[0m

[33m21:02:22 [simulation_context.py] WARNING: The `enable_external_forces_every_iteration` parameter in the PhysxCfg is set to False. If you are experiencing noisy velocities, consider enabling this flag. You may need to slightly increase the number of velocity iterations (setting it to 1 or 2 rather than 0), together with this flag, to improve the accuracy of velocity updates.[0m
[INFO]: Base environment:
	Environment device    : cuda:0
	Environment seed      : 101
	Physics step-size     : 0.005
	Rendering step-size   : 0.02
	Environment step-size : 0.02
[INFO] Generating terrains randomly took : 0.022765 seconds
[INFO]: Time taken for scene creation : 0.268895 seconds
[INFO]: Scene manager:  <class InteractiveScene>
	Number of environments: 32
	Environment spacing   : 2.5
	Source prim name      : /World/envs/env_0
	Global prim paths     : ['/World/ground']
	Replicate physics     : True
[INFO]: Starting the simulation. This may take a few seconds. Please wait...
[INFO]: Time taken for simulation start : 0.803859 seconds
[33m21:02:23 [velocity_command.py] WARNING: The velocity command has the 'ranges.heading' attribute set to '(-3.141592653589793, 3.141592653589793)' but the heading command is not active. Consider setting the flag for the heading command to True.[0m
D:\dev\Nconnect\.venv-isaaclab\Lib\site-packages\rsl_rl\utils\utils.py:220: UserWarning: The observation configuration dictionary 'obs_groups' is empty and thus likely not configured. Consider configuring the 'obs_groups' dictionary explicitly
  warnings.warn(
D:\dev\Nconnect\.venv-isaaclab\Lib\site-packages\rsl_rl\utils\utils.py:251: UserWarning: The observation configuration dictionary 'obs_groups' does not contain the 'actor' key. As an observation group with the name 'policy' was found, this is assumed to be the appropriate observation. Consider adding the 'actor' key to the 'obs_groups' dictionary for clarity. This behavior will be removed in a future version.
  warnings.warn(
D:\dev\Nconnect\.venv-isaaclab\Lib\site-packages\rsl_rl\utils\utils.py:251: UserWarning: The observation configuration dictionary 'obs_groups' does not contain the 'critic' key. As an observation group with the name 'policy' was found, this is assumed to be the appropriate observation. Consider adding the 'critic' key to the 'obs_groups' dictionary for clarity. This behavior will be removed in a future version.
  warnings.warn(
[INFO] Command Manager:  <CommandManager> contains 1 active terms.
+------------------------------------------------+
|              Active Command Terms              |
+-------+---------------+------------------------+
| Index | Name          |          Type          |
+-------+---------------+------------------------+
|   0   | base_velocity | UniformVelocityCommand |
+-------+---------------+------------------------+

[INFO] Event Manager:  <EventManager> contains 2 active terms.
+--------------------------------------+
| Active Event Terms in Mode: 'startup' |
+----------+---------------------------+
|  Index   | Name                      |
+----------+---------------------------+
|    0     | physics_material          |
|    1     | add_base_mass             |
+----------+---------------------------+
+---------------------------------------+
|  Active Event Terms in Mode: 'reset'  |
+--------+------------------------------+
| Index  | Name                         |
+--------+------------------------------+
|   0    | base_external_force_torque   |
|   1    | reset_base                   |
|   2    | reset_robot_joints           |
+--------+------------------------------+

[INFO] Recorder Manager:  <RecorderManager> contains 0 active terms.
+---------------------+
| Active Recorder Terms |
+-----------+---------+
|   Index   | Name    |
+-----------+---------+
+-----------+---------+

[INFO] Action Manager:  <ActionManager> contains 1 active terms.
+------------------------------------+
|  Active Action Terms (shape: 12)   |
+--------+-------------+-------------+
| Index  | Name        |   Dimension |
+--------+-------------+-------------+
|   0    | joint_pos   |          12 |
+--------+-------------+-------------+

[INFO] Observation Manager: <ObservationManager> contains 1 groups.
+----------------------------------------------------------+
| Active Observation Terms in Group: 'policy' (shape: (235,)) |
+-----------+--------------------------------+-------------+
|   Index   | Name                           |    Shape    |
+-----------+--------------------------------+-------------+
|     0     | base_lin_vel                   |     (3,)    |
|     1     | base_ang_vel                   |     (3,)    |
|     2     | projected_gravity              |     (3,)    |
|     3     | velocity_commands              |     (3,)    |
|     4     | joint_pos                      |    (12,)    |
|     5     | joint_vel                      |    (12,)    |
|     6     | actions                        |    (12,)    |
|     7     | height_scan                    |    (187,)   |
+-----------+--------------------------------+-------------+

[INFO] Termination Manager:  <TerminationManager> contains 2 active terms.
+---------------------------------+
|     Active Termination Terms    |
+-------+--------------+----------+
| Index | Name         | Time Out |
+-------+--------------+----------+
|   0   | time_out     |   True   |
|   1   | base_contact |  False   |
+-------+--------------+----------+

[INFO] Reward Manager:  <RewardManager> contains 10 active terms.
+-----------------------------------------+
|           Active Reward Terms           |
+-------+----------------------+----------+
| Index | Name                 |   Weight |
+-------+----------------------+----------+
|   0   | track_lin_vel_xy_exp |      1.2 |
|   1   | track_ang_vel_z_exp  |     0.75 |
|   2   | lin_vel_z_l2         |    -1.25 |
|   3   | ang_vel_xy_l2        |    -0.05 |
|   4   | dof_torques_l2       |  -0.0002 |
|   5   | dof_acc_l2           | -2.5e-07 |
|   6   | action_rate_l2       |    -0.01 |
|   7   | feet_air_time        |      0.2 |
|   8   | flat_orientation_l2  |      0.0 |
|   9   | dof_pos_limits       |      0.0 |
+-------+----------------------+----------+

[INFO] Curriculum Manager:  <CurriculumManager> contains 0 active terms.
+----------------------+
| Active Curriculum Terms |
+-----------+----------+
|   Index   | Name     |
+-----------+----------+
+-----------+----------+

[INFO]: Completed setting up the environment...
[INFO]: Loading model checkpoint from: D:\workspace\go2_g_a057_work\track_lin_vel_xy_exp_p1p2\candidate\exported\model_best.pt
--------------------------------------------------------------------------------
Resolved observation sets: 
	 actor :  ['policy']
	 critic :  ['policy']
--------------------------------------------------------------------------------
Actor Model: MLPModel(
  (obs_normalizer): Identity()
  (distribution): GaussianDistribution()
  (mlp): MLP(
    (0): Linear(in_features=235, out_features=512, bias=True)
    (1): ELU(alpha=1.0)
    (2): Linear(in_features=512, out_features=256, bias=True)
    (3): ELU(alpha=1.0)
    (4): Linear(in_features=256, out_features=128, bias=True)
    (5): ELU(alpha=1.0)
    (6): Linear(in_features=128, out_features=12, bias=True)
  )
)
Critic Model: MLPModel(
  (obs_normalizer): Identity()
  (mlp): MLP(
    (0): Linear(in_features=235, out_features=512, bias=True)
    (1): ELU(alpha=1.0)
    (2): Linear(in_features=512, out_features=256, bias=True)
    (3): ELU(alpha=1.0)
    (4): Linear(in_features=256, out_features=128, bias=True)
    (5): ELU(alpha=1.0)
    (6): Linear(in_features=128, out_features=1, bias=True)
  )
)
Loading user config located at: 'd:/dev/nconnect/.venv-isaaclab/lib/site-packages/isaacsim/kit/data/Kit/Isaac-Sim/5.1/user.config.json'
[Info] [carb] Logging to file: d:/dev/nconnect/.venv-isaaclab/lib/site-packages/isaacsim/kit/logs/Kit/Isaac-Sim/5.1/kit_20260930_210212.log
2026-09-30T12:02:13Z [467ms] [Warning] [omni.usd_config.extension] Enable omni.materialx.libs extension to use MaterialX
2026-09-30T12:02:14Z [1,559ms] [Warning] [carb] Acquiring non optional plugin interface which is not listed as dependency: [omni::physx::IPhysxBenchmarks v1.0] (plugin: <default plugin>), by client: omni.physics.physx.plugin. Add it to CARB_PLUGIN_IMPL_DEPS() macro of a client.
2026-09-30T12:02:14Z [1,583ms] [Warning] [omni.isaac.dynamic_control] omni.isaac.dynamic_control is deprecated as of Isaac Sim 4.5. No action is needed from end-users.

|---------------------------------------------------------------------------------------------|
| Driver Version: 580.88        | Graphics API: D3D12
|=============================================================================================|
| GPU | Name                             | Active | LDA | GPU Memory | Vendor-ID | LUID       |
|     |                                  |        |     |            | Device-ID | UUID       |
|     |                                  |        |     |            | Bus-ID    |            |
|---------------------------------------------------------------------------------------------|
| 0   | NVIDIA GeForce RTX 3050          | Yes: 0 |     | 6002    MB | 10de      | 233c4c5c.. |
|     |                                  |        |     |            | 2584      | 0          |
|     |                                  |        |     |            | 1         |            |
|=============================================================================================|
| OS: Windows 10 Pro, Version: 10.0 (22H2), Build: 19045, Kernel: 10.0.19041.6456
| Processor: Intel(R) Core(TM) i5-14400
| Cores: 10 | Logical Cores: 16
|---------------------------------------------------------------------------------------------|
| Total Memory (MB): 32509 | Free Memory: 18746
| Total Page/Swap (MB): 37373 | Free Page/Swap: 12414
|---------------------------------------------------------------------------------------------|
2026-09-30T12:02:19Z [7,007ms] [Warning] [gpu.foundation.plugin] PCIe link width current (8) and maximum (16) for device 0 don't match.
2026-09-30T12:02:24Z [11,931ms] [Warning] [omni.physx.fabric.plugin] FabricManager::initializePointInstancer mismatched prototypes on point instancer: /Visuals/Command/velocity_goal.
2026-09-30T12:02:24Z [11,931ms] [Warning] [omni.physx.fabric.plugin] FabricManager::initializePointInstancer mismatched prototypes on point instancer: /Visuals/Command/velocity_current.
COMMAND: /workspace/IsaacLab/isaaclab.sh -p play.py --task Quadruped-v0 --num_envs 32 --headless agent.seed=101 env.commands.base_velocity.heading_command=false env.commands.base_velocity.rel_standing_envs=0.0 env.commands.base_velocity.resampling_time_range=\[1000.0\,1000.0\] env.commands.base_velocity.ranges.lin_vel_x=\[0.50\,0.50\] env.commands.base_velocity.ranges.lin_vel_y=\[0\,0\] env.commands.base_velocity.ranges.ang_vel_z=\[0\,0\] env.scene.terrain.terrain_type=generator env.curriculum.terrain_levels=null env.scene.terrain.terrain_generator.curriculum=false env.scene.terrain.terrain_generator.num_rows=1 env.scene.terrain.terrain_generator.num_cols=4 env.scene.terrain.terrain_generator.difficulty_range=\[1.0\,1.0\] env.scene.terrain.max_init_terrain_level=0 env.scene.terrain.terrain_generator.sub_terrains.pyramid_stairs.proportion=0.0 env.scene.terrain.terrain_generator.sub_terrains.pyramid_stairs_inv.proportion=0.0 env.scene.terrain.terrain_generator.sub_terrains.boxes.proportion=0.0 env.scene.terrain.terrain_generator.sub_terrains.random_rough.proportion=0.0 env.scene.terrain.terrain_generator.sub_terrains.hf_pyramid_slope.proportion=0.0 env.scene.terrain.terrain_generator.sub_terrains.hf_pyramid_slope_inv.proportion=0.0 env.scene.terrain.terrain_generator.sub_terrains.pyramid_stairs.proportion=1.0 env.scene.terrain.terrain_generator.sub_terrains.pyramid_stairs.step_height_range=\[0.10\,0.10\] 
[go2-eval] telemetry enabled: out=C:/Program Files/Git/workspace/_keep/go2_g_a057_track_lin_vel_xy_exp_p1p2/evaluation/candidate/cases/seed_101/stairs_10_up steps=1000
[INFO][AppLauncher]: Using device: cuda:0
[INFO][AppLauncher]: Loading experience file: D:\dev\Nconnect\IsaacLab\apps\isaaclab.python.headless.kit
[INFO]: Parsing configuration from: go2_task.env_cfg:QuadrupedRoughEnvCfg
[Quadruped:student] 6 reward 항목 로드
  [OK] track_lin_vel_xy_exp.weight = 1.2
  [OK] feet_air_time.weight = 0.2
  [OK] lin_vel_z_l2.weight = -1.25
  [OK] ang_vel_xy_l2.weight = -0.05
  [OK] action_rate_l2.weight = -0.01
  [OK] flat_orientation_l2.weight = 0.0
[Quadruped:student] terrain override - boxes ≤0.15m
[INFO]: Parsing configuration from: go2_task.agent_cfg:QuadrupedPPORunnerCfg
[WARNING]: The `policy` configuration is deprecated for rsl-rl >= 4.0.0. Please use, e.g., `actor` and `critic` model configurations instead.
[WARNING]: The `empirical_normalization` parameter is deprecated. Please set `actor_obs_normalization` and `critic_obs_normalization` as part of the `policy` configuration instead.
[WARNING]: The `policy` configuration is used to infer the `actor` model configuration.
[WARNING]: The `policy` configuration is used to infer the `critic` model configuration.
[WARNING]: The `distribution_cfg` configuration is now used to specify the output distribution for stochastic policies. Consider updating the configuration to use `distribution_cfg` instead of `stochastic`, `init_noise_std`, `noise_std_type`, and `state_dependent_std` parameters.
[INFO] Loading experiment from directory: D:\workspace\go2_g_a057_work\track_lin_vel_xy_exp_p1p2\candidate\logs\rsl_rl\quadruped

[36m======================================================================================================================[0m
[36m[1m[INFO][IsaacLab]: Logging to file: C:\Users\ADMINI~1\AppData\Local\Temp\isaaclab\logs\isaaclab_2026-09-30_21-03-07.log[0m
[36m======================================================================================================================[0m

[33m21:03:07 [simulation_context.py] WARNING: The `enable_external_forces_every_iteration` parameter in the PhysxCfg is set to False. If you are experiencing noisy velocities, consider enabling this flag. You may need to slightly increase the number of velocity iterations (setting it to 1 or 2 rather than 0), together with this flag, to improve the accuracy of velocity updates.[0m
[INFO]: Base environment:
	Environment device    : cuda:0
	Environment seed      : 101
	Physics step-size     : 0.005
	Rendering step-size   : 0.02
	Environment step-size : 0.02
[INFO] Generating terrains randomly took : 0.026147 seconds
[INFO]: Time taken for scene creation : 0.235430 seconds
[INFO]: Scene manager:  <class InteractiveScene>
	Number of environments: 32
	Environment spacing   : 2.5
	Source prim name      : /World/envs/env_0
	Global prim paths     : ['/World/ground']
	Replicate physics     : True
[INFO]: Starting the simulation. This may take a few seconds. Please wait...
[INFO]: Time taken for simulation start : 0.527690 seconds
[33m21:03:08 [velocity_command.py] WARNING: The velocity command has the 'ranges.heading' attribute set to '(-3.141592653589793, 3.141592653589793)' but the heading command is not active. Consider setting the flag for the heading command to True.[0m
D:\dev\Nconnect\.venv-isaaclab\Lib\site-packages\rsl_rl\utils\utils.py:220: UserWarning: The observation configuration dictionary 'obs_groups' is empty and thus likely not configured. Consider configuring the 'obs_groups' dictionary explicitly
  warnings.warn(
D:\dev\Nconnect\.venv-isaaclab\Lib\site-packages\rsl_rl\utils\utils.py:251: UserWarning: The observation configuration dictionary 'obs_groups' does not contain the 'actor' key. As an observation group with the name 'policy' was found, this is assumed to be the appropriate observation. Consider adding the 'actor' key to the 'obs_groups' dictionary for clarity. This behavior will be removed in a future version.
  warnings.warn(
D:\dev\Nconnect\.venv-isaaclab\Lib\site-packages\rsl_rl\utils\utils.py:251: UserWarning: The observation configuration dictionary 'obs_groups' does not contain the 'critic' key. As an observation group with the name 'policy' was found, this is assumed to be the appropriate observation. Consider adding the 'critic' key to the 'obs_groups' dictionary for clarity. This behavior will be removed in a future version.
  warnings.warn(
[INFO] Command Manager:  <CommandManager> contains 1 active terms.
+------------------------------------------------+
|              Active Command Terms              |
+-------+---------------+------------------------+
| Index | Name          |          Type          |
+-------+---------------+------------------------+
|   0   | base_velocity | UniformVelocityCommand |
+-------+---------------+------------------------+

[INFO] Event Manager:  <EventManager> contains 2 active terms.
+--------------------------------------+
| Active Event Terms in Mode: 'startup' |
+----------+---------------------------+
|  Index   | Name                      |
+----------+---------------------------+
|    0     | physics_material          |
|    1     | add_base_mass             |
+----------+---------------------------+
+---------------------------------------+
|  Active Event Terms in Mode: 'reset'  |
+--------+------------------------------+
| Index  | Name                         |
+--------+------------------------------+
|   0    | base_external_force_torque   |
|   1    | reset_base                   |
|   2    | reset_robot_joints           |
+--------+------------------------------+

[INFO] Recorder Manager:  <RecorderManager> contains 0 active terms.
+---------------------+
| Active Recorder Terms |
+-----------+---------+
|   Index   | Name    |
+-----------+---------+
+-----------+---------+

[INFO] Action Manager:  <ActionManager> contains 1 active terms.
+------------------------------------+
|  Active Action Terms (shape: 12)   |
+--------+-------------+-------------+
| Index  | Name        |   Dimension |
+--------+-------------+-------------+
|   0    | joint_pos   |          12 |
+--------+-------------+-------------+

[INFO] Observation Manager: <ObservationManager> contains 1 groups.
+----------------------------------------------------------+
| Active Observation Terms in Group: 'policy' (shape: (235,)) |
+-----------+--------------------------------+-------------+
|   Index   | Name                           |    Shape    |
+-----------+--------------------------------+-------------+
|     0     | base_lin_vel                   |     (3,)    |
|     1     | base_ang_vel                   |     (3,)    |
|     2     | projected_gravity              |     (3,)    |
|     3     | velocity_commands              |     (3,)    |
|     4     | joint_pos                      |    (12,)    |
|     5     | joint_vel                      |    (12,)    |
|     6     | actions                        |    (12,)    |
|     7     | height_scan                    |    (187,)   |
+-----------+--------------------------------+-------------+

[INFO] Termination Manager:  <TerminationManager> contains 2 active terms.
+---------------------------------+
|     Active Termination Terms    |
+-------+--------------+----------+
| Index | Name         | Time Out |
+-------+--------------+----------+
|   0   | time_out     |   True   |
|   1   | base_contact |  False   |
+-------+--------------+----------+

[INFO] Reward Manager:  <RewardManager> contains 10 active terms.
+-----------------------------------------+
|           Active Reward Terms           |
+-------+----------------------+----------+
| Index | Name                 |   Weight |
+-------+----------------------+----------+
|   0   | track_lin_vel_xy_exp |      1.2 |
|   1   | track_ang_vel_z_exp  |     0.75 |
|   2   | lin_vel_z_l2         |    -1.25 |
|   3   | ang_vel_xy_l2        |    -0.05 |
|   4   | dof_torques_l2       |  -0.0002 |
|   5   | dof_acc_l2           | -2.5e-07 |
|   6   | action_rate_l2       |    -0.01 |
|   7   | feet_air_time        |      0.2 |
|   8   | flat_orientation_l2  |      0.0 |
|   9   | dof_pos_limits       |      0.0 |
+-------+----------------------+----------+

[INFO] Curriculum Manager:  <CurriculumManager> contains 0 active terms.
+----------------------+
| Active Curriculum Terms |
+-----------+----------+
|   Index   | Name     |
+-----------+----------+
+-----------+----------+

[INFO]: Completed setting up the environment...
[INFO]: Loading model checkpoint from: D:\workspace\go2_g_a057_work\track_lin_vel_xy_exp_p1p2\candidate\exported\model_best.pt
--------------------------------------------------------------------------------
Resolved observation sets: 
	 actor :  ['policy']
	 critic :  ['policy']
--------------------------------------------------------------------------------
Actor Model: MLPModel(
  (obs_normalizer): Identity()
  (distribution): GaussianDistribution()
  (mlp): MLP(
    (0): Linear(in_features=235, out_features=512, bias=True)
    (1): ELU(alpha=1.0)
    (2): Linear(in_features=512, out_features=256, bias=True)
    (3): ELU(alpha=1.0)
    (4): Linear(in_features=256, out_features=128, bias=True)
    (5): ELU(alpha=1.0)
    (6): Linear(in_features=128, out_features=12, bias=True)
  )
)
Critic Model: MLPModel(
  (obs_normalizer): Identity()
  (mlp): MLP(
    (0): Linear(in_features=235, out_features=512, bias=True)
    (1): ELU(alpha=1.0)
    (2): Linear(in_features=512, out_features=256, bias=True)
    (3): ELU(alpha=1.0)
    (4): Linear(in_features=256, out_features=128, bias=True)
    (5): ELU(alpha=1.0)
    (6): Linear(in_features=128, out_features=1, bias=True)
  )
)
Loading user config located at: 'd:/dev/nconnect/.venv-isaaclab/lib/site-packages/isaacsim/kit/data/Kit/Isaac-Sim/5.1/user.config.json'
[Info] [carb] Logging to file: d:/dev/nconnect/.venv-isaaclab/lib/site-packages/isaacsim/kit/logs/Kit/Isaac-Sim/5.1/kit_20260930_210257.log
2026-09-30T12:02:57Z [466ms] [Warning] [omni.usd_config.extension] Enable omni.materialx.libs extension to use MaterialX
2026-09-30T12:02:58Z [1,551ms] [Warning] [carb] Acquiring non optional plugin interface which is not listed as dependency: [omni::physx::IPhysxBenchmarks v1.0] (plugin: <default plugin>), by client: omni.physics.physx.plugin. Add it to CARB_PLUGIN_IMPL_DEPS() macro of a client.
2026-09-30T12:02:58Z [1,573ms] [Warning] [omni.isaac.dynamic_control] omni.isaac.dynamic_control is deprecated as of Isaac Sim 4.5. No action is needed from end-users.

|---------------------------------------------------------------------------------------------|
| Driver Version: 580.88        | Graphics API: D3D12
|=============================================================================================|
| GPU | Name                             | Active | LDA | GPU Memory | Vendor-ID | LUID       |
|     |                                  |        |     |            | Device-ID | UUID       |
|     |                                  |        |     |            | Bus-ID    |            |
|---------------------------------------------------------------------------------------------|
| 0   | NVIDIA GeForce RTX 3050          | Yes: 0 |     | 6002    MB | 10de      | 233c4c5c.. |
|     |                                  |        |     |            | 2584      | 0          |
|     |                                  |        |     |            | 1         |            |
|=============================================================================================|
| OS: Windows 10 Pro, Version: 10.0 (22H2), Build: 19045, Kernel: 10.0.19041.6456
| Processor: Intel(R) Core(TM) i5-14400
| Cores: 10 | Logical Cores: 16
|---------------------------------------------------------------------------------------------|
| Total Memory (MB): 32509 | Free Memory: 18805
| Total Page/Swap (MB): 37373 | Free Page/Swap: 12474
|---------------------------------------------------------------------------------------------|
2026-09-30T12:03:04Z [7,131ms] [Warning] [gpu.foundation.plugin] PCIe link width current (8) and maximum (16) for device 0 don't match.
2026-09-30T12:03:08Z [11,747ms] [Warning] [omni.physx.fabric.plugin] FabricManager::initializePointInstancer mismatched prototypes on point instancer: /Visuals/Command/velocity_goal.
2026-09-30T12:03:08Z [11,747ms] [Warning] [omni.physx.fabric.plugin] FabricManager::initializePointInstancer mismatched prototypes on point instancer: /Visuals/Command/velocity_current.
COMMAND: /workspace/IsaacLab/isaaclab.sh -p play.py --task Quadruped-v0 --num_envs 32 --headless agent.seed=101 env.commands.base_velocity.heading_command=false env.commands.base_velocity.rel_standing_envs=0.0 env.commands.base_velocity.resampling_time_range=\[1000.0\,1000.0\] env.commands.base_velocity.ranges.lin_vel_x=\[0.50\,0.50\] env.commands.base_velocity.ranges.lin_vel_y=\[0\,0\] env.commands.base_velocity.ranges.ang_vel_z=\[0\,0\] env.scene.terrain.terrain_type=generator env.curriculum.terrain_levels=null env.scene.terrain.terrain_generator.curriculum=false env.scene.terrain.terrain_generator.num_rows=1 env.scene.terrain.terrain_generator.num_cols=4 env.scene.terrain.terrain_generator.difficulty_range=\[1.0\,1.0\] env.scene.terrain.max_init_terrain_level=0 env.scene.terrain.terrain_generator.sub_terrains.pyramid_stairs.proportion=0.0 env.scene.terrain.terrain_generator.sub_terrains.pyramid_stairs_inv.proportion=0.0 env.scene.terrain.terrain_generator.sub_terrains.boxes.proportion=0.0 env.scene.terrain.terrain_generator.sub_terrains.random_rough.proportion=0.0 env.scene.terrain.terrain_generator.sub_terrains.hf_pyramid_slope.proportion=0.0 env.scene.terrain.terrain_generator.sub_terrains.hf_pyramid_slope_inv.proportion=0.0 env.scene.terrain.terrain_generator.sub_terrains.pyramid_stairs_inv.proportion=1.0 env.scene.terrain.terrain_generator.sub_terrains.pyramid_stairs_inv.step_height_range=\[0.10\,0.10\] 
[go2-eval] telemetry enabled: out=C:/Program Files/Git/workspace/_keep/go2_g_a057_track_lin_vel_xy_exp_p1p2/evaluation/candidate/cases/seed_101/stairs_10_down steps=1000
[INFO][AppLauncher]: Using device: cuda:0
[INFO][AppLauncher]: Loading experience file: D:\dev\Nconnect\IsaacLab\apps\isaaclab.python.headless.kit
[INFO]: Parsing configuration from: go2_task.env_cfg:QuadrupedRoughEnvCfg
[Quadruped:student] 6 reward 항목 로드
  [OK] track_lin_vel_xy_exp.weight = 1.2
  [OK] feet_air_time.weight = 0.2
  [OK] lin_vel_z_l2.weight = -1.25
  [OK] ang_vel_xy_l2.weight = -0.05
  [OK] action_rate_l2.weight = -0.01
  [OK] flat_orientation_l2.weight = 0.0
[Quadruped:student] terrain override - boxes ≤0.15m
[INFO]: Parsing configuration from: go2_task.agent_cfg:QuadrupedPPORunnerCfg
[WARNING]: The `policy` configuration is deprecated for rsl-rl >= 4.0.0. Please use, e.g., `actor` and `critic` model configurations instead.
[WARNING]: The `empirical_normalization` parameter is deprecated. Please set `actor_obs_normalization` and `critic_obs_normalization` as part of the `policy` configuration instead.
[WARNING]: The `policy` configuration is used to infer the `actor` model configuration.
[WARNING]: The `policy` configuration is used to infer the `critic` model configuration.
[WARNING]: The `distribution_cfg` configuration is now used to specify the output distribution for stochastic policies. Consider updating the configuration to use `distribution_cfg` instead of `stochastic`, `init_noise_std`, `noise_std_type`, and `state_dependent_std` parameters.
[INFO] Loading experiment from directory: D:\workspace\go2_g_a057_work\track_lin_vel_xy_exp_p1p2\candidate\logs\rsl_rl\quadruped

[36m======================================================================================================================[0m
[36m[1m[INFO][IsaacLab]: Logging to file: C:\Users\ADMINI~1\AppData\Local\Temp\isaaclab\logs\isaaclab_2026-09-30_21-03-53.log[0m
[36m======================================================================================================================[0m

[33m21:03:53 [simulation_context.py] WARNING: The `enable_external_forces_every_iteration` parameter in the PhysxCfg is set to False. If you are experiencing noisy velocities, consider enabling this flag. You may need to slightly increase the number of velocity iterations (setting it to 1 or 2 rather than 0), together with this flag, to improve the accuracy of velocity updates.[0m
[INFO]: Base environment:
	Environment device    : cuda:0
	Environment seed      : 101
	Physics step-size     : 0.005
	Rendering step-size   : 0.02
	Environment step-size : 0.02
[INFO] Generating terrains randomly took : 0.029047 seconds
[INFO]: Time taken for scene creation : 0.219386 seconds
[INFO]: Scene manager:  <class InteractiveScene>
	Number of environments: 32
	Environment spacing   : 2.5
	Source prim name      : /World/envs/env_0
	Global prim paths     : ['/World/ground']
	Replicate physics     : True
[INFO]: Starting the simulation. This may take a few seconds. Please wait...
[INFO]: Time taken for simulation start : 0.531024 seconds
[33m21:03:54 [velocity_command.py] WARNING: The velocity command has the 'ranges.heading' attribute set to '(-3.141592653589793, 3.141592653589793)' but the heading command is not active. Consider setting the flag for the heading command to True.[0m
D:\dev\Nconnect\.venv-isaaclab\Lib\site-packages\rsl_rl\utils\utils.py:220: UserWarning: The observation configuration dictionary 'obs_groups' is empty and thus likely not configured. Consider configuring the 'obs_groups' dictionary explicitly
  warnings.warn(
D:\dev\Nconnect\.venv-isaaclab\Lib\site-packages\rsl_rl\utils\utils.py:251: UserWarning: The observation configuration dictionary 'obs_groups' does not contain the 'actor' key. As an observation group with the name 'policy' was found, this is assumed to be the appropriate observation. Consider adding the 'actor' key to the 'obs_groups' dictionary for clarity. This behavior will be removed in a future version.
  warnings.warn(
D:\dev\Nconnect\.venv-isaaclab\Lib\site-packages\rsl_rl\utils\utils.py:251: UserWarning: The observation configuration dictionary 'obs_groups' does not contain the 'critic' key. As an observation group with the name 'policy' was found, this is assumed to be the appropriate observation. Consider adding the 'critic' key to the 'obs_groups' dictionary for clarity. This behavior will be removed in a future version.
  warnings.warn(
[INFO] Command Manager:  <CommandManager> contains 1 active terms.
+------------------------------------------------+
|              Active Command Terms              |
+-------+---------------+------------------------+
| Index | Name          |          Type          |
+-------+---------------+------------------------+
|   0   | base_velocity | UniformVelocityCommand |
+-------+---------------+------------------------+

[INFO] Event Manager:  <EventManager> contains 2 active terms.
+--------------------------------------+
| Active Event Terms in Mode: 'startup' |
+----------+---------------------------+
|  Index   | Name                      |
+----------+---------------------------+
|    0     | physics_material          |
|    1     | add_base_mass             |
+----------+---------------------------+
+---------------------------------------+
|  Active Event Terms in Mode: 'reset'  |
+--------+------------------------------+
| Index  | Name                         |
+--------+------------------------------+
|   0    | base_external_force_torque   |
|   1    | reset_base                   |
|   2    | reset_robot_joints           |
+--------+------------------------------+

[INFO] Recorder Manager:  <RecorderManager> contains 0 active terms.
+---------------------+
| Active Recorder Terms |
+-----------+---------+
|   Index   | Name    |
+-----------+---------+
+-----------+---------+

[INFO] Action Manager:  <ActionManager> contains 1 active terms.
+------------------------------------+
|  Active Action Terms (shape: 12)   |
+--------+-------------+-------------+
| Index  | Name        |   Dimension |
+--------+-------------+-------------+
|   0    | joint_pos   |          12 |
+--------+-------------+-------------+

[INFO] Observation Manager: <ObservationManager> contains 1 groups.
+----------------------------------------------------------+
| Active Observation Terms in Group: 'policy' (shape: (235,)) |
+-----------+--------------------------------+-------------+
|   Index   | Name                           |    Shape    |
+-----------+--------------------------------+-------------+
|     0     | base_lin_vel                   |     (3,)    |
|     1     | base_ang_vel                   |     (3,)    |
|     2     | projected_gravity              |     (3,)    |
|     3     | velocity_commands              |     (3,)    |
|     4     | joint_pos                      |    (12,)    |
|     5     | joint_vel                      |    (12,)    |
|     6     | actions                        |    (12,)    |
|     7     | height_scan                    |    (187,)   |
+-----------+--------------------------------+-------------+

[INFO] Termination Manager:  <TerminationManager> contains 2 active terms.
+---------------------------------+
|     Active Termination Terms    |
+-------+--------------+----------+
| Index | Name         | Time Out |
+-------+--------------+----------+
|   0   | time_out     |   True   |
|   1   | base_contact |  False   |
+-------+--------------+----------+

[INFO] Reward Manager:  <RewardManager> contains 10 active terms.
+-----------------------------------------+
|           Active Reward Terms           |
+-------+----------------------+----------+
| Index | Name                 |   Weight |
+-------+----------------------+----------+
|   0   | track_lin_vel_xy_exp |      1.2 |
|   1   | track_ang_vel_z_exp  |     0.75 |
|   2   | lin_vel_z_l2         |    -1.25 |
|   3   | ang_vel_xy_l2        |    -0.05 |
|   4   | dof_torques_l2       |  -0.0002 |
|   5   | dof_acc_l2           | -2.5e-07 |
|   6   | action_rate_l2       |    -0.01 |
|   7   | feet_air_time        |      0.2 |
|   8   | flat_orientation_l2  |      0.0 |
|   9   | dof_pos_limits       |      0.0 |
+-------+----------------------+----------+

[INFO] Curriculum Manager:  <CurriculumManager> contains 0 active terms.
+----------------------+
| Active Curriculum Terms |
+-----------+----------+
|   Index   | Name     |
+-----------+----------+
+-----------+----------+

[INFO]: Completed setting up the environment...
[INFO]: Loading model checkpoint from: D:\workspace\go2_g_a057_work\track_lin_vel_xy_exp_p1p2\candidate\exported\model_best.pt
--------------------------------------------------------------------------------
Resolved observation sets: 
	 actor :  ['policy']
	 critic :  ['policy']
--------------------------------------------------------------------------------
Actor Model: MLPModel(
  (obs_normalizer): Identity()
  (distribution): GaussianDistribution()
  (mlp): MLP(
    (0): Linear(in_features=235, out_features=512, bias=True)
    (1): ELU(alpha=1.0)
    (2): Linear(in_features=512, out_features=256, bias=True)
    (3): ELU(alpha=1.0)
    (4): Linear(in_features=256, out_features=128, bias=True)
    (5): ELU(alpha=1.0)
    (6): Linear(in_features=128, out_features=12, bias=True)
  )
)
Critic Model: MLPModel(
  (obs_normalizer): Identity()
  (mlp): MLP(
    (0): Linear(in_features=235, out_features=512, bias=True)
    (1): ELU(alpha=1.0)
    (2): Linear(in_features=512, out_features=256, bias=True)
    (3): ELU(alpha=1.0)
    (4): Linear(in_features=256, out_features=128, bias=True)
    (5): ELU(alpha=1.0)
    (6): Linear(in_features=128, out_features=1, bias=True)
  )
)
Loading user config located at: 'd:/dev/nconnect/.venv-isaaclab/lib/site-packages/isaacsim/kit/data/Kit/Isaac-Sim/5.1/user.config.json'
[Info] [carb] Logging to file: d:/dev/nconnect/.venv-isaaclab/lib/site-packages/isaacsim/kit/logs/Kit/Isaac-Sim/5.1/kit_20260930_210342.log
2026-09-30T12:03:43Z [471ms] [Warning] [omni.usd_config.extension] Enable omni.materialx.libs extension to use MaterialX
2026-09-30T12:03:44Z [1,570ms] [Warning] [carb] Acquiring non optional plugin interface which is not listed as dependency: [omni::physx::IPhysxBenchmarks v1.0] (plugin: <default plugin>), by client: omni.physics.physx.plugin. Add it to CARB_PLUGIN_IMPL_DEPS() macro of a client.
2026-09-30T12:03:44Z [1,592ms] [Warning] [omni.isaac.dynamic_control] omni.isaac.dynamic_control is deprecated as of Isaac Sim 4.5. No action is needed from end-users.

|---------------------------------------------------------------------------------------------|
| Driver Version: 580.88        | Graphics API: D3D12
|=============================================================================================|
| GPU | Name                             | Active | LDA | GPU Memory | Vendor-ID | LUID       |
|     |                                  |        |     |            | Device-ID | UUID       |
|     |                                  |        |     |            | Bus-ID    |            |
|---------------------------------------------------------------------------------------------|
| 0   | NVIDIA GeForce RTX 3050          | Yes: 0 |     | 6002    MB | 10de      | 233c4c5c.. |
|     |                                  |        |     |            | 2584      | 0          |
|     |                                  |        |     |            | 1         |            |
|=============================================================================================|
| OS: Windows 10 Pro, Version: 10.0 (22H2), Build: 19045, Kernel: 10.0.19041.6456
| Processor: Intel(R) Core(TM) i5-14400
| Cores: 10 | Logical Cores: 16
|---------------------------------------------------------------------------------------------|
| Total Memory (MB): 32509 | Free Memory: 18765
| Total Page/Swap (MB): 37373 | Free Page/Swap: 12459
|---------------------------------------------------------------------------------------------|
2026-09-30T12:03:49Z [7,165ms] [Warning] [gpu.foundation.plugin] PCIe link width current (8) and maximum (16) for device 0 don't match.
2026-09-30T12:03:54Z [11,756ms] [Warning] [omni.physx.fabric.plugin] FabricManager::initializePointInstancer mismatched prototypes on point instancer: /Visuals/Command/velocity_goal.
2026-09-30T12:03:54Z [11,756ms] [Warning] [omni.physx.fabric.plugin] FabricManager::initializePointInstancer mismatched prototypes on point instancer: /Visuals/Command/velocity_current.
COMMAND: /workspace/IsaacLab/isaaclab.sh -p play.py --task Quadruped-v0 --num_envs 32 --headless agent.seed=101 env.commands.base_velocity.heading_command=false env.commands.base_velocity.rel_standing_envs=0.0 env.commands.base_velocity.resampling_time_range=\[1000.0\,1000.0\] env.commands.base_velocity.ranges.lin_vel_x=\[0.50\,0.50\] env.commands.base_velocity.ranges.lin_vel_y=\[0\,0\] env.commands.base_velocity.ranges.ang_vel_z=\[0\,0\] env.scene.terrain.terrain_type=generator env.curriculum.terrain_levels=null env.scene.terrain.terrain_generator.curriculum=false env.scene.terrain.terrain_generator.num_rows=1 env.scene.terrain.terrain_generator.num_cols=4 env.scene.terrain.terrain_generator.difficulty_range=\[1.0\,1.0\] env.scene.terrain.max_init_terrain_level=0 env.scene.terrain.terrain_generator.sub_terrains.pyramid_stairs.proportion=0.0 env.scene.terrain.terrain_generator.sub_terrains.pyramid_stairs_inv.proportion=0.0 env.scene.terrain.terrain_generator.sub_terrains.boxes.proportion=0.0 env.scene.terrain.terrain_generator.sub_terrains.random_rough.proportion=0.0 env.scene.terrain.terrain_generator.sub_terrains.hf_pyramid_slope.proportion=0.0 env.scene.terrain.terrain_generator.sub_terrains.hf_pyramid_slope_inv.proportion=0.0 env.scene.terrain.terrain_generator.sub_terrains.pyramid_stairs.proportion=1.0 env.scene.terrain.terrain_generator.sub_terrains.pyramid_stairs.step_height_range=\[0.15\,0.15\] 
[go2-eval] telemetry enabled: out=C:/Program Files/Git/workspace/_keep/go2_g_a057_track_lin_vel_xy_exp_p1p2/evaluation/candidate/cases/seed_101/stairs_15_up steps=1000
[INFO][AppLauncher]: Using device: cuda:0
[INFO][AppLauncher]: Loading experience file: D:\dev\Nconnect\IsaacLab\apps\isaaclab.python.headless.kit
[INFO]: Parsing configuration from: go2_task.env_cfg:QuadrupedRoughEnvCfg
[Quadruped:student] 6 reward 항목 로드
  [OK] track_lin_vel_xy_exp.weight = 1.2
  [OK] feet_air_time.weight = 0.2
  [OK] lin_vel_z_l2.weight = -1.25
  [OK] ang_vel_xy_l2.weight = -0.05
  [OK] action_rate_l2.weight = -0.01
  [OK] flat_orientation_l2.weight = 0.0
[Quadruped:student] terrain override - boxes ≤0.15m
[INFO]: Parsing configuration from: go2_task.agent_cfg:QuadrupedPPORunnerCfg
[WARNING]: The `policy` configuration is deprecated for rsl-rl >= 4.0.0. Please use, e.g., `actor` and `critic` model configurations instead.
[WARNING]: The `empirical_normalization` parameter is deprecated. Please set `actor_obs_normalization` and `critic_obs_normalization` as part of the `policy` configuration instead.
[WARNING]: The `policy` configuration is used to infer the `actor` model configuration.
[WARNING]: The `policy` configuration is used to infer the `critic` model configuration.
[WARNING]: The `distribution_cfg` configuration is now used to specify the output distribution for stochastic policies. Consider updating the configuration to use `distribution_cfg` instead of `stochastic`, `init_noise_std`, `noise_std_type`, and `state_dependent_std` parameters.
[INFO] Loading experiment from directory: D:\workspace\go2_g_a057_work\track_lin_vel_xy_exp_p1p2\candidate\logs\rsl_rl\quadruped

[36m======================================================================================================================[0m
[36m[1m[INFO][IsaacLab]: Logging to file: C:\Users\ADMINI~1\AppData\Local\Temp\isaaclab\logs\isaaclab_2026-09-30_21-04-39.log[0m
[36m======================================================================================================================[0m

[33m21:04:39 [simulation_context.py] WARNING: The `enable_external_forces_every_iteration` parameter in the PhysxCfg is set to False. If you are experiencing noisy velocities, consider enabling this flag. You may need to slightly increase the number of velocity iterations (setting it to 1 or 2 rather than 0), together with this flag, to improve the accuracy of velocity updates.[0m
[INFO]: Base environment:
	Environment device    : cuda:0
	Environment seed      : 101
	Physics step-size     : 0.005
	Rendering step-size   : 0.02
	Environment step-size : 0.02
[INFO] Generating terrains randomly took : 0.029355 seconds
[INFO]: Time taken for scene creation : 0.238320 seconds
[INFO]: Scene manager:  <class InteractiveScene>
	Number of environments: 32
	Environment spacing   : 2.5
	Source prim name      : /World/envs/env_0
	Global prim paths     : ['/World/ground']
	Replicate physics     : True
[INFO]: Starting the simulation. This may take a few seconds. Please wait...
[INFO]: Time taken for simulation start : 0.524361 seconds
[33m21:04:40 [velocity_command.py] WARNING: The velocity command has the 'ranges.heading' attribute set to '(-3.141592653589793, 3.141592653589793)' but the heading command is not active. Consider setting the flag for the heading command to True.[0m
D:\dev\Nconnect\.venv-isaaclab\Lib\site-packages\rsl_rl\utils\utils.py:220: UserWarning: The observation configuration dictionary 'obs_groups' is empty and thus likely not configured. Consider configuring the 'obs_groups' dictionary explicitly
  warnings.warn(
D:\dev\Nconnect\.venv-isaaclab\Lib\site-packages\rsl_rl\utils\utils.py:251: UserWarning: The observation configuration dictionary 'obs_groups' does not contain the 'actor' key. As an observation group with the name 'policy' was found, this is assumed to be the appropriate observation. Consider adding the 'actor' key to the 'obs_groups' dictionary for clarity. This behavior will be removed in a future version.
  warnings.warn(
D:\dev\Nconnect\.venv-isaaclab\Lib\site-packages\rsl_rl\utils\utils.py:251: UserWarning: The observation configuration dictionary 'obs_groups' does not contain the 'critic' key. As an observation group with the name 'policy' was found, this is assumed to be the appropriate observation. Consider adding the 'critic' key to the 'obs_groups' dictionary for clarity. This behavior will be removed in a future version.
  warnings.warn(
[INFO] Command Manager:  <CommandManager> contains 1 active terms.
+------------------------------------------------+
|              Active Command Terms              |
+-------+---------------+------------------------+
| Index | Name          |          Type          |
+-------+---------------+------------------------+
|   0   | base_velocity | UniformVelocityCommand |
+-------+---------------+------------------------+

[INFO] Event Manager:  <EventManager> contains 2 active terms.
+--------------------------------------+
| Active Event Terms in Mode: 'startup' |
+----------+---------------------------+
|  Index   | Name                      |
+----------+---------------------------+
|    0     | physics_material          |
|    1     | add_base_mass             |
+----------+---------------------------+
+---------------------------------------+
|  Active Event Terms in Mode: 'reset'  |
+--------+------------------------------+
| Index  | Name                         |
+--------+------------------------------+
|   0    | base_external_force_torque   |
|   1    | reset_base                   |
|   2    | reset_robot_joints           |
+--------+------------------------------+

[INFO] Recorder Manager:  <RecorderManager> contains 0 active terms.
+---------------------+
| Active Recorder Terms |
+-----------+---------+
|   Index   | Name    |
+-----------+---------+
+-----------+---------+

[INFO] Action Manager:  <ActionManager> contains 1 active terms.
+------------------------------------+
|  Active Action Terms (shape: 12)   |
+--------+-------------+-------------+
| Index  | Name        |   Dimension |
+--------+-------------+-------------+
|   0    | joint_pos   |          12 |
+--------+-------------+-------------+

[INFO] Observation Manager: <ObservationManager> contains 1 groups.
+----------------------------------------------------------+
| Active Observation Terms in Group: 'policy' (shape: (235,)) |
+-----------+--------------------------------+-------------+
|   Index   | Name                           |    Shape    |
+-----------+--------------------------------+-------------+
|     0     | base_lin_vel                   |     (3,)    |
|     1     | base_ang_vel                   |     (3,)    |
|     2     | projected_gravity              |     (3,)    |
|     3     | velocity_commands              |     (3,)    |
|     4     | joint_pos                      |    (12,)    |
|     5     | joint_vel                      |    (12,)    |
|     6     | actions                        |    (12,)    |
|     7     | height_scan                    |    (187,)   |
+-----------+--------------------------------+-------------+

[INFO] Termination Manager:  <TerminationManager> contains 2 active terms.
+---------------------------------+
|     Active Termination Terms    |
+-------+--------------+----------+
| Index | Name         | Time Out |
+-------+--------------+----------+
|   0   | time_out     |   True   |
|   1   | base_contact |  False   |
+-------+--------------+----------+

[INFO] Reward Manager:  <RewardManager> contains 10 active terms.
+-----------------------------------------+
|           Active Reward Terms           |
+-------+----------------------+----------+
| Index | Name                 |   Weight |
+-------+----------------------+----------+
|   0   | track_lin_vel_xy_exp |      1.2 |
|   1   | track_ang_vel_z_exp  |     0.75 |
|   2   | lin_vel_z_l2         |    -1.25 |
|   3   | ang_vel_xy_l2        |    -0.05 |
|   4   | dof_torques_l2       |  -0.0002 |
|   5   | dof_acc_l2           | -2.5e-07 |
|   6   | action_rate_l2       |    -0.01 |
|   7   | feet_air_time        |      0.2 |
|   8   | flat_orientation_l2  |      0.0 |
|   9   | dof_pos_limits       |      0.0 |
+-------+----------------------+----------+

[INFO] Curriculum Manager:  <CurriculumManager> contains 0 active terms.
+----------------------+
| Active Curriculum Terms |
+-----------+----------+
|   Index   | Name     |
+-----------+----------+
+-----------+----------+

[INFO]: Completed setting up the environment...
[INFO]: Loading model checkpoint from: D:\workspace\go2_g_a057_work\track_lin_vel_xy_exp_p1p2\candidate\exported\model_best.pt
--------------------------------------------------------------------------------
Resolved observation sets: 
	 actor :  ['policy']
	 critic :  ['policy']
--------------------------------------------------------------------------------
Actor Model: MLPModel(
  (obs_normalizer): Identity()
  (distribution): GaussianDistribution()
  (mlp): MLP(
    (0): Linear(in_features=235, out_features=512, bias=True)
    (1): ELU(alpha=1.0)
    (2): Linear(in_features=512, out_features=256, bias=True)
    (3): ELU(alpha=1.0)
    (4): Linear(in_features=256, out_features=128, bias=True)
    (5): ELU(alpha=1.0)
    (6): Linear(in_features=128, out_features=12, bias=True)
  )
)
Critic Model: MLPModel(
  (obs_normalizer): Identity()
  (mlp): MLP(
    (0): Linear(in_features=235, out_features=512, bias=True)
    (1): ELU(alpha=1.0)
    (2): Linear(in_features=512, out_features=256, bias=True)
    (3): ELU(alpha=1.0)
    (4): Linear(in_features=256, out_features=128, bias=True)
    (5): ELU(alpha=1.0)
    (6): Linear(in_features=128, out_features=1, bias=True)
  )
)
Loading user config located at: 'd:/dev/nconnect/.venv-isaaclab/lib/site-packages/isaacsim/kit/data/Kit/Isaac-Sim/5.1/user.config.json'
[Info] [carb] Logging to file: d:/dev/nconnect/.venv-isaaclab/lib/site-packages/isaacsim/kit/logs/Kit/Isaac-Sim/5.1/kit_20260930_210428.log
2026-09-30T12:04:29Z [477ms] [Warning] [omni.usd_config.extension] Enable omni.materialx.libs extension to use MaterialX
2026-09-30T12:04:30Z [1,578ms] [Warning] [carb] Acquiring non optional plugin interface which is not listed as dependency: [omni::physx::IPhysxBenchmarks v1.0] (plugin: <default plugin>), by client: omni.physics.physx.plugin. Add it to CARB_PLUGIN_IMPL_DEPS() macro of a client.
2026-09-30T12:04:30Z [1,601ms] [Warning] [omni.isaac.dynamic_control] omni.isaac.dynamic_control is deprecated as of Isaac Sim 4.5. No action is needed from end-users.

|---------------------------------------------------------------------------------------------|
| Driver Version: 580.88        | Graphics API: D3D12
|=============================================================================================|
| GPU | Name                             | Active | LDA | GPU Memory | Vendor-ID | LUID       |
|     |                                  |        |     |            | Device-ID | UUID       |
|     |                                  |        |     |            | Bus-ID    |            |
|---------------------------------------------------------------------------------------------|
| 0   | NVIDIA GeForce RTX 3050          | Yes: 0 |     | 6002    MB | 10de      | 233c4c5c.. |
|     |                                  |        |     |            | 2584      | 0          |
|     |                                  |        |     |            | 1         |            |
|=============================================================================================|
| OS: Windows 10 Pro, Version: 10.0 (22H2), Build: 19045, Kernel: 10.0.19041.6456
| Processor: Intel(R) Core(TM) i5-14400
| Cores: 10 | Logical Cores: 16
|---------------------------------------------------------------------------------------------|
| Total Memory (MB): 32509 | Free Memory: 18764
| Total Page/Swap (MB): 37373 | Free Page/Swap: 12430
|---------------------------------------------------------------------------------------------|
2026-09-30T12:04:35Z [7,150ms] [Warning] [gpu.foundation.plugin] PCIe link width current (8) and maximum (16) for device 0 don't match.
2026-09-30T12:04:40Z [11,729ms] [Warning] [omni.physx.fabric.plugin] FabricManager::initializePointInstancer mismatched prototypes on point instancer: /Visuals/Command/velocity_goal.
2026-09-30T12:04:40Z [11,729ms] [Warning] [omni.physx.fabric.plugin] FabricManager::initializePointInstancer mismatched prototypes on point instancer: /Visuals/Command/velocity_current.
COMMAND: /workspace/IsaacLab/isaaclab.sh -p play.py --task Quadruped-v0 --num_envs 32 --headless agent.seed=101 env.commands.base_velocity.heading_command=false env.commands.base_velocity.rel_standing_envs=0.0 env.commands.base_velocity.resampling_time_range=\[1000.0\,1000.0\] env.commands.base_velocity.ranges.lin_vel_x=\[0.50\,0.50\] env.commands.base_velocity.ranges.lin_vel_y=\[0\,0\] env.commands.base_velocity.ranges.ang_vel_z=\[0\,0\] env.scene.terrain.terrain_type=generator env.curriculum.terrain_levels=null env.scene.terrain.terrain_generator.curriculum=false env.scene.terrain.terrain_generator.num_rows=1 env.scene.terrain.terrain_generator.num_cols=4 env.scene.terrain.terrain_generator.difficulty_range=\[1.0\,1.0\] env.scene.terrain.max_init_terrain_level=0 env.scene.terrain.terrain_generator.sub_terrains.pyramid_stairs.proportion=0.0 env.scene.terrain.terrain_generator.sub_terrains.pyramid_stairs_inv.proportion=0.0 env.scene.terrain.terrain_generator.sub_terrains.boxes.proportion=0.0 env.scene.terrain.terrain_generator.sub_terrains.random_rough.proportion=0.0 env.scene.terrain.terrain_generator.sub_terrains.hf_pyramid_slope.proportion=0.0 env.scene.terrain.terrain_generator.sub_terrains.hf_pyramid_slope_inv.proportion=0.0 env.scene.terrain.terrain_generator.sub_terrains.pyramid_stairs_inv.proportion=1.0 env.scene.terrain.terrain_generator.sub_terrains.pyramid_stairs_inv.step_height_range=\[0.15\,0.15\] 
[go2-eval] telemetry enabled: out=C:/Program Files/Git/workspace/_keep/go2_g_a057_track_lin_vel_xy_exp_p1p2/evaluation/candidate/cases/seed_101/stairs_15_down steps=1000
[INFO][AppLauncher]: Using device: cuda:0
[INFO][AppLauncher]: Loading experience file: D:\dev\Nconnect\IsaacLab\apps\isaaclab.python.headless.kit
[INFO]: Parsing configuration from: go2_task.env_cfg:QuadrupedRoughEnvCfg
[Quadruped:student] 6 reward 항목 로드
  [OK] track_lin_vel_xy_exp.weight = 1.2
  [OK] feet_air_time.weight = 0.2
  [OK] lin_vel_z_l2.weight = -1.25
  [OK] ang_vel_xy_l2.weight = -0.05
  [OK] action_rate_l2.weight = -0.01
  [OK] flat_orientation_l2.weight = 0.0
[Quadruped:student] terrain override - boxes ≤0.15m
[INFO]: Parsing configuration from: go2_task.agent_cfg:QuadrupedPPORunnerCfg
[WARNING]: The `policy` configuration is deprecated for rsl-rl >= 4.0.0. Please use, e.g., `actor` and `critic` model configurations instead.
[WARNING]: The `empirical_normalization` parameter is deprecated. Please set `actor_obs_normalization` and `critic_obs_normalization` as part of the `policy` configuration instead.
[WARNING]: The `policy` configuration is used to infer the `actor` model configuration.
[WARNING]: The `policy` configuration is used to infer the `critic` model configuration.
[WARNING]: The `distribution_cfg` configuration is now used to specify the output distribution for stochastic policies. Consider updating the configuration to use `distribution_cfg` instead of `stochastic`, `init_noise_std`, `noise_std_type`, and `state_dependent_std` parameters.
[INFO] Loading experiment from directory: D:\workspace\go2_g_a057_work\track_lin_vel_xy_exp_p1p2\candidate\logs\rsl_rl\quadruped

[36m======================================================================================================================[0m
[36m[1m[INFO][IsaacLab]: Logging to file: C:\Users\ADMINI~1\AppData\Local\Temp\isaaclab\logs\isaaclab_2026-09-30_21-05-25.log[0m
[36m======================================================================================================================[0m

[33m21:05:25 [simulation_context.py] WARNING: The `enable_external_forces_every_iteration` parameter in the PhysxCfg is set to False. If you are experiencing noisy velocities, consider enabling this flag. You may need to slightly increase the number of velocity iterations (setting it to 1 or 2 rather than 0), together with this flag, to improve the accuracy of velocity updates.[0m
[INFO]: Base environment:
	Environment device    : cuda:0
	Environment seed      : 101
	Physics step-size     : 0.005
	Rendering step-size   : 0.02
	Environment step-size : 0.02
[INFO] Generating terrains randomly took : 0.025439 seconds
[INFO]: Time taken for scene creation : 0.235766 seconds
[INFO]: Scene manager:  <class InteractiveScene>
	Number of environments: 32
	Environment spacing   : 2.5
	Source prim name      : /World/envs/env_0
	Global prim paths     : ['/World/ground']
	Replicate physics     : True
[INFO]: Starting the simulation. This may take a few seconds. Please wait...
[INFO]: Time taken for simulation start : 0.507512 seconds
[33m21:05:26 [velocity_command.py] WARNING: The velocity command has the 'ranges.heading' attribute set to '(-3.141592653589793, 3.141592653589793)' but the heading command is not active. Consider setting the flag for the heading command to True.[0m
D:\dev\Nconnect\.venv-isaaclab\Lib\site-packages\rsl_rl\utils\utils.py:220: UserWarning: The observation configuration dictionary 'obs_groups' is empty and thus likely not configured. Consider configuring the 'obs_groups' dictionary explicitly
  warnings.warn(
D:\dev\Nconnect\.venv-isaaclab\Lib\site-packages\rsl_rl\utils\utils.py:251: UserWarning: The observation configuration dictionary 'obs_groups' does not contain the 'actor' key. As an observation group with the name 'policy' was found, this is assumed to be the appropriate observation. Consider adding the 'actor' key to the 'obs_groups' dictionary for clarity. This behavior will be removed in a future version.
  warnings.warn(
D:\dev\Nconnect\.venv-isaaclab\Lib\site-packages\rsl_rl\utils\utils.py:251: UserWarning: The observation configuration dictionary 'obs_groups' does not contain the 'critic' key. As an observation group with the name 'policy' was found, this is assumed to be the appropriate observation. Consider adding the 'critic' key to the 'obs_groups' dictionary for clarity. This behavior will be removed in a future version.
  warnings.warn(
[INFO] Command Manager:  <CommandManager> contains 1 active terms.
+------------------------------------------------+
|              Active Command Terms              |
+-------+---------------+------------------------+
| Index | Name          |          Type          |
+-------+---------------+------------------------+
|   0   | base_velocity | UniformVelocityCommand |
+-------+---------------+------------------------+

[INFO] Event Manager:  <EventManager> contains 2 active terms.
+--------------------------------------+
| Active Event Terms in Mode: 'startup' |
+----------+---------------------------+
|  Index   | Name                      |
+----------+---------------------------+
|    0     | physics_material          |
|    1     | add_base_mass             |
+----------+---------------------------+
+---------------------------------------+
|  Active Event Terms in Mode: 'reset'  |
+--------+------------------------------+
| Index  | Name                         |
+--------+------------------------------+
|   0    | base_external_force_torque   |
|   1    | reset_base                   |
|   2    | reset_robot_joints           |
+--------+------------------------------+

[INFO] Recorder Manager:  <RecorderManager> contains 0 active terms.
+---------------------+
| Active Recorder Terms |
+-----------+---------+
|   Index   | Name    |
+-----------+---------+
+-----------+---------+

[INFO] Action Manager:  <ActionManager> contains 1 active terms.
+------------------------------------+
|  Active Action Terms (shape: 12)   |
+--------+-------------+-------------+
| Index  | Name        |   Dimension |
+--------+-------------+-------------+
|   0    | joint_pos   |          12 |
+--------+-------------+-------------+

[INFO] Observation Manager: <ObservationManager> contains 1 groups.
+----------------------------------------------------------+
| Active Observation Terms in Group: 'policy' (shape: (235,)) |
+-----------+--------------------------------+-------------+
|   Index   | Name                           |    Shape    |
+-----------+--------------------------------+-------------+
|     0     | base_lin_vel                   |     (3,)    |
|     1     | base_ang_vel                   |     (3,)    |
|     2     | projected_gravity              |     (3,)    |
|     3     | velocity_commands              |     (3,)    |
|     4     | joint_pos                      |    (12,)    |
|     5     | joint_vel                      |    (12,)    |
|     6     | actions                        |    (12,)    |
|     7     | height_scan                    |    (187,)   |
+-----------+--------------------------------+-------------+

[INFO] Termination Manager:  <TerminationManager> contains 2 active terms.
+---------------------------------+
|     Active Termination Terms    |
+-------+--------------+----------+
| Index | Name         | Time Out |
+-------+--------------+----------+
|   0   | time_out     |   True   |
|   1   | base_contact |  False   |
+-------+--------------+----------+

[INFO] Reward Manager:  <RewardManager> contains 10 active terms.
+-----------------------------------------+
|           Active Reward Terms           |
+-------+----------------------+----------+
| Index | Name                 |   Weight |
+-------+----------------------+----------+
|   0   | track_lin_vel_xy_exp |      1.2 |
|   1   | track_ang_vel_z_exp  |     0.75 |
|   2   | lin_vel_z_l2         |    -1.25 |
|   3   | ang_vel_xy_l2        |    -0.05 |
|   4   | dof_torques_l2       |  -0.0002 |
|   5   | dof_acc_l2           | -2.5e-07 |
|   6   | action_rate_l2       |    -0.01 |
|   7   | feet_air_time        |      0.2 |
|   8   | flat_orientation_l2  |      0.0 |
|   9   | dof_pos_limits       |      0.0 |
+-------+----------------------+----------+

[INFO] Curriculum Manager:  <CurriculumManager> contains 0 active terms.
+----------------------+
| Active Curriculum Terms |
+-----------+----------+
|   Index   | Name     |
+-----------+----------+
+-----------+----------+

[INFO]: Completed setting up the environment...
[INFO]: Loading model checkpoint from: D:\workspace\go2_g_a057_work\track_lin_vel_xy_exp_p1p2\candidate\exported\model_best.pt
--------------------------------------------------------------------------------
Resolved observation sets: 
	 actor :  ['policy']
	 critic :  ['policy']
--------------------------------------------------------------------------------
Actor Model: MLPModel(
  (obs_normalizer): Identity()
  (distribution): GaussianDistribution()
  (mlp): MLP(
    (0): Linear(in_features=235, out_features=512, bias=True)
    (1): ELU(alpha=1.0)
    (2): Linear(in_features=512, out_features=256, bias=True)
    (3): ELU(alpha=1.0)
    (4): Linear(in_features=256, out_features=128, bias=True)
    (5): ELU(alpha=1.0)
    (6): Linear(in_features=128, out_features=12, bias=True)
  )
)
Critic Model: MLPModel(
  (obs_normalizer): Identity()
  (mlp): MLP(
    (0): Linear(in_features=235, out_features=512, bias=True)
    (1): ELU(alpha=1.0)
    (2): Linear(in_features=512, out_features=256, bias=True)
    (3): ELU(alpha=1.0)
    (4): Linear(in_features=256, out_features=128, bias=True)
    (5): ELU(alpha=1.0)
    (6): Linear(in_features=128, out_features=1, bias=True)
  )
)
Loading user config located at: 'd:/dev/nconnect/.venv-isaaclab/lib/site-packages/isaacsim/kit/data/Kit/Isaac-Sim/5.1/user.config.json'
[Info] [carb] Logging to file: d:/dev/nconnect/.venv-isaaclab/lib/site-packages/isaacsim/kit/logs/Kit/Isaac-Sim/5.1/kit_20260930_210515.log
2026-09-30T12:05:15Z [466ms] [Warning] [omni.usd_config.extension] Enable omni.materialx.libs extension to use MaterialX
2026-09-30T12:05:16Z [1,551ms] [Warning] [carb] Acquiring non optional plugin interface which is not listed as dependency: [omni::physx::IPhysxBenchmarks v1.0] (plugin: <default plugin>), by client: omni.physics.physx.plugin. Add it to CARB_PLUGIN_IMPL_DEPS() macro of a client.
2026-09-30T12:05:16Z [1,571ms] [Warning] [omni.isaac.dynamic_control] omni.isaac.dynamic_control is deprecated as of Isaac Sim 4.5. No action is needed from end-users.

|---------------------------------------------------------------------------------------------|
| Driver Version: 580.88        | Graphics API: D3D12
|=============================================================================================|
| GPU | Name                             | Active | LDA | GPU Memory | Vendor-ID | LUID       |
|     |                                  |        |     |            | Device-ID | UUID       |
|     |                                  |        |     |            | Bus-ID    |            |
|---------------------------------------------------------------------------------------------|
| 0   | NVIDIA GeForce RTX 3050          | Yes: 0 |     | 6002    MB | 10de      | 233c4c5c.. |
|     |                                  |        |     |            | 2584      | 0          |
|     |                                  |        |     |            | 1         |            |
|=============================================================================================|
| OS: Windows 10 Pro, Version: 10.0 (22H2), Build: 19045, Kernel: 10.0.19041.6456
| Processor: Intel(R) Core(TM) i5-14400
| Cores: 10 | Logical Cores: 16
|---------------------------------------------------------------------------------------------|
| Total Memory (MB): 32509 | Free Memory: 18766
| Total Page/Swap (MB): 37373 | Free Page/Swap: 12444
|---------------------------------------------------------------------------------------------|
2026-09-30T12:05:22Z [6,995ms] [Warning] [gpu.foundation.plugin] PCIe link width current (8) and maximum (16) for device 0 don't match.
2026-09-30T12:05:26Z [11,519ms] [Warning] [omni.physx.fabric.plugin] FabricManager::initializePointInstancer mismatched prototypes on point instancer: /Visuals/Command/velocity_goal.
2026-09-30T12:05:26Z [11,519ms] [Warning] [omni.physx.fabric.plugin] FabricManager::initializePointInstancer mismatched prototypes on point instancer: /Visuals/Command/velocity_current.
COMMAND: /workspace/IsaacLab/isaaclab.sh -p play.py --task Quadruped-v0 --num_envs 32 --headless agent.seed=101 env.commands.base_velocity.heading_command=false env.commands.base_velocity.rel_standing_envs=0.0 env.commands.base_velocity.resampling_time_range=\[1000.0\,1000.0\] env.commands.base_velocity.ranges.lin_vel_x=\[0\,0\] env.commands.base_velocity.ranges.lin_vel_y=\[0\,0\] env.commands.base_velocity.ranges.ang_vel_z=\[0\,0\] env.scene.terrain.terrain_type=plane env.curriculum.terrain_levels=null 
[go2-eval] telemetry enabled: out=C:/Program Files/Git/workspace/_keep/go2_g_a057_track_lin_vel_xy_exp_p1p2/evaluation/candidate/cases/seed_101/push_pos_x steps=1000
[INFO][AppLauncher]: Using device: cuda:0
[INFO][AppLauncher]: Loading experience file: D:\dev\Nconnect\IsaacLab\apps\isaaclab.python.headless.kit
[INFO]: Parsing configuration from: go2_task.env_cfg:QuadrupedRoughEnvCfg
[Quadruped:student] 6 reward 항목 로드
  [OK] track_lin_vel_xy_exp.weight = 1.2
  [OK] feet_air_time.weight = 0.2
  [OK] lin_vel_z_l2.weight = -1.25
  [OK] ang_vel_xy_l2.weight = -0.05
  [OK] action_rate_l2.weight = -0.01
  [OK] flat_orientation_l2.weight = 0.0
[Quadruped:student] terrain override - boxes ≤0.15m
[Quadruped] 밀침 테스트 켜짐 — 4초마다 fixed (0.5, 0.0) m/s (play 전용)
[INFO]: Parsing configuration from: go2_task.agent_cfg:QuadrupedPPORunnerCfg
[WARNING]: The `policy` configuration is deprecated for rsl-rl >= 4.0.0. Please use, e.g., `actor` and `critic` model configurations instead.
[WARNING]: The `empirical_normalization` parameter is deprecated. Please set `actor_obs_normalization` and `critic_obs_normalization` as part of the `policy` configuration instead.
[WARNING]: The `policy` configuration is used to infer the `actor` model configuration.
[WARNING]: The `policy` configuration is used to infer the `critic` model configuration.
[WARNING]: The `distribution_cfg` configuration is now used to specify the output distribution for stochastic policies. Consider updating the configuration to use `distribution_cfg` instead of `stochastic`, `init_noise_std`, `noise_std_type`, and `state_dependent_std` parameters.
[INFO] Loading experiment from directory: D:\workspace\go2_g_a057_work\track_lin_vel_xy_exp_p1p2\candidate\logs\rsl_rl\quadruped

[36m======================================================================================================================[0m
[36m[1m[INFO][IsaacLab]: Logging to file: C:\Users\ADMINI~1\AppData\Local\Temp\isaaclab\logs\isaaclab_2026-09-30_21-06-10.log[0m
[36m======================================================================================================================[0m

[33m21:06:11 [simulation_context.py] WARNING: The `enable_external_forces_every_iteration` parameter in the PhysxCfg is set to False. If you are experiencing noisy velocities, consider enabling this flag. You may need to slightly increase the number of velocity iterations (setting it to 1 or 2 rather than 0), together with this flag, to improve the accuracy of velocity updates.[0m
[INFO]: Base environment:
	Environment device    : cuda:0
	Environment seed      : 101
	Physics step-size     : 0.005
	Rendering step-size   : 0.02
	Environment step-size : 0.02
[33m21:06:11 [terrain_importer.py] WARNING: Visual material specified for ground plane but no diffuse color found. Using default color: (0.0, 0.0, 0.0)[0m
[INFO]: Time taken for scene creation : 0.204580 seconds
[INFO]: Scene manager:  <class InteractiveScene>
	Number of environments: 32
	Environment spacing   : 2.5
	Source prim name      : /World/envs/env_0
	Global prim paths     : ['/World/ground']
	Replicate physics     : True
[INFO]: Starting the simulation. This may take a few seconds. Please wait...
[INFO]: Time taken for simulation start : 0.639202 seconds
[33m21:06:12 [velocity_command.py] WARNING: The velocity command has the 'ranges.heading' attribute set to '(-3.141592653589793, 3.141592653589793)' but the heading command is not active. Consider setting the flag for the heading command to True.[0m
D:\dev\Nconnect\.venv-isaaclab\Lib\site-packages\rsl_rl\utils\utils.py:220: UserWarning: The observation configuration dictionary 'obs_groups' is empty and thus likely not configured. Consider configuring the 'obs_groups' dictionary explicitly
  warnings.warn(
D:\dev\Nconnect\.venv-isaaclab\Lib\site-packages\rsl_rl\utils\utils.py:251: UserWarning: The observation configuration dictionary 'obs_groups' does not contain the 'actor' key. As an observation group with the name 'policy' was found, this is assumed to be the appropriate observation. Consider adding the 'actor' key to the 'obs_groups' dictionary for clarity. This behavior will be removed in a future version.
  warnings.warn(
D:\dev\Nconnect\.venv-isaaclab\Lib\site-packages\rsl_rl\utils\utils.py:251: UserWarning: The observation configuration dictionary 'obs_groups' does not contain the 'critic' key. As an observation group with the name 'policy' was found, this is assumed to be the appropriate observation. Consider adding the 'critic' key to the 'obs_groups' dictionary for clarity. This behavior will be removed in a future version.
  warnings.warn(
[INFO] Command Manager:  <CommandManager> contains 1 active terms.
+------------------------------------------------+
|              Active Command Terms              |
+-------+---------------+------------------------+
| Index | Name          |          Type          |
+-------+---------------+------------------------+
|   0   | base_velocity | UniformVelocityCommand |
+-------+---------------+------------------------+

[INFO] Event Manager:  <EventManager> contains 3 active terms.
+--------------------------------------+
| Active Event Terms in Mode: 'startup' |
+----------+---------------------------+
|  Index   | Name                      |
+----------+---------------------------+
|    0     | physics_material          |
|    1     | add_base_mass             |
+----------+---------------------------+
+---------------------------------------+
|  Active Event Terms in Mode: 'reset'  |
+--------+------------------------------+
| Index  | Name                         |
+--------+------------------------------+
|   0    | base_external_force_torque   |
|   1    | reset_base                   |
|   2    | reset_robot_joints           |
+--------+------------------------------+
+----------------------------------------------+
|    Active Event Terms in Mode: 'interval'    |
+-------+------------+-------------------------+
| Index | Name       | Interval time range (s) |
+-------+------------+-------------------------+
|   0   | push_robot |        (4.0, 4.0)       |
+-------+------------+-------------------------+

[INFO] Recorder Manager:  <RecorderManager> contains 0 active terms.
+---------------------+
| Active Recorder Terms |
+-----------+---------+
|   Index   | Name    |
+-----------+---------+
+-----------+---------+

[INFO] Action Manager:  <ActionManager> contains 1 active terms.
+------------------------------------+
|  Active Action Terms (shape: 12)   |
+--------+-------------+-------------+
| Index  | Name        |   Dimension |
+--------+-------------+-------------+
|   0    | joint_pos   |          12 |
+--------+-------------+-------------+

[INFO] Observation Manager: <ObservationManager> contains 1 groups.
+----------------------------------------------------------+
| Active Observation Terms in Group: 'policy' (shape: (235,)) |
+-----------+--------------------------------+-------------+
|   Index   | Name                           |    Shape    |
+-----------+--------------------------------+-------------+
|     0     | base_lin_vel                   |     (3,)    |
|     1     | base_ang_vel                   |     (3,)    |
|     2     | projected_gravity              |     (3,)    |
|     3     | velocity_commands              |     (3,)    |
|     4     | joint_pos                      |    (12,)    |
|     5     | joint_vel                      |    (12,)    |
|     6     | actions                        |    (12,)    |
|     7     | height_scan                    |    (187,)   |
+-----------+--------------------------------+-------------+

[INFO] Termination Manager:  <TerminationManager> contains 2 active terms.
+---------------------------------+
|     Active Termination Terms    |
+-------+--------------+----------+
| Index | Name         | Time Out |
+-------+--------------+----------+
|   0   | time_out     |   True   |
|   1   | base_contact |  False   |
+-------+--------------+----------+

[INFO] Reward Manager:  <RewardManager> contains 10 active terms.
+-----------------------------------------+
|           Active Reward Terms           |
+-------+----------------------+----------+
| Index | Name                 |   Weight |
+-------+----------------------+----------+
|   0   | track_lin_vel_xy_exp |      1.2 |
|   1   | track_ang_vel_z_exp  |     0.75 |
|   2   | lin_vel_z_l2         |    -1.25 |
|   3   | ang_vel_xy_l2        |    -0.05 |
|   4   | dof_torques_l2       |  -0.0002 |
|   5   | dof_acc_l2           | -2.5e-07 |
|   6   | action_rate_l2       |    -0.01 |
|   7   | feet_air_time        |      0.2 |
|   8   | flat_orientation_l2  |      0.0 |
|   9   | dof_pos_limits       |      0.0 |
+-------+----------------------+----------+

[INFO] Curriculum Manager:  <CurriculumManager> contains 0 active terms.
+----------------------+
| Active Curriculum Terms |
+-----------+----------+
|   Index   | Name     |
+-----------+----------+
+-----------+----------+

[INFO]: Completed setting up the environment...
[INFO]: Loading model checkpoint from: D:\workspace\go2_g_a057_work\track_lin_vel_xy_exp_p1p2\candidate\exported\model_best.pt
--------------------------------------------------------------------------------
Resolved observation sets: 
	 actor :  ['policy']
	 critic :  ['policy']
--------------------------------------------------------------------------------
Actor Model: MLPModel(
  (obs_normalizer): Identity()
  (distribution): GaussianDistribution()
  (mlp): MLP(
    (0): Linear(in_features=235, out_features=512, bias=True)
    (1): ELU(alpha=1.0)
    (2): Linear(in_features=512, out_features=256, bias=True)
    (3): ELU(alpha=1.0)
    (4): Linear(in_features=256, out_features=128, bias=True)
    (5): ELU(alpha=1.0)
    (6): Linear(in_features=128, out_features=12, bias=True)
  )
)
Critic Model: MLPModel(
  (obs_normalizer): Identity()
  (mlp): MLP(
    (0): Linear(in_features=235, out_features=512, bias=True)
    (1): ELU(alpha=1.0)
    (2): Linear(in_features=512, out_features=256, bias=True)
    (3): ELU(alpha=1.0)
    (4): Linear(in_features=256, out_features=128, bias=True)
    (5): ELU(alpha=1.0)
    (6): Linear(in_features=128, out_features=1, bias=True)
  )
)
Loading user config located at: 'd:/dev/nconnect/.venv-isaaclab/lib/site-packages/isaacsim/kit/data/Kit/Isaac-Sim/5.1/user.config.json'
[Info] [carb] Logging to file: d:/dev/nconnect/.venv-isaaclab/lib/site-packages/isaacsim/kit/logs/Kit/Isaac-Sim/5.1/kit_20260930_210600.log
2026-09-30T12:06:01Z [502ms] [Warning] [omni.usd_config.extension] Enable omni.materialx.libs extension to use MaterialX
2026-09-30T12:06:02Z [1,681ms] [Warning] [carb] Acquiring non optional plugin interface which is not listed as dependency: [omni::physx::IPhysxBenchmarks v1.0] (plugin: <default plugin>), by client: omni.physics.physx.plugin. Add it to CARB_PLUGIN_IMPL_DEPS() macro of a client.
2026-09-30T12:06:02Z [1,704ms] [Warning] [omni.isaac.dynamic_control] omni.isaac.dynamic_control is deprecated as of Isaac Sim 4.5. No action is needed from end-users.

|---------------------------------------------------------------------------------------------|
| Driver Version: 580.88        | Graphics API: D3D12
|=============================================================================================|
| GPU | Name                             | Active | LDA | GPU Memory | Vendor-ID | LUID       |
|     |                                  |        |     |            | Device-ID | UUID       |
|     |                                  |        |     |            | Bus-ID    |            |
|---------------------------------------------------------------------------------------------|
| 0   | NVIDIA GeForce RTX 3050          | Yes: 0 |     | 6002    MB | 10de      | 233c4c5c.. |
|     |                                  |        |     |            | 2584      | 0          |
|     |                                  |        |     |            | 1         |            |
|=============================================================================================|
| OS: Windows 10 Pro, Version: 10.0 (22H2), Build: 19045, Kernel: 10.0.19041.6456
| Processor: Intel(R) Core(TM) i5-14400
| Cores: 10 | Logical Cores: 16
|---------------------------------------------------------------------------------------------|
| Total Memory (MB): 32509 | Free Memory: 18806
| Total Page/Swap (MB): 37373 | Free Page/Swap: 12476
|---------------------------------------------------------------------------------------------|
2026-09-30T12:06:07Z [7,211ms] [Warning] [gpu.foundation.plugin] PCIe link width current (8) and maximum (16) for device 0 don't match.
2026-09-30T12:06:12Z [11,889ms] [Warning] [omni.physx.fabric.plugin] FabricManager::initializePointInstancer mismatched prototypes on point instancer: /Visuals/Command/velocity_goal.
2026-09-30T12:06:12Z [11,890ms] [Warning] [omni.physx.fabric.plugin] FabricManager::initializePointInstancer mismatched prototypes on point instancer: /Visuals/Command/velocity_current.
COMMAND: /workspace/IsaacLab/isaaclab.sh -p play.py --task Quadruped-v0 --num_envs 32 --headless agent.seed=101 env.commands.base_velocity.heading_command=false env.commands.base_velocity.rel_standing_envs=0.0 env.commands.base_velocity.resampling_time_range=\[1000.0\,1000.0\] env.commands.base_velocity.ranges.lin_vel_x=\[0\,0\] env.commands.base_velocity.ranges.lin_vel_y=\[0\,0\] env.commands.base_velocity.ranges.ang_vel_z=\[0\,0\] env.scene.terrain.terrain_type=plane env.curriculum.terrain_levels=null 
[go2-eval] telemetry enabled: out=C:/Program Files/Git/workspace/_keep/go2_g_a057_track_lin_vel_xy_exp_p1p2/evaluation/candidate/cases/seed_101/push_neg_x steps=1000
[INFO][AppLauncher]: Using device: cuda:0
[INFO][AppLauncher]: Loading experience file: D:\dev\Nconnect\IsaacLab\apps\isaaclab.python.headless.kit
[INFO]: Parsing configuration from: go2_task.env_cfg:QuadrupedRoughEnvCfg
[Quadruped:student] 6 reward 항목 로드
  [OK] track_lin_vel_xy_exp.weight = 1.2
  [OK] feet_air_time.weight = 0.2
  [OK] lin_vel_z_l2.weight = -1.25
  [OK] ang_vel_xy_l2.weight = -0.05
  [OK] action_rate_l2.weight = -0.01
  [OK] flat_orientation_l2.weight = 0.0
[Quadruped:student] terrain override - boxes ≤0.15m
[Quadruped] 밀침 테스트 켜짐 — 4초마다 fixed (-0.5, 0.0) m/s (play 전용)
[INFO]: Parsing configuration from: go2_task.agent_cfg:QuadrupedPPORunnerCfg
[WARNING]: The `policy` configuration is deprecated for rsl-rl >= 4.0.0. Please use, e.g., `actor` and `critic` model configurations instead.
[WARNING]: The `empirical_normalization` parameter is deprecated. Please set `actor_obs_normalization` and `critic_obs_normalization` as part of the `policy` configuration instead.
[WARNING]: The `policy` configuration is used to infer the `actor` model configuration.
[WARNING]: The `policy` configuration is used to infer the `critic` model configuration.
[WARNING]: The `distribution_cfg` configuration is now used to specify the output distribution for stochastic policies. Consider updating the configuration to use `distribution_cfg` instead of `stochastic`, `init_noise_std`, `noise_std_type`, and `state_dependent_std` parameters.
[INFO] Loading experiment from directory: D:\workspace\go2_g_a057_work\track_lin_vel_xy_exp_p1p2\candidate\logs\rsl_rl\quadruped

[36m======================================================================================================================[0m
[36m[1m[INFO][IsaacLab]: Logging to file: C:\Users\ADMINI~1\AppData\Local\Temp\isaaclab\logs\isaaclab_2026-09-30_21-06-57.log[0m
[36m======================================================================================================================[0m

[33m21:06:57 [simulation_context.py] WARNING: The `enable_external_forces_every_iteration` parameter in the PhysxCfg is set to False. If you are experiencing noisy velocities, consider enabling this flag. You may need to slightly increase the number of velocity iterations (setting it to 1 or 2 rather than 0), together with this flag, to improve the accuracy of velocity updates.[0m
[INFO]: Base environment:
	Environment device    : cuda:0
	Environment seed      : 101
	Physics step-size     : 0.005
	Rendering step-size   : 0.02
	Environment step-size : 0.02
[33m21:06:57 [terrain_importer.py] WARNING: Visual material specified for ground plane but no diffuse color found. Using default color: (0.0, 0.0, 0.0)[0m
[INFO]: Time taken for scene creation : 0.205158 seconds
[INFO]: Scene manager:  <class InteractiveScene>
	Number of environments: 32
	Environment spacing   : 2.5
	Source prim name      : /World/envs/env_0
	Global prim paths     : ['/World/ground']
	Replicate physics     : True
[INFO]: Starting the simulation. This may take a few seconds. Please wait...
[INFO]: Time taken for simulation start : 0.723843 seconds
[33m21:06:58 [velocity_command.py] WARNING: The velocity command has the 'ranges.heading' attribute set to '(-3.141592653589793, 3.141592653589793)' but the heading command is not active. Consider setting the flag for the heading command to True.[0m
D:\dev\Nconnect\.venv-isaaclab\Lib\site-packages\rsl_rl\utils\utils.py:220: UserWarning: The observation configuration dictionary 'obs_groups' is empty and thus likely not configured. Consider configuring the 'obs_groups' dictionary explicitly
  warnings.warn(
D:\dev\Nconnect\.venv-isaaclab\Lib\site-packages\rsl_rl\utils\utils.py:251: UserWarning: The observation configuration dictionary 'obs_groups' does not contain the 'actor' key. As an observation group with the name 'policy' was found, this is assumed to be the appropriate observation. Consider adding the 'actor' key to the 'obs_groups' dictionary for clarity. This behavior will be removed in a future version.
  warnings.warn(
D:\dev\Nconnect\.venv-isaaclab\Lib\site-packages\rsl_rl\utils\utils.py:251: UserWarning: The observation configuration dictionary 'obs_groups' does not contain the 'critic' key. As an observation group with the name 'policy' was found, this is assumed to be the appropriate observation. Consider adding the 'critic' key to the 'obs_groups' dictionary for clarity. This behavior will be removed in a future version.
  warnings.warn(
[INFO] Command Manager:  <CommandManager> contains 1 active terms.
+------------------------------------------------+
|              Active Command Terms              |
+-------+---------------+------------------------+
| Index | Name          |          Type          |
+-------+---------------+------------------------+
|   0   | base_velocity | UniformVelocityCommand |
+-------+---------------+------------------------+

[INFO] Event Manager:  <EventManager> contains 3 active terms.
+--------------------------------------+
| Active Event Terms in Mode: 'startup' |
+----------+---------------------------+
|  Index   | Name                      |
+----------+---------------------------+
|    0     | physics_material          |
|    1     | add_base_mass             |
+----------+---------------------------+
+---------------------------------------+
|  Active Event Terms in Mode: 'reset'  |
+--------+------------------------------+
| Index  | Name                         |
+--------+------------------------------+
|   0    | base_external_force_torque   |
|   1    | reset_base                   |
|   2    | reset_robot_joints           |
+--------+------------------------------+
+----------------------------------------------+
|    Active Event Terms in Mode: 'interval'    |
+-------+------------+-------------------------+
| Index | Name       | Interval time range (s) |
+-------+------------+-------------------------+
|   0   | push_robot |        (4.0, 4.0)       |
+-------+------------+-------------------------+

[INFO] Recorder Manager:  <RecorderManager> contains 0 active terms.
+---------------------+
| Active Recorder Terms |
+-----------+---------+
|   Index   | Name    |
+-----------+---------+
+-----------+---------+

[INFO] Action Manager:  <ActionManager> contains 1 active terms.
+------------------------------------+
|  Active Action Terms (shape: 12)   |
+--------+-------------+-------------+
| Index  | Name        |   Dimension |
+--------+-------------+-------------+
|   0    | joint_pos   |          12 |
+--------+-------------+-------------+

[INFO] Observation Manager: <ObservationManager> contains 1 groups.
+----------------------------------------------------------+
| Active Observation Terms in Group: 'policy' (shape: (235,)) |
+-----------+--------------------------------+-------------+
|   Index   | Name                           |    Shape    |
+-----------+--------------------------------+-------------+
|     0     | base_lin_vel                   |     (3,)    |
|     1     | base_ang_vel                   |     (3,)    |
|     2     | projected_gravity              |     (3,)    |
|     3     | velocity_commands              |     (3,)    |
|     4     | joint_pos                      |    (12,)    |
|     5     | joint_vel                      |    (12,)    |
|     6     | actions                        |    (12,)    |
|     7     | height_scan                    |    (187,)   |
+-----------+--------------------------------+-------------+

[INFO] Termination Manager:  <TerminationManager> contains 2 active terms.
+---------------------------------+
|     Active Termination Terms    |
+-------+--------------+----------+
| Index | Name         | Time Out |
+-------+--------------+----------+
|   0   | time_out     |   True   |
|   1   | base_contact |  False   |
+-------+--------------+----------+

[INFO] Reward Manager:  <RewardManager> contains 10 active terms.
+-----------------------------------------+
|           Active Reward Terms           |
+-------+----------------------+----------+
| Index | Name                 |   Weight |
+-------+----------------------+----------+
|   0   | track_lin_vel_xy_exp |      1.2 |
|   1   | track_ang_vel_z_exp  |     0.75 |
|   2   | lin_vel_z_l2         |    -1.25 |
|   3   | ang_vel_xy_l2        |    -0.05 |
|   4   | dof_torques_l2       |  -0.0002 |
|   5   | dof_acc_l2           | -2.5e-07 |
|   6   | action_rate_l2       |    -0.01 |
|   7   | feet_air_time        |      0.2 |
|   8   | flat_orientation_l2  |      0.0 |
|   9   | dof_pos_limits       |      0.0 |
+-------+----------------------+----------+

[INFO] Curriculum Manager:  <CurriculumManager> contains 0 active terms.
+----------------------+
| Active Curriculum Terms |
+-----------+----------+
|   Index   | Name     |
+-----------+----------+
+-----------+----------+

[INFO]: Completed setting up the environment...
[INFO]: Loading model checkpoint from: D:\workspace\go2_g_a057_work\track_lin_vel_xy_exp_p1p2\candidate\exported\model_best.pt
--------------------------------------------------------------------------------
Resolved observation sets: 
	 actor :  ['policy']
	 critic :  ['policy']
--------------------------------------------------------------------------------
Actor Model: MLPModel(
  (obs_normalizer): Identity()
  (distribution): GaussianDistribution()
  (mlp): MLP(
    (0): Linear(in_features=235, out_features=512, bias=True)
    (1): ELU(alpha=1.0)
    (2): Linear(in_features=512, out_features=256, bias=True)
    (3): ELU(alpha=1.0)
    (4): Linear(in_features=256, out_features=128, bias=True)
    (5): ELU(alpha=1.0)
    (6): Linear(in_features=128, out_features=12, bias=True)
  )
)
Critic Model: MLPModel(
  (obs_normalizer): Identity()
  (mlp): MLP(
    (0): Linear(in_features=235, out_features=512, bias=True)
    (1): ELU(alpha=1.0)
    (2): Linear(in_features=512, out_features=256, bias=True)
    (3): ELU(alpha=1.0)
    (4): Linear(in_features=256, out_features=128, bias=True)
    (5): ELU(alpha=1.0)
    (6): Linear(in_features=128, out_features=1, bias=True)
  )
)
Loading user config located at: 'd:/dev/nconnect/.venv-isaaclab/lib/site-packages/isaacsim/kit/data/Kit/Isaac-Sim/5.1/user.config.json'
[Info] [carb] Logging to file: d:/dev/nconnect/.venv-isaaclab/lib/site-packages/isaacsim/kit/logs/Kit/Isaac-Sim/5.1/kit_20260930_210646.log
2026-09-30T12:06:47Z [494ms] [Warning] [omni.usd_config.extension] Enable omni.materialx.libs extension to use MaterialX
2026-09-30T12:06:48Z [1,721ms] [Warning] [carb] Acquiring non optional plugin interface which is not listed as dependency: [omni::physx::IPhysxBenchmarks v1.0] (plugin: <default plugin>), by client: omni.physics.physx.plugin. Add it to CARB_PLUGIN_IMPL_DEPS() macro of a client.
2026-09-30T12:06:48Z [1,745ms] [Warning] [omni.isaac.dynamic_control] omni.isaac.dynamic_control is deprecated as of Isaac Sim 4.5. No action is needed from end-users.

|---------------------------------------------------------------------------------------------|
| Driver Version: 580.88        | Graphics API: D3D12
|=============================================================================================|
| GPU | Name                             | Active | LDA | GPU Memory | Vendor-ID | LUID       |
|     |                                  |        |     |            | Device-ID | UUID       |
|     |                                  |        |     |            | Bus-ID    |            |
|---------------------------------------------------------------------------------------------|
| 0   | NVIDIA GeForce RTX 3050          | Yes: 0 |     | 6002    MB | 10de      | 233c4c5c.. |
|     |                                  |        |     |            | 2584      | 0          |
|     |                                  |        |     |            | 1         |            |
|=============================================================================================|
| OS: Windows 10 Pro, Version: 10.0 (22H2), Build: 19045, Kernel: 10.0.19041.6456
| Processor: Intel(R) Core(TM) i5-14400
| Cores: 10 | Logical Cores: 16
|---------------------------------------------------------------------------------------------|
| Total Memory (MB): 32509 | Free Memory: 18770
| Total Page/Swap (MB): 37373 | Free Page/Swap: 12503
|---------------------------------------------------------------------------------------------|
2026-09-30T12:06:54Z [7,427ms] [Warning] [gpu.foundation.plugin] PCIe link width current (8) and maximum (16) for device 0 don't match.
2026-09-30T12:06:59Z [12,115ms] [Warning] [omni.physx.fabric.plugin] FabricManager::initializePointInstancer mismatched prototypes on point instancer: /Visuals/Command/velocity_current.
2026-09-30T12:06:59Z [12,115ms] [Warning] [omni.physx.fabric.plugin] FabricManager::initializePointInstancer mismatched prototypes on point instancer: /Visuals/Command/velocity_goal.
COMMAND: /workspace/IsaacLab/isaaclab.sh -p play.py --task Quadruped-v0 --num_envs 32 --headless agent.seed=101 env.commands.base_velocity.heading_command=false env.commands.base_velocity.rel_standing_envs=0.0 env.commands.base_velocity.resampling_time_range=\[1000.0\,1000.0\] env.commands.base_velocity.ranges.lin_vel_x=\[0\,0\] env.commands.base_velocity.ranges.lin_vel_y=\[0\,0\] env.commands.base_velocity.ranges.ang_vel_z=\[0\,0\] env.scene.terrain.terrain_type=plane env.curriculum.terrain_levels=null 
[go2-eval] telemetry enabled: out=C:/Program Files/Git/workspace/_keep/go2_g_a057_track_lin_vel_xy_exp_p1p2/evaluation/candidate/cases/seed_101/push_pos_y steps=1000
[INFO][AppLauncher]: Using device: cuda:0
[INFO][AppLauncher]: Loading experience file: D:\dev\Nconnect\IsaacLab\apps\isaaclab.python.headless.kit
[INFO]: Parsing configuration from: go2_task.env_cfg:QuadrupedRoughEnvCfg
[Quadruped:student] 6 reward 항목 로드
  [OK] track_lin_vel_xy_exp.weight = 1.2
  [OK] feet_air_time.weight = 0.2
  [OK] lin_vel_z_l2.weight = -1.25
  [OK] ang_vel_xy_l2.weight = -0.05
  [OK] action_rate_l2.weight = -0.01
  [OK] flat_orientation_l2.weight = 0.0
[Quadruped:student] terrain override - boxes ≤0.15m
[Quadruped] 밀침 테스트 켜짐 — 4초마다 fixed (0.0, 0.5) m/s (play 전용)
[INFO]: Parsing configuration from: go2_task.agent_cfg:QuadrupedPPORunnerCfg
[WARNING]: The `policy` configuration is deprecated for rsl-rl >= 4.0.0. Please use, e.g., `actor` and `critic` model configurations instead.
[WARNING]: The `empirical_normalization` parameter is deprecated. Please set `actor_obs_normalization` and `critic_obs_normalization` as part of the `policy` configuration instead.
[WARNING]: The `policy` configuration is used to infer the `actor` model configuration.
[WARNING]: The `policy` configuration is used to infer the `critic` model configuration.
[WARNING]: The `distribution_cfg` configuration is now used to specify the output distribution for stochastic policies. Consider updating the configuration to use `distribution_cfg` instead of `stochastic`, `init_noise_std`, `noise_std_type`, and `state_dependent_std` parameters.
[INFO] Loading experiment from directory: D:\workspace\go2_g_a057_work\track_lin_vel_xy_exp_p1p2\candidate\logs\rsl_rl\quadruped

[36m======================================================================================================================[0m
[36m[1m[INFO][IsaacLab]: Logging to file: C:\Users\ADMINI~1\AppData\Local\Temp\isaaclab\logs\isaaclab_2026-09-30_21-07-44.log[0m
[36m======================================================================================================================[0m

[33m21:07:44 [simulation_context.py] WARNING: The `enable_external_forces_every_iteration` parameter in the PhysxCfg is set to False. If you are experiencing noisy velocities, consider enabling this flag. You may need to slightly increase the number of velocity iterations (setting it to 1 or 2 rather than 0), together with this flag, to improve the accuracy of velocity updates.[0m
[INFO]: Base environment:
	Environment device    : cuda:0
	Environment seed      : 101
	Physics step-size     : 0.005
	Rendering step-size   : 0.02
	Environment step-size : 0.02
[33m21:07:44 [terrain_importer.py] WARNING: Visual material specified for ground plane but no diffuse color found. Using default color: (0.0, 0.0, 0.0)[0m
[INFO]: Time taken for scene creation : 0.205922 seconds
[INFO]: Scene manager:  <class InteractiveScene>
	Number of environments: 32
	Environment spacing   : 2.5
	Source prim name      : /World/envs/env_0
	Global prim paths     : ['/World/ground']
	Replicate physics     : True
[INFO]: Starting the simulation. This may take a few seconds. Please wait...
[INFO]: Time taken for simulation start : 0.499568 seconds
[33m21:07:45 [velocity_command.py] WARNING: The velocity command has the 'ranges.heading' attribute set to '(-3.141592653589793, 3.141592653589793)' but the heading command is not active. Consider setting the flag for the heading command to True.[0m
D:\dev\Nconnect\.venv-isaaclab\Lib\site-packages\rsl_rl\utils\utils.py:220: UserWarning: The observation configuration dictionary 'obs_groups' is empty and thus likely not configured. Consider configuring the 'obs_groups' dictionary explicitly
  warnings.warn(
D:\dev\Nconnect\.venv-isaaclab\Lib\site-packages\rsl_rl\utils\utils.py:251: UserWarning: The observation configuration dictionary 'obs_groups' does not contain the 'actor' key. As an observation group with the name 'policy' was found, this is assumed to be the appropriate observation. Consider adding the 'actor' key to the 'obs_groups' dictionary for clarity. This behavior will be removed in a future version.
  warnings.warn(
D:\dev\Nconnect\.venv-isaaclab\Lib\site-packages\rsl_rl\utils\utils.py:251: UserWarning: The observation configuration dictionary 'obs_groups' does not contain the 'critic' key. As an observation group with the name 'policy' was found, this is assumed to be the appropriate observation. Consider adding the 'critic' key to the 'obs_groups' dictionary for clarity. This behavior will be removed in a future version.
  warnings.warn(
[INFO] Command Manager:  <CommandManager> contains 1 active terms.
+------------------------------------------------+
|              Active Command Terms              |
+-------+---------------+------------------------+
| Index | Name          |          Type          |
+-------+---------------+------------------------+
|   0   | base_velocity | UniformVelocityCommand |
+-------+---------------+------------------------+

[INFO] Event Manager:  <EventManager> contains 3 active terms.
+--------------------------------------+
| Active Event Terms in Mode: 'startup' |
+----------+---------------------------+
|  Index   | Name                      |
+----------+---------------------------+
|    0     | physics_material          |
|    1     | add_base_mass             |
+----------+---------------------------+
+---------------------------------------+
|  Active Event Terms in Mode: 'reset'  |
+--------+------------------------------+
| Index  | Name                         |
+--------+------------------------------+
|   0    | base_external_force_torque   |
|   1    | reset_base                   |
|   2    | reset_robot_joints           |
+--------+------------------------------+
+----------------------------------------------+
|    Active Event Terms in Mode: 'interval'    |
+-------+------------+-------------------------+
| Index | Name       | Interval time range (s) |
+-------+------------+-------------------------+
|   0   | push_robot |        (4.0, 4.0)       |
+-------+------------+-------------------------+

[INFO] Recorder Manager:  <RecorderManager> contains 0 active terms.
+---------------------+
| Active Recorder Terms |
+-----------+---------+
|   Index   | Name    |
+-----------+---------+
+-----------+---------+

[INFO] Action Manager:  <ActionManager> contains 1 active terms.
+------------------------------------+
|  Active Action Terms (shape: 12)   |
+--------+-------------+-------------+
| Index  | Name        |   Dimension |
+--------+-------------+-------------+
|   0    | joint_pos   |          12 |
+--------+-------------+-------------+

[INFO] Observation Manager: <ObservationManager> contains 1 groups.
+----------------------------------------------------------+
| Active Observation Terms in Group: 'policy' (shape: (235,)) |
+-----------+--------------------------------+-------------+
|   Index   | Name                           |    Shape    |
+-----------+--------------------------------+-------------+
|     0     | base_lin_vel                   |     (3,)    |
|     1     | base_ang_vel                   |     (3,)    |
|     2     | projected_gravity              |     (3,)    |
|     3     | velocity_commands              |     (3,)    |
|     4     | joint_pos                      |    (12,)    |
|     5     | joint_vel                      |    (12,)    |
|     6     | actions                        |    (12,)    |
|     7     | height_scan                    |    (187,)   |
+-----------+--------------------------------+-------------+

[INFO] Termination Manager:  <TerminationManager> contains 2 active terms.
+---------------------------------+
|     Active Termination Terms    |
+-------+--------------+----------+
| Index | Name         | Time Out |
+-------+--------------+----------+
|   0   | time_out     |   True   |
|   1   | base_contact |  False   |
+-------+--------------+----------+

[INFO] Reward Manager:  <RewardManager> contains 10 active terms.
+-----------------------------------------+
|           Active Reward Terms           |
+-------+----------------------+----------+
| Index | Name                 |   Weight |
+-------+----------------------+----------+
|   0   | track_lin_vel_xy_exp |      1.2 |
|   1   | track_ang_vel_z_exp  |     0.75 |
|   2   | lin_vel_z_l2         |    -1.25 |
|   3   | ang_vel_xy_l2        |    -0.05 |
|   4   | dof_torques_l2       |  -0.0002 |
|   5   | dof_acc_l2           | -2.5e-07 |
|   6   | action_rate_l2       |    -0.01 |
|   7   | feet_air_time        |      0.2 |
|   8   | flat_orientation_l2  |      0.0 |
|   9   | dof_pos_limits       |      0.0 |
+-------+----------------------+----------+

[INFO] Curriculum Manager:  <CurriculumManager> contains 0 active terms.
+----------------------+
| Active Curriculum Terms |
+-----------+----------+
|   Index   | Name     |
+-----------+----------+
+-----------+----------+

[INFO]: Completed setting up the environment...
[INFO]: Loading model checkpoint from: D:\workspace\go2_g_a057_work\track_lin_vel_xy_exp_p1p2\candidate\exported\model_best.pt
--------------------------------------------------------------------------------
Resolved observation sets: 
	 actor :  ['policy']
	 critic :  ['policy']
--------------------------------------------------------------------------------
Actor Model: MLPModel(
  (obs_normalizer): Identity()
  (distribution): GaussianDistribution()
  (mlp): MLP(
    (0): Linear(in_features=235, out_features=512, bias=True)
    (1): ELU(alpha=1.0)
    (2): Linear(in_features=512, out_features=256, bias=True)
    (3): ELU(alpha=1.0)
    (4): Linear(in_features=256, out_features=128, bias=True)
    (5): ELU(alpha=1.0)
    (6): Linear(in_features=128, out_features=12, bias=True)
  )
)
Critic Model: MLPModel(
  (obs_normalizer): Identity()
  (mlp): MLP(
    (0): Linear(in_features=235, out_features=512, bias=True)
    (1): ELU(alpha=1.0)
    (2): Linear(in_features=512, out_features=256, bias=True)
    (3): ELU(alpha=1.0)
    (4): Linear(in_features=256, out_features=128, bias=True)
    (5): ELU(alpha=1.0)
    (6): Linear(in_features=128, out_features=1, bias=True)
  )
)
Loading user config located at: 'd:/dev/nconnect/.venv-isaaclab/lib/site-packages/isaacsim/kit/data/Kit/Isaac-Sim/5.1/user.config.json'
[Info] [carb] Logging to file: d:/dev/nconnect/.venv-isaaclab/lib/site-packages/isaacsim/kit/logs/Kit/Isaac-Sim/5.1/kit_20260930_210733.log
2026-09-30T12:07:34Z [524ms] [Warning] [omni.usd_config.extension] Enable omni.materialx.libs extension to use MaterialX
2026-09-30T12:07:35Z [1,901ms] [Warning] [carb] Acquiring non optional plugin interface which is not listed as dependency: [omni::physx::IPhysxBenchmarks v1.0] (plugin: <default plugin>), by client: omni.physics.physx.plugin. Add it to CARB_PLUGIN_IMPL_DEPS() macro of a client.
2026-09-30T12:07:35Z [1,929ms] [Warning] [omni.isaac.dynamic_control] omni.isaac.dynamic_control is deprecated as of Isaac Sim 4.5. No action is needed from end-users.

|---------------------------------------------------------------------------------------------|
| Driver Version: 580.88        | Graphics API: D3D12
|=============================================================================================|
| GPU | Name                             | Active | LDA | GPU Memory | Vendor-ID | LUID       |
|     |                                  |        |     |            | Device-ID | UUID       |
|     |                                  |        |     |            | Bus-ID    |            |
|---------------------------------------------------------------------------------------------|
| 0   | NVIDIA GeForce RTX 3050          | Yes: 0 |     | 6002    MB | 10de      | 233c4c5c.. |
|     |                                  |        |     |            | 2584      | 0          |
|     |                                  |        |     |            | 1         |            |
|=============================================================================================|
| OS: Windows 10 Pro, Version: 10.0 (22H2), Build: 19045, Kernel: 10.0.19041.6456
| Processor: Intel(R) Core(TM) i5-14400
| Cores: 10 | Logical Cores: 16
|---------------------------------------------------------------------------------------------|
| Total Memory (MB): 32509 | Free Memory: 18764
| Total Page/Swap (MB): 37373 | Free Page/Swap: 12416
|---------------------------------------------------------------------------------------------|
2026-09-30T12:07:41Z [7,667ms] [Warning] [gpu.foundation.plugin] PCIe link width current (8) and maximum (16) for device 0 don't match.
2026-09-30T12:07:45Z [12,113ms] [Warning] [omni.physx.fabric.plugin] FabricManager::initializePointInstancer mismatched prototypes on point instancer: /Visuals/Command/velocity_current.
2026-09-30T12:07:45Z [12,114ms] [Warning] [omni.physx.fabric.plugin] FabricManager::initializePointInstancer mismatched prototypes on point instancer: /Visuals/Command/velocity_goal.
COMMAND: /workspace/IsaacLab/isaaclab.sh -p play.py --task Quadruped-v0 --num_envs 32 --headless agent.seed=101 env.commands.base_velocity.heading_command=false env.commands.base_velocity.rel_standing_envs=0.0 env.commands.base_velocity.resampling_time_range=\[1000.0\,1000.0\] env.commands.base_velocity.ranges.lin_vel_x=\[0\,0\] env.commands.base_velocity.ranges.lin_vel_y=\[0\,0\] env.commands.base_velocity.ranges.ang_vel_z=\[0\,0\] env.scene.terrain.terrain_type=plane env.curriculum.terrain_levels=null 
[go2-eval] telemetry enabled: out=C:/Program Files/Git/workspace/_keep/go2_g_a057_track_lin_vel_xy_exp_p1p2/evaluation/candidate/cases/seed_101/push_neg_y steps=1000
[INFO][AppLauncher]: Using device: cuda:0
[INFO][AppLauncher]: Loading experience file: D:\dev\Nconnect\IsaacLab\apps\isaaclab.python.headless.kit
[INFO]: Parsing configuration from: go2_task.env_cfg:QuadrupedRoughEnvCfg
[Quadruped:student] 6 reward 항목 로드
  [OK] track_lin_vel_xy_exp.weight = 1.2
  [OK] feet_air_time.weight = 0.2
  [OK] lin_vel_z_l2.weight = -1.25
  [OK] ang_vel_xy_l2.weight = -0.05
  [OK] action_rate_l2.weight = -0.01
  [OK] flat_orientation_l2.weight = 0.0
[Quadruped:student] terrain override - boxes ≤0.15m
[Quadruped] 밀침 테스트 켜짐 — 4초마다 fixed (0.0, -0.5) m/s (play 전용)
[INFO]: Parsing configuration from: go2_task.agent_cfg:QuadrupedPPORunnerCfg
[WARNING]: The `policy` configuration is deprecated for rsl-rl >= 4.0.0. Please use, e.g., `actor` and `critic` model configurations instead.
[WARNING]: The `empirical_normalization` parameter is deprecated. Please set `actor_obs_normalization` and `critic_obs_normalization` as part of the `policy` configuration instead.
[WARNING]: The `policy` configuration is used to infer the `actor` model configuration.
[WARNING]: The `policy` configuration is used to infer the `critic` model configuration.
[WARNING]: The `distribution_cfg` configuration is now used to specify the output distribution for stochastic policies. Consider updating the configuration to use `distribution_cfg` instead of `stochastic`, `init_noise_std`, `noise_std_type`, and `state_dependent_std` parameters.
[INFO] Loading experiment from directory: D:\workspace\go2_g_a057_work\track_lin_vel_xy_exp_p1p2\candidate\logs\rsl_rl\quadruped

[36m======================================================================================================================[0m
[36m[1m[INFO][IsaacLab]: Logging to file: C:\Users\ADMINI~1\AppData\Local\Temp\isaaclab\logs\isaaclab_2026-09-30_21-08-33.log[0m
[36m======================================================================================================================[0m

[33m21:08:33 [simulation_context.py] WARNING: The `enable_external_forces_every_iteration` parameter in the PhysxCfg is set to False. If you are experiencing noisy velocities, consider enabling this flag. You may need to slightly increase the number of velocity iterations (setting it to 1 or 2 rather than 0), together with this flag, to improve the accuracy of velocity updates.[0m
[INFO]: Base environment:
	Environment device    : cuda:0
	Environment seed      : 101
	Physics step-size     : 0.005
	Rendering step-size   : 0.02
	Environment step-size : 0.02
[33m21:08:33 [terrain_importer.py] WARNING: Visual material specified for ground plane but no diffuse color found. Using default color: (0.0, 0.0, 0.0)[0m
[INFO]: Time taken for scene creation : 0.217972 seconds
[INFO]: Scene manager:  <class InteractiveScene>
	Number of environments: 32
	Environment spacing   : 2.5
	Source prim name      : /World/envs/env_0
	Global prim paths     : ['/World/ground']
	Replicate physics     : True
[INFO]: Starting the simulation. This may take a few seconds. Please wait...
[INFO]: Time taken for simulation start : 0.729919 seconds
[33m21:08:34 [velocity_command.py] WARNING: The velocity command has the 'ranges.heading' attribute set to '(-3.141592653589793, 3.141592653589793)' but the heading command is not active. Consider setting the flag for the heading command to True.[0m
D:\dev\Nconnect\.venv-isaaclab\Lib\site-packages\rsl_rl\utils\utils.py:220: UserWarning: The observation configuration dictionary 'obs_groups' is empty and thus likely not configured. Consider configuring the 'obs_groups' dictionary explicitly
  warnings.warn(
D:\dev\Nconnect\.venv-isaaclab\Lib\site-packages\rsl_rl\utils\utils.py:251: UserWarning: The observation configuration dictionary 'obs_groups' does not contain the 'actor' key. As an observation group with the name 'policy' was found, this is assumed to be the appropriate observation. Consider adding the 'actor' key to the 'obs_groups' dictionary for clarity. This behavior will be removed in a future version.
  warnings.warn(
D:\dev\Nconnect\.venv-isaaclab\Lib\site-packages\rsl_rl\utils\utils.py:251: UserWarning: The observation configuration dictionary 'obs_groups' does not contain the 'critic' key. As an observation group with the name 'policy' was found, this is assumed to be the appropriate observation. Consider adding the 'critic' key to the 'obs_groups' dictionary for clarity. This behavior will be removed in a future version.
  warnings.warn(
[INFO] Command Manager:  <CommandManager> contains 1 active terms.
+------------------------------------------------+
|              Active Command Terms              |
+-------+---------------+------------------------+
| Index | Name          |          Type          |
+-------+---------------+------------------------+
|   0   | base_velocity | UniformVelocityCommand |
+-------+---------------+------------------------+

[INFO] Event Manager:  <EventManager> contains 3 active terms.
+--------------------------------------+
| Active Event Terms in Mode: 'startup' |
+----------+---------------------------+
|  Index   | Name                      |
+----------+---------------------------+
|    0     | physics_material          |
|    1     | add_base_mass             |
+----------+---------------------------+
+---------------------------------------+
|  Active Event Terms in Mode: 'reset'  |
+--------+------------------------------+
| Index  | Name                         |
+--------+------------------------------+
|   0    | base_external_force_torque   |
|   1    | reset_base                   |
|   2    | reset_robot_joints           |
+--------+------------------------------+
+----------------------------------------------+
|    Active Event Terms in Mode: 'interval'    |
+-------+------------+-------------------------+
| Index | Name       | Interval time range (s) |
+-------+------------+-------------------------+
|   0   | push_robot |        (4.0, 4.0)       |
+-------+------------+-------------------------+

[INFO] Recorder Manager:  <RecorderManager> contains 0 active terms.
+---------------------+
| Active Recorder Terms |
+-----------+---------+
|   Index   | Name    |
+-----------+---------+
+-----------+---------+

[INFO] Action Manager:  <ActionManager> contains 1 active terms.
+------------------------------------+
|  Active Action Terms (shape: 12)   |
+--------+-------------+-------------+
| Index  | Name        |   Dimension |
+--------+-------------+-------------+
|   0    | joint_pos   |          12 |
+--------+-------------+-------------+

[INFO] Observation Manager: <ObservationManager> contains 1 groups.
+----------------------------------------------------------+
| Active Observation Terms in Group: 'policy' (shape: (235,)) |
+-----------+--------------------------------+-------------+
|   Index   | Name                           |    Shape    |
+-----------+--------------------------------+-------------+
|     0     | base_lin_vel                   |     (3,)    |
|     1     | base_ang_vel                   |     (3,)    |
|     2     | projected_gravity              |     (3,)    |
|     3     | velocity_commands              |     (3,)    |
|     4     | joint_pos                      |    (12,)    |
|     5     | joint_vel                      |    (12,)    |
|     6     | actions                        |    (12,)    |
|     7     | height_scan                    |    (187,)   |
+-----------+--------------------------------+-------------+

[INFO] Termination Manager:  <TerminationManager> contains 2 active terms.
+---------------------------------+
|     Active Termination Terms    |
+-------+--------------+----------+
| Index | Name         | Time Out |
+-------+--------------+----------+
|   0   | time_out     |   True   |
|   1   | base_contact |  False   |
+-------+--------------+----------+

[INFO] Reward Manager:  <RewardManager> contains 10 active terms.
+-----------------------------------------+
|           Active Reward Terms           |
+-------+----------------------+----------+
| Index | Name                 |   Weight |
+-------+----------------------+----------+
|   0   | track_lin_vel_xy_exp |      1.2 |
|   1   | track_ang_vel_z_exp  |     0.75 |
|   2   | lin_vel_z_l2         |    -1.25 |
|   3   | ang_vel_xy_l2        |    -0.05 |
|   4   | dof_torques_l2       |  -0.0002 |
|   5   | dof_acc_l2           | -2.5e-07 |
|   6   | action_rate_l2       |    -0.01 |
|   7   | feet_air_time        |      0.2 |
|   8   | flat_orientation_l2  |      0.0 |
|   9   | dof_pos_limits       |      0.0 |
+-------+----------------------+----------+

[INFO] Curriculum Manager:  <CurriculumManager> contains 0 active terms.
+----------------------+
| Active Curriculum Terms |
+-----------+----------+
|   Index   | Name     |
+-----------+----------+
+-----------+----------+

[INFO]: Completed setting up the environment...
[INFO]: Loading model checkpoint from: D:\workspace\go2_g_a057_work\track_lin_vel_xy_exp_p1p2\candidate\exported\model_best.pt
--------------------------------------------------------------------------------
Resolved observation sets: 
	 actor :  ['policy']
	 critic :  ['policy']
--------------------------------------------------------------------------------
Actor Model: MLPModel(
  (obs_normalizer): Identity()
  (distribution): GaussianDistribution()
  (mlp): MLP(
    (0): Linear(in_features=235, out_features=512, bias=True)
    (1): ELU(alpha=1.0)
    (2): Linear(in_features=512, out_features=256, bias=True)
    (3): ELU(alpha=1.0)
    (4): Linear(in_features=256, out_features=128, bias=True)
    (5): ELU(alpha=1.0)
    (6): Linear(in_features=128, out_features=12, bias=True)
  )
)
Critic Model: MLPModel(
  (obs_normalizer): Identity()
  (mlp): MLP(
    (0): Linear(in_features=235, out_features=512, bias=True)
    (1): ELU(alpha=1.0)
    (2): Linear(in_features=512, out_features=256, bias=True)
    (3): ELU(alpha=1.0)
    (4): Linear(in_features=256, out_features=128, bias=True)
    (5): ELU(alpha=1.0)
    (6): Linear(in_features=128, out_features=1, bias=True)
  )
)
Loading user config located at: 'd:/dev/nconnect/.venv-isaaclab/lib/site-packages/isaacsim/kit/data/Kit/Isaac-Sim/5.1/user.config.json'
[Info] [carb] Logging to file: d:/dev/nconnect/.venv-isaaclab/lib/site-packages/isaacsim/kit/logs/Kit/Isaac-Sim/5.1/kit_20260930_210822.log
2026-09-30T12:08:23Z [490ms] [Warning] [omni.usd_config.extension] Enable omni.materialx.libs extension to use MaterialX
2026-09-30T12:08:24Z [1,596ms] [Warning] [carb] Acquiring non optional plugin interface which is not listed as dependency: [omni::physx::IPhysxBenchmarks v1.0] (plugin: <default plugin>), by client: omni.physics.physx.plugin. Add it to CARB_PLUGIN_IMPL_DEPS() macro of a client.
2026-09-30T12:08:24Z [1,618ms] [Warning] [omni.isaac.dynamic_control] omni.isaac.dynamic_control is deprecated as of Isaac Sim 4.5. No action is needed from end-users.

|---------------------------------------------------------------------------------------------|
| Driver Version: 580.88        | Graphics API: D3D12
|=============================================================================================|
| GPU | Name                             | Active | LDA | GPU Memory | Vendor-ID | LUID       |
|     |                                  |        |     |            | Device-ID | UUID       |
|     |                                  |        |     |            | Bus-ID    |            |
|---------------------------------------------------------------------------------------------|
| 0   | NVIDIA GeForce RTX 3050          | Yes: 0 |     | 6002    MB | 10de      | 233c4c5c.. |
|     |                                  |        |     |            | 2584      | 0          |
|     |                                  |        |     |            | 1         |            |
|=============================================================================================|
| OS: Windows 10 Pro, Version: 10.0 (22H2), Build: 19045, Kernel: 10.0.19041.6456
| Processor: Intel(R) Core(TM) i5-14400
| Cores: 10 | Logical Cores: 16
|---------------------------------------------------------------------------------------------|
| Total Memory (MB): 32509 | Free Memory: 18712
| Total Page/Swap (MB): 37373 | Free Page/Swap: 12434
|---------------------------------------------------------------------------------------------|
2026-09-30T12:08:29Z [7,117ms] [Warning] [gpu.foundation.plugin] PCIe link width current (8) and maximum (16) for device 0 don't match.
2026-09-30T12:08:34Z [12,093ms] [Warning] [omni.physx.fabric.plugin] FabricManager::initializePointInstancer mismatched prototypes on point instancer: /Visuals/Command/velocity_current.
2026-09-30T12:08:34Z [12,093ms] [Warning] [omni.physx.fabric.plugin] FabricManager::initializePointInstancer mismatched prototypes on point instancer: /Visuals/Command/velocity_goal.
COMMAND: /workspace/IsaacLab/isaaclab.sh -p play.py --task Quadruped-v0 --num_envs 32 --headless agent.seed=101 env.commands.base_velocity.heading_command=false env.commands.base_velocity.rel_standing_envs=0.0 env.commands.base_velocity.resampling_time_range=\[1000.0\,1000.0\] env.commands.base_velocity.ranges.lin_vel_x=\[0.50\,0.50\] env.commands.base_velocity.ranges.lin_vel_y=\[0\,0\] env.commands.base_velocity.ranges.ang_vel_z=\[0\,0\] env.scene.terrain.terrain_type=generator env.curriculum.terrain_levels=null env.scene.terrain.terrain_generator.curriculum=false env.scene.terrain.terrain_generator.num_rows=1 env.scene.terrain.terrain_generator.num_cols=4 env.scene.terrain.terrain_generator.difficulty_range=\[1.0\,1.0\] env.scene.terrain.max_init_terrain_level=0 env.scene.terrain.terrain_generator.sub_terrains.pyramid_stairs.proportion=0.0 env.scene.terrain.terrain_generator.sub_terrains.pyramid_stairs_inv.proportion=0.0 env.scene.terrain.terrain_generator.sub_terrains.boxes.proportion=0.0 env.scene.terrain.terrain_generator.sub_terrains.random_rough.proportion=0.0 env.scene.terrain.terrain_generator.sub_terrains.hf_pyramid_slope.proportion=0.0 env.scene.terrain.terrain_generator.sub_terrains.hf_pyramid_slope_inv.proportion=0.0 env.scene.terrain.terrain_generator.sub_terrains.random_rough.proportion=1.0 env.scene.terrain.terrain_generator.sub_terrains.random_rough.noise_range=\[0.02\,0.10\] 
[go2-eval] telemetry enabled: out=C:/Program Files/Git/workspace/_keep/go2_g_a057_track_lin_vel_xy_exp_p1p2/evaluation/candidate/cases/seed_101/dr_seed_101 steps=1000
[INFO][AppLauncher]: Using device: cuda:0
[INFO][AppLauncher]: Loading experience file: D:\dev\Nconnect\IsaacLab\apps\isaaclab.python.headless.kit
[INFO]: Parsing configuration from: go2_task.env_cfg:QuadrupedRoughEnvCfg
[Quadruped:student] 6 reward 항목 로드
  [OK] track_lin_vel_xy_exp.weight = 1.2
  [OK] feet_air_time.weight = 0.2
  [OK] lin_vel_z_l2.weight = -1.25
  [OK] ang_vel_xy_l2.weight = -0.05
  [OK] action_rate_l2.weight = -0.01
  [OK] flat_orientation_l2.weight = 0.0
[Quadruped:student] terrain override - boxes ≤0.15m
[Quadruped] G7 internal DR enabled: friction, restitution, base mass, joint reset
[INFO]: Parsing configuration from: go2_task.agent_cfg:QuadrupedPPORunnerCfg
[WARNING]: The `policy` configuration is deprecated for rsl-rl >= 4.0.0. Please use, e.g., `actor` and `critic` model configurations instead.
[WARNING]: The `empirical_normalization` parameter is deprecated. Please set `actor_obs_normalization` and `critic_obs_normalization` as part of the `policy` configuration instead.
[WARNING]: The `policy` configuration is used to infer the `actor` model configuration.
[WARNING]: The `policy` configuration is used to infer the `critic` model configuration.
[WARNING]: The `distribution_cfg` configuration is now used to specify the output distribution for stochastic policies. Consider updating the configuration to use `distribution_cfg` instead of `stochastic`, `init_noise_std`, `noise_std_type`, and `state_dependent_std` parameters.
[INFO] Loading experiment from directory: D:\workspace\go2_g_a057_work\track_lin_vel_xy_exp_p1p2\candidate\logs\rsl_rl\quadruped

[36m======================================================================================================================[0m
[36m[1m[INFO][IsaacLab]: Logging to file: C:\Users\ADMINI~1\AppData\Local\Temp\isaaclab\logs\isaaclab_2026-09-30_21-09-20.log[0m
[36m======================================================================================================================[0m

[33m21:09:20 [simulation_context.py] WARNING: The `enable_external_forces_every_iteration` parameter in the PhysxCfg is set to False. If you are experiencing noisy velocities, consider enabling this flag. You may need to slightly increase the number of velocity iterations (setting it to 1 or 2 rather than 0), together with this flag, to improve the accuracy of velocity updates.[0m
[INFO]: Base environment:
	Environment device    : cuda:0
	Environment seed      : 101
	Physics step-size     : 0.005
	Rendering step-size   : 0.02
	Environment step-size : 0.02
[INFO] Generating terrains randomly took : 0.022638 seconds
[INFO]: Time taken for scene creation : 0.257895 seconds
[INFO]: Scene manager:  <class InteractiveScene>
	Number of environments: 32
	Environment spacing   : 2.5
	Source prim name      : /World/envs/env_0
	Global prim paths     : ['/World/ground']
	Replicate physics     : True
[INFO]: Starting the simulation. This may take a few seconds. Please wait...
[INFO]: Time taken for simulation start : 0.709528 seconds
[33m21:09:21 [velocity_command.py] WARNING: The velocity command has the 'ranges.heading' attribute set to '(-3.141592653589793, 3.141592653589793)' but the heading command is not active. Consider setting the flag for the heading command to True.[0m
D:\dev\Nconnect\.venv-isaaclab\Lib\site-packages\rsl_rl\utils\utils.py:220: UserWarning: The observation configuration dictionary 'obs_groups' is empty and thus likely not configured. Consider configuring the 'obs_groups' dictionary explicitly
  warnings.warn(
D:\dev\Nconnect\.venv-isaaclab\Lib\site-packages\rsl_rl\utils\utils.py:251: UserWarning: The observation configuration dictionary 'obs_groups' does not contain the 'actor' key. As an observation group with the name 'policy' was found, this is assumed to be the appropriate observation. Consider adding the 'actor' key to the 'obs_groups' dictionary for clarity. This behavior will be removed in a future version.
  warnings.warn(
D:\dev\Nconnect\.venv-isaaclab\Lib\site-packages\rsl_rl\utils\utils.py:251: UserWarning: The observation configuration dictionary 'obs_groups' does not contain the 'critic' key. As an observation group with the name 'policy' was found, this is assumed to be the appropriate observation. Consider adding the 'critic' key to the 'obs_groups' dictionary for clarity. This behavior will be removed in a future version.
  warnings.warn(
[INFO] Command Manager:  <CommandManager> contains 1 active terms.
+------------------------------------------------+
|              Active Command Terms              |
+-------+---------------+------------------------+
| Index | Name          |          Type          |
+-------+---------------+------------------------+
|   0   | base_velocity | UniformVelocityCommand |
+-------+---------------+------------------------+

[INFO] Event Manager:  <EventManager> contains 2 active terms.
+--------------------------------------+
| Active Event Terms in Mode: 'startup' |
+----------+---------------------------+
|  Index   | Name                      |
+----------+---------------------------+
|    0     | physics_material          |
|    1     | add_base_mass             |
+----------+---------------------------+
+---------------------------------------+
|  Active Event Terms in Mode: 'reset'  |
+--------+------------------------------+
| Index  | Name                         |
+--------+------------------------------+
|   0    | base_external_force_torque   |
|   1    | reset_base                   |
|   2    | reset_robot_joints           |
+--------+------------------------------+

[INFO] Recorder Manager:  <RecorderManager> contains 0 active terms.
+---------------------+
| Active Recorder Terms |
+-----------+---------+
|   Index   | Name    |
+-----------+---------+
+-----------+---------+

[INFO] Action Manager:  <ActionManager> contains 1 active terms.
+------------------------------------+
|  Active Action Terms (shape: 12)   |
+--------+-------------+-------------+
| Index  | Name        |   Dimension |
+--------+-------------+-------------+
|   0    | joint_pos   |          12 |
+--------+-------------+-------------+

[INFO] Observation Manager: <ObservationManager> contains 1 groups.
+----------------------------------------------------------+
| Active Observation Terms in Group: 'policy' (shape: (235,)) |
+-----------+--------------------------------+-------------+
|   Index   | Name                           |    Shape    |
+-----------+--------------------------------+-------------+
|     0     | base_lin_vel                   |     (3,)    |
|     1     | base_ang_vel                   |     (3,)    |
|     2     | projected_gravity              |     (3,)    |
|     3     | velocity_commands              |     (3,)    |
|     4     | joint_pos                      |    (12,)    |
|     5     | joint_vel                      |    (12,)    |
|     6     | actions                        |    (12,)    |
|     7     | height_scan                    |    (187,)   |
+-----------+--------------------------------+-------------+

[INFO] Termination Manager:  <TerminationManager> contains 2 active terms.
+---------------------------------+
|     Active Termination Terms    |
+-------+--------------+----------+
| Index | Name         | Time Out |
+-------+--------------+----------+
|   0   | time_out     |   True   |
|   1   | base_contact |  False   |
+-------+--------------+----------+

[INFO] Reward Manager:  <RewardManager> contains 10 active terms.
+-----------------------------------------+
|           Active Reward Terms           |
+-------+----------------------+----------+
| Index | Name                 |   Weight |
+-------+----------------------+----------+
|   0   | track_lin_vel_xy_exp |      1.2 |
|   1   | track_ang_vel_z_exp  |     0.75 |
|   2   | lin_vel_z_l2         |    -1.25 |
|   3   | ang_vel_xy_l2        |    -0.05 |
|   4   | dof_torques_l2       |  -0.0002 |
|   5   | dof_acc_l2           | -2.5e-07 |
|   6   | action_rate_l2       |    -0.01 |
|   7   | feet_air_time        |      0.2 |
|   8   | flat_orientation_l2  |      0.0 |
|   9   | dof_pos_limits       |      0.0 |
+-------+----------------------+----------+

[INFO] Curriculum Manager:  <CurriculumManager> contains 0 active terms.
+----------------------+
| Active Curriculum Terms |
+-----------+----------+
|   Index   | Name     |
+-----------+----------+
+-----------+----------+

[INFO]: Completed setting up the environment...
[INFO]: Loading model checkpoint from: D:\workspace\go2_g_a057_work\track_lin_vel_xy_exp_p1p2\candidate\exported\model_best.pt
--------------------------------------------------------------------------------
Resolved observation sets: 
	 actor :  ['policy']
	 critic :  ['policy']
--------------------------------------------------------------------------------
Actor Model: MLPModel(
  (obs_normalizer): Identity()
  (distribution): GaussianDistribution()
  (mlp): MLP(
    (0): Linear(in_features=235, out_features=512, bias=True)
    (1): ELU(alpha=1.0)
    (2): Linear(in_features=512, out_features=256, bias=True)
    (3): ELU(alpha=1.0)
    (4): Linear(in_features=256, out_features=128, bias=True)
    (5): ELU(alpha=1.0)
    (6): Linear(in_features=128, out_features=12, bias=True)
  )
)
Critic Model: MLPModel(
  (obs_normalizer): Identity()
  (mlp): MLP(
    (0): Linear(in_features=235, out_features=512, bias=True)
    (1): ELU(alpha=1.0)
    (2): Linear(in_features=512, out_features=256, bias=True)
    (3): ELU(alpha=1.0)
    (4): Linear(in_features=256, out_features=128, bias=True)
    (5): ELU(alpha=1.0)
    (6): Linear(in_features=128, out_features=1, bias=True)
  )
)
Loading user config located at: 'd:/dev/nconnect/.venv-isaaclab/lib/site-packages/isaacsim/kit/data/Kit/Isaac-Sim/5.1/user.config.json'
[Info] [carb] Logging to file: d:/dev/nconnect/.venv-isaaclab/lib/site-packages/isaacsim/kit/logs/Kit/Isaac-Sim/5.1/kit_20260930_210909.log
2026-09-30T12:09:10Z [490ms] [Warning] [omni.usd_config.extension] Enable omni.materialx.libs extension to use MaterialX
2026-09-30T12:09:11Z [1,625ms] [Warning] [carb] Acquiring non optional plugin interface which is not listed as dependency: [omni::physx::IPhysxBenchmarks v1.0] (plugin: <default plugin>), by client: omni.physics.physx.plugin. Add it to CARB_PLUGIN_IMPL_DEPS() macro of a client.
2026-09-30T12:09:11Z [1,647ms] [Warning] [omni.isaac.dynamic_control] omni.isaac.dynamic_control is deprecated as of Isaac Sim 4.5. No action is needed from end-users.

|---------------------------------------------------------------------------------------------|
| Driver Version: 580.88        | Graphics API: D3D12
|=============================================================================================|
| GPU | Name                             | Active | LDA | GPU Memory | Vendor-ID | LUID       |
|     |                                  |        |     |            | Device-ID | UUID       |
|     |                                  |        |     |            | Bus-ID    |            |
|---------------------------------------------------------------------------------------------|
| 0   | NVIDIA GeForce RTX 3050          | Yes: 0 |     | 6002    MB | 10de      | 233c4c5c.. |
|     |                                  |        |     |            | 2584      | 0          |
|     |                                  |        |     |            | 1         |            |
|=============================================================================================|
| OS: Windows 10 Pro, Version: 10.0 (22H2), Build: 19045, Kernel: 10.0.19041.6456
| Processor: Intel(R) Core(TM) i5-14400
| Cores: 10 | Logical Cores: 16
|---------------------------------------------------------------------------------------------|
| Total Memory (MB): 32509 | Free Memory: 18725
| Total Page/Swap (MB): 37373 | Free Page/Swap: 12405
|---------------------------------------------------------------------------------------------|
2026-09-30T12:09:17Z [7,429ms] [Warning] [gpu.foundation.plugin] PCIe link width current (8) and maximum (16) for device 0 don't match.
2026-09-30T12:09:22Z [12,198ms] [Warning] [omni.physx.fabric.plugin] FabricManager::initializePointInstancer mismatched prototypes on point instancer: /Visuals/Command/velocity_current.
2026-09-30T12:09:22Z [12,198ms] [Warning] [omni.physx.fabric.plugin] FabricManager::initializePointInstancer mismatched prototypes on point instancer: /Visuals/Command/velocity_goal.
COMMAND: /workspace/IsaacLab/isaaclab.sh -p play.py --task Quadruped-v0 --num_envs 32 --headless agent.seed=202 env.commands.base_velocity.heading_command=false env.commands.base_velocity.rel_standing_envs=0.0 env.commands.base_velocity.resampling_time_range=\[1000.0\,1000.0\] env.commands.base_velocity.ranges.lin_vel_x=\[0.30\,0.30\] env.commands.base_velocity.ranges.lin_vel_y=\[0\,0\] env.commands.base_velocity.ranges.ang_vel_z=\[0\,0\] env.scene.terrain.terrain_type=plane env.curriculum.terrain_levels=null 
[go2-eval] telemetry enabled: out=C:/Program Files/Git/workspace/_keep/go2_g_a057_track_lin_vel_xy_exp_p1p2/evaluation/candidate/cases/seed_202/forward_slow steps=1000
[INFO][AppLauncher]: Using device: cuda:0
[INFO][AppLauncher]: Loading experience file: D:\dev\Nconnect\IsaacLab\apps\isaaclab.python.headless.kit
[INFO]: Parsing configuration from: go2_task.env_cfg:QuadrupedRoughEnvCfg
[Quadruped:student] 6 reward 항목 로드
  [OK] track_lin_vel_xy_exp.weight = 1.2
  [OK] feet_air_time.weight = 0.2
  [OK] lin_vel_z_l2.weight = -1.25
  [OK] ang_vel_xy_l2.weight = -0.05
  [OK] action_rate_l2.weight = -0.01
  [OK] flat_orientation_l2.weight = 0.0
[Quadruped:student] terrain override - boxes ≤0.15m
[INFO]: Parsing configuration from: go2_task.agent_cfg:QuadrupedPPORunnerCfg
[WARNING]: The `policy` configuration is deprecated for rsl-rl >= 4.0.0. Please use, e.g., `actor` and `critic` model configurations instead.
[WARNING]: The `empirical_normalization` parameter is deprecated. Please set `actor_obs_normalization` and `critic_obs_normalization` as part of the `policy` configuration instead.
[WARNING]: The `policy` configuration is used to infer the `actor` model configuration.
[WARNING]: The `policy` configuration is used to infer the `critic` model configuration.
[WARNING]: The `distribution_cfg` configuration is now used to specify the output distribution for stochastic policies. Consider updating the configuration to use `distribution_cfg` instead of `stochastic`, `init_noise_std`, `noise_std_type`, and `state_dependent_std` parameters.
[INFO] Loading experiment from directory: D:\workspace\go2_g_a057_work\track_lin_vel_xy_exp_p1p2\candidate\logs\rsl_rl\quadruped

[36m======================================================================================================================[0m
[36m[1m[INFO][IsaacLab]: Logging to file: C:\Users\ADMINI~1\AppData\Local\Temp\isaaclab\logs\isaaclab_2026-09-30_21-10-07.log[0m
[36m======================================================================================================================[0m

[33m21:10:07 [simulation_context.py] WARNING: The `enable_external_forces_every_iteration` parameter in the PhysxCfg is set to False. If you are experiencing noisy velocities, consider enabling this flag. You may need to slightly increase the number of velocity iterations (setting it to 1 or 2 rather than 0), together with this flag, to improve the accuracy of velocity updates.[0m
[INFO]: Base environment:
	Environment device    : cuda:0
	Environment seed      : 202
	Physics step-size     : 0.005
	Rendering step-size   : 0.02
	Environment step-size : 0.02
[33m21:10:07 [terrain_importer.py] WARNING: Visual material specified for ground plane but no diffuse color found. Using default color: (0.0, 0.0, 0.0)[0m
[INFO]: Time taken for scene creation : 0.200594 seconds
[INFO]: Scene manager:  <class InteractiveScene>
	Number of environments: 32
	Environment spacing   : 2.5
	Source prim name      : /World/envs/env_0
	Global prim paths     : ['/World/ground']
	Replicate physics     : True
[INFO]: Starting the simulation. This may take a few seconds. Please wait...
[INFO]: Time taken for simulation start : 0.643938 seconds
[33m21:10:08 [velocity_command.py] WARNING: The velocity command has the 'ranges.heading' attribute set to '(-3.141592653589793, 3.141592653589793)' but the heading command is not active. Consider setting the flag for the heading command to True.[0m
D:\dev\Nconnect\.venv-isaaclab\Lib\site-packages\rsl_rl\utils\utils.py:220: UserWarning: The observation configuration dictionary 'obs_groups' is empty and thus likely not configured. Consider configuring the 'obs_groups' dictionary explicitly
  warnings.warn(
D:\dev\Nconnect\.venv-isaaclab\Lib\site-packages\rsl_rl\utils\utils.py:251: UserWarning: The observation configuration dictionary 'obs_groups' does not contain the 'actor' key. As an observation group with the name 'policy' was found, this is assumed to be the appropriate observation. Consider adding the 'actor' key to the 'obs_groups' dictionary for clarity. This behavior will be removed in a future version.
  warnings.warn(
D:\dev\Nconnect\.venv-isaaclab\Lib\site-packages\rsl_rl\utils\utils.py:251: UserWarning: The observation configuration dictionary 'obs_groups' does not contain the 'critic' key. As an observation group with the name 'policy' was found, this is assumed to be the appropriate observation. Consider adding the 'critic' key to the 'obs_groups' dictionary for clarity. This behavior will be removed in a future version.
  warnings.warn(
[INFO] Command Manager:  <CommandManager> contains 1 active terms.
+------------------------------------------------+
|              Active Command Terms              |
+-------+---------------+------------------------+
| Index | Name          |          Type          |
+-------+---------------+------------------------+
|   0   | base_velocity | UniformVelocityCommand |
+-------+---------------+------------------------+

[INFO] Event Manager:  <EventManager> contains 2 active terms.
+--------------------------------------+
| Active Event Terms in Mode: 'startup' |
+----------+---------------------------+
|  Index   | Name                      |
+----------+---------------------------+
|    0     | physics_material          |
|    1     | add_base_mass             |
+----------+---------------------------+
+---------------------------------------+
|  Active Event Terms in Mode: 'reset'  |
+--------+------------------------------+
| Index  | Name                         |
+--------+------------------------------+
|   0    | base_external_force_torque   |
|   1    | reset_base                   |
|   2    | reset_robot_joints           |
+--------+------------------------------+

[INFO] Recorder Manager:  <RecorderManager> contains 0 active terms.
+---------------------+
| Active Recorder Terms |
+-----------+---------+
|   Index   | Name    |
+-----------+---------+
+-----------+---------+

[INFO] Action Manager:  <ActionManager> contains 1 active terms.
+------------------------------------+
|  Active Action Terms (shape: 12)   |
+--------+-------------+-------------+
| Index  | Name        |   Dimension |
+--------+-------------+-------------+
|   0    | joint_pos   |          12 |
+--------+-------------+-------------+

[INFO] Observation Manager: <ObservationManager> contains 1 groups.
+----------------------------------------------------------+
| Active Observation Terms in Group: 'policy' (shape: (235,)) |
+-----------+--------------------------------+-------------+
|   Index   | Name                           |    Shape    |
+-----------+--------------------------------+-------------+
|     0     | base_lin_vel                   |     (3,)    |
|     1     | base_ang_vel                   |     (3,)    |
|     2     | projected_gravity              |     (3,)    |
|     3     | velocity_commands              |     (3,)    |
|     4     | joint_pos                      |    (12,)    |
|     5     | joint_vel                      |    (12,)    |
|     6     | actions                        |    (12,)    |
|     7     | height_scan                    |    (187,)   |
+-----------+--------------------------------+-------------+

[INFO] Termination Manager:  <TerminationManager> contains 2 active terms.
+---------------------------------+
|     Active Termination Terms    |
+-------+--------------+----------+
| Index | Name         | Time Out |
+-------+--------------+----------+
|   0   | time_out     |   True   |
|   1   | base_contact |  False   |
+-------+--------------+----------+

[INFO] Reward Manager:  <RewardManager> contains 10 active terms.
+-----------------------------------------+
|           Active Reward Terms           |
+-------+----------------------+----------+
| Index | Name                 |   Weight |
+-------+----------------------+----------+
|   0   | track_lin_vel_xy_exp |      1.2 |
|   1   | track_ang_vel_z_exp  |     0.75 |
|   2   | lin_vel_z_l2         |    -1.25 |
|   3   | ang_vel_xy_l2        |    -0.05 |
|   4   | dof_torques_l2       |  -0.0002 |
|   5   | dof_acc_l2           | -2.5e-07 |
|   6   | action_rate_l2       |    -0.01 |
|   7   | feet_air_time        |      0.2 |
|   8   | flat_orientation_l2  |      0.0 |
|   9   | dof_pos_limits       |      0.0 |
+-------+----------------------+----------+

[INFO] Curriculum Manager:  <CurriculumManager> contains 0 active terms.
+----------------------+
| Active Curriculum Terms |
+-----------+----------+
|   Index   | Name     |
+-----------+----------+
+-----------+----------+

[INFO]: Completed setting up the environment...
[INFO]: Loading model checkpoint from: D:\workspace\go2_g_a057_work\track_lin_vel_xy_exp_p1p2\candidate\exported\model_best.pt
--------------------------------------------------------------------------------
Resolved observation sets: 
	 actor :  ['policy']
	 critic :  ['policy']
--------------------------------------------------------------------------------
Actor Model: MLPModel(
  (obs_normalizer): Identity()
  (distribution): GaussianDistribution()
  (mlp): MLP(
    (0): Linear(in_features=235, out_features=512, bias=True)
    (1): ELU(alpha=1.0)
    (2): Linear(in_features=512, out_features=256, bias=True)
    (3): ELU(alpha=1.0)
    (4): Linear(in_features=256, out_features=128, bias=True)
    (5): ELU(alpha=1.0)
    (6): Linear(in_features=128, out_features=12, bias=True)
  )
)
Critic Model: MLPModel(
  (obs_normalizer): Identity()
  (mlp): MLP(
    (0): Linear(in_features=235, out_features=512, bias=True)
    (1): ELU(alpha=1.0)
    (2): Linear(in_features=512, out_features=256, bias=True)
    (3): ELU(alpha=1.0)
    (4): Linear(in_features=256, out_features=128, bias=True)
    (5): ELU(alpha=1.0)
    (6): Linear(in_features=128, out_features=1, bias=True)
  )
)
Loading user config located at: 'd:/dev/nconnect/.venv-isaaclab/lib/site-packages/isaacsim/kit/data/Kit/Isaac-Sim/5.1/user.config.json'
[Info] [carb] Logging to file: d:/dev/nconnect/.venv-isaaclab/lib/site-packages/isaacsim/kit/logs/Kit/Isaac-Sim/5.1/kit_20260930_210957.log
2026-09-30T12:09:57Z [478ms] [Warning] [omni.usd_config.extension] Enable omni.materialx.libs extension to use MaterialX
2026-09-30T12:09:58Z [1,611ms] [Warning] [carb] Acquiring non optional plugin interface which is not listed as dependency: [omni::physx::IPhysxBenchmarks v1.0] (plugin: <default plugin>), by client: omni.physics.physx.plugin. Add it to CARB_PLUGIN_IMPL_DEPS() macro of a client.
2026-09-30T12:09:58Z [1,631ms] [Warning] [omni.isaac.dynamic_control] omni.isaac.dynamic_control is deprecated as of Isaac Sim 4.5. No action is needed from end-users.

|---------------------------------------------------------------------------------------------|
| Driver Version: 580.88        | Graphics API: D3D12
|=============================================================================================|
| GPU | Name                             | Active | LDA | GPU Memory | Vendor-ID | LUID       |
|     |                                  |        |     |            | Device-ID | UUID       |
|     |                                  |        |     |            | Bus-ID    |            |
|---------------------------------------------------------------------------------------------|
| 0   | NVIDIA GeForce RTX 3050          | Yes: 0 |     | 6002    MB | 10de      | 233c4c5c.. |
|     |                                  |        |     |            | 2584      | 0          |
|     |                                  |        |     |            | 1         |            |
|=============================================================================================|
| OS: Windows 10 Pro, Version: 10.0 (22H2), Build: 19045, Kernel: 10.0.19041.6456
| Processor: Intel(R) Core(TM) i5-14400
| Cores: 10 | Logical Cores: 16
|---------------------------------------------------------------------------------------------|
| Total Memory (MB): 32509 | Free Memory: 18696
| Total Page/Swap (MB): 37373 | Free Page/Swap: 12426
|---------------------------------------------------------------------------------------------|
2026-09-30T12:10:04Z [7,064ms] [Warning] [gpu.foundation.plugin] PCIe link width current (8) and maximum (16) for device 0 don't match.
2026-09-30T12:10:09Z [11,698ms] [Warning] [omni.physx.fabric.plugin] FabricManager::initializePointInstancer mismatched prototypes on point instancer: /Visuals/Command/velocity_goal.
2026-09-30T12:10:09Z [11,698ms] [Warning] [omni.physx.fabric.plugin] FabricManager::initializePointInstancer mismatched prototypes on point instancer: /Visuals/Command/velocity_current.
COMMAND: /workspace/IsaacLab/isaaclab.sh -p play.py --task Quadruped-v0 --num_envs 32 --headless agent.seed=202 env.commands.base_velocity.heading_command=false env.commands.base_velocity.rel_standing_envs=0.0 env.commands.base_velocity.resampling_time_range=\[1000.0\,1000.0\] env.commands.base_velocity.ranges.lin_vel_x=\[0.75\,0.75\] env.commands.base_velocity.ranges.lin_vel_y=\[0\,0\] env.commands.base_velocity.ranges.ang_vel_z=\[0\,0\] env.scene.terrain.terrain_type=plane env.curriculum.terrain_levels=null 
[go2-eval] telemetry enabled: out=C:/Program Files/Git/workspace/_keep/go2_g_a057_track_lin_vel_xy_exp_p1p2/evaluation/candidate/cases/seed_202/forward_nominal steps=1000
[INFO][AppLauncher]: Using device: cuda:0
[INFO][AppLauncher]: Loading experience file: D:\dev\Nconnect\IsaacLab\apps\isaaclab.python.headless.kit
[INFO]: Parsing configuration from: go2_task.env_cfg:QuadrupedRoughEnvCfg
[Quadruped:student] 6 reward 항목 로드
  [OK] track_lin_vel_xy_exp.weight = 1.2
  [OK] feet_air_time.weight = 0.2
  [OK] lin_vel_z_l2.weight = -1.25
  [OK] ang_vel_xy_l2.weight = -0.05
  [OK] action_rate_l2.weight = -0.01
  [OK] flat_orientation_l2.weight = 0.0
[Quadruped:student] terrain override - boxes ≤0.15m
[INFO]: Parsing configuration from: go2_task.agent_cfg:QuadrupedPPORunnerCfg
[WARNING]: The `policy` configuration is deprecated for rsl-rl >= 4.0.0. Please use, e.g., `actor` and `critic` model configurations instead.
[WARNING]: The `empirical_normalization` parameter is deprecated. Please set `actor_obs_normalization` and `critic_obs_normalization` as part of the `policy` configuration instead.
[WARNING]: The `policy` configuration is used to infer the `actor` model configuration.
[WARNING]: The `policy` configuration is used to infer the `critic` model configuration.
[WARNING]: The `distribution_cfg` configuration is now used to specify the output distribution for stochastic policies. Consider updating the configuration to use `distribution_cfg` instead of `stochastic`, `init_noise_std`, `noise_std_type`, and `state_dependent_std` parameters.
[INFO] Loading experiment from directory: D:\workspace\go2_g_a057_work\track_lin_vel_xy_exp_p1p2\candidate\logs\rsl_rl\quadruped

[36m======================================================================================================================[0m
[36m[1m[INFO][IsaacLab]: Logging to file: C:\Users\ADMINI~1\AppData\Local\Temp\isaaclab\logs\isaaclab_2026-09-30_21-10-55.log[0m
[36m======================================================================================================================[0m

[33m21:10:55 [simulation_context.py] WARNING: The `enable_external_forces_every_iteration` parameter in the PhysxCfg is set to False. If you are experiencing noisy velocities, consider enabling this flag. You may need to slightly increase the number of velocity iterations (setting it to 1 or 2 rather than 0), together with this flag, to improve the accuracy of velocity updates.[0m
[INFO]: Base environment:
	Environment device    : cuda:0
	Environment seed      : 202
	Physics step-size     : 0.005
	Rendering step-size   : 0.02
	Environment step-size : 0.02
[33m21:10:55 [terrain_importer.py] WARNING: Visual material specified for ground plane but no diffuse color found. Using default color: (0.0, 0.0, 0.0)[0m
[INFO]: Time taken for scene creation : 0.218627 seconds
[INFO]: Scene manager:  <class InteractiveScene>
	Number of environments: 32
	Environment spacing   : 2.5
	Source prim name      : /World/envs/env_0
	Global prim paths     : ['/World/ground']
	Replicate physics     : True
[INFO]: Starting the simulation. This may take a few seconds. Please wait...
[INFO]: Time taken for simulation start : 0.697646 seconds
[33m21:10:56 [velocity_command.py] WARNING: The velocity command has the 'ranges.heading' attribute set to '(-3.141592653589793, 3.141592653589793)' but the heading command is not active. Consider setting the flag for the heading command to True.[0m
D:\dev\Nconnect\.venv-isaaclab\Lib\site-packages\rsl_rl\utils\utils.py:220: UserWarning: The observation configuration dictionary 'obs_groups' is empty and thus likely not configured. Consider configuring the 'obs_groups' dictionary explicitly
  warnings.warn(
D:\dev\Nconnect\.venv-isaaclab\Lib\site-packages\rsl_rl\utils\utils.py:251: UserWarning: The observation configuration dictionary 'obs_groups' does not contain the 'actor' key. As an observation group with the name 'policy' was found, this is assumed to be the appropriate observation. Consider adding the 'actor' key to the 'obs_groups' dictionary for clarity. This behavior will be removed in a future version.
  warnings.warn(
D:\dev\Nconnect\.venv-isaaclab\Lib\site-packages\rsl_rl\utils\utils.py:251: UserWarning: The observation configuration dictionary 'obs_groups' does not contain the 'critic' key. As an observation group with the name 'policy' was found, this is assumed to be the appropriate observation. Consider adding the 'critic' key to the 'obs_groups' dictionary for clarity. This behavior will be removed in a future version.
  warnings.warn(
[INFO] Command Manager:  <CommandManager> contains 1 active terms.
+------------------------------------------------+
|              Active Command Terms              |
+-------+---------------+------------------------+
| Index | Name          |          Type          |
+-------+---------------+------------------------+
|   0   | base_velocity | UniformVelocityCommand |
+-------+---------------+------------------------+

[INFO] Event Manager:  <EventManager> contains 2 active terms.
+--------------------------------------+
| Active Event Terms in Mode: 'startup' |
+----------+---------------------------+
|  Index   | Name                      |
+----------+---------------------------+
|    0     | physics_material          |
|    1     | add_base_mass             |
+----------+---------------------------+
+---------------------------------------+
|  Active Event Terms in Mode: 'reset'  |
+--------+------------------------------+
| Index  | Name                         |
+--------+------------------------------+
|   0    | base_external_force_torque   |
|   1    | reset_base                   |
|   2    | reset_robot_joints           |
+--------+------------------------------+

[INFO] Recorder Manager:  <RecorderManager> contains 0 active terms.
+---------------------+
| Active Recorder Terms |
+-----------+---------+
|   Index   | Name    |
+-----------+---------+
+-----------+---------+

[INFO] Action Manager:  <ActionManager> contains 1 active terms.
+------------------------------------+
|  Active Action Terms (shape: 12)   |
+--------+-------------+-------------+
| Index  | Name        |   Dimension |
+--------+-------------+-------------+
|   0    | joint_pos   |          12 |
+--------+-------------+-------------+

[INFO] Observation Manager: <ObservationManager> contains 1 groups.
+----------------------------------------------------------+
| Active Observation Terms in Group: 'policy' (shape: (235,)) |
+-----------+--------------------------------+-------------+
|   Index   | Name                           |    Shape    |
+-----------+--------------------------------+-------------+
|     0     | base_lin_vel                   |     (3,)    |
|     1     | base_ang_vel                   |     (3,)    |
|     2     | projected_gravity              |     (3,)    |
|     3     | velocity_commands              |     (3,)    |
|     4     | joint_pos                      |    (12,)    |
|     5     | joint_vel                      |    (12,)    |
|     6     | actions                        |    (12,)    |
|     7     | height_scan                    |    (187,)   |
+-----------+--------------------------------+-------------+

[INFO] Termination Manager:  <TerminationManager> contains 2 active terms.
+---------------------------------+
|     Active Termination Terms    |
+-------+--------------+----------+
| Index | Name         | Time Out |
+-------+--------------+----------+
|   0   | time_out     |   True   |
|   1   | base_contact |  False   |
+-------+--------------+----------+

[INFO] Reward Manager:  <RewardManager> contains 10 active terms.
+-----------------------------------------+
|           Active Reward Terms           |
+-------+----------------------+----------+
| Index | Name                 |   Weight |
+-------+----------------------+----------+
|   0   | track_lin_vel_xy_exp |      1.2 |
|   1   | track_ang_vel_z_exp  |     0.75 |
|   2   | lin_vel_z_l2         |    -1.25 |
|   3   | ang_vel_xy_l2        |    -0.05 |
|   4   | dof_torques_l2       |  -0.0002 |
|   5   | dof_acc_l2           | -2.5e-07 |
|   6   | action_rate_l2       |    -0.01 |
|   7   | feet_air_time        |      0.2 |
|   8   | flat_orientation_l2  |      0.0 |
|   9   | dof_pos_limits       |      0.0 |
+-------+----------------------+----------+

[INFO] Curriculum Manager:  <CurriculumManager> contains 0 active terms.
+----------------------+
| Active Curriculum Terms |
+-----------+----------+
|   Index   | Name     |
+-----------+----------+
+-----------+----------+

[INFO]: Completed setting up the environment...
[INFO]: Loading model checkpoint from: D:\workspace\go2_g_a057_work\track_lin_vel_xy_exp_p1p2\candidate\exported\model_best.pt
--------------------------------------------------------------------------------
Resolved observation sets: 
	 actor :  ['policy']
	 critic :  ['policy']
--------------------------------------------------------------------------------
Actor Model: MLPModel(
  (obs_normalizer): Identity()
  (distribution): GaussianDistribution()
  (mlp): MLP(
    (0): Linear(in_features=235, out_features=512, bias=True)
    (1): ELU(alpha=1.0)
    (2): Linear(in_features=512, out_features=256, bias=True)
    (3): ELU(alpha=1.0)
    (4): Linear(in_features=256, out_features=128, bias=True)
    (5): ELU(alpha=1.0)
    (6): Linear(in_features=128, out_features=12, bias=True)
  )
)
Critic Model: MLPModel(
  (obs_normalizer): Identity()
  (mlp): MLP(
    (0): Linear(in_features=235, out_features=512, bias=True)
    (1): ELU(alpha=1.0)
    (2): Linear(in_features=512, out_features=256, bias=True)
    (3): ELU(alpha=1.0)
    (4): Linear(in_features=256, out_features=128, bias=True)
    (5): ELU(alpha=1.0)
    (6): Linear(in_features=128, out_features=1, bias=True)
  )
)
Loading user config located at: 'd:/dev/nconnect/.venv-isaaclab/lib/site-packages/isaacsim/kit/data/Kit/Isaac-Sim/5.1/user.config.json'
[Info] [carb] Logging to file: d:/dev/nconnect/.venv-isaaclab/lib/site-packages/isaacsim/kit/logs/Kit/Isaac-Sim/5.1/kit_20260930_211044.log
2026-09-30T12:10:44Z [474ms] [Warning] [omni.usd_config.extension] Enable omni.materialx.libs extension to use MaterialX
2026-09-30T12:10:45Z [1,591ms] [Warning] [carb] Acquiring non optional plugin interface which is not listed as dependency: [omni::physx::IPhysxBenchmarks v1.0] (plugin: <default plugin>), by client: omni.physics.physx.plugin. Add it to CARB_PLUGIN_IMPL_DEPS() macro of a client.
2026-09-30T12:10:45Z [1,613ms] [Warning] [omni.isaac.dynamic_control] omni.isaac.dynamic_control is deprecated as of Isaac Sim 4.5. No action is needed from end-users.

|---------------------------------------------------------------------------------------------|
| Driver Version: 580.88        | Graphics API: D3D12
|=============================================================================================|
| GPU | Name                             | Active | LDA | GPU Memory | Vendor-ID | LUID       |
|     |                                  |        |     |            | Device-ID | UUID       |
|     |                                  |        |     |            | Bus-ID    |            |
|---------------------------------------------------------------------------------------------|
| 0   | NVIDIA GeForce RTX 3050          | Yes: 0 |     | 6002    MB | 10de      | 233c4c5c.. |
|     |                                  |        |     |            | 2584      | 0          |
|     |                                  |        |     |            | 1         |            |
|=============================================================================================|
| OS: Windows 10 Pro, Version: 10.0 (22H2), Build: 19045, Kernel: 10.0.19041.6456
| Processor: Intel(R) Core(TM) i5-14400
| Cores: 10 | Logical Cores: 16
|---------------------------------------------------------------------------------------------|
| Total Memory (MB): 32509 | Free Memory: 18694
| Total Page/Swap (MB): 37373 | Free Page/Swap: 12406
|---------------------------------------------------------------------------------------------|
2026-09-30T12:10:51Z [7,430ms] [Warning] [gpu.foundation.plugin] PCIe link width current (8) and maximum (16) for device 0 don't match.
2026-09-30T12:10:56Z [12,537ms] [Warning] [omni.physx.fabric.plugin] FabricManager::initializePointInstancer mismatched prototypes on point instancer: /Visuals/Command/velocity_goal.
2026-09-30T12:10:56Z [12,537ms] [Warning] [omni.physx.fabric.plugin] FabricManager::initializePointInstancer mismatched prototypes on point instancer: /Visuals/Command/velocity_current.
COMMAND: /workspace/IsaacLab/isaaclab.sh -p play.py --task Quadruped-v0 --num_envs 32 --headless agent.seed=202 env.commands.base_velocity.heading_command=false env.commands.base_velocity.rel_standing_envs=0.0 env.commands.base_velocity.resampling_time_range=\[1000.0\,1000.0\] env.commands.base_velocity.ranges.lin_vel_x=\[1.20\,1.20\] env.commands.base_velocity.ranges.lin_vel_y=\[0\,0\] env.commands.base_velocity.ranges.ang_vel_z=\[0\,0\] env.scene.terrain.terrain_type=plane env.curriculum.terrain_levels=null 
[go2-eval] telemetry enabled: out=C:/Program Files/Git/workspace/_keep/go2_g_a057_track_lin_vel_xy_exp_p1p2/evaluation/candidate/cases/seed_202/forward_fast steps=1000
[INFO][AppLauncher]: Using device: cuda:0
[INFO][AppLauncher]: Loading experience file: D:\dev\Nconnect\IsaacLab\apps\isaaclab.python.headless.kit
[INFO]: Parsing configuration from: go2_task.env_cfg:QuadrupedRoughEnvCfg
[Quadruped:student] 6 reward 항목 로드
  [OK] track_lin_vel_xy_exp.weight = 1.2
  [OK] feet_air_time.weight = 0.2
  [OK] lin_vel_z_l2.weight = -1.25
  [OK] ang_vel_xy_l2.weight = -0.05
  [OK] action_rate_l2.weight = -0.01
  [OK] flat_orientation_l2.weight = 0.0
[Quadruped:student] terrain override - boxes ≤0.15m
[INFO]: Parsing configuration from: go2_task.agent_cfg:QuadrupedPPORunnerCfg
[WARNING]: The `policy` configuration is deprecated for rsl-rl >= 4.0.0. Please use, e.g., `actor` and `critic` model configurations instead.
[WARNING]: The `empirical_normalization` parameter is deprecated. Please set `actor_obs_normalization` and `critic_obs_normalization` as part of the `policy` configuration instead.
[WARNING]: The `policy` configuration is used to infer the `actor` model configuration.
[WARNING]: The `policy` configuration is used to infer the `critic` model configuration.
[WARNING]: The `distribution_cfg` configuration is now used to specify the output distribution for stochastic policies. Consider updating the configuration to use `distribution_cfg` instead of `stochastic`, `init_noise_std`, `noise_std_type`, and `state_dependent_std` parameters.
[INFO] Loading experiment from directory: D:\workspace\go2_g_a057_work\track_lin_vel_xy_exp_p1p2\candidate\logs\rsl_rl\quadruped

[36m======================================================================================================================[0m
[36m[1m[INFO][IsaacLab]: Logging to file: C:\Users\ADMINI~1\AppData\Local\Temp\isaaclab\logs\isaaclab_2026-09-30_21-11-43.log[0m
[36m======================================================================================================================[0m

[33m21:11:43 [simulation_context.py] WARNING: The `enable_external_forces_every_iteration` parameter in the PhysxCfg is set to False. If you are experiencing noisy velocities, consider enabling this flag. You may need to slightly increase the number of velocity iterations (setting it to 1 or 2 rather than 0), together with this flag, to improve the accuracy of velocity updates.[0m
[INFO]: Base environment:
	Environment device    : cuda:0
	Environment seed      : 202
	Physics step-size     : 0.005
	Rendering step-size   : 0.02
	Environment step-size : 0.02
[33m21:11:44 [terrain_importer.py] WARNING: Visual material specified for ground plane but no diffuse color found. Using default color: (0.0, 0.0, 0.0)[0m
[INFO]: Time taken for scene creation : 0.211759 seconds
[INFO]: Scene manager:  <class InteractiveScene>
	Number of environments: 32
	Environment spacing   : 2.5
	Source prim name      : /World/envs/env_0
	Global prim paths     : ['/World/ground']
	Replicate physics     : True
[INFO]: Starting the simulation. This may take a few seconds. Please wait...
[INFO]: Time taken for simulation start : 0.644403 seconds
[33m21:11:45 [velocity_command.py] WARNING: The velocity command has the 'ranges.heading' attribute set to '(-3.141592653589793, 3.141592653589793)' but the heading command is not active. Consider setting the flag for the heading command to True.[0m
D:\dev\Nconnect\.venv-isaaclab\Lib\site-packages\rsl_rl\utils\utils.py:220: UserWarning: The observation configuration dictionary 'obs_groups' is empty and thus likely not configured. Consider configuring the 'obs_groups' dictionary explicitly
  warnings.warn(
D:\dev\Nconnect\.venv-isaaclab\Lib\site-packages\rsl_rl\utils\utils.py:251: UserWarning: The observation configuration dictionary 'obs_groups' does not contain the 'actor' key. As an observation group with the name 'policy' was found, this is assumed to be the appropriate observation. Consider adding the 'actor' key to the 'obs_groups' dictionary for clarity. This behavior will be removed in a future version.
  warnings.warn(
D:\dev\Nconnect\.venv-isaaclab\Lib\site-packages\rsl_rl\utils\utils.py:251: UserWarning: The observation configuration dictionary 'obs_groups' does not contain the 'critic' key. As an observation group with the name 'policy' was found, this is assumed to be the appropriate observation. Consider adding the 'critic' key to the 'obs_groups' dictionary for clarity. This behavior will be removed in a future version.
  warnings.warn(
[INFO] Command Manager:  <CommandManager> contains 1 active terms.
+------------------------------------------------+
|              Active Command Terms              |
+-------+---------------+------------------------+
| Index | Name          |          Type          |
+-------+---------------+------------------------+
|   0   | base_velocity | UniformVelocityCommand |
+-------+---------------+------------------------+

[INFO] Event Manager:  <EventManager> contains 2 active terms.
+--------------------------------------+
| Active Event Terms in Mode: 'startup' |
+----------+---------------------------+
|  Index   | Name                      |
+----------+---------------------------+
|    0     | physics_material          |
|    1     | add_base_mass             |
+----------+---------------------------+
+---------------------------------------+
|  Active Event Terms in Mode: 'reset'  |
+--------+------------------------------+
| Index  | Name                         |
+--------+------------------------------+
|   0    | base_external_force_torque   |
|   1    | reset_base                   |
|   2    | reset_robot_joints           |
+--------+------------------------------+

[INFO] Recorder Manager:  <RecorderManager> contains 0 active terms.
+---------------------+
| Active Recorder Terms |
+-----------+---------+
|   Index   | Name    |
+-----------+---------+
+-----------+---------+

[INFO] Action Manager:  <ActionManager> contains 1 active terms.
+------------------------------------+
|  Active Action Terms (shape: 12)   |
+--------+-------------+-------------+
| Index  | Name        |   Dimension |
+--------+-------------+-------------+
|   0    | joint_pos   |          12 |
+--------+-------------+-------------+

[INFO] Observation Manager: <ObservationManager> contains 1 groups.
+----------------------------------------------------------+
| Active Observation Terms in Group: 'policy' (shape: (235,)) |
+-----------+--------------------------------+-------------+
|   Index   | Name                           |    Shape    |
+-----------+--------------------------------+-------------+
|     0     | base_lin_vel                   |     (3,)    |
|     1     | base_ang_vel                   |     (3,)    |
|     2     | projected_gravity              |     (3,)    |
|     3     | velocity_commands              |     (3,)    |
|     4     | joint_pos                      |    (12,)    |
|     5     | joint_vel                      |    (12,)    |
|     6     | actions                        |    (12,)    |
|     7     | height_scan                    |    (187,)   |
+-----------+--------------------------------+-------------+

[INFO] Termination Manager:  <TerminationManager> contains 2 active terms.
+---------------------------------+
|     Active Termination Terms    |
+-------+--------------+----------+
| Index | Name         | Time Out |
+-------+--------------+----------+
|   0   | time_out     |   True   |
|   1   | base_contact |  False   |
+-------+--------------+----------+

[INFO] Reward Manager:  <RewardManager> contains 10 active terms.
+-----------------------------------------+
|           Active Reward Terms           |
+-------+----------------------+----------+
| Index | Name                 |   Weight |
+-------+----------------------+----------+
|   0   | track_lin_vel_xy_exp |      1.2 |
|   1   | track_ang_vel_z_exp  |     0.75 |
|   2   | lin_vel_z_l2         |    -1.25 |
|   3   | ang_vel_xy_l2        |    -0.05 |
|   4   | dof_torques_l2       |  -0.0002 |
|   5   | dof_acc_l2           | -2.5e-07 |
|   6   | action_rate_l2       |    -0.01 |
|   7   | feet_air_time        |      0.2 |
|   8   | flat_orientation_l2  |      0.0 |
|   9   | dof_pos_limits       |      0.0 |
+-------+----------------------+----------+

[INFO] Curriculum Manager:  <CurriculumManager> contains 0 active terms.
+----------------------+
| Active Curriculum Terms |
+-----------+----------+
|   Index   | Name     |
+-----------+----------+
+-----------+----------+

[INFO]: Completed setting up the environment...
[INFO]: Loading model checkpoint from: D:\workspace\go2_g_a057_work\track_lin_vel_xy_exp_p1p2\candidate\exported\model_best.pt
--------------------------------------------------------------------------------
Resolved observation sets: 
	 actor :  ['policy']
	 critic :  ['policy']
--------------------------------------------------------------------------------
Actor Model: MLPModel(
  (obs_normalizer): Identity()
  (distribution): GaussianDistribution()
  (mlp): MLP(
    (0): Linear(in_features=235, out_features=512, bias=True)
    (1): ELU(alpha=1.0)
    (2): Linear(in_features=512, out_features=256, bias=True)
    (3): ELU(alpha=1.0)
    (4): Linear(in_features=256, out_features=128, bias=True)
    (5): ELU(alpha=1.0)
    (6): Linear(in_features=128, out_features=12, bias=True)
  )
)
Critic Model: MLPModel(
  (obs_normalizer): Identity()
  (mlp): MLP(
    (0): Linear(in_features=235, out_features=512, bias=True)
    (1): ELU(alpha=1.0)
    (2): Linear(in_features=512, out_features=256, bias=True)
    (3): ELU(alpha=1.0)
    (4): Linear(in_features=256, out_features=128, bias=True)
    (5): ELU(alpha=1.0)
    (6): Linear(in_features=128, out_features=1, bias=True)
  )
)
Loading user config located at: 'd:/dev/nconnect/.venv-isaaclab/lib/site-packages/isaacsim/kit/data/Kit/Isaac-Sim/5.1/user.config.json'
[Info] [carb] Logging to file: d:/dev/nconnect/.venv-isaaclab/lib/site-packages/isaacsim/kit/logs/Kit/Isaac-Sim/5.1/kit_20260930_211133.log
2026-09-30T12:11:33Z [501ms] [Warning] [omni.usd_config.extension] Enable omni.materialx.libs extension to use MaterialX
2026-09-30T12:11:34Z [1,650ms] [Warning] [carb] Acquiring non optional plugin interface which is not listed as dependency: [omni::physx::IPhysxBenchmarks v1.0] (plugin: <default plugin>), by client: omni.physics.physx.plugin. Add it to CARB_PLUGIN_IMPL_DEPS() macro of a client.
2026-09-30T12:11:34Z [1,672ms] [Warning] [omni.isaac.dynamic_control] omni.isaac.dynamic_control is deprecated as of Isaac Sim 4.5. No action is needed from end-users.

|---------------------------------------------------------------------------------------------|
| Driver Version: 580.88        | Graphics API: D3D12
|=============================================================================================|
| GPU | Name                             | Active | LDA | GPU Memory | Vendor-ID | LUID       |
|     |                                  |        |     |            | Device-ID | UUID       |
|     |                                  |        |     |            | Bus-ID    |            |
|---------------------------------------------------------------------------------------------|
| 0   | NVIDIA GeForce RTX 3050          | Yes: 0 |     | 6002    MB | 10de      | 233c4c5c.. |
|     |                                  |        |     |            | 2584      | 0          |
|     |                                  |        |     |            | 1         |            |
|=============================================================================================|
| OS: Windows 10 Pro, Version: 10.0 (22H2), Build: 19045, Kernel: 10.0.19041.6456
| Processor: Intel(R) Core(TM) i5-14400
| Cores: 10 | Logical Cores: 16
|---------------------------------------------------------------------------------------------|
| Total Memory (MB): 32509 | Free Memory: 18657
| Total Page/Swap (MB): 37373 | Free Page/Swap: 12348
|---------------------------------------------------------------------------------------------|
2026-09-30T12:11:40Z [7,560ms] [Warning] [gpu.foundation.plugin] PCIe link width current (8) and maximum (16) for device 0 don't match.
2026-09-30T12:11:45Z [12,294ms] [Warning] [omni.physx.fabric.plugin] FabricManager::initializePointInstancer mismatched prototypes on point instancer: /Visuals/Command/velocity_current.
2026-09-30T12:11:45Z [12,294ms] [Warning] [omni.physx.fabric.plugin] FabricManager::initializePointInstancer mismatched prototypes on point instancer: /Visuals/Command/velocity_goal.
COMMAND: /workspace/IsaacLab/isaaclab.sh -p play.py --task Quadruped-v0 --num_envs 32 --headless agent.seed=202 env.commands.base_velocity.heading_command=false env.commands.base_velocity.rel_standing_envs=0.0 env.commands.base_velocity.resampling_time_range=\[1000.0\,1000.0\] env.commands.base_velocity.ranges.lin_vel_x=\[-0.50\,-0.50\] env.commands.base_velocity.ranges.lin_vel_y=\[0\,0\] env.commands.base_velocity.ranges.ang_vel_z=\[0\,0\] env.scene.terrain.terrain_type=plane env.curriculum.terrain_levels=null 
[go2-eval] telemetry enabled: out=C:/Program Files/Git/workspace/_keep/go2_g_a057_track_lin_vel_xy_exp_p1p2/evaluation/candidate/cases/seed_202/backward steps=1000
[INFO][AppLauncher]: Using device: cuda:0
[INFO][AppLauncher]: Loading experience file: D:\dev\Nconnect\IsaacLab\apps\isaaclab.python.headless.kit
[INFO]: Parsing configuration from: go2_task.env_cfg:QuadrupedRoughEnvCfg
[Quadruped:student] 6 reward 항목 로드
  [OK] track_lin_vel_xy_exp.weight = 1.2
  [OK] feet_air_time.weight = 0.2
  [OK] lin_vel_z_l2.weight = -1.25
  [OK] ang_vel_xy_l2.weight = -0.05
  [OK] action_rate_l2.weight = -0.01
  [OK] flat_orientation_l2.weight = 0.0
[Quadruped:student] terrain override - boxes ≤0.15m
[INFO]: Parsing configuration from: go2_task.agent_cfg:QuadrupedPPORunnerCfg
[WARNING]: The `policy` configuration is deprecated for rsl-rl >= 4.0.0. Please use, e.g., `actor` and `critic` model configurations instead.
[WARNING]: The `empirical_normalization` parameter is deprecated. Please set `actor_obs_normalization` and `critic_obs_normalization` as part of the `policy` configuration instead.
[WARNING]: The `policy` configuration is used to infer the `actor` model configuration.
[WARNING]: The `policy` configuration is used to infer the `critic` model configuration.
[WARNING]: The `distribution_cfg` configuration is now used to specify the output distribution for stochastic policies. Consider updating the configuration to use `distribution_cfg` instead of `stochastic`, `init_noise_std`, `noise_std_type`, and `state_dependent_std` parameters.
[INFO] Loading experiment from directory: D:\workspace\go2_g_a057_work\track_lin_vel_xy_exp_p1p2\candidate\logs\rsl_rl\quadruped

[36m======================================================================================================================[0m
[36m[1m[INFO][IsaacLab]: Logging to file: C:\Users\ADMINI~1\AppData\Local\Temp\isaaclab\logs\isaaclab_2026-09-30_21-12-31.log[0m
[36m======================================================================================================================[0m

[33m21:12:31 [simulation_context.py] WARNING: The `enable_external_forces_every_iteration` parameter in the PhysxCfg is set to False. If you are experiencing noisy velocities, consider enabling this flag. You may need to slightly increase the number of velocity iterations (setting it to 1 or 2 rather than 0), together with this flag, to improve the accuracy of velocity updates.[0m
[INFO]: Base environment:
	Environment device    : cuda:0
	Environment seed      : 202
	Physics step-size     : 0.005
	Rendering step-size   : 0.02
	Environment step-size : 0.02
[33m21:12:31 [terrain_importer.py] WARNING: Visual material specified for ground plane but no diffuse color found. Using default color: (0.0, 0.0, 0.0)[0m
[INFO]: Time taken for scene creation : 0.204963 seconds
[INFO]: Scene manager:  <class InteractiveScene>
	Number of environments: 32
	Environment spacing   : 2.5
	Source prim name      : /World/envs/env_0
	Global prim paths     : ['/World/ground']
	Replicate physics     : True
[INFO]: Starting the simulation. This may take a few seconds. Please wait...
[INFO]: Time taken for simulation start : 0.692529 seconds
[33m21:12:33 [velocity_command.py] WARNING: The velocity command has the 'ranges.heading' attribute set to '(-3.141592653589793, 3.141592653589793)' but the heading command is not active. Consider setting the flag for the heading command to True.[0m
D:\dev\Nconnect\.venv-isaaclab\Lib\site-packages\rsl_rl\utils\utils.py:220: UserWarning: The observation configuration dictionary 'obs_groups' is empty and thus likely not configured. Consider configuring the 'obs_groups' dictionary explicitly
  warnings.warn(
D:\dev\Nconnect\.venv-isaaclab\Lib\site-packages\rsl_rl\utils\utils.py:251: UserWarning: The observation configuration dictionary 'obs_groups' does not contain the 'actor' key. As an observation group with the name 'policy' was found, this is assumed to be the appropriate observation. Consider adding the 'actor' key to the 'obs_groups' dictionary for clarity. This behavior will be removed in a future version.
  warnings.warn(
D:\dev\Nconnect\.venv-isaaclab\Lib\site-packages\rsl_rl\utils\utils.py:251: UserWarning: The observation configuration dictionary 'obs_groups' does not contain the 'critic' key. As an observation group with the name 'policy' was found, this is assumed to be the appropriate observation. Consider adding the 'critic' key to the 'obs_groups' dictionary for clarity. This behavior will be removed in a future version.
  warnings.warn(
[INFO] Command Manager:  <CommandManager> contains 1 active terms.
+------------------------------------------------+
|              Active Command Terms              |
+-------+---------------+------------------------+
| Index | Name          |          Type          |
+-------+---------------+------------------------+
|   0   | base_velocity | UniformVelocityCommand |
+-------+---------------+------------------------+

[INFO] Event Manager:  <EventManager> contains 2 active terms.
+--------------------------------------+
| Active Event Terms in Mode: 'startup' |
+----------+---------------------------+
|  Index   | Name                      |
+----------+---------------------------+
|    0     | physics_material          |
|    1     | add_base_mass             |
+----------+---------------------------+
+---------------------------------------+
|  Active Event Terms in Mode: 'reset'  |
+--------+------------------------------+
| Index  | Name                         |
+--------+------------------------------+
|   0    | base_external_force_torque   |
|   1    | reset_base                   |
|   2    | reset_robot_joints           |
+--------+------------------------------+

[INFO] Recorder Manager:  <RecorderManager> contains 0 active terms.
+---------------------+
| Active Recorder Terms |
+-----------+---------+
|   Index   | Name    |
+-----------+---------+
+-----------+---------+

[INFO] Action Manager:  <ActionManager> contains 1 active terms.
+------------------------------------+
|  Active Action Terms (shape: 12)   |
+--------+-------------+-------------+
| Index  | Name        |   Dimension |
+--------+-------------+-------------+
|   0    | joint_pos   |          12 |
+--------+-------------+-------------+

[INFO] Observation Manager: <ObservationManager> contains 1 groups.
+----------------------------------------------------------+
| Active Observation Terms in Group: 'policy' (shape: (235,)) |
+-----------+--------------------------------+-------------+
|   Index   | Name                           |    Shape    |
+-----------+--------------------------------+-------------+
|     0     | base_lin_vel                   |     (3,)    |
|     1     | base_ang_vel                   |     (3,)    |
|     2     | projected_gravity              |     (3,)    |
|     3     | velocity_commands              |     (3,)    |
|     4     | joint_pos                      |    (12,)    |
|     5     | joint_vel                      |    (12,)    |
|     6     | actions                        |    (12,)    |
|     7     | height_scan                    |    (187,)   |
+-----------+--------------------------------+-------------+

[INFO] Termination Manager:  <TerminationManager> contains 2 active terms.
+---------------------------------+
|     Active Termination Terms    |
+-------+--------------+----------+
| Index | Name         | Time Out |
+-------+--------------+----------+
|   0   | time_out     |   True   |
|   1   | base_contact |  False   |
+-------+--------------+----------+

[INFO] Reward Manager:  <RewardManager> contains 10 active terms.
+-----------------------------------------+
|           Active Reward Terms           |
+-------+----------------------+----------+
| Index | Name                 |   Weight |
+-------+----------------------+----------+
|   0   | track_lin_vel_xy_exp |      1.2 |
|   1   | track_ang_vel_z_exp  |     0.75 |
|   2   | lin_vel_z_l2         |    -1.25 |
|   3   | ang_vel_xy_l2        |    -0.05 |
|   4   | dof_torques_l2       |  -0.0002 |
|   5   | dof_acc_l2           | -2.5e-07 |
|   6   | action_rate_l2       |    -0.01 |
|   7   | feet_air_time        |      0.2 |
|   8   | flat_orientation_l2  |      0.0 |
|   9   | dof_pos_limits       |      0.0 |
+-------+----------------------+----------+

[INFO] Curriculum Manager:  <CurriculumManager> contains 0 active terms.
+----------------------+
| Active Curriculum Terms |
+-----------+----------+
|   Index   | Name     |
+-----------+----------+
+-----------+----------+

[INFO]: Completed setting up the environment...
[INFO]: Loading model checkpoint from: D:\workspace\go2_g_a057_work\track_lin_vel_xy_exp_p1p2\candidate\exported\model_best.pt
--------------------------------------------------------------------------------
Resolved observation sets: 
	 actor :  ['policy']
	 critic :  ['policy']
--------------------------------------------------------------------------------
Actor Model: MLPModel(
  (obs_normalizer): Identity()
  (distribution): GaussianDistribution()
  (mlp): MLP(
    (0): Linear(in_features=235, out_features=512, bias=True)
    (1): ELU(alpha=1.0)
    (2): Linear(in_features=512, out_features=256, bias=True)
    (3): ELU(alpha=1.0)
    (4): Linear(in_features=256, out_features=128, bias=True)
    (5): ELU(alpha=1.0)
    (6): Linear(in_features=128, out_features=12, bias=True)
  )
)
Critic Model: MLPModel(
  (obs_normalizer): Identity()
  (mlp): MLP(
    (0): Linear(in_features=235, out_features=512, bias=True)
    (1): ELU(alpha=1.0)
    (2): Linear(in_features=512, out_features=256, bias=True)
    (3): ELU(alpha=1.0)
    (4): Linear(in_features=256, out_features=128, bias=True)
    (5): ELU(alpha=1.0)
    (6): Linear(in_features=128, out_features=1, bias=True)
  )
)
Loading user config located at: 'd:/dev/nconnect/.venv-isaaclab/lib/site-packages/isaacsim/kit/data/Kit/Isaac-Sim/5.1/user.config.json'
[Info] [carb] Logging to file: d:/dev/nconnect/.venv-isaaclab/lib/site-packages/isaacsim/kit/logs/Kit/Isaac-Sim/5.1/kit_20260930_211221.log
2026-09-30T12:12:21Z [519ms] [Warning] [omni.usd_config.extension] Enable omni.materialx.libs extension to use MaterialX
2026-09-30T12:12:23Z [1,663ms] [Warning] [carb] Acquiring non optional plugin interface which is not listed as dependency: [omni::physx::IPhysxBenchmarks v1.0] (plugin: <default plugin>), by client: omni.physics.physx.plugin. Add it to CARB_PLUGIN_IMPL_DEPS() macro of a client.
2026-09-30T12:12:23Z [1,685ms] [Warning] [omni.isaac.dynamic_control] omni.isaac.dynamic_control is deprecated as of Isaac Sim 4.5. No action is needed from end-users.

|---------------------------------------------------------------------------------------------|
| Driver Version: 580.88        | Graphics API: D3D12
|=============================================================================================|
| GPU | Name                             | Active | LDA | GPU Memory | Vendor-ID | LUID       |
|     |                                  |        |     |            | Device-ID | UUID       |
|     |                                  |        |     |            | Bus-ID    |            |
|---------------------------------------------------------------------------------------------|
| 0   | NVIDIA GeForce RTX 3050          | Yes: 0 |     | 6002    MB | 10de      | 233c4c5c.. |
|     |                                  |        |     |            | 2584      | 0          |
|     |                                  |        |     |            | 1         |            |
|=============================================================================================|
| OS: Windows 10 Pro, Version: 10.0 (22H2), Build: 19045, Kernel: 10.0.19041.6456
| Processor: Intel(R) Core(TM) i5-14400
| Cores: 10 | Logical Cores: 16
|---------------------------------------------------------------------------------------------|
| Total Memory (MB): 32509 | Free Memory: 18669
| Total Page/Swap (MB): 37373 | Free Page/Swap: 12330
|---------------------------------------------------------------------------------------------|
2026-09-30T12:12:28Z [7,156ms] [Warning] [gpu.foundation.plugin] PCIe link width current (8) and maximum (16) for device 0 don't match.
2026-09-30T12:12:33Z [12,055ms] [Warning] [omni.physx.fabric.plugin] FabricManager::initializePointInstancer mismatched prototypes on point instancer: /Visuals/Command/velocity_current.
2026-09-30T12:12:33Z [12,055ms] [Warning] [omni.physx.fabric.plugin] FabricManager::initializePointInstancer mismatched prototypes on point instancer: /Visuals/Command/velocity_goal.
COMMAND: /workspace/IsaacLab/isaaclab.sh -p play.py --task Quadruped-v0 --num_envs 32 --headless agent.seed=202 env.commands.base_velocity.heading_command=false env.commands.base_velocity.rel_standing_envs=0.0 env.commands.base_velocity.resampling_time_range=\[1000.0\,1000.0\] env.commands.base_velocity.ranges.lin_vel_x=\[0\,0\] env.commands.base_velocity.ranges.lin_vel_y=\[0.35\,0.35\] env.commands.base_velocity.ranges.ang_vel_z=\[0\,0\] env.scene.terrain.terrain_type=plane env.curriculum.terrain_levels=null 
