step,cfg_env_index,origin_type,viewer_origin_x,viewer_origin_y,viewer_origin_z,prim_x,prim_y,prim_z,target_root_x,target_root_y,target_root_z,implied_origin_x,implied_origin_y,implied_origin_z,target_dist_xy,nearest_env,nearest_dist_xy,other_near_dist_xy
1,11,asset_root,2.50033,-2.4997,0.400147,-1.49967,-6.4997,4.40015,-0.42754,-3.74114,0.498754,2.50033,-2.4997,0.400147,3.18019,13,2.6404,2.6404
2,11,asset_root,-0.42754,-3.74114,0.498754,-4.42754,-7.74114,4.49875,-0.428271,-3.74108,0.494668,-0.42754,-3.74114,0.498754,0.000733981,11,0.000733981,0.357802
3,11,asset_root,-0.428271,-3.74108,0.494668,-4.42827,-7.74108,4.49467,-0.429202,-3.74135,0.486362,-0.428271,-3.74108,0.494668,0.000966807,11,0.000966807,0.358163
4,11,asset_root,-0.429202,-3.74135,0.486362,-4.4292,-7.74135,4.48636,-0.429371,-3.74155,0.473824,-0.429202,-3.74135,0.486362,0.000268765,11,0.000268765,0.358864
5,11,asset_root,-0.429371,-3.74155,0.473824,-4.42937,-7.74155,4.47382,-0.429356,-3.74183,0.460483,-0.429371,-3.74155,0.473824,0.000274329,11,0.000274329,0.358863
6,11,asset_root,-0.429356,-3.74183,0.460483,-4.42936,-7.74183,4.46048,-0.430053,-3.74164,0.450599,-0.429356,-3.74183,0.460483,0.000720941,11,0.000720941,0.358442
7,11,asset_root,-0.430053,-3.74164,0.450599,-4.43005,-7.74164,4.4506,-0.431552,-3.74062,0.443978,-0.430053,-3.74164,0.450599,0.0018141,11,0.0018141,0.359082
8,11,asset_root,-0.431552,-3.74062,0.443978,-4.43155,-7.74062,4.44398,-0.4333,-3.73898,0.439171,-0.431552,-3.74062,0.443978,0.00239496,11,0.00239496,0.361618
9,11,asset_root,-0.4333,-3.73898,0.439171,-4.4333,-7.73898,4.43917,-0.43508,-3.7367,0.435376,-0.4333,-3.73898,0.439171,0.00289461,11,0.00289461,0.365501
10,11,asset_root,-0.43508,-3.7367,0.435376,-4.43508,-7.7367,4.43538,-0.436676,-3.73386,0.432994,-0.43508,-3.7367,0.435376,0.00325692,11,0.00325692,0.370412
11,11,asset_root,-0.436676,-3.73386,0.432994,-4.43668,-7.73386,4.43299,-0.438268,-3.73074,0.431659,-0.436676,-3.73386,0.432994,0.00350393,11,0.00350393,0.375616
12,11,asset_root,-0.438268,-3.73074,0.431659,-4.43827,-7.73074,4.43166,-0.439637,-3.72748,0.431155,-0.438268,-3.73074,0.431659,0.0035377,11,0.0035377,0.38108
13,11,asset_root,-0.439637,-3.72748,0.431155,-4.43964,-7.72748,4.43115,-0.441218,-3.72389,0.431829,-0.439637,-3.72748,0.431155,0.00392541,11,0.00392541,0.386456
14,11,asset_root,-0.441218,-3.72389,0.431829,-4.44122,-7.72389,4.43183,-0.443131,-3.72028,0.432815,-0.441218,-3.72389,0.431829,0.00408168,11,0.00408168,0.3919
15,11,asset_root,-0.443131,-3.72028,0.432815,-4.44313,-7.72028,4.43282,-0.445107,-3.71671,0.433669,-0.443131,-3.72028,0.432815,0.00408509,11,0.00408509,0.397315
16,11,asset_root,-0.445107,-3.71671,0.433669,-4.44511,-7.71671,4.43367,-0.447319,-3.71269,0.434937,-0.445107,-3.71671,0.433669,0.00458269,11,0.00458269,0.402782
17,11,asset_root,-0.447319,-3.71269,0.434937,-4.44732,-7.71269,4.43494,-0.449433,-3.70832,0.436282,-0.447319,-3.71269,0.434937,0.00485859,11,0.00485859,0.408675
18,11,asset_root,-0.449433,-3.70832,0.436282,-4.44943,-7.70832,4.43628,-0.451441,-3.70358,0.43747,-0.449433,-3.70832,0.436282,0.00514111,11,0.00514111,0.414711
19,11,asset_root,-0.451441,-3.70358,0.43747,-4.45144,-7.70358,4.43747,-0.453308,-3.69872,0.438075,-0.451441,-3.70358,0.43747,0.00520745,11,0.00520745,0.420801
20,11,asset_root,-0.453308,-3.69872,0.438075,-4.45331,-7.69872,4.43808,-0.45523,-3.6943,0.438481,-0.453308,-3.69872,0.438075,0.00482167,11,0.00482167,0.42635
21,11,asset_root,-0.45523,-3.6943,0.438481,-4.45523,-7.6943,4.43848,-0.457194,-3.69045,0.439067,-0.45523,-3.6943,0.438481,0.00432315,11,0.00432315,0.431517
22,11,asset_root,-0.457194,-3.69045,0.439067,-4.45719,-7.69045,4.43907,-0.458918,-3.687,0.439275,-0.457194,-3.69045,0.439067,0.00385699,11,0.00385699,0.436622
23,11,asset_root,-0.458918,-3.687,0.439275,-4.45892,-7.687,4.43928,-0.460795,-3.6838,0.438451,-0.458918,-3.687,0.439275,0.00371342,11,0.00371342,0.44146
24,11,asset_root,-0.460795,-3.6838,0.438451,-4.4608,-7.6838,4.43845,-0.462656,-3.68032,0.435848,-0.460795,-3.6838,0.438451,0.00394196,11,0.00394196,0.446113
25,11,asset_root,-0.462656,-3.68032,0.435848,-4.46266,-7.68032,4.43585,-0.464271,-3.6763,0.431926,-0.462656,-3.68032,0.435848,0.0043291,11,0.0043291,0.450594
26,11,asset_root,-0.464271,-3.6763,0.431926,-4.46427,-7.6763,4.43193,-0.465727,-3.67257,0.428887,-0.464271,-3.6763,0.431926,0.00400644,11,0.00400644,0.454412
27,11,asset_root,-0.465727,-3.67257,0.428887,-4.46573,-7.67257,4.42889,-0.467441,-3.66946,0.42706,-0.465727,-3.67257,0.428887,0.00355181,11,0.00355181,0.457636
28,11,asset_root,-0.467441,-3.66946,0.42706,-4.46744,-7.66946,4.42706,-0.469236,-3.66684,0.425869,-0.467441,-3.66946,0.42706,0.00317325,11,0.00317325,0.461197
29,11,asset_root,-0.469236,-3.66684,0.425869,-4.46924,-7.66684,4.42587,-0.470556,-3.66437,0.424504,-0.469236,-3.66684,0.425869,0.00280673,11,0.00280673,0.465185
30,11,asset_root,-0.470556,-3.66437,0.424504,-4.47056,-7.66437,4.4245,-0.471567,-3.6614,0.423312,-0.470556,-3.66437,0.424504,0.00313498,11,0.00313498,0.468626
31,11,asset_root,-0.471567,-3.6614,0.423312,-4.47157,-7.6614,4.42331,-0.472411,-3.65834,0.42234,-0.471567,-3.6614,0.423312,0.00317471,11,0.00317471,0.471591
32,11,asset_root,-0.472411,-3.65834,0.42234,-4.47241,-7.65834,4.42234,-0.473272,-3.65513,0.422144,-0.472411,-3.65834,0.42234,0.00332678,11,0.00332678,0.474365
33,11,asset_root,-0.473272,-3.65513,0.422144,-4.47327,-7.65513,4.42214,-0.474006,-3.65123,0.422467,-0.473272,-3.65513,0.422144,0.00396812,11,0.00396812,0.477204
34,11,asset_root,-0.474006,-3.65123,0.422467,-4.47401,-7.65123,4.42247,-0.474943,-3.64673,0.423258,-0.474006,-3.65123,0.422467,0.0045915,11,0.0045915,0.480219
35,11,asset_root,-0.474943,-3.64673,0.423258,-4.47494,-7.64673,4.42326,-0.476113,-3.64159,0.424585,-0.474943,-3.64673,0.423258,0.00527096,11,0.00527096,0.483598
36,11,asset_root,-0.476113,-3.64159,0.424585,-4.47611,-7.64159,4.42458,-0.477067,-3.63605,0.425814,-0.476113,-3.64159,0.424585,0.00561954,11,0.00561954,0.487618
37,11,asset_root,-0.477067,-3.63605,0.425814,-4.47707,-7.63605,4.42581,-0.477856,-3.63064,0.426212,-0.477067,-3.63605,0.425814,0.00547311,11,0.00547311,0.491539
38,11,asset_root,-0.477856,-3.63064,0.426212,-4.47786,-7.63064,4.42621,-0.478684,-3.62518,0.427002,-0.477856,-3.63064,0.426212,0.00552266,11,0.00552266,0.495418
39,11,asset_root,-0.478684,-3.62518,0.427002,-4.47868,-7.62518,4.427,-0.479352,-3.61973,0.427372,-0.478684,-3.62518,0.427002,0.00548465,11,0.00548465,0.499529
40,11,asset_root,-0.479352,-3.61973,0.427372,-4.47935,-7.61973,4.42737,-0.479901,-3.61407,0.42765,-0.479352,-3.61973,0.427372,0.00569468,11,0.00569468,0.50371
41,11,asset_root,-0.479901,-3.61407,0.42765,-4.4799,-7.61407,4.42765,-0.480264,-3.60884,0.426814,-0.479901,-3.61407,0.42765,0.00524207,11,0.00524207,0.508185
42,11,asset_root,-0.480264,-3.60884,0.426814,-4.48026,-7.60884,4.42681,-0.480522,-3.60382,0.425093,-0.480264,-3.60884,0.426814,0.00501817,11,0.00501817,0.512482
43,11,asset_root,-0.480522,-3.60382,0.425093,-4.48052,-7.60382,4.42509,-0.4808,-3.59882,0.423601,-0.480522,-3.60382,0.425093,0.00501165,11,0.00501165,0.516403
44,11,asset_root,-0.4808,-3.59882,0.423601,-4.4808,-7.59882,4.4236,-0.481331,-3.59401,0.422816,-0.4808,-3.59882,0.423601,0.00483666,11,0.00483666,0.52017
45,11,asset_root,-0.481331,-3.59401,0.422816,-4.48133,-7.59401,4.42282,-0.482141,-3.58936,0.422131,-0.481331,-3.59401,0.422816,0.0047231,11,0.0047231,0.524274
46,11,asset_root,-0.482141,-3.58936,0.422131,-4.48214,-7.58936,4.42213,-0.483184,-3.58484,0.421743,-0.482141,-3.58936,0.422131,0.00464006,11,0.00464006,0.528597
47,11,asset_root,-0.483184,-3.58484,0.421743,-4.48318,-7.58484,4.42174,-0.484269,-3.58079,0.420793,-0.483184,-3.58484,0.421743,0.00419129,11,0.00419129,0.533004
48,11,asset_root,-0.484269,-3.58079,0.420793,-4.48427,-7.58079,4.42079,-0.485723,-3.57669,0.419758,-0.484269,-3.58079,0.420793,0.00435137,11,0.00435137,0.537341
49,11,asset_root,-0.485723,-3.57669,0.419758,-4.48572,-7.57669,4.41976,-0.487359,-3.57266,0.418893,-0.485723,-3.57669,0.419758,0.00434664,11,0.00434664,0.54222
50,11,asset_root,-0.487359,-3.57266,0.418893,-4.48736,-7.57266,4.41889,-0.4893,-3.56879,0.418035,-0.487359,-3.57266,0.418893,0.00433114,11,0.00433114,0.547481
51,11,asset_root,-0.4893,-3.56879,0.418035,-4.4893,-7.56879,4.41803,-0.491275,-3.56518,0.416958,-0.4893,-3.56879,0.418035,0.00411891,11,0.00411891,0.553521
52,11,asset_root,-0.491275,-3.56518,0.416958,-4.49128,-7.56518,4.41696,-0.493242,-3.56189,0.416873,-0.491275,-3.56518,0.416958,0.00382994,11,0.00382994,0.559913
53,11,asset_root,-0.493242,-3.56189,0.416873,-4.49324,-7.56189,4.41687,-0.495051,-3.55908,0.417957,-0.493242,-3.56189,0.416873,0.0033453,11,0.0033453,0.566077
54,11,asset_root,-0.495051,-3.55908,0.417957,-4.49505,-7.55908,4.41796,-0.496601,-3.55666,0.418735,-0.495051,-3.55908,0.417957,0.00286769,11,0.00286769,0.571126
55,11,asset_root,-0.496601,-3.55666,0.418735,-4.4966,-7.55666,4.41873,-0.498094,-3.55445,0.417632,-0.496601,-3.55666,0.418735,0.00266685,11,0.00266685,0.570715
56,11,asset_root,-0.498094,-3.55445,0.417632,-4.49809,-7.55445,4.41763,-0.499799,-3.55252,0.416005,-0.498094,-3.55445,0.417632,0.00257908,11,0.00257908,0.570057
57,11,asset_root,-0.499799,-3.55252,0.416005,-4.4998,-7.55252,4.41601,-0.502194,-3.55034,0.415778,-0.499799,-3.55252,0.416005,0.00323565,11,0.00323565,0.569119
58,11,asset_root,-0.502194,-3.55034,0.415778,-4.50219,-7.55034,4.41578,-0.50499,-3.54795,0.415482,-0.502194,-3.55034,0.415778,0.00368008,11,0.00368008,0.568492
59,11,asset_root,-0.50499,-3.54795,0.415482,-4.50499,-7.54795,4.41548,-0.508367,-3.54559,0.411753,-0.50499,-3.54795,0.415482,0.004118,11,0.004118,0.568467
60,11,asset_root,-0.508367,-3.54559,0.411753,-4.50837,-7.54559,4.41175,-0.511728,-3.54317,0.403702,-0.508367,-3.54559,0.411753,0.00414554,11,0.00414554,0.569168
61,11,asset_root,-0.511728,-3.54317,0.403702,-4.51173,-7.54317,4.4037,-0.514969,-3.54077,0.395294,-0.511728,-3.54317,0.403702,0.00403118,11,0.00403118,0.5704
62,11,asset_root,-0.514969,-3.54077,0.395294,-4.51497,-7.54077,4.39529,-0.518084,-3.53899,0.38805,-0.514969,-3.54077,0.395294,0.00358832,11,0.00358832,0.571755
63,11,asset_root,-0.518084,-3.53899,0.38805,-4.51808,-7.53899,4.38805,-0.521187,-3.53759,0.382533,-0.518084,-3.53899,0.38805,0.00340477,11,0.00340477,0.57273
64,11,asset_root,-0.521187,-3.53759,0.382533,-4.52119,-7.53759,4.38253,-0.524045,-3.53624,0.378423,-0.521187,-3.53759,0.382533,0.0031596,11,0.0031596,0.573524
65,11,asset_root,-0.524045,-3.53624,0.378423,-4.52404,-7.53624,4.37842,-0.526313,-3.53473,0.374986,-0.524045,-3.53624,0.378423,0.00272447,11,0.00272447,0.574104
66,11,asset_root,-0.526313,-3.53473,0.374986,-4.52631,-7.53473,4.37499,-0.528578,-3.53316,0.37265,-0.526313,-3.53473,0.374986,0.00275572,11,0.00275572,0.57479
67,11,asset_root,-0.528578,-3.53316,0.37265,-4.52858,-7.53316,4.37265,-0.530586,-3.53142,0.370756,-0.528578,-3.53316,0.37265,0.00265594,11,0.00265594,0.57549
68,11,asset_root,-0.530586,-3.53142,0.370756,-4.53059,-7.53142,4.37076,-0.532408,-3.5294,0.369124,-0.530586,-3.53142,0.370756,0.00272214,11,0.00272214,0.576473
69,11,asset_root,-0.532408,-3.5294,0.369124,-4.53241,-7.5294,4.36912,-0.533967,-3.527,0.36758,-0.532408,-3.5294,0.369124,0.00286187,11,0.00286187,0.57809
70,11,asset_root,-0.533967,-3.527,0.36758,-4.53397,-7.527,4.36758,-0.535394,-3.52424,0.366263,-0.533967,-3.527,0.36758,0.00310792,11,0.00310792,0.579996
71,11,asset_root,-0.535394,-3.52424,0.366263,-4.53539,-7.52424,4.36626,-0.536509,-3.52164,0.364893,-0.535394,-3.52424,0.366263,0.00282322,11,0.00282322,0.582262
72,11,asset_root,-0.536509,-3.52164,0.364893,-4.53651,-7.52164,4.36489,-0.537817,-3.51894,0.364121,-0.536509,-3.52164,0.364893,0.00300217,11,0.00300217,0.584292
73,11,asset_root,-0.537817,-3.51894,0.364121,-4.53782,-7.51894,4.36412,-0.539301,-3.5159,0.364163,-0.537817,-3.51894,0.364121,0.00338407,11,0.00338407,0.586356
74,11,asset_root,-0.539301,-3.5159,0.364163,-4.5393,-7.5159,4.36416,-0.540365,-3.51279,0.364167,-0.539301,-3.5159,0.364163,0.0032831,11,0.0032831,0.588638
75,11,asset_root,-0.540365,-3.51279,0.364167,-4.54037,-7.51279,4.36417,-0.541432,-3.50967,0.364668,-0.540365,-3.51279,0.364167,0.00330587,11,0.00330587,0.590823
76,11,asset_root,-0.541432,-3.50967,0.364668,-4.54143,-7.50967,4.36467,-0.542379,-3.50669,0.36564,-0.541432,-3.50967,0.364668,0.0031249,11,0.0031249,0.592915
77,11,asset_root,-0.542379,-3.50669,0.36564,-4.54238,-7.50669,4.36564,-0.543254,-3.50367,0.366287,-0.542379,-3.50669,0.36564,0.00314103,11,0.00314103,0.594889
78,11,asset_root,-0.543254,-3.50367,0.366287,-4.54325,-7.50367,4.36629,-0.544279,-3.50053,0.366634,-0.543254,-3.50367,0.366287,0.00330833,11,0.00330833,0.596946
79,11,asset_root,-0.544279,-3.50053,0.366634,-4.54428,-7.50053,4.36663,-0.545629,-3.49716,0.367226,-0.544279,-3.50053,0.366634,0.00362259,11,0.00362259,0.599247
80,11,asset_root,-0.545629,-3.49716,0.367226,-4.54563,-7.49716,4.36723,-0.54695,-3.49365,0.367929,-0.545629,-3.49716,0.367226,0.00375525,11,0.00375525,0.602591
81,11,asset_root,-0.54695,-3.49365,0.367929,-4.54695,-7.49365,4.36793,-0.548047,-3.49018,0.368719,-0.54695,-3.49365,0.367929,0.0036377,11,0.0036377,0.607013
82,11,asset_root,-0.548047,-3.49018,0.368719,-4.54805,-7.49018,4.36872,-0.548926,-3.48667,0.369977,-0.548047,-3.49018,0.368719,0.0036172,11,0.0036172,0.611959
83,11,asset_root,-0.548926,-3.48667,0.369977,-4.54893,-7.48667,4.36998,-0.549778,-3.48298,0.371796,-0.548926,-3.48667,0.369977,0.00379203,11,0.00379203,0.617265
84,11,asset_root,-0.549778,-3.48298,0.371796,-4.54978,-7.48298,4.3718,-0.551016,-3.47913,0.373929,-0.549778,-3.48298,0.371796,0.00403654,11,0.00403654,0.622929
85,11,asset_root,-0.551016,-3.47913,0.373929,-4.55102,-7.47913,4.37393,-0.552442,-3.4752,0.376419,-0.551016,-3.47913,0.373929,0.00418061,11,0.00418061,0.628755
86,11,asset_root,-0.552442,-3.4752,0.376419,-4.55244,-7.4752,4.37642,-0.553764,-3.47117,0.379117,-0.552442,-3.4752,0.376419,0.00424399,11,0.00424399,0.634708
87,11,asset_root,-0.553764,-3.47117,0.379117,-4.55376,-7.47117,4.37912,-0.555118,-3.46694,0.382354,-0.553764,-3.47117,0.379117,0.00444626,11,0.00444626,0.64103
88,11,asset_root,-0.555118,-3.46694,0.382354,-4.55512,-7.46694,4.38235,-0.556132,-3.46253,0.385652,-0.555118,-3.46694,0.382354,0.00452059,11,0.00452059,0.648055
89,11,asset_root,-0.556132,-3.46253,0.385652,-4.55613,-7.46253,4.38565,-0.556795,-3.45827,0.388796,-0.556132,-3.46253,0.385652,0.00431122,11,0.00431122,0.655333
90,11,asset_root,-0.556795,-3.45827,0.388796,-4.5568,-7.45827,4.3888,-0.557166,-3.45413,0.392035,-0.556795,-3.45827,0.388796,0.00415454,11,0.00415454,0.662664
91,11,asset_root,-0.557166,-3.45413,0.392035,-4.55717,-7.45413,4.39204,-0.557394,-3.44994,0.395103,-0.557166,-3.45413,0.392035,0.00420047,11,0.00420047,0.669527
92,11,asset_root,-0.557394,-3.44994,0.395103,-4.55739,-7.44994,4.3951,-0.557824,-3.44592,0.398014,-0.557394,-3.44994,0.395103,0.00403742,11,0.00403742,0.675742
93,11,asset_root,-0.557824,-3.44592,0.398014,-4.55782,-7.44592,4.39801,-0.558808,-3.44197,0.400912,-0.557824,-3.44592,0.398014,0.00407289,11,0.00407289,0.679434
94,11,asset_root,-0.558808,-3.44197,0.400912,-4.55881,-7.44197,4.40091,-0.559785,-3.4381,0.40361,-0.558808,-3.44197,0.400912,0.00399755,11,0.00399755,0.679319
95,11,asset_root,-0.559785,-3.4381,0.40361,-4.55979,-7.4381,4.40361,-0.560607,-3.43428,0.405638,-0.559785,-3.4381,0.40361,0.00390206,11,0.00390206,0.678977
96,11,asset_root,-0.560607,-3.43428,0.405638,-4.56061,-7.43428,4.40564,-0.561704,-3.43048,0.407176,-0.560607,-3.43428,0.405638,0.00395975,11,0.00395975,0.678426
97,11,asset_root,-0.561704,-3.43048,0.407176,-4.5617,-7.43048,4.40718,-0.563365,-3.42618,0.407664,-0.561704,-3.43048,0.407176,0.00460327,11,0.00460327,0.678116
98,11,asset_root,-0.563365,-3.42618,0.407664,-4.56337,-7.42618,4.40766,-0.565363,-3.42164,0.40765,-0.563365,-3.42618,0.407664,0.00495928,11,0.00495928,0.67851
99,11,asset_root,-0.565363,-3.42164,0.40765,-4.56536,-7.42164,4.40765,-0.567679,-3.41708,0.407799,-0.565363,-3.42164,0.40765,0.00512054,11,0.00512054,0.679181
100,11,asset_root,-0.567679,-3.41708,0.407799,-4.56768,-7.41708,4.4078,-0.570422,-3.41256,0.408647,-0.567679,-3.41708,0.407799,0.00528233,11,0.00528233,0.679932
101,11,asset_root,-0.570422,-3.41256,0.408647,-4.57042,-7.41256,4.40865,-0.573479,-3.40817,0.410213,-0.570422,-3.41256,0.408647,0.00535218,11,0.00535218,0.680862
102,11,asset_root,-0.573479,-3.40817,0.410213,-4.57348,-7.40817,4.41021,-0.576612,-3.40389,0.411909,-0.573479,-3.40817,0.410213,0.00530418,11,0.00530418,0.682083
103,11,asset_root,-0.576612,-3.40389,0.411909,-4.57661,-7.40389,4.41191,-0.580021,-3.39951,0.412956,-0.576612,-3.40389,0.411909,0.00555102,11,0.00555102,0.683359
104,11,asset_root,-0.580021,-3.39951,0.412956,-4.58002,-7.39951,4.41296,-0.58351,-3.39496,0.413493,-0.580021,-3.39951,0.412956,0.00573474,11,0.00573474,0.684371
105,11,asset_root,-0.58351,-3.39496,0.413493,-4.58351,-7.39496,4.41349,-0.58658,-3.39021,0.413482,-0.58351,-3.39496,0.413493,0.00565262,11,0.00565262,0.685136
106,11,asset_root,-0.58658,-3.39021,0.413482,-4.58658,-7.39021,4.41348,-0.589167,-3.3851,0.413715,-0.58658,-3.39021,0.413482,0.00572518,11,0.00572518,0.685573
107,11,asset_root,-0.589167,-3.3851,0.413715,-4.58917,-7.3851,4.41371,-0.591689,-3.37951,0.414893,-0.589167,-3.3851,0.413715,0.00613228,11,0.00613228,0.686285
108,11,asset_root,-0.591689,-3.37951,0.414893,-4.59169,-7.37951,4.41489,-0.594091,-3.37406,0.416094,-0.591689,-3.37951,0.414893,0.0059585,11,0.0059585,0.687514
109,11,asset_root,-0.594091,-3.37406,0.416094,-4.59409,-7.37406,4.41609,-0.596425,-3.36919,0.417434,-0.594091,-3.37406,0.416094,0.00540552,11,0.00540552,0.688509
110,11,asset_root,-0.596425,-3.36919,0.417434,-4.59643,-7.36919,4.41743,-0.598781,-3.36479,0.418914,-0.596425,-3.36919,0.417434,0.00498661,11,0.00498661,0.688822
111,11,asset_root,-0.598781,-3.36479,0.418914,-4.59878,-7.36479,4.41891,-0.601156,-3.36093,0.419645,-0.598781,-3.36479,0.418914,0.00453455,11,0.00453455,0.688674
112,11,asset_root,-0.601156,-3.36093,0.419645,-4.60116,-7.36093,4.41965,-0.603027,-3.35713,0.419982,-0.601156,-3.36093,0.419645,0.00423694,11,0.00423694,0.688059
113,11,asset_root,-0.603027,-3.35713,0.419982,-4.60303,-7.35713,4.41998,-0.604693,-3.35295,0.420916,-0.603027,-3.35713,0.419982,0.00449404,11,0.00449404,0.687637
114,11,asset_root,-0.604693,-3.35295,0.420916,-4.60469,-7.35295,4.42092,-0.606489,-3.34843,0.422676,-0.604693,-3.35295,0.420916,0.00486894,11,0.00486894,0.687935
115,11,asset_root,-0.606489,-3.34843,0.422676,-4.60649,-7.34843,4.42268,-0.608505,-3.34353,0.424745,-0.606489,-3.34843,0.422676,0.00529296,11,0.00529296,0.688808
116,11,asset_root,-0.608505,-3.34353,0.424745,-4.6085,-7.34353,4.42475,-0.610426,-3.33873,0.426423,-0.608505,-3.34353,0.424745,0.00517204,11,0.00517204,0.690548
117,11,asset_root,-0.610426,-3.33873,0.426423,-4.61043,-7.33873,4.42642,-0.612256,-3.33392,0.428073,-0.610426,-3.33873,0.426423,0.00515163,11,0.00515163,0.692578
118,11,asset_root,-0.612256,-3.33392,0.428073,-4.61226,-7.33392,4.42807,-0.614095,-3.32934,0.429237,-0.612256,-3.33392,0.428073,0.00492768,11,0.00492768,0.694958
119,11,asset_root,-0.614095,-3.32934,0.429237,-4.61409,-7.32934,4.42924,-0.615848,-3.32494,0.43058,-0.614095,-3.32934,0.429237,0.00473569,11,0.00473569,0.697702
120,11,asset_root,-0.615848,-3.32494,0.43058,-4.61585,-7.32494,4.43058,-0.617292,-3.32048,0.431526,-0.615848,-3.32494,0.43058,0.00469483,11,0.00469483,0.700474
121,11,asset_root,-0.617292,-3.32048,0.431526,-4.61729,-7.32048,4.43153,-0.618739,-3.31612,0.432257,-0.617292,-3.32048,0.431526,0.00458897,11,0.00458897,0.703156
122,11,asset_root,-0.618739,-3.31612,0.432257,-4.61874,-7.31612,4.43226,-0.620346,-3.31217,0.432949,-0.618739,-3.31612,0.432257,0.00426822,11,0.00426822,0.705597
123,11,asset_root,-0.620346,-3.31217,0.432949,-4.62035,-7.31217,4.43295,-0.62211,-3.30836,0.433345,-0.620346,-3.31217,0.432949,0.00419599,11,0.00419599,0.707587
124,11,asset_root,-0.62211,-3.30836,0.433345,-4.62211,-7.30836,4.43334,-0.624171,-3.30471,0.433688,-0.62211,-3.30836,0.433345,0.00419123,11,0.00419123,0.709417
125,11,asset_root,-0.624171,-3.30471,0.433688,-4.62417,-7.30471,4.43369,-0.626541,-3.30123,0.434395,-0.624171,-3.30471,0.433688,0.00420828,11,0.00420828,0.710904
126,11,asset_root,-0.626541,-3.30123,0.434395,-4.62654,-7.30123,4.43439,-0.628764,-3.29809,0.435235,-0.626541,-3.30123,0.434395,0.0038529,11,0.0038529,0.711921
127,11,asset_root,-0.628764,-3.29809,0.435235,-4.62876,-7.29809,4.43523,-0.63106,-3.29531,0.435709,-0.628764,-3.29809,0.435235,0.00360714,11,0.00360714,0.712175
128,11,asset_root,-0.63106,-3.29531,0.435709,-4.63106,-7.29531,4.43571,-0.633284,-3.29267,0.435118,-0.63106,-3.29531,0.435709,0.00344923,11,0.00344923,0.712047
129,11,asset_root,-0.633284,-3.29267,0.435118,-4.63328,-7.29267,4.43512,-0.63532,-3.29027,0.433648,-0.633284,-3.29267,0.435118,0.00314899,11,0.00314899,0.711979
130,11,asset_root,-0.63532,-3.29027,0.433648,-4.63532,-7.29027,4.43365,-0.636706,-3.2881,0.431718,-0.63532,-3.29027,0.433648,0.00256876,11,0.00256876,0.711577
131,11,asset_root,-0.636706,-3.2881,0.431718,-4.63671,-7.2881,4.43172,-0.637724,-3.28635,0.429876,-0.636706,-3.2881,0.431718,0.00203221,11,0.00203221,0.710687
132,11,asset_root,-0.637724,-3.28635,0.429876,-4.63772,-7.28635,4.42988,-0.638665,-3.28459,0.427557,-0.637724,-3.28635,0.429876,0.00199174,11,0.00199174,0.709257
133,11,asset_root,-0.638665,-3.28459,0.427557,-4.63867,-7.28459,4.42756,-0.63997,-3.28244,0.425733,-0.638665,-3.28459,0.427557,0.00251526,11,0.00251526,0.707614
134,11,asset_root,-0.63997,-3.28244,0.425733,-4.63997,-7.28244,4.42573,-0.64152,-3.28018,0.424625,-0.63997,-3.28244,0.425733,0.00273693,11,0.00273693,0.706618
135,11,asset_root,-0.64152,-3.28018,0.424625,-4.64152,-7.28018,4.42462,-0.643076,-3.27801,0.423364,-0.64152,-3.28018,0.424625,0.00267416,11,0.00267416,0.70621
136,11,asset_root,-0.643076,-3.27801,0.423364,-4.64308,-7.27801,4.42336,-0.644614,-3.27564,0.421952,-0.643076,-3.27801,0.423364,0.0028235,11,0.0028235,0.705735
137,11,asset_root,-0.644614,-3.27564,0.421952,-4.64461,-7.27564,4.42195,-0.646504,-3.27297,0.42082,-0.644614,-3.27564,0.421952,0.00326851,11,0.00326851,0.705323
138,11,asset_root,-0.646504,-3.27297,0.42082,-4.6465,-7.27297,4.42082,-0.648492,-3.27015,0.419593,-0.646504,-3.27297,0.42082,0.00345373,11,0.00345373,0.705286
139,11,asset_root,-0.648492,-3.27015,0.419593,-4.64849,-7.27015,4.41959,-0.650236,-3.26685,0.418173,-0.648492,-3.27015,0.419593,0.00372929,11,0.00372929,0.705633
140,11,asset_root,-0.650236,-3.26685,0.418173,-4.65024,-7.26685,4.41817,-0.652131,-3.26319,0.417154,-0.650236,-3.26685,0.418173,0.00412184,11,0.00412184,0.70669
141,11,asset_root,-0.652131,-3.26319,0.417154,-4.65213,-7.26319,4.41715,-0.654326,-3.25957,0.416147,-0.652131,-3.26319,0.417154,0.00423449,11,0.00423449,0.708526
142,11,asset_root,-0.654326,-3.25957,0.416147,-4.65433,-7.25957,4.41615,-0.656555,-3.25599,0.414722,-0.654326,-3.25957,0.416147,0.00421726,11,0.00421726,0.71081
143,11,asset_root,-0.656555,-3.25599,0.414722,-4.65655,-7.25599,4.41472,-0.658828,-3.2523,0.414054,-0.656555,-3.25599,0.414722,0.00433296,11,0.00433296,0.713626
144,11,asset_root,-0.658828,-3.2523,0.414054,-4.65883,-7.2523,4.41405,-0.661131,-3.24889,0.413562,-0.658828,-3.2523,0.414054,0.00412108,11,0.00412108,0.717257
145,11,asset_root,-0.661131,-3.24889,0.413562,-4.66113,-7.24889,4.41356,-0.663513,-3.24616,0.413481,-0.661131,-3.24889,0.413562,0.00361859,11,0.00361859,0.72055
146,11,asset_root,-0.663513,-3.24616,0.413481,-4.66351,-7.24616,4.41348,-0.666018,-3.24413,0.413198,-0.663513,-3.24616,0.413481,0.00322535,11,0.00322535,0.722725
147,11,asset_root,-0.666018,-3.24413,0.413198,-4.66602,-7.24413,4.4132,-0.668699,-3.24243,0.412602,-0.666018,-3.24413,0.413198,0.0031754,11,0.0031754,0.724069
148,11,asset_root,-0.668699,-3.24243,0.412602,-4.6687,-7.24243,4.4126,-0.671723,-3.24125,0.412432,-0.668699,-3.24243,0.412602,0.00324659,11,0.00324659,0.724911
149,11,asset_root,-0.671723,-3.24125,0.412432,-4.67172,-7.24125,4.41243,-0.675145,-3.24049,0.412736,-0.671723,-3.24125,0.412432,0.00350355,11,0.00350355,0.725121
150,11,asset_root,-0.675145,-3.24049,0.412736,-4.67514,-7.24049,4.41274,-0.678714,-3.24018,0.413325,-0.675145,-3.24049,0.412736,0.0035824,11,0.0035824,0.725089
151,11,asset_root,-0.678714,-3.24018,0.413325,-4.67871,-7.24018,4.41333,-0.682265,-3.2402,0.41374,-0.678714,-3.24018,0.413325,0.00355118,11,0.00355118,0.724664
152,11,asset_root,-0.682265,-3.2402,0.41374,-4.68226,-7.2402,4.41374,-0.68616,-3.24033,0.4139,-0.682265,-3.2402,0.41374,0.00389768,11,0.00389768,0.723889
153,11,asset_root,-0.68616,-3.24033,0.4139,-4.68616,-7.24033,4.4139,-0.690433,-3.24042,0.413847,-0.68616,-3.24033,0.4139,0.0042736,11,0.0042736,0.723078
154,11,asset_root,-0.690433,-3.24042,0.413847,-4.69043,-7.24042,4.41385,-0.69504,-3.23999,0.414051,-0.690433,-3.24042,0.413847,0.00462758,11,0.00462758,0.722262
155,11,asset_root,-0.69504,-3.23999,0.414051,-4.69504,-7.23999,4.41405,-0.69975,-3.23901,0.415078,-0.69504,-3.23999,0.414051,0.00480909,11,0.00480909,0.722099
156,11,asset_root,-0.69975,-3.23901,0.415078,-4.69975,-7.23901,4.41508,-0.704544,-3.23735,0.416347,-0.69975,-3.23901,0.415078,0.00507581,11,0.00507581,0.722326
157,11,asset_root,-0.704544,-3.23735,0.416347,-4.70454,-7.23735,4.41635,-0.708715,-3.2351,0.417418,-0.704544,-3.23735,0.416347,0.00473912,11,0.00473912,0.723131
158,11,asset_root,-0.708715,-3.2351,0.417418,-4.70872,-7.2351,4.41742,-0.712283,-3.23248,0.418351,-0.708715,-3.2351,0.417418,0.00442304,11,0.00442304,0.724164
159,11,asset_root,-0.712283,-3.23248,0.418351,-4.71228,-7.23248,4.41835,-0.715554,-3.22967,0.418855,-0.712283,-3.23248,0.418351,0.0043119,11,0.0043119,0.72498
160,11,asset_root,-0.715554,-3.22967,0.418855,-4.71555,-7.22967,4.41885,-0.719001,-3.22616,0.420156,-0.715554,-3.22967,0.418855,0.00492566,11,0.00492566,0.725589
161,11,asset_root,-0.719001,-3.22616,0.420156,-4.719,-7.22616,4.42016,-0.722306,-3.22204,0.422187,-0.719001,-3.22616,0.420156,0.00527547,11,0.00527547,0.726791
162,11,asset_root,-0.722306,-3.22204,0.422187,-4.72231,-7.22204,4.42219,-0.725217,-3.21762,0.423812,-0.722306,-3.22204,0.422187,0.00529661,11,0.00529661,0.728751
163,11,asset_root,-0.725217,-3.21762,0.423812,-4.72522,-7.21762,4.42381,-0.728094,-3.2128,0.425715,-0.725217,-3.21762,0.423812,0.00561459,11,0.00561459,0.731213
164,11,asset_root,-0.728094,-3.2128,0.425715,-4.72809,-7.2128,4.42571,-0.730675,-3.20739,0.427037,-0.728094,-3.2128,0.425715,0.00599174,11,0.00599174,0.734529
165,11,asset_root,-0.730675,-3.20739,0.427037,-4.73067,-7.20739,4.42704,-0.733043,-3.20156,0.428027,-0.730675,-3.20739,0.427037,0.00629459,11,0.00629459,0.738853
166,11,asset_root,-0.733043,-3.20156,0.428027,-4.73304,-7.20156,4.42803,-0.735463,-3.196,0.428563,-0.733043,-3.20156,0.428027,0.00606617,11,0.00606617,0.743868
167,11,asset_root,-0.735463,-3.196,0.428563,-4.73546,-7.196,4.42856,-0.737859,-3.1909,0.428772,-0.735463,-3.196,0.428563,0.00562773,11,0.00562773,0.748567
168,11,asset_root,-0.737859,-3.1909,0.428772,-4.73786,-7.1909,4.42877,-0.739913,-3.18583,0.429129,-0.737859,-3.1909,0.428772,0.00547372,11,0.00547372,0.752894
169,11,asset_root,-0.739913,-3.18583,0.429129,-4.73991,-7.18583,4.42913,-0.741882,-3.18017,0.430026,-0.739913,-3.18583,0.429129,0.00599029,11,0.00599029,0.757406
170,11,asset_root,-0.741882,-3.18017,0.430026,-4.74188,-7.18017,4.43003,-0.743808,-3.17456,0.430702,-0.741882,-3.18017,0.430026,0.00593361,11,0.00593361,0.762119
171,11,asset_root,-0.743808,-3.17456,0.430702,-4.74381,-7.17456,4.4307,-0.745665,-3.16893,0.431626,-0.743808,-3.17456,0.430702,0.0059291,11,0.0059291,0.766509
172,11,asset_root,-0.745665,-3.16893,0.431626,-4.74566,-7.16893,4.43163,-0.747285,-3.1631,0.432744,-0.745665,-3.16893,0.431626,0.00604924,11,0.00604924,0.77073
173,11,asset_root,-0.747285,-3.1631,0.432744,-4.74729,-7.1631,4.43274,-0.748784,-3.15707,0.433831,-0.747285,-3.1631,0.432744,0.00621582,11,0.00621582,0.774827
174,11,asset_root,-0.748784,-3.15707,0.433831,-4.74878,-7.15707,4.43383,-0.750188,-3.15127,0.434733,-0.748784,-3.15707,0.433831,0.00596262,11,0.00596262,0.778898
175,11,asset_root,-0.750188,-3.15127,0.434733,-4.75019,-7.15127,4.43473,-0.751758,-3.14557,0.43599,-0.750188,-3.15127,0.434733,0.00591465,11,0.00591465,0.782603
176,11,asset_root,-0.751758,-3.14557,0.43599,-4.75176,-7.14557,4.43599,-0.753427,-3.13995,0.438081,-0.751758,-3.14557,0.43599,0.0058667,11,0.0058667,0.786117
177,11,asset_root,-0.753427,-3.13995,0.438081,-4.75343,-7.13995,4.43808,-0.754885,-3.13457,0.44046,-0.753427,-3.13995,0.438081,0.00556913,11,0.00556913,0.789576
178,11,asset_root,-0.754885,-3.13457,0.44046,-4.75489,-7.13457,4.44046,-0.755913,-3.12972,0.442989,-0.754885,-3.13457,0.44046,0.00495454,11,0.00495454,0.792599
179,11,asset_root,-0.755913,-3.12972,0.442989,-4.75591,-7.12972,4.44299,-0.756722,-3.12533,0.44506,-0.755913,-3.12972,0.442989,0.00446958,11,0.00446958,0.795065
180,11,asset_root,-0.756722,-3.12533,0.44506,-4.75672,-7.12533,4.44506,-0.757682,-3.12108,0.446063,-0.756722,-3.12533,0.44506,0.00435619,11,0.00435619,0.797302
181,11,asset_root,-0.757682,-3.12108,0.446063,-4.75768,-7.12108,4.44606,-0.759277,-3.11649,0.445431,-0.757682,-3.12108,0.446063,0.00485911,11,0.00485911,0.799562
182,11,asset_root,-0.759277,-3.11649,0.445431,-4.75928,-7.11649,4.44543,-0.761748,-3.11141,0.444262,-0.759277,-3.11649,0.445431,0.00564949,11,0.00564949,0.802256
183,11,asset_root,-0.761748,-3.11141,0.444262,-4.76175,-7.11141,4.44426,-0.764572,-3.10615,0.443043,-0.761748,-3.11141,0.444262,0.00596924,11,0.00596924,0.805244
184,11,asset_root,-0.764572,-3.10615,0.443043,-4.76457,-7.10615,4.44304,-0.767818,-3.10076,0.441036,-0.764572,-3.10615,0.443043,0.00629102,11,0.00629102,0.80836
185,11,asset_root,-0.767818,-3.10076,0.441036,-4.76782,-7.10076,4.44104,-0.771637,-3.09563,0.437765,-0.767818,-3.10076,0.441036,0.00639805,11,0.00639805,0.811578
186,11,asset_root,-0.771637,-3.09563,0.437765,-4.77164,-7.09563,4.43777,-0.775156,-3.09111,0.432947,-0.771637,-3.09563,0.437765,0.00572459,11,0.00572459,0.81433
187,11,asset_root,-0.775156,-3.09111,0.432947,-4.77516,-7.09111,4.43295,-0.778107,-3.08722,0.427954,-0.775156,-3.09111,0.432947,0.00488709,11,0.00488709,0.816326
188,11,asset_root,-0.778107,-3.08722,0.427954,-4.77811,-7.08722,4.42795,-0.780853,-3.08361,0.423977,-0.778107,-3.08722,0.427954,0.00453015,11,0.00453015,0.817531
189,11,asset_root,-0.780853,-3.08361,0.423977,-4.78085,-7.08361,4.42398,-0.783677,-3.07991,0.422163,-0.780853,-3.08361,0.423977,0.00465857,11,0.00465857,0.818064
190,11,asset_root,-0.783677,-3.07991,0.422163,-4.78368,-7.07991,4.42216,-0.786379,-3.07608,0.421383,-0.783677,-3.07991,0.422163,0.00468942,11,0.00468942,0.818744
191,11,asset_root,-0.786379,-3.07608,0.421383,-4.78638,-7.07608,4.42138,-0.788806,-3.07211,0.420062,-0.786379,-3.07608,0.421383,0.0046541,11,0.0046541,0.819887
192,11,asset_root,-0.788806,-3.07211,0.420062,-4.78881,-7.07211,4.42006,-0.79072,-3.0682,0.418831,-0.788806,-3.07211,0.420062,0.00435067,11,0.00435067,0.821338
193,11,asset_root,-0.79072,-3.0682,0.418831,-4.79072,-7.0682,4.41883,-0.792643,-3.06455,0.416988,-0.79072,-3.0682,0.418831,0.00412742,11,0.00412742,0.822344
194,11,asset_root,-0.792643,-3.06455,0.416988,-4.79264,-7.06455,4.41699,-0.794874,-3.06076,0.41563,-0.792643,-3.06455,0.416988,0.0043946,11,0.0043946,0.822596
195,11,asset_root,-0.794874,-3.06076,0.41563,-4.79487,-7.06076,4.41563,-0.796964,-3.0569,0.415041,-0.794874,-3.06076,0.41563,0.00439244,11,0.00439244,0.822846
196,11,asset_root,-0.796964,-3.0569,0.415041,-4.79696,-7.0569,4.41504,-0.798944,-3.05312,0.414315,-0.796964,-3.0569,0.415041,0.00426205,11,0.00426205,0.823038
197,11,asset_root,-0.798944,-3.05312,0.414315,-4.79894,-7.05312,4.41432,-0.800782,-3.04954,0.414058,-0.798944,-3.05312,0.414315,0.00402766,11,0.00402766,0.823067
198,11,asset_root,-0.800782,-3.04954,0.414058,-4.80078,-7.04954,4.41406,-0.802491,-3.04605,0.412886,-0.800782,-3.04954,0.414058,0.00388355,11,0.00388355,0.822977
199,11,asset_root,-0.802491,-3.04605,0.412886,-4.80249,-7.04605,4.41289,-0.804204,-3.04248,0.411777,-0.802491,-3.04605,0.412886,0.00396238,11,0.00396238,0.823065
200,11,asset_root,-0.804204,-3.04248,0.411777,-4.8042,-7.04248,4.41178,-0.806,-3.03847,0.411083,-0.804204,-3.04248,0.411777,0.00439138,11,0.00439138,0.823525
201,11,asset_root,-0.806,-3.03847,0.411083,-4.806,-7.03847,4.41108,-0.807857,-3.03402,0.411057,-0.806,-3.03847,0.411083,0.00482153,11,0.00482153,0.824535
202,11,asset_root,-0.807857,-3.03402,0.411057,-4.80786,-7.03402,4.41106,-0.809588,-3.02951,0.41124,-0.807857,-3.03402,0.411057,0.00483735,11,0.00483735,0.826237
203,11,asset_root,-0.809588,-3.02951,0.41124,-4.80959,-7.02951,4.41124,-0.811366,-3.02478,0.411648,-0.809588,-3.02951,0.41124,0.00505018,11,0.00505018,0.828255
204,11,asset_root,-0.811366,-3.02478,0.411648,-4.81137,-7.02478,4.41165,-0.813166,-3.0199,0.412265,-0.811366,-3.02478,0.411648,0.00520172,11,0.00520172,0.830562
205,11,asset_root,-0.813166,-3.0199,0.412265,-4.81317,-7.0199,4.41227,-0.814891,-3.01489,0.41269,-0.813166,-3.0199,0.412265,0.00529705,11,0.00529705,0.833343
206,11,asset_root,-0.814891,-3.01489,0.41269,-4.81489,-7.01489,4.41269,-0.816591,-3.00947,0.412994,-0.814891,-3.01489,0.41269,0.00567862,11,0.00567862,0.836439
207,11,asset_root,-0.816591,-3.00947,0.412994,-4.81659,-7.00947,4.41299,-0.817936,-3.00401,0.413224,-0.816591,-3.00947,0.412994,0.00562499,11,0.00562499,0.840067
208,11,asset_root,-0.817936,-3.00401,0.413224,-4.81794,-7.00401,4.41322,-0.819337,-2.99884,0.413666,-0.817936,-3.00401,0.413224,0.00535312,11,0.00535312,0.843764
209,11,asset_root,-0.819337,-2.99884,0.413666,-4.81934,-6.99884,4.41367,-0.820662,-2.99435,0.413935,-0.819337,-2.99884,0.413666,0.00468715,11,0.00468715,0.847216
210,11,asset_root,-0.820662,-2.99435,0.413935,-4.82066,-6.99435,4.41394,-0.821931,-2.99028,0.413487,-0.820662,-2.99435,0.413935,0.00425892,11,0.00425892,0.850385
211,11,asset_root,-0.821931,-2.99028,0.413487,-4.82193,-6.99028,4.41349,-0.823883,-2.98629,0.413033,-0.821931,-2.99028,0.413487,0.00444046,11,0.00444046,0.853577
212,11,asset_root,-0.823883,-2.98629,0.413033,-4.82388,-6.98629,4.41303,-0.826579,-2.98196,0.41248,-0.823883,-2.98629,0.413033,0.00510336,11,0.00510336,0.857301
213,11,asset_root,-0.826579,-2.98196,0.41248,-4.82658,-6.98196,4.41248,-0.829612,-2.97738,0.411949,-0.826579,-2.98196,0.41248,0.00549701,11,0.00549701,0.861751
214,11,asset_root,-0.829612,-2.97738,0.411949,-4.82961,-6.97738,4.41195,-0.832681,-2.97244,0.411505,-0.829612,-2.97738,0.411949,0.00581176,11,0.00581176,0.866719
215,11,asset_root,-0.832681,-2.97244,0.411505,-4.83268,-6.97244,4.4115,-0.835848,-2.96701,0.411445,-0.832681,-2.97244,0.411505,0.0062831,11,0.0062831,0.872146
216,11,asset_root,-0.835848,-2.96701,0.411445,-4.83585,-6.96701,4.41144,-0.838908,-2.96137,0.411468,-0.835848,-2.96701,0.411445,0.00641925,11,0.00641925,0.877664
217,11,asset_root,-0.838908,-2.96137,0.411468,-4.83891,-6.96137,4.41147,-0.841634,-2.9562,0.411417,-0.838908,-2.96137,0.411468,0.00584064,11,0.00584064,0.883181
218,11,asset_root,-0.841634,-2.9562,0.411417,-4.84163,-6.9562,4.41142,-0.844306,-2.95147,0.411296,-0.841634,-2.9562,0.411417,0.00543286,11,0.00543286,0.888005
219,11,asset_root,-0.844306,-2.95147,0.411296,-4.84431,-6.95147,4.4113,-0.846569,-2.94715,0.411173,-0.844306,-2.95147,0.411296,0.00487845,11,0.00487845,0.892381
220,11,asset_root,-0.846569,-2.94715,0.411173,-4.84657,-6.94715,4.41117,-0.848444,-2.94315,0.411687,-0.846569,-2.94715,0.411173,0.00441892,11,0.00441892,0.896346
221,11,asset_root,-0.848444,-2.94315,0.411687,-4.84844,-6.94315,4.41169,-0.850013,-2.93951,0.412218,-0.848444,-2.94315,0.411687,0.00396437,11,0.00396437,0.89977
222,11,asset_root,-0.850013,-2.93951,0.412218,-4.85001,-6.93951,4.41222,-0.851052,-2.93592,0.412615,-0.850013,-2.93951,0.412218,0.0037349,11,0.0037349,0.902285
223,11,asset_root,-0.851052,-2.93592,0.412615,-4.85105,-6.93592,4.41262,-0.851805,-2.93232,0.413606,-0.851052,-2.93592,0.412615,0.00368531,11,0.00368531,0.90424
224,11,asset_root,-0.851805,-2.93232,0.413606,-4.85181,-6.93232,4.41361,-0.852376,-2.92905,0.415089,-0.851805,-2.93232,0.413606,0.00331566,11,0.00331566,0.90645
225,11,asset_root,-0.852376,-2.92905,0.415089,-4.85238,-6.92905,4.41509,-0.853265,-2.92607,0.416725,-0.852376,-2.92905,0.415089,0.00310731,11,0.00310731,0.908449
226,11,asset_root,-0.853265,-2.92607,0.416725,-4.85327,-6.92607,4.41672,-0.854593,-2.92312,0.418519,-0.853265,-2.92607,0.416725,0.00324086,11,0.00324086,0.909998
227,11,asset_root,-0.854593,-2.92312,0.418519,-4.85459,-6.92312,4.41852,-0.85599,-2.91975,0.420917,-0.854593,-2.92312,0.418519,0.00364281,11,0.00364281,0.911178
228,11,asset_root,-0.85599,-2.91975,0.420917,-4.85599,-6.91975,4.42092,-0.857326,-2.91615,0.423603,-0.85599,-2.91975,0.420917,0.0038415,11,0.0038415,0.912898
229,11,asset_root,-0.857326,-2.91615,0.423603,-4.85733,-6.91615,4.4236,-0.858384,-2.91266,0.426081,-0.857326,-2.91615,0.423603,0.00365036,11,0.00365036,0.91508
230,11,asset_root,-0.858384,-2.91266,0.426081,-4.85838,-6.91266,4.42608,-0.859199,-2.90923,0.428378,-0.858384,-2.91266,0.426081,0.00351764,11,0.00351764,0.917417
231,11,asset_root,-0.859199,-2.90923,0.428378,-4.8592,-6.90923,4.42838,-0.860041,-2.90593,0.430035,-0.859199,-2.90923,0.428378,0.00340944,11,0.00340944,0.919601
232,11,asset_root,-0.860041,-2.90593,0.430035,-4.86004,-6.90593,4.43003,-0.860849,-2.90291,0.431203,-0.860041,-2.90593,0.430035,0.00312312,11,0.00312312,0.921484
233,11,asset_root,-0.860849,-2.90291,0.431203,-4.86085,-6.90291,4.4312,-0.861528,-2.89969,0.432395,-0.860849,-2.90291,0.431203,0.00329465,11,0.00329465,0.923021
234,11,asset_root,-0.861528,-2.89969,0.432395,-4.86153,-6.89969,4.43239,-0.862483,-2.89615,0.434516,-0.861528,-2.89969,0.432395,0.00366938,11,0.00366938,0.924548
235,11,asset_root,-0.862483,-2.89615,0.434516,-4.86248,-6.89615,4.43452,-0.86342,-2.89287,0.436255,-0.862483,-2.89615,0.434516,0.0034095,11,0.0034095,0.926261
236,11,asset_root,-0.86342,-2.89287,0.436255,-4.86342,-6.89287,4.43626,-0.864234,-2.88961,0.437914,-0.86342,-2.89287,0.436255,0.00335668,11,0.00335668,0.927821
237,11,asset_root,-0.864234,-2.88961,0.437914,-4.86423,-6.88961,4.43791,-0.864917,-2.88622,0.439393,-0.864234,-2.88961,0.437914,0.00346046,11,0.00346046,0.929668
238,11,asset_root,-0.864917,-2.88622,0.439393,-4.86492,-6.88622,4.43939,-0.865234,-2.88262,0.441168,-0.864917,-2.88622,0.439393,0.00361616,11,0.00361616,0.931715
239,11,asset_root,-0.865234,-2.88262,0.441168,-4.86523,-6.88262,4.44117,-0.865311,-2.87883,0.441916,-0.865234,-2.88262,0.441168,0.00379258,11,0.00379258,0.934056
240,11,asset_root,-0.865311,-2.87883,0.441916,-4.86531,-6.87883,4.44192,-0.865106,-2.87483,0.442138,-0.865311,-2.87883,0.441916,0.00400044,11,0.00400044,0.936654
241,11,asset_root,-0.865106,-2.87483,0.442138,-4.86511,-6.87483,4.44214,-0.864803,-2.87068,0.441312,-0.865106,-2.87483,0.442138,0.00416185,11,0.00416185,0.939356
242,11,asset_root,-0.864803,-2.87068,0.441312,-4.8648,-6.87068,4.44131,-0.864259,-2.86627,0.439976,-0.864803,-2.87068,0.441312,0.00444663,11,0.00444663,0.941889
243,11,asset_root,-0.864259,-2.86627,0.439976,-4.86426,-6.86627,4.43998,-0.863802,-2.86193,0.438444,-0.864259,-2.86627,0.439976,0.00436507,11,0.00436507,0.944457
244,11,asset_root,-0.863802,-2.86193,0.438444,-4.8638,-6.86193,4.43844,-0.863581,-2.85782,0.437016,-0.863802,-2.86193,0.438444,0.00411222,11,0.00411222,0.947135
245,11,asset_root,-0.863581,-2.85782,0.437016,-4.86358,-6.85782,4.43702,-0.863615,-2.85365,0.435757,-0.863581,-2.85782,0.437016,0.00416722,11,0.00416722,0.95012
246,11,asset_root,-0.863615,-2.85365,0.435757,-4.86361,-6.85365,4.43576,-0.863719,-2.84953,0.43425,-0.863615,-2.85365,0.435757,0.00411857,11,0.00411857,0.953277
247,11,asset_root,-0.863719,-2.84953,0.43425,-4.86372,-6.84953,4.43425,-0.863928,-2.84573,0.433314,-0.863719,-2.84953,0.43425,0.00380972,11,0.00380972,0.956384
248,11,asset_root,-0.863928,-2.84573,0.433314,-4.86393,-6.84573,4.43331,-0.864239,-2.84236,0.432491,-0.863928,-2.84573,0.433314,0.00338835,11,0.00338835,0.959244
249,11,asset_root,-0.864239,-2.84236,0.432491,-4.86424,-6.84236,4.43249,-0.86459,-2.83898,0.431319,-0.864239,-2.84236,0.432491,0.00339466,11,0.00339466,0.961663
250,11,asset_root,-0.86459,-2.83898,0.431319,-4.86459,-6.83898,4.43132,-0.86459,-2.8354,0.429608,-0.86459,-2.83898,0.431319,0.00357556,11,0.00357556,0.963867
251,11,asset_root,-0.86459,-2.8354,0.429608,-4.86459,-6.8354,4.42961,-0.864404,-2.8316,0.427698,-0.86459,-2.8354,0.429608,0.0038123,11,0.0038123,0.966459
252,11,asset_root,-0.864404,-2.8316,0.427698,-4.8644,-6.8316,4.4277,-0.864324,-2.82777,0.425655,-0.864404,-2.8316,0.427698,0.00382317,11,0.00382317,0.969715
253,11,asset_root,-0.864324,-2.82777,0.425655,-4.86432,-6.82777,4.42566,-0.864527,-2.82398,0.423244,-0.864324,-2.82777,0.425655,0.00380485,11,0.00380485,0.973408
254,11,asset_root,-0.864527,-2.82398,0.423244,-4.86453,-6.82398,4.42324,-0.86493,-2.82003,0.420714,-0.864527,-2.82398,0.423244,0.0039643,11,0.0039643,0.977405
255,11,asset_root,-0.86493,-2.82003,0.420714,-4.86493,-6.82003,4.42071,-0.865421,-2.81597,0.418452,-0.86493,-2.82003,0.420714,0.004086,11,0.004086,0.981902
256,11,asset_root,-0.865421,-2.81597,0.418452,-4.86542,-6.81597,4.41845,-0.866098,-2.81203,0.416117,-0.865421,-2.81597,0.418452,0.00400565,11,0.00400565,0.987038
257,11,asset_root,-0.866098,-2.81203,0.416117,-4.8661,-6.81203,4.41612,-0.866944,-2.80816,0.414337,-0.866098,-2.81203,0.416117,0.00395882,11,0.00395882,0.992632
258,11,asset_root,-0.866944,-2.80816,0.414337,-4.86694,-6.80816,4.41434,-0.868144,-2.80454,0.413896,-0.866944,-2.80816,0.414337,0.00381433,11,0.00381433,0.998233
259,11,asset_root,-0.868144,-2.80454,0.413896,-4.86814,-6.80454,4.4139,-0.86952,-2.80095,0.413431,-0.868144,-2.80454,0.413896,0.003845,11,0.003845,1.00297
260,11,asset_root,-0.86952,-2.80095,0.413431,-4.86952,-6.80095,4.41343,-0.870995,-2.79729,0.412697,-0.86952,-2.80095,0.413431,0.00394202,11,0.00394202,1.00718
261,11,asset_root,-0.870995,-2.79729,0.412697,-4.871,-6.79729,4.4127,-0.872519,-2.79379,0.412134,-0.870995,-2.79729,0.412697,0.00381826,11,0.00381826,1.01088
262,11,asset_root,-0.872519,-2.79379,0.412134,-4.87252,-6.79379,4.41213,-0.874032,-2.79021,0.411731,-0.872519,-2.79379,0.412134,0.00389079,11,0.00389079,1.0142
263,11,asset_root,-0.874032,-2.79021,0.411731,-4.87403,-6.79021,4.41173,-0.875275,-2.78642,0.411467,-0.874032,-2.79021,0.411731,0.00398747,11,0.00398747,1.0176
264,11,asset_root,-0.875275,-2.78642,0.411467,-4.87528,-6.78642,4.41147,-0.87626,-2.78253,0.411783,-0.875275,-2.78642,0.411467,0.00401215,11,0.00401215,1.02109
265,11,asset_root,-0.87626,-2.78253,0.411783,-4.87626,-6.78253,4.41178,-0.877006,-2.77875,0.413271,-0.87626,-2.78253,0.411783,0.00385644,11,0.00385644,1.025
266,11,asset_root,-0.877006,-2.77875,0.413271,-4.87701,-6.77875,4.41327,-0.87731,-2.77531,0.414222,-0.877006,-2.77875,0.413271,0.00345145,11,0.00345145,1.02881
267,11,asset_root,-0.87731,-2.77531,0.414222,-4.87731,-6.77531,4.41422,-0.877656,-2.77185,0.413698,-0.87731,-2.77531,0.414222,0.00347569,11,0.00347569,1.03211
268,11,asset_root,-0.877656,-2.77185,0.413698,-4.87766,-6.77185,4.4137,-0.878814,-2.76806,0.41278,-0.877656,-2.77185,0.413698,0.00395924,11,0.00395924,1.03535
269,11,asset_root,-0.878814,-2.76806,0.41278,-4.87881,-6.76806,4.41278,-0.880829,-2.76414,0.412775,-0.878814,-2.76806,0.41278,0.00440659,11,0.00440659,1.03892
270,11,asset_root,-0.880829,-2.76414,0.412775,-4.88083,-6.76414,4.41278,-0.88307,-2.76021,0.411583,-0.880829,-2.76414,0.412775,0.00452659,11,0.00452659,1.04265
271,11,asset_root,-0.88307,-2.76021,0.411583,-4.88307,-6.76021,4.41158,-0.885559,-2.75643,0.408215,-0.88307,-2.76021,0.411583,0.00452344,11,0.00452344,1.04607
272,11,asset_root,-0.885559,-2.75643,0.408215,-4.88556,-6.75643,4.40822,-0.888231,-2.753,0.405519,-0.885559,-2.75643,0.408215,0.00434849,11,0.00434849,1.04936
273,11,asset_root,-0.888231,-2.753,0.405519,-4.88823,-6.753,4.40552,-0.891412,-2.74977,0.403108,-0.888231,-2.753,0.405519,0.0045388,11,0.0045388,1.05264
274,11,asset_root,-0.891412,-2.74977,0.403108,-4.89141,-6.74977,4.40311,-0.894889,-2.74667,0.401772,-0.891412,-2.74977,0.403108,0.00465356,11,0.00465356,1.05578
275,11,asset_root,-0.894889,-2.74667,0.401772,-4.89489,-6.74667,4.40177,-0.897883,-2.74405,0.402395,-0.894889,-2.74667,0.401772,0.00398089,11,0.00398089,1.05896
276,11,asset_root,-0.897883,-2.74405,0.402395,-4.89788,-6.74405,4.4024,-0.900263,-2.74143,0.40297,-0.897883,-2.74405,0.402395,0.00353881,11,0.00353881,1.06219
277,11,asset_root,-0.900263,-2.74143,0.40297,-4.90026,-6.74143,4.40297,-0.90227,-2.73864,0.402853,-0.900263,-2.74143,0.40297,0.00343531,11,0.00343531,1.06571
278,11,asset_root,-0.90227,-2.73864,0.402853,-4.90227,-6.73864,4.40285,-0.904346,-2.73577,0.402924,-0.90227,-2.73864,0.402853,0.00354794,11,0.00354794,1.06947
279,11,asset_root,-0.904346,-2.73577,0.402924,-4.90435,-6.73577,4.40292,-0.906791,-2.73259,0.403621,-0.904346,-2.73577,0.402924,0.00400968,11,0.00400968,1.07331
280,11,asset_root,-0.906791,-2.73259,0.403621,-4.90679,-6.73259,4.40362,-0.909535,-2.72905,0.404298,-0.906791,-2.73259,0.403621,0.00447987,11,0.00447987,1.07757
281,11,asset_root,-0.909535,-2.72905,0.404298,-4.90954,-6.72905,4.4043,-0.912113,-2.72525,0.405103,-0.909535,-2.72905,0.404298,0.0045888,11,0.0045888,1.08244
282,11,asset_root,-0.912113,-2.72525,0.405103,-4.91211,-6.72525,4.4051,-0.914467,-2.7214,0.40676,-0.912113,-2.72525,0.405103,0.00451704,11,0.00451704,1.08765
283,11,asset_root,-0.914467,-2.7214,0.40676,-4.91447,-6.7214,4.40676,-0.91703,-2.71753,0.407889,-0.914467,-2.7214,0.40676,0.00464027,11,0.00464027,1.09297
284,11,asset_root,-0.91703,-2.71753,0.407889,-4.91703,-6.71753,4.40789,-0.919531,-2.71363,0.407471,-0.91703,-2.71753,0.407889,0.00462673,11,0.00462673,1.09817
285,11,asset_root,-0.919531,-2.71363,0.407471,-4.91953,-6.71363,4.40747,-0.922098,-2.7098,0.407055,-0.919531,-2.71363,0.407471,0.00461801,11,0.00461801,1.10348
286,11,asset_root,-0.922098,-2.7098,0.407055,-4.9221,-6.7098,4.40706,-0.924829,-2.70582,0.406989,-0.922098,-2.7098,0.407055,0.0048256,11,0.0048256,1.1089
287,11,asset_root,-0.924829,-2.70582,0.406989,-4.92483,-6.70582,4.40699,-0.927563,-2.70165,0.407064,-0.924829,-2.70582,0.406989,0.00498161,11,0.00498161,1.1145
288,11,asset_root,-0.927563,-2.70165,0.407064,-4.92756,-6.70165,4.40706,-0.930103,-2.69756,0.406769,-0.927563,-2.70165,0.407064,0.00481496,11,0.00481496,1.12002
289,11,asset_root,-0.930103,-2.69756,0.406769,-4.9301,-6.69756,4.40677,-0.932502,-2.69338,0.405743,-0.930103,-2.69756,0.406769,0.00481767,11,0.00481767,1.12543
290,11,asset_root,-0.932502,-2.69338,0.405743,-4.9325,-6.69338,4.40574,-0.934613,-2.68892,0.405106,-0.932502,-2.69338,0.405743,0.00493457,11,0.00493457,1.13119
291,11,asset_root,-0.934613,-2.68892,0.405106,-4.93461,-6.68892,4.40511,-0.936313,-2.68476,0.404211,-0.934613,-2.68892,0.405106,0.00449365,11,0.00449365,1.13722
292,11,asset_root,-0.936313,-2.68476,0.404211,-4.93631,-6.68476,4.40421,-0.938107,-2.68093,0.403201,-0.936313,-2.68476,0.404211,0.00422871,11,0.00422871,1.14293
293,11,asset_root,-0.938107,-2.68093,0.403201,-4.93811,-6.68093,4.4032,-0.940255,-2.6771,0.403194,-0.938107,-2.68093,0.403201,0.00439753,11,0.00439753,1.14813
294,11,asset_root,-0.940255,-2.6771,0.403194,-4.94026,-6.6771,4.40319,-0.942593,-2.67318,0.404156,-0.940255,-2.6771,0.403194,0.00456515,11,0.00456515,1.1536
295,11,asset_root,-0.942593,-2.67318,0.404156,-4.94259,-6.67318,4.40416,-0.945081,-2.66943,0.404597,-0.942593,-2.67318,0.404156,0.00449716,11,0.00449716,1.15947
296,11,asset_root,-0.945081,-2.66943,0.404597,-4.94508,-6.66943,4.4046,-0.94762,-2.66575,0.405351,-0.945081,-2.66943,0.404597,0.0044749,11,0.0044749,1.16531
297,11,asset_root,-0.94762,-2.66575,0.405351,-4.94762,-6.66575,4.40535,-0.95014,-2.66222,0.406523,-0.94762,-2.66575,0.405351,0.00433397,11,0.00433397,1.17123
298,11,asset_root,-0.95014,-2.66222,0.406523,-4.95014,-6.66222,4.40652,-0.95262,-2.65899,0.406694,-0.95014,-2.66222,0.406523,0.00407096,11,0.00407096,1.17691
299,11,asset_root,-0.95262,-2.65899,0.406694,-4.95262,-6.65899,4.40669,-0.95499,-2.65577,0.406777,-0.95262,-2.65899,0.406694,0.00399977,11,0.00399977,1.18199
300,11,asset_root,-0.95499,-2.65577,0.406777,-4.95499,-6.65577,4.40678,-0.957391,-2.65252,0.407269,-0.95499,-2.65577,0.406777,0.00404373,11,0.00404373,1.18662
301,11,asset_root,-0.957391,-2.65252,0.407269,-4.95739,-6.65252,4.40727,-0.959776,-2.6493,0.407867,-0.957391,-2.65252,0.407269,0.0040045,11,0.0040045,1.191
302,11,asset_root,-0.959776,-2.6493,0.407867,-4.95978,-6.6493,4.40787,-0.961911,-2.6456,0.408971,-0.959776,-2.6493,0.407867,0.00427419,11,0.00427419,1.19538
303,11,asset_root,-0.961911,-2.6456,0.408971,-4.96191,-6.6456,4.40897,-0.963767,-2.64179,0.40951,-0.961911,-2.6456,0.408971,0.00423376,11,0.00423376,1.20037
304,11,asset_root,-0.963767,-2.64179,0.40951,-4.96377,-6.64179,4.40951,-0.965579,-2.63795,0.41014,-0.963767,-2.64179,0.40951,0.0042442,11,0.0042442,1.20508
305,11,asset_root,-0.965579,-2.63795,0.41014,-4.96558,-6.63795,4.41014,-0.96726,-2.63369,0.410635,-0.965579,-2.63795,0.41014,0.00457724,11,0.00457724,1.20974
306,11,asset_root,-0.96726,-2.63369,0.410635,-4.96726,-6.63369,4.41064,-0.968962,-2.62885,0.411916,-0.96726,-2.63369,0.410635,0.00513092,11,0.00513092,1.21476
307,11,asset_root,-0.968962,-2.62885,0.411916,-4.96896,-6.62885,4.41192,-0.970736,-2.62412,0.412867,-0.968962,-2.62885,0.411916,0.00505943,11,0.00505943,1.21999
308,11,asset_root,-0.970736,-2.62412,0.412867,-4.97074,-6.62412,4.41287,-0.972421,-2.61961,0.413399,-0.970736,-2.62412,0.412867,0.00481224,11,0.00481224,1.22495
309,11,asset_root,-0.972421,-2.61961,0.413399,-4.97242,-6.61961,4.4134,-0.974089,-2.61506,0.413603,-0.972421,-2.61961,0.413399,0.00484274,11,0.00484274,1.22981
310,11,asset_root,-0.974089,-2.61506,0.413603,-4.97409,-6.61506,4.4136,-0.975778,-2.61057,0.414593,-0.974089,-2.61506,0.413603,0.00479914,11,0.00479914,1.23482
311,11,asset_root,-0.975778,-2.61057,0.414593,-4.97578,-6.61057,4.41459,-0.977576,-2.60596,0.416739,-0.975778,-2.61057,0.414593,0.00494682,11,0.00494682,1.23973
312,11,asset_root,-0.977576,-2.60596,0.416739,-4.97758,-6.60596,4.41674,-0.979446,-2.60143,0.419306,-0.977576,-2.60596,0.416739,0.00490605,11,0.00490605,1.2446
313,11,asset_root,-0.979446,-2.60143,0.419306,-4.97945,-6.60143,4.41931,-0.981165,-2.59747,0.422178,-0.979446,-2.60143,0.419306,0.00431494,11,0.00431494,1.24922
314,11,asset_root,-0.981165,-2.59747,0.422178,-4.98116,-6.59747,4.42218,-0.982776,-2.59399,0.425446,-0.981165,-2.59747,0.422178,0.00383559,11,0.00383559,1.25333
315,11,asset_root,-0.982776,-2.59399,0.425446,-4.98278,-6.59399,4.42545,-0.984142,-2.59086,0.428677,-0.982776,-2.59399,0.425446,0.00341474,11,0.00341474,1.25674
316,11,asset_root,-0.984142,-2.59086,0.428677,-4.98414,-6.59086,4.42868,-0.985473,-2.58784,0.431668,-0.984142,-2.59086,0.428677,0.00330297,11,0.00330297,1.2597
317,11,asset_root,-0.985473,-2.58784,0.431668,-4.98547,-6.58784,4.43167,-0.987422,-2.58491,0.434419,-0.985473,-2.58784,0.431668,0.00351569,11,0.00351569,1.26238
318,11,asset_root,-0.987422,-2.58491,0.434419,-4.98742,-6.58491,4.43442,-0.990008,-2.58185,0.436167,-0.987422,-2.58491,0.434419,0.00400344,11,0.00400344,1.26488
319,11,asset_root,-0.990008,-2.58185,0.436167,-4.99001,-6.58185,4.43617,-0.993168,-2.57854,0.43693,-0.990008,-2.58185,0.436167,0.00457695,11,0.00457695,1.2675
320,11,asset_root,-0.993168,-2.57854,0.43693,-4.99317,-6.57854,4.43693,-0.996923,-2.57489,0.437406,-0.993168,-2.57854,0.43693,0.00523968,11,0.00523968,1.27028
321,11,asset_root,-0.996923,-2.57489,0.437406,-4.99692,-6.57489,4.43741,-1.0008,-2.57096,0.437405,-0.996923,-2.57489,0.437406,0.00552254,11,0.00552254,1.27329
322,11,asset_root,-1.0008,-2.57096,0.437405,-5.0008,-6.57096,4.43741,-1.00475,-2.56652,0.435141,-1.0008,-2.57096,0.437405,0.0059401,11,0.0059401,1.27657
323,11,asset_root,-1.00475,-2.56652,0.435141,-5.00475,-6.56652,4.43514,-1.0084,-2.56219,0.430965,-1.00475,-2.56652,0.435141,0.00566359,11,0.00566359,1.28071
324,11,asset_root,-1.0084,-2.56219,0.430965,-5.0084,-6.56219,4.43097,-1.01186,-2.55834,0.426327,-1.0084,-2.56219,0.430965,0.00517412,11,0.00517412,1.28494
325,11,asset_root,-1.01186,-2.55834,0.426327,-5.01186,-6.55834,4.42633,-1.0152,-2.55446,0.422344,-1.01186,-2.55834,0.426327,0.00511924,11,0.00511924,1.28859
326,11,asset_root,-1.0152,-2.55446,0.422344,-5.0152,-6.55446,4.42234,-1.01875,-2.55041,0.420214,-1.0152,-2.55446,0.422344,0.00538556,11,0.00538556,1.29207
327,11,asset_root,-1.01875,-2.55041,0.420214,-5.01875,-6.55041,4.42021,-1.022,-2.54614,0.418944,-1.01875,-2.55041,0.420214,0.00537257,11,0.00537257,1.29558
328,11,asset_root,-1.022,-2.54614,0.418944,-5.022,-6.54614,4.41894,-1.02513,-2.5416,0.417727,-1.022,-2.54614,0.418944,0.00550707,11,0.00550707,1.2995
329,11,asset_root,-1.02513,-2.5416,0.417727,-5.02513,-6.5416,4.41773,-1.02802,-2.53671,0.416364,-1.02513,-2.5416,0.417727,0.00568309,11,0.00568309,1.30374
330,11,asset_root,-1.02802,-2.53671,0.416364,-5.02802,-6.53671,4.41636,-1.03056,-2.53125,0.415336,-1.02802,-2.53671,0.416364,0.00602508,11,0.00602508,1.30823
331,11,asset_root,-1.03056,-2.53125,0.415336,-5.03056,-6.53125,4.41534,-1.03311,-2.52556,0.414554,-1.03056,-2.53125,0.415336,0.00623102,11,0.00623102,1.31328
332,11,asset_root,-1.03311,-2.52556,0.414554,-5.03311,-6.52556,4.41455,-1.03558,-2.51983,0.413568,-1.03311,-2.52556,0.414554,0.00623602,11,0.00623602,1.3187
333,11,asset_root,-1.03558,-2.51983,0.413568,-5.03558,-6.51983,4.41357,-1.03807,-2.51418,0.412243,-1.03558,-2.51983,0.413568,0.00617804,11,0.00617804,1.32427
334,11,asset_root,-1.03807,-2.51418,0.412243,-5.03807,-6.51418,4.41224,-1.04077,-2.50841,0.410638,-1.03807,-2.51418,0.412243,0.00636736,11,0.00636736,1.32969
335,11,asset_root,-1.04077,-2.50841,0.410638,-5.04077,-6.50841,4.41064,-1.04352,-2.50263,0.409623,-1.04077,-2.50841,0.410638,0.0064061,11,0.0064061,1.33518
336,11,asset_root,-1.04352,-2.50263,0.409623,-5.04352,-6.50263,4.40962,-1.04601,-2.49704,0.409243,-1.04352,-2.50263,0.409623,0.00611638,11,0.00611638,1.34073
337,11,asset_root,-1.04601,-2.49704,0.409243,-5.04601,-6.49704,4.40924,-1.04822,-2.49167,0.409551,-1.04601,-2.49704,0.409243,0.00580487,11,0.00580487,1.34604
338,11,asset_root,-1.04822,-2.49167,0.409551,-5.04822,-6.49167,4.40955,-1.05049,-2.48669,0.409929,-1.04822,-2.49167,0.409551,0.00547008,11,0.00547008,1.35131
339,11,asset_root,-1.05049,-2.48669,0.409929,-5.05049,-6.48669,4.40993,-1.05317,-2.48205,0.410394,-1.05049,-2.48669,0.409929,0.0053599,11,0.0053599,1.35616
340,11,asset_root,-1.05317,-2.48205,0.410394,-5.05317,-6.48205,4.41039,-1.05641,-2.47758,0.411344,-1.05317,-2.48205,0.410394,0.00552676,11,0.00552676,1.36061
341,11,asset_root,-1.05641,-2.47758,0.411344,-5.05641,-6.47758,4.41134,-1.05989,-2.47298,0.41238,-1.05641,-2.47758,0.411344,0.0057667,11,0.0057667,1.3649
342,11,asset_root,-1.05989,-2.47298,0.41238,-5.05989,-6.47298,4.41238,-1.06372,-2.46852,0.413175,-1.05989,-2.47298,0.41238,0.0058778,11,0.0058778,1.36917
343,11,asset_root,-1.06372,-2.46852,0.413175,-5.06372,-6.46852,4.41318,-1.06761,-2.46418,0.413932,-1.06372,-2.46852,0.413175,0.00582544,11,0.00582544,1.37331
344,11,asset_root,-1.06761,-2.46418,0.413932,-5.06761,-6.46418,4.41393,-1.07141,-2.46031,0.414859,-1.06761,-2.46418,0.413932,0.00542572,11,0.00542572,1.37756
345,11,asset_root,-1.07141,-2.46031,0.414859,-5.07141,-6.46031,4.41486,-1.07508,-2.45642,0.415143,-1.07141,-2.46031,0.414859,0.00534922,11,0.00534922,1.38124
346,11,asset_root,-1.07508,-2.45642,0.415143,-5.07508,-6.45642,4.41514,-1.07873,-2.45228,0.415696,-1.07508,-2.45642,0.415143,0.00551852,11,0.00551852,1.38468
347,11,asset_root,-1.07873,-2.45228,0.415696,-5.07873,-6.45228,4.4157,-1.08209,-2.44858,0.416771,-1.07873,-2.45228,0.415696,0.0050013,11,0.0050013,1.38809
348,11,asset_root,-1.08209,-2.44858,0.416771,-5.08209,-6.44858,4.41677,-1.08495,-2.44521,0.417592,-1.08209,-2.44858,0.416771,0.00441626,11,0.00441626,1.39132
349,11,asset_root,-1.08495,-2.44521,0.417592,-5.08495,-6.44521,4.41759,-1.08723,-2.44175,0.418068,-1.08495,-2.44521,0.417592,0.00414488,11,0.00414488,1.3942
350,11,asset_root,-1.08723,-2.44175,0.418068,-5.08723,-6.44175,4.41807,-1.08904,-2.43799,0.418303,-1.08723,-2.44175,0.418068,0.00417723,11,0.00417723,1.39687
351,11,asset_root,-1.08904,-2.43799,0.418303,-5.08904,-6.43799,4.4183,-1.09087,-2.43378,0.419424,-1.08904,-2.43799,0.418303,0.00459096,11,0.00459096,1.39985
352,11,asset_root,-1.09087,-2.43378,0.419424,-5.09087,-6.43378,4.41942,-1.09284,-2.42933,0.42139,-1.09087,-2.43378,0.419424,0.00486046,11,0.00486046,1.40334
353,11,asset_root,-1.09284,-2.42933,0.42139,-5.09284,-6.42933,4.42139,-1.09508,-2.42471,0.424088,-1.09284,-2.42933,0.42139,0.00513887,11,0.00513887,1.40673
354,11,asset_root,-1.09508,-2.42471,0.424088,-5.09508,-6.42471,4.42409,-1.09762,-2.4202,0.426585,-1.09508,-2.42471,0.424088,0.0051784,11,0.0051784,1.40996
355,11,asset_root,-1.09762,-2.4202,0.426585,-5.09762,-6.4202,4.42659,-1.10006,-2.4157,0.427746,-1.09762,-2.4202,0.426585,0.00511051,11,0.00511051,1.413
356,11,asset_root,-1.10006,-2.4157,0.427746,-5.10006,-6.4157,4.42775,-1.10222,-2.41105,0.428057,-1.10006,-2.4157,0.427746,0.00513231,11,0.00513231,1.416
357,11,asset_root,-1.10222,-2.41105,0.428057,-5.10222,-6.41105,4.42806,-1.10417,-2.40627,0.428075,-1.10222,-2.41105,0.428057,0.00515967,11,0.00515967,1.41911
358,11,asset_root,-1.10417,-2.40627,0.428075,-5.10417,-6.40627,4.42808,-1.10609,-2.40125,0.428472,-1.10417,-2.40627,0.428075,0.0053745,11,0.0053745,1.4224
359,11,asset_root,-1.10609,-2.40125,0.428472,-5.10609,-6.40125,4.42847,-1.10821,-2.39644,0.428343,-1.10609,-2.40125,0.428472,0.0052546,11,0.0052546,1.42596
360,11,asset_root,-1.10821,-2.39644,0.428343,-5.10821,-6.39644,4.42834,-1.11027,-2.3914,0.428107,-1.10821,-2.39644,0.428343,0.00544469,11,0.00544469,1.42928
361,11,asset_root,-1.11027,-2.3914,0.428107,-5.11027,-6.3914,4.42811,-1.11232,-2.38615,0.427582,-1.11027,-2.3914,0.428107,0.0056443,11,0.0056443,1.43286
362,11,asset_root,-1.11232,-2.38615,0.427582,-5.11232,-6.38615,4.42758,-1.11469,-2.38079,0.427299,-1.11232,-2.38615,0.427582,0.00585792,11,0.00585792,1.43689
363,11,asset_root,-1.11469,-2.38079,0.427299,-5.11469,-6.38079,4.4273,-1.11732,-2.3753,0.427407,-1.11469,-2.38079,0.427299,0.0060837,11,0.0060837,1.44115
364,11,asset_root,-1.11732,-2.3753,0.427407,-5.11732,-6.3753,4.42741,-1.1199,-2.36954,0.427134,-1.11732,-2.3753,0.427407,0.00631801,11,0.00631801,1.44573
365,11,asset_root,-1.1199,-2.36954,0.427134,-5.1199,-6.36954,4.42713,-1.1225,-2.36371,0.426497,-1.1199,-2.36954,0.427134,0.00638116,11,0.00638116,1.45072
366,11,asset_root,-1.1225,-2.36371,0.426497,-5.1225,-6.36371,4.4265,-1.12544,-2.35785,0.425598,-1.1225,-2.36371,0.426497,0.00655765,11,0.00655765,1.4562
367,11,asset_root,-1.12544,-2.35785,0.425598,-5.12544,-6.35785,4.4256,-1.12859,-2.35236,0.425513,-1.12544,-2.35785,0.425598,0.00632518,11,0.00632518,1.46165
368,11,asset_root,-1.12859,-2.35236,0.425513,-5.12859,-6.35236,4.42551,-1.13151,-2.34759,0.425134,-1.12859,-2.35236,0.425513,0.00559245,11,0.00559245,1.46639
369,11,asset_root,-1.13151,-2.34759,0.425134,-5.13151,-6.34759,4.42513,-1.13442,-2.34322,0.424276,-1.13151,-2.34759,0.425134,0.00524963,11,0.00524963,1.47055
370,11,asset_root,-1.13442,-2.34322,0.424276,-5.13442,-6.34322,4.42428,-1.13793,-2.33909,0.423813,-1.13442,-2.34322,0.424276,0.00541957,11,0.00541957,1.47464
371,11,asset_root,-1.13793,-2.33909,0.423813,-5.13793,-6.33909,4.42381,-1.14179,-2.33476,0.423467,-1.13793,-2.33909,0.423813,0.00580334,11,0.00580334,1.47844
372,11,asset_root,-1.14179,-2.33476,0.423467,-5.14179,-6.33476,4.42347,-1.146,-2.33019,0.422638,-1.14179,-2.33476,0.423467,0.00621037,11,0.00621037,1.48214
373,11,asset_root,-1.146,-2.33019,0.422638,-5.146,-6.33019,4.42264,-1.1509,-2.32565,0.421036,-1.146,-2.33019,0.422638,0.00668066,11,0.00668066,1.48606
374,11,asset_root,-1.1509,-2.32565,0.421036,-5.1509,-6.32565,4.42104,-1.15632,-2.32141,0.418457,-1.1509,-2.32565,0.421036,0.00688356,11,0.00688356,1.48996
375,11,asset_root,-1.15632,-2.32141,0.418457,-5.15632,-6.32141,4.41846,-1.16168,-2.3174,0.415104,-1.15632,-2.32141,0.418457,0.00669165,11,0.00669165,1.49331
376,11,asset_root,-1.16168,-2.3174,0.415104,-5.16168,-6.3174,4.4151,-1.16639,-2.31341,0.410763,-1.16168,-2.3174,0.415104,0.00616996,11,0.00616996,1.49633
377,11,asset_root,-1.16639,-2.31341,0.410763,-5.16639,-6.31341,4.41076,-1.17051,-2.30987,0.407262,-1.16639,-2.31341,0.410763,0.00544006,11,0.00544006,1.49908
378,11,asset_root,-1.17051,-2.30987,0.407262,-5.17051,-6.30987,4.40726,-1.17431,-2.30672,0.40574,-1.17051,-2.30987,0.407262,0.00493202,11,0.00493202,1.5011
379,11,asset_root,-1.17431,-2.30672,0.40574,-5.17431,-6.30672,4.40574,-1.17791,-2.30335,0.406,-1.17431,-2.30672,0.40574,0.00493191,11,0.00493191,1.50273
380,11,asset_root,-1.17791,-2.30335,0.406,-5.17791,-6.30335,4.406,-1.18135,-2.29983,0.407513,-1.17791,-2.30335,0.406,0.00491779,11,0.00491779,1.50458
381,11,asset_root,-1.18135,-2.29983,0.407513,-5.18135,-6.29983,4.40751,-1.18501,-2.29616,0.409199,-1.18135,-2.29983,0.407513,0.005186,11,0.005186,1.50641
382,11,asset_root,-1.18501,-2.29616,0.409199,-5.18501,-6.29616,4.4092,-1.18897,-2.2926,0.410822,-1.18501,-2.29616,0.409199,0.00532401,11,0.00532401,1.5086
383,11,asset_root,-1.18897,-2.2926,0.410822,-5.18897,-6.2926,4.41082,-1.19296,-2.28926,0.410903,-1.18897,-2.2926,0.410822,0.00520453,11,0.00520453,1.51072
384,11,asset_root,-1.19296,-2.28926,0.410903,-5.19296,-6.28926,4.4109,-1.19648,-2.28616,0.410468,-1.19296,-2.28926,0.410903,0.004691,11,0.004691,1.51265
385,11,asset_root,-1.19648,-2.28616,0.410468,-5.19648,-6.28616,4.41047,-1.19968,-2.28311,0.410216,-1.19648,-2.28616,0.410468,0.00442097,11,0.00442097,1.51432
386,11,asset_root,-1.19968,-2.28311,0.410216,-5.19968,-6.28311,4.41022,-1.20267,-2.27975,0.409719,-1.19968,-2.28311,0.410216,0.00449619,11,0.00449619,1.51616
387,11,asset_root,-1.20267,-2.27975,0.409719,-5.20267,-6.27975,4.40972,-1.20538,-2.27644,0.40909,-1.20267,-2.27975,0.409719,0.00427764,11,0.00427764,1.51818
388,11,asset_root,-1.20538,-2.27644,0.40909,-5.20538,-6.27644,4.40909,-1.20794,-2.27343,0.408423,-1.20538,-2.27644,0.40909,0.00394737,11,0.00394737,1.51981
389,11,asset_root,-1.20794,-2.27343,0.408423,-5.20794,-6.27343,4.40842,-1.21022,-2.27035,0.407429,-1.20794,-2.27343,0.408423,0.00383474,11,0.00383474,1.52093
390,11,asset_root,-1.21022,-2.27035,0.407429,-5.21022,-6.27035,4.40743,-1.21235,-2.26731,0.406818,-1.21022,-2.27035,0.407429,0.00371065,11,0.00371065,1.52243
391,11,asset_root,-1.21235,-2.26731,0.406818,-5.21235,-6.26731,4.40682,-1.21423,-2.26477,0.406905,-1.21235,-2.26731,0.406818,0.00315984,11,0.00315984,1.52389
392,11,asset_root,-1.21423,-2.26477,0.406905,-5.21423,-6.26477,4.40691,-1.21587,-2.26266,0.407887,-1.21423,-2.26477,0.406905,0.00267383,11,0.00267383,1.52467
393,11,asset_root,-1.21587,-2.26266,0.407887,-5.21587,-6.26266,4.40789,-1.21738,-2.26066,0.408204,-1.21587,-2.26266,0.407887,0.00250972,11,0.00250972,1.52526
394,11,asset_root,-1.21738,-2.26066,0.408204,-5.21738,-6.26066,4.4082,-1.21899,-2.25846,0.408285,-1.21738,-2.26066,0.408204,0.00272277,11,0.00272277,1.52605
395,11,asset_root,-1.21899,-2.25846,0.408285,-5.21899,-6.25846,4.40829,-1.22099,-2.25576,0.409175,-1.21899,-2.25846,0.408285,0.0033581,11,0.0033581,1.52706
396,11,asset_root,-1.22099,-2.25576,0.409175,-5.22099,-6.25576,4.40918,-1.22306,-2.25253,0.409712,-1.22099,-2.25576,0.409175,0.00383892,11,0.00383892,1.52875
397,11,asset_root,-1.22306,-2.25253,0.409712,-5.22306,-6.25253,4.40971,-1.22502,-2.24895,0.410557,-1.22306,-2.25253,0.409712,0.00408089,11,0.00408089,1.53082
398,11,asset_root,-1.22502,-2.24895,0.410557,-5.22502,-6.24895,4.41056,-1.22674,-2.24541,0.411858,-1.22502,-2.24895,0.410557,0.00393946,11,0.00393946,1.53319
399,11,asset_root,-1.22674,-2.24541,0.411858,-5.22674,-6.24541,4.41186,-1.22816,-2.24219,0.412544,-1.22674,-2.24541,0.411858,0.00351998,11,0.00351998,1.53543
400,11,asset_root,-1.22816,-2.24219,0.412544,-5.22816,-6.24219,4.41254,-1.22932,-2.23947,0.413101,-1.22816,-2.24219,0.412544,0.00295065,11,0.00295065,1.53733
401,11,asset_root,-1.22932,-2.23947,0.413101,-5.22932,-6.23947,4.4131,-1.23025,-2.23682,0.412611,-1.22932,-2.23947,0.413101,0.00281093,11,0.00281093,1.53868
402,11,asset_root,-1.23025,-2.23682,0.412611,-5.23025,-6.23682,4.41261,-1.23094,-2.23371,0.411813,-1.23025,-2.23682,0.412611,0.00318385,11,0.00318385,1.53998
403,11,asset_root,-1.23094,-2.23371,0.411813,-5.23094,-6.23371,4.41181,-1.23141,-2.23021,0.411169,-1.23094,-2.23371,0.411813,0.00353561,11,0.00353561,1.54203
404,11,asset_root,-1.23141,-2.23021,0.411169,-5.23141,-6.23021,4.41117,-1.2321,-2.22643,0.411603,-1.23141,-2.23021,0.411169,0.0038432,11,0.0038432,1.54475
405,11,asset_root,-1.2321,-2.22643,0.411603,-5.2321,-6.22643,4.4116,-1.23291,-2.22276,0.412124,-1.2321,-2.22643,0.411603,0.00375854,11,0.00375854,1.548
406,11,asset_root,-1.23291,-2.22276,0.412124,-5.23291,-6.22276,4.41212,-1.23384,-2.21927,0.413396,-1.23291,-2.22276,0.412124,0.00360711,11,0.00360711,1.5514
407,11,asset_root,-1.23384,-2.21927,0.413396,-5.23384,-6.21927,4.4134,-1.23483,-2.21561,0.415093,-1.23384,-2.21927,0.413396,0.00380028,11,0.00380028,1.55463
408,11,asset_root,-1.23483,-2.21561,0.415093,-5.23483,-6.21561,4.41509,-1.23595,-2.21152,0.416897,-1.23483,-2.21561,0.415093,0.00423296,11,0.00423296,1.55787
409,11,asset_root,-1.23595,-2.21152,0.416897,-5.23595,-6.21152,4.4169,-1.23709,-2.20728,0.418739,-1.23595,-2.21152,0.416897,0.00438812,11,0.00438812,1.56144
410,11,asset_root,-1.23709,-2.20728,0.418739,-5.23709,-6.20728,4.41874,-1.23805,-2.20316,0.420558,-1.23709,-2.20728,0.418739,0.00423194,11,0.00423194,1.56511
411,11,asset_root,-1.23805,-2.20316,0.420558,-5.23805,-6.20316,4.42056,-1.23866,-2.1992,0.421545,-1.23805,-2.20316,0.420558,0.00400925,11,0.00400925,1.56874
412,11,asset_root,-1.23866,-2.1992,0.421545,-5.23866,-6.1992,4.42155,-1.23905,-2.19509,0.421666,-1.23866,-2.1992,0.421545,0.00412901,11,0.00412901,1.57229
413,11,asset_root,-1.23905,-2.19509,0.421666,-5.23905,-6.19509,4.42167,-1.23911,-2.19051,0.421739,-1.23905,-2.19509,0.421666,0.00457933,11,0.00457933,1.57615
414,11,asset_root,-1.23911,-2.19051,0.421739,-5.23911,-6.19051,4.42174,-1.23903,-2.1859,0.421875,-1.23911,-2.19051,0.421739,0.00460916,11,0.00460916,1.58057
415,11,asset_root,-1.23903,-2.1859,0.421875,-5.23903,-6.1859,4.42187,-1.23927,-2.18121,0.422652,-1.23903,-2.1859,0.421875,0.0046964,11,0.0046964,1.58506
416,11,asset_root,-1.23927,-2.18121,0.422652,-5.23927,-6.18121,4.42265,-1.2399,-2.17654,0.423881,-1.23927,-2.18121,0.422652,0.00471622,11,0.00471622,1.58975
417,11,asset_root,-1.2399,-2.17654,0.423881,-5.2399,-6.17654,4.42388,-1.24078,-2.17214,0.42428,-1.2399,-2.17654,0.423881,0.00448199,11,0.00448199,1.59431
418,11,asset_root,-1.24078,-2.17214,0.42428,-5.24078,-6.17214,4.42428,-1.24164,-2.16783,0.423942,-1.24078,-2.17214,0.42428,0.00439462,11,0.00439462,1.59867
419,11,asset_root,-1.24164,-2.16783,0.423942,-5.24164,-6.16783,4.42394,-1.24224,-2.16354,0.423089,-1.24164,-2.16783,0.423942,0.00433887,11,0.00433887,1.60326
420,11,asset_root,-1.24224,-2.16354,0.423089,-5.24224,-6.16354,4.42309,-1.24273,-2.15924,0.422249,-1.24224,-2.16354,0.423089,0.00432176,11,0.00432176,1.60775
421,11,asset_root,-1.24273,-2.15924,0.422249,-5.24273,-6.15924,4.42225,-1.24331,-2.15498,0.422141,-1.24273,-2.15924,0.422249,0.00430108,11,0.00430108,1.61233
422,11,asset_root,-1.24331,-2.15498,0.422141,-5.24331,-6.15498,4.42214,-1.24394,-2.15075,0.422086,-1.24331,-2.15498,0.422141,0.00427992,11,0.00427992,1.61709
423,11,asset_root,-1.24394,-2.15075,0.422086,-5.24394,-6.15075,4.42209,-1.24472,-2.14647,0.421814,-1.24394,-2.15075,0.422086,0.00434583,11,0.00434583,1.62183
424,11,asset_root,-1.24472,-2.14647,0.421814,-5.24472,-6.14647,4.42181,-1.24572,-2.14214,0.421521,-1.24472,-2.14647,0.421814,0.00444771,11,0.00444771,1.6266
425,11,asset_root,-1.24572,-2.14214,0.421521,-5.24572,-6.14214,4.42152,-1.24708,-2.13748,0.42178,-1.24572,-2.14214,0.421521,0.00485426,11,0.00485426,1.63136
426,11,asset_root,-1.24708,-2.13748,0.42178,-5.24708,-6.13748,4.42178,-1.2487,-2.1325,0.422996,-1.24708,-2.13748,0.42178,0.00522994,11,0.00522994,1.63643
427,11,asset_root,-1.2487,-2.1325,0.422996,-5.2487,-6.1325,4.423,-1.25024,-2.12735,0.424706,-1.2487,-2.1325,0.422996,0.00538313,11,0.00538313,1.64176
428,11,asset_root,-1.25024,-2.12735,0.424706,-5.25024,-6.12735,4.42471,-1.25157,-2.12203,0.425687,-1.25024,-2.12735,0.424706,0.00548109,11,0.00548109,1.6469
429,11,asset_root,-1.25157,-2.12203,0.425687,-5.25157,-6.12203,4.42569,-1.25313,-2.11644,0.425288,-1.25157,-2.12203,0.425687,0.00580587,11,0.00580587,1.65208
430,11,asset_root,-1.25313,-2.11644,0.425288,-5.25313,-6.11644,4.42529,-1.25486,-2.11049,0.423496,-1.25313,-2.11644,0.425288,0.00619098,11,0.00619098,1.6574
431,11,asset_root,-1.25486,-2.11049,0.423496,-5.25486,-6.11049,4.4235,-1.25658,-2.10414,0.421252,-1.25486,-2.11049,0.423496,0.00658257,11,0.00658257,1.66322
432,11,asset_root,-1.25658,-2.10414,0.421252,-5.25658,-6.10414,4.42125,-1.25798,-2.09775,0.418156,-1.25658,-2.10414,0.421252,0.00653699,11,0.00653699,1.66939
433,11,asset_root,-1.25798,-2.09775,0.418156,-5.25798,-6.09775,4.41816,-1.25885,-2.09125,0.414029,-1.25798,-2.09775,0.418156,0.00656564,11,0.00656564,1.6754
434,11,asset_root,-1.25885,-2.09125,0.414029,-5.25885,-6.09125,4.41403,-1.25902,-2.08443,0.40913,-1.25885,-2.09125,0.414029,0.00682234,11,0.00682234,1.68148
435,11,asset_root,-1.25902,-2.08443,0.40913,-5.25902,-6.08443,4.40913,-1.25948,-2.07744,0.405092,-1.25902,-2.08443,0.40913,0.00700509,11,0.00700509,1.68797
436,11,asset_root,-1.25948,-2.07744,0.405092,-5.25948,-6.07744,4.40509,-1.26053,-2.07039,0.402022,-1.25948,-2.07744,0.405092,0.00712366,11,0.00712366,1.69473
437,11,asset_root,-1.26053,-2.07039,0.402022,-5.26053,-6.07039,4.40202,-1.26219,-2.06322,0.398759,-1.26053,-2.07039,0.402022,0.00735888,11,0.00735888,1.70163
438,11,asset_root,-1.26219,-2.06322,0.398759,-5.26219,-6.06322,4.39876,-1.26481,-2.05512,0.396425,-1.26219,-2.06322,0.398759,0.00851169,11,0.00851169,1.70861
439,11,asset_root,-1.26481,-2.05512,0.396425,-5.26481,-6.05512,4.39642,-1.2675,-2.04672,0.39677,-1.26481,-2.05512,0.396425,0.00882271,11,0.00882271,1.71668
440,11,asset_root,-1.2675,-2.04672,0.39677,-5.2675,-6.04672,4.39677,-1.27029,-2.03914,0.397852,-1.2675,-2.04672,0.39677,0.0080785,11,0.0080785,1.72501
441,11,asset_root,-1.27029,-2.03914,0.397852,-5.27029,-6.03914,4.39785,-1.2732,-2.03241,0.39855,-1.27029,-2.03914,0.397852,0.00733083,11,0.00733083,1.73232
442,11,asset_root,-1.2732,-2.03241,0.39855,-5.2732,-6.03241,4.39855,-1.27589,-2.02644,0.398262,-1.2732,-2.03241,0.39855,0.00655106,11,0.00655106,1.73897
443,11,asset_root,-1.27589,-2.02644,0.398262,-5.27589,-6.02644,4.39826,-1.27876,-2.02106,0.397642,-1.27589,-2.02644,0.398262,0.00609409,11,0.00609409,1.74536
444,11,asset_root,-1.27876,-2.02106,0.397642,-5.27876,-6.02106,4.39764,-1.28163,-2.01602,0.397773,-1.27876,-2.02106,0.397642,0.00580176,11,0.00580176,1.75157
445,11,asset_root,-1.28163,-2.01602,0.397773,-5.28163,-6.01602,4.39777,-1.28424,-2.01106,0.398378,-1.28163,-2.01602,0.397773,0.00560794,11,0.00560794,1.75723
446,11,asset_root,-1.28424,-2.01106,0.398378,-5.28424,-6.01106,4.39838,-1.2865,-2.00559,0.400385,-1.28424,-2.01106,0.398378,0.00591818,11,0.00591818,1.76221
447,11,asset_root,-1.2865,-2.00559,0.400385,-5.2865,-6.00559,4.40038,-1.28866,-1.99971,0.402745,-1.2865,-2.00559,0.400385,0.00625936,11,0.00625936,1.7674
448,11,asset_root,-1.28866,-1.99971,0.402745,-5.28866,-5.99971,4.40274,-1.29062,-1.99366,0.403667,-1.28866,-1.99971,0.402745,0.00636078,11,0.00636078,1.77283
449,11,asset_root,-1.29062,-1.99366,0.403667,-5.29062,-5.99366,4.40367,-1.29197,-1.98772,0.401359,-1.29062,-1.99366,0.403667,0.00608878,11,0.00608878,1.77827
450,11,asset_root,-1.29197,-1.98772,0.401359,-5.29197,-5.98772,4.40136,-1.2931,-1.98241,0.397157,-1.29197,-1.98772,0.401359,0.0054336,11,0.0054336,1.78355
451,11,asset_root,-1.2931,-1.98241,0.397157,-5.2931,-5.98241,4.39716,-1.29423,-1.97819,0.392935,-1.2931,-1.98241,0.397157,0.00436321,11,0.00436321,1.78824
452,11,asset_root,-1.29423,-1.97819,0.392935,-5.29423,-5.97819,4.39294,-1.29584,-1.97396,0.390415,-1.29423,-1.97819,0.392935,0.00452971,11,0.00452971,1.79221
453,11,asset_root,-1.29584,-1.97396,0.390415,-5.29584,-5.97396,4.39041,-1.29767,-1.96921,0.389762,-1.29584,-1.97396,0.390415,0.00509278,11,0.00509278,1.79658
454,11,asset_root,-1.29767,-1.96921,0.389762,-5.29767,-5.96921,4.38976,-1.29958,-1.9642,0.39013,-1.29767,-1.96921,0.389762,0.00536209,11,0.00536209,1.80147
455,11,asset_root,-1.29958,-1.9642,0.39013,-5.29958,-5.9642,4.39013,-1.3017,-1.95947,0.388946,-1.29958,-1.9642,0.39013,0.00517929,11,0.00517929,1.80643
456,11,asset_root,-1.3017,-1.95947,0.388946,-5.3017,-5.95947,4.38895,-1.3038,-1.95461,0.385966,-1.3017,-1.95947,0.388946,0.0052966,11,0.0052966,1.8111
457,11,asset_root,-1.3038,-1.95461,0.385966,-5.3038,-5.95461,4.38597,-1.30591,-1.94983,0.383029,-1.3038,-1.95461,0.385966,0.0052231,11,0.0052231,1.81592
458,11,asset_root,-1.30591,-1.94983,0.383029,-5.30591,-5.94983,4.38303,-1.30777,-1.94521,0.380776,-1.30591,-1.94983,0.383029,0.00497672,11,0.00497672,1.82058
459,11,asset_root,-1.30777,-1.94521,0.380776,-5.30777,-5.94521,4.38078,-1.3091,-1.94104,0.378242,-1.30777,-1.94521,0.380776,0.00438562,11,0.00438562,1.82503
460,11,asset_root,-1.3091,-1.94104,0.378242,-5.3091,-5.94104,4.37824,-1.31008,-1.93771,0.375089,-1.3091,-1.94104,0.378242,0.00346863,11,0.00346863,1.82866
461,11,asset_root,-1.31008,-1.93771,0.375089,-5.31008,-5.93771,4.37509,-1.31119,-1.93532,0.372232,-1.31008,-1.93771,0.375089,0.00263469,11,0.00263469,1.83135
462,11,asset_root,-1.31119,-1.93532,0.372232,-5.31119,-5.93532,4.37223,-1.31302,-1.93323,0.369552,-1.31119,-1.93532,0.372232,0.00277497,11,0.00277497,1.8332
463,11,asset_root,-1.31302,-1.93323,0.369552,-5.31302,-5.93323,4.36955,-1.31595,-1.93075,0.366709,-1.31302,-1.93323,0.369552,0.00384489,11,0.00384489,1.8351
464,11,asset_root,-1.31595,-1.93075,0.366709,-5.31595,-5.93075,4.36671,-1.31946,-1.92852,0.363861,-1.31595,-1.93075,0.366709,0.00415256,11,0.00415256,1.83769
465,11,asset_root,-1.31946,-1.92852,0.363861,-5.31946,-5.92852,4.36386,-1.32366,-1.92643,0.360785,-1.31946,-1.92852,0.363861,0.00469056,11,0.00469056,1.84013
466,11,asset_root,-1.32366,-1.92643,0.360785,-5.32366,-5.92643,4.36079,-1.3279,-1.92408,0.359532,-1.32366,-1.92643,0.360785,0.00484759,11,0.00484759,1.84229
467,11,asset_root,-1.3279,-1.92408,0.359532,-5.3279,-5.92408,4.35953,-1.33164,-1.92129,0.360212,-1.3279,-1.92408,0.359532,0.00466892,11,0.00466892,1.84434
468,11,asset_root,-1.33164,-1.92129,0.360212,-5.33164,-5.92129,4.36021,-1.33497,-1.91784,0.362246,-1.33164,-1.92129,0.360212,0.00478871,11,0.00478871,1.84693
469,11,asset_root,-1.33497,-1.91784,0.362246,-5.33497,-5.91784,4.36225,-1.33799,-1.91394,0.365605,-1.33497,-1.91784,0.362246,0.00493849,11,0.00493849,1.85063
470,11,asset_root,-1.33799,-1.91394,0.365605,-5.33799,-5.91394,4.3656,-1.34106,-1.90964,0.369895,-1.33799,-1.91394,0.365605,0.00528721,11,0.00528721,1.85477
471,11,asset_root,-1.34106,-1.90964,0.369895,-5.34106,-5.90964,4.36989,-1.34406,-1.90521,0.374637,-1.34106,-1.90964,0.369895,0.005349,11,0.005349,1.85914
472,11,asset_root,-1.34406,-1.90521,0.374637,-5.34406,-5.90521,4.37464,-1.34667,-1.90065,0.378959,-1.34406,-1.90521,0.374637,0.00525527,11,0.00525527,1.86357
473,11,asset_root,-1.34667,-1.90065,0.378959,-5.34667,-5.90065,4.37896,-1.34901,-1.89622,0.382736,-1.34667,-1.90065,0.378959,0.00500385,11,0.00500385,1.86799
474,11,asset_root,-1.34901,-1.89622,0.382736,-5.34901,-5.89622,4.38274,-1.35103,-1.89208,0.38607,-1.34901,-1.89622,0.382736,0.00460664,11,0.00460664,1.87238
475,11,asset_root,-1.35103,-1.89208,0.38607,-5.35103,-5.89208,4.38607,-1.35301,-1.88773,0.388827,-1.35103,-1.89208,0.38607,0.00478283,11,0.00478283,1.87579
476,11,asset_root,-1.35301,-1.88773,0.388827,-5.35301,-5.88773,4.38883,-1.35483,-1.88333,0.391543,-1.35301,-1.88773,0.388827,0.00476112,11,0.00476112,1.87663
477,11,asset_root,-1.35483,-1.88333,0.391543,-5.35483,-5.88333,4.39154,-1.35668,-1.87902,0.394024,-1.35483,-1.88333,0.391543,0.0046867,11,0.0046867,1.87723
478,11,asset_root,-1.35668,-1.87902,0.394024,-5.35668,-5.87902,4.39402,-1.35849,-1.87487,0.396675,-1.35668,-1.87902,0.394024,0.00453106,11,0.00453106,1.87757
479,11,asset_root,-1.35849,-1.87487,0.396675,-5.35849,-5.87487,4.39668,-1.36037,-1.87106,0.398772,-1.35849,-1.87487,0.396675,0.0042454,11,0.0042454,1.87782
480,11,asset_root,-1.36037,-1.87106,0.398772,-5.36037,-5.87106,4.39877,-1.36219,-1.86738,0.400315,-1.36037,-1.87106,0.398772,0.00410394,11,0.00410394,1.87798
481,11,asset_root,-1.36219,-1.86738,0.400315,-5.36219,-5.86738,4.40032,-1.36394,-1.86375,0.4015,-1.36219,-1.86738,0.400315,0.00402953,11,0.00402953,1.87824
482,11,asset_root,-1.36394,-1.86375,0.4015,-5.36394,-5.86375,4.4015,-1.36538,-1.85987,0.402677,-1.36394,-1.86375,0.4015,0.00414318,11,0.00414318,1.87844
483,11,asset_root,-1.36538,-1.85987,0.402677,-5.36538,-5.85987,4.40268,-1.36657,-1.85612,0.4038,-1.36538,-1.85987,0.402677,0.00393743,11,0.00393743,1.87899
484,11,asset_root,-1.36657,-1.85612,0.4038,-5.36657,-5.85612,4.4038,-1.36784,-1.85284,0.405019,-1.36657,-1.85612,0.4038,0.00351536,11,0.00351536,1.87956
485,11,asset_root,-1.36784,-1.85284,0.405019,-5.36784,-5.85284,4.40502,-1.36954,-1.84992,0.406565,-1.36784,-1.85284,0.405019,0.00337404,11,0.00337404,1.88004
486,11,asset_root,-1.36954,-1.84992,0.406565,-5.36954,-5.84992,4.40657,-1.37179,-1.84714,0.408422,-1.36954,-1.84992,0.406565,0.00358579,11,0.00358579,1.88073
487,11,asset_root,-1.37179,-1.84714,0.408422,-5.37179,-5.84714,4.40842,-1.37454,-1.84442,0.410622,-1.37179,-1.84714,0.408422,0.0038585,11,0.0038585,1.88183
488,11,asset_root,-1.37454,-1.84442,0.410622,-5.37454,-5.84442,4.41062,-1.37729,-1.84208,0.412359,-1.37454,-1.84442,0.410622,0.00361552,11,0.00361552,1.88316
489,11,asset_root,-1.37729,-1.84208,0.412359,-5.37729,-5.84208,4.41236,-1.37928,-1.84012,0.41288,-1.37729,-1.84208,0.412359,0.00279386,11,0.00279386,1.88434
490,11,asset_root,-1.37928,-1.84012,0.41288,-5.37928,-5.84012,4.41288,-1.38098,-1.83819,0.41304,-1.37928,-1.84012,0.41288,0.00257232,11,0.00257232,1.88505
491,11,asset_root,-1.38098,-1.83819,0.41304,-5.38098,-5.83819,4.41304,-1.38266,-1.83623,0.412016,-1.38098,-1.83819,0.41304,0.00257782,11,0.00257782,1.88572
492,11,asset_root,-1.38266,-1.83623,0.412016,-5.38266,-5.83623,4.41202,-1.38467,-1.83462,0.410003,-1.38266,-1.83623,0.412016,0.00257938,11,0.00257938,1.88606
493,11,asset_root,-1.38467,-1.83462,0.410003,-5.38467,-5.83462,4.41,-1.38696,-1.83322,0.407724,-1.38467,-1.83462,0.410003,0.00267975,11,0.00267975,1.88577
494,11,asset_root,-1.38696,-1.83322,0.407724,-5.38696,-5.83322,4.40772,-1.38929,-1.83144,0.405631,-1.38696,-1.83322,0.407724,0.00293196,11,0.00293196,1.88511
495,11,asset_root,-1.38929,-1.83144,0.405631,-5.38929,-5.83144,4.40563,-1.39165,-1.82907,0.403795,-1.38929,-1.83144,0.405631,0.00334478,11,0.00334478,1.8845
496,11,asset_root,-1.39165,-1.82907,0.403795,-5.39165,-5.82907,4.4038,-1.39415,-1.82608,0.402557,-1.39165,-1.82907,0.403795,0.00390002,11,0.00390002,1.88418
497,11,asset_root,-1.39415,-1.82608,0.402557,-5.39415,-5.82608,4.40256,-1.39668,-1.82266,0.401714,-1.39415,-1.82608,0.402557,0.0042508,11,0.0042508,1.88461
498,11,asset_root,-1.39668,-1.82266,0.401714,-5.39668,-5.82266,4.40171,-1.39914,-1.81941,0.400606,-1.39668,-1.82266,0.401714,0.004081,11,0.004081,1.88561
499,11,asset_root,-1.39914,-1.81941,0.400606,-5.39914,-5.81941,4.40061,-1.40139,-1.81644,0.399502,-1.39914,-1.81941,0.400606,0.00372285,11,0.00372285,1.88635
500,11,asset_root,-1.40139,-1.81644,0.399502,-5.40139,-5.81644,4.3995,-1.4034,-1.81352,0.398485,-1.40139,-1.81644,0.399502,0.00354512,11,0.00354512,1.88651
501,11,asset_root,-1.4034,-1.81352,0.398485,-5.4034,-5.81352,4.39849,-1.40525,-1.81064,0.399076,-1.4034,-1.81352,0.398485,0.00342311,11,0.00342311,1.88637
502,11,asset_root,-1.40525,-1.81064,0.399076,-5.40525,-5.81064,4.39908,-1.40683,-1.80788,0.400434,-1.40525,-1.81064,0.399076,0.00317858,11,0.00317858,1.88623
503,11,asset_root,-1.40683,-1.80788,0.400434,-5.40683,-5.80788,4.40043,-1.40825,-1.80541,0.401912,-1.40683,-1.80788,0.400434,0.00284958,11,0.00284958,1.88607
504,11,asset_root,-1.40825,-1.80541,0.401912,-5.40825,-5.80541,4.40191,-1.40953,-1.80329,0.403513,-1.40825,-1.80541,0.401912,0.00248434,11,0.00248434,1.88569
505,11,asset_root,-1.40953,-1.80329,0.403513,-5.40953,-5.80329,4.40351,-1.41071,-1.80146,0.40491,-1.40953,-1.80329,0.403513,0.0021728,11,0.0021728,1.88506
506,11,asset_root,-1.41071,-1.80146,0.40491,-5.41071,-5.80146,4.40491,-1.41214,-1.79987,0.406362,-1.41071,-1.80146,0.40491,0.00213704,11,0.00213704,1.88439
507,11,asset_root,-1.41214,-1.79987,0.406362,-5.41214,-5.79987,4.40636,-1.41374,-1.79842,0.408805,-1.41214,-1.79987,0.406362,0.002162,11,0.002162,1.88358
508,11,asset_root,-1.41374,-1.79842,0.408805,-5.41374,-5.79842,4.40881,-1.41568,-1.79703,0.410331,-1.41374,-1.79842,0.408805,0.00238518,11,0.00238518,1.88256
509,11,asset_root,-1.41568,-1.79703,0.410331,-5.41568,-5.79703,4.41033,-1.41827,-1.79596,0.411319,-1.41568,-1.79703,0.410331,0.00280418,11,0.00280418,1.88115
510,11,asset_root,-1.41827,-1.79596,0.411319,-5.41827,-5.79596,4.41132,-1.42117,-1.79558,0.411498,-1.41827,-1.79596,0.411319,0.00291954,11,0.00291954,1.87936
511,11,asset_root,-1.42117,-1.79558,0.411498,-5.42117,-5.79558,4.4115,-1.42407,-1.79519,0.411727,-1.42117,-1.79558,0.411498,0.0029232,11,0.0029232,1.87694
512,11,asset_root,-1.42407,-1.79519,0.411727,-5.42407,-5.79519,4.41173,-1.42698,-1.79417,0.412016,-1.42407,-1.79519,0.411727,0.00309126,11,0.00309126,1.87451
513,11,asset_root,-1.42698,-1.79417,0.412016,-5.42698,-5.79417,4.41202,-1.42981,-1.79229,0.410436,-1.42698,-1.79417,0.412016,0.0033945,11,0.0033945,1.8726
514,11,asset_root,-1.42981,-1.79229,0.410436,-5.42981,-5.79229,4.41044,-1.43246,-1.79024,0.407124,-1.42981,-1.79229,0.410436,0.0033482,11,0.0033482,1.87154
515,11,asset_root,-1.43246,-1.79024,0.407124,-5.43246,-5.79024,4.40712,-1.43497,-1.78867,0.403727,-1.43246,-1.79024,0.407124,0.00296627,11,0.00296627,1.87079
516,11,asset_root,-1.43497,-1.78867,0.403727,-5.43497,-5.78867,4.40373,-1.43779,-1.7871,0.401399,-1.43497,-1.78867,0.403727,0.00322271,11,0.00322271,1.8696
517,11,asset_root,-1.43779,-1.7871,0.401399,-5.43779,-5.7871,4.4014,-1.441,-1.78515,0.399953,-1.43779,-1.7871,0.401399,0.0037545,11,0.0037545,1.86804
518,11,asset_root,-1.441,-1.78515,0.399953,-5.441,-5.78515,4.39995,-1.4442,-1.78284,0.399546,-1.441,-1.78515,0.399953,0.00394581,11,0.00394581,1.8667
519,11,asset_root,-1.4442,-1.78284,0.399546,-5.4442,-5.78284,4.39955,-1.44738,-1.7804,0.39912,-1.4442,-1.78284,0.399546,0.00401015,11,0.00401015,1.86563
520,11,asset_root,-1.44738,-1.7804,0.39912,-5.44738,-5.7804,4.39912,-1.45047,-1.77788,0.398539,-1.44738,-1.7804,0.39912,0.0039827,11,0.0039827,1.86448
521,11,asset_root,-1.45047,-1.77788,0.398539,-5.45047,-5.77788,4.39854,-1.45359,-1.77499,0.398588,-1.45047,-1.77788,0.398539,0.00426217,11,0.00426217,1.86317
522,11,asset_root,-1.45359,-1.77499,0.398588,-5.45359,-5.77499,4.39859,-1.45684,-1.77175,0.399043,-1.45359,-1.77499,0.398588,0.00458465,11,0.00458465,1.86262
523,11,asset_root,-1.45684,-1.77175,0.399043,-5.45684,-5.77175,4.39904,-1.45999,-1.76856,0.399678,-1.45684,-1.77175,0.399043,0.00448427,11,0.00448427,1.86273
524,11,asset_root,-1.45999,-1.76856,0.399678,-5.45999,-5.76856,4.39968,-1.463,-1.76579,0.400215,-1.45999,-1.76856,0.399678,0.00409111,11,0.00409111,1.86302
525,11,asset_root,-1.463,-1.76579,0.400215,-5.463,-5.76579,4.40022,-1.46606,-1.76306,0.400943,-1.463,-1.76579,0.400215,0.00409968,11,0.00409968,1.86307
526,11,asset_root,-1.46606,-1.76306,0.400943,-5.46606,-5.76306,4.40094,-1.46945,-1.7599,0.403181,-1.46606,-1.76306,0.400943,0.00463431,11,0.00463431,1.86356
527,11,asset_root,-1.46945,-1.7599,0.403181,-5.46945,-5.7599,4.40318,-1.47307,-1.75637,0.4062,-1.46945,-1.7599,0.403181,0.00505163,11,0.00505163,1.86492
528,11,asset_root,-1.47307,-1.75637,0.4062,-5.47307,-5.75637,4.4062,-1.47642,-1.75285,0.408859,-1.47307,-1.75637,0.4062,0.00486806,11,0.00486806,1.86673
529,11,asset_root,-1.47642,-1.75285,0.408859,-5.47642,-5.75285,4.40886,-1.47933,-1.74949,0.410985,-1.47642,-1.75285,0.408859,0.00444315,11,0.00444315,1.8689
530,11,asset_root,-1.47933,-1.74949,0.410985,-5.47933,-5.74949,4.41099,-1.48163,-1.74611,0.411315,-1.47933,-1.74949,0.410985,0.00408754,11,0.00408754,1.87145
531,11,asset_root,-1.48163,-1.74611,0.411315,-5.48163,-5.74611,4.41131,-1.48371,-1.7428,0.410509,-1.48163,-1.74611,0.411315,0.00390456,11,0.00390456,1.87467
532,11,asset_root,-1.48371,-1.7428,0.410509,-5.48371,-5.7428,4.41051,-1.48606,-1.73963,0.409879,-1.48371,-1.7428,0.410509,0.00394856,11,0.00394856,1.87826
533,11,asset_root,-1.48606,-1.73963,0.409879,-5.48606,-5.73963,4.40988,-1.48846,-1.73616,0.409912,-1.48606,-1.73963,0.409879,0.00422219,11,0.00422219,1.88216
534,11,asset_root,-1.48846,-1.73616,0.409912,-5.48846,-5.73616,4.40991,-1.49087,-1.73231,0.410977,-1.48846,-1.73616,0.409912,0.00454203,11,0.00454203,1.88672
535,11,asset_root,-1.49087,-1.73231,0.410977,-5.49087,-5.73231,4.41098,-1.49337,-1.72825,0.413527,-1.49087,-1.73231,0.410977,0.00476692,11,0.00476692,1.89203
536,11,asset_root,-1.49337,-1.72825,0.413527,-5.49337,-5.72825,4.41353,-1.49607,-1.72414,0.417005,-1.49337,-1.72825,0.413527,0.00491704,11,0.00491704,1.89751
537,11,asset_root,-1.49607,-1.72414,0.417005,-5.49607,-5.72414,4.41701,-1.4989,-1.71998,0.419902,-1.49607,-1.72414,0.417005,0.00503009,11,0.00503009,1.90267
538,11,asset_root,-1.4989,-1.71998,0.419902,-5.4989,-5.71998,4.4199,-1.50189,-1.7158,0.420831,-1.4989,-1.71998,0.419902,0.00513473,11,0.00513473,1.90704
539,11,asset_root,-1.50189,-1.7158,0.420831,-5.50189,-5.7158,4.42083,-1.5048,-1.7116,0.419294,-1.50189,-1.7158,0.420831,0.00511708,11,0.00511708,1.91061
540,11,asset_root,-1.5048,-1.7116,0.419294,-5.5048,-5.7116,4.41929,-1.5082,-1.70731,0.41724,-1.5048,-1.7116,0.419294,0.00547271,11,0.00547271,1.91382
541,11,asset_root,-1.5082,-1.70731,0.41724,-5.5082,-5.70731,4.41724,-1.51211,-1.70339,0.414365,-1.5082,-1.70731,0.41724,0.00553718,11,0.00553718,1.9168
542,11,asset_root,-1.51211,-1.70339,0.414365,-5.51211,-5.70339,4.41436,-1.51675,-1.69947,0.4114,-1.51211,-1.70339,0.414365,0.00607542,11,0.00607542,1.91879
543,11,asset_root,-1.51675,-1.69947,0.4114,-5.51675,-5.69947,4.4114,-1.52194,-1.69554,0.408187,-1.51675,-1.69947,0.4114,0.00651411,11,0.00651411,1.92029
544,11,asset_root,-1.52194,-1.69554,0.408187,-5.52194,-5.69554,4.40819,-1.52736,-1.69064,0.405548,-1.52194,-1.69554,0.408187,0.0073066,11,0.0073066,1.92171
545,11,asset_root,-1.52736,-1.69064,0.405548,-5.52736,-5.69064,4.40555,-1.53284,-1.68516,0.401855,-1.52736,-1.69064,0.405548,0.00774389,11,0.00774389,1.92381
546,11,asset_root,-1.53284,-1.68516,0.401855,-5.53284,-5.68516,4.40186,-1.53778,-1.67893,0.396213,-1.53284,-1.68516,0.401855,0.00795643,11,0.00795643,1.92599
547,11,asset_root,-1.53778,-1.67893,0.396213,-5.53778,-5.67893,4.39621,-1.54162,-1.67188,0.388755,-1.53778,-1.67893,0.396213,0.0080285,11,0.0080285,1.92873
548,11,asset_root,-1.54162,-1.67188,0.388755,-5.54162,-5.67188,4.38875,-1.54463,-1.66406,0.379405,-1.54162,-1.67188,0.388755,0.00837424,11,0.00837424,1.93231
549,11,asset_root,-1.54463,-1.66406,0.379405,-5.54463,-5.66406,4.3794,-1.54695,-1.65539,0.369225,-1.54463,-1.66406,0.379405,0.00897946,11,0.00897946,1.93655
550,11,asset_root,-1.54695,-1.65539,0.369225,-5.54695,-5.65539,4.36923,-1.54967,-1.64673,0.358658,-1.54695,-1.65539,0.369225,0.0090765,11,0.0090765,1.94193
551,11,asset_root,-1.54967,-1.64673,0.358658,-5.54967,-5.64673,4.35866,-1.5536,-1.63867,0.346345,-1.54967,-1.64673,0.358658,0.0089667,11,0.0089667,1.9479
552,11,asset_root,-1.5536,-1.63867,0.346345,-5.5536,-5.63867,4.34635,-1.55714,-1.63069,0.331258,-1.5536,-1.63867,0.346345,0.00872299,11,0.00872299,1.95376
553,11,asset_root,-1.55714,-1.63069,0.331258,-5.55714,-5.63069,4.33126,-1.5581,-1.62297,0.31397,-1.55714,-1.63069,0.331258,0.00778501,11,0.00778501,1.95997
554,11,asset_root,-1.5581,-1.62297,0.31397,-5.5581,-5.62297,4.31397,-1.55519,-1.615,0.296189,-1.5581,-1.62297,0.31397,0.00848799,11,0.00848799,1.96644
555,11,asset_root,-1.55519,-1.615,0.296189,-5.55519,-5.615,4.29619,-1.55347,-1.60635,0.28355,-1.55519,-1.615,0.296189,0.00881715,11,0.00881715,1.97367
556,11,asset_root,-1.55347,-1.60635,0.28355,-5.55347,-5.60635,4.28355,-1.55931,-1.59851,0.284549,-1.55347,-1.60635,0.28355,0.00978047,11,0.00978047,1.98182
557,11,asset_root,-1.55931,-1.59851,0.284549,-5.55931,-5.59851,4.28455,-1.56584,-1.5913,0.282555,-1.55931,-1.59851,0.284549,0.00972128,11,0.00972128,1.98925
558,11,asset_root,-1.56584,-1.5913,0.282555,-5.56584,-5.5913,4.28255,-1.57451,-1.58568,0.27972,-1.56584,-1.5913,0.282555,0.0103321,11,0.0103321,1.99618
559,11,asset_root,-1.57451,-1.58568,0.27972,-5.57451,-5.58568,4.27972,-1.58477,-1.58101,0.274307,-1.57451,-1.58568,0.27972,0.0112791,11,0.0112791,2.00177
560,11,asset_root,-1.58477,-1.58101,0.274307,-5.58477,-5.58101,4.27431,-1.59636,-1.57547,0.266031,-1.58477,-1.58101,0.274307,0.0128361,11,0.0128361,2.00683
561,11,asset_root,-1.59636,-1.57547,0.266031,-5.59636,-5.57547,4.26603,-1.60724,-1.56969,0.256246,-1.59636,-1.57547,0.266031,0.0123291,11,0.0123291,2.01312
562,11,asset_root,-1.60724,-1.56969,0.256246,-5.60724,-5.56969,4.25625,-1.61361,-1.5646,0.250083,-1.60724,-1.56969,0.256246,0.00814953,11,0.00814953,2.02008
563,11,asset_root,-1.61361,-1.5646,0.250083,-5.61361,-5.5646,4.25008,-1.61877,-1.5576,0.247749,-1.61361,-1.5646,0.250083,0.00870008,11,0.00870008,2.02678
564,11,asset_root,-1.61877,-1.5576,0.247749,-5.61877,-5.5576,4.24775,-1.62431,-1.55007,0.244415,-1.61877,-1.5576,0.247749,0.00934692,11,0.00934692,2.0357
565,11,asset_root,-1.62431,-1.55007,0.244415,-5.62431,-5.55007,4.24441,-1.62987,-1.54286,0.236738,-1.62431,-1.55007,0.244415,0.00910081,11,0.00910081,2.04546
566,11,asset_root,-1.62987,-1.54286,0.236738,-5.62987,-5.54286,4.23674,-1.6372,-1.53387,0.231739,-1.62987,-1.54286,0.236738,0.0115968,11,0.0115968,2.05506
567,11,asset_root,-1.6372,-1.53387,0.231739,-5.6372,-5.53387,4.23174,-1.64526,-1.52429,0.225058,-1.6372,-1.53387,0.231739,0.0125217,11,0.0125217,2.06643
568,11,asset_root,-1.64526,-1.52429,0.225058,-5.64526,-5.52429,4.22506,-1.65401,-1.51555,0.218009,-1.64526,-1.52429,0.225058,0.0123698,11,0.0123698,2.07847
569,11,asset_root,-1.65401,-1.51555,0.218009,-5.65401,-5.51555,4.21801,-1.66292,-1.50721,0.209655,-1.65401,-1.51555,0.218009,0.012209,11,0.012209,2.08985
570,11,asset_root,-1.66292,-1.50721,0.209655,-5.66292,-5.50721,4.20965,-1.6697,-1.50101,0.210326,-1.66292,-1.50721,0.209655,0.00918362,11,0.00918362,2.10099
571,11,asset_root,-1.6697,-1.50101,0.210326,-5.6697,-5.50101,4.21033,-1.67458,-1.49421,0.211969,-1.6697,-1.50101,0.210326,0.00837114,11,0.00837114,2.10954
572,11,asset_root,-1.67458,-1.49421,0.211969,-5.67458,-5.49421,4.21197,-1.67868,-1.4861,0.210212,-1.67458,-1.49421,0.211969,0.00908951,11,0.00908951,2.1177
573,11,asset_root,-1.67868,-1.4861,0.210212,-5.67868,-5.4861,4.21021,-1.68244,-1.47639,0.206338,-1.67868,-1.4861,0.210212,0.0104092,11,0.0104092,2.12641
574,11,asset_root,-1.68244,-1.47639,0.206338,-5.68244,-5.47639,4.20634,-0.109501,-3.66556,0.5,-1.68244,-1.47639,0.206338,2.69566,8,2.13622,2.13622
575,11,asset_root,-0.109501,-3.66556,0.5,-4.1095,-7.66556,4.5,-0.109543,-3.66517,0.498366,-0.109501,-3.66556,0.5,0.000390144,11,0.000390144,0.587594
576,11,asset_root,-0.109543,-3.66517,0.498366,-4.10954,-7.66517,4.49837,-0.109815,-3.6648,0.49428,-0.109543,-3.66517,0.498366,0.000459577,11,0.000459577,0.586584
577,11,asset_root,-0.109815,-3.6648,0.49428,-4.10982,-7.6648,4.49428,-0.110334,-3.66465,0.486113,-0.109815,-3.6648,0.49428,0.000541332,11,0.000541332,0.5856
578,11,asset_root,-0.110334,-3.66465,0.486113,-4.11033,-7.66465,4.48611,-0.110771,-3.66441,0.474038,-0.110334,-3.66465,0.486113,0.00049467,11,0.00049467,0.584533
579,11,asset_root,-0.110771,-3.66441,0.474038,-4.11077,-7.66441,4.47404,-0.111449,-3.66308,0.461161,-0.110771,-3.66441,0.474038,0.00149807,11,0.00149807,0.583816
580,11,asset_root,-0.111449,-3.66308,0.461161,-4.11145,-7.66308,4.46116,-0.112299,-3.66128,0.447191,-0.111449,-3.66308,0.461161,0.00198695,11,0.00198695,0.584007
581,11,asset_root,-0.112299,-3.66128,0.447191,-4.1123,-7.66128,4.44719,-0.112887,-3.65938,0.436989,-0.112299,-3.66128,0.447191,0.0019881,11,0.0019881,0.584556
582,11,asset_root,-0.112887,-3.65938,0.436989,-4.11289,-7.65938,4.43699,-0.112654,-3.65678,0.432073,-0.112887,-3.65938,0.436989,0.00261655,11,0.00261655,0.585402
583,11,asset_root,-0.112654,-3.65678,0.432073,-4.11265,-7.65678,4.43207,-0.111743,-3.65357,0.430544,-0.112654,-3.65678,0.432073,0.00333792,11,0.00333792,0.587384
584,11,asset_root,-0.111743,-3.65357,0.430544,-4.11174,-7.65357,4.43054,-0.11038,-3.65007,0.42998,-0.111743,-3.65357,0.430544,0.00374901,11,0.00374901,0.590543
585,11,asset_root,-0.11038,-3.65007,0.42998,-4.11038,-7.65007,4.42998,-0.108985,-3.64597,0.429691,-0.11038,-3.65007,0.42998,0.00433049,11,0.00433049,0.59443
586,11,asset_root,-0.108985,-3.64597,0.429691,-4.10899,-7.64597,4.42969,-0.107616,-3.64116,0.42964,-0.108985,-3.64597,0.429691,0.00500362,11,0.00500362,0.598671
587,11,asset_root,-0.107616,-3.64116,0.42964,-4.10762,-7.64116,4.42964,-0.106543,-3.6355,0.429219,-0.107616,-3.64116,0.42964,0.00575959,11,0.00575959,0.603361
588,11,asset_root,-0.106543,-3.6355,0.429219,-4.10654,-7.6355,4.42922,-0.105827,-3.62904,0.429228,-0.106543,-3.6355,0.429219,0.00650451,11,0.00650451,0.608427
589,11,asset_root,-0.105827,-3.62904,0.429228,-4.10583,-7.62904,4.42923,-0.105376,-3.62218,0.430425,-0.105827,-3.62904,0.429228,0.0068767,11,0.0068767,0.613767
590,11,asset_root,-0.105376,-3.62218,0.430425,-4.10538,-7.62218,4.43043,-0.105217,-3.61559,0.431341,-0.105376,-3.62218,0.430425,0.006588,11,0.006588,0.619411
591,11,asset_root,-0.105217,-3.61559,0.431341,-4.10522,-7.61559,4.43134,-0.105475,-3.60959,0.430987,-0.105217,-3.61559,0.431341,0.00600678,11,0.00600678,0.624861
592,11,asset_root,-0.105475,-3.60959,0.430987,-4.10548,-7.60959,4.43099,-0.106166,-3.60413,0.429359,-0.105475,-3.60959,0.430987,0.00550568,11,0.00550568,0.629478
593,11,asset_root,-0.106166,-3.60413,0.429359,-4.10617,-7.60413,4.42936,-0.107145,-3.5992,0.426489,-0.106166,-3.60413,0.429359,0.00501933,11,0.00501933,0.633279
594,11,asset_root,-0.107145,-3.5992,0.426489,-4.10715,-7.5992,4.42649,-0.107664,-3.59449,0.423112,-0.107145,-3.5992,0.426489,0.00474363,11,0.00474363,0.636606
595,11,asset_root,-0.107664,-3.59449,0.423112,-4.10766,-7.59449,4.42311,-0.107738,-3.58955,0.419732,-0.107664,-3.59449,0.423112,0.00493607,11,0.00493607,0.640199
596,11,asset_root,-0.107738,-3.58955,0.419732,-4.10774,-7.58955,4.41973,-0.107436,-3.58432,0.417413,-0.107738,-3.58955,0.419732,0.00524106,11,0.00524106,0.644228
597,11,asset_root,-0.107436,-3.58432,0.417413,-4.10744,-7.58432,4.41741,-0.106758,-3.57858,0.416392,-0.107436,-3.58432,0.417413,0.00578196,11,0.00578196,0.648727
598,11,asset_root,-0.106758,-3.57858,0.416392,-4.10676,-7.57858,4.41639,-0.105767,-3.57249,0.415916,-0.106758,-3.57858,0.416392,0.00616777,11,0.00616777,0.653974
599,11,asset_root,-0.105767,-3.57249,0.415916,-4.10577,-7.57249,4.41592,-0.104898,-3.56626,0.416093,-0.105767,-3.57249,0.415916,0.00629489,11,0.00629489,0.659682
600,11,asset_root,-0.104898,-3.56626,0.416093,-4.1049,-7.56626,4.41609,-0.10421,-3.56005,0.417049,-0.104898,-3.56626,0.416093,0.00624832,11,0.00624832,0.665474
601,11,asset_root,-0.10421,-3.56005,0.417049,-4.10421,-7.56005,4.41705,-0.103419,-3.55407,0.41901,-0.10421,-3.56005,0.417049,0.00603022,11,0.00603022,0.671506
602,11,asset_root,-0.103419,-3.55407,0.41901,-4.10342,-7.55407,4.41901,-0.102506,-3.54843,0.420993,-0.103419,-3.55407,0.41901,0.0057076,11,0.0057076,0.677496
603,11,asset_root,-0.102506,-3.54843,0.420993,-4.10251,-7.54843,4.42099,-0.101446,-3.54342,0.422579,-0.102506,-3.54843,0.420993,0.00511975,11,0.00511975,0.682852
604,11,asset_root,-0.101446,-3.54342,0.422579,-4.10145,-7.54342,4.42258,-0.100281,-3.53867,0.42399,-0.101446,-3.54342,0.422579,0.00489211,11,0.00489211,0.687337
605,11,asset_root,-0.100281,-3.53867,0.42399,-4.10028,-7.53867,4.42399,-0.099237,-3.53394,0.424948,-0.100281,-3.53867,0.42399,0.00484578,11,0.00484578,0.691473
606,11,asset_root,-0.099237,-3.53394,0.424948,-4.09924,-7.53394,4.42495,-0.0986187,-3.52894,0.424967,-0.099237,-3.53394,0.424948,0.00503442,11,0.00503442,0.695806
607,11,asset_root,-0.0986187,-3.52894,0.424967,-4.09862,-7.52894,4.42497,-0.0984592,-3.52366,0.424503,-0.0986187,-3.52894,0.424967,0.00529029,11,0.00529029,0.700252
608,11,asset_root,-0.0984592,-3.52366,0.424503,-4.09846,-7.52366,4.4245,-0.0986418,-3.51853,0.424084,-0.0984592,-3.52366,0.424503,0.00513235,11,0.00513235,0.704585
609,11,asset_root,-0.0986418,-3.51853,0.424084,-4.09864,-7.51853,4.42408,-0.0990365,-3.51355,0.424697,-0.0986418,-3.51853,0.424084,0.00499167,11,0.00499167,0.708446
610,11,asset_root,-0.0990365,-3.51355,0.424697,-4.09904,-7.51355,4.4247,-0.0995787,-3.50869,0.426051,-0.0990365,-3.51355,0.424697,0.00489078,11,0.00489078,0.711939
611,11,asset_root,-0.0995787,-3.50869,0.426051,-4.09958,-7.50869,4.42605,-0.0999781,-3.50364,0.427489,-0.0995787,-3.50869,0.426051,0.00506548,11,0.00506548,0.715577
612,11,asset_root,-0.0999781,-3.50364,0.427489,-4.09998,-7.50364,4.42749,-0.0998132,-3.49845,0.428956,-0.0999781,-3.50364,0.427489,0.00519728,11,0.00519728,0.719837
613,11,asset_root,-0.0998132,-3.49845,0.428956,-4.09981,-7.49845,4.42896,-0.0995375,-3.49319,0.430586,-0.0998132,-3.49845,0.428956,0.00526531,11,0.00526531,0.724565
614,11,asset_root,-0.0995375,-3.49319,0.430586,-4.09954,-7.49319,4.43059,-0.0994335,-3.48779,0.432583,-0.0995375,-3.49319,0.430586,0.0054019,11,0.0054019,0.729249
615,11,asset_root,-0.0994335,-3.48779,0.432583,-4.09943,-7.48779,4.43258,-0.0992152,-3.48257,0.43356,-0.0994335,-3.48779,0.432583,0.00521974,11,0.00521974,0.733479
616,11,asset_root,-0.0992152,-3.48257,0.43356,-4.09922,-7.48257,4.43356,-0.0987151,-3.47751,0.434278,-0.0992152,-3.48257,0.43356,0.00508532,11,0.00508532,0.737627
617,11,asset_root,-0.0987151,-3.47751,0.434278,-4.09872,-7.47751,4.43428,-0.0982641,-3.47264,0.435113,-0.0987151,-3.47751,0.434278,0.00489577,11,0.00489577,0.741989
618,11,asset_root,-0.0982641,-3.47264,0.435113,-4.09826,-7.47264,4.43511,-0.0978867,-3.46807,0.435739,-0.0982641,-3.47264,0.435113,0.00457915,11,0.00457915,0.745922
619,11,asset_root,-0.0978867,-3.46807,0.435739,-4.09789,-7.46807,4.43574,-0.0972868,-3.46346,0.436179,-0.0978867,-3.46807,0.435739,0.00465318,11,0.00465318,0.749534
620,11,asset_root,-0.0972868,-3.46346,0.436179,-4.09729,-7.46346,4.43618,-0.09634,-3.45881,0.436679,-0.0972868,-3.46346,0.436179,0.00474202,11,0.00474202,0.753386
621,11,asset_root,-0.09634,-3.45881,0.436679,-4.09634,-7.45881,4.43668,-0.0953493,-3.45395,0.437499,-0.09634,-3.45881,0.436679,0.00495754,11,0.00495754,0.757545
622,11,asset_root,-0.0953493,-3.45395,0.437499,-4.09535,-7.45395,4.4375,-0.0945878,-3.44892,0.438942,-0.0953493,-3.45395,0.437499,0.00509124,11,0.00509124,0.76224
623,11,asset_root,-0.0945878,-3.44892,0.438942,-4.09459,-7.44892,4.43894,-0.0938727,-3.44391,0.44011,-0.0945878,-3.44892,0.438942,0.00506114,11,0.00506114,0.766982
624,11,asset_root,-0.0938727,-3.44391,0.44011,-4.09387,-7.44391,4.44011,-0.0932112,-3.43889,0.441154,-0.0938727,-3.44391,0.44011,0.00506354,11,0.00506354,0.77159
625,11,asset_root,-0.0932112,-3.43889,0.441154,-4.09321,-7.43889,4.44115,-0.0926278,-3.43394,0.442032,-0.0932112,-3.43889,0.441154,0.00498408,11,0.00498408,0.775902
626,11,asset_root,-0.0926278,-3.43394,0.442032,-4.09263,-7.43394,4.44203,-0.0920117,-3.429,0.442912,-0.0926278,-3.43394,0.442032,0.00497523,11,0.00497523,0.780043
627,11,asset_root,-0.0920117,-3.429,0.442912,-4.09201,-7.429,4.44291,-0.0910168,-3.42397,0.443223,-0.0920117,-3.429,0.442912,0.00512714,11,0.00512714,0.784219
628,11,asset_root,-0.0910168,-3.42397,0.443223,-4.09102,-7.42397,4.44322,-0.0898327,-3.41855,0.444019,-0.0910168,-3.42397,0.443223,0.00555129,11,0.00555129,0.788592
629,11,asset_root,-0.0898327,-3.41855,0.444019,-4.08983,-7.41855,4.44402,-0.0888994,-3.41319,0.445231,-0.0898327,-3.41855,0.444019,0.00544501,11,0.00544501,0.793365
630,11,asset_root,-0.0888994,-3.41319,0.445231,-4.0889,-7.41319,4.44523,-0.0881081,-3.40774,0.447019,-0.0888994,-3.41319,0.445231,0.00550173,11,0.00550173,0.798231
631,11,asset_root,-0.0881081,-3.40774,0.447019,-4.08811,-7.40774,4.44702,-0.0872068,-3.40213,0.448808,-0.0881081,-3.40774,0.447019,0.00567839,11,0.00567839,0.803288
632,11,asset_root,-0.0872068,-3.40213,0.448808,-4.08721,-7.40213,4.44881,-0.0861032,-3.39648,0.450513,-0.0872068,-3.40213,0.448808,0.00576548,11,0.00576548,0.808722
633,11,asset_root,-0.0861032,-3.39648,0.450513,-4.0861,-7.39648,4.45051,-0.0848832,-3.39061,0.452097,-0.0861032,-3.39648,0.450513,0.00598759,11,0.00598759,0.814436
634,11,asset_root,-0.0848832,-3.39061,0.452097,-4.08488,-7.39061,4.4521,-0.0836496,-3.38469,0.453545,-0.0848832,-3.39061,0.452097,0.00605294,11,0.00605294,0.820178
635,11,asset_root,-0.0836496,-3.38469,0.453545,-4.08365,-7.38469,4.45354,-0.0827156,-3.379,0.455,-0.0836496,-3.38469,0.453545,0.00576341,11,0.00576341,0.825672
636,11,asset_root,-0.0827156,-3.379,0.455,-4.08272,-7.379,4.455,-0.0817576,-3.37358,0.45591,-0.0827156,-3.379,0.455,0.00550564,11,0.00550564,0.830689
637,11,asset_root,-0.0817576,-3.37358,0.45591,-4.08176,-7.37358,4.45591,-0.0804176,-3.36846,0.456507,-0.0817576,-3.37358,0.45591,0.00529523,11,0.00529523,0.835708
638,11,asset_root,-0.0804176,-3.36846,0.456507,-4.08042,-7.36846,4.45651,-0.0785867,-3.36394,0.455423,-0.0804176,-3.36846,0.456507,0.00487516,11,0.00487516,0.840958
639,11,asset_root,-0.0785867,-3.36394,0.455423,-4.07859,-7.36394,4.45542,-0.0767085,-3.35987,0.453981,-0.0785867,-3.36394,0.455423,0.00447882,11,0.00447882,0.845954
640,11,asset_root,-0.0767085,-3.35987,0.453981,-4.07671,-7.35987,4.45398,-0.0754081,-3.35583,0.453252,-0.0767085,-3.35987,0.453981,0.00424731,11,0.00424731,0.850317
641,11,asset_root,-0.0754081,-3.35583,0.453252,-4.07541,-7.35583,4.45325,-0.0747854,-3.35166,0.452084,-0.0754081,-3.35583,0.453252,0.00421193,11,0.00421193,0.854219
642,11,asset_root,-0.0747854,-3.35166,0.452084,-4.07479,-7.35166,4.45208,-0.0744708,-3.34724,0.45054,-0.0747854,-3.35166,0.452084,0.00443051,11,0.00443051,0.857667
643,11,asset_root,-0.0744708,-3.34724,0.45054,-4.07447,-7.34724,4.45054,-0.0746555,-3.34242,0.448464,-0.0744708,-3.34724,0.45054,0.00482389,11,0.00482389,0.861376
644,11,asset_root,-0.0746555,-3.34242,0.448464,-4.07466,-7.34242,4.44846,-0.075473,-3.33732,0.446203,-0.0746555,-3.34242,0.448464,0.00516511,11,0.00516511,0.865501
645,11,asset_root,-0.075473,-3.33732,0.446203,-4.07547,-7.33732,4.4462,-0.0766398,-3.33262,0.443971,-0.075473,-3.33732,0.446203,0.00484403,11,0.00484403,0.869559
646,11,asset_root,-0.0766398,-3.33262,0.443971,-4.07664,-7.33262,4.44397,-0.0782216,-3.3288,0.441863,-0.0766398,-3.33262,0.443971,0.00413579,11,0.00413579,0.523217
647,11,asset_root,-0.0782216,-3.3288,0.441863,-4.07822,-7.3288,4.44186,-0.0797669,-3.32519,0.440329,-0.0782216,-3.3288,0.441863,0.00392939,11,0.00392939,0.525636
648,11,asset_root,-0.0797669,-3.32519,0.440329,-4.07977,-7.32519,4.44033,-0.0811011,-3.32117,0.440216,-0.0797669,-3.32519,0.440329,0.00423084,11,0.00423084,0.52781
649,11,asset_root,-0.0811011,-3.32117,0.440216,-4.0811,-7.32117,4.44022,-0.0823334,-3.31705,0.441539,-0.0811011,-3.32117,0.440216,0.00430684,11,0.00430684,0.53026
650,11,asset_root,-0.0823334,-3.31705,0.441539,-4.08233,-7.31705,4.44154,-0.0834437,-3.31289,0.443145,-0.0823334,-3.31705,0.441539,0.00430186,11,0.00430186,0.533296
651,11,asset_root,-0.0834437,-3.31289,0.443145,-4.08344,-7.31289,4.44315,-0.0845855,-3.30837,0.444456,-0.0834437,-3.31289,0.443145,0.00465848,11,0.00465848,0.536793
652,11,asset_root,-0.0845855,-3.30837,0.444456,-4.08459,-7.30837,4.44446,-0.085499,-3.30377,0.445003,-0.0845855,-3.30837,0.444456,0.00469056,11,0.00469056,0.540373
653,11,asset_root,-0.085499,-3.30377,0.445003,-4.0855,-7.30377,4.445,-0.0859379,-3.2989,0.444521,-0.085499,-3.30377,0.445003,0.00488897,11,0.00488897,0.544058
654,11,asset_root,-0.0859379,-3.2989,0.444521,-4.08594,-7.2989,4.44452,-0.0861705,-3.29362,0.444738,-0.0859379,-3.2989,0.444521,0.00529371,11,0.00529371,0.548341
655,11,asset_root,-0.0861705,-3.29362,0.444738,-4.08617,-7.29362,4.44474,-0.0867372,-3.28835,0.445379,-0.0861705,-3.29362,0.444738,0.00529281,11,0.00529281,0.553267
656,11,asset_root,-0.0867372,-3.28835,0.445379,-4.08674,-7.28835,4.44538,-0.0873884,-3.28305,0.445869,-0.0867372,-3.28835,0.445379,0.00534321,11,0.00534321,0.558261
657,11,asset_root,-0.0873884,-3.28305,0.445869,-4.08739,-7.28305,4.44587,-0.088008,-3.27812,0.445731,-0.0873884,-3.28305,0.445869,0.0049655,11,0.0049655,0.56359
658,11,asset_root,-0.088008,-3.27812,0.445731,-4.08801,-7.27812,4.44573,-0.0887221,-3.27323,0.445129,-0.088008,-3.27812,0.445731,0.00494206,11,0.00494206,0.568822
659,11,asset_root,-0.0887221,-3.27323,0.445129,-4.08872,-7.27323,4.44513,-0.0891989,-3.26813,0.444931,-0.0887221,-3.27323,0.445129,0.00512415,11,0.00512415,0.574278
660,11,asset_root,-0.0891989,-3.26813,0.444931,-4.0892,-7.26813,4.44493,-0.0892567,-3.26318,0.444387,-0.0891989,-3.26813,0.444931,0.00494728,11,0.00494728,0.579973
661,11,asset_root,-0.0892567,-3.26318,0.444387,-4.08926,-7.26318,4.44439,-0.0890944,-3.25822,0.443884,-0.0892567,-3.26318,0.444387,0.00496748,11,0.00496748,0.58593
662,11,asset_root,-0.0890944,-3.25822,0.443884,-4.08909,-7.25822,4.44388,-0.088952,-3.25325,0.443414,-0.0890944,-3.25822,0.443884,0.00496663,11,0.00496663,0.591972
663,11,asset_root,-0.088952,-3.25325,0.443414,-4.08895,-7.25325,4.44341,-0.088712,-3.24823,0.442788,-0.088952,-3.25325,0.443414,0.00503135,11,0.00503135,0.59757
664,11,asset_root,-0.088712,-3.24823,0.442788,-4.08871,-7.24823,4.44279,-0.0885408,-3.24314,0.442463,-0.088712,-3.24823,0.442788,0.00509264,11,0.00509264,0.602778
665,11,asset_root,-0.0885408,-3.24314,0.442463,-4.08854,-7.24314,4.44246,-0.0885354,-3.23807,0.441866,-0.0885408,-3.24314,0.442463,0.00507021,11,0.00507021,0.60783
666,11,asset_root,-0.0885354,-3.23807,0.441866,-4.08854,-7.23807,4.44187,-0.0885964,-3.233,0.441003,-0.0885354,-3.23807,0.441866,0.00507296,11,0.00507296,0.612533
667,11,asset_root,-0.0885964,-3.233,0.441003,-4.0886,-7.233,4.441,-0.0887356,-3.22789,0.439559,-0.0885964,-3.233,0.441003,0.00510668,11,0.00510668,0.617018
668,11,asset_root,-0.0887356,-3.22789,0.439559,-4.08874,-7.22789,4.43956,-0.088861,-3.22244,0.438331,-0.0887356,-3.22789,0.439559,0.0054536,11,0.0054536,0.621608
669,11,asset_root,-0.088861,-3.22244,0.438331,-4.08886,-7.22244,4.43833,-0.0888593,-3.21641,0.437872,-0.088861,-3.22244,0.438331,0.0060308,11,0.0060308,0.626803
670,11,asset_root,-0.0888593,-3.21641,0.437872,-4.08886,-7.21641,4.43787,-0.0890566,-3.21039,0.437457,-0.0888593,-3.21641,0.437872,0.00601973,11,0.00601973,0.632985
671,11,asset_root,-0.0890566,-3.21039,0.437457,-4.08906,-7.21039,4.43746,-0.0893099,-3.20441,0.436396,-0.0890566,-3.21039,0.437457,0.00599133,11,0.00599133,0.639092
672,11,asset_root,-0.0893099,-3.20441,0.436396,-4.08931,-7.20441,4.4364,-0.0895826,-3.19848,0.436323,-0.0893099,-3.20441,0.436396,0.00593693,11,0.00593693,0.645094
673,11,asset_root,-0.0895826,-3.19848,0.436323,-4.08958,-7.19848,4.43632,-0.0898016,-3.19284,0.437205,-0.0895826,-3.19848,0.436323,0.00563547,11,0.00563547,0.651016
674,11,asset_root,-0.0898016,-3.19284,0.437205,-4.0898,-7.19284,4.43721,-0.0898958,-3.18778,0.437487,-0.0898016,-3.19284,0.437205,0.00506322,11,0.00506322,0.656782
675,11,asset_root,-0.0898958,-3.18778,0.437487,-4.0899,-7.18778,4.43749,-0.0901559,-3.18284,0.437439,-0.0898958,-3.18778,0.437487,0.00494521,11,0.00494521,0.661974
676,11,asset_root,-0.0901559,-3.18284,0.437439,-4.09016,-7.18284,4.43744,-0.090987,-3.17772,0.437384,-0.0901559,-3.18284,0.437439,0.0051913,11,0.0051913,0.666998
677,11,asset_root,-0.090987,-3.17772,0.437384,-4.09099,-7.17772,4.43738,-0.0922306,-3.17239,0.436517,-0.090987,-3.17772,0.437384,0.00547441,11,0.00547441,0.672303
678,11,asset_root,-0.0922306,-3.17239,0.436517,-4.09223,-7.17239,4.43652,-0.0938358,-3.16687,0.43438,-0.0922306,-3.17239,0.436517,0.00574875,11,0.00574875,0.677976
679,11,asset_root,-0.0938358,-3.16687,0.43438,-4.09384,-7.16687,4.43438,-0.095569,-3.1611,0.432097,-0.0938358,-3.16687,0.43438,0.00601871,11,0.00601871,0.683914
680,11,asset_root,-0.095569,-3.1611,0.432097,-4.09557,-7.1611,4.4321,-0.0971345,-3.15534,0.430781,-0.095569,-3.1611,0.432097,0.00597627,11,0.00597627,0.689795
681,11,asset_root,-0.0971345,-3.15534,0.430781,-4.09713,-7.15534,4.43078,-0.0984391,-3.14942,0.429836,-0.0971345,-3.15534,0.430781,0.0060578,11,0.0060578,0.695114
682,11,asset_root,-0.0984391,-3.14942,0.429836,-4.09844,-7.14942,4.42984,-0.0993626,-3.14334,0.428671,-0.0984391,-3.14942,0.429836,0.00615129,11,0.00615129,0.700327
683,11,asset_root,-0.0993626,-3.14334,0.428671,-4.09936,-7.14334,4.42867,-0.100164,-3.13763,0.426733,-0.0993626,-3.14334,0.428671,0.00576794,11,0.00576794,0.705855
684,11,asset_root,-0.100164,-3.13763,0.426733,-4.10016,-7.13763,4.42673,-0.10092,-3.13183,0.4232,-0.100164,-3.13763,0.426733,0.0058411,11,0.0058411,0.711034
685,11,asset_root,-0.10092,-3.13183,0.4232,-4.10092,-7.13183,4.4232,-0.101593,-3.12585,0.417704,-0.10092,-3.13183,0.4232,0.00602586,11,0.00602586,0.716361
686,11,asset_root,-0.101593,-3.12585,0.417704,-4.10159,-7.12585,4.4177,-0.102183,-3.12021,0.411655,-0.101593,-3.12585,0.417704,0.0056696,11,0.0056696,0.722237
687,11,asset_root,-0.102183,-3.12021,0.411655,-4.10218,-7.12021,4.41165,-0.103213,-3.11542,0.4061,-0.102183,-3.12021,0.411655,0.00489283,11,0.00489283,0.727402
688,11,asset_root,-0.103213,-3.11542,0.4061,-4.10321,-7.11542,4.4061,-0.104629,-3.11111,0.401754,-0.103213,-3.11542,0.4061,0.00454407,11,0.00454407,0.730876
689,11,asset_root,-0.104629,-3.11111,0.401754,-4.10463,-7.11111,4.40175,-0.105942,-3.10701,0.398767,-0.104629,-3.11111,0.401754,0.00430646,11,0.00430646,0.73354
690,11,asset_root,-0.105942,-3.10701,0.398767,-4.10594,-7.10701,4.39877,-0.106849,-3.10299,0.396287,-0.105942,-3.10701,0.398767,0.00411245,11,0.00411245,0.736154
691,11,asset_root,-0.106849,-3.10299,0.396287,-4.10685,-7.10299,4.39629,-0.107376,-3.09923,0.394254,-0.106849,-3.10299,0.396287,0.00380393,11,0.00380393,0.739092
692,11,asset_root,-0.107376,-3.09923,0.394254,-4.10738,-7.09923,4.39425,-0.107807,-3.09584,0.392336,-0.107376,-3.09923,0.394254,0.00341494,11,0.00341494,0.741872
693,11,asset_root,-0.107807,-3.09584,0.392336,-4.10781,-7.09584,4.39234,-0.108533,-3.09268,0.390783,-0.107807,-3.09584,0.392336,0.0032448,11,0.0032448,0.744835
694,11,asset_root,-0.108533,-3.09268,0.390783,-4.10853,-7.09268,4.39078,-0.109625,-3.08943,0.390282,-0.108533,-3.09268,0.390783,0.00342992,11,0.00342992,0.74802
695,11,asset_root,-0.109625,-3.08943,0.390282,-4.10962,-7.08943,4.39028,-0.110932,-3.08631,0.390632,-0.109625,-3.08943,0.390282,0.00337827,11,0.00337827,0.751755
696,11,asset_root,-0.110932,-3.08631,0.390632,-4.11093,-7.08631,4.39063,-0.112089,-3.08339,0.391404,-0.110932,-3.08631,0.390632,0.00314467,11,0.00314467,0.755545
697,11,asset_root,-0.112089,-3.08339,0.391404,-4.11209,-7.08339,4.3914,-0.113457,-3.08095,0.392561,-0.112089,-3.08339,0.391404,0.00279533,11,0.00279533,0.758998
698,11,asset_root,-0.113457,-3.08095,0.392561,-4.11346,-7.08095,4.39256,-0.114402,-3.07844,0.393018,-0.113457,-3.08095,0.392561,0.00267606,11,0.00267606,0.761755
699,11,asset_root,-0.114402,-3.07844,0.393018,-4.1144,-7.07844,4.39302,-0.114959,-3.07578,0.393351,-0.114402,-3.07844,0.393018,0.00272652,11,0.00272652,0.764544
700,11,asset_root,-0.114959,-3.07578,0.393351,-4.11496,-7.07578,4.39335,-0.115109,-3.07305,0.393728,-0.114959,-3.07578,0.393351,0.00273235,11,0.00273235,0.767702
701,11,asset_root,-0.115109,-3.07305,0.393728,-4.11511,-7.07305,4.39373,-0.115041,-3.07042,0.393894,-0.115109,-3.07305,0.393728,0.00262657,11,0.00262657,0.77124
702,11,asset_root,-0.115041,-3.07042,0.393894,-4.11504,-7.07042,4.39389,-0.115221,-3.06774,0.394544,-0.115041,-3.07042,0.393894,0.00268892,11,0.00268892,0.77467
703,11,asset_root,-0.115221,-3.06774,0.394544,-4.11522,-7.06774,4.39454,-0.115668,-3.06458,0.396273,-0.115221,-3.06774,0.394544,0.00318845,11,0.00318845,0.778036
704,11,asset_root,-0.115668,-3.06458,0.396273,-4.11567,-7.06458,4.39627,-0.116133,-3.06145,0.397881,-0.115668,-3.06458,0.396273,0.0031706,11,0.0031706,0.781926
705,11,asset_root,-0.116133,-3.06145,0.397881,-4.11613,-7.06145,4.39788,-0.11656,-3.0586,0.398621,-0.116133,-3.06145,0.397881,0.00287982,11,0.00287982,0.785909
706,11,asset_root,-0.11656,-3.0586,0.398621,-4.11656,-7.0586,4.39862,-0.117056,-3.05592,0.399658,-0.11656,-3.0586,0.398621,0.00272147,11,0.00272147,0.789618
707,11,asset_root,-0.117056,-3.05592,0.399658,-4.11706,-7.05592,4.39966,-0.117545,-3.05353,0.40038,-0.117056,-3.05592,0.399658,0.00243952,11,0.00243952,0.79304
708,11,asset_root,-0.117545,-3.05353,0.40038,-4.11755,-7.05353,4.40038,-0.11785,-3.0514,0.400486,-0.117545,-3.05353,0.40038,0.00215381,11,0.00215381,0.796271
709,11,asset_root,-0.11785,-3.0514,0.400486,-4.11785,-7.0514,4.40049,-0.118194,-3.04944,0.400987,-0.11785,-3.0514,0.400486,0.00198838,11,0.00198838,0.799274
710,11,asset_root,-0.118194,-3.04944,0.400987,-4.11819,-7.04944,4.40099,-0.118841,-3.04774,0.402053,-0.118194,-3.04944,0.400987,0.00182121,11,0.00182121,0.802482
711,11,asset_root,-0.118841,-3.04774,0.402053,-4.11884,-7.04774,4.40205,-0.119661,-3.04601,0.403036,-0.118841,-3.04774,0.402053,0.0019178,11,0.0019178,0.805436
712,11,asset_root,-0.119661,-3.04601,0.403036,-4.11966,-7.04601,4.40304,-0.120588,-3.04418,0.403376,-0.119661,-3.04601,0.403036,0.00204565,11,0.00204565,0.80856
713,11,asset_root,-0.120588,-3.04418,0.403376,-4.12059,-7.04418,4.40338,-0.121494,-3.04212,0.403264,-0.120588,-3.04418,0.403376,0.00224768,11,0.00224768,0.81183
714,11,asset_root,-0.121494,-3.04212,0.403264,-4.12149,-7.04212,4.40326,-0.122317,-3.04004,0.403178,-0.121494,-3.04212,0.403264,0.00224398,11,0.00224398,0.815138
715,11,asset_root,-0.122317,-3.04004,0.403178,-4.12232,-7.04004,4.40318,-0.12304,-3.03767,0.403242,-0.122317,-3.04004,0.403178,0.00247354,11,0.00247354,0.818958
716,11,asset_root,-0.12304,-3.03767,0.403242,-4.12304,-7.03767,4.40324,-0.123508,-3.03499,0.403365,-0.12304,-3.03767,0.403242,0.00272616,11,0.00272616,0.823528
717,11,asset_root,-0.123508,-3.03499,0.403365,-4.12351,-7.03499,4.40336,-0.124128,-3.03221,0.403448,-0.123508,-3.03499,0.403365,0.00284246,11,0.00284246,0.828789
718,11,asset_root,-0.124128,-3.03221,0.403448,-4.12413,-7.03221,4.40345,-0.125414,-3.0296,0.403545,-0.124128,-3.03221,0.403448,0.00291331,11,0.00291331,0.834507
719,11,asset_root,-0.125414,-3.0296,0.403545,-4.12541,-7.0296,4.40355,-0.126964,-3.02715,0.404005,-0.125414,-3.0296,0.403545,0.00289598,11,0.00289598,0.839886
720,11,asset_root,-0.126964,-3.02715,0.404005,-4.12696,-7.02715,4.40401,-0.128429,-3.02459,0.403713,-0.126964,-3.02715,0.404005,0.00295443,11,0.00295443,0.845294
721,11,asset_root,-0.128429,-3.02459,0.403713,-4.12843,-7.02459,4.40371,-0.130146,-3.02178,0.403226,-0.128429,-3.02459,0.403713,0.00329035,11,0.00329035,0.850864
722,11,asset_root,-0.130146,-3.02178,0.403226,-4.13015,-7.02178,4.40323,-0.131753,-3.01885,0.402408,-0.130146,-3.02178,0.403226,0.00334107,11,0.00334107,0.856523
723,11,asset_root,-0.131753,-3.01885,0.402408,-4.13175,-7.01885,4.40241,-0.133265,-3.01577,0.401161,-0.131753,-3.01885,0.402408,0.00342994,11,0.00342994,0.862394
724,11,asset_root,-0.133265,-3.01577,0.401161,-4.13326,-7.01577,4.40116,-0.134876,-3.01228,0.400006,-0.133265,-3.01577,0.401161,0.00384868,11,0.00384868,0.869173
725,11,asset_root,-0.134876,-3.01228,0.400006,-4.13488,-7.01228,4.40001,-0.136648,-3.00831,0.399148,-0.134876,-3.01228,0.400006,0.00434177,11,0.00434177,0.877109
726,11,asset_root,-0.136648,-3.00831,0.399148,-4.13665,-7.00831,4.39915,-0.13834,-3.00431,0.398126,-0.136648,-3.00831,0.399148,0.00434737,11,0.00434737,0.885877
727,11,asset_root,-0.13834,-3.00431,0.398126,-4.13834,-7.00431,4.39813,-0.139824,-3.00037,0.396635,-0.13834,-3.00431,0.398126,0.00421164,11,0.00421164,0.894718
728,11,asset_root,-0.139824,-3.00037,0.396635,-4.13982,-7.00037,4.39663,-0.14112,-2.99626,0.394821,-0.139824,-3.00037,0.396635,0.00430207,11,0.00430207,0.903255
729,11,asset_root,-0.14112,-2.99626,0.394821,-4.14112,-6.99626,4.39482,-0.14268,-2.99186,0.393347,-0.14112,-2.99626,0.394821,0.00467677,11,0.00467677,0.912088
730,11,asset_root,-0.14268,-2.99186,0.393347,-4.14268,-6.99186,4.39335,-0.144255,-2.98751,0.39208,-0.14268,-2.99186,0.393347,0.00462009,11,0.00462009,0.921604
731,11,asset_root,-0.144255,-2.98751,0.39208,-4.14426,-6.98751,4.39208,-0.145867,-2.98334,0.391128,-0.144255,-2.98751,0.39208,0.00447522,11,0.00447522,0.931164
732,11,asset_root,-0.145867,-2.98334,0.391128,-4.14587,-6.98334,4.39113,-0.147442,-2.97936,0.390743,-0.145867,-2.98334,0.391128,0.00427352,11,0.00427352,0.941113
733,11,asset_root,-0.147442,-2.97936,0.390743,-4.14744,-6.97936,4.39074,-0.149076,-2.97537,0.390103,-0.147442,-2.97936,0.390743,0.00431392,11,0.00431392,0.951629
734,11,asset_root,-0.149076,-2.97537,0.390103,-4.14908,-6.97537,4.3901,-0.150707,-2.97126,0.388736,-0.149076,-2.97537,0.390103,0.00442213,11,0.00442213,0.962628
735,11,asset_root,-0.150707,-2.97126,0.388736,-4.15071,-6.97126,4.38874,-0.152454,-2.96699,0.387036,-0.150707,-2.97126,0.388736,0.00461583,11,0.00461583,0.974687
736,11,asset_root,-0.152454,-2.96699,0.387036,-4.15245,-6.96699,4.38704,-0.154395,-2.96265,0.385224,-0.152454,-2.96699,0.387036,0.00475657,11,0.00475657,0.986756
737,11,asset_root,-0.154395,-2.96265,0.385224,-4.1544,-6.96265,4.38522,-0.156392,-2.95834,0.383811,-0.154395,-2.96265,0.385224,0.00475066,11,0.00475066,0.998218
738,11,asset_root,-0.156392,-2.95834,0.383811,-4.15639,-6.95834,4.38381,-0.158225,-2.95417,0.382232,-0.156392,-2.95834,0.383811,0.00455488,11,0.00455488,1.00943
739,11,asset_root,-0.158225,-2.95417,0.382232,-4.15823,-6.95417,4.38223,-0.160099,-2.94968,0.379065,-0.158225,-2.95417,0.382232,0.00486537,11,0.00486537,1.02043
740,11,asset_root,-0.160099,-2.94968,0.379065,-4.1601,-6.94968,4.37907,-0.163,-2.94356,0.375978,-0.160099,-2.94968,0.379065,0.00676524,11,0.00676524,1.0336
741,11,asset_root,-0.163,-2.94356,0.375978,-4.163,-6.94356,4.37598,-0.167268,-2.93634,0.374721,-0.163,-2.94356,0.375978,0.00839028,11,0.00839028,1.05027
742,11,asset_root,-0.167268,-2.93634,0.374721,-4.16727,-6.93634,4.37472,-0.172593,-2.9293,0.373841,-0.167268,-2.93634,0.374721,0.00882719,11,0.00882719,1.07394
743,11,asset_root,-0.172593,-2.9293,0.373841,-4.17259,-6.9293,4.37384,-0.178633,-2.92201,0.372512,-0.172593,-2.9293,0.373841,0.0094681,11,0.0094681,1.08728
744,11,asset_root,-0.178633,-2.92201,0.372512,-4.17863,-6.92201,4.37251,-0.184463,-2.91591,0.370071,-0.178633,-2.92201,0.372512,0.00844076,11,0.00844076,1.10012
745,11,asset_root,-0.184463,-2.91591,0.370071,-4.18446,-6.91591,4.37007,-0.189714,-2.91177,0.367243,-0.184463,-2.91591,0.370071,0.00668267,11,0.00668267,1.11277
746,11,asset_root,-0.189714,-2.91177,0.367243,-4.18971,-6.91177,4.36724,-0.19393,-2.90899,0.364617,-0.189714,-2.91177,0.367243,0.00505031,11,0.00505031,1.12218
747,11,asset_root,-0.19393,-2.90899,0.364617,-4.19393,-6.90899,4.36462,-0.197158,-2.90667,0.362572,-0.19393,-2.90899,0.364617,0.00397435,11,0.00397435,1.12781
748,11,asset_root,-0.197158,-2.90667,0.362572,-4.19716,-6.90667,4.36257,-0.199469,-2.90471,0.360266,-0.197158,-2.90667,0.362572,0.00303039,11,0.00303039,1.12988
749,11,asset_root,-0.199469,-2.90471,0.360266,-4.19947,-6.90471,4.36027,-0.201458,-2.90296,0.357459,-0.199469,-2.90471,0.360266,0.00265052,11,0.00265052,1.12881
750,11,asset_root,-0.201458,-2.90296,0.357459,-4.20146,-6.90296,4.35746,-0.203262,-2.90074,0.354923,-0.201458,-2.90296,0.357459,0.0028576,11,0.0028576,1.12627
751,11,asset_root,-0.203262,-2.90074,0.354923,-4.20326,-6.90074,4.35492,-0.204432,-2.898,0.353628,-0.203262,-2.90074,0.354923,0.00298092,11,0.00298092,1.12331
752,11,asset_root,-0.204432,-2.898,0.353628,-4.20443,-6.898,4.35363,-0.2051,-2.8948,0.353287,-0.204432,-2.898,0.353628,0.00327006,11,0.00327006,1.11943
753,11,asset_root,-0.2051,-2.8948,0.353287,-4.2051,-6.8948,4.35329,-0.205428,-2.89128,0.35313,-0.2051,-2.8948,0.353287,0.00353215,11,0.00353215,1.11592
754,11,asset_root,-0.205428,-2.89128,0.35313,-4.20543,-6.89128,4.35313,-0.205828,-2.88775,0.35378,-0.205428,-2.89128,0.35313,0.00355598,11,0.00355598,1.11394
755,11,asset_root,-0.205828,-2.88775,0.35378,-4.20583,-6.88775,4.35378,-0.205935,-2.8841,0.354837,-0.205828,-2.88775,0.35378,0.00365485,11,0.00365485,1.11337
756,11,asset_root,-0.205935,-2.8841,0.354837,-4.20594,-6.8841,4.35484,-0.20565,-2.88003,0.355385,-0.205935,-2.8841,0.354837,0.0040798,11,0.0040798,1.11418
757,11,asset_root,-0.20565,-2.88003,0.355385,-4.20565,-6.88003,4.35539,-0.205012,-2.87608,0.355855,-0.20565,-2.88003,0.355385,0.00399553,11,0.00399553,1.11677
758,11,asset_root,-0.205012,-2.87608,0.355855,-4.20501,-6.87608,4.35585,-0.204535,-2.87223,0.356575,-0.205012,-2.87608,0.355855,0.00388491,11,0.00388491,0.722116
759,11,asset_root,-0.204535,-2.87223,0.356575,-4.20454,-6.87223,4.35658,-0.203977,-2.86866,0.357248,-0.204535,-2.87223,0.356575,0.00360772,11,0.00360772,0.725224
760,11,asset_root,-0.203977,-2.86866,0.357248,-4.20398,-6.86866,4.35725,-0.203703,-2.86493,0.358062,-0.203977,-2.86866,0.357248,0.00374748,11,0.00374748,0.728357
761,11,asset_root,-0.203703,-2.86493,0.358062,-4.2037,-6.86493,4.35806,-0.20349,-2.86089,0.358666,-0.203703,-2.86493,0.358062,0.00404682,11,0.00404682,0.73166
762,11,asset_root,-0.20349,-2.86089,0.358666,-4.20349,-6.86089,4.35867,-0.203186,-2.85716,0.359034,-0.20349,-2.86089,0.358666,0.00373509,11,0.00373509,0.734661
763,11,asset_root,-0.203186,-2.85716,0.359034,-4.20319,-6.85716,4.35903,-0.203068,-2.85367,0.359516,-0.203186,-2.85716,0.359034,0.00349602,11,0.00349602,0.736834
764,11,asset_root,-0.203068,-2.85367,0.359516,-4.20307,-6.85367,4.35952,-0.203043,-2.85041,0.360376,-0.203068,-2.85367,0.359516,0.0032619,11,0.0032619,0.738506
765,11,asset_root,-0.203043,-2.85041,0.360376,-4.20304,-6.85041,4.36038,-0.202798,-2.84701,0.361013,-0.203043,-2.85041,0.360376,0.00340769,11,0.00340769,0.739355
766,11,asset_root,-0.202798,-2.84701,0.361013,-4.2028,-6.84701,4.36101,-0.202457,-2.84333,0.361588,-0.202798,-2.84701,0.361013,0.00369175,11,0.00369175,0.739513
767,11,asset_root,-0.202457,-2.84333,0.361588,-4.20246,-6.84333,4.36159,-0.20189,-2.83949,0.362487,-0.202457,-2.84333,0.361588,0.00388102,11,0.00388102,0.739527
768,11,asset_root,-0.20189,-2.83949,0.362487,-4.20189,-6.83949,4.36249,-0.201348,-2.83566,0.363581,-0.20189,-2.83949,0.362487,0.0038667,11,0.0038667,0.739213
769,11,asset_root,-0.201348,-2.83566,0.363581,-4.20135,-6.83566,4.36358,-0.200687,-2.83146,0.364887,-0.201348,-2.83566,0.363581,0.00425148,11,0.00425148,0.738403
770,11,asset_root,-0.200687,-2.83146,0.364887,-4.20069,-6.83146,4.36489,-0.200169,-2.82702,0.366963,-0.200687,-2.83146,0.364887,0.00447487,11,0.00447487,0.737794
771,11,asset_root,-0.200169,-2.82702,0.366963,-4.20017,-6.82702,4.36696,-0.199904,-2.82258,0.369028,-0.200169,-2.82702,0.366963,0.00445203,11,0.00445203,0.737009
772,11,asset_root,-0.199904,-2.82258,0.369028,-4.1999,-6.82258,4.36903,-0.19946,-2.81851,0.370247,-0.199904,-2.82258,0.369028,0.00409328,11,0.00409328,0.735763
773,11,asset_root,-0.19946,-2.81851,0.370247,-4.19946,-6.81851,4.37025,-0.199047,-2.81483,0.371584,-0.19946,-2.81851,0.370247,0.00370053,11,0.00370053,0.733572
774,11,asset_root,-0.199047,-2.81483,0.371584,-4.19905,-6.81483,4.37158,-0.198815,-2.81152,0.372953,-0.199047,-2.81483,0.371584,0.00332212,11,0.00332212,0.730783
775,11,asset_root,-0.198815,-2.81152,0.372953,-4.19881,-6.81152,4.37295,-0.198742,-2.80839,0.3746,-0.198815,-2.81152,0.372953,0.00313056,11,0.00313056,0.728182
776,11,asset_root,-0.198742,-2.80839,0.3746,-4.19874,-6.80839,4.3746,-0.199109,-2.80504,0.377229,-0.198742,-2.80839,0.3746,0.00336627,11,0.00336627,0.726436
777,11,asset_root,-0.199109,-2.80504,0.377229,-4.19911,-6.80504,4.37723,-0.199687,-2.8012,0.380745,-0.199109,-2.80504,0.377229,0.00388507,11,0.00388507,0.725697
778,11,asset_root,-0.199687,-2.8012,0.380745,-4.19969,-6.8012,4.38074,-0.200126,-2.79772,0.384392,-0.199687,-2.8012,0.380745,0.00350259,11,0.00350259,0.725722
779,11,asset_root,-0.200126,-2.79772,0.384392,-4.20013,-6.79772,4.38439,-0.200757,-2.79478,0.388096,-0.200126,-2.79772,0.384392,0.00301222,11,0.00301222,0.724784
780,11,asset_root,-0.200757,-2.79478,0.388096,-4.20076,-6.79478,4.3881,-0.20147,-2.792,0.391243,-0.200757,-2.79478,0.388096,0.00286257,11,0.00286257,0.722643
781,11,asset_root,-0.20147,-2.792,0.391243,-4.20147,-6.792,4.39124,-0.202322,-2.78868,0.393769,-0.20147,-2.792,0.391243,0.00343038,11,0.00343038,0.719971
782,11,asset_root,-0.202322,-2.78868,0.393769,-4.20232,-6.78868,4.39377,-0.203488,-2.78504,0.39581,-0.202322,-2.78868,0.393769,0.00382334,11,0.00382334,0.717827
783,11,asset_root,-0.203488,-2.78504,0.39581,-4.20349,-6.78504,4.39581,-0.205185,-2.78112,0.398003,-0.203488,-2.78504,0.39581,0.00427071,11,0.00427071,0.715805
784,11,asset_root,-0.205185,-2.78112,0.398003,-4.20518,-6.78112,4.398,-0.207195,-2.77702,0.399846,-0.205185,-2.78112,0.398003,0.00456648,11,0.00456648,0.71399
785,11,asset_root,-0.207195,-2.77702,0.399846,-4.2072,-6.77702,4.39985,-0.209839,-2.77289,0.401159,-0.207195,-2.77702,0.399846,0.00490869,11,0.00490869,0.712235
786,11,asset_root,-0.209839,-2.77289,0.401159,-4.20984,-6.77289,4.40116,-0.21315,-2.76858,0.400675,-0.209839,-2.77289,0.401159,0.00543503,11,0.00543503,0.7104
787,11,asset_root,-0.21315,-2.76858,0.400675,-4.21315,-6.76858,4.40067,-0.216176,-2.76465,0.399593,-0.21315,-2.76858,0.400675,0.0049589,11,0.0049589,0.708484
788,11,asset_root,-0.216176,-2.76465,0.399593,-4.21618,-6.76465,4.39959,-0.218545,-2.76135,0.39823,-0.216176,-2.76465,0.399593,0.00406319,11,0.00406319,0.706311
789,11,asset_root,-0.218545,-2.76135,0.39823,-4.21854,-6.76135,4.39823,-0.220767,-2.75797,0.396887,-0.218545,-2.76135,0.39823,0.00404374,11,0.00404374,0.703788
790,11,asset_root,-0.220767,-2.75797,0.396887,-4.22077,-6.75797,4.39689,-0.222868,-2.75432,0.396756,-0.220767,-2.75797,0.396887,0.00421036,11,0.00421036,0.701537
791,11,asset_root,-0.222868,-2.75432,0.396756,-4.22287,-6.75432,4.39676,-0.225045,-2.75015,0.397069,-0.222868,-2.75432,0.396756,0.00470412,11,0.00470412,0.700123
792,11,asset_root,-0.225045,-2.75015,0.397069,-4.22505,-6.75015,4.39707,-0.227454,-2.74539,0.397926,-0.225045,-2.75015,0.397069,0.00533317,11,0.00533317,0.699721
793,11,asset_root,-0.227454,-2.74539,0.397926,-4.22745,-6.74539,4.39793,-0.229556,-2.74073,0.399173,-0.227454,-2.74539,0.397926,0.00511567,11,0.00511567,0.69989
794,11,asset_root,-0.229556,-2.74073,0.399173,-4.22956,-6.74073,4.39917,-0.231161,-2.73639,0.399644,-0.229556,-2.74073,0.399173,0.00462397,11,0.00462397,0.699684
795,11,asset_root,-0.231161,-2.73639,0.399644,-4.23116,-6.73639,4.39964,-0.232544,-2.73227,0.400046,-0.231161,-2.73639,0.399644,0.00434699,11,0.00434699,0.698994
796,11,asset_root,-0.232544,-2.73227,0.400046,-4.23254,-6.73227,4.40005,-0.233853,-2.72804,0.400648,-0.232544,-2.73227,0.400046,0.00442515,11,0.00442515,0.697997
797,11,asset_root,-0.233853,-2.72804,0.400648,-4.23385,-6.72804,4.40065,-0.234798,-2.72372,0.400733,-0.233853,-2.72804,0.400648,0.00442041,11,0.00442041,0.69713
798,11,asset_root,-0.234798,-2.72372,0.400733,-4.2348,-6.72372,4.40073,-0.235725,-2.71941,0.400983,-0.234798,-2.72372,0.400733,0.00441563,11,0.00441563,0.6962
799,11,asset_root,-0.235725,-2.71941,0.400983,-4.23572,-6.71941,4.40098,-0.236807,-2.71499,0.4018,-0.235725,-2.71941,0.400983,0.00454385,11,0.00454385,0.695221
800,11,asset_root,-0.236807,-2.71499,0.4018,-4.23681,-6.71499,4.4018,-0.237768,-2.71036,0.402609,-0.236807,-2.71499,0.4018,0.00472913,11,0.00472913,0.694317
801,11,asset_root,-0.237768,-2.71036,0.402609,-4.23777,-6.71036,4.40261,-0.238507,-2.70554,0.403014,-0.237768,-2.71036,0.402609,0.00487566,11,0.00487566,0.69439
802,11,asset_root,-0.238507,-2.70554,0.403014,-4.23851,-6.70554,4.40301,-0.23922,-2.70062,0.403302,-0.238507,-2.70554,0.403014,0.00497384,11,0.00497384,0.695273
803,11,asset_root,-0.23922,-2.70062,0.403302,-4.23922,-6.70062,4.4033,-0.239944,-2.69551,0.40349,-0.23922,-2.70062,0.403302,0.00516287,11,0.00516287,0.696261
804,11,asset_root,-0.239944,-2.69551,0.40349,-4.23994,-6.69551,4.40349,-0.240502,-2.69047,0.403569,-0.239944,-2.69551,0.40349,0.00506888,11,0.00506888,0.697476
805,11,asset_root,-0.240502,-2.69047,0.403569,-4.2405,-6.69047,4.40357,-0.240998,-2.6853,0.403992,-0.240502,-2.69047,0.403569,0.00519926,11,0.00519926,0.698418
806,11,asset_root,-0.240998,-2.6853,0.403992,-4.241,-6.6853,4.40399,-0.241644,-2.67997,0.404682,-0.240998,-2.6853,0.403992,0.00536203,11,0.00536203,0.699134
807,11,asset_root,-0.241644,-2.67997,0.404682,-4.24164,-6.67997,4.40468,-0.242414,-2.67475,0.405173,-0.241644,-2.67997,0.404682,0.00527973,11,0.00527973,0.699605
808,11,asset_root,-0.242414,-2.67475,0.405173,-4.24241,-6.67475,4.40517,-0.243091,-2.66952,0.405908,-0.242414,-2.67475,0.405173,0.0052712,11,0.0052712,0.699651
809,11,asset_root,-0.243091,-2.66952,0.405908,-4.24309,-6.66952,4.40591,-0.243725,-2.66393,0.406804,-0.243091,-2.66952,0.405908,0.00562964,11,0.00562964,0.699557
810,11,asset_root,-0.243725,-2.66393,0.406804,-4.24373,-6.66393,4.4068,-0.244657,-2.65841,0.407679,-0.243725,-2.66393,0.406804,0.00559777,11,0.00559777,0.69989
811,11,asset_root,-0.244657,-2.65841,0.407679,-4.24466,-6.65841,4.40768,-0.245703,-2.65312,0.408444,-0.244657,-2.65841,0.407679,0.0053896,11,0.0053896,0.70024
812,11,asset_root,-0.245703,-2.65312,0.408444,-4.2457,-6.65312,4.40844,-0.246669,-2.64763,0.409507,-0.245703,-2.65312,0.408444,0.00557257,11,0.00557257,0.700454
813,11,asset_root,-0.246669,-2.64763,0.409507,-4.24667,-6.64763,4.40951,-0.247792,-2.64163,0.410912,-0.246669,-2.64763,0.409507,0.00610394,11,0.00610394,0.701086
814,11,asset_root,-0.247792,-2.64163,0.410912,-4.24779,-6.64163,4.41091,-0.248948,-2.63593,0.412169,-0.247792,-2.64163,0.410912,0.00581899,11,0.00581899,0.70264
815,11,asset_root,-0.248948,-2.63593,0.412169,-4.24895,-6.63593,4.41217,-0.250374,-2.63065,0.413311,-0.248948,-2.63593,0.412169,0.00547158,11,0.00547158,0.704062
816,11,asset_root,-0.250374,-2.63065,0.413311,-4.25037,-6.63065,4.41331,-0.251953,-2.62562,0.414431,-0.250374,-2.63065,0.413311,0.00526871,11,0.00526871,0.705166
817,11,asset_root,-0.251953,-2.62562,0.414431,-4.25195,-6.62562,4.41443,-0.253637,-2.6207,0.415401,-0.251953,-2.62562,0.414431,0.00520045,11,0.00520045,0.706111
818,11,asset_root,-0.253637,-2.6207,0.415401,-4.25364,-6.6207,4.4154,-0.255244,-2.61592,0.416204,-0.253637,-2.6207,0.415401,0.00504563,11,0.00504563,0.706832
819,11,asset_root,-0.255244,-2.61592,0.416204,-4.25524,-6.61592,4.4162,-0.256905,-2.61127,0.416787,-0.255244,-2.61592,0.416204,0.00493927,11,0.00493927,0.707334
820,11,asset_root,-0.256905,-2.61127,0.416787,-4.25691,-6.61127,4.41679,-0.258867,-2.60654,0.417122,-0.256905,-2.61127,0.416787,0.00511984,11,0.00511984,0.707609
821,11,asset_root,-0.258867,-2.60654,0.417122,-4.25887,-6.60654,4.41712,-0.261403,-2.60172,0.417354,-0.258867,-2.60654,0.417122,0.00544687,11,0.00544687,0.707678
822,11,asset_root,-0.261403,-2.60172,0.417354,-4.2614,-6.60172,4.41735,-0.264167,-2.59668,0.417218,-0.261403,-2.60172,0.417354,0.00574513,11,0.00574513,0.70817
823,11,asset_root,-0.264167,-2.59668,0.417218,-4.26417,-6.59668,4.41722,-0.266962,-2.59151,0.416309,-0.264167,-2.59668,0.417218,0.00587559,11,0.00587559,0.709182
824,11,asset_root,-0.266962,-2.59151,0.416309,-4.26696,-6.59151,4.41631,-0.269908,-2.58617,0.416237,-0.266962,-2.59151,0.416309,0.00610066,11,0.00610066,0.710164
825,11,asset_root,-0.269908,-2.58617,0.416237,-4.26991,-6.58617,4.41624,-0.27291,-2.58047,0.416578,-0.269908,-2.58617,0.416237,0.00644597,11,0.00644597,0.711242
826,11,asset_root,-0.27291,-2.58047,0.416578,-4.27291,-6.58047,4.41658,-0.275405,-2.57479,0.417089,-0.27291,-2.58047,0.416578,0.00619849,11,0.00619849,0.712925
827,11,asset_root,-0.275405,-2.57479,0.417089,-4.2754,-6.57479,4.41709,-0.277075,-2.56954,0.418718,-0.275405,-2.57479,0.417089,0.00551152,11,0.00551152,0.714808
828,11,asset_root,-0.277075,-2.56954,0.418718,-4.27708,-6.56954,4.41872,-0.278248,-2.56464,0.420005,-0.277075,-2.56954,0.418718,0.00503688,11,0.00503688,0.716472
829,11,asset_root,-0.278248,-2.56464,0.420005,-4.27825,-6.56464,4.42,-0.279372,-2.55977,0.419798,-0.278248,-2.56464,0.420005,0.00500038,11,0.00500038,0.717669
830,11,asset_root,-0.279372,-2.55977,0.419798,-4.27937,-6.55977,4.4198,-0.280883,-2.55472,0.41888,-0.279372,-2.55977,0.419798,0.00526551,11,0.00526551,0.718493
831,11,asset_root,-0.280883,-2.55472,0.41888,-4.28088,-6.55472,4.41888,-0.282732,-2.54963,0.418188,-0.280883,-2.55472,0.41888,0.00541821,11,0.00541821,0.719307
832,11,asset_root,-0.282732,-2.54963,0.418188,-4.28273,-6.54963,4.41819,-0.284517,-2.54454,0.417057,-0.282732,-2.54963,0.418188,0.00539431,11,0.00539431,0.720611
833,11,asset_root,-0.284517,-2.54454,0.417057,-4.28452,-6.54454,4.41706,-0.286234,-2.5394,0.415805,-0.284517,-2.54454,0.417057,0.00542309,11,0.00542309,0.722214
834,11,asset_root,-0.286234,-2.5394,0.415805,-4.28623,-6.5394,4.4158,-0.287922,-2.53425,0.414803,-0.286234,-2.5394,0.415805,0.00541673,11,0.00541673,0.723837
835,11,asset_root,-0.287922,-2.53425,0.414803,-4.28792,-6.53425,4.4148,-0.289532,-2.5291,0.413996,-0.287922,-2.53425,0.414803,0.00539165,11,0.00539165,0.72538
836,11,asset_root,-0.289532,-2.5291,0.413996,-4.28953,-6.5291,4.414,-0.290888,-2.52402,0.41256,-0.289532,-2.5291,0.413996,0.00526523,11,0.00526523,0.726896
837,11,asset_root,-0.290888,-2.52402,0.41256,-4.29089,-6.52402,4.41256,-0.292282,-2.51884,0.41129,-0.290888,-2.52402,0.41256,0.00536087,11,0.00536087,0.72838
838,11,asset_root,-0.292282,-2.51884,0.41129,-4.29228,-6.51884,4.41129,-0.29351,-2.51359,0.410303,-0.292282,-2.51884,0.41129,0.005388,11,0.005388,0.730292
839,11,asset_root,-0.29351,-2.51359,0.410303,-4.29351,-6.51359,4.4103,-0.2946,-2.50855,0.409454,-0.29351,-2.51359,0.410303,0.00515935,11,0.00515935,0.732654
840,11,asset_root,-0.2946,-2.50855,0.409454,-4.2946,-6.50855,4.40945,-0.295725,-2.50384,0.408881,-0.2946,-2.50855,0.409454,0.00484408,11,0.00484408,0.73545
841,11,asset_root,-0.295725,-2.50384,0.408881,-4.29573,-6.50384,4.40888,-0.296615,-2.49936,0.408524,-0.295725,-2.50384,0.408881,0.00456791,11,0.00456791,0.738144
842,11,asset_root,-0.296615,-2.49936,0.408524,-4.29662,-6.49936,4.40852,-0.297334,-2.49501,0.407817,-0.296615,-2.49936,0.408524,0.00440253,11,0.00440253,0.740125
843,11,asset_root,-0.297334,-2.49501,0.407817,-4.29733,-6.49501,4.40782,-0.297948,-2.49056,0.407205,-0.297334,-2.49501,0.407817,0.00449448,11,0.00449448,0.742057
844,11,asset_root,-0.297948,-2.49056,0.407205,-4.29795,-6.49056,4.40721,-0.298241,-2.48605,0.40693,-0.297948,-2.49056,0.407205,0.00452677,11,0.00452677,0.74393
845,11,asset_root,-0.298241,-2.48605,0.40693,-4.29824,-6.48605,4.40693,-0.298291,-2.48124,0.407323,-0.298241,-2.48605,0.40693,0.0048044,11,0.0048044,0.74525
846,11,asset_root,-0.298291,-2.48124,0.407323,-4.29829,-6.48124,4.40732,-0.298464,-2.47667,0.407478,-0.298291,-2.48124,0.407323,0.00457449,11,0.00457449,0.746517
847,11,asset_root,-0.298464,-2.47667,0.407478,-4.29846,-6.47667,4.40748,-0.298668,-2.47201,0.408307,-0.298464,-2.47667,0.407478,0.00466005,11,0.00466005,0.747782
848,11,asset_root,-0.298668,-2.47201,0.408307,-4.29867,-6.47201,4.40831,-0.298628,-2.46701,0.409626,-0.298668,-2.47201,0.408307,0.00500719,11,0.00500719,0.74921
849,11,asset_root,-0.298628,-2.46701,0.409626,-4.29863,-6.46701,4.40963,-0.29858,-2.46191,0.410785,-0.298628,-2.46701,0.409626,0.00509737,11,0.00509737,0.750874
850,11,asset_root,-0.29858,-2.46191,0.410785,-4.29858,-6.46191,4.41079,-0.298588,-2.45668,0.41232,-0.29858,-2.46191,0.410785,0.00523139,11,0.00523139,0.752452
851,11,asset_root,-0.298588,-2.45668,0.41232,-4.29859,-6.45668,4.41232,-0.298503,-2.45149,0.413941,-0.298588,-2.45668,0.41232,0.00518988,11,0.00518988,0.753657
852,11,asset_root,-0.298503,-2.45149,0.413941,-4.2985,-6.45149,4.41394,-0.298344,-2.44616,0.415675,-0.298503,-2.45149,0.413941,0.0053296,11,0.0053296,0.754542
853,11,asset_root,-0.298344,-2.44616,0.415675,-4.29834,-6.44616,4.41567,-0.297991,-2.4406,0.417433,-0.298344,-2.44616,0.415675,0.00557137,11,0.00557137,0.755233
854,11,asset_root,-0.297991,-2.4406,0.417433,-4.29799,-6.4406,4.41743,-0.297614,-2.43508,0.418785,-0.297991,-2.4406,0.417433,0.00553562,11,0.00553562,0.756022
855,11,asset_root,-0.297614,-2.43508,0.418785,-4.29761,-6.43508,4.41878,-0.297141,-2.42943,0.420397,-0.297614,-2.43508,0.418785,0.00566718,11,0.00566718,0.756748
856,11,asset_root,-0.297141,-2.42943,0.420397,-4.29714,-6.42943,4.4204,-0.296879,-2.42389,0.42265,-0.297141,-2.42943,0.420397,0.00554848,11,0.00554848,0.75746
857,11,asset_root,-0.296879,-2.42389,0.42265,-4.29688,-6.42389,4.42265,-0.296713,-2.41894,0.425208,-0.296879,-2.42389,0.42265,0.00495354,11,0.00495354,0.75804
858,11,asset_root,-0.296713,-2.41894,0.425208,-4.29671,-6.41894,4.42521,-0.296264,-2.4146,0.427014,-0.296713,-2.41894,0.425208,0.00436615,11,0.00436615,0.758108
859,11,asset_root,-0.296264,-2.4146,0.427014,-4.29626,-6.4146,4.42701,-0.295682,-2.41055,0.428271,-0.296264,-2.4146,0.427014,0.00408764,11,0.00408764,0.75774
860,11,asset_root,-0.295682,-2.41055,0.428271,-4.29568,-6.41055,4.42827,-0.295331,-2.40646,0.429031,-0.295682,-2.41055,0.428271,0.0041034,11,0.0041034,0.757199
861,11,asset_root,-0.295331,-2.40646,0.429031,-4.29533,-6.40646,4.42903,-0.295346,-2.40255,0.429442,-0.295331,-2.40646,0.429031,0.00391176,11,0.00391176,0.756727
862,11,asset_root,-0.295346,-2.40255,0.429442,-4.29535,-6.40255,4.42944,-0.29606,-2.39844,0.429607,-0.295346,-2.40255,0.429442,0.00417098,11,0.00417098,0.75604
863,11,asset_root,-0.29606,-2.39844,0.429607,-4.29606,-6.39844,4.42961,-0.297418,-2.39403,0.429302,-0.29606,-2.39844,0.429607,0.00461802,11,0.00461802,0.755449
864,11,asset_root,-0.297418,-2.39403,0.429302,-4.29742,-6.39403,4.4293,-0.299217,-2.38949,0.42873,-0.297418,-2.39403,0.429302,0.00487914,11,0.00487914,0.755151
865,11,asset_root,-0.299217,-2.38949,0.42873,-4.29922,-6.38949,4.42873,-0.301399,-2.38465,0.428914,-0.299217,-2.38949,0.42873,0.00530702,11,0.00530702,0.754934
866,11,asset_root,-0.301399,-2.38465,0.428914,-4.3014,-6.38465,4.42891,-0.303696,-2.37938,0.428314,-0.301399,-2.38465,0.428914,0.00575649,11,0.00575649,0.75507
867,11,asset_root,-0.303696,-2.37938,0.428314,-4.3037,-6.37938,4.42831,-0.305392,-2.3742,0.425591,-0.303696,-2.37938,0.428314,0.00545026,11,0.00545026,0.755417
868,11,asset_root,-0.305392,-2.3742,0.425591,-4.30539,-6.3742,4.42559,-0.306707,-2.36942,0.42297,-0.305392,-2.3742,0.425591,0.00495496,11,0.00495496,0.755515
869,11,asset_root,-0.306707,-2.36942,0.42297,-4.30671,-6.36942,4.42297,-0.307705,-2.36499,0.420575,-0.306707,-2.36942,0.42297,0.00453678,11,0.00453678,0.755353
870,11,asset_root,-0.307705,-2.36499,0.420575,-4.30771,-6.36499,4.42057,-0.308792,-2.36047,0.419738,-0.307705,-2.36499,0.420575,0.00465019,11,0.00465019,0.755153
871,11,asset_root,-0.308792,-2.36047,0.419738,-4.30879,-6.36047,4.41974,-0.309958,-2.35579,0.420873,-0.308792,-2.36047,0.419738,0.00482257,11,0.00482257,0.755714
872,11,asset_root,-0.309958,-2.35579,0.420873,-4.30996,-6.35579,4.42087,-0.310728,-2.35132,0.422165,-0.309958,-2.35579,0.420873,0.00453837,11,0.00453837,0.756807
873,11,asset_root,-0.310728,-2.35132,0.422165,-4.31073,-6.35132,4.42216,-0.311168,-2.34707,0.422736,-0.310728,-2.35132,0.422165,0.00427493,11,0.00427493,0.758126
874,11,asset_root,-0.311168,-2.34707,0.422736,-4.31117,-6.34707,4.42274,-0.311491,-2.34308,0.423046,-0.311168,-2.34707,0.422736,0.00399891,11,0.00399891,0.759624
875,11,asset_root,-0.311491,-2.34308,0.423046,-4.31149,-6.34308,4.42305,-0.311917,-2.3394,0.42199,-0.311491,-2.34308,0.423046,0.00370274,11,0.00370274,0.760952
876,11,asset_root,-0.311917,-2.3394,0.42199,-4.31192,-6.3394,4.42199,-0.31237,-2.3356,0.420771,-0.311917,-2.3394,0.42199,0.00382915,11,0.00382915,0.762331
877,11,asset_root,-0.31237,-2.3356,0.420771,-4.31237,-6.3356,4.42077,-0.31286,-2.33162,0.420254,-0.31237,-2.3356,0.420771,0.00401543,11,0.00401543,0.764314
878,11,asset_root,-0.31286,-2.33162,0.420254,-4.31286,-6.33162,4.42025,-0.313385,-2.32744,0.419879,-0.31286,-2.33162,0.420254,0.0042095,11,0.0042095,0.767007
879,11,asset_root,-0.313385,-2.32744,0.419879,-4.31339,-6.32744,4.41988,-0.314024,-2.32297,0.41927,-0.313385,-2.32744,0.419879,0.00451336,11,0.00451336,0.770408
880,11,asset_root,-0.314024,-2.32297,0.41927,-4.31402,-6.32297,4.41927,-0.314388,-2.31811,0.418965,-0.314024,-2.32297,0.41927,0.00487926,11,0.00487926,0.774314
881,11,asset_root,-0.314388,-2.31811,0.418965,-4.31439,-6.31811,4.41897,-0.314109,-2.31315,0.418582,-0.314388,-2.31811,0.418965,0.00496674,11,0.00496674,0.778688
882,11,asset_root,-0.314109,-2.31315,0.418582,-4.31411,-6.31315,4.41858,-0.313687,-2.3082,0.418249,-0.314109,-2.31315,0.418582,0.00496656,11,0.00496656,0.78301
883,11,asset_root,-0.313687,-2.3082,0.418249,-4.31369,-6.3082,4.41825,-0.313232,-2.30318,0.41849,-0.313687,-2.3082,0.418249,0.00504263,11,0.00504263,0.786899
884,11,asset_root,-0.313232,-2.30318,0.41849,-4.31323,-6.30318,4.41849,-0.312728,-2.29817,0.418513,-0.313232,-2.30318,0.41849,0.00503373,11,0.00503373,0.790596
885,11,asset_root,-0.312728,-2.29817,0.418513,-4.31273,-6.29817,4.41851,-0.312288,-2.29331,0.418266,-0.312728,-2.29817,0.418513,0.00487455,11,0.00487455,0.794689
886,11,asset_root,-0.312288,-2.29331,0.418266,-4.31229,-6.29331,4.41827,-0.31193,-2.28862,0.41747,-0.312288,-2.29331,0.418266,0.00470286,11,0.00470286,0.799133
887,11,asset_root,-0.31193,-2.28862,0.41747,-4.31193,-6.28862,4.41747,-0.311537,-2.28386,0.416163,-0.31193,-2.28862,0.41747,0.0047772,11,0.0047772,0.803661
888,11,asset_root,-0.311537,-2.28386,0.416163,-4.31154,-6.28386,4.41616,-0.311036,-2.27881,0.415024,-0.311537,-2.28386,0.416163,0.005075,11,0.005075,0.808082
889,11,asset_root,-0.311036,-2.27881,0.415024,-4.31104,-6.27881,4.41502,-0.310137,-2.27363,0.414636,-0.311036,-2.27881,0.415024,0.00525678,11,0.00525678,0.812448
890,11,asset_root,-0.310137,-2.27363,0.414636,-4.31014,-6.27363,4.41464,-0.308647,-2.26867,0.413582,-0.310137,-2.27363,0.414636,0.00518247,11,0.00518247,0.816801
891,11,asset_root,-0.308647,-2.26867,0.413582,-4.30865,-6.26867,4.41358,-0.306837,-2.26425,0.410878,-0.308647,-2.26867,0.413582,0.00477502,11,0.00477502,0.821075
892,11,asset_root,-0.306837,-2.26425,0.410878,-4.30684,-6.26425,4.41088,-0.305088,-2.26029,0.408309,-0.306837,-2.26425,0.410878,0.00433248,11,0.00433248,0.82497
893,11,asset_root,-0.305088,-2.26029,0.408309,-4.30509,-6.26029,4.40831,-0.30378,-2.25634,0.406118,-0.305088,-2.26029,0.408309,0.0041573,11,0.0041573,0.828334
894,11,asset_root,-0.30378,-2.25634,0.406118,-4.30378,-6.25634,4.40612,-0.302897,-2.25246,0.404591,-0.30378,-2.25634,0.406118,0.00397828,11,0.00397828,0.831422
895,11,asset_root,-0.302897,-2.25246,0.404591,-4.3029,-6.25246,4.40459,-0.302187,-2.24886,0.405288,-0.302897,-2.25246,0.404591,0.00366973,11,0.00366973,0.83402
896,11,asset_root,-0.302187,-2.24886,0.405288,-4.30219,-6.24886,4.40529,-0.301569,-2.2453,0.408471,-0.302187,-2.24886,0.405288,0.00361628,11,0.00361628,0.836108
897,11,asset_root,-0.301569,-2.2453,0.408471,-4.30157,-6.2453,4.40847,-0.301207,-2.24178,0.411259,-0.301569,-2.2453,0.408471,0.00353503,11,0.00353503,0.838129
898,11,asset_root,-0.301207,-2.24178,0.411259,-4.30121,-6.24178,4.41126,-0.300848,-2.23841,0.41338,-0.301207,-2.24178,0.411259,0.00339221,11,0.00339221,0.84014
899,11,asset_root,-0.300848,-2.23841,0.41338,-4.30085,-6.23841,4.41338,-0.300306,-2.2351,0.415952,-0.300848,-2.23841,0.41338,0.00335404,11,0.00335404,0.842352
900,11,asset_root,-0.300306,-2.2351,0.415952,-4.30031,-6.2351,4.41595,-0.299634,-2.23153,0.418284,-0.300306,-2.2351,0.415952,0.00363424,11,0.00363424,0.845141
901,11,asset_root,-0.299634,-2.23153,0.418284,-4.29963,-6.23153,4.41828,-0.298924,-2.22788,0.420158,-0.299634,-2.23153,0.418284,0.00371692,11,0.00371692,0.848399
902,11,asset_root,-0.298924,-2.22788,0.420158,-4.29892,-6.22788,4.42016,-0.298129,-2.22432,0.421082,-0.298924,-2.22788,0.420158,0.00364746,11,0.00364746,0.851967
903,11,asset_root,-0.298129,-2.22432,0.421082,-4.29813,-6.22432,4.42108,-0.297429,-2.22082,0.421793,-0.298129,-2.22432,0.421082,0.00356514,11,0.00356514,0.855543
904,11,asset_root,-0.297429,-2.22082,0.421793,-4.29743,-6.22082,4.42179,-0.29673,-2.2173,0.422842,-0.297429,-2.22082,0.421793,0.00359489,11,0.00359489,0.858839
905,11,asset_root,-0.29673,-2.2173,0.422842,-4.29673,-6.2173,4.42284,-0.29636,-2.21376,0.423681,-0.29673,-2.2173,0.422842,0.00355141,11,0.00355141,0.861955
906,11,asset_root,-0.29636,-2.21376,0.423681,-4.29636,-6.21376,4.42368,-0.296358,-2.21039,0.424108,-0.29636,-2.21376,0.423681,0.003371,11,0.003371,0.865218
907,11,asset_root,-0.296358,-2.21039,0.424108,-4.29636,-6.21039,4.42411,-0.296095,-2.207,0.424284,-0.296358,-2.21039,0.424108,0.00340287,11,0.00340287,0.86831
908,11,asset_root,-0.296095,-2.207,0.424284,-4.29609,-6.207,4.42428,-0.295777,-2.20352,0.423939,-0.296095,-2.207,0.424284,0.00349895,11,0.00349895,0.871022
909,11,asset_root,-0.295777,-2.20352,0.423939,-4.29578,-6.20352,4.42394,-0.295258,-2.19983,0.422937,-0.295777,-2.20352,0.423939,0.00371777,11,0.00371777,0.873741
910,11,asset_root,-0.295258,-2.19983,0.422937,-4.29526,-6.19983,4.42294,-0.294666,-2.1961,0.422391,-0.295258,-2.19983,0.422937,0.00377731,11,0.00377731,0.876842
911,11,asset_root,-0.294666,-2.1961,0.422391,-4.29467,-6.1961,4.42239,-0.29421,-2.19262,0.422,-0.294666,-2.1961,0.422391,0.0035149,11,0.0035149,0.880243
912,11,asset_root,-0.29421,-2.19262,0.422,-4.29421,-6.19262,4.422,-0.293399,-2.18919,0.421912,-0.29421,-2.19262,0.422,0.00352581,11,0.00352581,0.883245
913,11,asset_root,-0.293399,-2.18919,0.421912,-4.2934,-6.18919,4.42191,-0.292253,-2.18585,0.42258,-0.293399,-2.18919,0.421912,0.00352653,11,0.00352653,0.885852
914,11,asset_root,-0.292253,-2.18585,0.42258,-4.29225,-6.18585,4.42258,-0.291193,-2.18261,0.423394,-0.292253,-2.18585,0.42258,0.00340748,11,0.00340748,0.88821
915,11,asset_root,-0.291193,-2.18261,0.423394,-4.29119,-6.18261,4.42339,-0.290515,-2.17944,0.423721,-0.291193,-2.18261,0.423394,0.00324328,11,0.00324328,0.890826
916,11,asset_root,-0.290515,-2.17944,0.423721,-4.29051,-6.17944,4.42372,-0.290087,-2.17632,0.42362,-0.290515,-2.17944,0.423721,0.00314771,11,0.00314771,0.893704
917,11,asset_root,-0.290087,-2.17632,0.42362,-4.29009,-6.17632,4.42362,-0.289787,-2.17331,0.423285,-0.290087,-2.17632,0.42362,0.00303207,11,0.00303207,0.896679
918,11,asset_root,-0.289787,-2.17331,0.423285,-4.28979,-6.17331,4.42329,-0.289575,-2.1701,0.423317,-0.289787,-2.17331,0.423285,0.00321232,11,0.00321232,0.899683
919,11,asset_root,-0.289575,-2.1701,0.423317,-4.28957,-6.1701,4.42332,-0.289543,-2.16666,0.423163,-0.289575,-2.1701,0.423317,0.00344291,11,0.00344291,0.902915
920,11,asset_root,-0.289543,-2.16666,0.423163,-4.28954,-6.16666,4.42316,-0.289741,-2.16316,0.422798,-0.289543,-2.16666,0.423163,0.00350678,11,0.00350678,0.906306
921,11,asset_root,-0.289741,-2.16316,0.422798,-4.28974,-6.16316,4.4228,-0.289787,-2.15946,0.422384,-0.289741,-2.16316,0.422798,0.00369601,11,0.00369601,0.909609
922,11,asset_root,-0.289787,-2.15946,0.422384,-4.28979,-6.15946,4.42238,-0.289797,-2.15562,0.421927,-0.289787,-2.15946,0.422384,0.00383927,11,0.00383927,0.912751
923,11,asset_root,-0.289797,-2.15562,0.421927,-4.2898,-6.15562,4.42193,-0.289954,-2.15183,0.42154,-0.289797,-2.15562,0.421927,0.00379509,11,0.00379509,0.916119
924,11,asset_root,-0.289954,-2.15183,0.42154,-4.28995,-6.15183,4.42154,-0.289862,-2.14798,0.421256,-0.289954,-2.15183,0.42154,0.00385347,11,0.00385347,0.919391
925,11,asset_root,-0.289862,-2.14798,0.421256,-4.28986,-6.14798,4.42126,-0.289362,-2.14391,0.420733,-0.289862,-2.14798,0.421256,0.00409849,11,0.00409849,0.922828
926,11,asset_root,-0.289362,-2.14391,0.420733,-4.28936,-6.14391,4.42073,-0.288595,-2.13969,0.419959,-0.289362,-2.14391,0.420733,0.00428713,11,0.00428713,0.926434
927,11,asset_root,-0.288595,-2.13969,0.419959,-4.28859,-6.13969,4.41996,-0.287445,-2.13533,0.419288,-0.288595,-2.13969,0.419959,0.00451357,11,0.00451357,0.929862
928,11,asset_root,-0.287445,-2.13533,0.419288,-4.28745,-6.13533,4.41929,-0.286145,-2.13085,0.418992,-0.287445,-2.13533,0.419288,0.00466164,11,0.00466164,0.933389
929,11,asset_root,-0.286145,-2.13085,0.418992,-4.28614,-6.13085,4.41899,-0.285119,-2.12606,0.419258,-0.286145,-2.13085,0.418992,0.00489823,11,0.00489823,0.937083
930,11,asset_root,-0.285119,-2.12606,0.419258,-4.28512,-6.12606,4.41926,-0.284353,-2.12113,0.419025,-0.285119,-2.12606,0.419258,0.00499407,11,0.00499407,0.94094
931,11,asset_root,-0.284353,-2.12113,0.419025,-4.28435,-6.12113,4.41902,-0.283789,-2.11599,0.418339,-0.284353,-2.12113,0.419025,0.0051683,11,0.0051683,0.944772
932,11,asset_root,-0.283789,-2.11599,0.418339,-4.28379,-6.11599,4.41834,-0.283224,-2.11049,0.417688,-0.283789,-2.11599,0.418339,0.00552932,11,0.00552932,0.948771
933,11,asset_root,-0.283224,-2.11049,0.417688,-4.28322,-6.11049,4.41769,-0.282447,-2.10448,0.417173,-0.283224,-2.11049,0.417688,0.00605862,11,0.00605862,0.953212
934,11,asset_root,-0.282447,-2.10448,0.417173,-4.28245,-6.10448,4.41717,-0.28194,-2.09818,0.415829,-0.282447,-2.10448,0.417173,0.00631888,11,0.00631888,0.958494
935,11,asset_root,-0.28194,-2.09818,0.415829,-4.28194,-6.09818,4.41583,-0.281384,-2.0914,0.413349,-0.28194,-2.09818,0.415829,0.00680504,11,0.00680504,0.964489
936,11,asset_root,-0.281384,-2.0914,0.413349,-4.28138,-6.0914,4.41335,-0.280574,-2.08415,0.410269,-0.281384,-2.0914,0.413349,0.00729826,11,0.00729826,0.971188
937,11,asset_root,-0.280574,-2.08415,0.410269,-4.28057,-6.08415,4.41027,-0.279529,-2.07645,0.407284,-0.280574,-2.08415,0.410269,0.00777137,11,0.00777137,0.978166
938,11,asset_root,-0.279529,-2.07645,0.407284,-4.27953,-6.07645,4.40728,-0.278038,-2.06832,0.404549,-0.279529,-2.07645,0.407284,0.00826576,11,0.00826576,0.985396
939,11,asset_root,-0.278038,-2.06832,0.404549,-4.27804,-6.06832,4.40455,-0.276045,-2.0596,0.402345,-0.278038,-2.06832,0.404549,0.00894166,11,0.00894166,0.993098
940,11,asset_root,-0.276045,-2.0596,0.402345,-4.27604,-6.0596,4.40234,-0.273123,-2.05034,0.399467,-0.276045,-2.0596,0.402345,0.00970718,11,0.00970718,1.00126
941,11,asset_root,-0.273123,-2.05034,0.399467,-4.27312,-6.05034,4.39947,-0.269291,-2.04099,0.39493,-0.273123,-2.05034,0.399467,0.0101091,11,0.0101091,1.01004
942,11,asset_root,-0.269291,-2.04099,0.39493,-4.26929,-6.04099,4.39493,-0.264567,-2.03164,0.389061,-0.269291,-2.04099,0.39493,0.0104767,11,0.0104767,1.0191
943,11,asset_root,-0.264567,-2.03164,0.389061,-4.26457,-6.03164,4.38906,-0.259132,-2.02207,0.381929,-0.264567,-2.03164,0.389061,0.0110036,11,0.0110036,1.02845
944,11,asset_root,-0.259132,-2.02207,0.381929,-4.25913,-6.02207,4.38193,-0.252991,-2.01227,0.373232,-0.259132,-2.02207,0.381929,0.0115667,11,0.0115667,1.03817
945,11,asset_root,-0.252991,-2.01227,0.373232,-4.25299,-6.01227,4.37323,-0.245156,-2.00331,0.361944,-0.252991,-2.01227,0.373232,0.0118985,11,0.0118985,1.04785
946,11,asset_root,-0.245156,-2.00331,0.361944,-4.24516,-6.00331,4.36194,-0.235627,-1.99578,0.348363,-0.245156,-2.00331,0.361944,0.012145,11,0.012145,1.05654
947,11,asset_root,-0.235627,-1.99578,0.348363,-4.23563,-5.99578,4.34836,-0.225688,-1.98929,0.332878,-0.235627,-1.99578,0.348363,0.0118702,11,0.0118702,1.06413
948,11,asset_root,-0.225688,-1.98929,0.332878,-4.22569,-5.98929,4.33288,-0.217238,-1.98334,0.314101,-0.225688,-1.98929,0.332878,0.0103338,11,0.0103338,1.07082
949,11,asset_root,-0.217238,-1.98334,0.314101,-4.21724,-5.98334,4.3141,-0.21468,-1.97562,0.299518,-0.217238,-1.98334,0.314101,0.00813989,11,0.00813989,1.07689
950,11,asset_root,-0.21468,-1.97562,0.299518,-4.21468,-5.97562,4.29952,-0.221432,-1.96536,0.295446,-0.21468,-1.97562,0.299518,0.0122801,11,0.0122801,1.08414
951,11,asset_root,-0.221432,-1.96536,0.295446,-4.22143,-5.96536,4.29545,-0.226877,-1.95351,0.288158,-0.221432,-1.96536,0.295446,0.0130386,11,0.0130386,1.09301
952,11,asset_root,-0.226877,-1.95351,0.288158,-4.22688,-5.95351,4.28816,-0.229397,-1.94101,0.27727,-0.226877,-1.95351,0.288158,0.0127551,11,0.0127551,1.10397
953,11,asset_root,-0.229397,-1.94101,0.27727,-4.2294,-5.94101,4.27727,-0.235385,-1.93534,0.272576,-0.229397,-1.94101,0.27727,0.00824393,11,0.00824393,1.11597
954,11,asset_root,-0.235385,-1.93534,0.272576,-4.23538,-5.93534,4.27258,-0.240065,-1.93342,0.273195,-0.235385,-1.93534,0.272576,0.00506,11,0.00506,1.12062
955,11,asset_root,-0.240065,-1.93342,0.273195,-4.24007,-5.93342,4.27319,-0.245472,-1.93013,0.273565,-0.240065,-1.93342,0.273195,0.00632749,11,0.00632749,1.12159
956,11,asset_root,-0.245472,-1.93013,0.273565,-4.24547,-5.93013,4.27356,-0.253829,-1.92646,0.271258,-0.245472,-1.93013,0.273565,0.00912876,11,0.00912876,1.12373
957,11,asset_root,-0.253829,-1.92646,0.271258,-4.25383,-5.92646,4.27126,-0.264227,-1.92344,0.26563,-0.253829,-1.92646,0.271258,0.0108279,11,0.0108279,1.12625
958,11,asset_root,-0.264227,-1.92344,0.26563,-4.26423,-5.92344,4.26563,-0.274982,-1.9203,0.257297,-0.264227,-1.92344,0.26563,0.0112038,11,0.0112038,1.1282
959,11,asset_root,-0.274982,-1.9203,0.257297,-4.27498,-5.9203,4.2573,-0.284532,-1.91793,0.248264,-0.274982,-1.9203,0.257297,0.00983929,11,0.00983929,1.13011
960,11,asset_root,-0.284532,-1.91793,0.248264,-4.28453,-5.91793,4.24826,-0.294798,-1.91509,0.237989,-0.284532,-1.91793,0.248264,0.0106504,11,0.0106504,1.13112
961,11,asset_root,-0.294798,-1.91509,0.237989,-4.2948,-5.91509,4.23799,-0.305716,-1.91264,0.229599,-0.294798,-1.91509,0.237989,0.0111913,11,0.0111913,1.13246
962,11,asset_root,-0.305716,-1.91264,0.229599,-4.30572,-5.91264,4.2296,-0.313778,-1.91293,0.225651,-0.305716,-1.91264,0.229599,0.00806722,11,0.00806722,1.13366
963,11,asset_root,-0.313778,-1.91293,0.225651,-4.31378,-5.91293,4.22565,-0.319122,-1.91472,0.225938,-0.313778,-1.91293,0.225651,0.0056364,11,0.0056364,1.13258
964,11,asset_root,-0.319122,-1.91472,0.225938,-4.31912,-5.91472,4.22594,-0.323755,-1.91702,0.229226,-0.319122,-1.91472,0.225938,0.00517421,11,0.00517421,1.13026
965,11,asset_root,-0.323755,-1.91702,0.229226,-4.32376,-5.91702,4.22923,-0.327907,-1.92014,0.234845,-0.323755,-1.91702,0.229226,0.00519338,11,0.00519338,1.12762
966,11,asset_root,-0.327907,-1.92014,0.234845,-4.32791,-5.92014,4.23484,-0.331378,-1.92474,0.241798,-0.327907,-1.92014,0.234845,0.0057618,11,0.0057618,1.12422
967,11,asset_root,-0.331378,-1.92474,0.241798,-4.33138,-5.92474,4.2418,-0.333629,-1.93132,0.248698,-0.331378,-1.92474,0.241798,0.00694803,11,0.00694803,1.11956
968,11,asset_root,-0.333629,-1.93132,0.248698,-4.33363,-5.93132,4.2487,-0.335095,-1.93966,0.254867,-0.333629,-1.93132,0.248698,0.00847168,11,0.00847168,1.11332
969,11,asset_root,-0.335095,-1.93966,0.254867,-4.33509,-5.93966,4.25487,-0.335906,-1.94908,0.260085,-0.335095,-1.93966,0.254867,0.00945062,11,0.00945062,1.10564
970,11,asset_root,-0.335906,-1.94908,0.260085,-4.33591,-5.94908,4.26009,-0.336193,-1.95823,0.26484,-0.335906,-1.94908,0.260085,0.00916347,11,0.00916347,1.0971
971,11,asset_root,-0.336193,-1.95823,0.26484,-4.33619,-5.95823,4.26484,-0.336029,-1.96699,0.268238,-0.336193,-1.95823,0.26484,0.00875233,11,0.00875233,1.08869
972,11,asset_root,-0.336029,-1.96699,0.268238,-4.33603,-5.96699,4.26824,-0.335711,-1.97441,0.27064,-0.336029,-1.96699,0.268238,0.00742901,11,0.00742901,1.08059
973,11,asset_root,-0.335711,-1.97441,0.27064,-4.33571,-5.97441,4.27064,-0.335167,-1.98006,0.272208,-0.335711,-1.97441,0.27064,0.00568057,11,0.00568057,1.07343
974,11,asset_root,-0.335167,-1.98006,0.272208,-4.33517,-5.98006,4.27221,-0.334726,-1.98396,0.274118,-0.335167,-1.98006,0.272208,0.00392151,11,0.00392151,1.06789
975,11,asset_root,-0.334726,-1.98396,0.274118,-4.33473,-5.98396,4.27412,-0.334774,-1.98666,0.276355,-0.334726,-1.98396,0.274118,0.00270337,11,0.00270337,1.06429
976,11,asset_root,-0.334774,-1.98666,0.276355,-4.33477,-5.98666,4.27635,-0.335034,-1.98807,0.278913,-0.334774,-1.98666,0.276355,0.00142776,11,0.00142776,1.06173
977,11,asset_root,-0.335034,-1.98807,0.278913,-4.33503,-5.98807,4.27891,-0.335314,-1.988,0.282312,-0.335034,-1.98807,0.278913,0.000286011,11,0.000286011,1.06
978,11,asset_root,-0.335314,-1.988,0.282312,-4.33531,-5.988,4.28231,-0.335948,-1.98684,0.286692,-0.335314,-1.988,0.282312,0.00132833,11,0.00132833,1.05953
979,11,asset_root,-0.335948,-1.98684,0.286692,-4.33595,-5.98684,4.28669,-0.337009,-1.98518,0.290925,-0.335948,-1.98684,0.286692,0.00196476,11,0.00196476,1.0603
980,11,asset_root,-0.337009,-1.98518,0.290925,-4.33701,-5.98518,4.29092,-0.33779,-1.98335,0.294783,-0.337009,-1.98518,0.290925,0.00199554,11,0.00199554,1.0618
981,11,asset_root,-0.33779,-1.98335,0.294783,-4.33779,-5.98335,4.29478,-0.338794,-1.98161,0.298911,-0.33779,-1.98335,0.294783,0.00200798,11,0.00200798,1.06365
982,11,asset_root,-0.338794,-1.98161,0.298911,-4.33879,-5.98161,4.29891,-0.339375,-1.98003,0.302546,-0.338794,-1.98161,0.298911,0.00168217,11,0.00168217,1.06549
983,11,asset_root,-0.339375,-1.98003,0.302546,-4.33938,-5.98003,4.30255,-0.33986,-1.97788,0.306166,-0.339375,-1.98003,0.302546,0.00219987,11,0.00219987,1.06696
984,11,asset_root,-0.33986,-1.97788,0.306166,-4.33986,-5.97788,4.30617,-0.340367,-1.97548,0.31012,-0.33986,-1.97788,0.306166,0.00245758,11,0.00245758,1.06857
985,11,asset_root,-0.340367,-1.97548,0.31012,-4.34037,-5.97548,4.31012,-0.341024,-1.97277,0.314323,-0.340367,-1.97548,0.31012,0.00278559,11,0.00278559,1.07052
986,11,asset_root,-0.341024,-1.97277,0.314323,-4.34102,-5.97277,4.31432,-0.341696,-1.96968,0.318665,-0.341024,-1.97277,0.314323,0.0031678,11,0.0031678,1.07315
987,11,asset_root,-0.341696,-1.96968,0.318665,-4.3417,-5.96968,4.31866,-0.342712,-1.96618,0.323214,-0.341696,-1.96968,0.318665,0.0036419,11,0.0036419,1.07645
988,11,asset_root,-0.342712,-1.96618,0.323214,-4.34271,-5.96618,4.32321,-0.343875,-1.96236,0.327748,-0.342712,-1.96618,0.323214,0.00399084,11,0.00399084,1.08021
989,11,asset_root,-0.343875,-1.96236,0.327748,-4.34388,-5.96236,4.32775,-0.345221,-1.95869,0.331911,-0.343875,-1.96236,0.327748,0.00390921,11,0.00390921,1.0846
990,11,asset_root,-0.345221,-1.95869,0.331911,-4.34522,-5.95869,4.33191,-0.34679,-1.95554,0.335615,-0.345221,-1.95869,0.331911,0.00352452,11,0.00352452,1.08891
991,11,asset_root,-0.34679,-1.95554,0.335615,-4.34679,-5.95554,4.33562,-0.348601,-1.95264,0.339565,-0.34679,-1.95554,0.335615,0.00341745,11,0.00341745,1.0926
992,11,asset_root,-0.348601,-1.95264,0.339565,-4.3486,-5.95264,4.33956,-0.350875,-1.94992,0.343472,-0.348601,-1.95264,0.339565,0.0035436,11,0.0035436,1.09595
993,11,asset_root,-0.350875,-1.94992,0.343472,-4.35087,-5.94992,4.34347,-0.353365,-1.9472,0.346882,-0.350875,-1.94992,0.343472,0.0036903,11,0.0036903,1.09906
994,11,asset_root,-0.353365,-1.9472,0.346882,-4.35337,-5.9472,4.34688,-0.356212,-1.94473,0.35003,-0.353365,-1.9472,0.346882,0.00376625,11,0.00376625,1.10244
995,11,asset_root,-0.356212,-1.94473,0.35003,-4.35621,-5.94473,4.35003,-0.359115,-1.94242,0.353011,-0.356212,-1.94473,0.35003,0.00370951,11,0.00370951,1.10568
996,11,asset_root,-0.359115,-1.94242,0.353011,-4.35911,-5.94242,4.35301,-0.362254,-1.9402,0.35593,-0.359115,-1.94242,0.353011,0.00384632,11,0.00384632,1.10855
997,11,asset_root,-0.362254,-1.9402,0.35593,-4.36225,-5.9402,4.35593,-0.365602,-1.93833,0.358596,-0.362254,-1.9402,0.35593,0.00383213,11,0.00383213,1.11103
998,11,asset_root,-0.365602,-1.93833,0.358596,-4.3656,-5.93833,4.3586,-0.369358,-1.93698,0.361371,-0.365602,-1.93833,0.358596,0.00399294,11,0.00399294,1.11275
999,11,asset_root,-0.369358,-1.93698,0.361371,-4.36936,-5.93698,4.36137,-0.373294,-1.93617,0.364561,-0.369358,-1.93698,0.361371,0.00401898,11,0.00401898,1.11358
1000,11,asset_root,-0.373294,-1.93617,0.364561,-4.37329,-5.93617,4.36456,-0.376981,-1.9358,0.367023,-0.373294,-1.93617,0.364561,0.00370606,11,0.00370606,1.1141
