arm,case,seed,env_id,fell,fall_t,onset_t,early_rows,early_tilt,early_speed_xy,early_error_xy,early_error_yaw,early_height_rel,survive_rows,survive_tilt,survive_speed_xy,survive_error_xy,survive_error_yaw,survive_height_rel,pre_fail_rows,pre_fail_tilt,pre_fail_speed_xy,pre_fail_error_xy,pre_fail_error_yaw,pre_fail_height_rel
A033,combined_yaw_right,101,0,0,,,100,7.40929,0.46976,0.07025,0.10468,0.35696,950,8.9214,0.4548,0.09184,0.11112,0.35167,0,,,,,
A033,combined_yaw_right,101,1,0,,,100,11.04253,0.3329,0.21513,0.12865,0.34145,950,10.40683,0.37811,0.16605,0.116,0.35232,0,,,,,
A033,combined_yaw_right,101,2,0,,,100,7.93345,0.48123,0.06547,0.10722,0.33674,950,8.32654,0.4708,0.08338,0.10884,0.3498,0,,,,,
A033,combined_yaw_right,101,3,0,,,100,9.84694,0.38626,0.15277,0.1198,0.34591,950,10.4656,0.35016,0.19253,0.11187,0.35489,0,,,,,
A033,combined_yaw_right,101,4,0,,,100,9.68634,0.42281,0.13165,0.10741,0.32662,950,8.48285,0.47852,0.07586,0.11914,0.34899,0,,,,,
A033,combined_yaw_right,101,5,0,,,100,14.02649,0.35431,0.19461,0.13023,0.33941,950,10.1035,0.3678,0.17197,0.10691,0.35865,0,,,,,
A033,combined_yaw_right,101,6,0,,,100,9.81938,0.34753,0.20462,0.11948,0.34634,950,9.95232,0.39339,0.15478,0.12294,0.35456,0,,,,,
A033,combined_yaw_right,101,7,0,,,100,9.22637,0.41501,0.12622,0.09868,0.3535,950,9.77783,0.4033,0.14599,0.1065,0.35571,0,,,,,
A033,combined_yaw_right,101,8,0,,,100,9.69725,0.36399,0.19138,0.12508,0.34598,950,10.14323,0.401,0.15316,0.12591,0.34811,0,,,,,
A033,combined_yaw_right,101,9,0,,,100,9.06171,0.34594,0.19512,0.11944,0.35342,950,10.41264,0.33941,0.20161,0.11852,0.35455,0,,,,,
A033,combined_yaw_right,101,10,0,,,100,7.72777,0.47458,0.0703,0.11029,0.34782,950,7.23517,0.49365,0.05977,0.10728,0.35693,0,,,,,
A033,combined_yaw_right,101,11,0,,,100,9.81187,0.41818,0.1244,0.1057,0.33378,950,9.56005,0.42044,0.13042,0.12031,0.34734,0,,,,,
A033,combined_yaw_right,101,12,0,,,100,8.68945,0.45321,0.08518,0.10824,0.35005,950,8.83091,0.45316,0.09742,0.10778,0.35222,0,,,,,
A033,combined_yaw_right,101,13,0,,,100,8.83226,0.42935,0.1115,0.09053,0.36261,950,9.00961,0.40187,0.13523,0.09971,0.36303,0,,,,,
A033,combined_yaw_right,101,14,0,,,100,8.22014,0.4019,0.13239,0.09782,0.37224,950,9.62656,0.4111,0.13135,0.11486,0.35595,0,,,,,
A033,combined_yaw_right,101,15,0,,,100,9.40882,0.37688,0.15507,0.08027,0.3703,950,9.51608,0.39785,0.14163,0.09875,0.35921,0,,,,,
A033,combined_yaw_right,101,16,0,,,100,9.74388,0.41246,0.12649,0.07543,0.35212,950,10.3225,0.38953,0.1565,0.11397,0.35297,0,,,,,
A033,combined_yaw_right,101,17,0,,,100,10.54662,0.37141,0.18226,0.1298,0.34731,950,9.3124,0.35341,0.18892,0.10741,0.36521,0,,,,,
A033,combined_yaw_right,101,18,0,,,100,7.38391,0.48817,0.05792,0.09491,0.35861,950,8.63066,0.46756,0.081,0.10604,0.34659,0,,,,,
A033,combined_yaw_right,101,19,0,,,100,13.29873,0.39254,0.15221,0.10709,0.32705,950,9.93622,0.37434,0.17033,0.10363,0.35702,0,,,,,
A033,combined_yaw_right,101,20,0,,,100,10.51645,0.43653,0.11513,0.08761,0.3341,950,9.64763,0.40125,0.14521,0.10317,0.35358,0,,,,,
A033,combined_yaw_right,101,21,0,,,100,11.46722,0.40187,0.14455,0.09767,0.33591,950,10.52986,0.39447,0.15144,0.11464,0.34423,0,,,,,
A033,combined_yaw_right,101,22,0,,,100,7.87537,0.46191,0.08893,0.11512,0.34906,950,7.80682,0.49426,0.06412,0.11009,0.34991,0,,,,,
A033,combined_yaw_right,101,23,0,,,100,8.17262,0.42415,0.10809,0.09295,0.36826,950,9.77941,0.40774,0.13777,0.11732,0.35179,0,,,,,
A033,combined_yaw_right,101,24,0,,,100,8.3255,0.51083,0.05293,0.10664,0.33119,950,7.61711,0.49262,0.05854,0.10754,0.35087,0,,,,,
A033,combined_yaw_right,101,25,0,,,100,8.32879,0.42763,0.12954,0.1056,0.35066,950,8.15621,0.46279,0.08506,0.10674,0.35464,0,,,,,
A033,combined_yaw_right,101,26,0,,,100,10.18687,0.42169,0.11847,0.12425,0.31539,950,8.5407,0.46007,0.08499,0.10986,0.35042,0,,,,,
A033,combined_yaw_right,101,27,0,,,100,7.38538,0.47693,0.06833,0.0957,0.35193,950,8.26003,0.4637,0.0827,0.10674,0.35222,0,,,,,
A033,combined_yaw_right,101,28,0,,,100,7.69761,0.46784,0.08568,0.1197,0.36077,950,8.55437,0.42596,0.11809,0.10574,0.36046,0,,,,,
A033,combined_yaw_right,101,29,0,,,100,8.78025,0.48888,0.09529,0.12382,0.31934,950,7.72127,0.48609,0.06572,0.11221,0.35519,0,,,,,
A033,combined_yaw_right,101,30,0,,,100,9.73889,0.35601,0.18014,0.10544,0.3646,950,10.22884,0.34154,0.1987,0.11259,0.3606,0,,,,,
A033,combined_yaw_right,101,31,0,,,100,7.01897,0.4486,0.08694,0.0827,0.37541,950,8.55626,0.4384,0.10012,0.10342,0.36461,0,,,,,
A047,combined_yaw_right,101,0,0,,,100,2.0321,0.42365,0.15162,0.17729,0.36856,950,2.3477,0.42687,0.1462,0.16306,0.37096,0,,,,,
A047,combined_yaw_right,101,1,0,,,100,1.68416,0.43855,0.14215,0.15157,0.38561,950,2.13229,0.40334,0.16702,0.17444,0.38112,0,,,,,
A047,combined_yaw_right,101,2,0,,,100,2.1935,0.42708,0.14241,0.14808,0.37146,950,2.23611,0.43097,0.14288,0.16421,0.37074,0,,,,,
A047,combined_yaw_right,101,3,0,,,100,2.09246,0.43602,0.13787,0.16984,0.38353,950,2.20662,0.39891,0.17096,0.17472,0.3836,0,,,,,
A047,combined_yaw_right,101,4,0,,,100,2.02708,0.44792,0.12611,0.1643,0.36341,950,2.49667,0.43162,0.14217,0.16381,0.36542,0,,,,,
A047,combined_yaw_right,101,5,0,,,100,3.06774,0.35388,0.22355,0.22123,0.37975,950,2.38435,0.38093,0.18294,0.17482,0.37997,0,,,,,
A047,combined_yaw_right,101,6,0,,,100,2.55218,0.38916,0.19371,0.17581,0.37995,950,2.25446,0.40477,0.16781,0.17292,0.38028,0,,,,,
A047,combined_yaw_right,101,7,0,,,100,2.32194,0.38947,0.17114,0.18038,0.37758,950,2.15235,0.40454,0.16545,0.16307,0.3792,0,,,,,
A047,combined_yaw_right,101,8,0,,,100,2.48444,0.40443,0.16716,0.16627,0.37405,950,2.39545,0.41242,0.16444,0.1737,0.3754,0,,,,,
A047,combined_yaw_right,101,9,0,,,100,2.2317,0.40713,0.16758,0.16345,0.3808,950,2.21941,0.39673,0.16893,0.16883,0.38304,0,,,,,
A047,combined_yaw_right,101,10,0,,,100,2.2687,0.40996,0.15013,0.15941,0.36795,950,2.17301,0.44471,0.12998,0.1493,0.36811,0,,,,,
A047,combined_yaw_right,101,11,0,,,100,2.15377,0.44706,0.1315,0.12892,0.37803,950,2.28253,0.41314,0.15578,0.16782,0.37482,0,,,,,
A047,combined_yaw_right,101,12,0,,,100,3.01725,0.4001,0.18983,0.20256,0.3711,950,2.29932,0.41867,0.1552,0.17224,0.37233,0,,,,,
A047,combined_yaw_right,101,13,0,,,100,1.78479,0.41655,0.16244,0.15808,0.38089,950,2.38417,0.39331,0.17718,0.18244,0.37744,0,,,,,
A047,combined_yaw_right,101,14,0,,,100,1.83836,0.41707,0.15781,0.15835,0.37914,950,2.3087,0.40704,0.16491,0.17604,0.37612,0,,,,,
A047,combined_yaw_right,101,15,0,,,100,2.12675,0.40202,0.1633,0.17561,0.38072,950,2.26163,0.40571,0.1662,0.17412,0.37862,0,,,,,
A047,combined_yaw_right,101,16,0,,,100,1.7956,0.44235,0.11808,0.13092,0.38016,950,2.29831,0.40122,0.17037,0.17586,0.37877,0,,,,,
A047,combined_yaw_right,101,17,0,,,100,2.10134,0.41226,0.15489,0.18079,0.38175,950,2.24547,0.39821,0.17108,0.17416,0.38293,0,,,,,
A047,combined_yaw_right,101,18,0,,,100,1.9547,0.45258,0.11488,0.13482,0.37256,950,2.26319,0.44266,0.13268,0.15415,0.37008,0,,,,,
A047,combined_yaw_right,101,19,0,,,100,2.44092,0.39966,0.1575,0.16072,0.38278,950,2.11888,0.40034,0.16937,0.17348,0.38085,0,,,,,
A047,combined_yaw_right,101,20,0,,,100,1.94605,0.43535,0.149,0.17707,0.37583,950,2.20403,0.40713,0.16476,0.16851,0.3764,0,,,,,
A047,combined_yaw_right,101,21,0,,,100,1.6002,0.43761,0.13735,0.15616,0.37943,950,2.18441,0.4055,0.16245,0.1757,0.37609,0,,,,,
A047,combined_yaw_right,101,22,0,,,100,2.03574,0.4478,0.12335,0.1596,0.36257,950,2.21306,0.43248,0.13635,0.15565,0.3656,0,,,,,
A047,combined_yaw_right,101,23,0,,,100,1.65498,0.44429,0.11677,0.13052,0.37611,950,2.0886,0.41823,0.15406,0.15785,0.37779,0,,,,,
A047,combined_yaw_right,101,24,0,,,100,2.6833,0.46173,0.12239,0.14114,0.35585,950,2.32325,0.44609,0.12803,0.13858,0.36575,0,,,,,
A047,combined_yaw_right,101,25,0,,,100,1.9355,0.43676,0.12822,0.12562,0.3694,950,2.2303,0.43782,0.13476,0.15027,0.36917,0,,,,,
A047,combined_yaw_right,101,26,0,,,100,2.53084,0.41185,0.14489,0.16431,0.3709,950,2.29658,0.42396,0.15029,0.16684,0.37097,0,,,,,
A047,combined_yaw_right,101,27,0,,,100,2.57762,0.41498,0.17015,0.19769,0.37082,950,2.16696,0.42716,0.14364,0.16517,0.37146,0,,,,,
A047,combined_yaw_right,101,28,0,,,100,2.15646,0.42206,0.15488,0.18469,0.37237,950,2.3725,0.41491,0.15967,0.17715,0.37335,0,,,,,
A047,combined_yaw_right,101,29,0,,,100,2.75295,0.43677,0.13341,0.15019,0.36525,950,2.17035,0.44148,0.1286,0.14914,0.36859,0,,,,,
A047,combined_yaw_right,101,30,0,,,100,2.34827,0.3904,0.18241,0.19498,0.38241,950,2.07637,0.39904,0.17343,0.17681,0.38328,0,,,,,
A047,combined_yaw_right,101,31,0,,,100,2.51355,0.37192,0.18443,0.1784,0.37254,950,2.21258,0.4089,0.15932,0.16636,0.37526,0,,,,,
A033,combined_yaw_right,202,0,0,,,100,7.98633,0.50989,0.05995,0.10724,0.34601,950,7.53655,0.50799,0.05886,0.10754,0.35175,0,,,,,
A033,combined_yaw_right,202,1,0,,,100,10.1961,0.43295,0.13666,0.10785,0.3404,950,8.63582,0.45332,0.09686,0.0994,0.35427,0,,,,,
A033,combined_yaw_right,202,2,0,,,100,9.47617,0.39683,0.16454,0.1068,0.35819,950,9.65478,0.38479,0.15765,0.10611,0.35799,0,,,,,
A033,combined_yaw_right,202,3,0,,,100,13.20345,0.40022,0.15348,0.1581,0.34634,950,10.55836,0.38235,0.17127,0.12298,0.35122,0,,,,,
A033,combined_yaw_right,202,4,0,,,100,8.13032,0.3612,0.1692,0.09745,0.37553,950,9.40425,0.34971,0.19216,0.11408,0.36467,0,,,,,
A033,combined_yaw_right,202,5,0,,,100,7.52022,0.44934,0.08924,0.09915,0.36604,950,10.24878,0.43966,0.1189,0.11855,0.3347,0,,,,,
A033,combined_yaw_right,202,6,0,,,100,12.53363,0.45301,0.14365,0.14473,0.31283,950,8.20746,0.46556,0.08843,0.11295,0.35484,0,,,,,
A033,combined_yaw_right,202,7,0,,,100,8.17203,0.41335,0.12139,0.09561,0.36721,950,9.25388,0.38223,0.16168,0.10969,0.36409,0,,,,,
A033,combined_yaw_right,202,8,0,,,100,9.80825,0.47621,0.09343,0.10701,0.33034,950,8.1996,0.49158,0.06891,0.12063,0.34644,0,,,,,
A033,combined_yaw_right,202,9,0,,,100,10.52405,0.38064,0.15508,0.09534,0.35004,950,9.63161,0.37893,0.16418,0.10494,0.35997,0,,,,,
A033,combined_yaw_right,202,10,0,,,100,9.80304,0.3992,0.13854,0.09709,0.35222,950,9.16575,0.38866,0.15049,0.09758,0.36301,0,,,,,
A033,combined_yaw_right,202,11,0,,,100,7.94977,0.47293,0.07318,0.09722,0.35505,950,8.69144,0.46109,0.08694,0.10995,0.35281,0,,,,,
A033,combined_yaw_right,202,12,0,,,100,9.04682,0.50798,0.05595,0.12542,0.33387,950,7.73421,0.48491,0.06656,0.11279,0.3521,0,,,,,
A033,combined_yaw_right,202,13,0,,,100,10.38519,0.44599,0.10403,0.13091,0.33958,950,10.25936,0.398,0.1481,0.11585,0.35451,0,,,,,
A033,combined_yaw_right,202,14,0,,,100,10.92371,0.42273,0.13964,0.11089,0.31954,950,7.8036,0.46905,0.07523,0.10751,0.35672,0,,,,,
A033,combined_yaw_right,202,15,0,,,100,9.29083,0.53024,0.09058,0.15077,0.31621,950,7.93913,0.49333,0.0673,0.10878,0.34811,0,,,,,
A033,combined_yaw_right,202,16,0,,,100,9.45755,0.34147,0.19423,0.1015,0.35712,950,10.41157,0.34432,0.19916,0.10546,0.35676,0,,,,,
A033,combined_yaw_right,202,17,0,,,100,8.16389,0.48131,0.06543,0.10726,0.34111,950,8.52036,0.45054,0.10011,0.11699,0.35041,0,,,,,
A033,combined_yaw_right,202,18,0,,,100,7.87184,0.4813,0.06219,0.09229,0.36031,950,9.04673,0.42721,0.11623,0.10836,0.35695,0,,,,,
A033,combined_yaw_right,202,19,0,,,100,12.42027,0.38063,0.17815,0.1019,0.34852,950,9.80245,0.36528,0.17502,0.10357,0.362,0,,,,,
A033,combined_yaw_right,202,20,0,,,100,8.43021,0.48578,0.05678,0.11417,0.34546,950,8.15118,0.49037,0.06552,0.11117,0.34482,0,,,,,
A033,combined_yaw_right,202,21,0,,,100,9.30457,0.39185,0.14868,0.10118,0.35615,950,9.67949,0.40201,0.14624,0.10836,0.35594,0,,,,,
A033,combined_yaw_right,202,22,0,,,100,10.35606,0.46885,0.09964,0.12917,0.33426,950,9.22439,0.45249,0.09923,0.1122,0.34709,0,,,,,
A033,combined_yaw_right,202,23,0,,,100,7.28846,0.514,0.05481,0.10951,0.35107,950,7.86653,0.4946,0.06059,0.11696,0.35273,0,,,,,
A033,combined_yaw_right,202,24,0,,,100,9.20924,0.3739,0.16558,0.08333,0.3644,950,10.32425,0.38257,0.1695,0.11754,0.35323,0,,,,,
A033,combined_yaw_right,202,25,0,,,100,8.0971,0.49707,0.06055,0.10944,0.33746,950,8.14967,0.49875,0.06326,0.11443,0.34552,0,,,,,
A033,combined_yaw_right,202,26,0,,,100,9.10902,0.42155,0.12341,0.09043,0.35556,950,9.68619,0.33126,0.21275,0.10942,0.36337,0,,,,,
A033,combined_yaw_right,202,27,0,,,100,8.15333,0.47929,0.06857,0.11342,0.34466,950,7.55453,0.50503,0.05253,0.107,0.35101,0,,,,,
A033,combined_yaw_right,202,28,0,,,100,11.28841,0.37677,0.18335,0.11269,0.32302,950,9.4475,0.40099,0.13983,0.10893,0.35597,0,,,,,
A033,combined_yaw_right,202,29,0,,,100,11.38202,0.44532,0.1298,0.14718,0.31998,950,10.14316,0.39096,0.15773,0.12452,0.34932,0,,,,,
A033,combined_yaw_right,202,30,0,,,100,8.11986,0.48081,0.06226,0.09837,0.34677,950,7.54412,0.47372,0.07146,0.10465,0.35744,0,,,,,
A033,combined_yaw_right,202,31,0,,,100,9.11699,0.53572,0.08625,0.13323,0.2954,950,8.88063,0.49051,0.08696,0.12595,0.33188,0,,,,,
A047,combined_yaw_right,202,0,0,,,100,2.11008,0.4479,0.11201,0.15335,0.3679,950,2.27766,0.44992,0.11949,0.15044,0.36589,0,,,,,
A047,combined_yaw_right,202,1,0,,,100,2.10503,0.45446,0.11556,0.12946,0.37409,950,2.3015,0.43632,0.14018,0.15392,0.37142,0,,,,,
A047,combined_yaw_right,202,2,0,,,100,2.26132,0.39321,0.18022,0.17388,0.37672,950,2.32802,0.38998,0.18079,0.18524,0.37875,0,,,,,
A047,combined_yaw_right,202,3,0,,,100,2.29407,0.40311,0.15745,0.16129,0.3841,950,2.37019,0.38296,0.18548,0.18461,0.38125,0,,,,,
A047,combined_yaw_right,202,4,0,,,100,2.53408,0.37993,0.18706,0.1837,0.3764,950,2.13255,0.40776,0.16464,0.17129,0.38164,0,,,,,
A047,combined_yaw_right,202,5,0,,,100,2.12788,0.43823,0.13105,0.16149,0.3699,950,2.21656,0.4253,0.14589,0.1714,0.37351,0,,,,,
A047,combined_yaw_right,202,6,0,,,100,2.13307,0.42328,0.14595,0.15803,0.36907,950,2.25278,0.43529,0.13629,0.1588,0.36985,0,,,,,
A047,combined_yaw_right,202,7,0,,,100,2.30546,0.40012,0.16242,0.17235,0.37957,950,2.27312,0.39923,0.17018,0.17561,0.37937,0,,,,,
A047,combined_yaw_right,202,8,0,,,100,1.95964,0.44382,0.1153,0.13285,0.36604,950,2.35249,0.43849,0.13768,0.1561,0.36406,0,,,,,
A047,combined_yaw_right,202,9,0,,,100,2.59243,0.38434,0.18661,0.20775,0.3831,950,2.44896,0.38723,0.18094,0.19115,0.37997,0,,,,,
A047,combined_yaw_right,202,10,0,,,100,2.5921,0.3967,0.17103,0.19025,0.37846,950,2.25133,0.4008,0.1693,0.18153,0.37863,0,,,,,
A047,combined_yaw_right,202,11,0,,,100,1.24334,0.4585,0.11548,0.11275,0.38191,950,2.0097,0.42608,0.14448,0.15023,0.37492,0,,,,,
A047,combined_yaw_right,202,12,0,,,100,1.93634,0.45477,0.11596,0.13288,0.37129,950,2.32444,0.43628,0.13298,0.15497,0.36836,0,,,,,
A047,combined_yaw_right,202,13,0,,,100,2.37053,0.40151,0.17572,0.18687,0.37969,950,2.20015,0.40691,0.16661,0.17527,0.37827,0,,,,,
A047,combined_yaw_right,202,14,0,,,100,1.81087,0.45804,0.11442,0.13794,0.37003,950,2.2279,0.4327,0.14172,0.16165,0.36766,0,,,,,
A047,combined_yaw_right,202,15,0,,,100,1.88693,0.47006,0.10998,0.14071,0.36488,950,2.55798,0.44096,0.13632,0.15762,0.36469,0,,,,,
A047,combined_yaw_right,202,16,0,,,100,2.19435,0.38562,0.17802,0.18117,0.38245,950,2.21393,0.38955,0.1755,0.17889,0.38288,0,,,,,
A047,combined_yaw_right,202,17,0,,,100,3.02562,0.37253,0.17959,0.18644,0.36382,950,2.2015,0.42677,0.14003,0.15694,0.37071,0,,,,,
A047,combined_yaw_right,202,18,0,,,100,2.23328,0.40955,0.16441,0.15876,0.38176,950,2.21784,0.41326,0.15908,0.16706,0.37706,0,,,,,
A047,combined_yaw_right,202,19,0,,,100,2.48635,0.35977,0.19695,0.17951,0.38164,950,2.30837,0.39024,0.17369,0.17066,0.38168,0,,,,,
A047,combined_yaw_right,202,20,0,,,100,2.25553,0.43827,0.13717,0.1668,0.36704,950,2.13737,0.4517,0.12372,0.15413,0.36764,0,,,,,
A047,combined_yaw_right,202,21,0,,,100,2.09016,0.40984,0.1594,0.16137,0.38023,950,2.27008,0.40998,0.16202,0.16994,0.377,0,,,,,
A047,combined_yaw_right,202,22,0,,,100,2.37798,0.42607,0.14665,0.17361,0.37395,950,2.32258,0.4232,0.15109,0.16912,0.37231,0,,,,,
A047,combined_yaw_right,202,23,0,,,100,2.58305,0.43291,0.14168,0.18208,0.3621,950,2.31621,0.44909,0.1322,0.15584,0.36503,0,,,,,
A047,combined_yaw_right,202,24,0,,,100,1.69425,0.41424,0.16406,0.1507,0.38213,950,2.38923,0.38461,0.18906,0.18542,0.37997,0,,,,,
A047,combined_yaw_right,202,25,0,,,100,2.88621,0.43069,0.14342,0.15532,0.3672,950,2.32391,0.44083,0.13277,0.15525,0.36803,0,,,,,
A047,combined_yaw_right,202,26,0,,,100,2.21394,0.3971,0.16463,0.1759,0.38598,950,2.27875,0.38195,0.18928,0.18042,0.3822,0,,,,,
A047,combined_yaw_right,202,27,0,,,100,3.21215,0.43974,0.13901,0.17586,0.35254,950,2.53611,0.44069,0.13785,0.15695,0.36161,0,,,,,
A047,combined_yaw_right,202,28,0,,,100,2.28517,0.42583,0.15325,0.16004,0.38169,950,2.21124,0.41137,0.15892,0.16166,0.37885,0,,,,,
A047,combined_yaw_right,202,29,0,,,100,2.28728,0.38276,0.18426,0.1424,0.37935,950,2.09395,0.40084,0.16972,0.15716,0.37974,0,,,,,
A047,combined_yaw_right,202,30,0,,,100,2.68813,0.40648,0.16441,0.19544,0.36596,950,2.15079,0.43753,0.13255,0.15335,0.36914,0,,,,,
A047,combined_yaw_right,202,31,0,,,100,1.96431,0.47376,0.09699,0.14063,0.3633,950,1.89045,0.46679,0.10565,0.14113,0.37024,0,,,,,
A033,combined_yaw_right,303,0,0,,,100,10.16654,0.42103,0.1201,0.09745,0.35508,950,9.84079,0.36092,0.18532,0.10313,0.36089,0,,,,,
A033,combined_yaw_right,303,1,0,,,100,7.21149,0.44184,0.1054,0.10611,0.36388,950,9.02188,0.46174,0.0991,0.12262,0.34474,0,,,,,
A033,combined_yaw_right,303,2,0,,,100,8.80919,0.39965,0.13379,0.10059,0.3621,950,9.01498,0.4044,0.13415,0.10516,0.36246,0,,,,,
A033,combined_yaw_right,303,3,0,,,100,9.06418,0.40829,0.12517,0.11123,0.36555,950,9.83605,0.37265,0.16399,0.11102,0.35821,0,,,,,
A033,combined_yaw_right,303,4,0,,,100,10.82828,0.41422,0.14415,0.10441,0.35111,950,9.67528,0.36879,0.17085,0.10522,0.36132,0,,,,,
A033,combined_yaw_right,303,5,0,,,100,10.17868,0.39947,0.14437,0.1082,0.34535,950,10.09617,0.37473,0.16808,0.11423,0.35794,0,,,,,
A033,combined_yaw_right,303,6,0,,,100,10.58275,0.41415,0.14807,0.13843,0.31893,950,9.94257,0.39631,0.15401,0.10701,0.35002,0,,,,,
A033,combined_yaw_right,303,7,0,,,100,10.56907,0.392,0.14767,0.09066,0.3353,950,10.26125,0.41338,0.13403,0.11254,0.35331,0,,,,,
A033,combined_yaw_right,303,8,0,,,100,13.22634,0.39443,0.1625,0.13024,0.31093,950,10.70528,0.41162,0.14259,0.12453,0.34208,0,,,,,
A033,combined_yaw_right,303,9,0,,,100,9.63461,0.46527,0.0868,0.11077,0.34856,950,10.2923,0.39792,0.15472,0.12173,0.34941,0,,,,,
A033,combined_yaw_right,303,10,0,,,100,9.13519,0.42724,0.11205,0.10166,0.3613,950,8.99414,0.40538,0.13277,0.10102,0.36341,0,,,,,
A033,combined_yaw_right,303,11,0,,,100,8.11627,0.45337,0.09414,0.09707,0.33562,950,8.26453,0.44279,0.09879,0.10894,0.35795,0,,,,,
A033,combined_yaw_right,303,12,0,,,100,11.73225,0.44015,0.14726,0.10108,0.32701,950,11.19381,0.38958,0.17456,0.11827,0.34058,0,,,,,
A033,combined_yaw_right,303,13,0,,,100,8.74329,0.42267,0.11113,0.10751,0.35908,950,9.84152,0.39906,0.14664,0.10914,0.35519,0,,,,,
A033,combined_yaw_right,303,14,0,,,100,10.36107,0.43774,0.12449,0.09971,0.30966,950,7.5512,0.48397,0.07019,0.11038,0.34996,0,,,,,
A033,combined_yaw_right,303,15,0,,,100,8.73476,0.32957,0.20125,0.0991,0.37716,950,10.0829,0.33733,0.1999,0.10604,0.36385,0,,,,,
A033,combined_yaw_right,303,16,0,,,100,9.22377,0.43759,0.11709,0.12217,0.34082,950,8.69455,0.44082,0.10852,0.10399,0.35193,0,,,,,
A033,combined_yaw_right,303,17,0,,,100,8.05456,0.42029,0.11583,0.10138,0.35406,950,8.11838,0.4632,0.08274,0.10462,0.35645,0,,,,,
A033,combined_yaw_right,303,18,0,,,100,8.4188,0.46995,0.06834,0.10309,0.3623,950,8.73423,0.44918,0.10429,0.10342,0.35549,0,,,,,
A033,combined_yaw_right,303,19,0,,,100,8.28127,0.50587,0.06859,0.11822,0.33486,950,8.34316,0.49766,0.06854,0.11351,0.34264,0,,,,,
A033,combined_yaw_right,303,20,0,,,100,7.16917,0.4852,0.07736,0.10641,0.33718,950,8.03093,0.49398,0.05947,0.10894,0.34733,0,,,,,
A033,combined_yaw_right,303,21,0,,,100,10.683,0.42082,0.15319,0.11886,0.3151,950,9.40718,0.39492,0.15289,0.11338,0.35457,0,,,,,
A033,combined_yaw_right,303,22,0,,,100,8.45457,0.37834,0.15117,0.09168,0.37271,950,9.90548,0.3432,0.19978,0.11468,0.36144,0,,,,,
A033,combined_yaw_right,303,23,0,,,100,10.13197,0.42176,0.13807,0.09247,0.34174,950,9.29805,0.42137,0.13053,0.10928,0.35323,0,,,,,
A033,combined_yaw_right,303,24,0,,,100,9.57114,0.43137,0.1029,0.10129,0.35638,950,9.42762,0.37114,0.1657,0.10759,0.36141,0,,,,,
A033,combined_yaw_right,303,25,0,,,100,9.51241,0.44198,0.10719,0.09692,0.35132,950,9.83371,0.40624,0.13942,0.10879,0.35136,0,,,,,
A033,combined_yaw_right,303,26,0,,,100,7.63348,0.44379,0.09425,0.1008,0.36956,950,9.10613,0.43321,0.11786,0.11318,0.35578,0,,,,,
A033,combined_yaw_right,303,27,0,,,100,7.73301,0.47335,0.07108,0.10675,0.35342,950,7.87746,0.46067,0.07961,0.10995,0.363,0,,,,,
A033,combined_yaw_right,303,28,0,,,100,8.81831,0.35025,0.17941,0.11506,0.36823,950,9.32615,0.35214,0.18448,0.10795,0.36681,0,,,,,
A033,combined_yaw_right,303,29,0,,,100,9.11734,0.34861,0.20109,0.13269,0.35426,950,10.6504,0.36109,0.18466,0.11026,0.35417,0,,,,,
A033,combined_yaw_right,303,30,0,,,100,7.73156,0.4853,0.06233,0.09609,0.35296,950,8.68757,0.45661,0.09929,0.11033,0.35365,0,,,,,
A033,combined_yaw_right,303,31,0,,,100,7.64336,0.49205,0.05689,0.1025,0.3521,950,7.89722,0.47261,0.06943,0.10592,0.35984,0,,,,,
A047,combined_yaw_right,303,0,0,,,100,2.53053,0.365,0.20511,0.17996,0.38162,950,2.29683,0.3895,0.1782,0.17529,0.38209,0,,,,,
A047,combined_yaw_right,303,1,0,,,100,2.54277,0.41175,0.15425,0.18199,0.37305,950,2.0757,0.43246,0.13968,0.15634,0.37341,0,,,,,
A047,combined_yaw_right,303,2,0,,,100,2.56641,0.41395,0.16071,0.1851,0.37659,950,2.40402,0.40379,0.16694,0.17275,0.37835,0,,,,,
A047,combined_yaw_right,303,3,0,,,100,2.44105,0.40577,0.18585,0.17364,0.37809,950,2.2675,0.39641,0.17824,0.17852,0.37883,0,,,,,
A047,combined_yaw_right,303,4,0,,,100,2.21746,0.41419,0.16769,0.18315,0.3794,950,2.06649,0.40662,0.17019,0.17132,0.38165,0,,,,,
A047,combined_yaw_right,303,5,0,,,100,2.28409,0.42204,0.15261,0.15779,0.38083,950,2.38137,0.39433,0.17285,0.17627,0.37918,0,,,,,
A047,combined_yaw_right,303,6,0,,,100,1.99818,0.42746,0.14624,0.16733,0.37915,950,2.2941,0.4,0.16967,0.17134,0.37758,0,,,,,
A047,combined_yaw_right,303,7,0,,,100,1.99785,0.42035,0.15683,0.16736,0.37987,950,2.30429,0.40383,0.16946,0.1822,0.37804,0,,,,,
A047,combined_yaw_right,303,8,0,,,100,2.30184,0.4043,0.16033,0.1613,0.37429,950,2.0964,0.41664,0.15708,0.16054,0.37645,0,,,,,
A047,combined_yaw_right,303,9,0,,,100,1.77409,0.42314,0.15148,0.1603,0.37608,950,2.36655,0.40003,0.17421,0.17687,0.37612,0,,,,,
A047,combined_yaw_right,303,10,0,,,100,1.90773,0.44457,0.13832,0.15621,0.37576,950,2.20767,0.40806,0.16586,0.17132,0.37821,0,,,,,
A047,combined_yaw_right,303,11,0,,,100,1.85764,0.42742,0.14124,0.14935,0.37621,950,1.97828,0.42411,0.14763,0.1563,0.37438,0,,,,,
A047,combined_yaw_right,303,12,0,,,100,2.18823,0.3771,0.17814,0.19276,0.38015,950,2.28957,0.39838,0.16853,0.17845,0.37947,0,,,,,
A047,combined_yaw_right,303,13,0,,,100,2.67678,0.39829,0.18865,0.1728,0.37709,950,2.28783,0.40091,0.16989,0.1705,0.37762,0,,,,,
A047,combined_yaw_right,303,14,0,,,100,1.58518,0.44449,0.12619,0.15149,0.37116,950,2.3296,0.43487,0.13516,0.16475,0.36543,0,,,,,
A047,combined_yaw_right,303,15,0,,,100,2.05856,0.40766,0.1678,0.17613,0.38232,950,2.25504,0.3942,0.17572,0.17917,0.38304,0,,,,,
A047,combined_yaw_right,303,16,0,,,100,3.02301,0.3735,0.19732,0.17311,0.3691,950,2.26018,0.42059,0.15017,0.1595,0.37216,0,,,,,
A047,combined_yaw_right,303,17,0,,,100,2.05473,0.43542,0.13888,0.16592,0.37868,950,2.48981,0.41921,0.1524,0.17046,0.37217,0,,,,,
A047,combined_yaw_right,303,18,0,,,100,2.13069,0.42696,0.15431,0.17702,0.37138,950,2.27824,0.42634,0.15055,0.15779,0.37271,0,,,,,
A047,combined_yaw_right,303,19,0,,,100,2.63787,0.40575,0.16084,0.17628,0.36284,950,2.12409,0.43635,0.13347,0.15204,0.36751,0,,,,,
A047,combined_yaw_right,303,20,0,,,100,1.81278,0.44048,0.13683,0.1341,0.36977,950,2.2911,0.44042,0.13692,0.1575,0.36595,0,,,,,
A047,combined_yaw_right,303,21,0,,,100,2.35303,0.39814,0.17343,0.18734,0.38115,950,2.06554,0.41404,0.15757,0.1627,0.3801,0,,,,,
A047,combined_yaw_right,303,22,0,,,100,1.60336,0.42573,0.14764,0.15469,0.3821,950,2.051,0.40342,0.1667,0.17363,0.38255,0,,,,,
A047,combined_yaw_right,303,23,0,,,100,2.36387,0.38347,0.18317,0.20151,0.37743,950,2.19036,0.41404,0.15204,0.16767,0.37598,0,,,,,
A047,combined_yaw_right,303,24,0,,,100,2.49074,0.37901,0.19282,0.21098,0.37756,950,2.24585,0.39883,0.16907,0.18637,0.37949,0,,,,,
A047,combined_yaw_right,303,25,0,,,100,1.6626,0.43914,0.13838,0.14589,0.37949,950,2.32064,0.41068,0.16517,0.17711,0.37647,0,,,,,
A047,combined_yaw_right,303,26,0,,,100,2.28887,0.41215,0.16051,0.19549,0.37454,950,2.27112,0.42141,0.15177,0.17096,0.37514,0,,,,,
A047,combined_yaw_right,303,27,0,,,100,2.60261,0.41332,0.14832,0.17956,0.36566,950,2.33978,0.4238,0.14962,0.16866,0.37052,0,,,,,
A047,combined_yaw_right,303,28,0,,,100,1.94071,0.42805,0.15615,0.15946,0.38342,950,2.28064,0.3896,0.17787,0.17405,0.38204,0,,,,,
A047,combined_yaw_right,303,29,0,,,100,3.38692,0.34892,0.21978,0.23619,0.37521,950,2.46411,0.38958,0.17931,0.18187,0.37934,0,,,,,
A047,combined_yaw_right,303,30,0,,,100,3.03763,0.39229,0.18997,0.22037,0.36764,950,2.37638,0.42293,0.15299,0.16772,0.37053,0,,,,,
A047,combined_yaw_right,303,31,0,,,100,2.33289,0.42892,0.12987,0.15405,0.36814,950,2.28605,0.42832,0.14318,0.16034,0.36924,0,,,,,
A033,rough_lateral,101,0,0,,,100,12.84604,0.13348,0.24718,0.19298,0.34184,950,11.22797,0.13087,0.28499,0.20568,0.33112,0,,,,,
A033,rough_lateral,101,1,1,19.12,19.02,100,5.80071,0.13004,0.18011,0.16238,0.37617,851,6.01713,0.17046,0.16259,0.14077,0.38037,50,6.56056,0.26373,0.20248,0.22132,0.34832
A033,rough_lateral,101,2,1,1.12,0.96,0,,,,,,0,,,,,,47,7.11922,0.25037,0.1681,0.21054,0.36555
A033,rough_lateral,101,3,0,,,100,4.66894,0.20554,0.11602,0.11915,0.39474,950,6.94599,0.17875,0.15637,0.12361,0.38337,0,,,,,
A033,rough_lateral,101,4,1,6.92,6.72,100,14.98973,0.14112,0.2114,0.1832,0.31888,236,13.66446,0.19835,0.17651,0.21273,0.31551,50,7.02431,0.20515,0.13359,0.17727,0.35535
A033,rough_lateral,101,5,0,,,100,7.40052,0.15773,0.15403,0.12155,0.38599,950,8.03316,0.15212,0.18832,0.13434,0.36503,0,,,,,
A033,rough_lateral,101,6,1,9.02,8.62,100,8.07667,0.19906,0.22528,0.23371,0.34618,331,5.97679,0.18491,0.16568,0.15588,0.36859,50,5.45296,0.24485,0.15839,0.13916,0.37135
A033,rough_lateral,101,7,0,,,100,10.82998,0.1088,0.26931,0.24475,0.35235,950,12.72687,0.14888,0.24641,0.20174,0.34643,0,,,,,
A033,rough_lateral,101,8,1,8.62,8.3,100,7.25483,0.16855,0.15316,0.11237,0.36344,316,8.90711,0.17456,0.14287,0.10516,0.37318,49,6.93963,0.27157,0.0928,0.14784,0.36768
A033,rough_lateral,101,9,0,,,100,7.35395,0.21504,0.16777,0.12609,0.37654,950,8.03757,0.18987,0.19035,0.15095,0.36825,0,,,,,
A033,rough_lateral,101,10,1,1.42,0.76,0,,,,,,0,,,,,,37,3.0905,0.27004,0.09229,0.12708,0.37288
A033,rough_lateral,101,11,0,,,100,4.21201,0.12128,0.21375,0.15109,0.36972,950,5.71681,0.16781,0.18307,0.1521,0.36099,0,,,,,
A033,rough_lateral,101,12,1,4.98,4.4,100,21.91765,0.27122,0.29807,0.3148,0.26837,121,20.03981,0.25144,0.27177,0.27063,0.28125,49,6.88204,0.22534,0.13365,0.16095,0.35147
A033,rough_lateral,101,13,0,,,100,7.71835,0.12929,0.22386,0.12974,0.3499,950,7.05755,0.15923,0.1732,0.12069,0.37266,0,,,,,
A033,rough_lateral,101,14,0,,,100,13.08044,0.24579,0.22559,0.17817,0.32818,950,7.24257,0.2274,0.13115,0.13388,0.3651,0,,,,,
A033,rough_lateral,101,15,0,,,100,7.82976,0.23308,0.16937,0.17158,0.34085,950,7.10503,0.20892,0.15017,0.12979,0.37019,0,,,,,
A033,rough_lateral,101,16,0,,,100,6.66317,0.12861,0.18206,0.13537,0.39129,950,6.69943,0.1506,0.18672,0.11425,0.37969,0,,,,,
A033,rough_lateral,101,17,1,12.32,11.44,100,6.79511,0.18328,0.14092,0.09658,0.38832,472,6.6879,0.19943,0.15379,0.12776,0.37633,50,4.19651,0.25724,0.1714,0.11542,0.36831
A033,rough_lateral,101,18,1,19.4,18.82,100,6.17487,0.2415,0.11491,0.14105,0.35151,841,13.02979,0.17653,0.2215,0.22124,0.31877,50,8.30969,0.23197,0.12389,0.18557,0.36218
A033,rough_lateral,101,19,1,8.4,7.64,100,4.7167,0.18749,0.17535,0.13686,0.37241,282,6.69847,0.18818,0.18056,0.12398,0.37176,50,5.31435,0.20319,0.1345,0.23575,0.36956
A033,rough_lateral,101,20,1,14.16,13.86,100,6.80125,0.19269,0.12819,0.1053,0.39261,593,6.33021,0.21794,0.10807,0.11073,0.39021,50,3.82454,0.2458,0.12934,0.13885,0.35629
A033,rough_lateral,101,21,0,,,100,5.04362,0.23057,0.12572,0.12143,0.38389,950,10.73712,0.18558,0.18203,0.18349,0.35825,0,,,,,
A033,rough_lateral,101,22,0,,,100,5.65507,0.23802,0.07527,0.11154,0.38178,950,14.40516,0.23781,0.1709,0.23396,0.31691,0,,,,,
A033,rough_lateral,101,23,1,6.28,6.02,100,11.84987,0.32096,0.22424,0.2158,0.32786,201,8.52456,0.21835,0.22432,0.16782,0.33783,50,5.4632,0.21132,0.17005,0.16067,0.34833
A033,rough_lateral,101,24,1,1.64,1.04,0,,,,,,0,,,,,,49,10.05599,0.2143,0.13982,0.16769,0.35542
A033,rough_lateral,101,25,1,8.54,8.42,100,7.56544,0.23738,0.1119,0.14554,0.33296,321,7.96725,0.24511,0.11814,0.1418,0.32937,50,7.29972,0.22682,0.1001,0.15185,0.3528
A033,rough_lateral,101,26,1,1.34,0.9,0,,,,,,0,,,,,,44,5.1073,0.25118,0.13312,0.11322,0.36118
A033,rough_lateral,101,27,1,2.18,1.6,0,,,,,,0,,,,,,49,5.71037,0.24209,0.16105,0.13189,0.35923
A033,rough_lateral,101,28,1,17.28,16.8,100,7.44659,0.15868,0.15241,0.13299,0.37276,740,6.97407,0.12714,0.23816,0.15516,0.34057,50,8.00926,0.28071,0.12321,0.10554,0.34139
A033,rough_lateral,101,29,1,1.8,1.16,0,,,,,,0,,,,,,50,6.08862,0.24173,0.11267,0.16712,0.37228
A033,rough_lateral,101,30,1,9.06,8.42,100,8.81563,0.1413,0.1703,0.0975,0.39717,321,5.94108,0.16938,0.1528,0.12628,0.38623,50,5.20868,0.20875,0.12237,0.14676,0.37159
A033,rough_lateral,101,31,1,10.22,9.84,100,6.71115,0.18626,0.1402,0.13465,0.38103,392,7.2,0.20035,0.16499,0.15033,0.36242,50,7.00132,0.23418,0.14608,0.14299,0.36437
A047,rough_lateral,101,0,0,,,100,8.20255,0.07481,0.26706,0.12335,0.34913,950,5.78345,0.05102,0.29305,0.1519,0.33713,0,,,,,
A047,rough_lateral,101,1,1,12.12,11.18,100,1.2185,0.04895,0.27616,0.09598,0.38632,459,4.25698,0.11571,0.23014,0.13187,0.37336,50,12.37124,0.0909,0.2376,0.1592,0.35822
A047,rough_lateral,101,2,1,4.84,4.56,100,5.62701,0.13034,0.25363,0.17864,0.33439,128,5.1427,0.12282,0.24687,0.15612,0.343,50,8.5411,0.10514,0.20643,0.21951,0.3412
A047,rough_lateral,101,3,1,13.54,12.96,100,7.29812,0.094,0.21807,0.11538,0.37901,548,6.53097,0.13468,0.19589,0.12817,0.37707,50,7.34852,0.20649,0.13197,0.11531,0.39683
A047,rough_lateral,101,4,1,17.74,17.1,100,4.21031,0.0813,0.23417,0.1048,0.37471,755,5.87373,0.13159,0.20551,0.13943,0.34626,50,3.87248,0.12415,0.20096,0.17181,0.37254
A047,rough_lateral,101,5,0,,,100,2.46124,0.05229,0.29487,0.08175,0.37355,950,4.50433,0.04054,0.29522,0.09953,0.35447,0,,,,,
A047,rough_lateral,101,6,0,,,100,5.91145,0.03605,0.29836,0.09102,0.37039,950,5.51764,0.07831,0.26091,0.17377,0.35949,0,,,,,
A047,rough_lateral,101,7,1,4.68,4.44,100,25.29103,0.23876,0.26651,0.30368,0.3143,123,21.11356,0.23985,0.26815,0.27277,0.31087,49,7.02076,0.18654,0.12868,0.12785,0.36503
A047,rough_lateral,101,8,0,,,100,2.53816,0.15635,0.1698,0.11992,0.37582,950,7.50187,0.16454,0.1875,0.19048,0.36266,0,,,,,
A047,rough_lateral,101,9,0,,,100,25.56158,0.25133,0.3584,0.50176,0.30648,950,5.21066,0.11227,0.25045,0.15107,0.36136,0,,,,,
A047,rough_lateral,101,10,0,,,100,17.83709,0.2667,0.2368,0.33685,0.31295,950,8.81478,0.1314,0.27146,0.18341,0.33696,0,,,,,
A047,rough_lateral,101,11,0,,,100,3.99598,0.10266,0.24201,0.1332,0.35648,950,15.03931,0.05896,0.27917,0.09095,0.26249,0,,,,,
A047,rough_lateral,101,12,0,,,100,2.8018,0.23298,0.08626,0.11964,0.38071,950,6.61103,0.14298,0.2077,0.16914,0.33765,0,,,,,
A047,rough_lateral,101,13,1,7.64,7.4,100,13.16331,0.25293,0.15322,0.40568,0.33036,270,8.43914,0.14501,0.20586,0.22004,0.3589,50,5.8928,0.13895,0.19478,0.18941,0.38173
A047,rough_lateral,101,14,0,,,100,18.73823,0.26958,0.24543,0.32984,0.33605,950,9.08505,0.12479,0.25406,0.17706,0.33771,0,,,,,
A047,rough_lateral,101,15,0,,,100,2.73542,0.12673,0.18054,0.10417,0.37816,950,8.07691,0.15667,0.21445,0.15206,0.35624,0,,,,,
A047,rough_lateral,101,16,0,,,100,4.76775,0.14047,0.17626,0.12848,0.36808,950,4.31468,0.14519,0.18755,0.12676,0.36739,0,,,,,
A047,rough_lateral,101,17,1,3.72,3.32,66,3.55006,0.2046,0.12505,0.10555,0.3854,66,3.55006,0.2046,0.12505,0.10555,0.3854,50,5.8844,0.21594,0.09931,0.17056,0.37853
A047,rough_lateral,101,18,0,,,100,20.4477,0.27769,0.24356,0.52075,0.30147,950,8.2937,0.1339,0.23449,0.19788,0.33257,0,,,,,
A047,rough_lateral,101,19,0,,,100,2.45073,0.0303,0.2916,0.09108,0.35959,950,5.55602,0.07274,0.27582,0.15811,0.35069,0,,,,,
A047,rough_lateral,101,20,1,6.9,6.38,100,5.45772,0.09303,0.25036,0.11266,0.37762,219,4.9622,0.09957,0.2365,0.12972,0.37167,50,7.93854,0.15518,0.18927,0.14524,0.36418
A047,rough_lateral,101,21,1,9.34,9.2,100,5.03909,0.13595,0.20979,0.14558,0.34339,360,3.77088,0.16693,0.16095,0.12497,0.36993,50,6.26642,0.07324,0.23862,0.1463,0.37975
A047,rough_lateral,101,22,1,9.18,8.98,100,10.96889,0.15162,0.18427,0.38643,0.28272,349,9.807,0.14698,0.20735,0.24748,0.29839,50,6.19671,0.24713,0.0991,0.16012,0.376
A047,rough_lateral,101,23,1,3.22,2.56,28,3.61267,0.19984,0.12977,0.12223,0.39636,28,3.61267,0.19984,0.12977,0.12223,0.39636,50,6.65123,0.16894,0.14549,0.13465,0.37919
A047,rough_lateral,101,24,1,6.34,5.54,100,2.47271,0.1249,0.18987,0.08472,0.38267,177,2.74385,0.15329,0.15791,0.10488,0.38171,50,8.6417,0.15999,0.14823,0.15815,0.36359
A047,rough_lateral,101,25,0,,,100,3.95932,0.21606,0.11018,0.10991,0.36822,950,8.61211,0.17041,0.21192,0.17397,0.33382,0,,,,,
A047,rough_lateral,101,26,1,1.34,1.16,0,,,,,,0,,,,,,50,8.39967,0.19443,0.12538,0.18526,0.35776
A047,rough_lateral,101,27,1,2.1,1.62,0,,,,,,0,,,,,,49,6.43594,0.20236,0.16798,0.18573,0.35956
A047,rough_lateral,101,28,1,1.6,1.24,0,,,,,,0,,,,,,50,4.94211,0.16066,0.16301,0.17217,0.3541
A047,rough_lateral,101,29,1,4.0,3.4,70,5.02868,0.10468,0.21975,0.13109,0.3461,70,5.02868,0.10468,0.21975,0.13109,0.3461,50,6.43234,0.21492,0.13407,0.21457,0.37035
A047,rough_lateral,101,30,0,,,100,6.19254,0.10805,0.2062,0.1413,0.3774,950,6.98289,0.15387,0.18437,0.14336,0.37259,0,,,,,
A047,rough_lateral,101,31,1,4.34,4.1,100,3.38168,0.17585,0.1546,0.12333,0.37023,105,3.29073,0.17561,0.15405,0.12752,0.36954,50,4.90285,0.16089,0.14702,0.19771,0.36972
A033,rough_lateral,202,0,1,1.74,1.54,0,,,,,,0,,,,,,50,4.16447,0.27431,0.10239,0.12272,0.36182
A033,rough_lateral,202,1,0,,,100,8.0742,0.19164,0.14401,0.13145,0.36548,950,11.1027,0.20087,0.16817,0.16236,0.33361,0,,,,,
A033,rough_lateral,202,2,0,,,100,6.60017,0.21135,0.12502,0.1184,0.38924,950,6.04211,0.20085,0.12585,0.12272,0.3874,0,,,,,
A033,rough_lateral,202,3,1,14.52,14.02,100,6.48978,0.16534,0.14836,0.10052,0.36813,601,6.56822,0.14308,0.19871,0.11185,0.37584,50,4.51823,0.17484,0.20329,0.1818,0.39299
A033,rough_lateral,202,4,0,,,100,8.9941,0.23566,0.21213,0.26225,0.33361,950,8.0405,0.17212,0.20722,0.17357,0.36015,0,,,,,
A033,rough_lateral,202,5,1,13.92,13.36,100,4.1649,0.16045,0.21758,0.13867,0.35704,568,7.42689,0.16718,0.1926,0.13753,0.35254,50,5.82814,0.26345,0.12074,0.17542,0.36766
A033,rough_lateral,202,6,1,10.14,9.58,100,12.00251,0.12852,0.25762,0.23489,0.33242,379,11.60536,0.18425,0.20741,0.18863,0.33161,50,6.59648,0.26191,0.11221,0.14371,0.36755
A033,rough_lateral,202,7,1,5.76,5.32,100,8.08111,0.15283,0.16624,0.10752,0.37722,166,6.2506,0.16111,0.15927,0.11284,0.37802,50,5.04965,0.27149,0.09218,0.1532,0.3879
A033,rough_lateral,202,8,1,0.96,0.82,0,,,,,,0,,,,,,40,4.41209,0.24934,0.11317,0.17056,0.36174
A033,rough_lateral,202,9,0,,,100,6.85167,0.18595,0.14643,0.20569,0.35702,950,7.57135,0.19318,0.16404,0.15697,0.36433,0,,,,,
A033,rough_lateral,202,10,1,13.86,13.4,100,3.9931,0.19797,0.11238,0.11669,0.39233,570,6.42773,0.21809,0.11478,0.11734,0.38085,50,6.52972,0.24692,0.14643,0.14004,0.37556
A033,rough_lateral,202,11,1,3.4,2.78,39,2.1501,0.12251,0.18927,0.11115,0.3754,39,2.1501,0.12251,0.18927,0.11115,0.3754,50,4.07326,0.23119,0.08474,0.0998,0.36591
A033,rough_lateral,202,12,1,15.74,15.16,100,7.91689,0.28103,0.13291,0.12465,0.33078,658,13.07897,0.23057,0.17707,0.17412,0.32836,50,6.13793,0.31921,0.09166,0.19507,0.35896
A033,rough_lateral,202,13,1,14.12,14.0,100,8.94785,0.24905,0.14381,0.1219,0.37309,600,12.54016,0.18996,0.19957,0.15377,0.34203,50,5.50698,0.25927,0.12678,0.19093,0.36563
A033,rough_lateral,202,14,1,15.78,15.64,100,10.04311,0.26342,0.25636,0.19431,0.29992,682,13.24765,0.21012,0.22114,0.19513,0.31572,50,5.12895,0.25438,0.12389,0.20143,0.36692
A033,rough_lateral,202,15,1,12.14,11.92,100,11.36303,0.26084,0.23908,0.26219,0.29568,496,9.25833,0.20666,0.16,0.18698,0.34242,50,9.77117,0.26203,0.12422,0.15516,0.32921
A033,rough_lateral,202,16,0,,,100,7.41103,0.122,0.21886,0.15362,0.37838,950,7.62504,0.16336,0.18592,0.14444,0.37581,0,,,,,
A033,rough_lateral,202,17,1,2.48,2.24,13,4.8478,0.29727,0.16365,0.12747,0.33636,13,4.8478,0.29727,0.16365,0.12747,0.33636,49,6.60284,0.2322,0.14826,0.20689,0.35215
A033,rough_lateral,202,18,1,9.94,9.5,100,7.01516,0.11935,0.20291,0.17039,0.36412,375,6.84013,0.11902,0.20741,0.13766,0.36752,50,4.84886,0.17352,0.20658,0.13583,0.35706
A033,rough_lateral,202,19,0,,,100,4.03389,0.20711,0.12846,0.11995,0.38111,950,6.83085,0.15709,0.17744,0.12219,0.37883,0,,,,,
A033,rough_lateral,202,20,1,16.4,16.14,100,13.92491,0.14716,0.27963,0.16503,0.30857,707,9.80291,0.20012,0.18034,0.15982,0.32119,50,7.03476,0.17114,0.17848,0.16111,0.29778
A033,rough_lateral,202,21,1,3.02,2.82,41,8.444,0.08123,0.26316,0.18324,0.37867,41,8.444,0.08123,0.26316,0.18324,0.37867,50,5.10255,0.21764,0.13129,0.10198,0.38155
A033,rough_lateral,202,22,0,,,100,6.79656,0.24125,0.09365,0.1272,0.37792,950,8.35691,0.19318,0.14524,0.14258,0.36739,0,,,,,
A033,rough_lateral,202,23,1,12.66,12.38,100,8.49941,0.24968,0.11811,0.13896,0.33819,519,10.76792,0.17374,0.21178,0.18805,0.33134,50,6.59633,0.26315,0.08839,0.24593,0.3439
A033,rough_lateral,202,24,0,,,100,5.58689,0.20746,0.10522,0.11515,0.40034,950,7.43371,0.13546,0.1902,0.12013,0.38035,0,,,,,
A033,rough_lateral,202,25,1,0.94,0.74,0,,,,,,0,,,,,,36,5.82921,0.25368,0.14637,0.15056,0.36847
A033,rough_lateral,202,26,0,,,100,6.13157,0.21294,0.17668,0.18363,0.36389,950,6.5639,0.17836,0.16813,0.12142,0.3768,0,,,,,
A033,rough_lateral,202,27,1,12.08,11.84,100,20.08865,0.23505,0.20902,0.32437,0.26505,492,14.81158,0.2141,0.1886,0.22408,0.31467,50,8.8465,0.23697,0.11479,0.15599,0.3348
A033,rough_lateral,202,28,0,,,100,5.64384,0.20508,0.13482,0.12187,0.37129,950,9.25942,0.16865,0.19059,0.15922,0.34944,0,,,,,
A033,rough_lateral,202,29,0,,,100,4.31872,0.14187,0.1887,0.0969,0.37985,950,6.93866,0.16658,0.18714,0.12854,0.36338,0,,,,,
A033,rough_lateral,202,30,0,,,100,12.6969,0.10461,0.29438,0.21147,0.32692,950,13.78045,0.10692,0.30443,0.1567,0.31503,0,,,,,
A033,rough_lateral,202,31,1,1.02,0.72,0,,,,,,0,,,,,,35,5.62101,0.28401,0.13594,0.15589,0.37274
A047,rough_lateral,202,0,1,11.44,11.26,100,5.8354,0.24454,0.10584,0.14449,0.34275,463,6.1024,0.15903,0.19467,0.16007,0.33238,50,4.65273,0.16247,0.17302,0.17435,0.35532
A047,rough_lateral,202,1,1,17.76,17.2,100,3.71334,0.16406,0.15524,0.13733,0.36939,760,5.00502,0.14529,0.20447,0.14458,0.36281,50,4.86193,0.23803,0.07886,0.22197,0.36763
A047,rough_lateral,202,2,1,4.92,4.72,100,8.97329,0.19668,0.17313,0.17182,0.34511,136,7.35642,0.22049,0.15564,0.15238,0.355,50,4.83953,0.22186,0.12267,0.13905,0.38354
A047,rough_lateral,202,3,0,,,100,15.47796,0.179,0.28028,0.32972,0.32497,950,6.55944,0.15003,0.20196,0.15217,0.3683,0,,,,,
A047,rough_lateral,202,4,0,,,100,2.38122,0.12515,0.21789,0.11251,0.38759,950,7.77554,0.15734,0.19757,0.1573,0.36717,0,,,,,
A047,rough_lateral,202,5,1,9.88,9.34,100,3.48395,0.10044,0.24085,0.12073,0.37872,367,4.63632,0.12207,0.21943,0.13315,0.35761,50,4.0664,0.15619,0.1488,0.21438,0.37153
A047,rough_lateral,202,6,1,15.36,14.68,100,8.90812,0.08496,0.27882,0.15262,0.32656,634,5.74067,0.07574,0.27214,0.15325,0.33545,50,6.03586,0.18695,0.12461,0.15404,0.36627
A047,rough_lateral,202,7,1,10.66,10.42,100,2.12169,0.16704,0.14152,0.10437,0.37653,421,3.59723,0.13539,0.1798,0.11421,0.38006,50,6.63396,0.0822,0.24538,0.15272,0.36536
A047,rough_lateral,202,8,1,4.06,3.88,94,4.16783,0.17974,0.13833,0.10404,0.37856,94,4.16783,0.17974,0.13833,0.10404,0.37856,50,4.00337,0.24476,0.10587,0.22316,0.36855
A047,rough_lateral,202,9,1,9.72,9.2,100,19.53199,0.20253,0.23403,0.26629,0.31661,360,16.97004,0.19524,0.28092,0.22393,0.32957,50,12.31313,0.08203,0.24719,0.14274,0.36381
A047,rough_lateral,202,10,1,2.94,2.14,8,6.741,0.0618,0.25391,0.10152,0.3705,8,6.741,0.0618,0.25391,0.10152,0.3705,49,9.01185,0.08952,0.26694,0.09882,0.36216
A047,rough_lateral,202,11,1,3.96,3.46,73,3.49334,0.16336,0.158,0.07629,0.39159,73,3.49334,0.16336,0.158,0.07629,0.39159,50,5.26816,0.14429,0.19677,0.22328,0.37152
A047,rough_lateral,202,12,0,,,100,8.20475,0.14208,0.26766,0.21596,0.31221,950,9.04732,0.14179,0.26875,0.18901,0.3459,0,,,,,
A047,rough_lateral,202,13,0,,,100,14.16222,0.13774,0.2288,0.18634,0.31561,950,5.40365,0.09865,0.22761,0.11884,0.36711,0,,,,,
A047,rough_lateral,202,14,1,4.8,4.2,100,2.52659,0.18008,0.14256,0.13591,0.37067,110,2.51225,0.17172,0.14909,0.13756,0.37194,50,3.87813,0.1621,0.14207,0.1562,0.37643
A047,rough_lateral,202,15,1,17.52,17.24,100,6.10289,0.06089,0.27148,0.15594,0.32929,762,6.63997,0.1109,0.27207,0.15194,0.34098,50,5.49139,0.20867,0.10145,0.24409,0.35396
A047,rough_lateral,202,16,1,3.6,3.34,67,2.81817,0.24811,0.09701,0.1242,0.38611,67,2.81817,0.24811,0.09701,0.1242,0.38611,50,6.84333,0.17147,0.14805,0.10887,0.37805
A047,rough_lateral,202,17,0,,,100,4.311,0.03676,0.29123,0.10974,0.33407,950,7.94221,0.08858,0.28061,0.15394,0.33569,0,,,,,
A047,rough_lateral,202,18,1,7.88,7.26,100,9.05311,0.1522,0.19037,0.21715,0.34795,263,7.62134,0.16366,0.19626,0.19881,0.35248,50,5.95193,0.11251,0.20528,0.12816,0.37371
A047,rough_lateral,202,19,0,,,100,3.61037,0.11823,0.19539,0.09993,0.3808,950,5.22599,0.14359,0.19175,0.14549,0.37713,0,,,,,
A047,rough_lateral,202,20,0,,,100,6.01423,0.13303,0.20377,0.1209,0.33269,950,4.75508,0.09277,0.26388,0.13769,0.33225,0,,,,,
A047,rough_lateral,202,21,1,3.44,2.88,44,2.34251,0.1477,0.15732,0.12332,0.38069,44,2.34251,0.1477,0.15732,0.12332,0.38069,50,6.05734,0.12691,0.18573,0.14575,0.38535
A047,rough_lateral,202,22,1,2.08,1.4,0,,,,,,0,,,,,,50,7.32242,0.20329,0.11068,0.12523,0.36688
A047,rough_lateral,202,23,1,7.1,6.64,100,3.33778,0.17171,0.13555,0.12407,0.36545,232,3.81199,0.16541,0.14372,0.12007,0.36883,50,6.52795,0.25166,0.09986,0.23221,0.36303
A047,rough_lateral,202,24,0,,,100,4.67511,0.14196,0.2065,0.20604,0.38645,950,5.03825,0.18182,0.15942,0.15761,0.38118,0,,,,,
A047,rough_lateral,202,25,1,1.04,0.84,0,,,,,,0,,,,,,41,7.32429,0.19482,0.12298,0.12807,0.37702
A047,rough_lateral,202,26,0,,,100,3.42258,0.06701,0.25523,0.11189,0.37811,950,8.02568,0.12411,0.23421,0.15247,0.36753,0,,,,,
A047,rough_lateral,202,27,1,0.84,0.66,0,,,,,,0,,,,,,32,7.36062,0.25433,0.12159,0.34322,0.36141
A047,rough_lateral,202,28,0,,,100,6.3825,0.07346,0.24715,0.17652,0.37414,950,2.0902,0.03791,0.29311,0.09505,0.35911,0,,,,,
A047,rough_lateral,202,29,1,1.76,1.26,0,,,,,,0,,,,,,50,6.53794,0.27517,0.07384,0.16166,0.37272
A047,rough_lateral,202,30,0,,,100,11.69095,0.20909,0.20783,0.26528,0.29957,950,5.45277,0.06174,0.27726,0.12312,0.31935,0,,,,,
A047,rough_lateral,202,31,0,,,100,5.75032,0.15049,0.21522,0.20351,0.35169,950,10.93634,0.08961,0.28051,0.13809,0.3006,0,,,,,
A033,rough_lateral,303,0,1,17.0,16.42,100,7.78295,0.19904,0.2075,0.16634,0.35562,722,6.14268,0.20358,0.17803,0.16326,0.36803,49,6.00054,0.19902,0.12829,0.12099,0.37161
A033,rough_lateral,303,1,1,7.92,7.74,100,7.23117,0.18806,0.13506,0.11442,0.37901,287,6.89053,0.16654,0.15179,0.13227,0.36136,50,6.92055,0.28347,0.16745,0.21744,0.35362
A033,rough_lateral,303,2,1,7.4,7.12,100,5.66852,0.10077,0.22063,0.12594,0.3691,256,6.96157,0.11131,0.2117,0.13847,0.36332,50,7.08754,0.11757,0.20715,0.18562,0.36206
A033,rough_lateral,303,3,1,0.7,0.44,0,,,,,,0,,,,,,21,8.37902,0.27095,0.21025,0.2479,0.38364
A033,rough_lateral,303,4,1,7.84,7.08,100,6.81809,0.23671,0.1079,0.11384,0.39645,254,5.89165,0.17358,0.15466,0.14295,0.38793,50,6.49406,0.23049,0.21873,0.23701,0.35947
A033,rough_lateral,303,5,0,,,100,9.43615,0.11995,0.22222,0.13035,0.35667,950,9.1219,0.12736,0.21881,0.1441,0.3598,0,,,,,
A033,rough_lateral,303,6,0,,,100,9.84555,0.15157,0.16608,0.11287,0.38761,950,7.43459,0.17581,0.15299,0.11221,0.37996,0,,,,,
A033,rough_lateral,303,7,0,,,100,4.10232,0.15569,0.16341,0.11997,0.3785,950,6.49389,0.20152,0.14351,0.1292,0.38059,0,,,,,
A033,rough_lateral,303,8,0,,,100,9.57737,0.23574,0.17281,0.20701,0.36067,950,9.57704,0.16829,0.19546,0.15145,0.36166,0,,,,,
A033,rough_lateral,303,9,0,,,100,4.89784,0.24002,0.11704,0.13363,0.3675,950,6.19464,0.20139,0.13495,0.11279,0.37587,0,,,,,
A033,rough_lateral,303,10,1,3.78,3.62,81,4.41061,0.19958,0.11566,0.12862,0.38988,81,4.41061,0.19958,0.11566,0.12862,0.38988,50,5.48014,0.22486,0.13721,0.12881,0.38993
A033,rough_lateral,303,11,1,5.84,5.66,100,8.08757,0.26708,0.12998,0.10094,0.36048,183,7.938,0.22858,0.134,0.11733,0.36018,50,5.33751,0.16779,0.18999,0.16386,0.36544
A033,rough_lateral,303,12,0,,,100,4.65079,0.21335,0.15654,0.12153,0.367,950,7.67184,0.20177,0.16924,0.1597,0.35792,0,,,,,
A033,rough_lateral,303,13,1,18.52,18.04,100,6.97392,0.17644,0.15011,0.13301,0.38739,802,7.47135,0.13727,0.21208,0.1516,0.36435,50,5.68624,0.19901,0.11789,0.09779,0.3902
A033,rough_lateral,303,14,1,0.9,0.74,0,,,,,,0,,,,,,36,3.88946,0.28675,0.14704,0.11931,0.36437
A033,rough_lateral,303,15,0,,,100,5.62613,0.11544,0.22048,0.14381,0.36382,950,6.48419,0.15043,0.19542,0.13671,0.37281,0,,,,,
A033,rough_lateral,303,16,1,1.32,0.7,0,,,,,,0,,,,,,34,4.84887,0.25634,0.13864,0.17299,0.37319
A033,rough_lateral,303,17,1,16.3,16.12,100,6.74547,0.18915,0.19393,0.12515,0.33785,707,8.04779,0.2061,0.13427,0.13057,0.36305,49,8.43617,0.25325,0.1089,0.10087,0.36833
A033,rough_lateral,303,18,1,6.9,6.78,100,20.78412,0.18171,0.24682,0.25074,0.30093,239,16.05614,0.21242,0.19079,0.20721,0.31825,50,6.1924,0.21792,0.16392,0.08716,0.37712
A033,rough_lateral,303,19,1,2.42,1.74,0,,,,,,0,,,,,,50,5.42518,0.26768,0.10932,0.19202,0.35374
A033,rough_lateral,303,20,1,13.44,13.08,100,6.60735,0.17052,0.15833,0.14472,0.34481,554,10.828,0.16849,0.21356,0.18284,0.33812,50,10.41843,0.24089,0.12338,0.17248,0.34696
A033,rough_lateral,303,21,0,,,100,8.26171,0.16564,0.22836,0.13044,0.35598,950,8.3681,0.1438,0.21099,0.14529,0.3682,0,,,,,
A033,rough_lateral,303,22,0,,,100,7.45969,0.11402,0.2416,0.20418,0.37078,950,7.55779,0.15457,0.19181,0.1491,0.37361,0,,,,,
A033,rough_lateral,303,23,1,11.32,10.32,100,24.1515,0.28107,0.22576,0.50881,0.2713,416,9.40195,0.20721,0.16766,0.22097,0.35179,50,6.2009,0.16044,0.20848,0.21812,0.36025
A033,rough_lateral,303,24,0,,,100,5.5787,0.21053,0.11585,0.11657,0.38881,950,8.30734,0.20811,0.16201,0.13758,0.36414,0,,,,,
A033,rough_lateral,303,25,0,,,100,16.58039,0.22011,0.20974,0.31752,0.30836,950,9.08347,0.17957,0.18825,0.1551,0.34189,0,,,,,
A033,rough_lateral,303,26,1,7.26,6.88,100,8.98667,0.19281,0.15044,0.1904,0.34605,244,8.47699,0.17182,0.15644,0.1466,0.36193,50,6.27067,0.28873,0.09431,0.19064,0.36274
A033,rough_lateral,303,27,1,1.56,1.2,0,,,,,,0,,,,,,50,6.54396,0.26177,0.11156,0.14188,0.37342
A033,rough_lateral,303,28,0,,,100,21.68773,0.22636,0.2459,0.56392,0.33462,950,9.66111,0.1481,0.21297,0.18823,0.36758,0,,,,,
A033,rough_lateral,303,29,0,,,100,12.62335,0.10119,0.2688,0.17013,0.34536,950,9.1835,0.13204,0.20984,0.1216,0.36935,0,,,,,
A033,rough_lateral,303,30,1,16.66,16.42,100,6.94361,0.23009,0.11867,0.15268,0.36691,722,11.19467,0.22244,0.15301,0.15993,0.35367,49,4.49641,0.26023,0.06704,0.1958,0.36387
A033,rough_lateral,303,31,1,5.52,5.12,100,5.28439,0.23644,0.07785,0.11042,0.38297,156,6.88634,0.22774,0.09007,0.11845,0.37411,50,8.45242,0.2883,0.11305,0.18414,0.33124
A047,rough_lateral,303,0,1,3.92,3.1,55,5.62849,0.16329,0.15199,0.1145,0.37137,55,5.62849,0.16329,0.15199,0.1145,0.37137,50,12.04462,0.12031,0.23534,0.2442,0.34301
A047,rough_lateral,303,1,0,,,100,12.66128,0.22554,0.33153,0.29619,0.31465,950,5.23398,0.05764,0.303,0.12806,0.32001,0,,,,,
A047,rough_lateral,303,2,1,9.52,9.36,100,4.84217,0.09396,0.22525,0.08589,0.38332,368,3.87688,0.11512,0.21923,0.10859,0.38147,50,5.37449,0.18382,0.15491,0.16053,0.38492
A047,rough_lateral,303,3,1,1.78,1.1,0,,,,,,0,,,,,,49,7.15108,0.18486,0.17233,0.15013,0.37455
A047,rough_lateral,303,4,1,16.54,15.72,100,3.98123,0.22722,0.11555,0.11789,0.39166,686,7.52166,0.12238,0.22334,0.1428,0.36156,50,12.47442,0.08041,0.28991,0.21132,0.33523
A047,rough_lateral,303,5,0,,,100,4.03536,0.06806,0.24057,0.12201,0.36551,950,4.40877,0.09936,0.22651,0.14496,0.36072,0,,,,,
A047,rough_lateral,303,6,0,,,100,13.08326,0.1749,0.3227,0.21834,0.3529,950,5.59389,0.11933,0.23078,0.13705,0.36953,0,,,,,
A047,rough_lateral,303,7,1,3.12,2.84,42,3.73369,0.15042,0.17143,0.08511,0.36526,42,3.73369,0.15042,0.17143,0.08511,0.36526,50,5.43902,0.2548,0.10339,0.19917,0.37036
A047,rough_lateral,303,8,0,,,100,22.95123,0.21003,0.34035,0.45648,0.29892,950,7.74956,0.09216,0.29642,0.18995,0.3471,0,,,,,
A047,rough_lateral,303,9,1,12.54,11.84,100,2.0052,0.08869,0.23491,0.10025,0.38385,492,2.33565,0.12767,0.19304,0.10924,0.37648,50,9.21615,0.1019,0.23132,0.1279,0.34641
A047,rough_lateral,303,10,1,8.5,8.32,100,1.87295,0.05115,0.29115,0.08128,0.37975,316,2.33974,0.10387,0.22456,0.10452,0.38372,50,4.54065,0.1915,0.12345,0.19215,0.38155
A047,rough_lateral,303,11,1,3.52,3.24,62,3.60513,0.14287,0.17314,0.11218,0.38503,62,3.60513,0.14287,0.17314,0.11218,0.38503,50,6.87322,0.16072,0.17156,0.15985,0.3695
A047,rough_lateral,303,12,0,,,100,5.07595,0.14453,0.17993,0.11998,0.35771,950,4.14905,0.07315,0.25914,0.09362,0.37682,0,,,,,
A047,rough_lateral,303,13,1,11.0,10.64,100,3.52041,0.15976,0.16108,0.18835,0.37648,432,8.64566,0.15749,0.26962,0.22742,0.35002,50,7.617,0.07816,0.23159,0.13986,0.34871
A047,rough_lateral,303,14,1,12.6,12.38,100,18.1492,0.14987,0.26958,0.16383,0.33333,519,12.18178,0.20016,0.21451,0.16636,0.33183,50,4.81079,0.14868,0.15757,0.15107,0.36313
A047,rough_lateral,303,15,1,7.2,6.72,100,1.99923,0.17554,0.15455,0.09941,0.37416,236,4.10919,0.16707,0.16097,0.12947,0.36988,50,8.9623,0.12327,0.20971,0.12227,0.36823
A047,rough_lateral,303,16,1,4.8,4.64,100,19.27582,0.19227,0.30777,0.34943,0.34225,132,15.00063,0.15765,0.30174,0.29087,0.35216,50,9.62144,0.25531,0.18887,0.22633,0.3488
A047,rough_lateral,303,17,0,,,100,4.83068,0.12283,0.22786,0.21958,0.3279,950,4.31442,0.07018,0.27687,0.19058,0.34918,0,,,,,
A047,rough_lateral,303,18,1,1.04,0.88,0,,,,,,0,,,,,,43,6.55242,0.20799,0.14373,0.21426,0.37488
A047,rough_lateral,303,19,1,1.46,1.24,0,,,,,,0,,,,,,50,6.37132,0.20216,0.12919,0.18594,0.36139
A047,rough_lateral,303,20,1,6.4,6.0,100,4.155,0.13228,0.23035,0.14097,0.34916,200,4.41947,0.14746,0.20247,0.20956,0.34092,50,4.42782,0.18091,0.13941,0.19793,0.36752
A047,rough_lateral,303,21,1,1.38,1.18,0,,,,,,0,,,,,,50,6.78924,0.22291,0.09839,0.14844,0.36556
A047,rough_lateral,303,22,0,,,100,3.93661,0.07099,0.25713,0.15,0.38212,950,4.08736,0.06591,0.29287,0.17116,0.3582,0,,,,,
A047,rough_lateral,303,23,1,3.38,2.78,39,6.63984,0.10309,0.24037,0.1332,0.33545,39,6.63984,0.10309,0.24037,0.1332,0.33545,50,8.62323,0.13159,0.17975,0.15537,0.3668
A047,rough_lateral,303,24,1,1.36,1.2,0,,,,,,0,,,,,,50,4.3038,0.21413,0.10864,0.2177,0.36176
A047,rough_lateral,303,25,1,1.94,1.4,0,,,,,,0,,,,,,50,5.4122,0.14084,0.17415,0.20234,0.35963
A047,rough_lateral,303,26,0,,,100,18.98023,0.25185,0.24537,0.34618,0.30004,950,4.98014,0.0942,0.28174,0.13211,0.33788,0,,,,,
A047,rough_lateral,303,27,1,8.86,8.3,100,5.99867,0.13906,0.20816,0.14706,0.36284,316,6.04022,0.14102,0.19266,0.13447,0.3678,49,9.7484,0.11858,0.20529,0.17002,0.3708
A047,rough_lateral,303,28,1,1.22,0.96,0,,,,,,0,,,,,,47,7.69391,0.20123,0.11677,0.12428,0.37689
A047,rough_lateral,303,29,0,,,100,2.04094,0.02969,0.30045,0.10041,0.37679,950,4.9704,0.09129,0.26737,0.12827,0.36097,0,,,,,
A047,rough_lateral,303,30,1,17.58,17.3,100,20.99621,0.31323,0.18567,0.54534,0.33396,765,8.18553,0.15536,0.22734,0.18089,0.35811,50,7.1162,0.10824,0.2287,0.08784,0.35983
A047,rough_lateral,303,31,1,4.84,4.62,100,4.28916,0.22018,0.12284,0.15555,0.37481,131,4.73855,0.20605,0.12919,0.14887,0.3717,50,4.44264,0.20983,0.09937,0.18969,0.38064
A033,push_pos_x,101,0,1,15.84,15.46,100,5.89823,0.02897,0.02897,0.08698,0.38205,673,5.44464,0.04533,0.04533,0.09557,0.38123,50,9.00618,0.08933,0.08933,0.10127,0.36195
A033,push_pos_x,101,1,0,,,100,6.12338,0.03086,0.03086,0.08944,0.39364,950,6.08449,0.04237,0.04237,0.10423,0.38535,0,,,,,
A033,push_pos_x,101,2,0,,,100,5.98603,0.03028,0.03028,0.0942,0.38376,950,5.31993,0.04944,0.04944,0.09874,0.37377,0,,,,,
A033,push_pos_x,101,3,0,,,100,6.65418,0.03175,0.03175,0.09461,0.39069,950,5.93381,0.04575,0.04575,0.10052,0.39076,0,,,,,
A033,push_pos_x,101,4,1,19.26,18.46,100,5.77574,0.02773,0.02773,0.08535,0.3823,823,5.19541,0.0515,0.0515,0.091,0.38311,50,8.61502,0.13239,0.13239,0.18585,0.36213
A033,push_pos_x,101,5,0,,,100,6.54816,0.02606,0.02606,0.10547,0.38935,950,6.98865,0.04341,0.04341,0.08758,0.38665,0,,,,,
A033,push_pos_x,101,6,0,,,100,6.00343,0.03654,0.03654,0.08417,0.38745,950,5.59274,0.04567,0.04567,0.09198,0.39368,0,,,,,
A033,push_pos_x,101,7,0,,,100,6.45983,0.02966,0.02966,0.08606,0.38849,950,6.30456,0.04143,0.04143,0.09476,0.38572,0,,,,,
A033,push_pos_x,101,8,0,,,100,5.9698,0.02771,0.02771,0.09807,0.38735,950,5.51226,0.04461,0.04461,0.10361,0.3789,0,,,,,
A033,push_pos_x,101,9,1,12.96,12.26,100,5.60824,0.03313,0.03313,0.08239,0.39136,513,6.43121,0.04136,0.04136,0.09264,0.39559,50,6.2189,0.11768,0.11768,0.13018,0.39439
A033,push_pos_x,101,10,0,,,100,5.98096,0.03505,0.03505,0.09036,0.38038,950,7.15592,0.05225,0.05225,0.11317,0.37699,0,,,,,
A033,push_pos_x,101,11,1,9.16,8.44,100,5.31482,0.0364,0.0364,0.06832,0.38476,322,4.69508,0.0485,0.0485,0.08836,0.38924,50,6.08541,0.18856,0.18856,0.15622,0.38296
A033,push_pos_x,101,12,0,,,100,6.20735,0.03414,0.03414,0.11247,0.38417,950,6.53399,0.04879,0.04879,0.11095,0.37613,0,,,,,
A033,push_pos_x,101,13,0,,,100,5.77069,0.02934,0.02934,0.08451,0.38595,950,6.10578,0.0461,0.0461,0.09668,0.38423,0,,,,,
A033,push_pos_x,101,14,0,,,100,6.39391,0.02998,0.02998,0.09251,0.38664,950,5.39677,0.04386,0.04386,0.10048,0.38118,0,,,,,
A033,push_pos_x,101,15,0,,,100,5.82223,0.02715,0.02715,0.0983,0.38892,950,5.7004,0.04322,0.04322,0.10446,0.38139,0,,,,,
A033,push_pos_x,101,16,1,16.58,16.3,100,6.28118,0.02837,0.02837,0.08622,0.38673,715,6.09016,0.03721,0.03721,0.08334,0.39014,50,6.99394,0.10932,0.10932,0.11396,0.3923
A033,push_pos_x,101,17,0,,,100,5.65453,0.02852,0.02852,0.08928,0.38878,950,5.57611,0.04636,0.04636,0.08195,0.39499,0,,,,,
A033,push_pos_x,101,18,0,,,100,5.5662,0.03232,0.03232,0.12805,0.38057,950,6.62117,0.04989,0.04989,0.1141,0.37704,0,,,,,
A033,push_pos_x,101,19,0,,,100,6.43554,0.03066,0.03066,0.07844,0.3879,950,5.65809,0.04456,0.04456,0.09186,0.39519,0,,,,,
A033,push_pos_x,101,20,0,,,100,5.64622,0.03118,0.03118,0.10208,0.38795,950,6.4178,0.0426,0.0426,0.08609,0.39467,0,,,,,
A033,push_pos_x,101,21,0,,,100,5.80861,0.0318,0.0318,0.1186,0.384,950,5.81524,0.04456,0.04456,0.09995,0.3785,0,,,,,
A033,push_pos_x,101,22,0,,,100,5.57342,0.03369,0.03369,0.09048,0.38276,950,6.29864,0.05438,0.05438,0.11459,0.37659,0,,,,,
A033,push_pos_x,101,23,0,,,100,5.90032,0.0322,0.0322,0.10407,0.38292,950,6.87296,0.05112,0.05112,0.09855,0.38659,0,,,,,
A033,push_pos_x,101,24,0,,,100,5.71292,0.02243,0.02243,0.11171,0.38208,950,6.28132,0.0532,0.0532,0.09439,0.38189,0,,,,,
A033,push_pos_x,101,25,0,,,100,5.75735,0.03082,0.03082,0.10154,0.37998,950,5.38545,0.0487,0.0487,0.08783,0.37074,0,,,,,
A033,push_pos_x,101,26,0,,,100,5.91358,0.03218,0.03218,0.09611,0.38166,950,5.82175,0.04688,0.04688,0.1017,0.37496,0,,,,,
A033,push_pos_x,101,27,0,,,100,6.03552,0.03806,0.03806,0.10107,0.37885,950,7.13676,0.05068,0.05068,0.10826,0.37456,0,,,,,
A033,push_pos_x,101,28,0,,,100,5.5639,0.03389,0.03389,0.07365,0.38517,950,5.10359,0.0416,0.0416,0.08709,0.38481,0,,,,,
A033,push_pos_x,101,29,0,,,100,5.5283,0.03133,0.03133,0.12077,0.38061,950,4.54458,0.04448,0.04448,0.10166,0.37408,0,,,,,
A033,push_pos_x,101,30,0,,,100,6.34464,0.03791,0.03791,0.08745,0.39306,950,7.21688,0.04584,0.04584,0.09597,0.39067,0,,,,,
A033,push_pos_x,101,31,0,,,100,6.04501,0.03152,0.03152,0.11107,0.38502,950,5.38317,0.0424,0.0424,0.0986,0.38152,0,,,,,
A047,push_pos_x,101,0,0,,,100,1.86938,0.03162,0.03162,0.0793,0.3952,950,3.37866,0.04975,0.04975,0.10251,0.39309,0,,,,,
A047,push_pos_x,101,1,0,,,100,1.76237,0.04172,0.04172,0.07648,0.39969,950,1.64334,0.05117,0.05117,0.08086,0.39877,0,,,,,
A047,push_pos_x,101,2,0,,,100,3.05656,0.03901,0.03901,0.08769,0.39384,950,3.36524,0.05008,0.05008,0.10143,0.39385,0,,,,,
A047,push_pos_x,101,3,0,,,100,1.94733,0.03994,0.03994,0.09392,0.39981,950,1.89441,0.04945,0.04945,0.0808,0.3995,0,,,,,
A047,push_pos_x,101,4,0,,,100,2.13761,0.03668,0.03668,0.08405,0.39549,950,3.10795,0.06553,0.06553,0.11552,0.39133,0,,,,,
A047,push_pos_x,101,5,0,,,100,2.26572,0.04161,0.04161,0.10085,0.39894,950,2.18051,0.05209,0.05209,0.08801,0.39906,0,,,,,
A047,push_pos_x,101,6,0,,,100,2.04257,0.0517,0.0517,0.08748,0.39789,950,1.95896,0.05375,0.05375,0.07935,0.39937,0,,,,,
A047,push_pos_x,101,7,0,,,100,2.01679,0.04498,0.04498,0.08122,0.39882,950,3.89149,0.07741,0.07741,0.14614,0.38357,0,,,,,
A047,push_pos_x,101,8,0,,,100,1.81627,0.03766,0.03766,0.08013,0.39635,950,1.94917,0.04608,0.04608,0.07966,0.39718,0,,,,,
A047,push_pos_x,101,9,0,,,100,1.40908,0.04785,0.04785,0.08785,0.40022,950,1.89477,0.05767,0.05767,0.08312,0.40148,0,,,,,
A047,push_pos_x,101,10,1,13.36,12.56,100,2.12115,0.03922,0.03922,0.09226,0.3938,528,2.39779,0.047,0.047,0.08174,0.39511,50,5.9145,0.23215,0.23215,0.12275,0.37726
A047,push_pos_x,101,11,0,,,100,1.97654,0.04222,0.04222,0.07051,0.39626,950,2.01617,0.05501,0.05501,0.07856,0.39926,0,,,,,
A047,push_pos_x,101,12,0,,,100,2.36651,0.03966,0.03966,0.09634,0.39604,950,1.86529,0.04955,0.04955,0.08118,0.39732,0,,,,,
A047,push_pos_x,101,13,0,,,100,2.06541,0.03571,0.03571,0.08557,0.39701,950,3.08812,0.05993,0.05993,0.11226,0.3915,0,,,,,
A047,push_pos_x,101,14,0,,,100,2.17884,0.03039,0.03039,0.08643,0.39765,950,1.92248,0.04939,0.04939,0.0828,0.3968,0,,,,,
A047,push_pos_x,101,15,0,,,100,2.04247,0.03238,0.03238,0.07824,0.3981,950,1.82906,0.05252,0.05252,0.0841,0.3991,0,,,,,
A047,push_pos_x,101,16,0,,,100,2.09958,0.0384,0.0384,0.08035,0.39738,950,1.87805,0.04889,0.04889,0.07988,0.39768,0,,,,,
A047,push_pos_x,101,17,0,,,100,2.10888,0.03618,0.03618,0.08908,0.39778,950,3.97581,0.0725,0.0725,0.1444,0.38732,0,,,,,
A047,push_pos_x,101,18,0,,,100,3.09248,0.03872,0.03872,0.11347,0.39294,950,2.79696,0.06,0.06,0.11419,0.3839,0,,,,,
A047,push_pos_x,101,19,0,,,100,2.00943,0.03453,0.03453,0.0755,0.39872,950,1.78134,0.05585,0.05585,0.07821,0.40164,0,,,,,
A047,push_pos_x,101,20,0,,,100,1.9194,0.04629,0.04629,0.08786,0.39724,950,1.81213,0.05297,0.05297,0.08153,0.39984,0,,,,,
A047,push_pos_x,101,21,0,,,100,2.49591,0.03924,0.03924,0.0902,0.39634,950,1.97818,0.05058,0.05058,0.0832,0.39604,0,,,,,
A047,push_pos_x,101,22,0,,,100,3.45964,0.03391,0.03391,0.10223,0.39295,950,3.59785,0.05143,0.05143,0.11134,0.39197,0,,,,,
A047,push_pos_x,101,23,0,,,100,3.24143,0.04512,0.04512,0.08645,0.39519,950,2.40801,0.05284,0.05284,0.07828,0.39694,0,,,,,
A047,push_pos_x,101,24,0,,,100,1.25365,0.0345,0.0345,0.08304,0.39503,950,3.6414,0.07092,0.07092,0.12791,0.37337,0,,,,,
A047,push_pos_x,101,25,0,,,100,2.45984,0.02958,0.02958,0.07462,0.39446,950,3.0384,0.04912,0.04912,0.10071,0.3929,0,,,,,
A047,push_pos_x,101,26,0,,,100,2.85948,0.03502,0.03502,0.09344,0.39325,950,4.21397,0.06724,0.06724,0.11519,0.38397,0,,,,,
A047,push_pos_x,101,27,0,,,100,2.43548,0.03622,0.03622,0.08481,0.39256,950,3.25601,0.04974,0.04974,0.0964,0.39253,0,,,,,
A047,push_pos_x,101,28,0,,,100,2.27014,0.04404,0.04404,0.08785,0.39503,950,1.99966,0.05323,0.05323,0.08223,0.39555,0,,,,,
A047,push_pos_x,101,29,0,,,100,3.28338,0.04239,0.04239,0.12566,0.3918,950,3.47477,0.05278,0.05278,0.11873,0.39128,0,,,,,
A047,push_pos_x,101,30,0,,,100,1.60998,0.04943,0.04943,0.08952,0.4012,950,1.64879,0.05294,0.05294,0.08293,0.40167,0,,,,,
A047,push_pos_x,101,31,0,,,100,1.54882,0.03937,0.03937,0.08555,0.39796,950,1.9638,0.05158,0.05158,0.08172,0.39712,0,,,,,
A033,push_pos_x,202,0,0,,,100,5.71499,0.02606,0.02606,0.08893,0.37859,950,4.00445,0.04157,0.04157,0.0876,0.37848,0,,,,,
A033,push_pos_x,202,1,0,,,100,5.68076,0.03287,0.03287,0.09609,0.38198,950,7.18493,0.05032,0.05032,0.10014,0.38248,0,,,,,
A033,push_pos_x,202,2,0,,,100,5.9278,0.03151,0.03151,0.08632,0.3896,950,6.05991,0.04467,0.04467,0.0876,0.39473,0,,,,,
A033,push_pos_x,202,3,0,,,100,5.57241,0.03119,0.03119,0.10757,0.39003,950,5.11056,0.03988,0.03988,0.09695,0.38353,0,,,,,
A033,push_pos_x,202,4,0,,,100,6.13342,0.03015,0.03015,0.09653,0.39323,950,6.72937,0.04221,0.04221,0.10043,0.38792,0,,,,,
A033,push_pos_x,202,5,0,,,100,5.5715,0.03756,0.03756,0.0975,0.38332,950,5.58808,0.0453,0.0453,0.10183,0.3834,0,,,,,
A033,push_pos_x,202,6,1,17.06,16.38,100,6.2416,0.03065,0.03065,0.09245,0.38163,719,4.69891,0.05315,0.05315,0.08648,0.38518,50,6.17719,0.20072,0.20072,0.21026,0.37641
A033,push_pos_x,202,7,0,,,100,6.39158,0.02698,0.02698,0.10434,0.38517,950,6.39968,0.04824,0.04824,0.09403,0.38709,0,,,,,
A033,push_pos_x,202,8,0,,,100,6.36376,0.03735,0.03735,0.06994,0.3812,950,6.36673,0.06062,0.06062,0.09537,0.37667,0,,,,,
A033,push_pos_x,202,9,0,,,100,6.00422,0.03397,0.03397,0.08826,0.38803,950,6.62335,0.041,0.041,0.09894,0.38767,0,,,,,
A033,push_pos_x,202,10,0,,,100,5.93014,0.02633,0.02633,0.09195,0.38713,950,6.08133,0.04819,0.04819,0.10766,0.38126,0,,,,,
A033,push_pos_x,202,11,0,,,100,5.91154,0.03548,0.03548,0.09264,0.38603,950,5.69145,0.04452,0.04452,0.08841,0.38846,0,,,,,
A033,push_pos_x,202,12,0,,,100,5.64763,0.0346,0.0346,0.08263,0.38078,950,6.06435,0.04821,0.04821,0.10407,0.37712,0,,,,,
A033,push_pos_x,202,13,0,,,100,6.01253,0.0282,0.0282,0.08798,0.38869,950,5.59241,0.04179,0.04179,0.09346,0.38342,0,,,,,
A033,push_pos_x,202,14,0,,,100,6.17077,0.03024,0.03024,0.08215,0.38104,950,6.6831,0.05752,0.05752,0.10403,0.37669,0,,,,,
A033,push_pos_x,202,15,0,,,100,6.08755,0.02322,0.02322,0.08279,0.38157,950,5.34852,0.0562,0.0562,0.09013,0.38181,0,,,,,
A033,push_pos_x,202,16,0,,,100,6.00658,0.02927,0.02927,0.08033,0.3898,950,6.29578,0.04511,0.04511,0.09069,0.39245,0,,,,,
A033,push_pos_x,202,17,0,,,100,5.21926,0.02176,0.02176,0.09283,0.38534,950,5.27766,0.04075,0.04075,0.0979,0.38294,0,,,,,
A033,push_pos_x,202,18,0,,,100,5.59483,0.03297,0.03297,0.09886,0.38593,950,5.62649,0.0475,0.0475,0.12029,0.38172,0,,,,,
A033,push_pos_x,202,19,0,,,100,6.48817,0.03279,0.03279,0.08268,0.39212,950,5.28132,0.04175,0.04175,0.09425,0.38476,0,,,,,
A033,push_pos_x,202,20,0,,,100,5.05887,0.02789,0.02789,0.07581,0.38256,950,5.43161,0.04707,0.04707,0.09816,0.37635,0,,,,,
A033,push_pos_x,202,21,0,,,100,5.97812,0.03496,0.03496,0.07847,0.38797,950,6.65842,0.04216,0.04216,0.08905,0.39063,0,,,,,
A033,push_pos_x,202,22,0,,,100,6.35715,0.02941,0.02941,0.11328,0.38361,950,5.45847,0.04732,0.04732,0.10321,0.37388,0,,,,,
A033,push_pos_x,202,23,0,,,100,5.91496,0.03153,0.03153,0.10332,0.38188,950,6.54108,0.05261,0.05261,0.11913,0.37379,0,,,,,
A033,push_pos_x,202,24,0,,,100,5.27813,0.0283,0.0283,0.07929,0.39056,950,6.45965,0.03893,0.03893,0.09195,0.38481,0,,,,,
A033,push_pos_x,202,25,0,,,100,6.27751,0.03275,0.03275,0.12243,0.38172,950,6.35506,0.0492,0.0492,0.10351,0.38083,0,,,,,
A033,push_pos_x,202,26,0,,,100,6.04735,0.0259,0.0259,0.09316,0.3903,950,6.83283,0.04306,0.04306,0.08748,0.38958,0,,,,,
A033,push_pos_x,202,27,0,,,100,6.15856,0.03809,0.03809,0.0972,0.37779,950,5.78389,0.04843,0.04843,0.10021,0.37983,0,,,,,
A033,push_pos_x,202,28,0,,,100,5.7987,0.02734,0.02734,0.08525,0.38549,950,5.57698,0.04081,0.04081,0.07873,0.38848,0,,,,,
A033,push_pos_x,202,29,0,,,100,6.02767,0.02879,0.02879,0.10074,0.38403,950,6.3671,0.04353,0.04353,0.095,0.39181,0,,,,,
A033,push_pos_x,202,30,0,,,100,5.90213,0.02706,0.02706,0.09001,0.38337,950,5.12011,0.04955,0.04955,0.08659,0.38201,0,,,,,
A033,push_pos_x,202,31,0,,,100,5.7073,0.03494,0.03494,0.1203,0.37915,950,5.31093,0.05245,0.05245,0.10003,0.38059,0,,,,,
A047,push_pos_x,202,0,0,,,100,2.70779,0.03379,0.03379,0.09248,0.3935,950,2.84753,0.05315,0.05315,0.0869,0.39183,0,,,,,
A047,push_pos_x,202,1,1,17.24,16.56,100,2.21365,0.03861,0.03861,0.10563,0.39648,728,3.13833,0.05249,0.05249,0.08504,0.39602,50,6.15527,0.24324,0.24324,0.15846,0.37677
A047,push_pos_x,202,2,0,,,100,2.27353,0.04581,0.04581,0.08112,0.39842,950,1.84271,0.04971,0.04971,0.07911,0.39969,0,,,,,
A047,push_pos_x,202,3,0,,,100,1.81743,0.05158,0.05158,0.10451,0.39905,950,1.72988,0.05404,0.05404,0.08603,0.40028,0,,,,,
A047,push_pos_x,202,4,0,,,100,1.9206,0.04152,0.04152,0.08216,0.39751,950,2.06773,0.05402,0.05402,0.08792,0.39959,0,,,,,
A047,push_pos_x,202,5,0,,,100,2.34671,0.04562,0.04562,0.08993,0.39536,950,3.3468,0.06671,0.06671,0.11047,0.3858,0,,,,,
A047,push_pos_x,202,6,0,,,100,2.15357,0.03283,0.03283,0.08295,0.3941,950,2.39031,0.05208,0.05208,0.07737,0.39431,0,,,,,
A047,push_pos_x,202,7,0,,,100,3.0937,0.04686,0.04686,0.09592,0.39458,950,2.07389,0.05132,0.05132,0.0849,0.39897,0,,,,,
A047,push_pos_x,202,8,0,,,100,2.19377,0.03694,0.03694,0.08131,0.39446,950,2.33946,0.05508,0.05508,0.08431,0.39175,0,,,,,
A047,push_pos_x,202,9,0,,,100,2.27716,0.04088,0.04088,0.08752,0.39805,950,2.03695,0.05032,0.05032,0.08712,0.3993,0,,,,,
A047,push_pos_x,202,10,0,,,100,2.38854,0.03665,0.03665,0.08159,0.39661,950,1.67366,0.04941,0.04941,0.07966,0.39968,0,,,,,
A047,push_pos_x,202,11,1,17.56,16.92,100,2.37306,0.03479,0.03479,0.08625,0.39664,747,2.39883,0.04665,0.04665,0.07727,0.39555,49,5.5417,0.27441,0.27441,0.15777,0.37294
A047,push_pos_x,202,12,0,,,100,2.79605,0.0356,0.0356,0.0908,0.39327,950,3.92936,0.07103,0.07103,0.13409,0.38071,0,,,,,
A047,push_pos_x,202,13,0,,,100,2.31832,0.04081,0.04081,0.0833,0.39702,950,1.97778,0.04934,0.04934,0.08389,0.39728,0,,,,,
A047,push_pos_x,202,14,1,17.38,16.62,100,2.12549,0.03029,0.03029,0.08809,0.39354,732,2.75606,0.05267,0.05267,0.08542,0.3932,49,5.9653,0.18842,0.18842,0.22961,0.38938
A047,push_pos_x,202,15,0,,,100,2.53424,0.03028,0.03028,0.07653,0.39284,950,3.08786,0.05746,0.05746,0.08285,0.39132,0,,,,,
A047,push_pos_x,202,16,0,,,100,1.93225,0.04032,0.04032,0.07703,0.39844,950,2.19265,0.04755,0.04755,0.08249,0.39835,0,,,,,
A047,push_pos_x,202,17,0,,,100,2.49955,0.03457,0.03457,0.08121,0.39627,950,3.03587,0.05222,0.05222,0.08941,0.39486,0,,,,,
A047,push_pos_x,202,18,0,,,100,2.15674,0.04507,0.04507,0.0919,0.3976,950,2.7776,0.05786,0.05786,0.09142,0.39496,0,,,,,
A047,push_pos_x,202,19,0,,,100,1.58734,0.03356,0.03356,0.07996,0.40055,950,1.48674,0.04788,0.04788,0.07798,0.40105,0,,,,,
A047,push_pos_x,202,20,0,,,100,2.29853,0.0363,0.0363,0.08063,0.39293,950,3.88817,0.06245,0.06245,0.1206,0.38526,0,,,,,
A047,push_pos_x,202,21,0,,,100,2.54776,0.03983,0.03983,0.08718,0.39743,950,3.37919,0.06384,0.06384,0.11772,0.38781,0,,,,,
A047,push_pos_x,202,22,0,,,100,2.41889,0.03428,0.03428,0.08573,0.39498,950,2.38276,0.04836,0.04836,0.08019,0.39625,0,,,,,
A047,push_pos_x,202,23,0,,,100,2.91229,0.03157,0.03157,0.09421,0.39241,950,3.77838,0.05139,0.05139,0.11053,0.39189,0,,,,,
A047,push_pos_x,202,24,0,,,100,1.84981,0.03707,0.03707,0.08329,0.39784,950,1.88224,0.04824,0.04824,0.08655,0.39911,0,,,,,
A047,push_pos_x,202,25,0,,,100,1.94693,0.03053,0.03053,0.09109,0.39329,950,4.95409,0.07381,0.07381,0.16307,0.37914,0,,,,,
A047,push_pos_x,202,26,0,,,100,1.91649,0.04787,0.04787,0.08403,0.39945,950,2.293,0.04905,0.04905,0.08237,0.39961,0,,,,,
A047,push_pos_x,202,27,1,17.16,16.54,100,1.8151,0.03901,0.03901,0.0791,0.39327,727,2.39472,0.05535,0.05535,0.07779,0.39189,50,4.02077,0.22711,0.22711,0.18308,0.38205
A047,push_pos_x,202,28,0,,,100,2.09054,0.03703,0.03703,0.0774,0.39631,950,2.09419,0.05184,0.05184,0.10896,0.38934,0,,,,,
A047,push_pos_x,202,29,0,,,100,2.73496,0.04175,0.04175,0.08538,0.39618,950,2.25802,0.04876,0.04876,0.08053,0.397,0,,,,,
A047,push_pos_x,202,30,0,,,100,1.46945,0.03231,0.03231,0.08551,0.39537,950,3.4989,0.06657,0.06657,0.12297,0.38714,0,,,,,
A047,push_pos_x,202,31,0,,,100,4.03775,0.03419,0.03419,0.11653,0.3905,950,4.25658,0.0632,0.0632,0.13057,0.38391,0,,,,,
A033,push_pos_x,303,0,0,,,100,6.20506,0.03212,0.03212,0.08125,0.38997,950,6.71113,0.04449,0.04449,0.09005,0.39542,0,,,,,
A033,push_pos_x,303,1,0,,,100,6.01663,0.03588,0.03588,0.09983,0.38373,950,5.37333,0.04574,0.04574,0.10206,0.37667,0,,,,,
A033,push_pos_x,303,2,1,15.58,15.3,100,6.20748,0.02828,0.02828,0.07343,0.38779,665,5.73524,0.04736,0.04736,0.08419,0.39199,50,6.42357,0.12417,0.12417,0.16505,0.37932
A033,push_pos_x,303,3,0,,,100,6.80677,0.03195,0.03195,0.08538,0.38971,950,6.30282,0.05449,0.05449,0.09683,0.396,0,,,,,
A033,push_pos_x,303,4,0,,,100,6.24317,0.0333,0.0333,0.09175,0.38799,950,6.0234,0.04592,0.04592,0.09817,0.38648,0,,,,,
A033,push_pos_x,303,5,0,,,100,5.08719,0.02801,0.02801,0.07407,0.39032,950,6.11228,0.03958,0.03958,0.09182,0.38649,0,,,,,
A033,push_pos_x,303,6,0,,,100,5.39688,0.03142,0.03142,0.08768,0.38615,950,5.98346,0.04597,0.04597,0.10376,0.38292,0,,,,,
A033,push_pos_x,303,7,0,,,100,5.86683,0.03202,0.03202,0.09645,0.38873,950,5.86253,0.04707,0.04707,0.09395,0.37814,0,,,,,
A033,push_pos_x,303,8,0,,,100,6.36428,0.02817,0.02817,0.10795,0.38441,950,5.88767,0.04255,0.04255,0.0939,0.38839,0,,,,,
A033,push_pos_x,303,9,0,,,100,6.26785,0.02789,0.02789,0.09557,0.38858,950,6.18691,0.042,0.042,0.10223,0.38157,0,,,,,
A033,push_pos_x,303,10,0,,,100,6.45731,0.03313,0.03313,0.08037,0.38627,950,6.04214,0.05002,0.05002,0.08389,0.39087,0,,,,,
A033,push_pos_x,303,11,0,,,100,5.13184,0.03521,0.03521,0.09488,0.38288,950,5.37674,0.04651,0.04651,0.10304,0.37374,0,,,,,
A033,push_pos_x,303,12,0,,,100,6.09964,0.02792,0.02792,0.07809,0.38791,950,5.15075,0.04599,0.04599,0.08749,0.39152,0,,,,,
A033,push_pos_x,303,13,0,,,100,5.5374,0.03427,0.03427,0.07564,0.38746,950,6.48927,0.04341,0.04341,0.09369,0.38799,0,,,,,
A033,push_pos_x,303,14,0,,,100,6.45547,0.02565,0.02565,0.08041,0.37647,950,6.69002,0.04893,0.04893,0.11568,0.37422,0,,,,,
A033,push_pos_x,303,15,1,12.92,12.26,100,6.70132,0.0335,0.0335,0.08562,0.39139,513,6.49099,0.04036,0.04036,0.08513,0.39489,50,6.88504,0.1138,0.1138,0.11146,0.39208
A033,push_pos_x,303,16,0,,,100,6.08336,0.02985,0.02985,0.11062,0.38487,950,5.48961,0.0422,0.0422,0.10041,0.37945,0,,,,,
A033,push_pos_x,303,17,0,,,100,5.64441,0.02758,0.02758,0.07449,0.38158,950,7.12763,0.06016,0.06016,0.09637,0.38234,0,,,,,
A033,push_pos_x,303,18,0,,,100,6.0755,0.02587,0.02587,0.08605,0.38475,950,5.32325,0.04695,0.04695,0.09756,0.37735,0,,,,,
A033,push_pos_x,303,19,0,,,100,5.9659,0.0376,0.0376,0.08173,0.38068,950,5.94457,0.04885,0.04885,0.10225,0.37662,0,,,,,
A033,push_pos_x,303,20,0,,,100,5.86832,0.0367,0.0367,0.08984,0.37754,950,6.1134,0.05327,0.05327,0.10372,0.37925,0,,,,,
A033,push_pos_x,303,21,0,,,100,6.02525,0.03371,0.03371,0.08259,0.38684,950,7.20886,0.04006,0.04006,0.08934,0.39041,0,,,,,
A033,push_pos_x,303,22,0,,,100,6.04811,0.03191,0.03191,0.08546,0.39257,950,6.12135,0.05164,0.05164,0.09552,0.39377,0,,,,,
A033,push_pos_x,303,23,0,,,100,5.71818,0.03316,0.03316,0.10778,0.38225,950,5.69468,0.04328,0.04328,0.10055,0.37813,0,,,,,
A033,push_pos_x,303,24,0,,,100,6.88288,0.027,0.027,0.09111,0.38725,950,6.16706,0.04264,0.04264,0.09714,0.38165,0,,,,,
A033,push_pos_x,303,25,0,,,100,6.24207,0.02474,0.02474,0.10399,0.38369,950,6.4233,0.05246,0.05246,0.10455,0.38761,0,,,,,
A033,push_pos_x,303,26,0,,,100,6.26304,0.03405,0.03405,0.11849,0.38163,950,5.37518,0.04688,0.04688,0.10748,0.37804,0,,,,,
A033,push_pos_x,303,27,0,,,100,5.90129,0.03313,0.03313,0.10108,0.38362,950,4.63812,0.05187,0.05187,0.08621,0.38508,0,,,,,
A033,push_pos_x,303,28,0,,,100,6.60565,0.02697,0.02697,0.07892,0.39195,950,5.54443,0.04268,0.04268,0.08292,0.39913,0,,,,,
A033,push_pos_x,303,29,0,,,100,5.88279,0.03382,0.03382,0.1017,0.38783,950,6.04902,0.04382,0.04382,0.1011,0.38486,0,,,,,
A033,push_pos_x,303,30,0,,,100,6.05145,0.03195,0.03195,0.09667,0.38262,950,7.54118,0.05813,0.05813,0.10403,0.3784,0,,,,,
A033,push_pos_x,303,31,0,,,100,5.90377,0.03342,0.03342,0.10032,0.38044,950,7.36674,0.05613,0.05613,0.09663,0.38017,0,,,,,
A047,push_pos_x,303,0,0,,,100,1.84726,0.04823,0.04823,0.07534,0.39821,950,1.82737,0.05715,0.05715,0.0796,0.4002,0,,,,,
A047,push_pos_x,303,1,0,,,100,2.73911,0.04618,0.04618,0.09603,0.39398,950,2.94007,0.05165,0.05165,0.09788,0.39252,0,,,,,
A047,push_pos_x,303,2,0,,,100,1.25603,0.04113,0.04113,0.06867,0.39903,950,3.7299,0.0736,0.0736,0.13293,0.38761,0,,,,,
A047,push_pos_x,303,3,0,,,100,1.86605,0.04539,0.04539,0.08655,0.39783,950,2.66726,0.05808,0.05808,0.09788,0.39459,0,,,,,
A047,push_pos_x,303,4,0,,,100,2.71197,0.04866,0.04866,0.08859,0.39784,950,1.74994,0.04935,0.04935,0.08043,0.3997,0,,,,,
A047,push_pos_x,303,5,0,,,100,1.69603,0.03341,0.03341,0.08167,0.39945,950,1.95284,0.05016,0.05016,0.08585,0.39862,0,,,,,
A047,push_pos_x,303,6,0,,,100,1.53276,0.03978,0.03978,0.08516,0.39876,950,1.50472,0.04969,0.04969,0.0808,0.40031,0,,,,,
A047,push_pos_x,303,7,0,,,100,2.23024,0.03959,0.03959,0.0791,0.39705,950,1.68244,0.04902,0.04902,0.07831,0.39942,0,,,,,
A047,push_pos_x,303,8,0,,,100,1.92268,0.0314,0.0314,0.09118,0.39654,950,2.19923,0.05574,0.05574,0.08007,0.39834,0,,,,,
A047,push_pos_x,303,9,0,,,100,2.00102,0.04149,0.04149,0.08257,0.39899,950,1.76115,0.04676,0.04676,0.07806,0.3978,0,,,,,
A047,push_pos_x,303,10,0,,,100,1.6755,0.0415,0.0415,0.08386,0.39606,950,2.01861,0.05093,0.05093,0.0807,0.39988,0,,,,,
A047,push_pos_x,303,11,0,,,100,2.36519,0.03555,0.03555,0.08685,0.39519,950,2.60859,0.0494,0.0494,0.08379,0.39661,0,,,,,
A047,push_pos_x,303,12,0,,,100,2.42554,0.03479,0.03479,0.08221,0.39864,950,3.81127,0.06982,0.06982,0.11928,0.39154,0,,,,,
A047,push_pos_x,303,13,0,,,100,1.75004,0.03445,0.03445,0.07695,0.39855,950,2.16869,0.05749,0.05749,0.09803,0.3976,0,,,,,
A047,push_pos_x,303,14,0,,,100,3.62618,0.03612,0.03612,0.11472,0.39139,950,3.71285,0.05166,0.05166,0.10175,0.39161,0,,,,,
A047,push_pos_x,303,15,0,,,100,1.65025,0.04104,0.04104,0.07502,0.4011,950,1.97496,0.05472,0.05472,0.08106,0.40095,0,,,,,
A047,push_pos_x,303,16,0,,,100,2.81095,0.03673,0.03673,0.08563,0.39526,950,2.96818,0.05237,0.05237,0.08733,0.39635,0,,,,,
A047,push_pos_x,303,17,1,9.5,8.8,100,1.18027,0.03814,0.03814,0.06753,0.39576,341,1.62306,0.04802,0.04802,0.07257,0.39789,49,6.51851,0.26536,0.26536,0.09918,0.36897
A047,push_pos_x,303,18,0,,,100,2.88636,0.03272,0.03272,0.09483,0.39474,950,2.55877,0.04908,0.04908,0.08693,0.39717,0,,,,,
A047,push_pos_x,303,19,1,13.12,12.5,100,3.0143,0.03756,0.03756,0.08941,0.3929,525,2.89248,0.04816,0.04816,0.08395,0.39396,50,5.33744,0.24863,0.24863,0.17126,0.38011
A047,push_pos_x,303,20,0,,,100,3.08486,0.03314,0.03314,0.09628,0.39154,950,4.71909,0.06363,0.06363,0.12887,0.36804,0,,,,,
A047,push_pos_x,303,21,0,,,100,2.10297,0.03242,0.03242,0.08009,0.39633,950,3.06674,0.06213,0.06213,0.11285,0.38979,0,,,,,
A047,push_pos_x,303,22,0,,,100,1.80804,0.04074,0.04074,0.07874,0.40094,950,1.72168,0.05549,0.05549,0.08404,0.40119,0,,,,,
A047,push_pos_x,303,23,0,,,100,3.12876,0.03644,0.03644,0.09928,0.39436,950,3.06812,0.06304,0.06304,0.12014,0.39005,0,,,,,
A047,push_pos_x,303,24,0,,,100,1.71834,0.0288,0.0288,0.07908,0.39862,950,2.93918,0.05491,0.05491,0.10445,0.39287,0,,,,,
A047,push_pos_x,303,25,1,13.18,12.48,100,1.70522,0.03004,0.03004,0.09124,0.39719,524,1.68327,0.05211,0.05211,0.07758,0.39908,50,5.33774,0.21626,0.21626,0.19838,0.39311
A047,push_pos_x,303,26,0,,,100,2.28598,0.04065,0.04065,0.09554,0.39672,950,2.00588,0.0499,0.0499,0.08541,0.39481,0,,,,,
A047,push_pos_x,303,27,0,,,100,1.67195,0.03652,0.03652,0.08896,0.39503,950,4.32545,0.08088,0.08088,0.13824,0.37879,0,,,,,
A047,push_pos_x,303,28,0,,,100,1.44713,0.03342,0.03342,0.07638,0.40003,950,1.9542,0.04989,0.04989,0.08161,0.40057,0,,,,,
A047,push_pos_x,303,29,0,,,100,2.54006,0.05262,0.05262,0.09568,0.39831,950,1.6737,0.05326,0.05326,0.0825,0.39963,0,,,,,
A047,push_pos_x,303,30,0,,,100,3.00022,0.03592,0.03592,0.08692,0.39302,950,2.45206,0.05188,0.05188,0.08469,0.39537,0,,,,,
A047,push_pos_x,303,31,0,,,100,2.75274,0.03526,0.03526,0.09065,0.394,950,2.41166,0.05186,0.05186,0.07831,0.3946,0,,,,,
A033,push_neg_x,101,0,0,,,100,5.89823,0.02897,0.02897,0.08698,0.38205,950,6.31003,0.04662,0.04662,0.10569,0.38067,0,,,,,
A033,push_neg_x,101,1,0,,,100,6.12338,0.03086,0.03086,0.08944,0.39364,950,6.80167,0.04617,0.04617,0.10307,0.38471,0,,,,,
A033,push_neg_x,101,2,0,,,100,5.98603,0.03028,0.03028,0.0942,0.38376,950,7.21478,0.04619,0.04619,0.09916,0.38504,0,,,,,
A033,push_neg_x,101,3,0,,,100,6.65418,0.03175,0.03175,0.09461,0.39069,950,6.40342,0.04309,0.04309,0.09313,0.38773,0,,,,,
A033,push_neg_x,101,4,1,9.1,8.4,100,5.77574,0.02773,0.02773,0.08535,0.3823,320,5.1724,0.0455,0.0455,0.09578,0.3802,50,6.02635,0.17129,0.17129,0.15685,0.37263
A033,push_neg_x,101,5,0,,,100,6.54816,0.02606,0.02606,0.10547,0.38935,950,5.46114,0.04455,0.04455,0.09489,0.39431,0,,,,,
A033,push_neg_x,101,6,0,,,100,6.00343,0.03654,0.03654,0.08417,0.38745,950,6.96131,0.04347,0.04347,0.08368,0.38688,0,,,,,
A033,push_neg_x,101,7,1,8.74,8.5,100,6.45983,0.02966,0.02966,0.08606,0.38849,325,6.15258,0.04446,0.04446,0.10417,0.38752,50,5.92316,0.18993,0.18993,0.13769,0.37511
A033,push_neg_x,101,8,0,,,100,5.9698,0.02771,0.02771,0.09807,0.38735,950,6.11376,0.04534,0.04534,0.10419,0.382,0,,,,,
A033,push_neg_x,101,9,0,,,100,5.60824,0.03313,0.03313,0.08239,0.39136,950,7.38742,0.0413,0.0413,0.09417,0.39576,0,,,,,
A033,push_neg_x,101,10,0,,,100,5.98096,0.03505,0.03505,0.09036,0.38038,950,6.03187,0.05023,0.05023,0.1083,0.37328,0,,,,,
A033,push_neg_x,101,11,0,,,100,5.31482,0.0364,0.0364,0.06832,0.38476,950,6.05556,0.04543,0.04543,0.08713,0.38698,0,,,,,
A033,push_neg_x,101,12,0,,,100,6.20735,0.03414,0.03414,0.11247,0.38417,950,5.28284,0.0448,0.0448,0.09669,0.38053,0,,,,,
A033,push_neg_x,101,13,0,,,100,5.77069,0.02934,0.02934,0.08451,0.38595,950,6.37528,0.05492,0.05492,0.10834,0.38847,0,,,,,
A033,push_neg_x,101,14,0,,,100,6.39391,0.02998,0.02998,0.09251,0.38664,950,6.43171,0.04657,0.04657,0.10324,0.38173,0,,,,,
A033,push_neg_x,101,15,0,,,100,5.82223,0.02715,0.02715,0.0983,0.38892,950,6.22257,0.04614,0.04614,0.1026,0.38177,0,,,,,
A033,push_neg_x,101,16,0,,,100,6.28118,0.02837,0.02837,0.08622,0.38673,950,6.85561,0.04219,0.04219,0.09324,0.38646,0,,,,,
A033,push_neg_x,101,17,1,13.3,13.0,100,5.65453,0.02852,0.02852,0.08928,0.38878,550,5.62119,0.04717,0.04717,0.10128,0.39183,50,7.04844,0.18905,0.18905,0.16767,0.38017
A033,push_neg_x,101,18,0,,,100,5.5662,0.03232,0.03232,0.12805,0.38057,950,5.38393,0.05398,0.05398,0.09747,0.37603,0,,,,,
A033,push_neg_x,101,19,0,,,100,6.43554,0.03066,0.03066,0.07844,0.3879,950,6.87129,0.04312,0.04312,0.08828,0.38545,0,,,,,
A033,push_neg_x,101,20,0,,,100,5.64622,0.03118,0.03118,0.10208,0.38795,950,5.74302,0.0433,0.0433,0.10176,0.37996,0,,,,,
A033,push_neg_x,101,21,0,,,100,5.80861,0.0318,0.0318,0.1186,0.384,950,6.97847,0.04807,0.04807,0.09617,0.38392,0,,,,,
A033,push_neg_x,101,22,0,,,100,5.57342,0.03369,0.03369,0.09048,0.38276,950,5.34755,0.04461,0.04461,0.10363,0.37764,0,,,,,
A033,push_neg_x,101,23,0,,,100,5.90032,0.0322,0.0322,0.10407,0.38292,950,6.13974,0.0464,0.0464,0.09532,0.38089,0,,,,,
A033,push_neg_x,101,24,0,,,100,5.71292,0.02243,0.02243,0.11171,0.38208,950,4.56904,0.04298,0.04298,0.09329,0.37795,0,,,,,
A033,push_neg_x,101,25,0,,,100,5.75735,0.03082,0.03082,0.10154,0.37998,950,7.31343,0.05146,0.05146,0.12157,0.37926,0,,,,,
A033,push_neg_x,101,26,0,,,100,5.91358,0.03218,0.03218,0.09611,0.38166,950,7.69854,0.05826,0.05826,0.10328,0.3826,0,,,,,
A033,push_neg_x,101,27,0,,,100,6.03552,0.03806,0.03806,0.10107,0.37885,950,5.77578,0.04684,0.04684,0.10222,0.37365,0,,,,,
A033,push_neg_x,101,28,0,,,100,5.5639,0.03389,0.03389,0.07365,0.38517,950,6.03684,0.0543,0.0543,0.09239,0.38467,0,,,,,
A033,push_neg_x,101,29,0,,,100,5.5283,0.03133,0.03133,0.12077,0.38061,950,6.18416,0.05231,0.05231,0.12305,0.37857,0,,,,,
A033,push_neg_x,101,30,0,,,100,6.34464,0.03791,0.03791,0.08745,0.39306,950,6.59365,0.04102,0.04102,0.09173,0.38636,0,,,,,
A033,push_neg_x,101,31,0,,,100,6.04501,0.03152,0.03152,0.11107,0.38502,950,6.60029,0.04498,0.04498,0.09025,0.38703,0,,,,,
A047,push_neg_x,101,0,0,,,100,1.86938,0.03162,0.03162,0.0793,0.3952,950,1.5619,0.05004,0.05004,0.07674,0.39867,0,,,,,
A047,push_neg_x,101,1,0,,,100,1.76237,0.04172,0.04172,0.07648,0.39969,950,1.53826,0.05368,0.05368,0.07803,0.39996,0,,,,,
A047,push_neg_x,101,2,1,13.56,12.86,100,3.05656,0.03901,0.03901,0.08769,0.39384,543,2.86525,0.04936,0.04936,0.0738,0.39502,50,6.45698,0.2533,0.2533,0.07616,0.36974
A047,push_neg_x,101,3,0,,,100,1.94733,0.03994,0.03994,0.09392,0.39981,950,1.57319,0.0511,0.0511,0.08164,0.40067,0,,,,,
A047,push_neg_x,101,4,0,,,100,2.13761,0.03668,0.03668,0.08405,0.39549,950,2.49925,0.05479,0.05479,0.08703,0.39473,0,,,,,
A047,push_neg_x,101,5,0,,,100,2.26572,0.04161,0.04161,0.10085,0.39894,950,1.75936,0.05528,0.05528,0.08032,0.4015,0,,,,,
A047,push_neg_x,101,6,0,,,100,2.04257,0.0517,0.0517,0.08748,0.39789,950,2.34318,0.0521,0.0521,0.08362,0.3998,0,,,,,
A047,push_neg_x,101,7,0,,,100,2.01679,0.04498,0.04498,0.08122,0.39882,950,1.96632,0.05467,0.05467,0.08118,0.39904,0,,,,,
A047,push_neg_x,101,8,0,,,100,1.81627,0.03766,0.03766,0.08013,0.39635,950,1.90902,0.0454,0.0454,0.07916,0.39789,0,,,,,
A047,push_neg_x,101,9,0,,,100,1.40908,0.04785,0.04785,0.08785,0.40022,950,2.91493,0.06178,0.06178,0.11171,0.39493,0,,,,,
A047,push_neg_x,101,10,0,,,100,2.12115,0.03922,0.03922,0.09226,0.3938,950,3.49683,0.06066,0.06066,0.12061,0.38472,0,,,,,
A047,push_neg_x,101,11,0,,,100,1.97654,0.04222,0.04222,0.07051,0.39626,950,2.97642,0.06229,0.06229,0.1128,0.3916,0,,,,,
A047,push_neg_x,101,12,0,,,100,2.36651,0.03966,0.03966,0.09634,0.39604,950,2.28901,0.0492,0.0492,0.08677,0.39579,0,,,,,
A047,push_neg_x,101,13,0,,,100,2.06541,0.03571,0.03571,0.08557,0.39701,950,2.12027,0.05243,0.05243,0.08135,0.39867,0,,,,,
A047,push_neg_x,101,14,0,,,100,2.17884,0.03039,0.03039,0.08643,0.39765,950,3.93605,0.07253,0.07253,0.10661,0.3925,0,,,,,
A047,push_neg_x,101,15,0,,,100,2.04247,0.03238,0.03238,0.07824,0.3981,950,1.86196,0.05261,0.05261,0.08203,0.39801,0,,,,,
A047,push_neg_x,101,16,0,,,100,2.09958,0.0384,0.0384,0.08035,0.39738,950,3.34989,0.06169,0.06169,0.10711,0.39043,0,,,,,
A047,push_neg_x,101,17,0,,,100,2.10888,0.03618,0.03618,0.08908,0.39778,950,2.20182,0.05466,0.05466,0.08364,0.39979,0,,,,,
A047,push_neg_x,101,18,0,,,100,3.09248,0.03872,0.03872,0.11347,0.39294,950,3.63105,0.05256,0.05256,0.10491,0.39161,0,,,,,
A047,push_neg_x,101,19,0,,,100,2.00943,0.03453,0.03453,0.0755,0.39872,950,2.19296,0.0528,0.0528,0.08834,0.39829,0,,,,,
A047,push_neg_x,101,20,0,,,100,1.9194,0.04629,0.04629,0.08786,0.39724,950,1.64715,0.04664,0.04664,0.07931,0.39878,0,,,,,
A047,push_neg_x,101,21,0,,,100,2.49591,0.03924,0.03924,0.0902,0.39634,950,2.0142,0.05108,0.05108,0.08095,0.39859,0,,,,,
A047,push_neg_x,101,22,0,,,100,3.45964,0.03391,0.03391,0.10223,0.39295,950,3.33893,0.04808,0.04808,0.1156,0.39127,0,,,,,
A047,push_neg_x,101,23,0,,,100,3.24143,0.04512,0.04512,0.08645,0.39519,950,2.71969,0.05027,0.05027,0.08343,0.39744,0,,,,,
A047,push_neg_x,101,24,1,13.22,12.5,100,1.25365,0.0345,0.0345,0.08304,0.39503,525,2.37107,0.04857,0.04857,0.07607,0.39284,50,4.72949,0.19454,0.19454,0.20565,0.38757
A047,push_neg_x,101,25,0,,,100,2.45984,0.02958,0.02958,0.07462,0.39446,950,2.22891,0.04714,0.04714,0.07717,0.39551,0,,,,,
A047,push_neg_x,101,26,0,,,100,2.85948,0.03502,0.03502,0.09344,0.39325,950,2.70169,0.04886,0.04886,0.07779,0.39467,0,,,,,
A047,push_neg_x,101,27,0,,,100,2.43548,0.03622,0.03622,0.08481,0.39256,950,2.76389,0.05056,0.05056,0.09972,0.39274,0,,,,,
A047,push_neg_x,101,28,0,,,100,2.27014,0.04404,0.04404,0.08785,0.39503,950,3.06206,0.0617,0.0617,0.10341,0.38846,0,,,,,
A047,push_neg_x,101,29,0,,,100,3.28338,0.04239,0.04239,0.12566,0.3918,950,2.64279,0.05011,0.05011,0.08623,0.39434,0,,,,,
A047,push_neg_x,101,30,0,,,100,1.60998,0.04943,0.04943,0.08952,0.4012,950,1.51852,0.04763,0.04763,0.08519,0.4002,0,,,,,
A047,push_neg_x,101,31,0,,,100,1.54882,0.03937,0.03937,0.08555,0.39796,950,2.96523,0.06409,0.06409,0.11461,0.39111,0,,,,,
A033,push_neg_x,202,0,0,,,100,5.71499,0.02606,0.02606,0.08893,0.37859,950,6.70611,0.0543,0.0543,0.08803,0.37888,0,,,,,
A033,push_neg_x,202,1,0,,,100,5.68076,0.03287,0.03287,0.09609,0.38198,950,5.47947,0.04759,0.04759,0.10796,0.3742,0,,,,,
A033,push_neg_x,202,2,0,,,100,5.9278,0.03151,0.03151,0.08632,0.3896,950,5.91775,0.04088,0.04088,0.09326,0.38188,0,,,,,
A033,push_neg_x,202,3,0,,,100,5.57241,0.03119,0.03119,0.10757,0.39003,950,4.58333,0.04587,0.04587,0.08478,0.39444,0,,,,,
A033,push_neg_x,202,4,0,,,100,6.13342,0.03015,0.03015,0.09653,0.39323,950,6.05536,0.04583,0.04583,0.09461,0.39054,0,,,,,
A033,push_neg_x,202,5,0,,,100,5.5715,0.03756,0.03756,0.0975,0.38332,950,5.06017,0.04467,0.04467,0.09386,0.38728,0,,,,,
A033,push_neg_x,202,6,0,,,100,6.2416,0.03065,0.03065,0.09245,0.38163,950,5.45758,0.04433,0.04433,0.08893,0.38563,0,,,,,
A033,push_neg_x,202,7,0,,,100,6.39158,0.02698,0.02698,0.10434,0.38517,950,5.15941,0.04485,0.04485,0.09539,0.37465,0,,,,,
A033,push_neg_x,202,8,0,,,100,6.36376,0.03735,0.03735,0.06994,0.3812,950,5.45601,0.05239,0.05239,0.10962,0.37826,0,,,,,
A033,push_neg_x,202,9,0,,,100,6.00422,0.03397,0.03397,0.08826,0.38803,950,5.30651,0.04155,0.04155,0.09971,0.38259,0,,,,,
A033,push_neg_x,202,10,0,,,100,5.93014,0.02633,0.02633,0.09195,0.38713,950,5.48076,0.04192,0.04192,0.09379,0.38332,0,,,,,
A033,push_neg_x,202,11,0,,,100,5.91154,0.03548,0.03548,0.09264,0.38603,950,5.95233,0.04836,0.04836,0.09698,0.37747,0,,,,,
A033,push_neg_x,202,12,0,,,100,5.64763,0.0346,0.0346,0.08263,0.38078,950,5.39367,0.05061,0.05061,0.09581,0.38182,0,,,,,
A033,push_neg_x,202,13,0,,,100,6.01253,0.0282,0.0282,0.08798,0.38869,950,5.92711,0.04371,0.04371,0.09709,0.3807,0,,,,,
A033,push_neg_x,202,14,0,,,100,6.17077,0.03024,0.03024,0.08215,0.38104,950,6.30488,0.04949,0.04949,0.09132,0.37928,0,,,,,
A033,push_neg_x,202,15,0,,,100,6.08755,0.02322,0.02322,0.08279,0.38157,950,5.09216,0.05467,0.05467,0.08692,0.3837,0,,,,,
A033,push_neg_x,202,16,0,,,100,6.00658,0.02927,0.02927,0.08033,0.3898,950,6.24413,0.04059,0.04059,0.09031,0.3843,0,,,,,
A033,push_neg_x,202,17,0,,,100,5.21926,0.02176,0.02176,0.09283,0.38534,950,5.12568,0.05016,0.05016,0.09019,0.38411,0,,,,,
A033,push_neg_x,202,18,0,,,100,5.59483,0.03297,0.03297,0.09886,0.38593,950,5.52498,0.04328,0.04328,0.11009,0.38166,0,,,,,
A033,push_neg_x,202,19,0,,,100,6.48817,0.03279,0.03279,0.08268,0.39212,950,6.67786,0.04472,0.04472,0.08607,0.38791,0,,,,,
A033,push_neg_x,202,20,0,,,100,5.05887,0.02789,0.02789,0.07581,0.38256,950,6.53848,0.05893,0.05893,0.09883,0.37367,0,,,,,
A033,push_neg_x,202,21,0,,,100,5.97812,0.03496,0.03496,0.07847,0.38797,950,6.46859,0.05897,0.05897,0.09686,0.38617,0,,,,,
A033,push_neg_x,202,22,0,,,100,6.35715,0.02941,0.02941,0.11328,0.38361,950,7.0358,0.04852,0.04852,0.10201,0.38164,0,,,,,
A033,push_neg_x,202,23,0,,,100,5.91496,0.03153,0.03153,0.10332,0.38188,950,5.62113,0.0468,0.0468,0.10989,0.37722,0,,,,,
A033,push_neg_x,202,24,0,,,100,5.27813,0.0283,0.0283,0.07929,0.39056,950,6.18732,0.04673,0.04673,0.09641,0.38527,0,,,,,
A033,push_neg_x,202,25,0,,,100,6.27751,0.03275,0.03275,0.12243,0.38172,950,6.99284,0.05349,0.05349,0.09487,0.38005,0,,,,,
A033,push_neg_x,202,26,0,,,100,6.04735,0.0259,0.0259,0.09316,0.3903,950,5.5993,0.04331,0.04331,0.091,0.39909,0,,,,,
A033,push_neg_x,202,27,0,,,100,6.15856,0.03809,0.03809,0.0972,0.37779,950,5.08474,0.05064,0.05064,0.08714,0.38325,0,,,,,
A033,push_neg_x,202,28,0,,,100,5.7987,0.02734,0.02734,0.08525,0.38549,950,8.41448,0.05413,0.05413,0.11321,0.38131,0,,,,,
A033,push_neg_x,202,29,0,,,100,6.02767,0.02879,0.02879,0.10074,0.38403,950,6.05468,0.04407,0.04407,0.09656,0.37936,0,,,,,
A033,push_neg_x,202,30,0,,,100,5.90213,0.02706,0.02706,0.09001,0.38337,950,5.9762,0.04755,0.04755,0.0977,0.38016,0,,,,,
A033,push_neg_x,202,31,0,,,100,5.7073,0.03494,0.03494,0.1203,0.37915,950,6.34453,0.0543,0.0543,0.10679,0.38053,0,,,,,
A047,push_neg_x,202,0,0,,,100,2.70779,0.03379,0.03379,0.09248,0.3935,950,3.50956,0.06523,0.06523,0.11681,0.38658,0,,,,,
A047,push_neg_x,202,1,0,,,100,2.21365,0.03861,0.03861,0.10563,0.39648,950,3.1641,0.0501,0.0501,0.10381,0.3939,0,,,,,
A047,push_neg_x,202,2,0,,,100,2.27353,0.04581,0.04581,0.08112,0.39842,950,1.70368,0.04856,0.04856,0.07798,0.40033,0,,,,,
A047,push_neg_x,202,3,0,,,100,1.81743,0.05158,0.05158,0.10451,0.39905,950,2.71926,0.06244,0.06244,0.10113,0.39739,0,,,,,
A047,push_neg_x,202,4,0,,,100,1.9206,0.04152,0.04152,0.08216,0.39751,950,1.85003,0.05577,0.05577,0.08279,0.40001,0,,,,,
A047,push_neg_x,202,5,1,17.32,16.68,100,2.34671,0.04562,0.04562,0.08993,0.39536,734,2.54432,0.05139,0.05139,0.0829,0.39733,50,7.13206,0.22544,0.22544,0.21984,0.39538
A047,push_neg_x,202,6,0,,,100,2.15357,0.03283,0.03283,0.08295,0.3941,950,4.20369,0.07388,0.07388,0.14847,0.38196,0,,,,,
A047,push_neg_x,202,7,0,,,100,3.0937,0.04686,0.04686,0.09592,0.39458,950,1.96862,0.04875,0.04875,0.08454,0.39795,0,,,,,
A047,push_neg_x,202,8,0,,,100,2.19377,0.03694,0.03694,0.08131,0.39446,950,4.37802,0.07859,0.07859,0.15501,0.37846,0,,,,,
A047,push_neg_x,202,9,0,,,100,2.27716,0.04088,0.04088,0.08752,0.39805,950,2.21651,0.05569,0.05569,0.08641,0.39925,0,,,,,
A047,push_neg_x,202,10,0,,,100,2.38854,0.03665,0.03665,0.08159,0.39661,950,1.75248,0.05071,0.05071,0.08068,0.39778,0,,,,,
A047,push_neg_x,202,11,0,,,100,2.37306,0.03479,0.03479,0.08625,0.39664,950,2.28157,0.04752,0.04752,0.08161,0.39661,0,,,,,
A047,push_neg_x,202,12,1,17.1,16.54,100,2.79605,0.0356,0.0356,0.0908,0.39327,727,2.61624,0.05954,0.05954,0.08505,0.39236,50,4.73694,0.25636,0.25636,0.13138,0.3741
A047,push_neg_x,202,13,0,,,100,2.31832,0.04081,0.04081,0.0833,0.39702,950,2.0993,0.04742,0.04742,0.07569,0.39933,0,,,,,
A047,push_neg_x,202,14,0,,,100,2.12549,0.03029,0.03029,0.08809,0.39354,950,4.64041,0.07688,0.07688,0.15227,0.37923,0,,,,,
A047,push_neg_x,202,15,0,,,100,2.53424,0.03028,0.03028,0.07653,0.39284,950,2.86981,0.05459,0.05459,0.10552,0.38295,0,,,,,
A047,push_neg_x,202,16,0,,,100,1.93225,0.04032,0.04032,0.07703,0.39844,950,1.66846,0.04627,0.04627,0.08028,0.39944,0,,,,,
A047,push_neg_x,202,17,0,,,100,2.49955,0.03457,0.03457,0.08121,0.39627,950,3.41873,0.0658,0.0658,0.13736,0.38025,0,,,,,
A047,push_neg_x,202,18,0,,,100,2.15674,0.04507,0.04507,0.0919,0.3976,950,3.08459,0.05524,0.05524,0.09778,0.39719,0,,,,,
A047,push_neg_x,202,19,0,,,100,1.58734,0.03356,0.03356,0.07996,0.40055,950,1.5475,0.04781,0.04781,0.08225,0.4006,0,,,,,
A047,push_neg_x,202,20,1,19.8,19.1,100,2.29853,0.0363,0.0363,0.08063,0.39293,855,2.21347,0.05597,0.05597,0.07766,0.39324,50,8.00889,0.1849,0.1849,0.07637,0.36395
A047,push_neg_x,202,21,1,13.2,12.62,100,2.54776,0.03983,0.03983,0.08718,0.39743,531,2.10533,0.04928,0.04928,0.07386,0.39946,50,5.53905,0.29333,0.29333,0.15191,0.38433
A047,push_neg_x,202,22,0,,,100,2.41889,0.03428,0.03428,0.08573,0.39498,950,2.20538,0.05167,0.05167,0.08225,0.39716,0,,,,,
A047,push_neg_x,202,23,0,,,100,2.91229,0.03157,0.03157,0.09421,0.39241,950,3.46715,0.05307,0.05307,0.10351,0.39043,0,,,,,
A047,push_neg_x,202,24,0,,,100,1.84981,0.03707,0.03707,0.08329,0.39784,950,1.69675,0.04712,0.04712,0.07964,0.39863,0,,,,,
A047,push_neg_x,202,25,1,13.06,12.44,100,1.94693,0.03053,0.03053,0.09109,0.39329,522,2.53217,0.04833,0.04833,0.07661,0.39425,50,6.46107,0.20886,0.20886,0.17218,0.37874
A047,push_neg_x,202,26,0,,,100,1.91649,0.04787,0.04787,0.08403,0.39945,950,2.35086,0.04966,0.04966,0.08037,0.39948,0,,,,,
A047,push_neg_x,202,27,0,,,100,1.8151,0.03901,0.03901,0.0791,0.39327,950,3.77755,0.07107,0.07107,0.14666,0.37481,0,,,,,
A047,push_neg_x,202,28,0,,,100,2.09054,0.03703,0.03703,0.0774,0.39631,950,1.98469,0.05068,0.05068,0.08313,0.39771,0,,,,,
A047,push_neg_x,202,29,0,,,100,2.73496,0.04175,0.04175,0.08538,0.39618,950,1.71242,0.04862,0.04862,0.08156,0.39918,0,,,,,
A047,push_neg_x,202,30,0,,,100,1.46945,0.03231,0.03231,0.08551,0.39537,950,2.41797,0.05093,0.05093,0.08741,0.39314,0,,,,,
A047,push_neg_x,202,31,0,,,100,4.03775,0.03419,0.03419,0.11653,0.3905,950,4.10239,0.06895,0.06895,0.10394,0.38519,0,,,,,
A033,push_neg_x,303,0,0,,,100,6.20506,0.03212,0.03212,0.08125,0.38997,950,6.91635,0.04276,0.04276,0.08955,0.39083,0,,,,,
A033,push_neg_x,303,1,0,,,100,6.01663,0.03588,0.03588,0.09983,0.38373,950,6.48986,0.04781,0.04781,0.10969,0.37806,0,,,,,
A033,push_neg_x,303,2,1,8.48,8.28,100,6.20748,0.02828,0.02828,0.07343,0.38779,314,5.93828,0.04254,0.04254,0.09661,0.38745,50,6.32698,0.15915,0.15915,0.09353,0.38539
A033,push_neg_x,303,3,1,12.82,12.5,100,6.80677,0.03195,0.03195,0.08538,0.38971,525,6.00408,0.03993,0.03993,0.08867,0.39285,50,6.1691,0.16651,0.16651,0.13513,0.39416
A033,push_neg_x,303,4,0,,,100,6.24317,0.0333,0.0333,0.09175,0.38799,950,5.85059,0.04148,0.04148,0.09822,0.38143,0,,,,,
A033,push_neg_x,303,5,0,,,100,5.08719,0.02801,0.02801,0.07407,0.39032,950,5.75933,0.04565,0.04565,0.10227,0.382,0,,,,,
A033,push_neg_x,303,6,0,,,100,5.39688,0.03142,0.03142,0.08768,0.38615,950,5.51161,0.04192,0.04192,0.0957,0.3801,0,,,,,
A033,push_neg_x,303,7,0,,,100,5.86683,0.03202,0.03202,0.09645,0.38873,950,7.09767,0.05985,0.05985,0.10883,0.38868,0,,,,,
A033,push_neg_x,303,8,0,,,100,6.36428,0.02817,0.02817,0.10795,0.38441,950,6.15697,0.04295,0.04295,0.10667,0.38492,0,,,,,
A033,push_neg_x,303,9,0,,,100,6.26785,0.02789,0.02789,0.09557,0.38858,950,5.55065,0.04064,0.04064,0.09715,0.3804,0,,,,,
A033,push_neg_x,303,10,0,,,100,6.45731,0.03313,0.03313,0.08037,0.38627,950,6.74525,0.04357,0.04357,0.08807,0.38274,0,,,,,
A033,push_neg_x,303,11,0,,,100,5.13184,0.03521,0.03521,0.09488,0.38288,950,6.57088,0.05359,0.05359,0.09895,0.38668,0,,,,,
A033,push_neg_x,303,12,0,,,100,6.09964,0.02792,0.02792,0.07809,0.38791,950,7.4785,0.06105,0.06105,0.10455,0.38384,0,,,,,
A033,push_neg_x,303,13,0,,,100,5.5374,0.03427,0.03427,0.07564,0.38746,950,7.95877,0.05985,0.05985,0.11155,0.38302,0,,,,,
A033,push_neg_x,303,14,0,,,100,6.45547,0.02565,0.02565,0.08041,0.37647,950,4.91669,0.04398,0.04398,0.08669,0.37565,0,,,,,
A033,push_neg_x,303,15,0,,,100,6.70132,0.0335,0.0335,0.08562,0.39139,950,5.81284,0.04313,0.04313,0.08242,0.39554,0,,,,,
A033,push_neg_x,303,16,0,,,100,6.08336,0.02985,0.02985,0.11062,0.38487,950,5.2312,0.05308,0.05308,0.09217,0.38339,0,,,,,
A033,push_neg_x,303,17,0,,,100,5.64441,0.02758,0.02758,0.07449,0.38158,950,5.42992,0.04401,0.04401,0.09507,0.37574,0,,,,,
A033,push_neg_x,303,18,0,,,100,6.0755,0.02587,0.02587,0.08605,0.38475,950,7.5935,0.07369,0.07369,0.15598,0.38358,0,,,,,
A033,push_neg_x,303,19,0,,,100,5.9659,0.0376,0.0376,0.08173,0.38068,950,4.55174,0.05113,0.05113,0.08212,0.38519,0,,,,,
A033,push_neg_x,303,20,0,,,100,5.86832,0.0367,0.0367,0.08984,0.37754,950,4.56544,0.04403,0.04403,0.09641,0.37627,0,,,,,
A033,push_neg_x,303,21,0,,,100,6.02525,0.03371,0.03371,0.08259,0.38684,950,5.73074,0.05023,0.05023,0.08919,0.38963,0,,,,,
A033,push_neg_x,303,22,0,,,100,6.04811,0.03191,0.03191,0.08546,0.39257,950,6.96771,0.04555,0.04555,0.08981,0.38933,0,,,,,
A033,push_neg_x,303,23,0,,,100,5.71818,0.03316,0.03316,0.10778,0.38225,950,5.38849,0.04916,0.04916,0.10468,0.38527,0,,,,,
A033,push_neg_x,303,24,0,,,100,6.88288,0.027,0.027,0.09111,0.38725,950,5.58649,0.04563,0.04563,0.09091,0.39056,0,,,,,
A033,push_neg_x,303,25,0,,,100,6.24207,0.02474,0.02474,0.10399,0.38369,950,6.23026,0.04383,0.04383,0.09712,0.38014,0,,,,,
A033,push_neg_x,303,26,0,,,100,6.26304,0.03405,0.03405,0.11849,0.38163,950,6.53554,0.0489,0.0489,0.11248,0.37833,0,,,,,
A033,push_neg_x,303,27,1,17.16,16.44,100,5.90129,0.03313,0.03313,0.10108,0.38362,723,5.48529,0.0479,0.0479,0.09372,0.38382,49,5.04695,0.16389,0.16389,0.12694,0.38518
A033,push_neg_x,303,28,0,,,100,6.60565,0.02697,0.02697,0.07892,0.39195,950,6.68253,0.04029,0.04029,0.08091,0.38543,0,,,,,
A033,push_neg_x,303,29,0,,,100,5.88279,0.03382,0.03382,0.1017,0.38783,950,5.67217,0.04119,0.04119,0.0982,0.38325,0,,,,,
A033,push_neg_x,303,30,0,,,100,6.05145,0.03195,0.03195,0.09667,0.38262,950,5.1983,0.0453,0.0453,0.10349,0.37686,0,,,,,
A033,push_neg_x,303,31,0,,,100,5.90377,0.03342,0.03342,0.10032,0.38044,950,5.36516,0.04603,0.04603,0.10255,0.37134,0,,,,,
A047,push_neg_x,303,0,0,,,100,1.84726,0.04823,0.04823,0.07534,0.39821,950,2.28604,0.06215,0.06215,0.09229,0.39914,0,,,,,
A047,push_neg_x,303,1,0,,,100,2.73911,0.04618,0.04618,0.09603,0.39398,950,2.02486,0.04789,0.04789,0.08058,0.39737,0,,,,,
A047,push_neg_x,303,2,0,,,100,1.25603,0.04113,0.04113,0.06867,0.39903,950,1.75357,0.05303,0.05303,0.08018,0.39942,0,,,,,
A047,push_neg_x,303,3,0,,,100,1.86605,0.04539,0.04539,0.08655,0.39783,950,2.03788,0.05364,0.05364,0.08228,0.39922,0,,,,,
A047,push_neg_x,303,4,0,,,100,2.71197,0.04866,0.04866,0.08859,0.39784,950,1.63841,0.05004,0.05004,0.08134,0.39868,0,,,,,
A047,push_neg_x,303,5,0,,,100,1.69603,0.03341,0.03341,0.08167,0.39945,950,1.8521,0.05291,0.05291,0.07982,0.39845,0,,,,,
A047,push_neg_x,303,6,0,,,100,1.53276,0.03978,0.03978,0.08516,0.39876,950,1.84567,0.04947,0.04947,0.08463,0.39611,0,,,,,
A047,push_neg_x,303,7,0,,,100,2.23024,0.03959,0.03959,0.0791,0.39705,950,2.06121,0.0473,0.0473,0.07885,0.39816,0,,,,,
A047,push_neg_x,303,8,0,,,100,1.92268,0.0314,0.0314,0.09118,0.39654,950,3.83361,0.07062,0.07062,0.12755,0.38771,0,,,,,
A047,push_neg_x,303,9,0,,,100,2.00102,0.04149,0.04149,0.08257,0.39899,950,1.56444,0.04621,0.04621,0.08304,0.39825,0,,,,,
A047,push_neg_x,303,10,0,,,100,1.6755,0.0415,0.0415,0.08386,0.39606,950,2.06141,0.05492,0.05492,0.09155,0.39827,0,,,,,
A047,push_neg_x,303,11,1,17.44,16.76,100,2.36519,0.03555,0.03555,0.08685,0.39519,739,2.35909,0.04962,0.04962,0.07824,0.39729,49,5.8076,0.29787,0.29787,0.14166,0.37204
A047,push_neg_x,303,12,0,,,100,2.42554,0.03479,0.03479,0.08221,0.39864,950,2.01174,0.05087,0.05087,0.081,0.39811,0,,,,,
A047,push_neg_x,303,13,0,,,100,1.75004,0.03445,0.03445,0.07695,0.39855,950,2.13412,0.05383,0.05383,0.08469,0.39853,0,,,,,
A047,push_neg_x,303,14,0,,,100,3.62618,0.03612,0.03612,0.11472,0.39139,950,3.68283,0.05021,0.05021,0.12863,0.38869,0,,,,,
A047,push_neg_x,303,15,0,,,100,1.65025,0.04104,0.04104,0.07502,0.4011,950,2.15201,0.05437,0.05437,0.09577,0.3976,0,,,,,
A047,push_neg_x,303,16,0,,,100,2.81095,0.03673,0.03673,0.08563,0.39526,950,4.57153,0.07863,0.07863,0.15776,0.38263,0,,,,,
A047,push_neg_x,303,17,0,,,100,1.18027,0.03814,0.03814,0.06753,0.39576,950,2.70214,0.05656,0.05656,0.10644,0.3864,0,,,,,
A047,push_neg_x,303,18,0,,,100,2.88636,0.03272,0.03272,0.09483,0.39474,950,2.68252,0.05016,0.05016,0.08382,0.39508,0,,,,,
A047,push_neg_x,303,19,0,,,100,3.0143,0.03756,0.03756,0.08941,0.3929,950,4.90405,0.07778,0.07778,0.14599,0.38195,0,,,,,
A047,push_neg_x,303,20,0,,,100,3.08486,0.03314,0.03314,0.09628,0.39154,950,2.51842,0.05241,0.05241,0.08046,0.39177,0,,,,,
A047,push_neg_x,303,21,0,,,100,2.10297,0.03242,0.03242,0.08009,0.39633,950,1.87607,0.05423,0.05423,0.0829,0.39888,0,,,,,
A047,push_neg_x,303,22,0,,,100,1.80804,0.04074,0.04074,0.07874,0.40094,950,2.36351,0.05354,0.05354,0.09028,0.39896,0,,,,,
A047,push_neg_x,303,23,0,,,100,3.12876,0.03644,0.03644,0.09928,0.39436,950,2.15974,0.05445,0.05445,0.08373,0.398,0,,,,,
A047,push_neg_x,303,24,0,,,100,1.71834,0.0288,0.0288,0.07908,0.39862,950,1.79497,0.05068,0.05068,0.07977,0.40013,0,,,,,
A047,push_neg_x,303,25,0,,,100,1.70522,0.03004,0.03004,0.09124,0.39719,950,1.94141,0.04745,0.04745,0.08388,0.39868,0,,,,,
A047,push_neg_x,303,26,0,,,100,2.28598,0.04065,0.04065,0.09554,0.39672,950,1.6233,0.05403,0.05403,0.08146,0.39951,0,,,,,
A047,push_neg_x,303,27,0,,,100,1.67195,0.03652,0.03652,0.08896,0.39503,950,2.26361,0.05582,0.05582,0.08144,0.39514,0,,,,,
A047,push_neg_x,303,28,0,,,100,1.44713,0.03342,0.03342,0.07638,0.40003,950,1.78758,0.04697,0.04697,0.0798,0.40086,0,,,,,
A047,push_neg_x,303,29,0,,,100,2.54006,0.05262,0.05262,0.09568,0.39831,950,1.55715,0.05014,0.05014,0.08416,0.3997,0,,,,,
A047,push_neg_x,303,30,0,,,100,3.00022,0.03592,0.03592,0.08692,0.39302,950,3.05277,0.05529,0.05529,0.10892,0.38802,0,,,,,
A047,push_neg_x,303,31,0,,,100,2.75274,0.03526,0.03526,0.09065,0.394,950,3.7832,0.04863,0.04863,0.12989,0.39161,0,,,,,
A033,push_pos_y,101,0,0,,,100,5.89823,0.02897,0.02897,0.08698,0.38205,950,5.66899,0.04736,0.04736,0.08457,0.39012,0,,,,,
A033,push_pos_y,101,1,0,,,100,6.12338,0.03086,0.03086,0.08944,0.39364,950,5.85456,0.04259,0.04259,0.09382,0.3898,0,,,,,
A033,push_pos_y,101,2,0,,,100,5.98603,0.03028,0.03028,0.0942,0.38376,950,4.39587,0.04559,0.04559,0.09694,0.37215,0,,,,,
A033,push_pos_y,101,3,0,,,100,6.65418,0.03175,0.03175,0.09461,0.39069,950,7.13446,0.04147,0.04147,0.09119,0.39175,0,,,,,
A033,push_pos_y,101,4,0,,,100,5.77574,0.02773,0.02773,0.08535,0.3823,950,5.10479,0.04873,0.04873,0.0962,0.37584,0,,,,,
A033,push_pos_y,101,5,1,15.34,15.0,100,6.54816,0.02606,0.02606,0.10547,0.38935,650,6.56096,0.04515,0.04515,0.09451,0.38952,50,9.60495,0.07923,0.07923,0.10797,0.37252
A033,push_pos_y,101,6,0,,,100,6.00343,0.03654,0.03654,0.08417,0.38745,950,7.08325,0.04701,0.04701,0.09417,0.38554,0,,,,,
A033,push_pos_y,101,7,0,,,100,6.45983,0.02966,0.02966,0.08606,0.38849,950,6.06548,0.04265,0.04265,0.09652,0.38436,0,,,,,
A033,push_pos_y,101,8,0,,,100,5.9698,0.02771,0.02771,0.09807,0.38735,950,5.36207,0.04121,0.04121,0.10423,0.37931,0,,,,,
A033,push_pos_y,101,9,0,,,100,5.60824,0.03313,0.03313,0.08239,0.39136,950,6.01669,0.04284,0.04284,0.09954,0.39088,0,,,,,
A033,push_pos_y,101,10,0,,,100,5.98096,0.03505,0.03505,0.09036,0.38038,950,6.88824,0.0517,0.0517,0.10501,0.38005,0,,,,,
A033,push_pos_y,101,11,0,,,100,5.31482,0.0364,0.0364,0.06832,0.38476,950,6.55217,0.04709,0.04709,0.10579,0.38222,0,,,,,
A033,push_pos_y,101,12,0,,,100,6.20735,0.03414,0.03414,0.11247,0.38417,950,5.72552,0.04549,0.04549,0.10614,0.38344,0,,,,,
A033,push_pos_y,101,13,0,,,100,5.77069,0.02934,0.02934,0.08451,0.38595,950,5.51732,0.04167,0.04167,0.10165,0.3805,0,,,,,
A033,push_pos_y,101,14,0,,,100,6.39391,0.02998,0.02998,0.09251,0.38664,950,7.32391,0.05921,0.05921,0.09933,0.38552,0,,,,,
A033,push_pos_y,101,15,0,,,100,5.82223,0.02715,0.02715,0.0983,0.38892,950,5.59673,0.04069,0.04069,0.09604,0.385,0,,,,,
A033,push_pos_y,101,16,0,,,100,6.28118,0.02837,0.02837,0.08622,0.38673,950,6.04833,0.04993,0.04993,0.0879,0.39086,0,,,,,
A033,push_pos_y,101,17,0,,,100,5.65453,0.02852,0.02852,0.08928,0.38878,950,5.89478,0.04314,0.04314,0.09684,0.38445,0,,,,,
A033,push_pos_y,101,18,0,,,100,5.5662,0.03232,0.03232,0.12805,0.38057,950,6.12386,0.05229,0.05229,0.10656,0.37313,0,,,,,
A033,push_pos_y,101,19,0,,,100,6.43554,0.03066,0.03066,0.07844,0.3879,950,6.94529,0.04329,0.04329,0.09804,0.38398,0,,,,,
A033,push_pos_y,101,20,0,,,100,5.64622,0.03118,0.03118,0.10208,0.38795,950,6.41362,0.04236,0.04236,0.10477,0.38438,0,,,,,
A033,push_pos_y,101,21,0,,,100,5.80861,0.0318,0.0318,0.1186,0.384,950,5.55828,0.04624,0.04624,0.09351,0.38626,0,,,,,
A033,push_pos_y,101,22,0,,,100,5.57342,0.03369,0.03369,0.09048,0.38276,950,5.23916,0.04878,0.04878,0.11125,0.377,0,,,,,
A033,push_pos_y,101,23,0,,,100,5.90032,0.0322,0.0322,0.10407,0.38292,950,7.24215,0.04594,0.04594,0.09652,0.38273,0,,,,,
A033,push_pos_y,101,24,0,,,100,5.71292,0.02243,0.02243,0.11171,0.38208,950,5.17479,0.04897,0.04897,0.10807,0.37039,0,,,,,
A033,push_pos_y,101,25,0,,,100,5.75735,0.03082,0.03082,0.10154,0.37998,950,5.28192,0.0468,0.0468,0.09416,0.38068,0,,,,,
A033,push_pos_y,101,26,0,,,100,5.91358,0.03218,0.03218,0.09611,0.38166,950,5.0192,0.04263,0.04263,0.09905,0.37816,0,,,,,
A033,push_pos_y,101,27,0,,,100,6.03552,0.03806,0.03806,0.10107,0.37885,950,5.20751,0.04629,0.04629,0.10846,0.37646,0,,,,,
A033,push_pos_y,101,28,0,,,100,5.5639,0.03389,0.03389,0.07365,0.38517,950,6.72422,0.05801,0.05801,0.09041,0.38648,0,,,,,
A033,push_pos_y,101,29,0,,,100,5.5283,0.03133,0.03133,0.12077,0.38061,950,6.89878,0.05672,0.05672,0.10088,0.37988,0,,,,,
A033,push_pos_y,101,30,0,,,100,6.34464,0.03791,0.03791,0.08745,0.39306,950,6.8259,0.04396,0.04396,0.09039,0.3887,0,,,,,
A033,push_pos_y,101,31,0,,,100,6.04501,0.03152,0.03152,0.11107,0.38502,950,6.80958,0.05112,0.05112,0.08945,0.38953,0,,,,,
A047,push_pos_y,101,0,1,17.1,16.48,100,1.86938,0.03162,0.03162,0.0793,0.3952,724,2.15307,0.04808,0.04808,0.07914,0.39667,50,4.82387,0.22129,0.22129,0.14503,0.38395
A047,push_pos_y,101,1,0,,,100,1.76237,0.04172,0.04172,0.07648,0.39969,950,2.00111,0.05341,0.05341,0.08002,0.39956,0,,,,,
A047,push_pos_y,101,2,0,,,100,3.05656,0.03901,0.03901,0.08769,0.39384,950,2.21316,0.05021,0.05021,0.08207,0.39394,0,,,,,
A047,push_pos_y,101,3,0,,,100,1.94733,0.03994,0.03994,0.09392,0.39981,950,2.71516,0.05707,0.05707,0.09642,0.39562,0,,,,,
A047,push_pos_y,101,4,0,,,100,2.13761,0.03668,0.03668,0.08405,0.39549,950,2.94686,0.05138,0.05138,0.10048,0.39349,0,,,,,
A047,push_pos_y,101,5,0,,,100,2.26572,0.04161,0.04161,0.10085,0.39894,950,1.64075,0.05074,0.05074,0.08297,0.39894,0,,,,,
A047,push_pos_y,101,6,0,,,100,2.04257,0.0517,0.0517,0.08748,0.39789,950,1.84372,0.04933,0.04933,0.07997,0.39954,0,,,,,
A047,push_pos_y,101,7,0,,,100,2.01679,0.04498,0.04498,0.08122,0.39882,950,1.63384,0.04713,0.04713,0.07985,0.39881,0,,,,,
A047,push_pos_y,101,8,0,,,100,1.81627,0.03766,0.03766,0.08013,0.39635,950,2.16589,0.05454,0.05454,0.08194,0.39838,0,,,,,
A047,push_pos_y,101,9,0,,,100,1.40908,0.04785,0.04785,0.08785,0.40022,950,1.66899,0.05059,0.05059,0.08492,0.40044,0,,,,,
A047,push_pos_y,101,10,0,,,100,2.12115,0.03922,0.03922,0.09226,0.3938,950,2.78998,0.0608,0.0608,0.12042,0.38763,0,,,,,
A047,push_pos_y,101,11,0,,,100,1.97654,0.04222,0.04222,0.07051,0.39626,950,1.76123,0.04844,0.04844,0.07842,0.39797,0,,,,,
A047,push_pos_y,101,12,0,,,100,2.36651,0.03966,0.03966,0.09634,0.39604,950,4.55919,0.08409,0.08409,0.15496,0.38243,0,,,,,
A047,push_pos_y,101,13,0,,,100,2.06541,0.03571,0.03571,0.08557,0.39701,950,1.60104,0.05021,0.05021,0.08328,0.39805,0,,,,,
A047,push_pos_y,101,14,0,,,100,2.17884,0.03039,0.03039,0.08643,0.39765,950,1.95943,0.05236,0.05236,0.07924,0.39976,0,,,,,
A047,push_pos_y,101,15,0,,,100,2.04247,0.03238,0.03238,0.07824,0.3981,950,2.2093,0.05506,0.05506,0.08243,0.39956,0,,,,,
A047,push_pos_y,101,16,0,,,100,2.09958,0.0384,0.0384,0.08035,0.39738,950,2.28348,0.04782,0.04782,0.07997,0.39784,0,,,,,
A047,push_pos_y,101,17,0,,,100,2.10888,0.03618,0.03618,0.08908,0.39778,950,1.6641,0.04673,0.04673,0.08236,0.39897,0,,,,,
A047,push_pos_y,101,18,0,,,100,3.09248,0.03872,0.03872,0.11347,0.39294,950,3.33984,0.05,0.05,0.11181,0.39121,0,,,,,
A047,push_pos_y,101,19,0,,,100,2.00943,0.03453,0.03453,0.0755,0.39872,950,1.85807,0.04986,0.04986,0.07952,0.39934,0,,,,,
A047,push_pos_y,101,20,0,,,100,1.9194,0.04629,0.04629,0.08786,0.39724,950,2.09635,0.05152,0.05152,0.08982,0.39778,0,,,,,
A047,push_pos_y,101,21,0,,,100,2.49591,0.03924,0.03924,0.0902,0.39634,950,2.17457,0.0555,0.0555,0.08275,0.39805,0,,,,,
A047,push_pos_y,101,22,0,,,100,3.45964,0.03391,0.03391,0.10223,0.39295,950,4.00464,0.04726,0.04726,0.12814,0.39063,0,,,,,
A047,push_pos_y,101,23,0,,,100,3.24143,0.04512,0.04512,0.08645,0.39519,950,2.24179,0.05091,0.05091,0.07738,0.39832,0,,,,,
A047,push_pos_y,101,24,0,,,100,1.25365,0.0345,0.0345,0.08304,0.39503,950,3.26136,0.04858,0.04858,0.11857,0.39091,0,,,,,
A047,push_pos_y,101,25,1,17.36,16.68,100,2.45984,0.02958,0.02958,0.07462,0.39446,734,2.96703,0.05227,0.05227,0.08651,0.39274,50,6.81159,0.21035,0.21035,0.23772,0.38354
A047,push_pos_y,101,26,0,,,100,2.85948,0.03502,0.03502,0.09344,0.39325,950,1.96913,0.04978,0.04978,0.08032,0.39465,0,,,,,
A047,push_pos_y,101,27,0,,,100,2.43548,0.03622,0.03622,0.08481,0.39256,950,3.68393,0.06619,0.06619,0.12712,0.38773,0,,,,,
A047,push_pos_y,101,28,0,,,100,2.27014,0.04404,0.04404,0.08785,0.39503,950,2.6607,0.04985,0.04985,0.07879,0.39523,0,,,,,
A047,push_pos_y,101,29,0,,,100,3.28338,0.04239,0.04239,0.12566,0.3918,950,3.03415,0.05724,0.05724,0.09077,0.39311,0,,,,,
A047,push_pos_y,101,30,0,,,100,1.60998,0.04943,0.04943,0.08952,0.4012,950,2.21208,0.05528,0.05528,0.09539,0.39773,0,,,,,
A047,push_pos_y,101,31,0,,,100,1.54882,0.03937,0.03937,0.08555,0.39796,950,1.69486,0.0508,0.0508,0.07941,0.39874,0,,,,,
A033,push_pos_y,202,0,0,,,100,5.71499,0.02606,0.02606,0.08893,0.37859,950,6.8084,0.06806,0.06806,0.12073,0.36764,0,,,,,
A033,push_pos_y,202,1,0,,,100,5.68076,0.03287,0.03287,0.09609,0.38198,950,5.53238,0.04828,0.04828,0.09521,0.38275,0,,,,,
A033,push_pos_y,202,2,0,,,100,5.9278,0.03151,0.03151,0.08632,0.3896,950,6.04713,0.04613,0.04613,0.10178,0.38696,0,,,,,
A033,push_pos_y,202,3,0,,,100,5.57241,0.03119,0.03119,0.10757,0.39003,950,5.9131,0.04739,0.04739,0.09586,0.38999,0,,,,,
A033,push_pos_y,202,4,0,,,100,6.13342,0.03015,0.03015,0.09653,0.39323,950,6.40798,0.04653,0.04653,0.09311,0.38632,0,,,,,
A033,push_pos_y,202,5,0,,,100,5.5715,0.03756,0.03756,0.0975,0.38332,950,5.31533,0.04734,0.04734,0.10168,0.37505,0,,,,,
A033,push_pos_y,202,6,0,,,100,6.2416,0.03065,0.03065,0.09245,0.38163,950,6.47494,0.05051,0.05051,0.11295,0.37534,0,,,,,
A033,push_pos_y,202,7,0,,,100,6.39158,0.02698,0.02698,0.10434,0.38517,950,6.5497,0.0423,0.0423,0.10249,0.38659,0,,,,,
A033,push_pos_y,202,8,0,,,100,6.36376,0.03735,0.03735,0.06994,0.3812,950,6.17181,0.0532,0.0532,0.09841,0.37834,0,,,,,
A033,push_pos_y,202,9,0,,,100,6.00422,0.03397,0.03397,0.08826,0.38803,950,6.03707,0.04383,0.04383,0.08788,0.38257,0,,,,,
A033,push_pos_y,202,10,0,,,100,5.93014,0.02633,0.02633,0.09195,0.38713,950,5.24657,0.04263,0.04263,0.09922,0.381,0,,,,,
A033,push_pos_y,202,11,0,,,100,5.91154,0.03548,0.03548,0.09264,0.38603,950,5.8149,0.04694,0.04694,0.10258,0.38237,0,,,,,
A033,push_pos_y,202,12,0,,,100,5.64763,0.0346,0.0346,0.08263,0.38078,950,4.72757,0.04775,0.04775,0.09005,0.37718,0,,,,,
A033,push_pos_y,202,13,0,,,100,6.01253,0.0282,0.0282,0.08798,0.38869,950,5.44998,0.04655,0.04655,0.09334,0.3927,0,,,,,
A033,push_pos_y,202,14,0,,,100,6.17077,0.03024,0.03024,0.08215,0.38104,950,6.83419,0.04976,0.04976,0.10378,0.37255,0,,,,,
A033,push_pos_y,202,15,0,,,100,6.08755,0.02322,0.02322,0.08279,0.38157,950,6.88887,0.04823,0.04823,0.10098,0.37518,0,,,,,
A033,push_pos_y,202,16,0,,,100,6.00658,0.02927,0.02927,0.08033,0.3898,950,6.64499,0.03939,0.03939,0.0934,0.38765,0,,,,,
A033,push_pos_y,202,17,0,,,100,5.21926,0.02176,0.02176,0.09283,0.38534,950,6.3458,0.04826,0.04826,0.10554,0.37884,0,,,,,
A033,push_pos_y,202,18,0,,,100,5.59483,0.03297,0.03297,0.09886,0.38593,950,5.53665,0.04494,0.04494,0.10332,0.37742,0,,,,,
A033,push_pos_y,202,19,0,,,100,6.48817,0.03279,0.03279,0.08268,0.39212,950,7.60204,0.04295,0.04295,0.09448,0.3887,0,,,,,
A033,push_pos_y,202,20,0,,,100,5.05887,0.02789,0.02789,0.07581,0.38256,950,5.864,0.04885,0.04885,0.08929,0.37732,0,,,,,
A033,push_pos_y,202,21,0,,,100,5.97812,0.03496,0.03496,0.07847,0.38797,950,5.71287,0.04101,0.04101,0.08756,0.38482,0,,,,,
A033,push_pos_y,202,22,0,,,100,6.35715,0.02941,0.02941,0.11328,0.38361,950,5.85428,0.04194,0.04194,0.10018,0.37948,0,,,,,
A033,push_pos_y,202,23,0,,,100,5.91496,0.03153,0.03153,0.10332,0.38188,950,5.77034,0.04885,0.04885,0.10312,0.37773,0,,,,,
A033,push_pos_y,202,24,1,12.64,12.44,100,5.27813,0.0283,0.0283,0.07929,0.39056,522,5.42024,0.04629,0.04629,0.09815,0.39261,50,5.53637,0.22786,0.22786,0.19235,0.38535
A033,push_pos_y,202,25,0,,,100,6.27751,0.03275,0.03275,0.12243,0.38172,950,5.17797,0.05075,0.05075,0.10586,0.37369,0,,,,,
A033,push_pos_y,202,26,1,8.96,8.26,100,6.04735,0.0259,0.0259,0.09316,0.3903,313,5.83841,0.03674,0.03674,0.09236,0.3929,50,6.59589,0.10684,0.10684,0.11794,0.39245
A033,push_pos_y,202,27,0,,,100,6.15856,0.03809,0.03809,0.0972,0.37779,950,7.11563,0.05424,0.05424,0.12227,0.3743,0,,,,,
A033,push_pos_y,202,28,0,,,100,5.7987,0.02734,0.02734,0.08525,0.38549,950,5.72114,0.04304,0.04304,0.09477,0.37818,0,,,,,
A033,push_pos_y,202,29,0,,,100,6.02767,0.02879,0.02879,0.10074,0.38403,950,5.85511,0.04611,0.04611,0.08476,0.38776,0,,,,,
A033,push_pos_y,202,30,0,,,100,5.90213,0.02706,0.02706,0.09001,0.38337,950,5.4555,0.04971,0.04971,0.10407,0.37128,0,,,,,
A033,push_pos_y,202,31,0,,,100,5.7073,0.03494,0.03494,0.1203,0.37915,950,5.22166,0.04994,0.04994,0.09566,0.37421,0,,,,,
A047,push_pos_y,202,0,1,11.9,11.08,100,2.70779,0.03379,0.03379,0.09248,0.3935,454,2.92102,0.05549,0.05549,0.08073,0.3914,50,8.50563,0.14286,0.14286,0.1382,0.3703
A047,push_pos_y,202,1,0,,,100,2.21365,0.03861,0.03861,0.10563,0.39648,950,3.1866,0.06251,0.06251,0.11702,0.38673,0,,,,,
A047,push_pos_y,202,2,0,,,100,2.27353,0.04581,0.04581,0.08112,0.39842,950,2.95044,0.06313,0.06313,0.10655,0.39356,0,,,,,
A047,push_pos_y,202,3,0,,,100,1.81743,0.05158,0.05158,0.10451,0.39905,950,2.24849,0.04705,0.04705,0.08298,0.39909,0,,,,,
A047,push_pos_y,202,4,0,,,100,1.9206,0.04152,0.04152,0.08216,0.39751,950,1.49048,0.05131,0.05131,0.08396,0.40022,0,,,,,
A047,push_pos_y,202,5,0,,,100,2.34671,0.04562,0.04562,0.08993,0.39536,950,3.20689,0.05001,0.05001,0.10752,0.39375,0,,,,,
A047,push_pos_y,202,6,0,,,100,2.15357,0.03283,0.03283,0.08295,0.3941,950,3.30522,0.06477,0.06477,0.10097,0.38545,0,,,,,
A047,push_pos_y,202,7,0,,,100,3.0937,0.04686,0.04686,0.09592,0.39458,950,2.49781,0.05805,0.05805,0.10171,0.39524,0,,,,,
A047,push_pos_y,202,8,0,,,100,2.19377,0.03694,0.03694,0.08131,0.39446,950,3.11313,0.05423,0.05423,0.09438,0.39201,0,,,,,
A047,push_pos_y,202,9,0,,,100,2.27716,0.04088,0.04088,0.08752,0.39805,950,1.82721,0.04717,0.04717,0.08252,0.39957,0,,,,,
A047,push_pos_y,202,10,0,,,100,2.38854,0.03665,0.03665,0.08159,0.39661,950,2.27738,0.05159,0.05159,0.08207,0.39801,0,,,,,
A047,push_pos_y,202,11,0,,,100,2.37306,0.03479,0.03479,0.08625,0.39664,950,3.64139,0.06107,0.06107,0.11547,0.38874,0,,,,,
A047,push_pos_y,202,12,0,,,100,2.79605,0.0356,0.0356,0.0908,0.39327,950,3.14193,0.05127,0.05127,0.10456,0.38918,0,,,,,
A047,push_pos_y,202,13,0,,,100,2.31832,0.04081,0.04081,0.0833,0.39702,950,1.90407,0.0526,0.0526,0.07876,0.3981,0,,,,,
A047,push_pos_y,202,14,0,,,100,2.12549,0.03029,0.03029,0.08809,0.39354,950,2.39351,0.04642,0.04642,0.08188,0.39531,0,,,,,
A047,push_pos_y,202,15,0,,,100,2.53424,0.03028,0.03028,0.07653,0.39284,950,3.41723,0.05149,0.05149,0.09238,0.39409,0,,,,,
A047,push_pos_y,202,16,0,,,100,1.93225,0.04032,0.04032,0.07703,0.39844,950,3.11924,0.05246,0.05246,0.10304,0.39498,0,,,,,
A047,push_pos_y,202,17,0,,,100,2.49955,0.03457,0.03457,0.08121,0.39627,950,3.09784,0.05367,0.05367,0.09628,0.39455,0,,,,,
A047,push_pos_y,202,18,0,,,100,2.15674,0.04507,0.04507,0.0919,0.3976,950,1.73256,0.04941,0.04941,0.07885,0.39867,0,,,,,
A047,push_pos_y,202,19,0,,,100,1.58734,0.03356,0.03356,0.07996,0.40055,950,1.63132,0.05045,0.05045,0.08314,0.40136,0,,,,,
A047,push_pos_y,202,20,0,,,100,2.29853,0.0363,0.0363,0.08063,0.39293,950,3.51591,0.05203,0.05203,0.11296,0.38836,0,,,,,
A047,push_pos_y,202,21,0,,,100,2.54776,0.03983,0.03983,0.08718,0.39743,950,1.85071,0.04777,0.04777,0.07954,0.39724,0,,,,,
A047,push_pos_y,202,22,0,,,100,2.41889,0.03428,0.03428,0.08573,0.39498,950,2.42728,0.05334,0.05334,0.0822,0.39516,0,,,,,
A047,push_pos_y,202,23,0,,,100,2.91229,0.03157,0.03157,0.09421,0.39241,950,4.10295,0.04936,0.04936,0.12403,0.39041,0,,,,,
A047,push_pos_y,202,24,0,,,100,1.84981,0.03707,0.03707,0.08329,0.39784,950,2.02375,0.05273,0.05273,0.08418,0.399,0,,,,,
A047,push_pos_y,202,25,0,,,100,1.94693,0.03053,0.03053,0.09109,0.39329,950,3.86329,0.05069,0.05069,0.13353,0.38907,0,,,,,
A047,push_pos_y,202,26,0,,,100,1.91649,0.04787,0.04787,0.08403,0.39945,950,1.74687,0.05253,0.05253,0.08233,0.40042,0,,,,,
A047,push_pos_y,202,27,0,,,100,1.8151,0.03901,0.03901,0.0791,0.39327,950,3.14467,0.0624,0.0624,0.08968,0.38395,0,,,,,
A047,push_pos_y,202,28,0,,,100,2.09054,0.03703,0.03703,0.0774,0.39631,950,2.0309,0.04816,0.04816,0.07882,0.39862,0,,,,,
A047,push_pos_y,202,29,0,,,100,2.73496,0.04175,0.04175,0.08538,0.39618,950,1.9353,0.05097,0.05097,0.08575,0.39883,0,,,,,
A047,push_pos_y,202,30,0,,,100,1.46945,0.03231,0.03231,0.08551,0.39537,950,2.90879,0.0492,0.0492,0.09793,0.39407,0,,,,,
A047,push_pos_y,202,31,0,,,100,4.03775,0.03419,0.03419,0.11653,0.3905,950,3.72221,0.052,0.052,0.12269,0.38819,0,,,,,
A033,push_pos_y,303,0,0,,,100,6.20506,0.03212,0.03212,0.08125,0.38997,950,6.59612,0.04398,0.04398,0.09742,0.3861,0,,,,,
A033,push_pos_y,303,1,0,,,100,6.01663,0.03588,0.03588,0.09983,0.38373,950,6.60353,0.05647,0.05647,0.10347,0.38197,0,,,,,
A033,push_pos_y,303,2,0,,,100,6.20748,0.02828,0.02828,0.07343,0.38779,950,5.9971,0.04145,0.04145,0.09666,0.38254,0,,,,,
A033,push_pos_y,303,3,0,,,100,6.80677,0.03195,0.03195,0.08538,0.38971,950,6.08645,0.04164,0.04164,0.09558,0.38252,0,,,,,
A033,push_pos_y,303,4,0,,,100,6.24317,0.0333,0.0333,0.09175,0.38799,950,6.66582,0.04145,0.04145,0.09532,0.39085,0,,,,,
A033,push_pos_y,303,5,0,,,100,5.08719,0.02801,0.02801,0.07407,0.39032,950,5.2752,0.0466,0.0466,0.08691,0.39327,0,,,,,
A033,push_pos_y,303,6,0,,,100,5.39688,0.03142,0.03142,0.08768,0.38615,950,6.65586,0.04395,0.04395,0.0925,0.38774,0,,,,,
A033,push_pos_y,303,7,0,,,100,5.86683,0.03202,0.03202,0.09645,0.38873,950,4.92537,0.0425,0.0425,0.10269,0.38,0,,,,,
A033,push_pos_y,303,8,0,,,100,6.36428,0.02817,0.02817,0.10795,0.38441,950,6.47745,0.04576,0.04576,0.10733,0.38026,0,,,,,
A033,push_pos_y,303,9,0,,,100,6.26785,0.02789,0.02789,0.09557,0.38858,950,5.95198,0.04035,0.04035,0.10836,0.38542,0,,,,,
A033,push_pos_y,303,10,0,,,100,6.45731,0.03313,0.03313,0.08037,0.38627,950,7.29356,0.04356,0.04356,0.09268,0.38492,0,,,,,
A033,push_pos_y,303,11,0,,,100,5.13184,0.03521,0.03521,0.09488,0.38288,950,4.60339,0.0447,0.0447,0.0948,0.37674,0,,,,,
A033,push_pos_y,303,12,0,,,100,6.09964,0.02792,0.02792,0.07809,0.38791,950,6.3507,0.04324,0.04324,0.08774,0.38172,0,,,,,
A033,push_pos_y,303,13,0,,,100,5.5374,0.03427,0.03427,0.07564,0.38746,950,6.22368,0.04407,0.04407,0.09366,0.38098,0,,,,,
A033,push_pos_y,303,14,0,,,100,6.45547,0.02565,0.02565,0.08041,0.37647,950,5.10067,0.04735,0.04735,0.0796,0.38231,0,,,,,
A033,push_pos_y,303,15,0,,,100,6.70132,0.0335,0.0335,0.08562,0.39139,950,5.91176,0.04879,0.04879,0.09075,0.39107,0,,,,,
A033,push_pos_y,303,16,0,,,100,6.08336,0.02985,0.02985,0.11062,0.38487,950,7.12092,0.05093,0.05093,0.10548,0.38401,0,,,,,
A033,push_pos_y,303,17,0,,,100,5.64441,0.02758,0.02758,0.07449,0.38158,950,6.54864,0.04573,0.04573,0.10187,0.38221,0,,,,,
A033,push_pos_y,303,18,0,,,100,6.0755,0.02587,0.02587,0.08605,0.38475,950,5.02645,0.04308,0.04308,0.09748,0.37792,0,,,,,
A033,push_pos_y,303,19,0,,,100,5.9659,0.0376,0.0376,0.08173,0.38068,950,6.58189,0.05114,0.05114,0.11805,0.37546,0,,,,,
A033,push_pos_y,303,20,0,,,100,5.86832,0.0367,0.0367,0.08984,0.37754,950,5.53845,0.05117,0.05117,0.10061,0.37258,0,,,,,
A033,push_pos_y,303,21,1,19.74,19.04,100,6.02525,0.03371,0.03371,0.08259,0.38684,852,6.61993,0.05164,0.05164,0.09328,0.38605,50,9.00384,0.11821,0.11821,0.14933,0.36342
A033,push_pos_y,303,22,0,,,100,6.04811,0.03191,0.03191,0.08546,0.39257,950,6.84288,0.04692,0.04692,0.09807,0.38777,0,,,,,
A033,push_pos_y,303,23,0,,,100,5.71818,0.03316,0.03316,0.10778,0.38225,950,5.28307,0.04301,0.04301,0.10076,0.37984,0,,,,,
A033,push_pos_y,303,24,0,,,100,6.88288,0.027,0.027,0.09111,0.38725,950,6.00557,0.04349,0.04349,0.10645,0.3821,0,,,,,
A033,push_pos_y,303,25,0,,,100,6.24207,0.02474,0.02474,0.10399,0.38369,950,6.09639,0.04536,0.04536,0.10749,0.38022,0,,,,,
A033,push_pos_y,303,26,0,,,100,6.26304,0.03405,0.03405,0.11849,0.38163,950,5.61923,0.04674,0.04674,0.09557,0.38731,0,,,,,
A033,push_pos_y,303,27,0,,,100,5.90129,0.03313,0.03313,0.10108,0.38362,950,5.36378,0.04554,0.04554,0.10409,0.37552,0,,,,,
A033,push_pos_y,303,28,0,,,100,6.60565,0.02697,0.02697,0.07892,0.39195,950,6.86914,0.04092,0.04092,0.09299,0.38892,0,,,,,
A033,push_pos_y,303,29,0,,,100,5.88279,0.03382,0.03382,0.1017,0.38783,950,6.46411,0.04103,0.04103,0.09312,0.38757,0,,,,,
A033,push_pos_y,303,30,0,,,100,6.05145,0.03195,0.03195,0.09667,0.38262,950,6.83625,0.04825,0.04825,0.10788,0.37473,0,,,,,
A033,push_pos_y,303,31,0,,,100,5.90377,0.03342,0.03342,0.10032,0.38044,950,6.3557,0.04721,0.04721,0.09509,0.3794,0,,,,,
A047,push_pos_y,303,0,0,,,100,1.84726,0.04823,0.04823,0.07534,0.39821,950,1.43586,0.0511,0.0511,0.07924,0.40093,0,,,,,
A047,push_pos_y,303,1,0,,,100,2.73911,0.04618,0.04618,0.09603,0.39398,950,2.51208,0.05256,0.05256,0.08482,0.39559,0,,,,,
A047,push_pos_y,303,2,0,,,100,1.25603,0.04113,0.04113,0.06867,0.39903,950,1.58707,0.04737,0.04737,0.08193,0.4003,0,,,,,
A047,push_pos_y,303,3,0,,,100,1.86605,0.04539,0.04539,0.08655,0.39783,950,1.54631,0.04911,0.04911,0.0819,0.39855,0,,,,,
A047,push_pos_y,303,4,0,,,100,2.71197,0.04866,0.04866,0.08859,0.39784,950,2.39487,0.05516,0.05516,0.08856,0.39856,0,,,,,
A047,push_pos_y,303,5,0,,,100,1.69603,0.03341,0.03341,0.08167,0.39945,950,2.09984,0.05179,0.05179,0.0798,0.39923,0,,,,,
A047,push_pos_y,303,6,0,,,100,1.53276,0.03978,0.03978,0.08516,0.39876,950,2.46696,0.05583,0.05583,0.0938,0.39679,0,,,,,
A047,push_pos_y,303,7,0,,,100,2.23024,0.03959,0.03959,0.0791,0.39705,950,1.99944,0.05323,0.05323,0.07875,0.39812,0,,,,,
A047,push_pos_y,303,8,0,,,100,1.92268,0.0314,0.0314,0.09118,0.39654,950,1.98851,0.04962,0.04962,0.08055,0.3974,0,,,,,
A047,push_pos_y,303,9,0,,,100,2.00102,0.04149,0.04149,0.08257,0.39899,950,4.35411,0.07152,0.07152,0.13672,0.38381,0,,,,,
A047,push_pos_y,303,10,0,,,100,1.6755,0.0415,0.0415,0.08386,0.39606,950,1.53718,0.05278,0.05278,0.08239,0.39969,0,,,,,
A047,push_pos_y,303,11,0,,,100,2.36519,0.03555,0.03555,0.08685,0.39519,950,3.60108,0.05034,0.05034,0.11529,0.39308,0,,,,,
A047,push_pos_y,303,12,0,,,100,2.42554,0.03479,0.03479,0.08221,0.39864,950,2.06825,0.04984,0.04984,0.08151,0.39893,0,,,,,
A047,push_pos_y,303,13,0,,,100,1.75004,0.03445,0.03445,0.07695,0.39855,950,1.61075,0.05006,0.05006,0.08247,0.39973,0,,,,,
A047,push_pos_y,303,14,0,,,100,3.62618,0.03612,0.03612,0.11472,0.39139,950,4.56336,0.06542,0.06542,0.13536,0.38254,0,,,,,
A047,push_pos_y,303,15,0,,,100,1.65025,0.04104,0.04104,0.07502,0.4011,950,1.7812,0.05011,0.05011,0.08372,0.40032,0,,,,,
A047,push_pos_y,303,16,0,,,100,2.81095,0.03673,0.03673,0.08563,0.39526,950,3.50628,0.05207,0.05207,0.09609,0.39593,0,,,,,
A047,push_pos_y,303,17,0,,,100,1.18027,0.03814,0.03814,0.06753,0.39576,950,2.41787,0.06348,0.06348,0.10832,0.38829,0,,,,,
A047,push_pos_y,303,18,0,,,100,2.88636,0.03272,0.03272,0.09483,0.39474,950,2.10923,0.0518,0.0518,0.08488,0.39555,0,,,,,
A047,push_pos_y,303,19,0,,,100,3.0143,0.03756,0.03756,0.08941,0.3929,950,3.39402,0.04772,0.04772,0.09923,0.39292,0,,,,,
A047,push_pos_y,303,20,0,,,100,3.08486,0.03314,0.03314,0.09628,0.39154,950,3.53912,0.05105,0.05105,0.11858,0.3916,0,,,,,
A047,push_pos_y,303,21,0,,,100,2.10297,0.03242,0.03242,0.08009,0.39633,950,1.80452,0.04878,0.04878,0.0824,0.39675,0,,,,,
A047,push_pos_y,303,22,0,,,100,1.80804,0.04074,0.04074,0.07874,0.40094,950,1.51245,0.05546,0.05546,0.08195,0.40178,0,,,,,
A047,push_pos_y,303,23,0,,,100,3.12876,0.03644,0.03644,0.09928,0.39436,950,2.22073,0.05087,0.05087,0.08385,0.39647,0,,,,,
A047,push_pos_y,303,24,0,,,100,1.71834,0.0288,0.0288,0.07908,0.39862,950,1.54308,0.04959,0.04959,0.08341,0.39937,0,,,,,
A047,push_pos_y,303,25,0,,,100,1.70522,0.03004,0.03004,0.09124,0.39719,950,1.75663,0.04963,0.04963,0.08192,0.39946,0,,,,,
A047,push_pos_y,303,26,0,,,100,2.28598,0.04065,0.04065,0.09554,0.39672,950,2.27779,0.0515,0.0515,0.08408,0.39671,0,,,,,
A047,push_pos_y,303,27,0,,,100,1.67195,0.03652,0.03652,0.08896,0.39503,950,2.41328,0.04764,0.04764,0.08784,0.39731,0,,,,,
A047,push_pos_y,303,28,0,,,100,1.44713,0.03342,0.03342,0.07638,0.40003,950,1.90716,0.04622,0.04622,0.07842,0.40104,0,,,,,
A047,push_pos_y,303,29,0,,,100,2.54006,0.05262,0.05262,0.09568,0.39831,950,2.52106,0.05815,0.05815,0.10016,0.39503,0,,,,,
A047,push_pos_y,303,30,0,,,100,3.00022,0.03592,0.03592,0.08692,0.39302,950,3.78613,0.06252,0.06252,0.10197,0.38938,0,,,,,
A047,push_pos_y,303,31,0,,,100,2.75274,0.03526,0.03526,0.09065,0.394,950,3.38143,0.06855,0.06855,0.11878,0.38674,0,,,,,
A033,push_neg_y,101,0,0,,,100,5.89823,0.02897,0.02897,0.08698,0.38205,950,5.55318,0.04495,0.04495,0.09834,0.38213,0,,,,,
A033,push_neg_y,101,1,0,,,100,6.12338,0.03086,0.03086,0.08944,0.39364,950,7.15293,0.04451,0.04451,0.09454,0.39035,0,,,,,
A033,push_neg_y,101,2,0,,,100,5.98603,0.03028,0.03028,0.0942,0.38376,950,6.555,0.05091,0.05091,0.1032,0.38082,0,,,,,
A033,push_neg_y,101,3,1,13.0,12.3,100,6.65418,0.03175,0.03175,0.09461,0.39069,515,5.99614,0.03908,0.03908,0.08914,0.39525,50,5.07438,0.12722,0.12722,0.11911,0.39684
A033,push_neg_y,101,4,0,,,100,5.77574,0.02773,0.02773,0.08535,0.3823,950,6.38801,0.0527,0.0527,0.10593,0.38113,0,,,,,
A033,push_neg_y,101,5,0,,,100,6.54816,0.02606,0.02606,0.10547,0.38935,950,6.86294,0.04377,0.04377,0.09494,0.38457,0,,,,,
A033,push_neg_y,101,6,0,,,100,6.00343,0.03654,0.03654,0.08417,0.38745,950,6.55641,0.04723,0.04723,0.08752,0.39113,0,,,,,
A033,push_neg_y,101,7,0,,,100,6.45983,0.02966,0.02966,0.08606,0.38849,950,6.13315,0.04535,0.04535,0.1003,0.3836,0,,,,,
A033,push_neg_y,101,8,0,,,100,5.9698,0.02771,0.02771,0.09807,0.38735,950,6.13333,0.04369,0.04369,0.11253,0.3844,0,,,,,
A033,push_neg_y,101,9,0,,,100,5.60824,0.03313,0.03313,0.08239,0.39136,950,6.24844,0.04231,0.04231,0.09616,0.38598,0,,,,,
A033,push_neg_y,101,10,0,,,100,5.98096,0.03505,0.03505,0.09036,0.38038,950,4.47906,0.04056,0.04056,0.0841,0.38149,0,,,,,
A033,push_neg_y,101,11,0,,,100,5.31482,0.0364,0.0364,0.06832,0.38476,950,5.73951,0.04054,0.04054,0.09452,0.38054,0,,,,,
A033,push_neg_y,101,12,1,16.42,16.22,100,6.20735,0.03414,0.03414,0.11247,0.38417,711,5.29797,0.05134,0.05134,0.09824,0.38929,50,6.49829,0.15744,0.15744,0.17831,0.37291
A033,push_neg_y,101,13,0,,,100,5.77069,0.02934,0.02934,0.08451,0.38595,950,5.64221,0.0474,0.0474,0.10754,0.38061,0,,,,,
A033,push_neg_y,101,14,0,,,100,6.39391,0.02998,0.02998,0.09251,0.38664,950,5.64742,0.04428,0.04428,0.10538,0.3815,0,,,,,
A033,push_neg_y,101,15,0,,,100,5.82223,0.02715,0.02715,0.0983,0.38892,950,6.48525,0.04521,0.04521,0.09776,0.392,0,,,,,
A033,push_neg_y,101,16,0,,,100,6.28118,0.02837,0.02837,0.08622,0.38673,950,6.70888,0.04302,0.04302,0.08724,0.38721,0,,,,,
A033,push_neg_y,101,17,0,,,100,5.65453,0.02852,0.02852,0.08928,0.38878,950,6.10326,0.04272,0.04272,0.08834,0.39691,0,,,,,
A033,push_neg_y,101,18,0,,,100,5.5662,0.03232,0.03232,0.12805,0.38057,950,7.21369,0.06118,0.06118,0.12571,0.3742,0,,,,,
A033,push_neg_y,101,19,0,,,100,6.43554,0.03066,0.03066,0.07844,0.3879,950,6.92968,0.05077,0.05077,0.08927,0.3866,0,,,,,
A033,push_neg_y,101,20,0,,,100,5.64622,0.03118,0.03118,0.10208,0.38795,950,4.94564,0.04326,0.04326,0.10237,0.38078,0,,,,,
A033,push_neg_y,101,21,0,,,100,5.80861,0.0318,0.0318,0.1186,0.384,950,5.82476,0.04664,0.04664,0.10954,0.37972,0,,,,,
A033,push_neg_y,101,22,0,,,100,5.57342,0.03369,0.03369,0.09048,0.38276,950,5.48067,0.04892,0.04892,0.10272,0.38026,0,,,,,
A033,push_neg_y,101,23,0,,,100,5.90032,0.0322,0.0322,0.10407,0.38292,950,5.18008,0.04286,0.04286,0.10527,0.37638,0,,,,,
A033,push_neg_y,101,24,0,,,100,5.71292,0.02243,0.02243,0.11171,0.38208,950,7.47083,0.04709,0.04709,0.10872,0.37372,0,,,,,
A033,push_neg_y,101,25,0,,,100,5.75735,0.03082,0.03082,0.10154,0.37998,950,4.56804,0.05038,0.05038,0.08333,0.3837,0,,,,,
A033,push_neg_y,101,26,0,,,100,5.91358,0.03218,0.03218,0.09611,0.38166,950,6.47435,0.04903,0.04903,0.09428,0.38377,0,,,,,
A033,push_neg_y,101,27,0,,,100,6.03552,0.03806,0.03806,0.10107,0.37885,950,6.39299,0.05007,0.05007,0.09516,0.38476,0,,,,,
A033,push_neg_y,101,28,0,,,100,5.5639,0.03389,0.03389,0.07365,0.38517,950,5.97047,0.04977,0.04977,0.09299,0.37799,0,,,,,
A033,push_neg_y,101,29,0,,,100,5.5283,0.03133,0.03133,0.12077,0.38061,950,5.36593,0.04695,0.04695,0.11011,0.36605,0,,,,,
A033,push_neg_y,101,30,0,,,100,6.34464,0.03791,0.03791,0.08745,0.39306,950,5.87535,0.04407,0.04407,0.09371,0.39255,0,,,,,
A033,push_neg_y,101,31,0,,,100,6.04501,0.03152,0.03152,0.11107,0.38502,950,5.66165,0.04465,0.04465,0.09747,0.37832,0,,,,,
A047,push_neg_y,101,0,0,,,100,1.86938,0.03162,0.03162,0.0793,0.3952,950,3.36267,0.0686,0.0686,0.12855,0.38778,0,,,,,
A047,push_neg_y,101,1,0,,,100,1.76237,0.04172,0.04172,0.07648,0.39969,950,2.03192,0.05457,0.05457,0.08654,0.39909,0,,,,,
A047,push_neg_y,101,2,0,,,100,3.05656,0.03901,0.03901,0.08769,0.39384,950,4.62459,0.08018,0.08018,0.1342,0.3727,0,,,,,
A047,push_neg_y,101,3,0,,,100,1.94733,0.03994,0.03994,0.09392,0.39981,950,1.77141,0.05285,0.05285,0.08206,0.40047,0,,,,,
A047,push_neg_y,101,4,1,18.56,17.74,100,2.13761,0.03668,0.03668,0.08405,0.39549,787,2.47415,0.05857,0.05857,0.07699,0.39519,50,8.27619,0.15938,0.15938,0.06833,0.36882
A047,push_neg_y,101,5,0,,,100,2.26572,0.04161,0.04161,0.10085,0.39894,950,1.91572,0.04896,0.04896,0.08022,0.3995,0,,,,,
A047,push_neg_y,101,6,0,,,100,2.04257,0.0517,0.0517,0.08748,0.39789,950,1.59129,0.05125,0.05125,0.07811,0.39834,0,,,,,
A047,push_neg_y,101,7,0,,,100,2.01679,0.04498,0.04498,0.08122,0.39882,950,1.94869,0.05034,0.05034,0.07895,0.39834,0,,,,,
A047,push_neg_y,101,8,0,,,100,1.81627,0.03766,0.03766,0.08013,0.39635,950,3.85663,0.07574,0.07574,0.14603,0.39013,0,,,,,
A047,push_neg_y,101,9,0,,,100,1.40908,0.04785,0.04785,0.08785,0.40022,950,1.62335,0.04883,0.04883,0.08501,0.3998,0,,,,,
A047,push_neg_y,101,10,0,,,100,2.12115,0.03922,0.03922,0.09226,0.3938,950,2.24635,0.0501,0.0501,0.08046,0.39186,0,,,,,
A047,push_neg_y,101,11,0,,,100,1.97654,0.04222,0.04222,0.07051,0.39626,950,2.29115,0.0506,0.0506,0.08487,0.39707,0,,,,,
A047,push_neg_y,101,12,0,,,100,2.36651,0.03966,0.03966,0.09634,0.39604,950,2.79548,0.05523,0.05523,0.08749,0.3967,0,,,,,
A047,push_neg_y,101,13,0,,,100,2.06541,0.03571,0.03571,0.08557,0.39701,950,1.95529,0.05121,0.05121,0.07938,0.39906,0,,,,,
A047,push_neg_y,101,14,0,,,100,2.17884,0.03039,0.03039,0.08643,0.39765,950,2.875,0.05445,0.05445,0.0954,0.39629,0,,,,,
A047,push_neg_y,101,15,0,,,100,2.04247,0.03238,0.03238,0.07824,0.3981,950,3.34331,0.06981,0.06981,0.12487,0.39195,0,,,,,
A047,push_neg_y,101,16,0,,,100,2.09958,0.0384,0.0384,0.08035,0.39738,950,2.86416,0.05021,0.05021,0.08851,0.39592,0,,,,,
A047,push_neg_y,101,17,0,,,100,2.10888,0.03618,0.03618,0.08908,0.39778,950,2.4172,0.04668,0.04668,0.08181,0.39736,0,,,,,
A047,push_neg_y,101,18,1,15.16,14.42,100,3.09248,0.03872,0.03872,0.11347,0.39294,621,2.74554,0.0563,0.0563,0.08293,0.39311,50,8.49172,0.16431,0.16431,0.08856,0.37565
A047,push_neg_y,101,19,0,,,100,2.00943,0.03453,0.03453,0.0755,0.39872,950,1.76038,0.04903,0.04903,0.08326,0.39969,0,,,,,
A047,push_neg_y,101,20,0,,,100,1.9194,0.04629,0.04629,0.08786,0.39724,950,2.00051,0.05648,0.05648,0.08378,0.39834,0,,,,,
A047,push_neg_y,101,21,0,,,100,2.49591,0.03924,0.03924,0.0902,0.39634,950,4.73212,0.07371,0.07371,0.14645,0.38566,0,,,,,
A047,push_neg_y,101,22,1,10.74,10.08,100,3.45964,0.03391,0.03391,0.10223,0.39295,404,3.3535,0.05504,0.05504,0.0907,0.39342,50,7.35611,0.19337,0.19337,0.08347,0.37121
A047,push_neg_y,101,23,0,,,100,3.24143,0.04512,0.04512,0.08645,0.39519,950,2.45467,0.0503,0.0503,0.08279,0.39559,0,,,,,
A047,push_neg_y,101,24,0,,,100,1.25365,0.0345,0.0345,0.08304,0.39503,950,5.53976,0.0712,0.0712,0.10792,0.36965,0,,,,,
A047,push_neg_y,101,25,0,,,100,2.45984,0.02958,0.02958,0.07462,0.39446,950,3.0086,0.06729,0.06729,0.11518,0.37933,0,,,,,
A047,push_neg_y,101,26,0,,,100,2.85948,0.03502,0.03502,0.09344,0.39325,950,4.25165,0.06844,0.06844,0.12603,0.3891,0,,,,,
A047,push_neg_y,101,27,1,13.08,12.5,100,2.43548,0.03622,0.03622,0.08481,0.39256,525,2.55408,0.0489,0.0489,0.07773,0.39528,50,5.22477,0.2564,0.2564,0.15573,0.37677
A047,push_neg_y,101,28,0,,,100,2.27014,0.04404,0.04404,0.08785,0.39503,950,1.726,0.05332,0.05332,0.08024,0.39806,0,,,,,
A047,push_neg_y,101,29,0,,,100,3.28338,0.04239,0.04239,0.12566,0.3918,950,3.08489,0.05237,0.05237,0.10907,0.39372,0,,,,,
A047,push_neg_y,101,30,0,,,100,1.60998,0.04943,0.04943,0.08952,0.4012,950,1.99722,0.05623,0.05623,0.08549,0.40022,0,,,,,
A047,push_neg_y,101,31,0,,,100,1.54882,0.03937,0.03937,0.08555,0.39796,950,1.9239,0.04755,0.04755,0.07883,0.39876,0,,,,,
A033,push_neg_y,202,0,0,,,100,5.71499,0.02606,0.02606,0.08893,0.37859,950,5.19037,0.0522,0.0522,0.09435,0.36918,0,,,,,
A033,push_neg_y,202,1,0,,,100,5.68076,0.03287,0.03287,0.09609,0.38198,950,6.01802,0.04784,0.04784,0.10207,0.38184,0,,,,,
A033,push_neg_y,202,2,0,,,100,5.9278,0.03151,0.03151,0.08632,0.3896,950,5.77366,0.03934,0.03934,0.09902,0.38867,0,,,,,
A033,push_neg_y,202,3,0,,,100,5.57241,0.03119,0.03119,0.10757,0.39003,950,6.02722,0.04631,0.04631,0.09276,0.38638,0,,,,,
A033,push_neg_y,202,4,0,,,100,6.13342,0.03015,0.03015,0.09653,0.39323,950,5.67845,0.0438,0.0438,0.09255,0.39237,0,,,,,
A033,push_neg_y,202,5,0,,,100,5.5715,0.03756,0.03756,0.0975,0.38332,950,7.19824,0.05073,0.05073,0.1065,0.37759,0,,,,,
A033,push_neg_y,202,6,0,,,100,6.2416,0.03065,0.03065,0.09245,0.38163,950,8.53824,0.0606,0.0606,0.11238,0.37361,0,,,,,
A033,push_neg_y,202,7,0,,,100,6.39158,0.02698,0.02698,0.10434,0.38517,950,5.63411,0.04372,0.04372,0.10506,0.38219,0,,,,,
A033,push_neg_y,202,8,0,,,100,6.36376,0.03735,0.03735,0.06994,0.3812,950,5.30018,0.05186,0.05186,0.1029,0.36869,0,,,,,
A033,push_neg_y,202,9,0,,,100,6.00422,0.03397,0.03397,0.08826,0.38803,950,6.14297,0.04722,0.04722,0.09808,0.3912,0,,,,,
A033,push_neg_y,202,10,0,,,100,5.93014,0.02633,0.02633,0.09195,0.38713,950,5.36904,0.05073,0.05073,0.09645,0.39076,0,,,,,
A033,push_neg_y,202,11,0,,,100,5.91154,0.03548,0.03548,0.09264,0.38603,950,4.77609,0.04367,0.04367,0.09083,0.37918,0,,,,,
A033,push_neg_y,202,12,0,,,100,5.64763,0.0346,0.0346,0.08263,0.38078,950,6.7674,0.05057,0.05057,0.11241,0.37566,0,,,,,
A033,push_neg_y,202,13,0,,,100,6.01253,0.0282,0.0282,0.08798,0.38869,950,6.89971,0.04128,0.04128,0.09388,0.38822,0,,,,,
A033,push_neg_y,202,14,0,,,100,6.17077,0.03024,0.03024,0.08215,0.38104,950,5.28161,0.0474,0.0474,0.09575,0.37075,0,,,,,
A033,push_neg_y,202,15,0,,,100,6.08755,0.02322,0.02322,0.08279,0.38157,950,5.19748,0.04804,0.04804,0.10291,0.36934,0,,,,,
A033,push_neg_y,202,16,1,9.1,8.28,100,6.00658,0.02927,0.02927,0.08033,0.3898,314,5.48202,0.0354,0.0354,0.08374,0.39229,50,5.63113,0.12032,0.12032,0.11788,0.39615
A033,push_neg_y,202,17,0,,,100,5.21926,0.02176,0.02176,0.09283,0.38534,950,4.81714,0.04615,0.04615,0.09614,0.37293,0,,,,,
A033,push_neg_y,202,18,0,,,100,5.59483,0.03297,0.03297,0.09886,0.38593,950,6.83261,0.04577,0.04577,0.10744,0.378,0,,,,,
A033,push_neg_y,202,19,1,8.62,8.3,100,6.48817,0.03279,0.03279,0.08268,0.39212,316,5.76834,0.03999,0.03999,0.08431,0.39323,49,5.23658,0.10808,0.10808,0.0919,0.39426
A033,push_neg_y,202,20,0,,,100,5.05887,0.02789,0.02789,0.07581,0.38256,950,6.85025,0.05137,0.05137,0.11084,0.37502,0,,,,,
A033,push_neg_y,202,21,0,,,100,5.97812,0.03496,0.03496,0.07847,0.38797,950,6.71801,0.04519,0.04519,0.10118,0.38428,0,,,,,
A033,push_neg_y,202,22,0,,,100,6.35715,0.02941,0.02941,0.11328,0.38361,950,5.7376,0.0448,0.0448,0.11239,0.38103,0,,,,,
A033,push_neg_y,202,23,0,,,100,5.91496,0.03153,0.03153,0.10332,0.38188,950,6.5695,0.04899,0.04899,0.1092,0.37889,0,,,,,
A033,push_neg_y,202,24,0,,,100,5.27813,0.0283,0.0283,0.07929,0.39056,950,7.0707,0.03991,0.03991,0.09429,0.39205,0,,,,,
A033,push_neg_y,202,25,0,,,100,6.27751,0.03275,0.03275,0.12243,0.38172,950,6.86936,0.04951,0.04951,0.11678,0.37329,0,,,,,
A033,push_neg_y,202,26,0,,,100,6.04735,0.0259,0.0259,0.09316,0.3903,950,7.20937,0.04325,0.04325,0.10168,0.38854,0,,,,,
A033,push_neg_y,202,27,0,,,100,6.15856,0.03809,0.03809,0.0972,0.37779,950,5.42769,0.04884,0.04884,0.08846,0.37682,0,,,,,
A033,push_neg_y,202,28,0,,,100,5.7987,0.02734,0.02734,0.08525,0.38549,950,5.54592,0.04334,0.04334,0.08461,0.39385,0,,,,,
A033,push_neg_y,202,29,0,,,100,6.02767,0.02879,0.02879,0.10074,0.38403,950,5.50607,0.04024,0.04024,0.0992,0.38178,0,,,,,
A033,push_neg_y,202,30,0,,,100,5.90213,0.02706,0.02706,0.09001,0.38337,950,7.33021,0.04844,0.04844,0.10328,0.37784,0,,,,,
A033,push_neg_y,202,31,0,,,100,5.7073,0.03494,0.03494,0.1203,0.37915,950,6.24328,0.05101,0.05101,0.12099,0.37191,0,,,,,
A047,push_neg_y,202,0,0,,,100,2.70779,0.03379,0.03379,0.09248,0.3935,950,2.58609,0.05131,0.05131,0.08523,0.39369,0,,,,,
A047,push_neg_y,202,1,0,,,100,2.21365,0.03861,0.03861,0.10563,0.39648,950,2.68173,0.05321,0.05321,0.08825,0.39541,0,,,,,
A047,push_neg_y,202,2,0,,,100,2.27353,0.04581,0.04581,0.08112,0.39842,950,2.00203,0.05377,0.05377,0.08102,0.40032,0,,,,,
A047,push_neg_y,202,3,0,,,100,1.81743,0.05158,0.05158,0.10451,0.39905,950,1.86078,0.04729,0.04729,0.0857,0.3993,0,,,,,
A047,push_neg_y,202,4,0,,,100,1.9206,0.04152,0.04152,0.08216,0.39751,950,2.01961,0.04882,0.04882,0.08267,0.39861,0,,,,,
A047,push_neg_y,202,5,0,,,100,2.34671,0.04562,0.04562,0.08993,0.39536,950,3.09841,0.05139,0.05139,0.09468,0.39588,0,,,,,
A047,push_neg_y,202,6,0,,,100,2.15357,0.03283,0.03283,0.08295,0.3941,950,3.46637,0.04989,0.04989,0.11787,0.39014,0,,,,,
A047,push_neg_y,202,7,0,,,100,3.0937,0.04686,0.04686,0.09592,0.39458,950,2.20119,0.05736,0.05736,0.08531,0.3992,0,,,,,
A047,push_neg_y,202,8,0,,,100,2.19377,0.03694,0.03694,0.08131,0.39446,950,2.57864,0.05203,0.05203,0.09363,0.39163,0,,,,,
A047,push_neg_y,202,9,0,,,100,2.27716,0.04088,0.04088,0.08752,0.39805,950,1.95555,0.04942,0.04942,0.08461,0.39909,0,,,,,
A047,push_neg_y,202,10,0,,,100,2.38854,0.03665,0.03665,0.08159,0.39661,950,1.89461,0.05433,0.05433,0.07865,0.40017,0,,,,,
A047,push_neg_y,202,11,0,,,100,2.37306,0.03479,0.03479,0.08625,0.39664,950,1.98191,0.04918,0.04918,0.08302,0.39424,0,,,,,
A047,push_neg_y,202,12,0,,,100,2.79605,0.0356,0.0356,0.0908,0.39327,950,4.53839,0.06315,0.06315,0.13185,0.38216,0,,,,,
A047,push_neg_y,202,13,0,,,100,2.31832,0.04081,0.04081,0.0833,0.39702,950,2.59354,0.05659,0.05659,0.09748,0.39733,0,,,,,
A047,push_neg_y,202,14,0,,,100,2.12549,0.03029,0.03029,0.08809,0.39354,950,3.5802,0.04646,0.04646,0.12266,0.39077,0,,,,,
A047,push_neg_y,202,15,0,,,100,2.53424,0.03028,0.03028,0.07653,0.39284,950,4.01363,0.04982,0.04982,0.1352,0.38857,0,,,,,
A047,push_neg_y,202,16,0,,,100,1.93225,0.04032,0.04032,0.07703,0.39844,950,2.01011,0.05316,0.05316,0.08469,0.40081,0,,,,,
A047,push_neg_y,202,17,0,,,100,2.49955,0.03457,0.03457,0.08121,0.39627,950,2.88321,0.05073,0.05073,0.09709,0.3941,0,,,,,
A047,push_neg_y,202,18,0,,,100,2.15674,0.04507,0.04507,0.0919,0.3976,950,2.17953,0.04954,0.04954,0.08161,0.39644,0,,,,,
A047,push_neg_y,202,19,0,,,100,1.58734,0.03356,0.03356,0.07996,0.40055,950,1.68454,0.05418,0.05418,0.08065,0.40061,0,,,,,
A047,push_neg_y,202,20,0,,,100,2.29853,0.0363,0.0363,0.08063,0.39293,950,3.12272,0.06243,0.06243,0.10534,0.38032,0,,,,,
A047,push_neg_y,202,21,0,,,100,2.54776,0.03983,0.03983,0.08718,0.39743,950,1.74498,0.05066,0.05066,0.07812,0.40012,0,,,,,
A047,push_neg_y,202,22,0,,,100,2.41889,0.03428,0.03428,0.08573,0.39498,950,3.56894,0.06542,0.06542,0.11871,0.38987,0,,,,,
A047,push_neg_y,202,23,1,13.38,12.76,100,2.91229,0.03157,0.03157,0.09421,0.39241,538,2.76627,0.05428,0.05428,0.08411,0.39312,50,6.84691,0.24627,0.24627,0.18305,0.36939
A047,push_neg_y,202,24,0,,,100,1.84981,0.03707,0.03707,0.08329,0.39784,950,2.17895,0.05246,0.05246,0.09332,0.39923,0,,,,,
A047,push_neg_y,202,25,0,,,100,1.94693,0.03053,0.03053,0.09109,0.39329,950,3.30022,0.06226,0.06226,0.10178,0.38804,0,,,,,
A047,push_neg_y,202,26,0,,,100,1.91649,0.04787,0.04787,0.08403,0.39945,950,1.88624,0.04893,0.04893,0.08122,0.40071,0,,,,,
A047,push_neg_y,202,27,0,,,100,1.8151,0.03901,0.03901,0.0791,0.39327,950,3.5375,0.05148,0.05148,0.1083,0.38995,0,,,,,
A047,push_neg_y,202,28,0,,,100,2.09054,0.03703,0.03703,0.0774,0.39631,950,2.55809,0.05008,0.05008,0.0809,0.39773,0,,,,,
A047,push_neg_y,202,29,0,,,100,2.73496,0.04175,0.04175,0.08538,0.39618,950,1.99547,0.05075,0.05075,0.08318,0.39797,0,,,,,
A047,push_neg_y,202,30,0,,,100,1.46945,0.03231,0.03231,0.08551,0.39537,950,2.71884,0.04562,0.04562,0.0813,0.39322,0,,,,,
A047,push_neg_y,202,31,0,,,100,4.03775,0.03419,0.03419,0.11653,0.3905,950,3.86868,0.05278,0.05278,0.11089,0.39116,0,,,,,
A033,push_neg_y,303,0,0,,,100,6.20506,0.03212,0.03212,0.08125,0.38997,950,6.25329,0.04073,0.04073,0.09556,0.38494,0,,,,,
A033,push_neg_y,303,1,0,,,100,6.01663,0.03588,0.03588,0.09983,0.38373,950,5.32988,0.04464,0.04464,0.10483,0.38161,0,,,,,
A033,push_neg_y,303,2,0,,,100,6.20748,0.02828,0.02828,0.07343,0.38779,950,6.49481,0.04429,0.04429,0.0924,0.39002,0,,,,,
A033,push_neg_y,303,3,0,,,100,6.80677,0.03195,0.03195,0.08538,0.38971,950,6.07753,0.04348,0.04348,0.09394,0.38418,0,,,,,
A033,push_neg_y,303,4,0,,,100,6.24317,0.0333,0.0333,0.09175,0.38799,950,5.61241,0.04517,0.04517,0.09114,0.39514,0,,,,,
A033,push_neg_y,303,5,0,,,100,5.08719,0.02801,0.02801,0.07407,0.39032,950,6.83035,0.03992,0.03992,0.09062,0.39365,0,,,,,
A033,push_neg_y,303,6,0,,,100,5.39688,0.03142,0.03142,0.08768,0.38615,950,5.6159,0.04684,0.04684,0.09674,0.38893,0,,,,,
A033,push_neg_y,303,7,0,,,100,5.86683,0.03202,0.03202,0.09645,0.38873,950,5.65006,0.04449,0.04449,0.08472,0.39108,0,,,,,
A033,push_neg_y,303,8,0,,,100,6.36428,0.02817,0.02817,0.10795,0.38441,950,5.58181,0.04532,0.04532,0.10229,0.3769,0,,,,,
A033,push_neg_y,303,9,0,,,100,6.26785,0.02789,0.02789,0.09557,0.38858,950,5.31648,0.03939,0.03939,0.09502,0.3848,0,,,,,
A033,push_neg_y,303,10,0,,,100,6.45731,0.03313,0.03313,0.08037,0.38627,950,6.08704,0.04795,0.04795,0.09207,0.38518,0,,,,,
A033,push_neg_y,303,11,0,,,100,5.13184,0.03521,0.03521,0.09488,0.38288,950,6.97261,0.04793,0.04793,0.10321,0.3782,0,,,,,
A033,push_neg_y,303,12,0,,,100,6.09964,0.02792,0.02792,0.07809,0.38791,950,6.6044,0.04843,0.04843,0.09258,0.38714,0,,,,,
A033,push_neg_y,303,13,0,,,100,5.5374,0.03427,0.03427,0.07564,0.38746,950,5.95367,0.0463,0.0463,0.09387,0.38666,0,,,,,
A033,push_neg_y,303,14,0,,,100,6.45547,0.02565,0.02565,0.08041,0.37647,950,5.87734,0.05161,0.05161,0.09531,0.37927,0,,,,,
A033,push_neg_y,303,15,0,,,100,6.70132,0.0335,0.0335,0.08562,0.39139,950,6.24533,0.04482,0.04482,0.09504,0.38696,0,,,,,
A033,push_neg_y,303,16,0,,,100,6.08336,0.02985,0.02985,0.11062,0.38487,950,5.27843,0.05045,0.05045,0.10259,0.37406,0,,,,,
A033,push_neg_y,303,17,0,,,100,5.64441,0.02758,0.02758,0.07449,0.38158,950,6.46275,0.05296,0.05296,0.10037,0.37987,0,,,,,
A033,push_neg_y,303,18,0,,,100,6.0755,0.02587,0.02587,0.08605,0.38475,950,6.19786,0.04933,0.04933,0.10446,0.38165,0,,,,,
A033,push_neg_y,303,19,0,,,100,5.9659,0.0376,0.0376,0.08173,0.38068,950,4.83315,0.04893,0.04893,0.08935,0.37544,0,,,,,
A033,push_neg_y,303,20,0,,,100,5.86832,0.0367,0.0367,0.08984,0.37754,950,7.65841,0.04912,0.04912,0.11008,0.37987,0,,,,,
A033,push_neg_y,303,21,0,,,100,6.02525,0.03371,0.03371,0.08259,0.38684,950,5.95332,0.04576,0.04576,0.10274,0.37945,0,,,,,
A033,push_neg_y,303,22,0,,,100,6.04811,0.03191,0.03191,0.08546,0.39257,950,6.32215,0.04109,0.04109,0.09489,0.38607,0,,,,,
A033,push_neg_y,303,23,0,,,100,5.71818,0.03316,0.03316,0.10778,0.38225,950,5.88945,0.04486,0.04486,0.1053,0.37574,0,,,,,
A033,push_neg_y,303,24,0,,,100,6.88288,0.027,0.027,0.09111,0.38725,950,6.58696,0.04574,0.04574,0.10302,0.38398,0,,,,,
A033,push_neg_y,303,25,0,,,100,6.24207,0.02474,0.02474,0.10399,0.38369,950,5.31392,0.04185,0.04185,0.10039,0.38092,0,,,,,
A033,push_neg_y,303,26,0,,,100,6.26304,0.03405,0.03405,0.11849,0.38163,950,6.15214,0.0469,0.0469,0.10126,0.38035,0,,,,,
A033,push_neg_y,303,27,0,,,100,5.90129,0.03313,0.03313,0.10108,0.38362,950,7.64457,0.0587,0.0587,0.10703,0.38266,0,,,,,
A033,push_neg_y,303,28,0,,,100,6.60565,0.02697,0.02697,0.07892,0.39195,950,8.17053,0.06686,0.06686,0.12129,0.39075,0,,,,,
A033,push_neg_y,303,29,0,,,100,5.88279,0.03382,0.03382,0.1017,0.38783,950,5.43313,0.04274,0.04274,0.09637,0.38867,0,,,,,
A033,push_neg_y,303,30,0,,,100,6.05145,0.03195,0.03195,0.09667,0.38262,950,5.33148,0.05436,0.05436,0.10543,0.37681,0,,,,,
A033,push_neg_y,303,31,0,,,100,5.90377,0.03342,0.03342,0.10032,0.38044,950,4.71761,0.04096,0.04096,0.09019,0.37754,0,,,,,
A047,push_neg_y,303,0,0,,,100,1.84726,0.04823,0.04823,0.07534,0.39821,950,1.47415,0.04878,0.04878,0.08061,0.40086,0,,,,,
A047,push_neg_y,303,1,0,,,100,2.73911,0.04618,0.04618,0.09603,0.39398,950,3.67423,0.0676,0.0676,0.13181,0.37836,0,,,,,
A047,push_neg_y,303,2,0,,,100,1.25603,0.04113,0.04113,0.06867,0.39903,950,1.60078,0.04921,0.04921,0.07881,0.40027,0,,,,,
A047,push_neg_y,303,3,0,,,100,1.86605,0.04539,0.04539,0.08655,0.39783,950,2.00106,0.04893,0.04893,0.08055,0.39871,0,,,,,
A047,push_neg_y,303,4,0,,,100,2.71197,0.04866,0.04866,0.08859,0.39784,950,2.08456,0.05719,0.05719,0.08325,0.40048,0,,,,,
A047,push_neg_y,303,5,0,,,100,1.69603,0.03341,0.03341,0.08167,0.39945,950,2.71766,0.05684,0.05684,0.09452,0.39413,0,,,,,
A047,push_neg_y,303,6,0,,,100,1.53276,0.03978,0.03978,0.08516,0.39876,950,1.76177,0.05287,0.05287,0.08086,0.39922,0,,,,,
A047,push_neg_y,303,7,0,,,100,2.23024,0.03959,0.03959,0.0791,0.39705,950,2.24989,0.05567,0.05567,0.08814,0.39876,0,,,,,
A047,push_neg_y,303,8,0,,,100,1.92268,0.0314,0.0314,0.09118,0.39654,950,1.79518,0.04727,0.04727,0.08156,0.39664,0,,,,,
A047,push_neg_y,303,9,0,,,100,2.00102,0.04149,0.04149,0.08257,0.39899,950,2.05479,0.05456,0.05456,0.08249,0.39835,0,,,,,
A047,push_neg_y,303,10,0,,,100,1.6755,0.0415,0.0415,0.08386,0.39606,950,1.75132,0.05042,0.05042,0.08018,0.39757,0,,,,,
A047,push_neg_y,303,11,0,,,100,2.36519,0.03555,0.03555,0.08685,0.39519,950,2.14165,0.05169,0.05169,0.07813,0.39819,0,,,,,
A047,push_neg_y,303,12,0,,,100,2.42554,0.03479,0.03479,0.08221,0.39864,950,1.95102,0.05269,0.05269,0.08102,0.39939,0,,,,,
A047,push_neg_y,303,13,0,,,100,1.75004,0.03445,0.03445,0.07695,0.39855,950,1.78426,0.05009,0.05009,0.08032,0.39968,0,,,,,
A047,push_neg_y,303,14,0,,,100,3.62618,0.03612,0.03612,0.11472,0.39139,950,3.45789,0.05167,0.05167,0.0917,0.39022,0,,,,,
A047,push_neg_y,303,15,0,,,100,1.65025,0.04104,0.04104,0.07502,0.4011,950,1.75849,0.04999,0.04999,0.08107,0.40043,0,,,,,
A047,push_neg_y,303,16,0,,,100,2.81095,0.03673,0.03673,0.08563,0.39526,950,2.73486,0.04967,0.04967,0.10287,0.39656,0,,,,,
A047,push_neg_y,303,17,0,,,100,1.18027,0.03814,0.03814,0.06753,0.39576,950,1.64919,0.05198,0.05198,0.07846,0.39625,0,,,,,
A047,push_neg_y,303,18,0,,,100,2.88636,0.03272,0.03272,0.09483,0.39474,950,3.10839,0.06374,0.06374,0.11174,0.39104,0,,,,,
A047,push_neg_y,303,19,0,,,100,3.0143,0.03756,0.03756,0.08941,0.3929,950,3.95138,0.04877,0.04877,0.13047,0.38845,0,,,,,
A047,push_neg_y,303,20,1,12.48,11.7,100,3.08486,0.03314,0.03314,0.09628,0.39154,485,2.9864,0.05492,0.05492,0.07652,0.39252,50,8.31546,0.15878,0.15878,0.11074,0.37568
A047,push_neg_y,303,21,0,,,100,2.10297,0.03242,0.03242,0.08009,0.39633,950,2.00679,0.04854,0.04854,0.08065,0.3972,0,,,,,
A047,push_neg_y,303,22,0,,,100,1.80804,0.04074,0.04074,0.07874,0.40094,950,1.5744,0.04831,0.04831,0.08133,0.39984,0,,,,,
A047,push_neg_y,303,23,0,,,100,3.12876,0.03644,0.03644,0.09928,0.39436,950,3.32149,0.064,0.064,0.10299,0.38995,0,,,,,
A047,push_neg_y,303,24,0,,,100,1.71834,0.0288,0.0288,0.07908,0.39862,950,1.80175,0.05078,0.05078,0.08148,0.39995,0,,,,,
A047,push_neg_y,303,25,0,,,100,1.70522,0.03004,0.03004,0.09124,0.39719,950,1.75336,0.04943,0.04943,0.0813,0.3971,0,,,,,
A047,push_neg_y,303,26,0,,,100,2.28598,0.04065,0.04065,0.09554,0.39672,950,3.67503,0.06601,0.06601,0.12063,0.3883,0,,,,,
A047,push_neg_y,303,27,1,17.74,17.02,100,1.67195,0.03652,0.03652,0.08896,0.39503,751,1.978,0.04851,0.04851,0.07505,0.39842,50,8.33297,0.26935,0.26935,0.15631,0.35924
A047,push_neg_y,303,28,0,,,100,1.44713,0.03342,0.03342,0.07638,0.40003,950,1.6307,0.0521,0.0521,0.08237,0.40159,0,,,,,
A047,push_neg_y,303,29,0,,,100,2.54006,0.05262,0.05262,0.09568,0.39831,950,1.97018,0.056,0.056,0.08187,0.40004,0,,,,,
A047,push_neg_y,303,30,0,,,100,3.00022,0.03592,0.03592,0.08692,0.39302,950,3.29342,0.04886,0.04886,0.11282,0.39321,0,,,,,
A047,push_neg_y,303,31,0,,,100,2.75274,0.03526,0.03526,0.09065,0.394,950,2.61068,0.05022,0.05022,0.08568,0.3935,0,,,,,
A033,rough_forward,101,0,0,,,100,12.45905,0.42822,0.13785,0.1097,0.3242,950,12.13022,0.43465,0.12791,0.12695,0.3193,0,,,,,
A033,rough_forward,101,1,0,,,100,11.70709,0.43601,0.09971,0.12089,0.34169,950,9.39593,0.17618,0.39235,0.10845,0.32243,0,,,,,
A033,rough_forward,101,2,0,,,100,13.10487,0.46774,0.09906,0.13443,0.29343,950,10.38756,0.45238,0.08701,0.09784,0.34341,0,,,,,
A033,rough_forward,101,3,0,,,100,8.6902,0.24217,0.35632,0.13679,0.3349,950,11.20678,0.16277,0.40559,0.10262,0.34677,0,,,,,
A033,rough_forward,101,4,0,,,100,10.2926,0.50261,0.08976,0.11125,0.33463,950,10.38987,0.4557,0.09633,0.11223,0.34023,0,,,,,
A033,rough_forward,101,5,0,,,100,10.1136,0.3006,0.24454,0.12787,0.32649,950,10.28796,0.37369,0.14828,0.10589,0.3632,0,,,,,
A033,rough_forward,101,6,0,,,100,11.16112,0.35855,0.18752,0.13413,0.32546,950,11.39502,0.39034,0.13872,0.11187,0.35491,0,,,,,
A033,rough_forward,101,7,0,,,100,12.68874,0.43342,0.12245,0.15892,0.32411,950,12.18628,0.40043,0.1404,0.12846,0.34715,0,,,,,
A033,rough_forward,101,8,0,,,100,10.31219,0.35983,0.23752,0.15411,0.31188,950,10.57287,0.37386,0.17705,0.1194,0.33749,0,,,,,
A033,rough_forward,101,9,0,,,100,11.30071,0.34787,0.17406,0.12503,0.35672,950,11.09651,0.32829,0.20914,0.1113,0.35595,0,,,,,
A033,rough_forward,101,10,0,,,100,13.95636,0.46957,0.11124,0.16016,0.30965,950,10.39254,0.48387,0.07296,0.10068,0.33837,0,,,,,
A033,rough_forward,101,11,0,,,100,10.56852,0.45368,0.09305,0.10411,0.32955,950,11.07773,0.40292,0.13482,0.11484,0.34336,0,,,,,
A033,rough_forward,101,12,0,,,100,10.54028,0.42907,0.13151,0.12965,0.33853,950,12.02846,0.39037,0.17815,0.14826,0.31547,0,,,,,
A033,rough_forward,101,13,0,,,100,10.36391,0.40636,0.11985,0.15116,0.3522,950,9.55233,0.41029,0.10982,0.11133,0.36791,0,,,,,
A033,rough_forward,101,14,0,,,100,10.31319,0.21134,0.34806,0.18309,0.36174,950,10.42867,0.26376,0.29177,0.12703,0.34013,0,,,,,
A033,rough_forward,101,15,0,,,100,11.42262,0.3793,0.13781,0.11426,0.3459,950,11.18576,0.36572,0.16511,0.11498,0.35207,0,,,,,
A033,rough_forward,101,16,0,,,100,8.50886,0.08585,0.50934,0.09051,0.3533,950,11.1599,0.28401,0.27225,0.11272,0.33738,0,,,,,
A033,rough_forward,101,17,0,,,100,10.74699,0.25908,0.26597,0.10293,0.35159,950,11.50528,0.36433,0.17088,0.11321,0.34939,0,,,,,
A033,rough_forward,101,18,0,,,100,12.68044,0.47926,0.11938,0.14384,0.29994,950,11.64807,0.45704,0.11319,0.12032,0.31921,0,,,,,
A033,rough_forward,101,19,0,,,100,12.46634,0.28872,0.26815,0.11228,0.31151,950,13.85281,0.25219,0.29878,0.1373,0.33851,0,,,,,
A033,rough_forward,101,20,0,,,100,13.82281,0.4378,0.12485,0.15898,0.31996,950,9.42131,0.14159,0.45196,0.10766,0.32076,0,,,,,
A033,rough_forward,101,21,0,,,100,10.6294,0.46303,0.09299,0.09907,0.32878,950,10.32374,0.40332,0.14336,0.11394,0.33473,0,,,,,
A033,rough_forward,101,22,0,,,100,9.39339,0.3638,0.20313,0.11664,0.32838,950,10.62188,0.45551,0.09315,0.1023,0.33179,0,,,,,
A033,rough_forward,101,23,1,5.4,4.18,100,14.84613,0.42397,0.19038,0.17268,0.33414,109,14.58652,0.42715,0.17863,0.16347,0.33567,50,11.55892,0.32816,0.18084,0.15465,0.37153
A033,rough_forward,101,24,0,,,100,11.50953,0.49641,0.07025,0.1126,0.32653,950,10.54117,0.46577,0.10084,0.11196,0.33124,0,,,,,
A033,rough_forward,101,25,0,,,100,10.68095,0.47044,0.07419,0.11065,0.32806,950,10.37963,0.30766,0.29223,0.13474,0.2891,0,,,,,
A033,rough_forward,101,26,0,,,100,11.04672,0.3748,0.169,0.10135,0.33809,950,10.47799,0.44784,0.09452,0.10131,0.34791,0,,,,,
A033,rough_forward,101,27,0,,,100,8.73687,0.2372,0.29799,0.09436,0.33362,950,11.61269,0.43479,0.13116,0.12782,0.32319,0,,,,,
A033,rough_forward,101,28,0,,,100,10.7104,0.46527,0.08167,0.1111,0.339,950,10.21454,0.41337,0.11615,0.11154,0.3544,0,,,,,
A033,rough_forward,101,29,0,,,100,10.00482,0.42753,0.10355,0.11396,0.32619,950,11.16454,0.45541,0.09321,0.12036,0.33696,0,,,,,
A033,rough_forward,101,30,0,,,100,11.4953,0.31154,0.21215,0.11819,0.32688,950,12.67512,0.33805,0.20346,0.1445,0.34471,0,,,,,
A033,rough_forward,101,31,0,,,100,14.25215,0.47495,0.08971,0.14019,0.32524,950,10.48864,0.44324,0.09105,0.11589,0.35182,0,,,,,
A047,rough_forward,101,0,0,,,100,7.60121,0.16581,0.53696,0.24234,0.31476,950,11.52801,0.23033,0.37461,0.176,0.30335,0,,,,,
A047,rough_forward,101,1,0,,,100,5.31116,0.2155,0.32025,0.11597,0.35521,950,10.44026,0.19328,0.4038,0.15556,0.3367,0,,,,,
A047,rough_forward,101,2,0,,,100,4.00804,0.38941,0.13672,0.10629,0.36885,950,16.62715,0.24097,0.47208,0.13391,0.24643,0,,,,,
A047,rough_forward,101,3,1,9.26,7.98,100,3.39614,0.30671,0.22537,0.11389,0.37999,299,3.45403,0.18476,0.3479,0.10598,0.38449,50,9.5385,0.08049,0.47739,0.13271,0.35645
A047,rough_forward,101,4,0,,,100,12.73738,0.14316,0.50632,0.10316,0.35658,950,10.63614,0.07652,0.50343,0.0793,0.36176,0,,,,,
A047,rough_forward,101,5,0,,,100,9.00302,0.34849,0.19732,0.17595,0.32992,950,3.74153,0.1673,0.377,0.10239,0.36741,0,,,,,
A047,rough_forward,101,6,0,,,100,5.18122,0.25852,0.28007,0.11438,0.35303,950,9.17633,0.07243,0.47846,0.10204,0.35522,0,,,,,
A047,rough_forward,101,7,0,,,100,8.1591,0.19498,0.33332,0.17254,0.34448,950,12.85762,0.11844,0.47148,0.16184,0.32897,0,,,,,
A047,rough_forward,101,8,0,,,100,3.07944,0.36321,0.18953,0.13943,0.36394,950,6.34017,0.16737,0.38128,0.10131,0.36644,0,,,,,
A047,rough_forward,101,9,0,,,100,8.6474,0.38526,0.17579,0.20473,0.32129,950,6.29886,0.12673,0.41435,0.12674,0.35156,0,,,,,
A047,rough_forward,101,10,0,,,100,17.98854,0.11587,0.54209,0.15401,0.31641,950,8.4771,0.09232,0.48218,0.11525,0.34847,0,,,,,
A047,rough_forward,101,11,0,,,100,5.97169,0.32033,0.20489,0.14309,0.34414,950,3.88263,0.12564,0.43568,0.08791,0.35872,0,,,,,
A047,rough_forward,101,12,0,,,100,5.78576,0.41186,0.15306,0.12113,0.3264,950,9.06752,0.10686,0.45933,0.10368,0.33133,0,,,,,
A047,rough_forward,101,13,0,,,100,3.68196,0.33123,0.19517,0.10581,0.36576,950,4.38094,0.25072,0.28313,0.0997,0.37282,0,,,,,
A047,rough_forward,101,14,0,,,100,6.19125,0.27421,0.25888,0.10729,0.36295,950,11.37829,0.11357,0.46754,0.12517,0.3557,0,,,,,
A047,rough_forward,101,15,1,17.86,16.96,100,5.29624,0.3012,0.2631,0.12605,0.36615,748,4.39051,0.09743,0.45169,0.10117,0.36445,50,6.20642,0.10021,0.53263,0.14483,0.33503
A047,rough_forward,101,16,0,,,100,4.68949,0.06222,0.50128,0.09949,0.37464,950,3.45823,0.06618,0.50127,0.09028,0.37229,0,,,,,
A047,rough_forward,101,17,0,,,100,8.07511,0.20656,0.37619,0.13374,0.35935,950,7.92475,0.16374,0.39277,0.14075,0.35918,0,,,,,
A047,rough_forward,101,18,0,,,100,7.81358,0.34429,0.20607,0.12292,0.3257,950,9.40534,0.28056,0.31716,0.14755,0.32779,0,,,,,
A047,rough_forward,101,19,0,,,100,4.80658,0.23694,0.28575,0.12285,0.36894,950,7.58462,0.198,0.34119,0.10509,0.36819,0,,,,,
A047,rough_forward,101,20,0,,,100,5.43911,0.29465,0.25491,0.16195,0.34967,950,6.61701,0.19674,0.36048,0.13166,0.35986,0,,,,,
A047,rough_forward,101,21,1,3.58,3.04,52,8.83019,0.17684,0.50859,0.11057,0.36526,52,8.83019,0.17684,0.50859,0.11057,0.36526,50,7.00623,0.23958,0.54242,0.14349,0.35632
A047,rough_forward,101,22,0,,,100,4.80183,0.45251,0.13692,0.11541,0.33786,950,5.34137,0.38436,0.1653,0.11544,0.34238,0,,,,,
A047,rough_forward,101,23,0,,,100,2.29963,0.39004,0.14088,0.09257,0.37336,950,3.65704,0.3644,0.17944,0.10313,0.37274,0,,,,,
A047,rough_forward,101,24,0,,,100,3.62324,0.31582,0.21264,0.11655,0.35893,950,8.57491,0.31834,0.31591,0.15069,0.31265,0,,,,,
A047,rough_forward,101,25,0,,,100,6.87378,0.35457,0.1725,0.11202,0.34538,950,8.57617,0.17059,0.41889,0.10977,0.34986,0,,,,,
A047,rough_forward,101,26,0,,,100,4.85053,0.31791,0.24048,0.11489,0.36072,950,4.89473,0.21491,0.32815,0.11183,0.34486,0,,,,,
A047,rough_forward,101,27,0,,,100,4.88065,0.29878,0.27869,0.11359,0.35153,950,7.66899,0.21362,0.33712,0.116,0.33424,0,,,,,
A047,rough_forward,101,28,0,,,100,6.26243,0.31577,0.21407,0.13281,0.34831,950,7.62654,0.32931,0.22246,0.13912,0.34782,0,,,,,
A047,rough_forward,101,29,0,,,100,4.97741,0.40638,0.14872,0.14039,0.33579,950,16.62352,0.1336,0.42893,0.10497,0.29717,0,,,,,
A047,rough_forward,101,30,1,7.4,6.68,100,4.96798,0.0349,0.50028,0.0729,0.35979,234,5.22028,0.03406,0.50205,0.07749,0.35939,50,8.34741,0.06307,0.52164,0.11904,0.35657
A047,rough_forward,101,31,0,,,100,8.14265,0.3448,0.1834,0.11194,0.34933,950,5.24095,0.30598,0.23484,0.11701,0.35608,0,,,,,
A033,rough_forward,202,0,0,,,100,10.62059,0.45802,0.08013,0.10902,0.33516,950,10.71086,0.4291,0.13672,0.12501,0.31932,0,,,,,
A033,rough_forward,202,1,0,,,100,12.55752,0.4581,0.08739,0.1084,0.32649,950,10.39766,0.45319,0.08116,0.1035,0.35048,0,,,,,
A033,rough_forward,202,2,0,,,100,13.67811,0.39082,0.19008,0.15199,0.30806,950,10.62082,0.41478,0.12234,0.12179,0.35857,0,,,,,
A033,rough_forward,202,3,0,,,100,14.52708,0.38976,0.13373,0.08682,0.34375,950,11.2413,0.20091,0.35336,0.10976,0.34222,0,,,,,
A033,rough_forward,202,4,0,,,100,9.77679,0.29434,0.22056,0.10026,0.36824,950,11.38247,0.3999,0.13899,0.12775,0.35239,0,,,,,
A033,rough_forward,202,5,0,,,100,12.87279,0.37031,0.18559,0.13327,0.33034,950,10.95259,0.43883,0.0967,0.10525,0.34989,0,,,,,
A033,rough_forward,202,6,0,,,100,10.97428,0.44702,0.08115,0.08909,0.35561,950,9.91694,0.45333,0.08442,0.09573,0.35415,0,,,,,
A033,rough_forward,202,7,0,,,100,13.84507,0.39977,0.17906,0.12211,0.31742,950,11.90472,0.36745,0.16927,0.12656,0.34001,0,,,,,
A033,rough_forward,202,8,0,,,100,9.49155,0.39574,0.1397,0.10005,0.32846,950,8.38613,0.27258,0.28039,0.10835,0.3065,0,,,,,
A033,rough_forward,202,9,0,,,100,12.33011,0.43542,0.11767,0.16056,0.34328,950,10.83155,0.29145,0.25497,0.12232,0.3511,0,,,,,
A033,rough_forward,202,10,0,,,100,15.67299,0.43463,0.11538,0.13983,0.31029,950,10.05428,0.27452,0.27619,0.11278,0.33409,0,,,,,
A033,rough_forward,202,11,0,,,100,12.02463,0.46448,0.11567,0.1141,0.32191,950,9.97294,0.43743,0.10483,0.09665,0.34782,0,,,,,
A033,rough_forward,202,12,0,,,100,11.30492,0.44636,0.07948,0.11095,0.34137,950,10.77623,0.4694,0.08542,0.1122,0.33539,0,,,,,
A033,rough_forward,202,13,0,,,100,8.9257,0.16361,0.36894,0.09279,0.36401,950,11.02436,0.27454,0.26703,0.10876,0.34056,0,,,,,
A033,rough_forward,202,14,0,,,100,11.60366,0.46472,0.09306,0.09894,0.33653,950,10.45546,0.28032,0.26875,0.11798,0.32311,0,,,,,
A033,rough_forward,202,15,0,,,100,12.88863,0.47271,0.08129,0.11944,0.31557,950,11.53177,0.46198,0.08969,0.11944,0.32938,0,,,,,
A033,rough_forward,202,16,0,,,100,11.10474,0.35067,0.17418,0.10674,0.35994,950,11.0369,0.34551,0.17692,0.12241,0.3567,0,,,,,
A033,rough_forward,202,17,0,,,100,9.30252,0.45598,0.11298,0.11165,0.31671,950,10.80528,0.45548,0.10193,0.12734,0.32698,0,,,,,
A033,rough_forward,202,18,0,,,100,10.54165,0.45136,0.09226,0.09744,0.35139,950,12.47343,0.42339,0.12586,0.12508,0.3382,0,,,,,
A033,rough_forward,202,19,0,,,100,12.72217,0.41271,0.12487,0.17679,0.3288,950,10.38896,0.35183,0.17717,0.11853,0.35897,0,,,,,
A033,rough_forward,202,20,0,,,100,10.50902,0.48539,0.08999,0.15093,0.31173,950,9.20619,0.37774,0.18943,0.12293,0.32391,0,,,,,
A033,rough_forward,202,21,0,,,100,12.51974,0.34558,0.18203,0.10038,0.35728,950,10.96762,0.40993,0.11642,0.10208,0.35567,0,,,,,
A033,rough_forward,202,22,0,,,100,10.55715,0.4525,0.0868,0.15042,0.33448,950,10.31869,0.45114,0.08945,0.10102,0.35012,0,,,,,
A033,rough_forward,202,23,0,,,100,13.3148,0.49756,0.08138,0.11557,0.28684,950,13.80966,0.32769,0.24801,0.1428,0.28082,0,,,,,
A033,rough_forward,202,24,0,,,100,13.74497,0.37081,0.20122,0.21612,0.31692,950,11.03645,0.29774,0.25716,0.13797,0.33024,0,,,,,
A033,rough_forward,202,25,0,,,100,10.70156,0.4783,0.09616,0.13039,0.34683,950,10.06589,0.48083,0.07917,0.10663,0.34186,0,,,,,
A033,rough_forward,202,26,0,,,100,8.66773,0.32447,0.21239,0.10622,0.36863,950,10.54911,0.34586,0.17647,0.11284,0.35886,0,,,,,
A033,rough_forward,202,27,0,,,100,10.28471,0.47347,0.06089,0.10813,0.31859,950,10.71539,0.48546,0.0788,0.10384,0.33742,0,,,,,
A033,rough_forward,202,28,0,,,100,13.01348,0.37127,0.16828,0.10641,0.34535,950,11.81101,0.40349,0.13499,0.12018,0.34333,0,,,,,
A033,rough_forward,202,29,0,,,100,10.59639,0.43351,0.12651,0.1121,0.32844,950,10.24935,0.41302,0.1148,0.10225,0.35947,0,,,,,
A033,rough_forward,202,30,0,,,100,10.85155,0.44393,0.13902,0.15885,0.29649,950,11.66198,0.44158,0.12554,0.12109,0.32001,0,,,,,
A033,rough_forward,202,31,0,,,100,11.63991,0.48475,0.062,0.10937,0.33386,950,11.10419,0.47408,0.08484,0.12197,0.33483,0,,,,,
A047,rough_forward,202,0,0,,,100,3.4511,0.37455,0.15188,0.11197,0.37354,950,8.37897,0.23513,0.34289,0.16198,0.31155,0,,,,,
A047,rough_forward,202,1,0,,,100,10.98143,0.34052,0.32431,0.1205,0.34034,950,10.67653,0.25644,0.36092,0.15683,0.31838,0,,,,,
A047,rough_forward,202,2,0,,,100,4.74977,0.28371,0.2527,0.13328,0.35732,950,7.46643,0.23086,0.32395,0.12338,0.34509,0,,,,,
A047,rough_forward,202,3,0,,,100,5.70337,0.30992,0.21142,0.15653,0.35139,950,7.91235,0.17511,0.37698,0.13431,0.34038,0,,,,,
A047,rough_forward,202,4,0,,,100,7.29948,0.25602,0.29365,0.10132,0.34882,950,6.11041,0.06955,0.4791,0.08233,0.36499,0,,,,,
A047,rough_forward,202,5,0,,,100,5.48717,0.36176,0.18495,0.1801,0.35092,950,10.91474,0.24192,0.37158,0.17091,0.32845,0,,,,,
A047,rough_forward,202,6,0,,,100,7.24439,0.15839,0.43293,0.11791,0.34096,950,9.51779,0.18125,0.37962,0.11875,0.3153,0,,,,,
A047,rough_forward,202,7,0,,,100,7.18459,0.19912,0.40701,0.13448,0.36148,950,4.61161,0.07766,0.4867,0.08,0.3734,0,,,,,
A047,rough_forward,202,8,0,,,100,5.08125,0.32227,0.24029,0.09742,0.35243,950,7.25502,0.3241,0.24736,0.13191,0.32629,0,,,,,
A047,rough_forward,202,9,0,,,100,7.61493,0.16312,0.41409,0.08283,0.37483,950,4.51116,0.08856,0.47499,0.08659,0.37295,0,,,,,
A047,rough_forward,202,10,0,,,100,6.85753,0.1752,0.36009,0.14837,0.35617,950,5.83441,0.09942,0.4638,0.09933,0.37542,0,,,,,
A047,rough_forward,202,11,0,,,100,4.00927,0.42961,0.13506,0.11448,0.34783,950,9.4901,0.24642,0.33335,0.14191,0.33551,0,,,,,
A047,rough_forward,202,12,0,,,100,5.79854,0.32969,0.18414,0.09212,0.35896,950,10.94201,0.12469,0.45612,0.11695,0.34244,0,,,,,
A047,rough_forward,202,13,0,,,100,3.99746,0.04876,0.49339,0.09219,0.36282,950,5.72984,0.1677,0.40714,0.11203,0.36573,0,,,,,
A047,rough_forward,202,14,0,,,100,6.12239,0.20939,0.3655,0.12134,0.36827,950,12.00253,0.24363,0.38486,0.15124,0.32279,0,,,,,
A047,rough_forward,202,15,0,,,100,8.27376,0.19992,0.39275,0.16382,0.31563,950,7.6738,0.3188,0.28613,0.13783,0.32953,0,,,,,
A047,rough_forward,202,16,0,,,100,4.63446,0.14908,0.40321,0.11406,0.36205,950,5.70772,0.06547,0.49086,0.0887,0.36851,0,,,,,
A047,rough_forward,202,17,0,,,100,4.02099,0.37112,0.19756,0.10305,0.34388,950,14.13504,0.27601,0.35611,0.15555,0.31927,0,,,,,
A047,rough_forward,202,18,0,,,100,12.48973,0.21234,0.36623,0.14305,0.30843,950,8.76218,0.19565,0.36324,0.10934,0.35687,0,,,,,
A047,rough_forward,202,19,0,,,100,5.95268,0.17945,0.37559,0.11323,0.37764,950,5.00149,0.07422,0.48588,0.09373,0.36653,0,,,,,
A047,rough_forward,202,20,0,,,100,6.78065,0.07565,0.48334,0.09222,0.37038,950,8.44753,0.18454,0.40148,0.12158,0.34384,0,,,,,
A047,rough_forward,202,21,0,,,100,4.69239,0.32299,0.20167,0.14745,0.37017,950,5.45075,0.18963,0.36142,0.10913,0.36091,0,,,,,
A047,rough_forward,202,22,0,,,100,3.0321,0.34793,0.19759,0.13037,0.35735,950,11.08001,0.2422,0.3759,0.17315,0.317,0,,,,,
A047,rough_forward,202,23,0,,,100,22.44836,0.09086,0.51646,0.13904,0.24755,950,15.00022,0.17773,0.45243,0.13256,0.28395,0,,,,,
A047,rough_forward,202,24,0,,,100,6.72576,0.08866,0.49203,0.13277,0.36634,950,8.25879,0.04428,0.49408,0.09016,0.37,0,,,,,
A047,rough_forward,202,25,0,,,100,6.07138,0.35743,0.17078,0.13922,0.33946,950,13.49041,0.3528,0.46085,0.18597,0.27474,0,,,,,
A047,rough_forward,202,26,0,,,100,3.19052,0.31076,0.20442,0.08792,0.37579,950,6.15161,0.07498,0.46553,0.09207,0.36167,0,,,,,
A047,rough_forward,202,27,0,,,100,9.66424,0.3258,0.24356,0.19568,0.27521,950,9.82681,0.07432,0.46671,0.11139,0.34281,0,,,,,
A047,rough_forward,202,28,0,,,100,13.71868,0.16799,0.50363,0.18332,0.33715,950,4.29548,0.10034,0.48975,0.0965,0.35539,0,,,,,
A047,rough_forward,202,29,0,,,100,8.75621,0.13497,0.47424,0.0939,0.34363,950,11.85918,0.11925,0.4846,0.14212,0.32482,0,,,,,
A047,rough_forward,202,30,0,,,100,8.82974,0.41627,0.16199,0.13214,0.30845,950,7.67559,0.26779,0.29832,0.1174,0.32982,0,,,,,
A047,rough_forward,202,31,0,,,100,3.34473,0.37704,0.14922,0.11751,0.35205,950,11.71542,0.25655,0.372,0.13163,0.3169,0,,,,,
A033,rough_forward,303,0,0,,,100,7.77198,0.2883,0.25206,0.11853,0.35246,950,13.3803,0.18884,0.37636,0.14546,0.34355,0,,,,,
A033,rough_forward,303,1,1,11.0,10.88,100,12.98479,0.4675,0.12749,0.14803,0.312,444,13.42017,0.44232,0.13612,0.1549,0.31977,50,15.11007,0.19062,0.47255,0.22092,0.23006
A033,rough_forward,303,2,0,,,100,8.62174,0.22011,0.37032,0.10353,0.32774,950,10.72454,0.35238,0.19111,0.11662,0.34659,0,,,,,
A033,rough_forward,303,3,0,,,100,10.86908,0.32814,0.21454,0.15738,0.33897,950,10.53643,0.35118,0.18434,0.1141,0.35513,0,,,,,
A033,rough_forward,303,4,1,11.84,11.56,100,12.59784,0.35469,0.16907,0.11836,0.33348,478,11.56225,0.3118,0.24692,0.14466,0.32479,50,11.49167,0.13017,0.55191,0.18141,0.29323
A033,rough_forward,303,5,0,,,100,11.80285,0.33635,0.22611,0.1119,0.34022,950,11.02835,0.39002,0.14088,0.10682,0.35404,0,,,,,
A033,rough_forward,303,6,0,,,100,11.66591,0.34078,0.18523,0.10575,0.3261,950,11.59461,0.36707,0.1755,0.12122,0.33537,0,,,,,
A033,rough_forward,303,7,0,,,100,15.48117,0.36128,0.18732,0.20835,0.31432,950,11.01919,0.41415,0.11437,0.115,0.3559,0,,,,,
A033,rough_forward,303,8,0,,,100,8.4435,0.43656,0.10507,0.09633,0.34156,950,10.57204,0.41406,0.12357,0.11247,0.35257,0,,,,,
A033,rough_forward,303,9,0,,,100,13.05709,0.46775,0.08833,0.16633,0.33285,950,10.65379,0.42144,0.11059,0.11723,0.35115,0,,,,,
A033,rough_forward,303,10,0,,,100,11.70706,0.36572,0.15071,0.11339,0.35987,950,10.25336,0.41869,0.10485,0.10272,0.36361,0,,,,,
A033,rough_forward,303,11,0,,,100,13.80614,0.42173,0.14324,0.15464,0.32723,950,10.94832,0.45387,0.09214,0.11971,0.34521,0,,,,,
A033,rough_forward,303,12,0,,,100,12.59753,0.29113,0.30279,0.13001,0.33083,950,11.17304,0.36066,0.18678,0.11653,0.34122,0,,,,,
A033,rough_forward,303,13,0,,,100,14.8392,0.43938,0.14225,0.17797,0.30324,950,8.05363,0.1313,0.4605,0.09255,0.33321,0,,,,,
A033,rough_forward,303,14,0,,,100,12.13449,0.45362,0.09646,0.10898,0.30117,950,11.07413,0.45936,0.09727,0.1206,0.31754,0,,,,,
A033,rough_forward,303,15,0,,,100,7.12344,0.10278,0.50164,0.21721,0.32508,950,9.66514,0.24401,0.30731,0.13234,0.3389,0,,,,,
A033,rough_forward,303,16,0,,,100,8.55525,0.45069,0.09913,0.10633,0.32617,950,11.1899,0.3402,0.23128,0.12931,0.31337,0,,,,,
A033,rough_forward,303,17,0,,,100,13.88466,0.47737,0.06801,0.10067,0.33077,950,10.52294,0.40355,0.13874,0.11347,0.34404,0,,,,,
A033,rough_forward,303,18,0,,,100,11.18382,0.4707,0.07129,0.14102,0.31594,950,10.02394,0.45874,0.08337,0.10807,0.34781,0,,,,,
A033,rough_forward,303,19,0,,,100,12.19514,0.50522,0.08878,0.12258,0.30674,950,10.53417,0.46653,0.08695,0.1022,0.3411,0,,,,,
A033,rough_forward,303,20,0,,,100,12.62218,0.45965,0.09535,0.0859,0.3392,950,8.93037,0.23434,0.31233,0.10622,0.30746,0,,,,,
A033,rough_forward,303,21,1,7.66,7.26,100,7.94597,0.21087,0.31126,0.10123,0.35691,263,9.30932,0.29931,0.28449,0.12305,0.33744,50,11.56679,0.09687,0.50709,0.14253,0.29346
A033,rough_forward,303,22,0,,,100,7.51674,0.18678,0.34586,0.13088,0.37723,950,11.51801,0.36462,0.16526,0.12233,0.35665,0,,,,,
A033,rough_forward,303,23,0,,,100,9.25649,0.26408,0.26673,0.09621,0.37214,950,10.21796,0.40815,0.12631,0.11014,0.35829,0,,,,,
A033,rough_forward,303,24,0,,,100,10.33779,0.40628,0.11253,0.1069,0.33891,950,10.6401,0.35182,0.18308,0.1229,0.35722,0,,,,,
A033,rough_forward,303,25,0,,,100,6.10037,0.18803,0.36948,0.09993,0.35112,950,10.53054,0.37312,0.162,0.1163,0.35289,0,,,,,
A033,rough_forward,303,26,0,,,100,12.16596,0.28536,0.23024,0.10441,0.34109,950,11.63668,0.38861,0.15177,0.10833,0.34015,0,,,,,
A033,rough_forward,303,27,0,,,100,7.44843,0.34286,0.21487,0.11033,0.33525,950,6.60209,0.25211,0.29336,0.10974,0.32931,0,,,,,
A033,rough_forward,303,28,0,,,100,7.76052,0.22945,0.29739,0.09418,0.35135,950,10.16562,0.33607,0.18639,0.10722,0.36534,0,,,,,
A033,rough_forward,303,29,0,,,100,11.54454,0.43673,0.08394,0.11731,0.33211,950,11.27626,0.34367,0.20757,0.13196,0.33852,0,,,,,
A033,rough_forward,303,30,0,,,100,8.7105,0.46382,0.0591,0.09664,0.35723,950,9.44339,0.45657,0.07724,0.09075,0.35665,0,,,,,
A033,rough_forward,303,31,0,,,100,11.13809,0.48309,0.06956,0.10666,0.33872,950,10.50642,0.46431,0.07465,0.11636,0.34412,0,,,,,
A047,rough_forward,303,0,0,,,100,5.13594,0.04141,0.50687,0.0778,0.36819,950,5.46106,0.03579,0.49979,0.07775,0.36821,0,,,,,
A047,rough_forward,303,1,0,,,100,5.18229,0.38131,0.14772,0.10124,0.35088,950,8.84225,0.28687,0.2967,0.13421,0.33408,0,,,,,
A047,rough_forward,303,2,0,,,100,8.81135,0.14139,0.40768,0.11225,0.35865,950,6.68302,0.12347,0.43693,0.11621,0.35822,0,,,,,
A047,rough_forward,303,3,0,,,100,4.9722,0.35149,0.22204,0.1413,0.36127,950,4.32019,0.3397,0.19832,0.11477,0.3731,0,,,,,
A047,rough_forward,303,4,0,,,100,7.04591,0.37058,0.16316,0.13586,0.35605,950,12.14969,0.17377,0.42395,0.16261,0.33285,0,,,,,
A047,rough_forward,303,5,0,,,100,2.25425,0.09415,0.46198,0.10993,0.3604,950,4.64391,0.04959,0.49765,0.08287,0.36919,0,,,,,
A047,rough_forward,303,6,0,,,100,4.89608,0.36178,0.23128,0.14502,0.33022,950,6.96899,0.11986,0.45508,0.11888,0.35811,0,,,,,
A047,rough_forward,303,7,0,,,100,7.60347,0.39173,0.17722,0.16726,0.32909,950,5.78778,0.19511,0.36239,0.10103,0.35511,0,,,,,
A047,rough_forward,303,8,0,,,100,5.53292,0.25987,0.31759,0.1578,0.31567,950,4.61342,0.06186,0.48067,0.09174,0.34285,0,,,,,
A047,rough_forward,303,9,0,,,100,4.50366,0.33876,0.20272,0.09958,0.374,950,7.17883,0.1554,0.40699,0.09541,0.36242,0,,,,,
A047,rough_forward,303,10,0,,,100,6.32863,0.19455,0.37495,0.09815,0.36634,950,6.72368,0.16193,0.41396,0.12154,0.35857,0,,,,,
A047,rough_forward,303,11,0,,,100,10.09291,0.2537,0.29136,0.25891,0.28943,950,10.45661,0.10704,0.44699,0.13305,0.32688,0,,,,,
A047,rough_forward,303,12,0,,,100,4.15906,0.04454,0.47252,0.07904,0.37061,950,5.71009,0.1833,0.36796,0.11593,0.35363,0,,,,,
A047,rough_forward,303,13,0,,,100,6.67085,0.15964,0.41855,0.11479,0.34267,950,4.88397,0.1484,0.42117,0.10363,0.35568,0,,,,,
A047,rough_forward,303,14,0,,,100,4.91451,0.32022,0.20077,0.11003,0.35275,950,5.42447,0.41157,0.13178,0.09972,0.34694,0,,,,,
A047,rough_forward,303,15,1,9.44,8.72,100,7.74818,0.18584,0.51068,0.14359,0.34914,337,8.99085,0.19541,0.42475,0.12706,0.3432,49,10.51177,0.08342,0.50636,0.17721,0.34234
A047,rough_forward,303,16,0,,,100,13.61819,0.29633,0.40394,0.16109,0.29242,950,11.39887,0.1373,0.48738,0.1525,0.33849,0,,,,,
A047,rough_forward,303,17,0,,,100,5.94885,0.37812,0.18255,0.11362,0.34442,950,9.15216,0.2068,0.3695,0.1094,0.32561,0,,,,,
A047,rough_forward,303,18,0,,,100,6.13315,0.3831,0.14879,0.11973,0.34621,950,5.3865,0.16608,0.38578,0.11905,0.32981,0,,,,,
A047,rough_forward,303,19,0,,,100,9.70167,0.37183,0.20309,0.1883,0.28157,950,7.06094,0.29633,0.26577,0.15238,0.32826,0,,,,,
A047,rough_forward,303,20,0,,,100,7.92528,0.33727,0.21072,0.10463,0.35699,950,12.0571,0.24872,0.39311,0.12518,0.31626,0,,,,,
A047,rough_forward,303,21,0,,,100,5.21482,0.33272,0.21263,0.12006,0.36424,950,7.48287,0.10847,0.47277,0.11171,0.3607,0,,,,,
A047,rough_forward,303,22,0,,,100,3.76079,0.06699,0.48877,0.08878,0.36354,950,6.62171,0.08111,0.48012,0.13427,0.35079,0,,,,,
A047,rough_forward,303,23,0,,,100,6.77568,0.33553,0.19247,0.13142,0.34856,950,6.42945,0.21919,0.33531,0.11814,0.35584,0,,,,,
A047,rough_forward,303,24,0,,,100,3.1747,0.32917,0.19461,0.10692,0.36746,950,8.01464,0.21739,0.34764,0.11985,0.34997,0,,,,,
A047,rough_forward,303,25,0,,,100,4.14061,0.31053,0.21663,0.10293,0.36305,950,5.98233,0.26317,0.27033,0.12771,0.36207,0,,,,,
A047,rough_forward,303,26,0,,,100,5.72811,0.08454,0.4489,0.09422,0.35409,950,5.20745,0.03979,0.49409,0.08526,0.36431,0,,,,,
A047,rough_forward,303,27,0,,,100,3.65095,0.32262,0.22851,0.11255,0.35018,950,16.24615,0.08556,0.47322,0.09574,0.30135,0,,,,,
A047,rough_forward,303,28,0,,,100,2.11085,0.34795,0.18396,0.08005,0.37843,950,5.28389,0.24793,0.29696,0.11388,0.36752,0,,,,,
A047,rough_forward,303,29,0,,,100,4.64091,0.244,0.28955,0.11542,0.36495,950,5.44031,0.19404,0.34955,0.12749,0.36166,0,,,,,
A047,rough_forward,303,30,0,,,100,16.331,0.16011,0.41647,0.08519,0.34431,950,6.33407,0.37847,0.17958,0.12196,0.3493,0,,,,,
A047,rough_forward,303,31,0,,,100,3.6267,0.10445,0.45104,0.10677,0.34644,950,6.3889,0.2519,0.29509,0.12418,0.33171,0,,,,,
A033,slope_plus_20,101,0,0,,,100,7.6194,0.45671,0.05685,0.07609,0.35048,950,10.24263,0.48214,0.07445,0.08623,0.35028,0,,,,,
A033,slope_plus_20,101,1,0,,,100,7.58391,0.43472,0.0758,0.08566,0.3617,950,10.44757,0.44583,0.09833,0.08926,0.36522,0,,,,,
A033,slope_plus_20,101,2,0,,,100,8.60899,0.46284,0.06363,0.08204,0.35339,950,10.70641,0.4846,0.07298,0.08347,0.34902,0,,,,,
A033,slope_plus_20,101,3,0,,,100,8.37934,0.31142,0.20318,0.10926,0.37931,950,10.77448,0.38198,0.15348,0.101,0.35822,0,,,,,
A033,slope_plus_20,101,4,0,,,100,8.60874,0.47516,0.05934,0.07607,0.3571,950,10.9628,0.45367,0.09182,0.09267,0.33281,0,,,,,
A033,slope_plus_20,101,5,0,,,100,8.97765,0.2834,0.22644,0.07956,0.37784,950,10.09178,0.42656,0.11827,0.09386,0.36643,0,,,,,
A033,slope_plus_20,101,6,0,,,100,7.65695,0.43269,0.07564,0.08206,0.38282,950,10.19169,0.44337,0.10246,0.09734,0.36287,0,,,,,
A033,slope_plus_20,101,7,0,,,100,8.23848,0.45271,0.05973,0.09717,0.37863,950,9.9475,0.4583,0.08554,0.09389,0.36272,0,,,,,
A033,slope_plus_20,101,8,0,,,100,8.83711,0.43259,0.08615,0.09727,0.36968,950,10.58324,0.45141,0.09175,0.08978,0.3556,0,,,,,
A033,slope_plus_20,101,9,0,,,100,9.94199,0.35686,0.15847,0.07927,0.37078,950,13.36274,0.35281,0.18656,0.09549,0.36429,0,,,,,
A033,slope_plus_20,101,10,0,,,100,8.98979,0.49363,0.05331,0.0776,0.34754,950,10.42461,0.49949,0.07252,0.08652,0.34351,0,,,,,
A033,slope_plus_20,101,11,0,,,100,7.28176,0.4419,0.07686,0.0949,0.32639,950,11.56462,0.43345,0.11591,0.09363,0.3452,0,,,,,
A033,slope_plus_20,101,12,0,,,100,7.99566,0.46957,0.05641,0.07881,0.34353,950,10.19818,0.48243,0.06998,0.08829,0.34945,0,,,,,
A033,slope_plus_20,101,13,0,,,100,8.68874,0.39769,0.11509,0.12245,0.32275,950,10.65584,0.44705,0.1004,0.08971,0.35714,0,,,,,
A033,slope_plus_20,101,14,0,,,100,8.07189,0.44519,0.07522,0.097,0.36292,950,10.5338,0.46205,0.08842,0.098,0.36007,0,,,,,
A033,slope_plus_20,101,15,0,,,100,8.79276,0.38659,0.12035,0.07979,0.37708,950,10.24675,0.44634,0.09984,0.09335,0.36314,0,,,,,
A033,slope_plus_20,101,16,0,,,100,8.71074,0.41721,0.09295,0.08646,0.37022,950,13.08367,0.42318,0.12449,0.1048,0.3554,0,,,,,
A033,slope_plus_20,101,17,0,,,100,7.49541,0.43136,0.08028,0.08937,0.37008,950,15.17314,0.335,0.19406,0.09783,0.35563,0,,,,,
A033,slope_plus_20,101,18,0,,,100,8.28539,0.4724,0.04966,0.0851,0.34792,950,15.3564,0.44296,0.10752,0.10978,0.33611,0,,,,,
A033,slope_plus_20,101,19,0,,,100,7.50947,0.42644,0.08718,0.09044,0.37188,950,10.09298,0.43862,0.10266,0.08957,0.36589,0,,,,,
A033,slope_plus_20,101,20,0,,,100,8.65943,0.44904,0.07853,0.07619,0.37091,950,10.72455,0.43526,0.10106,0.09303,0.34949,0,,,,,
A033,slope_plus_20,101,21,0,,,100,8.0217,0.45642,0.06646,0.08547,0.34981,950,10.04313,0.47186,0.07994,0.09063,0.35647,0,,,,,
A033,slope_plus_20,101,22,0,,,100,8.16617,0.46647,0.05979,0.08051,0.34653,950,9.94869,0.496,0.07092,0.08724,0.33863,0,,,,,
A033,slope_plus_20,101,23,0,,,100,7.77056,0.45997,0.06316,0.11592,0.33591,950,10.30693,0.46838,0.08103,0.08966,0.36176,0,,,,,
A033,slope_plus_20,101,24,0,,,100,7.79497,0.47112,0.05329,0.07915,0.32847,950,8.03577,0.5003,0.07435,0.09966,0.32647,0,,,,,
A033,slope_plus_20,101,25,0,,,100,8.7804,0.48248,0.0465,0.06838,0.35472,950,10.16827,0.49544,0.07273,0.09456,0.34063,0,,,,,
A033,slope_plus_20,101,26,0,,,100,8.63905,0.49213,0.05231,0.08234,0.34751,950,10.81036,0.49049,0.07294,0.08795,0.34815,0,,,,,
A033,slope_plus_20,101,27,0,,,100,7.63202,0.46155,0.06731,0.08542,0.34356,950,10.50041,0.48798,0.07805,0.08867,0.34211,0,,,,,
A033,slope_plus_20,101,28,0,,,100,8.32327,0.46168,0.0607,0.09095,0.34238,950,10.69353,0.47804,0.07704,0.09251,0.35413,0,,,,,
A033,slope_plus_20,101,29,0,,,100,8.49811,0.48723,0.05812,0.08489,0.31914,950,10.2033,0.50358,0.06917,0.08684,0.34161,0,,,,,
A033,slope_plus_20,101,30,0,,,100,9.03933,0.33744,0.17172,0.09838,0.37488,950,12.61031,0.39914,0.13924,0.1004,0.36363,0,,,,,
A033,slope_plus_20,101,31,0,,,100,8.58062,0.44765,0.06341,0.08631,0.3653,950,10.84323,0.44435,0.09172,0.09126,0.35041,0,,,,,
A047,slope_plus_20,101,0,0,,,100,2.52157,0.42655,0.10469,0.0832,0.35518,950,13.46104,0.31466,0.30213,0.1154,0.35023,0,,,,,
A047,slope_plus_20,101,1,0,,,100,1.95224,0.44339,0.1201,0.09605,0.36351,950,5.0577,0.46032,0.12245,0.10151,0.38373,0,,,,,
A047,slope_plus_20,101,2,0,,,100,1.97494,0.46151,0.09671,0.08215,0.36218,950,15.21831,0.12949,0.44784,0.08311,0.3515,0,,,,,
A047,slope_plus_20,101,3,0,,,100,1.77475,0.42303,0.13267,0.09875,0.37069,950,7.64246,0.15403,0.45518,0.09574,0.34659,0,,,,,
A047,slope_plus_20,101,4,0,,,100,1.69593,0.44282,0.0915,0.07544,0.38039,950,14.07268,0.14386,0.42217,0.08818,0.34253,0,,,,,
A047,slope_plus_20,101,5,0,,,100,1.62173,0.42292,0.12084,0.08585,0.37554,950,12.98054,0.2752,0.3449,0.13442,0.35698,0,,,,,
A047,slope_plus_20,101,6,0,,,100,1.42041,0.46883,0.09987,0.07712,0.38985,950,9.75296,0.40011,0.23073,0.12632,0.36727,0,,,,,
A047,slope_plus_20,101,7,0,,,100,1.73009,0.42844,0.11553,0.09574,0.38585,950,15.49608,0.21587,0.40427,0.11859,0.34393,0,,,,,
A047,slope_plus_20,101,8,0,,,100,1.82759,0.41559,0.12008,0.10199,0.38395,950,10.53248,0.17213,0.42621,0.1008,0.35078,0,,,,,
A047,slope_plus_20,101,9,0,,,100,1.17432,0.45372,0.10836,0.07431,0.39002,950,6.85139,0.14813,0.43092,0.08815,0.35134,0,,,,,
A047,slope_plus_20,101,10,0,,,100,1.70738,0.47928,0.0802,0.07898,0.37387,950,11.70493,0.16583,0.43655,0.09318,0.35271,0,,,,,
A047,slope_plus_20,101,11,0,,,100,2.84192,0.45715,0.11216,0.10574,0.35649,950,8.64734,0.42695,0.14256,0.11039,0.36435,0,,,,,
A047,slope_plus_20,101,12,0,,,100,1.63297,0.44964,0.09984,0.07997,0.36271,950,10.78194,0.36075,0.24275,0.10018,0.35828,0,,,,,
A047,slope_plus_20,101,13,0,,,100,5.10044,0.38913,0.1406,0.10289,0.35456,950,11.66878,0.31812,0.30038,0.13942,0.35805,0,,,,,
A047,slope_plus_20,101,14,0,,,100,1.63501,0.42937,0.11328,0.0921,0.3635,950,4.94584,0.4683,0.11769,0.09709,0.37795,0,,,,,
A047,slope_plus_20,101,15,0,,,100,1.40741,0.44418,0.10218,0.07884,0.3893,950,10.04871,0.13933,0.41731,0.09303,0.34789,0,,,,,
A047,slope_plus_20,101,16,0,,,100,1.59816,0.43685,0.11534,0.08041,0.38215,950,8.78896,0.42041,0.20765,0.13057,0.36813,0,,,,,
A047,slope_plus_20,101,17,0,,,100,1.39385,0.45298,0.10831,0.08831,0.37626,950,10.25711,0.13976,0.44942,0.08877,0.35122,0,,,,,
A047,slope_plus_20,101,18,0,,,100,1.84652,0.45973,0.09753,0.08312,0.36476,950,12.48075,0.36188,0.29582,0.1401,0.35066,0,,,,,
A047,slope_plus_20,101,19,0,,,100,1.50899,0.44058,0.11371,0.10123,0.3698,950,10.82398,0.3695,0.25306,0.1278,0.36456,0,,,,,
A047,slope_plus_20,101,20,0,,,100,1.52163,0.46785,0.10007,0.08461,0.38457,950,10.44926,0.19426,0.42201,0.09994,0.35817,0,,,,,
A047,slope_plus_20,101,21,0,,,100,2.23088,0.47851,0.09028,0.08522,0.35984,950,13.98636,0.26227,0.35415,0.14303,0.35582,0,,,,,
A047,slope_plus_20,101,22,0,,,100,1.3696,0.44954,0.09439,0.08522,0.3666,950,4.63807,0.47528,0.0974,0.08986,0.37342,0,,,,,
A047,slope_plus_20,101,23,0,,,100,5.71862,0.43785,0.12017,0.09776,0.35352,950,16.10922,0.11945,0.46361,0.07833,0.36011,0,,,,,
A047,slope_plus_20,101,24,0,,,100,1.92409,0.46644,0.07713,0.06449,0.35011,950,7.38859,0.44678,0.11066,0.09069,0.35591,0,,,,,
A047,slope_plus_20,101,25,0,,,100,1.75835,0.44078,0.08425,0.08304,0.3778,950,5.01605,0.47357,0.10576,0.09971,0.36471,0,,,,,
A047,slope_plus_20,101,26,0,,,100,1.54645,0.45609,0.09573,0.07785,0.36672,950,13.70152,0.12985,0.4463,0.08431,0.35357,0,,,,,
A047,slope_plus_20,101,27,0,,,100,1.43031,0.45268,0.10588,0.08438,0.36481,950,4.70803,0.48137,0.10601,0.09182,0.37448,0,,,,,
A047,slope_plus_20,101,28,0,,,100,3.29881,0.38297,0.1472,0.08063,0.35364,950,9.12622,0.14172,0.4651,0.09908,0.35357,0,,,,,
A047,slope_plus_20,101,29,0,,,100,5.6302,0.44685,0.08852,0.08264,0.34777,950,12.81618,0.3121,0.30902,0.12117,0.34697,0,,,,,
A047,slope_plus_20,101,30,0,,,100,1.36989,0.44048,0.11251,0.09934,0.3867,950,9.14746,0.41018,0.21139,0.12977,0.37194,0,,,,,
A047,slope_plus_20,101,31,0,,,100,1.71174,0.46619,0.09093,0.08118,0.37621,950,13.89528,0.1198,0.43892,0.07285,0.35323,0,,,,,
A033,slope_plus_20,202,0,0,,,100,7.95736,0.47704,0.05353,0.08917,0.31883,950,14.68565,0.46716,0.09541,0.10325,0.32864,0,,,,,
A033,slope_plus_20,202,1,0,,,100,8.338,0.44809,0.0779,0.09975,0.33411,950,10.85939,0.46825,0.08462,0.09087,0.35028,0,,,,,
A033,slope_plus_20,202,2,0,,,100,8.69482,0.42727,0.08586,0.09282,0.37512,950,16.35635,0.15885,0.38504,0.10038,0.32581,0,,,,,
A033,slope_plus_20,202,3,0,,,100,7.74861,0.42073,0.08642,0.1058,0.37381,950,18.12206,0.12196,0.42225,0.10095,0.33314,0,,,,,
A033,slope_plus_20,202,4,0,,,100,8.61919,0.43486,0.07918,0.09623,0.37677,950,10.24616,0.43016,0.10796,0.09416,0.35733,0,,,,,
A033,slope_plus_20,202,5,0,,,100,8.18025,0.44898,0.05948,0.0956,0.35794,950,10.36539,0.4784,0.07548,0.09354,0.35059,0,,,,,
A033,slope_plus_20,202,6,0,,,100,7.41263,0.46034,0.05932,0.09915,0.32516,950,10.06893,0.48605,0.07102,0.08908,0.34752,0,,,,,
A033,slope_plus_20,202,7,0,,,100,7.73103,0.40051,0.11012,0.08456,0.36193,950,10.60821,0.43123,0.1077,0.09559,0.3574,0,,,,,
A033,slope_plus_20,202,8,0,,,100,8.93939,0.49516,0.06203,0.07017,0.34827,950,13.21696,0.43359,0.11537,0.09068,0.32781,0,,,,,
A033,slope_plus_20,202,9,0,,,100,8.93548,0.3754,0.13302,0.08934,0.37256,950,13.17079,0.25323,0.31986,0.10565,0.31391,0,,,,,
A033,slope_plus_20,202,10,0,,,100,8.78288,0.44796,0.06892,0.07077,0.37038,950,10.5199,0.45973,0.08931,0.09041,0.3619,0,,,,,
A033,slope_plus_20,202,11,0,,,100,8.97001,0.48889,0.05335,0.07527,0.3623,950,10.56651,0.49154,0.0698,0.08663,0.35083,0,,,,,
A033,slope_plus_20,202,12,0,,,100,9.01704,0.48255,0.06456,0.0819,0.34637,950,10.50838,0.501,0.07456,0.08865,0.34027,0,,,,,
A033,slope_plus_20,202,13,0,,,100,8.55484,0.45386,0.07035,0.08233,0.36792,950,9.73726,0.46049,0.08216,0.08916,0.36027,0,,,,,
A033,slope_plus_20,202,14,0,,,100,8.08761,0.48042,0.04524,0.07503,0.35099,950,8.46317,0.49587,0.07745,0.09309,0.3341,0,,,,,
A033,slope_plus_20,202,15,0,,,100,8.88488,0.47788,0.05798,0.07357,0.3535,950,10.63481,0.48334,0.08328,0.09543,0.33106,0,,,,,
A033,slope_plus_20,202,16,0,,,100,8.56623,0.36368,0.14736,0.10482,0.37912,950,11.09481,0.40709,0.12884,0.10023,0.35812,0,,,,,
A033,slope_plus_20,202,17,0,,,100,7.95153,0.47137,0.06514,0.07274,0.348,950,13.3118,0.41429,0.13356,0.09646,0.34034,0,,,,,
A033,slope_plus_20,202,18,0,,,100,8.53472,0.46087,0.06381,0.09889,0.36572,950,12.57252,0.42494,0.11399,0.09154,0.35099,0,,,,,
A033,slope_plus_20,202,19,0,,,100,9.29825,0.39854,0.1136,0.09274,0.369,950,19.50511,0.13618,0.4149,0.10898,0.32519,0,,,,,
A033,slope_plus_20,202,20,0,,,100,8.92491,0.4885,0.05878,0.1023,0.34809,950,10.24815,0.49392,0.07064,0.08891,0.33655,0,,,,,
A033,slope_plus_20,202,21,0,,,100,8.53671,0.44116,0.07362,0.09331,0.37288,950,9.96268,0.46048,0.08849,0.09016,0.35767,0,,,,,
A033,slope_plus_20,202,22,0,,,100,8.18518,0.46087,0.06888,0.0871,0.34066,950,10.57465,0.47895,0.07991,0.09368,0.34873,0,,,,,
A033,slope_plus_20,202,23,0,,,100,8.09491,0.48705,0.06177,0.08346,0.33719,950,9.78462,0.51279,0.07427,0.08666,0.33613,0,,,,,
A033,slope_plus_20,202,24,0,,,100,8.96285,0.3974,0.1202,0.09694,0.31951,950,9.93561,0.44888,0.09621,0.09375,0.36279,0,,,,,
A033,slope_plus_20,202,25,0,,,100,8.0791,0.48943,0.05294,0.08629,0.32677,950,10.33703,0.50534,0.06938,0.0873,0.33727,0,,,,,
A033,slope_plus_20,202,26,0,,,100,8.7278,0.38825,0.1191,0.08093,0.36012,950,12.07438,0.31923,0.2377,0.09683,0.34632,0,,,,,
A033,slope_plus_20,202,27,0,,,100,8.75467,0.48651,0.05263,0.0884,0.35212,950,10.24036,0.5045,0.07272,0.08482,0.33468,0,,,,,
A033,slope_plus_20,202,28,0,,,100,8.99012,0.44579,0.07432,0.08955,0.36914,950,15.12125,0.42452,0.12831,0.11292,0.35589,0,,,,,
A033,slope_plus_20,202,29,0,,,100,8.06583,0.42287,0.0934,0.09279,0.36218,950,10.888,0.42271,0.11122,0.09551,0.34714,0,,,,,
A033,slope_plus_20,202,30,0,,,100,8.97021,0.47565,0.05028,0.08413,0.34795,950,14.99402,0.44878,0.10247,0.10444,0.34022,0,,,,,
A033,slope_plus_20,202,31,0,,,100,9.05944,0.49096,0.04748,0.07071,0.34539,950,9.93548,0.49786,0.06821,0.08809,0.33413,0,,,,,
A047,slope_plus_20,202,0,0,,,100,2.69131,0.42223,0.10185,0.0683,0.35081,950,14.53934,0.12366,0.45396,0.09492,0.34738,0,,,,,
A047,slope_plus_20,202,1,0,,,100,6.30779,0.41003,0.12624,0.10484,0.33872,950,16.40641,0.14498,0.46671,0.09052,0.34227,0,,,,,
A047,slope_plus_20,202,2,0,,,100,1.51243,0.45311,0.10577,0.08651,0.38817,950,11.70638,0.17328,0.4245,0.10001,0.35788,0,,,,,
A047,slope_plus_20,202,3,0,,,100,1.7693,0.44362,0.11297,0.09045,0.36606,950,14.18218,0.10422,0.45388,0.0761,0.35701,0,,,,,
A047,slope_plus_20,202,4,0,,,100,2.20041,0.40804,0.14237,0.08948,0.38595,950,13.04529,0.20973,0.3778,0.09928,0.36333,0,,,,,
A047,slope_plus_20,202,5,0,,,100,2.5147,0.45491,0.10626,0.0892,0.36101,950,9.41249,0.15238,0.45676,0.08709,0.33658,0,,,,,
A047,slope_plus_20,202,6,0,,,100,3.61133,0.44484,0.0994,0.09577,0.34667,950,12.85603,0.29388,0.30872,0.10072,0.35516,0,,,,,
A047,slope_plus_20,202,7,0,,,100,2.78875,0.41022,0.12632,0.08094,0.3582,950,8.05387,0.14335,0.46311,0.09419,0.34276,0,,,,,
A047,slope_plus_20,202,8,0,,,100,1.58986,0.45622,0.09597,0.07485,0.37558,950,6.79319,0.14575,0.4371,0.08387,0.33457,0,,,,,
A047,slope_plus_20,202,9,0,,,100,3.95368,0.42858,0.09938,0.07952,0.36186,950,16.48303,0.106,0.45613,0.0727,0.36037,0,,,,,
A047,slope_plus_20,202,10,0,,,100,1.61555,0.45049,0.10573,0.09343,0.38133,950,11.83781,0.35211,0.2701,0.12571,0.36392,0,,,,,
A047,slope_plus_20,202,11,0,,,100,1.82203,0.44136,0.10882,0.06955,0.3754,950,13.88852,0.2944,0.3305,0.11726,0.35265,0,,,,,
A047,slope_plus_20,202,12,0,,,100,1.60048,0.44882,0.08935,0.07586,0.37077,950,13.83401,0.28885,0.33622,0.11256,0.34076,0,,,,,
A047,slope_plus_20,202,13,0,,,100,1.68133,0.44578,0.12213,0.10085,0.37948,950,10.46193,0.33766,0.26363,0.15451,0.37509,0,,,,,
A047,slope_plus_20,202,14,0,,,100,1.9805,0.44401,0.08817,0.08631,0.37039,950,8.17513,0.43398,0.13986,0.11017,0.35379,0,,,,,
A047,slope_plus_20,202,15,0,,,100,1.34599,0.46078,0.09315,0.06655,0.37912,950,15.9118,0.14965,0.41991,0.08704,0.34809,0,,,,,
A047,slope_plus_20,202,16,0,,,100,2.37696,0.45488,0.1221,0.0974,0.3796,950,9.36342,0.15119,0.44903,0.09167,0.35468,0,,,,,
A047,slope_plus_20,202,17,0,,,100,1.34261,0.47929,0.08953,0.08083,0.36821,950,17.11109,0.12886,0.43365,0.0785,0.35229,0,,,,,
A047,slope_plus_20,202,18,0,,,100,1.61399,0.49376,0.07914,0.08321,0.37778,950,14.42623,0.16124,0.43494,0.09421,0.34542,0,,,,,
A047,slope_plus_20,202,19,0,,,100,2.10201,0.44903,0.10349,0.08425,0.36756,950,14.12115,0.1403,0.4559,0.08633,0.3602,0,,,,,
A047,slope_plus_20,202,20,0,,,100,1.30158,0.45488,0.0923,0.07467,0.37768,950,7.49118,0.45571,0.1031,0.10372,0.36835,0,,,,,
A047,slope_plus_20,202,21,0,,,100,1.71784,0.43363,0.10191,0.09652,0.38324,950,8.82358,0.42744,0.14143,0.10926,0.37222,0,,,,,
A047,slope_plus_20,202,22,1,18.62,17.86,100,3.8283,0.41963,0.12141,0.08571,0.35248,793,12.61685,0.17711,0.43974,0.1102,0.32391,50,12.51389,0.1324,0.58381,0.16508,0.3289
A047,slope_plus_20,202,23,0,,,100,1.7771,0.46323,0.08535,0.09975,0.35799,950,4.65675,0.48709,0.09177,0.09764,0.37255,0,,,,,
A047,slope_plus_20,202,24,0,,,100,7.24536,0.47522,0.12462,0.1332,0.35496,950,4.8598,0.46838,0.11878,0.09883,0.38462,0,,,,,
A047,slope_plus_20,202,25,0,,,100,2.03939,0.4548,0.09942,0.0999,0.35078,950,7.40658,0.45852,0.11084,0.10109,0.36519,0,,,,,
A047,slope_plus_20,202,26,0,,,100,5.06775,0.43838,0.13464,0.08257,0.36506,950,10.36339,0.15996,0.47106,0.08772,0.3583,0,,,,,
A047,slope_plus_20,202,27,0,,,100,1.94084,0.4625,0.08724,0.06879,0.37346,950,4.87562,0.49303,0.0968,0.0878,0.37142,0,,,,,
A047,slope_plus_20,202,28,0,,,100,1.73323,0.4221,0.11535,0.07765,0.38156,950,14.88332,0.13932,0.43262,0.07292,0.36024,0,,,,,
A047,slope_plus_20,202,29,0,,,100,1.75219,0.41564,0.12823,0.08875,0.37398,950,14.95366,0.13767,0.43958,0.0882,0.35275,0,,,,,
A047,slope_plus_20,202,30,0,,,100,1.4726,0.44223,0.09738,0.08655,0.36693,950,12.95325,0.16179,0.42545,0.10514,0.35354,0,,,,,
A047,slope_plus_20,202,31,0,,,100,1.64952,0.48185,0.07789,0.08572,0.37003,950,7.51573,0.46362,0.10295,0.10306,0.3669,0,,,,,
A033,slope_plus_20,303,0,0,,,100,8.09128,0.38841,0.1207,0.09081,0.38138,950,9.9638,0.4291,0.1137,0.09469,0.36738,0,,,,,
A033,slope_plus_20,303,1,0,,,100,8.36169,0.46546,0.06513,0.08658,0.34423,950,10.23077,0.48964,0.07623,0.08891,0.34883,0,,,,,
A033,slope_plus_20,303,2,0,,,100,8.10484,0.40348,0.10369,0.09806,0.3638,950,10.47882,0.44926,0.09617,0.09326,0.35473,0,,,,,
A033,slope_plus_20,303,3,0,,,100,8.27638,0.45252,0.06125,0.0858,0.3811,950,10.15118,0.44527,0.10174,0.09264,0.36393,0,,,,,
A033,slope_plus_20,303,4,0,,,100,9.04262,0.41009,0.10356,0.10079,0.35647,950,10.22776,0.44999,0.0926,0.09567,0.36495,0,,,,,
A033,slope_plus_20,303,5,0,,,100,7.85922,0.41316,0.09554,0.08762,0.36799,950,9.93288,0.44465,0.10287,0.09702,0.36518,0,,,,,
A033,slope_plus_20,303,6,0,,,100,8.60913,0.42167,0.09039,0.11216,0.35874,950,10.12536,0.4596,0.0908,0.09451,0.35986,0,,,,,
A033,slope_plus_20,303,7,0,,,100,9.09095,0.46279,0.0659,0.11359,0.37118,950,10.56452,0.45262,0.0899,0.09444,0.36318,0,,,,,
A033,slope_plus_20,303,8,0,,,100,7.3721,0.44175,0.07599,0.09959,0.33306,950,9.88709,0.47108,0.07998,0.09134,0.35944,0,,,,,
A033,slope_plus_20,303,9,0,,,100,7.88461,0.41247,0.09611,0.09181,0.37127,950,9.82169,0.45083,0.09306,0.09114,0.36373,0,,,,,
A033,slope_plus_20,303,10,0,,,100,8.52949,0.45313,0.06531,0.10115,0.35881,950,10.28199,0.45698,0.09215,0.09579,0.359,0,,,,,
A033,slope_plus_20,303,11,0,,,100,7.36757,0.44232,0.07192,0.09727,0.34539,950,10.21584,0.47624,0.07723,0.08899,0.35462,0,,,,,
A033,slope_plus_20,303,12,0,,,100,8.21092,0.42378,0.08562,0.089,0.37168,950,15.02623,0.40878,0.13544,0.10704,0.35996,0,,,,,
A033,slope_plus_20,303,13,0,,,100,8.74467,0.43686,0.07046,0.09836,0.37147,950,14.35648,0.37139,0.16648,0.09642,0.35914,0,,,,,
A033,slope_plus_20,303,14,0,,,100,9.06956,0.49548,0.05415,0.08889,0.34257,950,10.01939,0.49974,0.07177,0.08454,0.3367,0,,,,,
A033,slope_plus_20,303,15,0,,,100,8.91819,0.34263,0.17368,0.1088,0.36887,950,16.13492,0.35812,0.17494,0.1129,0.35267,0,,,,,
A033,slope_plus_20,303,16,0,,,100,7.97871,0.43831,0.07332,0.08076,0.35291,950,13.35144,0.40738,0.13052,0.09125,0.34837,0,,,,,
A033,slope_plus_20,303,17,0,,,100,8.79229,0.45995,0.06747,0.08542,0.36548,950,10.59893,0.48061,0.07716,0.09089,0.35058,0,,,,,
A033,slope_plus_20,303,18,0,,,100,7.36321,0.45959,0.05998,0.10953,0.33353,950,10.59326,0.47636,0.07776,0.09056,0.34858,0,,,,,
A033,slope_plus_20,303,19,0,,,100,8.14709,0.48745,0.04665,0.07937,0.33614,950,10.22216,0.5009,0.06816,0.08945,0.34057,0,,,,,
A033,slope_plus_20,303,20,0,,,100,8.66125,0.48928,0.05735,0.07675,0.31721,950,15.23778,0.45049,0.10225,0.1073,0.33092,0,,,,,
A033,slope_plus_20,303,21,0,,,100,7.43839,0.44338,0.06648,0.10586,0.37656,950,9.80218,0.45993,0.08482,0.09425,0.36417,0,,,,,
A033,slope_plus_20,303,22,0,,,100,8.30693,0.39409,0.11686,0.08849,0.37252,950,10.11938,0.43741,0.10338,0.09456,0.36791,0,,,,,
A033,slope_plus_20,303,23,0,,,100,8.11827,0.45248,0.05922,0.09346,0.36672,950,10.06473,0.46867,0.07564,0.08973,0.35625,0,,,,,
A033,slope_plus_20,303,24,0,,,100,8.58973,0.43114,0.09488,0.08825,0.31806,950,10.0947,0.45202,0.09187,0.09169,0.36265,0,,,,,
A033,slope_plus_20,303,25,0,,,100,7.7236,0.45072,0.06818,0.10358,0.37273,950,10.38058,0.4606,0.08704,0.09722,0.36015,0,,,,,
A033,slope_plus_20,303,26,0,,,100,7.25248,0.42595,0.08919,0.09153,0.34469,950,10.3464,0.4784,0.07962,0.09041,0.35281,0,,,,,
A033,slope_plus_20,303,27,0,,,100,7.99655,0.44629,0.07904,0.08678,0.35105,950,14.64773,0.42672,0.11179,0.10635,0.33874,0,,,,,
A033,slope_plus_20,303,28,0,,,100,8.81481,0.28269,0.23277,0.09766,0.3759,950,10.67768,0.40379,0.14131,0.09306,0.36789,0,,,,,
A033,slope_plus_20,303,29,0,,,100,8.00838,0.41324,0.09466,0.09598,0.38152,950,9.92306,0.43757,0.10726,0.09692,0.36492,0,,,,,
A033,slope_plus_20,303,30,0,,,100,7.06029,0.44826,0.06337,0.07344,0.32876,950,9.9653,0.48224,0.0739,0.08401,0.34963,0,,,,,
A033,slope_plus_20,303,31,0,,,100,8.41502,0.47913,0.06001,0.08602,0.32552,950,10.35316,0.49448,0.07439,0.09138,0.34648,0,,,,,
A047,slope_plus_20,303,0,0,,,100,1.35121,0.44559,0.10801,0.08402,0.38294,950,7.95609,0.14375,0.44218,0.0835,0.34399,0,,,,,
A047,slope_plus_20,303,1,0,,,100,1.38726,0.44682,0.10761,0.08136,0.36652,950,9.67098,0.40067,0.22355,0.11406,0.35801,0,,,,,
A047,slope_plus_20,303,2,0,,,100,1.74883,0.42099,0.10866,0.09196,0.37654,950,15.76436,0.14232,0.44135,0.08817,0.34835,0,,,,,
A047,slope_plus_20,303,3,0,,,100,1.75977,0.45242,0.10977,0.08838,0.38891,950,12.73875,0.14189,0.42305,0.08824,0.35102,0,,,,,
A047,slope_plus_20,303,4,1,17.2,16.44,100,2.12498,0.39933,0.15474,0.09436,0.3574,723,15.81291,0.18789,0.43005,0.14031,0.33699,49,16.80232,0.08534,0.47401,0.06525,0.34764
A047,slope_plus_20,303,5,0,,,100,1.32244,0.42428,0.12379,0.09716,0.37105,950,16.52948,0.14337,0.42801,0.10246,0.35599,0,,,,,
A047,slope_plus_20,303,6,0,,,100,2.40519,0.43278,0.11856,0.09136,0.36162,950,10.83894,0.36345,0.26105,0.13809,0.36101,0,,,,,
A047,slope_plus_20,303,7,0,,,100,1.10529,0.47646,0.09968,0.08054,0.38511,950,13.27504,0.12703,0.43113,0.08506,0.35891,0,,,,,
A047,slope_plus_20,303,8,0,,,100,3.79604,0.43955,0.12301,0.10942,0.34918,950,7.9618,0.42449,0.18869,0.11714,0.37206,0,,,,,
A047,slope_plus_20,303,9,0,,,100,1.49244,0.44107,0.11186,0.09143,0.37659,950,5.15051,0.46341,0.12188,0.0948,0.37669,0,,,,,
A047,slope_plus_20,303,10,0,,,100,2.22548,0.45268,0.11111,0.0942,0.36387,950,12.11685,0.36149,0.28467,0.14811,0.36684,0,,,,,
A047,slope_plus_20,303,11,0,,,100,4.00749,0.45894,0.09772,0.07784,0.35959,950,11.65991,0.363,0.2779,0.13205,0.35473,0,,,,,
A047,slope_plus_20,303,12,0,,,100,1.48503,0.44167,0.09582,0.08849,0.36656,950,15.91747,0.13251,0.44913,0.08016,0.3585,0,,,,,
A047,slope_plus_20,303,13,0,,,100,1.60756,0.44885,0.11071,0.09531,0.38343,950,7.95003,0.15802,0.43765,0.09918,0.34454,0,,,,,
A047,slope_plus_20,303,14,0,,,100,1.85812,0.47596,0.0763,0.0705,0.37514,950,5.03827,0.48572,0.10081,0.09338,0.37031,0,,,,,
A047,slope_plus_20,303,15,0,,,100,1.86566,0.43577,0.1187,0.09548,0.37318,950,7.65081,0.25472,0.36152,0.11796,0.35302,0,,,,,
A047,slope_plus_20,303,16,0,,,100,1.44057,0.44828,0.09202,0.08765,0.36914,950,17.52332,0.12278,0.42943,0.07954,0.34656,0,,,,,
A047,slope_plus_20,303,17,0,,,100,1.30072,0.4614,0.09723,0.07424,0.38427,950,14.26039,0.15042,0.42023,0.07791,0.35996,0,,,,,
A047,slope_plus_20,303,18,0,,,100,2.94137,0.43214,0.10068,0.07962,0.35303,950,13.1973,0.10575,0.45818,0.07903,0.35333,0,,,,,
A047,slope_plus_20,303,19,0,,,100,1.72786,0.43929,0.09434,0.07827,0.36323,950,7.5258,0.45247,0.11239,0.0965,0.36729,0,,,,,
A047,slope_plus_20,303,20,0,,,100,3.87031,0.35434,0.19999,0.07676,0.33803,950,9.49804,0.10033,0.46373,0.10367,0.34886,0,,,,,
A047,slope_plus_20,303,21,0,,,100,1.76009,0.45146,0.10137,0.07452,0.38165,950,9.97914,0.4038,0.23221,0.12805,0.36539,0,,,,,
A047,slope_plus_20,303,22,0,,,100,2.44193,0.46024,0.10622,0.08817,0.37083,950,15.36989,0.20582,0.39615,0.13403,0.35848,0,,,,,
A047,slope_plus_20,303,23,0,,,100,1.7571,0.4172,0.11107,0.08391,0.37114,950,7.31379,0.3782,0.21902,0.12246,0.36223,0,,,,,
A047,slope_plus_20,303,24,0,,,100,5.93406,0.39147,0.17584,0.11288,0.34707,950,13.10474,0.3215,0.2963,0.12604,0.3671,0,,,,,
A047,slope_plus_20,303,25,0,,,100,1.42524,0.45714,0.1056,0.0823,0.38189,950,11.52488,0.37038,0.2672,0.15126,0.35285,0,,,,,
A047,slope_plus_20,303,26,0,,,100,3.35995,0.43373,0.10963,0.08992,0.35562,950,13.17511,0.25744,0.34947,0.13099,0.35176,0,,,,,
A047,slope_plus_20,303,27,0,,,100,1.88616,0.45089,0.09637,0.09226,0.36213,950,12.7611,0.13125,0.45188,0.09236,0.3437,0,,,,,
A047,slope_plus_20,303,28,0,,,100,2.18591,0.46903,0.0971,0.07554,0.36934,950,10.97684,0.33668,0.28107,0.1142,0.37066,0,,,,,
A047,slope_plus_20,303,29,0,,,100,1.87134,0.41914,0.11666,0.09235,0.38782,950,14.01242,0.17978,0.40676,0.12233,0.35374,0,,,,,
A047,slope_plus_20,303,30,0,,,100,4.28647,0.44733,0.09879,0.08904,0.35383,950,16.78165,0.15952,0.43101,0.10275,0.35401,0,,,,,
A047,slope_plus_20,303,31,0,,,100,4.21084,0.43979,0.0992,0.09498,0.3439,950,13.76808,0.3107,0.32634,0.12975,0.34823,0,,,,,
A033,slope_minus_20,101,0,0,,,100,9.50276,0.45093,0.0705,0.0773,0.38212,950,12.07293,0.41755,0.09893,0.09289,0.368,0,,,,,
A033,slope_minus_20,101,1,0,,,100,9.68793,0.42543,0.0868,0.1021,0.39147,950,12.22113,0.39518,0.12804,0.09623,0.37369,0,,,,,
A033,slope_minus_20,101,2,0,,,100,9.15175,0.47113,0.06791,0.09463,0.37573,950,12.09439,0.41205,0.11006,0.08982,0.3689,0,,,,,
A033,slope_minus_20,101,3,0,,,100,8.65756,0.40928,0.10172,0.10548,0.39085,950,13.65599,0.33234,0.17718,0.10138,0.38297,0,,,,,
A033,slope_minus_20,101,4,0,,,100,9.31172,0.47848,0.0612,0.08822,0.36037,950,12.9769,0.45409,0.07563,0.09755,0.35773,0,,,,,
A033,slope_minus_20,101,5,0,,,100,9.04734,0.32291,0.19108,0.0896,0.37562,950,12.52196,0.34122,0.16747,0.09496,0.38845,0,,,,,
A033,slope_minus_20,101,6,0,,,100,8.56295,0.40539,0.10052,0.08311,0.38134,950,12.77519,0.37011,0.139,0.09202,0.3843,0,,,,,
A033,slope_minus_20,101,7,0,,,100,7.9957,0.45031,0.05926,0.09533,0.38033,950,12.39864,0.38612,0.12481,0.09216,0.37947,0,,,,,
A033,slope_minus_20,101,8,0,,,100,8.58164,0.44161,0.07755,0.09603,0.37544,950,12.84316,0.41012,0.10586,0.09086,0.37497,0,,,,,
A033,slope_minus_20,101,9,0,,,100,10.19805,0.35858,0.15707,0.09956,0.36536,950,13.86099,0.33804,0.17797,0.09851,0.3731,0,,,,,
A033,slope_minus_20,101,10,0,,,100,9.03971,0.49978,0.05369,0.08231,0.35254,950,12.1909,0.43116,0.10057,0.08888,0.36007,0,,,,,
A033,slope_minus_20,101,11,0,,,100,11.5795,0.42571,0.088,0.10643,0.39387,950,13.3186,0.3886,0.12615,0.09932,0.37319,0,,,,,
A033,slope_minus_20,101,12,0,,,100,9.59545,0.45762,0.0672,0.08737,0.37389,950,11.89954,0.41091,0.10409,0.09423,0.37218,0,,,,,
A033,slope_minus_20,101,13,0,,,100,11.17477,0.38953,0.1235,0.13194,0.38897,950,13.06921,0.36098,0.14963,0.09668,0.3787,0,,,,,
A033,slope_minus_20,101,14,0,,,100,9.22857,0.44933,0.06189,0.09054,0.38306,950,11.55436,0.42424,0.1107,0.09854,0.36158,0,,,,,
A033,slope_minus_20,101,15,0,,,100,9.04767,0.35035,0.15967,0.07667,0.37644,950,12.56422,0.35926,0.15326,0.09302,0.37893,0,,,,,
A033,slope_minus_20,101,16,0,,,100,8.91242,0.41958,0.09391,0.09475,0.36902,950,12.14396,0.38305,0.13898,0.09359,0.3708,0,,,,,
A033,slope_minus_20,101,17,0,,,100,8.77716,0.438,0.08334,0.09138,0.38679,950,13.83302,0.36731,0.15229,0.10052,0.37555,0,,,,,
A033,slope_minus_20,101,18,0,,,100,9.00064,0.49148,0.05826,0.08815,0.36365,950,12.32571,0.44365,0.10328,0.11175,0.33874,0,,,,,
A033,slope_minus_20,101,19,0,,,100,8.82611,0.42793,0.08191,0.10227,0.38975,950,12.39851,0.37046,0.13917,0.09281,0.38528,0,,,,,
A033,slope_minus_20,101,20,0,,,100,8.35168,0.44794,0.07553,0.08545,0.37439,950,12.93776,0.39738,0.11544,0.10176,0.37548,0,,,,,
A033,slope_minus_20,101,21,0,,,100,10.49614,0.45764,0.07579,0.10084,0.37416,950,12.48618,0.41069,0.1051,0.09135,0.37395,0,,,,,
A033,slope_minus_20,101,22,0,,,100,9.72636,0.46973,0.05986,0.09389,0.36982,950,12.19284,0.44213,0.08569,0.09102,0.36106,0,,,,,
A033,slope_minus_20,101,23,0,,,100,11.47836,0.41732,0.09246,0.10307,0.39675,950,12.48789,0.38843,0.12299,0.0939,0.37786,0,,,,,
A033,slope_minus_20,101,24,0,,,100,10.50144,0.46445,0.07203,0.07939,0.36512,950,13.22004,0.42708,0.10045,0.09433,0.35589,0,,,,,
A033,slope_minus_20,101,25,0,,,100,8.88303,0.48301,0.0516,0.07014,0.35526,950,12.08542,0.43851,0.09123,0.09324,0.36129,0,,,,,
A033,slope_minus_20,101,26,0,,,100,8.89421,0.49484,0.05194,0.07949,0.36696,950,12.24534,0.43232,0.09683,0.08985,0.36364,0,,,,,
A033,slope_minus_20,101,27,0,,,100,9.59999,0.4625,0.07383,0.0928,0.37075,950,12.13957,0.44185,0.0851,0.09466,0.35712,0,,,,,
A033,slope_minus_20,101,28,0,,,100,9.9795,0.46108,0.05784,0.09256,0.38493,950,11.97216,0.40836,0.109,0.08981,0.37503,0,,,,,
A033,slope_minus_20,101,29,0,,,100,12.06056,0.45064,0.07635,0.09046,0.37807,950,12.085,0.43051,0.09157,0.09252,0.36387,0,,,,,
A033,slope_minus_20,101,30,0,,,100,9.79773,0.33008,0.1759,0.10423,0.37444,950,13.33845,0.33483,0.17622,0.09728,0.38263,0,,,,,
A033,slope_minus_20,101,31,0,,,100,8.9277,0.45801,0.06122,0.10178,0.3715,950,12.34788,0.42027,0.09768,0.10187,0.37248,0,,,,,
A047,slope_minus_20,101,0,0,,,100,2.28853,0.42235,0.11273,0.10101,0.39544,950,4.52745,0.41623,0.11348,0.08656,0.38099,0,,,,,
A047,slope_minus_20,101,1,0,,,100,2.38861,0.40474,0.13346,0.1046,0.40347,950,4.63126,0.38773,0.14107,0.09138,0.38888,0,,,,,
A047,slope_minus_20,101,2,0,,,100,1.60969,0.46749,0.08684,0.08716,0.4023,950,4.37135,0.42497,0.10745,0.08334,0.37947,0,,,,,
A047,slope_minus_20,101,3,0,,,100,1.64456,0.40805,0.12661,0.09701,0.40473,950,5.48503,0.3907,0.14097,0.09737,0.38881,0,,,,,
A047,slope_minus_20,101,4,0,,,100,1.69497,0.44239,0.09338,0.07563,0.38406,950,4.63996,0.41179,0.11863,0.08539,0.37801,0,,,,,
A047,slope_minus_20,101,5,0,,,100,1.68235,0.43208,0.1081,0.08982,0.40155,950,4.73008,0.40062,0.13068,0.08772,0.38941,0,,,,,
A047,slope_minus_20,101,6,0,,,100,1.54796,0.43419,0.11342,0.07642,0.38891,950,5.05855,0.40614,0.12657,0.0918,0.38912,0,,,,,
A047,slope_minus_20,101,7,0,,,100,1.86764,0.42372,0.12157,0.10103,0.38633,950,5.34045,0.38747,0.14248,0.09304,0.38411,0,,,,,
A047,slope_minus_20,101,8,0,,,100,1.55657,0.45449,0.10046,0.08506,0.38724,950,4.92295,0.40033,0.13209,0.08911,0.38393,0,,,,,
A047,slope_minus_20,101,9,0,,,100,1.66844,0.44413,0.10098,0.08091,0.38962,950,8.89033,0.40353,0.14269,0.11874,0.38396,0,,,,,
A047,slope_minus_20,101,10,0,,,100,1.96577,0.45288,0.08178,0.09513,0.38474,950,4.26327,0.42405,0.10693,0.08533,0.3772,0,,,,,
A047,slope_minus_20,101,11,0,,,100,2.23569,0.44491,0.1066,0.0868,0.40785,950,8.51099,0.27522,0.2765,0.09884,0.3753,0,,,,,
A047,slope_minus_20,101,12,0,,,100,1.33392,0.44831,0.10416,0.07741,0.40236,950,4.68802,0.40747,0.12304,0.0838,0.3797,0,,,,,
A047,slope_minus_20,101,13,0,,,100,2.90521,0.41097,0.12386,0.08572,0.41699,950,4.49072,0.40612,0.12887,0.08759,0.38684,0,,,,,
A047,slope_minus_20,101,14,0,,,100,1.22962,0.44283,0.09902,0.08465,0.40658,950,4.31469,0.40992,0.12129,0.09091,0.38459,0,,,,,
A047,slope_minus_20,101,15,0,,,100,1.64397,0.43996,0.09907,0.07672,0.3878,950,5.25759,0.40397,0.1336,0.08836,0.39072,0,,,,,
A047,slope_minus_20,101,16,0,,,100,1.5984,0.44633,0.11143,0.08376,0.39336,950,4.63144,0.40037,0.13222,0.08829,0.38743,0,,,,,
A047,slope_minus_20,101,17,0,,,100,1.40877,0.4453,0.1044,0.09209,0.40053,950,9.01669,0.4124,0.14702,0.12095,0.38196,0,,,,,
A047,slope_minus_20,101,18,0,,,100,1.82932,0.47398,0.08999,0.0787,0.3947,950,5.1893,0.42671,0.11561,0.09609,0.37317,0,,,,,
A047,slope_minus_20,101,19,0,,,100,1.62837,0.44356,0.10045,0.08965,0.40305,950,4.86234,0.40123,0.12981,0.0905,0.38785,0,,,,,
A047,slope_minus_20,101,20,0,,,100,1.32039,0.46842,0.09517,0.07991,0.38648,950,4.81951,0.40078,0.13248,0.09182,0.38481,0,,,,,
A047,slope_minus_20,101,21,0,,,100,1.7851,0.44073,0.10836,0.08246,0.40841,950,4.45973,0.4186,0.11869,0.08297,0.38641,0,,,,,
A047,slope_minus_20,101,22,0,,,100,1.53383,0.47693,0.08303,0.09071,0.39306,950,4.14341,0.42696,0.10263,0.08523,0.37565,0,,,,,
A047,slope_minus_20,101,23,0,,,100,3.09992,0.42709,0.12671,0.09324,0.414,950,4.3998,0.41085,0.12151,0.0885,0.38591,0,,,,,
A047,slope_minus_20,101,24,0,,,100,1.42141,0.46069,0.08377,0.07283,0.40378,950,9.98685,0.25326,0.29736,0.09877,0.35994,0,,,,,
A047,slope_minus_20,101,25,0,,,100,1.73949,0.44445,0.08199,0.08299,0.37855,950,4.40293,0.41681,0.11507,0.08522,0.37489,0,,,,,
A047,slope_minus_20,101,26,0,,,100,1.63642,0.45363,0.09012,0.08455,0.39425,950,4.44594,0.41878,0.11116,0.08807,0.37787,0,,,,,
A047,slope_minus_20,101,27,0,,,100,1.36736,0.45513,0.09055,0.08024,0.39948,950,3.8127,0.42932,0.10711,0.08182,0.38025,0,,,,,
A047,slope_minus_20,101,28,0,,,100,2.44979,0.41843,0.10931,0.08902,0.40528,950,4.47313,0.41331,0.12063,0.08837,0.38158,0,,,,,
A047,slope_minus_20,101,29,0,,,100,2.83708,0.43509,0.09913,0.08735,0.40098,950,4.22101,0.42996,0.10003,0.08022,0.3777,0,,,,,
A047,slope_minus_20,101,30,0,,,100,1.56447,0.44875,0.11463,0.09362,0.39187,950,5.05439,0.3876,0.14451,0.09345,0.39205,0,,,,,
A047,slope_minus_20,101,31,0,,,100,1.26758,0.46947,0.09143,0.08259,0.39592,950,4.68046,0.41326,0.12284,0.08591,0.38383,0,,,,,
A033,slope_minus_20,202,0,0,,,100,10.33289,0.47599,0.06281,0.09412,0.37063,950,13.4378,0.44761,0.09798,0.09212,0.34042,0,,,,,
A033,slope_minus_20,202,1,0,,,100,11.86046,0.42807,0.08516,0.10619,0.38232,950,12.07276,0.41323,0.10655,0.0898,0.36861,0,,,,,
A033,slope_minus_20,202,2,0,,,100,9.11707,0.41819,0.09522,0.10205,0.37204,950,12.88509,0.37284,0.13737,0.09619,0.37989,0,,,,,
A033,slope_minus_20,202,3,0,,,100,8.20354,0.4415,0.06674,0.08877,0.38944,950,14.28732,0.35002,0.18372,0.10567,0.36875,0,,,,,
A033,slope_minus_20,202,4,0,,,100,8.91111,0.44636,0.06836,0.09659,0.37386,950,13.24697,0.37852,0.13439,0.10337,0.37568,0,,,,,
A033,slope_minus_20,202,5,0,,,100,9.64742,0.43499,0.07965,0.09038,0.37674,950,12.66764,0.42655,0.10631,0.09113,0.36104,0,,,,,
A033,slope_minus_20,202,6,0,,,100,11.15131,0.45585,0.07185,0.09296,0.38044,950,11.86415,0.43526,0.08441,0.09215,0.3657,0,,,,,
A033,slope_minus_20,202,7,0,,,100,8.83217,0.44498,0.08048,0.09907,0.38822,950,12.89212,0.36694,0.14491,0.09806,0.38269,0,,,,,
A033,slope_minus_20,202,8,0,,,100,9.148,0.5089,0.06836,0.0642,0.35096,950,15.12629,0.45723,0.10074,0.10556,0.34332,0,,,,,
A033,slope_minus_20,202,9,0,,,100,9.36161,0.37474,0.13523,0.09064,0.38097,950,13.98513,0.33874,0.18291,0.09632,0.36473,0,,,,,
A033,slope_minus_20,202,10,0,,,100,8.6768,0.45805,0.05759,0.08046,0.37572,950,11.91397,0.38312,0.13382,0.09938,0.37441,0,,,,,
A033,slope_minus_20,202,11,0,,,100,9.07639,0.50054,0.05166,0.07396,0.36989,950,12.2535,0.41036,0.10945,0.08909,0.37199,0,,,,,
A033,slope_minus_20,202,12,0,,,100,9.45562,0.48543,0.06846,0.08996,0.35993,950,11.84082,0.43697,0.09216,0.09136,0.36066,0,,,,,
A033,slope_minus_20,202,13,0,,,100,9.04468,0.45388,0.07016,0.08797,0.37525,950,12.0886,0.38858,0.12284,0.09313,0.37858,0,,,,,
A033,slope_minus_20,202,14,0,,,100,9.3129,0.48902,0.04922,0.07703,0.37001,950,12.25133,0.42853,0.09108,0.08874,0.36539,0,,,,,
A033,slope_minus_20,202,15,0,,,100,9.08434,0.48278,0.05837,0.07826,0.35531,950,13.70889,0.43931,0.09881,0.09542,0.35727,0,,,,,
A033,slope_minus_20,202,16,0,,,100,8.69092,0.36884,0.14242,0.10561,0.38056,950,13.66553,0.34108,0.1675,0.0987,0.38269,0,,,,,
A033,slope_minus_20,202,17,0,,,100,9.99644,0.46671,0.07003,0.09755,0.36943,950,14.12161,0.42093,0.10748,0.10055,0.36202,0,,,,,
A033,slope_minus_20,202,18,0,,,100,8.9333,0.48599,0.04951,0.08823,0.37041,950,13.7384,0.38393,0.13737,0.09872,0.37063,0,,,,,
A033,slope_minus_20,202,19,0,,,100,9.62018,0.40955,0.11319,0.08555,0.37574,950,13.00761,0.32822,0.18095,0.08646,0.38719,0,,,,,
A033,slope_minus_20,202,20,0,,,100,8.92571,0.48984,0.05879,0.10362,0.352,950,12.36756,0.45555,0.07812,0.09441,0.35855,0,,,,,
A033,slope_minus_20,202,21,0,,,100,8.83119,0.43947,0.07293,0.09459,0.37689,950,12.82613,0.38527,0.12544,0.09556,0.37809,0,,,,,
A033,slope_minus_20,202,22,0,,,100,9.97731,0.4701,0.07124,0.10243,0.37859,950,12.28395,0.43877,0.09201,0.09081,0.36679,0,,,,,
A033,slope_minus_20,202,23,0,,,100,9.28166,0.49463,0.06242,0.09076,0.36159,950,11.93928,0.45687,0.07998,0.0924,0.35626,0,,,,,
A033,slope_minus_20,202,24,0,,,100,12.88336,0.3852,0.12719,0.08684,0.4024,950,12.55158,0.37554,0.1355,0.0945,0.38171,0,,,,,
A033,slope_minus_20,202,25,0,,,100,10.66976,0.49144,0.06546,0.09784,0.36012,950,12.52284,0.45553,0.08203,0.09453,0.35618,0,,,,,
A033,slope_minus_20,202,26,0,,,100,9.55133,0.3806,0.1292,0.09133,0.39168,950,12.98252,0.32126,0.1891,0.09025,0.38825,0,,,,,
A033,slope_minus_20,202,27,0,,,100,8.84802,0.48886,0.05237,0.09697,0.35543,950,12.29463,0.45687,0.0827,0.09439,0.35397,0,,,,,
A033,slope_minus_20,202,28,0,,,100,9.19181,0.45624,0.07515,0.08663,0.36864,950,12.08143,0.39261,0.13272,0.09324,0.36827,0,,,,,
A033,slope_minus_20,202,29,0,,,100,9.91079,0.43192,0.08881,0.09493,0.37436,950,12.94357,0.41149,0.10304,0.10128,0.37371,0,,,,,
A033,slope_minus_20,202,30,0,,,100,9.32593,0.48966,0.04735,0.08726,0.362,950,12.00788,0.44937,0.10227,0.09687,0.34349,0,,,,,
A033,slope_minus_20,202,31,0,,,100,9.76316,0.49509,0.04622,0.07036,0.36082,950,12.67757,0.45983,0.07749,0.09218,0.3492,0,,,,,
A047,slope_minus_20,202,0,0,,,100,1.85499,0.44945,0.08884,0.0923,0.40427,950,6.92599,0.43373,0.11272,0.1085,0.36544,0,,,,,
A047,slope_minus_20,202,1,0,,,100,4.18194,0.42139,0.11488,0.09711,0.4109,950,4.49825,0.41335,0.11684,0.08554,0.38084,0,,,,,
A047,slope_minus_20,202,2,0,,,100,1.13958,0.44822,0.10334,0.0932,0.39082,950,4.98415,0.40229,0.13093,0.09025,0.38742,0,,,,,
A047,slope_minus_20,202,3,0,,,100,1.72555,0.46196,0.09287,0.09919,0.41226,950,8.614,0.41529,0.13774,0.11874,0.3809,0,,,,,
A047,slope_minus_20,202,4,0,,,100,1.58955,0.4578,0.10546,0.07943,0.38858,950,5.13588,0.39761,0.13564,0.09328,0.38749,0,,,,,
A047,slope_minus_20,202,5,0,,,100,1.84064,0.44327,0.0913,0.10265,0.40525,950,5.06816,0.4111,0.12217,0.08819,0.37878,0,,,,,
A047,slope_minus_20,202,6,0,,,100,2.39459,0.44511,0.0939,0.07778,0.4068,950,4.7312,0.417,0.10929,0.0821,0.37649,0,,,,,
A047,slope_minus_20,202,7,0,,,100,2.2528,0.44137,0.10478,0.08679,0.41266,950,5.44989,0.38831,0.14677,0.0879,0.38585,0,,,,,
A047,slope_minus_20,202,8,0,,,100,1.33262,0.46773,0.09831,0.08258,0.38411,950,12.24755,0.255,0.28176,0.08666,0.3624,0,,,,,
A047,slope_minus_20,202,9,0,,,100,2.2855,0.40978,0.11754,0.09045,0.41138,950,7.28206,0.40222,0.13916,0.11147,0.38197,0,,,,,
A047,slope_minus_20,202,10,0,,,100,1.90592,0.44022,0.10259,0.09406,0.39075,950,4.72058,0.40558,0.12321,0.09131,0.38604,0,,,,,
A047,slope_minus_20,202,11,0,,,100,1.51009,0.44288,0.10331,0.08116,0.3903,950,4.30071,0.42548,0.10388,0.08445,0.38324,0,,,,,
A047,slope_minus_20,202,12,0,,,100,1.61281,0.45976,0.08443,0.07827,0.39029,950,5.29452,0.42292,0.10385,0.08583,0.3738,0,,,,,
A047,slope_minus_20,202,13,0,,,100,1.46121,0.44561,0.11544,0.09191,0.39472,950,4.65386,0.39602,0.1381,0.08654,0.38549,0,,,,,
A047,slope_minus_20,202,14,0,,,100,2.21342,0.4596,0.09651,0.09326,0.3852,950,7.40967,0.40229,0.12468,0.10064,0.36938,0,,,,,
A047,slope_minus_20,202,15,0,,,100,1.28791,0.44394,0.09912,0.06711,0.38087,950,8.79936,0.29486,0.25992,0.10904,0.36609,0,,,,,
A047,slope_minus_20,202,16,0,,,100,2.51361,0.42428,0.12842,0.09684,0.39435,950,5.50871,0.37873,0.15061,0.09162,0.38837,0,,,,,
A047,slope_minus_20,202,17,0,,,100,1.43397,0.48807,0.09619,0.07741,0.3954,950,10.69745,0.25961,0.28807,0.08614,0.36599,0,,,,,
A047,slope_minus_20,202,18,0,,,100,1.56661,0.48299,0.08072,0.07759,0.39167,950,8.02104,0.25351,0.28502,0.1072,0.36602,0,,,,,
A047,slope_minus_20,202,19,0,,,100,1.7077,0.45527,0.086,0.09466,0.41018,950,5.19635,0.38976,0.14454,0.08876,0.38926,0,,,,,
A047,slope_minus_20,202,20,0,,,100,1.54757,0.45721,0.09249,0.08629,0.38248,950,4.11082,0.43018,0.10186,0.08221,0.37672,0,,,,,
A047,slope_minus_20,202,21,0,,,100,1.88397,0.42546,0.11181,0.09854,0.38865,950,5.93654,0.39327,0.13191,0.08997,0.38352,0,,,,,
A047,slope_minus_20,202,22,0,,,100,2.82705,0.4487,0.09871,0.10239,0.40565,950,4.76858,0.41511,0.12177,0.08723,0.37636,0,,,,,
A047,slope_minus_20,202,23,0,,,100,1.41792,0.4737,0.08094,0.09493,0.39576,950,3.96714,0.43384,0.09873,0.08588,0.37531,0,,,,,
A047,slope_minus_20,202,24,0,,,100,3.24742,0.41341,0.13087,0.08112,0.41768,950,4.74086,0.41018,0.12642,0.09282,0.38722,0,,,,,
A047,slope_minus_20,202,25,0,,,100,1.91295,0.46198,0.09652,0.08652,0.39338,950,3.96955,0.43606,0.09972,0.08235,0.37676,0,,,,,
A047,slope_minus_20,202,26,0,,,100,2.34656,0.42982,0.12046,0.07217,0.41867,950,4.96124,0.40355,0.13191,0.08859,0.39152,0,,,,,
A047,slope_minus_20,202,27,0,,,100,1.59792,0.48315,0.07857,0.08362,0.38168,950,4.05614,0.43237,0.10058,0.0818,0.37506,0,,,,,
A047,slope_minus_20,202,28,0,,,100,1.58298,0.43326,0.11882,0.08013,0.39151,950,4.63087,0.41582,0.12071,0.08464,0.38535,0,,,,,
A047,slope_minus_20,202,29,0,,,100,1.62372,0.39997,0.13848,0.08191,0.39724,950,4.89305,0.39245,0.13904,0.09099,0.38371,0,,,,,
A047,slope_minus_20,202,30,0,,,100,1.21815,0.45171,0.08577,0.08825,0.39357,950,5.14964,0.41652,0.11461,0.0934,0.3719,0,,,,,
A047,slope_minus_20,202,31,0,,,100,1.40504,0.49086,0.07699,0.07579,0.39193,950,3.94783,0.43539,0.09749,0.0791,0.37671,0,,,,,
A033,slope_minus_20,303,0,0,,,100,8.54896,0.3783,0.13205,0.07746,0.38052,950,13.22819,0.30097,0.20685,0.09369,0.3858,0,,,,,
A033,slope_minus_20,303,1,0,,,100,9.28416,0.47004,0.06749,0.09049,0.37007,950,12.03415,0.42796,0.09504,0.08918,0.36704,0,,,,,
A033,slope_minus_20,303,2,0,,,100,9.07359,0.42043,0.08904,0.0954,0.38724,950,12.97393,0.36359,0.14708,0.09932,0.37796,0,,,,,
A033,slope_minus_20,303,3,0,,,100,8.39424,0.44374,0.06822,0.09825,0.37985,950,13.38836,0.35385,0.16111,0.09752,0.37505,0,,,,,
A033,slope_minus_20,303,4,0,,,100,9.92398,0.3787,0.13469,0.09349,0.3868,950,13.12602,0.3203,0.18881,0.09503,0.38363,0,,,,,
A033,slope_minus_20,303,5,0,,,100,9.1728,0.38739,0.12106,0.0975,0.38772,950,12.80718,0.34759,0.1603,0.09553,0.38351,0,,,,,
A033,slope_minus_20,303,6,0,,,100,10.02031,0.43554,0.08239,0.10219,0.38249,950,12.79779,0.37934,0.13158,0.09554,0.37858,0,,,,,
A033,slope_minus_20,303,7,0,,,100,8.9501,0.46945,0.06105,0.10977,0.37328,950,12.44924,0.37178,0.14143,0.09596,0.37937,0,,,,,
A033,slope_minus_20,303,8,0,,,100,11.9597,0.44995,0.0823,0.10111,0.3837,950,12.66212,0.38449,0.12891,0.09994,0.37119,0,,,,,
A033,slope_minus_20,303,9,0,,,100,9.22867,0.41044,0.10138,0.10345,0.38761,950,12.25742,0.36547,0.14421,0.0949,0.38019,0,,,,,
A033,slope_minus_20,303,10,0,,,100,10.33883,0.4502,0.07013,0.09584,0.38075,950,12.59646,0.40088,0.11313,0.09338,0.37715,0,,,,,
A033,slope_minus_20,303,11,0,,,100,10.3424,0.41345,0.09691,0.11098,0.38444,950,12.28027,0.41755,0.10461,0.0954,0.36915,0,,,,,
A033,slope_minus_20,303,12,0,,,100,8.66449,0.4249,0.08282,0.08468,0.38426,950,11.18921,0.38572,0.13831,0.09394,0.37434,0,,,,,
A033,slope_minus_20,303,13,0,,,100,8.94395,0.44465,0.06912,0.10004,0.37548,950,14.11737,0.39255,0.1453,0.1058,0.36746,0,,,,,
A033,slope_minus_20,303,14,0,,,100,9.95528,0.49515,0.0566,0.08716,0.35283,950,12.37206,0.45529,0.08356,0.09009,0.35663,0,,,,,
A033,slope_minus_20,303,15,0,,,100,9.7796,0.35815,0.16415,0.09709,0.37881,950,14.42037,0.3658,0.16582,0.10512,0.37098,0,,,,,
A033,slope_minus_20,303,16,0,,,100,10.2492,0.44744,0.06954,0.08299,0.37139,950,14.21246,0.42029,0.10658,0.10263,0.36118,0,,,,,
A033,slope_minus_20,303,17,0,,,100,8.84726,0.46779,0.0527,0.09241,0.3672,950,12.02998,0.42272,0.10048,0.09451,0.36873,0,,,,,
A033,slope_minus_20,303,18,0,,,100,10.95315,0.46237,0.06467,0.10323,0.38333,950,12.21031,0.42985,0.09114,0.0974,0.36789,0,,,,,
A033,slope_minus_20,303,19,0,,,100,10.44227,0.49534,0.05818,0.09128,0.36939,950,12.15653,0.45121,0.08232,0.09684,0.35711,0,,,,,
A033,slope_minus_20,303,20,0,,,100,9.67021,0.4658,0.07584,0.08695,0.37245,950,11.77107,0.4524,0.09812,0.10338,0.3352,0,,,,,
A033,slope_minus_20,303,21,0,,,100,8.29231,0.43852,0.07598,0.10227,0.37866,950,12.58701,0.37653,0.13621,0.09512,0.38042,0,,,,,
A033,slope_minus_20,303,22,0,,,100,8.25069,0.40129,0.10775,0.09258,0.38757,950,12.4453,0.34455,0.16241,0.09525,0.39026,0,,,,,
A033,slope_minus_20,303,23,0,,,100,8.90206,0.45767,0.05698,0.09312,0.38163,950,12.20481,0.39978,0.11179,0.09264,0.37509,0,,,,,
A033,slope_minus_20,303,24,0,,,100,12.68668,0.37577,0.13367,0.10027,0.38693,950,12.84484,0.36316,0.15415,0.09861,0.37718,0,,,,,
A033,slope_minus_20,303,25,0,,,100,7.80226,0.45604,0.06575,0.10061,0.37774,950,12.42005,0.39619,0.1197,0.09645,0.37611,0,,,,,
A033,slope_minus_20,303,26,0,,,100,9.89489,0.4269,0.0938,0.10703,0.39232,950,12.23778,0.40309,0.11134,0.09288,0.37716,0,,,,,
A033,slope_minus_20,303,27,0,,,100,10.0243,0.45507,0.0812,0.1007,0.37687,950,16.05649,0.44446,0.11893,0.11728,0.35127,0,,,,,
A033,slope_minus_20,303,28,0,,,100,8.37725,0.29852,0.21401,0.09814,0.38401,950,13.12552,0.32081,0.18752,0.091,0.3869,0,,,,,
A033,slope_minus_20,303,29,0,,,100,8.50746,0.39937,0.10697,0.0955,0.37876,950,12.68137,0.34682,0.16005,0.09545,0.38347,0,,,,,
A033,slope_minus_20,303,30,0,,,100,11.35604,0.43864,0.08162,0.09698,0.38552,950,12.21106,0.42055,0.09937,0.09248,0.36937,0,,,,,
A033,slope_minus_20,303,31,0,,,100,10.31797,0.46914,0.06217,0.08908,0.37727,950,12.20155,0.43155,0.09437,0.09741,0.36482,0,,,,,
A047,slope_minus_20,303,0,0,,,100,1.74024,0.44069,0.11137,0.09042,0.39375,950,8.92042,0.25604,0.28979,0.09481,0.37658,0,,,,,
A047,slope_minus_20,303,1,0,,,100,1.65053,0.42211,0.1044,0.08366,0.39654,950,4.63961,0.41405,0.1163,0.08783,0.37975,0,,,,,
A047,slope_minus_20,303,2,0,,,100,2.29666,0.41102,0.13904,0.08675,0.39615,950,5.31304,0.38775,0.14746,0.0899,0.38458,0,,,,,
A047,slope_minus_20,303,3,0,,,100,1.48226,0.46975,0.10323,0.09431,0.38956,950,5.32692,0.38783,0.14551,0.0944,0.38877,0,,,,,
A047,slope_minus_20,303,4,0,,,100,1.75372,0.45149,0.10632,0.08495,0.41276,950,5.13815,0.38764,0.14276,0.08749,0.38853,0,,,,,
A047,slope_minus_20,303,5,0,,,100,1.85253,0.44166,0.11662,0.09945,0.40543,950,5.18271,0.3958,0.13908,0.09198,0.38721,0,,,,,
A047,slope_minus_20,303,6,0,,,100,2.04424,0.44186,0.11117,0.10313,0.40599,950,4.68327,0.40855,0.12726,0.09346,0.38676,0,,,,,
A047,slope_minus_20,303,7,0,,,100,1.43897,0.45106,0.10452,0.08793,0.39158,950,4.68476,0.40624,0.12316,0.08676,0.38686,0,,,,,
A047,slope_minus_20,303,8,0,,,100,2.05938,0.43665,0.11181,0.08145,0.41275,950,8.28485,0.26814,0.28355,0.09717,0.37754,0,,,,,
A047,slope_minus_20,303,9,0,,,100,1.749,0.42271,0.12432,0.08519,0.3936,950,4.98358,0.38621,0.14319,0.08969,0.38441,0,,,,,
A047,slope_minus_20,303,10,0,,,100,1.75393,0.44384,0.09497,0.08791,0.40635,950,4.62956,0.40668,0.12808,0.09276,0.38605,0,,,,,
A047,slope_minus_20,303,11,0,,,100,2.49864,0.43332,0.09956,0.09269,0.40814,950,4.20268,0.40943,0.1197,0.08656,0.38314,0,,,,,
A047,slope_minus_20,303,12,0,,,100,1.60058,0.43088,0.09223,0.0931,0.40249,950,4.91239,0.39221,0.13437,0.09092,0.38581,0,,,,,
A047,slope_minus_20,303,13,0,,,100,1.45003,0.45035,0.11134,0.08597,0.39122,950,8.73952,0.41324,0.14574,0.11825,0.37816,0,,,,,
A047,slope_minus_20,303,14,0,,,100,1.8455,0.47869,0.08245,0.07082,0.38549,950,4.21756,0.42578,0.10632,0.08036,0.37569,0,,,,,
A047,slope_minus_20,303,15,0,,,100,1.934,0.40896,0.1326,0.09481,0.40414,950,8.55892,0.40579,0.14877,0.12032,0.38547,0,,,,,
A047,slope_minus_20,303,16,0,,,100,1.5762,0.45122,0.09455,0.08958,0.3951,950,12.17454,0.24275,0.29101,0.08352,0.36469,0,,,,,
A047,slope_minus_20,303,17,0,,,100,1.25313,0.46697,0.09786,0.07675,0.38664,950,4.05891,0.429,0.10824,0.08601,0.38227,0,,,,,
A047,slope_minus_20,303,18,0,,,100,2.05971,0.45429,0.09092,0.09055,0.40529,950,4.48779,0.41056,0.12393,0.08692,0.3802,0,,,,,
A047,slope_minus_20,303,19,0,,,100,1.82499,0.44747,0.0893,0.0826,0.39566,950,5.55455,0.4155,0.10965,0.08594,0.37231,0,,,,,
A047,slope_minus_20,303,20,0,,,100,2.5651,0.44529,0.09332,0.08373,0.40479,950,6.21461,0.42226,0.11466,0.10502,0.36477,0,,,,,
A047,slope_minus_20,303,21,0,,,100,1.5526,0.46479,0.09844,0.07298,0.39336,950,6.22353,0.39728,0.13159,0.08801,0.38448,0,,,,,
A047,slope_minus_20,303,22,0,,,100,1.70671,0.43672,0.10836,0.08636,0.409,950,5.51364,0.39789,0.13026,0.09039,0.38731,0,,,,,
A047,slope_minus_20,303,23,0,,,100,1.59604,0.45529,0.09022,0.0853,0.39168,950,4.45056,0.41215,0.11892,0.08914,0.38214,0,,,,,
A047,slope_minus_20,303,24,0,,,100,4.15077,0.40983,0.13107,0.08285,0.41775,950,5.01342,0.40651,0.12913,0.09057,0.38545,0,,,,,
A047,slope_minus_20,303,25,0,,,100,1.38489,0.45299,0.11651,0.09014,0.38987,950,4.42673,0.41119,0.12646,0.09014,0.38649,0,,,,,
A047,slope_minus_20,303,26,0,,,100,2.37121,0.41932,0.12393,0.08569,0.40784,950,4.57586,0.41533,0.11949,0.0876,0.38351,0,,,,,
A047,slope_minus_20,303,27,0,,,100,1.6943,0.44335,0.10085,0.10057,0.40336,950,7.85198,0.41707,0.12962,0.11081,0.37121,0,,,,,
A047,slope_minus_20,303,28,0,,,100,2.25475,0.39211,0.13824,0.0823,0.4068,950,4.95531,0.38433,0.14296,0.08898,0.39055,0,,,,,
A047,slope_minus_20,303,29,0,,,100,1.83704,0.42789,0.12762,0.0922,0.38798,950,5.02125,0.39926,0.13301,0.09193,0.38807,0,,,,,
A047,slope_minus_20,303,30,0,,,100,2.28268,0.44654,0.09526,0.09211,0.41228,950,4.36731,0.42166,0.10949,0.08247,0.38169,0,,,,,
A047,slope_minus_20,303,31,0,,,100,2.22182,0.4424,0.09652,0.09447,0.40308,950,4.19163,0.42892,0.10705,0.0807,0.37791,0,,,,,
A033,dr,101,0,0,,,100,11.44076,0.41062,0.11775,0.12434,0.32719,950,7.65008,0.19972,0.37049,0.10991,0.30295,0,,,,,
A033,dr,101,1,0,,,100,11.53781,0.40835,0.12887,0.13183,0.34442,950,9.62238,0.18322,0.38263,0.12616,0.33412,0,,,,,
A033,dr,101,2,0,,,100,16.15024,0.40213,0.16595,0.24768,0.30574,950,11.0753,0.44223,0.11048,0.12141,0.33735,0,,,,,
A033,dr,101,3,0,,,100,11.83278,0.32361,0.20084,0.12595,0.33771,950,11.17473,0.30442,0.21924,0.10944,0.36301,0,,,,,
A033,dr,101,4,0,,,100,14.35726,0.32001,0.24043,0.22941,0.27038,950,11.24034,0.46021,0.09197,0.11312,0.33266,0,,,,,
A033,dr,101,5,0,,,100,6.4883,0.08011,0.45878,0.09516,0.35768,950,10.73754,0.285,0.24387,0.11485,0.35654,0,,,,,
A033,dr,101,6,0,,,100,10.27443,0.37342,0.17331,0.11474,0.34783,950,12.32872,0.29911,0.23333,0.11147,0.35794,0,,,,,
A033,dr,101,7,0,,,100,14.08963,0.42576,0.14482,0.14851,0.33193,950,10.90243,0.36378,0.18904,0.12535,0.3473,0,,,,,
A033,dr,101,8,0,,,100,13.59268,0.3963,0.22208,0.17257,0.30015,950,11.16056,0.32841,0.21686,0.12762,0.33898,0,,,,,
A033,dr,101,9,0,,,100,11.01477,0.22932,0.294,0.11978,0.34984,950,10.92559,0.32734,0.19276,0.12084,0.35529,0,,,,,
A033,dr,101,10,0,,,100,10.78805,0.50688,0.07556,0.10596,0.31229,950,7.92413,0.23386,0.30876,0.09188,0.30422,0,,,,,
A033,dr,101,11,0,,,100,9.37952,0.43393,0.10617,0.09896,0.3485,950,11.4998,0.43752,0.10564,0.11659,0.3408,0,,,,,
A033,dr,101,12,0,,,100,10.92984,0.47093,0.08223,0.09285,0.34389,950,11.1548,0.41903,0.1388,0.13245,0.31979,0,,,,,
A033,dr,101,13,0,,,100,12.23456,0.4287,0.11285,0.12308,0.34554,950,10.30222,0.40219,0.12437,0.10528,0.3613,0,,,,,
A033,dr,101,14,0,,,100,12.32787,0.10984,0.45634,0.17004,0.35238,950,5.43098,0.09899,0.44496,0.11462,0.31134,0,,,,,
A033,dr,101,15,0,,,100,10.81084,0.28081,0.23282,0.10724,0.36112,950,11.17017,0.32772,0.2188,0.13688,0.34202,0,,,,,
A033,dr,101,16,0,,,100,9.89146,0.06664,0.49732,0.08381,0.35099,950,11.18685,0.27131,0.27226,0.1116,0.34328,0,,,,,
A033,dr,101,17,0,,,100,15.85365,0.25475,0.26907,0.13848,0.33685,950,11.86047,0.30415,0.23819,0.14594,0.349,0,,,,,
A033,dr,101,18,0,,,100,13.25596,0.4799,0.13489,0.13685,0.29085,950,10.62367,0.38057,0.18679,0.12743,0.32186,0,,,,,
A033,dr,101,19,0,,,100,12.94949,0.3962,0.19341,0.19203,0.3208,950,10.18971,0.17745,0.39336,0.14928,0.33276,0,,,,,
A033,dr,101,20,0,,,100,10.71518,0.36276,0.16628,0.07691,0.35768,950,9.35265,0.22639,0.3471,0.12337,0.32548,0,,,,,
A033,dr,101,21,0,,,100,10.924,0.43034,0.14749,0.14041,0.32869,950,10.62286,0.28649,0.26355,0.10535,0.34617,0,,,,,
A033,dr,101,22,0,,,100,11.1007,0.46647,0.0861,0.11244,0.31115,950,11.21535,0.37435,0.21664,0.11714,0.31074,0,,,,,
A033,dr,101,23,0,,,100,14.19114,0.32114,0.20299,0.21446,0.35976,950,13.34651,0.33112,0.24072,0.19435,0.3258,0,,,,,
A033,dr,101,24,0,,,100,12.67955,0.53089,0.11814,0.12499,0.27348,950,11.22495,0.50515,0.08188,0.10495,0.31203,0,,,,,
A033,dr,101,25,0,,,100,11.59903,0.49846,0.08169,0.13825,0.2932,950,10.40994,0.47202,0.08591,0.09938,0.33196,0,,,,,
A033,dr,101,26,0,,,100,12.36782,0.44565,0.1218,0.11969,0.33515,950,10.76698,0.44635,0.11685,0.11212,0.33413,0,,,,,
A033,dr,101,27,0,,,100,14.6938,0.11508,0.4324,0.21476,0.33466,950,12.45261,0.42969,0.14798,0.15385,0.30566,0,,,,,
A033,dr,101,28,0,,,100,10.02269,0.43458,0.11041,0.11361,0.34139,950,10.71951,0.45168,0.08361,0.10915,0.34751,0,,,,,
A033,dr,101,29,0,,,100,10.74932,0.4684,0.0766,0.11877,0.29822,950,10.9393,0.40614,0.14711,0.10768,0.32001,0,,,,,
A033,dr,101,30,0,,,100,8.20262,0.18591,0.36315,0.09501,0.33293,950,11.3752,0.25902,0.27435,0.11566,0.35483,0,,,,,
A033,dr,101,31,0,,,100,11.13494,0.44356,0.09833,0.14714,0.35778,950,9.81759,0.44043,0.08389,0.10426,0.36575,0,,,,,
A047,dr,101,0,1,1.6,1.22,0,,,,,,0,,,,,,50,15.55527,0.26253,0.46289,0.15849,0.32402
A047,dr,101,1,0,,,100,4.81064,0.20285,0.34638,0.13124,0.35764,950,8.33877,0.134,0.43803,0.14086,0.36254,0,,,,,
A047,dr,101,2,0,,,100,5.40998,0.34114,0.18015,0.0878,0.36399,950,19.98206,0.13354,0.46176,0.10983,0.26984,0,,,,,
A047,dr,101,3,0,,,100,2.43421,0.29864,0.2411,0.1024,0.38514,950,6.25094,0.14985,0.41056,0.1266,0.36432,0,,,,,
A047,dr,101,4,0,,,100,10.87069,0.2772,0.42415,0.15295,0.32634,950,12.5216,0.17,0.49133,0.14551,0.32849,0,,,,,
A047,dr,101,5,0,,,100,5.42987,0.27856,0.25723,0.15267,0.37227,950,5.04851,0.16953,0.37206,0.11883,0.36173,0,,,,,
A047,dr,101,6,0,,,100,2.73895,0.06438,0.51092,0.06742,0.36575,950,3.20139,0.04521,0.50067,0.07202,0.37019,0,,,,,
A047,dr,101,7,0,,,100,6.17231,0.3143,0.20789,0.16835,0.34404,950,5.26634,0.16283,0.37321,0.1192,0.36182,0,,,,,
A047,dr,101,8,0,,,100,3.57283,0.42334,0.18676,0.14292,0.36014,950,3.47475,0.37223,0.17363,0.10126,0.3725,0,,,,,
A047,dr,101,9,0,,,100,10.11271,0.28947,0.25678,0.20471,0.31449,950,8.22187,0.12397,0.41132,0.11663,0.37025,0,,,,,
A047,dr,101,10,0,,,100,7.56597,0.35187,0.27687,0.19805,0.3056,950,10.16855,0.27413,0.37351,0.13364,0.31576,0,,,,,
A047,dr,101,11,0,,,100,13.70064,0.09206,0.51325,0.09865,0.35286,950,15.3953,0.10078,0.48902,0.14725,0.33916,0,,,,,
A047,dr,101,12,0,,,100,7.75875,0.382,0.17296,0.16609,0.31452,950,5.99408,0.22336,0.31241,0.10708,0.35109,0,,,,,
A047,dr,101,13,0,,,100,4.72141,0.38566,0.17759,0.12311,0.3658,950,8.69837,0.13631,0.41,0.10408,0.37472,0,,,,,
A047,dr,101,14,0,,,100,4.82212,0.13872,0.39465,0.10444,0.36884,950,5.46656,0.0987,0.43924,0.08823,0.35779,0,,,,,
A047,dr,101,15,0,,,100,7.61048,0.12263,0.44718,0.09457,0.37994,950,6.10961,0.06893,0.4693,0.08898,0.37027,0,,,,,
A047,dr,101,16,0,,,100,5.05535,0.04173,0.49356,0.08099,0.37415,950,3.70514,0.05541,0.50024,0.0856,0.37294,0,,,,,
A047,dr,101,17,0,,,100,3.8439,0.30425,0.21993,0.11216,0.39008,950,4.91497,0.15616,0.38762,0.11535,0.37359,0,,,,,
A047,dr,101,18,0,,,100,7.00919,0.39057,0.17732,0.12225,0.33815,950,9.70157,0.34586,0.26993,0.15214,0.30847,0,,,,,
A047,dr,101,19,1,7.26,6.56,100,3.15868,0.05336,0.48807,0.10692,0.36254,228,7.30586,0.06485,0.49031,0.10278,0.35805,50,16.68669,0.10027,0.49853,0.08983,0.34619
A047,dr,101,20,0,,,100,5.90784,0.2978,0.24718,0.16543,0.34432,950,8.87157,0.17571,0.38231,0.12717,0.36693,0,,,,,
A047,dr,101,21,1,3.52,2.94,47,8.46213,0.20983,0.35771,0.21902,0.334,47,8.46213,0.20983,0.35771,0.21902,0.334,50,10.24428,0.15116,0.51352,0.23305,0.35077
A047,dr,101,22,0,,,100,7.92433,0.42995,0.12634,0.12585,0.33081,950,13.54183,0.33802,0.43456,0.15816,0.28454,0,,,,,
A047,dr,101,23,0,,,100,2.73017,0.39657,0.13815,0.10585,0.3758,950,5.69231,0.2168,0.33885,0.10651,0.37126,0,,,,,
A047,dr,101,24,0,,,100,9.76443,0.30479,0.37498,0.12355,0.31709,950,8.32069,0.34048,0.25035,0.13807,0.31911,0,,,,,
A047,dr,101,25,0,,,100,6.47317,0.42231,0.12096,0.11904,0.34354,950,5.96533,0.38828,0.17324,0.11656,0.34361,0,,,,,
A047,dr,101,26,0,,,100,5.892,0.3684,0.15552,0.09557,0.354,950,9.35239,0.22028,0.33452,0.12256,0.36274,0,,,,,
A047,dr,101,27,0,,,100,8.92045,0.35247,0.29925,0.12482,0.31228,950,11.54723,0.27126,0.36401,0.17248,0.31277,0,,,,,
A047,dr,101,28,0,,,100,4.80044,0.31903,0.21833,0.11032,0.35373,950,6.72461,0.22612,0.33415,0.11761,0.34744,0,,,,,
A047,dr,101,29,0,,,100,5.62721,0.41308,0.15075,0.12176,0.32742,950,10.35905,0.25086,0.37916,0.15698,0.31016,0,,,,,
A047,dr,101,30,0,,,100,4.70227,0.02703,0.49889,0.08094,0.36302,950,6.07866,0.03019,0.49943,0.07489,0.36234,0,,,,,
A047,dr,101,31,0,,,100,7.26168,0.35533,0.18985,0.124,0.34696,950,9.79094,0.1639,0.40905,0.143,0.35242,0,,,,,
A033,dr,202,0,0,,,100,10.49513,0.48449,0.07107,0.10367,0.31638,950,10.98073,0.47677,0.11355,0.12057,0.3045,0,,,,,
A033,dr,202,1,0,,,100,13.41958,0.45301,0.08895,0.15041,0.30572,950,10.38747,0.44877,0.0945,0.11388,0.34093,0,,,,,
A033,dr,202,2,0,,,100,12.48705,0.37723,0.17396,0.11321,0.34756,950,11.85851,0.33564,0.20146,0.13998,0.34889,0,,,,,
A033,dr,202,3,0,,,100,11.83056,0.35928,0.1515,0.09896,0.3825,950,10.80523,0.31417,0.22077,0.11941,0.35431,0,,,,,
A033,dr,202,4,0,,,100,10.65639,0.2457,0.29208,0.10123,0.35725,950,11.14715,0.28396,0.25291,0.11889,0.35703,0,,,,,
A033,dr,202,5,0,,,100,8.73524,0.44019,0.08628,0.09622,0.35468,950,9.69827,0.46046,0.07478,0.09774,0.35364,0,,,,,
A033,dr,202,6,0,,,100,10.65306,0.47645,0.07791,0.08774,0.33473,950,10.58264,0.47622,0.0734,0.09369,0.34141,0,,,,,
A033,dr,202,7,0,,,100,14.30382,0.43884,0.14263,0.14908,0.32921,950,11.21572,0.37376,0.16736,0.11886,0.353,0,,,,,
A033,dr,202,8,0,,,100,11.46276,0.4895,0.09,0.09641,0.31594,950,10.35601,0.4094,0.18732,0.13398,0.29394,0,,,,,
A033,dr,202,9,0,,,100,12.89967,0.38203,0.14375,0.15305,0.35293,950,10.84391,0.3274,0.21835,0.12921,0.34514,0,,,,,
A033,dr,202,10,0,,,100,10.87138,0.31984,0.21368,0.11876,0.31936,950,10.04417,0.29443,0.26897,0.1364,0.32697,0,,,,,
A033,dr,202,11,0,,,100,11.02776,0.47221,0.09483,0.10869,0.33708,950,10.54862,0.43394,0.10948,0.10314,0.34217,0,,,,,
A033,dr,202,12,0,,,100,13.95044,0.48977,0.10565,0.14465,0.31119,950,11.03722,0.48025,0.08723,0.12092,0.31291,0,,,,,
A033,dr,202,13,0,,,100,10.7301,0.38518,0.13526,0.0986,0.35962,950,10.25462,0.31333,0.24274,0.11672,0.34511,0,,,,,
A033,dr,202,14,0,,,100,11.18858,0.4675,0.09891,0.09331,0.33504,950,10.92534,0.36556,0.20311,0.10559,0.31531,0,,,,,
A033,dr,202,15,0,,,100,14.17538,0.47182,0.08573,0.14624,0.29831,950,12.42092,0.4929,0.08592,0.12666,0.31385,0,,,,,
A033,dr,202,16,0,,,100,10.39631,0.29565,0.21634,0.08941,0.36765,950,11.8759,0.28137,0.24492,0.12475,0.36275,0,,,,,
A033,dr,202,17,0,,,100,11.53397,0.40984,0.13733,0.10366,0.33156,950,10.7371,0.4371,0.1222,0.12044,0.33071,0,,,,,
A033,dr,202,18,0,,,100,13.30812,0.43543,0.1122,0.13773,0.33602,950,12.96189,0.42235,0.12343,0.12101,0.3325,0,,,,,
A033,dr,202,19,0,,,100,14.24106,0.4452,0.11562,0.20212,0.32549,950,9.69985,0.11363,0.4586,0.10515,0.33801,0,,,,,
A033,dr,202,20,0,,,100,6.25015,0.09559,0.49367,0.1794,0.27129,950,15.92606,0.03074,0.50087,0.06693,0.21838,0,,,,,
A033,dr,202,21,0,,,100,15.15627,0.34096,0.18676,0.13819,0.32572,950,10.29994,0.40249,0.11955,0.1003,0.36402,0,,,,,
A033,dr,202,22,0,,,100,10.2498,0.45985,0.08646,0.09979,0.34299,950,10.14604,0.46334,0.07475,0.09599,0.35017,0,,,,,
A033,dr,202,23,1,8.48,8.06,100,12.05521,0.50261,0.06806,0.1296,0.32564,304,12.48256,0.45749,0.11971,0.12643,0.31856,49,11.65341,0.51105,0.06174,0.11545,0.33414
A033,dr,202,24,0,,,100,10.14664,0.40523,0.12384,0.12495,0.37404,950,8.2831,0.13928,0.42873,0.12517,0.33586,0,,,,,
A033,dr,202,25,0,,,100,12.74982,0.51259,0.1071,0.16846,0.324,950,10.29494,0.50203,0.07304,0.10421,0.32978,0,,,,,
A033,dr,202,26,0,,,100,9.78384,0.32821,0.22703,0.11149,0.36494,950,13.26222,0.07762,0.46788,0.10705,0.36653,0,,,,,
A033,dr,202,27,0,,,100,13.70079,0.53724,0.10077,0.13046,0.30522,950,11.14249,0.50578,0.07948,0.10256,0.32418,0,,,,,
A033,dr,202,28,0,,,100,11.12632,0.09504,0.43158,0.09018,0.35602,950,11.42268,0.37028,0.16943,0.11572,0.35049,0,,,,,
A033,dr,202,29,0,,,100,9.25563,0.3233,0.22851,0.1382,0.3223,950,8.93497,0.23242,0.31991,0.11888,0.34988,0,,,,,
A033,dr,202,30,0,,,100,12.87163,0.43177,0.15686,0.10258,0.29168,950,12.27741,0.45105,0.12451,0.12906,0.31319,0,,,,,
A033,dr,202,31,0,,,100,9.61469,0.50843,0.07091,0.11369,0.33216,950,10.39166,0.49921,0.08038,0.1042,0.32404,0,,,,,
A047,dr,202,0,0,,,100,8.1695,0.4266,0.10872,0.12484,0.33264,950,12.20358,0.34591,0.39925,0.17724,0.27459,0,,,,,
A047,dr,202,1,0,,,100,7.85343,0.36244,0.16799,0.11785,0.33832,950,12.66693,0.17557,0.43218,0.15301,0.34062,0,,,,,
A047,dr,202,2,1,4.62,3.94,97,6.29591,0.06365,0.49411,0.06894,0.36209,97,6.29591,0.06365,0.49411,0.06894,0.36209,50,8.07709,0.07626,0.50799,0.1602,0.35238
A047,dr,202,3,0,,,100,4.71752,0.2716,0.29006,0.11378,0.37145,950,4.63189,0.17261,0.37124,0.11939,0.36801,0,,,,,
A047,dr,202,4,0,,,100,5.72801,0.20787,0.33789,0.12064,0.35151,950,5.12577,0.18441,0.36506,0.11818,0.35936,0,,,,,
A047,dr,202,5,0,,,100,7.39589,0.36799,0.18304,0.17752,0.33765,950,11.68975,0.23927,0.36387,0.16159,0.32193,0,,,,,
A047,dr,202,6,0,,,100,5.30043,0.38508,0.18899,0.12308,0.34345,950,9.45889,0.15104,0.40542,0.11271,0.34144,0,,,,,
A047,dr,202,7,0,,,100,6.04942,0.20808,0.35494,0.10697,0.37389,950,8.22248,0.08687,0.48791,0.1317,0.36339,0,,,,,
A047,dr,202,8,0,,,100,7.5889,0.35731,0.36981,0.12352,0.3329,950,13.95168,0.18896,0.46777,0.12611,0.26236,0,,,,,
A047,dr,202,9,1,5.48,4.7,100,6.71623,0.11096,0.44828,0.13067,0.37741,135,7.26329,0.0997,0.45942,0.13286,0.37094,50,8.82577,0.08176,0.51387,0.15483,0.32845
A047,dr,202,10,0,,,100,4.35811,0.26895,0.29341,0.1294,0.36138,950,6.0116,0.20365,0.37416,0.14245,0.34835,0,,,,,
A047,dr,202,11,0,,,100,8.04847,0.32946,0.19447,0.10133,0.35327,950,14.11876,0.13181,0.44516,0.09069,0.34788,0,,,,,
A047,dr,202,12,0,,,100,6.57514,0.40178,0.12179,0.12451,0.34867,950,12.4796,0.31213,0.45142,0.15275,0.27633,0,,,,,
A047,dr,202,13,0,,,100,9.64215,0.12098,0.44064,0.1229,0.37453,950,9.28349,0.11994,0.43307,0.11656,0.36797,0,,,,,
A047,dr,202,14,0,,,100,4.67068,0.3601,0.17233,0.10997,0.35141,950,12.10539,0.33176,0.35752,0.13885,0.30796,0,,,,,
A047,dr,202,15,1,19.3,18.48,100,7.96887,0.33151,0.2352,0.14831,0.32184,824,16.10591,0.21071,0.4939,0.26084,0.25863,50,17.5363,0.18681,0.52167,0.23281,0.24319
A047,dr,202,16,1,8.08,7.58,100,3.80986,0.03726,0.49962,0.09661,0.36635,279,3.60537,0.0453,0.49633,0.08538,0.36648,50,5.48887,0.16319,0.49048,0.1324,0.36191
A047,dr,202,17,0,,,100,8.8757,0.37997,0.16716,0.10762,0.31447,950,11.02174,0.1675,0.42579,0.0957,0.36017,0,,,,,
A047,dr,202,18,0,,,100,3.44655,0.10197,0.46782,0.08452,0.36981,950,10.50262,0.17063,0.42465,0.17749,0.32757,0,,,,,
A047,dr,202,19,0,,,100,6.64842,0.19508,0.37945,0.10603,0.37937,950,6.56824,0.08455,0.48451,0.13717,0.36362,0,,,,,
A047,dr,202,20,1,8.76,8.28,100,4.87826,0.36814,0.17385,0.10236,0.34157,314,6.62079,0.34324,0.22094,0.15295,0.33282,50,13.01812,0.19718,0.52585,0.33594,0.27781
A047,dr,202,21,0,,,100,5.26794,0.27603,0.26891,0.14615,0.36475,950,7.34004,0.18853,0.36037,0.1088,0.37369,0,,,,,
A047,dr,202,22,0,,,100,11.23887,0.28318,0.39073,0.12079,0.33001,950,8.28221,0.14074,0.43316,0.10511,0.35605,0,,,,,
A047,dr,202,23,0,,,100,5.54136,0.39242,0.13872,0.13745,0.34742,950,12.84931,0.34657,0.42625,0.15162,0.27753,0,,,,,
A047,dr,202,24,0,,,100,6.87443,0.08947,0.50662,0.0907,0.37356,950,3.74267,0.08532,0.50009,0.1042,0.36211,0,,,,,
A047,dr,202,25,0,,,100,6.52441,0.34925,0.21175,0.1209,0.33072,950,12.83465,0.39194,0.47554,0.19466,0.25542,0,,,,,
A047,dr,202,26,0,,,100,9.84499,0.19236,0.39969,0.09119,0.37228,950,10.66786,0.09399,0.48155,0.13963,0.36532,0,,,,,
A047,dr,202,27,0,,,100,9.29307,0.49567,0.10853,0.15262,0.29015,950,10.29174,0.32227,0.31325,0.14651,0.30559,0,,,,,
A047,dr,202,28,0,,,100,16.86042,0.11837,0.5008,0.10761,0.32369,950,10.55684,0.08938,0.48567,0.1051,0.34096,0,,,,,
A047,dr,202,29,0,,,100,4.37844,0.25456,0.28368,0.09988,0.37113,950,4.42196,0.16523,0.39996,0.09953,0.37799,0,,,,,
A047,dr,202,30,0,,,100,7.80935,0.46864,0.11056,0.12586,0.30732,950,14.06278,0.2001,0.36497,0.112,0.30313,0,,,,,
A047,dr,202,31,0,,,100,2.594,0.43662,0.10193,0.11099,0.3655,950,10.03773,0.3054,0.2466,0.10571,0.3266,0,,,,,
A033,dr,303,0,0,,,100,9.28332,0.27609,0.26509,0.10245,0.35334,950,13.50359,0.20928,0.34309,0.1473,0.35123,0,,,,,
A033,dr,303,1,0,,,100,11.98821,0.4859,0.0878,0.12792,0.29891,950,10.55565,0.46372,0.08493,0.09678,0.34137,0,,,,,
A033,dr,303,2,0,,,100,8.32503,0.33638,0.22222,0.12228,0.33708,950,9.77067,0.3984,0.12748,0.10865,0.35522,0,,,,,
A033,dr,303,3,0,,,100,6.01037,0.09445,0.48645,0.1136,0.38204,950,10.61561,0.2638,0.28477,0.12822,0.34901,0,,,,,
A033,dr,303,4,0,,,100,11.77478,0.38505,0.14255,0.11119,0.36769,950,9.29348,0.21351,0.34964,0.12581,0.33409,0,,,,,
A033,dr,303,5,0,,,100,11.58474,0.33542,0.19016,0.12873,0.34889,950,13.27582,0.37141,0.17835,0.14935,0.34438,0,,,,,
A033,dr,303,6,0,,,100,7.413,0.23653,0.32248,0.13389,0.34561,950,9.93162,0.35006,0.18384,0.11252,0.36058,0,,,,,
A033,dr,303,7,0,,,100,13.49356,0.41062,0.18184,0.18252,0.33202,950,11.0763,0.26171,0.30263,0.12423,0.33889,0,,,,,
A033,dr,303,8,0,,,100,8.68547,0.4504,0.10109,0.10992,0.37206,950,11.26401,0.41688,0.1158,0.10815,0.36256,0,,,,,
A033,dr,303,9,0,,,100,9.06309,0.31925,0.1987,0.11474,0.36156,950,9.63421,0.18938,0.38904,0.11601,0.33124,0,,,,,
A033,dr,303,10,0,,,100,10.41909,0.39518,0.13059,0.11889,0.36296,950,9.66083,0.38581,0.13659,0.10979,0.36501,0,,,,,
A033,dr,303,11,0,,,100,8.3855,0.37715,0.1812,0.09162,0.34357,950,9.79345,0.43785,0.09882,0.09693,0.35668,0,,,,,
A033,dr,303,12,0,,,100,11.93647,0.33215,0.23508,0.13044,0.33622,950,10.25449,0.333,0.21252,0.12539,0.33719,0,,,,,
A033,dr,303,13,0,,,100,15.02506,0.38762,0.18049,0.18651,0.32072,950,11.83698,0.31972,0.22289,0.1202,0.35206,0,,,,,
A033,dr,303,14,0,,,100,14.02576,0.35649,0.23263,0.11318,0.26741,950,12.40888,0.37788,0.19201,0.14812,0.28608,0,,,,,
A033,dr,303,15,0,,,100,7.6655,0.07579,0.51012,0.14184,0.33535,950,9.79753,0.08528,0.49919,0.10521,0.32587,0,,,,,
A033,dr,303,16,0,,,100,9.89679,0.47692,0.06919,0.10476,0.35506,950,10.97065,0.4043,0.15116,0.12503,0.32943,0,,,,,
A033,dr,303,17,0,,,100,12.66593,0.37911,0.16135,0.08967,0.31898,950,10.57493,0.43909,0.11566,0.13106,0.33013,0,,,,,
A033,dr,303,18,0,,,100,9.27741,0.42433,0.11989,0.11758,0.34077,950,9.63629,0.4579,0.08545,0.09545,0.34894,0,,,,,
A033,dr,303,19,0,,,100,12.62528,0.50061,0.11389,0.13877,0.28035,950,11.01173,0.48983,0.08665,0.11606,0.32509,0,,,,,
A033,dr,303,20,0,,,100,11.99928,0.49855,0.06581,0.09182,0.31633,950,11.90283,0.40195,0.18943,0.16137,0.28769,0,,,,,
A033,dr,303,21,0,,,100,8.09975,0.16896,0.3514,0.10108,0.36259,950,10.64652,0.36889,0.15356,0.1123,0.35868,0,,,,,
A033,dr,303,22,0,,,100,6.83894,0.12054,0.40862,0.11508,0.37903,950,12.48301,0.27432,0.27373,0.1436,0.34313,0,,,,,
A033,dr,303,23,0,,,100,10.48708,0.41458,0.12038,0.10569,0.36101,950,9.8119,0.42571,0.10692,0.09921,0.35768,0,,,,,
A033,dr,303,24,0,,,100,9.65508,0.37309,0.13802,0.11067,0.3443,950,10.64027,0.38677,0.14177,0.11653,0.3606,0,,,,,
A033,dr,303,25,0,,,100,9.19885,0.38675,0.1341,0.12902,0.35416,950,10.18862,0.40623,0.11017,0.1021,0.3649,0,,,,,
A033,dr,303,26,0,,,100,5.91837,0.1292,0.41382,0.09034,0.36082,950,11.63634,0.39146,0.15363,0.1314,0.342,0,,,,,
A033,dr,303,27,0,,,100,7.72502,0.29935,0.26565,0.11469,0.31692,950,11.12321,0.2816,0.31138,0.13766,0.31889,0,,,,,
A033,dr,303,28,0,,,100,7.47004,0.09899,0.43556,0.1098,0.34179,950,11.28501,0.23534,0.31363,0.1122,0.35058,0,,,,,
A033,dr,303,29,0,,,100,11.03356,0.39752,0.15229,0.13449,0.34309,950,11.36637,0.32417,0.21377,0.13555,0.33984,0,,,,,
A033,dr,303,30,0,,,100,9.25769,0.44377,0.07969,0.09643,0.35657,950,9.79953,0.46421,0.07064,0.0978,0.3542,0,,,,,
A033,dr,303,31,0,,,100,11.82381,0.42102,0.12815,0.10264,0.33836,950,10.4088,0.47223,0.08415,0.09947,0.34286,0,,,,,
A047,dr,303,0,0,,,100,4.5608,0.28885,0.25334,0.10882,0.36581,950,6.75925,0.12737,0.43362,0.11481,0.36796,0,,,,,
A047,dr,303,1,0,,,100,6.93134,0.31981,0.2078,0.13222,0.34092,950,10.27488,0.24113,0.35071,0.15794,0.3331,0,,,,,
A047,dr,303,2,0,,,100,4.58381,0.2217,0.29957,0.13295,0.36196,950,5.87784,0.23173,0.31249,0.13284,0.36408,0,,,,,
A047,dr,303,3,0,,,100,4.83695,0.07142,0.48915,0.12315,0.36556,950,4.92398,0.04516,0.49664,0.10309,0.3651,0,,,,,
A047,dr,303,4,0,,,100,1.67424,0.06773,0.49155,0.10847,0.34698,950,6.04253,0.10937,0.452,0.11468,0.3624,0,,,,,
A047,dr,303,5,1,15.06,14.4,100,4.36957,0.09844,0.43569,0.09827,0.36099,620,6.25912,0.04508,0.49091,0.08824,0.36857,50,8.99085,0.09052,0.52501,0.16017,0.3595
A047,dr,303,6,0,,,100,6.26192,0.33432,0.20201,0.16247,0.32817,950,7.61997,0.11241,0.44367,0.10536,0.35855,0,,,,,
A047,dr,303,7,0,,,100,6.09625,0.26137,0.29475,0.11444,0.36244,950,9.01574,0.12484,0.44643,0.14707,0.33668,0,,,,,
A047,dr,303,8,0,,,100,18.28609,0.35938,0.47225,0.31983,0.29397,950,7.34628,0.14701,0.45066,0.14528,0.32808,0,,,,,
A047,dr,303,9,0,,,100,2.66931,0.37478,0.16875,0.10171,0.383,950,6.7401,0.1776,0.39875,0.1267,0.36172,0,,,,,
A047,dr,303,10,0,,,100,4.87854,0.30158,0.2387,0.11008,0.36658,950,11.54553,0.22273,0.3713,0.17205,0.32519,0,,,,,
A047,dr,303,11,0,,,100,8.15166,0.24607,0.32632,0.23352,0.32827,950,6.35602,0.17388,0.41674,0.12977,0.33869,0,,,,,
A047,dr,303,12,0,,,100,5.82026,0.03015,0.49251,0.0786,0.37212,950,5.47171,0.14593,0.41347,0.10918,0.35037,0,,,,,
A047,dr,303,13,1,15.9,15.3,100,7.71016,0.11129,0.51698,0.11275,0.36425,665,7.52839,0.11947,0.4706,0.11284,0.37089,50,10.43402,0.20581,0.4394,0.12554,0.32696
A047,dr,303,14,0,,,100,6.86362,0.35078,0.19138,0.12072,0.32935,950,11.04959,0.264,0.37546,0.14057,0.2895,0,,,,,
A047,dr,303,15,1,13.44,12.72,100,7.89971,0.08499,0.46801,0.1137,0.3539,536,8.17658,0.15088,0.41074,0.1184,0.35606,50,14.72648,0.07691,0.51429,0.07784,0.37856
A047,dr,303,16,0,,,100,12.06997,0.28721,0.35996,0.17379,0.29465,950,9.18285,0.11075,0.48321,0.12797,0.33324,0,,,,,
A047,dr,303,17,0,,,100,5.28484,0.32985,0.18892,0.11506,0.35577,950,8.49643,0.19621,0.36253,0.12038,0.33732,0,,,,,
A047,dr,303,18,0,,,100,4.84874,0.40832,0.1251,0.0965,0.35601,950,3.75286,0.38006,0.1672,0.09864,0.36258,0,,,,,
A047,dr,303,19,0,,,100,8.36933,0.43309,0.12697,0.12382,0.31272,950,10.41397,0.25926,0.30369,0.11546,0.33153,0,,,,,
A047,dr,303,20,1,14.38,4.24,100,8.35111,0.38354,0.25876,0.12685,0.32569,112,8.74455,0.39196,0.24022,0.12691,0.32266,50,10.13304,0.47144,0.13125,0.24033,0.26434
A047,dr,303,21,0,,,100,4.56457,0.3124,0.23154,0.09949,0.37032,950,6.62662,0.09359,0.47105,0.09265,0.36715,0,,,,,
A047,dr,303,22,0,,,100,4.36473,0.06447,0.46908,0.10019,0.36544,950,9.79197,0.11263,0.46644,0.16073,0.34477,0,,,,,
A047,dr,303,23,0,,,100,7.88642,0.3699,0.16089,0.16336,0.33816,950,5.24432,0.30422,0.23488,0.11056,0.3571,0,,,,,
A047,dr,303,24,0,,,100,3.47524,0.33794,0.18574,0.10649,0.37538,950,8.5648,0.20473,0.36189,0.13845,0.35661,0,,,,,
A047,dr,303,25,0,,,100,9.47208,0.31186,0.31026,0.15534,0.35,950,5.59688,0.27626,0.26771,0.11993,0.3612,0,,,,,
A047,dr,303,26,1,5.84,5.0,100,6.04731,0.06393,0.48135,0.10218,0.35155,150,5.95236,0.06086,0.48742,0.09547,0.35271,50,8.7875,0.17936,0.53462,0.21432,0.32128
A047,dr,303,27,0,,,100,3.85022,0.32759,0.20967,0.10146,0.37091,950,11.99249,0.20553,0.45123,0.12177,0.28746,0,,,,,
A047,dr,303,28,0,,,100,3.78888,0.30886,0.21191,0.09242,0.3691,950,7.39775,0.18986,0.38485,0.13062,0.37703,0,,,,,
A047,dr,303,29,0,,,100,5.50831,0.2133,0.34696,0.14926,0.34756,950,6.63787,0.16435,0.41663,0.12848,0.35726,0,,,,,
A047,dr,303,30,0,,,100,10.00624,0.38327,0.17797,0.15852,0.30108,950,11.16117,0.27072,0.32299,0.1703,0.3143,0,,,,,
A047,dr,303,31,0,,,100,3.82738,0.41249,0.11659,0.11078,0.35613,950,12.39007,0.2805,0.39263,0.13737,0.32141,0,,,,,
