alive_s,ap_bob_amp,ap_bob_hz,ap_hrel,ap_speed,ap_tilt,ap_vy,ap_vz_rms,ap_wz,arm,case,ed_hrel_min,ed_rise,ed_speed_min,ed_tilt_max,ed_tilt_mean,ed_vx_mean,ed_vz_max,env,pre_hrel,pre_speed,pre_tilt,reached_edge,seed,steps,t_edge
19.98,0.01120041443191238,3.0,0.31959786797271056,0.462302570486479,9.608236277947492,0.04290899574756622,0.20016386972782815,0.09709626537747681,A033,stairs_10_down,0.21174044070396836,0.005933582782745361,0.1046472705610149,12.174708683247045,8.069357249493214,0.3553935878475507,0.49194395542144775,0,0.3164864713559176,0.4433682717202072,9.188530971878315,True,101,1,2.44
19.98,0.023224811263553437,1.0,0.303726719370819,0.3824746875753928,9.876312501829515,0.0699977657943964,0.2334845373483399,0.12755144987255335,A033,stairs_10_down,0.2038904630882855,0.11220377683639526,0.01231904644710639,18.558501431852168,8.910820118767738,0.38077087079485256,0.6123505532741547,1,0.3165605903819283,0.47181315157571535,10.439530666149562,True,101,2,2.34
19.98,0.009712047045854705,3.0,0.34221515495668753,0.45796870343860113,8.5196938873775,0.04307284511625767,0.17930913285846198,0.08582659005187451,A033,stairs_10_down,0.19852818062598687,0.11104716360569,0.3270190368207906,18.809366822033613,8.153578026773134,0.4731022032101949,0.5969524383544922,2,0.3214139490650299,0.4071489177655942,8.256154046654713,True,101,1,2.94
19.98,0.01792082105762678,1.0,0.3295231452823322,0.3686386037915576,9.852210236746668,0.05696781513164751,0.19083953016052851,0.13543781475629657,A033,stairs_10_down,0.18310375647111377,0.011401534080505371,0.004184759809703014,20.577421117017018,9.643644948447301,0.21539295309223236,0.5819991230964661,3,0.34408275793580445,0.3964097330475012,8.295540864083764,True,101,0,2.34
19.98,0.009117389922841626,3.0,0.3403011640284789,0.47263393812258525,8.492782309762777,0.03571953445672989,0.16698788306006002,0.07342945183161646,A033,stairs_10_down,0.1744628229880716,0.028720855712890625,0.032065486921729724,18.30029707781121,7.744868900259093,0.31758775288860003,0.5702421069145203,4,0.3341853441911586,0.4854065308782243,7.7481924424713045,True,101,3,2.64
19.98,0.008897219026272224,1.0,0.3776400689469939,0.3486790528152961,7.950804183763263,0.03413912698626518,0.13873414157140848,0.07967337005538866,A033,stairs_10_down,0.19748674994483983,0.03701665997505188,0.04289666576883471,22.57179690567746,10.438792503922881,0.32619428644577664,0.61979740858078,5,0.34168606770867327,0.334402853430277,9.352107411129106,True,101,1,3.7600000000000002
19.98,0.010329527277395409,3.5,0.3793667391803175,0.4050663687660305,8.469557230864064,0.02528128871694207,0.14694976516348462,0.08361260105855763,A033,stairs_10_down,0.19169123096262075,0.01750829815864563,0.07805479776170848,17.216627449933835,7.536346333052654,0.2730023582279682,0.5773663520812988,6,0.3450479052219799,0.39234791592533336,7.113070554675279,True,101,1,4.46
19.98,0.00645547979301429,3.5,0.3752488053801227,0.44659119718995627,8.639576419105808,0.020718990862369537,0.12742523981926024,0.09471824244596064,A033,stairs_10_down,0.17496010055516498,0.02026870846748352,0.005033403725771047,20.455961595225606,11.266779457400625,0.25060567321876687,0.37840381264686584,7,0.33160136011832536,0.37786910970456056,8.919842192863012,True,101,1,3.94
19.98,0.011399588683317436,3.0,0.36378007459130524,0.41746526667415507,8.54264320454779,0.028089583590626716,0.16125801224685965,0.0900349060073495,A033,stairs_10_down,0.15564877368549612,0.021458357572555542,0.0542519891705623,20.343535255726923,9.553536158611138,0.18850345224142073,0.28232261538505554,8,0.3397861604512057,0.4461792281063313,8.488387275341719,True,101,3,3.2
19.98,0.009144466738539704,1.0,0.37574779536953584,0.4226228358057256,8.65210150544738,0.03467528358101845,0.1472047625951148,0.10822966213338077,A033,stairs_10_down,0.19787471609957075,0.034920573234558105,0.0067384079073814825,21.84638609646032,10.24360276499856,0.27004984449595215,0.6176702678203583,9,0.33693520782465597,0.2612036390887049,8.594441030009873,True,101,0,3.96
19.98,0.008974490472706079,3.0,0.35240084792203447,0.47646286847664554,8.554410059110111,0.0339374901750125,0.14840063160165853,0.09034944891696796,A033,stairs_10_down,0.16902140006024569,0.021196484565734863,0.0025535557990059373,18.40336238445925,7.507218742466701,0.28444172741845253,0.45794248580932617,10,0.3295807281216198,0.45079209292913264,7.364809758062166,True,101,6,3.38
19.98,0.037563977899108474,1.0,0.2887092770181875,0.42970615689389713,9.891978483301012,0.04600469443947077,0.28382478322811466,0.12607959352899342,A033,stairs_10_down,0.1774403832175515,0.09082108736038208,0.02568281435070443,22.36006367323236,12.456882230489692,0.3446507183462381,0.6705477833747864,11,0.3208289674769111,0.4560561282489482,7.4098470318135154,True,101,1,1.96
19.98,0.025667305166628705,1.0,0.315866685165441,0.4289535004873644,9.394815038224694,0.038773428089916705,0.21648355863787272,0.11322214668616652,A033,stairs_10_down,0.17422186627107505,0.030545949935913086,0.05235777662137316,17.494414770388907,8.627967552758651,0.3156545150342087,0.5780704319477081,12,0.33078244819998104,0.4793300800560928,8.642561234855563,True,101,3,2.32
19.98,0.009335876752102762,3.5,0.3332786919296107,0.3938825246592411,8.363630205704231,0.026295868009328843,0.18964729460804977,0.10077089538855943,A033,stairs_10_down,0.16880757461257156,0.06743332743644714,0.12490596554853459,17.692702334634888,8.997044626203609,0.4199817878007889,0.7302813231945038,13,0.320982670917868,0.45723977480083344,8.504074777752797,True,101,2,2.54
19.98,0.025952758981696807,1.0,0.28895265738594345,0.3840630892006132,9.120378297020984,0.06631965853273869,0.23160057983435786,0.151146281408146,A033,stairs_10_down,0.18642304319748904,0.06821131706237793,0.023185111256758283,20.62055811579514,8.667831112157602,0.28886214358111223,0.7663272321224213,14,0.3249459007972064,0.48889972520567737,8.046148079304164,True,101,1,2.1
19.98,0.006169469983238589,3.5,0.3780006457426968,0.42604090889372265,8.352305152344949,0.029434190541505815,0.13384529122780564,0.07435562660568394,A033,stairs_10_down,0.17856132968224303,0.09366625547409058,0.04813835302035839,23.152796138162618,10.46441770363716,0.3791172214349111,0.842633843421936,15,0.34773174652441297,0.426303010410376,7.766752535355341,True,101,1,3.7800000000000002
19.98,0.010930628551208361,2.0,0.36191403287617274,0.389682795158035,8.114332886233582,0.031545841693878175,0.1406823462845587,0.08901558719109744,A033,stairs_10_down,0.2279062805010036,0.05909989774227142,0.07848826173359214,14.87856488452901,8.140366644905589,0.4520834878087044,0.5413971841335297,16,0.3230659330146198,0.31414855839667216,11.351570405314527,True,101,2,3.24
19.98,0.01456762453455555,3.5,0.2984656734995663,0.33959883060702434,10.511116345592542,0.033243136974051596,0.22210895221353544,0.1121368115581572,A033,stairs_10_down,0.19061100164199263,0.04605448246002197,0.013309126874418153,17.850030648561717,10.849256733895437,0.25463370914260547,0.4908151924610138,17,0.30551162563543266,0.33062081873126714,10.90452513587533,True,101,2,2.2600000000000002
19.98,0.025135891731484387,1.0,0.2822607291573509,0.3950284115547231,8.88960639570337,0.06552431095391512,0.2341780308871006,0.11940950377844274,A033,stairs_10_down,0.16526700436750197,0.018608510494232178,0.040395826634883635,18.43655363327029,8.09340710500431,0.2573766768972079,0.48470720648765564,18,0.32143356522774313,0.4762771066522972,8.017980893598242,True,101,3,2.08
19.98,0.006186547800909957,3.5,0.3682674718875299,0.42496358390044436,6.401649329392184,0.05080871032550931,0.13773519588167402,0.10080512766493484,A033,stairs_10_down,0.17994068268148655,0.015782147645950317,0.06776639984323002,20.484066145336623,7.5441332933385254,0.27211810449759166,0.45120343565940857,19,0.3552484284556485,0.440892327215227,6.19781657626605,True,101,1,2.7800000000000002
19.98,0.006536392034302564,4.0,0.3758729286372343,0.4324373411984378,7.8665551659752895,0.028001038042129948,0.12762483102732927,0.0804227531910874,A033,stairs_10_down,0.16483435672234725,0.005785048007965088,0.012863813592804333,19.03945799212063,8.309771100399434,0.2396945942317446,0.5609743297100067,20,0.35081124418559556,0.4689667689686454,7.189441318131597,True,101,4,3.44
19.98,0.010711410681027662,3.0,0.34156300756064334,0.46808543108050704,8.55972539922598,0.035433135628700256,0.18699566402238044,0.08655078701674938,A033,stairs_10_down,0.21418340607760422,0.021881848573684692,0.03712202020382705,18.363436931546183,8.631535567474483,0.35652628287672994,0.4690811038017273,21,0.3400981827980695,0.47364107908271735,7.190353376328025,True,101,0,2.64
19.98,0.011006758040935094,3.0,0.3446943959960326,0.46800779453157504,7.825842870997133,0.03354419570416212,0.17486166259153058,0.08953345708083361,A033,stairs_10_down,0.17077781873590803,0.03578081727027893,0.10464277177580028,19.21580247547601,8.177968469573516,0.421520944237709,0.7459722459316254,22,0.3401435938875943,0.4588259331452207,6.471206894525649,True,101,1,2.7800000000000002
19.98,0.03302045538779783,1.0,0.28416470977711805,0.37978387894220617,10.747252442308358,0.05873709399718791,0.23625792733562428,0.15736707026604563,A033,stairs_10_down,0.1741127252259994,0.056436508893966675,0.01522494708265466,19.951947130893366,8.505077475054215,0.2594821212689082,0.5171619355678558,23,0.3258315434621617,0.4692027977062309,8.238747262081622,True,101,3,2.1
19.98,0.02488972642899111,1.0,0.24982191580980218,0.3066379607872276,10.15941144676229,0.05203711388632655,0.21632803460749767,0.14053754944354296,A033,stairs_10_down,0.17302707634507652,0.013276994228363037,0.019231978745933034,18.77206833323773,10.43910620253717,0.18631316542625428,0.5560778081417084,24,0.31083615999170805,0.502038221805042,8.335703153526635,True,101,3,1.84
19.98,0.008896748481082172,3.0,0.35464408906704614,0.48436740792492317,8.877232620384241,0.03017854556441307,0.15867309655388795,0.08718285858631133,A033,stairs_10_down,0.16371818309161756,0.002323627471923828,0.008928502481926512,19.26955159525882,10.421443349886308,0.18884338101993003,0.2702876925468445,25,0.33198128876839095,0.48307581910256103,8.998786684777496,True,101,2,3.4
19.98,0.011271191169624576,3.0,0.3361449889575734,0.49052767329383734,8.393189174117598,0.04166474558413029,0.1914880445106287,0.08956066459650174,A033,stairs_10_down,0.1510525363333085,0.01432865858078003,0.03336153319080596,19.786484835153342,7.650315557676319,0.20291217431426048,0.33845528960227966,26,0.3263076107833475,0.4536589565441549,7.906606525696378,True,101,1,2.62
18.16,0.029557106651129542,1.0,0.27866542991469884,0.35012566452342997,7.77475081360118,0.06795929361134767,0.22408865437773642,0.12072696159593761,A033,stairs_10_down,0.16656999505139924,0.10388275980949402,0.06936144139157005,22.903936101897987,10.052091873660993,0.306029692714413,0.6443820893764496,27,0.20989854780747932,0.1755416504806868,9.415626615780845,True,101,1,2.56
19.98,0.028104482806019786,1.0,0.28681127274100154,0.3736129783140608,9.39226628134724,0.07069580403156578,0.20040530527072298,0.12856618287507446,A033,stairs_10_down,0.16650379676232363,0.004323482513427734,0.014228590580306878,18.164390154756294,9.616058392078202,0.13833262979984284,0.23203417658805847,28,0.33755179889699355,0.46704458752473976,7.564474425724137,True,101,1,2.06
19.98,0.01540752493385081,3.0,0.2945609433415102,0.44629339536284396,9.069531807936372,0.048053374737501146,0.22624679439021442,0.12795189093798398,A033,stairs_10_down,0.19952298390036594,0.06337636709213257,0.1914577795280921,18.232515065143684,9.19123623129766,0.4418042399485906,0.5488194525241852,29,0.3114245054556087,0.4849014526146786,8.033647463553367,True,101,2,2.18
19.98,0.012421555895103105,1.0,0.3740138439794275,0.3361669677719684,8.876275386691594,0.028618178060278297,0.13325027221696878,0.09681563565507531,A033,stairs_10_down,0.19010411465869226,0.014083683490753174,0.016078991732536987,19.844502461069002,8.347271774654857,0.21538657613098622,0.4104219377040863,30,0.35128803436768885,0.4179148903049564,7.367611645211325,True,101,6,4.42
19.98,0.018111802362857837,3.5,0.3308701485889481,0.44292878739092406,8.93985139914411,0.04143814016133547,0.20693542043506138,0.11258792972424998,A033,stairs_10_down,0.16613560054391463,0.024003535509109497,0.013635604148662505,20.48096259197301,8.524618364336323,0.2265689042583108,0.3943309187889099,31,0.34759460743735815,0.45905673644465494,7.357483502066986,True,101,6,2.34
19.98,0.02014664390523733,3.5,0.30291309222180574,0.4033044772947402,9.036777133449158,0.04253005839884281,0.20062598901164333,0.1251442044507712,A033,stairs_15_down,0.1510678695484916,0.011954724788665771,0.027623506283929455,10.973359004588298,7.51641974116038,0.18722960814833642,0.2824068069458008,0,0.30322762270024756,0.43835919410650637,8.395118415261065,True,101,0,2.5
19.98,0.024212453327411544,1.0,0.2910948909476479,0.35949792944756015,9.336025127730515,0.08278115728870034,0.20008793077691062,0.16628651336999611,A033,stairs_15_down,0.18095046313688712,0.024136900901794434,0.006391152368608453,16.258806412514208,8.207530860028248,0.15810502086455624,0.4223570227622986,1,0.31270696628539957,0.4478354516654251,7.362456684151629,True,101,-1,2.34
19.98,0.010352823708186139,3.0,0.3365788081399897,0.44434718304444887,7.8642672481001865,0.04477239117026329,0.18217353030528646,0.0791256853833329,A033,stairs_15_down,0.13989793393701155,0.02049654722213745,0.0038895138791093945,13.744161242911723,7.832288297564182,0.20475006635921697,0.3030925989151001,2,0.30641182497860914,0.37425634893706466,6.852563767904088,True,101,0,3.02
19.98,0.009871909543761074,1.0,0.32584314108213647,0.3026979699992766,7.356791003145181,0.05165512157836929,0.14724905849209863,0.11212658631615341,A033,stairs_15_down,0.17005427253437555,0.00013554096221923828,0.00648695731158927,13.616919036660493,6.598974551037286,0.13378973385105686,0.4062339663505554,3,0.30651491132012026,0.14976656969441818,5.026558643498816,True,101,0,2.72
19.98,0.009510046900811699,3.0,0.331844624545485,0.46887656729833777,7.939303145840362,0.03437527447938919,0.17443500284291177,0.0926186960726045,A033,stairs_15_down,0.13039308308280084,0.03824567794799805,0.014507807427137183,14.211606540415625,9.271092990990367,0.12789307368298372,0.27332156896591187,4,0.32090024164016234,0.47306766325754795,7.052938429301536,True,101,0,2.64
19.98,0.008588405380088638,4.0,0.3747292243860623,0.2959296152263079,8.225903245902359,0.0379663647711277,0.12772773733395526,0.09134694155305624,A033,stairs_15_down,0.1654847206916401,0.043894052505493164,0.06494397765021301,17.62725247871245,9.538248350506132,0.21405344570676485,0.35334229469299316,5,0.31287306693785966,0.47176774458181225,8.396386819669457,True,101,0,3.86
19.98,0.009447202022667555,1.0,0.3765827583278565,0.4228405609285792,8.411087377904835,0.024440940991044043,0.15098360556949203,0.0875401835842058,A033,stairs_15_down,0.19094801235963954,0.027754783630371094,0.08254889962079288,15.365263013592353,8.203999844503448,0.22956220933546623,0.40412992238998413,6,0.3008390365054901,0.4157071269096462,8.385965265893693,True,101,0,4.5600000000000005
19.98,0.008522603786066217,3.0,0.3730078807648491,0.43409881465901,9.018874075110535,0.02232719898223877,0.15573660393263639,0.08849643385969103,A033,stairs_15_down,0.16920796435147045,0.004372537136077881,0.016581099583555706,14.540101980993372,8.420621608925588,0.21963969384630522,0.6422236561775208,7,0.3269206069242508,0.39699014967458607,6.97754541498187,True,101,0,3.98
19.98,0.008138702931787346,4.0,0.3627112476487848,0.4340039658148244,8.310565586630617,0.022444036388769746,0.16149135691477334,0.09066222609952092,A033,stairs_15_down,0.14203400662876065,0.012103497982025146,0.003152513231855963,13.669085510546601,7.9827007699095125,0.16338315542942533,0.43448954820632935,8,0.3176993930658555,0.44699742616036775,7.200655236666523,True,101,0,3.12
19.98,0.008807630295793739,3.5,0.37326669027461096,0.3999579044960047,8.473015798537055,0.03559001713991165,0.1333543463054312,0.11171084736473859,A033,stairs_15_down,0.15340859271625784,0.02231365442276001,0.0065625077964000635,14.415947077762715,9.455632137377094,0.16518516675258677,0.45125335454940796,9,0.2839240806242999,0.42809345249402275,11.482196627232895,True,101,0,3.7800000000000002
19.98,0.008503889444302323,3.0,0.3485724541720222,0.4907079822498633,8.804143805916441,0.040342938764952124,0.15817837016973776,0.07727485313225771,A033,stairs_15_down,0.13909389086585633,0.00021922588348388672,0.011503632243514049,14.334652426276328,8.436047535863631,0.20750907045866673,0.341111421585083,10,0.3119775590922106,0.46467701896144403,7.942585147511187,True,101,0,3.38
5.48,0.0156271386420255,1.0,0.24752488905733286,0.3277613158243031,7.969697758580412,0.05681781427934766,0.17700695852863113,0.14793821228668094,A033,stairs_15_down,0.16041829273662467,0.004313051700592041,0.009784484946069552,15.431820503532148,8.472700009404551,0.0534887974585096,0.25839656591415405,11,0.2933398223178272,0.480748845769792,6.97510649747218,True,101,0,1.96
19.98,0.01750252891474587,3.5,0.2988636752660262,0.42616667095706745,8.674585097591775,0.03984364323318004,0.19884080330477027,0.13902787257451565,A033,stairs_15_down,0.1500341755183623,0.01096653938293457,0.03333941594627893,14.053021832292583,7.973196390407298,0.23323792229406537,0.4477187991142273,12,0.3048613345559268,0.44750124158248744,7.7571206453643695,True,101,0,2.36
19.98,0.011900011347791197,4.0,0.31040681281829263,0.3864521396078136,8.415979332178551,0.0313244740664959,0.2168226925155028,0.1110405225865543,A033,stairs_15_down,0.12809374211306246,0.0,0.006403218121874795,15.776165597603107,10.64470222526059,0.13124966517090797,0.41439831256866455,13,0.2744053520110839,0.42311907638874424,9.205245828862706,True,101,-1,2.66
19.98,0.02372333974278415,1.0,0.27793740745852974,0.3499499678497525,9.100693937002339,0.08588228560052812,0.19156314461968463,0.18421642079018055,A033,stairs_15_down,0.18311816708926854,0.01620316505432129,0.005291693794623571,18.02888386387859,8.77101416929119,0.15660505272448064,0.35803765058517456,14,0.30792182265755963,0.4642710655843025,7.227557155385245,True,101,-1,2.08
19.98,0.007454576450027963,3.5,0.3727630969451711,0.41981451063887626,8.591086483324508,0.028818995505571366,0.14929116902191064,0.09445197416003794,A033,stairs_15_down,0.1577534570413477,0.0984266996383667,0.1104605696486067,17.968217574219793,9.458085120887295,0.2555405230820179,0.7941320538520813,15,0.3080845582293954,0.38405048315662177,9.35545982010025,True,101,1,3.74
19.98,0.008295851446365387,3.5,0.35656048084006586,0.4145608629729176,7.093872418761301,0.044313055276870725,0.13908703575135395,0.0926144983805716,A033,stairs_15_down,0.19021810152951413,0.013449430465698242,0.06317938539245849,16.415992050072816,7.914537563631058,0.19807141308983167,0.43047070503234863,16,0.33483767694330474,0.4165742868426524,6.4215878735828325,True,101,0,3.04
19.98,0.012209709192830175,3.5,0.28328600114360847,0.3373745443646078,9.190122678196591,0.046233471930027005,0.21294900236224953,0.1217984272306785,A033,stairs_15_down,0.16914676249345995,0.09588021039962769,0.015080673952549575,15.954343357873812,10.53312242270409,0.22554524277647336,0.44644176959991455,17,0.2770010151582606,0.3344505764402622,10.148124802596257,True,101,0,2.36
19.98,0.021322705912735846,1.0,0.264009484798513,0.37228758943900464,8.24872031124283,0.05932664260268211,0.21331267587871133,0.12354989932384342,A033,stairs_15_down,0.14356490475608708,0.0024873018264770508,0.02737133512981202,13.028980722064638,8.264817263811805,0.15584101438522338,0.31785815954208374,18,0.30112814608742206,0.47245985037914856,7.768001996205593,True,101,0,2.08
19.98,0.007951563299982811,3.5,0.35348986999555065,0.41870435122650357,6.807459605258076,0.05069971565157175,0.1637288974187214,0.11045007299631834,A033,stairs_15_down,0.1735860708563085,0.024947762489318848,0.006380226821114288,15.309524547907513,8.840831715157051,0.12370283825943867,0.27597546577453613,19,0.3288320622087163,0.4368764787974635,6.445806441166623,True,101,0,2.82
19.98,0.009421628511929972,3.5,0.3644247642749134,0.44367624207540146,8.105436635483997,0.023842698173830286,0.149095409790548,0.08684963947394862,A033,stairs_15_down,0.15305153156984297,0.0208013653755188,0.02438769401339945,14.652647419004243,7.30121940773859,0.18000957251157768,0.3452003002166748,20,0.33179977448866327,0.43012142785252805,7.024081063181135,True,101,0,3.42
19.98,0.01229245790883365,3.5,0.3303699414902192,0.457968872431242,7.996652818872551,0.03359255105257034,0.1889546508110019,0.07834812252316624,A033,stairs_15_down,0.1479060337505239,0.02920842170715332,0.011103727283665642,13.023783831772384,7.686360346804374,0.26547383061299723,0.7169872522354126,21,0.3244060066039549,0.4623738968084197,6.619175190047028,True,101,0,2.68
19.98,0.01113918020080022,3.0,0.33549894048568407,0.4576223269219304,7.550564983451506,0.04053782440721989,0.18750036000315162,0.08721408982295543,A033,stairs_15_down,0.16540405393284274,0.00854957103729248,0.011835614134602502,13.361824355967471,6.884872418450788,0.22411875591923794,0.32427459955215454,22,0.3206279681965629,0.444564107802105,6.473454592632307,True,101,0,2.8000000000000003
19.98,0.021453220009713905,2.5,0.28264525180513206,0.32994305804210255,9.359452036487188,0.052770630721934136,0.2109641315764764,0.13106776135973633,A033,stairs_15_down,0.17154999404030047,0.0,0.027500807846442932,14.265271621685693,9.109177127252737,0.16480398976244032,0.29501616954803467,23,0.2908729302564407,0.3586850022642325,10.615802949420031,True,101,-1,2.4
19.98,0.01705789850293755,1.0,0.2243409547225677,0.2842415206054923,9.266591287791655,0.038990456173196436,0.18841355176099506,0.10785718953586183,A033,stairs_15_down,0.12833621380800875,0.006723344326019287,0.004818170654949404,14.135888538438234,9.954455179856001,0.06658581762574613,0.29182881116867065,24,0.2855140870012702,0.50649882726011,8.36907085265093,True,101,0,1.84
19.98,0.008234489211997377,3.0,0.35500276485547666,0.4708703293999001,8.643234219817902,0.026065141558647156,0.14922613875660165,0.08539386817254126,A033,stairs_15_down,0.15677419193288222,0.022861063480377197,0.004019267555746932,13.390182545384091,8.143379563094317,0.14163171038652458,0.262606143951416,25,0.31893789963288743,0.4740053879240226,8.559067962020729,True,101,0,3.46
19.98,0.018333687626877853,3.0,0.3186470582778441,0.47257268126307955,9.41101827224717,0.041177969500422476,0.18954073524152176,0.10374264598824084,A033,stairs_15_down,0.156506571858962,0.0,0.0017997526619753345,17.051022195631436,12.81342667385887,0.08345378947133819,0.36114007234573364,26,0.28498541551477774,0.4388083558973597,12.172774220804262,True,101,0,2.72
19.98,0.0265579594515092,1.0,0.2629952249106239,0.359789333534425,9.174348335833857,0.0818620933406055,0.22048731585343065,0.15610678065102548,A033,stairs_15_down,0.13446700477345108,0.08779281377792358,0.07082891914205668,23.893214161320415,11.7278508780687,0.16156219907104968,0.40013790130615234,27,0.21056973774802878,0.21708414982065116,11.768285726240642,True,101,-1,2.84
19.98,0.024697022329146792,3.0,0.2623109957304868,0.36127830911911746,9.332298187781603,0.07163470225408673,0.20339433450052427,0.1304545504739508,A033,stairs_15_down,0.13079672509973694,0.0020087361335754395,0.007334803048389531,20.549458207111943,12.894810483552053,0.06418590016042193,0.2627834677696228,28,0.3100314330544701,0.45017633377792193,7.788454801058526,True,101,0,2.08
19.98,0.018173335892729625,3.5,0.26726810455003525,0.3668168191138919,7.32018297861867,0.040856651989743115,0.20315158355511945,0.12707639307249338,A033,stairs_15_down,0.12711622243259046,0.011227905750274658,0.0026742613176130993,21.445044902061053,10.093497017098304,0.09770249774369101,0.2717629075050354,29,0.2917409327960907,0.4619466160662753,7.01979917214716,True,101,-1,2.2
19.98,0.011713753606064962,1.0,0.37470245123547025,0.3409500635648062,8.594567364908306,0.028098866678774356,0.13387179550497325,0.09730395613238216,A033,stairs_15_down,0.17935191724389632,0.027032196521759033,0.028876082101143577,16.52055873773333,9.240820560129348,0.20504076816141606,0.42755603790283203,30,0.2989962445223395,0.47270974426379836,11.128306623584697,True,101,0,4.4
19.98,0.01727864329930588,3.5,0.31298532483730723,0.4253594825963916,8.285314888497556,0.04918644599616528,0.19372807556117208,0.10625439704395831,A033,stairs_15_down,0.1529627378611641,0.0235174298286438,0.004547217638767151,15.857632496971153,8.913050828017541,0.16796347993115585,0.3731876611709595,31,0.3286027455712384,0.4519728422071736,6.9161662086441105,True,101,0,2.36
19.98,0.03654845470597745,1.0,0.24258155869449524,0.28915085820917086,8.410439732646175,0.06760422746650875,0.21395732627363515,0.1625663354480639,A033,stairs_10_down,0.15087438904665373,0.015365451574325562,0.015508390546275709,18.024215745484007,7.845876636654538,0.06914282942190766,0.2747870981693268,0,0.2944147209050184,0.4877811372454287,9.796945052511052,True,202,1,1.72
19.98,0.032465623820094484,1.0,0.24973884499009283,0.28952670973022115,7.700004528386184,0.0634979504882358,0.23565009902906273,0.14707776038441808,A033,stairs_10_down,0.16046200047202286,0.0,0.017989451297069366,18.536288054979156,7.231007466141167,0.08478989403073986,0.4547685384750366,1,0.30731642976164175,0.4735681716006425,8.570279910731365,True,202,3,1.76
19.98,0.007496429772464084,3.5,0.3708523855601402,0.44921928309712766,8.780662434033959,0.028315987982205117,0.1443796716210929,0.09610851015429944,A033,stairs_10_down,0.1738626572856291,0.017158597707748413,0.0038869255185264703,16.132066367325184,8.11885122556835,0.20706143686547876,0.3307417035102844,2,0.35715458517406085,0.44894966537712905,7.412921863036036,True,202,5,3.54
19.98,0.019928836951954992,1.0,0.33274539053599467,0.3837953498788888,8.363578473036847,0.03840477742254734,0.1937430292735252,0.10796880039386451,A033,stairs_10_down,0.1750339531006022,0.0003641843795776367,0.01331908124384226,18.654030299094902,7.535724451531386,0.14272806918869416,0.3592297434806824,3,0.3508600343931168,0.45160152370462137,6.146480902273998,True,202,1,2.2800000000000002
19.98,0.00754690534230417,3.0,0.3735858136989217,0.4391303380952706,8.713761730765752,0.02189578652381897,0.13560358574489545,0.09649012082256377,A033,stairs_10_down,0.17991513332581133,0.04385429620742798,0.004320559630569377,19.164249131073824,10.12164721716398,0.3050615586961309,0.5112312734127045,4,0.34866744026780766,0.46310059994017067,6.635708202284397,True,202,1,3.68
19.98,0.019810370445623143,1.0,0.299877491886603,0.4161378269990626,8.363210544428453,0.04397802822291851,0.2553067730800202,0.0859573768498376,A033,stairs_10_down,0.2066574517418357,0.11381758749485016,0.01214896532504752,15.468829790113183,9.481251893539566,0.42501926796510814,0.6356175988912582,5,0.3244172182758862,0.45489044744699725,7.729306072744087,True,202,7,2.06
19.98,0.012524178755314027,1.0,0.3089685487141584,0.4723740286665714,8.430945996425141,0.050963078513741496,0.1949143377359754,0.11589345845393836,A033,stairs_10_down,0.17829739664965139,0.1256122589111328,0.2738739734998878,15.74407802221178,7.879731296483933,0.47497884392738343,0.7253311574459076,6,0.31585486057607887,0.48839975031119054,8.135364999998698,True,202,1,2.2
19.98,0.02418056259453059,1.0,0.29818172879556926,0.335340964640184,9.413569449776402,0.056769214394735174,0.23380223312358253,0.11163448087871075,A033,stairs_10_down,0.18634388536055457,0.07263487577438354,0.02055050277225424,18.007133490766268,10.461336747091446,0.30404077453538775,0.4561789333820343,7,0.3268698937688919,0.37684142057463793,7.230327422181427,True,202,1,2.08
19.98,0.00900454008436095,3.0,0.3234698876451681,0.5003606228129838,8.964659990173764,0.05813305050134659,0.17913987135250165,0.08852641366538591,A033,stairs_10_down,0.17249370545626963,0.012081384658813477,0.028278658784007545,17.103633305420473,10.881767872381936,0.1975285657805701,0.3714650869369507,8,0.3225963152984885,0.4982580170946941,9.370570368212954,True,202,3,2.42
19.98,0.014069034181383075,1.0,0.3501618485001318,0.3584844860854453,9.107811133252937,0.024365670680999756,0.18319812952416986,0.10672957099042833,A033,stairs_10_down,0.18477708675007132,0.04880708456039429,0.023344195024581047,16.394166032079433,10.540900845700445,0.3163289400190115,0.6129659712314606,9,0.3481066818862038,0.2908943664773995,8.053560022551236,True,202,2,2.72
19.98,0.00693596228669465,3.5,0.37147734954554773,0.43655099111454954,8.25910875152639,0.030818688943982125,0.14199060119525256,0.08185797630809248,A033,stairs_10_down,0.17687581583140366,0.016413390636444092,0.052442998847328295,20.23112306291213,8.535496468014289,0.27631111999352775,0.38491785526275635,10,0.3341225550391457,0.40369701359948784,9.1949797347995,True,202,2,3.62
19.98,0.009239616093575752,3.0,0.36053520139844664,0.4779795415092826,8.871904324831915,0.029904704485088588,0.16126748582516015,0.06735592341981828,A033,stairs_10_down,0.13668736289529237,0.0,0.020255181368980347,15.979458546699735,10.331393954448627,0.27117599483579397,0.3732137382030487,11,0.3410064889275454,0.4399910742971555,6.602541606828652,True,202,2,3.4
19.98,0.01418200339313719,3.0,0.324377879615136,0.46897543776003753,10.01213654659249,0.04678378477692604,0.21798833163915138,0.1019342642184347,A033,stairs_10_down,0.2065275450122548,0.01644265651702881,0.23672408696364253,16.457546666014615,9.601381651787984,0.4434344510237376,0.53563192486763,12,0.3178833610998755,0.4841128533794922,9.788540462964102,True,202,1,2.56
19.98,0.007299715040488567,3.5,0.3672617839970053,0.44251210177080724,8.006393778209747,0.03530085384845734,0.14208449878330304,0.08700963824987412,A033,stairs_10_down,0.1731492290522325,0.06270930171012878,0.10982754819792365,20.02600559889296,9.356419968860761,0.41295079002777735,0.6459340453147888,13,0.3082334660400044,0.27673980816595983,12.789278157728777,True,202,1,3.66
19.98,0.008672223007642836,3.0,0.34581700018382977,0.4747785997027973,8.447293846468257,0.0255292184650898,0.15700981845543532,0.07493998014368117,A033,stairs_10_down,0.16472178777271418,0.01183241605758667,0.0037331932359040477,18.75970103229396,10.308918373411935,0.1844125627633184,0.2658441662788391,14,0.3337347769418503,0.46258872264092993,8.464647989473411,True,202,1,2.7600000000000002
19.98,0.009699382973600318,3.0,0.34617098140684666,0.4783869370876675,9.122633581913393,0.0419905149936676,0.16483083908150148,0.0792433552769944,A033,stairs_10_down,0.1767544609340117,0.008770942687988281,0.005880718899100495,18.735134206835085,11.257091617393419,0.20837181236594915,0.44801458716392517,15,0.3182770589073711,0.5114080489268839,9.785095328120079,True,202,2,3.14
19.98,0.010030799177859333,3.5,0.3623526289310046,0.3520021640410804,8.291879908061192,0.03695470369420946,0.1454944117190489,0.10415593068581075,A033,stairs_10_down,0.18481980272155396,0.016875028610229492,0.004234699194887431,20.37366197465615,11.063098878232019,0.19357560560107231,0.2956002950668335,16,0.3420650453746,0.4275437819712391,8.911833803135144,True,202,1,2.84
19.98,0.022776743560113374,3.5,0.30901988501057903,0.41286586875460096,9.26577964059591,0.03709582341834903,0.20608028503984024,0.11407253802521154,A033,stairs_10_down,0.180918564452207,0.03152075409889221,0.004622205863154546,16.726634617090298,9.910479689499814,0.2833709278206031,0.4174850881099701,17,0.3362234459203832,0.4622479908467939,8.236993067517986,True,202,2,2.2
19.98,0.00961559642567284,3.0,0.3453206118973182,0.46931383128669835,7.94316113141727,0.036149979531764985,0.1854768671016231,0.08649060274474323,A033,stairs_10_down,0.15163337005013455,0.02143639326095581,0.004249275268037269,18.91804591426375,8.33820271421502,0.15831749829774103,0.6353631615638733,18,0.3357057686413036,0.4793184977844885,7.307438304277445,True,202,1,2.54
19.98,0.012650005252384734,1.0,0.3438786514047633,0.3478531367458826,8.994314535062818,0.03240354224981275,0.16719963087887024,0.11171241967822425,A033,stairs_10_down,0.1966378854557792,0.032617807388305664,0.058066668333147005,20.259240206534354,10.147216547258294,0.23917184432114785,0.7738210260868073,19,0.352344283732501,0.44529722455652404,7.170287417982791,True,202,1,2.38
9.64,0.008816473885386398,3.0,0.3460589174248956,0.4871599773773525,8.695048918104568,0.043883335590362546,0.14941289500557564,0.08637030409649014,A033,stairs_10_down,0.17745395729886015,0.00670093297958374,0.010910387337934068,17.489335938677176,8.699840280659416,0.2492611616073797,0.3541223704814911,20,0.322180048495053,0.4834656858377038,8.298663831039764,True,202,1,3.3000000000000003
19.98,0.009579300834345675,1.0,0.36722482326515227,0.40645170105351164,8.246489439110144,0.0253402116894722,0.14930388855325924,0.09403265281580389,A033,stairs_10_down,0.19758943121701,0.011254847049713135,0.05806494450546934,19.150574791120405,8.885365991192934,0.3025862947603067,0.5030810832977295,21,0.32520182760004057,0.4749642347048828,9.425034794865287,True,202,2,3.42
19.98,0.034511765403096965,1.0,0.2785238430095229,0.3521583041473889,10.054645051454154,0.05696282557211816,0.23260560732551297,0.09725625843741,A033,stairs_10_down,0.17982080451307447,0.04113471508026123,0.02179463234813653,16.273815148060788,9.742125202491753,0.2606671127770096,0.41793957352638245,22,0.31605269287996746,0.46745753236316373,8.287970913144843,True,202,0,1.78
19.98,0.011970123234332646,3.0,0.32774189698823636,0.48920249190271226,8.391413933493522,0.04614853713661432,0.19108653253597052,0.09333924882579595,A033,stairs_10_down,0.174670618166898,0.03866535425186157,0.05883037268075685,17.785219467591745,9.190940711513559,0.4142708034316699,0.6000801920890808,23,0.31938114098049103,0.4842717155496544,7.639656725136413,True,202,2,2.66
19.98,0.013076622351480816,1.0,0.3017896527370667,0.39832847294359874,8.032946078962583,0.05130520489066839,0.2115202724141169,0.1377855245117098,A033,stairs_10_down,0.2250933447942377,0.05687406659126282,0.009806547308783633,17.070310261159307,7.954800496951844,0.3426406521567454,0.49178972840309143,24,0.3229203454568424,0.4526508140458291,7.672553300538816,True,202,1,2.06
19.98,0.02723955878607744,1.0,0.27774156676894207,0.4120347169199105,8.570854174882047,0.057408751770854,0.22974754963967953,0.1376508391648531,A033,stairs_10_down,0.16435176118172423,0.001857668161392212,0.08764989949634859,25.326527463919916,10.621297093992203,0.18498626574873925,0.4288516938686371,25,0.2973793248123026,0.5385898437016422,10.662514916828544,True,202,0,2.16
19.98,0.013750930470825793,4.0,0.3567870247395919,0.3868162681911967,8.15691116933855,0.020410788357257844,0.15860394221354593,0.08698204660788178,A033,stairs_10_down,0.1939135705404741,0.048561811447143555,0.011221725014524009,19.341705027620982,9.812413314720533,0.3646802178273598,0.7011659443378448,26,0.3424196259605693,0.2901284752870479,8.307711896957596,True,202,1,2.82
19.98,0.009002687548252638,3.0,0.3499673582334569,0.48098145308804163,8.14655371243322,0.041659372001886366,0.1530099598045768,0.10100148432073183,A033,stairs_10_down,0.14496020709767066,0.037416934967041016,0.048996575843835585,18.162100464409484,9.283033359868606,0.4251805062095324,0.7300488650798798,27,0.3307790901380427,0.4546569480097209,7.781505269230431,True,202,1,3.56
19.98,0.008033661859725039,3.0,0.3664450746312498,0.43047553024308066,8.599125438024462,0.03281806156039238,0.14066180680953655,0.08358692882582545,A033,stairs_10_down,0.18477969246114634,0.056152135133743286,0.14127735626735158,19.688758537083878,8.917001215332219,0.3644953511158625,0.5593426525592804,28,0.29388873983194486,0.30994779794937793,14.014453570667126,True,202,2,3.74
19.98,0.027162055666375536,1.0,0.3125345560159275,0.38060030897709807,9.854466666605314,0.059665230590617284,0.21165065795175342,0.12257174061029218,A033,stairs_10_down,0.17533090949696017,0.042466431856155396,0.008106328344149183,21.198430344299876,8.600377544499823,0.23776401560831195,0.6111681461334229,29,0.33126507979663294,0.4392015587843292,7.61939360651583,True,202,1,2.2
19.98,0.012530017236765154,3.0,0.32783575768298645,0.4910021516352676,8.747584377815215,0.046028693616390226,0.19718588723072947,0.09371722591808065,A033,stairs_10_down,0.15960502815756572,0.0,0.008791345511121186,18.765752968069393,9.466244465782866,0.1719077201684316,0.27449801564216614,30,0.3295333731365714,0.4913631414760731,8.025475587800337,True,202,2,2.5
11.84,0.02369681526990831,1.0,0.3187438384559065,0.4683836444642079,9.392534596321848,0.05704260803759098,0.18439175574584485,0.13609590637264773,A033,stairs_10_down,0.18729095870160806,0.008216649293899536,0.08334822587934188,19.340807930097558,8.452937442802881,0.25703989456097287,0.4378512501716614,31,0.3298653740232641,0.4895601027283907,7.7713187959705206,True,202,1,2.56
19.98,0.024006976252584245,1.0,0.21761095062296656,0.25061846989671654,9.243022881449036,0.05626902741147205,0.17835065307678752,0.11459997177589684,A033,stairs_15_down,0.13751785863529553,0.009988605976104736,0.008299174334845984,14.378643177219777,9.748657149252148,0.03980206747849782,0.25234073400497437,0,0.2738997012281163,0.46569907722733633,7.663953716983343,True,202,0,1.76
19.98,0.019772625529033732,1.0,0.21994034253339717,0.25691876163800886,13.279904283998901,0.07560337706760038,0.1733737514465221,0.14986459258943796,A033,stairs_15_down,0.15371671398693232,0.006203293800354004,0.0034645200310040873,28.459424898175264,16.17181480288805,0.035791295637803464,0.25663673877716064,1,0.2688672671343554,0.4737908783218675,8.799394312113888,True,202,0,1.78
19.98,0.007946533912173636,3.0,0.37228072334419593,0.4208464898937818,8.959883066469072,0.021144548669690268,0.1436762457811726,0.09035546544473619,A033,stairs_15_down,0.1364929497560715,0.022645235061645508,0.0163802401024722,25.12085398376173,13.474428710678742,0.1775594001589343,0.22970587015151978,2,0.3345412219399437,0.425805160876798,7.196787334303771,True,202,0,3.62
19.98,0.02006385113133716,1.0,0.30995476766703595,0.3634617350320152,8.165679313246924,0.047136123646050694,0.17537168450199012,0.10735999063588679,A033,stairs_15_down,0.137881105596369,0.0030333399772644043,0.003549912513968039,14.31985818767272,8.963197408684108,0.1288022092698763,0.18709301948547363,3,0.3232211979570236,0.41789519686639315,6.302557172132721,True,202,0,2.34
19.98,0.00683108001463595,3.5,0.3715839003496629,0.4288140382597822,8.797386443294117,0.029329592138528825,0.14301203263188428,0.09753066904842854,A033,stairs_15_down,0.17710045505972472,0.020209133625030518,0.040101090238161025,15.50092336876782,9.363410216969276,0.17269311778247357,0.3912031650543213,4,0.328146510328201,0.4559046870969712,7.057090636186669,True,202,0,3.74
19.98,0.017844456077640857,3.5,0.2531659039743444,0.3387084287171603,8.268052883784883,0.04822069473564625,0.21197423072587473,0.11245252458495088,A033,stairs_15_down,0.1363301057229067,0.01212763786315918,0.00441991177117996,12.272920612587503,8.289956249366803,0.11955483821220696,0.29111355543136597,5,0.29730363843275265,0.4600430751336519,6.962802479731894,True,202,0,2.04
19.98,0.017865975695992544,3.5,0.2736639655401362,0.3842980100353207,7.591067130067969,0.02716806937009096,0.19923607097350374,0.12442613740917295,A033,stairs_15_down,0.15364282207693003,0.04831039905548096,0.019654392622760596,15.804127442352009,8.801369005419941,0.2492666292314728,0.7991611957550049,6,0.29431921149320145,0.4761542908685534,7.6631709935972045,True,202,0,2.2
19.98,0.012928682297858094,2.0,0.2620293746338809,0.3113608199018568,8.118513547867098,0.05822838632389903,0.18413614607715856,0.12003701125271618,A033,stairs_15_down,0.15300320877748375,0.0028380155563354492,0.0005522580830729919,12.531344647838862,7.7871826560374755,0.09649394030546925,0.2409517765045166,7,0.29193657048883287,0.36937602236290373,7.3294596815443365,True,202,0,2.12
19.98,0.013386186563570893,3.0,0.307032170292528,0.471796423384693,8.538914642865038,0.04040982514619827,0.1886484781203517,0.09842984752263874,A033,stairs_15_down,0.1411028650992694,0.0,0.018898955451062276,14.07936823735906,8.12116359517619,0.16191977412750325,0.29991716146469116,8,0.3078153994504143,0.48710735258746957,8.387172692301904,True,202,0,2.46
19.98,0.015414670186057066,3.0,0.3347421869587771,0.34942040669917807,8.984784498868784,0.029077188819646837,0.18091870748854297,0.10905189146753401,A033,stairs_15_down,0.1593682377096166,0.0,0.005873943602372095,17.04519785971856,9.98274852863898,0.16160859157020846,0.4019737243652344,9,0.3099230452527337,0.27840572689380183,8.65877889974774,True,202,-1,2.8000000000000003
19.98,0.007067312384430257,3.5,0.36738574227228527,0.440320540995216,8.24842647420806,0.03325419891625643,0.14463550362789102,0.08194396275095642,A033,stairs_15_down,0.11348556834746171,0.07973968982696533,0.025350655490071445,25.58790533102523,13.834848284872871,0.3064978513494134,0.701671838760376,10,0.27720046503658596,0.3612109336961084,14.886996337702888,True,202,0,3.8200000000000003
19.98,0.009190128780403897,3.5,0.35821029911704244,0.45582507310702136,8.668774144990179,0.029468801128678022,0.1490443419384255,0.08335872472729534,A033,stairs_15_down,0.1432351807859492,0.016734540462493896,0.003937327223689809,13.06353444688419,8.548684333067843,0.19248359696318706,0.2566501498222351,11,0.32513104558628503,0.41877427914719006,6.807893617218456,True,202,0,3.54
19.98,0.009611193844077761,3.5,0.3114953915830602,0.4469550673140433,9.450486920960175,0.03472310140728951,0.19248983857795574,0.092646639700979,A033,stairs_15_down,0.16622666464769909,0.03168761730194092,0.0015794744357540864,13.470786658728596,8.458892166571415,0.2898767327424139,0.3991454839706421,12,0.27797114502299913,0.4436721380228231,9.701998635776244,True,202,0,2.8000000000000003
19.98,0.007139471547245415,3.5,0.3645071557243878,0.42798447751587465,7.117268962933839,0.03444675177335739,0.1349531144594613,0.08608164491131902,A033,stairs_15_down,0.15582821394670454,0.0,0.061860939106759175,18.02461307765995,8.927948847038754,0.31346189717451733,0.5722314119338989,13,0.30401876466159516,0.3700530574448216,9.859122793534386,True,202,0,3.56
19.98,0.009022371313216057,3.5,0.33429436753140407,0.473127189750673,8.083627805851576,0.026832092702388764,0.18318227192993847,0.08518972918391228,A033,stairs_15_down,0.15647271355205683,0.0074465274810791016,0.004770984507344466,14.438741595712807,8.818509164023004,0.1916634163229416,0.29830485582351685,14,0.305974246002136,0.47765065779844884,7.479207082755043,True,202,0,2.7800000000000002
19.98,0.008991450950384516,3.0,0.3450412017457625,0.4640053161858668,8.711728697714406,0.0336993932723999,0.15969353667422367,0.0915338981570676,A033,stairs_15_down,0.14819791737724752,0.02781057357788086,0.03990558801522861,11.15151907986999,7.223618065886451,0.1839046428600947,0.3077179193496704,15,0.305545122572445,0.47038857063367795,7.974483835402911,True,202,0,3.22
19.98,0.007886917917706775,4.5,0.35230305413830093,0.3305674263173825,8.827000614041046,0.03597225525358226,0.14962209430977252,0.09804577128496021,A033,stairs_15_down,0.1466375449124504,0.01860523223876953,0.013542767577743565,16.013872035847523,9.492828680592375,0.1752598964178469,0.35364776849746704,16,0.3127262329035264,0.424895783625633,10.075182207454963,True,202,0,2.94
19.98,0.024696542142618936,1.0,0.28861447452861355,0.4019334058502971,8.853028915371334,0.04030723860487342,0.19874242785416749,0.09648409215733408,A033,stairs_15_down,0.14030120111404254,0.007430851459503174,0.004762468841767889,17.552158472914225,10.67590249897291,0.155616248746713,0.2371460199356079,17,0.321602403492851,0.46437285142199625,7.510149690671856,True,202,0,2.2
19.98,0.010071172203302033,3.5,0.3307651252128224,0.47055069196786825,7.782831124278619,0.03721657305955887,0.19053932836273602,0.08796748831635341,A033,stairs_15_down,0.14402451808439853,0.0225791335105896,0.011463790134113923,13.11432434720621,6.677927835349244,0.17407742490371067,0.4731416702270508,18,0.3197592666187388,0.4722670345048824,6.9641931404613935,True,202,0,2.56
19.98,0.014454696231425097,1.0,0.3350882218833913,0.3194030398959811,7.747233259686663,0.032554813090246174,0.14809398884194735,0.08854308006819338,A033,stairs_15_down,0.18192419999423515,0.0008186697959899902,0.009044018252074909,13.945802456840344,6.489043724553187,0.15768088103582462,0.4308626055717468,19,0.31950669154763855,0.180815914399708,5.411722574710585,True,202,0,2.7800000000000002
19.98,0.008970260212483053,3.0,0.3448050613868683,0.4833336060120434,8.240540395587846,0.03941144794225693,0.15213940576020318,0.09056897971313446,A033,stairs_15_down,0.1660692261502067,0.006704211235046387,0.016229634255956065,14.644207157127157,9.417772228737745,0.152062376588583,0.2840980887413025,20,0.3048261985676811,0.48826511308342624,7.711809202586404,True,202,0,3.3200000000000003
19.98,0.01244063228889353,1.0,0.35524231300953235,0.4081918480970685,9.054498474717985,0.026815098822116853,0.1719885895438989,0.09241652421653271,A033,stairs_15_down,0.1815924507411406,0.013614416122436523,0.017053315015138883,18.62695563324343,9.504122483508834,0.1911316963781913,0.4085943102836609,21,0.3208152890460376,0.45128855348569885,6.095588915949052,True,202,0,3.48
19.98,0.020818290417454588,1.0,0.22543138842531707,0.2941947513686991,7.474323915598953,0.05965199752477929,0.1974057597914711,0.13398288481868803,A033,stairs_15_down,0.13745276558207953,0.0013946294784545898,0.003355981552976672,13.130735385455672,7.206252181010314,0.07791784120413164,0.2884283661842346,22,0.28441732085324867,0.4826049570095561,7.882080287414931,True,202,0,1.8
19.98,0.013660339921419396,3.0,0.31727708293792395,0.486860718530286,8.084671979433498,0.0460553652048111,0.19170875326436065,0.09440557775553315,A033,stairs_15_down,0.11704122924549698,0.0038899779319763184,0.010634557208497491,13.63915317022609,7.285630735153012,0.30030767183750867,0.4847303032875061,23,0.29922877501676426,0.4914158708139907,7.293654847873359,True,202,1,2.68
19.98,0.013149626439807988,1.0,0.26620477256609154,0.3340428392231939,8.785926095372355,0.046086609959602357,0.18881547381255956,0.14217700502835215,A033,stairs_15_down,0.14972181052447642,0.106528639793396,0.043087073059331696,17.680404780542563,10.226567759739334,0.2754865746200085,0.8541271090507507,24,0.2696166484878662,0.42027092446413133,8.871439790894247,True,202,0,2.22
19.98,0.02455067400706156,1.0,0.26411955420664923,0.35403649704564977,9.079563764508068,0.067246786467731,0.18956886149374297,0.14248205355368554,A033,stairs_15_down,0.1336196115947662,0.08435040712356567,0.11226409845944768,28.014083369010912,11.541796659027058,0.24806560466686883,0.3047257661819458,25,0.22776582929539807,0.16626059528661385,10.170457845499774,True,202,-1,2.9
19.98,0.013526433539919303,4.0,0.3538299699518133,0.30977020719429654,7.633054029256104,0.029990797191858293,0.14770304194023998,0.08321524849161506,A033,stairs_15_down,0.17188578493454876,0.0,0.01214971409288985,13.112277193726394,8.638781723432086,0.20768930234014987,0.40692538022994995,26,0.29214466363988456,0.359132348532788,11.14920673686781,True,202,0,3.24
19.98,0.008292163097481355,3.0,0.34756893453751025,0.4767814056527832,8.289042606591108,0.03767279893159867,0.1462681724241281,0.08995232840068638,A033,stairs_15_down,0.11300939544636934,0.01595151424407959,0.025922940311207447,21.26086473632795,11.529813352472988,0.22391182998816173,0.2864539623260498,27,0.31030980278463927,0.4672059739203282,7.735140634934848,True,202,0,3.52
19.98,0.009190323740829329,3.5,0.3674829676572015,0.4482364044002203,7.405799826041024,0.03222916886210442,0.14844222028503462,0.08307177324779332,A033,stairs_15_down,0.15802812831287083,0.0033555030822753906,0.0207509391776196,14.206987499647903,10.877511950989865,0.09528748010595639,0.23924261331558228,28,0.33005919037018233,0.3919255467417432,6.839198559850043,True,202,0,3.3000000000000003
19.98,0.026899386945814636,1.0,0.28770802311081295,0.36665961101181943,8.294255467869025,0.04396584332978819,0.2128071605417294,0.12138705231714994,A033,stairs_15_down,0.13789225995221877,0.03522771596908569,0.017444844943174085,14.63716771669995,9.852341727622989,0.08087429964914918,0.2823144197463989,29,0.3136592128315074,0.39033712657044667,6.9784946735465425,True,202,0,2.2600000000000002
19.98,0.013782161814899312,3.0,0.31375591235683564,0.4729334587757497,8.64195738328041,0.0530232535302639,0.18302497937836015,0.09201381310354918,A033,stairs_15_down,0.1573303067747922,0.0,0.00745714808078782,14.152002562736806,6.977237351092224,0.17085995174323518,0.2991139888763428,30,0.3146257756228115,0.48050979883891315,7.811784541708425,True,202,0,2.5
19.98,0.023062981803741948,1.0,0.29600638048215344,0.4715292434682808,8.21448508291135,0.06779142851009964,0.19893863253004243,0.1374261729477439,A033,stairs_15_down,0.1601942452517423,0.0024127960205078125,0.02447378764046985,14.376470151825913,9.914982201622026,0.08917710912724336,0.31393468379974365,31,0.29794496620402616,0.5111149737098368,6.875726400360065,True,202,0,2.56
19.98,0.008945019688155099,4.0,0.3675892719052692,0.3912509851242731,8.038192803899689,0.036573286652565005,0.15130754031522603,0.08324619446415454,A033,stairs_10_down,0.19422213836787217,0.015094399452209473,0.0024724503319370926,22.07324266348137,11.443557386926434,0.21875335469221074,0.5469471216201782,0,0.3552436751732852,0.44080937994974356,7.097583510607819,True,303,4,3.0
19.98,0.012346825697503163,3.5,0.3340020878110977,0.4622404452955387,8.189287274736554,0.03705821633338928,0.1881928592962006,0.09374732489697635,A033,stairs_10_down,0.23859819291747186,0.08013322949409485,0.07182616667639581,13.735951234969576,9.297037966771848,0.41127983277042707,0.49580782651901245,1,0.32839168765328147,0.5067348491120192,7.518056568136654,True,303,4,2.54
19.98,0.02064391722131158,1.0,0.3229550228319703,0.39776879971746837,8.793031470308144,0.044850590191781524,0.21228594871140005,0.11227362158475444,A033,stairs_10_down,0.18722565958206672,0.10413293540477753,0.028850325690683458,25.250667189702874,10.099779868714696,0.33824009995907545,0.5589373409748077,2,0.34207507116909336,0.402851737641165,7.416661032442138,True,303,1,2.2800000000000002
19.98,0.009049768498744937,1.0,0.3756067458448563,0.433209068738254,8.575676290316947,0.02457057684659958,0.14847811119931867,0.09656279481947422,A033,stairs_10_down,0.19747434723823465,0.014441639184951782,0.008700479012815038,15.681138714251787,10.759524828789692,0.25007196933651965,0.37092193961143494,3,0.31955483011383423,0.3617952721446834,10.76672000462394,True,303,4,3.96
19.98,0.020288551271362202,1.0,0.32685058468006517,0.38620385099346444,9.92234353611818,0.0303320914786309,0.20125616575593389,0.11549780102446676,A033,stairs_10_down,0.18961842238584303,0.046832263469696045,0.06817243141039322,18.528831317465233,11.216510373953376,0.303584003970027,0.787024199962616,4,0.3345593772087505,0.44945857913246834,8.70198924244311,True,303,6,2.44
19.98,0.014617607666700104,1.0,0.3312351802676756,0.38307298943772794,9.261881965714775,0.036870150417089465,0.19782890470117745,0.1081061766599305,A033,stairs_10_down,0.2009255337842646,0.04813775420188904,0.07791861255051692,16.44061369482321,10.06434855976138,0.30986727515856427,0.6291210651397705,5,0.31753039974579833,0.4588335112500181,9.5390473479909,True,303,2,2.56
19.98,0.007515772373076807,3.5,0.3590333428309562,0.41211178121733133,7.567245662567181,0.0349879777431488,0.1408864321584621,0.10113353249616922,A033,stairs_10_down,0.17876268548761465,0.010904788970947266,0.08565313394675152,18.899624867415294,7.541598009807432,0.2568209200600783,0.41877850890159607,6,0.35251153297602805,0.4249793623083147,6.135526985904806,True,303,1,2.7800000000000002
9.22,0.01057607576075907,3.0,0.3613739526957115,0.42604727696852784,10.352503477817567,0.033004331663250924,0.1572841054819643,0.0919423706503585,A033,stairs_10_down,0.18539110288263005,0.023727238178253174,0.01148340555830945,17.63272125367476,9.638275921131175,0.252840541874369,0.5155518651008606,7,0.31913494263103304,0.45197865742858767,10.48582920061491,True,303,1,3.7
19.98,0.026134219841912814,1.0,0.2800538627747546,0.36509625417579705,10.110590762680923,0.052804447915405034,0.20889655931321452,0.15069946497213096,A033,stairs_10_down,0.1738592312935202,0.10139955580234528,0.06959288039550834,21.697652427947723,10.936898843068741,0.31241183357934155,0.7879912853240967,8,0.3244690755535574,0.46251331743382096,7.478281475295929,True,303,1,2.02
19.98,0.00827745580927708,3.5,0.357355442880628,0.4172408994007323,8.112609845908725,0.027255501570180057,0.16132408017310407,0.09807108618784696,A033,stairs_10_down,0.18065039072444733,0.02520918846130371,0.0693623680975912,19.55040473209604,9.65207552116615,0.2602411936937521,0.5877137184143066,9,0.34449937444957185,0.4263107789865467,8.7844641011102,True,303,1,2.68
19.98,0.029124209658401352,1.0,0.3134196012032861,0.40146060525937566,10.760943904225769,0.0594146038684994,0.20551643873352962,0.12427068774588407,A033,stairs_10_down,0.17819297568683323,0.02105581760406494,0.014160218339851706,20.23169584559907,8.580157240265569,0.2672236349309484,0.6730154156684875,10,0.33940616357772746,0.45004130298135797,7.891053467852306,True,303,1,2.36
19.98,0.023147223858169037,1.0,0.3058200210125689,0.3895371044584802,9.754850014228541,0.06137199826538563,0.20332875953582932,0.13260942007880658,A033,stairs_10_down,0.18021907621526467,0.06513813138008118,0.06483378185659172,20.579014568514264,8.15010684107512,0.33343644825120766,0.5630761384963989,11,0.3187085713549731,0.4496427499944371,8.085710625844666,True,303,1,2.32
19.98,0.011903567315767041,3.0,0.36129465583970843,0.4039192203703847,8.622992584924232,0.029386445656418802,0.16128356485313416,0.09154817603295669,A033,stairs_10_down,0.17461391566271456,0.017919540405273438,0.09572390518299834,18.09230085558297,7.2389515355142375,0.3376887752612432,0.529981404542923,12,0.3442471351215546,0.4244421627475397,7.608932652256343,True,303,2,3.16
19.98,0.012046471471852926,3.5,0.35282568939229386,0.4253128502969881,9.036296172019188,0.025873281061649323,0.15780379421475124,0.09915824772790074,A033,stairs_10_down,0.17559258185605953,0.04865702986717224,0.024327412002593498,16.616128133258197,10.184585197751673,0.32581924239794413,0.529739260673523,13,0.35046314186590877,0.41983308319988694,7.9087322716775414,True,303,1,2.64
11.52,0.00929169595680396,3.0,0.3395900175341949,0.4820484643533113,7.941186428471968,0.03543787258677185,0.16026093220825666,0.07216491961386055,A033,stairs_10_down,0.1685039061594774,0.026620030403137207,0.1010404505763088,20.494398320548544,9.336203614079066,0.2773860235667477,0.42255446314811707,14,0.32130735728192455,0.47979556527052464,8.198227289261274,True,303,2,3.12
19.98,0.01719748568770429,3.0,0.32969537548521627,0.3683086549536671,8.985333150237295,0.04107463002204895,0.18567850508120912,0.10885047047864646,A033,stairs_10_down,0.17143893719994452,0.01130300760269165,0.028468949093274354,17.317024714327474,8.126235543777483,0.18453511461615563,0.5235739052295685,15,0.3465998396325239,0.46292252580728976,7.710471602591435,True,303,1,2.24
19.98,0.023022849093959692,1.0,0.30642603509407,0.37978209400497515,9.862899760048057,0.050110301268287,0.19595349329371506,0.111048241709359,A033,stairs_10_down,0.18878336179065192,0.033667176961898804,0.0025918500761300057,20.01852478394975,9.570142331452,0.29973791701098285,0.5149655044078827,16,0.33642562983507773,0.4676641029674482,7.933006304294489,True,303,5,2.2
19.98,0.011391878154838221,3.0,0.36128195288984527,0.43784039772516165,8.960184174975213,0.02640510625671595,0.1549543199501041,0.0823388283746317,A033,stairs_10_down,0.16276724038914558,0.007383793592453003,0.0102274193533609,18.365539789810743,7.421719788667043,0.23833125999818244,0.3662325441837311,17,0.3390711437572132,0.4780255323218457,6.7359249362467715,True,303,1,3.58
19.98,0.04298845890997181,1.0,0.24964920670750307,0.3385341901861972,7.91599787161825,0.07789383339695632,0.2683059367725517,0.1717454988253303,A033,stairs_10_down,0.1591262614982013,0.0,0.019342427636530934,20.694304391661717,7.865240379934147,0.21404274600247541,0.5405031144618988,18,0.30969452564729083,0.48311623857296987,7.578872401886453,True,303,3,1.68
19.98,0.009999148605130707,3.0,0.33042717063331345,0.48580682600745184,8.488665538741943,0.028086683750152587,0.17445314985921626,0.0906629384495318,A033,stairs_10_down,0.1878613727615479,0.02146318554878235,0.0622564975506805,18.980588537330018,8.456290510257771,0.39444271634022393,0.5928419530391693,19,0.32462872327967757,0.49673703775948086,8.111490400816322,True,303,1,2.54
19.98,0.03815522700142253,2.0,0.24957060344875814,0.34946376794933814,8.117045132714113,0.06203510934486985,0.2528414342194044,0.14006952949333937,A033,stairs_10_down,0.17115452072837134,0.03193691372871399,0.021919975227831123,19.52068530825039,7.908920683559249,0.27525340567032497,0.5057774484157562,20,0.30189799562495023,0.4687619269485016,8.06781056926274,True,303,1,1.74
19.98,0.007293904983697605,3.5,0.375513753581812,0.44345945446580765,7.113050759740908,0.022349472641944885,0.14091636756891246,0.09901400055736304,A033,stairs_10_down,0.18636396766346408,0.070375457406044,0.027459424737585312,22.2775729844697,8.959634930155882,0.4279751156767209,0.7286645472049713,21,0.3501382381265814,0.4446398056755259,5.165560193299188,True,303,1,3.3000000000000003
19.98,0.007663647341400177,3.5,0.36931020275475496,0.3826744843870318,8.06803550312181,0.02746802182868123,0.14565242694715597,0.09439955497626215,A033,stairs_10_down,0.17466853694482287,0.00891980528831482,0.14883474791966952,18.548841927989972,8.66525129543755,0.34539586822191876,0.3906138241291046,22,0.33378833659192453,0.36966032522440073,7.596833558036337,True,303,1,3.36
19.98,0.010023807338577502,3.0,0.3586312495785602,0.42697062199443253,8.345959379185993,0.03181584507226944,0.16076740494380465,0.09519107735715807,A033,stairs_10_down,0.17176255010028574,0.0,0.06262466915827258,18.588822223339424,8.676126885668198,0.26528644569218157,0.4516385495662689,23,0.33390498435433535,0.40632763600537475,7.985008261306454,True,303,1,3.2800000000000002
19.98,0.015193764172927043,3.5,0.3296439090673936,0.38599688930462145,8.996805614213535,0.03693446606397629,0.20527510785890085,0.09919393957592547,A033,stairs_10_down,0.18292802285383092,0.0681837797164917,0.0184138862107295,18.800679404715844,7.6655034530803725,0.36251530557870865,0.7072456181049347,24,0.33366109511431524,0.43820672001606836,7.128407730859228,True,303,1,2.54
19.98,0.008549970702294456,3.5,0.3621165510518028,0.4453946314173393,7.3240965820174475,0.03416523203253746,0.15034707460122224,0.09581215757876635,A033,stairs_10_down,0.1740331385224898,0.01997584104537964,0.024780092431103996,17.97161586996192,8.64115483135819,0.21813930324589212,0.3766007721424103,25,0.34583836498744985,0.4336914589608869,7.0349836826920935,True,303,2,2.92
19.98,0.011773595343307117,3.5,0.3365336930241814,0.4429234728503151,7.78756640778207,0.03421109616756439,0.18206480454067717,0.08836545504629612,A033,stairs_10_down,0.19003761276841802,0.047333985567092896,0.2479824744028638,16.949835097753283,8.12087483485606,0.46475349287192025,0.6815128028392792,26,0.34073332479293333,0.44673238203511795,6.913870662613573,True,303,2,2.48
19.98,0.023445402786104314,1.0,0.2689222017281196,0.32761209990295304,9.671255547903613,0.06232392814010382,0.21233013086342645,0.12775637893006206,A033,stairs_10_down,0.16574678382771535,0.0005694925785064697,0.02478046153873596,18.751140169022985,10.40628263511345,0.12276734525958698,0.28307661414146423,27,0.3270544088078055,0.49884571159627616,8.08698242423431,True,303,3,1.8
19.98,0.009014793768711789,3.5,0.36008654675381707,0.35495893296793307,8.214145202227854,0.02581791570293717,0.1622681585947289,0.10864826294127852,A033,stairs_10_down,0.20844276894860092,0.074630007147789,0.08910454205413831,16.53849189329056,10.004412274981371,0.40461167236169177,0.8027948439121246,28,0.34111858894480745,0.3613231168716677,8.793402694822657,True,303,1,2.88
19.98,0.00950880626067581,3.5,0.3764335792523655,0.3298444757606259,8.507463025071841,0.027255986472591757,0.14076855899818777,0.10356185946147889,A033,stairs_10_down,0.18133214147970633,0.017791032791137695,0.022439100546659905,19.930709036530217,9.922322597067293,0.27915283331026636,0.5965739488601685,29,0.3427137884417957,0.45377323458395485,8.602455881551641,True,303,3,4.34
19.98,0.023906884405984104,1.0,0.3010900972281548,0.3953804218772015,9.29106762731298,0.03728998111560941,0.22667556193271007,0.14889078401960432,A033,stairs_10_down,0.18888654970230268,0.08256152272224426,0.07465070419179665,17.157372944907458,9.583739584218694,0.38487884347637497,0.5733080208301544,30,0.3245026307246264,0.44934935002763415,7.985301776546053,True,303,2,2.2800000000000002
16.88,0.02654356353987758,1.0,0.28760298417373137,0.4054769853161938,9.176129009730438,0.061219066055491565,0.20903083674067602,0.10970370572060346,A033,stairs_10_down,0.1655721748895186,0.009718865156173706,0.011184379416367282,17.33851255864086,8.657783825925183,0.15389817503358547,0.24961456656455994,31,0.32283994974299546,0.4768497442605153,8.119335831834537,True,303,0,2.16
19.98,0.00859543875885003,4.0,0.36266997121234623,0.3841714467902353,7.8271310638087845,0.03887187704443931,0.15012382596567161,0.08239037368446589,A033,stairs_15_down,0.17462818061604224,0.035037338733673096,0.013980308152727603,20.880167515913374,8.625627056981733,0.25580174539238215,0.8746176958084106,0,0.3328631785846649,0.423531580346478,6.6833056363670895,True,303,0,3.06
19.98,0.014694738640183653,3.5,0.32058338575822143,0.45139570476830343,7.951797311419391,0.03854951858520508,0.2020841093074281,0.09580884369788692,A033,stairs_15_down,0.15224680224841924,0.014697909355163574,0.019637456036870757,13.191151622566057,8.094553731454631,0.24655190316339334,0.4640653729438782,1,0.30966816194554697,0.4911849830257245,7.869390034488472,True,303,0,2.58
19.98,0.01919109141115796,4.0,0.30209214924491024,0.3945837569131744,8.25211727897422,0.05057431921362877,0.20537994855588929,0.11081092273117975,A033,stairs_15_down,0.1543027474918467,0.07849544286727905,0.015668765992802553,19.098110942475508,9.455496466830995,0.26165588716665905,0.4799172282218933,2,0.3223895166774484,0.3903661165569956,7.263798274997418,True,303,1,2.3000000000000003
19.98,0.009091461901340971,1.0,0.3737537708161348,0.4284186991451248,8.574463173976923,0.02485954314470291,0.14978512053520643,0.09820900166872888,A033,stairs_15_down,0.14725928383077524,0.0,0.03778683587445801,13.56771507457913,8.490056719852133,0.20817900861303013,0.40332525968551636,3,0.2948148723464598,0.41244976361739455,10.69956774643139,True,303,0,3.86
19.98,0.01235379939629679,4.0,0.31996135565686346,0.36685475587736405,9.050193035077136,0.031474212715402246,0.19473455856148528,0.10101006318582222,A033,stairs_15_down,0.15221677393836774,0.04427516460418701,0.14887309365006168,20.507299222637833,9.964291907620215,0.32563830321033793,0.6133347749710083,4,0.30543445334715,0.39383991288496156,8.343922201474264,True,303,0,2.64
19.98,0.01123933916986666,4.0,0.3242497592048849,0.3956120819732821,8.454466744154965,0.03706144079566002,0.20176805093490402,0.1165652451198548,A033,stairs_15_down,0.16834005060042923,0.09614479541778564,0.027987309628082227,18.7171143869066,10.30745984860905,0.3011423271149397,0.787016749382019,5,0.30347005536849486,0.415204982563208,8.50036128259926,True,303,0,2.62
19.98,0.00914683832712732,3.5,0.34713020614124246,0.4103107419404134,7.490560811440952,0.037058132737874984,0.16074000088319024,0.09191185411065816,A033,stairs_15_down,0.17042527256164963,0.023498833179473877,0.007962288493284349,16.72189944359595,8.068100514398017,0.22433887927172086,0.32894760370254517,6,0.32503366736804734,0.4044188900676779,6.3972510502559645,True,303,0,2.84
19.98,0.008916517012058246,3.5,0.36636374970808383,0.45185273933584597,8.923001376241503,0.030854522734880447,0.15098394868188592,0.10688239535316825,A033,stairs_15_down,0.16318309115853535,0.023461639881134033,0.002782843383005897,13.641195071063605,7.548846755011514,0.17256655727823575,0.3600507974624634,7,0.3289742283897604,0.43043610967628676,6.909124107338995,True,303,0,3.52
19.98,0.019592862569686214,1.0,0.2629779413326539,0.3319062191269117,7.80482040848733,0.041031287366058676,0.20128005291740833,0.13095395350363107,A033,stairs_15_down,0.12922594509022756,0.025579214096069336,0.006139883262818586,18.641801178718524,9.111242970799386,0.08802275417993466,0.31167566776275635,8,0.29950860677555924,0.4512174238305407,7.254075007840253,True,303,0,2.08
19.98,0.01118182567621787,4.0,0.3389262306881461,0.4271722186287971,7.970541511457619,0.029997225319966674,0.17683328382560518,0.09645236623473466,A033,stairs_15_down,0.1510278805691928,0.01632934808731079,0.009618049866455097,12.688200550061397,8.337931921738644,0.14058195342620214,0.25235116481781006,9,0.32003458316313393,0.43106997140942427,8.339862457313997,True,303,0,2.64
19.98,0.02095097941456608,1.0,0.3075578956489257,0.4046155981276087,9.560409926872007,0.07818463218398392,0.1883515669505295,0.15936727875843645,A033,stairs_15_down,0.18006446559161426,0.021247804164886475,0.03314357845626129,15.487513100664353,8.411555793239023,0.15806696977466345,0.3298565745353699,10,0.3214221337007329,0.4684920918545037,7.07700500126793,True,303,-1,2.4
19.98,0.019045396840210053,3.5,0.29102784136718607,0.32241042691097255,12.931645156604112,0.05835454039275646,0.23266822431018222,0.1820277346507646,A033,stairs_15_down,0.08677816869103339,0.07659250497817993,0.010055085894589793,29.924558255930137,14.288388627298069,0.26572878550738094,0.5699232220649719,11,0.19585049226322276,0.28739727069571813,13.39781808293266,True,303,0,3.2
19.98,0.008893311804417636,1.0,0.3603483094059847,0.3973884802036327,7.846945276595772,0.03474892243742943,0.15417988274311625,0.09443843214248773,A033,stairs_15_down,0.16635273165881315,0.0071402788162231445,0.028068356611836827,14.62915142359023,8.625644039382847,0.22160507457951706,0.4504740238189697,12,0.31741840895484474,0.40723067250377865,6.822279427903766,True,303,0,3.18
19.98,0.017323354709842823,4.0,0.33715138110566273,0.41342806640863555,9.3136158662758,0.031404671669006345,0.1782770020907911,0.10173802885459736,A033,stairs_15_down,0.1340802579640067,0.010461509227752686,0.006987622065779984,13.590958333467945,9.765348890640864,0.1797288245645662,0.3306582570075989,13,0.31521480932592705,0.36199651999532806,10.099830969177717,True,303,0,2.7600000000000002
19.98,0.010351659213767055,3.0,0.3329828539474764,0.48379164002614194,7.42378701790992,0.03686501574702561,0.1714882964831943,0.07474606307223439,A033,stairs_15_down,0.10996918977900627,0.03593510389328003,0.00957950084435531,46.84469873952963,20.850383701904615,0.07102102141206464,0.27723759412765503,14,0.3026067613790379,0.4699635730639792,7.374519946741584,True,303,0,3.06
19.98,0.01882701897168589,4.0,0.295157148920916,0.3530735359557425,9.900926701104952,0.04972707949578762,0.19697310612697919,0.12251487338915468,A033,stairs_15_down,0.15275551354821348,0.0,0.015161933182083986,15.391881110578721,9.55545613784738,0.13397386271506548,0.29555410146713257,15,0.32340884634517736,0.4337782419444058,7.425797528099714,True,303,0,2.2600000000000002
19.98,0.0223871896219961,1.0,0.28098161322229054,0.38147676394898633,7.914562079950555,0.060994786471128465,0.2028404749164629,0.11704993872903287,A033,stairs_15_down,0.131524308161302,0.02604079246520996,0.005402314804209953,13.043454610118427,7.3860241623985,0.13329463419194024,0.280839204788208,16,0.30713277634452374,0.45286714801818756,6.799787328908073,True,303,0,2.22
19.98,0.00836514085160321,3.5,0.36505657974411465,0.44419429659424575,8.009038047124976,0.024645307045429946,0.1408822532623577,0.07891102876747028,A033,stairs_15_down,0.1631584578656895,0.003454148769378662,0.01959598397996048,13.787031070439065,7.295401681843362,0.18210930397113165,0.3007471561431885,17,0.31650887110654047,0.4546006526563586,7.568305166677552,True,303,0,3.56
19.98,0.02500761831759609,3.0,0.21593537532072016,0.2088581920826951,6.789927112516453,0.04932530257850885,0.19560071864154055,0.10360853611957282,A033,stairs_15_down,0.15591419316868094,0.03274482488632202,0.002661655060574879,11.469700021499413,5.093374162358139,0.012541434622059266,0.3159239888191223,18,0.17953578841877493,0.1525009148574259,7.7273598737086875,True,303,0,2.22
19.98,0.011165354194215733,3.0,0.3222810614491529,0.4774558833369131,7.982009381050894,0.03462683238089084,0.1778139420518397,0.07870955195743591,A033,stairs_15_down,0.13111297937637978,0.04444366693496704,0.019226922350691854,14.860159657633597,7.730656676434433,0.266499813546737,0.787574052810669,19,0.3069612287200071,0.4845798275249843,7.193018287307669,True,303,0,2.6
19.98,0.021118424991820546,1.0,0.20472181429518738,0.23416236301531457,11.259159237837466,0.03787714678561315,0.16925370145121124,0.10896439445205033,A033,stairs_15_down,0.13942528217234074,0.0,0.00832484494065266,16.72718044310102,12.522770804930886,-0.023289038638273876,0.23221522569656372,20,0.25480704814992483,0.476507711993653,8.8446616840328,True,303,0,1.76
19.98,0.007224585284749005,3.5,0.37201693779963224,0.4314369978451675,7.116139042016865,0.02251986473798752,0.1464540583254182,0.09757872840855271,A033,stairs_15_down,0.13839567153849064,0.012303829193115234,0.02859986236777613,13.678114783834635,8.315271614765091,0.2606933894753456,0.41687339544296265,21,0.32405324521549245,0.4454527155919991,5.610560816678899,True,303,0,3.38
19.98,0.008303215278545184,3.5,0.36220989681501436,0.3676516397809739,8.982335624733915,0.029764045365154743,0.15347703899524628,0.0906058791698888,A033,stairs_15_down,0.1575711752004164,0.011185765266418457,0.02066164467825232,12.87921155988282,8.695811652073509,0.20031458610047898,0.3192037343978882,22,0.3083064424417873,0.4209609843611108,7.8840424440431685,True,303,0,3.54
19.98,0.007380573079569474,3.5,0.3563498015104131,0.4393369531219192,7.3683164071208935,0.025699593126773834,0.15659717570434128,0.08876579318195582,A033,stairs_15_down,0.16055865147534543,0.01461338996887207,0.08969074284869842,17.373555495208645,9.03290387655685,0.28010337442159655,0.5053982138633728,23,0.3225765542678017,0.43785558977425365,7.01260078520273,True,303,0,3.02
19.98,0.016164577951615803,4.0,0.3137259361323188,0.351274216885899,8.535774745158847,0.034912988729774955,0.20754751761294774,0.11085943205282092,A033,stairs_15_down,0.1478684225821878,0.0050585269927978516,0.017299907723067366,23.089116458979717,13.33267175090058,0.21420297123491763,0.6538167595863342,24,0.30000177102930403,0.39585093290153034,7.118047207723274,True,303,0,2.66
19.98,0.012521271030402053,3.5,0.3546639387365332,0.41319965700805644,7.886222009981814,0.030672706416808068,0.16094998698368193,0.10557016586419195,A033,stairs_15_down,0.19130078037792353,0.0020114779472351074,0.0026821849311081713,22.70519230922098,14.945379208427271,0.08986290669534355,0.5728363990783691,25,0.29579168439548925,0.3411562456286498,11.755663932997175,True,303,0,3.12
19.98,0.012998846940487965,3.5,0.3214366544089852,0.4201736797465419,7.332937316056148,0.02886312335729599,0.18813654448678024,0.10325422442867421,A033,stairs_15_down,0.16331084271803264,0.08002740144729614,0.02908695248182076,23.285605913604257,11.01892908500194,0.367039806197087,0.8067905902862549,26,0.31754532927497825,0.431764697995328,6.041503708899791,True,303,1,2.58
19.98,0.016663000662699583,1.0,0.2428899936146915,0.3112276771999718,8.167898372358168,0.05840124988462776,0.1849100812234923,0.13107598652131855,A033,stairs_15_down,0.14718752493832843,0.0,0.0043289405585545055,14.233971394945316,7.752088541856585,0.11370575522383054,0.2835303544998169,27,0.3045674753699073,0.47786022606904993,7.89466183823157,True,303,0,1.82
19.98,0.01408784464094763,3.5,0.338156339115,0.34702817487853466,8.596521899820225,0.03220267978031188,0.1759968019414589,0.1158957856381312,A033,stairs_15_down,0.20027639712879364,0.006517767906188965,0.010174160466304668,16.562493207933162,7.113515964925738,0.20157005025694769,0.5212754011154175,28,0.31379338028596687,0.32992161496386657,8.53570715762421,True,303,0,2.8000000000000003
19.98,0.0069761782522691895,3.5,0.3779297451762592,0.3750160096681368,8.617237185758363,0.0253519269451499,0.129636420767075,0.09787323324475437,A033,stairs_15_down,0.1590320126895599,0.02027958631515503,0.00842462205516912,12.871058015816033,7.451208377764338,0.14584810020712516,0.27066320180892944,29,0.32538817217005767,0.44820326449775905,8.36731376847485,True,303,0,4.4
19.98,0.01873431342887519,3.5,0.2783613357027584,0.3526284493033276,7.833223295166812,0.04276498381048441,0.18922696831450972,0.11356122029479593,A033,stairs_15_down,0.16273838695995313,0.023083746433258057,0.02538046034628402,10.503353317829934,6.437046962722012,0.12851337439070146,0.3223925828933716,30,0.29278614767094985,0.4230675194948351,7.324109117527301,True,303,0,2.32
19.98,0.02184103837819708,3.0,0.2726710242957355,0.382578917269891,8.47193736571865,0.06568341041449458,0.19912998342802485,0.09902658977778628,A033,stairs_15_down,0.15619508977879815,0.004510283470153809,0.007391532150455722,14.830435369623197,10.267759369237405,0.07676253690384328,0.26596635580062866,31,0.30551729890751966,0.46432352497316,6.669239854921802,True,303,0,2.16
9.6,0.015742315225672335,1.0,0.2644067994270095,0.35346443189450755,5.392032169971936,0.03781993567943573,0.16668061453304578,0.1386556850746274,A038angS,stairs_10_down,0.16500919403876846,0.020869016647338867,0.02850822852158823,12.399344348507908,7.41537211043468,0.17779205612838267,0.39610862731933594,0,0.25010449778587424,0.3515712863377914,5.475344950456966,True,101,0,2.72
19.98,0.03038323085180812,1.0,0.24370614195411855,0.3333767441633488,9.829868366196575,0.0706102779135108,0.2340085472256482,0.14493671273812653,A038angS,stairs_10_down,0.15612164044125199,0.0010144710540771484,0.004150290020385428,14.996215597312508,9.979441629896122,0.07137112954321007,0.17840564250946045,1,0.2577922275423366,0.2989524191804638,5.0029965322035075,True,101,0,2.8000000000000003
19.98,0.018646563956384855,1.5,0.2975984194316965,0.3633426975801763,4.881831567628236,0.03267357081174851,0.12867337746191024,0.0929632713412866,A038angS,stairs_10_down,0.13538372930995923,0.0,0.03793298734051371,16.71929988483079,10.647969876990512,0.24869613381723563,0.3317020833492279,2,0.24213194615700664,0.4096980587628634,8.386290189156554,True,101,1,3.48
19.98,0.017713574999793827,1.0,0.2874844056495371,0.3153041262490065,6.2258397984349685,0.05374475157819689,0.1407761543162463,0.10644824196002446,A038angS,stairs_10_down,0.14850996920769233,0.007636040449142456,0.011960497258347408,15.098870838556518,11.193746138483938,0.13826380036693686,0.25214627385139465,3,0.28725543797334885,0.44187256088167404,7.782340103316895,True,101,0,2.58
19.98,0.014000173285052828,1.0,0.2949321688145877,0.38982460837237864,4.853038473117618,0.03078071027994156,0.13747819473929407,0.10056079724337906,A038angS,stairs_10_down,0.1360546662845713,0.029060840606689453,0.01693608081644678,15.20406559649031,9.176160307824643,0.16569703264782826,0.178411602973938,4,0.26180174305477244,0.3984586349469936,4.8173212377640695,True,101,0,3.12
19.98,0.012416548321095242,1.0,0.32132468618811133,0.328707669954537,5.8334050092431475,0.045145336687564847,0.10945508077264794,0.08629574825288727,A038angS,stairs_10_down,0.15701460009590185,0.03570246696472168,0.007408940164374594,16.457594883896874,9.926917946501886,0.17848987664096058,0.19024983048439026,5,0.2932677549410631,0.360356234182925,4.158532092596138,True,101,0,4.0200000000000005
19.98,0.010029157028799487,1.0,0.33534328084897225,0.2798987871127076,4.284602802865177,0.0418758800253272,0.08883012814866977,0.09574713283684105,A038angS,stairs_10_down,0.16088001677059238,0.03189477324485779,0.003486193066522521,12.378699206891733,9.178799551295537,0.16811023751584192,0.20876452326774597,6,0.28123815267481267,0.38704777317509387,4.722161514620134,True,101,0,6.2
19.98,0.019183491894164555,1.5,0.31702604875845064,0.3364403796067333,5.504317459946722,0.03702032327651977,0.14554314520782927,0.11129010011442006,A038angS,stairs_10_down,0.15636943734903386,0.0,0.036323392105716654,10.791109318240428,7.656964376557163,0.21591158186395962,0.3978028893470764,7,0.27499887900556474,0.36365628303045994,6.473417222436314,True,101,0,4.86
19.98,0.009002411784484935,1.5,0.32121834261213394,0.32836386101379234,3.917458262376743,0.02971155136823654,0.11850105177078923,0.0896112861437723,A038angS,stairs_10_down,0.1477390137266985,0.014685302972793579,0.010842019470659128,13.56825368948342,7.100932112112848,0.17821567763263982,0.33384039998054504,8,0.27702995809004266,0.34787816461831667,3.494776178894403,True,101,0,3.8200000000000003
19.98,0.004482267273564156,1.0,0.3387504862623419,0.20625020589665735,3.582678391555198,0.040664779394865035,0.06252111523483164,0.0904508845647797,A038angS,stairs_10_down,0.1525178185121261,0.041618674993515015,0.022958546720256285,13.968371989408814,7.934239848951254,0.18432981051504613,0.2504423260688782,9,0.28030775666874364,0.3509853456426832,5.273820611961735,True,101,0,5.6000000000000005
19.98,0.01246895669543185,1.0,0.30987622695810657,0.3915968267252426,4.533321883553274,0.03217240278609097,0.1304564630088634,0.10266832432942465,A038angS,stairs_10_down,0.13854265707061886,0.011783808469772339,0.003245148434764742,14.492074371577454,8.99155325934672,0.21860320581433673,0.23228824138641357,10,0.23010476350146822,0.4265230289400992,8.402256498723002,True,101,0,3.96
19.98,0.020265648930046964,1.5,0.2204901207879903,0.3117301799837403,8.43056239380119,0.06440919224172831,0.14541751722418447,0.14784213114529848,A038angS,stairs_10_down,0.14690424430179083,0.0,0.004981121107657515,14.60890907584864,9.685616578009203,0.09304789800817768,0.2500474452972412,11,0.25148071275675365,0.41993901421099283,7.605437150701843,True,101,1,2.0
19.98,0.010796474669313574,1.5,0.25862212335202783,0.3468323576789987,6.052353105456873,0.040471557471901176,0.15319648322660642,0.13624460156075657,A038angS,stairs_10_down,0.15952784540181486,0.007155507802963257,0.015282275973761908,10.620396140402717,7.152710257575949,0.16744093963565926,0.3797776997089386,12,0.23872868538540312,0.3408321849666397,6.739531503679075,True,101,0,2.52
19.98,0.013179291415494286,1.0,0.2889392792365768,0.3384774594045703,5.448702727628984,0.038412110805511476,0.1092352795783516,0.09916106196120382,A038angS,stairs_10_down,0.1473007074651871,0.015849143266677856,0.02157269407566072,16.162937295330437,9.455164890444829,0.25090852913757167,0.40731802582740784,13,0.26097218469502453,0.33152553449504873,6.869628871628154,True,101,0,2.74
19.98,0.013773045022299297,1.0,0.2630031538487756,0.31298262941186517,5.962242477955299,0.034522750005126,0.1312143631151156,0.12580072858370842,A038angS,stairs_10_down,0.15529748032437285,0.0,0.004982834216448179,12.314061617894668,8.70065910441629,0.08649882219110926,0.11217519640922546,14,0.24671287328164213,0.3210342700651642,6.405982199993471,True,101,0,2.68
19.98,0.019714475233962633,1.0,0.32247663906391927,0.35910526133142745,6.195424353244416,0.04901173684746027,0.15046504334943164,0.09504117687931285,A038angS,stairs_10_down,0.15584255794790336,0.021271556615829468,0.002236651333272676,11.066565690568604,6.684753371465058,0.20983349255286157,0.4298210144042969,15,0.27796959079523137,0.3325086911044277,3.825411181386597,True,101,0,4.66
19.98,0.017174699097015224,1.0,0.32088342965446054,0.33318472515070297,4.966254893555506,0.044964547008275985,0.1278134311570662,0.11177466094493865,A038angS,stairs_10_down,0.15383456209126645,0.01796916127204895,0.014156667000062502,11.292170758677063,8.7592555085191,0.13534213475883006,0.1622118055820465,16,0.26056352865249716,0.40429163993743117,7.1976843079651704,True,101,0,3.86
19.98,0.009602372940589372,1.0,0.30577934839508747,0.312918041395284,3.7415408339613077,0.03649700306355953,0.09852168844472603,0.089290451570414,A038angS,stairs_10_down,0.15113760347672323,0.025853127241134644,0.006136164685734554,15.074400389368142,8.482382619608313,0.14859335795665782,0.16111508011817932,17,0.27741579880688916,0.36398277085425546,4.671744501074552,True,101,0,2.8000000000000003
19.98,0.015449444753733147,1.0,0.24559913637803837,0.3609970692955217,6.1160456917840875,0.0375279497448355,0.14545063117999024,0.09147955415188334,A038angS,stairs_10_down,0.1395624123792597,0.031752943992614746,0.008828897331877516,11.967690127226485,6.907854136434181,0.16184015330548088,0.17389357089996338,18,0.24509060633373772,0.45223493424836414,5.550752288699531,True,101,0,2.2800000000000002
19.98,0.014772741513421658,1.0,0.3209107225304619,0.3319290617624422,5.226622923394233,0.04767397351562977,0.1280182760383202,0.11204572566784918,A038angS,stairs_10_down,0.14358510196527696,0.005968868732452393,0.004201619764923727,18.520221308824244,10.570648492373996,0.2135901541262865,0.24296268820762634,19,0.27572553516071746,0.3759189766646252,5.117077132861568,True,101,0,3.7800000000000002
19.98,0.010793535747442035,1.0,0.32962115173671336,0.334419608250206,4.417998580431005,0.036021708433399906,0.11640099401399902,0.09240840142942033,A038angS,stairs_10_down,0.14213377779180358,0.0,0.00414277257354626,13.849629571501845,8.578618172209042,0.1733902284440895,0.24202167987823486,20,0.2719031157786833,0.39093843939764644,7.5310722502645,True,101,0,4.5200000000000005
19.98,0.012240384021644932,1.0,0.3065385151993145,0.3426078769415236,4.641999559639448,0.03348841831088066,0.1260371182340567,0.09328590783290565,A038angS,stairs_10_down,0.1478311180430938,0.029027849435806274,0.012841026646177195,13.54421394649419,7.166965390012453,0.23971814961483082,0.41009411215782166,21,0.2857576904959857,0.4190607809830484,4.344452965121779,True,101,0,3.08
19.98,0.016243964210210727,1.5,0.2880355671988452,0.4024030661574964,4.481822455213245,0.03524438100866974,0.1433560605290149,0.09927831953391433,A038angS,stairs_10_down,0.14914100931927488,0.001156449317932129,0.006637439566191678,15.43584995612247,8.966273547738771,0.17472691455855965,0.267520546913147,22,0.2614524744219958,0.38934031844770345,5.3975646306592004,True,101,0,3.12
19.98,0.011069778734223922,1.5,0.23849460011178794,0.32820477618650856,7.663180849131723,0.045441598393954334,0.14080925685351864,0.12740190992597492,A038angS,stairs_10_down,0.13573262940116104,0.015856117010116577,0.014421187040912595,14.757383635044198,9.5831391951808,0.10167262445824841,0.24572163820266724,23,0.24797150756586045,0.41493344455699605,7.35021452697038,True,101,0,2.16
19.98,0.023443083802238543,1.0,0.2175845297390127,0.27187943729165387,5.612600604288516,0.0440949489781633,0.1466513366636332,0.11408278981223702,A038angS,stairs_10_down,0.14787365233196936,0.02620762586593628,0.006167485289679995,11.486758712202521,5.955818282609762,0.08405732046812772,0.28615668416023254,24,0.248640386911637,0.43924690148332557,4.473961016653718,True,101,0,2.0
19.98,0.018495451455675153,1.0,0.3035625525814964,0.41206276384941104,5.567129128660092,0.028956276774406434,0.1498052741375808,0.10263027153909206,A038angS,stairs_10_down,0.1476241839442024,0.00928962230682373,0.0010834441603540504,10.716635937497605,5.990223850596923,0.1750005683970327,0.28462111949920654,25,0.2675770737398117,0.4041827620313578,4.0550260188671015,True,101,0,3.88
19.98,0.013337521737729133,1.0,0.2945187759335665,0.3996988160067503,5.266691063525497,0.027988756522536278,0.13955559047758875,0.08570035852491856,A038angS,stairs_10_down,0.14534103695084066,0.02804553508758545,0.011077748839770266,10.407092254525896,7.213970632573986,0.20934623750547568,0.15288516879081726,26,0.2657598694569287,0.43888444161957724,5.1120778530839885,True,101,0,3.06
19.98,0.012568748428540276,1.0,0.23667721380683826,0.3606895644865666,6.885671569167797,0.045240200348198416,0.15790307798471076,0.14998806604184212,A038angS,stairs_10_down,0.1568242190355923,0.0037716329097747803,0.0029445225834929343,8.99614889740696,6.977125018762819,0.08128415681111316,0.16316398978233337,27,0.20654236963088501,0.3763711579811757,6.946437770438056,True,101,0,2.82
19.98,0.020584524887343057,1.0,0.23612582164970952,0.3628369650707117,7.963310348224479,0.05174588892608881,0.17721238843398918,0.11506033747456967,A038angS,stairs_10_down,0.14134563864233662,0.04114213585853577,0.0036350280089202324,12.819321030849604,9.83265288702569,0.13417358290481693,0.26899948716163635,28,0.22009333749505924,0.4962345925343964,9.455986062431146,True,101,0,2.2
19.98,0.019095204924113332,1.0,0.2350294904275374,0.34751527932954845,6.667664191201312,0.05946194514632225,0.15726116849496588,0.15790943963918835,A038angS,stairs_10_down,0.1550111713256428,0.03985103964805603,0.06854706488444905,13.629315984375578,7.893204430915354,0.25593577245871224,0.2995215356349945,29,0.24014665057952392,0.37780463684865423,5.817769344407394,True,101,0,2.36
19.98,0.01739438146775579,1.0,0.32405783503132063,0.31391108242876686,5.735499262990665,0.03951378028839827,0.13160542323674893,0.11249266140628605,A038angS,stairs_10_down,0.16851565146191239,0.021402835845947266,0.015614883095444362,14.627352912890437,10.792529468651624,0.16892754168560106,0.2414613962173462,30,0.29576907639197486,0.34056376589287224,5.785047727661541,True,101,0,4.26
19.98,0.014415385831149971,1.0,0.27038638707788226,0.3905524045500848,6.379646517395661,0.042666016817092894,0.13896240787506942,0.10259423166513443,A038angS,stairs_10_down,0.14719153566156484,0.01042187213897705,0.018339336040107512,13.357656439856742,8.473281508445092,0.15910489798833927,0.19769668579101562,31,0.24994715230350187,0.43448806661466977,6.417549095718069,True,101,0,2.44
19.98,0.014497350431855186,1.0,0.18581696157468194,0.26120043616127164,8.648340157726912,0.05243312288541347,0.14537062663449066,0.11229540495201945,A038angS,stairs_10_down,0.11610003365552357,0.010591238737106323,0.006649115175825425,16.62095227896423,10.271689499528796,0.04881587270026406,0.2048298716545105,0,0.2106343414630482,0.4307227874099751,7.500339293778113,True,202,0,1.94
19.98,0.017192128393464418,1.0,0.2054625815694983,0.2553540512420976,8.176180701076303,0.04350722373797908,0.151483161426154,0.10475064960046439,A038angS,stairs_10_down,0.1426241018555381,0.0143965482711792,0.0019134244252142316,12.428273347005108,9.445932619643708,0.05662292890405903,0.20358040928840637,1,0.21345329087685772,0.3975609484970705,8.752331656783252,True,202,0,1.96
19.98,0.007003010633582014,1.0,0.334654628470301,0.2886475977331081,4.500002524727641,0.03647942257463001,0.0840304338823248,0.09805639662547037,A038angS,stairs_10_down,0.14199709334475474,0.0003801882266998291,0.025207758853511224,14.654631877925393,9.724280790669619,0.16835388120419034,0.2244703471660614,2,0.2756718537195481,0.34820072643511607,7.001275987986327,True,202,0,4.6000000000000005
19.98,0.007768747239541449,1.0,0.29302161210520383,0.2944302365956657,4.213337284713998,0.040334254130721094,0.09880622734151912,0.08954502522945404,A038angS,stairs_10_down,0.14806132632143354,0.01555854082107544,0.002147408340757675,13.4164803300061,7.268036213397424,0.14294402182102203,0.1925051212310791,3,0.2743927351612458,0.318774309315741,3.2358300017889445,True,202,0,2.74
19.98,0.011711701301213647,1.0,0.3267566715348213,0.3609247600080839,7.356916725990717,0.04023121163249016,0.11907995328912725,0.10629195478744805,A038angS,stairs_10_down,0.15172771671239071,0.013246774673461914,0.0025632154826423334,17.49422164184363,10.419464137066262,0.17115082221105696,0.2511933445930481,4,0.2805513316616018,0.34448031122821243,4.503606561731036,True,202,0,4.14
19.98,0.016176563213931232,1.0,0.2418176273451769,0.3122765474857276,6.710313665543063,0.04637126710265875,0.15482728737317722,0.12931937110843136,A038angS,stairs_10_down,0.15058299580359846,0.0,0.002871327266237186,12.120324728381497,7.8631818579469765,0.14163850787406165,0.3322809934616089,5,0.24533752677912382,0.387567387348155,7.670938541374336,True,202,0,2.24
19.98,0.01452602228103992,1.5,0.2565885110063986,0.35862119018788663,5.98460394109381,0.03998864632099867,0.1414711952868252,0.11166564901126548,A038angS,stairs_10_down,0.15508596192706714,0.033638983964920044,0.03436154144319009,12.869785482375583,6.9519966148235826,0.20525381495555242,0.4464395344257355,6,0.24901526845075228,0.3492199405640017,4.975546177460023,True,202,0,2.5
19.98,0.017639529522059563,1.0,0.23826106614448167,0.30214822165400684,8.315350423016207,0.05239506726735271,0.14861491766552024,0.11919509656261652,A038angS,stairs_10_down,0.15416934161900198,0.001193404197692871,0.00641118895626462,13.96565534469869,9.905013998916216,0.11936377334408461,0.21652653813362122,7,0.2474022701589819,0.38720898581951096,7.961854318150071,True,202,0,1.98
19.98,0.018157019489225126,1.0,0.2816986316378742,0.40411064200830843,5.488260957378597,0.02829981341958046,0.1581976778485935,0.09882379765156657,A038angS,stairs_10_down,0.14245822165101607,0.01323634386062622,0.0033594005659230946,11.801546602246137,7.373682660283971,0.17064933370022725,0.22607743740081787,8,0.2703755352267607,0.3939747264904442,3.6980152761206084,True,202,0,2.82
19.98,0.01749297188903169,1.0,0.2914821689699422,0.30804533257171174,3.6221299665674254,0.035740941762924194,0.1456138647292493,0.08636564204003662,A038angS,stairs_10_down,0.16298787048793728,0.0005176663398742676,0.015409426365378846,12.684763934502518,7.840112656232978,0.1448702081789573,0.22291317582130432,9,0.28317265184805357,0.29690529793680587,3.2300125840932132,True,202,0,2.7800000000000002
19.98,0.009145141183233663,1.5,0.32947002983188883,0.27927149218028985,4.801779521102474,0.04131684076040983,0.08720308665345755,0.1014262224873528,A038angS,stairs_10_down,0.14686079506568095,0.05076557397842407,0.0382424581482772,21.504299969589976,9.23723388288982,0.22714467303206523,0.27729570865631104,10,0.2634193156046026,0.41336976330258607,5.778520332266253,True,202,0,4.46
19.98,0.01847639757414163,1.0,0.3060324260640272,0.3869003717059891,5.11976811529472,0.038557161763310435,0.1477196058220361,0.08531171763781459,A038angS,stairs_10_down,0.13745340433987707,0.043018192052841187,0.07589505126505128,22.664875132755718,9.72326390856594,0.2572263179967801,0.3799527883529663,11,0.2364216363685016,0.384667197110891,7.271691487368456,True,202,0,3.96
19.98,0.019634872113591356,1.0,0.2749275019844585,0.3704997550059741,5.451796625992789,0.04027620896697044,0.16349436839005319,0.10896086051128805,A038angS,stairs_10_down,0.1707808912437867,0.08534148335456848,0.034110061954347605,11.658458660271407,8.16902553636929,0.2354749352236589,0.36365315318107605,12,0.23102923096819997,0.3769643285470493,6.384210429513095,True,202,1,2.98
19.98,0.014480755453394605,1.0,0.324810604811671,0.3620727365251606,4.899496668095146,0.0387084823846817,0.11679053072189943,0.10393378121778368,A038angS,stairs_10_down,0.1439145299840101,0.005154669284820557,0.004722627725146363,23.302238873982848,10.223163200879815,0.21681259326636793,0.3598041832447052,13,0.2867714776202319,0.3633530487029931,5.592296395703119,True,202,0,3.98
19.98,0.0184589254169739,1.0,0.2953846996751699,0.38103426628361503,4.649610418206634,0.03896516524255276,0.13234193436335023,0.08775778227020055,A038angS,stairs_10_down,0.14294688507197373,0.024605602025985718,0.0024144168192041958,9.999693012388356,6.831056549340405,0.17358197902329267,0.20375922322273254,14,0.25013772790444727,0.40654307501888676,6.751937319192263,True,202,0,3.18
19.98,0.016464288362745935,1.0,0.29845820849432664,0.37751614545002304,5.3648276157301895,0.034597303941845896,0.14554236416570582,0.09991149131208658,A038angS,stairs_10_down,0.1416157589239233,0.0,0.003662230214270577,12.727818785597528,8.68742145643989,0.15765531131687263,0.2804383635520935,15,0.23923857389286876,0.34580304003775164,7.438701309890738,True,202,0,3.92
19.98,0.005574881969426298,1.0,0.3289435788176277,0.22799375133447175,3.667387165974431,0.04516089328331873,0.07334888658835217,0.09360200432245619,A038angS,stairs_10_down,0.15531703367590266,0.0024127066135406494,0.004924481049624627,14.055131325459765,8.438267528158132,0.18544805731469144,0.3001168370246887,16,0.294846617193783,0.3400999870549545,5.071709196662128,True,202,0,3.7600000000000002
19.98,0.015121780063540953,1.0,0.26730111838343307,0.3860750814050475,6.116414430034967,0.03883679687976837,0.1547934980876708,0.09491378176724538,A038angS,stairs_10_down,0.14378811108237277,0.0,0.006552412449181884,11.073875673725329,8.046285508778732,0.1503671236569062,0.17947033047676086,17,0.24647653199772146,0.41660911436008746,8.103696941276665,True,202,-1,2.5
19.98,0.007634626880321769,2.0,0.30935139344975277,0.329312753885201,4.247111919196018,0.040022909343242645,0.11952975658007949,0.1021813303232193,A038angS,stairs_10_down,0.1491376365569823,0.06322285532951355,0.0013560110970255621,16.810866867118264,9.60761779154174,0.1608267882101548,0.2654127776622772,18,0.19804063548378767,0.09993872103189302,13.206891530439181,True,202,0,4.26
19.98,0.006052200025985832,1.0,0.3099426736535235,0.2524193511135583,3.8327010935095673,0.039122806139057505,0.08596596829346727,0.08894098009899608,A038angS,stairs_10_down,0.15765169246948973,0.026163816452026367,0.015988410324396005,14.325794240481443,8.27932817614733,0.16089566755108536,0.20162388682365417,19,0.2754444128561785,0.30852986844959696,4.925482526638223,True,202,0,3.2
19.98,0.01147499148576979,1.0,0.31228438358574623,0.3882156901979734,4.534823877746178,0.027539218813180923,0.12159275310358343,0.08324832876212895,A038angS,stairs_10_down,0.13196757132994297,0.025996863842010498,0.015566460888236554,11.249098428218716,8.466695912423708,0.1791911509881417,0.2560347318649292,20,0.21651910535791977,0.4140520960266666,7.566520204378212,True,202,0,4.08
19.98,0.014899308493421084,1.0,0.3187980786204976,0.3444878634408942,4.472714738261342,0.04002122797071934,0.12835657611020207,0.09426530360942706,A038angS,stairs_10_down,0.16381955608964605,0.0335976779460907,0.012599690021251685,14.216140674248214,9.35474748548224,0.16052993086477121,0.23135244846343994,21,0.2749474226408464,0.45072033807710093,6.160193516811779,True,202,0,3.92
19.98,0.019557545924269736,1.0,0.21721001936630768,0.26950516572809907,7.371610160618948,0.04216487715020776,0.15718808262366352,0.11955292632803322,A038angS,stairs_10_down,0.1418337406002902,0.02499672770500183,0.00019643752800037285,12.65369954352899,8.274269996586916,0.07375910144493295,0.20650774240493774,22,0.24983837427939964,0.3952564428346821,4.417191705509874,True,202,0,1.96
19.98,0.013078457018351412,1.0,0.29039532598167817,0.399885083805726,4.423026076604173,0.03704828361049294,0.12956599281424325,0.10125989406835288,A038angS,stairs_10_down,0.16064614615338368,0.010225504636764526,0.009842031844411903,10.94515600332012,6.897657980422016,0.21944143548607825,0.27436986565589905,23,0.27250051367091627,0.3610766206646464,3.4647998908357516,True,202,0,3.02
19.98,0.020532188138948824,1.0,0.2587454185192598,0.3216557976368037,5.944137128823789,0.0499427155777812,0.14714826149413082,0.1285313233640045,A038angS,stairs_10_down,0.1597077148483399,0.033047497272491455,0.03487377119938858,12.863881148585804,7.551124412445336,0.20038212376336256,0.46333596110343933,24,0.27377489571265357,0.35920459610402494,2.871144609496746,True,202,0,2.4
19.98,0.01253589252527196,1.0,0.2341216394034299,0.37813795542520956,7.152262337763594,0.044827938713133335,0.15066536461956842,0.145590711326804,A038angS,stairs_10_down,0.14717332739881017,0.013805419206619263,0.009306877676592815,10.909178438802831,7.145028043887405,0.07719018780936797,0.21812468767166138,25,0.1990370477775839,0.31212364308191776,8.894344808661046,True,202,0,2.8000000000000003
19.98,0.006278829640828293,1.0,0.3262264641545673,0.23427947939910201,3.8557606724330555,0.037868281602859495,0.0678384877689346,0.0853205381706357,A038angS,stairs_10_down,0.14618241197285164,0.0026160776615142822,0.0016225125769288847,14.17922836512529,8.682317488509568,0.19471369207836686,0.21805986762046814,26,0.3022504209005896,0.27854167907958877,1.8903557433527858,True,202,0,3.8200000000000003
19.98,0.017840765630216502,1.0,0.30341874615393855,0.38336111922531574,5.069235367645162,0.03074325554072857,0.14793629851936002,0.08544007491320371,A038angS,stairs_10_down,0.13708095196734138,0.043459922075271606,0.014723735930240563,16.51856499663767,8.689353583079612,0.23465015530586242,0.24524331092834473,27,0.2634513546885016,0.4836196336676282,4.52186531391236,True,202,0,4.14
19.98,0.017276589414339846,1.0,0.31593666686093735,0.3526333333703121,6.30756162079261,0.04428338408470154,0.12084232312916952,0.10289369580801576,A038angS,stairs_10_down,0.14941634421042582,1.9222497940063477e-05,0.006127626416634881,21.50677797569095,11.762271145390667,0.14936532186344265,0.1530781388282776,28,0.27936089821677795,0.35145027309594623,6.146938993630751,True,202,0,3.96
19.98,0.0181854460706471,1.0,0.2638549150279499,0.35394051740859067,6.538245991322604,0.03989829865458887,0.14750392957502925,0.12000990988686681,A038angS,stairs_10_down,0.14118677298015447,0.011499851942062378,0.014029483708581892,15.937611648680223,10.029347965696594,0.13551667624618857,0.24369359016418457,29,0.22665546335001044,0.399580995897564,8.376444741684324,True,202,0,2.48
19.98,0.013747447327608782,1.0,0.2924898675307233,0.40745726682200284,4.619935071702411,0.03543621152639389,0.12770420604861293,0.10179392843972891,A038angS,stairs_10_down,0.13928958152067217,0.02440011501312256,0.004240557449558583,11.78746199205738,7.2912067042260755,0.1820431992225349,0.21507367491722107,30,0.2822082173505569,0.45417237836108043,3.0815593214808827,True,202,0,2.9
19.98,0.018684509300997378,1.0,0.2717224308163087,0.43508948767074046,5.702492025158623,0.03802944213151932,0.15631746376511557,0.08984827733598649,A038angS,stairs_10_down,0.16534574592814721,0.027264803647994995,0.007806360487766459,13.219675169749998,8.539949996371313,0.12646401423340042,0.2448640763759613,31,0.2664477255446388,0.46361238459546406,3.5575217824655216,True,202,0,2.88
19.98,0.007062012377347279,1.5,0.33285143612859086,0.19460575399357227,3.548011214956418,0.0370717535354197,0.08587713141117582,0.09253094925545156,A038angS,stairs_10_down,0.15242675090218605,0.0,0.02189599358956673,11.653641194692948,7.017433736688216,0.17644571874911585,0.3398917615413666,0,0.27750214031035886,0.32242188561354806,6.551737199789832,True,303,0,4.82
19.98,0.0161537686347164,1.0,0.2920823373434378,0.3758959801526799,5.286386903605502,0.03289485722780228,0.13870376986373809,0.10886652506422251,A038angS,stairs_10_down,0.16248745985209623,0.03867802023887634,0.034182242050743,12.389686574166952,6.285613294926675,0.22941662430763243,0.3967955708503723,1,0.266426033521081,0.43294858674349385,4.745855802818173,True,303,1,2.94
19.98,0.014481414837259298,1.0,0.296190404836188,0.3391336268258239,4.876666240105419,0.042262048870325086,0.13540233702748522,0.08726489594206215,A038angS,stairs_10_down,0.15213795651726547,0.0,0.00019412762505892974,12.129381020031582,8.028337279586985,0.1572048349674636,0.2701662480831146,2,0.2635705092310268,0.3496482387873485,6.349449513511761,True,303,1,2.84
19.98,0.00708429437362745,1.0,0.3262632347077609,0.2982910197862305,4.4704456809409425,0.03786896623671055,0.10051941662350014,0.09218228299170733,A038angS,stairs_10_down,0.15937596208908977,0.01694294810295105,0.02863592084448109,11.740107662116081,5.534796103836583,0.19181600208083788,0.4171527922153473,3,0.278314258778159,0.2342341858096939,1.1771888532119963,True,303,0,4.96
19.98,0.008783893599127157,1.0,0.29085341540887394,0.2538438354541853,3.7852172238194606,0.04536592104239389,0.104964921143242,0.10255775691592134,A038angS,stairs_10_down,0.16214715924492495,0.0,0.005391653052777981,12.537324319369256,7.4880523309285625,0.14893112229183317,0.38328617811203003,4,0.26459964668687014,0.2970419963630107,4.281407705491236,True,303,0,2.88
19.98,0.020593327707701573,1.0,0.28081844615107554,0.34057876655741526,5.878505919262544,0.040563307143747805,0.15424917586283465,0.10409202196635306,A038angS,stairs_10_down,0.1681029183023116,0.0010771453380584717,0.03678293363932061,11.254716656219488,6.80985929836078,0.20162681085367998,0.49508512020111084,5,0.2830067337196779,0.30760315551339124,3.057534008780645,True,303,0,2.66
19.98,0.009051335447906738,1.5,0.3041754228370712,0.3220171484132171,5.296647184394292,0.040897520016878845,0.10888064508164345,0.08979348530527204,A038angS,stairs_10_down,0.1577411523477279,0.03293877840042114,0.013653050818655886,18.84622414140048,10.783851985213962,0.19002051727225383,0.3331035375595093,6,0.25356972223934643,0.39905587631363415,6.247438630451095,True,303,0,3.3000000000000003
19.98,0.016393257162120627,1.0,0.3179874213796886,0.35309211211657293,5.841457980039191,0.03914450667798519,0.13876240128064996,0.09735351215116679,A038angS,stairs_10_down,0.149817575267292,0.04555991291999817,0.004835897170745001,13.406158779430294,8.78457290479475,0.17826403070862096,0.21401122212409973,7,0.2750953807932808,0.38652141534704204,5.40561273572412,True,303,0,4.3
19.98,0.021430110559367336,1.0,0.20933692459754127,0.2846924408642224,9.17099360667226,0.06407877292018384,0.19036337944967585,0.13968384992331268,A038angS,stairs_10_down,0.15701378714592062,0.04591476917266846,0.010877030695240226,25.01218715586797,11.676571702201217,0.09687388254329563,0.45164600014686584,8,0.20989427715699305,0.3074519321007171,8.006385389380263,True,303,0,2.06
19.98,0.0210254581314381,1.0,0.2964333250768044,0.3451519973226194,5.158684937884572,0.047235729843378066,0.15694959092344812,0.11684978328179568,A038angS,stairs_10_down,0.16107902297361654,0.03311920166015625,0.0177617817610801,11.108528790850961,6.126210541209538,0.21269565689067046,0.38344934582710266,9,0.2878352254852254,0.39487814354492096,3.409540556871009,True,303,0,3.2
19.98,0.015542330957164183,1.0,0.25536513753275186,0.31802558193347785,6.343318966314204,0.036278463022317735,0.14287529464306492,0.12415977569296956,A038angS,stairs_10_down,0.14867000767891425,0.008587837219238281,0.01204141528076492,15.100142504631494,11.259185155862264,0.08919622489872078,0.256839394569397,10,0.24901309741372088,0.3936857876779481,5.724572052726835,True,303,0,2.48
19.98,0.013678484603440205,1.5,0.266791341022693,0.35633671708266845,6.8614597961718005,0.0360560622275807,0.14445344785240416,0.09843630695249886,A038angS,stairs_10_down,0.1556838526126535,0.024979591369628906,0.001066986639778805,12.514775734139368,9.086624214568984,0.14175907239007454,0.25771409273147583,11,0.24833287322584957,0.42321374183641736,6.720835582767256,True,303,0,2.6
19.98,0.009501257674203227,1.0,0.32182833814684725,0.2695703245849838,4.401491847018113,0.045321466140449046,0.0975970476348134,0.08502709035063162,A038angS,stairs_10_down,0.14892150421831063,0.0,0.0036238789336626035,12.254061104480163,6.841015058173499,0.23200154666788875,0.4993826150894165,12,0.2783855658418992,0.3183834708968369,3.8626063939492794,True,303,0,4.28
19.98,0.016225342629334186,1.0,0.3048236431253148,0.34559561691697605,4.305058719950439,0.0345510371029377,0.13333178630773912,0.09487108445260674,A038angS,stairs_10_down,0.1504767994510936,0.02948462963104248,0.0052890713941902,12.409185431194855,8.018542926705372,0.17235223698119323,0.22221729159355164,13,0.26442217575675026,0.4331015468046315,5.2953945176632375,True,303,0,3.1
19.98,0.026318406271916298,1.0,0.2755614787913899,0.4058328691700323,5.879212972687878,0.04564075612463057,0.1746638494282249,0.0886213619215414,A038angS,stairs_10_down,0.13269055718406642,0.021503299474716187,0.017218391403504663,13.393736074474567,7.631169413337022,0.246789464186877,0.2738378942012787,14,0.2537568086991336,0.3670314142056775,4.762620441231616,True,303,0,3.7
19.98,0.018144886242431924,1.0,0.264332687309719,0.33744635816178,7.68564026541954,0.04571600422263145,0.14675482713976407,0.11724905543960631,A038angS,stairs_10_down,0.14771382821434964,0.01611146330833435,0.003223492339792934,14.550368575101597,8.846525022075575,0.1325215063430369,0.2477891743183136,15,0.2665806462547996,0.2984610446328292,5.736293431257755,True,303,0,2.48
19.98,0.01700869494351733,1.0,0.2667870776729788,0.33665422683640317,5.064893437833984,0.03507797563448548,0.14961529652234087,0.10462266379501671,A038angS,stairs_10_down,0.14547717746566324,0.030296802520751953,0.003182489306116536,12.507224367234008,8.673690901574439,0.12174952575316032,0.202922523021698,16,0.27660776050970515,0.4021961431374357,2.7867069855822377,True,303,0,2.42
19.98,0.013780780117537679,1.0,0.3208916980888754,0.37091534049147884,5.285791805126993,0.04059855883009732,0.1266976154116141,0.08448443154571578,A038angS,stairs_10_down,0.14523417968801,0.03557229042053223,0.01009930805169393,14.690994091210937,8.395221607859083,0.17793497717706486,0.20003095269203186,17,0.27829765606691487,0.3965727113748311,4.233233705982618,True,303,0,4.16
19.98,0.012488186620691588,1.0,0.20295584551472076,0.2348850149391453,9.047246051458437,0.03906892027007416,0.12377048722869577,0.11186745527898893,A038angS,stairs_10_down,0.13893034767339574,0.0,0.004229323021693643,17.11673836193231,11.888301724819632,0.02946827250532806,0.14516934752464294,18,0.22159217201452205,0.3504858330068974,7.722469945767768,True,303,0,2.04
19.98,0.023008325697060152,1.0,0.29001093168628406,0.39063089225874603,3.8419180332478287,0.033026287630200386,0.1799588966708726,0.09278341747703962,A038angS,stairs_10_down,0.15324136853855563,1.728534698486328e-05,0.008088670168798667,13.771961899067705,7.306715347409417,0.19741056469579538,0.2520538866519928,19,0.26173318359941083,0.34518167162558955,4.417250755973039,True,303,0,3.0
19.98,0.01620725266291226,1.0,0.18292437431646544,0.26184788870346504,9.29334453948183,0.07029425976797939,0.13155842672378468,0.12074222990311682,A038angS,stairs_10_down,0.1345673396306879,0.00699305534362793,0.00607613188600664,14.594536058726089,9.264330657724821,0.038925819809859,0.1792699098587036,20,0.1988690404840969,0.4099561389535556,8.63306867369448,True,303,0,1.94
19.98,0.010638795923167767,1.5,0.32220695286351725,0.32758159739442205,5.8671912518060125,0.04371664941310883,0.10165752664970988,0.09530045910738409,A038angS,stairs_10_down,0.16010795127261768,0.0025047361850738525,0.06015433968446857,12.679895124043792,7.908282542400441,0.25518396402398746,0.40528029203414917,21,0.2899550739839115,0.3648917362024079,4.52433561293093,True,303,0,4.3
19.98,0.005096462278742739,1.0,0.3312213510147391,0.21101516065324843,3.1252958437650675,0.03705717343837023,0.07073281927736856,0.08674240756314248,A038angS,stairs_10_down,0.11892617035677089,0.00442466139793396,0.0067579891875449985,19.258889936143465,12.117756602929449,0.09069176110516612,0.2425365149974823,22,0.27997796260099356,0.36864451850304136,5.997627007718629,True,303,0,4.32
19.98,0.009595076014074947,1.0,0.31572963946962107,0.34538776156645773,4.44453458188971,0.038758202940225604,0.11097970654152044,0.09340762169333175,A038angS,stairs_10_down,0.1494134199173055,0.0,0.009915551723063465,14.572387248001087,8.802453252325959,0.21325937488426766,0.3199562430381775,23,0.27398123558192333,0.35728683641168507,6.072374409037328,True,303,0,3.8000000000000003
19.98,0.013843936908356523,1.5,0.2649721291278773,0.2985851661663769,4.704761971364043,0.03831366539001465,0.13511636691627807,0.10310564476065337,A038angS,stairs_10_down,0.1190721250791601,0.009645402431488037,0.04281117353807219,19.529626130345864,11.316310758372488,0.16609949896732967,0.3984615206718445,24,0.24794442988971974,0.35450095212844024,6.200865306023889,True,303,-1,2.72
19.98,0.013081357989130628,1.0,0.3167118536900071,0.35199397620644035,5.137733654336404,0.03401521472260356,0.12060359187212795,0.11069316453300417,A038angS,stairs_10_down,0.14631289052453267,0.0,0.015459312581621254,12.058034613550863,8.056150815923884,0.1439932220770667,0.17248764634132385,25,0.26769408672251166,0.3244878814085783,4.840829125732215,True,303,0,3.8000000000000003
19.98,0.01802351187078761,1.0,0.2697279124926118,0.37496213475058565,6.4894311112772645,0.045491165220737456,0.14622280705121832,0.11462506452109665,A038angS,stairs_10_down,0.15740841372127834,0.02119019627571106,0.04748312725072864,14.666546604381685,10.005408684239434,0.2483340871334076,0.33022239804267883,26,0.23946622214852809,0.41919405798443743,8.241026764050396,True,303,0,2.7600000000000002
19.98,0.023024473966661328,1.5,0.23366462540339658,0.3161344488945657,8.090528591729885,0.05170954847708344,0.17770914828991852,0.12479924489278346,A038angS,stairs_10_down,0.1451645831373286,0.03948456048965454,0.002892825499565599,15.010199282843988,9.465827744974236,0.10878131504481038,0.2707958221435547,27,0.20756261136442586,0.2633611704846324,10.35224753327448,True,303,0,2.48
19.98,0.007593699223486749,1.5,0.3199569861041033,0.2377717178920621,3.1007874259161405,0.04662880083546042,0.08392042106492077,0.09255839205812663,A038angS,stairs_10_down,0.15180792894592898,0.001429438591003418,0.007810559426813159,16.013550169381464,9.5719932760859,0.129718125727959,0.2664133906364441,28,0.27486654045747566,0.3787305357130461,4.099921962610966,True,303,0,3.3200000000000003
19.98,0.006995569402134108,1.5,0.33600780434308847,0.2908251636351663,4.991410479114662,0.04784136101603508,0.09188203010220625,0.1180604199692607,A038angS,stairs_10_down,0.16248654825164677,0.0018194019794464111,0.01684447947307654,12.34369858919929,7.177960565368334,0.21829485694256923,0.5109839141368866,29,0.28876955789040754,0.3096756327723586,3.6121756447305455,True,303,0,5.0
19.98,0.02717748575405669,1.0,0.2493944082030638,0.32966411279091035,5.739990782621781,0.05307294066995382,0.15695786223553884,0.1367155601270497,A038angS,stairs_10_down,0.1609264443264925,0.007191002368927002,0.010183516425347735,11.694282964543637,6.967140400585788,0.16879620037972928,0.36665573716163635,30,0.2682564555259949,0.34814859742383303,2.9597812948181046,True,303,-1,2.52
19.98,0.020635430054527285,1.0,0.25710980413113044,0.40420633758031743,6.307995925727178,0.04393628234043717,0.16000685439375326,0.10837417311035097,A038angS,stairs_10_down,0.1365464261190139,0.021062612533569336,0.003984348466722075,16.44764703643598,9.4714708726067,0.18177872392504166,0.2278834581375122,31,0.2688924089090072,0.3671450271603964,3.5891509089941054,True,303,-1,2.5
19.98,0.02462168969671393,1.0,0.29944915438080855,0.4456209177261514,6.496052356229885,0.050911822766065595,0.21175439357410472,0.10812436606967822,A041angR,stairs_10_down,0.1748617396635168,0.015702426433563232,0.07967026144848663,16.4195806638803,5.960144913250931,0.29288528993725776,0.4981011152267456,0,0.3323624325754808,0.49204650962809493,4.608663637881422,True,101,-1,2.16
6.98,0.04058456150291411,1.0,0.3008146275611804,0.4373200752215935,10.986204132886405,0.05736445762217045,0.275132763391602,0.18159739727154375,A041angR,stairs_10_down,0.20721190323166672,0.1000479906797409,0.12107597109901908,25.35924749914651,14.040873846468148,0.36561041275660194,0.593220442533493,1,0.3159346008237033,0.49716021635737256,8.738945160260826,True,101,1,1.92
19.98,0.0071436666557439694,4.0,0.3480196026860074,0.5135824708797226,6.364344045555174,0.028289986699819566,0.14618717689396415,0.07688809338957071,A041angR,stairs_10_down,0.15772734128217647,0.06280356645584106,0.03460654350479216,18.64524106688912,8.769616819347016,0.3450845064719518,0.5839541554450989,2,0.3402208379755683,0.5120395049899565,6.308424329174009,True,101,1,2.54
19.98,0.047675667318737416,1.0,0.2815437799628405,0.3873077343655263,9.60637868403898,0.056392322099709416,0.27277050674628783,0.12460269648581743,A041angR,stairs_10_down,0.17495671249328448,0.053098127245903015,0.03769674977409934,17.883980281535134,9.976763734746612,0.2619630522467196,0.7008098065853119,3,0.33709671781662315,0.49005613366877604,6.241008612827176,True,101,0,1.78
19.98,0.022523884505749197,1.0,0.32705066262560095,0.4904633028220405,7.502104113000778,0.03245637387037277,0.21684225267669105,0.10951417522970587,A041angR,stairs_10_down,0.14576877135643984,0.04477652907371521,0.03391657168149006,14.956252313756819,7.826170478461867,0.05345980343719323,0.3003649413585663,4,0.341476950823942,0.5152952513123211,6.88682767035014,True,101,0,2.38
19.98,0.011391914214766803,1.5,0.35668374981631573,0.4997155626048754,7.664891099594049,0.036902810335159304,0.1832681648051307,0.1134780800063163,A041angR,stairs_10_down,0.1645414845191221,0.01635017991065979,0.008471201880827216,19.86653244675319,10.633921462086965,0.2504745473091801,0.4337430000305176,5,0.3552743689197907,0.5342963762366707,7.964049676138441,True,101,3,2.56
19.98,0.013969535971109136,1.0,0.3757217293850241,0.4689190594091561,8.111031755952698,0.0333020706102252,0.1526441289585197,0.10569647730793803,A041angR,stairs_10_down,0.20164379796242327,0.0155276358127594,0.0763101543692315,18.10505299655868,10.727132652205112,0.3395201857139667,0.43323561549186707,6,0.35537360568735044,0.5203721745466781,8.471673062714244,True,101,0,3.58
19.98,0.006335732645725147,4.5,0.3781942493743438,0.4769543320039673,6.831310401230633,0.03520541340112686,0.13762805767098857,0.0804886381002143,A041angR,stairs_10_down,0.15177846162076936,0.007950544357299805,0.015501765157443441,18.661673576854106,7.496584027514208,0.18844207428395748,0.2888999879360199,7,0.3523115151642478,0.4733802691115035,5.810544807573076,True,101,0,3.4
19.98,0.00811651810416324,1.0,0.3559464275008217,0.4946912565471668,6.392514418861781,0.031240693805739284,0.14962207451756993,0.09043984082061797,A041angR,stairs_10_down,0.1634314962249389,0.024204999208450317,0.012184372048080911,16.8425311674352,9.21555580335734,0.17894623334209125,0.34114494919776917,8,0.34752796672882247,0.508879248067871,7.0866569967107385,True,101,0,2.6
19.98,0.006057846132488985,4.0,0.37030036466803784,0.4945915858266466,7.131422049907972,0.02880929082632065,0.13369280489475974,0.08340962894726545,A041angR,stairs_10_down,0.17663457718762487,0.03213071823120117,0.03620484243388529,17.97703857291761,8.446245935958773,0.3232377008845409,0.603591650724411,9,0.3553031286326322,0.5131495901922909,5.718874807543623,True,101,0,2.86
19.98,0.006699626151821669,3.5,0.35896013440295343,0.498494723308758,6.9503582991267505,0.019004458412528038,0.1377170009693182,0.07937199706910178,A041angR,stairs_10_down,0.1486911445377982,0.0081692636013031,0.021025814476366176,17.843801628775232,8.542748272382497,0.23880351696784297,0.40944740176200867,10,0.33930431604385375,0.48918278161981904,5.315085321493538,True,101,0,3.12
19.98,0.021212088756001404,1.0,0.2403274747936483,0.2643025499588022,9.728542565949455,0.035553905642591414,0.17353773938127143,0.07587839640676976,A041angR,stairs_10_down,0.1489471928639845,0.0,0.006193635180164149,17.645321374001387,10.48903170527949,0.044764850167557595,0.2800963819026947,11,0.3240703719503739,0.5031215225540248,5.489919354922428,True,101,0,1.74
19.98,0.022090662598154984,1.0,0.2794566268732841,0.3912018193962926,6.992143058249315,0.05292106896871701,0.1811736393258549,0.12589513295795768,A041angR,stairs_10_down,0.17330433707186244,0.0,0.003511684970270065,18.652962561818573,6.8095538258872175,0.17818161795459067,0.21759197115898132,12,0.33111725243017637,0.5126863712419002,4.623464595233345,True,101,-1,2.0
19.98,0.02677011014842396,1.0,0.27884378212020994,0.38807060905231844,8.078800160120391,0.041542756594717505,0.2031539603194958,0.13740111012011766,A041angR,stairs_10_down,0.1659822180309397,0.03058600425720215,0.0388381404588937,17.14421692200161,9.741960299748762,0.20628722315033277,0.5231112241744995,13,0.3308888329796612,0.49492316968219674,6.281151463264705,True,101,0,2.02
19.98,0.02514234932624105,1.0,0.28101801936001697,0.36967858884787375,11.010421844580554,0.07836944911628961,0.255806792402091,0.176250478066504,A041angR,stairs_10_down,0.20466145889006837,0.016893327236175537,0.11142390756017612,20.091870715825706,11.828576690319375,0.2049342029293378,0.4556581377983093,14,0.32344191869312433,0.49071488855613254,7.071492813242361,True,101,0,1.82
19.98,0.007826284415746777,1.0,0.3739297290632431,0.449498988520823,6.7041093435245545,0.042180514186620714,0.13633154860225943,0.08591774292755872,A041angR,stairs_10_down,0.18005595168965383,0.008965402841567993,0.030525680768268882,19.3599785472757,8.401848313303026,0.18682451128959657,0.3153786063194275,15,0.34920034924930426,0.45879483060080894,4.946457731983576,True,101,0,3.18
9.700000000000001,0.024858568156938814,1.0,0.33944334758475514,0.459530895789557,8.931936927084028,0.05399174906313419,0.19322429471144917,0.14151798674836755,A041angR,stairs_10_down,0.19241004656342897,0.029244184494018555,0.13104424468814363,24.776849559605623,13.176056672847562,0.28961966862281163,0.5990415811538696,16,0.3493954102942013,0.514340230198513,7.641799855638416,True,101,1,2.42
19.98,0.03942909822609526,1.0,0.3006996685848198,0.41050338323288993,8.552509836030502,0.039353464990854264,0.2763873691176863,0.09860279102809727,A041angR,stairs_10_down,0.18696310972784935,0.076602041721344,0.053352512284123216,15.47973532655709,8.831606389068305,0.29870260037481783,0.592358410358429,17,0.34485955885387354,0.5254276556854228,7.0358080089350095,True,101,0,1.78
19.98,0.027169382291933664,1.0,0.26816769614895397,0.36744337939838856,9.681335949243321,0.05495956822298467,0.2070899839678829,0.15441637330688537,A041angR,stairs_10_down,0.1505482827915865,0.018444567918777466,0.012525981494663578,16.870607842651076,10.68622247933712,0.1693755910669764,0.26495158672332764,18,0.33140308636395055,0.48454637750641866,6.751864001353348,True,101,2,1.92
19.98,0.016784665529369348,1.0,0.34420649710504764,0.48268662872777457,7.527995284427014,0.04320130502805114,0.19717398269778433,0.13646839135326444,A041angR,stairs_10_down,0.18459693633298824,0.049770236015319824,0.03493963231770565,20.002167371482482,10.476873641629389,0.34978390295058487,0.6291233003139496,19,0.34858554743190495,0.5096673551487698,7.30910739054767,True,101,2,2.46
19.98,0.008781461339182332,1.0,0.37136741103176135,0.47423465893852246,7.219926899828085,0.03250246248819167,0.14147482344701762,0.09419716347532812,A041angR,stairs_10_down,0.17932826679020641,0.06813785433769226,0.007358171114170295,19.42797972136643,9.451243863233593,0.3372305399163937,0.603882223367691,20,0.3387173923324137,0.4871521789753544,5.752014020787936,True,101,0,3.08
19.98,0.02338520714475286,1.0,0.3219899229808925,0.4801842341818201,7.609833956037263,0.03969935953617096,0.19995486429692452,0.09345249112695456,A041angR,stairs_10_down,0.15784726104634328,0.01772436499595642,0.03736692438192238,18.92000503139336,7.584984916107103,0.35697045383354026,0.5091078579425812,21,0.3329740792226027,0.5243354525429337,5.902369629876153,True,101,0,2.2600000000000002
19.98,0.008500730415018412,3.5,0.3418796839672614,0.4993178069724346,6.937856841751312,0.039881328474730256,0.14912168025224565,0.07792069185059518,A041angR,stairs_10_down,0.16371454545520847,0.025851428508758545,0.027816982776851712,18.450543456717767,8.963767177195509,0.3225205878416697,0.46777650713920593,22,0.34394799226745576,0.47999006980096787,7.062848308577258,True,101,1,2.5
19.98,0.04982428633881277,1.0,0.2832095230350839,0.4152851959249656,11.18242476197388,0.08431777259800582,0.2717930544193579,0.15980180852580816,A041angR,stairs_10_down,0.17171163179657678,0.09189194440841675,0.04085104629291499,22.22075923685816,12.514238650510988,0.28167021786173185,0.5624420940876007,23,0.3309255637778318,0.5324662924423224,7.152032988349459,True,101,1,1.76
19.98,0.03307801438078891,1.0,0.2645656562871474,0.39853815529241954,7.58995681777574,0.06831290319561958,0.24360312263173886,0.11613935529254377,A041angR,stairs_10_down,0.18310877585156082,0.009362876415252686,0.01424493563914244,18.767366499877134,7.350426873039413,0.24335204541683197,0.482255220413208,24,0.3057663152179616,0.4911534675262383,5.323514605982196,True,101,0,1.8
19.98,0.006844861171517496,3.5,0.3669251320642583,0.49523108431085655,6.962421917881271,0.04201604157686233,0.13688367738355564,0.07449021454434841,A041angR,stairs_10_down,0.1714868284164266,0.02088913321495056,0.021110029870416665,17.419667396742543,7.384001853305418,0.25842757248630127,0.3010556101799011,25,0.34729097868032,0.5042291161591782,6.306458983188313,True,101,1,3.18
19.98,0.021987431513576915,1.5,0.3338909242178667,0.49334660101145217,8.118142036802462,0.04787050284445286,0.20963165117276497,0.12725069584324955,A041angR,stairs_10_down,0.1353624557110078,0.007009655237197876,0.02559790102166963,20.754495294083206,12.378550008049519,0.14005972440044084,0.22937580943107605,26,0.34695033898965555,0.5035344779429591,6.43265786481999,True,101,0,2.38
19.98,0.03493504871791165,1.0,0.2899481796182413,0.4363267570733842,11.461066263812718,0.07036125959828496,0.2569311002227032,0.17365101588889956,A041angR,stairs_10_down,0.1954184585714085,0.01353377103805542,0.025999347798157796,19.7789574921456,12.801012598497103,0.2527223180482785,0.6091691553592682,27,0.30879321557952755,0.48400888834380235,9.608853053352336,True,101,1,2.04
19.98,0.024441283974751357,1.0,0.2593898975594159,0.3200282736003179,10.498118004472758,0.054680361608043314,0.20564231055124157,0.15527147153858095,A041angR,stairs_10_down,0.16490431950691553,0.002065300941467285,0.006089051215682841,19.38376183305263,11.497719263064955,0.11045450751902536,0.3724917769432068,28,0.33408289751904535,0.5015190789304212,6.121111969623175,True,101,1,1.8
19.98,0.033161533298350795,1.0,0.29640534687647846,0.47609084185902817,8.026493804926723,0.0463608087413013,0.25786269560916386,0.10918629783671349,A041angR,stairs_10_down,0.19099712308077887,0.09278470277786255,0.03915453641752585,20.565359524562982,10.236013600472637,0.36951615785559017,0.580354779958725,29,0.32161903302937267,0.4944226141383117,4.81849624787191,True,101,1,2.06
19.98,0.007389832431856709,1.0,0.370460756411527,0.486591695788462,8.493275991431364,0.03526084363460541,0.14652535041600842,0.0854797298554331,A041angR,stairs_10_down,0.22093027638879048,0.09009020030498505,0.1636003453679984,21.815143278677454,12.852543905096883,0.39044521113236746,0.6637789309024811,30,0.3581870684266728,0.48931993090185577,8.45715474131483,True,101,1,2.9
19.98,0.027396953959120323,1.0,0.28861609611122363,0.37562267458085613,7.247746409092674,0.043933993028476837,0.21346116060994003,0.15039042168529704,A041angR,stairs_10_down,0.16882538588289275,0.029415518045425415,0.006371668234864565,14.722969095294927,8.090228299797312,0.14637589313089847,0.31850337982177734,31,0.34013186486009617,0.5167760463506749,6.263298676039267,True,101,2,1.96
19.98,0.02663721005058994,1.0,0.22495694099581814,0.24982373370983088,10.266310770742237,0.05114110172493383,0.21412221500376763,0.15685347605496644,A041angR,stairs_10_down,0.14315301594249707,0.005903840065002441,0.0037373636304031416,17.94955461206763,10.90990506184679,0.02786692260298878,0.4773080348968506,0,0.3102322988905371,0.5063162350940389,5.846691867996668,True,202,-1,1.6600000000000001
19.98,0.04800286493353315,1.0,0.2574761519855994,0.3735351216168057,8.547970398640324,0.06438385802321137,0.29495272872776807,0.14636274175834843,A041angR,stairs_10_down,0.13070425518693773,0.11864373087882996,0.006000280139722814,16.79581665384556,8.170213839017585,0.1903587726286302,0.5246751010417938,1,0.1970675445240449,0.25536507247794826,11.157005018754955,True,202,0,2.14
19.98,0.007604103012701452,4.5,0.37100255303841867,0.4792648181886145,7.74973347909774,0.026157983024895658,0.14765728320194108,0.09686339711304753,A041angR,stairs_10_down,0.17327297068534686,0.049038857221603394,0.017958371741075656,17.69908390870665,8.78172824732927,0.3333398457678656,0.5951210856437683,2,0.3457778817574609,0.4795120418172792,7.3127168213712,True,202,0,2.92
19.98,0.04710105928723721,1.0,0.278343766161146,0.403647267830529,9.15744799907541,0.05511072196066379,0.276022047680921,0.13003949072211982,A041angR,stairs_10_down,0.1747278904213625,0.04497399926185608,0.0922297140974593,18.196438460039545,9.149587351699516,0.26127135614554087,0.6518296897411346,3,0.3354649663863972,0.5113215076762037,6.255040965436573,True,202,0,1.74
19.98,0.012792405863700914,1.0,0.3694907021570334,0.4702581394613826,7.482175933618452,0.03644166946411133,0.1584151689333234,0.1100717421353329,A041angR,stairs_10_down,0.18292059522261594,0.039967507123947144,0.023324646274191042,18.841815083341373,9.499520968248136,0.3237832296639681,0.6151124835014343,4,0.3536507164029514,0.4907267744042181,6.612954658312118,True,202,0,2.98
19.98,0.024645643523872152,1.0,0.2621747912825111,0.3173983036859085,8.542917125234508,0.048989367485046384,0.20932439790705695,0.1224138489831239,A041angR,stairs_10_down,0.1724584230127182,0.03217807412147522,0.0032980671274470113,18.42882029163656,10.038819656632903,0.11721214393464227,0.35945698618888855,5,0.3279951470484708,0.4916657502598061,4.661414361940933,True,202,-1,1.82
19.98,0.021995098354171395,4.5,0.2755324743648264,0.41940262644852894,7.292690879354926,0.06353506844490767,0.19185072326235758,0.12480948101263493,A041angR,stairs_10_down,0.11920447352735752,0.011005371809005737,0.049031583523672866,18.572617047688794,7.387780376772449,0.21822567857801914,0.20456314086914062,6,0.33205199544442526,0.5328114871566607,5.477764743316308,True,202,0,1.96
19.98,0.05497189357202913,1.0,0.2681874947289732,0.38222593090116874,9.756811367250892,0.06643347073346377,0.2744791671091826,0.11365198217332363,A041angR,stairs_10_down,0.17676393153833192,0.0579301118850708,0.009416252264352718,17.292099018584498,9.625582919611862,0.23950205493563165,0.5707740783691406,7,0.3234846970996755,0.5222452312588759,6.616197904882679,True,202,0,1.6400000000000001
19.98,0.02582620193992893,1.0,0.31654374739543645,0.4577322972947359,7.815974347893524,0.030331035777926445,0.19093430482614124,0.0871684336103499,A041angR,stairs_10_down,0.13161817973947776,0.012676775455474854,0.019727870188239436,17.90439792983523,8.163009777678571,0.1717719345043103,0.21032989025115967,8,0.3440705015888826,0.4919750786041668,6.215592186212712,True,202,0,2.24
19.98,0.04506193318002107,1.0,0.2866449488229293,0.4230857266853233,8.785414067440637,0.0576923805475235,0.2821080226806496,0.12376557795796543,A041angR,stairs_10_down,0.17908629775047302,0.05071878433227539,0.018025846882274797,17.55444582478106,9.198535696433975,0.30205680170406896,0.6863966584205627,9,0.34001799372428243,0.518307506352323,6.062074005839817,True,202,1,1.78
19.98,0.014618975672028727,1.0,0.3590265416270271,0.4917365962879085,7.646833230555699,0.03000056207180023,0.17111728540863752,0.07741678948746994,A041angR,stairs_10_down,0.1816219977516541,0.019811153411865234,0.051075238015712496,18.878125831609527,10.146620752826463,0.28564379168053466,0.43271109461784363,10,0.35251892870122736,0.5118955961130337,7.491239526651015,True,202,1,2.98
19.98,0.0062895667714413985,4.0,0.36178284890511464,0.5084933495412045,6.497210996243649,0.02619420693255961,0.1393608524754866,0.06600348510080949,A041angR,stairs_10_down,0.1491711147647491,0.010982155799865723,0.0767701102001171,19.336847849015385,8.043050677264276,0.2946605409060915,0.5320288240909576,11,0.3455637142109998,0.48257619197773666,6.858937795499519,True,202,1,2.92
19.98,0.022479157582407396,1.0,0.3208185555622539,0.4422759282594148,7.320983972260292,0.028658577054739,0.18694212785937564,0.11479053290560842,A041angR,stairs_10_down,0.13105957202095397,0.005083650350570679,0.0036882830529444063,20.887764565392658,8.101200923469596,0.07712215621024371,0.20784959197044373,12,0.32394724459571633,0.4832272660931477,5.039343755100819,True,202,0,2.52
19.98,0.00652223086228798,4.5,0.3606050768606167,0.49243257478383023,6.896676985236191,0.03773419171571732,0.14278966132209703,0.092240508813411,A041angR,stairs_10_down,0.18696211031413967,0.0737127959728241,0.13516257081519958,21.61853656816643,11.09885990429591,0.3932401309410731,0.6886743009090424,13,0.3424713704229038,0.5072282077758916,6.243362864112482,True,202,1,2.68
19.98,0.008541708423161256,1.5,0.3460777060201461,0.504157826861544,6.3369002040314015,0.032596002817153934,0.16429543123212761,0.07559534343658016,A041angR,stairs_10_down,0.14631754303361,0.009141683578491211,0.010313919756150185,18.10348143455014,7.581648095210662,0.1857990222858886,0.2209112048149109,14,0.34410339691422204,0.4912263524419764,5.731274434581422,True,202,0,2.52
19.98,0.007413059355317411,3.5,0.35716863206204247,0.49758209192130337,6.25424768780355,0.024271376132965088,0.14829450708299727,0.06246375956106931,A041angR,stairs_10_down,0.16451813320425102,0.0021554529666900635,0.0014774913096235651,16.09899504630838,9.477259635937914,0.16403414921369402,0.22506564855575562,15,0.338351017147462,0.5023286640689963,5.00137538617208,True,202,0,2.84
19.98,0.030618381846041418,1.0,0.31481120044853594,0.41402500110059326,8.795757946088468,0.044000583827437365,0.19995333614725908,0.11023796916007995,A041angR,stairs_10_down,0.17817683366530723,0.008444279432296753,0.04393820026416538,17.428095687898757,9.12986757987316,0.21154072100296617,0.5393415689468384,16,0.3533911659373319,0.5080841715347161,7.16870219124767,True,202,0,2.14
19.98,0.02870361465009294,1.0,0.2907657979930786,0.3826187683368125,8.68797041345672,0.05431790398433804,0.19132631530449057,0.09329547490924597,A041angR,stairs_10_down,0.16501903788928685,0.006673932075500488,0.023856800818347162,14.925481997535911,8.603536771892585,0.14043834472695987,0.26475340127944946,17,0.34226613758082053,0.5092763724628298,6.146444401572777,True,202,0,2.0
19.98,0.03287149024395356,1.0,0.31209978892203954,0.433288179051885,8.201179174498137,0.03573112271726132,0.21523698759489288,0.1222661966457963,A041angR,stairs_10_down,0.16821668189477157,0.016936540603637695,0.016267038402451882,16.47264420586675,9.2420254224183,0.17673634357750415,0.5230695009231567,18,0.3455485812100498,0.5200955123210612,7.005071233360768,True,202,0,2.18
19.98,0.028495095180182953,1.0,0.2764554257937931,0.3676970226166327,9.807331003748049,0.07831624658138026,0.2356335958647704,0.21056277160998435,A041angR,stairs_10_down,0.1742155029174478,0.009368360042572021,0.003985470391902022,18.211764701497863,9.325430535410097,0.12757464818346004,0.5317986011505127,19,0.344506488235239,0.5134003300281657,6.423888405276995,True,202,2,1.8
19.98,0.007737260140445347,3.5,0.3603411236341625,0.5180152407832127,7.291791253735795,0.031000695526599883,0.15150304819463795,0.0688126193039352,A041angR,stairs_10_down,0.1869544566952609,0.029077589511871338,0.08612629290923808,18.168629180156845,10.041788128886642,0.3731477132936319,0.49341320991516113,20,0.34302210211116363,0.524010476205966,7.326406356487103,True,202,2,3.04
19.98,0.006790372015637748,4.0,0.36391630405251363,0.4888012910954375,7.535207567494012,0.05259467244148255,0.14497944278655395,0.09306254286319017,A041angR,stairs_10_down,0.19524443340811504,0.0068648457527160645,0.3269161924134388,18.94583446416838,12.407093124545929,0.40881085753440854,0.5545303225517273,21,0.3510527720362107,0.48474732440652896,7.706719526192145,True,202,0,2.82
19.98,0.022731567249477325,1.0,0.21006679116723376,0.23672284186473225,8.494486805001403,0.045158380391076204,0.17881512694965385,0.09771496913861483,A041angR,stairs_10_down,0.12444320958565902,0.009239345788955688,0.009129076112457148,18.77376623330284,8.91214240151242,0.02978292447514832,0.2308979630470276,22,0.30804089970129694,0.5114747232575662,4.444605436739918,True,202,0,1.68
19.98,0.017179324252434968,1.0,0.33368436405206103,0.4948901480783581,6.393061500325449,0.04090248137712479,0.18364122357347598,0.09995852885651402,A041angR,stairs_10_down,0.15696977023134895,0.05441021919250488,0.07262113651660315,17.057391808796094,8.62699762238261,0.39262678811947505,0.5340278148651123,23,0.33891753777463174,0.49825359702297434,6.08556915947408,True,202,0,2.48
19.98,0.025951886781462145,1.0,0.24820627676452545,0.3400808359757198,7.447856404899904,0.05132231438532472,0.18362047744832097,0.13002941659651696,A041angR,stairs_10_down,0.15950317720678397,0.005120575428009033,0.022696137931139494,18.156314740720678,7.197784781098835,0.16247338137278955,0.19913986325263977,24,0.3207031040459393,0.4955261214253571,5.0496761069898355,True,202,-1,1.82
19.98,0.023183604744507088,1.0,0.2830810256708752,0.45236131455253265,11.2986760136911,0.08230951130390167,0.22502852429670492,0.18013750831130892,A041angR,stairs_10_down,0.212970856517394,0.0,0.17918396655571034,19.721645387183553,12.441136496068161,0.29692817280689876,0.5068734288215637,25,0.3126763954200847,0.49124587372118245,8.836575964635246,True,202,1,2.0
19.98,0.025662246090783918,1.0,0.3043897891889282,0.42183575507889737,9.439432847454935,0.05595152486115694,0.22120407818164714,0.1752711650915444,A041angR,stairs_10_down,0.1764198512954508,0.03277674317359924,0.04008063510082905,19.98075061258573,9.819426595491558,0.2567041424413522,0.5921907722949982,26,0.349307198747594,0.522983279946518,8.786760497279815,True,202,0,2.0
19.98,0.008220672778169768,3.5,0.3609315494930043,0.507415378649103,8.086993603890125,0.026974213495850562,0.15337030840536695,0.06589034330099822,A041angR,stairs_10_down,0.11498339243113676,0.005134612321853638,0.014230462273592825,16.115908060545355,8.412078295697363,0.23123330315885446,0.2461940050125122,27,0.33809222837820413,0.48705978366559904,7.049871618174258,True,202,0,3.22
19.98,0.009526781804272492,3.0,0.36136584739155936,0.4960489939152564,7.7850819642395415,0.02797338232398033,0.16543927161779204,0.07351507318438961,A041angR,stairs_10_down,0.1827400011174819,0.04154384136199951,0.030731010616949966,20.833723073915262,9.841701095627776,0.32175582718104123,0.605543702840805,28,0.35372992161123507,0.48479331720086827,7.033301392669439,True,202,0,2.86
19.98,0.03392550652053617,1.0,0.2721814898548917,0.3790554762847429,9.467249922033613,0.06301502174814232,0.25518425507899295,0.15543305748375133,A041angR,stairs_10_down,0.1664309750266254,0.029637306928634644,0.028547028357484617,16.935373772326457,9.787300490300998,0.22592493230166535,0.5920648574829102,29,0.34133786812185596,0.5198136402187192,7.844874550467156,True,202,1,1.78
16.62,0.025259903468521853,1.0,0.3256563249134763,0.4793909157002141,8.73534382826184,0.04472271405160427,0.1916420684631975,0.11491741843521595,A041angR,stairs_10_down,0.15822351313529803,0.001118779182434082,0.0016800603439497493,18.33926988998672,10.398942832303133,0.17652684868313373,0.43174922466278076,30,0.3458726646683432,0.506644930321557,8.234593727533108,True,202,1,2.34
19.98,0.02525273738243646,1.0,0.3190019925058207,0.49257142642803603,8.794112278081275,0.048755157887935635,0.22821842163691242,0.13324614718556405,A041angR,stairs_10_down,0.19425694046810982,0.03061583638191223,0.018153039866612816,17.28279031607526,10.218169726964396,0.3966704468925794,0.5951955914497375,31,0.3321355140591688,0.5414149527654566,8.100636147186563,True,202,1,2.44
19.98,0.022364719418019787,1.0,0.3402133116572299,0.4698787234023257,8.238544631027615,0.0265266540274024,0.19901601500483934,0.10624086601659656,A041angR,stairs_10_down,0.18148748775854473,0.008632481098175049,0.013716986600159443,20.282335588706868,7.225262380246083,0.22810831639294823,0.26360973715782166,0,0.3548742221574733,0.5151801651776011,6.38713288648153,True,303,0,2.34
19.98,0.02478576752682719,1.0,0.32218897158608717,0.4611768043354018,6.81281831163232,0.035250541567802426,0.20553633703072155,0.10950011485256254,A041angR,stairs_10_down,0.18576016496209535,0.002661973237991333,0.07715788131941323,17.501388735163342,6.120901896087614,0.2784106783072154,0.3993779420852661,1,0.34460252506210204,0.49247721020124613,5.7627922044792355,True,303,0,2.34
19.98,0.02975831471817588,1.0,0.2868286656472772,0.3653506404323145,8.205685084138882,0.05297230821102858,0.19048287754299517,0.08965425784350373,A041angR,stairs_10_down,0.1291445225955331,0.016223818063735962,0.011767266424274421,20.57327175954439,8.805815211122242,0.1354357392527163,0.22268295288085938,2,0.3438868151246545,0.4751198306257993,6.332249225293101,True,303,0,1.98
19.98,0.006978129065749494,4.5,0.3752001328838063,0.4623933993387521,6.674963560278984,0.03381105452775955,0.13562077155023441,0.08058613351546227,A041angR,stairs_10_down,0.18676405475738855,0.006433665752410889,0.014734067721278261,18.85465884939208,5.4779255193592125,0.24641370116422573,0.3570340573787689,3,0.34758543412953136,0.48792170741268587,5.2767682048891285,True,303,0,3.14
19.98,0.021972014949553913,1.0,0.2543174540151887,0.29840817613171794,7.086060952321762,0.05445572557859123,0.17150067147875633,0.17765196376945824,A041angR,stairs_10_down,0.16081377369834782,0.007194817066192627,0.007819989307295468,17.714769967757338,6.711345590654295,0.06749948544582973,0.23981407284736633,4,0.31925967560732427,0.4638408667685108,5.786465837586166,True,303,0,1.8800000000000001
19.98,0.019805072328803717,1.0,0.28997829150547955,0.3958436390297672,6.505722565306375,0.06443493138998747,0.20500128174625712,0.1669108582288027,A041angR,stairs_10_down,0.17620796236124903,0.004560977220535278,0.01921628090077707,18.513661781828166,5.831184811870721,0.21644725708911816,0.4408054053783417,5,0.33478309065262907,0.5021128667863991,5.296186424646484,True,303,-1,2.0
19.98,0.020982099744681782,1.0,0.31965574678412095,0.4863081960781589,9.08747991143269,0.07756229903548956,0.20741686319261254,0.14458173074992373,A041angR,stairs_10_down,0.1895924840062697,0.06760513782501221,0.14234163251811247,26.46126166413954,13.694728054984802,0.40632628828287126,0.7350943982601166,6,0.33800120833723307,0.5106362205751526,7.077475849909538,True,303,2,2.2600000000000002
19.98,0.013386152854706335,1.5,0.36092851747484767,0.49821730930957236,7.678851015841205,0.032486709728837014,0.18678266844519073,0.08735103007405996,A041angR,stairs_10_down,0.176685240020089,0.02813306450843811,0.029013252701701794,17.330913354448214,9.762108806625225,0.22096702352166175,0.4985824227333069,7,0.3218686917248894,0.509427068851855,8.682771303517526,True,303,1,2.86
19.98,0.02203301132876791,1.0,0.23032152513131737,0.25934962557528646,8.052787084780187,0.05352751256898045,0.17059431490627985,0.14139169038273394,A041angR,stairs_10_down,0.13639491382129687,0.021068543195724487,0.014973805914288152,18.34730005430324,7.7107632754029245,0.03768165526290734,0.24994835257530212,8,0.30172015895180526,0.47964051403883834,6.7270873615758955,True,303,0,1.76
19.98,0.020897877621782326,1.0,0.3276627072930974,0.45831583627571726,7.284441420689229,0.05010948834009468,0.19019640705326987,0.11136607187567278,A041angR,stairs_10_down,0.19651747578605616,0.02034783363342285,0.057417595212882526,20.56778016110051,7.811383937638926,0.3509288810007274,0.4940435290336609,9,0.3461477301847489,0.4679668280121448,5.265270825630259,True,303,0,2.2800000000000002
19.98,0.029986136586498985,1.5,0.2825317731308427,0.3806193024659853,11.215763190003617,0.07818145794793964,0.26560365194725993,0.1778037437144667,A041angR,stairs_10_down,0.21205620762498623,0.03907883167266846,0.023629991058268754,21.591676397678835,11.152299354604434,0.26070255395025016,0.5486972630023956,10,0.3167263471506496,0.4665889908373741,7.280550362876498,True,303,1,1.82
15.200000000000001,0.020950324800311594,1.0,0.2910941435181521,0.4263987361083259,11.097742150913463,0.07327946543693542,0.23996718138612305,0.15819645020179451,A041angR,stairs_10_down,0.205726721866883,0.06951344013214111,0.08417293072615901,27.331979966425713,14.598291441208591,0.3679850406944752,0.6949588656425476,11,0.3368023558988928,0.504299554767361,7.683615435225272,True,303,1,2.02
19.98,0.010292133492850557,1.0,0.3529178314907028,0.5017686416667897,6.514717351022544,0.038021896332502365,0.16450688375517653,0.08952608725056052,A041angR,stairs_10_down,0.15400035990113248,0.009432941675186157,0.0077859206261656185,18.186133791108258,8.815382982141752,0.2176174262406615,0.3506787121295929,12,0.3519058594027943,0.49021019913713354,5.878600319362119,True,303,0,2.6
19.98,0.02845979126770015,1.0,0.3183609367165974,0.42001232270989436,7.216168833519682,0.040996067076921466,0.19595907197356446,0.109355722037144,A041angR,stairs_10_down,0.1725790267959636,0.018105804920196533,0.04212581111620798,17.11316416605863,8.111436973068699,0.2266303193072478,0.4897192120552063,13,0.342935567074281,0.4899766147248635,5.155464865199553,True,303,0,2.12
19.98,0.007683433384025397,3.5,0.348066202814885,0.5078197203038096,7.303199124210042,0.04579606836661696,0.15269164327493545,0.08357248251326382,A041angR,stairs_10_down,0.19451416000962896,0.09719304740428925,0.14480712120250835,20.600116669426725,11.637353558839775,0.44017369121313094,0.6562091410160065,14,0.33402900449094924,0.5062296338648402,7.931350756083976,True,303,1,2.7800000000000002
19.98,0.04727224939685214,1.0,0.27376475806223516,0.38410765469260993,8.900132511728026,0.0738083971850574,0.2609451659342997,0.10532384634017944,A041angR,stairs_10_down,0.1720991898029246,0.06012788414955139,0.025382931980593947,15.703702046034786,9.529578876837093,0.24327538177371025,0.6982937455177307,15,0.3396738875932234,0.5110299973608512,6.747820513814832,True,303,0,1.74
19.98,0.031102390642345386,1.0,0.2792111520285912,0.3971658628622996,8.126882839468825,0.044753388576209543,0.2503864980613544,0.09135040365392343,A041angR,stairs_10_down,0.17087302201571952,0.04928874969482422,0.009630321965012005,18.003929514058253,8.495573066558148,0.2671161651859681,0.58160200715065,16,0.3387824434902578,0.5191767808100447,6.008395070976945,True,303,0,1.8800000000000001
19.98,0.006362283421378022,3.5,0.3725458618950717,0.4865180242224404,7.066512590666187,0.026965429466217758,0.13284275620034297,0.0750349651533179,A041angR,stairs_10_down,0.1781773919408972,0.05953758955001831,0.1150356015839493,19.612481349466407,12.101748134307844,0.3413046328475078,0.6652317941188812,17,0.34591463536502204,0.5146031350514382,7.411653485738565,True,303,1,3.24
19.98,0.019685907997152505,1.0,0.20285312395204197,0.22065035451733522,10.1662669506608,0.05880764361470938,0.20330081851796847,0.1444040477462113,A041angR,stairs_10_down,,,,,,,,18,,,,False,303,0,
8.52,0.013147316602828373,1.0,0.33288436037493263,0.5023269183604032,6.90482018403305,0.02677158370614052,0.19953676638914142,0.08123418371193111,A041angR,stairs_10_down,0.14647475315287783,0.013540714979171753,0.019317576798636913,20.069540632890032,8.318299224258102,0.30005324982106685,0.5399301648139954,19,0.32679443008121967,0.5202295785567574,5.337170818071375,True,303,0,2.44
19.98,0.03272358272489561,1.0,0.20303299843786873,0.20962032937407574,12.988272516892332,0.05881946494977455,0.17481694044243665,0.16395854357630013,A041angR,stairs_10_down,0.18921410623081225,0.1783096045255661,0.07631119748057345,25.259336045775104,13.762834666488056,0.29084588777273895,0.5070023238658905,20,0.2021515112318457,0.1801404394307069,11.168243949839566,True,303,2,3.96
19.98,0.0079771964331971,1.0,0.369698495060046,0.46507460442990123,6.826412829808521,0.033466413468122486,0.1373305046153064,0.10992782779503614,A041angR,stairs_10_down,0.14760818216889937,0.010690271854400635,0.005823191776060908,18.525381328201494,8.934936834032282,0.22186220014467836,0.2525024116039276,21,0.35042025707622265,0.512447176814407,5.973792124498743,True,303,0,3.02
19.98,0.02029920156585397,1.0,0.3390400486100804,0.45178815211927636,7.975558929151966,0.036782090589404105,0.19811553847258345,0.13969055213499815,A041angR,stairs_10_down,0.18360108663054076,0.004228740930557251,0.08114939450879537,23.122333717114547,8.536551961786992,0.27631828115632134,0.3891177475452423,22,0.34150235799544637,0.4884216162451296,6.480860242338315,True,303,0,2.54
19.98,0.006372459611270847,4.0,0.3586662450353092,0.48644323813269785,6.603658631256379,0.034805683493614195,0.14481209342810958,0.06389996739802882,A041angR,stairs_10_down,0.16251594561306548,0.02319440245628357,0.06450260719829318,24.958387868569005,10.417267254123152,0.3037814631064733,0.5131810903549194,23,0.3524798755212264,0.47588279917736176,6.352928592152363,True,303,1,2.66
19.98,0.02599238244324346,1.0,0.2510897604125069,0.29871248970818576,7.714541530105904,0.03858681622892618,0.1904422840281771,0.11155247694812714,A041angR,stairs_10_down,0.12075426298029279,0.01624542474746704,0.009822229884950144,18.490868810958556,7.4389807579063225,0.08169141858816147,0.24932175874710083,24,0.32279348736140817,0.4783166682169607,5.214602338609548,True,303,0,1.9000000000000001
19.98,0.013255813208264564,1.0,0.35300319357192456,0.47174834318895925,8.653423285581034,0.038299314025789497,0.16077220956516253,0.08999182648956776,A041angR,stairs_10_down,0.1734303621684804,0.03925973176956177,0.016974173105561426,19.720036201073473,11.009146941668334,0.3067387550075849,0.6224609911441803,25,0.3454409678543315,0.4655775635152976,8.52416138264714,True,303,1,2.72
19.98,0.03222088194626171,1.0,0.3030885818489095,0.4522661964990081,7.270494666318434,0.04845464073121548,0.20853454889179418,0.0983049127086997,A041angR,stairs_10_down,0.1521703052648249,0.013914942741394043,0.017780021739674606,16.049992474045624,7.054875600807341,0.1619778787593047,0.3363966941833496,26,0.3386478040498846,0.5000060920333065,5.25768259145322,True,303,0,2.16
4.82,0.04588745723968462,1.0,0.2687449831694843,0.37238334095160475,9.178771458279446,0.055027611926198004,0.25614084760961336,0.13187687244266272,A041angR,stairs_10_down,0.16022343814054274,0.06900174915790558,0.02841059317577393,21.560853754432326,11.02167227894211,0.22494274795055388,0.5093105137348175,27,0.323794927297429,0.5088979354749259,5.712247922535826,True,303,1,1.78
5.68,0.027196515152025487,1.0,0.3008714195496258,0.37024623573154747,10.030887428739108,0.06476722113322467,0.26133125626230064,0.15352919708937407,A041angR,stairs_10_down,0.20370434503504298,0.055653393268585205,0.013164295007403945,20.397181993754405,9.778643272358462,0.2775349050636093,0.5943506956100464,28,0.3416475297486718,0.5045071641417774,7.1826891785548845,True,303,0,1.94
19.98,0.008044674732489604,1.0,0.3740552986273791,0.46432157483362757,6.765009424069336,0.02544705302454531,0.12756421261530893,0.10708274177275598,A041angR,stairs_10_down,0.19953111945626567,0.033681511878967285,0.03448399587414807,18.633391172410718,8.956525918882914,0.37710982824365297,0.5716271698474884,29,0.33923135979290314,0.4799531700029249,5.617103446497413,True,303,0,3.16
19.98,0.02595749751364707,1.0,0.27394358847230516,0.3731152257986104,7.470160162932939,0.06664852168411016,0.19372549927543495,0.1280936987325549,A041angR,stairs_10_down,0.16916281797669153,0.006334453821182251,0.08994190577233942,20.921722622500297,7.501239196082972,0.24257957696914673,0.5004942417144775,30,0.32376556875871465,0.4855704787017299,6.265638016528891,True,303,-1,2.02
19.98,0.02889136918017391,1.0,0.2878939555258675,0.42682472649667474,9.744688583777402,0.0730971320066601,0.20521300149611477,0.14966079615580383,A041angR,stairs_10_down,0.16138281573586288,0.021875619888305664,0.0061829914970866475,21.94289501395423,10.538977598482841,0.21381227524330218,0.24875029921531677,31,0.3396840731026655,0.5051843200318292,6.755395460749991,True,303,0,2.02
19.98,0.02326298578206742,1.0,0.29218166135689794,0.4336139700721135,10.05299871945387,0.04360314036719501,0.2223396823403723,0.12512203090824187,A042trk16,stairs_10_down,0.17722829953234465,0.00838559865951538,0.016837740920385993,16.749212623505592,10.433197827077315,0.2583405356605848,0.4937775433063507,0,0.30819290595896104,0.4900289005415055,7.660584344542411,True,101,0,2.32
19.98,0.015944509215883394,1.0,0.2824668852594447,0.3056522250969735,13.12775071040051,0.05676589735783637,0.18209195960504307,0.1504915003105998,A042trk16,stairs_10_down,0.19915706030825242,0.009486854076385498,0.003989876207982679,20.749917122735305,14.799558954941412,-0.015607825020949045,0.21510049700737,1,0.29637695379435697,0.4956330972879603,13.304704963070535,True,101,0,2.2800000000000002
19.98,0.012822734287752725,1.0,0.3301979047091887,0.46900891779043113,10.593588825672757,0.033933990374207496,0.17628267946186596,0.10273138795047998,A042trk16,stairs_10_down,0.16300252797131864,0.015184223651885986,0.003610288048699842,16.631694249348314,11.063593897365124,0.15647621416797242,0.21173804998397827,2,0.3151477111214622,0.49106214906912754,10.438711153154584,True,101,0,2.82
19.98,0.025161806487790768,1.0,0.28189602218369114,0.36088986315005683,10.22892767414598,0.046510915639228184,0.24473028701568753,0.1185710119921714,A042trk16,stairs_10_down,0.18263728908676513,0.02701854705810547,0.04727997207517806,19.38161116665347,9.987685419809734,0.2908801827331384,0.4916772246360779,3,0.316536358276153,0.4201516547696301,8.62353650246916,True,101,0,2.02
19.98,0.011569063662949528,4.5,0.3278785055477351,0.4966104717408916,10.117283761647975,0.034483849704265594,0.1844313655200466,0.09401360134128481,A042trk16,stairs_10_down,0.15807967485591057,0.008502483367919922,0.014955750595876949,16.68816963651917,10.908785857889814,0.1503095620498061,0.2933613955974579,4,0.3234029502537161,0.5187945115685507,8.913290564014355,True,101,0,2.56
19.98,0.012534138978854185,1.0,0.35065019985411894,0.38197804756158027,8.772081796230612,0.03387741193175316,0.15870005204964022,0.09870891922153532,A042trk16,stairs_10_down,0.18020440199795895,0.011659979820251465,0.005559491883454633,21.273255340249918,12.661929995719793,0.1790082115493715,0.3709837794303894,5,0.3055419430821975,0.43466010578280473,8.656992312324938,True,101,0,3.16
19.98,0.007893656047019873,1.0,0.369838548506645,0.3894411088107956,9.382722231329657,0.03734577305614948,0.13965129027811912,0.09435244102030993,A042trk16,stairs_10_down,0.18988043053902404,0.01632779836654663,0.013986505248756177,18.653635243172435,12.04061330767897,0.1662461838219315,0.2797633409500122,6,0.3305138043222581,0.508485455196098,10.096947036271427,True,101,0,4.48
19.98,0.005757844101691684,5.5,0.3685634122717189,0.4275584864122226,10.627520838435032,0.03552952021360398,0.13990959579895473,0.09092167805880308,A042trk16,stairs_10_down,0.1701786986646805,0.0198114812374115,0.06329333930527377,15.033981880474286,8.727709714506535,0.3631250307460626,0.5287900567054749,7,0.3368451937379684,0.4748818504169101,8.905182798200073,True,101,0,3.7
19.98,0.010813463268488555,1.0,0.34541596869733887,0.4506672491923597,9.759554578197214,0.03366232756525278,0.1678744551029286,0.10701092236675322,A042trk16,stairs_10_down,0.15663860666560614,0.015540629625320435,0.015263114657343415,18.072429781069403,10.169437035008961,0.17926527868335446,0.22336840629577637,8,0.32842141230476096,0.45852796857970857,10.015058913648682,True,101,0,2.82
19.98,0.009061224416111442,1.5,0.3642003039912107,0.39139787435242385,9.75693685554254,0.03194103181362152,0.14835793459109245,0.08970223490148782,A042trk16,stairs_10_down,0.14883907131332763,0.020408272743225098,0.010164913236594571,18.279740807984396,10.677045425169144,0.16816512116541465,0.28074905276298523,9,0.32429975611640804,0.40506498709428457,9.776180114207646,True,101,0,3.36
19.98,0.024874630994167098,1.0,0.32634521523580196,0.4747017322737614,9.926977619808138,0.031427728706039486,0.21519150596136513,0.09008140509482473,A042trk16,stairs_10_down,0.1681566375462129,0.025548726320266724,0.004632340870434958,19.80755888072614,11.406911345453684,0.12892126533513268,0.35036802291870117,10,0.3149894796017019,0.4767573670136078,10.063128973565854,True,101,0,3.34
19.98,0.035130297366176885,1.0,0.2585811981240058,0.40323350841259303,9.640503777546533,0.054100573807954785,0.2980619952756605,0.11042574247345328,A042trk16,stairs_10_down,0.16740104125782773,0.0176161527633667,0.03702597639614816,16.98452157319253,9.726139472381607,0.2383461461464564,0.5682557821273804,11,0.29134108878074483,0.4565167840126807,9.289045632553213,True,101,0,1.84
19.98,0.022866603102741922,1.0,0.266390687407338,0.354613867774425,10.506408202989626,0.05255388011224568,0.1902124180746543,0.15939656667411328,A042trk16,stairs_10_down,0.11659962289473591,0.004564613103866577,0.0030668041726438764,25.456552229160092,14.29750443029763,0.058467773242349114,0.1657530665397644,12,0.3207930343482584,0.4946062194737979,9.325776308687376,True,101,0,2.04
19.98,0.028152483041755317,1.5,0.2868250874513611,0.405042429997718,10.009112335647803,0.03941366255283356,0.2597287570570931,0.137622507289052,A042trk16,stairs_10_down,0.1686907495088118,0.06076699495315552,0.030414648113263224,16.86052006968014,10.25998648621491,0.3448775626967351,0.5140528082847595,13,0.31630030614807003,0.47809050168372325,8.804547838840772,True,101,0,2.18
19.98,0.011384783787699807,1.0,0.26238853631650705,0.3025878901346594,13.30727015332003,0.050586257330141965,0.16492544086849772,0.15175094147678464,A042trk16,stairs_10_down,0.20011521310092295,0.02896025776863098,0.006280526442256288,18.600581731056025,14.88934778404357,-0.008377993578712146,0.30040740966796875,14,0.28097912559534777,0.5367011013591347,12.37865315796585,True,101,0,2.08
19.98,0.012083152932783264,1.0,0.3579396204228069,0.4129573821981408,10.498763255878687,0.03356582552194595,0.14839702103240296,0.09030109898652881,A042trk16,stairs_10_down,0.17045384645462036,0.007902801036834717,0.05320997984476764,15.835195347290865,9.926555050629908,0.3427957126001517,0.5121752619743347,15,0.33063254088004,0.43858640047665226,11.02242672101151,True,101,0,3.46
19.98,0.010579700164769577,1.0,0.34653046086191497,0.43893449114482613,9.736227744221068,0.028321270048618317,0.16568504906052003,0.1141218369291164,A042trk16,stairs_10_down,0.20198919747602495,0.019672811031341553,0.005125839882184955,20.335331114878336,14.596548465708548,0.1279993505217135,0.24022981524467468,16,0.33400544198439086,0.4750032113351452,10.084558672857082,True,101,0,2.88
19.98,0.027490022241032787,1.0,0.28805207343981226,0.36387275354820703,9.980851473157253,0.03364302553236485,0.24121069011868862,0.12994782748632133,A042trk16,stairs_10_down,0.1568856084729261,0.03702419996261597,0.014705662710494673,17.896875920118877,9.703789287484122,0.2949345032001535,0.5091257393360138,17,0.3245099956849042,0.4699343751876278,9.865069142223344,True,101,0,2.04
19.98,0.016513415380185147,1.0,0.2701209732459828,0.33815145573374294,10.747242096478324,0.04200645108707249,0.1940970456802089,0.10055246998555958,A042trk16,stairs_10_down,0.18601884449867,0.00989377498626709,0.0023223397506541704,17.367058096888748,12.508238673084193,0.08737802197846274,0.17768889665603638,18,0.3089352004413299,0.47252574577917494,7.337855377975532,True,101,0,2.0
19.98,0.008994735825700434,1.0,0.3462483198980596,0.4103963807588133,10.68758498451175,0.03593566777184606,0.15545125959407716,0.09321541597135365,A042trk16,stairs_10_down,0.19794257598764753,0.01299712061882019,0.008144895979776318,18.741491405466608,12.23734766901343,0.15282038941358528,0.22950395941734314,19,0.3300143687164082,0.45995281447949166,10.86155329300919,True,101,0,2.88
19.98,0.007830958053744579,1.0,0.36527974645243616,0.442148502368958,10.213861766750936,0.03551136943511665,0.14976669973888004,0.09494812435819767,A042trk16,stairs_10_down,0.1699428748000752,0.0,0.011394943299288944,19.198342043166793,10.802103641885974,0.14995324239134789,0.268680602312088,20,0.3306952650215536,0.4165439990031112,9.21129404510197,True,101,0,3.52
19.98,0.020221427939723823,3.0,0.31700551001783356,0.43844805987269114,9.233093265369883,0.03208284107968211,0.2090126890474051,0.11410434324294329,A042trk16,stairs_10_down,0.17222165902030662,0.010718047618865967,0.016780038217739175,14.804248449253102,8.477944824597346,0.36918772029380004,0.5316294729709625,21,0.3225410885861851,0.3979163069521259,6.8016999557624835,True,101,1,2.54
19.98,0.02189201326724178,1.5,0.3213085957373527,0.4570653751542511,10.867332902540285,0.03082018654793501,0.20588200770094794,0.10256039910484105,A042trk16,stairs_10_down,0.15266177966632943,0.01965254545211792,0.023559247587362518,20.81469278922921,10.667515962164787,0.264220467718939,0.4625670611858368,22,0.31723066839304837,0.4225130750376676,7.972860529810882,True,101,0,2.7
19.98,0.017112830810841837,1.0,0.25900299357857937,0.3303264876666575,12.389725775236048,0.034674639676813966,0.14924632072529734,0.15884926659520715,A042trk16,stairs_10_down,0.1858277885034123,0.0056784749031066895,0.0023262297910363163,20.588397992416922,13.403797135946572,0.030972730023010323,0.20933672785758972,23,0.30968464312068916,0.4990900403736497,10.162599230089713,True,101,0,1.8800000000000001
4.84,0.04036566815769236,1.0,0.24596002123413235,0.40667712125548916,9.190233581816562,0.04730286601930857,0.297146056411848,0.1623004785180092,A042trk16,stairs_10_down,0.15470603108406067,0.03650963306427002,0.0314913722724726,15.433052547023442,9.505046743892077,0.22900884573658306,0.6445027887821198,24,0.28590566067772116,0.533502479960111,9.375342553061095,True,101,0,1.74
19.98,0.00931609171503599,4.5,0.3510694648301537,0.47149972226617143,10.53558045587722,0.03421956017613411,0.1683087631726124,0.0827526268735528,A042trk16,stairs_10_down,0.17056392364323458,0.024000316858291626,0.04799231811663959,16.23559009274631,10.870181122788846,0.2042331241071224,0.4302889108657837,25,0.32202969606547427,0.5185591057068432,10.22398498707857,True,101,0,3.36
19.98,0.011548797285328285,1.0,0.33015958183430094,0.4610350760010259,9.536222523572263,0.035508749037981034,0.1832310673799654,0.09583996458910406,A042trk16,stairs_10_down,0.18500801904953734,0.0036701858043670654,0.00326605672916206,18.62927566777677,13.323410642638857,0.14600229897225897,0.24005845189094543,26,0.31785418028499995,0.4665010192877198,9.485790749822293,True,101,0,2.7
19.98,0.01542523394989447,1.0,0.26387716700208375,0.2994964509057768,12.87749636129862,0.054512543235905465,0.1618478513255615,0.1513363917870447,A042trk16,stairs_10_down,,,,,,,,27,,,,False,101,0,
19.98,0.03268230728652576,1.0,0.2799286226410279,0.3887281673773028,10.238944471869557,0.04369149405509234,0.23536914803495054,0.11095861201174557,A042trk16,stairs_10_down,0.17293634421047677,0.05276849865913391,0.026742422015231915,18.29135474107001,10.312700399578343,0.2726413652300835,0.42026713490486145,28,0.3249538210751538,0.49730794222629554,8.634227453754935,True,101,0,1.9000000000000001
19.98,0.01791618745309391,1.0,0.23505982652864355,0.3113011002261333,12.012658794675346,0.054042151113972065,0.1840230092978117,0.16426651189103722,A042trk16,stairs_10_down,0.10560674718357022,0.0,0.006748016908816791,28.303311580638667,16.727765218447697,0.009428068312505882,0.1083269715309143,29,0.27219417058847806,0.49163151058366256,10.391906094073336,True,101,0,2.02
19.98,0.010340921620083602,1.0,0.35974197340202835,0.3725657417349659,10.317554618326692,0.0338370319083333,0.16049004133115669,0.10898547657765448,A042trk16,stairs_10_down,0.20366961465162392,0.00703766942024231,0.0012948087942466157,21.56575995170689,14.057783142170335,0.09445819122095903,0.21603554487228394,30,0.33126807312914397,0.3760090509677998,8.054904968430396,True,101,0,3.9
19.98,0.024982826227342537,1.5,0.29101764468745117,0.419734401135833,10.221505908143401,0.03810975842177868,0.23779400084842614,0.12356445675715805,A042trk16,stairs_10_down,0.16695912142488412,0.03253734111785889,0.0052119738941475355,18.59407097749294,9.82292392857414,0.3238625199099382,0.4974275827407837,31,0.32777488662597337,0.5051841304707443,9.49519114717634,True,101,0,2.08
19.98,0.021897969286472772,1.0,0.2648677840430469,0.35662685978967235,9.422183877104633,0.05759967202786356,0.16466704699019843,0.20014573845081032,A042trk16,stairs_15_down,0.11519892234853246,0.014704406261444092,0.003466597656088859,31.831633519244264,17.36212301105918,-0.010461394671971599,0.1885637640953064,0,0.28281911314490005,0.5149175099624853,7.800930734461332,True,101,0,2.2800000000000002
19.98,0.009345862039898371,1.0,0.26647987975474985,0.2479672796063172,11.14464778842835,0.03406002767849713,0.15587079627045003,0.10674032833427191,A042trk16,stairs_15_down,,,,,,,,1,,,,False,101,0,
19.98,0.00997288251102681,1.0,0.33196646102290744,0.45081146110852655,9.30159257925977,0.03787957169115543,0.16641843332721795,0.10410015236819163,A042trk16,stairs_15_down,0.1728896316997508,0.025409340858459473,0.0054804948499574705,13.300700002396427,9.725382809095883,0.13292869354598225,0.2847999334335327,2,0.29993283904172524,0.5132186818046638,8.160426841260778,True,101,0,2.92
19.98,0.015194335708545862,1.0,0.24281860936453,0.3278555753633618,9.965168150002413,0.04172719566849992,0.16850891485472194,0.14903256939491258,A042trk16,stairs_15_down,0.13651375592073656,0.015821516513824463,0.021951424592299755,14.475552350955661,10.908280003063265,0.08117241659667343,0.24357140064239502,3,0.2887621047407548,0.4675592983806,8.752837214476122,True,101,0,1.98
19.98,0.011398827917403239,1.5,0.31134116354473135,0.4776805054946855,10.079843688108928,0.03417280919849872,0.19026100695917703,0.09585363497026264,A042trk16,stairs_15_down,0.1257720851005717,0.001967906951904297,0.0036239174790233734,21.75722880854798,12.016402077466669,0.13103712739422918,0.3204464912414551,4,0.29615185287546986,0.5029949704812219,8.971682343100937,True,101,0,2.58
19.98,0.007728122697370371,1.5,0.35466174311497634,0.34362466872890496,7.977886377725091,0.029564659744501114,0.13632261957463307,0.09527377591468394,A042trk16,stairs_15_down,0.18311596522356732,0.028547585010528564,0.002182136590326762,14.622618956044404,10.86842425098144,0.1406697468707959,0.3283783793449402,5,0.3111503079103276,0.5027287982487528,9.105056083421195,True,101,0,3.3200000000000003
19.98,0.007909296834977111,1.0,0.3689900590519216,0.4111782593458171,9.683205670348928,0.03612442333251238,0.14704889307148863,0.09900295838247984,A042trk16,stairs_15_down,0.19016996073850334,0.020747661590576172,0.003297442562222487,14.78486957459704,11.00975057796176,0.14759629780271402,0.27766525745391846,6,0.2977381144870412,0.4271146930055555,9.281751938834805,True,101,0,4.58
19.98,0.007500881954806204,1.5,0.3642873501108292,0.43428653318066,10.50684219527767,0.031212577819824217,0.15222312237055366,0.09384042089106515,A042trk16,stairs_15_down,0.17630185067334914,0.0,0.005692792712745025,14.24951893044209,8.730113140464562,0.11089282720039288,0.255313515663147,7,0.31488643169403074,0.39833472349294047,5.9858832871891385,True,101,0,3.72
19.98,0.011000256284522192,1.0,0.33519821390429927,0.4739950230614704,9.736954495932443,0.03078776240814477,0.17919734501115428,0.10928814187645912,A042trk16,stairs_15_down,0.14790426696685544,0.012858808040618896,0.0029093924550562043,17.552158472914225,11.245684603114212,0.13485938756881902,0.2818197011947632,8,0.3168024682361174,0.5135803965812851,10.252683720510761,True,101,0,2.7600000000000002
19.98,0.00763274658455152,1.0,0.36056793926233915,0.41213586215026643,9.732789024140693,0.03206438317894936,0.1483904232227802,0.08876058949157596,A042trk16,stairs_15_down,0.127721065824682,0.0003102421760559082,0.007235198140427412,13.796944110545873,6.753930257904013,0.15717374806602796,0.2712711691856384,9,0.3180058954106295,0.4450872946498656,8.244504856504236,True,101,0,3.24
19.98,0.010932461711324334,1.0,0.3389263134429799,0.4757928222098768,10.125090010371476,0.03186606196220964,0.1851523606829195,0.09048728556605055,A042trk16,stairs_15_down,0.1587405832693538,0.01471710205078125,0.0018144807679692646,13.583413644236732,8.884727553448087,0.1073851454956457,0.2141997218132019,10,0.29147952412538986,0.5190566210609725,10.762521618835015,True,101,0,3.24
5.4,0.027876283991036057,1.0,0.23858544964203862,0.26896659872904183,5.948816240958893,0.04248194202780724,0.17714942908273276,0.11864160473574885,A042trk16,stairs_15_down,0.158665755853296,0.03289234638214111,0.009259170604779144,12.393760608015523,5.921154455857079,0.09697008389979601,0.3367096185684204,11,0.2635271178082349,0.4961958669819711,9.329764517223644,True,101,0,1.78
19.68,0.02109179778562071,1.0,0.2414756849806577,0.34836565217409676,12.50955045159733,0.056223278802353886,0.1689434734492622,0.16516691233031452,A042trk16,stairs_15_down,0.10659783186122063,0.008795380592346191,0.003919120733632679,31.3904949108401,17.965866332868867,0.04658268924336881,0.17657727003097534,12,0.3014956145618051,0.5065313506553045,8.11739361537298,True,101,0,2.02
19.98,0.014892102532316088,1.5,0.27669292917863575,0.33680719139776805,8.110782422812072,0.048158281724900005,0.17020288160770217,0.16396699415054172,A042trk16,stairs_15_down,0.11292624091082082,0.027424335479736328,0.01683823035564322,26.13917105428949,11.253403322401855,0.053958764498432475,0.3754660487174988,13,0.2783354230870538,0.5240833035005454,8.128321443212053,True,101,0,2.34
19.98,0.01389222966680363,1.5,0.25308016094613206,0.25562862194116376,11.040179656723014,0.03465687277726829,0.16787823732231666,0.10495287057943642,A042trk16,stairs_15_down,,,,,,,,14,,,,False,101,0,
19.98,0.01367486842760346,1.0,0.35256406741027524,0.4274838128845856,10.289301944104993,0.03528622273355722,0.16764758882904976,0.09168141041416675,A042trk16,stairs_15_down,0.15960233638630827,0.03689408302307129,0.017853402559744394,11.67559967709097,7.2157065823892035,0.22316378319015107,0.3767162561416626,15,0.31666372575861884,0.4781472411390919,9.854307524466206,True,101,0,3.36
19.98,0.00954689284782187,1.5,0.3327090255971899,0.452185476776027,10.003486820661374,0.03502803295850754,0.1832140009593283,0.10746983598917723,A042trk16,stairs_15_down,0.19922310719515546,0.002919018268585205,0.00321920498048584,14.92992321125049,11.74666405236942,0.09780150362600883,0.24484843015670776,16,0.30697212387533745,0.5006241624250785,10.312989183268972,True,101,0,2.8000000000000003
19.98,0.019921595531943476,1.0,0.24683802696791562,0.3388410324790867,9.88488611001706,0.0459337787469849,0.18256249021185758,0.12267176318913699,A042trk16,stairs_15_down,0.14397606269561036,0.006629228591918945,0.004323028905548129,16.57833568117227,11.599480863317627,0.08550083342008293,0.24751275777816772,17,0.30040200410679696,0.5044158430461329,9.920634467902365,True,101,0,2.0
19.98,0.010088244068624703,4.0,0.24901079630788,0.2966693217621446,10.035046766489712,0.035361551763489846,0.16836004575070243,0.13434133931994438,A042trk16,stairs_15_down,0.17858115141404507,0.006024599075317383,0.004443409637339051,14.23715166298119,11.15839856361821,0.062265779270480076,0.289936363697052,18,0.275522982117964,0.4963226117247732,8.097793166069163,True,101,0,1.98
19.98,0.0089949265970397,1.0,0.3369003179239079,0.41594523234768815,9.852848992364702,0.0364986209012568,0.15759996187220499,0.09217279240489006,A042trk16,stairs_15_down,0.19505424614258626,0.0182192325592041,0.005673327205190949,14.306057908986428,10.143743958854335,0.14054741844534874,0.24227797985076904,19,0.31456890622562267,0.49756161329031845,9.731352999148548,True,101,0,2.84
19.98,0.008272176970419567,1.0,0.36392170602625074,0.4384384624292254,10.123791130351561,0.03432703667320311,0.14773614626331794,0.09237374603515491,A042trk16,stairs_15_down,0.17695546660193784,0.00012117624282836914,0.006803683970600862,14.202283470777799,10.209010619582394,0.13456385045467564,0.27583539485931396,20,0.3072018990542162,0.44120764580953775,8.981294493437526,True,101,0,3.52
19.98,0.018712723192690118,1.0,0.29912712890196613,0.40093063151894254,8.867695530806092,0.03631888802163303,0.19114624514567213,0.1090831452049315,A042trk16,stairs_15_down,0.18262532624331385,0.0030980706214904785,0.0038573616750190833,13.762232192043285,9.512994466190872,0.11054392577459415,0.30909329652786255,21,0.3049176898232118,0.4331959216963092,6.3266947069407555,True,101,0,2.48
19.98,0.019215589039942266,1.0,0.3047177925721847,0.45696593125820634,10.551584627808145,0.03928213996812701,0.1976002214457145,0.10058493819087744,A042trk16,stairs_15_down,0.12849217015791703,0.0033188462257385254,0.001049947347451789,23.989808756341134,16.923265391962097,0.11740242771338671,0.26776790618896484,22,0.2913090459293223,0.43622031997066624,7.904116841405892,True,101,0,2.68
19.98,0.015000299698707347,1.0,0.24010774935630555,0.28946454579981273,10.467074889649389,0.03546295917243697,0.1503954438857615,0.11873544106492773,A042trk16,stairs_15_down,0.177376846259928,0.008213639259338379,0.002276175961387972,14.280245837698336,10.958336971767613,0.014891317626849438,0.1635432243347168,23,0.2818314299481438,0.5262766716801659,9.485407534169651,True,101,0,1.82
3.2600000000000002,0.03236351864623485,1.0,0.22823252976259442,0.35359624679069074,8.923492464971911,0.0420236848667264,0.2405710465302997,0.14870662278030067,A042trk16,stairs_15_down,0.13786725660058907,0.05652874708175659,0.03510628243919735,14.230359766503263,8.69178664949824,0.19480869725346564,0.45040249824523926,24,0.24992206300643677,0.521810638509739,9.152659893400095,True,101,0,1.74
6.5600000000000005,0.008200221382348475,4.5,0.35177376336592403,0.4727890514502674,10.605543175292645,0.034308648556470873,0.1534161062312782,0.07992956539150327,A042trk16,stairs_15_down,0.15881270138337655,0.010551929473876953,0.00215187585321683,11.775051118939617,6.830671021605782,0.16484113348337512,0.403381884098053,25,0.29618568208765855,0.4969904102423924,10.285311439368844,True,101,0,3.36
19.98,0.01316982134392279,1.0,0.313665678284385,0.46809068671148696,9.582996961331789,0.03411249563097954,0.18439965496870497,0.1037923520989716,A042trk16,stairs_15_down,0.1730116459137616,0.007583677768707275,0.004508627578955545,15.577791613772169,11.21387865025034,0.1302582152125736,0.2548098564147949,26,0.298648643990889,0.4763414570799871,9.649499136926408,True,101,0,2.68
19.98,0.008124384558896084,3.5,0.24684617263429304,0.25687168656370657,10.97390684227683,0.030228204338927752,0.1459340047910361,0.1280087588354945,A042trk16,stairs_15_down,,,,,,,,27,,,,False,101,0,
19.98,0.012568178307545644,1.5,0.24053528666177534,0.28994616402503604,11.172357064772768,0.03795011004433036,0.15760670809792837,0.12690198198193683,A042trk16,stairs_15_down,0.179634356881208,0.0,0.008146643644708084,14.93836458638774,11.760528087810998,0.06429278952380021,0.22045224905014038,28,0.268405738884115,0.47375018032469973,9.693939179443873,True,101,0,1.94
19.98,0.012342251707529258,1.0,0.22227906187906624,0.2896809896138192,11.896456093865517,0.058303741880226884,0.16766675169710493,0.17829016509465873,A042trk16,stairs_15_down,,,,,,,,29,,,,False,101,0,
19.98,0.011373344472648437,1.0,0.3560631084155272,0.3763260697633971,10.234688120478815,0.03243135800585151,0.1578555474935326,0.1148918704688549,A042trk16,stairs_15_down,0.20271505869646123,0.006219387054443359,0.003752715697334368,16.134917643799078,11.836896294587907,0.09369444787502289,0.28123408555984497,30,0.3058658123398847,0.45639325001150943,9.487982232290431,True,101,0,4.04
19.98,0.015719560844185,1.5,0.2685644092247448,0.34118227020933994,9.801836097522298,0.028087419858202338,0.17451488382100633,0.12457337074913084,A042trk16,stairs_15_down,0.16123261617466733,0.012907981872558594,0.010463661867986848,14.151527644895163,10.455998216071935,0.1035469803834955,0.18749237060546875,31,0.3068196362352626,0.5275799556462843,8.78125664061854,True,101,-1,2.06
19.98,0.02637793809568272,1.0,0.2256985052113227,0.25819470354869645,12.105083458361868,0.04573625137563795,0.16401056673103698,0.13453449557069688,A042trk16,stairs_10_down,0.168639062241437,0.01701974868774414,0.002106790193109668,16.985936125955966,12.698099351090924,-0.015625741770491003,0.16554519534111023,0,0.28730304478961516,0.5101450186563402,9.47882355659668,True,202,0,1.7
19.98,0.020551797582167162,1.0,0.21276183471163324,0.20717307680876043,12.542939947081022,0.03615205815949594,0.18555456928487968,0.11740800774190575,A042trk16,stairs_10_down,0.11300231205588351,0.0,0.010616780223534072,18.81134743548634,12.594079368725964,-0.004269791474410643,0.022548437118530273,1,0.17602198289677418,0.05442452474337107,12.293264414865366,True,202,0,3.7600000000000002
19.98,0.006364637111099814,5.5,0.36858576644869406,0.3536921078218777,9.563817276789077,0.02986298280884512,0.12187363374050832,0.1023173776443582,A042trk16,stairs_10_down,0.17097716758595427,0.012928783893585205,0.00245452957871562,18.956476337019488,10.700904740947196,0.1676220538680597,0.22514909505844116,2,0.3367370344738272,0.4897994366380665,8.798577857412493,True,202,0,3.56
19.98,0.023151098264776036,1.0,0.27638031975470767,0.3452865789200108,10.547680421670538,0.03994060521945357,0.19093575846942445,0.11082911502569914,A042trk16,stairs_10_down,0.1712691809404343,0.012078672647476196,0.007874422960933753,17.813808255015445,11.610408068291427,0.10448853246246775,0.17583295702934265,3,0.3222408819836092,0.42396663701826454,8.681459856698327,True,202,0,2.06
19.98,0.011843442167643676,1.0,0.36436178008980924,0.41249473655026037,10.023393034911761,0.03563700407743454,0.1557223736524053,0.09752919353544712,A042trk16,stairs_10_down,0.1718809501053815,0.0,0.02209145817508301,19.03351087032249,11.047482772676398,0.15039899058640002,0.276917964220047,4,0.32574659543878887,0.3892453196365288,7.141827073597444,True,202,0,3.54
12.56,0.030412446672533705,1.0,0.25800535377015404,0.4260891162741366,10.44982419808647,0.04288874316960573,0.29473371691440997,0.139015270806849,A042trk16,stairs_10_down,0.15815173750892675,0.06909000873565674,0.01705455217698156,16.45606389907424,9.849305813463394,0.2825560276210308,0.5928978323936462,5,0.2973999713002679,0.49656395176681906,9.493039953499814,True,202,0,1.84
19.98,0.021467357956930062,1.0,0.26447689122854073,0.41789247289239095,10.705543229365079,0.04350276503711939,0.22779904952372035,0.13960058241151274,A042trk16,stairs_10_down,0.1540462304564083,0.011004716157913208,0.010789358546109998,16.240438647596783,11.300386653530431,0.21372943131563565,0.3448270261287689,6,0.30273910841839835,0.5243115975957223,10.058846583289569,True,202,-1,2.02
19.98,0.022328224962608743,1.0,0.2461879936944355,0.2735444574378378,10.79493881888816,0.03324059613980353,0.2364651104767446,0.11807349770795554,A042trk16,stairs_10_down,0.16654350030868448,0.02182978391647339,0.002801913505825391,18.183332396506195,11.031148919449354,0.07121414445418243,0.3461398184299469,7,0.3049420907981893,0.5011502555090868,7.066608496500212,True,202,0,1.8
19.98,0.023059082714808374,1.0,0.29476394653320315,0.47278610280677486,10.440454506533337,0.04107914637774229,0.22662189193297338,0.10588112734258175,A042trk16,stairs_10_down,0.15816891320886461,0.022915750741958618,0.008173344414303535,15.759199303782564,10.004479231263431,0.24343237850815058,0.4287794232368469,8,0.2999199486735033,0.4734609598757442,10.842245422836777,True,202,0,2.44
19.98,0.019835810472897963,1.0,0.2638444094543151,0.338224486223844,12.689487618245629,0.03427086271112785,0.18605962738687118,0.11646102543454617,A042trk16,stairs_10_down,0.17383260921360977,0.005850046873092651,0.0007604821554071199,18.855557068928167,14.031811566638419,0.07721228878440646,0.2704009413719177,9,0.3202030374723322,0.5266539761209382,9.95236940694957,True,202,0,1.8800000000000001
19.98,0.010148203648945149,1.5,0.356145872433874,0.4391672790149771,10.483139711684334,0.03346868295222521,0.1656777094196983,0.09682246421929448,A042trk16,stairs_10_down,0.18258281586004454,0.023402869701385498,0.06409378568583098,18.95186065836395,10.544573750073631,0.13365419656038285,0.22253170609474182,10,0.3336295028485079,0.4607738745881311,9.274847456190383,True,202,0,3.42
19.98,0.012229934396533405,1.0,0.3470068624759104,0.47472179728205716,10.75375122132322,0.03654329108074308,0.16372873067900806,0.08310019959695637,A042trk16,stairs_10_down,0.1793608369036792,0.05892404913902283,0.06675087379653101,15.267794625217023,10.267339237562902,0.410004398090144,0.6143875420093536,11,0.31394883737207097,0.4555758630474843,9.216683162481974,True,202,1,3.24
19.98,0.019085752369779555,1.0,0.30324401581988614,0.43551537011180996,10.121085280526122,0.03700427882373333,0.21115362565714943,0.1491353457979858,A042trk16,stairs_10_down,0.18696567479939386,0.044549018144607544,0.03247923665090629,16.244968391993737,11.413378378746165,0.23583086147904397,0.4334278404712677,12,0.30204802478061,0.5329685522958743,7.85692571212463,True,202,0,2.56
19.98,0.012470340033617142,1.0,0.3524591336291742,0.399552182189591,9.10744504893965,0.035143735706806185,0.15318389285152234,0.09460090678185225,A042trk16,stairs_10_down,0.19759240969617098,0.007759898900985718,0.0012256248380950426,19.326459242290454,13.540443683091409,0.14146475391772886,0.23046210408210754,13,0.317447683690066,0.4417319895809029,8.615269955434407,True,202,0,3.2600000000000002
19.98,0.00829179959473218,4.5,0.3279860206641616,0.4980472452569532,10.56780522006218,0.02947887435555458,0.17226893724001285,0.09270779020618647,A042trk16,stairs_10_down,0.16205584843528464,0.01268032193183899,0.001362596006673769,16.433154915424552,10.793964875686036,0.18905883754758784,0.2462536096572876,14,0.3109042111820078,0.5074945320918508,10.33859487413269,True,202,0,2.68
5.7,0.009565416388182514,1.0,0.34341061462214933,0.46640896166937174,10.158406169454466,0.03214384123682976,0.1631492960878045,0.08480061132460832,A042trk16,stairs_10_down,0.1526177139843211,0.037493616342544556,0.04903879889284918,14.286364078299764,9.248918772339914,0.36114949978888033,0.5611315369606018,15,0.31930771860846857,0.5184502351123121,9.494214583854617,True,202,0,3.1
19.98,0.010444766938634335,1.0,0.3365964887295177,0.4077690762968509,9.666059687822768,0.033422126098303126,0.1622195650570074,0.10112987303407862,A042trk16,stairs_10_down,0.15854754661493764,0.039793968200683594,0.015981787505246564,18.567652019831236,11.039263780249804,0.18013948790573825,0.34408122301101685,16,0.32528054899710385,0.46093434477841966,9.99167713432852,True,202,0,2.52
19.98,0.027312297594286907,1.0,0.28367097933502755,0.4290350724182458,9.759217989097984,0.03840438272804022,0.2643719859297586,0.10140885136090219,A042trk16,stairs_10_down,0.16247958821408892,0.035548627376556396,0.030833443619933534,17.884625277076072,9.17250905915319,0.32561079065004983,0.5916215479373932,17,0.31898816477806174,0.5143754700653947,9.69544277173468,True,202,1,2.06
11.58,0.028256454702613544,1.0,0.3046410890314031,0.44694865876676443,10.464949579103637,0.035373124331235885,0.23480527563899306,0.09435283034807071,A042trk16,stairs_10_down,0.16892840677404153,0.031427860260009766,0.04079175231691599,18.11729128314976,10.180053624697925,0.33553575875858466,0.559660792350769,18,0.3314154693468369,0.4973245084518366,9.351922181828455,True,202,0,2.2600000000000002
19.98,0.02314402205970219,1.0,0.2840442584415171,0.3515095464038546,10.852776233696328,0.037072488185949624,0.18971169625468098,0.12317694193450734,A042trk16,stairs_10_down,0.18644848609353126,0.011008352041244507,0.0010557845543799093,19.613498760612448,12.946505052095297,0.0829730672861236,0.1831457018852234,19,0.3264407577234156,0.4301443557951628,7.40872968019163,True,202,0,2.04
19.98,0.0166602922888574,1.0,0.3410474175692879,0.48316912525137595,10.065760608627699,0.03338892996311188,0.16995620268119876,0.0847499735467136,A042trk16,stairs_10_down,0.193534014378002,0.0,0.005694043428736339,18.65688086888609,12.976312757552154,0.11175617654497425,0.2421744167804718,20,0.31106678170953844,0.4794602878259763,9.252436067916507,True,202,0,3.24
19.98,0.009117517686438929,1.0,0.35376929719658456,0.4265458929455864,9.030946668514362,0.032415885329246524,0.1555280182605381,0.10992586839944124,A042trk16,stairs_10_down,0.20342677130418663,0.020282477140426636,0.005771586053995195,21.010217798634766,14.381782491350043,0.12317145293268064,0.2529814839363098,21,0.32033278866885184,0.4981265392121206,9.498860005389338,True,202,0,3.2600000000000002
19.98,0.03488931217640322,1.0,0.24290995474964538,0.3851072054424289,8.723715538707578,0.04605922808870673,0.3014947677792973,0.14361892316490413,A042trk16,stairs_10_down,0.150306887327031,0.03808563947677612,0.0070000155659595545,16.597427676075597,8.44449340765,0.2018826273952921,0.5141206085681915,22,0.29875562389266686,0.5443979342768609,9.453173674063882,True,202,0,1.6600000000000001
19.98,0.00995739164129241,1.0,0.3180420921113402,0.48607730302063445,9.850714735279391,0.039931309893727306,0.1775954707079881,0.09789490009658039,A042trk16,stairs_10_down,0.13519032530606112,0.003075242042541504,0.011148065015477607,17.91840050243031,10.645320068104077,0.2437309474746386,0.43208450078964233,23,0.29810402712719963,0.5051435114877154,9.243409108535353,True,202,0,2.58
9.72,0.03206799627019096,1.0,0.2700894695759457,0.40076317732695793,8.72998607305745,0.04520967036485672,0.265285619732744,0.15168585104867816,A042trk16,stairs_10_down,0.1677812189660608,0.036513447761535645,0.04126653751828481,15.510632036079018,7.809396428285678,0.26551027784744896,0.5347065627574921,24,0.29767747337167916,0.4952887263008155,8.778813211795955,True,202,0,2.04
19.98,0.014805664056309672,1.0,0.26176619238713206,0.33958881689983966,12.365643844479752,0.04655729312449694,0.1647921712117043,0.14839000172913075,A042trk16,stairs_10_down,0.20084959077325093,0.01769554615020752,0.005211827123602038,19.929426646401012,13.951701469157888,0.0008391136179367702,0.18736869096755981,25,0.28837122047011227,0.5174111616461587,11.024152100790456,True,202,0,2.06
19.98,0.016812146160116902,5.5,0.3174720423553079,0.4150903914012759,10.246153502267386,0.036696235090494154,0.20262293996165628,0.1283530053519644,A042trk16,stairs_10_down,0.19391259311992215,0.0,0.009431782047994329,18.44795352124081,10.865973290118085,0.2064467323447267,0.3583453595638275,26,0.32042275071781584,0.31290807691065065,7.6444367877029995,True,202,0,2.46
19.98,0.012089770113104215,1.0,0.3445309040651602,0.456740466723366,11.072676122428186,0.03205576837062836,0.16814946746071613,0.09174466433934868,A042trk16,stairs_10_down,0.17873380114050474,0.0019675493240356445,0.00703728571610433,18.04281505663317,12.539995005819275,0.15120686108246445,0.192134827375412,27,0.3165199710596054,0.4658934977693988,10.22215950688964,True,202,0,3.46
19.98,0.012974934507553472,1.0,0.3509905302253637,0.4408267624020462,10.512199195785088,0.034227281883358954,0.18102488985905796,0.0960852093808353,A042trk16,stairs_10_down,0.18782020077348394,0.0017007291316986084,0.00341382468607753,20.321725888739802,13.02415022185994,0.1507543502825623,0.2090252935886383,28,0.33526504776694566,0.48179056103031054,9.8491418802693,True,202,0,3.16
19.98,0.020795599124854493,1.0,0.26964199152541035,0.3303639454387767,10.468722569608996,0.03663792335835751,0.2184580656548169,0.11714640190592035,A042trk16,stairs_10_down,0.1538067778801535,0.025702238082885742,0.007091190354406197,19.115513482705285,11.791480417982791,0.10516465212994565,0.3094017505645752,29,0.3063881891360257,0.4952499331738071,7.697379039156562,True,202,0,2.0
19.98,0.018611440862906545,1.0,0.31457287622804947,0.46886470382349166,10.722938317498093,0.038279440626502036,0.22171687659399744,0.11375395223964006,A042trk16,stairs_10_down,0.17264248104018964,0.0,0.005315969772669735,17.025462302376177,12.792160545309953,0.12947117149208984,0.22636055946350098,30,0.32023465617455266,0.43839978402476293,10.387904733148453,True,202,0,2.42
19.98,0.017068157940053934,4.0,0.2972136584657399,0.44375695276459765,11.467257785713832,0.04680313263088465,0.18735724849506502,0.13356115840375424,A042trk16,stairs_10_down,0.1973736847148222,0.020146071910858154,0.0015831258982500179,18.54333383856947,12.966659906021839,0.034770874603030584,0.20530372858047485,31,0.2901546482670116,0.5222986170082988,10.35801990488633,True,202,0,2.58
19.98,0.016970644235068603,1.0,0.18180351776235246,0.19041638131537966,12.42918421329122,0.03693019246216864,0.14526293226835713,0.12282249884330668,A042trk16,stairs_15_down,,,,,,,,0,,,,False,202,0,
19.98,0.02453718608066564,1.0,0.19212972883553422,0.24115009406864737,10.68111967913378,0.058862679726444184,0.15800938974696344,0.17526612062705682,A042trk16,stairs_15_down,,,,,,,,1,,,,False,202,0,
19.98,0.01112203649281713,1.0,0.35797103208335324,0.4175503980583062,9.842866118004384,0.02627572225930635,0.15529618239023574,0.09868637733859942,A042trk16,stairs_15_down,0.15554024542079248,0.004140138626098633,0.004045410523051884,15.80345030170867,10.702000560544331,0.15560301593737677,0.22225230932235718,2,0.3093980519146843,0.4642900503691107,8.55513860354984,True,202,0,3.3000000000000003
19.98,0.017645190090645985,1.0,0.24809489503901275,0.31254501458052114,9.688654065360122,0.04860086259432137,0.16639143263727565,0.13069958582520486,A042trk16,stairs_15_down,0.14105301776671797,0.007100880146026611,0.003045270754020513,17.510493998167505,11.36475702838316,0.0764922814288487,0.24337917566299438,3,0.2986544136057563,0.4388455833075949,7.6348692537603835,True,202,0,2.0
19.98,0.011389798591437099,1.0,0.3622057847256329,0.39598832838712816,9.988000224646434,0.0325073467195034,0.1532556376298418,0.09180923681240528,A042trk16,stairs_15_down,0.16334642573473923,0.002255737781524658,0.009477425407337408,15.817513975189257,11.239496121901913,0.1396124823888143,0.2295374870300293,4,0.3114902346401928,0.5010746167007071,9.213894204197578,True,202,0,3.52
19.98,0.02132842885168283,1.0,0.2000956893987197,0.26443091265080054,11.63199493941159,0.042831505881622434,0.20838683859594925,0.13910651392186993,A042trk16,stairs_15_down,0.11799512221851449,0.05087089538574219,0.010136502051999272,24.29837034746553,13.605405679635735,0.02284078810364008,0.4175260663032532,5,0.23307184132662684,0.41840412467192317,9.530873339359323,True,202,0,1.94
3.96,0.02915787400883481,1.0,0.25753191928812524,0.4303478243349527,8.967745797328478,0.04481648894026875,0.23559883401166848,0.14110767512582242,A042trk16,stairs_15_down,0.17051609378447508,0.07026487588882446,0.026733712703173252,13.314883688713293,8.136950279348762,0.29113618296881516,0.5728885531425476,6,0.27792783459240106,0.538728577457631,9.650989157594095,True,202,0,2.02
19.98,0.015049331663676387,1.0,0.20259950159067774,0.2744253987289668,6.901367771611522,0.03622307096025906,0.1622777037378796,0.09102138445712626,A042trk16,stairs_15_down,0.12611361334030646,0.0011593103408813477,0.0012185561069523161,11.514609820388433,6.240011323594075,0.05466190375984297,0.2632066607475281,7,0.2747615312382499,0.5182094316832884,6.683188108087376,True,202,0,1.76
6.42,0.021273078381856353,4.0,0.2858445003230304,0.46504234352615903,9.21365063846751,0.040322945322841405,0.19810139690213455,0.11177566097117961,A042trk16,stairs_15_down,0.13620120350689813,0.0,0.001512627278468957,18.298687333582855,10.990008860535006,0.1337862745874251,0.22084563970565796,8,0.30399007088360297,0.5079904282798359,9.128657060962315,True,202,0,2.38
19.98,0.013829291546871887,1.0,0.24086808685312935,0.29317191208429066,10.678070731797376,0.03931477755308151,0.16233355927275395,0.13166658234549686,A042trk16,stairs_15_down,0.15646090832623571,0.017077386379241943,0.022842612253252997,14.399312106432518,11.152547441381296,0.07229379000763099,0.24305880069732666,9,0.28710894687927985,0.47729048864926577,9.180755272549478,True,202,0,1.92
19.98,0.01096908555050267,1.5,0.3516274020123609,0.44083161117498904,10.316319374403793,0.0329006539657712,0.16555559927820526,0.0944485809095204,A042trk16,stairs_15_down,0.11840003728866577,0.0010979175567626953,0.010442447285300445,13.808552967979493,7.260833605716406,0.19745120552678902,0.2685248851776123,10,0.30483383131537206,0.3577607229967112,8.151240565034668,True,202,0,3.48
19.98,0.012837608342940815,1.0,0.3338415065455564,0.46475179005621603,10.540064308619744,0.04293925560079515,0.16999348364473862,0.08982560345903039,A042trk16,stairs_15_down,0.09081731091208634,0.043543457984924316,0.007698916827771481,21.120139795783448,13.405961608795973,0.12820605533973625,0.2756968140602112,11,0.30194713157766007,0.49834348693852865,7.9142199681029135,True,202,0,3.22
19.98,0.015632849925105715,1.0,0.296440055548826,0.43380766055749426,9.767960765847215,0.03932769050821662,0.18656105524708372,0.1512240335647948,A042trk16,stairs_15_down,0.11138065996017044,0.011363565921783447,0.0022567030541936583,32.37015325224282,16.812086557026127,0.011598072309667865,0.2093881368637085,12,0.29243136154776583,0.5161356871140597,7.622554876359498,True,202,0,2.6
19.98,0.012749742755399411,1.0,0.34580445792904513,0.3993648266471437,9.195035196670768,0.03575278252363205,0.15050962282016647,0.08684628423303366,A042trk16,stairs_15_down,0.19329139096214176,0.014375865459442139,0.003505921232286835,13.671831028462133,10.901371382781063,0.12040537348482758,0.2411678433418274,13,0.29522451427531116,0.4572787260259499,8.424164795368117,True,202,0,3.22
19.98,0.008834804535892199,4.0,0.3214639364366225,0.4911574891933785,9.473679363869993,0.02781336843967438,0.1766913376943539,0.08919473450165243,A042trk16,stairs_15_down,0.1243566402139511,0.009207606315612793,0.012110245013841907,22.977726200790865,12.01575718298154,0.11282361468921105,0.22509396076202393,14,0.3034045122269003,0.46596275965217365,7.961829512448823,True,202,0,2.7
19.98,0.014528515671230858,1.0,0.33698048150475657,0.4713384343460307,10.034272523494549,0.03125798910856247,0.17739161514005358,0.09090355129912496,A042trk16,stairs_15_down,0.15348001342406248,0.0500606894493103,0.003715062502116379,12.354509101858422,8.020649173470156,0.19335166876204313,0.5422413349151611,15,0.304572023044933,0.546862278073181,8.940358817033486,True,202,0,3.1
19.98,0.01096720538547235,1.0,0.31925589017052064,0.4045536907462568,8.858289478255513,0.033669671908719466,0.1903086812736172,0.10666389404330402,A042trk16,stairs_15_down,0.15440502141248735,0.02737438678741455,0.05423444205125745,13.258238235659789,8.990086267341734,0.17258072089403867,0.2991139888763428,16,0.30933031761710017,0.46935810977898157,9.072122515685045,True,202,0,2.5
19.98,0.018011208045311648,1.0,0.2618025106637873,0.3848034969910671,8.021662777776646,0.03254370422102511,0.195821758489567,0.10623387231491506,A042trk16,stairs_15_down,0.15622783790935169,0.026743054389953613,0.001284607697866881,13.98696427552304,8.866189841680399,0.14150164722309758,0.3272593021392822,17,0.2944550770616786,0.5200634528965754,9.108963540271253,True,202,0,2.06
19.98,0.02442597717365833,1.5,0.2820946261717036,0.4320157608092456,8.631136212530993,0.037687540799379346,0.1970563653258965,0.10635568452998996,A042trk16,stairs_15_down,0.12750138732838756,0.008544325828552246,0.00588341999912554,12.437473508719206,6.515092649071017,0.15725371154025197,0.2528741955757141,18,0.3085594368873433,0.5035090412676727,8.395285481688298,True,202,0,2.24
19.98,0.014967904739133618,1.0,0.2611598571800293,0.32758647921042594,10.091634949900474,0.033482187075169347,0.16463519441518373,0.10814603279577568,A042trk16,stairs_15_down,0.17473550212574518,0.012783467769622803,0.004430192585153327,15.097533509834346,11.546349950933632,0.07700019230445226,0.3103196620941162,19,0.29874429410791653,0.5143660283102657,8.20092199668499,True,202,0,2.02
19.98,0.01344375907171438,1.0,0.3346302631545195,0.4841000381725608,10.38390572433386,0.03804753422737121,0.1862350768383007,0.09489900215528906,A042trk16,stairs_15_down,0.15214757326452488,0.0,0.006157509874356839,18.733634965685127,12.732651275519213,0.0795797261223197,0.26248395442962646,20,0.29137943941004135,0.521057432166885,10.795706420369086,True,202,0,3.16
19.98,0.011118629250101068,1.0,0.3473574714163407,0.4192781229277863,8.77422752452791,0.031171500086784362,0.15237735485654508,0.10914894290268422,A042trk16,stairs_15_down,0.13779753478453116,0.0,0.0022387487836097535,24.649198119018124,17.39572654229337,0.12844762520864605,0.2508804202079773,21,0.2831885070086801,0.4148392550330995,10.021288062851331,True,202,0,3.36
19.98,0.014319471185095753,1.5,0.2085089243765183,0.19585408897309814,11.768197343422251,0.03692208075313829,0.14373812618165624,0.1291892680618912,A042trk16,stairs_15_down,0.13852027042664306,0.0003978610038757324,0.003044314090279997,15.516403328099447,13.589380521109511,0.011550496177126965,0.06165057420730591,22,0.17362104046153512,0.033241314281205345,12.530927611153164,True,202,0,2.58
19.98,0.01239295786520482,4.0,0.30360168348340427,0.47133800988791547,9.295875190909404,0.037242613025009634,0.19247298730295073,0.10912444381508976,A042trk16,stairs_15_down,0.12267812560586366,0.008623063564300537,0.006927689303639199,11.597019804093502,6.239196086287386,0.13506604035384953,0.20406097173690796,23,0.29069703975463296,0.5195222647144041,7.017879285879783,True,202,0,2.58
19.98,0.011332273553037432,1.5,0.22457171767790687,0.31805887662635707,6.956574173393819,0.05871448972262442,0.177451287564638,0.13185691435821353,A042trk16,stairs_15_down,0.10424740301733981,0.03159177303314209,0.0039188531748541085,11.68895751954589,6.6964792092778485,0.10761639008919398,0.356040894985199,24,0.2510921666838906,0.5081035725683761,9.338538014718408,True,202,0,2.04
19.98,0.009202601406321976,4.0,0.25371407415458863,0.2931656436909938,10.069972024992806,0.037355317594483496,0.15098717592595112,0.12171806881204247,A042trk16,stairs_15_down,,,,,,,,25,,,,False,202,0,
19.98,0.013912683478884046,4.5,0.30251114499760184,0.3975408331963882,9.546934433418286,0.04116988744586706,0.19419234550986955,0.09999036476481706,A042trk16,stairs_15_down,0.18069179555311565,0.0005440711975097656,0.0026239949751838535,15.330683771725349,11.489042663237928,0.12026704245557387,0.3578692674636841,26,0.29724406095749556,0.3247356278596396,7.350850248079151,True,202,0,2.5
19.98,0.008356255779434505,4.5,0.3456661312943474,0.47962749901236357,10.425250656471178,0.033078392446041105,0.16510675724642312,0.08187657910399139,A042trk16,stairs_15_down,0.1861465662558448,0.02030283212661743,0.005602425523048642,13.504127512831854,11.395371809622198,0.12033824388248225,0.23704171180725098,27,0.29440189153752866,0.5033341646350892,10.586475982140744,True,202,0,3.34
19.98,0.014054732023397642,1.0,0.344102213513405,0.42998663607119725,10.46283467878355,0.03204244278371334,0.18894572160566653,0.09470803239382804,A042trk16,stairs_15_down,0.18470765339499484,0.0,0.0017569885355087393,14.853313565824381,11.788205631351266,0.13848743949706355,0.30834972858428955,28,0.29752848551235095,0.43513969366461075,9.479294120154158,True,202,0,3.22
19.98,0.013397187021721456,1.0,0.24855684016796356,0.32894593477520245,9.902807198337742,0.03489943590131588,0.16887582434753032,0.11382145488401875,A042trk16,stairs_15_down,0.16846631937485967,0.026930689811706543,0.0031637448183777315,15.181638744865472,11.428335127933556,0.06059151966959083,0.2707451581954956,29,0.2765219166827074,0.49192003642206544,8.09985338696942,True,202,0,1.98
19.98,0.016705945728908857,4.5,0.29603487580536525,0.46500611981424167,10.244332838325588,0.03707192588597536,0.20373587344759964,0.10177656348794699,A042trk16,stairs_15_down,0.1597262177875335,0.009233534336090088,0.006707604490982405,15.295393895734398,10.96523898398926,0.12025885193919142,0.18678605556488037,30,0.30901674259155193,0.48361455158866656,9.533701466597554,True,202,0,2.36
19.98,0.016212529346157856,1.0,0.28062296263993103,0.4221617103967991,10.368795322538565,0.04346811406314373,0.2021749337966945,0.12146029317053035,A042trk16,stairs_15_down,0.20890835740349512,0.02644217014312744,0.004552634557469323,14.690617034339892,11.107774188095854,0.026793973507980507,0.22676140069961548,31,0.27282073811413765,0.5097628989926872,9.902172622901938,True,202,0,2.56
19.98,0.010713802788843457,1.5,0.3444464029618763,0.4126969674401503,8.891496594286512,0.03204500675201416,0.15790210952138187,0.0874893644824624,A042trk16,stairs_10_down,0.1760983605754567,0.013805925846099854,0.013499264253951973,16.248422869509447,9.603620050985985,0.1862762621914347,0.30955448746681213,0,0.34380864515024073,0.5184586991335205,8.172322865437396,True,303,1,2.58
19.98,0.020529020794516278,1.5,0.30631681429351715,0.4265400856708543,10.384961305235768,0.03310862397775054,0.19805878712202013,0.13038944223895668,A042trk16,stairs_10_down,0.17707108813811112,0.00340425968170166,0.023128461540736424,15.077472804601236,10.716191380584378,0.24502581540495158,0.408954918384552,1,0.3058659254803377,0.49274486296702713,8.702558579355482,True,303,0,2.52
10.94,0.02633129272555834,1.0,0.29544698023062976,0.39422973299021796,10.404585670394347,0.03407717044465244,0.23830657474867997,0.09265400706790387,A042trk16,stairs_10_down,0.17077408499896207,0.0425032377243042,0.02173034600816429,17.76800454267322,9.110195791192666,0.3316423200815916,0.5058318376541138,2,0.3210515380351939,0.48208410603616286,9.88237661183623,True,303,0,2.2
13.44,0.01710564923517034,1.0,0.35151971340338806,0.4127789285255573,10.963834110571362,0.03341698408126831,0.16926438277976777,0.09957781036384404,A042trk16,stairs_10_down,0.17847119901269515,0.028942912817001343,0.037622284457023696,16.29208543159682,9.740345918845778,0.3320149013400078,0.5001991987228394,3,0.33173396139221395,0.4581544805112028,9.43126599987654,True,303,0,3.4
19.98,0.0332703384207317,1.0,0.26748457211702265,0.4006311877019007,8.608482578730284,0.05602050782646984,0.24881243935399802,0.15947893148753792,A042trk16,stairs_10_down,0.15521207292449668,0.001268833875656128,0.033366832481803894,15.859082217940339,7.400094914628036,0.22206607848405838,0.5131423473358154,4,0.2957273467084303,0.39066745997701086,9.580237980633294,True,303,0,2.0
19.98,0.028711239719106652,1.5,0.28629440558626057,0.35630017478125353,11.09323965771555,0.047889608237892387,0.21114559148086987,0.16731390137225388,A042trk16,stairs_10_down,0.15548485166886272,0.006423979997634888,0.012119223716949408,17.800686837077645,12.271829555547548,0.07684115748852491,0.23511871695518494,5,0.32084020530476287,0.48253130128601035,10.20208933453865,True,303,0,2.2800000000000002
19.98,0.012923976002039957,1.0,0.32954452468112194,0.44045054268586226,10.513450443151221,0.039782003480941054,0.17864125067083084,0.0964166774507612,A042trk16,stairs_10_down,0.1301139768432168,0.023642390966415405,0.013710140712295631,17.44523661367431,9.923095125600227,0.17195114254175375,0.34016892313957214,6,0.3190929369429216,0.5304619168626277,10.217957797674673,True,303,0,2.6
19.98,0.015054376392852861,1.0,0.34969181811905165,0.4533925273072812,10.931577580596704,0.038831621259450916,0.18774400588009404,0.0958980882074684,A042trk16,stairs_10_down,0.18310389337055188,0.05538851022720337,0.06811370334822128,19.25675692286597,10.809462757481835,0.2847273415947954,0.4698529839515686,7,0.3390956519313037,0.4924031272133279,9.50769342318304,True,303,0,3.24
19.98,0.03264068419413594,1.0,0.24371642501118349,0.3678511434212893,8.843370429909992,0.04158642647787929,0.29035157959557784,0.16104853342520073,A042trk16,stairs_10_down,0.14599313057042695,0.020897895097732544,0.006574446860130955,20.113591111667045,9.711530740572968,0.21498014674832425,0.5884818732738495,8,0.28148816097228924,0.5181991561440146,8.235457612962845,True,303,0,1.72
19.98,0.014262623067220457,1.0,0.3289823423604914,0.4406997560733034,10.286233827632639,0.041115942057222125,0.18208707612861932,0.11213932371465489,A042trk16,stairs_10_down,0.17756731449601482,0.030136585235595703,0.027728931710842317,15.864817348013842,10.420533858881427,0.32625690345962843,0.42465776205062866,9,0.3269610849740034,0.4234407167972076,9.46499165070643,True,303,0,2.56
19.98,0.014660612716119778,1.0,0.27043695426401604,0.3062885101758456,13.188058248910009,0.043230576234054754,0.17366800646500485,0.13454128943150864,A042trk16,stairs_10_down,0.20365599913393118,0.002923905849456787,0.0034464723842402784,18.972985086772233,14.954298433242563,0.031064401538072463,0.21494105458259583,10,0.29883835241118856,0.4287363670030039,10.836404339868222,True,303,0,2.08
19.98,0.015070245776300763,1.0,0.28027386585658887,0.33629656974841987,12.580547911961867,0.04444429887458682,0.177078743107119,0.1280231753922999,A042trk16,stairs_10_down,0.19453290168614312,0.005578070878982544,0.008019868730697504,18.377285505469708,14.379370637156962,0.06801841177667181,0.23931041359901428,11,0.30561423533103044,0.4394881684496614,10.581365929256044,True,303,-1,2.18
19.98,0.01035440532401895,1.0,0.3430576109169,0.45463475510714063,9.897868199088226,0.036484486013650896,0.16639698218374013,0.09913738890551031,A042trk16,stairs_10_down,0.1738699161432644,0.0,0.020586956622175644,19.45778396944696,11.233641434973064,0.18187234352032344,0.31462088227272034,12,0.3209035153567472,0.41454383922042654,8.176799015640738,True,303,0,2.86
19.98,0.017456146289325344,2.0,0.32280973966108933,0.4425848962176402,11.189551404275617,0.037557563483715056,0.22761878943818775,0.10731898290105164,A042trk16,stairs_10_down,0.1664628923576783,0.001504063606262207,0.0061047579393103775,19.01349948747867,12.087398558088305,0.16663915956392883,0.30780360102653503,13,0.3258010435805601,0.4268786722613315,10.494545442711063,True,303,0,2.44
19.98,0.012733420382142853,3.5,0.32616811553265324,0.46374204932418506,9.983912688123139,0.034571350133046505,0.17524208223152807,0.09597121158614755,A042trk16,stairs_10_down,0.20060939489201424,0.007748812437057495,0.003966716729628359,19.611982799495923,14.386961786081194,0.07495391070997963,0.16926899552345276,14,0.3045884391012039,0.44021349358454087,10.48105342289464,True,303,0,2.96
19.98,0.025304323084023025,1.0,0.28910779835227973,0.3840972747925066,10.182910539724698,0.04831950819119811,0.24184980429635203,0.1125396298058331,A042trk16,stairs_10_down,0.17510846034090788,0.018499821424484253,0.023850125553239728,19.017849234713996,9.392064019975182,0.28019877734283605,0.5128927528858185,15,0.31425608808344063,0.3893935095524069,8.525735704612265,True,303,0,2.1
19.98,0.02807487504234933,1.0,0.2784042832064118,0.4410284792352902,10.159714952224055,0.04120655424892902,0.2599488102052547,0.11360970103181899,A042trk16,stairs_10_down,0.1516597372962829,0.03474804759025574,0.026346716330267535,16.338354026602108,9.300945876440801,0.2793346999088923,0.5449935793876648,16,0.3165115747286037,0.5337547885150988,9.120674296227202,True,303,0,1.96
19.98,0.014645136016861739,1.0,0.3540426317112331,0.4299893743701053,10.641992153281691,0.0352552979812026,0.15366006244303676,0.09171281054615975,A042trk16,stairs_10_down,0.19252246187969968,0.0,0.0029952884068860813,17.860133012219755,13.33844802043143,0.12880781056747462,0.2541683614253998,17,0.3085652205077085,0.4693878680283286,9.151793782800558,True,303,0,3.64
19.98,0.03604411129939279,1.0,0.23539845478566576,0.36537520601719087,9.711554755581307,0.049069278821116315,0.259041640163584,0.1584770400635898,A042trk16,stairs_10_down,0.16443991087337229,0.09755024313926697,0.016298539547455047,18.122199732459638,9.559294626051573,0.1679516521965464,0.4580758512020111,18,0.20151787379208735,0.2151738961917201,11.80648103064201,True,303,0,2.02
6.6000000000000005,0.012373973183240431,1.0,0.31517689568792434,0.48722256008665193,10.18518713304734,0.03088622696697712,0.199319815541003,0.10563852727413177,A042trk16,stairs_10_down,0.16879577353038888,0.05890858173370361,0.033197837596322236,15.886402809482885,10.18618427159324,0.38508127701779205,0.6311818957328796,19,0.3114498555277758,0.4737018059433147,10.062849913974526,True,303,0,2.54
19.98,0.020790422765184457,1.0,0.19336093444237734,0.19957679785735852,13.485305812278389,0.03441033493727445,0.1672426300677554,0.1176465268433094,A042trk16,stairs_10_down,,,,,,,,20,,,,False,303,0,
19.98,0.009736014685595878,1.0,0.35724566121789864,0.4181540612947623,9.862618973896476,0.03247942358255387,0.1532202104962044,0.11165962802711875,A042trk16,stairs_10_down,0.152895267793839,0.0,0.020447269807660807,16.319891070115638,10.964116173956972,0.2710937347759803,0.39498209953308105,21,0.31238996668295427,0.4576803696777255,9.208281592406506,True,303,0,3.4
19.98,0.02026251384771629,1.5,0.3140879669450822,0.38787105426995006,9.615147358602549,0.04033285539597273,0.1943063996992737,0.14428976872935892,A042trk16,stairs_10_down,0.19443129568813955,0.02981385588645935,0.06199975713177029,15.781515715942563,11.18410409932054,0.2859325692802668,0.5280435085296631,22,0.3005305443409292,0.47867651020980667,9.84840580853592,True,303,0,2.66
19.98,0.01017028740744169,1.0,0.339520999489621,0.46460751410888784,10.451633592555108,0.03333028048276901,0.17164731775962758,0.11406004103831947,A042trk16,stairs_10_down,0.19256933870162551,0.017418652772903442,0.0034137418417144534,19.41984645980875,14.326299966535755,0.1553219002423187,0.25698766112327576,23,0.3237475416877053,0.4832371308305884,9.934442745071438,True,303,0,2.82
19.98,0.03351044891909311,1.0,0.2775535728762494,0.4337426997848252,9.508019016113076,0.041388452798128125,0.29561213552853444,0.10403166453354061,A042trk16,stairs_10_down,0.1560175865091742,0.05334901809692383,0.035864116117237575,16.8324388500231,8.913693282735585,0.2860299104700486,0.5909085273742676,24,0.3009515370532153,0.47353944866991865,9.864830677576967,True,303,0,2.04
19.98,0.00626939002673746,5.0,0.35388442023233935,0.4471777042649815,9.061407191189403,0.031612271098420026,0.15357515079526537,0.09814378973096609,A042trk16,stairs_10_down,0.18987077283349263,0.0036180317401885986,0.03229452709151868,21.158643141259358,11.988846410573315,0.2148739603192856,0.3049910068511963,25,0.3350840365759191,0.49648635106780065,8.312462564476673,True,303,0,2.92
19.98,0.020186448238139667,2.0,0.30320528465158797,0.4079052041177813,9.10638519654883,0.032454522028565407,0.20851032855505267,0.11302643610164523,A042trk16,stairs_10_down,0.1877605736574387,0.05039167404174805,0.03781352528911383,16.34418021882437,9.790458536484067,0.37273048505187034,0.5082949995994568,26,0.3053139796614009,0.40082702009353655,8.735146720546055,True,303,0,2.44
19.98,0.015302320286996742,1.0,0.2375544437558893,0.3215946718272622,10.379552667598025,0.04248631307855248,0.18666307464094795,0.1163353115785867,A042trk16,stairs_10_down,0.15688983641843746,0.014044702053070068,0.009240699071712894,16.32642830718808,10.352142532890255,0.12234566213873525,0.26238784193992615,27,0.30769231059334495,0.49235165005966214,8.389625168641382,True,303,0,1.7
19.98,0.016907218665705694,1.0,0.32388397186357065,0.3537615089886799,9.961659168188273,0.04509087356738746,0.18766723751912795,0.12486596727743744,A042trk16,stairs_10_down,0.19317975449052083,0.0025382936000823975,0.013008043920014497,20.569432647975724,10.85115222629425,0.19335338670605173,0.30917078256607056,28,0.32912533753695977,0.48813821005529945,9.398103259589096,True,303,0,2.48
19.98,0.013844136495580982,1.0,0.35798904290651906,0.37971679805102476,8.558570250085152,0.028303828602656723,0.16329737403770936,0.10301019176840782,A042trk16,stairs_10_down,0.16113323658545387,0.0,0.01831245598819353,16.59135309198696,11.697730989754707,0.12660572338694084,0.3573909401893616,29,0.31779839546922695,0.41722789814913386,10.426619254188964,True,303,0,3.74
19.98,0.0322980908739309,1.0,0.27769097552420624,0.4454520919670449,10.895978535569082,0.06783774320036173,0.24336523006550112,0.13771226841956377,A042trk16,stairs_10_down,0.14004360386394565,0.0,0.018335970150065533,17.815025001940747,11.731044940207415,0.2473232905069987,0.4587531089782715,30,0.3131388907062816,0.4981016372004766,8.378033576856549,True,303,0,2.08
19.98,0.021779963770432672,1.0,0.28545496979180507,0.43154220622322137,11.816371804731654,0.053568967483006415,0.20326426952012341,0.13393264066427946,A042trk16,stairs_10_down,0.17773687919193415,0.03066989779472351,0.004039019117708706,18.194918274345195,13.078105595126182,0.1024041708977893,0.3074735403060913,31,0.31986039352289497,0.5409848866622926,9.890569496145964,True,303,0,2.12
17.46,0.01137727810328269,1.0,0.3281364224078183,0.4090513992545884,9.59228776761534,0.038477251306176186,0.18003172117163174,0.10431187443900854,A042trk16,stairs_15_down,0.17127356108497171,0.07702744007110596,0.019678988670518444,11.986269860982857,7.6716268544227235,0.21713291386763256,0.32573193311691284,0,0.3088282765296691,0.46777103600475917,8.877725872264438,True,303,0,2.74
19.98,0.019317478824623414,1.5,0.290050800707251,0.4226750360593122,9.507865253310305,0.0451142405346036,0.18839404690807393,0.14508086561225356,A042trk16,stairs_15_down,0.15478667027172555,0.001298069953918457,0.03957892590053399,14.678195798670071,9.095007141153655,0.20441833732028802,0.2832964062690735,1,0.2926377109665284,0.5203787579402763,8.67178111965413,True,303,0,2.46
19.98,0.02075347027893181,1.0,0.2704106882102987,0.3996158720478181,8.699482356828518,0.047007239013910296,0.19663512397208757,0.10000100238714367,A042trk16,stairs_15_down,0.12307730173682152,0.015097975730895996,0.005947343281196344,12.651828616584233,6.6930129161305665,0.1425379323710998,0.30451416969299316,2,0.3000488754899744,0.489383000312848,9.279105104684,True,303,0,2.18
19.98,0.013517671246377783,1.0,0.3529088607287024,0.4185659657553571,10.285592665319912,0.03224773555994034,0.15881472629483695,0.1014259677566588,A042trk16,stairs_15_down,0.13133970811405282,0.0,0.003648562893460078,24.769237367573112,12.987472261865637,0.08183864060478906,0.3174707293510437,3,0.2925636929114235,0.3739225883373263,7.620326580656009,True,303,0,3.44
19.98,0.015040842017025826,1.0,0.22229894647623769,0.25910352656460106,13.345833557518114,0.05383042726200074,0.14354704609996416,0.17128267005085945,A042trk16,stairs_15_down,0.11225764031078722,0.005165278911590576,0.0023000707758836967,29.78917824762336,17.884385802625435,-0.017968481238931418,0.07654279470443726,4,0.27134921683347163,0.4279733913832288,9.022600833770259,True,303,0,1.94
19.98,0.023864227753783378,1.5,0.271089882627528,0.35548778150658167,8.49612304299251,0.04952826149761677,0.18648044669037184,0.14378662926144897,A042trk16,stairs_15_down,0.12537698630980632,0.009776830673217773,0.008350718376000578,27.51782157924852,11.570241991069011,0.04523354673137268,0.2218112349510193,5,0.2977834693760795,0.47069647021666533,8.17793186894559,True,303,0,2.24
19.98,0.011648065080270593,1.0,0.3106850685219076,0.4625343271290061,10.005470304801936,0.035462852204218506,0.19736835864507576,0.106866993191652,A042trk16,stairs_15_down,0.13767603438168285,0.009010553359985352,0.008637531755498846,17.98885237478442,11.833116886966156,0.12664534028619528,0.3440096974372864,6,0.29671166075742184,0.5271773478656104,8.720633769904596,True,303,0,2.56
19.98,0.012801251255343062,1.0,0.3464752319279839,0.4621628021670279,10.510057058745922,0.03483736537396908,0.1817758229294202,0.09592754431068898,A042trk16,stairs_15_down,0.16791383850383246,0.01625347137451172,0.0032318352185057276,15.213204293007703,10.99136830096209,0.12577755984539787,0.2530008554458618,7,0.31810506972399627,0.5280983549759565,8.409269914007591,True,303,0,3.2
19.98,0.014445450219599273,1.0,0.19886455412217002,0.18986714131422042,15.257035989402887,0.027549348371103406,0.1497116339648539,0.1595741306617856,A042trk16,stairs_15_down,0.14114275590621217,0.0035557150840759277,0.0009812262386247473,24.726008430620425,21.51850099811651,-0.00033301607084770997,0.06800293922424316,8,0.15027731713126688,0.02014422803276578,23.068989278293234,True,303,0,3.52
19.98,0.013318323907809848,1.0,0.3156343471079586,0.41287735912306545,10.054747483094651,0.04265474245883524,0.17292531707080894,0.11296233650296926,A042trk16,stairs_15_down,0.1710798335585365,0.060551345348358154,0.013867640461671951,14.149977069125079,8.894600294431283,0.2295344410960873,0.4422321915626526,9,0.3102636847266539,0.4364573529864764,9.155714962420605,True,303,0,2.56
19.98,0.009120677271986217,1.0,0.2535998911749233,0.2798452046796841,11.17296513219479,0.031802397906867556,0.15049035075981204,0.11123298075981439,A042trk16,stairs_15_down,0.20345020134818748,0.018305599689483643,0.0015100391856912889,14.24811755748609,11.922101344528675,0.015580738801509142,0.1981005072593689,10,0.27156333078037603,0.4808998872006113,10.671986567078617,True,303,0,2.02
19.98,0.011279144284834211,1.0,0.26636308695862004,0.3328753085103676,10.556384825751627,0.046280396645888684,0.14478486745456898,0.1320571997296065,A042trk16,stairs_15_down,0.18991938759298888,0.016847610473632812,0.0041220123549964086,15.013983242556568,11.772523771024751,0.06386305075759689,0.24361759424209595,11,0.29713176304006317,0.5207444140342318,8.431418348578898,True,303,0,2.08
19.98,0.012447687120869983,1.0,0.3287941410898525,0.45159666035920604,9.461490561640629,0.031659418642520906,0.17543544567490296,0.10584590427577495,A042trk16,stairs_15_down,0.14602672639377612,0.0,0.008118913469393247,15.439942521302358,10.115447271248271,0.13698062755167484,0.3222241997718811,12,0.3007592418614556,0.4078825072836662,7.210965883115922,True,303,0,2.84
19.98,0.015834014795814755,1.5,0.3048203826874973,0.4471159999863687,10.635782343730655,0.04273864720016718,0.2035677122461049,0.10624501585960389,A042trk16,stairs_15_down,0.12922936136072327,2.562999725341797e-06,0.0025660359774762375,13.10607360545345,7.730816526699613,0.17931216604076325,0.329861044883728,13,0.304233591671296,0.4221012250562325,10.022228831525624,True,303,0,2.44
19.98,0.014285273987691121,1.0,0.31333535710120586,0.4695622384584798,10.702736060190995,0.03718203381635249,0.20760403054470267,0.10910260251257568,A042trk16,stairs_15_down,0.11914629732223758,0.00011831521987915039,0.0032643752391690504,24.302420122794338,18.67930766799126,0.06815235753233234,0.16294121742248535,14,0.27437525682908326,0.48198273708559325,11.46698697344499,True,303,0,2.94
19.98,0.018243178858949882,1.0,0.254192580985513,0.3084728983180818,9.621833567800225,0.033527593333274125,0.1594442279582942,0.1265224078670144,A042trk16,stairs_15_down,0.1333079354010801,0.01148366928100586,0.010934545831955054,16.234796114516303,10.542691388355179,0.08207162561515967,0.21081268787384033,15,0.30441857400424976,0.49151288275201177,8.872181269909595,True,303,0,1.96
19.98,0.01670937078080775,1.0,0.2395666485100506,0.36972372817387383,8.19023933639243,0.03884337469935417,0.18453939517186235,0.11165439756587148,A042trk16,stairs_15_down,0.12913727696566657,0.012290775775909424,0.0042201275997221215,13.298829496491452,7.003799189533125,0.12602807382742565,0.25040656328201294,16,0.29530168217133707,0.5446175220777092,8.615326204948794,True,303,-1,1.94
19.98,0.013047827702946175,1.0,0.345371206836267,0.4424848185596285,10.62819579270793,0.0330565591622144,0.1666640837721514,0.09151308509986848,A042trk16,stairs_15_down,0.16385321725498547,0.002485990524291992,0.01277550566600007,14.223370105047596,11.194813462670709,0.11023404587836315,0.2612560987472534,17,0.29496534058116974,0.5274734607386417,9.128674762435955,True,303,0,3.5
19.98,0.012386099235698235,1.0,0.1921563472562933,0.15776915170685488,11.520233586386631,0.037978794113732874,0.13561635243472975,0.13855013567954302,A042trk16,stairs_15_down,,,,,,,,18,,,,False,303,0,
19.98,0.012322502761722297,1.0,0.2960626930604007,0.47108632461246847,10.06602451624708,0.035247534438967706,0.19080906064439565,0.11641730992589146,A042trk16,stairs_15_down,0.10586204598931703,0.017430901527404785,0.007728473805668522,11.137348630169615,6.695979584286593,0.1994833602756262,0.21050572395324707,19,0.29022293758902323,0.49288833770024776,9.646747025645771,True,303,0,2.52
19.98,0.018779714139581866,1.0,0.19739395758684947,0.17769198724451182,11.931064179409798,0.030906902028073092,0.1351757236334562,0.12489598480984569,A042trk16,stairs_15_down,,,,,,,,20,,,,False,303,0,
19.98,0.011393291616128976,1.5,0.35177799066757776,0.4177734412322173,9.308401948168703,0.0319626097381115,0.1706072456337581,0.10857603861019015,A042trk16,stairs_15_down,0.11278474299027963,0.00024878978729248047,0.023812366880928693,11.937365050602194,7.2855566435439805,0.23027753174304963,0.26864558458328247,21,0.29753636746483053,0.48262242005146516,8.04160169783561,True,303,0,3.38
19.98,0.01798536998259596,1.0,0.29595146680260725,0.3513205231057141,8.54842679527674,0.05381373133510351,0.19058497640058866,0.11128062589559704,A042trk16,stairs_15_down,0.10393578834074702,0.09231138229370117,0.0508904124138414,19.105186477601446,10.686868333767102,0.29877578786263864,0.5123421549797058,22,0.22647971942463024,0.24557234435800745,9.610937046794525,True,303,0,3.1
19.98,0.009340021118600994,5.0,0.32813488136638297,0.4899489341927531,10.356819736693017,0.036008241772651675,0.18893022341454938,0.10206397055182606,A042trk16,stairs_15_down,0.1930686487233575,0.001637876033782959,0.003423596249315798,14.594346312779251,11.644047940751106,0.12631501333477596,0.2680942416191101,23,0.30594950035931595,0.5189834894625157,9.742239959940095,True,303,0,2.72
19.98,0.021520923132882324,1.0,0.21891709529779813,0.27893620673049446,7.239779424464805,0.030726143177598714,0.1876672167110421,0.11063749234192073,A042trk16,stairs_15_down,0.12417130100535834,0.019501566886901855,0.0020967487124403513,12.128974686515493,6.649168670449807,0.03506079218350351,0.3222942352294922,24,0.2725394289633807,0.5021639207419212,8.519620966097808,True,303,0,2.0
19.98,0.007994708385825366,4.5,0.34306538633802997,0.45508929638657103,8.972645158839772,0.03290583439171314,0.16728226578843974,0.10241409985348582,A042trk16,stairs_15_down,0.18864915492062895,0.0016648173332214355,0.0057939365833863995,14.21849063413771,11.16904968130875,0.10587704333011061,0.27077049016952515,25,0.3114176743553284,0.5250545111214513,7.795409292800335,True,303,0,2.9
19.98,0.01428733409232219,1.0,0.2853321136223441,0.3854127815828978,8.346777701459121,0.03580825310200453,0.1884502260901948,0.11850103354081512,A042trk16,stairs_15_down,0.1772376040723872,0.10269194841384888,0.07149153581085331,16.825266904554322,10.258990970571755,0.30815133680899937,0.4888966679573059,26,0.2738310508167043,0.4501651721244246,7.24446240607526,True,303,0,2.44
19.98,0.010843121749561388,1.0,0.22542733609038879,0.24049667579369965,10.106523852002496,0.02795268730726093,0.16484282701092995,0.13368972016032785,A042trk16,stairs_15_down,0.17086881686021937,0.011104702949523926,0.0017475924729169511,13.175668552100966,10.315533622062773,0.08471941342887779,0.28941184282302856,27,0.27771743490096723,0.4950889639088025,7.953049726890734,True,303,0,1.7
19.98,0.014666754298324154,1.5,0.27773497800776026,0.3459916964903089,9.839946390240424,0.04074924375396222,0.16156721820132638,0.11569551510270686,A042trk16,stairs_15_down,0.18488281423395325,0.0,0.0030546413492778786,14.619087800760399,11.36315155331884,0.08863942509517074,0.16823410987854004,28,0.31101902445369867,0.468747201294293,7.877044729617921,True,303,0,2.1
19.98,0.01237419564587235,1.0,0.35559153773886637,0.3889506585900247,8.76290952999591,0.02736576572060585,0.1676764380632793,0.10526719445129856,A042trk16,stairs_15_down,0.16141758532447614,0.009038984775543213,0.025467192644617467,14.232874110458813,8.49727344934255,0.20131109634414315,0.2860933542251587,29,0.3146196957832989,0.4148876233903552,6.991759282690086,True,303,0,3.64
19.98,0.016582956692880905,1.0,0.2376340534055934,0.3163231202418966,11.799260219809048,0.055672451248392464,0.16511382994886023,0.19089020512998103,A042trk16,stairs_15_down,0.11193123316382347,0.00423276424407959,0.004796028743530005,31.482454122980545,17.540998037657893,-0.015978078094000616,0.17744004726409912,30,0.2761453386551556,0.5153768596209295,8.674281851051987,True,303,0,2.04
19.98,0.011170652439352795,1.0,0.2668346779964825,0.38093936770087866,10.217268354894147,0.038178619709797204,0.181259469044311,0.12385496988659725,A042trk16,stairs_15_down,0.17467588536879597,0.02183222770690918,0.004801722459045037,13.909977384302966,10.848699436376316,0.10808797261444852,0.23266077041625977,31,0.2964505161193603,0.5391159610967765,8.031786750682606,True,303,0,2.1
19.98,0.022871278921519616,1.0,0.2931416644020514,0.30250231486942586,6.100731243754253,0.06831915266811847,0.19877549675843004,0.1458528149238555,A047flat,stairs_10_down,0.19091220335526904,0.0002028048038482666,0.010455457347569337,16.227318650539974,8.452197781134391,0.03781102549284696,0.28569772839546204,0,0.31808047633120085,0.36461860067647733,4.574086303511491,True,101,1,2.14
19.98,0.009235633866495157,1.0,0.3496913032687921,0.347750038685912,3.87656451618222,0.06465085249394179,0.12290165114544921,0.12215596914058552,A047flat,stairs_10_down,0.2751871973754251,0.012618780136108398,0.022933512126174293,10.273394314519212,4.716971439529519,0.18450677797198295,0.2360709011554718,1,0.33678599771331336,0.3521834437474527,3.60846481319704,True,101,0,5.3
19.98,0.008453132013219285,4.0,0.34647536122543926,0.4579426729231033,2.2265185618778447,0.0675301031768322,0.15518921260721583,0.0853247974300757,A047flat,stairs_10_down,0.2759700814351679,0.004889309406280518,0.008279990326025104,7.440282008754465,4.219172094760847,0.16460688362518947,0.2321965992450714,2,0.34245746869454413,0.46758546492170916,1.8936466286362894,True,101,0,2.48
19.98,0.006519746015105921,1.0,0.3358205363313782,0.2915154759552541,3.740981611778766,0.06425734567455947,0.10833926762290429,0.1222745768132154,A047flat,stairs_10_down,0.30099786347883906,0.003971993923187256,0.05118037703066974,8.541551610988517,4.8151723120566485,0.022895528320223093,0.18889158964157104,3,0.3386550251047879,0.3205380970866473,1.5515758329950182,True,101,0,2.06
19.98,0.005704471526896431,4.5,0.3596225529893197,0.44470649452909755,1.3685145470733662,0.04989927113056183,0.12789927374656748,0.07470742849865929,A047flat,stairs_10_down,0.2609008617579618,0.0024633705615997314,0.016814648450638976,14.295688767188942,6.17083625846345,0.06499678649008274,0.21701306104660034,4,0.34747095958434326,0.4838070206175069,1.1895826127448006,True,101,0,2.62
19.98,0.008346762171510536,1.0,0.3694334961880337,0.43123382422988454,2.328547777240037,0.06962884336709976,0.13973945973057933,0.08978353430517018,A047flat,stairs_10_down,0.2779876717271652,0.002016305923461914,0.01382468474912582,8.087914721596198,3.607537634675872,0.13555389180779456,0.3103494644165039,5,0.35162592375979707,0.438525573392416,2.0025413968004786,True,101,0,2.86
19.98,0.007010554892177706,1.0,0.38691408685343787,0.43324790976297073,1.7524803391480328,0.06602600544691085,0.11881753129650822,0.08908464168198407,A047flat,stairs_10_down,0.21300833652363738,0.008039385080337524,0.04476942251901564,19.584798482056055,6.303739948839665,0.12529126524925233,0.4155665636062622,6,0.35553930611533924,0.4587853110976144,1.3741312389225444,True,101,0,4.1
19.98,0.00720738408569075,1.5,0.38229371720456834,0.44466517462872285,1.359071655476844,0.06324226975440979,0.13157286055552372,0.07975131162442267,A047flat,stairs_10_down,0.23907905275171448,0.015218883752822876,0.021923810776024184,13.873862244230486,5.79519777567425,0.06545204244554043,0.32881274819374084,7,0.35037379416552455,0.4256904519792501,1.4844313404970193,True,101,0,3.46
19.98,0.008247823810446907,1.5,0.3672303194923197,0.4457638100595885,1.8641140094116901,0.06254584365058691,0.13686604652457296,0.09649560346268117,A047flat,stairs_10_down,0.27368686989666946,0.014488905668258667,0.06199120376608838,12.50903773509463,5.210478395736882,0.09958068690573176,0.2575628459453583,8,0.35322032583588586,0.45414893161621867,1.5972058377435687,True,101,0,2.7800000000000002
19.98,0.008644225974923224,1.5,0.3783615637638353,0.43140909181157544,1.94194006517948,0.05957159608602524,0.14039178960866072,0.08393146196380258,A047flat,stairs_10_down,0.28965558677433645,0.008543699979782104,0.01459823053084817,10.087753293237885,5.198879220183342,0.10157184795786937,0.2550870180130005,9,0.3614074724052041,0.45804437907398016,1.2219090038096874,True,101,0,3.06
19.98,0.009086458736996846,1.0,0.36928159012673367,0.45204191157356777,1.9120035526743542,0.04653151431120932,0.13473230414482631,0.09869796525686979,A047flat,stairs_10_down,0.26096265966242005,0.019747227430343628,0.011728688731763741,11.890499792545109,5.083857349136532,0.13271777585769692,0.22529661655426025,10,0.35042220517913286,0.4850778129789823,1.7813372710221835,True,101,0,3.2
19.98,0.01306257134531333,1.0,0.3132663762425994,0.2884867176022902,5.702103981774226,0.05391242273151874,0.1379897202746187,0.12836031449958682,A047flat,stairs_10_down,0.2624973640403646,0.012412190437316895,0.027297948233202595,13.093461792141332,6.197739459046222,0.013834514866272608,0.2883143723011017,11,0.3305654409161226,0.45826806989356045,0.9415956389722544,True,101,0,1.84
19.98,0.017092370032701983,1.0,0.3054692307576776,0.35675394015640266,6.780312751938757,0.056590244774706665,0.1655444200511744,0.10983423511963337,A047flat,stairs_10_down,0.22553119844293845,0.02027866244316101,0.012950927930314627,17.575109496686895,7.479135786516909,0.04041411659369866,0.3889016807079315,12,0.3442182538981106,0.5118050875506143,2.08250137994662,True,101,0,1.92
19.98,0.019144804153117943,1.0,0.3033589200014099,0.32026731456472324,5.415574039885384,0.07649979310110211,0.19575928355556219,0.16263135366607456,A047flat,stairs_10_down,0.22393362614560253,0.0,0.02659607022951453,14.436426743456337,5.634526912367519,0.047262217899163565,0.2271696925163269,13,0.3195014949278398,0.38514818018418073,3.216468947596445,True,101,0,2.16
19.98,0.010956322195644281,1.0,0.3408383955531579,0.2998702475537909,5.660979794025244,0.06342278452590108,0.118548213163488,0.10885486914776266,A047flat,stairs_10_down,0.26258579263075155,0.020225465297698975,0.005262730225580125,13.504551622812727,6.456536281380314,0.17262264367192984,0.25054067373275757,14,0.3284350710884135,0.3984931957107208,2.6532983443229257,True,101,0,8.66
19.98,0.006924230379972064,1.5,0.380954955532589,0.4022921962941009,1.492901602195618,0.04658312167972326,0.12481518539370241,0.0834858206321951,A047flat,stairs_10_down,0.27987228979401413,0.014133572578430176,0.02351354867706838,10.623823636183555,4.899134531290734,0.07302486054599285,0.26023536920547485,15,0.35118066895454325,0.3921621128726684,1.7639651328881942,True,101,0,3.2800000000000002
19.98,0.0070190335601320415,1.0,0.3737538839374634,0.4209983656436968,1.5491072726971782,0.05977437525987625,0.12431494412020988,0.09407996291294694,A047flat,stairs_10_down,0.3043335964654219,0.0041148364543914795,0.005180889074049507,9.347775523856212,5.039292319597586,0.08383645022287965,0.2375967800617218,16,0.35254906341353837,0.4328873085134024,1.496230236342631,True,101,0,3.2600000000000002
19.98,0.006940475236220183,1.0,0.33711949716596046,0.33910564316357694,3.803149811758543,0.05957935534417629,0.12123769648888956,0.10634163840673864,A047flat,stairs_10_down,0.29249014175511934,0.0010224580764770508,0.037046217787713345,9.429192150083793,4.960239084334533,0.04806650800009569,0.22511780261993408,17,0.34566646310734883,0.4442283102150863,1.2436345488117764,True,101,0,2.04
19.98,0.011331009864405439,1.5,0.32756545124047576,0.32171598998249307,5.100598614828921,0.054537696689367296,0.133053264470957,0.09143870074592997,A047flat,stairs_10_down,0.28273256656957824,0.012629777193069458,0.008910364965059982,11.185371337268233,6.947590062548041,0.01986632151529193,0.17892196774482727,18,0.3131002023130815,0.2820118442664718,4.913911440782748,True,101,0,2.4
19.98,0.0058997814971673635,5.5,0.362729739420873,0.46008098713172074,1.3071338577223819,0.06995811149477958,0.1474216542125869,0.09255668013123795,A047flat,stairs_10_down,0.2655739140383062,0.008312702178955078,0.017770065490904288,9.55223995593168,3.4409404224140707,0.1467341852063934,0.2651140093803406,19,0.3528544390329064,0.4563078144685397,1.198997144258354,True,101,0,2.64
19.98,0.009407257027764073,1.0,0.3792076431095282,0.44022497130297206,2.0012896341795217,0.06582051867968403,0.13680996548017263,0.08505819966085255,A047flat,stairs_10_down,0.2981870026193201,0.01406872272491455,0.013998075760806935,9.090142228252157,4.683755289920261,0.05548802780142675,0.23595616221427917,20,0.3473578769382947,0.3858349554367019,1.8398127414227403,True,101,0,3.64
19.98,0.016268039097852953,1.5,0.33061397383238544,0.41011360136216557,4.292591951285878,0.05274312559515238,0.1659667173835578,0.09880790681112557,A047flat,stairs_10_down,0.24335214798463223,0.0,0.028493999265260368,14.513007638374697,6.482334270717647,0.0641112424681584,0.38024187088012695,21,0.34828461024212964,0.48431073620391873,1.5997907002936715,True,101,0,2.24
19.98,0.008684685391275546,1.0,0.36049454715800167,0.4523070849579726,1.850013244418133,0.04134530471637845,0.13980637042518515,0.0869590306468308,A047flat,stairs_10_down,0.203388028125712,0.01712772250175476,0.026480011734525428,19.074225420289277,7.5501867622340875,0.06866702942798535,0.27036890387535095,22,0.3426464743728944,0.46679680270012286,2.3669092778185696,True,101,0,2.82
19.98,0.00851630824512108,1.0,0.3321708760510155,0.2944502556139144,4.621973309908259,0.05303172070998698,0.10891472331319148,0.10692284435033798,A047flat,stairs_10_down,0.2948685457362211,0.005935996770858765,0.005138273367775403,10.818035157838118,5.886710093986777,0.016549592431013782,0.1414872705936432,23,0.33137990201858275,0.3550695640047914,2.9377119542704833,True,101,0,2.18
19.98,0.022743306751785892,1.5,0.27514549057751414,0.3086162342192311,8.496766424159043,0.04614842887036502,0.17508132155521644,0.12466196591034531,A047flat,stairs_10_down,0.20759513990126832,0.056303948163986206,0.0192562737195676,19.44078913121731,11.604831224691443,-0.03309614670773347,0.3689616918563843,24,0.27271612493112124,0.32413126603861864,7.430990784076662,True,101,1,3.2800000000000002
19.98,0.007063099639372778,1.5,0.37513580151738973,0.46129497744452896,1.4009445498496658,0.041193664558231834,0.12543522887137595,0.08068031425587834,A047flat,stairs_10_down,0.2161618676733843,0.0038555562496185303,0.005452615834031739,20.878739780633243,10.269620684583408,0.09120929929117362,0.2876549959182739,25,0.34238413182809396,0.4202325894392361,1.6667687291796067,True,101,0,3.22
19.98,0.007091897216324764,1.5,0.3609276529620675,0.45713798565093966,1.3896598216205218,0.05134006693959236,0.1360230084707177,0.07736188997863792,A047flat,stairs_10_down,0.29584708252055125,0.009839385747909546,0.006935186352556188,10.701510604906487,5.697738991434254,0.07189475276507437,0.24623721837997437,26,0.3491594174010231,0.45275035222326676,1.7680277209705069,True,101,0,2.68
19.98,0.006155250504355451,1.0,0.338675616860071,0.34976106748769964,5.745017621863649,0.0651603476703167,0.10555074145738848,0.09155336591415107,A047flat,stairs_10_down,0.25493769754063,0.00801151990890503,0.030142911083028568,12.716669034600855,7.056390616501772,0.18172159736976026,0.23569390177726746,27,0.3181902610809408,0.28812215156055065,6.331985080243743,True,101,0,10.82
19.98,0.009303776342005741,1.0,0.3287963780027659,0.3345008273184736,5.029119278675184,0.06463473252952098,0.11842448419067529,0.10104434204753489,A047flat,stairs_10_down,0.28435556996952405,0.02156984806060791,0.0057787837371798614,12.851081835333835,6.136960614783269,0.05396729709580541,0.18947646021842957,28,0.3362092564322732,0.49521272559532753,2.167242941301592,True,101,0,2.06
19.98,0.01612740282007697,1.0,0.2987940008085679,0.30197484338668884,6.354440013071505,0.04958045020699501,0.17323626194215508,0.18436460244469344,A047flat,stairs_10_down,0.23249298860045042,0.01021665334701538,0.00848808507658863,12.455362917463747,7.247387911048223,0.055102978013455865,0.2113938331604004,29,0.317271365998263,0.4253843524011387,3.9770645528007345,True,101,-1,2.04
19.98,0.006150988198407655,1.5,0.3829348257184028,0.4243478814351444,1.6316055939746883,0.06985241580754518,0.12161211911670376,0.10131060770479962,A047flat,stairs_10_down,0.24568187537040298,0.011904090642929077,0.011274957606526912,14.257536073949524,5.503697672509841,0.10319426139816641,0.27848929166793823,30,0.348904845013338,0.4036843458360145,1.5224745532288475,True,101,0,3.6
19.98,0.01127641626606327,1.5,0.3332296535898657,0.3962875131993245,4.8150287170151564,0.06666921509429813,0.1448732831781157,0.11167014721781016,A047flat,stairs_10_down,0.26959211335462685,0.012358814477920532,0.02249603513839952,15.875282814124407,5.832015504065797,0.07334848326941332,0.24769753217697144,31,0.35110385261754934,0.47849330733007633,1.2067453838775626,True,101,0,2.1
14.46,0.02201003631426126,1.5,0.26532315346327695,0.3307953090768234,4.991996688461554,0.06673574281856418,0.21908506087673474,0.13258599686902017,A047flat,stairs_15_down,0.14465281160120025,0.18822133541107178,0.0680947372131559,18.685011723152858,15.26881453413675,0.12432417169213295,0.4745796322822571,0,0.2063200478885263,0.3850947525352628,15.38755135981682,True,101,0,3.7800000000000002
19.98,0.006753392222809702,1.5,0.32909935253189204,0.33034420532596037,3.6622101623101635,0.07658536611124873,0.11235114411771266,0.12727159770671279,A047flat,stairs_15_down,0.22693204306026193,0.0037468671798706055,0.011650736694336701,9.835892950232736,5.093247172404999,0.12145249073704084,0.2006635069847107,1,0.29448690504951275,0.2528569771534583,2.680855049143533,True,101,0,6.74
19.98,0.008628632959382326,4.5,0.3258177681562098,0.4431799911268561,2.6083599379202003,0.0793462748453021,0.1596434211801829,0.0866317492024973,A047flat,stairs_15_down,0.24638555234766257,0.0037741661071777344,0.003918776078390628,6.829982865078812,3.7616383349677136,0.12260971792042255,0.2316400408744812,2,0.3209879058950088,0.473458279753745,2.140716176267763,True,101,0,2.44
19.98,0.004960810001570435,1.0,0.3148755737294488,0.264098109941809,3.1773666655637154,0.05691682044736808,0.10079210432095112,0.12004969399131368,A047flat,stairs_15_down,0.2927866845844901,0.0031246542930603027,0.0071485482004173175,4.615836937365128,3.6947768486497825,-0.01137432352018853,0.08250176906585693,3,0.30011884199744243,0.0703126461944696,3.705789178341466,True,101,0,16.42
19.98,0.0066320079886239836,4.5,0.34725942860312636,0.44013323638726953,1.7278465060248833,0.04744192019104958,0.13595212475712032,0.0810370877792593,A047flat,stairs_15_down,0.2447319429188488,0.008122742176055908,0.011150497026954954,11.933038494880783,5.643622134562696,0.03233118532846371,0.2508014440536499,4,0.3287367393626248,0.4728792381300273,1.503136327270381,True,101,0,2.64
19.98,0.008020446545372617,1.0,0.3608567899178695,0.4193059879925029,1.8770797613163257,0.07258080035448074,0.13694563054805425,0.08645392280537635,A047flat,stairs_15_down,0.24528608666384288,0.008446812629699707,0.0037260879784130974,7.490118987428799,3.745342940766554,0.12279331445073088,0.2470657229423523,5,0.33645834878166725,0.5122413439192343,1.490147823984067,True,101,0,2.9
19.98,0.005725107330053631,4.5,0.3863340164728981,0.4752586979652368,1.371848023402787,0.07246004559099674,0.12903224466735944,0.079677064048592,A047flat,stairs_15_down,0.24168567510849648,0.006545960903167725,0.018207562577282732,7.984877150160064,3.352671110542188,0.10970805535713832,0.3417372703552246,6,0.3363787491946297,0.45949922907208096,1.5892066896171384,True,101,0,3.8000000000000003
19.98,0.006235798533291933,2.0,0.37922906276695223,0.4526639452004347,1.4913267207344512,0.0688810271024704,0.1310122827934001,0.09025152727495879,A047flat,stairs_15_down,0.2256287508469852,0.0067528486251831055,0.02386743531105969,11.97541181817578,5.10001953870865,0.07228461305300395,0.2659320831298828,7,0.3352896949569172,0.44963835477398706,1.701760825672979,True,101,0,3.34
19.98,0.007799179804001114,1.0,0.3596823794032163,0.4392789416659022,1.7420962974727126,0.0608838145667687,0.13879511150968885,0.0892608357546851,A047flat,stairs_15_down,0.25059084522532904,0.011642694473266602,0.0545974448536918,9.68795312394669,4.775066121065083,0.09359815362840891,0.32707899808883667,8,0.332389441913462,0.488549057683911,1.846501770750718,True,101,0,2.8000000000000003
19.98,0.008001577944557354,1.5,0.3736335662820122,0.42280952479802336,1.858442317849236,0.06023451954126358,0.14557707090934555,0.09385836467146874,A047flat,stairs_15_down,0.26038311668895786,0.003616809844970703,0.0237818817141578,9.389251660716196,4.136095177066146,0.08420048697541158,0.3095567226409912,9,0.33853359379232884,0.45875372761634664,1.7213635256984845,True,101,0,3.08
19.98,0.00822799822471498,1.0,0.36562119588813685,0.47051402131476794,1.8488987025111647,0.05479165097698569,0.1327143020854569,0.09127755430527032,A047flat,stairs_15_down,0.2376091257136136,0.003291785717010498,0.024381306798082324,8.81922183919945,4.66605259856654,0.11781406630451481,0.2076655626296997,10,0.3328083029915305,0.4737109212007795,2.0669591306431956,True,101,0,3.16
19.98,0.012668601072287494,1.0,0.2716152828995557,0.29513717700638253,6.585098152241368,0.05375978522002697,0.13772308801843536,0.12003261439036578,A047flat,stairs_15_down,0.21334389250546215,0.0015562772750854492,0.05232748855188962,13.682129126409315,6.970079325546098,-0.012600187907616297,0.25443434715270996,11,0.2928322649512062,0.4434103688330508,2.686020227239996,True,101,0,1.84
19.98,0.021443320683153477,1.0,0.26343259477679104,0.37119974841710096,4.470630071369812,0.06050664824433625,0.2242450733255984,0.1447067373408936,A047flat,stairs_15_down,0.1741606370013028,0.02143305540084839,0.029022912396522563,11.41718275026396,5.10846986303134,0.047165734075630704,0.3484174609184265,12,0.30977900120026286,0.5013058293156676,2.3369602171047954,True,101,0,1.92
19.98,0.012180924234865702,1.0,0.30104142671600387,0.27042644942650357,3.8693197925678176,0.062123140054754916,0.1324053973049694,0.12092421617358923,A047flat,stairs_15_down,0.2746140982377976,0.003125011920928955,0.002790477456394336,5.8239965102110585,4.955765040961315,-0.0061102166771888735,0.07982999086380005,13,0.2815253662935553,0.04896524722623407,5.015713633291596,True,101,0,12.68
19.98,0.010279159113497503,1.0,0.3157504391702101,0.30831073485752225,8.013075991889645,0.08108631774783134,0.12468446564710939,0.11247487351298333,A047flat,stairs_15_down,0.2586517267048678,0.002191483974456787,0.008874092461648355,6.458800545114448,3.4385710834505274,0.05964931889437139,0.17641186714172363,14,0.2967422200141744,0.1165654551425728,2.0343079889141737,True,101,0,7.82
19.98,0.006575817511028043,1.5,0.3766631110339242,0.3956698836641832,1.619350657549964,0.05412842955440283,0.12811808868678434,0.08305093642848078,A047flat,stairs_15_down,0.25304817515898514,0.009323298931121826,0.07059823369202715,9.112056417736436,4.1876985156219595,0.05699377648532391,0.29417723417282104,15,0.33291403433855843,0.3809023701184774,1.4813333144006426,True,101,0,3.34
19.98,0.007340501175488744,1.0,0.36737583299052906,0.4078818211032402,1.810597835602216,0.0630393722653389,0.13084208676940365,0.10026157394982875,A047flat,stairs_15_down,0.280364717391723,0.00457686185836792,0.015735996468296456,8.68444052292622,5.15067888094647,0.07683279341707627,0.25343000888824463,16,0.32422237245794283,0.3841068011986255,1.8795693867712975,True,101,0,3.4
19.98,0.005911973581892903,1.0,0.31858874326721237,0.33128134321338765,3.1946299675156795,0.06071872167289257,0.10085869161140444,0.08727016582386568,A047flat,stairs_15_down,0.2663971150622648,0.010676741600036621,0.037857588101850366,8.391149527521447,4.294581545776062,0.028273095861077308,0.2228081226348877,17,0.326461689344702,0.46912310032645493,1.1764227259398987,True,101,0,2.06
19.98,0.009257245996977626,1.5,0.3127211117840068,0.3118715225373316,4.819268538805461,0.06350325956009328,0.1298878376045094,0.09818447417579591,A047flat,stairs_15_down,0.270816778754168,0.013154983520507812,0.020239887161449675,10.48084857179403,7.110631339716871,-0.0016505640869339307,0.21149814128875732,18,0.2886314535778474,0.3001875678597916,6.857028152501434,True,101,0,2.66
19.98,0.006653746357160602,5.5,0.3484452931383714,0.4642897492981609,1.6610325539865578,0.0734451638162136,0.15147668433577693,0.09738385870005004,A047flat,stairs_15_down,0.2418728515426105,0.00511699914932251,0.035340390373921296,8.544379303657857,3.707092423168985,0.11409623203178247,0.28192996978759766,19,0.3351163679648211,0.4528073550251357,1.5051798813661736,True,101,0,2.58
19.98,0.007619789345391194,1.0,0.37828509949745337,0.45172019251071427,1.6771943227715018,0.06271145563572646,0.12559236239992566,0.0866717666015029,A047flat,stairs_15_down,0.2708171567814873,0.0,0.009406907187976482,10.291474169679312,4.982579228802502,0.027678906849275032,0.1950189471244812,20,0.3385898291745925,0.4722856482077663,1.0882594383920454,True,101,0,3.4
19.98,0.021968887088228365,1.5,0.3044309869743286,0.4368457084308679,3.6994795856306713,0.059169180393218994,0.184720802304923,0.10035627308534459,A047flat,stairs_15_down,0.18797431910101747,0.0009183287620544434,0.013863002863934317,11.806922117204724,5.380528408220356,0.07344597846269607,0.33348798751831055,21,0.3322230231825681,0.5081993039714764,1.2320650636115804,True,101,0,2.22
19.98,0.009592915641866614,1.0,0.34828796528877426,0.45068369899335864,1.8060476649349906,0.05009020609781146,0.1415974574334159,0.08520047061378136,A047flat,stairs_15_down,0.18188005367064863,0.01888340711593628,0.017355450156053987,12.652389923242856,6.032197667321615,0.09939632228265206,0.2763211727142334,22,0.3290133838602566,0.4072662589787581,1.816634230356728,True,101,0,2.7600000000000002
19.98,0.007997248295422081,1.0,0.30717140416091776,0.3013120895186677,4.722539647979286,0.05957750882487744,0.11642567477883141,0.1065546315163374,A047flat,stairs_15_down,0.27609414308466373,0.01833266019821167,0.008464273556267376,9.270081810469023,5.574607068495473,-0.0004897355412443479,0.3001868724822998,23,0.3021145181477388,0.44753235070571024,3.657354054890106,True,101,0,2.1
19.98,0.013836091669698835,1.5,0.24482779045155978,0.3191248386348008,7.184671906972141,0.05822412550449371,0.18794469247468842,0.11612550043035298,A047flat,stairs_15_down,,,,,,,,24,,,,False,101,0,
19.98,0.007029149391346307,1.5,0.37070831811683064,0.4688520582636848,1.5027735727985787,0.04254231050610542,0.13299940711098743,0.07199095339514315,A047flat,stairs_15_down,0.2277193649567385,0.012237906455993652,0.029818923739380124,12.170076483169105,6.573247346132473,0.08623252062747876,0.23162364959716797,25,0.33294517172849114,0.485453516902773,1.6570388654089425,True,101,0,3.16
19.98,0.006460450542935357,1.5,0.3491857394942625,0.45602219223973267,1.280800200208252,0.047202997729182246,0.14050145478889361,0.0769282852631295,A047flat,stairs_15_down,0.2560272439915866,0.01415252685546875,0.008510066034918428,10.475496669396895,5.150288025735417,0.08578328988204399,0.2571523189544678,26,0.33254957911802485,0.49353118690459136,1.1070329627564361,True,101,0,2.64
19.98,0.008972149606234308,1.0,0.32065322894782305,0.3954042172979657,5.1017803099731855,0.0710905522108078,0.12351441371061442,0.11047125765006058,A047flat,stairs_15_down,0.2845351052156744,0.00911104679107666,0.005874908543889313,6.502281320792864,5.213782043564813,-0.022618053127080203,0.09084939956665039,27,0.29662159469675886,0.06929860372817108,4.661683921332775,True,101,0,8.22
19.98,0.008282773606802026,2.0,0.30807269673933957,0.31640421240729827,4.626485136795342,0.06006534185260534,0.1218009026637115,0.08943612979259342,A047flat,stairs_15_down,0.2708912424862704,0.03410017490386963,0.014781211798246402,9.962275430716826,5.670936831915825,0.022296804438034692,0.27920305728912354,28,0.3047917757952277,0.4762042417972436,2.716281513758407,True,101,0,2.14
19.98,0.019946702141417583,1.0,0.2596321829755039,0.38267004845560054,4.731275961727315,0.07713656153529883,0.22438779707636888,0.15821941811591386,A047flat,stairs_15_down,0.16206276671771702,0.009518563747406006,0.02668369202883327,16.042628900958025,7.901542170947375,0.20467832791308563,0.4838600754737854,29,0.2897543694118765,0.46678226310596604,3.2571496044624997,True,101,0,2.04
19.98,0.005727397203677624,2.5,0.37970920586331,0.43141252166618466,1.4521921508569438,0.07264207307249308,0.12300047474851215,0.09476180911646225,A047flat,stairs_15_down,0.23370423865190804,0.011498451232910156,0.015921252007002867,10.319250140473665,3.999614874489472,0.12985740521301825,0.26197880506515503,30,0.33625406595474894,0.4134319907252975,1.809449534631282,True,101,0,3.52
19.98,0.008155457713572073,5.0,0.31518829974898677,0.3768125586864173,3.9643736978155237,0.06024099207483232,0.13348311564624607,0.1038244259590283,A047flat,stairs_15_down,0.2509697863762391,0.013678193092346191,0.010902979045109387,10.75712965791192,5.1757695539488076,0.054532742997010546,0.253354012966156,31,0.33052245435867716,0.4801878870929173,1.1678144820483358,True,101,0,2.12
19.98,0.021989267870882196,1.0,0.29364611442713817,0.27848137028325104,8.09789394526828,0.049453074503690006,0.13645881381563224,0.10482599366921931,A047flat,stairs_10_down,,,,,,,,0,,,,False,202,0,
19.98,0.014667084147374738,1.0,0.3082367520536331,0.201104910539073,6.911112567138983,0.054822123409248885,0.10484547519913531,0.11136458731256425,A047flat,stairs_10_down,,,,,,,,1,,,,False,202,0,
19.98,0.007146799265263026,1.5,0.38187868052466034,0.42071085381459605,1.4296144164669904,0.04996641240140889,0.13696280053783735,0.09428100127843209,A047flat,stairs_10_down,0.2930568405651154,0.01672247052192688,0.041556349772341565,10.51520538419752,5.3881290617651105,0.04548868476723631,0.27337148785591125,2,0.353867443672476,0.4595906357259616,1.427729493072873,True,202,0,3.38
19.98,0.007903520858160049,1.0,0.3331150133517336,0.30362165058604884,4.14454808595305,0.07790788929909467,0.11618854205554326,0.10618283799383789,A047flat,stairs_10_down,0.2941819700327787,0.01518896222114563,0.019055846685936614,9.171875989869768,5.13119929101368,0.023702572757999103,0.1864030957221985,3,0.34434442098127965,0.4560847869104034,1.5911987814452737,True,202,0,1.98
19.98,0.010764825606406028,1.0,0.3821025811223423,0.43221811280091804,2.2139008380467784,0.06088452935218811,0.12616921406744383,0.09700477252248675,A047flat,stairs_10_down,0.2857739227340821,0.0062329769134521484,0.027854186048210685,13.832584800656706,5.941537400652746,0.05415332280720274,0.2733662724494934,4,0.35316468548647223,0.4474468965792925,2.53775164437117,True,202,0,3.48
19.98,0.013386189748388051,1.0,0.29976889762330183,0.28323511284144515,8.138143306198081,0.06166163474321365,0.14341887945928772,0.09944686988834292,A047flat,stairs_10_down,0.25064656218105463,0.02721056342124939,0.057163789789276075,16.453037687001785,9.036215939727198,-0.03457232157389323,0.28430745005607605,5,0.33120048361666066,0.4604418204662862,1.4383331330682014,True,202,0,1.8
19.98,0.01650428785830368,1.0,0.3086495042261593,0.3665958037068136,6.633253934638946,0.04750166391953826,0.1786083171124351,0.12445288673974574,A047flat,stairs_10_down,0.23154891891912976,0.04022032022476196,0.02210610505827838,21.414105429307533,6.9040623637660055,0.055895544191201525,0.3079265356063843,6,0.3296001562396473,0.5232807036712649,3.487713116903531,True,202,0,2.1
19.98,0.010788048001373847,1.0,0.31787868652751744,0.2568150450633671,5.164075753363023,0.0663809196848888,0.1371072418599869,0.11917812334373594,A047flat,stairs_10_down,0.28644820314677644,0.02282842993736267,0.019245864707248907,10.158420446508995,5.913420721815712,-0.010569134795417389,0.2581857144832611,7,0.3142922970317901,0.32325483610385186,3.362778001448751,True,202,0,2.02
19.98,0.013940551496565597,1.0,0.3467325089114873,0.4265598615142759,2.4122449715606846,0.044544590264558794,0.16873084413681597,0.08633754933369346,A047flat,stairs_10_down,0.23764644252425204,0.016442865133285522,0.008709138662149077,16.906168486412994,7.377907635333327,0.02612313278019428,0.24243667721748352,8,0.3492716553440706,0.49934057834239276,1.685553356772084,True,202,0,2.4
19.98,0.008134425984656536,1.0,0.3356084178667018,0.28115510935817234,4.4755886146729456,0.05562461106106639,0.11136304029192516,0.10014355619437992,A047flat,stairs_10_down,0.30361588912851667,0.0,0.0045814291027384685,9.061976359873352,5.646192714230596,0.02359965303291877,0.23052245378494263,9,0.33148847991132485,0.36569256323809063,2.8817247326180655,True,202,0,2.06
19.98,0.006272918244284724,1.0,0.37517997141190385,0.4687859975343783,1.4496464952589303,0.07193010192364455,0.12461680815425535,0.08629370183683932,A047flat,stairs_10_down,0.2517751864889727,0.005553007125854492,0.02111857214765494,11.527553525864315,4.809545300995132,0.11577425194283326,0.2548791468143463,10,0.35928274063503046,0.4896008367911009,1.3180712424362844,True,202,0,3.0
19.98,0.009181268416901176,1.5,0.3643810604281604,0.4583554059570269,1.7172367914528275,0.06980983225628734,0.14569466812346685,0.08439016973134131,A047flat,stairs_10_down,0.22720866582610388,0.005241483449935913,0.042682357771052205,13.950010408966792,6.396137480794531,0.14124528095126151,0.31823813915252686,11,0.3507390715285418,0.487330094888468,1.190769321737031,True,202,0,2.9
19.98,0.024177093076325363,1.0,0.3107776100622779,0.3808081375173413,4.586954013653601,0.06257965549826622,0.20074721117307587,0.13420372400432826,A047flat,stairs_10_down,0.17711369573751234,0.010969787836074829,0.023288900875768324,15.036654300266257,6.740904122990014,0.08293183622260888,0.337345153093338,12,0.3379541335131395,0.5002609070438677,1.3570721713519984,True,202,0,2.24
19.98,0.007225030944416183,1.0,0.3740700318182216,0.4422045241410141,2.060160357490274,0.06501528777182103,0.1325663928660289,0.08359540388424648,A047flat,stairs_10_down,0.21899020687781556,0.011495500802993774,0.017132907999593407,22.14901083499913,8.764786200859291,0.11625781565904618,0.19884854555130005,13,0.35587043701008675,0.4823481609329089,1.2056329841436089,True,202,0,3.1
19.98,0.01208643166497447,1.0,0.3565851566928594,0.4588113304314124,2.091546121160721,0.04076407462358475,0.17526043147017184,0.08500385089369956,A047flat,stairs_10_down,0.22446978394997952,0.012414366006851196,0.012614514429953929,18.92897655503681,7.674414218749788,0.05881525548795859,0.33323541283607483,14,0.34401709116716434,0.4968549052536698,2.3112935818686595,True,202,0,2.68
19.98,0.007152987680086929,4.5,0.3714048272849404,0.4491705489741097,1.6081793879022694,0.04802417874336243,0.13187583639208672,0.06929173887241631,A047flat,stairs_10_down,0.2087207492341332,0.016746044158935547,0.014218360313284504,18.00300136265948,7.770554416552219,0.08413405836870273,0.3767050802707672,15,0.3405260763066338,0.4549523694598301,2.9034554707506026,True,202,0,3.1
19.98,0.005860739085960589,1.5,0.35375692855228075,0.39218514501770835,2.613087468124296,0.07611772733973339,0.11891194431844587,0.12030760420719161,A047flat,stairs_10_down,0.30192359166349314,0.01759520173072815,0.01965560018146722,9.030395050988858,4.463749619202833,0.08557449565579493,0.25908052921295166,16,0.35565432184520257,0.4380795158030256,1.3767590204107634,True,202,0,2.34
19.98,0.011757679664629355,1.5,0.3230759649879154,0.36495242787735754,4.880448796313616,0.04845565281808376,0.15535200174799949,0.11520169732393697,A047flat,stairs_10_down,0.2473672593341154,0.00453561544418335,0.03907103737154857,15.179004302408941,6.484076808845688,0.06469274284938971,0.3013022243976593,17,0.33792107476907624,0.39715687756077445,2.6322116598209444,True,202,0,2.18
19.98,0.010507493576276105,1.5,0.3418866571847768,0.3967030453596363,3.0678512777247193,0.04141329325735569,0.14273441449793123,0.0894387126294896,A047flat,stairs_10_down,0.2788418670070363,0.011274784803390503,0.0028085582763200116,10.137855505172393,4.554714364818848,0.09441645003544788,0.221976637840271,18,0.35033243167209116,0.49103166356451955,1.4927934854937244,True,202,0,2.16
19.98,0.007048716655528384,1.5,0.33790584641981897,0.3184909078596121,4.135637657807988,0.06812213880009949,0.1171975233068549,0.09684687899425626,A047flat,stairs_10_down,0.29915021128832975,0.012450575828552246,0.005965595752517654,9.128753806764294,5.522339817143794,0.045246669276772684,0.28290003538131714,19,0.33815738058982686,0.37393837819621084,2.771758630631155,True,202,0,2.14
19.98,0.005292590303037456,5.0,0.37654890390800283,0.4756426362913636,1.1877901262018622,0.056534534990787505,0.12285112347833804,0.07722390587092377,A047flat,stairs_10_down,0.25283924318889883,0.023877978324890137,0.06815957689299837,14.368710652561736,6.564866746834882,0.1356186884144942,0.21276623010635376,20,0.3524383648130346,0.5101476533514311,1.3753071929426526,True,202,0,3.36
19.98,0.006500636369284439,1.5,0.3798755569014957,0.4284980465929282,1.6022712295420265,0.05056286841630936,0.1258926018585159,0.0861669457401149,A047flat,stairs_10_down,0.25348952285108717,0.02163448929786682,0.01909904988334673,17.003766054694314,6.98937477799301,0.19454554336766403,0.2546735107898712,21,0.352150767843991,0.491838378678964,1.8054387189819578,True,202,0,3.46
19.98,0.00887140655460445,1.5,0.3113443977756296,0.2588350775109463,5.558504598822284,0.04476952672936022,0.10974865932957634,0.09682786889374256,A047flat,stairs_10_down,,,,,,,,22,,,,False,202,0,
19.98,0.008000735600531102,1.5,0.34931617659840364,0.4334879971155725,2.237652744289651,0.048015793636441234,0.13582743952910087,0.10706647146027536,A047flat,stairs_10_down,0.2102614996586254,0.0,0.06087346065162271,16.248386253354177,6.621709742608024,0.08121590790649255,0.4581719636917114,23,0.33735059772583254,0.41291002187228537,2.239065564584164,True,202,1,2.58
19.98,0.014644112814950712,1.0,0.3132977336581378,0.2774682531965068,4.769844201069312,0.05457593984901905,0.13600641978636957,0.1433474950818345,A047flat,stairs_10_down,,,,,,,,24,,,,False,202,0,
19.98,0.008354833131329729,1.5,0.33168691647562754,0.3708401792207587,6.232782863467424,0.06087140738964081,0.11946136809289964,0.10802620247006417,A047flat,stairs_10_down,0.30739265074704425,0.013250559568405151,0.03691592644085043,11.14671513506196,6.634141416772508,-0.011739345714449883,0.17973557114601135,25,0.3302113298808827,0.37684900508620117,4.471928392671372,True,202,0,4.14
19.98,0.005917264818872117,4.0,0.34622807018737745,0.4057673902284265,1.7313479023781835,0.062137888856232164,0.12802418319449693,0.08819567701313645,A047flat,stairs_10_down,0.3022709606803037,0.008753538131713867,0.021624290509625874,6.550805063388925,3.005426810188437,0.10415092883010706,0.24729222059249878,26,0.34987724486519306,0.4745037573951155,1.1561308114802662,True,202,0,2.22
19.98,0.00720520349871584,3.0,0.37309167008348965,0.44958283030068147,1.7340580888659596,0.03447587806731463,0.1243475714248589,0.07188412053743377,A047flat,stairs_10_down,0.2126216107511265,0.018125206232070923,0.030351972944395,18.08042035825376,7.529054132542123,0.09633837906022867,0.389070063829422,27,0.3418469940914827,0.4751479469051376,3.110344702391129,True,202,0,3.64
19.98,0.006591304219540328,1.0,0.37560975400681157,0.4497204319497852,1.3212843618752825,0.059765691608190535,0.13857771493978116,0.08445793256396428,A047flat,stairs_10_down,0.28829602235778773,0.012938052415847778,0.0007730247474431034,11.920793560827725,5.61702112155517,0.12188326779054477,0.22922605276107788,28,0.35112495735367355,0.4434886556847279,1.6021919391591584,True,202,0,3.2
19.98,0.006252537767823936,1.0,0.33851921794726875,0.2960639202952481,3.64337993397593,0.06384293657494709,0.11342162413974893,0.09128827587934212,A047flat,stairs_10_down,0.3081349185443817,0.00035327672958374023,0.027988155378243427,8.349578508914083,4.671252638255577,0.03670859705035885,0.252397358417511,29,0.33990880502736504,0.36391229503751676,1.9550798739940052,True,202,0,2.06
19.98,0.008961032994138099,1.5,0.3555092615478817,0.4331603247657268,1.686265294178698,0.04132615625858307,0.1459162094501932,0.09566944202175363,A047flat,stairs_10_down,0.26530960935322356,0.0044100284576416016,0.0809960665201417,16.467079081554164,6.778779535631406,0.05557094638546308,0.2648770809173584,30,0.3440496592725662,0.43967796225968264,1.593089545291431,True,202,0,2.58
19.98,0.007114108983654759,2.5,0.35589092152163304,0.46605634772714816,2.3724292877239064,0.03060087323188782,0.13190041147573536,0.09246034177951515,A047flat,stairs_10_down,0.3010603216561404,0.012797385454177856,0.005143577602383198,13.450173552190925,7.75845819155492,0.00563865693906943,0.18740296363830566,31,0.32816966273567894,0.4235513163334719,4.328477102474548,True,202,0,2.96
19.98,0.00799627767488323,1.0,0.2866265816133928,0.22817803558528155,6.467657719761486,0.0450247691012919,0.09295564312948928,0.06744054389186203,A047flat,stairs_15_down,,,,,,,,0,,,,False,202,0,
19.98,0.007290459766696399,1.0,0.29506366124127636,0.15681042357193717,5.1776120439281215,0.04117369098792551,0.06473839162978169,0.11723425465170294,A047flat,stairs_15_down,,,,,,,,1,,,,False,202,0,
19.98,0.006201966937638423,5.5,0.37760934347137415,0.46259352146197186,1.1871235657583339,0.06472838464193047,0.13553443092576495,0.0911816108925268,A047flat,stairs_15_down,0.27567025270054046,0.013775944709777832,0.016161465559420163,8.253999339088523,3.781731241958491,0.04029688277592262,0.24450421333312988,2,0.3416574963401346,0.5037757820388841,1.1110213331370595,True,202,0,3.18
19.98,0.007895596954086894,1.0,0.3087697676605081,0.25560872414537683,3.800902563013966,0.06705148827284574,0.11785284044373835,0.09134101488394662,A047flat,stairs_15_down,0.2629887901525446,0.0004779696464538574,0.008404156728425385,8.293276242437884,4.855664173334663,0.013652502975116174,0.20780861377716064,3,0.30854761995733737,0.33491342954498343,2.1425664112115435,True,202,0,2.08
19.98,0.006464686061556807,1.0,0.3801132095019448,0.45528882834501316,1.4122245976596464,0.06948453709483146,0.1155187424242102,0.08979855298937764,A047flat,stairs_15_down,0.2793449115625677,0.0014221668243408203,0.05347714614049504,8.724607787157996,4.373399857216381,0.05681549412508806,0.2694934606552124,4,0.3342345249334121,0.4074325863750035,2.465750455227363,True,202,0,3.3200000000000003
19.98,0.012157282549148453,1.0,0.27182929762544483,0.31303940773715466,6.1597356763497055,0.06161004640161991,0.15854986374515018,0.11096205429174005,A047flat,stairs_15_down,0.21136398844540438,0.011808395385742188,0.08864397909397269,13.106841681808534,6.873540045552057,-0.010716701149940491,0.3823891282081604,5,0.2951536955425446,0.41913194530705206,2.114750425685668,True,202,0,1.94
19.98,0.01695084540321048,1.0,0.2795504204729662,0.3290934894501944,4.761646414805347,0.05183511563576758,0.18185681446730467,0.11103486562380567,A047flat,stairs_15_down,0.201977804701596,0.016374289989471436,0.015860084189791384,12.91524400384164,6.5609750445716255,0.05163469202816486,0.2370104193687439,6,0.3072563363651541,0.5078104245753888,2.767032130729776,True,202,0,2.02
19.98,0.006121263789544681,1.5,0.28973446573803135,0.26541720909515404,4.33426237032877,0.060607949560508134,0.10491023912197812,0.10905504578375258,A047flat,stairs_15_down,,,,,,,,7,,,,False,202,0,
19.98,0.01318188365983211,1.5,0.331211978707084,0.4174085130813798,2.424837022892127,0.04373788475990295,0.16156714197466818,0.0835721549903974,A047flat,stairs_15_down,0.22154707035278887,0.008343398571014404,0.008920596230620406,13.232661143246187,5.89245481558491,0.051821172758936884,0.2593398094177246,8,0.3310815077796977,0.48950207865759415,1.7592774377597797,True,202,0,2.42
19.98,0.00736603860300852,1.0,0.3053724404579815,0.28689722787960376,4.605650648826411,0.05653322832658887,0.11711050678880118,0.11284621029626578,A047flat,stairs_15_down,0.26478965492809525,0.004050612449645996,0.03883796992206706,9.614150000325361,5.604060612010838,0.024664554198582968,0.2254679799079895,9,0.31077678601372055,0.42283409610085804,2.244577844099998,True,202,0,2.0
19.98,0.006208278382974118,1.0,0.36908583529811495,0.456146610383761,1.6256452292242594,0.06989930998533964,0.12385368704929718,0.08902825291501358,A047flat,stairs_15_down,0.21238929192650124,0.007135152816772461,0.005486110488165266,10.988401230234903,4.720511212336959,0.10262309213789801,0.29503852128982544,10,0.3342246469966868,0.40061233052657336,1.7604947324311793,True,202,0,3.1
19.98,0.011085398828640436,1.5,0.35594947753743056,0.4358202716227905,1.9498262378130067,0.0754086109995842,0.16414694590589687,0.08259633895591832,A047flat,stairs_15_down,0.19967300942874844,0.014761030673980713,0.012499871795938755,10.284819848528114,5.9161586480773805,0.06519399386520187,0.3067880868911743,11,0.3311581169475209,0.4679315100060967,2.4514580853951475,True,202,0,2.96
19.98,0.022731965579731117,1.0,0.29305721630705867,0.40942948606958035,3.324774436209139,0.07928584191948175,0.22440816494359472,0.11922072982415557,A047flat,stairs_15_down,0.16715349551828151,0.0065157413482666016,0.03689987882948039,11.833014172162173,4.0233446215891355,0.05238465487957001,0.29610395431518555,12,0.3179353068474142,0.5173650945014299,1.8695737709699047,True,202,0,2.22
19.98,0.006940957808915382,1.5,0.36641614035807835,0.46368091955582846,1.1972290518062736,0.06820951759815216,0.1383546549882848,0.09307429693988524,A047flat,stairs_15_down,0.21798581713661158,0.0,0.032404391650453675,14.836438232604243,6.247540474635254,0.07966741912066937,0.26377439498901367,13,0.33671001174233184,0.484698153302909,1.242834395927828,True,202,0,2.98
19.98,0.012673618156793659,1.0,0.34278966656024434,0.45281123450426586,2.403857545361887,0.04288164809346199,0.15718362540276212,0.08717670653713867,A047flat,stairs_15_down,0.24203613480144648,0.013002932071685791,0.030058117601924724,9.643408126094695,4.501773598793274,0.06122440313299497,0.2309173345565796,14,0.3320607471083574,0.49391511950254435,2.2232370507459045,True,202,0,2.62
19.98,0.007344396386997304,1.5,0.36196747010723157,0.46074740712667717,1.6801277179966496,0.05695773214101792,0.1369992199264619,0.06471483393572271,A047flat,stairs_15_down,0.17105043412529852,0.009664058685302734,0.05749108722361697,12.05129746405124,5.731533629842132,0.07203978841503461,0.4393845796585083,15,0.3253507379669556,0.4707940207462951,2.1716224150012717,True,202,0,3.02
19.98,0.0073571556490411505,1.0,0.3379584065860606,0.3834045506163253,2.547939248081191,0.06806824190804037,0.13893906066256625,0.11078019670909271,A047flat,stairs_15_down,0.26862943523070393,0.012269556522369385,0.008626827839458194,8.436801030184203,4.3333532764190865,0.08394653315381827,0.3617629408836365,16,0.3261638983175716,0.37359572418108317,2.3798431483514118,True,202,0,2.46
19.98,0.01723811743551257,1.0,0.2987021149511644,0.3736687034885455,4.67257898540386,0.04985883275046945,0.15627856874614737,0.11247587201185524,A047flat,stairs_15_down,0.20685985732206047,0.0032805204391479492,0.02584280728009218,13.257761716993397,5.946908222213688,0.0625174751629432,0.2550557255744934,17,0.33048325352490265,0.4758995560337835,1.1446274649257295,True,202,0,2.08
19.98,0.008264676070095527,1.5,0.32368678282926433,0.3871778091641264,3.067773591015875,0.03838214846327901,0.13722070207512369,0.0807261411100626,A047flat,stairs_15_down,0.25402147438436906,0.016701042652130127,0.006464381121190215,8.807742969767244,4.673234412958603,0.08054290775209666,0.25391727685928345,18,0.3322114690357351,0.496329426353775,1.9435854687643035,True,202,0,2.18
19.98,0.004887016788639737,1.0,0.3199707454379229,0.3329769403012909,3.5831376243702464,0.06258432965958491,0.10971829143436337,0.09150654769502581,A047flat,stairs_15_down,0.27970368339416174,0.017516732215881348,0.006162149115872569,7.987802189976762,4.514082266984389,0.003923180103302002,0.2464398741722107,19,0.3239077224960939,0.4761166616271334,1.3315382998120133,True,202,0,2.04
19.98,0.007253845998139817,4.5,0.37098857002143554,0.43828508846021075,1.5983004041448796,0.03978476375341415,0.11949784572718385,0.08548957045888528,A047flat,stairs_15_down,0.21039764065156008,0.01597684621810913,0.03878718406811188,17.15138677841868,8.425885615669207,0.17292648956179618,0.2634599804878235,20,0.3135960840031425,0.4102191976941282,4.291375355163193,True,202,0,3.64
19.98,0.006418200810046675,2.0,0.376200364130066,0.4379183032827813,1.5744994750141044,0.05827188789844513,0.12847191613527809,0.09859849909786135,A047flat,stairs_15_down,0.172957515334063,0.01965188980102539,0.05108983166860552,12.250971403505773,5.496158079554076,0.09581281766295432,0.40973126888275146,21,0.3354931478449367,0.49983261211129,1.617436717980069,True,202,0,3.44
19.98,0.010431869588908339,1.0,0.2651751025475282,0.2926749967871444,6.533984417875587,0.05614725606516004,0.1352762645344778,0.1316256490815431,A047flat,stairs_15_down,,,,,,,,22,,,,False,202,0,
19.98,0.013507084217663407,1.5,0.32846118684758474,0.4350937657109208,3.0225596657614546,0.040435617547482254,0.1927278479433379,0.12057960721547716,A047flat,stairs_15_down,0.16536336945977437,0.0020694732666015625,0.013445191331261791,10.455868670219422,5.33198016067833,0.11534687018021941,0.31073540449142456,23,0.31282430786500004,0.43828212653156856,2.9626821159519223,True,202,0,2.56
19.98,0.017808259506113727,1.0,0.2585279601589243,0.3167995202136773,5.561721596817278,0.0481117738224566,0.2355676446877928,0.1246218869369477,A047flat,stairs_15_down,,,,,,,,24,,,,False,202,0,
19.98,0.009043263299738266,1.0,0.30710509489883075,0.31168098811473366,8.521199283709445,0.059961083559319374,0.1178517953749492,0.10321987330331467,A047flat,stairs_15_down,0.19457908779542077,0.003031432628631592,0.018479003263311183,14.761391767055596,7.472278638530995,0.15245994605123997,0.2557337284088135,25,0.29235939275772177,0.32418751963666054,5.078178794881693,True,202,0,8.82
19.98,0.005125434660128571,4.0,0.32382674462973754,0.3997405140003091,1.8786478400352342,0.07047223284840584,0.11771087550853088,0.08360230535268784,A047flat,stairs_15_down,0.26489857428851615,0.0017417669296264648,0.023370675498053505,5.832135405437349,2.98769415628591,0.0895450606693824,0.2319440245628357,26,0.33104561248565106,0.48736665516370437,1.2949847355974617,True,202,0,2.2
19.98,0.009722599789377728,1.5,0.3721861274867133,0.4567614196216578,1.9814073602559852,0.04602971002459526,0.1401315757840614,0.08372041940223425,A047flat,stairs_15_down,0.15098986045562013,0.0007158517837524414,0.005745869564925931,11.301689403606426,5.256851892308533,0.13653867995987337,0.3269687294960022,27,0.32105609524058787,0.4482832850076627,2.645042719607773,True,202,0,3.6
19.98,0.00798897991277916,1.0,0.3723210937964088,0.41885688339926264,1.7033730539289922,0.05217088885605335,0.1390647409763801,0.08205931910546496,A047flat,stairs_15_down,0.2615907667154934,0.026529312133789062,0.03028256761861647,9.601115764432425,4.288504969104969,0.09651569950083892,0.2773106098175049,28,0.3326052911651326,0.4814990864649555,1.812636027405839,True,202,0,3.3000000000000003
19.98,0.005836176088711749,1.5,0.3144343669911757,0.2895541078015967,3.478663405150312,0.06988562452490442,0.09884132348255503,0.07864116771379485,A047flat,stairs_15_down,0.2800236752326476,0.013056516647338867,0.028751909549476786,7.225802683238469,4.211390176119036,0.0197170141680787,0.19631534814834595,29,0.3161380259238462,0.42191595943562793,1.1113403171820293,True,202,0,2.04
19.98,0.00894100940136412,5.0,0.3419542600094953,0.43405957392548705,2.0655585057435655,0.04188702441751957,0.15842069180024015,0.0893898163601989,A047flat,stairs_15_down,0.23086069261326514,0.0,0.017704313192164534,14.197703231051099,6.649931153114499,0.06717194981873036,0.2520322799682617,30,0.3272625178449294,0.4366038023257613,1.8446778281327827,True,202,0,2.58
19.98,0.009934403067938032,1.0,0.3442921147148877,0.4475705317796356,2.8869048173817564,0.03527096778154373,0.14728580310412837,0.10831658091861755,A047flat,stairs_15_down,0.27187497634938695,0.005942046642303467,0.01663850904607842,11.269545280121495,7.137744811496847,0.026665093128879866,0.09973347187042236,31,0.3171527794593158,0.23058223992219717,4.864032126447974,True,202,0,4.28
19.98,0.008659626437215571,1.0,0.3473559081108175,0.376676567436756,2.4382081044945583,0.0652779537346214,0.1357264160130105,0.09271504478761926,A047flat,stairs_10_down,0.28474801332555355,0.018616199493408203,0.026761831273732137,9.902283006408217,4.15658926732695,0.07314275840918223,0.232744961977005,0,0.35361499479110237,0.4375696175923137,1.4481564982483073,True,303,0,2.2600000000000002
19.98,0.024200220571585898,1.0,0.32906425883903867,0.3778166690720812,4.160269913393488,0.053375805988907815,0.20610459233158698,0.11068433670792728,A047flat,stairs_10_down,0.1916484788139874,0.018735527992248535,0.012224714144807362,15.159505981190392,7.780661094141205,0.07445341054350138,0.3893651068210602,1,0.34554156364604116,0.4591378707093215,1.7052060151893516,True,303,0,2.4
19.98,0.009981717872459299,1.0,0.3333890956703992,0.3467128961219963,3.9488713573100385,0.062158829495310784,0.14473853098216846,0.09163788003148511,A047flat,stairs_10_down,0.2795594513097549,0.008052855730056763,0.01175028561009416,11.036831982326758,5.100210600762214,0.058994842239966,0.2384081482887268,2,0.3482490694395361,0.4400140016329736,1.245395587258268,True,303,0,2.14
19.98,0.007794986949939657,1.0,0.3738177166042481,0.4337024971339231,2.009755319666734,0.07406668707728387,0.1442922880940262,0.10506420471239836,A047flat,stairs_10_down,0.2834926462747196,0.01080814003944397,0.0049966045446042506,9.100339374889662,3.8701858392721227,0.09034501324407757,0.23192018270492554,3,0.357234790465411,0.4963743413777512,1.3111668374862655,True,303,0,2.96
19.98,0.018886089259424758,1.0,0.2949646014787934,0.2929362980281223,6.922998996559066,0.04966596349608153,0.1846475256519348,0.1336130958609283,A047flat,stairs_10_down,0.22663534468508018,0.002976834774017334,0.009976287723524813,17.50202466314069,8.289463547532923,0.01711768353668352,0.3137364983558655,4,0.32090343741172134,0.3653388074200547,3.2804945644281305,True,303,0,2.0
19.98,0.016984461409028893,1.0,0.32167662944066977,0.3320778599485841,4.405796677095707,0.05777570502832532,0.16471398692337094,0.13631460044533014,A047flat,stairs_10_down,0.2466358752811656,0.006369173526763916,0.03212889467072018,14.30920866981945,4.7981911846569005,0.04739248275756836,0.22496506571769714,5,0.3458291519771922,0.4754016203912003,1.368164455230648,True,303,0,1.96
19.98,0.009862549062938736,1.5,0.3484423931715959,0.41851657287193567,2.545441971820777,0.058499997183680534,0.17077676821113974,0.11422130165388808,A047flat,stairs_10_down,0.2493463595283223,0.006211191415786743,0.016625778696315426,15.5669021845462,6.675458268861845,0.07550034520526727,0.3844901919364929,6,0.3450890659393474,0.40877163232558766,1.6948208158183593,True,303,0,2.48
19.98,0.005899713148333298,4.5,0.38222043444925446,0.45766831411958364,1.2914771713851136,0.060319187268614766,0.12542889092522191,0.08668965711025521,A047flat,stairs_10_down,0.29493539824205284,0.0076048970222473145,0.03555742451478595,9.318799983570775,4.463715890534969,0.08896285285552342,0.21325647830963135,7,0.35451062541594475,0.4978326832147472,0.9928764925952355,True,303,0,3.3200000000000003
19.98,0.01142466147159504,1.0,0.29222454250496344,0.2833148969421406,5.938618485770779,0.05453473050147295,0.15827475054986317,0.14864728577435016,A047flat,stairs_10_down,,,,,,,,8,,,,False,303,0,
19.98,0.011824003580538842,1.0,0.3445600081494147,0.3830545044317302,3.1939630866598305,0.060383491970133034,0.14018236483573307,0.08258479113457724,A047flat,stairs_10_down,0.27019014460517765,0.011176735162734985,0.024845901219472798,11.862821349506792,5.572937442569623,0.04668325042972962,0.2361990511417389,9,0.35416827627681796,0.4812823933321472,1.6347675603324106,True,303,0,2.2600000000000002
19.98,0.005971778218450125,1.0,0.3435414666256165,0.3186155049194562,4.457427481652211,0.05435122597962618,0.1042615185583542,0.10593132375739515,A047flat,stairs_10_down,0.2937445525817055,0.01504477858543396,0.052942549222699906,8.499116592933904,5.4140653938609775,0.10934676207602025,0.17725974321365356,10,0.32752373829882414,0.34315632183832717,4.057137292414795,True,303,0,8.6
19.98,0.00696402366404044,1.0,0.3350564309906832,0.3473361862086033,4.810431171812598,0.05501334736123681,0.11531331825489255,0.1001403221860528,A047flat,stairs_10_down,0.29270571581820115,0.018222033977508545,0.021306430030173885,12.05236061035471,6.820131339594081,0.04527990604440371,0.1678071916103363,11,0.3364048887574099,0.4419287204582639,2.3603481175009167,True,303,0,2.24
19.98,0.00746997710032129,5.0,0.35255873779243324,0.4176047605239816,2.1215773417404353,0.06026172712445259,0.14600414502771378,0.09250004617497325,A047flat,stairs_10_down,0.2924509435732734,0.0030666887760162354,0.014146540090300802,7.162590864519153,3.5542372062026653,0.0970885451634725,0.23408979177474976,12,0.34808071835155796,0.44787708667894277,1.572074601842367,True,303,0,2.54
19.98,0.00910634597813898,4.5,0.34855273653957297,0.405220029750312,2.828053470580029,0.06878131475299597,0.14405308497144004,0.0980259572621435,A047flat,stairs_10_down,0.2797012349819754,0.004094064235687256,0.03105507717496185,11.14818126137828,5.508027790624135,0.08651784040033818,0.2622663974761963,13,0.3551918196168175,0.44796393396920176,1.2297924674434295,True,303,0,2.38
19.98,0.007085591893217706,4.5,0.36843009042867353,0.49329911702763674,1.7529150497859423,0.04556775704957545,0.13451086947215934,0.07774622976081445,A047flat,stairs_10_down,0.22062427618286828,0.0124683678150177,0.033095941190209886,22.589540137343036,10.15395467777585,0.1825941061383734,0.21745339035987854,14,0.3477462304977172,0.5011716658268156,1.8662966023675378,True,303,0,3.2
19.98,0.012065236696253463,1.0,0.3326132821415198,0.26003484901824564,4.512980454250661,0.058789067938923835,0.12947976206924222,0.11488733401987701,A047flat,stairs_10_down,0.2839156655385533,0.0018330216407775879,0.01503463465858362,10.065814591021402,5.4376878184869915,0.02649379424750805,0.2490900456905365,15,0.338724524528585,0.36983732254192253,2.8347247681967986,True,303,0,1.98
19.98,0.009842443339322294,1.5,0.3210092922136746,0.35105021606919473,5.489123509861571,0.05628814005292952,0.1330260847856029,0.08693711210042238,A047flat,stairs_10_down,0.2620978553027393,0.010891228914260864,0.007761915950972884,12.670525657058146,6.617544633097476,0.0524395123620828,0.2382822334766388,16,0.3368535149416184,0.4397329792807959,2.251232586920045,True,303,0,2.02
19.98,0.006798822812044729,1.5,0.3797761443448577,0.449176929842462,1.6146661258283166,0.05541205758228898,0.12325535416808618,0.07600910627632401,A047flat,stairs_10_down,0.29551424205621935,0.003365129232406616,0.006736692201648436,11.21891211233366,6.393227895077215,0.0873992473895972,0.27256086468696594,17,0.3364502043775059,0.4086066567291,2.520803470078484,True,303,0,3.88
19.98,0.0071158139659425,3.0,0.3151744907456923,0.20373693847051016,6.884555853536844,0.06100705066695809,0.10739690591503588,0.10804569254629313,A047flat,stairs_10_down,,,,,,,,18,,,,False,303,0,
19.98,0.014004728122916537,1.0,0.3462168439919936,0.4469154080539452,2.5470704013545564,0.041754428520798685,0.17450259865072715,0.09467262646183372,A047flat,stairs_10_down,0.21241719869368858,0.024808824062347412,0.01467573747238872,18.58603658947068,7.234283114475656,0.053979711631933845,0.4215642809867859,19,0.34744969278733356,0.5420044569749877,1.3309936163906926,True,303,0,2.42
19.98,0.0072593719283460785,1.0,0.31000646483770666,0.19978410361602716,6.946375128452109,0.041737126810476186,0.0931062751901353,0.09283408318646252,A047flat,stairs_10_down,,,,,,,,20,,,,False,303,0,
19.98,0.005564099862203011,5.0,0.3691712712635969,0.47988771020975135,1.2547606867108898,0.07882573634386063,0.13010619638524806,0.0774882455682382,A047flat,stairs_10_down,0.21451589736071497,0.013461291790008545,0.012161658158421754,19.285781613478786,6.854471969606246,0.10498605635017157,0.47841891646385193,21,0.3559525718599717,0.4816925637324385,1.080061940829095,True,303,0,2.7600000000000002
19.98,0.013984632308282384,1.5,0.3330219248957175,0.33974189993886256,3.8951513235248747,0.04752655846998095,0.17375199078030587,0.1490079076308757,A047flat,stairs_10_down,0.2577148070309889,0.00643688440322876,0.013976866579592276,11.783131358938736,5.973738719838848,0.060938510484993456,0.2830289304256439,22,0.3365822435827816,0.40708410758879865,1.917235130848657,True,303,-1,2.38
19.98,0.00903718103247254,1.0,0.3663858526498876,0.4331665592067524,1.8733038154890709,0.054228692501783374,0.1446618066733702,0.08773499747971072,A047flat,stairs_10_down,0.20205556023567117,0.0,0.023771910022809612,20.044406973277354,7.226001276987778,0.1107798228909572,0.3239452838897705,23,0.3515787485640317,0.4788002302751904,1.3292117960457126,True,303,0,3.06
19.98,0.011117030004294986,1.0,0.3161356348851148,0.24483085195459883,3.5728527186926287,0.05584217404481023,0.14310570170954626,0.1897613552911207,A047flat,stairs_10_down,0.27664842086042307,0.011504203081130981,0.002686697438028813,7.78951287892459,4.0435468295718495,-0.0021475721802562474,0.18978118896484375,24,0.31792735141866346,0.3450155214435774,3.0595540222517577,True,303,0,2.0
19.98,0.005716380415568861,5.0,0.37582214524561075,0.474438849833263,1.001556015448771,0.06314207384362817,0.1272551196602801,0.07566205662951689,A047flat,stairs_10_down,0.31206086883570416,0.0041615962982177734,0.01093171393724824,8.681522357936723,4.265915405704096,0.06389729320382079,0.1740097999572754,25,0.3552973268758805,0.5203576758968476,0.988130079399035,True,303,0,3.06
19.98,0.021030630100826418,1.0,0.3172697590952889,0.3665626320946913,4.491965527741081,0.06918841786682606,0.19008034492875353,0.1707190332817845,A047flat,stairs_10_down,0.21852515406787076,0.027117550373077393,0.04239803295891053,17.132106117495248,6.289263999518413,0.11605810542901357,0.30279383063316345,26,0.3438622506417055,0.4935028188906835,1.3865932335660967,True,303,0,2.12
19.98,0.015746824917042348,1.0,0.3198850524473318,0.30425082318021907,5.11015753080362,0.0594622915238142,0.135534031310051,0.09873867463320493,A047flat,stairs_10_down,0.2617621993954806,0.013744592666625977,0.02148607292578007,13.592309837880975,5.8603921081256285,0.016689074337482453,0.19343942403793335,27,0.3322289010611448,0.4578364714815714,1.5521429308892392,True,303,0,1.84
19.98,0.004638696884058461,1.0,0.3501400275727644,0.3301206844538275,3.5094953519987677,0.0605861654644832,0.10375958149322052,0.08181918763089925,A047flat,stairs_10_down,0.3253916914769035,0.01872265338897705,0.02909002351126045,9.016524666959144,4.9995276027532185,0.023727816759298245,0.24423152208328247,28,0.34535591910229646,0.4338449483284576,1.5140119670262453,True,303,0,2.32
19.98,0.006776928950161193,1.0,0.3775396249351655,0.4272856192176516,1.7922537568504229,0.07159992738626897,0.1347975276766631,0.09551585978362709,A047flat,stairs_10_down,0.29197637999758996,0.015450626611709595,0.008715259482268398,8.18042941725482,3.8850419565089003,0.05587671307846904,0.22986680269241333,29,0.3543306266050288,0.5153306983994245,1.036583673473236,True,303,0,3.14
19.98,0.03135861704240322,1.0,0.29242037777116586,0.39102675845659546,6.291575587243665,0.0676979360729456,0.25384969074377856,0.15316956465598197,A047flat,stairs_10_down,0.1833868087294267,0.0,0.04813620321602771,17.84720054966632,10.777506403290834,0.16767352301627397,0.6052397191524506,30,0.30726851935055166,0.3220050333498157,4.463789954800063,True,303,0,2.18
19.98,0.008386785379981396,1.5,0.33181446236085127,0.38886615196208246,3.785127515378694,0.0457903163228184,0.13492208760223937,0.10368984786444344,A047flat,stairs_10_down,0.2807156861147141,0.0014434456825256348,0.012813748541912685,11.58314921799902,5.484680110035749,0.08341983926172057,0.27994588017463684,31,0.3390751511782885,0.4165091046974611,2.003495306333859,True,303,0,2.22
19.98,0.009446756325497952,1.0,0.3238022671376957,0.38002235004849744,2.7331634333175368,0.0690380191244185,0.14720816975102038,0.09755889278603717,A047flat,stairs_15_down,0.25045072745511876,0.010303854942321777,0.01592720013792118,9.1441531726598,4.302767860621775,0.0656378193323811,0.2775713801383972,0,0.3346869821854454,0.4631549319156104,1.1944665449192713,True,303,0,2.22
19.98,0.026801806874012325,1.0,0.3005504363743379,0.4196721944401809,3.242513231935804,0.059786267541348935,0.19590235284176033,0.10822080277488567,A047flat,stairs_15_down,0.1669298270169426,0.004876554012298584,0.03817100348478956,11.21770088522762,5.621625144212601,0.08834581459561984,0.31445175409317017,1,0.32571119467842385,0.47007512583055666,1.7307757053061894,True,303,0,2.3000000000000003
19.98,0.009606964668132116,1.0,0.31852295530989844,0.31874098400244405,3.63602330843025,0.06077986035495996,0.1301467496074285,0.08420210848329589,A047flat,stairs_15_down,0.26272588458290713,0.00738447904586792,0.00909447873907312,8.451870856714802,5.083508388442741,0.03448927087088426,0.22674351930618286,2,0.3288065699970021,0.4187325077559381,1.93867171940708,True,303,0,2.2
19.98,0.007043036539578846,5.0,0.3666033456414779,0.44728272272080133,2.228855599251563,0.07045793741941452,0.13946173717292007,0.08302176652941853,A047flat,stairs_15_down,0.26173412002981666,0.003451704978942871,0.037295027740625285,7.889861266730388,3.8904626759679894,0.07998754126330217,0.22983551025390625,3,0.338990527678301,0.45943976645860174,2.1824548703813402,True,303,0,2.9
19.98,0.01714468655636289,1.0,0.2694612961465662,0.27588695422721693,5.189156641587365,0.055863633444532754,0.17803997569297353,0.1235315435793018,A047flat,stairs_15_down,,,,,,,,4,,,,False,303,0,
19.98,0.01998393156711846,1.0,0.28042351627413603,0.3272402158787397,4.781683941864902,0.05348816927522421,0.19209706890824627,0.1280521634966135,A047flat,stairs_15_down,0.1924311289175309,0.0015312433242797852,0.026223771756789888,12.265061935478766,6.2004339294723465,0.01771154075860977,0.30193179845809937,5,0.31334927411002905,0.3850809658976271,2.0974892172228774,True,303,0,2.06
19.98,0.011479950703594432,1.5,0.324523474857769,0.421277617336375,2.859962424474584,0.055742268702015284,0.18050454285161005,0.12223785389214754,A047flat,stairs_15_down,0.20343916492666148,0.0018901228904724121,0.01272472622264061,12.599707447398405,5.519195422092637,0.11160093332330386,0.3122493624687195,6,0.3268469905853271,0.44767777093735284,2.305829181477733,True,303,0,2.38
19.98,0.006393595347343594,1.5,0.37913984842797643,0.45027879063787396,1.4435137706648278,0.06212017603218555,0.12527407465099985,0.09137423968873919,A047flat,stairs_15_down,0.25741892415571976,0.003033280372619629,0.002982385798306359,10.060342067385983,5.489518698630596,0.08466012471510719,0.35125911235809326,7,0.3223667497813383,0.3383468964034717,2.7723740454975814,True,303,0,3.58
19.98,0.017335323501687,1.5,0.2605803317118455,0.2425100597705585,6.036263528347835,0.06408069039694965,0.13927958759750494,0.11034887870308012,A047flat,stairs_15_down,,,,,,,,8,,,,False,303,0,
19.98,0.010868482327475549,1.0,0.3220822115569192,0.38398035154071536,3.377698662295771,0.06471049493178725,0.1478077939229718,0.09081646663602441,A047flat,stairs_15_down,0.22897044732608896,0.015727102756500244,0.022788025481392804,11.385792932472096,5.7733059084607525,0.05464283217986425,0.2887412905693054,9,0.33182759826833547,0.4500592189743434,2.5717414719449136,True,303,0,2.2800000000000002
19.98,0.005529078691420551,1.5,0.32526632921899706,0.33334204301421394,4.775540112543876,0.07430819494649768,0.1030385790368686,0.10861251124646515,A047flat,stairs_15_down,0.21874716065146704,0.023700594902038574,0.042623412994644234,12.240505777545348,6.4176156975498255,0.13392587043344975,0.215265154838562,10,0.2993014077069288,0.39333341292262,4.025562181228448,True,303,0,10.76
19.98,0.00756791020815255,1.0,0.3177532906838279,0.32540647812875007,3.900434634939343,0.04437486350536347,0.10769939622597544,0.07971854595001787,A047flat,stairs_15_down,0.2770611458921177,0.026247084140777588,0.024559372753604432,9.003353269710296,5.217289638241523,-6.319671869277955e-05,0.20149052143096924,11,0.3106473089029445,0.4340717595706465,2.5322647386026373,True,303,0,2.3000000000000003
19.98,0.008350584068386558,1.5,0.33667380720217593,0.4005372610281929,2.2983733201947323,0.07092333933338522,0.1467038418353909,0.09020762866828591,A047flat,stairs_15_down,0.26753714696608766,0.01361757516860962,0.009623127562807119,5.7783161226423845,3.2800597955147115,0.0778984277509153,0.25648176670074463,12,0.33044724237472617,0.4729852613840662,2.239475942101845,True,303,0,2.52
19.98,0.01030110258682872,1.0,0.33239455350580066,0.39762150900154014,2.8050610549905075,0.07612207986414432,0.14367111937495633,0.08875138527015224,A047flat,stairs_15_down,0.24372079665648105,0.017488181591033936,0.02472393952097062,10.944148710388632,5.592245452505293,0.07828244313597679,0.27647465467453003,13,0.33791420184354726,0.4606732801412725,1.4480823126480413,True,303,0,2.4
19.98,0.0072519572670813985,4.5,0.36338326996341747,0.4943394876618228,1.433973582987746,0.04833762296941131,0.1414474569827008,0.07785394324804656,A047flat,stairs_15_down,0.18614884461948578,0.016873419284820557,0.03325835010954327,15.07573972248816,7.4859331880507645,0.0680899136637648,0.21804869174957275,14,0.33062246372355497,0.5101126005914893,1.807383624447111,True,303,0,3.2
19.98,0.004439269282981978,5.5,0.3120276195639595,0.30092975315830817,3.5697124342598956,0.06500647559762002,0.10221133451103465,0.10038112383335829,A047flat,stairs_15_down,0.2803742748530791,0.001766204833984375,0.05737708315508303,7.210010595057495,4.118862519759941,0.00142935906847318,0.18044710159301758,15,0.31487565695920733,0.43421867360452765,1.4480318775696222,True,303,0,1.94
19.98,0.008419682179232611,1.0,0.2918968688581079,0.3572798960054919,5.640460189879417,0.05185523591935635,0.129765728808768,0.09137390810996295,A047flat,stairs_15_down,0.21922529540597435,0.0010523200035095215,0.030707820301930335,12.962646930647487,6.507062035608632,0.03347946075101693,0.2451866865158081,16,0.3163963063897934,0.47552188291524833,1.8253613139028204,True,303,0,1.96
19.98,0.005664521627230487,4.5,0.3799797925751477,0.46104893407935676,1.4566607410390424,0.05726756790652871,0.11173318730300603,0.07894884480861947,A047flat,stairs_15_down,0.2679883815387991,0.007431685924530029,0.02004967338605182,11.455797739269173,5.709389916010201,0.028464323150304456,0.197698175907135,17,0.3326246829466386,0.47454786517742853,1.8124100222315247,True,303,0,3.7800000000000002
19.98,0.0035896276887293697,1.5,0.2888428844328233,0.16835844157304294,5.769176209584572,0.044149915892630814,0.07438488614133919,0.08269750266335904,A047flat,stairs_15_down,,,,,,,,18,,,,False,303,0,
19.98,0.015685439134258874,1.0,0.32749617086693555,0.44130092068508736,3.0588504172905555,0.04088044311851263,0.1900724490953836,0.09308551717549562,A047flat,stairs_15_down,0.1708678985662001,0.013581037521362305,0.01618757679129011,11.321207505210323,5.024310168128103,0.11341614797711372,0.24240761995315552,19,0.32740213790679357,0.5018446213341471,1.7050989410579853,True,303,0,2.48
19.98,0.004872463456646085,1.5,0.27862972676435255,0.1813053114133561,6.627320323701792,0.04924899910343811,0.08772964961354987,0.09399945469922386,A047flat,stairs_15_down,,,,,,,,20,,,,False,303,0,
19.98,0.0057298050760144275,5.0,0.3595717677203092,0.47110060063223325,1.3705728673960018,0.0831769597530365,0.1287420969395534,0.07628201770130545,A047flat,stairs_15_down,0.21303027422032894,0.011978566646575928,0.022917523392817933,12.062888948675473,4.672062779971879,0.052650051737825075,0.29935240745544434,21,0.3399327139038453,0.49847859806239603,1.5484112531066179,True,303,0,2.74
19.98,0.018122696282830857,1.0,0.29019295185326255,0.31568363524581605,3.9541220349676753,0.07535231604706497,0.20621989712827596,0.12831162225455045,A047flat,stairs_15_down,0.20354633375922626,0.0036426186561584473,0.008444266282233588,10.027307557040503,5.70518331893643,0.026667405537640056,0.2627864480018616,22,0.31897014081159375,0.4438800376442061,1.5245364301063744,True,303,0,2.12
19.98,0.009198853565795943,1.0,0.35891777611033804,0.46057669225012376,2.1414040365167106,0.05953388899564743,0.1505830099533681,0.0895267791626975,A047flat,stairs_15_down,0.20840524479667133,0.018316686153411865,0.02709463915169271,11.081003208666361,4.301115219832388,0.12558769943813483,0.2249106764793396,23,0.3328532268656766,0.4979105692851883,2.2693759586787627,True,303,0,2.92
19.98,0.006939266911279901,1.0,0.28966230038653085,0.2612197121163422,4.31469763373893,0.049940944761037824,0.12661973352996286,0.15371298901736735,A047flat,stairs_15_down,0.25816125984497884,0.027516722679138184,0.0031092560310606453,7.295222768479063,5.145600732986046,-0.012285161154965559,0.14875680208206177,24,0.2702911195780504,0.11025376988175717,4.063978589367198,True,303,0,5.74
19.98,0.009808634023569266,1.0,0.36598469867425815,0.43433241325002725,1.8843691566457659,0.053776661343872545,0.15654468895355622,0.08145519813406281,A047flat,stairs_15_down,0.27430909648936064,0.009862244129180908,0.034922908693085244,9.935372702182143,4.7634493156826885,0.06718783547480901,0.3009781241416931,25,0.3237227309706377,0.42386603141459944,2.263280430410438,True,303,0,3.24
19.98,0.015287254284692136,1.0,0.2958387438084352,0.34129579360278817,4.269859702615418,0.05830219393363222,0.18441818927609177,0.14572327572386712,A047flat,stairs_15_down,0.20320357517762622,0.007855415344238281,0.007628657128139486,11.862572153860054,5.457434065458014,0.07266611703361074,0.22663474082946777,26,0.3171640054682359,0.46248152186044295,2.509784028048923,True,303,0,2.12
19.98,0.006955676179910173,1.0,0.2904604413356373,0.2687937993241642,4.817594830451776,0.04698875606060028,0.11174655523783031,0.09090102967340499,A047flat,stairs_15_down,0.24688871754681996,0.010490179061889648,0.007219379578359954,10.502266685103127,5.5352145170502265,-0.019325880135099092,0.2108544111251831,27,0.2987536392237413,0.43190185912482837,2.4032658340732818,True,303,0,1.9000000000000001
19.98,0.006969240921652093,1.0,0.33205731051172166,0.3250408366962246,3.7338789489732704,0.05657006790861487,0.11301028511779082,0.0847115815221332,A047flat,stairs_15_down,0.30419498905141085,0.021887540817260742,0.022028294411027143,6.973051632472808,4.718238019148419,-0.0022205497603863477,0.2734676003456116,28,0.3142561712622005,0.3715607464626028,3.204990205073798,True,303,0,2.46
19.98,0.0067817285182281825,1.0,0.37441411165630123,0.4214022926512211,1.7362327317850228,0.060844474071636796,0.12344077401869316,0.09209487618878484,A047flat,stairs_15_down,0.1972313988655009,0.0011158585548400879,0.023733573245852232,12.072265277923766,5.542165677764485,0.0984999006614089,0.2914905548095703,29,0.329156784769048,0.3384144028702516,2.05024858547264,True,303,0,3.2600000000000002
19.98,0.019906233608834558,1.0,0.2694719716922485,0.3455716728573497,4.738827342733629,0.06714132115244865,0.21169188054071092,0.1425080218212679,A047flat,stairs_15_down,0.18341024068587608,0.012112915515899658,0.027108988666439147,12.331487632415579,5.744765440160072,-0.009335802011191845,0.2710670232772827,30,0.3071825706767526,0.47596224645392593,2.603623131798407,True,303,0,1.98
19.98,0.008092581693724982,1.0,0.3064053801738005,0.3845487368956478,4.242516574057168,0.0508828999614343,0.13422071407183156,0.09640552888624371,A047flat,stairs_15_down,0.24129131101669477,0.001920163631439209,0.0324132035586218,9.94906038475064,5.185631689468016,0.08003184869885445,0.23451894521713257,31,0.312295194347912,0.4295988621096275,2.3801274749725403,True,303,0,2.2
19.98,0.020495804385338646,1.5,0.31366945389279705,0.45822073129535135,5.6096917341476855,0.04350419700145722,0.2048130188635997,0.1141563184815459,A043,stairs_10_down,0.24508772001546975,0.09872674942016602,0.2385053814842704,14.99005081587154,8.37080334105522,0.46909104267756147,0.4573404788970947,0,0.3073636644919288,0.4733685998117699,4.177420422837582,True,101,7,2.36
19.98,0.059254981166482826,1.0,0.29449784258071754,0.4822225244447361,9.411462612665636,0.07851997867226601,0.30083045017481935,0.17508129991590976,A043,stairs_10_down,0.17809425589235073,0.20490306615829468,0.10293806444789493,23.655695866302544,14.780940989300184,0.3627070100605488,0.6091982126235962,1,0.22016215907698644,0.40856752672104696,10.988112654398128,True,101,7,2.32
19.98,0.015128119989948384,1.5,0.3381946583737664,0.46035577864592947,5.763544383883434,0.02014566130936146,0.1628761919470892,0.08629837565124035,A043,stairs_10_down,0.19892244590794972,0.11926519870758057,0.30220303658929265,17.83166069535229,10.006921454535588,0.4742563517888387,0.6144784390926361,2,0.315590802896469,0.42987656124880785,5.511702209227728,True,101,6,2.82
19.98,0.0410471265273791,1.0,0.29282659740052763,0.42245089303492733,7.7115360575719425,0.06088530302804429,0.2937140727610024,0.15853531221626327,A043,stairs_10_down,0.18564173403908224,0.1199975311756134,0.13961832680920955,20.075182594112224,9.85959859127773,0.41176031465331714,0.655113160610199,3,0.33831996817639803,0.47896306144499334,4.800734131382523,True,101,7,1.86
19.98,0.017619958978423746,1.5,0.3230937649716031,0.48919505939793567,4.30290855027643,0.03708301067352295,0.19030237858639978,0.11823855249444022,A043,stairs_10_down,0.2016122038351661,0.0723491907119751,0.29061378363475127,23.94138057657614,8.97336714653558,0.46029434363047284,0.5374424159526825,4,0.3244851420524924,0.513855370317399,3.5555261276117265,True,101,6,2.4
19.98,0.011079122661182873,1.0,0.3611495543562155,0.409460093914366,3.9768501895676285,0.042037758976221085,0.1296034745048929,0.07325856437673792,A043,stairs_10_down,0.19789306269609996,0.09613475203514099,0.14902262373251413,20.07380955834843,9.867440735905767,0.40693792174259824,0.5553737282752991,5,0.3460707674306982,0.5365338685100568,4.7406281274282405,True,101,6,2.88
19.98,0.00983794246733438,1.5,0.38011749365272374,0.4462480860647196,4.53359049608059,0.040135732069611546,0.11946321855294482,0.0811551810009405,A043,stairs_10_down,0.16832016942335326,0.07758724689483643,0.22002931042226842,18.640657974767443,9.870732192001904,0.40692799776792526,0.5277574062347412,6,0.35402510293664785,0.5046370438823773,6.57251844810046,True,101,1,3.8200000000000003
19.98,0.011878214993223082,1.5,0.3709138007501867,0.4508541725304557,4.666865098799061,0.04013104498386383,0.12264229621266404,0.08935252217575908,A043,stairs_10_down,0.20478025556885626,0.06689459085464478,0.31470726422210843,18.172100744904544,8.014174818125811,0.481519318819046,0.5661353468894958,7,0.3481299211825917,0.4694079230763624,5.823158275393261,True,101,7,3.56
19.98,0.010599841350932483,1.5,0.35143502523236103,0.4799397329457418,5.525047626084472,0.037415802199393514,0.18513216180305167,0.10297159708570688,A043,stairs_10_down,0.20427247929700554,0.07588827610015869,0.19137085255320435,16.693853330573425,7.249262784413766,0.42993204077084857,0.5345545709133148,8,0.34431161628687446,0.5264984821743265,6.044511284869381,True,101,7,2.6
19.98,0.012263667392595214,2.0,0.37172166290130215,0.45526814161322027,6.156673649351169,0.04618468776345253,0.15753854662118819,0.08653726899065077,A043,stairs_10_down,0.20520960806525324,0.12873126566410065,0.2581873686975691,22.404377527180976,10.144648793987852,0.48512074569861097,0.6365075707435608,9,0.35148696348628905,0.5150275922439859,6.98999917174115,True,101,7,2.9
19.98,0.012294674762125382,1.5,0.3379445916366449,0.4896516343336581,3.8618549097636685,0.04030045932158828,0.11732391937348578,0.08763103611767292,A043,stairs_10_down,0.15749090909957886,0.08385089039802551,0.07406878513573806,18.862149795077656,8.441564103182694,0.3899555402373274,0.5935050547122955,10,0.32425243220864775,0.4875552769115716,4.5242825196526475,True,101,6,3.24
19.98,0.0421008285953332,1.0,0.2552995500223522,0.35942057361185076,9.766853060432982,0.049757044715806845,0.23363931054901554,0.1568307942058891,A043,stairs_10_down,0.1688256432665861,0.03161531686782837,0.025362759303355194,17.238559287053924,10.258529100087452,0.3112100974097848,0.5535617470741272,11,0.304896014954317,0.43904362194340335,5.610286721023077,True,101,7,1.86
19.98,0.02136674292597665,1.0,0.3000081089059299,0.4657051385655134,6.289012109402722,0.04033683859743178,0.2245947748785727,0.13916580649325624,A043,stairs_10_down,0.21957846041669182,0.08676621317863464,0.3220287025045713,17.758937569569017,9.302229125641455,0.4635870925585429,0.4697971045970917,12,0.3177787759852282,0.46237913302437533,4.564560474059207,True,101,6,2.14
19.98,0.0266803583185721,1.0,0.2890427663428261,0.45525653189099413,7.200600729026363,0.061596352607011795,0.26947202326386577,0.20204614283517003,A043,stairs_10_down,0.16185465582551806,0.0802818238735199,0.2556421364132063,20.33928128845513,10.353340449303385,0.4286985623836517,0.5744084715843201,13,0.32776832868708644,0.47545564747279045,6.588601882528014,True,101,3,2.04
19.98,0.04684071369211839,1.0,0.28356364144600016,0.45433973816213125,9.392978764554142,0.07784026704728603,0.27270315115294724,0.22259024198167027,A043,stairs_10_down,0.1939319866226319,0.2129930704832077,0.1901371003898594,20.745135517263527,12.77101847470069,0.4588509271542231,0.6556812673807144,14,0.21871932497636518,0.3236035447596733,12.24078571669054,True,101,6,2.16
19.98,0.008405390035145567,2.0,0.3736267956294478,0.45683028817898014,5.298449719105695,0.05036583088338375,0.1436456879477308,0.07133060189895332,A043,stairs_10_down,0.23918177546026875,0.07839775085449219,0.29577916040511204,17.283652437159905,8.895738940227746,0.4958487435181936,0.4657961428165436,15,0.3453088467516363,0.5115544620764605,6.9986783815656075,True,101,7,3.16
19.98,0.013479513891501586,1.0,0.35799142542529233,0.3975023405768662,4.405308571659951,0.037547696055844425,0.15542332216066365,0.08362296759150922,A043,stairs_10_down,0.1688232248160928,0.09300801157951355,0.165002067676091,18.45824644081573,9.891425896413898,0.39324228664239247,0.5727902054786682,16,0.34207595871731555,0.4987733431477273,5.08862389004166,True,101,7,2.88
19.98,0.04625866921827985,1.0,0.29118171703847334,0.45008237592430744,8.131533602382934,0.03785934782121331,0.2891146689025643,0.18089576712576672,A043,stairs_10_down,0.18110098207698144,0.09828141331672668,0.006601267687523678,21.445885562619385,9.896950662611129,0.40534957418839135,0.5484059453010559,17,0.33772787426244766,0.4930229075856434,4.65967342072813,True,101,7,1.78
19.98,0.035338987174875526,1.0,0.27409914536112767,0.4533305531017558,7.063094068198366,0.05113925643265247,0.2666288005483814,0.15738498058635741,A043,stairs_10_down,0.17593864212061627,0.10071156919002533,0.019081192247651018,20.89260115969417,9.613782487733662,0.4290246236821016,0.5545169115066528,18,0.3131143436393636,0.5213685089104242,2.87324610502302,True,101,6,1.9000000000000001
19.98,0.02075361867879754,1.5,0.3415120722982972,0.4722735624068537,6.255195077359022,0.054769423771649596,0.20975017404026672,0.1522465740609914,A043,stairs_10_down,0.1884221106289542,0.04465338587760925,0.14988362066043312,19.457004796043453,8.356417235376727,0.4070522585014502,0.5263619124889374,19,0.3346415850249204,0.4557026818544063,4.510103653135153,True,101,7,2.52
19.98,0.01472320832308656,1.5,0.36307072884896224,0.44171779104935766,3.649725411859637,0.03834209836437367,0.13067087811152134,0.1020991993683856,A043,stairs_10_down,0.20068718182211887,0.13501255214214325,0.260599561122816,21.826572687291424,9.23333125814772,0.48595849275588987,0.6278008222579956,20,0.342546951789907,0.5130037350803557,5.21257393196381,True,101,7,3.24
19.98,0.014124299356069885,1.5,0.3282770786518082,0.4683391723994187,4.975166904749531,0.048572062700986865,0.20809349833392937,0.14353645683266222,A043,stairs_10_down,0.15255483219967803,0.05612307786941528,0.02467726846036581,22.533882603839857,8.85886143154919,0.39120679336289566,0.6900608539581299,21,0.3270498466364203,0.4038878925145748,4.787456124451168,True,101,6,2.38
19.98,0.020251102310854918,2.0,0.3216275690009887,0.47819154441505196,4.809729942035481,0.039149763770401476,0.2128988540801861,0.10262467123568059,A043,stairs_10_down,0.13681109671924208,0.09568870067596436,0.21001058222239158,20.14556441624192,9.152168359931483,0.39303699985146523,0.5805112421512604,22,0.3222098916354664,0.4770540915747692,5.008555853433532,True,101,7,2.6
19.98,0.050057715793958894,1.0,0.2886466301603113,0.4564363071405373,10.874424404602346,0.05888369156047702,0.27631680850201884,0.2017048687301576,A043,stairs_10_down,0.1914661652582852,0.1425909399986267,0.05169578726373421,19.958161253473165,12.646328188525228,0.42716462447463227,0.6228208541870117,23,0.31561361745079575,0.5377959010705624,4.1468536030775525,True,101,6,1.76
19.98,0.02720881852233802,2.0,0.263004218759065,0.46451797558020325,8.85910610173745,0.04773971349000931,0.2392507772314323,0.15980739364400506,A043,stairs_10_down,0.2000198789777603,0.13544535636901855,0.31630917978734385,18.896018725892358,11.033035432001379,0.4656487802664439,0.5091100931167603,24,0.28666331846446275,0.4814857912688942,5.479149194834204,True,101,7,1.8800000000000001
19.98,0.006956057481154183,1.5,0.356519078299961,0.49027156090784496,4.3852976294420065,0.032540618628263476,0.09164854011000606,0.08085437687812373,A043,stairs_10_down,0.2296687417170581,0.1024303287267685,0.306549016295325,17.40850723294814,9.316365105201086,0.47196235100428263,0.5179569125175476,25,0.31041445992209693,0.4840308044537659,4.155012371378263,True,101,6,3.36
19.98,0.018738980695003064,2.0,0.3252084464679427,0.46262564562536596,4.436540715908013,0.025638837963342667,0.19239347035021057,0.1248691046051681,A043,stairs_10_down,0.2145932965418872,0.15226730704307556,0.344882088270663,20.804858925981794,9.236196413772145,0.4904202922185262,0.616748258471489,26,0.32687006629087073,0.439363261055883,3.884529716441571,True,101,6,2.54
19.98,0.03353946702525289,1.0,0.2757447110730059,0.40907317474682076,7.15316491976353,0.08463499438017606,0.25851250377745855,0.22769642273662613,A043,stairs_10_down,0.19331626203608387,0.17411330342292786,0.1673098576947661,22.61016615830481,13.152027156662523,0.4004704154531161,0.5716517567634583,27,0.2206280348326433,0.3656034342970213,12.013477967470685,True,101,7,2.38
19.98,0.044407297031764346,1.0,0.27450170103241417,0.4601658402458471,8.28100440372718,0.04481274161487818,0.28501216771523064,0.20339065562933684,A043,stairs_10_down,0.17274772610893863,0.12442722916603088,0.04581837620972286,20.74637922166317,10.271600298979399,0.4408158104121685,0.6220068782567978,28,0.3275063390974055,0.5155986814857922,4.0527760352195115,True,101,7,1.82
19.98,0.0278857086514908,1.5,0.2798916731862461,0.4235974098673346,6.351668568906379,0.04362823072820902,0.23892032434542018,0.1317714970326051,A043,stairs_10_down,0.14289535430663414,0.09333233535289764,0.03867828406008396,17.036166320710475,9.151743835853631,0.38877069686849913,0.6091438233852386,29,0.3212508426949302,0.4911159273856757,5.635189815352132,True,101,6,2.1
19.98,0.009590102295198294,2.5,0.37291033829597225,0.45527519314606285,4.228292550384456,0.03751274036243558,0.15724440754895577,0.09099801577627659,A043,stairs_10_down,0.19431592181404644,0.0659770518541336,0.15692268058365308,18.61132823162434,9.66317922084933,0.39581469640135764,0.5929432809352875,30,0.35829372194361553,0.5104180828003752,4.935128481361975,True,101,6,3.04
19.98,0.024652709425238083,1.5,0.30288682696972297,0.43974991138688807,5.650847094540636,0.038013267889618875,0.26090704544881216,0.14747595417313278,A043,stairs_10_down,0.19217291107789714,0.16678068041801453,0.36527673415717987,20.96817171044238,10.117641167771342,0.5135216776529948,0.5928978323936462,31,0.3306607400924764,0.4742093859041783,4.4768266479416905,True,101,7,2.18
19.98,0.013149700078796091,3.0,0.2967697615674473,0.5107735214721658,5.767517428249108,0.0820116239786148,0.16697617090089587,0.1402029000269249,A043,stairs_15_down,0.10517732727336371,0.0007842183113098145,0.030204759273148418,22.806187694951905,8.864718818678362,0.3363721908132235,0.38334131240844727,0,0.28868279522115536,0.49064852133643233,5.397133576162873,True,101,6,2.48
19.98,0.04652158911529688,1.0,0.2782534795202673,0.42415648084315316,12.492704827174084,0.07373684220016002,0.29561868097394817,0.18819716737605632,A043,stairs_15_down,0.20152459935071,0.20130056142807007,0.062140600641624126,24.395928107029917,16.994821570305614,0.2762115702033043,0.5865722894668579,1,0.24873869584843442,0.4233611153116111,14.905394909284366,True,101,6,2.42
19.98,0.012358080515916456,1.5,0.3273014118996533,0.45386729361831535,4.673096009211578,0.03155391037464142,0.1656601086258976,0.11280347986612468,A043,stairs_15_down,0.1424379122448477,0.1236448884010315,0.062465262730796646,26.87592453568582,11.471998040050007,0.3693557150413593,0.5535945296287537,2,0.29837849763625446,0.4539649946657758,4.649990463339654,True,101,6,2.86
19.98,0.04995948927232803,1.0,0.2625098574512145,0.41508881156271593,9.500705947235671,0.07720097688143142,0.29156064391232395,0.16922396286390723,A043,stairs_15_down,0.15753568621242753,0.17018643021583557,0.007823444713473307,28.3021879347332,13.005740352895089,0.3768266068433877,0.6458505988121033,3,0.315643882968209,0.44904664132295957,5.836738375890207,True,101,6,1.84
6.98,0.016410281312613705,1.5,0.2991919577249231,0.4593453780928256,4.473464004848555,0.04998633712530136,0.18363355336951864,0.12107033407781273,A043,stairs_15_down,0.1303399380515603,0.10762202739715576,0.04635460280214678,26.333274075427312,10.21098771347273,0.3670563769092162,0.6118819117546082,4,0.30183974370599426,0.5187920808067862,3.426248111476308,True,101,3,2.38
19.98,0.013215117387896502,1.5,0.34811267136252494,0.44853165805757106,4.298424688584209,0.06219525791704655,0.20022710487469214,0.09888061937323073,A043,stairs_15_down,0.1732334172661929,0.1178278923034668,0.044403316976969226,29.172801525965102,12.812058102270033,0.36470652982592583,0.6108835339546204,5,0.3321595001730689,0.5159424555389173,4.876799508530059,True,101,3,2.74
19.98,0.011547555340065255,1.5,0.37528271470159136,0.4402947573423562,5.027461275782598,0.042183124851435425,0.12781963408445798,0.07694501535850577,A043,stairs_15_down,0.17034419845132265,0.05237853527069092,0.21068966428585517,24.071356910376497,11.002258558936084,0.3238555956631899,0.5107507109642029,6,0.33325982436776797,0.5456924841187691,5.53483634747611,True,101,6,3.7600000000000002
11.92,0.012351742977734686,1.5,0.37287602381910223,0.4336113656772033,4.613092190700042,0.036799274235963825,0.13338889688769318,0.09227782036643475,A043,stairs_15_down,0.17991078314296705,0.12129950523376465,0.2973619547248103,18.31564803770571,9.296641706840104,0.4430609893798828,0.629018247127533,7,0.32090726389604457,0.4765857692584652,6.1098555098509015,True,101,6,3.66
19.98,0.012351050153592837,2.5,0.33607844553210514,0.47877719702801935,4.86871635723011,0.04218296749517322,0.1594907163114044,0.11147372762905433,A043,stairs_15_down,0.1631418122327264,0.13420480489730835,0.04499885673450424,27.799012116553136,11.348193829252322,0.3494656515618165,0.671425461769104,8,0.32309254396408,0.5136255830784112,5.896752469806844,True,101,2,2.64
14.08,0.01228044637551008,2.0,0.36381083075056736,0.4513736740861074,6.144519448297908,0.05072958156466484,0.1617150060642626,0.09483003543689847,A043,stairs_15_down,0.1446084807263338,0.1322486400604248,0.06869738924714258,30.575039882957128,12.67510234250979,0.3574387740592162,0.6953001022338867,9,0.3324143641262769,0.5174091588978691,7.030602935379335,True,101,6,2.92
19.98,0.010793937983657713,1.5,0.3377185734899286,0.4925702755192627,3.5982525019580613,0.04296435794327408,0.12221177062180595,0.09358062842860818,A043,stairs_15_down,0.15478729787357348,0.14233672618865967,0.03656751695538447,26.581893460885677,11.263156623941562,0.3443640305598577,0.5744308233261108,10,0.30343398989203146,0.49872977598270063,3.242590182222084,True,101,7,3.22
10.72,0.052682170133543225,1.0,0.24145459420540757,0.40345604458137596,10.653179909851087,0.0601390637177974,0.319145419456848,0.1766366598382592,A043,stairs_15_down,0.13623765732515303,0.2747892141342163,0.20375978784270554,26.780823587271094,17.16738444578593,0.4631637215614319,0.6592020392417908,11,0.16535706131216038,0.1839872751341807,7.85757534826769,True,101,5,2.34
6.18,0.021257378223669316,1.0,0.29549535232431745,0.45492048190321777,7.674987641621051,0.04290549397468567,0.22362520230310157,0.1702551975287497,A043,stairs_15_down,0.18211804194883863,0.09570550918579102,0.26034956250867813,18.163415153250227,10.274507012123768,0.47067330638567606,0.5136936902999878,12,0.2929557046278275,0.4954216823635862,6.663417912899873,True,101,1,2.22
19.98,0.030140436653535174,1.0,0.26817069659258586,0.4208080579614852,7.456369456618968,0.045222088620066644,0.27332858879385064,0.14436138367280363,A043,stairs_15_down,0.15192712213903825,0.13679760694503784,0.03210146415078964,28.377554424886775,13.551562370735807,0.34561529755592346,0.6460398435592651,13,0.2970252688683291,0.5161813584320194,6.361526913899351,True,101,5,2.12
19.98,0.05039234039817572,1.5,0.2549569134183109,0.4229129584487975,12.238626253202964,0.10215908013284207,0.2859561967531258,0.22275576673448086,A043,stairs_15_down,0.15247630276144508,0.2018337845802307,0.01679117827280139,24.878954121127595,17.900646576526757,0.23539251159876584,0.5897834897041321,14,0.2396152840833613,0.3907899439671654,17.445932115695683,True,101,7,2.62
19.98,0.01261097076699139,1.5,0.36887326364211226,0.3994173266936902,5.091081356398947,0.0436128531396389,0.13799725137888824,0.07538221419788897,A043,stairs_15_down,0.15987447493854057,0.026449203491210938,0.03564036593144949,16.832934170896355,8.092329050595211,0.30589903229226667,0.6310492753982544,15,0.3287066989021505,0.44698619478481705,6.51562214567608,True,101,5,3.48
19.98,0.020194862621541458,1.0,0.32993323452013695,0.432959519124513,4.365739390021346,0.08332759018987418,0.18626374462874398,0.17113039622083306,A043,stairs_15_down,0.17296287497097163,0.04515480995178223,0.17692482612360205,19.57272191072887,10.001680831761272,0.30388368169466656,0.5185887217521667,16,0.32240808456339304,0.5323797902457852,4.576045055110554,True,101,1,2.66
19.98,0.035450076481653124,1.0,0.250324745458715,0.3516528113037624,8.39283258719409,0.06785939449444413,0.2690350811592162,0.16257266212254762,A043,stairs_15_down,0.1438245110333285,0.0690237283706665,0.029791961222904114,20.74654311537763,9.697781934968846,0.2474728880574306,0.6160691380500793,17,0.3094316488536284,0.467321505306448,5.00444121819114,True,101,3,1.82
19.98,0.03013249563905171,1.0,0.2449877573940206,0.3886400963227023,8.477266969528552,0.09038830640725791,0.2030661254711353,0.14625456409994514,A043,stairs_15_down,0.1463706397755261,0.1265171766281128,0.019832319513899962,25.148922433551693,12.503520672197162,0.2510192204515139,0.4613950848579407,18,0.2810427463883385,0.5361821392895354,2.472752661737016,True,101,1,1.92
19.98,0.021595457635669946,1.5,0.32055827773828555,0.43828538790343385,6.158286091715227,0.056977886715903876,0.19400657100698424,0.10822351997019723,A043,stairs_15_down,0.1451806614105714,0.01825892925262451,0.00403181030650621,16.50782359483779,7.094215631478521,0.22072347429736208,0.4983648657798767,19,0.32525442869267995,0.5212505240567264,4.109083125106572,True,101,0,2.46
19.36,0.015187526341377922,1.0,0.3618360778482203,0.4278571815668434,3.626706126295686,0.04081145485848538,0.14694286766080222,0.09945233424659819,A043,stairs_15_down,0.17321544758138807,0.1952745020389557,0.22929118388310027,26.56665614478123,12.125257642389204,0.45286797821521757,0.6058096885681152,20,0.3262150300250334,0.48220417801365606,4.586419406581021,True,101,6,3.3000000000000003
19.98,0.02397704903731364,1.0,0.3021077456863169,0.44701382309535864,5.920525155978878,0.07412127807736396,0.21960598817400934,0.14491586782038213,A043,stairs_15_down,0.1351781662772683,0.07168608903884888,0.012495060522874411,19.65966640522216,9.553516928402317,0.38665066690494615,0.6309166550636292,21,0.31426666342638393,0.45980954552013675,5.848806963670496,True,101,1,2.38
19.98,0.026175045629010272,1.5,0.30262360478786227,0.4580933944644887,4.542315435361138,0.07601161528378725,0.1992048115955733,0.15180937511613593,A043,stairs_15_down,0.1600274093010846,0.0007624030113220215,0.10943913441061184,22.550692380670387,9.520719319619122,0.3049024263521036,0.5511805415153503,22,0.30119327844782945,0.47022039797960064,3.3080998857019313,True,101,6,2.54
19.98,0.0513327818791847,1.0,0.2644476281767861,0.4624764011248326,12.273039523152422,0.05943298665806651,0.3252097207912455,0.1929647425044095,A043,stairs_15_down,0.17529695014902613,0.29698505997657776,0.12505504068225468,25.797053409994124,17.520777088333407,0.5204063605268796,0.7104411721229553,23,0.20557812290395647,0.3081537740033919,10.116430649024181,True,101,6,2.08
19.98,0.02178651350433395,1.0,0.19923453757150925,0.28907339402384413,8.267353859990894,0.04269526205025613,0.18995294617411984,0.1400127509329468,A043,stairs_15_down,0.11090699109164148,0.03961455821990967,0.0015294956833327726,14.511603920576583,9.979614688637618,0.07967718539138635,0.2849280834197998,24,0.24689841241122565,0.5036689303972612,5.307412805750123,True,101,2,1.8800000000000001
19.98,0.009403390909790019,1.5,0.35163692009002767,0.46602517536933713,4.549563792055913,0.03411049485206604,0.10875080649785374,0.07739914445672184,A043,stairs_15_down,0.12835759115729106,0.010248422622680664,0.008138208663247994,16.902504103467184,8.854139686461096,0.18077284549673397,0.2245500683784485,25,0.30136485042419026,0.5105575344146701,3.7581040395561702,True,101,4,3.4
19.98,0.02330888038296307,1.0,0.3042744940678704,0.443277003483958,5.550607424591652,0.04571487890556455,0.18119269894922704,0.12608088118955493,A043,stairs_15_down,0.15344186135154358,0.03873187303543091,0.039300848039144735,26.246677350788612,10.78901807670012,0.1994777435809374,0.49265623092651367,26,0.30995886931444877,0.5187276859456166,5.015288473389603,True,101,6,2.46
19.98,0.048896598273619536,1.5,0.26297218747317475,0.4209720897791528,11.846899039620745,0.06985890075564384,0.27615140874201455,0.19531217164592818,A043,stairs_15_down,0.16772924865630856,0.19414621591567993,0.017588456492294652,23.26382620307231,16.569046164561804,0.2910773154348135,0.5372703075408936,27,0.22950168814888613,0.4266673438430695,16.210031712458655,True,101,1,2.66
8.96,0.04069356342910263,1.0,0.24926536267135238,0.4056885057211987,10.516210185655439,0.0705327045917511,0.268401595299332,0.17177224609069527,A043,stairs_15_down,0.15352026568377086,0.1150175929069519,0.10086183613912125,24.967669394336856,13.091266781337003,0.29076484362284344,0.5590885877609253,28,0.2910118682116748,0.5259023550834319,2.8237716890431868,True,101,3,1.8
19.98,0.02485746616216932,2.5,0.2531317160505662,0.46510917805747387,6.706665076161618,0.052419498562812805,0.2571782257753591,0.17538345345761627,A043,stairs_15_down,0.1266249631815416,0.09533858299255371,0.16365570026120785,26.529291953500458,11.813100259026449,0.3697665055592855,0.6638005375862122,29,0.2806951915134083,0.48129471794826023,4.83302969298454,True,101,0,2.16
19.98,0.009800935209901,2.5,0.3652513772727334,0.45353721987210593,4.134296589816665,0.03922621203586459,0.16309928987621766,0.09389138864120468,A043,stairs_15_down,0.18985567978996643,0.11367219686508179,0.17711882905606857,26.743258661569335,13.478285465927522,0.3715764973064264,0.6529122591018677,30,0.33601497526474816,0.5044582455333999,4.647787281679166,True,101,6,3.04
19.98,0.03100230330302024,1.0,0.27737489506522606,0.4121674971914825,6.46295581782556,0.05673060716595501,0.2541095010017007,0.14002397999167443,A043,stairs_15_down,0.16054088482882245,0.20178794860839844,0.01946840728965101,29.81761072283685,13.219132332210231,0.4262786548336347,0.6579816341400146,31,0.31261420234639375,0.5129021907130249,5.321010987767231,True,101,4,2.16
19.98,0.04749556770613714,2.0,0.2523495548732459,0.4485521259269685,9.725669055504087,0.03885921932756901,0.3293680592166183,0.14849965662695466,A043,stairs_10_down,0.1676162658209469,0.21221153438091278,0.3512727623328392,21.318296886793625,12.775498849468585,0.5162163889408111,0.6075739860534668,0,0.22828096419094718,0.34416366477669813,7.0420329949891345,True,202,7,1.92
19.98,0.06175047695960336,2.0,0.26670792056596215,0.43207618241713563,12.978118696189043,0.059230569241335615,0.311772612137747,0.16197444185905624,A043,stairs_10_down,0.17372516387286674,0.31059426814317703,0.3411508164778878,21.492194819405128,16.491282958497823,0.5264659714698792,0.6689921021461487,1,0.19427330101875062,0.20124670264085912,12.207630997633055,True,202,7,2.12
19.98,0.010238912370383293,2.5,0.3673616078416294,0.4806723905079649,5.276051889492274,0.030984504508087412,0.13510315549011342,0.08997942061512731,A043,stairs_10_down,0.15952241038256154,0.077347531914711,0.011665119703664881,20.814068091302225,8.578092000780956,0.39149953161676726,0.5894824862480164,2,0.34534984567586113,0.449158199784329,4.045447566980503,True,202,7,2.9
19.98,0.05047278926898708,1.0,0.28612644208067245,0.46810514168902917,9.05481141057253,0.0688256609812379,0.29572896317889263,0.17528741219080984,A043,stairs_10_down,0.16972700797300289,0.1279703676700592,0.04622246862007212,23.532249838200002,11.198372513273311,0.4595391803483168,0.6214313209056854,3,0.3453763063769927,0.48237245300788734,5.995216165497481,True,202,7,1.76
19.98,0.00915765957064452,2.5,0.3692243167295813,0.5024249670674933,5.460096548550901,0.04019020795822144,0.1452214249444122,0.09355376297142357,A043,stairs_10_down,0.17190536569784032,0.05123916268348694,0.03662717596208656,20.40564637273024,9.117619061958434,0.4523328401645025,0.637807697057724,4,0.3518524751624959,0.5135033287610744,4.911213290400017,True,202,7,2.88
19.98,0.03207748404867911,1.0,0.29047396891416716,0.46175269194528357,8.150640620544669,0.04502353370189667,0.23941587327169173,0.13336538477800786,A043,stairs_10_down,0.22085164814071856,0.15365010499954224,0.2600664360160055,19.860853749527667,10.747541140118802,0.4659303108851115,0.5522385239601135,5,0.319387561675699,0.48771663275499927,5.490116010505327,True,202,7,1.92
19.98,0.034926992725599564,1.0,0.2807760992327476,0.4157741632783857,6.150706305028137,0.03673775882460177,0.24118376976544229,0.14652786027640105,A043,stairs_10_down,0.12759679651515365,0.015294462442398071,0.024854966567858537,14.91031911105401,8.442638812366718,0.33948826861878234,0.5940459668636322,6,0.32136946741272426,0.5060022490167233,4.941634014129665,True,202,6,2.12
19.98,0.04625743148171247,2.5,0.28617084807412513,0.46208495265589306,10.403033606957655,0.047912015283945945,0.3073208879012053,0.16832074621808715,A043,stairs_10_down,0.20225510447420536,0.1531216949224472,0.1396872395378091,22.50860548369744,11.529436208421068,0.4613900675376256,0.5879044532775879,7,0.3103578924176527,0.45199411142613466,4.522163958888417,True,202,7,1.82
19.98,0.015238544162237574,1.5,0.3213592100382489,0.4733033526815035,4.580444358608332,0.03893043480813503,0.18992888345761577,0.1081014482397586,A043,stairs_10_down,0.13845746529931058,0.004280596971511841,0.005499619869986705,16.263184844419484,4.90234260925892,0.17630910756376883,0.19570887088775635,8,0.32217626820911055,0.515949384356048,3.7012632521673896,True,202,7,2.42
19.98,0.04623140533211789,1.0,0.27035896572837215,0.43386793738954343,8.169777072473885,0.05342717257328331,0.2897732846116379,0.16897433549165725,A043,stairs_10_down,0.1607913776515002,0.10152943432331085,0.012440338800423521,23.187080785092586,10.374223089523706,0.4135934268372754,0.6405733525753021,9,0.3228972702166613,0.41980818058735636,5.549826415162939,True,202,7,1.84
19.98,0.010231032794557424,2.5,0.36894249767065057,0.48921446792549406,5.726300069602635,0.032716244272887704,0.1458483021420943,0.07288849035743623,A043,stairs_10_down,0.14617806338371442,0.06940370798110962,0.1237634731959845,20.74263825211106,9.792172686815633,0.3420040472100178,0.6402947008609772,10,0.3508919257913681,0.5161877011289824,5.953860749235888,True,202,1,2.96
19.98,0.008466122115025577,1.5,0.36051275539685057,0.4907978256327948,4.9231044551442125,0.02754062658175826,0.12335474941911966,0.08244519378989935,A043,stairs_10_down,0.13088673990678024,0.009576737880706787,0.039767908663001325,17.71828261019432,7.451946393752975,0.4141666037961841,0.689917802810669,11,0.3418114699016918,0.4718965215047251,5.3900956644836295,True,202,6,3.1
19.98,0.014620387900282028,2.0,0.32836274048383224,0.4832646610767767,4.564712897263304,0.04839451134204865,0.16068197661600264,0.11400596275809222,A043,stairs_10_down,0.22457876084322603,0.022360116243362427,0.33937758312794875,9.8972177157797,5.729352527610734,0.5017108750343323,0.39617717266082764,12,0.3052304767542344,0.4428453347363467,4.447344931307758,True,202,7,2.62
19.98,0.013391919632068063,1.0,0.35403316551351294,0.4816663800898333,4.714128451898371,0.041923660635948184,0.18016092971607517,0.0965872882399708,A043,stairs_10_down,0.1898216157354773,0.06267520785331726,0.18551284654463768,18.10303082251873,9.889978333952824,0.42828673919041954,0.47402605414390564,13,0.34614101471110464,0.5433605850648519,4.8122785222987,True,202,7,2.7600000000000002
19.98,0.010428027534807208,1.5,0.336445568356922,0.4859000547329915,4.383757585706444,0.030221688151359557,0.14932408826175364,0.08530048451386392,A043,stairs_10_down,0.23152348271665724,0.08043472468852997,0.3706216802654684,18.02885076077032,7.986782854024544,0.4988066454728444,0.4791431128978729,14,0.33187293223518743,0.5029520088287897,4.310242405404246,True,202,7,2.6
19.98,0.01422051660765888,2.0,0.3475552501876086,0.47743147374976985,4.2956979080607125,0.032698755115270615,0.13895716132537367,0.09438313464168459,A043,stairs_10_down,0.20024217338485517,0.059329092502593994,0.20025195639880486,21.91938659107051,10.284692853319688,0.44901806314786274,0.5620039999485016,15,0.3277400803565979,0.4448996553183373,4.397377972558452,True,202,6,3.02
19.98,0.03290237405937773,1.0,0.31290677451035553,0.45027314511205274,7.3003421051400865,0.048368327013449744,0.28457734279596625,0.1333840233614319,A043,stairs_10_down,0.18684256873666283,0.09450814127922058,0.090711210709014,22.864117772757485,10.314964940459648,0.3899878095587095,0.6469748914241791,16,0.3475296023503982,0.5214195818600615,4.981654864599862,True,202,7,2.14
19.98,0.021588750080463553,1.0,0.29338359563586547,0.4819710374077543,6.724016133229273,0.041738001704216,0.2400926756295167,0.1247789766592905,A043,stairs_10_down,0.18677838473396502,0.13056747615337372,0.2624603762150593,23.347796872627477,11.297440374790872,0.46597920775413515,0.6332986056804657,17,0.33365063924840427,0.4967715189968014,5.5270037405820185,True,202,7,2.06
19.98,0.03041441998164913,1.0,0.3156301111875371,0.44381143139955936,5.254253476645339,0.04989585615694523,0.22503085359578556,0.16547092502354643,A043,stairs_10_down,0.16240630494082042,0.07517746090888977,0.053862858540656484,20.392507510101648,9.115223767138948,0.39903456673026083,0.575033575296402,18,0.3444643600548015,0.5346045737614281,4.83942270366121,True,202,7,2.22
19.98,0.0473736171960188,1.0,0.28731951582479603,0.4816879964101654,7.799257799285839,0.05780858769372571,0.2899321566015709,0.1936669092415832,A043,stairs_10_down,0.17535574917487284,0.18038973212242126,0.07980877366908914,21.981621165618854,10.80741577118591,0.4547994229694208,0.6541259586811066,19,0.33865020236866994,0.5288325607270999,4.619971698588852,True,202,7,1.8800000000000001
19.98,0.011799060945185428,2.0,0.3424104419350624,0.49158977535685316,4.513957214419248,0.032111928164958954,0.12574957085777724,0.0811866361182183,A043,stairs_10_down,0.1412902272002582,0.01823335886001587,0.16106082033831223,16.24251442429621,7.847196003201491,0.38346080203851063,0.5866475403308868,20,0.3280708195053957,0.506615562395319,3.4356444076275467,True,202,7,3.04
19.98,0.01138562636269415,1.5,0.35877076577056544,0.48990796384288104,4.61071064932845,0.03780697971582413,0.1513232240468312,0.10156741830287501,A043,stairs_10_down,0.16124424577396823,0.0735187828540802,0.13710951270274513,17.425644021450506,9.596568526617126,0.3302285690108935,0.493428111076355,21,0.33602084741235416,0.4865616962194032,4.653720289243119,True,202,7,2.86
19.98,0.05254415548042421,1.0,0.2258328790922854,0.30398505578404006,8.088554437304714,0.040566256910096854,0.2542752544886959,0.14249952984973788,A043,stairs_10_down,0.13531466888233945,0.03246143460273743,0.003931463431172669,17.566466662468287,8.715977050796601,0.23317698383393387,0.5495421588420868,22,0.2903808721565308,0.46677392342743274,3.0083831168599175,True,202,7,1.74
19.98,0.012391176193628077,2.5,0.32330785288052133,0.4775093971547168,4.807599820364972,0.027003649435937405,0.14881623684456508,0.09293807148467749,A043,stairs_10_down,0.1721299011758305,0.08725473284721375,0.26058369850709673,20.547103617357205,9.0332079803738,0.458431795835495,0.5794554948806763,23,0.31513784956804575,0.49437196033604314,5.163601772086067,True,202,7,2.62
19.98,0.027349875562109896,1.0,0.2643017051436684,0.41576786317952513,7.599812003751525,0.06919588981196284,0.23244165600003414,0.17283141310792416,A043,stairs_10_down,0.14357817539556783,0.015819817781448364,0.01886984869284139,18.72162622955777,9.793551666162998,0.3180374139795701,0.6318114697933197,24,0.32647138114281515,0.5180549246427302,5.4412909834903544,True,202,7,1.92
19.98,0.04341253926686042,1.0,0.26093940361298346,0.4667925143583681,9.0025434215138,0.09851210042834282,0.27582753321910614,0.1838623448088765,A043,stairs_10_down,0.14995487918828265,0.1698630303144455,0.1714533468418452,18.910470929108314,12.446176944839738,0.419381430943807,0.5435310304164886,25,0.178726602639744,0.3836987364851886,12.204525023716048,True,202,7,2.54
19.98,0.03583624870541449,1.0,0.30456254384893783,0.44391275234782673,7.578223673710398,0.06465136632323265,0.26153551213599846,0.16290246803313493,A043,stairs_10_down,0.2001209539525649,0.0840066522359848,0.0874779073858321,19.18052329812781,9.902473666834533,0.3540038651724656,0.5703262984752655,26,0.33920402107391767,0.4957834271367436,4.167569088969276,True,202,6,2.02
19.98,0.00810260305586996,2.5,0.3565579326395044,0.47004102004423537,4.736588220725887,0.03175145130604506,0.11135486183798243,0.07450824421364814,A043,stairs_10_down,0.16481984777246572,0.07340565323829651,0.1910178945739265,20.24430300596414,9.147905573966444,0.40358595793445906,0.5550317466259003,27,0.32520662352363056,0.4796654312082997,4.083842363903549,True,202,7,3.44
19.98,0.012539215638945719,1.5,0.36222203370880957,0.4455155793191836,4.4344706917414785,0.037488536797463896,0.13576325075438084,0.08965043143602087,A043,stairs_10_down,0.20177954977208923,0.13134627044200897,0.0891379027807036,20.478141676617938,9.437871170826334,0.5087564145525296,0.6133858114480972,28,0.3465991520754156,0.44419654136982295,4.533956941026124,True,202,7,3.02
19.98,0.042106990495578304,1.0,0.28947695012398583,0.4620071974697925,7.342492072654263,0.035790523407049475,0.27951878520758217,0.15130557007621973,A043,stairs_10_down,0.19359250645586512,0.1653849333524704,0.041087615336603524,20.568616140922998,9.958832537999047,0.48251748363176983,0.5587927997112274,29,0.3307891203821661,0.4763160029490473,4.6854757417478705,True,202,7,1.86
19.98,0.02356452828184045,1.5,0.3234473770075941,0.46368090199716067,5.037010968328449,0.05494014397263527,0.19064123472120956,0.10054214671719819,A043,stairs_10_down,0.15825552991367275,0.07972761988639832,0.05030010727896904,20.228920667513215,8.682118931743549,0.40091907342274985,0.5720637738704681,30,0.33352057094879967,0.4935887700100619,4.3472590338192365,True,202,7,2.44
19.98,0.03101028118087577,1.0,0.28900557603428073,0.46212980014251587,6.055881097020148,0.07421990334987641,0.2513325287551612,0.15559235430322588,A043,stairs_10_down,0.15309764022495653,0.11790308356285095,0.12713546665851946,18.638168334058843,10.42305811970374,0.3389174052079519,0.5770742893218994,31,0.30095662549855234,0.5293196588009126,5.402738008144937,True,202,6,2.4
6.38,0.04944707717382372,1.0,0.23547357246200032,0.3984235776328782,13.735107091977314,0.05370819624513388,0.3009059806691155,0.1411217446718365,A043,stairs_15_down,0.15075113843469057,0.3428831398487091,0.2285404402385364,27.70319644796843,19.670854683667393,0.462731841802597,0.6711743772029877,0,0.17921075304561757,0.29547569305135424,10.850137932889846,True,202,4,2.08
19.98,0.054887345675707716,1.0,0.23524360467724623,0.42780595117514764,14.906299999604757,0.05201508052254212,0.34082373165234725,0.17849254419852514,A043,stairs_15_down,0.15031536951422053,0.3826151192188263,0.20343862276791372,30.50405406988018,20.343723973507405,0.4618783231576284,0.6698682904243469,1,0.18157402608483872,0.2999514822669078,9.562463596749932,True,202,6,2.04
19.98,0.011551396612575074,2.5,0.3594303299877095,0.477114747427322,5.236495088416418,0.033306511571863665,0.1447233221836476,0.09443620136007666,A043,stairs_15_down,0.1722240881486372,0.19332870841026306,0.28391407765371734,28.255058788585735,11.97517623281585,0.46381020108858745,0.6427720189094543,2,0.3303005388586279,0.47227637441883397,4.245902123654994,True,202,4,2.88
19.98,0.052534540107358696,1.0,0.2713827675357859,0.45484888294916276,10.72614834757679,0.0641947416216135,0.307586071626978,0.15610761262709275,A043,stairs_15_down,0.1675550230046644,0.21219468116760254,0.07519896877697456,28.89479491221626,13.824868860018652,0.4465728895862897,0.7166452705860138,3,0.31732512254765965,0.45518922319944105,5.0534739506907655,True,202,7,1.78
19.98,0.009597503710662626,2.5,0.35913929757268676,0.5073849628558992,5.553407786907822,0.05494810074567795,0.1565317752989609,0.10219479620456695,A043,stairs_15_down,0.17051571894456996,0.10726773738861084,0.027431728392829077,27.866357097975087,12.03984671156229,0.4079974438995123,0.6139785051345825,4,0.33296259433827935,0.5055035980060334,5.913358275000918,True,202,6,2.84
15.98,0.012988167235950952,1.0,0.2258441608825469,0.3103902505607224,7.667896421181904,0.04172211698722094,0.17027995462954226,0.13853398551233112,A043,stairs_15_down,0.13820132692867426,0.03083932399749756,0.0014574184538783267,15.926215345580106,9.69776848674416,0.08542703502656271,0.22803694009780884,5,0.273110920566926,0.5238270524160373,3.7831042000903157,True,202,2,1.9000000000000001
19.98,0.023117984518931267,2.5,0.2525484174011862,0.3925142432302801,6.499136181921974,0.041339844297617674,0.1867474531794451,0.1738338512601331,A043,stairs_15_down,0.1375814832468084,0.03551071882247925,0.019349170416209493,25.306234142697292,12.342237156667297,0.2459443665544192,0.4901275038719177,6,0.2891520402775729,0.5227712101523767,4.9695242096654235,True,202,2,2.14
19.98,0.05011857602289477,1.0,0.2596081537135782,0.4299081343508388,13.054805829842044,0.05087747557205148,0.2945009610685725,0.1905735459504649,A043,stairs_15_down,0.1661211883320528,0.21055558323860168,0.1464892689321802,26.50386558339608,15.206827473049039,0.43496932566165925,0.5741924047470093,7,0.22005538611488545,0.3388733362631909,5.991337725678518,True,202,5,1.96
5.04,0.017762836534440808,1.5,0.3054298004077717,0.46614841325344003,4.667487054940221,0.04098132558166981,0.16639755753987476,0.12407502316404134,A043,stairs_15_down,0.10805367084747963,0.05087387561798096,0.050948813227317195,17.52718263975754,9.139309590048917,0.2622107627987862,0.4911080002784729,8,0.3071124635660712,0.47766736434593665,4.426370525084955,True,202,0,2.46
19.98,0.05244069929898908,1.0,0.26888703629613564,0.4468469584720738,11.477257266372153,0.061040017921477556,0.2820779429312535,0.18599851352162658,A043,stairs_15_down,0.1788715391873038,0.26620665192604065,0.021864686031490825,26.792508585461334,13.973923664535304,0.4665885081142187,0.7221058011054993,9,0.3092962888982844,0.48822224148693244,6.4715822225018655,True,202,6,1.78
19.98,0.010665529676266073,2.0,0.3611763640457297,0.4825491831516809,5.570321206747277,0.038358072973787787,0.1565119459669304,0.0801471753232181,A043,stairs_15_down,0.18037058899109382,0.12764936685562134,0.08720229749722296,26.428309716519948,11.627449698122334,0.3864980573703845,0.5630850791931152,10,0.32903929633890244,0.5050295279756574,5.418560834516631,True,202,1,3.0
19.98,0.01413454190224968,1.5,0.34881859886455024,0.4543986720111252,4.831620110445707,0.029480147464200853,0.15948516492808887,0.07923844607081264,A043,stairs_15_down,0.12869830979382924,0.13104605674743652,0.07975921162812513,27.041508495132483,9.996773914535636,0.3865878494704763,0.5633324384689331,11,0.3036062476341737,0.48434818920915906,5.5803740606035195,True,202,1,3.24
5.62,0.015831181851185844,1.5,0.30596596154618394,0.47214267355138084,4.6236894926381185,0.040054738223552704,0.17071345271828536,0.10674550708383322,A043,stairs_15_down,0.18224511395163712,0.05470895767211914,0.08635183317241887,20.430657386834202,10.602711686580424,0.32742796262105306,0.48080533742904663,12,0.27621413816105234,0.4493746920542513,3.3999927116974082,True,202,0,2.62
19.98,0.015797904624883785,3.0,0.33792292369878224,0.46488872872223524,4.54897395169534,0.048303964883089065,0.1820166773788742,0.11934277036925778,A043,stairs_15_down,0.1936008557278842,0.1310192346572876,0.15631585533087528,25.120612649721156,12.288589181047858,0.4021346898873647,0.6417259573936462,13,0.31532470946643437,0.5098220219638544,3.415579030413316,True,202,3,2.7600000000000002
19.98,0.01372266186371225,1.0,0.3244114533911414,0.4816459426403646,4.377570304504977,0.03351455576717854,0.18753117526380497,0.10920181636931375,A043,stairs_15_down,0.1801238716604875,0.1039050817489624,0.06554432081139863,27.472683977386392,11.946247727535551,0.38404661272962887,0.6493508815765381,14,0.3197196722923116,0.482395037226351,4.879217314891579,True,202,1,2.64
19.98,0.01397014836962492,2.0,0.3409890065250549,0.4926586635457905,4.68317805827421,0.04048678621649742,0.1408372436439739,0.09914373081875966,A043,stairs_15_down,0.14674031001361298,0.054966092109680176,0.026955187171733782,20.566934427505668,10.09007053046179,0.32742035436133543,0.5434706807136536,15,0.3135525479418708,0.5163058030355981,5.408213320937112,True,202,4,2.98
19.98,0.022683251638326015,1.0,0.29742869083894125,0.46853617883126697,6.82141668710487,0.048640087973326446,0.258705502773779,0.16683788169873878,A043,stairs_15_down,0.18301837265810228,0.21790847182273865,0.13814530813934806,26.926050825302507,12.793989774561986,0.45409625947475435,0.6227090954780579,16,0.3224670941051952,0.4840676023965155,4.76998262923701,True,202,6,2.16
19.98,0.019407587340946164,1.0,0.27800835196347157,0.44180403979474003,7.528037429126957,0.04421050161123276,0.24359607973517525,0.13618845313787462,A043,stairs_15_down,0.18180064657792683,0.1585787534713745,0.134690405756258,28.718282896566976,13.972805199264169,0.41083050549030303,0.661875307559967,17,0.3045909948399998,0.4835638878899172,4.700876218114423,True,202,1,2.1
19.98,0.024895152204592378,1.0,0.29308946020781673,0.4434640376722544,5.193013924273141,0.05766459483653307,0.20508735459243496,0.1375025580707006,A043,stairs_15_down,0.12793361917536528,0.11254453659057617,0.0157526776007395,27.138489227808765,10.63168646181208,0.3041049268220862,0.5868285894393921,18,0.3217725447409931,0.5371257371204178,5.168614362686335,True,202,3,2.22
19.98,0.05385308306885538,1.0,0.27720678576173635,0.4763105412428825,10.449397906553381,0.04355894236592576,0.2909688683689916,0.17924163873889484,A043,stairs_15_down,0.16882152194007838,0.2729310095310211,0.04450643205554663,26.45690042191921,13.655458398792838,0.4739757095153133,0.6123937666416168,19,0.3157661072073136,0.5384410695118578,4.725913885600721,True,202,6,1.84
19.98,0.012776602111323353,2.5,0.3323702463619212,0.4906743594414427,4.446655715110037,0.03148251473903656,0.12899192529138828,0.0726673811301589,A043,stairs_15_down,0.10686497956036245,0.025776684284210205,0.015232667976667133,15.433232212014707,8.123627664589838,0.22561773451666037,0.5181625485420227,20,0.3064076908896951,0.5084474959855553,3.778930425770755,True,202,0,3.04
19.98,0.011311864822677134,2.0,0.34990901044027045,0.47486362804037197,4.793276960075907,0.043494081795215606,0.13552511516786084,0.09474576012697071,A043,stairs_15_down,0.18841616610154743,0.04088878631591797,0.17258072801165936,16.933099183337866,9.558742095238966,0.30711615274349846,0.3965526819229126,21,0.3247534657799624,0.5141088801864135,4.430510655546491,True,202,6,2.92
7.66,0.044926259711101944,2.0,0.2535614016572422,0.4289304701350317,14.042044999588356,0.03307988191023469,0.30249491703198506,0.17830608846619725,A043,stairs_15_down,0.17301179444726134,0.26411932706832886,0.16789737746544342,27.47109233618564,16.680414493592885,0.4682697876294454,0.597265362739563,22,0.21337737501623796,0.3160892185393321,6.968172436488495,True,202,5,1.96
19.98,0.019047487209392713,2.5,0.30798934820501567,0.48386764131952026,4.639315563217692,0.027542707175016404,0.1593891639150699,0.11455108950845898,A043,stairs_15_down,0.1334691350472802,0.10965991020202637,0.11264314809314847,27.190828419399704,10.432391891942368,0.39354796849191187,0.6798774003982544,23,0.29793746014967326,0.4898397400694453,2.974346279213049,True,202,6,2.62
19.98,0.037792722827544215,1.0,0.24765034647867645,0.4204439443900207,8.205463959229114,0.05306992771103978,0.28511649440824033,0.16405625628540293,A043,stairs_15_down,0.1471658320350443,0.17230460047721863,0.02419060669660584,21.505939583019032,12.028093648749316,0.4217180834710598,0.6543293595314026,24,0.2854237423478601,0.5073321232918951,5.249236629015428,True,202,6,1.98
6.44,0.03648609680284048,2.0,0.2466603205133887,0.4179915334575615,11.11063441513221,0.0728168486058712,0.27096018019063883,0.18231557603925466,A043,stairs_15_down,0.17826800741613869,0.21064335107803345,0.02254973845515669,23.460485817592204,16.417007035801028,0.32898299184938273,0.5361795425415039,25,0.20363294062129952,0.320673209315422,15.078871872303631,True,202,1,2.56
19.98,0.047472467750112296,1.0,0.2899251433426046,0.48123255636552714,9.376939106397792,0.06141281246207655,0.2943580125048036,0.15740154648199678,A043,stairs_15_down,0.18732002807810977,0.25489524006843567,0.019645860277410908,35.42257958893192,14.806859520634445,0.4261193938801686,0.7191352546215057,26,0.31290204477820166,0.4936688359562434,4.642808688664903,True,202,6,2.0
19.98,0.012461186789859665,1.5,0.3424467925432531,0.47294934724459053,4.288987498594213,0.029532285034656526,0.1360930180590177,0.07839978320058436,A043,stairs_15_down,0.15753208889680748,0.09424227476119995,0.1250349695420765,19.243757195053476,10.256533250278686,0.3615226615468661,0.5791783332824707,27,0.29184990101319586,0.47161134556379075,5.01627452310332,True,202,4,3.42
19.98,0.011314880744479084,1.0,0.35311366745494893,0.4884762991938543,4.712921467968917,0.047227040380239484,0.14151660870598265,0.09735107959015295,A043,stairs_15_down,0.1665307366274258,0.12698370218276978,0.10319591615097815,25.58665596076571,12.101895554146411,0.3576018566886584,0.6261155009269714,28,0.33233351727857946,0.49298405983968396,5.389647948195488,True,202,6,2.84
19.98,0.0512901921723785,1.0,0.26164577137977685,0.44254145177380527,9.566150531483018,0.0653549638320692,0.28497396091871463,0.18439247301081196,A043,stairs_15_down,0.16544787609640932,0.18711835145950317,0.037876011876308124,29.139336851766323,13.210095579735034,0.39932674483085673,0.6147384643554688,29,0.30444836589741836,0.4770392158556369,4.008152082670131,True,202,3,1.84
19.98,0.022948675502192713,1.5,0.30317994061000847,0.41914168405800767,5.2359411293895,0.051913298834115267,0.1930261582662073,0.10738099455367774,A043,stairs_15_down,0.16091927105092751,0.12423408031463623,0.019140002086216256,26.522478619247757,11.975616001737029,0.37506610271831353,0.565040111541748,30,0.3065436318723913,0.4940371209515662,3.911957003974446,True,202,6,2.46
19.98,0.02360204693650208,1.0,0.27836000561714175,0.4331294719200038,6.563568115624587,0.07886744268238545,0.17799553384918138,0.17977136769797653,A043,stairs_15_down,0.16474682666401175,0.05343681573867798,0.106385394779787,20.580938212454647,10.317695847365322,0.2116918515165647,0.5490735173225403,31,0.2784051992676475,0.5470080048406587,5.226571172915632,True,202,0,2.44
19.98,0.0195551113694756,1.0,0.33706871569316016,0.49278519404403004,5.525363499813877,0.04850598581135273,0.21235055770877465,0.12202342104632408,A043,stairs_10_down,0.21855125102129846,0.11362011730670929,0.3672282754629176,19.76197555571718,8.146098742989095,0.5044930346806844,0.5337618291378021,0,0.3471586620807647,0.5341710102069587,4.818047593077966,True,303,7,2.32
19.98,0.017123833322416303,2.0,0.3285989963323037,0.4811802658847536,5.646146083963633,0.03245589792728424,0.18901267197370866,0.12755335533991455,A043,stairs_10_down,0.2632058342510366,0.10394023358821869,0.37048365154623497,15.54803163808756,9.07605786523353,0.5050975859165192,0.42649582028388977,1,0.3218061419158058,0.48845164248202677,5.109195854923854,True,303,6,2.4
19.98,0.02658728728492525,1.0,0.30368414570622265,0.4278579535001489,7.2786267877961155,0.058702794536948204,0.24585961889516275,0.12985932014416904,A043,stairs_10_down,0.19730532408398105,0.12285752594470978,0.11470646926367795,19.31563163253286,9.564287447245777,0.4149730008840561,0.5446471273899078,2,0.34116880976580044,0.4938244352011409,6.363958058500353,True,303,7,2.04
19.98,0.012990410121403617,1.0,0.3672902731971945,0.3997820453587469,4.459383343557698,0.04469058632850647,0.13335666840243943,0.09255054942099378,A043,stairs_10_down,0.2662342490359424,0.098990797996521,0.27754181213748363,17.765374462252375,8.929424805009752,0.4702410129706065,0.40170028805732727,3,0.3497727059234272,0.47653420084947873,5.6025359048147285,True,303,6,3.3200000000000003
19.98,0.019987342562999087,2.0,0.31084086885586143,0.4918937826641587,6.841630593784782,0.05717479195445776,0.2241406011369407,0.1621528727840632,A043,stairs_10_down,0.25793124791135125,0.12911608815193176,0.2550848194227036,20.73575241080891,9.485556878208282,0.4935872264703115,0.4652060568332672,4,0.3212433449852275,0.46651053217535754,5.221339385278214,True,303,6,2.06
19.98,0.01842311240548355,3.0,0.3300867061532118,0.5057826467325021,6.593105089021623,0.05146262407302857,0.19563937285606786,0.15780756967142223,A043,stairs_10_down,0.2701659534066756,0.06924906373023987,0.36944570129776294,15.348124826051224,7.852230247558409,0.5027299273014069,0.3920651972293854,5,0.3360894833720304,0.5137730349624862,5.246480224932839,True,303,7,2.04
19.98,0.028244478075309096,1.0,0.3093312927459013,0.4716257822818158,7.000064862307632,0.07186014451086521,0.23166142859978076,0.18476385096088052,A043,stairs_10_down,0.17378284395697285,0.09314724802970886,0.18410390214376046,19.207686623687437,9.487699630946855,0.396878332644701,0.5631811916828156,6,0.34018967980369524,0.5286686802341068,5.802600880962718,True,303,6,2.2
19.98,0.008244855481655166,2.5,0.3683102000715897,0.5143463110352532,5.634925899416249,0.04114729031920433,0.138834953910289,0.08277400474296882,A043,stairs_10_down,0.18273633782238885,0.0810997486114502,0.14340299487550315,18.393451097562124,8.943205860146797,0.4180421433846156,0.5703188478946686,7,0.3514220462062142,0.499526806848355,6.0726393114492065,True,303,7,2.8000000000000003
19.98,0.024560143813504597,2.5,0.31167377332713514,0.48454555459694126,10.117687872127938,0.04947668891400099,0.24567425433027948,0.19877692740410566,A043,stairs_10_down,0.2610471350623962,0.19518278539180756,0.2830410326966495,19.71665548749145,11.921508523292216,0.4957428403695424,0.4475601017475128,8,0.29206491509860855,0.4919372837125225,3.7247491474274104,True,303,6,1.86
19.98,0.017227817303459222,1.0,0.3503872088968435,0.4493532012662202,7.453765460997755,0.03546333435922861,0.15907782782395635,0.12259544640081003,A043,stairs_10_down,0.2965272239504013,0.16886581480503082,0.35150312391338845,16.912508866186947,11.077384773846285,0.5128202335039774,0.3707055002450943,9,0.3416967054739356,0.47836303946418374,5.140266600341837,True,303,7,2.42
19.98,0.04945875137075341,1.0,0.28021330877899486,0.4484917846753999,8.921722547589008,0.05761152889579534,0.27404397615823456,0.21792592314071954,A043,stairs_10_down,0.19136770141315973,0.20559433102607727,0.3374970232479413,18.992313524280707,12.549708001451837,0.5170909146467845,0.5348667502403259,10,0.22751043749365574,0.29615859683861473,11.356958508462771,True,303,6,2.1
19.98,0.03582666083250188,1.0,0.2808557750675129,0.4453494615234513,7.101460545161299,0.07381303057074547,0.24250121049027376,0.1801415119180456,A043,stairs_10_down,0.1763535279003694,0.08777640759944916,0.1751491305441554,18.223562444800585,10.160000471800085,0.39651411106189094,0.5463231354951859,11,0.32263089038471493,0.494514246300914,3.4333224896677246,True,303,6,2.04
19.98,0.013123814275521556,1.5,0.35209997246609653,0.49567901925357044,5.779717242076451,0.049787890166044235,0.18586589082974786,0.12059024902991951,A043,stairs_10_down,0.1748726321732934,0.07229885458946228,0.03635695933604832,18.655183389154374,9.64752324588786,0.4366144337753455,0.5884714424610138,12,0.3435638699557055,0.5053345836500699,6.21279062815378,True,303,7,2.64
19.98,0.026969710386714564,1.0,0.3264783402592103,0.4099405094323614,5.809805037962301,0.04914039454422891,0.2262385979560782,0.1484394347667694,A043,stairs_10_down,0.1576692861987945,0.10806265473365784,0.003057007416220909,20.880464549788144,9.225419711992258,0.41862353603045144,0.5923397839069366,13,0.3288291411348843,0.45125745928561733,4.46735519526451,True,303,7,2.32
19.98,0.011447706978380373,1.5,0.3311797842383385,0.49125024110381127,4.490349238043654,0.036025424245744946,0.15794665614215478,0.09133846280281432,A043,stairs_10_down,0.16389106094518446,0.011855721473693848,0.2535107617288137,17.284755891316742,7.994986729237345,0.3512347726523876,0.40155649185180664,14,0.31405350529573817,0.5242286733887552,3.4170728763419764,True,303,6,2.82
19.98,0.05740516535038812,1.0,0.2866900898627738,0.44067277537014055,9.506567785810763,0.059655228741467,0.30681700821703717,0.1690671921754256,A043,stairs_10_down,0.16920593619984103,0.16777271032333374,0.064493171387377,23.019297457696165,11.906886099475464,0.38843594138820964,0.541812926530838,15,0.3321656931530345,0.49018353359802674,4.9774459539905695,True,303,7,1.78
19.98,0.022900158277478943,1.0,0.26905805756223394,0.36332587158959795,6.144155451943796,0.056850242223590614,0.20184546781291415,0.1378050527907908,A043,stairs_10_down,0.15112258406246415,0.024371743202209473,0.005514206617506248,19.253588046584746,7.613846008518847,0.27167174140922723,0.5199849605560303,16,0.32431403271017234,0.49108836262029404,5.381195685155919,True,303,6,1.96
19.98,0.015366541366072609,1.5,0.3625993154807524,0.4645437675853512,4.574990604051668,0.03615361128933728,0.13034137295015935,0.07705541922943666,A043,stairs_10_down,0.17758461657692404,0.07126390933990479,0.13574634245807685,16.654576034374024,7.957591345921426,0.40355942741036416,0.5973272025585175,17,0.3319989836024728,0.49919323583991454,4.2752409665225155,True,303,2,3.3000000000000003
19.98,0.0540872263015798,1.0,0.252574806789504,0.4688711032502929,12.075912057361611,0.053480556001886725,0.3156255042072299,0.21058685089461504,A043,stairs_10_down,0.16809064372975557,0.3155057057738304,0.2972946023753209,22.68377146763212,15.476622017057258,0.5325709728399912,0.6095424294471741,18,0.19537053425681783,0.3031231595072616,11.361389500081728,True,303,7,1.92
19.98,0.012048249145538464,2.0,0.3243212833187797,0.48704667785283184,4.580365636610051,0.029541654363274574,0.15922929447210293,0.08536709217820317,A043,stairs_10_down,0.15932564827847606,0.02371901273727417,0.056599997691528375,17.200409073126494,7.396826009472688,0.37639272049069405,0.4162050783634186,19,0.3129064397314653,0.48264418912039353,4.136696926179578,True,303,6,2.46
19.98,0.04908879078028223,1.0,0.2388194842780019,0.44151602385923133,11.525616192154011,0.04246058404445648,0.33168527884606036,0.17608533629681916,A043,stairs_10_down,0.160522149367766,0.2384515106678009,0.29383938758796224,22.439958512297594,15.222209188509686,0.49887632568677265,0.6351526826620102,20,0.19100922488911265,0.2904813688834364,11.605476646453912,True,303,6,1.96
19.98,0.011943138120857297,1.5,0.3686884202389794,0.42926558991179065,5.088753511123439,0.0344978279620409,0.12746431284375892,0.09067591374740004,A043,stairs_10_down,0.21594819044046865,0.07499423623085022,0.3617549679380503,16.092565042098265,6.18931921605115,0.49665600379308067,0.4710003733634949,21,0.35069569059234257,0.4995343848791305,5.4212912894591785,True,303,7,3.22
19.98,0.009162122989291862,3.0,0.34360434249919997,0.4966233599165408,6.300426697888607,0.04847364861518145,0.16254998523547015,0.12932117823511363,A043,stairs_10_down,0.13442600554323447,0.0,0.023975037757853274,15.190399619780436,7.059963279963096,0.2828240599669516,0.24655237793922424,22,0.3392521685393736,0.49441043440646276,5.8381972110277545,True,303,6,2.4
19.98,0.01312289423310434,1.5,0.3508621597513158,0.4534028162784906,4.831992732808578,0.030269856452941894,0.13658590686423025,0.09016544725745916,A043,stairs_10_down,0.16674320359918526,0.10636195540428162,0.16486678807898733,19.338889863214007,9.062811509250002,0.42815391967693966,0.5799636244773865,23,0.3321736917839968,0.5197281424482967,4.708923475300932,True,303,7,2.84
19.98,0.040848411749401736,1.0,0.28166867476653923,0.47195458930586204,8.3878457034063,0.04785289615392685,0.3054417362741824,0.15688693994656205,A043,stairs_10_down,0.19271918398173737,0.148976668715477,0.1529077878076564,21.198505899564392,11.510599785494481,0.46380066553751625,0.6070651113986969,24,0.3136499910112371,0.5092599919688428,4.263662656837644,True,303,7,1.96
19.98,0.011887912881359373,1.0,0.3543609757251281,0.47705884636212625,4.606700490400396,0.0471231805626303,0.17318749438346753,0.09423433120828122,A043,stairs_10_down,0.15059473138442014,0.023346632719039917,0.12948197120292707,18.479419054519617,9.570084256938829,0.3762115081399679,0.5912348628044128,25,0.34791489130035436,0.4789184917719801,5.537290696924949,True,303,7,2.7
19.98,0.03173296713654393,1.0,0.31176413387538277,0.4662133901088217,5.901737645692872,0.045286220908164976,0.2522504092650607,0.12826881725341083,A043,stairs_10_down,0.14016399966841708,0.0660509467124939,0.1301390676763377,17.708809277817323,7.951425293286231,0.4286618191003799,0.5527019500732422,26,0.3272664065667015,0.4938901718825692,5.957205875316543,True,303,6,2.3000000000000003
19.98,0.03741484266611665,2.0,0.27092569877119627,0.46098535634625715,8.887400802057021,0.029937094449996947,0.2693459290703495,0.15498814764432609,A043,stairs_10_down,0.19411428679119458,0.16596706211566925,0.31745099855609765,22.334528141031992,11.859251061866319,0.4816640563805898,0.6198883056640625,27,0.29167358557170725,0.41653682577551243,3.1418604404347694,True,303,7,1.8800000000000001
19.98,0.050636940483003316,1.0,0.29923685430922603,0.46604939362909903,8.368265359261297,0.05583287490531802,0.27641661196166467,0.17665429080370815,A043,stairs_10_down,0.1956081664498477,0.17282859981060028,0.021136595784568505,18.947433215669324,10.374148620548088,0.46631915345788,0.5920246243476868,28,0.33501489025386255,0.5035122874305986,3.5660984617759772,True,303,6,1.86
19.98,0.008162197417236974,3.0,0.3728941953421277,0.4820504845950416,5.147407229240566,0.03409622387960553,0.12961191355192364,0.09617662196047604,A043,stairs_10_down,0.28773181754000043,0.1141272485256195,0.237609966532139,17.882734709220976,9.989512458816899,0.452778710325559,0.38576647639274597,29,0.345572876439375,0.5226683817488079,5.335931670924456,True,303,6,3.04
19.98,0.01631825999128426,2.5,0.31848234769654143,0.48692225127323496,6.9523459144770605,0.0345104867964983,0.17729300176671148,0.13029696590267123,A043,stairs_10_down,0.21064764277182801,0.08146660029888153,0.1849453358230732,15.424516107945607,8.792157299488588,0.4750396478176117,0.48689842224121094,30,0.3184280513633381,0.4771606609833297,4.9159823318448765,True,303,6,2.14
19.98,0.022335320270210547,2.0,0.2910616459103829,0.4904624333047989,5.996554094772889,0.03503767784684896,0.2505963689105844,0.12968130849767476,A043,stairs_10_down,0.2165728189090994,0.15777301788330078,0.3249953146816373,19.58502262079694,9.623304111026107,0.49862666765848795,0.554143637418747,31,0.3088651856891612,0.46354951973858005,4.042035576326412,True,303,6,2.08
12.44,0.018056157225052,1.0,0.31835180312873207,0.4729276419891103,5.420616687496382,0.04770172588527202,0.21903641941412447,0.12115621696226299,A043,stairs_15_down,0.18896197093361844,0.17098850011825562,0.21199413474805406,21.19384932640799,9.5141240970309,0.4734308725595474,0.5750000476837158,0,0.32884275048811806,0.5423779521411396,5.03696895623195,True,303,3,2.36
19.98,0.016549213594294412,2.5,0.3047816179780399,0.48718689303832874,6.220046525223272,0.03438765317201614,0.2169325277654941,0.14299361758865417,A043,stairs_15_down,0.1997849048777698,0.14177697896957397,0.24048921603733917,21.82614097227807,10.91412223478411,0.4769627171754837,0.5701780319213867,1,0.3006329274305048,0.5093332825988802,4.740386557712502,True,303,2,2.4
19.98,0.020622525162657994,2.5,0.27064594720774154,0.3616922705655554,7.1935165005546295,0.06914527379907667,0.1979053979639739,0.14179793214425446,A043,stairs_15_down,0.14549425387764992,0.055153071880340576,0.018733065860912723,18.231521752140416,9.62470266257103,0.28032865835974613,0.615750253200531,2,0.31809974667860225,0.4723193366512418,7.095549439539347,True,303,5,2.08
19.98,0.013449261853613587,1.0,0.3645685106037772,0.454004982515006,5.272480591480604,0.034629331529140474,0.1461454074607897,0.09782615493051708,A043,stairs_15_down,0.13783620417436815,0.01598072052001953,0.026196112333724354,13.890174528450345,6.649003749380134,0.24059457011520863,0.31010210514068604,3,0.32872249153208605,0.48514737017970044,7.118359870954896,True,303,6,3.1
19.98,0.02577862909537572,2.5,0.28369843401692135,0.4672373562849587,8.646409238505404,0.0811883501894772,0.2674260198299618,0.18229328487999738,A043,stairs_15_down,0.19985170287881948,0.1124730110168457,0.21805567912593132,24.77693919763494,11.662327676163208,0.4724186376730601,0.6434023380279541,4,0.28438065424322445,0.4651917819999709,5.417109970588573,True,303,6,2.08
19.98,0.019857223120896238,2.0,0.285797484905962,0.47860092079280714,6.566325452747582,0.04242295190691948,0.2583945277890889,0.18259432137478143,A043,stairs_15_down,0.18247699705674691,0.10648971796035767,0.2069109506014928,17.63878572673865,8.772208903789869,0.4681137204170227,0.6063759326934814,5,0.3040575281948967,0.5186067042770722,5.466908071858951,True,303,6,2.1
19.98,0.023978867033490187,1.0,0.29282062896113986,0.45757635241776784,7.464298820317008,0.10066014505922795,0.21995929604547512,0.1381525776023045,A043,stairs_15_down,0.18428497996559756,0.11692017316818237,0.1685903517003462,22.388127118787413,11.771477092802613,0.3569093719869852,0.5381837487220764,6,0.3135014508752262,0.5187438818601987,5.189721483817087,True,303,6,2.22
19.98,0.0076331489721127785,2.0,0.35818831779102583,0.49745221860984273,4.489210839338768,0.05731473930180073,0.11840270363771657,0.10614534700289369,A043,stairs_15_down,0.17978358109367087,0.1386745572090149,0.010560365707487388,27.71908166201425,11.822656202545064,0.4110563946142793,0.6330609321594238,7,0.3223330813678191,0.47444738965529487,4.283491171513935,True,303,6,2.86
6.78,0.027801780130829356,2.0,0.2674087397268112,0.4579327386133716,11.007699316440416,0.05319458857178688,0.2791356567575949,0.20951541034504773,A043,stairs_15_down,0.2130626650417552,0.20910227298736572,0.1638484780470654,25.873085104850595,13.78164549927016,0.4433729426066081,0.5801558494567871,8,0.2503604471364761,0.45966404270986294,4.619650876796049,True,303,2,1.9000000000000001
19.98,0.018152376978537037,1.0,0.3137032895642806,0.43044739467128507,5.4707438010031675,0.04000209643505514,0.1993562252420553,0.1402674633357674,A043,stairs_15_down,0.14306752630733555,0.02802908420562744,0.001276681252355019,20.907774419858132,9.705531372721078,0.23507017150366058,0.45715421438217163,9,0.31536117877552217,0.48750186336336654,5.634083355851519,True,303,6,2.48
19.98,0.03305394681863428,1.0,0.2326115630495357,0.3224106160944353,7.341201280321058,0.08102136391447858,0.25043933962183007,0.14403467291034758,A043,stairs_15_down,0.15118540799554014,0.07857149839401245,0.03036324998102513,13.11116316946721,9.426114769185752,0.04475002518544594,0.5412250757217407,10,0.21772000905664207,0.3583235760477864,10.633246498180725,True,303,0,2.08
19.98,0.03444497991653996,1.0,0.26779920745342173,0.38046779697291766,9.212022864339053,0.0815144163183868,0.24782215536910798,0.18029482926707716,A043,stairs_15_down,0.17202411456541578,0.11221873760223389,0.05140346118926404,25.34702099812662,13.874749302328869,0.30258372823397317,0.622779130935669,11,0.291351952195805,0.4703657042706412,4.19958228338848,True,303,3,2.02
19.98,0.014045814479694045,2.5,0.3378113174948462,0.4871789355521045,5.835874884274358,0.058486142605543134,0.19902801811318366,0.10289571589790285,A043,stairs_15_down,0.15882828560742468,0.09824174642562866,0.08732914641844848,27.053937740336952,12.495892566686969,0.36830550129214923,0.5825579166412354,12,0.32578023887573077,0.501022585855124,6.048075177551533,True,303,5,2.66
19.78,0.02486767468708395,1.0,0.29839579203230815,0.4192517821299728,5.712985486253604,0.049361178651452065,0.21819633341102385,0.1380318582849577,A043,stairs_15_down,0.13597973687126041,0.11934959888458252,0.035968011288552815,26.15976789007853,10.520681901942476,0.39070104477306206,0.5969837307929993,13,0.3216309380148822,0.4865723452394012,5.024353737424586,True,303,5,2.2600000000000002
19.98,0.017892219244447703,1.5,0.3129895700968523,0.4725510005284552,5.0263808095970886,0.0645466033462435,0.17856785682191836,0.15755215459503233,A043,stairs_15_down,0.1774135286157782,0.020522892475128174,0.13031643034112705,16.814833974009375,10.163923506399422,0.2781604299197594,0.5187675356864929,14,0.28884870023013437,0.5060951839389576,3.405222011476624,True,303,6,2.8000000000000003
19.98,0.05644072388668269,1.0,0.2686879683879608,0.48880753551087525,12.596694059904303,0.061691635176539424,0.35294936265653226,0.2038859962299466,A043,stairs_15_down,0.17364317497467607,0.3376699984073639,0.27353891181248996,30.5622677878984,18.649622254087582,0.5290428992112478,0.7233031094074249,15,0.22098345844503392,0.2883418888616861,7.834195558526139,True,303,6,2.04
19.98,0.027096366737494708,1.0,0.25383419654586103,0.36358851232917466,7.3030351691445965,0.062729596584104,0.24699331773237526,0.153987709088251,A043,stairs_15_down,0.12390612822802949,0.10894381999969482,0.002367332523131968,26.79741760465208,12.010431487459869,0.27146345148483914,0.6372392177581787,16,0.30328938495666585,0.49827923213811637,4.776267150135195,True,303,3,1.98
19.98,0.009236625977831701,1.5,0.35922898773203554,0.46883873714546626,4.218692841223004,0.04500461655668914,0.11460351847729715,0.08211780705547427,A043,stairs_15_down,0.16249071914244462,0.11561667919158936,0.013879644002148457,24.90357961970505,10.832527473355402,0.36051116229345403,0.5603104829788208,17,0.320676815701041,0.49596989924677354,4.758263283044792,True,303,6,3.2
19.98,0.05042309099002791,1.0,0.2526512224502104,0.45891180612567406,15.971304743231965,0.042091919276863336,0.33648104051431105,0.19591108409687877,A043,stairs_15_down,0.16308001050337118,0.4263874590396881,0.34279405104876837,27.476747828946504,18.68414481809587,0.5237464280923207,0.6407484412193298,18,0.19578925054978558,0.3507495616657082,11.624826729450685,True,303,6,1.86
7.36,0.015618175133644741,2.0,0.3042491555628292,0.4715148565147594,5.068310127127231,0.03777708664536476,0.19808879680764857,0.11009094794280827,A043,stairs_15_down,0.12899459938314506,0.0784226655960083,0.1032484200862049,20.365881609761463,10.116910513006536,0.3752928614616394,0.6066441535949707,19,0.28693444628129033,0.4891504975998322,3.9375607622451305,True,303,2,2.48
19.98,0.04881107016675899,1.0,0.23211340111525938,0.432260126197488,15.153492792145723,0.04991755774244666,0.33450254919870864,0.1593521424010396,A043,stairs_15_down,0.15140241193261372,0.3436587154865265,0.2115358788459637,27.791637264251136,18.709992127455624,0.4585224060217539,0.6568968296051025,20,0.17825775281630737,0.30916482971705994,10.34988334704741,True,303,5,1.94
19.98,0.010897552283656324,1.5,0.3634830595465267,0.4308510515762186,5.006710305552776,0.03542868971824646,0.12696725784592305,0.08988977802917361,A043,stairs_15_down,0.13213809798745546,0.029387235641479492,0.01315794262913958,28.39733681511374,10.965381825582629,0.2916488798956076,0.4240259528160095,21,0.3272987966868967,0.4992204184474109,4.7420101599931375,True,303,3,3.22
19.98,0.01876808567173382,3.0,0.32284748698619603,0.4983781077181768,7.6086695742538755,0.0454216187633574,0.21337604723312953,0.14593204557429998,A043,stairs_15_down,0.2107263274371305,0.0767136812210083,0.06869670032824204,27.03220000038412,12.613684953485894,0.3864184856166442,0.5201831459999084,22,0.3089919372930884,0.5083736595808515,5.088507744442385,True,303,6,2.42
19.98,0.011813288967511501,1.5,0.33944785255799326,0.4544513654176865,4.559818620182476,0.03774239614605904,0.14925196969978693,0.09937002929858864,A043,stairs_15_down,0.13504056688298516,0.08590960502624512,0.07502442734784873,20.439128052925554,9.73683029116213,0.30641473094622296,0.6572648882865906,23,0.3115727515526634,0.5218155880080525,4.288092340290123,True,303,6,2.82
19.98,0.05860841373186061,1.0,0.2499804709780025,0.4494905791495274,11.154157789414207,0.04548179883975536,0.3306787830447682,0.18624473767355085,A043,stairs_15_down,0.1251586886013255,0.17858552932739258,0.0069459728649951214,28.221033137343145,15.21647105156196,0.31801049747814736,0.6583228707313538,24,0.26948579647961785,0.49110789944129185,4.737827563971868,True,303,2,1.92
19.98,0.011976635633777924,1.0,0.3412136515385326,0.45112733514200143,3.9025522725073727,0.05105737295001745,0.16431197483124538,0.10399773209821433,A043,stairs_15_down,0.149321681356685,0.0019609928131103516,0.017072991402240924,15.23221955065196,7.127383973614115,0.20665292425081133,0.38249194622039795,25,0.3221536400101402,0.4877094531643481,3.9185137406340855,True,303,0,2.8000000000000003
19.98,0.021487206019773098,1.5,0.29338711892857267,0.4823809238430041,6.118602392075291,0.03263633921742439,0.2439356425002361,0.1409665984613821,A043,stairs_15_down,0.16794361947054537,0.10010969638824463,0.09903918474903081,26.852428034666826,12.591060947187813,0.42021633133292197,0.6605401635169983,26,0.3122482994150988,0.5265940657165222,5.708865205400721,True,303,2,2.2600000000000002
19.98,0.03645748320923428,1.5,0.22478258442432483,0.3271366485432148,9.375403946492366,0.049701433572918174,0.25664047902260817,0.12689576022326945,A043,stairs_15_down,0.13147480666318678,0.10298478603363037,0.03778569934546042,26.5100024158559,12.192705732715348,0.21794177169601123,0.5907773971557617,27,0.2759585567719159,0.4824225312411204,4.403479329761769,True,303,4,1.78
19.98,0.05078319967965832,1.0,0.2796430996777539,0.4489320270358013,10.407604770496478,0.07190150480717421,0.29810460313574755,0.17968361439183356,A043,stairs_15_down,0.18295479936395742,0.23323863744735718,0.04664070778422387,36.5360644539556,15.077900567625468,0.38210103108237187,0.7438585162162781,28,0.3039501757927757,0.4983860379684977,4.227893182078774,True,303,6,1.84
7.0200000000000005,0.008489194659425119,3.0,0.3666597085999932,0.48247576728366554,5.819020485976173,0.03675288137048483,0.14631362140045856,0.09898301852401346,A043,stairs_15_down,0.177689049651916,0.08890223503112793,0.24193121606755694,18.185805524245865,9.24613261346043,0.4308887948592504,0.6194397807121277,29,0.3292580100814289,0.5116900549732568,6.822128957120685,True,303,1,3.08
19.98,0.02618430525154204,1.0,0.27792985132990033,0.49760168909227454,8.329839327998227,0.05870900655165315,0.23794557022682794,0.15078188168816267,A043,stairs_15_down,0.19475960317142504,0.20291855931282043,0.31081068611881874,20.127529598085648,12.140432666114657,0.5214100698630015,0.5960315465927124,30,0.2842989416428428,0.47939517881137844,5.400661494241816,True,303,4,2.12
13.5,0.03256085958928014,1.0,0.2610661017193514,0.4090912966321736,6.23257501169151,0.04843047167640179,0.22923334288843802,0.14120657292776742,A043,stairs_15_down,0.15272699607247342,0.0972180962562561,0.020250305090437026,25.843769171155724,11.735158566428295,0.2804344823832313,0.5349159240722656,31,0.2847116253210262,0.4255047019585407,2.9662289882843065,True,303,6,2.1
19.98,0.021365831156036165,1.0,0.2605222702536354,0.48802355258093444,8.892682148415602,0.07333961546421051,0.23588709562433058,0.10885872488841414,A055angS,stairs_10_down,0.16593751454735817,0.004964858293533325,0.02210388825547329,17.910029102954738,9.625216464610922,0.2863069566587607,0.47075599431991577,0,0.24834173535280685,0.4688314719379097,8.250798147354965,True,101,0,2.38
9.18,0.032794209857567584,1.0,0.24458220550880075,0.3948512446240875,6.878777239075614,0.09668875064700842,0.25695579678420993,0.13383762519806625,A055angS,stairs_10_down,0.16592888844841946,0.003591299057006836,0.03432652622211608,13.646667624264676,6.714251392507221,0.21065493787328401,0.5643211305141449,1,0.27201207037278036,0.4955581612978572,7.422840411828248,True,101,0,1.86
19.98,0.009675675734607678,3.0,0.29821884623982686,0.5232848564493126,6.820307477193785,0.0414619717374444,0.1614789440922701,0.09788168667815626,A055angS,stairs_10_down,0.14081730482412536,0.02007073163986206,0.016480553262179756,29.301532069756725,13.119149259903049,0.17126744143975278,0.2454131841659546,2,0.29581115848240364,0.49430035458949356,7.13074044357893,True,101,0,2.6
19.98,0.017605901603685088,1.0,0.23591042446898902,0.28948115722851603,10.612505315540893,0.04294619548585615,0.17557082633457963,0.13541445934737567,A055angS,stairs_10_down,0.16445326805114746,0.006795614957809448,0.005646959628518938,16.897863794117026,11.50659997813336,0.09832985848130192,0.26943832635879517,3,0.30347680164530955,0.5152562187744867,8.916034826032128,True,101,0,1.72
19.98,0.015010624354127344,3.5,0.28899977217224193,0.4906764340505591,7.5266951894008365,0.04447393774986267,0.2078346435073352,0.10383537450106814,A055angS,stairs_10_down,0.15380885511796105,0.016352325677871704,0.0033817035831074337,19.94796351231797,10.842884318409073,0.174398174903666,0.20194128155708313,4,0.2995025375501358,0.5073679813591905,7.520990607589218,True,101,0,2.38
19.98,0.010684558639235718,4.5,0.3180987301931024,0.5146937341374715,7.23329233729034,0.030879124402999877,0.17662146750554725,0.07813029545359314,A055angS,stairs_10_down,0.15344485465218038,0.04560565948486328,0.019130771139594997,15.863443100027759,9.082340678423733,0.39025537930428983,0.7579110562801361,5,0.3123856647766848,0.5243351510321935,7.5387912625815146,True,101,0,2.58
19.98,0.006007176443347546,4.0,0.3402430860738066,0.4971565213103755,8.243510184465915,0.033050663955509665,0.1471318464836539,0.07982806851156056,A055angS,stairs_10_down,0.15551333822668556,0.003292590379714966,0.010598259855456038,21.29937921726001,12.035640865758792,0.17997743026042978,0.2555370330810547,6,0.31193767756064306,0.5234975673836102,8.014886654220264,True,101,0,3.56
19.98,0.007525680825988922,4.0,0.333952595652106,0.5069026166923545,7.974508901169166,0.023374335765838625,0.16390878813607582,0.0752562933601439,A055angS,stairs_10_down,0.16858876516474763,0.04791566729545593,0.11369793228368526,12.713177915676546,8.018044387264213,0.34077741781870524,0.5411162972450256,7,0.3039267556871323,0.5245389441798042,7.877830662781966,True,101,0,3.2600000000000002
19.98,0.011979816820526467,4.0,0.30905428993191947,0.5292301906798792,7.618693048193783,0.028616456501185893,0.1842158660902947,0.08476847319863737,A055angS,stairs_10_down,0.14739609641187335,0.04601523280143738,0.01757225977987012,10.452894974020548,7.909086050204515,0.2443860909094413,0.5298197269439697,8,0.31311301048426704,0.5534893533772578,7.848869453020074,True,101,1,2.5
19.98,0.006245003411216364,4.5,0.333549348420319,0.5046893242302193,8.447784979278223,0.03710828870534897,0.1521561703219066,0.06958856992423534,A055angS,stairs_10_down,0.1418749501998412,0.04894578456878662,0.009152218140751352,14.759541992220436,8.568337879525494,0.21841558041671913,0.4285275936126709,9,0.3111621104969698,0.5217931855758914,8.976160136621552,True,101,0,2.86
19.98,0.00832399665323768,3.5,0.3062546298816243,0.5358256704199109,7.301984564815098,0.03707506719511002,0.16319250057550494,0.07966591083910317,A055angS,stairs_10_down,0.14811829306225088,0.022886306047439575,0.0020765527883519794,23.685255434528656,12.597242667313946,0.16554360648190292,0.26372671127319336,10,0.2863791001416783,0.5306643691456855,8.049997182734272,True,101,0,2.96
19.98,0.026440589992472216,1.0,0.2334770881763117,0.2951404309840085,9.91835664219167,0.05433180648833513,0.20523338500320382,0.09426928486209363,A055angS,stairs_10_down,0.1445215530892744,0.015397131443023682,0.01879957689611348,14.1773182302695,10.735916012941077,0.0887436926489075,0.26797279715538025,11,0.2802437089598752,0.543762731369566,7.389123351142259,True,101,0,1.76
19.98,0.02136689891300261,1.0,0.24350047005051598,0.41558025645899854,8.385645990941116,0.07301257929997519,0.23494342832603526,0.12437248717527837,A055angS,stairs_10_down,0.1521494895379174,0.023192167282104492,0.0009455299779709758,13.625054422660217,9.329947177255985,0.1590992373530753,0.5012787878513336,12,0.28287721468165594,0.52170198104433,8.689671297640992,True,101,1,1.98
19.98,0.04110623646354944,1.0,0.260795307745908,0.46043230768530224,10.803271471110772,0.06782015152275563,0.30271946100134395,0.11234072755090892,A055angS,stairs_10_down,0.13945021205407415,0.07159751653671265,0.05627660837854625,20.171765688994046,11.637702201831857,0.3575169457743565,0.6919614970684052,13,0.28682331740537426,0.5122210697870804,7.301403908298853,True,101,1,1.98
19.98,0.022899313531533714,1.0,0.2263350616610624,0.33299450549163195,11.386195987980932,0.06939508952200413,0.18736920255257805,0.15460612724535167,A055angS,stairs_10_down,0.17238584288301317,0.00784677267074585,0.014748389848689673,19.01544913123379,11.31512726983791,0.14284477422634762,0.2098865807056427,14,0.2768863336670207,0.5094790121626701,6.916586424699796,True,101,0,1.8
19.98,0.006907313246434374,4.0,0.32983117756359087,0.5209574166561588,8.236642044044908,0.022071682810783387,0.15042621919048058,0.0682799278665334,A055angS,stairs_10_down,0.15518139151328392,0.013393133878707886,0.016469047836063146,22.003990850178134,12.573781856572493,0.16259695338085295,0.2263084053993225,15,0.31446781390491013,0.5061959399141672,9.075245928532425,True,101,0,2.9
19.98,0.01828931076885064,1.0,0.3052714639997737,0.4891575827312807,8.405570493324038,0.040205268934369084,0.17720280828659443,0.11278606773354113,A055angS,stairs_10_down,0.16874656431815205,0.014734923839569092,0.004844921435738595,20.783849757854263,12.78771215352307,0.13172232476373513,0.1968175172805786,16,0.3102610554159644,0.5178060701486826,7.419300642098786,True,101,0,2.5
19.98,0.01590036874547484,1.0,0.248994774314809,0.3181572698002509,9.870575247378431,0.038894457407295704,0.18329952144910486,0.08085116208530962,A055angS,stairs_10_down,0.16330232578802872,0.010127276182174683,0.0004032737815583583,16.14036074508393,11.029800731708267,0.11845517211593687,0.21708905696868896,17,0.3055403191138079,0.5296850982015626,7.6773299367393895,True,101,0,1.8
19.98,0.020791697611501767,1.0,0.23057054817198433,0.345979237471818,9.633105630901165,0.07627684128470719,0.18789590611351722,0.13034777279011905,A055angS,stairs_10_down,0.14760776174897183,0.026358485221862793,0.004580812097527917,15.211225998615033,10.886404510745006,0.10742766388381521,0.3104090690612793,18,0.2844488474137005,0.5481497303103918,6.888111876993783,True,101,1,1.84
19.98,0.020357713789376848,1.0,0.3000024941898285,0.5089831164826663,8.012506634245218,0.0556771982088685,0.22067757327479418,0.12783644418232143,A055angS,stairs_10_down,0.159003692036644,0.012953042984008789,0.0005324552585931519,20.263441242467387,11.818483299289834,0.17567353802733124,0.2524234354496002,19,0.3057999790607289,0.5282797086637873,7.664034153336513,True,101,0,2.42
19.98,0.006936820535837792,4.0,0.3304662535757942,0.4987266464057529,7.591998258558649,0.018700262510683387,0.1523997757418529,0.06372141078580171,A055angS,stairs_10_down,0.1564962636022007,0.022045165300369263,0.015521956199243694,21.901879150242337,11.598398023932132,0.1674475894107794,0.2676635980606079,20,0.3039455680987414,0.5227227241629483,7.257715512205043,True,101,0,3.06
19.98,0.018308639218171618,1.0,0.2764019997473707,0.4692946704402969,8.461478979951316,0.04584693063050509,0.1975540909440792,0.11476811128668488,A055angS,stairs_10_down,0.1660192702862031,0.01492813229560852,0.0032422097312207816,13.7970013910531,10.221845571133809,0.19796221636856595,0.231248140335083,21,0.3012327032803214,0.5142156524757828,8.782035779835393,True,101,0,2.2
19.98,0.01737752099189569,1.0,0.28177919399929563,0.49026176135424016,8.130120421254729,0.06448516685515643,0.19768812723203874,0.11195016369689256,A055angS,stairs_10_down,0.13591957857264558,0.013235926628112793,0.04613236772889753,13.549914420802375,5.997928589738366,0.34282994373391074,0.5721874535083771,22,0.27762893769830305,0.4828933081736713,7.255719533410017,True,101,0,2.52
19.98,0.014501614654507153,1.0,0.22180607212737286,0.2995563257277631,11.957790503590038,0.04915902242995798,0.16505649478884651,0.12907882868777962,A055angS,stairs_10_down,0.15248123034436434,0.0058904290199279785,0.00490352492346585,24.244900335417025,14.06694823977141,0.08203035108589878,0.21250173449516296,23,0.2881656691989797,0.5507798266974383,6.826740581163921,True,101,0,1.76
19.98,0.03830372528900116,1.0,0.22067095632062236,0.4222854770302986,10.61997504688124,0.08691530738025904,0.3068870463765955,0.1392140371724963,A055angS,stairs_10_down,0.13816196634807687,0.053199201822280884,0.01510626364183095,17.63340896271796,10.107267416788153,0.2710335900137822,0.6833113729953766,24,0.2433876545671473,0.5036310440059241,7.943115715337807,True,101,0,1.78
19.98,0.009171760239656181,3.0,0.3143266964213733,0.5249323282002619,7.409902098283891,0.042980780005455015,0.1694258920488063,0.07441137842833996,A055angS,stairs_10_down,0.14663524774306602,0.11190542578697205,0.11804849499877766,21.929109236936878,11.263859589553872,0.4293665519853433,0.7059149444103241,25,0.2878078010821725,0.5446826226752378,7.032900407819259,True,101,1,3.18
19.98,0.01834653737315556,1.0,0.2836107382226118,0.48713248014905147,7.616147027397035,0.04797941632568836,0.18504826060320126,0.12058504408691079,A055angS,stairs_10_down,0.147805838023915,0.021896421909332275,0.004781139531645503,20.87727361982166,12.273077361651298,0.16229078916211923,0.24406462907791138,26,0.3013385575722883,0.5426913282799358,7.467118014383305,True,101,0,2.32
19.98,0.013818086620281833,1.0,0.2185078772472188,0.2571266942756605,12.036836350052399,0.047657025824300946,0.15803839495991762,0.11741179360775277,A055angS,stairs_10_down,0.1551665190388175,0.01434585452079773,0.001109149882266233,21.255467586810322,14.667658263517403,0.00727047115098685,0.2000570297241211,27,0.25889116255357303,0.506226500371794,7.1079257722933065,True,101,0,1.8800000000000001
19.98,0.01630081438634683,1.0,0.22250913089609406,0.3015882892778039,11.668680369220532,0.053709509430918845,0.16021815456082092,0.11836674866266549,A055angS,stairs_10_down,0.14327811923894018,0.02613312005996704,0.0013244854860957659,26.292796038338096,13.625141218661113,0.09372300566794972,0.24314597249031067,28,0.29153832260300133,0.5544974880359881,7.225574827340999,True,101,0,1.72
19.98,0.03184924849171554,1.0,0.23506994563309266,0.44352787218730666,7.672241168902465,0.06760011366102844,0.2858051574382825,0.10619369911961257,A055angS,stairs_10_down,0.131268255850848,0.13104306161403656,0.005058139349711086,25.931108957804287,11.47275280322267,0.3628886126043896,0.6707601249217987,29,0.27407699894140114,0.559332295907312,6.3492314471947,True,101,2,2.0
19.98,0.008287529791441626,1.5,0.32952929676694676,0.49150572798980774,7.479865183152716,0.030779937282204628,0.15513489811347897,0.08097030121833086,A055angS,stairs_10_down,0.16625467548395856,0.012762963771820068,0.027858732991456213,15.997448805415054,8.14937791461464,0.2739268986011545,0.41906386613845825,30,0.3053065889659412,0.48374503715430317,6.945928917300762,True,101,0,2.94
19.98,0.01492735161544732,4.0,0.24806036769865666,0.34406065119615936,9.736316317797627,0.04652697328012437,0.1802704795086421,0.09134190820623189,A055angS,stairs_10_down,0.1525651920925487,0.019436389207839966,0.007375565507169741,22.0695527492585,11.84471872050345,0.1210689378529787,0.2589799463748932,31,0.2992024967887185,0.5513220974509621,8.251387193710089,True,101,-1,1.8800000000000001
19.98,0.012878402257039656,2.5,0.24148048516582038,0.3927915885305506,7.071503965899478,0.0671590929850936,0.18630780156681204,0.13617731204256414,A055angS,stairs_15_down,0.15086152018072774,0.0,0.0008499077567822941,23.145863945179563,13.722502922222484,0.03960596740401039,0.3006249666213989,0,0.1944504230162677,0.2936274378129109,6.040615557598036,True,101,0,2.66
19.98,0.010874975721007206,1.5,0.20751040309189472,0.23674213804204983,11.272970324826977,0.051195764812873676,0.15570833027784078,0.09523076420649886,A055angS,stairs_15_down,0.15752725645820087,0.01513969898223877,0.0023141235775476546,21.90141222508146,13.582483706562382,0.004405828503270944,0.2845197916030884,1,0.24177029315163112,0.5185581322207559,6.581789669540779,True,101,0,1.82
19.98,0.01072242344717499,3.5,0.2827022097391241,0.5098791468080882,6.765164555376757,0.045283137783408166,0.17912121938766157,0.09342840117868036,A055angS,stairs_15_down,0.12503048092286217,0.025798559188842773,0.004945292299379337,22.263930044796915,10.356239417668236,0.15811036047525703,0.2560079097747803,2,0.2694565375858449,0.484854867339556,6.8081159658356025,True,101,0,2.62
19.98,0.010593616377431714,1.0,0.21055426202037114,0.2809347878324231,11.038351296489662,0.04327145563147496,0.15397069733024432,0.11147369369398802,A055angS,stairs_15_down,0.1378611061662276,0.007758200168609619,0.0020756722448445858,22.147507124394885,12.406378601296725,0.09719796608454392,0.2695903182029724,3,0.2785857878649299,0.5187496767996771,8.3226049067077,True,101,0,1.7
19.98,0.013789353445100598,3.5,0.26921666216404044,0.47608216925032165,7.182827860148402,0.03949853304773569,0.17994781174716354,0.10767326863482594,A055angS,stairs_15_down,0.1391402014436569,0.014993727207183838,0.011402541838210002,20.06226453682482,9.891518704354326,0.16624046546096602,0.24788826704025269,4,0.2835457559065385,0.5263363093902473,7.194301479140886,True,101,0,2.36
19.98,0.013015096908508555,1.0,0.30318352056059605,0.526363847467689,6.8799259638406,0.03338815599679947,0.1917141187434884,0.08176871556323022,A055angS,stairs_15_down,0.13301157664487706,0.018485069274902344,0.0024515933418023717,20.436643933349856,10.211199569314184,0.17827296453838548,0.25906264781951904,5,0.2968636972763959,0.559056925065125,7.2672878715231555,True,101,0,2.56
19.98,0.006498975077611504,4.0,0.33800838714296155,0.4963052875541129,8.160658256754894,0.0367399936914444,0.1535263135410574,0.07451038129627705,A055angS,stairs_15_down,0.14323706869135566,0.01972419023513794,0.0027126166440229723,20.552843693690814,10.744474138556495,0.14603603550232946,0.26112794876098633,6,0.2957155156773042,0.5365705299524783,7.761259878937016,True,101,0,3.52
19.98,0.0078512944796541,4.0,0.3261255949321278,0.5187114406145737,8.282841998198077,0.021857872903347016,0.18102040385220466,0.07970846865442581,A055angS,stairs_15_down,0.14830200429906182,0.01855337619781494,0.0005065953905809239,17.00225950861684,9.538921959902867,0.1460555785188141,0.26380568742752075,7,0.2915321571686688,0.547902450531781,7.614717933644292,True,101,0,3.2
19.98,0.012404941019716,4.0,0.2946989906216688,0.5286115701640749,7.474907626605512,0.030527607388794422,0.1960987744385501,0.09283478235825897,A055angS,stairs_15_down,0.13450174599407827,0.03999549150466919,0.009645126881728925,9.720672990431698,5.972692999426713,0.17909521726891398,0.28997212648391724,8,0.2970051698761191,0.5573560841396138,8.002363838666273,True,101,0,2.5
19.98,0.006197834849886378,4.5,0.324061598408031,0.5067917130139533,8.263304826740484,0.03375067621469498,0.156192122477071,0.06702219964936376,A055angS,stairs_15_down,0.14463193786335504,0.01040029525756836,0.009307525697909585,19.72695784238271,10.616952422295334,0.16014816351234912,0.29780715703964233,9,0.29523105631537616,0.5157222054216184,9.041201672602487,True,101,0,2.84
19.98,0.009311210408086131,3.5,0.2995751444222455,0.537094615116833,7.0538732721905255,0.03960495585110038,0.16769044104480724,0.07414453978824895,A055angS,stairs_15_down,0.12506168379503135,0.04177296161651611,0.0036600636527447856,20.27990205228743,11.126813063377412,0.14532676916879914,0.3210589289665222,10,0.2768746339318586,0.5464583742073327,7.621421218239703,True,101,0,2.96
3.8200000000000003,0.03881802771927587,1.0,0.2239067814088761,0.3712560963901169,10.957937331168969,0.08781549178063869,0.23526854519167822,0.11769689609762281,A055angS,stairs_15_down,0.12468857146839407,0.09426218271255493,0.058884115485615264,18.731912290484722,11.934552648227768,0.22331173924108347,0.44269412755966187,11,0.2531797922741283,0.519576256529206,9.006029589482146,True,101,0,1.84
19.98,0.011931023876926388,1.0,0.2223005197264931,0.3341064308116193,10.154236187838311,0.058831535344943404,0.16592339096843564,0.1173649912327528,A055angS,stairs_15_down,0.14314266704620526,0.02386993169784546,0.0017071680723615913,27.124013486928504,14.062763383657275,0.053592836571721515,0.2715393900871277,12,0.25829427393999965,0.5272831431822897,8.40378600519928,True,101,0,1.98
19.98,0.04106355314493879,1.0,0.24386219565243647,0.44348550691740785,10.119134495947272,0.06343355916440487,0.2999083049173779,0.12291668107733131,A055angS,stairs_15_down,0.1310447170772654,0.1320478916168213,0.034756096175963876,22.172143079155756,13.038142357859257,0.2578857991471887,0.7303789258003235,13,0.2557698055894617,0.5220141953116236,6.578921816628738,True,101,1,2.0
19.98,0.009804060355975622,1.5,0.19999703250148085,0.23148485057396548,11.593454821239789,0.04398142524063587,0.12194035834685615,0.13253401834517717,A055angS,stairs_15_down,0.14821113781495532,0.00020956993103027344,0.0014514254349208822,20.518886834781483,13.047332627955097,0.003799501939987143,0.2083912491798401,14,0.2518825731175469,0.536621327516017,6.405027828332712,True,101,0,1.74
19.98,0.0065228276211356465,4.0,0.32171330610698556,0.5167439732136045,8.204039514747103,0.022056769728660584,0.15326518877258039,0.06503205901943147,A055angS,stairs_15_down,0.1456847442662652,0.008552014827728271,0.00957644668051963,20.988032063029294,10.549850033730882,0.15766925622398656,0.24409592151641846,15,0.2944926000661391,0.506561034096875,8.7571231372677,True,101,0,2.88
19.98,0.018101023876633676,1.0,0.2880747382430469,0.47334665693318484,7.321881863805993,0.04349547985941172,0.18704139444797732,0.11266721910564229,A055angS,stairs_15_down,0.14870810158112469,0.008619427680969238,0.0034013664424229245,18.04866900989256,10.37569733676149,0.1187132530581827,0.3048121929168701,16,0.29441183883238603,0.5524119173446381,6.81402791123955,True,101,0,2.42
19.98,0.011874074262174477,1.0,0.22449592393987317,0.31908950465351044,9.501953811597826,0.04671922061126679,0.16333343029345,0.11164482238702476,A055angS,stairs_15_down,0.14054154329758917,0.008042454719543457,0.004320717351163044,19.87599683060277,11.085652136723429,0.10809584788357218,0.23632198572158813,17,0.2829089015817898,0.5334995210997449,7.5087019834602575,True,101,0,1.8
19.98,0.009948408940051003,3.0,0.2021358164523375,0.320371085172156,9.048399647589006,0.0686263556429185,0.16260428925489231,0.12004755139350891,A055angS,stairs_15_down,0.13299581615682587,0.0320550799369812,0.0036468684137139925,21.318569304571536,11.268705263497745,0.09251657866562406,0.3098726272583008,18,0.24785968850640688,0.5575650774587736,5.6514201565016915,True,101,0,1.82
19.98,0.014170228705216734,1.0,0.28549372380111304,0.49119984849037857,7.701432129114321,0.04899228792637587,0.17225047739133356,0.12261173613136635,A055angS,stairs_15_down,0.13384577201649472,0.00838536024093628,0.005535562859154578,18.97353128877848,10.45610901749609,0.1547299424248437,0.25337934494018555,19,0.29097557029622123,0.5370577891619339,7.28769777728722,True,101,0,2.4
19.98,0.007200427099247008,4.0,0.32527342170955026,0.49028516940206335,7.418726854969659,0.026987372473813595,0.16129884783303888,0.08427026520250365,A055angS,stairs_15_down,0.13176507108351765,0.011887192726135254,0.003234767436241201,21.35074761635474,11.254133181634108,0.1540233538680089,0.27821213006973267,20,0.2863498797008698,0.5008752071327823,7.831038454922164,True,101,0,3.1
19.98,0.015741483302587508,1.0,0.2555286489865359,0.43756442821439895,7.721829619214844,0.04399022710509598,0.18177996569437255,0.107867176476866,A055angS,stairs_15_down,0.14260924754933235,0.01650857925415039,0.0054091948424012815,11.35802902584857,8.155688832478289,0.16312448208530744,0.24491995573043823,21,0.28159852122240525,0.5087961185154981,9.164754038642544,True,101,0,2.2
19.98,0.013185824984188467,3.5,0.267187286510187,0.46224817632909415,7.12843738011635,0.07103843040764332,0.18565616894597237,0.09543579841265455,A055angS,stairs_15_down,0.13914778844557985,0.0015880465507507324,0.0019976720532527323,19.690958040212035,11.04975005619218,0.08639381646411494,0.20802468061447144,22,0.2620197579184955,0.4912228887572392,6.912661358351187,True,101,0,2.48
19.98,0.012126354651009356,1.0,0.19829371602458754,0.286599025434036,10.055661110236082,0.060398161795455964,0.16144160844130415,0.11952609938103706,A055angS,stairs_15_down,0.13002011897092192,0.017529547214508057,0.0013743109839669846,17.11455679600601,11.239347299217792,0.062153092520311475,0.27943849563598633,23,0.26335158260110864,0.5667798019019734,6.541907604646177,True,101,0,1.76
19.98,0.00904577505750413,3.0,0.18697822601718697,0.23540159382467882,10.270452854375726,0.0618660511309281,0.15409258000439233,0.1343214079644531,A055angS,stairs_15_down,0.13516303498477222,0.015653252601623535,0.0022410394234060886,22.531111012033723,13.45477482936527,0.0005408770699674884,0.21597743034362793,24,0.1875297747703797,0.30879028798206315,6.726199779464199,True,101,0,2.0
19.98,0.00935730190502387,3.5,0.31182660835949494,0.5230776979594246,7.013951898472438,0.04205991178750992,0.1644428082125381,0.08697630315087736,A055angS,stairs_15_down,0.1493324870094258,0.009094178676605225,0.006745226401554045,9.619546816352162,7.128748709900622,0.19303338098650177,0.2504199743270874,25,0.27305193110583303,0.5594246000253122,7.0061757034363135,True,101,0,3.16
19.98,0.014307719717191207,3.5,0.26507689687976227,0.4759052206320088,6.980670019784426,0.05257828995585442,0.1773605480066943,0.09884556563920341,A055angS,stairs_15_down,0.12601517738505486,0.02621668577194214,0.0021820830603620956,16.248776821537678,9.15234301395156,0.1426740205862249,0.24097710847854614,26,0.2784919560274339,0.535622024042358,7.342740837330646,True,101,0,2.34
19.98,0.00673396908074559,3.5,0.20190599779394225,0.24854995694650764,12.461447348253563,0.07414833001792431,0.11685486166406737,0.1225662146601826,A055angS,stairs_15_down,,,,,,,,27,,,,False,101,0,
19.98,0.010862206534139118,1.0,0.19598742833430755,0.2792611290598059,11.468292755314822,0.0511841824115254,0.14265144251077175,0.10513490239623934,A055angS,stairs_15_down,0.12733863955513036,0.02102971076965332,0.003379725056503724,24.302527997485285,13.059077848931759,0.08074760717960695,0.24055391550064087,28,0.2688066147865458,0.5651647990365212,6.920391428608268,True,101,0,1.7
19.98,0.029607242436759617,1.0,0.2148638913497568,0.42856587535446833,7.053197689350821,0.07634484827518463,0.26488058005345455,0.11791366387624294,A055angS,stairs_15_down,0.11798647476390078,0.1243634819984436,0.01220926832432623,17.718248945894207,9.344123283809438,0.21947762202471494,0.5965098738670349,29,0.22777704004297916,0.5417047931907708,6.477474623649601,True,101,1,2.08
19.98,0.008599594870403147,4.5,0.3209267216602111,0.4952932008336755,7.374826564126823,0.03509662538766861,0.16657628947803685,0.07921336480882019,A055angS,stairs_15_down,0.15159262246626581,0.017039179801940918,0.00364028971409214,19.015354798064735,11.270589184169689,0.11472523668780923,0.3126561641693115,30,0.2909069237479552,0.49244040935365246,7.137508473792017,True,101,0,2.9
19.98,0.011404909035323344,1.0,0.2231736606391356,0.3412798180062554,9.978282285188238,0.05099473711103201,0.16400385049212804,0.07778252913616597,A055angS,stairs_15_down,0.13661795280833933,0.018902599811553955,0.005325724238583781,22.667755284704374,12.221276711944158,0.11830471081659198,0.25690048933029175,31,0.27815146100712335,0.5563484159885106,7.979275930810267,True,101,-1,1.8800000000000001
19.98,0.025360888304456344,1.0,0.19422738581417717,0.2132939526222116,10.807171293616499,0.05609232830815017,0.19375916600402143,0.11608533100457862,A055angS,stairs_10_down,0.13802295046694135,0.027231156826019287,0.0009592068265611612,14.142026007221334,11.008118727830684,0.024692514277994633,0.29535144567489624,0,0.25062863364576654,0.5476213721063835,7.787543480363639,True,202,0,1.58
19.98,0.016729617470157943,1.0,0.18627241907272749,0.1815246130209035,15.323510061432625,0.049196385283139535,0.16831341044762982,0.08197763364296407,A055angS,stairs_10_down,,,,,,,,1,,,,False,202,0,
19.98,0.006722718265894118,4.0,0.32592409055182003,0.5203924677160083,8.213543874267923,0.029182038282742725,0.15878110138259396,0.07932141376077198,A055angS,stairs_10_down,0.15690972556404892,0.018023252487182617,0.004400127067759717,25.540357507496896,12.325412173619702,0.1657257275795564,0.28026849031448364,2,0.3064056460487651,0.5215958979932855,8.137932914194291,True,202,0,2.7800000000000002
19.98,0.04224340729279869,1.0,0.24847954984814088,0.37405757369898884,8.502508841238136,0.05047739282250405,0.2515202159989737,0.1117807662114501,A055angS,stairs_10_down,0.14669730669674386,0.038051992654800415,0.0230976225391951,14.558264270083509,8.729975915136531,0.2742894373834133,0.3959767520427704,3,0.3026937478621376,0.5204599850170244,7.756252618395244,True,202,0,1.68
19.98,0.005828091246116971,4.5,0.33492982633929835,0.5259944283997743,7.290404999805985,0.026437941193580627,0.14495186126788062,0.06777347110910341,A055angS,stairs_10_down,0.1632393056696112,0.02528432011604309,0.006101866311266246,21.005569033945946,10.968864714415163,0.15065924466898045,0.28151124715805054,4,0.32027028570838156,0.5708920197889801,7.255710586902975,True,202,0,2.88
19.98,0.019103196187746495,1.0,0.2245503698759538,0.30404398037008984,10.10922164668117,0.050000888609793036,0.1925061107365388,0.11042381179984659,A055angS,stairs_10_down,0.16289830988741172,0.024478882551193237,0.0035168060558397737,15.973540140871803,11.095227145284648,0.08599708058560888,0.24601072072982788,5,0.28398603656712695,0.5025204703883591,7.549850528173944,True,202,0,1.78
19.98,0.031189375037543862,1.0,0.23466542569870621,0.45639569335118374,7.708230619851337,0.07380742984823882,0.28078855608682535,0.1018801592802629,A055angS,stairs_10_down,0.12644797101377803,0.05289629101753235,0.025317949883319008,12.814641079249544,8.09267658566379,0.3248445063084364,0.6632983684539795,6,0.27260708875197137,0.5491412218521539,6.562700735772232,True,202,0,1.96
19.98,0.018572562635871433,1.0,0.21245355131154386,0.22339687496833624,12.360663171055212,0.0389720702249906,0.18289948573380757,0.08326496043417136,A055angS,stairs_10_down,0.15680680316399764,0.010923326015472412,0.002263256938444082,20.32637663267763,13.173048695591216,0.031050633941583024,0.18091723322868347,7,0.28153803587597326,0.5358405477705666,6.525695211768003,True,202,0,1.6600000000000001
19.98,0.02355022069574556,3.5,0.2651603106349547,0.4785498910144896,7.6278935898321025,0.05521200273185969,0.22486414208499575,0.08650287478230893,A055angS,stairs_10_down,0.13587646560872935,0.061130255460739136,0.050100428815208334,11.437711903084761,8.643210912312481,0.2670849625269572,0.3859572112560272,8,0.29248613052827155,0.5274828378537622,7.738131657107978,True,202,1,2.24
19.98,0.01488908227581344,1.0,0.23028362609007783,0.29539051968757746,12.07917830680842,0.045067184551153334,0.17937034777511673,0.09004672358278185,A055angS,stairs_10_down,0.15592316430520248,0.009697794914245605,0.00430306076648731,23.293284722496686,13.674975326559554,0.0908144226204604,0.24926960468292236,9,0.30112712553478177,0.5535199693315372,9.281142418807635,True,202,0,1.74
19.98,0.006230447897508918,4.5,0.3254255624489988,0.5267803059253863,7.506247028311381,0.029201922342181205,0.1500524868025393,0.07323513742652722,A055angS,stairs_10_down,0.15116730204878004,0.007566720247268677,0.018723346487671058,19.409130612778913,10.786933378900082,0.2225819071630637,0.23790374398231506,10,0.3100247060487614,0.5298329189910165,7.139983541118938,True,202,0,2.7800000000000002
19.98,0.008443748527919029,3.5,0.3161146177008828,0.5201442779690627,7.829604075401619,0.030534093761816622,0.16724443629340038,0.0654794739256613,A055angS,stairs_10_down,0.13631803960723676,0.021934717893600464,0.008478866341354164,12.60978571568588,8.710230569833652,0.23687656744538496,0.33032894134521484,11,0.2938547340752607,0.47835219573971216,6.8274800463539895,True,202,0,3.1
19.98,0.016745099916187563,3.5,0.27401522962645414,0.4982539009169735,7.777231944825961,0.060911825299263,0.21839740987407247,0.10306484245695174,A055angS,stairs_10_down,0.17066283006081606,0.00860247015953064,0.06165261496374197,14.92343993159235,8.945416187202465,0.3729106289645036,0.47645121812820435,12,0.2583008660862152,0.5024031317841948,7.2808709485847976,True,202,0,2.64
19.98,0.007985198300543063,4.5,0.31836334693718726,0.5202867390705811,7.6873967692980845,0.04235645055770874,0.18170720342701477,0.07970016808714718,A055angS,stairs_10_down,0.15211554389586424,0.004599541425704956,0.005114011539642253,24.431118541689287,12.612158184654326,0.17922788567220171,0.2633683383464813,13,0.306637065187495,0.5281602415569989,7.995282777363198,True,202,0,2.7
19.98,0.011747306480586526,3.5,0.28832377638568224,0.5242149886863888,7.15223935916017,0.0456966158747673,0.19702519404062982,0.0888927340018563,A055angS,stairs_10_down,0.13486637167114623,0.037380993366241455,0.10621003888456101,12.399233016048813,7.92101583466229,0.3289823856949806,0.5207248032093048,14,0.2802573832407355,0.5099744443799967,6.730431568217697,True,202,0,2.54
19.98,0.008505080811788362,3.5,0.304053121789254,0.5213971195696488,7.590703871776549,0.028550652116537095,0.1725799250537079,0.07831031979992986,A055angS,stairs_10_down,0.14474690008290947,0.09581246972084045,0.03356460584470047,20.4852274222434,11.098543801840059,0.41187916750709214,0.6960660219192505,15,0.2815559480853259,0.5160368239013278,7.511438237898721,True,202,1,2.86
19.98,0.023109800658656747,1.0,0.2896735440648813,0.43643371946448917,8.382583464291395,0.0269845547596924,0.2216971834481017,0.08732427523238584,A055angS,stairs_10_down,0.16277387993220982,0.020970702171325684,0.003318345425501704,18.31383309761279,10.80674794551917,0.1723883614745379,0.34027099609375,16,0.3114655049408183,0.52816282132506,7.50685865821222,True,202,0,2.16
19.98,0.03173825936976475,1.0,0.25477316147344004,0.48207141227837497,9.742533649850671,0.06880448136944324,0.29321591941342856,0.10579505760339089,A055angS,stairs_10_down,0.13245038473032378,0.08570170402526855,0.0055602423524549385,23.04524784202603,12.686353082763281,0.3637089008651674,0.6682716310024261,17,0.28956895536917415,0.5363618143250244,8.200987721563251,True,202,1,1.98
19.98,0.019453739857563664,1.0,0.2755155635390052,0.46312108175840244,8.052962225737872,0.05175697352737188,0.23780536108916675,0.10384525638539344,A055angS,stairs_10_down,0.14659605689227262,0.06318947672843933,0.016289160885098703,10.753982093520973,7.695468449747211,0.19936804001530012,0.2944745123386383,18,0.2983360395967004,0.5491159977319718,8.308410144336445,True,202,0,2.18
19.98,0.017828943786480235,1.0,0.24711010691953852,0.33160532191975656,10.027205623760556,0.0429434845742071,0.16137909240924225,0.10878377268789335,A055angS,stairs_10_down,0.1516114859020009,0.019350677728652954,0.002243045773997705,22.9832020070913,12.141888531352688,0.11873462952295086,0.2287060022354126,19,0.3081179020812804,0.5588539420821105,7.264922687725101,True,202,0,1.8
19.98,0.009131911835120582,3.5,0.30243766324086624,0.5358783222769748,7.021376225255171,0.03641280308365822,0.1845307496059032,0.08332678596489132,A055angS,stairs_10_down,0.1446310165412923,0.016425997018814087,0.05482186291686294,12.905323915752666,6.827967823080693,0.269255389670531,0.4434265196323395,20,0.2922506077085587,0.5572902225373708,6.469929042980113,True,202,1,2.82
19.98,0.010107758343870652,4.0,0.31947864037784024,0.5258710975565575,8.005886775743264,0.031279455423355106,0.17613813796799374,0.09021061220206321,A055angS,stairs_10_down,0.17800815108625645,0.016721993684768677,0.004795588064528259,22.062889424283505,13.864703275950523,0.1311900403847297,0.2114228904247284,21,0.30545748820916857,0.5368186974478206,7.878318477980347,True,202,0,2.8000000000000003
19.98,0.03553037330589299,1.0,0.24781490264410644,0.3126735349973046,7.806307553487979,0.0666167132742703,0.24067070438706406,0.10470287987962365,A055angS,stairs_10_down,0.14867889227714126,0.04624810814857483,0.01363832435445758,11.437660238047133,7.5437874937990514,0.17882005048294863,0.33260583877563477,22,0.2712235766808617,0.5416274762770257,6.982620132541427,True,202,0,1.6400000000000001
19.98,0.01827071969735561,3.0,0.2740873205884893,0.526462494067671,7.449686773209271,0.055577663332223894,0.2322528227776766,0.10235293637728318,A055angS,stairs_10_down,0.1347517258024471,0.08644944429397583,0.022122262500705304,15.262684068691941,8.448433058433805,0.38809191594521203,0.6304383277893066,23,0.2750343305031883,0.5445975600545505,6.7321242693824885,True,202,1,2.38
19.98,0.026642049263809548,1.0,0.23837728613360037,0.33560324020565885,7.151720406897213,0.0479501573741436,0.21221333670968398,0.11945483041869011,A055angS,stairs_10_down,0.1491122328661343,0.009898751974105835,0.005353931539821571,17.717912299488,8.814475262007399,0.13095244796946645,0.4669986665248871,24,0.28399258595736904,0.4992608326600256,6.338436416600171,True,202,-1,1.84
19.98,0.03322555972390431,1.0,0.22331797520744612,0.41536285407946344,6.666815431073188,0.07680015795864165,0.2649875171313292,0.16800840786658228,A055angS,stairs_10_down,0.1502518792522145,0.10278627276420593,0.023825124236690965,17.09895305568691,7.853423963930257,0.3264829209943612,0.5909271538257599,25,0.25677543997764585,0.5347126366631434,6.802257439035843,True,202,1,1.8
19.98,0.017757751062061077,1.0,0.260006129593454,0.387599653258184,10.284297491184322,0.04329180307686329,0.1725047543028355,0.13841510851867497,A055angS,stairs_10_down,0.15270083839880588,0.007700115442276001,0.004518627788530615,20.68152476441295,12.41599115003704,0.13822932257006565,0.2724789083003998,26,0.3088354859696352,0.551218699796284,8.205702093621,True,202,0,1.96
7.0200000000000005,0.009871062193861083,3.5,0.3056522685066264,0.5442032512645286,7.528994948738703,0.04569308131933212,0.168753996301254,0.09123630362562835,A055angS,stairs_10_down,0.1467687229421687,0.008736997842788696,0.05402329123392389,13.052802767978008,5.876685599363906,0.34666288437942666,0.5337461829185486,27,0.2911914266494506,0.5430844581708673,7.818861376085152,True,202,1,2.92
19.98,0.007713015994326763,4.0,0.31963453071321396,0.5238463445300957,7.800345649337462,0.02873080611228943,0.16454084712923914,0.07682970411144197,A055angS,stairs_10_down,0.15230300687851117,0.023592770099639893,0.0008388130108599013,20.34818122589825,11.539446180869968,0.15815386164933443,0.23225322365760803,28,0.3106552561209163,0.529983667957941,7.976000076651083,True,202,0,2.7
19.98,0.017818549800790468,1.0,0.2379500055329047,0.3235916220636134,10.80015155828796,0.04608039573387941,0.19143422741406793,0.0885231067321729,A055angS,stairs_10_down,0.15359800575888727,0.01279190182685852,0.0017103960668842953,26.376707867293515,13.145845713043666,0.11397356827006054,0.2544894814491272,29,0.30559522481525647,0.5513473158729323,6.725433798588876,True,202,0,1.78
19.98,0.015892279413611852,1.0,0.26912731466924444,0.46293945339144893,7.259171213219426,0.06076983440667391,0.18653690937047,0.10616583020426333,A055angS,stairs_10_down,0.14866448118087439,0.03113090991973877,0.002653667967445497,24.908777674437403,11.394833258422207,0.1683189380199959,0.2631470561027527,30,0.285552924080966,0.5224307576104742,6.426627688037064,True,202,0,2.22
19.98,0.01939682246461444,3.5,0.2550677761339886,0.4610354935586872,7.45307961802263,0.07522600751370191,0.20502990731169352,0.12971746670082213,A055angS,stairs_10_down,0.15582207259647352,0.02300316095352173,0.03159968510048845,12.33713108466798,6.569166964775707,0.276489691734314,0.4743322730064392,31,0.27626078407394694,0.5592745384777669,7.182558690213399,True,202,0,2.22
19.98,0.0067884451647058815,1.0,0.16609246659725105,0.19172675858234975,13.619383618604703,0.05616688800510019,0.12062082924825507,0.10379110896028579,A055angS,stairs_15_down,0.12440886376375826,0.00969243049621582,0.00293640592502651,25.909217642736607,15.168711804368668,0.003838555704181393,0.18381774425506592,0,0.2004701822071789,0.4562853070627419,7.590194164643288,True,202,0,1.68
19.98,0.010704142154153507,1.0,0.1661398411785218,0.17936500054941829,14.715166037519246,0.05023994182789465,0.11193637127541449,0.086806135030929,A055angS,stairs_15_down,,,,,,,,1,,,,False,202,0,
19.98,0.0072976154227642805,4.0,0.31867845796327543,0.5319916945075284,7.687859107148048,0.027467924719676375,0.16456267433507854,0.08177252584369853,A055angS,stairs_15_down,0.13462277019725122,0.014580130577087402,0.005065540620741482,22.986525377209446,10.884422158211741,0.16190533951254718,0.24440884590148926,2,0.2982199700758419,0.5216426261325767,7.427757773718332,True,202,0,2.7600000000000002
19.98,0.012218223585916094,1.0,0.2039700108543437,0.27678666317005773,10.566041705808363,0.034344043298624456,0.16353844709776316,0.07491345471120439,A055angS,stairs_15_down,0.13657086960134657,0.0005173683166503906,0.006472309559176941,21.057240858516042,11.64506937956726,0.09871691669647892,0.2078324556350708,3,0.2791990553376509,0.5248721740214494,7.361885608505084,True,202,0,1.68
19.98,0.006119012732537733,4.5,0.3287335156246939,0.5272009261618098,7.527427562119263,0.024129367768764495,0.14802286931557704,0.07083742970600725,A055angS,stairs_15_down,0.1389687861350768,0.022858142852783203,0.002241106252099499,22.616756326555183,11.838884195435428,0.14923346851331493,0.26800036430358887,4,0.3024871401863302,0.5729145952446442,7.331709568512102,True,202,0,2.9
19.98,0.010684906747782764,1.0,0.19815915274428808,0.2796704177579388,11.215416138447566,0.05367451956029981,0.1513519903463798,0.11984975077211857,A055angS,stairs_15_down,0.1401933546372276,0.02256619930267334,0.0038694773477034408,25.487648243110947,13.220416642310688,0.04675993457126121,0.27855634689331055,5,0.25078458726087355,0.5378984753364089,6.977594295250614,True,202,0,1.76
19.98,0.011851950258333938,3.5,0.2064831661317438,0.38416916523144506,8.603743796942092,0.0646258039958775,0.1748607459118796,0.10962392249144613,A055angS,stairs_15_down,0.10819267366021712,0.012961924076080322,0.0010028459796705474,27.80604108423509,12.456854861820727,0.14832349561930944,0.2489715814590454,6,0.25214086783761014,0.5510756579967744,6.4221887846715875,True,202,0,1.94
19.98,0.013549613340549521,1.5,0.1860438129162406,0.22228905175677752,12.592837679041924,0.039124529442633504,0.1487709452900645,0.0823973351274617,A055angS,stairs_15_down,0.13429249129830834,0.012686610221862793,0.00355582008311673,22.441855139117855,13.450626906874811,0.03420885216464133,0.18392354249954224,7,0.2548982517222032,0.5379850200394676,6.3122052653142395,True,202,0,1.6400000000000001
19.98,0.016305722133901544,3.5,0.2497666267118352,0.45927477064829,6.97392659744275,0.05108428481500596,0.18134715256822118,0.10231903535313905,A055angS,stairs_15_down,0.13299564116778861,0.012516915798187256,0.0033929068516700446,21.918910871970414,10.780458746064632,0.15295498504613836,0.23369044065475464,8,0.27298679812069243,0.5242458685639036,7.744348186784425,True,202,0,2.2600000000000002
19.98,0.011234047566971127,1.0,0.20406883403260437,0.283988020927124,10.725634757210907,0.051320093520917,0.16213883058627065,0.09811186427017674,A055angS,stairs_15_down,0.1344404172769842,0.0067942142486572266,0.005537414904145814,21.535413683315404,12.09239128623652,0.08094593946511547,0.23216158151626587,9,0.2706095355717256,0.5374112630818132,8.93390426207905,True,202,0,1.74
19.98,0.006954612990226797,4.0,0.3162971146030222,0.5227459545964588,7.717708734168257,0.036130215600132944,0.15881301571459946,0.0800331124663353,A055angS,stairs_15_down,0.1305082963112204,0.00778508186340332,0.011478396796799203,20.136667983754258,10.795197049712863,0.18138804158816735,0.2358555793762207,10,0.2889995715324892,0.5261953483649153,7.258581932275431,True,202,0,2.8000000000000003
19.98,0.00841513544509918,4.0,0.31058951638280397,0.5245611168282702,7.795952923454581,0.029286344740539788,0.16624719220010928,0.0715383932797704,A055angS,stairs_15_down,0.14328381211999908,0.027907252311706543,0.019436201137346374,19.673811883505508,9.441637831085519,0.1728538088190059,0.2663269639015198,11,0.2743634721302094,0.48554646806402524,6.301799657571102,True,202,0,3.06
19.98,0.01095684211469277,3.5,0.26283280327358344,0.4605328332932707,7.045352547933905,0.07420978784561157,0.19657597627955514,0.10840302599593997,A055angS,stairs_15_down,0.14654208408957492,0.02561044692993164,0.005203060807172286,23.961872899835928,11.4977883231367,0.06469693686192235,0.2749785780906677,12,0.2038242889598092,0.2786966653956722,6.348446124751843,True,202,0,3.04
19.98,0.009154718589906165,4.5,0.3051766408541623,0.5247247991081685,7.504729032793058,0.04681038647890091,0.1870614683820489,0.08116292508784681,A055angS,stairs_15_down,0.13581284673456206,0.0,0.002062977710251509,17.53420065705616,10.58808499425725,0.1384574121950815,0.2615302801132202,13,0.2857906223363418,0.5241912726016197,7.678640637501006,True,202,0,2.68
19.98,0.011898514845216698,3.5,0.2761611908100506,0.5094257020762062,7.07850916422422,0.0492028889618814,0.17249300942349205,0.09558305654209107,A055angS,stairs_15_down,0.13786059745492785,0.0,0.0015219405965446252,18.920531642454574,9.526820298370136,0.16167320413670191,0.1911550760269165,14,0.27078647538302414,0.5335637945535397,6.882365633447822,True,202,0,2.5
4.8,0.012223495896873503,3.0,0.29479309972276024,0.533106929360068,7.423450540955445,0.03426974982023239,0.187857522952142,0.0817808313621208,A055angS,stairs_15_down,0.13175808777783649,0.08117985725402832,0.08356396927181685,20.926848124444273,11.762342567791542,0.354391936759154,0.6625279784202576,15,0.27130040039990677,0.5403821989350248,7.241997150848488,True,202,1,2.84
19.98,0.019850100745482508,1.0,0.26676360348329187,0.4449802648420414,7.458106020587203,0.03937434238963761,0.18682971254926925,0.09679990212607663,A055angS,stairs_15_down,0.12691120253527233,0.01629626750946045,0.002475219697770692,16.08138664894229,9.518379354874636,0.17122170014112878,0.3164917230606079,16,0.3014429176682457,0.534136919168156,7.849908237893501,True,202,0,2.14
19.98,0.012286826357466162,3.5,0.22271190342099906,0.38725729258590874,8.176416873414732,0.07821688146330416,0.18440530439186145,0.1311683624330908,A055angS,stairs_15_down,0.1324834224374537,0.0,0.0012664461859544607,24.547784798398837,11.8018894844621,0.12229686244701346,0.28685927391052246,17,0.25883488068606125,0.535157919888548,7.91035409534006,True,202,0,2.0
19.98,0.015434512050435103,4.0,0.2549211131410803,0.457141603672952,6.735181082640534,0.046632564635947345,0.1810314926509691,0.10380831466056406,A055angS,stairs_15_down,0.132321495104601,0.034255266189575195,0.008997698435806778,9.587612893249082,6.531296348123175,0.17037011459469795,0.2794027328491211,18,0.2855067199054249,0.5550875049722342,8.555885291768528,True,202,0,2.16
19.98,0.013967684411051227,1.0,0.22086023100557173,0.3233052861393995,9.141215425846772,0.04203000150155276,0.15524419040087362,0.1067056693811901,A055angS,stairs_15_down,0.13274973662779288,0.012432992458343506,0.004388164296270974,19.54800632147684,10.769439102207155,0.11181630741416787,0.2173304557800293,19,0.28898393455036175,0.569138924405279,6.474964399131422,True,202,0,1.78
19.98,0.008674458019210586,3.5,0.2884815943081749,0.5415110039508538,7.107138662307612,0.05421657830476761,0.18515594135984034,0.08023352783638985,A055angS,stairs_15_down,0.1401609832590277,0.004113554954528809,0.0021215356786664823,21.51595168362652,11.751744216651591,0.09981025205304225,0.24605095386505127,20,0.26816980293090326,0.5539052217556518,6.529165143348967,True,202,0,2.7800000000000002
19.98,0.010402152921971553,4.0,0.3055697894478864,0.5253562873074579,7.357961323041692,0.04003903657197952,0.18621398340496667,0.0947662827023305,A055angS,stairs_15_down,0.15325650716210426,0.02063232660293579,0.0021339113619800723,22.64386168625676,12.391831141122688,0.10443741080351174,0.212174654006958,21,0.28550753098758147,0.5378935478495588,6.7973032537444125,True,202,0,2.7600000000000002
19.98,0.029217871000378332,1.0,0.20438326787502373,0.23207168412675772,5.619909883441193,0.05313163138926029,0.18400388827011419,0.1198092383844778,A055angS,stairs_15_down,0.13008372031431148,0.01322472095489502,0.015872163375951077,8.437871682864285,5.101972313585789,0.027220707510908444,0.3336891531944275,22,0.2342060287878475,0.5363086359073239,7.1013515313939,True,202,0,1.6600000000000001
19.98,0.012789041543248458,3.0,0.2585879078810228,0.4982040866496415,6.9729500908673705,0.06528589610010385,0.2070281572428343,0.102532279798761,A055angS,stairs_15_down,0.13433225652113323,0.028078973293304443,0.024165732831647163,26.7476069519518,11.366529988197042,0.1649498196815451,0.27545392513275146,23,0.2576051374170232,0.5376233147591214,6.853843107238556,True,202,0,2.38
19.98,0.011205444642936739,1.0,0.20520300313113207,0.27254400202993245,10.313120776439233,0.04261634496855549,0.14359005282388063,0.10513140538707376,A055angS,stairs_15_down,0.1381909439270509,0.010000050067901611,0.006715918245434661,21.84252207933929,12.63541648365303,0.044481272331128516,0.18930435180664062,24,0.2555861879670046,0.5201720990633714,6.433817669569346,True,202,0,1.84
19.98,0.0068714099605892975,3.0,0.18924894169052656,0.22223273560293808,11.935481078618588,0.046964371148496865,0.1360860767198346,0.12697539576096462,A055angS,stairs_15_down,0.14462451820067546,0.018418431282043457,0.001136157456621922,22.47008974704652,14.502497984821098,-0.005886165706130366,0.2278730273246765,25,0.20890235816731173,0.46508903354069553,6.20013975294508,True,202,0,1.84
19.98,0.014091314814642623,1.0,0.23623061606272017,0.37073813173646036,9.431640191319971,0.04701078604673967,0.16484911388232207,0.11104455966502429,A055angS,stairs_15_down,0.13086630475712335,0.013086020946502686,0.0023818376960372655,17.679314012749415,10.97102110902928,0.12863228569428126,0.2698972821235657,26,0.2914565579648961,0.5621713804925917,7.603829991550324,True,202,0,1.92
19.98,0.009958654751427414,3.5,0.29434663102907294,0.5408213422917505,7.25384858302183,0.0639520414173603,0.1752316733425152,0.09557856610976159,A055angS,stairs_15_down,0.14855192848705356,0.011822700500488281,0.004461193330482083,24.797775870603868,11.781069667618524,0.09434362796135247,0.25447607040405273,27,0.26372865562132974,0.5500649783574824,6.979796928376287,True,202,0,2.92
19.98,0.00789314239055045,4.0,0.30920244221381327,0.5241823776599921,7.751464675216738,0.03714639246463776,0.16833825037303696,0.07730955134145916,A055angS,stairs_15_down,0.13637011191424198,0.02176147699356079,0.00047488707339804844,18.80399591195835,10.071964813582206,0.151614179587923,0.2611219882965088,28,0.29338540950560954,0.5227696607999741,7.8900406381562895,True,202,0,2.7
19.98,0.015110602079433743,1.0,0.21670815475484267,0.3140041197291017,9.706412939768178,0.04345948104513809,0.1869670301547386,0.09474574318854138,A055angS,stairs_15_down,0.13662347595959423,0.011200547218322754,0.006143263291902781,21.535525325067255,11.350584006731346,0.10388165672503723,0.25849342346191406,29,0.28195963543366626,0.5546365341623991,7.001033904632661,True,202,0,1.78
19.98,0.013612533415418822,3.0,0.24874480539145952,0.45162246436091763,6.547552043569059,0.05933267954736948,0.18315300298369733,0.10155681637115777,A055angS,stairs_15_down,0.13003120352240172,0.029957592487335205,0.007154578504435696,19.627096680741,9.624213048973884,0.15769531326989333,0.2743557095527649,30,0.26930279285512504,0.5301194049761035,6.24774982721429,True,202,0,2.2
19.98,0.012123569782065045,3.0,0.2411513161850486,0.394730368697964,8.12367464013064,0.08068416133522988,0.14771836950792436,0.1198715060018003,A055angS,stairs_15_down,0.145429782370195,0.023617208003997803,0.007149755507758386,28.533524069250333,13.72471186460832,0.0647771308819453,0.1999974250793457,31,0.2656991213273237,0.5830187451420755,7.921734171895801,True,202,0,2.16
19.98,0.02362283164318225,1.0,0.2857201599309789,0.4511043570230794,7.903422599619257,0.033063797596842054,0.21475081805202922,0.09632552536204457,A055angS,stairs_10_down,0.15343564302526058,0.014158576726913452,0.018848814294859538,12.942489518361517,8.93202029555132,0.22401489379505315,0.303833931684494,0,0.3129811473071256,0.517594470836848,8.25747280989635,True,303,0,2.2
19.98,0.015409988484838297,3.5,0.27261110447147946,0.5008301064213871,8.888173358641977,0.06026738852262497,0.23269681541020207,0.1118421385018155,A055angS,stairs_10_down,0.17443174856869292,0.01901477575302124,0.006032392359829209,14.451911534685554,7.55211241555959,0.261534449228396,0.46131983399391174,1,0.2842611870727437,0.5034111838681699,7.041722141939925,True,303,0,2.32
19.98,0.020638515709518742,1.0,0.24895831355755338,0.34101604314031975,9.71725296524861,0.03547706348821521,0.20258807549787997,0.10474613914266229,A055angS,stairs_10_down,0.16021775290927787,0.022139787673950195,0.008517557361819991,19.993249725350292,11.763279278887213,0.12680348873138428,0.27866214513778687,2,0.30406307057263376,0.5448476496783463,7.360859117413318,True,303,0,1.86
19.98,0.0066903740098218705,4.5,0.3243999517840498,0.5286611234843059,8.160855701553018,0.024728147089481355,0.16044179978015136,0.07648259358480573,A055angS,stairs_10_down,0.1448960326572153,0.09801217913627625,0.12440966973588784,22.045262848331358,11.350979493219944,0.38182194739580155,0.6440550088882446,3,0.3061704300176651,0.5380706326007175,8.224819681675175,True,303,1,2.82
19.98,0.04583519853809917,1.0,0.25752442010264986,0.456464678754994,11.738095995210895,0.06568756774067878,0.29535575740226416,0.1358142105292063,A055angS,stairs_10_down,0.15813113247009525,0.07428985834121704,0.03176076358672074,22.457433933694002,12.735169170252474,0.26869485336045423,0.743875652551651,4,0.2845101728222587,0.4795048583713626,8.12210101848225,True,303,1,1.86
19.98,0.018130878787992025,2.0,0.25459438282538227,0.41141939752826884,7.263856701184812,0.07517179667949676,0.23854475272816675,0.12265362427569926,A055angS,stairs_10_down,0.1679490304248218,0.023348242044448853,0.14458667961936245,11.687288612560728,6.46100739623176,0.2722503563761711,0.4403360188007355,5,0.28122470777939984,0.46356951053069345,7.727268053035593,True,303,0,2.0
19.98,0.01906157070936333,4.0,0.2808849270187597,0.4724005895648633,9.090303310683474,0.06204542368650436,0.1779676505191819,0.13768727844581008,A055angS,stairs_10_down,0.1548109292027785,0.010706543922424316,0.006537607890861704,20.230481132816795,12.290577458671601,0.17913598970199623,0.2180449664592743,6,0.3073629913228081,0.5588585554471779,8.537804956308563,True,303,0,2.18
19.98,0.0077650769648869,4.0,0.3248172662650201,0.530022940486306,8.653366416320049,0.03214606568217278,0.16211872822032147,0.07569820071570575,A055angS,stairs_10_down,0.15268029025531704,0.0028974413871765137,0.00515206033322661,25.5499243514299,12.28794715630401,0.1688594111117224,0.23025348782539368,7,0.3145615090852115,0.5344909571558191,8.589244872552213,True,303,0,2.8000000000000003
19.98,0.01976253614103957,1.0,0.20085678216129702,0.1995196692794667,12.502964736610393,0.04488261932739988,0.16998104802001518,0.1423806605208665,A055angS,stairs_10_down,0.14533193831775282,0.0,0.0028904541760011847,27.871149723278247,22.377602083807236,0.005814474513754248,0.03433823585510254,8,0.16542262211202938,0.03616288397246257,18.008033255246914,True,303,0,2.84
19.98,0.015115417905945328,4.0,0.28954603500385334,0.4932022929730009,8.572659647715497,0.05033250680193305,0.21812804898458182,0.0957848218921572,A055angS,stairs_10_down,0.1867652568906386,0.11189845204353333,0.054696333623923156,24.644792352939156,13.287715205433647,0.36271594295899073,0.6859898567199707,9,0.30151984228169854,0.49823945600094866,8.353426647287842,True,303,1,2.2800000000000002
19.98,0.014255742135993125,1.0,0.21793101032628098,0.2550759246386998,12.564780951016115,0.04682349134935066,0.1775502449825149,0.1310380959347822,A055angS,stairs_10_down,0.15349640980123835,0.0008695721626281738,0.004527318239455177,20.34603025818191,14.091040619768899,0.035433695386163894,0.27494728565216064,10,0.27945679394319095,0.5387562515799158,7.833367369884445,True,303,0,1.76
19.98,0.01867694276487914,1.0,0.2417869364386574,0.37389219412529895,9.797943000011253,0.07822183621581644,0.1750881307518473,0.1325903097074479,A055angS,stairs_10_down,0.16731468145860073,0.0005400776863098145,0.006046920396741132,17.574543992055684,10.648515160915883,0.17553142556299767,0.29622912406921387,11,0.28673053153058425,0.5444968081589471,6.642498417440077,True,303,0,1.9000000000000001
19.98,0.00752009108858507,4.0,0.30874192473403905,0.5118970815454634,7.150155583968134,0.04131531983613968,0.18153065602790425,0.09129074845579453,A055angS,stairs_10_down,0.15646621728325905,0.019711196422576904,0.001894001748873506,18.26139652496569,10.875402821797033,0.21076769758947195,0.28747841715812683,12,0.3013385379888157,0.47519783513359604,6.704584521827777,True,303,0,2.58
19.98,0.025611568814784727,1.0,0.2802088168582177,0.4480058829402697,8.34088320520024,0.043049941025674346,0.23141160628106813,0.09982445688452572,A055angS,stairs_10_down,0.1469460891529838,0.04079440236091614,0.026106154012862034,11.719949748250256,8.620788389849086,0.21973825839658578,0.46318620443344116,13,0.3105137646899504,0.5025159708153194,9.38197668138635,True,303,0,2.1
19.98,0.01772135015506816,3.0,0.2717204836329674,0.48142369391998835,7.965626577946836,0.07797961889766157,0.17734254790417112,0.14067994499113412,A055angS,stairs_10_down,0.16858255528511212,0.03011178970336914,0.07257879125792853,14.334652426276328,7.5365419649372996,0.3164928886666894,0.4657469689846039,14,0.27490438973202425,0.522072003259188,7.179716851869905,True,303,1,2.54
19.98,0.01857604945749236,1.0,0.23432487166820362,0.29913784052547615,10.106422199682953,0.03821594197535887,0.17386468925384133,0.10361169069074094,A055angS,stairs_10_down,0.16096814861272113,0.01657116413116455,0.0024274476524148146,18.10594312354326,11.219172605220756,0.08764630422927439,0.24349838495254517,15,0.2992152260459043,0.537779774427619,7.604649439388514,True,303,0,1.72
19.98,0.022343665975448006,1.0,0.23791757407832276,0.3425094552554681,9.704674420259295,0.05882935119792819,0.20161585226175058,0.09930444675497711,A055angS,stairs_10_down,0.1438834981166105,0.003685593605041504,0.013543946738707588,15.289359901546337,10.980603747643498,0.11819506692389647,0.264536589384079,16,0.28091689870319264,0.5143130315403406,8.279679539606866,True,303,0,1.9000000000000001
19.98,0.008965285243826605,3.5,0.3184780681882313,0.5157865396176389,8.231656771698622,0.03426603686064482,0.17437204766934247,0.06788582297507674,A055angS,stairs_10_down,0.14792672166212362,0.03128683567047119,0.007130349930570009,13.910943363298541,8.99069666478317,0.2533449631246428,0.3120914101600647,17,0.298891464063828,0.5327390380360341,8.842607043193768,True,303,0,3.04
19.98,0.013729498428942995,1.5,0.18795296467402406,0.1941535027074075,15.331239314317191,0.05942483686376363,0.14901452518692454,0.10745364297181367,A055angS,stairs_10_down,0.14573377402708487,0.00892627239227295,0.0028972471090042006,28.197350323272023,16.50103263186873,-0.002708978479883323,0.2389088273048401,18,0.2457168596058606,0.5120895618709406,6.348191994598572,True,303,0,1.62
19.98,0.019725868344040005,1.5,0.2709990610349624,0.5181894902982819,7.3847645754414994,0.05531825948506594,0.20501576337031538,0.0906202882132493,A055angS,stairs_10_down,0.12980675681389586,0.10570716857910156,0.015033726579497319,25.76853675823763,9.767276176598717,0.4022354174653689,0.6928995251655579,19,0.28293822189703344,0.5814570736241494,6.640221731525469,True,303,2,2.3000000000000003
19.98,0.03243262569983157,1.0,0.20746582123685017,0.2670552509785427,6.815442523516969,0.05760810534004122,0.20742638801473176,0.12371243275702,A055angS,stairs_10_down,0.14054931246023128,0.12874725461006165,0.002001065325532798,17.270256113439988,7.634764907162995,0.14321890502236784,0.3638811409473419,20,0.19326002854076932,0.07796578824801921,6.631616353818613,True,303,0,2.44
19.98,0.007826268245485522,4.0,0.3250720034930158,0.5114464100471473,7.902844920257039,0.022770818769931794,0.15861589635390513,0.07107996083796024,A055angS,stairs_10_down,0.12350475979361308,0.018300116062164307,0.025145901436609892,11.501274941137137,7.27709721982077,0.33022502961258093,0.43411701917648315,21,0.3085115493363875,0.4974256107449901,8.160486877518956,True,303,0,2.84
19.98,0.021735793363655154,1.5,0.2818355480027709,0.4676579377819906,7.504506376916985,0.06061545554548502,0.223719891832446,0.10587762925541028,A055angS,stairs_10_down,0.16771200235514716,0.0,0.014571942604362464,12.143659192989157,6.864347337122231,0.34668521602948504,0.46091675758361816,22,0.2895167375184636,0.4817763757393554,7.05517979880855,True,303,0,2.34
19.98,0.014325818291117086,4.0,0.30059929580452605,0.5259109174587927,8.65430046096323,0.05087685197591782,0.19926826727035662,0.11440082245506346,A055angS,stairs_10_down,0.15831684269369606,0.01110541820526123,0.02932900466348796,13.781985916302208,6.828991431668514,0.3002190681795279,0.506485253572464,23,0.2986857377271601,0.5210459137817416,8.050918650627924,True,303,0,2.52
19.98,0.06049957555448706,1.0,0.25910546472684587,0.46501540864541996,12.99435345196057,0.07548966735601426,0.33547158753875506,0.1226683095889166,A055angS,stairs_10_down,0.1313914674169877,0.14509059488773346,0.025128740285616232,26.09627067130398,15.38269919146992,0.2826857240498066,0.7242947816848755,24,0.26733133332614595,0.5161033206052855,6.11686971094641,True,303,1,1.82
19.98,0.009879698619805906,4.5,0.3157947925912505,0.5130698792384439,6.765722840882166,0.03155185261741281,0.19477190384880924,0.08639712620526552,A055angS,stairs_10_down,0.1409028199586001,0.04321053624153137,0.024789364093741013,11.344182693004543,6.90842835409973,0.3310134013990561,0.4089929163455963,25,0.31114657039948324,0.5205990949480424,6.599720120087323,True,303,0,2.66
19.98,0.025169659020216055,1.5,0.26876731305039503,0.45858770328433174,7.755371917103194,0.05478969346731901,0.2740487279147859,0.09585498898290097,A055angS,stairs_10_down,0.1433547991801073,0.06720304489135742,0.02188849203763784,14.14768582366833,8.81423089829865,0.37723077351848283,0.5941852927207947,26,0.292153301041394,0.4955155325416156,8.464974753168041,True,303,0,2.16
19.98,0.014802770354610561,1.0,0.21785610616207124,0.27401129291767007,13.2921209313094,0.0509383396897465,0.16698818229935644,0.08322919509839266,A055angS,stairs_10_down,0.1548548522480031,0.01835578680038452,0.003097063006768621,29.04350155116603,15.967045288103616,0.05782618666999042,0.20141005516052246,27,0.2800324374851696,0.536719121108113,7.668366400011086,True,303,0,1.76
19.98,0.01604498688700904,1.0,0.25288254680480554,0.3407528251037927,11.29205465726079,0.051095790127292276,0.16834583852206556,0.12764757208991795,A055angS,stairs_10_down,0.1549326087383025,0.019426554441452026,0.0061718339429950655,21.70378514250819,13.551780769503498,0.10146352368678588,0.24459809064865112,28,0.30911939687907375,0.5396265089529935,7.563300867637755,True,303,0,1.9000000000000001
19.98,0.0075565370839141945,4.5,0.32954069554646387,0.5119764478126501,7.446807014611432,0.027186582116410136,0.15448979195736567,0.0757005523238331,A055angS,stairs_10_down,0.17224617963806188,0.01946130394935608,0.0035744405326857726,12.320929308161586,7.855187234283815,0.20522567365473757,0.3593645989894867,29,0.3131306131765804,0.565833179491212,6.806531366317522,True,303,0,2.9
19.98,0.015146269272443554,1.0,0.2441298479399579,0.43416734869127166,8.301634661784592,0.07277524441480637,0.23519600999862394,0.09474804362980649,A055angS,stairs_10_down,0.12828996857219843,0.0,0.012884642702302,11.451085403808444,8.280597694390067,0.22311750878735134,0.3948517143726349,30,0.2428908836331597,0.4466776289220901,8.545187913911189,True,303,0,2.12
19.98,0.01679473305396175,1.0,0.2422008009151341,0.39442662275331464,8.957287257583616,0.07640973555156962,0.18338440891976412,0.12108408400788903,A055angS,stairs_10_down,0.15503156073590652,0.0,0.004577431686833602,13.681089551435177,10.036902219940902,0.15349770801452298,0.2911195158958435,31,0.281871797541246,0.5160489477922833,7.100883338274511,True,303,0,1.94
19.98,0.017993007760824943,1.5,0.2691608084586853,0.4603346730055633,7.742019336156509,0.03986921446397901,0.22759014774542524,0.09482690964825452,A055angS,stairs_15_down,0.14084457108043735,0.06777024269104004,0.03516448283160798,16.315928604921865,9.807634584589188,0.18463648701707522,0.6680026650428772,0,0.2895374862268009,0.5082924127255594,8.092696187408308,True,303,0,2.22
19.98,0.01570789612735949,1.0,0.2579206601438675,0.4613378058180708,8.033493953144868,0.06703938513994218,0.19644652933278836,0.10838270745240151,A055angS,stairs_15_down,0.13865138470807814,0.017262935638427734,0.007039823501180252,10.451294854613062,7.037077624340034,0.19881698538859685,0.31071901321411133,1,0.26097607701857456,0.5063340113936102,7.023857790339008,True,303,0,2.34
19.98,0.026511951850132495,1.0,0.23892440014663227,0.3546081402703085,6.029799685169762,0.039577014641836286,0.2114446128053413,0.10415234145941213,A055angS,stairs_15_down,0.14250704821418314,0.07086783647537231,0.011413601865025326,13.943903512046216,7.188865634752594,0.13223268744846184,0.499609112739563,2,0.28076326885325387,0.5380945664239077,7.739196957089214,True,303,0,1.8800000000000001
19.98,0.008634694674083397,4.5,0.3166325493897984,0.5371128239303604,8.5637732380775,0.025837353467941283,0.16691343904079747,0.0735532853193581,A055angS,stairs_15_down,0.1456950319642052,0.021651029586791992,0.003370102668976279,20.09469385082328,11.216724963173526,0.13873668185124793,0.3125041723251343,3,0.29718569475061757,0.5595870439545252,9.661610262981664,True,303,0,2.8000000000000003
19.98,0.014883351459338416,1.0,0.21011665245747185,0.2871361197774352,9.06340938832882,0.05240118182264268,0.15128673367952553,0.12782769636716693,A055angS,stairs_15_down,0.14894025944133493,0.00135117769241333,0.009407516025012497,15.3468216117002,10.28052064508375,0.05401837211335078,0.1615673303604126,4,0.254542594351233,0.49406327957062046,7.957602454412418,True,303,0,1.84
19.98,0.012128565889331026,1.0,0.2267679189392589,0.3173284142383722,8.569612441123436,0.05618979756720364,0.17054983599878307,0.1593532911594957,A055angS,stairs_15_down,0.14357813316233015,0.011100947856903076,0.0033725261956325937,21.39745901751843,12.141071465859358,0.055784982647746804,0.2549886703491211,5,0.2445848165731379,0.45624063671261444,7.896532359810992,True,303,0,2.04
19.98,0.015125795694826388,4.0,0.26088449561659666,0.44138834365830804,8.416045922870142,0.07084590742364526,0.17872276214530633,0.1102920953463763,A055angS,stairs_15_down,0.1399211791109911,0.010143280029296875,0.001540641962772497,21.58668298528222,12.00341743881165,0.1450207351303349,0.26089996099472046,6,0.28446945912060256,0.5472669466265687,8.444523249313459,True,303,0,2.18
19.98,0.008913122536377728,4.0,0.3149882960319519,0.5292281617902206,8.494230591593032,0.03793402567505837,0.17470079179495912,0.08421908994670957,A055angS,stairs_15_down,0.13508390742827225,0.0,0.0027784725688131387,20.281094224510195,10.758436596324282,0.15004570183344185,0.2613648772239685,7,0.2934893518718169,0.5397032683836607,8.108836562834131,True,303,0,2.82
19.98,0.015413717406375942,1.0,0.18578717805803777,0.21036102123460598,9.051709268674012,0.042580423888284716,0.15502760340745558,0.10538281546207146,A055angS,stairs_15_down,0.14508158191640108,0.0,0.0012261911247089328,12.566678415595426,10.145817493665808,0.0008449259555588166,0.23413896560668945,8,0.17300453173285496,0.23718237995257851,7.184188710018095,True,303,0,2.02
19.98,0.016018132761070045,1.0,0.2709304997659622,0.45658655317390834,8.106771235110976,0.06078840386122465,0.1977517072818635,0.09350122348987497,A055angS,stairs_15_down,0.1593140816306048,0.014817237854003906,0.002005671225827298,9.828413288921789,7.691907465987694,0.16073562268633396,0.3672465682029724,9,0.28435343488652437,0.4965258797118484,8.445617342931445,True,303,0,2.2800000000000002
19.98,0.01261189655468194,1.5,0.2075878538199287,0.26044940806575356,12.614730510111407,0.06369318816112354,0.14877374008860134,0.1388372466340661,A055angS,stairs_15_down,0.15738480326963622,0.0003764033317565918,0.0035439367067871376,25.43833555101846,14.614992051827455,0.023950617929610115,0.2491205930709839,10,0.25163681841151603,0.5496004234269395,7.786417395356542,True,303,0,1.76
19.98,0.01409724238152124,1.0,0.21989667217361736,0.32671558500906284,9.533376144818662,0.06381425820291042,0.15035095397542506,0.10437971049919724,A055angS,stairs_15_down,0.13921340997206333,0.007275581359863281,0.004868413104874116,24.475074825760093,12.411164991205828,0.084153320370242,0.2612486481666565,11,0.2754887506031098,0.5399937133899544,6.985535648482998,True,303,0,1.8800000000000001
19.98,0.008039752321129131,4.0,0.2930920845429528,0.5171806394461504,7.331890003225137,0.052821120023727415,0.1927481349766753,0.08955152526497841,A055angS,stairs_15_down,0.12854041549611217,0.020603954792022705,0.0052249217022994005,19.360328808011175,9.737445262274212,0.18040302540486058,0.25913119316101074,12,0.2824457312905215,0.48927390846731206,6.442374538756752,True,303,0,2.56
19.98,0.0139061324793986,1.0,0.2609483756929796,0.4284030142292747,8.557610385902208,0.04147088904865086,0.16375211818471463,0.10427423710236326,A055angS,stairs_15_down,0.13651285834490934,0.014376938343048096,0.002343807341045986,19.272428235696253,11.409249966192885,0.1714838867634535,0.24568140506744385,13,0.29330115719912525,0.5068740833482147,8.794151361508655,True,303,0,2.1
19.98,0.0116837805027959,3.0,0.2638876836025779,0.44252865480878917,7.25695679119801,0.07634336367249489,0.17115348968073535,0.10077688519610092,A055angS,stairs_15_down,0.16291627941284592,0.0007100105285644531,0.01917116886014124,30.403631516236807,14.365456614274846,0.037631622251744073,0.24128109216690063,14,0.25171326187205184,0.5237839282570298,7.09551885901711,True,303,0,2.54
19.98,0.010825722735143296,1.0,0.2060716297951612,0.2887046636893837,10.840761836941265,0.04018027413170785,0.14777160874331471,0.08433742749504745,A055angS,stairs_15_down,0.13736069553038655,0.010405480861663818,0.001964202543325084,22.746174907929444,12.486674712324746,0.08964883076182256,0.21497607231140137,15,0.27337606641698015,0.5459173238155793,6.508355092470054,True,303,0,1.72
19.98,0.013297918827517751,1.0,0.21354377401703822,0.30403658200104167,9.225055753406826,0.05557953191688284,0.18113766807567927,0.1356496800435707,A055angS,stairs_15_down,0.14182055251483616,0.0,0.0019133192792539268,17.095851560493205,10.585014518780756,0.0830438555435588,0.18541812896728516,16,0.2629241588536431,0.5246000879590275,8.637378074763374,True,303,-1,1.8800000000000001
19.98,0.007653429635591034,4.0,0.318832363616974,0.526597345491341,8.137141885232337,0.029410411193966864,0.1581858392585882,0.06680490889120846,A055angS,stairs_15_down,0.13236094732335546,0.016453444957733154,0.0029572280795488477,16.888932122157197,10.05934229602027,0.13117750256632765,0.21540522575378418,17,0.2821004981025655,0.5331646812422369,8.563770929555487,True,303,0,3.06
19.98,0.009035888059399042,1.5,0.16434828526195994,0.18261527077526085,12.504659024416833,0.06059244287665933,0.14124227431798905,0.10574865323025734,A055angS,stairs_15_down,,,,,,,,18,,,,False,303,0,
19.98,0.013541187329264459,3.5,0.25266088512810797,0.489338280128091,6.930029205334778,0.06600088510662318,0.1796450360695791,0.10057151272427291,A055angS,stairs_15_down,0.14002755332120598,0.0,0.0202752388547367,22.46698898307229,10.503003627109184,0.16609817676246166,0.2449333667755127,19,0.2650063225419763,0.5792773207291486,6.811802283859203,True,303,0,2.2800000000000002
19.98,0.026602687175151685,1.0,0.20249675986601068,0.2448491675319592,8.956358455501228,0.06287743614986539,0.18403171408823887,0.12450733075849713,A055angS,stairs_15_down,0.16759689351454143,0.1184319257736206,0.008561373105356297,17.794619904033894,12.323571926974687,0.08637343612809976,0.35788416862487793,20,0.20833582763365885,0.11736303435772868,7.05965320255561,True,303,0,2.44
19.98,0.007680891283441745,4.5,0.31651634865903605,0.515814811473778,7.613443731450352,0.023537790179252626,0.1631219297832801,0.07929515968076885,A055angS,stairs_15_down,0.141465092087812,0.015309512615203857,0.010823423054160257,23.03488147875054,11.035437918876926,0.13532029567907253,0.27090609073638916,21,0.28999490500771424,0.5075188516643575,7.739821063322478,True,303,0,2.84
19.98,0.01591494324035656,4.5,0.26157688763689874,0.39595843751002613,7.3146290344486316,0.049945110836997625,0.1759431109982258,0.12746446556411684,A055angS,stairs_15_down,0.1588491121715403,0.0036647915840148926,0.0026730787580086604,23.35657623798968,11.95246607879247,0.04904799092561007,0.25096386671066284,22,0.26026754845909894,0.48933660020131015,5.920923855859195,True,303,0,2.36
19.98,0.014205436890439488,1.0,0.28589280453595245,0.5193657797519913,8.312732802616052,0.05567407729104161,0.19360433121211457,0.0976006780192256,A055angS,stairs_15_down,0.14213787043158388,0.020506322383880615,0.02539899301848805,25.915774342235,11.942615281941874,0.1440570846448342,0.23125112056732178,23,0.28099532071281885,0.5423963954866696,8.3651133049582,True,303,0,2.52
19.98,0.04543597022932876,1.0,0.22686459902454828,0.34020786230616795,9.280283318385267,0.051650381088256835,0.26098142544069275,0.1264485602080822,A055angS,stairs_15_down,0.1187899594000954,0.0864872932434082,0.0181330141472175,17.916013817877786,10.961077866790552,0.13244594611227511,0.6806597113609314,24,0.22999239836147123,0.5008766296376879,5.225110897040736,True,303,0,1.82
19.98,0.010813862567877874,4.0,0.3020731014491403,0.5128042029317703,6.770975898799166,0.033660305747762326,0.17646558117038286,0.08444250570144504,A055angS,stairs_15_down,0.14700138186388478,0.013429045677185059,0.005804465885729153,22.448787269484033,11.188400888013152,0.13504447316518053,0.22622644901275635,25,0.29330132813377174,0.5191871997215632,6.597486602928976,True,303,0,2.64
19.98,0.017110230749390512,4.0,0.24167921859312824,0.43854625405729436,7.005560207969658,0.06638548905961215,0.2153321151249132,0.1171013233717531,A055angS,stairs_15_down,0.11707951104577208,0.05572623014450073,0.016562859003651734,13.97281371985252,8.038104145452326,0.2776934322466453,0.522160530090332,26,0.266382364359769,0.4933217198671511,8.359973843261765,True,303,0,2.18
19.98,0.01570569596487933,1.0,0.19340667569063566,0.28078655303061617,9.887583789998324,0.06377478896640242,0.16683483334723148,0.11137126969173551,A055angS,stairs_15_down,0.1365414083322739,0.017926275730133057,0.007891113212182551,20.097297955117632,11.592961048953875,0.049827320172141,0.23035407066345215,27,0.25057448045455205,0.5202973180054383,7.358117603415633,True,303,0,1.78
19.98,0.013487195152525559,1.0,0.2234555060149514,0.3157637356251985,8.765918410792988,0.040403589134512,0.16792399087491922,0.10790742082055658,A055angS,stairs_15_down,0.14331281886381264,0.015335500240325928,0.002868398618992882,17.786561084319818,10.625160459786576,0.08766823738308933,0.22784322500228882,28,0.28649168148397763,0.550599242396333,6.27204425259332,True,303,0,1.86
19.98,0.006917126203552729,4.5,0.3203091351711814,0.5105123529191885,7.4075506317685385,0.022477235747501254,0.16434477487811316,0.08283951757359319,A055angS,stairs_15_down,0.1565984513032883,0.028716564178466797,0.006324470879999284,20.32091952501346,10.748345137922302,0.11460771486861632,0.31008273363113403,29,0.28968405130712743,0.5606383500240754,6.450202100696628,True,303,0,2.9
19.98,0.010775390170209828,3.5,0.2201359441764852,0.3130768080138775,8.375506416570515,0.0548183293431066,0.16938694716138053,0.1450419483659789,A055angS,stairs_15_down,0.1376925059818329,0.014638006687164307,0.0007583424201611657,24.810377435208565,14.080529089561763,0.021015781577831755,0.23675262928009033,30,0.20072946660658894,0.3173587908891878,5.837866935684875,True,303,0,2.3000000000000003
19.98,0.009650499205568657,3.5,0.22052245452123526,0.338940555878332,9.492624981340553,0.05834898206871003,0.16209196793353559,0.10832079385407269,A055angS,stairs_15_down,0.1392161718664322,0.0025207996368408203,0.0031788766101458763,28.117468622065953,13.704141243165953,0.08136028164105179,0.17112940549850464,31,0.25754951638971424,0.5224067968326753,7.344328828020223,True,303,0,1.96
