step,cfg_env_index,origin_type,viewer_origin_x,viewer_origin_y,viewer_origin_z,prim_x,prim_y,prim_z,target_root_x,target_root_y,target_root_z,implied_origin_x,implied_origin_y,implied_origin_z,target_dist_xy,nearest_env,nearest_dist_xy,other_near_dist_xy
1,16,asset_root,0.00044496,-2.49994,0.408877,-3.99956,-6.49994,4.40888,0.100009,-2.9271,0.398946,0.00044496,-2.49994,0.408877,0.438616,16,0.438616,2.0627
2,16,asset_root,0.100009,-2.9271,0.398946,-3.89999,-6.9271,4.39895,0.0996164,-2.92662,0.393561,0.100009,-2.9271,0.398946,0.000622553,16,0.000622553,1.65426
3,16,asset_root,0.0996164,-2.92662,0.393561,-3.90038,-6.92662,4.39356,0.0984088,-2.92557,0.384252,0.0996164,-2.92662,0.393561,0.0015988,16,0.0015988,1.65597
4,16,asset_root,0.0984088,-2.92557,0.384252,-3.90159,-6.92557,4.38425,0.0966325,-2.92546,0.373735,0.0984088,-2.92557,0.384252,0.00177994,16,0.00177994,1.65758
5,16,asset_root,0.0966325,-2.92546,0.373735,-3.90337,-6.92546,4.37373,0.0945945,-2.92719,0.363069,0.0966325,-2.92546,0.373735,0.00267319,16,0.00267319,1.65711
6,16,asset_root,0.0945945,-2.92719,0.363069,-3.90541,-6.92719,4.36307,0.093309,-2.93069,0.354066,0.0945945,-2.92719,0.363069,0.00373041,16,0.00373041,1.6533
7,16,asset_root,0.093309,-2.93069,0.354066,-3.90669,-6.93069,4.35407,0.0931841,-2.93563,0.346135,0.093309,-2.93069,0.354066,0.00493661,16,0.00493661,1.64693
8,16,asset_root,0.0931841,-2.93563,0.346135,-3.90682,-6.93563,4.34613,0.0937727,-2.94169,0.33954,0.0931841,-2.93563,0.346135,0.00609173,16,0.00609173,1.63852
9,16,asset_root,0.0937727,-2.94169,0.33954,-3.90623,-6.94169,4.33954,0.0946152,-2.94861,0.335668,0.0937727,-2.94169,0.33954,0.00697001,16,0.00697001,1.62813
10,16,asset_root,0.0946152,-2.94861,0.335668,-3.90538,-6.94861,4.33567,0.0961561,-2.95607,0.333663,0.0946152,-2.94861,0.335668,0.00761432,16,0.00761432,1.61627
11,16,asset_root,0.0961561,-2.95607,0.333663,-3.90384,-6.95607,4.33366,0.0984922,-2.96445,0.332885,0.0961561,-2.95607,0.333663,0.00870038,16,0.00870038,1.60342
12,16,asset_root,0.0984922,-2.96445,0.332885,-3.90151,-6.96445,4.33289,0.101356,-2.97371,0.333773,0.0984922,-2.96445,0.332885,0.00969696,16,0.00969696,1.58917
13,16,asset_root,0.101356,-2.97371,0.333773,-3.89864,-6.97371,4.33377,0.104932,-2.98347,0.335716,0.101356,-2.97371,0.333773,0.010392,16,0.010392,1.57299
14,16,asset_root,0.104932,-2.98347,0.335716,-3.89507,-6.98347,4.33572,0.109189,-2.99356,0.338403,0.104932,-2.98347,0.335716,0.0109561,16,0.0109561,1.55555
15,16,asset_root,0.109189,-2.99356,0.338403,-3.89081,-6.99356,4.3384,0.114018,-3.00355,0.34131,0.109189,-2.99356,0.338403,0.0110929,16,0.0110929,1.53735
16,16,asset_root,0.114018,-3.00355,0.34131,-3.88598,-7.00355,4.34131,0.118469,-3.01338,0.344083,0.114018,-3.00355,0.34131,0.0107935,16,0.0107935,1.51883
17,16,asset_root,0.118469,-3.01338,0.344083,-3.88153,-7.01338,4.34408,0.122505,-3.02337,0.347174,0.118469,-3.01338,0.344083,0.0107749,16,0.0107749,1.49998
18,16,asset_root,0.122505,-3.02337,0.347174,-3.87749,-7.02337,4.34717,0.126429,-3.03353,0.351116,0.122505,-3.02337,0.347174,0.0108876,16,0.0108876,1.48088
19,16,asset_root,0.126429,-3.03353,0.351116,-3.87357,-7.03353,4.35112,0.130239,-3.04364,0.355269,0.126429,-3.03353,0.351116,0.0108068,16,0.0108068,1.46166
20,16,asset_root,0.130239,-3.04364,0.355269,-3.86976,-7.04364,4.35527,0.134024,-3.05304,0.357131,0.130239,-3.04364,0.355269,0.010131,16,0.010131,1.44237
21,16,asset_root,0.134024,-3.05304,0.357131,-3.86598,-7.05304,4.35713,0.13737,-3.06178,0.356501,0.134024,-3.05304,0.357131,0.00935336,16,0.00935336,1.42395
22,16,asset_root,0.13737,-3.06178,0.356501,-3.86263,-7.06178,4.3565,0.139928,-3.07042,0.35393,0.13737,-3.06178,0.356501,0.00901315,16,0.00901315,1.40664
23,16,asset_root,0.139928,-3.07042,0.35393,-3.86007,-7.07042,4.35393,0.141787,-3.07932,0.350773,0.139928,-3.07042,0.35393,0.0090919,16,0.0090919,1.38972
24,16,asset_root,0.141787,-3.07932,0.350773,-3.85821,-7.07932,4.35077,0.143752,-3.08896,0.348062,0.141787,-3.07932,0.350773,0.00983803,16,0.00983803,1.37266
25,16,asset_root,0.143752,-3.08896,0.348062,-3.85625,-7.08896,4.34806,0.145864,-3.09874,0.346445,0.143752,-3.08896,0.348062,0.0100119,16,0.0100119,1.35499
26,16,asset_root,0.145864,-3.09874,0.346445,-3.85414,-7.09874,4.34645,0.148057,-3.10889,0.34523,0.145864,-3.09874,0.346445,0.0103799,16,0.0103799,1.3367
27,16,asset_root,0.148057,-3.10889,0.34523,-3.85194,-7.10889,4.34523,0.150188,-3.11963,0.34421,0.148057,-3.10889,0.34523,0.010948,16,0.010948,1.31788
28,16,asset_root,0.150188,-3.11963,0.34421,-3.84981,-7.11963,4.34421,0.15253,-3.13051,0.344673,0.150188,-3.11963,0.34421,0.0111353,16,0.0111353,1.29855
29,16,asset_root,0.15253,-3.13051,0.344673,-3.84747,-7.13051,4.34467,0.155263,-3.14158,0.346685,0.15253,-3.13051,0.344673,0.0113978,16,0.0113978,1.27914
30,16,asset_root,0.155263,-3.14158,0.346685,-3.84474,-7.14158,4.34668,0.157781,-3.15271,0.349336,0.155263,-3.14158,0.346685,0.0114097,16,0.0114097,1.25993
31,16,asset_root,0.157781,-3.15271,0.349336,-3.84222,-7.15271,4.34934,0.159756,-3.16397,0.352225,0.157781,-3.15271,0.349336,0.0114306,16,0.0114306,1.24089
32,16,asset_root,0.159756,-3.16397,0.352225,-3.84024,-7.16397,4.35222,0.161745,-3.17504,0.354827,0.159756,-3.16397,0.352225,0.011251,16,0.011251,1.22125
33,16,asset_root,0.161745,-3.17504,0.354827,-3.83825,-7.17504,4.35483,0.163745,-3.18577,0.357214,0.161745,-3.17504,0.354827,0.0109123,16,0.0109123,1.20144
34,16,asset_root,0.163745,-3.18577,0.357214,-3.83625,-7.18577,4.35721,0.16596,-3.19604,0.360145,0.163745,-3.18577,0.357214,0.0105124,16,0.0105124,1.18209
35,16,asset_root,0.16596,-3.19604,0.360145,-3.83404,-7.19604,4.36014,0.168288,-3.20601,0.363394,0.16596,-3.19604,0.360145,0.0102335,16,0.0102335,1.1633
36,16,asset_root,0.168288,-3.20601,0.363394,-3.83171,-7.20601,4.36339,0.17057,-3.21591,0.366243,0.168288,-3.20601,0.363394,0.0101645,16,0.0101645,1.14485
37,16,asset_root,0.17057,-3.21591,0.366243,-3.82943,-7.21591,4.36624,0.172602,-3.22585,0.369102,0.17057,-3.21591,0.366243,0.0101361,16,0.0101361,1.12631
38,16,asset_root,0.172602,-3.22585,0.369102,-3.8274,-7.22585,4.3691,0.174341,-3.23573,0.372269,0.172602,-3.22585,0.369102,0.0100322,16,0.0100322,1.10737
39,16,asset_root,0.174341,-3.23573,0.372269,-3.82566,-7.23573,4.37227,0.175931,-3.24558,0.376215,0.174341,-3.23573,0.372269,0.00998338,16,0.00998338,1.08842
40,16,asset_root,0.175931,-3.24558,0.376215,-3.82407,-7.24558,4.37621,0.177688,-3.25525,0.377465,0.175931,-3.24558,0.376215,0.00982347,16,0.00982347,1.07023
41,16,asset_root,0.177688,-3.25525,0.377465,-3.82231,-7.25525,4.37746,0.179118,-3.26445,0.374806,0.177688,-3.25525,0.377465,0.00931528,16,0.00931528,1.05322
42,16,asset_root,0.179118,-3.26445,0.374806,-3.82088,-7.26445,4.37481,0.17966,-3.27348,0.370637,0.179118,-3.26445,0.374806,0.00904372,16,0.00904372,1.03712
43,16,asset_root,0.17966,-3.27348,0.370637,-3.82034,-7.27348,4.37064,0.179528,-3.28274,0.367097,0.17966,-3.27348,0.370637,0.00925729,16,0.00925729,1.02093
44,16,asset_root,0.179528,-3.28274,0.367097,-3.82047,-7.28274,4.3671,0.179506,-3.29261,0.364705,0.179528,-3.28274,0.367097,0.00987675,16,0.00987675,1.0041
45,16,asset_root,0.179506,-3.29261,0.364705,-3.82049,-7.29261,4.3647,0.17943,-3.30325,0.362428,0.179506,-3.29261,0.364705,0.0106361,16,0.0106361,0.986656
46,16,asset_root,0.17943,-3.30325,0.362428,-3.82057,-7.30325,4.36243,0.179375,-3.31372,0.361704,0.17943,-3.30325,0.362428,0.0104698,16,0.0104698,0.968483
47,16,asset_root,0.179375,-3.31372,0.361704,-3.82063,-7.31372,4.3617,0.179425,-3.32392,0.362876,0.179375,-3.31372,0.361704,0.0102006,16,0.0102006,0.950484
48,16,asset_root,0.179425,-3.32392,0.362876,-3.82058,-7.32392,4.36288,0.179646,-3.33455,0.364951,0.179425,-3.32392,0.362876,0.0106317,16,0.0106317,0.933034
49,16,asset_root,0.179646,-3.33455,0.364951,-3.82035,-7.33455,4.36495,0.180062,-3.3456,0.36697,0.179646,-3.33455,0.364951,0.0110602,16,0.0110602,0.915239
50,16,asset_root,0.180062,-3.3456,0.36697,-3.81994,-7.3456,4.36697,0.180524,-3.35686,0.369494,0.180062,-3.3456,0.36697,0.0112716,16,0.0112716,0.897061
51,16,asset_root,0.180524,-3.35686,0.369494,-3.81948,-7.35686,4.36949,0.181155,-3.36794,0.371865,0.180524,-3.35686,0.369494,0.0110942,16,0.0110942,0.878394
52,16,asset_root,0.181155,-3.36794,0.371865,-3.81884,-7.36794,4.37187,0.182122,-3.37892,0.374067,0.181155,-3.36794,0.371865,0.0110233,16,0.0110233,0.859814
53,16,asset_root,0.182122,-3.37892,0.374067,-3.81788,-7.37892,4.37407,0.183421,-3.38972,0.376239,0.182122,-3.37892,0.374067,0.0108761,16,0.0108761,0.84135
54,16,asset_root,0.183421,-3.38972,0.376239,-3.81658,-7.38972,4.37624,0.184577,-3.40023,0.378846,0.183421,-3.38972,0.376239,0.0105741,16,0.0105741,0.822941
55,16,asset_root,0.184577,-3.40023,0.378846,-3.81542,-7.40023,4.37885,0.185565,-3.41059,0.381592,0.184577,-3.40023,0.378846,0.0104098,16,0.0104098,0.8049
56,16,asset_root,0.185565,-3.41059,0.381592,-3.81443,-7.41059,4.38159,0.186366,-3.42107,0.38437,0.185565,-3.41059,0.381592,0.0105102,16,0.0105102,0.787199
57,16,asset_root,0.186366,-3.42107,0.38437,-3.81363,-7.42107,4.38437,0.187099,-3.43199,0.387024,0.186366,-3.42107,0.38437,0.0109432,16,0.0109432,0.769362
58,16,asset_root,0.187099,-3.43199,0.387024,-3.8129,-7.43199,4.38702,0.187741,-3.44309,0.38932,0.187099,-3.43199,0.387024,0.011115,16,0.011115,0.750903
59,16,asset_root,0.187741,-3.44309,0.38932,-3.81226,-7.44309,4.38932,0.1883,-3.45428,0.391276,0.187741,-3.44309,0.38932,0.0112113,16,0.0112113,0.732173
60,16,asset_root,0.1883,-3.45428,0.391276,-3.8117,-7.45428,4.39128,0.188797,-3.46526,0.392682,0.1883,-3.45428,0.391276,0.0109869,16,0.0109869,0.713416
61,16,asset_root,0.188797,-3.46526,0.392682,-3.8112,-7.46526,4.39268,0.189136,-3.47578,0.393733,0.188797,-3.46526,0.392682,0.01053,16,0.01053,0.695598
62,16,asset_root,0.189136,-3.47578,0.393733,-3.81086,-7.47578,4.39373,0.189701,-3.48623,0.394188,0.189136,-3.47578,0.393733,0.0104635,16,0.0104635,0.679075
63,16,asset_root,0.189701,-3.48623,0.394188,-3.8103,-7.48623,4.39419,0.190168,-3.49661,0.39416,0.189701,-3.48623,0.394188,0.0103848,16,0.0103848,0.6635
64,16,asset_root,0.190168,-3.49661,0.39416,-3.80983,-7.49661,4.39416,0.190437,-3.50669,0.393317,0.190168,-3.49661,0.39416,0.0100854,16,0.0100854,0.648534
65,16,asset_root,0.190437,-3.50669,0.393317,-3.80956,-7.50669,4.39332,0.190596,-3.51614,0.391568,0.190437,-3.50669,0.393317,0.00945058,16,0.00945058,0.633846
66,16,asset_root,0.190596,-3.51614,0.391568,-3.8094,-7.51614,4.39157,0.190552,-3.52496,0.389406,0.190596,-3.51614,0.391568,0.0088247,16,0.0088247,0.619612
67,16,asset_root,0.190552,-3.52496,0.389406,-3.80945,-7.52496,4.38941,0.190267,-3.53319,0.387264,0.190552,-3.52496,0.389406,0.00823179,16,0.00823179,0.606145
68,16,asset_root,0.190267,-3.53319,0.387264,-3.80973,-7.53319,4.38726,0.190046,-3.54068,0.384772,0.190267,-3.53319,0.387264,0.0074927,16,0.0074927,0.593556
69,16,asset_root,0.190046,-3.54068,0.384772,-3.80995,-7.54068,4.38477,0.189634,-3.54796,0.381759,0.190046,-3.54068,0.384772,0.00729272,16,0.00729272,0.581878
70,16,asset_root,0.189634,-3.54796,0.381759,-3.81037,-7.54796,4.38176,0.189118,-3.55478,0.378728,0.189634,-3.54796,0.381759,0.00683709,16,0.00683709,0.570472
71,16,asset_root,0.189118,-3.55478,0.378728,-3.81088,-7.55478,4.37873,0.188472,-3.56108,0.376433,0.189118,-3.55478,0.378728,0.00633423,16,0.00633423,0.559788
72,16,asset_root,0.188472,-3.56108,0.376433,-3.81153,-7.56108,4.37643,0.18746,-3.56704,0.374268,0.188472,-3.56108,0.376433,0.00604666,16,0.00604666,0.549641
73,16,asset_root,0.18746,-3.56704,0.374268,-3.81254,-7.56704,4.37427,0.18604,-3.57253,0.372719,0.18746,-3.56704,0.374268,0.00567491,16,0.00567491,0.540209
74,16,asset_root,0.18604,-3.57253,0.372719,-3.81396,-7.57253,4.37272,0.184047,-3.57749,0.37182,0.18604,-3.57253,0.372719,0.00534004,16,0.00534004,0.532256
75,16,asset_root,0.184047,-3.57749,0.37182,-3.81595,-7.57749,4.37182,0.181581,-3.58204,0.371616,0.184047,-3.57749,0.37182,0.0051773,16,0.0051773,0.525938
76,16,asset_root,0.181581,-3.58204,0.371616,-3.81842,-7.58204,4.37162,0.178792,-3.58626,0.371856,0.181581,-3.58204,0.371616,0.0050603,16,0.0050603,0.520306
77,16,asset_root,0.178792,-3.58626,0.371856,-3.82121,-7.58626,4.37186,0.175726,-3.59016,0.371544,0.178792,-3.58626,0.371856,0.00496212,16,0.00496212,0.514914
78,16,asset_root,0.175726,-3.59016,0.371544,-3.82427,-7.59016,4.37154,0.172327,-3.59385,0.370634,0.175726,-3.59016,0.371544,0.00501348,16,0.00501348,0.509852
79,16,asset_root,0.172327,-3.59385,0.370634,-3.82767,-7.59385,4.37063,0.168629,-3.59742,0.369241,0.172327,-3.59385,0.370634,0.00514012,16,0.00514012,0.50535
80,16,asset_root,0.168629,-3.59742,0.369241,-3.83137,-7.59742,4.36924,0.164521,-3.60079,0.367656,0.168629,-3.59742,0.369241,0.00531314,16,0.00531314,0.501743
81,16,asset_root,0.164521,-3.60079,0.367656,-3.83548,-7.60079,4.36766,0.160408,-3.60389,0.364605,0.164521,-3.60079,0.367656,0.00515306,16,0.00515306,0.499381
82,16,asset_root,0.160408,-3.60389,0.364605,-3.83959,-7.60389,4.36461,0.156194,-3.60662,0.361899,0.160408,-3.60389,0.364605,0.00501837,16,0.00501837,0.497942
83,16,asset_root,0.156194,-3.60662,0.361899,-3.84381,-7.60662,4.3619,0.152517,-3.60916,0.35942,0.156194,-3.60662,0.361899,0.00447294,16,0.00447294,0.497127
84,16,asset_root,0.152517,-3.60916,0.35942,-3.84748,-7.60916,4.35942,0.149064,-3.61182,0.356526,0.152517,-3.60916,0.35942,0.00435845,16,0.00435845,0.496735
85,16,asset_root,0.149064,-3.61182,0.356526,-3.85094,-7.61182,4.35653,0.145109,-3.61481,0.353767,0.149064,-3.61182,0.356526,0.00495264,16,0.00495264,0.496432
86,16,asset_root,0.145109,-3.61481,0.353767,-3.85489,-7.61481,4.35377,0.141107,-3.61855,0.35098,0.145109,-3.61481,0.353767,0.00547927,16,0.00547927,0.496189
87,16,asset_root,0.141107,-3.61855,0.35098,-3.85889,-7.61855,4.35098,0.137365,-3.62308,0.348555,0.141107,-3.61855,0.35098,0.00587667,16,0.00587667,0.495573
88,16,asset_root,0.137365,-3.62308,0.348555,-3.86263,-7.62308,4.34855,0.133719,-3.62837,0.346916,0.137365,-3.62308,0.348555,0.00642238,16,0.00642238,0.494688
89,16,asset_root,0.133719,-3.62837,0.346916,-3.86628,-7.62837,4.34692,0.130243,-3.63418,0.346667,0.133719,-3.62837,0.346916,0.00677248,16,0.00677248,0.493636
90,16,asset_root,0.130243,-3.63418,0.346667,-3.86976,-7.63418,4.34667,0.126657,-3.6408,0.347528,0.130243,-3.63418,0.346667,0.00753181,16,0.00753181,0.492873
91,16,asset_root,0.126657,-3.6408,0.347528,-3.87334,-7.6408,4.34753,0.122877,-3.64813,0.349221,0.126657,-3.6408,0.347528,0.00824281,16,0.00824281,0.492255
92,16,asset_root,0.122877,-3.64813,0.349221,-3.87712,-7.64813,4.34922,0.11941,-3.65619,0.350592,0.122877,-3.64813,0.349221,0.00877949,16,0.00877949,0.49175
93,16,asset_root,0.11941,-3.65619,0.350592,-3.88059,-7.65619,4.35059,0.116252,-3.66498,0.351821,0.11941,-3.65619,0.350592,0.00933842,16,0.00933842,0.49119
94,16,asset_root,0.116252,-3.66498,0.351821,-3.88375,-7.66498,4.35182,0.113366,-3.67389,0.354327,0.116252,-3.66498,0.351821,0.00936375,16,0.00936375,0.49079
95,16,asset_root,0.113366,-3.67389,0.354327,-3.88663,-7.67389,4.35433,0.110287,-3.68296,0.357851,0.113366,-3.67389,0.354327,0.00958135,16,0.00958135,0.490993
96,16,asset_root,0.110287,-3.68296,0.357851,-3.88971,-7.68296,4.35785,0.106922,-3.69212,0.362132,0.110287,-3.68296,0.357851,0.0097563,16,0.0097563,0.492005
97,16,asset_root,0.106922,-3.69212,0.362132,-3.89308,-7.69212,4.36213,0.103445,-3.70147,0.366384,0.106922,-3.69212,0.362132,0.00997744,16,0.00997744,0.493663
98,16,asset_root,0.103445,-3.70147,0.366384,-3.89655,-7.70147,4.36638,0.100262,-3.71102,0.370095,0.103445,-3.70147,0.366384,0.0100677,16,0.0100677,0.495734
99,16,asset_root,0.100262,-3.71102,0.370095,-3.89974,-7.71102,4.37009,0.0973006,-3.72047,0.373689,0.100262,-3.71102,0.370095,0.00990368,16,0.00990368,0.498024
100,16,asset_root,0.0973006,-3.72047,0.373689,-3.9027,-7.72047,4.37369,0.0945889,-3.73012,0.37728,0.0973006,-3.72047,0.373689,0.0100194,16,0.0100194,0.500566
101,16,asset_root,0.0945889,-3.73012,0.37728,-3.90541,-7.73012,4.37728,0.0921036,-3.73994,0.380874,0.0945889,-3.73012,0.37728,0.0101273,16,0.0101273,0.503442
102,16,asset_root,0.0921036,-3.73994,0.380874,-3.9079,-7.73994,4.38087,0.0896981,-3.74971,0.38294,0.0921036,-3.73994,0.380874,0.0100679,16,0.0100679,0.506904
103,16,asset_root,0.0896981,-3.74971,0.38294,-3.9103,-7.74971,4.38294,0.0872494,-3.75932,0.381031,0.0896981,-3.74971,0.38294,0.0099096,16,0.0099096,0.511322
104,16,asset_root,0.0872494,-3.75932,0.381031,-3.91275,-7.75932,4.38103,0.0842777,-3.76803,0.377673,0.0872494,-3.75932,0.381031,0.00920359,16,0.00920359,0.516589
105,16,asset_root,0.0842777,-3.76803,0.377673,-3.91572,-7.76803,4.37767,0.0806543,-3.77593,0.37443,0.0842777,-3.76803,0.377673,0.00869586,16,0.00869586,0.5234
106,16,asset_root,0.0806543,-3.77593,0.37443,-3.91935,-7.77593,4.37443,0.0765442,-3.78364,0.37027,0.0806543,-3.77593,0.37443,0.00873353,16,0.00873353,0.531353
107,16,asset_root,0.0765442,-3.78364,0.37027,-3.92346,-7.78364,4.37027,0.0722457,-3.79181,0.366676,0.0765442,-3.78364,0.37027,0.00923254,16,0.00923254,0.539904
108,16,asset_root,0.0722457,-3.79181,0.366676,-3.92775,-7.79181,4.36668,0.0682649,-3.80071,0.364527,0.0722457,-3.79181,0.366676,0.00975554,16,0.00975554,0.548784
109,16,asset_root,0.0682649,-3.80071,0.364527,-3.93174,-7.80071,4.36453,0.0643109,-3.80996,0.362925,0.0682649,-3.80071,0.364527,0.0100583,16,0.0100583,0.557869
110,16,asset_root,0.0643109,-3.80996,0.362925,-3.93569,-7.80996,4.36293,0.0601008,-3.81933,0.361602,0.0643109,-3.80996,0.362925,0.0102683,16,0.0102683,0.567686
111,16,asset_root,0.0601008,-3.81933,0.361602,-3.9399,-7.81933,4.3616,0.0556447,-3.8287,0.360821,0.0601008,-3.81933,0.361602,0.0103796,16,0.0103796,0.578003
112,16,asset_root,0.0556447,-3.8287,0.360821,-3.94436,-7.8287,4.36082,0.0510089,-3.83767,0.360617,0.0556447,-3.8287,0.360821,0.0100908,16,0.0100908,0.588737
113,16,asset_root,0.0510089,-3.83767,0.360617,-3.94899,-7.83767,4.36062,0.0461619,-3.84637,0.362172,0.0510089,-3.83767,0.360617,0.00996045,16,0.00996045,0.599945
114,16,asset_root,0.0461619,-3.84637,0.362172,-3.95384,-7.84637,4.36217,0.0407532,-3.85547,0.365245,0.0461619,-3.84637,0.362172,0.0105889,16,0.0105889,0.611616
115,16,asset_root,0.0407532,-3.85547,0.365245,-3.95925,-7.85547,4.36525,0.0350756,-3.86468,0.367622,0.0407532,-3.85547,0.365245,0.0108169,16,0.0108169,0.624004
116,16,asset_root,0.0350756,-3.86468,0.367622,-3.96492,-7.86468,4.36762,0.029634,-3.87383,0.369443,0.0350756,-3.86468,0.367622,0.0106495,16,0.0106495,0.637075
117,16,asset_root,0.029634,-3.87383,0.369443,-3.97037,-7.87383,4.36944,0.0241477,-3.88279,0.371648,0.029634,-3.87383,0.369443,0.0105044,16,0.0105044,0.650327
118,16,asset_root,0.0241477,-3.88279,0.371648,-3.97585,-7.88279,4.37165,0.0185908,-3.89187,0.374145,0.0241477,-3.88279,0.371648,0.0106443,16,0.0106443,0.663922
119,16,asset_root,0.0185908,-3.89187,0.374145,-3.98141,-7.89187,4.37414,0.0126909,-3.90086,0.376865,0.0185908,-3.89187,0.374145,0.0107585,16,0.0107585,0.677913
120,16,asset_root,0.0126909,-3.90086,0.376865,-3.98731,-7.90086,4.37686,0.00661079,-3.90966,0.379952,0.0126909,-3.90086,0.376865,0.0106881,16,0.0106881,0.69262
121,16,asset_root,0.00661079,-3.90966,0.379952,-3.99339,-7.90966,4.37995,0.000608221,-3.91808,0.382795,0.00661079,-3.90966,0.379952,0.0103475,16,0.0103475,0.708046
122,16,asset_root,0.000608221,-3.91808,0.382795,-3.99939,-7.91808,4.3828,-0.00557479,-3.92648,0.385938,0.000608221,-3.91808,0.382795,0.010426,16,0.010426,0.72384
123,16,asset_root,-0.00557479,-3.92648,0.385938,-4.00557,-7.92648,4.38594,-0.0120069,-3.93508,0.388886,-0.00557479,-3.92648,0.385938,0.010738,16,0.010738,0.73995
124,16,asset_root,-0.0120069,-3.93508,0.388886,-4.01201,-7.93508,4.38889,-0.018279,-3.94332,0.389797,-0.0120069,-3.93508,0.388886,0.0103566,16,0.0103566,0.756503
125,16,asset_root,-0.018279,-3.94332,0.389797,-4.01828,-7.94332,4.3898,-0.02407,-3.95076,0.38891,-0.018279,-3.94332,0.389797,0.0094299,16,0.0094299,0.77345
126,16,asset_root,-0.02407,-3.95076,0.38891,-4.02407,-7.95076,4.38891,-0.029879,-3.95762,0.386981,-0.02407,-3.95076,0.38891,0.00899219,16,0.00899219,0.79027
127,16,asset_root,-0.029879,-3.95762,0.386981,-4.02988,-7.95762,4.38698,-0.0359204,-3.96431,0.387212,-0.029879,-3.95762,0.386981,0.00901102,16,0.00901102,0.806645
128,16,asset_root,-0.0359204,-3.96431,0.387212,-4.03592,-7.96431,4.38721,-0.0419201,-3.97121,0.388288,-0.0359204,-3.96431,0.387212,0.0091446,16,0.0091446,0.822307
129,16,asset_root,-0.0419201,-3.97121,0.388288,-4.04192,-7.97121,4.38829,-0.0479242,-3.97868,0.389413,-0.0419201,-3.97121,0.388288,0.00958003,16,0.00958003,0.837436
130,16,asset_root,-0.0479242,-3.97868,0.389413,-4.04792,-7.97868,4.38941,-0.0542167,-3.98643,0.390218,-0.0479242,-3.97868,0.389413,0.00998309,16,0.00998309,0.852622
131,16,asset_root,-0.0542167,-3.98643,0.390218,-4.05422,-7.98643,4.39022,-0.0603445,-3.99374,0.389313,-0.0542167,-3.98643,0.390218,0.00953766,16,0.00953766,0.868679
132,16,asset_root,-0.0603445,-3.99374,0.389313,-4.06034,-7.99374,4.38931,-0.0663353,-4.00057,0.388071,-0.0603445,-3.99374,0.389313,0.00908545,16,0.00908545,0.885463
133,16,asset_root,-0.0663353,-4.00057,0.388071,-4.06634,-8.00057,4.38807,-0.072025,-4.00692,0.386293,-0.0663353,-4.00057,0.388071,0.00852762,16,0.00852762,0.902585
134,16,asset_root,-0.072025,-4.00692,0.386293,-4.07203,-8.00692,4.38629,-0.0771095,-4.01293,0.381243,-0.072025,-4.00692,0.386293,0.00787371,16,0.00787371,0.919374
135,16,asset_root,-0.0771095,-4.01293,0.381243,-4.07711,-8.01293,4.38124,-0.0821511,-4.01819,0.37506,-0.0771095,-4.01293,0.381243,0.00728632,16,0.00728632,0.935036
136,16,asset_root,-0.0821511,-4.01819,0.37506,-4.08215,-8.01819,4.37506,-0.0872501,-4.02282,0.370713,-0.0821511,-4.01819,0.37506,0.00689039,16,0.00689039,0.950299
137,16,asset_root,-0.0872501,-4.02282,0.370713,-4.08725,-8.02282,4.37071,-0.0925929,-4.02749,0.367399,-0.0872501,-4.02282,0.370713,0.00709488,16,0.00709488,0.965745
138,16,asset_root,-0.0925929,-4.02749,0.367399,-4.09259,-8.02749,4.3674,-0.0983581,-4.03256,0.364546,-0.0925929,-4.02749,0.367399,0.0076741,16,0.0076741,0.98167
139,16,asset_root,-0.0983581,-4.03256,0.364546,-4.09836,-8.03256,4.36455,-0.1046,-4.03842,0.362235,-0.0983581,-4.03256,0.364546,0.00856216,16,0.00856216,0.997941
140,16,asset_root,-0.1046,-4.03842,0.362235,-4.1046,-8.03842,4.36224,-0.111225,-4.04522,0.360494,-0.1046,-4.03842,0.362235,0.00949403,16,0.00949403,1.01472
141,16,asset_root,-0.111225,-4.04522,0.360494,-4.11122,-8.04522,4.36049,-0.117953,-4.05258,0.35977,-0.111225,-4.04522,0.360494,0.00997357,16,0.00997357,1.03214
142,16,asset_root,-0.117953,-4.05258,0.35977,-4.11795,-8.05258,4.35977,-0.125066,-4.05996,0.359356,-0.117953,-4.05258,0.35977,0.0102454,16,0.0102454,1.05004
143,16,asset_root,-0.125066,-4.05996,0.359356,-4.12507,-8.05996,4.35936,-0.132161,-4.06726,0.360686,-0.125066,-4.05996,0.359356,0.0101828,16,0.0101828,1.06851
144,16,asset_root,-0.132161,-4.06726,0.360686,-4.13216,-8.06726,4.36069,-0.139146,-4.07494,0.36314,-0.132161,-4.06726,0.360686,0.0103816,16,0.0103816,1.08687
145,16,asset_root,-0.139146,-4.07494,0.36314,-4.13915,-8.07494,4.36314,-0.146009,-4.08266,0.365473,-0.139146,-4.07494,0.36314,0.0103312,16,0.0103312,1.10489
146,16,asset_root,-0.146009,-4.08266,0.365473,-4.14601,-8.08266,4.36547,-0.15256,-4.09003,0.368107,-0.146009,-4.08266,0.365473,0.00985542,16,0.00985542,1.1226
147,16,asset_root,-0.15256,-4.09003,0.368107,-4.15256,-8.09003,4.36811,-0.159033,-4.09717,0.370904,-0.15256,-4.09003,0.368107,0.00964401,16,0.00964401,1.14002
148,16,asset_root,-0.159033,-4.09717,0.370904,-4.15903,-8.09717,4.3709,-0.165569,-4.10434,0.373878,-0.159033,-4.09717,0.370904,0.00969938,16,0.00969938,1.15439
149,16,asset_root,-0.165569,-4.10434,0.373878,-4.16557,-8.10434,4.37388,-0.172379,-4.11175,0.376451,-0.165569,-4.10434,0.373878,0.0100624,16,0.0100624,1.14177
150,16,asset_root,-0.172379,-4.11175,0.376451,-4.17238,-8.11175,4.37645,-0.179363,-4.11947,0.37875,-0.172379,-4.11175,0.376451,0.0104149,16,0.0104149,1.12875
151,16,asset_root,-0.179363,-4.11947,0.37875,-4.17936,-8.11947,4.37875,-0.18636,-4.12743,0.38163,-0.179363,-4.11947,0.37875,0.0105948,16,0.0105948,1.11502
152,16,asset_root,-0.18636,-4.12743,0.38163,-4.18636,-8.12743,4.38163,-0.193257,-4.13526,0.382585,-0.18636,-4.12743,0.38163,0.0104344,16,0.0104344,1.10095
153,16,asset_root,-0.193257,-4.13526,0.382585,-4.19326,-8.13526,4.38258,-0.199781,-4.1425,0.380219,-0.193257,-4.13526,0.382585,0.00974259,16,0.00974259,1.08728
154,16,asset_root,-0.199781,-4.1425,0.380219,-4.19978,-8.1425,4.38022,-0.20699,-4.1492,0.376541,-0.199781,-4.1425,0.380219,0.00984098,16,0.00984098,1.07441
155,16,asset_root,-0.20699,-4.1492,0.376541,-4.20699,-8.1492,4.37654,-0.214851,-4.15555,0.371905,-0.20699,-4.1492,0.376541,0.0101076,16,0.0101076,1.06148
156,16,asset_root,-0.214851,-4.15555,0.371905,-4.21485,-8.15555,4.37191,-0.223215,-4.16215,0.367939,-0.214851,-4.15555,0.371905,0.0106544,16,0.0106544,1.04877
157,16,asset_root,-0.223215,-4.16215,0.367939,-4.22322,-8.16215,4.36794,-0.231586,-4.16901,0.365694,-0.223215,-4.16215,0.367939,0.0108242,16,0.0108242,1.03604
158,16,asset_root,-0.231586,-4.16901,0.365694,-4.23159,-8.16901,4.36569,-0.239818,-4.1761,0.365085,-0.231586,-4.16901,0.365694,0.010863,16,0.010863,1.02345
159,16,asset_root,-0.239818,-4.1761,0.365085,-4.23982,-8.1761,4.36509,-0.248131,-4.18291,0.365366,-0.239818,-4.1761,0.365085,0.0107469,16,0.0107469,1.01055
160,16,asset_root,-0.248131,-4.18291,0.365366,-4.24813,-8.18291,4.36537,-0.256161,-4.18938,0.367453,-0.248131,-4.18291,0.365366,0.0103097,16,0.0103097,0.997271
161,16,asset_root,-0.256161,-4.18938,0.367453,-4.25616,-8.18938,4.36745,-0.263925,-4.19586,0.37091,-0.256161,-4.18938,0.367453,0.010118,16,0.010118,0.984263
162,16,asset_root,-0.263925,-4.19586,0.37091,-4.26392,-8.19586,4.37091,-0.272112,-4.20262,0.373801,-0.263925,-4.19586,0.37091,0.0106178,16,0.0106178,0.971544
163,16,asset_root,-0.272112,-4.20262,0.373801,-4.27211,-8.20262,4.3738,-0.28039,-4.20936,0.375987,-0.272112,-4.20262,0.373801,0.0106731,16,0.0106731,0.958517
164,16,asset_root,-0.28039,-4.20936,0.375987,-4.28039,-8.20936,4.37599,-0.288481,-4.216,0.378381,-0.28039,-4.20936,0.375987,0.0104637,16,0.0104637,0.945578
165,16,asset_root,-0.288481,-4.216,0.378381,-4.28848,-8.216,4.37838,-0.296591,-4.22267,0.380879,-0.288481,-4.216,0.378381,0.0105041,16,0.0105041,0.933153
166,16,asset_root,-0.296591,-4.22267,0.380879,-4.29659,-8.22267,4.38088,-0.304712,-4.22936,0.38296,-0.296591,-4.22267,0.380879,0.010518,16,0.010518,0.92078
167,16,asset_root,-0.304712,-4.22936,0.38296,-4.30471,-8.22936,4.38296,-0.312814,-4.2357,0.38535,-0.304712,-4.22936,0.38296,0.0102904,16,0.0102904,0.908714
168,16,asset_root,-0.312814,-4.2357,0.38535,-4.31281,-8.2357,4.38535,-0.321075,-4.24188,0.388535,-0.312814,-4.2357,0.38535,0.0103158,16,0.0103158,0.897129
169,16,asset_root,-0.321075,-4.24188,0.388535,-4.32107,-8.24188,4.38854,-0.329626,-4.24834,0.392116,-0.321075,-4.24188,0.388535,0.0107155,16,0.0107155,0.885747
170,16,asset_root,-0.329626,-4.24834,0.392116,-4.32963,-8.24834,4.39212,-0.338033,-4.25472,0.393446,-0.329626,-4.24834,0.392116,0.0105531,16,0.0105531,0.874317
171,16,asset_root,-0.338033,-4.25472,0.393446,-4.33803,-8.25472,4.39345,-0.346006,-4.26057,0.391492,-0.338033,-4.25472,0.393446,0.00989169,16,0.00989169,0.863275
172,16,asset_root,-0.346006,-4.26057,0.391492,-4.34601,-8.26057,4.39149,-0.353758,-4.26572,0.388183,-0.346006,-4.26057,0.391492,0.009308,16,0.009308,0.853609
173,16,asset_root,-0.353758,-4.26572,0.388183,-4.35376,-8.26572,4.38818,-0.361424,-4.26997,0.385865,-0.353758,-4.26572,0.388183,0.00876492,16,0.00876492,0.845005
174,16,asset_root,-0.361424,-4.26997,0.385865,-4.36142,-8.26997,4.38587,-0.369356,-4.27412,0.38561,-0.361424,-4.26997,0.385865,0.00895211,16,0.00895211,0.837435
175,16,asset_root,-0.369356,-4.27412,0.38561,-4.36936,-8.27412,4.38561,-0.377754,-4.27867,0.387134,-0.369356,-4.27412,0.38561,0.00955023,16,0.00955023,0.830108
176,16,asset_root,-0.377754,-4.27867,0.387134,-4.37775,-8.27867,4.38713,-0.386331,-4.28354,0.388869,-0.377754,-4.27867,0.387134,0.0098643,16,0.0098643,0.822491
177,16,asset_root,-0.386331,-4.28354,0.388869,-4.38633,-8.28354,4.38887,-0.395238,-4.28844,0.390212,-0.386331,-4.28354,0.388869,0.0101649,16,0.0101649,0.814704
178,16,asset_root,-0.395238,-4.28844,0.390212,-4.39524,-8.28844,4.39021,-0.404427,-4.29333,0.391698,-0.395238,-4.28844,0.390212,0.010407,16,0.010407,0.806767
179,16,asset_root,-0.404427,-4.29333,0.391698,-4.40443,-8.29333,4.3917,-0.413833,-4.29821,0.393354,-0.404427,-4.29333,0.391698,0.0105977,16,0.0105977,0.798673
180,16,asset_root,-0.413833,-4.29821,0.393354,-4.41383,-8.29821,4.39335,-0.422907,-4.30311,0.393266,-0.413833,-4.29821,0.393354,0.0103118,16,0.0103118,0.790796
181,16,asset_root,-0.422907,-4.30311,0.393266,-4.42291,-8.30311,4.39327,-0.431331,-4.30759,0.390912,-0.422907,-4.30311,0.393266,0.00954133,16,0.00954133,0.783818
182,16,asset_root,-0.431331,-4.30759,0.390912,-4.43133,-8.30759,4.39091,-0.439241,-4.31134,0.386784,-0.431331,-4.30759,0.390912,0.00875356,16,0.00875356,0.777952
183,16,asset_root,-0.439241,-4.31134,0.386784,-4.43924,-8.31134,4.38678,-0.447175,-4.31426,0.382594,-0.439241,-4.31134,0.386784,0.0084568,16,0.0084568,0.773513
184,16,asset_root,-0.447175,-4.31426,0.382594,-4.44718,-8.31426,4.38259,-0.455094,-4.31704,0.379998,-0.447175,-4.31426,0.382594,0.00839162,16,0.00839162,0.770321
185,16,asset_root,-0.455094,-4.31704,0.379998,-4.45509,-8.31704,4.38,-0.46335,-4.32012,0.378104,-0.455094,-4.31704,0.379998,0.00881081,16,0.00881081,0.767307
186,16,asset_root,-0.46335,-4.32012,0.378104,-4.46335,-8.32012,4.3781,-0.472299,-4.32335,0.376506,-0.46335,-4.32012,0.378104,0.00951322,16,0.00951322,0.764049
187,16,asset_root,-0.472299,-4.32335,0.376506,-4.4723,-8.32335,4.37651,-0.48191,-4.32639,0.374979,-0.472299,-4.32335,0.376506,0.0100831,16,0.0100831,0.760614
188,16,asset_root,-0.48191,-4.32639,0.374979,-4.48191,-8.32639,4.37498,-0.491817,-4.32928,0.374892,-0.48191,-4.32639,0.374979,0.01032,16,0.01032,0.757407
189,16,asset_root,-0.491817,-4.32928,0.374892,-4.49182,-8.32928,4.37489,-0.502113,-4.3321,0.37531,-0.491817,-4.32928,0.374892,0.0106755,16,0.0106755,0.754796
190,16,asset_root,-0.502113,-4.3321,0.37531,-4.50211,-8.3321,4.37531,-0.51233,-4.33482,0.376052,-0.502113,-4.3321,0.37531,0.0105707,16,0.0105707,0.752767
191,16,asset_root,-0.51233,-4.33482,0.376052,-4.51233,-8.33482,4.37605,-0.522581,-4.33782,0.377438,-0.51233,-4.33482,0.376052,0.0106809,16,0.0106809,0.751215
192,16,asset_root,-0.522581,-4.33782,0.377438,-4.52258,-8.33782,4.37744,-0.533032,-4.34109,0.379053,-0.522581,-4.33782,0.377438,0.010952,16,0.010952,0.74983
193,16,asset_root,-0.533032,-4.34109,0.379053,-4.53303,-8.34109,4.37905,-0.543303,-4.34438,0.380709,-0.533032,-4.34109,0.379053,0.0107857,16,0.0107857,0.748565
194,16,asset_root,-0.543303,-4.34438,0.380709,-4.5433,-8.34438,4.38071,-0.553563,-4.34748,0.382453,-0.543303,-4.34438,0.380709,0.0107155,16,0.0107155,0.747875
195,16,asset_root,-0.553563,-4.34748,0.382453,-4.55356,-8.34748,4.38245,-0.563911,-4.35064,0.38479,-0.553563,-4.34748,0.382453,0.0108215,16,0.0108215,0.747466
196,16,asset_root,-0.563911,-4.35064,0.38479,-4.56391,-8.35064,4.38479,-0.574456,-4.35366,0.387899,-0.563911,-4.35064,0.38479,0.0109696,16,0.0109696,0.746988
197,16,asset_root,-0.574456,-4.35366,0.387899,-4.57446,-8.35366,4.3879,-0.584687,-4.35669,0.390383,-0.574456,-4.35366,0.387899,0.0106689,16,0.0106689,0.746798
198,16,asset_root,-0.584687,-4.35669,0.390383,-4.58469,-8.35669,4.39038,-0.594175,-4.35947,0.390279,-0.584687,-4.35669,0.390383,0.00988685,16,0.00988685,0.747098
199,16,asset_root,-0.594175,-4.35947,0.390279,-4.59417,-8.35947,4.39028,-0.603077,-4.36223,0.386519,-0.594175,-4.35947,0.390279,0.00932256,16,0.00932256,0.748201
200,16,asset_root,-0.603077,-4.36223,0.386519,-4.60308,-8.36223,4.38652,-0.612011,-4.36427,0.380817,-0.603077,-4.36223,0.386519,0.00916288,16,0.00916288,0.749877
201,16,asset_root,-0.612011,-4.36427,0.380817,-4.61201,-8.36427,4.38082,-0.621279,-4.36565,0.37506,-0.612011,-4.36427,0.380817,0.0093707,16,0.0093707,0.752486
202,16,asset_root,-0.621279,-4.36565,0.37506,-4.62128,-8.36565,4.37506,-0.63112,-4.36729,0.370521,-0.621279,-4.36565,0.37506,0.0099757,16,0.0099757,0.756285
203,16,asset_root,-0.63112,-4.36729,0.370521,-4.63112,-8.36729,4.37052,-0.64178,-4.36938,0.367254,-0.63112,-4.36729,0.370521,0.0108625,16,0.0108625,0.760295
204,16,asset_root,-0.64178,-4.36938,0.367254,-4.64178,-8.36938,4.36725,-0.652427,-4.37193,0.366264,-0.64178,-4.36938,0.367254,0.0109494,16,0.0109494,0.763938
205,16,asset_root,-0.652427,-4.37193,0.366264,-4.65243,-8.37193,4.36626,-0.662957,-4.37481,0.367123,-0.652427,-4.37193,0.366264,0.0109157,16,0.0109157,0.76756
206,16,asset_root,-0.662957,-4.37481,0.367123,-4.66296,-8.37481,4.36712,-0.673566,-4.37721,0.367972,-0.662957,-4.37481,0.367123,0.0108762,16,0.0108762,0.771286
207,16,asset_root,-0.673566,-4.37721,0.367972,-4.67357,-8.37721,4.36797,-0.683803,-4.37942,0.37025,-0.673566,-4.37721,0.367972,0.0104737,16,0.0104737,0.775999
208,16,asset_root,-0.683803,-4.37942,0.37025,-4.6838,-8.37942,4.37025,-0.693822,-4.38199,0.372819,-0.683803,-4.37942,0.37025,0.0103432,16,0.0103432,0.780982
209,16,asset_root,-0.693822,-4.38199,0.372819,-4.69382,-8.38199,4.37282,-0.70369,-4.38467,0.375715,-0.693822,-4.38199,0.372819,0.0102263,16,0.0102263,0.785624
210,16,asset_root,-0.70369,-4.38467,0.375715,-4.70369,-8.38467,4.37571,-0.713511,-4.38749,0.378464,-0.70369,-4.38467,0.375715,0.0102183,16,0.0102183,0.790706
211,16,asset_root,-0.713511,-4.38749,0.378464,-4.71351,-8.38749,4.37846,-0.723372,-4.39033,0.381052,-0.713511,-4.38749,0.378464,0.0102602,16,0.0102602,0.796296
212,16,asset_root,-0.723372,-4.39033,0.381052,-4.72337,-8.39033,4.38105,-0.733123,-4.39289,0.384036,-0.723372,-4.39033,0.381052,0.0100828,16,0.0100828,0.80244
213,16,asset_root,-0.733123,-4.39289,0.384036,-4.73312,-8.39289,4.38404,-0.742819,-4.39543,0.387076,-0.733123,-4.39289,0.384036,0.0100238,16,0.0100238,0.809659
214,16,asset_root,-0.742819,-4.39543,0.387076,-4.74282,-8.39543,4.38708,-0.752766,-4.39802,0.389754,-0.742819,-4.39543,0.387076,0.0102767,16,0.0102767,0.817077
215,16,asset_root,-0.752766,-4.39802,0.389754,-4.75277,-8.39802,4.38975,-0.763005,-4.40056,0.392567,-0.752766,-4.39802,0.389754,0.0105507,16,0.0105507,0.824168
216,16,asset_root,-0.763005,-4.40056,0.392567,-4.763,-8.40056,4.39257,-0.773646,-4.40306,0.395387,-0.763005,-4.40056,0.392567,0.0109306,16,0.0109306,0.830983
217,16,asset_root,-0.773646,-4.40306,0.395387,-4.77365,-8.40306,4.39539,-0.784041,-4.40566,0.396791,-0.773646,-4.40306,0.395387,0.0107136,16,0.0107136,0.837886
218,16,asset_root,-0.784041,-4.40566,0.396791,-4.78404,-8.40566,4.39679,-0.794009,-4.40819,0.395968,-0.784041,-4.40566,0.396791,0.0102853,16,0.0102853,0.844804
219,16,asset_root,-0.794009,-4.40819,0.395968,-4.79401,-8.40819,4.39597,-0.803399,-4.41052,0.391677,-0.794009,-4.40819,0.395968,0.0096742,16,0.0096742,0.851887
220,16,asset_root,-0.803399,-4.41052,0.391677,-4.8034,-8.41052,4.39168,-0.812966,-4.41226,0.38522,-0.803399,-4.41052,0.391677,0.00972443,16,0.00972443,0.859129
221,16,asset_root,-0.812966,-4.41226,0.38522,-4.81297,-8.41226,4.38522,-0.823085,-4.41362,0.379701,-0.812966,-4.41226,0.38522,0.0102096,16,0.0102096,0.867261
222,16,asset_root,-0.823085,-4.41362,0.379701,-4.82308,-8.41362,4.3797,-0.83329,-4.41515,0.376751,-0.823085,-4.41362,0.379701,0.0103195,16,0.0103195,0.876551
223,16,asset_root,-0.83329,-4.41515,0.376751,-4.83329,-8.41515,4.37675,-0.843749,-4.41667,0.374924,-0.83329,-4.41515,0.376751,0.0105686,16,0.0105686,0.886204
224,16,asset_root,-0.843749,-4.41667,0.374924,-4.84375,-8.41667,4.37492,-0.854979,-4.41801,0.37424,-0.843749,-4.41667,0.374924,0.0113096,16,0.0113096,0.896723
225,16,asset_root,-0.854979,-4.41801,0.37424,-4.85498,-8.41801,4.37424,-0.866447,-4.41901,0.375424,-0.854979,-4.41801,0.37424,0.0115119,16,0.0115119,0.908129
226,16,asset_root,-0.866447,-4.41901,0.375424,-4.86645,-8.41901,4.37542,-0.877701,-4.41994,0.378561,-0.866447,-4.41901,0.375424,0.0112928,16,0.0112928,0.91984
227,16,asset_root,-0.877701,-4.41994,0.378561,-4.8777,-8.41994,4.37856,-0.888575,-4.42096,0.381625,-0.877701,-4.41994,0.378561,0.0109219,16,0.0109219,0.931786
228,16,asset_root,-0.888575,-4.42096,0.381625,-4.88858,-8.42096,4.38163,-0.899116,-4.42179,0.384791,-0.888575,-4.42096,0.381625,0.0105736,16,0.0105736,0.94368
229,16,asset_root,-0.899116,-4.42179,0.384791,-4.89912,-8.42179,4.38479,-0.90962,-4.42244,0.387952,-0.899116,-4.42179,0.384791,0.0105239,16,0.0105239,0.955972
230,16,asset_root,-0.90962,-4.42244,0.387952,-4.90962,-8.42244,4.38795,-0.920532,-4.4231,0.391076,-0.90962,-4.42244,0.387952,0.0109314,16,0.0109314,0.968549
231,16,asset_root,-0.920532,-4.4231,0.391076,-4.92053,-8.4231,4.39108,-0.931651,-4.42381,0.394315,-0.920532,-4.4231,0.391076,0.0111416,16,0.0111416,0.981091
232,16,asset_root,-0.931651,-4.42381,0.394315,-4.93165,-8.42381,4.39431,-0.942926,-4.42449,0.397349,-0.931651,-4.42381,0.394315,0.0112955,16,0.0112955,0.993614
233,16,asset_root,-0.942926,-4.42449,0.397349,-4.94293,-8.42449,4.39735,-0.954031,-4.42521,0.397762,-0.942926,-4.42449,0.397349,0.0111286,16,0.0111286,1.00604
234,16,asset_root,-0.954031,-4.42521,0.397762,-4.95403,-8.42521,4.39776,-0.964505,-4.42583,0.39599,-0.954031,-4.42521,0.397762,0.0104925,16,0.0104925,1.0179
235,16,asset_root,-0.964505,-4.42583,0.39599,-4.96451,-8.42583,4.39599,-0.974408,-4.4262,0.393582,-0.964505,-4.42583,0.39599,0.00990935,16,0.00990935,1.02975
236,16,asset_root,-0.974408,-4.4262,0.393582,-4.97441,-8.4262,4.39358,-0.984039,-4.426,0.391973,-0.974408,-4.4262,0.393582,0.00963316,16,0.00963316,1.04199
237,16,asset_root,-0.984039,-4.426,0.391973,-4.98404,-8.426,4.39197,-0.99369,-4.4255,0.392742,-0.984039,-4.426,0.391973,0.00966372,16,0.00966372,1.05466
238,16,asset_root,-0.99369,-4.4255,0.392742,-4.99369,-8.4255,4.39274,-1.00335,-4.42496,0.394284,-0.99369,-4.4255,0.392742,0.00967369,16,0.00967369,1.06747
239,16,asset_root,-1.00335,-4.42496,0.394284,-5.00335,-8.42496,4.39428,-1.0127,-4.42439,0.394315,-1.00335,-4.42496,0.394284,0.00936994,16,0.00936994,1.0802
240,16,asset_root,-1.0127,-4.42439,0.394315,-5.0127,-8.42439,4.39431,-1.02164,-4.42363,0.393034,-1.0127,-4.42439,0.394315,0.00897212,16,0.00897212,1.09307
241,16,asset_root,-1.02164,-4.42363,0.393034,-5.02164,-8.42363,4.39303,-1.02994,-4.4227,0.390874,-1.02164,-4.42363,0.393034,0.00835062,16,0.00835062,1.1063
242,16,asset_root,-1.02994,-4.4227,0.390874,-5.02994,-8.4227,4.39087,-1.03774,-4.42156,0.38862,-1.02994,-4.4227,0.390874,0.00788353,16,0.00788353,1.11981
243,16,asset_root,-1.03774,-4.42156,0.38862,-5.03774,-8.42156,4.38862,-1.04512,-4.42023,0.385658,-1.03774,-4.42156,0.38862,0.00749504,16,0.00749504,1.13362
244,16,asset_root,-1.04512,-4.42023,0.385658,-5.04512,-8.42023,4.38566,-1.05205,-4.41876,0.382704,-1.04512,-4.42023,0.385658,0.00709162,16,0.00709162,1.14746
245,16,asset_root,-1.05205,-4.41876,0.382704,-5.05205,-8.41876,4.3827,-1.05852,-4.41705,0.381458,-1.05205,-4.41876,0.382704,0.00668267,16,0.00668267,1.16157
246,16,asset_root,-1.05852,-4.41705,0.381458,-5.05852,-8.41705,4.38146,-1.06485,-4.41507,0.382232,-1.05852,-4.41705,0.381458,0.00663417,16,0.00663417,1.17609
247,16,asset_root,-1.06485,-4.41507,0.382232,-5.06485,-8.41507,4.38223,-1.07131,-4.41304,0.383645,-1.06485,-4.41507,0.382232,0.00677112,16,0.00677112,1.19094
248,16,asset_root,-1.07131,-4.41304,0.383645,-5.07131,-8.41304,4.38364,-1.07777,-4.4111,0.384952,-1.07131,-4.41304,0.383645,0.00675235,16,0.00675235,1.20586
249,16,asset_root,-1.07777,-4.4111,0.384952,-5.07777,-8.4111,4.38495,-1.08407,-4.40904,0.385177,-1.07777,-4.4111,0.384952,0.0066259,16,0.0066259,1.22064
250,16,asset_root,-1.08407,-4.40904,0.385177,-5.08407,-8.40904,4.38518,-1.08996,-4.40658,0.384639,-1.08407,-4.40904,0.385177,0.00638813,16,0.00638813,1.2355
251,16,asset_root,-1.08996,-4.40658,0.384639,-5.08996,-8.40658,4.38464,-1.09559,-4.40377,0.383979,-1.08996,-4.40658,0.384639,0.00629168,16,0.00629168,1.25092
252,16,asset_root,-1.09559,-4.40377,0.383979,-5.09559,-8.40377,4.38398,-1.10106,-4.40106,0.38146,-1.09559,-4.40377,0.383979,0.00609871,16,0.00609871,1.26695
253,16,asset_root,-1.10106,-4.40106,0.38146,-5.10106,-8.40106,4.38146,-1.10602,-4.39811,0.377953,-1.10106,-4.40106,0.38146,0.00577258,16,0.00577258,1.28243
254,16,asset_root,-1.10602,-4.39811,0.377953,-5.10602,-8.39811,4.37795,-1.11037,-4.39513,0.375569,-1.10602,-4.39811,0.377953,0.0052734,16,0.0052734,1.29738
255,16,asset_root,-1.11037,-4.39513,0.375569,-5.11037,-8.39513,4.37557,-1.11445,-4.39202,0.3727,-1.11037,-4.39513,0.375569,0.00513183,16,0.00513183,1.31112
256,16,asset_root,-1.11445,-4.39202,0.3727,-5.11445,-8.39202,4.3727,-1.11876,-4.38846,0.369278,-1.11445,-4.39202,0.3727,0.00559055,16,0.00559055,1.32434
257,16,asset_root,-1.11876,-4.38846,0.369278,-5.11876,-8.38846,4.36928,-1.12383,-4.38477,0.365915,-1.11876,-4.38846,0.369278,0.00626609,16,0.00626609,1.33839
258,16,asset_root,-1.12383,-4.38477,0.365915,-5.12383,-8.38477,4.36592,-1.1301,-4.38139,0.362459,-1.12383,-4.38477,0.365915,0.00713008,16,0.00713008,1.35361
259,16,asset_root,-1.1301,-4.38139,0.362459,-5.1301,-8.38139,4.36246,-1.13694,-4.37812,0.359829,-1.1301,-4.38139,0.362459,0.00757146,16,0.00757146,1.36914
260,16,asset_root,-1.13694,-4.37812,0.359829,-5.13694,-8.37812,4.35983,-1.14456,-4.3749,0.357597,-1.13694,-4.37812,0.359829,0.00828057,16,0.00828057,1.38408
261,16,asset_root,-1.14456,-4.3749,0.357597,-5.14456,-8.3749,4.3576,-1.15239,-4.37177,0.356637,-1.14456,-4.3749,0.357597,0.00842661,16,0.00842661,1.39896
262,16,asset_root,-1.15239,-4.37177,0.356637,-5.15239,-8.37177,4.35664,-1.16058,-4.36865,0.357615,-1.15239,-4.37177,0.356637,0.00876507,16,0.00876507,1.41385
263,16,asset_root,-1.16058,-4.36865,0.357615,-5.16058,-8.36865,4.35761,-1.1698,-4.36535,0.35931,-1.16058,-4.36865,0.357615,0.00979757,16,0.00979757,1.42897
264,16,asset_root,-1.1698,-4.36535,0.35931,-5.1698,-8.36535,4.35931,-1.17954,-4.36208,0.361528,-1.1698,-4.36535,0.35931,0.0102679,16,0.0102679,1.44478
265,16,asset_root,-1.17954,-4.36208,0.361528,-5.17954,-8.36208,4.36153,-1.1893,-4.35922,0.364323,-1.17954,-4.36208,0.361528,0.0101773,16,0.0101773,1.46103
266,16,asset_root,-1.1893,-4.35922,0.364323,-5.1893,-8.35922,4.36432,-1.1992,-4.35657,0.36699,-1.1893,-4.35922,0.364323,0.0102504,16,0.0102504,1.47748
267,16,asset_root,-1.1992,-4.35657,0.36699,-5.1992,-8.35657,4.36699,-1.20928,-4.35409,0.369632,-1.1992,-4.35657,0.36699,0.0103792,16,0.0103792,1.49414
268,16,asset_root,-1.20928,-4.35409,0.369632,-5.20928,-8.35409,4.36963,-1.21929,-4.3518,0.372336,-1.20928,-4.35409,0.369632,0.0102602,16,0.0102602,1.51069
269,16,asset_root,-1.21929,-4.3518,0.372336,-5.21929,-8.3518,4.37234,-1.22931,-4.34961,0.374938,-1.21929,-4.3518,0.372336,0.0102624,16,0.0102624,1.527
270,16,asset_root,-1.22931,-4.34961,0.374938,-5.22931,-8.34961,4.37494,-1.23946,-4.34756,0.378146,-1.22931,-4.34961,0.374938,0.0103546,16,0.0103546,1.54307
271,16,asset_root,-1.23946,-4.34756,0.378146,-5.23946,-8.34756,4.37815,-1.25002,-4.34573,0.381336,-1.23946,-4.34756,0.378146,0.0107156,16,0.0107156,1.55886
272,16,asset_root,-1.25002,-4.34573,0.381336,-5.25002,-8.34573,4.38134,-1.26055,-4.34393,0.383411,-1.25002,-4.34573,0.381336,0.0106791,16,0.0106791,1.57457
273,16,asset_root,-1.26055,-4.34393,0.383411,-5.26055,-8.34393,4.38341,-1.27046,-4.34219,0.383138,-1.26055,-4.34393,0.383411,0.0100703,16,0.0100703,1.59026
274,16,asset_root,-1.27046,-4.34219,0.383138,-5.27046,-8.34219,4.38314,-1.27954,-4.34007,0.381412,-1.27046,-4.34219,0.383138,0.00932232,16,0.00932232,1.60572
275,16,asset_root,-1.27954,-4.34007,0.381412,-5.27954,-8.34007,4.38141,-1.28784,-4.33724,0.378885,-1.27954,-4.34007,0.381412,0.00876942,16,0.00876942,1.62066
276,16,asset_root,-1.28784,-4.33724,0.378885,-5.28784,-8.33724,4.37889,-1.29601,-4.33377,0.376221,-1.28784,-4.33724,0.378885,0.00887077,16,0.00887077,1.63532
277,16,asset_root,-1.29601,-4.33377,0.376221,-5.29601,-8.33377,4.37622,-1.3047,-4.33022,0.374418,-1.29601,-4.33377,0.376221,0.0093945,16,0.0093945,1.65025
278,16,asset_root,-1.3047,-4.33022,0.374418,-5.3047,-8.33022,4.37442,-1.31391,-4.32679,0.373501,-1.3047,-4.33022,0.374418,0.00982425,16,0.00982425,1.66527
279,16,asset_root,-1.31391,-4.32679,0.373501,-5.31391,-8.32679,4.3735,-1.3235,-4.32314,0.373074,-1.31391,-4.32679,0.373501,0.0102599,16,0.0102599,1.68045
280,16,asset_root,-1.3235,-4.32314,0.373074,-5.3235,-8.32314,4.37307,-1.33326,-4.31904,0.372426,-1.3235,-4.32314,0.373074,0.0105894,16,0.0105894,1.69633
281,16,asset_root,-1.33326,-4.31904,0.372426,-5.33326,-8.31904,4.37243,-1.34267,-4.31453,0.372772,-1.33326,-4.31904,0.372426,0.0104284,16,0.0104284,1.71281
282,16,asset_root,-1.34267,-4.31453,0.372772,-5.34267,-8.31453,4.37277,-1.35207,-4.30957,0.375517,-1.34267,-4.31453,0.372772,0.0106334,16,0.0106334,1.72938
283,16,asset_root,-1.35207,-4.30957,0.375517,-5.35207,-8.30957,4.37552,-1.36139,-4.30461,0.378537,-1.35207,-4.30957,0.375517,0.0105612,16,0.0105612,1.74635
284,16,asset_root,-1.36139,-4.30461,0.378537,-5.36139,-8.30461,4.37854,-1.37066,-4.29976,0.381389,-1.36139,-4.30461,0.378537,0.0104624,16,0.0104624,1.76308
285,16,asset_root,-1.37066,-4.29976,0.381389,-5.37066,-8.29976,4.38139,-1.38001,-4.29478,0.38399,-1.37066,-4.29976,0.381389,0.0105918,16,0.0105918,1.77923
286,16,asset_root,-1.38001,-4.29478,0.38399,-5.38001,-8.29478,4.38399,-1.38921,-4.28955,0.3869,-1.38001,-4.29478,0.38399,0.0105832,16,0.0105832,1.79482
287,16,asset_root,-1.38921,-4.28955,0.3869,-5.38921,-8.28955,4.3869,-1.39804,-4.2844,0.390068,-1.38921,-4.28955,0.3869,0.0102203,16,0.0102203,1.80988
288,16,asset_root,-1.39804,-4.2844,0.390068,-5.39804,-8.2844,4.39007,-1.40672,-4.27924,0.393587,-1.39804,-4.2844,0.390068,0.0100962,16,0.0100962,1.82465
289,16,asset_root,-1.40672,-4.27924,0.393587,-5.40672,-8.27924,4.39359,-1.41545,-4.27406,0.397399,-1.40672,-4.27924,0.393587,0.0101498,16,0.0101498,1.83995
290,16,asset_root,-1.41545,-4.27406,0.397399,-5.41545,-8.27406,4.3974,-1.42414,-4.26892,0.399847,-1.41545,-4.27406,0.397399,0.0100985,16,0.0100985,1.85573
291,16,asset_root,-1.42414,-4.26892,0.399847,-5.42414,-8.26892,4.39985,-1.43265,-4.26385,0.398875,-1.42414,-4.26892,0.399847,0.00990676,16,0.00990676,1.87139
292,16,asset_root,-1.43265,-4.26385,0.398875,-5.43265,-8.26385,4.39888,-1.44056,-4.25902,0.394025,-1.43265,-4.26385,0.398875,0.00926923,16,0.00926923,1.88676
293,16,asset_root,-1.44056,-4.25902,0.394025,-5.44056,-8.25902,4.39403,-1.44818,-4.25374,0.387232,-1.44056,-4.25902,0.394025,0.00926525,16,0.00926525,1.90147
294,16,asset_root,-1.44818,-4.25374,0.387232,-5.44818,-8.25374,4.38723,-1.45594,-4.24787,0.381855,-1.44818,-4.25374,0.387232,0.00973263,16,0.00973263,1.91634
295,16,asset_root,-1.45594,-4.24787,0.381855,-5.45594,-8.24787,4.38186,-1.46452,-4.24136,0.377577,-1.45594,-4.24787,0.381855,0.010774,16,0.010774,1.93173
296,16,asset_root,-1.46452,-4.24136,0.377577,-5.46452,-8.24136,4.37758,-1.47342,-4.23481,0.375071,-1.46452,-4.24136,0.377577,0.0110448,16,0.0110448,1.94807
297,16,asset_root,-1.47342,-4.23481,0.375071,-5.47342,-8.23481,4.37507,-1.48236,-4.22849,0.374658,-1.47342,-4.23481,0.375071,0.0109448,16,0.0109448,1.96446
298,16,asset_root,-1.48236,-4.22849,0.374658,-5.48236,-8.22849,4.37466,-1.49146,-4.22209,0.375775,-1.48236,-4.22849,0.374658,0.0111338,16,0.0111338,1.98057
299,16,asset_root,-1.49146,-4.22209,0.375775,-5.49146,-8.22209,4.37578,-1.50056,-4.21537,0.377787,-1.49146,-4.22209,0.375775,0.0113124,16,0.0113124,1.99692
300,16,asset_root,-1.50056,-4.21537,0.377787,-5.50056,-8.21537,4.37779,-1.50958,-4.20862,0.381062,-1.50056,-4.21537,0.377787,0.0112654,16,0.0112654,2.0137
301,16,asset_root,-1.50958,-4.20862,0.381062,-5.50958,-8.20862,4.38106,-1.51906,-4.20191,0.383936,-1.50958,-4.20862,0.381062,0.0116098,16,0.0116098,2.0304
302,16,asset_root,-1.51906,-4.20191,0.383936,-5.51906,-8.20191,4.38394,-1.52851,-4.19514,0.38629,-1.51906,-4.20191,0.383936,0.0116248,16,0.0116248,2.04697
303,16,asset_root,-1.52851,-4.19514,0.38629,-5.52851,-8.19514,4.38629,-1.5376,-4.18836,0.388874,-1.52851,-4.19514,0.38629,0.0113362,16,0.0113362,2.06352
304,16,asset_root,-1.5376,-4.18836,0.388874,-5.5376,-8.18836,4.38887,-1.54637,-4.18165,0.391466,-1.5376,-4.18836,0.388874,0.0110515,16,0.0110515,2.07992
305,16,asset_root,-1.54637,-4.18165,0.391466,-5.54637,-8.18165,4.39147,-1.55495,-4.17472,0.394207,-1.54637,-4.18165,0.391466,0.0110233,16,0.0110233,2.09604
306,16,asset_root,-1.55495,-4.17472,0.394207,-5.55495,-8.17472,4.39421,-1.56342,-4.16749,0.397314,-1.55495,-4.17472,0.394207,0.0111365,16,0.0111365,2.1121
307,16,asset_root,-1.56342,-4.16749,0.397314,-5.56342,-8.16749,4.39731,-1.57216,-4.16005,0.399529,-1.56342,-4.16749,0.397314,0.0114798,16,0.0114798,2.12819
308,16,asset_root,-1.57216,-4.16005,0.399529,-5.57216,-8.16005,4.39953,-1.58067,-4.15279,0.399774,-1.57216,-4.16005,0.399529,0.0111855,16,0.0111855,2.1447
309,16,asset_root,-1.58067,-4.15279,0.399774,-5.58067,-8.15279,4.39977,-1.58836,-4.14593,0.397534,-1.58067,-4.15279,0.399774,0.0103075,16,0.0103075,2.16071
310,16,asset_root,-1.58836,-4.14593,0.397534,-5.58836,-8.14593,4.39753,-1.59511,-4.13937,0.393366,-1.58836,-4.14593,0.397534,0.00941112,16,0.00941112,2.17564
311,16,asset_root,-1.59511,-4.13937,0.393366,-5.59511,-8.13937,4.39337,-1.60136,-4.13256,0.389813,-1.59511,-4.13937,0.393366,0.00924189,16,0.00924189,2.18922
312,16,asset_root,-1.60136,-4.13256,0.389813,-5.60136,-8.13256,4.38981,-1.60738,-4.1254,0.388681,-1.60136,-4.13256,0.389813,0.00935302,16,0.00935302,2.20273
313,16,asset_root,-1.60738,-4.1254,0.388681,-5.60738,-8.1254,4.38868,-1.61351,-4.11802,0.38926,-1.60738,-4.1254,0.388681,0.00959411,16,0.00959411,2.21661
314,16,asset_root,-1.61351,-4.11802,0.38926,-5.61351,-8.11802,4.38926,-1.61994,-4.11042,0.390571,-1.61351,-4.11802,0.38926,0.00996049,16,0.00996049,2.23036
315,16,asset_root,-1.61994,-4.11042,0.390571,-5.61994,-8.11042,4.39057,-1.62657,-4.10231,0.391332,-1.61994,-4.11042,0.390571,0.0104736,16,0.0104736,2.24397
316,16,asset_root,-1.62657,-4.10231,0.391332,-5.62657,-8.10231,4.39133,-1.63241,-4.0942,0.390348,-1.62657,-4.10231,0.391332,0.00999313,16,0.00999313,2.2578
317,16,asset_root,-1.63241,-4.0942,0.390348,-5.63241,-8.0942,4.39035,-1.63756,-4.08624,0.388918,-1.63241,-4.0942,0.390348,0.00948108,16,0.00948108,2.27142
318,16,asset_root,-1.63756,-4.08624,0.388918,-5.63756,-8.08624,4.38892,-1.6425,-4.07831,0.387088,-1.63756,-4.08624,0.388918,0.00934586,16,0.00934586,2.28517
319,16,asset_root,-1.6425,-4.07831,0.387088,-5.6425,-8.07831,4.38709,-1.64694,-4.07047,0.383861,-1.6425,-4.07831,0.387088,0.00900491,16,0.00900491,2.29911
320,16,asset_root,-1.64694,-4.07047,0.383861,-5.64694,-8.07047,4.38386,-1.65104,-4.06281,0.380484,-1.64694,-4.07047,0.383861,0.00868854,16,0.00868854,2.31282
321,16,asset_root,-1.65104,-4.06281,0.380484,-5.65104,-8.06281,4.38048,-1.65495,-4.05512,0.379734,-1.65104,-4.06281,0.380484,0.00863026,16,0.00863026,2.32614
322,16,asset_root,-1.65495,-4.05512,0.379734,-5.65495,-8.05512,4.37973,-1.65897,-4.0474,0.380382,-1.65495,-4.05512,0.379734,0.00870118,16,0.00870118,2.33921
323,16,asset_root,-1.65897,-4.0474,0.380382,-5.65897,-8.0474,4.38038,-1.66305,-4.03982,0.380807,-1.65897,-4.0474,0.380382,0.00861506,16,0.00861506,2.35239
324,16,asset_root,-1.66305,-4.03982,0.380807,-5.66305,-8.03982,4.38081,-1.66709,-4.03191,0.381526,-1.66305,-4.03982,0.380807,0.00887762,16,0.00887762,2.3656
325,16,asset_root,-1.66709,-4.03191,0.381526,-5.66709,-8.03191,4.38153,-1.67112,-4.02373,0.381935,-1.66709,-4.03191,0.381526,0.00911323,16,0.00911323,2.3794
326,16,asset_root,-1.67112,-4.02373,0.381935,-5.67112,-8.02373,4.38194,-1.67478,-4.01556,0.381094,-1.67112,-4.02373,0.381935,0.00895927,16,0.00895927,2.39367
327,16,asset_root,-1.67478,-4.01556,0.381094,-5.67478,-8.01556,4.38109,-1.67757,-4.00726,0.378948,-1.67478,-4.01556,0.381094,0.00875644,16,0.00875644,2.40792
328,16,asset_root,-1.67757,-4.00726,0.378948,-5.67757,-8.00726,4.37895,-1.67977,-3.99863,0.376502,-1.67757,-4.00726,0.378948,0.00890011,16,0.00890011,2.42209
329,16,asset_root,-1.67977,-3.99863,0.376502,-5.67977,-7.99863,4.3765,-1.68175,-3.98951,0.374226,-1.67977,-3.99863,0.376502,0.00933034,16,0.00933034,2.43644
330,16,asset_root,-1.68175,-3.98951,0.374226,-5.68175,-7.98951,4.37423,-1.68355,-3.98037,0.370862,-1.68175,-3.98951,0.374226,0.00931711,16,0.00931711,2.45127
331,16,asset_root,-1.68355,-3.98037,0.370862,-5.68355,-7.98037,4.37086,-1.68542,-3.97175,0.367183,-1.68355,-3.98037,0.370862,0.00882022,16,0.00882022,2.46612
332,16,asset_root,-1.68542,-3.97175,0.367183,-5.68542,-7.97175,4.36718,-1.68746,-3.963,0.364818,-1.68542,-3.97175,0.367183,0.00898946,16,0.00898946,2.48037
333,16,asset_root,-1.68746,-3.963,0.364818,-5.68746,-7.963,4.36482,-1.68992,-3.95377,0.363728,-1.68746,-3.963,0.364818,0.00954889,16,0.00954889,2.49425
334,16,asset_root,-1.68992,-3.95377,0.363728,-5.68992,-7.95377,4.36373,-1.69312,-3.94418,0.36304,-1.68992,-3.95377,0.363728,0.0101122,16,0.0101122,2.50828
335,16,asset_root,-1.69312,-3.94418,0.36304,-5.69312,-7.94418,4.36304,-1.69667,-3.9343,0.362223,-1.69312,-3.94418,0.36304,0.0105022,16,0.0105022,2.52285
336,16,asset_root,-1.69667,-3.9343,0.362223,-5.69667,-7.9343,4.36222,-1.70013,-3.92398,0.361157,-1.69667,-3.9343,0.362223,0.0108801,16,0.0108801,2.53768
337,16,asset_root,-1.70013,-3.92398,0.361157,-5.70013,-7.92398,4.36116,-1.7033,-3.91314,0.358487,-1.70013,-3.92398,0.361157,0.0112922,16,0.0112922,2.55267
338,16,asset_root,-1.7033,-3.91314,0.358487,-5.7033,-7.91314,4.35849,-1.70555,-3.90169,0.354188,-1.7033,-3.91314,0.358487,0.0116732,16,0.0116732,2.56818
339,16,asset_root,-1.70555,-3.90169,0.354188,-5.70555,-7.90169,4.35419,-1.70749,-3.88978,0.348785,-1.70555,-3.90169,0.354188,0.0120687,16,0.0120687,2.58394
340,16,asset_root,-1.70749,-3.88978,0.348785,-5.70749,-7.88978,4.34879,-1.70978,-3.8777,0.341466,-1.70749,-3.88978,0.348785,0.0122968,16,0.0122968,2.60011
341,16,asset_root,-1.70978,-3.8777,0.341466,-5.70978,-7.8777,4.34147,-1.71246,-3.86583,0.333363,-1.70978,-3.8777,0.341466,0.0121597,16,0.0121597,2.61653
342,16,asset_root,-1.71246,-3.86583,0.333363,-5.71246,-7.86583,4.33336,-1.71562,-3.85438,0.325297,-1.71246,-3.86583,0.333363,0.0118815,16,0.0118815,2.63231
343,16,asset_root,-1.71562,-3.85438,0.325297,-5.71562,-7.85438,4.3253,-1.71929,-3.84242,0.317132,-1.71562,-3.85438,0.325297,0.0125047,16,0.0125047,2.64694
344,16,asset_root,-1.71929,-3.84242,0.317132,-5.71929,-7.84242,4.31713,-1.72408,-3.82943,0.308636,-1.71929,-3.84242,0.317132,0.0138471,16,0.0138471,2.66198
345,16,asset_root,-1.72408,-3.82943,0.308636,-5.72408,-7.82943,4.30864,-1.72913,-3.81483,0.298589,-1.72408,-3.82943,0.308636,0.0154572,16,0.0154572,2.67872
346,16,asset_root,-1.72913,-3.81483,0.298589,-5.72913,-7.81483,4.29859,-1.73344,-3.79866,0.286651,-1.72913,-3.81483,0.298589,0.0167278,16,0.0167278,2.69769
347,16,asset_root,-1.73344,-3.79866,0.286651,-5.73344,-7.79866,4.28665,-1.73722,-3.78073,0.273831,-1.73344,-3.79866,0.286651,0.018325,16,0.018325,2.71828
348,16,asset_root,-1.73722,-3.78073,0.273831,-5.73722,-7.78073,4.27383,-1.74118,-3.76169,0.260371,-1.73722,-3.78073,0.273831,0.0194486,16,0.0194486,2.74028
349,16,asset_root,-1.74118,-3.76169,0.260371,-5.74118,-7.76169,4.26037,-1.74524,-3.74293,0.245297,-1.74118,-3.76169,0.260371,0.019191,16,0.019191,2.76029
350,16,asset_root,-1.74524,-3.74293,0.245297,-5.74524,-7.74293,4.2453,-1.74887,-3.72469,0.227304,-1.74524,-3.74293,0.245297,0.0185968,16,0.0185968,2.76058
351,16,asset_root,-1.74887,-3.72469,0.227304,-5.74887,-7.72469,4.2273,-1.74235,-3.71452,0.223817,-1.74887,-3.72469,0.227304,0.0120838,16,0.0120838,2.76096
352,16,asset_root,-1.74235,-3.71452,0.223817,-5.74235,-7.71452,4.22382,-1.73466,-3.70554,0.221946,-1.74235,-3.71452,0.223817,0.011824,16,0.011824,2.75185
353,16,asset_root,-1.73466,-3.70554,0.221946,-5.73466,-7.70554,4.22195,-1.72608,-3.69629,0.21986,-1.73466,-3.70554,0.221946,0.0126152,16,0.0126152,2.74174
354,16,asset_root,-1.72608,-3.69629,0.21986,-5.72608,-7.69629,4.21986,-1.71537,-3.68811,0.216876,-1.72608,-3.69629,0.21986,0.0134731,16,0.0134731,2.73082
355,16,asset_root,-1.71537,-3.68811,0.216876,-5.71537,-7.68811,4.21688,-1.70301,-3.68118,0.21491,-1.71537,-3.68811,0.216876,0.0141753,16,0.0141753,2.71778
356,16,asset_root,-1.70301,-3.68118,0.21491,-5.70301,-7.68118,4.21491,-1.68972,-3.67522,0.211573,-1.70301,-3.68118,0.21491,0.0145641,16,0.0145641,2.70329
357,16,asset_root,-1.68972,-3.67522,0.211573,-5.68972,-7.67522,4.21157,-1.6757,-3.67114,0.206424,-1.68972,-3.67522,0.211573,0.0145983,16,0.0145983,2.68821
358,16,asset_root,-1.6757,-3.67114,0.206424,-5.6757,-7.67114,4.20642,-1.66119,-3.66846,0.199155,-1.6757,-3.67114,0.206424,0.0147573,16,0.0147573,2.67267
359,16,asset_root,-1.66119,-3.66846,0.199155,-5.66119,-7.66846,4.19916,-1.64561,-3.66703,0.190307,-1.66119,-3.66846,0.199155,0.0156391,16,0.0156391,2.65664
360,16,asset_root,-1.64561,-3.66703,0.190307,-5.64561,-7.66703,4.19031,-1.62932,-3.66644,0.179764,-1.64561,-3.66703,0.190307,0.0163092,16,0.0163092,2.63955
361,16,asset_root,-1.62932,-3.66644,0.179764,-5.62932,-7.66644,4.17976,-1.6129,-3.66662,0.167177,-1.62932,-3.66644,0.179764,0.0164217,16,0.0164217,2.62222
362,16,asset_root,-1.6129,-3.66662,0.167177,-5.6129,-7.66662,4.16718,-1.59704,-3.6673,0.153219,-1.6129,-3.66662,0.167177,0.0158674,16,0.0158674,2.60543
363,16,asset_root,-1.59704,-3.6673,0.153219,-5.59704,-7.6673,4.15322,-1.58856,-3.66657,0.154359,-1.59704,-3.6673,0.153219,0.00851007,16,0.00851007,2.58951
364,16,asset_root,-1.58856,-3.66657,0.154359,-5.58856,-7.66657,4.15436,-1.58142,-3.66578,0.154347,-1.58856,-3.66657,0.154359,0.00719069,16,0.00719069,2.58047
365,16,asset_root,-1.58142,-3.66578,0.154347,-5.58142,-7.66578,4.15435,-1.57645,-3.66499,0.15394,-1.58142,-3.66578,0.154347,0.00503112,16,0.00503112,2.57227
366,16,asset_root,-1.57645,-3.66499,0.15394,-5.57645,-7.66499,4.15394,-1.57411,-3.66448,0.15419,-1.57645,-3.66499,0.15394,0.00239295,16,0.00239295,2.56642
367,16,asset_root,-1.57411,-3.66448,0.15419,-5.57411,-7.66448,4.15419,-1.57401,-3.66478,0.154066,-1.57411,-3.66448,0.15419,0.000322274,16,0.000322274,2.56398
368,16,asset_root,-1.57401,-3.66478,0.154066,-5.57401,-7.66478,4.15407,-1.57503,-3.66586,0.154223,-1.57401,-3.66478,0.154066,0.0014874,16,0.0014874,2.56459
369,16,asset_root,-1.57503,-3.66586,0.154223,-5.57503,-7.66586,4.15422,-1.57651,-3.66724,0.154233,-1.57503,-3.66586,0.154223,0.00201771,16,0.00201771,2.56672
370,16,asset_root,-1.57651,-3.66724,0.154233,-5.57651,-7.66724,4.15423,-1.57831,-3.66902,0.154172,-1.57651,-3.66724,0.154233,0.0025351,16,0.0025351,2.56956
371,16,asset_root,-1.57831,-3.66902,0.154172,-5.57831,-7.66902,4.15417,-1.58035,-3.67104,0.154016,-1.57831,-3.66902,0.154172,0.0028713,16,0.0028713,2.57281
372,16,asset_root,-1.58035,-3.67104,0.154016,-5.58035,-7.67104,4.15402,-1.58246,-3.67345,0.153656,-1.58035,-3.67104,0.154016,0.00319719,16,0.00319719,2.57608
373,16,asset_root,-1.58246,-3.67345,0.153656,-5.58246,-7.67345,4.15366,-1.58392,-3.67497,0.153419,-1.58246,-3.67345,0.153656,0.00211618,16,0.00211618,2.5794
374,16,asset_root,-1.58392,-3.67497,0.153419,-5.58392,-7.67497,4.15342,-1.58479,-3.67574,0.153239,-1.58392,-3.67497,0.153419,0.00116211,16,0.00116211,2.58197
375,16,asset_root,-1.58479,-3.67574,0.153239,-5.58479,-7.67574,4.15324,-1.58526,-3.67615,0.153164,-1.58479,-3.67574,0.153239,0.000618984,16,0.000618984,2.58367
376,16,asset_root,-1.58526,-3.67615,0.153164,-5.58526,-7.67615,4.15316,-1.5856,-3.67646,0.153142,-1.58526,-3.67615,0.153164,0.000461363,16,0.000461363,2.58483
377,16,asset_root,-1.5856,-3.67646,0.153142,-5.5856,-7.67646,4.15314,-1.58567,-3.67653,0.153126,-1.5856,-3.67646,0.153142,0.000102933,16,0.000102933,2.58588
378,16,asset_root,-1.58567,-3.67653,0.153126,-5.58567,-7.67653,4.15313,-1.58568,-3.67654,0.153127,-1.58567,-3.67653,0.153126,9.3926e-06,16,9.3926e-06,2.58723
379,16,asset_root,-1.58568,-3.67654,0.153127,-5.58568,-7.67654,4.15313,-1.58555,-3.67641,0.153191,-1.58568,-3.67654,0.153127,0.000186753,16,0.000186753,2.58926
380,16,asset_root,-1.58555,-3.67641,0.153191,-5.58555,-7.67641,4.15319,-1.58516,-3.67605,0.153321,-1.58555,-3.67641,0.153191,0.000525791,16,0.000525791,2.59127
381,16,asset_root,-1.58516,-3.67605,0.153321,-5.58516,-7.67605,4.15332,-1.58478,-3.67571,0.15345,-1.58516,-3.67605,0.153321,0.000514491,16,0.000514491,2.59267
382,16,asset_root,-1.58478,-3.67571,0.15345,-5.58478,-7.67571,4.15345,-1.58444,-3.6754,0.153558,-1.58478,-3.67571,0.15345,0.000454788,16,0.000454788,2.59397
383,16,asset_root,-1.58444,-3.6754,0.153558,-5.58444,-7.6754,4.15356,-1.58426,-3.67525,0.153586,-1.58444,-3.6754,0.153558,0.000239552,16,0.000239552,2.59537
384,16,asset_root,-1.58426,-3.67525,0.153586,-5.58426,-7.67525,4.15359,-1.58405,-3.67506,0.15363,-1.58426,-3.67525,0.153586,0.000281737,16,0.000281737,2.59672
385,16,asset_root,-1.58405,-3.67506,0.15363,-5.58405,-7.67506,4.15363,-1.58385,-3.67488,0.15368,-1.58405,-3.67506,0.15363,0.000263744,16,0.000263744,2.59797
386,16,asset_root,-1.58385,-3.67488,0.15368,-5.58385,-7.67488,4.15368,-1.58343,-3.67461,0.153661,-1.58385,-3.67488,0.15368,0.000504185,16,0.000504185,2.59925
387,16,asset_root,-1.58343,-3.67461,0.153661,-5.58343,-7.67461,4.15366,-1.58292,-3.67449,0.153608,-1.58343,-3.67461,0.153661,0.000520485,16,0.000520485,2.60027
388,16,asset_root,-1.58292,-3.67449,0.153608,-5.58292,-7.67449,4.15361,-1.58242,-3.67444,0.15358,-1.58292,-3.67449,0.153608,0.000500687,16,0.000500687,2.60141
389,16,asset_root,-1.58242,-3.67444,0.15358,-5.58242,-7.67444,4.15358,-1.58218,-3.67431,0.153612,-1.58242,-3.67444,0.15358,0.000269407,16,0.000269407,2.60272
390,16,asset_root,-1.58218,-3.67431,0.153612,-5.58218,-7.67431,4.15361,-1.58217,-3.67436,0.153585,-1.58218,-3.67431,0.153612,4.53935e-05,16,4.53935e-05,2.60431
391,16,asset_root,-1.58217,-3.67436,0.153585,-5.58217,-7.67436,4.15358,-1.5823,-3.67457,0.153499,-1.58217,-3.67436,0.153585,0.000251352,16,0.000251352,2.60636
392,16,asset_root,-1.5823,-3.67457,0.153499,-5.5823,-7.67457,4.1535,-1.58228,-3.67454,0.153516,-1.5823,-3.67457,0.153499,3.77818e-05,16,3.77818e-05,2.60019
393,16,asset_root,-1.58228,-3.67454,0.153516,-5.58228,-7.67454,4.15352,-1.58226,-3.67454,0.153519,-1.58228,-3.67454,0.153516,1.52126e-05,16,1.52126e-05,2.59355
394,16,asset_root,-1.58226,-3.67454,0.153519,-5.58226,-7.67454,4.15352,-1.58225,-3.67453,0.15352,-1.58226,-3.67454,0.153519,1.16368e-05,16,1.16368e-05,2.58684
395,16,asset_root,-1.58225,-3.67453,0.15352,-5.58225,-7.67453,4.15352,-1.5823,-3.67457,0.153506,-1.58225,-3.67453,0.15352,6.01015e-05,16,6.01015e-05,2.58031
396,16,asset_root,-1.5823,-3.67457,0.153506,-5.5823,-7.67457,4.15351,-1.58246,-3.67472,0.153459,-1.5823,-3.67457,0.153506,0.000217745,16,0.000217745,2.57401
397,16,asset_root,-1.58246,-3.67472,0.153459,-5.58246,-7.67472,4.15346,-1.58227,-3.6746,0.153479,-1.58246,-3.67472,0.153459,0.000217351,16,0.000217351,2.56778
398,16,asset_root,-1.58227,-3.6746,0.153479,-5.58227,-7.6746,4.15348,-1.58197,-3.67452,0.15348,-1.58227,-3.6746,0.153479,0.00031767,16,0.00031767,2.56091
399,16,asset_root,-1.58197,-3.67452,0.15348,-5.58197,-7.67452,4.15348,-1.58199,-3.67462,0.153437,-1.58197,-3.67452,0.15348,0.000109162,16,0.000109162,2.55386
400,16,asset_root,-1.58199,-3.67462,0.153437,-5.58199,-7.67462,4.15344,-1.58194,-3.67458,0.153452,-1.58199,-3.67462,0.153437,6.4483e-05,16,6.4483e-05,2.54712
401,16,asset_root,-1.58194,-3.67458,0.153452,-5.58194,-7.67458,4.15345,-1.58182,-3.67446,0.153486,-1.58194,-3.67458,0.153452,0.000170699,16,0.000170699,2.54055
402,16,asset_root,-1.58182,-3.67446,0.153486,-5.58182,-7.67446,4.15349,-1.58176,-3.67441,0.153502,-1.58182,-3.67446,0.153486,7.55005e-05,16,7.55005e-05,2.53411
403,16,asset_root,-1.58176,-3.67441,0.153502,-5.58176,-7.67441,4.1535,-1.58142,-3.67435,0.153415,-1.58176,-3.67441,0.153502,0.000347016,16,0.000347016,2.52812
404,16,asset_root,-1.58142,-3.67435,0.153415,-5.58142,-7.67435,4.15341,-1.58119,-3.6744,0.153339,-1.58142,-3.67435,0.153415,0.000237875,16,0.000237875,2.52209
405,16,asset_root,-1.58119,-3.6744,0.153339,-5.58119,-7.6744,4.15334,-1.58122,-3.67442,0.15334,-1.58119,-3.6744,0.153339,4.19164e-05,16,4.19164e-05,2.51634
406,16,asset_root,-1.58122,-3.67442,0.15334,-5.58122,-7.67442,4.15334,-1.58117,-3.67438,0.153357,-1.58122,-3.67442,0.15334,6.32498e-05,16,6.32498e-05,2.51077
407,16,asset_root,-1.58117,-3.67438,0.153357,-5.58117,-7.67438,4.15336,-1.58118,-3.67439,0.153353,-1.58117,-3.67438,0.153357,7.39482e-06,16,7.39482e-06,2.50547
408,16,asset_root,-1.58118,-3.67439,0.153353,-5.58118,-7.67439,4.15335,-1.58136,-3.67456,0.153292,-1.58118,-3.67439,0.153353,0.000247224,16,0.000247224,2.50036
409,16,asset_root,-1.58136,-3.67456,0.153292,-5.58136,-7.67456,4.15329,-1.58151,-3.6747,0.153243,-1.58136,-3.67456,0.153292,0.000210207,16,0.000210207,2.49562
410,16,asset_root,-1.58151,-3.6747,0.153243,-5.58151,-7.6747,4.15324,-1.58148,-3.67465,0.153301,-1.58151,-3.6747,0.153243,6.01676e-05,16,6.01676e-05,2.49081
411,16,asset_root,-1.58148,-3.67465,0.153301,-5.58148,-7.67465,4.1533,-1.58145,-3.67462,0.153315,-1.58148,-3.67465,0.153301,4.12583e-05,16,4.12583e-05,2.48583
412,16,asset_root,-1.58145,-3.67462,0.153315,-5.58145,-7.67462,4.15332,-1.58168,-3.67483,0.153246,-1.58145,-3.67462,0.153315,0.000310413,16,0.000310413,2.48092
413,16,asset_root,-1.58168,-3.67483,0.153246,-5.58168,-7.67483,4.15325,-1.58177,-3.67492,0.153215,-1.58168,-3.67483,0.153246,0.000132858,16,0.000132858,2.47641
414,16,asset_root,-1.58177,-3.67492,0.153215,-5.58177,-7.67492,4.15321,-1.58175,-3.67491,0.153215,-1.58177,-3.67492,0.153215,2.20821e-05,16,2.20821e-05,2.47203
415,16,asset_root,-1.58175,-3.67491,0.153215,-5.58175,-7.67491,4.15321,-1.58188,-3.67503,0.153175,-1.58175,-3.67491,0.153215,0.000176985,16,0.000176985,2.46764
416,16,asset_root,-1.58188,-3.67503,0.153175,-5.58188,-7.67503,4.15317,-1.58202,-3.67515,0.153146,-1.58188,-3.67503,0.153175,0.000179728,16,0.000179728,2.46361
417,16,asset_root,-1.58202,-3.67515,0.153146,-5.58202,-7.67515,4.15315,-1.582,-3.67514,0.153155,-1.58202,-3.67515,0.153146,2.2227e-05,16,2.2227e-05,2.4599
418,16,asset_root,-1.582,-3.67514,0.153155,-5.582,-7.67514,4.15316,-1.58208,-3.67521,0.153127,-1.582,-3.67514,0.153155,0.000103944,16,0.000103944,2.45585
419,16,asset_root,-1.58208,-3.67521,0.153127,-5.58208,-7.67521,4.15313,-1.58201,-3.67514,0.153157,-1.58208,-3.67521,0.153127,9.37643e-05,16,9.37643e-05,2.45132
420,16,asset_root,-1.58201,-3.67514,0.153157,-5.58201,-7.67514,4.15316,-1.58184,-3.67498,0.153215,-1.58201,-3.67514,0.153157,0.000239405,16,0.000239405,2.446
421,16,asset_root,-1.58184,-3.67498,0.153215,-5.58184,-7.67498,4.15321,-1.58167,-3.67483,0.153269,-1.58184,-3.67498,0.153215,0.000224768,16,0.000224768,2.4399
422,16,asset_root,-1.58167,-3.67483,0.153269,-5.58167,-7.67483,4.15327,-1.5816,-3.67475,0.153298,-1.58167,-3.67483,0.153269,0.000104362,16,0.000104362,2.43345
423,16,asset_root,-1.5816,-3.67475,0.153298,-5.5816,-7.67475,4.1533,-1.5816,-3.67475,0.153303,-1.5816,-3.67475,0.153298,1.94059e-06,16,1.94059e-06,2.42692
424,16,asset_root,-1.5816,-3.67475,0.153303,-5.5816,-7.67475,4.1533,-1.58153,-3.67468,0.153326,-1.5816,-3.67475,0.153303,9.77909e-05,16,9.77909e-05,2.42002
425,16,asset_root,-1.58153,-3.67468,0.153326,-5.58153,-7.67468,4.15333,-1.58144,-3.67461,0.153352,-1.58153,-3.67468,0.153326,0.000116933,16,0.000116933,2.41287
426,16,asset_root,-1.58144,-3.67461,0.153352,-5.58144,-7.67461,4.15335,-1.5814,-3.67456,0.153367,-1.58144,-3.67461,0.153352,6.0525e-05,16,6.0525e-05,2.40541
427,16,asset_root,-1.5814,-3.67456,0.153367,-5.5814,-7.67456,4.15337,-1.58135,-3.67452,0.153383,-1.5814,-3.67456,0.153367,6.96725e-05,16,6.96725e-05,2.39755
428,16,asset_root,-1.58135,-3.67452,0.153383,-5.58135,-7.67452,4.15338,-1.58136,-3.67453,0.153376,-1.58135,-3.67452,0.153383,1.68659e-05,16,1.68659e-05,2.38934
429,16,asset_root,-1.58136,-3.67453,0.153376,-5.58136,-7.67453,4.15338,-1.58153,-3.67468,0.153328,-1.58136,-3.67453,0.153376,0.000230699,16,0.000230699,2.38122
430,16,asset_root,-1.58153,-3.67468,0.153328,-5.58153,-7.67468,4.15333,-1.58158,-3.67473,0.153341,-1.58153,-3.67468,0.153328,7.05735e-05,16,7.05735e-05,2.3737
431,16,asset_root,-1.58158,-3.67473,0.153341,-5.58158,-7.67473,4.15334,-1.58142,-3.67481,0.153266,-1.58158,-3.67473,0.153341,0.000179768,16,0.000179768,2.36648
432,16,asset_root,-1.58142,-3.67481,0.153266,-5.58142,-7.67481,4.15327,-1.5816,-3.67501,0.153189,-1.58142,-3.67481,0.153266,0.000273811,16,0.000273811,2.35922
433,16,asset_root,-1.5816,-3.67501,0.153189,-5.5816,-7.67501,4.15319,-1.58157,-3.67499,0.153194,-1.5816,-3.67501,0.153189,3.5812e-05,16,3.5812e-05,2.35209
434,16,asset_root,-1.58157,-3.67499,0.153194,-5.58157,-7.67499,4.15319,-1.58162,-3.67503,0.153179,-1.58157,-3.67499,0.153194,6.57884e-05,16,6.57884e-05,2.34482
435,16,asset_root,-1.58162,-3.67503,0.153179,-5.58162,-7.67503,4.15318,-1.58178,-3.67518,0.153127,-1.58162,-3.67503,0.153179,0.000213855,16,0.000213855,2.33758
436,16,asset_root,-1.58178,-3.67518,0.153127,-5.58178,-7.67518,4.15313,-1.58197,-3.67537,0.153057,-1.58178,-3.67518,0.153127,0.000266057,16,0.000266057,2.33049
437,16,asset_root,-1.58197,-3.67537,0.153057,-5.58197,-7.67537,4.15306,-1.58186,-3.67526,0.153099,-1.58197,-3.67537,0.153057,0.000148376,16,0.000148376,2.32381
438,16,asset_root,-1.58186,-3.67526,0.153099,-5.58186,-7.67526,4.1531,-1.58169,-3.67509,0.153161,-1.58186,-3.67526,0.153099,0.000242115,16,0.000242115,2.31661
439,16,asset_root,-1.58169,-3.67509,0.153161,-5.58169,-7.67509,4.15316,-1.58165,-3.67506,0.153173,-1.58169,-3.67509,0.153161,4.86701e-05,16,4.86701e-05,2.30898
440,16,asset_root,-1.58165,-3.67506,0.153173,-5.58165,-7.67506,4.15317,-1.5816,-3.675,0.153219,-1.58165,-3.67506,0.153173,7.85672e-05,16,7.85672e-05,2.30131
441,16,asset_root,-1.5816,-3.675,0.153219,-5.5816,-7.675,4.15322,-1.58157,-3.67496,0.153248,-1.5816,-3.675,0.153219,5.61424e-05,16,5.61424e-05,2.29349
442,16,asset_root,-1.58157,-3.67496,0.153248,-5.58157,-7.67496,4.15325,-1.58159,-3.67499,0.153245,-1.58157,-3.67496,0.153248,3.888e-05,16,3.888e-05,2.28553
443,16,asset_root,-1.58159,-3.67499,0.153245,-5.58159,-7.67499,4.15325,-1.58161,-3.67501,0.153238,-1.58159,-3.67499,0.153245,2.36819e-05,16,2.36819e-05,2.2771
444,16,asset_root,-1.58161,-3.67501,0.153238,-5.58161,-7.67501,4.15324,-1.58162,-3.67502,0.153234,-1.58161,-3.67501,0.153238,1.69533e-05,16,1.69533e-05,2.2684
445,16,asset_root,-1.58162,-3.67502,0.153234,-5.58162,-7.67502,4.15323,-1.58149,-3.6749,0.153276,-1.58162,-3.67502,0.153234,0.000171707,16,0.000171707,2.25987
446,16,asset_root,-1.58149,-3.6749,0.153276,-5.58149,-7.6749,4.15328,-1.58146,-3.67487,0.15329,-1.58149,-3.6749,0.153276,4.86638e-05,16,4.86638e-05,2.25111
447,16,asset_root,-1.58146,-3.67487,0.15329,-5.58146,-7.67487,4.15329,-1.58144,-3.67485,0.153295,-1.58146,-3.67487,0.15329,2.96304e-05,16,2.96304e-05,2.24227
448,16,asset_root,-1.58144,-3.67485,0.153295,-5.58144,-7.67485,4.1533,-1.58147,-3.67488,0.15328,-1.58144,-3.67485,0.153295,4.56433e-05,16,4.56433e-05,2.23317
449,16,asset_root,-1.58147,-3.67488,0.15328,-5.58147,-7.67488,4.15328,-1.58141,-3.67482,0.153303,-1.58147,-3.67488,0.15328,8.77498e-05,16,8.77498e-05,2.22389
450,16,asset_root,-1.58141,-3.67482,0.153303,-5.58141,-7.67482,4.1533,-1.58131,-3.67476,0.153276,-1.58141,-3.67482,0.153303,0.000115379,16,0.000115379,2.21451
451,16,asset_root,-1.58131,-3.67476,0.153276,-5.58131,-7.67476,4.15328,-1.58136,-3.6748,0.15326,-1.58131,-3.67476,0.153276,6.93835e-05,16,6.93835e-05,2.20525
452,16,asset_root,-1.58136,-3.6748,0.15326,-5.58136,-7.6748,4.15326,-1.58136,-3.67481,0.153256,-1.58136,-3.6748,0.15326,7.73024e-06,16,7.73024e-06,2.1963
453,16,asset_root,-1.58136,-3.67481,0.153256,-5.58136,-7.67481,4.15326,-1.58126,-3.67471,0.153291,-1.58136,-3.67481,0.153256,0.000140564,16,0.000140564,2.18724
454,16,asset_root,-1.58126,-3.67471,0.153291,-5.58126,-7.67471,4.15329,-1.58119,-3.67464,0.153313,-1.58126,-3.67471,0.153291,0.000103123,16,0.000103123,2.17782
455,16,asset_root,-1.58119,-3.67464,0.153313,-5.58119,-7.67464,4.15331,-1.58108,-3.67455,0.153346,-1.58119,-3.67464,0.153313,0.000140323,16,0.000140323,2.16827
456,16,asset_root,-1.58108,-3.67455,0.153346,-5.58108,-7.67455,4.15335,-1.58075,-3.67439,0.153338,-1.58108,-3.67455,0.153346,0.000372603,16,0.000372603,2.15881
457,16,asset_root,-1.58075,-3.67439,0.153338,-5.58075,-7.67439,4.15334,-1.58057,-3.67438,0.153327,-1.58075,-3.67439,0.153338,0.000176224,16,0.000176224,2.14908
458,16,asset_root,-1.58057,-3.67438,0.153327,-5.58057,-7.67438,4.15333,-1.58071,-3.6745,0.153288,-1.58057,-3.67438,0.153327,0.0001846,16,0.0001846,2.1396
459,16,asset_root,-1.58071,-3.6745,0.153288,-5.58071,-7.6745,4.15329,-1.58068,-3.67448,0.153293,-1.58071,-3.6745,0.153288,3.26642e-05,16,3.26642e-05,2.13035
460,16,asset_root,-1.58068,-3.67448,0.153293,-5.58068,-7.67448,4.15329,-1.58058,-3.67439,0.153327,-1.58068,-3.67448,0.153293,0.000138291,16,0.000138291,2.12071
461,16,asset_root,-1.58058,-3.67439,0.153327,-5.58058,-7.67439,4.15333,-1.58064,-3.67444,0.153315,-1.58058,-3.67439,0.153327,8.01112e-05,16,8.01112e-05,2.11067
462,16,asset_root,-1.58064,-3.67444,0.153315,-5.58064,-7.67444,4.15331,-1.58088,-3.67468,0.153231,-1.58064,-3.67444,0.153315,0.000337438,16,0.000337438,2.10092
463,16,asset_root,-1.58088,-3.67468,0.153231,-5.58088,-7.67468,4.15323,-1.58102,-3.67481,0.153184,-1.58088,-3.67468,0.153231,0.000195174,16,0.000195174,2.09225
464,16,asset_root,-1.58102,-3.67481,0.153184,-5.58102,-7.67481,4.15318,-1.58103,-3.67481,0.153188,-1.58102,-3.67481,0.153184,9.20926e-06,16,9.20926e-06,2.08422
465,16,asset_root,-1.58103,-3.67481,0.153188,-5.58103,-7.67481,4.15319,-1.58095,-3.67474,0.153216,-1.58103,-3.67481,0.153188,0.000106383,16,0.000106383,2.07618
466,16,asset_root,-1.58095,-3.67474,0.153216,-5.58095,-7.67474,4.15322,-1.5809,-3.67468,0.153248,-1.58095,-3.67474,0.153216,7.67056e-05,16,7.67056e-05,2.06816
467,16,asset_root,-1.5809,-3.67468,0.153248,-5.5809,-7.67468,4.15325,-1.58087,-3.67465,0.153259,-1.5809,-3.67468,0.153248,4.65069e-05,16,4.65069e-05,2.05976
468,16,asset_root,-1.58087,-3.67465,0.153259,-5.58087,-7.67465,4.15326,-1.58094,-3.67472,0.153236,-1.58087,-3.67465,0.153259,9.69151e-05,16,9.69151e-05,2.05048
469,16,asset_root,-1.58094,-3.67472,0.153236,-5.58094,-7.67472,4.15324,-1.58101,-3.67477,0.153253,-1.58094,-3.67472,0.153236,8.95024e-05,16,8.95024e-05,2.04058
470,16,asset_root,-1.58101,-3.67477,0.153253,-5.58101,-7.67477,4.15325,-1.58097,-3.67473,0.153275,-1.58101,-3.67477,0.153253,5.47612e-05,16,5.47612e-05,2.03008
471,16,asset_root,-1.58097,-3.67473,0.153275,-5.58097,-7.67473,4.15327,-1.58083,-3.67461,0.153318,-1.58097,-3.67473,0.153275,0.000187644,16,0.000187644,2.01922
472,16,asset_root,-1.58083,-3.67461,0.153318,-5.58083,-7.67461,4.15332,-1.58074,-3.67455,0.15332,-1.58083,-3.67461,0.153318,0.000105187,16,0.000105187,2.00859
473,16,asset_root,-1.58074,-3.67455,0.15332,-5.58074,-7.67455,4.15332,-1.58077,-3.67458,0.153312,-1.58074,-3.67455,0.15332,4.45366e-05,16,4.45366e-05,1.9985
474,16,asset_root,-1.58077,-3.67458,0.153312,-5.58077,-7.67458,4.15331,-1.58076,-3.67456,0.153319,-1.58077,-3.67458,0.153312,2.10785e-05,16,2.10785e-05,1.98894
475,16,asset_root,-1.58076,-3.67456,0.153319,-5.58076,-7.67456,4.15332,-1.58068,-3.67449,0.153346,-1.58076,-3.67456,0.153319,0.000114757,16,0.000114757,1.97925
476,16,asset_root,-1.58068,-3.67449,0.153346,-5.58068,-7.67449,4.15335,-1.58056,-3.67438,0.153378,-1.58068,-3.67449,0.153346,0.00015512,16,0.00015512,1.96954
477,16,asset_root,-1.58056,-3.67438,0.153378,-5.58056,-7.67438,4.15338,-1.58059,-3.67441,0.153368,-1.58056,-3.67438,0.153378,3.87394e-05,16,3.87394e-05,1.95979
478,16,asset_root,-1.58059,-3.67441,0.153368,-5.58059,-7.67441,4.15337,-1.58071,-3.67454,0.153325,-1.58059,-3.67441,0.153368,0.000177634,16,0.000177634,1.95022
479,16,asset_root,-1.58071,-3.67454,0.153325,-5.58071,-7.67454,4.15332,-1.58081,-3.67462,0.153301,-1.58071,-3.67454,0.153325,0.000125063,16,0.000125063,1.94071
480,16,asset_root,-1.58081,-3.67462,0.153301,-5.58081,-7.67462,4.1533,-1.58068,-3.6745,0.153346,-1.58081,-3.67462,0.153301,0.000180883,16,0.000180883,1.93114
481,16,asset_root,-1.58068,-3.6745,0.153346,-5.58068,-7.6745,4.15335,-1.58069,-3.67451,0.153349,-1.58068,-3.6745,0.153346,2.14554e-05,16,2.14554e-05,1.92126
482,16,asset_root,-1.58069,-3.67451,0.153349,-5.58069,-7.67451,4.15335,-1.58087,-3.67468,0.153289,-1.58069,-3.67451,0.153349,0.000245374,16,0.000245374,1.91168
483,16,asset_root,-1.58087,-3.67468,0.153289,-5.58087,-7.67468,4.15329,-1.58094,-3.67475,0.153263,-1.58087,-3.67468,0.153289,0.000101408,16,0.000101408,1.90239
484,16,asset_root,-1.58094,-3.67475,0.153263,-5.58094,-7.67475,4.15326,-1.5811,-3.67489,0.153223,-1.58094,-3.67475,0.153263,0.000212223,16,0.000212223,1.89314
485,16,asset_root,-1.5811,-3.67489,0.153223,-5.5811,-7.67489,4.15322,-1.58121,-3.67497,0.153245,-1.5811,-3.67489,0.153223,0.000131785,16,0.000131785,1.88403
486,16,asset_root,-1.58121,-3.67497,0.153245,-5.58121,-7.67497,4.15325,-1.58117,-3.67492,0.153338,-1.58121,-3.67497,0.153245,6.45494e-05,16,6.45494e-05,1.87488
487,16,asset_root,-1.58117,-3.67492,0.153338,-5.58117,-7.67492,4.15334,-1.58117,-3.67494,0.153324,-1.58117,-3.67492,0.153338,2.13917e-05,16,2.13917e-05,1.86487
488,16,asset_root,-1.58117,-3.67494,0.153324,-5.58117,-7.67494,4.15332,-1.58133,-3.67507,0.153286,-1.58117,-3.67494,0.153324,0.000207248,16,0.000207248,1.8546
489,16,asset_root,-1.58133,-3.67507,0.153286,-5.58133,-7.67507,4.15329,-1.58131,-3.67504,0.153303,-1.58133,-3.67507,0.153286,3.91154e-05,16,3.91154e-05,1.84422
490,16,asset_root,-1.58131,-3.67504,0.153303,-5.58131,-7.67504,4.1533,-1.58124,-3.67498,0.153323,-1.58131,-3.67504,0.153303,8.72271e-05,16,8.72271e-05,1.83367
491,16,asset_root,-1.58124,-3.67498,0.153323,-5.58124,-7.67498,4.15332,-1.58116,-3.67496,0.153316,-1.58124,-3.67498,0.153323,8.28908e-05,16,8.28908e-05,1.8233
492,16,asset_root,-1.58116,-3.67496,0.153316,-5.58116,-7.67496,4.15332,-1.58103,-3.67484,0.153358,-1.58116,-3.67496,0.153316,0.00017912,16,0.00017912,1.81286
493,16,asset_root,-1.58103,-3.67484,0.153358,-5.58103,-7.67484,4.15336,-1.58105,-3.67486,0.153352,-1.58103,-3.67484,0.153358,2.45583e-05,16,2.45583e-05,1.80219
494,16,asset_root,-1.58105,-3.67486,0.153352,-5.58105,-7.67486,4.15335,-1.58108,-3.6749,0.153323,-1.58105,-3.67486,0.153352,5.35641e-05,16,5.35641e-05,1.79185
495,16,asset_root,-1.58108,-3.6749,0.153323,-5.58108,-7.6749,4.15332,-1.58109,-3.67491,0.153321,-1.58108,-3.6749,0.153323,1.48395e-05,16,1.48395e-05,1.78165
496,16,asset_root,-1.58109,-3.67491,0.153321,-5.58109,-7.67491,4.15332,-1.58104,-3.67486,0.153338,-1.58109,-3.67491,0.153321,7.12701e-05,16,7.12701e-05,1.77131
497,16,asset_root,-1.58104,-3.67486,0.153338,-5.58104,-7.67486,4.15334,-1.58095,-3.67478,0.153362,-1.58104,-3.67486,0.153338,0.000113574,16,0.000113574,1.76082
498,16,asset_root,-1.58095,-3.67478,0.153362,-5.58095,-7.67478,4.15336,-1.58099,-3.67481,0.153354,-1.58095,-3.67478,0.153362,4.37373e-05,16,4.37373e-05,1.75047
499,16,asset_root,-1.58099,-3.67481,0.153354,-5.58099,-7.67481,4.15335,-1.58101,-3.67483,0.153348,-1.58099,-3.67481,0.153354,3.389e-05,16,3.389e-05,1.74091
500,16,asset_root,-1.58101,-3.67483,0.153348,-5.58101,-7.67483,4.15335,-1.58097,-3.6748,0.153358,-1.58101,-3.67483,0.153348,5.52834e-05,16,5.52834e-05,1.73218
501,16,asset_root,-1.58097,-3.6748,0.153358,-5.58097,-7.6748,4.15336,-1.58093,-3.67475,0.153374,-1.58097,-3.6748,0.153358,6.2972e-05,16,6.2972e-05,1.72342
502,16,asset_root,-1.58093,-3.67475,0.153374,-5.58093,-7.67475,4.15337,-1.5807,-3.67468,0.153383,-1.58093,-3.67475,0.153374,0.000240948,16,0.000240948,1.71415
503,16,asset_root,-1.5807,-3.67468,0.153383,-5.5807,-7.67468,4.15338,-1.58027,-3.67465,0.153351,-1.5807,-3.67468,0.153383,0.000425447,16,0.000425447,1.70385
504,16,asset_root,-1.58027,-3.67465,0.153351,-5.58027,-7.67465,4.15335,-1.58008,-3.67466,0.153321,-1.58027,-3.67465,0.153351,0.000192146,16,0.000192146,1.69265
505,16,asset_root,-1.58008,-3.67466,0.153321,-5.58008,-7.67466,4.15332,-1.5802,-3.67477,0.153279,-1.58008,-3.67466,0.153321,0.00016118,16,0.00016118,1.68136
506,16,asset_root,-1.5802,-3.67477,0.153279,-5.5802,-7.67477,4.15328,-1.58029,-3.67485,0.153252,-1.5802,-3.67477,0.153279,0.000121006,16,0.000121006,1.67074
507,16,asset_root,-1.58029,-3.67485,0.153252,-5.58029,-7.67485,4.15325,-1.58025,-3.67481,0.153263,-1.58029,-3.67485,0.153252,5.37364e-05,16,5.37364e-05,1.66012
508,16,asset_root,-1.58025,-3.67481,0.153263,-5.58025,-7.67481,4.15326,-1.58018,-3.67475,0.153286,-1.58025,-3.67481,0.153263,9.51317e-05,16,9.51317e-05,1.64908
509,16,asset_root,-1.58018,-3.67475,0.153286,-5.58018,-7.67475,4.15329,-1.5802,-3.67477,0.15328,-1.58018,-3.67475,0.153286,2.9046e-05,16,2.9046e-05,1.63777
510,16,asset_root,-1.5802,-3.67477,0.15328,-5.5802,-7.67477,4.15328,-1.58003,-3.6746,0.153338,-1.5802,-3.67477,0.15328,0.0002374,16,0.0002374,1.62656
511,16,asset_root,-1.58003,-3.6746,0.153338,-5.58003,-7.6746,4.15334,-1.57988,-3.67446,0.153388,-1.58003,-3.6746,0.153338,0.000207252,16,0.000207252,1.61485
512,16,asset_root,-1.57988,-3.67446,0.153388,-5.57988,-7.67446,4.15339,-1.5799,-3.67448,0.153382,-1.57988,-3.67446,0.153388,2.46161e-05,16,2.46161e-05,1.60316
513,16,asset_root,-1.5799,-3.67448,0.153382,-5.5799,-7.67448,4.15338,-1.57995,-3.67452,0.153376,-1.5799,-3.67448,0.153382,7.30219e-05,16,7.30219e-05,1.59186
514,16,asset_root,-1.57995,-3.67452,0.153376,-5.57995,-7.67452,4.15338,-1.57986,-3.67444,0.153406,-1.57995,-3.67452,0.153376,0.000129562,16,0.000129562,1.58075
515,16,asset_root,-1.57986,-3.67444,0.153406,-5.57986,-7.67444,4.15341,-1.58001,-3.67458,0.153354,-1.57986,-3.67444,0.153406,0.000208334,16,0.000208334,1.56944
516,16,asset_root,-1.58001,-3.67458,0.153354,-5.58001,-7.67458,4.15335,-1.58018,-3.67475,0.153296,-1.58001,-3.67458,0.153354,0.00024296,16,0.00024296,1.55841
517,16,asset_root,-1.58018,-3.67475,0.153296,-5.58018,-7.67475,4.1533,-1.5801,-3.67468,0.153322,-1.58018,-3.67475,0.153296,0.00010922,16,0.00010922,1.54785
518,16,asset_root,-1.5801,-3.67468,0.153322,-5.5801,-7.67468,4.15332,-1.57999,-3.67456,0.153362,-1.5801,-3.67468,0.153322,0.000158978,16,0.000158978,1.53768
519,16,asset_root,-1.57999,-3.67456,0.153362,-5.57999,-7.67456,4.15336,-1.58006,-3.67464,0.153335,-1.57999,-3.67456,0.153362,0.000104019,16,0.000104019,1.52789
520,16,asset_root,-1.58006,-3.67464,0.153335,-5.58006,-7.67464,4.15333,-1.5801,-3.67468,0.153323,-1.58006,-3.67464,0.153335,5.64318e-05,16,5.64318e-05,1.51828
521,16,asset_root,-1.5801,-3.67468,0.153323,-5.5801,-7.67468,4.15332,-1.58012,-3.67469,0.153317,-1.5801,-3.67468,0.153323,2.07369e-05,16,2.07369e-05,1.50799
522,16,asset_root,-1.58012,-3.67469,0.153317,-5.58012,-7.67469,4.15332,-1.58025,-3.67482,0.153272,-1.58012,-3.67469,0.153317,0.000185198,16,0.000185198,1.49735
523,16,asset_root,-1.58025,-3.67482,0.153272,-5.58025,-7.67482,4.15327,-1.58043,-3.67498,0.153214,-1.58025,-3.67482,0.153272,0.00024337,16,0.00024337,1.48675
524,16,asset_root,-1.58043,-3.67498,0.153214,-5.58043,-7.67498,4.15321,-1.58048,-3.67502,0.153218,-1.58043,-3.67498,0.153214,6.30689e-05,16,6.30689e-05,1.47637
525,16,asset_root,-1.58048,-3.67502,0.153218,-5.58048,-7.67502,4.15322,-1.58047,-3.67501,0.153224,-1.58048,-3.67502,0.153218,2.03006e-05,16,2.03006e-05,1.466
526,16,asset_root,-1.58047,-3.67501,0.153224,-5.58047,-7.67501,4.15322,-1.58045,-3.67499,0.153244,-1.58047,-3.67501,0.153224,1.98493e-05,16,1.98493e-05,1.45563
527,16,asset_root,-1.58045,-3.67499,0.153244,-5.58045,-7.67499,4.15324,-1.58055,-3.67508,0.153229,-1.58045,-3.67499,0.153244,0.000132053,16,0.000132053,1.44509
528,16,asset_root,-1.58055,-3.67508,0.153229,-5.58055,-7.67508,4.15323,-1.58056,-3.67509,0.153232,-1.58055,-3.67508,0.153229,1.31655e-05,16,1.31655e-05,1.4347
529,16,asset_root,-1.58056,-3.67509,0.153232,-5.58056,-7.67509,4.15323,-1.58026,-3.675,0.153232,-1.58056,-3.67509,0.153232,0.000315133,16,0.000315133,1.42426
530,16,asset_root,-1.58026,-3.675,0.153232,-5.58026,-7.675,4.15323,-1.57981,-3.67485,0.153256,-1.58026,-3.675,0.153232,0.000474196,16,0.000474196,1.41359
531,16,asset_root,-1.57981,-3.67485,0.153256,-5.57981,-7.67485,4.15326,-1.57943,-3.67469,0.153295,-1.57981,-3.67485,0.153256,0.00040494,16,0.00040494,1.40276
532,16,asset_root,-1.57943,-3.67469,0.153295,-5.57943,-7.67469,4.1533,-1.57901,-3.67449,0.153338,-1.57943,-3.67469,0.153295,0.000468553,16,0.000468553,1.39187
533,16,asset_root,-1.57901,-3.67449,0.153338,-5.57901,-7.67449,4.15334,-1.57893,-3.67443,0.153352,-1.57901,-3.67449,0.153338,0.000100123,16,0.000100123,1.38062
534,16,asset_root,-1.57893,-3.67443,0.153352,-5.57893,-7.67443,4.15335,-1.579,-3.6745,0.15333,-1.57893,-3.67443,0.153352,9.93153e-05,16,9.93153e-05,1.37021
535,16,asset_root,-1.579,-3.6745,0.15333,-5.579,-7.6745,4.15333,-1.57904,-3.67454,0.153316,-1.579,-3.6745,0.15333,5.49605e-05,16,5.49605e-05,1.36057
536,16,asset_root,-1.57904,-3.67454,0.153316,-5.57904,-7.67454,4.15332,-1.57918,-3.67467,0.153268,-1.57904,-3.67454,0.153316,0.000188734,16,0.000188734,1.35157
537,16,asset_root,-1.57918,-3.67467,0.153268,-5.57918,-7.67467,4.15327,-1.5793,-3.67478,0.153241,-1.57918,-3.67467,0.153268,0.000169792,16,0.000169792,1.34313
538,16,asset_root,-1.5793,-3.67478,0.153241,-5.5793,-7.67478,4.15324,-1.57937,-3.67485,0.153219,-1.5793,-3.67478,0.153241,9.67407e-05,16,9.67407e-05,1.33458
539,16,asset_root,-1.57937,-3.67485,0.153219,-5.57937,-7.67485,4.15322,-1.57945,-3.67494,0.153185,-1.57937,-3.67485,0.153219,0.000118081,16,0.000118081,1.326
540,16,asset_root,-1.57945,-3.67494,0.153185,-5.57945,-7.67494,4.15318,-1.57952,-3.675,0.153162,-1.57945,-3.67494,0.153185,8.81714e-05,16,8.81714e-05,1.31724
541,16,asset_root,-1.57952,-3.675,0.153162,-5.57952,-7.675,4.15316,-1.57954,-3.67502,0.153152,-1.57952,-3.675,0.153162,3.64211e-05,16,3.64211e-05,1.30821
542,16,asset_root,-1.57954,-3.67502,0.153152,-5.57954,-7.67502,4.15315,-1.57959,-3.67507,0.15314,-1.57954,-3.67502,0.153152,6.69151e-05,16,6.69151e-05,1.2993
543,16,asset_root,-1.57959,-3.67507,0.15314,-5.57959,-7.67507,4.15314,-1.57951,-3.67503,0.153141,-1.57959,-3.67507,0.15314,8.98288e-05,16,8.98288e-05,1.29073
544,16,asset_root,-1.57951,-3.67503,0.153141,-5.57951,-7.67503,4.15314,-1.57937,-3.67487,0.153205,-1.57951,-3.67503,0.153141,0.000211807,16,0.000211807,1.28226
545,16,asset_root,-1.57937,-3.67487,0.153205,-5.57937,-7.67487,4.15321,-1.57921,-3.67472,0.153258,-1.57937,-3.67487,0.153205,0.000216081,16,0.000216081,1.27445
546,16,asset_root,-1.57921,-3.67472,0.153258,-5.57921,-7.67472,4.15326,-1.57902,-3.67454,0.153321,-1.57921,-3.67472,0.153258,0.000260723,16,0.000260723,1.26767
547,16,asset_root,-1.57902,-3.67454,0.153321,-5.57902,-7.67454,4.15332,-1.5789,-3.67445,0.153348,-1.57902,-3.67454,0.153321,0.000152729,16,0.000152729,1.26128
548,16,asset_root,-1.5789,-3.67445,0.153348,-5.5789,-7.67445,4.15335,-1.57897,-3.6745,0.153335,-1.5789,-3.67445,0.153348,8.9699e-05,16,8.9699e-05,1.25511
549,16,asset_root,-1.57897,-3.6745,0.153335,-5.57897,-7.6745,4.15334,-1.57887,-3.67441,0.153373,-1.57897,-3.6745,0.153335,0.000143116,16,0.000143116,1.24935
550,16,asset_root,-1.57887,-3.67441,0.153373,-5.57887,-7.67441,4.15337,-1.5786,-3.67424,0.153415,-1.57887,-3.67441,0.153373,0.00031914,16,0.00031914,1.24338
551,16,asset_root,-1.5786,-3.67424,0.153415,-5.5786,-7.67424,4.15342,-1.57846,-3.6741,0.153465,-1.5786,-3.67424,0.153415,0.000188848,16,0.000188848,1.23684
552,16,asset_root,-1.57846,-3.6741,0.153465,-5.57846,-7.6741,4.15346,-1.57841,-3.67405,0.153489,-1.57846,-3.6741,0.153465,7.5401e-05,16,7.5401e-05,1.22999
553,16,asset_root,-1.57841,-3.67405,0.153489,-5.57841,-7.67405,4.15349,-1.57863,-3.67425,0.153422,-1.57841,-3.67405,0.153489,0.00029666,16,0.00029666,1.2231
554,16,asset_root,-1.57863,-3.67425,0.153422,-5.57863,-7.67425,4.15342,-1.57879,-3.67443,0.15336,-1.57863,-3.67425,0.153422,0.00023413,16,0.00023413,1.21639
555,16,asset_root,-1.57879,-3.67443,0.15336,-5.57879,-7.67443,4.15336,-1.57896,-3.67459,0.153306,-1.57879,-3.67443,0.15336,0.000238071,16,0.000238071,1.20933
556,16,asset_root,-1.57896,-3.67459,0.153306,-5.57896,-7.67459,4.15331,-1.57894,-3.67457,0.153313,-1.57896,-3.67459,0.153306,2.50388e-05,16,2.50388e-05,1.20235
557,16,asset_root,-1.57894,-3.67457,0.153313,-5.57894,-7.67457,4.15331,-1.57903,-3.67463,0.153327,-1.57894,-3.67457,0.153313,0.000106015,16,0.000106015,1.19507
558,16,asset_root,-1.57903,-3.67463,0.153327,-5.57903,-7.67463,4.15333,-1.5792,-3.67479,0.15333,-1.57903,-3.67463,0.153327,0.000233982,16,0.000233982,1.18789
559,16,asset_root,-1.5792,-3.67479,0.15333,-5.5792,-7.67479,4.15333,-1.57924,-3.67488,0.153299,-1.5792,-3.67479,0.15333,0.000102825,16,0.000102825,1.18056
560,16,asset_root,-1.57924,-3.67488,0.153299,-5.57924,-7.67488,4.1533,-1.57928,-3.67491,0.153289,-1.57924,-3.67488,0.153299,4.29526e-05,16,4.29526e-05,1.17291
561,16,asset_root,-1.57928,-3.67491,0.153289,-5.57928,-7.67491,4.15329,-1.57925,-3.67487,0.1533,-1.57928,-3.67491,0.153289,4.60321e-05,16,4.60321e-05,1.16532
562,16,asset_root,-1.57925,-3.67487,0.1533,-5.57925,-7.67487,4.1533,-1.5792,-3.67483,0.153313,-1.57925,-3.67487,0.1533,5.94203e-05,16,5.94203e-05,1.15762
563,16,asset_root,-1.5792,-3.67483,0.153313,-5.5792,-7.67483,4.15331,-1.57927,-3.6749,0.153291,-1.5792,-3.67483,0.153313,9.47447e-05,16,9.47447e-05,1.14984
564,16,asset_root,-1.57927,-3.6749,0.153291,-5.57927,-7.6749,4.15329,-1.57931,-3.67494,0.153279,-1.57927,-3.6749,0.153291,5.90297e-05,16,5.90297e-05,1.14221
565,16,asset_root,-1.57931,-3.67494,0.153279,-5.57931,-7.67494,4.15328,-1.57926,-3.6749,0.153287,-1.57931,-3.67494,0.153279,6.68207e-05,16,6.68207e-05,1.13459
566,16,asset_root,-1.57926,-3.6749,0.153287,-5.57926,-7.6749,4.15329,-1.57923,-3.67487,0.153299,-1.57926,-3.6749,0.153287,4.39527e-05,16,4.39527e-05,1.12774
567,16,asset_root,-1.57923,-3.67487,0.153299,-5.57923,-7.67487,4.1533,-1.57908,-3.67472,0.153348,-1.57923,-3.67487,0.153299,0.00021165,16,0.00021165,1.12193
568,16,asset_root,-1.57908,-3.67472,0.153348,-5.57908,-7.67472,4.15335,-1.57896,-3.67463,0.153338,-1.57908,-3.67472,0.153348,0.000150633,16,0.000150633,1.11631
569,16,asset_root,-1.57896,-3.67463,0.153338,-5.57896,-7.67463,4.15334,-1.57892,-3.67461,0.153354,-1.57896,-3.67463,0.153338,4.08253e-05,16,4.08253e-05,1.11046
570,16,asset_root,-1.57892,-3.67461,0.153354,-5.57892,-7.67461,4.15335,-1.57889,-3.67456,0.153398,-1.57892,-3.67461,0.153354,5.40355e-05,16,5.40355e-05,1.10472
571,16,asset_root,-1.57889,-3.67456,0.153398,-5.57889,-7.67456,4.1534,-1.579,-3.67468,0.153377,-1.57889,-3.67456,0.153398,0.000160483,16,0.000160483,1.09926
572,16,asset_root,-1.579,-3.67468,0.153377,-5.579,-7.67468,4.15338,-1.57921,-3.67488,0.153312,-1.579,-3.67468,0.153377,0.000284112,16,0.000284112,1.0938
573,16,asset_root,-1.57921,-3.67488,0.153312,-5.57921,-7.67488,4.15331,-1.57942,-3.67508,0.153241,-1.57921,-3.67488,0.153312,0.000296246,16,0.000296246,1.08799
574,16,asset_root,-1.57942,-3.67508,0.153241,-5.57942,-7.67508,4.15324,-1.57957,-3.67521,0.153212,-1.57942,-3.67508,0.153241,0.000200265,16,0.000200265,1.08217
575,16,asset_root,-1.57957,-3.67521,0.153212,-5.57957,-7.67521,4.15321,-1.57969,-3.67533,0.153171,-1.57957,-3.67521,0.153212,0.00016589,16,0.00016589,1.07629
576,16,asset_root,-1.57969,-3.67533,0.153171,-5.57969,-7.67533,4.15317,-1.57973,-3.67537,0.153157,-1.57969,-3.67533,0.153171,6.03552e-05,16,6.03552e-05,1.07059
577,16,asset_root,-1.57973,-3.67537,0.153157,-5.57973,-7.67537,4.15316,-1.57967,-3.67531,0.153181,-1.57973,-3.67537,0.153157,9.16319e-05,16,9.16319e-05,1.06496
578,16,asset_root,-1.57967,-3.67531,0.153181,-5.57967,-7.67531,4.15318,-1.57965,-3.6753,0.153186,-1.57967,-3.67531,0.153181,2.09893e-05,16,2.09893e-05,1.05924
579,16,asset_root,-1.57965,-3.6753,0.153186,-5.57965,-7.6753,4.15319,-1.57968,-3.67531,0.153209,-1.57965,-3.6753,0.153186,3.01899e-05,16,3.01899e-05,1.05385
580,16,asset_root,-1.57968,-3.67531,0.153209,-5.57968,-7.67531,4.15321,-1.57955,-3.67522,0.153234,-1.57968,-3.67531,0.153209,0.000155362,16,0.000155362,1.04873
581,16,asset_root,-1.57955,-3.67522,0.153234,-5.57955,-7.67522,4.15323,-1.57956,-3.67525,0.15321,-1.57955,-3.67522,0.153234,3.26529e-05,16,3.26529e-05,1.04364
582,16,asset_root,-1.57956,-3.67525,0.15321,-5.57956,-7.67525,4.15321,-1.57923,-3.67517,0.153202,-1.57956,-3.67525,0.15321,0.000342927,16,0.000342927,1.03887
583,16,asset_root,-1.57923,-3.67517,0.153202,-5.57923,-7.67517,4.1532,-1.57899,-3.67511,0.153202,-1.57923,-3.67517,0.153202,0.000243626,16,0.000243626,1.03376
584,16,asset_root,-1.57899,-3.67511,0.153202,-5.57899,-7.67511,4.1532,-1.57891,-3.67501,0.153251,-1.57899,-3.67511,0.153202,0.000124184,16,0.000124184,1.02879
585,16,asset_root,-1.57891,-3.67501,0.153251,-5.57891,-7.67501,4.15325,-1.57882,-3.67493,0.153282,-1.57891,-3.67501,0.153251,0.000119278,16,0.000119278,1.0242
586,16,asset_root,-1.57882,-3.67493,0.153282,-5.57882,-7.67493,4.15328,-1.57891,-3.67502,0.153244,-1.57882,-3.67493,0.153282,0.000123361,16,0.000123361,1.01991
587,16,asset_root,-1.57891,-3.67502,0.153244,-5.57891,-7.67502,4.15324,-1.57901,-3.67512,0.153211,-1.57891,-3.67502,0.153244,0.000143214,16,0.000143214,1.01613
588,16,asset_root,-1.57901,-3.67512,0.153211,-5.57901,-7.67512,4.15321,-1.57895,-3.67507,0.153223,-1.57901,-3.67512,0.153211,8.54035e-05,16,8.54035e-05,1.01264
589,16,asset_root,-1.57895,-3.67507,0.153223,-5.57895,-7.67507,4.15322,-1.57896,-3.67507,0.153225,-1.57895,-3.67507,0.153223,1.92589e-05,16,1.92589e-05,1.00937
590,16,asset_root,-1.57896,-3.67507,0.153225,-5.57896,-7.67507,4.15323,-1.5789,-3.67501,0.153248,-1.57896,-3.67507,0.153225,9.02874e-05,16,9.02874e-05,1.00672
591,16,asset_root,-1.5789,-3.67501,0.153248,-5.5789,-7.67501,4.15325,-1.57872,-3.67484,0.153306,-1.5789,-3.67501,0.153248,0.00024336,16,0.00024336,1.00469
592,16,asset_root,-1.57872,-3.67484,0.153306,-5.57872,-7.67484,4.15331,-1.57863,-3.67475,0.153333,-1.57872,-3.67484,0.153306,0.000128198,16,0.000128198,1.00312
593,16,asset_root,-1.57863,-3.67475,0.153333,-5.57863,-7.67475,4.15333,-1.57866,-3.67477,0.153329,-1.57863,-3.67475,0.153333,3.37716e-05,16,3.37716e-05,1.00193
594,16,asset_root,-1.57866,-3.67477,0.153329,-5.57866,-7.67477,4.15333,-1.57878,-3.67494,0.153254,-1.57866,-3.67477,0.153329,0.000212098,16,0.000212098,1.00097
595,16,asset_root,-1.57878,-3.67494,0.153254,-5.57878,-7.67494,4.15325,-1.57886,-3.67501,0.153227,-1.57878,-3.67494,0.153254,0.000100824,16,0.000100824,1.00034
596,16,asset_root,-1.57886,-3.67501,0.153227,-5.57886,-7.67501,4.15323,-1.57894,-3.6751,0.153192,-1.57886,-3.67501,0.153227,0.000126369,16,0.000126369,0.999762
597,16,asset_root,-1.57894,-3.6751,0.153192,-5.57894,-7.6751,4.15319,-1.57877,-3.67502,0.153196,-1.57894,-3.6751,0.153192,0.000189902,16,0.000189902,0.999341
598,16,asset_root,-1.57877,-3.67502,0.153196,-5.57877,-7.67502,4.1532,-1.57868,-3.67493,0.153224,-1.57877,-3.67502,0.153196,0.000129087,16,0.000129087,0.99884
599,16,asset_root,-1.57868,-3.67493,0.153224,-5.57868,-7.67493,4.15322,-1.57864,-3.67488,0.153249,-1.57868,-3.67493,0.153224,6.21212e-05,16,6.21212e-05,0.998725
600,16,asset_root,-1.57864,-3.67488,0.153249,-5.57864,-7.67488,4.15325,-1.57868,-3.67491,0.153233,-1.57864,-3.67488,0.153249,4.25268e-05,16,4.25268e-05,0.999276
601,16,asset_root,-1.57868,-3.67491,0.153233,-5.57868,-7.67491,4.15323,-1.57877,-3.675,0.153199,-1.57868,-3.67491,0.153233,0.000138496,16,0.000138496,1.00001
602,16,asset_root,-1.57877,-3.675,0.153199,-5.57877,-7.675,4.1532,-1.57884,-3.67506,0.153186,-1.57877,-3.675,0.153199,8.84845e-05,16,8.84845e-05,1.00084
603,16,asset_root,-1.57884,-3.67506,0.153186,-5.57884,-7.67506,4.15319,-1.5789,-3.67509,0.15323,-1.57884,-3.67506,0.153186,6.40299e-05,16,6.40299e-05,1.00207
604,16,asset_root,-1.5789,-3.67509,0.15323,-5.5789,-7.67509,4.15323,-1.57893,-3.67513,0.153218,-1.5789,-3.67509,0.15323,4.70877e-05,16,4.70877e-05,1.00367
605,16,asset_root,-1.57893,-3.67513,0.153218,-5.57893,-7.67513,4.15322,-1.57903,-3.67523,0.153179,-1.57893,-3.67513,0.153218,0.000149724,16,0.000149724,1.00526
606,16,asset_root,-1.57903,-3.67523,0.153179,-5.57903,-7.67523,4.15318,-1.57914,-3.67534,0.153143,-1.57903,-3.67523,0.153179,0.000147185,16,0.000147185,1.00668
607,16,asset_root,-1.57914,-3.67534,0.153143,-5.57914,-7.67534,4.15314,-1.5792,-3.67538,0.153144,-1.57914,-3.67534,0.153143,8.01813e-05,16,8.01813e-05,1.00812
608,16,asset_root,-1.5792,-3.67538,0.153144,-5.5792,-7.67538,4.15314,-1.5793,-3.67548,0.153112,-1.5792,-3.67538,0.153144,0.000134567,16,0.000134567,1.00967
609,16,asset_root,-1.5793,-3.67548,0.153112,-5.5793,-7.67548,4.15311,-1.57935,-3.67552,0.153105,-1.5793,-3.67548,0.153112,6.58355e-05,16,6.58355e-05,1.01178
610,16,asset_root,-1.57935,-3.67552,0.153105,-5.57935,-7.67552,4.15311,-1.5793,-3.67548,0.153119,-1.57935,-3.67552,0.153105,6.37676e-05,16,6.37676e-05,1.01449
611,16,asset_root,-1.5793,-3.67548,0.153119,-5.5793,-7.67548,4.15312,-1.57934,-3.67552,0.153105,-1.5793,-3.67548,0.153119,5.90672e-05,16,5.90672e-05,1.01775
612,16,asset_root,-1.57934,-3.67552,0.153105,-5.57934,-7.67552,4.1531,-1.57922,-3.67539,0.153165,-1.57934,-3.67552,0.153105,0.000180817,16,0.000180817,1.02143
613,16,asset_root,-1.57922,-3.67539,0.153165,-5.57922,-7.67539,4.15316,-1.57893,-3.67512,0.153274,-1.57922,-3.67539,0.153165,0.000394118,16,0.000394118,1.02496
614,16,asset_root,-1.57893,-3.67512,0.153274,-5.57893,-7.67512,4.15327,-1.57865,-3.67484,0.153381,-1.57893,-3.67512,0.153274,0.00039192,16,0.00039192,1.02787
615,16,asset_root,-1.57865,-3.67484,0.153381,-5.57865,-7.67484,4.15338,-1.57854,-3.67476,0.1534,-1.57865,-3.67484,0.153381,0.000139476,16,0.000139476,1.03049
616,16,asset_root,-1.57854,-3.67476,0.1534,-5.57854,-7.67476,4.1534,-1.57865,-3.67486,0.153366,-1.57854,-3.67476,0.1534,0.000142499,16,0.000142499,1.03306
617,16,asset_root,-1.57865,-3.67486,0.153366,-5.57865,-7.67486,4.15337,-1.57877,-3.67497,0.153329,-1.57865,-3.67486,0.153366,0.000165989,16,0.000165989,1.03558
618,16,asset_root,-1.57877,-3.67497,0.153329,-5.57877,-7.67497,4.15333,-1.57886,-3.67507,0.153292,-1.57877,-3.67497,0.153329,0.000138173,16,0.000138173,1.0381
619,16,asset_root,-1.57886,-3.67507,0.153292,-5.57886,-7.67507,4.15329,-1.57883,-3.67503,0.153307,-1.57886,-3.67507,0.153292,5.69163e-05,16,5.69163e-05,1.04118
620,16,asset_root,-1.57883,-3.67503,0.153307,-5.57883,-7.67503,4.15331,-1.57885,-3.67502,0.153381,-1.57883,-3.67503,0.153307,2.8094e-05,16,2.8094e-05,1.04493
621,16,asset_root,-1.57885,-3.67502,0.153381,-5.57885,-7.67502,4.15338,-1.57891,-3.67507,0.153381,-1.57885,-3.67502,0.153381,7.06115e-05,16,7.06115e-05,1.04962
622,16,asset_root,-1.57891,-3.67507,0.153381,-5.57891,-7.67507,4.15338,-1.579,-3.67516,0.153349,-1.57891,-3.67507,0.153381,0.000133024,16,0.000133024,1.05483
623,16,asset_root,-1.579,-3.67516,0.153349,-5.579,-7.67516,4.15335,-1.579,-3.67516,0.153349,-1.579,-3.67516,0.153349,1.54972e-06,16,1.54972e-06,1.05962
624,16,asset_root,-1.579,-3.67516,0.153349,-5.579,-7.67516,4.15335,-1.579,-3.67517,0.153346,-1.579,-3.67516,0.153349,4.31959e-06,16,4.31959e-06,1.06391
625,16,asset_root,-1.579,-3.67517,0.153346,-5.579,-7.67517,4.15335,-1.57915,-3.67532,0.153289,-1.579,-3.67517,0.153346,0.000214359,16,0.000214359,1.06794
626,16,asset_root,-1.57915,-3.67532,0.153289,-5.57915,-7.67532,4.15329,-1.57906,-3.67522,0.153332,-1.57915,-3.67532,0.153289,0.000134872,16,0.000134872,1.07222
627,16,asset_root,-1.57906,-3.67522,0.153332,-5.57906,-7.67522,4.15333,-1.57883,-3.675,0.153407,-1.57906,-3.67522,0.153332,0.000324518,16,0.000324518,1.07644
628,16,asset_root,-1.57883,-3.675,0.153407,-5.57883,-7.675,4.15341,-1.57842,-3.67484,0.153401,-1.57883,-3.675,0.153407,0.000438258,16,0.000438258,1.08105
629,16,asset_root,-1.57842,-3.67484,0.153401,-5.57842,-7.67484,4.1534,-1.57819,-3.67473,0.153429,-1.57842,-3.67484,0.153401,0.000255599,16,0.000255599,1.08649
630,16,asset_root,-1.57819,-3.67473,0.153429,-5.57819,-7.67473,4.15343,-1.57799,-3.67456,0.153473,-1.57819,-3.67473,0.153429,0.000257104,16,0.000257104,1.09231
631,16,asset_root,-1.57799,-3.67456,0.153473,-5.57799,-7.67456,4.15347,-1.57797,-3.67454,0.153482,-1.57799,-3.67456,0.153473,3.22112e-05,16,3.22112e-05,1.09802
632,16,asset_root,-1.57797,-3.67454,0.153482,-5.57797,-7.67454,4.15348,-1.57819,-3.67474,0.153422,-1.57797,-3.67454,0.153482,0.00029992,16,0.00029992,1.10434
633,16,asset_root,-1.57819,-3.67474,0.153422,-5.57819,-7.67474,4.15342,-1.57828,-3.67483,0.153405,-1.57819,-3.67474,0.153422,0.000127653,16,0.000127653,1.11126
634,16,asset_root,-1.57828,-3.67483,0.153405,-5.57828,-7.67483,4.15341,-1.57822,-3.67477,0.153445,-1.57828,-3.67483,0.153405,8.63017e-05,16,8.63017e-05,1.11789
635,16,asset_root,-1.57822,-3.67477,0.153445,-5.57822,-7.67477,4.15345,-1.5783,-3.67485,0.153423,-1.57822,-3.67477,0.153445,0.000109993,16,0.000109993,1.12374
636,16,asset_root,-1.5783,-3.67485,0.153423,-5.5783,-7.67485,4.15342,-1.57842,-3.67497,0.153382,-1.5783,-3.67485,0.153423,0.000172381,16,0.000172381,1.1298
637,16,asset_root,-1.57842,-3.67497,0.153382,-5.57842,-7.67497,4.15338,-1.57855,-3.6751,0.153335,-1.57842,-3.67497,0.153382,0.000179799,16,0.000179799,1.13698
638,16,asset_root,-1.57855,-3.6751,0.153335,-5.57855,-7.6751,4.15334,-1.57862,-3.67519,0.153292,-1.57855,-3.6751,0.153335,0.000113609,16,0.000113609,1.14486
639,16,asset_root,-1.57862,-3.67519,0.153292,-5.57862,-7.67519,4.15329,-1.57866,-3.67522,0.153278,-1.57862,-3.67519,0.153292,5.97247e-05,16,5.97247e-05,1.15348
640,16,asset_root,-1.57866,-3.67522,0.153278,-5.57866,-7.67522,4.15328,-1.57865,-3.67519,0.153301,-1.57866,-3.67522,0.153278,3.71683e-05,16,3.71683e-05,1.16194
641,16,asset_root,-1.57865,-3.67519,0.153301,-5.57865,-7.67519,4.1533,-1.57866,-3.67521,0.153296,-1.57865,-3.67519,0.153301,2.09269e-05,16,2.09269e-05,1.16976
642,16,asset_root,-1.57866,-3.67521,0.153296,-5.57866,-7.67521,4.1533,-1.57872,-3.67526,0.153284,-1.57866,-3.67521,0.153296,8.51095e-05,16,8.51095e-05,1.17715
643,16,asset_root,-1.57872,-3.67526,0.153284,-5.57872,-7.67526,4.15328,-1.57862,-3.67518,0.153314,-1.57872,-3.67526,0.153284,0.000132473,16,0.000132473,1.1844
644,16,asset_root,-1.57862,-3.67518,0.153314,-5.57862,-7.67518,4.15331,-1.57861,-3.6752,0.153295,-1.57862,-3.67518,0.153314,2.57669e-05,16,2.57669e-05,1.19161
645,16,asset_root,-1.57861,-3.6752,0.153295,-5.57861,-7.6752,4.15329,-1.57855,-3.67513,0.153325,-1.57861,-3.6752,0.153295,8.94502e-05,16,8.94502e-05,1.19925
646,16,asset_root,-1.57855,-3.67513,0.153325,-5.57855,-7.67513,4.15333,-1.57836,-3.67495,0.153385,-1.57855,-3.67513,0.153325,0.000257823,16,0.000257823,1.20702
647,16,asset_root,-1.57836,-3.67495,0.153385,-5.57836,-7.67495,4.15338,-1.57836,-3.67494,0.153387,-1.57836,-3.67495,0.153385,7.20502e-06,16,7.20502e-06,1.21483
648,16,asset_root,-1.57836,-3.67494,0.153387,-5.57836,-7.67494,4.15339,-1.57837,-3.67496,0.153382,-1.57836,-3.67494,0.153387,2.17484e-05,16,2.17484e-05,1.22274
649,16,asset_root,-1.57837,-3.67496,0.153382,-5.57837,-7.67496,4.15338,-1.57823,-3.67484,0.153421,-1.57837,-3.67496,0.153382,0.000184325,16,0.000184325,1.23079
650,16,asset_root,-1.57823,-3.67484,0.153421,-5.57823,-7.67484,4.15342,-1.57829,-3.67489,0.153406,-1.57823,-3.67484,0.153421,7.33911e-05,16,7.33911e-05,1.23848
651,16,asset_root,-1.57829,-3.67489,0.153406,-5.57829,-7.67489,4.15341,-1.57836,-3.67495,0.15339,-1.57829,-3.67489,0.153406,9.50496e-05,16,9.50496e-05,1.24598
652,16,asset_root,-1.57836,-3.67495,0.15339,-5.57836,-7.67495,4.15339,-1.57836,-3.67495,0.153392,-1.57836,-3.67495,0.15339,3.59412e-06,16,3.59412e-06,1.25331
653,16,asset_root,-1.57836,-3.67495,0.153392,-5.57836,-7.67495,4.15339,-1.57844,-3.67502,0.15337,-1.57836,-3.67495,0.153392,9.86564e-05,16,9.86564e-05,1.26044
654,16,asset_root,-1.57844,-3.67502,0.15337,-5.57844,-7.67502,4.15337,-1.57862,-3.67519,0.153311,-1.57844,-3.67502,0.15337,0.000250228,16,0.000250228,1.26758
655,16,asset_root,-1.57862,-3.67519,0.153311,-5.57862,-7.67519,4.15331,-1.57891,-3.67548,0.153208,-1.57862,-3.67519,0.153311,0.000411684,16,0.000411684,1.27513
656,16,asset_root,-1.57891,-3.67548,0.153208,-5.57891,-7.67548,4.15321,-1.57895,-3.67559,0.153153,-1.57891,-3.67548,0.153208,0.000115411,16,0.000115411,1.28332
657,16,asset_root,-1.57895,-3.67559,0.153153,-5.57895,-7.67559,4.15315,-1.57884,-3.67549,0.153188,-1.57895,-3.67559,0.153153,0.000139507,16,0.000139507,1.29134
658,16,asset_root,-1.57884,-3.67549,0.153188,-5.57884,-7.67549,4.15319,-1.57883,-3.67547,0.153195,-1.57884,-3.67549,0.153188,2.57108e-05,16,2.57108e-05,1.29912
659,16,asset_root,-1.57883,-3.67547,0.153195,-5.57883,-7.67547,4.1532,-1.57885,-3.6755,0.153186,-1.57883,-3.67547,0.153195,3.46571e-05,16,3.46571e-05,1.30686
660,16,asset_root,-1.57885,-3.6755,0.153186,-5.57885,-7.6755,4.15319,-1.57885,-3.6755,0.153187,-1.57885,-3.6755,0.153186,8.34465e-07,16,8.34465e-07,1.31442
661,16,asset_root,-1.57885,-3.6755,0.153187,-5.57885,-7.6755,4.15319,-1.57891,-3.67555,0.153167,-1.57885,-3.6755,0.153187,8.23873e-05,16,8.23873e-05,1.32225
662,16,asset_root,-1.57891,-3.67555,0.153167,-5.57891,-7.67555,4.15317,-1.57888,-3.67553,0.153177,-1.57891,-3.67555,0.153167,4.29956e-05,16,4.29956e-05,1.33057
663,16,asset_root,-1.57888,-3.67553,0.153177,-5.57888,-7.67553,4.15318,-1.57892,-3.67556,0.15316,-1.57888,-3.67553,0.153177,5.13403e-05,16,5.13403e-05,1.33933
664,16,asset_root,-1.57892,-3.67556,0.15316,-5.57892,-7.67556,4.15316,-1.57898,-3.67562,0.153139,-1.57892,-3.67556,0.15316,8.79351e-05,16,8.79351e-05,1.34841
665,16,asset_root,-1.57898,-3.67562,0.153139,-5.57898,-7.67562,4.15314,-1.57897,-3.67561,0.153146,-1.57898,-3.67562,0.153139,2.15818e-05,16,2.15818e-05,1.35778
666,16,asset_root,-1.57897,-3.67561,0.153146,-5.57897,-7.67561,4.15315,-1.57887,-3.67552,0.153174,-1.57897,-3.67561,0.153146,0.000124391,16,0.000124391,1.36702
667,16,asset_root,-1.57887,-3.67552,0.153174,-5.57887,-7.67552,4.15317,-1.57877,-3.67543,0.153209,-1.57887,-3.67552,0.153174,0.000136411,16,0.000136411,1.37614
668,16,asset_root,-1.57877,-3.67543,0.153209,-5.57877,-7.67543,4.15321,-1.57868,-3.67532,0.153262,-1.57877,-3.67543,0.153209,0.000144222,16,0.000144222,1.38533
669,16,asset_root,-1.57868,-3.67532,0.153262,-5.57868,-7.67532,4.15326,-1.5787,-3.67534,0.153263,-1.57868,-3.67532,0.153262,2.15792e-05,16,2.15792e-05,1.39448
670,16,asset_root,-1.5787,-3.67534,0.153263,-5.5787,-7.67534,4.15326,-1.57863,-3.67528,0.153295,-1.5787,-3.67534,0.153263,8.79054e-05,16,8.79054e-05,1.40333
671,16,asset_root,-1.57863,-3.67528,0.153295,-5.57863,-7.67528,4.1533,-1.57856,-3.67521,0.153318,-1.57863,-3.67528,0.153295,9.94612e-05,16,9.94612e-05,1.41176
672,16,asset_root,-1.57856,-3.67521,0.153318,-5.57856,-7.67521,4.15332,-1.57856,-3.67522,0.153314,-1.57856,-3.67521,0.153318,6.59433e-06,16,6.59433e-06,1.42022
673,16,asset_root,-1.57856,-3.67522,0.153314,-5.57856,-7.67522,4.15331,-1.57849,-3.67514,0.153351,-1.57856,-3.67522,0.153314,0.000101423,16,0.000101423,1.42901
674,16,asset_root,-1.57849,-3.67514,0.153351,-5.57849,-7.67514,4.15335,-1.57836,-3.67502,0.153391,-1.57849,-3.67514,0.153351,0.000176898,16,0.000176898,1.43786
675,16,asset_root,-1.57836,-3.67502,0.153391,-5.57836,-7.67502,4.15339,-1.57842,-3.67509,0.153357,-1.57836,-3.67502,0.153391,8.90378e-05,16,8.90378e-05,1.4468
676,16,asset_root,-1.57842,-3.67509,0.153357,-5.57842,-7.67509,4.15336,-1.57851,-3.67526,0.15329,-1.57842,-3.67509,0.153357,0.000191704,16,0.000191704,1.43778
677,16,asset_root,-1.57851,-3.67526,0.15329,-5.57851,-7.67526,4.15329,-1.57853,-3.67535,0.153245,-1.57851,-3.67526,0.15329,9.74458e-05,16,9.74458e-05,1.4264
678,16,asset_root,-1.57853,-3.67535,0.153245,-5.57853,-7.67535,4.15324,-1.57845,-3.67527,0.153279,-1.57853,-3.67535,0.153245,0.000119108,16,0.000119108,1.41542
679,16,asset_root,-1.57845,-3.67527,0.153279,-5.57845,-7.67527,4.15328,-1.57827,-3.67514,0.1533,-1.57845,-3.67527,0.153279,0.000217581,16,0.000217581,1.40458
680,16,asset_root,-1.57827,-3.67514,0.1533,-5.57827,-7.67514,4.1533,-1.5783,-3.67516,0.153293,-1.57827,-3.67514,0.1533,3.72765e-05,16,3.72765e-05,1.39381
681,16,asset_root,-1.5783,-3.67516,0.153293,-5.5783,-7.67516,4.15329,-1.57832,-3.67518,0.153287,-1.5783,-3.67516,0.153293,2.43855e-05,16,2.43855e-05,1.38267
682,16,asset_root,-1.57832,-3.67518,0.153287,-5.57832,-7.67518,4.15329,-1.57831,-3.67518,0.153284,-1.57832,-3.67518,0.153287,6.2457e-06,16,6.2457e-06,1.37213
683,16,asset_root,-1.57831,-3.67518,0.153284,-5.57831,-7.67518,4.15328,-1.5782,-3.67515,0.153276,-1.57831,-3.67518,0.153284,0.000111904,16,0.000111904,1.36234
684,16,asset_root,-1.5782,-3.67515,0.153276,-5.5782,-7.67515,4.15328,-1.57807,-3.67503,0.153319,-1.5782,-3.67515,0.153276,0.000186873,16,0.000186873,1.35318
685,16,asset_root,-1.57807,-3.67503,0.153319,-5.57807,-7.67503,4.15332,-1.57802,-3.67498,0.153334,-1.57807,-3.67503,0.153319,7.00968e-05,16,7.00968e-05,1.34405
686,16,asset_root,-1.57802,-3.67498,0.153334,-5.57802,-7.67498,4.15333,-1.57796,-3.67491,0.153367,-1.57802,-3.67498,0.153334,8.6909e-05,16,8.6909e-05,1.3342
687,16,asset_root,-1.57796,-3.67491,0.153367,-5.57796,-7.67491,4.15337,-1.57787,-3.67483,0.153392,-1.57796,-3.67491,0.153367,0.00011812,16,0.00011812,1.32441
688,16,asset_root,-1.57787,-3.67483,0.153392,-5.57787,-7.67483,4.15339,-1.57805,-3.67501,0.153333,-1.57787,-3.67483,0.153392,0.000249991,16,0.000249991,1.31509
689,16,asset_root,-1.57805,-3.67501,0.153333,-5.57805,-7.67501,4.15333,-1.57808,-3.67502,0.153341,-1.57805,-3.67501,0.153333,2.84231e-05,16,2.84231e-05,1.30577
690,16,asset_root,-1.57808,-3.67502,0.153341,-5.57808,-7.67502,4.15334,-1.57803,-3.67498,0.153356,-1.57808,-3.67502,0.153341,6.42692e-05,16,6.42692e-05,1.29698
691,16,asset_root,-1.57803,-3.67498,0.153356,-5.57803,-7.67498,4.15336,-1.57807,-3.67503,0.153336,-1.57803,-3.67498,0.153356,6.42498e-05,16,6.42498e-05,1.28846
692,16,asset_root,-1.57807,-3.67503,0.153336,-5.57807,-7.67503,4.15334,-1.57806,-3.67502,0.153338,-1.57807,-3.67503,0.153336,1.14466e-05,16,1.14466e-05,1.27986
693,16,asset_root,-1.57806,-3.67502,0.153338,-5.57806,-7.67502,4.15334,-1.57803,-3.67499,0.153346,-1.57806,-3.67502,0.153338,4.0223e-05,16,4.0223e-05,1.27125
694,16,asset_root,-1.57803,-3.67499,0.153346,-5.57803,-7.67499,4.15335,-1.57808,-3.67503,0.153338,-1.57803,-3.67499,0.153346,5.59283e-05,16,5.59283e-05,1.26258
695,16,asset_root,-1.57808,-3.67503,0.153338,-5.57808,-7.67503,4.15334,-1.5781,-3.67515,0.153281,-1.57808,-3.67503,0.153338,0.00011811,16,0.00011811,1.25362
696,16,asset_root,-1.5781,-3.67515,0.153281,-5.5781,-7.67515,4.15328,-1.57815,-3.67519,0.153272,-1.5781,-3.67515,0.153281,6.27879e-05,16,6.27879e-05,1.24457
697,16,asset_root,-1.57815,-3.67519,0.153272,-5.57815,-7.67519,4.15327,-1.57809,-3.67515,0.153286,-1.57815,-3.67519,0.153272,6.60016e-05,16,6.60016e-05,1.23575
698,16,asset_root,-1.57809,-3.67515,0.153286,-5.57809,-7.67515,4.15329,-1.57819,-3.67523,0.153257,-1.57809,-3.67515,0.153286,0.000128094,16,0.000128094,1.22701
699,16,asset_root,-1.57819,-3.67523,0.153257,-5.57819,-7.67523,4.15326,-1.57821,-3.67525,0.15325,-1.57819,-3.67523,0.153257,2.48702e-05,16,2.48702e-05,1.21815
700,16,asset_root,-1.57821,-3.67525,0.15325,-5.57821,-7.67525,4.15325,-1.57821,-3.67526,0.153248,-1.57821,-3.67525,0.15325,9.3471e-06,16,9.3471e-06,1.20955
701,16,asset_root,-1.57821,-3.67526,0.153248,-5.57821,-7.67526,4.15325,-1.57822,-3.67526,0.153249,-1.57821,-3.67526,0.153248,1.13123e-05,16,1.13123e-05,1.20076
702,16,asset_root,-1.57822,-3.67526,0.153249,-5.57822,-7.67526,4.15325,-1.5784,-3.67544,0.153188,-1.57822,-3.67526,0.153249,0.000250163,16,0.000250163,1.19202
703,16,asset_root,-1.5784,-3.67544,0.153188,-5.5784,-7.67544,4.15319,-1.57844,-3.67548,0.153175,-1.5784,-3.67544,0.153188,5.70699e-05,16,5.70699e-05,1.18372
704,16,asset_root,-1.57844,-3.67548,0.153175,-5.57844,-7.67548,4.15318,-1.57829,-3.67533,0.15323,-1.57844,-3.67548,0.153175,0.000209431,16,0.000209431,1.17607
705,16,asset_root,-1.57829,-3.67533,0.15323,-5.57829,-7.67533,4.15323,-1.57823,-3.67526,0.153263,-1.57829,-3.67533,0.15323,9.74152e-05,16,9.74152e-05,1.16907
706,16,asset_root,-1.57823,-3.67526,0.153263,-5.57823,-7.67526,4.15326,-1.57816,-3.67519,0.153302,-1.57823,-3.67526,0.153263,9.14618e-05,16,9.14618e-05,1.1623
707,16,asset_root,-1.57816,-3.67519,0.153302,-5.57816,-7.67519,4.1533,-1.57801,-3.67505,0.153376,-1.57816,-3.67519,0.153302,0.000210404,16,0.000210404,1.15539
708,16,asset_root,-1.57801,-3.67505,0.153376,-5.57801,-7.67505,4.15338,-1.57788,-3.67492,0.153417,-1.57801,-3.67505,0.153376,0.000180355,16,0.000180355,1.14849
709,16,asset_root,-1.57788,-3.67492,0.153417,-5.57788,-7.67492,4.15342,-1.57786,-3.6749,0.153426,-1.57788,-3.67492,0.153417,3.22006e-05,16,3.22006e-05,1.14161
710,16,asset_root,-1.57786,-3.6749,0.153426,-5.57786,-7.6749,4.15343,-1.57785,-3.67489,0.153429,-1.57786,-3.6749,0.153426,9.77807e-06,16,9.77807e-06,1.13466
711,16,asset_root,-1.57785,-3.67489,0.153429,-5.57785,-7.67489,4.15343,-1.57781,-3.67485,0.153441,-1.57785,-3.67489,0.153429,5.94773e-05,16,5.94773e-05,1.12761
712,16,asset_root,-1.57781,-3.67485,0.153441,-5.57781,-7.67485,4.15344,-1.57777,-3.67482,0.153452,-1.57781,-3.67485,0.153441,4.99577e-05,16,4.99577e-05,1.12025
713,16,asset_root,-1.57777,-3.67482,0.153452,-5.57777,-7.67482,4.15345,-1.5777,-3.67479,0.153454,-1.57777,-3.67482,0.153452,7.68734e-05,16,7.68734e-05,1.11257
714,16,asset_root,-1.5777,-3.67479,0.153454,-5.5777,-7.67479,4.15345,-1.57778,-3.67487,0.153425,-1.5777,-3.67479,0.153454,0.000118608,16,0.000118608,1.10478
715,16,asset_root,-1.57778,-3.67487,0.153425,-5.57778,-7.67487,4.15343,-1.57794,-3.67501,0.153382,-1.57778,-3.67487,0.153425,0.000209529,16,0.000209529,1.09682
716,16,asset_root,-1.57794,-3.67501,0.153382,-5.57794,-7.67501,4.15338,-1.57798,-3.67505,0.153369,-1.57794,-3.67501,0.153382,5.42862e-05,16,5.42862e-05,1.08872
717,16,asset_root,-1.57798,-3.67505,0.153369,-5.57798,-7.67505,4.15337,-1.57775,-3.67511,0.1533,-1.57798,-3.67505,0.153369,0.000229689,16,0.000229689,1.08087
718,16,asset_root,-1.57775,-3.67511,0.1533,-5.57775,-7.67511,4.1533,-1.57762,-3.67521,0.153234,-1.57775,-3.67511,0.1533,0.000170507,16,0.000170507,1.07317
719,16,asset_root,-1.57762,-3.67521,0.153234,-5.57762,-7.67521,4.15323,-1.57763,-3.67522,0.153235,-1.57762,-3.67521,0.153234,1.50506e-05,16,1.50506e-05,1.06511
720,16,asset_root,-1.57763,-3.67522,0.153235,-5.57763,-7.67522,4.15324,-1.57766,-3.67525,0.153228,-1.57763,-3.67522,0.153235,4.45206e-05,16,4.45206e-05,1.05679
721,16,asset_root,-1.57766,-3.67525,0.153228,-5.57766,-7.67525,4.15323,-1.57764,-3.67528,0.153208,-1.57766,-3.67525,0.153228,3.56394e-05,16,3.56394e-05,1.04844
722,16,asset_root,-1.57764,-3.67528,0.153208,-5.57764,-7.67528,4.15321,-1.57767,-3.6753,0.153198,-1.57764,-3.67528,0.153208,4.37886e-05,16,4.37886e-05,1.04083
723,16,asset_root,-1.57767,-3.6753,0.153198,-5.57767,-7.6753,4.1532,-1.57758,-3.67521,0.15324,-1.57767,-3.6753,0.153198,0.000130131,16,0.000130131,1.03422
724,16,asset_root,-1.57758,-3.67521,0.15324,-5.57758,-7.67521,4.15324,-1.5777,-3.6753,0.153281,-1.57758,-3.67521,0.15324,0.000151697,16,0.000151697,1.02857
725,16,asset_root,-1.5777,-3.6753,0.153281,-5.5777,-7.6753,4.15328,-1.57772,-3.67533,0.153278,-1.5777,-3.6753,0.153281,3.31841e-05,16,3.31841e-05,1.02256
726,16,asset_root,-1.57772,-3.67533,0.153278,-5.57772,-7.67533,4.15328,-1.57782,-3.67542,0.153245,-1.57772,-3.67533,0.153278,0.000134874,16,0.000134874,1.01625
727,16,asset_root,-1.57782,-3.67542,0.153245,-5.57782,-7.67542,4.15324,-1.57781,-3.67541,0.153251,-1.57782,-3.67542,0.153245,1.48572e-05,16,1.48572e-05,1.00993
728,16,asset_root,-1.57781,-3.67541,0.153251,-5.57781,-7.67541,4.15325,-1.57759,-3.67538,0.153225,-1.57781,-3.67541,0.153251,0.000223959,16,0.000223959,1.00398
729,16,asset_root,-1.57759,-3.67538,0.153225,-5.57759,-7.67538,4.15322,-1.57741,-3.67543,0.153177,-1.57759,-3.67538,0.153225,0.000190196,16,0.000190196,0.998357
730,16,asset_root,-1.57741,-3.67543,0.153177,-5.57741,-7.67543,4.15318,-1.57736,-3.6754,0.153181,-1.57741,-3.67543,0.153177,5.31065e-05,16,5.31065e-05,0.993043
731,16,asset_root,-1.57736,-3.6754,0.153181,-5.57736,-7.6754,4.15318,-1.57708,-3.67514,0.15327,-1.57736,-3.6754,0.153181,0.00038381,16,0.00038381,0.987817
732,16,asset_root,-1.57708,-3.67514,0.15327,-5.57708,-7.67514,4.15327,-1.57698,-3.67505,0.153304,-1.57708,-3.67514,0.15327,0.000136576,16,0.000136576,0.982648
733,16,asset_root,-1.57698,-3.67505,0.153304,-5.57698,-7.67505,4.1533,-1.57715,-3.67521,0.153245,-1.57698,-3.67505,0.153304,0.00023259,16,0.00023259,0.977271
734,16,asset_root,-1.57715,-3.67521,0.153245,-5.57715,-7.67521,4.15325,-1.57722,-3.67528,0.153224,-1.57715,-3.67521,0.153245,0.000104953,16,0.000104953,0.971701
735,16,asset_root,-1.57722,-3.67528,0.153224,-5.57722,-7.67528,4.15322,-1.57717,-3.67522,0.153245,-1.57722,-3.67528,0.153224,8.26932e-05,16,8.26932e-05,0.966503
736,16,asset_root,-1.57717,-3.67522,0.153245,-5.57717,-7.67522,4.15325,-1.57718,-3.67525,0.153234,-1.57717,-3.67522,0.153245,3.06868e-05,16,3.06868e-05,0.961637
737,16,asset_root,-1.57718,-3.67525,0.153234,-5.57718,-7.67525,4.15323,-1.57721,-3.67533,0.15319,-1.57718,-3.67525,0.153234,9.26232e-05,16,9.26232e-05,0.956656
738,16,asset_root,-1.57721,-3.67533,0.15319,-5.57721,-7.67533,4.15319,-1.57731,-3.67543,0.153162,-1.57721,-3.67533,0.15319,0.000132475,16,0.000132475,0.951726
739,16,asset_root,-1.57731,-3.67543,0.153162,-5.57731,-7.67543,4.15316,-1.57731,-3.67542,0.153162,-1.57731,-3.67543,0.153162,4.21806e-06,16,4.21806e-06,0.946773
740,16,asset_root,-1.57731,-3.67542,0.153162,-5.57731,-7.67542,4.15316,-1.57721,-3.67533,0.153193,-1.57731,-3.67542,0.153162,0.000129278,16,0.000129278,0.942286
741,16,asset_root,-1.57721,-3.67533,0.153193,-5.57721,-7.67533,4.15319,-1.57716,-3.67528,0.153212,-1.57721,-3.67533,0.153193,7.52755e-05,16,7.52755e-05,0.938225
742,16,asset_root,-1.57716,-3.67528,0.153212,-5.57716,-7.67528,4.15321,-1.57711,-3.67521,0.153267,-1.57716,-3.67528,0.153212,8.48587e-05,16,8.48587e-05,0.934304
743,16,asset_root,-1.57711,-3.67521,0.153267,-5.57711,-7.67521,4.15327,-1.57704,-3.67515,0.153291,-1.57711,-3.67521,0.153267,9.55904e-05,16,9.55904e-05,0.930403
744,16,asset_root,-1.57704,-3.67515,0.153291,-5.57704,-7.67515,4.15329,-1.57708,-3.67518,0.153282,-1.57704,-3.67515,0.153291,5.57875e-05,16,5.57875e-05,0.926725
745,16,asset_root,-1.57708,-3.67518,0.153282,-5.57708,-7.67518,4.15328,-1.57717,-3.67527,0.153255,-1.57708,-3.67518,0.153282,0.000121305,16,0.000121305,0.923497
746,16,asset_root,-1.57717,-3.67527,0.153255,-5.57717,-7.67527,4.15326,-1.57719,-3.67529,0.153264,-1.57717,-3.67527,0.153255,3.14893e-05,16,3.14893e-05,0.921208
747,16,asset_root,-1.57719,-3.67529,0.153264,-5.57719,-7.67529,4.15326,-1.57711,-3.67521,0.153301,-1.57719,-3.67529,0.153264,0.000115267,16,0.000115267,0.919647
748,16,asset_root,-1.57711,-3.67521,0.153301,-5.57711,-7.67521,4.1533,-1.57717,-3.67526,0.153282,-1.57711,-3.67521,0.153301,8.113e-05,16,8.113e-05,0.918605
749,16,asset_root,-1.57717,-3.67526,0.153282,-5.57717,-7.67526,4.15328,-1.57729,-3.67539,0.153236,-1.57717,-3.67526,0.153282,0.000176852,16,0.000176852,0.917677
750,16,asset_root,-1.57729,-3.67539,0.153236,-5.57729,-7.67539,4.15324,-1.57744,-3.67551,0.1532,-1.57729,-3.67539,0.153236,0.0001926,16,0.0001926,0.9167
751,16,asset_root,-1.57744,-3.67551,0.1532,-5.57744,-7.67551,4.1532,-1.57749,-3.67557,0.153181,-1.57744,-3.67551,0.1532,7.34766e-05,16,7.34766e-05,0.915715
752,16,asset_root,-1.57749,-3.67557,0.153181,-5.57749,-7.67557,4.15318,-1.57754,-3.67561,0.153171,-1.57749,-3.67557,0.153181,6.54801e-05,16,6.54801e-05,0.914796
753,16,asset_root,-1.57754,-3.67561,0.153171,-5.57754,-7.67561,4.15317,-1.57754,-3.67562,0.153166,-1.57754,-3.67561,0.153171,6.5695e-06,16,6.5695e-06,0.913826
754,16,asset_root,-1.57754,-3.67562,0.153166,-5.57754,-7.67562,4.15317,-1.57752,-3.67559,0.153191,-1.57754,-3.67562,0.153166,3.77419e-05,16,3.77419e-05,0.9129
755,16,asset_root,-1.57752,-3.67559,0.153191,-5.57752,-7.67559,4.15319,-1.57736,-3.67544,0.153243,-1.57752,-3.67559,0.153191,0.000214397,16,0.000214397,0.912228
756,16,asset_root,-1.57736,-3.67544,0.153243,-5.57736,-7.67544,4.15324,-1.5773,-3.67539,0.15326,-1.57736,-3.67544,0.153243,7.99418e-05,16,7.99418e-05,0.91242
757,16,asset_root,-1.5773,-3.67539,0.15326,-5.5773,-7.67539,4.15326,-1.57728,-3.67536,0.153291,-1.5773,-3.67539,0.15326,3.69664e-05,16,3.69664e-05,0.912826
758,16,asset_root,-1.57728,-3.67536,0.153291,-5.57728,-7.67536,4.15329,-1.57732,-3.6754,0.153274,-1.57728,-3.67536,0.153291,5.67297e-05,16,5.67297e-05,0.913185
759,16,asset_root,-1.57732,-3.6754,0.153274,-5.57732,-7.6754,4.15327,-1.57733,-3.67544,0.153246,-1.57732,-3.6754,0.153274,4.14944e-05,16,4.14944e-05,0.913382
760,16,asset_root,-1.57733,-3.67544,0.153246,-5.57733,-7.67544,4.15325,-1.57739,-3.6755,0.153232,-1.57733,-3.67544,0.153246,8.6272e-05,16,8.6272e-05,0.913469
761,16,asset_root,-1.57739,-3.6755,0.153232,-5.57739,-7.6755,4.15323,-1.57726,-3.67536,0.153312,-1.57739,-3.6755,0.153232,0.000181432,16,0.000181432,0.913422
762,16,asset_root,-1.57726,-3.67536,0.153312,-5.57726,-7.67536,4.15331,-1.57703,-3.67514,0.153388,-1.57726,-3.67536,0.153312,0.000324591,16,0.000324591,0.913817
763,16,asset_root,-1.57703,-3.67514,0.153388,-5.57703,-7.67514,4.15339,-1.57699,-3.6751,0.1534,-1.57703,-3.67514,0.153388,5.01803e-05,16,5.01803e-05,0.91447
764,16,asset_root,-1.57699,-3.6751,0.1534,-5.57699,-7.6751,4.1534,-1.57685,-3.67497,0.153441,-1.57699,-3.6751,0.1534,0.000193874,16,0.000193874,0.914954
765,16,asset_root,-1.57685,-3.67497,0.153441,-5.57685,-7.67497,4.15344,-1.57672,-3.67484,0.153485,-1.57685,-3.67497,0.153441,0.000184435,16,0.000184435,0.915463
766,16,asset_root,-1.57672,-3.67484,0.153485,-5.57672,-7.67484,4.15349,-1.57666,-3.67479,0.153506,-1.57672,-3.67484,0.153485,8.36193e-05,16,8.36193e-05,0.916425
767,16,asset_root,-1.57666,-3.67479,0.153506,-5.57666,-7.67479,4.15351,-1.5765,-3.67463,0.15355,-1.57666,-3.67479,0.153506,0.000221273,16,0.000221273,0.917977
768,16,asset_root,-1.5765,-3.67463,0.15355,-5.5765,-7.67463,4.15355,-1.57627,-3.67442,0.153616,-1.5765,-3.67463,0.15355,0.000317088,16,0.000317088,0.919954
769,16,asset_root,-1.57627,-3.67442,0.153616,-5.57627,-7.67442,4.15362,-1.576,-3.67416,0.153688,-1.57627,-3.67442,0.153616,0.000367168,16,0.000367168,0.921883
770,16,asset_root,-1.576,-3.67416,0.153688,-5.576,-7.67416,4.15369,-1.57598,-3.67424,0.153648,-1.576,-3.67416,0.153688,8.16785e-05,16,8.16785e-05,0.923636
771,16,asset_root,-1.57598,-3.67424,0.153648,-5.57598,-7.67424,4.15365,-1.576,-3.67451,0.153544,-1.57598,-3.67424,0.153648,0.000265895,16,0.000265895,0.925084
772,16,asset_root,-1.576,-3.67451,0.153544,-5.576,-7.67451,4.15354,-1.57604,-3.67454,0.153549,-1.576,-3.67451,0.153544,4.74149e-05,16,4.74149e-05,0.926499
773,16,asset_root,-1.57604,-3.67454,0.153549,-5.57604,-7.67454,4.15355,-1.57605,-3.67455,0.153544,-1.57604,-3.67454,0.153549,1.96026e-05,16,1.96026e-05,0.928402
774,16,asset_root,-1.57605,-3.67455,0.153544,-5.57605,-7.67455,4.15354,-1.57614,-3.67464,0.153521,-1.57605,-3.67455,0.153544,0.000122605,16,0.000122605,0.930695
775,16,asset_root,-1.57614,-3.67464,0.153521,-5.57614,-7.67464,4.15352,-1.57621,-3.67472,0.153485,-1.57614,-3.67464,0.153521,0.000107667,16,0.000107667,0.933015
776,16,asset_root,-1.57621,-3.67472,0.153485,-5.57621,-7.67472,4.15349,-1.57632,-3.67482,0.153454,-1.57621,-3.67472,0.153485,0.000149204,16,0.000149204,0.935474
777,16,asset_root,-1.57632,-3.67482,0.153454,-5.57632,-7.67482,4.15345,-1.5763,-3.67479,0.153466,-1.57632,-3.67482,0.153454,3.51206e-05,16,3.51206e-05,0.938171
778,16,asset_root,-1.5763,-3.67479,0.153466,-5.5763,-7.67479,4.15347,-1.5763,-3.6748,0.153464,-1.5763,-3.67479,0.153466,8.35571e-06,16,8.35571e-06,0.941118
779,16,asset_root,-1.5763,-3.6748,0.153464,-5.5763,-7.6748,4.15346,-1.57628,-3.67476,0.153501,-1.5763,-3.6748,0.153464,4.98118e-05,16,4.98118e-05,0.943909
780,16,asset_root,-1.57628,-3.67476,0.153501,-5.57628,-7.67476,4.1535,-1.57624,-3.67473,0.153512,-1.57628,-3.67476,0.153501,4.54538e-05,16,4.54538e-05,0.946539
781,16,asset_root,-1.57624,-3.67473,0.153512,-5.57624,-7.67473,4.15351,-1.57644,-3.67492,0.153452,-1.57624,-3.67473,0.153512,0.000271243,16,0.000271243,0.949238
782,16,asset_root,-1.57644,-3.67492,0.153452,-5.57644,-7.67492,4.15345,-1.57646,-3.67494,0.15345,-1.57644,-3.67492,0.153452,3.54926e-05,16,3.54926e-05,0.952351
783,16,asset_root,-1.57646,-3.67494,0.15345,-5.57646,-7.67494,4.15345,-1.57629,-3.67478,0.153503,-1.57646,-3.67494,0.15345,0.00023428,16,0.00023428,0.95605
784,16,asset_root,-1.57629,-3.67478,0.153503,-5.57629,-7.67478,4.1535,-1.57611,-3.67461,0.153556,-1.57629,-3.67478,0.153503,0.000251167,16,0.000251167,0.959936
785,16,asset_root,-1.57611,-3.67461,0.153556,-5.57611,-7.67461,4.15356,-1.576,-3.6745,0.153585,-1.57611,-3.67461,0.153556,0.000155438,16,0.000155438,0.9638
786,16,asset_root,-1.576,-3.6745,0.153585,-5.576,-7.6745,4.15359,-1.576,-3.6745,0.15359,-1.576,-3.6745,0.153585,5.05762e-06,16,5.05762e-06,0.967775
787,16,asset_root,-1.576,-3.6745,0.15359,-5.576,-7.6745,4.15359,-1.57591,-3.67445,0.153593,-1.576,-3.6745,0.15359,9.78809e-05,16,9.78809e-05,0.971656
788,16,asset_root,-1.57591,-3.67445,0.153593,-5.57591,-7.67445,4.15359,-1.57594,-3.6745,0.153555,-1.57591,-3.67445,0.153593,5.54983e-05,16,5.54983e-05,0.975627
789,16,asset_root,-1.57594,-3.6745,0.153555,-5.57594,-7.6745,4.15356,-1.57595,-3.67453,0.153537,-1.57594,-3.6745,0.153555,3.09035e-05,16,3.09035e-05,0.979696
790,16,asset_root,-1.57595,-3.67453,0.153537,-5.57595,-7.67453,4.15354,-1.57615,-3.67471,0.153481,-1.57595,-3.67453,0.153537,0.00026711,16,0.00026711,0.983639
791,16,asset_root,-1.57615,-3.67471,0.153481,-5.57615,-7.67471,4.15348,-1.57619,-3.67476,0.153442,-1.57615,-3.67471,0.153481,6.15925e-05,16,6.15925e-05,0.987633
792,16,asset_root,-1.57619,-3.67476,0.153442,-5.57619,-7.67476,4.15344,-1.5763,-3.67486,0.15341,-1.57619,-3.67476,0.153442,0.000151191,16,0.000151191,0.992014
793,16,asset_root,-1.5763,-3.67486,0.15341,-5.5763,-7.67486,4.15341,-1.57654,-3.6751,0.153329,-1.5763,-3.67486,0.15341,0.000340385,16,0.000340385,0.996648
794,16,asset_root,-1.57654,-3.6751,0.153329,-5.57654,-7.6751,4.15333,-1.57666,-3.67521,0.153292,-1.57654,-3.6751,0.153329,0.000168076,16,0.000168076,1.00158
795,16,asset_root,-1.57666,-3.67521,0.153292,-5.57666,-7.67521,4.15329,-1.57663,-3.67518,0.153304,-1.57666,-3.67521,0.153292,4.60321e-05,16,4.60321e-05,1.00707
796,16,asset_root,-1.57663,-3.67518,0.153304,-5.57663,-7.67518,4.1533,-1.5766,-3.67526,0.153257,-1.57663,-3.67518,0.153304,8.36527e-05,16,8.36527e-05,1.01324
797,16,asset_root,-1.5766,-3.67526,0.153257,-5.5766,-7.67526,4.15326,-1.57674,-3.67538,0.153238,-1.5766,-3.67526,0.153257,0.000182913,16,0.000182913,1.01966
798,16,asset_root,-1.57674,-3.67538,0.153238,-5.57674,-7.67538,4.15324,-1.57659,-3.67524,0.153296,-1.57674,-3.67538,0.153238,0.00021287,16,0.00021287,1.02621
799,16,asset_root,-1.57659,-3.67524,0.153296,-5.57659,-7.67524,4.1533,-1.57646,-3.67512,0.153338,-1.57659,-3.67524,0.153296,0.000170541,16,0.000170541,1.03299
800,16,asset_root,-1.57646,-3.67512,0.153338,-5.57646,-7.67512,4.15334,-1.57634,-3.67499,0.153385,-1.57646,-3.67512,0.153338,0.000176862,16,0.000176862,1.03978
801,16,asset_root,-1.57634,-3.67499,0.153385,-5.57634,-7.67499,4.15338,-1.57628,-3.67494,0.153403,-1.57634,-3.67499,0.153385,8.23149e-05,16,8.23149e-05,1.04679
802,16,asset_root,-1.57628,-3.67494,0.153403,-5.57628,-7.67494,4.1534,-1.57615,-3.67482,0.153442,-1.57628,-3.67494,0.153403,0.000169117,16,0.000169117,1.054
803,16,asset_root,-1.57615,-3.67482,0.153442,-5.57615,-7.67482,4.15344,-1.57614,-3.6748,0.153449,-1.57615,-3.67482,0.153442,2.64325e-05,16,2.64325e-05,1.06148
804,16,asset_root,-1.57614,-3.6748,0.153449,-5.57614,-7.6748,4.15345,-1.57621,-3.67487,0.153424,-1.57614,-3.6748,0.153449,9.82103e-05,16,9.82103e-05,1.06878
805,16,asset_root,-1.57621,-3.67487,0.153424,-5.57621,-7.67487,4.15342,-1.57641,-3.67507,0.15336,-1.57621,-3.67487,0.153424,0.000285105,16,0.000285105,1.07569
806,16,asset_root,-1.57641,-3.67507,0.15336,-5.57641,-7.67507,4.15336,-1.57648,-3.67513,0.153348,-1.57641,-3.67507,0.15336,9.03164e-05,16,9.03164e-05,1.08246
807,16,asset_root,-1.57648,-3.67513,0.153348,-5.57648,-7.67513,4.15335,-1.57649,-3.67516,0.15333,-1.57648,-3.67513,0.153348,3.10816e-05,16,3.10816e-05,1.0894
808,16,asset_root,-1.57649,-3.67516,0.15333,-5.57649,-7.67516,4.15333,-1.57642,-3.67516,0.153317,-1.57649,-3.67516,0.15333,7.05833e-05,16,7.05833e-05,1.09664
809,16,asset_root,-1.57642,-3.67516,0.153317,-5.57642,-7.67516,4.15332,-1.57602,-3.67508,0.153283,-1.57642,-3.67516,0.153317,0.000406474,16,0.000406474,1.10428
810,16,asset_root,-1.57602,-3.67508,0.153283,-5.57602,-7.67508,4.15328,-1.57604,-3.67517,0.153235,-1.57602,-3.67508,0.153283,9.21234e-05,16,9.21234e-05,1.1123
811,16,asset_root,-1.57604,-3.67517,0.153235,-5.57604,-7.67517,4.15323,-1.57615,-3.67528,0.153199,-1.57604,-3.67517,0.153235,0.000154776,16,0.000154776,1.11991
812,16,asset_root,-1.57615,-3.67528,0.153199,-5.57615,-7.67528,4.1532,-1.57625,-3.67538,0.15316,-1.57615,-3.67528,0.153199,0.000145414,16,0.000145414,1.12708
813,16,asset_root,-1.57625,-3.67538,0.15316,-5.57625,-7.67538,4.15316,-1.57627,-3.6754,0.153151,-1.57625,-3.67538,0.15316,2.5007e-05,16,2.5007e-05,1.13417
814,16,asset_root,-1.57627,-3.6754,0.153151,-5.57627,-7.6754,4.15315,-1.57621,-3.67535,0.153176,-1.57627,-3.6754,0.153151,7.97463e-05,16,7.97463e-05,1.14132
815,16,asset_root,-1.57621,-3.67535,0.153176,-5.57621,-7.67535,4.15318,-1.57603,-3.67517,0.153242,-1.57621,-3.67535,0.153176,0.000257525,16,0.000257525,1.14896
816,16,asset_root,-1.57603,-3.67517,0.153242,-5.57603,-7.67517,4.15324,-1.57607,-3.6752,0.15323,-1.57603,-3.67517,0.153242,5.3272e-05,16,5.3272e-05,1.1572
817,16,asset_root,-1.57607,-3.6752,0.15323,-5.57607,-7.6752,4.15323,-1.57622,-3.67536,0.153174,-1.57607,-3.6752,0.15323,0.000219842,16,0.000219842,1.16556
818,16,asset_root,-1.57622,-3.67536,0.153174,-5.57622,-7.67536,4.15317,-1.57605,-3.67534,0.153153,-1.57622,-3.67536,0.153174,0.000178793,16,0.000178793,1.17426
819,16,asset_root,-1.57605,-3.67534,0.153153,-5.57605,-7.67534,4.15315,-1.57591,-3.67521,0.153209,-1.57605,-3.67534,0.153153,0.000196832,16,0.000196832,1.18375
820,16,asset_root,-1.57591,-3.67521,0.153209,-5.57591,-7.67521,4.15321,-1.57575,-3.67506,0.15326,-1.57591,-3.67521,0.153209,0.000211159,16,0.000211159,1.19349
821,16,asset_root,-1.57575,-3.67506,0.15326,-5.57575,-7.67506,4.15326,-1.57562,-3.67496,0.153284,-1.57575,-3.67506,0.15326,0.000168038,16,0.000168038,1.20295
822,16,asset_root,-1.57562,-3.67496,0.153284,-5.57562,-7.67496,4.15328,-1.57557,-3.6749,0.153336,-1.57562,-3.67496,0.153284,7.26242e-05,16,7.26242e-05,1.21247
823,16,asset_root,-1.57557,-3.6749,0.153336,-5.57557,-7.6749,4.15334,-1.57546,-3.67479,0.153367,-1.57557,-3.6749,0.153336,0.000154858,16,0.000154858,1.22201
824,16,asset_root,-1.57546,-3.67479,0.153367,-5.57546,-7.67479,4.15337,-1.57554,-3.67486,0.153348,-1.57546,-3.67479,0.153367,9.79912e-05,16,9.79912e-05,1.23178
825,16,asset_root,-1.57554,-3.67486,0.153348,-5.57554,-7.67486,4.15335,-1.57572,-3.67504,0.153287,-1.57554,-3.67486,0.153348,0.000255166,16,0.000255166,1.24139
826,16,asset_root,-1.57572,-3.67504,0.153287,-5.57572,-7.67504,4.15329,-1.57576,-3.67507,0.153279,-1.57572,-3.67504,0.153287,5.6479e-05,16,5.6479e-05,1.25079
827,16,asset_root,-1.57576,-3.67507,0.153279,-5.57576,-7.67507,4.15328,-1.5757,-3.67501,0.153299,-1.57576,-3.67507,0.153279,8.96528e-05,16,8.96528e-05,1.26013
828,16,asset_root,-1.5757,-3.67501,0.153299,-5.5757,-7.67501,4.1533,-1.57573,-3.67505,0.153287,-1.5757,-3.67501,0.153299,5.32736e-05,16,5.32736e-05,1.26918
829,16,asset_root,-1.57573,-3.67505,0.153287,-5.57573,-7.67505,4.15329,-1.57577,-3.67509,0.15327,-1.57573,-3.67505,0.153287,5.76727e-05,16,5.76727e-05,1.27764
830,16,asset_root,-1.57577,-3.67509,0.15327,-5.57577,-7.67509,4.15327,-1.5759,-3.67521,0.153234,-1.57577,-3.67509,0.15327,0.00016499,16,0.00016499,1.28572
831,16,asset_root,-1.5759,-3.67521,0.153234,-5.5759,-7.67521,4.15323,-1.57592,-3.67525,0.153193,-1.5759,-3.67521,0.153234,4.97925e-05,16,4.97925e-05,1.29383
832,16,asset_root,-1.57592,-3.67525,0.153193,-5.57592,-7.67525,4.15319,-1.5758,-3.67519,0.153171,-1.57592,-3.67525,0.153193,0.000137545,16,0.000137545,1.30217
833,16,asset_root,-1.5758,-3.67519,0.153171,-5.5758,-7.67519,4.15317,-1.57556,-3.67518,0.153137,-1.5758,-3.67519,0.153171,0.000243244,16,0.000243244,1.31063
834,16,asset_root,-1.57556,-3.67518,0.153137,-5.57556,-7.67518,4.15314,-1.57552,-3.67514,0.153159,-1.57556,-3.67518,0.153137,5.85944e-05,16,5.85944e-05,1.31947
835,16,asset_root,-1.57552,-3.67514,0.153159,-5.57552,-7.67514,4.15316,-1.57558,-3.67519,0.153153,-1.57552,-3.67514,0.153159,8.69088e-05,16,8.69088e-05,1.32901
836,16,asset_root,-1.57558,-3.67519,0.153153,-5.57558,-7.67519,4.15315,-1.57563,-3.67526,0.153144,-1.57558,-3.67519,0.153153,8.14423e-05,16,8.14423e-05,1.33906
837,16,asset_root,-1.57563,-3.67526,0.153144,-5.57563,-7.67526,4.15314,-1.57573,-3.67536,0.153107,-1.57563,-3.67526,0.153144,0.000142459,16,0.000142459,1.3491
838,16,asset_root,-1.57573,-3.67536,0.153107,-5.57573,-7.67536,4.15311,-1.57586,-3.67549,0.15306,-1.57573,-3.67536,0.153107,0.00017973,16,0.00017973,1.35924
839,16,asset_root,-1.57586,-3.67549,0.15306,-5.57586,-7.67549,4.15306,-1.57591,-3.67553,0.153043,-1.57586,-3.67549,0.15306,6.54128e-05,16,6.54128e-05,1.36981
840,16,asset_root,-1.57591,-3.67553,0.153043,-5.57591,-7.67553,4.15304,-1.57596,-3.67558,0.153027,-1.57591,-3.67553,0.153043,7.20912e-05,16,7.20912e-05,1.38056
841,16,asset_root,-1.57596,-3.67558,0.153027,-5.57596,-7.67558,4.15303,-1.57603,-3.67564,0.153041,-1.57596,-3.67558,0.153027,9.25194e-05,16,9.25194e-05,1.39126
842,16,asset_root,-1.57603,-3.67564,0.153041,-5.57603,-7.67564,4.15304,-1.57597,-3.67559,0.153065,-1.57603,-3.67564,0.153041,7.96433e-05,16,7.96433e-05,1.40194
843,16,asset_root,-1.57597,-3.67559,0.153065,-5.57597,-7.67559,4.15306,-1.57582,-3.67544,0.153123,-1.57597,-3.67559,0.153065,0.000213945,16,0.000213945,1.41273
844,16,asset_root,-1.57582,-3.67544,0.153123,-5.57582,-7.67544,4.15312,-1.57564,-3.67525,0.153195,-1.57582,-3.67544,0.153123,0.000252499,16,0.000252499,1.42373
845,16,asset_root,-1.57564,-3.67525,0.153195,-5.57564,-7.67525,4.1532,-1.57561,-3.67522,0.153212,-1.57564,-3.67525,0.153195,4.8736e-05,16,4.8736e-05,1.43453
846,16,asset_root,-1.57561,-3.67522,0.153212,-5.57561,-7.67522,4.15321,-1.5757,-3.67532,0.153179,-1.57561,-3.67522,0.153212,0.000133034,16,0.000133034,1.44505
847,16,asset_root,-1.5757,-3.67532,0.153179,-5.5757,-7.67532,4.15318,-1.57582,-3.67543,0.153148,-1.5757,-3.67532,0.153179,0.000165602,16,0.000165602,1.45555
848,16,asset_root,-1.57582,-3.67543,0.153148,-5.57582,-7.67543,4.15315,-1.57583,-3.67541,0.153225,-1.57582,-3.67543,0.153148,1.93446e-05,16,1.93446e-05,1.46634
849,16,asset_root,-1.57583,-3.67541,0.153225,-5.57583,-7.67541,4.15323,-1.57566,-3.67524,0.153282,-1.57583,-3.67541,0.153225,0.000232484,16,0.000232484,1.47725
850,16,asset_root,-1.57566,-3.67524,0.153282,-5.57566,-7.67524,4.15328,-1.57565,-3.67524,0.153282,-1.57566,-3.67524,0.153282,1.51133e-05,16,1.51133e-05,1.48796
851,16,asset_root,-1.57565,-3.67524,0.153282,-5.57565,-7.67524,4.15328,-1.57554,-3.67513,0.153323,-1.57565,-3.67524,0.153282,0.000150717,16,0.000150717,1.49836
852,16,asset_root,-1.57554,-3.67513,0.153323,-5.57554,-7.67513,4.15332,-1.57525,-3.67484,0.153418,-1.57554,-3.67513,0.153323,0.000413198,16,0.000413198,1.50883
853,16,asset_root,-1.57525,-3.67484,0.153418,-5.57525,-7.67484,4.15342,-1.57511,-3.6747,0.153464,-1.57525,-3.67484,0.153418,0.000196578,16,0.000196578,1.51954
854,16,asset_root,-1.57511,-3.6747,0.153464,-5.57511,-7.6747,4.15346,-1.57516,-3.67474,0.153465,-1.57511,-3.6747,0.153464,6.24206e-05,16,6.24206e-05,1.53015
855,16,asset_root,-1.57516,-3.67474,0.153465,-5.57516,-7.67474,4.15346,-1.57523,-3.67481,0.153445,-1.57516,-3.67474,0.153465,9.41624e-05,16,9.41624e-05,1.54067
856,16,asset_root,-1.57523,-3.67481,0.153445,-5.57523,-7.67481,4.15344,-1.57536,-3.67494,0.153401,-1.57523,-3.67481,0.153445,0.000189412,16,0.000189412,1.55104
857,16,asset_root,-1.57536,-3.67494,0.153401,-5.57536,-7.67494,4.1534,-1.57541,-3.67499,0.153385,-1.57536,-3.67494,0.153401,6.87845e-05,16,6.87845e-05,1.56086
858,16,asset_root,-1.57541,-3.67499,0.153385,-5.57541,-7.67499,4.15338,-1.57557,-3.67515,0.153331,-1.57541,-3.67499,0.153385,0.000228582,16,0.000228582,1.5703
859,16,asset_root,-1.57557,-3.67515,0.153331,-5.57557,-7.67515,4.15333,-1.57578,-3.67535,0.15326,-1.57557,-3.67515,0.153331,0.000293269,16,0.000293269,1.57935
860,16,asset_root,-1.57578,-3.67535,0.15326,-5.57578,-7.67535,4.15326,-1.57598,-3.67554,0.153193,-1.57578,-3.67535,0.15326,0.000273067,16,0.000273067,1.58837
861,16,asset_root,-1.57598,-3.67554,0.153193,-5.57598,-7.67554,4.15319,-1.5762,-3.67575,0.153116,-1.57598,-3.67554,0.153193,0.000300949,16,0.000300949,1.59795
862,16,asset_root,-1.5762,-3.67575,0.153116,-5.5762,-7.67575,4.15312,-1.57624,-3.67579,0.153111,-1.5762,-3.67575,0.153116,5.59614e-05,16,5.59614e-05,1.60779
863,16,asset_root,-1.57624,-3.67579,0.153111,-5.57624,-7.67579,4.15311,-1.57618,-3.67573,0.153133,-1.57624,-3.67579,0.153111,8.63273e-05,16,8.63273e-05,1.61777
864,16,asset_root,-1.57618,-3.67573,0.153133,-5.57618,-7.67573,4.15313,-1.57617,-3.67572,0.153135,-1.57618,-3.67573,0.153133,7.15256e-06,16,7.15256e-06,1.62773
865,16,asset_root,-1.57617,-3.67572,0.153135,-5.57617,-7.67572,4.15314,-1.57612,-3.67566,0.153189,-1.57617,-3.67572,0.153135,7.90192e-05,16,7.90192e-05,1.63755
866,16,asset_root,-1.57612,-3.67566,0.153189,-5.57612,-7.67566,4.15319,-1.57614,-3.67569,0.153176,-1.57612,-3.67566,0.153189,3.33326e-05,16,3.33326e-05,1.64733
867,16,asset_root,-1.57614,-3.67569,0.153176,-5.57614,-7.67569,4.15318,-1.57614,-3.67569,0.153177,-1.57614,-3.67569,0.153176,9.61096e-07,16,9.61096e-07,1.65666
868,16,asset_root,-1.57614,-3.67569,0.153177,-5.57614,-7.67569,4.15318,-1.57612,-3.67567,0.153187,-1.57614,-3.67569,0.153177,3.16129e-05,16,3.16129e-05,1.66554
869,16,asset_root,-1.57612,-3.67567,0.153187,-5.57612,-7.67567,4.15319,-1.57592,-3.67548,0.153254,-1.57612,-3.67567,0.153187,0.000272211,16,0.000272211,1.67442
870,16,asset_root,-1.57592,-3.67548,0.153254,-5.57592,-7.67548,4.15325,-1.57566,-3.67521,0.153363,-1.57592,-3.67548,0.153254,0.000373184,16,0.000373184,1.68358
871,16,asset_root,-1.57566,-3.67521,0.153363,-5.57566,-7.67521,4.15336,-1.57544,-3.67525,0.153295,-1.57566,-3.67521,0.153363,0.000224948,16,0.000224948,1.69317
872,16,asset_root,-1.57544,-3.67525,0.153295,-5.57544,-7.67525,4.15329,-1.57536,-3.67532,0.153257,-1.57544,-3.67525,0.153295,0.000111523,16,0.000111523,1.70286
873,16,asset_root,-1.57536,-3.67532,0.153257,-5.57536,-7.67532,4.15326,-1.57535,-3.6753,0.153264,-1.57536,-3.67532,0.153257,2.51181e-05,16,2.51181e-05,1.71281
874,16,asset_root,-1.57535,-3.6753,0.153264,-5.57535,-7.6753,4.15326,-1.57526,-3.6752,0.153316,-1.57535,-3.6753,0.153264,0.000135429,16,0.000135429,1.72325
875,16,asset_root,-1.57526,-3.6752,0.153316,-5.57526,-7.6752,4.15332,-1.57521,-3.67515,0.153333,-1.57526,-3.6752,0.153316,7.05962e-05,16,7.05962e-05,1.73393
876,16,asset_root,-1.57521,-3.67515,0.153333,-5.57521,-7.67515,4.15333,-1.5753,-3.67525,0.153291,-1.57521,-3.67515,0.153333,0.000135885,16,0.000135885,1.74445
877,16,asset_root,-1.5753,-3.67525,0.153291,-5.5753,-7.67525,4.15329,-1.57535,-3.6753,0.15328,-1.5753,-3.67525,0.153291,6.78417e-05,16,6.78417e-05,1.75485
878,16,asset_root,-1.57535,-3.6753,0.15328,-5.57535,-7.6753,4.15328,-1.57509,-3.67521,0.153252,-1.57535,-3.6753,0.15328,0.000277683,16,0.000277683,1.76519
879,16,asset_root,-1.57509,-3.67521,0.153252,-5.57509,-7.67521,4.15325,-1.57498,-3.67523,0.153229,-1.57509,-3.67521,0.153252,0.000107953,16,0.000107953,1.77567
880,16,asset_root,-1.57498,-3.67523,0.153229,-5.57498,-7.67523,4.15323,-1.57501,-3.67525,0.153224,-1.57498,-3.67523,0.153229,3.98118e-05,16,3.98118e-05,1.78628
881,16,asset_root,-1.57501,-3.67525,0.153224,-5.57501,-7.67525,4.15322,-1.57507,-3.67531,0.153199,-1.57501,-3.67525,0.153224,8.18857e-05,16,8.18857e-05,1.79702
882,16,asset_root,-1.57507,-3.67531,0.153199,-5.57507,-7.67531,4.1532,-1.57517,-3.67541,0.153175,-1.57507,-3.67531,0.153199,0.000137224,16,0.000137224,1.80717
883,16,asset_root,-1.57517,-3.67541,0.153175,-5.57517,-7.67541,4.15317,-1.5752,-3.67543,0.153173,-1.57517,-3.67541,0.153175,4.37751e-05,16,4.37751e-05,1.81661
884,16,asset_root,-1.5752,-3.67543,0.153173,-5.5752,-7.67543,4.15317,-1.5752,-3.67544,0.15317,-1.5752,-3.67543,0.153173,4.97833e-06,16,4.97833e-06,1.82569
885,16,asset_root,-1.5752,-3.67544,0.15317,-5.5752,-7.67544,4.15317,-1.57528,-3.67553,0.153128,-1.5752,-3.67544,0.15317,0.000122996,16,0.000122996,1.83498
886,16,asset_root,-1.57528,-3.67553,0.153128,-5.57528,-7.67553,4.15313,-1.57537,-3.67561,0.153103,-1.57528,-3.67553,0.153128,0.000114234,16,0.000114234,1.84426
887,16,asset_root,-1.57537,-3.67561,0.153103,-5.57537,-7.67561,4.1531,-1.57533,-3.67557,0.153119,-1.57537,-3.67561,0.153103,5.41609e-05,16,5.41609e-05,1.85347
888,16,asset_root,-1.57533,-3.67557,0.153119,-5.57533,-7.67557,4.15312,-1.57526,-3.6755,0.153143,-1.57533,-3.67557,0.153119,9.30993e-05,16,9.30993e-05,1.86271
889,16,asset_root,-1.57526,-3.6755,0.153143,-5.57526,-7.6755,4.15314,-1.57533,-3.67556,0.153121,-1.57526,-3.6755,0.153143,8.9153e-05,16,8.9153e-05,1.87239
890,16,asset_root,-1.57533,-3.67556,0.153121,-5.57533,-7.67556,4.15312,-1.57533,-3.67556,0.153127,-1.57533,-3.67556,0.153121,3.20981e-06,16,3.20981e-06,1.88213
891,16,asset_root,-1.57533,-3.67556,0.153127,-5.57533,-7.67556,4.15313,-1.57528,-3.6755,0.153177,-1.57533,-3.67556,0.153127,8.10656e-05,16,8.10656e-05,1.89156
892,16,asset_root,-1.57528,-3.6755,0.153177,-5.57528,-7.6755,4.15318,-1.57515,-3.67538,0.153227,-1.57528,-3.6755,0.153177,0.000175198,16,0.000175198,1.90101
893,16,asset_root,-1.57515,-3.67538,0.153227,-5.57515,-7.67538,4.15323,-1.57517,-3.6754,0.153219,-1.57515,-3.67538,0.153227,3.31661e-05,16,3.31661e-05,1.91088
894,16,asset_root,-1.57517,-3.6754,0.153219,-5.57517,-7.6754,4.15322,-1.57504,-3.67528,0.153261,-1.57517,-3.6754,0.153219,0.000177458,16,0.000177458,1.92101
895,16,asset_root,-1.57504,-3.67528,0.153261,-5.57504,-7.67528,4.15326,-1.57485,-3.67509,0.153329,-1.57504,-3.67528,0.153261,0.000276824,16,0.000276824,1.93118
896,16,asset_root,-1.57485,-3.67509,0.153329,-5.57485,-7.67509,4.15333,-1.57487,-3.67511,0.153322,-1.57485,-3.67509,0.153329,3.15371e-05,16,3.15371e-05,1.9413
897,16,asset_root,-1.57487,-3.67511,0.153322,-5.57487,-7.67511,4.15332,-1.57491,-3.67514,0.15331,-1.57487,-3.67511,0.153322,4.97404e-05,16,4.97404e-05,1.95136
898,16,asset_root,-1.57491,-3.67514,0.15331,-5.57491,-7.67514,4.15331,-1.57483,-3.67513,0.153304,-1.57491,-3.67514,0.15331,7.58704e-05,16,7.58704e-05,1.96167
899,16,asset_root,-1.57483,-3.67513,0.153304,-5.57483,-7.67513,4.1533,-1.57473,-3.67506,0.153309,-1.57483,-3.67513,0.153304,0.000117571,16,0.000117571,1.97216
900,16,asset_root,-1.57473,-3.67506,0.153309,-5.57473,-7.67506,4.15331,-1.57465,-3.67496,0.153352,-1.57473,-3.67506,0.153309,0.000133111,16,0.000133111,1.98271
901,16,asset_root,-1.57465,-3.67496,0.153352,-5.57465,-7.67496,4.15335,-1.57428,-3.67478,0.153383,-1.57465,-3.67496,0.153352,0.000410781,16,0.000410781,1.9928
902,16,asset_root,-1.57428,-3.67478,0.153383,-5.57428,-7.67478,4.15338,-1.57415,-3.67465,0.153427,-1.57428,-3.67478,0.153383,0.000181078,16,0.000181078,2.00222
903,16,asset_root,-1.57415,-3.67465,0.153427,-5.57415,-7.67465,4.15343,-1.57407,-3.67456,0.153468,-1.57415,-3.67465,0.153427,0.00012285,16,0.00012285,2.01115
904,16,asset_root,-1.57407,-3.67456,0.153468,-5.57407,-7.67456,4.15347,-1.57404,-3.67454,0.153483,-1.57407,-3.67456,0.153468,3.09965e-05,16,3.09965e-05,2.01999
905,16,asset_root,-1.57404,-3.67454,0.153483,-5.57404,-7.67454,4.15348,-1.57415,-3.67465,0.153456,-1.57404,-3.67454,0.153483,0.000147635,16,0.000147635,2.02887
906,16,asset_root,-1.57415,-3.67465,0.153456,-5.57415,-7.67465,4.15346,-1.57422,-3.67472,0.153431,-1.57415,-3.67465,0.153456,0.000109092,16,0.000109092,2.03761
907,16,asset_root,-1.57422,-3.67472,0.153431,-5.57422,-7.67472,4.15343,-1.57438,-3.67488,0.153379,-1.57422,-3.67472,0.153431,0.000218332,16,0.000218332,2.04634
908,16,asset_root,-1.57438,-3.67488,0.153379,-5.57438,-7.67488,4.15338,-1.57442,-3.67491,0.153372,-1.57438,-3.67488,0.153379,4.95327e-05,16,4.95327e-05,2.0553
909,16,asset_root,-1.57442,-3.67491,0.153372,-5.57442,-7.67491,4.15337,-1.57437,-3.67487,0.153376,-1.57442,-3.67491,0.153372,5.88953e-05,16,5.88953e-05,2.06439
910,16,asset_root,-1.57437,-3.67487,0.153376,-5.57437,-7.67487,4.15338,-1.57446,-3.67495,0.153352,-1.57437,-3.67487,0.153376,0.000117182,16,0.000117182,2.07374
911,16,asset_root,-1.57446,-3.67495,0.153352,-5.57446,-7.67495,4.15335,-1.57455,-3.67504,0.153324,-1.57446,-3.67495,0.153352,0.000131583,16,0.000131583,2.08349
912,16,asset_root,-1.57455,-3.67504,0.153324,-5.57455,-7.67504,4.15332,-1.57459,-3.67508,0.15331,-1.57455,-3.67504,0.153324,5.61399e-05,16,5.61399e-05,2.09355
913,16,asset_root,-1.57459,-3.67508,0.15331,-5.57459,-7.67508,4.15331,-1.57472,-3.6752,0.153273,-1.57459,-3.67508,0.15331,0.000175472,16,0.000175472,2.10371
914,16,asset_root,-1.57472,-3.6752,0.153273,-5.57472,-7.6752,4.15327,-1.57493,-3.67541,0.153222,-1.57472,-3.6752,0.153273,0.000294205,16,0.000294205,2.11365
915,16,asset_root,-1.57493,-3.67541,0.153222,-5.57493,-7.67541,4.15322,-1.575,-3.67547,0.153216,-1.57493,-3.67541,0.153222,8.92279e-05,16,8.92279e-05,2.12356
916,16,asset_root,-1.575,-3.67547,0.153216,-5.575,-7.67547,4.15322,-1.57503,-3.67551,0.153201,-1.575,-3.67547,0.153216,5.2139e-05,16,5.2139e-05,2.1334
917,16,asset_root,-1.57503,-3.67551,0.153201,-5.57503,-7.67551,4.1532,-1.57499,-3.67545,0.153246,-1.57503,-3.67551,0.153201,7.76349e-05,16,7.76349e-05,2.14327
918,16,asset_root,-1.57499,-3.67545,0.153246,-5.57499,-7.67545,4.15325,-1.57491,-3.67537,0.153272,-1.57499,-3.67545,0.153246,0.000108059,16,0.000108059,2.15336
919,16,asset_root,-1.57491,-3.67537,0.153272,-5.57491,-7.67537,4.15327,-1.575,-3.67547,0.153239,-1.57491,-3.67537,0.153272,0.000137326,16,0.000137326,2.16302
920,16,asset_root,-1.575,-3.67547,0.153239,-5.575,-7.67547,4.15324,-1.57515,-3.67559,0.153216,-1.575,-3.67547,0.153239,0.000190128,16,0.000190128,2.1716
921,16,asset_root,-1.57515,-3.67559,0.153216,-5.57515,-7.67559,4.15322,-1.57507,-3.67553,0.153248,-1.57515,-3.67559,0.153216,9.94183e-05,16,9.94183e-05,2.1798
922,16,asset_root,-1.57507,-3.67553,0.153248,-5.57507,-7.67553,4.15325,-1.575,-3.67546,0.15327,-1.57507,-3.67553,0.153248,9.79912e-05,16,9.79912e-05,2.18814
923,16,asset_root,-1.575,-3.67546,0.15327,-5.575,-7.67546,4.15327,-1.57489,-3.67534,0.153319,-1.575,-3.67546,0.15327,0.000162942,16,0.000162942,2.19685
924,16,asset_root,-1.57489,-3.67534,0.153319,-5.57489,-7.67534,4.15332,-1.57468,-3.67514,0.153386,-1.57489,-3.67534,0.153319,0.000292797,16,0.000292797,2.20569
925,16,asset_root,-1.57468,-3.67514,0.153386,-5.57468,-7.67514,4.15339,-1.57454,-3.67504,0.153409,-1.57468,-3.67514,0.153386,0.000167452,16,0.000167452,2.2142
926,16,asset_root,-1.57454,-3.67504,0.153409,-5.57454,-7.67504,4.15341,-1.57449,-3.67498,0.153433,-1.57454,-3.67504,0.153409,7.96907e-05,16,7.96907e-05,2.22249
927,16,asset_root,-1.57449,-3.67498,0.153433,-5.57449,-7.67498,4.15343,-1.57449,-3.67497,0.153454,-1.57449,-3.67498,0.153433,1.05579e-05,16,1.05579e-05,2.23088
928,16,asset_root,-1.57449,-3.67497,0.153454,-5.57449,-7.67497,4.15345,-1.57446,-3.67494,0.153468,-1.57449,-3.67497,0.153454,4.57627e-05,16,4.57627e-05,2.23932
929,16,asset_root,-1.57446,-3.67494,0.153468,-5.57446,-7.67494,4.15347,-1.57445,-3.67494,0.153468,-1.57446,-3.67494,0.153468,4.52367e-06,16,4.52367e-06,2.24759
930,16,asset_root,-1.57445,-3.67494,0.153468,-5.57445,-7.67494,4.15347,-1.57456,-3.67504,0.153441,-1.57445,-3.67494,0.153468,0.000144005,16,0.000144005,2.25584
931,16,asset_root,-1.57456,-3.67504,0.153441,-5.57456,-7.67504,4.15344,-1.57458,-3.67507,0.153435,-1.57456,-3.67504,0.153441,3.63039e-05,16,3.63039e-05,2.26397
932,16,asset_root,-1.57458,-3.67507,0.153435,-5.57458,-7.67507,4.15344,-1.57458,-3.67506,0.153443,-1.57458,-3.67507,0.153435,4.25996e-06,16,4.25996e-06,2.27194
933,16,asset_root,-1.57458,-3.67506,0.153443,-5.57458,-7.67506,4.15344,-1.57489,-3.67536,0.153345,-1.57458,-3.67506,0.153443,0.000424471,16,0.000424471,2.28008
934,16,asset_root,-1.57489,-3.67536,0.153345,-5.57489,-7.67536,4.15335,-1.57507,-3.67554,0.153281,-1.57489,-3.67536,0.153345,0.000263672,16,0.000263672,2.2884
935,16,asset_root,-1.57507,-3.67554,0.153281,-5.57507,-7.67554,4.15328,-1.5752,-3.67566,0.15324,-1.57507,-3.67554,0.153281,0.000174547,16,0.000174547,2.29723
936,16,asset_root,-1.5752,-3.67566,0.15324,-5.5752,-7.67566,4.15324,-1.57537,-3.67582,0.153183,-1.5752,-3.67566,0.15324,0.000229022,16,0.000229022,2.30648
937,16,asset_root,-1.57537,-3.67582,0.153183,-5.57537,-7.67582,4.15318,-1.57549,-3.67594,0.153158,-1.57537,-3.67582,0.153183,0.000166709,16,0.000166709,2.3158
938,16,asset_root,-1.57549,-3.67594,0.153158,-5.57549,-7.67594,4.15316,-1.57553,-3.67597,0.153159,-1.57549,-3.67594,0.153158,5.80334e-05,16,5.80334e-05,2.32498
939,16,asset_root,-1.57553,-3.67597,0.153159,-5.57553,-7.67597,4.15316,-1.57556,-3.67602,0.153135,-1.57553,-3.67597,0.153159,5.34984e-05,16,5.34984e-05,2.33406
940,16,asset_root,-1.57556,-3.67602,0.153135,-5.57556,-7.67602,4.15314,-1.5755,-3.67595,0.153161,-1.57556,-3.67602,0.153135,9.21361e-05,16,9.21361e-05,2.343
941,16,asset_root,-1.5755,-3.67595,0.153161,-5.5755,-7.67595,4.15316,-1.57538,-3.67582,0.153219,-1.5755,-3.67595,0.153161,0.000176994,16,0.000176994,2.35225
942,16,asset_root,-1.57538,-3.67582,0.153219,-5.57538,-7.67582,4.15322,-1.57543,-3.67587,0.153201,-1.57538,-3.67582,0.153219,7.11726e-05,16,7.11726e-05,2.36135
943,16,asset_root,-1.57543,-3.67587,0.153201,-5.57543,-7.67587,4.1532,-1.5753,-3.67575,0.153254,-1.57543,-3.67587,0.153201,0.000181008,16,0.000181008,2.3695
944,16,asset_root,-1.5753,-3.67575,0.153254,-5.5753,-7.67575,4.15325,-1.5751,-3.67558,0.153299,-1.5753,-3.67575,0.153254,0.000257998,16,0.000257998,2.3769
945,16,asset_root,-1.5751,-3.67558,0.153299,-5.5751,-7.67558,4.1533,-1.57499,-3.67547,0.153339,-1.5751,-3.67558,0.153299,0.000153758,16,0.000153758,2.38406
946,16,asset_root,-1.57499,-3.67547,0.153339,-5.57499,-7.67547,4.15334,-1.57487,-3.67533,0.153399,-1.57499,-3.67547,0.153339,0.000186311,16,0.000186311,2.39126
947,16,asset_root,-1.57487,-3.67533,0.153399,-5.57487,-7.67533,4.1534,-1.57471,-3.67518,0.153451,-1.57487,-3.67533,0.153399,0.000214252,16,0.000214252,2.39875
948,16,asset_root,-1.57471,-3.67518,0.153451,-5.57471,-7.67518,4.15345,-1.57472,-3.67519,0.153449,-1.57471,-3.67518,0.153451,6.81894e-06,16,6.81894e-06,2.40652
949,16,asset_root,-1.57472,-3.67519,0.153449,-5.57472,-7.67519,4.15345,-1.57469,-3.67517,0.153452,-1.57472,-3.67519,0.153449,3.33999e-05,16,3.33999e-05,2.41405
950,16,asset_root,-1.57469,-3.67517,0.153452,-5.57469,-7.67517,4.15345,-1.57475,-3.67523,0.153436,-1.57469,-3.67517,0.153452,8.05266e-05,16,8.05266e-05,2.42125
951,16,asset_root,-1.57475,-3.67523,0.153436,-5.57475,-7.67523,4.15344,-1.57494,-3.67541,0.153377,-1.57475,-3.67523,0.153436,0.000266523,16,0.000266523,2.42835
952,16,asset_root,-1.57494,-3.67541,0.153377,-5.57494,-7.67541,4.15338,-1.57509,-3.67556,0.153322,-1.57494,-3.67541,0.153377,0.000214865,16,0.000214865,2.43563
953,16,asset_root,-1.57509,-3.67556,0.153322,-5.57509,-7.67556,4.15332,-1.57517,-3.67565,0.153295,-1.57509,-3.67556,0.153322,0.000116372,16,0.000116372,2.44317
954,16,asset_root,-1.57517,-3.67565,0.153295,-5.57517,-7.67565,4.15329,-1.57526,-3.67573,0.153265,-1.57517,-3.67565,0.153295,0.000124052,16,0.000124052,2.45091
955,16,asset_root,-1.57526,-3.67573,0.153265,-5.57526,-7.67573,4.15326,-1.57545,-3.67592,0.153198,-1.57526,-3.67573,0.153265,0.000271617,16,0.000271617,2.45886
956,16,asset_root,-1.57545,-3.67592,0.153198,-5.57545,-7.67592,4.1532,-1.57559,-3.67606,0.153145,-1.57545,-3.67592,0.153198,0.000195315,16,0.000195315,2.46699
957,16,asset_root,-1.57559,-3.67606,0.153145,-5.57559,-7.67606,4.15314,-1.57574,-3.67619,0.153115,-1.57559,-3.67606,0.153145,0.000195621,16,0.000195621,2.47534
958,16,asset_root,-1.57574,-3.67619,0.153115,-5.57574,-7.67619,4.15312,-1.57575,-3.67621,0.153109,-1.57574,-3.67619,0.153115,2.13687e-05,16,2.13687e-05,2.48374
959,16,asset_root,-1.57575,-3.67621,0.153109,-5.57575,-7.67621,4.15311,-1.57574,-3.67619,0.153124,-1.57575,-3.67621,0.153109,2.36119e-05,16,2.36119e-05,2.49218
960,16,asset_root,-1.57574,-3.67619,0.153124,-5.57574,-7.67619,4.15312,-1.57562,-3.67609,0.153169,-1.57574,-3.67619,0.153124,0.000155692,16,0.000155692,2.50077
961,16,asset_root,-1.57562,-3.67609,0.153169,-5.57562,-7.67609,4.15317,-1.57554,-3.67601,0.153199,-1.57562,-3.67609,0.153169,0.00010681,16,0.00010681,2.50978
962,16,asset_root,-1.57554,-3.67601,0.153199,-5.57554,-7.67601,4.1532,-1.57545,-3.67593,0.15323,-1.57554,-3.67601,0.153199,0.000124705,16,0.000124705,2.51873
963,16,asset_root,-1.57545,-3.67593,0.15323,-5.57545,-7.67593,4.15323,-1.57525,-3.67572,0.153301,-1.57545,-3.67593,0.15323,0.000289999,16,0.000289999,2.52713
964,16,asset_root,-1.57525,-3.67572,0.153301,-5.57525,-7.67572,4.1533,-1.57499,-3.67548,0.153383,-1.57525,-3.67572,0.153301,0.000354448,16,0.000354448,2.53484
965,16,asset_root,-1.57499,-3.67548,0.153383,-5.57499,-7.67548,4.15338,-1.57484,-3.67535,0.153422,-1.57499,-3.67548,0.153383,0.00019847,16,0.00019847,2.54219
966,16,asset_root,-1.57484,-3.67535,0.153422,-5.57484,-7.67535,4.15342,-1.57479,-3.6753,0.153438,-1.57484,-3.67535,0.153422,6.65121e-05,16,6.65121e-05,2.54977
967,16,asset_root,-1.57479,-3.6753,0.153438,-5.57479,-7.6753,4.15344,-1.57483,-3.67533,0.153446,-1.57479,-3.6753,0.153438,4.95092e-05,16,4.95092e-05,2.55748
968,16,asset_root,-1.57483,-3.67533,0.153446,-5.57483,-7.67533,4.15345,-1.57498,-3.67547,0.153399,-1.57483,-3.67533,0.153446,0.000201633,16,0.000201633,2.56494
969,16,asset_root,-1.57498,-3.67547,0.153399,-5.57498,-7.67547,4.1534,-1.57499,-3.67551,0.153372,-1.57498,-3.67547,0.153399,3.80502e-05,16,3.80502e-05,2.5722
970,16,asset_root,-1.57499,-3.67551,0.153372,-5.57499,-7.67551,4.15337,-1.575,-3.67554,0.153326,-1.57499,-3.67551,0.153372,3.87826e-05,16,3.87826e-05,2.57956
971,16,asset_root,-1.575,-3.67554,0.153326,-5.575,-7.67554,4.15333,-1.575,-3.67555,0.153309,-1.575,-3.67554,0.153326,1.47608e-05,16,1.47608e-05,2.58692
972,16,asset_root,-1.575,-3.67555,0.153309,-5.575,-7.67555,4.15331,-1.57499,-3.67554,0.153313,-1.575,-3.67555,0.153309,1.79512e-05,16,1.79512e-05,2.59457
973,16,asset_root,-1.57499,-3.67554,0.153313,-5.57499,-7.67554,4.15331,-1.57496,-3.67552,0.153319,-1.57499,-3.67554,0.153313,3.38898e-05,16,3.38898e-05,2.60256
974,16,asset_root,-1.57496,-3.67552,0.153319,-5.57496,-7.67552,4.15332,-1.57514,-3.67569,0.153258,-1.57496,-3.67552,0.153319,0.000249231,16,0.000249231,2.61068
975,16,asset_root,-1.57514,-3.67569,0.153258,-5.57514,-7.67569,4.15326,-1.57526,-3.6758,0.153226,-1.57514,-3.67569,0.153258,0.000164456,16,0.000164456,2.61854
976,16,asset_root,-1.57526,-3.6758,0.153226,-5.57526,-7.6758,4.15323,-1.57522,-3.67576,0.15324,-1.57526,-3.6758,0.153226,5.50624e-05,16,5.50624e-05,2.62619
977,16,asset_root,-1.57522,-3.67576,0.15324,-5.57522,-7.67576,4.15324,-1.57527,-3.6758,0.153225,-1.57522,-3.67576,0.15324,6.05287e-05,16,6.05287e-05,2.63366
978,16,asset_root,-1.57527,-3.6758,0.153225,-5.57527,-7.6758,4.15322,-1.57525,-3.67579,0.153232,-1.57527,-3.6758,0.153225,2.16213e-05,16,2.16213e-05,2.64071
979,16,asset_root,-1.57525,-3.67579,0.153232,-5.57525,-7.67579,4.15323,-1.57505,-3.6756,0.153298,-1.57525,-3.67579,0.153232,0.000274063,16,0.000274063,2.64791
980,16,asset_root,-1.57505,-3.6756,0.153298,-5.57505,-7.6756,4.1533,-1.57494,-3.6755,0.153332,-1.57505,-3.6756,0.153298,0.000151628,16,0.000151628,2.65517
981,16,asset_root,-1.57494,-3.6755,0.153332,-5.57494,-7.6755,4.15333,-1.57484,-3.67539,0.15337,-1.57494,-3.6755,0.153332,0.000147094,16,0.000147094,2.66228
982,16,asset_root,-1.57484,-3.67539,0.15337,-5.57484,-7.67539,4.15337,-1.57482,-3.67538,0.153361,-1.57484,-3.67539,0.15337,2.46913e-05,16,2.46913e-05,2.6696
983,16,asset_root,-1.57482,-3.67538,0.153361,-5.57482,-7.67538,4.15336,-1.57479,-3.67536,0.153366,-1.57482,-3.67538,0.153361,3.19917e-05,16,3.19917e-05,2.6769
984,16,asset_root,-1.57479,-3.67536,0.153366,-5.57479,-7.67536,4.15337,-1.57477,-3.67536,0.153365,-1.57479,-3.67536,0.153366,1.81261e-05,16,1.81261e-05,2.68387
985,16,asset_root,-1.57477,-3.67536,0.153365,-5.57477,-7.67536,4.15336,-1.5748,-3.67538,0.153363,-1.57477,-3.67536,0.153365,3.17419e-05,16,3.17419e-05,2.69013
986,16,asset_root,-1.5748,-3.67538,0.153363,-5.5748,-7.67538,4.15336,-1.57479,-3.67538,0.153361,-1.5748,-3.67538,0.153363,1.06684e-05,16,1.06684e-05,2.69567
987,16,asset_root,-1.57479,-3.67538,0.153361,-5.57479,-7.67538,4.15336,-1.57492,-3.6755,0.153319,-1.57479,-3.67538,0.153361,0.0001789,16,0.0001789,2.7013
988,16,asset_root,-1.57492,-3.6755,0.153319,-5.57492,-7.6755,4.15332,-1.57492,-3.6755,0.153324,-1.57492,-3.6755,0.153319,3.47143e-06,16,3.47143e-06,2.707
989,16,asset_root,-1.57492,-3.6755,0.153324,-5.57492,-7.6755,4.15332,-1.57476,-3.67535,0.153376,-1.57492,-3.6755,0.153324,0.000216731,16,0.000216731,2.71263
990,16,asset_root,-1.57476,-3.67535,0.153376,-5.57476,-7.67535,4.15338,-1.57462,-3.67538,0.153342,-1.57476,-3.67535,0.153376,0.000147475,16,0.000147475,2.71831
991,16,asset_root,-1.57462,-3.67538,0.153342,-5.57462,-7.67538,4.15334,-1.5747,-3.67549,0.153307,-1.57462,-3.67538,0.153342,0.000138929,16,0.000138929,2.72013
992,16,asset_root,-1.5747,-3.67549,0.153307,-5.5747,-7.67549,4.15331,-1.57484,-3.6756,0.153296,-1.5747,-3.67549,0.153307,0.000173795,16,0.000173795,2.71448
993,16,asset_root,-1.57484,-3.6756,0.153296,-5.57484,-7.6756,4.1533,-1.57489,-3.67565,0.153283,-1.57484,-3.6756,0.153296,7.24123e-05,16,7.24123e-05,2.70887
994,16,asset_root,-1.57489,-3.67565,0.153283,-5.57489,-7.67565,4.15328,-1.57481,-3.67558,0.153314,-1.57489,-3.67565,0.153283,0.000109245,16,0.000109245,2.70341
995,16,asset_root,-1.57481,-3.67558,0.153314,-5.57481,-7.67558,4.15331,-1.57472,-3.67549,0.153348,-1.57481,-3.67558,0.153314,0.000123324,16,0.000123324,2.69785
996,16,asset_root,-1.57472,-3.67549,0.153348,-5.57472,-7.67549,4.15335,-1.57454,-3.67532,0.153398,-1.57472,-3.67549,0.153348,0.000243855,16,0.000243855,2.692
997,16,asset_root,-1.57454,-3.67532,0.153398,-5.57454,-7.67532,4.1534,-1.57443,-3.67521,0.153434,-1.57454,-3.67532,0.153398,0.000154006,16,0.000154006,2.68588
998,16,asset_root,-1.57443,-3.67521,0.153434,-5.57443,-7.67521,4.15343,-1.57441,-3.67519,0.15344,-1.57443,-3.67521,0.153434,3.26026e-05,16,3.26026e-05,2.68006
999,16,asset_root,-1.57441,-3.67519,0.15344,-5.57441,-7.67519,4.15344,-1.57447,-3.67526,0.153421,-1.57441,-3.67519,0.15344,9.04538e-05,16,9.04538e-05,2.67526
1000,16,asset_root,-1.57447,-3.67526,0.153421,-5.57447,-7.67526,4.15342,0.215889,-2.07683,0.4,-1.57447,-3.67526,0.153421,2.40008,20,1.20669,1.20669
