[CASE] a017 stairs_10_down seed=101
[3gH    H    H    H    H    H    H    H    H    H    H    H    H    H    H    H    H    H    H    H   [INFO] Using python from: /workspace/IsaacLab/_isaac_sim/python.sh
[Info] [carb] Logging to file: /isaac-sim/kit/logs/Kit/Isaac-Sim/5.1/kit_20260913_131458.log
2026-09-13T04:14:58Z [174ms] [Warning] [carb.windowing-glfw.plugin] GLFW initialization failed.
2026-09-13T04:14:58Z [174ms] [Warning] [carb] Failed to startup plugin carb.windowing-glfw.plugin (interfaces: [carb::windowing::IGLContext v1.0],[carb::windowing::IWindowing v1.5]) (impl: carb.windowing-glfw.plugin)
2026-09-13T04:14:58Z [183ms] [Warning] [omni.platforminfo.plugin] failed to open the default display.  Can't verify X Server version.

|---------------------------------------------------------------------------------------------|
| Driver Version: 580.126.09    | Graphics API: Vulkan
|=============================================================================================|
| GPU | Name                             | Active | LDA | GPU Memory | Vendor-ID | LUID       |
|     |                                  |        |     |            | Device-ID | UUID       |
|     |                                  |        |     |            | Bus-ID    |            |
|---------------------------------------------------------------------------------------------|
| 0   | NVIDIA GeForce RTX 5080          | Yes: 0 |     | 16303   MB | 10de      | 0          |
|     |                                  |        |     |            | 2c02      | ade2748e.. |
|     |                                  |        |     |            | 1         |            |
|=============================================================================================|
| OS: 24.04.2 LTS (Noble Numbat) ubuntu, Version: 24.04.2, Kernel: 6.8.0-136-generic
| Processor: Intel(R) Core(TM) Ultra 5 250KF Plus
| Cores: 18 | Logical Cores: 18
|---------------------------------------------------------------------------------------------|
| Total Memory (MB): 64006 | Free Memory: 50608
| Total Page/Swap (MB): 8191 | Free Page/Swap: 0
|---------------------------------------------------------------------------------------------|
2026-09-13T04:14:59Z [756ms] [Warning] [gpu.foundation.plugin] CPU performance profile is set to powersave. This profile sets the CPU to the lowest frequency reducing performance.
2026-09-13T04:14:59Z [768ms] [Warning] [gpu.foundation.plugin] IOMMU is enabled.
2026-09-13T04:14:59Z [1,105ms] [Warning] [carb.windowing-glfw.plugin] GLFW initialization failed.
2026-09-13T04:14:59Z [1,105ms] [Warning] [carb] Failed to startup plugin carb.windowing-glfw.plugin (interfaces: [carb::windowing::IGLContext v1.0],[carb::windowing::IWindowing v1.5]) (impl: carb.windowing-glfw.plugin)
2026-09-13T04:14:59Z [1,215ms] [Warning] [carb.windowing-glfw.plugin] GLFW initialization failed.
2026-09-13T04:14:59Z [1,215ms] [Warning] [carb] Failed to startup plugin carb.windowing-glfw.plugin (interfaces: [carb::windowing::IGLContext v1.0],[carb::windowing::IWindowing v1.5]) (impl: carb.windowing-glfw.plugin)
2026-09-13T04:14:59Z [1,223ms] [Warning] [carb.windowing-glfw.plugin] GLFW initialization failed.
2026-09-13T04:14:59Z [1,223ms] [Warning] [carb] Failed to startup plugin carb.windowing-glfw.plugin (interfaces: [carb::windowing::IGLContext v1.0],[carb::windowing::IWindowing v1.5]) (impl: carb.windowing-glfw.plugin)
2026-09-13T04:14:59Z [1,227ms] [Warning] [carb.windowing-glfw.plugin] GLFW initialization failed.
2026-09-13T04:14:59Z [1,227ms] [Warning] [carb] Failed to startup plugin carb.windowing-glfw.plugin (interfaces: [carb::windowing::IGLContext v1.0],[carb::windowing::IWindowing v1.5]) (impl: carb.windowing-glfw.plugin)
2026-09-13T04:14:59Z [1,229ms] [Warning] [carb.windowing-glfw.plugin] GLFW initialization failed.
2026-09-13T04:14:59Z [1,229ms] [Warning] [carb] Failed to startup plugin carb.windowing-glfw.plugin (interfaces: [carb::windowing::IGLContext v1.0],[carb::windowing::IWindowing v1.5]) (impl: carb.windowing-glfw.plugin)
2026-09-13T04:14:59Z [1,230ms] [Warning] [carb.windowing-glfw.plugin] GLFW initialization failed.
2026-09-13T04:14:59Z [1,230ms] [Warning] [carb] Failed to startup plugin carb.windowing-glfw.plugin (interfaces: [carb::windowing::IGLContext v1.0],[carb::windowing::IWindowing v1.5]) (impl: carb.windowing-glfw.plugin)
[go2-eval] telemetry enabled: out=/workspace/_keep/GO2_G_A028_P1/evaluation/a017/stairs_10_down_seed_101 steps=1000
[INFO][AppLauncher]: Using device: cuda:0
[INFO][AppLauncher]: Loading experience file: /workspace/IsaacLab/apps/isaaclab.python.headless.rendering.kit
[INFO]: Parsing configuration from: go2_task.env_cfg:QuadrupedRoughEnvCfg
[Quadruped:student] 6 reward 항목 로드
  [OK] track_lin_vel_xy_exp.weight = 1.2
  [OK] feet_air_time.weight = 0.2
  [OK] lin_vel_z_l2.weight = -2
  [OK] ang_vel_xy_l2.weight = -0.05
  [OK] action_rate_l2.weight = -0.01
  [OK] flat_orientation_l2.weight = 0.0
[Quadruped:student] terrain override - boxes ≤0.15m
[INFO]: Parsing configuration from: go2_task.agent_cfg:QuadrupedPPORunnerCfg
[WARNING]: The `policy` configuration is deprecated for rsl-rl >= 4.0.0. Please use, e.g., `actor` and `critic` model configurations instead.
[WARNING]: The `empirical_normalization` parameter is deprecated. Please set `actor_obs_normalization` and `critic_obs_normalization` as part of the `policy` configuration instead.
[WARNING]: The `policy` configuration is used to infer the `actor` model configuration.
[WARNING]: The `policy` configuration is used to infer the `critic` model configuration.
[WARNING]: The `distribution_cfg` configuration is now used to specify the output distribution for stochastic policies. Consider updating the configuration to use `distribution_cfg` instead of `stochastic`, `init_noise_std`, `noise_std_type`, and `state_dependent_std` parameters.
[INFO] Loading experiment from directory: /workspace/GO2_G_A028_P1/a017/logs/rsl_rl/quadruped

[36m======================================================================================[0m
[36m[1m[INFO][IsaacLab]: Logging to file: /tmp/isaaclab/logs/isaaclab_2026-09-13_13-16-02.log[0m
[36m======================================================================================[0m

[33m13:16:02 [simulation_context.py] WARNING: The `enable_external_forces_every_iteration` parameter in the PhysxCfg is set to False. If you are experiencing noisy velocities, consider enabling this flag. You may need to slightly increase the number of velocity iterations (setting it to 1 or 2 rather than 0), together with this flag, to improve the accuracy of velocity updates.[0m
2026-09-13T04:14:59Z [1,357ms] [Warning] [omni.log] Source: omni.hydra was already registered.
2026-09-13T04:15:00Z [1,541ms] [Warning] [carb] Acquiring non optional plugin interface which is not listed as dependency: [omni::physx::IPhysxBenchmarks v1.0] (plugin: <default plugin>), by client: omni.physics.physx.plugin. Add it to CARB_PLUGIN_IMPL_DEPS() macro of a client.
2026-09-13T04:15:00Z [1,545ms] [Warning] [omni.isaac.dynamic_control] omni.isaac.dynamic_control is deprecated as of Isaac Sim 4.5. No action is needed from end-users.
2026-09-13T04:15:01Z [3,267ms] [Warning] [pxr.Semantics] pxr.Semantics is deprecated - please use Semantics instead
2026-09-13T04:15:01Z [3,331ms] [Warning] [omni.graph.core.plugin] Found duplicate of category 'Replicator' - was 'Annotators', adding 'Fabric Reader'
2026-09-13T04:15:01Z [3,331ms] [Warning] [omni.graph.core.plugin] Category 'Replicator' not accepted on node type 'omni.replicator.core.FabricReader' in extension 'omni.replicator.core'
2026-09-13T04:15:01Z [3,332ms] [Warning] [omni.replicator.core.scripts.extension] No material configuration file, adding configuration to material settings directly.
2026-09-13T04:15:03Z [4,515ms] [Warning] [omni.kvdb.plugin] Disabling key-value database because another kit process is locking it
2026-09-13T04:15:08Z [9,642ms] [Warning] [omni.fabric.plugin] Warning: attribute viewportHandle not found for bucket id 7

2026-09-13T04:16:06Z [68,024ms] [Warning] [omni.hydra] Mesh '/__Prototype_9249459249493537703/mesh_0' has corrupted data in primvar 'st_1': buffer size 19536 doesn't match expected size 25806 in faceVarying primvars
2026-09-13T04:16:06Z [68,024ms] [Warning] [omni.hydra] Mesh '/__Prototype_9249459249493537703/mesh_0' has corrupted data in primvar 'st': buffer size 6270 doesn't match expected size 25806 in faceVarying primvars
2026-09-13T04:16:06Z [68,024ms] [Warning] [omni.hydra] Mesh '/__Prototype_7677181754714936218/mesh_0' has corrupted data in primvar 'st_1': buffer size 54198 doesn't match expected size 111120 in faceVarying primvars
2026-09-13T04:16:06Z [68,024ms] [Warning] [omni.hydra] Mesh '/__Prototype_7677181754714936218/mesh_0' has corrupted data in primvar 'st': buffer size 56922 doesn't match expected size 111120 in faceVarying primvars
2026-09-13T04:16:06Z [68,024ms] [Warning] [omni.hydra] Mesh '/__Prototype_13322334623641367634/mesh_0' has corrupted data in primvar 'st_1': buffer size 55278 doesn't match expected size 90402 in faceVarying primvars
2026-09-13T04:16:06Z [68,024ms] [Warning] [omni.hydra] Mesh '/__Prototype_17365619108587152245/mesh_0' has corrupted data in primvar 'st_1': buffer size 55254 doesn't match expected size 90378 in faceVarying primvars
2026-09-13T04:16:06Z [68,024ms] [Warning] [omni.hydra] Mesh '/__Prototype_13322334623641367634/mesh_0' has corrupted data in primvar 'st': buffer size 35124 doesn't match expected size 90402 in faceVarying primvars
2026-09-13T04:16:06Z [68,024ms] [Warning] [omni.hydra] Mesh '/__Prototype_17365619108587152245/mesh_0' has corrupted data in primvar 'st': buffer size 35124 doesn't match expected size 90378 in faceVarying primvars
2026-09-13T04:16:06Z [68,024ms] [Warning] [omni.hydra] Mesh '/__Prototype_422667710062656741/mesh_0' has corrupted data in primvar 'st_1': buffer size 19536 doesn't match expected size 25806 in faceVarying primvars
2026-09-13T04:16:06Z [68,025ms] [Warning] [omni.hydra] Mesh '/__Prototype_422667710062656741/mesh_0' has corrupted data in primvar 'st': buffer size 6270 doesn't match expected size 25806 in faceVarying primvars
2026-09-13T04:16:06Z [68,025ms] [Warning] [omni.hydra] Mesh '/__Prototype_17657579462717289149/mesh_0' has corrupted data in primvar 'st_1': buffer size 54198 doesn't match expected size 111120 in faceVarying primvars
2026-09-13T04:16:06Z [68,025ms] [Warning] [omni.hydra] Mesh '/__Prototype_3472759832488839835/mesh_0' has corrupted data in primvar 'st_1': buffer size 54198 doesn't match expected size 111120 in faceVarying primvars
2026-09-13T04:16:06Z [68,025ms] [Warning] [omni.hydra] Mesh '/__Prototype_17658574861032171226/mesh_0' has corrupted data in primvar 'st_1': buffer size 54198 doesn't match expected size 111120 in faceVarying primvars
[INFO]: Base environment:
	Environment device    : cuda:0
	Environment seed      : 101
	Physics step-size     : 0.005
	Rendering step-size   : 0.02
	Environment step-size : 0.02
[INFO] Generating terrains randomly took : 0.020554 seconds
[INFO]: Time taken for scene creation : 1.808474 seconds
[INFO]: Scene manager:  <class InteractiveScene>
	Number of environments: 4
	Environment spacing   : 2.5
	Source prim name      : /World/envs/env_0
	Global prim paths     : ['/World/ground']
	Replicate physics     : True
[INFO]: Starting the simulation. This may take a few seconds. Please wait...
[INFO]: Time taken for simulation start : 4.441364 seconds
[33m13:16:09 [velocity_command.py] WARNING: The velocity command has the 'ranges.heading' attribute set to '(-3.141592653589793, 3.141592653589793)' but the heading command is not active. Consider setting the flag for the heading command to True.[0m
/workspace/IsaacLab/_isaac_sim/kit/python/lib/python3.11/site-packages/rsl_rl/utils/utils.py:220: UserWarning: The observation configuration dictionary 'obs_groups' is empty and thus likely not configured. Consider configuring the 'obs_groups' dictionary explicitly
  warnings.warn(
/workspace/IsaacLab/_isaac_sim/kit/python/lib/python3.11/site-packages/rsl_rl/utils/utils.py:251: UserWarning: The observation configuration dictionary 'obs_groups' does not contain the 'actor' key. As an observation group with the name 'policy' was found, this is assumed to be the appropriate observation. Consider adding the 'actor' key to the 'obs_groups' dictionary for clarity. This behavior will be removed in a future version.
  warnings.warn(
/workspace/IsaacLab/_isaac_sim/kit/python/lib/python3.11/site-packages/rsl_rl/utils/utils.py:251: UserWarning: The observation configuration dictionary 'obs_groups' does not contain the 'critic' key. As an observation group with the name 'policy' was found, this is assumed to be the appropriate observation. Consider adding the 'critic' key to the 'obs_groups' dictionary for clarity. This behavior will be removed in a future version.
  warnings.warn(
2026-09-13T04:16:06Z [68,025ms] [Warning] [omni.hydra] Mesh '/__Prototype_17657579462717289149/mesh_0' has corrupted data in primvar 'st': buffer size 56922 doesn't match expected size 111120 in faceVarying primvars
2026-09-13T04:16:06Z [68,025ms] [Warning] [omni.hydra] Mesh '/__Prototype_3472759832488839835/mesh_0' has corrupted data in primvar 'st': buffer size 56922 doesn't match expected size 111120 in faceVarying primvars
2026-09-13T04:16:06Z [68,025ms] [Warning] [omni.hydra] Mesh '/__Prototype_4988299400318642876/mesh_0' has corrupted data in primvar 'st_1': buffer size 19536 doesn't match expected size 25806 in faceVarying primvars
2026-09-13T04:16:06Z [68,025ms] [Warning] [omni.hydra] Mesh '/__Prototype_4988299400318642876/mesh_0' has corrupted data in primvar 'st': buffer size 6270 doesn't match expected size 25806 in faceVarying primvars
2026-09-13T04:16:06Z [68,025ms] [Warning] [omni.hydra] Mesh '/__Prototype_9361768168784622320/mesh_0' has corrupted data in primvar 'st_1': buffer size 55254 doesn't match expected size 90378 in faceVarying primvars
2026-09-13T04:16:06Z [68,025ms] [Warning] [omni.hydra] Mesh '/__Prototype_9361768168784622320/mesh_0' has corrupted data in primvar 'st': buffer size 35124 doesn't match expected size 90378 in faceVarying primvars
2026-09-13T04:16:06Z [68,026ms] [Warning] [omni.hydra] Mesh '/__Prototype_11920163974880798964/mesh_0' has corrupted data in primvar 'st_1': buffer size 19536 doesn't match expected size 25806 in faceVarying primvars
2026-09-13T04:16:06Z [68,026ms] [Warning] [omni.hydra] Mesh '/__Prototype_11920163974880798964/mesh_0' has corrupted data in primvar 'st': buffer size 6270 doesn't match expected size 25806 in faceVarying primvars
2026-09-13T04:16:06Z [68,026ms] [Warning] [omni.hydra] Mesh '/__Prototype_5020945076074816532/mesh_0' has corrupted data in primvar 'st_1': buffer size 55278 doesn't match expected size 90402 in faceVarying primvars
2026-09-13T04:16:06Z [68,026ms] [Warning] [omni.hydra] Mesh '/__Prototype_5020945076074816532/mesh_0' has corrupted data in primvar 'st': buffer size 35124 doesn't match expected size 90402 in faceVarying primvars
2026-09-13T04:16:06Z [68,026ms] [Warning] [omni.hydra] Mesh '/__Prototype_17658574861032171226/mesh_0' has corrupted data in primvar 'st': buffer size 56922 doesn't match expected size 111120 in faceVarying primvars
2026-09-13T04:16:06Z [68,026ms] [Warning] [omni.hydra] Mesh '/__Prototype_13474969840495255918/mesh_0' has corrupted data in primvar 'st_1': buffer size 6960 doesn't match expected size 233784 in faceVarying primvars
2026-09-13T04:16:06Z [68,026ms] [Warning] [omni.hydra] Mesh '/__Prototype_13474969840495255918/mesh_0' has corrupted data in primvar 'st': buffer size 178533 doesn't match expected size 233784 in faceVarying primvars
2026-09-13T04:16:06Z [68,026ms] [Warning] [omni.hydra] Mesh '/__Prototype_13474969840495255918/mesh_0' has corrupted data in primvar 'st_4': buffer size 30390 doesn't match expected size 233784 in faceVarying primvars
2026-09-13T04:16:06Z [68,026ms] [Warning] [omni.hydra] Mesh '/__Prototype_13474969840495255918/mesh_0' has corrupted data in primvar 'st_2': buffer size 6015 doesn't match expected size 233784 in faceVarying primvars
2026-09-13T04:16:06Z [68,026ms] [Warning] [omni.hydra] Mesh '/__Prototype_13474969840495255918/mesh_0' has corrupted data in primvar 'st_3': buffer size 11886 doesn't match expected size 233784 in faceVarying primvars
2026-09-13T04:16:10Z [71,908ms] [Warning] [omni.physx.fabric.plugin] FabricManager::initializePointInstancer mismatched prototypes on point instancer: /Visuals/Command/velocity_current.
2026-09-13T04:16:10Z [71,908ms] [Warning] [omni.physx.fabric.plugin] FabricManager::initializePointInstancer mismatched prototypes on point instancer: /Visuals/Command/velocity_goal.
2026-09-13T04:16:11Z [72,823ms] [Warning] [omni.physx.fabric.plugin] FabricManager::initializePointInstancer mismatched prototypes on point instancer: /Visuals/Command/velocity_current.
2026-09-13T04:16:11Z [72,823ms] [Warning] [omni.physx.fabric.plugin] FabricManager::initializePointInstancer mismatched prototypes on point instancer: /Visuals/Command/velocity_goal.
[INFO] Command Manager:  <CommandManager> contains 1 active terms.
+------------------------------------------------+
|              Active Command Terms              |
+-------+---------------+------------------------+
| Index | Name          |          Type          |
+-------+---------------+------------------------+
|   0   | base_velocity | UniformVelocityCommand |
+-------+---------------+------------------------+

[INFO] Event Manager:  <EventManager> contains 2 active terms.
+--------------------------------------+
| Active Event Terms in Mode: 'startup' |
+----------+---------------------------+
|  Index   | Name                      |
+----------+---------------------------+
|    0     | physics_material          |
|    1     | add_base_mass             |
+----------+---------------------------+
+---------------------------------------+
|  Active Event Terms in Mode: 'reset'  |
+--------+------------------------------+
| Index  | Name                         |
+--------+------------------------------+
|   0    | base_external_force_torque   |
|   1    | reset_base                   |
|   2    | reset_robot_joints           |
+--------+------------------------------+

[INFO] Recorder Manager:  <RecorderManager> contains 0 active terms.
+---------------------+
| Active Recorder Terms |
+-----------+---------+
|   Index   | Name    |
+-----------+---------+
+-----------+---------+

[INFO] Action Manager:  <ActionManager> contains 1 active terms.
+------------------------------------+
|  Active Action Terms (shape: 12)   |
+--------+-------------+-------------+
| Index  | Name        |   Dimension |
+--------+-------------+-------------+
|   0    | joint_pos   |          12 |
+--------+-------------+-------------+

[INFO] Observation Manager: <ObservationManager> contains 1 groups.
+----------------------------------------------------------+
| Active Observation Terms in Group: 'policy' (shape: (235,)) |
+-----------+--------------------------------+-------------+
|   Index   | Name                           |    Shape    |
+-----------+--------------------------------+-------------+
|     0     | base_lin_vel                   |     (3,)    |
|     1     | base_ang_vel                   |     (3,)    |
|     2     | projected_gravity              |     (3,)    |
|     3     | velocity_commands              |     (3,)    |
|     4     | joint_pos                      |    (12,)    |
|     5     | joint_vel                      |    (12,)    |
|     6     | actions                        |    (12,)    |
|     7     | height_scan                    |    (187,)   |
+-----------+--------------------------------+-------------+

[INFO] Termination Manager:  <TerminationManager> contains 2 active terms.
+---------------------------------+
|     Active Termination Terms    |
+-------+--------------+----------+
| Index | Name         | Time Out |
+-------+--------------+----------+
|   0   | time_out     |   True   |
|   1   | base_contact |  False   |
+-------+--------------+----------+

[INFO] Reward Manager:  <RewardManager> contains 10 active terms.
+-----------------------------------------+
|           Active Reward Terms           |
+-------+----------------------+----------+
| Index | Name                 |   Weight |
+-------+----------------------+----------+
|   0   | track_lin_vel_xy_exp |      1.2 |
|   1   | track_ang_vel_z_exp  |     0.75 |
|   2   | lin_vel_z_l2         |     -2.0 |
|   3   | ang_vel_xy_l2        |    -0.05 |
|   4   | dof_torques_l2       |  -0.0002 |
|   5   | dof_acc_l2           | -2.5e-07 |
|   6   | action_rate_l2       |    -0.01 |
|   7   | feet_air_time        |      0.2 |
|   8   | flat_orientation_l2  |      0.0 |
|   9   | dof_pos_limits       |      0.0 |
+-------+----------------------+----------+

[INFO] Curriculum Manager:  <CurriculumManager> contains 0 active terms.
+----------------------+
| Active Curriculum Terms |
+-----------+----------+
|   Index   | Name     |
+-----------+----------+
+-----------+----------+

[INFO]: Completed setting up the environment...
[INFO] Recording videos during training.
        video_folder: /workspace/GO2_G_A028_P1/a017/exported/videos/play
        step_trigger: lambda step: step == 0
        video_length: 1000
        disable_logger: True
[INFO]: Loading model checkpoint from: /workspace/GO2_G_A028_P1/a017/exported/model_best.pt
--------------------------------------------------------------------------------
Resolved observation sets: 
	 actor :  ['policy']
	 critic :  ['policy']
--------------------------------------------------------------------------------
Actor Model: MLPModel(
  (obs_normalizer): Identity()
  (distribution): GaussianDistribution()
  (mlp): MLP(
    (0): Linear(in_features=235, out_features=512, bias=True)
    (1): ELU(alpha=1.0)
    (2): Linear(in_features=512, out_features=256, bias=True)
    (3): ELU(alpha=1.0)
    (4): Linear(in_features=256, out_features=128, bias=True)
    (5): ELU(alpha=1.0)
    (6): Linear(in_features=128, out_features=12, bias=True)
  )
)
Critic Model: MLPModel(
  (obs_normalizer): Identity()
  (mlp): MLP(
    (0): Linear(in_features=235, out_features=512, bias=True)
    (1): ELU(alpha=1.0)
    (2): Linear(in_features=512, out_features=256, bias=True)
    (3): ELU(alpha=1.0)
    (4): Linear(in_features=256, out_features=128, bias=True)
    (5): ELU(alpha=1.0)
    (6): Linear(in_features=128, out_features=1, bias=True)
  )
)
2026-09-13T04:16:11Z [72,875ms] [Warning] [omni.syntheticdata.plugin] OgnSdPostRenderVarToHost : rendervar copy from texture directly to host buffer is counter-performant. Please use copy from texture to device buffer first.
2026-09-13T04:16:13Z [74,467ms] [Warning] [carb] Client gpu.foundation.plugin has acquired [gpu::unstable::IMemoryBudgetManagerFactory v0.1] 100 times. Consider accessing this interface with carb::getCachedInterface() (Performance warning)
[3gH    H    H    H    H    H    H    H    H    H    H    H    H    H    H    H    H    H    H    H    H    H    H  [INFO] Using python from: /workspace/IsaacLab/_isaac_sim/python.sh
[CASE] a017 stairs_15_down seed=101
[3gH    H    H    H    H    H    H    H    H    H    H    H    H    H    H    H    H    H    H    H    H    H    H  [INFO] Using python from: /workspace/IsaacLab/_isaac_sim/python.sh
Loading user config located at: '/isaac-sim/kit/data/Kit/Isaac-Sim/5.1/user.config.json'
[Info] [carb] Logging to file: /isaac-sim/kit/logs/Kit/Isaac-Sim/5.1/kit_20260913_131700.log
2026-09-13T04:17:00Z [181ms] [Warning] [carb.windowing-glfw.plugin] GLFW initialization failed.
2026-09-13T04:17:00Z [181ms] [Warning] [carb] Failed to startup plugin carb.windowing-glfw.plugin (interfaces: [carb::windowing::IGLContext v1.0],[carb::windowing::IWindowing v1.5]) (impl: carb.windowing-glfw.plugin)
2026-09-13T04:17:00Z [192ms] [Warning] [omni.platforminfo.plugin] failed to open the default display.  Can't verify X Server version.

|---------------------------------------------------------------------------------------------|
| Driver Version: 580.126.09    | Graphics API: Vulkan
|=============================================================================================|
| GPU | Name                             | Active | LDA | GPU Memory | Vendor-ID | LUID       |
|     |                                  |        |     |            | Device-ID | UUID       |
|     |                                  |        |     |            | Bus-ID    |            |
|---------------------------------------------------------------------------------------------|
| 0   | NVIDIA GeForce RTX 5080          | Yes: 0 |     | 16303   MB | 10de      | 0          |
|     |                                  |        |     |            | 2c02      | ade2748e.. |
|     |                                  |        |     |            | 1         |            |
|=============================================================================================|
| OS: 24.04.2 LTS (Noble Numbat) ubuntu, Version: 24.04.2, Kernel: 6.8.0-136-generic
| Processor: Intel(R) Core(TM) Ultra 5 250KF Plus
| Cores: 18 | Logical Cores: 18
|---------------------------------------------------------------------------------------------|
| Total Memory (MB): 64006 | Free Memory: 50407
| Total Page/Swap (MB): 8191 | Free Page/Swap: 0
|---------------------------------------------------------------------------------------------|
2026-09-13T04:17:01Z [653ms] [Warning] [gpu.foundation.plugin] CPU performance profile is set to powersave. This profile sets the CPU to the lowest frequency reducing performance.
2026-09-13T04:17:01Z [666ms] [Warning] [gpu.foundation.plugin] IOMMU is enabled.
2026-09-13T04:17:01Z [1,001ms] [Warning] [carb.windowing-glfw.plugin] GLFW initialization failed.
2026-09-13T04:17:01Z [1,001ms] [Warning] [carb] Failed to startup plugin carb.windowing-glfw.plugin (interfaces: [carb::windowing::IGLContext v1.0],[carb::windowing::IWindowing v1.5]) (impl: carb.windowing-glfw.plugin)
2026-09-13T04:17:01Z [1,013ms] [Warning] [carb.windowing-glfw.plugin] GLFW initialization failed.
2026-09-13T04:17:01Z [1,013ms] [Warning] [carb] Failed to startup plugin carb.windowing-glfw.plugin (interfaces: [carb::windowing::IGLContext v1.0],[carb::windowing::IWindowing v1.5]) (impl: carb.windowing-glfw.plugin)
2026-09-13T04:17:01Z [1,020ms] [Warning] [carb.windowing-glfw.plugin] GLFW initialization failed.
2026-09-13T04:17:01Z [1,020ms] [Warning] [carb] Failed to startup plugin carb.windowing-glfw.plugin (interfaces: [carb::windowing::IGLContext v1.0],[carb::windowing::IWindowing v1.5]) (impl: carb.windowing-glfw.plugin)
2026-09-13T04:17:01Z [1,023ms] [Warning] [carb.windowing-glfw.plugin] GLFW initialization failed.
2026-09-13T04:17:01Z [1,023ms] [Warning] [carb] Failed to startup plugin carb.windowing-glfw.plugin (interfaces: [carb::windowing::IGLContext v1.0],[carb::windowing::IWindowing v1.5]) (impl: carb.windowing-glfw.plugin)
2026-09-13T04:17:01Z [1,024ms] [Warning] [carb.windowing-glfw.plugin] GLFW initialization failed.
2026-09-13T04:17:01Z [1,024ms] [Warning] [carb] Failed to startup plugin carb.windowing-glfw.plugin (interfaces: [carb::windowing::IGLContext v1.0],[carb::windowing::IWindowing v1.5]) (impl: carb.windowing-glfw.plugin)
2026-09-13T04:17:01Z [1,025ms] [Warning] [carb.windowing-glfw.plugin] GLFW initialization failed.
2026-09-13T04:17:01Z [1,025ms] [Warning] [carb] Failed to startup plugin carb.windowing-glfw.plugin (interfaces: [carb::windowing::IGLContext v1.0],[carb::windowing::IWindowing v1.5]) (impl: carb.windowing-glfw.plugin)
[go2-eval] telemetry enabled: out=/workspace/_keep/GO2_G_A028_P1/evaluation/a017/stairs_15_down_seed_101 steps=1000
[INFO][AppLauncher]: Using device: cuda:0
[INFO][AppLauncher]: Loading experience file: /workspace/IsaacLab/apps/isaaclab.python.headless.rendering.kit
[INFO]: Parsing configuration from: go2_task.env_cfg:QuadrupedRoughEnvCfg
[Quadruped:student] 6 reward 항목 로드
  [OK] track_lin_vel_xy_exp.weight = 1.2
  [OK] feet_air_time.weight = 0.2
  [OK] lin_vel_z_l2.weight = -2
  [OK] ang_vel_xy_l2.weight = -0.05
  [OK] action_rate_l2.weight = -0.01
  [OK] flat_orientation_l2.weight = 0.0
[Quadruped:student] terrain override - boxes ≤0.15m
[INFO]: Parsing configuration from: go2_task.agent_cfg:QuadrupedPPORunnerCfg
[WARNING]: The `policy` configuration is deprecated for rsl-rl >= 4.0.0. Please use, e.g., `actor` and `critic` model configurations instead.
[WARNING]: The `empirical_normalization` parameter is deprecated. Please set `actor_obs_normalization` and `critic_obs_normalization` as part of the `policy` configuration instead.
[WARNING]: The `policy` configuration is used to infer the `actor` model configuration.
[WARNING]: The `policy` configuration is used to infer the `critic` model configuration.
[WARNING]: The `distribution_cfg` configuration is now used to specify the output distribution for stochastic policies. Consider updating the configuration to use `distribution_cfg` instead of `stochastic`, `init_noise_std`, `noise_std_type`, and `state_dependent_std` parameters.
[INFO] Loading experiment from directory: /workspace/GO2_G_A028_P1/a017/logs/rsl_rl/quadruped

[36m======================================================================================[0m
[36m[1m[INFO][IsaacLab]: Logging to file: /tmp/isaaclab/logs/isaaclab_2026-09-13_13-17-07.log[0m
[36m======================================================================================[0m

[33m13:17:07 [simulation_context.py] WARNING: The `enable_external_forces_every_iteration` parameter in the PhysxCfg is set to False. If you are experiencing noisy velocities, consider enabling this flag. You may need to slightly increase the number of velocity iterations (setting it to 1 or 2 rather than 0), together with this flag, to improve the accuracy of velocity updates.[0m
2026-09-13T04:17:01Z [1,144ms] [Warning] [omni.log] Source: omni.hydra was already registered.
2026-09-13T04:17:02Z [1,326ms] [Warning] [carb] Acquiring non optional plugin interface which is not listed as dependency: [omni::physx::IPhysxBenchmarks v1.0] (plugin: <default plugin>), by client: omni.physics.physx.plugin. Add it to CARB_PLUGIN_IMPL_DEPS() macro of a client.
2026-09-13T04:17:02Z [1,330ms] [Warning] [omni.isaac.dynamic_control] omni.isaac.dynamic_control is deprecated as of Isaac Sim 4.5. No action is needed from end-users.
2026-09-13T04:17:03Z [2,536ms] [Warning] [pxr.Semantics] pxr.Semantics is deprecated - please use Semantics instead
2026-09-13T04:17:03Z [2,599ms] [Warning] [omni.graph.core.plugin] Found duplicate of category 'Replicator' - was 'Annotators', adding 'Fabric Reader'
2026-09-13T04:17:03Z [2,599ms] [Warning] [omni.graph.core.plugin] Category 'Replicator' not accepted on node type 'omni.replicator.core.FabricReader' in extension 'omni.replicator.core'
2026-09-13T04:17:03Z [2,599ms] [Warning] [omni.replicator.core.scripts.extension] No material configuration file, adding configuration to material settings directly.
2026-09-13T04:17:04Z [3,339ms] [Warning] [omni.kvdb.plugin] Disabling key-value database because another kit process is locking it
2026-09-13T04:17:05Z [4,796ms] [Warning] [omni.fabric.plugin] Warning: attribute viewPickingId not found for bucket id 7

2026-09-13T04:17:09Z [8,682ms] [Warning] [omni.hydra] Mesh '/__Prototype_4988299400318642876/mesh_0' has corrupted data in primvar 'st_1': buffer size 19536 doesn't match expected size 25806 in faceVarying primvars
2026-09-13T04:17:09Z [8,682ms] [Warning] [omni.hydra] Mesh '/__Prototype_9249459249493537703/mesh_0' has corrupted data in primvar 'st_1': buffer size 19536 doesn't match expected size 25806 in faceVarying primvars
2026-09-13T04:17:09Z [8,682ms] [Warning] [omni.hydra] Mesh '/__Prototype_4988299400318642876/mesh_0' has corrupted data in primvar 'st': buffer size 6270 doesn't match expected size 25806 in faceVarying primvars
2026-09-13T04:17:09Z [8,683ms] [Warning] [omni.hydra] Mesh '/__Prototype_9249459249493537703/mesh_0' has corrupted data in primvar 'st': buffer size 6270 doesn't match expected size 25806 in faceVarying primvars
2026-09-13T04:17:09Z [8,683ms] [Warning] [omni.hydra] Mesh '/__Prototype_9361768168784622320/mesh_0' has corrupted data in primvar 'st_1': buffer size 55254 doesn't match expected size 90378 in faceVarying primvars
2026-09-13T04:17:09Z [8,683ms] [Warning] [omni.hydra] Mesh '/__Prototype_9361768168784622320/mesh_0' has corrupted data in primvar 'st': buffer size 35124 doesn't match expected size 90378 in faceVarying primvars
2026-09-13T04:17:09Z [8,683ms] [Warning] [omni.hydra] Mesh '/__Prototype_17658574861032171226/mesh_0' has corrupted data in primvar 'st_1': buffer size 54198 doesn't match expected size 111120 in faceVarying primvars
2026-09-13T04:17:09Z [8,683ms] [Warning] [omni.hydra] Mesh '/__Prototype_17658574861032171226/mesh_0' has corrupted data in primvar 'st': buffer size 56922 doesn't match expected size 111120 in faceVarying primvars
2026-09-13T04:17:09Z [8,683ms] [Warning] [omni.hydra] Mesh '/__Prototype_17657579462717289149/mesh_0' has corrupted data in primvar 'st_1': buffer size 54198 doesn't match expected size 111120 in faceVarying primvars
2026-09-13T04:17:09Z [8,683ms] [Warning] [omni.hydra] Mesh '/__Prototype_17657579462717289149/mesh_0' has corrupted data in primvar 'st': buffer size 56922 doesn't match expected size 111120 in faceVarying primvars
2026-09-13T04:17:09Z [8,683ms] [Warning] [omni.hydra] Mesh '/__Prototype_422667710062656741/mesh_0' has corrupted data in primvar 'st_1': buffer size 19536 doesn't match expected size 25806 in faceVarying primvars
2026-09-13T04:17:09Z [8,683ms] [Warning] [omni.hydra] Mesh '/__Prototype_5020945076074816532/mesh_0' has corrupted data in primvar 'st_1': buffer size 55278 doesn't match expected size 90402 in faceVarying primvars
2026-09-13T04:17:09Z [8,683ms] [Warning] [omni.hydra] Mesh '/__Prototype_422667710062656741/mesh_0' has corrupted data in primvar 'st': buffer size 6270 doesn't match expected size 25806 in faceVarying primvars
[INFO]: Base environment:
	Environment device    : cuda:0
	Environment seed      : 101
	Physics step-size     : 0.005
	Rendering step-size   : 0.02
	Environment step-size : 0.02
[INFO] Generating terrains randomly took : 0.023713 seconds
[INFO]: Time taken for scene creation : 1.141615 seconds
[INFO]: Scene manager:  <class InteractiveScene>
	Number of environments: 4
	Environment spacing   : 2.5
	Source prim name      : /World/envs/env_0
	Global prim paths     : ['/World/ground']
	Replicate physics     : True
[INFO]: Starting the simulation. This may take a few seconds. Please wait...
[INFO]: Time taken for simulation start : 1.083465 seconds
[33m13:17:09 [velocity_command.py] WARNING: The velocity command has the 'ranges.heading' attribute set to '(-3.141592653589793, 3.141592653589793)' but the heading command is not active. Consider setting the flag for the heading command to True.[0m
/workspace/IsaacLab/_isaac_sim/kit/python/lib/python3.11/site-packages/rsl_rl/utils/utils.py:220: UserWarning: The observation configuration dictionary 'obs_groups' is empty and thus likely not configured. Consider configuring the 'obs_groups' dictionary explicitly
  warnings.warn(
/workspace/IsaacLab/_isaac_sim/kit/python/lib/python3.11/site-packages/rsl_rl/utils/utils.py:251: UserWarning: The observation configuration dictionary 'obs_groups' does not contain the 'actor' key. As an observation group with the name 'policy' was found, this is assumed to be the appropriate observation. Consider adding the 'actor' key to the 'obs_groups' dictionary for clarity. This behavior will be removed in a future version.
  warnings.warn(
/workspace/IsaacLab/_isaac_sim/kit/python/lib/python3.11/site-packages/rsl_rl/utils/utils.py:251: UserWarning: The observation configuration dictionary 'obs_groups' does not contain the 'critic' key. As an observation group with the name 'policy' was found, this is assumed to be the appropriate observation. Consider adding the 'critic' key to the 'obs_groups' dictionary for clarity. This behavior will be removed in a future version.
  warnings.warn(
2026-09-13T04:17:09Z [8,683ms] [Warning] [omni.hydra] Mesh '/__Prototype_13474969840495255918/mesh_0' has corrupted data in primvar 'st_4': buffer size 30390 doesn't match expected size 233784 in faceVarying primvars
2026-09-13T04:17:09Z [8,683ms] [Warning] [omni.hydra] Mesh '/__Prototype_13474969840495255918/mesh_0' has corrupted data in primvar 'st_3': buffer size 11886 doesn't match expected size 233784 in faceVarying primvars
2026-09-13T04:17:09Z [8,683ms] [Warning] [omni.hydra] Mesh '/__Prototype_13474969840495255918/mesh_0' has corrupted data in primvar 'st_2': buffer size 6015 doesn't match expected size 233784 in faceVarying primvars
2026-09-13T04:17:09Z [8,683ms] [Warning] [omni.hydra] Mesh '/__Prototype_13474969840495255918/mesh_0' has corrupted data in primvar 'st_1': buffer size 6960 doesn't match expected size 233784 in faceVarying primvars
2026-09-13T04:17:09Z [8,683ms] [Warning] [omni.hydra] Mesh '/__Prototype_13474969840495255918/mesh_0' has corrupted data in primvar 'st': buffer size 178533 doesn't match expected size 233784 in faceVarying primvars
2026-09-13T04:17:09Z [8,683ms] [Warning] [omni.hydra] Mesh '/__Prototype_7677181754714936218/mesh_0' has corrupted data in primvar 'st_1': buffer size 54198 doesn't match expected size 111120 in faceVarying primvars
2026-09-13T04:17:09Z [8,683ms] [Warning] [omni.hydra] Mesh '/__Prototype_7677181754714936218/mesh_0' has corrupted data in primvar 'st': buffer size 56922 doesn't match expected size 111120 in faceVarying primvars
2026-09-13T04:17:09Z [8,683ms] [Warning] [omni.hydra] Mesh '/__Prototype_5020945076074816532/mesh_0' has corrupted data in primvar 'st': buffer size 35124 doesn't match expected size 90402 in faceVarying primvars
2026-09-13T04:17:09Z [8,684ms] [Warning] [omni.hydra] Mesh '/__Prototype_3472759832488839835/mesh_0' has corrupted data in primvar 'st_1': buffer size 54198 doesn't match expected size 111120 in faceVarying primvars
2026-09-13T04:17:09Z [8,684ms] [Warning] [omni.hydra] Mesh '/__Prototype_3472759832488839835/mesh_0' has corrupted data in primvar 'st': buffer size 56922 doesn't match expected size 111120 in faceVarying primvars
2026-09-13T04:17:09Z [8,684ms] [Warning] [omni.hydra] Mesh '/__Prototype_13322334623641367634/mesh_0' has corrupted data in primvar 'st_1': buffer size 55278 doesn't match expected size 90402 in faceVarying primvars
2026-09-13T04:17:09Z [8,684ms] [Warning] [omni.hydra] Mesh '/__Prototype_13322334623641367634/mesh_0' has corrupted data in primvar 'st': buffer size 35124 doesn't match expected size 90402 in faceVarying primvars
2026-09-13T04:17:09Z [8,684ms] [Warning] [omni.hydra] Mesh '/__Prototype_17365619108587152245/mesh_0' has corrupted data in primvar 'st_1': buffer size 55254 doesn't match expected size 90378 in faceVarying primvars
2026-09-13T04:17:09Z [8,684ms] [Warning] [omni.hydra] Mesh '/__Prototype_17365619108587152245/mesh_0' has corrupted data in primvar 'st': buffer size 35124 doesn't match expected size 90378 in faceVarying primvars
2026-09-13T04:17:09Z [8,684ms] [Warning] [omni.hydra] Mesh '/__Prototype_11920163974880798964/mesh_0' has corrupted data in primvar 'st_1': buffer size 19536 doesn't match expected size 25806 in faceVarying primvars
2026-09-13T04:17:09Z [8,684ms] [Warning] [omni.hydra] Mesh '/__Prototype_11920163974880798964/mesh_0' has corrupted data in primvar 'st': buffer size 6270 doesn't match expected size 25806 in faceVarying primvars
2026-09-13T04:17:10Z [9,510ms] [Warning] [omni.physx.fabric.plugin] FabricManager::initializePointInstancer mismatched prototypes on point instancer: /Visuals/Command/velocity_goal.
2026-09-13T04:17:10Z [9,510ms] [Warning] [omni.physx.fabric.plugin] FabricManager::initializePointInstancer mismatched prototypes on point instancer: /Visuals/Command/velocity_current.
2026-09-13T04:17:11Z [10,335ms] [Warning] [omni.physx.fabric.plugin] FabricManager::initializePointInstancer mismatched prototypes on point instancer: /Visuals/Command/velocity_current.
2026-09-13T04:17:11Z [10,335ms] [Warning] [omni.physx.fabric.plugin] FabricManager::initializePointInstancer mismatched prototypes on point instancer: /Visuals/Command/velocity_goal.
[INFO] Command Manager:  <CommandManager> contains 1 active terms.
+------------------------------------------------+
|              Active Command Terms              |
+-------+---------------+------------------------+
| Index | Name          |          Type          |
+-------+---------------+------------------------+
|   0   | base_velocity | UniformVelocityCommand |
+-------+---------------+------------------------+

[INFO] Event Manager:  <EventManager> contains 2 active terms.
+--------------------------------------+
| Active Event Terms in Mode: 'startup' |
+----------+---------------------------+
|  Index   | Name                      |
+----------+---------------------------+
|    0     | physics_material          |
|    1     | add_base_mass             |
+----------+---------------------------+
+---------------------------------------+
|  Active Event Terms in Mode: 'reset'  |
+--------+------------------------------+
| Index  | Name                         |
+--------+------------------------------+
|   0    | base_external_force_torque   |
|   1    | reset_base                   |
|   2    | reset_robot_joints           |
+--------+------------------------------+

[INFO] Recorder Manager:  <RecorderManager> contains 0 active terms.
+---------------------+
| Active Recorder Terms |
+-----------+---------+
|   Index   | Name    |
+-----------+---------+
+-----------+---------+

[INFO] Action Manager:  <ActionManager> contains 1 active terms.
+------------------------------------+
|  Active Action Terms (shape: 12)   |
+--------+-------------+-------------+
| Index  | Name        |   Dimension |
+--------+-------------+-------------+
|   0    | joint_pos   |          12 |
+--------+-------------+-------------+

[INFO] Observation Manager: <ObservationManager> contains 1 groups.
+----------------------------------------------------------+
| Active Observation Terms in Group: 'policy' (shape: (235,)) |
+-----------+--------------------------------+-------------+
|   Index   | Name                           |    Shape    |
+-----------+--------------------------------+-------------+
|     0     | base_lin_vel                   |     (3,)    |
|     1     | base_ang_vel                   |     (3,)    |
|     2     | projected_gravity              |     (3,)    |
|     3     | velocity_commands              |     (3,)    |
|     4     | joint_pos                      |    (12,)    |
|     5     | joint_vel                      |    (12,)    |
|     6     | actions                        |    (12,)    |
|     7     | height_scan                    |    (187,)   |
+-----------+--------------------------------+-------------+

[INFO] Termination Manager:  <TerminationManager> contains 2 active terms.
+---------------------------------+
|     Active Termination Terms    |
+-------+--------------+----------+
| Index | Name         | Time Out |
+-------+--------------+----------+
|   0   | time_out     |   True   |
|   1   | base_contact |  False   |
+-------+--------------+----------+

[INFO] Reward Manager:  <RewardManager> contains 10 active terms.
+-----------------------------------------+
|           Active Reward Terms           |
+-------+----------------------+----------+
| Index | Name                 |   Weight |
+-------+----------------------+----------+
|   0   | track_lin_vel_xy_exp |      1.2 |
|   1   | track_ang_vel_z_exp  |     0.75 |
|   2   | lin_vel_z_l2         |     -2.0 |
|   3   | ang_vel_xy_l2        |    -0.05 |
|   4   | dof_torques_l2       |  -0.0002 |
|   5   | dof_acc_l2           | -2.5e-07 |
|   6   | action_rate_l2       |    -0.01 |
|   7   | feet_air_time        |      0.2 |
|   8   | flat_orientation_l2  |      0.0 |
|   9   | dof_pos_limits       |      0.0 |
+-------+----------------------+----------+

[INFO] Curriculum Manager:  <CurriculumManager> contains 0 active terms.
+----------------------+
| Active Curriculum Terms |
+-----------+----------+
|   Index   | Name     |
+-----------+----------+
+-----------+----------+

[INFO]: Completed setting up the environment...
[INFO] Recording videos during training.
        video_folder: /workspace/GO2_G_A028_P1/a017/exported/videos/play
        step_trigger: lambda step: step == 0
        video_length: 1000
        disable_logger: True
[INFO]: Loading model checkpoint from: /workspace/GO2_G_A028_P1/a017/exported/model_best.pt
--------------------------------------------------------------------------------
Resolved observation sets: 
	 actor :  ['policy']
	 critic :  ['policy']
--------------------------------------------------------------------------------
Actor Model: MLPModel(
  (obs_normalizer): Identity()
  (distribution): GaussianDistribution()
  (mlp): MLP(
    (0): Linear(in_features=235, out_features=512, bias=True)
    (1): ELU(alpha=1.0)
    (2): Linear(in_features=512, out_features=256, bias=True)
    (3): ELU(alpha=1.0)
    (4): Linear(in_features=256, out_features=128, bias=True)
    (5): ELU(alpha=1.0)
    (6): Linear(in_features=128, out_features=12, bias=True)
  )
)
Critic Model: MLPModel(
  (obs_normalizer): Identity()
  (mlp): MLP(
    (0): Linear(in_features=235, out_features=512, bias=True)
    (1): ELU(alpha=1.0)
    (2): Linear(in_features=512, out_features=256, bias=True)
    (3): ELU(alpha=1.0)
    (4): Linear(in_features=256, out_features=128, bias=True)
    (5): ELU(alpha=1.0)
    (6): Linear(in_features=128, out_features=1, bias=True)
  )
)
2026-09-13T04:17:11Z [10,385ms] [Warning] [omni.syntheticdata.plugin] OgnSdPostRenderVarToHost : rendervar copy from texture directly to host buffer is counter-performant. Please use copy from texture to device buffer first.
2026-09-13T04:17:12Z [11,951ms] [Warning] [carb] Client gpu.foundation.plugin has acquired [gpu::unstable::IMemoryBudgetManagerFactory v0.1] 100 times. Consider accessing this interface with carb::getCachedInterface() (Performance warning)
[3gH    H    H    H    H    H    H    H    H    H    H    H    H    H    H    H    H    H    H    H    H    H    H  [INFO] Using python from: /workspace/IsaacLab/_isaac_sim/python.sh
[CASE] a017 slope_plus_20 seed=101
[3gH    H    H    H    H    H    H    H    H    H    H    H    H    H    H    H    H    H    H    H    H    H    H  [INFO] Using python from: /workspace/IsaacLab/_isaac_sim/python.sh
Loading user config located at: '/isaac-sim/kit/data/Kit/Isaac-Sim/5.1/user.config.json'
[Info] [carb] Logging to file: /isaac-sim/kit/logs/Kit/Isaac-Sim/5.1/kit_20260913_131801.log
2026-09-13T04:18:01Z [176ms] [Warning] [carb.windowing-glfw.plugin] GLFW initialization failed.
2026-09-13T04:18:01Z [176ms] [Warning] [carb] Failed to startup plugin carb.windowing-glfw.plugin (interfaces: [carb::windowing::IGLContext v1.0],[carb::windowing::IWindowing v1.5]) (impl: carb.windowing-glfw.plugin)
2026-09-13T04:18:01Z [185ms] [Warning] [omni.platforminfo.plugin] failed to open the default display.  Can't verify X Server version.

|---------------------------------------------------------------------------------------------|
| Driver Version: 580.126.09    | Graphics API: Vulkan
|=============================================================================================|
| GPU | Name                             | Active | LDA | GPU Memory | Vendor-ID | LUID       |
|     |                                  |        |     |            | Device-ID | UUID       |
|     |                                  |        |     |            | Bus-ID    |            |
|---------------------------------------------------------------------------------------------|
| 0   | NVIDIA GeForce RTX 5080          | Yes: 0 |     | 16303   MB | 10de      | 0          |
|     |                                  |        |     |            | 2c02      | ade2748e.. |
|     |                                  |        |     |            | 1         |            |
|=============================================================================================|
| OS: 24.04.2 LTS (Noble Numbat) ubuntu, Version: 24.04.2, Kernel: 6.8.0-136-generic
| Processor: Intel(R) Core(TM) Ultra 5 250KF Plus
| Cores: 18 | Logical Cores: 18
|---------------------------------------------------------------------------------------------|
| Total Memory (MB): 64006 | Free Memory: 50320
| Total Page/Swap (MB): 8191 | Free Page/Swap: 0
|---------------------------------------------------------------------------------------------|
2026-09-13T04:18:01Z [652ms] [Warning] [gpu.foundation.plugin] CPU performance profile is set to powersave. This profile sets the CPU to the lowest frequency reducing performance.
2026-09-13T04:18:01Z [664ms] [Warning] [gpu.foundation.plugin] IOMMU is enabled.
2026-09-13T04:18:02Z [1,016ms] [Warning] [carb.windowing-glfw.plugin] GLFW initialization failed.
2026-09-13T04:18:02Z [1,017ms] [Warning] [carb] Failed to startup plugin carb.windowing-glfw.plugin (interfaces: [carb::windowing::IGLContext v1.0],[carb::windowing::IWindowing v1.5]) (impl: carb.windowing-glfw.plugin)
2026-09-13T04:18:02Z [1,030ms] [Warning] [carb.windowing-glfw.plugin] GLFW initialization failed.
2026-09-13T04:18:02Z [1,030ms] [Warning] [carb] Failed to startup plugin carb.windowing-glfw.plugin (interfaces: [carb::windowing::IGLContext v1.0],[carb::windowing::IWindowing v1.5]) (impl: carb.windowing-glfw.plugin)
2026-09-13T04:18:02Z [1,037ms] [Warning] [carb.windowing-glfw.plugin] GLFW initialization failed.
2026-09-13T04:18:02Z [1,037ms] [Warning] [carb] Failed to startup plugin carb.windowing-glfw.plugin (interfaces: [carb::windowing::IGLContext v1.0],[carb::windowing::IWindowing v1.5]) (impl: carb.windowing-glfw.plugin)
2026-09-13T04:18:02Z [1,041ms] [Warning] [carb.windowing-glfw.plugin] GLFW initialization failed.
2026-09-13T04:18:02Z [1,041ms] [Warning] [carb] Failed to startup plugin carb.windowing-glfw.plugin (interfaces: [carb::windowing::IGLContext v1.0],[carb::windowing::IWindowing v1.5]) (impl: carb.windowing-glfw.plugin)
2026-09-13T04:18:02Z [1,042ms] [Warning] [carb.windowing-glfw.plugin] GLFW initialization failed.
2026-09-13T04:18:02Z [1,042ms] [Warning] [carb] Failed to startup plugin carb.windowing-glfw.plugin (interfaces: [carb::windowing::IGLContext v1.0],[carb::windowing::IWindowing v1.5]) (impl: carb.windowing-glfw.plugin)
2026-09-13T04:18:02Z [1,042ms] [Warning] [carb.windowing-glfw.plugin] GLFW initialization failed.
2026-09-13T04:18:02Z [1,042ms] [Warning] [carb] Failed to startup plugin carb.windowing-glfw.plugin (interfaces: [carb::windowing::IGLContext v1.0],[carb::windowing::IWindowing v1.5]) (impl: carb.windowing-glfw.plugin)
[go2-eval] telemetry enabled: out=/workspace/_keep/GO2_G_A028_P1/evaluation/a017/slope_plus_20_seed_101 steps=1000
[INFO][AppLauncher]: Using device: cuda:0
[INFO][AppLauncher]: Loading experience file: /workspace/IsaacLab/apps/isaaclab.python.headless.rendering.kit
[INFO]: Parsing configuration from: go2_task.env_cfg:QuadrupedRoughEnvCfg
[Quadruped:student] 6 reward 항목 로드
  [OK] track_lin_vel_xy_exp.weight = 1.2
  [OK] feet_air_time.weight = 0.2
  [OK] lin_vel_z_l2.weight = -2
  [OK] ang_vel_xy_l2.weight = -0.05
  [OK] action_rate_l2.weight = -0.01
  [OK] flat_orientation_l2.weight = 0.0
[Quadruped:student] terrain override - boxes ≤0.15m
[INFO]: Parsing configuration from: go2_task.agent_cfg:QuadrupedPPORunnerCfg
[WARNING]: The `policy` configuration is deprecated for rsl-rl >= 4.0.0. Please use, e.g., `actor` and `critic` model configurations instead.
[WARNING]: The `empirical_normalization` parameter is deprecated. Please set `actor_obs_normalization` and `critic_obs_normalization` as part of the `policy` configuration instead.
[WARNING]: The `policy` configuration is used to infer the `actor` model configuration.
[WARNING]: The `policy` configuration is used to infer the `critic` model configuration.
[WARNING]: The `distribution_cfg` configuration is now used to specify the output distribution for stochastic policies. Consider updating the configuration to use `distribution_cfg` instead of `stochastic`, `init_noise_std`, `noise_std_type`, and `state_dependent_std` parameters.
[INFO] Loading experiment from directory: /workspace/GO2_G_A028_P1/a017/logs/rsl_rl/quadruped

[36m======================================================================================[0m
[36m[1m[INFO][IsaacLab]: Logging to file: /tmp/isaaclab/logs/isaaclab_2026-09-13_13-18-07.log[0m
[36m======================================================================================[0m

[33m13:18:07 [simulation_context.py] WARNING: The `enable_external_forces_every_iteration` parameter in the PhysxCfg is set to False. If you are experiencing noisy velocities, consider enabling this flag. You may need to slightly increase the number of velocity iterations (setting it to 1 or 2 rather than 0), together with this flag, to improve the accuracy of velocity updates.[0m
2026-09-13T04:18:02Z [1,158ms] [Warning] [omni.log] Source: omni.hydra was already registered.
2026-09-13T04:18:02Z [1,346ms] [Warning] [carb] Acquiring non optional plugin interface which is not listed as dependency: [omni::physx::IPhysxBenchmarks v1.0] (plugin: <default plugin>), by client: omni.physics.physx.plugin. Add it to CARB_PLUGIN_IMPL_DEPS() macro of a client.
2026-09-13T04:18:02Z [1,349ms] [Warning] [omni.isaac.dynamic_control] omni.isaac.dynamic_control is deprecated as of Isaac Sim 4.5. No action is needed from end-users.
2026-09-13T04:18:03Z [2,550ms] [Warning] [pxr.Semantics] pxr.Semantics is deprecated - please use Semantics instead
2026-09-13T04:18:03Z [2,612ms] [Warning] [omni.graph.core.plugin] Found duplicate of category 'Replicator' - was 'Annotators', adding 'Fabric Reader'
2026-09-13T04:18:03Z [2,612ms] [Warning] [omni.graph.core.plugin] Category 'Replicator' not accepted on node type 'omni.replicator.core.FabricReader' in extension 'omni.replicator.core'
2026-09-13T04:18:03Z [2,612ms] [Warning] [omni.replicator.core.scripts.extension] No material configuration file, adding configuration to material settings directly.
2026-09-13T04:18:04Z [3,366ms] [Warning] [omni.kvdb.plugin] Disabling key-value database because another kit process is locking it
2026-09-13T04:18:05Z [4,781ms] [Warning] [omni.fabric.plugin] Warning: attribute viewportHandle not found for bucket id 7

2026-09-13T04:18:10Z [8,912ms] [Warning] [omni.hydra] Mesh '/__Prototype_9361768168784622320/mesh_0' has corrupted data in primvar 'st_1': buffer size 55254 doesn't match expected size 90378 in faceVarying primvars
2026-09-13T04:18:10Z [8,912ms] [Warning] [omni.hydra] Mesh '/__Prototype_9361768168784622320/mesh_0' has corrupted data in primvar 'st': buffer size 35124 doesn't match expected size 90378 in faceVarying primvars
2026-09-13T04:18:10Z [8,912ms] [Warning] [omni.hydra] Mesh '/__Prototype_17658574861032171226/mesh_0' has corrupted data in primvar 'st_1': buffer size 54198 doesn't match expected size 111120 in faceVarying primvars
2026-09-13T04:18:10Z [8,912ms] [Warning] [omni.hydra] Mesh '/__Prototype_17365619108587152245/mesh_0' has corrupted data in primvar 'st_1': buffer size 55254 doesn't match expected size 90378 in faceVarying primvars
2026-09-13T04:18:10Z [8,912ms] [Warning] [omni.hydra] Mesh '/__Prototype_17658574861032171226/mesh_0' has corrupted data in primvar 'st': buffer size 56922 doesn't match expected size 111120 in faceVarying primvars
2026-09-13T04:18:10Z [8,912ms] [Warning] [omni.hydra] Mesh '/__Prototype_5020945076074816532/mesh_0' has corrupted data in primvar 'st_1': buffer size 55278 doesn't match expected size 90402 in faceVarying primvars
2026-09-13T04:18:10Z [8,912ms] [Warning] [omni.hydra] Mesh '/__Prototype_17365619108587152245/mesh_0' has corrupted data in primvar 'st': buffer size 35124 doesn't match expected size 90378 in faceVarying primvars
2026-09-13T04:18:10Z [8,912ms] [Warning] [omni.hydra] Mesh '/__Prototype_7677181754714936218/mesh_0' has corrupted data in primvar 'st_1': buffer size 54198 doesn't match expected size 111120 in faceVarying primvars
2026-09-13T04:18:10Z [8,912ms] [Warning] [omni.hydra] Mesh '/__Prototype_5020945076074816532/mesh_0' has corrupted data in primvar 'st': buffer size 35124 doesn't match expected size 90402 in faceVarying primvars
2026-09-13T04:18:10Z [8,912ms] [Warning] [omni.hydra] Mesh '/__Prototype_7677181754714936218/mesh_0' has corrupted data in primvar 'st': buffer size 56922 doesn't match expected size 111120 in faceVarying primvars
2026-09-13T04:18:10Z [8,912ms] [Warning] [omni.hydra] Mesh '/__Prototype_13322334623641367634/mesh_0' has corrupted data in primvar 'st_1': buffer size 55278 doesn't match expected size 90402 in faceVarying primvars
2026-09-13T04:18:10Z [8,912ms] [Warning] [omni.hydra] Mesh '/__Prototype_13322334623641367634/mesh_0' has corrupted data in primvar 'st': buffer size 35124 doesn't match expected size 90402 in faceVarying primvars
2026-09-13T04:18:10Z [8,912ms] [Warning] [omni.hydra] Mesh '/__Prototype_13474969840495255918/mesh_0' has corrupted data in primvar 'st_4': buffer size 30390 doesn't match expected size 233784 in faceVarying primvars
[INFO]: Base environment:
	Environment device    : cuda:0
	Environment seed      : 101
	Physics step-size     : 0.005
	Rendering step-size   : 0.02
	Environment step-size : 0.02
[INFO] Generating terrains randomly took : 0.018025 seconds
[INFO]: Time taken for scene creation : 1.320541 seconds
[INFO]: Scene manager:  <class InteractiveScene>
	Number of environments: 4
	Environment spacing   : 2.5
	Source prim name      : /World/envs/env_0
	Global prim paths     : ['/World/ground']
	Replicate physics     : True
[INFO]: Starting the simulation. This may take a few seconds. Please wait...
[INFO]: Time taken for simulation start : 1.150328 seconds
[33m13:18:10 [velocity_command.py] WARNING: The velocity command has the 'ranges.heading' attribute set to '(-3.141592653589793, 3.141592653589793)' but the heading command is not active. Consider setting the flag for the heading command to True.[0m
/workspace/IsaacLab/_isaac_sim/kit/python/lib/python3.11/site-packages/rsl_rl/utils/utils.py:220: UserWarning: The observation configuration dictionary 'obs_groups' is empty and thus likely not configured. Consider configuring the 'obs_groups' dictionary explicitly
  warnings.warn(
/workspace/IsaacLab/_isaac_sim/kit/python/lib/python3.11/site-packages/rsl_rl/utils/utils.py:251: UserWarning: The observation configuration dictionary 'obs_groups' does not contain the 'actor' key. As an observation group with the name 'policy' was found, this is assumed to be the appropriate observation. Consider adding the 'actor' key to the 'obs_groups' dictionary for clarity. This behavior will be removed in a future version.
  warnings.warn(
/workspace/IsaacLab/_isaac_sim/kit/python/lib/python3.11/site-packages/rsl_rl/utils/utils.py:251: UserWarning: The observation configuration dictionary 'obs_groups' does not contain the 'critic' key. As an observation group with the name 'policy' was found, this is assumed to be the appropriate observation. Consider adding the 'critic' key to the 'obs_groups' dictionary for clarity. This behavior will be removed in a future version.
  warnings.warn(
2026-09-13T04:18:10Z [8,912ms] [Warning] [omni.hydra] Mesh '/__Prototype_13474969840495255918/mesh_0' has corrupted data in primvar 'st_3': buffer size 11886 doesn't match expected size 233784 in faceVarying primvars
2026-09-13T04:18:10Z [8,912ms] [Warning] [omni.hydra] Mesh '/__Prototype_13474969840495255918/mesh_0' has corrupted data in primvar 'st_2': buffer size 6015 doesn't match expected size 233784 in faceVarying primvars
2026-09-13T04:18:10Z [8,912ms] [Warning] [omni.hydra] Mesh '/__Prototype_13474969840495255918/mesh_0' has corrupted data in primvar 'st_1': buffer size 6960 doesn't match expected size 233784 in faceVarying primvars
2026-09-13T04:18:10Z [8,912ms] [Warning] [omni.hydra] Mesh '/__Prototype_13474969840495255918/mesh_0' has corrupted data in primvar 'st': buffer size 178533 doesn't match expected size 233784 in faceVarying primvars
2026-09-13T04:18:10Z [8,912ms] [Warning] [omni.hydra] Mesh '/__Prototype_17657579462717289149/mesh_0' has corrupted data in primvar 'st_1': buffer size 54198 doesn't match expected size 111120 in faceVarying primvars
2026-09-13T04:18:10Z [8,912ms] [Warning] [omni.hydra] Mesh '/__Prototype_17657579462717289149/mesh_0' has corrupted data in primvar 'st': buffer size 56922 doesn't match expected size 111120 in faceVarying primvars
2026-09-13T04:18:10Z [8,913ms] [Warning] [omni.hydra] Mesh '/__Prototype_3472759832488839835/mesh_0' has corrupted data in primvar 'st_1': buffer size 54198 doesn't match expected size 111120 in faceVarying primvars
2026-09-13T04:18:10Z [8,913ms] [Warning] [omni.hydra] Mesh '/__Prototype_3472759832488839835/mesh_0' has corrupted data in primvar 'st': buffer size 56922 doesn't match expected size 111120 in faceVarying primvars
2026-09-13T04:18:10Z [8,914ms] [Warning] [omni.hydra] Mesh '/__Prototype_9249459249493537703/mesh_0' has corrupted data in primvar 'st_1': buffer size 19536 doesn't match expected size 25806 in faceVarying primvars
2026-09-13T04:18:10Z [8,914ms] [Warning] [omni.hydra] Mesh '/__Prototype_9249459249493537703/mesh_0' has corrupted data in primvar 'st': buffer size 6270 doesn't match expected size 25806 in faceVarying primvars
2026-09-13T04:18:10Z [8,914ms] [Warning] [omni.hydra] Mesh '/__Prototype_11920163974880798964/mesh_0' has corrupted data in primvar 'st_1': buffer size 19536 doesn't match expected size 25806 in faceVarying primvars
2026-09-13T04:18:10Z [8,914ms] [Warning] [omni.hydra] Mesh '/__Prototype_11920163974880798964/mesh_0' has corrupted data in primvar 'st': buffer size 6270 doesn't match expected size 25806 in faceVarying primvars
2026-09-13T04:18:10Z [8,914ms] [Warning] [omni.hydra] Mesh '/__Prototype_422667710062656741/mesh_0' has corrupted data in primvar 'st_1': buffer size 19536 doesn't match expected size 25806 in faceVarying primvars
2026-09-13T04:18:10Z [8,914ms] [Warning] [omni.hydra] Mesh '/__Prototype_422667710062656741/mesh_0' has corrupted data in primvar 'st': buffer size 6270 doesn't match expected size 25806 in faceVarying primvars
2026-09-13T04:18:10Z [8,915ms] [Warning] [omni.hydra] Mesh '/__Prototype_4988299400318642876/mesh_0' has corrupted data in primvar 'st_1': buffer size 19536 doesn't match expected size 25806 in faceVarying primvars
2026-09-13T04:18:10Z [8,915ms] [Warning] [omni.hydra] Mesh '/__Prototype_4988299400318642876/mesh_0' has corrupted data in primvar 'st': buffer size 6270 doesn't match expected size 25806 in faceVarying primvars
2026-09-13T04:18:10Z [9,745ms] [Warning] [omni.physx.fabric.plugin] FabricManager::initializePointInstancer mismatched prototypes on point instancer: /Visuals/Command/velocity_goal.
2026-09-13T04:18:10Z [9,745ms] [Warning] [omni.physx.fabric.plugin] FabricManager::initializePointInstancer mismatched prototypes on point instancer: /Visuals/Command/velocity_current.
2026-09-13T04:18:11Z [10,577ms] [Warning] [omni.physx.fabric.plugin] FabricManager::initializePointInstancer mismatched prototypes on point instancer: /Visuals/Command/velocity_current.
2026-09-13T04:18:11Z [10,577ms] [Warning] [omni.physx.fabric.plugin] FabricManager::initializePointInstancer mismatched prototypes on point instancer: /Visuals/Command/velocity_goal.
[INFO] Command Manager:  <CommandManager> contains 1 active terms.
+------------------------------------------------+
|              Active Command Terms              |
+-------+---------------+------------------------+
| Index | Name          |          Type          |
+-------+---------------+------------------------+
|   0   | base_velocity | UniformVelocityCommand |
+-------+---------------+------------------------+

[INFO] Event Manager:  <EventManager> contains 2 active terms.
+--------------------------------------+
| Active Event Terms in Mode: 'startup' |
+----------+---------------------------+
|  Index   | Name                      |
+----------+---------------------------+
|    0     | physics_material          |
|    1     | add_base_mass             |
+----------+---------------------------+
+---------------------------------------+
|  Active Event Terms in Mode: 'reset'  |
+--------+------------------------------+
| Index  | Name                         |
+--------+------------------------------+
|   0    | base_external_force_torque   |
|   1    | reset_base                   |
|   2    | reset_robot_joints           |
+--------+------------------------------+

[INFO] Recorder Manager:  <RecorderManager> contains 0 active terms.
+---------------------+
| Active Recorder Terms |
+-----------+---------+
|   Index   | Name    |
+-----------+---------+
+-----------+---------+

[INFO] Action Manager:  <ActionManager> contains 1 active terms.
+------------------------------------+
|  Active Action Terms (shape: 12)   |
+--------+-------------+-------------+
| Index  | Name        |   Dimension |
+--------+-------------+-------------+
|   0    | joint_pos   |          12 |
+--------+-------------+-------------+

[INFO] Observation Manager: <ObservationManager> contains 1 groups.
+----------------------------------------------------------+
| Active Observation Terms in Group: 'policy' (shape: (235,)) |
+-----------+--------------------------------+-------------+
|   Index   | Name                           |    Shape    |
+-----------+--------------------------------+-------------+
|     0     | base_lin_vel                   |     (3,)    |
|     1     | base_ang_vel                   |     (3,)    |
|     2     | projected_gravity              |     (3,)    |
|     3     | velocity_commands              |     (3,)    |
|     4     | joint_pos                      |    (12,)    |
|     5     | joint_vel                      |    (12,)    |
|     6     | actions                        |    (12,)    |
|     7     | height_scan                    |    (187,)   |
+-----------+--------------------------------+-------------+

[INFO] Termination Manager:  <TerminationManager> contains 2 active terms.
+---------------------------------+
|     Active Termination Terms    |
+-------+--------------+----------+
| Index | Name         | Time Out |
+-------+--------------+----------+
|   0   | time_out     |   True   |
|   1   | base_contact |  False   |
+-------+--------------+----------+

[INFO] Reward Manager:  <RewardManager> contains 10 active terms.
+-----------------------------------------+
|           Active Reward Terms           |
+-------+----------------------+----------+
| Index | Name                 |   Weight |
+-------+----------------------+----------+
|   0   | track_lin_vel_xy_exp |      1.2 |
|   1   | track_ang_vel_z_exp  |     0.75 |
|   2   | lin_vel_z_l2         |     -2.0 |
|   3   | ang_vel_xy_l2        |    -0.05 |
|   4   | dof_torques_l2       |  -0.0002 |
|   5   | dof_acc_l2           | -2.5e-07 |
|   6   | action_rate_l2       |    -0.01 |
|   7   | feet_air_time        |      0.2 |
|   8   | flat_orientation_l2  |      0.0 |
|   9   | dof_pos_limits       |      0.0 |
+-------+----------------------+----------+

[INFO] Curriculum Manager:  <CurriculumManager> contains 0 active terms.
+----------------------+
| Active Curriculum Terms |
+-----------+----------+
|   Index   | Name     |
+-----------+----------+
+-----------+----------+

[INFO]: Completed setting up the environment...
[INFO] Recording videos during training.
        video_folder: /workspace/GO2_G_A028_P1/a017/exported/videos/play
        step_trigger: lambda step: step == 0
        video_length: 1000
        disable_logger: True
[INFO]: Loading model checkpoint from: /workspace/GO2_G_A028_P1/a017/exported/model_best.pt
--------------------------------------------------------------------------------
Resolved observation sets: 
	 actor :  ['policy']
	 critic :  ['policy']
--------------------------------------------------------------------------------
Actor Model: MLPModel(
  (obs_normalizer): Identity()
  (distribution): GaussianDistribution()
  (mlp): MLP(
    (0): Linear(in_features=235, out_features=512, bias=True)
    (1): ELU(alpha=1.0)
    (2): Linear(in_features=512, out_features=256, bias=True)
    (3): ELU(alpha=1.0)
    (4): Linear(in_features=256, out_features=128, bias=True)
    (5): ELU(alpha=1.0)
    (6): Linear(in_features=128, out_features=12, bias=True)
  )
)
Critic Model: MLPModel(
  (obs_normalizer): Identity()
  (mlp): MLP(
    (0): Linear(in_features=235, out_features=512, bias=True)
    (1): ELU(alpha=1.0)
    (2): Linear(in_features=512, out_features=256, bias=True)
    (3): ELU(alpha=1.0)
    (4): Linear(in_features=256, out_features=128, bias=True)
    (5): ELU(alpha=1.0)
    (6): Linear(in_features=128, out_features=1, bias=True)
  )
)
2026-09-13T04:18:11Z [10,627ms] [Warning] [omni.syntheticdata.plugin] OgnSdPostRenderVarToHost : rendervar copy from texture directly to host buffer is counter-performant. Please use copy from texture to device buffer first.
2026-09-13T04:18:13Z [12,221ms] [Warning] [carb] Client gpu.foundation.plugin has acquired [gpu::unstable::IMemoryBudgetManagerFactory v0.1] 100 times. Consider accessing this interface with carb::getCachedInterface() (Performance warning)
[3gH    H    H    H    H    H    H    H    H    H    H    H    H    H    H    H    H    H    H    H    H    H    H  [INFO] Using python from: /workspace/IsaacLab/_isaac_sim/python.sh
[CASE] a017 stairs_10_down seed=202
[3gH    H    H    H    H    H    H    H    H    H    H    H    H    H    H    H    H    H    H    H    H    H    H  [INFO] Using python from: /workspace/IsaacLab/_isaac_sim/python.sh
Loading user config located at: '/isaac-sim/kit/data/Kit/Isaac-Sim/5.1/user.config.json'
[Info] [carb] Logging to file: /isaac-sim/kit/logs/Kit/Isaac-Sim/5.1/kit_20260913_131859.log
2026-09-13T04:19:00Z [177ms] [Warning] [carb.windowing-glfw.plugin] GLFW initialization failed.
2026-09-13T04:19:00Z [177ms] [Warning] [carb] Failed to startup plugin carb.windowing-glfw.plugin (interfaces: [carb::windowing::IGLContext v1.0],[carb::windowing::IWindowing v1.5]) (impl: carb.windowing-glfw.plugin)
2026-09-13T04:19:00Z [190ms] [Warning] [omni.platforminfo.plugin] failed to open the default display.  Can't verify X Server version.

|---------------------------------------------------------------------------------------------|
| Driver Version: 580.126.09    | Graphics API: Vulkan
|=============================================================================================|
| GPU | Name                             | Active | LDA | GPU Memory | Vendor-ID | LUID       |
|     |                                  |        |     |            | Device-ID | UUID       |
|     |                                  |        |     |            | Bus-ID    |            |
|---------------------------------------------------------------------------------------------|
| 0   | NVIDIA GeForce RTX 5080          | Yes: 0 |     | 16303   MB | 10de      | 0          |
|     |                                  |        |     |            | 2c02      | ade2748e.. |
|     |                                  |        |     |            | 1         |            |
|=============================================================================================|
| OS: 24.04.2 LTS (Noble Numbat) ubuntu, Version: 24.04.2, Kernel: 6.8.0-136-generic
| Processor: Intel(R) Core(TM) Ultra 5 250KF Plus
| Cores: 18 | Logical Cores: 18
|---------------------------------------------------------------------------------------------|
| Total Memory (MB): 64006 | Free Memory: 50472
| Total Page/Swap (MB): 8191 | Free Page/Swap: 0
|---------------------------------------------------------------------------------------------|
2026-09-13T04:19:00Z [655ms] [Warning] [gpu.foundation.plugin] CPU performance profile is set to powersave. This profile sets the CPU to the lowest frequency reducing performance.
2026-09-13T04:19:00Z [667ms] [Warning] [gpu.foundation.plugin] IOMMU is enabled.
2026-09-13T04:19:00Z [1,009ms] [Warning] [carb.windowing-glfw.plugin] GLFW initialization failed.
2026-09-13T04:19:00Z [1,009ms] [Warning] [carb] Failed to startup plugin carb.windowing-glfw.plugin (interfaces: [carb::windowing::IGLContext v1.0],[carb::windowing::IWindowing v1.5]) (impl: carb.windowing-glfw.plugin)
2026-09-13T04:19:00Z [1,023ms] [Warning] [carb.windowing-glfw.plugin] GLFW initialization failed.
2026-09-13T04:19:00Z [1,023ms] [Warning] [carb] Failed to startup plugin carb.windowing-glfw.plugin (interfaces: [carb::windowing::IGLContext v1.0],[carb::windowing::IWindowing v1.5]) (impl: carb.windowing-glfw.plugin)
2026-09-13T04:19:00Z [1,029ms] [Warning] [carb.windowing-glfw.plugin] GLFW initialization failed.
2026-09-13T04:19:00Z [1,029ms] [Warning] [carb] Failed to startup plugin carb.windowing-glfw.plugin (interfaces: [carb::windowing::IGLContext v1.0],[carb::windowing::IWindowing v1.5]) (impl: carb.windowing-glfw.plugin)
2026-09-13T04:19:00Z [1,033ms] [Warning] [carb.windowing-glfw.plugin] GLFW initialization failed.
2026-09-13T04:19:00Z [1,033ms] [Warning] [carb] Failed to startup plugin carb.windowing-glfw.plugin (interfaces: [carb::windowing::IGLContext v1.0],[carb::windowing::IWindowing v1.5]) (impl: carb.windowing-glfw.plugin)
2026-09-13T04:19:00Z [1,034ms] [Warning] [carb.windowing-glfw.plugin] GLFW initialization failed.
2026-09-13T04:19:00Z [1,034ms] [Warning] [carb] Failed to startup plugin carb.windowing-glfw.plugin (interfaces: [carb::windowing::IGLContext v1.0],[carb::windowing::IWindowing v1.5]) (impl: carb.windowing-glfw.plugin)
2026-09-13T04:19:00Z [1,035ms] [Warning] [carb.windowing-glfw.plugin] GLFW initialization failed.
2026-09-13T04:19:00Z [1,035ms] [Warning] [carb] Failed to startup plugin carb.windowing-glfw.plugin (interfaces: [carb::windowing::IGLContext v1.0],[carb::windowing::IWindowing v1.5]) (impl: carb.windowing-glfw.plugin)
[go2-eval] telemetry enabled: out=/workspace/_keep/GO2_G_A028_P1/evaluation/a017/stairs_10_down_seed_202 steps=1000
[INFO][AppLauncher]: Using device: cuda:0
[INFO][AppLauncher]: Loading experience file: /workspace/IsaacLab/apps/isaaclab.python.headless.rendering.kit
[INFO]: Parsing configuration from: go2_task.env_cfg:QuadrupedRoughEnvCfg
[Quadruped:student] 6 reward 항목 로드
  [OK] track_lin_vel_xy_exp.weight = 1.2
  [OK] feet_air_time.weight = 0.2
  [OK] lin_vel_z_l2.weight = -2
  [OK] ang_vel_xy_l2.weight = -0.05
  [OK] action_rate_l2.weight = -0.01
  [OK] flat_orientation_l2.weight = 0.0
[Quadruped:student] terrain override - boxes ≤0.15m
[INFO]: Parsing configuration from: go2_task.agent_cfg:QuadrupedPPORunnerCfg
[WARNING]: The `policy` configuration is deprecated for rsl-rl >= 4.0.0. Please use, e.g., `actor` and `critic` model configurations instead.
[WARNING]: The `empirical_normalization` parameter is deprecated. Please set `actor_obs_normalization` and `critic_obs_normalization` as part of the `policy` configuration instead.
[WARNING]: The `policy` configuration is used to infer the `actor` model configuration.
[WARNING]: The `policy` configuration is used to infer the `critic` model configuration.
[WARNING]: The `distribution_cfg` configuration is now used to specify the output distribution for stochastic policies. Consider updating the configuration to use `distribution_cfg` instead of `stochastic`, `init_noise_std`, `noise_std_type`, and `state_dependent_std` parameters.
[INFO] Loading experiment from directory: /workspace/GO2_G_A028_P1/a017/logs/rsl_rl/quadruped

[36m======================================================================================[0m
[36m[1m[INFO][IsaacLab]: Logging to file: /tmp/isaaclab/logs/isaaclab_2026-09-13_13-19-06.log[0m
[36m======================================================================================[0m

[33m13:19:06 [simulation_context.py] WARNING: The `enable_external_forces_every_iteration` parameter in the PhysxCfg is set to False. If you are experiencing noisy velocities, consider enabling this flag. You may need to slightly increase the number of velocity iterations (setting it to 1 or 2 rather than 0), together with this flag, to improve the accuracy of velocity updates.[0m
2026-09-13T04:19:01Z [1,149ms] [Warning] [omni.log] Source: omni.hydra was already registered.
2026-09-13T04:19:01Z [1,335ms] [Warning] [carb] Acquiring non optional plugin interface which is not listed as dependency: [omni::physx::IPhysxBenchmarks v1.0] (plugin: <default plugin>), by client: omni.physics.physx.plugin. Add it to CARB_PLUGIN_IMPL_DEPS() macro of a client.
2026-09-13T04:19:01Z [1,339ms] [Warning] [omni.isaac.dynamic_control] omni.isaac.dynamic_control is deprecated as of Isaac Sim 4.5. No action is needed from end-users.
2026-09-13T04:19:02Z [2,537ms] [Warning] [pxr.Semantics] pxr.Semantics is deprecated - please use Semantics instead
2026-09-13T04:19:02Z [2,600ms] [Warning] [omni.graph.core.plugin] Found duplicate of category 'Replicator' - was 'Annotators', adding 'Fabric Reader'
2026-09-13T04:19:02Z [2,600ms] [Warning] [omni.graph.core.plugin] Category 'Replicator' not accepted on node type 'omni.replicator.core.FabricReader' in extension 'omni.replicator.core'
2026-09-13T04:19:02Z [2,601ms] [Warning] [omni.replicator.core.scripts.extension] No material configuration file, adding configuration to material settings directly.
2026-09-13T04:19:03Z [3,349ms] [Warning] [omni.kvdb.plugin] Disabling key-value database because another kit process is locking it
2026-09-13T04:19:04Z [4,774ms] [Warning] [omni.fabric.plugin] Warning: attribute viewportHandle not found for bucket id 7

2026-09-13T04:19:08Z [8,812ms] [Warning] [omni.hydra] Mesh '/__Prototype_17657579462717289149/mesh_0' has corrupted data in primvar 'st_1': buffer size 54198 doesn't match expected size 111120 in faceVarying primvars
2026-09-13T04:19:08Z [8,812ms] [Warning] [omni.hydra] Mesh '/__Prototype_17657579462717289149/mesh_0' has corrupted data in primvar 'st': buffer size 56922 doesn't match expected size 111120 in faceVarying primvars
2026-09-13T04:19:08Z [8,812ms] [Warning] [omni.hydra] Mesh '/__Prototype_422667710062656741/mesh_0' has corrupted data in primvar 'st_1': buffer size 19536 doesn't match expected size 25806 in faceVarying primvars
2026-09-13T04:19:08Z [8,812ms] [Warning] [omni.hydra] Mesh '/__Prototype_422667710062656741/mesh_0' has corrupted data in primvar 'st': buffer size 6270 doesn't match expected size 25806 in faceVarying primvars
2026-09-13T04:19:08Z [8,812ms] [Warning] [omni.hydra] Mesh '/__Prototype_5020945076074816532/mesh_0' has corrupted data in primvar 'st_1': buffer size 55278 doesn't match expected size 90402 in faceVarying primvars
2026-09-13T04:19:08Z [8,812ms] [Warning] [omni.hydra] Mesh '/__Prototype_5020945076074816532/mesh_0' has corrupted data in primvar 'st': buffer size 35124 doesn't match expected size 90402 in faceVarying primvars
2026-09-13T04:19:08Z [8,813ms] [Warning] [omni.hydra] Mesh '/__Prototype_17658574861032171226/mesh_0' has corrupted data in primvar 'st_1': buffer size 54198 doesn't match expected size 111120 in faceVarying primvars
2026-09-13T04:19:08Z [8,813ms] [Warning] [omni.hydra] Mesh '/__Prototype_3472759832488839835/mesh_0' has corrupted data in primvar 'st_1': buffer size 54198 doesn't match expected size 111120 in faceVarying primvars
2026-09-13T04:19:08Z [8,813ms] [Warning] [omni.hydra] Mesh '/__Prototype_17658574861032171226/mesh_0' has corrupted data in primvar 'st': buffer size 56922 doesn't match expected size 111120 in faceVarying primvars
2026-09-13T04:19:08Z [8,813ms] [Warning] [omni.hydra] Mesh '/__Prototype_3472759832488839835/mesh_0' has corrupted data in primvar 'st': buffer size 56922 doesn't match expected size 111120 in faceVarying primvars
2026-09-13T04:19:08Z [8,813ms] [Warning] [omni.hydra] Mesh '/__Prototype_13322334623641367634/mesh_0' has corrupted data in primvar 'st_1': buffer size 55278 doesn't match expected size 90402 in faceVarying primvars
2026-09-13T04:19:08Z [8,813ms] [Warning] [omni.hydra] Mesh '/__Prototype_13322334623641367634/mesh_0' has corrupted data in primvar 'st': buffer size 35124 doesn't match expected size 90402 in faceVarying primvars
2026-09-13T04:19:08Z [8,813ms] [Warning] [omni.hydra] Mesh '/__Prototype_9361768168784622320/mesh_0' has corrupted data in primvar 'st_1': buffer size 55254 doesn't match expected size 90378 in faceVarying primvars
[INFO]: Base environment:
	Environment device    : cuda:0
	Environment seed      : 202
	Physics step-size     : 0.005
	Rendering step-size   : 0.02
	Environment step-size : 0.02
[INFO] Generating terrains randomly took : 0.018800 seconds
[INFO]: Time taken for scene creation : 1.293328 seconds
[INFO]: Scene manager:  <class InteractiveScene>
	Number of environments: 4
	Environment spacing   : 2.5
	Source prim name      : /World/envs/env_0
	Global prim paths     : ['/World/ground']
	Replicate physics     : True
[INFO]: Starting the simulation. This may take a few seconds. Please wait...
[INFO]: Time taken for simulation start : 1.086877 seconds
[33m13:19:09 [velocity_command.py] WARNING: The velocity command has the 'ranges.heading' attribute set to '(-3.141592653589793, 3.141592653589793)' but the heading command is not active. Consider setting the flag for the heading command to True.[0m
/workspace/IsaacLab/_isaac_sim/kit/python/lib/python3.11/site-packages/rsl_rl/utils/utils.py:220: UserWarning: The observation configuration dictionary 'obs_groups' is empty and thus likely not configured. Consider configuring the 'obs_groups' dictionary explicitly
  warnings.warn(
/workspace/IsaacLab/_isaac_sim/kit/python/lib/python3.11/site-packages/rsl_rl/utils/utils.py:251: UserWarning: The observation configuration dictionary 'obs_groups' does not contain the 'actor' key. As an observation group with the name 'policy' was found, this is assumed to be the appropriate observation. Consider adding the 'actor' key to the 'obs_groups' dictionary for clarity. This behavior will be removed in a future version.
  warnings.warn(
/workspace/IsaacLab/_isaac_sim/kit/python/lib/python3.11/site-packages/rsl_rl/utils/utils.py:251: UserWarning: The observation configuration dictionary 'obs_groups' does not contain the 'critic' key. As an observation group with the name 'policy' was found, this is assumed to be the appropriate observation. Consider adding the 'critic' key to the 'obs_groups' dictionary for clarity. This behavior will be removed in a future version.
  warnings.warn(
2026-09-13T04:19:08Z [8,813ms] [Warning] [omni.hydra] Mesh '/__Prototype_9361768168784622320/mesh_0' has corrupted data in primvar 'st': buffer size 35124 doesn't match expected size 90378 in faceVarying primvars
2026-09-13T04:19:08Z [8,813ms] [Warning] [omni.hydra] Mesh '/__Prototype_13474969840495255918/mesh_0' has corrupted data in primvar 'st_2': buffer size 6015 doesn't match expected size 233784 in faceVarying primvars
2026-09-13T04:19:08Z [8,813ms] [Warning] [omni.hydra] Mesh '/__Prototype_13474969840495255918/mesh_0' has corrupted data in primvar 'st_4': buffer size 30390 doesn't match expected size 233784 in faceVarying primvars
2026-09-13T04:19:08Z [8,813ms] [Warning] [omni.hydra] Mesh '/__Prototype_13474969840495255918/mesh_0' has corrupted data in primvar 'st_3': buffer size 11886 doesn't match expected size 233784 in faceVarying primvars
2026-09-13T04:19:08Z [8,813ms] [Warning] [omni.hydra] Mesh '/__Prototype_13474969840495255918/mesh_0' has corrupted data in primvar 'st_1': buffer size 6960 doesn't match expected size 233784 in faceVarying primvars
2026-09-13T04:19:08Z [8,813ms] [Warning] [omni.hydra] Mesh '/__Prototype_13474969840495255918/mesh_0' has corrupted data in primvar 'st': buffer size 178533 doesn't match expected size 233784 in faceVarying primvars
2026-09-13T04:19:08Z [8,813ms] [Warning] [omni.hydra] Mesh '/__Prototype_9249459249493537703/mesh_0' has corrupted data in primvar 'st_1': buffer size 19536 doesn't match expected size 25806 in faceVarying primvars
2026-09-13T04:19:08Z [8,813ms] [Warning] [omni.hydra] Mesh '/__Prototype_9249459249493537703/mesh_0' has corrupted data in primvar 'st': buffer size 6270 doesn't match expected size 25806 in faceVarying primvars
2026-09-13T04:19:08Z [8,813ms] [Warning] [omni.hydra] Mesh '/__Prototype_11920163974880798964/mesh_0' has corrupted data in primvar 'st_1': buffer size 19536 doesn't match expected size 25806 in faceVarying primvars
2026-09-13T04:19:08Z [8,813ms] [Warning] [omni.hydra] Mesh '/__Prototype_11920163974880798964/mesh_0' has corrupted data in primvar 'st': buffer size 6270 doesn't match expected size 25806 in faceVarying primvars
2026-09-13T04:19:08Z [8,814ms] [Warning] [omni.hydra] Mesh '/__Prototype_7677181754714936218/mesh_0' has corrupted data in primvar 'st_1': buffer size 54198 doesn't match expected size 111120 in faceVarying primvars
2026-09-13T04:19:08Z [8,814ms] [Warning] [omni.hydra] Mesh '/__Prototype_7677181754714936218/mesh_0' has corrupted data in primvar 'st': buffer size 56922 doesn't match expected size 111120 in faceVarying primvars
2026-09-13T04:19:08Z [8,814ms] [Warning] [omni.hydra] Mesh '/__Prototype_17365619108587152245/mesh_0' has corrupted data in primvar 'st_1': buffer size 55254 doesn't match expected size 90378 in faceVarying primvars
2026-09-13T04:19:08Z [8,814ms] [Warning] [omni.hydra] Mesh '/__Prototype_17365619108587152245/mesh_0' has corrupted data in primvar 'st': buffer size 35124 doesn't match expected size 90378 in faceVarying primvars
2026-09-13T04:19:08Z [8,814ms] [Warning] [omni.hydra] Mesh '/__Prototype_4988299400318642876/mesh_0' has corrupted data in primvar 'st_1': buffer size 19536 doesn't match expected size 25806 in faceVarying primvars
2026-09-13T04:19:08Z [8,814ms] [Warning] [omni.hydra] Mesh '/__Prototype_4988299400318642876/mesh_0' has corrupted data in primvar 'st': buffer size 6270 doesn't match expected size 25806 in faceVarying primvars
2026-09-13T04:19:09Z [9,656ms] [Warning] [omni.physx.fabric.plugin] FabricManager::initializePointInstancer mismatched prototypes on point instancer: /Visuals/Command/velocity_goal.
2026-09-13T04:19:09Z [9,656ms] [Warning] [omni.physx.fabric.plugin] FabricManager::initializePointInstancer mismatched prototypes on point instancer: /Visuals/Command/velocity_current.
2026-09-13T04:19:10Z [10,495ms] [Warning] [omni.physx.fabric.plugin] FabricManager::initializePointInstancer mismatched prototypes on point instancer: /Visuals/Command/velocity_current.
2026-09-13T04:19:10Z [10,495ms] [Warning] [omni.physx.fabric.plugin] FabricManager::initializePointInstancer mismatched prototypes on point instancer: /Visuals/Command/velocity_goal.
[INFO] Command Manager:  <CommandManager> contains 1 active terms.
+------------------------------------------------+
|              Active Command Terms              |
+-------+---------------+------------------------+
| Index | Name          |          Type          |
+-------+---------------+------------------------+
|   0   | base_velocity | UniformVelocityCommand |
+-------+---------------+------------------------+

[INFO] Event Manager:  <EventManager> contains 2 active terms.
+--------------------------------------+
| Active Event Terms in Mode: 'startup' |
+----------+---------------------------+
|  Index   | Name                      |
+----------+---------------------------+
|    0     | physics_material          |
|    1     | add_base_mass             |
+----------+---------------------------+
+---------------------------------------+
|  Active Event Terms in Mode: 'reset'  |
+--------+------------------------------+
| Index  | Name                         |
+--------+------------------------------+
|   0    | base_external_force_torque   |
|   1    | reset_base                   |
|   2    | reset_robot_joints           |
+--------+------------------------------+

[INFO] Recorder Manager:  <RecorderManager> contains 0 active terms.
+---------------------+
| Active Recorder Terms |
+-----------+---------+
|   Index   | Name    |
+-----------+---------+
+-----------+---------+

[INFO] Action Manager:  <ActionManager> contains 1 active terms.
+------------------------------------+
|  Active Action Terms (shape: 12)   |
+--------+-------------+-------------+
| Index  | Name        |   Dimension |
+--------+-------------+-------------+
|   0    | joint_pos   |          12 |
+--------+-------------+-------------+

[INFO] Observation Manager: <ObservationManager> contains 1 groups.
+----------------------------------------------------------+
| Active Observation Terms in Group: 'policy' (shape: (235,)) |
+-----------+--------------------------------+-------------+
|   Index   | Name                           |    Shape    |
+-----------+--------------------------------+-------------+
|     0     | base_lin_vel                   |     (3,)    |
|     1     | base_ang_vel                   |     (3,)    |
|     2     | projected_gravity              |     (3,)    |
|     3     | velocity_commands              |     (3,)    |
|     4     | joint_pos                      |    (12,)    |
|     5     | joint_vel                      |    (12,)    |
|     6     | actions                        |    (12,)    |
|     7     | height_scan                    |    (187,)   |
+-----------+--------------------------------+-------------+

[INFO] Termination Manager:  <TerminationManager> contains 2 active terms.
+---------------------------------+
|     Active Termination Terms    |
+-------+--------------+----------+
| Index | Name         | Time Out |
+-------+--------------+----------+
|   0   | time_out     |   True   |
|   1   | base_contact |  False   |
+-------+--------------+----------+

[INFO] Reward Manager:  <RewardManager> contains 10 active terms.
+-----------------------------------------+
|           Active Reward Terms           |
+-------+----------------------+----------+
| Index | Name                 |   Weight |
+-------+----------------------+----------+
|   0   | track_lin_vel_xy_exp |      1.2 |
|   1   | track_ang_vel_z_exp  |     0.75 |
|   2   | lin_vel_z_l2         |     -2.0 |
|   3   | ang_vel_xy_l2        |    -0.05 |
|   4   | dof_torques_l2       |  -0.0002 |
|   5   | dof_acc_l2           | -2.5e-07 |
|   6   | action_rate_l2       |    -0.01 |
|   7   | feet_air_time        |      0.2 |
|   8   | flat_orientation_l2  |      0.0 |
|   9   | dof_pos_limits       |      0.0 |
+-------+----------------------+----------+

[INFO] Curriculum Manager:  <CurriculumManager> contains 0 active terms.
+----------------------+
| Active Curriculum Terms |
+-----------+----------+
|   Index   | Name     |
+-----------+----------+
+-----------+----------+

[INFO]: Completed setting up the environment...
[INFO] Recording videos during training.
        video_folder: /workspace/GO2_G_A028_P1/a017/exported/videos/play
        step_trigger: lambda step: step == 0
        video_length: 1000
        disable_logger: True
[INFO]: Loading model checkpoint from: /workspace/GO2_G_A028_P1/a017/exported/model_best.pt
--------------------------------------------------------------------------------
Resolved observation sets: 
	 actor :  ['policy']
	 critic :  ['policy']
--------------------------------------------------------------------------------
Actor Model: MLPModel(
  (obs_normalizer): Identity()
  (distribution): GaussianDistribution()
  (mlp): MLP(
    (0): Linear(in_features=235, out_features=512, bias=True)
    (1): ELU(alpha=1.0)
    (2): Linear(in_features=512, out_features=256, bias=True)
    (3): ELU(alpha=1.0)
    (4): Linear(in_features=256, out_features=128, bias=True)
    (5): ELU(alpha=1.0)
    (6): Linear(in_features=128, out_features=12, bias=True)
  )
)
Critic Model: MLPModel(
  (obs_normalizer): Identity()
  (mlp): MLP(
    (0): Linear(in_features=235, out_features=512, bias=True)
    (1): ELU(alpha=1.0)
    (2): Linear(in_features=512, out_features=256, bias=True)
    (3): ELU(alpha=1.0)
    (4): Linear(in_features=256, out_features=128, bias=True)
    (5): ELU(alpha=1.0)
    (6): Linear(in_features=128, out_features=1, bias=True)
  )
)
2026-09-13T04:19:10Z [10,545ms] [Warning] [omni.syntheticdata.plugin] OgnSdPostRenderVarToHost : rendervar copy from texture directly to host buffer is counter-performant. Please use copy from texture to device buffer first.
2026-09-13T04:19:12Z [12,073ms] [Warning] [carb] Client gpu.foundation.plugin has acquired [gpu::unstable::IMemoryBudgetManagerFactory v0.1] 100 times. Consider accessing this interface with carb::getCachedInterface() (Performance warning)
[3gH    H    H    H    H    H    H    H    H    H    H    H    H    H    H    H    H    H    H    H    H    H    H  [INFO] Using python from: /workspace/IsaacLab/_isaac_sim/python.sh
[CASE] a017 stairs_15_down seed=202
[3gH    H    H    H    H    H    H    H    H    H    H    H    H    H    H    H    H    H    H    H    H    H    H  [INFO] Using python from: /workspace/IsaacLab/_isaac_sim/python.sh
Loading user config located at: '/isaac-sim/kit/data/Kit/Isaac-Sim/5.1/user.config.json'
[Info] [carb] Logging to file: /isaac-sim/kit/logs/Kit/Isaac-Sim/5.1/kit_20260913_132000.log
2026-09-13T04:20:01Z [177ms] [Warning] [carb.windowing-glfw.plugin] GLFW initialization failed.
2026-09-13T04:20:01Z [177ms] [Warning] [carb] Failed to startup plugin carb.windowing-glfw.plugin (interfaces: [carb::windowing::IGLContext v1.0],[carb::windowing::IWindowing v1.5]) (impl: carb.windowing-glfw.plugin)
2026-09-13T04:20:01Z [189ms] [Warning] [omni.platforminfo.plugin] failed to open the default display.  Can't verify X Server version.

|---------------------------------------------------------------------------------------------|
| Driver Version: 580.126.09    | Graphics API: Vulkan
|=============================================================================================|
| GPU | Name                             | Active | LDA | GPU Memory | Vendor-ID | LUID       |
|     |                                  |        |     |            | Device-ID | UUID       |
|     |                                  |        |     |            | Bus-ID    |            |
|---------------------------------------------------------------------------------------------|
| 0   | NVIDIA GeForce RTX 5080          | Yes: 0 |     | 16303   MB | 10de      | 0          |
|     |                                  |        |     |            | 2c02      | ade2748e.. |
|     |                                  |        |     |            | 1         |            |
|=============================================================================================|
| OS: 24.04.2 LTS (Noble Numbat) ubuntu, Version: 24.04.2, Kernel: 6.8.0-136-generic
| Processor: Intel(R) Core(TM) Ultra 5 250KF Plus
| Cores: 18 | Logical Cores: 18
|---------------------------------------------------------------------------------------------|
| Total Memory (MB): 64006 | Free Memory: 50270
| Total Page/Swap (MB): 8191 | Free Page/Swap: 0
|---------------------------------------------------------------------------------------------|
2026-09-13T04:20:01Z [651ms] [Warning] [gpu.foundation.plugin] CPU performance profile is set to powersave. This profile sets the CPU to the lowest frequency reducing performance.
2026-09-13T04:20:01Z [665ms] [Warning] [gpu.foundation.plugin] IOMMU is enabled.
2026-09-13T04:20:01Z [1,008ms] [Warning] [carb.windowing-glfw.plugin] GLFW initialization failed.
2026-09-13T04:20:01Z [1,008ms] [Warning] [carb] Failed to startup plugin carb.windowing-glfw.plugin (interfaces: [carb::windowing::IGLContext v1.0],[carb::windowing::IWindowing v1.5]) (impl: carb.windowing-glfw.plugin)
2026-09-13T04:20:01Z [1,021ms] [Warning] [carb.windowing-glfw.plugin] GLFW initialization failed.
2026-09-13T04:20:01Z [1,021ms] [Warning] [carb] Failed to startup plugin carb.windowing-glfw.plugin (interfaces: [carb::windowing::IGLContext v1.0],[carb::windowing::IWindowing v1.5]) (impl: carb.windowing-glfw.plugin)
2026-09-13T04:20:01Z [1,028ms] [Warning] [carb.windowing-glfw.plugin] GLFW initialization failed.
2026-09-13T04:20:01Z [1,028ms] [Warning] [carb] Failed to startup plugin carb.windowing-glfw.plugin (interfaces: [carb::windowing::IGLContext v1.0],[carb::windowing::IWindowing v1.5]) (impl: carb.windowing-glfw.plugin)
2026-09-13T04:20:01Z [1,032ms] [Warning] [carb.windowing-glfw.plugin] GLFW initialization failed.
2026-09-13T04:20:01Z [1,032ms] [Warning] [carb] Failed to startup plugin carb.windowing-glfw.plugin (interfaces: [carb::windowing::IGLContext v1.0],[carb::windowing::IWindowing v1.5]) (impl: carb.windowing-glfw.plugin)
2026-09-13T04:20:01Z [1,033ms] [Warning] [carb.windowing-glfw.plugin] GLFW initialization failed.
2026-09-13T04:20:01Z [1,033ms] [Warning] [carb] Failed to startup plugin carb.windowing-glfw.plugin (interfaces: [carb::windowing::IGLContext v1.0],[carb::windowing::IWindowing v1.5]) (impl: carb.windowing-glfw.plugin)
2026-09-13T04:20:01Z [1,033ms] [Warning] [carb.windowing-glfw.plugin] GLFW initialization failed.
2026-09-13T04:20:01Z [1,033ms] [Warning] [carb] Failed to startup plugin carb.windowing-glfw.plugin (interfaces: [carb::windowing::IGLContext v1.0],[carb::windowing::IWindowing v1.5]) (impl: carb.windowing-glfw.plugin)
[go2-eval] telemetry enabled: out=/workspace/_keep/GO2_G_A028_P1/evaluation/a017/stairs_15_down_seed_202 steps=1000
[INFO][AppLauncher]: Using device: cuda:0
[INFO][AppLauncher]: Loading experience file: /workspace/IsaacLab/apps/isaaclab.python.headless.rendering.kit
[INFO]: Parsing configuration from: go2_task.env_cfg:QuadrupedRoughEnvCfg
[Quadruped:student] 6 reward 항목 로드
  [OK] track_lin_vel_xy_exp.weight = 1.2
  [OK] feet_air_time.weight = 0.2
  [OK] lin_vel_z_l2.weight = -2
  [OK] ang_vel_xy_l2.weight = -0.05
  [OK] action_rate_l2.weight = -0.01
  [OK] flat_orientation_l2.weight = 0.0
[Quadruped:student] terrain override - boxes ≤0.15m
[INFO]: Parsing configuration from: go2_task.agent_cfg:QuadrupedPPORunnerCfg
[WARNING]: The `policy` configuration is deprecated for rsl-rl >= 4.0.0. Please use, e.g., `actor` and `critic` model configurations instead.
[WARNING]: The `empirical_normalization` parameter is deprecated. Please set `actor_obs_normalization` and `critic_obs_normalization` as part of the `policy` configuration instead.
[WARNING]: The `policy` configuration is used to infer the `actor` model configuration.
[WARNING]: The `policy` configuration is used to infer the `critic` model configuration.
[WARNING]: The `distribution_cfg` configuration is now used to specify the output distribution for stochastic policies. Consider updating the configuration to use `distribution_cfg` instead of `stochastic`, `init_noise_std`, `noise_std_type`, and `state_dependent_std` parameters.
[INFO] Loading experiment from directory: /workspace/GO2_G_A028_P1/a017/logs/rsl_rl/quadruped

[36m======================================================================================[0m
[36m[1m[INFO][IsaacLab]: Logging to file: /tmp/isaaclab/logs/isaaclab_2026-09-13_13-20-07.log[0m
[36m======================================================================================[0m

[33m13:20:07 [simulation_context.py] WARNING: The `enable_external_forces_every_iteration` parameter in the PhysxCfg is set to False. If you are experiencing noisy velocities, consider enabling this flag. You may need to slightly increase the number of velocity iterations (setting it to 1 or 2 rather than 0), together with this flag, to improve the accuracy of velocity updates.[0m
2026-09-13T04:20:02Z [1,151ms] [Warning] [omni.log] Source: omni.hydra was already registered.
2026-09-13T04:20:02Z [1,332ms] [Warning] [carb] Acquiring non optional plugin interface which is not listed as dependency: [omni::physx::IPhysxBenchmarks v1.0] (plugin: <default plugin>), by client: omni.physics.physx.plugin. Add it to CARB_PLUGIN_IMPL_DEPS() macro of a client.
2026-09-13T04:20:02Z [1,335ms] [Warning] [omni.isaac.dynamic_control] omni.isaac.dynamic_control is deprecated as of Isaac Sim 4.5. No action is needed from end-users.
2026-09-13T04:20:03Z [2,540ms] [Warning] [pxr.Semantics] pxr.Semantics is deprecated - please use Semantics instead
2026-09-13T04:20:03Z [2,602ms] [Warning] [omni.graph.core.plugin] Found duplicate of category 'Replicator' - was 'Annotators', adding 'Fabric Reader'
2026-09-13T04:20:03Z [2,602ms] [Warning] [omni.graph.core.plugin] Category 'Replicator' not accepted on node type 'omni.replicator.core.FabricReader' in extension 'omni.replicator.core'
2026-09-13T04:20:03Z [2,602ms] [Warning] [omni.replicator.core.scripts.extension] No material configuration file, adding configuration to material settings directly.
2026-09-13T04:20:04Z [3,354ms] [Warning] [omni.kvdb.plugin] Disabling key-value database because another kit process is locking it
2026-09-13T04:20:05Z [4,769ms] [Warning] [omni.fabric.plugin] Warning: attribute viewportHandle not found for bucket id 7

2026-09-13T04:20:09Z [8,794ms] [Warning] [omni.hydra] Mesh '/__Prototype_422667710062656741/mesh_0' has corrupted data in primvar 'st_1': buffer size 19536 doesn't match expected size 25806 in faceVarying primvars
2026-09-13T04:20:09Z [8,794ms] [Warning] [omni.hydra] Mesh '/__Prototype_11920163974880798964/mesh_0' has corrupted data in primvar 'st_1': buffer size 19536 doesn't match expected size 25806 in faceVarying primvars
2026-09-13T04:20:09Z [8,794ms] [Warning] [omni.hydra] Mesh '/__Prototype_422667710062656741/mesh_0' has corrupted data in primvar 'st': buffer size 6270 doesn't match expected size 25806 in faceVarying primvars
2026-09-13T04:20:09Z [8,794ms] [Warning] [omni.hydra] Mesh '/__Prototype_11920163974880798964/mesh_0' has corrupted data in primvar 'st': buffer size 6270 doesn't match expected size 25806 in faceVarying primvars
2026-09-13T04:20:09Z [8,794ms] [Warning] [omni.hydra] Mesh '/__Prototype_17658574861032171226/mesh_0' has corrupted data in primvar 'st_1': buffer size 54198 doesn't match expected size 111120 in faceVarying primvars
2026-09-13T04:20:09Z [8,794ms] [Warning] [omni.hydra] Mesh '/__Prototype_17658574861032171226/mesh_0' has corrupted data in primvar 'st': buffer size 56922 doesn't match expected size 111120 in faceVarying primvars
2026-09-13T04:20:09Z [8,794ms] [Warning] [omni.hydra] Mesh '/__Prototype_13474969840495255918/mesh_0' has corrupted data in primvar 'st_1': buffer size 6960 doesn't match expected size 233784 in faceVarying primvars
2026-09-13T04:20:09Z [8,794ms] [Warning] [omni.hydra] Mesh '/__Prototype_13474969840495255918/mesh_0' has corrupted data in primvar 'st': buffer size 178533 doesn't match expected size 233784 in faceVarying primvars
2026-09-13T04:20:09Z [8,794ms] [Warning] [omni.hydra] Mesh '/__Prototype_3472759832488839835/mesh_0' has corrupted data in primvar 'st_1': buffer size 54198 doesn't match expected size 111120 in faceVarying primvars
2026-09-13T04:20:09Z [8,794ms] [Warning] [omni.hydra] Mesh '/__Prototype_13474969840495255918/mesh_0' has corrupted data in primvar 'st_4': buffer size 30390 doesn't match expected size 233784 in faceVarying primvars
2026-09-13T04:20:09Z [8,794ms] [Warning] [omni.hydra] Mesh '/__Prototype_13474969840495255918/mesh_0' has corrupted data in primvar 'st_2': buffer size 6015 doesn't match expected size 233784 in faceVarying primvars
2026-09-13T04:20:09Z [8,794ms] [Warning] [omni.hydra] Mesh '/__Prototype_3472759832488839835/mesh_0' has corrupted data in primvar 'st': buffer size 56922 doesn't match expected size 111120 in faceVarying primvars
2026-09-13T04:20:09Z [8,794ms] [Warning] [omni.hydra] Mesh '/__Prototype_13474969840495255918/mesh_0' has corrupted data in primvar 'st_3': buffer size 11886 doesn't match expected size 233784 in faceVarying primvars
[INFO]: Base environment:
	Environment device    : cuda:0
	Environment seed      : 202
	Physics step-size     : 0.005
	Rendering step-size   : 0.02
	Environment step-size : 0.02
[INFO] Generating terrains randomly took : 0.019527 seconds
[INFO]: Time taken for scene creation : 1.277520 seconds
[INFO]: Scene manager:  <class InteractiveScene>
	Number of environments: 4
	Environment spacing   : 2.5
	Source prim name      : /World/envs/env_0
	Global prim paths     : ['/World/ground']
	Replicate physics     : True
[INFO]: Starting the simulation. This may take a few seconds. Please wait...
[INFO]: Time taken for simulation start : 1.075969 seconds
[33m13:20:10 [velocity_command.py] WARNING: The velocity command has the 'ranges.heading' attribute set to '(-3.141592653589793, 3.141592653589793)' but the heading command is not active. Consider setting the flag for the heading command to True.[0m
/workspace/IsaacLab/_isaac_sim/kit/python/lib/python3.11/site-packages/rsl_rl/utils/utils.py:220: UserWarning: The observation configuration dictionary 'obs_groups' is empty and thus likely not configured. Consider configuring the 'obs_groups' dictionary explicitly
  warnings.warn(
/workspace/IsaacLab/_isaac_sim/kit/python/lib/python3.11/site-packages/rsl_rl/utils/utils.py:251: UserWarning: The observation configuration dictionary 'obs_groups' does not contain the 'actor' key. As an observation group with the name 'policy' was found, this is assumed to be the appropriate observation. Consider adding the 'actor' key to the 'obs_groups' dictionary for clarity. This behavior will be removed in a future version.
  warnings.warn(
/workspace/IsaacLab/_isaac_sim/kit/python/lib/python3.11/site-packages/rsl_rl/utils/utils.py:251: UserWarning: The observation configuration dictionary 'obs_groups' does not contain the 'critic' key. As an observation group with the name 'policy' was found, this is assumed to be the appropriate observation. Consider adding the 'critic' key to the 'obs_groups' dictionary for clarity. This behavior will be removed in a future version.
  warnings.warn(
2026-09-13T04:20:09Z [8,794ms] [Warning] [omni.hydra] Mesh '/__Prototype_17365619108587152245/mesh_0' has corrupted data in primvar 'st_1': buffer size 55254 doesn't match expected size 90378 in faceVarying primvars
2026-09-13T04:20:09Z [8,794ms] [Warning] [omni.hydra] Mesh '/__Prototype_17365619108587152245/mesh_0' has corrupted data in primvar 'st': buffer size 35124 doesn't match expected size 90378 in faceVarying primvars
2026-09-13T04:20:09Z [8,795ms] [Warning] [omni.hydra] Mesh '/__Prototype_13322334623641367634/mesh_0' has corrupted data in primvar 'st_1': buffer size 55278 doesn't match expected size 90402 in faceVarying primvars
2026-09-13T04:20:09Z [8,795ms] [Warning] [omni.hydra] Mesh '/__Prototype_13322334623641367634/mesh_0' has corrupted data in primvar 'st': buffer size 35124 doesn't match expected size 90402 in faceVarying primvars
2026-09-13T04:20:09Z [8,795ms] [Warning] [omni.hydra] Mesh '/__Prototype_7677181754714936218/mesh_0' has corrupted data in primvar 'st_1': buffer size 54198 doesn't match expected size 111120 in faceVarying primvars
2026-09-13T04:20:09Z [8,795ms] [Warning] [omni.hydra] Mesh '/__Prototype_7677181754714936218/mesh_0' has corrupted data in primvar 'st': buffer size 56922 doesn't match expected size 111120 in faceVarying primvars
2026-09-13T04:20:09Z [8,795ms] [Warning] [omni.hydra] Mesh '/__Prototype_9249459249493537703/mesh_0' has corrupted data in primvar 'st_1': buffer size 19536 doesn't match expected size 25806 in faceVarying primvars
2026-09-13T04:20:09Z [8,795ms] [Warning] [omni.hydra] Mesh '/__Prototype_9249459249493537703/mesh_0' has corrupted data in primvar 'st': buffer size 6270 doesn't match expected size 25806 in faceVarying primvars
2026-09-13T04:20:09Z [8,795ms] [Warning] [omni.hydra] Mesh '/__Prototype_9361768168784622320/mesh_0' has corrupted data in primvar 'st_1': buffer size 55254 doesn't match expected size 90378 in faceVarying primvars
2026-09-13T04:20:09Z [8,795ms] [Warning] [omni.hydra] Mesh '/__Prototype_9361768168784622320/mesh_0' has corrupted data in primvar 'st': buffer size 35124 doesn't match expected size 90378 in faceVarying primvars
2026-09-13T04:20:09Z [8,795ms] [Warning] [omni.hydra] Mesh '/__Prototype_4988299400318642876/mesh_0' has corrupted data in primvar 'st_1': buffer size 19536 doesn't match expected size 25806 in faceVarying primvars
2026-09-13T04:20:09Z [8,795ms] [Warning] [omni.hydra] Mesh '/__Prototype_4988299400318642876/mesh_0' has corrupted data in primvar 'st': buffer size 6270 doesn't match expected size 25806 in faceVarying primvars
2026-09-13T04:20:09Z [8,796ms] [Warning] [omni.hydra] Mesh '/__Prototype_17657579462717289149/mesh_0' has corrupted data in primvar 'st_1': buffer size 54198 doesn't match expected size 111120 in faceVarying primvars
2026-09-13T04:20:09Z [8,796ms] [Warning] [omni.hydra] Mesh '/__Prototype_17657579462717289149/mesh_0' has corrupted data in primvar 'st': buffer size 56922 doesn't match expected size 111120 in faceVarying primvars
2026-09-13T04:20:09Z [8,797ms] [Warning] [omni.hydra] Mesh '/__Prototype_5020945076074816532/mesh_0' has corrupted data in primvar 'st_1': buffer size 55278 doesn't match expected size 90402 in faceVarying primvars
2026-09-13T04:20:09Z [8,797ms] [Warning] [omni.hydra] Mesh '/__Prototype_5020945076074816532/mesh_0' has corrupted data in primvar 'st': buffer size 35124 doesn't match expected size 90402 in faceVarying primvars
2026-09-13T04:20:10Z [9,630ms] [Warning] [omni.physx.fabric.plugin] FabricManager::initializePointInstancer mismatched prototypes on point instancer: /Visuals/Command/velocity_goal.
2026-09-13T04:20:10Z [9,630ms] [Warning] [omni.physx.fabric.plugin] FabricManager::initializePointInstancer mismatched prototypes on point instancer: /Visuals/Command/velocity_current.
2026-09-13T04:20:11Z [10,462ms] [Warning] [omni.physx.fabric.plugin] FabricManager::initializePointInstancer mismatched prototypes on point instancer: /Visuals/Command/velocity_current.
2026-09-13T04:20:11Z [10,462ms] [Warning] [omni.physx.fabric.plugin] FabricManager::initializePointInstancer mismatched prototypes on point instancer: /Visuals/Command/velocity_goal.
[INFO] Command Manager:  <CommandManager> contains 1 active terms.
+------------------------------------------------+
|              Active Command Terms              |
+-------+---------------+------------------------+
| Index | Name          |          Type          |
+-------+---------------+------------------------+
|   0   | base_velocity | UniformVelocityCommand |
+-------+---------------+------------------------+

[INFO] Event Manager:  <EventManager> contains 2 active terms.
+--------------------------------------+
| Active Event Terms in Mode: 'startup' |
+----------+---------------------------+
|  Index   | Name                      |
+----------+---------------------------+
|    0     | physics_material          |
|    1     | add_base_mass             |
+----------+---------------------------+
+---------------------------------------+
|  Active Event Terms in Mode: 'reset'  |
+--------+------------------------------+
| Index  | Name                         |
+--------+------------------------------+
|   0    | base_external_force_torque   |
|   1    | reset_base                   |
|   2    | reset_robot_joints           |
+--------+------------------------------+

[INFO] Recorder Manager:  <RecorderManager> contains 0 active terms.
+---------------------+
| Active Recorder Terms |
+-----------+---------+
|   Index   | Name    |
+-----------+---------+
+-----------+---------+

[INFO] Action Manager:  <ActionManager> contains 1 active terms.
+------------------------------------+
|  Active Action Terms (shape: 12)   |
+--------+-------------+-------------+
| Index  | Name        |   Dimension |
+--------+-------------+-------------+
|   0    | joint_pos   |          12 |
+--------+-------------+-------------+

[INFO] Observation Manager: <ObservationManager> contains 1 groups.
+----------------------------------------------------------+
| Active Observation Terms in Group: 'policy' (shape: (235,)) |
+-----------+--------------------------------+-------------+
|   Index   | Name                           |    Shape    |
+-----------+--------------------------------+-------------+
|     0     | base_lin_vel                   |     (3,)    |
|     1     | base_ang_vel                   |     (3,)    |
|     2     | projected_gravity              |     (3,)    |
|     3     | velocity_commands              |     (3,)    |
|     4     | joint_pos                      |    (12,)    |
|     5     | joint_vel                      |    (12,)    |
|     6     | actions                        |    (12,)    |
|     7     | height_scan                    |    (187,)   |
+-----------+--------------------------------+-------------+

[INFO] Termination Manager:  <TerminationManager> contains 2 active terms.
+---------------------------------+
|     Active Termination Terms    |
+-------+--------------+----------+
| Index | Name         | Time Out |
+-------+--------------+----------+
|   0   | time_out     |   True   |
|   1   | base_contact |  False   |
+-------+--------------+----------+

[INFO] Reward Manager:  <RewardManager> contains 10 active terms.
+-----------------------------------------+
|           Active Reward Terms           |
+-------+----------------------+----------+
| Index | Name                 |   Weight |
+-------+----------------------+----------+
|   0   | track_lin_vel_xy_exp |      1.2 |
|   1   | track_ang_vel_z_exp  |     0.75 |
|   2   | lin_vel_z_l2         |     -2.0 |
|   3   | ang_vel_xy_l2        |    -0.05 |
|   4   | dof_torques_l2       |  -0.0002 |
|   5   | dof_acc_l2           | -2.5e-07 |
|   6   | action_rate_l2       |    -0.01 |
|   7   | feet_air_time        |      0.2 |
|   8   | flat_orientation_l2  |      0.0 |
|   9   | dof_pos_limits       |      0.0 |
+-------+----------------------+----------+

[INFO] Curriculum Manager:  <CurriculumManager> contains 0 active terms.
+----------------------+
| Active Curriculum Terms |
+-----------+----------+
|   Index   | Name     |
+-----------+----------+
+-----------+----------+

[INFO]: Completed setting up the environment...
[INFO] Recording videos during training.
        video_folder: /workspace/GO2_G_A028_P1/a017/exported/videos/play
        step_trigger: lambda step: step == 0
        video_length: 1000
        disable_logger: True
[INFO]: Loading model checkpoint from: /workspace/GO2_G_A028_P1/a017/exported/model_best.pt
--------------------------------------------------------------------------------
Resolved observation sets: 
	 actor :  ['policy']
	 critic :  ['policy']
--------------------------------------------------------------------------------
Actor Model: MLPModel(
  (obs_normalizer): Identity()
  (distribution): GaussianDistribution()
  (mlp): MLP(
    (0): Linear(in_features=235, out_features=512, bias=True)
    (1): ELU(alpha=1.0)
    (2): Linear(in_features=512, out_features=256, bias=True)
    (3): ELU(alpha=1.0)
    (4): Linear(in_features=256, out_features=128, bias=True)
    (5): ELU(alpha=1.0)
    (6): Linear(in_features=128, out_features=12, bias=True)
  )
)
Critic Model: MLPModel(
  (obs_normalizer): Identity()
  (mlp): MLP(
    (0): Linear(in_features=235, out_features=512, bias=True)
    (1): ELU(alpha=1.0)
    (2): Linear(in_features=512, out_features=256, bias=True)
    (3): ELU(alpha=1.0)
    (4): Linear(in_features=256, out_features=128, bias=True)
    (5): ELU(alpha=1.0)
    (6): Linear(in_features=128, out_features=1, bias=True)
  )
)
2026-09-13T04:20:11Z [10,513ms] [Warning] [omni.syntheticdata.plugin] OgnSdPostRenderVarToHost : rendervar copy from texture directly to host buffer is counter-performant. Please use copy from texture to device buffer first.
2026-09-13T04:20:12Z [12,053ms] [Warning] [carb] Client gpu.foundation.plugin has acquired [gpu::unstable::IMemoryBudgetManagerFactory v0.1] 100 times. Consider accessing this interface with carb::getCachedInterface() (Performance warning)
[3gH    H    H    H    H    H    H    H    H    H    H    H    H    H    H    H    H    H    H    H    H    H    H  [INFO] Using python from: /workspace/IsaacLab/_isaac_sim/python.sh
[CASE] a017 slope_plus_20 seed=202
[3gH    H    H    H    H    H    H    H    H    H    H    H    H    H    H    H    H    H    H    H    H    H    H  [INFO] Using python from: /workspace/IsaacLab/_isaac_sim/python.sh
Loading user config located at: '/isaac-sim/kit/data/Kit/Isaac-Sim/5.1/user.config.json'
[Info] [carb] Logging to file: /isaac-sim/kit/logs/Kit/Isaac-Sim/5.1/kit_20260913_132100.log
2026-09-13T04:21:00Z [177ms] [Warning] [carb.windowing-glfw.plugin] GLFW initialization failed.
2026-09-13T04:21:00Z [177ms] [Warning] [carb] Failed to startup plugin carb.windowing-glfw.plugin (interfaces: [carb::windowing::IGLContext v1.0],[carb::windowing::IWindowing v1.5]) (impl: carb.windowing-glfw.plugin)
2026-09-13T04:21:00Z [187ms] [Warning] [omni.platforminfo.plugin] failed to open the default display.  Can't verify X Server version.

|---------------------------------------------------------------------------------------------|
| Driver Version: 580.126.09    | Graphics API: Vulkan
|=============================================================================================|
| GPU | Name                             | Active | LDA | GPU Memory | Vendor-ID | LUID       |
|     |                                  |        |     |            | Device-ID | UUID       |
|     |                                  |        |     |            | Bus-ID    |            |
|---------------------------------------------------------------------------------------------|
| 0   | NVIDIA GeForce RTX 5080          | Yes: 0 |     | 16303   MB | 10de      | 0          |
|     |                                  |        |     |            | 2c02      | ade2748e.. |
|     |                                  |        |     |            | 1         |            |
|=============================================================================================|
| OS: 24.04.2 LTS (Noble Numbat) ubuntu, Version: 24.04.2, Kernel: 6.8.0-136-generic
| Processor: Intel(R) Core(TM) Ultra 5 250KF Plus
| Cores: 18 | Logical Cores: 18
|---------------------------------------------------------------------------------------------|
| Total Memory (MB): 64006 | Free Memory: 49875
| Total Page/Swap (MB): 8191 | Free Page/Swap: 0
|---------------------------------------------------------------------------------------------|
2026-09-13T04:21:01Z [653ms] [Warning] [gpu.foundation.plugin] CPU performance profile is set to powersave. This profile sets the CPU to the lowest frequency reducing performance.
2026-09-13T04:21:01Z [666ms] [Warning] [gpu.foundation.plugin] IOMMU is enabled.
2026-09-13T04:21:01Z [1,014ms] [Warning] [carb.windowing-glfw.plugin] GLFW initialization failed.
2026-09-13T04:21:01Z [1,014ms] [Warning] [carb] Failed to startup plugin carb.windowing-glfw.plugin (interfaces: [carb::windowing::IGLContext v1.0],[carb::windowing::IWindowing v1.5]) (impl: carb.windowing-glfw.plugin)
2026-09-13T04:21:01Z [1,026ms] [Warning] [carb.windowing-glfw.plugin] GLFW initialization failed.
2026-09-13T04:21:01Z [1,026ms] [Warning] [carb] Failed to startup plugin carb.windowing-glfw.plugin (interfaces: [carb::windowing::IGLContext v1.0],[carb::windowing::IWindowing v1.5]) (impl: carb.windowing-glfw.plugin)
2026-09-13T04:21:01Z [1,033ms] [Warning] [carb.windowing-glfw.plugin] GLFW initialization failed.
2026-09-13T04:21:01Z [1,033ms] [Warning] [carb] Failed to startup plugin carb.windowing-glfw.plugin (interfaces: [carb::windowing::IGLContext v1.0],[carb::windowing::IWindowing v1.5]) (impl: carb.windowing-glfw.plugin)
2026-09-13T04:21:01Z [1,038ms] [Warning] [carb.windowing-glfw.plugin] GLFW initialization failed.
2026-09-13T04:21:01Z [1,038ms] [Warning] [carb] Failed to startup plugin carb.windowing-glfw.plugin (interfaces: [carb::windowing::IGLContext v1.0],[carb::windowing::IWindowing v1.5]) (impl: carb.windowing-glfw.plugin)
2026-09-13T04:21:01Z [1,038ms] [Warning] [carb.windowing-glfw.plugin] GLFW initialization failed.
2026-09-13T04:21:01Z [1,038ms] [Warning] [carb] Failed to startup plugin carb.windowing-glfw.plugin (interfaces: [carb::windowing::IGLContext v1.0],[carb::windowing::IWindowing v1.5]) (impl: carb.windowing-glfw.plugin)
2026-09-13T04:21:01Z [1,039ms] [Warning] [carb.windowing-glfw.plugin] GLFW initialization failed.
2026-09-13T04:21:01Z [1,039ms] [Warning] [carb] Failed to startup plugin carb.windowing-glfw.plugin (interfaces: [carb::windowing::IGLContext v1.0],[carb::windowing::IWindowing v1.5]) (impl: carb.windowing-glfw.plugin)
[go2-eval] telemetry enabled: out=/workspace/_keep/GO2_G_A028_P1/evaluation/a017/slope_plus_20_seed_202 steps=1000
[INFO][AppLauncher]: Using device: cuda:0
[INFO][AppLauncher]: Loading experience file: /workspace/IsaacLab/apps/isaaclab.python.headless.rendering.kit
[INFO]: Parsing configuration from: go2_task.env_cfg:QuadrupedRoughEnvCfg
[Quadruped:student] 6 reward 항목 로드
  [OK] track_lin_vel_xy_exp.weight = 1.2
  [OK] feet_air_time.weight = 0.2
  [OK] lin_vel_z_l2.weight = -2
  [OK] ang_vel_xy_l2.weight = -0.05
  [OK] action_rate_l2.weight = -0.01
  [OK] flat_orientation_l2.weight = 0.0
[Quadruped:student] terrain override - boxes ≤0.15m
[INFO]: Parsing configuration from: go2_task.agent_cfg:QuadrupedPPORunnerCfg
[WARNING]: The `policy` configuration is deprecated for rsl-rl >= 4.0.0. Please use, e.g., `actor` and `critic` model configurations instead.
[WARNING]: The `empirical_normalization` parameter is deprecated. Please set `actor_obs_normalization` and `critic_obs_normalization` as part of the `policy` configuration instead.
[WARNING]: The `policy` configuration is used to infer the `actor` model configuration.
[WARNING]: The `policy` configuration is used to infer the `critic` model configuration.
[WARNING]: The `distribution_cfg` configuration is now used to specify the output distribution for stochastic policies. Consider updating the configuration to use `distribution_cfg` instead of `stochastic`, `init_noise_std`, `noise_std_type`, and `state_dependent_std` parameters.
[INFO] Loading experiment from directory: /workspace/GO2_G_A028_P1/a017/logs/rsl_rl/quadruped

[36m======================================================================================[0m
[36m[1m[INFO][IsaacLab]: Logging to file: /tmp/isaaclab/logs/isaaclab_2026-09-13_13-21-07.log[0m
[36m======================================================================================[0m

[33m13:21:07 [simulation_context.py] WARNING: The `enable_external_forces_every_iteration` parameter in the PhysxCfg is set to False. If you are experiencing noisy velocities, consider enabling this flag. You may need to slightly increase the number of velocity iterations (setting it to 1 or 2 rather than 0), together with this flag, to improve the accuracy of velocity updates.[0m
2026-09-13T04:21:01Z [1,157ms] [Warning] [omni.log] Source: omni.hydra was already registered.
2026-09-13T04:21:02Z [1,341ms] [Warning] [carb] Acquiring non optional plugin interface which is not listed as dependency: [omni::physx::IPhysxBenchmarks v1.0] (plugin: <default plugin>), by client: omni.physics.physx.plugin. Add it to CARB_PLUGIN_IMPL_DEPS() macro of a client.
2026-09-13T04:21:02Z [1,345ms] [Warning] [omni.isaac.dynamic_control] omni.isaac.dynamic_control is deprecated as of Isaac Sim 4.5. No action is needed from end-users.
2026-09-13T04:21:03Z [2,544ms] [Warning] [pxr.Semantics] pxr.Semantics is deprecated - please use Semantics instead
2026-09-13T04:21:03Z [2,606ms] [Warning] [omni.graph.core.plugin] Found duplicate of category 'Replicator' - was 'Annotators', adding 'Fabric Reader'
2026-09-13T04:21:03Z [2,606ms] [Warning] [omni.graph.core.plugin] Category 'Replicator' not accepted on node type 'omni.replicator.core.FabricReader' in extension 'omni.replicator.core'
2026-09-13T04:21:03Z [2,607ms] [Warning] [omni.replicator.core.scripts.extension] No material configuration file, adding configuration to material settings directly.
2026-09-13T04:21:04Z [3,360ms] [Warning] [omni.kvdb.plugin] Disabling key-value database because another kit process is locking it
2026-09-13T04:21:05Z [4,743ms] [Warning] [omni.fabric.plugin] Warning: attribute viewportHandle not found for bucket id 7

2026-09-13T04:21:09Z [8,794ms] [Warning] [omni.hydra] Mesh '/__Prototype_13322334623641367634/mesh_0' has corrupted data in primvar 'st_1': buffer size 55278 doesn't match expected size 90402 in faceVarying primvars
2026-09-13T04:21:09Z [8,794ms] [Warning] [omni.hydra] Mesh '/__Prototype_13322334623641367634/mesh_0' has corrupted data in primvar 'st': buffer size 35124 doesn't match expected size 90402 in faceVarying primvars
2026-09-13T04:21:09Z [8,794ms] [Warning] [omni.hydra] Mesh '/__Prototype_5020945076074816532/mesh_0' has corrupted data in primvar 'st_1': buffer size 55278 doesn't match expected size 90402 in faceVarying primvars
2026-09-13T04:21:09Z [8,794ms] [Warning] [omni.hydra] Mesh '/__Prototype_5020945076074816532/mesh_0' has corrupted data in primvar 'st': buffer size 35124 doesn't match expected size 90402 in faceVarying primvars
2026-09-13T04:21:09Z [8,794ms] [Warning] [omni.hydra] Mesh '/__Prototype_422667710062656741/mesh_0' has corrupted data in primvar 'st_1': buffer size 19536 doesn't match expected size 25806 in faceVarying primvars
2026-09-13T04:21:09Z [8,794ms] [Warning] [omni.hydra] Mesh '/__Prototype_422667710062656741/mesh_0' has corrupted data in primvar 'st': buffer size 6270 doesn't match expected size 25806 in faceVarying primvars
2026-09-13T04:21:09Z [8,794ms] [Warning] [omni.hydra] Mesh '/__Prototype_9361768168784622320/mesh_0' has corrupted data in primvar 'st_1': buffer size 55254 doesn't match expected size 90378 in faceVarying primvars
2026-09-13T04:21:09Z [8,794ms] [Warning] [omni.hydra] Mesh '/__Prototype_9361768168784622320/mesh_0' has corrupted data in primvar 'st': buffer size 35124 doesn't match expected size 90378 in faceVarying primvars
2026-09-13T04:21:09Z [8,794ms] [Warning] [omni.hydra] Mesh '/__Prototype_7677181754714936218/mesh_0' has corrupted data in primvar 'st_1': buffer size 54198 doesn't match expected size 111120 in faceVarying primvars
2026-09-13T04:21:09Z [8,794ms] [Warning] [omni.hydra] Mesh '/__Prototype_7677181754714936218/mesh_0' has corrupted data in primvar 'st': buffer size 56922 doesn't match expected size 111120 in faceVarying primvars
2026-09-13T04:21:09Z [8,794ms] [Warning] [omni.hydra] Mesh '/__Prototype_13474969840495255918/mesh_0' has corrupted data in primvar 'st_4': buffer size 30390 doesn't match expected size 233784 in faceVarying primvars
2026-09-13T04:21:09Z [8,794ms] [Warning] [omni.hydra] Mesh '/__Prototype_3472759832488839835/mesh_0' has corrupted data in primvar 'st_1': buffer size 54198 doesn't match expected size 111120 in faceVarying primvars
2026-09-13T04:21:09Z [8,794ms] [Warning] [omni.hydra] Mesh '/__Prototype_13474969840495255918/mesh_0' has corrupted data in primvar 'st_2': buffer size 6015 doesn't match expected size 233784 in faceVarying primvars
[INFO]: Base environment:
	Environment device    : cuda:0
	Environment seed      : 202
	Physics step-size     : 0.005
	Rendering step-size   : 0.02
	Environment step-size : 0.02
[INFO] Generating terrains randomly took : 0.013590 seconds
[INFO]: Time taken for scene creation : 1.294857 seconds
[INFO]: Scene manager:  <class InteractiveScene>
	Number of environments: 4
	Environment spacing   : 2.5
	Source prim name      : /World/envs/env_0
	Global prim paths     : ['/World/ground']
	Replicate physics     : True
[INFO]: Starting the simulation. This may take a few seconds. Please wait...
[INFO]: Time taken for simulation start : 1.087854 seconds
[33m13:21:09 [velocity_command.py] WARNING: The velocity command has the 'ranges.heading' attribute set to '(-3.141592653589793, 3.141592653589793)' but the heading command is not active. Consider setting the flag for the heading command to True.[0m
/workspace/IsaacLab/_isaac_sim/kit/python/lib/python3.11/site-packages/rsl_rl/utils/utils.py:220: UserWarning: The observation configuration dictionary 'obs_groups' is empty and thus likely not configured. Consider configuring the 'obs_groups' dictionary explicitly
  warnings.warn(
/workspace/IsaacLab/_isaac_sim/kit/python/lib/python3.11/site-packages/rsl_rl/utils/utils.py:251: UserWarning: The observation configuration dictionary 'obs_groups' does not contain the 'actor' key. As an observation group with the name 'policy' was found, this is assumed to be the appropriate observation. Consider adding the 'actor' key to the 'obs_groups' dictionary for clarity. This behavior will be removed in a future version.
  warnings.warn(
/workspace/IsaacLab/_isaac_sim/kit/python/lib/python3.11/site-packages/rsl_rl/utils/utils.py:251: UserWarning: The observation configuration dictionary 'obs_groups' does not contain the 'critic' key. As an observation group with the name 'policy' was found, this is assumed to be the appropriate observation. Consider adding the 'critic' key to the 'obs_groups' dictionary for clarity. This behavior will be removed in a future version.
  warnings.warn(
2026-09-13T04:21:09Z [8,794ms] [Warning] [omni.hydra] Mesh '/__Prototype_3472759832488839835/mesh_0' has corrupted data in primvar 'st': buffer size 56922 doesn't match expected size 111120 in faceVarying primvars
2026-09-13T04:21:09Z [8,794ms] [Warning] [omni.hydra] Mesh '/__Prototype_17365619108587152245/mesh_0' has corrupted data in primvar 'st_1': buffer size 55254 doesn't match expected size 90378 in faceVarying primvars
2026-09-13T04:21:09Z [8,794ms] [Warning] [omni.hydra] Mesh '/__Prototype_17365619108587152245/mesh_0' has corrupted data in primvar 'st': buffer size 35124 doesn't match expected size 90378 in faceVarying primvars
2026-09-13T04:21:09Z [8,794ms] [Warning] [omni.hydra] Mesh '/__Prototype_11920163974880798964/mesh_0' has corrupted data in primvar 'st_1': buffer size 19536 doesn't match expected size 25806 in faceVarying primvars
2026-09-13T04:21:09Z [8,794ms] [Warning] [omni.hydra] Mesh '/__Prototype_11920163974880798964/mesh_0' has corrupted data in primvar 'st': buffer size 6270 doesn't match expected size 25806 in faceVarying primvars
2026-09-13T04:21:09Z [8,794ms] [Warning] [omni.hydra] Mesh '/__Prototype_9249459249493537703/mesh_0' has corrupted data in primvar 'st_1': buffer size 19536 doesn't match expected size 25806 in faceVarying primvars
2026-09-13T04:21:09Z [8,794ms] [Warning] [omni.hydra] Mesh '/__Prototype_9249459249493537703/mesh_0' has corrupted data in primvar 'st': buffer size 6270 doesn't match expected size 25806 in faceVarying primvars
2026-09-13T04:21:09Z [8,795ms] [Warning] [omni.hydra] Mesh '/__Prototype_17657579462717289149/mesh_0' has corrupted data in primvar 'st_1': buffer size 54198 doesn't match expected size 111120 in faceVarying primvars
2026-09-13T04:21:09Z [8,795ms] [Warning] [omni.hydra] Mesh '/__Prototype_17657579462717289149/mesh_0' has corrupted data in primvar 'st': buffer size 56922 doesn't match expected size 111120 in faceVarying primvars
2026-09-13T04:21:09Z [8,795ms] [Warning] [omni.hydra] Mesh '/__Prototype_13474969840495255918/mesh_0' has corrupted data in primvar 'st_3': buffer size 11886 doesn't match expected size 233784 in faceVarying primvars
2026-09-13T04:21:09Z [8,795ms] [Warning] [omni.hydra] Mesh '/__Prototype_13474969840495255918/mesh_0' has corrupted data in primvar 'st_1': buffer size 6960 doesn't match expected size 233784 in faceVarying primvars
2026-09-13T04:21:09Z [8,795ms] [Warning] [omni.hydra] Mesh '/__Prototype_13474969840495255918/mesh_0' has corrupted data in primvar 'st': buffer size 178533 doesn't match expected size 233784 in faceVarying primvars
2026-09-13T04:21:09Z [8,796ms] [Warning] [omni.hydra] Mesh '/__Prototype_4988299400318642876/mesh_0' has corrupted data in primvar 'st_1': buffer size 19536 doesn't match expected size 25806 in faceVarying primvars
2026-09-13T04:21:09Z [8,796ms] [Warning] [omni.hydra] Mesh '/__Prototype_4988299400318642876/mesh_0' has corrupted data in primvar 'st': buffer size 6270 doesn't match expected size 25806 in faceVarying primvars
2026-09-13T04:21:09Z [8,798ms] [Warning] [omni.hydra] Mesh '/__Prototype_17658574861032171226/mesh_0' has corrupted data in primvar 'st_1': buffer size 54198 doesn't match expected size 111120 in faceVarying primvars
2026-09-13T04:21:09Z [8,798ms] [Warning] [omni.hydra] Mesh '/__Prototype_17658574861032171226/mesh_0' has corrupted data in primvar 'st': buffer size 56922 doesn't match expected size 111120 in faceVarying primvars
2026-09-13T04:21:10Z [9,626ms] [Warning] [omni.physx.fabric.plugin] FabricManager::initializePointInstancer mismatched prototypes on point instancer: /Visuals/Command/velocity_goal.
2026-09-13T04:21:10Z [9,626ms] [Warning] [omni.physx.fabric.plugin] FabricManager::initializePointInstancer mismatched prototypes on point instancer: /Visuals/Command/velocity_current.
2026-09-13T04:21:11Z [10,449ms] [Warning] [omni.physx.fabric.plugin] FabricManager::initializePointInstancer mismatched prototypes on point instancer: /Visuals/Command/velocity_current.
2026-09-13T04:21:11Z [10,450ms] [Warning] [omni.physx.fabric.plugin] FabricManager::initializePointInstancer mismatched prototypes on point instancer: /Visuals/Command/velocity_goal.
[INFO] Command Manager:  <CommandManager> contains 1 active terms.
+------------------------------------------------+
|              Active Command Terms              |
+-------+---------------+------------------------+
| Index | Name          |          Type          |
+-------+---------------+------------------------+
|   0   | base_velocity | UniformVelocityCommand |
+-------+---------------+------------------------+

[INFO] Event Manager:  <EventManager> contains 2 active terms.
+--------------------------------------+
| Active Event Terms in Mode: 'startup' |
+----------+---------------------------+
|  Index   | Name                      |
+----------+---------------------------+
|    0     | physics_material          |
|    1     | add_base_mass             |
+----------+---------------------------+
+---------------------------------------+
|  Active Event Terms in Mode: 'reset'  |
+--------+------------------------------+
| Index  | Name                         |
+--------+------------------------------+
|   0    | base_external_force_torque   |
|   1    | reset_base                   |
|   2    | reset_robot_joints           |
+--------+------------------------------+

[INFO] Recorder Manager:  <RecorderManager> contains 0 active terms.
+---------------------+
| Active Recorder Terms |
+-----------+---------+
|   Index   | Name    |
+-----------+---------+
+-----------+---------+

[INFO] Action Manager:  <ActionManager> contains 1 active terms.
+------------------------------------+
|  Active Action Terms (shape: 12)   |
+--------+-------------+-------------+
| Index  | Name        |   Dimension |
+--------+-------------+-------------+
|   0    | joint_pos   |          12 |
+--------+-------------+-------------+

[INFO] Observation Manager: <ObservationManager> contains 1 groups.
+----------------------------------------------------------+
| Active Observation Terms in Group: 'policy' (shape: (235,)) |
+-----------+--------------------------------+-------------+
|   Index   | Name                           |    Shape    |
+-----------+--------------------------------+-------------+
|     0     | base_lin_vel                   |     (3,)    |
|     1     | base_ang_vel                   |     (3,)    |
|     2     | projected_gravity              |     (3,)    |
|     3     | velocity_commands              |     (3,)    |
|     4     | joint_pos                      |    (12,)    |
|     5     | joint_vel                      |    (12,)    |
|     6     | actions                        |    (12,)    |
|     7     | height_scan                    |    (187,)   |
+-----------+--------------------------------+-------------+

[INFO] Termination Manager:  <TerminationManager> contains 2 active terms.
+---------------------------------+
|     Active Termination Terms    |
+-------+--------------+----------+
| Index | Name         | Time Out |
+-------+--------------+----------+
|   0   | time_out     |   True   |
|   1   | base_contact |  False   |
+-------+--------------+----------+

[INFO] Reward Manager:  <RewardManager> contains 10 active terms.
+-----------------------------------------+
|           Active Reward Terms           |
+-------+----------------------+----------+
| Index | Name                 |   Weight |
+-------+----------------------+----------+
|   0   | track_lin_vel_xy_exp |      1.2 |
|   1   | track_ang_vel_z_exp  |     0.75 |
|   2   | lin_vel_z_l2         |     -2.0 |
|   3   | ang_vel_xy_l2        |    -0.05 |
|   4   | dof_torques_l2       |  -0.0002 |
|   5   | dof_acc_l2           | -2.5e-07 |
|   6   | action_rate_l2       |    -0.01 |
|   7   | feet_air_time        |      0.2 |
|   8   | flat_orientation_l2  |      0.0 |
|   9   | dof_pos_limits       |      0.0 |
+-------+----------------------+----------+

[INFO] Curriculum Manager:  <CurriculumManager> contains 0 active terms.
+----------------------+
| Active Curriculum Terms |
+-----------+----------+
|   Index   | Name     |
+-----------+----------+
+-----------+----------+

[INFO]: Completed setting up the environment...
[INFO] Recording videos during training.
        video_folder: /workspace/GO2_G_A028_P1/a017/exported/videos/play
        step_trigger: lambda step: step == 0
        video_length: 1000
        disable_logger: True
[INFO]: Loading model checkpoint from: /workspace/GO2_G_A028_P1/a017/exported/model_best.pt
--------------------------------------------------------------------------------
Resolved observation sets: 
	 actor :  ['policy']
	 critic :  ['policy']
--------------------------------------------------------------------------------
Actor Model: MLPModel(
  (obs_normalizer): Identity()
  (distribution): GaussianDistribution()
  (mlp): MLP(
    (0): Linear(in_features=235, out_features=512, bias=True)
    (1): ELU(alpha=1.0)
    (2): Linear(in_features=512, out_features=256, bias=True)
    (3): ELU(alpha=1.0)
    (4): Linear(in_features=256, out_features=128, bias=True)
    (5): ELU(alpha=1.0)
    (6): Linear(in_features=128, out_features=12, bias=True)
  )
)
Critic Model: MLPModel(
  (obs_normalizer): Identity()
  (mlp): MLP(
    (0): Linear(in_features=235, out_features=512, bias=True)
    (1): ELU(alpha=1.0)
    (2): Linear(in_features=512, out_features=256, bias=True)
    (3): ELU(alpha=1.0)
    (4): Linear(in_features=256, out_features=128, bias=True)
    (5): ELU(alpha=1.0)
    (6): Linear(in_features=128, out_features=1, bias=True)
  )
)
2026-09-13T04:21:11Z [10,499ms] [Warning] [omni.syntheticdata.plugin] OgnSdPostRenderVarToHost : rendervar copy from texture directly to host buffer is counter-performant. Please use copy from texture to device buffer first.
2026-09-13T04:21:12Z [12,057ms] [Warning] [carb] Client gpu.foundation.plugin has acquired [gpu::unstable::IMemoryBudgetManagerFactory v0.1] 100 times. Consider accessing this interface with carb::getCachedInterface() (Performance warning)
[3gH    H    H    H    H    H    H    H    H    H    H    H    H    H    H    H    H    H    H    H    H    H    H  [INFO] Using python from: /workspace/IsaacLab/_isaac_sim/python.sh
[CASE] a017 stairs_10_down seed=303
[3gH    H    H    H    H    H    H    H    H    H    H    H    H    H    H    H    H    H    H    H    H    H    H  [INFO] Using python from: /workspace/IsaacLab/_isaac_sim/python.sh
Loading user config located at: '/isaac-sim/kit/data/Kit/Isaac-Sim/5.1/user.config.json'
[Info] [carb] Logging to file: /isaac-sim/kit/logs/Kit/Isaac-Sim/5.1/kit_20260913_132159.log
2026-09-13T04:21:59Z [176ms] [Warning] [carb.windowing-glfw.plugin] GLFW initialization failed.
2026-09-13T04:21:59Z [176ms] [Warning] [carb] Failed to startup plugin carb.windowing-glfw.plugin (interfaces: [carb::windowing::IGLContext v1.0],[carb::windowing::IWindowing v1.5]) (impl: carb.windowing-glfw.plugin)
2026-09-13T04:21:59Z [185ms] [Warning] [omni.platforminfo.plugin] failed to open the default display.  Can't verify X Server version.

|---------------------------------------------------------------------------------------------|
| Driver Version: 580.126.09    | Graphics API: Vulkan
|=============================================================================================|
| GPU | Name                             | Active | LDA | GPU Memory | Vendor-ID | LUID       |
|     |                                  |        |     |            | Device-ID | UUID       |
|     |                                  |        |     |            | Bus-ID    |            |
|---------------------------------------------------------------------------------------------|
| 0   | NVIDIA GeForce RTX 5080          | Yes: 0 |     | 16303   MB | 10de      | 0          |
|     |                                  |        |     |            | 2c02      | ade2748e.. |
|     |                                  |        |     |            | 1         |            |
|=============================================================================================|
| OS: 24.04.2 LTS (Noble Numbat) ubuntu, Version: 24.04.2, Kernel: 6.8.0-136-generic
| Processor: Intel(R) Core(TM) Ultra 5 250KF Plus
| Cores: 18 | Logical Cores: 18
|---------------------------------------------------------------------------------------------|
| Total Memory (MB): 64006 | Free Memory: 50350
| Total Page/Swap (MB): 8191 | Free Page/Swap: 0
|---------------------------------------------------------------------------------------------|
2026-09-13T04:21:59Z [652ms] [Warning] [gpu.foundation.plugin] CPU performance profile is set to powersave. This profile sets the CPU to the lowest frequency reducing performance.
2026-09-13T04:21:59Z [664ms] [Warning] [gpu.foundation.plugin] IOMMU is enabled.
2026-09-13T04:22:00Z [1,004ms] [Warning] [carb.windowing-glfw.plugin] GLFW initialization failed.
2026-09-13T04:22:00Z [1,004ms] [Warning] [carb] Failed to startup plugin carb.windowing-glfw.plugin (interfaces: [carb::windowing::IGLContext v1.0],[carb::windowing::IWindowing v1.5]) (impl: carb.windowing-glfw.plugin)
2026-09-13T04:22:00Z [1,017ms] [Warning] [carb.windowing-glfw.plugin] GLFW initialization failed.
2026-09-13T04:22:00Z [1,017ms] [Warning] [carb] Failed to startup plugin carb.windowing-glfw.plugin (interfaces: [carb::windowing::IGLContext v1.0],[carb::windowing::IWindowing v1.5]) (impl: carb.windowing-glfw.plugin)
2026-09-13T04:22:00Z [1,024ms] [Warning] [carb.windowing-glfw.plugin] GLFW initialization failed.
2026-09-13T04:22:00Z [1,024ms] [Warning] [carb] Failed to startup plugin carb.windowing-glfw.plugin (interfaces: [carb::windowing::IGLContext v1.0],[carb::windowing::IWindowing v1.5]) (impl: carb.windowing-glfw.plugin)
2026-09-13T04:22:00Z [1,028ms] [Warning] [carb.windowing-glfw.plugin] GLFW initialization failed.
2026-09-13T04:22:00Z [1,028ms] [Warning] [carb] Failed to startup plugin carb.windowing-glfw.plugin (interfaces: [carb::windowing::IGLContext v1.0],[carb::windowing::IWindowing v1.5]) (impl: carb.windowing-glfw.plugin)
2026-09-13T04:22:00Z [1,028ms] [Warning] [carb.windowing-glfw.plugin] GLFW initialization failed.
2026-09-13T04:22:00Z [1,028ms] [Warning] [carb] Failed to startup plugin carb.windowing-glfw.plugin (interfaces: [carb::windowing::IGLContext v1.0],[carb::windowing::IWindowing v1.5]) (impl: carb.windowing-glfw.plugin)
2026-09-13T04:22:00Z [1,029ms] [Warning] [carb.windowing-glfw.plugin] GLFW initialization failed.
2026-09-13T04:22:00Z [1,029ms] [Warning] [carb] Failed to startup plugin carb.windowing-glfw.plugin (interfaces: [carb::windowing::IGLContext v1.0],[carb::windowing::IWindowing v1.5]) (impl: carb.windowing-glfw.plugin)
[go2-eval] telemetry enabled: out=/workspace/_keep/GO2_G_A028_P1/evaluation/a017/stairs_10_down_seed_303 steps=1000
[INFO][AppLauncher]: Using device: cuda:0
[INFO][AppLauncher]: Loading experience file: /workspace/IsaacLab/apps/isaaclab.python.headless.rendering.kit
[INFO]: Parsing configuration from: go2_task.env_cfg:QuadrupedRoughEnvCfg
[Quadruped:student] 6 reward 항목 로드
  [OK] track_lin_vel_xy_exp.weight = 1.2
  [OK] feet_air_time.weight = 0.2
  [OK] lin_vel_z_l2.weight = -2
  [OK] ang_vel_xy_l2.weight = -0.05
  [OK] action_rate_l2.weight = -0.01
  [OK] flat_orientation_l2.weight = 0.0
[Quadruped:student] terrain override - boxes ≤0.15m
[INFO]: Parsing configuration from: go2_task.agent_cfg:QuadrupedPPORunnerCfg
[WARNING]: The `policy` configuration is deprecated for rsl-rl >= 4.0.0. Please use, e.g., `actor` and `critic` model configurations instead.
[WARNING]: The `empirical_normalization` parameter is deprecated. Please set `actor_obs_normalization` and `critic_obs_normalization` as part of the `policy` configuration instead.
[WARNING]: The `policy` configuration is used to infer the `actor` model configuration.
[WARNING]: The `policy` configuration is used to infer the `critic` model configuration.
[WARNING]: The `distribution_cfg` configuration is now used to specify the output distribution for stochastic policies. Consider updating the configuration to use `distribution_cfg` instead of `stochastic`, `init_noise_std`, `noise_std_type`, and `state_dependent_std` parameters.
[INFO] Loading experiment from directory: /workspace/GO2_G_A028_P1/a017/logs/rsl_rl/quadruped

[36m======================================================================================[0m
[36m[1m[INFO][IsaacLab]: Logging to file: /tmp/isaaclab/logs/isaaclab_2026-09-13_13-22-05.log[0m
[36m======================================================================================[0m

[33m13:22:05 [simulation_context.py] WARNING: The `enable_external_forces_every_iteration` parameter in the PhysxCfg is set to False. If you are experiencing noisy velocities, consider enabling this flag. You may need to slightly increase the number of velocity iterations (setting it to 1 or 2 rather than 0), together with this flag, to improve the accuracy of velocity updates.[0m
2026-09-13T04:22:00Z [1,146ms] [Warning] [omni.log] Source: omni.hydra was already registered.
2026-09-13T04:22:00Z [1,323ms] [Warning] [carb] Acquiring non optional plugin interface which is not listed as dependency: [omni::physx::IPhysxBenchmarks v1.0] (plugin: <default plugin>), by client: omni.physics.physx.plugin. Add it to CARB_PLUGIN_IMPL_DEPS() macro of a client.
2026-09-13T04:22:00Z [1,327ms] [Warning] [omni.isaac.dynamic_control] omni.isaac.dynamic_control is deprecated as of Isaac Sim 4.5. No action is needed from end-users.
2026-09-13T04:22:01Z [2,504ms] [Warning] [pxr.Semantics] pxr.Semantics is deprecated - please use Semantics instead
2026-09-13T04:22:01Z [2,566ms] [Warning] [omni.graph.core.plugin] Found duplicate of category 'Replicator' - was 'Annotators', adding 'Fabric Reader'
2026-09-13T04:22:01Z [2,566ms] [Warning] [omni.graph.core.plugin] Category 'Replicator' not accepted on node type 'omni.replicator.core.FabricReader' in extension 'omni.replicator.core'
2026-09-13T04:22:01Z [2,567ms] [Warning] [omni.replicator.core.scripts.extension] No material configuration file, adding configuration to material settings directly.
2026-09-13T04:22:02Z [3,335ms] [Warning] [omni.kvdb.plugin] Disabling key-value database because another kit process is locking it
2026-09-13T04:22:03Z [4,746ms] [Warning] [omni.fabric.plugin] Warning: attribute viewportHandle not found for bucket id 7

2026-09-13T04:22:08Z [8,798ms] [Warning] [omni.hydra] Mesh '/__Prototype_422667710062656741/mesh_0' has corrupted data in primvar 'st': buffer size 6270 doesn't match expected size 25806 in faceVarying primvars
2026-09-13T04:22:08Z [8,798ms] [Warning] [omni.hydra] Mesh '/__Prototype_422667710062656741/mesh_0' has corrupted data in primvar 'st_1': buffer size 19536 doesn't match expected size 25806 in faceVarying primvars
2026-09-13T04:22:08Z [8,798ms] [Warning] [omni.hydra] Mesh '/__Prototype_9361768168784622320/mesh_0' has corrupted data in primvar 'st': buffer size 35124 doesn't match expected size 90378 in faceVarying primvars
2026-09-13T04:22:08Z [8,798ms] [Warning] [omni.hydra] Mesh '/__Prototype_9361768168784622320/mesh_0' has corrupted data in primvar 'st_1': buffer size 55254 doesn't match expected size 90378 in faceVarying primvars
2026-09-13T04:22:08Z [8,799ms] [Warning] [omni.hydra] Mesh '/__Prototype_17365619108587152245/mesh_0' has corrupted data in primvar 'st': buffer size 35124 doesn't match expected size 90378 in faceVarying primvars
2026-09-13T04:22:08Z [8,799ms] [Warning] [omni.hydra] Mesh '/__Prototype_7677181754714936218/mesh_0' has corrupted data in primvar 'st': buffer size 56922 doesn't match expected size 111120 in faceVarying primvars
2026-09-13T04:22:08Z [8,799ms] [Warning] [omni.hydra] Mesh '/__Prototype_17365619108587152245/mesh_0' has corrupted data in primvar 'st_1': buffer size 55254 doesn't match expected size 90378 in faceVarying primvars
2026-09-13T04:22:08Z [8,799ms] [Warning] [omni.hydra] Mesh '/__Prototype_7677181754714936218/mesh_0' has corrupted data in primvar 'st_1': buffer size 54198 doesn't match expected size 111120 in faceVarying primvars
2026-09-13T04:22:08Z [8,799ms] [Warning] [omni.hydra] Mesh '/__Prototype_9249459249493537703/mesh_0' has corrupted data in primvar 'st': buffer size 6270 doesn't match expected size 25806 in faceVarying primvars
2026-09-13T04:22:08Z [8,799ms] [Warning] [omni.hydra] Mesh '/__Prototype_9249459249493537703/mesh_0' has corrupted data in primvar 'st_1': buffer size 19536 doesn't match expected size 25806 in faceVarying primvars
2026-09-13T04:22:08Z [8,799ms] [Warning] [omni.hydra] Mesh '/__Prototype_3472759832488839835/mesh_0' has corrupted data in primvar 'st': buffer size 56922 doesn't match expected size 111120 in faceVarying primvars
2026-09-13T04:22:08Z [8,799ms] [Warning] [omni.hydra] Mesh '/__Prototype_3472759832488839835/mesh_0' has corrupted data in primvar 'st_1': buffer size 54198 doesn't match expected size 111120 in faceVarying primvars
2026-09-13T04:22:08Z [8,799ms] [Warning] [omni.hydra] Mesh '/__Prototype_13322334623641367634/mesh_0' has corrupted data in primvar 'st': buffer size 35124 doesn't match expected size 90402 in faceVarying primvars
[INFO]: Base environment:
	Environment device    : cuda:0
	Environment seed      : 303
	Physics step-size     : 0.005
	Rendering step-size   : 0.02
	Environment step-size : 0.02
[INFO] Generating terrains randomly took : 0.019334 seconds
[INFO]: Time taken for scene creation : 1.281559 seconds
[INFO]: Scene manager:  <class InteractiveScene>
	Number of environments: 4
	Environment spacing   : 2.5
	Source prim name      : /World/envs/env_0
	Global prim paths     : ['/World/ground']
	Replicate physics     : True
[INFO]: Starting the simulation. This may take a few seconds. Please wait...
[INFO]: Time taken for simulation start : 1.091842 seconds
[33m13:22:08 [velocity_command.py] WARNING: The velocity command has the 'ranges.heading' attribute set to '(-3.141592653589793, 3.141592653589793)' but the heading command is not active. Consider setting the flag for the heading command to True.[0m
/workspace/IsaacLab/_isaac_sim/kit/python/lib/python3.11/site-packages/rsl_rl/utils/utils.py:220: UserWarning: The observation configuration dictionary 'obs_groups' is empty and thus likely not configured. Consider configuring the 'obs_groups' dictionary explicitly
  warnings.warn(
/workspace/IsaacLab/_isaac_sim/kit/python/lib/python3.11/site-packages/rsl_rl/utils/utils.py:251: UserWarning: The observation configuration dictionary 'obs_groups' does not contain the 'actor' key. As an observation group with the name 'policy' was found, this is assumed to be the appropriate observation. Consider adding the 'actor' key to the 'obs_groups' dictionary for clarity. This behavior will be removed in a future version.
  warnings.warn(
/workspace/IsaacLab/_isaac_sim/kit/python/lib/python3.11/site-packages/rsl_rl/utils/utils.py:251: UserWarning: The observation configuration dictionary 'obs_groups' does not contain the 'critic' key. As an observation group with the name 'policy' was found, this is assumed to be the appropriate observation. Consider adding the 'critic' key to the 'obs_groups' dictionary for clarity. This behavior will be removed in a future version.
  warnings.warn(
2026-09-13T04:22:08Z [8,799ms] [Warning] [omni.hydra] Mesh '/__Prototype_13322334623641367634/mesh_0' has corrupted data in primvar 'st_1': buffer size 55278 doesn't match expected size 90402 in faceVarying primvars
2026-09-13T04:22:08Z [8,799ms] [Warning] [omni.hydra] Mesh '/__Prototype_4988299400318642876/mesh_0' has corrupted data in primvar 'st': buffer size 6270 doesn't match expected size 25806 in faceVarying primvars
2026-09-13T04:22:08Z [8,799ms] [Warning] [omni.hydra] Mesh '/__Prototype_4988299400318642876/mesh_0' has corrupted data in primvar 'st_1': buffer size 19536 doesn't match expected size 25806 in faceVarying primvars
2026-09-13T04:22:08Z [8,799ms] [Warning] [omni.hydra] Mesh '/__Prototype_17657579462717289149/mesh_0' has corrupted data in primvar 'st': buffer size 56922 doesn't match expected size 111120 in faceVarying primvars
2026-09-13T04:22:08Z [8,799ms] [Warning] [omni.hydra] Mesh '/__Prototype_17657579462717289149/mesh_0' has corrupted data in primvar 'st_1': buffer size 54198 doesn't match expected size 111120 in faceVarying primvars
2026-09-13T04:22:08Z [8,799ms] [Warning] [omni.hydra] Mesh '/__Prototype_5020945076074816532/mesh_0' has corrupted data in primvar 'st': buffer size 35124 doesn't match expected size 90402 in faceVarying primvars
2026-09-13T04:22:08Z [8,799ms] [Warning] [omni.hydra] Mesh '/__Prototype_5020945076074816532/mesh_0' has corrupted data in primvar 'st_1': buffer size 55278 doesn't match expected size 90402 in faceVarying primvars
2026-09-13T04:22:08Z [8,799ms] [Warning] [omni.hydra] Mesh '/__Prototype_17658574861032171226/mesh_0' has corrupted data in primvar 'st': buffer size 56922 doesn't match expected size 111120 in faceVarying primvars
2026-09-13T04:22:08Z [8,799ms] [Warning] [omni.hydra] Mesh '/__Prototype_17658574861032171226/mesh_0' has corrupted data in primvar 'st_1': buffer size 54198 doesn't match expected size 111120 in faceVarying primvars
2026-09-13T04:22:08Z [8,800ms] [Warning] [omni.hydra] Mesh '/__Prototype_11920163974880798964/mesh_0' has corrupted data in primvar 'st': buffer size 6270 doesn't match expected size 25806 in faceVarying primvars
2026-09-13T04:22:08Z [8,800ms] [Warning] [omni.hydra] Mesh '/__Prototype_11920163974880798964/mesh_0' has corrupted data in primvar 'st_1': buffer size 19536 doesn't match expected size 25806 in faceVarying primvars
2026-09-13T04:22:08Z [8,802ms] [Warning] [omni.hydra] Mesh '/__Prototype_13474969840495255918/mesh_0' has corrupted data in primvar 'st_4': buffer size 30390 doesn't match expected size 233784 in faceVarying primvars
2026-09-13T04:22:08Z [8,802ms] [Warning] [omni.hydra] Mesh '/__Prototype_13474969840495255918/mesh_0' has corrupted data in primvar 'st_3': buffer size 11886 doesn't match expected size 233784 in faceVarying primvars
2026-09-13T04:22:08Z [8,802ms] [Warning] [omni.hydra] Mesh '/__Prototype_13474969840495255918/mesh_0' has corrupted data in primvar 'st_2': buffer size 6015 doesn't match expected size 233784 in faceVarying primvars
2026-09-13T04:22:08Z [8,802ms] [Warning] [omni.hydra] Mesh '/__Prototype_13474969840495255918/mesh_0' has corrupted data in primvar 'st': buffer size 178533 doesn't match expected size 233784 in faceVarying primvars
2026-09-13T04:22:08Z [8,802ms] [Warning] [omni.hydra] Mesh '/__Prototype_13474969840495255918/mesh_0' has corrupted data in primvar 'st_1': buffer size 6960 doesn't match expected size 233784 in faceVarying primvars
2026-09-13T04:22:08Z [9,636ms] [Warning] [omni.physx.fabric.plugin] FabricManager::initializePointInstancer mismatched prototypes on point instancer: /Visuals/Command/velocity_goal.
2026-09-13T04:22:08Z [9,636ms] [Warning] [omni.physx.fabric.plugin] FabricManager::initializePointInstancer mismatched prototypes on point instancer: /Visuals/Command/velocity_current.
2026-09-13T04:22:09Z [10,463ms] [Warning] [omni.physx.fabric.plugin] FabricManager::initializePointInstancer mismatched prototypes on point instancer: /Visuals/Command/velocity_current.
2026-09-13T04:22:09Z [10,463ms] [Warning] [omni.physx.fabric.plugin] FabricManager::initializePointInstancer mismatched prototypes on point instancer: /Visuals/Command/velocity_goal.
[INFO] Command Manager:  <CommandManager> contains 1 active terms.
+------------------------------------------------+
|              Active Command Terms              |
+-------+---------------+------------------------+
| Index | Name          |          Type          |
+-------+---------------+------------------------+
|   0   | base_velocity | UniformVelocityCommand |
+-------+---------------+------------------------+

[INFO] Event Manager:  <EventManager> contains 2 active terms.
+--------------------------------------+
| Active Event Terms in Mode: 'startup' |
+----------+---------------------------+
|  Index   | Name                      |
+----------+---------------------------+
|    0     | physics_material          |
|    1     | add_base_mass             |
+----------+---------------------------+
+---------------------------------------+
|  Active Event Terms in Mode: 'reset'  |
+--------+------------------------------+
| Index  | Name                         |
+--------+------------------------------+
|   0    | base_external_force_torque   |
|   1    | reset_base                   |
|   2    | reset_robot_joints           |
+--------+------------------------------+

[INFO] Recorder Manager:  <RecorderManager> contains 0 active terms.
+---------------------+
| Active Recorder Terms |
+-----------+---------+
|   Index   | Name    |
+-----------+---------+
+-----------+---------+

[INFO] Action Manager:  <ActionManager> contains 1 active terms.
+------------------------------------+
|  Active Action Terms (shape: 12)   |
+--------+-------------+-------------+
| Index  | Name        |   Dimension |
+--------+-------------+-------------+
|   0    | joint_pos   |          12 |
+--------+-------------+-------------+

[INFO] Observation Manager: <ObservationManager> contains 1 groups.
+----------------------------------------------------------+
| Active Observation Terms in Group: 'policy' (shape: (235,)) |
+-----------+--------------------------------+-------------+
|   Index   | Name                           |    Shape    |
+-----------+--------------------------------+-------------+
|     0     | base_lin_vel                   |     (3,)    |
|     1     | base_ang_vel                   |     (3,)    |
|     2     | projected_gravity              |     (3,)    |
|     3     | velocity_commands              |     (3,)    |
|     4     | joint_pos                      |    (12,)    |
|     5     | joint_vel                      |    (12,)    |
|     6     | actions                        |    (12,)    |
|     7     | height_scan                    |    (187,)   |
+-----------+--------------------------------+-------------+

[INFO] Termination Manager:  <TerminationManager> contains 2 active terms.
+---------------------------------+
|     Active Termination Terms    |
+-------+--------------+----------+
| Index | Name         | Time Out |
+-------+--------------+----------+
|   0   | time_out     |   True   |
|   1   | base_contact |  False   |
+-------+--------------+----------+

[INFO] Reward Manager:  <RewardManager> contains 10 active terms.
+-----------------------------------------+
|           Active Reward Terms           |
+-------+----------------------+----------+
| Index | Name                 |   Weight |
+-------+----------------------+----------+
|   0   | track_lin_vel_xy_exp |      1.2 |
|   1   | track_ang_vel_z_exp  |     0.75 |
|   2   | lin_vel_z_l2         |     -2.0 |
|   3   | ang_vel_xy_l2        |    -0.05 |
|   4   | dof_torques_l2       |  -0.0002 |
|   5   | dof_acc_l2           | -2.5e-07 |
|   6   | action_rate_l2       |    -0.01 |
|   7   | feet_air_time        |      0.2 |
|   8   | flat_orientation_l2  |      0.0 |
|   9   | dof_pos_limits       |      0.0 |
+-------+----------------------+----------+

[INFO] Curriculum Manager:  <CurriculumManager> contains 0 active terms.
+----------------------+
| Active Curriculum Terms |
+-----------+----------+
|   Index   | Name     |
+-----------+----------+
+-----------+----------+

[INFO]: Completed setting up the environment...
[INFO] Recording videos during training.
        video_folder: /workspace/GO2_G_A028_P1/a017/exported/videos/play
        step_trigger: lambda step: step == 0
        video_length: 1000
        disable_logger: True
[INFO]: Loading model checkpoint from: /workspace/GO2_G_A028_P1/a017/exported/model_best.pt
--------------------------------------------------------------------------------
Resolved observation sets: 
	 actor :  ['policy']
	 critic :  ['policy']
--------------------------------------------------------------------------------
Actor Model: MLPModel(
  (obs_normalizer): Identity()
  (distribution): GaussianDistribution()
  (mlp): MLP(
    (0): Linear(in_features=235, out_features=512, bias=True)
    (1): ELU(alpha=1.0)
    (2): Linear(in_features=512, out_features=256, bias=True)
    (3): ELU(alpha=1.0)
    (4): Linear(in_features=256, out_features=128, bias=True)
    (5): ELU(alpha=1.0)
    (6): Linear(in_features=128, out_features=12, bias=True)
  )
)
Critic Model: MLPModel(
  (obs_normalizer): Identity()
  (mlp): MLP(
    (0): Linear(in_features=235, out_features=512, bias=True)
    (1): ELU(alpha=1.0)
    (2): Linear(in_features=512, out_features=256, bias=True)
    (3): ELU(alpha=1.0)
    (4): Linear(in_features=256, out_features=128, bias=True)
    (5): ELU(alpha=1.0)
    (6): Linear(in_features=128, out_features=1, bias=True)
  )
)
2026-09-13T04:22:09Z [10,515ms] [Warning] [omni.syntheticdata.plugin] OgnSdPostRenderVarToHost : rendervar copy from texture directly to host buffer is counter-performant. Please use copy from texture to device buffer first.
2026-09-13T04:22:11Z [12,031ms] [Warning] [carb] Client gpu.foundation.plugin has acquired [gpu::unstable::IMemoryBudgetManagerFactory v0.1] 100 times. Consider accessing this interface with carb::getCachedInterface() (Performance warning)
[3gH    H    H    H    H    H    H    H    H    H    H    H    H    H    H    H    H    H    H    H    H    H    H  [INFO] Using python from: /workspace/IsaacLab/_isaac_sim/python.sh
[CASE] a017 stairs_15_down seed=303
[3gH    H    H    H    H    H    H    H    H    H    H    H    H    H    H    H    H    H    H    H    H    H    H  [INFO] Using python from: /workspace/IsaacLab/_isaac_sim/python.sh
Loading user config located at: '/isaac-sim/kit/data/Kit/Isaac-Sim/5.1/user.config.json'
[Info] [carb] Logging to file: /isaac-sim/kit/logs/Kit/Isaac-Sim/5.1/kit_20260913_132259.log
2026-09-13T04:22:59Z [179ms] [Warning] [carb.windowing-glfw.plugin] GLFW initialization failed.
2026-09-13T04:22:59Z [179ms] [Warning] [carb] Failed to startup plugin carb.windowing-glfw.plugin (interfaces: [carb::windowing::IGLContext v1.0],[carb::windowing::IWindowing v1.5]) (impl: carb.windowing-glfw.plugin)
2026-09-13T04:22:59Z [191ms] [Warning] [omni.platforminfo.plugin] failed to open the default display.  Can't verify X Server version.

|---------------------------------------------------------------------------------------------|
| Driver Version: 580.126.09    | Graphics API: Vulkan
|=============================================================================================|
| GPU | Name                             | Active | LDA | GPU Memory | Vendor-ID | LUID       |
|     |                                  |        |     |            | Device-ID | UUID       |
|     |                                  |        |     |            | Bus-ID    |            |
|---------------------------------------------------------------------------------------------|
| 0   | NVIDIA GeForce RTX 5080          | Yes: 0 |     | 16303   MB | 10de      | 0          |
|     |                                  |        |     |            | 2c02      | ade2748e.. |
|     |                                  |        |     |            | 1         |            |
|=============================================================================================|
| OS: 24.04.2 LTS (Noble Numbat) ubuntu, Version: 24.04.2, Kernel: 6.8.0-136-generic
| Processor: Intel(R) Core(TM) Ultra 5 250KF Plus
| Cores: 18 | Logical Cores: 18
|---------------------------------------------------------------------------------------------|
| Total Memory (MB): 64006 | Free Memory: 50241
| Total Page/Swap (MB): 8191 | Free Page/Swap: 0
|---------------------------------------------------------------------------------------------|
2026-09-13T04:22:59Z [657ms] [Warning] [gpu.foundation.plugin] CPU performance profile is set to powersave. This profile sets the CPU to the lowest frequency reducing performance.
2026-09-13T04:22:59Z [669ms] [Warning] [gpu.foundation.plugin] IOMMU is enabled.
2026-09-13T04:23:00Z [1,016ms] [Warning] [carb.windowing-glfw.plugin] GLFW initialization failed.
2026-09-13T04:23:00Z [1,016ms] [Warning] [carb] Failed to startup plugin carb.windowing-glfw.plugin (interfaces: [carb::windowing::IGLContext v1.0],[carb::windowing::IWindowing v1.5]) (impl: carb.windowing-glfw.plugin)
2026-09-13T04:23:00Z [1,029ms] [Warning] [carb.windowing-glfw.plugin] GLFW initialization failed.
2026-09-13T04:23:00Z [1,029ms] [Warning] [carb] Failed to startup plugin carb.windowing-glfw.plugin (interfaces: [carb::windowing::IGLContext v1.0],[carb::windowing::IWindowing v1.5]) (impl: carb.windowing-glfw.plugin)
2026-09-13T04:23:00Z [1,035ms] [Warning] [carb.windowing-glfw.plugin] GLFW initialization failed.
2026-09-13T04:23:00Z [1,035ms] [Warning] [carb] Failed to startup plugin carb.windowing-glfw.plugin (interfaces: [carb::windowing::IGLContext v1.0],[carb::windowing::IWindowing v1.5]) (impl: carb.windowing-glfw.plugin)
2026-09-13T04:23:00Z [1,039ms] [Warning] [carb.windowing-glfw.plugin] GLFW initialization failed.
2026-09-13T04:23:00Z [1,039ms] [Warning] [carb] Failed to startup plugin carb.windowing-glfw.plugin (interfaces: [carb::windowing::IGLContext v1.0],[carb::windowing::IWindowing v1.5]) (impl: carb.windowing-glfw.plugin)
2026-09-13T04:23:00Z [1,040ms] [Warning] [carb.windowing-glfw.plugin] GLFW initialization failed.
2026-09-13T04:23:00Z [1,040ms] [Warning] [carb] Failed to startup plugin carb.windowing-glfw.plugin (interfaces: [carb::windowing::IGLContext v1.0],[carb::windowing::IWindowing v1.5]) (impl: carb.windowing-glfw.plugin)
2026-09-13T04:23:00Z [1,041ms] [Warning] [carb.windowing-glfw.plugin] GLFW initialization failed.
2026-09-13T04:23:00Z [1,041ms] [Warning] [carb] Failed to startup plugin carb.windowing-glfw.plugin (interfaces: [carb::windowing::IGLContext v1.0],[carb::windowing::IWindowing v1.5]) (impl: carb.windowing-glfw.plugin)
[go2-eval] telemetry enabled: out=/workspace/_keep/GO2_G_A028_P1/evaluation/a017/stairs_15_down_seed_303 steps=1000
[INFO][AppLauncher]: Using device: cuda:0
[INFO][AppLauncher]: Loading experience file: /workspace/IsaacLab/apps/isaaclab.python.headless.rendering.kit
[INFO]: Parsing configuration from: go2_task.env_cfg:QuadrupedRoughEnvCfg
[Quadruped:student] 6 reward 항목 로드
  [OK] track_lin_vel_xy_exp.weight = 1.2
  [OK] feet_air_time.weight = 0.2
  [OK] lin_vel_z_l2.weight = -2
  [OK] ang_vel_xy_l2.weight = -0.05
  [OK] action_rate_l2.weight = -0.01
  [OK] flat_orientation_l2.weight = 0.0
[Quadruped:student] terrain override - boxes ≤0.15m
[INFO]: Parsing configuration from: go2_task.agent_cfg:QuadrupedPPORunnerCfg
[WARNING]: The `policy` configuration is deprecated for rsl-rl >= 4.0.0. Please use, e.g., `actor` and `critic` model configurations instead.
[WARNING]: The `empirical_normalization` parameter is deprecated. Please set `actor_obs_normalization` and `critic_obs_normalization` as part of the `policy` configuration instead.
[WARNING]: The `policy` configuration is used to infer the `actor` model configuration.
[WARNING]: The `policy` configuration is used to infer the `critic` model configuration.
[WARNING]: The `distribution_cfg` configuration is now used to specify the output distribution for stochastic policies. Consider updating the configuration to use `distribution_cfg` instead of `stochastic`, `init_noise_std`, `noise_std_type`, and `state_dependent_std` parameters.
[INFO] Loading experiment from directory: /workspace/GO2_G_A028_P1/a017/logs/rsl_rl/quadruped

[36m======================================================================================[0m
[36m[1m[INFO][IsaacLab]: Logging to file: /tmp/isaaclab/logs/isaaclab_2026-09-13_13-23-05.log[0m
[36m======================================================================================[0m

[33m13:23:05 [simulation_context.py] WARNING: The `enable_external_forces_every_iteration` parameter in the PhysxCfg is set to False. If you are experiencing noisy velocities, consider enabling this flag. You may need to slightly increase the number of velocity iterations (setting it to 1 or 2 rather than 0), together with this flag, to improve the accuracy of velocity updates.[0m
2026-09-13T04:23:00Z [1,158ms] [Warning] [omni.log] Source: omni.hydra was already registered.
2026-09-13T04:23:00Z [1,335ms] [Warning] [carb] Acquiring non optional plugin interface which is not listed as dependency: [omni::physx::IPhysxBenchmarks v1.0] (plugin: <default plugin>), by client: omni.physics.physx.plugin. Add it to CARB_PLUGIN_IMPL_DEPS() macro of a client.
2026-09-13T04:23:00Z [1,339ms] [Warning] [omni.isaac.dynamic_control] omni.isaac.dynamic_control is deprecated as of Isaac Sim 4.5. No action is needed from end-users.
2026-09-13T04:23:01Z [2,524ms] [Warning] [pxr.Semantics] pxr.Semantics is deprecated - please use Semantics instead
2026-09-13T04:23:01Z [2,587ms] [Warning] [omni.graph.core.plugin] Found duplicate of category 'Replicator' - was 'Annotators', adding 'Fabric Reader'
2026-09-13T04:23:01Z [2,587ms] [Warning] [omni.graph.core.plugin] Category 'Replicator' not accepted on node type 'omni.replicator.core.FabricReader' in extension 'omni.replicator.core'
2026-09-13T04:23:01Z [2,588ms] [Warning] [omni.replicator.core.scripts.extension] No material configuration file, adding configuration to material settings directly.
2026-09-13T04:23:02Z [3,338ms] [Warning] [omni.kvdb.plugin] Disabling key-value database because another kit process is locking it
2026-09-13T04:23:03Z [4,749ms] [Warning] [omni.fabric.plugin] Warning: attribute viewportHandle not found for bucket id 7

2026-09-13T04:23:07Z [8,662ms] [Warning] [omni.hydra] Mesh '/__Prototype_17365619108587152245/mesh_0' has corrupted data in primvar 'st_1': buffer size 55254 doesn't match expected size 90378 in faceVarying primvars
2026-09-13T04:23:07Z [8,662ms] [Warning] [omni.hydra] Mesh '/__Prototype_17365619108587152245/mesh_0' has corrupted data in primvar 'st': buffer size 35124 doesn't match expected size 90378 in faceVarying primvars
2026-09-13T04:23:07Z [8,663ms] [Warning] [omni.hydra] Mesh '/__Prototype_13474969840495255918/mesh_0' has corrupted data in primvar 'st_4': buffer size 30390 doesn't match expected size 233784 in faceVarying primvars
2026-09-13T04:23:07Z [8,663ms] [Warning] [omni.hydra] Mesh '/__Prototype_13474969840495255918/mesh_0' has corrupted data in primvar 'st_3': buffer size 11886 doesn't match expected size 233784 in faceVarying primvars
2026-09-13T04:23:07Z [8,663ms] [Warning] [omni.hydra] Mesh '/__Prototype_13474969840495255918/mesh_0' has corrupted data in primvar 'st_1': buffer size 6960 doesn't match expected size 233784 in faceVarying primvars
2026-09-13T04:23:07Z [8,663ms] [Warning] [omni.hydra] Mesh '/__Prototype_13474969840495255918/mesh_0' has corrupted data in primvar 'st_2': buffer size 6015 doesn't match expected size 233784 in faceVarying primvars
2026-09-13T04:23:07Z [8,663ms] [Warning] [omni.hydra] Mesh '/__Prototype_13474969840495255918/mesh_0' has corrupted data in primvar 'st': buffer size 178533 doesn't match expected size 233784 in faceVarying primvars
2026-09-13T04:23:07Z [8,663ms] [Warning] [omni.hydra] Mesh '/__Prototype_17658574861032171226/mesh_0' has corrupted data in primvar 'st_1': buffer size 54198 doesn't match expected size 111120 in faceVarying primvars
2026-09-13T04:23:07Z [8,663ms] [Warning] [omni.hydra] Mesh '/__Prototype_17658574861032171226/mesh_0' has corrupted data in primvar 'st': buffer size 56922 doesn't match expected size 111120 in faceVarying primvars
2026-09-13T04:23:07Z [8,665ms] [Warning] [omni.hydra] Mesh '/__Prototype_11920163974880798964/mesh_0' has corrupted data in primvar 'st_1': buffer size 19536 doesn't match expected size 25806 in faceVarying primvars
2026-09-13T04:23:07Z [8,665ms] [Warning] [omni.hydra] Mesh '/__Prototype_11920163974880798964/mesh_0' has corrupted data in primvar 'st': buffer size 6270 doesn't match expected size 25806 in faceVarying primvars
2026-09-13T04:23:07Z [8,665ms] [Warning] [omni.hydra] Mesh '/__Prototype_17657579462717289149/mesh_0' has corrupted data in primvar 'st_1': buffer size 54198 doesn't match expected size 111120 in faceVarying primvars
2026-09-13T04:23:07Z [8,665ms] [Warning] [omni.hydra] Mesh '/__Prototype_17657579462717289149/mesh_0' has corrupted data in primvar 'st': buffer size 56922 doesn't match expected size 111120 in faceVarying primvars
[INFO]: Base environment:
	Environment device    : cuda:0
	Environment seed      : 303
	Physics step-size     : 0.005
	Rendering step-size   : 0.02
	Environment step-size : 0.02
[INFO] Generating terrains randomly took : 0.019565 seconds
[INFO]: Time taken for scene creation : 1.175108 seconds
[INFO]: Scene manager:  <class InteractiveScene>
	Number of environments: 4
	Environment spacing   : 2.5
	Source prim name      : /World/envs/env_0
	Global prim paths     : ['/World/ground']
	Replicate physics     : True
[INFO]: Starting the simulation. This may take a few seconds. Please wait...
[INFO]: Time taken for simulation start : 1.073037 seconds
[33m13:23:08 [velocity_command.py] WARNING: The velocity command has the 'ranges.heading' attribute set to '(-3.141592653589793, 3.141592653589793)' but the heading command is not active. Consider setting the flag for the heading command to True.[0m
/workspace/IsaacLab/_isaac_sim/kit/python/lib/python3.11/site-packages/rsl_rl/utils/utils.py:220: UserWarning: The observation configuration dictionary 'obs_groups' is empty and thus likely not configured. Consider configuring the 'obs_groups' dictionary explicitly
  warnings.warn(
/workspace/IsaacLab/_isaac_sim/kit/python/lib/python3.11/site-packages/rsl_rl/utils/utils.py:251: UserWarning: The observation configuration dictionary 'obs_groups' does not contain the 'actor' key. As an observation group with the name 'policy' was found, this is assumed to be the appropriate observation. Consider adding the 'actor' key to the 'obs_groups' dictionary for clarity. This behavior will be removed in a future version.
  warnings.warn(
/workspace/IsaacLab/_isaac_sim/kit/python/lib/python3.11/site-packages/rsl_rl/utils/utils.py:251: UserWarning: The observation configuration dictionary 'obs_groups' does not contain the 'critic' key. As an observation group with the name 'policy' was found, this is assumed to be the appropriate observation. Consider adding the 'critic' key to the 'obs_groups' dictionary for clarity. This behavior will be removed in a future version.
  warnings.warn(
2026-09-13T04:23:07Z [8,665ms] [Warning] [omni.hydra] Mesh '/__Prototype_4988299400318642876/mesh_0' has corrupted data in primvar 'st_1': buffer size 19536 doesn't match expected size 25806 in faceVarying primvars
2026-09-13T04:23:07Z [8,665ms] [Warning] [omni.hydra] Mesh '/__Prototype_422667710062656741/mesh_0' has corrupted data in primvar 'st_1': buffer size 19536 doesn't match expected size 25806 in faceVarying primvars
2026-09-13T04:23:07Z [8,665ms] [Warning] [omni.hydra] Mesh '/__Prototype_4988299400318642876/mesh_0' has corrupted data in primvar 'st': buffer size 6270 doesn't match expected size 25806 in faceVarying primvars
2026-09-13T04:23:07Z [8,665ms] [Warning] [omni.hydra] Mesh '/__Prototype_7677181754714936218/mesh_0' has corrupted data in primvar 'st_1': buffer size 54198 doesn't match expected size 111120 in faceVarying primvars
2026-09-13T04:23:07Z [8,665ms] [Warning] [omni.hydra] Mesh '/__Prototype_422667710062656741/mesh_0' has corrupted data in primvar 'st': buffer size 6270 doesn't match expected size 25806 in faceVarying primvars
2026-09-13T04:23:07Z [8,665ms] [Warning] [omni.hydra] Mesh '/__Prototype_7677181754714936218/mesh_0' has corrupted data in primvar 'st': buffer size 56922 doesn't match expected size 111120 in faceVarying primvars
2026-09-13T04:23:07Z [8,665ms] [Warning] [omni.hydra] Mesh '/__Prototype_9361768168784622320/mesh_0' has corrupted data in primvar 'st_1': buffer size 55254 doesn't match expected size 90378 in faceVarying primvars
2026-09-13T04:23:07Z [8,665ms] [Warning] [omni.hydra] Mesh '/__Prototype_9361768168784622320/mesh_0' has corrupted data in primvar 'st': buffer size 35124 doesn't match expected size 90378 in faceVarying primvars
2026-09-13T04:23:07Z [8,666ms] [Warning] [omni.hydra] Mesh '/__Prototype_5020945076074816532/mesh_0' has corrupted data in primvar 'st_1': buffer size 55278 doesn't match expected size 90402 in faceVarying primvars
2026-09-13T04:23:07Z [8,666ms] [Warning] [omni.hydra] Mesh '/__Prototype_5020945076074816532/mesh_0' has corrupted data in primvar 'st': buffer size 35124 doesn't match expected size 90402 in faceVarying primvars
2026-09-13T04:23:07Z [8,666ms] [Warning] [omni.hydra] Mesh '/__Prototype_13322334623641367634/mesh_0' has corrupted data in primvar 'st_1': buffer size 55278 doesn't match expected size 90402 in faceVarying primvars
2026-09-13T04:23:07Z [8,666ms] [Warning] [omni.hydra] Mesh '/__Prototype_13322334623641367634/mesh_0' has corrupted data in primvar 'st': buffer size 35124 doesn't match expected size 90402 in faceVarying primvars
2026-09-13T04:23:07Z [8,666ms] [Warning] [omni.hydra] Mesh '/__Prototype_3472759832488839835/mesh_0' has corrupted data in primvar 'st_1': buffer size 54198 doesn't match expected size 111120 in faceVarying primvars
2026-09-13T04:23:07Z [8,666ms] [Warning] [omni.hydra] Mesh '/__Prototype_3472759832488839835/mesh_0' has corrupted data in primvar 'st': buffer size 56922 doesn't match expected size 111120 in faceVarying primvars
2026-09-13T04:23:07Z [8,666ms] [Warning] [omni.hydra] Mesh '/__Prototype_9249459249493537703/mesh_0' has corrupted data in primvar 'st_1': buffer size 19536 doesn't match expected size 25806 in faceVarying primvars
2026-09-13T04:23:07Z [8,666ms] [Warning] [omni.hydra] Mesh '/__Prototype_9249459249493537703/mesh_0' has corrupted data in primvar 'st': buffer size 6270 doesn't match expected size 25806 in faceVarying primvars
2026-09-13T04:23:08Z [9,489ms] [Warning] [omni.physx.fabric.plugin] FabricManager::initializePointInstancer mismatched prototypes on point instancer: /Visuals/Command/velocity_goal.
2026-09-13T04:23:08Z [9,490ms] [Warning] [omni.physx.fabric.plugin] FabricManager::initializePointInstancer mismatched prototypes on point instancer: /Visuals/Command/velocity_current.
2026-09-13T04:23:09Z [10,327ms] [Warning] [omni.physx.fabric.plugin] FabricManager::initializePointInstancer mismatched prototypes on point instancer: /Visuals/Command/velocity_current.
2026-09-13T04:23:09Z [10,327ms] [Warning] [omni.physx.fabric.plugin] FabricManager::initializePointInstancer mismatched prototypes on point instancer: /Visuals/Command/velocity_goal.
[INFO] Command Manager:  <CommandManager> contains 1 active terms.
+------------------------------------------------+
|              Active Command Terms              |
+-------+---------------+------------------------+
| Index | Name          |          Type          |
+-------+---------------+------------------------+
|   0   | base_velocity | UniformVelocityCommand |
+-------+---------------+------------------------+

[INFO] Event Manager:  <EventManager> contains 2 active terms.
+--------------------------------------+
| Active Event Terms in Mode: 'startup' |
+----------+---------------------------+
|  Index   | Name                      |
+----------+---------------------------+
|    0     | physics_material          |
|    1     | add_base_mass             |
+----------+---------------------------+
+---------------------------------------+
|  Active Event Terms in Mode: 'reset'  |
+--------+------------------------------+
| Index  | Name                         |
+--------+------------------------------+
|   0    | base_external_force_torque   |
|   1    | reset_base                   |
|   2    | reset_robot_joints           |
+--------+------------------------------+

[INFO] Recorder Manager:  <RecorderManager> contains 0 active terms.
+---------------------+
| Active Recorder Terms |
+-----------+---------+
|   Index   | Name    |
+-----------+---------+
+-----------+---------+

[INFO] Action Manager:  <ActionManager> contains 1 active terms.
+------------------------------------+
|  Active Action Terms (shape: 12)   |
+--------+-------------+-------------+
| Index  | Name        |   Dimension |
+--------+-------------+-------------+
|   0    | joint_pos   |          12 |
+--------+-------------+-------------+

[INFO] Observation Manager: <ObservationManager> contains 1 groups.
+----------------------------------------------------------+
| Active Observation Terms in Group: 'policy' (shape: (235,)) |
+-----------+--------------------------------+-------------+
|   Index   | Name                           |    Shape    |
+-----------+--------------------------------+-------------+
|     0     | base_lin_vel                   |     (3,)    |
|     1     | base_ang_vel                   |     (3,)    |
|     2     | projected_gravity              |     (3,)    |
|     3     | velocity_commands              |     (3,)    |
|     4     | joint_pos                      |    (12,)    |
|     5     | joint_vel                      |    (12,)    |
|     6     | actions                        |    (12,)    |
|     7     | height_scan                    |    (187,)   |
+-----------+--------------------------------+-------------+

[INFO] Termination Manager:  <TerminationManager> contains 2 active terms.
+---------------------------------+
|     Active Termination Terms    |
+-------+--------------+----------+
| Index | Name         | Time Out |
+-------+--------------+----------+
|   0   | time_out     |   True   |
|   1   | base_contact |  False   |
+-------+--------------+----------+

[INFO] Reward Manager:  <RewardManager> contains 10 active terms.
+-----------------------------------------+
|           Active Reward Terms           |
+-------+----------------------+----------+
| Index | Name                 |   Weight |
+-------+----------------------+----------+
|   0   | track_lin_vel_xy_exp |      1.2 |
|   1   | track_ang_vel_z_exp  |     0.75 |
|   2   | lin_vel_z_l2         |     -2.0 |
|   3   | ang_vel_xy_l2        |    -0.05 |
|   4   | dof_torques_l2       |  -0.0002 |
|   5   | dof_acc_l2           | -2.5e-07 |
|   6   | action_rate_l2       |    -0.01 |
|   7   | feet_air_time        |      0.2 |
|   8   | flat_orientation_l2  |      0.0 |
|   9   | dof_pos_limits       |      0.0 |
+-------+----------------------+----------+

[INFO] Curriculum Manager:  <CurriculumManager> contains 0 active terms.
+----------------------+
| Active Curriculum Terms |
+-----------+----------+
|   Index   | Name     |
+-----------+----------+
+-----------+----------+

[INFO]: Completed setting up the environment...
[INFO] Recording videos during training.
        video_folder: /workspace/GO2_G_A028_P1/a017/exported/videos/play
        step_trigger: lambda step: step == 0
        video_length: 1000
        disable_logger: True
[INFO]: Loading model checkpoint from: /workspace/GO2_G_A028_P1/a017/exported/model_best.pt
--------------------------------------------------------------------------------
Resolved observation sets: 
	 actor :  ['policy']
	 critic :  ['policy']
--------------------------------------------------------------------------------
Actor Model: MLPModel(
  (obs_normalizer): Identity()
  (distribution): GaussianDistribution()
  (mlp): MLP(
    (0): Linear(in_features=235, out_features=512, bias=True)
    (1): ELU(alpha=1.0)
    (2): Linear(in_features=512, out_features=256, bias=True)
    (3): ELU(alpha=1.0)
    (4): Linear(in_features=256, out_features=128, bias=True)
    (5): ELU(alpha=1.0)
    (6): Linear(in_features=128, out_features=12, bias=True)
  )
)
Critic Model: MLPModel(
  (obs_normalizer): Identity()
  (mlp): MLP(
    (0): Linear(in_features=235, out_features=512, bias=True)
    (1): ELU(alpha=1.0)
    (2): Linear(in_features=512, out_features=256, bias=True)
    (3): ELU(alpha=1.0)
    (4): Linear(in_features=256, out_features=128, bias=True)
    (5): ELU(alpha=1.0)
    (6): Linear(in_features=128, out_features=1, bias=True)
  )
)
2026-09-13T04:23:09Z [10,378ms] [Warning] [omni.syntheticdata.plugin] OgnSdPostRenderVarToHost : rendervar copy from texture directly to host buffer is counter-performant. Please use copy from texture to device buffer first.
2026-09-13T04:23:11Z [11,904ms] [Warning] [carb] Client gpu.foundation.plugin has acquired [gpu::unstable::IMemoryBudgetManagerFactory v0.1] 100 times. Consider accessing this interface with carb::getCachedInterface() (Performance warning)
[3gH    H    H    H    H    H    H    H    H    H    H    H    H    H    H    H    H    H    H    H    H    H    H  [INFO] Using python from: /workspace/IsaacLab/_isaac_sim/python.sh
[CASE] a017 slope_plus_20 seed=303
[3gH    H    H    H    H    H    H    H    H    H    H    H    H    H    H    H    H    H    H    H    H    H    H  [INFO] Using python from: /workspace/IsaacLab/_isaac_sim/python.sh
Loading user config located at: '/isaac-sim/kit/data/Kit/Isaac-Sim/5.1/user.config.json'
[Info] [carb] Logging to file: /isaac-sim/kit/logs/Kit/Isaac-Sim/5.1/kit_20260913_132358.log
2026-09-13T04:23:58Z [177ms] [Warning] [carb.windowing-glfw.plugin] GLFW initialization failed.
2026-09-13T04:23:58Z [177ms] [Warning] [carb] Failed to startup plugin carb.windowing-glfw.plugin (interfaces: [carb::windowing::IGLContext v1.0],[carb::windowing::IWindowing v1.5]) (impl: carb.windowing-glfw.plugin)
2026-09-13T04:23:58Z [186ms] [Warning] [omni.platforminfo.plugin] failed to open the default display.  Can't verify X Server version.

|---------------------------------------------------------------------------------------------|
| Driver Version: 580.126.09    | Graphics API: Vulkan
|=============================================================================================|
| GPU | Name                             | Active | LDA | GPU Memory | Vendor-ID | LUID       |
|     |                                  |        |     |            | Device-ID | UUID       |
|     |                                  |        |     |            | Bus-ID    |            |
|---------------------------------------------------------------------------------------------|
| 0   | NVIDIA GeForce RTX 5080          | Yes: 0 |     | 16303   MB | 10de      | 0          |
|     |                                  |        |     |            | 2c02      | ade2748e.. |
|     |                                  |        |     |            | 1         |            |
|=============================================================================================|
| OS: 24.04.2 LTS (Noble Numbat) ubuntu, Version: 24.04.2, Kernel: 6.8.0-136-generic
| Processor: Intel(R) Core(TM) Ultra 5 250KF Plus
| Cores: 18 | Logical Cores: 18
|---------------------------------------------------------------------------------------------|
| Total Memory (MB): 64006 | Free Memory: 50234
| Total Page/Swap (MB): 8191 | Free Page/Swap: 0
|---------------------------------------------------------------------------------------------|
2026-09-13T04:23:59Z [644ms] [Warning] [gpu.foundation.plugin] CPU performance profile is set to powersave. This profile sets the CPU to the lowest frequency reducing performance.
2026-09-13T04:23:59Z [656ms] [Warning] [gpu.foundation.plugin] IOMMU is enabled.
2026-09-13T04:23:59Z [999ms] [Warning] [carb.windowing-glfw.plugin] GLFW initialization failed.
2026-09-13T04:23:59Z [999ms] [Warning] [carb] Failed to startup plugin carb.windowing-glfw.plugin (interfaces: [carb::windowing::IGLContext v1.0],[carb::windowing::IWindowing v1.5]) (impl: carb.windowing-glfw.plugin)
2026-09-13T04:23:59Z [1,012ms] [Warning] [carb.windowing-glfw.plugin] GLFW initialization failed.
2026-09-13T04:23:59Z [1,012ms] [Warning] [carb] Failed to startup plugin carb.windowing-glfw.plugin (interfaces: [carb::windowing::IGLContext v1.0],[carb::windowing::IWindowing v1.5]) (impl: carb.windowing-glfw.plugin)
2026-09-13T04:23:59Z [1,018ms] [Warning] [carb.windowing-glfw.plugin] GLFW initialization failed.
2026-09-13T04:23:59Z [1,018ms] [Warning] [carb] Failed to startup plugin carb.windowing-glfw.plugin (interfaces: [carb::windowing::IGLContext v1.0],[carb::windowing::IWindowing v1.5]) (impl: carb.windowing-glfw.plugin)
2026-09-13T04:23:59Z [1,022ms] [Warning] [carb.windowing-glfw.plugin] GLFW initialization failed.
2026-09-13T04:23:59Z [1,022ms] [Warning] [carb] Failed to startup plugin carb.windowing-glfw.plugin (interfaces: [carb::windowing::IGLContext v1.0],[carb::windowing::IWindowing v1.5]) (impl: carb.windowing-glfw.plugin)
2026-09-13T04:23:59Z [1,023ms] [Warning] [carb.windowing-glfw.plugin] GLFW initialization failed.
2026-09-13T04:23:59Z [1,023ms] [Warning] [carb] Failed to startup plugin carb.windowing-glfw.plugin (interfaces: [carb::windowing::IGLContext v1.0],[carb::windowing::IWindowing v1.5]) (impl: carb.windowing-glfw.plugin)
2026-09-13T04:23:59Z [1,024ms] [Warning] [carb.windowing-glfw.plugin] GLFW initialization failed.
2026-09-13T04:23:59Z [1,024ms] [Warning] [carb] Failed to startup plugin carb.windowing-glfw.plugin (interfaces: [carb::windowing::IGLContext v1.0],[carb::windowing::IWindowing v1.5]) (impl: carb.windowing-glfw.plugin)
[go2-eval] telemetry enabled: out=/workspace/_keep/GO2_G_A028_P1/evaluation/a017/slope_plus_20_seed_303 steps=1000
[INFO][AppLauncher]: Using device: cuda:0
[INFO][AppLauncher]: Loading experience file: /workspace/IsaacLab/apps/isaaclab.python.headless.rendering.kit
[INFO]: Parsing configuration from: go2_task.env_cfg:QuadrupedRoughEnvCfg
[Quadruped:student] 6 reward 항목 로드
  [OK] track_lin_vel_xy_exp.weight = 1.2
  [OK] feet_air_time.weight = 0.2
  [OK] lin_vel_z_l2.weight = -2
  [OK] ang_vel_xy_l2.weight = -0.05
  [OK] action_rate_l2.weight = -0.01
  [OK] flat_orientation_l2.weight = 0.0
[Quadruped:student] terrain override - boxes ≤0.15m
[INFO]: Parsing configuration from: go2_task.agent_cfg:QuadrupedPPORunnerCfg
[WARNING]: The `policy` configuration is deprecated for rsl-rl >= 4.0.0. Please use, e.g., `actor` and `critic` model configurations instead.
[WARNING]: The `empirical_normalization` parameter is deprecated. Please set `actor_obs_normalization` and `critic_obs_normalization` as part of the `policy` configuration instead.
[WARNING]: The `policy` configuration is used to infer the `actor` model configuration.
[WARNING]: The `policy` configuration is used to infer the `critic` model configuration.
[WARNING]: The `distribution_cfg` configuration is now used to specify the output distribution for stochastic policies. Consider updating the configuration to use `distribution_cfg` instead of `stochastic`, `init_noise_std`, `noise_std_type`, and `state_dependent_std` parameters.
[INFO] Loading experiment from directory: /workspace/GO2_G_A028_P1/a017/logs/rsl_rl/quadruped

[36m======================================================================================[0m
[36m[1m[INFO][IsaacLab]: Logging to file: /tmp/isaaclab/logs/isaaclab_2026-09-13_13-24-05.log[0m
[36m======================================================================================[0m

[33m13:24:05 [simulation_context.py] WARNING: The `enable_external_forces_every_iteration` parameter in the PhysxCfg is set to False. If you are experiencing noisy velocities, consider enabling this flag. You may need to slightly increase the number of velocity iterations (setting it to 1 or 2 rather than 0), together with this flag, to improve the accuracy of velocity updates.[0m
2026-09-13T04:23:59Z [1,142ms] [Warning] [omni.log] Source: omni.hydra was already registered.
2026-09-13T04:23:59Z [1,320ms] [Warning] [carb] Acquiring non optional plugin interface which is not listed as dependency: [omni::physx::IPhysxBenchmarks v1.0] (plugin: <default plugin>), by client: omni.physics.physx.plugin. Add it to CARB_PLUGIN_IMPL_DEPS() macro of a client.
2026-09-13T04:23:59Z [1,324ms] [Warning] [omni.isaac.dynamic_control] omni.isaac.dynamic_control is deprecated as of Isaac Sim 4.5. No action is needed from end-users.
2026-09-13T04:24:01Z [2,523ms] [Warning] [pxr.Semantics] pxr.Semantics is deprecated - please use Semantics instead
2026-09-13T04:24:01Z [2,587ms] [Warning] [omni.graph.core.plugin] Found duplicate of category 'Replicator' - was 'Annotators', adding 'Fabric Reader'
2026-09-13T04:24:01Z [2,587ms] [Warning] [omni.graph.core.plugin] Category 'Replicator' not accepted on node type 'omni.replicator.core.FabricReader' in extension 'omni.replicator.core'
2026-09-13T04:24:01Z [2,587ms] [Warning] [omni.replicator.core.scripts.extension] No material configuration file, adding configuration to material settings directly.
2026-09-13T04:24:01Z [3,336ms] [Warning] [omni.kvdb.plugin] Disabling key-value database because another kit process is locking it
2026-09-13T04:24:03Z [4,741ms] [Warning] [omni.fabric.plugin] Warning: attribute viewportHandle not found for bucket id 7

2026-09-13T04:24:07Z [8,667ms] [Warning] [omni.hydra] Mesh '/__Prototype_9249459249493537703/mesh_0' has corrupted data in primvar 'st_1': buffer size 19536 doesn't match expected size 25806 in faceVarying primvars
2026-09-13T04:24:07Z [8,667ms] [Warning] [omni.hydra] Mesh '/__Prototype_9249459249493537703/mesh_0' has corrupted data in primvar 'st': buffer size 6270 doesn't match expected size 25806 in faceVarying primvars
2026-09-13T04:24:07Z [8,667ms] [Warning] [omni.hydra] Mesh '/__Prototype_13322334623641367634/mesh_0' has corrupted data in primvar 'st_1': buffer size 55278 doesn't match expected size 90402 in faceVarying primvars
2026-09-13T04:24:07Z [8,667ms] [Warning] [omni.hydra] Mesh '/__Prototype_13322334623641367634/mesh_0' has corrupted data in primvar 'st': buffer size 35124 doesn't match expected size 90402 in faceVarying primvars
2026-09-13T04:24:07Z [8,667ms] [Warning] [omni.hydra] Mesh '/__Prototype_3472759832488839835/mesh_0' has corrupted data in primvar 'st_1': buffer size 54198 doesn't match expected size 111120 in faceVarying primvars
2026-09-13T04:24:07Z [8,667ms] [Warning] [omni.hydra] Mesh '/__Prototype_3472759832488839835/mesh_0' has corrupted data in primvar 'st': buffer size 56922 doesn't match expected size 111120 in faceVarying primvars
2026-09-13T04:24:07Z [8,667ms] [Warning] [omni.hydra] Mesh '/__Prototype_17657579462717289149/mesh_0' has corrupted data in primvar 'st_1': buffer size 54198 doesn't match expected size 111120 in faceVarying primvars
2026-09-13T04:24:07Z [8,667ms] [Warning] [omni.hydra] Mesh '/__Prototype_17657579462717289149/mesh_0' has corrupted data in primvar 'st': buffer size 56922 doesn't match expected size 111120 in faceVarying primvars
2026-09-13T04:24:07Z [8,667ms] [Warning] [omni.hydra] Mesh '/__Prototype_5020945076074816532/mesh_0' has corrupted data in primvar 'st_1': buffer size 55278 doesn't match expected size 90402 in faceVarying primvars
2026-09-13T04:24:07Z [8,667ms] [Warning] [omni.hydra] Mesh '/__Prototype_13474969840495255918/mesh_0' has corrupted data in primvar 'st_2': buffer size 6015 doesn't match expected size 233784 in faceVarying primvars
2026-09-13T04:24:07Z [8,667ms] [Warning] [omni.hydra] Mesh '/__Prototype_5020945076074816532/mesh_0' has corrupted data in primvar 'st': buffer size 35124 doesn't match expected size 90402 in faceVarying primvars
2026-09-13T04:24:07Z [8,667ms] [Warning] [omni.hydra] Mesh '/__Prototype_13474969840495255918/mesh_0' has corrupted data in primvar 'st_4': buffer size 30390 doesn't match expected size 233784 in faceVarying primvars
2026-09-13T04:24:07Z [8,667ms] [Warning] [omni.hydra] Mesh '/__Prototype_13474969840495255918/mesh_0' has corrupted data in primvar 'st_1': buffer size 6960 doesn't match expected size 233784 in faceVarying primvars
[INFO]: Base environment:
	Environment device    : cuda:0
	Environment seed      : 303
	Physics step-size     : 0.005
	Rendering step-size   : 0.02
	Environment step-size : 0.02
[INFO] Generating terrains randomly took : 0.013660 seconds
[INFO]: Time taken for scene creation : 1.152466 seconds
[INFO]: Scene manager:  <class InteractiveScene>
	Number of environments: 4
	Environment spacing   : 2.5
	Source prim name      : /World/envs/env_0
	Global prim paths     : ['/World/ground']
	Replicate physics     : True
[INFO]: Starting the simulation. This may take a few seconds. Please wait...
[INFO]: Time taken for simulation start : 1.128966 seconds
[33m13:24:07 [velocity_command.py] WARNING: The velocity command has the 'ranges.heading' attribute set to '(-3.141592653589793, 3.141592653589793)' but the heading command is not active. Consider setting the flag for the heading command to True.[0m
/workspace/IsaacLab/_isaac_sim/kit/python/lib/python3.11/site-packages/rsl_rl/utils/utils.py:220: UserWarning: The observation configuration dictionary 'obs_groups' is empty and thus likely not configured. Consider configuring the 'obs_groups' dictionary explicitly
  warnings.warn(
/workspace/IsaacLab/_isaac_sim/kit/python/lib/python3.11/site-packages/rsl_rl/utils/utils.py:251: UserWarning: The observation configuration dictionary 'obs_groups' does not contain the 'actor' key. As an observation group with the name 'policy' was found, this is assumed to be the appropriate observation. Consider adding the 'actor' key to the 'obs_groups' dictionary for clarity. This behavior will be removed in a future version.
  warnings.warn(
/workspace/IsaacLab/_isaac_sim/kit/python/lib/python3.11/site-packages/rsl_rl/utils/utils.py:251: UserWarning: The observation configuration dictionary 'obs_groups' does not contain the 'critic' key. As an observation group with the name 'policy' was found, this is assumed to be the appropriate observation. Consider adding the 'critic' key to the 'obs_groups' dictionary for clarity. This behavior will be removed in a future version.
  warnings.warn(
2026-09-13T04:24:07Z [8,667ms] [Warning] [omni.hydra] Mesh '/__Prototype_13474969840495255918/mesh_0' has corrupted data in primvar 'st': buffer size 178533 doesn't match expected size 233784 in faceVarying primvars
2026-09-13T04:24:07Z [8,667ms] [Warning] [omni.hydra] Mesh '/__Prototype_13474969840495255918/mesh_0' has corrupted data in primvar 'st_3': buffer size 11886 doesn't match expected size 233784 in faceVarying primvars
2026-09-13T04:24:07Z [8,667ms] [Warning] [omni.hydra] Mesh '/__Prototype_7677181754714936218/mesh_0' has corrupted data in primvar 'st_1': buffer size 54198 doesn't match expected size 111120 in faceVarying primvars
2026-09-13T04:24:07Z [8,667ms] [Warning] [omni.hydra] Mesh '/__Prototype_7677181754714936218/mesh_0' has corrupted data in primvar 'st': buffer size 56922 doesn't match expected size 111120 in faceVarying primvars
2026-09-13T04:24:07Z [8,668ms] [Warning] [omni.hydra] Mesh '/__Prototype_17658574861032171226/mesh_0' has corrupted data in primvar 'st_1': buffer size 54198 doesn't match expected size 111120 in faceVarying primvars
2026-09-13T04:24:07Z [8,668ms] [Warning] [omni.hydra] Mesh '/__Prototype_17658574861032171226/mesh_0' has corrupted data in primvar 'st': buffer size 56922 doesn't match expected size 111120 in faceVarying primvars
2026-09-13T04:24:07Z [8,668ms] [Warning] [omni.hydra] Mesh '/__Prototype_17365619108587152245/mesh_0' has corrupted data in primvar 'st_1': buffer size 55254 doesn't match expected size 90378 in faceVarying primvars
2026-09-13T04:24:07Z [8,668ms] [Warning] [omni.hydra] Mesh '/__Prototype_17365619108587152245/mesh_0' has corrupted data in primvar 'st': buffer size 35124 doesn't match expected size 90378 in faceVarying primvars
2026-09-13T04:24:07Z [8,669ms] [Warning] [omni.hydra] Mesh '/__Prototype_4988299400318642876/mesh_0' has corrupted data in primvar 'st_1': buffer size 19536 doesn't match expected size 25806 in faceVarying primvars
2026-09-13T04:24:07Z [8,669ms] [Warning] [omni.hydra] Mesh '/__Prototype_4988299400318642876/mesh_0' has corrupted data in primvar 'st': buffer size 6270 doesn't match expected size 25806 in faceVarying primvars
2026-09-13T04:24:07Z [8,669ms] [Warning] [omni.hydra] Mesh '/__Prototype_9361768168784622320/mesh_0' has corrupted data in primvar 'st_1': buffer size 55254 doesn't match expected size 90378 in faceVarying primvars
2026-09-13T04:24:07Z [8,669ms] [Warning] [omni.hydra] Mesh '/__Prototype_9361768168784622320/mesh_0' has corrupted data in primvar 'st': buffer size 35124 doesn't match expected size 90378 in faceVarying primvars
2026-09-13T04:24:07Z [8,670ms] [Warning] [omni.hydra] Mesh '/__Prototype_422667710062656741/mesh_0' has corrupted data in primvar 'st_1': buffer size 19536 doesn't match expected size 25806 in faceVarying primvars
2026-09-13T04:24:07Z [8,670ms] [Warning] [omni.hydra] Mesh '/__Prototype_422667710062656741/mesh_0' has corrupted data in primvar 'st': buffer size 6270 doesn't match expected size 25806 in faceVarying primvars
2026-09-13T04:24:07Z [8,670ms] [Warning] [omni.hydra] Mesh '/__Prototype_11920163974880798964/mesh_0' has corrupted data in primvar 'st_1': buffer size 19536 doesn't match expected size 25806 in faceVarying primvars
2026-09-13T04:24:07Z [8,670ms] [Warning] [omni.hydra] Mesh '/__Prototype_11920163974880798964/mesh_0' has corrupted data in primvar 'st': buffer size 6270 doesn't match expected size 25806 in faceVarying primvars
2026-09-13T04:24:08Z [9,534ms] [Warning] [omni.physx.fabric.plugin] FabricManager::initializePointInstancer mismatched prototypes on point instancer: /Visuals/Command/velocity_goal.
2026-09-13T04:24:08Z [9,534ms] [Warning] [omni.physx.fabric.plugin] FabricManager::initializePointInstancer mismatched prototypes on point instancer: /Visuals/Command/velocity_current.
2026-09-13T04:24:08Z [10,359ms] [Warning] [omni.physx.fabric.plugin] FabricManager::initializePointInstancer mismatched prototypes on point instancer: /Visuals/Command/velocity_current.
2026-09-13T04:24:08Z [10,359ms] [Warning] [omni.physx.fabric.plugin] FabricManager::initializePointInstancer mismatched prototypes on point instancer: /Visuals/Command/velocity_goal.
[INFO] Command Manager:  <CommandManager> contains 1 active terms.
+------------------------------------------------+
|              Active Command Terms              |
+-------+---------------+------------------------+
| Index | Name          |          Type          |
+-------+---------------+------------------------+
|   0   | base_velocity | UniformVelocityCommand |
+-------+---------------+------------------------+

[INFO] Event Manager:  <EventManager> contains 2 active terms.
+--------------------------------------+
| Active Event Terms in Mode: 'startup' |
+----------+---------------------------+
|  Index   | Name                      |
+----------+---------------------------+
|    0     | physics_material          |
|    1     | add_base_mass             |
+----------+---------------------------+
+---------------------------------------+
|  Active Event Terms in Mode: 'reset'  |
+--------+------------------------------+
| Index  | Name                         |
+--------+------------------------------+
|   0    | base_external_force_torque   |
|   1    | reset_base                   |
|   2    | reset_robot_joints           |
+--------+------------------------------+

[INFO] Recorder Manager:  <RecorderManager> contains 0 active terms.
+---------------------+
| Active Recorder Terms |
+-----------+---------+
|   Index   | Name    |
+-----------+---------+
+-----------+---------+

[INFO] Action Manager:  <ActionManager> contains 1 active terms.
+------------------------------------+
|  Active Action Terms (shape: 12)   |
+--------+-------------+-------------+
| Index  | Name        |   Dimension |
+--------+-------------+-------------+
|   0    | joint_pos   |          12 |
+--------+-------------+-------------+

[INFO] Observation Manager: <ObservationManager> contains 1 groups.
+----------------------------------------------------------+
| Active Observation Terms in Group: 'policy' (shape: (235,)) |
+-----------+--------------------------------+-------------+
|   Index   | Name                           |    Shape    |
+-----------+--------------------------------+-------------+
|     0     | base_lin_vel                   |     (3,)    |
|     1     | base_ang_vel                   |     (3,)    |
|     2     | projected_gravity              |     (3,)    |
|     3     | velocity_commands              |     (3,)    |
|     4     | joint_pos                      |    (12,)    |
|     5     | joint_vel                      |    (12,)    |
|     6     | actions                        |    (12,)    |
|     7     | height_scan                    |    (187,)   |
+-----------+--------------------------------+-------------+

[INFO] Termination Manager:  <TerminationManager> contains 2 active terms.
+---------------------------------+
|     Active Termination Terms    |
+-------+--------------+----------+
| Index | Name         | Time Out |
+-------+--------------+----------+
|   0   | time_out     |   True   |
|   1   | base_contact |  False   |
+-------+--------------+----------+

[INFO] Reward Manager:  <RewardManager> contains 10 active terms.
+-----------------------------------------+
|           Active Reward Terms           |
+-------+----------------------+----------+
| Index | Name                 |   Weight |
+-------+----------------------+----------+
|   0   | track_lin_vel_xy_exp |      1.2 |
|   1   | track_ang_vel_z_exp  |     0.75 |
|   2   | lin_vel_z_l2         |     -2.0 |
|   3   | ang_vel_xy_l2        |    -0.05 |
|   4   | dof_torques_l2       |  -0.0002 |
|   5   | dof_acc_l2           | -2.5e-07 |
|   6   | action_rate_l2       |    -0.01 |
|   7   | feet_air_time        |      0.2 |
|   8   | flat_orientation_l2  |      0.0 |
|   9   | dof_pos_limits       |      0.0 |
+-------+----------------------+----------+

[INFO] Curriculum Manager:  <CurriculumManager> contains 0 active terms.
+----------------------+
| Active Curriculum Terms |
+-----------+----------+
|   Index   | Name     |
+-----------+----------+
+-----------+----------+

[INFO]: Completed setting up the environment...
[INFO] Recording videos during training.
        video_folder: /workspace/GO2_G_A028_P1/a017/exported/videos/play
        step_trigger: lambda step: step == 0
        video_length: 1000
        disable_logger: True
[INFO]: Loading model checkpoint from: /workspace/GO2_G_A028_P1/a017/exported/model_best.pt
--------------------------------------------------------------------------------
Resolved observation sets: 
	 actor :  ['policy']
	 critic :  ['policy']
--------------------------------------------------------------------------------
Actor Model: MLPModel(
  (obs_normalizer): Identity()
  (distribution): GaussianDistribution()
  (mlp): MLP(
    (0): Linear(in_features=235, out_features=512, bias=True)
    (1): ELU(alpha=1.0)
    (2): Linear(in_features=512, out_features=256, bias=True)
    (3): ELU(alpha=1.0)
    (4): Linear(in_features=256, out_features=128, bias=True)
    (5): ELU(alpha=1.0)
    (6): Linear(in_features=128, out_features=12, bias=True)
  )
)
Critic Model: MLPModel(
  (obs_normalizer): Identity()
  (mlp): MLP(
    (0): Linear(in_features=235, out_features=512, bias=True)
    (1): ELU(alpha=1.0)
    (2): Linear(in_features=512, out_features=256, bias=True)
    (3): ELU(alpha=1.0)
    (4): Linear(in_features=256, out_features=128, bias=True)
    (5): ELU(alpha=1.0)
    (6): Linear(in_features=128, out_features=1, bias=True)
  )
)
2026-09-13T04:24:08Z [10,408ms] [Warning] [omni.syntheticdata.plugin] OgnSdPostRenderVarToHost : rendervar copy from texture directly to host buffer is counter-performant. Please use copy from texture to device buffer first.
2026-09-13T04:24:10Z [11,989ms] [Warning] [carb] Client gpu.foundation.plugin has acquired [gpu::unstable::IMemoryBudgetManagerFactory v0.1] 100 times. Consider accessing this interface with carb::getCachedInterface() (Performance warning)
[3gH    H    H    H    H    H    H    H    H    H    H    H    H    H    H    H    H    H    H    H    H    H    H  [INFO] Using python from: /workspace/IsaacLab/_isaac_sim/python.sh
[CASE] pilot stairs_10_down seed=101
[3gH    H    H    H    H    H    H    H    H    H    H    H    H    H    H    H    H    H    H    H    H    H    H  [INFO] Using python from: /workspace/IsaacLab/_isaac_sim/python.sh
Loading user config located at: '/isaac-sim/kit/data/Kit/Isaac-Sim/5.1/user.config.json'
[Info] [carb] Logging to file: /isaac-sim/kit/logs/Kit/Isaac-Sim/5.1/kit_20260913_132456.log
2026-09-13T04:24:56Z [178ms] [Warning] [carb.windowing-glfw.plugin] GLFW initialization failed.
2026-09-13T04:24:56Z [178ms] [Warning] [carb] Failed to startup plugin carb.windowing-glfw.plugin (interfaces: [carb::windowing::IGLContext v1.0],[carb::windowing::IWindowing v1.5]) (impl: carb.windowing-glfw.plugin)
2026-09-13T04:24:56Z [186ms] [Warning] [omni.platforminfo.plugin] failed to open the default display.  Can't verify X Server version.

|---------------------------------------------------------------------------------------------|
| Driver Version: 580.126.09    | Graphics API: Vulkan
|=============================================================================================|
| GPU | Name                             | Active | LDA | GPU Memory | Vendor-ID | LUID       |
|     |                                  |        |     |            | Device-ID | UUID       |
|     |                                  |        |     |            | Bus-ID    |            |
|---------------------------------------------------------------------------------------------|
| 0   | NVIDIA GeForce RTX 5080          | Yes: 0 |     | 16303   MB | 10de      | 0          |
|     |                                  |        |     |            | 2c02      | ade2748e.. |
|     |                                  |        |     |            | 1         |            |
|=============================================================================================|
| OS: 24.04.2 LTS (Noble Numbat) ubuntu, Version: 24.04.2, Kernel: 6.8.0-136-generic
| Processor: Intel(R) Core(TM) Ultra 5 250KF Plus
| Cores: 18 | Logical Cores: 18
|---------------------------------------------------------------------------------------------|
| Total Memory (MB): 64006 | Free Memory: 50536
| Total Page/Swap (MB): 8191 | Free Page/Swap: 0
|---------------------------------------------------------------------------------------------|
2026-09-13T04:24:56Z [654ms] [Warning] [gpu.foundation.plugin] CPU performance profile is set to powersave. This profile sets the CPU to the lowest frequency reducing performance.
2026-09-13T04:24:56Z [666ms] [Warning] [gpu.foundation.plugin] IOMMU is enabled.
2026-09-13T04:24:57Z [1,004ms] [Warning] [carb.windowing-glfw.plugin] GLFW initialization failed.
2026-09-13T04:24:57Z [1,004ms] [Warning] [carb] Failed to startup plugin carb.windowing-glfw.plugin (interfaces: [carb::windowing::IGLContext v1.0],[carb::windowing::IWindowing v1.5]) (impl: carb.windowing-glfw.plugin)
2026-09-13T04:24:57Z [1,016ms] [Warning] [carb.windowing-glfw.plugin] GLFW initialization failed.
2026-09-13T04:24:57Z [1,016ms] [Warning] [carb] Failed to startup plugin carb.windowing-glfw.plugin (interfaces: [carb::windowing::IGLContext v1.0],[carb::windowing::IWindowing v1.5]) (impl: carb.windowing-glfw.plugin)
2026-09-13T04:24:57Z [1,023ms] [Warning] [carb.windowing-glfw.plugin] GLFW initialization failed.
2026-09-13T04:24:57Z [1,023ms] [Warning] [carb] Failed to startup plugin carb.windowing-glfw.plugin (interfaces: [carb::windowing::IGLContext v1.0],[carb::windowing::IWindowing v1.5]) (impl: carb.windowing-glfw.plugin)
2026-09-13T04:24:57Z [1,027ms] [Warning] [carb.windowing-glfw.plugin] GLFW initialization failed.
2026-09-13T04:24:57Z [1,027ms] [Warning] [carb] Failed to startup plugin carb.windowing-glfw.plugin (interfaces: [carb::windowing::IGLContext v1.0],[carb::windowing::IWindowing v1.5]) (impl: carb.windowing-glfw.plugin)
2026-09-13T04:24:57Z [1,028ms] [Warning] [carb.windowing-glfw.plugin] GLFW initialization failed.
2026-09-13T04:24:57Z [1,028ms] [Warning] [carb] Failed to startup plugin carb.windowing-glfw.plugin (interfaces: [carb::windowing::IGLContext v1.0],[carb::windowing::IWindowing v1.5]) (impl: carb.windowing-glfw.plugin)
2026-09-13T04:24:57Z [1,028ms] [Warning] [carb.windowing-glfw.plugin] GLFW initialization failed.
2026-09-13T04:24:57Z [1,028ms] [Warning] [carb] Failed to startup plugin carb.windowing-glfw.plugin (interfaces: [carb::windowing::IGLContext v1.0],[carb::windowing::IWindowing v1.5]) (impl: carb.windowing-glfw.plugin)
[go2-eval] telemetry enabled: out=/workspace/_keep/GO2_G_A028_P1/evaluation/pilot/stairs_10_down_seed_101 steps=1000
[INFO][AppLauncher]: Using device: cuda:0
[INFO][AppLauncher]: Loading experience file: /workspace/IsaacLab/apps/isaaclab.python.headless.rendering.kit
[INFO]: Parsing configuration from: go2_task.env_cfg:QuadrupedRoughEnvCfg
[Quadruped:student] 6 reward 항목 로드
  [OK] track_lin_vel_xy_exp.weight = 1.2
  [OK] feet_air_time.weight = 0.2
  [OK] lin_vel_z_l2.weight = -2
  [OK] ang_vel_xy_l2.weight = -0.05
  [OK] action_rate_l2.weight = -0.01
  [OK] flat_orientation_l2.weight = 0.0
[Quadruped:student] terrain override - boxes ≤0.15m
[INFO]: Parsing configuration from: go2_task.agent_cfg:QuadrupedPPORunnerCfg
[WARNING]: The `policy` configuration is deprecated for rsl-rl >= 4.0.0. Please use, e.g., `actor` and `critic` model configurations instead.
[WARNING]: The `empirical_normalization` parameter is deprecated. Please set `actor_obs_normalization` and `critic_obs_normalization` as part of the `policy` configuration instead.
[WARNING]: The `policy` configuration is used to infer the `actor` model configuration.
[WARNING]: The `policy` configuration is used to infer the `critic` model configuration.
[WARNING]: The `distribution_cfg` configuration is now used to specify the output distribution for stochastic policies. Consider updating the configuration to use `distribution_cfg` instead of `stochastic`, `init_noise_std`, `noise_std_type`, and `state_dependent_std` parameters.
[INFO] Loading experiment from directory: /workspace/GO2_G_A028_P1/pilot/logs/rsl_rl/quadruped

[36m======================================================================================[0m
[36m[1m[INFO][IsaacLab]: Logging to file: /tmp/isaaclab/logs/isaaclab_2026-09-13_13-25-02.log[0m
[36m======================================================================================[0m

[33m13:25:02 [simulation_context.py] WARNING: The `enable_external_forces_every_iteration` parameter in the PhysxCfg is set to False. If you are experiencing noisy velocities, consider enabling this flag. You may need to slightly increase the number of velocity iterations (setting it to 1 or 2 rather than 0), together with this flag, to improve the accuracy of velocity updates.[0m
2026-09-13T04:24:57Z [1,147ms] [Warning] [omni.log] Source: omni.hydra was already registered.
2026-09-13T04:24:57Z [1,326ms] [Warning] [carb] Acquiring non optional plugin interface which is not listed as dependency: [omni::physx::IPhysxBenchmarks v1.0] (plugin: <default plugin>), by client: omni.physics.physx.plugin. Add it to CARB_PLUGIN_IMPL_DEPS() macro of a client.
2026-09-13T04:24:57Z [1,329ms] [Warning] [omni.isaac.dynamic_control] omni.isaac.dynamic_control is deprecated as of Isaac Sim 4.5. No action is needed from end-users.
2026-09-13T04:24:58Z [2,550ms] [Warning] [pxr.Semantics] pxr.Semantics is deprecated - please use Semantics instead
2026-09-13T04:24:58Z [2,613ms] [Warning] [omni.graph.core.plugin] Found duplicate of category 'Replicator' - was 'Annotators', adding 'Fabric Reader'
2026-09-13T04:24:58Z [2,613ms] [Warning] [omni.graph.core.plugin] Category 'Replicator' not accepted on node type 'omni.replicator.core.FabricReader' in extension 'omni.replicator.core'
2026-09-13T04:24:58Z [2,613ms] [Warning] [omni.replicator.core.scripts.extension] No material configuration file, adding configuration to material settings directly.
2026-09-13T04:24:59Z [3,369ms] [Warning] [omni.kvdb.plugin] Disabling key-value database because another kit process is locking it
2026-09-13T04:25:00Z [4,778ms] [Warning] [omni.fabric.plugin] Warning: attribute viewportHandle not found for bucket id 7

2026-09-13T04:25:04Z [8,661ms] [Warning] [omni.hydra] Mesh '/__Prototype_9249459249493537703/mesh_0' has corrupted data in primvar 'st_1': buffer size 19536 doesn't match expected size 25806 in faceVarying primvars
2026-09-13T04:25:04Z [8,661ms] [Warning] [omni.hydra] Mesh '/__Prototype_9249459249493537703/mesh_0' has corrupted data in primvar 'st': buffer size 6270 doesn't match expected size 25806 in faceVarying primvars
2026-09-13T04:25:04Z [8,661ms] [Warning] [omni.hydra] Mesh '/__Prototype_422667710062656741/mesh_0' has corrupted data in primvar 'st_1': buffer size 19536 doesn't match expected size 25806 in faceVarying primvars
2026-09-13T04:25:04Z [8,661ms] [Warning] [omni.hydra] Mesh '/__Prototype_422667710062656741/mesh_0' has corrupted data in primvar 'st': buffer size 6270 doesn't match expected size 25806 in faceVarying primvars
2026-09-13T04:25:04Z [8,662ms] [Warning] [omni.hydra] Mesh '/__Prototype_17657579462717289149/mesh_0' has corrupted data in primvar 'st_1': buffer size 54198 doesn't match expected size 111120 in faceVarying primvars
2026-09-13T04:25:04Z [8,662ms] [Warning] [omni.hydra] Mesh '/__Prototype_17658574861032171226/mesh_0' has corrupted data in primvar 'st_1': buffer size 54198 doesn't match expected size 111120 in faceVarying primvars
2026-09-13T04:25:04Z [8,662ms] [Warning] [omni.hydra] Mesh '/__Prototype_17657579462717289149/mesh_0' has corrupted data in primvar 'st': buffer size 56922 doesn't match expected size 111120 in faceVarying primvars
2026-09-13T04:25:04Z [8,662ms] [Warning] [omni.hydra] Mesh '/__Prototype_17658574861032171226/mesh_0' has corrupted data in primvar 'st': buffer size 56922 doesn't match expected size 111120 in faceVarying primvars
2026-09-13T04:25:04Z [8,662ms] [Warning] [omni.hydra] Mesh '/__Prototype_9361768168784622320/mesh_0' has corrupted data in primvar 'st_1': buffer size 55254 doesn't match expected size 90378 in faceVarying primvars
2026-09-13T04:25:04Z [8,662ms] [Warning] [omni.hydra] Mesh '/__Prototype_9361768168784622320/mesh_0' has corrupted data in primvar 'st': buffer size 35124 doesn't match expected size 90378 in faceVarying primvars
2026-09-13T04:25:04Z [8,662ms] [Warning] [omni.hydra] Mesh '/__Prototype_7677181754714936218/mesh_0' has corrupted data in primvar 'st_1': buffer size 54198 doesn't match expected size 111120 in faceVarying primvars
2026-09-13T04:25:04Z [8,662ms] [Warning] [omni.hydra] Mesh '/__Prototype_7677181754714936218/mesh_0' has corrupted data in primvar 'st': buffer size 56922 doesn't match expected size 111120 in faceVarying primvars
2026-09-13T04:25:04Z [8,662ms] [Warning] [omni.hydra] Mesh '/__Prototype_11920163974880798964/mesh_0' has corrupted data in primvar 'st_1': buffer size 19536 doesn't match expected size 25806 in faceVarying primvars
[INFO]: Base environment:
	Environment device    : cuda:0
	Environment seed      : 101
	Physics step-size     : 0.005
	Rendering step-size   : 0.02
	Environment step-size : 0.02
[INFO] Generating terrains randomly took : 0.019198 seconds
[INFO]: Time taken for scene creation : 1.134291 seconds
[INFO]: Scene manager:  <class InteractiveScene>
	Number of environments: 4
	Environment spacing   : 2.5
	Source prim name      : /World/envs/env_0
	Global prim paths     : ['/World/ground']
	Replicate physics     : True
[INFO]: Starting the simulation. This may take a few seconds. Please wait...
[INFO]: Time taken for simulation start : 1.079602 seconds
[33m13:25:05 [velocity_command.py] WARNING: The velocity command has the 'ranges.heading' attribute set to '(-3.141592653589793, 3.141592653589793)' but the heading command is not active. Consider setting the flag for the heading command to True.[0m
/workspace/IsaacLab/_isaac_sim/kit/python/lib/python3.11/site-packages/rsl_rl/utils/utils.py:220: UserWarning: The observation configuration dictionary 'obs_groups' is empty and thus likely not configured. Consider configuring the 'obs_groups' dictionary explicitly
  warnings.warn(
/workspace/IsaacLab/_isaac_sim/kit/python/lib/python3.11/site-packages/rsl_rl/utils/utils.py:251: UserWarning: The observation configuration dictionary 'obs_groups' does not contain the 'actor' key. As an observation group with the name 'policy' was found, this is assumed to be the appropriate observation. Consider adding the 'actor' key to the 'obs_groups' dictionary for clarity. This behavior will be removed in a future version.
  warnings.warn(
/workspace/IsaacLab/_isaac_sim/kit/python/lib/python3.11/site-packages/rsl_rl/utils/utils.py:251: UserWarning: The observation configuration dictionary 'obs_groups' does not contain the 'critic' key. As an observation group with the name 'policy' was found, this is assumed to be the appropriate observation. Consider adding the 'critic' key to the 'obs_groups' dictionary for clarity. This behavior will be removed in a future version.
  warnings.warn(
2026-09-13T04:25:04Z [8,662ms] [Warning] [omni.hydra] Mesh '/__Prototype_11920163974880798964/mesh_0' has corrupted data in primvar 'st': buffer size 6270 doesn't match expected size 25806 in faceVarying primvars
2026-09-13T04:25:04Z [8,663ms] [Warning] [omni.hydra] Mesh '/__Prototype_5020945076074816532/mesh_0' has corrupted data in primvar 'st_1': buffer size 55278 doesn't match expected size 90402 in faceVarying primvars
2026-09-13T04:25:04Z [8,663ms] [Warning] [omni.hydra] Mesh '/__Prototype_5020945076074816532/mesh_0' has corrupted data in primvar 'st': buffer size 35124 doesn't match expected size 90402 in faceVarying primvars
2026-09-13T04:25:04Z [8,663ms] [Warning] [omni.hydra] Mesh '/__Prototype_13474969840495255918/mesh_0' has corrupted data in primvar 'st_4': buffer size 30390 doesn't match expected size 233784 in faceVarying primvars
2026-09-13T04:25:04Z [8,663ms] [Warning] [omni.hydra] Mesh '/__Prototype_13474969840495255918/mesh_0' has corrupted data in primvar 'st_2': buffer size 6015 doesn't match expected size 233784 in faceVarying primvars
2026-09-13T04:25:04Z [8,663ms] [Warning] [omni.hydra] Mesh '/__Prototype_13474969840495255918/mesh_0' has corrupted data in primvar 'st_1': buffer size 6960 doesn't match expected size 233784 in faceVarying primvars
2026-09-13T04:25:04Z [8,663ms] [Warning] [omni.hydra] Mesh '/__Prototype_13474969840495255918/mesh_0' has corrupted data in primvar 'st_3': buffer size 11886 doesn't match expected size 233784 in faceVarying primvars
2026-09-13T04:25:04Z [8,663ms] [Warning] [omni.hydra] Mesh '/__Prototype_13474969840495255918/mesh_0' has corrupted data in primvar 'st': buffer size 178533 doesn't match expected size 233784 in faceVarying primvars
2026-09-13T04:25:04Z [8,663ms] [Warning] [omni.hydra] Mesh '/__Prototype_17365619108587152245/mesh_0' has corrupted data in primvar 'st_1': buffer size 55254 doesn't match expected size 90378 in faceVarying primvars
2026-09-13T04:25:04Z [8,664ms] [Warning] [omni.hydra] Mesh '/__Prototype_17365619108587152245/mesh_0' has corrupted data in primvar 'st': buffer size 35124 doesn't match expected size 90378 in faceVarying primvars
2026-09-13T04:25:04Z [8,664ms] [Warning] [omni.hydra] Mesh '/__Prototype_13322334623641367634/mesh_0' has corrupted data in primvar 'st_1': buffer size 55278 doesn't match expected size 90402 in faceVarying primvars
2026-09-13T04:25:04Z [8,664ms] [Warning] [omni.hydra] Mesh '/__Prototype_13322334623641367634/mesh_0' has corrupted data in primvar 'st': buffer size 35124 doesn't match expected size 90402 in faceVarying primvars
2026-09-13T04:25:04Z [8,664ms] [Warning] [omni.hydra] Mesh '/__Prototype_3472759832488839835/mesh_0' has corrupted data in primvar 'st_1': buffer size 54198 doesn't match expected size 111120 in faceVarying primvars
2026-09-13T04:25:04Z [8,664ms] [Warning] [omni.hydra] Mesh '/__Prototype_3472759832488839835/mesh_0' has corrupted data in primvar 'st': buffer size 56922 doesn't match expected size 111120 in faceVarying primvars
2026-09-13T04:25:04Z [8,664ms] [Warning] [omni.hydra] Mesh '/__Prototype_4988299400318642876/mesh_0' has corrupted data in primvar 'st_1': buffer size 19536 doesn't match expected size 25806 in faceVarying primvars
2026-09-13T04:25:04Z [8,664ms] [Warning] [omni.hydra] Mesh '/__Prototype_4988299400318642876/mesh_0' has corrupted data in primvar 'st': buffer size 6270 doesn't match expected size 25806 in faceVarying primvars
2026-09-13T04:25:05Z [9,510ms] [Warning] [omni.physx.fabric.plugin] FabricManager::initializePointInstancer mismatched prototypes on point instancer: /Visuals/Command/velocity_goal.
2026-09-13T04:25:05Z [9,510ms] [Warning] [omni.physx.fabric.plugin] FabricManager::initializePointInstancer mismatched prototypes on point instancer: /Visuals/Command/velocity_current.
2026-09-13T04:25:06Z [10,363ms] [Warning] [omni.physx.fabric.plugin] FabricManager::initializePointInstancer mismatched prototypes on point instancer: /Visuals/Command/velocity_current.
2026-09-13T04:25:06Z [10,364ms] [Warning] [omni.physx.fabric.plugin] FabricManager::initializePointInstancer mismatched prototypes on point instancer: /Visuals/Command/velocity_goal.
[INFO] Command Manager:  <CommandManager> contains 1 active terms.
+------------------------------------------------+
|              Active Command Terms              |
+-------+---------------+------------------------+
| Index | Name          |          Type          |
+-------+---------------+------------------------+
|   0   | base_velocity | UniformVelocityCommand |
+-------+---------------+------------------------+

[INFO] Event Manager:  <EventManager> contains 2 active terms.
+--------------------------------------+
| Active Event Terms in Mode: 'startup' |
+----------+---------------------------+
|  Index   | Name                      |
+----------+---------------------------+
|    0     | physics_material          |
|    1     | add_base_mass             |
+----------+---------------------------+
+---------------------------------------+
|  Active Event Terms in Mode: 'reset'  |
+--------+------------------------------+
| Index  | Name                         |
+--------+------------------------------+
|   0    | base_external_force_torque   |
|   1    | reset_base                   |
|   2    | reset_robot_joints           |
+--------+------------------------------+

[INFO] Recorder Manager:  <RecorderManager> contains 0 active terms.
+---------------------+
| Active Recorder Terms |
+-----------+---------+
|   Index   | Name    |
+-----------+---------+
+-----------+---------+

[INFO] Action Manager:  <ActionManager> contains 1 active terms.
+------------------------------------+
|  Active Action Terms (shape: 12)   |
+--------+-------------+-------------+
| Index  | Name        |   Dimension |
+--------+-------------+-------------+
|   0    | joint_pos   |          12 |
+--------+-------------+-------------+

[INFO] Observation Manager: <ObservationManager> contains 1 groups.
+----------------------------------------------------------+
| Active Observation Terms in Group: 'policy' (shape: (235,)) |
+-----------+--------------------------------+-------------+
|   Index   | Name                           |    Shape    |
+-----------+--------------------------------+-------------+
|     0     | base_lin_vel                   |     (3,)    |
|     1     | base_ang_vel                   |     (3,)    |
|     2     | projected_gravity              |     (3,)    |
|     3     | velocity_commands              |     (3,)    |
|     4     | joint_pos                      |    (12,)    |
|     5     | joint_vel                      |    (12,)    |
|     6     | actions                        |    (12,)    |
|     7     | height_scan                    |    (187,)   |
+-----------+--------------------------------+-------------+

[INFO] Termination Manager:  <TerminationManager> contains 2 active terms.
+---------------------------------+
|     Active Termination Terms    |
+-------+--------------+----------+
| Index | Name         | Time Out |
+-------+--------------+----------+
|   0   | time_out     |   True   |
|   1   | base_contact |  False   |
+-------+--------------+----------+

[INFO] Reward Manager:  <RewardManager> contains 10 active terms.
+-----------------------------------------+
|           Active Reward Terms           |
+-------+----------------------+----------+
| Index | Name                 |   Weight |
+-------+----------------------+----------+
|   0   | track_lin_vel_xy_exp |      1.2 |
|   1   | track_ang_vel_z_exp  |     0.75 |
|   2   | lin_vel_z_l2         |     -2.0 |
|   3   | ang_vel_xy_l2        |    -0.05 |
|   4   | dof_torques_l2       |  -0.0002 |
|   5   | dof_acc_l2           | -2.5e-07 |
|   6   | action_rate_l2       |    -0.01 |
|   7   | feet_air_time        |      0.2 |
|   8   | flat_orientation_l2  |      0.0 |
|   9   | dof_pos_limits       |      0.0 |
+-------+----------------------+----------+

[INFO] Curriculum Manager:  <CurriculumManager> contains 0 active terms.
+----------------------+
| Active Curriculum Terms |
+-----------+----------+
|   Index   | Name     |
+-----------+----------+
+-----------+----------+

[INFO]: Completed setting up the environment...
[INFO] Recording videos during training.
        video_folder: /workspace/GO2_G_A028_P1/pilot/exported/videos/play
        step_trigger: lambda step: step == 0
        video_length: 1000
        disable_logger: True
[INFO]: Loading model checkpoint from: /workspace/GO2_G_A028_P1/pilot/exported/model_best.pt
--------------------------------------------------------------------------------
Resolved observation sets: 
	 actor :  ['policy']
	 critic :  ['policy']
--------------------------------------------------------------------------------
Actor Model: MLPModel(
  (obs_normalizer): Identity()
  (distribution): GaussianDistribution()
  (mlp): MLP(
    (0): Linear(in_features=235, out_features=512, bias=True)
    (1): ELU(alpha=1.0)
    (2): Linear(in_features=512, out_features=256, bias=True)
    (3): ELU(alpha=1.0)
    (4): Linear(in_features=256, out_features=128, bias=True)
    (5): ELU(alpha=1.0)
    (6): Linear(in_features=128, out_features=12, bias=True)
  )
)
Critic Model: MLPModel(
  (obs_normalizer): Identity()
  (mlp): MLP(
    (0): Linear(in_features=235, out_features=512, bias=True)
    (1): ELU(alpha=1.0)
    (2): Linear(in_features=512, out_features=256, bias=True)
    (3): ELU(alpha=1.0)
    (4): Linear(in_features=256, out_features=128, bias=True)
    (5): ELU(alpha=1.0)
    (6): Linear(in_features=128, out_features=1, bias=True)
  )
)
2026-09-13T04:25:06Z [10,414ms] [Warning] [omni.syntheticdata.plugin] OgnSdPostRenderVarToHost : rendervar copy from texture directly to host buffer is counter-performant. Please use copy from texture to device buffer first.
2026-09-13T04:25:08Z [11,999ms] [Warning] [carb] Client gpu.foundation.plugin has acquired [gpu::unstable::IMemoryBudgetManagerFactory v0.1] 100 times. Consider accessing this interface with carb::getCachedInterface() (Performance warning)
[3gH    H    H    H    H    H    H    H    H    H    H    H    H    H    H    H    H    H    H    H    H    H    H  [INFO] Using python from: /workspace/IsaacLab/_isaac_sim/python.sh
[CASE] pilot stairs_15_down seed=101
[3gH    H    H    H    H    H    H    H    H    H    H    H    H    H    H    H    H    H    H    H    H    H    H  [INFO] Using python from: /workspace/IsaacLab/_isaac_sim/python.sh
Loading user config located at: '/isaac-sim/kit/data/Kit/Isaac-Sim/5.1/user.config.json'
[Info] [carb] Logging to file: /isaac-sim/kit/logs/Kit/Isaac-Sim/5.1/kit_20260913_132556.log
2026-09-13T04:25:56Z [177ms] [Warning] [carb.windowing-glfw.plugin] GLFW initialization failed.
2026-09-13T04:25:56Z [177ms] [Warning] [carb] Failed to startup plugin carb.windowing-glfw.plugin (interfaces: [carb::windowing::IGLContext v1.0],[carb::windowing::IWindowing v1.5]) (impl: carb.windowing-glfw.plugin)
2026-09-13T04:25:56Z [187ms] [Warning] [omni.platforminfo.plugin] failed to open the default display.  Can't verify X Server version.

|---------------------------------------------------------------------------------------------|
| Driver Version: 580.126.09    | Graphics API: Vulkan
|=============================================================================================|
| GPU | Name                             | Active | LDA | GPU Memory | Vendor-ID | LUID       |
|     |                                  |        |     |            | Device-ID | UUID       |
|     |                                  |        |     |            | Bus-ID    |            |
|---------------------------------------------------------------------------------------------|
| 0   | NVIDIA GeForce RTX 5080          | Yes: 0 |     | 16303   MB | 10de      | 0          |
|     |                                  |        |     |            | 2c02      | ade2748e.. |
|     |                                  |        |     |            | 1         |            |
|=============================================================================================|
| OS: 24.04.2 LTS (Noble Numbat) ubuntu, Version: 24.04.2, Kernel: 6.8.0-136-generic
| Processor: Intel(R) Core(TM) Ultra 5 250KF Plus
| Cores: 18 | Logical Cores: 18
|---------------------------------------------------------------------------------------------|
| Total Memory (MB): 64006 | Free Memory: 50326
| Total Page/Swap (MB): 8191 | Free Page/Swap: 0
|---------------------------------------------------------------------------------------------|
2026-09-13T04:25:57Z [654ms] [Warning] [gpu.foundation.plugin] CPU performance profile is set to powersave. This profile sets the CPU to the lowest frequency reducing performance.
2026-09-13T04:25:57Z [667ms] [Warning] [gpu.foundation.plugin] IOMMU is enabled.
2026-09-13T04:25:57Z [1,008ms] [Warning] [carb.windowing-glfw.plugin] GLFW initialization failed.
2026-09-13T04:25:57Z [1,008ms] [Warning] [carb] Failed to startup plugin carb.windowing-glfw.plugin (interfaces: [carb::windowing::IGLContext v1.0],[carb::windowing::IWindowing v1.5]) (impl: carb.windowing-glfw.plugin)
2026-09-13T04:25:57Z [1,022ms] [Warning] [carb.windowing-glfw.plugin] GLFW initialization failed.
2026-09-13T04:25:57Z [1,022ms] [Warning] [carb] Failed to startup plugin carb.windowing-glfw.plugin (interfaces: [carb::windowing::IGLContext v1.0],[carb::windowing::IWindowing v1.5]) (impl: carb.windowing-glfw.plugin)
2026-09-13T04:25:57Z [1,028ms] [Warning] [carb.windowing-glfw.plugin] GLFW initialization failed.
2026-09-13T04:25:57Z [1,028ms] [Warning] [carb] Failed to startup plugin carb.windowing-glfw.plugin (interfaces: [carb::windowing::IGLContext v1.0],[carb::windowing::IWindowing v1.5]) (impl: carb.windowing-glfw.plugin)
2026-09-13T04:25:57Z [1,032ms] [Warning] [carb.windowing-glfw.plugin] GLFW initialization failed.
2026-09-13T04:25:57Z [1,032ms] [Warning] [carb] Failed to startup plugin carb.windowing-glfw.plugin (interfaces: [carb::windowing::IGLContext v1.0],[carb::windowing::IWindowing v1.5]) (impl: carb.windowing-glfw.plugin)
2026-09-13T04:25:57Z [1,033ms] [Warning] [carb.windowing-glfw.plugin] GLFW initialization failed.
2026-09-13T04:25:57Z [1,033ms] [Warning] [carb] Failed to startup plugin carb.windowing-glfw.plugin (interfaces: [carb::windowing::IGLContext v1.0],[carb::windowing::IWindowing v1.5]) (impl: carb.windowing-glfw.plugin)
2026-09-13T04:25:57Z [1,034ms] [Warning] [carb.windowing-glfw.plugin] GLFW initialization failed.
2026-09-13T04:25:57Z [1,034ms] [Warning] [carb] Failed to startup plugin carb.windowing-glfw.plugin (interfaces: [carb::windowing::IGLContext v1.0],[carb::windowing::IWindowing v1.5]) (impl: carb.windowing-glfw.plugin)
[go2-eval] telemetry enabled: out=/workspace/_keep/GO2_G_A028_P1/evaluation/pilot/stairs_15_down_seed_101 steps=1000
[INFO][AppLauncher]: Using device: cuda:0
[INFO][AppLauncher]: Loading experience file: /workspace/IsaacLab/apps/isaaclab.python.headless.rendering.kit
[INFO]: Parsing configuration from: go2_task.env_cfg:QuadrupedRoughEnvCfg
[Quadruped:student] 6 reward 항목 로드
  [OK] track_lin_vel_xy_exp.weight = 1.2
  [OK] feet_air_time.weight = 0.2
  [OK] lin_vel_z_l2.weight = -2
  [OK] ang_vel_xy_l2.weight = -0.05
  [OK] action_rate_l2.weight = -0.01
  [OK] flat_orientation_l2.weight = 0.0
[Quadruped:student] terrain override - boxes ≤0.15m
[INFO]: Parsing configuration from: go2_task.agent_cfg:QuadrupedPPORunnerCfg
[WARNING]: The `policy` configuration is deprecated for rsl-rl >= 4.0.0. Please use, e.g., `actor` and `critic` model configurations instead.
[WARNING]: The `empirical_normalization` parameter is deprecated. Please set `actor_obs_normalization` and `critic_obs_normalization` as part of the `policy` configuration instead.
[WARNING]: The `policy` configuration is used to infer the `actor` model configuration.
[WARNING]: The `policy` configuration is used to infer the `critic` model configuration.
[WARNING]: The `distribution_cfg` configuration is now used to specify the output distribution for stochastic policies. Consider updating the configuration to use `distribution_cfg` instead of `stochastic`, `init_noise_std`, `noise_std_type`, and `state_dependent_std` parameters.
[INFO] Loading experiment from directory: /workspace/GO2_G_A028_P1/pilot/logs/rsl_rl/quadruped

[36m======================================================================================[0m
[36m[1m[INFO][IsaacLab]: Logging to file: /tmp/isaaclab/logs/isaaclab_2026-09-13_13-26-03.log[0m
[36m======================================================================================[0m

[33m13:26:03 [simulation_context.py] WARNING: The `enable_external_forces_every_iteration` parameter in the PhysxCfg is set to False. If you are experiencing noisy velocities, consider enabling this flag. You may need to slightly increase the number of velocity iterations (setting it to 1 or 2 rather than 0), together with this flag, to improve the accuracy of velocity updates.[0m
2026-09-13T04:25:57Z [1,148ms] [Warning] [omni.log] Source: omni.hydra was already registered.
2026-09-13T04:25:57Z [1,330ms] [Warning] [carb] Acquiring non optional plugin interface which is not listed as dependency: [omni::physx::IPhysxBenchmarks v1.0] (plugin: <default plugin>), by client: omni.physics.physx.plugin. Add it to CARB_PLUGIN_IMPL_DEPS() macro of a client.
2026-09-13T04:25:57Z [1,334ms] [Warning] [omni.isaac.dynamic_control] omni.isaac.dynamic_control is deprecated as of Isaac Sim 4.5. No action is needed from end-users.
2026-09-13T04:25:59Z [2,558ms] [Warning] [pxr.Semantics] pxr.Semantics is deprecated - please use Semantics instead
2026-09-13T04:25:59Z [2,620ms] [Warning] [omni.graph.core.plugin] Found duplicate of category 'Replicator' - was 'Annotators', adding 'Fabric Reader'
2026-09-13T04:25:59Z [2,620ms] [Warning] [omni.graph.core.plugin] Category 'Replicator' not accepted on node type 'omni.replicator.core.FabricReader' in extension 'omni.replicator.core'
2026-09-13T04:25:59Z [2,620ms] [Warning] [omni.replicator.core.scripts.extension] No material configuration file, adding configuration to material settings directly.
2026-09-13T04:25:59Z [3,372ms] [Warning] [omni.kvdb.plugin] Disabling key-value database because another kit process is locking it
2026-09-13T04:26:01Z [4,762ms] [Warning] [omni.fabric.plugin] Warning: attribute viewportHandle not found for bucket id 7

2026-09-13T04:26:05Z [8,632ms] [Warning] [omni.hydra] Mesh '/__Prototype_17658574861032171226/mesh_0' has corrupted data in primvar 'st_1': buffer size 54198 doesn't match expected size 111120 in faceVarying primvars
2026-09-13T04:26:05Z [8,632ms] [Warning] [omni.hydra] Mesh '/__Prototype_17658574861032171226/mesh_0' has corrupted data in primvar 'st': buffer size 56922 doesn't match expected size 111120 in faceVarying primvars
2026-09-13T04:26:05Z [8,632ms] [Warning] [omni.hydra] Mesh '/__Prototype_13474969840495255918/mesh_0' has corrupted data in primvar 'st_4': buffer size 30390 doesn't match expected size 233784 in faceVarying primvars
2026-09-13T04:26:05Z [8,632ms] [Warning] [omni.hydra] Mesh '/__Prototype_13474969840495255918/mesh_0' has corrupted data in primvar 'st_3': buffer size 11886 doesn't match expected size 233784 in faceVarying primvars
2026-09-13T04:26:05Z [8,632ms] [Warning] [omni.hydra] Mesh '/__Prototype_13474969840495255918/mesh_0' has corrupted data in primvar 'st_2': buffer size 6015 doesn't match expected size 233784 in faceVarying primvars
2026-09-13T04:26:05Z [8,632ms] [Warning] [omni.hydra] Mesh '/__Prototype_13474969840495255918/mesh_0' has corrupted data in primvar 'st_1': buffer size 6960 doesn't match expected size 233784 in faceVarying primvars
2026-09-13T04:26:05Z [8,632ms] [Warning] [omni.hydra] Mesh '/__Prototype_13474969840495255918/mesh_0' has corrupted data in primvar 'st': buffer size 178533 doesn't match expected size 233784 in faceVarying primvars
2026-09-13T04:26:05Z [8,633ms] [Warning] [omni.hydra] Mesh '/__Prototype_17657579462717289149/mesh_0' has corrupted data in primvar 'st_1': buffer size 54198 doesn't match expected size 111120 in faceVarying primvars
2026-09-13T04:26:05Z [8,633ms] [Warning] [omni.hydra] Mesh '/__Prototype_17657579462717289149/mesh_0' has corrupted data in primvar 'st': buffer size 56922 doesn't match expected size 111120 in faceVarying primvars
2026-09-13T04:26:05Z [8,633ms] [Warning] [omni.hydra] Mesh '/__Prototype_422667710062656741/mesh_0' has corrupted data in primvar 'st_1': buffer size 19536 doesn't match expected size 25806 in faceVarying primvars
2026-09-13T04:26:05Z [8,633ms] [Warning] [omni.hydra] Mesh '/__Prototype_422667710062656741/mesh_0' has corrupted data in primvar 'st': buffer size 6270 doesn't match expected size 25806 in faceVarying primvars
2026-09-13T04:26:05Z [8,633ms] [Warning] [omni.hydra] Mesh '/__Prototype_9249459249493537703/mesh_0' has corrupted data in primvar 'st_1': buffer size 19536 doesn't match expected size 25806 in faceVarying primvars
2026-09-13T04:26:05Z [8,633ms] [Warning] [omni.hydra] Mesh '/__Prototype_9249459249493537703/mesh_0' has corrupted data in primvar 'st': buffer size 6270 doesn't match expected size 25806 in faceVarying primvars
[INFO]: Base environment:
	Environment device    : cuda:0
	Environment seed      : 101
	Physics step-size     : 0.005
	Rendering step-size   : 0.02
	Environment step-size : 0.02
[INFO] Generating terrains randomly took : 0.019043 seconds
[INFO]: Time taken for scene creation : 1.125659 seconds
[INFO]: Scene manager:  <class InteractiveScene>
	Number of environments: 4
	Environment spacing   : 2.5
	Source prim name      : /World/envs/env_0
	Global prim paths     : ['/World/ground']
	Replicate physics     : True
[INFO]: Starting the simulation. This may take a few seconds. Please wait...
[INFO]: Time taken for simulation start : 1.068850 seconds
[33m13:26:05 [velocity_command.py] WARNING: The velocity command has the 'ranges.heading' attribute set to '(-3.141592653589793, 3.141592653589793)' but the heading command is not active. Consider setting the flag for the heading command to True.[0m
/workspace/IsaacLab/_isaac_sim/kit/python/lib/python3.11/site-packages/rsl_rl/utils/utils.py:220: UserWarning: The observation configuration dictionary 'obs_groups' is empty and thus likely not configured. Consider configuring the 'obs_groups' dictionary explicitly
  warnings.warn(
/workspace/IsaacLab/_isaac_sim/kit/python/lib/python3.11/site-packages/rsl_rl/utils/utils.py:251: UserWarning: The observation configuration dictionary 'obs_groups' does not contain the 'actor' key. As an observation group with the name 'policy' was found, this is assumed to be the appropriate observation. Consider adding the 'actor' key to the 'obs_groups' dictionary for clarity. This behavior will be removed in a future version.
  warnings.warn(
/workspace/IsaacLab/_isaac_sim/kit/python/lib/python3.11/site-packages/rsl_rl/utils/utils.py:251: UserWarning: The observation configuration dictionary 'obs_groups' does not contain the 'critic' key. As an observation group with the name 'policy' was found, this is assumed to be the appropriate observation. Consider adding the 'critic' key to the 'obs_groups' dictionary for clarity. This behavior will be removed in a future version.
  warnings.warn(
2026-09-13T04:26:05Z [8,633ms] [Warning] [omni.hydra] Mesh '/__Prototype_9361768168784622320/mesh_0' has corrupted data in primvar 'st_1': buffer size 55254 doesn't match expected size 90378 in faceVarying primvars
2026-09-13T04:26:05Z [8,633ms] [Warning] [omni.hydra] Mesh '/__Prototype_3472759832488839835/mesh_0' has corrupted data in primvar 'st_1': buffer size 54198 doesn't match expected size 111120 in faceVarying primvars
2026-09-13T04:26:05Z [8,633ms] [Warning] [omni.hydra] Mesh '/__Prototype_3472759832488839835/mesh_0' has corrupted data in primvar 'st': buffer size 56922 doesn't match expected size 111120 in faceVarying primvars
2026-09-13T04:26:05Z [8,633ms] [Warning] [omni.hydra] Mesh '/__Prototype_9361768168784622320/mesh_0' has corrupted data in primvar 'st': buffer size 35124 doesn't match expected size 90378 in faceVarying primvars
2026-09-13T04:26:05Z [8,633ms] [Warning] [omni.hydra] Mesh '/__Prototype_17365619108587152245/mesh_0' has corrupted data in primvar 'st_1': buffer size 55254 doesn't match expected size 90378 in faceVarying primvars
2026-09-13T04:26:05Z [8,633ms] [Warning] [omni.hydra] Mesh '/__Prototype_17365619108587152245/mesh_0' has corrupted data in primvar 'st': buffer size 35124 doesn't match expected size 90378 in faceVarying primvars
2026-09-13T04:26:05Z [8,633ms] [Warning] [omni.hydra] Mesh '/__Prototype_13322334623641367634/mesh_0' has corrupted data in primvar 'st_1': buffer size 55278 doesn't match expected size 90402 in faceVarying primvars
2026-09-13T04:26:05Z [8,633ms] [Warning] [omni.hydra] Mesh '/__Prototype_13322334623641367634/mesh_0' has corrupted data in primvar 'st': buffer size 35124 doesn't match expected size 90402 in faceVarying primvars
2026-09-13T04:26:05Z [8,634ms] [Warning] [omni.hydra] Mesh '/__Prototype_7677181754714936218/mesh_0' has corrupted data in primvar 'st_1': buffer size 54198 doesn't match expected size 111120 in faceVarying primvars
2026-09-13T04:26:05Z [8,634ms] [Warning] [omni.hydra] Mesh '/__Prototype_7677181754714936218/mesh_0' has corrupted data in primvar 'st': buffer size 56922 doesn't match expected size 111120 in faceVarying primvars
2026-09-13T04:26:05Z [8,634ms] [Warning] [omni.hydra] Mesh '/__Prototype_5020945076074816532/mesh_0' has corrupted data in primvar 'st_1': buffer size 55278 doesn't match expected size 90402 in faceVarying primvars
2026-09-13T04:26:05Z [8,634ms] [Warning] [omni.hydra] Mesh '/__Prototype_5020945076074816532/mesh_0' has corrupted data in primvar 'st': buffer size 35124 doesn't match expected size 90402 in faceVarying primvars
2026-09-13T04:26:05Z [8,634ms] [Warning] [omni.hydra] Mesh '/__Prototype_4988299400318642876/mesh_0' has corrupted data in primvar 'st_1': buffer size 19536 doesn't match expected size 25806 in faceVarying primvars
2026-09-13T04:26:05Z [8,634ms] [Warning] [omni.hydra] Mesh '/__Prototype_4988299400318642876/mesh_0' has corrupted data in primvar 'st': buffer size 6270 doesn't match expected size 25806 in faceVarying primvars
2026-09-13T04:26:05Z [8,634ms] [Warning] [omni.hydra] Mesh '/__Prototype_11920163974880798964/mesh_0' has corrupted data in primvar 'st_1': buffer size 19536 doesn't match expected size 25806 in faceVarying primvars
2026-09-13T04:26:05Z [8,634ms] [Warning] [omni.hydra] Mesh '/__Prototype_11920163974880798964/mesh_0' has corrupted data in primvar 'st': buffer size 6270 doesn't match expected size 25806 in faceVarying primvars
2026-09-13T04:26:05Z [9,473ms] [Warning] [omni.physx.fabric.plugin] FabricManager::initializePointInstancer mismatched prototypes on point instancer: /Visuals/Command/velocity_goal.
2026-09-13T04:26:05Z [9,473ms] [Warning] [omni.physx.fabric.plugin] FabricManager::initializePointInstancer mismatched prototypes on point instancer: /Visuals/Command/velocity_current.
2026-09-13T04:26:06Z [10,304ms] [Warning] [omni.physx.fabric.plugin] FabricManager::initializePointInstancer mismatched prototypes on point instancer: /Visuals/Command/velocity_current.
2026-09-13T04:26:06Z [10,304ms] [Warning] [omni.physx.fabric.plugin] FabricManager::initializePointInstancer mismatched prototypes on point instancer: /Visuals/Command/velocity_goal.
[INFO] Command Manager:  <CommandManager> contains 1 active terms.
+------------------------------------------------+
|              Active Command Terms              |
+-------+---------------+------------------------+
| Index | Name          |          Type          |
+-------+---------------+------------------------+
|   0   | base_velocity | UniformVelocityCommand |
+-------+---------------+------------------------+

[INFO] Event Manager:  <EventManager> contains 2 active terms.
+--------------------------------------+
| Active Event Terms in Mode: 'startup' |
+----------+---------------------------+
|  Index   | Name                      |
+----------+---------------------------+
|    0     | physics_material          |
|    1     | add_base_mass             |
+----------+---------------------------+
+---------------------------------------+
|  Active Event Terms in Mode: 'reset'  |
+--------+------------------------------+
| Index  | Name                         |
+--------+------------------------------+
|   0    | base_external_force_torque   |
|   1    | reset_base                   |
|   2    | reset_robot_joints           |
+--------+------------------------------+

[INFO] Recorder Manager:  <RecorderManager> contains 0 active terms.
+---------------------+
| Active Recorder Terms |
+-----------+---------+
|   Index   | Name    |
+-----------+---------+
+-----------+---------+

[INFO] Action Manager:  <ActionManager> contains 1 active terms.
+------------------------------------+
|  Active Action Terms (shape: 12)   |
+--------+-------------+-------------+
| Index  | Name        |   Dimension |
+--------+-------------+-------------+
|   0    | joint_pos   |          12 |
+--------+-------------+-------------+

[INFO] Observation Manager: <ObservationManager> contains 1 groups.
+----------------------------------------------------------+
| Active Observation Terms in Group: 'policy' (shape: (235,)) |
+-----------+--------------------------------+-------------+
|   Index   | Name                           |    Shape    |
+-----------+--------------------------------+-------------+
|     0     | base_lin_vel                   |     (3,)    |
|     1     | base_ang_vel                   |     (3,)    |
|     2     | projected_gravity              |     (3,)    |
|     3     | velocity_commands              |     (3,)    |
|     4     | joint_pos                      |    (12,)    |
|     5     | joint_vel                      |    (12,)    |
|     6     | actions                        |    (12,)    |
|     7     | height_scan                    |    (187,)   |
+-----------+--------------------------------+-------------+

[INFO] Termination Manager:  <TerminationManager> contains 2 active terms.
+---------------------------------+
|     Active Termination Terms    |
+-------+--------------+----------+
| Index | Name         | Time Out |
+-------+--------------+----------+
|   0   | time_out     |   True   |
|   1   | base_contact |  False   |
+-------+--------------+----------+

[INFO] Reward Manager:  <RewardManager> contains 10 active terms.
+-----------------------------------------+
|           Active Reward Terms           |
+-------+----------------------+----------+
| Index | Name                 |   Weight |
+-------+----------------------+----------+
|   0   | track_lin_vel_xy_exp |      1.2 |
|   1   | track_ang_vel_z_exp  |     0.75 |
|   2   | lin_vel_z_l2         |     -2.0 |
|   3   | ang_vel_xy_l2        |    -0.05 |
|   4   | dof_torques_l2       |  -0.0002 |
|   5   | dof_acc_l2           | -2.5e-07 |
|   6   | action_rate_l2       |    -0.01 |
|   7   | feet_air_time        |      0.2 |
|   8   | flat_orientation_l2  |      0.0 |
|   9   | dof_pos_limits       |      0.0 |
+-------+----------------------+----------+

[INFO] Curriculum Manager:  <CurriculumManager> contains 0 active terms.
+----------------------+
| Active Curriculum Terms |
+-----------+----------+
|   Index   | Name     |
+-----------+----------+
+-----------+----------+

[INFO]: Completed setting up the environment...
[INFO] Recording videos during training.
        video_folder: /workspace/GO2_G_A028_P1/pilot/exported/videos/play
        step_trigger: lambda step: step == 0
        video_length: 1000
        disable_logger: True
[INFO]: Loading model checkpoint from: /workspace/GO2_G_A028_P1/pilot/exported/model_best.pt
--------------------------------------------------------------------------------
Resolved observation sets: 
	 actor :  ['policy']
	 critic :  ['policy']
--------------------------------------------------------------------------------
Actor Model: MLPModel(
  (obs_normalizer): Identity()
  (distribution): GaussianDistribution()
  (mlp): MLP(
    (0): Linear(in_features=235, out_features=512, bias=True)
    (1): ELU(alpha=1.0)
    (2): Linear(in_features=512, out_features=256, bias=True)
    (3): ELU(alpha=1.0)
    (4): Linear(in_features=256, out_features=128, bias=True)
    (5): ELU(alpha=1.0)
    (6): Linear(in_features=128, out_features=12, bias=True)
  )
)
Critic Model: MLPModel(
  (obs_normalizer): Identity()
  (mlp): MLP(
    (0): Linear(in_features=235, out_features=512, bias=True)
    (1): ELU(alpha=1.0)
    (2): Linear(in_features=512, out_features=256, bias=True)
    (3): ELU(alpha=1.0)
    (4): Linear(in_features=256, out_features=128, bias=True)
    (5): ELU(alpha=1.0)
    (6): Linear(in_features=128, out_features=1, bias=True)
  )
)
2026-09-13T04:26:06Z [10,355ms] [Warning] [omni.syntheticdata.plugin] OgnSdPostRenderVarToHost : rendervar copy from texture directly to host buffer is counter-performant. Please use copy from texture to device buffer first.
2026-09-13T04:26:08Z [11,904ms] [Warning] [carb] Client gpu.foundation.plugin has acquired [gpu::unstable::IMemoryBudgetManagerFactory v0.1] 100 times. Consider accessing this interface with carb::getCachedInterface() (Performance warning)
[3gH    H    H    H    H    H    H    H    H    H    H    H    H    H    H    H    H    H    H    H    H    H    H  [INFO] Using python from: /workspace/IsaacLab/_isaac_sim/python.sh
[CASE] pilot slope_plus_20 seed=101
[3gH    H    H    H    H    H    H    H    H    H    H    H    H    H    H    H    H    H    H    H    H    H    H  [INFO] Using python from: /workspace/IsaacLab/_isaac_sim/python.sh
Loading user config located at: '/isaac-sim/kit/data/Kit/Isaac-Sim/5.1/user.config.json'
[Info] [carb] Logging to file: /isaac-sim/kit/logs/Kit/Isaac-Sim/5.1/kit_20260913_132656.log
2026-09-13T04:26:57Z [179ms] [Warning] [carb.windowing-glfw.plugin] GLFW initialization failed.
2026-09-13T04:26:57Z [179ms] [Warning] [carb] Failed to startup plugin carb.windowing-glfw.plugin (interfaces: [carb::windowing::IGLContext v1.0],[carb::windowing::IWindowing v1.5]) (impl: carb.windowing-glfw.plugin)
2026-09-13T04:26:57Z [189ms] [Warning] [omni.platforminfo.plugin] failed to open the default display.  Can't verify X Server version.

|---------------------------------------------------------------------------------------------|
| Driver Version: 580.126.09    | Graphics API: Vulkan
|=============================================================================================|
| GPU | Name                             | Active | LDA | GPU Memory | Vendor-ID | LUID       |
|     |                                  |        |     |            | Device-ID | UUID       |
|     |                                  |        |     |            | Bus-ID    |            |
|---------------------------------------------------------------------------------------------|
| 0   | NVIDIA GeForce RTX 5080          | Yes: 0 |     | 16303   MB | 10de      | 0          |
|     |                                  |        |     |            | 2c02      | ade2748e.. |
|     |                                  |        |     |            | 1         |            |
|=============================================================================================|
| OS: 24.04.2 LTS (Noble Numbat) ubuntu, Version: 24.04.2, Kernel: 6.8.0-136-generic
| Processor: Intel(R) Core(TM) Ultra 5 250KF Plus
| Cores: 18 | Logical Cores: 18
|---------------------------------------------------------------------------------------------|
| Total Memory (MB): 64006 | Free Memory: 50342
| Total Page/Swap (MB): 8191 | Free Page/Swap: 0
|---------------------------------------------------------------------------------------------|
2026-09-13T04:26:57Z [650ms] [Warning] [gpu.foundation.plugin] CPU performance profile is set to powersave. This profile sets the CPU to the lowest frequency reducing performance.
2026-09-13T04:26:57Z [661ms] [Warning] [gpu.foundation.plugin] IOMMU is enabled.
2026-09-13T04:26:57Z [1,004ms] [Warning] [carb.windowing-glfw.plugin] GLFW initialization failed.
2026-09-13T04:26:57Z [1,004ms] [Warning] [carb] Failed to startup plugin carb.windowing-glfw.plugin (interfaces: [carb::windowing::IGLContext v1.0],[carb::windowing::IWindowing v1.5]) (impl: carb.windowing-glfw.plugin)
2026-09-13T04:26:57Z [1,016ms] [Warning] [carb.windowing-glfw.plugin] GLFW initialization failed.
2026-09-13T04:26:57Z [1,016ms] [Warning] [carb] Failed to startup plugin carb.windowing-glfw.plugin (interfaces: [carb::windowing::IGLContext v1.0],[carb::windowing::IWindowing v1.5]) (impl: carb.windowing-glfw.plugin)
2026-09-13T04:26:57Z [1,023ms] [Warning] [carb.windowing-glfw.plugin] GLFW initialization failed.
2026-09-13T04:26:57Z [1,023ms] [Warning] [carb] Failed to startup plugin carb.windowing-glfw.plugin (interfaces: [carb::windowing::IGLContext v1.0],[carb::windowing::IWindowing v1.5]) (impl: carb.windowing-glfw.plugin)
2026-09-13T04:26:57Z [1,027ms] [Warning] [carb.windowing-glfw.plugin] GLFW initialization failed.
2026-09-13T04:26:57Z [1,027ms] [Warning] [carb] Failed to startup plugin carb.windowing-glfw.plugin (interfaces: [carb::windowing::IGLContext v1.0],[carb::windowing::IWindowing v1.5]) (impl: carb.windowing-glfw.plugin)
2026-09-13T04:26:57Z [1,028ms] [Warning] [carb.windowing-glfw.plugin] GLFW initialization failed.
2026-09-13T04:26:57Z [1,028ms] [Warning] [carb] Failed to startup plugin carb.windowing-glfw.plugin (interfaces: [carb::windowing::IGLContext v1.0],[carb::windowing::IWindowing v1.5]) (impl: carb.windowing-glfw.plugin)
2026-09-13T04:26:57Z [1,028ms] [Warning] [carb.windowing-glfw.plugin] GLFW initialization failed.
2026-09-13T04:26:57Z [1,028ms] [Warning] [carb] Failed to startup plugin carb.windowing-glfw.plugin (interfaces: [carb::windowing::IGLContext v1.0],[carb::windowing::IWindowing v1.5]) (impl: carb.windowing-glfw.plugin)
[go2-eval] telemetry enabled: out=/workspace/_keep/GO2_G_A028_P1/evaluation/pilot/slope_plus_20_seed_101 steps=1000
[INFO][AppLauncher]: Using device: cuda:0
[INFO][AppLauncher]: Loading experience file: /workspace/IsaacLab/apps/isaaclab.python.headless.rendering.kit
[INFO]: Parsing configuration from: go2_task.env_cfg:QuadrupedRoughEnvCfg
[Quadruped:student] 6 reward 항목 로드
  [OK] track_lin_vel_xy_exp.weight = 1.2
  [OK] feet_air_time.weight = 0.2
  [OK] lin_vel_z_l2.weight = -2
  [OK] ang_vel_xy_l2.weight = -0.05
  [OK] action_rate_l2.weight = -0.01
  [OK] flat_orientation_l2.weight = 0.0
[Quadruped:student] terrain override - boxes ≤0.15m
[INFO]: Parsing configuration from: go2_task.agent_cfg:QuadrupedPPORunnerCfg
[WARNING]: The `policy` configuration is deprecated for rsl-rl >= 4.0.0. Please use, e.g., `actor` and `critic` model configurations instead.
[WARNING]: The `empirical_normalization` parameter is deprecated. Please set `actor_obs_normalization` and `critic_obs_normalization` as part of the `policy` configuration instead.
[WARNING]: The `policy` configuration is used to infer the `actor` model configuration.
[WARNING]: The `policy` configuration is used to infer the `critic` model configuration.
[WARNING]: The `distribution_cfg` configuration is now used to specify the output distribution for stochastic policies. Consider updating the configuration to use `distribution_cfg` instead of `stochastic`, `init_noise_std`, `noise_std_type`, and `state_dependent_std` parameters.
[INFO] Loading experiment from directory: /workspace/GO2_G_A028_P1/pilot/logs/rsl_rl/quadruped

[36m======================================================================================[0m
[36m[1m[INFO][IsaacLab]: Logging to file: /tmp/isaaclab/logs/isaaclab_2026-09-13_13-27-03.log[0m
[36m======================================================================================[0m

[33m13:27:03 [simulation_context.py] WARNING: The `enable_external_forces_every_iteration` parameter in the PhysxCfg is set to False. If you are experiencing noisy velocities, consider enabling this flag. You may need to slightly increase the number of velocity iterations (setting it to 1 or 2 rather than 0), together with this flag, to improve the accuracy of velocity updates.[0m
2026-09-13T04:26:58Z [1,142ms] [Warning] [omni.log] Source: omni.hydra was already registered.
2026-09-13T04:26:58Z [1,323ms] [Warning] [carb] Acquiring non optional plugin interface which is not listed as dependency: [omni::physx::IPhysxBenchmarks v1.0] (plugin: <default plugin>), by client: omni.physics.physx.plugin. Add it to CARB_PLUGIN_IMPL_DEPS() macro of a client.
2026-09-13T04:26:58Z [1,327ms] [Warning] [omni.isaac.dynamic_control] omni.isaac.dynamic_control is deprecated as of Isaac Sim 4.5. No action is needed from end-users.
2026-09-13T04:26:59Z [2,531ms] [Warning] [pxr.Semantics] pxr.Semantics is deprecated - please use Semantics instead
2026-09-13T04:26:59Z [2,594ms] [Warning] [omni.graph.core.plugin] Found duplicate of category 'Replicator' - was 'Annotators', adding 'Fabric Reader'
2026-09-13T04:26:59Z [2,594ms] [Warning] [omni.graph.core.plugin] Category 'Replicator' not accepted on node type 'omni.replicator.core.FabricReader' in extension 'omni.replicator.core'
2026-09-13T04:26:59Z [2,594ms] [Warning] [omni.replicator.core.scripts.extension] No material configuration file, adding configuration to material settings directly.
2026-09-13T04:27:00Z [3,352ms] [Warning] [omni.kvdb.plugin] Disabling key-value database because another kit process is locking it
2026-09-13T04:27:01Z [4,764ms] [Warning] [omni.fabric.plugin] Warning: attribute viewportHandle not found for bucket id 7

2026-09-13T04:27:05Z [8,806ms] [Warning] [omni.hydra] Mesh '/__Prototype_9249459249493537703/mesh_0' has corrupted data in primvar 'st_1': buffer size 19536 doesn't match expected size 25806 in faceVarying primvars
2026-09-13T04:27:05Z [8,806ms] [Warning] [omni.hydra] Mesh '/__Prototype_4988299400318642876/mesh_0' has corrupted data in primvar 'st_1': buffer size 19536 doesn't match expected size 25806 in faceVarying primvars
2026-09-13T04:27:05Z [8,806ms] [Warning] [omni.hydra] Mesh '/__Prototype_9249459249493537703/mesh_0' has corrupted data in primvar 'st': buffer size 6270 doesn't match expected size 25806 in faceVarying primvars
2026-09-13T04:27:05Z [8,806ms] [Warning] [omni.hydra] Mesh '/__Prototype_9361768168784622320/mesh_0' has corrupted data in primvar 'st_1': buffer size 55254 doesn't match expected size 90378 in faceVarying primvars
2026-09-13T04:27:05Z [8,806ms] [Warning] [omni.hydra] Mesh '/__Prototype_7677181754714936218/mesh_0' has corrupted data in primvar 'st_1': buffer size 54198 doesn't match expected size 111120 in faceVarying primvars
2026-09-13T04:27:05Z [8,806ms] [Warning] [omni.hydra] Mesh '/__Prototype_9361768168784622320/mesh_0' has corrupted data in primvar 'st': buffer size 35124 doesn't match expected size 90378 in faceVarying primvars
2026-09-13T04:27:05Z [8,806ms] [Warning] [omni.hydra] Mesh '/__Prototype_7677181754714936218/mesh_0' has corrupted data in primvar 'st': buffer size 56922 doesn't match expected size 111120 in faceVarying primvars
2026-09-13T04:27:05Z [8,806ms] [Warning] [omni.hydra] Mesh '/__Prototype_17658574861032171226/mesh_0' has corrupted data in primvar 'st_1': buffer size 54198 doesn't match expected size 111120 in faceVarying primvars
2026-09-13T04:27:05Z [8,806ms] [Warning] [omni.hydra] Mesh '/__Prototype_17658574861032171226/mesh_0' has corrupted data in primvar 'st': buffer size 56922 doesn't match expected size 111120 in faceVarying primvars
2026-09-13T04:27:05Z [8,807ms] [Warning] [omni.hydra] Mesh '/__Prototype_5020945076074816532/mesh_0' has corrupted data in primvar 'st_1': buffer size 55278 doesn't match expected size 90402 in faceVarying primvars
2026-09-13T04:27:05Z [8,807ms] [Warning] [omni.hydra] Mesh '/__Prototype_13474969840495255918/mesh_0' has corrupted data in primvar 'st_1': buffer size 6960 doesn't match expected size 233784 in faceVarying primvars
2026-09-13T04:27:05Z [8,807ms] [Warning] [omni.hydra] Mesh '/__Prototype_5020945076074816532/mesh_0' has corrupted data in primvar 'st': buffer size 35124 doesn't match expected size 90402 in faceVarying primvars
2026-09-13T04:27:05Z [8,807ms] [Warning] [omni.hydra] Mesh '/__Prototype_13474969840495255918/mesh_0' has corrupted data in primvar 'st': buffer size 178533 doesn't match expected size 233784 in faceVarying primvars
[INFO]: Base environment:
	Environment device    : cuda:0
	Environment seed      : 101
	Physics step-size     : 0.005
	Rendering step-size   : 0.02
	Environment step-size : 0.02
[INFO] Generating terrains randomly took : 0.014130 seconds
[INFO]: Time taken for scene creation : 1.282059 seconds
[INFO]: Scene manager:  <class InteractiveScene>
	Number of environments: 4
	Environment spacing   : 2.5
	Source prim name      : /World/envs/env_0
	Global prim paths     : ['/World/ground']
	Replicate physics     : True
[INFO]: Starting the simulation. This may take a few seconds. Please wait...
[INFO]: Time taken for simulation start : 1.075554 seconds
[33m13:27:06 [velocity_command.py] WARNING: The velocity command has the 'ranges.heading' attribute set to '(-3.141592653589793, 3.141592653589793)' but the heading command is not active. Consider setting the flag for the heading command to True.[0m
/workspace/IsaacLab/_isaac_sim/kit/python/lib/python3.11/site-packages/rsl_rl/utils/utils.py:220: UserWarning: The observation configuration dictionary 'obs_groups' is empty and thus likely not configured. Consider configuring the 'obs_groups' dictionary explicitly
  warnings.warn(
/workspace/IsaacLab/_isaac_sim/kit/python/lib/python3.11/site-packages/rsl_rl/utils/utils.py:251: UserWarning: The observation configuration dictionary 'obs_groups' does not contain the 'actor' key. As an observation group with the name 'policy' was found, this is assumed to be the appropriate observation. Consider adding the 'actor' key to the 'obs_groups' dictionary for clarity. This behavior will be removed in a future version.
  warnings.warn(
/workspace/IsaacLab/_isaac_sim/kit/python/lib/python3.11/site-packages/rsl_rl/utils/utils.py:251: UserWarning: The observation configuration dictionary 'obs_groups' does not contain the 'critic' key. As an observation group with the name 'policy' was found, this is assumed to be the appropriate observation. Consider adding the 'critic' key to the 'obs_groups' dictionary for clarity. This behavior will be removed in a future version.
  warnings.warn(
2026-09-13T04:27:05Z [8,807ms] [Warning] [omni.hydra] Mesh '/__Prototype_13474969840495255918/mesh_0' has corrupted data in primvar 'st_2': buffer size 6015 doesn't match expected size 233784 in faceVarying primvars
2026-09-13T04:27:05Z [8,807ms] [Warning] [omni.hydra] Mesh '/__Prototype_13474969840495255918/mesh_0' has corrupted data in primvar 'st_3': buffer size 11886 doesn't match expected size 233784 in faceVarying primvars
2026-09-13T04:27:05Z [8,807ms] [Warning] [omni.hydra] Mesh '/__Prototype_13474969840495255918/mesh_0' has corrupted data in primvar 'st_4': buffer size 30390 doesn't match expected size 233784 in faceVarying primvars
2026-09-13T04:27:05Z [8,807ms] [Warning] [omni.hydra] Mesh '/__Prototype_422667710062656741/mesh_0' has corrupted data in primvar 'st_1': buffer size 19536 doesn't match expected size 25806 in faceVarying primvars
2026-09-13T04:27:05Z [8,807ms] [Warning] [omni.hydra] Mesh '/__Prototype_422667710062656741/mesh_0' has corrupted data in primvar 'st': buffer size 6270 doesn't match expected size 25806 in faceVarying primvars
2026-09-13T04:27:05Z [8,807ms] [Warning] [omni.hydra] Mesh '/__Prototype_17657579462717289149/mesh_0' has corrupted data in primvar 'st_1': buffer size 54198 doesn't match expected size 111120 in faceVarying primvars
2026-09-13T04:27:05Z [8,807ms] [Warning] [omni.hydra] Mesh '/__Prototype_17657579462717289149/mesh_0' has corrupted data in primvar 'st': buffer size 56922 doesn't match expected size 111120 in faceVarying primvars
2026-09-13T04:27:05Z [8,808ms] [Warning] [omni.hydra] Mesh '/__Prototype_13322334623641367634/mesh_0' has corrupted data in primvar 'st_1': buffer size 55278 doesn't match expected size 90402 in faceVarying primvars
2026-09-13T04:27:05Z [8,808ms] [Warning] [omni.hydra] Mesh '/__Prototype_13322334623641367634/mesh_0' has corrupted data in primvar 'st': buffer size 35124 doesn't match expected size 90402 in faceVarying primvars
2026-09-13T04:27:05Z [8,809ms] [Warning] [omni.hydra] Mesh '/__Prototype_11920163974880798964/mesh_0' has corrupted data in primvar 'st_1': buffer size 19536 doesn't match expected size 25806 in faceVarying primvars
2026-09-13T04:27:05Z [8,809ms] [Warning] [omni.hydra] Mesh '/__Prototype_11920163974880798964/mesh_0' has corrupted data in primvar 'st': buffer size 6270 doesn't match expected size 25806 in faceVarying primvars
2026-09-13T04:27:05Z [8,809ms] [Warning] [omni.hydra] Mesh '/__Prototype_17365619108587152245/mesh_0' has corrupted data in primvar 'st_1': buffer size 55254 doesn't match expected size 90378 in faceVarying primvars
2026-09-13T04:27:05Z [8,809ms] [Warning] [omni.hydra] Mesh '/__Prototype_4988299400318642876/mesh_0' has corrupted data in primvar 'st': buffer size 6270 doesn't match expected size 25806 in faceVarying primvars
2026-09-13T04:27:05Z [8,809ms] [Warning] [omni.hydra] Mesh '/__Prototype_17365619108587152245/mesh_0' has corrupted data in primvar 'st': buffer size 35124 doesn't match expected size 90378 in faceVarying primvars
2026-09-13T04:27:05Z [8,810ms] [Warning] [omni.hydra] Mesh '/__Prototype_3472759832488839835/mesh_0' has corrupted data in primvar 'st_1': buffer size 54198 doesn't match expected size 111120 in faceVarying primvars
2026-09-13T04:27:05Z [8,810ms] [Warning] [omni.hydra] Mesh '/__Prototype_3472759832488839835/mesh_0' has corrupted data in primvar 'st': buffer size 56922 doesn't match expected size 111120 in faceVarying primvars
2026-09-13T04:27:06Z [9,639ms] [Warning] [omni.physx.fabric.plugin] FabricManager::initializePointInstancer mismatched prototypes on point instancer: /Visuals/Command/velocity_goal.
2026-09-13T04:27:06Z [9,639ms] [Warning] [omni.physx.fabric.plugin] FabricManager::initializePointInstancer mismatched prototypes on point instancer: /Visuals/Command/velocity_current.
2026-09-13T04:27:07Z [10,478ms] [Warning] [omni.physx.fabric.plugin] FabricManager::initializePointInstancer mismatched prototypes on point instancer: /Visuals/Command/velocity_current.
2026-09-13T04:27:07Z [10,478ms] [Warning] [omni.physx.fabric.plugin] FabricManager::initializePointInstancer mismatched prototypes on point instancer: /Visuals/Command/velocity_goal.
[INFO] Command Manager:  <CommandManager> contains 1 active terms.
+------------------------------------------------+
|              Active Command Terms              |
+-------+---------------+------------------------+
| Index | Name          |          Type          |
+-------+---------------+------------------------+
|   0   | base_velocity | UniformVelocityCommand |
+-------+---------------+------------------------+

[INFO] Event Manager:  <EventManager> contains 2 active terms.
+--------------------------------------+
| Active Event Terms in Mode: 'startup' |
+----------+---------------------------+
|  Index   | Name                      |
+----------+---------------------------+
|    0     | physics_material          |
|    1     | add_base_mass             |
+----------+---------------------------+
+---------------------------------------+
|  Active Event Terms in Mode: 'reset'  |
+--------+------------------------------+
| Index  | Name                         |
+--------+------------------------------+
|   0    | base_external_force_torque   |
|   1    | reset_base                   |
|   2    | reset_robot_joints           |
+--------+------------------------------+

[INFO] Recorder Manager:  <RecorderManager> contains 0 active terms.
+---------------------+
| Active Recorder Terms |
+-----------+---------+
|   Index   | Name    |
+-----------+---------+
+-----------+---------+

[INFO] Action Manager:  <ActionManager> contains 1 active terms.
+------------------------------------+
|  Active Action Terms (shape: 12)   |
+--------+-------------+-------------+
| Index  | Name        |   Dimension |
+--------+-------------+-------------+
|   0    | joint_pos   |          12 |
+--------+-------------+-------------+

[INFO] Observation Manager: <ObservationManager> contains 1 groups.
+----------------------------------------------------------+
| Active Observation Terms in Group: 'policy' (shape: (235,)) |
+-----------+--------------------------------+-------------+
|   Index   | Name                           |    Shape    |
+-----------+--------------------------------+-------------+
|     0     | base_lin_vel                   |     (3,)    |
|     1     | base_ang_vel                   |     (3,)    |
|     2     | projected_gravity              |     (3,)    |
|     3     | velocity_commands              |     (3,)    |
|     4     | joint_pos                      |    (12,)    |
|     5     | joint_vel                      |    (12,)    |
|     6     | actions                        |    (12,)    |
|     7     | height_scan                    |    (187,)   |
+-----------+--------------------------------+-------------+

[INFO] Termination Manager:  <TerminationManager> contains 2 active terms.
+---------------------------------+
|     Active Termination Terms    |
+-------+--------------+----------+
| Index | Name         | Time Out |
+-------+--------------+----------+
|   0   | time_out     |   True   |
|   1   | base_contact |  False   |
+-------+--------------+----------+

[INFO] Reward Manager:  <RewardManager> contains 10 active terms.
+-----------------------------------------+
|           Active Reward Terms           |
+-------+----------------------+----------+
| Index | Name                 |   Weight |
+-------+----------------------+----------+
|   0   | track_lin_vel_xy_exp |      1.2 |
|   1   | track_ang_vel_z_exp  |     0.75 |
|   2   | lin_vel_z_l2         |     -2.0 |
|   3   | ang_vel_xy_l2        |    -0.05 |
|   4   | dof_torques_l2       |  -0.0002 |
|   5   | dof_acc_l2           | -2.5e-07 |
|   6   | action_rate_l2       |    -0.01 |
|   7   | feet_air_time        |      0.2 |
|   8   | flat_orientation_l2  |      0.0 |
|   9   | dof_pos_limits       |      0.0 |
+-------+----------------------+----------+

[INFO] Curriculum Manager:  <CurriculumManager> contains 0 active terms.
+----------------------+
| Active Curriculum Terms |
+-----------+----------+
|   Index   | Name     |
+-----------+----------+
+-----------+----------+

[INFO]: Completed setting up the environment...
[INFO] Recording videos during training.
        video_folder: /workspace/GO2_G_A028_P1/pilot/exported/videos/play
        step_trigger: lambda step: step == 0
        video_length: 1000
        disable_logger: True
[INFO]: Loading model checkpoint from: /workspace/GO2_G_A028_P1/pilot/exported/model_best.pt
--------------------------------------------------------------------------------
Resolved observation sets: 
	 actor :  ['policy']
	 critic :  ['policy']
--------------------------------------------------------------------------------
Actor Model: MLPModel(
  (obs_normalizer): Identity()
  (distribution): GaussianDistribution()
  (mlp): MLP(
    (0): Linear(in_features=235, out_features=512, bias=True)
    (1): ELU(alpha=1.0)
    (2): Linear(in_features=512, out_features=256, bias=True)
    (3): ELU(alpha=1.0)
    (4): Linear(in_features=256, out_features=128, bias=True)
    (5): ELU(alpha=1.0)
    (6): Linear(in_features=128, out_features=12, bias=True)
  )
)
Critic Model: MLPModel(
  (obs_normalizer): Identity()
  (mlp): MLP(
    (0): Linear(in_features=235, out_features=512, bias=True)
    (1): ELU(alpha=1.0)
    (2): Linear(in_features=512, out_features=256, bias=True)
    (3): ELU(alpha=1.0)
    (4): Linear(in_features=256, out_features=128, bias=True)
    (5): ELU(alpha=1.0)
    (6): Linear(in_features=128, out_features=1, bias=True)
  )
)
2026-09-13T04:27:07Z [10,527ms] [Warning] [omni.syntheticdata.plugin] OgnSdPostRenderVarToHost : rendervar copy from texture directly to host buffer is counter-performant. Please use copy from texture to device buffer first.
2026-09-13T04:27:09Z [12,088ms] [Warning] [carb] Client gpu.foundation.plugin has acquired [gpu::unstable::IMemoryBudgetManagerFactory v0.1] 100 times. Consider accessing this interface with carb::getCachedInterface() (Performance warning)
[3gH    H    H    H    H    H    H    H    H    H    H    H    H    H    H    H    H    H    H    H    H    H    H  [INFO] Using python from: /workspace/IsaacLab/_isaac_sim/python.sh
[CASE] pilot stairs_10_down seed=202
[3gH    H    H    H    H    H    H    H    H    H    H    H    H    H    H    H    H    H    H    H    H    H    H  [INFO] Using python from: /workspace/IsaacLab/_isaac_sim/python.sh
Loading user config located at: '/isaac-sim/kit/data/Kit/Isaac-Sim/5.1/user.config.json'
[Info] [carb] Logging to file: /isaac-sim/kit/logs/Kit/Isaac-Sim/5.1/kit_20260913_132756.log
2026-09-13T04:27:56Z [178ms] [Warning] [carb.windowing-glfw.plugin] GLFW initialization failed.
2026-09-13T04:27:56Z [178ms] [Warning] [carb] Failed to startup plugin carb.windowing-glfw.plugin (interfaces: [carb::windowing::IGLContext v1.0],[carb::windowing::IWindowing v1.5]) (impl: carb.windowing-glfw.plugin)
2026-09-13T04:27:56Z [186ms] [Warning] [omni.platforminfo.plugin] failed to open the default display.  Can't verify X Server version.

|---------------------------------------------------------------------------------------------|
| Driver Version: 580.126.09    | Graphics API: Vulkan
|=============================================================================================|
| GPU | Name                             | Active | LDA | GPU Memory | Vendor-ID | LUID       |
|     |                                  |        |     |            | Device-ID | UUID       |
|     |                                  |        |     |            | Bus-ID    |            |
|---------------------------------------------------------------------------------------------|
| 0   | NVIDIA GeForce RTX 5080          | Yes: 0 |     | 16303   MB | 10de      | 0          |
|     |                                  |        |     |            | 2c02      | ade2748e.. |
|     |                                  |        |     |            | 1         |            |
|=============================================================================================|
| OS: 24.04.2 LTS (Noble Numbat) ubuntu, Version: 24.04.2, Kernel: 6.8.0-136-generic
| Processor: Intel(R) Core(TM) Ultra 5 250KF Plus
| Cores: 18 | Logical Cores: 18
|---------------------------------------------------------------------------------------------|
| Total Memory (MB): 64006 | Free Memory: 50320
| Total Page/Swap (MB): 8191 | Free Page/Swap: 0
|---------------------------------------------------------------------------------------------|
2026-09-13T04:27:56Z [646ms] [Warning] [gpu.foundation.plugin] CPU performance profile is set to powersave. This profile sets the CPU to the lowest frequency reducing performance.
2026-09-13T04:27:56Z [659ms] [Warning] [gpu.foundation.plugin] IOMMU is enabled.
2026-09-13T04:27:57Z [999ms] [Warning] [carb.windowing-glfw.plugin] GLFW initialization failed.
2026-09-13T04:27:57Z [999ms] [Warning] [carb] Failed to startup plugin carb.windowing-glfw.plugin (interfaces: [carb::windowing::IGLContext v1.0],[carb::windowing::IWindowing v1.5]) (impl: carb.windowing-glfw.plugin)
2026-09-13T04:27:57Z [1,012ms] [Warning] [carb.windowing-glfw.plugin] GLFW initialization failed.
2026-09-13T04:27:57Z [1,012ms] [Warning] [carb] Failed to startup plugin carb.windowing-glfw.plugin (interfaces: [carb::windowing::IGLContext v1.0],[carb::windowing::IWindowing v1.5]) (impl: carb.windowing-glfw.plugin)
2026-09-13T04:27:57Z [1,019ms] [Warning] [carb.windowing-glfw.plugin] GLFW initialization failed.
2026-09-13T04:27:57Z [1,019ms] [Warning] [carb] Failed to startup plugin carb.windowing-glfw.plugin (interfaces: [carb::windowing::IGLContext v1.0],[carb::windowing::IWindowing v1.5]) (impl: carb.windowing-glfw.plugin)
2026-09-13T04:27:57Z [1,023ms] [Warning] [carb.windowing-glfw.plugin] GLFW initialization failed.
2026-09-13T04:27:57Z [1,023ms] [Warning] [carb] Failed to startup plugin carb.windowing-glfw.plugin (interfaces: [carb::windowing::IGLContext v1.0],[carb::windowing::IWindowing v1.5]) (impl: carb.windowing-glfw.plugin)
2026-09-13T04:27:57Z [1,023ms] [Warning] [carb.windowing-glfw.plugin] GLFW initialization failed.
2026-09-13T04:27:57Z [1,023ms] [Warning] [carb] Failed to startup plugin carb.windowing-glfw.plugin (interfaces: [carb::windowing::IGLContext v1.0],[carb::windowing::IWindowing v1.5]) (impl: carb.windowing-glfw.plugin)
2026-09-13T04:27:57Z [1,024ms] [Warning] [carb.windowing-glfw.plugin] GLFW initialization failed.
2026-09-13T04:27:57Z [1,024ms] [Warning] [carb] Failed to startup plugin carb.windowing-glfw.plugin (interfaces: [carb::windowing::IGLContext v1.0],[carb::windowing::IWindowing v1.5]) (impl: carb.windowing-glfw.plugin)
[go2-eval] telemetry enabled: out=/workspace/_keep/GO2_G_A028_P1/evaluation/pilot/stairs_10_down_seed_202 steps=1000
[INFO][AppLauncher]: Using device: cuda:0
[INFO][AppLauncher]: Loading experience file: /workspace/IsaacLab/apps/isaaclab.python.headless.rendering.kit
[INFO]: Parsing configuration from: go2_task.env_cfg:QuadrupedRoughEnvCfg
[Quadruped:student] 6 reward 항목 로드
  [OK] track_lin_vel_xy_exp.weight = 1.2
  [OK] feet_air_time.weight = 0.2
  [OK] lin_vel_z_l2.weight = -2
  [OK] ang_vel_xy_l2.weight = -0.05
  [OK] action_rate_l2.weight = -0.01
  [OK] flat_orientation_l2.weight = 0.0
[Quadruped:student] terrain override - boxes ≤0.15m
[INFO]: Parsing configuration from: go2_task.agent_cfg:QuadrupedPPORunnerCfg
[WARNING]: The `policy` configuration is deprecated for rsl-rl >= 4.0.0. Please use, e.g., `actor` and `critic` model configurations instead.
[WARNING]: The `empirical_normalization` parameter is deprecated. Please set `actor_obs_normalization` and `critic_obs_normalization` as part of the `policy` configuration instead.
[WARNING]: The `policy` configuration is used to infer the `actor` model configuration.
[WARNING]: The `policy` configuration is used to infer the `critic` model configuration.
[WARNING]: The `distribution_cfg` configuration is now used to specify the output distribution for stochastic policies. Consider updating the configuration to use `distribution_cfg` instead of `stochastic`, `init_noise_std`, `noise_std_type`, and `state_dependent_std` parameters.
[INFO] Loading experiment from directory: /workspace/GO2_G_A028_P1/pilot/logs/rsl_rl/quadruped

[36m======================================================================================[0m
[36m[1m[INFO][IsaacLab]: Logging to file: /tmp/isaaclab/logs/isaaclab_2026-09-13_13-28-02.log[0m
[36m======================================================================================[0m

[33m13:28:02 [simulation_context.py] WARNING: The `enable_external_forces_every_iteration` parameter in the PhysxCfg is set to False. If you are experiencing noisy velocities, consider enabling this flag. You may need to slightly increase the number of velocity iterations (setting it to 1 or 2 rather than 0), together with this flag, to improve the accuracy of velocity updates.[0m
2026-09-13T04:27:57Z [1,140ms] [Warning] [omni.log] Source: omni.hydra was already registered.
2026-09-13T04:27:57Z [1,323ms] [Warning] [carb] Acquiring non optional plugin interface which is not listed as dependency: [omni::physx::IPhysxBenchmarks v1.0] (plugin: <default plugin>), by client: omni.physics.physx.plugin. Add it to CARB_PLUGIN_IMPL_DEPS() macro of a client.
2026-09-13T04:27:57Z [1,326ms] [Warning] [omni.isaac.dynamic_control] omni.isaac.dynamic_control is deprecated as of Isaac Sim 4.5. No action is needed from end-users.
2026-09-13T04:27:58Z [2,524ms] [Warning] [pxr.Semantics] pxr.Semantics is deprecated - please use Semantics instead
2026-09-13T04:27:58Z [2,587ms] [Warning] [omni.graph.core.plugin] Found duplicate of category 'Replicator' - was 'Annotators', adding 'Fabric Reader'
2026-09-13T04:27:58Z [2,587ms] [Warning] [omni.graph.core.plugin] Category 'Replicator' not accepted on node type 'omni.replicator.core.FabricReader' in extension 'omni.replicator.core'
2026-09-13T04:27:58Z [2,587ms] [Warning] [omni.replicator.core.scripts.extension] No material configuration file, adding configuration to material settings directly.
2026-09-13T04:27:59Z [3,329ms] [Warning] [omni.kvdb.plugin] Disabling key-value database because another kit process is locking it
2026-09-13T04:28:00Z [4,736ms] [Warning] [omni.fabric.plugin] Warning: attribute viewportHandle not found for bucket id 7

2026-09-13T04:28:04Z [8,789ms] [Warning] [omni.hydra] Mesh '/__Prototype_5020945076074816532/mesh_0' has corrupted data in primvar 'st_1': buffer size 55278 doesn't match expected size 90402 in faceVarying primvars
2026-09-13T04:28:04Z [8,789ms] [Warning] [omni.hydra] Mesh '/__Prototype_422667710062656741/mesh_0' has corrupted data in primvar 'st_1': buffer size 19536 doesn't match expected size 25806 in faceVarying primvars
2026-09-13T04:28:04Z [8,789ms] [Warning] [omni.hydra] Mesh '/__Prototype_17657579462717289149/mesh_0' has corrupted data in primvar 'st_1': buffer size 54198 doesn't match expected size 111120 in faceVarying primvars
2026-09-13T04:28:04Z [8,789ms] [Warning] [omni.hydra] Mesh '/__Prototype_5020945076074816532/mesh_0' has corrupted data in primvar 'st': buffer size 35124 doesn't match expected size 90402 in faceVarying primvars
2026-09-13T04:28:04Z [8,789ms] [Warning] [omni.hydra] Mesh '/__Prototype_9361768168784622320/mesh_0' has corrupted data in primvar 'st_1': buffer size 55254 doesn't match expected size 90378 in faceVarying primvars
2026-09-13T04:28:04Z [8,789ms] [Warning] [omni.hydra] Mesh '/__Prototype_9361768168784622320/mesh_0' has corrupted data in primvar 'st': buffer size 35124 doesn't match expected size 90378 in faceVarying primvars
2026-09-13T04:28:04Z [8,789ms] [Warning] [omni.hydra] Mesh '/__Prototype_13322334623641367634/mesh_0' has corrupted data in primvar 'st_1': buffer size 55278 doesn't match expected size 90402 in faceVarying primvars
2026-09-13T04:28:04Z [8,789ms] [Warning] [omni.hydra] Mesh '/__Prototype_13322334623641367634/mesh_0' has corrupted data in primvar 'st': buffer size 35124 doesn't match expected size 90402 in faceVarying primvars
2026-09-13T04:28:04Z [8,789ms] [Warning] [omni.hydra] Mesh '/__Prototype_3472759832488839835/mesh_0' has corrupted data in primvar 'st_1': buffer size 54198 doesn't match expected size 111120 in faceVarying primvars
2026-09-13T04:28:04Z [8,789ms] [Warning] [omni.hydra] Mesh '/__Prototype_3472759832488839835/mesh_0' has corrupted data in primvar 'st': buffer size 56922 doesn't match expected size 111120 in faceVarying primvars
2026-09-13T04:28:04Z [8,789ms] [Warning] [omni.hydra] Mesh '/__Prototype_17658574861032171226/mesh_0' has corrupted data in primvar 'st_1': buffer size 54198 doesn't match expected size 111120 in faceVarying primvars
2026-09-13T04:28:04Z [8,789ms] [Warning] [omni.hydra] Mesh '/__Prototype_7677181754714936218/mesh_0' has corrupted data in primvar 'st_1': buffer size 54198 doesn't match expected size 111120 in faceVarying primvars
2026-09-13T04:28:04Z [8,789ms] [Warning] [omni.hydra] Mesh '/__Prototype_17658574861032171226/mesh_0' has corrupted data in primvar 'st': buffer size 56922 doesn't match expected size 111120 in faceVarying primvars
[INFO]: Base environment:
	Environment device    : cuda:0
	Environment seed      : 202
	Physics step-size     : 0.005
	Rendering step-size   : 0.02
	Environment step-size : 0.02
[INFO] Generating terrains randomly took : 0.019172 seconds
[INFO]: Time taken for scene creation : 1.294960 seconds
[INFO]: Scene manager:  <class InteractiveScene>
	Number of environments: 4
	Environment spacing   : 2.5
	Source prim name      : /World/envs/env_0
	Global prim paths     : ['/World/ground']
	Replicate physics     : True
[INFO]: Starting the simulation. This may take a few seconds. Please wait...
[INFO]: Time taken for simulation start : 1.084484 seconds
[33m13:28:05 [velocity_command.py] WARNING: The velocity command has the 'ranges.heading' attribute set to '(-3.141592653589793, 3.141592653589793)' but the heading command is not active. Consider setting the flag for the heading command to True.[0m
/workspace/IsaacLab/_isaac_sim/kit/python/lib/python3.11/site-packages/rsl_rl/utils/utils.py:220: UserWarning: The observation configuration dictionary 'obs_groups' is empty and thus likely not configured. Consider configuring the 'obs_groups' dictionary explicitly
  warnings.warn(
/workspace/IsaacLab/_isaac_sim/kit/python/lib/python3.11/site-packages/rsl_rl/utils/utils.py:251: UserWarning: The observation configuration dictionary 'obs_groups' does not contain the 'actor' key. As an observation group with the name 'policy' was found, this is assumed to be the appropriate observation. Consider adding the 'actor' key to the 'obs_groups' dictionary for clarity. This behavior will be removed in a future version.
  warnings.warn(
/workspace/IsaacLab/_isaac_sim/kit/python/lib/python3.11/site-packages/rsl_rl/utils/utils.py:251: UserWarning: The observation configuration dictionary 'obs_groups' does not contain the 'critic' key. As an observation group with the name 'policy' was found, this is assumed to be the appropriate observation. Consider adding the 'critic' key to the 'obs_groups' dictionary for clarity. This behavior will be removed in a future version.
  warnings.warn(
2026-09-13T04:28:04Z [8,789ms] [Warning] [omni.hydra] Mesh '/__Prototype_17365619108587152245/mesh_0' has corrupted data in primvar 'st_1': buffer size 55254 doesn't match expected size 90378 in faceVarying primvars
2026-09-13T04:28:04Z [8,789ms] [Warning] [omni.hydra] Mesh '/__Prototype_4988299400318642876/mesh_0' has corrupted data in primvar 'st_1': buffer size 19536 doesn't match expected size 25806 in faceVarying primvars
2026-09-13T04:28:04Z [8,789ms] [Warning] [omni.hydra] Mesh '/__Prototype_4988299400318642876/mesh_0' has corrupted data in primvar 'st': buffer size 6270 doesn't match expected size 25806 in faceVarying primvars
2026-09-13T04:28:04Z [8,789ms] [Warning] [omni.hydra] Mesh '/__Prototype_9249459249493537703/mesh_0' has corrupted data in primvar 'st_1': buffer size 19536 doesn't match expected size 25806 in faceVarying primvars
2026-09-13T04:28:04Z [8,790ms] [Warning] [omni.hydra] Mesh '/__Prototype_9249459249493537703/mesh_0' has corrupted data in primvar 'st': buffer size 6270 doesn't match expected size 25806 in faceVarying primvars
2026-09-13T04:28:04Z [8,790ms] [Warning] [omni.hydra] Mesh '/__Prototype_17657579462717289149/mesh_0' has corrupted data in primvar 'st': buffer size 56922 doesn't match expected size 111120 in faceVarying primvars
2026-09-13T04:28:04Z [8,790ms] [Warning] [omni.hydra] Mesh '/__Prototype_11920163974880798964/mesh_0' has corrupted data in primvar 'st_1': buffer size 19536 doesn't match expected size 25806 in faceVarying primvars
2026-09-13T04:28:04Z [8,790ms] [Warning] [omni.hydra] Mesh '/__Prototype_11920163974880798964/mesh_0' has corrupted data in primvar 'st': buffer size 6270 doesn't match expected size 25806 in faceVarying primvars
2026-09-13T04:28:04Z [8,789ms] [Warning] [omni.hydra] Mesh '/__Prototype_7677181754714936218/mesh_0' has corrupted data in primvar 'st': buffer size 56922 doesn't match expected size 111120 in faceVarying primvars
2026-09-13T04:28:04Z [8,790ms] [Warning] [omni.hydra] Mesh '/__Prototype_17365619108587152245/mesh_0' has corrupted data in primvar 'st': buffer size 35124 doesn't match expected size 90378 in faceVarying primvars
2026-09-13T04:28:04Z [8,791ms] [Warning] [omni.hydra] Mesh '/__Prototype_422667710062656741/mesh_0' has corrupted data in primvar 'st': buffer size 6270 doesn't match expected size 25806 in faceVarying primvars
2026-09-13T04:28:04Z [8,791ms] [Warning] [omni.hydra] Mesh '/__Prototype_13474969840495255918/mesh_0' has corrupted data in primvar 'st_1': buffer size 6960 doesn't match expected size 233784 in faceVarying primvars
2026-09-13T04:28:04Z [8,791ms] [Warning] [omni.hydra] Mesh '/__Prototype_13474969840495255918/mesh_0' has corrupted data in primvar 'st': buffer size 178533 doesn't match expected size 233784 in faceVarying primvars
2026-09-13T04:28:04Z [8,791ms] [Warning] [omni.hydra] Mesh '/__Prototype_13474969840495255918/mesh_0' has corrupted data in primvar 'st_3': buffer size 11886 doesn't match expected size 233784 in faceVarying primvars
2026-09-13T04:28:04Z [8,791ms] [Warning] [omni.hydra] Mesh '/__Prototype_13474969840495255918/mesh_0' has corrupted data in primvar 'st_2': buffer size 6015 doesn't match expected size 233784 in faceVarying primvars
2026-09-13T04:28:04Z [8,791ms] [Warning] [omni.hydra] Mesh '/__Prototype_13474969840495255918/mesh_0' has corrupted data in primvar 'st_4': buffer size 30390 doesn't match expected size 233784 in faceVarying primvars
2026-09-13T04:28:05Z [9,628ms] [Warning] [omni.physx.fabric.plugin] FabricManager::initializePointInstancer mismatched prototypes on point instancer: /Visuals/Command/velocity_goal.
2026-09-13T04:28:05Z [9,628ms] [Warning] [omni.physx.fabric.plugin] FabricManager::initializePointInstancer mismatched prototypes on point instancer: /Visuals/Command/velocity_current.
2026-09-13T04:28:06Z [10,458ms] [Warning] [omni.physx.fabric.plugin] FabricManager::initializePointInstancer mismatched prototypes on point instancer: /Visuals/Command/velocity_current.
2026-09-13T04:28:06Z [10,458ms] [Warning] [omni.physx.fabric.plugin] FabricManager::initializePointInstancer mismatched prototypes on point instancer: /Visuals/Command/velocity_goal.
[INFO] Command Manager:  <CommandManager> contains 1 active terms.
+------------------------------------------------+
|              Active Command Terms              |
+-------+---------------+------------------------+
| Index | Name          |          Type          |
+-------+---------------+------------------------+
|   0   | base_velocity | UniformVelocityCommand |
+-------+---------------+------------------------+

[INFO] Event Manager:  <EventManager> contains 2 active terms.
+--------------------------------------+
| Active Event Terms in Mode: 'startup' |
+----------+---------------------------+
|  Index   | Name                      |
+----------+---------------------------+
|    0     | physics_material          |
|    1     | add_base_mass             |
+----------+---------------------------+
+---------------------------------------+
|  Active Event Terms in Mode: 'reset'  |
+--------+------------------------------+
| Index  | Name                         |
+--------+------------------------------+
|   0    | base_external_force_torque   |
|   1    | reset_base                   |
|   2    | reset_robot_joints           |
+--------+------------------------------+

[INFO] Recorder Manager:  <RecorderManager> contains 0 active terms.
+---------------------+
| Active Recorder Terms |
+-----------+---------+
|   Index   | Name    |
+-----------+---------+
+-----------+---------+

[INFO] Action Manager:  <ActionManager> contains 1 active terms.
+------------------------------------+
|  Active Action Terms (shape: 12)   |
+--------+-------------+-------------+
| Index  | Name        |   Dimension |
+--------+-------------+-------------+
|   0    | joint_pos   |          12 |
+--------+-------------+-------------+

[INFO] Observation Manager: <ObservationManager> contains 1 groups.
+----------------------------------------------------------+
| Active Observation Terms in Group: 'policy' (shape: (235,)) |
+-----------+--------------------------------+-------------+
|   Index   | Name                           |    Shape    |
+-----------+--------------------------------+-------------+
|     0     | base_lin_vel                   |     (3,)    |
|     1     | base_ang_vel                   |     (3,)    |
|     2     | projected_gravity              |     (3,)    |
|     3     | velocity_commands              |     (3,)    |
|     4     | joint_pos                      |    (12,)    |
|     5     | joint_vel                      |    (12,)    |
|     6     | actions                        |    (12,)    |
|     7     | height_scan                    |    (187,)   |
+-----------+--------------------------------+-------------+

[INFO] Termination Manager:  <TerminationManager> contains 2 active terms.
+---------------------------------+
|     Active Termination Terms    |
+-------+--------------+----------+
| Index | Name         | Time Out |
+-------+--------------+----------+
|   0   | time_out     |   True   |
|   1   | base_contact |  False   |
+-------+--------------+----------+

[INFO] Reward Manager:  <RewardManager> contains 10 active terms.
+-----------------------------------------+
|           Active Reward Terms           |
+-------+----------------------+----------+
| Index | Name                 |   Weight |
+-------+----------------------+----------+
|   0   | track_lin_vel_xy_exp |      1.2 |
|   1   | track_ang_vel_z_exp  |     0.75 |
|   2   | lin_vel_z_l2         |     -2.0 |
|   3   | ang_vel_xy_l2        |    -0.05 |
|   4   | dof_torques_l2       |  -0.0002 |
|   5   | dof_acc_l2           | -2.5e-07 |
|   6   | action_rate_l2       |    -0.01 |
|   7   | feet_air_time        |      0.2 |
|   8   | flat_orientation_l2  |      0.0 |
|   9   | dof_pos_limits       |      0.0 |
+-------+----------------------+----------+

[INFO] Curriculum Manager:  <CurriculumManager> contains 0 active terms.
+----------------------+
| Active Curriculum Terms |
+-----------+----------+
|   Index   | Name     |
+-----------+----------+
+-----------+----------+

[INFO]: Completed setting up the environment...
[INFO] Recording videos during training.
        video_folder: /workspace/GO2_G_A028_P1/pilot/exported/videos/play
        step_trigger: lambda step: step == 0
        video_length: 1000
        disable_logger: True
[INFO]: Loading model checkpoint from: /workspace/GO2_G_A028_P1/pilot/exported/model_best.pt
--------------------------------------------------------------------------------
Resolved observation sets: 
	 actor :  ['policy']
	 critic :  ['policy']
--------------------------------------------------------------------------------
Actor Model: MLPModel(
  (obs_normalizer): Identity()
  (distribution): GaussianDistribution()
  (mlp): MLP(
    (0): Linear(in_features=235, out_features=512, bias=True)
    (1): ELU(alpha=1.0)
    (2): Linear(in_features=512, out_features=256, bias=True)
    (3): ELU(alpha=1.0)
    (4): Linear(in_features=256, out_features=128, bias=True)
    (5): ELU(alpha=1.0)
    (6): Linear(in_features=128, out_features=12, bias=True)
  )
)
Critic Model: MLPModel(
  (obs_normalizer): Identity()
  (mlp): MLP(
    (0): Linear(in_features=235, out_features=512, bias=True)
    (1): ELU(alpha=1.0)
    (2): Linear(in_features=512, out_features=256, bias=True)
    (3): ELU(alpha=1.0)
    (4): Linear(in_features=256, out_features=128, bias=True)
    (5): ELU(alpha=1.0)
    (6): Linear(in_features=128, out_features=1, bias=True)
  )
)
2026-09-13T04:28:06Z [10,508ms] [Warning] [omni.syntheticdata.plugin] OgnSdPostRenderVarToHost : rendervar copy from texture directly to host buffer is counter-performant. Please use copy from texture to device buffer first.
2026-09-13T04:28:08Z [12,079ms] [Warning] [carb] Client gpu.foundation.plugin has acquired [gpu::unstable::IMemoryBudgetManagerFactory v0.1] 100 times. Consider accessing this interface with carb::getCachedInterface() (Performance warning)
[3gH    H    H    H    H    H    H    H    H    H    H    H    H    H    H    H    H    H    H    H    H    H    H  [INFO] Using python from: /workspace/IsaacLab/_isaac_sim/python.sh
[CASE] pilot stairs_15_down seed=202
[3gH    H    H    H    H    H    H    H    H    H    H    H    H    H    H    H    H    H    H    H    H    H    H  [INFO] Using python from: /workspace/IsaacLab/_isaac_sim/python.sh
Loading user config located at: '/isaac-sim/kit/data/Kit/Isaac-Sim/5.1/user.config.json'
[Info] [carb] Logging to file: /isaac-sim/kit/logs/Kit/Isaac-Sim/5.1/kit_20260913_132854.log
2026-09-13T04:28:54Z [175ms] [Warning] [carb.windowing-glfw.plugin] GLFW initialization failed.
2026-09-13T04:28:54Z [175ms] [Warning] [carb] Failed to startup plugin carb.windowing-glfw.plugin (interfaces: [carb::windowing::IGLContext v1.0],[carb::windowing::IWindowing v1.5]) (impl: carb.windowing-glfw.plugin)
2026-09-13T04:28:54Z [185ms] [Warning] [omni.platforminfo.plugin] failed to open the default display.  Can't verify X Server version.

|---------------------------------------------------------------------------------------------|
| Driver Version: 580.126.09    | Graphics API: Vulkan
|=============================================================================================|
| GPU | Name                             | Active | LDA | GPU Memory | Vendor-ID | LUID       |
|     |                                  |        |     |            | Device-ID | UUID       |
|     |                                  |        |     |            | Bus-ID    |            |
|---------------------------------------------------------------------------------------------|
| 0   | NVIDIA GeForce RTX 5080          | Yes: 0 |     | 16303   MB | 10de      | 0          |
|     |                                  |        |     |            | 2c02      | ade2748e.. |
|     |                                  |        |     |            | 1         |            |
|=============================================================================================|
| OS: 24.04.2 LTS (Noble Numbat) ubuntu, Version: 24.04.2, Kernel: 6.8.0-136-generic
| Processor: Intel(R) Core(TM) Ultra 5 250KF Plus
| Cores: 18 | Logical Cores: 18
|---------------------------------------------------------------------------------------------|
| Total Memory (MB): 64006 | Free Memory: 50474
| Total Page/Swap (MB): 8191 | Free Page/Swap: 0
|---------------------------------------------------------------------------------------------|
2026-09-13T04:28:55Z [639ms] [Warning] [gpu.foundation.plugin] CPU performance profile is set to powersave. This profile sets the CPU to the lowest frequency reducing performance.
2026-09-13T04:28:55Z [650ms] [Warning] [gpu.foundation.plugin] IOMMU is enabled.
2026-09-13T04:28:55Z [989ms] [Warning] [carb.windowing-glfw.plugin] GLFW initialization failed.
2026-09-13T04:28:55Z [989ms] [Warning] [carb] Failed to startup plugin carb.windowing-glfw.plugin (interfaces: [carb::windowing::IGLContext v1.0],[carb::windowing::IWindowing v1.5]) (impl: carb.windowing-glfw.plugin)
2026-09-13T04:28:55Z [1,001ms] [Warning] [carb.windowing-glfw.plugin] GLFW initialization failed.
2026-09-13T04:28:55Z [1,001ms] [Warning] [carb] Failed to startup plugin carb.windowing-glfw.plugin (interfaces: [carb::windowing::IGLContext v1.0],[carb::windowing::IWindowing v1.5]) (impl: carb.windowing-glfw.plugin)
2026-09-13T04:28:55Z [1,008ms] [Warning] [carb.windowing-glfw.plugin] GLFW initialization failed.
2026-09-13T04:28:55Z [1,008ms] [Warning] [carb] Failed to startup plugin carb.windowing-glfw.plugin (interfaces: [carb::windowing::IGLContext v1.0],[carb::windowing::IWindowing v1.5]) (impl: carb.windowing-glfw.plugin)
2026-09-13T04:28:55Z [1,012ms] [Warning] [carb.windowing-glfw.plugin] GLFW initialization failed.
2026-09-13T04:28:55Z [1,012ms] [Warning] [carb] Failed to startup plugin carb.windowing-glfw.plugin (interfaces: [carb::windowing::IGLContext v1.0],[carb::windowing::IWindowing v1.5]) (impl: carb.windowing-glfw.plugin)
2026-09-13T04:28:55Z [1,012ms] [Warning] [carb.windowing-glfw.plugin] GLFW initialization failed.
2026-09-13T04:28:55Z [1,013ms] [Warning] [carb] Failed to startup plugin carb.windowing-glfw.plugin (interfaces: [carb::windowing::IGLContext v1.0],[carb::windowing::IWindowing v1.5]) (impl: carb.windowing-glfw.plugin)
2026-09-13T04:28:55Z [1,013ms] [Warning] [carb.windowing-glfw.plugin] GLFW initialization failed.
2026-09-13T04:28:55Z [1,013ms] [Warning] [carb] Failed to startup plugin carb.windowing-glfw.plugin (interfaces: [carb::windowing::IGLContext v1.0],[carb::windowing::IWindowing v1.5]) (impl: carb.windowing-glfw.plugin)
[go2-eval] telemetry enabled: out=/workspace/_keep/GO2_G_A028_P1/evaluation/pilot/stairs_15_down_seed_202 steps=1000
[INFO][AppLauncher]: Using device: cuda:0
[INFO][AppLauncher]: Loading experience file: /workspace/IsaacLab/apps/isaaclab.python.headless.rendering.kit
[INFO]: Parsing configuration from: go2_task.env_cfg:QuadrupedRoughEnvCfg
[Quadruped:student] 6 reward 항목 로드
  [OK] track_lin_vel_xy_exp.weight = 1.2
  [OK] feet_air_time.weight = 0.2
  [OK] lin_vel_z_l2.weight = -2
  [OK] ang_vel_xy_l2.weight = -0.05
  [OK] action_rate_l2.weight = -0.01
  [OK] flat_orientation_l2.weight = 0.0
[Quadruped:student] terrain override - boxes ≤0.15m
[INFO]: Parsing configuration from: go2_task.agent_cfg:QuadrupedPPORunnerCfg
[WARNING]: The `policy` configuration is deprecated for rsl-rl >= 4.0.0. Please use, e.g., `actor` and `critic` model configurations instead.
[WARNING]: The `empirical_normalization` parameter is deprecated. Please set `actor_obs_normalization` and `critic_obs_normalization` as part of the `policy` configuration instead.
[WARNING]: The `policy` configuration is used to infer the `actor` model configuration.
[WARNING]: The `policy` configuration is used to infer the `critic` model configuration.
[WARNING]: The `distribution_cfg` configuration is now used to specify the output distribution for stochastic policies. Consider updating the configuration to use `distribution_cfg` instead of `stochastic`, `init_noise_std`, `noise_std_type`, and `state_dependent_std` parameters.
[INFO] Loading experiment from directory: /workspace/GO2_G_A028_P1/pilot/logs/rsl_rl/quadruped

[36m======================================================================================[0m
[36m[1m[INFO][IsaacLab]: Logging to file: /tmp/isaaclab/logs/isaaclab_2026-09-13_13-29-01.log[0m
[36m======================================================================================[0m

[33m13:29:01 [simulation_context.py] WARNING: The `enable_external_forces_every_iteration` parameter in the PhysxCfg is set to False. If you are experiencing noisy velocities, consider enabling this flag. You may need to slightly increase the number of velocity iterations (setting it to 1 or 2 rather than 0), together with this flag, to improve the accuracy of velocity updates.[0m
2026-09-13T04:28:55Z [1,134ms] [Warning] [omni.log] Source: omni.hydra was already registered.
2026-09-13T04:28:55Z [1,315ms] [Warning] [carb] Acquiring non optional plugin interface which is not listed as dependency: [omni::physx::IPhysxBenchmarks v1.0] (plugin: <default plugin>), by client: omni.physics.physx.plugin. Add it to CARB_PLUGIN_IMPL_DEPS() macro of a client.
2026-09-13T04:28:55Z [1,319ms] [Warning] [omni.isaac.dynamic_control] omni.isaac.dynamic_control is deprecated as of Isaac Sim 4.5. No action is needed from end-users.
2026-09-13T04:28:56Z [2,517ms] [Warning] [pxr.Semantics] pxr.Semantics is deprecated - please use Semantics instead
2026-09-13T04:28:57Z [2,578ms] [Warning] [omni.graph.core.plugin] Found duplicate of category 'Replicator' - was 'Annotators', adding 'Fabric Reader'
2026-09-13T04:28:57Z [2,578ms] [Warning] [omni.graph.core.plugin] Category 'Replicator' not accepted on node type 'omni.replicator.core.FabricReader' in extension 'omni.replicator.core'
2026-09-13T04:28:57Z [2,579ms] [Warning] [omni.replicator.core.scripts.extension] No material configuration file, adding configuration to material settings directly.
2026-09-13T04:28:57Z [3,333ms] [Warning] [omni.kvdb.plugin] Disabling key-value database because another kit process is locking it
2026-09-13T04:28:59Z [4,750ms] [Warning] [omni.fabric.plugin] Warning: attribute viewportHandle not found for bucket id 7

2026-09-13T04:29:03Z [8,846ms] [Warning] [omni.hydra] Mesh '/__Prototype_4988299400318642876/mesh_0' has corrupted data in primvar 'st_1': buffer size 19536 doesn't match expected size 25806 in faceVarying primvars
2026-09-13T04:29:03Z [8,846ms] [Warning] [omni.hydra] Mesh '/__Prototype_4988299400318642876/mesh_0' has corrupted data in primvar 'st': buffer size 6270 doesn't match expected size 25806 in faceVarying primvars
2026-09-13T04:29:03Z [8,846ms] [Warning] [omni.hydra] Mesh '/__Prototype_17365619108587152245/mesh_0' has corrupted data in primvar 'st_1': buffer size 55254 doesn't match expected size 90378 in faceVarying primvars
2026-09-13T04:29:03Z [8,846ms] [Warning] [omni.hydra] Mesh '/__Prototype_17365619108587152245/mesh_0' has corrupted data in primvar 'st': buffer size 35124 doesn't match expected size 90378 in faceVarying primvars
2026-09-13T04:29:03Z [8,846ms] [Warning] [omni.hydra] Mesh '/__Prototype_422667710062656741/mesh_0' has corrupted data in primvar 'st_1': buffer size 19536 doesn't match expected size 25806 in faceVarying primvars
2026-09-13T04:29:03Z [8,846ms] [Warning] [omni.hydra] Mesh '/__Prototype_17658574861032171226/mesh_0' has corrupted data in primvar 'st_1': buffer size 54198 doesn't match expected size 111120 in faceVarying primvars
2026-09-13T04:29:03Z [8,846ms] [Warning] [omni.hydra] Mesh '/__Prototype_422667710062656741/mesh_0' has corrupted data in primvar 'st': buffer size 6270 doesn't match expected size 25806 in faceVarying primvars
2026-09-13T04:29:03Z [8,846ms] [Warning] [omni.hydra] Mesh '/__Prototype_3472759832488839835/mesh_0' has corrupted data in primvar 'st_1': buffer size 54198 doesn't match expected size 111120 in faceVarying primvars
2026-09-13T04:29:03Z [8,846ms] [Warning] [omni.hydra] Mesh '/__Prototype_17658574861032171226/mesh_0' has corrupted data in primvar 'st': buffer size 56922 doesn't match expected size 111120 in faceVarying primvars
2026-09-13T04:29:03Z [8,846ms] [Warning] [omni.hydra] Mesh '/__Prototype_3472759832488839835/mesh_0' has corrupted data in primvar 'st': buffer size 56922 doesn't match expected size 111120 in faceVarying primvars
2026-09-13T04:29:03Z [8,846ms] [Warning] [omni.hydra] Mesh '/__Prototype_7677181754714936218/mesh_0' has corrupted data in primvar 'st_1': buffer size 54198 doesn't match expected size 111120 in faceVarying primvars
2026-09-13T04:29:03Z [8,846ms] [Warning] [omni.hydra] Mesh '/__Prototype_7677181754714936218/mesh_0' has corrupted data in primvar 'st': buffer size 56922 doesn't match expected size 111120 in faceVarying primvars
2026-09-13T04:29:03Z [8,846ms] [Warning] [omni.hydra] Mesh '/__Prototype_13474969840495255918/mesh_0' has corrupted data in primvar 'st_4': buffer size 30390 doesn't match expected size 233784 in faceVarying primvars
[INFO]: Base environment:
	Environment device    : cuda:0
	Environment seed      : 202
	Physics step-size     : 0.005
	Rendering step-size   : 0.02
	Environment step-size : 0.02
[INFO] Generating terrains randomly took : 0.019657 seconds
[INFO]: Time taken for scene creation : 1.320056 seconds
[INFO]: Scene manager:  <class InteractiveScene>
	Number of environments: 4
	Environment spacing   : 2.5
	Source prim name      : /World/envs/env_0
	Global prim paths     : ['/World/ground']
	Replicate physics     : True
[INFO]: Starting the simulation. This may take a few seconds. Please wait...
[INFO]: Time taken for simulation start : 1.095700 seconds
[33m13:29:03 [velocity_command.py] WARNING: The velocity command has the 'ranges.heading' attribute set to '(-3.141592653589793, 3.141592653589793)' but the heading command is not active. Consider setting the flag for the heading command to True.[0m
/workspace/IsaacLab/_isaac_sim/kit/python/lib/python3.11/site-packages/rsl_rl/utils/utils.py:220: UserWarning: The observation configuration dictionary 'obs_groups' is empty and thus likely not configured. Consider configuring the 'obs_groups' dictionary explicitly
  warnings.warn(
/workspace/IsaacLab/_isaac_sim/kit/python/lib/python3.11/site-packages/rsl_rl/utils/utils.py:251: UserWarning: The observation configuration dictionary 'obs_groups' does not contain the 'actor' key. As an observation group with the name 'policy' was found, this is assumed to be the appropriate observation. Consider adding the 'actor' key to the 'obs_groups' dictionary for clarity. This behavior will be removed in a future version.
  warnings.warn(
/workspace/IsaacLab/_isaac_sim/kit/python/lib/python3.11/site-packages/rsl_rl/utils/utils.py:251: UserWarning: The observation configuration dictionary 'obs_groups' does not contain the 'critic' key. As an observation group with the name 'policy' was found, this is assumed to be the appropriate observation. Consider adding the 'critic' key to the 'obs_groups' dictionary for clarity. This behavior will be removed in a future version.
  warnings.warn(
2026-09-13T04:29:03Z [8,846ms] [Warning] [omni.hydra] Mesh '/__Prototype_13474969840495255918/mesh_0' has corrupted data in primvar 'st_3': buffer size 11886 doesn't match expected size 233784 in faceVarying primvars
2026-09-13T04:29:03Z [8,846ms] [Warning] [omni.hydra] Mesh '/__Prototype_13474969840495255918/mesh_0' has corrupted data in primvar 'st_2': buffer size 6015 doesn't match expected size 233784 in faceVarying primvars
2026-09-13T04:29:03Z [8,846ms] [Warning] [omni.hydra] Mesh '/__Prototype_13474969840495255918/mesh_0' has corrupted data in primvar 'st_1': buffer size 6960 doesn't match expected size 233784 in faceVarying primvars
2026-09-13T04:29:03Z [8,846ms] [Warning] [omni.hydra] Mesh '/__Prototype_13474969840495255918/mesh_0' has corrupted data in primvar 'st': buffer size 178533 doesn't match expected size 233784 in faceVarying primvars
2026-09-13T04:29:03Z [8,846ms] [Warning] [omni.hydra] Mesh '/__Prototype_17657579462717289149/mesh_0' has corrupted data in primvar 'st_1': buffer size 54198 doesn't match expected size 111120 in faceVarying primvars
2026-09-13T04:29:03Z [8,846ms] [Warning] [omni.hydra] Mesh '/__Prototype_17657579462717289149/mesh_0' has corrupted data in primvar 'st': buffer size 56922 doesn't match expected size 111120 in faceVarying primvars
2026-09-13T04:29:03Z [8,847ms] [Warning] [omni.hydra] Mesh '/__Prototype_9249459249493537703/mesh_0' has corrupted data in primvar 'st_1': buffer size 19536 doesn't match expected size 25806 in faceVarying primvars
2026-09-13T04:29:03Z [8,847ms] [Warning] [omni.hydra] Mesh '/__Prototype_9249459249493537703/mesh_0' has corrupted data in primvar 'st': buffer size 6270 doesn't match expected size 25806 in faceVarying primvars
2026-09-13T04:29:03Z [8,847ms] [Warning] [omni.hydra] Mesh '/__Prototype_9361768168784622320/mesh_0' has corrupted data in primvar 'st_1': buffer size 55254 doesn't match expected size 90378 in faceVarying primvars
2026-09-13T04:29:03Z [8,847ms] [Warning] [omni.hydra] Mesh '/__Prototype_9361768168784622320/mesh_0' has corrupted data in primvar 'st': buffer size 35124 doesn't match expected size 90378 in faceVarying primvars
2026-09-13T04:29:03Z [8,847ms] [Warning] [omni.hydra] Mesh '/__Prototype_13322334623641367634/mesh_0' has corrupted data in primvar 'st_1': buffer size 55278 doesn't match expected size 90402 in faceVarying primvars
2026-09-13T04:29:03Z [8,847ms] [Warning] [omni.hydra] Mesh '/__Prototype_13322334623641367634/mesh_0' has corrupted data in primvar 'st': buffer size 35124 doesn't match expected size 90402 in faceVarying primvars
2026-09-13T04:29:03Z [8,847ms] [Warning] [omni.hydra] Mesh '/__Prototype_11920163974880798964/mesh_0' has corrupted data in primvar 'st_1': buffer size 19536 doesn't match expected size 25806 in faceVarying primvars
2026-09-13T04:29:03Z [8,847ms] [Warning] [omni.hydra] Mesh '/__Prototype_11920163974880798964/mesh_0' has corrupted data in primvar 'st': buffer size 6270 doesn't match expected size 25806 in faceVarying primvars
2026-09-13T04:29:03Z [8,847ms] [Warning] [omni.hydra] Mesh '/__Prototype_5020945076074816532/mesh_0' has corrupted data in primvar 'st_1': buffer size 55278 doesn't match expected size 90402 in faceVarying primvars
2026-09-13T04:29:03Z [8,847ms] [Warning] [omni.hydra] Mesh '/__Prototype_5020945076074816532/mesh_0' has corrupted data in primvar 'st': buffer size 35124 doesn't match expected size 90402 in faceVarying primvars
2026-09-13T04:29:04Z [9,680ms] [Warning] [omni.physx.fabric.plugin] FabricManager::initializePointInstancer mismatched prototypes on point instancer: /Visuals/Command/velocity_goal.
2026-09-13T04:29:04Z [9,680ms] [Warning] [omni.physx.fabric.plugin] FabricManager::initializePointInstancer mismatched prototypes on point instancer: /Visuals/Command/velocity_current.
2026-09-13T04:29:04Z [10,515ms] [Warning] [omni.physx.fabric.plugin] FabricManager::initializePointInstancer mismatched prototypes on point instancer: /Visuals/Command/velocity_current.
2026-09-13T04:29:04Z [10,515ms] [Warning] [omni.physx.fabric.plugin] FabricManager::initializePointInstancer mismatched prototypes on point instancer: /Visuals/Command/velocity_goal.
[INFO] Command Manager:  <CommandManager> contains 1 active terms.
+------------------------------------------------+
|              Active Command Terms              |
+-------+---------------+------------------------+
| Index | Name          |          Type          |
+-------+---------------+------------------------+
|   0   | base_velocity | UniformVelocityCommand |
+-------+---------------+------------------------+

[INFO] Event Manager:  <EventManager> contains 2 active terms.
+--------------------------------------+
| Active Event Terms in Mode: 'startup' |
+----------+---------------------------+
|  Index   | Name                      |
+----------+---------------------------+
|    0     | physics_material          |
|    1     | add_base_mass             |
+----------+---------------------------+
+---------------------------------------+
|  Active Event Terms in Mode: 'reset'  |
+--------+------------------------------+
| Index  | Name                         |
+--------+------------------------------+
|   0    | base_external_force_torque   |
|   1    | reset_base                   |
|   2    | reset_robot_joints           |
+--------+------------------------------+

[INFO] Recorder Manager:  <RecorderManager> contains 0 active terms.
+---------------------+
| Active Recorder Terms |
+-----------+---------+
|   Index   | Name    |
+-----------+---------+
+-----------+---------+

[INFO] Action Manager:  <ActionManager> contains 1 active terms.
+------------------------------------+
|  Active Action Terms (shape: 12)   |
+--------+-------------+-------------+
| Index  | Name        |   Dimension |
+--------+-------------+-------------+
|   0    | joint_pos   |          12 |
+--------+-------------+-------------+

[INFO] Observation Manager: <ObservationManager> contains 1 groups.
+----------------------------------------------------------+
| Active Observation Terms in Group: 'policy' (shape: (235,)) |
+-----------+--------------------------------+-------------+
|   Index   | Name                           |    Shape    |
+-----------+--------------------------------+-------------+
|     0     | base_lin_vel                   |     (3,)    |
|     1     | base_ang_vel                   |     (3,)    |
|     2     | projected_gravity              |     (3,)    |
|     3     | velocity_commands              |     (3,)    |
|     4     | joint_pos                      |    (12,)    |
|     5     | joint_vel                      |    (12,)    |
|     6     | actions                        |    (12,)    |
|     7     | height_scan                    |    (187,)   |
+-----------+--------------------------------+-------------+

[INFO] Termination Manager:  <TerminationManager> contains 2 active terms.
+---------------------------------+
|     Active Termination Terms    |
+-------+--------------+----------+
| Index | Name         | Time Out |
+-------+--------------+----------+
|   0   | time_out     |   True   |
|   1   | base_contact |  False   |
+-------+--------------+----------+

[INFO] Reward Manager:  <RewardManager> contains 10 active terms.
+-----------------------------------------+
|           Active Reward Terms           |
+-------+----------------------+----------+
| Index | Name                 |   Weight |
+-------+----------------------+----------+
|   0   | track_lin_vel_xy_exp |      1.2 |
|   1   | track_ang_vel_z_exp  |     0.75 |
|   2   | lin_vel_z_l2         |     -2.0 |
|   3   | ang_vel_xy_l2        |    -0.05 |
|   4   | dof_torques_l2       |  -0.0002 |
|   5   | dof_acc_l2           | -2.5e-07 |
|   6   | action_rate_l2       |    -0.01 |
|   7   | feet_air_time        |      0.2 |
|   8   | flat_orientation_l2  |      0.0 |
|   9   | dof_pos_limits       |      0.0 |
+-------+----------------------+----------+

[INFO] Curriculum Manager:  <CurriculumManager> contains 0 active terms.
+----------------------+
| Active Curriculum Terms |
+-----------+----------+
|   Index   | Name     |
+-----------+----------+
+-----------+----------+

[INFO]: Completed setting up the environment...
[INFO] Recording videos during training.
        video_folder: /workspace/GO2_G_A028_P1/pilot/exported/videos/play
        step_trigger: lambda step: step == 0
        video_length: 1000
        disable_logger: True
[INFO]: Loading model checkpoint from: /workspace/GO2_G_A028_P1/pilot/exported/model_best.pt
--------------------------------------------------------------------------------
Resolved observation sets: 
	 actor :  ['policy']
	 critic :  ['policy']
--------------------------------------------------------------------------------
Actor Model: MLPModel(
  (obs_normalizer): Identity()
  (distribution): GaussianDistribution()
  (mlp): MLP(
    (0): Linear(in_features=235, out_features=512, bias=True)
    (1): ELU(alpha=1.0)
    (2): Linear(in_features=512, out_features=256, bias=True)
    (3): ELU(alpha=1.0)
    (4): Linear(in_features=256, out_features=128, bias=True)
    (5): ELU(alpha=1.0)
    (6): Linear(in_features=128, out_features=12, bias=True)
  )
)
Critic Model: MLPModel(
  (obs_normalizer): Identity()
  (mlp): MLP(
    (0): Linear(in_features=235, out_features=512, bias=True)
    (1): ELU(alpha=1.0)
    (2): Linear(in_features=512, out_features=256, bias=True)
    (3): ELU(alpha=1.0)
    (4): Linear(in_features=256, out_features=128, bias=True)
    (5): ELU(alpha=1.0)
    (6): Linear(in_features=128, out_features=1, bias=True)
  )
)
2026-09-13T04:29:05Z [10,565ms] [Warning] [omni.syntheticdata.plugin] OgnSdPostRenderVarToHost : rendervar copy from texture directly to host buffer is counter-performant. Please use copy from texture to device buffer first.
2026-09-13T04:29:06Z [12,079ms] [Warning] [carb] Client gpu.foundation.plugin has acquired [gpu::unstable::IMemoryBudgetManagerFactory v0.1] 100 times. Consider accessing this interface with carb::getCachedInterface() (Performance warning)
[3gH    H    H    H    H    H    H    H    H    H    H    H    H    H    H    H    H    H    H    H    H    H    H  [INFO] Using python from: /workspace/IsaacLab/_isaac_sim/python.sh
[CASE] pilot slope_plus_20 seed=202
[3gH    H    H    H    H    H    H    H    H    H    H    H    H    H    H    H    H    H    H    H    H    H    H  [INFO] Using python from: /workspace/IsaacLab/_isaac_sim/python.sh
Loading user config located at: '/isaac-sim/kit/data/Kit/Isaac-Sim/5.1/user.config.json'
[Info] [carb] Logging to file: /isaac-sim/kit/logs/Kit/Isaac-Sim/5.1/kit_20260913_132953.log
2026-09-13T04:29:54Z [178ms] [Warning] [carb.windowing-glfw.plugin] GLFW initialization failed.
2026-09-13T04:29:54Z [178ms] [Warning] [carb] Failed to startup plugin carb.windowing-glfw.plugin (interfaces: [carb::windowing::IGLContext v1.0],[carb::windowing::IWindowing v1.5]) (impl: carb.windowing-glfw.plugin)
2026-09-13T04:29:54Z [189ms] [Warning] [omni.platforminfo.plugin] failed to open the default display.  Can't verify X Server version.

|---------------------------------------------------------------------------------------------|
| Driver Version: 580.126.09    | Graphics API: Vulkan
|=============================================================================================|
| GPU | Name                             | Active | LDA | GPU Memory | Vendor-ID | LUID       |
|     |                                  |        |     |            | Device-ID | UUID       |
|     |                                  |        |     |            | Bus-ID    |            |
|---------------------------------------------------------------------------------------------|
| 0   | NVIDIA GeForce RTX 5080          | Yes: 0 |     | 16303   MB | 10de      | 0          |
|     |                                  |        |     |            | 2c02      | ade2748e.. |
|     |                                  |        |     |            | 1         |            |
|=============================================================================================|
| OS: 24.04.2 LTS (Noble Numbat) ubuntu, Version: 24.04.2, Kernel: 6.8.0-136-generic
| Processor: Intel(R) Core(TM) Ultra 5 250KF Plus
| Cores: 18 | Logical Cores: 18
|---------------------------------------------------------------------------------------------|
| Total Memory (MB): 64006 | Free Memory: 50360
| Total Page/Swap (MB): 8191 | Free Page/Swap: 0
|---------------------------------------------------------------------------------------------|
2026-09-13T04:29:54Z [646ms] [Warning] [gpu.foundation.plugin] CPU performance profile is set to powersave. This profile sets the CPU to the lowest frequency reducing performance.
2026-09-13T04:29:54Z [657ms] [Warning] [gpu.foundation.plugin] IOMMU is enabled.
2026-09-13T04:29:54Z [1,002ms] [Warning] [carb.windowing-glfw.plugin] GLFW initialization failed.
2026-09-13T04:29:54Z [1,002ms] [Warning] [carb] Failed to startup plugin carb.windowing-glfw.plugin (interfaces: [carb::windowing::IGLContext v1.0],[carb::windowing::IWindowing v1.5]) (impl: carb.windowing-glfw.plugin)
2026-09-13T04:29:54Z [1,015ms] [Warning] [carb.windowing-glfw.plugin] GLFW initialization failed.
2026-09-13T04:29:54Z [1,015ms] [Warning] [carb] Failed to startup plugin carb.windowing-glfw.plugin (interfaces: [carb::windowing::IGLContext v1.0],[carb::windowing::IWindowing v1.5]) (impl: carb.windowing-glfw.plugin)
2026-09-13T04:29:54Z [1,022ms] [Warning] [carb.windowing-glfw.plugin] GLFW initialization failed.
2026-09-13T04:29:54Z [1,022ms] [Warning] [carb] Failed to startup plugin carb.windowing-glfw.plugin (interfaces: [carb::windowing::IGLContext v1.0],[carb::windowing::IWindowing v1.5]) (impl: carb.windowing-glfw.plugin)
2026-09-13T04:29:54Z [1,026ms] [Warning] [carb.windowing-glfw.plugin] GLFW initialization failed.
2026-09-13T04:29:54Z [1,026ms] [Warning] [carb] Failed to startup plugin carb.windowing-glfw.plugin (interfaces: [carb::windowing::IGLContext v1.0],[carb::windowing::IWindowing v1.5]) (impl: carb.windowing-glfw.plugin)
2026-09-13T04:29:54Z [1,026ms] [Warning] [carb.windowing-glfw.plugin] GLFW initialization failed.
2026-09-13T04:29:54Z [1,026ms] [Warning] [carb] Failed to startup plugin carb.windowing-glfw.plugin (interfaces: [carb::windowing::IGLContext v1.0],[carb::windowing::IWindowing v1.5]) (impl: carb.windowing-glfw.plugin)
2026-09-13T04:29:54Z [1,027ms] [Warning] [carb.windowing-glfw.plugin] GLFW initialization failed.
2026-09-13T04:29:54Z [1,027ms] [Warning] [carb] Failed to startup plugin carb.windowing-glfw.plugin (interfaces: [carb::windowing::IGLContext v1.0],[carb::windowing::IWindowing v1.5]) (impl: carb.windowing-glfw.plugin)
[go2-eval] telemetry enabled: out=/workspace/_keep/GO2_G_A028_P1/evaluation/pilot/slope_plus_20_seed_202 steps=1000
[INFO][AppLauncher]: Using device: cuda:0
[INFO][AppLauncher]: Loading experience file: /workspace/IsaacLab/apps/isaaclab.python.headless.rendering.kit
[INFO]: Parsing configuration from: go2_task.env_cfg:QuadrupedRoughEnvCfg
[Quadruped:student] 6 reward 항목 로드
  [OK] track_lin_vel_xy_exp.weight = 1.2
  [OK] feet_air_time.weight = 0.2
  [OK] lin_vel_z_l2.weight = -2
  [OK] ang_vel_xy_l2.weight = -0.05
  [OK] action_rate_l2.weight = -0.01
  [OK] flat_orientation_l2.weight = 0.0
[Quadruped:student] terrain override - boxes ≤0.15m
[INFO]: Parsing configuration from: go2_task.agent_cfg:QuadrupedPPORunnerCfg
[WARNING]: The `policy` configuration is deprecated for rsl-rl >= 4.0.0. Please use, e.g., `actor` and `critic` model configurations instead.
[WARNING]: The `empirical_normalization` parameter is deprecated. Please set `actor_obs_normalization` and `critic_obs_normalization` as part of the `policy` configuration instead.
[WARNING]: The `policy` configuration is used to infer the `actor` model configuration.
[WARNING]: The `policy` configuration is used to infer the `critic` model configuration.
[WARNING]: The `distribution_cfg` configuration is now used to specify the output distribution for stochastic policies. Consider updating the configuration to use `distribution_cfg` instead of `stochastic`, `init_noise_std`, `noise_std_type`, and `state_dependent_std` parameters.
[INFO] Loading experiment from directory: /workspace/GO2_G_A028_P1/pilot/logs/rsl_rl/quadruped

[36m======================================================================================[0m
[36m[1m[INFO][IsaacLab]: Logging to file: /tmp/isaaclab/logs/isaaclab_2026-09-13_13-30-00.log[0m
[36m======================================================================================[0m

[33m13:30:00 [simulation_context.py] WARNING: The `enable_external_forces_every_iteration` parameter in the PhysxCfg is set to False. If you are experiencing noisy velocities, consider enabling this flag. You may need to slightly increase the number of velocity iterations (setting it to 1 or 2 rather than 0), together with this flag, to improve the accuracy of velocity updates.[0m
2026-09-13T04:29:55Z [1,142ms] [Warning] [omni.log] Source: omni.hydra was already registered.
2026-09-13T04:29:55Z [1,322ms] [Warning] [carb] Acquiring non optional plugin interface which is not listed as dependency: [omni::physx::IPhysxBenchmarks v1.0] (plugin: <default plugin>), by client: omni.physics.physx.plugin. Add it to CARB_PLUGIN_IMPL_DEPS() macro of a client.
2026-09-13T04:29:55Z [1,325ms] [Warning] [omni.isaac.dynamic_control] omni.isaac.dynamic_control is deprecated as of Isaac Sim 4.5. No action is needed from end-users.
2026-09-13T04:29:56Z [2,532ms] [Warning] [pxr.Semantics] pxr.Semantics is deprecated - please use Semantics instead
2026-09-13T04:29:56Z [2,595ms] [Warning] [omni.graph.core.plugin] Found duplicate of category 'Replicator' - was 'Annotators', adding 'Fabric Reader'
2026-09-13T04:29:56Z [2,595ms] [Warning] [omni.graph.core.plugin] Category 'Replicator' not accepted on node type 'omni.replicator.core.FabricReader' in extension 'omni.replicator.core'
2026-09-13T04:29:56Z [2,596ms] [Warning] [omni.replicator.core.scripts.extension] No material configuration file, adding configuration to material settings directly.
2026-09-13T04:29:57Z [3,359ms] [Warning] [omni.kvdb.plugin] Disabling key-value database because another kit process is locking it
2026-09-13T04:29:58Z [4,801ms] [Warning] [omni.fabric.plugin] Warning: attribute viewportHandle not found for bucket id 7

2026-09-13T04:30:02Z [8,878ms] [Warning] [omni.hydra] Mesh '/__Prototype_7677181754714936218/mesh_0' has corrupted data in primvar 'st_1': buffer size 54198 doesn't match expected size 111120 in faceVarying primvars
2026-09-13T04:30:02Z [8,878ms] [Warning] [omni.hydra] Mesh '/__Prototype_7677181754714936218/mesh_0' has corrupted data in primvar 'st': buffer size 56922 doesn't match expected size 111120 in faceVarying primvars
2026-09-13T04:30:02Z [8,878ms] [Warning] [omni.hydra] Mesh '/__Prototype_422667710062656741/mesh_0' has corrupted data in primvar 'st_1': buffer size 19536 doesn't match expected size 25806 in faceVarying primvars
2026-09-13T04:30:02Z [8,878ms] [Warning] [omni.hydra] Mesh '/__Prototype_422667710062656741/mesh_0' has corrupted data in primvar 'st': buffer size 6270 doesn't match expected size 25806 in faceVarying primvars
2026-09-13T04:30:02Z [8,878ms] [Warning] [omni.hydra] Mesh '/__Prototype_17365619108587152245/mesh_0' has corrupted data in primvar 'st_1': buffer size 55254 doesn't match expected size 90378 in faceVarying primvars
2026-09-13T04:30:02Z [8,878ms] [Warning] [omni.hydra] Mesh '/__Prototype_17365619108587152245/mesh_0' has corrupted data in primvar 'st': buffer size 35124 doesn't match expected size 90378 in faceVarying primvars
2026-09-13T04:30:02Z [8,878ms] [Warning] [omni.hydra] Mesh '/__Prototype_13474969840495255918/mesh_0' has corrupted data in primvar 'st_4': buffer size 30390 doesn't match expected size 233784 in faceVarying primvars
2026-09-13T04:30:02Z [8,878ms] [Warning] [omni.hydra] Mesh '/__Prototype_17657579462717289149/mesh_0' has corrupted data in primvar 'st_1': buffer size 54198 doesn't match expected size 111120 in faceVarying primvars
2026-09-13T04:30:02Z [8,878ms] [Warning] [omni.hydra] Mesh '/__Prototype_13474969840495255918/mesh_0' has corrupted data in primvar 'st': buffer size 178533 doesn't match expected size 233784 in faceVarying primvars
2026-09-13T04:30:02Z [8,879ms] [Warning] [omni.hydra] Mesh '/__Prototype_13474969840495255918/mesh_0' has corrupted data in primvar 'st_3': buffer size 11886 doesn't match expected size 233784 in faceVarying primvars
2026-09-13T04:30:02Z [8,879ms] [Warning] [omni.hydra] Mesh '/__Prototype_13474969840495255918/mesh_0' has corrupted data in primvar 'st_2': buffer size 6015 doesn't match expected size 233784 in faceVarying primvars
2026-09-13T04:30:02Z [8,879ms] [Warning] [omni.hydra] Mesh '/__Prototype_17657579462717289149/mesh_0' has corrupted data in primvar 'st': buffer size 56922 doesn't match expected size 111120 in faceVarying primvars
2026-09-13T04:30:02Z [8,879ms] [Warning] [omni.hydra] Mesh '/__Prototype_13474969840495255918/mesh_0' has corrupted data in primvar 'st_1': buffer size 6960 doesn't match expected size 233784 in faceVarying primvars
[INFO]: Base environment:
	Environment device    : cuda:0
	Environment seed      : 202
	Physics step-size     : 0.005
	Rendering step-size   : 0.02
	Environment step-size : 0.02
[INFO] Generating terrains randomly took : 0.013637 seconds
[INFO]: Time taken for scene creation : 1.299521 seconds
[INFO]: Scene manager:  <class InteractiveScene>
	Number of environments: 4
	Environment spacing   : 2.5
	Source prim name      : /World/envs/env_0
	Global prim paths     : ['/World/ground']
	Replicate physics     : True
[INFO]: Starting the simulation. This may take a few seconds. Please wait...
[INFO]: Time taken for simulation start : 1.095173 seconds
[33m13:30:03 [velocity_command.py] WARNING: The velocity command has the 'ranges.heading' attribute set to '(-3.141592653589793, 3.141592653589793)' but the heading command is not active. Consider setting the flag for the heading command to True.[0m
/workspace/IsaacLab/_isaac_sim/kit/python/lib/python3.11/site-packages/rsl_rl/utils/utils.py:220: UserWarning: The observation configuration dictionary 'obs_groups' is empty and thus likely not configured. Consider configuring the 'obs_groups' dictionary explicitly
  warnings.warn(
/workspace/IsaacLab/_isaac_sim/kit/python/lib/python3.11/site-packages/rsl_rl/utils/utils.py:251: UserWarning: The observation configuration dictionary 'obs_groups' does not contain the 'actor' key. As an observation group with the name 'policy' was found, this is assumed to be the appropriate observation. Consider adding the 'actor' key to the 'obs_groups' dictionary for clarity. This behavior will be removed in a future version.
  warnings.warn(
/workspace/IsaacLab/_isaac_sim/kit/python/lib/python3.11/site-packages/rsl_rl/utils/utils.py:251: UserWarning: The observation configuration dictionary 'obs_groups' does not contain the 'critic' key. As an observation group with the name 'policy' was found, this is assumed to be the appropriate observation. Consider adding the 'critic' key to the 'obs_groups' dictionary for clarity. This behavior will be removed in a future version.
  warnings.warn(
2026-09-13T04:30:02Z [8,879ms] [Warning] [omni.hydra] Mesh '/__Prototype_17658574861032171226/mesh_0' has corrupted data in primvar 'st_1': buffer size 54198 doesn't match expected size 111120 in faceVarying primvars
2026-09-13T04:30:02Z [8,879ms] [Warning] [omni.hydra] Mesh '/__Prototype_17658574861032171226/mesh_0' has corrupted data in primvar 'st': buffer size 56922 doesn't match expected size 111120 in faceVarying primvars
2026-09-13T04:30:02Z [8,879ms] [Warning] [omni.hydra] Mesh '/__Prototype_9361768168784622320/mesh_0' has corrupted data in primvar 'st_1': buffer size 55254 doesn't match expected size 90378 in faceVarying primvars
2026-09-13T04:30:02Z [8,879ms] [Warning] [omni.hydra] Mesh '/__Prototype_9361768168784622320/mesh_0' has corrupted data in primvar 'st': buffer size 35124 doesn't match expected size 90378 in faceVarying primvars
2026-09-13T04:30:02Z [8,879ms] [Warning] [omni.hydra] Mesh '/__Prototype_4988299400318642876/mesh_0' has corrupted data in primvar 'st_1': buffer size 19536 doesn't match expected size 25806 in faceVarying primvars
2026-09-13T04:30:02Z [8,879ms] [Warning] [omni.hydra] Mesh '/__Prototype_4988299400318642876/mesh_0' has corrupted data in primvar 'st': buffer size 6270 doesn't match expected size 25806 in faceVarying primvars
2026-09-13T04:30:02Z [8,880ms] [Warning] [omni.hydra] Mesh '/__Prototype_13322334623641367634/mesh_0' has corrupted data in primvar 'st_1': buffer size 55278 doesn't match expected size 90402 in faceVarying primvars
2026-09-13T04:30:02Z [8,880ms] [Warning] [omni.hydra] Mesh '/__Prototype_13322334623641367634/mesh_0' has corrupted data in primvar 'st': buffer size 35124 doesn't match expected size 90402 in faceVarying primvars
2026-09-13T04:30:02Z [8,880ms] [Warning] [omni.hydra] Mesh '/__Prototype_3472759832488839835/mesh_0' has corrupted data in primvar 'st_1': buffer size 54198 doesn't match expected size 111120 in faceVarying primvars
2026-09-13T04:30:02Z [8,880ms] [Warning] [omni.hydra] Mesh '/__Prototype_3472759832488839835/mesh_0' has corrupted data in primvar 'st': buffer size 56922 doesn't match expected size 111120 in faceVarying primvars
2026-09-13T04:30:02Z [8,880ms] [Warning] [omni.hydra] Mesh '/__Prototype_11920163974880798964/mesh_0' has corrupted data in primvar 'st_1': buffer size 19536 doesn't match expected size 25806 in faceVarying primvars
2026-09-13T04:30:02Z [8,880ms] [Warning] [omni.hydra] Mesh '/__Prototype_11920163974880798964/mesh_0' has corrupted data in primvar 'st': buffer size 6270 doesn't match expected size 25806 in faceVarying primvars
2026-09-13T04:30:02Z [8,880ms] [Warning] [omni.hydra] Mesh '/__Prototype_9249459249493537703/mesh_0' has corrupted data in primvar 'st_1': buffer size 19536 doesn't match expected size 25806 in faceVarying primvars
2026-09-13T04:30:02Z [8,880ms] [Warning] [omni.hydra] Mesh '/__Prototype_9249459249493537703/mesh_0' has corrupted data in primvar 'st': buffer size 6270 doesn't match expected size 25806 in faceVarying primvars
2026-09-13T04:30:02Z [8,882ms] [Warning] [omni.hydra] Mesh '/__Prototype_5020945076074816532/mesh_0' has corrupted data in primvar 'st_1': buffer size 55278 doesn't match expected size 90402 in faceVarying primvars
2026-09-13T04:30:02Z [8,882ms] [Warning] [omni.hydra] Mesh '/__Prototype_5020945076074816532/mesh_0' has corrupted data in primvar 'st': buffer size 35124 doesn't match expected size 90402 in faceVarying primvars
2026-09-13T04:30:03Z [9,704ms] [Warning] [omni.physx.fabric.plugin] FabricManager::initializePointInstancer mismatched prototypes on point instancer: /Visuals/Command/velocity_goal.
2026-09-13T04:30:03Z [9,704ms] [Warning] [omni.physx.fabric.plugin] FabricManager::initializePointInstancer mismatched prototypes on point instancer: /Visuals/Command/velocity_current.
2026-09-13T04:30:04Z [10,533ms] [Warning] [omni.physx.fabric.plugin] FabricManager::initializePointInstancer mismatched prototypes on point instancer: /Visuals/Command/velocity_current.
2026-09-13T04:30:04Z [10,533ms] [Warning] [omni.physx.fabric.plugin] FabricManager::initializePointInstancer mismatched prototypes on point instancer: /Visuals/Command/velocity_goal.
[INFO] Command Manager:  <CommandManager> contains 1 active terms.
+------------------------------------------------+
|              Active Command Terms              |
+-------+---------------+------------------------+
| Index | Name          |          Type          |
+-------+---------------+------------------------+
|   0   | base_velocity | UniformVelocityCommand |
+-------+---------------+------------------------+

[INFO] Event Manager:  <EventManager> contains 2 active terms.
+--------------------------------------+
| Active Event Terms in Mode: 'startup' |
+----------+---------------------------+
|  Index   | Name                      |
+----------+---------------------------+
|    0     | physics_material          |
|    1     | add_base_mass             |
+----------+---------------------------+
+---------------------------------------+
|  Active Event Terms in Mode: 'reset'  |
+--------+------------------------------+
| Index  | Name                         |
+--------+------------------------------+
|   0    | base_external_force_torque   |
|   1    | reset_base                   |
|   2    | reset_robot_joints           |
+--------+------------------------------+

[INFO] Recorder Manager:  <RecorderManager> contains 0 active terms.
+---------------------+
| Active Recorder Terms |
+-----------+---------+
|   Index   | Name    |
+-----------+---------+
+-----------+---------+

[INFO] Action Manager:  <ActionManager> contains 1 active terms.
+------------------------------------+
|  Active Action Terms (shape: 12)   |
+--------+-------------+-------------+
| Index  | Name        |   Dimension |
+--------+-------------+-------------+
|   0    | joint_pos   |          12 |
+--------+-------------+-------------+

[INFO] Observation Manager: <ObservationManager> contains 1 groups.
+----------------------------------------------------------+
| Active Observation Terms in Group: 'policy' (shape: (235,)) |
+-----------+--------------------------------+-------------+
|   Index   | Name                           |    Shape    |
+-----------+--------------------------------+-------------+
|     0     | base_lin_vel                   |     (3,)    |
|     1     | base_ang_vel                   |     (3,)    |
|     2     | projected_gravity              |     (3,)    |
|     3     | velocity_commands              |     (3,)    |
|     4     | joint_pos                      |    (12,)    |
|     5     | joint_vel                      |    (12,)    |
|     6     | actions                        |    (12,)    |
|     7     | height_scan                    |    (187,)   |
+-----------+--------------------------------+-------------+

[INFO] Termination Manager:  <TerminationManager> contains 2 active terms.
+---------------------------------+
|     Active Termination Terms    |
+-------+--------------+----------+
| Index | Name         | Time Out |
+-------+--------------+----------+
|   0   | time_out     |   True   |
|   1   | base_contact |  False   |
+-------+--------------+----------+

[INFO] Reward Manager:  <RewardManager> contains 10 active terms.
+-----------------------------------------+
|           Active Reward Terms           |
+-------+----------------------+----------+
| Index | Name                 |   Weight |
+-------+----------------------+----------+
|   0   | track_lin_vel_xy_exp |      1.2 |
|   1   | track_ang_vel_z_exp  |     0.75 |
|   2   | lin_vel_z_l2         |     -2.0 |
|   3   | ang_vel_xy_l2        |    -0.05 |
|   4   | dof_torques_l2       |  -0.0002 |
|   5   | dof_acc_l2           | -2.5e-07 |
|   6   | action_rate_l2       |    -0.01 |
|   7   | feet_air_time        |      0.2 |
|   8   | flat_orientation_l2  |      0.0 |
|   9   | dof_pos_limits       |      0.0 |
+-------+----------------------+----------+

[INFO] Curriculum Manager:  <CurriculumManager> contains 0 active terms.
+----------------------+
| Active Curriculum Terms |
+-----------+----------+
|   Index   | Name     |
+-----------+----------+
+-----------+----------+

[INFO]: Completed setting up the environment...
[INFO] Recording videos during training.
        video_folder: /workspace/GO2_G_A028_P1/pilot/exported/videos/play
        step_trigger: lambda step: step == 0
        video_length: 1000
        disable_logger: True
[INFO]: Loading model checkpoint from: /workspace/GO2_G_A028_P1/pilot/exported/model_best.pt
--------------------------------------------------------------------------------
Resolved observation sets: 
	 actor :  ['policy']
	 critic :  ['policy']
--------------------------------------------------------------------------------
Actor Model: MLPModel(
  (obs_normalizer): Identity()
  (distribution): GaussianDistribution()
  (mlp): MLP(
    (0): Linear(in_features=235, out_features=512, bias=True)
    (1): ELU(alpha=1.0)
    (2): Linear(in_features=512, out_features=256, bias=True)
    (3): ELU(alpha=1.0)
    (4): Linear(in_features=256, out_features=128, bias=True)
    (5): ELU(alpha=1.0)
    (6): Linear(in_features=128, out_features=12, bias=True)
  )
)
Critic Model: MLPModel(
  (obs_normalizer): Identity()
  (mlp): MLP(
    (0): Linear(in_features=235, out_features=512, bias=True)
    (1): ELU(alpha=1.0)
    (2): Linear(in_features=512, out_features=256, bias=True)
    (3): ELU(alpha=1.0)
    (4): Linear(in_features=256, out_features=128, bias=True)
    (5): ELU(alpha=1.0)
    (6): Linear(in_features=128, out_features=1, bias=True)
  )
)
2026-09-13T04:30:04Z [10,583ms] [Warning] [omni.syntheticdata.plugin] OgnSdPostRenderVarToHost : rendervar copy from texture directly to host buffer is counter-performant. Please use copy from texture to device buffer first.
2026-09-13T04:30:06Z [12,134ms] [Warning] [carb] Client gpu.foundation.plugin has acquired [gpu::unstable::IMemoryBudgetManagerFactory v0.1] 100 times. Consider accessing this interface with carb::getCachedInterface() (Performance warning)
[3gH    H    H    H    H    H    H    H    H    H    H    H    H    H    H    H    H    H    H    H    H    H    H  [INFO] Using python from: /workspace/IsaacLab/_isaac_sim/python.sh
[CASE] pilot stairs_10_down seed=303
[3gH    H    H    H    H    H    H    H    H    H    H    H    H    H    H    H    H    H    H    H    H    H    H  [INFO] Using python from: /workspace/IsaacLab/_isaac_sim/python.sh
Loading user config located at: '/isaac-sim/kit/data/Kit/Isaac-Sim/5.1/user.config.json'
[Info] [carb] Logging to file: /isaac-sim/kit/logs/Kit/Isaac-Sim/5.1/kit_20260913_133052.log
2026-09-13T04:30:52Z [177ms] [Warning] [carb.windowing-glfw.plugin] GLFW initialization failed.
2026-09-13T04:30:52Z [177ms] [Warning] [carb] Failed to startup plugin carb.windowing-glfw.plugin (interfaces: [carb::windowing::IGLContext v1.0],[carb::windowing::IWindowing v1.5]) (impl: carb.windowing-glfw.plugin)
2026-09-13T04:30:52Z [186ms] [Warning] [omni.platforminfo.plugin] failed to open the default display.  Can't verify X Server version.

|---------------------------------------------------------------------------------------------|
| Driver Version: 580.126.09    | Graphics API: Vulkan
|=============================================================================================|
| GPU | Name                             | Active | LDA | GPU Memory | Vendor-ID | LUID       |
|     |                                  |        |     |            | Device-ID | UUID       |
|     |                                  |        |     |            | Bus-ID    |            |
|---------------------------------------------------------------------------------------------|
| 0   | NVIDIA GeForce RTX 5080          | Yes: 0 |     | 16303   MB | 10de      | 0          |
|     |                                  |        |     |            | 2c02      | ade2748e.. |
|     |                                  |        |     |            | 1         |            |
|=============================================================================================|
| OS: 24.04.2 LTS (Noble Numbat) ubuntu, Version: 24.04.2, Kernel: 6.8.0-136-generic
| Processor: Intel(R) Core(TM) Ultra 5 250KF Plus
| Cores: 18 | Logical Cores: 18
|---------------------------------------------------------------------------------------------|
| Total Memory (MB): 64006 | Free Memory: 50366
| Total Page/Swap (MB): 8191 | Free Page/Swap: 0
|---------------------------------------------------------------------------------------------|
2026-09-13T04:30:53Z [644ms] [Warning] [gpu.foundation.plugin] CPU performance profile is set to powersave. This profile sets the CPU to the lowest frequency reducing performance.
2026-09-13T04:30:53Z [656ms] [Warning] [gpu.foundation.plugin] IOMMU is enabled.
2026-09-13T04:30:53Z [1,000ms] [Warning] [carb.windowing-glfw.plugin] GLFW initialization failed.
2026-09-13T04:30:53Z [1,000ms] [Warning] [carb] Failed to startup plugin carb.windowing-glfw.plugin (interfaces: [carb::windowing::IGLContext v1.0],[carb::windowing::IWindowing v1.5]) (impl: carb.windowing-glfw.plugin)
2026-09-13T04:30:53Z [1,013ms] [Warning] [carb.windowing-glfw.plugin] GLFW initialization failed.
2026-09-13T04:30:53Z [1,013ms] [Warning] [carb] Failed to startup plugin carb.windowing-glfw.plugin (interfaces: [carb::windowing::IGLContext v1.0],[carb::windowing::IWindowing v1.5]) (impl: carb.windowing-glfw.plugin)
2026-09-13T04:30:53Z [1,020ms] [Warning] [carb.windowing-glfw.plugin] GLFW initialization failed.
2026-09-13T04:30:53Z [1,020ms] [Warning] [carb] Failed to startup plugin carb.windowing-glfw.plugin (interfaces: [carb::windowing::IGLContext v1.0],[carb::windowing::IWindowing v1.5]) (impl: carb.windowing-glfw.plugin)
2026-09-13T04:30:53Z [1,024ms] [Warning] [carb.windowing-glfw.plugin] GLFW initialization failed.
2026-09-13T04:30:53Z [1,024ms] [Warning] [carb] Failed to startup plugin carb.windowing-glfw.plugin (interfaces: [carb::windowing::IGLContext v1.0],[carb::windowing::IWindowing v1.5]) (impl: carb.windowing-glfw.plugin)
2026-09-13T04:30:53Z [1,025ms] [Warning] [carb.windowing-glfw.plugin] GLFW initialization failed.
2026-09-13T04:30:53Z [1,025ms] [Warning] [carb] Failed to startup plugin carb.windowing-glfw.plugin (interfaces: [carb::windowing::IGLContext v1.0],[carb::windowing::IWindowing v1.5]) (impl: carb.windowing-glfw.plugin)
2026-09-13T04:30:53Z [1,025ms] [Warning] [carb.windowing-glfw.plugin] GLFW initialization failed.
2026-09-13T04:30:53Z [1,025ms] [Warning] [carb] Failed to startup plugin carb.windowing-glfw.plugin (interfaces: [carb::windowing::IGLContext v1.0],[carb::windowing::IWindowing v1.5]) (impl: carb.windowing-glfw.plugin)
[go2-eval] telemetry enabled: out=/workspace/_keep/GO2_G_A028_P1/evaluation/pilot/stairs_10_down_seed_303 steps=1000
[INFO][AppLauncher]: Using device: cuda:0
[INFO][AppLauncher]: Loading experience file: /workspace/IsaacLab/apps/isaaclab.python.headless.rendering.kit
[INFO]: Parsing configuration from: go2_task.env_cfg:QuadrupedRoughEnvCfg
[Quadruped:student] 6 reward 항목 로드
  [OK] track_lin_vel_xy_exp.weight = 1.2
  [OK] feet_air_time.weight = 0.2
  [OK] lin_vel_z_l2.weight = -2
  [OK] ang_vel_xy_l2.weight = -0.05
  [OK] action_rate_l2.weight = -0.01
  [OK] flat_orientation_l2.weight = 0.0
[Quadruped:student] terrain override - boxes ≤0.15m
[INFO]: Parsing configuration from: go2_task.agent_cfg:QuadrupedPPORunnerCfg
[WARNING]: The `policy` configuration is deprecated for rsl-rl >= 4.0.0. Please use, e.g., `actor` and `critic` model configurations instead.
[WARNING]: The `empirical_normalization` parameter is deprecated. Please set `actor_obs_normalization` and `critic_obs_normalization` as part of the `policy` configuration instead.
[WARNING]: The `policy` configuration is used to infer the `actor` model configuration.
[WARNING]: The `policy` configuration is used to infer the `critic` model configuration.
[WARNING]: The `distribution_cfg` configuration is now used to specify the output distribution for stochastic policies. Consider updating the configuration to use `distribution_cfg` instead of `stochastic`, `init_noise_std`, `noise_std_type`, and `state_dependent_std` parameters.
[INFO] Loading experiment from directory: /workspace/GO2_G_A028_P1/pilot/logs/rsl_rl/quadruped

[36m======================================================================================[0m
[36m[1m[INFO][IsaacLab]: Logging to file: /tmp/isaaclab/logs/isaaclab_2026-09-13_13-30-59.log[0m
[36m======================================================================================[0m

[33m13:30:59 [simulation_context.py] WARNING: The `enable_external_forces_every_iteration` parameter in the PhysxCfg is set to False. If you are experiencing noisy velocities, consider enabling this flag. You may need to slightly increase the number of velocity iterations (setting it to 1 or 2 rather than 0), together with this flag, to improve the accuracy of velocity updates.[0m
2026-09-13T04:30:53Z [1,143ms] [Warning] [omni.log] Source: omni.hydra was already registered.
2026-09-13T04:30:54Z [1,330ms] [Warning] [carb] Acquiring non optional plugin interface which is not listed as dependency: [omni::physx::IPhysxBenchmarks v1.0] (plugin: <default plugin>), by client: omni.physics.physx.plugin. Add it to CARB_PLUGIN_IMPL_DEPS() macro of a client.
2026-09-13T04:30:54Z [1,334ms] [Warning] [omni.isaac.dynamic_control] omni.isaac.dynamic_control is deprecated as of Isaac Sim 4.5. No action is needed from end-users.
2026-09-13T04:30:55Z [2,533ms] [Warning] [pxr.Semantics] pxr.Semantics is deprecated - please use Semantics instead
2026-09-13T04:30:55Z [2,594ms] [Warning] [omni.graph.core.plugin] Found duplicate of category 'Replicator' - was 'Annotators', adding 'Fabric Reader'
2026-09-13T04:30:55Z [2,594ms] [Warning] [omni.graph.core.plugin] Category 'Replicator' not accepted on node type 'omni.replicator.core.FabricReader' in extension 'omni.replicator.core'
2026-09-13T04:30:55Z [2,595ms] [Warning] [omni.replicator.core.scripts.extension] No material configuration file, adding configuration to material settings directly.
2026-09-13T04:30:56Z [3,337ms] [Warning] [omni.kvdb.plugin] Disabling key-value database because another kit process is locking it
2026-09-13T04:30:57Z [4,736ms] [Warning] [omni.fabric.plugin] Warning: attribute viewportHandle not found for bucket id 7

2026-09-13T04:31:01Z [8,797ms] [Warning] [omni.hydra] Mesh '/__Prototype_5020945076074816532/mesh_0' has corrupted data in primvar 'st_1': buffer size 55278 doesn't match expected size 90402 in faceVarying primvars
2026-09-13T04:31:01Z [8,797ms] [Warning] [omni.hydra] Mesh '/__Prototype_17365619108587152245/mesh_0' has corrupted data in primvar 'st_1': buffer size 55254 doesn't match expected size 90378 in faceVarying primvars
2026-09-13T04:31:01Z [8,797ms] [Warning] [omni.hydra] Mesh '/__Prototype_5020945076074816532/mesh_0' has corrupted data in primvar 'st': buffer size 35124 doesn't match expected size 90402 in faceVarying primvars
2026-09-13T04:31:01Z [8,797ms] [Warning] [omni.hydra] Mesh '/__Prototype_17365619108587152245/mesh_0' has corrupted data in primvar 'st': buffer size 35124 doesn't match expected size 90378 in faceVarying primvars
2026-09-13T04:31:01Z [8,797ms] [Warning] [omni.hydra] Mesh '/__Prototype_17657579462717289149/mesh_0' has corrupted data in primvar 'st_1': buffer size 54198 doesn't match expected size 111120 in faceVarying primvars
2026-09-13T04:31:01Z [8,797ms] [Warning] [omni.hydra] Mesh '/__Prototype_17657579462717289149/mesh_0' has corrupted data in primvar 'st': buffer size 56922 doesn't match expected size 111120 in faceVarying primvars
2026-09-13T04:31:01Z [8,797ms] [Warning] [omni.hydra] Mesh '/__Prototype_7677181754714936218/mesh_0' has corrupted data in primvar 'st_1': buffer size 54198 doesn't match expected size 111120 in faceVarying primvars
2026-09-13T04:31:01Z [8,797ms] [Warning] [omni.hydra] Mesh '/__Prototype_7677181754714936218/mesh_0' has corrupted data in primvar 'st': buffer size 56922 doesn't match expected size 111120 in faceVarying primvars
2026-09-13T04:31:01Z [8,797ms] [Warning] [omni.hydra] Mesh '/__Prototype_13322334623641367634/mesh_0' has corrupted data in primvar 'st_1': buffer size 55278 doesn't match expected size 90402 in faceVarying primvars
2026-09-13T04:31:01Z [8,797ms] [Warning] [omni.hydra] Mesh '/__Prototype_13322334623641367634/mesh_0' has corrupted data in primvar 'st': buffer size 35124 doesn't match expected size 90402 in faceVarying primvars
2026-09-13T04:31:01Z [8,797ms] [Warning] [omni.hydra] Mesh '/__Prototype_422667710062656741/mesh_0' has corrupted data in primvar 'st_1': buffer size 19536 doesn't match expected size 25806 in faceVarying primvars
2026-09-13T04:31:01Z [8,797ms] [Warning] [omni.hydra] Mesh '/__Prototype_422667710062656741/mesh_0' has corrupted data in primvar 'st': buffer size 6270 doesn't match expected size 25806 in faceVarying primvars
2026-09-13T04:31:01Z [8,797ms] [Warning] [omni.hydra] Mesh '/__Prototype_9361768168784622320/mesh_0' has corrupted data in primvar 'st_1': buffer size 55254 doesn't match expected size 90378 in faceVarying primvars
[INFO]: Base environment:
	Environment device    : cuda:0
	Environment seed      : 303
	Physics step-size     : 0.005
	Rendering step-size   : 0.02
	Environment step-size : 0.02
[INFO] Generating terrains randomly took : 0.019481 seconds
[INFO]: Time taken for scene creation : 1.297211 seconds
[INFO]: Scene manager:  <class InteractiveScene>
	Number of environments: 4
	Environment spacing   : 2.5
	Source prim name      : /World/envs/env_0
	Global prim paths     : ['/World/ground']
	Replicate physics     : True
[INFO]: Starting the simulation. This may take a few seconds. Please wait...
[INFO]: Time taken for simulation start : 1.074136 seconds
[33m13:31:02 [velocity_command.py] WARNING: The velocity command has the 'ranges.heading' attribute set to '(-3.141592653589793, 3.141592653589793)' but the heading command is not active. Consider setting the flag for the heading command to True.[0m
/workspace/IsaacLab/_isaac_sim/kit/python/lib/python3.11/site-packages/rsl_rl/utils/utils.py:220: UserWarning: The observation configuration dictionary 'obs_groups' is empty and thus likely not configured. Consider configuring the 'obs_groups' dictionary explicitly
  warnings.warn(
/workspace/IsaacLab/_isaac_sim/kit/python/lib/python3.11/site-packages/rsl_rl/utils/utils.py:251: UserWarning: The observation configuration dictionary 'obs_groups' does not contain the 'actor' key. As an observation group with the name 'policy' was found, this is assumed to be the appropriate observation. Consider adding the 'actor' key to the 'obs_groups' dictionary for clarity. This behavior will be removed in a future version.
  warnings.warn(
/workspace/IsaacLab/_isaac_sim/kit/python/lib/python3.11/site-packages/rsl_rl/utils/utils.py:251: UserWarning: The observation configuration dictionary 'obs_groups' does not contain the 'critic' key. As an observation group with the name 'policy' was found, this is assumed to be the appropriate observation. Consider adding the 'critic' key to the 'obs_groups' dictionary for clarity. This behavior will be removed in a future version.
  warnings.warn(
2026-09-13T04:31:01Z [8,797ms] [Warning] [omni.hydra] Mesh '/__Prototype_9361768168784622320/mesh_0' has corrupted data in primvar 'st': buffer size 35124 doesn't match expected size 90378 in faceVarying primvars
2026-09-13T04:31:01Z [8,797ms] [Warning] [omni.hydra] Mesh '/__Prototype_17658574861032171226/mesh_0' has corrupted data in primvar 'st_1': buffer size 54198 doesn't match expected size 111120 in faceVarying primvars
2026-09-13T04:31:01Z [8,797ms] [Warning] [omni.hydra] Mesh '/__Prototype_17658574861032171226/mesh_0' has corrupted data in primvar 'st': buffer size 56922 doesn't match expected size 111120 in faceVarying primvars
2026-09-13T04:31:01Z [8,798ms] [Warning] [omni.hydra] Mesh '/__Prototype_3472759832488839835/mesh_0' has corrupted data in primvar 'st_1': buffer size 54198 doesn't match expected size 111120 in faceVarying primvars
2026-09-13T04:31:01Z [8,798ms] [Warning] [omni.hydra] Mesh '/__Prototype_3472759832488839835/mesh_0' has corrupted data in primvar 'st': buffer size 56922 doesn't match expected size 111120 in faceVarying primvars
2026-09-13T04:31:01Z [8,798ms] [Warning] [omni.hydra] Mesh '/__Prototype_9249459249493537703/mesh_0' has corrupted data in primvar 'st_1': buffer size 19536 doesn't match expected size 25806 in faceVarying primvars
2026-09-13T04:31:01Z [8,798ms] [Warning] [omni.hydra] Mesh '/__Prototype_9249459249493537703/mesh_0' has corrupted data in primvar 'st': buffer size 6270 doesn't match expected size 25806 in faceVarying primvars
2026-09-13T04:31:01Z [8,798ms] [Warning] [omni.hydra] Mesh '/__Prototype_4988299400318642876/mesh_0' has corrupted data in primvar 'st_1': buffer size 19536 doesn't match expected size 25806 in faceVarying primvars
2026-09-13T04:31:01Z [8,798ms] [Warning] [omni.hydra] Mesh '/__Prototype_4988299400318642876/mesh_0' has corrupted data in primvar 'st': buffer size 6270 doesn't match expected size 25806 in faceVarying primvars
2026-09-13T04:31:01Z [8,798ms] [Warning] [omni.hydra] Mesh '/__Prototype_11920163974880798964/mesh_0' has corrupted data in primvar 'st_1': buffer size 19536 doesn't match expected size 25806 in faceVarying primvars
2026-09-13T04:31:01Z [8,798ms] [Warning] [omni.hydra] Mesh '/__Prototype_11920163974880798964/mesh_0' has corrupted data in primvar 'st': buffer size 6270 doesn't match expected size 25806 in faceVarying primvars
2026-09-13T04:31:01Z [8,799ms] [Warning] [omni.hydra] Mesh '/__Prototype_13474969840495255918/mesh_0' has corrupted data in primvar 'st_4': buffer size 30390 doesn't match expected size 233784 in faceVarying primvars
2026-09-13T04:31:01Z [8,799ms] [Warning] [omni.hydra] Mesh '/__Prototype_13474969840495255918/mesh_0' has corrupted data in primvar 'st_3': buffer size 11886 doesn't match expected size 233784 in faceVarying primvars
2026-09-13T04:31:01Z [8,799ms] [Warning] [omni.hydra] Mesh '/__Prototype_13474969840495255918/mesh_0' has corrupted data in primvar 'st_2': buffer size 6015 doesn't match expected size 233784 in faceVarying primvars
2026-09-13T04:31:01Z [8,799ms] [Warning] [omni.hydra] Mesh '/__Prototype_13474969840495255918/mesh_0' has corrupted data in primvar 'st_1': buffer size 6960 doesn't match expected size 233784 in faceVarying primvars
2026-09-13T04:31:01Z [8,799ms] [Warning] [omni.hydra] Mesh '/__Prototype_13474969840495255918/mesh_0' has corrupted data in primvar 'st': buffer size 178533 doesn't match expected size 233784 in faceVarying primvars
2026-09-13T04:31:02Z [9,633ms] [Warning] [omni.physx.fabric.plugin] FabricManager::initializePointInstancer mismatched prototypes on point instancer: /Visuals/Command/velocity_goal.
2026-09-13T04:31:02Z [9,633ms] [Warning] [omni.physx.fabric.plugin] FabricManager::initializePointInstancer mismatched prototypes on point instancer: /Visuals/Command/velocity_current.
2026-09-13T04:31:03Z [10,468ms] [Warning] [omni.physx.fabric.plugin] FabricManager::initializePointInstancer mismatched prototypes on point instancer: /Visuals/Command/velocity_current.
2026-09-13T04:31:03Z [10,468ms] [Warning] [omni.physx.fabric.plugin] FabricManager::initializePointInstancer mismatched prototypes on point instancer: /Visuals/Command/velocity_goal.
[INFO] Command Manager:  <CommandManager> contains 1 active terms.
+------------------------------------------------+
|              Active Command Terms              |
+-------+---------------+------------------------+
| Index | Name          |          Type          |
+-------+---------------+------------------------+
|   0   | base_velocity | UniformVelocityCommand |
+-------+---------------+------------------------+

[INFO] Event Manager:  <EventManager> contains 2 active terms.
+--------------------------------------+
| Active Event Terms in Mode: 'startup' |
+----------+---------------------------+
|  Index   | Name                      |
+----------+---------------------------+
|    0     | physics_material          |
|    1     | add_base_mass             |
+----------+---------------------------+
+---------------------------------------+
|  Active Event Terms in Mode: 'reset'  |
+--------+------------------------------+
| Index  | Name                         |
+--------+------------------------------+
|   0    | base_external_force_torque   |
|   1    | reset_base                   |
|   2    | reset_robot_joints           |
+--------+------------------------------+

[INFO] Recorder Manager:  <RecorderManager> contains 0 active terms.
+---------------------+
| Active Recorder Terms |
+-----------+---------+
|   Index   | Name    |
+-----------+---------+
+-----------+---------+

[INFO] Action Manager:  <ActionManager> contains 1 active terms.
+------------------------------------+
|  Active Action Terms (shape: 12)   |
+--------+-------------+-------------+
| Index  | Name        |   Dimension |
+--------+-------------+-------------+
|   0    | joint_pos   |          12 |
+--------+-------------+-------------+

[INFO] Observation Manager: <ObservationManager> contains 1 groups.
+----------------------------------------------------------+
| Active Observation Terms in Group: 'policy' (shape: (235,)) |
+-----------+--------------------------------+-------------+
|   Index   | Name                           |    Shape    |
+-----------+--------------------------------+-------------+
|     0     | base_lin_vel                   |     (3,)    |
|     1     | base_ang_vel                   |     (3,)    |
|     2     | projected_gravity              |     (3,)    |
|     3     | velocity_commands              |     (3,)    |
|     4     | joint_pos                      |    (12,)    |
|     5     | joint_vel                      |    (12,)    |
|     6     | actions                        |    (12,)    |
|     7     | height_scan                    |    (187,)   |
+-----------+--------------------------------+-------------+

[INFO] Termination Manager:  <TerminationManager> contains 2 active terms.
+---------------------------------+
|     Active Termination Terms    |
+-------+--------------+----------+
| Index | Name         | Time Out |
+-------+--------------+----------+
|   0   | time_out     |   True   |
|   1   | base_contact |  False   |
+-------+--------------+----------+

[INFO] Reward Manager:  <RewardManager> contains 10 active terms.
+-----------------------------------------+
|           Active Reward Terms           |
+-------+----------------------+----------+
| Index | Name                 |   Weight |
+-------+----------------------+----------+
|   0   | track_lin_vel_xy_exp |      1.2 |
|   1   | track_ang_vel_z_exp  |     0.75 |
|   2   | lin_vel_z_l2         |     -2.0 |
|   3   | ang_vel_xy_l2        |    -0.05 |
|   4   | dof_torques_l2       |  -0.0002 |
|   5   | dof_acc_l2           | -2.5e-07 |
|   6   | action_rate_l2       |    -0.01 |
|   7   | feet_air_time        |      0.2 |
|   8   | flat_orientation_l2  |      0.0 |
|   9   | dof_pos_limits       |      0.0 |
+-------+----------------------+----------+

[INFO] Curriculum Manager:  <CurriculumManager> contains 0 active terms.
+----------------------+
| Active Curriculum Terms |
+-----------+----------+
|   Index   | Name     |
+-----------+----------+
+-----------+----------+

[INFO]: Completed setting up the environment...
[INFO] Recording videos during training.
        video_folder: /workspace/GO2_G_A028_P1/pilot/exported/videos/play
        step_trigger: lambda step: step == 0
        video_length: 1000
        disable_logger: True
[INFO]: Loading model checkpoint from: /workspace/GO2_G_A028_P1/pilot/exported/model_best.pt
--------------------------------------------------------------------------------
Resolved observation sets: 
	 actor :  ['policy']
	 critic :  ['policy']
--------------------------------------------------------------------------------
Actor Model: MLPModel(
  (obs_normalizer): Identity()
  (distribution): GaussianDistribution()
  (mlp): MLP(
    (0): Linear(in_features=235, out_features=512, bias=True)
    (1): ELU(alpha=1.0)
    (2): Linear(in_features=512, out_features=256, bias=True)
    (3): ELU(alpha=1.0)
    (4): Linear(in_features=256, out_features=128, bias=True)
    (5): ELU(alpha=1.0)
    (6): Linear(in_features=128, out_features=12, bias=True)
  )
)
Critic Model: MLPModel(
  (obs_normalizer): Identity()
  (mlp): MLP(
    (0): Linear(in_features=235, out_features=512, bias=True)
    (1): ELU(alpha=1.0)
    (2): Linear(in_features=512, out_features=256, bias=True)
    (3): ELU(alpha=1.0)
    (4): Linear(in_features=256, out_features=128, bias=True)
    (5): ELU(alpha=1.0)
    (6): Linear(in_features=128, out_features=1, bias=True)
  )
)
2026-09-13T04:31:03Z [10,518ms] [Warning] [omni.syntheticdata.plugin] OgnSdPostRenderVarToHost : rendervar copy from texture directly to host buffer is counter-performant. Please use copy from texture to device buffer first.
2026-09-13T04:31:04Z [12,086ms] [Warning] [carb] Client gpu.foundation.plugin has acquired [gpu::unstable::IMemoryBudgetManagerFactory v0.1] 100 times. Consider accessing this interface with carb::getCachedInterface() (Performance warning)
[3gH    H    H    H    H    H    H    H    H    H    H    H    H    H    H    H    H    H    H    H    H    H    H  [INFO] Using python from: /workspace/IsaacLab/_isaac_sim/python.sh
[CASE] pilot stairs_15_down seed=303
[3gH    H    H    H    H    H    H    H    H    H    H    H    H    H    H    H    H    H    H    H    H    H    H  [INFO] Using python from: /workspace/IsaacLab/_isaac_sim/python.sh
Loading user config located at: '/isaac-sim/kit/data/Kit/Isaac-Sim/5.1/user.config.json'
[Info] [carb] Logging to file: /isaac-sim/kit/logs/Kit/Isaac-Sim/5.1/kit_20260913_133152.log
2026-09-13T04:31:52Z [178ms] [Warning] [carb.windowing-glfw.plugin] GLFW initialization failed.
2026-09-13T04:31:52Z [178ms] [Warning] [carb] Failed to startup plugin carb.windowing-glfw.plugin (interfaces: [carb::windowing::IGLContext v1.0],[carb::windowing::IWindowing v1.5]) (impl: carb.windowing-glfw.plugin)
2026-09-13T04:31:52Z [187ms] [Warning] [omni.platforminfo.plugin] failed to open the default display.  Can't verify X Server version.

|---------------------------------------------------------------------------------------------|
| Driver Version: 580.126.09    | Graphics API: Vulkan
|=============================================================================================|
| GPU | Name                             | Active | LDA | GPU Memory | Vendor-ID | LUID       |
|     |                                  |        |     |            | Device-ID | UUID       |
|     |                                  |        |     |            | Bus-ID    |            |
|---------------------------------------------------------------------------------------------|
| 0   | NVIDIA GeForce RTX 5080          | Yes: 0 |     | 16303   MB | 10de      | 0          |
|     |                                  |        |     |            | 2c02      | ade2748e.. |
|     |                                  |        |     |            | 1         |            |
|=============================================================================================|
| OS: 24.04.2 LTS (Noble Numbat) ubuntu, Version: 24.04.2, Kernel: 6.8.0-136-generic
| Processor: Intel(R) Core(TM) Ultra 5 250KF Plus
| Cores: 18 | Logical Cores: 18
|---------------------------------------------------------------------------------------------|
| Total Memory (MB): 64006 | Free Memory: 50679
| Total Page/Swap (MB): 8191 | Free Page/Swap: 0
|---------------------------------------------------------------------------------------------|
2026-09-13T04:31:53Z [650ms] [Warning] [gpu.foundation.plugin] CPU performance profile is set to powersave. This profile sets the CPU to the lowest frequency reducing performance.
2026-09-13T04:31:53Z [662ms] [Warning] [gpu.foundation.plugin] IOMMU is enabled.
2026-09-13T04:31:53Z [1,001ms] [Warning] [carb.windowing-glfw.plugin] GLFW initialization failed.
2026-09-13T04:31:53Z [1,001ms] [Warning] [carb] Failed to startup plugin carb.windowing-glfw.plugin (interfaces: [carb::windowing::IGLContext v1.0],[carb::windowing::IWindowing v1.5]) (impl: carb.windowing-glfw.plugin)
2026-09-13T04:31:53Z [1,013ms] [Warning] [carb.windowing-glfw.plugin] GLFW initialization failed.
2026-09-13T04:31:53Z [1,013ms] [Warning] [carb] Failed to startup plugin carb.windowing-glfw.plugin (interfaces: [carb::windowing::IGLContext v1.0],[carb::windowing::IWindowing v1.5]) (impl: carb.windowing-glfw.plugin)
2026-09-13T04:31:53Z [1,021ms] [Warning] [carb.windowing-glfw.plugin] GLFW initialization failed.
2026-09-13T04:31:53Z [1,021ms] [Warning] [carb] Failed to startup plugin carb.windowing-glfw.plugin (interfaces: [carb::windowing::IGLContext v1.0],[carb::windowing::IWindowing v1.5]) (impl: carb.windowing-glfw.plugin)
2026-09-13T04:31:53Z [1,025ms] [Warning] [carb.windowing-glfw.plugin] GLFW initialization failed.
2026-09-13T04:31:53Z [1,025ms] [Warning] [carb] Failed to startup plugin carb.windowing-glfw.plugin (interfaces: [carb::windowing::IGLContext v1.0],[carb::windowing::IWindowing v1.5]) (impl: carb.windowing-glfw.plugin)
2026-09-13T04:31:53Z [1,025ms] [Warning] [carb.windowing-glfw.plugin] GLFW initialization failed.
2026-09-13T04:31:53Z [1,025ms] [Warning] [carb] Failed to startup plugin carb.windowing-glfw.plugin (interfaces: [carb::windowing::IGLContext v1.0],[carb::windowing::IWindowing v1.5]) (impl: carb.windowing-glfw.plugin)
2026-09-13T04:31:53Z [1,026ms] [Warning] [carb.windowing-glfw.plugin] GLFW initialization failed.
2026-09-13T04:31:53Z [1,026ms] [Warning] [carb] Failed to startup plugin carb.windowing-glfw.plugin (interfaces: [carb::windowing::IGLContext v1.0],[carb::windowing::IWindowing v1.5]) (impl: carb.windowing-glfw.plugin)
[go2-eval] telemetry enabled: out=/workspace/_keep/GO2_G_A028_P1/evaluation/pilot/stairs_15_down_seed_303 steps=1000
[INFO][AppLauncher]: Using device: cuda:0
[INFO][AppLauncher]: Loading experience file: /workspace/IsaacLab/apps/isaaclab.python.headless.rendering.kit
[INFO]: Parsing configuration from: go2_task.env_cfg:QuadrupedRoughEnvCfg
[Quadruped:student] 6 reward 항목 로드
  [OK] track_lin_vel_xy_exp.weight = 1.2
  [OK] feet_air_time.weight = 0.2
  [OK] lin_vel_z_l2.weight = -2
  [OK] ang_vel_xy_l2.weight = -0.05
  [OK] action_rate_l2.weight = -0.01
  [OK] flat_orientation_l2.weight = 0.0
[Quadruped:student] terrain override - boxes ≤0.15m
[INFO]: Parsing configuration from: go2_task.agent_cfg:QuadrupedPPORunnerCfg
[WARNING]: The `policy` configuration is deprecated for rsl-rl >= 4.0.0. Please use, e.g., `actor` and `critic` model configurations instead.
[WARNING]: The `empirical_normalization` parameter is deprecated. Please set `actor_obs_normalization` and `critic_obs_normalization` as part of the `policy` configuration instead.
[WARNING]: The `policy` configuration is used to infer the `actor` model configuration.
[WARNING]: The `policy` configuration is used to infer the `critic` model configuration.
[WARNING]: The `distribution_cfg` configuration is now used to specify the output distribution for stochastic policies. Consider updating the configuration to use `distribution_cfg` instead of `stochastic`, `init_noise_std`, `noise_std_type`, and `state_dependent_std` parameters.
[INFO] Loading experiment from directory: /workspace/GO2_G_A028_P1/pilot/logs/rsl_rl/quadruped

[36m======================================================================================[0m
[36m[1m[INFO][IsaacLab]: Logging to file: /tmp/isaaclab/logs/isaaclab_2026-09-13_13-31-59.log[0m
[36m======================================================================================[0m

[33m13:31:59 [simulation_context.py] WARNING: The `enable_external_forces_every_iteration` parameter in the PhysxCfg is set to False. If you are experiencing noisy velocities, consider enabling this flag. You may need to slightly increase the number of velocity iterations (setting it to 1 or 2 rather than 0), together with this flag, to improve the accuracy of velocity updates.[0m
2026-09-13T04:31:53Z [1,139ms] [Warning] [omni.log] Source: omni.hydra was already registered.
2026-09-13T04:31:53Z [1,316ms] [Warning] [carb] Acquiring non optional plugin interface which is not listed as dependency: [omni::physx::IPhysxBenchmarks v1.0] (plugin: <default plugin>), by client: omni.physics.physx.plugin. Add it to CARB_PLUGIN_IMPL_DEPS() macro of a client.
2026-09-13T04:31:53Z [1,319ms] [Warning] [omni.isaac.dynamic_control] omni.isaac.dynamic_control is deprecated as of Isaac Sim 4.5. No action is needed from end-users.
2026-09-13T04:31:55Z [2,518ms] [Warning] [pxr.Semantics] pxr.Semantics is deprecated - please use Semantics instead
2026-09-13T04:31:55Z [2,580ms] [Warning] [omni.graph.core.plugin] Found duplicate of category 'Replicator' - was 'Annotators', adding 'Fabric Reader'
2026-09-13T04:31:55Z [2,580ms] [Warning] [omni.graph.core.plugin] Category 'Replicator' not accepted on node type 'omni.replicator.core.FabricReader' in extension 'omni.replicator.core'
2026-09-13T04:31:55Z [2,581ms] [Warning] [omni.replicator.core.scripts.extension] No material configuration file, adding configuration to material settings directly.
2026-09-13T04:31:55Z [3,337ms] [Warning] [omni.kvdb.plugin] Disabling key-value database because another kit process is locking it
2026-09-13T04:31:57Z [4,723ms] [Warning] [omni.fabric.plugin] Warning: attribute viewportHandle not found for bucket id 7

2026-09-13T04:32:01Z [8,580ms] [Warning] [omni.hydra] Mesh '/__Prototype_422667710062656741/mesh_0' has corrupted data in primvar 'st_1': buffer size 19536 doesn't match expected size 25806 in faceVarying primvars
2026-09-13T04:32:01Z [8,580ms] [Warning] [omni.hydra] Mesh '/__Prototype_422667710062656741/mesh_0' has corrupted data in primvar 'st': buffer size 6270 doesn't match expected size 25806 in faceVarying primvars
2026-09-13T04:32:01Z [8,580ms] [Warning] [omni.hydra] Mesh '/__Prototype_17365619108587152245/mesh_0' has corrupted data in primvar 'st_1': buffer size 55254 doesn't match expected size 90378 in faceVarying primvars
2026-09-13T04:32:01Z [8,580ms] [Warning] [omni.hydra] Mesh '/__Prototype_17657579462717289149/mesh_0' has corrupted data in primvar 'st_1': buffer size 54198 doesn't match expected size 111120 in faceVarying primvars
2026-09-13T04:32:01Z [8,580ms] [Warning] [omni.hydra] Mesh '/__Prototype_17365619108587152245/mesh_0' has corrupted data in primvar 'st': buffer size 35124 doesn't match expected size 90378 in faceVarying primvars
2026-09-13T04:32:01Z [8,580ms] [Warning] [omni.hydra] Mesh '/__Prototype_17658574861032171226/mesh_0' has corrupted data in primvar 'st_1': buffer size 54198 doesn't match expected size 111120 in faceVarying primvars
2026-09-13T04:32:01Z [8,580ms] [Warning] [omni.hydra] Mesh '/__Prototype_17658574861032171226/mesh_0' has corrupted data in primvar 'st': buffer size 56922 doesn't match expected size 111120 in faceVarying primvars
2026-09-13T04:32:01Z [8,580ms] [Warning] [omni.hydra] Mesh '/__Prototype_9249459249493537703/mesh_0' has corrupted data in primvar 'st_1': buffer size 19536 doesn't match expected size 25806 in faceVarying primvars
2026-09-13T04:32:01Z [8,580ms] [Warning] [omni.hydra] Mesh '/__Prototype_9249459249493537703/mesh_0' has corrupted data in primvar 'st': buffer size 6270 doesn't match expected size 25806 in faceVarying primvars
2026-09-13T04:32:01Z [8,580ms] [Warning] [omni.hydra] Mesh '/__Prototype_3472759832488839835/mesh_0' has corrupted data in primvar 'st_1': buffer size 54198 doesn't match expected size 111120 in faceVarying primvars
2026-09-13T04:32:01Z [8,580ms] [Warning] [omni.hydra] Mesh '/__Prototype_3472759832488839835/mesh_0' has corrupted data in primvar 'st': buffer size 56922 doesn't match expected size 111120 in faceVarying primvars
2026-09-13T04:32:01Z [8,581ms] [Warning] [omni.hydra] Mesh '/__Prototype_13474969840495255918/mesh_0' has corrupted data in primvar 'st_4': buffer size 30390 doesn't match expected size 233784 in faceVarying primvars
2026-09-13T04:32:01Z [8,581ms] [Warning] [omni.hydra] Mesh '/__Prototype_13474969840495255918/mesh_0' has corrupted data in primvar 'st_3': buffer size 11886 doesn't match expected size 233784 in faceVarying primvars
[INFO]: Base environment:
	Environment device    : cuda:0
	Environment seed      : 303
	Physics step-size     : 0.005
	Rendering step-size   : 0.02
	Environment step-size : 0.02
[INFO] Generating terrains randomly took : 0.018991 seconds
[INFO]: Time taken for scene creation : 1.115507 seconds
[INFO]: Scene manager:  <class InteractiveScene>
	Number of environments: 4
	Environment spacing   : 2.5
	Source prim name      : /World/envs/env_0
	Global prim paths     : ['/World/ground']
	Replicate physics     : True
[INFO]: Starting the simulation. This may take a few seconds. Please wait...
[INFO]: Time taken for simulation start : 1.056732 seconds
[33m13:32:01 [velocity_command.py] WARNING: The velocity command has the 'ranges.heading' attribute set to '(-3.141592653589793, 3.141592653589793)' but the heading command is not active. Consider setting the flag for the heading command to True.[0m
/workspace/IsaacLab/_isaac_sim/kit/python/lib/python3.11/site-packages/rsl_rl/utils/utils.py:220: UserWarning: The observation configuration dictionary 'obs_groups' is empty and thus likely not configured. Consider configuring the 'obs_groups' dictionary explicitly
  warnings.warn(
/workspace/IsaacLab/_isaac_sim/kit/python/lib/python3.11/site-packages/rsl_rl/utils/utils.py:251: UserWarning: The observation configuration dictionary 'obs_groups' does not contain the 'actor' key. As an observation group with the name 'policy' was found, this is assumed to be the appropriate observation. Consider adding the 'actor' key to the 'obs_groups' dictionary for clarity. This behavior will be removed in a future version.
  warnings.warn(
/workspace/IsaacLab/_isaac_sim/kit/python/lib/python3.11/site-packages/rsl_rl/utils/utils.py:251: UserWarning: The observation configuration dictionary 'obs_groups' does not contain the 'critic' key. As an observation group with the name 'policy' was found, this is assumed to be the appropriate observation. Consider adding the 'critic' key to the 'obs_groups' dictionary for clarity. This behavior will be removed in a future version.
  warnings.warn(
2026-09-13T04:32:01Z [8,581ms] [Warning] [omni.hydra] Mesh '/__Prototype_13474969840495255918/mesh_0' has corrupted data in primvar 'st_2': buffer size 6015 doesn't match expected size 233784 in faceVarying primvars
2026-09-13T04:32:01Z [8,581ms] [Warning] [omni.hydra] Mesh '/__Prototype_13474969840495255918/mesh_0' has corrupted data in primvar 'st_1': buffer size 6960 doesn't match expected size 233784 in faceVarying primvars
2026-09-13T04:32:01Z [8,581ms] [Warning] [omni.hydra] Mesh '/__Prototype_13474969840495255918/mesh_0' has corrupted data in primvar 'st': buffer size 178533 doesn't match expected size 233784 in faceVarying primvars
2026-09-13T04:32:01Z [8,581ms] [Warning] [omni.hydra] Mesh '/__Prototype_4988299400318642876/mesh_0' has corrupted data in primvar 'st_1': buffer size 19536 doesn't match expected size 25806 in faceVarying primvars
2026-09-13T04:32:01Z [8,581ms] [Warning] [omni.hydra] Mesh '/__Prototype_4988299400318642876/mesh_0' has corrupted data in primvar 'st': buffer size 6270 doesn't match expected size 25806 in faceVarying primvars
2026-09-13T04:32:01Z [8,581ms] [Warning] [omni.hydra] Mesh '/__Prototype_7677181754714936218/mesh_0' has corrupted data in primvar 'st_1': buffer size 54198 doesn't match expected size 111120 in faceVarying primvars
2026-09-13T04:32:01Z [8,581ms] [Warning] [omni.hydra] Mesh '/__Prototype_7677181754714936218/mesh_0' has corrupted data in primvar 'st': buffer size 56922 doesn't match expected size 111120 in faceVarying primvars
2026-09-13T04:32:01Z [8,582ms] [Warning] [omni.hydra] Mesh '/__Prototype_13322334623641367634/mesh_0' has corrupted data in primvar 'st_1': buffer size 55278 doesn't match expected size 90402 in faceVarying primvars
2026-09-13T04:32:01Z [8,582ms] [Warning] [omni.hydra] Mesh '/__Prototype_13322334623641367634/mesh_0' has corrupted data in primvar 'st': buffer size 35124 doesn't match expected size 90402 in faceVarying primvars
2026-09-13T04:32:01Z [8,582ms] [Warning] [omni.hydra] Mesh '/__Prototype_9361768168784622320/mesh_0' has corrupted data in primvar 'st_1': buffer size 55254 doesn't match expected size 90378 in faceVarying primvars
2026-09-13T04:32:01Z [8,582ms] [Warning] [omni.hydra] Mesh '/__Prototype_9361768168784622320/mesh_0' has corrupted data in primvar 'st': buffer size 35124 doesn't match expected size 90378 in faceVarying primvars
2026-09-13T04:32:01Z [8,583ms] [Warning] [omni.hydra] Mesh '/__Prototype_17657579462717289149/mesh_0' has corrupted data in primvar 'st': buffer size 56922 doesn't match expected size 111120 in faceVarying primvars
2026-09-13T04:32:01Z [8,583ms] [Warning] [omni.hydra] Mesh '/__Prototype_11920163974880798964/mesh_0' has corrupted data in primvar 'st_1': buffer size 19536 doesn't match expected size 25806 in faceVarying primvars
2026-09-13T04:32:01Z [8,583ms] [Warning] [omni.hydra] Mesh '/__Prototype_11920163974880798964/mesh_0' has corrupted data in primvar 'st': buffer size 6270 doesn't match expected size 25806 in faceVarying primvars
2026-09-13T04:32:01Z [8,583ms] [Warning] [omni.hydra] Mesh '/__Prototype_5020945076074816532/mesh_0' has corrupted data in primvar 'st_1': buffer size 55278 doesn't match expected size 90402 in faceVarying primvars
2026-09-13T04:32:01Z [8,583ms] [Warning] [omni.hydra] Mesh '/__Prototype_5020945076074816532/mesh_0' has corrupted data in primvar 'st': buffer size 35124 doesn't match expected size 90402 in faceVarying primvars
2026-09-13T04:32:02Z [9,418ms] [Warning] [omni.physx.fabric.plugin] FabricManager::initializePointInstancer mismatched prototypes on point instancer: /Visuals/Command/velocity_current.
2026-09-13T04:32:02Z [9,418ms] [Warning] [omni.physx.fabric.plugin] FabricManager::initializePointInstancer mismatched prototypes on point instancer: /Visuals/Command/velocity_goal.
2026-09-13T04:32:02Z [10,246ms] [Warning] [omni.physx.fabric.plugin] FabricManager::initializePointInstancer mismatched prototypes on point instancer: /Visuals/Command/velocity_current.
2026-09-13T04:32:02Z [10,246ms] [Warning] [omni.physx.fabric.plugin] FabricManager::initializePointInstancer mismatched prototypes on point instancer: /Visuals/Command/velocity_goal.
[INFO] Command Manager:  <CommandManager> contains 1 active terms.
+------------------------------------------------+
|              Active Command Terms              |
+-------+---------------+------------------------+
| Index | Name          |          Type          |
+-------+---------------+------------------------+
|   0   | base_velocity | UniformVelocityCommand |
+-------+---------------+------------------------+

[INFO] Event Manager:  <EventManager> contains 2 active terms.
+--------------------------------------+
| Active Event Terms in Mode: 'startup' |
+----------+---------------------------+
|  Index   | Name                      |
+----------+---------------------------+
|    0     | physics_material          |
|    1     | add_base_mass             |
+----------+---------------------------+
+---------------------------------------+
|  Active Event Terms in Mode: 'reset'  |
+--------+------------------------------+
| Index  | Name                         |
+--------+------------------------------+
|   0    | base_external_force_torque   |
|   1    | reset_base                   |
|   2    | reset_robot_joints           |
+--------+------------------------------+

[INFO] Recorder Manager:  <RecorderManager> contains 0 active terms.
+---------------------+
| Active Recorder Terms |
+-----------+---------+
|   Index   | Name    |
+-----------+---------+
+-----------+---------+

[INFO] Action Manager:  <ActionManager> contains 1 active terms.
+------------------------------------+
|  Active Action Terms (shape: 12)   |
+--------+-------------+-------------+
| Index  | Name        |   Dimension |
+--------+-------------+-------------+
|   0    | joint_pos   |          12 |
+--------+-------------+-------------+

[INFO] Observation Manager: <ObservationManager> contains 1 groups.
+----------------------------------------------------------+
| Active Observation Terms in Group: 'policy' (shape: (235,)) |
+-----------+--------------------------------+-------------+
|   Index   | Name                           |    Shape    |
+-----------+--------------------------------+-------------+
|     0     | base_lin_vel                   |     (3,)    |
|     1     | base_ang_vel                   |     (3,)    |
|     2     | projected_gravity              |     (3,)    |
|     3     | velocity_commands              |     (3,)    |
|     4     | joint_pos                      |    (12,)    |
|     5     | joint_vel                      |    (12,)    |
|     6     | actions                        |    (12,)    |
|     7     | height_scan                    |    (187,)   |
+-----------+--------------------------------+-------------+

[INFO] Termination Manager:  <TerminationManager> contains 2 active terms.
+---------------------------------+
|     Active Termination Terms    |
+-------+--------------+----------+
| Index | Name         | Time Out |
+-------+--------------+----------+
|   0   | time_out     |   True   |
|   1   | base_contact |  False   |
+-------+--------------+----------+

[INFO] Reward Manager:  <RewardManager> contains 10 active terms.
+-----------------------------------------+
|           Active Reward Terms           |
+-------+----------------------+----------+
| Index | Name                 |   Weight |
+-------+----------------------+----------+
|   0   | track_lin_vel_xy_exp |      1.2 |
|   1   | track_ang_vel_z_exp  |     0.75 |
|   2   | lin_vel_z_l2         |     -2.0 |
|   3   | ang_vel_xy_l2        |    -0.05 |
|   4   | dof_torques_l2       |  -0.0002 |
|   5   | dof_acc_l2           | -2.5e-07 |
|   6   | action_rate_l2       |    -0.01 |
|   7   | feet_air_time        |      0.2 |
|   8   | flat_orientation_l2  |      0.0 |
|   9   | dof_pos_limits       |      0.0 |
+-------+----------------------+----------+

[INFO] Curriculum Manager:  <CurriculumManager> contains 0 active terms.
+----------------------+
| Active Curriculum Terms |
+-----------+----------+
|   Index   | Name     |
+-----------+----------+
+-----------+----------+

[INFO]: Completed setting up the environment...
[INFO] Recording videos during training.
        video_folder: /workspace/GO2_G_A028_P1/pilot/exported/videos/play
        step_trigger: lambda step: step == 0
        video_length: 1000
        disable_logger: True
[INFO]: Loading model checkpoint from: /workspace/GO2_G_A028_P1/pilot/exported/model_best.pt
--------------------------------------------------------------------------------
Resolved observation sets: 
	 actor :  ['policy']
	 critic :  ['policy']
--------------------------------------------------------------------------------
Actor Model: MLPModel(
  (obs_normalizer): Identity()
  (distribution): GaussianDistribution()
  (mlp): MLP(
    (0): Linear(in_features=235, out_features=512, bias=True)
    (1): ELU(alpha=1.0)
    (2): Linear(in_features=512, out_features=256, bias=True)
    (3): ELU(alpha=1.0)
    (4): Linear(in_features=256, out_features=128, bias=True)
    (5): ELU(alpha=1.0)
    (6): Linear(in_features=128, out_features=12, bias=True)
  )
)
Critic Model: MLPModel(
  (obs_normalizer): Identity()
  (mlp): MLP(
    (0): Linear(in_features=235, out_features=512, bias=True)
    (1): ELU(alpha=1.0)
    (2): Linear(in_features=512, out_features=256, bias=True)
    (3): ELU(alpha=1.0)
    (4): Linear(in_features=256, out_features=128, bias=True)
    (5): ELU(alpha=1.0)
    (6): Linear(in_features=128, out_features=1, bias=True)
  )
)
2026-09-13T04:32:02Z [10,297ms] [Warning] [omni.syntheticdata.plugin] OgnSdPostRenderVarToHost : rendervar copy from texture directly to host buffer is counter-performant. Please use copy from texture to device buffer first.
2026-09-13T04:32:04Z [11,864ms] [Warning] [carb] Client gpu.foundation.plugin has acquired [gpu::unstable::IMemoryBudgetManagerFactory v0.1] 100 times. Consider accessing this interface with carb::getCachedInterface() (Performance warning)
[3gH    H    H    H    H    H    H    H    H    H    H    H    H    H    H    H    H    H    H    H    H    H    H  [INFO] Using python from: /workspace/IsaacLab/_isaac_sim/python.sh
[CASE] pilot slope_plus_20 seed=303
[3gH    H    H    H    H    H    H    H    H    H    H    H    H    H    H    H    H    H    H    H    H    H    H  [INFO] Using python from: /workspace/IsaacLab/_isaac_sim/python.sh
Loading user config located at: '/isaac-sim/kit/data/Kit/Isaac-Sim/5.1/user.config.json'
[Info] [carb] Logging to file: /isaac-sim/kit/logs/Kit/Isaac-Sim/5.1/kit_20260913_133251.log
2026-09-13T04:32:51Z [180ms] [Warning] [carb.windowing-glfw.plugin] GLFW initialization failed.
2026-09-13T04:32:51Z [180ms] [Warning] [carb] Failed to startup plugin carb.windowing-glfw.plugin (interfaces: [carb::windowing::IGLContext v1.0],[carb::windowing::IWindowing v1.5]) (impl: carb.windowing-glfw.plugin)
2026-09-13T04:32:51Z [190ms] [Warning] [omni.platforminfo.plugin] failed to open the default display.  Can't verify X Server version.

|---------------------------------------------------------------------------------------------|
| Driver Version: 580.126.09    | Graphics API: Vulkan
|=============================================================================================|
| GPU | Name                             | Active | LDA | GPU Memory | Vendor-ID | LUID       |
|     |                                  |        |     |            | Device-ID | UUID       |
|     |                                  |        |     |            | Bus-ID    |            |
|---------------------------------------------------------------------------------------------|
| 0   | NVIDIA GeForce RTX 5080          | Yes: 0 |     | 16303   MB | 10de      | 0          |
|     |                                  |        |     |            | 2c02      | ade2748e.. |
|     |                                  |        |     |            | 1         |            |
|=============================================================================================|
| OS: 24.04.2 LTS (Noble Numbat) ubuntu, Version: 24.04.2, Kernel: 6.8.0-136-generic
| Processor: Intel(R) Core(TM) Ultra 5 250KF Plus
| Cores: 18 | Logical Cores: 18
|---------------------------------------------------------------------------------------------|
| Total Memory (MB): 64006 | Free Memory: 50538
| Total Page/Swap (MB): 8191 | Free Page/Swap: 0
|---------------------------------------------------------------------------------------------|
2026-09-13T04:32:52Z [656ms] [Warning] [gpu.foundation.plugin] CPU performance profile is set to powersave. This profile sets the CPU to the lowest frequency reducing performance.
2026-09-13T04:32:52Z [668ms] [Warning] [gpu.foundation.plugin] IOMMU is enabled.
2026-09-13T04:32:52Z [1,011ms] [Warning] [carb.windowing-glfw.plugin] GLFW initialization failed.
2026-09-13T04:32:52Z [1,011ms] [Warning] [carb] Failed to startup plugin carb.windowing-glfw.plugin (interfaces: [carb::windowing::IGLContext v1.0],[carb::windowing::IWindowing v1.5]) (impl: carb.windowing-glfw.plugin)
2026-09-13T04:32:52Z [1,023ms] [Warning] [carb.windowing-glfw.plugin] GLFW initialization failed.
2026-09-13T04:32:52Z [1,023ms] [Warning] [carb] Failed to startup plugin carb.windowing-glfw.plugin (interfaces: [carb::windowing::IGLContext v1.0],[carb::windowing::IWindowing v1.5]) (impl: carb.windowing-glfw.plugin)
2026-09-13T04:32:52Z [1,030ms] [Warning] [carb.windowing-glfw.plugin] GLFW initialization failed.
2026-09-13T04:32:52Z [1,030ms] [Warning] [carb] Failed to startup plugin carb.windowing-glfw.plugin (interfaces: [carb::windowing::IGLContext v1.0],[carb::windowing::IWindowing v1.5]) (impl: carb.windowing-glfw.plugin)
2026-09-13T04:32:52Z [1,033ms] [Warning] [carb.windowing-glfw.plugin] GLFW initialization failed.
2026-09-13T04:32:52Z [1,033ms] [Warning] [carb] Failed to startup plugin carb.windowing-glfw.plugin (interfaces: [carb::windowing::IGLContext v1.0],[carb::windowing::IWindowing v1.5]) (impl: carb.windowing-glfw.plugin)
2026-09-13T04:32:52Z [1,034ms] [Warning] [carb.windowing-glfw.plugin] GLFW initialization failed.
2026-09-13T04:32:52Z [1,034ms] [Warning] [carb] Failed to startup plugin carb.windowing-glfw.plugin (interfaces: [carb::windowing::IGLContext v1.0],[carb::windowing::IWindowing v1.5]) (impl: carb.windowing-glfw.plugin)
2026-09-13T04:32:52Z [1,035ms] [Warning] [carb.windowing-glfw.plugin] GLFW initialization failed.
2026-09-13T04:32:52Z [1,035ms] [Warning] [carb] Failed to startup plugin carb.windowing-glfw.plugin (interfaces: [carb::windowing::IGLContext v1.0],[carb::windowing::IWindowing v1.5]) (impl: carb.windowing-glfw.plugin)
[go2-eval] telemetry enabled: out=/workspace/_keep/GO2_G_A028_P1/evaluation/pilot/slope_plus_20_seed_303 steps=1000
[INFO][AppLauncher]: Using device: cuda:0
[INFO][AppLauncher]: Loading experience file: /workspace/IsaacLab/apps/isaaclab.python.headless.rendering.kit
[INFO]: Parsing configuration from: go2_task.env_cfg:QuadrupedRoughEnvCfg
[Quadruped:student] 6 reward 항목 로드
  [OK] track_lin_vel_xy_exp.weight = 1.2
  [OK] feet_air_time.weight = 0.2
  [OK] lin_vel_z_l2.weight = -2
  [OK] ang_vel_xy_l2.weight = -0.05
  [OK] action_rate_l2.weight = -0.01
  [OK] flat_orientation_l2.weight = 0.0
[Quadruped:student] terrain override - boxes ≤0.15m
[INFO]: Parsing configuration from: go2_task.agent_cfg:QuadrupedPPORunnerCfg
[WARNING]: The `policy` configuration is deprecated for rsl-rl >= 4.0.0. Please use, e.g., `actor` and `critic` model configurations instead.
[WARNING]: The `empirical_normalization` parameter is deprecated. Please set `actor_obs_normalization` and `critic_obs_normalization` as part of the `policy` configuration instead.
[WARNING]: The `policy` configuration is used to infer the `actor` model configuration.
[WARNING]: The `policy` configuration is used to infer the `critic` model configuration.
[WARNING]: The `distribution_cfg` configuration is now used to specify the output distribution for stochastic policies. Consider updating the configuration to use `distribution_cfg` instead of `stochastic`, `init_noise_std`, `noise_std_type`, and `state_dependent_std` parameters.
[INFO] Loading experiment from directory: /workspace/GO2_G_A028_P1/pilot/logs/rsl_rl/quadruped

[36m======================================================================================[0m
[36m[1m[INFO][IsaacLab]: Logging to file: /tmp/isaaclab/logs/isaaclab_2026-09-13_13-32-58.log[0m
[36m======================================================================================[0m

[33m13:32:58 [simulation_context.py] WARNING: The `enable_external_forces_every_iteration` parameter in the PhysxCfg is set to False. If you are experiencing noisy velocities, consider enabling this flag. You may need to slightly increase the number of velocity iterations (setting it to 1 or 2 rather than 0), together with this flag, to improve the accuracy of velocity updates.[0m
2026-09-13T04:32:52Z [1,151ms] [Warning] [omni.log] Source: omni.hydra was already registered.
2026-09-13T04:32:53Z [1,333ms] [Warning] [carb] Acquiring non optional plugin interface which is not listed as dependency: [omni::physx::IPhysxBenchmarks v1.0] (plugin: <default plugin>), by client: omni.physics.physx.plugin. Add it to CARB_PLUGIN_IMPL_DEPS() macro of a client.
2026-09-13T04:32:53Z [1,336ms] [Warning] [omni.isaac.dynamic_control] omni.isaac.dynamic_control is deprecated as of Isaac Sim 4.5. No action is needed from end-users.
2026-09-13T04:32:54Z [2,550ms] [Warning] [pxr.Semantics] pxr.Semantics is deprecated - please use Semantics instead
2026-09-13T04:32:54Z [2,612ms] [Warning] [omni.graph.core.plugin] Found duplicate of category 'Replicator' - was 'Annotators', adding 'Fabric Reader'
2026-09-13T04:32:54Z [2,612ms] [Warning] [omni.graph.core.plugin] Category 'Replicator' not accepted on node type 'omni.replicator.core.FabricReader' in extension 'omni.replicator.core'
2026-09-13T04:32:54Z [2,613ms] [Warning] [omni.replicator.core.scripts.extension] No material configuration file, adding configuration to material settings directly.
2026-09-13T04:32:55Z [3,365ms] [Warning] [omni.kvdb.plugin] Disabling key-value database because another kit process is locking it
2026-09-13T04:32:56Z [4,790ms] [Warning] [omni.fabric.plugin] Warning: attribute viewPickingId not found for bucket id 7

2026-09-13T04:33:00Z [8,885ms] [Warning] [omni.hydra] Mesh '/__Prototype_5020945076074816532/mesh_0' has corrupted data in primvar 'st_1': buffer size 55278 doesn't match expected size 90402 in faceVarying primvars
2026-09-13T04:33:00Z [8,885ms] [Warning] [omni.hydra] Mesh '/__Prototype_5020945076074816532/mesh_0' has corrupted data in primvar 'st': buffer size 35124 doesn't match expected size 90402 in faceVarying primvars
2026-09-13T04:33:00Z [8,885ms] [Warning] [omni.hydra] Mesh '/__Prototype_7677181754714936218/mesh_0' has corrupted data in primvar 'st_1': buffer size 54198 doesn't match expected size 111120 in faceVarying primvars
2026-09-13T04:33:00Z [8,885ms] [Warning] [omni.hydra] Mesh '/__Prototype_7677181754714936218/mesh_0' has corrupted data in primvar 'st': buffer size 56922 doesn't match expected size 111120 in faceVarying primvars
2026-09-13T04:33:00Z [8,885ms] [Warning] [omni.hydra] Mesh '/__Prototype_17658574861032171226/mesh_0' has corrupted data in primvar 'st_1': buffer size 54198 doesn't match expected size 111120 in faceVarying primvars
2026-09-13T04:33:00Z [8,885ms] [Warning] [omni.hydra] Mesh '/__Prototype_17658574861032171226/mesh_0' has corrupted data in primvar 'st': buffer size 56922 doesn't match expected size 111120 in faceVarying primvars
2026-09-13T04:33:00Z [8,885ms] [Warning] [omni.hydra] Mesh '/__Prototype_13474969840495255918/mesh_0' has corrupted data in primvar 'st_1': buffer size 6960 doesn't match expected size 233784 in faceVarying primvars
2026-09-13T04:33:00Z [8,885ms] [Warning] [omni.hydra] Mesh '/__Prototype_13474969840495255918/mesh_0' has corrupted data in primvar 'st': buffer size 178533 doesn't match expected size 233784 in faceVarying primvars
2026-09-13T04:33:00Z [8,885ms] [Warning] [omni.hydra] Mesh '/__Prototype_13474969840495255918/mesh_0' has corrupted data in primvar 'st_4': buffer size 30390 doesn't match expected size 233784 in faceVarying primvars
2026-09-13T04:33:00Z [8,885ms] [Warning] [omni.hydra] Mesh '/__Prototype_13474969840495255918/mesh_0' has corrupted data in primvar 'st_3': buffer size 11886 doesn't match expected size 233784 in faceVarying primvars
2026-09-13T04:33:00Z [8,885ms] [Warning] [omni.hydra] Mesh '/__Prototype_13474969840495255918/mesh_0' has corrupted data in primvar 'st_2': buffer size 6015 doesn't match expected size 233784 in faceVarying primvars
2026-09-13T04:33:00Z [8,886ms] [Warning] [omni.hydra] Mesh '/__Prototype_17657579462717289149/mesh_0' has corrupted data in primvar 'st_1': buffer size 54198 doesn't match expected size 111120 in faceVarying primvars
2026-09-13T04:33:00Z [8,886ms] [Warning] [omni.hydra] Mesh '/__Prototype_3472759832488839835/mesh_0' has corrupted data in primvar 'st_1': buffer size 54198 doesn't match expected size 111120 in faceVarying primvars
[INFO]: Base environment:
	Environment device    : cuda:0
	Environment seed      : 303
	Physics step-size     : 0.005
	Rendering step-size   : 0.02
	Environment step-size : 0.02
[INFO] Generating terrains randomly took : 0.014159 seconds
[INFO]: Time taken for scene creation : 1.292147 seconds
[INFO]: Scene manager:  <class InteractiveScene>
	Number of environments: 4
	Environment spacing   : 2.5
	Source prim name      : /World/envs/env_0
	Global prim paths     : ['/World/ground']
	Replicate physics     : True
[INFO]: Starting the simulation. This may take a few seconds. Please wait...
[INFO]: Time taken for simulation start : 1.093677 seconds
[33m13:33:01 [velocity_command.py] WARNING: The velocity command has the 'ranges.heading' attribute set to '(-3.141592653589793, 3.141592653589793)' but the heading command is not active. Consider setting the flag for the heading command to True.[0m
/workspace/IsaacLab/_isaac_sim/kit/python/lib/python3.11/site-packages/rsl_rl/utils/utils.py:220: UserWarning: The observation configuration dictionary 'obs_groups' is empty and thus likely not configured. Consider configuring the 'obs_groups' dictionary explicitly
  warnings.warn(
/workspace/IsaacLab/_isaac_sim/kit/python/lib/python3.11/site-packages/rsl_rl/utils/utils.py:251: UserWarning: The observation configuration dictionary 'obs_groups' does not contain the 'actor' key. As an observation group with the name 'policy' was found, this is assumed to be the appropriate observation. Consider adding the 'actor' key to the 'obs_groups' dictionary for clarity. This behavior will be removed in a future version.
  warnings.warn(
/workspace/IsaacLab/_isaac_sim/kit/python/lib/python3.11/site-packages/rsl_rl/utils/utils.py:251: UserWarning: The observation configuration dictionary 'obs_groups' does not contain the 'critic' key. As an observation group with the name 'policy' was found, this is assumed to be the appropriate observation. Consider adding the 'critic' key to the 'obs_groups' dictionary for clarity. This behavior will be removed in a future version.
  warnings.warn(
2026-09-13T04:33:00Z [8,886ms] [Warning] [omni.hydra] Mesh '/__Prototype_17657579462717289149/mesh_0' has corrupted data in primvar 'st': buffer size 56922 doesn't match expected size 111120 in faceVarying primvars
2026-09-13T04:33:00Z [8,886ms] [Warning] [omni.hydra] Mesh '/__Prototype_422667710062656741/mesh_0' has corrupted data in primvar 'st_1': buffer size 19536 doesn't match expected size 25806 in faceVarying primvars
2026-09-13T04:33:00Z [8,886ms] [Warning] [omni.hydra] Mesh '/__Prototype_3472759832488839835/mesh_0' has corrupted data in primvar 'st': buffer size 56922 doesn't match expected size 111120 in faceVarying primvars
2026-09-13T04:33:00Z [8,886ms] [Warning] [omni.hydra] Mesh '/__Prototype_9249459249493537703/mesh_0' has corrupted data in primvar 'st_1': buffer size 19536 doesn't match expected size 25806 in faceVarying primvars
2026-09-13T04:33:00Z [8,886ms] [Warning] [omni.hydra] Mesh '/__Prototype_422667710062656741/mesh_0' has corrupted data in primvar 'st': buffer size 6270 doesn't match expected size 25806 in faceVarying primvars
2026-09-13T04:33:00Z [8,886ms] [Warning] [omni.hydra] Mesh '/__Prototype_9249459249493537703/mesh_0' has corrupted data in primvar 'st': buffer size 6270 doesn't match expected size 25806 in faceVarying primvars
2026-09-13T04:33:00Z [8,886ms] [Warning] [omni.hydra] Mesh '/__Prototype_11920163974880798964/mesh_0' has corrupted data in primvar 'st_1': buffer size 19536 doesn't match expected size 25806 in faceVarying primvars
2026-09-13T04:33:00Z [8,886ms] [Warning] [omni.hydra] Mesh '/__Prototype_17365619108587152245/mesh_0' has corrupted data in primvar 'st_1': buffer size 55254 doesn't match expected size 90378 in faceVarying primvars
2026-09-13T04:33:00Z [8,886ms] [Warning] [omni.hydra] Mesh '/__Prototype_11920163974880798964/mesh_0' has corrupted data in primvar 'st': buffer size 6270 doesn't match expected size 25806 in faceVarying primvars
2026-09-13T04:33:00Z [8,886ms] [Warning] [omni.hydra] Mesh '/__Prototype_17365619108587152245/mesh_0' has corrupted data in primvar 'st': buffer size 35124 doesn't match expected size 90378 in faceVarying primvars
2026-09-13T04:33:00Z [8,886ms] [Warning] [omni.hydra] Mesh '/__Prototype_9361768168784622320/mesh_0' has corrupted data in primvar 'st_1': buffer size 55254 doesn't match expected size 90378 in faceVarying primvars
2026-09-13T04:33:00Z [8,886ms] [Warning] [omni.hydra] Mesh '/__Prototype_9361768168784622320/mesh_0' has corrupted data in primvar 'st': buffer size 35124 doesn't match expected size 90378 in faceVarying primvars
2026-09-13T04:33:00Z [8,886ms] [Warning] [omni.hydra] Mesh '/__Prototype_13322334623641367634/mesh_0' has corrupted data in primvar 'st_1': buffer size 55278 doesn't match expected size 90402 in faceVarying primvars
2026-09-13T04:33:00Z [8,886ms] [Warning] [omni.hydra] Mesh '/__Prototype_13322334623641367634/mesh_0' has corrupted data in primvar 'st': buffer size 35124 doesn't match expected size 90402 in faceVarying primvars
2026-09-13T04:33:00Z [8,886ms] [Warning] [omni.hydra] Mesh '/__Prototype_4988299400318642876/mesh_0' has corrupted data in primvar 'st_1': buffer size 19536 doesn't match expected size 25806 in faceVarying primvars
2026-09-13T04:33:00Z [8,886ms] [Warning] [omni.hydra] Mesh '/__Prototype_4988299400318642876/mesh_0' has corrupted data in primvar 'st': buffer size 6270 doesn't match expected size 25806 in faceVarying primvars
2026-09-13T04:33:01Z [9,728ms] [Warning] [omni.physx.fabric.plugin] FabricManager::initializePointInstancer mismatched prototypes on point instancer: /Visuals/Command/velocity_goal.
2026-09-13T04:33:01Z [9,728ms] [Warning] [omni.physx.fabric.plugin] FabricManager::initializePointInstancer mismatched prototypes on point instancer: /Visuals/Command/velocity_current.
2026-09-13T04:33:02Z [10,584ms] [Warning] [omni.physx.fabric.plugin] FabricManager::initializePointInstancer mismatched prototypes on point instancer: /Visuals/Command/velocity_current.
2026-09-13T04:33:02Z [10,585ms] [Warning] [omni.physx.fabric.plugin] FabricManager::initializePointInstancer mismatched prototypes on point instancer: /Visuals/Command/velocity_goal.
[INFO] Command Manager:  <CommandManager> contains 1 active terms.
+------------------------------------------------+
|              Active Command Terms              |
+-------+---------------+------------------------+
| Index | Name          |          Type          |
+-------+---------------+------------------------+
|   0   | base_velocity | UniformVelocityCommand |
+-------+---------------+------------------------+

[INFO] Event Manager:  <EventManager> contains 2 active terms.
+--------------------------------------+
| Active Event Terms in Mode: 'startup' |
+----------+---------------------------+
|  Index   | Name                      |
+----------+---------------------------+
|    0     | physics_material          |
|    1     | add_base_mass             |
+----------+---------------------------+
+---------------------------------------+
|  Active Event Terms in Mode: 'reset'  |
+--------+------------------------------+
| Index  | Name                         |
+--------+------------------------------+
|   0    | base_external_force_torque   |
|   1    | reset_base                   |
|   2    | reset_robot_joints           |
+--------+------------------------------+

[INFO] Recorder Manager:  <RecorderManager> contains 0 active terms.
+---------------------+
| Active Recorder Terms |
+-----------+---------+
|   Index   | Name    |
+-----------+---------+
+-----------+---------+

[INFO] Action Manager:  <ActionManager> contains 1 active terms.
+------------------------------------+
|  Active Action Terms (shape: 12)   |
+--------+-------------+-------------+
| Index  | Name        |   Dimension |
+--------+-------------+-------------+
|   0    | joint_pos   |          12 |
+--------+-------------+-------------+

[INFO] Observation Manager: <ObservationManager> contains 1 groups.
+----------------------------------------------------------+
| Active Observation Terms in Group: 'policy' (shape: (235,)) |
+-----------+--------------------------------+-------------+
|   Index   | Name                           |    Shape    |
+-----------+--------------------------------+-------------+
|     0     | base_lin_vel                   |     (3,)    |
|     1     | base_ang_vel                   |     (3,)    |
|     2     | projected_gravity              |     (3,)    |
|     3     | velocity_commands              |     (3,)    |
|     4     | joint_pos                      |    (12,)    |
|     5     | joint_vel                      |    (12,)    |
|     6     | actions                        |    (12,)    |
|     7     | height_scan                    |    (187,)   |
+-----------+--------------------------------+-------------+

[INFO] Termination Manager:  <TerminationManager> contains 2 active terms.
+---------------------------------+
|     Active Termination Terms    |
+-------+--------------+----------+
| Index | Name         | Time Out |
+-------+--------------+----------+
|   0   | time_out     |   True   |
|   1   | base_contact |  False   |
+-------+--------------+----------+

[INFO] Reward Manager:  <RewardManager> contains 10 active terms.
+-----------------------------------------+
|           Active Reward Terms           |
+-------+----------------------+----------+
| Index | Name                 |   Weight |
+-------+----------------------+----------+
|   0   | track_lin_vel_xy_exp |      1.2 |
|   1   | track_ang_vel_z_exp  |     0.75 |
|   2   | lin_vel_z_l2         |     -2.0 |
|   3   | ang_vel_xy_l2        |    -0.05 |
|   4   | dof_torques_l2       |  -0.0002 |
|   5   | dof_acc_l2           | -2.5e-07 |
|   6   | action_rate_l2       |    -0.01 |
|   7   | feet_air_time        |      0.2 |
|   8   | flat_orientation_l2  |      0.0 |
|   9   | dof_pos_limits       |      0.0 |
+-------+----------------------+----------+

[INFO] Curriculum Manager:  <CurriculumManager> contains 0 active terms.
+----------------------+
| Active Curriculum Terms |
+-----------+----------+
|   Index   | Name     |
+-----------+----------+
+-----------+----------+

[INFO]: Completed setting up the environment...
[INFO] Recording videos during training.
        video_folder: /workspace/GO2_G_A028_P1/pilot/exported/videos/play
        step_trigger: lambda step: step == 0
        video_length: 1000
        disable_logger: True
[INFO]: Loading model checkpoint from: /workspace/GO2_G_A028_P1/pilot/exported/model_best.pt
--------------------------------------------------------------------------------
Resolved observation sets: 
	 actor :  ['policy']
	 critic :  ['policy']
--------------------------------------------------------------------------------
Actor Model: MLPModel(
  (obs_normalizer): Identity()
  (distribution): GaussianDistribution()
  (mlp): MLP(
    (0): Linear(in_features=235, out_features=512, bias=True)
    (1): ELU(alpha=1.0)
    (2): Linear(in_features=512, out_features=256, bias=True)
    (3): ELU(alpha=1.0)
    (4): Linear(in_features=256, out_features=128, bias=True)
    (5): ELU(alpha=1.0)
    (6): Linear(in_features=128, out_features=12, bias=True)
  )
)
Critic Model: MLPModel(
  (obs_normalizer): Identity()
  (mlp): MLP(
    (0): Linear(in_features=235, out_features=512, bias=True)
    (1): ELU(alpha=1.0)
    (2): Linear(in_features=512, out_features=256, bias=True)
    (3): ELU(alpha=1.0)
    (4): Linear(in_features=256, out_features=128, bias=True)
    (5): ELU(alpha=1.0)
    (6): Linear(in_features=128, out_features=1, bias=True)
  )
)
2026-09-13T04:33:02Z [10,635ms] [Warning] [omni.syntheticdata.plugin] OgnSdPostRenderVarToHost : rendervar copy from texture directly to host buffer is counter-performant. Please use copy from texture to device buffer first.
2026-09-13T04:33:03Z [12,173ms] [Warning] [carb] Client gpu.foundation.plugin has acquired [gpu::unstable::IMemoryBudgetManagerFactory v0.1] 100 times. Consider accessing this interface with carb::getCachedInterface() (Performance warning)
[3gH    H    H    H    H    H    H    H    H    H    H    H    H    H    H    H    H    H    H    H    H    H    H  [INFO] Using python from: /workspace/IsaacLab/_isaac_sim/python.sh
[3gH    H    H    H    H    H    H    H    H    H    H    H    H    H    H    H    H    H    H    H    H    H    H  [INFO] Using python from: /workspace/IsaacLab/_isaac_sim/python.sh
