arm,layer,case,seed,env,channel,fall,early_h,ge2,trk_xy_rms,tilt_timer,h012_timer
A033,server,rough_lateral,101,0,none,0,0.33851610275513344,,0.3041379394178279,0,0
A033,server,rough_lateral,101,1,terminated,1,0.37762703352114735,,0.18395616144790564,1,0
A033,server,rough_lateral,101,2,terminated,1,,,0.47345780343937105,1,0
A033,server,rough_lateral,101,3,none,0,0.3937118550672888,,0.17505729853897473,0,0
A033,server,rough_lateral,101,4,terminated,1,0.3351602226814484,,0.19112918022230524,1,0
A033,server,rough_lateral,101,5,none,0,0.38725926412299355,,0.20657903177885886,0,0
A033,server,rough_lateral,101,6,terminated,1,0.35601051350965857,,0.25026025347165165,0,0
A033,server,rough_lateral,101,7,none,0,0.35094144924439213,,0.27805362470075523,0,0
A033,server,rough_lateral,101,8,terminated,1,0.359570032453792,,0.16118457457581745,1,0
A033,server,rough_lateral,101,9,none,0,0.39226929907174035,,0.218945219733811,0,0
A033,server,rough_lateral,101,10,terminated,1,,,0.22205610312288224,1,0
A033,server,rough_lateral,101,11,none,0,0.37204239290347074,,0.20459645075043464,0,0
A033,server,rough_lateral,101,12,terminated,1,0.2564879050229323,,0.30610331817508823,0,0
A033,server,rough_lateral,101,13,none,0,0.36137926068535464,,0.1935834055975417,0,0
A033,server,rough_lateral,101,14,none,0,0.3622789210017352,,0.15407135334971542,0,0
A033,server,rough_lateral,101,15,none,0,0.36213312668596365,,0.1713558740788574,0,0
A033,server,rough_lateral,101,16,none,0,0.3902647234698668,,0.20554626322295327,0,0
A033,server,rough_lateral,101,17,terminated,1,0.3882363302344307,,0.2098906171858697,0,0
A033,server,rough_lateral,101,18,terminated,1,0.35408994188920695,,0.2636440019580006,0,0
A033,server,rough_lateral,101,19,terminated,1,0.37883841616903396,,0.21356912269629774,1,0
A033,server,rough_lateral,101,20,tilt_or_both,1,0.39371369779109955,,0.1409813132789934,1,0
A033,server,rough_lateral,101,21,none,0,0.388235343411007,,0.2131992012001485,0,0
A033,server,rough_lateral,101,22,none,0,0.3794150388336437,,0.22252065479462133,0,0
A033,server,rough_lateral,101,23,terminated,1,0.329734114800545,,0.2532387058776826,1,0
A033,server,rough_lateral,101,24,terminated,1,0.24522968138602966,,0.2458473973647593,1,0
A033,server,rough_lateral,101,25,terminated,1,0.33729215197384677,,0.1429332212666271,1,0
A033,server,rough_lateral,101,26,terminated,1,,,0.6901398502734966,0,0
A033,server,rough_lateral,101,27,terminated,1,0.3376333286417997,,0.39192585323922996,1,0
A033,server,rough_lateral,101,28,terminated,1,0.3735159335926892,,0.2713073345733297,0,0
A033,server,rough_lateral,101,29,terminated,1,,,0.4629137121137438,1,0
A033,server,rough_lateral,101,30,terminated,1,0.3968602805373503,,0.18394171548308946,1,0
A033,server,rough_lateral,101,31,terminated,1,0.3857524524876141,,0.19399276823504982,1,0
A033,server,rough_lateral,202,0,terminated,1,0.34795744980082793,,0.22937161808652579,1,0
A033,server,rough_lateral,202,1,none,0,0.3631088412541119,,0.20156838192130924,0,0
A033,server,rough_lateral,202,2,none,0,0.38912816728181376,,0.14511722200930727,0,0
A033,server,rough_lateral,202,3,terminated,1,0.3619165521732626,,0.21545041585548486,1,0
A033,server,rough_lateral,202,4,none,0,0.3350205955339626,,0.23332865942268294,0,0
A033,server,rough_lateral,202,5,terminated,1,0.35993452824373295,,0.23930907668743695,0,0
A033,server,rough_lateral,202,6,terminated,1,0.3294440543747203,,0.2843196542429172,0,0
A033,server,rough_lateral,202,7,terminated,1,0.37756387220028254,,0.21381853408869153,0,0
A033,server,rough_lateral,202,8,terminated,1,,,,1,0
A033,server,rough_lateral,202,9,none,0,0.36013724021414384,,0.18568271703990466,0,0
A033,server,rough_lateral,202,10,terminated,1,0.3982941676429249,,0.1359995747113378,1,0
A033,server,rough_lateral,202,11,terminated,1,0.37134951600097715,,0.33785481333709017,1,0
A033,server,rough_lateral,202,12,terminated,1,0.34811646240280275,,0.23844128064008047,0,0
A033,server,rough_lateral,202,13,terminated,1,0.37545866300078,,0.22447057175992724,1,0
A033,server,rough_lateral,202,14,terminated,1,0.31256950937490413,,0.2613577485931732,1,0
A033,server,rough_lateral,202,15,terminated,1,0.30147879941259476,,0.18996490612969855,1,0
A033,server,rough_lateral,202,16,none,0,0.3803910970050383,,0.20576016919991233,0,0
A033,server,rough_lateral,202,17,terminated,1,0.3491223322994569,,0.21992317944768516,1,0
A033,server,rough_lateral,202,18,terminated,1,0.36495318028697354,,0.2541818647757785,0,0
A033,server,rough_lateral,202,19,none,0,0.3796687831375051,,0.19963499490014744,0,0
A033,server,rough_lateral,202,20,terminated,1,0.31084850032061817,,0.21324704251780494,1,0
A033,server,rough_lateral,202,21,terminated,1,0.379202492574957,,0.23699223803965497,1,0
A033,server,rough_lateral,202,22,none,0,0.3798997748025599,,0.16618771695290718,0,0
A033,server,rough_lateral,202,23,terminated,1,0.3415866122048169,,0.23606451949954013,1,0
A033,server,rough_lateral,202,24,none,0,0.40081260684021014,,0.20903994033597942,0,0
A033,server,rough_lateral,202,25,terminated,1,,,,1,0
A033,server,rough_lateral,202,26,none,0,0.3776597767908943,,0.1886186671084761,0,0
A033,server,rough_lateral,202,27,terminated,1,0.34000035443089227,,0.2282769065408355,1,0
A033,server,rough_lateral,202,28,none,0,0.3703510504674147,,0.21221356664393437,0,0
A033,server,rough_lateral,202,29,none,0,0.3786107594954139,,0.2134616157553964,0,0
A033,server,rough_lateral,202,30,none,0,0.325532761965206,,0.3232497768299578,0,0
A033,server,rough_lateral,202,31,terminated,1,,,0.12832056379582635,1,0
A033,server,rough_lateral,303,0,terminated,1,0.3714589521209186,,0.22743364162391685,0,0
A033,server,rough_lateral,303,1,terminated,1,0.3781283218911625,,0.18171197239324657,1,0
A033,server,rough_lateral,303,2,terminated,1,0.3713401301021882,,0.22287364723627906,1,0
A033,server,rough_lateral,303,3,terminated,1,,,,1,0
A033,server,rough_lateral,303,4,terminated,1,0.39464919085808614,,0.1944174321070588,1,0
A033,server,rough_lateral,303,5,none,0,0.3526979088783264,,0.23334569709092642,0,0
A033,server,rough_lateral,303,6,none,0,0.3946188068326144,,0.16918760524984439,0,0
A033,server,rough_lateral,303,7,none,0,0.37953529877458664,,0.16960405645269166,0,0
A033,server,rough_lateral,303,8,none,0,0.37547569391242963,,0.22428525704327767,0,0
A033,server,rough_lateral,303,9,none,0,0.37632280588150024,,0.1489823406096942,0,0
A033,server,rough_lateral,303,10,terminated,1,0.3956069817198789,,0.1715180934408805,1,0
A033,server,rough_lateral,303,11,terminated,1,0.36071808819464823,,0.16299196908214136,1,0
A033,server,rough_lateral,303,12,none,0,0.37239166767520704,,0.20061678825614612,0,0
A033,server,rough_lateral,303,13,terminated,1,0.38767839035885854,,0.25624497607812063,0,0
A033,server,rough_lateral,303,14,terminated,1,,,,1,0
A033,server,rough_lateral,303,15,none,0,0.36097070128522457,,0.21323006324660332,0,0
A033,server,rough_lateral,303,16,terminated,1,,,0.7195079222647423,1,0
A033,server,rough_lateral,303,17,terminated,1,0.3547917261799389,,0.15115513639244546,1,0
A033,server,rough_lateral,303,18,terminated,1,0.2838973344806681,,0.22914137187766703,1,0
A033,server,rough_lateral,303,19,terminated,1,0.3475277780052175,,0.39876062575610205,0,0
A033,server,rough_lateral,303,20,terminated,1,0.34690783599162484,,0.24237266661241105,1,0
A033,server,rough_lateral,303,21,none,0,0.36518396126395236,,0.23205499428400658,0,0
A033,server,rough_lateral,303,22,none,0,0.37255365995162315,,0.21586596426013044,0,0
A033,server,rough_lateral,303,23,terminated,1,,,0.243314668560341,1,0
A033,server,rough_lateral,303,24,none,0,0.389879386453705,,0.19449350306022983,0,0
A033,server,rough_lateral,303,25,none,0,0.32774288904539406,,0.21395387993904114,0,0
A033,server,rough_lateral,303,26,terminated,1,0.363692247373535,,0.17735738122768174,1,0
A033,server,rough_lateral,303,27,terminated,1,0.28029935038026005,,0.2918990255953719,1,0
A033,server,rough_lateral,303,28,none,0,0.334997790462193,,0.22995721342176903,0,0
A033,server,rough_lateral,303,29,none,0,0.3457584610597335,,0.23144392675161507,0,0
A033,server,rough_lateral,303,30,terminated,1,0.36741523723551295,,0.18443341343924224,1,0
A033,server,rough_lateral,303,31,terminated,1,0.38133995378399915,,0.13763567418085765,1,0
A033,server,rough_forward,101,0,none,0,0.34199127411459856,,0.16836091154333574,0,0
A033,server,rough_forward,101,1,none,0,0.35848601082748266,,0.43334685945556617,0,0
A033,server,rough_forward,101,2,none,0,0.2955350255902438,,0.11491390421169384,0,0
A033,server,rough_forward,101,3,none,0,0.34369012259225795,,0.4443565337249705,0,0
A033,server,rough_forward,101,4,none,0,0.35314916759570014,,0.13040339866511988,0,0
A033,server,rough_forward,101,5,none,0,0.326482437989291,,0.18951345045591322,0,0
A033,server,rough_forward,101,6,none,0,0.3390149728340261,,0.1673635605933996,0,0
A033,server,rough_forward,101,7,none,0,0.3434789977609155,,0.1766225028189894,0,0
A033,server,rough_forward,101,8,none,0,0.32685987826655893,,0.24181908530490137,0,0
A033,server,rough_forward,101,9,none,0,0.3574252099117493,,0.266346083074783,0,0
A033,server,rough_forward,101,10,none,0,0.3172581984716303,,0.08444065782472371,0,0
A033,server,rough_forward,101,11,none,0,0.3455973790291159,,0.17251511639824832,0,0
A033,server,rough_forward,101,12,none,0,0.3423048034708768,,0.23355302246092602,0,0
A033,server,rough_forward,101,13,none,0,0.35662160256010966,,0.13444519826636536,0,0
A033,server,rough_forward,101,14,none,0,0.3639624544324722,,0.35014007144164117,0,0
A033,server,rough_forward,101,15,none,0,0.3437746830961921,,0.20960542028627674,0,0
A033,server,rough_forward,101,16,none,0,0.35283473779492197,,0.3323086218529272,0,0
A033,server,rough_forward,101,17,none,0,0.3607616588712376,,0.21149292030138928,0,0
A033,server,rough_forward,101,18,none,0,0.3150503858525485,,0.14315757231597612,0,0
A033,server,rough_forward,101,19,none,0,0.3329017536844162,,0.3510061074573002,0,0
A033,server,rough_forward,101,20,none,0,0.33666495851335676,,0.48135264857790805,0,0
A033,server,rough_forward,101,21,none,0,0.33418069054736177,,0.19625272704190694,0,0
A033,server,rough_forward,101,22,none,0,0.3544137305754391,,0.12928373805819432,0,0
A033,server,rough_forward,101,23,tilt_or_both,1,0.36051954950559584,,0.2989267161584876,1,0
A033,server,rough_forward,101,24,none,0,0.33440721632643816,,0.14252800837059934,0,0
A033,server,rough_forward,101,25,none,0,0.32727656126978566,,0.3715688323897438,0,0
A033,server,rough_forward,101,26,none,0,0.34931747607368835,,0.12320060640395718,0,0
A033,server,rough_forward,101,27,none,0,0.34703336727810413,,0.1702956136639383,0,0
A033,server,rough_forward,101,28,none,0,0.34209236964822454,,0.16795121709596117,0,0
A033,server,rough_forward,101,29,none,0,0.32843091757221016,,0.12961683316021855,0,0
A033,server,rough_forward,101,30,none,0,0.33273110574579495,,0.24083743328775978,0,0
A033,server,rough_forward,101,31,none,0,0.3310717477358599,,0.1171214351235948,0,0
A033,server,rough_forward,202,0,none,0,0.33424970977765356,,0.20448326267301165,0,0
A033,server,rough_forward,202,1,none,0,0.3302772720070446,,0.09848631697058055,0,0
A033,server,rough_forward,202,2,none,0,0.3100191786646206,,0.1540746133854822,0,0
A033,server,rough_forward,202,3,none,0,0.3505840840186665,,0.40126618313357326,0,0
A033,server,rough_forward,202,4,none,0,0.37207218948851295,,0.1714031518327501,0,0
A033,server,rough_forward,202,5,none,0,0.33887088888469225,,0.12813905305454068,0,0
A033,server,rough_forward,202,6,none,0,0.3562234969221972,,0.1077653545315837,0,0
A033,server,rough_forward,202,7,none,0,0.31772715076405733,,0.21602184508339473,0,0
A033,server,rough_forward,202,8,none,0,0.33143510888604555,,0.34965644062131285,0,0
A033,server,rough_forward,202,9,none,0,0.3526686530380963,,0.31040579053235545,0,0
A033,server,rough_forward,202,10,none,0,0.3014227152667581,,0.34112402210676507,0,0
A033,server,rough_forward,202,11,none,0,0.3359892833679118,,0.14922809029507958,0,0
A033,server,rough_forward,202,12,none,0,0.34325751622411654,,0.11016015379751654,0,0
A033,server,rough_forward,202,13,none,0,0.3641597081951916,,0.32901615035627796,0,0
A033,server,rough_forward,202,14,none,0,0.32960511855581864,,0.3349483229181351,0,0
A033,server,rough_forward,202,15,none,0,0.31961107588706805,,0.1124142174454133,0,0
A033,server,rough_forward,202,16,none,0,0.36149730099076255,,0.21100975922021029,0,0
A033,server,rough_forward,202,17,none,0,0.34301271532627353,,0.1250523176745777,0,0
A033,server,rough_forward,202,18,none,0,0.35008645432199387,,0.16661300228625248,0,0
A033,server,rough_forward,202,19,none,0,0.33453565047067757,,0.22238162170301282,0,0
A033,server,rough_forward,202,20,none,0,0.32353392339007736,,0.2677000469127395,0,0
A033,server,rough_forward,202,21,none,0,0.3613766535399432,,0.1446288546997591,0,0
A033,server,rough_forward,202,22,none,0,0.3343553637916391,,0.11911112279248678,0,0
A033,server,rough_forward,202,23,none,0,0.29415170505722577,,0.3157859996856195,0,0
A033,server,rough_forward,202,24,none,0,0.31525412656087926,,0.31536957508094854,0,0
A033,server,rough_forward,202,25,none,0,0.35899758251274333,,0.09715213531999126,0,0
A033,server,rough_forward,202,26,none,0,0.37154373120177875,,0.2163217607390258,0,0
A033,server,rough_forward,202,27,none,0,0.32420980037852404,,0.11025835770791223,0,0
A033,server,rough_forward,202,28,none,0,0.3422140182658313,,0.16676229144805688,0,0
A033,server,rough_forward,202,29,none,0,0.3344428422138653,,0.14532623429969294,0,0
A033,server,rough_forward,202,30,none,0,0.3008860828564129,,0.17533272054884022,0,0
A033,server,rough_forward,202,31,none,0,0.3338923793744276,,0.11186404528143962,0,0
A033,server,rough_forward,303,0,none,0,0.34963826699690387,,0.4179654254449266,0,0
A033,server,rough_forward,303,1,terminated,1,0.3227420066767198,,0.23246890922248464,0,0
A033,server,rough_forward,303,2,none,0,0.32582934240606376,,0.2562365117579075,0,0
A033,server,rough_forward,303,3,none,0,0.3604785662124501,,0.24024899529754243,0,0
A033,server,rough_forward,303,4,terminated,1,0.3389257689848303,,0.33825825755742467,1,0
A033,server,rough_forward,303,5,none,0,0.34233628229342683,,0.17818151160825185,0,0
A033,server,rough_forward,303,6,none,0,0.32912741649278343,,0.22673747215805448,0,0
A033,server,rough_forward,303,7,none,0,0.32361434121182897,,0.1458034377449428,0,0
A033,server,rough_forward,303,8,none,0,0.341047096618994,,0.15825830719820203,0,0
A033,server,rough_forward,303,9,none,0,0.3425179838656104,,0.1330698935597864,0,0
A033,server,rough_forward,303,10,none,0,0.3630601132617277,,0.12789055060501917,0,0
A033,server,rough_forward,303,11,none,0,0.35185295741825817,,0.13044299869855316,0,0
A033,server,rough_forward,303,12,none,0,0.33508763219264737,,0.23561773716198067,0,0
A033,server,rough_forward,303,13,none,0,0.3055229300164921,,0.4861550292212993,0,0
A033,server,rough_forward,303,14,none,0,0.30583195515813677,,0.13298525842360243,0,0
A033,server,rough_forward,303,15,none,0,0.32521713011086306,,0.3611086255742533,0,0
A033,server,rough_forward,303,16,none,0,0.3300961180326135,,0.30378484142983986,0,0
A033,server,rough_forward,303,17,none,0,0.34048250373353295,,0.1980021400647222,0,0
A033,server,rough_forward,303,18,none,0,0.32995878837325354,,0.10492633885566009,0,0
A033,server,rough_forward,303,19,none,0,0.3280215514375564,,0.11816021999029318,0,0
A033,server,rough_forward,303,20,none,0,0.3408803413099146,,0.37216358445826325,0,0
A033,server,rough_forward,303,21,terminated,1,0.36073900384698965,,0.39407175567748204,1,0
A033,server,rough_forward,303,22,none,0,0.38210146400061523,,0.20540131463463815,0,0
A033,server,rough_forward,303,23,none,0,0.3698575404238573,,0.16758524777203265,0,0
A033,server,rough_forward,303,24,none,0,0.35052095831715485,,0.24700205720456694,0,0
A033,server,rough_forward,303,25,none,0,0.35457360824161677,,0.21938555487006522,0,0
A033,server,rough_forward,303,26,none,0,0.33766721085431106,,0.2073577530947109,0,0
A033,server,rough_forward,303,27,none,0,0.33879006897064456,,0.35837100548330586,0,0
A033,server,rough_forward,303,28,none,0,0.35168023391522185,,0.22988634211634434,0,0
A033,server,rough_forward,303,29,none,0,0.33577012418106916,,0.26491339662150765,0,0
A033,server,rough_forward,303,30,none,0,0.35508275932487954,,0.09185183768238596,0,0
A033,server,rough_forward,303,31,none,0,0.3396393983440603,,0.09792491786029019,0,0
A033,server,stairs_10_down,101,0,none,0,0.32927502954707427,0,0.46705866656628753,0,0
A033,server,stairs_10_down,101,1,none,0,0.3290741642050565,1,0.4502174633773377,0,0
A033,server,stairs_10_down,101,2,height_only,1,0.34279255975376477,0,0.48116539752896426,0,0
A033,server,stairs_10_down,101,3,none,0,0.3467213415844555,0,0.5020499187675876,0,0
A033,server,stairs_10_down,101,4,none,0,0.3447763317409046,1,0.4448672683102491,0,0
A033,server,stairs_10_down,101,5,none,0,0.37778339435391245,0,0.4534548310379433,0,0
A033,server,stairs_10_down,101,6,none,0,0.3821188621820613,0,0.43940796306925844,0,0
A033,server,stairs_10_down,101,7,none,0,0.3743303375926247,0,0.43151339389796906,0,0
A033,server,stairs_10_down,101,8,none,0,0.3645351292455898,1,0.4350623212568466,0,0
A033,server,stairs_10_down,101,9,none,0,0.3779639906105511,0,0.47550294255153047,0,0
A033,server,stairs_10_down,101,10,none,0,0.35302491358575977,1,0.41103988068460756,0,0
A033,server,stairs_10_down,101,11,none,0,0.32211308882516976,0,0.483856068956447,0,0
A033,server,stairs_10_down,101,12,none,0,0.33648130839521234,1,0.44479043297408655,0,0
A033,server,stairs_10_down,101,13,none,0,0.34129372047868006,1,0.45509436108192686,0,0
A033,server,stairs_10_down,101,14,none,0,0.3182281898782853,0,0.553830166989461,0,0
A033,server,stairs_10_down,101,15,none,0,0.3781127853986414,0,0.45733935987916663,0,0
A033,server,stairs_10_down,101,16,none,0,0.36351510173177976,1,0.4417180202477554,0,0
A033,server,stairs_10_down,101,17,none,0,0.3155523410296058,1,0.46781389242789334,0,0
A033,server,stairs_10_down,101,18,none,0,0.3213314421992889,1,0.4882466122328582,0,0
A033,server,stairs_10_down,101,19,none,0,0.3733271137278348,0,0.4594219203476004,0,0
A033,server,stairs_10_down,101,20,none,0,0.3755116959944128,1,0.4313779456575082,0,0
A033,server,stairs_10_down,101,21,none,0,0.3451654926181477,0,0.4684394615708965,0,0
A033,server,stairs_10_down,101,22,height_only,1,0.34825883128426294,0,0.44833025048053377,0,0
A033,server,stairs_10_down,101,23,none,0,0.3165566720427039,1,0.4520896648595061,0,0
A033,server,stairs_10_down,101,24,none,0,0.3127479653626202,1,0.4445441690703677,0,0
A033,server,stairs_10_down,101,25,none,0,0.35451935375119276,1,0.44018703342898874,0,0
A033,server,stairs_10_down,101,26,height_only,1,0.34317853895419426,0,0.4316093670690229,0,0
A033,server,stairs_10_down,101,27,terminated,1,0.26748785559825083,0,0.43186537629667904,1,0
A033,server,stairs_10_down,101,28,none,0,0.3399897487883899,0,0.4648275829593212,0,0
A033,server,stairs_10_down,101,29,none,0,0.30726084909974577,1,0.4562201828543744,0,0
A033,server,stairs_10_down,101,30,none,0,0.3780535167870037,1,0.35775923532898113,0,0
A033,server,stairs_10_down,101,31,none,0,0.34801565190368794,1,0.4356245310133018,0,0
A033,server,stairs_10_down,202,0,height_only,1,0.2912217757918618,0,0.47070161329488,0,0
A033,server,stairs_10_down,202,1,none,0,0.3129481974451299,1,0.4849436000029387,0,0
A033,server,stairs_10_down,202,2,none,0,0.3706722620496138,1,0.3964971827789683,0,0
A033,server,stairs_10_down,202,3,none,0,0.35070078720383463,0,0.4734917520619515,0,0
A033,server,stairs_10_down,202,4,none,0,0.37397170473228797,0,0.44017053817425267,0,0
A033,server,stairs_10_down,202,5,none,0,0.3051781029624735,1,0.2918951622320739,0,0
A033,server,stairs_10_down,202,6,height_only,1,0.31743126023899426,0,0.4093510856947271,0,1
A033,server,stairs_10_down,202,7,height_only,1,0.3176312027449276,0,0.2631137331928197,0,0
A033,server,stairs_10_down,202,8,height_only,1,0.33209294957273144,1,0.37785618128812665,0,0
A033,server,stairs_10_down,202,9,none,0,0.35581641895248295,1,0.42340370035973046,0,0
A033,server,stairs_10_down,202,10,none,0,0.3706870961157396,1,0.4208488849889456,0,0
A033,server,stairs_10_down,202,11,height_only,1,0.36044657078975023,1,0.15757598907370182,0,0
A033,server,stairs_10_down,202,12,height_only,1,0.33466987574801726,0,0.2803207150149351,0,1
A033,server,stairs_10_down,202,13,height_only,1,0.36655655144688915,0,0.2912480028632942,0,1
A033,server,stairs_10_down,202,14,height_only,1,0.34748082691654164,0,0.12349355223573434,0,0
A033,server,stairs_10_down,202,15,none,0,0.3492112164510125,1,0.4447458114825573,0,0
A033,server,stairs_10_down,202,16,none,0,0.361072434221997,0,0.4747485603848727,0,0
A033,server,stairs_10_down,202,17,none,0,0.3359011135955546,1,0.4601687588351568,0,0
A033,server,stairs_10_down,202,18,height_only,1,0.3469281500195437,0,0.18485808485633845,0,0
A033,server,stairs_10_down,202,19,none,0,0.3492571665322717,0,0.4970526813968017,0,0
A033,server,stairs_10_down,202,20,terminated,1,0.3473024477455068,0,0.39960719326890976,0,0
A033,server,stairs_10_down,202,21,height_only,1,0.3685548571660557,1,0.3527669924750703,0,1
A033,server,stairs_10_down,202,22,none,0,0.31537502621584396,0,0.5126328104530583,0,0
A033,server,stairs_10_down,202,23,height_only,1,0.33491605552122555,1,0.2271389413172372,0,1
A033,server,stairs_10_down,202,24,none,0,0.30895672603086993,0,0.4649260933085643,0,0
A033,server,stairs_10_down,202,25,tilt_or_both,1,0.29812012644693814,0,0.4141239501304973,1,0
A033,server,stairs_10_down,202,26,none,0,0.3647762521862346,0,0.4607988926276352,0,0
A033,server,stairs_10_down,202,27,none,0,0.34881941264963406,0,0.44745047116273773,0,0
A033,server,stairs_10_down,202,28,none,0,0.36556709577693025,1,0.4489295885056908,0,0
A033,server,stairs_10_down,202,29,none,0,0.32991853675102806,0,0.4688657016287522,0,0
A033,server,stairs_10_down,202,30,height_only,1,0.3411258938000164,1,0.3675712438010172,0,0
A033,server,stairs_10_down,202,31,terminated,1,0.33789137603446123,0,0.3599355953197075,1,0
A033,server,stairs_10_down,303,0,none,0,0.3674872076925747,1,0.4239435298768987,0,0
A033,server,stairs_10_down,303,1,height_only,1,0.34650682231640434,1,0.2939035337743712,0,1
A033,server,stairs_10_down,303,2,height_only,1,0.3415642081894339,0,0.44540532172485325,0,0
A033,server,stairs_10_down,303,3,height_only,1,0.37625982911191524,1,0.2963782813972584,0,0
A033,server,stairs_10_down,303,4,height_only,1,0.3439864160861561,1,0.3140458971186947,0,0
A033,server,stairs_10_down,303,5,height_only,1,0.3292952217360869,1,0.43639674071096957,0,0
A033,server,stairs_10_down,303,6,height_only,1,0.35958301813844695,0,0.404318138213596,0,0
A033,server,stairs_10_down,303,7,terminated,1,0.3658844041314354,0,0.4441299449221265,1,0
A033,server,stairs_10_down,303,8,none,0,0.32306554260100906,0,0.4834523633929284,0,0
A033,server,stairs_10_down,303,9,none,0,0.3658977119042912,0,0.4522937151297532,0,0
A033,server,stairs_10_down,303,10,none,0,0.33692584876070686,0,0.4641774014140847,0,0
A033,server,stairs_10_down,303,11,none,0,0.32241901412685925,0,0.4691968956219152,0,0
A033,server,stairs_10_down,303,12,none,0,0.3607445422181471,1,0.4564187930063481,0,0
A033,server,stairs_10_down,303,13,none,0,0.3619359200969737,0,0.49815032703027584,0,0
A033,server,stairs_10_down,303,14,terminated,1,0.3424898040964004,1,0.4163376865170938,0,0
A033,server,stairs_10_down,303,15,none,0,0.3439145279440651,0,0.5000428640169672,0,0
A033,server,stairs_10_down,303,16,none,0,0.33119635554877197,1,0.453262260899356,0,0
A033,server,stairs_10_down,303,17,none,0,0.3594911407659398,0,0.46329502382395477,0,0
A033,server,stairs_10_down,303,18,none,0,0.31641026534498695,1,0.45768970684682836,0,0
A033,server,stairs_10_down,303,19,height_only,1,0.3387113380878367,0,0.2875427679690547,0,1
A033,server,stairs_10_down,303,20,height_only,1,0.3055282684570965,0,0.333641190709494,0,0
A033,server,stairs_10_down,303,21,height_only,1,0.3760276882246854,0,0.1667468552251322,0,0
A033,server,stairs_10_down,303,22,none,0,0.36831608024191725,0,0.4424483760798573,0,0
A033,server,stairs_10_down,303,23,height_only,1,0.3602008574149188,0,0.3607071600511476,0,0
A033,server,stairs_10_down,303,24,none,0,0.33830335489250124,0,0.45829372779256267,0,0
A033,server,stairs_10_down,303,25,none,0,0.36622842237911124,1,0.443816757082316,0,0
A033,server,stairs_10_down,303,26,height_only,1,0.3458848529480358,1,0.22753177297778954,0,1
A033,server,stairs_10_down,303,27,none,0,0.30786930391176504,1,0.4663998666316505,0,0
A033,server,stairs_10_down,303,28,none,0,0.3665215720467389,0,0.4642332627547854,0,0
A033,server,stairs_10_down,303,29,none,0,0.37669973752715374,1,0.4016894206295285,0,0
A033,server,stairs_10_down,303,30,height_only,1,0.3242205922456986,1,0.24756802319196228,0,1
A033,server,stairs_10_down,303,31,terminated,1,0.3237939374969605,0,0.3787996593880731,1,0
A033,server,stairs_15_down,101,0,height_only,1,0.32776938227408714,0,0.18495294422304967,0,0
A033,server,stairs_15_down,101,1,height_only,1,0.3176233076794262,0,0.36541380334283813,0,0
A033,server,stairs_15_down,101,2,height_only,1,0.3394555347488525,0,0.19856253773912838,0,1
A033,server,stairs_15_down,101,3,none,0,0.3309432886501047,0,0.47376851237440953,0,0
A033,server,stairs_15_down,101,4,height_only,1,0.3405434208757738,0,0.10061886483724876,0,0
A033,server,stairs_15_down,101,5,height_only,1,0.3761880558761046,0,0.3019525681379077,0,1
A033,server,stairs_15_down,101,6,height_only,1,0.37780822662108726,0,0.23334265739362658,0,1
A033,server,stairs_15_down,101,7,height_only,1,0.3740850650371714,0,0.3353796202098019,0,0
A033,server,stairs_15_down,101,8,height_only,1,0.36958739113680183,0,0.23254105475611167,0,0
A033,server,stairs_15_down,101,9,height_only,1,0.3752064231564016,0,0.2168549729476146,0,0
A033,server,stairs_15_down,101,10,height_only,1,0.3491008930346545,0,0.2081428779244271,0,0
A033,server,stairs_15_down,101,11,terminated,1,0.3007556834322883,0,0.17147935230532138,0,0
A033,server,stairs_15_down,101,12,height_only,1,0.3154344869488701,0,0.27383474239394395,0,0
A033,server,stairs_15_down,101,13,height_only,1,0.32649438202699876,0,0.17042874717768486,0,1
A033,server,stairs_15_down,101,14,height_only,1,0.2925180572876956,0,0.3562274416154788,0,0
A033,server,stairs_15_down,101,15,none,0,0.37370688105649486,0,0.4589620605490713,0,0
A033,server,stairs_15_down,101,16,height_only,1,0.3589770084715145,0,0.3604944741928027,0,0
A033,server,stairs_15_down,101,17,none,0,0.3187756315272122,0,0.4784208618384181,0,0
A033,server,stairs_15_down,101,18,height_only,1,0.3087157686763906,0,0.4044936250839779,0,0
A033,server,stairs_15_down,101,19,height_only,1,0.3629480227429599,0,0.28926996242735986,0,1
A033,server,stairs_15_down,101,20,none,0,0.3669364377457828,0,0.4586244186895952,0,0
A033,server,stairs_15_down,101,21,height_only,1,0.33945565587059057,0,0.08941429598213638,0,0
A033,server,stairs_15_down,101,22,height_only,1,0.3439671733481361,0,0.23311610105619468,0,1
A033,server,stairs_15_down,101,23,height_only,1,0.3087217254753418,0,0.37905963488245703,0,0
A033,server,stairs_15_down,101,24,height_only,1,0.29636443458138945,0,0.1261823380704691,0,0
A033,server,stairs_15_down,101,25,height_only,1,0.3557321034013269,0,0.0825868449219701,0,0
A033,server,stairs_15_down,101,26,height_only,1,0.34204139189924143,0,0.12424795453327174,0,0
A033,server,stairs_15_down,101,27,height_only,1,0.3140348288464674,0,0.2917219972822089,0,0
A033,server,stairs_15_down,101,28,height_only,1,0.32062562104852443,0,0.12863183546637943,0,0
A033,server,stairs_15_down,101,29,height_only,1,0.31253874588777675,0,0.1622605250248831,0,1
A033,server,stairs_15_down,101,30,height_only,1,0.3774185888270005,0,0.340045790645228,0,0
A033,server,stairs_15_down,101,31,height_only,1,0.3367245809279662,0,0.2573793691138405,0,0
A033,server,stairs_15_down,202,0,height_only,1,0.28004070463027547,0,0.4221598272092563,0,0
A033,server,stairs_15_down,202,1,height_only,1,0.2921144802940083,0,0.341219167754904,0,0
A033,server,stairs_15_down,202,2,height_only,1,0.37355057393165825,0,0.17299816340971128,0,0
A033,server,stairs_15_down,202,3,height_only,1,0.33288429000160913,0,0.22980948203119314,0,0
A033,server,stairs_15_down,202,4,height_only,1,0.3713634987884664,0,0.44552116322230245,0,0
A033,server,stairs_15_down,202,5,height_only,1,0.3168377554352908,0,0.09288922140699017,0,0
A033,server,stairs_15_down,202,6,height_only,1,0.31072420168687953,0,0.11041899704900311,0,0
A033,server,stairs_15_down,202,7,height_only,1,0.3104201845306763,0,0.17885720309171255,0,0
A033,server,stairs_15_down,202,8,height_only,1,0.3282242892260221,0,0.10734248801498629,0,0
A033,server,stairs_15_down,202,9,height_only,1,0.34687423291690844,0,0.4471550138033501,0,0
A033,server,stairs_15_down,202,10,height_only,1,0.366469507708269,0,0.3606492679811179,0,0
A033,server,stairs_15_down,202,11,height_only,1,0.35819106369732534,0,0.2565577643417846,0,1
A033,server,stairs_15_down,202,12,height_only,1,0.31995177460226776,0,0.16929074433791594,0,0
A033,server,stairs_15_down,202,13,height_only,1,0.3650474991390412,0,0.20043936411831803,0,1
A033,server,stairs_15_down,202,14,height_only,1,0.3428101399365594,0,0.1654343885230295,0,0
A033,server,stairs_15_down,202,15,height_only,1,0.34648041578537636,0,0.2772297286226261,0,0
A033,server,stairs_15_down,202,16,height_only,1,0.3562682733178776,0,0.2703812317755705,0,0
A033,server,stairs_15_down,202,17,height_only,1,0.327779822808536,0,0.08381565777333286,0,0
A033,server,stairs_15_down,202,18,height_only,1,0.33832627726111175,0,0.2705497979821787,0,0
A033,server,stairs_15_down,202,19,none,0,0.3417530188904727,0,0.46994722500017017,0,0
A033,server,stairs_15_down,202,20,height_only,1,0.34641184621953713,0,0.24609855411725332,0,1
A033,server,stairs_15_down,202,21,height_only,1,0.3600680965153291,0,0.2621267246816528,0,1
A033,server,stairs_15_down,202,22,height_only,1,0.29354254096587074,0,0.45611473597561364,0,0
A033,server,stairs_15_down,202,23,height_only,1,0.33337668731888337,0,0.0888334701860431,0,0
A033,server,stairs_15_down,202,24,height_only,1,0.2916998885532114,0,0.14811919314444202,0,0
A033,server,stairs_15_down,202,25,height_only,1,0.2600100599826976,0,0.2844665719974795,0,0
A033,server,stairs_15_down,202,26,height_only,1,0.3610603852386781,0,0.3153999164161259,0,1
A033,server,stairs_15_down,202,27,height_only,1,0.3475788686683471,0,0.12580796027114927,0,1
A033,server,stairs_15_down,202,28,height_only,1,0.3699325056955777,0,0.40555975043836545,0,0
A033,server,stairs_15_down,202,29,height_only,1,0.3165559435591978,0,0.16902609646649652,0,0
A033,server,stairs_15_down,202,30,height_only,1,0.33471069281751453,0,0.4402989495418783,0,0
A033,server,stairs_15_down,202,31,height_only,1,0.32164299870557334,0,0.3360201565541229,0,0
A033,server,stairs_15_down,303,0,height_only,1,0.365185850125583,0,0.40308436483521654,0,0
A033,server,stairs_15_down,303,1,height_only,1,0.34281021818757695,0,0.21108839610673516,0,0
A033,server,stairs_15_down,303,2,none,0,0.3304205696213054,0,0.4742925918509227,0,0
A033,server,stairs_15_down,303,3,height_only,1,0.37341367305918816,0,0.2726110311085068,0,0
A033,server,stairs_15_down,303,4,height_only,1,0.3331197586289064,0,0.27342026382259854,0,0
A033,server,stairs_15_down,303,5,height_only,1,0.33208629616441576,0,0.2758869828194238,0,0
A033,server,stairs_15_down,303,6,height_only,1,0.35643868985023086,0,0.24615545789472512,0,1
A033,server,stairs_15_down,303,7,height_only,1,0.36731097213724717,0,0.4387477439155896,0,0
A033,server,stairs_15_down,303,8,height_only,1,0.30756965917061996,0,0.17699425188913745,0,1
A033,server,stairs_15_down,303,9,height_only,1,0.35581524646218443,0,0.17963457700281552,0,0
A033,server,stairs_15_down,303,10,height_only,1,0.33195690946145495,0,0.4454053682426012,0,0
A033,server,stairs_15_down,303,11,height_only,1,0.3217678055724996,0,0.22950955489628408,0,1
A033,server,stairs_15_down,303,12,height_only,1,0.362110769366198,0,0.22744967510852024,0,1
A033,server,stairs_15_down,303,13,height_only,1,0.3547774752512336,0,0.12065337101502316,0,0
A033,server,stairs_15_down,303,14,height_only,1,0.33628535573495255,0,0.2212562643331654,0,1
A033,server,stairs_15_down,303,15,height_only,1,0.32820126876474065,0,0.46679317417853766,0,0
A033,server,stairs_15_down,303,16,height_only,1,0.3207922595388749,0,0.27336874106063097,0,0
A033,server,stairs_15_down,303,17,height_only,1,0.36587635001396746,0,0.38591686797365915,0,0
A033,server,stairs_15_down,303,18,height_only,1,0.2883844895158859,0,0.459335710726235,0,0
A033,server,stairs_15_down,303,19,tilt_or_both,1,0.34033756252916103,0,0.06518593746345079,1,0
A033,server,stairs_15_down,303,20,height_only,1,0.2730231530526105,0,0.0937777272843057,0,0
A033,server,stairs_15_down,303,21,height_only,1,0.3750754218687986,0,0.19124292414286456,0,0
A033,server,stairs_15_down,303,22,height_only,1,0.3618278353609503,0,0.18143312891769056,0,0
A033,server,stairs_15_down,303,23,height_only,1,0.363413309987216,0,0.2117897352963651,0,1
A033,server,stairs_15_down,303,24,height_only,1,0.3324226992015533,0,0.284675210522173,0,0
A033,server,stairs_15_down,303,25,height_only,1,0.3643467579295928,0,0.4179222034080099,0,0
A033,server,stairs_15_down,303,26,height_only,1,0.3347295898804691,0,0.4543919114135501,0,0
A033,server,stairs_15_down,303,27,height_only,1,0.30786144526247033,0,0.4549607434789236,0,0
A033,server,stairs_15_down,303,28,height_only,1,0.35136504957382686,0,0.3864769865307871,0,0
A033,server,stairs_15_down,303,29,height_only,1,0.37801384654912085,0,0.24881292466871732,0,1
A033,server,stairs_15_down,303,30,height_only,1,0.30422377809483736,0,0.2899967594314982,0,0
A033,server,stairs_15_down,303,31,height_only,1,0.31744707905672453,0,0.16209355964258873,0,1
A033,server,combined_yaw_right,101,0,none,0,0.37032777573016873,,0.11498556952736186,0,0
A033,server,combined_yaw_right,101,1,none,0,0.35527709421308284,,0.2023471438132203,0,0
A033,server,combined_yaw_right,101,2,none,0,0.3500625352489757,,0.10583975422755018,0,0
A033,server,combined_yaw_right,101,3,none,0,0.36151688804919707,,0.22898784329684976,0,0
A033,server,combined_yaw_right,101,4,none,0,0.3238334771305482,,0.09901701511513233,0,0
A033,server,combined_yaw_right,101,5,none,0,0.35425781088079356,,0.20814587556283637,0,0
A033,server,combined_yaw_right,101,6,none,0,0.35181438516486774,,0.18870098701294308,0,0
A033,server,combined_yaw_right,101,7,none,0,0.3532417450837273,,0.17977875209375507,0,0
A033,server,combined_yaw_right,101,8,none,0,0.34626738009924557,,0.18917565935343988,0,0
A033,server,combined_yaw_right,101,9,none,0,0.351709195079013,,0.2379698203519708,0,0
A033,server,combined_yaw_right,101,10,none,0,0.3564646703036711,,0.06970926928341808,0,0
A033,server,combined_yaw_right,101,11,none,0,0.33640177539963134,,0.1658726875861641,0,0
A033,server,combined_yaw_right,101,12,none,0,0.35050407904673386,,0.12338748878157157,0,0
A033,server,combined_yaw_right,101,13,none,0,0.3667662040116315,,0.16414846464910576,0,0
A033,server,combined_yaw_right,101,14,none,0,0.37632596166057386,,0.1637980576376841,0,0
A033,server,combined_yaw_right,101,15,none,0,0.37671247268105573,,0.1736712106436036,0,0
A033,server,combined_yaw_right,101,16,none,0,0.35549072427226897,,0.19254363266407887,0,0
A033,server,combined_yaw_right,101,17,none,0,0.3457697304812345,,0.23631133501352786,0,0
A033,server,combined_yaw_right,101,18,none,0,0.35835436791340936,,0.09940011397413041,0,0
A033,server,combined_yaw_right,101,19,none,0,0.32007803309728755,,0.2026835289569985,0,0
A033,server,combined_yaw_right,101,20,none,0,0.33824818688917924,,0.18149850611703575,0,0
A033,server,combined_yaw_right,101,21,none,0,0.3379730559128491,,0.1865516848059079,0,0
A033,server,combined_yaw_right,101,22,none,0,0.35865023333758594,,0.07509418439545684,0,0
A033,server,combined_yaw_right,101,23,none,0,0.3714121769775044,,0.1692655453950651,0,0
A033,server,combined_yaw_right,101,24,none,0,0.34153971777242775,,0.07036471001058546,0,0
A033,server,combined_yaw_right,101,25,none,0,0.36223194393563396,,0.11969272942373688,0,0
A033,server,combined_yaw_right,101,26,none,0,0.3182794811094508,,0.10551647468400337,0,0
A033,server,combined_yaw_right,101,27,none,0,0.35375857337273375,,0.10503734842806245,0,0
A033,server,combined_yaw_right,101,28,none,0,0.36686741437185255,,0.14930603737519244,0,0
A033,server,combined_yaw_right,101,29,none,0,0.32804244637170576,,0.0793076629977589,0,0
A033,server,combined_yaw_right,101,30,none,0,0.3642866609887006,,0.23599315021266082,0,0
A033,server,combined_yaw_right,101,31,none,0,0.3776926161611781,,0.11848797382472338,0,0
A033,server,combined_yaw_right,202,0,none,0,0.34680085465869803,,0.06784179647423037,0,0
A033,server,combined_yaw_right,202,1,none,0,0.35476079567230956,,0.12500886880545745,0,0
A033,server,combined_yaw_right,202,2,none,0,0.36176783890328945,,0.1911387604416202,0,0
A033,server,combined_yaw_right,202,3,none,0,0.36233730207790027,,0.20572534070871454,0,0
A033,server,combined_yaw_right,202,4,none,0,0.37784967973908,,0.23241806787046546,0,0
A033,server,combined_yaw_right,202,5,none,0,0.37007316899172127,,0.14986720268607923,0,0
A033,server,combined_yaw_right,202,6,none,0,0.3088471315761301,,0.11453438208567425,0,0
A033,server,combined_yaw_right,202,7,none,0,0.3676421198456045,,0.20228799162904385,0,0
A033,server,combined_yaw_right,202,8,none,0,0.32744205324726305,,0.0822588003815494,0,0
A033,server,combined_yaw_right,202,9,none,0,0.354256548983528,,0.20293722790486016,0,0
A033,server,combined_yaw_right,202,10,none,0,0.35772718003089415,,0.18746134380472437,0,0
A033,server,combined_yaw_right,202,11,none,0,0.3562728667004223,,0.10462368229598307,0,0
A033,server,combined_yaw_right,202,12,none,0,0.3366737725900456,,0.08413347417571658,0,0
A033,server,combined_yaw_right,202,13,none,0,0.3557775410260746,,0.18636671592905554,0,0
A033,server,combined_yaw_right,202,14,none,0,0.3180274386456944,,0.09363466082622478,0,0
A033,server,combined_yaw_right,202,15,none,0,0.3304784849365765,,0.09173073312047583,0,0
A033,server,combined_yaw_right,202,16,none,0,0.355902423992514,,0.23770903060006385,0,0
A033,server,combined_yaw_right,202,17,none,0,0.35205322137490946,,0.12831225759218487,0,0
A033,server,combined_yaw_right,202,18,none,0,0.36936976111190206,,0.14227699038220176,0,0
A033,server,combined_yaw_right,202,19,none,0,0.35631012661571804,,0.20695487443360946,0,0
A033,server,combined_yaw_right,202,20,none,0,0.3508445908200932,,0.07901917106805532,0,0
A033,server,combined_yaw_right,202,21,none,0,0.36042209232554717,,0.18711459764653127,0,0
A033,server,combined_yaw_right,202,22,none,0,0.34966753909294623,,0.11935946949900693,0,0
A033,server,combined_yaw_right,202,23,none,0,0.3515152121610182,,0.07335915196763003,0,0
A033,server,combined_yaw_right,202,24,none,0,0.36159195452131687,,0.2025383721444173,0,0
A033,server,combined_yaw_right,202,25,none,0,0.3395183509524493,,0.08093164077898175,0,0
A033,server,combined_yaw_right,202,26,none,0,0.3567363838939106,,0.2571712475378684,0,0
A033,server,combined_yaw_right,202,27,none,0,0.34443645163334624,,0.05957441447947766,0,0
A033,server,combined_yaw_right,202,28,none,0,0.33028328012336383,,0.17584691004879968,0,0
A033,server,combined_yaw_right,202,29,none,0,0.335480810566382,,0.1987912564394271,0,0
A033,server,combined_yaw_right,202,30,none,0,0.3526011389844558,,0.08368226034346074,0,0
A033,server,combined_yaw_right,202,31,none,0,0.2859043227160041,,0.12228739630083366,0,0
A033,server,combined_yaw_right,303,0,none,0,0.3538783198212557,,0.2198379976620655,0,0
A033,server,combined_yaw_right,303,1,none,0,0.3662534020641908,,0.12055381004008872,0,0
A033,server,combined_yaw_right,303,2,none,0,0.3673914239049595,,0.16501595774961816,0,0
A033,server,combined_yaw_right,303,3,none,0,0.36469408399599756,,0.19899437736002346,0,0
A033,server,combined_yaw_right,303,4,none,0,0.3593068747596945,,0.2054984493859019,0,0
A033,server,combined_yaw_right,303,5,none,0,0.348487886595216,,0.20830899426096028,0,0
A033,server,combined_yaw_right,303,6,none,0,0.3214566397635057,,0.19327148371088232,0,0
A033,server,combined_yaw_right,303,7,none,0,0.3402956675558804,,0.16843429255489406,0,0
A033,server,combined_yaw_right,303,8,none,0,0.3000181797832091,,0.17810259392312078,0,0
A033,server,combined_yaw_right,303,9,none,0,0.3484087176820173,,0.19538018839788487,0,0
A033,server,combined_yaw_right,303,10,none,0,0.37250234218523465,,0.1607886426072164,0,0
A033,server,combined_yaw_right,303,11,none,0,0.34371563210525613,,0.11497233798742848,0,0
A033,server,combined_yaw_right,303,12,none,0,0.3462941684028044,,0.21487016015261745,0,0
A033,server,combined_yaw_right,303,13,none,0,0.3561460906490285,,0.17702916827880824,0,0
A033,server,combined_yaw_right,303,14,none,0,0.31328241798010736,,0.09039473026091747,0,0
A033,server,combined_yaw_right,303,15,none,0,0.3769240180916965,,0.23513270634598663,0,0
A033,server,combined_yaw_right,303,16,none,0,0.35638510224653436,,0.14256029082217378,0,0
A033,server,combined_yaw_right,303,17,none,0,0.3664852603074701,,0.09870024196276934,0,0
A033,server,combined_yaw_right,303,18,none,0,0.36789473955006524,,0.12837252577736605,0,0
A033,server,combined_yaw_right,303,19,none,0,0.33981923966165534,,0.0826661515590887,0,0
A033,server,combined_yaw_right,303,20,none,0,0.3452931365227317,,0.07121885104707662,0,0
A033,server,combined_yaw_right,303,21,none,0,0.32476798688026676,,0.19015116549398928,0,0
A033,server,combined_yaw_right,303,22,none,0,0.37926240440677195,,0.24003268640299247,0,0
A033,server,combined_yaw_right,303,23,none,0,0.34886717716640325,,0.16609160071337564,0,0
A033,server,combined_yaw_right,303,24,none,0,0.36160111530898087,,0.20332006960174873,0,0
A033,server,combined_yaw_right,303,25,none,0,0.36126655332226165,,0.16991170872223466,0,0
A033,server,combined_yaw_right,303,26,none,0,0.37432145650055315,,0.1507536292367369,0,0
A033,server,combined_yaw_right,303,27,none,0,0.3581310265204486,,0.0909072901660826,0,0
A033,server,combined_yaw_right,303,28,none,0,0.37122051330173716,,0.2242130465803389,0,0
A033,server,combined_yaw_right,303,29,none,0,0.35311840235549496,,0.22461664918406563,0,0
A033,server,combined_yaw_right,303,30,none,0,0.36325407362876727,,0.12884173453666603,0,0
A033,server,combined_yaw_right,303,31,none,0,0.3573353147124224,,0.0831007047653073,0,0
A038,server,rough_lateral,101,0,none,0,0.2621767386236293,,0.2979539203446147,0,0
A038,server,rough_lateral,101,1,none,0,0.3532985111768233,,0.27994519666833584,0,0
A038,server,rough_lateral,101,2,none,0,0.2923018635913013,,0.18852789686411447,0,0
A038,server,rough_lateral,101,3,none,0,0.37226290482888247,,0.1787222792545643,0,0
A038,server,rough_lateral,101,4,none,0,0.29145495067624483,,0.1926318595691802,0,0
A038,server,rough_lateral,101,5,none,0,0.3568163951609862,,0.19698628161124346,0,0
A038,server,rough_lateral,101,6,tilt_or_both,1,0.3496114319180422,,0.2066723494101278,1,0
A038,server,rough_lateral,101,7,none,0,0.3017882158093274,,0.30220693262845216,0,0
A038,server,rough_lateral,101,8,none,0,0.35621359450294376,,0.1416371926763065,0,0
A038,server,rough_lateral,101,9,none,0,0.36550727135994854,,0.1377341230136519,0,0
A038,server,rough_lateral,101,10,none,0,0.23665004458656924,,0.21172489026882974,0,0
A038,server,rough_lateral,101,11,none,0,0.32106143196317605,,0.2931105245397304,0,0
A038,server,rough_lateral,101,12,none,0,0.33868107422787874,,0.21860086072653398,0,0
A038,server,rough_lateral,101,13,none,0,0.359604473101264,,0.22186383254289574,0,0
A038,server,rough_lateral,101,14,none,0,0.3495433069964781,,0.15417757993985637,0,0
A038,server,rough_lateral,101,15,terminated,1,0.3516934275786507,,0.14852140179760123,0,0
A038,server,rough_lateral,101,16,none,0,0.3754244602140896,,0.15676329021849775,0,0
A038,server,rough_lateral,101,17,none,0,0.36023626368951034,,0.2851250513690141,0,0
A038,server,rough_lateral,101,18,none,0,0.326276416367388,,0.15603574122911607,0,0
A038,server,rough_lateral,101,19,none,0,0.3524042647630773,,0.2361366765808632,0,0
A038,server,rough_lateral,101,20,none,0,0.3600271000741,,0.2595922249456067,0,0
A038,server,rough_lateral,101,21,terminated,1,0.35559186745773663,,0.13652589188874584,1,0
A038,server,rough_lateral,101,22,none,0,0.3212172693428509,,0.14719342777332262,0,0
A038,server,rough_lateral,101,23,none,0,0.35548064654523676,,0.2057134116171577,0,0
A038,server,rough_lateral,101,24,none,0,0.2982283158098312,,0.26088627579211476,0,0
A038,server,rough_lateral,101,25,height_only,1,0.3393449009580408,,0.24733999959369332,0,0
A038,server,rough_lateral,101,26,none,0,0.3334772109507239,,0.17737065696768717,0,0
A038,server,rough_lateral,101,27,none,0,0.325616985001666,,0.18508624451437752,0,0
A038,server,rough_lateral,101,28,none,0,0.34471950715875876,,0.15298114945829225,0,0
A038,server,rough_lateral,101,29,none,0,0.3401201153821486,,0.11074565861908096,0,0
A038,server,rough_lateral,101,30,none,0,0.3684965643015775,,0.1984373192501798,0,0
A038,server,rough_lateral,101,31,none,0,0.34015184178709346,,0.20431254069021154,0,0
A038,server,rough_lateral,202,0,terminated,1,0.3018920822417672,,0.21195273057625097,0,0
A038,server,rough_lateral,202,1,none,0,0.3246253473076591,,0.28022136135052755,0,0
A038,server,rough_lateral,202,2,none,0,0.3183304125612432,,0.1806352650442822,0,0
A038,server,rough_lateral,202,3,terminated,1,0.3727929086927424,,0.17203544364790468,0,0
A038,server,rough_lateral,202,4,none,0,0.3641577535134586,,0.18819504641390755,0,0
A038,server,rough_lateral,202,5,none,0,0.30539915794357264,,0.2394214560143098,0,0
A038,server,rough_lateral,202,6,none,0,0.2740659845225951,,0.2996263719116638,0,0
A038,server,rough_lateral,202,7,none,0,0.36252493510909256,,0.17811044775065282,0,0
A038,server,rough_lateral,202,8,none,0,0.3047460956688233,,0.2769310760542906,0,0
A038,server,rough_lateral,202,9,none,0,0.33312760237703987,,0.18740394577278846,0,0
A038,server,rough_lateral,202,10,none,0,0.3252104407644527,,0.2976407142832308,0,0
A038,server,rough_lateral,202,11,terminated,1,0.33754930888267765,,0.22618040421907654,1,0
A038,server,rough_lateral,202,12,terminated,1,,,0.3646603142681457,0,0
A038,server,rough_lateral,202,13,none,0,0.3766827244650234,,0.2580084851036274,0,0
A038,server,rough_lateral,202,14,none,0,0.32933762844871073,,0.2076719984526014,0,0
A038,server,rough_lateral,202,15,terminated,1,0.3415776291154923,,0.17551611439287043,0,0
A038,server,rough_lateral,202,16,none,0,0.34165969785840755,,0.21120830325223017,0,0
A038,server,rough_lateral,202,17,none,0,0.2867969037058519,,0.29892235455690563,0,0
A038,server,rough_lateral,202,18,none,0,0.331115868082021,,0.2870093085125662,0,0
A038,server,rough_lateral,202,19,none,0,0.350662369779087,,0.2036550749951183,0,0
A038,server,rough_lateral,202,20,none,0,0.27959618761258964,,0.19841447649767982,0,0
A038,server,rough_lateral,202,21,none,0,0.34331371439969477,,0.19713167788197108,0,0
A038,server,rough_lateral,202,22,terminated,1,,,0.3549211411307661,1,0
A038,server,rough_lateral,202,23,none,0,0.32140788730771785,,0.13477030365650555,0,0
A038,server,rough_lateral,202,24,none,0,0.3523595465377053,,0.15598070208155243,0,0
A038,server,rough_lateral,202,25,terminated,1,,,0.3833917206340218,0,0
A038,server,rough_lateral,202,26,none,0,0.3789509913341247,,0.20349950690669882,0,0
A038,server,rough_lateral,202,27,none,0,0.2744747043293428,,0.2631572573727308,0,0
A038,server,rough_lateral,202,28,none,0,0.29147922650059277,,0.29814610224801885,0,0
A038,server,rough_lateral,202,29,none,0,0.3635416981530062,,0.1888952619034399,0,0
A038,server,rough_lateral,202,30,none,0,0.3465517273242461,,0.17024767101308091,0,0
A038,server,rough_lateral,202,31,terminated,1,,,0.26082956250487516,0,0
A038,server,rough_lateral,303,0,none,0,0.34670799165804755,,0.16674652793168723,0,0
A038,server,rough_lateral,303,1,none,0,,,0.3067183694055665,0,0
A038,server,rough_lateral,303,2,none,0,0.34306902338795486,,0.21080538562682327,0,0
A038,server,rough_lateral,303,3,none,0,0.3491414814071859,,0.17916881662037526,0,0
A038,server,rough_lateral,303,4,none,0,0.3392085139764184,,0.25163523744372746,0,0
A038,server,rough_lateral,303,5,terminated,1,0.3513012365861372,,0.20884071883551478,0,0
A038,server,rough_lateral,303,6,none,0,0.3616434164385107,,0.17738771309514498,0,0
A038,server,rough_lateral,303,7,terminated,1,0.34123928334942477,,0.17130527074981572,1,0
A038,server,rough_lateral,303,8,none,0,0.34582943066874927,,0.1796454408277175,0,0
A038,server,rough_lateral,303,9,none,0,0.36039672098695275,,0.24930607174915845,0,0
A038,server,rough_lateral,303,10,none,0,0.36399780341329424,,0.205654869549083,0,0
A038,server,rough_lateral,303,11,none,0,0.34632887464156126,,0.2202379517153134,0,0
A038,server,rough_lateral,303,12,none,0,0.35256892323175215,,0.13900431930933949,0,0
A038,server,rough_lateral,303,13,none,0,0.3504351861177281,,0.17069320100974175,0,0
A038,server,rough_lateral,303,14,none,0,0.2816752188983448,,0.28908204541557425,0,0
A038,server,rough_lateral,303,15,none,0,0.34736688403203525,,0.16967077551579865,0,0
A038,server,rough_lateral,303,16,terminated,1,,,0.4782213650009172,0,0
A038,server,rough_lateral,303,17,none,0,0.326800828630274,,0.2928930745891585,0,0
A038,server,rough_lateral,303,18,terminated,1,,,0.3082748618942733,1,0
A038,server,rough_lateral,303,19,terminated,1,0.29141390275827705,,0.1795450045183793,1,0
A038,server,rough_lateral,303,20,none,0,0.31350938410044993,,0.25864158799334763,0,0
A038,server,rough_lateral,303,21,none,0,0.3642631719775378,,0.2082999184043909,0,0
A038,server,rough_lateral,303,22,none,0,0.3387373123258193,,0.3020178048536192,0,0
A038,server,rough_lateral,303,23,none,0,0.34930491128707314,,0.26779296381871054,0,0
A038,server,rough_lateral,303,24,none,0,0.3457062783088276,,0.1877450434997128,0,0
A038,server,rough_lateral,303,25,none,0,,,0.24132642686291977,0,0
A038,server,rough_lateral,303,26,terminated,1,,,0.4254030417993322,1,0
A038,server,rough_lateral,303,27,none,0,0.35789274954222106,,0.1951942248539691,0,0
A038,server,rough_lateral,303,28,none,0,0.3399656754445265,,0.2970065902771918,0,0
A038,server,rough_lateral,303,29,none,0,0.35394404669177726,,0.22923024406804682,0,0
A038,server,rough_lateral,303,30,none,0,0.33127139939025124,,0.2569897853640406,0,0
A038,server,rough_lateral,303,31,none,0,0.3317129711575687,,0.1935677875872781,0,0
A038,server,stairs_10_down,101,0,terminated,1,0.26205879370159,0,0.31885928652677137,1,0
A038,server,stairs_10_down,101,1,height_only,1,,0,0.2897114829008475,0,0
A038,server,stairs_10_down,101,2,height_only,1,0.2980757896753556,0,0.15849391540606372,0,0
A038,server,stairs_10_down,101,3,height_only,1,0.3080658028948116,0,0.24469429419800298,0,0
A038,server,stairs_10_down,101,4,height_only,1,0.2962231677483747,0,0.12409441390503007,0,0
A038,server,stairs_10_down,101,5,height_only,1,0.3248611510118699,0,0.2227211999956365,0,0
A038,server,stairs_10_down,101,6,height_only,1,0.33555546705735556,0,0.24757402993937408,0,0
A038,server,stairs_10_down,101,7,height_only,1,0.32220492125513717,0,0.24190059797078337,0,0
A038,server,stairs_10_down,101,8,height_only,1,0.32229607588148373,0,0.18254757742509026,0,0
A038,server,stairs_10_down,101,9,height_only,1,0.33877520287100643,0,0.3671825831943761,0,0
A038,server,stairs_10_down,101,10,height_only,1,0.31320655019206795,0,0.13448078508198166,0,0
A038,server,stairs_10_down,101,11,height_only,1,0.2650841637091203,0,0.1322537584308771,0,0
A038,server,stairs_10_down,101,12,tilt_or_both,1,0.280368979920678,0,0.2949171076809868,1,1
A038,server,stairs_10_down,101,13,height_only,1,0.2992915444992443,0,0.2424857268757389,0,0
A038,server,stairs_10_down,101,14,height_only,1,0.27484050177954095,0,0.2483819584422489,0,1
A038,server,stairs_10_down,101,15,tilt_or_both,1,0.32735498297342003,0,0.262884807356459,1,0
A038,server,stairs_10_down,101,16,height_only,1,0.3231448890531764,0,0.23228034412413248,0,0
A038,server,stairs_10_down,101,17,height_only,1,0.30985130568876623,0,0.2109252735222234,0,0
A038,server,stairs_10_down,101,18,height_only,1,0.2499192296502425,0,0.13446415409506865,0,1
A038,server,stairs_10_down,101,19,height_only,1,0.3233809444834204,0,0.19787978059927125,0,0
A038,server,stairs_10_down,101,20,height_only,1,0.33183157754773124,0,0.18781932944319504,0,0
A038,server,stairs_10_down,101,21,tilt_or_both,1,0.31094874855987525,0,0.2749694639858802,1,1
A038,server,stairs_10_down,101,22,height_only,1,0.2849209546883476,0,0.19016821480149443,0,1
A038,server,stairs_10_down,101,23,height_only,1,0.26222751819513695,0,0.21174180442624319,0,0
A038,server,stairs_10_down,101,24,height_only,1,0.25566659325903107,0,0.12033400961023778,0,0
A038,server,stairs_10_down,101,25,height_only,1,0.3010983798593123,0,0.11921864185243239,0,0
A038,server,stairs_10_down,101,26,height_only,1,0.296825424952303,0,0.12800188914467112,0,1
A038,server,stairs_10_down,101,27,height_only,1,0.23563526706262072,0,0.1485671551379075,0,1
A038,server,stairs_10_down,101,28,height_only,1,0.2293636907230724,0,0.15618060370766398,0,0
A038,server,stairs_10_down,101,29,height_only,1,0.24712726665053136,0,0.24104968793563836,0,0
A038,server,stairs_10_down,101,30,height_only,1,0.3306173020027538,0,0.2299576714799678,0,0
A038,server,stairs_10_down,101,31,height_only,1,0.2674199416038187,0,0.13832320771764425,0,0
A038,server,stairs_10_down,202,0,height_only,1,0.2202845203844621,0,0.12934916644669675,0,1
A038,server,stairs_10_down,202,1,height_only,1,0.22560270082823097,0,0.13484366100929485,0,0
A038,server,stairs_10_down,202,2,height_only,1,0.3345706801522862,0,0.20183368728117262,0,0
A038,server,stairs_10_down,202,3,height_only,1,0.29901768075909846,0,0.20996215926449582,0,0
A038,server,stairs_10_down,202,4,height_only,1,0.3270171297425255,0,0.17436455455549793,0,0
A038,server,stairs_10_down,202,5,height_only,1,0.28491811263051264,0,0.15998800061653132,0,0
A038,server,stairs_10_down,202,6,height_only,1,0.25518154779220015,0,0.2644276028718803,0,0
A038,server,stairs_10_down,202,7,height_only,1,0.25016400457066007,0,0.1590141790587435,0,0
A038,server,stairs_10_down,202,8,height_only,1,0.2811347109908089,0,0.12437583394838722,0,0
A038,server,stairs_10_down,202,9,height_only,1,0.3026587936808081,0,0.21715777775106546,0,0
A038,server,stairs_10_down,202,10,height_only,1,0.32794876715397453,0,0.20780469411158198,0,1
A038,server,stairs_10_down,202,11,height_only,1,0.3141477811623385,0,0.20751927495942413,0,1
A038,server,stairs_10_down,202,12,height_only,1,0.29255129006457203,0,0.26975904234825665,0,0
A038,server,stairs_10_down,202,13,height_only,1,0.32663297270708547,0,0.21799241692571653,0,1
A038,server,stairs_10_down,202,14,height_only,1,0.30203526542785974,0,0.15436474663108699,0,0
A038,server,stairs_10_down,202,15,height_only,1,0.29649594585525796,0,0.16951243296537222,0,0
A038,server,stairs_10_down,202,16,height_only,1,0.3353379028525582,0,0.44849942600804604,0,0
A038,server,stairs_10_down,202,17,height_only,1,0.2776633593487867,0,0.14225206880398697,0,0
A038,server,stairs_10_down,202,18,height_only,1,0.3125613331794739,0,0.30615426566172665,0,0
A038,server,stairs_10_down,202,19,height_only,1,0.3189259021677435,0,0.24782862581965215,0,0
A038,server,stairs_10_down,202,20,height_only,1,0.3113517877571086,0,0.1621190129236099,0,0
A038,server,stairs_10_down,202,21,height_only,1,0.3187461544007541,0,0.23219510395428133,0,0
A038,server,stairs_10_down,202,22,height_only,1,0.25273352255795734,0,0.11962152326942611,0,0
A038,server,stairs_10_down,202,23,height_only,1,0.2836825618928766,0,0.1443189247629912,0,1
A038,server,stairs_10_down,202,24,height_only,1,0.2739067916723496,0,0.3042215358533709,0,1
A038,server,stairs_10_down,202,25,height_only,1,0.2274228418096501,0,0.19332784640558887,0,1
A038,server,stairs_10_down,202,26,height_only,1,0.3264629058340654,0,0.24269730265203884,0,0
A038,server,stairs_10_down,202,27,height_only,1,0.3030942175636955,0,0.1358166972845987,0,1
A038,server,stairs_10_down,202,28,height_only,1,0.3149226103874451,0,0.1642831505328237,0,0
A038,server,stairs_10_down,202,29,height_only,1,0.258189736123391,0,0.17847153705331173,0,0
A038,server,stairs_10_down,202,30,height_only,1,0.28895298507124345,0,0.15293785716919162,0,0
A038,server,stairs_10_down,202,31,height_only,1,0.2679060629822991,0,0.20048143861982312,0,1
A038,server,stairs_10_down,303,0,tilt_or_both,1,0.33352130938341273,0,0.3327970080432064,1,0
A038,server,stairs_10_down,303,1,height_only,1,0.2986154664646496,0,0.2685250808842641,0,0
A038,server,stairs_10_down,303,2,height_only,1,0.30640413767513747,0,0.39358043576514223,0,0
A038,server,stairs_10_down,303,3,tilt_or_both,1,0.3278083893704542,0,0.2810262953437563,1,0
A038,server,stairs_10_down,303,4,tilt_or_both,1,0.2909395584766878,0,0.34289447740885814,1,0
A038,server,stairs_10_down,303,5,height_only,1,0.2899085291247954,0,0.27619025235491435,0,0
A038,server,stairs_10_down,303,6,height_only,1,0.30813847211274237,0,0.1800065488693914,0,1
A038,server,stairs_10_down,303,7,height_only,1,0.31805920250275554,0,0.18291891830245827,0,0
A038,server,stairs_10_down,303,8,tilt_or_both,1,0.22145614777019318,0,0.3502091479938274,1,1
A038,server,stairs_10_down,303,9,height_only,1,0.29405164487540403,0,0.34496202134651427,0,0
A038,server,stairs_10_down,303,10,height_only,1,0.2708023974602235,0,0.21376024972776278,0,0
A038,server,stairs_10_down,303,11,height_only,1,0.27174314737001204,0,0.1967192080981606,0,0
A038,server,stairs_10_down,303,12,height_only,1,0.33149098688587153,0,0.21834652398118012,0,0
A038,server,stairs_10_down,303,13,height_only,1,0.3155805219940961,0,0.18737678942258051,0,0
A038,server,stairs_10_down,303,14,height_only,1,0.2751475147863123,0,0.13482948187463453,0,1
A038,server,stairs_10_down,303,15,height_only,1,0.2639503859103045,0,0.18501399272488547,0,0
A038,server,stairs_10_down,303,16,height_only,1,0.2807224655852598,0,0.19099178649218448,0,0
A038,server,stairs_10_down,303,17,height_only,1,0.3239004702013444,0,0.15290931078856662,0,1
A038,server,stairs_10_down,303,18,height_only,1,0.2668921616785029,0,0.1575546676397743,0,0
A038,server,stairs_10_down,303,19,height_only,1,0.29179917020912477,0,0.19576619725106645,0,0
A038,server,stairs_10_down,303,20,height_only,1,0.2375554239208048,0,0.11153740868844596,0,0
A038,server,stairs_10_down,303,21,height_only,1,0.32468387532361687,0,0.25053427068064255,0,1
A038,server,stairs_10_down,303,22,height_only,1,0.33142815825135946,0,0.29587592468140117,0,1
A038,server,stairs_10_down,303,23,height_only,1,0.3218537637575425,0,0.16844067840665852,0,0
A038,server,stairs_10_down,303,24,height_only,1,0.2766172568747067,0,0.2626962522650129,0,1
A038,server,stairs_10_down,303,25,height_only,1,0.31800430152505477,0,0.1813137474985753,0,0
A038,server,stairs_10_down,303,26,height_only,1,0.27542344795510093,0,0.2400274413738231,0,1
A038,server,stairs_10_down,303,27,height_only,1,0.21398304450639427,0,0.23424347836558218,0,0
A038,server,stairs_10_down,303,28,height_only,1,0.32362264681627406,0,0.2712427311153639,0,0
A038,server,stairs_10_down,303,29,height_only,1,0.3357684770051171,0,0.25279389373329586,0,0
A038,server,stairs_10_down,303,30,height_only,1,0.26736250710997356,0,0.33128635658579747,0,0
A038,server,stairs_10_down,303,31,height_only,1,0.26356222898883613,0,0.12831301557311967,0,0
A041,server,rough_lateral,101,0,none,0,0.31295451083604026,,0.23218391361174057,0,0
A041,server,rough_lateral,101,1,terminated,1,0.3463223071340571,,0.23951956928187818,0,0
A041,server,rough_lateral,101,2,tilt_or_both,1,0.3189835585852995,,0.17814366888572922,1,0
A041,server,rough_lateral,101,3,none,0,0.35306110404391977,,0.17997070964785866,0,0
A041,server,rough_lateral,101,4,terminated,1,,,,0,0
A041,server,rough_lateral,101,5,terminated,1,0.3172932930171171,,0.26974000917405677,0,0
A041,server,rough_lateral,101,6,terminated,1,0.3169830605626744,,0.25224274354207693,0,0
A041,server,rough_lateral,101,7,terminated,1,0.2456344201921779,,0.33765886611452633,0,0
A041,server,rough_lateral,101,8,none,0,0.33787524819692827,,0.188053013563823,0,0
A041,server,rough_lateral,101,9,none,0,0.3253714449424795,,0.23619336778841363,0,0
A041,server,rough_lateral,101,10,terminated,1,,,0.31603045996896273,1,0
A041,server,rough_lateral,101,11,terminated,1,0.33534487149613423,,0.19211711238178147,1,0
A041,server,rough_lateral,101,12,terminated,1,0.33003883852678184,,0.17569741834406327,0,0
A041,server,rough_lateral,101,13,none,0,0.3289045775956648,,0.21960326092998317,0,0
A041,server,rough_lateral,101,14,none,0,0.3204269581300052,,0.286343445372799,0,0
A041,server,rough_lateral,101,15,terminated,1,0.31062377901638255,,0.20701977091556656,0,0
A041,server,rough_lateral,101,16,terminated,1,0.339011915306994,,0.19064644376683523,0,0
A041,server,rough_lateral,101,17,terminated,1,0.333476732599544,,0.24347928062023266,0,0
A041,server,rough_lateral,101,18,terminated,1,,,0.30365345074168243,0,0
A041,server,rough_lateral,101,19,terminated,1,0.32451632650778256,,0.26920975065098557,0,0
A041,server,rough_lateral,101,20,none,0,0.3405230570445086,,0.18823512952762722,0,0
A041,server,rough_lateral,101,21,none,0,0.333040766935935,,0.18535921732709193,0,0
A041,server,rough_lateral,101,22,none,0,0.33024332628530617,,0.2268974783687937,0,0
A041,server,rough_lateral,101,23,terminated,1,0.31222241264294814,,0.2139298077034043,0,0
A041,server,rough_lateral,101,24,terminated,1,0.3251443598519035,,0.17664996242995043,1,0
A041,server,rough_lateral,101,25,terminated,1,0.33788162167059543,,0.1505092691196786,0,0
A041,server,rough_lateral,101,26,none,0,0.24609254659178423,,0.2512530062681158,0,0
A041,server,rough_lateral,101,27,none,0,0.3365901888691805,,0.14370819198426435,0,0
A041,server,rough_lateral,101,28,none,0,0.27488363354920065,,0.25176820127623306,0,0
A041,server,rough_lateral,101,29,none,0,0.3178865574897929,,0.11948209249824425,0,0
A041,server,rough_lateral,101,30,none,0,0.3559547722499001,,0.1616308238131821,0,0
A041,server,rough_lateral,101,31,terminated,1,0.3372288033924001,,0.18488136969128935,0,0
A041,server,rough_lateral,202,0,none,0,0.3337575645848392,,0.24193013075651934,0,0
A041,server,rough_lateral,202,1,terminated,1,,,0.5102241329686534,1,0
A041,server,rough_lateral,202,2,terminated,1,,,0.6828282253693635,1,0
A041,server,rough_lateral,202,3,none,0,0.3353400028803769,,0.20605289602463464,0,0
A041,server,rough_lateral,202,4,terminated,1,0.3103111021340212,,0.3257648902855531,0,0
A041,server,rough_lateral,202,5,none,0,0.3193032810076035,,0.2786320844915425,0,0
A041,server,rough_lateral,202,6,terminated,1,0.25803302555160723,,0.24013162722430798,0,0
A041,server,rough_lateral,202,7,terminated,1,0.3427931243244977,,0.1881100615134761,0,0
A041,server,rough_lateral,202,8,terminated,1,,,0.2827153319706667,1,0
A041,server,rough_lateral,202,9,none,0,0.33574555885983026,,0.1969940506905209,0,0
A041,server,rough_lateral,202,10,none,0,0.3283534112142369,,0.2630314431716531,0,0
A041,server,rough_lateral,202,11,tilt_or_both,1,0.34280201139297073,,0.19034676236812578,1,0
A041,server,rough_lateral,202,12,terminated,1,,,0.432280470556901,1,0
A041,server,rough_lateral,202,13,none,0,0.32283291356130084,,0.21320960471800107,0,0
A041,server,rough_lateral,202,14,none,0,0.3326004310087724,,0.21946222814072133,0,0
A041,server,rough_lateral,202,15,none,0,0.2593210894953121,,0.23863364783942617,0,0
A041,server,rough_lateral,202,16,none,0,0.34340111393342043,,0.197142604520542,0,0
A041,server,rough_lateral,202,17,terminated,1,0.3359811704426526,,0.2338590561445987,1,0
A041,server,rough_lateral,202,18,terminated,1,0.32414312987404076,,0.22109769843099514,1,0
A041,server,rough_lateral,202,19,terminated,1,0.3236954965215316,,0.22580892906005676,0,0
A041,server,rough_lateral,202,20,terminated,1,,,0.36794144689048347,1,0
A041,server,rough_lateral,202,21,terminated,1,0.31379775121250253,,0.23238573895166922,1,0
A041,server,rough_lateral,202,22,terminated,1,0.26461444468421735,,0.2756161019462706,0,0
A041,server,rough_lateral,202,23,none,0,0.32271359064043525,,0.12153353560189753,0,0
A041,server,rough_lateral,202,24,none,0,0.3592137548534628,,0.1777868364391041,0,0
A041,server,rough_lateral,202,25,terminated,1,,,0.4054412731745892,0,0
A041,server,rough_lateral,202,26,terminated,1,0.3008916658513686,,0.2225673822156378,0,0
A041,server,rough_lateral,202,27,terminated,1,,,0.3991509454744141,0,0
A041,server,rough_lateral,202,28,none,0,0.3169385066485022,,0.30679107253548993,0,0
A041,server,rough_lateral,202,29,none,0,0.3264789539862444,,0.20236062984693515,0,0
A041,server,rough_lateral,202,30,none,0,0.273729625471773,,0.2918354712286279,0,0
A041,server,rough_lateral,202,31,terminated,1,,,0.2348649241792208,0,0
A041,server,rough_lateral,303,0,terminated,1,0.326808656281966,,0.23719589142746192,0,0
A041,server,rough_lateral,303,1,terminated,1,0.2922417004318798,,0.24645594516713104,1,0
A041,server,rough_lateral,303,2,terminated,1,0.3448614916380714,,0.22739131958803244,0,0
A041,server,rough_lateral,303,3,terminated,1,,,0.47562127533403503,0,0
A041,server,rough_lateral,303,4,terminated,1,0.22330316263724137,,0.4168171322878754,1,0
A041,server,rough_lateral,303,5,none,0,0.32666164564895117,,0.1992008850563331,0,0
A041,server,rough_lateral,303,6,none,0,0.34238311552746414,,0.18405749615290476,0,0
A041,server,rough_lateral,303,7,terminated,1,0.34246761355808075,,0.22115212173160537,0,0
A041,server,rough_lateral,303,8,tilt_or_both,1,,,0.45011424899262303,1,0
A041,server,rough_lateral,303,9,none,0,0.3426921374020092,,0.28781851232299593,0,0
A041,server,rough_lateral,303,10,none,0,0.29349064691500226,,0.19997045486594403,0,0
A041,server,rough_lateral,303,11,none,0,0.33835804852891094,,0.17833590667388846,0,0
A041,server,rough_lateral,303,12,none,0,0.31963716654535285,,0.17931029594741096,0,0
A041,server,rough_lateral,303,13,none,0,0.33073708430968507,,0.17079706190145255,0,0
A041,server,rough_lateral,303,14,none,0,0.29644722519392636,,0.26378888758373525,0,0
A041,server,rough_lateral,303,15,none,0,0.3373633901225054,,0.2805992108913438,0,0
A041,server,rough_lateral,303,16,terminated,1,,,0.600874662150787,1,0
A041,server,rough_lateral,303,17,terminated,1,0.23057498906385454,,0.2663588506395475,1,0
A041,server,rough_lateral,303,18,tilt_or_both,1,0.33943081834418254,,0.16376516293864934,1,0
A041,server,rough_lateral,303,19,tilt_or_both,1,,,0.477275679784388,1,0
A041,server,rough_lateral,303,20,none,0,0.31062496505319115,,0.3052276520674591,0,0
A041,server,rough_lateral,303,21,none,0,0.3428682209973667,,0.18103593997462522,0,0
A041,server,rough_lateral,303,22,none,0,0.3306721122188364,,0.239943538910653,0,0
A041,server,rough_lateral,303,23,terminated,1,,,0.40664263565352027,0,0
A041,server,rough_lateral,303,24,none,0,0.3339957253818206,,0.21862733654587269,0,0
A041,server,rough_lateral,303,25,terminated,1,,,0.2671849732269251,0,0
A041,server,rough_lateral,303,26,none,0,0.28219080648638983,,0.2697476490622891,0,0
A041,server,rough_lateral,303,27,terminated,1,0.30346608624101323,,0.3333733004109796,0,0
A041,server,rough_lateral,303,28,none,0,0.35123537233806545,,0.24908784014018226,0,0
A041,server,rough_lateral,303,29,terminated,1,0.33327123913216716,,0.20194903762631422,0,0
A041,server,rough_lateral,303,30,terminated,1,0.330871385049055,,0.18844878286182143,0,0
A041,server,rough_lateral,303,31,none,0,0.33655337686525943,,0.2652803815801631,0,0
A041,server,rough_forward,101,0,none,0,0.3541079630507505,,0.42135508209218303,0,0
A041,server,rough_forward,101,1,none,0,0.34322024124828887,,0.43560779172551606,0,0
A041,server,rough_forward,101,2,none,0,0.3608745577182362,,0.4849334609783094,0,0
A041,server,rough_forward,101,3,none,0,0.33343445641152997,,0.1375477800180321,0,0
A041,server,rough_forward,101,4,none,0,0.3229955979050162,,0.12343899961967865,0,0
A041,server,rough_forward,101,5,none,0,0.3592262483216862,,0.13832960672607625,0,0
A041,server,rough_forward,101,6,none,0,0.31351741973091574,,0.31556807488146627,0,0
A041,server,rough_forward,101,7,none,0,0.3596869453708118,,0.1559694424653411,0,0
A041,server,rough_forward,101,8,none,0,0.35555141893300146,,0.11976162543853394,0,0
A041,server,rough_forward,101,9,none,0,0.34493795587098536,,0.34747283922864264,0,0
A041,server,rough_forward,101,10,none,0,0.31127302579701266,,0.11100577307523617,0,0
A041,server,rough_forward,101,11,none,0,0.3369438950231369,,0.14470563538801107,0,0
A041,server,rough_forward,101,12,none,0,0.32469978761226737,,0.39148412694469215,0,0
A041,server,rough_forward,101,13,none,0,0.37377542066064107,,0.1948595910620072,0,0
A041,server,rough_forward,101,14,none,0,0.3413863752615005,,0.15796505234034708,0,0
A041,server,rough_forward,101,15,none,0,0.3344770017314085,,0.11347778792611146,0,0
A041,server,rough_forward,101,16,none,0,0.3398782255496571,,0.20780429474277132,0,0
A041,server,rough_forward,101,17,none,0,0.3627880852330815,,0.37184354203107584,0,0
A041,server,rough_forward,101,18,tilt_or_both,1,0.29427028164506597,,0.3176795203414764,1,0
A041,server,rough_forward,101,19,none,0,0.36754029367696794,,0.11834221321415944,0,0
A041,server,rough_forward,101,20,terminated,1,0.3659852501702181,,0.24184937056819056,1,0
A041,server,rough_forward,101,21,none,0,0.34517485269888204,,0.44072682118086787,0,0
A041,server,rough_forward,101,22,none,0,0.30774909847560417,,0.2184878918181929,0,0
A041,server,rough_forward,101,23,none,0,0.3433042303285497,,0.1283130308079969,0,0
A041,server,rough_forward,101,24,none,0,0.32194093539115576,,0.17919759735432023,0,0
A041,server,rough_forward,101,25,none,0,0.3321609333715337,,0.11993391035915191,0,0
A041,server,rough_forward,101,26,none,0,0.33826539773035813,,0.14861553473994354,0,0
A041,server,rough_forward,101,27,none,0,0.33633665883923597,,0.33706452034663853,0,0
A041,server,rough_forward,101,28,none,0,0.3559860192677554,,0.09893198433483784,0,0
A041,server,rough_forward,101,29,none,0,0.340799992814421,,0.1489722835687336,0,0
A041,server,rough_forward,101,30,none,0,0.34822524741371685,,0.2030022805465044,0,0
A041,server,rough_forward,101,31,none,0,0.36726156171949154,,0.0920867109062587,0,0
A041,server,rough_forward,202,0,terminated,1,0.33216418222310073,,0.3802187776447301,0,0
A041,server,rough_forward,202,1,none,0,0.3259367306920934,,0.0922245476854701,0,0
A041,server,rough_forward,202,2,none,0,0.37015434302748207,,0.11455122104068793,0,0
A041,server,rough_forward,202,3,none,0,0.3645535627788401,,0.36515866367948413,0,0
A041,server,rough_forward,202,4,none,0,0.3595473938447269,,0.4276161638523439,0,0
A041,server,rough_forward,202,5,none,0,0.3296989915683308,,0.20792328678633962,0,0
A041,server,rough_forward,202,6,none,0,0.3576518355365743,,0.21397239873387167,0,0
A041,server,rough_forward,202,7,none,0,0.3594819767111763,,0.16548264679948158,0,0
A041,server,rough_forward,202,8,none,0,0.3302043343291563,,0.17902308479079818,0,0
A041,server,rough_forward,202,9,none,0,0.38512350005262036,,0.1834384508987658,0,0
A041,server,rough_forward,202,10,none,0,0.337496961183089,,0.17656189077516773,0,0
A041,server,rough_forward,202,11,none,0,0.3490018172856958,,0.0981306493073849,0,0
A041,server,rough_forward,202,12,height_only,1,0.3500525571286359,,0.4260768542240621,0,0
A041,server,rough_forward,202,13,none,0,0.34000474071120196,,0.35954454330795466,0,0
A041,server,rough_forward,202,14,terminated,1,0.35611805168383903,,0.3695907956126401,0,0
A041,server,rough_forward,202,15,none,0,0.3340147898637037,,0.15027211082625092,0,0
A041,server,rough_forward,202,16,none,0,0.35659134897956235,,0.13760636945058166,0,0
A041,server,rough_forward,202,17,none,0,0.357362992145161,,0.15591538578400507,0,0
A041,server,rough_forward,202,18,none,0,0.356346177704194,,0.45562891524636373,0,0
A041,server,rough_forward,202,19,none,0,0.3482142329056633,,0.1631623683934923,0,0
A041,server,rough_forward,202,20,none,0,0.3161929862543861,,0.16076273900162485,0,0
A041,server,rough_forward,202,21,none,0,0.32796873247878433,,0.309381523128896,0,0
A041,server,rough_forward,202,22,none,0,0.33501116636602635,,0.09027940573313555,0,0
A041,server,rough_forward,202,23,none,0,0.31833942354044176,,0.13011813124830654,0,0
A041,server,rough_forward,202,24,none,0,0.30951950750886437,,0.16945664094393395,0,0
A041,server,rough_forward,202,25,none,0,0.36682251557946843,,0.47328614855779266,0,0
A041,server,rough_forward,202,26,none,0,0.3770357360017491,,0.38070859116228195,0,0
A041,server,rough_forward,202,27,none,0,0.27098780384356963,,0.41390642229965313,0,0
A041,server,rough_forward,202,28,none,0,0.33164753800726193,,0.16291026498665714,0,0
A041,server,rough_forward,202,29,none,0,0.34202235530723224,,0.10261631513372738,0,0
A041,server,rough_forward,202,30,none,0,0.27232820998857366,,0.3358989788731884,0,0
A041,server,rough_forward,202,31,none,0,0.3566366538485104,,0.14416568071593522,0,0
A041,server,rough_forward,303,0,none,0,0.32806660561638085,,0.20227345536418373,0,0
A041,server,rough_forward,303,1,none,0,0.3576321494292448,,0.10127391365644292,0,0
A041,server,rough_forward,303,2,none,0,0.344007468717621,,0.4873784271807417,0,0
A041,server,rough_forward,303,3,none,0,0.32467992468313733,,0.12277638396269239,0,0
A041,server,rough_forward,303,4,none,0,0.3515171148082152,,0.38351633149546493,0,0
A041,server,rough_forward,303,5,none,0,0.3434860801154917,,0.11433405053492557,0,0
A041,server,rough_forward,303,6,none,0,0.32743402893211754,,0.1700261395031778,0,0
A041,server,rough_forward,303,7,none,0,0.32281366899051767,,0.12585662312667467,0,0
A041,server,rough_forward,303,8,none,0,0.3385463495624257,,0.4754475241750985,0,0
A041,server,rough_forward,303,9,none,0,0.34709696065295825,,0.1412468433830769,0,0
A041,server,rough_forward,303,10,none,0,0.36938047608271,,0.4143646269067766,0,0
A041,server,rough_forward,303,11,none,0,0.3143230342769368,,0.1650487684331061,0,0
A041,server,rough_forward,303,12,none,0,0.3572020271723283,,0.4446760538753077,0,0
A041,server,rough_forward,303,13,none,0,0.3390768163981922,,0.28045147016727207,0,0
A041,server,rough_forward,303,14,terminated,1,0.36096348179215415,,0.2934477977864427,1,0
A041,server,rough_forward,303,15,none,0,0.30649391047776064,,0.4871632652477329,0,0
A041,server,rough_forward,303,16,tilt_or_both,1,0.30981939417474413,,0.246531842595047,1,0
A041,server,rough_forward,303,17,tilt_or_both,1,0.35083226779884197,,0.21214762546229277,1,0
A041,server,rough_forward,303,18,none,0,0.3449535995403076,,0.17225367045856968,0,0
A041,server,rough_forward,303,19,none,0,0.3487696437274709,,0.1407725313542465,0,0
A041,server,rough_forward,303,20,none,0,0.3423937421272145,,0.2533157649481238,0,0
A041,server,rough_forward,303,21,none,0,0.35960655998099933,,0.14636907552578113,0,0
A041,server,rough_forward,303,22,none,0,0.3558402667071093,,0.13716231256022896,0,0
A041,server,rough_forward,303,23,none,0,0.3470597761200074,,0.3174492257610677,0,0
A041,server,rough_forward,303,24,none,0,0.3803735883000063,,0.09737626991799822,0,0
A041,server,rough_forward,303,25,none,0,0.36597812741516744,,0.4111056566836858,0,0
A041,server,rough_forward,303,26,none,0,0.3156521693270474,,0.15938923821450657,0,0
A041,server,rough_forward,303,27,none,0,0.3595410193351501,,0.2609788769952223,0,0
A041,server,rough_forward,303,28,none,0,0.3706826782003444,,0.1207609411364103,0,0
A041,server,rough_forward,303,29,none,0,0.34162913485963076,,0.35533820619643375,0,0
A041,server,rough_forward,303,30,none,0,0.365982151445858,,0.09198624634237493,0,0
A041,server,rough_forward,303,31,none,0,0.34095972672822006,,0.09780078232576538,0,0
A041,server,stairs_10_down,101,0,height_only,1,0.33034606556841395,0,0.2010311827602876,0,0
A041,server,stairs_10_down,101,1,terminated,1,0.3081419260744105,0,0.5055364219197027,0,0
A041,server,stairs_10_down,101,2,height_only,1,0.3579378989450434,0,0.2059995577944144,0,1
A041,server,stairs_10_down,101,3,height_only,1,0.33380453392146103,0,0.31571009456826643,0,1
A041,server,stairs_10_down,101,4,height_only,1,0.3352359015355135,0,0.20031852572204725,0,0
A041,server,stairs_10_down,101,5,none,0,0.3646580577693521,1,0.4419082484048094,0,0
A041,server,stairs_10_down,101,6,height_only,1,0.37826875792467657,0,0.232563179346742,0,1
A041,server,stairs_10_down,101,7,height_only,1,0.37965362642538103,0,0.1951787796502621,0,0
A041,server,stairs_10_down,101,8,height_only,1,0.3590977806299128,0,0.18528511671950335,0,1
A041,server,stairs_10_down,101,9,height_only,1,0.3735520701038646,0,0.24715023285607182,0,1
A041,server,stairs_10_down,101,10,height_only,1,0.36096345214920245,0,0.31811600844239135,0,1
A041,server,stairs_10_down,101,11,height_only,1,0.31501557339321484,0,0.23702118117654453,0,0
A041,server,stairs_10_down,101,12,height_only,1,0.33997009049124893,0,0.2801043716254739,0,0
A041,server,stairs_10_down,101,13,height_only,1,0.33297085634527357,0,0.3257550022778161,0,1
A041,server,stairs_10_down,101,14,height_only,1,0.26192459232985654,0,0.3466256026708337,0,1
A041,server,stairs_10_down,101,15,height_only,1,0.37713684882709686,0,0.2907872122367928,0,1
A041,server,stairs_10_down,101,16,terminated,1,0.35237170261813994,0,0.4873860092446915,0,0
A041,server,stairs_10_down,101,17,height_only,1,0.3092786800415121,0,0.3398631696243496,0,0
A041,server,stairs_10_down,101,18,height_only,1,0.3321235603827206,1,0.16758113823288398,0,0
A041,server,stairs_10_down,101,19,none,0,0.3519573522442802,1,0.45706602485166126,0,0
A041,server,stairs_10_down,101,20,height_only,1,0.375172421336174,0,0.23544473159490537,0,1
A041,server,stairs_10_down,101,21,height_only,1,0.335207134325874,0,0.2969650654800904,0,1
A041,server,stairs_10_down,101,22,height_only,1,0.3482506552482034,0,0.26729998370039965,0,1
A041,server,stairs_10_down,101,23,height_only,1,0.3276999636608011,0,0.44392711351505637,0,0
A041,server,stairs_10_down,101,24,height_only,1,0.24900727364468705,0,0.2964186914455327,0,0
A041,server,stairs_10_down,101,25,height_only,1,0.36876519151868664,0,0.2619929565044132,0,1
A041,server,stairs_10_down,101,26,height_only,1,0.3553174969984248,0,0.13512619724297364,0,0
A041,server,stairs_10_down,101,27,height_only,1,0.2926674669279772,0,0.35806582525753244,0,0
A041,server,stairs_10_down,101,28,height_only,1,0.3250936115170545,0,0.4850332530019303,0,0
A041,server,stairs_10_down,101,29,height_only,1,0.3082512695202853,0,0.30496903788075447,0,1
A041,server,stairs_10_down,101,30,height_only,1,0.37161069885294706,0,0.42435130854673214,0,1
A041,server,stairs_10_down,101,31,height_only,1,0.33595535828467993,1,0.3964875052736838,0,1
A041,server,stairs_10_down,202,0,height_only,1,0.3116943127809361,0,0.38466855732576977,0,0
A041,server,stairs_10_down,202,1,height_only,1,0.2910029802092894,0,0.32980916379800507,0,1
A041,server,stairs_10_down,202,2,height_only,1,0.37790816376872244,0,0.24214193936642928,0,1
A041,server,stairs_10_down,202,3,height_only,1,0.3249358925271162,0,0.31447543026183156,0,1
A041,server,stairs_10_down,202,4,height_only,1,0.3695585510947488,0,0.23677710178122327,0,1
A041,server,stairs_10_down,202,5,height_only,1,0.3176547940720849,0,0.41228196604073997,0,0
A041,server,stairs_10_down,202,6,height_only,1,0.32906282091523237,0,0.11944954379862871,0,1
A041,server,stairs_10_down,202,7,height_only,1,0.31775668478585817,0,0.32970156281308305,0,1
A041,server,stairs_10_down,202,8,height_only,1,0.3435004871478055,0,0.20349364232184755,0,0
A041,server,stairs_10_down,202,9,height_only,1,0.33044124940499897,0,0.31059130192048956,0,0
A041,server,stairs_10_down,202,10,height_only,1,0.35827163387747374,0,0.21146765161431386,0,1
A041,server,stairs_10_down,202,11,height_only,1,0.3641198843239463,0,0.08949136311461918,0,1
A041,server,stairs_10_down,202,12,height_only,1,0.3360111414589346,0,0.18769584767613184,0,0
A041,server,stairs_10_down,202,13,height_only,1,0.36462861618256187,0,0.3252533778809823,0,0
A041,server,stairs_10_down,202,14,height_only,1,0.35536056446200387,0,0.09812876361110075,0,1
A041,server,stairs_10_down,202,15,height_only,1,0.3628343346125302,0,0.1417732241470459,0,0
A041,server,stairs_10_down,202,16,height_only,1,0.3481890477120558,0,0.30023803972650626,0,1
A041,server,stairs_10_down,202,17,height_only,1,0.3380285152458252,0,0.18952503948300717,0,1
A041,server,stairs_10_down,202,18,height_only,1,0.3359771708753657,0,0.22020719822405815,0,1
A041,server,stairs_10_down,202,19,height_only,1,0.3341231105480602,1,0.4127446158655833,0,1
A041,server,stairs_10_down,202,20,height_only,1,0.36135332294326417,1,0.26292506595951387,0,1
A041,server,stairs_10_down,202,21,height_only,1,0.36766953208548503,0,0.15548713694252747,0,1
A041,server,stairs_10_down,202,22,height_only,1,0.30944837924630886,0,0.20926421089609554,0,0
A041,server,stairs_10_down,202,23,height_only,1,0.3485346852458097,0,0.1822771585666978,0,1
A041,server,stairs_10_down,202,24,height_only,1,0.3220760944214734,0,0.262148445009781,0,0
A041,server,stairs_10_down,202,25,height_only,1,0.2742758221964148,0,0.2825272273677137,0,1
A041,server,stairs_10_down,202,26,height_only,1,0.34885801406786404,0,0.35849582304375777,0,1
A041,server,stairs_10_down,202,27,height_only,1,0.36240557672824447,0,0.06577324368642887,0,1
A041,server,stairs_10_down,202,28,height_only,1,0.3649230688650978,0,0.4365904315153831,0,0
A041,server,stairs_10_down,202,29,height_only,1,0.33446534041733667,0,0.3776614120592816,0,0
A041,server,stairs_10_down,202,30,terminated,1,0.35271306335926056,0,0.39752837396421836,0,0
A041,server,stairs_10_down,202,31,height_only,1,0.33849814589967064,0,0.28654282378316426,0,0
A041,server,stairs_10_down,303,0,height_only,1,0.3603761819275943,0,0.2617396805531395,0,0
A041,server,stairs_10_down,303,1,height_only,1,0.3526922136067069,0,0.23571621939019877,0,0
A041,server,stairs_10_down,303,2,height_only,1,0.34126224890749723,0,0.17765782869913788,0,0
A041,server,stairs_10_down,303,3,height_only,1,0.3772619943567776,0,0.25226654513465807,0,0
A041,server,stairs_10_down,303,4,height_only,1,0.31795419728692204,0,0.3296897812804322,0,0
A041,server,stairs_10_down,303,5,height_only,1,0.3085692953617178,0,0.25019432021628185,0,0
A041,server,stairs_10_down,303,6,height_only,1,0.33433029493864846,1,0.233828532609685,0,1
A041,server,stairs_10_down,303,7,height_only,1,0.3743617552168229,0,0.38545662001780434,0,1
A041,server,stairs_10_down,303,8,height_only,1,0.30855011573449814,0,0.2634840937427534,0,0
A041,server,stairs_10_down,303,9,height_only,1,0.3491069339016542,0,0.2955581909465178,0,1
A041,server,stairs_10_down,303,10,height_only,1,0.27804785592352005,0,0.3732757106670966,0,1
A041,server,stairs_10_down,303,11,terminated,1,0.3279768210203252,0,0.4941706994902763,0,0
A041,server,stairs_10_down,303,12,height_only,1,0.3626318219351896,0,0.31000983563674367,0,1
A041,server,stairs_10_down,303,13,height_only,1,0.33721627414545274,0,0.2930865767725519,0,1
A041,server,stairs_10_down,303,14,height_only,1,0.3549992939367651,0,0.3947881868525315,0,1
A041,server,stairs_10_down,303,15,height_only,1,0.3306932925859237,0,0.3142602152549602,0,1
A041,server,stairs_10_down,303,16,height_only,1,0.33786032775187874,0,0.29703042677922536,0,1
A041,server,stairs_10_down,303,17,height_only,1,0.3754880344644587,0,0.34355559048660356,0,0
A041,server,stairs_10_down,303,18,height_only,1,0.29553730738035494,0,0.3889084863067855,0,1
A041,server,stairs_10_down,303,19,terminated,1,0.34560099387551374,0,0.06719310584232224,1,0
A041,server,stairs_10_down,303,20,height_only,1,0.295587259499147,1,0.24720317598753994,0,0
A041,server,stairs_10_down,303,21,height_only,1,0.3703520620729834,0,0.08976505868872708,0,1
A041,server,stairs_10_down,303,22,height_only,1,0.35603615155513274,0,0.25797388241586283,0,1
A041,server,stairs_10_down,303,23,height_only,1,0.3623816040269831,0,0.24756598520948964,0,1
A041,server,stairs_10_down,303,24,height_only,1,0.32362269446811576,0,0.1465052622974929,0,1
A041,server,stairs_10_down,303,25,none,0,0.36090003288684686,0,0.46560831891159016,0,0
A041,server,stairs_10_down,303,26,height_only,1,0.34230312115368355,0,0.08003136940687071,0,0
A041,server,stairs_10_down,303,27,terminated,1,0.32512240566034367,0,0.36085803199718525,0,1
A041,server,stairs_10_down,303,28,terminated,1,0.3196451690267114,0,0.56154335057088,1,1
A041,server,stairs_10_down,303,29,height_only,1,0.37966028262268414,0,0.32623567473776127,0,1
A041,server,stairs_10_down,303,30,height_only,1,0.3301213404392814,0,0.2684608881370714,0,0
A041,server,stairs_10_down,303,31,height_only,1,0.3417700588065673,0,0.29294928010821863,0,1
A042,server,rough_lateral,101,0,none,0,0.2740362340753729,,0.2966149118755489,0,0
A042,server,rough_lateral,101,1,none,0,0.38118994092558794,,0.25997265801546837,0,0
A042,server,rough_lateral,101,2,terminated,1,0.35361193295787363,,0.218280758317588,1,0
A042,server,rough_lateral,101,3,none,0,0.3905680237766256,,0.26267455579901827,0,0
A042,server,rough_lateral,101,4,none,0,0.3753131063864193,,0.2487765626266784,0,0
A042,server,rough_lateral,101,5,terminated,1,0.37115556997730137,,0.21011731445774823,1,0
A042,server,rough_lateral,101,6,terminated,1,0.3817892166223118,,0.23483033787525912,1,0
A042,server,rough_lateral,101,7,none,0,0.3600541676748245,,0.21586017226379473,0,0
A042,server,rough_lateral,101,8,terminated,1,0.37928222797133704,,0.17299517360847824,1,0
A042,server,rough_lateral,101,9,none,0,0.3655772412365133,,0.2228799308677908,0,0
A042,server,rough_lateral,101,10,terminated,1,0.3306274724038527,,0.22042346431816948,1,0
A042,server,rough_lateral,101,11,none,0,0.3745487603274259,,0.292319505268439,0,0
A042,server,rough_lateral,101,12,none,0,0.36964998286675643,,0.2058272520888844,0,0
A042,server,rough_lateral,101,13,terminated,1,0.37191217747282856,,0.18848350359743926,1,0
A042,server,rough_lateral,101,14,none,0,0.3641312762218363,,0.28654424530259887,0,0
A042,server,rough_lateral,101,15,terminated,1,0.366297073542753,,0.22558653199930478,1,0
A042,server,rough_lateral,101,16,terminated,1,0.3790859681240377,,0.2022169759594922,0,0
A042,server,rough_lateral,101,17,terminated,1,0.38725050590573784,,0.24548717367370743,0,0
A042,server,rough_lateral,101,18,terminated,1,0.34436021490211793,,0.162160794282891,1,0
A042,server,rough_lateral,101,19,tilt_or_both,1,0.3562372858352202,,0.22110792378810254,1,0
A042,server,rough_lateral,101,20,none,0,0.39222118107074083,,0.17329912612186327,0,0
A042,server,rough_lateral,101,21,terminated,1,0.3745547967320457,,0.11374397872440742,1,0
A042,server,rough_lateral,101,22,terminated,1,0.34998977263981007,,0.16094181126822318,1,0
A042,server,rough_lateral,101,23,terminated,1,0.38658561210900066,,0.1835475316375051,1,0
A042,server,rough_lateral,101,24,none,0,0.359459256344938,,0.2405006456777849,0,0
A042,server,rough_lateral,101,25,terminated,1,0.3734069727958842,,0.1738665707990931,1,0
A042,server,rough_lateral,101,26,none,0,0.3476363708947432,,0.2584009685681738,0,0
A042,server,rough_lateral,101,27,terminated,1,0.35726636090380626,,0.24600185826259344,0,0
A042,server,rough_lateral,101,28,none,0,0.3779518213023476,,0.1919239991590476,0,0
A042,server,rough_lateral,101,29,none,0,0.37419190468953895,,0.22386067980825486,0,0
A042,server,rough_lateral,101,30,tilt_or_both,1,0.39026743221410454,,0.1518982847228277,1,0
A042,server,rough_lateral,101,31,none,0,0.38099819429736725,,0.17591133874619908,0,0
A042,server,rough_lateral,202,0,terminated,1,0.3815863139648489,,0.16864342751223485,1,0
A042,server,rough_lateral,202,1,terminated,1,0.38133263093902464,,0.1480807036672429,1,0
A042,server,rough_lateral,202,2,tilt_or_both,1,0.38349045621838795,,0.18730483320909622,1,0
A042,server,rough_lateral,202,3,none,0,0.3654388708864304,,0.20827935849825777,0,0
A042,server,rough_lateral,202,4,terminated,1,0.33872641750516735,,0.2289692888636601,1,0
A042,server,rough_lateral,202,5,none,0,0.3776815169475933,,0.2084594594731957,0,0
A042,server,rough_lateral,202,6,none,0,0.3215283914045854,,0.2714929410003544,0,0
A042,server,rough_lateral,202,7,none,0,0.3699220762373929,,0.2750245818649961,0,0
A042,server,rough_lateral,202,8,none,0,0.3604472514620439,,0.23689967389901187,0,0
A042,server,rough_lateral,202,9,terminated,1,0.30902067121656185,,0.25931803155579597,1,0
A042,server,rough_lateral,202,10,none,0,0.36947056013632584,,0.2997518540229224,0,0
A042,server,rough_lateral,202,11,terminated,1,0.37428173717649227,,0.2878699199068739,1,0
A042,server,rough_lateral,202,12,terminated,1,0.3598797503002187,,0.2576273675614938,1,0
A042,server,rough_lateral,202,13,terminated,1,0.34317766520428783,,0.16310871808630853,1,0
A042,server,rough_lateral,202,14,terminated,1,0.3571668914295135,,0.24750392066436286,1,0
A042,server,rough_lateral,202,15,terminated,1,0.3294039081762181,,0.22682049138591773,1,0
A042,server,rough_lateral,202,16,tilt_or_both,1,0.38678202654588667,,0.17794775274411678,1,0
A042,server,rough_lateral,202,17,none,0,0.3640622891844275,,0.22438641265382495,0,0
A042,server,rough_lateral,202,18,terminated,1,0.3785740630352561,,0.25071906153229295,0,0
A042,server,rough_lateral,202,19,terminated,1,0.38266848553629484,,0.2111645309405269,1,0
A042,server,rough_lateral,202,20,none,0,0.32236965375150584,,0.2945266553790925,0,0
A042,server,rough_lateral,202,21,terminated,1,0.3855774591472697,,0.20927056205404745,1,0
A042,server,rough_lateral,202,22,terminated,1,0.31452296506912314,,0.3108589196390116,1,0
A042,server,rough_lateral,202,23,terminated,1,0.36401341122420716,,0.17235078641087329,1,0
A042,server,rough_lateral,202,24,none,0,0.38546803577698485,,0.134826456668066,0,0
A042,server,rough_lateral,202,25,none,0,0.3378123028233727,,0.2868284468491688,0,0
A042,server,rough_lateral,202,26,none,0,0.3826340655273295,,0.18664339191228382,0,0
A042,server,rough_lateral,202,27,none,0,0.27089808188020226,,0.2829657663613426,0,0
A042,server,rough_lateral,202,28,none,0,0.35649770729363284,,0.2957572380975902,0,0
A042,server,rough_lateral,202,29,terminated,1,0.3838609322347743,,0.20489834701957166,1,0
A042,server,rough_lateral,202,30,terminated,1,0.28567283070661165,,0.2794298555020498,1,0
A042,server,rough_lateral,202,31,terminated,1,0.3573795341074786,,0.2728430563142361,0,0
A042,server,rough_lateral,303,0,none,0,0.3762259278546043,,0.2471501893301127,0,0
A042,server,rough_lateral,303,1,none,0,0.36366286786163554,,0.21316948676684097,0,0
A042,server,rough_lateral,303,2,none,0,0.37564626591090855,,0.2787011228017875,0,0
A042,server,rough_lateral,303,3,terminated,1,0.3856989466410907,,0.228558341060351,1,0
A042,server,rough_lateral,303,4,terminated,1,0.37622230376470533,,0.2533032623337123,1,0
A042,server,rough_lateral,303,5,terminated,1,0.3605556398789513,,0.22297974482172117,1,0
A042,server,rough_lateral,303,6,terminated,1,0.36644403206154624,,0.1885458844672196,1,0
A042,server,rough_lateral,303,7,terminated,1,0.36121775090375685,,0.1551453727725655,1,0
A042,server,rough_lateral,303,8,none,0,0.3565706919061946,,0.24044914399451808,0,0
A042,server,rough_lateral,303,9,terminated,1,0.38209974024703797,,0.2048955354210735,0,0
A042,server,rough_lateral,303,10,none,0,0.3853513505210213,,0.1850866043283815,0,0
A042,server,rough_lateral,303,11,terminated,1,0.33295390750953857,,0.24899779324595822,1,0
A042,server,rough_lateral,303,12,none,0,0.37514403063983204,,0.26336782075195375,0,0
A042,server,rough_lateral,303,13,none,0,0.3550422002765584,,0.19791643793786953,0,0
A042,server,rough_lateral,303,14,tilt_or_both,1,0.3696112847105067,,0.23781584164677685,1,0
A042,server,rough_lateral,303,15,none,0,0.3616536195902901,,0.2510256921294162,0,0
A042,server,rough_lateral,303,16,none,0,0.29253909661170635,,0.20519828890723513,0,0
A042,server,rough_lateral,303,17,terminated,1,0.36656832344391765,,0.24279901626549766,1,0
A042,server,rough_lateral,303,18,tilt_or_both,1,,,,1,0
A042,server,rough_lateral,303,19,terminated,1,0.36244674863662313,,0.2602156728955702,1,0
A042,server,rough_lateral,303,20,none,0,0.3288923503562091,,0.25803504485317796,0,0
A042,server,rough_lateral,303,21,none,0,0.38943622703539493,,0.25818387268381865,0,0
A042,server,rough_lateral,303,22,none,0,0.3701809805663512,,0.25358500556963415,0,0
A042,server,rough_lateral,303,23,terminated,1,0.325495268332767,,0.24998083173523195,0,0
A042,server,rough_lateral,303,24,terminated,1,0.3811873556936488,,0.1609255594695823,1,0
A042,server,rough_lateral,303,25,terminated,1,0.34180180680624306,,0.2714203473246913,0,0
A042,server,rough_lateral,303,26,none,0,0.2676726967733811,,0.20687431745459503,0,0
A042,server,rough_lateral,303,27,none,0,0.3539891166483017,,0.24086194851193604,0,0
A042,server,rough_lateral,303,28,terminated,1,0.36603948529710106,,0.33187889513394814,0,0
A042,server,rough_lateral,303,29,terminated,1,0.3783319088864454,,0.2274567404902188,1,0
A042,server,rough_lateral,303,30,height_only,1,0.3685411115221799,,0.254684261620827,0,0
A042,server,rough_lateral,303,31,none,0,0.3900389186041878,,0.18413195458017415,0,0
A042,server,rough_forward,101,0,none,0,0.30032251918698377,,0.36356066338786464,0,0
A042,server,rough_forward,101,1,none,0,0.3030756115913391,,0.4445686977347376,0,0
A042,server,rough_forward,101,2,height_only,1,0.30501491046525575,,0.4618959154975723,0,0
A042,server,rough_forward,101,3,none,0,0.32847260958689417,,0.42159001584907924,0,0
A042,server,rough_forward,101,4,none,0,0.25233630581016847,,0.4750014391072145,0,0
A042,server,rough_forward,101,5,none,0,0.2961873816137008,,0.25238088703983375,0,0
A042,server,rough_forward,101,6,none,0,0.33478308449135746,,0.2744913160828271,0,0
A042,server,rough_forward,101,7,none,0,0.31030661521110947,,0.4593929125763722,0,0
A042,server,rough_forward,101,8,none,0,0.31598840335154915,,0.3622458948853164,0,0
A042,server,rough_forward,101,9,none,0,0.336751767020812,,0.44537526584435466,0,0
A042,server,rough_forward,101,10,height_only,1,0.2639041883263359,,0.28828745670757583,0,1
A042,server,rough_forward,101,11,height_only,1,,,0.7726598328432756,0,0
A042,server,rough_forward,101,12,none,0,0.3194901471469491,,0.4296414482774641,0,0
A042,server,rough_forward,101,13,none,0,0.3321812838953446,,0.39087354845393857,0,0
A042,server,rough_forward,101,14,none,0,0.28269403144956273,,0.29780433969133907,0,0
A042,server,rough_forward,101,15,none,0,0.30910147487479733,,0.20316858945291383,0,0
A042,server,rough_forward,101,16,none,0,0.33918650894560276,,0.31762764985871117,0,0
A042,server,rough_forward,101,17,none,0,0.33937176591891016,,0.32011159119722965,0,0
A042,server,rough_forward,101,18,none,0,0.3225925726527199,,0.36228046339422715,0,0
A042,server,rough_forward,101,19,height_only,1,0.3132532675636006,,0.2792692034747357,0,1
A042,server,rough_forward,101,20,none,0,0.30010581646054824,,0.3626795114497434,0,0
A042,server,rough_forward,101,21,none,0,0.2960432370238125,,0.4506169661264145,0,0
A042,server,rough_forward,101,22,none,0,0.2923126941058725,,0.38588177325496376,0,0
A042,server,rough_forward,101,23,none,0,0.3301460240135856,,0.41669209172109234,0,0
A042,server,rough_forward,101,24,none,0,0.32629630710670654,,0.3139085305398558,0,0
A042,server,rough_forward,101,25,terminated,1,0.30270157284277643,,0.29031352181689996,0,0
A042,server,rough_forward,101,26,none,0,0.3322943932710484,,0.12533605064533737,0,0
A042,server,rough_forward,101,27,terminated,1,0.2865675652728361,,0.3115736878656107,0,0
A042,server,rough_forward,101,28,none,0,0.3349907039639784,,0.1758633786265456,0,0
A042,server,rough_forward,101,29,none,0,0.3136098190424914,,0.5033016749435704,0,0
A042,server,rough_forward,101,30,none,0,0.3556743967023125,,0.5011645036692902,0,0
A042,server,rough_forward,101,31,none,0,0.34241838617758313,,0.2905043954036857,0,0
A042,server,rough_forward,202,0,none,0,0.32144127045085724,,0.36601448515478163,0,0
A042,server,rough_forward,202,1,none,0,0.2811385326207003,,0.17169801344846036,0,0
A042,server,rough_forward,202,2,none,0,0.35295796187166223,,0.3780876407575934,0,0
A042,server,rough_forward,202,3,none,0,0.33120842596745104,,0.44364010214385735,0,0
A042,server,rough_forward,202,4,none,0,0.36735813200155043,,0.4579223150393988,0,0
A042,server,rough_forward,202,5,terminated,1,0.30895117491005575,,0.3140615430114255,1,0
A042,server,rough_forward,202,6,none,0,0.3327368050813675,,0.443271852518083,0,0
A042,server,rough_forward,202,7,none,0,0.3236155678881681,,0.4191614709150571,0,0
A042,server,rough_forward,202,8,height_only,1,0.31357900073184053,,0.2081606207120379,0,0
A042,server,rough_forward,202,9,none,0,0.3174914500133239,,0.3503273120554863,0,0
A042,server,rough_forward,202,10,none,0,0.337680982874039,,0.4462274084554976,0,0
A042,server,rough_forward,202,11,none,0,0.32526249753281394,,0.12346292744670848,0,0
A042,server,rough_forward,202,12,none,0,0.3198855115289994,,0.32240648866640237,0,0
A042,server,rough_forward,202,13,none,0,0.333846939757546,,0.2503134957032418,0,0
A042,server,rough_forward,202,14,none,0,0.30678655868545573,,0.1508388664043651,0,0
A042,server,rough_forward,202,15,height_only,1,0.30137627639553766,,0.3300079094173594,0,0
A042,server,rough_forward,202,16,none,0,0.358467695387927,,0.4584630503712312,0,0
A042,server,rough_forward,202,17,none,0,0.3064944807858391,,0.3833028901359439,0,0
A042,server,rough_forward,202,18,terminated,1,0.3348724624530517,,0.38971990766845127,0,0
A042,server,rough_forward,202,19,none,0,0.34540054799719927,,0.21157665654306235,0,0
A042,server,rough_forward,202,20,none,0,0.30616669412602715,,0.5015718970200436,0,0
A042,server,rough_forward,202,21,none,0,0.3014490756599661,,0.2828285047445255,0,0
A042,server,rough_forward,202,22,terminated,1,0.254323628895423,,0.5373592194763125,1,0
A042,server,rough_forward,202,23,height_only,1,0.2962521854887672,,0.38087878870431396,0,0
A042,server,rough_forward,202,24,none,0,0.3459193697747062,,0.4255159660796805,0,0
A042,server,rough_forward,202,25,none,0,0.31274823485848735,,0.12756766239208592,0,0
A042,server,rough_forward,202,26,none,0,0.35121762330200584,,0.3694364065314137,0,0
A042,server,rough_forward,202,27,none,0,0.2030265359955038,,0.22897694234114346,0,0
A042,server,rough_forward,202,28,none,0,0.27730431961503255,,0.39745115334902903,0,0
A042,server,rough_forward,202,29,terminated,1,,,0.5581788319559494,0,1
A042,server,rough_forward,202,30,height_only,1,0.27168870936421785,,0.21164089305042152,0,0
A042,server,rough_forward,202,31,height_only,1,0.33446940739843295,,0.3035107104363484,0,0
A042,server,rough_forward,303,0,none,0,0.33215719780182457,,0.31526352137613434,0,0
A042,server,rough_forward,303,1,none,0,0.2560043359663397,,0.17811706111702877,0,0
A042,server,rough_forward,303,2,none,0,0.3642159615130348,,0.42160025710656024,0,0
A042,server,rough_forward,303,3,none,0,0.34107410796185866,,0.36768303947891934,0,0
A042,server,rough_forward,303,4,none,0,0.3315130539915778,,0.25330649113641496,0,0
A042,server,rough_forward,303,5,none,0,0.3185986216693001,,0.22616177239159974,0,0
A042,server,rough_forward,303,6,none,0,0.2758745776618866,,0.3146848518914355,0,0
A042,server,rough_forward,303,7,height_only,1,0.32802123524607185,,0.2482502615060991,0,0
A042,server,rough_forward,303,8,none,0,0.3316312555801422,,0.2591797668392425,0,0
A042,server,rough_forward,303,9,none,0,0.35345459741385865,,0.2358999091868099,0,0
A042,server,rough_forward,303,10,none,0,0.3255379804793526,,0.14412814634336163,0,0
A042,server,rough_forward,303,11,none,0,0.3104421790430253,,0.3893284546064596,0,0
A042,server,rough_forward,303,12,terminated,1,0.28756404106310984,,0.4422188536128731,0,0
A042,server,rough_forward,303,13,none,0,0.3121955907121699,,0.3873958295044464,0,0
A042,server,rough_forward,303,14,none,0,0.3001571510405464,,0.22651905035140607,0,0
A042,server,rough_forward,303,15,none,0,0.33836491541429,,0.34685907653355835,0,0
A042,server,rough_forward,303,16,none,0,0.3068915963332284,,0.4763462245644072,0,0
A042,server,rough_forward,303,17,none,0,0.30862409936234275,,0.22992598073341008,0,0
A042,server,rough_forward,303,18,none,0,0.3131912044662843,,0.15108752110357124,0,0
A042,server,rough_forward,303,19,height_only,1,0.30462903724634716,,0.33234193566120745,0,0
A042,server,rough_forward,303,20,height_only,1,0.30218152701854706,,0.375524196120897,0,0
A042,server,rough_forward,303,21,height_only,1,0.3466153719367828,,0.24223822460511796,0,0
A042,server,rough_forward,303,22,none,0,0.3604599311549396,,0.46723956302797526,0,0
A042,server,rough_forward,303,23,none,0,0.3104091826925941,,0.28605713500010027,0,0
A042,server,rough_forward,303,24,none,0,0.3515674548353104,,0.17020231736958805,0,0
A042,server,rough_forward,303,25,none,0,0.2932867124118907,,0.2767623460313711,0,0
A042,server,rough_forward,303,26,none,0,0.3210562389483426,,0.44921507992602566,0,0
A042,server,rough_forward,303,27,none,0,0.3027413081039082,,0.4578177780114806,0,0
A042,server,rough_forward,303,28,none,0,0.375040438803122,,0.4759573378556888,0,0
A042,server,rough_forward,303,29,none,0,0.32057873211442467,,0.4800060601073925,0,0
A042,server,rough_forward,303,30,none,0,0.2826308676584519,,0.15657249936667567,0,0
A042,server,rough_forward,303,31,none,0,0.3095975266420905,,0.18649187769663667,0,0
A042,server,stairs_10_down,101,0,height_only,1,0.3232459440269572,0,0.28348740652356214,0,1
A042,server,stairs_10_down,101,1,none,0,0.30867057249826546,0,0.48796823055325367,0,0
A042,server,stairs_10_down,101,2,height_only,1,0.3298787065846397,0,0.3295588471539941,0,1
A042,server,stairs_10_down,101,3,height_only,1,0.29492902699957557,0,0.3369621031378869,0,1
A042,server,stairs_10_down,101,4,height_only,1,0.33668896500120826,0,0.17544407684726177,0,1
A042,server,stairs_10_down,101,5,height_only,1,0.35717816642898925,0,0.3839620378201788,0,1
A042,server,stairs_10_down,101,6,height_only,1,0.3718802465952654,0,0.28981211056416395,0,1
A042,server,stairs_10_down,101,7,height_only,1,0.3693600643605472,0,0.16305455416276737,0,0
A042,server,stairs_10_down,101,8,height_only,1,0.34643584282640466,0,0.2361050335061893,0,0
A042,server,stairs_10_down,101,9,height_only,1,0.3671847051158946,0,0.23372156899134147,0,1
A042,server,stairs_10_down,101,10,height_only,1,0.33055627959616046,0,0.4554775512440997,0,1
A042,server,stairs_10_down,101,11,height_only,1,0.2903040220393217,0,0.28186914868055857,0,0
A042,server,stairs_10_down,101,12,height_only,1,0.3295265560481637,0,0.20837457813528776,0,1
A042,server,stairs_10_down,101,13,height_only,1,0.3221843413171921,0,0.3212501735446161,0,1
A042,server,stairs_10_down,101,14,none,0,0.2710306987883573,0,0.493065229215323,0,0
A042,server,stairs_10_down,101,15,height_only,1,0.35883438515471905,0,0.19266873739394677,0,1
A042,server,stairs_10_down,101,16,height_only,1,0.3449540535077692,0,0.40134914404784183,0,1
A042,server,stairs_10_down,101,17,height_only,1,0.3245160025868186,0,0.20946591219367758,0,1
A042,server,stairs_10_down,101,18,none,0,0.28921879310021426,0,0.48440924582990286,0,0
A042,server,stairs_10_down,101,19,height_only,1,0.34570178477203145,0,0.44326968640583636,0,1
A042,server,stairs_10_down,101,20,height_only,1,0.3678704981497902,0,0.31522157049491295,0,0
A042,server,stairs_10_down,101,21,none,0,0.3356469669603409,0,0.46435356405611733,0,0
A042,server,stairs_10_down,101,22,height_only,1,0.3313960115858578,0,0.2172539856914451,0,1
A042,server,stairs_10_down,101,23,height_only,1,0.25873048595566167,0,0.4866817486959411,0,1
A042,server,stairs_10_down,101,24,terminated,1,0.30028832054393173,0,0.2378827446865532,0,0
A042,server,stairs_10_down,101,25,height_only,1,0.3535884146225006,0,0.4564358083766292,0,0
A042,server,stairs_10_down,101,26,none,0,0.33539102644843855,0,0.4738912450700299,0,0
A042,server,stairs_10_down,101,27,none,0,0.24985583038891063,0,0.48899015918967703,0,0
A042,server,stairs_10_down,101,28,height_only,1,0.3251713916739041,0,0.2769166626618148,0,1
A042,server,stairs_10_down,101,29,height_only,1,0.310216483983764,0,0.19419576306066805,0,1
A042,server,stairs_10_down,101,30,height_only,1,0.36097351146891793,0,0.44252385573812175,0,0
A042,server,stairs_10_down,101,31,height_only,1,0.3347466959354074,0,0.2338765731386531,0,1
A042,server,stairs_10_down,202,0,height_only,1,0.29323348865152044,0,0.47575677705776165,0,1
A042,server,stairs_10_down,202,1,height_only,1,0.27578099239318765,0,0.43318075661187916,0,1
A042,server,stairs_10_down,202,2,height_only,1,0.3715425642097697,0,0.2540101930484649,0,1
A042,server,stairs_10_down,202,3,height_only,1,0.32593260450477907,0,0.3672013096898476,0,1
A042,server,stairs_10_down,202,4,height_only,1,0.3662998665940953,0,0.30642115580499135,0,1
A042,server,stairs_10_down,202,5,terminated,1,0.28727533233994473,0,0.18164792054102633,0,1
A042,server,stairs_10_down,202,6,height_only,1,0.3072815873724891,0,0.2402739551834815,0,1
A042,server,stairs_10_down,202,7,height_only,1,0.3062783194416985,0,0.46806397859585996,0,0
A042,server,stairs_10_down,202,8,height_only,1,0.30936866146039194,0,0.2574363845177823,0,1
A042,server,stairs_10_down,202,9,height_only,1,0.3213450374769017,0,0.4449211129774645,0,1
A042,server,stairs_10_down,202,10,height_only,1,0.35765244999033885,0,0.3107029820859425,0,1
A042,server,stairs_10_down,202,11,height_only,1,0.3471772001388876,0,0.2431742139802131,0,1
A042,server,stairs_10_down,202,12,height_only,1,0.30821283305073804,0,0.3142359049146683,0,1
A042,server,stairs_10_down,202,13,height_only,1,0.35440431742425904,0,0.4252761910866223,0,1
A042,server,stairs_10_down,202,14,height_only,1,0.3403564004655828,0,0.14796157517718134,0,1
A042,server,stairs_10_down,202,15,terminated,1,0.34357832117195436,0,0.16349760458324783,0,1
A042,server,stairs_10_down,202,16,height_only,1,0.33483118583811794,0,0.21546375306194324,0,1
A042,server,stairs_10_down,202,17,height_only,1,0.31760799079974067,0,0.36777995406368,0,0
A042,server,stairs_10_down,202,18,terminated,1,0.3342423791235144,0,0.2048859383934671,0,1
A042,server,stairs_10_down,202,19,height_only,1,0.31608608118034304,0,0.4559330833648669,0,1
A042,server,stairs_10_down,202,20,none,0,0.3435579556672968,0,0.46649922217900264,0,0
A042,server,stairs_10_down,202,21,height_only,1,0.3599925507358051,0,0.36819443724731465,0,1
A042,server,stairs_10_down,202,22,height_only,1,0.30691518144492796,0,0.25820718425049555,0,1
A042,server,stairs_10_down,202,23,height_only,1,0.33584840340729066,0,0.17916413829166525,0,1
A042,server,stairs_10_down,202,24,terminated,1,0.30209192490195214,0,0.18402918173371222,0,1
A042,server,stairs_10_down,202,25,none,0,0.26442044782128565,0,0.488161468468815,0,0
A042,server,stairs_10_down,202,26,height_only,1,0.3359438926778375,0,0.30159862092949596,0,0
A042,server,stairs_10_down,202,27,height_only,1,0.3451517445837113,0,0.4017301955160966,0,1
A042,server,stairs_10_down,202,28,height_only,1,0.3516099711152959,0,0.36092494076785486,0,1
A042,server,stairs_10_down,202,29,height_only,1,0.30451805722267233,0,0.23385115212903868,0,1
A042,server,stairs_10_down,202,30,height_only,1,0.33794546509809037,0,0.43137572659686246,0,1
A042,server,stairs_10_down,202,31,height_only,1,0.3204545918951697,0,0.4708862537738807,0,0
A042,server,stairs_10_down,303,0,none,0,0.34931307457347605,0,0.4643260528201359,0,0
A042,server,stairs_10_down,303,1,height_only,1,0.32693410286291397,0,0.2874101654952199,0,1
A042,server,stairs_10_down,303,2,terminated,1,0.31983554482778764,0,0.23594959911668703,0,1
A042,server,stairs_10_down,303,3,terminated,1,0.3551424430175261,0,0.19328552686314143,0,1
A042,server,stairs_10_down,303,4,height_only,1,0.2551093870465131,0,0.21903807982152285,0,0
A042,server,stairs_10_down,303,5,height_only,1,0.3195212354315794,0,0.27549783527585486,0,1
A042,server,stairs_10_down,303,6,height_only,1,0.3261290672309896,0,0.1886404077318954,0,1
A042,server,stairs_10_down,303,7,height_only,1,0.3507962327271222,0,0.30656809282359065,0,1
A042,server,stairs_10_down,303,8,height_only,1,0.2509957631641531,0,0.2250311567266435,0,0
A042,server,stairs_10_down,303,9,height_only,1,0.3463989913782334,0,0.22173151983957917,0,1
A042,server,stairs_10_down,303,10,height_only,1,0.2751874500576825,0,0.4787233616810296,0,1
A042,server,stairs_10_down,303,11,height_only,1,0.29587329677081997,0,0.4529830853478796,0,1
A042,server,stairs_10_down,303,12,height_only,1,0.34865067197996025,0,0.30384573585471114,0,1
A042,server,stairs_10_down,303,13,height_only,1,0.33874622441549357,0,0.18725549333166772,0,1
A042,server,stairs_10_down,303,14,height_only,1,0.3271947257659014,0,0.32545999183849816,0,0
A042,server,stairs_10_down,303,15,height_only,1,0.3270129257026203,0,0.29677563397269824,0,1
A042,server,stairs_10_down,303,16,height_only,1,0.318922117432171,0,0.2099024977285661,0,1
A042,server,stairs_10_down,303,17,height_only,1,0.3578226085812013,0,0.45879155782935205,0,0
A042,server,stairs_10_down,303,18,height_only,1,0.27660845921320076,0,0.271613400079505,0,1
A042,server,stairs_10_down,303,19,terminated,1,0.32172427489795785,0,0.16531578675739136,0,1
A042,server,stairs_10_down,303,20,height_only,1,0.2832583848805351,0,0.18847550643428532,0,1
A042,server,stairs_10_down,303,21,height_only,1,0.3584891622238618,0,0.19388262760124364,0,1
A042,server,stairs_10_down,303,22,height_only,1,0.3297944613159659,0,0.23744632564343995,0,1
A042,server,stairs_10_down,303,23,none,0,0.3379231864277692,0,0.47027772794962935,0,0
A042,server,stairs_10_down,303,24,height_only,1,0.3085464981787982,0,0.30658604382309623,0,1
A042,server,stairs_10_down,303,25,height_only,1,0.3587542995412082,0,0.3294080102038608,0,0
A042,server,stairs_10_down,303,26,height_only,1,0.330109422378999,0,0.19795273352063716,0,1
A042,server,stairs_10_down,303,27,height_only,1,0.296839166133799,0,0.3180103795589538,0,1
A042,server,stairs_10_down,303,28,height_only,1,0.3376291462763108,0,0.381329539626343,0,1
A042,server,stairs_10_down,303,29,height_only,1,0.3601730846784969,0,0.24397272976509782,0,1
A042,server,stairs_10_down,303,30,height_only,1,0.30463516130485635,0,0.2285741914073668,0,1
A042,server,stairs_10_down,303,31,none,0,0.3203348328563619,0,0.48389908828164274,0,0
A042,server,stairs_15_down,101,0,height_only,1,0.3135613561632799,0,0.21189255357938705,0,1
A042,server,stairs_15_down,101,1,height_only,1,0.2704393376003612,0,0.4272681171541888,0,0
A042,server,stairs_15_down,101,2,height_only,1,0.3389618903557885,0,0.25861588292564763,0,1
A042,server,stairs_15_down,101,3,height_only,1,0.2967720434946173,0,0.1575190391331719,0,1
A042,server,stairs_15_down,101,4,height_only,1,0.33406589327649006,0,0.12319906947963083,0,1
A042,server,stairs_15_down,101,5,height_only,1,0.36211417368389065,0,0.3619169188278683,0,1
A042,server,stairs_15_down,101,6,height_only,1,0.370674565673512,0,0.3272836063398733,0,1
A042,server,stairs_15_down,101,7,height_only,1,0.36662472633117027,0,0.28365623339156204,0,1
A042,server,stairs_15_down,101,8,height_only,1,0.3371305478447898,0,0.1778978534975328,0,1
A042,server,stairs_15_down,101,9,height_only,1,0.36245206699651833,0,0.13501439448548777,0,1
A042,server,stairs_15_down,101,10,height_only,1,0.3433026824405486,0,0.11085739070759894,0,1
A042,server,stairs_15_down,101,11,terminated,1,0.28578478034167365,0,0.3753907416249718,0,0
A042,server,stairs_15_down,101,12,terminated,1,0.316020644603566,0,0.15689800035266763,0,1
A042,server,stairs_15_down,101,13,height_only,1,0.28881699611796413,0,0.2860544902563911,0,1
A042,server,stairs_15_down,101,14,height_only,1,0.22503701808618354,0,0.45768824150711473,0,0
A042,server,stairs_15_down,101,15,height_only,1,0.3537772766409074,0,0.3513973006890696,0,0
A042,server,stairs_15_down,101,16,height_only,1,0.3368741796615927,0,0.42302257573152,0,1
A042,server,stairs_15_down,101,17,height_only,1,0.3091483540075985,0,0.13008027111330112,0,1
A042,server,stairs_15_down,101,18,height_only,1,0.22764866524201666,0,0.35860155872200944,0,1
A042,server,stairs_15_down,101,19,height_only,1,0.34133655310952093,0,0.3434950291137519,0,1
A042,server,stairs_15_down,101,20,height_only,1,0.36689702616655895,0,0.2851530738355091,0,1
A042,server,stairs_15_down,101,21,height_only,1,0.32426269456027035,0,0.33346362798964474,0,1
A042,server,stairs_15_down,101,22,height_only,1,0.3199524751959,0,0.13386355780915554,0,1
A042,server,stairs_15_down,101,23,height_only,1,0.28639945180658355,0,0.4810400878823691,0,1
A042,server,stairs_15_down,101,24,terminated,1,0.2659291964482496,0,0.3042752507368684,0,1
A042,server,stairs_15_down,101,25,terminated,1,0.3533349540781847,0,0.31301830252220075,0,1
A042,server,stairs_15_down,101,26,height_only,1,0.32620546094236524,0,0.37026634036714917,0,1
A042,server,stairs_15_down,101,27,height_only,1,0.2249129683894907,0,0.40579735772445696,0,0
A042,server,stairs_15_down,101,28,height_only,1,0.27590315498132756,0,0.36572081177576393,0,1
A042,server,stairs_15_down,101,29,height_only,1,0.2834010299514321,0,0.2339270276277742,0,1
A042,server,stairs_15_down,101,30,height_only,1,0.3568669034835489,0,0.3729212797052222,0,1
A042,server,stairs_15_down,101,31,height_only,1,0.31300626527816855,0,0.1854594555979255,0,1
A042,server,stairs_15_down,202,0,height_only,1,0.2738951380877571,0,0.16234714503608197,0,1
A042,server,stairs_15_down,202,1,height_only,1,0.2562193808389857,0,0.10264077533963682,0,1
A042,server,stairs_15_down,202,2,height_only,1,0.3621450444275045,0,0.10623609100036471,0,1
A042,server,stairs_15_down,202,3,height_only,1,0.31386660955806467,0,0.09526905688840817,0,1
A042,server,stairs_15_down,202,4,height_only,1,0.3642735191207519,0,0.1376823630840458,0,1
A042,server,stairs_15_down,202,5,height_only,1,0.22854972172548427,0,0.22370054198282982,0,1
A042,server,stairs_15_down,202,6,terminated,1,0.3034178557242939,0,0.29096391261625765,0,1
A042,server,stairs_15_down,202,7,height_only,1,0.28297086769246804,0,0.08845730964565392,0,0
A042,server,stairs_15_down,202,8,terminated,1,0.31692575356539554,0,0.09975481065426753,0,1
A042,server,stairs_15_down,202,9,height_only,1,0.3063022521409121,0,0.1495481670401847,0,1
A042,server,stairs_15_down,202,10,height_only,1,0.3496662703427402,0,0.12205507595604301,0,1
A042,server,stairs_15_down,202,11,height_only,1,0.33978330594970585,0,0.14360568712631394,0,1
A042,server,stairs_15_down,202,12,height_only,1,0.3066496774155825,0,0.22030649464746221,0,1
A042,server,stairs_15_down,202,13,height_only,1,0.34985223253143016,0,0.31945508781164994,0,1
A042,server,stairs_15_down,202,14,height_only,1,0.3353285512184714,0,0.13337676712931593,0,1
A042,server,stairs_15_down,202,15,height_only,1,0.33746230474767847,0,0.4234773940938713,0,0
A042,server,stairs_15_down,202,16,none,0,0.33118583636487864,0,0.46570036746029414,0,0
A042,server,stairs_15_down,202,17,height_only,1,0.30070712285883294,0,0.3010404796208897,0,0
A042,server,stairs_15_down,202,18,height_only,1,0.3293248093064456,0,0.10169366015296076,0,0
A042,server,stairs_15_down,202,19,height_only,1,0.308081502901679,0,0.4318386400494251,0,1
A042,server,stairs_15_down,202,20,height_only,1,0.335823338618253,0,0.2356047354410219,0,0
A042,server,stairs_15_down,202,21,height_only,1,0.3575685199569253,0,0.1916205292123968,0,0
A042,server,stairs_15_down,202,22,height_only,1,0.23911687221756595,0,0.3370884266406251,0,1
A042,server,stairs_15_down,202,23,height_only,1,0.32607770476111764,0,0.1314180965854985,0,1
A042,server,stairs_15_down,202,24,height_only,1,0.2724839222622427,0,0.22151681062486517,0,1
A042,server,stairs_15_down,202,25,height_only,1,0.227658014087116,0,0.3785513246885926,0,0
A042,server,stairs_15_down,202,26,height_only,1,0.32399180212760353,0,0.4137777444909439,0,1
A042,server,stairs_15_down,202,27,height_only,1,0.35278295960655826,0,0.3712730992388063,0,1
A042,server,stairs_15_down,202,28,height_only,1,0.3502080153653966,0,0.3320520863293048,0,1
A042,server,stairs_15_down,202,29,height_only,1,0.2827031814797039,0,0.4411872155835748,0,1
A042,server,stairs_15_down,202,30,height_only,1,0.3276380969878825,0,0.09911351782372733,0,1
A042,server,stairs_15_down,202,31,height_only,1,0.2897119877491406,0,0.40535029806673833,0,0
A042,server,stairs_15_down,303,0,terminated,1,0.3344979109292362,0,0.4505970245547921,0,0
A042,server,stairs_15_down,303,1,height_only,1,0.31410475465703136,0,0.2630832173250199,0,1
A042,server,stairs_15_down,303,2,height_only,1,0.3065201496695452,0,0.12503513115687948,0,1
A042,server,stairs_15_down,303,3,height_only,1,0.3582575362633894,0,0.1905831090152995,0,1
A042,server,stairs_15_down,303,4,height_only,1,0.30552958549662707,0,0.2323625668662169,0,1
A042,server,stairs_15_down,303,5,height_only,1,0.3054859874082759,0,0.2899385143387505,0,1
A042,server,stairs_15_down,303,6,height_only,1,0.3144454882744162,0,0.15183546843375062,0,1
A042,server,stairs_15_down,303,7,height_only,1,0.3455539258087382,0,0.381926202121489,0,1
A042,server,stairs_15_down,303,8,height_only,1,0.2578564907777756,0,0.26708247954358316,0,0
A042,server,stairs_15_down,303,9,height_only,1,0.3363917565600758,0,0.39601852271077426,0,1
A042,server,stairs_15_down,303,10,height_only,1,0.23748437414832296,0,0.43715388805042826,0,0
A042,server,stairs_15_down,303,11,height_only,1,0.2704150429702698,0,0.44752905090332223,0,1
A042,server,stairs_15_down,303,12,height_only,1,0.3375167465783695,0,0.14671282814986467,0,1
A042,server,stairs_15_down,303,13,height_only,1,0.3285199394200575,0,0.11267201491366562,0,0
A042,server,stairs_15_down,303,14,height_only,1,0.31703648178335175,0,0.13477989917271258,0,1
A042,server,stairs_15_down,303,15,height_only,1,0.30939311904703237,0,0.18019794332673827,0,1
A042,server,stairs_15_down,303,16,height_only,1,0.2990688968469752,0,0.10753999061107147,0,0
A042,server,stairs_15_down,303,17,height_only,1,0.3453257372353804,0,0.15176262089227813,0,1
A042,server,stairs_15_down,303,18,height_only,1,0.2383505308373089,0,0.26777911131148463,0,1
A042,server,stairs_15_down,303,19,height_only,1,0.3117159122133,0,0.11778428406101354,0,1
A042,server,stairs_15_down,303,20,height_only,1,0.2585970209562842,0,0.11080577421577564,0,1
A042,server,stairs_15_down,303,21,height_only,1,0.3543182120603674,0,0.19315848018690612,0,1
A042,server,stairs_15_down,303,22,height_only,1,0.3160772143519499,0,0.22197042470101805,0,1
A042,server,stairs_15_down,303,23,height_only,1,0.34591744784365364,0,0.3817328727497277,0,1
A042,server,stairs_15_down,303,24,height_only,1,0.2864561125556415,0,0.19290549306095028,0,1
A042,server,stairs_15_down,303,25,height_only,1,0.3548916989469274,0,0.40012850500322744,0,1
A042,server,stairs_15_down,303,26,none,0,0.3048685043253363,0,0.4737542106960512,0,0
A042,server,stairs_15_down,303,27,height_only,1,0.27408298738500014,0,0.3620891051564407,0,1
A042,server,stairs_15_down,303,28,height_only,1,0.2883661309665537,0,0.41929617129733815,0,1
A042,server,stairs_15_down,303,29,height_only,1,0.360893263058229,0,0.21443226851000924,0,1
A042,server,stairs_15_down,303,30,height_only,1,0.3060288950402469,0,0.22947702556794902,0,1
A042,server,stairs_15_down,303,31,height_only,1,0.287612614625278,0,0.3307242461138449,0,1
A043,server,rough_lateral,101,0,terminated,1,0.3475101602906212,,0.1885176352183079,1,0
A043,server,rough_lateral,101,1,none,0,0.3611109875899585,,0.24639330571035456,0,0
A043,server,rough_lateral,101,2,none,0,0.3033670784636615,,0.22741830077688427,0,0
A043,server,rough_lateral,101,3,none,0,0.3645248518270605,,0.247716812899889,0,0
A043,server,rough_lateral,101,4,none,0,0.3337517418963386,,0.1448014280317486,0,0
A043,server,rough_lateral,101,5,none,0,0.35751409900379694,,0.17491497865186303,0,0
A043,server,rough_lateral,101,6,none,0,0.37096077745611017,,0.21910388260452926,0,0
A043,server,rough_lateral,101,7,none,0,0.3601090165383038,,0.2300952881453309,0,0
A043,server,rough_lateral,101,8,terminated,1,0.35433056727450163,,0.20150167992942988,0,0
A043,server,rough_lateral,101,9,none,0,0.3537726156054971,,0.2840324353845728,0,0
A043,server,rough_lateral,101,10,none,0,0.3320352121151705,,0.18166611250326317,0,0
A043,server,rough_lateral,101,11,none,0,0.3623344880693099,,0.2225664642754366,0,0
A043,server,rough_lateral,101,12,terminated,1,0.36415460195770877,,0.366707994904057,0,0
A043,server,rough_lateral,101,13,none,0,0.37635725409908094,,0.2650259239019512,0,0
A043,server,rough_lateral,101,14,none,0,0.35314120758663525,,0.19520636120069734,0,0
A043,server,rough_lateral,101,15,none,0,0.3816559976116221,,0.26567517980824634,0,0
A043,server,rough_lateral,101,16,none,0,0.37723611271317625,,0.17025808869536457,0,0
A043,server,rough_lateral,101,17,none,0,0.35911301631022263,,0.27570872934772817,0,0
A043,server,rough_lateral,101,18,none,0,0.3400747026989167,,0.1963437272337422,0,0
A043,server,rough_lateral,101,19,none,0,0.3618904050180619,,0.23290295250641616,0,0
A043,server,rough_lateral,101,20,none,0,0.3595056143355242,,0.23552494762599294,0,0
A043,server,rough_lateral,101,21,terminated,1,0.3756621520627629,,0.1877460041737282,1,0
A043,server,rough_lateral,101,22,none,0,0.3444582632678078,,0.26081525154140456,0,0
A043,server,rough_lateral,101,23,terminated,1,0.36900471087126807,,0.22144633927986168,1,0
A043,server,rough_lateral,101,24,none,0,0.3502601489504391,,0.25642341433866317,0,0
A043,server,rough_lateral,101,25,none,0,0.33830170309479857,,0.21550607890151308,0,0
A043,server,rough_lateral,101,26,terminated,1,,,,1,0
A043,server,rough_lateral,101,27,none,0,0.3580634413874723,,0.1855769852687861,0,0
A043,server,rough_lateral,101,28,none,0,0.34187191246665094,,0.23440542392770325,0,0
A043,server,rough_lateral,101,29,none,0,0.3595342002609835,,0.21319919048029218,0,0
A043,server,rough_lateral,101,30,terminated,1,0.32385465925071333,,0.18384451008263086,1,0
A043,server,rough_lateral,101,31,terminated,1,0.3659282066924049,,0.20116679929849748,1,0
A043,server,rough_lateral,202,0,none,0,0.369003292870394,,0.2698132678092411,0,0
A043,server,rough_lateral,202,1,none,0,0.35434978738188105,,0.1536443871606267,0,0
A043,server,rough_lateral,202,2,none,0,0.3694675074701003,,0.2097526362502405,0,0
A043,server,rough_lateral,202,3,none,0,0.36409526139019643,,0.16345167992767912,0,0
A043,server,rough_lateral,202,4,none,0,0.35863109729825493,,0.12257839021045026,0,0
A043,server,rough_lateral,202,5,terminated,1,0.3518430239217167,,0.16368722712408212,1,0
A043,server,rough_lateral,202,6,none,0,0.30175951840405796,,0.2225317370770455,0,0
A043,server,rough_lateral,202,7,none,0,0.3717883086618893,,0.21199658156027867,0,0
A043,server,rough_lateral,202,8,none,0,0.31732628936754825,,0.23863755761157243,0,0
A043,server,rough_lateral,202,9,terminated,1,0.3614568606736188,,0.22938710014478614,1,0
A043,server,rough_lateral,202,10,none,0,0.3799698511387575,,0.1278983570736596,0,0
A043,server,rough_lateral,202,11,terminated,1,0.3553484501366947,,0.1676327981897683,0,0
A043,server,rough_lateral,202,12,none,0,0.3518051812674272,,0.2556025520600686,0,0
A043,server,rough_lateral,202,13,terminated,1,0.3763858448056614,,0.1589259906076729,0,0
A043,server,rough_lateral,202,14,none,0,0.3442563193845239,,0.25471799585875565,0,0
A043,server,rough_lateral,202,15,none,0,0.34014191673719946,,0.2869387856075686,0,0
A043,server,rough_lateral,202,16,none,0,0.3485914445656506,,0.28871537612914455,0,0
A043,server,rough_lateral,202,17,none,0,0.22668875235924746,,0.257563242434603,0,0
A043,server,rough_lateral,202,18,terminated,1,,,0.6740413771696885,0,0
A043,server,rough_lateral,202,19,terminated,1,0.3709653703605427,,0.16088141628853583,1,0
A043,server,rough_lateral,202,20,none,0,0.3159116645229054,,0.17982580780588026,0,0
A043,server,rough_lateral,202,21,none,0,0.3562811987604049,,0.2877270741229117,0,0
A043,server,rough_lateral,202,22,terminated,1,,,0.48130250138649705,0,0
A043,server,rough_lateral,202,23,none,0,0.3615320504189813,,0.1814030245994928,0,0
A043,server,rough_lateral,202,24,none,0,0.38738758965609543,,0.26999657751889805,0,0
A043,server,rough_lateral,202,25,none,0,0.33982026186537617,,0.22999272305717022,0,0
A043,server,rough_lateral,202,26,terminated,1,0.37221497265412845,,0.1754730023184003,1,0
A043,server,rough_lateral,202,27,none,0,0.33792901349896415,,0.21421316011157573,0,0
A043,server,rough_lateral,202,28,terminated,1,0.30618794326157495,,0.24040106756243143,0,0
A043,server,rough_lateral,202,29,none,0,0.3567576200407456,,0.24213082288405985,0,0
A043,server,rough_lateral,202,30,terminated,1,0.3384676275246921,,0.2339774175697614,0,0
A043,server,rough_lateral,202,31,union_only,1,,,,0,0
A043,server,rough_lateral,303,0,none,0,0.37326412173834717,,0.2899587818881771,0,0
A043,server,rough_lateral,303,1,none,0,0.3098570131522449,,0.26705053363874487,0,0
A043,server,rough_lateral,303,2,none,0,0.35892716759347665,,0.15882976414765884,0,0
A043,server,rough_lateral,303,3,none,0,0.34371462902602024,,0.20781029053315145,0,0
A043,server,rough_lateral,303,4,terminated,1,0.3669278044751621,,0.25097514484831,0,0
A043,server,rough_lateral,303,5,none,0,0.35500895435159857,,0.22523560514309665,0,0
A043,server,rough_lateral,303,6,none,0,0.37139805760931843,,0.17251272928153638,0,0
A043,server,rough_lateral,303,7,none,0,0.3630299400837026,,0.18223720177403666,0,0
A043,server,rough_lateral,303,8,none,0,0.35104974905118586,,0.23696402873841052,0,0
A043,server,rough_lateral,303,9,none,0,0.3762921075769924,,0.15665158307087831,0,0
A043,server,rough_lateral,303,10,none,0,0.36264764768554564,,0.17049052986832375,0,0
A043,server,rough_lateral,303,11,none,0,0.32286215537690865,,0.2078747185319581,0,0
A043,server,rough_lateral,303,12,none,0,0.36240204794202896,,0.14595231937925598,0,0
A043,server,rough_lateral,303,13,terminated,1,0.3726059661351423,,0.22643630666011208,1,0
A043,server,rough_lateral,303,14,none,0,0.30264394009177065,,0.2420874773904628,0,0
A043,server,rough_lateral,303,15,none,0,0.3626578203975198,,0.24636452127428354,0,0
A043,server,rough_lateral,303,16,terminated,1,0.3424466449946643,,0.12757695734511618,1,0
A043,server,rough_lateral,303,17,none,0,0.34465747752929116,,0.2561549788240042,0,0
A043,server,rough_lateral,303,18,none,0,0.3500032853633962,,0.19589043726822206,0,0
A043,server,rough_lateral,303,19,none,0,0.3396299373816679,,0.19755111155039887,0,0
A043,server,rough_lateral,303,20,none,0,0.3032953118417352,,0.28507587358478825,0,0
A043,server,rough_lateral,303,21,none,0,0.347889805302263,,0.28228982605320513,0,0
A043,server,rough_lateral,303,22,none,0,0.35643769019746524,,0.2173908362227164,0,0
A043,server,rough_lateral,303,23,none,0,0.30924789025821786,,0.2996603170763015,0,0
A043,server,rough_lateral,303,24,none,0,0.34063327559494083,,0.20937906773820483,0,0
A043,server,rough_lateral,303,25,none,0,0.34196963069591935,,0.28002795499461,0,0
A043,server,rough_lateral,303,26,terminated,1,,,0.37200382869440846,1,0
A043,server,rough_lateral,303,27,none,0,0.3664874966769295,,0.25881805308731143,0,0
A043,server,rough_lateral,303,28,terminated,1,0.3571932091910571,,0.28481752333558796,0,0
A043,server,rough_lateral,303,29,none,0,0.3589184257914038,,0.1962042935719137,0,0
A043,server,rough_lateral,303,30,none,0,0.35423362382593004,,0.2873760660728073,0,0
A043,server,rough_lateral,303,31,none,0,0.3620021102581432,,0.22114958864616396,0,0
A043,server,rough_forward,101,0,none,0,0.35054575886955874,,0.11026428003607694,0,0
A043,server,rough_forward,101,1,none,0,0.3509745124508353,,0.1651621534050726,0,0
A043,server,rough_forward,101,2,none,0,0.3104136075406151,,0.09919982418490812,0,0
A043,server,rough_forward,101,3,none,0,0.34089096894557464,,0.2187657304772128,0,0
A043,server,rough_forward,101,4,none,0,0.34939412087361443,,0.08439685307045526,0,0
A043,server,rough_forward,101,5,none,0,0.33955443431349364,,0.1752696160601332,0,0
A043,server,rough_forward,101,6,none,0,0.36706096467806054,,0.13385391547749706,0,0
A043,server,rough_forward,101,7,tilt_or_both,1,0.34840180776654717,,0.46979044822738303,1,0
A043,server,rough_forward,101,8,none,0,0.3606494086630204,,0.1200802813558044,0,0
A043,server,rough_forward,101,9,none,0,0.36842496972033045,,0.19053090959779848,0,0
A043,server,rough_forward,101,10,none,0,0.3319018577190644,,0.08530682405397177,0,0
A043,server,rough_forward,101,11,none,0,0.3635504987628702,,0.1106813964731908,0,0
A043,server,rough_forward,101,12,none,0,0.3370995754226644,,0.09805627920499743,0,0
A043,server,rough_forward,101,13,none,0,0.3604776515042718,,0.10870374039566866,0,0
A043,server,rough_forward,101,14,none,0,0.3543607350339226,,0.19078577603605343,0,0
A043,server,rough_forward,101,15,none,0,0.3587227150558788,,0.15326093194314472,0,0
A043,server,rough_forward,101,16,none,0,0.34253094389158134,,0.17471528316089824,0,0
A043,server,rough_forward,101,17,none,0,0.36681338762217025,,0.17978506365677072,0,0
A043,server,rough_forward,101,18,none,0,0.32075965213265645,,0.34198245899105223,0,0
A043,server,rough_forward,101,19,none,0,0.3684852725681774,,0.16914622026519013,0,0
A043,server,rough_forward,101,20,none,0,0.34560278073989137,,0.15809332234156356,0,0
A043,server,rough_forward,101,21,none,0,0.33966084039785005,,0.124652977082236,0,0
A043,server,rough_forward,101,22,none,0,0.3306973023529359,,0.11750310598569084,0,0
A043,server,rough_forward,101,23,none,0,0.3315775692462921,,0.11787490315527767,0,0
A043,server,rough_forward,101,24,none,0,0.33637165553110804,,0.09152676764973663,0,0
A043,server,rough_forward,101,25,none,0,0.3425108882832655,,0.10522842016392134,0,0
A043,server,rough_forward,101,26,none,0,0.35056160127415376,,0.11372175430689613,0,0
A043,server,rough_forward,101,27,none,0,0.3482034341855482,,0.14283328232087378,0,0
A043,server,rough_forward,101,28,none,0,0.34258543887240367,,0.2677619848018262,0,0
A043,server,rough_forward,101,29,none,0,0.33106524174544905,,0.08026439655802729,0,0
A043,server,rough_forward,101,30,none,0,0.33188101864434816,,0.45521718515698306,0,0
A043,server,rough_forward,101,31,none,0,0.37033646310714474,,0.1751012925165836,0,0
A043,server,rough_forward,202,0,none,0,0.33785393308190736,,0.0972677120267782,0,0
A043,server,rough_forward,202,1,none,0,0.35499978671099414,,0.11759026499235113,0,0
A043,server,rough_forward,202,2,none,0,0.3691548929016858,,0.1175144623779521,0,0
A043,server,rough_forward,202,3,none,0,0.37152572414454293,,0.17280444774929016,0,0
A043,server,rough_forward,202,4,none,0,0.3633487370403055,,0.14507839162411365,0,0
A043,server,rough_forward,202,5,none,0,0.3697220718159395,,0.08600176592127157,0,0
A043,server,rough_forward,202,6,none,0,0.34986277944582667,,0.19198342861858927,0,0
A043,server,rough_forward,202,7,none,0,0.366544881048687,,0.15647686361537239,0,0
A043,server,rough_forward,202,8,none,0,0.2986157028114095,,0.11055431316510174,0,0
A043,server,rough_forward,202,9,none,0,0.35748536510263534,,0.16968341139662832,0,0
A043,server,rough_forward,202,10,none,0,0.3727364687518002,,0.33571237350999034,0,0
A043,server,rough_forward,202,11,none,0,0.3666632122853223,,0.10625696482114054,0,0
A043,server,rough_forward,202,12,none,0,0.344543265467659,,0.09398685881081195,0,0
A043,server,rough_forward,202,13,none,0,0.37496632433192617,,0.15912159827634265,0,0
A043,server,rough_forward,202,14,tilt_or_both,1,0.35427168959921057,,0.19897903918759138,1,0
A043,server,rough_forward,202,15,none,0,0.31314827764735503,,0.10051098803406668,0,0
A043,server,rough_forward,202,16,none,0,0.3692821812502203,,0.1820969129677655,0,0
A043,server,rough_forward,202,17,height_only,1,0.33406108665593803,,0.20158855786321564,0,0
A043,server,rough_forward,202,18,none,0,0.35847817026676343,,0.14531657811032878,0,0
A043,server,rough_forward,202,19,none,0,0.3412011869769683,,0.1923269292832297,0,0
A043,server,rough_forward,202,20,none,0,0.34490482070866757,,0.1193819189399516,0,0
A043,server,rough_forward,202,21,none,0,0.35590328993325565,,0.295497033642808,0,0
A043,server,rough_forward,202,22,none,0,0.33539425035848974,,0.11589347878851419,0,0
A043,server,rough_forward,202,23,none,0,0.3293355728853195,,0.08130272544803772,0,0
A043,server,rough_forward,202,24,terminated,1,0.3493790735694814,,0.36755831717433984,0,0
A043,server,rough_forward,202,25,none,0,0.3598692157370521,,0.0747662019676556,0,0
A043,server,rough_forward,202,26,none,0,0.3292119752436398,,0.16392902759674224,0,0
A043,server,rough_forward,202,27,none,0,0.3330213249048447,,0.09454521009872952,0,0
A043,server,rough_forward,202,28,none,0,0.34881048669470827,,0.11836871947043245,0,0
A043,server,rough_forward,202,29,none,0,0.3556399534252238,,0.16032371815780472,0,0
A043,server,rough_forward,202,30,none,0,0.3445995639670979,,0.12618766918034227,0,0
A043,server,rough_forward,202,31,none,0,0.33343565209026643,,0.17568928772686507,0,0
A043,server,rough_forward,303,0,none,0,0.35655762374719835,,0.22421366473097534,0,0
A043,server,rough_forward,303,1,none,0,0.3266175830746717,,0.10199936362002238,0,0
A043,server,rough_forward,303,2,none,0,0.35153858172383534,,0.1477113126724958,0,0
A043,server,rough_forward,303,3,none,0,0.3492464801685058,,0.15822475574869785,0,0
A043,server,rough_forward,303,4,none,0,0.3407921064346232,,0.13120408105720366,0,0
A043,server,rough_forward,303,5,none,0,0.367043491433011,,0.18828509013298061,0,0
A043,server,rough_forward,303,6,none,0,0.37310857481178755,,0.295554338144367,0,0
A043,server,rough_forward,303,7,none,0,0.34602942672324055,,0.15958984261994832,0,0
A043,server,rough_forward,303,8,none,0,0.35005826020942016,,0.12809323368176148,0,0
A043,server,rough_forward,303,9,none,0,0.3666290153156627,,0.15087760836590255,0,0
A043,server,rough_forward,303,10,none,0,0.3624873526274839,,0.1456231781652688,0,0
A043,server,rough_forward,303,11,none,0,0.364996365127079,,0.1473154363105885,0,0
A043,server,rough_forward,303,12,none,0,0.3668937893474803,,0.17448257937772133,0,0
A043,server,rough_forward,303,13,none,0,0.3535661251149713,,0.18492881242735545,0,0
A043,server,rough_forward,303,14,none,0,0.32150667810185074,,0.17764256571616913,0,0
A043,server,rough_forward,303,15,terminated,1,0.37961494332966317,,0.4758254310763192,0,0
A043,server,rough_forward,303,16,height_only,1,0.3438793364215025,,0.2180009217636529,0,0
A043,server,rough_forward,303,17,none,0,0.3293318407420806,,0.11472468816361558,0,0
A043,server,rough_forward,303,18,none,0,0.33798251281128844,,0.10014096804074127,0,0
A043,server,rough_forward,303,19,none,0,0.2874066885461144,,0.3106750917560683,0,0
A043,server,rough_forward,303,20,none,0,0.3365058379377273,,0.17747762544175505,0,0
A043,server,rough_forward,303,21,none,0,0.35818649645157674,,0.3170656642406677,0,0
A043,server,rough_forward,303,22,none,0,0.3621419655447975,,0.23161882024599814,0,0
A043,server,rough_forward,303,23,none,0,0.3540869830126431,,0.09397449217569319,0,0
A043,server,rough_forward,303,24,none,0,0.3744335918821753,,0.17467008445168952,0,0
A043,server,rough_forward,303,25,none,0,0.3619919800184627,,0.1260117208755146,0,0
A043,server,rough_forward,303,26,none,0,0.34709590362673776,,0.14717363315473003,0,0
A043,server,rough_forward,303,27,none,0,0.33247038307674426,,0.1722139725642526,0,0
A043,server,rough_forward,303,28,none,0,0.3756177009426974,,0.15988929847968145,0,0
A043,server,rough_forward,303,29,none,0,0.3399071629672127,,0.1522885900295334,0,0
A043,server,rough_forward,303,30,none,0,0.3544229184561235,,0.09629427657350396,0,0
A043,server,rough_forward,303,31,none,0,0.34115205250959346,,0.3564782484051565,0,0
A043,server,stairs_10_down,101,0,none,0,0.31460163164585037,1,0.1777909846145465,0,0
A043,server,stairs_10_down,101,1,tilt_or_both,1,0.33835150205834025,1,0.4232691058774994,1,0
A043,server,stairs_10_down,101,2,none,0,0.3418358236073173,1,0.42278525752905793,0,0
A043,server,stairs_10_down,101,3,none,0,0.29897099175555186,1,0.24682411979255733,0,0
A043,server,stairs_10_down,101,4,none,0,0.34183772912318694,1,0.4220998580159244,0,0
A043,server,stairs_10_down,101,5,tilt_or_both,1,0.36238377720595677,1,0.3648704326269198,1,0
A043,server,stairs_10_down,101,6,height_only,1,0.38101103519373397,0,0.3036924072801923,0,0
A043,server,stairs_10_down,101,7,none,0,0.3701405663063182,1,0.37078298126859377,0,0
A043,server,stairs_10_down,101,8,none,0,0.3551062151869351,1,0.1560127426863188,0,0
A043,server,stairs_10_down,101,9,none,0,0.37352347716609424,1,0.20800803292528575,0,0
A043,server,stairs_10_down,101,10,tilt_or_both,1,0.3395985365710794,1,0.2620986388223834,1,0
A043,server,stairs_10_down,101,11,none,0,0.3114478406421641,1,0.19890205944445732,0,0
A043,server,stairs_10_down,101,12,none,0,0.3076496364917347,1,0.40674364786756767,0,0
A043,server,stairs_10_down,101,13,none,0,0.3333183218610478,1,0.45962751071597036,0,0
A043,server,stairs_10_down,101,14,none,0,0.2866144319747221,1,0.45449608414777637,0,0
A043,server,stairs_10_down,101,15,none,0,0.37475343909174363,1,0.19596256694244552,0,0
A043,server,stairs_10_down,101,16,none,0,0.3576350902969187,1,0.22856085250818237,0,0
A043,server,stairs_10_down,101,17,none,0,0.29636559934220846,1,0.16440977573924093,0,0
A043,server,stairs_10_down,101,18,none,0,0.3125445172589093,1,0.44408499267304985,0,0
A043,server,stairs_10_down,101,19,none,0,0.35943630959260914,1,0.17165845814317218,0,0
A043,server,stairs_10_down,101,20,none,0,0.36530452313270156,1,0.1514145276977816,0,0
A043,server,stairs_10_down,101,21,none,0,0.3421158726043242,1,0.38191349211921005,0,0
A043,server,stairs_10_down,101,22,none,0,0.3265487041702882,1,0.1821200975462583,0,0
A043,server,stairs_10_down,101,23,none,0,0.2997248830562607,1,0.4649790088118516,0,0
A043,server,stairs_10_down,101,24,none,0,0.25370984145983017,1,0.38474720124854983,0,0
A043,server,stairs_10_down,101,25,none,0,0.35877867720343853,1,0.3635445320767874,0,0
A043,server,stairs_10_down,101,26,none,0,0.3392965508336052,1,0.4348354357697596,0,0
A043,server,stairs_10_down,101,27,none,0,0.27070295858510673,1,0.1880804566926618,0,0
A043,server,stairs_10_down,101,28,none,0,0.3368172989809577,1,0.1487979174547422,0,0
A043,server,stairs_10_down,101,29,none,0,0.32335482999921483,1,0.4344495612472511,0,0
A043,server,stairs_10_down,101,30,none,0,0.3742843850411196,1,0.41660372694950126,0,0
A043,server,stairs_10_down,101,31,none,0,0.3267721037335574,1,0.13626805053335972,0,0
A043,server,stairs_10_down,202,0,none,0,0.27943217427654066,1,0.1435462335129004,0,0
A043,server,stairs_10_down,202,1,none,0,0.2745992998707103,1,0.1792831313794122,0,0
A043,server,stairs_10_down,202,2,none,0,0.37437662107740494,1,0.13553181432674535,0,0
A043,server,stairs_10_down,202,3,none,0,0.3398401987425146,1,0.20045863805352312,0,0
A043,server,stairs_10_down,202,4,none,0,0.3740815464506812,1,0.16919871546626478,0,0
A043,server,stairs_10_down,202,5,none,0,0.2960865920718341,1,0.12803153699654202,0,0
A043,server,stairs_10_down,202,6,height_only,1,0.3163647285119735,1,0.07428755767303892,0,0
A043,server,stairs_10_down,202,7,none,0,0.290324077966379,1,0.15493422417210906,0,0
A043,server,stairs_10_down,202,8,height_only,1,0.3306716839100588,1,0.10687333312029036,0,0
A043,server,stairs_10_down,202,9,none,0,0.33637473600752216,1,0.17915220810071866,0,0
A043,server,stairs_10_down,202,10,height_only,1,0.37107004767114465,0,0.3725612080323254,0,0
A043,server,stairs_10_down,202,11,none,0,0.36138081255762333,1,0.4285051441540428,0,0
A043,server,stairs_10_down,202,12,none,0,0.34519065438426116,1,0.09956594401054525,0,0
A043,server,stairs_10_down,202,13,none,0,0.35932889851656824,1,0.316884128919288,0,0
A043,server,stairs_10_down,202,14,none,0,0.34144933450030773,1,0.38864989587430254,0,0
A043,server,stairs_10_down,202,15,tilt_or_both,1,0.34918206914223454,1,0.3043912188229143,1,0
A043,server,stairs_10_down,202,16,none,0,0.34114791612255385,1,0.15773276690296897,0,0
A043,server,stairs_10_down,202,17,none,0,0.323151124830552,1,0.10792356870608438,0,0
A043,server,stairs_10_down,202,18,none,0,0.34386491655984663,1,0.14394659217654557,0,0
A043,server,stairs_10_down,202,19,none,0,0.33870402727535065,1,0.20582756456341253,0,0
A043,server,stairs_10_down,202,20,none,0,0.34468477135673564,1,0.1408003652920104,0,0
A043,server,stairs_10_down,202,21,none,0,0.36136408261755576,1,0.23445994573126522,0,0
A043,server,stairs_10_down,202,22,height_only,1,0.3030664535926625,1,0.1751148926276903,0,0
A043,server,stairs_10_down,202,23,none,0,0.32861786036886637,1,0.09156415497284665,0,0
A043,server,stairs_10_down,202,24,height_only,1,0.32955529122429095,1,0.08940032941771052,0,0
A043,server,stairs_10_down,202,25,none,0,0.31357507622815706,1,0.16794425436137306,0,0
A043,server,stairs_10_down,202,26,none,0,0.3166021908668273,1,0.45595233719844397,0,0
A043,server,stairs_10_down,202,27,none,0,0.35871389085915,1,0.3936194675148129,0,0
A043,server,stairs_10_down,202,28,none,0,0.3639777381630505,1,0.18566373142622644,0,0
A043,server,stairs_10_down,202,29,none,0,0.3007399970516164,1,0.15536499808421622,0,0
A043,server,stairs_10_down,202,30,none,0,0.3374611276356294,1,0.3158684923958135,0,0
A043,server,stairs_10_down,202,31,none,0,0.3157626803227287,1,0.3750981733252793,0,0
A043,server,stairs_10_down,303,0,none,0,0.3500459877883687,1,0.3422294918597528,0,0
A043,server,stairs_10_down,303,1,none,0,0.3260966838999866,1,0.41032375533397797,0,0
A043,server,stairs_10_down,303,2,none,0,0.33055381572501547,1,0.14727741599671323,0,0
A043,server,stairs_10_down,303,3,none,0,0.3691370692004494,1,0.36662228086822285,0,0
A043,server,stairs_10_down,303,4,tilt_or_both,1,0.3090291416103189,1,0.32914858968666116,1,0
A043,server,stairs_10_down,303,5,none,0,0.3216327006485373,1,0.3100647010324437,0,0
A043,server,stairs_10_down,303,6,none,0,0.3431119306839724,1,0.44235522652933845,0,0
A043,server,stairs_10_down,303,7,none,0,0.37757251057076585,1,0.23080407824372928,0,0
A043,server,stairs_10_down,303,8,tilt_or_both,1,0.3108018247440537,1,0.3480422075354999,1,0
A043,server,stairs_10_down,303,9,none,0,0.34628214460005735,1,0.1917247742690833,0,0
A043,server,stairs_10_down,303,10,none,0,0.2787748073989695,1,0.4591550258636417,0,0
A043,server,stairs_10_down,303,11,tilt_or_both,1,0.3273560059739944,1,0.3970723020050893,1,0
A043,server,stairs_10_down,303,12,none,0,0.35964749641915694,1,0.1834675777946144,0,0
A043,server,stairs_10_down,303,13,none,0,0.3394633467822151,1,0.21304123281145487,0,0
A043,server,stairs_10_down,303,14,none,0,0.329517302108321,1,0.40858325074883095,0,0
A043,server,stairs_10_down,303,15,none,0,0.33838533614089783,1,0.2381818072808726,0,0
A043,server,stairs_10_down,303,16,height_only,1,0.31943021595159315,1,0.15535095478387045,0,0
A043,server,stairs_10_down,303,17,none,0,0.36873895941889856,1,0.444482044615255,0,0
A043,server,stairs_10_down,303,18,none,0,0.2691348414210712,1,0.12820119313692924,0,0
A043,server,stairs_10_down,303,19,tilt_or_both,1,0.33524742332053054,1,0.31893711467980007,1,0
A043,server,stairs_10_down,303,20,tilt_or_both,1,0.2984554007410366,1,0.32544856416118434,1,0
A043,server,stairs_10_down,303,21,none,0,0.3695160850962215,1,0.19592536334428098,0,0
A043,server,stairs_10_down,303,22,tilt_or_both,1,0.3538840884830862,1,0.09781508089546369,1,0
A043,server,stairs_10_down,303,23,none,0,0.3473178059022057,1,0.20589920296208292,0,0
A043,server,stairs_10_down,303,24,none,0,0.30106702295535387,1,0.18729657824618914,0,0
A043,server,stairs_10_down,303,25,none,0,0.3650160626294141,1,0.17323742926036947,0,0
A043,server,stairs_10_down,303,26,none,0,0.33578034374803145,1,0.4115658866910741,0,0
A043,server,stairs_10_down,303,27,none,0,0.2723189642563223,1,0.13833594824873943,0,0
A043,server,stairs_10_down,303,28,none,0,0.30590692457349544,1,0.4702858116229745,0,0
A043,server,stairs_10_down,303,29,none,0,0.3771923426638313,1,0.39030903953491414,0,0
A043,server,stairs_10_down,303,30,none,0,0.31611612981015985,1,0.42988335029432834,0,0
A043,server,stairs_10_down,303,31,none,0,0.29075213135245015,1,0.4419539694469051,0,0
A043,server,stairs_15_down,101,0,height_only,1,0.3169909165823523,1,0.15192373715587124,0,0
A043,server,stairs_15_down,101,1,none,0,0.29113635819226025,1,0.45288725151341536,0,0
A043,server,stairs_15_down,101,2,none,0,0.3318155320251689,1,0.42293428589567506,0,0
A043,server,stairs_15_down,101,3,none,0,0.3120001898729865,1,0.4686497212837721,0,0
A043,server,stairs_15_down,101,4,terminated,1,0.3350562593516182,1,0.2492405565919579,0,0
A043,server,stairs_15_down,101,5,none,0,0.35637181774180204,1,0.44170860805955825,0,0
A043,server,stairs_15_down,101,6,none,0,0.3749324550284422,1,0.40525880272314685,0,0
A043,server,stairs_15_down,101,7,terminated,1,0.373002271601223,1,0.23345332732127236,0,0
A043,server,stairs_15_down,101,8,none,0,0.34705940255506795,1,0.45921343490546224,0,0
A043,server,stairs_15_down,101,9,terminated,1,0.3677225882675559,1,0.41355663728652353,0,0
A043,server,stairs_15_down,101,10,none,0,0.3432132939603877,1,0.2941337207824971,0,0
A043,server,stairs_15_down,101,11,terminated,1,0.29525818321156627,1,0.3336446540790221,0,0
A043,server,stairs_15_down,101,12,terminated,1,0.29123510492039234,0,0.3872828290462087,0,0
A043,server,stairs_15_down,101,13,none,0,0.31150156992642003,1,0.4458541523410281,0,0
A043,server,stairs_15_down,101,14,height_only,1,0.28481998115299856,1,0.32478969087710313,0,0
A043,server,stairs_15_down,101,15,tilt_or_both,1,0.369259652447573,1,0.15266035878843479,1,0
A043,server,stairs_15_down,101,16,none,0,0.3376395775672587,0,0.5000790638853049,0,0
A043,server,stairs_15_down,101,17,none,0,0.3131086577706158,1,0.4582047238494391,0,0
A043,server,stairs_15_down,101,18,height_only,1,0.2929672598838806,0,0.41448717615531505,0,0
A043,server,stairs_15_down,101,19,height_only,1,0.34478833315206714,0,0.29856157601918887,0,0
A043,server,stairs_15_down,101,20,terminated,1,0.36283184564049864,1,0.4196729509195323,0,0
A043,server,stairs_15_down,101,21,height_only,1,0.32799157834945514,0,0.23303164362540882,0,0
A043,server,stairs_15_down,101,22,none,0,0.3238362494636984,1,0.4179906149739694,0,0
A043,server,stairs_15_down,101,23,none,0,0.2932304073782528,1,0.4759300919981253,0,0
A043,server,stairs_15_down,101,24,height_only,1,0.2736765630742445,1,0.06839134112448345,0,0
A043,server,stairs_15_down,101,25,height_only,1,0.3581866223544361,1,0.08285901128770383,0,1
A043,server,stairs_15_down,101,26,none,0,0.32300437771700286,1,0.3966424027026612,0,0
A043,server,stairs_15_down,101,27,height_only,1,0.2664755522248579,0,0.4036862504883989,0,0
A043,server,stairs_15_down,101,28,terminated,1,0.314099517735568,1,0.4709831931714219,0,0
A043,server,stairs_15_down,101,29,height_only,1,0.30717436196332304,0,0.19179308522919777,0,1
A043,server,stairs_15_down,101,30,none,0,0.36919376254081726,1,0.4435764946376343,0,0
A043,server,stairs_15_down,101,31,none,0,0.32388358766382397,1,0.4487285497980198,0,0
A043,server,stairs_15_down,202,0,terminated,1,0.2769815620572809,1,0.2678895610306981,0,0
A043,server,stairs_15_down,202,1,none,0,0.2776125248740701,1,0.4501927223886714,0,0
A043,server,stairs_15_down,202,2,none,0,0.3729817196328372,1,0.43141819135943676,0,0
A043,server,stairs_15_down,202,3,none,0,0.31550011341584555,1,0.30583329812083687,0,0
A043,server,stairs_15_down,202,4,none,0,0.369961839946196,1,0.4345684269251512,0,0
A043,server,stairs_15_down,202,5,terminated,1,0.29082036432735425,1,0.06859519967528749,0,0
A043,server,stairs_15_down,202,6,height_only,1,0.3106934482401067,1,0.06733916324144504,0,0
A043,server,stairs_15_down,202,7,none,0,0.30369602837027077,1,0.4205632534121814,0,0
A043,server,stairs_15_down,202,8,terminated,1,0.32671347690776065,0,0.0759478210936892,0,1
A043,server,stairs_15_down,202,9,none,0,0.3059592712371745,1,0.4658300647471516,0,0
A043,server,stairs_15_down,202,10,height_only,1,0.36733440951230056,0,0.47643660029828633,0,0
A043,server,stairs_15_down,202,11,height_only,1,0.3567627827751445,0,0.24087865037487585,0,0
A043,server,stairs_15_down,202,12,terminated,1,0.3235957952425441,0,0.2305042175659772,0,0
A043,server,stairs_15_down,202,13,height_only,1,0.3564204868467097,1,0.44255904024968834,0,0
A043,server,stairs_15_down,202,14,height_only,1,0.33402940614975707,0,0.2850816950744618,0,1
A043,server,stairs_15_down,202,15,height_only,1,0.34540060178481324,1,0.07567248338134384,0,1
A043,server,stairs_15_down,202,16,none,0,0.31909155750019663,1,0.4257353829422184,0,0
A043,server,stairs_15_down,202,17,height_only,1,0.3002521180532833,0,0.27671749821091035,0,0
A043,server,stairs_15_down,202,18,none,0,0.3341395976071688,1,0.43762744401554393,0,0
A043,server,stairs_15_down,202,19,none,0,0.32801490448375437,1,0.4644469395858349,0,0
A043,server,stairs_15_down,202,20,height_only,1,0.33985502643381205,0,0.19569474446151439,0,1
A043,server,stairs_15_down,202,21,none,0,0.35376600196017305,1,0.3940410366776629,0,0
A043,server,stairs_15_down,202,22,terminated,1,0.27878769180353946,1,0.35221752493912956,0,0
A043,server,stairs_15_down,202,23,none,0,0.32736235044219286,1,0.42979478373080005,0,0
A043,server,stairs_15_down,202,24,none,0,0.3009848339672394,1,0.45346227377946774,0,0
A043,server,stairs_15_down,202,25,terminated,1,0.28090788686976714,0,0.31072190314200554,0,0
A043,server,stairs_15_down,202,26,none,0,0.30369507342098867,1,0.47440497557817174,0,0
A043,server,stairs_15_down,202,27,height_only,1,0.3432293398813768,1,0.16589199204795252,0,0
A043,server,stairs_15_down,202,28,none,0,0.3642135348549501,1,0.44689993786712395,0,0
A043,server,stairs_15_down,202,29,none,0,0.30302805951572354,1,0.47069166774189425,0,0
A043,server,stairs_15_down,202,30,none,0,0.33064521299326477,1,0.4286769683999212,0,0
A043,server,stairs_15_down,202,31,height_only,1,0.30076908268393043,0,0.3355682903081497,0,0
A043,server,stairs_15_down,303,0,terminated,1,0.3346784651916932,1,0.43944652712971405,0,0
A043,server,stairs_15_down,303,1,height_only,1,0.3152436476977752,1,0.31933645968547003,0,0
A043,server,stairs_15_down,303,2,height_only,1,0.32828601095128196,1,0.13047776664294816,0,0
A043,server,stairs_15_down,303,3,height_only,1,0.3703926726777286,1,0.11095300582699956,0,0
A043,server,stairs_15_down,303,4,none,0,0.27622234263522105,1,0.4546641295422561,0,0
A043,server,stairs_15_down,303,5,none,0,0.28357841337428374,1,0.4455095353919634,0,0
A043,server,stairs_15_down,303,6,none,0,0.3081058839106942,1,0.44723954972286284,0,0
A043,server,stairs_15_down,303,7,none,0,0.36918191492238783,1,0.4547734883129387,0,0
A043,server,stairs_15_down,303,8,terminated,1,0.26727881947940685,1,0.3844496071724563,0,0
A043,server,stairs_15_down,303,9,tilt_or_both,1,0.33223475523810975,1,0.10589146106845049,1,0
A043,server,stairs_15_down,303,10,height_only,1,0.236964635033021,0,0.30165993710018335,0,0
A043,server,stairs_15_down,303,11,none,0,0.3121512025435341,1,0.4703388267872211,0,0
A043,server,stairs_15_down,303,12,none,0,0.35090661463253003,1,0.4232790452394547,0,0
A043,server,stairs_15_down,303,13,terminated,1,0.33669800873108735,1,0.4297271702159988,0,0
A043,server,stairs_15_down,303,14,none,0,0.3264443087067833,1,0.4198279996640271,0,0
A043,server,stairs_15_down,303,15,none,0,0.3037829998342748,1,0.47113443551105405,0,0
A043,server,stairs_15_down,303,16,none,0,0.31203739337105163,1,0.44519752217033154,0,0
A043,server,stairs_15_down,303,17,none,0,0.36565636249787037,1,0.43411425321807573,0,0
A043,server,stairs_15_down,303,18,none,0,0.259733970152503,1,0.4629602693481971,0,0
A043,server,stairs_15_down,303,19,terminated,1,0.3246793742167121,1,0.3531938699821619,0,0
A043,server,stairs_15_down,303,20,none,0,0.24106929072721756,1,0.4473287889863837,0,0
A043,server,stairs_15_down,303,21,height_only,1,0.36692588565183826,1,0.11945172549211637,0,0
A043,server,stairs_15_down,303,22,none,0,0.3303556035865437,1,0.4472187831718961,0,0
A043,server,stairs_15_down,303,23,none,0,0.3435049729551224,1,0.42537455802310226,0,0
A043,server,stairs_15_down,303,24,height_only,1,0.2901451783702973,1,0.38963470167865605,0,0
A043,server,stairs_15_down,303,25,height_only,1,0.348569680184604,0,0.260033735162195,0,0
A043,server,stairs_15_down,303,26,height_only,1,0.34040161505102473,1,0.33027622400288553,0,0
A043,server,stairs_15_down,303,27,none,0,0.2961837395945972,1,0.45392948465892285,0,0
A043,server,stairs_15_down,303,28,none,0,0.27484140947540814,1,0.42887510270006785,0,0
A043,server,stairs_15_down,303,29,terminated,1,0.3735598861214948,0,0.34678035654395123,0,0
A043,server,stairs_15_down,303,30,height_only,1,0.27008442030870977,1,0.34999453723311424,0,0
A043,server,stairs_15_down,303,31,terminated,1,0.3133751029636771,1,0.39068918855738516,0,0
A043,server,combined_yaw_right,101,0,none,0,0.36490995217772093,,0.06533909170482546,0,0
A043,server,combined_yaw_right,101,1,none,0,0.37760912407847014,,0.08756780157576949,0,0
A043,server,combined_yaw_right,101,2,none,0,0.35235672902295934,,0.06794135493654953,0,0
A043,server,combined_yaw_right,101,3,tilt_or_both,1,0.37584159694572183,,0.21577537365684296,1,0
A043,server,combined_yaw_right,101,4,none,0,0.3479441680053976,,0.06716722709975603,0,0
A043,server,combined_yaw_right,101,5,tilt_or_both,1,0.3762869897054478,,0.3590684073759738,1,0
A043,server,combined_yaw_right,101,6,tilt_or_both,1,0.3784149575201585,,0.40424992440969804,1,0
A043,server,combined_yaw_right,101,7,tilt_or_both,1,0.36057546686998665,,0.18562787583463553,1,0
A043,server,combined_yaw_right,101,8,none,0,0.37171339558407585,,0.08173918775614532,0,0
A043,server,combined_yaw_right,101,9,tilt_or_both,1,0.38111316751350055,,0.23924694026260634,1,0
A043,server,combined_yaw_right,101,10,none,0,0.3424532705927915,,0.06821835213161694,0,0
A043,server,combined_yaw_right,101,11,none,0,0.3671010346973643,,0.07900240050616805,0,0
A043,server,combined_yaw_right,101,12,none,0,0.359710688179827,,0.07263537528894726,0,0
A043,server,combined_yaw_right,101,13,none,0,0.36870214215574415,,0.08893273797284362,0,0
A043,server,combined_yaw_right,101,14,none,0,0.371898323616242,,0.10371555364406425,0,0
A043,server,combined_yaw_right,101,15,tilt_or_both,1,0.3773190046854835,,0.3091628058768565,1,0
A043,server,combined_yaw_right,101,16,none,0,0.3769142406190781,,0.12113312576635149,0,0
A043,server,combined_yaw_right,101,17,tilt_or_both,1,0.3797763353363078,,0.3309027327078383,1,0
A043,server,combined_yaw_right,101,18,none,0,0.3513001778865243,,0.06498762288332594,0,0
A043,server,combined_yaw_right,101,19,tilt_or_both,1,0.36811446306858475,,0.1900923769570547,1,0
A043,server,combined_yaw_right,101,20,none,0,0.37102694952870435,,0.12700448007968843,0,0
A043,server,combined_yaw_right,101,21,none,0,0.3682355824957557,,0.0842082830072194,0,0
A043,server,combined_yaw_right,101,22,none,0,0.34412221905381923,,0.06644172685279359,0,0
A043,server,combined_yaw_right,101,23,none,0,0.3682898676650409,,0.07640556489672999,0,0
A043,server,combined_yaw_right,101,24,none,0,0.3392473405057734,,0.06775272006825973,0,0
A043,server,combined_yaw_right,101,25,none,0,0.3478487623247871,,0.0643850557692258,0,0
A043,server,combined_yaw_right,101,26,none,0,0.3528357989647809,,0.06490939440242725,0,0
A043,server,combined_yaw_right,101,27,none,0,0.35512449899140525,,0.06640727120384639,0,0
A043,server,combined_yaw_right,101,28,none,0,0.3631219808908707,,0.06894400926713735,0,0
A043,server,combined_yaw_right,101,29,none,0,0.3450194077695755,,0.06111063770337882,0,0
A043,server,combined_yaw_right,101,30,tilt_or_both,1,0.38367083780268296,,0.2897084266491906,1,0
A043,server,combined_yaw_right,101,31,none,0,0.36701285600024747,,0.08262574248138908,0,0
A043,server,combined_yaw_right,202,0,none,0,0.3396316138818302,,0.06193086384837162,0,0
A043,server,combined_yaw_right,202,1,none,0,0.3600284137668457,,0.07238721727446337,0,0
A043,server,combined_yaw_right,202,2,tilt_or_both,1,0.3797433852830673,,0.15606079122797073,1,0
A043,server,combined_yaw_right,202,3,tilt_or_both,1,0.3832577527525591,,0.2449371065132024,1,0
A043,server,combined_yaw_right,202,4,tilt_or_both,1,0.37820767479784345,,0.2631204847599644,1,0
A043,server,combined_yaw_right,202,5,none,0,0.36244681142868207,,0.06920388979255117,0,0
A043,server,combined_yaw_right,202,6,none,0,0.3541910575832275,,0.06783337614867226,0,0
A043,server,combined_yaw_right,202,7,none,0,0.3774476766905045,,0.09955218873727152,0,0
A043,server,combined_yaw_right,202,8,none,0,0.3486804659353858,,0.06956769370339128,0,0
A043,server,combined_yaw_right,202,9,tilt_or_both,1,0.3768625008390549,,0.14645399397156655,1,0
A043,server,combined_yaw_right,202,10,tilt_or_both,1,0.3688728614924426,,0.14443192789189047,1,0
A043,server,combined_yaw_right,202,11,none,0,0.3570275967293245,,0.0709846682654619,0,0
A043,server,combined_yaw_right,202,12,none,0,0.34691589481052865,,0.06371514582247144,0,0
A043,server,combined_yaw_right,202,13,none,0,0.3722388995363113,,0.0913210250787449,0,0
A043,server,combined_yaw_right,202,14,none,0,0.3425880523129581,,0.06921792052588922,0,0
A043,server,combined_yaw_right,202,15,none,0,0.3513722441253815,,0.06338730954863432,0,0
A043,server,combined_yaw_right,202,16,tilt_or_both,1,0.371860526063863,,0.22517408773711037,1,0
A043,server,combined_yaw_right,202,17,none,0,0.36081558705013705,,0.06281577946725468,0,0
A043,server,combined_yaw_right,202,18,none,0,0.3703214757263979,,0.08401430799901825,0,0
A043,server,combined_yaw_right,202,19,tilt_or_both,1,0.38250782472245837,,0.155042215659955,1,0
A043,server,combined_yaw_right,202,20,none,0,0.34018247315590394,,0.05941529042355793,0,0
A043,server,combined_yaw_right,202,21,none,0,0.3720464380507801,,0.0992198778786708,0,0
A043,server,combined_yaw_right,202,22,none,0,0.35793227801985916,,0.07175520164692878,0,0
A043,server,combined_yaw_right,202,23,none,0,0.3352559772245387,,0.0621528979911996,0,0
A043,server,combined_yaw_right,202,24,tilt_or_both,1,0.3770401799742551,,0.5397336204448239,1,0
A043,server,combined_yaw_right,202,25,none,0,0.3413898198202969,,0.06402084530690717,0,0
A043,server,combined_yaw_right,202,26,tilt_or_both,1,0.38113728819046433,,0.22397508621806872,1,0
A043,server,combined_yaw_right,202,27,none,0,0.34218275873737536,,0.06557953753453949,0,0
A043,server,combined_yaw_right,202,28,none,0,0.3725366111904542,,0.09903585888607129,0,0
A043,server,combined_yaw_right,202,29,none,0,0.3722471809164088,,0.08849388595391076,0,0
A043,server,combined_yaw_right,202,30,none,0,0.3490534277363895,,0.06903554159965015,0,0
A043,server,combined_yaw_right,202,31,none,0,0.3403738551439448,,0.06441190832088846,0,0
A043,server,combined_yaw_right,303,0,tilt_or_both,1,0.3807307355066034,,0.33207248587115235,1,0
A043,server,combined_yaw_right,303,1,none,0,0.3593462908012982,,0.07013146976813714,0,0
A043,server,combined_yaw_right,303,2,none,0,0.37596715524553614,,0.10568991012187515,0,0
A043,server,combined_yaw_right,303,3,none,0,0.37918531376729037,,0.0979870901042985,0,0
A043,server,combined_yaw_right,303,4,tilt_or_both,1,0.3827095700298401,,0.3074429345205129,1,0
A043,server,combined_yaw_right,303,5,tilt_or_both,1,0.3695311461062355,,0.2019895531648373,1,0
A043,server,combined_yaw_right,303,6,none,0,0.37650141845093693,,0.08027002112202938,0,0
A043,server,combined_yaw_right,303,7,tilt_or_both,1,0.37150314904470494,,0.3091689844297136,1,0
A043,server,combined_yaw_right,303,8,none,0,0.3713160896683759,,0.08508482418019332,0,0
A043,server,combined_yaw_right,303,9,none,0,0.3706187499079475,,0.10852232042845601,0,0
A043,server,combined_yaw_right,303,10,none,0,0.3704714177445294,,0.08412420725786401,0,0
A043,server,combined_yaw_right,303,11,none,0,0.3615664585548289,,0.08024575510746751,0,0
A043,server,combined_yaw_right,303,12,tilt_or_both,1,0.37596792954812075,,0.16175448618889443,1,0
A043,server,combined_yaw_right,303,13,tilt_or_both,1,0.3738754814002603,,0.1425951487023525,1,0
A043,server,combined_yaw_right,303,14,none,0,0.34830384920625124,,0.06549351102515286,0,0
A043,server,combined_yaw_right,303,15,tilt_or_both,1,0.37494912384984325,,0.3236809723735883,1,0
A043,server,combined_yaw_right,303,16,none,0,0.3612371041653628,,0.07195425762248944,0,0
A043,server,combined_yaw_right,303,17,none,0,0.3638162714115438,,0.06905469502108805,0,0
A043,server,combined_yaw_right,303,18,none,0,0.36364189650923173,,0.07363343453885364,0,0
A043,server,combined_yaw_right,303,19,none,0,0.34063466554657024,,0.06699778340393016,0,0
A043,server,combined_yaw_right,303,20,none,0,0.34215388650243933,,0.05852253298652079,0,0
A043,server,combined_yaw_right,303,21,tilt_or_both,1,0.37219685092966825,,0.24044673638647487,1,0
A043,server,combined_yaw_right,303,22,tilt_or_both,1,0.3833759977696414,,0.3236040955673068,1,0
A043,server,combined_yaw_right,303,23,none,0,0.36573815712316793,,0.08882603868943045,0,0
A043,server,combined_yaw_right,303,24,none,0,0.3793862476387126,,0.11526484970993196,0,0
A043,server,combined_yaw_right,303,25,none,0,0.3720751759362093,,0.08510607982255489,0,0
A043,server,combined_yaw_right,303,26,none,0,0.36407107672589345,,0.07426855943937877,0,0
A043,server,combined_yaw_right,303,27,none,0,0.3555044272844804,,0.06616365213954349,0,0
A043,server,combined_yaw_right,303,28,tilt_or_both,1,0.38724252653313196,,0.20814515887354143,1,0
A043,server,combined_yaw_right,303,29,tilt_or_both,1,0.37849684059619904,,0.23637425160598377,1,0
A043,server,combined_yaw_right,303,30,none,0,0.36344808316167027,,0.0682856499955333,0,0
A043,server,combined_yaw_right,303,31,none,0,0.3506098537043454,,0.0650837320195443,0,0
A044,server,rough_lateral,101,0,none,0,0.32154966428636866,,0.2343035172323673,0,0
A044,server,rough_lateral,101,1,terminated,1,0.3626325920144504,,0.2033564179808051,1,0
A044,server,rough_lateral,101,2,terminated,1,0.33910472683090576,,0.21953716212816446,1,0
A044,server,rough_lateral,101,3,terminated,1,0.3673617476448018,,0.19820287529867506,0,0
A044,server,rough_lateral,101,4,terminated,1,,,0.4937380387221478,0,0
A044,server,rough_lateral,101,5,none,0,0.3619717996228825,,0.29049324303891516,0,0
A044,server,rough_lateral,101,6,terminated,1,0.3716518549836256,,0.1974725697511872,0,0
A044,server,rough_lateral,101,7,none,0,0.35181759879550834,,0.2952542438290356,0,0
A044,server,rough_lateral,101,8,terminated,1,0.34958889331409637,,0.1724339486098122,0,0
A044,server,rough_lateral,101,9,terminated,1,0.335360741073435,,0.2905716393483645,0,0
A044,server,rough_lateral,101,10,terminated,1,,,0.3959627294785603,1,0
A044,server,rough_lateral,101,11,none,0,0.36888943588669926,,0.2586173482424931,0,0
A044,server,rough_lateral,101,12,terminated,1,0.3541744732283016,,0.19772716741135324,0,0
A044,server,rough_lateral,101,13,terminated,1,0.346584916991346,,0.17362641308556567,1,0
A044,server,rough_lateral,101,14,terminated,1,0.3323309056580385,,0.45071475027928276,0,0
A044,server,rough_lateral,101,15,none,0,0.35852211227710234,,0.19724700584195592,0,0
A044,server,rough_lateral,101,16,none,0,0.35237098074851825,,0.1972898747930608,0,0
A044,server,rough_lateral,101,17,terminated,1,0.3723181910055844,,0.16117594323311432,1,0
A044,server,rough_lateral,101,18,terminated,1,0.2532627714030883,,0.23700114064427638,1,0
A044,server,rough_lateral,101,19,terminated,1,0.36801705473565804,,0.20612330091732722,0,0
A044,server,rough_lateral,101,20,terminated,1,0.3775227778257533,,0.19235582286033218,1,1
A044,server,rough_lateral,101,21,terminated,1,0.35502649349643584,,0.18522698467376664,0,0
A044,server,rough_lateral,101,22,terminated,1,0.2916504915225952,,0.18106749756824386,0,0
A044,server,rough_lateral,101,23,terminated,1,0.31133228930878765,,0.24980279895960614,0,0
A044,server,rough_lateral,101,24,terminated,1,0.3444356445800812,,0.24458215808566813,0,0
A044,server,rough_lateral,101,25,terminated,1,0.30691302141403765,,0.18698360093098854,0,0
A044,server,rough_lateral,101,26,none,0,0.317876175922506,,0.27873173470835283,0,0
A044,server,rough_lateral,101,27,terminated,1,0.3628383027837876,,0.18233936981388946,0,0
A044,server,rough_lateral,101,28,terminated,1,0.33191556798264304,,0.3097259904593965,0,0
A044,server,rough_lateral,101,29,terminated,1,0.283466563744341,,0.44839326205672414,1,0
A044,server,rough_lateral,101,30,terminated,1,0.375540663931459,,0.21143213419401713,0,0
A044,server,rough_lateral,101,31,terminated,1,0.357880185472774,,0.44088730942103876,0,0
A044,server,rough_lateral,202,0,terminated,1,0.34901424047143703,,0.2234973129192184,1,0
A044,server,rough_lateral,202,1,terminated,1,0.33611455328643003,,0.21122871435811585,1,0
A044,server,rough_lateral,202,2,terminated,1,0.3755281569964108,,0.21760605907255343,0,0
A044,server,rough_lateral,202,3,terminated,1,0.3640869322785719,,0.380821097592254,0,0
A044,server,rough_lateral,202,4,terminated,1,,,0.5594703962814632,0,0
A044,server,rough_lateral,202,5,terminated,1,0.3480370711674665,,0.2559153941645787,0,0
A044,server,rough_lateral,202,6,terminated,1,0.2605851316515775,,0.27379720392787354,0,0
A044,server,rough_lateral,202,7,terminated,1,0.36794723187857137,,0.19560296214891712,1,0
A044,server,rough_lateral,202,8,terminated,1,,,0.4023471157499082,1,0
A044,server,rough_lateral,202,9,terminated,1,0.36066029113244247,,0.24038893669623762,1,0
A044,server,rough_lateral,202,10,none,0,0.3633956400787129,,0.2443157618174414,0,0
A044,server,rough_lateral,202,11,terminated,1,0.36669822284244596,,0.17323281667481272,1,0
A044,server,rough_lateral,202,12,none,0,0.30007651854645123,,0.26310178756176444,0,0
A044,server,rough_lateral,202,13,terminated,1,0.35211389157223827,,0.39478720458744415,1,0
A044,server,rough_lateral,202,14,terminated,1,0.36083658645178546,,0.25697041935797793,0,0
A044,server,rough_lateral,202,15,terminated,1,0.3025399011405394,,0.2487595179887469,1,0
A044,server,rough_lateral,202,16,terminated,1,0.30620016643707765,,0.31781335410423694,1,0
A044,server,rough_lateral,202,17,terminated,1,0.3400891609689131,,0.2991446625775708,0,0
A044,server,rough_lateral,202,18,terminated,1,0.3738509345660235,,0.2878169835620767,0,0
A044,server,rough_lateral,202,19,terminated,1,0.3700369845099628,,0.264493950810552,1,0
A044,server,rough_lateral,202,20,none,0,0.3204753994144858,,0.19352055763082623,0,0
A044,server,rough_lateral,202,21,terminated,1,0.3674970723409704,,0.3487967620610284,1,0
A044,server,rough_lateral,202,22,terminated,1,,,0.6583770283006459,0,0
A044,server,rough_lateral,202,23,terminated,1,,,0.4563759234486494,1,0
A044,server,rough_lateral,202,24,none,0,0.37317433052840715,,0.24354417450439045,0,0
A044,server,rough_lateral,202,25,terminated,1,0.3190763670014825,,0.2620278307251366,0,0
A044,server,rough_lateral,202,26,terminated,1,0.3637967589386007,,0.1814841895864255,1,0
A044,server,rough_lateral,202,27,terminated,1,0.31674899041333937,,0.23205611378835808,1,0
A044,server,rough_lateral,202,28,none,0,0.34702949799637106,,0.27276337574299775,0,0
A044,server,rough_lateral,202,29,terminated,1,0.34989949327739167,,0.37541790948553916,1,0
A044,server,rough_lateral,202,30,terminated,1,0.3256628564334808,,0.2834498664684857,1,0
A044,server,rough_lateral,202,31,terminated,1,0.3091958706232316,,0.33728320890499097,0,0
A044,server,rough_lateral,303,0,terminated,1,0.3481823238618871,,0.20221554956235033,0,0
A044,server,rough_lateral,303,1,terminated,1,,,0.46510997077604876,1,0
A044,server,rough_lateral,303,2,none,0,0.3721680743968423,,0.24237252527658104,0,0
A044,server,rough_lateral,303,3,terminated,1,0.35286572137299704,,0.22227029292828995,0,0
A044,server,rough_lateral,303,4,terminated,1,0.3573774802971651,,0.2052009988930295,1,0
A044,server,rough_lateral,303,5,terminated,1,0.36283018611331674,,0.18702303550593474,0,0
A044,server,rough_lateral,303,6,terminated,1,0.3656823191253897,,0.23876205363759256,1,0
A044,server,rough_lateral,303,7,terminated,1,0.3549015213620854,,0.21590106118119337,1,0
A044,server,rough_lateral,303,8,terminated,1,0.36299727857112885,,0.245909568105731,1,0
A044,server,rough_lateral,303,9,terminated,1,0.36456940422721085,,0.22325335938336618,0,0
A044,server,rough_lateral,303,10,terminated,1,0.3060897262816761,,0.14264806161437818,1,0
A044,server,rough_lateral,303,11,terminated,1,0.36506203303043855,,0.2739706446086723,0,0
A044,server,rough_lateral,303,12,terminated,1,0.3550498668044646,,0.1927012999870558,1,0
A044,server,rough_lateral,303,13,terminated,1,0.3161124090619266,,0.1831220791481665,0,0
A044,server,rough_lateral,303,14,none,0,0.3456616740335118,,0.22982473307360213,0,0
A044,server,rough_lateral,303,15,terminated,1,0.36893200021695327,,0.3265023171085363,0,0
A044,server,rough_lateral,303,16,terminated,1,,,0.5602386270476575,1,0
A044,server,rough_lateral,303,17,terminated,1,,,0.3992877689313711,0,0
A044,server,rough_lateral,303,18,terminated,1,,,0.5177216187056114,1,0
A044,server,rough_lateral,303,19,terminated,1,0.25078516967475095,,0.31519505844379236,0,0
A044,server,rough_lateral,303,20,terminated,1,0.2746503113265981,,0.25275657841232846,0,0
A044,server,rough_lateral,303,21,terminated,1,0.3156062217160342,,0.3864366404186538,0,0
A044,server,rough_lateral,303,22,none,0,0.3607692392592762,,0.1748226435475821,0,0
A044,server,rough_lateral,303,23,terminated,1,,,0.2514533961643165,0,0
A044,server,rough_lateral,303,24,none,0,0.37212276626079477,,0.2059695179759794,0,0
A044,server,rough_lateral,303,25,terminated,1,,,0.5890675123128232,0,0
A044,server,rough_lateral,303,26,terminated,1,,,0.44917697295879416,1,0
A044,server,rough_lateral,303,27,terminated,1,0.3647298991361404,,0.23027150621322942,0,0
A044,server,rough_lateral,303,28,terminated,1,0.30703072975026097,,0.3328881808793605,0,0
A044,server,rough_lateral,303,29,terminated,1,0.27931845682190065,,0.2703748576495056,0,0
A044,server,rough_lateral,303,30,terminated,1,0.36442129298008696,,0.27017169670392993,0,0
A044,server,rough_lateral,303,31,terminated,1,0.33930001117010167,,0.16036094120839414,0,0
A044,server,rough_forward,101,0,none,0,0.32828856558404507,,0.13066614898523576,0,0
A044,server,rough_forward,101,1,none,0,0.3283348514593859,,0.206224574271889,0,0
A044,server,rough_forward,101,2,none,0,0.3498175370501962,,0.1327879567193559,0,0
A044,server,rough_forward,101,3,none,0,0.37538102540102875,,0.15405397914091767,0,0
A044,server,rough_forward,101,4,none,0,,,0.14325629418273514,0,0
A044,server,rough_forward,101,5,height_only,1,0.3505729205786863,,0.33061847989273085,0,0
A044,server,rough_forward,101,6,none,0,0.3448167131705718,,0.1605948217693835,0,0
A044,server,rough_forward,101,7,none,0,0.3281196684123361,,0.17734842118010088,0,0
A044,server,rough_forward,101,8,none,0,0.347170556213129,,0.23851116390586605,0,0
A044,server,rough_forward,101,9,none,0,0.34328764916103793,,0.30515651061314797,0,0
A044,server,rough_forward,101,10,none,0,0.2823690199915738,,0.1788541877741178,0,0
A044,server,rough_forward,101,11,none,0,0.34550241990522906,,0.3173357921145215,0,0
A044,server,rough_forward,101,12,none,0,0.3452112410954613,,0.1411350640205528,0,0
A044,server,rough_forward,101,13,none,0,0.3442122407138029,,0.14011995490471404,0,0
A044,server,rough_forward,101,14,none,0,0.315452215107367,,0.2454096212318093,0,0
A044,server,rough_forward,101,15,none,0,0.3574838777755034,,0.18193213686061355,0,0
A044,server,rough_forward,101,16,none,0,0.3570953689635119,,0.2353266504675198,0,0
A044,server,rough_forward,101,17,none,0,0.36500854614902944,,0.1867446857613989,0,0
A044,server,rough_forward,101,18,height_only,1,0.3101144017860851,,0.3768035752519561,0,0
A044,server,rough_forward,101,19,none,0,0.3652643125484334,,0.14832451391701182,0,0
A044,server,rough_forward,101,20,none,0,0.33780690708899885,,0.31002909773876564,0,0
A044,server,rough_forward,101,21,height_only,1,0.33341472081959567,,0.24179648708044482,0,1
A044,server,rough_forward,101,22,none,0,0.3312580180678138,,0.11687019587982597,0,0
A044,server,rough_forward,101,23,none,0,0.3625296158267852,,0.14642963315097574,0,0
A044,server,rough_forward,101,24,none,0,0.34071232442231103,,0.23333117060043976,0,0
A044,server,rough_forward,101,25,none,0,0.3209268501735626,,0.11521798177102824,0,0
A044,server,rough_forward,101,26,none,0,0.32718376895004414,,0.19749090438751918,0,0
A044,server,rough_forward,101,27,none,0,0.34188140920776733,,0.14961075687688127,0,0
A044,server,rough_forward,101,28,none,0,0.3367124154446597,,0.38307310945160994,0,0
A044,server,rough_forward,101,29,none,0,0.33009693767616455,,0.4287498961081387,0,0
A044,server,rough_forward,101,30,none,0,0.3457744864219013,,0.2616801979861804,0,0
A044,server,rough_forward,101,31,none,0,0.33688366564518624,,0.1336237034859937,0,0
A044,server,rough_forward,202,0,none,0,0.34686900029845413,,0.3293716182155702,0,0
A044,server,rough_forward,202,1,none,0,0.3431293043223294,,0.12451349509548766,0,0
A044,server,rough_forward,202,2,none,0,0.3577201234146873,,0.22193284547904674,0,0
A044,server,rough_forward,202,3,none,0,0.34816906708765794,,0.21355014342249784,0,0
A044,server,rough_forward,202,4,none,0,0.3173536952326005,,0.20246567860073167,0,0
A044,server,rough_forward,202,5,none,0,0.3035999126134709,,0.14303065250213473,0,0
A044,server,rough_forward,202,6,none,0,0.3476380638897738,,0.11872341874636484,0,0
A044,server,rough_forward,202,7,none,0,0.34028256361816017,,0.14684839659689022,0,0
A044,server,rough_forward,202,8,none,0,0.3321110634083416,,0.16737469814000422,0,0
A044,server,rough_forward,202,9,none,0,0.3558013989007409,,0.31493232034793733,0,0
A044,server,rough_forward,202,10,none,0,0.34384345896741286,,0.16987572714866264,0,0
A044,server,rough_forward,202,11,none,0,0.3317118049624132,,0.1252321547684443,0,0
A044,server,rough_forward,202,12,none,0,0.33735245402484015,,0.1281080498785434,0,0
A044,server,rough_forward,202,13,none,0,0.3296285509903801,,0.15410280000869292,0,0
A044,server,rough_forward,202,14,none,0,0.3309857028531518,,0.13685993499941695,0,0
A044,server,rough_forward,202,15,none,0,0.316698448861984,,0.17590480632205377,0,0
A044,server,rough_forward,202,16,none,0,0.3522773055150547,,0.15815627517465558,0,0
A044,server,rough_forward,202,17,none,0,0.3352397368712859,,0.16981731565671526,0,0
A044,server,rough_forward,202,18,none,0,0.3532006687180881,,0.2101600545263242,0,0
A044,server,rough_forward,202,19,none,0,0.3692963078697735,,0.16442846343915504,0,0
A044,server,rough_forward,202,20,none,0,0.333469623709745,,0.13304112188706815,0,0
A044,server,rough_forward,202,21,none,0,0.32427333335187986,,0.2671765115422269,0,0
A044,server,rough_forward,202,22,none,0,0.330652057168318,,0.11564771441865787,0,0
A044,server,rough_forward,202,23,none,0,0.28368180201334114,,0.16063005685860782,0,0
A044,server,rough_forward,202,24,none,0,0.35608889999236654,,0.13568544296465382,0,0
A044,server,rough_forward,202,25,none,0,0.3207055919151255,,0.11209781535817022,0,0
A044,server,rough_forward,202,26,none,0,0.3496940355090534,,0.1437033847214911,0,0
A044,server,rough_forward,202,27,none,0,0.3042657537893816,,0.10500015442181306,0,0
A044,server,rough_forward,202,28,none,0,0.31952022924461465,,0.20064227836392398,0,0
A044,server,rough_forward,202,29,none,0,,,0.14100976900542508,0,0
A044,server,rough_forward,202,30,none,0,0.31891385796554583,,0.19218687931501283,0,0
A044,server,rough_forward,202,31,none,0,0.32895293266059245,,0.1457764869594492,0,0
A044,server,rough_forward,303,0,none,0,0.35626113103991525,,0.18178344009014594,0,0
A044,server,rough_forward,303,1,none,0,0.32872711831235635,,0.1564454200248623,0,0
A044,server,rough_forward,303,2,none,0,0.3678867672694558,,0.45268124676739013,0,0
A044,server,rough_forward,303,3,none,0,0.37447118089798304,,0.2464045601883801,0,0
A044,server,rough_forward,303,4,none,0,0.34314244045293263,,0.20095654732744608,0,0
A044,server,rough_forward,303,5,none,0,0.31985273805850334,,0.16925638686313416,0,0
A044,server,rough_forward,303,6,none,0,,,0.1794728622153265,0,0
A044,server,rough_forward,303,7,none,0,0.2922640270727841,,0.14724244228059594,0,0
A044,server,rough_forward,303,8,none,0,0.334018860669697,,0.27276594026793094,0,0
A044,server,rough_forward,303,9,none,0,0.38157421007832104,,0.15490479506837235,0,0
A044,server,rough_forward,303,10,none,0,0.3431888225084958,,0.1485058043990729,0,0
A044,server,rough_forward,303,11,none,0,0.3455355906869001,,0.11666974714602003,0,0
A044,server,rough_forward,303,12,none,0,0.3375054314971607,,0.1806720525561691,0,0
A044,server,rough_forward,303,13,none,0,0.3115402812307531,,0.18551891851447627,0,0
A044,server,rough_forward,303,14,none,0,0.32357633878840486,,0.15281080842820388,0,0
A044,server,rough_forward,303,15,none,0,0.35050993105944467,,0.3515679158386775,0,0
A044,server,rough_forward,303,16,none,0,0.32025430467039506,,0.33026781019198925,0,0
A044,server,rough_forward,303,17,none,0,0.32809446329739,,0.1446867267214092,0,0
A044,server,rough_forward,303,18,none,0,0.3201767238066158,,0.26330354902005987,0,0
A044,server,rough_forward,303,19,none,0,0.3203903561766772,,0.2858178977362629,0,0
A044,server,rough_forward,303,20,none,0,0.31169185361122703,,0.3003440771503602,0,0
A044,server,rough_forward,303,21,none,0,0.3544948293085404,,0.2028379532729368,0,0
A044,server,rough_forward,303,22,none,0,0.33014607804025553,,0.15066103777868936,0,0
A044,server,rough_forward,303,23,none,0,0.34042997706063927,,0.3164312028243575,0,0
A044,server,rough_forward,303,24,none,0,0.35785190227197455,,0.1497944914629901,0,0
A044,server,rough_forward,303,25,none,0,0.3578148792612361,,0.13634720831391464,0,0
A044,server,rough_forward,303,26,none,0,0.3557746053379487,,0.22400856400279767,0,0
A044,server,rough_forward,303,27,none,0,0.3329854657783865,,0.3649250623674676,0,0
A044,server,rough_forward,303,28,none,0,0.3504351118509782,,0.18413716681562892,0,0
A044,server,rough_forward,303,29,none,0,0.34506923390582284,,0.15524385218838577,0,0
A044,server,rough_forward,303,30,none,0,0.33220491498549354,,0.19449457533453082,0,0
A044,server,rough_forward,303,31,none,0,0.34954896146919634,,0.13542620750380238,0,0
A044,server,stairs_10_down,101,0,none,0,0.33382408472305947,1,0.45733707115084704,0,0
A044,server,stairs_10_down,101,1,height_only,1,0.3314464919388613,1,0.31398506789371783,0,0
A044,server,stairs_10_down,101,2,height_only,1,0.3449628362681139,0,0.09569336120353106,0,1
A044,server,stairs_10_down,101,3,none,0,0.33549400120176737,1,0.48700805551473364,0,0
A044,server,stairs_10_down,101,4,height_only,1,0.3615898921846706,0,0.08534477520105566,0,0
A044,server,stairs_10_down,101,5,height_only,1,0.36530362356474055,1,0.16409407018656194,0,0
A044,server,stairs_10_down,101,6,none,0,0.3803945360655453,0,0.5255935015034037,0,0
A044,server,stairs_10_down,101,7,height_only,1,0.3772318134492731,1,0.1758553301554324,0,0
A044,server,stairs_10_down,101,8,none,0,0.36737872317513043,1,0.47906934751107355,0,0
A044,server,stairs_10_down,101,9,none,0,0.3756499975760353,1,0.4507704850094636,0,0
A044,server,stairs_10_down,101,10,height_only,1,0.35731126113052675,0,0.10391196751246028,0,0
A044,server,stairs_10_down,101,11,height_only,1,0.30490323295567767,1,0.16264075644083265,0,0
A044,server,stairs_10_down,101,12,none,0,0.33130204183532597,1,0.32157262129540126,0,0
A044,server,stairs_10_down,101,13,none,0,0.33132526310369925,0,0.48010322213260653,0,0
A044,server,stairs_10_down,101,14,height_only,1,0.2906437018975854,1,0.46822731136701584,0,0
A044,server,stairs_10_down,101,15,height_only,1,0.3750921574665263,1,0.1308012062493266,0,0
A044,server,stairs_10_down,101,16,height_only,1,0.3609127964884202,0,0.2752903253889878,0,0
A044,server,stairs_10_down,101,17,height_only,1,0.3350833691855803,0,0.19383620126107137,0,0
A044,server,stairs_10_down,101,18,height_only,1,0.3276096813500246,1,0.10664726419209784,0,0
A044,server,stairs_10_down,101,19,height_only,1,0.35594958672549,1,0.2959551310955392,0,0
A044,server,stairs_10_down,101,20,height_only,1,0.3749055865614172,1,0.16667205470490573,0,0
A044,server,stairs_10_down,101,21,height_only,1,0.34236711183971263,1,0.34124977199211465,0,0
A044,server,stairs_10_down,101,22,height_only,1,0.3516310783312282,0,0.4776276514395849,0,0
A044,server,stairs_10_down,101,23,height_only,1,0.33019635591277463,1,0.3415417113706012,0,0
A044,server,stairs_10_down,101,24,height_only,1,0.3161874905945783,0,0.13565305131154784,0,0
A044,server,stairs_10_down,101,25,height_only,1,0.3655081820041738,1,0.12091647325214551,0,0
A044,server,stairs_10_down,101,26,height_only,1,0.3459775247038367,1,0.09382384255525232,0,0
A044,server,stairs_10_down,101,27,height_only,1,0.3292772548402695,1,0.23588167516986555,0,0
A044,server,stairs_10_down,101,28,height_only,1,0.33210071889474435,0,0.08732137659664736,0,0
A044,server,stairs_10_down,101,29,height_only,1,0.3148973322807149,1,0.21514461126385595,0,0
A044,server,stairs_10_down,101,30,none,0,0.37619576320291204,0,0.46084058876668077,0,0
A044,server,stairs_10_down,101,31,none,0,0.334346354246777,1,0.4752003074259732,0,0
A044,server,stairs_10_down,202,0,height_only,1,0.3100910588381762,1,0.4833664056951178,0,0
A044,server,stairs_10_down,202,1,height_only,1,0.31231303329773763,0,0.09485800191452105,0,0
A044,server,stairs_10_down,202,2,height_only,1,0.37683490691656735,1,0.10600085143044216,0,0
A044,server,stairs_10_down,202,3,height_only,1,0.3348637456721801,0,0.18552002284673338,0,0
A044,server,stairs_10_down,202,4,height_only,1,0.37845935923530455,1,0.1542586713200485,0,0
A044,server,stairs_10_down,202,5,height_only,1,0.33186696294476004,1,0.11940496382360231,0,0
A044,server,stairs_10_down,202,6,none,0,0.32557259013946044,1,0.388726496033319,0,0
A044,server,stairs_10_down,202,7,height_only,1,0.3200888355626142,1,0.16951142224778298,0,0
A044,server,stairs_10_down,202,8,height_only,1,0.33981194869082243,0,0.16750011999658135,0,0
A044,server,stairs_10_down,202,9,height_only,1,0.3287168620104458,1,0.1795340471794178,0,0
A044,server,stairs_10_down,202,10,height_only,1,0.36683970618056744,0,0.20711984781186046,0,0
A044,server,stairs_10_down,202,11,none,0,0.3630081127512264,0,0.4607642038242132,0,0
A044,server,stairs_10_down,202,12,height_only,1,0.337325234782887,1,0.37954197020721936,0,0
A044,server,stairs_10_down,202,13,none,0,0.3646847992976081,0,0.46791217093543674,0,0
A044,server,stairs_10_down,202,14,height_only,1,0.35345393642384737,1,0.12234551915781104,0,0
A044,server,stairs_10_down,202,15,height_only,1,0.3490215678584767,1,0.2139428460528114,0,0
A044,server,stairs_10_down,202,16,none,0,0.3512138367336702,0,0.46615471760270644,0,0
A044,server,stairs_10_down,202,17,height_only,1,0.33437966041386447,0,0.16638850909443811,0,0
A044,server,stairs_10_down,202,18,height_only,1,0.3425849769364066,1,0.11612496449143551,0,0
A044,server,stairs_10_down,202,19,height_only,1,0.34532162013219636,0,0.10575963981981365,0,0
A044,server,stairs_10_down,202,20,height_only,1,0.3617418761399978,1,0.29962312055927653,0,0
A044,server,stairs_10_down,202,21,none,0,0.37036402539454677,0,0.44731304810257394,0,0
A044,server,stairs_10_down,202,22,height_only,1,0.31692655958275107,1,0.15955217866823693,0,0
A044,server,stairs_10_down,202,23,none,0,0.34895007248549537,1,0.4262395071351926,0,0
A044,server,stairs_10_down,202,24,height_only,1,0.3277325942554576,1,0.40774294695752306,0,0
A044,server,stairs_10_down,202,25,height_only,1,0.3313656340945851,1,0.2411115665304495,0,0
A044,server,stairs_10_down,202,26,height_only,1,0.34378152543848206,0,0.12688500556661653,0,0
A044,server,stairs_10_down,202,27,height_only,1,0.35490377645760296,0,0.08200601702407805,0,0
A044,server,stairs_10_down,202,28,height_only,1,0.36919195025681173,1,0.09658660646067374,0,0
A044,server,stairs_10_down,202,29,none,0,0.3273031096407436,1,0.46453887127221866,0,0
A044,server,stairs_10_down,202,30,height_only,1,0.3405654763474184,0,0.15854535163604272,0,0
A044,server,stairs_10_down,202,31,height_only,1,0.3496582648333381,1,0.17169206024129863,0,0
A044,server,stairs_10_down,303,0,height_only,1,0.35017314943719036,1,0.23651008339974242,0,0
A044,server,stairs_10_down,303,1,none,0,0.3373276945103936,0,0.46760806135144845,0,0
A044,server,stairs_10_down,303,2,height_only,1,0.3427264290378693,1,0.1343310788348974,0,0
A044,server,stairs_10_down,303,3,none,0,0.37540885598901763,1,0.2835494531729768,0,0
A044,server,stairs_10_down,303,4,height_only,1,0.2816021503771053,1,0.36724322758561984,0,0
A044,server,stairs_10_down,303,5,none,0,0.3391064987144368,1,0.2137159270469621,0,0
A044,server,stairs_10_down,303,6,none,0,0.3366468842813675,1,0.4614449487579718,0,0
A044,server,stairs_10_down,303,7,height_only,1,0.37717288198636817,1,0.1057723545565424,0,0
A044,server,stairs_10_down,303,8,none,0,0.3101062695769703,1,0.4301710326525062,0,0
A044,server,stairs_10_down,303,9,none,0,0.35015796116966613,1,0.21186439899433726,0,0
A044,server,stairs_10_down,303,10,none,0,0.29728204816739184,1,0.4219299451575132,0,0
A044,server,stairs_10_down,303,11,none,0,0.3372588918648939,0,0.49244588285720786,0,0
A044,server,stairs_10_down,303,12,height_only,1,0.3624936468939092,1,0.13192839751563346,0,0
A044,server,stairs_10_down,303,13,none,0,0.35413380230174346,1,0.44439168643465343,0,0
A044,server,stairs_10_down,303,14,height_only,1,0.3582454375564096,1,0.0849089944039026,0,0
A044,server,stairs_10_down,303,15,height_only,1,0.3383327457994063,0,0.17365206799515562,0,0
A044,server,stairs_10_down,303,16,height_only,1,0.3158658550066107,1,0.24224603513766768,0,0
A044,server,stairs_10_down,303,17,height_only,1,0.37208804719269595,0,0.13125416714725005,0,0
A044,server,stairs_10_down,303,18,height_only,1,0.28116541176556265,1,0.11679768624799859,0,0
A044,server,stairs_10_down,303,19,height_only,1,0.33222843156778875,1,0.09783314852544168,0,0
A044,server,stairs_10_down,303,20,height_only,1,0.29864614747743556,0,0.08796913502484312,0,0
A044,server,stairs_10_down,303,21,none,0,0.36785809950713805,1,0.4424886238096077,0,0
A044,server,stairs_10_down,303,22,none,0,0.3464753113009713,1,0.43283060650754085,0,0
A044,server,stairs_10_down,303,23,height_only,1,0.3581233776826909,1,0.09150834513261308,0,0
A044,server,stairs_10_down,303,24,height_only,1,0.31468755038664303,0,0.25194774362698974,0,0
A044,server,stairs_10_down,303,25,none,0,0.3681976509126112,0,0.4736500663763262,0,0
A044,server,stairs_10_down,303,26,none,0,0.341735371373554,0,0.4679328252710885,0,0
A044,server,stairs_10_down,303,27,height_only,1,0.3232060415859528,1,0.26847330195520147,0,0
A044,server,stairs_10_down,303,28,height_only,1,0.3479985343740586,0,0.10418718408817447,0,0
A044,server,stairs_10_down,303,29,none,0,0.37512207875914755,1,0.39028727390319495,0,0
A044,server,stairs_10_down,303,30,none,0,0.3280070524483441,1,0.1897359773554028,0,0
A044,server,stairs_10_down,303,31,height_only,1,0.33435013858392276,0,0.08051189460066425,0,0
A044,server,stairs_15_down,101,0,terminated,1,0.3161954347462578,0,0.39237844432008795,0,1
A044,server,stairs_15_down,101,1,height_only,1,0.3252576313873026,0,0.19235754634360086,0,1
A044,server,stairs_15_down,101,2,terminated,1,0.3322271937355,0,0.09103419078318398,0,1
A044,server,stairs_15_down,101,3,height_only,1,0.3154088848414906,0,0.1061226253973219,0,0
A044,server,stairs_15_down,101,4,terminated,1,0.3561694159864742,0,0.09198227807923907,0,0
A044,server,stairs_15_down,101,5,height_only,1,0.3610373453341703,0,0.20012488089384714,0,0
A044,server,stairs_15_down,101,6,height_only,1,0.3773945705457168,0,0.17958449690792283,0,0
A044,server,stairs_15_down,101,7,terminated,1,0.37582710369385497,0,0.2469685921539813,0,1
A044,server,stairs_15_down,101,8,terminated,1,0.36284037802946123,0,0.10496524830349273,0,0
A044,server,stairs_15_down,101,9,none,0,0.369414629464481,0,0.4589141934090418,0,0
A044,server,stairs_15_down,101,10,height_only,1,0.3541648136103217,0,0.09263030120394514,0,1
A044,server,stairs_15_down,101,11,terminated,1,0.29682978270525606,0,0.1090588661102133,0,1
A044,server,stairs_15_down,101,12,height_only,1,0.3179758401478038,0,0.10989987458264276,0,1
A044,server,stairs_15_down,101,13,height_only,1,0.3093485887994103,0,0.2376444689869358,0,0
A044,server,stairs_15_down,101,14,terminated,1,0.3238446871864604,0,0.328781306767798,0,1
A044,server,stairs_15_down,101,15,terminated,1,0.3752975551521076,0,0.10933241845731952,0,0
A044,server,stairs_15_down,101,16,height_only,1,0.35500664347633315,0,0.15973885401235338,0,1
A044,server,stairs_15_down,101,17,height_only,1,0.3179006375730994,0,0.1252655241714186,0,0
A044,server,stairs_15_down,101,18,terminated,1,0.3170199508972984,0,0.11722524074086002,0,1
A044,server,stairs_15_down,101,19,height_only,1,0.3463343401006199,0,0.19461580089335526,0,1
A044,server,stairs_15_down,101,20,height_only,1,0.3711351084517923,0,0.12035179507741152,0,1
A044,server,stairs_15_down,101,21,terminated,1,0.33269940244960283,0,0.10063047815132405,0,0
A044,server,stairs_15_down,101,22,terminated,1,0.3403697029792052,0,0.089910325110996,0,1
A044,server,stairs_15_down,101,23,terminated,1,0.30680378618087356,0,0.2638517474291925,0,1
A044,server,stairs_15_down,101,24,height_only,1,0.28423017486531466,0,0.09307975368929827,0,0
A044,server,stairs_15_down,101,25,terminated,1,0.3628115108943878,0,0.1012918131845352,0,1
A044,server,stairs_15_down,101,26,terminated,1,0.3389052759836064,0,0.26460344115373774,0,0
A044,server,stairs_15_down,101,27,terminated,1,0.33229057705976106,0,0.26263584483353103,0,1
A044,server,stairs_15_down,101,28,height_only,1,0.3043862928681195,0,0.07068678053420373,0,0
A044,server,stairs_15_down,101,29,terminated,1,0.29806099696592847,0,0.11391498124377225,0,1
A044,server,stairs_15_down,101,30,height_only,1,0.3733408490922999,0,0.21816623973377158,0,0
A044,server,stairs_15_down,101,31,terminated,1,0.33200564390835274,0,0.10297515908420224,0,1
A044,server,stairs_15_down,202,0,height_only,1,0.29514186936903763,0,0.11544775928959752,0,0
A044,server,stairs_15_down,202,1,terminated,1,0.28127002811686874,0,0.07429207747706637,0,0
A044,server,stairs_15_down,202,2,terminated,1,0.37341875586917694,0,0.12117804729323102,0,1
A044,server,stairs_15_down,202,3,terminated,1,0.31951629796767617,0,0.09328796353777775,0,0
A044,server,stairs_15_down,202,4,terminated,1,0.38051757630817384,0,0.10324591246614313,0,0
A044,server,stairs_15_down,202,5,terminated,1,0.3077230093313411,0,0.09170576589245917,0,1
A044,server,stairs_15_down,202,6,terminated,1,0.30838426007306513,0,0.09029212514416138,0,1
A044,server,stairs_15_down,202,7,terminated,1,0.29439372174880085,0,0.13039051693043885,0,1
A044,server,stairs_15_down,202,8,terminated,1,0.3300428792117114,0,0.09034645960857453,0,0
A044,server,stairs_15_down,202,9,height_only,1,0.32448144615652724,0,0.11134801174526902,0,0
A044,server,stairs_15_down,202,10,height_only,1,0.3624540280530797,0,0.11687923473111743,0,0
A044,server,stairs_15_down,202,11,height_only,1,0.3547141437224526,0,0.08910076079178164,0,1
A044,server,stairs_15_down,202,12,terminated,1,0.3318265510752877,0,0.3159083425589768,0,0
A044,server,stairs_15_down,202,13,height_only,1,0.35751152293567356,0,0.11996540685103309,0,0
A044,server,stairs_15_down,202,14,terminated,1,0.34621382652119526,0,0.22667221089490422,0,0
A044,server,stairs_15_down,202,15,terminated,1,0.3447569691561122,0,0.09751401133523913,0,0
A044,server,stairs_15_down,202,16,terminated,1,0.34092743447757656,0,0.10496873198415468,0,0
A044,server,stairs_15_down,202,17,terminated,1,0.3246600886079716,0,0.07869875938355256,0,0
A044,server,stairs_15_down,202,18,terminated,1,0.3265502248855836,0,0.08546985360315461,0,1
A044,server,stairs_15_down,202,19,terminated,1,0.33031108640731977,0,0.09831519306781684,0,0
A044,server,stairs_15_down,202,20,height_only,1,0.3612458742557363,0,0.1924375299629949,0,1
A044,server,stairs_15_down,202,21,height_only,1,0.3604941068486097,0,0.19519697789822635,0,1
A044,server,stairs_15_down,202,22,terminated,1,0.27672343378398506,0,0.09935658645738618,0,1
A044,server,stairs_15_down,202,23,height_only,1,0.3510128752114301,0,0.17059453632345772,0,1
A044,server,stairs_15_down,202,24,terminated,1,0.2957851198267809,0,0.2706766987636615,0,1
A044,server,stairs_15_down,202,25,height_only,1,0.3247730467408736,0,0.4383091368399934,0,0
A044,server,stairs_15_down,202,26,height_only,1,0.3296996807669573,0,0.21779508343893925,0,1
A044,server,stairs_15_down,202,27,terminated,1,0.3573156668540628,0,0.1778473137165448,0,1
A044,server,stairs_15_down,202,28,height_only,1,0.3663023418602459,0,0.10201018191716174,0,0
A044,server,stairs_15_down,202,29,height_only,1,0.3030503293409704,0,0.11215083039196488,0,1
A044,server,stairs_15_down,202,30,terminated,1,0.33275021142500605,0,0.11045845478386031,0,0
A044,server,stairs_15_down,202,31,height_only,1,0.33693076311585746,0,0.23160189240178375,0,1
A044,server,stairs_15_down,303,0,terminated,1,0.35071618448604247,0,0.36945898493388224,0,0
A044,server,stairs_15_down,303,1,terminated,1,0.3369789537898997,0,0.3653087546400651,0,1
A044,server,stairs_15_down,303,2,terminated,1,0.3241108181004856,0,0.11086231895586861,0,1
A044,server,stairs_15_down,303,3,height_only,1,0.3732229786760667,0,0.1367022079441766,0,0
A044,server,stairs_15_down,303,4,height_only,1,0.29633699158296223,0,0.1716270838952832,0,0
A044,server,stairs_15_down,303,5,terminated,1,0.32329560888004805,0,0.25796301560651713,0,0
A044,server,stairs_15_down,303,6,height_only,1,0.31738807428329385,0,0.1181011729484706,0,1
A044,server,stairs_15_down,303,7,terminated,1,0.3714091632774169,0,0.12117943800008847,0,0
A044,server,stairs_15_down,303,8,terminated,1,0.2833885697120013,0,0.11318477611133342,0,1
A044,server,stairs_15_down,303,9,terminated,1,0.34362690844000343,0,0.2317363182188881,0,1
A044,server,stairs_15_down,303,10,terminated,1,0.3165075437907867,0,0.35187287896872294,0,0
A044,server,stairs_15_down,303,11,height_only,1,0.3199706649716525,0,0.2769859124627334,0,1
A044,server,stairs_15_down,303,12,height_only,1,0.3498938322704743,0,0.10314226149345615,0,0
A044,server,stairs_15_down,303,13,terminated,1,0.34337272427298804,0,0.1034931747018057,0,0
A044,server,stairs_15_down,303,14,terminated,1,0.3480976042263011,0,0.08457413722754108,0,0
A044,server,stairs_15_down,303,15,terminated,1,0.31947913399354655,0,0.1461881068676796,0,1
A044,server,stairs_15_down,303,16,terminated,1,0.31632306422779266,0,0.09094363240413696,0,1
A044,server,stairs_15_down,303,17,height_only,1,0.3654944009003155,0,0.38099373884265497,0,0
A044,server,stairs_15_down,303,18,height_only,1,0.2748884450305592,0,0.10730501711247614,0,0
A044,server,stairs_15_down,303,19,height_only,1,0.3418806977769271,0,0.08007959791147125,0,1
A044,server,stairs_15_down,303,20,terminated,1,0.2764520304088287,0,0.07546385868598746,0,1
A044,server,stairs_15_down,303,21,terminated,1,0.3634549793712596,0,0.10475816974432803,0,1
A044,server,stairs_15_down,303,22,height_only,1,0.32922050595920993,0,0.26867314417332283,0,1
A044,server,stairs_15_down,303,23,height_only,1,0.35158827486522704,0,0.20008051152664028,0,1
A044,server,stairs_15_down,303,24,terminated,1,0.296662362501583,0,0.23823817652063237,0,1
A044,server,stairs_15_down,303,25,terminated,1,0.36313005437187973,0,0.23264194911589958,0,0
A044,server,stairs_15_down,303,26,terminated,1,0.32420491837562726,0,0.22243795219946028,0,1
A044,server,stairs_15_down,303,27,height_only,1,0.2977730999974643,0,0.08879964963910672,0,1
A044,server,stairs_15_down,303,28,terminated,1,0.32974776514073745,0,0.10990032236604204,0,1
A044,server,stairs_15_down,303,29,height_only,1,0.37354304414381956,0,0.23001018262408698,0,1
A044,server,stairs_15_down,303,30,height_only,1,0.3012318164907037,0,0.24908027954311368,0,1
A044,server,stairs_15_down,303,31,height_only,1,0.3248282272547962,0,0.0934004388393798,0,1
A044,server,combined_yaw_right,101,0,none,0,0.3776075712499771,,0.11168189716038558,0,0
A044,server,combined_yaw_right,101,1,none,0,0.38842287691519223,,0.13650538997898895,0,0
A044,server,combined_yaw_right,101,2,none,0,0.38035473195626773,,0.10897944823748212,0,0
A044,server,combined_yaw_right,101,3,none,0,0.3905590026773871,,0.14143093957143799,0,0
A044,server,combined_yaw_right,101,4,none,0,0.3746858855938529,,0.10927021151614925,0,0
A044,server,combined_yaw_right,101,5,none,0,0.39019235864998825,,0.13479584610204035,0,0
A044,server,combined_yaw_right,101,6,none,0,0.38117445630823227,,0.1358434516819401,0,0
A044,server,combined_yaw_right,101,7,none,0,0.3872085921267137,,0.1347038253529921,0,0
A044,server,combined_yaw_right,101,8,none,0,0.3855408487472942,,0.129645217783754,0,0
A044,server,combined_yaw_right,101,9,none,0,0.38635675346150117,,0.14542158881439965,0,0
A044,server,combined_yaw_right,101,10,none,0,0.37835014679215173,,0.1004030397316979,0,0
A044,server,combined_yaw_right,101,11,none,0,0.38476419584317645,,0.1279382142404211,0,0
A044,server,combined_yaw_right,101,12,none,0,0.38287081557480407,,0.11821863386200218,0,0
A044,server,combined_yaw_right,101,13,none,0,0.38589328168866466,,0.12302529432358071,0,0
A044,server,combined_yaw_right,101,14,none,0,0.3856067498896849,,0.12879179251229148,0,0
A044,server,combined_yaw_right,101,15,none,0,0.3898409889502959,,0.12493908147337239,0,0
A044,server,combined_yaw_right,101,16,none,0,0.3824269205809915,,0.13312650245155674,0,0
A044,server,combined_yaw_right,101,17,none,0,0.38067535761205906,,0.1393537462544853,0,0
A044,server,combined_yaw_right,101,18,none,0,0.37764511819191793,,0.10315491936624879,0,0
A044,server,combined_yaw_right,101,19,none,0,0.3878579745318163,,0.13745026548644945,0,0
A044,server,combined_yaw_right,101,20,none,0,0.3769495087192658,,0.13238945199485153,0,0
A044,server,combined_yaw_right,101,21,none,0,0.3823800202518861,,0.1258529483951971,0,0
A044,server,combined_yaw_right,101,22,none,0,0.37952471034412083,,0.10403740690304233,0,0
A044,server,combined_yaw_right,101,23,none,0,0.38613123745523037,,0.12247664555718348,0,0
A044,server,combined_yaw_right,101,24,none,0,0.37187564556292674,,0.1011376709710792,0,0
A044,server,combined_yaw_right,101,25,none,0,0.3809726564960684,,0.10160533793672619,0,0
A044,server,combined_yaw_right,101,26,none,0,0.35921864817167987,,0.11958448988955543,0,0
A044,server,combined_yaw_right,101,27,none,0,0.3788348628397294,,0.11241773577504352,0,0
A044,server,combined_yaw_right,101,28,none,0,0.38439597699412686,,0.1223586955788678,0,0
A044,server,combined_yaw_right,101,29,none,0,0.37180870317201564,,0.09649018783541997,0,0
A044,server,combined_yaw_right,101,30,none,0,0.3919427104812255,,0.14271481502034233,0,0
A044,server,combined_yaw_right,101,31,none,0,0.3853487594720514,,0.12236562338850432,0,0
A044,server,combined_yaw_right,202,0,none,0,0.37468780178756,,0.09420932236885551,0,0
A044,server,combined_yaw_right,202,1,none,0,0.3793991327604508,,0.11033394656763826,0,0
A044,server,combined_yaw_right,202,2,none,0,0.38868358986262974,,0.1296696907655017,0,0
A044,server,combined_yaw_right,202,3,none,0,0.39109125709469944,,0.13475916440576752,0,0
A044,server,combined_yaw_right,202,4,none,0,0.39046767856029263,,0.1428820806017651,0,0
A044,server,combined_yaw_right,202,5,none,0,0.3802969835021279,,0.11694697736346296,0,0
A044,server,combined_yaw_right,202,6,none,0,0.37925440073013306,,0.10458528860703464,0,0
A044,server,combined_yaw_right,202,7,none,0,0.38688101679246056,,0.12602725322176322,0,0
A044,server,combined_yaw_right,202,8,none,0,0.37464739963970084,,0.10093701166468404,0,0
A044,server,combined_yaw_right,202,9,none,0,0.3872186974248784,,0.1332888820926324,0,0
A044,server,combined_yaw_right,202,10,none,0,0.38786574345540237,,0.12273281733171298,0,0
A044,server,combined_yaw_right,202,11,none,0,0.37424632285368,,0.10761207876862026,0,0
A044,server,combined_yaw_right,202,12,none,0,0.3791245310542418,,0.0983620741722013,0,0
A044,server,combined_yaw_right,202,13,none,0,0.385658256908789,,0.12757798770447823,0,0
A044,server,combined_yaw_right,202,14,none,0,0.3804159601104451,,0.10933703343567533,0,0
A044,server,combined_yaw_right,202,15,none,0,0.3631385767204876,,0.09676617772114267,0,0
A044,server,combined_yaw_right,202,16,none,0,0.3897719177651533,,0.14034055097588835,0,0
A044,server,combined_yaw_right,202,17,none,0,0.3690051082621284,,0.11458848291137741,0,0
A044,server,combined_yaw_right,202,18,none,0,0.38588619622635967,,0.11837014317184864,0,0
A044,server,combined_yaw_right,202,19,none,0,0.3879798794972068,,0.14004944135824604,0,0
A044,server,combined_yaw_right,202,20,none,0,0.37446682569496137,,0.0969243154127458,0,0
A044,server,combined_yaw_right,202,21,none,0,0.3856257331721923,,0.12908590253246993,0,0
A044,server,combined_yaw_right,202,22,none,0,0.38174863255278946,,0.11602193153925415,0,0
A044,server,combined_yaw_right,202,23,none,0,0.37709137390960346,,0.09926413486846683,0,0
A044,server,combined_yaw_right,202,24,none,0,0.3859139633051214,,0.14288266456367438,0,0
A044,server,combined_yaw_right,202,25,none,0,0.3744944848797538,,0.10180659263676961,0,0
A044,server,combined_yaw_right,202,26,none,0,0.386022483680975,,0.14663544573105763,0,0
A044,server,combined_yaw_right,202,27,none,0,0.3785512756536351,,0.09898244314709458,0,0
A044,server,combined_yaw_right,202,28,none,0,0.3841651223081956,,0.12821222716506658,0,0
A044,server,combined_yaw_right,202,29,none,0,0.3832344727560798,,0.13268191322503087,0,0
A044,server,combined_yaw_right,202,30,none,0,0.3749192770630281,,0.10684921900985206,0,0
A044,server,combined_yaw_right,202,31,none,0,0.3772013931669653,,0.09384101851123511,0,0
A044,server,combined_yaw_right,303,0,none,0,0.3896832094791739,,0.14382987617678958,0,0
A044,server,combined_yaw_right,303,1,none,0,0.3809847701838947,,0.10952250170175999,0,0
A044,server,combined_yaw_right,303,2,none,0,0.3857390227961668,,0.13511334292394409,0,0
A044,server,combined_yaw_right,303,3,none,0,0.3889257546892778,,0.13783668909227537,0,0
A044,server,combined_yaw_right,303,4,none,0,0.38608465212232923,,0.1379933460143479,0,0
A044,server,combined_yaw_right,303,5,none,0,0.38987611696363134,,0.12823814428472202,0,0
A044,server,combined_yaw_right,303,6,none,0,0.38499812008862827,,0.13510193451250396,0,0
A044,server,combined_yaw_right,303,7,none,0,0.38115484829254964,,0.12653508447073453,0,0
A044,server,combined_yaw_right,303,8,none,0,0.38796865095429245,,0.12257547147430845,0,0
A044,server,combined_yaw_right,303,9,none,0,0.3837936766007367,,0.12780623659605603,0,0
A044,server,combined_yaw_right,303,10,none,0,0.38330688554654146,,0.13306059701685052,0,0
A044,server,combined_yaw_right,303,11,none,0,0.38099044792473635,,0.11309734532050246,0,0
A044,server,combined_yaw_right,303,12,none,0,0.3879104619198305,,0.12257700353713655,0,0
A044,server,combined_yaw_right,303,13,none,0,0.3846703688887989,,0.12957229874052076,0,0
A044,server,combined_yaw_right,303,14,none,0,0.3746586352746117,,0.09745810890433416,0,0
A044,server,combined_yaw_right,303,15,none,0,0.39015710019172833,,0.14625948278288958,0,0
A044,server,combined_yaw_right,303,16,none,0,0.3822599974545565,,0.1192577703787488,0,0
A044,server,combined_yaw_right,303,17,none,0,0.38122544593033303,,0.11270752803904688,0,0
A044,server,combined_yaw_right,303,18,none,0,0.38251400145298653,,0.11602305312820883,0,0
A044,server,combined_yaw_right,303,19,none,0,0.3797216543698694,,0.09999650162696253,0,0
A044,server,combined_yaw_right,303,20,none,0,0.36983176571800114,,0.09518947899232696,0,0
A044,server,combined_yaw_right,303,21,none,0,0.38678586068637866,,0.12929873267265424,0,0
A044,server,combined_yaw_right,303,22,none,0,0.3884695362757872,,0.1403733936594012,0,0
A044,server,combined_yaw_right,303,23,none,0,0.3849359471848942,,0.12129875858986579,0,0
A044,server,combined_yaw_right,303,24,none,0,0.3880911683016282,,0.13256990848458589,0,0
A044,server,combined_yaw_right,303,25,none,0,0.3835773031341838,,0.12458254535717876,0,0
A044,server,combined_yaw_right,303,26,none,0,0.38398752094590094,,0.12003602305070589,0,0
A044,server,combined_yaw_right,303,27,none,0,0.38094978440891614,,0.11510018735667592,0,0
A044,server,combined_yaw_right,303,28,none,0,0.3880096700261621,,0.1360781859298925,0,0
A044,server,combined_yaw_right,303,29,none,0,0.3879688494505092,,0.13637643085293116,0,0
A044,server,combined_yaw_right,303,30,none,0,0.3811210597103292,,0.11169226542748917,0,0
A044,server,combined_yaw_right,303,31,none,0,0.37774198562066186,,0.1071657305543501,0,0
A047,server,rough_lateral,101,0,none,0,0.3475924166128597,,0.2953913023812894,0,0
A047,server,rough_lateral,101,1,terminated,1,0.3867125964579098,,0.26822354451863506,1,0
A047,server,rough_lateral,101,2,terminated,1,0.32462827877246125,,0.25236235666821777,1,0
A047,server,rough_lateral,101,3,terminated,1,0.3781944367496725,,0.24512538677554188,1,0
A047,server,rough_lateral,101,4,terminated,1,0.37225566979716807,,0.23301975938490052,0,0
A047,server,rough_lateral,101,5,none,0,0.37330205220589663,,0.2977632035237121,0,0
A047,server,rough_lateral,101,6,none,0,0.3703758217752936,,0.27020344045350925,0,0
A047,server,rough_lateral,101,7,terminated,1,0.36781891861701393,,0.27559271149524384,1,0
A047,server,rough_lateral,101,8,none,0,0.3748403397951534,,0.22131351028904594,0,0
A047,server,rough_lateral,101,9,none,0,,,0.27169509776375483,0,0
A047,server,rough_lateral,101,10,none,0,,,0.2971660264973772,0,0
A047,server,rough_lateral,101,11,none,0,0.36483906097909347,,0.28549110505550224,0,0
A047,server,rough_lateral,101,12,none,0,0.3799776693875777,,0.23266400686366254,0,0
A047,server,rough_lateral,101,13,terminated,1,0.3557845053666416,,0.2214622894923203,1,0
A047,server,rough_lateral,101,14,none,0,0.3640471425923434,,0.2768473320613581,0,0
A047,server,rough_lateral,101,15,none,0,0.3778740967658752,,0.24641192652555044,0,0
A047,server,rough_lateral,101,16,none,0,0.37184649076372545,,0.21041064172151114,0,0
A047,server,rough_lateral,101,17,terminated,1,0.38343565181933625,,0.18502620122043253,1,0
A047,server,rough_lateral,101,18,none,0,0.3117664261935229,,0.26119679568556076,0,0
A047,server,rough_lateral,101,19,none,0,0.3596849338734214,,0.2849166978369089,0,0
A047,server,rough_lateral,101,20,terminated,1,0.38068691374146363,,0.26605869428578816,0,0
A047,server,rough_lateral,101,21,terminated,1,0.34481760198101,,0.18973111623511296,1,0
A047,server,rough_lateral,101,22,terminated,1,0.27603640387402495,,0.21504056517166756,1,0
A047,server,rough_lateral,101,23,terminated,1,0.3835806419505155,,0.30218994063038246,0,0
A047,server,rough_lateral,101,24,terminated,1,0.38447659721667754,,0.2223043900326097,0,0
A047,server,rough_lateral,101,25,none,0,0.36852775498188756,,0.2479114313309178,0,0
A047,server,rough_lateral,101,26,terminated,1,,,0.22554715788771892,1,0
A047,server,rough_lateral,101,27,terminated,1,0.35437237523137566,,0.4345239710458871,1,0
A047,server,rough_lateral,101,28,terminated,1,0.3049237744055967,,0.21859226901601508,1,0
A047,server,rough_lateral,101,29,terminated,1,0.3540220483739108,,0.25349445638078644,1,0
A047,server,rough_lateral,101,30,none,0,0.3769422305777749,,0.20369082206522976,0,0
A047,server,rough_lateral,101,31,terminated,1,0.3667917367927531,,0.1775530542483445,1,0
A047,server,rough_lateral,202,0,terminated,1,0.35987388856589475,,0.21663805957166007,1,0
A047,server,rough_lateral,202,1,terminated,1,0.3641345163876998,,0.24027934344573068,0,0
A047,server,rough_lateral,202,2,terminated,1,0.3644868451803126,,0.15968323595029482,1,0
A047,server,rough_lateral,202,3,none,0,0.3429771931891773,,0.2287489501549791,0,0
A047,server,rough_lateral,202,4,none,0,0.3834250485673945,,0.22058376214606457,0,0
A047,server,rough_lateral,202,5,terminated,1,0.3816701867044928,,0.24871782287009306,0,0
A047,server,rough_lateral,202,6,terminated,1,0.344949458451832,,0.3001999699892416,1,0
A047,server,rough_lateral,202,7,terminated,1,0.37625826480873126,,0.20287792577661873,1,0
A047,server,rough_lateral,202,8,terminated,1,0.37760733004241065,,0.14250618253182953,1,0
A047,server,rough_lateral,202,9,terminated,1,0.3188766829948374,,0.3150365329526545,1,0
A047,server,rough_lateral,202,10,terminated,1,0.3642487454223123,,0.3597376131965202,1,0
A047,server,rough_lateral,202,11,terminated,1,0.38913540956489545,,0.37880250211437455,1,0
A047,server,rough_lateral,202,12,none,0,0.3235395180190948,,0.3028734110367071,0,0
A047,server,rough_lateral,202,13,none,0,0.312425384626669,,0.24051050443299613,0,0
A047,server,rough_lateral,202,14,terminated,1,0.3754590011854223,,0.23199192670057484,1,0
A047,server,rough_lateral,202,15,terminated,1,0.33456789881469096,,0.2866500442956129,1,0
A047,server,rough_lateral,202,16,terminated,1,0.3860211734943849,,0.19254298594917985,1,0
A047,server,rough_lateral,202,17,none,0,0.32981683513059973,,0.2953994935447052,0,0
A047,server,rough_lateral,202,18,terminated,1,0.36301956106634703,,0.2247133366912005,1,0
A047,server,rough_lateral,202,19,none,0,0.38087071765234126,,0.21030383165864733,0,0
A047,server,rough_lateral,202,20,none,0,0.33402185954830865,,0.27879582301740485,0,0
A047,server,rough_lateral,202,21,terminated,1,0.3825554232546352,,0.29326666616485764,0,0
A047,server,rough_lateral,202,22,terminated,1,0.35333375816039225,,0.2423012971405638,0,0
A047,server,rough_lateral,202,23,terminated,1,0.3681997738101266,,0.19813139425709317,0,0
A047,server,rough_lateral,202,24,none,0,0.38720414114189655,,0.18033441576038398,0,0
A047,server,rough_lateral,202,25,terminated,1,,,0.2983233479227598,1,0
A047,server,rough_lateral,202,26,none,0,0.37544082145002433,,0.25469021930265795,0,0
A047,server,rough_lateral,202,27,terminated,1,,,,1,0
A047,server,rough_lateral,202,28,none,0,0.3746839326651976,,0.2957055073301751,0,0
A047,server,rough_lateral,202,29,terminated,1,,,0.3227576370683733,0,0
A047,server,rough_lateral,202,30,none,0,0.29560991794986524,,0.28234699934787055,0,0
A047,server,rough_lateral,202,31,none,0,0.35181706107873967,,0.29751669567683825,0,0
A047,server,rough_lateral,303,0,terminated,1,0.369551410091752,,0.2530202749305831,0,0
A047,server,rough_lateral,303,1,none,0,0.3260762199839169,,0.3097406090242667,0,0
A047,server,rough_lateral,303,2,terminated,1,0.38128888176724235,,0.22958154043229606,1,0
A047,server,rough_lateral,303,3,terminated,1,,,0.6216959775546277,0,0
A047,server,rough_lateral,303,4,terminated,1,0.3935355779162065,,0.2578414683842442,0,0
A047,server,rough_lateral,303,5,none,0,0.3647983996147778,,0.23907612902637645,0,0
A047,server,rough_lateral,303,6,none,0,0.36633954033813376,,0.2524545835484059,0,0
A047,server,rough_lateral,303,7,terminated,1,0.3656841310109684,,0.23717713820459074,1,0
A047,server,rough_lateral,303,8,none,0,,,0.3123571606153641,0,0
A047,server,rough_lateral,303,9,terminated,1,0.3833517753344806,,0.24107156392869156,0,0
A047,server,rough_lateral,303,10,terminated,1,0.381350254072225,,0.22481446544699055,1,0
A047,server,rough_lateral,303,11,terminated,1,0.3834785798335458,,0.18420442343279592,1,0
A047,server,rough_lateral,303,12,none,0,0.355059376374923,,0.2710368928208147,0,0
A047,server,rough_lateral,303,13,terminated,1,0.37821273282568724,,0.3076003665286567,1,0
A047,server,rough_lateral,303,14,terminated,1,0.34254147877348934,,0.2573877128674319,1,0
A047,server,rough_lateral,303,15,terminated,1,0.3752930944456774,,0.22826781022850495,1,0
A047,server,rough_lateral,303,16,terminated,1,0.3549101358269625,,0.29454329261507084,1,0
A047,server,rough_lateral,303,17,none,0,0.332051144006418,,0.28316978407809096,0,0
A047,server,rough_lateral,303,18,terminated,1,,,0.180886057939741,1,0
A047,server,rough_lateral,303,19,terminated,1,,,0.12980548566558683,1,0
A047,server,rough_lateral,303,20,terminated,1,0.3491195213985953,,0.22134745174505613,0,0
A047,server,rough_lateral,303,21,terminated,1,,,0.12747329576745947,1,0
A047,server,rough_lateral,303,22,none,0,0.381331766352934,,0.2965271865999962,0,0
A047,server,rough_lateral,303,23,terminated,1,0.36585768260420326,,0.2594953633736108,0,0
A047,server,rough_lateral,303,24,terminated,1,,,0.0988755311921006,1,0
A047,server,rough_lateral,303,25,terminated,1,0.3372590930704127,,0.4285698802837138,0,0
A047,server,rough_lateral,303,26,none,0,0.32572091135749204,,0.2946300619147212,0,0
A047,server,rough_lateral,303,27,terminated,1,0.3566959662870927,,0.23846225342392055,1,0
A047,server,rough_lateral,303,28,terminated,1,,,0.22411989004666505,1,0
A047,server,rough_lateral,303,29,none,0,0.37750120835508255,,0.293644841234079,0,0
A047,server,rough_lateral,303,30,terminated,1,0.3842994373112439,,0.26005896165440023,1,0
A047,server,rough_lateral,303,31,terminated,1,0.3768123411399158,,0.15103072187744143,1,0
A047,server,rough_forward,101,0,none,0,0.31149798432454706,,0.42778884684159013,0,0
A047,server,rough_forward,101,1,none,0,0.3659406864547474,,0.44383558091318265,0,0
A047,server,rough_forward,101,2,none,0,0.36949797795418116,,0.5326401217238189,0,0
A047,server,rough_forward,101,3,terminated,1,0.38050482577499856,,0.4554252222580532,0,0
A047,server,rough_forward,101,4,none,0,0.3609756517378404,,0.5080016136254415,0,0
A047,server,rough_forward,101,5,none,0,0.3345524706942512,,0.4094206730790534,0,0
A047,server,rough_forward,101,6,none,0,0.35199015583584015,,0.4877083373071055,0,0
A047,server,rough_forward,101,7,none,0,0.34350422120349294,,0.48418687189084875,0,0
A047,server,rough_forward,101,8,none,0,0.3632370200067918,,0.41665663223808047,0,0
A047,server,rough_forward,101,9,none,0,0.3392895136606247,,0.4384613245653253,0,0
A047,server,rough_forward,101,10,none,0,0.3309183773350588,,0.4942229345906161,0,0
A047,server,rough_forward,101,11,none,0,0.34765144449504304,,0.4601542653310159,0,0
A047,server,rough_forward,101,12,none,0,0.33990416432765713,,0.47713526634010944,0,0
A047,server,rough_forward,101,13,none,0,0.3669264578723652,,0.32746291334068867,0,0
A047,server,rough_forward,101,14,none,0,0.36592851547315164,,0.482308680494681,0,0
A047,server,rough_forward,101,15,terminated,1,0.3670671207700821,,0.4822364594710177,0,0
A047,server,rough_forward,101,16,none,0,0.3755548276843872,,0.5052985184210903,0,0
A047,server,rough_forward,101,17,none,0,0.36159495507332096,,0.42361362703887856,0,0
A047,server,rough_forward,101,18,none,0,0.32460363392523905,,0.3895454929534559,0,0
A047,server,rough_forward,101,19,none,0,0.3632561422605566,,0.37933658158680117,0,0
A047,server,rough_forward,101,20,none,0,0.35087453522146705,,0.3943840855041193,0,0
A047,server,rough_forward,101,21,terminated,1,0.36091851980928435,,0.7019424817381181,0,0
A047,server,rough_forward,101,22,none,0,0.35129551191062214,,0.20423388936393547,0,0
A047,server,rough_forward,101,23,none,0,0.37161628925864076,,0.22338291916881028,0,0
A047,server,rough_forward,101,24,none,0,0.3592586126078896,,0.40784455790808183,0,0
A047,server,rough_forward,101,25,none,0,0.344809640378238,,0.4658639909446816,0,0
A047,server,rough_forward,101,26,none,0,0.3650718668406022,,0.37240317152531927,0,0
A047,server,rough_forward,101,27,none,0,0.35181789052358925,,0.38197302615654005,0,0
A047,server,rough_forward,101,28,none,0,0.34701148034098317,,0.28104093520986,0,0
A047,server,rough_forward,101,29,none,0,0.34478204932442325,,0.45663637674379487,0,0
A047,server,rough_forward,101,30,terminated,1,0.3598683572867337,,0.5744205100751063,0,0
A047,server,rough_forward,101,31,none,0,0.3489761311102678,,0.2870653546369502,0,0
A047,server,rough_forward,202,0,none,0,0.37404235958415555,,0.3938401761635174,0,0
A047,server,rough_forward,202,1,none,0,0.3499378306183586,,0.4250019346618523,0,0
A047,server,rough_forward,202,2,none,0,0.3597085873551547,,0.3622905638865425,0,0
A047,server,rough_forward,202,3,none,0,0.36015603241117244,,0.40948203228323987,0,0
A047,server,rough_forward,202,4,none,0,0.3682928875009006,,0.4895245210308681,0,0
A047,server,rough_forward,202,5,none,0,0.34935705714366017,,0.4226359197034483,0,0
A047,server,rough_forward,202,6,none,0,0.3437365754881007,,0.41719036861739917,0,0
A047,server,rough_forward,202,7,none,0,0.36301941189536435,,0.4942388058340243,0,0
A047,server,rough_forward,202,8,none,0,0.3533824365088009,,0.30454292972634084,0,0
A047,server,rough_forward,202,9,none,0,0.37527787119628275,,0.4863132561410237,0,0
A047,server,rough_forward,202,10,none,0,0.363681720141421,,0.47677261160476947,0,0
A047,server,rough_forward,202,11,none,0,0.3551541272012945,,0.38371121330353136,0,0
A047,server,rough_forward,202,12,none,0,0.35503923199712273,,0.477738659805943,0,0
A047,server,rough_forward,202,13,none,0,0.36358110805883764,,0.4407775213051248,0,0
A047,server,rough_forward,202,14,none,0,0.3681377145377073,,0.44579742593440774,0,0
A047,server,rough_forward,202,15,none,0,0.3185295279332023,,0.3649749967744677,0,0
A047,server,rough_forward,202,16,none,0,0.3628748783612634,,0.49452512798142106,0,0
A047,server,rough_forward,202,17,none,0,0.34820081293582916,,0.43091379245118244,0,0
A047,server,rough_forward,202,18,none,0,0.31481683294084617,,0.4026896827737155,0,0
A047,server,rough_forward,202,19,none,0,0.3787262678783845,,0.49277632743172867,0,0
A047,server,rough_forward,202,20,none,0,0.3701515687818833,,0.4367860956478219,0,0
A047,server,rough_forward,202,21,none,0,0.37306382343730826,,0.4005920050708892,0,0
A047,server,rough_forward,202,22,none,0,0.3540535420179367,,0.42668777168225724,0,0
A047,server,rough_forward,202,23,none,0,0.24386635940661405,,0.4837843053411905,0,0
A047,server,rough_forward,202,24,none,0,0.3679143157712916,,0.4960880259224058,0,0
A047,server,rough_forward,202,25,none,0,0.3523627602480312,,0.5829365411699549,0,0
A047,server,rough_forward,202,26,none,0,0.37416185566129534,,0.4772223626723673,0,0
A047,server,rough_forward,202,27,none,0,0.2757404008332421,,0.4785726252059599,0,0
A047,server,rough_forward,202,28,none,0,0.3407900088770504,,0.49903846997218676,0,0
A047,server,rough_forward,202,29,none,0,0.3456920594933199,,0.4970297856667991,0,0
A047,server,rough_forward,202,30,none,0,0.316718013289778,,0.35219480972704137,0,0
A047,server,rough_forward,202,31,none,0,0.3533299348571084,,0.45324229715544934,0,0
A047,server,rough_forward,303,0,none,0,0.3680418204655622,,0.5010919612210181,0,0
A047,server,rough_forward,303,1,none,0,0.35348823244240196,,0.36084980774754916,0,0
A047,server,rough_forward,303,2,none,0,0.3565597711081173,,0.45822638237646823,0,0
A047,server,rough_forward,303,3,none,0,0.36454573911141586,,0.23376831177205626,0,0
A047,server,rough_forward,303,4,none,0,0.3657107502222061,,0.4618296727658523,0,0
A047,server,rough_forward,303,5,none,0,0.3628000703884319,,0.5003814259114662,0,0
A047,server,rough_forward,303,6,none,0,0.36002459683839017,,0.4764477927947966,0,0
A047,server,rough_forward,303,7,none,0,0.3351222182658904,,0.40419034620230326,0,0
A047,server,rough_forward,303,8,none,0,0.33275328273760446,,0.4883529532318715,0,0
A047,server,rough_forward,303,9,none,0,0.3759707830806467,,0.43525975901177094,0,0
A047,server,rough_forward,303,10,none,0,0.3689134685113468,,0.4371734194808571,0,0
A047,server,rough_forward,303,11,none,0,0.2562336753555797,,0.465813687384042,0,0
A047,server,rough_forward,303,12,none,0,0.37061441526374717,,0.4025588035764997,0,0
A047,server,rough_forward,303,13,none,0,0.3457969564964427,,0.446507004438575,0,0
A047,server,rough_forward,303,14,none,0,0.35434517718572667,,0.1597767829699947,0,0
A047,server,rough_forward,303,15,terminated,1,0.35102157565680414,,0.5031400489831397,1,0
A047,server,rough_forward,303,16,none,0,0.2928698039787976,,0.5109406865588236,0,0
A047,server,rough_forward,303,17,none,0,0.3480987128886309,,0.41560190563104327,0,0
A047,server,rough_forward,303,18,none,0,0.34827350844992677,,0.42077621164868245,0,0
A047,server,rough_forward,303,19,none,0,0.2978597035541891,,0.3185035918239725,0,0
A047,server,rough_forward,303,20,none,0,0.35624178885457347,,0.46169644777114677,0,0
A047,server,rough_forward,303,21,none,0,0.36663008923517826,,0.4889732568294943,0,0
A047,server,rough_forward,303,22,none,0,0.3646725935731979,,0.48754076962251125,0,0
A047,server,rough_forward,303,23,none,0,0.3568919783926265,,0.38142846324518725,0,0
A047,server,rough_forward,303,24,none,0,0.3683000303366605,,0.4007176018714465,0,0
A047,server,rough_forward,303,25,none,0,0.3723442502678397,,0.3128580007908057,0,0
A047,server,rough_forward,303,26,none,0,0.3553840321174917,,0.49654671153481605,0,0
A047,server,rough_forward,303,27,none,0,0.3522009004086734,,0.48566236105025795,0,0
A047,server,rough_forward,303,28,none,0,0.3818674844535277,,0.3359388649845615,0,0
A047,server,rough_forward,303,29,none,0,0.37165128132876224,,0.3850643203921035,0,0
A047,server,rough_forward,303,30,none,0,0.34409199670993074,,0.22885695536633513,0,0
A047,server,rough_forward,303,31,none,0,0.3475532224152815,,0.34440214944575803,0,0
A047,server,stairs_10_down,101,0,none,0,0.3135589593075176,0,0.5131519018169031,0,0
A047,server,stairs_10_down,101,1,none,0,0.350096866329086,0,0.4736434090483953,0,0
A047,server,stairs_10_down,101,2,none,0,0.35187581476361995,0,0.4786600212606,0,0
A047,server,stairs_10_down,101,3,none,0,0.3323577050378616,0,0.4906405517434338,0,0
A047,server,stairs_10_down,101,4,none,0,0.37051545131334007,0,0.47875547197932466,0,0
A047,server,stairs_10_down,101,5,none,0,0.3738613080850897,0,0.47670753490663015,0,0
A047,server,stairs_10_down,101,6,none,0,0.3881586220334558,0,0.4739078490474951,0,0
A047,server,stairs_10_down,101,7,none,0,0.383605046227654,0,0.471807182555438,0,0
A047,server,stairs_10_down,101,8,none,0,0.3685571769660807,0,0.4759490988822618,0,0
A047,server,stairs_10_down,101,9,none,0,0.38087933116099415,0,0.4735625856975889,0,0
A047,server,stairs_10_down,101,10,none,0,0.36972332510718686,0,0.47470645979574844,0,0
A047,server,stairs_10_down,101,11,none,0,0.3167131029985805,0,0.49930361314282196,0,0
A047,server,stairs_10_down,101,12,none,0,0.3165342604572123,0,0.5083387782462502,0,0
A047,server,stairs_10_down,101,13,none,0,0.3200472434733641,0,0.4915623963285347,0,0
A047,server,stairs_10_down,101,14,none,0,0.34454093164301175,0,0.46948435800438676,0,0
A047,server,stairs_10_down,101,15,none,0,0.3824043060369033,0,0.4737394707008367,0,0
A047,server,stairs_10_down,101,16,none,0,0.3734422193810264,0,0.4654742019138674,0,0
A047,server,stairs_10_down,101,17,none,0,0.3327338392721778,0,0.489182458501279,0,0
A047,server,stairs_10_down,101,18,none,0,0.32108823771782735,0,0.484370146018908,0,0
A047,server,stairs_10_down,101,19,none,0,0.36797549109407923,0,0.47756734003882406,0,0
A047,server,stairs_10_down,101,20,none,0,0.380598289364162,0,0.46425310307238243,0,0
A047,server,stairs_10_down,101,21,none,0,0.3491429383741981,0,0.49238465132519227,0,0
A047,server,stairs_10_down,101,22,none,0,0.3648948949129186,0,0.49054011694839245,0,0
A047,server,stairs_10_down,101,23,none,0,0.3306898742436088,0,0.48790987788329815,0,0
A047,server,stairs_10_down,101,24,none,0,0.26363448965995706,0,0.5181535362866492,0,0
A047,server,stairs_10_down,101,25,none,0,0.3788339730730669,0,0.4778340356106335,0,0
A047,server,stairs_10_down,101,26,none,0,0.36528424727406733,0,0.47664651581071094,0,0
A047,server,stairs_10_down,101,27,none,0,0.33289038306251567,0,0.46703991098024755,0,0
A047,server,stairs_10_down,101,28,none,0,0.3244720828883788,0,0.4877536377812783,0,0
A047,server,stairs_10_down,101,29,none,0,0.2891435773774264,0,0.5022464858360046,0,0
A047,server,stairs_10_down,101,30,none,0,0.3830379660435539,0,0.468819069371442,0,0
A047,server,stairs_10_down,101,31,none,0,0.33867268686626045,0,0.4883901981184994,0,0
A047,server,stairs_10_down,202,0,none,0,0.29288775334383715,0,0.49685332082965145,0,0
A047,server,stairs_10_down,202,1,none,0,0.3114091445577336,0,0.49773850738365416,0,0
A047,server,stairs_10_down,202,2,none,0,0.3848492784455498,0,0.46936465997246507,0,0
A047,server,stairs_10_down,202,3,none,0,0.3262999453805984,0,0.4916884018731879,0,0
A047,server,stairs_10_down,202,4,none,0,0.3814553839159522,0,0.4676464886858545,0,0
A047,server,stairs_10_down,202,5,none,0,0.2899403714719303,0,0.49690431091428966,0,0
A047,server,stairs_10_down,202,6,none,0,0.32318818640900165,0,0.49643207240662074,0,0
A047,server,stairs_10_down,202,7,none,0,0.31791022770545063,0,0.49573199997508177,0,0
A047,server,stairs_10_down,202,8,none,0,0.3540067489453178,0,0.4940524704823077,0,0
A047,server,stairs_10_down,202,9,none,0,0.3332577243367618,0,0.48960655572700146,0,0
A047,server,stairs_10_down,202,10,none,0,0.37676374813452124,0,0.47416720401809953,0,0
A047,server,stairs_10_down,202,11,none,0,0.3679815926813187,0,0.47772545619143325,0,0
A047,server,stairs_10_down,202,12,none,0,0.3423373884058254,0,0.46885718673360044,0,0
A047,server,stairs_10_down,202,13,none,0,0.37631738385095953,0,0.4810646690152935,0,0
A047,server,stairs_10_down,202,14,none,0,0.3604672019653779,0,0.4882602362991388,0,0
A047,server,stairs_10_down,202,15,none,0,0.37678708407011896,0,0.4757757436769429,0,0
A047,server,stairs_10_down,202,16,none,0,0.35946976405414033,0,0.48208472194102936,0,0
A047,server,stairs_10_down,202,17,none,0,0.329143546481821,0,0.49837230940514193,0,0
A047,server,stairs_10_down,202,18,none,0,0.3468268296138488,0,0.4862257353352108,0,0
A047,server,stairs_10_down,202,19,none,0,0.33547799233446784,0,0.4863932714127162,0,0
A047,server,stairs_10_down,202,20,none,0,0.379037916022826,0,0.47032184819400386,0,0
A047,server,stairs_10_down,202,21,none,0,0.38274761835202814,0,0.4717479643895478,0,0
A047,server,stairs_10_down,202,22,none,0,0.31196694952600146,0,0.49732630571061787,0,0
A047,server,stairs_10_down,202,23,none,0,0.35988849783963694,0,0.49066177436152625,0,0
A047,server,stairs_10_down,202,24,none,0,0.3151560959650233,0,0.49945363035215884,0,0
A047,server,stairs_10_down,202,25,none,0,0.3352341851129889,0,0.48088748348420296,0,0
A047,server,stairs_10_down,202,26,none,0,0.348442966208101,0,0.4891602290425571,0,0
A047,server,stairs_10_down,202,27,none,0,0.3757019240588428,0,0.4722285010376971,0,0
A047,server,stairs_10_down,202,28,none,0,0.37756037560694994,0,0.46936013149346645,0,0
A047,server,stairs_10_down,202,29,none,0,0.32957442782141944,0,0.48764315578874906,0,0
A047,server,stairs_10_down,202,30,none,0,0.36367557082265456,0,0.4791798436654609,0,0
A047,server,stairs_10_down,202,31,height_only,1,0.36301136837604847,0,0.47815433225351955,0,0
A047,server,stairs_10_down,303,0,none,0,0.35381354853749913,0,0.48774795442881674,0,0
A047,server,stairs_10_down,303,1,none,0,0.3502317098850873,0,0.4786269051984141,0,0
A047,server,stairs_10_down,303,2,none,0,0.34379175321303584,0,0.4882832708936697,0,0
A047,server,stairs_10_down,303,3,none,0,0.3780015051205528,0,0.48106298740922404,0,0
A047,server,stairs_10_down,303,4,none,0,0.2946526175514262,0,0.5006224780764167,0,0
A047,server,stairs_10_down,303,5,none,0,0.3222855947075043,0,0.49445996016503313,0,0
A047,server,stairs_10_down,303,6,none,0,0.3576044376521187,0,0.4833612909880599,0,0
A047,server,stairs_10_down,303,7,none,0,0.3838138158786743,0,0.4684247343335003,0,0
A047,server,stairs_10_down,303,8,none,0,0.2876733112781443,0,0.5059449647848739,0,0
A047,server,stairs_10_down,303,9,none,0,0.35540015469579134,0,0.49127081051114774,0,0
A047,server,stairs_10_down,303,10,none,0,0.3410814382175711,0,0.47911772670802466,0,0
A047,server,stairs_10_down,303,11,none,0,0.33666053063729234,0,0.4826838470395727,0,0
A047,server,stairs_10_down,303,12,none,0,0.3602268805797087,0,0.4818856513105284,0,0
A047,server,stairs_10_down,303,13,none,0,0.36128364415729747,0,0.48318116342995576,0,0
A047,server,stairs_10_down,303,14,none,0,0.3704128364190698,0,0.4789713662360345,0,0
A047,server,stairs_10_down,303,15,none,0,0.3277189837579421,0,0.4896860734326615,0,0
A047,server,stairs_10_down,303,16,none,0,0.31377489474367964,0,0.4913954682350062,0,0
A047,server,stairs_10_down,303,17,none,0,0.38072345951661707,0,0.4599314831650823,0,0
A047,server,stairs_10_down,303,18,none,0,0.3169850079133549,0,0.49526172412765357,0,0
A047,server,stairs_10_down,303,19,none,0,0.3526606568518807,0,0.4969666290672066,0,0
A047,server,stairs_10_down,303,20,none,0,0.3153324079386053,0,0.4959959135691985,0,0
A047,server,stairs_10_down,303,21,none,0,0.37399301418964875,0,0.4805239075182917,0,0
A047,server,stairs_10_down,303,22,none,0,0.34719258244024875,0,0.5006013623221005,0,0
A047,server,stairs_10_down,303,23,none,0,0.36812931857007075,0,0.4781862519129485,0,0
A047,server,stairs_10_down,303,24,none,0,0.311036610029598,0,0.49334507897281715,0,0
A047,server,stairs_10_down,303,25,none,0,0.37956091219728644,0,0.46557158972317053,0,0
A047,server,stairs_10_down,303,26,none,0,0.3392152198176971,0,0.49340262670152235,0,0
A047,server,stairs_10_down,303,27,none,0,0.32094927060412853,0,0.49421119050085865,0,0
A047,server,stairs_10_down,303,28,none,0,0.3485566014274556,0,0.46806939134550435,0,0
A047,server,stairs_10_down,303,29,none,0,0.3824120217306729,0,0.4761101851128249,0,0
A047,server,stairs_10_down,303,30,none,0,0.2952256481596493,0,0.4919125711522938,0,0
A047,server,stairs_10_down,303,31,none,0,0.33613744752611063,0,0.48568913265463765,0,0
A047,server,stairs_15_down,101,0,terminated,1,0.3138670049567911,0,0.26200738260256035,1,0
A047,server,stairs_15_down,101,1,none,0,0.3238394674770335,0,0.47184047097631615,0,0
A047,server,stairs_15_down,101,2,none,0,0.34041790114367076,0,0.4788039985764366,0,0
A047,server,stairs_15_down,101,3,none,0,0.3074878935507912,0,0.48968259816864756,0,0
A047,server,stairs_15_down,101,4,none,0,0.36269711236902735,0,0.48013051441199434,0,0
A047,server,stairs_15_down,101,5,none,0,0.36691187282297066,0,0.47763244197625365,0,0
A047,server,stairs_15_down,101,6,none,0,0.38724699552683906,0,0.4681443259914518,0,0
A047,server,stairs_15_down,101,7,none,0,0.38216893462573787,0,0.48832589412770716,0,0
A047,server,stairs_15_down,101,8,none,0,0.36949724899256287,0,0.47544330297165605,0,0
A047,server,stairs_15_down,101,9,none,0,0.37955058895967864,0,0.4736170547077197,0,0
A047,server,stairs_15_down,101,10,none,0,0.36978126703736625,0,0.47557392445249985,0,0
A047,server,stairs_15_down,101,11,none,0,0.2617227919598952,0,0.49764859709501313,0,0
A047,server,stairs_15_down,101,12,height_only,1,0.3178801947736485,0,0.46819397560095893,0,0
A047,server,stairs_15_down,101,13,none,0,0.2927443936546856,0,0.49366322880919444,0,0
A047,server,stairs_15_down,101,14,none,0,0.32056474685668945,0,0.46596400247520714,0,0
A047,server,stairs_15_down,101,15,none,0,0.38103018979975256,0,0.4727797380205336,0,0
A047,server,stairs_15_down,101,16,none,0,0.36966539959219047,0,0.4597842165083946,0,0
A047,server,stairs_15_down,101,17,none,0,0.31410035889416454,0,0.4885729381355431,0,0
A047,server,stairs_15_down,101,18,none,0,0.3056009751271437,0,0.4839611783406007,0,0
A047,server,stairs_15_down,101,19,none,0,0.3616073300494229,0,0.48001076495235556,0,0
A047,server,stairs_15_down,101,20,none,0,0.3789376125616186,0,0.4672784444847047,0,0
A047,server,stairs_15_down,101,21,none,0,0.3340728837538531,0,0.48894410919890274,0,0
A047,server,stairs_15_down,101,22,none,0,0.3558451949275113,0,0.49325160210684055,0,0
A047,server,stairs_15_down,101,23,none,0,0.29888923729167266,0,0.48741890834704704,0,0
A047,server,stairs_15_down,101,24,height_only,1,0.22974552413359045,0,0.4620458915063386,0,1
A047,server,stairs_15_down,101,25,none,0,0.37738423854271996,0,0.4766165612474551,0,0
A047,server,stairs_15_down,101,26,none,0,0.35741380016434,0,0.47713372163362977,0,0
A047,server,stairs_15_down,101,27,none,0,0.32019768854513525,0,0.47357812709095226,0,0
A047,server,stairs_15_down,101,28,none,0,0.30078624037497825,0,0.48871041575623964,0,0
A047,server,stairs_15_down,101,29,none,0,0.27569633387626813,0,0.5051836878293782,0,0
A047,server,stairs_15_down,101,30,none,0,0.3817776867093887,0,0.4688331767646604,0,0
A047,server,stairs_15_down,101,31,none,0,0.3144333695664125,0,0.4877001906780011,0,0
A047,server,stairs_15_down,202,0,none,0,0.2928469141218114,0,0.49703134753185896,0,0
A047,server,stairs_15_down,202,1,none,0,0.2959173206977028,0,0.49328546644123167,0,0
A047,server,stairs_15_down,202,2,none,0,0.3830965191603982,0,0.4704366133029763,0,0
A047,server,stairs_15_down,202,3,none,0,0.2949870370607325,0,0.49003079698682994,0,0
A047,server,stairs_15_down,202,4,none,0,0.3852304475192717,0,0.4706156626772799,0,0
A047,server,stairs_15_down,202,5,none,0,0.2613826253834893,0,0.5230998668065924,0,0
A047,server,stairs_15_down,202,6,none,0,0.28086639406846803,0,0.4884330300724096,0,0
A047,server,stairs_15_down,202,7,none,0,0.2834845583706616,0,0.4964017309413605,0,0
A047,server,stairs_15_down,202,8,none,0,0.34868877584283997,0,0.4842722204418294,0,0
A047,server,stairs_15_down,202,9,none,0,0.2917288535418995,0,0.489944925677491,0,0
A047,server,stairs_15_down,202,10,none,0,0.3738475010038059,0,0.48963954179067637,0,0
A047,server,stairs_15_down,202,11,none,0,0.3616333372771421,0,0.4872190219700083,0,0
A047,server,stairs_15_down,202,12,height_only,1,0.3187958947158752,0,0.3730865448003332,0,0
A047,server,stairs_15_down,202,13,none,0,0.3754349786011293,0,0.48326731659772354,0,0
A047,server,stairs_15_down,202,14,none,0,0.3507610137131124,0,0.4797375002619316,0,0
A047,server,stairs_15_down,202,15,none,0,0.37027491908022436,0,0.5004956259878098,0,0
A047,server,stairs_15_down,202,16,none,0,0.3437019135544007,0,0.4828473995802205,0,0
A047,server,stairs_15_down,202,17,none,0,0.32065301017965225,0,0.5079909781486244,0,0
A047,server,stairs_15_down,202,18,none,0,0.32690586811080974,0,0.4858345603048153,0,0
A047,server,stairs_15_down,202,19,none,0,0.31479864117295986,0,0.4881876646468613,0,0
A047,server,stairs_15_down,202,20,none,0,0.3732139133514568,0,0.47567794213155284,0,0
A047,server,stairs_15_down,202,21,none,0,0.3786423413511266,0,0.4752260453567918,0,0
A047,server,stairs_15_down,202,22,none,0,0.2595830865722289,0,0.50058882803383,0,0
A047,server,stairs_15_down,202,23,none,0,0.35290616575409384,0,0.4857527226500958,0,0
A047,server,stairs_15_down,202,24,none,0,0.2464909190162618,0,0.5054707500730645,0,0
A047,server,stairs_15_down,202,25,none,0,0.30021045345036107,0,0.47065741303164615,0,0
A047,server,stairs_15_down,202,26,none,0,0.32894466044431064,0,0.48885190488541436,0,0
A047,server,stairs_15_down,202,27,height_only,1,0.3741095695584853,0,0.12040857642949099,0,1
A047,server,stairs_15_down,202,28,none,0,0.37588412493945444,0,0.4692313646047029,0,0
A047,server,stairs_15_down,202,29,none,0,0.30257089635267614,0,0.48781653528515206,0,0
A047,server,stairs_15_down,202,30,none,0,0.3556084236040472,0,0.4784785525245199,0,0
A047,server,stairs_15_down,202,31,none,0,0.3472404030555072,0,0.4634143160328187,0,0
A047,server,stairs_15_down,303,0,none,0,0.3350098501233494,0,0.4878481425009928,0,0
A047,server,stairs_15_down,303,1,height_only,1,0.3398140665681605,0,0.3987203511510922,0,0
A047,server,stairs_15_down,303,2,none,0,0.32929300449111243,0,0.48563547597606344,0,0
A047,server,stairs_15_down,303,3,none,0,0.37460214568969397,0,0.47965007271656723,0,0
A047,server,stairs_15_down,303,4,none,0,0.25979715378526697,0,0.49923040456198936,0,0
A047,server,stairs_15_down,303,5,none,0,0.2948426827389926,0,0.49517847828400813,0,0
A047,server,stairs_15_down,303,6,none,0,0.3378466203569728,0,0.4846385901385436,0,0
A047,server,stairs_15_down,303,7,none,0,0.38311069390990515,0,0.46636184112555096,0,0
A047,server,stairs_15_down,303,8,none,0,0.2607429158241354,0,0.5012805925675926,0,0
A047,server,stairs_15_down,303,9,none,0,0.3362156957547294,0,0.496601878762339,0,0
A047,server,stairs_15_down,303,10,none,0,0.3167353605522829,0,0.47288109917738086,0,0
A047,server,stairs_15_down,303,11,none,0,0.3139880954581786,0,0.4809532263692677,0,0
A047,server,stairs_15_down,303,12,none,0,0.3476220519147455,0,0.4829844609672204,0,0
A047,server,stairs_15_down,303,13,none,0,0.3499100820265989,0,0.4824780738839972,0,0
A047,server,stairs_15_down,303,14,none,0,0.3650599055111726,0,0.4810013158336069,0,0
A047,server,stairs_15_down,303,15,none,0,0.30615136011399047,0,0.49132451847953174,0,0
A047,server,stairs_15_down,303,16,none,0,0.28151421097510637,0,0.4894293619237743,0,0
A047,server,stairs_15_down,303,17,none,0,0.3812682518665803,0,0.4590921380321947,0,0
A047,server,stairs_15_down,303,18,none,0,0.2883967352423438,0,0.49600073120692306,0,0
A047,server,stairs_15_down,303,19,height_only,1,0.3415148390486916,0,0.4625596532697489,0,0
A047,server,stairs_15_down,303,20,none,0,0.28239527217207105,0,0.4960137399679841,0,0
A047,server,stairs_15_down,303,21,none,0,0.3698382538588927,0,0.48074237032297307,0,0
A047,server,stairs_15_down,303,22,none,0,0.3068906926216289,0,0.49228752679479243,0,0
A047,server,stairs_15_down,303,23,none,0,0.3682287335395813,0,0.4754086229093244,0,0
A047,server,stairs_15_down,303,24,none,0,0.2700503552979964,0,0.4954271646608941,0,0
A047,server,stairs_15_down,303,25,none,0,0.37013856405242884,0,0.466960633450693,0,0
A047,server,stairs_15_down,303,26,none,0,0.3108067289393216,0,0.4870231728585764,0,0
A047,server,stairs_15_down,303,27,none,0,0.2767949242961598,0,0.492349416594487,0,0
A047,server,stairs_15_down,303,28,none,0,0.32012649334688237,0,0.4706570167363772,0,0
A047,server,stairs_15_down,303,29,none,0,0.38119697985164624,0,0.47480564465339004,0,0
A047,server,stairs_15_down,303,30,height_only,1,0.2579667039096037,0,0.44920749401067317,0,0
A047,server,stairs_15_down,303,31,none,0,0.3055135194949288,0,0.4852454443064919,0,0
A047,server,combined_yaw_right,101,0,none,0,0.3712419226845318,,0.17195383554082225,0,0
A047,server,combined_yaw_right,101,1,none,0,0.3862538418986581,,0.19043947297417826,0,0
A047,server,combined_yaw_right,101,2,none,0,0.3753386792492739,,0.16695796868683369,0,0
A047,server,combined_yaw_right,101,3,none,0,0.3847381369793479,,0.19835731573182672,0,0
A047,server,combined_yaw_right,101,4,none,0,0.37026575112087845,,0.1679097598997966,0,0
A047,server,combined_yaw_right,101,5,none,0,0.37952723915882924,,0.20961476424970119,0,0
A047,server,combined_yaw_right,101,6,none,0,0.38073146279482917,,0.19376618651343178,0,0
A047,server,combined_yaw_right,101,7,none,0,0.3797578908064786,,0.19072298240619584,0,0
A047,server,combined_yaw_right,101,8,none,0,0.3755577793892692,,0.18942869651096622,0,0
A047,server,combined_yaw_right,101,9,none,0,0.38349458407909476,,0.19387393010519557,0,0
A047,server,combined_yaw_right,101,10,none,0,0.3706314126278627,,0.15420915214243636,0,0
A047,server,combined_yaw_right,101,11,none,0,0.3796857012943788,,0.18222069077189246,0,0
A047,server,combined_yaw_right,101,12,none,0,0.37380768693385913,,0.18057893214427503,0,0
A047,server,combined_yaw_right,101,13,none,0,0.3812544906840605,,0.20810061282080988,0,0
A047,server,combined_yaw_right,101,14,none,0,0.38237387523612876,,0.19002922375665848,0,0
A047,server,combined_yaw_right,101,15,none,0,0.38159824780283125,,0.19250520044488428,0,0
A047,server,combined_yaw_right,101,16,none,0,0.3840475947780405,,0.19628033480770088,0,0
A047,server,combined_yaw_right,101,17,none,0,0.382206067442894,,0.19473569443898903,0,0
A047,server,combined_yaw_right,101,18,none,0,0.3746895250630251,,0.15501503136539355,0,0
A047,server,combined_yaw_right,101,19,none,0,0.3838754984784254,,0.19309731720918366,0,0
A047,server,combined_yaw_right,101,20,none,0,0.3776154445613769,,0.18926495125997428,0,0
A047,server,combined_yaw_right,101,21,none,0,0.380777694404444,,0.19012774042072023,0,0
A047,server,combined_yaw_right,101,22,none,0,0.3646476161193083,,0.16351626555588453,0,0
A047,server,combined_yaw_right,101,23,none,0,0.3775008240326203,,0.1801660191850296,0,0
A047,server,combined_yaw_right,101,24,none,0,0.35556526434294045,,0.15473572342958902,0,0
A047,server,combined_yaw_right,101,25,none,0,0.3733496465147498,,0.16034309963050244,0,0
A047,server,combined_yaw_right,101,26,none,0,0.37512465610223655,,0.176479254123758,0,0
A047,server,combined_yaw_right,101,27,none,0,0.37185616862965143,,0.16734573573921907,0,0
A047,server,combined_yaw_right,101,28,none,0,0.3732949188526939,,0.1868087950142191,0,0
A047,server,combined_yaw_right,101,29,none,0,0.3697260203845998,,0.1537266843016309,0,0
A047,server,combined_yaw_right,101,30,none,0,0.38350561675540906,,0.19461668074672625,0,0
A047,server,combined_yaw_right,101,31,none,0,0.375618848252424,,0.18380245528000108,0,0
A047,server,combined_yaw_right,202,0,none,0,0.3698933382722783,,0.14335508990080129,0,0
A047,server,combined_yaw_right,202,1,none,0,0.37808545308317093,,0.16397647841435986,0,0
A047,server,combined_yaw_right,202,2,none,0,0.37756352891577755,,0.20569649837158838,0,0
A047,server,combined_yaw_right,202,3,none,0,0.3838888907177563,,0.21136610335757616,0,0
A047,server,combined_yaw_right,202,4,none,0,0.376979769949607,,0.1869330382494548,0,0
A047,server,combined_yaw_right,202,5,none,0,0.3763406499025018,,0.17085601902401346,0,0
A047,server,combined_yaw_right,202,6,none,0,0.37231745367700403,,0.1619370930506136,0,0
A047,server,combined_yaw_right,202,7,none,0,0.38072048597794805,,0.19733144308996478,0,0
A047,server,combined_yaw_right,202,8,none,0,0.36724586235010687,,0.16520183393372095,0,0
A047,server,combined_yaw_right,202,9,none,0,0.3841500598638453,,0.20669928236880133,0,0
A047,server,combined_yaw_right,202,10,none,0,0.3805592111087738,,0.19500582580950834,0,0
A047,server,combined_yaw_right,202,11,none,0,0.3819626527514687,,0.1686231351524396,0,0
A047,server,combined_yaw_right,202,12,none,0,0.3755613920841625,,0.1599551302537604,0,0
A047,server,combined_yaw_right,202,13,none,0,0.38154246335361097,,0.19097436181876268,0,0
A047,server,combined_yaw_right,202,14,none,0,0.37557537072801334,,0.1678156978419805,0,0
A047,server,combined_yaw_right,202,15,none,0,0.367111110272892,,0.15957508181906224,0,0
A047,server,combined_yaw_right,202,16,none,0,0.3845028035780963,,0.20146454073822556,0,0
A047,server,combined_yaw_right,202,17,none,0,0.3659613820958265,,0.16530360619470397,0,0
A047,server,combined_yaw_right,202,18,none,0,0.384586684365961,,0.1848584111092221,0,0
A047,server,combined_yaw_right,202,19,none,0,0.38192428640503295,,0.2006139058263934,0,0
A047,server,combined_yaw_right,202,20,none,0,0.37142453984143264,,0.14642836358491682,0,0
A047,server,combined_yaw_right,202,21,none,0,0.3815547889247935,,0.18710881595082188,0,0
A047,server,combined_yaw_right,202,22,none,0,0.37747921105374627,,0.17553209190819502,0,0
A047,server,combined_yaw_right,202,23,none,0,0.36610177645390046,,0.15523148788227648,0,0
A047,server,combined_yaw_right,202,24,none,0,0.38499213890595874,,0.2184256981256682,0,0
A047,server,combined_yaw_right,202,25,none,0,0.36923297235672486,,0.15816472517679392,0,0
A047,server,combined_yaw_right,202,26,none,0,0.3878863521597602,,0.2138826715169558,0,0
A047,server,combined_yaw_right,202,27,none,0,0.35739033171199863,,0.16741014182238848,0,0
A047,server,combined_yaw_right,202,28,none,0,0.383557027833347,,0.18475560582592737,0,0
A047,server,combined_yaw_right,202,29,none,0,0.3817838904532519,,0.19612910305160325,0,0
A047,server,combined_yaw_right,202,30,none,0,0.36818321033276336,,0.1582759280552921,0,0
A047,server,combined_yaw_right,202,31,none,0,0.3642337201910223,,0.12553225809249052,0,0
A047,server,combined_yaw_right,303,0,none,0,0.38285370545591263,,0.20398765143242328,0,0
A047,server,combined_yaw_right,303,1,none,0,0.37526241638124946,,0.16219534602257943,0,0
A047,server,combined_yaw_right,303,2,none,0,0.37980732807819856,,0.19386235681474814,0,0
A047,server,combined_yaw_right,303,3,none,0,0.38005622105802445,,0.20384063774684086,0,0
A047,server,combined_yaw_right,303,4,none,0,0.3817350021339355,,0.19232116597875765,0,0
A047,server,combined_yaw_right,303,5,none,0,0.3809413968082418,,0.20233831989230228,0,0
A047,server,combined_yaw_right,303,6,none,0,0.3806370770070642,,0.1963592168719142,0,0
A047,server,combined_yaw_right,303,7,none,0,0.38061138852076093,,0.19616171636960408,0,0
A047,server,combined_yaw_right,303,8,none,0,0.37501177733594726,,0.18121453131827508,0,0
A047,server,combined_yaw_right,303,9,none,0,0.3776970779832034,,0.20122208660825727,0,0
A047,server,combined_yaw_right,303,10,none,0,0.37766965657950724,,0.1906968137517221,0,0
A047,server,combined_yaw_right,303,11,none,0,0.37903944996589006,,0.17397227984659314,0,0
A047,server,combined_yaw_right,303,12,none,0,0.3803052756397482,,0.1946149265045024,0,0
A047,server,combined_yaw_right,303,13,none,0,0.377620251660041,,0.19538204563053713,0,0
A047,server,combined_yaw_right,303,14,none,0,0.3741613491015001,,0.1637615799743984,0,0
A047,server,combined_yaw_right,303,15,none,0,0.38293189694855945,,0.2011684574774329,0,0
A047,server,combined_yaw_right,303,16,none,0,0.3707188322422976,,0.17505715372042302,0,0
A047,server,combined_yaw_right,303,17,none,0,0.38031888183425455,,0.17809604261301254,0,0
A047,server,combined_yaw_right,303,18,none,0,0.37225527336253206,,0.17404132746073753,0,0
A047,server,combined_yaw_right,303,19,none,0,0.3675832735663429,,0.15944147595939565,0,0
A047,server,combined_yaw_right,303,20,none,0,0.37214963783554855,,0.16322178585376468,0,0
A047,server,combined_yaw_right,303,21,none,0,0.38236255640970834,,0.17969372585007354,0,0
A047,server,combined_yaw_right,303,22,none,0,0.3835564937024193,,0.1903819511848007,0,0
A047,server,combined_yaw_right,303,23,none,0,0.38041719005388375,,0.1787866835455542,0,0
A047,server,combined_yaw_right,303,24,none,0,0.3782159786492108,,0.19409384984412423,0,0
A047,server,combined_yaw_right,303,25,none,0,0.38084288427536506,,0.18983659236839015,0,0
A047,server,combined_yaw_right,303,26,none,0,0.3788695294748653,,0.17565199950053006,0,0
A047,server,combined_yaw_right,303,27,none,0,0.3687973844016937,,0.17589652229380348,0,0
A047,server,combined_yaw_right,303,28,none,0,0.38483297402527245,,0.20360136129760573,0,0
A047,server,combined_yaw_right,303,29,none,0,0.3757993781311627,,0.20473794471815487,0,0
A047,server,combined_yaw_right,303,30,none,0,0.3725816966059373,,0.18083566907274592,0,0
A047,server,combined_yaw_right,303,31,none,0,0.3700134960565975,,0.16614513317251695,0,0
A048,server,rough_lateral,101,0,none,0,0.2619867415670405,,0.2791635947966054,0,0
A048,server,rough_lateral,101,1,none,0,0.24216549560666722,,0.15476172547051834,0,0
A048,server,rough_lateral,101,2,none,0,0.23780712835928974,,0.18436655633935795,0,0
A048,server,rough_lateral,101,3,none,0,0.266923096409456,,0.15981403083022575,0,0
A048,server,rough_lateral,101,4,terminated,1,0.22857589860332203,,0.2232819429926769,0,0
A048,server,rough_lateral,101,5,none,0,0.2709365323743718,,0.12389870506490665,0,0
A048,server,rough_lateral,101,6,none,0,0.2659668385345031,,0.1652416111641074,0,0
A048,server,rough_lateral,101,7,none,0,0.25234821924870027,,0.1075284099247258,0,0
A048,server,rough_lateral,101,8,none,0,0.2378879421375652,,0.11073873496069814,0,0
A048,server,rough_lateral,101,9,none,0,0.25601590898903936,,0.14468331000841875,0,0
A048,server,rough_lateral,101,10,terminated,1,,,0.5761816520734503,0,0
A048,server,rough_lateral,101,11,none,0,0.24234940685371664,,0.19005307720808762,0,0
A048,server,rough_lateral,101,12,none,0,0.2323464638887242,,0.22755894241751196,0,0
A048,server,rough_lateral,101,13,none,0,0.2476760415948011,,0.16486867852797832,0,0
A048,server,rough_lateral,101,14,none,0,0.23209019140763715,,0.21994071265726858,0,0
A048,server,rough_lateral,101,15,none,0,0.2635274921509034,,0.105471784486374,0,0
A048,server,rough_lateral,101,16,none,0,0.25052346297126404,,0.12325157420821342,0,0
A048,server,rough_lateral,101,17,none,0,0.2507275138149925,,0.14601153376949555,0,0
A048,server,rough_lateral,101,18,none,0,0.21633010513004772,,0.22406443002397478,0,0
A048,server,rough_lateral,101,19,none,0,0.2629673426801508,,0.16522006412049134,0,0
A048,server,rough_lateral,101,20,none,0,0.24790153186270258,,0.13531451307782616,0,0
A048,server,rough_lateral,101,21,none,0,0.2465949009924649,,0.20748759241034384,0,0
A048,server,rough_lateral,101,22,height_only,1,0.21726293176571954,,0.28483878595938955,0,0
A048,server,rough_lateral,101,23,none,0,0.23907515613790503,,0.15811120531018885,0,0
A048,server,rough_lateral,101,24,none,0,0.22590035829633315,,0.20176186148933678,0,0
A048,server,rough_lateral,101,25,none,0,0.22312314569312622,,0.12597791797810698,0,0
A048,server,rough_lateral,101,26,height_only,1,0.23245441555020643,,0.20318326975499074,0,0
A048,server,rough_lateral,101,27,height_only,1,0.21543868236681996,,0.15184603566546973,0,0
A048,server,rough_lateral,101,28,none,0,0.23255526884035632,,0.18994753534066183,0,0
A048,server,rough_lateral,101,29,none,0,0.2202167057576664,,0.229578906152285,0,0
A048,server,rough_lateral,101,30,none,0,0.2703994066320001,,0.11051160731113466,0,0
A048,server,rough_lateral,101,31,none,0,0.2502781689804505,,0.14239479097972038,0,0
A048,server,rough_lateral,202,0,none,0,0.22491346594484093,,0.21743231128280946,0,0
A048,server,rough_lateral,202,1,none,0,0.23104978165524528,,0.18280843080866052,0,0
A048,server,rough_lateral,202,2,terminated,1,0.2445024094957719,,0.16383426043108565,0,0
A048,server,rough_lateral,202,3,none,0,0.25283288589135844,,0.18567497943572764,0,0
A048,server,rough_lateral,202,4,terminated,1,0.25776380587389125,,0.16265670297627444,0,0
A048,server,rough_lateral,202,5,none,0,0.23239965011729274,,0.18649986380338315,0,0
A048,server,rough_lateral,202,6,none,0,0.2398920378742371,,0.2301197620357438,0,0
A048,server,rough_lateral,202,7,none,0,0.24738584976782774,,0.18550827217202182,0,0
A048,server,rough_lateral,202,8,none,0,,,0.2766357931537452,0,0
A048,server,rough_lateral,202,9,none,0,0.25823657381980814,,0.21408348588803086,0,0
A048,server,rough_lateral,202,10,none,0,0.24577112041692684,,0.1651699916889491,0,0
A048,server,rough_lateral,202,11,none,0,0.23475310333909835,,0.13585890198976047,0,0
A048,server,rough_lateral,202,12,none,0,0.22213391999509882,,0.26702797061793315,0,0
A048,server,rough_lateral,202,13,none,0,0.26273744421846723,,0.11154590705347082,0,0
A048,server,rough_lateral,202,14,none,0,0.22918501767245206,,0.2210738995048943,0,0
A048,server,rough_lateral,202,15,terminated,1,0.2146963563194887,,0.3070749429235317,0,0
A048,server,rough_lateral,202,16,none,0,0.2568684331076668,,0.1646700752419101,0,0
A048,server,rough_lateral,202,17,none,0,0.22298037320534814,,0.19771930223389264,0,0
A048,server,rough_lateral,202,18,none,0,0.23183577400159072,,0.23031072897452523,0,0
A048,server,rough_lateral,202,19,none,0,0.27374222484183186,,0.13355255377980382,0,0
A048,server,rough_lateral,202,20,terminated,1,,,0.31341297389257233,0,0
A048,server,rough_lateral,202,21,none,0,0.24844150125661635,,0.1461453611787321,0,0
A048,server,rough_lateral,202,22,none,0,0.24746817334450502,,0.2073002912454102,0,0
A048,server,rough_lateral,202,23,height_only,1,0.22608482383470485,,0.18419929440520594,0,0
A048,server,rough_lateral,202,24,none,0,0.25185324594298786,,0.15666550145214217,0,0
A048,server,rough_lateral,202,25,terminated,1,,,,0,0
A048,server,rough_lateral,202,26,none,0,0.27728419938189464,,0.16296534106194308,0,0
A048,server,rough_lateral,202,27,terminated,1,0.21939455681943637,,0.18564953062391137,0,0
A048,server,rough_lateral,202,28,none,0,0.2474059262537064,,0.2980811570841303,0,0
A048,server,rough_lateral,202,29,none,0,0.24592709860062217,,0.17433037085858755,0,0
A048,server,rough_lateral,202,30,none,0,0.21972478248856284,,0.18485161446032167,0,0
A048,server,rough_lateral,202,31,terminated,1,0.22358471649215822,,0.32193159137673427,1,0
A048,server,rough_lateral,303,0,none,0,0.25215985717620437,,0.12342820312907515,0,0
A048,server,rough_lateral,303,1,none,0,0.2256573394020611,,0.25427223543217414,0,0
A048,server,rough_lateral,303,2,terminated,1,0.23023481459859857,,0.17710051387404455,0,0
A048,server,rough_lateral,303,3,none,0,0.23994165069279189,,0.21758500405099107,0,0
A048,server,rough_lateral,303,4,none,0,0.2474508898302833,,0.1116362575364356,0,0
A048,server,rough_lateral,303,5,none,0,0.2585119617814049,,0.19179927006583822,0,0
A048,server,rough_lateral,303,6,none,0,0.2535956573677573,,0.11839653767248054,0,0
A048,server,rough_lateral,303,7,none,0,0.23947017787293318,,0.10705800892237165,0,0
A048,server,rough_lateral,303,8,none,0,0.24840459482555083,,0.13764887037910314,0,0
A048,server,rough_lateral,303,9,none,0,0.23383693819377513,,0.11009412134573919,0,0
A048,server,rough_lateral,303,10,none,0,0.23917764265907002,,0.13825775801724866,0,0
A048,server,rough_lateral,303,11,none,0,0.23805395963995216,,0.2420335084804047,0,0
A048,server,rough_lateral,303,12,none,0,0.23665066135120902,,0.10166664467662587,0,0
A048,server,rough_lateral,303,13,none,0,0.2650211034292843,,0.2658558651348717,0,0
A048,server,rough_lateral,303,14,none,0,0.22751937942071393,,0.2588604845016268,0,0
A048,server,rough_lateral,303,15,none,0,0.27180582778976564,,0.11050985248563022,0,0
A048,server,rough_lateral,303,16,none,0,0.25447305821798705,,0.22481176909015654,0,0
A048,server,rough_lateral,303,17,none,0,0.22855686503935627,,0.20551710513103114,0,0
A048,server,rough_lateral,303,18,none,0,0.2403566634909992,,0.12736017289721718,0,0
A048,server,rough_lateral,303,19,none,0,0.2342970864498679,,0.29493858586854516,0,0
A048,server,rough_lateral,303,20,terminated,1,0.2154163439324833,,0.21544166001413892,0,0
A048,server,rough_lateral,303,21,none,0,0.2516120615649351,,0.1643869020905057,0,0
A048,server,rough_lateral,303,22,none,0,0.2682968931880227,,0.17781107742114016,0,0
A048,server,rough_lateral,303,23,none,0,0.2673751316606042,,0.15783565080529202,0,0
A048,server,rough_lateral,303,24,none,0,0.25589904205046876,,0.17836145352690727,0,0
A048,server,rough_lateral,303,25,none,0,0.2407904919934145,,0.27929958432533797,0,0
A048,server,rough_lateral,303,26,none,0,0.2235886680091766,,0.24802008491671682,0,0
A048,server,rough_lateral,303,27,none,0,0.2288158427585255,,0.14374166048343537,0,0
A048,server,rough_lateral,303,28,none,0,0.27424178164910507,,0.23730054753669713,0,0
A048,server,rough_lateral,303,29,none,0,0.2460756748117865,,0.09370958608546526,0,0
A048,server,rough_lateral,303,30,none,0,0.23398253568672242,,0.1946342041576085,0,0
A048,server,rough_lateral,303,31,height_only,1,0.22898720451854765,,0.19531802825897457,0,0
A048,server,rough_forward,101,0,none,0,0.305384852271029,,0.08054182384173682,0,0
A048,server,rough_forward,101,1,none,0,0.29540061464602935,,0.09891304119533531,0,0
A048,server,rough_forward,101,2,none,0,0.29183629123284854,,0.07856974057086293,0,0
A048,server,rough_forward,101,3,none,0,0.31806442460274315,,0.09229447870906696,0,0
A048,server,rough_forward,101,4,none,0,0.24644244689354922,,0.08530992679108326,0,0
A048,server,rough_forward,101,5,none,0,0.31845122496074535,,0.09312929555911817,0,0
A048,server,rough_forward,101,6,none,0,0.3216885444633463,,0.09163529899031554,0,0
A048,server,rough_forward,101,7,none,0,0.30228535631761194,,0.08842664498727276,0,0
A048,server,rough_forward,101,8,none,0,0.3071665045093087,,0.08580730258750945,0,0
A048,server,rough_forward,101,9,none,0,0.3299751366204756,,0.1045937369100869,0,0
A048,server,rough_forward,101,10,none,0,0.2940812968315288,,0.0816020118737824,0,0
A048,server,rough_forward,101,11,none,0,0.29319653313427685,,0.08256807974063275,0,0
A048,server,rough_forward,101,12,none,0,0.28899532500754066,,0.07955599478264222,0,0
A048,server,rough_forward,101,13,none,0,0.2995160481827782,,0.08698827245638667,0,0
A048,server,rough_forward,101,14,none,0,0.2839184926155417,,0.09642232678906527,0,0
A048,server,rough_forward,101,15,none,0,0.3067609103605709,,0.09185294248649047,0,0
A048,server,rough_forward,101,16,none,0,0.3140804039284507,,0.10216635877865915,0,0
A048,server,rough_forward,101,17,none,0,0.31968277182808535,,0.0942221261303324,0,0
A048,server,rough_forward,101,18,none,0,0.2865104990050117,,0.0884605373693916,0,0
A048,server,rough_forward,101,19,none,0,0.3149334068763702,,0.09065210272653713,0,0
A048,server,rough_forward,101,20,none,0,0.28148167265608987,,0.09055000661713146,0,0
A048,server,rough_forward,101,21,none,0,0.30548841358824846,,0.10448802525112172,0,0
A048,server,rough_forward,101,22,none,0,0.2851518669867898,,0.09089133577989854,0,0
A048,server,rough_forward,101,23,none,0,0.29227208597137333,,0.10303505378192553,0,0
A048,server,rough_forward,101,24,none,0,0.2771613151631891,,0.08019441381053088,0,0
A048,server,rough_forward,101,25,none,0,0.29280218179213174,,0.08502039777413072,0,0
A048,server,rough_forward,101,26,none,0,0.2914930052138905,,0.08405404663440974,0,0
A048,server,rough_forward,101,27,terminated,1,0.2890968153820956,,0.3330480836880282,0,0
A048,server,rough_forward,101,28,none,0,0.30287496259505736,,0.08448468718313791,0,0
A048,server,rough_forward,101,29,terminated,1,0.277877947066557,,0.12716655207689845,0,0
A048,server,rough_forward,101,30,none,0,0.3201824893607175,,0.1228835944065819,0,0
A048,server,rough_forward,101,31,none,0,0.3017293659442249,,0.08103979112090294,0,0
A048,server,rough_forward,202,0,none,0,0.29059824769828413,,0.09167084097530684,0,0
A048,server,rough_forward,202,1,none,0,0.29227809352989503,,0.07800528468383704,0,0
A048,server,rough_forward,202,2,none,0,0.30506368435640385,,0.0885437707519549,0,0
A048,server,rough_forward,202,3,none,0,0.3047484895762276,,0.10002600470070691,0,0
A048,server,rough_forward,202,4,none,0,0.31210310287016596,,0.09603153753267006,0,0
A048,server,rough_forward,202,5,none,0,0.29837200651194323,,0.08187408596660516,0,0
A048,server,rough_forward,202,6,none,0,0.2722374823960391,,0.08151960518690936,0,0
A048,server,rough_forward,202,7,none,0,0.31139364990002333,,0.08496850196612683,0,0
A048,server,rough_forward,202,8,none,0,0.29688122063715827,,0.07784659557076753,0,0
A048,server,rough_forward,202,9,none,0,0.3068139474181568,,0.10154831094245279,0,0
A048,server,rough_forward,202,10,none,0,0.3157719624711868,,0.0940868659681759,0,0
A048,server,rough_forward,202,11,none,0,0.28493810154218724,,0.07944446313515868,0,0
A048,server,rough_forward,202,12,none,0,0.2978686766828445,,0.0841791800741536,0,0
A048,server,rough_forward,202,13,none,0,0.3019814140656415,,0.12583642953361104,0,0
A048,server,rough_forward,202,14,none,0,0.29151690731392826,,0.07872110777344657,0,0
A048,server,rough_forward,202,15,none,0,0.2822663031797358,,0.08267548085897111,0,0
A048,server,rough_forward,202,16,none,0,0.3135531184507564,,0.09473439594633025,0,0
A048,server,rough_forward,202,17,none,0,0.2911502507759288,,0.08595461636935567,0,0
A048,server,rough_forward,202,18,none,0,0.29860653540986104,,0.0867310887813063,0,0
A048,server,rough_forward,202,19,none,0,0.3197981987726242,,0.09137393089642358,0,0
A048,server,rough_forward,202,20,none,0,0.2887990828503899,,0.08374731360759273,0,0
A048,server,rough_forward,202,21,none,0,0.2966719496058908,,0.09054450957215952,0,0
A048,server,rough_forward,202,22,none,0,0.2958924928929079,,0.0861950954766998,0,0
A048,server,rough_forward,202,23,none,0,0.29121951041693356,,0.07563858003951847,0,0
A048,server,rough_forward,202,24,none,0,0.3115217571749407,,0.08968164235314874,0,0
A048,server,rough_forward,202,25,none,0,0.2826158778074591,,0.07332455902236179,0,0
A048,server,rough_forward,202,26,none,0,0.31218556446187634,,0.09416304487254525,0,0
A048,server,rough_forward,202,27,none,0,0.2670527073470029,,0.07569219297819739,0,0
A048,server,rough_forward,202,28,none,0,0.3004406249140673,,0.15209023679838332,0,0
A048,server,rough_forward,202,29,none,0,0.3106505952895007,,0.08804811047754035,0,0
A048,server,rough_forward,202,30,none,0,0.27481632309163956,,0.08472429886859292,0,0
A048,server,rough_forward,202,31,none,0,0.2679666469600749,,0.07732064131334203,0,0
A048,server,rough_forward,303,0,none,0,0.30179907740118667,,0.10012140563286831,0,0
A048,server,rough_forward,303,1,none,0,0.2962604384211933,,0.08440615745247035,0,0
A048,server,rough_forward,303,2,none,0,0.30425867047858113,,0.09283765613962694,0,0
A048,server,rough_forward,303,3,none,0,0.33282852985642175,,0.09577334464698818,0,0
A048,server,rough_forward,303,4,none,0,0.30415652588727005,,0.10164430590778695,0,0
A048,server,rough_forward,303,5,none,0,0.3250535384697073,,0.09492895754453379,0,0
A048,server,rough_forward,303,6,none,0,0.3079291442658174,,0.08864095427662799,0,0
A048,server,rough_forward,303,7,none,0,0.3005749287611661,,0.0911008262059833,0,0
A048,server,rough_forward,303,8,none,0,0.29060765718393783,,0.08541099128905832,0,0
A048,server,rough_forward,303,9,none,0,0.3121806591908562,,0.09232124510653522,0,0
A048,server,rough_forward,303,10,none,0,0.32314426447937195,,0.08625668340822423,0,0
A048,server,rough_forward,303,11,none,0,0.29837814618878183,,0.08057348145775392,0,0
A048,server,rough_forward,303,12,none,0,0.3075087515906217,,0.0909696220074697,0,0
A048,server,rough_forward,303,13,none,0,0.3046302196176294,,0.08781328890326001,0,0
A048,server,rough_forward,303,14,none,0,0.27760238833924666,,0.0966003208511011,0,0
A048,server,rough_forward,303,15,none,0,0.30464840732156273,,0.10278113045770765,0,0
A048,server,rough_forward,303,16,none,0,0.29697103320277307,,0.09122081076380718,0,0
A048,server,rough_forward,303,17,none,0,0.291577630183276,,0.08152710960747397,0,0
A048,server,rough_forward,303,18,none,0,0.29581426052167453,,0.07701045600198891,0,0
A048,server,rough_forward,303,19,none,0,0.26709128637364843,,0.08807786394987736,0,0
A048,server,rough_forward,303,20,none,0,0.272898313275633,,0.10768092255143166,0,0
A048,server,rough_forward,303,21,none,0,0.3096283958716826,,0.08962260192100048,0,0
A048,server,rough_forward,303,22,none,0,0.31106689030473883,,0.09515629645559988,0,0
A048,server,rough_forward,303,23,none,0,0.3228610443240181,,0.09065631749288026,0,0
A048,server,rough_forward,303,24,none,0,0.32364401069873155,,0.08942707189867731,0,0
A048,server,rough_forward,303,25,none,0,0.2925926744937897,,0.09170458473349809,0,0
A048,server,rough_forward,303,26,none,0,0.30538182438694855,,0.3177895964776943,0,0
A048,server,rough_forward,303,27,none,0,0.30007243953286644,,0.08059994829474645,0,0
A048,server,rough_forward,303,28,none,0,0.3033400769220954,,0.09058990932650796,0,0
A048,server,rough_forward,303,29,none,0,0.3047736782759906,,0.0924448551041687,0,0
A048,server,rough_forward,303,30,terminated,1,0.30647857901565534,,0.29164819710087536,1,0
A048,server,rough_forward,303,31,none,0,0.30339783908211615,,0.08238266462978318,0,0
A048,server,stairs_10_down,101,0,none,0,0.2909272637437372,1,0.1041160378704869,0,0
A048,server,stairs_10_down,101,1,none,0,0.27765724788056334,1,0.11480407645444547,0,0
A048,server,stairs_10_down,101,2,none,0,0.2909588754017723,1,0.08335821616147046,0,0
A048,server,stairs_10_down,101,3,none,0,0.2522837753123778,1,0.14091710487761877,0,0
A048,server,stairs_10_down,101,4,none,0,0.2890005160302402,1,0.08526753544219311,0,0
A048,server,stairs_10_down,101,5,none,0,0.3124274835388928,1,0.10387291490261176,0,0
A048,server,stairs_10_down,101,6,none,0,0.3215440565092679,1,0.13072745777821324,0,0
A048,server,stairs_10_down,101,7,none,0,0.3173166235341108,1,0.104157187895229,0,0
A048,server,stairs_10_down,101,8,height_only,1,0.3082831582442962,1,0.21759725826646803,0,0
A048,server,stairs_10_down,101,9,none,0,0.32284020461181906,1,0.19237990347685102,0,0
A048,server,stairs_10_down,101,10,none,0,0.2886546350577298,1,0.10619680288189833,0,0
A048,server,stairs_10_down,101,11,height_only,1,0.25377770214476053,1,0.2581438081132907,0,0
A048,server,stairs_10_down,101,12,none,0,0.2888050233138436,1,0.08986711622029515,0,0
A048,server,stairs_10_down,101,13,height_only,1,0.2900420210578225,1,0.1333786928853965,0,0
A048,server,stairs_10_down,101,14,none,0,0.2982901369425702,1,0.10745375225527605,0,0
A048,server,stairs_10_down,101,15,none,0,0.31168028791957997,1,0.1392491993341072,0,0
A048,server,stairs_10_down,101,16,none,0,0.29176579025339955,1,0.11862483805566604,0,0
A048,server,stairs_10_down,101,17,none,0,0.2900851639037464,1,0.18007574676341834,0,0
A048,server,stairs_10_down,101,18,none,0,0.23795742338353937,1,0.11060456021291157,0,0
A048,server,stairs_10_down,101,19,none,0,0.3050641596795403,1,0.10141838865055629,0,0
A048,server,stairs_10_down,101,20,none,0,0.3062400107077736,1,0.09258498864769518,0,0
A048,server,stairs_10_down,101,21,none,0,0.28956686621681255,1,0.10853426241230989,0,0
A048,server,stairs_10_down,101,22,height_only,1,0.28138690358177226,1,0.12987109248041154,0,0
A048,server,stairs_10_down,101,23,none,0,0.26969642873435096,1,0.09351130587460127,0,0
A048,server,stairs_10_down,101,24,height_only,1,0.254668178245983,1,0.16231771343100768,0,0
A048,server,stairs_10_down,101,25,height_only,1,0.2993531109974346,1,0.13765732130125924,0,0
A048,server,stairs_10_down,101,26,none,0,0.27649394100043867,1,0.1028998098792397,0,0
A048,server,stairs_10_down,101,27,none,0,0.26332265592832615,1,0.10617849511694886,0,0
A048,server,stairs_10_down,101,28,height_only,1,0.2823935616462626,0,0.11208606639470002,0,0
A048,server,stairs_10_down,101,29,none,0,0.27237573815858296,1,0.11211599535456028,0,0
A048,server,stairs_10_down,101,30,none,0,0.31600885627104,1,0.16489012787732651,0,0
A048,server,stairs_10_down,101,31,height_only,1,0.2795887461958085,1,0.29225568188113704,0,0
A048,server,stairs_10_down,202,0,height_only,1,0.23046439248610306,1,0.21474071005477144,0,0
A048,server,stairs_10_down,202,1,none,0,0.2709712527971217,1,0.08625213311085325,0,0
A048,server,stairs_10_down,202,2,height_only,1,0.31648764835003224,1,0.21402728373510935,0,0
A048,server,stairs_10_down,202,3,none,0,0.2348392050374638,1,0.20313125388187783,0,0
A048,server,stairs_10_down,202,4,none,0,0.31712608812327053,1,0.10154802201675421,0,0
A048,server,stairs_10_down,202,5,height_only,1,0.26738532094713197,0,0.2269397326012556,0,1
A048,server,stairs_10_down,202,6,none,0,0.27556458840714415,1,0.12477082736100362,0,0
A048,server,stairs_10_down,202,7,height_only,1,0.2568374923206268,1,0.30346586374790047,0,0
A048,server,stairs_10_down,202,8,none,0,0.275093591149478,1,0.42309383376634585,0,0
A048,server,stairs_10_down,202,9,height_only,1,0.28066421527276064,0,0.36221001229687055,0,0
A048,server,stairs_10_down,202,10,none,0,0.3071769877551074,1,0.10192351604418061,0,0
A048,server,stairs_10_down,202,11,none,0,0.2992924766585151,1,0.09060958200776643,0,0
A048,server,stairs_10_down,202,12,none,0,0.28911577969948876,1,0.3955594487754639,0,0
A048,server,stairs_10_down,202,13,none,0,0.3094974522762758,1,0.10290475609944412,0,0
A048,server,stairs_10_down,202,14,height_only,1,0.2885908572112813,1,0.11802369841315864,0,1
A048,server,stairs_10_down,202,15,none,0,0.2905926761780193,1,0.170122787965158,0,0
A048,server,stairs_10_down,202,16,none,0,0.29321591556072235,1,0.11627297274001618,0,0
A048,server,stairs_10_down,202,17,none,0,0.27111324173881407,1,0.28295884998006793,0,0
A048,server,stairs_10_down,202,18,none,0,0.28220515734052914,1,0.15514189600986297,0,0
A048,server,stairs_10_down,202,19,none,0,0.2722439750789959,1,0.14166088468728394,0,0
A048,server,stairs_10_down,202,20,terminated,1,0.28671052446339856,1,0.32707864821613325,1,0
A048,server,stairs_10_down,202,21,none,0,0.31062108589047416,1,0.10541113836764869,0,0
A048,server,stairs_10_down,202,22,none,0,0.2681752766836136,1,0.08729748022050814,0,0
A048,server,stairs_10_down,202,23,none,0,0.28403214353291106,1,0.10023526401386251,0,0
A048,server,stairs_10_down,202,24,none,0,0.2872569297246117,1,0.1058120433049245,0,0
A048,server,stairs_10_down,202,25,height_only,1,0.27151928690665544,1,0.2203228130477844,0,0
A048,server,stairs_10_down,202,26,height_only,1,0.2907924849719287,1,0.15460886318294864,0,0
A048,server,stairs_10_down,202,27,none,0,0.2833336546299929,1,0.08858393170199103,0,0
A048,server,stairs_10_down,202,28,none,0,0.2997896761339616,1,0.11220008596860456,0,0
A048,server,stairs_10_down,202,29,none,0,0.2507056056815673,1,0.09419051929191427,0,0
A048,server,stairs_10_down,202,30,none,0,0.28161246692114333,1,0.14211228003014742,0,0
A048,server,stairs_10_down,202,31,height_only,1,0.2682264559568568,1,0.15649745004419802,0,0
A048,server,stairs_10_down,303,0,none,0,0.3095782178449121,1,0.21831117088265636,0,0
A048,server,stairs_10_down,303,1,none,0,0.2903843873484249,1,0.09472943285754509,0,0
A048,server,stairs_10_down,303,2,height_only,1,0.2868882769091244,1,0.20595315768062927,0,0
A048,server,stairs_10_down,303,3,none,0,0.327494732597295,1,0.12200981517811148,0,0
A048,server,stairs_10_down,303,4,none,0,0.28397646227622414,1,0.13803201796482253,0,0
A048,server,stairs_10_down,303,5,none,0,0.2930883644098904,1,0.26460363587666424,0,0
A048,server,stairs_10_down,303,6,none,0,0.30701955037321,1,0.09954284855150194,0,0
A048,server,stairs_10_down,303,7,none,0,0.30352709294959185,1,0.09934085143513785,0,0
A048,server,stairs_10_down,303,8,none,0,0.23010265173759054,1,0.11871948971401983,0,0
A048,server,stairs_10_down,303,9,none,0,0.28792653077426444,1,0.09558125224300199,0,0
A048,server,stairs_10_down,303,10,none,0,0.25799820918769123,1,0.1279877090670714,0,0
A048,server,stairs_10_down,303,11,none,0,0.2892979251589367,1,0.09406460917253928,0,0
A048,server,stairs_10_down,303,12,none,0,0.296725554023197,1,0.13477395203731324,0,0
A048,server,stairs_10_down,303,13,height_only,1,0.29352153965177386,1,0.24018280826699273,0,0
A048,server,stairs_10_down,303,14,height_only,1,0.29202757927185713,1,0.16083265726078388,0,0
A048,server,stairs_10_down,303,15,none,0,0.2895433548937507,1,0.18719235313471605,0,0
A048,server,stairs_10_down,303,16,height_only,1,0.28451608491932007,1,0.160928144818481,0,0
A048,server,stairs_10_down,303,17,height_only,1,0.30250444123770465,0,0.09269606528602285,0,0
A048,server,stairs_10_down,303,18,height_only,1,0.2478672828585069,0,0.2964231159578491,0,0
A048,server,stairs_10_down,303,19,height_only,1,0.2771891782628023,1,0.08517596916397491,0,0
A048,server,stairs_10_down,303,20,none,0,0.24954639558486125,1,0.12249234592323192,0,0
A048,server,stairs_10_down,303,21,terminated,1,0.31292726920250263,1,0.12568438192154108,0,0
A048,server,stairs_10_down,303,22,none,0,0.30623610477077773,1,0.10010087316216564,0,0
A048,server,stairs_10_down,303,23,height_only,1,0.30065440350675326,1,0.2861937149393272,0,0
A048,server,stairs_10_down,303,24,none,0,0.2827513774129796,1,0.11662151187809264,0,0
A048,server,stairs_10_down,303,25,none,0,0.30381879569056197,1,0.09253177266211196,0,0
A048,server,stairs_10_down,303,26,height_only,1,0.2880209313038199,1,0.1533260956020693,0,0
A048,server,stairs_10_down,303,27,none,0,0.2859154777093367,1,0.15078714841837493,0,0
A048,server,stairs_10_down,303,28,none,0,0.2758729902101073,1,0.09998353037147899,0,0
A048,server,stairs_10_down,303,29,terminated,1,0.3190077574335955,1,0.31884996067182164,0,0
A048,server,stairs_10_down,303,30,none,0,0.2474474808111548,1,0.09715499358347014,0,0
A048,server,stairs_10_down,303,31,height_only,1,0.2824579310767791,0,0.2744021690146794,0,0
A048,server,stairs_15_down,101,0,height_only,1,0.2777446172135399,1,0.16756512376365348,0,1
A048,server,stairs_15_down,101,1,height_only,1,0.2744552432534529,0,0.2643458275759145,0,0
A048,server,stairs_15_down,101,2,height_only,1,0.2840127587955903,0,0.07725321109691277,0,1
A048,server,stairs_15_down,101,3,height_only,1,0.2861699423687981,0,0.08162245228826633,0,0
A048,server,stairs_15_down,101,4,height_only,1,0.2793202486267701,0,0.10442081503700315,0,1
A048,server,stairs_15_down,101,5,height_only,1,0.3050638395834734,1,0.3666494377125088,0,0
A048,server,stairs_15_down,101,6,height_only,1,0.31879595447989073,1,0.16990305367200384,0,0
A048,server,stairs_15_down,101,7,height_only,1,0.31256782976701303,0,0.10302977779432801,0,0
A048,server,stairs_15_down,101,8,height_only,1,0.30467494732555866,0,0.13496487468239438,0,1
A048,server,stairs_15_down,101,9,height_only,1,0.31242703865556154,0,0.12133529803223835,0,1
A048,server,stairs_15_down,101,10,height_only,1,0.2863624816272349,0,0.10375225162862074,0,1
A048,server,stairs_15_down,101,11,height_only,1,0.25435802738934277,0,0.14351786488276325,0,1
A048,server,stairs_15_down,101,12,terminated,1,0.2776637759438172,0,0.25729350835800974,0,1
A048,server,stairs_15_down,101,13,terminated,1,0.2774639558345876,0,0.12295891195875254,0,0
A048,server,stairs_15_down,101,14,height_only,1,0.2743965613650766,0,0.2689270854370095,0,1
A048,server,stairs_15_down,101,15,height_only,1,0.3088755475327293,1,0.11648732479277689,0,0
A048,server,stairs_15_down,101,16,height_only,1,0.2955121633840755,1,0.32817255657683475,0,0
A048,server,stairs_15_down,101,17,height_only,1,0.27456463164186734,0,0.10265519365415968,0,0
A048,server,stairs_15_down,101,18,height_only,1,0.2707282365324663,0,0.13335159185771345,0,0
A048,server,stairs_15_down,101,19,height_only,1,0.29269056301065954,1,0.18908374841710612,0,1
A048,server,stairs_15_down,101,20,terminated,1,0.3013938088468051,0,0.10046475931198229,0,1
A048,server,stairs_15_down,101,21,terminated,1,0.24400485183465925,1,0.402804422623125,0,0
A048,server,stairs_15_down,101,22,height_only,1,0.2748817364799785,0,0.10171166824936743,0,1
A048,server,stairs_15_down,101,23,terminated,1,0.2594430931111708,0,0.34137944355717703,0,0
A048,server,stairs_15_down,101,24,height_only,1,0.23458485361089043,0,0.13499264313124085,0,1
A048,server,stairs_15_down,101,25,height_only,1,0.2982061532410708,0,0.10664494741990718,0,1
A048,server,stairs_15_down,101,26,height_only,1,0.279776055545093,0,0.10506874969370666,0,0
A048,server,stairs_15_down,101,27,height_only,1,0.2746222599304933,0,0.2298306307411348,0,0
A048,server,stairs_15_down,101,28,height_only,1,0.2692975730182015,0,0.11068755509139758,0,0
A048,server,stairs_15_down,101,29,terminated,1,0.25810443908773006,0,0.13050449331052236,0,1
A048,server,stairs_15_down,101,30,none,0,0.3078929820162727,1,0.39236231584994014,0,0
A048,server,stairs_15_down,101,31,height_only,1,0.2780148575012697,0,0.13700883678017348,0,0
A048,server,stairs_15_down,202,0,height_only,1,0.2289765823014917,0,0.07662145363223678,0,0
A048,server,stairs_15_down,202,1,height_only,1,,0,0.0912725756199373,0,1
A048,server,stairs_15_down,202,2,height_only,1,0.31473395451504915,0,0.1040656043525873,0,0
A048,server,stairs_15_down,202,3,height_only,1,0.2729611862152018,0,0.11875277179616785,0,0
A048,server,stairs_15_down,202,4,height_only,1,0.31580245957017583,0,0.09944790903127998,0,0
A048,server,stairs_15_down,202,5,height_only,1,0.2646937277865283,0,0.12174735718231283,0,1
A048,server,stairs_15_down,202,6,height_only,1,0.2557938787388929,1,0.4435054238368457,0,0
A048,server,stairs_15_down,202,7,height_only,1,0.26068128812759317,0,0.14734563817637314,0,1
A048,server,stairs_15_down,202,8,height_only,1,0.27799005208805927,0,0.1077514744658678,0,0
A048,server,stairs_15_down,202,9,terminated,1,0.26006604133442757,0,0.25062564058175024,0,0
A048,server,stairs_15_down,202,10,height_only,1,0.3024868904588056,0,0.17316729863040645,0,1
A048,server,stairs_15_down,202,11,height_only,1,0.2965332408321095,0,0.0913887476528674,0,1
A048,server,stairs_15_down,202,12,terminated,1,0.2833065390586853,1,0.20031072790219925,0,1
A048,server,stairs_15_down,202,13,terminated,1,0.30548059541911365,1,0.14973624143091485,0,0
A048,server,stairs_15_down,202,14,height_only,1,0.2856053485271127,0,0.11191422242193473,0,1
A048,server,stairs_15_down,202,15,height_only,1,0.28799105216475096,0,0.0892635894617548,0,1
A048,server,stairs_15_down,202,16,height_only,1,0.31210740811047066,0,0.11633931216516441,0,1
A048,server,stairs_15_down,202,17,height_only,1,0.25618335206240883,0,0.12159814806388891,0,1
A048,server,stairs_15_down,202,18,height_only,1,0.27253282612020313,1,0.12704438037390817,0,0
A048,server,stairs_15_down,202,19,height_only,1,0.2761853212978751,0,0.10879660351788177,0,0
A048,server,stairs_15_down,202,20,height_only,1,0.28112987783503407,0,0.14621811582248598,0,1
A048,server,stairs_15_down,202,21,height_only,1,0.3020143011674524,0,0.16038222512051753,0,1
A048,server,stairs_15_down,202,22,height_only,1,0.23986217268010512,0,0.10628820416437344,0,1
A048,server,stairs_15_down,202,23,terminated,1,0.27737785820017524,0,0.07249803306189095,0,1
A048,server,stairs_15_down,202,24,height_only,1,0.2646939285936203,0,0.13553579188459083,0,1
A048,server,stairs_15_down,202,25,height_only,1,0.23085105642277925,0,0.13470269556937622,0,0
A048,server,stairs_15_down,202,26,height_only,1,0.2950297957435649,0,0.4743973476176766,0,0
A048,server,stairs_15_down,202,27,height_only,1,0.2819103276665835,0,0.10696194074249012,0,0
A048,server,stairs_15_down,202,28,terminated,1,0.293914846239243,0,0.15203959168550935,0,1
A048,server,stairs_15_down,202,29,height_only,1,0.26622341820262974,0,0.2109835990330134,0,0
A048,server,stairs_15_down,202,30,height_only,1,0.27904000256788286,0,0.10220432830969114,0,0
A048,server,stairs_15_down,202,31,height_only,1,0.2675902629918594,0,0.0907106893545419,0,0
A048,server,stairs_15_down,303,0,height_only,1,0.29993000706249384,0,0.2902395316584422,0,0
A048,server,stairs_15_down,303,1,height_only,1,0.28058955280538544,0,0.13133438376433598,0,0
A048,server,stairs_15_down,303,2,terminated,1,0.2804945015652295,0,0.13143085952677783,0,0
A048,server,stairs_15_down,303,3,none,0,0.3247173363193472,1,0.19153170674201406,0,0
A048,server,stairs_15_down,303,4,none,0,0.26138071994730494,1,0.4617042730488969,0,0
A048,server,stairs_15_down,303,5,height_only,1,0.27248646422503464,0,0.2780919613578909,0,0
A048,server,stairs_15_down,303,6,height_only,1,0.3007576712631287,0,0.1061710872433147,0,1
A048,server,stairs_15_down,303,7,terminated,1,0.3026621403859898,0,0.18047155440592272,0,0
A048,server,stairs_15_down,303,8,terminated,1,,0,0.4213009129316051,0,0
A048,server,stairs_15_down,303,9,terminated,1,0.2901254830194667,0,0.26220635661806446,0,0
A048,server,stairs_15_down,303,10,height_only,1,0.2696132508509937,1,0.27781260059062857,0,1
A048,server,stairs_15_down,303,11,height_only,1,0.2773902515039087,1,0.23131886579299904,0,0
A048,server,stairs_15_down,303,12,height_only,1,0.29080288901048545,0,0.24229406663463718,0,0
A048,server,stairs_15_down,303,13,height_only,1,0.28908534642846817,0,0.13415080730535134,0,0
A048,server,stairs_15_down,303,14,height_only,1,0.2833059546462992,0,0.09527320447832448,0,1
A048,server,stairs_15_down,303,15,height_only,1,0.26118058412470285,0,0.1280877507904172,0,0
A048,server,stairs_15_down,303,16,terminated,1,0.25664190334432263,1,0.19143976968636167,0,0
A048,server,stairs_15_down,303,17,height_only,1,0.3026848821079029,1,0.13993817637741482,0,0
A048,server,stairs_15_down,303,18,height_only,1,,0,0.08843909741681584,0,1
A048,server,stairs_15_down,303,19,height_only,1,0.26810692529627356,0,0.0960122321375227,0,1
A048,server,stairs_15_down,303,20,height_only,1,,0,0.09228820605975054,0,1
A048,server,stairs_15_down,303,21,height_only,1,0.30973162243072994,1,0.2021129550301485,0,1
A048,server,stairs_15_down,303,22,height_only,1,0.27418073708998325,1,0.20601541049157085,0,0
A048,server,stairs_15_down,303,23,height_only,1,0.29591595584695984,0,0.1680946707909467,0,0
A048,server,stairs_15_down,303,24,height_only,1,0.24681761717413836,0,0.14976129932636792,0,0
A048,server,stairs_15_down,303,25,terminated,1,0.29784956144139096,1,0.09499488448176366,0,0
A048,server,stairs_15_down,303,26,terminated,1,0.2782905519327378,1,0.11569315299268364,0,0
A048,server,stairs_15_down,303,27,height_only,1,0.258232132955031,0,0.10031238213452752,0,1
A048,server,stairs_15_down,303,28,height_only,1,0.2798261785889692,1,0.31205289432813593,0,1
A048,server,stairs_15_down,303,29,height_only,1,0.3178979193463045,1,0.11533658667652405,0,0
A048,server,stairs_15_down,303,30,height_only,1,0.26006892180060326,0,0.1405400291631612,0,1
A048,server,stairs_15_down,303,31,height_only,1,0.2686334491413545,0,0.35256919177515966,0,1
A048,server,combined_yaw_right,101,0,none,0,0.33305848441659447,,0.09017312441311125,0,0
A048,server,combined_yaw_right,101,1,none,0,0.3622675320522033,,0.08062106685159624,0,0
A048,server,combined_yaw_right,101,2,none,0,0.3323335465900401,,0.09749981981960186,0,0
A048,server,combined_yaw_right,101,3,none,0,0.3630342733732519,,0.0809678314811177,0,0
A048,server,combined_yaw_right,101,4,none,0,0.32086819537820666,,0.10623505698091164,0,0
A048,server,combined_yaw_right,101,5,none,0,0.3613375858030217,,0.08290691922256085,0,0
A048,server,combined_yaw_right,101,6,none,0,0.3533939588516154,,0.08337611672126624,0,0
A048,server,combined_yaw_right,101,7,none,0,0.3545047928464604,,0.07965307857595019,0,0
A048,server,combined_yaw_right,101,8,none,0,0.3469611620679896,,0.08491159730968861,0,0
A048,server,combined_yaw_right,101,9,none,0,0.3566732157201053,,0.08261248163528642,0,0
A048,server,combined_yaw_right,101,10,none,0,0.302010662335763,,0.11123111587613023,0,0
A048,server,combined_yaw_right,101,11,none,0,0.34033959506348493,,0.08252924047739853,0,0
A048,server,combined_yaw_right,101,12,none,0,0.3400059953571003,,0.09116831863355282,0,0
A048,server,combined_yaw_right,101,13,none,0,0.3495920550695715,,0.08609229319573793,0,0
A048,server,combined_yaw_right,101,14,none,0,0.3527563883659036,,0.08458650762866228,0,0
A048,server,combined_yaw_right,101,15,none,0,0.35805162500570165,,0.08263937998643935,0,0
A048,server,combined_yaw_right,101,16,none,0,0.3514502909094255,,0.08446516930901277,0,0
A048,server,combined_yaw_right,101,17,none,0,0.35662244260311127,,0.08689724174284283,0,0
A048,server,combined_yaw_right,101,18,none,0,0.3097489027575375,,0.10532858903825237,0,0
A048,server,combined_yaw_right,101,19,none,0,0.353911412989392,,0.08270529583593401,0,0
A048,server,combined_yaw_right,101,20,none,0,0.34252461862755335,,0.08369770999093878,0,0
A048,server,combined_yaw_right,101,21,none,0,0.3537485228184073,,0.08939597436820569,0,0
A048,server,combined_yaw_right,101,22,none,0,0.3159042387244536,,0.11150438676526535,0,0
A048,server,combined_yaw_right,101,23,none,0,0.34202898624427813,,0.08887699114883704,0,0
A048,server,combined_yaw_right,101,24,none,0,0.30664779468972414,,0.10939258155048166,0,0
A048,server,combined_yaw_right,101,25,none,0,0.32053794078329667,,0.10409430297181986,0,0
A048,server,combined_yaw_right,101,26,none,0,0.3278626825082748,,0.10319430224322855,0,0
A048,server,combined_yaw_right,101,27,none,0,0.32367202862698763,,0.10352540187343635,0,0
A048,server,combined_yaw_right,101,28,none,0,0.33875502167857263,,0.09700454919774945,0,0
A048,server,combined_yaw_right,101,29,none,0,0.3021285785710748,,0.10876604421092781,0,0
A048,server,combined_yaw_right,101,30,none,0,0.3622798483798848,,0.08558993921190296,0,0
A048,server,combined_yaw_right,101,31,none,0,0.33242361853148206,,0.08339842947621297,0,0
A048,server,combined_yaw_right,202,0,none,0,0.30379494737813817,,0.12227310837936854,0,0
A048,server,combined_yaw_right,202,1,none,0,0.327366711860672,,0.09288944839531342,0,0
A048,server,combined_yaw_right,202,2,none,0,0.3571898480628264,,0.0829797366686965,0,0
A048,server,combined_yaw_right,202,3,none,0,0.3611076649497537,,0.08365318450501473,0,0
A048,server,combined_yaw_right,202,4,none,0,0.35456036405767344,,0.08244803705598015,0,0
A048,server,combined_yaw_right,202,5,none,0,0.33412542548727864,,0.0939957633430585,0,0
A048,server,combined_yaw_right,202,6,none,0,0.32937372200948034,,0.10336686074414415,0,0
A048,server,combined_yaw_right,202,7,none,0,0.3482936368906562,,0.08459415278445757,0,0
A048,server,combined_yaw_right,202,8,none,0,0.31126951031825123,,0.11508956347746432,0,0
A048,server,combined_yaw_right,202,9,none,0,0.36403197966476175,,0.07845906371297613,0,0
A048,server,combined_yaw_right,202,10,none,0,0.35810914723312154,,0.08416829013765022,0,0
A048,server,combined_yaw_right,202,11,none,0,0.32672627947547217,,0.09588461453079261,0,0
A048,server,combined_yaw_right,202,12,none,0,0.31107453866438434,,0.11302415289280068,0,0
A048,server,combined_yaw_right,202,13,none,0,0.3421865530351904,,0.08470443546295121,0,0
A048,server,combined_yaw_right,202,14,none,0,0.32045760376249405,,0.11022990602342639,0,0
A048,server,combined_yaw_right,202,15,none,0,0.30770118797526635,,0.1053446091999984,0,0
A048,server,combined_yaw_right,202,16,none,0,0.36416801021379586,,0.08517014670567005,0,0
A048,server,combined_yaw_right,202,17,none,0,0.3317994658640999,,0.10018619677278558,0,0
A048,server,combined_yaw_right,202,18,none,0,0.34619444433380575,,0.09082262413529027,0,0
A048,server,combined_yaw_right,202,19,none,0,0.3690401380234224,,0.08584545609968293,0,0
A048,server,combined_yaw_right,202,20,none,0,0.31512098548246575,,0.11216263418696899,0,0
A048,server,combined_yaw_right,202,21,none,0,0.35048627526683607,,0.08724825613533331,0,0
A048,server,combined_yaw_right,202,22,none,0,0.3332176680233389,,0.0935674475464442,0,0
A048,server,combined_yaw_right,202,23,none,0,0.31705911983461943,,0.11016938196642996,0,0
A048,server,combined_yaw_right,202,24,none,0,0.35223357116474824,,0.08114961598231324,0,0
A048,server,combined_yaw_right,202,25,none,0,0.3180819070116084,,0.1176944559667872,0,0
A048,server,combined_yaw_right,202,26,none,0,0.36279410904741544,,0.08341697825792184,0,0
A048,server,combined_yaw_right,202,27,none,0,0.30793896221859574,,0.10884022742212172,0,0
A048,server,combined_yaw_right,202,28,none,0,0.3498362102769913,,0.08371968924539162,0,0
A048,server,combined_yaw_right,202,29,none,0,0.34421210206128694,,0.0839005582751088,0,0
A048,server,combined_yaw_right,202,30,none,0,0.3210812151272667,,0.10599184183490755,0,0
A048,server,combined_yaw_right,202,31,none,0,0.306263345209035,,0.11640197667551298,0,0
A048,server,combined_yaw_right,303,0,none,0,0.3590396158994838,,0.07909711232507165,0,0
A048,server,combined_yaw_right,303,1,none,0,0.32973697885153763,,0.0939466053093603,0,0
A048,server,combined_yaw_right,303,2,none,0,0.3535097356148582,,0.08241921713089531,0,0
A048,server,combined_yaw_right,303,3,none,0,0.35342034769249475,,0.08119306371226383,0,0
A048,server,combined_yaw_right,303,4,none,0,0.3614887458117888,,0.08357680384784294,0,0
A048,server,combined_yaw_right,303,5,none,0,0.35498027128969284,,0.08467478030672784,0,0
A048,server,combined_yaw_right,303,6,none,0,0.35440488334964304,,0.07895390193821115,0,0
A048,server,combined_yaw_right,303,7,none,0,0.3455713565814941,,0.0858830798440936,0,0
A048,server,combined_yaw_right,303,8,none,0,0.34327516453788876,,0.08313615537962703,0,0
A048,server,combined_yaw_right,303,9,none,0,0.35286532055566655,,0.08426640435296932,0,0
A048,server,combined_yaw_right,303,10,none,0,0.3419738362498462,,0.07987389598010892,0,0
A048,server,combined_yaw_right,303,11,none,0,0.34412693236282166,,0.08862657861232466,0,0
A048,server,combined_yaw_right,303,12,none,0,0.3522208861329339,,0.09063700762331475,0,0
A048,server,combined_yaw_right,303,13,none,0,0.34855264417309173,,0.08197027780070823,0,0
A048,server,combined_yaw_right,303,14,none,0,0.3098846068356764,,0.11280450540371718,0,0
A048,server,combined_yaw_right,303,15,none,0,0.35941493503231414,,0.08566821167871787,0,0
A048,server,combined_yaw_right,303,16,none,0,0.3412956343615119,,0.0947777804282302,0,0
A048,server,combined_yaw_right,303,17,none,0,0.3374715445832135,,0.09835995407002185,0,0
A048,server,combined_yaw_right,303,18,none,0,0.32720291455161765,,0.0983011813324153,0,0
A048,server,combined_yaw_right,303,19,none,0,0.30892942112716126,,0.1115487715409863,0,0
A048,server,combined_yaw_right,303,20,none,0,0.3064235384292143,,0.11756829609639173,0,0
A048,server,combined_yaw_right,303,21,none,0,0.34134629982359266,,0.08073893805641465,0,0
A048,server,combined_yaw_right,303,22,none,0,0.36108376739178116,,0.08510483324792077,0,0
A048,server,combined_yaw_right,303,23,none,0,0.344980737582885,,0.0888054811131085,0,0
A048,server,combined_yaw_right,303,24,none,0,0.35046135733790573,,0.08507749316208668,0,0
A048,server,combined_yaw_right,303,25,none,0,0.3451057454959594,,0.08324213114132323,0,0
A048,server,combined_yaw_right,303,26,none,0,0.33633873679421167,,0.08753919631612866,0,0
A048,server,combined_yaw_right,303,27,none,0,0.33195429402876664,,0.09139906160231845,0,0
A048,server,combined_yaw_right,303,28,none,0,0.36391446775293607,,0.08575011543618134,0,0
A048,server,combined_yaw_right,303,29,none,0,0.3528865346296586,,0.07595319320741722,0,0
A048,server,combined_yaw_right,303,30,none,0,0.32785975407151613,,0.09353857360725794,0,0
A048,server,combined_yaw_right,303,31,none,0,0.319113515197912,,0.1078615258738883,0,0
A049,server,rough_lateral,101,0,none,0,0.3362058093522322,,0.140983789589684,0,0
A049,server,rough_lateral,101,1,none,0,0.3505114371126348,,0.26888268379983454,0,0
A049,server,rough_lateral,101,2,none,0,0.35493149325490636,,0.16444085468194009,0,0
A049,server,rough_lateral,101,3,terminated,1,0.3662942658293056,,0.2889065810027826,0,0
A049,server,rough_lateral,101,4,tilt_or_both,1,0.3434032786657466,,0.21339253023042662,1,1
A049,server,rough_lateral,101,5,none,0,0.34736037174648143,,0.22723344089372347,0,0
A049,server,rough_lateral,101,6,tilt_or_both,1,0.3700170253209252,,0.23194928280951607,1,0
A049,server,rough_lateral,101,7,none,0,0.3465787896657373,,0.22365436244825682,0,0
A049,server,rough_lateral,101,8,none,0,0.3668914639694806,,0.20325481626537178,0,0
A049,server,rough_lateral,101,9,tilt_or_both,1,0.3612190915301522,,0.17634740842465116,1,0
A049,server,rough_lateral,101,10,tilt_or_both,1,,,,1,0
A049,server,rough_lateral,101,11,none,0,0.36042746248092244,,0.2531777656536456,0,0
A049,server,rough_lateral,101,12,none,0,0.31828831184037865,,0.2598176887058693,0,0
A049,server,rough_lateral,101,13,terminated,1,0.3676023786877566,,0.1784423908542538,0,0
A049,server,rough_lateral,101,14,terminated,1,,,0.29102683850990574,0,0
A049,server,rough_lateral,101,15,none,0,0.3702453813132118,,0.1746915093426556,0,0
A049,server,rough_lateral,101,16,none,0,0.35242472533236213,,0.15591881786543063,0,0
A049,server,rough_lateral,101,17,none,0,0.35396094691944635,,0.280005796077932,0,0
A049,server,rough_lateral,101,18,terminated,1,0.334755972107464,,0.16669899508615446,0,0
A049,server,rough_lateral,101,19,none,0,0.3490899196442436,,0.1708267604741406,0,0
A049,server,rough_lateral,101,20,none,0,0.37268992517402466,,0.23120921338605574,0,0
A049,server,rough_lateral,101,21,terminated,1,0.35696686182748827,,0.15994242886393953,0,0
A049,server,rough_lateral,101,22,none,0,0.3175268429804613,,0.14499099277442326,0,0
A049,server,rough_lateral,101,23,terminated,1,0.35515138004871616,,0.2771984507635817,1,0
A049,server,rough_lateral,101,24,tilt_or_both,1,0.3340830771840192,,0.18841822854092333,1,0
A049,server,rough_lateral,101,25,terminated,1,0.2954635040804664,,0.27894453575128353,1,0
A049,server,rough_lateral,101,26,terminated,1,0.3403446568365403,,0.18686663790657843,1,0
A049,server,rough_lateral,101,27,terminated,1,,,0.5021762464269602,0,0
A049,server,rough_lateral,101,28,none,0,0.3462133580509992,,0.18397555083527667,0,0
A049,server,rough_lateral,101,29,none,0,0.32666100537713194,,0.16372576491980428,0,0
A049,server,rough_lateral,101,30,none,0,0.35833391108933615,,0.19704239122407932,0,0
A049,server,rough_lateral,101,31,none,0,0.3481214531762077,,0.19944829235515696,0,0
A049,server,rough_lateral,202,0,terminated,1,0.33268040179568814,,0.18408746847849863,0,0
A049,server,rough_lateral,202,1,none,0,0.33757483353589307,,0.20951789212963118,0,0
A049,server,rough_lateral,202,2,none,0,0.35528240149671386,,0.2424176059175125,0,0
A049,server,rough_lateral,202,3,terminated,1,0.37365303806123884,,0.18897123723975123,0,0
A049,server,rough_lateral,202,4,terminated,1,0.3581329921987605,,0.19755192603118163,0,0
A049,server,rough_lateral,202,5,terminated,1,0.3457594232603828,,0.24579495121263453,0,0
A049,server,rough_lateral,202,6,terminated,1,0.3041224129856589,,0.22972674211858776,0,0
A049,server,rough_lateral,202,7,none,0,0.3624926976819727,,0.24061227672589497,0,0
A049,server,rough_lateral,202,8,terminated,1,,,0.46652293914836,0,0
A049,server,rough_lateral,202,9,terminated,1,0.27789158537426095,,0.18137538221291843,0,0
A049,server,rough_lateral,202,10,terminated,1,0.3671751534715693,,0.2275786653235863,0,0
A049,server,rough_lateral,202,11,none,0,0.35425364716167757,,0.2160430939404523,0,0
A049,server,rough_lateral,202,12,none,0,0.33995895039907753,,0.21007712645670418,0,0
A049,server,rough_lateral,202,13,none,0,0.3712684688242999,,0.2561081488469576,0,0
A049,server,rough_lateral,202,14,terminated,1,0.34188460291706946,,0.22980556686683412,0,0
A049,server,rough_lateral,202,15,terminated,1,0.2785504065095422,,0.22454078750179127,1,0
A049,server,rough_lateral,202,16,none,0,0.37519081693919587,,0.17637615238479867,0,0
A049,server,rough_lateral,202,17,terminated,1,0.34637744158984507,,0.18616614969960302,1,0
A049,server,rough_lateral,202,18,terminated,1,0.34626951064655487,,0.2405041541191046,0,0
A049,server,rough_lateral,202,19,none,0,0.32847331265077234,,0.16955764030270687,0,0
A049,server,rough_lateral,202,20,terminated,1,0.30051391312782777,,0.24459827456214372,0,0
A049,server,rough_lateral,202,21,terminated,1,0.3593226222590329,,0.1622633396240539,1,0
A049,server,rough_lateral,202,22,none,0,0.35358608127596547,,0.24006241785763402,0,0
A049,server,rough_lateral,202,23,none,0,0.29898146695312966,,0.22859369324800602,0,0
A049,server,rough_lateral,202,24,none,0,0.36923664736556494,,0.17187889863598307,0,0
A049,server,rough_lateral,202,25,terminated,1,0.3351637685203297,,0.2568163118351935,1,1
A049,server,rough_lateral,202,26,tilt_or_both,1,0.35763946621813236,,0.16411049807119807,1,0
A049,server,rough_lateral,202,27,tilt_or_both,1,0.2837936565837758,,0.1704980762727295,1,1
A049,server,rough_lateral,202,28,none,0,0.3212240167798843,,0.2996109973328279,0,0
A049,server,rough_lateral,202,29,none,0,0.3439607371620953,,0.20841959808285268,0,0
A049,server,rough_lateral,202,30,terminated,1,,,0.5333699337619634,1,0
A049,server,rough_lateral,202,31,terminated,1,0.2813703042459998,,0.30114710558963453,0,0
A049,server,rough_lateral,303,0,none,0,0.3512860672040419,,0.20818051932446935,0,0
A049,server,rough_lateral,303,1,none,0,0.354444373737682,,0.27229140669856144,0,0
A049,server,rough_lateral,303,2,none,0,0.36263203357948975,,0.2443158824002815,0,0
A049,server,rough_lateral,303,3,terminated,1,,,0.36733086105637053,1,0
A049,server,rough_lateral,303,4,none,0,0.35677270232674907,,0.16524652826699418,0,0
A049,server,rough_lateral,303,5,none,0,0.3395102060733632,,0.18597963585844476,0,0
A049,server,rough_lateral,303,6,terminated,1,0.35971257162285364,,0.1721689188716845,0,0
A049,server,rough_lateral,303,7,terminated,1,0.3488289187936222,,0.19566021477231066,0,0
A049,server,rough_lateral,303,8,none,0,0.34093361041125125,,0.2784597108532216,0,0
A049,server,rough_lateral,303,9,none,0,0.36134617699977545,,0.15210031199967824,0,0
A049,server,rough_lateral,303,10,terminated,1,0.3672101173330756,,0.17471977072162556,0,0
A049,server,rough_lateral,303,11,tilt_or_both,1,0.34812655766061285,,0.24979575202252355,1,1
A049,server,rough_lateral,303,12,none,0,0.34982404511242626,,0.1567012074496242,0,0
A049,server,rough_lateral,303,13,none,0,0.3534938452396801,,0.21501594965594095,0,0
A049,server,rough_lateral,303,14,none,0,0.3430733437684768,,0.29748604680598156,0,0
A049,server,rough_lateral,303,15,tilt_or_both,1,0.3450188332381733,,0.19424738884220302,1,0
A049,server,rough_lateral,303,16,none,0,0.34942770729409184,,0.20422455042431512,0,0
A049,server,rough_lateral,303,17,none,0,0.3271152644074537,,0.29712241108970106,0,0
A049,server,rough_lateral,303,18,tilt_or_both,1,0.3469945225008031,,0.18215217300517123,1,0
A049,server,rough_lateral,303,19,tilt_or_both,1,0.25552951620224323,,0.29240398779004534,1,1
A049,server,rough_lateral,303,20,none,0,0.28353028166740335,,0.294162443797507,0,0
A049,server,rough_lateral,303,21,none,0,0.3515007250449237,,0.20623880909813053,0,0
A049,server,rough_lateral,303,22,none,0,0.3406654622624902,,0.22408847290196246,0,0
A049,server,rough_lateral,303,23,tilt_or_both,1,0.3622422975333617,,0.2755672615184331,1,1
A049,server,rough_lateral,303,24,none,0,0.3575451994802863,,0.14725421208435652,0,0
A049,server,rough_lateral,303,25,none,0,0.28919254482429935,,0.22134649013069163,0,0
A049,server,rough_lateral,303,26,terminated,1,0.3429230630875909,,0.21053891281614237,1,1
A049,server,rough_lateral,303,27,none,0,0.2946970485907825,,0.19335161508795246,0,0
A049,server,rough_lateral,303,28,terminated,1,0.29883833157824957,,0.28055951024352294,1,0
A049,server,rough_lateral,303,29,tilt_or_both,1,0.3609997584698672,,0.23573520185291943,1,1
A049,server,rough_lateral,303,30,tilt_or_both,1,0.337977437730779,,0.18024392875921186,1,1
A049,server,rough_lateral,303,31,none,0,0.3521082013207961,,0.27094325503729605,0,0
A049,server,rough_forward,101,0,none,0,0.3112473053568825,,0.08452831253202021,0,0
A049,server,rough_forward,101,1,none,0,0.34883240223887135,,0.0892135305168535,0,0
A049,server,rough_forward,101,2,tilt_or_both,1,0.3244523109599231,,0.5095183100522943,1,0
A049,server,rough_forward,101,3,none,0,0.3558165706733969,,0.08628493514487613,0,0
A049,server,rough_forward,101,4,none,0,0.32465476164205825,,0.07270146367704956,0,0
A049,server,rough_forward,101,5,none,0,0.3480537135333301,,0.08886929773370082,0,0
A049,server,rough_forward,101,6,none,0,0.3634763787136996,,0.07944991936127364,0,0
A049,server,rough_forward,101,7,none,0,0.3510532976790546,,0.08736392800147398,0,0
A049,server,rough_forward,101,8,none,0,0.3136107857055205,,0.48649500824140357,0,0
A049,server,rough_forward,101,9,none,0,0.3597940993022154,,0.12047892980885375,0,0
A049,server,rough_forward,101,10,none,0,0.34634920213630493,,0.09989715411289847,0,0
A049,server,rough_forward,101,11,none,0,0.36220069317256703,,0.10992706845299387,0,0
A049,server,rough_forward,101,12,none,0,0.35810568538260334,,0.10177742162671287,0,0
A049,server,rough_forward,101,13,none,0,0.3614668449297308,,0.4021950451959668,0,0
A049,server,rough_forward,101,14,none,0,0.33244203070905753,,0.15784444895349226,0,0
A049,server,rough_forward,101,15,none,0,0.3509128630001915,,0.15015896051538824,0,0
A049,server,rough_forward,101,16,none,0,0.3436812752867765,,0.10422810943141743,0,0
A049,server,rough_forward,101,17,none,0,0.36095938206037737,,0.1974618774987279,0,0
A049,server,rough_forward,101,18,none,0,0.3350539349298426,,0.2544912838784849,0,0
A049,server,rough_forward,101,19,none,0,0.37121010727104653,,0.08373044897810833,0,0
A049,server,rough_forward,101,20,none,0,0.3488593931822853,,0.08406713863685132,0,0
A049,server,rough_forward,101,21,none,0,0.372246646307369,,0.08519325297732613,0,0
A049,server,rough_forward,101,22,none,0,0.34469804096030676,,0.07568303584076713,0,0
A049,server,rough_forward,101,23,none,0,0.35556957428468106,,0.0793245012886715,0,0
A049,server,rough_forward,101,24,none,0,0.348871043659149,,0.08556816357143587,0,0
A049,server,rough_forward,101,25,none,0,0.33603231361843044,,0.07339060348848367,0,0
A049,server,rough_forward,101,26,none,0,0.3361393823661906,,0.08329878405520304,0,0
A049,server,rough_forward,101,27,none,0,0.3322563039905885,,0.08870738876296472,0,0
A049,server,rough_forward,101,28,none,0,0.35520420705570893,,0.0879156818172487,0,0
A049,server,rough_forward,101,29,none,0,0.33165962229119267,,0.08937201435794413,0,0
A049,server,rough_forward,101,30,none,0,0.35541539834463665,,0.1251682321183091,0,0
A049,server,rough_forward,101,31,none,0,0.3450222589115408,,0.0743101395533443,0,0
A049,server,rough_forward,202,0,none,0,0.32562870329076593,,0.1156352560511019,0,0
A049,server,rough_forward,202,1,none,0,0.34835680920809986,,0.07729717265775848,0,0
A049,server,rough_forward,202,2,none,0,0.3667806114423721,,0.08353049079824605,0,0
A049,server,rough_forward,202,3,none,0,0.3626679551792655,,0.10134440754977268,0,0
A049,server,rough_forward,202,4,none,0,0.3610564341200865,,0.09365978646679919,0,0
A049,server,rough_forward,202,5,none,0,0.3604286922649904,,0.22517588803349137,0,0
A049,server,rough_forward,202,6,none,0,0.34399777889889194,,0.07542084232371332,0,0
A049,server,rough_forward,202,7,none,0,0.36183263178177694,,0.15358493898793804,0,0
A049,server,rough_forward,202,8,height_only,1,0.324017540417253,,0.14735736542005587,0,1
A049,server,rough_forward,202,9,none,0,0.3569503206620242,,0.10435949303783898,0,0
A049,server,rough_forward,202,10,none,0,0.35346112810672925,,0.10107651517320883,0,0
A049,server,rough_forward,202,11,none,0,0.34944920361360765,,0.07471745554376087,0,0
A049,server,rough_forward,202,12,none,0,0.3396295831802695,,0.0773981057659579,0,0
A049,server,rough_forward,202,13,none,0,0.351685180144514,,0.10080273444629619,0,0
A049,server,rough_forward,202,14,none,0,0.3524925761363086,,0.09031402699270223,0,0
A049,server,rough_forward,202,15,none,0,,,0.2041358130905711,0,0
A049,server,rough_forward,202,16,none,0,0.35510984222519204,,0.08354490061688026,0,0
A049,server,rough_forward,202,17,none,0,0.3379174733863157,,0.09828200725335785,0,0
A049,server,rough_forward,202,18,none,0,0.3507005966761533,,0.09726859591888193,0,0
A049,server,rough_forward,202,19,none,0,0.35315182247263865,,0.09968800414055119,0,0
A049,server,rough_forward,202,20,none,0,0.34661228357151863,,0.08105967255613901,0,0
A049,server,rough_forward,202,21,none,0,0.34021998320352587,,0.13270323677756038,0,0
A049,server,rough_forward,202,22,none,0,0.32340671265507764,,0.08438611784896707,0,0
A049,server,rough_forward,202,23,none,0,0.34402473223081886,,0.08240221586076708,0,0
A049,server,rough_forward,202,24,none,0,0.3315918315700031,,0.10334259340140454,0,0
A049,server,rough_forward,202,25,none,0,0.35213750090828555,,0.07900364360891546,0,0
A049,server,rough_forward,202,26,none,0,0.3729370773476075,,0.08388293343606792,0,0
A049,server,rough_forward,202,27,none,0,0.3001573794984562,,0.10826135871212364,0,0
A049,server,rough_forward,202,28,none,0,0.33776139208977235,,0.09891233633316927,0,0
A049,server,rough_forward,202,29,none,0,0.3410783459477246,,0.09582310059911125,0,0
A049,server,rough_forward,202,30,none,0,0.3402127429125781,,0.10246809873892115,0,0
A049,server,rough_forward,202,31,none,0,0.338799082181033,,0.07753586845831426,0,0
A049,server,rough_forward,303,0,none,0,0.3565353953583355,,0.0943910978636503,0,0
A049,server,rough_forward,303,1,none,0,0.32769065465837877,,0.09289230387922266,0,0
A049,server,rough_forward,303,2,none,0,0.3521045572298733,,0.0768365659859374,0,0
A049,server,rough_forward,303,3,none,0,0.3469720464498601,,0.08679540295520709,0,0
A049,server,rough_forward,303,4,none,0,0.3477678681439894,,0.10568390840145718,0,0
A049,server,rough_forward,303,5,none,0,0.32471151219651023,,0.09710029526961894,0,0
A049,server,rough_forward,303,6,none,0,0.3235659965059974,,0.12057375100021232,0,0
A049,server,rough_forward,303,7,none,0,0.33512098903961995,,0.0926463001149311,0,0
A049,server,rough_forward,303,8,none,0,0.3566176512024619,,0.11230488920239724,0,0
A049,server,rough_forward,303,9,none,0,0.355803374300666,,0.3250390648355921,0,0
A049,server,rough_forward,303,10,none,0,0.3336606496636243,,0.08064325505257759,0,0
A049,server,rough_forward,303,11,none,0,0.33474680542308377,,0.09967308498317413,0,0
A049,server,rough_forward,303,12,none,0,0.3358980433985511,,0.11519596730931933,0,0
A049,server,rough_forward,303,13,none,0,0.363127032065774,,0.08698433097587138,0,0
A049,server,rough_forward,303,14,none,0,0.3331902827967934,,0.07425167339869278,0,0
A049,server,rough_forward,303,15,none,0,0.3264032839772536,,0.13049770799652533,0,0
A049,server,rough_forward,303,16,none,0,,,0.10753039086308766,0,0
A049,server,rough_forward,303,17,none,0,0.3479831033052608,,0.0820838048239648,0,0
A049,server,rough_forward,303,18,none,0,0.33500622029610494,,0.08083652762263417,0,0
A049,server,rough_forward,303,19,none,0,0.3253058207066939,,0.08066336870098549,0,0
A049,server,rough_forward,303,20,none,0,0.33289532267792343,,0.09433433147858962,0,0
A049,server,rough_forward,303,21,none,0,0.3375183450665703,,0.08216699515957364,0,0
A049,server,rough_forward,303,22,none,0,0.3564976640244856,,0.08755716604739584,0,0
A049,server,rough_forward,303,23,none,0,0.3275525061523213,,0.07652885324958635,0,0
A049,server,rough_forward,303,24,none,0,0.3677445407060378,,0.08263701547208702,0,0
A049,server,rough_forward,303,25,none,0,0.3581627428850388,,0.07348696126554123,0,0
A049,server,rough_forward,303,26,none,0,0.3492248132426471,,0.09930956300737206,0,0
A049,server,rough_forward,303,27,none,0,0.3329910671806591,,0.39128361816049706,0,0
A049,server,rough_forward,303,28,none,0,0.3555490856661516,,0.09509322146909237,0,0
A049,server,rough_forward,303,29,none,0,0.325141813267361,,0.09957095843066681,0,0
A049,server,rough_forward,303,30,none,0,0.3502644140293254,,0.07847651945518591,0,0
A049,server,rough_forward,303,31,none,0,0.3457039879126982,,0.0741580836204923,0,0
A049,server,stairs_10_down,101,0,none,0,0.3144069231927076,1,0.1413287308751217,0,0
A049,server,stairs_10_down,101,1,height_only,1,0.29525545948648196,0,0.39550146431478805,0,1
A049,server,stairs_10_down,101,2,height_only,1,0.33503441217748875,0,0.22624227969390148,0,1
A049,server,stairs_10_down,101,3,none,0,0.3005843271307129,1,0.5087242199220994,0,0
A049,server,stairs_10_down,101,4,terminated,1,0.3401211527260867,0,0.2401433749963549,0,0
A049,server,stairs_10_down,101,5,height_only,1,0.3513803458150058,0,0.27788472700884354,0,1
A049,server,stairs_10_down,101,6,none,0,0.3712058182068687,1,0.4360489012664857,0,0
A049,server,stairs_10_down,101,7,none,0,0.3652037293675111,1,0.1332770375439336,0,0
A049,server,stairs_10_down,101,8,none,0,0.3470349236924381,1,0.4782463254497355,0,0
A049,server,stairs_10_down,101,9,none,0,0.35991455128486144,0,0.49853092297084256,0,0
A049,server,stairs_10_down,101,10,none,0,0.3528130933403331,1,0.4325258468175896,0,0
A049,server,stairs_10_down,101,11,height_only,1,0.2947366509367438,0,0.06647545691624324,0,1
A049,server,stairs_10_down,101,12,none,0,0.3303193588626576,1,0.19182283931440067,0,0
A049,server,stairs_10_down,101,13,height_only,1,0.3219268843133182,0,0.0849881765087921,0,0
A049,server,stairs_10_down,101,14,height_only,1,0.2867959986396014,0,0.4135404011331942,0,1
A049,server,stairs_10_down,101,15,height_only,1,0.36243722010105056,0,0.06860158346182162,0,0
A049,server,stairs_10_down,101,16,height_only,1,0.34507580962091844,0,0.261067880721736,0,0
A049,server,stairs_10_down,101,17,height_only,1,0.30658355530570536,0,0.4454074856411774,0,0
A049,server,stairs_10_down,101,18,height_only,1,0.31469167282874566,1,0.42735029699739907,0,0
A049,server,stairs_10_down,101,19,height_only,1,0.3401377739753315,0,0.15170244614843245,0,1
A049,server,stairs_10_down,101,20,height_only,1,0.36294435060279256,0,0.16063935311176253,0,0
A049,server,stairs_10_down,101,21,none,0,0.33204061095727316,1,0.4724623830650215,0,0
A049,server,stairs_10_down,101,22,none,0,0.3355193256056882,1,0.20694927983454325,0,0
A049,server,stairs_10_down,101,23,none,0,0.289732522744546,1,0.45002735747483924,0,0
A049,server,stairs_10_down,101,24,none,0,0.2700915986841375,1,0.14642363929313293,0,0
A049,server,stairs_10_down,101,25,none,0,0.35274307310262465,1,0.31494358400204797,0,0
A049,server,stairs_10_down,101,26,none,0,0.3353865934725114,1,0.41144572752751934,0,0
A049,server,stairs_10_down,101,27,none,0,0.2855892328814389,1,0.1336683096353337,0,0
A049,server,stairs_10_down,101,28,none,0,0.27949790242202777,1,0.4805988732037212,0,0
A049,server,stairs_10_down,101,29,none,0,0.3142088114577819,1,0.1638744375855407,0,0
A049,server,stairs_10_down,101,30,height_only,1,0.35987528377675754,0,0.2103442164608865,0,1
A049,server,stairs_10_down,101,31,terminated,1,0.32581872369516346,0,0.4094131312539953,0,0
A049,server,stairs_10_down,202,0,height_only,1,0.24901275408459222,0,0.4298669243047858,0,0
A049,server,stairs_10_down,202,1,none,0,0.28854281949327587,0,0.5287563755168948,0,0
A049,server,stairs_10_down,202,2,height_only,1,0.3629354369990966,0,0.14968016321191874,0,0
A049,server,stairs_10_down,202,3,height_only,1,0.3075471523611303,0,0.23371698690887985,0,0
A049,server,stairs_10_down,202,4,none,0,0.3664074227771657,1,0.49308466141648793,0,0
A049,server,stairs_10_down,202,5,none,0,0.29249120993728944,1,0.10594159395238614,0,0
A049,server,stairs_10_down,202,6,none,0,0.29493023805758534,1,0.22122519068786592,0,0
A049,server,stairs_10_down,202,7,none,0,0.27922371436249127,1,0.4466487712364288,0,0
A049,server,stairs_10_down,202,8,none,0,0.3157030245996414,1,0.19644738169167053,0,0
A049,server,stairs_10_down,202,9,none,0,0.3094853688688839,0,0.5170438957038697,0,0
A049,server,stairs_10_down,202,10,height_only,1,0.3616115532934984,0,0.15386091098828428,0,1
A049,server,stairs_10_down,202,11,none,0,0.3533260588021202,1,0.4227684864968994,0,0
A049,server,stairs_10_down,202,12,none,0,0.3309338023477697,1,0.1625752371256272,0,0
A049,server,stairs_10_down,202,13,none,0,0.35526354977472585,1,0.11296271039274132,0,0
A049,server,stairs_10_down,202,14,none,0,0.33670391006903216,1,0.27381478583388424,0,0
A049,server,stairs_10_down,202,15,none,0,0.35063983723122805,1,0.2504068732266749,0,0
A049,server,stairs_10_down,202,16,none,0,0.31845713968582967,0,0.5141829512360268,0,0
A049,server,stairs_10_down,202,17,none,0,0.32413277635599835,1,0.4318544834914292,0,0
A049,server,stairs_10_down,202,18,none,0,0.33379892343505824,1,0.2722217352416516,0,0
A049,server,stairs_10_down,202,19,height_only,1,0.3173793023601573,0,0.19292695266965817,0,0
A049,server,stairs_10_down,202,20,none,0,0.3490391774451669,1,0.1374129641319864,0,0
A049,server,stairs_10_down,202,21,none,0,0.3587131354419943,0,0.46671941409801165,0,0
A049,server,stairs_10_down,202,22,none,0,0.2861559930491575,1,0.48831279672197936,0,0
A049,server,stairs_10_down,202,23,none,0,0.33203045872443504,1,0.13985033880721257,0,0
A049,server,stairs_10_down,202,24,none,0,0.313040332998184,1,0.10733246987680055,0,0
A049,server,stairs_10_down,202,25,height_only,1,0.26218631967185013,0,0.12614014691952002,0,1
A049,server,stairs_10_down,202,26,height_only,1,0.3296768840621499,1,0.1969878996803007,0,1
A049,server,stairs_10_down,202,27,none,0,0.3502866987557335,1,0.1287658762865118,0,0
A049,server,stairs_10_down,202,28,none,0,0.35690345882094476,0,0.512195207563597,0,0
A049,server,stairs_10_down,202,29,none,0,0.29617775634010846,1,0.5111094904968065,0,0
A049,server,stairs_10_down,202,30,none,0,0.32517070327213105,1,0.40667489950865277,0,0
A049,server,stairs_10_down,202,31,height_only,1,0.3210697903990108,0,0.16104382250040833,0,1
A049,server,stairs_10_down,303,0,none,0,0.34179430355362717,1,0.1828397526593832,0,0
A049,server,stairs_10_down,303,1,none,0,0.33597279901810506,1,0.10555581511446849,0,0
A049,server,stairs_10_down,303,2,none,0,0.3078087625656536,0,0.5113767264300783,0,0
A049,server,stairs_10_down,303,3,none,0,0.36109528718466427,0,0.48709847755131125,0,0
A049,server,stairs_10_down,303,4,none,0,0.3138454303862577,1,0.2608737683225118,0,0
A049,server,stairs_10_down,303,5,none,0,0.32479304123052305,1,0.12037204659417691,0,0
A049,server,stairs_10_down,303,6,none,0,0.3315821871719259,0,0.4876512421566532,0,0
A049,server,stairs_10_down,303,7,none,0,0.3587519791833857,1,0.45703533797070334,0,0
A049,server,stairs_10_down,303,8,none,0,0.3068869706781153,1,0.42142464912299604,0,0
A049,server,stairs_10_down,303,9,none,0,0.33136701655579126,1,0.1468979995361355,0,0
A049,server,stairs_10_down,303,10,height_only,1,0.27977800193954916,1,0.17847678939991898,0,1
A049,server,stairs_10_down,303,11,height_only,1,0.2724211768989257,0,0.20552806239439375,0,1
A049,server,stairs_10_down,303,12,height_only,1,0.3457173115429394,0,0.16218599750103527,0,1
A049,server,stairs_10_down,303,13,none,0,0.3414179862820529,1,0.41975010470390606,0,0
A049,server,stairs_10_down,303,14,none,0,0.34272799071143656,1,0.23493840091729198,0,0
A049,server,stairs_10_down,303,15,none,0,0.3128214564552919,0,0.49781728317983814,0,0
A049,server,stairs_10_down,303,16,none,0,0.2824309974271346,1,0.38236534364936453,0,0
A049,server,stairs_10_down,303,17,height_only,1,0.3627584233162875,1,0.21921163668916888,0,1
A049,server,stairs_10_down,303,18,none,0,0.2952001483284216,1,0.5156634491214094,0,0
A049,server,stairs_10_down,303,19,none,0,0.3304709039110551,1,0.18694340286246555,0,0
A049,server,stairs_10_down,303,20,height_only,1,0.25822519761993284,1,0.3126686535749013,0,0
A049,server,stairs_10_down,303,21,none,0,0.3600321528427104,1,0.0980806671522395,0,0
A049,server,stairs_10_down,303,22,none,0,0.34167086313115086,1,0.16163370951838965,0,0
A049,server,stairs_10_down,303,23,height_only,1,0.3455271662715922,0,0.13537572612877383,0,1
A049,server,stairs_10_down,303,24,none,0,0.2864448759645064,1,0.4098107535930998,0,0
A049,server,stairs_10_down,303,25,height_only,1,0.3536855260477984,1,0.19994969797217563,0,1
A049,server,stairs_10_down,303,26,none,0,0.32907662082483424,1,0.4664032879651318,0,0
A049,server,stairs_10_down,303,27,height_only,1,0.28743322026283347,0,0.20357874015959493,0,0
A049,server,stairs_10_down,303,28,height_only,1,0.31333217088551446,1,0.4488023055734641,0,0
A049,server,stairs_10_down,303,29,none,0,0.3652383194250219,1,0.4052391007261876,0,0
A049,server,stairs_10_down,303,30,none,0,0.32095503225364785,1,0.40657008243180615,0,0
A049,server,stairs_10_down,303,31,none,0,0.3188931859113316,1,0.44456106269432616,0,0
A049,server,stairs_15_down,101,0,height_only,1,0.31154895211286093,0,0.12010535081133514,0,1
A049,server,stairs_15_down,101,1,height_only,1,0.24488111485771957,0,0.14311660608747373,0,0
A049,server,stairs_15_down,101,2,height_only,1,0.32145864727662843,0,0.06900232890702314,0,0
A049,server,stairs_15_down,101,3,height_only,1,0.28626762816612733,0,0.07631762314130065,0,1
A049,server,stairs_15_down,101,4,height_only,1,0.3322514225454891,0,0.07617375644365812,0,0
A049,server,stairs_15_down,101,5,height_only,1,0.33612816633387677,0,0.06805129144138888,0,1
A049,server,stairs_15_down,101,6,height_only,1,0.36938495304495256,0,0.164574194013366,0,1
A049,server,stairs_15_down,101,7,height_only,1,0.36355773331647256,0,0.06980633400910544,0,1
A049,server,stairs_15_down,101,8,height_only,1,0.33829748056789133,0,0.06745182574308158,0,1
A049,server,stairs_15_down,101,9,height_only,1,0.35240234410699045,0,0.06505409869734186,0,1
A049,server,stairs_15_down,101,10,height_only,1,0.35075704601996727,0,0.08594992503960142,0,1
A049,server,stairs_15_down,101,11,terminated,1,0.27878694515177277,0,0.35431775846248387,0,0
A049,server,stairs_15_down,101,12,terminated,1,0.3147656158967451,0,0.07642701404163094,0,1
A049,server,stairs_15_down,101,13,height_only,1,0.3074983111358582,0,0.06646265112014797,0,1
A049,server,stairs_15_down,101,14,height_only,1,0.2910206397586965,0,0.17648659621438256,0,0
A049,server,stairs_15_down,101,15,height_only,1,0.3587080197219542,0,0.06291485043659767,0,1
A049,server,stairs_15_down,101,16,height_only,1,0.3312264258530051,0,0.12333286528370466,0,1
A049,server,stairs_15_down,101,17,height_only,1,0.30056301588043177,0,0.05847714350635842,0,0
A049,server,stairs_15_down,101,18,height_only,1,0.2825319127921752,0,0.09719143778125194,0,0
A049,server,stairs_15_down,101,19,height_only,1,0.3251683466574725,0,0.1853639331558022,0,1
A049,server,stairs_15_down,101,20,height_only,1,0.3607995736407724,0,0.06356520450282133,0,0
A049,server,stairs_15_down,101,21,height_only,1,0.3275217909545185,0,0.05973811799754166,0,1
A049,server,stairs_15_down,101,22,height_only,1,0.31945274602920615,0,0.16172464922981625,0,0
A049,server,stairs_15_down,101,23,height_only,1,0.2835495157994051,0,0.059250753973892484,0,1
A049,server,stairs_15_down,101,24,terminated,1,0.25420485460821957,0,0.07617021151822295,0,1
A049,server,stairs_15_down,101,25,terminated,1,0.3524327478944299,0,0.054693703111296614,0,1
A049,server,stairs_15_down,101,26,height_only,1,0.3274842306254382,0,0.06573714277989309,0,1
A049,server,stairs_15_down,101,27,height_only,1,0.24779033039342913,0,0.13273314076542791,0,1
A049,server,stairs_15_down,101,28,height_only,1,0.2860604030563232,0,0.08534196633312627,0,0
A049,server,stairs_15_down,101,29,height_only,1,0.2917475556944781,0,0.0721321209709753,0,1
A049,server,stairs_15_down,101,30,height_only,1,0.35307277715142393,0,0.19571366461764841,0,0
A049,server,stairs_15_down,101,31,terminated,1,0.26105706895736447,0,0.23808284772652505,0,1
A049,server,stairs_15_down,202,0,height_only,1,0.2333239144819943,0,0.11566339360127689,0,0
A049,server,stairs_15_down,202,1,height_only,1,,0,0.19274136400108877,0,0
A049,server,stairs_15_down,202,2,height_only,1,0.35974203695587936,0,0.05979841515218304,0,0
A049,server,stairs_15_down,202,3,height_only,1,0.29496250496828624,0,0.05809623787145308,0,1
A049,server,stairs_15_down,202,4,height_only,1,0.3638380528452563,0,0.28610242665078056,0,0
A049,server,stairs_15_down,202,5,terminated,1,0.2808368958253912,0,0.0619068747201966,0,1
A049,server,stairs_15_down,202,6,terminated,1,0.3025890834191266,0,0.07349882106274205,0,1
A049,server,stairs_15_down,202,7,height_only,1,0.2593660319552702,1,0.29571802351324555,0,0
A049,server,stairs_15_down,202,8,tilt_or_both,1,0.3151165535424483,0,0.07669881447494233,1,1
A049,server,stairs_15_down,202,9,height_only,1,0.2978246887737417,0,0.05573320671907594,0,0
A049,server,stairs_15_down,202,10,height_only,1,0.354426793236146,0,0.11338016385472621,0,0
A049,server,stairs_15_down,202,11,height_only,1,0.3496427245956053,0,0.06813565220965771,0,1
A049,server,stairs_15_down,202,12,height_only,1,0.32527147528321987,0,0.0859924748266663,0,0
A049,server,stairs_15_down,202,13,height_only,1,0.34657387889642766,0,0.2177848955300178,0,0
A049,server,stairs_15_down,202,14,terminated,1,0.33166273264961443,0,0.06506546749236373,0,1
A049,server,stairs_15_down,202,15,height_only,1,0.35046020739856254,0,0.07363075073928917,0,1
A049,server,stairs_15_down,202,16,height_only,1,0.32337799572689646,0,0.061876341612203116,0,1
A049,server,stairs_15_down,202,17,height_only,1,0.30499147651667263,0,0.059907045831504545,0,1
A049,server,stairs_15_down,202,18,height_only,1,0.3168074957189713,0,0.07429802428937939,0,1
A049,server,stairs_15_down,202,19,height_only,1,0.2925708537751978,0,0.07127033121985171,0,0
A049,server,stairs_15_down,202,20,height_only,1,0.34636127900949776,0,0.20969629418710253,0,1
A049,server,stairs_15_down,202,21,height_only,1,0.35147687920274573,0,0.10578618942614935,0,1
A049,server,stairs_15_down,202,22,height_only,1,,0,0.08245755404343806,0,0
A049,server,stairs_15_down,202,23,terminated,1,0.31922587114859396,0,0.09575826687558926,0,1
A049,server,stairs_15_down,202,24,height_only,1,0.28846337945066036,0,0.059705307618978305,0,1
A049,server,stairs_15_down,202,25,height_only,1,0.25750944480539006,0,0.12746873001088768,0,1
A049,server,stairs_15_down,202,26,height_only,1,0.30435911697499896,0,0.09374285914585744,0,1
A049,server,stairs_15_down,202,27,height_only,1,0.3461649233007176,0,0.1556285214911902,0,0
A049,server,stairs_15_down,202,28,height_only,1,0.3512127638500643,0,0.07676938362054636,0,1
A049,server,stairs_15_down,202,29,height_only,1,0.27848678970719404,0,0.08926215309889271,0,0
A049,server,stairs_15_down,202,30,height_only,1,0.33766860152310874,0,0.07604787152520107,0,0
A049,server,stairs_15_down,202,31,height_only,1,0.30772103982813215,0,0.10000784131023786,0,1
A049,server,stairs_15_down,303,0,height_only,1,0.3333371141377617,0,0.058567405564511066,0,1
A049,server,stairs_15_down,303,1,terminated,1,0.32593918053861615,0,0.09790607866274928,0,1
A049,server,stairs_15_down,303,2,height_only,1,0.3089099743149497,0,0.064150413404251,0,1
A049,server,stairs_15_down,303,3,height_only,1,0.3568533260554554,0,0.05889987363415216,0,1
A049,server,stairs_15_down,303,4,height_only,1,0.2839204363006959,0,0.06133572731601343,0,1
A049,server,stairs_15_down,303,5,height_only,1,0.3158413323170361,0,0.31948121360295334,0,0
A049,server,stairs_15_down,303,6,height_only,1,0.3244084561253614,0,0.12413317130603624,0,1
A049,server,stairs_15_down,303,7,terminated,1,0.3582680539332609,0,0.2894329708965471,0,1
A049,server,stairs_15_down,303,8,height_only,1,0.2704078102494306,0,0.09091311055734834,0,0
A049,server,stairs_15_down,303,9,terminated,1,0.32497578142161043,0,0.2501141977509361,0,0
A049,server,stairs_15_down,303,10,height_only,1,0.2266059989597708,0,0.16975648365450588,0,1
A049,server,stairs_15_down,303,11,height_only,1,0.30909195112034604,0,0.11576699194002107,0,1
A049,server,stairs_15_down,303,12,terminated,1,0.3300274961134966,0,0.20252416804765047,0,0
A049,server,stairs_15_down,303,13,terminated,1,0.32745391034824967,0,0.061333778363054176,0,1
A049,server,stairs_15_down,303,14,terminated,1,0.32610407360097304,0,0.21578570463780272,0,1
A049,server,stairs_15_down,303,15,height_only,1,0.2964742939102458,0,0.052277401438519125,0,0
A049,server,stairs_15_down,303,16,height_only,1,0.292632779973076,0,0.0577435624894835,0,1
A049,server,stairs_15_down,303,17,height_only,1,0.36068412374685155,0,0.09311925299546536,0,1
A049,server,stairs_15_down,303,18,height_only,1,,0,0.2805747286699934,0,0
A049,server,stairs_15_down,303,19,terminated,1,0.3165939004025995,0,0.12808683899650652,0,1
A049,server,stairs_15_down,303,20,tilt_or_both,1,,0,0.24910540591582267,1,1
A049,server,stairs_15_down,303,21,height_only,1,0.35515949640044553,0,0.06943304118441561,0,1
A049,server,stairs_15_down,303,22,height_only,1,0.33115667040972785,0,0.07026600005173475,0,1
A049,server,stairs_15_down,303,23,height_only,1,0.333426061479803,0,0.2569864426000724,0,0
A049,server,stairs_15_down,303,24,height_only,1,0.2676738801805731,0,0.1462582285758301,0,0
A049,server,stairs_15_down,303,25,height_only,1,0.3454429418007957,0,0.10899155030837636,0,0
A049,server,stairs_15_down,303,26,height_only,1,0.3068194577400697,0,0.0714334049895662,0,1
A049,server,stairs_15_down,303,27,terminated,1,0.27679885852145636,0,0.08398129958536515,0,1
A049,server,stairs_15_down,303,28,height_only,1,0.2756212130587369,0,0.20445137729911997,0,0
A049,server,stairs_15_down,303,29,height_only,1,0.36248390910459716,0,0.06642482222521039,0,1
A049,server,stairs_15_down,303,30,height_only,1,0.2952970119721112,0,0.2772180804224058,0,1
A049,server,stairs_15_down,303,31,height_only,1,0.2989591398341134,0,0.0922252054628851,0,1
A049,server,combined_yaw_right,101,0,none,0,0.3702456641962184,,0.065797491944804,0,0
A049,server,combined_yaw_right,101,1,none,0,0.37038990050394904,,0.08701457858007294,0,0
A049,server,combined_yaw_right,101,2,none,0,0.36685847973122315,,0.06303243213282476,0,0
A049,server,combined_yaw_right,101,3,none,0,0.37769269767929525,,0.08698783494867787,0,0
A049,server,combined_yaw_right,101,4,none,0,0.36686798627363804,,0.07136777524725714,0,0
A049,server,combined_yaw_right,101,5,none,0,0.3773255175288348,,0.07941897638398746,0,0
A049,server,combined_yaw_right,101,6,none,0,0.37774971948269215,,0.07530455118756445,0,0
A049,server,combined_yaw_right,101,7,none,0,0.3743043228744823,,0.07377581642525242,0,0
A049,server,combined_yaw_right,101,8,none,0,0.37394069629238247,,0.07733096812946447,0,0
A049,server,combined_yaw_right,101,9,none,0,0.36965653101071955,,0.08914114694258975,0,0
A049,server,combined_yaw_right,101,10,none,0,0.3664813307836094,,0.06605470145464017,0,0
A049,server,combined_yaw_right,101,11,none,0,0.3728481807651367,,0.06768630121730138,0,0
A049,server,combined_yaw_right,101,12,none,0,0.37291605985738374,,0.06724772934682721,0,0
A049,server,combined_yaw_right,101,13,none,0,0.3740320960308779,,0.0716082615569699,0,0
A049,server,combined_yaw_right,101,14,none,0,0.3736024084575673,,0.06791475858200284,0,0
A049,server,combined_yaw_right,101,15,none,0,0.3762008572485358,,0.07393302915942912,0,0
A049,server,combined_yaw_right,101,16,none,0,0.3769727453669125,,0.07257474060276621,0,0
A049,server,combined_yaw_right,101,17,none,0,0.3760470832414168,,0.07514219279177636,0,0
A049,server,combined_yaw_right,101,18,none,0,0.3656879830806651,,0.06440502991564194,0,0
A049,server,combined_yaw_right,101,19,none,0,0.37442596631254105,,0.08178572816796895,0,0
A049,server,combined_yaw_right,101,20,none,0,0.3736084831908425,,0.07067993852643609,0,0
A049,server,combined_yaw_right,101,21,none,0,0.34926085190020784,,0.07630519410621886,0,0
A049,server,combined_yaw_right,101,22,none,0,0.3650649061655616,,0.06378415236132003,0,0
A049,server,combined_yaw_right,101,23,none,0,0.3733554048971697,,0.06887301704164442,0,0
A049,server,combined_yaw_right,101,24,none,0,0.36579262883586683,,0.06641741967343034,0,0
A049,server,combined_yaw_right,101,25,none,0,0.3647890706910169,,0.06660244495848311,0,0
A049,server,combined_yaw_right,101,26,none,0,0.3715670766199336,,0.06442023793728577,0,0
A049,server,combined_yaw_right,101,27,none,0,0.36792041696010425,,0.06517801497652971,0,0
A049,server,combined_yaw_right,101,28,none,0,0.3724175872490368,,0.06506198291144519,0,0
A049,server,combined_yaw_right,101,29,none,0,0.3638096716314714,,0.06314878232455656,0,0
A049,server,combined_yaw_right,101,30,none,0,0.3781002949584614,,0.0913602479442383,0,0
A049,server,combined_yaw_right,101,31,none,0,0.3720797195950931,,0.06843694418211876,0,0
A049,server,combined_yaw_right,202,0,none,0,0.36526052598009773,,0.06745142061308915,0,0
A049,server,combined_yaw_right,202,1,none,0,0.36934946533192925,,0.06462830513449375,0,0
A049,server,combined_yaw_right,202,2,none,0,0.37634768643799954,,0.07168179521323258,0,0
A049,server,combined_yaw_right,202,3,none,0,0.3701789424540525,,0.08971183991113015,0,0
A049,server,combined_yaw_right,202,4,none,0,0.3757577147235207,,0.07906658549153568,0,0
A049,server,combined_yaw_right,202,5,none,0,0.3696707134100205,,0.0641209786568362,0,0
A049,server,combined_yaw_right,202,6,none,0,0.363721925944568,,0.06348373929235603,0,0
A049,server,combined_yaw_right,202,7,none,0,0.36843204330951773,,0.07785249648107533,0,0
A049,server,combined_yaw_right,202,8,none,0,0.3638903343263157,,0.06884722137098133,0,0
A049,server,combined_yaw_right,202,9,none,0,0.3748352275015836,,0.07927752415348577,0,0
A049,server,combined_yaw_right,202,10,none,0,0.3761303470255857,,0.07447135886730887,0,0
A049,server,combined_yaw_right,202,11,none,0,0.3672301500716949,,0.06635514193106573,0,0
A049,server,combined_yaw_right,202,12,none,0,0.36280317740006884,,0.06357502455881384,0,0
A049,server,combined_yaw_right,202,13,none,0,0.37468083832353194,,0.07173415683921536,0,0
A049,server,combined_yaw_right,202,14,none,0,0.36485508546472234,,0.0639505762034123,0,0
A049,server,combined_yaw_right,202,15,none,0,0.3667458620141534,,0.06704495580015665,0,0
A049,server,combined_yaw_right,202,16,none,0,0.3768606724586079,,0.08168863006664716,0,0
A049,server,combined_yaw_right,202,17,none,0,0.36849914714295595,,0.06338057997737384,0,0
A049,server,combined_yaw_right,202,18,none,0,0.371362553879539,,0.06895371184453938,0,0
A049,server,combined_yaw_right,202,19,none,0,0.37653222385256047,,0.08565708090680617,0,0
A049,server,combined_yaw_right,202,20,none,0,0.3624587644708348,,0.06597347355115503,0,0
A049,server,combined_yaw_right,202,21,none,0,0.3729384641118228,,0.07479643196402937,0,0
A049,server,combined_yaw_right,202,22,none,0,0.369468571508632,,0.0671395550994473,0,0
A049,server,combined_yaw_right,202,23,none,0,0.3662620558936328,,0.06505421597370997,0,0
A049,server,combined_yaw_right,202,24,none,0,0.3777920833245956,,0.08348847070743329,0,0
A049,server,combined_yaw_right,202,25,none,0,0.3669627852299634,,0.06317774529089709,0,0
A049,server,combined_yaw_right,202,26,none,0,0.3792863415683655,,0.10171819999643192,0,0
A049,server,combined_yaw_right,202,27,none,0,0.3624380649251734,,0.06791339716014692,0,0
A049,server,combined_yaw_right,202,28,none,0,0.3757244154890591,,0.06962936002542269,0,0
A049,server,combined_yaw_right,202,29,none,0,0.3755773925048145,,0.0740752141250022,0,0
A049,server,combined_yaw_right,202,30,none,0,0.36612874707754917,,0.06563821160010644,0,0
A049,server,combined_yaw_right,202,31,none,0,0.3628206926392999,,0.06599640104325737,0,0
A049,server,combined_yaw_right,303,0,none,0,0.3774813364215076,,0.10293726428229927,0,0
A049,server,combined_yaw_right,303,1,none,0,0.37040067460128967,,0.06721534662624684,0,0
A049,server,combined_yaw_right,303,2,none,0,0.3754285073535327,,0.07929543283735443,0,0
A049,server,combined_yaw_right,303,3,none,0,0.37750284549068003,,0.07339852820732867,0,0
A049,server,combined_yaw_right,303,4,none,0,0.37717301466248254,,0.08626691213736254,0,0
A049,server,combined_yaw_right,303,5,none,0,0.37591590457421575,,0.07387607244285091,0,0
A049,server,combined_yaw_right,303,6,none,0,0.37492915071586874,,0.0789837137801505,0,0
A049,server,combined_yaw_right,303,7,none,0,0.3742293410282084,,0.07311859939619261,0,0
A049,server,combined_yaw_right,303,8,none,0,0.374209526627459,,0.07239573545144916,0,0
A049,server,combined_yaw_right,303,9,none,0,0.3735379014901299,,0.06867944309081647,0,0
A049,server,combined_yaw_right,303,10,none,0,0.37422950231136487,,0.06937509804345347,0,0
A049,server,combined_yaw_right,303,11,none,0,0.36988229930082106,,0.0642486350337454,0,0
A049,server,combined_yaw_right,303,12,none,0,0.3769761726339871,,0.08075201435857611,0,0
A049,server,combined_yaw_right,303,13,none,0,0.37513443102492366,,0.07665088704970488,0,0
A049,server,combined_yaw_right,303,14,none,0,0.3640130392529748,,0.06008429403347935,0,0
A049,server,combined_yaw_right,303,15,none,0,0.3784533435488767,,0.07609215313196734,0,0
A049,server,combined_yaw_right,303,16,none,0,0.37037672453066883,,0.06542458008758663,0,0
A049,server,combined_yaw_right,303,17,none,0,0.3708927975618903,,0.06498179938026209,0,0
A049,server,combined_yaw_right,303,18,none,0,0.370585805034255,,0.06355041398226732,0,0
A049,server,combined_yaw_right,303,19,none,0,0.36743398313535086,,0.06508713705462577,0,0
A049,server,combined_yaw_right,303,20,none,0,0.36340685858127264,,0.06505324449723639,0,0
A049,server,combined_yaw_right,303,21,none,0,0.37548003015033704,,0.07298824428221203,0,0
A049,server,combined_yaw_right,303,22,none,0,0.376527002230685,,0.09369656108210937,0,0
A049,server,combined_yaw_right,303,23,none,0,0.3717531034334458,,0.06702619262331015,0,0
A049,server,combined_yaw_right,303,24,none,0,0.3744009496534572,,0.08049276142931881,0,0
A049,server,combined_yaw_right,303,25,none,0,0.37453930645702993,,0.06908009335872847,0,0
A049,server,combined_yaw_right,303,26,none,0,0.37157063218042813,,0.06785345979474375,0,0
A049,server,combined_yaw_right,303,27,none,0,0.3716585981176499,,0.06661161158665305,0,0
A049,server,combined_yaw_right,303,28,none,0,0.36787798442942576,,0.0950193709029042,0,0
A049,server,combined_yaw_right,303,29,none,0,0.37778458023135036,,0.07752426645854575,0,0
A049,server,combined_yaw_right,303,30,none,0,0.3697071830059755,,0.06574154754963382,0,0
A049,server,combined_yaw_right,303,31,none,0,0.3692136474631049,,0.064611782786541,0,0
A050,server,rough_lateral,101,0,none,0,0.3332549327197559,,0.3010174093059128,0,0
A050,server,rough_lateral,101,1,none,0,0.34601202264507824,,0.2629570852522484,0,0
A050,server,rough_lateral,101,2,none,0,0.2782645388879878,,0.24561809368949725,0,0
A050,server,rough_lateral,101,3,none,0,0.35040926909382963,,0.20946762067748648,0,0
A050,server,rough_lateral,101,4,none,0,0.32144310887165883,,0.2393441466354818,0,0
A050,server,rough_lateral,101,5,none,0,0.34197277452218977,,0.25069801405047953,0,0
A050,server,rough_lateral,101,6,none,0,0.347237697578369,,0.25347364075498635,0,0
A050,server,rough_lateral,101,7,none,0,0.31811249335819386,,0.28190556919233895,0,0
A050,server,rough_lateral,101,8,none,0,0.3368171414430129,,0.21537023153202223,0,0
A050,server,rough_lateral,101,9,none,0,0.3577884451590757,,0.24753914487279877,0,0
A050,server,rough_lateral,101,10,terminated,1,0.1974717338773656,,0.2785628729692598,1,1
A050,server,rough_lateral,101,11,terminated,1,0.33899743592037873,,0.25438621520525206,0,0
A050,server,rough_lateral,101,12,none,0,0.328067975248245,,0.22007733701292087,0,0
A050,server,rough_lateral,101,13,none,0,0.3468411727385088,,0.26596069428411573,0,0
A050,server,rough_lateral,101,14,none,0,0.3365937041088859,,0.28448677569713277,0,0
A050,server,rough_lateral,101,15,none,0,0.3199416862770835,,0.20845886227548546,0,0
A050,server,rough_lateral,101,16,none,0,0.3444707333085371,,0.24728695827488423,0,0
A050,server,rough_lateral,101,17,none,0,0.3323336936892035,,0.24577586064472823,0,0
A050,server,rough_lateral,101,18,terminated,1,0.31205643386764326,,0.24932516008590627,0,0
A050,server,rough_lateral,101,19,none,0,0.33989788838886326,,0.2504867465235136,0,0
A050,server,rough_lateral,101,20,none,0,0.34325267820753513,,0.20149089554652427,0,0
A050,server,rough_lateral,101,21,none,0,0.33542571141120586,,0.23663251310393676,0,0
A050,server,rough_lateral,101,22,tilt_or_both,1,0.3175750182752303,,0.20453163940087318,1,0
A050,server,rough_lateral,101,23,none,0,0.3303095101513327,,0.21445329578284575,0,0
A050,server,rough_lateral,101,24,none,0,0.3056237924704577,,0.24850493356421255,0,0
A050,server,rough_lateral,101,25,none,0,0.311432022541602,,0.2012437716024546,0,0
A050,server,rough_lateral,101,26,terminated,1,0.3127714768450528,,0.32096525916162477,1,0
A050,server,rough_lateral,101,27,none,0,0.33094040714801953,,0.22854907934774102,0,0
A050,server,rough_lateral,101,28,none,0,0.35173385689921555,,0.2619697030736382,0,0
A050,server,rough_lateral,101,29,none,0,0.3110815082641846,,0.26421780744164763,0,0
A050,server,rough_lateral,101,30,none,0,0.3356050212274898,,0.21154536665917476,0,0
A050,server,rough_lateral,101,31,none,0,0.3418248679867403,,0.23503499808118183,0,0
A050,server,rough_lateral,202,0,none,0,0.3004662954711659,,0.25357769335511565,0,0
A050,server,rough_lateral,202,1,tilt_or_both,1,0.32965541483565447,,0.19234713955364904,1,0
A050,server,rough_lateral,202,2,none,0,0.3342058126301689,,0.2462843199731457,0,0
A050,server,rough_lateral,202,3,none,0,0.3293785891112159,,0.241533603695987,0,0
A050,server,rough_lateral,202,4,none,0,0.34422583782417887,,0.23784861402427573,0,0
A050,server,rough_lateral,202,5,none,0,0.3229911347283399,,0.23374370198242655,0,0
A050,server,rough_lateral,202,6,terminated,1,0.25452503625721856,,0.19011179063004544,1,0
A050,server,rough_lateral,202,7,none,0,0.3294863491294218,,0.21207618740799017,0,0
A050,server,rough_lateral,202,8,none,0,0.3166761871646432,,0.2105282786503812,0,0
A050,server,rough_lateral,202,9,terminated,1,0.34449176713425844,,0.2273404626612341,1,0
A050,server,rough_lateral,202,10,none,0,0.33529231374595253,,0.29913256469287247,0,0
A050,server,rough_lateral,202,11,none,0,0.3322924826553161,,0.20485023500027982,0,0
A050,server,rough_lateral,202,12,none,0,0.3373094909490748,,0.261598491635813,0,0
A050,server,rough_lateral,202,13,none,0,0.32771827750664984,,0.218997815625439,0,0
A050,server,rough_lateral,202,14,none,0,0.2995100422976489,,0.22777513188615872,0,0
A050,server,rough_lateral,202,15,terminated,1,0.2998068407576352,,0.2760274798213486,0,0
A050,server,rough_lateral,202,16,none,0,0.3728461942889474,,0.24317852393297082,0,0
A050,server,rough_lateral,202,17,none,0,0.3421298120429809,,0.26158851466536354,0,0
A050,server,rough_lateral,202,18,none,0,0.3352802797434802,,0.24540444003000203,0,0
A050,server,rough_lateral,202,19,none,0,0.349346989775724,,0.22282036379086076,0,0
A050,server,rough_lateral,202,20,none,0,0.29456129765765554,,0.2177600442431385,0,0
A050,server,rough_lateral,202,21,none,0,0.34099576156088374,,0.2211934467556866,0,0
A050,server,rough_lateral,202,22,none,0,0.30334244963319545,,0.2190629863970853,0,0
A050,server,rough_lateral,202,23,terminated,1,0.31741341741327295,,0.1717796213742546,1,0
A050,server,rough_lateral,202,24,none,0,0.3457626415127739,,0.22027270338354954,0,0
A050,server,rough_lateral,202,25,terminated,1,0.29739490812793773,,0.2243802027729771,1,0
A050,server,rough_lateral,202,26,none,0,0.3266040295521843,,0.2423278967621578,0,0
A050,server,rough_lateral,202,27,terminated,1,0.30094411052803305,,0.27646354984826205,1,0
A050,server,rough_lateral,202,28,none,0,0.3319526829502799,,0.29416077599594853,0,0
A050,server,rough_lateral,202,29,none,0,0.30033734098156506,,0.21654011804229478,0,0
A050,server,rough_lateral,202,30,none,0,0.32897350893301125,,0.21908021486044998,0,0
A050,server,rough_lateral,202,31,none,0,0.304803341866177,,0.29321214544645524,0,0
A050,server,rough_lateral,303,0,none,0,0.332369264514051,,0.23010732547034107,0,0
A050,server,rough_lateral,303,1,terminated,1,0.28589491697556196,,0.3043982776932972,0,0
A050,server,rough_lateral,303,2,terminated,1,0.35780783866178545,,0.24400289692371155,1,0
A050,server,rough_lateral,303,3,none,0,0.3443410429246923,,0.25894777307420586,0,0
A050,server,rough_lateral,303,4,none,0,0.3539877419165749,,0.21718418758896926,0,0
A050,server,rough_lateral,303,5,none,0,0.31375170702284033,,0.30113540611229483,0,0
A050,server,rough_lateral,303,6,none,0,0.3523320747728654,,0.28861608001277067,0,0
A050,server,rough_lateral,303,7,none,0,0.3319349992562105,,0.21912344060341235,0,0
A050,server,rough_lateral,303,8,none,0,0.33965107320464233,,0.28510180157601644,0,0
A050,server,rough_lateral,303,9,none,0,0.3399951445227638,,0.23336367352670173,0,0
A050,server,rough_lateral,303,10,none,0,0.3408079996784741,,0.24928156608011298,0,0
A050,server,rough_lateral,303,11,none,0,0.34001130120639494,,0.22832925089080663,0,0
A050,server,rough_lateral,303,12,none,0,0.32668542861938477,,0.2399236353873761,0,0
A050,server,rough_lateral,303,13,none,0,0.33082453077808416,,0.23647486050068448,0,0
A050,server,rough_lateral,303,14,terminated,1,0.2885423889134657,,0.24754959123860165,1,0
A050,server,rough_lateral,303,15,none,0,0.3378146761719556,,0.2587238941229243,0,0
A050,server,rough_lateral,303,16,terminated,1,,,0.698471138299845,0,0
A050,server,rough_lateral,303,17,none,0,0.333871393439604,,0.27897758789065324,0,0
A050,server,rough_lateral,303,18,terminated,1,0.2399254331295503,,0.1724037302887183,1,0
A050,server,rough_lateral,303,19,terminated,1,0.29856169558463885,,0.2212500303442988,1,0
A050,server,rough_lateral,303,20,none,0,0.3059699118615472,,0.23338350217462123,0,0
A050,server,rough_lateral,303,21,none,0,0.33315512976225686,,0.2077031808868462,0,0
A050,server,rough_lateral,303,22,none,0,0.33794528588572925,,0.23154115792096638,0,0
A050,server,rough_lateral,303,23,none,0,0.3229969694493289,,0.22842872518802487,0,0
A050,server,rough_lateral,303,24,none,0,0.32904364232392236,,0.24457491203131423,0,0
A050,server,rough_lateral,303,25,terminated,1,0.3149189908396114,,0.18898414866415306,1,0
A050,server,rough_lateral,303,26,none,0,0.33386238246040545,,0.25447531422112674,0,0
A050,server,rough_lateral,303,27,none,0,0.34765765668555376,,0.2714496484113087,0,0
A050,server,rough_lateral,303,28,none,0,0.34533425456381095,,0.24181186914514924,0,0
A050,server,rough_lateral,303,29,none,0,0.33635051731757304,,0.20979661328536178,0,0
A050,server,rough_lateral,303,30,none,0,0.31349985221809246,,0.22977778877916039,0,0
A050,server,rough_lateral,303,31,none,0,0.31487290322143124,,0.23503552107561498,0,0
A050,server,rough_forward,101,0,none,0,0.2771037861625141,,0.11435936586637137,0,0
A050,server,rough_forward,101,1,none,0,0.28333631843169105,,0.1548423546454241,0,0
A050,server,rough_forward,101,2,none,0,0.28421609781005164,,0.10161056860179102,0,0
A050,server,rough_forward,101,3,none,0,0.2804471784256359,,0.49646575202864085,0,0
A050,server,rough_forward,101,4,none,0,0.2779534061484158,,0.10118657799908046,0,0
A050,server,rough_forward,101,5,none,0,0.29844398804526917,,0.14451012003563607,0,0
A050,server,rough_forward,101,6,none,0,0.3301565541940577,,0.1478135263633945,0,0
A050,server,rough_forward,101,7,none,0,0.30025184505126057,,0.15193861744376638,0,0
A050,server,rough_forward,101,8,none,0,0.2743675246595699,,0.15614129138388697,0,0
A050,server,rough_forward,101,9,none,0,0.311513156097203,,0.15709808746435058,0,0
A050,server,rough_forward,101,10,none,0,0.2766649904735585,,0.1111790126676458,0,0
A050,server,rough_forward,101,11,none,0,0.3272149248875399,,0.11459935146590684,0,0
A050,server,rough_forward,101,12,none,0,0.2831675834196774,,0.11436027133053583,0,0
A050,server,rough_forward,101,13,none,0,0.31470175087451935,,0.12673267766002394,0,0
A050,server,rough_forward,101,14,none,0,0.27926366150697923,,0.119471675138278,0,0
A050,server,rough_forward,101,15,none,0,0.3248426686314976,,0.35654875115837603,0,0
A050,server,rough_forward,101,16,none,0,0.33036139344467835,,0.18087207274675465,0,0
A050,server,rough_forward,101,17,height_only,1,0.33185110468277956,,0.17845257989727858,0,0
A050,server,rough_forward,101,18,height_only,1,0.2980799482149236,,0.34972365774180175,0,0
A050,server,rough_forward,101,19,none,0,0.3147771889991301,,0.17560439812898207,0,0
A050,server,rough_forward,101,20,none,0,0.310749009809392,,0.13510398016106803,0,0
A050,server,rough_forward,101,21,none,0,,,0.14552512736197745,0,0
A050,server,rough_forward,101,22,none,0,0.2710853455697789,,0.11028910955631506,0,0
A050,server,rough_forward,101,23,none,0,0.33390814655604845,,0.12566421388317073,0,0
A050,server,rough_forward,101,24,height_only,1,0.30617153301914746,,0.18929629127755812,0,0
A050,server,rough_forward,101,25,none,0,0.27321601431956266,,0.13259266480923293,0,0
A050,server,rough_forward,101,26,terminated,1,0.3129587270678046,,0.12180669395495913,0,0
A050,server,rough_forward,101,27,none,0,0.2819128948099473,,0.10067435189661529,0,0
A050,server,rough_forward,101,28,none,0,0.2940769762916361,,0.13736495034137478,0,0
A050,server,rough_forward,101,29,none,0,0.2733961491980017,,0.09679320888443538,0,0
A050,server,rough_forward,101,30,terminated,1,0.3522840002003838,,0.6158053103760635,0,0
A050,server,rough_forward,101,31,none,0,0.3208622923668693,,0.12562198968669674,0,0
A050,server,rough_forward,202,0,none,0,0.2497624749327726,,0.12727090446171516,0,0
A050,server,rough_forward,202,1,none,0,0.30334805725092556,,0.09973080860125338,0,0
A050,server,rough_forward,202,2,none,0,0.30150807987559924,,0.14412293426980077,0,0
A050,server,rough_forward,202,3,none,0,0.3098424973494229,,0.15037500639770454,0,0
A050,server,rough_forward,202,4,none,0,0.31973836312000764,,0.1657598898519005,0,0
A050,server,rough_forward,202,5,none,0,0.29042168431741033,,0.11823598268686458,0,0
A050,server,rough_forward,202,6,none,0,0.3112402868302748,,0.1054533345293123,0,0
A050,server,rough_forward,202,7,terminated,1,0.30010570282923343,,0.3531998291695484,1,0
A050,server,rough_forward,202,8,none,0,0.27932317849786525,,0.1106014433290143,0,0
A050,server,rough_forward,202,9,none,0,0.2870599115914839,,0.22548383357686008,0,0
A050,server,rough_forward,202,10,none,0,0.2742667155151061,,0.16566396906124758,0,0
A050,server,rough_forward,202,11,none,0,0.2925861484226696,,0.10293416555854631,0,0
A050,server,rough_forward,202,12,none,0,0.28483201969753613,,0.08715378413518272,0,0
A050,server,rough_forward,202,13,none,0,0.3280666654600817,,0.13974143236485032,0,0
A050,server,rough_forward,202,14,none,0,0.3009515335374975,,0.10667058635514566,0,0
A050,server,rough_forward,202,15,none,0,0.2758610694803656,,0.2115193364846103,0,0
A050,server,rough_forward,202,16,none,0,0.31279278925077164,,0.47634674425792517,0,0
A050,server,rough_forward,202,17,none,0,0.2757959748334426,,0.12130206522483787,0,0
A050,server,rough_forward,202,18,none,0,0.3233114201276698,,0.1468465045591112,0,0
A050,server,rough_forward,202,19,none,0,0.3162564540451223,,0.1766137297720152,0,0
A050,server,rough_forward,202,20,none,0,0.2697141721127505,,0.10237541685378561,0,0
A050,server,rough_forward,202,21,none,0,0.3143983037076532,,0.20975172781111975,0,0
A050,server,rough_forward,202,22,none,0,0.29114950133517464,,0.09319647365696218,0,0
A050,server,rough_forward,202,23,none,0,0.25369887986285167,,0.08363069710046667,0,0
A050,server,rough_forward,202,24,none,0,0.33142860297532006,,0.1547569402791996,0,0
A050,server,rough_forward,202,25,none,0,0.2647021773027226,,0.43079007328596974,0,0
A050,server,rough_forward,202,26,none,0,0.3390067191844318,,0.17686649648499472,0,0
A050,server,rough_forward,202,27,none,0,0.20941718886880314,,0.1067319402074311,0,0
A050,server,rough_forward,202,28,none,0,0.3027909248270453,,0.19487699940095615,0,0
A050,server,rough_forward,202,29,none,0,0.3012817066939757,,0.12355475085704185,0,0
A050,server,rough_forward,202,30,none,0,0.2793781328647532,,0.2713929578751566,0,0
A050,server,rough_forward,202,31,none,0,0.29373753477226605,,0.08973182870724826,0,0
A050,server,rough_forward,303,0,none,0,0.34519768287153807,,0.23245861904729878,0,0
A050,server,rough_forward,303,1,none,0,0.2839584596813681,,0.08870517685912485,0,0
A050,server,rough_forward,303,2,none,0,0.31701274048835837,,0.13863234939560815,0,0
A050,server,rough_forward,303,3,none,0,0.2996072190649369,,0.17538891170198584,0,0
A050,server,rough_forward,303,4,none,0,0.2960009874507068,,0.15546562565207683,0,0
A050,server,rough_forward,303,5,terminated,1,0.3120731388661951,,0.5107400572486303,0,0
A050,server,rough_forward,303,6,none,0,0.2890976136699717,,0.16339939832905798,0,0
A050,server,rough_forward,303,7,none,0,0.32394268040988533,,0.4647772878127947,0,0
A050,server,rough_forward,303,8,none,0,0.32770533309900823,,0.13985908139268033,0,0
A050,server,rough_forward,303,9,none,0,0.3063188293241562,,0.12882714080410926,0,0
A050,server,rough_forward,303,10,none,0,0.3155166054951316,,0.1394950170802877,0,0
A050,server,rough_forward,303,11,none,0,0.2749471137708521,,0.11543927463147811,0,0
A050,server,rough_forward,303,12,none,0,,,0.1554211285373665,0,0
A050,server,rough_forward,303,13,none,0,0.34864097610514433,,0.2562007500208307,0,0
A050,server,rough_forward,303,14,none,0,0.2565683457143804,,0.3658602242032265,0,0
A050,server,rough_forward,303,15,none,0,0.31486931993043354,,0.36857110376972296,0,0
A050,server,rough_forward,303,16,none,0,0.28718296378691566,,0.1590428358502797,0,0
A050,server,rough_forward,303,17,none,0,0.2762416951796588,,0.1324544009106826,0,0
A050,server,rough_forward,303,18,none,0,0.25039991082992147,,0.11206175502012046,0,0
A050,server,rough_forward,303,19,none,0,0.2638024687767029,,0.2252349896763395,0,0
A050,server,rough_forward,303,20,none,0,0.2724305604071541,,0.13300297208610473,0,0
A050,server,rough_forward,303,21,terminated,1,0.3216487072846469,,0.1381222475320018,0,0
A050,server,rough_forward,303,22,none,0,0.3327638400907822,,0.31407275301337223,0,0
A050,server,rough_forward,303,23,none,0,0.3161478178864494,,0.39973643002578213,0,0
A050,server,rough_forward,303,24,none,0,0.3184217195459866,,0.1830272677079595,0,0
A050,server,rough_forward,303,25,none,0,0.31316715096407394,,0.11067420541745311,0,0
A050,server,rough_forward,303,26,none,0,0.29390564305897066,,0.2103078646932198,0,0
A050,server,rough_forward,303,27,none,0,0.3018028360796485,,0.109783148929143,0,0
A050,server,rough_forward,303,28,none,0,0.2977224990008349,,0.157543766682788,0,0
A050,server,rough_forward,303,29,none,0,0.3033398253554329,,0.1678202721748706,0,0
A050,server,rough_forward,303,30,none,0,0.31576140137279735,,0.11141113473518188,0,0
A050,server,rough_forward,303,31,none,0,0.30072465339765186,,0.08468337970606656,0,0
A050,server,stairs_10_down,101,0,height_only,1,0.3158239645753952,0,0.31956880168193685,0,0
A050,server,stairs_10_down,101,1,height_only,1,0.306236197365159,1,0.27256215206131984,0,0
A050,server,stairs_10_down,101,2,height_only,1,0.31521018502865245,0,0.1794119857983134,0,1
A050,server,stairs_10_down,101,3,height_only,1,0.29900356043468823,0,0.37115770244542823,0,0
A050,server,stairs_10_down,101,4,height_only,1,0.3151594503996844,1,0.21282914591028798,0,0
A050,server,stairs_10_down,101,5,height_only,1,0.3416624201491555,1,0.36722992821664563,0,0
A050,server,stairs_10_down,101,6,height_only,1,0.355092736249939,1,0.28333504759086653,0,0
A050,server,stairs_10_down,101,7,height_only,1,0.3438755269834702,1,0.204423378108391,0,0
A050,server,stairs_10_down,101,8,height_only,1,0.3365763944578681,1,0.16862009060633737,0,0
A050,server,stairs_10_down,101,9,height_only,1,0.3533585407039061,0,0.17902381597102612,0,0
A050,server,stairs_10_down,101,10,height_only,1,0.3124658983340238,1,0.19047969770482825,0,0
A050,server,stairs_10_down,101,11,height_only,1,0.3219021170693923,0,0.17395447843756767,0,0
A050,server,stairs_10_down,101,12,none,0,0.31021210543293365,1,0.3910964822089818,0,0
A050,server,stairs_10_down,101,13,height_only,1,0.321284911849282,1,0.10792330768781173,0,0
A050,server,stairs_10_down,101,14,height_only,1,0.32181279146097563,0,0.2736862733077176,0,0
A050,server,stairs_10_down,101,15,height_only,1,0.3480081826767182,1,0.17268278662400247,0,0
A050,server,stairs_10_down,101,16,height_only,1,0.3312576369327657,0,0.21607892464576106,0,0
A050,server,stairs_10_down,101,17,height_only,1,0.2949556311502814,1,0.23938401509474724,0,0
A050,server,stairs_10_down,101,18,height_only,1,0.30296862683194203,0,0.17158799165316774,0,0
A050,server,stairs_10_down,101,19,height_only,1,0.3242919701624682,0,0.24680781478077718,0,0
A050,server,stairs_10_down,101,20,height_only,1,0.33593299116361586,0,0.1994545667219898,0,0
A050,server,stairs_10_down,101,21,height_only,1,0.2964627290951377,1,0.14580661973680578,0,0
A050,server,stairs_10_down,101,22,height_only,1,0.30666495875560024,0,0.08469890456539601,0,0
A050,server,stairs_10_down,101,23,height_only,1,0.27590717152159483,1,0.3470135609638098,0,0
A050,server,stairs_10_down,101,24,height_only,1,0.27704413450337984,0,0.219692941005228,0,0
A050,server,stairs_10_down,101,25,height_only,1,0.3160251430011688,0,0.0784619998699278,0,0
A050,server,stairs_10_down,101,26,height_only,1,0.3151107477472428,0,0.15255557858976143,0,0
A050,server,stairs_10_down,101,27,none,0,0.3074698507148314,1,0.43103314762832584,0,0
A050,server,stairs_10_down,101,28,height_only,1,0.28579301502615373,0,0.19609238915623742,0,0
A050,server,stairs_10_down,101,29,height_only,1,0.30075844468917434,0,0.22762600310374773,0,1
A050,server,stairs_10_down,101,30,height_only,1,0.3553436155465835,0,0.20666745749994325,0,0
A050,server,stairs_10_down,101,31,height_only,1,0.29822449425962516,1,0.20157076947428215,0,0
A050,server,stairs_10_down,202,0,height_only,1,0.29544270819521207,0,0.09053787705981703,0,0
A050,server,stairs_10_down,202,1,height_only,1,0.2686970550268092,0,0.21397740908937282,0,0
A050,server,stairs_10_down,202,2,height_only,1,0.3441636767935626,0,0.20020225595984092,0,0
A050,server,stairs_10_down,202,3,none,0,0.32590589564751815,1,0.42749313544115086,0,0
A050,server,stairs_10_down,202,4,height_only,1,0.35279985457499397,1,0.18635690619681733,0,0
A050,server,stairs_10_down,202,5,height_only,1,0.31058770067551555,0,0.10872217379416733,0,0
A050,server,stairs_10_down,202,6,height_only,1,0.3111964865801806,0,0.4033529427020211,0,1
A050,server,stairs_10_down,202,7,height_only,1,0.2927267011155419,0,0.33885553377308725,0,0
A050,server,stairs_10_down,202,8,height_only,1,0.3005983379276041,1,0.32558806949742075,0,0
A050,server,stairs_10_down,202,9,height_only,1,0.3089183612781412,0,0.3535552669663558,0,0
A050,server,stairs_10_down,202,10,height_only,1,0.34091119348684096,0,0.29545262441058706,0,0
A050,server,stairs_10_down,202,11,height_only,1,0.32628637361016505,0,0.14754823589279073,0,0
A050,server,stairs_10_down,202,12,height_only,1,0.2953165118547684,1,0.2588478134522979,0,0
A050,server,stairs_10_down,202,13,height_only,1,0.3375241055208094,0,0.1652229371119999,0,1
A050,server,stairs_10_down,202,14,height_only,1,0.29324718385456716,0,0.09648005996256122,0,1
A050,server,stairs_10_down,202,15,height_only,1,0.3133496423774862,0,0.08648751723570655,0,0
A050,server,stairs_10_down,202,16,height_only,1,0.3373972465169621,0,0.3774197303375709,0,0
A050,server,stairs_10_down,202,17,height_only,1,0.2864563754376243,1,0.09807006915198864,0,0
A050,server,stairs_10_down,202,18,height_only,1,0.3183258601369705,0,0.13732750172752484,0,0
A050,server,stairs_10_down,202,19,height_only,1,0.30866296971864243,0,0.27181414274486304,0,0
A050,server,stairs_10_down,202,20,height_only,1,0.3085216757926074,0,0.20727108944931877,0,0
A050,server,stairs_10_down,202,21,height_only,1,0.34567888415752246,0,0.18817616144845853,0,0
A050,server,stairs_10_down,202,22,height_only,1,0.31126486537928255,0,0.15389195571319172,0,0
A050,server,stairs_10_down,202,23,height_only,1,0.29561987503327153,1,0.16387577609287543,0,0
A050,server,stairs_10_down,202,24,height_only,1,0.2806384153066472,0,0.23458805117296666,0,1
A050,server,stairs_10_down,202,25,height_only,1,0.29806583450439783,0,0.18087812285258698,0,0
A050,server,stairs_10_down,202,26,height_only,1,0.33080513863002553,0,0.25909065706529794,0,0
A050,server,stairs_10_down,202,27,height_only,1,0.3075341065937185,1,0.26442606222211346,0,0
A050,server,stairs_10_down,202,28,height_only,1,0.3447910829342623,0,0.21135390410392765,0,0
A050,server,stairs_10_down,202,29,height_only,1,0.28072808611201727,0,0.22224274811652348,0,0
A050,server,stairs_10_down,202,30,height_only,1,0.3020006629394338,0,0.20946038125476818,0,0
A050,server,stairs_10_down,202,31,height_only,1,0.3025442321988988,0,0.12543308251415877,0,1
A050,server,stairs_10_down,303,0,height_only,1,0.335464110269266,0,0.21849762627079902,0,0
A050,server,stairs_10_down,303,1,height_only,1,0.3234859925699744,0,0.1530464576521551,0,0
A050,server,stairs_10_down,303,2,height_only,1,0.31474316072336495,0,0.2077716840657428,0,0
A050,server,stairs_10_down,303,3,height_only,1,0.3458154360081423,0,0.11680841781550498,0,0
A050,server,stairs_10_down,303,4,height_only,1,0.2976401182100734,1,0.17570620722772778,0,0
A050,server,stairs_10_down,303,5,none,0,0.30791675016523046,0,0.4622028520206251,0,0
A050,server,stairs_10_down,303,6,height_only,1,0.31213504442556655,1,0.17130113572581634,0,0
A050,server,stairs_10_down,303,7,none,0,0.33742782290287837,1,0.40380410325722427,0,0
A050,server,stairs_10_down,303,8,none,0,0.3090032730351157,0,0.4725740488300653,0,0
A050,server,stairs_10_down,303,9,height_only,1,0.3289228045844777,1,0.15299737978795885,0,0
A050,server,stairs_10_down,303,10,height_only,1,0.3168595133618238,0,0.26324430204604865,0,0
A050,server,stairs_10_down,303,11,height_only,1,0.32371119453626523,0,0.11977698801783568,0,0
A050,server,stairs_10_down,303,12,height_only,1,0.34784801726672737,0,0.20308368925069953,0,0
A050,server,stairs_10_down,303,13,height_only,1,0.3390941587202052,1,0.27250060084025063,0,0
A050,server,stairs_10_down,303,14,height_only,1,0.3072655287018434,0,0.20604302735994826,0,0
A050,server,stairs_10_down,303,15,height_only,1,0.30196895661519807,0,0.23114568610338335,0,0
A050,server,stairs_10_down,303,16,height_only,1,0.31526870172929,0,0.12947785715877264,0,0
A050,server,stairs_10_down,303,17,height_only,1,0.32170340657871677,0,0.12145320785778922,0,0
A050,server,stairs_10_down,303,18,height_only,1,0.28006093371360696,0,0.11915721442589852,0,0
A050,server,stairs_10_down,303,19,height_only,1,0.2960685026199422,1,0.19958911765593876,0,1
A050,server,stairs_10_down,303,20,height_only,1,0.2831010272636771,0,0.2395993159647388,0,0
A050,server,stairs_10_down,303,21,height_only,1,0.33643123571247974,0,0.19048153376408514,0,1
A050,server,stairs_10_down,303,22,height_only,1,0.32656718989744543,0,0.2049679675279758,0,1
A050,server,stairs_10_down,303,23,height_only,1,0.34186969952468566,1,0.16935404861637543,0,0
A050,server,stairs_10_down,303,24,none,0,0.2942065649172839,0,0.46860735139775084,0,0
A050,server,stairs_10_down,303,25,height_only,1,0.3420712547824982,0,0.1415277627042478,0,0
A050,server,stairs_10_down,303,26,none,0,0.3166110106011763,1,0.39665393795996995,0,0
A050,server,stairs_10_down,303,27,height_only,1,0.2764425825148343,0,0.15957112371786608,0,0
A050,server,stairs_10_down,303,28,height_only,1,0.34113235333386593,1,0.3342998415513664,0,0
A050,server,stairs_10_down,303,29,none,0,0.3343405261396724,0,0.4438038261611509,0,0
A050,server,stairs_10_down,303,30,height_only,1,0.3183991865200155,0,0.2342967312701346,0,0
A050,server,stairs_10_down,303,31,height_only,1,0.30960107040915263,0,0.10466814787306451,0,0
A050,server,stairs_15_down,101,0,height_only,1,0.31110532079788444,0,0.10982223336778092,0,1
A050,server,stairs_15_down,101,1,height_only,1,0.2800970155606295,0,0.3401911337442537,0,0
A050,server,stairs_15_down,101,2,height_only,1,0.309065676946691,0,0.11403631103961055,0,0
A050,server,stairs_15_down,101,3,height_only,1,0.2890844383341744,0,0.2197533246362078,0,0
A050,server,stairs_15_down,101,4,height_only,1,0.3073363332824911,0,0.12761558855807775,0,1
A050,server,stairs_15_down,101,5,height_only,1,0.33916233902309023,0,0.23368556446585462,0,1
A050,server,stairs_15_down,101,6,height_only,1,0.3415737813488047,0,0.19313597560029286,0,0
A050,server,stairs_15_down,101,7,height_only,1,0.33643854971237996,0,0.18027197056433197,0,0
A050,server,stairs_15_down,101,8,height_only,1,0.3389502438631924,0,0.17111642664450621,0,0
A050,server,stairs_15_down,101,9,height_only,1,0.3519557843552553,0,0.19980342131647516,0,1
A050,server,stairs_15_down,101,10,height_only,1,0.31277907468418387,0,0.16318881028618293,0,0
A050,server,stairs_15_down,101,11,height_only,1,0.30247378859290464,0,0.20204364573860167,0,0
A050,server,stairs_15_down,101,12,height_only,1,0.3016818537112863,0,0.17719801921358913,0,0
A050,server,stairs_15_down,101,13,height_only,1,0.3037837236960304,0,0.3682388147504138,0,0
A050,server,stairs_15_down,101,14,height_only,1,0.2983551627811901,0,0.2422798295846338,0,0
A050,server,stairs_15_down,101,15,terminated,1,0.3467764674342253,0,0.25025836004200847,0,0
A050,server,stairs_15_down,101,16,height_only,1,0.3217638495134161,0,0.24530942988272889,0,0
A050,server,stairs_15_down,101,17,height_only,1,0.2736086850179071,0,0.23106738120754214,0,1
A050,server,stairs_15_down,101,18,height_only,1,0.3024308542835522,0,0.14773857700714282,0,0
A050,server,stairs_15_down,101,19,height_only,1,0.3175269440214902,0,0.23571125169786367,0,0
A050,server,stairs_15_down,101,20,height_only,1,0.33016985575145574,0,0.22481913749753069,0,1
A050,server,stairs_15_down,101,21,height_only,1,0.3331772380652912,0,0.20938651281020418,0,1
A050,server,stairs_15_down,101,22,height_only,1,0.299976348398841,0,0.09864789695777595,0,0
A050,server,stairs_15_down,101,23,height_only,1,0.3001837446727855,0,0.227869913548371,0,0
A050,server,stairs_15_down,101,24,height_only,1,0.2673909660966639,0,0.07997709408274951,0,0
A050,server,stairs_15_down,101,25,height_only,1,0.3138637372197952,0,0.08170855656090342,0,0
A050,server,stairs_15_down,101,26,height_only,1,0.31100535456509504,0,0.09856314618492411,0,0
A050,server,stairs_15_down,101,27,height_only,1,0.29789836840196093,0,0.25261896619189517,0,0
A050,server,stairs_15_down,101,28,height_only,1,0.2811186667432122,0,0.21688900035804354,0,1
A050,server,stairs_15_down,101,29,height_only,1,0.28707397047848626,0,0.10328834890761689,0,0
A050,server,stairs_15_down,101,30,height_only,1,0.35092274390439937,0,0.23232574717621776,0,0
A050,server,stairs_15_down,101,31,height_only,1,0.29075992601440553,0,0.20024268498806033,0,1
A050,server,stairs_15_down,202,0,height_only,1,0.27672598530901943,0,0.20360577240819522,0,1
A050,server,stairs_15_down,202,1,height_only,1,0.2810738195072521,0,0.23865113962020937,0,0
A050,server,stairs_15_down,202,2,height_only,1,0.3426477762467083,0,0.21345875182619015,0,0
A050,server,stairs_15_down,202,3,height_only,1,0.3262209299413915,0,0.3155785058365288,0,1
A050,server,stairs_15_down,202,4,height_only,1,0.34709472308821865,0,0.21735888150216806,0,0
A050,server,stairs_15_down,202,5,height_only,1,0.2829762391228089,0,0.11684193441139981,0,0
A050,server,stairs_15_down,202,6,height_only,1,0.296019457878276,0,0.27546984153292947,0,1
A050,server,stairs_15_down,202,7,height_only,1,0.2916733926949016,0,0.24431852637161516,0,1
A050,server,stairs_15_down,202,8,height_only,1,0.2997908423291171,0,0.09259243298741023,0,1
A050,server,stairs_15_down,202,9,height_only,1,0.27734608669332006,0,0.22823191185904163,0,0
A050,server,stairs_15_down,202,10,height_only,1,0.3366616487821793,0,0.19966039407963565,0,0
A050,server,stairs_15_down,202,11,height_only,1,0.32144535830951626,0,0.12857495783215056,0,1
A050,server,stairs_15_down,202,12,height_only,1,0.2982948484586521,0,0.16672238554667995,0,1
A050,server,stairs_15_down,202,13,height_only,1,0.3286823719580544,0,0.18397620914286156,0,1
A050,server,stairs_15_down,202,14,height_only,1,0.28853222313411736,0,0.08987564905860947,0,1
A050,server,stairs_15_down,202,15,height_only,1,0.3085418845561736,0,0.07426073833438981,0,1
A050,server,stairs_15_down,202,16,height_only,1,0.32470378231874764,0,0.27834159410868764,0,0
A050,server,stairs_15_down,202,17,height_only,1,0.29450559647963015,0,0.10359352373061911,0,1
A050,server,stairs_15_down,202,18,height_only,1,0.30603022658251183,0,0.1398325518681663,0,1
A050,server,stairs_15_down,202,19,height_only,1,0.2983171192401233,0,0.24228315553330282,0,0
A050,server,stairs_15_down,202,20,height_only,1,0.3087199129522803,0,0.11486161440832754,0,0
A050,server,stairs_15_down,202,21,height_only,1,0.3468872571692748,0,0.26626198717068345,0,0
A050,server,stairs_15_down,202,22,height_only,1,0.29375047288476464,0,0.18334903015140588,0,0
A050,server,stairs_15_down,202,23,height_only,1,0.2918662522884614,0,0.0720444060201573,0,0
A050,server,stairs_15_down,202,24,height_only,1,0.24641567309272477,0,0.18111275970064783,0,0
A050,server,stairs_15_down,202,25,height_only,1,0.2914239193666428,0,0.11527841327476968,0,0
A050,server,stairs_15_down,202,26,height_only,1,0.31270314219163703,0,0.22239191089100396,0,0
A050,server,stairs_15_down,202,27,height_only,1,0.310970232926588,0,0.09859242230362401,0,0
A050,server,stairs_15_down,202,28,height_only,1,0.34297218042261457,0,0.2184252532741417,0,0
A050,server,stairs_15_down,202,29,height_only,1,0.3004548814207475,0,0.31017823682011086,0,1
A050,server,stairs_15_down,202,30,height_only,1,0.3001784683867572,0,0.0863207654702765,0,1
A050,server,stairs_15_down,202,31,height_only,1,0.2937094612236329,0,0.15644308322604458,0,0
A050,server,stairs_15_down,303,0,height_only,1,0.32150527611773283,0,0.2337120625175179,0,0
A050,server,stairs_15_down,303,1,height_only,1,0.3189549525791311,0,0.16618765233628305,0,0
A050,server,stairs_15_down,303,2,height_only,1,0.30806691538203845,0,0.19870099844764189,0,1
A050,server,stairs_15_down,303,3,height_only,1,0.3498971377783281,0,0.16732030150089158,0,0
A050,server,stairs_15_down,303,4,height_only,1,0.28366457905998843,0,0.18771237887598724,0,0
A050,server,stairs_15_down,303,5,height_only,1,0.28584091437054193,0,0.21240186795959023,0,0
A050,server,stairs_15_down,303,6,height_only,1,0.3000088711792135,0,0.16225736640931504,0,0
A050,server,stairs_15_down,303,7,height_only,1,0.3228616505701912,0,0.19352166919622424,0,0
A050,server,stairs_15_down,303,8,height_only,1,0.28917967253190313,0,0.10835518550649244,0,0
A050,server,stairs_15_down,303,9,height_only,1,0.3311161677786373,0,0.2798473838932909,0,0
A050,server,stairs_15_down,303,10,height_only,1,0.2868455715357939,0,0.2817955134175117,0,0
A050,server,stairs_15_down,303,11,height_only,1,0.3214292985232755,0,0.249961088148675,0,1
A050,server,stairs_15_down,303,12,height_only,1,0.3427939493069675,0,0.23810350868144126,0,1
A050,server,stairs_15_down,303,13,height_only,1,0.3270777463912964,0,0.19052272789478172,0,0
A050,server,stairs_15_down,303,14,height_only,1,0.3067793334550398,0,0.16976956788555833,0,0
A050,server,stairs_15_down,303,15,height_only,1,0.31017590620938473,0,0.30599828094167747,0,0
A050,server,stairs_15_down,303,16,height_only,1,0.31401711335794175,0,0.17728090271840757,0,1
A050,server,stairs_15_down,303,17,height_only,1,0.3279555620037935,0,0.10191605832011721,0,0
A050,server,stairs_15_down,303,18,height_only,1,0.2662755866101719,0,0.18888747311443554,0,1
A050,server,stairs_15_down,303,19,height_only,1,0.3000477968371488,0,0.08094920666446011,0,1
A050,server,stairs_15_down,303,20,height_only,1,0.2600996908657054,0,0.09351086393623999,0,1
A050,server,stairs_15_down,303,21,height_only,1,0.32959257616078785,0,0.17899394763983173,0,0
A050,server,stairs_15_down,303,22,height_only,1,0.32944468301247787,0,0.20056494000132705,0,1
A050,server,stairs_15_down,303,23,height_only,1,0.3355715332184246,0,0.15692333829579994,0,0
A050,server,stairs_15_down,303,24,height_only,1,0.29437755518418585,0,0.36788242745634536,0,0
A050,server,stairs_15_down,303,25,height_only,1,0.3415162684445713,0,0.1875812361599599,0,0
A050,server,stairs_15_down,303,26,height_only,1,0.3159692915365657,0,0.16584256447749482,0,1
A050,server,stairs_15_down,303,27,height_only,1,0.2631979520945625,0,0.17862545082977327,0,1
A050,server,stairs_15_down,303,28,height_only,1,0.34192472983171596,0,0.3310665100140633,0,0
A050,server,stairs_15_down,303,29,terminated,1,0.3336657170943398,0,0.18452168041956804,0,0
A050,server,stairs_15_down,303,30,height_only,1,0.2975425650091732,0,0.21209677906752558,0,1
A050,server,stairs_15_down,303,31,height_only,1,0.3050509786860829,0,0.10812552245216216,0,0
A050,server,combined_yaw_right,101,0,none,0,0.29466113193149873,,0.0931064049216662,0,0
A050,server,combined_yaw_right,101,1,none,0,0.3196169038348019,,0.17363623401914433,0,0
A050,server,combined_yaw_right,101,2,none,0,0.3108835872959963,,0.09152207557277976,0,0
A050,server,combined_yaw_right,101,3,none,0,0.3288564893173024,,0.19763697835966598,0,0
A050,server,combined_yaw_right,101,4,none,0,0.2941878693785897,,0.08636160764094698,0,0
A050,server,combined_yaw_right,101,5,none,0,0.32584054951361796,,0.16960354528531613,0,0
A050,server,combined_yaw_right,101,6,none,0,0.3250647191217239,,0.21301266718812534,0,0
A050,server,combined_yaw_right,101,7,none,0,0.3254536615017264,,0.11396733854031521,0,0
A050,server,combined_yaw_right,101,8,none,0,0.311080620728712,,0.13135122865009996,0,0
A050,server,combined_yaw_right,101,9,none,0,0.3340016606657263,,0.20381944572514865,0,0
A050,server,combined_yaw_right,101,10,none,0,0.2941387337956199,,0.08593829052958599,0,0
A050,server,combined_yaw_right,101,11,none,0,0.3093689490448345,,0.1276207512349007,0,0
A050,server,combined_yaw_right,101,12,none,0,0.3102232181133433,,0.11496251805450226,0,0
A050,server,combined_yaw_right,101,13,none,0,0.3143183216054172,,0.1599684915014142,0,0
A050,server,combined_yaw_right,101,14,none,0,0.30897702101398916,,0.1428084413219723,0,0
A050,server,combined_yaw_right,101,15,none,0,0.3290288533597069,,0.1975078966002785,0,0
A050,server,combined_yaw_right,101,16,none,0,0.3266178289039887,,0.16656217244715046,0,0
A050,server,combined_yaw_right,101,17,none,0,0.3296883129340442,,0.16165728358670556,0,0
A050,server,combined_yaw_right,101,18,none,0,0.28899071783942976,,0.08506306699437342,0,0
A050,server,combined_yaw_right,101,19,none,0,0.31609957175140074,,0.1761119779185524,0,0
A050,server,combined_yaw_right,101,20,none,0,0.30912066286897916,,0.16156253859149577,0,0
A050,server,combined_yaw_right,101,21,none,0,0.3117718185811119,,0.12352391476351958,0,0
A050,server,combined_yaw_right,101,22,none,0,0.2971517485890159,,0.09079481587240862,0,0
A050,server,combined_yaw_right,101,23,none,0,0.3063754797141182,,0.12459826285731199,0,0
A050,server,combined_yaw_right,101,24,none,0,0.29856066883885285,,0.08331072156551353,0,0
A050,server,combined_yaw_right,101,25,none,0,0.2983145312988822,,0.0871487535670158,0,0
A050,server,combined_yaw_right,101,26,none,0,0.29118106677570443,,0.08902770692097373,0,0
A050,server,combined_yaw_right,101,27,none,0,0.2999223673885519,,0.08528720671268936,0,0
A050,server,combined_yaw_right,101,28,none,0,0.3110412880379886,,0.11402827659736386,0,0
A050,server,combined_yaw_right,101,29,none,0,0.30676595173417565,,0.08333909833502633,0,0
A050,server,combined_yaw_right,101,30,none,0,0.33512412354270404,,0.18950655978697187,0,0
A050,server,combined_yaw_right,101,31,none,0,0.309680718311014,,0.1274166032240733,0,0
A050,server,combined_yaw_right,202,0,none,0,0.29376373356357616,,0.08407128125236063,0,0
A050,server,combined_yaw_right,202,1,none,0,0.30524106945264784,,0.0887576760451714,0,0
A050,server,combined_yaw_right,202,2,none,0,0.3272085546809722,,0.1430138303673447,0,0
A050,server,combined_yaw_right,202,3,none,0,0.3302715957005394,,0.23570998931994308,0,0
A050,server,combined_yaw_right,202,4,none,0,0.3287377139941894,,0.16907995051501232,0,0
A050,server,combined_yaw_right,202,5,none,0,0.29975473562026406,,0.09197592578457423,0,0
A050,server,combined_yaw_right,202,6,none,0,0.30258005530757703,,0.08638259450265728,0,0
A050,server,combined_yaw_right,202,7,none,0,0.3274084799748691,,0.1475034044335626,0,0
A050,server,combined_yaw_right,202,8,none,0,0.29895592213951966,,0.0888968565228352,0,0
A050,server,combined_yaw_right,202,9,none,0,0.33498810295433923,,0.1910811040513729,0,0
A050,server,combined_yaw_right,202,10,none,0,0.3211837278649131,,0.1802409796738231,0,0
A050,server,combined_yaw_right,202,11,none,0,0.3048291054160837,,0.08676888568963011,0,0
A050,server,combined_yaw_right,202,12,none,0,0.2980826382331032,,0.08481268580691331,0,0
A050,server,combined_yaw_right,202,13,none,0,0.31774474823857374,,0.15958554858757532,0,0
A050,server,combined_yaw_right,202,14,none,0,0.2864196365051729,,0.08623093064404365,0,0
A050,server,combined_yaw_right,202,15,none,0,0.3034844036727028,,0.08354790981418783,0,0
A050,server,combined_yaw_right,202,16,none,0,0.3351384161468496,,0.21696906293735305,0,0
A050,server,combined_yaw_right,202,17,none,0,0.3101066204315839,,0.08886341606379208,0,0
A050,server,combined_yaw_right,202,18,none,0,0.30800628534612806,,0.11651514813407499,0,0
A050,server,combined_yaw_right,202,19,none,0,0.33287874756649855,,0.22089209110877212,0,0
A050,server,combined_yaw_right,202,20,none,0,0.2930343890572614,,0.08173881509035465,0,0
A050,server,combined_yaw_right,202,21,none,0,0.3212871805709951,,0.18750739958278168,0,0
A050,server,combined_yaw_right,202,22,none,0,0.3128017180743702,,0.09911098255066329,0,0
A050,server,combined_yaw_right,202,23,none,0,0.2957329869589066,,0.08145010895258653,0,0
A050,server,combined_yaw_right,202,24,none,0,0.3248589272326964,,0.18323274875779358,0,0
A050,server,combined_yaw_right,202,25,none,0,0.3017553866387689,,0.08529137222699784,0,0
A050,server,combined_yaw_right,202,26,none,0,0.3425147677647239,,0.189654116379902,0,0
A050,server,combined_yaw_right,202,27,none,0,0.29543155312219405,,0.08511486770279429,0,0
A050,server,combined_yaw_right,202,28,none,0,0.3250887377217492,,0.13975716731675591,0,0
A050,server,combined_yaw_right,202,29,none,0,0.31487943510958216,,0.14091226958099892,0,0
A050,server,combined_yaw_right,202,30,none,0,0.29769564925986813,,0.08943380750098719,0,0
A050,server,combined_yaw_right,202,31,none,0,0.28930738106130915,,0.08574433065817666,0,0
A050,server,combined_yaw_right,303,0,none,0,0.3335204530845989,,0.20573494041600798,0,0
A050,server,combined_yaw_right,303,1,none,0,0.29997855958772857,,0.08796107058283605,0,0
A050,server,combined_yaw_right,303,2,none,0,0.31495232346223634,,0.15912543627959172,0,0
A050,server,combined_yaw_right,303,3,none,0,0.31165737463509974,,0.15892252204090157,0,0
A050,server,combined_yaw_right,303,4,none,0,0.3283041686138367,,0.2174394484210847,0,0
A050,server,combined_yaw_right,303,5,none,0,0.3322057798903256,,0.16311964790760947,0,0
A050,server,combined_yaw_right,303,6,none,0,0.32554267020149025,,0.1851923634557705,0,0
A050,server,combined_yaw_right,303,7,none,0,0.32340955048958886,,0.1975979902833665,0,0
A050,server,combined_yaw_right,303,8,none,0,0.31046629398264347,,0.14431746899313186,0,0
A050,server,combined_yaw_right,303,9,none,0,0.31535000190696616,,0.12852197695112205,0,0
A050,server,combined_yaw_right,303,10,none,0,0.3112829334754995,,0.1571134884416804,0,0
A050,server,combined_yaw_right,303,11,none,0,0.3122952918317866,,0.09062263278623943,0,0
A050,server,combined_yaw_right,303,12,none,0,0.31715249481366914,,0.1176334121996593,0,0
A050,server,combined_yaw_right,303,13,none,0,0.31382564754090847,,0.20014289120227052,0,0
A050,server,combined_yaw_right,303,14,none,0,0.29065533348902023,,0.08372924477074283,0,0
A050,server,combined_yaw_right,303,15,none,0,0.33997694900966585,,0.18844251146526955,0,0
A050,server,combined_yaw_right,303,16,none,0,0.29410544563742247,,0.09315637175688231,0,0
A050,server,combined_yaw_right,303,17,none,0,0.29360280253670434,,0.10884673355807217,0,0
A050,server,combined_yaw_right,303,18,none,0,0.3048617227829714,,0.09256087585630418,0,0
A050,server,combined_yaw_right,303,19,none,0,0.30517768007229995,,0.08820733242609571,0,0
A050,server,combined_yaw_right,303,20,none,0,0.3027403763430641,,0.08615907453610905,0,0
A050,server,combined_yaw_right,303,21,none,0,0.32494056902148505,,0.11719585657238805,0,0
A050,server,combined_yaw_right,303,22,none,0,0.33744312233147133,,0.20265978316301253,0,0
A050,server,combined_yaw_right,303,23,none,0,0.31813752316536115,,0.1143271886794366,0,0
A050,server,combined_yaw_right,303,24,none,0,0.32059666259403535,,0.1554572480893749,0,0
A050,server,combined_yaw_right,303,25,none,0,0.3075240530910339,,0.14791616588982215,0,0
A050,server,combined_yaw_right,303,26,none,0,0.30309481082115586,,0.091192113916982,0,0
A050,server,combined_yaw_right,303,27,none,0,0.3069076253609224,,0.08787755570400835,0,0
A050,server,combined_yaw_right,303,28,none,0,0.3474332895030312,,0.2167573654143323,0,0
A050,server,combined_yaw_right,303,29,none,0,0.32713773193206375,,0.1752250820343242,0,0
A050,server,combined_yaw_right,303,30,none,0,0.3116037522089035,,0.09082268792093591,0,0
A050,server,combined_yaw_right,303,31,none,0,0.30256853312413323,,0.08800496082598565,0,0
A055,server,rough_lateral,101,0,none,0,0.3168244179397981,,0.29619928517392796,0,0
A055,server,rough_lateral,101,1,none,0,0.33998426006120797,,0.26275185502092435,0,0
A055,server,rough_lateral,101,2,terminated,1,0.30448521713522025,,0.24093267950970448,0,0
A055,server,rough_lateral,101,3,none,0,0.35187213656736566,,0.2551282147241254,0,0
A055,server,rough_lateral,101,4,none,0,0.3183572099489324,,0.22364785075632504,0,0
A055,server,rough_lateral,101,5,none,0,0.32763311776885373,,0.2200037510827683,0,0
A055,server,rough_lateral,101,6,none,0,0.3019125426516813,,0.28897487187551424,0,0
A055,server,rough_lateral,101,7,none,0,0.3054024813806309,,0.29650561270927783,0,0
A055,server,rough_lateral,101,8,none,0,0.3375760219632623,,0.21858827989151663,0,0
A055,server,rough_lateral,101,9,none,0,0.3380850122414808,,0.223096924817436,0,0
A055,server,rough_lateral,101,10,terminated,1,,,0.3781983831441397,0,0
A055,server,rough_lateral,101,11,none,0,0.3363575421393236,,0.2921373633116124,0,0
A055,server,rough_lateral,101,12,none,0,0.29820679486754104,,0.27772013647417293,0,0
A055,server,rough_lateral,101,13,terminated,1,0.2972271800997423,,0.48609819173740293,0,0
A055,server,rough_lateral,101,14,none,0,0.3055285282313505,,0.26295288424760993,0,0
A055,server,rough_lateral,101,15,terminated,1,0.3147614826971197,,0.17539455259735146,1,0
A055,server,rough_lateral,101,16,terminated,1,0.3457878897374964,,0.1786337043035103,1,0
A055,server,rough_lateral,101,17,none,0,0.33246779752606376,,0.23105354129678954,0,0
A055,server,rough_lateral,101,18,terminated,1,0.30401931583562636,,0.25468569928059454,1,0
A055,server,rough_lateral,101,19,terminated,1,0.302658888426694,,0.23979065161637975,0,0
A055,server,rough_lateral,101,20,terminated,1,0.3436629847090512,,0.2451136621890566,1,0
A055,server,rough_lateral,101,21,none,0,0.3253526370474361,,0.18949532945973777,0,0
A055,server,rough_lateral,101,22,terminated,1,0.317417295460395,,0.2747863369711538,1,0
A055,server,rough_lateral,101,23,terminated,1,0.34513935845165966,,0.22373858036279237,0,0
A055,server,rough_lateral,101,24,terminated,1,0.3091984956181623,,0.321008538559926,1,0
A055,server,rough_lateral,101,25,terminated,1,0.31289487073128236,,0.28790737319298115,0,0
A055,server,rough_lateral,101,26,terminated,1,0.30925758206908077,,0.27088113921702395,0,0
A055,server,rough_lateral,101,27,terminated,1,0.3186148832985424,,0.2188166493065059,0,0
A055,server,rough_lateral,101,28,terminated,1,0.33390313259420545,,0.19992052519209677,1,0
A055,server,rough_lateral,101,29,terminated,1,0.29265126155659477,,0.24679230786480258,0,0
A055,server,rough_lateral,101,30,none,0,0.3447390812284806,,0.19340295186954898,0,0
A055,server,rough_lateral,101,31,none,0,0.3284530579884422,,0.19758096788669063,0,0
A055,server,rough_lateral,202,0,none,0,0.3049361389429174,,0.18691013679554855,0,0
A055,server,rough_lateral,202,1,none,0,0.32387411849384007,,0.27111275336664853,0,0
A055,server,rough_lateral,202,2,terminated,1,0.3406842509533632,,0.21259265943195055,0,0
A055,server,rough_lateral,202,3,terminated,1,0.34350745411798916,,0.22387744593808437,0,0
A055,server,rough_lateral,202,4,none,0,0.35151138168605256,,0.23578366002401285,0,0
A055,server,rough_lateral,202,5,terminated,1,0.30138604008258985,,0.2431538222890475,0,0
A055,server,rough_lateral,202,6,none,0,0.2366615802368378,,0.2989712131936973,0,0
A055,server,rough_lateral,202,7,none,0,0.3195545867005771,,0.22929861260085688,0,0
A055,server,rough_lateral,202,8,none,0,0.29672051679323064,,0.2573269919058032,0,0
A055,server,rough_lateral,202,9,none,0,0.3345330163119311,,0.2084045498221591,0,0
A055,server,rough_lateral,202,10,terminated,1,0.3191268095836282,,0.2048574809521568,1,0
A055,server,rough_lateral,202,11,none,0,0.2955495852200105,,0.2832317651112429,0,0
A055,server,rough_lateral,202,12,terminated,1,0.31797828433666636,,0.23402748210905258,1,0
A055,server,rough_lateral,202,13,terminated,1,0.30057508143830425,,0.32649904387459855,0,0
A055,server,rough_lateral,202,14,none,0,0.2610191659812621,,0.26137971313827507,0,0
A055,server,rough_lateral,202,15,terminated,1,0.269314531177123,,0.2990553561045699,0,0
A055,server,rough_lateral,202,16,none,0,0.33123667155676345,,0.29092615889422596,0,0
A055,server,rough_lateral,202,17,none,0,0.279605329355454,,0.26408374737110946,0,0
A055,server,rough_lateral,202,18,terminated,1,0.3086820504563378,,0.2745488734183564,0,0
A055,server,rough_lateral,202,19,none,0,0.3271578302517294,,0.1845142071074181,0,0
A055,server,rough_lateral,202,20,terminated,1,0.23717817831485666,,0.24808424732752085,0,0
A055,server,rough_lateral,202,21,terminated,1,0.3387289171550363,,0.2196883871438455,0,0
A055,server,rough_lateral,202,22,none,0,0.3060470857722236,,0.23499073491844394,0,0
A055,server,rough_lateral,202,23,terminated,1,0.25904391554587664,,0.20404411263433492,1,0
A055,server,rough_lateral,202,24,none,0,0.3452568254209457,,0.2326687307483435,0,0
A055,server,rough_lateral,202,25,terminated,1,0.3198291015497503,,0.291389113576203,1,0
A055,server,rough_lateral,202,26,terminated,1,0.32764278766624433,,0.21715752676185948,1,0
A055,server,rough_lateral,202,27,terminated,1,0.2271492968906056,,0.29319841732998425,0,0
A055,server,rough_lateral,202,28,none,0,0.30789331199332354,,0.29929274971532216,0,0
A055,server,rough_lateral,202,29,none,0,0.3291734955846307,,0.20538245986337275,0,0
A055,server,rough_lateral,202,30,none,0,0.27240443397014535,,0.29915244397413643,0,0
A055,server,rough_lateral,202,31,terminated,1,0.2653451279841642,,0.2134186419818015,0,0
A055,server,rough_lateral,303,0,none,0,0.31499059689554937,,0.2519262916219635,0,0
A055,server,rough_lateral,303,1,terminated,1,0.3182929326346851,,0.2673924732175761,0,0
A055,server,rough_lateral,303,2,height_only,1,0.3355372807080733,,0.2860291732764521,0,0
A055,server,rough_lateral,303,3,none,0,0.3229110182765971,,0.23999245413952847,0,0
A055,server,rough_lateral,303,4,none,0,0.3414108796234437,,0.17760924435937855,0,0
A055,server,rough_lateral,303,5,none,0,0.33287955597441465,,0.2156312008241917,0,0
A055,server,rough_lateral,303,6,terminated,1,0.33644632190306556,,0.33706848806664835,0,0
A055,server,rough_lateral,303,7,none,0,0.3171259452474309,,0.2953979342460392,0,0
A055,server,rough_lateral,303,8,terminated,1,0.31785102212492794,,0.3180014316895105,0,0
A055,server,rough_lateral,303,9,terminated,1,0.3474570123907079,,0.1998127729313197,0,0
A055,server,rough_lateral,303,10,terminated,1,0.3346577994326219,,0.24258139683969301,0,0
A055,server,rough_lateral,303,11,terminated,1,0.3313029531967194,,0.21993993757351704,1,0
A055,server,rough_lateral,303,12,none,0,0.30215076528449747,,0.26638231263357315,0,0
A055,server,rough_lateral,303,13,none,0,0.31745625968604163,,0.28220490111354335,0,0
A055,server,rough_lateral,303,14,none,0,0.278557991678702,,0.2952862447135337,0,0
A055,server,rough_lateral,303,15,none,0,0.32220053202646937,,0.19931237561172568,0,0
A055,server,rough_lateral,303,16,terminated,1,0.32185387762791334,,0.2707974100222277,1,0
A055,server,rough_lateral,303,17,none,0,0.3027189883956297,,0.29677045912432687,0,0
A055,server,rough_lateral,303,18,terminated,1,,,0.4205641082035981,0,0
A055,server,rough_lateral,303,19,terminated,1,0.25410383676781373,,0.27786649085866305,1,0
A055,server,rough_lateral,303,20,terminated,1,0.2909923556016728,,0.26076166382750127,0,0
A055,server,rough_lateral,303,21,terminated,1,0.3119771628775061,,0.19766163589540456,0,0
A055,server,rough_lateral,303,22,none,0,0.3023720191602401,,0.29129407154436765,0,0
A055,server,rough_lateral,303,23,terminated,1,0.25978409239952577,,0.2874114883588632,0,0
A055,server,rough_lateral,303,24,none,0,0.3243910624859805,,0.20985383140838804,0,0
A055,server,rough_lateral,303,25,terminated,1,0.32402891175632176,,0.21012952539323138,0,0
A055,server,rough_lateral,303,26,terminated,1,0.27701886946504767,,0.23406408016101973,0,0
A055,server,rough_lateral,303,27,terminated,1,0.33623445886660386,,0.21323841546505465,1,0
A055,server,rough_lateral,303,28,terminated,1,0.312104906707524,,0.30903218287853834,0,0
A055,server,rough_lateral,303,29,none,0,0.3431475825488248,,0.1790015848555677,0,0
A055,server,rough_lateral,303,30,terminated,1,0.3122603325920309,,0.2262321013527386,1,0
A055,server,rough_lateral,303,31,terminated,1,0.3171963234317494,,0.2702265562989319,0,0
A055,server,rough_forward,101,0,terminated,1,0.30599248170215176,,0.4081131651165667,1,0
A055,server,rough_forward,101,1,none,0,0.3067945183757792,,0.43743699183017243,0,0
A055,server,rough_forward,101,2,none,0,0.30849802454206393,,0.08922000123452196,0,0
A055,server,rough_forward,101,3,none,0,0.32581411692547924,,0.19608325122283296,0,0
A055,server,rough_forward,101,4,none,0,,,0.16051515567952515,0,0
A055,server,rough_forward,101,5,none,0,0.32046610778347057,,0.15217007241391484,0,0
A055,server,rough_forward,101,6,none,0,0.32864963020232907,,0.11894749141687457,0,0
A055,server,rough_forward,101,7,none,0,0.32167420691666115,,0.23486027671098952,0,0
A055,server,rough_forward,101,8,none,0,,,0.12543228143651985,0,0
A055,server,rough_forward,101,9,none,0,0.32875076900510225,,0.26979105225438516,0,0
A055,server,rough_forward,101,10,none,0,0.3287512660823404,,0.23945081258356649,0,0
A055,server,rough_forward,101,11,none,0,,,0.37251319387358534,0,0
A055,server,rough_forward,101,12,none,0,0.3029480540656789,,0.4221187164435847,0,0
A055,server,rough_forward,101,13,terminated,1,0.3209626728041287,,0.3144327377528021,0,0
A055,server,rough_forward,101,14,none,0,0.3255773010579023,,0.3718093586697265,0,0
A055,server,rough_forward,101,15,none,0,0.29986361768793934,,0.1483382044620385,0,0
A055,server,rough_forward,101,16,none,0,0.29561463827117884,,0.29112503470414547,0,0
A055,server,rough_forward,101,17,none,0,0.32499355484138837,,0.3662980668222075,0,0
A055,server,rough_forward,101,18,none,0,0.300305244438151,,0.37731954387203254,0,0
A055,server,rough_forward,101,19,terminated,1,0.2639157934622331,,0.18246778300880379,0,0
A055,server,rough_forward,101,20,none,0,0.30412006521607465,,0.47242036485624583,0,0
A055,server,rough_forward,101,21,none,0,,,0.4981989713849844,0,0
A055,server,rough_forward,101,22,terminated,1,0.29468726490270647,,0.33559400523131033,0,0
A055,server,rough_forward,101,23,none,0,0.33743492685218546,,0.4003291360839323,0,0
A055,server,rough_forward,101,24,height_only,1,0.30298287624662573,,0.29097619306478684,0,0
A055,server,rough_forward,101,25,none,0,0.23980504879976977,,0.12051852951300128,0,0
A055,server,rough_forward,101,26,none,0,0.32062774625691504,,0.11645424590336693,0,0
A055,server,rough_forward,101,27,none,0,,,0.5047999073403862,0,0
A055,server,rough_forward,101,28,none,0,0.30316452219843226,,0.1230036990863084,0,0
A055,server,rough_forward,101,29,none,0,0.28045019539282284,,0.1296105068314316,0,0
A055,server,rough_forward,101,30,none,0,0.31840714023393746,,0.2993062537156961,0,0
A055,server,rough_forward,101,31,none,0,0.31104096053118374,,0.10965237202850679,0,0
A055,server,rough_forward,202,0,none,0,0.29940369653510535,,0.38318848210162165,0,0
A055,server,rough_forward,202,1,none,0,0.30079686984340137,,0.3131977085400923,0,0
A055,server,rough_forward,202,2,none,0,0.3134077340364456,,0.13747590525472383,0,0
A055,server,rough_forward,202,3,none,0,0.32924837423837117,,0.37090834877812395,0,0
A055,server,rough_forward,202,4,none,0,0.32965314531708784,,0.4329088457383978,0,0
A055,server,rough_forward,202,5,none,0,0.32309222556052997,,0.11258625735211177,0,0
A055,server,rough_forward,202,6,none,0,0.2653338640609527,,0.4404838880465649,0,0
A055,server,rough_forward,202,7,none,0,0.3324422786101938,,0.09879460561679643,0,0
A055,server,rough_forward,202,8,none,0,0.31537426617693776,,0.3665210240771071,0,0
A055,server,rough_forward,202,9,none,0,0.3336854627266287,,0.4346293521948435,0,0
A055,server,rough_forward,202,10,none,0,0.2984061866679931,,0.14953860445738523,0,0
A055,server,rough_forward,202,11,none,0,0.31380375853196824,,0.12459883048504686,0,0
A055,server,rough_forward,202,12,none,0,0.3202577473964283,,0.39552465871650616,0,0
A055,server,rough_forward,202,13,none,0,0.3431616894860956,,0.13689886925193873,0,0
A055,server,rough_forward,202,14,none,0,0.3085547260900232,,0.37559363019051745,0,0
A055,server,rough_forward,202,15,height_only,1,0.2935397112592656,,0.34240909211732384,0,0
A055,server,rough_forward,202,16,none,0,0.32731945175219346,,0.25325767797883275,0,0
A055,server,rough_forward,202,17,none,0,0.3254780678506841,,0.2572083621228158,0,0
A055,server,rough_forward,202,18,none,0,0.31867351546325784,,0.45468655069125624,0,0
A055,server,rough_forward,202,19,none,0,0.30745485417026885,,0.225308381861363,0,0
A055,server,rough_forward,202,20,none,0,0.30931544040932374,,0.45273033450658823,0,0
A055,server,rough_forward,202,21,none,0,0.30325496690796017,,0.13224770839573882,0,0
A055,server,rough_forward,202,22,terminated,1,,,0.6025273820231754,0,0
A055,server,rough_forward,202,23,none,0,0.2789581163044282,,0.4352572244730565,0,0
A055,server,rough_forward,202,24,none,0,0.304916065883509,,0.45077512657968305,0,0
A055,server,rough_forward,202,25,height_only,1,0.30861611983036613,,0.37391092216012667,0,0
A055,server,rough_forward,202,26,none,0,0.33206958479103554,,0.1299020152696819,0,0
A055,server,rough_forward,202,27,none,0,,,0.3928856729178723,0,0
A055,server,rough_forward,202,28,none,0,0.30333272889654905,,0.16251199384305345,0,0
A055,server,rough_forward,202,29,none,0,,,0.4050313312223387,0,0
A055,server,rough_forward,202,30,none,0,0.29070258833826546,,0.48151316752977014,0,0
A055,server,rough_forward,202,31,none,0,0.30455736019075874,,0.1048533650865141,0,0
A055,server,rough_forward,303,0,none,0,0.32884136057473756,,0.3400772311893701,0,0
A055,server,rough_forward,303,1,none,0,0.28127663992942975,,0.14799040622410436,0,0
A055,server,rough_forward,303,2,none,0,0.32601432478364134,,0.49445706100250814,0,0
A055,server,rough_forward,303,3,none,0,0.3110244026317953,,0.3948084605951344,0,0
A055,server,rough_forward,303,4,none,0,0.3164184157223625,,0.31739053215482566,0,0
A055,server,rough_forward,303,5,none,0,0.32775509923218404,,0.11104773846404717,0,0
A055,server,rough_forward,303,6,none,0,0.32439367130478436,,0.16418071879942228,0,0
A055,server,rough_forward,303,7,none,0,0.3186278126456521,,0.46917287359970644,0,0
A055,server,rough_forward,303,8,none,0,0.277618213930232,,0.21345310117476293,0,0
A055,server,rough_forward,303,9,none,0,0.3232608735561371,,0.4515208835040588,0,0
A055,server,rough_forward,303,10,none,0,0.3290310813622041,,0.41428134093505065,0,0
A055,server,rough_forward,303,11,none,0,0.3159127187601385,,0.134693152122117,0,0
A055,server,rough_forward,303,12,none,0,0.3320892220512431,,0.34098169647003473,0,0
A055,server,rough_forward,303,13,none,0,0.31698643244842795,,0.3612231813942356,0,0
A055,server,rough_forward,303,14,height_only,1,0.2790538080554595,,0.2604225905949469,0,0
A055,server,rough_forward,303,15,terminated,1,0.29353550753810187,,0.1710754124110509,0,0
A055,server,rough_forward,303,16,none,0,0.31063685841101374,,0.26445815908425924,0,0
A055,server,rough_forward,303,17,none,0,0.3256481450031148,,0.18011096970199383,0,0
A055,server,rough_forward,303,18,none,0,0.3247679973190481,,0.1436853572821223,0,0
A055,server,rough_forward,303,19,height_only,1,0.25804413823201694,,0.39321908501696795,0,0
A055,server,rough_forward,303,20,height_only,1,0.30323493130066814,,0.27867882130871097,0,0
A055,server,rough_forward,303,21,none,0,0.32184738797300005,,0.3037151961849624,0,0
A055,server,rough_forward,303,22,none,0,0.29931321182352977,,0.4504678975922481,0,0
A055,server,rough_forward,303,23,none,0,0.31122841315473465,,0.10466507546998104,0,0
A055,server,rough_forward,303,24,none,0,0.3329996744738543,,0.40587756788130697,0,0
A055,server,rough_forward,303,25,none,0,0.3224008232355118,,0.1721699034195987,0,0
A055,server,rough_forward,303,26,none,0,0.2929225220559115,,0.4383897823708692,0,0
A055,server,rough_forward,303,27,none,0,0.31001025095661694,,0.28620429406188863,0,0
A055,server,rough_forward,303,28,none,0,0.326474357735027,,0.12482688378664711,0,0
A055,server,rough_forward,303,29,none,0,0.30931296737436303,,0.15839339943260816,0,0
A055,server,rough_forward,303,30,none,0,0.290204864134763,,0.12382731839772569,0,0
A055,server,rough_forward,303,31,none,0,0.31826798960486835,,0.19588127770797925,0,0
A055,server,stairs_10_down,101,0,height_only,1,0.27933512572298713,0,0.18974957866760628,0,0
A055,server,stairs_10_down,101,1,terminated,1,0.27961923556531815,0,0.4154381552896108,1,0
A055,server,stairs_10_down,101,2,height_only,1,0.3075374091532141,0,0.08148022909692779,0,0
A055,server,stairs_10_down,101,3,height_only,1,0.2973120843662935,0,0.196180413699356,0,0
A055,server,stairs_10_down,101,4,height_only,1,0.30981112976762704,0,0.07803762693213694,0,0
A055,server,stairs_10_down,101,5,height_only,1,0.3302739072929729,0,0.17135567979985847,0,0
A055,server,stairs_10_down,101,6,height_only,1,0.34075306092991553,0,0.07960244050016442,0,0
A055,server,stairs_10_down,101,7,height_only,1,0.33606503768400714,0,0.14598935745241298,0,0
A055,server,stairs_10_down,101,8,none,0,0.32496206502225944,0,0.4669779487444171,0,0
A055,server,stairs_10_down,101,9,height_only,1,0.34172303695729705,0,0.2986477179097794,0,0
A055,server,stairs_10_down,101,10,height_only,1,0.3106163365636917,0,0.09001034305985102,0,0
A055,server,stairs_10_down,101,11,height_only,1,0.28410452078370485,0,0.3817867640592076,0,0
A055,server,stairs_10_down,101,12,height_only,1,0.2935380594615631,0,0.24117839878399303,0,0
A055,server,stairs_10_down,101,13,height_only,1,0.29419767035838756,0,0.2033600792669896,0,1
A055,server,stairs_10_down,101,14,tilt_or_both,1,0.2944808329809159,0,0.40915364097626733,1,0
A055,server,stairs_10_down,101,15,height_only,1,0.3341155061747301,0,0.10975221321977606,0,0
A055,server,stairs_10_down,101,16,height_only,1,0.3266492968096453,0,0.25722667493429996,0,0
A055,server,stairs_10_down,101,17,height_only,1,0.3010284731732332,0,0.24319266938689962,0,0
A055,server,stairs_10_down,101,18,height_only,1,0.28603832838050824,0,0.103931468193214,0,0
A055,server,stairs_10_down,101,19,height_only,1,0.31164902090070085,0,0.08805473585593622,0,0
A055,server,stairs_10_down,101,20,height_only,1,0.334719380513232,0,0.07585025947985324,0,0
A055,server,stairs_10_down,101,21,height_only,1,0.30730303189652486,0,0.13013486736583302,0,0
A055,server,stairs_10_down,101,22,height_only,1,0.3012129074749462,0,0.18704570473380222,0,0
A055,server,stairs_10_down,101,23,height_only,1,0.291878727349368,0,0.09635875426413495,0,0
A055,server,stairs_10_down,101,24,height_only,1,0.25748431746334954,0,0.2430377633885674,0,0
A055,server,stairs_10_down,101,25,height_only,1,0.31636450977567687,0,0.40828350613705044,0,0
A055,server,stairs_10_down,101,26,height_only,1,0.30961698660238546,0,0.09860198828605658,0,0
A055,server,stairs_10_down,101,27,height_only,1,0.2829755087268544,0,0.3005435479844374,0,0
A055,server,stairs_10_down,101,28,height_only,1,0.28674835683827726,0,0.2224927546297984,0,0
A055,server,stairs_10_down,101,29,height_only,1,0.2780076715557333,1,0.10428014488574242,0,0
A055,server,stairs_10_down,101,30,height_only,1,0.3387532792786226,0,0.2486028285995096,0,0
A055,server,stairs_10_down,101,31,height_only,1,0.2883648824564276,0,0.24688029855080104,0,0
A055,server,stairs_10_down,202,0,tilt_or_both,1,0.26294769625612757,0,0.1117137432567834,1,0
A055,server,stairs_10_down,202,1,height_only,1,0.26008095556401956,0,0.24080428011308813,0,0
A055,server,stairs_10_down,202,2,height_only,1,0.3337342177323479,0,0.18564331711860893,0,0
A055,server,stairs_10_down,202,3,height_only,1,0.29454699047109023,0,0.32718047760775837,0,0
A055,server,stairs_10_down,202,4,height_only,1,0.3392547302864452,0,0.13027094191993266,0,0
A055,server,stairs_10_down,202,5,height_only,1,0.29005448010197293,0,0.26690022337770153,0,0
A055,server,stairs_10_down,202,6,height_only,1,0.2775668833345015,0,0.2195218127465506,0,0
A055,server,stairs_10_down,202,7,height_only,1,0.283261570222875,0,0.08506638473166904,0,0
A055,server,stairs_10_down,202,8,height_only,1,0.2927853160682209,0,0.2380159743936646,0,0
A055,server,stairs_10_down,202,9,height_only,1,0.29399531314717253,0,0.23867617777924885,0,0
A055,server,stairs_10_down,202,10,height_only,1,0.33263260946873036,0,0.07932768896661173,0,0
A055,server,stairs_10_down,202,11,tilt_or_both,1,0.31719587145642164,0,0.09101313611426771,1,1
A055,server,stairs_10_down,202,12,height_only,1,0.2952613339704626,0,0.17084753176099549,0,0
A055,server,stairs_10_down,202,13,height_only,1,0.3256190660643705,0,0.08622715602013457,0,0
A055,server,stairs_10_down,202,14,height_only,1,0.30269610841962746,0,0.18969232594840696,0,0
A055,server,stairs_10_down,202,15,height_only,1,0.3101332868962364,0,0.29141625267600957,0,0
A055,server,stairs_10_down,202,16,height_only,1,0.31562814738023726,0,0.15889239749687234,0,0
A055,server,stairs_10_down,202,17,height_only,1,0.29247132644933815,0,0.42305204949274977,0,0
A055,server,stairs_10_down,202,18,height_only,1,0.30094715092271407,0,0.29245566013834706,0,0
A055,server,stairs_10_down,202,19,height_only,1,0.2993785265614005,0,0.23132431717477528,0,0
A055,server,stairs_10_down,202,20,height_only,1,0.3048543243165959,0,0.23634921493263691,0,0
A055,server,stairs_10_down,202,21,height_only,1,0.326497926272173,0,0.27822689115314136,0,0
A055,server,stairs_10_down,202,22,height_only,1,0.2755817619555774,0,0.2987465705497091,0,0
A055,server,stairs_10_down,202,23,height_only,1,0.2942626567129145,0,0.09552328776594657,0,1
A055,server,stairs_10_down,202,24,height_only,1,0.29125445666797656,0,0.3363201039504246,0,0
A055,server,stairs_10_down,202,25,height_only,1,0.27691860369501264,0,0.4279640622858583,0,0
A055,server,stairs_10_down,202,26,height_only,1,0.30565024011912834,0,0.1307615268201556,0,0
A055,server,stairs_10_down,202,27,terminated,1,0.310878321369064,0,0.38936953934639135,1,0
A055,server,stairs_10_down,202,28,height_only,1,0.32593128300286867,0,0.07399891981381082,0,0
A055,server,stairs_10_down,202,29,height_only,1,0.3079214086507094,0,0.2076564824956405,0,0
A055,server,stairs_10_down,202,30,height_only,1,0.2854688395472134,0,0.18467843322007457,0,0
A055,server,stairs_10_down,202,31,tilt_or_both,1,0.29569581820365576,0,0.4081658565755347,1,0
A055,server,stairs_10_down,303,0,height_only,1,0.3206810452402594,0,0.32893504852542715,0,0
A055,server,stairs_10_down,303,1,height_only,1,0.2995911874873115,0,0.293118988101616,0,0
A055,server,stairs_10_down,303,2,height_only,1,0.30538361133101155,0,0.07596266670658253,0,0
A055,server,stairs_10_down,303,3,height_only,1,0.33109683220717995,0,0.4428592323710369,0,0
A055,server,stairs_10_down,303,4,height_only,1,0.30048202145545877,0,0.4730498572295967,0,0
A055,server,stairs_10_down,303,5,height_only,1,0.27487110621470184,0,0.2730116065784605,0,0
A055,server,stairs_10_down,303,6,height_only,1,0.3125694237928339,0,0.098002140386388,0,0
A055,server,stairs_10_down,303,7,height_only,1,0.32980688075649545,0,0.1651222248671548,0,0
A055,server,stairs_10_down,303,8,height_only,1,0.2840165529340346,0,0.1166337040684115,0,0
A055,server,stairs_10_down,303,9,none,0,0.3041920296967348,0,0.4831316973975751,0,0
A055,server,stairs_10_down,303,10,height_only,1,0.2892087646187308,0,0.25348245597963,0,0
A055,server,stairs_10_down,303,11,tilt_or_both,1,0.28761693022467877,0,0.40515403572140585,1,1
A055,server,stairs_10_down,303,12,height_only,1,0.31710406763349624,0,0.0817845620191663,0,0
A055,server,stairs_10_down,303,13,height_only,1,0.30903679586668065,0,0.30961648649312984,0,0
A055,server,stairs_10_down,303,14,height_only,1,0.28783261959246775,0,0.2748307214816525,0,0
A055,server,stairs_10_down,303,15,height_only,1,0.2958647225470466,0,0.22624786167275618,0,0
A055,server,stairs_10_down,303,16,height_only,1,0.2843451295147605,0,0.3910776744836915,0,0
A055,server,stairs_10_down,303,17,height_only,1,0.3206755489429688,0,0.08046278666674424,0,0
A055,server,stairs_10_down,303,18,height_only,1,0.2616440376495932,0,0.22237881456286812,0,0
A055,server,stairs_10_down,303,19,height_only,1,0.2976860389671224,1,0.09997482451998653,0,0
A055,server,stairs_10_down,303,20,height_only,1,0.24585105797504997,0,0.11603965095115507,0,0
A055,server,stairs_10_down,303,21,height_only,1,0.33137461662611223,0,0.08173347008573452,0,0
A055,server,stairs_10_down,303,22,height_only,1,0.31707867661261946,0,0.13575144409060383,0,0
A055,server,stairs_10_down,303,23,height_only,1,0.3194792372657654,0,0.24947397058578963,0,1
A055,server,stairs_10_down,303,24,none,0,0.2895888710882574,0,0.4812262626587761,0,0
A055,server,stairs_10_down,303,25,height_only,1,0.325352608201338,0,0.07331345530222297,0,0
A055,server,stairs_10_down,303,26,height_only,1,0.2973721175589026,0,0.16614795878959832,0,0
A055,server,stairs_10_down,303,27,height_only,1,0.2665865096178922,0,0.25785340990824496,0,0
A055,server,stairs_10_down,303,28,height_only,1,0.31192697241982037,0,0.23344165311942966,0,0
A055,server,stairs_10_down,303,29,height_only,1,0.33396767637627645,0,0.2654315073778197,0,0
A055,server,stairs_10_down,303,30,height_only,1,0.24468556476786807,0,0.1518080325385467,0,0
A055,server,stairs_10_down,303,31,height_only,1,0.2818098403712645,0,0.450988690640117,0,0
A055,server,stairs_15_down,101,0,height_only,1,0.2692772640901453,0,0.2161665293916264,0,0
A055,server,stairs_15_down,101,1,height_only,1,0.28077158029066696,0,0.2973921437731788,0,0
A055,server,stairs_15_down,101,2,height_only,1,0.29944636254387114,0,0.08130706266512185,0,1
A055,server,stairs_15_down,101,3,height_only,1,0.27409427784343454,0,0.10011593754240539,0,0
A055,server,stairs_15_down,101,4,height_only,1,0.3102088251853372,0,0.07594168933253338,0,0
A055,server,stairs_15_down,101,5,height_only,1,0.3191809348244081,0,0.07591533407665081,0,0
A055,server,stairs_15_down,101,6,height_only,1,0.3404095520310224,0,0.08008273840372665,0,0
A055,server,stairs_15_down,101,7,height_only,1,0.3290203986639645,0,0.07257995742079532,0,0
A055,server,stairs_15_down,101,8,height_only,1,0.3204378586083172,0,0.4678038462545697,0,0
A055,server,stairs_15_down,101,9,height_only,1,0.3352218753195064,0,0.07457650059237403,0,0
A055,server,stairs_15_down,101,10,height_only,1,0.30611869852173135,0,0.09392621293578916,0,0
A055,server,stairs_15_down,101,11,terminated,1,0.26351760160476767,0,0.1042907315499214,0,0
A055,server,stairs_15_down,101,12,height_only,1,0.2754605563885388,0,0.08505494884850742,0,0
A055,server,stairs_15_down,101,13,height_only,1,0.2686683577012251,0,0.37995196581109336,0,0
A055,server,stairs_15_down,101,14,height_only,1,0.268155347217213,0,0.1818342404447979,0,0
A055,server,stairs_15_down,101,15,height_only,1,0.3338521658418012,0,0.05945522311877609,0,0
A055,server,stairs_15_down,101,16,height_only,1,0.3221017903185146,0,0.0830093486410428,0,0
A055,server,stairs_15_down,101,17,height_only,1,0.2780836010999221,0,0.09557144280956435,0,0
A055,server,stairs_15_down,101,18,height_only,1,0.25867601862565714,0,0.09717875971341532,0,0
A055,server,stairs_15_down,101,19,height_only,1,0.3036728651128351,0,0.08813328222773333,0,0
A055,server,stairs_15_down,101,20,height_only,1,0.3302356409516565,0,0.07773474593530502,0,0
A055,server,stairs_15_down,101,21,height_only,1,0.2933206013179718,0,0.07525304098028876,0,1
A055,server,stairs_15_down,101,22,height_only,1,0.2938363665246708,0,0.1055654540216366,0,0
A055,server,stairs_15_down,101,23,height_only,1,0.2717242785953583,0,0.11257884554014065,0,0
A055,server,stairs_15_down,101,24,height_only,1,0.2456774842292867,0,0.11380782489034143,0,0
A055,server,stairs_15_down,101,25,height_only,1,0.31269584715685106,0,0.08592138907339063,0,0
A055,server,stairs_15_down,101,26,height_only,1,0.2995826963753624,0,0.08830414727316536,0,0
A055,server,stairs_15_down,101,27,height_only,1,0.2578990166200036,0,0.3282227532236355,0,0
A055,server,stairs_15_down,101,28,height_only,1,0.26156478705890673,0,0.10381158456129906,0,0
A055,server,stairs_15_down,101,29,height_only,1,0.24841894440472445,0,0.10229283972896244,0,1
A055,server,stairs_15_down,101,30,height_only,1,0.33426681495605304,0,0.07713761361071014,0,0
A055,server,stairs_15_down,101,31,height_only,1,0.29268949395195043,0,0.08754491452907825,0,0
A055,server,stairs_15_down,202,0,height_only,1,0.24251875201648565,0,0.11164530022387371,0,1
A055,server,stairs_15_down,202,1,height_only,1,,0,0.11036644183344756,0,0
A055,server,stairs_15_down,202,2,height_only,1,0.33305532568916274,0,0.07545085620935706,0,0
A055,server,stairs_15_down,202,3,height_only,1,0.2789310267902313,0,0.06301027618135138,0,0
A055,server,stairs_15_down,202,4,height_only,1,0.33874798410716533,0,0.07035389551629889,0,0
A055,server,stairs_15_down,202,5,height_only,1,0.26605115089824494,0,0.09428530416652771,0,0
A055,server,stairs_15_down,202,6,height_only,1,0.272726267894959,0,0.10377320972893343,0,1
A055,server,stairs_15_down,202,7,height_only,1,0.2538446917890865,0,0.07419116303415851,0,0
A055,server,stairs_15_down,202,8,height_only,1,0.29014253552584723,0,0.08188969468602625,0,1
A055,server,stairs_15_down,202,9,height_only,1,0.2833500354685248,0,0.09357674558583555,0,0
A055,server,stairs_15_down,202,10,height_only,1,0.32829933131442346,0,0.07882095982957606,0,0
A055,server,stairs_15_down,202,11,height_only,1,0.3185245774009011,0,0.08984425199429472,0,0
A055,server,stairs_15_down,202,12,height_only,1,0.26860159029935127,0,0.22168566686669747,0,0
A055,server,stairs_15_down,202,13,height_only,1,0.3200324225553217,0,0.0854178934589788,0,0
A055,server,stairs_15_down,202,14,height_only,1,0.2964372018123056,0,0.07931695276624151,0,0
A055,server,stairs_15_down,202,15,terminated,1,0.3053543569251177,0,0.22929837432185546,0,1
A055,server,stairs_15_down,202,16,height_only,1,0.3032448146751221,0,0.06305975478586621,0,0
A055,server,stairs_15_down,202,17,height_only,1,0.2773460557754027,0,0.0912183982281898,0,0
A055,server,stairs_15_down,202,18,height_only,1,0.29608240739547,0,0.08092909323997972,0,0
A055,server,stairs_15_down,202,19,height_only,1,0.28349802997660506,0,0.16839304866807092,0,0
A055,server,stairs_15_down,202,20,height_only,1,0.30171231136602505,0,0.09483831268022837,0,0
A055,server,stairs_15_down,202,21,height_only,1,0.3192116839681717,0,0.12958839040436584,0,0
A055,server,stairs_15_down,202,22,height_only,1,0.2472284943024743,0,0.0874234750120119,0,0
A055,server,stairs_15_down,202,23,height_only,1,0.28211321932746763,0,0.10228057874530322,0,1
A055,server,stairs_15_down,202,24,height_only,1,0.27821844274347474,0,0.07510410227997441,0,1
A055,server,stairs_15_down,202,25,height_only,1,0.2441635522294172,0,0.12177727782284063,0,0
A055,server,stairs_15_down,202,26,height_only,1,0.2939588162988265,0,0.08573277338486815,0,0
A055,server,stairs_15_down,202,27,height_only,1,0.30457718518966026,0,0.21034493613794236,0,0
A055,server,stairs_15_down,202,28,height_only,1,0.3238817741845381,0,0.07499301168934071,0,0
A055,server,stairs_15_down,202,29,height_only,1,0.2912398455614713,0,0.08164062585103612,0,0
A055,server,stairs_15_down,202,30,height_only,1,0.2818807516506012,0,0.08822294767334724,0,0
A055,server,stairs_15_down,202,31,height_only,1,0.2865219871628093,0,0.15510663515290685,0,0
A055,server,stairs_15_down,303,0,height_only,1,0.3112154043613271,0,0.4458099403658607,0,0
A055,server,stairs_15_down,303,1,height_only,1,0.28670938512220745,0,0.1830311765106063,0,0
A055,server,stairs_15_down,303,2,height_only,1,0.28690351458156815,0,0.4771424812960284,0,0
A055,server,stairs_15_down,303,3,height_only,1,0.32779164237772085,0,0.07544457383387149,0,0
A055,server,stairs_15_down,303,4,height_only,1,0.28308010165066644,0,0.09750311872022117,0,0
A055,server,stairs_15_down,303,5,height_only,1,0.28109203446357645,0,0.10697780718626251,0,0
A055,server,stairs_15_down,303,6,height_only,1,0.3052980533258163,0,0.10346550641194863,0,0
A055,server,stairs_15_down,303,7,height_only,1,0.32606789262537017,0,0.08371302897631529,0,0
A055,server,stairs_15_down,303,8,height_only,1,0.2600079188372362,0,0.26312252150475735,0,0
A055,server,stairs_15_down,303,9,height_only,1,0.29950314377718423,0,0.22013768711062487,0,0
A055,server,stairs_15_down,303,10,height_only,1,0.265943389525388,0,0.10004694689627017,0,0
A055,server,stairs_15_down,303,11,height_only,1,0.2807679734128044,0,0.10007948772337048,0,0
A055,server,stairs_15_down,303,12,height_only,1,0.30731799401701454,0,0.08593127361464793,0,1
A055,server,stairs_15_down,303,13,height_only,1,0.29800319958498134,0,0.07575411361117561,0,0
A055,server,stairs_15_down,303,14,height_only,1,0.2851328838636531,0,0.28985505142764134,0,0
A055,server,stairs_15_down,303,15,height_only,1,0.2771268568255685,0,0.0725191146273447,0,0
A055,server,stairs_15_down,303,16,height_only,1,0.27071647497421913,0,0.09726703679383046,0,0
A055,server,stairs_15_down,303,17,height_only,1,0.32444011256656546,0,0.08686218168690694,0,0
A055,server,stairs_15_down,303,18,height_only,1,,0,0.12620828494664452,0,0
A055,server,stairs_15_down,303,19,height_only,1,0.2916414755232194,0,0.10123467207948995,0,0
A055,server,stairs_15_down,303,20,height_only,1,,0,0.12282266132926514,0,0
A055,server,stairs_15_down,303,21,height_only,1,0.32765143280998277,0,0.06453442346888438,0,0
A055,server,stairs_15_down,303,22,height_only,1,0.3022128002528839,0,0.23228558074449884,0,0
A055,server,stairs_15_down,303,23,height_only,1,0.310195268794177,0,0.08725149091886707,0,0
A055,server,stairs_15_down,303,24,height_only,1,0.2688928678392727,0,0.08334752160214025,0,0
A055,server,stairs_15_down,303,25,height_only,1,0.31929789077151915,0,0.07059981170300668,0,0
A055,server,stairs_15_down,303,26,height_only,1,0.2823784561718211,0,0.2374606049933007,0,1
A055,server,stairs_15_down,303,27,height_only,1,0.27237027309795114,0,0.08095107463366662,0,0
A055,server,stairs_15_down,303,28,height_only,1,0.304563777810112,0,0.07945920881717171,0,0
A055,server,stairs_15_down,303,29,height_only,1,0.3313210463141375,0,0.09192765991010435,0,0
A055,server,stairs_15_down,303,30,height_only,1,0.26518759673291986,0,0.18275703781761463,0,0
A055,server,stairs_15_down,303,31,height_only,1,0.2722664902554477,0,0.10831564954833392,0,0
A055,server,combined_yaw_right,101,0,none,0,0.3261173920516662,,0.07089314785178444,0,0
A055,server,combined_yaw_right,101,1,none,0,0.3381797766940479,,0.07279616894389646,0,0
A055,server,combined_yaw_right,101,2,none,0,0.3224061030276957,,0.0754013718988232,0,0
A055,server,combined_yaw_right,101,3,none,0,0.34165040280092207,,0.07095696153852361,0,0
A055,server,combined_yaw_right,101,4,none,0,0.32006355705745715,,0.07322662425904769,0,0
A055,server,combined_yaw_right,101,5,none,0,0.3436158497065784,,0.07375790089038498,0,0
A055,server,combined_yaw_right,101,6,none,0,0.3346503046266535,,0.07232593728226587,0,0
A055,server,combined_yaw_right,101,7,none,0,0.3362440985632453,,0.06913854127175155,0,0
A055,server,combined_yaw_right,101,8,none,0,0.33411750189442047,,0.0712777274917306,0,0
A055,server,combined_yaw_right,101,9,none,0,0.3426977315529145,,0.07484859260288247,0,0
A055,server,combined_yaw_right,101,10,none,0,0.31819336777702373,,0.08113658401797712,0,0
A055,server,combined_yaw_right,101,11,none,0,0.33050559253934875,,0.07011220454805547,0,0
A055,server,combined_yaw_right,101,12,none,0,0.3265815944595133,,0.0727554232880941,0,0
A055,server,combined_yaw_right,101,13,none,0,0.33452919946316095,,0.07053120392872358,0,0
A055,server,combined_yaw_right,101,14,none,0,0.3335412565399619,,0.06966961743062776,0,0
A055,server,combined_yaw_right,101,15,none,0,0.33801901794691136,,0.07135552890751909,0,0
A055,server,combined_yaw_right,101,16,none,0,0.3353876555189092,,0.07446623892440238,0,0
A055,server,combined_yaw_right,101,17,none,0,0.33757190565693185,,0.07259898783159899,0,0
A055,server,combined_yaw_right,101,18,none,0,0.32136441289103607,,0.07499496500665968,0,0
A055,server,combined_yaw_right,101,19,none,0,0.34031128437123837,,0.07361921282589508,0,0
A055,server,combined_yaw_right,101,20,none,0,0.3373573784203453,,0.07093637714469006,0,0
A055,server,combined_yaw_right,101,21,none,0,0.3340049286417782,,0.07247567268749139,0,0
A055,server,combined_yaw_right,101,22,none,0,0.31504995411730063,,0.07813483446036985,0,0
A055,server,combined_yaw_right,101,23,none,0,0.3274818647672786,,0.0704042895018381,0,0
A055,server,combined_yaw_right,101,24,none,0,0.319664423159737,,0.07869899921890096,0,0
A055,server,combined_yaw_right,101,25,none,0,0.3183636308353852,,0.07591050813894117,0,0
A055,server,combined_yaw_right,101,26,none,0,0.32070998042662513,,0.07387184347994225,0,0
A055,server,combined_yaw_right,101,27,none,0,0.3164076583589462,,0.07255883664839961,0,0
A055,server,combined_yaw_right,101,28,none,0,0.32570672035217285,,0.07231417490900181,0,0
A055,server,combined_yaw_right,101,29,none,0,0.3190734053359312,,0.07894439172800224,0,0
A055,server,combined_yaw_right,101,30,none,0,0.34395732344153096,,0.07616200232284004,0,0
A055,server,combined_yaw_right,101,31,none,0,0.333320054380014,,0.07261688308312188,0,0
A055,server,combined_yaw_right,202,0,none,0,0.3130578585168257,,0.084161241364298,0,0
A055,server,combined_yaw_right,202,1,none,0,0.3203300624129607,,0.07278682852156738,0,0
A055,server,combined_yaw_right,202,2,none,0,0.33594569460274704,,0.07089071454764702,0,0
A055,server,combined_yaw_right,202,3,none,0,0.34699308553481484,,0.0741596226744135,0,0
A055,server,combined_yaw_right,202,4,none,0,0.3381551592585875,,0.07217349134274023,0,0
A055,server,combined_yaw_right,202,5,none,0,0.3226904112068727,,0.07071384117000509,0,0
A055,server,combined_yaw_right,202,6,none,0,0.3236102879366135,,0.07298699395767101,0,0
A055,server,combined_yaw_right,202,7,none,0,0.337355666141459,,0.07324488609360302,0,0
A055,server,combined_yaw_right,202,8,none,0,0.31583714628602094,,0.0797389710840008,0,0
A055,server,combined_yaw_right,202,9,none,0,0.34293397137506765,,0.07457736657717842,0,0
A055,server,combined_yaw_right,202,10,none,0,0.34003824728695464,,0.08271665012751715,0,0
A055,server,combined_yaw_right,202,11,none,0,0.33333342080129025,,0.07382033439895538,0,0
A055,server,combined_yaw_right,202,12,none,0,0.3158176492720364,,0.07549515325918545,0,0
A055,server,combined_yaw_right,202,13,none,0,0.33738536415571835,,0.07182850614364342,0,0
A055,server,combined_yaw_right,202,14,none,0,0.3186399135838218,,0.07619524745914981,0,0
A055,server,combined_yaw_right,202,15,none,0,0.3187535106338919,,0.07657176782014173,0,0
A055,server,combined_yaw_right,202,16,none,0,0.33937641532025875,,0.07856707221533413,0,0
A055,server,combined_yaw_right,202,17,none,0,0.32569136490477596,,0.07360635474500649,0,0
A055,server,combined_yaw_right,202,18,none,0,0.32890490972422026,,0.07385269893199736,0,0
A055,server,combined_yaw_right,202,19,none,0,0.3399144997571241,,0.07558258384994732,0,0
A055,server,combined_yaw_right,202,20,none,0,0.3141069665630871,,0.07741113941905717,0,0
A055,server,combined_yaw_right,202,21,none,0,0.33227606484278005,,0.06792420809626352,0,0
A055,server,combined_yaw_right,202,22,none,0,0.3145315502894753,,0.0729339020911868,0,0
A055,server,combined_yaw_right,202,23,none,0,0.3139942282820768,,0.07837754854964395,0,0
A055,server,combined_yaw_right,202,24,none,0,0.34058299413658083,,0.07325219698560476,0,0
A055,server,combined_yaw_right,202,25,none,0,0.30696772532985805,,0.07810162283524383,0,0
A055,server,combined_yaw_right,202,26,none,0,0.34442446759359086,,0.07633116776496172,0,0
A055,server,combined_yaw_right,202,27,none,0,0.3158426700747587,,0.08061127021335054,0,0
A055,server,combined_yaw_right,202,28,none,0,0.33442427751852233,,0.06921736512257656,0,0
A055,server,combined_yaw_right,202,29,none,0,0.33997549060831733,,0.07109426649801281,0,0
A055,server,combined_yaw_right,202,30,none,0,0.3154476227607319,,0.07703164583121833,0,0
A055,server,combined_yaw_right,202,31,none,0,0.31102229790254077,,0.07940379142388992,0,0
A055,server,combined_yaw_right,303,0,none,0,0.3408330444664879,,0.0742770147957725,0,0
A055,server,combined_yaw_right,303,1,none,0,0.3227753528458549,,0.07238993147492793,0,0
A055,server,combined_yaw_right,303,2,none,0,0.3336695917149916,,0.07118275354680983,0,0
A055,server,combined_yaw_right,303,3,none,0,0.33690533121639393,,0.07222965223270138,0,0
A055,server,combined_yaw_right,303,4,none,0,0.34174524709821386,,0.0730454394638931,0,0
A055,server,combined_yaw_right,303,5,none,0,0.3422333296926264,,0.0721633694677405,0,0
A055,server,combined_yaw_right,303,6,none,0,0.3374634766801793,,0.07030186608075494,0,0
A055,server,combined_yaw_right,303,7,none,0,0.33865132991642877,,0.0711194551211819,0,0
A055,server,combined_yaw_right,303,8,none,0,0.3338474341254821,,0.0720218744984786,0,0
A055,server,combined_yaw_right,303,9,none,0,0.3359604155953555,,0.0711048883898308,0,0
A055,server,combined_yaw_right,303,10,none,0,0.33137682311356387,,0.07173567569766112,0,0
A055,server,combined_yaw_right,303,11,none,0,0.3276433754254152,,0.07326367015481162,0,0
A055,server,combined_yaw_right,303,12,none,0,0.3360603164064693,,0.07149768825521757,0,0
A055,server,combined_yaw_right,303,13,none,0,0.33921474999285,,0.07360996926019567,0,0
A055,server,combined_yaw_right,303,14,none,0,0.3161972123671343,,0.07613718833082941,0,0
A055,server,combined_yaw_right,303,15,none,0,0.34074008926988286,,0.07156907743000145,0,0
A055,server,combined_yaw_right,303,16,none,0,0.33198586536601266,,0.07260736782084098,0,0
A055,server,combined_yaw_right,303,17,none,0,0.3237709762418971,,0.0746870122148055,0,0
A055,server,combined_yaw_right,303,18,none,0,0.3250165309976129,,0.07336328703179226,0,0
A055,server,combined_yaw_right,303,19,none,0,0.31711568862677897,,0.07888795441004819,0,0
A055,server,combined_yaw_right,303,20,none,0,0.31265781094683687,,0.08138565207572525,0,0
A055,server,combined_yaw_right,303,21,none,0,0.3357768428516898,,0.0727493206660671,0,0
A055,server,combined_yaw_right,303,22,none,0,0.34197512627604176,,0.07089721538935617,0,0
A055,server,combined_yaw_right,303,23,none,0,0.33265630892891296,,0.07155563394531089,0,0
A055,server,combined_yaw_right,303,24,none,0,0.33492271705744736,,0.07168358017555956,0,0
A055,server,combined_yaw_right,303,25,none,0,0.33354270904459415,,0.08128358143413443,0,0
A055,server,combined_yaw_right,303,26,none,0,0.33385544250355687,,0.07122219869767042,0,0
A055,server,combined_yaw_right,303,27,none,0,0.32434068923009274,,0.07373513076081142,0,0
A055,server,combined_yaw_right,303,28,none,0,0.3446357530706069,,0.08357768863793583,0,0
A055,server,combined_yaw_right,303,29,none,0,0.3389549433866287,,0.07318171687610102,0,0
A055,server,combined_yaw_right,303,30,none,0,0.3256047103494246,,0.07271584108559696,0,0
A055,server,combined_yaw_right,303,31,none,0,0.3184880317851184,,0.07467085972376046,0,0
PC_A048,pc,rough_lateral,101,0,none,0,0.3682439349551889,,0.26519932596867496,0,0
PC_A048,pc,rough_lateral,101,1,terminated,1,0.37547723741773614,,0.19878254653343239,1,0
PC_A048,pc,rough_lateral,101,2,none,0,0.33572525439415385,,0.2563047492620013,0,0
PC_A048,pc,rough_lateral,101,3,none,0,0.3887818184765902,,0.12210663904238568,0,0
PC_A048,pc,rough_lateral,101,4,none,0,0.35414902650736235,,0.24116191213677898,0,0
PC_A048,pc,rough_lateral,101,5,none,0,0.380531455504703,,0.23123951049696664,0,0
PC_A048,pc,rough_lateral,101,6,terminated,1,0.3782239722854951,,0.2807447834716351,1,0
PC_A048,pc,rough_lateral,101,7,none,0,0.3605718627014262,,0.19148171286283544,0,0
PC_A048,pc,rough_lateral,101,8,terminated,1,0.3649022098690431,,0.20934462029457473,1,0
PC_A048,pc,rough_lateral,101,9,terminated,1,0.3821365303374866,,0.2166327809479319,0,0
PC_A048,pc,rough_lateral,101,10,height_only,1,0.3733273805143999,,0.1887015000860168,0,0
PC_A048,pc,rough_lateral,101,11,none,0,0.38866012236651254,,0.15817696937926684,0,0
PC_A048,pc,rough_lateral,101,12,terminated,1,0.3698602168955267,,0.3322588125142509,1,0
PC_A048,pc,rough_lateral,101,13,none,0,0.3830466544564395,,0.12826137918005223,0,0
PC_A048,pc,rough_lateral,101,14,terminated,1,0.37859239887426244,,0.274615201646627,0,0
PC_A048,pc,rough_lateral,101,15,terminated,1,0.36099245713993827,,0.1754663658160016,0,0
PC_A048,pc,rough_lateral,101,16,none,0,0.3871257894816883,,0.12247770069171124,0,0
PC_A048,pc,rough_lateral,101,17,terminated,1,0.3762105318473622,,0.28077525906006556,0,0
PC_A048,pc,rough_lateral,101,18,tilt_or_both,1,0.3609366531678062,,0.1906806103854921,1,0
PC_A048,pc,rough_lateral,101,19,none,0,0.37537985028111365,,0.20856777824108716,0,0
PC_A048,pc,rough_lateral,101,20,none,0,0.39379527423789795,,0.10392220793563266,0,0
PC_A048,pc,rough_lateral,101,21,height_only,1,0.38796536632400147,,0.21025670503151064,0,0
PC_A048,pc,rough_lateral,101,22,terminated,1,0.36704661501920155,,0.2199580072919142,1,0
PC_A048,pc,rough_lateral,101,23,none,0,0.38636033340571396,,0.24930307789540937,0,0
PC_A048,pc,rough_lateral,101,24,terminated,1,0.38629201819552456,,0.15681908999764463,0,0
PC_A048,pc,rough_lateral,101,25,terminated,1,0.3722565786883155,,0.15225701288702645,1,0
PC_A048,pc,rough_lateral,101,26,terminated,1,0.34872901702628417,,0.16008535181000552,1,0
PC_A048,pc,rough_lateral,101,27,none,0,0.3736211917298363,,0.1722182873922207,0,0
PC_A048,pc,rough_lateral,101,28,tilt_or_both,1,0.3208135160851606,,0.49388675432840434,1,0
PC_A048,pc,rough_lateral,101,29,none,0,0.38358116707699824,,0.1625759455605472,0,0
PC_A048,pc,rough_lateral,101,30,none,0,0.3860363855081446,,0.13302941516327874,0,0
PC_A048,pc,rough_lateral,101,31,none,0,0.37189215907757295,,0.15463553170062955,0,0
PC_A048,pc,rough_lateral,202,0,terminated,1,0.3670125512834539,,0.22437008160057867,1,0
PC_A048,pc,rough_lateral,202,1,terminated,1,,,,1,0
PC_A048,pc,rough_lateral,202,2,terminated,1,0.37996314936143194,,0.13800981321195802,1,0
PC_A048,pc,rough_lateral,202,3,terminated,1,0.37637624447358486,,0.17777543439605806,0,0
PC_A048,pc,rough_lateral,202,4,terminated,1,0.3911373233572047,,0.18331937218565222,1,0
PC_A048,pc,rough_lateral,202,5,terminated,1,0.37261880655339696,,0.19331409387398096,1,0
PC_A048,pc,rough_lateral,202,6,none,0,0.33979555279175866,,0.20832383173471508,0,0
PC_A048,pc,rough_lateral,202,7,terminated,1,0.36520454407057024,,0.22772050487135287,1,0
PC_A048,pc,rough_lateral,202,8,terminated,1,0.3465276499164296,,0.3875533798834497,0,0
PC_A048,pc,rough_lateral,202,9,terminated,1,,,0.5572543664046522,1,0
PC_A048,pc,rough_lateral,202,10,terminated,1,0.3828665413321021,,0.23500342843754737,1,0
PC_A048,pc,rough_lateral,202,11,tilt_or_both,1,0.38420203973584,,0.15388065783105362,1,0
PC_A048,pc,rough_lateral,202,12,terminated,1,0.3692511008544402,,0.2278350063517906,0,0
PC_A048,pc,rough_lateral,202,13,terminated,1,0.366293688508916,,0.289240683528191,0,0
PC_A048,pc,rough_lateral,202,14,terminated,1,0.36924565659168573,,0.2591469656908775,0,0
PC_A048,pc,rough_lateral,202,15,terminated,1,0.36568412439708403,,0.1737366079591438,1,0
PC_A048,pc,rough_lateral,202,16,none,0,0.38033618813848746,,0.13767701939731194,0,0
PC_A048,pc,rough_lateral,202,17,none,0,0.34228389339651016,,0.205051165362597,0,0
PC_A048,pc,rough_lateral,202,18,terminated,1,,,0.42417998296597265,1,0
PC_A048,pc,rough_lateral,202,19,terminated,1,0.3383521947631224,,0.4912397041008496,0,0
PC_A048,pc,rough_lateral,202,20,terminated,1,0.3640440686501284,,0.2331631369027617,1,0
PC_A048,pc,rough_lateral,202,21,terminated,1,0.369799622797711,,0.20903751426584322,1,0
PC_A048,pc,rough_lateral,202,22,terminated,1,,,0.5232140556520138,1,0
PC_A048,pc,rough_lateral,202,23,terminated,1,0.3681185635175297,,0.12462460323525364,1,0
PC_A048,pc,rough_lateral,202,24,none,0,0.38775511516288,,0.22343116473758418,0,0
PC_A048,pc,rough_lateral,202,25,terminated,1,0.3053443665332335,,0.39763146541662875,0,0
PC_A048,pc,rough_lateral,202,26,terminated,1,0.38301939696551646,,0.23577605857236125,0,0
PC_A048,pc,rough_lateral,202,27,terminated,1,0.3702626287299682,,0.3019083904603022,1,0
PC_A048,pc,rough_lateral,202,28,none,0,0.31827563326307795,,0.3026060718848699,0,0
PC_A048,pc,rough_lateral,202,29,terminated,1,0.3779229091450492,,0.21965794069462552,1,0
PC_A048,pc,rough_lateral,202,30,none,0,0.3779284079922712,,0.21691762552038052,0,0
PC_A048,pc,rough_lateral,202,31,terminated,1,0.3429136989429035,,0.37144141451940976,0,0
PC_A048,pc,rough_lateral,303,0,none,0,0.3658369577982846,,0.22698966616510266,0,0
PC_A048,pc,rough_lateral,303,1,terminated,1,0.3724942365113426,,0.2223275035953865,0,0
PC_A048,pc,rough_lateral,303,2,terminated,1,0.38166339328901017,,0.20305154248037388,0,0
PC_A048,pc,rough_lateral,303,3,terminated,1,,,0.3201818337814297,1,0
PC_A048,pc,rough_lateral,303,4,terminated,1,0.38282327951594475,,0.2169614970010397,0,0
PC_A048,pc,rough_lateral,303,5,none,0,0.3684999956326051,,0.24322219707505005,0,0
PC_A048,pc,rough_lateral,303,6,none,0,0.3880454276334793,,0.11812692886463877,0,0
PC_A048,pc,rough_lateral,303,7,terminated,1,0.3743834882018401,,0.14488727041122823,1,0
PC_A048,pc,rough_lateral,303,8,terminated,1,0.35832527686249127,,0.22130206890682677,0,0
PC_A048,pc,rough_lateral,303,9,none,0,0.37462572092040974,,0.14348222922779616,0,0
PC_A048,pc,rough_lateral,303,10,none,0,0.38628212812750096,,0.13954125902644562,0,0
PC_A048,pc,rough_lateral,303,11,tilt_or_both,1,0.3767068353406886,,0.23540011046359227,1,0
PC_A048,pc,rough_lateral,303,12,terminated,1,0.36586480512019787,,0.28898995110160175,1,0
PC_A048,pc,rough_lateral,303,13,tilt_or_both,1,0.37238009632589986,,0.21522019143634497,1,0
PC_A048,pc,rough_lateral,303,14,terminated,1,0.3509418698236904,,0.4574060697720451,1,0
PC_A048,pc,rough_lateral,303,15,terminated,1,0.3783665921758203,,0.19247232517102603,1,0
PC_A048,pc,rough_lateral,303,16,terminated,1,,,,1,0
PC_A048,pc,rough_lateral,303,17,tilt_or_both,1,0.3626297793605111,,0.21002666291222596,1,0
PC_A048,pc,rough_lateral,303,18,terminated,1,,,0.5548923212666994,1,0
PC_A048,pc,rough_lateral,303,19,terminated,1,0.3474715929777227,,0.2204283592689865,1,0
PC_A048,pc,rough_lateral,303,20,tilt_or_both,1,0.3703962825039492,,0.14989718376067546,1,0
PC_A048,pc,rough_lateral,303,21,terminated,1,0.34054436530658905,,0.18489580053558666,0,0
PC_A048,pc,rough_lateral,303,22,terminated,1,0.36936913343036876,,0.2609289466839008,0,0
PC_A048,pc,rough_lateral,303,23,terminated,1,0.3689643527097243,,0.32393103564557535,1,0
PC_A048,pc,rough_lateral,303,24,tilt_or_both,1,0.37513466761073966,,0.16217144834427943,1,0
PC_A048,pc,rough_lateral,303,25,none,0,0.368898912228365,,0.24066893911070583,0,0
PC_A048,pc,rough_lateral,303,26,terminated,1,,,0.44195943288395956,1,0
PC_A048,pc,rough_lateral,303,27,terminated,1,0.38947862936532435,,0.19153701260967235,0,0
PC_A048,pc,rough_lateral,303,28,terminated,1,0.2837669245380769,,0.30936807765439667,1,0
PC_A048,pc,rough_lateral,303,29,terminated,1,0.38406872223405275,,0.1280716127256878,1,0
PC_A048,pc,rough_lateral,303,30,terminated,1,0.3789560921530035,,0.2085625828627296,0,0
PC_A048,pc,rough_lateral,303,31,terminated,1,0.3725471742809775,,0.16929870093526592,0,0
PC_A048,pc,rough_forward,101,0,none,0,0.36122879377979644,,0.13942749711142516,0,0
PC_A048,pc,rough_forward,101,1,none,0,0.3516609434456749,,0.45202614365272686,0,0
PC_A048,pc,rough_forward,101,2,none,0,0.36498423016326315,,0.16367114271549998,0,0
PC_A048,pc,rough_forward,101,3,none,0,0.3819662754070312,,0.12736673747088406,0,0
PC_A048,pc,rough_forward,101,4,none,0,0.32479371504987625,,0.4779791299029908,0,0
PC_A048,pc,rough_forward,101,5,none,0,0.3435054599920059,,0.1221882364645767,0,0
PC_A048,pc,rough_forward,101,6,none,0,0.37021003057931196,,0.17068536874377693,0,0
PC_A048,pc,rough_forward,101,7,none,0,0.3496351708224751,,0.16408462735339166,0,0
PC_A048,pc,rough_forward,101,8,none,0,0.3686722836551819,,0.11762280909821314,0,0
PC_A048,pc,rough_forward,101,9,none,0,0.3783218731535947,,0.33816392921294325,0,0
PC_A048,pc,rough_forward,101,10,none,0,0.33865219490094617,,0.11186418375617488,0,0
PC_A048,pc,rough_forward,101,11,none,0,0.3629295225130683,,0.22746882792164821,0,0
PC_A048,pc,rough_forward,101,12,none,0,0.35580814028168745,,0.16035860615690567,0,0
PC_A048,pc,rough_forward,101,13,height_only,1,0.35546026685658627,,0.32713800353750644,0,0
PC_A048,pc,rough_forward,101,14,none,0,0.3269016784142683,,0.4541830609630282,0,0
PC_A048,pc,rough_forward,101,15,none,0,0.36496441337195307,,0.15083165134288976,0,0
PC_A048,pc,rough_forward,101,16,none,0,0.33884797679549233,,0.264632950519946,0,0
PC_A048,pc,rough_forward,101,17,tilt_or_both,1,0.3693500473537547,,0.25466499436089873,1,0
PC_A048,pc,rough_forward,101,18,none,0,0.3487442158122751,,0.29783857689337195,0,0
PC_A048,pc,rough_forward,101,19,none,0,0.376905646872393,,0.3864743011093021,0,0
PC_A048,pc,rough_forward,101,20,none,0,0.3581465531319858,,0.11253943519170567,0,0
PC_A048,pc,rough_forward,101,21,none,0,0.3528552907992174,,0.1447888663288641,0,0
PC_A048,pc,rough_forward,101,22,none,0,0.34249833329794876,,0.09760021360050322,0,0
PC_A048,pc,rough_forward,101,23,none,0,0.37279887816166496,,0.10598770133889848,0,0
PC_A048,pc,rough_forward,101,24,none,0,0.36130376486854754,,0.12451609251669106,0,0
PC_A048,pc,rough_forward,101,25,none,0,0.3493364955333465,,0.11067981877900109,0,0
PC_A048,pc,rough_forward,101,26,none,0,0.3512366175014068,,0.11299000530517685,0,0
PC_A048,pc,rough_forward,101,27,none,0,0.3742595259199806,,0.11059877376484933,0,0
PC_A048,pc,rough_forward,101,28,none,0,0.349446923735945,,0.13548927033191918,0,0
PC_A048,pc,rough_forward,101,29,none,0,0.3536923667963814,,0.11249634402176777,0,0
PC_A048,pc,rough_forward,101,30,none,0,0.348150811252747,,0.4006715661340245,0,0
PC_A048,pc,rough_forward,101,31,none,0,0.35040294247515064,,0.10959657647990527,0,0
PC_A048,pc,rough_forward,202,0,none,0,0.35281116869997853,,0.347382386332674,0,0
PC_A048,pc,rough_forward,202,1,none,0,0.3485666702297282,,0.14533884005540074,0,0
PC_A048,pc,rough_forward,202,2,none,0,0.36075655582116883,,0.21814983713172664,0,0
PC_A048,pc,rough_forward,202,3,none,0,0.37608990057266967,,0.15606087272710384,0,0
PC_A048,pc,rough_forward,202,4,none,0,0.3597270999362762,,0.14604514000507482,0,0
PC_A048,pc,rough_forward,202,5,none,0,0.3359120206080656,,0.12114495707924755,0,0
PC_A048,pc,rough_forward,202,6,none,0,0.3340674126371343,,0.16651676691086645,0,0
PC_A048,pc,rough_forward,202,7,none,0,0.35244419899853796,,0.12480424407688602,0,0
PC_A048,pc,rough_forward,202,8,none,0,0.33242680363476595,,0.2838013942828858,0,0
PC_A048,pc,rough_forward,202,9,none,0,0.3218471100304854,,0.5013361261918453,0,0
PC_A048,pc,rough_forward,202,10,none,0,0.36866465378253854,,0.3768192188310347,0,0
PC_A048,pc,rough_forward,202,11,none,0,0.35729956563143805,,0.10325540243303119,0,0
PC_A048,pc,rough_forward,202,12,none,0,0.34882043851888117,,0.16194148136709302,0,0
PC_A048,pc,rough_forward,202,13,none,0,0.35252785499401906,,0.14603228428361364,0,0
PC_A048,pc,rough_forward,202,14,none,0,0.3385066543033416,,0.10584275950781222,0,0
PC_A048,pc,rough_forward,202,15,none,0,0.34878974475643854,,0.17259576619953548,0,0
PC_A048,pc,rough_forward,202,16,none,0,0.3666342594884934,,0.16328328181911175,0,0
PC_A048,pc,rough_forward,202,17,none,0,0.35035759744478423,,0.17035348896402613,0,0
PC_A048,pc,rough_forward,202,18,none,0,0.36605269904123905,,0.1973253371106912,0,0
PC_A048,pc,rough_forward,202,19,none,0,0.3614784620184312,,0.2887256519973924,0,0
PC_A048,pc,rough_forward,202,20,none,0,0.36221710612429653,,0.11415960634522514,0,0
PC_A048,pc,rough_forward,202,21,none,0,0.3701794073384076,,0.23867220929774924,0,0
PC_A048,pc,rough_forward,202,22,none,0,0.35645788453798244,,0.1490663180829432,0,0
PC_A048,pc,rough_forward,202,23,none,0,0.3368574886079778,,0.43022247878416997,0,0
PC_A048,pc,rough_forward,202,24,none,0,0.37349981348463557,,0.37453815303281585,0,0
PC_A048,pc,rough_forward,202,25,none,0,0.3600512688810175,,0.1770351124370231,0,0
PC_A048,pc,rough_forward,202,26,none,0,0.3727180522712157,,0.16341885746731963,0,0
PC_A048,pc,rough_forward,202,27,none,0,0.32376813147476013,,0.10155595089774606,0,0
PC_A048,pc,rough_forward,202,28,none,0,0.3590778444699425,,0.3192941382947776,0,0
PC_A048,pc,rough_forward,202,29,none,0,0.37183330682190985,,0.12427567099679927,0,0
PC_A048,pc,rough_forward,202,30,none,0,0.3443024868474287,,0.3110899196653495,0,0
PC_A048,pc,rough_forward,202,31,none,0,0.35307171207698274,,0.1386826423001229,0,0
PC_A048,pc,rough_forward,303,0,none,0,0.35582217494434215,,0.2224882621413155,0,0
PC_A048,pc,rough_forward,303,1,none,0,0.35662534697489306,,0.1371428709891448,0,0
PC_A048,pc,rough_forward,303,2,none,0,0.36579823103499287,,0.13947436313537243,0,0
PC_A048,pc,rough_forward,303,3,none,0,0.3497656202890019,,0.3821038032432872,0,0
PC_A048,pc,rough_forward,303,4,none,0,0.3699559473736401,,0.41737763501804825,0,0
PC_A048,pc,rough_forward,303,5,terminated,1,0.34049277796464805,,0.49353411344969983,0,0
PC_A048,pc,rough_forward,303,6,none,0,0.3659359924296007,,0.21300632117816976,0,0
PC_A048,pc,rough_forward,303,7,none,0,0.35349807908190767,,0.13965149447315767,0,0
PC_A048,pc,rough_forward,303,8,none,0,0.346938190852257,,0.3683003464855972,0,0
PC_A048,pc,rough_forward,303,9,none,0,0.3703737548965821,,0.354749088158367,0,0
PC_A048,pc,rough_forward,303,10,none,0,0.3698110121456697,,0.20560946197713573,0,0
PC_A048,pc,rough_forward,303,11,none,0,0.33037583601666004,,0.13746230983571509,0,0
PC_A048,pc,rough_forward,303,12,none,0,0.37508379863226476,,0.19734819708845233,0,0
PC_A048,pc,rough_forward,303,13,none,0,0.3495527621418397,,0.2498333011629214,0,0
PC_A048,pc,rough_forward,303,14,none,0,0.34712925314265775,,0.11529640315019948,0,0
PC_A048,pc,rough_forward,303,15,none,0,0.3594709495331514,,0.19901682495608208,0,0
PC_A048,pc,rough_forward,303,16,terminated,1,0.3423242694872586,,0.3361988726832233,1,0
PC_A048,pc,rough_forward,303,17,none,0,0.35472697155042127,,0.10643365762137826,0,0
PC_A048,pc,rough_forward,303,18,none,0,0.35494996918076505,,0.10871685843281152,0,0
PC_A048,pc,rough_forward,303,19,none,0,0.34556787154253793,,0.3199145190358115,0,0
PC_A048,pc,rough_forward,303,20,none,0,0.35046182278005833,,0.15999399177537957,0,0
PC_A048,pc,rough_forward,303,21,none,0,0.36791967931278247,,0.2913154361506333,0,0
PC_A048,pc,rough_forward,303,22,none,0,0.35700718500716166,,0.13295136749841158,0,0
PC_A048,pc,rough_forward,303,23,none,0,0.3490188721029516,,0.2131976662941122,0,0
PC_A048,pc,rough_forward,303,24,none,0,0.36110811899690065,,0.12208664426223176,0,0
PC_A048,pc,rough_forward,303,25,none,0,0.36411963968990957,,0.10718369838784494,0,0
PC_A048,pc,rough_forward,303,26,height_only,1,0.36359865318007645,,0.3122810292517917,0,0
PC_A048,pc,rough_forward,303,27,tilt_or_both,1,0.35131736267059244,,0.25938616718287383,1,0
PC_A048,pc,rough_forward,303,28,none,0,0.3699862596026079,,0.13887576259571444,0,0
PC_A048,pc,rough_forward,303,29,none,0,0.35542549615237806,,0.36843159534985553,0,0
PC_A048,pc,rough_forward,303,30,none,0,0.36190781499294034,,0.149451114453749,0,0
PC_A048,pc,rough_forward,303,31,none,0,0.36341181907424314,,0.10234483977591563,0,0
PC_A048,pc,stairs_10_down,101,0,none,0,0.3144450046640029,1,0.3204357387799639,0,0
PC_A048,pc,stairs_10_down,101,1,none,0,0.32320914556954633,0,0.4763596767957713,0,0
PC_A048,pc,stairs_10_down,101,2,none,0,0.3544873694844424,1,0.12450283868803672,0,0
PC_A048,pc,stairs_10_down,101,3,none,0,0.3246312380474519,0,0.49674122767544415,0,0
PC_A048,pc,stairs_10_down,101,4,none,0,0.3606319751809625,1,0.11767965124797462,0,0
PC_A048,pc,stairs_10_down,101,5,none,0,0.36628225629023686,0,0.46393394209025907,0,0
PC_A048,pc,stairs_10_down,101,6,height_only,1,0.37760338705172514,1,0.4016565013194273,0,0
PC_A048,pc,stairs_10_down,101,7,height_only,1,0.37820346151443723,1,0.3941708591423325,0,0
PC_A048,pc,stairs_10_down,101,8,none,0,0.36834183191870623,0,0.4631316864463155,0,0
PC_A048,pc,stairs_10_down,101,9,none,0,0.37908037572621023,1,0.18286815928800024,0,0
PC_A048,pc,stairs_10_down,101,10,none,0,0.3695119539684153,1,0.406313852327396,0,0
PC_A048,pc,stairs_10_down,101,11,none,0,0.27674918984346847,1,0.29735281875508757,0,0
PC_A048,pc,stairs_10_down,101,12,none,0,0.32251119223189223,1,0.410472012175012,0,0
PC_A048,pc,stairs_10_down,101,13,none,0,0.3264653312171844,1,0.4432244420856844,0,0
PC_A048,pc,stairs_10_down,101,14,height_only,1,0.3226293713491868,1,0.4024911404072946,0,0
PC_A048,pc,stairs_10_down,101,15,none,0,0.3754511777570541,1,0.1667351897607051,0,0
PC_A048,pc,stairs_10_down,101,16,height_only,1,0.36531687300791715,0,0.45113471498380203,0,0
PC_A048,pc,stairs_10_down,101,17,none,0,0.310337832346957,0,0.47590642785195775,0,0
PC_A048,pc,stairs_10_down,101,18,none,0,0.32007170560206955,1,0.41529766423819037,0,0
PC_A048,pc,stairs_10_down,101,19,none,0,0.36112809332615553,1,0.4425348635351451,0,0
PC_A048,pc,stairs_10_down,101,20,none,0,0.37373493619781123,1,0.34841824181757486,0,0
PC_A048,pc,stairs_10_down,101,21,none,0,0.3501411145702403,1,0.26942698993926656,0,0
PC_A048,pc,stairs_10_down,101,22,none,0,0.35546303273522284,1,0.4458939715295056,0,0
PC_A048,pc,stairs_10_down,101,23,none,0,0.3089059797279975,0,0.47713182698126827,0,0
PC_A048,pc,stairs_10_down,101,24,none,0,0.320052465653037,1,0.23149267238885776,0,0
PC_A048,pc,stairs_10_down,101,25,none,0,0.3664264739515947,1,0.35465420114213475,0,0
PC_A048,pc,stairs_10_down,101,26,height_only,1,0.36227402091026306,0,0.4563521681778799,0,0
PC_A048,pc,stairs_10_down,101,27,none,0,0.3410735142262861,1,0.3333543941601008,0,0
PC_A048,pc,stairs_10_down,101,28,none,0,0.33458678225144983,1,0.4264100920781342,0,0
PC_A048,pc,stairs_10_down,101,29,none,0,0.30223740278718303,0,0.46698119884146877,0,0
PC_A048,pc,stairs_10_down,101,30,none,0,0.3764462354667684,0,0.44724708926818185,0,0
PC_A048,pc,stairs_10_down,101,31,height_only,1,0.32740299196485534,1,0.4057680401542188,0,0
PC_A048,pc,stairs_10_down,202,0,none,0,0.2906411204905433,1,0.14412774115963822,0,0
PC_A048,pc,stairs_10_down,202,1,none,0,0.2610791680168978,1,0.47803546912640243,0,0
PC_A048,pc,stairs_10_down,202,2,none,0,0.379225928515674,1,0.17405910036703415,0,0
PC_A048,pc,stairs_10_down,202,3,none,0,0.32210868732495745,1,0.19824213990636963,0,0
PC_A048,pc,stairs_10_down,202,4,none,0,0.3741424010399191,1,0.4076919596116298,0,0
PC_A048,pc,stairs_10_down,202,5,none,0,0.3034191823260669,1,0.1633216163894789,0,0
PC_A048,pc,stairs_10_down,202,6,none,0,0.31672255041446273,1,0.46739777759220097,0,0
PC_A048,pc,stairs_10_down,202,7,none,0,0.304172432438575,1,0.4318116418683341,0,0
PC_A048,pc,stairs_10_down,202,8,none,0,0.34271275821854086,1,0.1812181463441281,0,0
PC_A048,pc,stairs_10_down,202,9,none,0,0.32994003267211713,0,0.4882262617177696,0,0
PC_A048,pc,stairs_10_down,202,10,none,0,0.37600781421929125,1,0.16255553901646433,0,0
PC_A048,pc,stairs_10_down,202,11,none,0,0.37090416515574737,1,0.31494247305932566,0,0
PC_A048,pc,stairs_10_down,202,12,height_only,1,0.3497273082082922,1,0.20262772723254074,0,0
PC_A048,pc,stairs_10_down,202,13,height_only,1,0.3651796911648888,1,0.2947706774854464,0,0
PC_A048,pc,stairs_10_down,202,14,none,0,0.3589766401658084,1,0.35337969792441715,0,0
PC_A048,pc,stairs_10_down,202,15,none,0,0.3673599779924607,1,0.45596210864466064,0,0
PC_A048,pc,stairs_10_down,202,16,none,0,0.3525794968407422,1,0.19494914418369266,0,0
PC_A048,pc,stairs_10_down,202,17,none,0,0.34852515758677605,1,0.20864383924941718,0,0
PC_A048,pc,stairs_10_down,202,18,height_only,1,0.3348654962797216,1,0.40354672552104254,0,0
PC_A048,pc,stairs_10_down,202,19,none,0,0.3239676500546103,1,0.4300546088822103,0,0
PC_A048,pc,stairs_10_down,202,20,height_only,1,0.3673863920139119,1,0.34577452434209993,0,0
PC_A048,pc,stairs_10_down,202,21,none,0,0.37485233403463414,1,0.43800364264692476,0,0
PC_A048,pc,stairs_10_down,202,22,none,0,0.30979790574407834,1,0.4389915075012918,0,0
PC_A048,pc,stairs_10_down,202,23,height_only,1,0.3531927324552587,1,0.32791532372506427,0,0
PC_A048,pc,stairs_10_down,202,24,none,0,0.32699160158315443,1,0.3337386262849232,0,0
PC_A048,pc,stairs_10_down,202,25,none,0,0.3214562944071816,1,0.45325954345546365,0,0
PC_A048,pc,stairs_10_down,202,26,none,0,0.3424175909177505,0,0.4496588827579983,0,0
PC_A048,pc,stairs_10_down,202,27,height_only,1,0.3690625053835425,0,0.24194768082083806,0,0
PC_A048,pc,stairs_10_down,202,28,none,0,0.3702828370951076,1,0.4149853803875239,0,0
PC_A048,pc,stairs_10_down,202,29,none,0,0.3169190789607757,1,0.12556658616787578,0,0
PC_A048,pc,stairs_10_down,202,30,none,0,0.354817438731219,1,0.4431629855154592,0,0
PC_A048,pc,stairs_10_down,202,31,none,0,0.35089462326172205,1,0.36763388647731354,0,0
PC_A048,pc,stairs_10_down,303,0,none,0,0.3601182017096861,1,0.43506312465609426,0,0
PC_A048,pc,stairs_10_down,303,1,none,0,0.34877800375701273,1,0.46356915705664314,0,0
PC_A048,pc,stairs_10_down,303,2,none,0,0.3441261740769932,1,0.41651469500404237,0,0
PC_A048,pc,stairs_10_down,303,3,none,0,0.3737312332990973,1,0.2245862079861748,0,0
PC_A048,pc,stairs_10_down,303,4,none,0,0.3058804473615585,1,0.40900273078800903,0,0
PC_A048,pc,stairs_10_down,303,5,none,0,0.3237614198164506,0,0.45652570615209076,0,0
PC_A048,pc,stairs_10_down,303,6,none,0,0.3501016664951243,1,0.4556986509691027,0,0
PC_A048,pc,stairs_10_down,303,7,none,0,0.37684053740399404,0,0.4630912645762479,0,0
PC_A048,pc,stairs_10_down,303,8,none,0,0.2942080476226654,1,0.4420025802107818,0,0
PC_A048,pc,stairs_10_down,303,9,none,0,0.3497322675856677,1,0.264716313524042,0,0
PC_A048,pc,stairs_10_down,303,10,none,0,0.3359889759418161,1,0.2371202502589038,0,0
PC_A048,pc,stairs_10_down,303,11,height_only,1,0.3375611815223082,1,0.45386083091710044,0,0
PC_A048,pc,stairs_10_down,303,12,height_only,1,0.36265447496730374,1,0.36191320488326456,0,0
PC_A048,pc,stairs_10_down,303,13,height_only,1,0.35365134166842477,1,0.4381754428663386,0,0
PC_A048,pc,stairs_10_down,303,14,none,0,0.35992408029854617,1,0.4150828247758437,0,0
PC_A048,pc,stairs_10_down,303,15,height_only,1,0.3252271522175182,1,0.4299922723730842,0,0
PC_A048,pc,stairs_10_down,303,16,none,0,0.3324295189928881,1,0.3866700128049725,0,0
PC_A048,pc,stairs_10_down,303,17,none,0,0.37712965339900334,1,0.4426818410116579,0,0
PC_A048,pc,stairs_10_down,303,18,none,0,0.298315361580428,1,0.20383493862424903,0,0
PC_A048,pc,stairs_10_down,303,19,none,0,0.3469778583011525,1,0.18255731413806459,0,0
PC_A048,pc,stairs_10_down,303,20,none,0,0.29856489176418693,1,0.4135273800315039,0,0
PC_A048,pc,stairs_10_down,303,21,none,0,0.37426007566923764,1,0.3668087784259883,0,0
PC_A048,pc,stairs_10_down,303,22,none,0,0.3478358030159843,1,0.4066029687998008,0,0
PC_A048,pc,stairs_10_down,303,23,none,0,0.3610278250061892,0,0.45414657639618594,0,0
PC_A048,pc,stairs_10_down,303,24,none,0,0.31672757067144874,1,0.4116142425194285,0,0
PC_A048,pc,stairs_10_down,303,25,none,0,0.3669214531540233,0,0.45892056282135235,0,0
PC_A048,pc,stairs_10_down,303,26,none,0,0.34361738261373287,1,0.4470979623588584,0,0
PC_A048,pc,stairs_10_down,303,27,none,0,0.31059590404365156,1,0.14493449389340282,0,0
PC_A048,pc,stairs_10_down,303,28,none,0,0.32942317840568525,0,0.48558199617810804,0,0
PC_A048,pc,stairs_10_down,303,29,none,0,0.3775924292796436,1,0.3663592858036907,0,0
PC_A048,pc,stairs_10_down,303,30,height_only,1,0.31858088833125514,0,0.34015552332974264,0,0
PC_A048,pc,stairs_10_down,303,31,height_only,1,0.3244286007422177,0,0.31755392835677737,0,0
PC_A048,pc,stairs_15_down,101,0,height_only,1,0.2917773285332848,0,0.32490512798099264,0,0
PC_A048,pc,stairs_15_down,101,1,height_only,1,0.2736558452009517,0,0.3454343393867566,0,0
PC_A048,pc,stairs_15_down,101,2,height_only,1,0.34600224899735676,0,0.08138810006835853,0,0
PC_A048,pc,stairs_15_down,101,3,height_only,1,0.31466939041321296,0,0.07309446003510998,0,0
PC_A048,pc,stairs_15_down,101,4,terminated,1,0.35491778458503476,0,0.07119146595710357,0,0
PC_A048,pc,stairs_15_down,101,5,none,0,0.3651738447301528,1,0.43217864067994965,0,0
PC_A048,pc,stairs_15_down,101,6,height_only,1,0.37806575693548683,0,0.36375133060700976,0,0
PC_A048,pc,stairs_15_down,101,7,terminated,1,0.37664640443847786,0,0.37040384737428445,0,0
PC_A048,pc,stairs_15_down,101,8,terminated,1,0.36419686037588883,0,0.2762375861032491,0,0
PC_A048,pc,stairs_15_down,101,9,height_only,1,0.37718728232511234,0,0.09606645902582962,0,0
PC_A048,pc,stairs_15_down,101,10,height_only,1,0.36802837172931524,0,0.31631856884919335,0,0
PC_A048,pc,stairs_15_down,101,11,height_only,1,0.2869239905301262,0,0.19456046537519597,0,0
PC_A048,pc,stairs_15_down,101,12,height_only,1,0.325740343427913,0,0.41747423660918104,0,0
PC_A048,pc,stairs_15_down,101,13,terminated,1,0.31868374969232527,0,0.24600556254634795,0,0
PC_A048,pc,stairs_15_down,101,14,height_only,1,0.2616216199283294,0,0.260810450847655,0,0
PC_A048,pc,stairs_15_down,101,15,height_only,1,0.3762488059181581,0,0.21060971618327978,0,0
PC_A048,pc,stairs_15_down,101,16,height_only,1,0.35539256554236376,0,0.23082154127106577,0,0
PC_A048,pc,stairs_15_down,101,17,none,0,0.31428111205126513,0,0.47947620938926117,0,0
PC_A048,pc,stairs_15_down,101,18,none,0,0.3122499049666093,0,0.47279048048368394,0,0
PC_A048,pc,stairs_15_down,101,19,none,0,0.3508279980185197,1,0.4537288842852113,0,0
PC_A048,pc,stairs_15_down,101,20,height_only,1,0.37586583189148315,0,0.07654015913487458,0,0
PC_A048,pc,stairs_15_down,101,21,height_only,1,0.3324079201183217,0,0.30422644290023987,0,0
PC_A048,pc,stairs_15_down,101,22,height_only,1,0.3481029715130035,0,0.28246374776035155,0,0
PC_A048,pc,stairs_15_down,101,23,none,0,0.3130171844028534,0,0.4685432272161565,0,0
PC_A048,pc,stairs_15_down,101,24,terminated,1,0.26296154891743384,0,0.3051710592916194,0,0
PC_A048,pc,stairs_15_down,101,25,terminated,1,0.36486080527943077,0,0.1132304293968459,0,0
PC_A048,pc,stairs_15_down,101,26,height_only,1,0.34963387187151984,0,0.23770481059044174,0,0
PC_A048,pc,stairs_15_down,101,27,height_only,1,0.32467107339338824,0,0.25246334035887863,0,0
PC_A048,pc,stairs_15_down,101,28,terminated,1,0.3132014567839271,0,0.3363157974068632,0,0
PC_A048,pc,stairs_15_down,101,29,terminated,1,0.3122906621127205,0,0.21518259109654997,0,0
PC_A048,pc,stairs_15_down,101,30,none,0,0.3725846024120555,0,0.46072252608596936,0,0
PC_A048,pc,stairs_15_down,101,31,none,0,0.32427701752453564,0,0.47703676910879805,0,0
PC_A048,pc,stairs_15_down,202,0,none,0,0.2246357161093523,0,0.48106027473111646,0,0
PC_A048,pc,stairs_15_down,202,1,terminated,1,0.2738159796133398,0,0.32408523867279815,0,0
PC_A048,pc,stairs_15_down,202,2,terminated,1,0.3774690302935514,0,0.5421995951433126,0,0
PC_A048,pc,stairs_15_down,202,3,height_only,1,0.31620415248335365,0,0.08138593089561999,0,0
PC_A048,pc,stairs_15_down,202,4,none,0,0.37198316939374343,0,0.47081709560959384,0,0
PC_A048,pc,stairs_15_down,202,5,height_only,1,0.3112562392803437,0,0.13616997183017351,0,0
PC_A048,pc,stairs_15_down,202,6,none,0,0.32069297190656,0,0.47648655929428807,0,0
PC_A048,pc,stairs_15_down,202,7,height_only,1,0.2892795927065579,0,0.0830145747483472,0,0
PC_A048,pc,stairs_15_down,202,8,height_only,1,0.3372836906642199,0,0.0714796187416608,0,0
PC_A048,pc,stairs_15_down,202,9,none,0,0.3181932405991988,0,0.4851907854167807,0,0
PC_A048,pc,stairs_15_down,202,10,terminated,1,0.3726899407126687,0,0.340060866639595,0,0
PC_A048,pc,stairs_15_down,202,11,height_only,1,0.3663149825073181,0,0.07350332810857774,0,0
PC_A048,pc,stairs_15_down,202,12,height_only,1,0.3355038181983213,0,0.16245347769781945,0,1
PC_A048,pc,stairs_15_down,202,13,none,0,0.3617954811947869,1,0.42403391039092797,0,0
PC_A048,pc,stairs_15_down,202,14,height_only,1,0.3497203231495333,0,0.08321904111636536,0,0
PC_A048,pc,stairs_15_down,202,15,height_only,1,0.36693394885343666,0,0.08201035589500998,0,0
PC_A048,pc,stairs_15_down,202,16,none,0,0.3347110451861499,0,0.47927993384135736,0,0
PC_A048,pc,stairs_15_down,202,17,height_only,1,0.33241312899054054,0,0.0810501264448274,0,0
PC_A048,pc,stairs_15_down,202,18,none,0,0.3329837441763138,0,0.46668201629214423,0,0
PC_A048,pc,stairs_15_down,202,19,none,0,0.3182244469775236,0,0.48619911779906316,0,0
PC_A048,pc,stairs_15_down,202,20,height_only,1,0.36581083845327245,0,0.32903141271665975,0,0
PC_A048,pc,stairs_15_down,202,21,height_only,1,0.3695360183078338,1,0.24499098382298815,0,0
PC_A048,pc,stairs_15_down,202,22,height_only,1,0.2576895945849903,0,0.11920505940665554,0,0
PC_A048,pc,stairs_15_down,202,23,height_only,1,0.34206245959123827,0,0.21283271502998,0,0
PC_A048,pc,stairs_15_down,202,24,height_only,1,0.27824479245884537,0,0.2798947088691428,0,0
PC_A048,pc,stairs_15_down,202,25,height_only,1,0.3201899899837168,0,0.27885128341640303,0,0
PC_A048,pc,stairs_15_down,202,26,terminated,1,0.32217189334930585,0,0.2853565264899265,0,0
PC_A048,pc,stairs_15_down,202,27,none,0,0.3691948738327637,0,0.441991131450933,0,0
PC_A048,pc,stairs_15_down,202,28,none,0,0.3660295851090376,0,0.46555756027683515,0,0
PC_A048,pc,stairs_15_down,202,29,terminated,1,0.315470006536035,0,0.3000471863976718,0,0
PC_A048,pc,stairs_15_down,202,30,height_only,1,0.3434822286832778,0,0.06686316857996316,0,0
PC_A048,pc,stairs_15_down,202,31,height_only,1,0.33710649338635523,0,0.14887670940606795,0,0
PC_A048,pc,stairs_15_down,303,0,height_only,1,0.3460336498079454,0,0.12929741805043768,0,0
PC_A048,pc,stairs_15_down,303,1,tilt_or_both,1,0.3329930308668372,0,0.3064669031558864,1,0
PC_A048,pc,stairs_15_down,303,2,height_only,1,0.3295430333856594,0,0.0974354048691658,0,0
PC_A048,pc,stairs_15_down,303,3,height_only,1,0.3702720159834082,0,0.281435009620765,0,0
PC_A048,pc,stairs_15_down,303,4,height_only,1,0.2731080691125941,0,0.2812155815940835,0,0
PC_A048,pc,stairs_15_down,303,5,height_only,1,0.2937177835620023,0,0.4021439900731211,0,0
PC_A048,pc,stairs_15_down,303,6,height_only,1,0.33410586552186444,0,0.42039231168985275,0,0
PC_A048,pc,stairs_15_down,303,7,none,0,0.3724209250294588,1,0.44458854543007753,0,0
PC_A048,pc,stairs_15_down,303,8,height_only,1,0.2864367341931491,0,0.2378194176772861,0,0
PC_A048,pc,stairs_15_down,303,9,height_only,1,0.34206494800547227,0,0.19233140555853043,0,0
PC_A048,pc,stairs_15_down,303,10,height_only,1,0.3124278901732541,0,0.26630035999671847,0,0
PC_A048,pc,stairs_15_down,303,11,height_only,1,0.3208978585699663,0,0.22575629018585922,0,0
PC_A048,pc,stairs_15_down,303,12,height_only,1,0.35174163650063905,0,0.24349872960763994,0,0
PC_A048,pc,stairs_15_down,303,13,terminated,1,0.3431253509725478,0,0.3776753896899037,0,0
PC_A048,pc,stairs_15_down,303,14,height_only,1,0.35609268313423204,0,0.07201453992530986,0,1
PC_A048,pc,stairs_15_down,303,15,terminated,1,0.3059536368451654,0,0.2861844572671985,0,0
PC_A048,pc,stairs_15_down,303,16,height_only,1,0.32575354027875614,0,0.08101201976001288,0,0
PC_A048,pc,stairs_15_down,303,17,height_only,1,0.3754731945813021,0,0.1609949057917709,0,0
PC_A048,pc,stairs_15_down,303,18,none,0,0.28796631926521266,0,0.48986059430817175,0,0
PC_A048,pc,stairs_15_down,303,19,height_only,1,0.3372561354688144,0,0.16804540562664225,0,0
PC_A048,pc,stairs_15_down,303,20,height_only,1,0.28411710437606363,0,0.08899660546902048,0,0
PC_A048,pc,stairs_15_down,303,21,height_only,1,0.3705492188586271,0,0.32500870443236946,0,0
PC_A048,pc,stairs_15_down,303,22,none,0,0.33052519617233683,0,0.46499213750793544,0,0
PC_A048,pc,stairs_15_down,303,23,height_only,1,0.3567364612683893,1,0.2381119140073536,0,0
PC_A048,pc,stairs_15_down,303,24,none,0,0.3043511551331709,0,0.49592226030328895,0,0
PC_A048,pc,stairs_15_down,303,25,height_only,1,0.364316725954015,0,0.21139292476371238,0,0
PC_A048,pc,stairs_15_down,303,26,none,0,0.32802631303588337,0,0.47689342418653563,0,0
PC_A048,pc,stairs_15_down,303,27,height_only,1,0.30995276187830434,0,0.1020407978716624,0,0
PC_A048,pc,stairs_15_down,303,28,terminated,1,0.32865710373230794,0,0.3064867861607126,1,0
PC_A048,pc,stairs_15_down,303,29,height_only,1,0.3746675254508136,0,0.3253092702694473,0,0
PC_A048,pc,stairs_15_down,303,30,height_only,1,0.24709808204900774,0,0.39061813680691554,0,0
PC_A048,pc,stairs_15_down,303,31,height_only,1,0.3176418472738827,0,0.0867422199139994,0,0
PC_A048,pc,combined_yaw_right,101,0,none,0,0.3750520041760277,,0.08730005689024883,0,0
PC_A048,pc,combined_yaw_right,101,1,none,0,0.383931942802062,,0.09801349475240419,0,0
PC_A048,pc,combined_yaw_right,101,2,none,0,0.37355840317705735,,0.07291190972741332,0,0
PC_A048,pc,combined_yaw_right,101,3,none,0,0.38532224058467435,,0.1068714870754664,0,0
PC_A048,pc,combined_yaw_right,101,4,none,0,0.3719900507818569,,0.07155071285562739,0,0
PC_A048,pc,combined_yaw_right,101,5,none,0,0.3843399103790681,,0.10061469178333421,0,0
PC_A048,pc,combined_yaw_right,101,6,none,0,0.381561387350215,,0.09210740246495333,0,0
PC_A048,pc,combined_yaw_right,101,7,none,0,0.3788253538270685,,0.09882590316133277,0,0
PC_A048,pc,combined_yaw_right,101,8,none,0,0.3782892230360266,,0.09182885467338224,0,0
PC_A048,pc,combined_yaw_right,101,9,none,0,0.3847709084577101,,0.10239047532455003,0,0
PC_A048,pc,combined_yaw_right,101,10,none,0,0.3735629782319706,,0.0718290490208763,0,0
PC_A048,pc,combined_yaw_right,101,11,none,0,0.3778820754213129,,0.08831342766771004,0,0
PC_A048,pc,combined_yaw_right,101,12,none,0,0.37646315274710324,,0.0800325972853802,0,0
PC_A048,pc,combined_yaw_right,101,13,none,0,0.3780077087050453,,0.08144874838040277,0,0
PC_A048,pc,combined_yaw_right,101,14,none,0,0.3769360014939691,,0.08433071297568194,0,0
PC_A048,pc,combined_yaw_right,101,15,none,0,0.37737273181823483,,0.08961585698155518,0,0
PC_A048,pc,combined_yaw_right,101,16,none,0,0.3802763355925759,,0.09701820792001309,0,0
PC_A048,pc,combined_yaw_right,101,17,none,0,0.38156996523951464,,0.09584178623186432,0,0
PC_A048,pc,combined_yaw_right,101,18,none,0,0.3701797713411046,,0.07222392648935866,0,0
PC_A048,pc,combined_yaw_right,101,19,none,0,0.38247095072333187,,0.09491298613035924,0,0
PC_A048,pc,combined_yaw_right,101,20,none,0,0.37827798540898183,,0.0917049113969597,0,0
PC_A048,pc,combined_yaw_right,101,21,none,0,0.3813463117987077,,0.085628652136255,0,0
PC_A048,pc,combined_yaw_right,101,22,none,0,0.37106494111492033,,0.07444357690867191,0,0
PC_A048,pc,combined_yaw_right,101,23,none,0,0.3739930671007238,,0.0827704645097087,0,0
PC_A048,pc,combined_yaw_right,101,24,none,0,0.37017335164993204,,0.07113990957031957,0,0
PC_A048,pc,combined_yaw_right,101,25,none,0,0.3702048600357484,,0.07545514546386282,0,0
PC_A048,pc,combined_yaw_right,101,26,none,0,0.37331328560961763,,0.07292976234240364,0,0
PC_A048,pc,combined_yaw_right,101,27,none,0,0.37393425102221134,,0.07932875758539076,0,0
PC_A048,pc,combined_yaw_right,101,28,none,0,0.3764571848718878,,0.08309495277425905,0,0
PC_A048,pc,combined_yaw_right,101,29,none,0,0.36953184733735045,,0.06904163539804876,0,0
PC_A048,pc,combined_yaw_right,101,30,none,0,0.38372971834664676,,0.10496374609878055,0,0
PC_A048,pc,combined_yaw_right,101,31,none,0,0.37673833456268924,,0.07892201004266056,0,0
PC_A048,pc,combined_yaw_right,202,0,none,0,0.3705851081061491,,0.06435985066390613,0,0
PC_A048,pc,combined_yaw_right,202,1,none,0,0.37602921156959734,,0.07448339801709172,0,0
PC_A048,pc,combined_yaw_right,202,2,none,0,0.380711281283654,,0.09459244480650483,0,0
PC_A048,pc,combined_yaw_right,202,3,none,0,0.3798530328879382,,0.09680575974738638,0,0
PC_A048,pc,combined_yaw_right,202,4,none,0,0.38506416848955305,,0.10096413471611099,0,0
PC_A048,pc,combined_yaw_right,202,5,none,0,0.37574685687687304,,0.07685556648696461,0,0
PC_A048,pc,combined_yaw_right,202,6,none,0,0.37322528580612035,,0.0723560912131277,0,0
PC_A048,pc,combined_yaw_right,202,7,none,0,0.3786701256419248,,0.09017042697980801,0,0
PC_A048,pc,combined_yaw_right,202,8,none,0,0.3704862228051864,,0.07541453532262267,0,0
PC_A048,pc,combined_yaw_right,202,9,none,0,0.38117592060629696,,0.09614249075662286,0,0
PC_A048,pc,combined_yaw_right,202,10,none,0,0.38188458333678427,,0.08760325814865765,0,0
PC_A048,pc,combined_yaw_right,202,11,none,0,0.3749440101219371,,0.07410317609547971,0,0
PC_A048,pc,combined_yaw_right,202,12,none,0,0.3685866227761947,,0.07063889720527056,0,0
PC_A048,pc,combined_yaw_right,202,13,none,0,0.38278800591746753,,0.08936363015137243,0,0
PC_A048,pc,combined_yaw_right,202,14,none,0,0.37057541302818664,,0.07386685061387478,0,0
PC_A048,pc,combined_yaw_right,202,15,none,0,0.37237313373841063,,0.07104694609016893,0,0
PC_A048,pc,combined_yaw_right,202,16,none,0,0.3847080416539136,,0.10099140614354427,0,0
PC_A048,pc,combined_yaw_right,202,17,none,0,0.37194261472811674,,0.07244319966835927,0,0
PC_A048,pc,combined_yaw_right,202,18,none,0,0.3761722078138494,,0.08277654853601808,0,0
PC_A048,pc,combined_yaw_right,202,19,none,0,0.38455927156828307,,0.10959594766120201,0,0
PC_A048,pc,combined_yaw_right,202,20,none,0,0.3692656648669013,,0.06943612462729146,0,0
PC_A048,pc,combined_yaw_right,202,21,none,0,0.3802956713234039,,0.08400546042432133,0,0
PC_A048,pc,combined_yaw_right,202,22,none,0,0.3767087880302878,,0.08174267165265586,0,0
PC_A048,pc,combined_yaw_right,202,23,none,0,0.37306412759630436,,0.07260738551960885,0,0
PC_A048,pc,combined_yaw_right,202,24,none,0,0.38324821728436065,,0.09030422524804581,0,0
PC_A048,pc,combined_yaw_right,202,25,none,0,0.3714428327300332,,0.06505960169567632,0,0
PC_A048,pc,combined_yaw_right,202,26,none,0,0.3823680978089093,,0.116508397836404,0,0
PC_A048,pc,combined_yaw_right,202,27,none,0,0.37137698680959286,,0.06673271757330226,0,0
PC_A048,pc,combined_yaw_right,202,28,none,0,0.3824631210795061,,0.08790514676643614,0,0
PC_A048,pc,combined_yaw_right,202,29,none,0,0.37947295550356575,,0.08974787584221093,0,0
PC_A048,pc,combined_yaw_right,202,30,none,0,0.37364393655947825,,0.0805470042637844,0,0
PC_A048,pc,combined_yaw_right,202,31,none,0,0.3684711399722227,,0.07280003304796004,0,0
PC_A048,pc,combined_yaw_right,303,0,none,0,0.3810683507173457,,0.09568675969594333,0,0
PC_A048,pc,combined_yaw_right,303,1,none,0,0.37050213772345353,,0.07862009216320122,0,0
PC_A048,pc,combined_yaw_right,303,2,none,0,0.37961393451308184,,0.09365745422156774,0,0
PC_A048,pc,combined_yaw_right,303,3,none,0,0.384124212883373,,0.09299318119597266,0,0
PC_A048,pc,combined_yaw_right,303,4,none,0,0.38504053102457586,,0.09465538520347269,0,0
PC_A048,pc,combined_yaw_right,303,5,none,0,0.37959797696315034,,0.10287496130951382,0,0
PC_A048,pc,combined_yaw_right,303,6,none,0,0.38220955359744513,,0.09269570137913341,0,0
PC_A048,pc,combined_yaw_right,303,7,none,0,0.38033282621340314,,0.08985872592624243,0,0
PC_A048,pc,combined_yaw_right,303,8,none,0,0.38104841240587084,,0.09289672383662054,0,0
PC_A048,pc,combined_yaw_right,303,9,none,0,0.38019747275082183,,0.08749098449400158,0,0
PC_A048,pc,combined_yaw_right,303,10,none,0,0.3763746230360021,,0.09101167163870276,0,0
PC_A048,pc,combined_yaw_right,303,11,none,0,0.3791993426129142,,0.08334472016100346,0,0
PC_A048,pc,combined_yaw_right,303,12,none,0,0.38189282455546336,,0.08720979119452626,0,0
PC_A048,pc,combined_yaw_right,303,13,none,0,0.38119336747549437,,0.08536236153009989,0,0
PC_A048,pc,combined_yaw_right,303,14,none,0,0.37021677578515544,,0.07089978892375622,0,0
PC_A048,pc,combined_yaw_right,303,15,none,0,0.3844995251632629,,0.10330255557111377,0,0
PC_A048,pc,combined_yaw_right,303,16,none,0,0.37384979809350505,,0.08041258168069416,0,0
PC_A048,pc,combined_yaw_right,303,17,none,0,0.37580128245175204,,0.07698621545330288,0,0
PC_A048,pc,combined_yaw_right,303,18,none,0,0.3771138658179319,,0.08461984310166,0,0
PC_A048,pc,combined_yaw_right,303,19,none,0,0.36828775138141,,0.06815379757700189,0,0
PC_A048,pc,combined_yaw_right,303,20,none,0,0.37054245253616475,,0.06947908712360651,0,0
PC_A048,pc,combined_yaw_right,303,21,none,0,0.3809790590548898,,0.09932198467148673,0,0
PC_A048,pc,combined_yaw_right,303,22,none,0,0.38303695905973567,,0.09638908679426052,0,0
PC_A048,pc,combined_yaw_right,303,23,none,0,0.38012294527043633,,0.08814365857236171,0,0
PC_A048,pc,combined_yaw_right,303,24,none,0,0.3790124856373843,,0.08944220276246309,0,0
PC_A048,pc,combined_yaw_right,303,25,none,0,0.37884870625753453,,0.09238158289179979,0,0
PC_A048,pc,combined_yaw_right,303,26,none,0,0.3798215433875507,,0.08180329345799639,0,0
PC_A048,pc,combined_yaw_right,303,27,none,0,0.3733020439186198,,0.07723050598881503,0,0
PC_A048,pc,combined_yaw_right,303,28,none,0,0.3857640506112002,,0.09570012578986863,0,0
PC_A048,pc,combined_yaw_right,303,29,none,0,0.38225738321714864,,0.09823773708648106,0,0
PC_A048,pc,combined_yaw_right,303,30,none,0,0.3739441758330493,,0.08464716831624558,0,0
PC_A048,pc,combined_yaw_right,303,31,none,0,0.3740253497094394,,0.07640789989707883,0,0
