[START] G-A056 at 2026-09-29T09:59:53+09:00
COMMAND: /workspace/IsaacLab/isaaclab.sh -p play.py --task Quadruped-v0 --num_envs 32 --headless agent.seed=202 env.commands.base_velocity.heading_command=false env.commands.base_velocity.rel_standing_envs=0.0 env.commands.base_velocity.resampling_time_range=\[1000.0\,1000.0\] env.commands.base_velocity.ranges.lin_vel_x=\[0\,0\] env.commands.base_velocity.ranges.lin_vel_y=\[0.30\,0.30\] env.commands.base_velocity.ranges.ang_vel_z=\[0\,0\] env.scene.terrain.terrain_type=generator env.curriculum.terrain_levels=null env.scene.terrain.terrain_generator.curriculum=false env.scene.terrain.terrain_generator.num_rows=1 env.scene.terrain.terrain_generator.num_cols=4 env.scene.terrain.terrain_generator.difficulty_range=\[1.0\,1.0\] env.scene.terrain.max_init_terrain_level=0 env.scene.terrain.terrain_generator.sub_terrains.pyramid_stairs.proportion=0.0 env.scene.terrain.terrain_generator.sub_terrains.pyramid_stairs_inv.proportion=0.0 env.scene.terrain.terrain_generator.sub_terrains.boxes.proportion=0.0 env.scene.terrain.terrain_generator.sub_terrains.random_rough.proportion=0.0 env.scene.terrain.terrain_generator.sub_terrains.hf_pyramid_slope.proportion=0.0 env.scene.terrain.terrain_generator.sub_terrains.hf_pyramid_slope_inv.proportion=0.0 env.scene.terrain.terrain_generator.sub_terrains.random_rough.proportion=1.0 env.scene.terrain.terrain_generator.sub_terrains.random_rough.noise_range=\[0.02\,0.10\] 
[3gH    H    H    H    H    H    H    H    H    H    H    H    H    H    H    H    H    H    H    H   [INFO] Using python from: /workspace/IsaacLab/_isaac_sim/python.sh
[go2-eval] telemetry enabled: out=/workspace/_keep/go2_g_a056_a043_diag_replay/plain/cases/seed_202/rough_lateral steps=1000
[INFO][AppLauncher]: Using device: cuda:0
[INFO][AppLauncher]: Loading experience file: /workspace/IsaacLab/apps/isaaclab.python.headless.kit
[INFO]: Parsing configuration from: go2_task.env_cfg:QuadrupedRoughEnvCfg
[Quadruped:student] 6 reward 항목 로드
  [OK] track_lin_vel_xy_exp.weight = 1.5
  [OK] feet_air_time.weight = 0.2
  [OK] lin_vel_z_l2.weight = -1.5
  [OK] ang_vel_xy_l2.weight = -0.05
  [OK] action_rate_l2.weight = -0.01
  [OK] flat_orientation_l2.weight = 0.0
[Quadruped:student] terrain override - boxes ≤0.15m
[INFO]: Parsing configuration from: go2_task.agent_cfg:QuadrupedPPORunnerCfg
[WARNING]: The `policy` configuration is deprecated for rsl-rl >= 4.0.0. Please use, e.g., `actor` and `critic` model configurations instead.
[WARNING]: The `empirical_normalization` parameter is deprecated. Please set `actor_obs_normalization` and `critic_obs_normalization` as part of the `policy` configuration instead.
[WARNING]: The `policy` configuration is used to infer the `actor` model configuration.
[WARNING]: The `policy` configuration is used to infer the `critic` model configuration.
[WARNING]: The `distribution_cfg` configuration is now used to specify the output distribution for stochastic policies. Consider updating the configuration to use `distribution_cfg` instead of `stochastic`, `init_noise_std`, `noise_std_type`, and `state_dependent_std` parameters.
[INFO] Loading experiment from directory: /workspace/go2_g_a056/plain/logs/rsl_rl/quadruped

[36m======================================================================================[0m
[36m[1m[INFO][IsaacLab]: Logging to file: /tmp/isaaclab/logs/isaaclab_2026-09-29_09-59-58.log[0m
[36m======================================================================================[0m

[33m09:59:58 [simulation_context.py] WARNING: The `enable_external_forces_every_iteration` parameter in the PhysxCfg is set to False. If you are experiencing noisy velocities, consider enabling this flag. You may need to slightly increase the number of velocity iterations (setting it to 1 or 2 rather than 0), together with this flag, to improve the accuracy of velocity updates.[0m
[INFO]: Base environment:
	Environment device    : cuda:0
	Environment seed      : 202
	Physics step-size     : 0.005
	Rendering step-size   : 0.02
	Environment step-size : 0.02
[INFO] Generating terrains randomly took : 0.015426 seconds
[INFO]: Time taken for scene creation : 1.232510 seconds
[INFO]: Scene manager:  <class InteractiveScene>
	Number of environments: 32
	Environment spacing   : 2.5
	Source prim name      : /World/envs/env_0
	Global prim paths     : ['/World/ground']
	Replicate physics     : True
[INFO]: Starting the simulation. This may take a few seconds. Please wait...
[INFO]: Time taken for simulation start : 1.110376 seconds
[33m10:00:01 [velocity_command.py] WARNING: The velocity command has the 'ranges.heading' attribute set to '(-3.141592653589793, 3.141592653589793)' but the heading command is not active. Consider setting the flag for the heading command to True.[0m
/workspace/IsaacLab/_isaac_sim/kit/python/lib/python3.11/site-packages/rsl_rl/utils/utils.py:220: UserWarning: The observation configuration dictionary 'obs_groups' is empty and thus likely not configured. Consider configuring the 'obs_groups' dictionary explicitly
  warnings.warn(
/workspace/IsaacLab/_isaac_sim/kit/python/lib/python3.11/site-packages/rsl_rl/utils/utils.py:251: UserWarning: The observation configuration dictionary 'obs_groups' does not contain the 'actor' key. As an observation group with the name 'policy' was found, this is assumed to be the appropriate observation. Consider adding the 'actor' key to the 'obs_groups' dictionary for clarity. This behavior will be removed in a future version.
  warnings.warn(
/workspace/IsaacLab/_isaac_sim/kit/python/lib/python3.11/site-packages/rsl_rl/utils/utils.py:251: UserWarning: The observation configuration dictionary 'obs_groups' does not contain the 'critic' key. As an observation group with the name 'policy' was found, this is assumed to be the appropriate observation. Consider adding the 'critic' key to the 'obs_groups' dictionary for clarity. This behavior will be removed in a future version.
  warnings.warn(
[INFO] Command Manager:  <CommandManager> contains 1 active terms.
+------------------------------------------------+
|              Active Command Terms              |
+-------+---------------+------------------------+
| Index | Name          |          Type          |
+-------+---------------+------------------------+
|   0   | base_velocity | UniformVelocityCommand |
+-------+---------------+------------------------+

[INFO] Event Manager:  <EventManager> contains 2 active terms.
+--------------------------------------+
| Active Event Terms in Mode: 'startup' |
+----------+---------------------------+
|  Index   | Name                      |
+----------+---------------------------+
|    0     | physics_material          |
|    1     | add_base_mass             |
+----------+---------------------------+
+---------------------------------------+
|  Active Event Terms in Mode: 'reset'  |
+--------+------------------------------+
| Index  | Name                         |
+--------+------------------------------+
|   0    | base_external_force_torque   |
|   1    | reset_base                   |
|   2    | reset_robot_joints           |
+--------+------------------------------+

[INFO] Recorder Manager:  <RecorderManager> contains 0 active terms.
+---------------------+
| Active Recorder Terms |
+-----------+---------+
|   Index   | Name    |
+-----------+---------+
+-----------+---------+

[INFO] Action Manager:  <ActionManager> contains 1 active terms.
+------------------------------------+
|  Active Action Terms (shape: 12)   |
+--------+-------------+-------------+
| Index  | Name        |   Dimension |
+--------+-------------+-------------+
|   0    | joint_pos   |          12 |
+--------+-------------+-------------+

[INFO] Observation Manager: <ObservationManager> contains 1 groups.
+----------------------------------------------------------+
| Active Observation Terms in Group: 'policy' (shape: (235,)) |
+-----------+--------------------------------+-------------+
|   Index   | Name                           |    Shape    |
+-----------+--------------------------------+-------------+
|     0     | base_lin_vel                   |     (3,)    |
|     1     | base_ang_vel                   |     (3,)    |
|     2     | projected_gravity              |     (3,)    |
|     3     | velocity_commands              |     (3,)    |
|     4     | joint_pos                      |    (12,)    |
|     5     | joint_vel                      |    (12,)    |
|     6     | actions                        |    (12,)    |
|     7     | height_scan                    |    (187,)   |
+-----------+--------------------------------+-------------+

[INFO] Termination Manager:  <TerminationManager> contains 2 active terms.
+---------------------------------+
|     Active Termination Terms    |
+-------+--------------+----------+
| Index | Name         | Time Out |
+-------+--------------+----------+
|   0   | time_out     |   True   |
|   1   | base_contact |  False   |
+-------+--------------+----------+

[INFO] Reward Manager:  <RewardManager> contains 10 active terms.
+-----------------------------------------+
|           Active Reward Terms           |
+-------+----------------------+----------+
| Index | Name                 |   Weight |
+-------+----------------------+----------+
|   0   | track_lin_vel_xy_exp |      1.5 |
|   1   | track_ang_vel_z_exp  |     0.75 |
|   2   | lin_vel_z_l2         |     -1.5 |
|   3   | ang_vel_xy_l2        |    -0.05 |
|   4   | dof_torques_l2       |  -0.0002 |
|   5   | dof_acc_l2           | -2.5e-07 |
|   6   | action_rate_l2       |    -0.01 |
|   7   | feet_air_time        |      0.2 |
|   8   | flat_orientation_l2  |      0.0 |
|   9   | dof_pos_limits       |      0.0 |
+-------+----------------------+----------+

[INFO] Curriculum Manager:  <CurriculumManager> contains 0 active terms.
+----------------------+
| Active Curriculum Terms |
+-----------+----------+
|   Index   | Name     |
+-----------+----------+
+-----------+----------+

[INFO]: Completed setting up the environment...
[INFO]: Loading model checkpoint from: /workspace/go2_g_a056/plain/exported/model_best.pt
--------------------------------------------------------------------------------
Resolved observation sets: 
	 actor :  ['policy']
	 critic :  ['policy']
--------------------------------------------------------------------------------
Actor Model: MLPModel(
  (obs_normalizer): Identity()
  (distribution): GaussianDistribution()
  (mlp): MLP(
    (0): Linear(in_features=235, out_features=512, bias=True)
    (1): ELU(alpha=1.0)
    (2): Linear(in_features=512, out_features=256, bias=True)
    (3): ELU(alpha=1.0)
    (4): Linear(in_features=256, out_features=128, bias=True)
    (5): ELU(alpha=1.0)
    (6): Linear(in_features=128, out_features=12, bias=True)
  )
)
Critic Model: MLPModel(
  (obs_normalizer): Identity()
  (mlp): MLP(
    (0): Linear(in_features=235, out_features=512, bias=True)
    (1): ELU(alpha=1.0)
    (2): Linear(in_features=512, out_features=256, bias=True)
    (3): ELU(alpha=1.0)
    (4): Linear(in_features=256, out_features=128, bias=True)
    (5): ELU(alpha=1.0)
    (6): Linear(in_features=128, out_features=1, bias=True)
  )
)
[Info] [carb] Logging to file: /isaac-sim/kit/logs/Kit/Isaac-Sim/5.1/kit_20260929_095953.log
2026-09-29T00:59:53Z [160ms] [Warning] [omni.platforminfo.plugin] failed to open the default display.  Can't verify X Server version.
2026-09-29T00:59:53Z [161ms] [Warning] [omni.usd_config.extension] Enable omni.materialx.libs extension to use MaterialX
2026-09-29T00:59:53Z [373ms] [Warning] [carb] Acquiring non optional plugin interface which is not listed as dependency: [omni::physx::IPhysxBenchmarks v1.0] (plugin: <default plugin>), by client: omni.physics.physx.plugin. Add it to CARB_PLUGIN_IMPL_DEPS() macro of a client.
2026-09-29T00:59:53Z [490ms] [Warning] [omni.isaac.dynamic_control] omni.isaac.dynamic_control is deprecated as of Isaac Sim 4.5. No action is needed from end-users.

|---------------------------------------------------------------------------------------------|
| Driver Version: 580.126.09    | Graphics API: Vulkan
|=============================================================================================|
| GPU | Name                             | Active | LDA | GPU Memory | Vendor-ID | LUID       |
|     |                                  |        |     |            | Device-ID | UUID       |
|     |                                  |        |     |            | Bus-ID    |            |
|---------------------------------------------------------------------------------------------|
| 0   | NVIDIA GeForce RTX 5080          | Yes: 0 |     | 16303   MB | 10de      | 0          |
|     |                                  |        |     |            | 2c02      | 38f3d007.. |
|     |                                  |        |     |            | 1         |            |
|=============================================================================================|
| OS: 24.04.2 LTS (Noble Numbat) ubuntu, Version: 24.04.2, Kernel: 6.8.0-136-generic
| Processor: Intel(R) Core(TM) Ultra 5 250KF Plus
| Cores: 18 | Logical Cores: 18
|---------------------------------------------------------------------------------------------|
| Total Memory (MB): 64006 | Free Memory: 49880
| Total Page/Swap (MB): 8191 | Free Page/Swap: 0
|---------------------------------------------------------------------------------------------|
2026-09-29T00:59:56Z [3,041ms] [Warning] [gpu.foundation.plugin] CPU performance profile is set to powersave. This profile sets the CPU to the lowest frequency reducing performance.
2026-09-29T00:59:56Z [3,053ms] [Warning] [gpu.foundation.plugin] IOMMU is enabled.
2026-09-29T00:59:56Z [3,076ms] [Warning] [omni.kvdb.plugin] Disabling key-value database because another kit process is locking it
2026-09-29T01:00:02Z [9,245ms] [Warning] [omni.physx.fabric.plugin] FabricManager::initializePointInstancer mismatched prototypes on point instancer: /Visuals/Command/velocity_goal.
2026-09-29T01:00:02Z [9,245ms] [Warning] [omni.physx.fabric.plugin] FabricManager::initializePointInstancer mismatched prototypes on point instancer: /Visuals/Command/velocity_current.
COMMAND: /workspace/IsaacLab/isaaclab.sh -p play.py --task Quadruped-v0 --num_envs 32 --headless agent.seed=202 env.commands.base_velocity.heading_command=false env.commands.base_velocity.rel_standing_envs=0.0 env.commands.base_velocity.resampling_time_range=\[1000.0\,1000.0\] env.commands.base_velocity.ranges.lin_vel_x=\[0\,0\] env.commands.base_velocity.ranges.lin_vel_y=\[0.30\,0.30\] env.commands.base_velocity.ranges.ang_vel_z=\[0\,0\] env.scene.terrain.terrain_type=generator env.curriculum.terrain_levels=null env.scene.terrain.terrain_generator.curriculum=false env.scene.terrain.terrain_generator.num_rows=1 env.scene.terrain.terrain_generator.num_cols=4 env.scene.terrain.terrain_generator.difficulty_range=\[1.0\,1.0\] env.scene.terrain.max_init_terrain_level=0 env.scene.terrain.terrain_generator.sub_terrains.pyramid_stairs.proportion=0.0 env.scene.terrain.terrain_generator.sub_terrains.pyramid_stairs_inv.proportion=0.0 env.scene.terrain.terrain_generator.sub_terrains.boxes.proportion=0.0 env.scene.terrain.terrain_generator.sub_terrains.random_rough.proportion=0.0 env.scene.terrain.terrain_generator.sub_terrains.hf_pyramid_slope.proportion=0.0 env.scene.terrain.terrain_generator.sub_terrains.hf_pyramid_slope_inv.proportion=0.0 env.scene.terrain.terrain_generator.sub_terrains.random_rough.proportion=1.0 env.scene.terrain.terrain_generator.sub_terrains.random_rough.noise_range=\[0.02\,0.10\] 
[3gH    H    H    H    H    H    H    H    H    H    H    H    H    H    H    H    H    H    H    H    H    H    H    H    H  [INFO] Using python from: /workspace/IsaacLab/_isaac_sim/python.sh
[go2-eval] telemetry enabled: out=/workspace/_keep/go2_g_a056_a043_diag_replay/diag/cases/seed_202/rough_lateral steps=1000
[go2-diag] read-only diagnostic channels enabled: out=/workspace/_keep/go2_g_a056_a043_diag_replay/diag/cases/seed_202/rough_lateral/diag.csv.gz
[INFO][AppLauncher]: Using device: cuda:0
[INFO][AppLauncher]: Loading experience file: /workspace/IsaacLab/apps/isaaclab.python.headless.kit
[INFO]: Parsing configuration from: go2_task.env_cfg:QuadrupedRoughEnvCfg
[Quadruped:student] 6 reward 항목 로드
  [OK] track_lin_vel_xy_exp.weight = 1.5
  [OK] feet_air_time.weight = 0.2
  [OK] lin_vel_z_l2.weight = -1.5
  [OK] ang_vel_xy_l2.weight = -0.05
  [OK] action_rate_l2.weight = -0.01
  [OK] flat_orientation_l2.weight = 0.0
[Quadruped:student] terrain override - boxes ≤0.15m
[INFO]: Parsing configuration from: go2_task.agent_cfg:QuadrupedPPORunnerCfg
[WARNING]: The `policy` configuration is deprecated for rsl-rl >= 4.0.0. Please use, e.g., `actor` and `critic` model configurations instead.
[WARNING]: The `empirical_normalization` parameter is deprecated. Please set `actor_obs_normalization` and `critic_obs_normalization` as part of the `policy` configuration instead.
[WARNING]: The `policy` configuration is used to infer the `actor` model configuration.
[WARNING]: The `policy` configuration is used to infer the `critic` model configuration.
[WARNING]: The `distribution_cfg` configuration is now used to specify the output distribution for stochastic policies. Consider updating the configuration to use `distribution_cfg` instead of `stochastic`, `init_noise_std`, `noise_std_type`, and `state_dependent_std` parameters.
[INFO] Loading experiment from directory: /workspace/go2_g_a056/diag/logs/rsl_rl/quadruped

[36m======================================================================================[0m
[36m[1m[INFO][IsaacLab]: Logging to file: /tmp/isaaclab/logs/isaaclab_2026-09-29_10-00-25.log[0m
[36m======================================================================================[0m

[33m10:00:25 [simulation_context.py] WARNING: The `enable_external_forces_every_iteration` parameter in the PhysxCfg is set to False. If you are experiencing noisy velocities, consider enabling this flag. You may need to slightly increase the number of velocity iterations (setting it to 1 or 2 rather than 0), together with this flag, to improve the accuracy of velocity updates.[0m
[INFO]: Base environment:
	Environment device    : cuda:0
	Environment seed      : 202
	Physics step-size     : 0.005
	Rendering step-size   : 0.02
	Environment step-size : 0.02
[INFO] Generating terrains randomly took : 0.013715 seconds
[INFO]: Time taken for scene creation : 0.971632 seconds
[INFO]: Scene manager:  <class InteractiveScene>
	Number of environments: 32
	Environment spacing   : 2.5
	Source prim name      : /World/envs/env_0
	Global prim paths     : ['/World/ground']
	Replicate physics     : True
[INFO]: Starting the simulation. This may take a few seconds. Please wait...
[INFO]: Time taken for simulation start : 0.428628 seconds
[33m10:00:27 [velocity_command.py] WARNING: The velocity command has the 'ranges.heading' attribute set to '(-3.141592653589793, 3.141592653589793)' but the heading command is not active. Consider setting the flag for the heading command to True.[0m
/workspace/IsaacLab/_isaac_sim/kit/python/lib/python3.11/site-packages/rsl_rl/utils/utils.py:220: UserWarning: The observation configuration dictionary 'obs_groups' is empty and thus likely not configured. Consider configuring the 'obs_groups' dictionary explicitly
  warnings.warn(
/workspace/IsaacLab/_isaac_sim/kit/python/lib/python3.11/site-packages/rsl_rl/utils/utils.py:251: UserWarning: The observation configuration dictionary 'obs_groups' does not contain the 'actor' key. As an observation group with the name 'policy' was found, this is assumed to be the appropriate observation. Consider adding the 'actor' key to the 'obs_groups' dictionary for clarity. This behavior will be removed in a future version.
  warnings.warn(
/workspace/IsaacLab/_isaac_sim/kit/python/lib/python3.11/site-packages/rsl_rl/utils/utils.py:251: UserWarning: The observation configuration dictionary 'obs_groups' does not contain the 'critic' key. As an observation group with the name 'policy' was found, this is assumed to be the appropriate observation. Consider adding the 'critic' key to the 'obs_groups' dictionary for clarity. This behavior will be removed in a future version.
  warnings.warn(
[INFO] Command Manager:  <CommandManager> contains 1 active terms.
+------------------------------------------------+
|              Active Command Terms              |
+-------+---------------+------------------------+
| Index | Name          |          Type          |
+-------+---------------+------------------------+
|   0   | base_velocity | UniformVelocityCommand |
+-------+---------------+------------------------+

[INFO] Event Manager:  <EventManager> contains 2 active terms.
+--------------------------------------+
| Active Event Terms in Mode: 'startup' |
+----------+---------------------------+
|  Index   | Name                      |
+----------+---------------------------+
|    0     | physics_material          |
|    1     | add_base_mass             |
+----------+---------------------------+
+---------------------------------------+
|  Active Event Terms in Mode: 'reset'  |
+--------+------------------------------+
| Index  | Name                         |
+--------+------------------------------+
|   0    | base_external_force_torque   |
|   1    | reset_base                   |
|   2    | reset_robot_joints           |
+--------+------------------------------+

[INFO] Recorder Manager:  <RecorderManager> contains 0 active terms.
+---------------------+
| Active Recorder Terms |
+-----------+---------+
|   Index   | Name    |
+-----------+---------+
+-----------+---------+

[INFO] Action Manager:  <ActionManager> contains 1 active terms.
+------------------------------------+
|  Active Action Terms (shape: 12)   |
+--------+-------------+-------------+
| Index  | Name        |   Dimension |
+--------+-------------+-------------+
|   0    | joint_pos   |          12 |
+--------+-------------+-------------+

[INFO] Observation Manager: <ObservationManager> contains 1 groups.
+----------------------------------------------------------+
| Active Observation Terms in Group: 'policy' (shape: (235,)) |
+-----------+--------------------------------+-------------+
|   Index   | Name                           |    Shape    |
+-----------+--------------------------------+-------------+
|     0     | base_lin_vel                   |     (3,)    |
|     1     | base_ang_vel                   |     (3,)    |
|     2     | projected_gravity              |     (3,)    |
|     3     | velocity_commands              |     (3,)    |
|     4     | joint_pos                      |    (12,)    |
|     5     | joint_vel                      |    (12,)    |
|     6     | actions                        |    (12,)    |
|     7     | height_scan                    |    (187,)   |
+-----------+--------------------------------+-------------+

[INFO] Termination Manager:  <TerminationManager> contains 2 active terms.
+---------------------------------+
|     Active Termination Terms    |
+-------+--------------+----------+
| Index | Name         | Time Out |
+-------+--------------+----------+
|   0   | time_out     |   True   |
|   1   | base_contact |  False   |
+-------+--------------+----------+

[INFO] Reward Manager:  <RewardManager> contains 10 active terms.
+-----------------------------------------+
|           Active Reward Terms           |
+-------+----------------------+----------+
| Index | Name                 |   Weight |
+-------+----------------------+----------+
|   0   | track_lin_vel_xy_exp |      1.5 |
|   1   | track_ang_vel_z_exp  |     0.75 |
|   2   | lin_vel_z_l2         |     -1.5 |
|   3   | ang_vel_xy_l2        |    -0.05 |
|   4   | dof_torques_l2       |  -0.0002 |
|   5   | dof_acc_l2           | -2.5e-07 |
|   6   | action_rate_l2       |    -0.01 |
|   7   | feet_air_time        |      0.2 |
|   8   | flat_orientation_l2  |      0.0 |
|   9   | dof_pos_limits       |      0.0 |
+-------+----------------------+----------+

[INFO] Curriculum Manager:  <CurriculumManager> contains 0 active terms.
+----------------------+
| Active Curriculum Terms |
+-----------+----------+
|   Index   | Name     |
+-----------+----------+
+-----------+----------+

[INFO]: Completed setting up the environment...
[INFO]: Loading model checkpoint from: /workspace/go2_g_a056/diag/exported/model_best.pt
--------------------------------------------------------------------------------
Resolved observation sets: 
	 actor :  ['policy']
	 critic :  ['policy']
--------------------------------------------------------------------------------
Actor Model: MLPModel(
  (obs_normalizer): Identity()
  (distribution): GaussianDistribution()
  (mlp): MLP(
    (0): Linear(in_features=235, out_features=512, bias=True)
    (1): ELU(alpha=1.0)
    (2): Linear(in_features=512, out_features=256, bias=True)
    (3): ELU(alpha=1.0)
    (4): Linear(in_features=256, out_features=128, bias=True)
    (5): ELU(alpha=1.0)
    (6): Linear(in_features=128, out_features=12, bias=True)
  )
)
Critic Model: MLPModel(
  (obs_normalizer): Identity()
  (mlp): MLP(
    (0): Linear(in_features=235, out_features=512, bias=True)
    (1): ELU(alpha=1.0)
    (2): Linear(in_features=512, out_features=256, bias=True)
    (3): ELU(alpha=1.0)
    (4): Linear(in_features=256, out_features=128, bias=True)
    (5): ELU(alpha=1.0)
    (6): Linear(in_features=128, out_features=1, bias=True)
  )
)
Loading user config located at: '/isaac-sim/kit/data/Kit/Isaac-Sim/5.1/user.config.json'
[Info] [carb] Logging to file: /isaac-sim/kit/logs/Kit/Isaac-Sim/5.1/kit_20260929_100021.log
2026-09-29T01:00:21Z [164ms] [Warning] [omni.platforminfo.plugin] failed to open the default display.  Can't verify X Server version.
2026-09-29T01:00:21Z [166ms] [Warning] [omni.usd_config.extension] Enable omni.materialx.libs extension to use MaterialX
2026-09-29T01:00:22Z [380ms] [Warning] [carb] Acquiring non optional plugin interface which is not listed as dependency: [omni::physx::IPhysxBenchmarks v1.0] (plugin: <default plugin>), by client: omni.physics.physx.plugin. Add it to CARB_PLUGIN_IMPL_DEPS() macro of a client.
2026-09-29T01:00:22Z [496ms] [Warning] [omni.isaac.dynamic_control] omni.isaac.dynamic_control is deprecated as of Isaac Sim 4.5. No action is needed from end-users.

|---------------------------------------------------------------------------------------------|
| Driver Version: 580.126.09    | Graphics API: Vulkan
|=============================================================================================|
| GPU | Name                             | Active | LDA | GPU Memory | Vendor-ID | LUID       |
|     |                                  |        |     |            | Device-ID | UUID       |
|     |                                  |        |     |            | Bus-ID    |            |
|---------------------------------------------------------------------------------------------|
| 0   | NVIDIA GeForce RTX 5080          | Yes: 0 |     | 16303   MB | 10de      | 0          |
|     |                                  |        |     |            | 2c02      | 38f3d007.. |
|     |                                  |        |     |            | 1         |            |
|=============================================================================================|
| OS: 24.04.2 LTS (Noble Numbat) ubuntu, Version: 24.04.2, Kernel: 6.8.0-136-generic
| Processor: Intel(R) Core(TM) Ultra 5 250KF Plus
| Cores: 18 | Logical Cores: 18
|---------------------------------------------------------------------------------------------|
| Total Memory (MB): 64006 | Free Memory: 49905
| Total Page/Swap (MB): 8191 | Free Page/Swap: 0
|---------------------------------------------------------------------------------------------|
2026-09-29T01:00:23Z [2,237ms] [Warning] [gpu.foundation.plugin] CPU performance profile is set to powersave. This profile sets the CPU to the lowest frequency reducing performance.
2026-09-29T01:00:23Z [2,250ms] [Warning] [gpu.foundation.plugin] IOMMU is enabled.
2026-09-29T01:00:23Z [2,274ms] [Warning] [omni.kvdb.plugin] Disabling key-value database because another kit process is locking it
2026-09-29T01:00:27Z [5,641ms] [Warning] [omni.physx.fabric.plugin] FabricManager::initializePointInstancer mismatched prototypes on point instancer: /Visuals/Command/velocity_goal.
2026-09-29T01:00:27Z [5,641ms] [Warning] [omni.physx.fabric.plugin] FabricManager::initializePointInstancer mismatched prototypes on point instancer: /Visuals/Command/velocity_current.
DIAG_STATUS=DIAG_COMPLETE
STEPS=1000
COMMAND: /workspace/IsaacLab/isaaclab.sh -p play.py --task Quadruped-v0 --num_envs 32 --headless agent.seed=202 env.commands.base_velocity.heading_command=false env.commands.base_velocity.rel_standing_envs=0.0 env.commands.base_velocity.resampling_time_range=\[1000.0\,1000.0\] env.commands.base_velocity.ranges.lin_vel_x=\[0.50\,0.50\] env.commands.base_velocity.ranges.lin_vel_y=\[-0.15\,-0.15\] env.commands.base_velocity.ranges.ang_vel_z=\[-0.50\,-0.50\] env.scene.terrain.terrain_type=plane env.curriculum.terrain_levels=null 
[3gH    H    H    H    H    H    H    H    H    H    H    H    H    H    H    H    H    H    H    H    H    H    H    H    H  [INFO] Using python from: /workspace/IsaacLab/_isaac_sim/python.sh
[go2-eval] telemetry enabled: out=/workspace/_keep/go2_g_a056_a043_diag_replay/plain/cases/seed_202/combined_yaw_right steps=1000
[INFO][AppLauncher]: Using device: cuda:0
[INFO][AppLauncher]: Loading experience file: /workspace/IsaacLab/apps/isaaclab.python.headless.kit
[INFO]: Parsing configuration from: go2_task.env_cfg:QuadrupedRoughEnvCfg
[Quadruped:student] 6 reward 항목 로드
  [OK] track_lin_vel_xy_exp.weight = 1.5
  [OK] feet_air_time.weight = 0.2
  [OK] lin_vel_z_l2.weight = -1.5
  [OK] ang_vel_xy_l2.weight = -0.05
  [OK] action_rate_l2.weight = -0.01
  [OK] flat_orientation_l2.weight = 0.0
[Quadruped:student] terrain override - boxes ≤0.15m
[INFO]: Parsing configuration from: go2_task.agent_cfg:QuadrupedPPORunnerCfg
[WARNING]: The `policy` configuration is deprecated for rsl-rl >= 4.0.0. Please use, e.g., `actor` and `critic` model configurations instead.
[WARNING]: The `empirical_normalization` parameter is deprecated. Please set `actor_obs_normalization` and `critic_obs_normalization` as part of the `policy` configuration instead.
[WARNING]: The `policy` configuration is used to infer the `actor` model configuration.
[WARNING]: The `policy` configuration is used to infer the `critic` model configuration.
[WARNING]: The `distribution_cfg` configuration is now used to specify the output distribution for stochastic policies. Consider updating the configuration to use `distribution_cfg` instead of `stochastic`, `init_noise_std`, `noise_std_type`, and `state_dependent_std` parameters.
[INFO] Loading experiment from directory: /workspace/go2_g_a056/plain/logs/rsl_rl/quadruped

[36m======================================================================================[0m
[36m[1m[INFO][IsaacLab]: Logging to file: /tmp/isaaclab/logs/isaaclab_2026-09-29_10-00-58.log[0m
[36m======================================================================================[0m

[33m10:00:58 [simulation_context.py] WARNING: The `enable_external_forces_every_iteration` parameter in the PhysxCfg is set to False. If you are experiencing noisy velocities, consider enabling this flag. You may need to slightly increase the number of velocity iterations (setting it to 1 or 2 rather than 0), together with this flag, to improve the accuracy of velocity updates.[0m
[INFO]: Base environment:
	Environment device    : cuda:0
	Environment seed      : 202
	Physics step-size     : 0.005
	Rendering step-size   : 0.02
	Environment step-size : 0.02
[33m10:00:59 [terrain_importer.py] WARNING: Visual material specified for ground plane but no diffuse color found. Using default color: (0.0, 0.0, 0.0)[0m
[INFO]: Time taken for scene creation : 0.990843 seconds
[INFO]: Scene manager:  <class InteractiveScene>
	Number of environments: 32
	Environment spacing   : 2.5
	Source prim name      : /World/envs/env_0
	Global prim paths     : ['/World/ground']
	Replicate physics     : True
[INFO]: Starting the simulation. This may take a few seconds. Please wait...
[INFO]: Time taken for simulation start : 0.402765 seconds
[33m10:01:00 [velocity_command.py] WARNING: The velocity command has the 'ranges.heading' attribute set to '(-3.141592653589793, 3.141592653589793)' but the heading command is not active. Consider setting the flag for the heading command to True.[0m
/workspace/IsaacLab/_isaac_sim/kit/python/lib/python3.11/site-packages/rsl_rl/utils/utils.py:220: UserWarning: The observation configuration dictionary 'obs_groups' is empty and thus likely not configured. Consider configuring the 'obs_groups' dictionary explicitly
  warnings.warn(
/workspace/IsaacLab/_isaac_sim/kit/python/lib/python3.11/site-packages/rsl_rl/utils/utils.py:251: UserWarning: The observation configuration dictionary 'obs_groups' does not contain the 'actor' key. As an observation group with the name 'policy' was found, this is assumed to be the appropriate observation. Consider adding the 'actor' key to the 'obs_groups' dictionary for clarity. This behavior will be removed in a future version.
  warnings.warn(
/workspace/IsaacLab/_isaac_sim/kit/python/lib/python3.11/site-packages/rsl_rl/utils/utils.py:251: UserWarning: The observation configuration dictionary 'obs_groups' does not contain the 'critic' key. As an observation group with the name 'policy' was found, this is assumed to be the appropriate observation. Consider adding the 'critic' key to the 'obs_groups' dictionary for clarity. This behavior will be removed in a future version.
  warnings.warn(
[INFO] Command Manager:  <CommandManager> contains 1 active terms.
+------------------------------------------------+
|              Active Command Terms              |
+-------+---------------+------------------------+
| Index | Name          |          Type          |
+-------+---------------+------------------------+
|   0   | base_velocity | UniformVelocityCommand |
+-------+---------------+------------------------+

[INFO] Event Manager:  <EventManager> contains 2 active terms.
+--------------------------------------+
| Active Event Terms in Mode: 'startup' |
+----------+---------------------------+
|  Index   | Name                      |
+----------+---------------------------+
|    0     | physics_material          |
|    1     | add_base_mass             |
+----------+---------------------------+
+---------------------------------------+
|  Active Event Terms in Mode: 'reset'  |
+--------+------------------------------+
| Index  | Name                         |
+--------+------------------------------+
|   0    | base_external_force_torque   |
|   1    | reset_base                   |
|   2    | reset_robot_joints           |
+--------+------------------------------+

[INFO] Recorder Manager:  <RecorderManager> contains 0 active terms.
+---------------------+
| Active Recorder Terms |
+-----------+---------+
|   Index   | Name    |
+-----------+---------+
+-----------+---------+

[INFO] Action Manager:  <ActionManager> contains 1 active terms.
+------------------------------------+
|  Active Action Terms (shape: 12)   |
+--------+-------------+-------------+
| Index  | Name        |   Dimension |
+--------+-------------+-------------+
|   0    | joint_pos   |          12 |
+--------+-------------+-------------+

[INFO] Observation Manager: <ObservationManager> contains 1 groups.
+----------------------------------------------------------+
| Active Observation Terms in Group: 'policy' (shape: (235,)) |
+-----------+--------------------------------+-------------+
|   Index   | Name                           |    Shape    |
+-----------+--------------------------------+-------------+
|     0     | base_lin_vel                   |     (3,)    |
|     1     | base_ang_vel                   |     (3,)    |
|     2     | projected_gravity              |     (3,)    |
|     3     | velocity_commands              |     (3,)    |
|     4     | joint_pos                      |    (12,)    |
|     5     | joint_vel                      |    (12,)    |
|     6     | actions                        |    (12,)    |
|     7     | height_scan                    |    (187,)   |
+-----------+--------------------------------+-------------+

[INFO] Termination Manager:  <TerminationManager> contains 2 active terms.
+---------------------------------+
|     Active Termination Terms    |
+-------+--------------+----------+
| Index | Name         | Time Out |
+-------+--------------+----------+
|   0   | time_out     |   True   |
|   1   | base_contact |  False   |
+-------+--------------+----------+

[INFO] Reward Manager:  <RewardManager> contains 10 active terms.
+-----------------------------------------+
|           Active Reward Terms           |
+-------+----------------------+----------+
| Index | Name                 |   Weight |
+-------+----------------------+----------+
|   0   | track_lin_vel_xy_exp |      1.5 |
|   1   | track_ang_vel_z_exp  |     0.75 |
|   2   | lin_vel_z_l2         |     -1.5 |
|   3   | ang_vel_xy_l2        |    -0.05 |
|   4   | dof_torques_l2       |  -0.0002 |
|   5   | dof_acc_l2           | -2.5e-07 |
|   6   | action_rate_l2       |    -0.01 |
|   7   | feet_air_time        |      0.2 |
|   8   | flat_orientation_l2  |      0.0 |
|   9   | dof_pos_limits       |      0.0 |
+-------+----------------------+----------+

[INFO] Curriculum Manager:  <CurriculumManager> contains 0 active terms.
+----------------------+
| Active Curriculum Terms |
+-----------+----------+
|   Index   | Name     |
+-----------+----------+
+-----------+----------+

[INFO]: Completed setting up the environment...
[INFO]: Loading model checkpoint from: /workspace/go2_g_a056/plain/exported/model_best.pt
--------------------------------------------------------------------------------
Resolved observation sets: 
	 actor :  ['policy']
	 critic :  ['policy']
--------------------------------------------------------------------------------
Actor Model: MLPModel(
  (obs_normalizer): Identity()
  (distribution): GaussianDistribution()
  (mlp): MLP(
    (0): Linear(in_features=235, out_features=512, bias=True)
    (1): ELU(alpha=1.0)
    (2): Linear(in_features=512, out_features=256, bias=True)
    (3): ELU(alpha=1.0)
    (4): Linear(in_features=256, out_features=128, bias=True)
    (5): ELU(alpha=1.0)
    (6): Linear(in_features=128, out_features=12, bias=True)
  )
)
Critic Model: MLPModel(
  (obs_normalizer): Identity()
  (mlp): MLP(
    (0): Linear(in_features=235, out_features=512, bias=True)
    (1): ELU(alpha=1.0)
    (2): Linear(in_features=512, out_features=256, bias=True)
    (3): ELU(alpha=1.0)
    (4): Linear(in_features=256, out_features=128, bias=True)
    (5): ELU(alpha=1.0)
    (6): Linear(in_features=128, out_features=1, bias=True)
  )
)
Loading user config located at: '/isaac-sim/kit/data/Kit/Isaac-Sim/5.1/user.config.json'
[Info] [carb] Logging to file: /isaac-sim/kit/logs/Kit/Isaac-Sim/5.1/kit_20260929_100054.log
2026-09-29T01:00:54Z [163ms] [Warning] [omni.platforminfo.plugin] failed to open the default display.  Can't verify X Server version.
2026-09-29T01:00:54Z [168ms] [Warning] [omni.usd_config.extension] Enable omni.materialx.libs extension to use MaterialX
2026-09-29T01:00:55Z [384ms] [Warning] [carb] Acquiring non optional plugin interface which is not listed as dependency: [omni::physx::IPhysxBenchmarks v1.0] (plugin: <default plugin>), by client: omni.physics.physx.plugin. Add it to CARB_PLUGIN_IMPL_DEPS() macro of a client.
2026-09-29T01:00:55Z [502ms] [Warning] [omni.isaac.dynamic_control] omni.isaac.dynamic_control is deprecated as of Isaac Sim 4.5. No action is needed from end-users.

|---------------------------------------------------------------------------------------------|
| Driver Version: 580.126.09    | Graphics API: Vulkan
|=============================================================================================|
| GPU | Name                             | Active | LDA | GPU Memory | Vendor-ID | LUID       |
|     |                                  |        |     |            | Device-ID | UUID       |
|     |                                  |        |     |            | Bus-ID    |            |
|---------------------------------------------------------------------------------------------|
| 0   | NVIDIA GeForce RTX 5080          | Yes: 0 |     | 16303   MB | 10de      | 0          |
|     |                                  |        |     |            | 2c02      | 38f3d007.. |
|     |                                  |        |     |            | 1         |            |
|=============================================================================================|
| OS: 24.04.2 LTS (Noble Numbat) ubuntu, Version: 24.04.2, Kernel: 6.8.0-136-generic
| Processor: Intel(R) Core(TM) Ultra 5 250KF Plus
| Cores: 18 | Logical Cores: 18
|---------------------------------------------------------------------------------------------|
| Total Memory (MB): 64006 | Free Memory: 49919
| Total Page/Swap (MB): 8191 | Free Page/Swap: 0
|---------------------------------------------------------------------------------------------|
2026-09-29T01:00:57Z [2,244ms] [Warning] [gpu.foundation.plugin] CPU performance profile is set to powersave. This profile sets the CPU to the lowest frequency reducing performance.
2026-09-29T01:00:57Z [2,256ms] [Warning] [gpu.foundation.plugin] IOMMU is enabled.
2026-09-29T01:00:57Z [2,278ms] [Warning] [omni.kvdb.plugin] Disabling key-value database because another kit process is locking it
2026-09-29T01:01:00Z [5,598ms] [Warning] [omni.physx.fabric.plugin] FabricManager::initializePointInstancer mismatched prototypes on point instancer: /Visuals/Command/velocity_current.
2026-09-29T01:01:00Z [5,598ms] [Warning] [omni.physx.fabric.plugin] FabricManager::initializePointInstancer mismatched prototypes on point instancer: /Visuals/Command/velocity_goal.
COMMAND: /workspace/IsaacLab/isaaclab.sh -p play.py --task Quadruped-v0 --num_envs 32 --headless agent.seed=202 env.commands.base_velocity.heading_command=false env.commands.base_velocity.rel_standing_envs=0.0 env.commands.base_velocity.resampling_time_range=\[1000.0\,1000.0\] env.commands.base_velocity.ranges.lin_vel_x=\[0.50\,0.50\] env.commands.base_velocity.ranges.lin_vel_y=\[-0.15\,-0.15\] env.commands.base_velocity.ranges.ang_vel_z=\[-0.50\,-0.50\] env.scene.terrain.terrain_type=plane env.curriculum.terrain_levels=null 
[3gH    H    H    H    H    H    H    H    H    H    H    H    H    H    H    H    H    H    H    H    H    H    H    H    H  [INFO] Using python from: /workspace/IsaacLab/_isaac_sim/python.sh
[go2-eval] telemetry enabled: out=/workspace/_keep/go2_g_a056_a043_diag_replay/diag/cases/seed_202/combined_yaw_right steps=1000
[go2-diag] read-only diagnostic channels enabled: out=/workspace/_keep/go2_g_a056_a043_diag_replay/diag/cases/seed_202/combined_yaw_right/diag.csv.gz
[INFO][AppLauncher]: Using device: cuda:0
[INFO][AppLauncher]: Loading experience file: /workspace/IsaacLab/apps/isaaclab.python.headless.kit
[INFO]: Parsing configuration from: go2_task.env_cfg:QuadrupedRoughEnvCfg
[Quadruped:student] 6 reward 항목 로드
  [OK] track_lin_vel_xy_exp.weight = 1.5
  [OK] feet_air_time.weight = 0.2
  [OK] lin_vel_z_l2.weight = -1.5
  [OK] ang_vel_xy_l2.weight = -0.05
  [OK] action_rate_l2.weight = -0.01
  [OK] flat_orientation_l2.weight = 0.0
[Quadruped:student] terrain override - boxes ≤0.15m
[INFO]: Parsing configuration from: go2_task.agent_cfg:QuadrupedPPORunnerCfg
[WARNING]: The `policy` configuration is deprecated for rsl-rl >= 4.0.0. Please use, e.g., `actor` and `critic` model configurations instead.
[WARNING]: The `empirical_normalization` parameter is deprecated. Please set `actor_obs_normalization` and `critic_obs_normalization` as part of the `policy` configuration instead.
[WARNING]: The `policy` configuration is used to infer the `actor` model configuration.
[WARNING]: The `policy` configuration is used to infer the `critic` model configuration.
[WARNING]: The `distribution_cfg` configuration is now used to specify the output distribution for stochastic policies. Consider updating the configuration to use `distribution_cfg` instead of `stochastic`, `init_noise_std`, `noise_std_type`, and `state_dependent_std` parameters.
[INFO] Loading experiment from directory: /workspace/go2_g_a056/diag/logs/rsl_rl/quadruped

[36m======================================================================================[0m
[36m[1m[INFO][IsaacLab]: Logging to file: /tmp/isaaclab/logs/isaaclab_2026-09-29_10-01-19.log[0m
[36m======================================================================================[0m

[33m10:01:19 [simulation_context.py] WARNING: The `enable_external_forces_every_iteration` parameter in the PhysxCfg is set to False. If you are experiencing noisy velocities, consider enabling this flag. You may need to slightly increase the number of velocity iterations (setting it to 1 or 2 rather than 0), together with this flag, to improve the accuracy of velocity updates.[0m
[INFO]: Base environment:
	Environment device    : cuda:0
	Environment seed      : 202
	Physics step-size     : 0.005
	Rendering step-size   : 0.02
	Environment step-size : 0.02
[33m10:01:20 [terrain_importer.py] WARNING: Visual material specified for ground plane but no diffuse color found. Using default color: (0.0, 0.0, 0.0)[0m
[INFO]: Time taken for scene creation : 1.097299 seconds
[INFO]: Scene manager:  <class InteractiveScene>
	Number of environments: 32
	Environment spacing   : 2.5
	Source prim name      : /World/envs/env_0
	Global prim paths     : ['/World/ground']
	Replicate physics     : True
[INFO]: Starting the simulation. This may take a few seconds. Please wait...
[INFO]: Time taken for simulation start : 0.401106 seconds
[33m10:01:21 [velocity_command.py] WARNING: The velocity command has the 'ranges.heading' attribute set to '(-3.141592653589793, 3.141592653589793)' but the heading command is not active. Consider setting the flag for the heading command to True.[0m
/workspace/IsaacLab/_isaac_sim/kit/python/lib/python3.11/site-packages/rsl_rl/utils/utils.py:220: UserWarning: The observation configuration dictionary 'obs_groups' is empty and thus likely not configured. Consider configuring the 'obs_groups' dictionary explicitly
  warnings.warn(
/workspace/IsaacLab/_isaac_sim/kit/python/lib/python3.11/site-packages/rsl_rl/utils/utils.py:251: UserWarning: The observation configuration dictionary 'obs_groups' does not contain the 'actor' key. As an observation group with the name 'policy' was found, this is assumed to be the appropriate observation. Consider adding the 'actor' key to the 'obs_groups' dictionary for clarity. This behavior will be removed in a future version.
  warnings.warn(
/workspace/IsaacLab/_isaac_sim/kit/python/lib/python3.11/site-packages/rsl_rl/utils/utils.py:251: UserWarning: The observation configuration dictionary 'obs_groups' does not contain the 'critic' key. As an observation group with the name 'policy' was found, this is assumed to be the appropriate observation. Consider adding the 'critic' key to the 'obs_groups' dictionary for clarity. This behavior will be removed in a future version.
  warnings.warn(
[INFO] Command Manager:  <CommandManager> contains 1 active terms.
+------------------------------------------------+
|              Active Command Terms              |
+-------+---------------+------------------------+
| Index | Name          |          Type          |
+-------+---------------+------------------------+
|   0   | base_velocity | UniformVelocityCommand |
+-------+---------------+------------------------+

[INFO] Event Manager:  <EventManager> contains 2 active terms.
+--------------------------------------+
| Active Event Terms in Mode: 'startup' |
+----------+---------------------------+
|  Index   | Name                      |
+----------+---------------------------+
|    0     | physics_material          |
|    1     | add_base_mass             |
+----------+---------------------------+
+---------------------------------------+
|  Active Event Terms in Mode: 'reset'  |
+--------+------------------------------+
| Index  | Name                         |
+--------+------------------------------+
|   0    | base_external_force_torque   |
|   1    | reset_base                   |
|   2    | reset_robot_joints           |
+--------+------------------------------+

[INFO] Recorder Manager:  <RecorderManager> contains 0 active terms.
+---------------------+
| Active Recorder Terms |
+-----------+---------+
|   Index   | Name    |
+-----------+---------+
+-----------+---------+

[INFO] Action Manager:  <ActionManager> contains 1 active terms.
+------------------------------------+
|  Active Action Terms (shape: 12)   |
+--------+-------------+-------------+
| Index  | Name        |   Dimension |
+--------+-------------+-------------+
|   0    | joint_pos   |          12 |
+--------+-------------+-------------+

[INFO] Observation Manager: <ObservationManager> contains 1 groups.
+----------------------------------------------------------+
| Active Observation Terms in Group: 'policy' (shape: (235,)) |
+-----------+--------------------------------+-------------+
|   Index   | Name                           |    Shape    |
+-----------+--------------------------------+-------------+
|     0     | base_lin_vel                   |     (3,)    |
|     1     | base_ang_vel                   |     (3,)    |
|     2     | projected_gravity              |     (3,)    |
|     3     | velocity_commands              |     (3,)    |
|     4     | joint_pos                      |    (12,)    |
|     5     | joint_vel                      |    (12,)    |
|     6     | actions                        |    (12,)    |
|     7     | height_scan                    |    (187,)   |
+-----------+--------------------------------+-------------+

[INFO] Termination Manager:  <TerminationManager> contains 2 active terms.
+---------------------------------+
|     Active Termination Terms    |
+-------+--------------+----------+
| Index | Name         | Time Out |
+-------+--------------+----------+
|   0   | time_out     |   True   |
|   1   | base_contact |  False   |
+-------+--------------+----------+

[INFO] Reward Manager:  <RewardManager> contains 10 active terms.
+-----------------------------------------+
|           Active Reward Terms           |
+-------+----------------------+----------+
| Index | Name                 |   Weight |
+-------+----------------------+----------+
|   0   | track_lin_vel_xy_exp |      1.5 |
|   1   | track_ang_vel_z_exp  |     0.75 |
|   2   | lin_vel_z_l2         |     -1.5 |
|   3   | ang_vel_xy_l2        |    -0.05 |
|   4   | dof_torques_l2       |  -0.0002 |
|   5   | dof_acc_l2           | -2.5e-07 |
|   6   | action_rate_l2       |    -0.01 |
|   7   | feet_air_time        |      0.2 |
|   8   | flat_orientation_l2  |      0.0 |
|   9   | dof_pos_limits       |      0.0 |
+-------+----------------------+----------+

[INFO] Curriculum Manager:  <CurriculumManager> contains 0 active terms.
+----------------------+
| Active Curriculum Terms |
+-----------+----------+
|   Index   | Name     |
+-----------+----------+
+-----------+----------+

[INFO]: Completed setting up the environment...
[INFO]: Loading model checkpoint from: /workspace/go2_g_a056/diag/exported/model_best.pt
--------------------------------------------------------------------------------
Resolved observation sets: 
	 actor :  ['policy']
	 critic :  ['policy']
--------------------------------------------------------------------------------
Actor Model: MLPModel(
  (obs_normalizer): Identity()
  (distribution): GaussianDistribution()
  (mlp): MLP(
    (0): Linear(in_features=235, out_features=512, bias=True)
    (1): ELU(alpha=1.0)
    (2): Linear(in_features=512, out_features=256, bias=True)
    (3): ELU(alpha=1.0)
    (4): Linear(in_features=256, out_features=128, bias=True)
    (5): ELU(alpha=1.0)
    (6): Linear(in_features=128, out_features=12, bias=True)
  )
)
Critic Model: MLPModel(
  (obs_normalizer): Identity()
  (mlp): MLP(
    (0): Linear(in_features=235, out_features=512, bias=True)
    (1): ELU(alpha=1.0)
    (2): Linear(in_features=512, out_features=256, bias=True)
    (3): ELU(alpha=1.0)
    (4): Linear(in_features=256, out_features=128, bias=True)
    (5): ELU(alpha=1.0)
    (6): Linear(in_features=128, out_features=1, bias=True)
  )
)
Loading user config located at: '/isaac-sim/kit/data/Kit/Isaac-Sim/5.1/user.config.json'
[Info] [carb] Logging to file: /isaac-sim/kit/logs/Kit/Isaac-Sim/5.1/kit_20260929_100115.log
2026-09-29T01:01:15Z [158ms] [Warning] [omni.platforminfo.plugin] failed to open the default display.  Can't verify X Server version.
2026-09-29T01:01:15Z [163ms] [Warning] [omni.usd_config.extension] Enable omni.materialx.libs extension to use MaterialX
2026-09-29T01:01:15Z [379ms] [Warning] [carb] Acquiring non optional plugin interface which is not listed as dependency: [omni::physx::IPhysxBenchmarks v1.0] (plugin: <default plugin>), by client: omni.physics.physx.plugin. Add it to CARB_PLUGIN_IMPL_DEPS() macro of a client.
2026-09-29T01:01:16Z [497ms] [Warning] [omni.isaac.dynamic_control] omni.isaac.dynamic_control is deprecated as of Isaac Sim 4.5. No action is needed from end-users.

|---------------------------------------------------------------------------------------------|
| Driver Version: 580.126.09    | Graphics API: Vulkan
|=============================================================================================|
| GPU | Name                             | Active | LDA | GPU Memory | Vendor-ID | LUID       |
|     |                                  |        |     |            | Device-ID | UUID       |
|     |                                  |        |     |            | Bus-ID    |            |
|---------------------------------------------------------------------------------------------|
| 0   | NVIDIA GeForce RTX 5080          | Yes: 0 |     | 16303   MB | 10de      | 0          |
|     |                                  |        |     |            | 2c02      | 38f3d007.. |
|     |                                  |        |     |            | 1         |            |
|=============================================================================================|
| OS: 24.04.2 LTS (Noble Numbat) ubuntu, Version: 24.04.2, Kernel: 6.8.0-136-generic
| Processor: Intel(R) Core(TM) Ultra 5 250KF Plus
| Cores: 18 | Logical Cores: 18
|---------------------------------------------------------------------------------------------|
| Total Memory (MB): 64006 | Free Memory: 49910
| Total Page/Swap (MB): 8191 | Free Page/Swap: 0
|---------------------------------------------------------------------------------------------|
2026-09-29T01:01:17Z [2,244ms] [Warning] [gpu.foundation.plugin] CPU performance profile is set to powersave. This profile sets the CPU to the lowest frequency reducing performance.
2026-09-29T01:01:17Z [2,255ms] [Warning] [gpu.foundation.plugin] IOMMU is enabled.
2026-09-29T01:01:17Z [2,278ms] [Warning] [omni.kvdb.plugin] Disabling key-value database because another kit process is locking it
2026-09-29T01:01:21Z [5,709ms] [Warning] [omni.physx.fabric.plugin] FabricManager::initializePointInstancer mismatched prototypes on point instancer: /Visuals/Command/velocity_goal.
2026-09-29T01:01:21Z [5,709ms] [Warning] [omni.physx.fabric.plugin] FabricManager::initializePointInstancer mismatched prototypes on point instancer: /Visuals/Command/velocity_current.
DIAG_STATUS=DIAG_COMPLETE
STEPS=1000
COMMAND: /workspace/IsaacLab/isaaclab.sh -p play.py --task Quadruped-v0 --num_envs 32 --headless --video --video_length 1000 --enable_cameras agent.seed=202 env.commands.base_velocity.heading_command=false env.commands.base_velocity.rel_standing_envs=0.0 env.commands.base_velocity.resampling_time_range=\[1000.0\,1000.0\] env.commands.base_velocity.ranges.lin_vel_x=\[0\,0\] env.commands.base_velocity.ranges.lin_vel_y=\[0.30\,0.30\] env.commands.base_velocity.ranges.ang_vel_z=\[0\,0\] env.scene.terrain.terrain_type=generator env.curriculum.terrain_levels=null env.scene.terrain.terrain_generator.curriculum=false env.scene.terrain.terrain_generator.num_rows=1 env.scene.terrain.terrain_generator.num_cols=4 env.scene.terrain.terrain_generator.difficulty_range=\[1.0\,1.0\] env.scene.terrain.max_init_terrain_level=0 env.scene.terrain.terrain_generator.sub_terrains.pyramid_stairs.proportion=0.0 env.scene.terrain.terrain_generator.sub_terrains.pyramid_stairs_inv.proportion=0.0 env.scene.terrain.terrain_generator.sub_terrains.boxes.proportion=0.0 env.scene.terrain.terrain_generator.sub_terrains.random_rough.proportion=0.0 env.scene.terrain.terrain_generator.sub_terrains.hf_pyramid_slope.proportion=0.0 env.scene.terrain.terrain_generator.sub_terrains.hf_pyramid_slope_inv.proportion=0.0 env.scene.terrain.terrain_generator.sub_terrains.random_rough.proportion=1.0 env.scene.terrain.terrain_generator.sub_terrains.random_rough.noise_range=\[0.02\,0.10\] env.viewer.env_index=5 
[3gH    H    H    H    H    H    H    H    H    H    H    H    H    H    H    H    H    H    H    H    H    H    H    H    H  [INFO] Using python from: /workspace/IsaacLab/_isaac_sim/python.sh
Loading user config located at: '/isaac-sim/kit/data/Kit/Isaac-Sim/5.1/user.config.json'
[Info] [carb] Logging to file: /isaac-sim/kit/logs/Kit/Isaac-Sim/5.1/kit_20260929_100144.log
2026-09-29T01:01:45Z [183ms] [Warning] [carb.windowing-glfw.plugin] GLFW initialization failed.
2026-09-29T01:01:45Z [183ms] [Warning] [carb] Failed to startup plugin carb.windowing-glfw.plugin (interfaces: [carb::windowing::IGLContext v1.0],[carb::windowing::IWindowing v1.5]) (impl: carb.windowing-glfw.plugin)
2026-09-29T01:01:45Z [191ms] [Warning] [omni.platforminfo.plugin] failed to open the default display.  Can't verify X Server version.

|---------------------------------------------------------------------------------------------|
| Driver Version: 580.126.09    | Graphics API: Vulkan
|=============================================================================================|
| GPU | Name                             | Active | LDA | GPU Memory | Vendor-ID | LUID       |
|     |                                  |        |     |            | Device-ID | UUID       |
|     |                                  |        |     |            | Bus-ID    |            |
|---------------------------------------------------------------------------------------------|
| 0   | NVIDIA GeForce RTX 5080          | Yes: 0 |     | 16303   MB | 10de      | 0          |
|     |                                  |        |     |            | 2c02      | 38f3d007.. |
|     |                                  |        |     |            | 1         |            |
|=============================================================================================|
| OS: 24.04.2 LTS (Noble Numbat) ubuntu, Version: 24.04.2, Kernel: 6.8.0-136-generic
| Processor: Intel(R) Core(TM) Ultra 5 250KF Plus
| Cores: 18 | Logical Cores: 18
|---------------------------------------------------------------------------------------------|
| Total Memory (MB): 64006 | Free Memory: 50409
| Total Page/Swap (MB): 8191 | Free Page/Swap: 0
|---------------------------------------------------------------------------------------------|
2026-09-29T01:01:45Z [736ms] [Warning] [gpu.foundation.plugin] CPU performance profile is set to powersave. This profile sets the CPU to the lowest frequency reducing performance.
2026-09-29T01:01:45Z [748ms] [Warning] [gpu.foundation.plugin] IOMMU is enabled.
2026-09-29T01:01:46Z [1,078ms] [Warning] [carb.windowing-glfw.plugin] GLFW initialization failed.
2026-09-29T01:01:46Z [1,078ms] [Warning] [carb] Failed to startup plugin carb.windowing-glfw.plugin (interfaces: [carb::windowing::IGLContext v1.0],[carb::windowing::IWindowing v1.5]) (impl: carb.windowing-glfw.plugin)
2026-09-29T01:01:46Z [1,185ms] [Warning] [carb.windowing-glfw.plugin] GLFW initialization failed.
2026-09-29T01:01:46Z [1,185ms] [Warning] [carb] Failed to startup plugin carb.windowing-glfw.plugin (interfaces: [carb::windowing::IGLContext v1.0],[carb::windowing::IWindowing v1.5]) (impl: carb.windowing-glfw.plugin)
2026-09-29T01:01:46Z [1,194ms] [Warning] [carb.windowing-glfw.plugin] GLFW initialization failed.
2026-09-29T01:01:46Z [1,194ms] [Warning] [carb] Failed to startup plugin carb.windowing-glfw.plugin (interfaces: [carb::windowing::IGLContext v1.0],[carb::windowing::IWindowing v1.5]) (impl: carb.windowing-glfw.plugin)
2026-09-29T01:01:46Z [1,198ms] [Warning] [carb.windowing-glfw.plugin] GLFW initialization failed.
2026-09-29T01:01:46Z [1,198ms] [Warning] [carb] Failed to startup plugin carb.windowing-glfw.plugin (interfaces: [carb::windowing::IGLContext v1.0],[carb::windowing::IWindowing v1.5]) (impl: carb.windowing-glfw.plugin)
2026-09-29T01:01:46Z [1,199ms] [Warning] [carb.windowing-glfw.plugin] GLFW initialization failed.
2026-09-29T01:01:46Z [1,199ms] [Warning] [carb] Failed to startup plugin carb.windowing-glfw.plugin (interfaces: [carb::windowing::IGLContext v1.0],[carb::windowing::IWindowing v1.5]) (impl: carb.windowing-glfw.plugin)
2026-09-29T01:01:46Z [1,200ms] [Warning] [carb.windowing-glfw.plugin] GLFW initialization failed.
2026-09-29T01:01:46Z [1,200ms] [Warning] [carb] Failed to startup plugin carb.windowing-glfw.plugin (interfaces: [carb::windowing::IGLContext v1.0],[carb::windowing::IWindowing v1.5]) (impl: carb.windowing-glfw.plugin)
[go2-eval] telemetry enabled: out=/workspace/_keep/go2_g_a056_a043_diag_replay/video/cases/seed_202/rough_lateral_env5 steps=1000
[go2-camera] read-only camera probe enabled: target_env=5 out=/workspace/_keep/go2_g_a056_a043_diag_replay/video/cases/seed_202/rough_lateral_env5/camera.csv
[INFO][AppLauncher]: Using device: cuda:0
[INFO][AppLauncher]: Loading experience file: /workspace/IsaacLab/apps/isaaclab.python.headless.rendering.kit
[INFO]: Parsing configuration from: go2_task.env_cfg:QuadrupedRoughEnvCfg
[Quadruped:student] 6 reward 항목 로드
  [OK] track_lin_vel_xy_exp.weight = 1.5
  [OK] feet_air_time.weight = 0.2
  [OK] lin_vel_z_l2.weight = -1.5
  [OK] ang_vel_xy_l2.weight = -0.05
  [OK] action_rate_l2.weight = -0.01
  [OK] flat_orientation_l2.weight = 0.0
[Quadruped:student] terrain override - boxes ≤0.15m
[INFO]: Parsing configuration from: go2_task.agent_cfg:QuadrupedPPORunnerCfg
[WARNING]: The `policy` configuration is deprecated for rsl-rl >= 4.0.0. Please use, e.g., `actor` and `critic` model configurations instead.
[WARNING]: The `empirical_normalization` parameter is deprecated. Please set `actor_obs_normalization` and `critic_obs_normalization` as part of the `policy` configuration instead.
[WARNING]: The `policy` configuration is used to infer the `actor` model configuration.
[WARNING]: The `policy` configuration is used to infer the `critic` model configuration.
[WARNING]: The `distribution_cfg` configuration is now used to specify the output distribution for stochastic policies. Consider updating the configuration to use `distribution_cfg` instead of `stochastic`, `init_noise_std`, `noise_std_type`, and `state_dependent_std` parameters.
[INFO] Loading experiment from directory: /workspace/go2_g_a056/video/logs/rsl_rl/quadruped

[36m======================================================================================[0m
[36m[1m[INFO][IsaacLab]: Logging to file: /tmp/isaaclab/logs/isaaclab_2026-09-29_10-02-42.log[0m
[36m======================================================================================[0m

[33m10:02:42 [simulation_context.py] WARNING: The `enable_external_forces_every_iteration` parameter in the PhysxCfg is set to False. If you are experiencing noisy velocities, consider enabling this flag. You may need to slightly increase the number of velocity iterations (setting it to 1 or 2 rather than 0), together with this flag, to improve the accuracy of velocity updates.[0m
2026-09-29T01:01:46Z [1,328ms] [Warning] [omni.log] Source: omni.hydra was already registered.
2026-09-29T01:01:46Z [1,505ms] [Warning] [carb] Acquiring non optional plugin interface which is not listed as dependency: [omni::physx::IPhysxBenchmarks v1.0] (plugin: <default plugin>), by client: omni.physics.physx.plugin. Add it to CARB_PLUGIN_IMPL_DEPS() macro of a client.
2026-09-29T01:01:46Z [1,509ms] [Warning] [omni.isaac.dynamic_control] omni.isaac.dynamic_control is deprecated as of Isaac Sim 4.5. No action is needed from end-users.
2026-09-29T01:01:47Z [2,674ms] [Warning] [pxr.Semantics] pxr.Semantics is deprecated - please use Semantics instead
2026-09-29T01:01:47Z [2,737ms] [Warning] [omni.graph.core.plugin] Found duplicate of category 'Replicator' - was 'Annotators', adding 'Fabric Reader'
2026-09-29T01:01:47Z [2,737ms] [Warning] [omni.graph.core.plugin] Category 'Replicator' not accepted on node type 'omni.replicator.core.FabricReader' in extension 'omni.replicator.core'
2026-09-29T01:01:47Z [2,737ms] [Warning] [omni.replicator.core.scripts.extension] No material configuration file, adding configuration to material settings directly.
2026-09-29T01:01:48Z [3,484ms] [Warning] [omni.kvdb.plugin] Disabling key-value database because another kit process is locking it
2026-09-29T01:01:53Z [8,395ms] [Warning] [omni.fabric.plugin] Warning: attribute viewportHandle not found for bucket id 7

2026-09-29T01:02:45Z [60,550ms] [Warning] [omni.hydra] Mesh '/__Prototype_9361768168784622320/mesh_0' has corrupted data in primvar 'st_1': buffer size 55254 doesn't match expected size 90378 in faceVarying primvars
2026-09-29T01:02:45Z [60,550ms] [Warning] [omni.hydra] Mesh '/__Prototype_17658574861032171226/mesh_0' has corrupted data in primvar 'st_1': buffer size 54198 doesn't match expected size 111120 in faceVarying primvars
2026-09-29T01:02:45Z [60,550ms] [Warning] [omni.hydra] Mesh '/__Prototype_5020945076074816532/mesh_0' has corrupted data in primvar 'st_1': buffer size 55278 doesn't match expected size 90402 in faceVarying primvars
2026-09-29T01:02:45Z [60,550ms] [Warning] [omni.hydra] Mesh '/__Prototype_9361768168784622320/mesh_0' has corrupted data in primvar 'st': buffer size 35124 doesn't match expected size 90378 in faceVarying primvars
2026-09-29T01:02:45Z [60,550ms] [Warning] [omni.hydra] Mesh '/__Prototype_5020945076074816532/mesh_0' has corrupted data in primvar 'st': buffer size 35124 doesn't match expected size 90402 in faceVarying primvars
2026-09-29T01:02:45Z [60,550ms] [Warning] [omni.hydra] Mesh '/__Prototype_17658574861032171226/mesh_0' has corrupted data in primvar 'st': buffer size 56922 doesn't match expected size 111120 in faceVarying primvars
2026-09-29T01:02:45Z [60,550ms] [Warning] [omni.hydra] Mesh '/__Prototype_13474969840495255918/mesh_0' has corrupted data in primvar 'st': buffer size 178533 doesn't match expected size 233784 in faceVarying primvars
2026-09-29T01:02:45Z [60,550ms] [Warning] [omni.hydra] Mesh '/__Prototype_13474969840495255918/mesh_0' has corrupted data in primvar 'st_3': buffer size 11886 doesn't match expected size 233784 in faceVarying primvars
2026-09-29T01:02:45Z [60,550ms] [Warning] [omni.hydra] Mesh '/__Prototype_13474969840495255918/mesh_0' has corrupted data in primvar 'st_1': buffer size 6960 doesn't match expected size 233784 in faceVarying primvars
2026-09-29T01:02:45Z [60,550ms] [Warning] [omni.hydra] Mesh '/__Prototype_13474969840495255918/mesh_0' has corrupted data in primvar 'st_4': buffer size 30390 doesn't match expected size 233784 in faceVarying primvars
2026-09-29T01:02:45Z [60,550ms] [Warning] [omni.hydra] Mesh '/__Prototype_13474969840495255918/mesh_0' has corrupted data in primvar 'st_2': buffer size 6015 doesn't match expected size 233784 in faceVarying primvars
2026-09-29T01:02:45Z [60,550ms] [Warning] [omni.hydra] Mesh '/__Prototype_4988299400318642876/mesh_0' has corrupted data in primvar 'st_1': buffer size 19536 doesn't match expected size 25806 in faceVarying primvars
2026-09-29T01:02:45Z [60,550ms] [Warning] [omni.hydra] Mesh '/__Prototype_4988299400318642876/mesh_0' has corrupted data in primvar 'st': buffer size 6270 doesn't match expected size 25806 in faceVarying primvars
[INFO]: Base environment:
	Environment device    : cuda:0
	Environment seed      : 202
	Physics step-size     : 0.005
	Rendering step-size   : 0.02
	Environment step-size : 0.02
[INFO] Generating terrains randomly took : 0.014190 seconds
[INFO]: Time taken for scene creation : 1.596936 seconds
[INFO]: Scene manager:  <class InteractiveScene>
	Number of environments: 32
	Environment spacing   : 2.5
	Source prim name      : /World/envs/env_0
	Global prim paths     : ['/World/ground']
	Replicate physics     : True
[INFO]: Starting the simulation. This may take a few seconds. Please wait...
[INFO]: Time taken for simulation start : 3.487331 seconds
[33m10:02:48 [velocity_command.py] WARNING: The velocity command has the 'ranges.heading' attribute set to '(-3.141592653589793, 3.141592653589793)' but the heading command is not active. Consider setting the flag for the heading command to True.[0m
/workspace/IsaacLab/_isaac_sim/kit/python/lib/python3.11/site-packages/rsl_rl/utils/utils.py:220: UserWarning: The observation configuration dictionary 'obs_groups' is empty and thus likely not configured. Consider configuring the 'obs_groups' dictionary explicitly
  warnings.warn(
/workspace/IsaacLab/_isaac_sim/kit/python/lib/python3.11/site-packages/rsl_rl/utils/utils.py:251: UserWarning: The observation configuration dictionary 'obs_groups' does not contain the 'actor' key. As an observation group with the name 'policy' was found, this is assumed to be the appropriate observation. Consider adding the 'actor' key to the 'obs_groups' dictionary for clarity. This behavior will be removed in a future version.
  warnings.warn(
/workspace/IsaacLab/_isaac_sim/kit/python/lib/python3.11/site-packages/rsl_rl/utils/utils.py:251: UserWarning: The observation configuration dictionary 'obs_groups' does not contain the 'critic' key. As an observation group with the name 'policy' was found, this is assumed to be the appropriate observation. Consider adding the 'critic' key to the 'obs_groups' dictionary for clarity. This behavior will be removed in a future version.
  warnings.warn(
2026-09-29T01:02:45Z [60,552ms] [Warning] [omni.hydra] Mesh '/__Prototype_11920163974880798964/mesh_0' has corrupted data in primvar 'st_1': buffer size 19536 doesn't match expected size 25806 in faceVarying primvars
2026-09-29T01:02:45Z [60,552ms] [Warning] [omni.hydra] Mesh '/__Prototype_11920163974880798964/mesh_0' has corrupted data in primvar 'st': buffer size 6270 doesn't match expected size 25806 in faceVarying primvars
2026-09-29T01:02:45Z [60,552ms] [Warning] [omni.hydra] Mesh '/__Prototype_7677181754714936218/mesh_0' has corrupted data in primvar 'st_1': buffer size 54198 doesn't match expected size 111120 in faceVarying primvars
2026-09-29T01:02:45Z [60,552ms] [Warning] [omni.hydra] Mesh '/__Prototype_7677181754714936218/mesh_0' has corrupted data in primvar 'st': buffer size 56922 doesn't match expected size 111120 in faceVarying primvars
2026-09-29T01:02:45Z [60,554ms] [Warning] [omni.hydra] Mesh '/__Prototype_422667710062656741/mesh_0' has corrupted data in primvar 'st_1': buffer size 19536 doesn't match expected size 25806 in faceVarying primvars
2026-09-29T01:02:45Z [60,554ms] [Warning] [omni.hydra] Mesh '/__Prototype_422667710062656741/mesh_0' has corrupted data in primvar 'st': buffer size 6270 doesn't match expected size 25806 in faceVarying primvars
2026-09-29T01:02:45Z [60,554ms] [Warning] [omni.hydra] Mesh '/__Prototype_17657579462717289149/mesh_0' has corrupted data in primvar 'st_1': buffer size 54198 doesn't match expected size 111120 in faceVarying primvars
2026-09-29T01:02:45Z [60,554ms] [Warning] [omni.hydra] Mesh '/__Prototype_17657579462717289149/mesh_0' has corrupted data in primvar 'st': buffer size 56922 doesn't match expected size 111120 in faceVarying primvars
2026-09-29T01:02:45Z [60,555ms] [Warning] [omni.hydra] Mesh '/__Prototype_13322334623641367634/mesh_0' has corrupted data in primvar 'st_1': buffer size 55278 doesn't match expected size 90402 in faceVarying primvars
2026-09-29T01:02:45Z [60,555ms] [Warning] [omni.hydra] Mesh '/__Prototype_13322334623641367634/mesh_0' has corrupted data in primvar 'st': buffer size 35124 doesn't match expected size 90402 in faceVarying primvars
2026-09-29T01:02:45Z [60,555ms] [Warning] [omni.hydra] Mesh '/__Prototype_3472759832488839835/mesh_0' has corrupted data in primvar 'st_1': buffer size 54198 doesn't match expected size 111120 in faceVarying primvars
2026-09-29T01:02:45Z [60,555ms] [Warning] [omni.hydra] Mesh '/__Prototype_3472759832488839835/mesh_0' has corrupted data in primvar 'st': buffer size 56922 doesn't match expected size 111120 in faceVarying primvars
2026-09-29T01:02:45Z [60,556ms] [Warning] [omni.hydra] Mesh '/__Prototype_17365619108587152245/mesh_0' has corrupted data in primvar 'st_1': buffer size 55254 doesn't match expected size 90378 in faceVarying primvars
2026-09-29T01:02:45Z [60,556ms] [Warning] [omni.hydra] Mesh '/__Prototype_17365619108587152245/mesh_0' has corrupted data in primvar 'st': buffer size 35124 doesn't match expected size 90378 in faceVarying primvars
2026-09-29T01:02:45Z [60,557ms] [Warning] [omni.hydra] Mesh '/__Prototype_9249459249493537703/mesh_0' has corrupted data in primvar 'st_1': buffer size 19536 doesn't match expected size 25806 in faceVarying primvars
2026-09-29T01:02:45Z [60,557ms] [Warning] [omni.hydra] Mesh '/__Prototype_9249459249493537703/mesh_0' has corrupted data in primvar 'st': buffer size 6270 doesn't match expected size 25806 in faceVarying primvars
2026-09-29T01:02:48Z [63,988ms] [Warning] [omni.physx.fabric.plugin] FabricManager::initializePointInstancer mismatched prototypes on point instancer: /Visuals/Command/velocity_current.
2026-09-29T01:02:48Z [63,988ms] [Warning] [omni.physx.fabric.plugin] FabricManager::initializePointInstancer mismatched prototypes on point instancer: /Visuals/Command/velocity_goal.
2026-09-29T01:02:49Z [64,818ms] [Warning] [omni.physx.fabric.plugin] FabricManager::initializePointInstancer mismatched prototypes on point instancer: /Visuals/Command/velocity_current.
2026-09-29T01:02:49Z [64,818ms] [Warning] [omni.physx.fabric.plugin] FabricManager::initializePointInstancer mismatched prototypes on point instancer: /Visuals/Command/velocity_goal.
[INFO] Command Manager:  <CommandManager> contains 1 active terms.
+------------------------------------------------+
|              Active Command Terms              |
+-------+---------------+------------------------+
| Index | Name          |          Type          |
+-------+---------------+------------------------+
|   0   | base_velocity | UniformVelocityCommand |
+-------+---------------+------------------------+

[INFO] Event Manager:  <EventManager> contains 2 active terms.
+--------------------------------------+
| Active Event Terms in Mode: 'startup' |
+----------+---------------------------+
|  Index   | Name                      |
+----------+---------------------------+
|    0     | physics_material          |
|    1     | add_base_mass             |
+----------+---------------------------+
+---------------------------------------+
|  Active Event Terms in Mode: 'reset'  |
+--------+------------------------------+
| Index  | Name                         |
+--------+------------------------------+
|   0    | base_external_force_torque   |
|   1    | reset_base                   |
|   2    | reset_robot_joints           |
+--------+------------------------------+

[INFO] Recorder Manager:  <RecorderManager> contains 0 active terms.
+---------------------+
| Active Recorder Terms |
+-----------+---------+
|   Index   | Name    |
+-----------+---------+
+-----------+---------+

[INFO] Action Manager:  <ActionManager> contains 1 active terms.
+------------------------------------+
|  Active Action Terms (shape: 12)   |
+--------+-------------+-------------+
| Index  | Name        |   Dimension |
+--------+-------------+-------------+
|   0    | joint_pos   |          12 |
+--------+-------------+-------------+

[INFO] Observation Manager: <ObservationManager> contains 1 groups.
+----------------------------------------------------------+
| Active Observation Terms in Group: 'policy' (shape: (235,)) |
+-----------+--------------------------------+-------------+
|   Index   | Name                           |    Shape    |
+-----------+--------------------------------+-------------+
|     0     | base_lin_vel                   |     (3,)    |
|     1     | base_ang_vel                   |     (3,)    |
|     2     | projected_gravity              |     (3,)    |
|     3     | velocity_commands              |     (3,)    |
|     4     | joint_pos                      |    (12,)    |
|     5     | joint_vel                      |    (12,)    |
|     6     | actions                        |    (12,)    |
|     7     | height_scan                    |    (187,)   |
+-----------+--------------------------------+-------------+

[INFO] Termination Manager:  <TerminationManager> contains 2 active terms.
+---------------------------------+
|     Active Termination Terms    |
+-------+--------------+----------+
| Index | Name         | Time Out |
+-------+--------------+----------+
|   0   | time_out     |   True   |
|   1   | base_contact |  False   |
+-------+--------------+----------+

[INFO] Reward Manager:  <RewardManager> contains 10 active terms.
+-----------------------------------------+
|           Active Reward Terms           |
+-------+----------------------+----------+
| Index | Name                 |   Weight |
+-------+----------------------+----------+
|   0   | track_lin_vel_xy_exp |      1.5 |
|   1   | track_ang_vel_z_exp  |     0.75 |
|   2   | lin_vel_z_l2         |     -1.5 |
|   3   | ang_vel_xy_l2        |    -0.05 |
|   4   | dof_torques_l2       |  -0.0002 |
|   5   | dof_acc_l2           | -2.5e-07 |
|   6   | action_rate_l2       |    -0.01 |
|   7   | feet_air_time        |      0.2 |
|   8   | flat_orientation_l2  |      0.0 |
|   9   | dof_pos_limits       |      0.0 |
+-------+----------------------+----------+

[INFO] Curriculum Manager:  <CurriculumManager> contains 0 active terms.
+----------------------+
| Active Curriculum Terms |
+-----------+----------+
|   Index   | Name     |
+-----------+----------+
+-----------+----------+

[INFO]: Completed setting up the environment...
[INFO] Recording videos during training.
        video_folder: /workspace/go2_g_a056/video/exported/videos/play
        step_trigger: lambda step: step == 0
        video_length: 1000
        disable_logger: True
[INFO]: Loading model checkpoint from: /workspace/go2_g_a056/video/exported/model_best.pt
--------------------------------------------------------------------------------
Resolved observation sets: 
	 actor :  ['policy']
	 critic :  ['policy']
--------------------------------------------------------------------------------
Actor Model: MLPModel(
  (obs_normalizer): Identity()
  (distribution): GaussianDistribution()
  (mlp): MLP(
    (0): Linear(in_features=235, out_features=512, bias=True)
    (1): ELU(alpha=1.0)
    (2): Linear(in_features=512, out_features=256, bias=True)
    (3): ELU(alpha=1.0)
    (4): Linear(in_features=256, out_features=128, bias=True)
    (5): ELU(alpha=1.0)
    (6): Linear(in_features=128, out_features=12, bias=True)
  )
)
Critic Model: MLPModel(
  (obs_normalizer): Identity()
  (mlp): MLP(
    (0): Linear(in_features=235, out_features=512, bias=True)
    (1): ELU(alpha=1.0)
    (2): Linear(in_features=512, out_features=256, bias=True)
    (3): ELU(alpha=1.0)
    (4): Linear(in_features=256, out_features=128, bias=True)
    (5): ELU(alpha=1.0)
    (6): Linear(in_features=128, out_features=1, bias=True)
  )
)
2026-09-29T01:02:49Z [64,873ms] [Warning] [omni.syntheticdata.plugin] OgnSdPostRenderVarToHost : rendervar copy from texture directly to host buffer is counter-performant. Please use copy from texture to device buffer first.
2026-09-29T01:02:51Z [66,753ms] [Warning] [carb] Client gpu.foundation.plugin has acquired [gpu::unstable::IMemoryBudgetManagerFactory v0.1] 100 times. Consider accessing this interface with carb::getCachedInterface() (Performance warning)
Traceback (most recent call last):
  File "/workspace/IsaacLab/source/isaaclab/isaaclab/envs/ui/viewport_camera_controller.py", line 82, in <lambda>
    lambda event, obj=weakref.proxy(self): obj._update_tracking_callback(event)
                                           ^^^^^^^^^^^^^^^^^^^^^^^^^^^^^^^^^^^^
  File "/workspace/IsaacLab/source/isaaclab/isaaclab/envs/ui/viewport_camera_controller.py", line 231, in _update_tracking_callback
    self.update_view_to_asset_root(self.cfg.asset_name)
  File "/workspace/IsaacLab/source/isaaclab/isaaclab/envs/ui/viewport_camera_controller.py", line 165, in update_view_to_asset_root
    self.viewer_origin = self._env.scene[self.cfg.asset_name].data.root_pos_w[self.cfg.env_index]
                         ^^^^^^^^^^^^^^^
AttributeError: 'ManagerBasedRLEnv' object has no attribute 'scene'
COMMAND: /workspace/IsaacLab/isaaclab.sh -p play.py --task Quadruped-v0 --num_envs 32 --headless --video --video_length 1000 --enable_cameras agent.seed=202 env.commands.base_velocity.heading_command=false env.commands.base_velocity.rel_standing_envs=0.0 env.commands.base_velocity.resampling_time_range=\[1000.0\,1000.0\] env.commands.base_velocity.ranges.lin_vel_x=\[0\,0\] env.commands.base_velocity.ranges.lin_vel_y=\[0.30\,0.30\] env.commands.base_velocity.ranges.ang_vel_z=\[0\,0\] env.scene.terrain.terrain_type=generator env.curriculum.terrain_levels=null env.scene.terrain.terrain_generator.curriculum=false env.scene.terrain.terrain_generator.num_rows=1 env.scene.terrain.terrain_generator.num_cols=4 env.scene.terrain.terrain_generator.difficulty_range=\[1.0\,1.0\] env.scene.terrain.max_init_terrain_level=0 env.scene.terrain.terrain_generator.sub_terrains.pyramid_stairs.proportion=0.0 env.scene.terrain.terrain_generator.sub_terrains.pyramid_stairs_inv.proportion=0.0 env.scene.terrain.terrain_generator.sub_terrains.boxes.proportion=0.0 env.scene.terrain.terrain_generator.sub_terrains.random_rough.proportion=0.0 env.scene.terrain.terrain_generator.sub_terrains.hf_pyramid_slope.proportion=0.0 env.scene.terrain.terrain_generator.sub_terrains.hf_pyramid_slope_inv.proportion=0.0 env.scene.terrain.terrain_generator.sub_terrains.random_rough.proportion=1.0 env.scene.terrain.terrain_generator.sub_terrains.random_rough.noise_range=\[0.02\,0.10\] env.viewer.env_index=11 
[3gH    H    H    H    H    H    H    H    H    H    H    H    H    H    H    H    H    H    H    H    H    H    H    H    H  [INFO] Using python from: /workspace/IsaacLab/_isaac_sim/python.sh
Loading user config located at: '/isaac-sim/kit/data/Kit/Isaac-Sim/5.1/user.config.json'
[Info] [carb] Logging to file: /isaac-sim/kit/logs/Kit/Isaac-Sim/5.1/kit_20260929_100344.log
2026-09-29T01:03:44Z [172ms] [Warning] [carb.windowing-glfw.plugin] GLFW initialization failed.
2026-09-29T01:03:44Z [172ms] [Warning] [carb] Failed to startup plugin carb.windowing-glfw.plugin (interfaces: [carb::windowing::IGLContext v1.0],[carb::windowing::IWindowing v1.5]) (impl: carb.windowing-glfw.plugin)
2026-09-29T01:03:44Z [186ms] [Warning] [omni.platforminfo.plugin] failed to open the default display.  Can't verify X Server version.

|---------------------------------------------------------------------------------------------|
| Driver Version: 580.126.09    | Graphics API: Vulkan
|=============================================================================================|
| GPU | Name                             | Active | LDA | GPU Memory | Vendor-ID | LUID       |
|     |                                  |        |     |            | Device-ID | UUID       |
|     |                                  |        |     |            | Bus-ID    |            |
|---------------------------------------------------------------------------------------------|
| 0   | NVIDIA GeForce RTX 5080          | Yes: 0 |     | 16303   MB | 10de      | 0          |
|     |                                  |        |     |            | 2c02      | 38f3d007.. |
|     |                                  |        |     |            | 1         |            |
|=============================================================================================|
| OS: 24.04.2 LTS (Noble Numbat) ubuntu, Version: 24.04.2, Kernel: 6.8.0-136-generic
| Processor: Intel(R) Core(TM) Ultra 5 250KF Plus
| Cores: 18 | Logical Cores: 18
|---------------------------------------------------------------------------------------------|
| Total Memory (MB): 64006 | Free Memory: 50401
| Total Page/Swap (MB): 8191 | Free Page/Swap: 0
|---------------------------------------------------------------------------------------------|
2026-09-29T01:03:45Z [752ms] [Warning] [gpu.foundation.plugin] CPU performance profile is set to powersave. This profile sets the CPU to the lowest frequency reducing performance.
2026-09-29T01:03:45Z [764ms] [Warning] [gpu.foundation.plugin] IOMMU is enabled.
2026-09-29T01:03:45Z [1,090ms] [Warning] [carb.windowing-glfw.plugin] GLFW initialization failed.
2026-09-29T01:03:45Z [1,090ms] [Warning] [carb] Failed to startup plugin carb.windowing-glfw.plugin (interfaces: [carb::windowing::IGLContext v1.0],[carb::windowing::IWindowing v1.5]) (impl: carb.windowing-glfw.plugin)
2026-09-29T01:03:45Z [1,107ms] [Warning] [carb.windowing-glfw.plugin] GLFW initialization failed.
2026-09-29T01:03:45Z [1,107ms] [Warning] [carb] Failed to startup plugin carb.windowing-glfw.plugin (interfaces: [carb::windowing::IGLContext v1.0],[carb::windowing::IWindowing v1.5]) (impl: carb.windowing-glfw.plugin)
2026-09-29T01:03:45Z [1,113ms] [Warning] [carb.windowing-glfw.plugin] GLFW initialization failed.
2026-09-29T01:03:45Z [1,113ms] [Warning] [carb] Failed to startup plugin carb.windowing-glfw.plugin (interfaces: [carb::windowing::IGLContext v1.0],[carb::windowing::IWindowing v1.5]) (impl: carb.windowing-glfw.plugin)
2026-09-29T01:03:45Z [1,117ms] [Warning] [carb.windowing-glfw.plugin] GLFW initialization failed.
2026-09-29T01:03:45Z [1,117ms] [Warning] [carb] Failed to startup plugin carb.windowing-glfw.plugin (interfaces: [carb::windowing::IGLContext v1.0],[carb::windowing::IWindowing v1.5]) (impl: carb.windowing-glfw.plugin)
2026-09-29T01:03:45Z [1,118ms] [Warning] [carb.windowing-glfw.plugin] GLFW initialization failed.
2026-09-29T01:03:45Z [1,118ms] [Warning] [carb] Failed to startup plugin carb.windowing-glfw.plugin (interfaces: [carb::windowing::IGLContext v1.0],[carb::windowing::IWindowing v1.5]) (impl: carb.windowing-glfw.plugin)
2026-09-29T01:03:45Z [1,118ms] [Warning] [carb.windowing-glfw.plugin] GLFW initialization failed.
2026-09-29T01:03:45Z [1,118ms] [Warning] [carb] Failed to startup plugin carb.windowing-glfw.plugin (interfaces: [carb::windowing::IGLContext v1.0],[carb::windowing::IWindowing v1.5]) (impl: carb.windowing-glfw.plugin)
[go2-eval] telemetry enabled: out=/workspace/_keep/go2_g_a056_a043_diag_replay/video/cases/seed_202/rough_lateral_env11 steps=1000
[go2-camera] read-only camera probe enabled: target_env=11 out=/workspace/_keep/go2_g_a056_a043_diag_replay/video/cases/seed_202/rough_lateral_env11/camera.csv
[INFO][AppLauncher]: Using device: cuda:0
[INFO][AppLauncher]: Loading experience file: /workspace/IsaacLab/apps/isaaclab.python.headless.rendering.kit
[INFO]: Parsing configuration from: go2_task.env_cfg:QuadrupedRoughEnvCfg
[Quadruped:student] 6 reward 항목 로드
  [OK] track_lin_vel_xy_exp.weight = 1.5
  [OK] feet_air_time.weight = 0.2
  [OK] lin_vel_z_l2.weight = -1.5
  [OK] ang_vel_xy_l2.weight = -0.05
  [OK] action_rate_l2.weight = -0.01
  [OK] flat_orientation_l2.weight = 0.0
[Quadruped:student] terrain override - boxes ≤0.15m
[INFO]: Parsing configuration from: go2_task.agent_cfg:QuadrupedPPORunnerCfg
[WARNING]: The `policy` configuration is deprecated for rsl-rl >= 4.0.0. Please use, e.g., `actor` and `critic` model configurations instead.
[WARNING]: The `empirical_normalization` parameter is deprecated. Please set `actor_obs_normalization` and `critic_obs_normalization` as part of the `policy` configuration instead.
[WARNING]: The `policy` configuration is used to infer the `actor` model configuration.
[WARNING]: The `policy` configuration is used to infer the `critic` model configuration.
[WARNING]: The `distribution_cfg` configuration is now used to specify the output distribution for stochastic policies. Consider updating the configuration to use `distribution_cfg` instead of `stochastic`, `init_noise_std`, `noise_std_type`, and `state_dependent_std` parameters.
[INFO] Loading experiment from directory: /workspace/go2_g_a056/video/logs/rsl_rl/quadruped

[36m======================================================================================[0m
[36m[1m[INFO][IsaacLab]: Logging to file: /tmp/isaaclab/logs/isaaclab_2026-09-29_10-03-50.log[0m
[36m======================================================================================[0m

[33m10:03:51 [simulation_context.py] WARNING: The `enable_external_forces_every_iteration` parameter in the PhysxCfg is set to False. If you are experiencing noisy velocities, consider enabling this flag. You may need to slightly increase the number of velocity iterations (setting it to 1 or 2 rather than 0), together with this flag, to improve the accuracy of velocity updates.[0m
2026-09-29T01:03:45Z [1,230ms] [Warning] [omni.log] Source: omni.hydra was already registered.
2026-09-29T01:03:45Z [1,408ms] [Warning] [carb] Acquiring non optional plugin interface which is not listed as dependency: [omni::physx::IPhysxBenchmarks v1.0] (plugin: <default plugin>), by client: omni.physics.physx.plugin. Add it to CARB_PLUGIN_IMPL_DEPS() macro of a client.
2026-09-29T01:03:45Z [1,412ms] [Warning] [omni.isaac.dynamic_control] omni.isaac.dynamic_control is deprecated as of Isaac Sim 4.5. No action is needed from end-users.
2026-09-29T01:03:47Z [2,625ms] [Warning] [pxr.Semantics] pxr.Semantics is deprecated - please use Semantics instead
2026-09-29T01:03:47Z [2,686ms] [Warning] [omni.graph.core.plugin] Found duplicate of category 'Replicator' - was 'Annotators', adding 'Fabric Reader'
2026-09-29T01:03:47Z [2,686ms] [Warning] [omni.graph.core.plugin] Category 'Replicator' not accepted on node type 'omni.replicator.core.FabricReader' in extension 'omni.replicator.core'
2026-09-29T01:03:47Z [2,687ms] [Warning] [omni.replicator.core.scripts.extension] No material configuration file, adding configuration to material settings directly.
2026-09-29T01:03:47Z [3,447ms] [Warning] [omni.kvdb.plugin] Disabling key-value database because another kit process is locking it
2026-09-29T01:03:49Z [4,858ms] [Warning] [omni.fabric.plugin] Warning: attribute viewPickingId not found for bucket id 7

2026-09-29T01:03:53Z [8,912ms] [Warning] [omni.hydra] Mesh '/__Prototype_17657579462717289149/mesh_0' has corrupted data in primvar 'st_1': buffer size 54198 doesn't match expected size 111120 in faceVarying primvars
2026-09-29T01:03:53Z [8,912ms] [Warning] [omni.hydra] Mesh '/__Prototype_5020945076074816532/mesh_0' has corrupted data in primvar 'st_1': buffer size 55278 doesn't match expected size 90402 in faceVarying primvars
2026-09-29T01:03:53Z [8,912ms] [Warning] [omni.hydra] Mesh '/__Prototype_17365619108587152245/mesh_0' has corrupted data in primvar 'st_1': buffer size 55254 doesn't match expected size 90378 in faceVarying primvars
2026-09-29T01:03:53Z [8,912ms] [Warning] [omni.hydra] Mesh '/__Prototype_17657579462717289149/mesh_0' has corrupted data in primvar 'st': buffer size 56922 doesn't match expected size 111120 in faceVarying primvars
2026-09-29T01:03:53Z [8,912ms] [Warning] [omni.hydra] Mesh '/__Prototype_5020945076074816532/mesh_0' has corrupted data in primvar 'st': buffer size 35124 doesn't match expected size 90402 in faceVarying primvars
2026-09-29T01:03:53Z [8,912ms] [Warning] [omni.hydra] Mesh '/__Prototype_17658574861032171226/mesh_0' has corrupted data in primvar 'st_1': buffer size 54198 doesn't match expected size 111120 in faceVarying primvars
2026-09-29T01:03:53Z [8,912ms] [Warning] [omni.hydra] Mesh '/__Prototype_17365619108587152245/mesh_0' has corrupted data in primvar 'st': buffer size 35124 doesn't match expected size 90378 in faceVarying primvars
2026-09-29T01:03:53Z [8,912ms] [Warning] [omni.hydra] Mesh '/__Prototype_17658574861032171226/mesh_0' has corrupted data in primvar 'st': buffer size 56922 doesn't match expected size 111120 in faceVarying primvars
2026-09-29T01:03:53Z [8,912ms] [Warning] [omni.hydra] Mesh '/__Prototype_13322334623641367634/mesh_0' has corrupted data in primvar 'st_1': buffer size 55278 doesn't match expected size 90402 in faceVarying primvars
2026-09-29T01:03:53Z [8,912ms] [Warning] [omni.hydra] Mesh '/__Prototype_13322334623641367634/mesh_0' has corrupted data in primvar 'st': buffer size 35124 doesn't match expected size 90402 in faceVarying primvars
2026-09-29T01:03:53Z [8,912ms] [Warning] [omni.hydra] Mesh '/__Prototype_13474969840495255918/mesh_0' has corrupted data in primvar 'st_4': buffer size 30390 doesn't match expected size 233784 in faceVarying primvars
2026-09-29T01:03:53Z [8,912ms] [Warning] [omni.hydra] Mesh '/__Prototype_13474969840495255918/mesh_0' has corrupted data in primvar 'st_2': buffer size 6015 doesn't match expected size 233784 in faceVarying primvars
2026-09-29T01:03:53Z [8,912ms] [Warning] [omni.hydra] Mesh '/__Prototype_13474969840495255918/mesh_0' has corrupted data in primvar 'st_3': buffer size 11886 doesn't match expected size 233784 in faceVarying primvars
[INFO]: Base environment:
	Environment device    : cuda:0
	Environment seed      : 202
	Physics step-size     : 0.005
	Rendering step-size   : 0.02
	Environment step-size : 0.02
[INFO] Generating terrains randomly took : 0.014827 seconds
[INFO]: Time taken for scene creation : 1.321110 seconds
[INFO]: Scene manager:  <class InteractiveScene>
	Number of environments: 32
	Environment spacing   : 2.5
	Source prim name      : /World/envs/env_0
	Global prim paths     : ['/World/ground']
	Replicate physics     : True
[INFO]: Starting the simulation. This may take a few seconds. Please wait...
[INFO]: Time taken for simulation start : 1.086960 seconds
[33m10:03:53 [velocity_command.py] WARNING: The velocity command has the 'ranges.heading' attribute set to '(-3.141592653589793, 3.141592653589793)' but the heading command is not active. Consider setting the flag for the heading command to True.[0m
/workspace/IsaacLab/_isaac_sim/kit/python/lib/python3.11/site-packages/rsl_rl/utils/utils.py:220: UserWarning: The observation configuration dictionary 'obs_groups' is empty and thus likely not configured. Consider configuring the 'obs_groups' dictionary explicitly
  warnings.warn(
/workspace/IsaacLab/_isaac_sim/kit/python/lib/python3.11/site-packages/rsl_rl/utils/utils.py:251: UserWarning: The observation configuration dictionary 'obs_groups' does not contain the 'actor' key. As an observation group with the name 'policy' was found, this is assumed to be the appropriate observation. Consider adding the 'actor' key to the 'obs_groups' dictionary for clarity. This behavior will be removed in a future version.
  warnings.warn(
/workspace/IsaacLab/_isaac_sim/kit/python/lib/python3.11/site-packages/rsl_rl/utils/utils.py:251: UserWarning: The observation configuration dictionary 'obs_groups' does not contain the 'critic' key. As an observation group with the name 'policy' was found, this is assumed to be the appropriate observation. Consider adding the 'critic' key to the 'obs_groups' dictionary for clarity. This behavior will be removed in a future version.
  warnings.warn(
2026-09-29T01:03:53Z [8,912ms] [Warning] [omni.hydra] Mesh '/__Prototype_13474969840495255918/mesh_0' has corrupted data in primvar 'st_1': buffer size 6960 doesn't match expected size 233784 in faceVarying primvars
2026-09-29T01:03:53Z [8,912ms] [Warning] [omni.hydra] Mesh '/__Prototype_13474969840495255918/mesh_0' has corrupted data in primvar 'st': buffer size 178533 doesn't match expected size 233784 in faceVarying primvars
2026-09-29T01:03:53Z [8,913ms] [Warning] [omni.hydra] Mesh '/__Prototype_9361768168784622320/mesh_0' has corrupted data in primvar 'st_1': buffer size 55254 doesn't match expected size 90378 in faceVarying primvars
2026-09-29T01:03:53Z [8,913ms] [Warning] [omni.hydra] Mesh '/__Prototype_9361768168784622320/mesh_0' has corrupted data in primvar 'st': buffer size 35124 doesn't match expected size 90378 in faceVarying primvars
2026-09-29T01:03:53Z [8,914ms] [Warning] [omni.hydra] Mesh '/__Prototype_7677181754714936218/mesh_0' has corrupted data in primvar 'st_1': buffer size 54198 doesn't match expected size 111120 in faceVarying primvars
2026-09-29T01:03:53Z [8,914ms] [Warning] [omni.hydra] Mesh '/__Prototype_7677181754714936218/mesh_0' has corrupted data in primvar 'st': buffer size 56922 doesn't match expected size 111120 in faceVarying primvars
2026-09-29T01:03:53Z [8,914ms] [Warning] [omni.hydra] Mesh '/__Prototype_3472759832488839835/mesh_0' has corrupted data in primvar 'st_1': buffer size 54198 doesn't match expected size 111120 in faceVarying primvars
2026-09-29T01:03:53Z [8,914ms] [Warning] [omni.hydra] Mesh '/__Prototype_3472759832488839835/mesh_0' has corrupted data in primvar 'st': buffer size 56922 doesn't match expected size 111120 in faceVarying primvars
2026-09-29T01:03:53Z [8,914ms] [Warning] [omni.hydra] Mesh '/__Prototype_11920163974880798964/mesh_0' has corrupted data in primvar 'st_1': buffer size 19536 doesn't match expected size 25806 in faceVarying primvars
2026-09-29T01:03:53Z [8,914ms] [Warning] [omni.hydra] Mesh '/__Prototype_11920163974880798964/mesh_0' has corrupted data in primvar 'st': buffer size 6270 doesn't match expected size 25806 in faceVarying primvars
2026-09-29T01:03:53Z [8,915ms] [Warning] [omni.hydra] Mesh '/__Prototype_4988299400318642876/mesh_0' has corrupted data in primvar 'st_1': buffer size 19536 doesn't match expected size 25806 in faceVarying primvars
2026-09-29T01:03:53Z [8,915ms] [Warning] [omni.hydra] Mesh '/__Prototype_4988299400318642876/mesh_0' has corrupted data in primvar 'st': buffer size 6270 doesn't match expected size 25806 in faceVarying primvars
2026-09-29T01:03:53Z [8,915ms] [Warning] [omni.hydra] Mesh '/__Prototype_9249459249493537703/mesh_0' has corrupted data in primvar 'st_1': buffer size 19536 doesn't match expected size 25806 in faceVarying primvars
2026-09-29T01:03:53Z [8,915ms] [Warning] [omni.hydra] Mesh '/__Prototype_9249459249493537703/mesh_0' has corrupted data in primvar 'st': buffer size 6270 doesn't match expected size 25806 in faceVarying primvars
2026-09-29T01:03:53Z [8,915ms] [Warning] [omni.hydra] Mesh '/__Prototype_422667710062656741/mesh_0' has corrupted data in primvar 'st_1': buffer size 19536 doesn't match expected size 25806 in faceVarying primvars
2026-09-29T01:03:53Z [8,915ms] [Warning] [omni.hydra] Mesh '/__Prototype_422667710062656741/mesh_0' has corrupted data in primvar 'st': buffer size 6270 doesn't match expected size 25806 in faceVarying primvars
2026-09-29T01:03:54Z [9,746ms] [Warning] [omni.physx.fabric.plugin] FabricManager::initializePointInstancer mismatched prototypes on point instancer: /Visuals/Command/velocity_goal.
2026-09-29T01:03:54Z [9,746ms] [Warning] [omni.physx.fabric.plugin] FabricManager::initializePointInstancer mismatched prototypes on point instancer: /Visuals/Command/velocity_current.
2026-09-29T01:03:54Z [10,603ms] [Warning] [omni.physx.fabric.plugin] FabricManager::initializePointInstancer mismatched prototypes on point instancer: /Visuals/Command/velocity_current.
2026-09-29T01:03:54Z [10,603ms] [Warning] [omni.physx.fabric.plugin] FabricManager::initializePointInstancer mismatched prototypes on point instancer: /Visuals/Command/velocity_goal.
[INFO] Command Manager:  <CommandManager> contains 1 active terms.
+------------------------------------------------+
|              Active Command Terms              |
+-------+---------------+------------------------+
| Index | Name          |          Type          |
+-------+---------------+------------------------+
|   0   | base_velocity | UniformVelocityCommand |
+-------+---------------+------------------------+

[INFO] Event Manager:  <EventManager> contains 2 active terms.
+--------------------------------------+
| Active Event Terms in Mode: 'startup' |
+----------+---------------------------+
|  Index   | Name                      |
+----------+---------------------------+
|    0     | physics_material          |
|    1     | add_base_mass             |
+----------+---------------------------+
+---------------------------------------+
|  Active Event Terms in Mode: 'reset'  |
+--------+------------------------------+
| Index  | Name                         |
+--------+------------------------------+
|   0    | base_external_force_torque   |
|   1    | reset_base                   |
|   2    | reset_robot_joints           |
+--------+------------------------------+

[INFO] Recorder Manager:  <RecorderManager> contains 0 active terms.
+---------------------+
| Active Recorder Terms |
+-----------+---------+
|   Index   | Name    |
+-----------+---------+
+-----------+---------+

[INFO] Action Manager:  <ActionManager> contains 1 active terms.
+------------------------------------+
|  Active Action Terms (shape: 12)   |
+--------+-------------+-------------+
| Index  | Name        |   Dimension |
+--------+-------------+-------------+
|   0    | joint_pos   |          12 |
+--------+-------------+-------------+

[INFO] Observation Manager: <ObservationManager> contains 1 groups.
+----------------------------------------------------------+
| Active Observation Terms in Group: 'policy' (shape: (235,)) |
+-----------+--------------------------------+-------------+
|   Index   | Name                           |    Shape    |
+-----------+--------------------------------+-------------+
|     0     | base_lin_vel                   |     (3,)    |
|     1     | base_ang_vel                   |     (3,)    |
|     2     | projected_gravity              |     (3,)    |
|     3     | velocity_commands              |     (3,)    |
|     4     | joint_pos                      |    (12,)    |
|     5     | joint_vel                      |    (12,)    |
|     6     | actions                        |    (12,)    |
|     7     | height_scan                    |    (187,)   |
+-----------+--------------------------------+-------------+

[INFO] Termination Manager:  <TerminationManager> contains 2 active terms.
+---------------------------------+
|     Active Termination Terms    |
+-------+--------------+----------+
| Index | Name         | Time Out |
+-------+--------------+----------+
|   0   | time_out     |   True   |
|   1   | base_contact |  False   |
+-------+--------------+----------+

[INFO] Reward Manager:  <RewardManager> contains 10 active terms.
+-----------------------------------------+
|           Active Reward Terms           |
+-------+----------------------+----------+
| Index | Name                 |   Weight |
+-------+----------------------+----------+
|   0   | track_lin_vel_xy_exp |      1.5 |
|   1   | track_ang_vel_z_exp  |     0.75 |
|   2   | lin_vel_z_l2         |     -1.5 |
|   3   | ang_vel_xy_l2        |    -0.05 |
|   4   | dof_torques_l2       |  -0.0002 |
|   5   | dof_acc_l2           | -2.5e-07 |
|   6   | action_rate_l2       |    -0.01 |
|   7   | feet_air_time        |      0.2 |
|   8   | flat_orientation_l2  |      0.0 |
|   9   | dof_pos_limits       |      0.0 |
+-------+----------------------+----------+

[INFO] Curriculum Manager:  <CurriculumManager> contains 0 active terms.
+----------------------+
| Active Curriculum Terms |
+-----------+----------+
|   Index   | Name     |
+-----------+----------+
+-----------+----------+

[INFO]: Completed setting up the environment...
[INFO] Recording videos during training.
        video_folder: /workspace/go2_g_a056/video/exported/videos/play
        step_trigger: lambda step: step == 0
        video_length: 1000
        disable_logger: True
[INFO]: Loading model checkpoint from: /workspace/go2_g_a056/video/exported/model_best.pt
--------------------------------------------------------------------------------
Resolved observation sets: 
	 actor :  ['policy']
	 critic :  ['policy']
--------------------------------------------------------------------------------
Actor Model: MLPModel(
  (obs_normalizer): Identity()
  (distribution): GaussianDistribution()
  (mlp): MLP(
    (0): Linear(in_features=235, out_features=512, bias=True)
    (1): ELU(alpha=1.0)
    (2): Linear(in_features=512, out_features=256, bias=True)
    (3): ELU(alpha=1.0)
    (4): Linear(in_features=256, out_features=128, bias=True)
    (5): ELU(alpha=1.0)
    (6): Linear(in_features=128, out_features=12, bias=True)
  )
)
Critic Model: MLPModel(
  (obs_normalizer): Identity()
  (mlp): MLP(
    (0): Linear(in_features=235, out_features=512, bias=True)
    (1): ELU(alpha=1.0)
    (2): Linear(in_features=512, out_features=256, bias=True)
    (3): ELU(alpha=1.0)
    (4): Linear(in_features=256, out_features=128, bias=True)
    (5): ELU(alpha=1.0)
    (6): Linear(in_features=128, out_features=1, bias=True)
  )
)
2026-09-29T01:03:55Z [10,656ms] [Warning] [omni.syntheticdata.plugin] OgnSdPostRenderVarToHost : rendervar copy from texture directly to host buffer is counter-performant. Please use copy from texture to device buffer first.
2026-09-29T01:03:56Z [12,553ms] [Warning] [carb] Client gpu.foundation.plugin has acquired [gpu::unstable::IMemoryBudgetManagerFactory v0.1] 100 times. Consider accessing this interface with carb::getCachedInterface() (Performance warning)
Traceback (most recent call last):
  File "/workspace/IsaacLab/source/isaaclab/isaaclab/envs/ui/viewport_camera_controller.py", line 82, in <lambda>
    lambda event, obj=weakref.proxy(self): obj._update_tracking_callback(event)
                                           ^^^^^^^^^^^^^^^^^^^^^^^^^^^^^^^^^^^^
  File "/workspace/IsaacLab/source/isaaclab/isaaclab/envs/ui/viewport_camera_controller.py", line 231, in _update_tracking_callback
    self.update_view_to_asset_root(self.cfg.asset_name)
  File "/workspace/IsaacLab/source/isaaclab/isaaclab/envs/ui/viewport_camera_controller.py", line 165, in update_view_to_asset_root
    self.viewer_origin = self._env.scene[self.cfg.asset_name].data.root_pos_w[self.cfg.env_index]
                         ^^^^^^^^^^^^^^^
AttributeError: 'ManagerBasedRLEnv' object has no attribute 'scene'
COMMAND: /workspace/IsaacLab/isaaclab.sh -p play.py --task Quadruped-v0 --num_envs 32 --headless --video --video_length 1000 --enable_cameras agent.seed=202 env.commands.base_velocity.heading_command=false env.commands.base_velocity.rel_standing_envs=0.0 env.commands.base_velocity.resampling_time_range=\[1000.0\,1000.0\] env.commands.base_velocity.ranges.lin_vel_x=\[0.50\,0.50\] env.commands.base_velocity.ranges.lin_vel_y=\[-0.15\,-0.15\] env.commands.base_velocity.ranges.ang_vel_z=\[-0.50\,-0.50\] env.scene.terrain.terrain_type=plane env.curriculum.terrain_levels=null env.viewer.env_index=3 
[3gH    H    H    H    H    H    H    H    H    H    H    H    H    H    H    H    H    H    H    H    H    H    H    H    H  [INFO] Using python from: /workspace/IsaacLab/_isaac_sim/python.sh
Loading user config located at: '/isaac-sim/kit/data/Kit/Isaac-Sim/5.1/user.config.json'
[Info] [carb] Logging to file: /isaac-sim/kit/logs/Kit/Isaac-Sim/5.1/kit_20260929_100451.log
2026-09-29T01:04:51Z [177ms] [Warning] [carb.windowing-glfw.plugin] GLFW initialization failed.
2026-09-29T01:04:51Z [177ms] [Warning] [carb] Failed to startup plugin carb.windowing-glfw.plugin (interfaces: [carb::windowing::IGLContext v1.0],[carb::windowing::IWindowing v1.5]) (impl: carb.windowing-glfw.plugin)
2026-09-29T01:04:51Z [187ms] [Warning] [omni.platforminfo.plugin] failed to open the default display.  Can't verify X Server version.

|---------------------------------------------------------------------------------------------|
| Driver Version: 580.126.09    | Graphics API: Vulkan
|=============================================================================================|
| GPU | Name                             | Active | LDA | GPU Memory | Vendor-ID | LUID       |
|     |                                  |        |     |            | Device-ID | UUID       |
|     |                                  |        |     |            | Bus-ID    |            |
|---------------------------------------------------------------------------------------------|
| 0   | NVIDIA GeForce RTX 5080          | Yes: 0 |     | 16303   MB | 10de      | 0          |
|     |                                  |        |     |            | 2c02      | 38f3d007.. |
|     |                                  |        |     |            | 1         |            |
|=============================================================================================|
| OS: 24.04.2 LTS (Noble Numbat) ubuntu, Version: 24.04.2, Kernel: 6.8.0-136-generic
| Processor: Intel(R) Core(TM) Ultra 5 250KF Plus
| Cores: 18 | Logical Cores: 18
|---------------------------------------------------------------------------------------------|
| Total Memory (MB): 64006 | Free Memory: 50077
| Total Page/Swap (MB): 8191 | Free Page/Swap: 0
|---------------------------------------------------------------------------------------------|
2026-09-29T01:04:51Z [751ms] [Warning] [gpu.foundation.plugin] CPU performance profile is set to powersave. This profile sets the CPU to the lowest frequency reducing performance.
2026-09-29T01:04:51Z [763ms] [Warning] [gpu.foundation.plugin] IOMMU is enabled.
2026-09-29T01:04:52Z [1,096ms] [Warning] [carb.windowing-glfw.plugin] GLFW initialization failed.
2026-09-29T01:04:52Z [1,096ms] [Warning] [carb] Failed to startup plugin carb.windowing-glfw.plugin (interfaces: [carb::windowing::IGLContext v1.0],[carb::windowing::IWindowing v1.5]) (impl: carb.windowing-glfw.plugin)
2026-09-29T01:04:52Z [1,113ms] [Warning] [carb.windowing-glfw.plugin] GLFW initialization failed.
2026-09-29T01:04:52Z [1,113ms] [Warning] [carb] Failed to startup plugin carb.windowing-glfw.plugin (interfaces: [carb::windowing::IGLContext v1.0],[carb::windowing::IWindowing v1.5]) (impl: carb.windowing-glfw.plugin)
2026-09-29T01:04:52Z [1,120ms] [Warning] [carb.windowing-glfw.plugin] GLFW initialization failed.
2026-09-29T01:04:52Z [1,120ms] [Warning] [carb] Failed to startup plugin carb.windowing-glfw.plugin (interfaces: [carb::windowing::IGLContext v1.0],[carb::windowing::IWindowing v1.5]) (impl: carb.windowing-glfw.plugin)
2026-09-29T01:04:52Z [1,124ms] [Warning] [carb.windowing-glfw.plugin] GLFW initialization failed.
2026-09-29T01:04:52Z [1,124ms] [Warning] [carb] Failed to startup plugin carb.windowing-glfw.plugin (interfaces: [carb::windowing::IGLContext v1.0],[carb::windowing::IWindowing v1.5]) (impl: carb.windowing-glfw.plugin)
2026-09-29T01:04:52Z [1,124ms] [Warning] [carb.windowing-glfw.plugin] GLFW initialization failed.
2026-09-29T01:04:52Z [1,124ms] [Warning] [carb] Failed to startup plugin carb.windowing-glfw.plugin (interfaces: [carb::windowing::IGLContext v1.0],[carb::windowing::IWindowing v1.5]) (impl: carb.windowing-glfw.plugin)
2026-09-29T01:04:52Z [1,125ms] [Warning] [carb.windowing-glfw.plugin] GLFW initialization failed.
2026-09-29T01:04:52Z [1,125ms] [Warning] [carb] Failed to startup plugin carb.windowing-glfw.plugin (interfaces: [carb::windowing::IGLContext v1.0],[carb::windowing::IWindowing v1.5]) (impl: carb.windowing-glfw.plugin)
[go2-eval] telemetry enabled: out=/workspace/_keep/go2_g_a056_a043_diag_replay/video/cases/seed_202/combined_yaw_right_env3 steps=1000
[go2-camera] read-only camera probe enabled: target_env=3 out=/workspace/_keep/go2_g_a056_a043_diag_replay/video/cases/seed_202/combined_yaw_right_env3/camera.csv
[INFO][AppLauncher]: Using device: cuda:0
[INFO][AppLauncher]: Loading experience file: /workspace/IsaacLab/apps/isaaclab.python.headless.rendering.kit
[INFO]: Parsing configuration from: go2_task.env_cfg:QuadrupedRoughEnvCfg
[Quadruped:student] 6 reward 항목 로드
  [OK] track_lin_vel_xy_exp.weight = 1.5
  [OK] feet_air_time.weight = 0.2
  [OK] lin_vel_z_l2.weight = -1.5
  [OK] ang_vel_xy_l2.weight = -0.05
  [OK] action_rate_l2.weight = -0.01
  [OK] flat_orientation_l2.weight = 0.0
[Quadruped:student] terrain override - boxes ≤0.15m
[INFO]: Parsing configuration from: go2_task.agent_cfg:QuadrupedPPORunnerCfg
[WARNING]: The `policy` configuration is deprecated for rsl-rl >= 4.0.0. Please use, e.g., `actor` and `critic` model configurations instead.
[WARNING]: The `empirical_normalization` parameter is deprecated. Please set `actor_obs_normalization` and `critic_obs_normalization` as part of the `policy` configuration instead.
[WARNING]: The `policy` configuration is used to infer the `actor` model configuration.
[WARNING]: The `policy` configuration is used to infer the `critic` model configuration.
[WARNING]: The `distribution_cfg` configuration is now used to specify the output distribution for stochastic policies. Consider updating the configuration to use `distribution_cfg` instead of `stochastic`, `init_noise_std`, `noise_std_type`, and `state_dependent_std` parameters.
[INFO] Loading experiment from directory: /workspace/go2_g_a056/video/logs/rsl_rl/quadruped

[36m======================================================================================[0m
[36m[1m[INFO][IsaacLab]: Logging to file: /tmp/isaaclab/logs/isaaclab_2026-09-29_10-04-57.log[0m
[36m======================================================================================[0m

[33m10:04:57 [simulation_context.py] WARNING: The `enable_external_forces_every_iteration` parameter in the PhysxCfg is set to False. If you are experiencing noisy velocities, consider enabling this flag. You may need to slightly increase the number of velocity iterations (setting it to 1 or 2 rather than 0), together with this flag, to improve the accuracy of velocity updates.[0m
[INFO]: Base environment:
	Environment device    : cuda:0
	Environment seed      : 202
	Physics step-size     : 0.005
	Rendering step-size   : 0.02
	Environment step-size : 0.02
[33m10:04:58 [terrain_importer.py] WARNING: Visual material specified for ground plane but no diffuse color found. Using default color: (0.0, 0.0, 0.0)[0m
2026-09-29T01:04:52Z [1,245ms] [Warning] [omni.log] Source: omni.hydra was already registered.
2026-09-29T01:04:52Z [1,430ms] [Warning] [carb] Acquiring non optional plugin interface which is not listed as dependency: [omni::physx::IPhysxBenchmarks v1.0] (plugin: <default plugin>), by client: omni.physics.physx.plugin. Add it to CARB_PLUGIN_IMPL_DEPS() macro of a client.
2026-09-29T01:04:52Z [1,434ms] [Warning] [omni.isaac.dynamic_control] omni.isaac.dynamic_control is deprecated as of Isaac Sim 4.5. No action is needed from end-users.
2026-09-29T01:04:53Z [2,641ms] [Warning] [pxr.Semantics] pxr.Semantics is deprecated - please use Semantics instead
2026-09-29T01:04:53Z [2,703ms] [Warning] [omni.graph.core.plugin] Found duplicate of category 'Replicator' - was 'Annotators', adding 'Fabric Reader'
2026-09-29T01:04:53Z [2,703ms] [Warning] [omni.graph.core.plugin] Category 'Replicator' not accepted on node type 'omni.replicator.core.FabricReader' in extension 'omni.replicator.core'
2026-09-29T01:04:53Z [2,704ms] [Warning] [omni.replicator.core.scripts.extension] No material configuration file, adding configuration to material settings directly.
2026-09-29T01:04:54Z [3,456ms] [Warning] [omni.kvdb.plugin] Disabling key-value database because another kit process is locking it
2026-09-29T01:04:55Z [4,868ms] [Warning] [omni.fabric.plugin] Warning: attribute viewportHandle not found for bucket id 7

2026-09-29T01:05:00Z [9,693ms] [Warning] [omni.hydra] Mesh '/__Prototype_13322334623641367634/mesh_0' has corrupted data in primvar 'st_1': buffer size 55278 doesn't match expected size 90402 in faceVarying primvars
2026-09-29T01:05:00Z [9,694ms] [Warning] [omni.hydra] Mesh '/__Prototype_13322334623641367634/mesh_0' has corrupted data in primvar 'st': buffer size 35124 doesn't match expected size 90402 in faceVarying primvars
2026-09-29T01:05:00Z [9,694ms] [Warning] [omni.hydra] Mesh '/__Prototype_13474969840495255918/mesh_0' has corrupted data in primvar 'st_4': buffer size 30390 doesn't match expected size 233784 in faceVarying primvars
2026-09-29T01:05:00Z [9,694ms] [Warning] [omni.hydra] Mesh '/__Prototype_13474969840495255918/mesh_0' has corrupted data in primvar 'st_2': buffer size 6015 doesn't match expected size 233784 in faceVarying primvars
2026-09-29T01:05:00Z [9,694ms] [Warning] [omni.hydra] Mesh '/__Prototype_13474969840495255918/mesh_0' has corrupted data in primvar 'st_3': buffer size 11886 doesn't match expected size 233784 in faceVarying primvars
2026-09-29T01:05:00Z [9,694ms] [Warning] [omni.hydra] Mesh '/__Prototype_13474969840495255918/mesh_0' has corrupted data in primvar 'st_1': buffer size 6960 doesn't match expected size 233784 in faceVarying primvars
2026-09-29T01:05:00Z [9,694ms] [Warning] [omni.hydra] Mesh '/__Prototype_13474969840495255918/mesh_0' has corrupted data in primvar 'st': buffer size 178533 doesn't match expected size 233784 in faceVarying primvars
2026-09-29T01:05:00Z [9,694ms] [Warning] [omni.hydra] Mesh '/__Prototype_4988299400318642876/mesh_0' has corrupted data in primvar 'st_1': buffer size 19536 doesn't match expected size 25806 in faceVarying primvars
2026-09-29T01:05:00Z [9,694ms] [Warning] [omni.hydra] Mesh '/__Prototype_4988299400318642876/mesh_0' has corrupted data in primvar 'st': buffer size 6270 doesn't match expected size 25806 in faceVarying primvars
2026-09-29T01:05:00Z [9,694ms] [Warning] [omni.hydra] Mesh '/__Prototype_9361768168784622320/mesh_0' has corrupted data in primvar 'st_1': buffer size 55254 doesn't match expected size 90378 in faceVarying primvars
2026-09-29T01:05:00Z [9,694ms] [Warning] [omni.hydra] Mesh '/__Prototype_9361768168784622320/mesh_0' has corrupted data in primvar 'st': buffer size 35124 doesn't match expected size 90378 in faceVarying primvars
2026-09-29T01:05:00Z [9,694ms] [Warning] [omni.hydra] Mesh '/__Prototype_3472759832488839835/mesh_0' has corrupted data in primvar 'st_1': buffer size 54198 doesn't match expected size 111120 in faceVarying primvars
2026-09-29T01:05:00Z [9,694ms] [Warning] [omni.hydra] Mesh '/__Prototype_3472759832488839835/mesh_0' has corrupted data in primvar 'st': buffer size 56922 doesn't match expected size 111120 in faceVarying primvars
[INFO]: Time taken for scene creation : 1.460649 seconds
[INFO]: Scene manager:  <class InteractiveScene>
	Number of environments: 32
	Environment spacing   : 2.5
	Source prim name      : /World/envs/env_0
	Global prim paths     : ['/World/ground']
	Replicate physics     : True
[INFO]: Starting the simulation. This may take a few seconds. Please wait...
[INFO]: Time taken for simulation start : 1.758705 seconds
[33m10:05:01 [velocity_command.py] WARNING: The velocity command has the 'ranges.heading' attribute set to '(-3.141592653589793, 3.141592653589793)' but the heading command is not active. Consider setting the flag for the heading command to True.[0m
/workspace/IsaacLab/_isaac_sim/kit/python/lib/python3.11/site-packages/rsl_rl/utils/utils.py:220: UserWarning: The observation configuration dictionary 'obs_groups' is empty and thus likely not configured. Consider configuring the 'obs_groups' dictionary explicitly
  warnings.warn(
/workspace/IsaacLab/_isaac_sim/kit/python/lib/python3.11/site-packages/rsl_rl/utils/utils.py:251: UserWarning: The observation configuration dictionary 'obs_groups' does not contain the 'actor' key. As an observation group with the name 'policy' was found, this is assumed to be the appropriate observation. Consider adding the 'actor' key to the 'obs_groups' dictionary for clarity. This behavior will be removed in a future version.
  warnings.warn(
/workspace/IsaacLab/_isaac_sim/kit/python/lib/python3.11/site-packages/rsl_rl/utils/utils.py:251: UserWarning: The observation configuration dictionary 'obs_groups' does not contain the 'critic' key. As an observation group with the name 'policy' was found, this is assumed to be the appropriate observation. Consider adding the 'critic' key to the 'obs_groups' dictionary for clarity. This behavior will be removed in a future version.
  warnings.warn(
2026-09-29T01:05:00Z [9,694ms] [Warning] [omni.hydra] Mesh '/__Prototype_17657579462717289149/mesh_0' has corrupted data in primvar 'st_1': buffer size 54198 doesn't match expected size 111120 in faceVarying primvars
2026-09-29T01:05:00Z [9,694ms] [Warning] [omni.hydra] Mesh '/__Prototype_7677181754714936218/mesh_0' has corrupted data in primvar 'st_1': buffer size 54198 doesn't match expected size 111120 in faceVarying primvars
2026-09-29T01:05:00Z [9,694ms] [Warning] [omni.hydra] Mesh '/__Prototype_17657579462717289149/mesh_0' has corrupted data in primvar 'st': buffer size 56922 doesn't match expected size 111120 in faceVarying primvars
2026-09-29T01:05:00Z [9,694ms] [Warning] [omni.hydra] Mesh '/__Prototype_7677181754714936218/mesh_0' has corrupted data in primvar 'st': buffer size 56922 doesn't match expected size 111120 in faceVarying primvars
2026-09-29T01:05:00Z [9,694ms] [Warning] [omni.hydra] Mesh '/__Prototype_17658574861032171226/mesh_0' has corrupted data in primvar 'st_1': buffer size 54198 doesn't match expected size 111120 in faceVarying primvars
2026-09-29T01:05:00Z [9,694ms] [Warning] [omni.hydra] Mesh '/__Prototype_17658574861032171226/mesh_0' has corrupted data in primvar 'st': buffer size 56922 doesn't match expected size 111120 in faceVarying primvars
2026-09-29T01:05:00Z [9,694ms] [Warning] [omni.hydra] Mesh '/__Prototype_5020945076074816532/mesh_0' has corrupted data in primvar 'st_1': buffer size 55278 doesn't match expected size 90402 in faceVarying primvars
2026-09-29T01:05:00Z [9,694ms] [Warning] [omni.hydra] Mesh '/__Prototype_5020945076074816532/mesh_0' has corrupted data in primvar 'st': buffer size 35124 doesn't match expected size 90402 in faceVarying primvars
2026-09-29T01:05:00Z [9,695ms] [Warning] [omni.hydra] Mesh '/__Prototype_17365619108587152245/mesh_0' has corrupted data in primvar 'st_1': buffer size 55254 doesn't match expected size 90378 in faceVarying primvars
2026-09-29T01:05:00Z [9,695ms] [Warning] [omni.hydra] Mesh '/__Prototype_17365619108587152245/mesh_0' has corrupted data in primvar 'st': buffer size 35124 doesn't match expected size 90378 in faceVarying primvars
2026-09-29T01:05:00Z [9,695ms] [Warning] [omni.hydra] Mesh '/__Prototype_9249459249493537703/mesh_0' has corrupted data in primvar 'st_1': buffer size 19536 doesn't match expected size 25806 in faceVarying primvars
2026-09-29T01:05:00Z [9,695ms] [Warning] [omni.hydra] Mesh '/__Prototype_9249459249493537703/mesh_0' has corrupted data in primvar 'st': buffer size 6270 doesn't match expected size 25806 in faceVarying primvars
2026-09-29T01:05:00Z [9,695ms] [Warning] [omni.hydra] Mesh '/__Prototype_11920163974880798964/mesh_0' has corrupted data in primvar 'st_1': buffer size 19536 doesn't match expected size 25806 in faceVarying primvars
2026-09-29T01:05:00Z [9,695ms] [Warning] [omni.hydra] Mesh '/__Prototype_422667710062656741/mesh_0' has corrupted data in primvar 'st_1': buffer size 19536 doesn't match expected size 25806 in faceVarying primvars
2026-09-29T01:05:00Z [9,695ms] [Warning] [omni.hydra] Mesh '/__Prototype_11920163974880798964/mesh_0' has corrupted data in primvar 'st': buffer size 6270 doesn't match expected size 25806 in faceVarying primvars
2026-09-29T01:05:00Z [9,695ms] [Warning] [omni.hydra] Mesh '/__Prototype_422667710062656741/mesh_0' has corrupted data in primvar 'st': buffer size 6270 doesn't match expected size 25806 in faceVarying primvars
2026-09-29T01:05:01Z [10,515ms] [Warning] [omni.physx.fabric.plugin] FabricManager::initializePointInstancer mismatched prototypes on point instancer: /Visuals/Command/velocity_goal.
2026-09-29T01:05:01Z [10,516ms] [Warning] [omni.physx.fabric.plugin] FabricManager::initializePointInstancer mismatched prototypes on point instancer: /Visuals/Command/velocity_current.
2026-09-29T01:05:02Z [11,359ms] [Warning] [omni.physx.fabric.plugin] FabricManager::initializePointInstancer mismatched prototypes on point instancer: /Visuals/Command/velocity_current.
2026-09-29T01:05:02Z [11,359ms] [Warning] [omni.physx.fabric.plugin] FabricManager::initializePointInstancer mismatched prototypes on point instancer: /Visuals/Command/velocity_goal.
[INFO] Command Manager:  <CommandManager> contains 1 active terms.
+------------------------------------------------+
|              Active Command Terms              |
+-------+---------------+------------------------+
| Index | Name          |          Type          |
+-------+---------------+------------------------+
|   0   | base_velocity | UniformVelocityCommand |
+-------+---------------+------------------------+

[INFO] Event Manager:  <EventManager> contains 2 active terms.
+--------------------------------------+
| Active Event Terms in Mode: 'startup' |
+----------+---------------------------+
|  Index   | Name                      |
+----------+---------------------------+
|    0     | physics_material          |
|    1     | add_base_mass             |
+----------+---------------------------+
+---------------------------------------+
|  Active Event Terms in Mode: 'reset'  |
+--------+------------------------------+
| Index  | Name                         |
+--------+------------------------------+
|   0    | base_external_force_torque   |
|   1    | reset_base                   |
|   2    | reset_robot_joints           |
+--------+------------------------------+

[INFO] Recorder Manager:  <RecorderManager> contains 0 active terms.
+---------------------+
| Active Recorder Terms |
+-----------+---------+
|   Index   | Name    |
+-----------+---------+
+-----------+---------+

[INFO] Action Manager:  <ActionManager> contains 1 active terms.
+------------------------------------+
|  Active Action Terms (shape: 12)   |
+--------+-------------+-------------+
| Index  | Name        |   Dimension |
+--------+-------------+-------------+
|   0    | joint_pos   |          12 |
+--------+-------------+-------------+

[INFO] Observation Manager: <ObservationManager> contains 1 groups.
+----------------------------------------------------------+
| Active Observation Terms in Group: 'policy' (shape: (235,)) |
+-----------+--------------------------------+-------------+
|   Index   | Name                           |    Shape    |
+-----------+--------------------------------+-------------+
|     0     | base_lin_vel                   |     (3,)    |
|     1     | base_ang_vel                   |     (3,)    |
|     2     | projected_gravity              |     (3,)    |
|     3     | velocity_commands              |     (3,)    |
|     4     | joint_pos                      |    (12,)    |
|     5     | joint_vel                      |    (12,)    |
|     6     | actions                        |    (12,)    |
|     7     | height_scan                    |    (187,)   |
+-----------+--------------------------------+-------------+

[INFO] Termination Manager:  <TerminationManager> contains 2 active terms.
+---------------------------------+
|     Active Termination Terms    |
+-------+--------------+----------+
| Index | Name         | Time Out |
+-------+--------------+----------+
|   0   | time_out     |   True   |
|   1   | base_contact |  False   |
+-------+--------------+----------+

[INFO] Reward Manager:  <RewardManager> contains 10 active terms.
+-----------------------------------------+
|           Active Reward Terms           |
+-------+----------------------+----------+
| Index | Name                 |   Weight |
+-------+----------------------+----------+
|   0   | track_lin_vel_xy_exp |      1.5 |
|   1   | track_ang_vel_z_exp  |     0.75 |
|   2   | lin_vel_z_l2         |     -1.5 |
|   3   | ang_vel_xy_l2        |    -0.05 |
|   4   | dof_torques_l2       |  -0.0002 |
|   5   | dof_acc_l2           | -2.5e-07 |
|   6   | action_rate_l2       |    -0.01 |
|   7   | feet_air_time        |      0.2 |
|   8   | flat_orientation_l2  |      0.0 |
|   9   | dof_pos_limits       |      0.0 |
+-------+----------------------+----------+

[INFO] Curriculum Manager:  <CurriculumManager> contains 0 active terms.
+----------------------+
| Active Curriculum Terms |
+-----------+----------+
|   Index   | Name     |
+-----------+----------+
+-----------+----------+

[INFO]: Completed setting up the environment...
[INFO] Recording videos during training.
        video_folder: /workspace/go2_g_a056/video/exported/videos/play
        step_trigger: lambda step: step == 0
        video_length: 1000
        disable_logger: True
[INFO]: Loading model checkpoint from: /workspace/go2_g_a056/video/exported/model_best.pt
--------------------------------------------------------------------------------
Resolved observation sets: 
	 actor :  ['policy']
	 critic :  ['policy']
--------------------------------------------------------------------------------
Actor Model: MLPModel(
  (obs_normalizer): Identity()
  (distribution): GaussianDistribution()
  (mlp): MLP(
    (0): Linear(in_features=235, out_features=512, bias=True)
    (1): ELU(alpha=1.0)
    (2): Linear(in_features=512, out_features=256, bias=True)
    (3): ELU(alpha=1.0)
    (4): Linear(in_features=256, out_features=128, bias=True)
    (5): ELU(alpha=1.0)
    (6): Linear(in_features=128, out_features=12, bias=True)
  )
)
Critic Model: MLPModel(
  (obs_normalizer): Identity()
  (mlp): MLP(
    (0): Linear(in_features=235, out_features=512, bias=True)
    (1): ELU(alpha=1.0)
    (2): Linear(in_features=512, out_features=256, bias=True)
    (3): ELU(alpha=1.0)
    (4): Linear(in_features=256, out_features=128, bias=True)
    (5): ELU(alpha=1.0)
    (6): Linear(in_features=128, out_features=1, bias=True)
  )
)
2026-09-29T01:05:02Z [11,413ms] [Warning] [omni.syntheticdata.plugin] OgnSdPostRenderVarToHost : rendervar copy from texture directly to host buffer is counter-performant. Please use copy from texture to device buffer first.
2026-09-29T01:05:04Z [13,298ms] [Warning] [carb] Client gpu.foundation.plugin has acquired [gpu::unstable::IMemoryBudgetManagerFactory v0.1] 100 times. Consider accessing this interface with carb::getCachedInterface() (Performance warning)
Traceback (most recent call last):
  File "/workspace/IsaacLab/source/isaaclab/isaaclab/envs/ui/viewport_camera_controller.py", line 82, in <lambda>
    lambda event, obj=weakref.proxy(self): obj._update_tracking_callback(event)
                                           ^^^^^^^^^^^^^^^^^^^^^^^^^^^^^^^^^^^^
  File "/workspace/IsaacLab/source/isaaclab/isaaclab/envs/ui/viewport_camera_controller.py", line 231, in _update_tracking_callback
    self.update_view_to_asset_root(self.cfg.asset_name)
  File "/workspace/IsaacLab/source/isaaclab/isaaclab/envs/ui/viewport_camera_controller.py", line 165, in update_view_to_asset_root
    self.viewer_origin = self._env.scene[self.cfg.asset_name].data.root_pos_w[self.cfg.env_index]
                         ^^^^^^^^^^^^^^^
AttributeError: 'ManagerBasedRLEnv' object has no attribute 'scene'
COMMAND: /workspace/IsaacLab/isaaclab.sh -p play.py --task Quadruped-v0 --num_envs 32 --headless --video --video_length 1000 --enable_cameras agent.seed=202 env.commands.base_velocity.heading_command=false env.commands.base_velocity.rel_standing_envs=0.0 env.commands.base_velocity.resampling_time_range=\[1000.0\,1000.0\] env.commands.base_velocity.ranges.lin_vel_x=\[0.50\,0.50\] env.commands.base_velocity.ranges.lin_vel_y=\[-0.15\,-0.15\] env.commands.base_velocity.ranges.ang_vel_z=\[-0.50\,-0.50\] env.scene.terrain.terrain_type=plane env.curriculum.terrain_levels=null env.viewer.env_index=16 
[3gH    H    H    H    H    H    H    H    H    H    H    H    H    H    H    H    H    H    H    H    H    H    H    H    H  [INFO] Using python from: /workspace/IsaacLab/_isaac_sim/python.sh
Loading user config located at: '/isaac-sim/kit/data/Kit/Isaac-Sim/5.1/user.config.json'
[Info] [carb] Logging to file: /isaac-sim/kit/logs/Kit/Isaac-Sim/5.1/kit_20260929_100554.log
2026-09-29T01:05:55Z [178ms] [Warning] [carb.windowing-glfw.plugin] GLFW initialization failed.
2026-09-29T01:05:55Z [178ms] [Warning] [carb] Failed to startup plugin carb.windowing-glfw.plugin (interfaces: [carb::windowing::IGLContext v1.0],[carb::windowing::IWindowing v1.5]) (impl: carb.windowing-glfw.plugin)
2026-09-29T01:05:55Z [190ms] [Warning] [omni.platforminfo.plugin] failed to open the default display.  Can't verify X Server version.

|---------------------------------------------------------------------------------------------|
| Driver Version: 580.126.09    | Graphics API: Vulkan
|=============================================================================================|
| GPU | Name                             | Active | LDA | GPU Memory | Vendor-ID | LUID       |
|     |                                  |        |     |            | Device-ID | UUID       |
|     |                                  |        |     |            | Bus-ID    |            |
|---------------------------------------------------------------------------------------------|
| 0   | NVIDIA GeForce RTX 5080          | Yes: 0 |     | 16303   MB | 10de      | 0          |
|     |                                  |        |     |            | 2c02      | 38f3d007.. |
|     |                                  |        |     |            | 1         |            |
|=============================================================================================|
| OS: 24.04.2 LTS (Noble Numbat) ubuntu, Version: 24.04.2, Kernel: 6.8.0-136-generic
| Processor: Intel(R) Core(TM) Ultra 5 250KF Plus
| Cores: 18 | Logical Cores: 18
|---------------------------------------------------------------------------------------------|
| Total Memory (MB): 64006 | Free Memory: 49449
| Total Page/Swap (MB): 8191 | Free Page/Swap: 0
|---------------------------------------------------------------------------------------------|
2026-09-29T01:05:55Z [762ms] [Warning] [gpu.foundation.plugin] CPU performance profile is set to powersave. This profile sets the CPU to the lowest frequency reducing performance.
2026-09-29T01:05:55Z [774ms] [Warning] [gpu.foundation.plugin] IOMMU is enabled.
2026-09-29T01:05:56Z [1,107ms] [Warning] [carb.windowing-glfw.plugin] GLFW initialization failed.
2026-09-29T01:05:56Z [1,107ms] [Warning] [carb] Failed to startup plugin carb.windowing-glfw.plugin (interfaces: [carb::windowing::IGLContext v1.0],[carb::windowing::IWindowing v1.5]) (impl: carb.windowing-glfw.plugin)
2026-09-29T01:05:56Z [1,123ms] [Warning] [carb.windowing-glfw.plugin] GLFW initialization failed.
2026-09-29T01:05:56Z [1,123ms] [Warning] [carb] Failed to startup plugin carb.windowing-glfw.plugin (interfaces: [carb::windowing::IGLContext v1.0],[carb::windowing::IWindowing v1.5]) (impl: carb.windowing-glfw.plugin)
2026-09-29T01:05:56Z [1,129ms] [Warning] [carb.windowing-glfw.plugin] GLFW initialization failed.
2026-09-29T01:05:56Z [1,129ms] [Warning] [carb] Failed to startup plugin carb.windowing-glfw.plugin (interfaces: [carb::windowing::IGLContext v1.0],[carb::windowing::IWindowing v1.5]) (impl: carb.windowing-glfw.plugin)
2026-09-29T01:05:56Z [1,133ms] [Warning] [carb.windowing-glfw.plugin] GLFW initialization failed.
2026-09-29T01:05:56Z [1,133ms] [Warning] [carb] Failed to startup plugin carb.windowing-glfw.plugin (interfaces: [carb::windowing::IGLContext v1.0],[carb::windowing::IWindowing v1.5]) (impl: carb.windowing-glfw.plugin)
2026-09-29T01:05:56Z [1,134ms] [Warning] [carb.windowing-glfw.plugin] GLFW initialization failed.
2026-09-29T01:05:56Z [1,134ms] [Warning] [carb] Failed to startup plugin carb.windowing-glfw.plugin (interfaces: [carb::windowing::IGLContext v1.0],[carb::windowing::IWindowing v1.5]) (impl: carb.windowing-glfw.plugin)
2026-09-29T01:05:56Z [1,134ms] [Warning] [carb.windowing-glfw.plugin] GLFW initialization failed.
2026-09-29T01:05:56Z [1,134ms] [Warning] [carb] Failed to startup plugin carb.windowing-glfw.plugin (interfaces: [carb::windowing::IGLContext v1.0],[carb::windowing::IWindowing v1.5]) (impl: carb.windowing-glfw.plugin)
[go2-eval] telemetry enabled: out=/workspace/_keep/go2_g_a056_a043_diag_replay/video/cases/seed_202/combined_yaw_right_env16 steps=1000
[go2-camera] read-only camera probe enabled: target_env=16 out=/workspace/_keep/go2_g_a056_a043_diag_replay/video/cases/seed_202/combined_yaw_right_env16/camera.csv
[INFO][AppLauncher]: Using device: cuda:0
[INFO][AppLauncher]: Loading experience file: /workspace/IsaacLab/apps/isaaclab.python.headless.rendering.kit
[INFO]: Parsing configuration from: go2_task.env_cfg:QuadrupedRoughEnvCfg
[Quadruped:student] 6 reward 항목 로드
  [OK] track_lin_vel_xy_exp.weight = 1.5
  [OK] feet_air_time.weight = 0.2
  [OK] lin_vel_z_l2.weight = -1.5
  [OK] ang_vel_xy_l2.weight = -0.05
  [OK] action_rate_l2.weight = -0.01
  [OK] flat_orientation_l2.weight = 0.0
[Quadruped:student] terrain override - boxes ≤0.15m
[INFO]: Parsing configuration from: go2_task.agent_cfg:QuadrupedPPORunnerCfg
[WARNING]: The `policy` configuration is deprecated for rsl-rl >= 4.0.0. Please use, e.g., `actor` and `critic` model configurations instead.
[WARNING]: The `empirical_normalization` parameter is deprecated. Please set `actor_obs_normalization` and `critic_obs_normalization` as part of the `policy` configuration instead.
[WARNING]: The `policy` configuration is used to infer the `actor` model configuration.
[WARNING]: The `policy` configuration is used to infer the `critic` model configuration.
[WARNING]: The `distribution_cfg` configuration is now used to specify the output distribution for stochastic policies. Consider updating the configuration to use `distribution_cfg` instead of `stochastic`, `init_noise_std`, `noise_std_type`, and `state_dependent_std` parameters.
[INFO] Loading experiment from directory: /workspace/go2_g_a056/video/logs/rsl_rl/quadruped

[36m======================================================================================[0m
[36m[1m[INFO][IsaacLab]: Logging to file: /tmp/isaaclab/logs/isaaclab_2026-09-29_10-06-01.log[0m
[36m======================================================================================[0m

[33m10:06:01 [simulation_context.py] WARNING: The `enable_external_forces_every_iteration` parameter in the PhysxCfg is set to False. If you are experiencing noisy velocities, consider enabling this flag. You may need to slightly increase the number of velocity iterations (setting it to 1 or 2 rather than 0), together with this flag, to improve the accuracy of velocity updates.[0m
[INFO]: Base environment:
	Environment device    : cuda:0
	Environment seed      : 202
	Physics step-size     : 0.005
	Rendering step-size   : 0.02
	Environment step-size : 0.02
[33m10:06:02 [terrain_importer.py] WARNING: Visual material specified for ground plane but no diffuse color found. Using default color: (0.0, 0.0, 0.0)[0m
2026-09-29T01:05:56Z [1,256ms] [Warning] [omni.log] Source: omni.hydra was already registered.
2026-09-29T01:05:56Z [1,442ms] [Warning] [carb] Acquiring non optional plugin interface which is not listed as dependency: [omni::physx::IPhysxBenchmarks v1.0] (plugin: <default plugin>), by client: omni.physics.physx.plugin. Add it to CARB_PLUGIN_IMPL_DEPS() macro of a client.
2026-09-29T01:05:56Z [1,446ms] [Warning] [omni.isaac.dynamic_control] omni.isaac.dynamic_control is deprecated as of Isaac Sim 4.5. No action is needed from end-users.
2026-09-29T01:05:57Z [2,646ms] [Warning] [pxr.Semantics] pxr.Semantics is deprecated - please use Semantics instead
2026-09-29T01:05:57Z [2,706ms] [Warning] [omni.graph.core.plugin] Found duplicate of category 'Replicator' - was 'Annotators', adding 'Fabric Reader'
2026-09-29T01:05:57Z [2,706ms] [Warning] [omni.graph.core.plugin] Category 'Replicator' not accepted on node type 'omni.replicator.core.FabricReader' in extension 'omni.replicator.core'
2026-09-29T01:05:57Z [2,707ms] [Warning] [omni.replicator.core.scripts.extension] No material configuration file, adding configuration to material settings directly.
2026-09-29T01:05:58Z [3,449ms] [Warning] [omni.kvdb.plugin] Disabling key-value database because another kit process is locking it
2026-09-29T01:05:59Z [4,791ms] [Warning] [omni.fabric.plugin] Warning: attribute viewportHandle not found for bucket id 7

2026-09-29T01:06:03Z [8,794ms] [Warning] [omni.hydra] Mesh '/__Prototype_11920163974880798964/mesh_0' has corrupted data in primvar 'st_1': buffer size 19536 doesn't match expected size 25806 in faceVarying primvars
2026-09-29T01:06:03Z [8,794ms] [Warning] [omni.hydra] Mesh '/__Prototype_11920163974880798964/mesh_0' has corrupted data in primvar 'st': buffer size 6270 doesn't match expected size 25806 in faceVarying primvars
2026-09-29T01:06:03Z [8,794ms] [Warning] [omni.hydra] Mesh '/__Prototype_13322334623641367634/mesh_0' has corrupted data in primvar 'st_1': buffer size 55278 doesn't match expected size 90402 in faceVarying primvars
2026-09-29T01:06:03Z [8,794ms] [Warning] [omni.hydra] Mesh '/__Prototype_13322334623641367634/mesh_0' has corrupted data in primvar 'st': buffer size 35124 doesn't match expected size 90402 in faceVarying primvars
2026-09-29T01:06:03Z [8,794ms] [Warning] [omni.hydra] Mesh '/__Prototype_9361768168784622320/mesh_0' has corrupted data in primvar 'st_1': buffer size 55254 doesn't match expected size 90378 in faceVarying primvars
2026-09-29T01:06:03Z [8,794ms] [Warning] [omni.hydra] Mesh '/__Prototype_9361768168784622320/mesh_0' has corrupted data in primvar 'st': buffer size 35124 doesn't match expected size 90378 in faceVarying primvars
2026-09-29T01:06:03Z [8,794ms] [Warning] [omni.hydra] Mesh '/__Prototype_3472759832488839835/mesh_0' has corrupted data in primvar 'st_1': buffer size 54198 doesn't match expected size 111120 in faceVarying primvars
2026-09-29T01:06:03Z [8,794ms] [Warning] [omni.hydra] Mesh '/__Prototype_3472759832488839835/mesh_0' has corrupted data in primvar 'st': buffer size 56922 doesn't match expected size 111120 in faceVarying primvars
2026-09-29T01:06:03Z [8,795ms] [Warning] [omni.hydra] Mesh '/__Prototype_17657579462717289149/mesh_0' has corrupted data in primvar 'st_1': buffer size 54198 doesn't match expected size 111120 in faceVarying primvars
2026-09-29T01:06:03Z [8,795ms] [Warning] [omni.hydra] Mesh '/__Prototype_13474969840495255918/mesh_0' has corrupted data in primvar 'st_4': buffer size 30390 doesn't match expected size 233784 in faceVarying primvars
2026-09-29T01:06:03Z [8,795ms] [Warning] [omni.hydra] Mesh '/__Prototype_17657579462717289149/mesh_0' has corrupted data in primvar 'st': buffer size 56922 doesn't match expected size 111120 in faceVarying primvars
2026-09-29T01:06:03Z [8,795ms] [Warning] [omni.hydra] Mesh '/__Prototype_13474969840495255918/mesh_0' has corrupted data in primvar 'st_3': buffer size 11886 doesn't match expected size 233784 in faceVarying primvars
2026-09-29T01:06:03Z [8,795ms] [Warning] [omni.hydra] Mesh '/__Prototype_13474969840495255918/mesh_0' has corrupted data in primvar 'st_1': buffer size 6960 doesn't match expected size 233784 in faceVarying primvars
[INFO]: Time taken for scene creation : 1.292428 seconds
[INFO]: Scene manager:  <class InteractiveScene>
	Number of environments: 32
	Environment spacing   : 2.5
	Source prim name      : /World/envs/env_0
	Global prim paths     : ['/World/ground']
	Replicate physics     : True
[INFO]: Starting the simulation. This may take a few seconds. Please wait...
[INFO]: Time taken for simulation start : 1.099291 seconds
[33m10:06:04 [velocity_command.py] WARNING: The velocity command has the 'ranges.heading' attribute set to '(-3.141592653589793, 3.141592653589793)' but the heading command is not active. Consider setting the flag for the heading command to True.[0m
/workspace/IsaacLab/_isaac_sim/kit/python/lib/python3.11/site-packages/rsl_rl/utils/utils.py:220: UserWarning: The observation configuration dictionary 'obs_groups' is empty and thus likely not configured. Consider configuring the 'obs_groups' dictionary explicitly
  warnings.warn(
/workspace/IsaacLab/_isaac_sim/kit/python/lib/python3.11/site-packages/rsl_rl/utils/utils.py:251: UserWarning: The observation configuration dictionary 'obs_groups' does not contain the 'actor' key. As an observation group with the name 'policy' was found, this is assumed to be the appropriate observation. Consider adding the 'actor' key to the 'obs_groups' dictionary for clarity. This behavior will be removed in a future version.
  warnings.warn(
/workspace/IsaacLab/_isaac_sim/kit/python/lib/python3.11/site-packages/rsl_rl/utils/utils.py:251: UserWarning: The observation configuration dictionary 'obs_groups' does not contain the 'critic' key. As an observation group with the name 'policy' was found, this is assumed to be the appropriate observation. Consider adding the 'critic' key to the 'obs_groups' dictionary for clarity. This behavior will be removed in a future version.
  warnings.warn(
2026-09-29T01:06:03Z [8,795ms] [Warning] [omni.hydra] Mesh '/__Prototype_13474969840495255918/mesh_0' has corrupted data in primvar 'st': buffer size 178533 doesn't match expected size 233784 in faceVarying primvars
2026-09-29T01:06:03Z [8,795ms] [Warning] [omni.hydra] Mesh '/__Prototype_13474969840495255918/mesh_0' has corrupted data in primvar 'st_2': buffer size 6015 doesn't match expected size 233784 in faceVarying primvars
2026-09-29T01:06:03Z [8,795ms] [Warning] [omni.hydra] Mesh '/__Prototype_5020945076074816532/mesh_0' has corrupted data in primvar 'st_1': buffer size 55278 doesn't match expected size 90402 in faceVarying primvars
2026-09-29T01:06:03Z [8,795ms] [Warning] [omni.hydra] Mesh '/__Prototype_5020945076074816532/mesh_0' has corrupted data in primvar 'st': buffer size 35124 doesn't match expected size 90402 in faceVarying primvars
2026-09-29T01:06:03Z [8,795ms] [Warning] [omni.hydra] Mesh '/__Prototype_9249459249493537703/mesh_0' has corrupted data in primvar 'st_1': buffer size 19536 doesn't match expected size 25806 in faceVarying primvars
2026-09-29T01:06:03Z [8,795ms] [Warning] [omni.hydra] Mesh '/__Prototype_9249459249493537703/mesh_0' has corrupted data in primvar 'st': buffer size 6270 doesn't match expected size 25806 in faceVarying primvars
2026-09-29T01:06:03Z [8,795ms] [Warning] [omni.hydra] Mesh '/__Prototype_4988299400318642876/mesh_0' has corrupted data in primvar 'st_1': buffer size 19536 doesn't match expected size 25806 in faceVarying primvars
2026-09-29T01:06:03Z [8,795ms] [Warning] [omni.hydra] Mesh '/__Prototype_4988299400318642876/mesh_0' has corrupted data in primvar 'st': buffer size 6270 doesn't match expected size 25806 in faceVarying primvars
2026-09-29T01:06:03Z [8,796ms] [Warning] [omni.hydra] Mesh '/__Prototype_422667710062656741/mesh_0' has corrupted data in primvar 'st_1': buffer size 19536 doesn't match expected size 25806 in faceVarying primvars
2026-09-29T01:06:03Z [8,796ms] [Warning] [omni.hydra] Mesh '/__Prototype_422667710062656741/mesh_0' has corrupted data in primvar 'st': buffer size 6270 doesn't match expected size 25806 in faceVarying primvars
2026-09-29T01:06:03Z [8,796ms] [Warning] [omni.hydra] Mesh '/__Prototype_17365619108587152245/mesh_0' has corrupted data in primvar 'st_1': buffer size 55254 doesn't match expected size 90378 in faceVarying primvars
2026-09-29T01:06:03Z [8,796ms] [Warning] [omni.hydra] Mesh '/__Prototype_17365619108587152245/mesh_0' has corrupted data in primvar 'st': buffer size 35124 doesn't match expected size 90378 in faceVarying primvars
2026-09-29T01:06:03Z [8,795ms] [Warning] [omni.hydra] Mesh '/__Prototype_7677181754714936218/mesh_0' has corrupted data in primvar 'st_1': buffer size 54198 doesn't match expected size 111120 in faceVarying primvars
2026-09-29T01:06:03Z [8,796ms] [Warning] [omni.hydra] Mesh '/__Prototype_7677181754714936218/mesh_0' has corrupted data in primvar 'st': buffer size 56922 doesn't match expected size 111120 in faceVarying primvars
2026-09-29T01:06:03Z [8,797ms] [Warning] [omni.hydra] Mesh '/__Prototype_17658574861032171226/mesh_0' has corrupted data in primvar 'st_1': buffer size 54198 doesn't match expected size 111120 in faceVarying primvars
2026-09-29T01:06:03Z [8,797ms] [Warning] [omni.hydra] Mesh '/__Prototype_17658574861032171226/mesh_0' has corrupted data in primvar 'st': buffer size 56922 doesn't match expected size 111120 in faceVarying primvars
2026-09-29T01:06:04Z [9,639ms] [Warning] [omni.physx.fabric.plugin] FabricManager::initializePointInstancer mismatched prototypes on point instancer: /Visuals/Command/velocity_goal.
2026-09-29T01:06:04Z [9,639ms] [Warning] [omni.physx.fabric.plugin] FabricManager::initializePointInstancer mismatched prototypes on point instancer: /Visuals/Command/velocity_current.
2026-09-29T01:06:05Z [10,491ms] [Warning] [omni.physx.fabric.plugin] FabricManager::initializePointInstancer mismatched prototypes on point instancer: /Visuals/Command/velocity_current.
2026-09-29T01:06:05Z [10,491ms] [Warning] [omni.physx.fabric.plugin] FabricManager::initializePointInstancer mismatched prototypes on point instancer: /Visuals/Command/velocity_goal.
[INFO] Command Manager:  <CommandManager> contains 1 active terms.
+------------------------------------------------+
|              Active Command Terms              |
+-------+---------------+------------------------+
| Index | Name          |          Type          |
+-------+---------------+------------------------+
|   0   | base_velocity | UniformVelocityCommand |
+-------+---------------+------------------------+

[INFO] Event Manager:  <EventManager> contains 2 active terms.
+--------------------------------------+
| Active Event Terms in Mode: 'startup' |
+----------+---------------------------+
|  Index   | Name                      |
+----------+---------------------------+
|    0     | physics_material          |
|    1     | add_base_mass             |
+----------+---------------------------+
+---------------------------------------+
|  Active Event Terms in Mode: 'reset'  |
+--------+------------------------------+
| Index  | Name                         |
+--------+------------------------------+
|   0    | base_external_force_torque   |
|   1    | reset_base                   |
|   2    | reset_robot_joints           |
+--------+------------------------------+

[INFO] Recorder Manager:  <RecorderManager> contains 0 active terms.
+---------------------+
| Active Recorder Terms |
+-----------+---------+
|   Index   | Name    |
+-----------+---------+
+-----------+---------+

[INFO] Action Manager:  <ActionManager> contains 1 active terms.
+------------------------------------+
|  Active Action Terms (shape: 12)   |
+--------+-------------+-------------+
| Index  | Name        |   Dimension |
+--------+-------------+-------------+
|   0    | joint_pos   |          12 |
+--------+-------------+-------------+

[INFO] Observation Manager: <ObservationManager> contains 1 groups.
+----------------------------------------------------------+
| Active Observation Terms in Group: 'policy' (shape: (235,)) |
+-----------+--------------------------------+-------------+
|   Index   | Name                           |    Shape    |
+-----------+--------------------------------+-------------+
|     0     | base_lin_vel                   |     (3,)    |
|     1     | base_ang_vel                   |     (3,)    |
|     2     | projected_gravity              |     (3,)    |
|     3     | velocity_commands              |     (3,)    |
|     4     | joint_pos                      |    (12,)    |
|     5     | joint_vel                      |    (12,)    |
|     6     | actions                        |    (12,)    |
|     7     | height_scan                    |    (187,)   |
+-----------+--------------------------------+-------------+

[INFO] Termination Manager:  <TerminationManager> contains 2 active terms.
+---------------------------------+
|     Active Termination Terms    |
+-------+--------------+----------+
| Index | Name         | Time Out |
+-------+--------------+----------+
|   0   | time_out     |   True   |
|   1   | base_contact |  False   |
+-------+--------------+----------+

[INFO] Reward Manager:  <RewardManager> contains 10 active terms.
+-----------------------------------------+
|           Active Reward Terms           |
+-------+----------------------+----------+
| Index | Name                 |   Weight |
+-------+----------------------+----------+
|   0   | track_lin_vel_xy_exp |      1.5 |
|   1   | track_ang_vel_z_exp  |     0.75 |
|   2   | lin_vel_z_l2         |     -1.5 |
|   3   | ang_vel_xy_l2        |    -0.05 |
|   4   | dof_torques_l2       |  -0.0002 |
|   5   | dof_acc_l2           | -2.5e-07 |
|   6   | action_rate_l2       |    -0.01 |
|   7   | feet_air_time        |      0.2 |
|   8   | flat_orientation_l2  |      0.0 |
|   9   | dof_pos_limits       |      0.0 |
+-------+----------------------+----------+

[INFO] Curriculum Manager:  <CurriculumManager> contains 0 active terms.
+----------------------+
| Active Curriculum Terms |
+-----------+----------+
|   Index   | Name     |
+-----------+----------+
+-----------+----------+

[INFO]: Completed setting up the environment...
[INFO] Recording videos during training.
        video_folder: /workspace/go2_g_a056/video/exported/videos/play
        step_trigger: lambda step: step == 0
        video_length: 1000
        disable_logger: True
[INFO]: Loading model checkpoint from: /workspace/go2_g_a056/video/exported/model_best.pt
--------------------------------------------------------------------------------
Resolved observation sets: 
	 actor :  ['policy']
	 critic :  ['policy']
--------------------------------------------------------------------------------
Actor Model: MLPModel(
  (obs_normalizer): Identity()
  (distribution): GaussianDistribution()
  (mlp): MLP(
    (0): Linear(in_features=235, out_features=512, bias=True)
    (1): ELU(alpha=1.0)
    (2): Linear(in_features=512, out_features=256, bias=True)
    (3): ELU(alpha=1.0)
    (4): Linear(in_features=256, out_features=128, bias=True)
    (5): ELU(alpha=1.0)
    (6): Linear(in_features=128, out_features=12, bias=True)
  )
)
Critic Model: MLPModel(
  (obs_normalizer): Identity()
  (mlp): MLP(
    (0): Linear(in_features=235, out_features=512, bias=True)
    (1): ELU(alpha=1.0)
    (2): Linear(in_features=512, out_features=256, bias=True)
    (3): ELU(alpha=1.0)
    (4): Linear(in_features=256, out_features=128, bias=True)
    (5): ELU(alpha=1.0)
    (6): Linear(in_features=128, out_features=1, bias=True)
  )
)
2026-09-29T01:06:05Z [10,544ms] [Warning] [omni.syntheticdata.plugin] OgnSdPostRenderVarToHost : rendervar copy from texture directly to host buffer is counter-performant. Please use copy from texture to device buffer first.
2026-09-29T01:06:07Z [12,387ms] [Warning] [carb] Client gpu.foundation.plugin has acquired [gpu::unstable::IMemoryBudgetManagerFactory v0.1] 100 times. Consider accessing this interface with carb::getCachedInterface() (Performance warning)
Traceback (most recent call last):
  File "/workspace/IsaacLab/source/isaaclab/isaaclab/envs/ui/viewport_camera_controller.py", line 82, in <lambda>
    lambda event, obj=weakref.proxy(self): obj._update_tracking_callback(event)
                                           ^^^^^^^^^^^^^^^^^^^^^^^^^^^^^^^^^^^^
  File "/workspace/IsaacLab/source/isaaclab/isaaclab/envs/ui/viewport_camera_controller.py", line 231, in _update_tracking_callback
    self.update_view_to_asset_root(self.cfg.asset_name)
  File "/workspace/IsaacLab/source/isaaclab/isaaclab/envs/ui/viewport_camera_controller.py", line 165, in update_view_to_asset_root
    self.viewer_origin = self._env.scene[self.cfg.asset_name].data.root_pos_w[self.cfg.env_index]
                         ^^^^^^^^^^^^^^^
AttributeError: 'ManagerBasedRLEnv' object has no attribute 'scene'
PLAIN_VS_DIAG_rough_lateral=IDENTICAL
PLAIN_VS_DIAG_combined_yaw_right=IDENTICAL
PLAIN_VS_VIDEO_rough_lateral_env5=IDENTICAL
PLAIN_VS_VIDEO_rough_lateral_env11=IDENTICAL
PLAIN_VS_VIDEO_combined_yaw_right_env3=IDENTICAL
PLAIN_VS_VIDEO_combined_yaw_right_env16=IDENTICAL
rough_lateral env5 rc=0 file=present
rough_lateral env11 rc=0 file=present
combined_yaw_right env3 rc=0 file=present
combined_yaw_right env16 rc=0 file=present
