[START] G-A058 train_G-A058-Go2_a043_seed43_1000 resume=0 remeasure_baseline=0 at 2026-10-01T07:12:07+09:00
[PHASE 1/6] G-A058 single-variable training: train_seed 42->43 seed=43 envs=4096 iterations=1000
[INFO][AppLauncher]: Using device: cuda:0
[INFO][AppLauncher]: Loading experience file: D:\dev\Nconnect\IsaacLab\apps\isaaclab.python.headless.kit
[INFO]: Parsing configuration from: go2_task.env_cfg:QuadrupedRoughEnvCfg
[Quadruped:student] 6 reward 항목 로드
  [OK] track_lin_vel_xy_exp.weight = 1.5
  [OK] feet_air_time.weight = 0.2
  [OK] lin_vel_z_l2.weight = -1.5
  [OK] ang_vel_xy_l2.weight = -0.05
  [OK] action_rate_l2.weight = -0.01
  [OK] flat_orientation_l2.weight = 0.0
[Quadruped:student] terrain override - boxes ≤0.15m
[INFO]: Parsing configuration from: go2_task.agent_cfg:QuadrupedPPORunnerCfg
[WARNING]: The `policy` configuration is deprecated for rsl-rl >= 4.0.0. Please use, e.g., `actor` and `critic` model configurations instead.
[WARNING]: The `empirical_normalization` parameter is deprecated. Please set `actor_obs_normalization` and `critic_obs_normalization` as part of the `policy` configuration instead.
[WARNING]: The `policy` configuration is used to infer the `actor` model configuration.
[WARNING]: The `policy` configuration is used to infer the `critic` model configuration.
[WARNING]: The `distribution_cfg` configuration is now used to specify the output distribution for stochastic policies. Consider updating the configuration to use `distribution_cfg` instead of `stochastic`, `init_noise_std`, `noise_std_type`, and `state_dependent_std` parameters.
[INFO] Logging experiment in directory: D:\workspace\go2_g_a058_work\a043_seed43\candidate\logs\rsl_rl\quadruped
Exact experiment name requested from command line: 2026-10-01_07-12-20

[36m======================================================================================================================[0m
[36m[1m[INFO][IsaacLab]: Logging to file: C:\Users\ADMINI~1\AppData\Local\Temp\isaaclab\logs\isaaclab_2026-10-01_07-12-20.log[0m
[36m======================================================================================================================[0m

[33m07:12:20 [simulation_context.py] WARNING: The `enable_external_forces_every_iteration` parameter in the PhysxCfg is set to False. If you are experiencing noisy velocities, consider enabling this flag. You may need to slightly increase the number of velocity iterations (setting it to 1 or 2 rather than 0), together with this flag, to improve the accuracy of velocity updates.[0m
D:\dev\Nconnect\.venv-isaaclab\Lib\site-packages\rsl_rl\utils\utils.py:220: UserWarning: The observation configuration dictionary 'obs_groups' is empty and thus likely not configured. Consider configuring the 'obs_groups' dictionary explicitly
  warnings.warn(
D:\dev\Nconnect\.venv-isaaclab\Lib\site-packages\rsl_rl\utils\utils.py:251: UserWarning: The observation configuration dictionary 'obs_groups' does not contain the 'actor' key. As an observation group with the name 'policy' was found, this is assumed to be the appropriate observation. Consider adding the 'actor' key to the 'obs_groups' dictionary for clarity. This behavior will be removed in a future version.
  warnings.warn(
D:\dev\Nconnect\.venv-isaaclab\Lib\site-packages\rsl_rl\utils\utils.py:251: UserWarning: The observation configuration dictionary 'obs_groups' does not contain the 'critic' key. As an observation group with the name 'policy' was found, this is assumed to be the appropriate observation. Consider adding the 'critic' key to the 'obs_groups' dictionary for clarity. This behavior will be removed in a future version.
  warnings.warn(
[INFO]: Base environment:
	Environment device    : cuda:0
	Environment seed      : 43
	Physics step-size     : 0.005
	Rendering step-size   : 0.02
	Environment step-size : 0.02
[INFO] Generating terrains based on curriculum took : 1.292668 seconds
[INFO]: Time taken for scene creation : 5.674617 seconds
[INFO]: Scene manager:  <class InteractiveScene>
	Number of environments: 4096
	Environment spacing   : 2.5
	Source prim name      : /World/envs/env_0
	Global prim paths     : ['/World/ground']
	Replicate physics     : True
[INFO]: Starting the simulation. This may take a few seconds. Please wait...
[INFO]: Time taken for simulation start : 6.529231 seconds
[INFO] Command Manager:  <CommandManager> contains 1 active terms.
+------------------------------------------------+
|              Active Command Terms              |
+-------+---------------+------------------------+
| Index | Name          |          Type          |
+-------+---------------+------------------------+
|   0   | base_velocity | UniformVelocityCommand |
+-------+---------------+------------------------+

[INFO] Event Manager:  <EventManager> contains 2 active terms.
+--------------------------------------+
| Active Event Terms in Mode: 'startup' |
+----------+---------------------------+
|  Index   | Name                      |
+----------+---------------------------+
|    0     | physics_material          |
|    1     | add_base_mass             |
+----------+---------------------------+
+---------------------------------------+
|  Active Event Terms in Mode: 'reset'  |
+--------+------------------------------+
| Index  | Name                         |
+--------+------------------------------+
|   0    | base_external_force_torque   |
|   1    | reset_base                   |
|   2    | reset_robot_joints           |
+--------+------------------------------+

[INFO] Recorder Manager:  <RecorderManager> contains 0 active terms.
+---------------------+
| Active Recorder Terms |
+-----------+---------+
|   Index   | Name    |
+-----------+---------+
+-----------+---------+

[INFO] Action Manager:  <ActionManager> contains 1 active terms.
+------------------------------------+
|  Active Action Terms (shape: 12)   |
+--------+-------------+-------------+
| Index  | Name        |   Dimension |
+--------+-------------+-------------+
|   0    | joint_pos   |          12 |
+--------+-------------+-------------+

[INFO] Observation Manager: <ObservationManager> contains 1 groups.
+----------------------------------------------------------+
| Active Observation Terms in Group: 'policy' (shape: (235,)) |
+-----------+--------------------------------+-------------+
|   Index   | Name                           |    Shape    |
+-----------+--------------------------------+-------------+
|     0     | base_lin_vel                   |     (3,)    |
|     1     | base_ang_vel                   |     (3,)    |
|     2     | projected_gravity              |     (3,)    |
|     3     | velocity_commands              |     (3,)    |
|     4     | joint_pos                      |    (12,)    |
|     5     | joint_vel                      |    (12,)    |
|     6     | actions                        |    (12,)    |
|     7     | height_scan                    |    (187,)   |
+-----------+--------------------------------+-------------+

[INFO] Termination Manager:  <TerminationManager> contains 2 active terms.
+---------------------------------+
|     Active Termination Terms    |
+-------+--------------+----------+
| Index | Name         | Time Out |
+-------+--------------+----------+
|   0   | time_out     |   True   |
|   1   | base_contact |  False   |
+-------+--------------+----------+

[INFO] Reward Manager:  <RewardManager> contains 10 active terms.
+-----------------------------------------+
|           Active Reward Terms           |
+-------+----------------------+----------+
| Index | Name                 |   Weight |
+-------+----------------------+----------+
|   0   | track_lin_vel_xy_exp |      1.5 |
|   1   | track_ang_vel_z_exp  |     0.75 |
|   2   | lin_vel_z_l2         |     -1.5 |
|   3   | ang_vel_xy_l2        |    -0.05 |
|   4   | dof_torques_l2       |  -0.0002 |
|   5   | dof_acc_l2           | -2.5e-07 |
|   6   | action_rate_l2       |    -0.01 |
|   7   | feet_air_time        |      0.2 |
|   8   | flat_orientation_l2  |      0.0 |
|   9   | dof_pos_limits       |      0.0 |
+-------+----------------------+----------+

[INFO] Curriculum Manager:  <CurriculumManager> contains 1 active terms.
+---------------------------+
|  Active Curriculum Terms  |
+--------+------------------+
| Index  | Name             |
+--------+------------------+
|   0    | terrain_levels   |
+--------+------------------+

[INFO]: Completed setting up the environment...
--------------------------------------------------------------------------------
Resolved observation sets: 
	 actor :  ['policy']
	 critic :  ['policy']
--------------------------------------------------------------------------------
Actor Model: MLPModel(
  (obs_normalizer): Identity()
  (distribution): GaussianDistribution()
  (mlp): MLP(
    (0): Linear(in_features=235, out_features=512, bias=True)
    (1): ELU(alpha=1.0)
    (2): Linear(in_features=512, out_features=256, bias=True)
    (3): ELU(alpha=1.0)
    (4): Linear(in_features=256, out_features=128, bias=True)
    (5): ELU(alpha=1.0)
    (6): Linear(in_features=128, out_features=12, bias=True)
  )
)
Critic Model: MLPModel(
  (obs_normalizer): Identity()
  (mlp): MLP(
    (0): Linear(in_features=235, out_features=512, bias=True)
    (1): ELU(alpha=1.0)
    (2): Linear(in_features=512, out_features=256, bias=True)
    (3): ELU(alpha=1.0)
    (4): Linear(in_features=256, out_features=128, bias=True)
    (5): ELU(alpha=1.0)
    (6): Linear(in_features=128, out_features=1, bias=True)
  )
)
Could not find git repository in D:\dev\Nconnect\.venv-isaaclab\Lib\site-packages\rsl_rl\__init__.py. Skipping.
Storing git diff for 'IsaacLab' in: D:\workspace\go2_g_a058_work\a043_seed43\candidate\logs\rsl_rl\quadruped\2026-10-01_07-12-20\git\IsaacLab.diff
################################################################################
[1m                           Learning iteration 0/1000                            [0m 

                            Total steps: 98304 
                       Steps per second: 5904 
                        Collection time: 16.076s 
                          Learning time: 0.573s 
                        Mean value loss: 0.0634
                    Mean surrogate loss: 0.0070
                      Mean entropy loss: 17.0086
                            Mean reward: -0.51
                    Mean episode length: 14.33
                        Mean action std: 1.00
    Episode_Reward/track_lin_vel_xy_exp: 0.0046
     Episode_Reward/track_ang_vel_z_exp: 0.0028
            Episode_Reward/lin_vel_z_l2: -0.0116
           Episode_Reward/ang_vel_xy_l2: -0.0078
          Episode_Reward/dof_torques_l2: -0.0016
              Episode_Reward/dof_acc_l2: -0.0052
          Episode_Reward/action_rate_l2: -0.0029
           Episode_Reward/feet_air_time: -0.0004
     Episode_Reward/flat_orientation_l2: 0.0000
          Episode_Reward/dof_pos_limits: 0.0000
              Curriculum/terrain_levels: 3.5111
     Metrics/base_velocity/error_vel_xy: 0.0195
    Metrics/base_velocity/error_vel_yaw: 0.0189
           Episode_Termination/time_out: 0.0118
       Episode_Termination/base_contact: 0.0000
--------------------------------------------------------------------------------
                         Iteration time: 16.65s
                           Time elapsed: 00:00:16
                                    ETA: 04:37:13

################################################################################
[1m                           Learning iteration 1/1000                            [0m 

                            Total steps: 196608 
                       Steps per second: 5923 
                        Collection time: 16.116s 
                          Learning time: 0.479s 
                        Mean value loss: 0.0214
                    Mean surrogate loss: -0.0070
                      Mean entropy loss: 16.8994
                            Mean reward: -1.06
                    Mean episode length: 36.52
                        Mean action std: 0.98
    Episode_Reward/track_lin_vel_xy_exp: 0.0075
     Episode_Reward/track_ang_vel_z_exp: 0.0079
            Episode_Reward/lin_vel_z_l2: -0.0180
           Episode_Reward/ang_vel_xy_l2: -0.0246
          Episode_Reward/dof_torques_l2: -0.0049
              Episode_Reward/dof_acc_l2: -0.0102
          Episode_Reward/action_rate_l2: -0.0087
           Episode_Reward/feet_air_time: -0.0016
     Episode_Reward/flat_orientation_l2: 0.0000
          Episode_Reward/dof_pos_limits: 0.0000
              Curriculum/terrain_levels: 3.4832
     Metrics/base_velocity/error_vel_xy: 0.0745
    Metrics/base_velocity/error_vel_yaw: 0.0626
           Episode_Termination/time_out: 0.0400
       Episode_Termination/base_contact: 0.0000
--------------------------------------------------------------------------------
                         Iteration time: 16.59s
                           Time elapsed: 00:00:33
                                    ETA: 04:36:29

################################################################################
[1m                           Learning iteration 2/1000                            [0m 

                            Total steps: 294912 
                       Steps per second: 5694 
                        Collection time: 16.782s 
                          Learning time: 0.481s 
                        Mean value loss: 0.0152
                    Mean surrogate loss: -0.0080
                      Mean entropy loss: 16.6869
                            Mean reward: -1.43
                    Mean episode length: 61.63
                        Mean action std: 0.97
    Episode_Reward/track_lin_vel_xy_exp: 0.0191
     Episode_Reward/track_ang_vel_z_exp: 0.0133
            Episode_Reward/lin_vel_z_l2: -0.0196
           Episode_Reward/ang_vel_xy_l2: -0.0413
          Episode_Reward/dof_torques_l2: -0.0079
              Episode_Reward/dof_acc_l2: -0.0157
          Episode_Reward/action_rate_l2: -0.0142
           Episode_Reward/feet_air_time: -0.0029
     Episode_Reward/flat_orientation_l2: 0.0000
          Episode_Reward/dof_pos_limits: 0.0000
              Curriculum/terrain_levels: 3.4596
     Metrics/base_velocity/error_vel_xy: 0.1106
    Metrics/base_velocity/error_vel_yaw: 0.1073
           Episode_Termination/time_out: 0.0637
       Episode_Termination/base_contact: 0.0001
--------------------------------------------------------------------------------
                         Iteration time: 17.26s
                           Time elapsed: 00:00:50
                                    ETA: 04:39:45

################################################################################
[1m                           Learning iteration 3/1000                            [0m 

                            Total steps: 393216 
                       Steps per second: 5626 
                        Collection time: 16.983s 
                          Learning time: 0.489s 
                        Mean value loss: 0.0129
                    Mean surrogate loss: -0.0055
                      Mean entropy loss: 16.4948
                            Mean reward: -2.05
                    Mean episode length: 87.49
                        Mean action std: 0.95
    Episode_Reward/track_lin_vel_xy_exp: 0.0213
     Episode_Reward/track_ang_vel_z_exp: 0.0195
            Episode_Reward/lin_vel_z_l2: -0.0235
           Episode_Reward/ang_vel_xy_l2: -0.0591
          Episode_Reward/dof_torques_l2: -0.0106
              Episode_Reward/dof_acc_l2: -0.0204
          Episode_Reward/action_rate_l2: -0.0198
           Episode_Reward/feet_air_time: -0.0037
     Episode_Reward/flat_orientation_l2: 0.0000
          Episode_Reward/dof_pos_limits: 0.0000
              Curriculum/terrain_levels: 3.4339
     Metrics/base_velocity/error_vel_xy: 0.1731
    Metrics/base_velocity/error_vel_yaw: 0.1442
           Episode_Termination/time_out: 0.0863
       Episode_Termination/base_contact: 0.0036
--------------------------------------------------------------------------------
                         Iteration time: 17.47s
                           Time elapsed: 00:01:07
                                    ETA: 04:42:06

################################################################################
[1m                           Learning iteration 4/1000                            [0m 

                            Total steps: 491520 
                       Steps per second: 5572 
                        Collection time: 17.156s 
                          Learning time: 0.484s 
                        Mean value loss: 0.0110
                    Mean surrogate loss: -0.0055
                      Mean entropy loss: 16.2862
                            Mean reward: -2.11
                    Mean episode length: 110.41
                        Mean action std: 0.94
    Episode_Reward/track_lin_vel_xy_exp: 0.0368
     Episode_Reward/track_ang_vel_z_exp: 0.0241
            Episode_Reward/lin_vel_z_l2: -0.0241
           Episode_Reward/ang_vel_xy_l2: -0.0737
          Episode_Reward/dof_torques_l2: -0.0134
              Episode_Reward/dof_acc_l2: -0.0251
          Episode_Reward/action_rate_l2: -0.0249
           Episode_Reward/feet_air_time: -0.0047
     Episode_Reward/flat_orientation_l2: 0.0000
          Episode_Reward/dof_pos_limits: 0.0000
              Curriculum/terrain_levels: 3.4045
     Metrics/base_velocity/error_vel_xy: 0.2036
    Metrics/base_velocity/error_vel_yaw: 0.1900
           Episode_Termination/time_out: 0.1106
       Episode_Termination/base_contact: 0.0097
--------------------------------------------------------------------------------
                         Iteration time: 17.64s
                           Time elapsed: 00:01:25
                                    ETA: 04:43:58

################################################################################
[1m                           Learning iteration 5/1000                            [0m 

                            Total steps: 589824 
                       Steps per second: 5529 
                        Collection time: 17.293s 
                          Learning time: 0.485s 
                        Mean value loss: 0.0094
                    Mean surrogate loss: -0.0037
                      Mean entropy loss: 16.1093
                            Mean reward: -2.49
                    Mean episode length: 135.88
                        Mean action std: 0.92
    Episode_Reward/track_lin_vel_xy_exp: 0.0444
     Episode_Reward/track_ang_vel_z_exp: 0.0294
            Episode_Reward/lin_vel_z_l2: -0.0261
           Episode_Reward/ang_vel_xy_l2: -0.0871
          Episode_Reward/dof_torques_l2: -0.0164
              Episode_Reward/dof_acc_l2: -0.0295
          Episode_Reward/action_rate_l2: -0.0302
           Episode_Reward/feet_air_time: -0.0056
     Episode_Reward/flat_orientation_l2: 0.0000
          Episode_Reward/dof_pos_limits: 0.0000
              Curriculum/terrain_levels: 3.3751
     Metrics/base_velocity/error_vel_xy: 0.2418
    Metrics/base_velocity/error_vel_yaw: 0.2300
           Episode_Termination/time_out: 0.1345
       Episode_Termination/base_contact: 0.0161
--------------------------------------------------------------------------------
                         Iteration time: 17.78s
                           Time elapsed: 00:01:43
                                    ETA: 04:45:29

################################################################################
[1m                           Learning iteration 6/1000                            [0m 

                            Total steps: 688128 
                       Steps per second: 5462 
                        Collection time: 17.513s 
                          Learning time: 0.484s 
                        Mean value loss: 0.0132
                    Mean surrogate loss: -0.0051
                      Mean entropy loss: 15.9091
                            Mean reward: -2.72
                    Mean episode length: 158.01
                        Mean action std: 0.91
    Episode_Reward/track_lin_vel_xy_exp: 0.0493
     Episode_Reward/track_ang_vel_z_exp: 0.0338
            Episode_Reward/lin_vel_z_l2: -0.0295
           Episode_Reward/ang_vel_xy_l2: -0.0964
          Episode_Reward/dof_torques_l2: -0.0195
              Episode_Reward/dof_acc_l2: -0.0335
          Episode_Reward/action_rate_l2: -0.0349
           Episode_Reward/feet_air_time: -0.0060
     Episode_Reward/flat_orientation_l2: 0.0000
          Episode_Reward/dof_pos_limits: 0.0000
              Curriculum/terrain_levels: 3.3426
     Metrics/base_velocity/error_vel_xy: 0.2924
    Metrics/base_velocity/error_vel_yaw: 0.2795
           Episode_Termination/time_out: 0.1571
       Episode_Termination/base_contact: 0.0264
--------------------------------------------------------------------------------
                         Iteration time: 18.00s
                           Time elapsed: 00:02:01
                                    ETA: 04:47:00

################################################################################
[1m                           Learning iteration 7/1000                            [0m 

                            Total steps: 786432 
                       Steps per second: 5390 
                        Collection time: 17.750s 
                          Learning time: 0.486s 
                        Mean value loss: 0.0097
                    Mean surrogate loss: -0.0055
                      Mean entropy loss: 15.7731
                            Mean reward: -3.07
                    Mean episode length: 183.18
                        Mean action std: 0.90
    Episode_Reward/track_lin_vel_xy_exp: 0.0556
     Episode_Reward/track_ang_vel_z_exp: 0.0405
            Episode_Reward/lin_vel_z_l2: -0.0302
           Episode_Reward/ang_vel_xy_l2: -0.1095
          Episode_Reward/dof_torques_l2: -0.0220
              Episode_Reward/dof_acc_l2: -0.0394
          Episode_Reward/action_rate_l2: -0.0394
           Episode_Reward/feet_air_time: -0.0071
     Episode_Reward/flat_orientation_l2: 0.0000
          Episode_Reward/dof_pos_limits: 0.0000
              Curriculum/terrain_levels: 3.3125
     Metrics/base_velocity/error_vel_xy: 0.3396
    Metrics/base_velocity/error_vel_yaw: 0.3104
           Episode_Termination/time_out: 0.1770
       Episode_Termination/base_contact: 0.0366
--------------------------------------------------------------------------------
                         Iteration time: 18.24s
                           Time elapsed: 00:02:19
                                    ETA: 04:48:33

################################################################################
[1m                           Learning iteration 8/1000                            [0m 

                            Total steps: 884736 
                       Steps per second: 5341 
                        Collection time: 17.922s 
                          Learning time: 0.482s 
                        Mean value loss: 0.0075
                    Mean surrogate loss: -0.0050
                      Mean entropy loss: 15.6268
                            Mean reward: -3.26
                    Mean episode length: 204.45
                        Mean action std: 0.89
    Episode_Reward/track_lin_vel_xy_exp: 0.0562
     Episode_Reward/track_ang_vel_z_exp: 0.0436
            Episode_Reward/lin_vel_z_l2: -0.0318
           Episode_Reward/ang_vel_xy_l2: -0.1213
          Episode_Reward/dof_torques_l2: -0.0245
              Episode_Reward/dof_acc_l2: -0.0413
          Episode_Reward/action_rate_l2: -0.0438
           Episode_Reward/feet_air_time: -0.0079
     Episode_Reward/flat_orientation_l2: 0.0000
          Episode_Reward/dof_pos_limits: 0.0000
              Curriculum/terrain_levels: 3.2773
     Metrics/base_velocity/error_vel_xy: 0.4034
    Metrics/base_velocity/error_vel_yaw: 0.3558
           Episode_Termination/time_out: 0.1987
       Episode_Termination/base_contact: 0.0499
--------------------------------------------------------------------------------
                         Iteration time: 18.40s
                           Time elapsed: 00:02:38
                                    ETA: 04:50:01

################################################################################
[1m                           Learning iteration 9/1000                            [0m 

                            Total steps: 983040 
                       Steps per second: 5274 
                        Collection time: 18.157s 
                          Learning time: 0.482s 
                        Mean value loss: 0.0128
                    Mean surrogate loss: -0.0054
                      Mean entropy loss: 15.4871
                            Mean reward: -3.49
                    Mean episode length: 228.02
                        Mean action std: 0.88
    Episode_Reward/track_lin_vel_xy_exp: 0.0671
     Episode_Reward/track_ang_vel_z_exp: 0.0515
            Episode_Reward/lin_vel_z_l2: -0.0332
           Episode_Reward/ang_vel_xy_l2: -0.1329
          Episode_Reward/dof_torques_l2: -0.0272
              Episode_Reward/dof_acc_l2: -0.0463
          Episode_Reward/action_rate_l2: -0.0487
           Episode_Reward/feet_air_time: -0.0090
     Episode_Reward/flat_orientation_l2: 0.0000
          Episode_Reward/dof_pos_limits: 0.0000
              Curriculum/terrain_levels: 3.2409
     Metrics/base_velocity/error_vel_xy: 0.4530
    Metrics/base_velocity/error_vel_yaw: 0.3876
           Episode_Termination/time_out: 0.2220
       Episode_Termination/base_contact: 0.0620
--------------------------------------------------------------------------------
                         Iteration time: 18.64s
                           Time elapsed: 00:02:56
                                    ETA: 04:51:30

################################################################################
[1m                           Learning iteration 10/1000                           [0m 

                            Total steps: 1081344 
                       Steps per second: 5241 
                        Collection time: 18.273s 
                          Learning time: 0.484s 
                        Mean value loss: 0.0091
                    Mean surrogate loss: -0.0042
                      Mean entropy loss: 15.3665
                            Mean reward: -3.96
                    Mean episode length: 254.62
                        Mean action std: 0.87
    Episode_Reward/track_lin_vel_xy_exp: 0.0618
     Episode_Reward/track_ang_vel_z_exp: 0.0557
            Episode_Reward/lin_vel_z_l2: -0.0357
           Episode_Reward/ang_vel_xy_l2: -0.1421
          Episode_Reward/dof_torques_l2: -0.0306
              Episode_Reward/dof_acc_l2: -0.0492
          Episode_Reward/action_rate_l2: -0.0532
           Episode_Reward/feet_air_time: -0.0095
     Episode_Reward/flat_orientation_l2: 0.0000
          Episode_Reward/dof_pos_limits: 0.0000
              Curriculum/terrain_levels: 3.2058
     Metrics/base_velocity/error_vel_xy: 0.5217
    Metrics/base_velocity/error_vel_yaw: 0.4314
           Episode_Termination/time_out: 0.2430
       Episode_Termination/base_contact: 0.0750
--------------------------------------------------------------------------------
                         Iteration time: 18.76s
                           Time elapsed: 00:03:15
                                    ETA: 04:52:50

################################################################################
[1m                           Learning iteration 11/1000                           [0m 

                            Total steps: 1179648 
                       Steps per second: 5203 
                        Collection time: 18.399s 
                          Learning time: 0.492s 
                        Mean value loss: 0.0080
                    Mean surrogate loss: -0.0057
                      Mean entropy loss: 15.2375
                            Mean reward: -3.98
                    Mean episode length: 276.72
                        Mean action std: 0.86
    Episode_Reward/track_lin_vel_xy_exp: 0.0958
     Episode_Reward/track_ang_vel_z_exp: 0.0625
            Episode_Reward/lin_vel_z_l2: -0.0406
           Episode_Reward/ang_vel_xy_l2: -0.1523
          Episode_Reward/dof_torques_l2: -0.0331
              Episode_Reward/dof_acc_l2: -0.0554
          Episode_Reward/action_rate_l2: -0.0575
           Episode_Reward/feet_air_time: -0.0101
     Episode_Reward/flat_orientation_l2: 0.0000
          Episode_Reward/dof_pos_limits: 0.0000
              Curriculum/terrain_levels: 3.1709
     Metrics/base_velocity/error_vel_xy: 0.5099
    Metrics/base_velocity/error_vel_yaw: 0.4657
           Episode_Termination/time_out: 0.2639
       Episode_Termination/base_contact: 0.0897
--------------------------------------------------------------------------------
                         Iteration time: 18.89s
                           Time elapsed: 00:03:34
                                    ETA: 04:54:05

################################################################################
[1m                           Learning iteration 12/1000                           [0m 

                            Total steps: 1277952 
                       Steps per second: 5167 
                        Collection time: 18.535s 
                          Learning time: 0.487s 
                        Mean value loss: 0.0310
                    Mean surrogate loss: -0.0057
                      Mean entropy loss: 15.1103
                            Mean reward: -4.19
                    Mean episode length: 297.67
                        Mean action std: 0.86
    Episode_Reward/track_lin_vel_xy_exp: 0.0838
     Episode_Reward/track_ang_vel_z_exp: 0.0685
            Episode_Reward/lin_vel_z_l2: -0.0391
           Episode_Reward/ang_vel_xy_l2: -0.1581
          Episode_Reward/dof_torques_l2: -0.0351
              Episode_Reward/dof_acc_l2: -0.0555
          Episode_Reward/action_rate_l2: -0.0606
           Episode_Reward/feet_air_time: -0.0110
     Episode_Reward/flat_orientation_l2: 0.0000
          Episode_Reward/dof_pos_limits: 0.0000
              Curriculum/terrain_levels: 3.1389
     Metrics/base_velocity/error_vel_xy: 0.5872
    Metrics/base_velocity/error_vel_yaw: 0.4854
           Episode_Termination/time_out: 0.2838
       Episode_Termination/base_contact: 0.1014
--------------------------------------------------------------------------------
                         Iteration time: 19.02s
                           Time elapsed: 00:03:53
                                    ETA: 04:55:15

################################################################################
[1m                           Learning iteration 13/1000                           [0m 

                            Total steps: 1376256 
                       Steps per second: 5127 
                        Collection time: 18.689s 
                          Learning time: 0.483s 
                        Mean value loss: 0.0077
                    Mean surrogate loss: -0.0066
                      Mean entropy loss: 15.0066
                            Mean reward: -4.32
                    Mean episode length: 315.10
                        Mean action std: 0.85
    Episode_Reward/track_lin_vel_xy_exp: 0.1005
     Episode_Reward/track_ang_vel_z_exp: 0.0712
            Episode_Reward/lin_vel_z_l2: -0.0395
           Episode_Reward/ang_vel_xy_l2: -0.1648
          Episode_Reward/dof_torques_l2: -0.0376
              Episode_Reward/dof_acc_l2: -0.0603
          Episode_Reward/action_rate_l2: -0.0646
           Episode_Reward/feet_air_time: -0.0123
     Episode_Reward/flat_orientation_l2: 0.0000
          Episode_Reward/dof_pos_limits: 0.0000
              Curriculum/terrain_levels: 3.1054
     Metrics/base_velocity/error_vel_xy: 0.6032
    Metrics/base_velocity/error_vel_yaw: 0.5360
           Episode_Termination/time_out: 0.3043
       Episode_Termination/base_contact: 0.1131
--------------------------------------------------------------------------------
                         Iteration time: 19.17s
                           Time elapsed: 00:04:12
                                    ETA: 04:56:24

################################################################################
[1m                           Learning iteration 14/1000                           [0m 

                            Total steps: 1474560 
                       Steps per second: 5101 
                        Collection time: 18.773s 
                          Learning time: 0.496s 
                        Mean value loss: 0.0073
                    Mean surrogate loss: -0.0060
                      Mean entropy loss: 14.8712
                            Mean reward: -4.30
                    Mean episode length: 335.44
                        Mean action std: 0.84
    Episode_Reward/track_lin_vel_xy_exp: 0.0960
     Episode_Reward/track_ang_vel_z_exp: 0.0774
            Episode_Reward/lin_vel_z_l2: -0.0412
           Episode_Reward/ang_vel_xy_l2: -0.1708
          Episode_Reward/dof_torques_l2: -0.0403
              Episode_Reward/dof_acc_l2: -0.0603
          Episode_Reward/action_rate_l2: -0.0672
           Episode_Reward/feet_air_time: -0.0125
     Episode_Reward/flat_orientation_l2: 0.0000
          Episode_Reward/dof_pos_limits: 0.0000
              Curriculum/terrain_levels: 3.0729
     Metrics/base_velocity/error_vel_xy: 0.6731
    Metrics/base_velocity/error_vel_yaw: 0.5537
           Episode_Termination/time_out: 0.3224
       Episode_Termination/base_contact: 0.1245
--------------------------------------------------------------------------------
                         Iteration time: 19.27s
                           Time elapsed: 00:04:31
                                    ETA: 04:57:26

################################################################################
[1m                           Learning iteration 15/1000                           [0m 

                            Total steps: 1572864 
                       Steps per second: 5088 
                        Collection time: 18.834s 
                          Learning time: 0.483s 
                        Mean value loss: 0.0073
                    Mean surrogate loss: -0.0067
                      Mean entropy loss: 14.7173
                            Mean reward: -4.41
                    Mean episode length: 353.82
                        Mean action std: 0.83
    Episode_Reward/track_lin_vel_xy_exp: 0.1242
     Episode_Reward/track_ang_vel_z_exp: 0.0823
            Episode_Reward/lin_vel_z_l2: -0.0416
           Episode_Reward/ang_vel_xy_l2: -0.1765
          Episode_Reward/dof_torques_l2: -0.0416
              Episode_Reward/dof_acc_l2: -0.0636
          Episode_Reward/action_rate_l2: -0.0703
           Episode_Reward/feet_air_time: -0.0127
     Episode_Reward/flat_orientation_l2: 0.0000
          Episode_Reward/dof_pos_limits: 0.0000
              Curriculum/terrain_levels: 3.0383
     Metrics/base_velocity/error_vel_xy: 0.6749
    Metrics/base_velocity/error_vel_yaw: 0.5774
           Episode_Termination/time_out: 0.3416
       Episode_Termination/base_contact: 0.1366
--------------------------------------------------------------------------------
                         Iteration time: 19.32s
                           Time elapsed: 00:04:51
                                    ETA: 04:58:22

################################################################################
[1m                           Learning iteration 16/1000                           [0m 

                            Total steps: 1671168 
                       Steps per second: 5050 
                        Collection time: 18.980s 
                          Learning time: 0.485s 
                        Mean value loss: 0.0092
                    Mean surrogate loss: -0.0064
                      Mean entropy loss: 14.5921
                            Mean reward: -3.95
                    Mean episode length: 389.07
                        Mean action std: 0.82
    Episode_Reward/track_lin_vel_xy_exp: 0.1128
     Episode_Reward/track_ang_vel_z_exp: 0.0903
            Episode_Reward/lin_vel_z_l2: -0.0421
           Episode_Reward/ang_vel_xy_l2: -0.1874
          Episode_Reward/dof_torques_l2: -0.0464
              Episode_Reward/dof_acc_l2: -0.0655
          Episode_Reward/action_rate_l2: -0.0763
           Episode_Reward/feet_air_time: -0.0140
     Episode_Reward/flat_orientation_l2: 0.0000
          Episode_Reward/dof_pos_limits: 0.0000
              Curriculum/terrain_levels: 3.0075
     Metrics/base_velocity/error_vel_xy: 0.7450
    Metrics/base_velocity/error_vel_yaw: 0.6396
           Episode_Termination/time_out: 0.3588
       Episode_Termination/base_contact: 0.1485
--------------------------------------------------------------------------------
                         Iteration time: 19.46s
                           Time elapsed: 00:05:10
                                    ETA: 04:59:17

################################################################################
[1m                           Learning iteration 17/1000                           [0m 

                            Total steps: 1769472 
                       Steps per second: 5007 
                        Collection time: 19.149s 
                          Learning time: 0.482s 
                        Mean value loss: 0.0074
                    Mean surrogate loss: -0.0064
                      Mean entropy loss: 14.4593
                            Mean reward: -4.81
                    Mean episode length: 400.36
                        Mean action std: 0.81
    Episode_Reward/track_lin_vel_xy_exp: 0.1136
     Episode_Reward/track_ang_vel_z_exp: 0.0941
            Episode_Reward/lin_vel_z_l2: -0.0415
           Episode_Reward/ang_vel_xy_l2: -0.1881
          Episode_Reward/dof_torques_l2: -0.0467
              Episode_Reward/dof_acc_l2: -0.0673
          Episode_Reward/action_rate_l2: -0.0773
           Episode_Reward/feet_air_time: -0.0146
     Episode_Reward/flat_orientation_l2: 0.0000
          Episode_Reward/dof_pos_limits: 0.0000
              Curriculum/terrain_levels: 2.9738
     Metrics/base_velocity/error_vel_xy: 0.7376
    Metrics/base_velocity/error_vel_yaw: 0.6458
           Episode_Termination/time_out: 0.3784
       Episode_Termination/base_contact: 0.1600
--------------------------------------------------------------------------------
                         Iteration time: 19.63s
                           Time elapsed: 00:05:30
                                    ETA: 05:00:13

################################################################################
[1m                           Learning iteration 18/1000                           [0m 

                            Total steps: 1867776 
                       Steps per second: 4980 
                        Collection time: 19.243s 
                          Learning time: 0.495s 
                        Mean value loss: 0.0090
                    Mean surrogate loss: -0.0052
                      Mean entropy loss: 14.3531
                            Mean reward: -4.10
                    Mean episode length: 415.63
                        Mean action std: 0.80
    Episode_Reward/track_lin_vel_xy_exp: 0.1492
     Episode_Reward/track_ang_vel_z_exp: 0.1052
            Episode_Reward/lin_vel_z_l2: -0.0446
           Episode_Reward/ang_vel_xy_l2: -0.1972
          Episode_Reward/dof_torques_l2: -0.0495
              Episode_Reward/dof_acc_l2: -0.0747
          Episode_Reward/action_rate_l2: -0.0811
           Episode_Reward/feet_air_time: -0.0153
     Episode_Reward/flat_orientation_l2: 0.0000
          Episode_Reward/dof_pos_limits: 0.0000
              Curriculum/terrain_levels: 2.9448
     Metrics/base_velocity/error_vel_xy: 0.7801
    Metrics/base_velocity/error_vel_yaw: 0.6634
           Episode_Termination/time_out: 0.3923
       Episode_Termination/base_contact: 0.1709
--------------------------------------------------------------------------------
                         Iteration time: 19.74s
                           Time elapsed: 00:05:49
                                    ETA: 05:01:07

################################################################################
[1m                           Learning iteration 19/1000                           [0m 

                            Total steps: 1966080 
                       Steps per second: 4978 
                        Collection time: 19.263s 
                          Learning time: 0.481s 
                        Mean value loss: 0.0119
                    Mean surrogate loss: -0.0062
                      Mean entropy loss: 14.2313
                            Mean reward: -4.88
                    Mean episode length: 450.83
                        Mean action std: 0.80
    Episode_Reward/track_lin_vel_xy_exp: 0.1420
     Episode_Reward/track_ang_vel_z_exp: 0.1032
            Episode_Reward/lin_vel_z_l2: -0.0487
           Episode_Reward/ang_vel_xy_l2: -0.2062
          Episode_Reward/dof_torques_l2: -0.0519
              Episode_Reward/dof_acc_l2: -0.0759
          Episode_Reward/action_rate_l2: -0.0856
           Episode_Reward/feet_air_time: -0.0165
     Episode_Reward/flat_orientation_l2: 0.0000
          Episode_Reward/dof_pos_limits: 0.0000
              Curriculum/terrain_levels: 2.9146
     Metrics/base_velocity/error_vel_xy: 0.9177
    Metrics/base_velocity/error_vel_yaw: 0.7444
           Episode_Termination/time_out: 0.4061
       Episode_Termination/base_contact: 0.1837
--------------------------------------------------------------------------------
                         Iteration time: 19.74s
                           Time elapsed: 00:06:09
                                    ETA: 05:01:54

################################################################################
[1m                           Learning iteration 20/1000                           [0m 

                            Total steps: 2064384 
                       Steps per second: 4970 
                        Collection time: 19.292s 
                          Learning time: 0.485s 
                        Mean value loss: 0.0751
                    Mean surrogate loss: 0.0013
                      Mean entropy loss: 14.2237
                            Mean reward: -5.25
                    Mean episode length: 456.71
                        Mean action std: 0.80
    Episode_Reward/track_lin_vel_xy_exp: 0.1093
     Episode_Reward/track_ang_vel_z_exp: 0.1108
            Episode_Reward/lin_vel_z_l2: -0.0479
           Episode_Reward/ang_vel_xy_l2: -0.2087
          Episode_Reward/dof_torques_l2: -0.0528
              Episode_Reward/dof_acc_l2: -0.0774
          Episode_Reward/action_rate_l2: -0.0868
           Episode_Reward/feet_air_time: -0.0167
     Episode_Reward/flat_orientation_l2: 0.0000
          Episode_Reward/dof_pos_limits: 0.0000
              Curriculum/terrain_levels: 2.8889
     Metrics/base_velocity/error_vel_xy: 0.9424
    Metrics/base_velocity/error_vel_yaw: 0.7483
           Episode_Termination/time_out: 0.4184
       Episode_Termination/base_contact: 0.1939
--------------------------------------------------------------------------------
                         Iteration time: 19.78s
                           Time elapsed: 00:06:29
                                    ETA: 05:02:35

################################################################################
[1m                           Learning iteration 21/1000                           [0m 

                            Total steps: 2162688 
                       Steps per second: 4981 
                        Collection time: 19.251s 
                          Learning time: 0.483s 
                        Mean value loss: 0.0075
                    Mean surrogate loss: -0.0074
                      Mean entropy loss: 14.1028
                            Mean reward: -4.62
                    Mean episode length: 489.19
                        Mean action std: 0.79
    Episode_Reward/track_lin_vel_xy_exp: 0.1444
     Episode_Reward/track_ang_vel_z_exp: 0.1089
            Episode_Reward/lin_vel_z_l2: -0.0411
           Episode_Reward/ang_vel_xy_l2: -0.2016
          Episode_Reward/dof_torques_l2: -0.0538
              Episode_Reward/dof_acc_l2: -0.0792
          Episode_Reward/action_rate_l2: -0.0873
           Episode_Reward/feet_air_time: -0.0170
     Episode_Reward/flat_orientation_l2: 0.0000
          Episode_Reward/dof_pos_limits: 0.0000
              Curriculum/terrain_levels: 2.8621
     Metrics/base_velocity/error_vel_xy: 0.9235
    Metrics/base_velocity/error_vel_yaw: 0.7703
           Episode_Termination/time_out: 0.4314
       Episode_Termination/base_contact: 0.2039
--------------------------------------------------------------------------------
                         Iteration time: 19.73s
                           Time elapsed: 00:06:49
                                    ETA: 05:03:10

################################################################################
[1m                           Learning iteration 22/1000                           [0m 

                            Total steps: 2260992 
                       Steps per second: 4968 
                        Collection time: 19.298s 
                          Learning time: 0.486s 
                        Mean value loss: 0.0073
                    Mean surrogate loss: -0.0040
                      Mean entropy loss: 14.0118
                            Mean reward: -4.82
                    Mean episode length: 507.48
                        Mean action std: 0.78
    Episode_Reward/track_lin_vel_xy_exp: 0.1529
     Episode_Reward/track_ang_vel_z_exp: 0.1214
            Episode_Reward/lin_vel_z_l2: -0.0477
           Episode_Reward/ang_vel_xy_l2: -0.2171
          Episode_Reward/dof_torques_l2: -0.0586
              Episode_Reward/dof_acc_l2: -0.0826
          Episode_Reward/action_rate_l2: -0.0931
           Episode_Reward/feet_air_time: -0.0180
     Episode_Reward/flat_orientation_l2: 0.0000
          Episode_Reward/dof_pos_limits: 0.0000
              Curriculum/terrain_levels: 2.8357
     Metrics/base_velocity/error_vel_xy: 0.9834
    Metrics/base_velocity/error_vel_yaw: 0.8015
           Episode_Termination/time_out: 0.4480
       Episode_Termination/base_contact: 0.2111
--------------------------------------------------------------------------------
                         Iteration time: 19.78s
                           Time elapsed: 00:07:08
                                    ETA: 05:03:41

################################################################################
[1m                           Learning iteration 23/1000                           [0m 

                            Total steps: 2359296 
                       Steps per second: 4963 
                        Collection time: 19.316s 
                          Learning time: 0.488s 
                        Mean value loss: 0.0069
                    Mean surrogate loss: -0.0048
                      Mean entropy loss: 13.9299
                            Mean reward: -5.43
                    Mean episode length: 533.42
                        Mean action std: 0.78
    Episode_Reward/track_lin_vel_xy_exp: 0.1470
     Episode_Reward/track_ang_vel_z_exp: 0.1274
            Episode_Reward/lin_vel_z_l2: -0.0451
           Episode_Reward/ang_vel_xy_l2: -0.2177
          Episode_Reward/dof_torques_l2: -0.0598
              Episode_Reward/dof_acc_l2: -0.0856
          Episode_Reward/action_rate_l2: -0.0954
           Episode_Reward/feet_air_time: -0.0181
     Episode_Reward/flat_orientation_l2: 0.0000
          Episode_Reward/dof_pos_limits: 0.0000
              Curriculum/terrain_levels: 2.8102
     Metrics/base_velocity/error_vel_xy: 1.0579
    Metrics/base_velocity/error_vel_yaw: 0.8226
           Episode_Termination/time_out: 0.4610
       Episode_Termination/base_contact: 0.2198
--------------------------------------------------------------------------------
                         Iteration time: 19.80s
                           Time elapsed: 00:07:28
                                    ETA: 05:04:10

################################################################################
[1m                           Learning iteration 24/1000                           [0m 

                            Total steps: 2457600 
                       Steps per second: 4958 
                        Collection time: 19.342s 
                          Learning time: 0.482s 
                        Mean value loss: 0.0084
                    Mean surrogate loss: -0.0052
                      Mean entropy loss: 13.8029
                            Mean reward: -4.06
                    Mean episode length: 472.57
                        Mean action std: 0.77
    Episode_Reward/track_lin_vel_xy_exp: 0.1306
     Episode_Reward/track_ang_vel_z_exp: 0.1232
            Episode_Reward/lin_vel_z_l2: -0.0423
           Episode_Reward/ang_vel_xy_l2: -0.1931
          Episode_Reward/dof_torques_l2: -0.0550
              Episode_Reward/dof_acc_l2: -0.0765
          Episode_Reward/action_rate_l2: -0.0859
           Episode_Reward/feet_air_time: -0.0165
     Episode_Reward/flat_orientation_l2: 0.0000
          Episode_Reward/dof_pos_limits: 0.0000
              Curriculum/terrain_levels: 2.7804
     Metrics/base_velocity/error_vel_xy: 0.9821
    Metrics/base_velocity/error_vel_yaw: 0.7414
           Episode_Termination/time_out: 0.4679
       Episode_Termination/base_contact: 0.2350
--------------------------------------------------------------------------------
                         Iteration time: 19.82s
                           Time elapsed: 00:07:48
                                    ETA: 05:04:35

################################################################################
[1m                           Learning iteration 25/1000                           [0m 

                            Total steps: 2555904 
                       Steps per second: 4960 
                        Collection time: 19.335s 
                          Learning time: 0.484s 
                        Mean value loss: 0.0084
                    Mean surrogate loss: -0.0075
                      Mean entropy loss: 13.6933
                            Mean reward: -4.34
                    Mean episode length: 490.15
                        Mean action std: 0.76
    Episode_Reward/track_lin_vel_xy_exp: 0.1306
     Episode_Reward/track_ang_vel_z_exp: 0.1261
            Episode_Reward/lin_vel_z_l2: -0.0417
           Episode_Reward/ang_vel_xy_l2: -0.1984
          Episode_Reward/dof_torques_l2: -0.0570
              Episode_Reward/dof_acc_l2: -0.0772
          Episode_Reward/action_rate_l2: -0.0880
           Episode_Reward/feet_air_time: -0.0171
     Episode_Reward/flat_orientation_l2: 0.0000
          Episode_Reward/dof_pos_limits: 0.0000
              Curriculum/terrain_levels: 2.7420
     Metrics/base_velocity/error_vel_xy: 0.9897
    Metrics/base_velocity/error_vel_yaw: 0.7668
           Episode_Termination/time_out: 0.4735
       Episode_Termination/base_contact: 0.2541
--------------------------------------------------------------------------------
                         Iteration time: 19.82s
                           Time elapsed: 00:08:08
                                    ETA: 05:04:56

################################################################################
[1m                           Learning iteration 26/1000                           [0m 

                            Total steps: 2654208 
                       Steps per second: 4940 
                        Collection time: 19.414s 
                          Learning time: 0.484s 
                        Mean value loss: 0.0093
                    Mean surrogate loss: -0.0035
                      Mean entropy loss: 13.5999
                            Mean reward: -4.40
                    Mean episode length: 498.87
                        Mean action std: 0.76
    Episode_Reward/track_lin_vel_xy_exp: 0.1496
     Episode_Reward/track_ang_vel_z_exp: 0.1287
            Episode_Reward/lin_vel_z_l2: -0.0436
           Episode_Reward/ang_vel_xy_l2: -0.2016
          Episode_Reward/dof_torques_l2: -0.0567
              Episode_Reward/dof_acc_l2: -0.0825
          Episode_Reward/action_rate_l2: -0.0896
           Episode_Reward/feet_air_time: -0.0178
     Episode_Reward/flat_orientation_l2: 0.0000
          Episode_Reward/dof_pos_limits: 0.0000
              Curriculum/terrain_levels: 2.7044
     Metrics/base_velocity/error_vel_xy: 1.0208
    Metrics/base_velocity/error_vel_yaw: 0.7993
           Episode_Termination/time_out: 0.4772
       Episode_Termination/base_contact: 0.2734
--------------------------------------------------------------------------------
                         Iteration time: 19.90s
                           Time elapsed: 00:08:28
                                    ETA: 05:05:18

################################################################################
[1m                           Learning iteration 27/1000                           [0m 

                            Total steps: 2752512 
                       Steps per second: 4919 
                        Collection time: 19.498s 
                          Learning time: 0.483s 
                        Mean value loss: 0.0104
                    Mean surrogate loss: -0.0055
                      Mean entropy loss: 13.4954
                            Mean reward: -4.13
                    Mean episode length: 517.48
                        Mean action std: 0.75
    Episode_Reward/track_lin_vel_xy_exp: 0.1382
     Episode_Reward/track_ang_vel_z_exp: 0.1315
            Episode_Reward/lin_vel_z_l2: -0.0410
           Episode_Reward/ang_vel_xy_l2: -0.1977
          Episode_Reward/dof_torques_l2: -0.0565
              Episode_Reward/dof_acc_l2: -0.0812
          Episode_Reward/action_rate_l2: -0.0886
           Episode_Reward/feet_air_time: -0.0173
     Episode_Reward/flat_orientation_l2: 0.0000
          Episode_Reward/dof_pos_limits: 0.0000
              Curriculum/terrain_levels: 2.6687
     Metrics/base_velocity/error_vel_xy: 1.0316
    Metrics/base_velocity/error_vel_yaw: 0.7915
           Episode_Termination/time_out: 0.4749
       Episode_Termination/base_contact: 0.2941
--------------------------------------------------------------------------------
                         Iteration time: 19.98s
                           Time elapsed: 00:08:48
                                    ETA: 05:05:39

################################################################################
[1m                           Learning iteration 28/1000                           [0m 

                            Total steps: 2850816 
                       Steps per second: 4900 
                        Collection time: 19.568s 
                          Learning time: 0.491s 
                        Mean value loss: 0.0107
                    Mean surrogate loss: -0.0048
                      Mean entropy loss: 13.3974
                            Mean reward: -3.99
                    Mean episode length: 503.97
                        Mean action std: 0.74
    Episode_Reward/track_lin_vel_xy_exp: 0.1357
     Episode_Reward/track_ang_vel_z_exp: 0.1357
            Episode_Reward/lin_vel_z_l2: -0.0414
           Episode_Reward/ang_vel_xy_l2: -0.1884
          Episode_Reward/dof_torques_l2: -0.0554
              Episode_Reward/dof_acc_l2: -0.0775
          Episode_Reward/action_rate_l2: -0.0851
           Episode_Reward/feet_air_time: -0.0168
     Episode_Reward/flat_orientation_l2: 0.0000
          Episode_Reward/dof_pos_limits: 0.0000
              Curriculum/terrain_levels: 2.6322
     Metrics/base_velocity/error_vel_xy: 1.0263
    Metrics/base_velocity/error_vel_yaw: 0.7373
           Episode_Termination/time_out: 0.4746
       Episode_Termination/base_contact: 0.3139
--------------------------------------------------------------------------------
                         Iteration time: 20.06s
                           Time elapsed: 00:09:08
                                    ETA: 05:06:00

################################################################################
[1m                           Learning iteration 29/1000                           [0m 

                            Total steps: 2949120 
                       Steps per second: 4889 
                        Collection time: 19.622s 
                          Learning time: 0.485s 
                        Mean value loss: 0.0104
                    Mean surrogate loss: -0.0036
                      Mean entropy loss: 13.2870
                            Mean reward: -3.88
                    Mean episode length: 523.22
                        Mean action std: 0.74
    Episode_Reward/track_lin_vel_xy_exp: 0.1389
     Episode_Reward/track_ang_vel_z_exp: 0.1306
            Episode_Reward/lin_vel_z_l2: -0.0400
           Episode_Reward/ang_vel_xy_l2: -0.1850
          Episode_Reward/dof_torques_l2: -0.0535
              Episode_Reward/dof_acc_l2: -0.0799
          Episode_Reward/action_rate_l2: -0.0839
           Episode_Reward/feet_air_time: -0.0171
     Episode_Reward/flat_orientation_l2: 0.0000
          Episode_Reward/dof_pos_limits: 0.0000
              Curriculum/terrain_levels: 2.5906
     Metrics/base_velocity/error_vel_xy: 0.9913
    Metrics/base_velocity/error_vel_yaw: 0.7548
           Episode_Termination/time_out: 0.4738
       Episode_Termination/base_contact: 0.3351
--------------------------------------------------------------------------------
                         Iteration time: 20.11s
                           Time elapsed: 00:09:28
                                    ETA: 05:06:20

################################################################################
[1m                           Learning iteration 30/1000                           [0m 

                            Total steps: 3047424 
                       Steps per second: 4879 
                        Collection time: 19.663s 
                          Learning time: 0.484s 
                        Mean value loss: 0.0124
                    Mean surrogate loss: -0.0054
                      Mean entropy loss: 13.1961
                            Mean reward: -3.30
                    Mean episode length: 584.95
                        Mean action std: 0.73
    Episode_Reward/track_lin_vel_xy_exp: 0.1909
     Episode_Reward/track_ang_vel_z_exp: 0.1596
            Episode_Reward/lin_vel_z_l2: -0.0415
           Episode_Reward/ang_vel_xy_l2: -0.2142
          Episode_Reward/dof_torques_l2: -0.0632
              Episode_Reward/dof_acc_l2: -0.0897
          Episode_Reward/action_rate_l2: -0.0977
           Episode_Reward/feet_air_time: -0.0195
     Episode_Reward/flat_orientation_l2: 0.0000
          Episode_Reward/dof_pos_limits: 0.0000
              Curriculum/terrain_levels: 2.5539
     Metrics/base_velocity/error_vel_xy: 1.1409
    Metrics/base_velocity/error_vel_yaw: 0.8327
           Episode_Termination/time_out: 0.4784
       Episode_Termination/base_contact: 0.3515
--------------------------------------------------------------------------------
                         Iteration time: 20.15s
                           Time elapsed: 00:09:48
                                    ETA: 05:06:38

################################################################################
[1m                           Learning iteration 31/1000                           [0m 

                            Total steps: 3145728 
                       Steps per second: 4876 
                        Collection time: 19.674s 
                          Learning time: 0.486s 
                        Mean value loss: 0.0138
                    Mean surrogate loss: -0.0039
                      Mean entropy loss: 13.1135
                            Mean reward: -3.47
                    Mean episode length: 569.80
                        Mean action std: 0.73
    Episode_Reward/track_lin_vel_xy_exp: 0.1621
     Episode_Reward/track_ang_vel_z_exp: 0.1446
            Episode_Reward/lin_vel_z_l2: -0.0406
           Episode_Reward/ang_vel_xy_l2: -0.1942
          Episode_Reward/dof_torques_l2: -0.0571
              Episode_Reward/dof_acc_l2: -0.0812
          Episode_Reward/action_rate_l2: -0.0882
           Episode_Reward/feet_air_time: -0.0180
     Episode_Reward/flat_orientation_l2: 0.0000
          Episode_Reward/dof_pos_limits: 0.0000
              Curriculum/terrain_levels: 2.5217
     Metrics/base_velocity/error_vel_xy: 1.0904
    Metrics/base_velocity/error_vel_yaw: 0.7819
           Episode_Termination/time_out: 0.4831
       Episode_Termination/base_contact: 0.3671
--------------------------------------------------------------------------------
                         Iteration time: 20.16s
                           Time elapsed: 00:10:08
                                    ETA: 05:06:55

################################################################################
[1m                           Learning iteration 32/1000                           [0m 

                            Total steps: 3244032 
                       Steps per second: 4876 
                        Collection time: 19.674s 
                          Learning time: 0.484s 
                        Mean value loss: 0.0099
                    Mean surrogate loss: -0.0056
                      Mean entropy loss: 13.0466
                            Mean reward: -2.75
                    Mean episode length: 552.25
                        Mean action std: 0.72
    Episode_Reward/track_lin_vel_xy_exp: 0.1798
     Episode_Reward/track_ang_vel_z_exp: 0.1496
            Episode_Reward/lin_vel_z_l2: -0.0413
           Episode_Reward/ang_vel_xy_l2: -0.1928
          Episode_Reward/dof_torques_l2: -0.0604
              Episode_Reward/dof_acc_l2: -0.0851
          Episode_Reward/action_rate_l2: -0.0906
           Episode_Reward/feet_air_time: -0.0182
     Episode_Reward/flat_orientation_l2: 0.0000
          Episode_Reward/dof_pos_limits: 0.0000
              Curriculum/terrain_levels: 2.4897
     Metrics/base_velocity/error_vel_xy: 1.0687
    Metrics/base_velocity/error_vel_yaw: 0.8105
           Episode_Termination/time_out: 0.4862
       Episode_Termination/base_contact: 0.3807
--------------------------------------------------------------------------------
                         Iteration time: 20.16s
                           Time elapsed: 00:10:28
                                    ETA: 05:07:09

################################################################################
[1m                           Learning iteration 33/1000                           [0m 

                            Total steps: 3342336 
                       Steps per second: 4789 
                        Collection time: 20.042s 
                          Learning time: 0.485s 
                        Mean value loss: 0.0102
                    Mean surrogate loss: -0.0062
                      Mean entropy loss: 12.9685
                            Mean reward: -3.33
                    Mean episode length: 569.00
                        Mean action std: 0.72
    Episode_Reward/track_lin_vel_xy_exp: 0.1677
     Episode_Reward/track_ang_vel_z_exp: 0.1648
            Episode_Reward/lin_vel_z_l2: -0.0406
           Episode_Reward/ang_vel_xy_l2: -0.1982
          Episode_Reward/dof_torques_l2: -0.0643
              Episode_Reward/dof_acc_l2: -0.0865
          Episode_Reward/action_rate_l2: -0.0948
           Episode_Reward/feet_air_time: -0.0191
     Episode_Reward/flat_orientation_l2: 0.0000
          Episode_Reward/dof_pos_limits: 0.0000
              Curriculum/terrain_levels: 2.4547
     Metrics/base_velocity/error_vel_xy: 1.2206
    Metrics/base_velocity/error_vel_yaw: 0.8236
           Episode_Termination/time_out: 0.4886
       Episode_Termination/base_contact: 0.3965
--------------------------------------------------------------------------------
                         Iteration time: 20.53s
                           Time elapsed: 00:10:49
                                    ETA: 05:07:32

################################################################################
[1m                           Learning iteration 34/1000                           [0m 

                            Total steps: 3440640 
                       Steps per second: 4886 
                        Collection time: 19.635s 
                          Learning time: 0.481s 
                        Mean value loss: 0.0104
                    Mean surrogate loss: -0.0055
                      Mean entropy loss: 12.8567
                            Mean reward: -3.80
                    Mean episode length: 585.04
                        Mean action std: 0.71
    Episode_Reward/track_lin_vel_xy_exp: 0.1624
     Episode_Reward/track_ang_vel_z_exp: 0.1662
            Episode_Reward/lin_vel_z_l2: -0.0389
           Episode_Reward/ang_vel_xy_l2: -0.1967
          Episode_Reward/dof_torques_l2: -0.0623
              Episode_Reward/dof_acc_l2: -0.0860
          Episode_Reward/action_rate_l2: -0.0931
           Episode_Reward/feet_air_time: -0.0194
     Episode_Reward/flat_orientation_l2: 0.0000
          Episode_Reward/dof_pos_limits: 0.0000
              Curriculum/terrain_levels: 2.4242
     Metrics/base_velocity/error_vel_xy: 1.1717
    Metrics/base_velocity/error_vel_yaw: 0.8076
           Episode_Termination/time_out: 0.4900
       Episode_Termination/base_contact: 0.4098
--------------------------------------------------------------------------------
                         Iteration time: 20.12s
                           Time elapsed: 00:11:09
                                    ETA: 05:07:41

################################################################################
[1m                           Learning iteration 35/1000                           [0m 

                            Total steps: 3538944 
                       Steps per second: 4890 
                        Collection time: 19.619s 
                          Learning time: 0.483s 
                        Mean value loss: 0.0091
                    Mean surrogate loss: -0.0051
                      Mean entropy loss: 12.7966
                            Mean reward: -3.13
                    Mean episode length: 518.39
                        Mean action std: 0.71
    Episode_Reward/track_lin_vel_xy_exp: 0.1706
     Episode_Reward/track_ang_vel_z_exp: 0.1538
            Episode_Reward/lin_vel_z_l2: -0.0394
           Episode_Reward/ang_vel_xy_l2: -0.1843
          Episode_Reward/dof_torques_l2: -0.0571
              Episode_Reward/dof_acc_l2: -0.0817
          Episode_Reward/action_rate_l2: -0.0862
           Episode_Reward/feet_air_time: -0.0183
     Episode_Reward/flat_orientation_l2: 0.0000
          Episode_Reward/dof_pos_limits: 0.0000
              Curriculum/terrain_levels: 2.3922
     Metrics/base_velocity/error_vel_xy: 1.0753
    Metrics/base_velocity/error_vel_yaw: 0.7766
           Episode_Termination/time_out: 0.4938
       Episode_Termination/base_contact: 0.4220
--------------------------------------------------------------------------------
                         Iteration time: 20.10s
                           Time elapsed: 00:11:29
                                    ETA: 05:07:47

################################################################################
[1m                           Learning iteration 36/1000                           [0m 

                            Total steps: 3637248 
                       Steps per second: 4894 
                        Collection time: 19.595s 
                          Learning time: 0.489s 
                        Mean value loss: 0.0112
                    Mean surrogate loss: -0.0048
                      Mean entropy loss: 12.6981
                            Mean reward: -2.01
                    Mean episode length: 509.46
                        Mean action std: 0.70
    Episode_Reward/track_lin_vel_xy_exp: 0.1675
     Episode_Reward/track_ang_vel_z_exp: 0.1477
            Episode_Reward/lin_vel_z_l2: -0.0360
           Episode_Reward/ang_vel_xy_l2: -0.1666
          Episode_Reward/dof_torques_l2: -0.0537
              Episode_Reward/dof_acc_l2: -0.0742
          Episode_Reward/action_rate_l2: -0.0789
           Episode_Reward/feet_air_time: -0.0168
     Episode_Reward/flat_orientation_l2: 0.0000
          Episode_Reward/dof_pos_limits: 0.0000
              Curriculum/terrain_levels: 2.3606
     Metrics/base_velocity/error_vel_xy: 0.9309
    Metrics/base_velocity/error_vel_yaw: 0.7075
           Episode_Termination/time_out: 0.4933
       Episode_Termination/base_contact: 0.4353
--------------------------------------------------------------------------------
                         Iteration time: 20.08s
                           Time elapsed: 00:11:49
                                    ETA: 05:07:52

################################################################################
[1m                           Learning iteration 37/1000                           [0m 

                            Total steps: 3735552 
                       Steps per second: 4896 
                        Collection time: 19.596s 
                          Learning time: 0.482s 
                        Mean value loss: 0.0092
                    Mean surrogate loss: -0.0048
                      Mean entropy loss: 12.6254
                            Mean reward: -2.53
                    Mean episode length: 576.15
                        Mean action std: 0.70
    Episode_Reward/track_lin_vel_xy_exp: 0.1686
     Episode_Reward/track_ang_vel_z_exp: 0.1658
            Episode_Reward/lin_vel_z_l2: -0.0369
           Episode_Reward/ang_vel_xy_l2: -0.1871
          Episode_Reward/dof_torques_l2: -0.0608
              Episode_Reward/dof_acc_l2: -0.0839
          Episode_Reward/action_rate_l2: -0.0901
           Episode_Reward/feet_air_time: -0.0197
     Episode_Reward/flat_orientation_l2: 0.0000
          Episode_Reward/dof_pos_limits: 0.0000
              Curriculum/terrain_levels: 2.3226
     Metrics/base_velocity/error_vel_xy: 1.1080
    Metrics/base_velocity/error_vel_yaw: 0.8176
           Episode_Termination/time_out: 0.4912
       Episode_Termination/base_contact: 0.4517
--------------------------------------------------------------------------------
                         Iteration time: 20.08s
                           Time elapsed: 00:12:09
                                    ETA: 05:07:56

################################################################################
[1m                           Learning iteration 38/1000                           [0m 

                            Total steps: 3833856 
                       Steps per second: 4904 
                        Collection time: 19.556s 
                          Learning time: 0.486s 
                        Mean value loss: 0.0088
                    Mean surrogate loss: -0.0045
                      Mean entropy loss: 12.5420
                            Mean reward: -2.22
                    Mean episode length: 567.55
                        Mean action std: 0.69
    Episode_Reward/track_lin_vel_xy_exp: 0.1941
     Episode_Reward/track_ang_vel_z_exp: 0.1683
            Episode_Reward/lin_vel_z_l2: -0.0347
           Episode_Reward/ang_vel_xy_l2: -0.1748
          Episode_Reward/dof_torques_l2: -0.0595
              Episode_Reward/dof_acc_l2: -0.0802
          Episode_Reward/action_rate_l2: -0.0856
           Episode_Reward/feet_air_time: -0.0183
     Episode_Reward/flat_orientation_l2: 0.0000
          Episode_Reward/dof_pos_limits: 0.0000
              Curriculum/terrain_levels: 2.2860
     Metrics/base_velocity/error_vel_xy: 1.0542
    Metrics/base_velocity/error_vel_yaw: 0.7636
           Episode_Termination/time_out: 0.4928
       Episode_Termination/base_contact: 0.4654
--------------------------------------------------------------------------------
                         Iteration time: 20.04s
                           Time elapsed: 00:12:29
                                    ETA: 05:07:57

################################################################################
[1m                           Learning iteration 39/1000                           [0m 

                            Total steps: 3932160 
                       Steps per second: 4898 
                        Collection time: 19.584s 
                          Learning time: 0.485s 
                        Mean value loss: 0.0098
                    Mean surrogate loss: -0.0051
                      Mean entropy loss: 12.4853
                            Mean reward: -2.40
                    Mean episode length: 571.22
                        Mean action std: 0.69
    Episode_Reward/track_lin_vel_xy_exp: 0.1859
     Episode_Reward/track_ang_vel_z_exp: 0.1794
            Episode_Reward/lin_vel_z_l2: -0.0368
           Episode_Reward/ang_vel_xy_l2: -0.1888
          Episode_Reward/dof_torques_l2: -0.0652
              Episode_Reward/dof_acc_l2: -0.0916
          Episode_Reward/action_rate_l2: -0.0944
           Episode_Reward/feet_air_time: -0.0202
     Episode_Reward/flat_orientation_l2: 0.0000
          Episode_Reward/dof_pos_limits: 0.0000
              Curriculum/terrain_levels: 2.2554
     Metrics/base_velocity/error_vel_xy: 1.1769
    Metrics/base_velocity/error_vel_yaw: 0.8538
           Episode_Termination/time_out: 0.4950
       Episode_Termination/base_contact: 0.4772
--------------------------------------------------------------------------------
                         Iteration time: 20.07s
                           Time elapsed: 00:12:49
                                    ETA: 05:07:58

################################################################################
[1m                           Learning iteration 40/1000                           [0m 

                            Total steps: 4030464 
                       Steps per second: 4916 
                        Collection time: 19.513s 
                          Learning time: 0.482s 
                        Mean value loss: 0.0096
                    Mean surrogate loss: -0.0046
                      Mean entropy loss: 12.4172
                            Mean reward: -2.50
                    Mean episode length: 641.38
                        Mean action std: 0.69
    Episode_Reward/track_lin_vel_xy_exp: 0.1926
     Episode_Reward/track_ang_vel_z_exp: 0.1887
            Episode_Reward/lin_vel_z_l2: -0.0378
           Episode_Reward/ang_vel_xy_l2: -0.1926
          Episode_Reward/dof_torques_l2: -0.0676
              Episode_Reward/dof_acc_l2: -0.0918
          Episode_Reward/action_rate_l2: -0.0964
           Episode_Reward/feet_air_time: -0.0214
     Episode_Reward/flat_orientation_l2: 0.0000
          Episode_Reward/dof_pos_limits: 0.0000
              Curriculum/terrain_levels: 2.2267
     Metrics/base_velocity/error_vel_xy: 1.2822
    Metrics/base_velocity/error_vel_yaw: 0.8718
           Episode_Termination/time_out: 0.4996
       Episode_Termination/base_contact: 0.4866
--------------------------------------------------------------------------------
                         Iteration time: 20.00s
                           Time elapsed: 00:13:09
                                    ETA: 05:07:56

################################################################################
[1m                           Learning iteration 41/1000                           [0m 

                            Total steps: 4128768 
                       Steps per second: 4933 
                        Collection time: 19.439s 
                          Learning time: 0.486s 
                        Mean value loss: 0.0081
                    Mean surrogate loss: -0.0065
                      Mean entropy loss: 12.3345
                            Mean reward: -2.52
                    Mean episode length: 635.64
                        Mean action std: 0.68
    Episode_Reward/track_lin_vel_xy_exp: 0.2010
     Episode_Reward/track_ang_vel_z_exp: 0.1781
            Episode_Reward/lin_vel_z_l2: -0.0382
           Episode_Reward/ang_vel_xy_l2: -0.1890
          Episode_Reward/dof_torques_l2: -0.0660
              Episode_Reward/dof_acc_l2: -0.0900
          Episode_Reward/action_rate_l2: -0.0949
           Episode_Reward/feet_air_time: -0.0214
     Episode_Reward/flat_orientation_l2: 0.0000
          Episode_Reward/dof_pos_limits: 0.0000
              Curriculum/terrain_levels: 2.1997
     Metrics/base_velocity/error_vel_xy: 1.1257
    Metrics/base_velocity/error_vel_yaw: 0.8845
           Episode_Termination/time_out: 0.5010
       Episode_Termination/base_contact: 0.4973
--------------------------------------------------------------------------------
                         Iteration time: 19.92s
                           Time elapsed: 00:13:29
                                    ETA: 05:07:52

################################################################################
[1m                           Learning iteration 42/1000                           [0m 

                            Total steps: 4227072 
                       Steps per second: 4942 
                        Collection time: 19.400s 
                          Learning time: 0.488s 
                        Mean value loss: 0.0115
                    Mean surrogate loss: -0.0051
                      Mean entropy loss: 12.2654
                            Mean reward: -2.46
                    Mean episode length: 727.38
                        Mean action std: 0.68
    Episode_Reward/track_lin_vel_xy_exp: 0.1965
     Episode_Reward/track_ang_vel_z_exp: 0.2039
            Episode_Reward/lin_vel_z_l2: -0.0391
           Episode_Reward/ang_vel_xy_l2: -0.2035
          Episode_Reward/dof_torques_l2: -0.0721
              Episode_Reward/dof_acc_l2: -0.0969
          Episode_Reward/action_rate_l2: -0.1031
           Episode_Reward/feet_air_time: -0.0233
     Episode_Reward/flat_orientation_l2: 0.0000
          Episode_Reward/dof_pos_limits: 0.0000
              Curriculum/terrain_levels: 2.1742
     Metrics/base_velocity/error_vel_xy: 1.3383
    Metrics/base_velocity/error_vel_yaw: 0.9413
           Episode_Termination/time_out: 0.4942
       Episode_Termination/base_contact: 0.5063
--------------------------------------------------------------------------------
                         Iteration time: 19.89s
                           Time elapsed: 00:13:49
                                    ETA: 05:07:46

################################################################################
[1m                           Learning iteration 43/1000                           [0m 

                            Total steps: 4325376 
                       Steps per second: 4939 
                        Collection time: 19.418s 
                          Learning time: 0.483s 
                        Mean value loss: 0.0123
                    Mean surrogate loss: -0.0050
                      Mean entropy loss: 12.2008
                            Mean reward: -1.42
                    Mean episode length: 678.72
                        Mean action std: 0.68
    Episode_Reward/track_lin_vel_xy_exp: 0.2291
     Episode_Reward/track_ang_vel_z_exp: 0.2061
            Episode_Reward/lin_vel_z_l2: -0.0377
           Episode_Reward/ang_vel_xy_l2: -0.1942
          Episode_Reward/dof_torques_l2: -0.0670
              Episode_Reward/dof_acc_l2: -0.0964
          Episode_Reward/action_rate_l2: -0.0985
           Episode_Reward/feet_air_time: -0.0228
     Episode_Reward/flat_orientation_l2: 0.0000
          Episode_Reward/dof_pos_limits: 0.0000
              Curriculum/terrain_levels: 2.1504
     Metrics/base_velocity/error_vel_xy: 1.2756
    Metrics/base_velocity/error_vel_yaw: 0.8870
           Episode_Termination/time_out: 0.4854
       Episode_Termination/base_contact: 0.5151
--------------------------------------------------------------------------------
                         Iteration time: 19.90s
                           Time elapsed: 00:14:09
                                    ETA: 05:07:40

################################################################################
[1m                           Learning iteration 44/1000                           [0m 

                            Total steps: 4423680 
                       Steps per second: 4922 
                        Collection time: 19.488s 
                          Learning time: 0.485s 
                        Mean value loss: 0.0117
                    Mean surrogate loss: -0.0044
                      Mean entropy loss: 12.1746
                            Mean reward: -1.37
                    Mean episode length: 600.97
                        Mean action std: 0.68
    Episode_Reward/track_lin_vel_xy_exp: 0.1968
     Episode_Reward/track_ang_vel_z_exp: 0.1972
            Episode_Reward/lin_vel_z_l2: -0.0338
           Episode_Reward/ang_vel_xy_l2: -0.1649
          Episode_Reward/dof_torques_l2: -0.0594
              Episode_Reward/dof_acc_l2: -0.0838
          Episode_Reward/action_rate_l2: -0.0851
           Episode_Reward/feet_air_time: -0.0190
     Episode_Reward/flat_orientation_l2: 0.0000
          Episode_Reward/dof_pos_limits: 0.0000
              Curriculum/terrain_levels: 2.1255
     Metrics/base_velocity/error_vel_xy: 1.1307
    Metrics/base_velocity/error_vel_yaw: 0.7399
           Episode_Termination/time_out: 0.4777
       Episode_Termination/base_contact: 0.5228
--------------------------------------------------------------------------------
                         Iteration time: 19.97s
                           Time elapsed: 00:14:29
                                    ETA: 05:07:35

################################################################################
[1m                           Learning iteration 45/1000                           [0m 

                            Total steps: 4521984 
                       Steps per second: 4931 
                        Collection time: 19.454s 
                          Learning time: 0.480s 
                        Mean value loss: 0.0161
                    Mean surrogate loss: -0.0052
                      Mean entropy loss: 12.1376
                            Mean reward: -0.22
                    Mean episode length: 758.08
                        Mean action std: 0.67
    Episode_Reward/track_lin_vel_xy_exp: 0.2593
     Episode_Reward/track_ang_vel_z_exp: 0.2264
            Episode_Reward/lin_vel_z_l2: -0.0353
           Episode_Reward/ang_vel_xy_l2: -0.1952
          Episode_Reward/dof_torques_l2: -0.0747
              Episode_Reward/dof_acc_l2: -0.0970
          Episode_Reward/action_rate_l2: -0.1037
           Episode_Reward/feet_air_time: -0.0244
     Episode_Reward/flat_orientation_l2: 0.0000
          Episode_Reward/dof_pos_limits: 0.0000
              Curriculum/terrain_levels: 2.1034
     Metrics/base_velocity/error_vel_xy: 1.2991
    Metrics/base_velocity/error_vel_yaw: 0.9291
           Episode_Termination/time_out: 0.4741
       Episode_Termination/base_contact: 0.5264
--------------------------------------------------------------------------------
                         Iteration time: 19.93s
                           Time elapsed: 00:14:49
                                    ETA: 05:07:28

################################################################################
[1m                           Learning iteration 46/1000                           [0m 

                            Total steps: 4620288 
                       Steps per second: 4935 
                        Collection time: 19.433s 
                          Learning time: 0.483s 
                        Mean value loss: 0.0139
                    Mean surrogate loss: -0.0048
                      Mean entropy loss: 12.1043
                            Mean reward: 0.04
                    Mean episode length: 671.25
                        Mean action std: 0.67
    Episode_Reward/track_lin_vel_xy_exp: 0.2539
     Episode_Reward/track_ang_vel_z_exp: 0.2114
            Episode_Reward/lin_vel_z_l2: -0.0341
           Episode_Reward/ang_vel_xy_l2: -0.1687
          Episode_Reward/dof_torques_l2: -0.0646
              Episode_Reward/dof_acc_l2: -0.0892
          Episode_Reward/action_rate_l2: -0.0900
           Episode_Reward/feet_air_time: -0.0203
     Episode_Reward/flat_orientation_l2: 0.0000
          Episode_Reward/dof_pos_limits: 0.0000
              Curriculum/terrain_levels: 2.0773
     Metrics/base_velocity/error_vel_xy: 1.1139
    Metrics/base_velocity/error_vel_yaw: 0.8114
           Episode_Termination/time_out: 0.4708
       Episode_Termination/base_contact: 0.5296
--------------------------------------------------------------------------------
                         Iteration time: 19.92s
                           Time elapsed: 00:15:09
                                    ETA: 05:07:21

################################################################################
[1m                           Learning iteration 47/1000                           [0m 

                            Total steps: 4718592 
                       Steps per second: 4947 
                        Collection time: 19.382s 
                          Learning time: 0.487s 
                        Mean value loss: 0.0135
                    Mean surrogate loss: -0.0061
                      Mean entropy loss: 12.0704
                            Mean reward: -1.16
                    Mean episode length: 718.59
                        Mean action std: 0.67
    Episode_Reward/track_lin_vel_xy_exp: 0.2016
     Episode_Reward/track_ang_vel_z_exp: 0.2055
            Episode_Reward/lin_vel_z_l2: -0.0332
           Episode_Reward/ang_vel_xy_l2: -0.1614
          Episode_Reward/dof_torques_l2: -0.0658
              Episode_Reward/dof_acc_l2: -0.0900
          Episode_Reward/action_rate_l2: -0.0896
           Episode_Reward/feet_air_time: -0.0206
     Episode_Reward/flat_orientation_l2: 0.0000
          Episode_Reward/dof_pos_limits: 0.0000
              Curriculum/terrain_levels: 2.0519
     Metrics/base_velocity/error_vel_xy: 1.2581
    Metrics/base_velocity/error_vel_yaw: 0.8391
           Episode_Termination/time_out: 0.4663
       Episode_Termination/base_contact: 0.5342
--------------------------------------------------------------------------------
                         Iteration time: 19.87s
                           Time elapsed: 00:15:29
                                    ETA: 05:07:12

################################################################################
[1m                           Learning iteration 48/1000                           [0m 

                            Total steps: 4816896 
                       Steps per second: 4963 
                        Collection time: 19.320s 
                          Learning time: 0.484s 
                        Mean value loss: 0.0142
                    Mean surrogate loss: -0.0053
                      Mean entropy loss: 12.0143
                            Mean reward: -1.12
                    Mean episode length: 670.76
                        Mean action std: 0.67
    Episode_Reward/track_lin_vel_xy_exp: 0.1829
     Episode_Reward/track_ang_vel_z_exp: 0.2063
            Episode_Reward/lin_vel_z_l2: -0.0330
           Episode_Reward/ang_vel_xy_l2: -0.1524
          Episode_Reward/dof_torques_l2: -0.0643
              Episode_Reward/dof_acc_l2: -0.0873
          Episode_Reward/action_rate_l2: -0.0859
           Episode_Reward/feet_air_time: -0.0197
     Episode_Reward/flat_orientation_l2: 0.0000
          Episode_Reward/dof_pos_limits: 0.0000
              Curriculum/terrain_levels: 2.0234
     Metrics/base_velocity/error_vel_xy: 1.3002
    Metrics/base_velocity/error_vel_yaw: 0.8054
           Episode_Termination/time_out: 0.4613
       Episode_Termination/base_contact: 0.5392
--------------------------------------------------------------------------------
                         Iteration time: 19.80s
                           Time elapsed: 00:15:49
                                    ETA: 05:07:01

################################################################################
[1m                           Learning iteration 49/1000                           [0m 

                            Total steps: 4915200 
                       Steps per second: 4974 
                        Collection time: 19.280s 
                          Learning time: 0.482s 
                        Mean value loss: 0.0201
                    Mean surrogate loss: -0.0043
                      Mean entropy loss: 11.9867
                            Mean reward: -0.49
                    Mean episode length: 699.39
                        Mean action std: 0.67
    Episode_Reward/track_lin_vel_xy_exp: 0.2414
     Episode_Reward/track_ang_vel_z_exp: 0.2168
            Episode_Reward/lin_vel_z_l2: -0.0325
           Episode_Reward/ang_vel_xy_l2: -0.1561
          Episode_Reward/dof_torques_l2: -0.0669
              Episode_Reward/dof_acc_l2: -0.0927
          Episode_Reward/action_rate_l2: -0.0900
           Episode_Reward/feet_air_time: -0.0207
     Episode_Reward/flat_orientation_l2: 0.0000
          Episode_Reward/dof_pos_limits: 0.0000
              Curriculum/terrain_levels: 1.9925
     Metrics/base_velocity/error_vel_xy: 1.2732
    Metrics/base_velocity/error_vel_yaw: 0.8510
           Episode_Termination/time_out: 0.4567
       Episode_Termination/base_contact: 0.5438
--------------------------------------------------------------------------------
                         Iteration time: 19.76s
                           Time elapsed: 00:16:08
                                    ETA: 05:06:49

################################################################################
[1m                           Learning iteration 50/1000                           [0m 

                            Total steps: 5013504 
                       Steps per second: 4980 
                        Collection time: 19.256s 
                          Learning time: 0.481s 
                        Mean value loss: 0.0149
                    Mean surrogate loss: -0.0036
                      Mean entropy loss: 11.9417
                            Mean reward: -0.73
                    Mean episode length: 670.27
                        Mean action std: 0.66
    Episode_Reward/track_lin_vel_xy_exp: 0.2013
     Episode_Reward/track_ang_vel_z_exp: 0.2162
            Episode_Reward/lin_vel_z_l2: -0.0324
           Episode_Reward/ang_vel_xy_l2: -0.1517
          Episode_Reward/dof_torques_l2: -0.0661
              Episode_Reward/dof_acc_l2: -0.0902
          Episode_Reward/action_rate_l2: -0.0879
           Episode_Reward/feet_air_time: -0.0207
     Episode_Reward/flat_orientation_l2: 0.0000
          Episode_Reward/dof_pos_limits: 0.0000
              Curriculum/terrain_levels: 1.9561
     Metrics/base_velocity/error_vel_xy: 1.3121
    Metrics/base_velocity/error_vel_yaw: 0.8291
           Episode_Termination/time_out: 0.4524
       Episode_Termination/base_contact: 0.5481
--------------------------------------------------------------------------------
                         Iteration time: 19.74s
                           Time elapsed: 00:16:28
                                    ETA: 05:06:36

################################################################################
[1m                           Learning iteration 51/1000                           [0m 

                            Total steps: 5111808 
                       Steps per second: 4988 
                        Collection time: 19.222s 
                          Learning time: 0.482s 
                        Mean value loss: 0.0140
                    Mean surrogate loss: -0.0047
                      Mean entropy loss: 11.9373
                            Mean reward: 0.20
                    Mean episode length: 629.55
                        Mean action std: 0.66
    Episode_Reward/track_lin_vel_xy_exp: 0.2123
     Episode_Reward/track_ang_vel_z_exp: 0.2112
            Episode_Reward/lin_vel_z_l2: -0.0313
           Episode_Reward/ang_vel_xy_l2: -0.1414
          Episode_Reward/dof_torques_l2: -0.0658
              Episode_Reward/dof_acc_l2: -0.0906
          Episode_Reward/action_rate_l2: -0.0850
           Episode_Reward/feet_air_time: -0.0198
     Episode_Reward/flat_orientation_l2: 0.0000
          Episode_Reward/dof_pos_limits: 0.0000
              Curriculum/terrain_levels: 1.9206
     Metrics/base_velocity/error_vel_xy: 1.2787
    Metrics/base_velocity/error_vel_yaw: 0.8263
           Episode_Termination/time_out: 0.4473
       Episode_Termination/base_contact: 0.5531
--------------------------------------------------------------------------------
                         Iteration time: 19.70s
                           Time elapsed: 00:16:48
                                    ETA: 05:06:23

################################################################################
[1m                           Learning iteration 52/1000                           [0m 

                            Total steps: 5210112 
                       Steps per second: 4982 
                        Collection time: 19.236s 
                          Learning time: 0.494s 
                        Mean value loss: 0.0127
                    Mean surrogate loss: -0.0043
                      Mean entropy loss: 11.9159
                            Mean reward: 0.65
                    Mean episode length: 675.00
                        Mean action std: 0.66
    Episode_Reward/track_lin_vel_xy_exp: 0.2195
     Episode_Reward/track_ang_vel_z_exp: 0.2147
            Episode_Reward/lin_vel_z_l2: -0.0310
           Episode_Reward/ang_vel_xy_l2: -0.1362
          Episode_Reward/dof_torques_l2: -0.0632
              Episode_Reward/dof_acc_l2: -0.0883
          Episode_Reward/action_rate_l2: -0.0816
           Episode_Reward/feet_air_time: -0.0187
     Episode_Reward/flat_orientation_l2: 0.0000
          Episode_Reward/dof_pos_limits: 0.0000
              Curriculum/terrain_levels: 1.8867
     Metrics/base_velocity/error_vel_xy: 1.1906
    Metrics/base_velocity/error_vel_yaw: 0.7740
           Episode_Termination/time_out: 0.4403
       Episode_Termination/base_contact: 0.5602
--------------------------------------------------------------------------------
                         Iteration time: 19.73s
                           Time elapsed: 00:17:08
                                    ETA: 05:06:09

################################################################################
[1m                           Learning iteration 53/1000                           [0m 

                            Total steps: 5308416 
                       Steps per second: 4982 
                        Collection time: 19.251s 
                          Learning time: 0.480s 
                        Mean value loss: 0.0124
                    Mean surrogate loss: -0.0051
                      Mean entropy loss: 11.8815
                            Mean reward: 0.62
                    Mean episode length: 636.77
                        Mean action std: 0.66
    Episode_Reward/track_lin_vel_xy_exp: 0.2215
     Episode_Reward/track_ang_vel_z_exp: 0.2234
            Episode_Reward/lin_vel_z_l2: -0.0308
           Episode_Reward/ang_vel_xy_l2: -0.1319
          Episode_Reward/dof_torques_l2: -0.0606
              Episode_Reward/dof_acc_l2: -0.0872
          Episode_Reward/action_rate_l2: -0.0795
           Episode_Reward/feet_air_time: -0.0188
     Episode_Reward/flat_orientation_l2: 0.0000
          Episode_Reward/dof_pos_limits: 0.0000
              Curriculum/terrain_levels: 1.8586
     Metrics/base_velocity/error_vel_xy: 1.1408
    Metrics/base_velocity/error_vel_yaw: 0.7226
           Episode_Termination/time_out: 0.4361
       Episode_Termination/base_contact: 0.5644
--------------------------------------------------------------------------------
                         Iteration time: 19.73s
                           Time elapsed: 00:17:27
                                    ETA: 05:05:56

################################################################################
[1m                           Learning iteration 54/1000                           [0m 

                            Total steps: 5406720 
                       Steps per second: 4982 
                        Collection time: 19.245s 
                          Learning time: 0.486s 
                        Mean value loss: 0.0117
                    Mean surrogate loss: -0.0046
                      Mean entropy loss: 11.8342
                            Mean reward: 0.78
                    Mean episode length: 673.62
                        Mean action std: 0.66
    Episode_Reward/track_lin_vel_xy_exp: 0.2279
     Episode_Reward/track_ang_vel_z_exp: 0.2230
            Episode_Reward/lin_vel_z_l2: -0.0303
           Episode_Reward/ang_vel_xy_l2: -0.1374
          Episode_Reward/dof_torques_l2: -0.0645
              Episode_Reward/dof_acc_l2: -0.0874
          Episode_Reward/action_rate_l2: -0.0831
           Episode_Reward/feet_air_time: -0.0199
     Episode_Reward/flat_orientation_l2: 0.0000
          Episode_Reward/dof_pos_limits: 0.0000
              Curriculum/terrain_levels: 1.8359
     Metrics/base_velocity/error_vel_xy: 1.2246
    Metrics/base_velocity/error_vel_yaw: 0.7815
           Episode_Termination/time_out: 0.4311
       Episode_Termination/base_contact: 0.5694
--------------------------------------------------------------------------------
                         Iteration time: 19.73s
                           Time elapsed: 00:17:47
                                    ETA: 05:05:42

################################################################################
[1m                           Learning iteration 55/1000                           [0m 

                            Total steps: 5505024 
                       Steps per second: 4984 
                        Collection time: 19.241s 
                          Learning time: 0.482s 
                        Mean value loss: 0.0127
                    Mean surrogate loss: -0.0042
                      Mean entropy loss: 11.7877
                            Mean reward: 0.67
                    Mean episode length: 665.09
                        Mean action std: 0.66
    Episode_Reward/track_lin_vel_xy_exp: 0.2550
     Episode_Reward/track_ang_vel_z_exp: 0.2253
            Episode_Reward/lin_vel_z_l2: -0.0309
           Episode_Reward/ang_vel_xy_l2: -0.1361
          Episode_Reward/dof_torques_l2: -0.0646
              Episode_Reward/dof_acc_l2: -0.0820
          Episode_Reward/action_rate_l2: -0.0809
           Episode_Reward/feet_air_time: -0.0189
     Episode_Reward/flat_orientation_l2: 0.0000
          Episode_Reward/dof_pos_limits: 0.0000
              Curriculum/terrain_levels: 1.8106
     Metrics/base_velocity/error_vel_xy: 1.1219
    Metrics/base_velocity/error_vel_yaw: 0.7728
           Episode_Termination/time_out: 0.4272
       Episode_Termination/base_contact: 0.5733
--------------------------------------------------------------------------------
                         Iteration time: 19.72s
                           Time elapsed: 00:18:07
                                    ETA: 05:05:28

################################################################################
[1m                           Learning iteration 56/1000                           [0m 

                            Total steps: 5603328 
                       Steps per second: 4985 
                        Collection time: 19.235s 
                          Learning time: 0.482s 
                        Mean value loss: 0.0152
                    Mean surrogate loss: -0.0051
                      Mean entropy loss: 11.7680
                            Mean reward: 0.97
                    Mean episode length: 648.96
                        Mean action std: 0.66
    Episode_Reward/track_lin_vel_xy_exp: 0.2236
     Episode_Reward/track_ang_vel_z_exp: 0.2224
            Episode_Reward/lin_vel_z_l2: -0.0296
           Episode_Reward/ang_vel_xy_l2: -0.1294
          Episode_Reward/dof_torques_l2: -0.0649
              Episode_Reward/dof_acc_l2: -0.0798
          Episode_Reward/action_rate_l2: -0.0794
           Episode_Reward/feet_air_time: -0.0190
     Episode_Reward/flat_orientation_l2: 0.0000
          Episode_Reward/dof_pos_limits: 0.0000
              Curriculum/terrain_levels: 1.7862
     Metrics/base_velocity/error_vel_xy: 1.1975
    Metrics/base_velocity/error_vel_yaw: 0.7725
           Episode_Termination/time_out: 0.4234
       Episode_Termination/base_contact: 0.5771
--------------------------------------------------------------------------------
                         Iteration time: 19.72s
                           Time elapsed: 00:18:26
                                    ETA: 05:05:13

################################################################################
[1m                           Learning iteration 57/1000                           [0m 

                            Total steps: 5701632 
                       Steps per second: 4984 
                        Collection time: 19.237s 
                          Learning time: 0.484s 
                        Mean value loss: 0.0142
                    Mean surrogate loss: -0.0048
                      Mean entropy loss: 11.7601
                            Mean reward: 0.47
                    Mean episode length: 628.41
                        Mean action std: 0.66
    Episode_Reward/track_lin_vel_xy_exp: 0.2004
     Episode_Reward/track_ang_vel_z_exp: 0.2143
            Episode_Reward/lin_vel_z_l2: -0.0293
           Episode_Reward/ang_vel_xy_l2: -0.1189
          Episode_Reward/dof_torques_l2: -0.0579
              Episode_Reward/dof_acc_l2: -0.0775
          Episode_Reward/action_rate_l2: -0.0729
           Episode_Reward/feet_air_time: -0.0175
     Episode_Reward/flat_orientation_l2: 0.0000
          Episode_Reward/dof_pos_limits: 0.0000
              Curriculum/terrain_levels: 1.7628
     Metrics/base_velocity/error_vel_xy: 1.1279
    Metrics/base_velocity/error_vel_yaw: 0.6897
           Episode_Termination/time_out: 0.4215
       Episode_Termination/base_contact: 0.5788
--------------------------------------------------------------------------------
                         Iteration time: 19.72s
                           Time elapsed: 00:18:46
                                    ETA: 05:04:59

################################################################################
[1m                           Learning iteration 58/1000                           [0m 

                            Total steps: 5799936 
                       Steps per second: 4973 
                        Collection time: 19.283s 
                          Learning time: 0.484s 
                        Mean value loss: 0.0148
                    Mean surrogate loss: -0.0050
                      Mean entropy loss: 11.7410
                            Mean reward: 2.07
                    Mean episode length: 651.00
                        Mean action std: 0.65
    Episode_Reward/track_lin_vel_xy_exp: 0.2537
     Episode_Reward/track_ang_vel_z_exp: 0.2426
            Episode_Reward/lin_vel_z_l2: -0.0282
           Episode_Reward/ang_vel_xy_l2: -0.1229
          Episode_Reward/dof_torques_l2: -0.0617
              Episode_Reward/dof_acc_l2: -0.0761
          Episode_Reward/action_rate_l2: -0.0758
           Episode_Reward/feet_air_time: -0.0175
     Episode_Reward/flat_orientation_l2: 0.0000
          Episode_Reward/dof_pos_limits: 0.0000
              Curriculum/terrain_levels: 1.7386
     Metrics/base_velocity/error_vel_xy: 1.1153
    Metrics/base_velocity/error_vel_yaw: 0.6592
           Episode_Termination/time_out: 0.4182
       Episode_Termination/base_contact: 0.5821
--------------------------------------------------------------------------------
                         Iteration time: 19.77s
                           Time elapsed: 00:19:06
                                    ETA: 05:04:45

################################################################################
[1m                           Learning iteration 59/1000                           [0m 

                            Total steps: 5898240 
                       Steps per second: 4972 
                        Collection time: 19.288s 
                          Learning time: 0.483s 
                        Mean value loss: 0.0106
                    Mean surrogate loss: -0.0057
                      Mean entropy loss: 11.6964
                            Mean reward: 0.93
                    Mean episode length: 618.99
                        Mean action std: 0.65
    Episode_Reward/track_lin_vel_xy_exp: 0.2310
     Episode_Reward/track_ang_vel_z_exp: 0.2193
            Episode_Reward/lin_vel_z_l2: -0.0274
           Episode_Reward/ang_vel_xy_l2: -0.1100
          Episode_Reward/dof_torques_l2: -0.0586
              Episode_Reward/dof_acc_l2: -0.0827
          Episode_Reward/action_rate_l2: -0.0720
           Episode_Reward/feet_air_time: -0.0173
     Episode_Reward/flat_orientation_l2: 0.0000
          Episode_Reward/dof_pos_limits: 0.0000
              Curriculum/terrain_levels: 1.7145
     Metrics/base_velocity/error_vel_xy: 1.0619
    Metrics/base_velocity/error_vel_yaw: 0.6856
           Episode_Termination/time_out: 0.4150
       Episode_Termination/base_contact: 0.5853
--------------------------------------------------------------------------------
                         Iteration time: 19.77s
                           Time elapsed: 00:19:26
                                    ETA: 05:04:31

################################################################################
[1m                           Learning iteration 60/1000                           [0m 

                            Total steps: 5996544 
                       Steps per second: 4962 
                        Collection time: 19.325s 
                          Learning time: 0.486s 
                        Mean value loss: 0.0154
                    Mean surrogate loss: -0.0048
                      Mean entropy loss: 11.6808
                            Mean reward: 2.05
                    Mean episode length: 691.57
                        Mean action std: 0.65
    Episode_Reward/track_lin_vel_xy_exp: 0.2351
     Episode_Reward/track_ang_vel_z_exp: 0.2544
            Episode_Reward/lin_vel_z_l2: -0.0286
           Episode_Reward/ang_vel_xy_l2: -0.1213
          Episode_Reward/dof_torques_l2: -0.0620
              Episode_Reward/dof_acc_l2: -0.0850
          Episode_Reward/action_rate_l2: -0.0779
           Episode_Reward/feet_air_time: -0.0192
     Episode_Reward/flat_orientation_l2: 0.0000
          Episode_Reward/dof_pos_limits: 0.0000
              Curriculum/terrain_levels: 1.6919
     Metrics/base_velocity/error_vel_xy: 1.1774
    Metrics/base_velocity/error_vel_yaw: 0.6948
           Episode_Termination/time_out: 0.4131
       Episode_Termination/base_contact: 0.5873
--------------------------------------------------------------------------------
                         Iteration time: 19.81s
                           Time elapsed: 00:19:46
                                    ETA: 05:04:17

################################################################################
[1m                           Learning iteration 61/1000                           [0m 

                            Total steps: 6094848 
                       Steps per second: 4957 
                        Collection time: 19.340s 
                          Learning time: 0.487s 
                        Mean value loss: 0.0107
                    Mean surrogate loss: -0.0045
                      Mean entropy loss: 11.6605
                            Mean reward: 1.98
                    Mean episode length: 674.24
                        Mean action std: 0.65
    Episode_Reward/track_lin_vel_xy_exp: 0.2466
     Episode_Reward/track_ang_vel_z_exp: 0.2397
            Episode_Reward/lin_vel_z_l2: -0.0274
           Episode_Reward/ang_vel_xy_l2: -0.1191
          Episode_Reward/dof_torques_l2: -0.0619
              Episode_Reward/dof_acc_l2: -0.0837
          Episode_Reward/action_rate_l2: -0.0763
           Episode_Reward/feet_air_time: -0.0189
     Episode_Reward/flat_orientation_l2: 0.0000
          Episode_Reward/dof_pos_limits: 0.0000
              Curriculum/terrain_levels: 1.6704
     Metrics/base_velocity/error_vel_xy: 1.1465
    Metrics/base_velocity/error_vel_yaw: 0.7166
           Episode_Termination/time_out: 0.4135
       Episode_Termination/base_contact: 0.5870
--------------------------------------------------------------------------------
                         Iteration time: 19.83s
                           Time elapsed: 00:20:05
                                    ETA: 05:04:03

################################################################################
[1m                           Learning iteration 62/1000                           [0m 

                            Total steps: 6193152 
                       Steps per second: 4795 
                        Collection time: 20.019s 
                          Learning time: 0.483s 
                        Mean value loss: 0.0120
                    Mean surrogate loss: -0.0048
                      Mean entropy loss: 11.6432
                            Mean reward: 2.04
                    Mean episode length: 688.36
                        Mean action std: 0.65
    Episode_Reward/track_lin_vel_xy_exp: 0.2329
     Episode_Reward/track_ang_vel_z_exp: 0.2396
            Episode_Reward/lin_vel_z_l2: -0.0279
           Episode_Reward/ang_vel_xy_l2: -0.1105
          Episode_Reward/dof_torques_l2: -0.0634
              Episode_Reward/dof_acc_l2: -0.0859
          Episode_Reward/action_rate_l2: -0.0751
           Episode_Reward/feet_air_time: -0.0183
     Episode_Reward/flat_orientation_l2: 0.0000
          Episode_Reward/dof_pos_limits: 0.0000
              Curriculum/terrain_levels: 1.6516
     Metrics/base_velocity/error_vel_xy: 1.1510
    Metrics/base_velocity/error_vel_yaw: 0.7249
           Episode_Termination/time_out: 0.4112
       Episode_Termination/base_contact: 0.5891
--------------------------------------------------------------------------------
                         Iteration time: 20.50s
                           Time elapsed: 00:20:26
                                    ETA: 05:04:00

################################################################################
[1m                           Learning iteration 63/1000                           [0m 

                            Total steps: 6291456 
                       Steps per second: 4973 
                        Collection time: 19.283s 
                          Learning time: 0.484s 
                        Mean value loss: 0.0107
                    Mean surrogate loss: -0.0052
                      Mean entropy loss: 11.5942
                            Mean reward: 1.94
                    Mean episode length: 690.03
                        Mean action std: 0.65
    Episode_Reward/track_lin_vel_xy_exp: 0.2506
     Episode_Reward/track_ang_vel_z_exp: 0.2413
            Episode_Reward/lin_vel_z_l2: -0.0273
           Episode_Reward/ang_vel_xy_l2: -0.1125
          Episode_Reward/dof_torques_l2: -0.0599
              Episode_Reward/dof_acc_l2: -0.0814
          Episode_Reward/action_rate_l2: -0.0737
           Episode_Reward/feet_air_time: -0.0181
     Episode_Reward/flat_orientation_l2: 0.0000
          Episode_Reward/dof_pos_limits: 0.0000
              Curriculum/terrain_levels: 1.6291
     Metrics/base_velocity/error_vel_xy: 1.0859
    Metrics/base_velocity/error_vel_yaw: 0.6888
           Episode_Termination/time_out: 0.4087
       Episode_Termination/base_contact: 0.5915
--------------------------------------------------------------------------------
                         Iteration time: 19.77s
                           Time elapsed: 00:20:46
                                    ETA: 05:03:44

################################################################################
[1m                           Learning iteration 64/1000                           [0m 

                            Total steps: 6389760 
                       Steps per second: 4974 
                        Collection time: 19.279s 
                          Learning time: 0.481s 
                        Mean value loss: 0.0114
                    Mean surrogate loss: -0.0047
                      Mean entropy loss: 11.5438
                            Mean reward: 1.68
                    Mean episode length: 661.47
                        Mean action std: 0.64
    Episode_Reward/track_lin_vel_xy_exp: 0.2349
     Episode_Reward/track_ang_vel_z_exp: 0.2413
            Episode_Reward/lin_vel_z_l2: -0.0274
           Episode_Reward/ang_vel_xy_l2: -0.1071
          Episode_Reward/dof_torques_l2: -0.0599
              Episode_Reward/dof_acc_l2: -0.0849
          Episode_Reward/action_rate_l2: -0.0727
           Episode_Reward/feet_air_time: -0.0169
     Episode_Reward/flat_orientation_l2: 0.0000
          Episode_Reward/dof_pos_limits: 0.0000
              Curriculum/terrain_levels: 1.6101
     Metrics/base_velocity/error_vel_xy: 1.1418
    Metrics/base_velocity/error_vel_yaw: 0.6915
           Episode_Termination/time_out: 0.4055
       Episode_Termination/base_contact: 0.5948
--------------------------------------------------------------------------------
                         Iteration time: 19.76s
                           Time elapsed: 00:21:05
                                    ETA: 05:03:29

################################################################################
[1m                           Learning iteration 65/1000                           [0m 

                            Total steps: 6488064 
                       Steps per second: 4955 
                        Collection time: 19.356s 
                          Learning time: 0.481s 
                        Mean value loss: 0.0123
                    Mean surrogate loss: -0.0046
                      Mean entropy loss: 11.5013
                            Mean reward: 2.90
                    Mean episode length: 653.16
                        Mean action std: 0.64
    Episode_Reward/track_lin_vel_xy_exp: 0.2388
     Episode_Reward/track_ang_vel_z_exp: 0.2488
            Episode_Reward/lin_vel_z_l2: -0.0267
           Episode_Reward/ang_vel_xy_l2: -0.1026
          Episode_Reward/dof_torques_l2: -0.0577
              Episode_Reward/dof_acc_l2: -0.0780
          Episode_Reward/action_rate_l2: -0.0691
           Episode_Reward/feet_air_time: -0.0169
     Episode_Reward/flat_orientation_l2: 0.0000
          Episode_Reward/dof_pos_limits: 0.0000
              Curriculum/terrain_levels: 1.5894
     Metrics/base_velocity/error_vel_xy: 1.0780
    Metrics/base_velocity/error_vel_yaw: 0.6140
           Episode_Termination/time_out: 0.4035
       Episode_Termination/base_contact: 0.5967
--------------------------------------------------------------------------------
                         Iteration time: 19.84s
                           Time elapsed: 00:21:25
                                    ETA: 05:03:15

################################################################################
[1m                           Learning iteration 66/1000                           [0m 

                            Total steps: 6586368 
                       Steps per second: 4941 
                        Collection time: 19.405s 
                          Learning time: 0.490s 
                        Mean value loss: 0.0127
                    Mean surrogate loss: -0.0052
                      Mean entropy loss: 11.4707
                            Mean reward: 3.25
                    Mean episode length: 672.72
                        Mean action std: 0.64
    Episode_Reward/track_lin_vel_xy_exp: 0.2584
     Episode_Reward/track_ang_vel_z_exp: 0.2783
            Episode_Reward/lin_vel_z_l2: -0.0264
           Episode_Reward/ang_vel_xy_l2: -0.1104
          Episode_Reward/dof_torques_l2: -0.0653
              Episode_Reward/dof_acc_l2: -0.0858
          Episode_Reward/action_rate_l2: -0.0777
           Episode_Reward/feet_air_time: -0.0186
     Episode_Reward/flat_orientation_l2: 0.0000
          Episode_Reward/dof_pos_limits: 0.0000
              Curriculum/terrain_levels: 1.5660
     Metrics/base_velocity/error_vel_xy: 1.2496
    Metrics/base_velocity/error_vel_yaw: 0.6923
           Episode_Termination/time_out: 0.4052
       Episode_Termination/base_contact: 0.5948
--------------------------------------------------------------------------------
                         Iteration time: 19.90s
                           Time elapsed: 00:21:45
                                    ETA: 05:03:01

################################################################################
[1m                           Learning iteration 67/1000                           [0m 

                            Total steps: 6684672 
                       Steps per second: 4936 
                        Collection time: 19.428s 
                          Learning time: 0.485s 
                        Mean value loss: 0.0172
                    Mean surrogate loss: -0.0050
                      Mean entropy loss: 11.4521
                            Mean reward: 3.68
                    Mean episode length: 667.15
                        Mean action std: 0.64
    Episode_Reward/track_lin_vel_xy_exp: 0.3081
     Episode_Reward/track_ang_vel_z_exp: 0.2857
            Episode_Reward/lin_vel_z_l2: -0.0263
           Episode_Reward/ang_vel_xy_l2: -0.1104
          Episode_Reward/dof_torques_l2: -0.0640
              Episode_Reward/dof_acc_l2: -0.0901
          Episode_Reward/action_rate_l2: -0.0779
           Episode_Reward/feet_air_time: -0.0185
     Episode_Reward/flat_orientation_l2: 0.0000
          Episode_Reward/dof_pos_limits: 0.0000
              Curriculum/terrain_levels: 1.5399
     Metrics/base_velocity/error_vel_xy: 1.1524
    Metrics/base_velocity/error_vel_yaw: 0.6848
           Episode_Termination/time_out: 0.4060
       Episode_Termination/base_contact: 0.5940
--------------------------------------------------------------------------------
                         Iteration time: 19.91s
                           Time elapsed: 00:22:05
                                    ETA: 05:02:47

################################################################################
[1m                           Learning iteration 68/1000                           [0m 

                            Total steps: 6782976 
                       Steps per second: 4928 
                        Collection time: 19.462s 
                          Learning time: 0.484s 
                        Mean value loss: 0.0134
                    Mean surrogate loss: -0.0052
                      Mean entropy loss: 11.4373
                            Mean reward: 3.10
                    Mean episode length: 725.03
                        Mean action std: 0.64
    Episode_Reward/track_lin_vel_xy_exp: 0.2467
     Episode_Reward/track_ang_vel_z_exp: 0.2848
            Episode_Reward/lin_vel_z_l2: -0.0263
           Episode_Reward/ang_vel_xy_l2: -0.1095
          Episode_Reward/dof_torques_l2: -0.0620
              Episode_Reward/dof_acc_l2: -0.0872
          Episode_Reward/action_rate_l2: -0.0764
           Episode_Reward/feet_air_time: -0.0192
     Episode_Reward/flat_orientation_l2: 0.0000
          Episode_Reward/dof_pos_limits: 0.0000
              Curriculum/terrain_levels: 1.5138
     Metrics/base_velocity/error_vel_xy: 1.2379
    Metrics/base_velocity/error_vel_yaw: 0.6710
           Episode_Termination/time_out: 0.4085
       Episode_Termination/base_contact: 0.5915
--------------------------------------------------------------------------------
                         Iteration time: 19.95s
                           Time elapsed: 00:22:25
                                    ETA: 05:02:34

################################################################################
[1m                           Learning iteration 69/1000                           [0m 

                            Total steps: 6881280 
                       Steps per second: 4918 
                        Collection time: 19.504s 
                          Learning time: 0.482s 
                        Mean value loss: 0.0155
                    Mean surrogate loss: -0.0050
                      Mean entropy loss: 11.4075
                            Mean reward: 3.76
                    Mean episode length: 740.33
                        Mean action std: 0.64
    Episode_Reward/track_lin_vel_xy_exp: 0.3048
     Episode_Reward/track_ang_vel_z_exp: 0.2914
            Episode_Reward/lin_vel_z_l2: -0.0260
           Episode_Reward/ang_vel_xy_l2: -0.1142
          Episode_Reward/dof_torques_l2: -0.0695
              Episode_Reward/dof_acc_l2: -0.0898
          Episode_Reward/action_rate_l2: -0.0818
           Episode_Reward/feet_air_time: -0.0207
     Episode_Reward/flat_orientation_l2: 0.0000
          Episode_Reward/dof_pos_limits: 0.0000
              Curriculum/terrain_levels: 1.4904
     Metrics/base_velocity/error_vel_xy: 1.1980
    Metrics/base_velocity/error_vel_yaw: 0.7715
           Episode_Termination/time_out: 0.4136
       Episode_Termination/base_contact: 0.5864
--------------------------------------------------------------------------------
                         Iteration time: 19.99s
                           Time elapsed: 00:22:45
                                    ETA: 05:02:21

################################################################################
[1m                           Learning iteration 70/1000                           [0m 

                            Total steps: 6979584 
                       Steps per second: 4919 
                        Collection time: 19.496s 
                          Learning time: 0.486s 
                        Mean value loss: 0.0175
                    Mean surrogate loss: -0.0049
                      Mean entropy loss: 11.4053
                            Mean reward: 4.13
                    Mean episode length: 736.71
                        Mean action std: 0.64
    Episode_Reward/track_lin_vel_xy_exp: 0.2838
     Episode_Reward/track_ang_vel_z_exp: 0.3047
            Episode_Reward/lin_vel_z_l2: -0.0265
           Episode_Reward/ang_vel_xy_l2: -0.1115
          Episode_Reward/dof_torques_l2: -0.0681
              Episode_Reward/dof_acc_l2: -0.0857
          Episode_Reward/action_rate_l2: -0.0797
           Episode_Reward/feet_air_time: -0.0207
     Episode_Reward/flat_orientation_l2: 0.0000
          Episode_Reward/dof_pos_limits: 0.0000
              Curriculum/terrain_levels: 1.4666
     Metrics/base_velocity/error_vel_xy: 1.1651
    Metrics/base_velocity/error_vel_yaw: 0.6944
           Episode_Termination/time_out: 0.4196
       Episode_Termination/base_contact: 0.5804
--------------------------------------------------------------------------------
                         Iteration time: 19.98s
                           Time elapsed: 00:23:05
                                    ETA: 05:02:08

################################################################################
[1m                           Learning iteration 71/1000                           [0m 

                            Total steps: 7077888 
                       Steps per second: 4909 
                        Collection time: 19.535s 
                          Learning time: 0.487s 
                        Mean value loss: 0.0118
                    Mean surrogate loss: -0.0037
                      Mean entropy loss: 11.4035
                            Mean reward: 3.85
                    Mean episode length: 714.54
                        Mean action std: 0.64
    Episode_Reward/track_lin_vel_xy_exp: 0.2971
     Episode_Reward/track_ang_vel_z_exp: 0.3046
            Episode_Reward/lin_vel_z_l2: -0.0261
           Episode_Reward/ang_vel_xy_l2: -0.1112
          Episode_Reward/dof_torques_l2: -0.0643
              Episode_Reward/dof_acc_l2: -0.0884
          Episode_Reward/action_rate_l2: -0.0788
           Episode_Reward/feet_air_time: -0.0206
     Episode_Reward/flat_orientation_l2: 0.0000
          Episode_Reward/dof_pos_limits: 0.0000
              Curriculum/terrain_levels: 1.4442
     Metrics/base_velocity/error_vel_xy: 1.1778
    Metrics/base_velocity/error_vel_yaw: 0.6774
           Episode_Termination/time_out: 0.4236
       Episode_Termination/base_contact: 0.5764
--------------------------------------------------------------------------------
                         Iteration time: 20.02s
                           Time elapsed: 00:23:25
                                    ETA: 05:01:55

################################################################################
[1m                           Learning iteration 72/1000                           [0m 

                            Total steps: 7176192 
                       Steps per second: 4890 
                        Collection time: 19.608s 
                          Learning time: 0.492s 
                        Mean value loss: 0.0153
                    Mean surrogate loss: -0.0057
                      Mean entropy loss: 11.3914
                            Mean reward: 3.41
                    Mean episode length: 742.75
                        Mean action std: 0.64
    Episode_Reward/track_lin_vel_xy_exp: 0.2374
     Episode_Reward/track_ang_vel_z_exp: 0.2855
            Episode_Reward/lin_vel_z_l2: -0.0255
           Episode_Reward/ang_vel_xy_l2: -0.1021
          Episode_Reward/dof_torques_l2: -0.0631
              Episode_Reward/dof_acc_l2: -0.0876
          Episode_Reward/action_rate_l2: -0.0750
           Episode_Reward/feet_air_time: -0.0186
     Episode_Reward/flat_orientation_l2: 0.0000
          Episode_Reward/dof_pos_limits: 0.0000
              Curriculum/terrain_levels: 1.4225
     Metrics/base_velocity/error_vel_xy: 1.2714
    Metrics/base_velocity/error_vel_yaw: 0.6778
           Episode_Termination/time_out: 0.4247
       Episode_Termination/base_contact: 0.5753
--------------------------------------------------------------------------------
                         Iteration time: 20.10s
                           Time elapsed: 00:23:45
                                    ETA: 05:01:43

################################################################################
[1m                           Learning iteration 73/1000                           [0m 

                            Total steps: 7274496 
                       Steps per second: 4872 
                        Collection time: 19.692s 
                          Learning time: 0.482s 
                        Mean value loss: 0.0156
                    Mean surrogate loss: -0.0051
                      Mean entropy loss: 11.3784
                            Mean reward: 2.41
                    Mean episode length: 660.03
                        Mean action std: 0.64
    Episode_Reward/track_lin_vel_xy_exp: 0.2237
     Episode_Reward/track_ang_vel_z_exp: 0.2752
            Episode_Reward/lin_vel_z_l2: -0.0250
           Episode_Reward/ang_vel_xy_l2: -0.0942
          Episode_Reward/dof_torques_l2: -0.0595
              Episode_Reward/dof_acc_l2: -0.0814
          Episode_Reward/action_rate_l2: -0.0696
           Episode_Reward/feet_air_time: -0.0173
     Episode_Reward/flat_orientation_l2: 0.0000
          Episode_Reward/dof_pos_limits: 0.0000
              Curriculum/terrain_levels: 1.4016
     Metrics/base_velocity/error_vel_xy: 1.1775
    Metrics/base_velocity/error_vel_yaw: 0.6023
           Episode_Termination/time_out: 0.4245
       Episode_Termination/base_contact: 0.5757
--------------------------------------------------------------------------------
                         Iteration time: 20.17s
                           Time elapsed: 00:24:05
                                    ETA: 05:01:31

################################################################################
[1m                           Learning iteration 74/1000                           [0m 

                            Total steps: 7372800 
                       Steps per second: 4870 
                        Collection time: 19.702s 
                          Learning time: 0.483s 
                        Mean value loss: 0.0146
                    Mean surrogate loss: -0.0056
                      Mean entropy loss: 11.3515
                            Mean reward: 4.48
                    Mean episode length: 738.47
                        Mean action std: 0.63
    Episode_Reward/track_lin_vel_xy_exp: 0.2936
     Episode_Reward/track_ang_vel_z_exp: 0.2806
            Episode_Reward/lin_vel_z_l2: -0.0244
           Episode_Reward/ang_vel_xy_l2: -0.1018
          Episode_Reward/dof_torques_l2: -0.0628
              Episode_Reward/dof_acc_l2: -0.0801
          Episode_Reward/action_rate_l2: -0.0740
           Episode_Reward/feet_air_time: -0.0192
     Episode_Reward/flat_orientation_l2: 0.0000
          Episode_Reward/dof_pos_limits: 0.0000
              Curriculum/terrain_levels: 1.3821
     Metrics/base_velocity/error_vel_xy: 1.1158
    Metrics/base_velocity/error_vel_yaw: 0.6848
           Episode_Termination/time_out: 0.4273
       Episode_Termination/base_contact: 0.5729
--------------------------------------------------------------------------------
                         Iteration time: 20.18s
                           Time elapsed: 00:24:25
                                    ETA: 05:01:20

################################################################################
[1m                           Learning iteration 75/1000                           [0m 

                            Total steps: 7471104 
                       Steps per second: 4874 
                        Collection time: 19.681s 
                          Learning time: 0.487s 
                        Mean value loss: 0.0150
                    Mean surrogate loss: -0.0051
                      Mean entropy loss: 11.3186
                            Mean reward: 3.71
                    Mean episode length: 686.45
                        Mean action std: 0.63
    Episode_Reward/track_lin_vel_xy_exp: 0.2827
     Episode_Reward/track_ang_vel_z_exp: 0.2731
            Episode_Reward/lin_vel_z_l2: -0.0252
           Episode_Reward/ang_vel_xy_l2: -0.0966
          Episode_Reward/dof_torques_l2: -0.0601
              Episode_Reward/dof_acc_l2: -0.0849
          Episode_Reward/action_rate_l2: -0.0711
           Episode_Reward/feet_air_time: -0.0190
     Episode_Reward/flat_orientation_l2: 0.0000
          Episode_Reward/dof_pos_limits: 0.0000
              Curriculum/terrain_levels: 1.3622
     Metrics/base_velocity/error_vel_xy: 1.1600
    Metrics/base_velocity/error_vel_yaw: 0.6632
           Episode_Termination/time_out: 0.4296
       Episode_Termination/base_contact: 0.5706
--------------------------------------------------------------------------------
                         Iteration time: 20.17s
                           Time elapsed: 00:24:46
                                    ETA: 05:01:08

################################################################################
[1m                           Learning iteration 76/1000                           [0m 

                            Total steps: 7569408 
                       Steps per second: 4871 
                        Collection time: 19.695s 
                          Learning time: 0.483s 
                        Mean value loss: 0.0135
                    Mean surrogate loss: -0.0058
                      Mean entropy loss: 11.2911
                            Mean reward: 3.78
                    Mean episode length: 750.19
                        Mean action std: 0.63
    Episode_Reward/track_lin_vel_xy_exp: 0.2531
     Episode_Reward/track_ang_vel_z_exp: 0.3100
            Episode_Reward/lin_vel_z_l2: -0.0253
           Episode_Reward/ang_vel_xy_l2: -0.1055
          Episode_Reward/dof_torques_l2: -0.0648
              Episode_Reward/dof_acc_l2: -0.0871
          Episode_Reward/action_rate_l2: -0.0769
           Episode_Reward/feet_air_time: -0.0206
     Episode_Reward/flat_orientation_l2: 0.0000
          Episode_Reward/dof_pos_limits: 0.0000
              Curriculum/terrain_levels: 1.3419
     Metrics/base_velocity/error_vel_xy: 1.2238
    Metrics/base_velocity/error_vel_yaw: 0.6717
           Episode_Termination/time_out: 0.4312
       Episode_Termination/base_contact: 0.5691
--------------------------------------------------------------------------------
                         Iteration time: 20.18s
                           Time elapsed: 00:25:06
                                    ETA: 05:00:55

################################################################################
[1m                           Learning iteration 77/1000                           [0m 

                            Total steps: 7667712 
                       Steps per second: 4859 
                        Collection time: 19.745s 
                          Learning time: 0.484s 
                        Mean value loss: 0.0133
                    Mean surrogate loss: -0.0041
                      Mean entropy loss: 11.2651
                            Mean reward: 5.91
                    Mean episode length: 784.02
                        Mean action std: 0.63
    Episode_Reward/track_lin_vel_xy_exp: 0.3605
     Episode_Reward/track_ang_vel_z_exp: 0.3160
            Episode_Reward/lin_vel_z_l2: -0.0242
           Episode_Reward/ang_vel_xy_l2: -0.1048
          Episode_Reward/dof_torques_l2: -0.0627
              Episode_Reward/dof_acc_l2: -0.0854
          Episode_Reward/action_rate_l2: -0.0759
           Episode_Reward/feet_air_time: -0.0187
     Episode_Reward/flat_orientation_l2: 0.0000
          Episode_Reward/dof_pos_limits: 0.0000
              Curriculum/terrain_levels: 1.3184
     Metrics/base_velocity/error_vel_xy: 1.0942
    Metrics/base_velocity/error_vel_yaw: 0.6397
           Episode_Termination/time_out: 0.4361
       Episode_Termination/base_contact: 0.5641
--------------------------------------------------------------------------------
                         Iteration time: 20.23s
                           Time elapsed: 00:25:26
                                    ETA: 05:00:44

################################################################################
[1m                           Learning iteration 78/1000                           [0m 

                            Total steps: 7766016 
                       Steps per second: 4841 
                        Collection time: 19.822s 
                          Learning time: 0.484s 
                        Mean value loss: 0.0159
                    Mean surrogate loss: -0.0053
                      Mean entropy loss: 11.2662
                            Mean reward: 5.22
                    Mean episode length: 793.07
                        Mean action std: 0.63
    Episode_Reward/track_lin_vel_xy_exp: 0.3192
     Episode_Reward/track_ang_vel_z_exp: 0.3326
            Episode_Reward/lin_vel_z_l2: -0.0248
           Episode_Reward/ang_vel_xy_l2: -0.1115
          Episode_Reward/dof_torques_l2: -0.0709
              Episode_Reward/dof_acc_l2: -0.0894
          Episode_Reward/action_rate_l2: -0.0825
           Episode_Reward/feet_air_time: -0.0219
     Episode_Reward/flat_orientation_l2: 0.0000
          Episode_Reward/dof_pos_limits: 0.0000
              Curriculum/terrain_levels: 1.2951
     Metrics/base_velocity/error_vel_xy: 1.2415
    Metrics/base_velocity/error_vel_yaw: 0.7297
           Episode_Termination/time_out: 0.4433
       Episode_Termination/base_contact: 0.5569
--------------------------------------------------------------------------------
                         Iteration time: 20.31s
                           Time elapsed: 00:25:46
                                    ETA: 05:00:33

################################################################################
[1m                           Learning iteration 79/1000                           [0m 

                            Total steps: 7864320 
                       Steps per second: 4844 
                        Collection time: 19.805s 
                          Learning time: 0.486s 
                        Mean value loss: 0.0141
                    Mean surrogate loss: -0.0047
                      Mean entropy loss: 11.2754
                            Mean reward: 5.24
                    Mean episode length: 803.27
                        Mean action std: 0.63
    Episode_Reward/track_lin_vel_xy_exp: 0.3086
     Episode_Reward/track_ang_vel_z_exp: 0.3275
            Episode_Reward/lin_vel_z_l2: -0.0247
           Episode_Reward/ang_vel_xy_l2: -0.1093
          Episode_Reward/dof_torques_l2: -0.0688
              Episode_Reward/dof_acc_l2: -0.0929
          Episode_Reward/action_rate_l2: -0.0812
           Episode_Reward/feet_air_time: -0.0215
     Episode_Reward/flat_orientation_l2: 0.0000
          Episode_Reward/dof_pos_limits: 0.0000
              Curriculum/terrain_levels: 1.2725
     Metrics/base_velocity/error_vel_xy: 1.2734
    Metrics/base_velocity/error_vel_yaw: 0.7280
           Episode_Termination/time_out: 0.4526
       Episode_Termination/base_contact: 0.5476
--------------------------------------------------------------------------------
                         Iteration time: 20.29s
                           Time elapsed: 00:26:07
                                    ETA: 05:00:21

################################################################################
[1m                           Learning iteration 80/1000                           [0m 

                            Total steps: 7962624 
                       Steps per second: 4818 
                        Collection time: 19.902s 
                          Learning time: 0.500s 
                        Mean value loss: 0.0144
                    Mean surrogate loss: -0.0053
                      Mean entropy loss: 11.2916
                            Mean reward: 4.44
                    Mean episode length: 688.58
                        Mean action std: 0.63
    Episode_Reward/track_lin_vel_xy_exp: 0.2739
     Episode_Reward/track_ang_vel_z_exp: 0.2882
            Episode_Reward/lin_vel_z_l2: -0.0247
           Episode_Reward/ang_vel_xy_l2: -0.0985
          Episode_Reward/dof_torques_l2: -0.0616
              Episode_Reward/dof_acc_l2: -0.0775
          Episode_Reward/action_rate_l2: -0.0710
           Episode_Reward/feet_air_time: -0.0192
     Episode_Reward/flat_orientation_l2: 0.0000
          Episode_Reward/dof_pos_limits: 0.0000
              Curriculum/terrain_levels: 1.2514
     Metrics/base_velocity/error_vel_xy: 1.0768
    Metrics/base_velocity/error_vel_yaw: 0.6444
           Episode_Termination/time_out: 0.4587
       Episode_Termination/base_contact: 0.5416
--------------------------------------------------------------------------------
                         Iteration time: 20.40s
                           Time elapsed: 00:26:27
                                    ETA: 05:00:11

################################################################################
[1m                           Learning iteration 81/1000                           [0m 

                            Total steps: 8060928 
                       Steps per second: 4732 
                        Collection time: 20.271s 
                          Learning time: 0.500s 
                        Mean value loss: 0.0120
                    Mean surrogate loss: -0.0055
                      Mean entropy loss: 11.2494
                            Mean reward: 4.67
                    Mean episode length: 753.22
                        Mean action std: 0.63
    Episode_Reward/track_lin_vel_xy_exp: 0.3201
     Episode_Reward/track_ang_vel_z_exp: 0.3219
            Episode_Reward/lin_vel_z_l2: -0.0243
           Episode_Reward/ang_vel_xy_l2: -0.1046
          Episode_Reward/dof_torques_l2: -0.0671
              Episode_Reward/dof_acc_l2: -0.0844
          Episode_Reward/action_rate_l2: -0.0781
           Episode_Reward/feet_air_time: -0.0218
     Episode_Reward/flat_orientation_l2: 0.0000
          Episode_Reward/dof_pos_limits: 0.0000
              Curriculum/terrain_levels: 1.2320
     Metrics/base_velocity/error_vel_xy: 1.1981
    Metrics/base_velocity/error_vel_yaw: 0.6845
           Episode_Termination/time_out: 0.4614
       Episode_Termination/base_contact: 0.5389
--------------------------------------------------------------------------------
                         Iteration time: 20.77s
                           Time elapsed: 00:26:48
                                    ETA: 05:00:05

################################################################################
[1m                           Learning iteration 82/1000                           [0m 

                            Total steps: 8159232 
                       Steps per second: 4672 
                        Collection time: 20.536s 
                          Learning time: 0.503s 
                        Mean value loss: 0.0123
                    Mean surrogate loss: -0.0047
                      Mean entropy loss: 11.2018
                            Mean reward: 5.41
                    Mean episode length: 755.36
                        Mean action std: 0.63
    Episode_Reward/track_lin_vel_xy_exp: 0.3268
     Episode_Reward/track_ang_vel_z_exp: 0.3137
            Episode_Reward/lin_vel_z_l2: -0.0240
           Episode_Reward/ang_vel_xy_l2: -0.1008
          Episode_Reward/dof_torques_l2: -0.0658
              Episode_Reward/dof_acc_l2: -0.0865
          Episode_Reward/action_rate_l2: -0.0772
           Episode_Reward/feet_air_time: -0.0211
     Episode_Reward/flat_orientation_l2: 0.0000
          Episode_Reward/dof_pos_limits: 0.0000
              Curriculum/terrain_levels: 1.2129
     Metrics/base_velocity/error_vel_xy: 1.1427
    Metrics/base_velocity/error_vel_yaw: 0.7021
           Episode_Termination/time_out: 0.4646
       Episode_Termination/base_contact: 0.5358
--------------------------------------------------------------------------------
                         Iteration time: 21.04s
                           Time elapsed: 00:27:09
                                    ETA: 05:00:01

################################################################################
[1m                           Learning iteration 83/1000                           [0m 

                            Total steps: 8257536 
                       Steps per second: 4025 
                        Collection time: 23.937s 
                          Learning time: 0.483s 
                        Mean value loss: 0.0123
                    Mean surrogate loss: -0.0057
                      Mean entropy loss: 11.1649
                            Mean reward: 5.75
                    Mean episode length: 778.12
                        Mean action std: 0.63
    Episode_Reward/track_lin_vel_xy_exp: 0.3116
     Episode_Reward/track_ang_vel_z_exp: 0.3297
            Episode_Reward/lin_vel_z_l2: -0.0247
           Episode_Reward/ang_vel_xy_l2: -0.1059
          Episode_Reward/dof_torques_l2: -0.0661
              Episode_Reward/dof_acc_l2: -0.0845
          Episode_Reward/action_rate_l2: -0.0782
           Episode_Reward/feet_air_time: -0.0214
     Episode_Reward/flat_orientation_l2: 0.0000
          Episode_Reward/dof_pos_limits: 0.0000
              Curriculum/terrain_levels: 1.1978
     Metrics/base_velocity/error_vel_xy: 1.2471
    Metrics/base_velocity/error_vel_yaw: 0.6706
           Episode_Termination/time_out: 0.4661
       Episode_Termination/base_contact: 0.5344
--------------------------------------------------------------------------------
                         Iteration time: 24.42s
                           Time elapsed: 00:27:33
                                    ETA: 05:00:33

################################################################################
[1m                           Learning iteration 84/1000                           [0m 

                            Total steps: 8355840 
                       Steps per second: 3898 
                        Collection time: 24.737s 
                          Learning time: 0.480s 
                        Mean value loss: 0.0143
                    Mean surrogate loss: -0.0041
                      Mean entropy loss: 11.1443
                            Mean reward: 6.82
                    Mean episode length: 818.03
                        Mean action std: 0.63
    Episode_Reward/track_lin_vel_xy_exp: 0.3446
     Episode_Reward/track_ang_vel_z_exp: 0.3466
            Episode_Reward/lin_vel_z_l2: -0.0250
           Episode_Reward/ang_vel_xy_l2: -0.1095
          Episode_Reward/dof_torques_l2: -0.0718
              Episode_Reward/dof_acc_l2: -0.0901
          Episode_Reward/action_rate_l2: -0.0832
           Episode_Reward/feet_air_time: -0.0226
     Episode_Reward/flat_orientation_l2: 0.0000
          Episode_Reward/dof_pos_limits: 0.0000
              Curriculum/terrain_levels: 1.1806
     Metrics/base_velocity/error_vel_xy: 1.3410
    Metrics/base_velocity/error_vel_yaw: 0.7454
           Episode_Termination/time_out: 0.4699
       Episode_Termination/base_contact: 0.5306
--------------------------------------------------------------------------------
                         Iteration time: 25.22s
                           Time elapsed: 00:27:58
                                    ETA: 05:01:13

################################################################################
[1m                           Learning iteration 85/1000                           [0m 

                            Total steps: 8454144 
                       Steps per second: 3913 
                        Collection time: 24.634s 
                          Learning time: 0.484s 
                        Mean value loss: 0.0140
                    Mean surrogate loss: -0.0058
                      Mean entropy loss: 11.1206
                            Mean reward: 5.21
                    Mean episode length: 716.75
                        Mean action std: 0.62
    Episode_Reward/track_lin_vel_xy_exp: 0.2834
     Episode_Reward/track_ang_vel_z_exp: 0.2933
            Episode_Reward/lin_vel_z_l2: -0.0236
           Episode_Reward/ang_vel_xy_l2: -0.0932
          Episode_Reward/dof_torques_l2: -0.0574
              Episode_Reward/dof_acc_l2: -0.0759
          Episode_Reward/action_rate_l2: -0.0684
           Episode_Reward/feet_air_time: -0.0191
     Episode_Reward/flat_orientation_l2: 0.0000
          Episode_Reward/dof_pos_limits: 0.0000
              Curriculum/terrain_levels: 1.1650
     Metrics/base_velocity/error_vel_xy: 1.1139
    Metrics/base_velocity/error_vel_yaw: 0.5986
           Episode_Termination/time_out: 0.4713
       Episode_Termination/base_contact: 0.5292
--------------------------------------------------------------------------------
                         Iteration time: 25.12s
                           Time elapsed: 00:28:24
                                    ETA: 05:01:50

################################################################################
[1m                           Learning iteration 86/1000                           [0m 

                            Total steps: 8552448 
                       Steps per second: 3898 
                        Collection time: 24.728s 
                          Learning time: 0.486s 
                        Mean value loss: 0.0132
                    Mean surrogate loss: -0.0055
                      Mean entropy loss: 11.0980
                            Mean reward: 5.63
                    Mean episode length: 770.31
                        Mean action std: 0.62
    Episode_Reward/track_lin_vel_xy_exp: 0.3114
     Episode_Reward/track_ang_vel_z_exp: 0.3182
            Episode_Reward/lin_vel_z_l2: -0.0245
           Episode_Reward/ang_vel_xy_l2: -0.0988
          Episode_Reward/dof_torques_l2: -0.0623
              Episode_Reward/dof_acc_l2: -0.0862
          Episode_Reward/action_rate_l2: -0.0750
           Episode_Reward/feet_air_time: -0.0205
     Episode_Reward/flat_orientation_l2: 0.0000
          Episode_Reward/dof_pos_limits: 0.0000
              Curriculum/terrain_levels: 1.1471
     Metrics/base_velocity/error_vel_xy: 1.2096
    Metrics/base_velocity/error_vel_yaw: 0.6751
           Episode_Termination/time_out: 0.4732
       Episode_Termination/base_contact: 0.5272
--------------------------------------------------------------------------------
                         Iteration time: 25.21s
                           Time elapsed: 00:28:49
                                    ETA: 05:02:27

################################################################################
[1m                           Learning iteration 87/1000                           [0m 

                            Total steps: 8650752 
                       Steps per second: 3880 
                        Collection time: 24.835s 
                          Learning time: 0.496s 
                        Mean value loss: 0.0136
                    Mean surrogate loss: -0.0045
                      Mean entropy loss: 11.0849
                            Mean reward: 5.74
                    Mean episode length: 775.41
                        Mean action std: 0.62
    Episode_Reward/track_lin_vel_xy_exp: 0.3592
     Episode_Reward/track_ang_vel_z_exp: 0.3309
            Episode_Reward/lin_vel_z_l2: -0.0252
           Episode_Reward/ang_vel_xy_l2: -0.1018
          Episode_Reward/dof_torques_l2: -0.0656
              Episode_Reward/dof_acc_l2: -0.0902
          Episode_Reward/action_rate_l2: -0.0784
           Episode_Reward/feet_air_time: -0.0215
     Episode_Reward/flat_orientation_l2: 0.0000
          Episode_Reward/dof_pos_limits: 0.0000
              Curriculum/terrain_levels: 1.1335
     Metrics/base_velocity/error_vel_xy: 1.1902
    Metrics/base_velocity/error_vel_yaw: 0.7005
           Episode_Termination/time_out: 0.4746
       Episode_Termination/base_contact: 0.5259
--------------------------------------------------------------------------------
                         Iteration time: 25.33s
                           Time elapsed: 00:29:14
                                    ETA: 05:03:04

################################################################################
[1m                           Learning iteration 88/1000                           [0m 

                            Total steps: 8749056 
                       Steps per second: 3878 
                        Collection time: 24.859s 
                          Learning time: 0.486s 
                        Mean value loss: 0.0156
                    Mean surrogate loss: -0.0042
                      Mean entropy loss: 11.0745
                            Mean reward: 6.17
                    Mean episode length: 810.91
                        Mean action std: 0.62
    Episode_Reward/track_lin_vel_xy_exp: 0.3447
     Episode_Reward/track_ang_vel_z_exp: 0.3703
            Episode_Reward/lin_vel_z_l2: -0.0241
           Episode_Reward/ang_vel_xy_l2: -0.1076
          Episode_Reward/dof_torques_l2: -0.0693
              Episode_Reward/dof_acc_l2: -0.0850
          Episode_Reward/action_rate_l2: -0.0811
           Episode_Reward/feet_air_time: -0.0219
     Episode_Reward/flat_orientation_l2: 0.0000
          Episode_Reward/dof_pos_limits: 0.0000
              Curriculum/terrain_levels: 1.1196
     Metrics/base_velocity/error_vel_xy: 1.2285
    Metrics/base_velocity/error_vel_yaw: 0.6451
           Episode_Termination/time_out: 0.4782
       Episode_Termination/base_contact: 0.5223
--------------------------------------------------------------------------------
                         Iteration time: 25.34s
                           Time elapsed: 00:29:39
                                    ETA: 05:03:39

################################################################################
[1m                           Learning iteration 89/1000                           [0m 

                            Total steps: 8847360 
                       Steps per second: 3855 
                        Collection time: 25.016s 
                          Learning time: 0.483s 
                        Mean value loss: 0.0151
                    Mean surrogate loss: -0.0050
                      Mean entropy loss: 11.0749
                            Mean reward: 6.69
                    Mean episode length: 820.61
                        Mean action std: 0.62
    Episode_Reward/track_lin_vel_xy_exp: 0.3718
     Episode_Reward/track_ang_vel_z_exp: 0.3795
            Episode_Reward/lin_vel_z_l2: -0.0241
           Episode_Reward/ang_vel_xy_l2: -0.1079
          Episode_Reward/dof_torques_l2: -0.0734
              Episode_Reward/dof_acc_l2: -0.0875
          Episode_Reward/action_rate_l2: -0.0842
           Episode_Reward/feet_air_time: -0.0225
     Episode_Reward/flat_orientation_l2: 0.0000
          Episode_Reward/dof_pos_limits: 0.0000
              Curriculum/terrain_levels: 1.1053
     Metrics/base_velocity/error_vel_xy: 1.2519
    Metrics/base_velocity/error_vel_yaw: 0.6801
           Episode_Termination/time_out: 0.4848
       Episode_Termination/base_contact: 0.5157
--------------------------------------------------------------------------------
                         Iteration time: 25.50s
                           Time elapsed: 00:30:05
                                    ETA: 05:04:15

################################################################################
[1m                           Learning iteration 90/1000                           [0m 

                            Total steps: 8945664 
                       Steps per second: 3870 
                        Collection time: 24.917s 
                          Learning time: 0.478s 
                        Mean value loss: 0.0144
                    Mean surrogate loss: -0.0062
                      Mean entropy loss: 11.0610
                            Mean reward: 7.45
                    Mean episode length: 838.02
                        Mean action std: 0.62
    Episode_Reward/track_lin_vel_xy_exp: 0.4085
     Episode_Reward/track_ang_vel_z_exp: 0.3762
            Episode_Reward/lin_vel_z_l2: -0.0236
           Episode_Reward/ang_vel_xy_l2: -0.1057
          Episode_Reward/dof_torques_l2: -0.0730
              Episode_Reward/dof_acc_l2: -0.0887
          Episode_Reward/action_rate_l2: -0.0835
           Episode_Reward/feet_air_time: -0.0223
     Episode_Reward/flat_orientation_l2: 0.0000
          Episode_Reward/dof_pos_limits: 0.0000
              Curriculum/terrain_levels: 1.0900
     Metrics/base_velocity/error_vel_xy: 1.2358
    Metrics/base_velocity/error_vel_yaw: 0.6871
           Episode_Termination/time_out: 0.4917
       Episode_Termination/base_contact: 0.5087
--------------------------------------------------------------------------------
                         Iteration time: 25.39s
                           Time elapsed: 00:30:30
                                    ETA: 05:04:48

################################################################################
[1m                           Learning iteration 91/1000                           [0m 

                            Total steps: 9043968 
                       Steps per second: 3863 
                        Collection time: 24.959s 
                          Learning time: 0.488s 
                        Mean value loss: 0.0152
                    Mean surrogate loss: -0.0055
                      Mean entropy loss: 11.0462
                            Mean reward: 7.81
                    Mean episode length: 905.96
                        Mean action std: 0.62
    Episode_Reward/track_lin_vel_xy_exp: 0.4337
     Episode_Reward/track_ang_vel_z_exp: 0.4107
            Episode_Reward/lin_vel_z_l2: -0.0240
           Episode_Reward/ang_vel_xy_l2: -0.1139
          Episode_Reward/dof_torques_l2: -0.0798
              Episode_Reward/dof_acc_l2: -0.0932
          Episode_Reward/action_rate_l2: -0.0905
           Episode_Reward/feet_air_time: -0.0250
     Episode_Reward/flat_orientation_l2: 0.0000
          Episode_Reward/dof_pos_limits: 0.0000
              Curriculum/terrain_levels: 1.0742
     Metrics/base_velocity/error_vel_xy: 1.3127
    Metrics/base_velocity/error_vel_yaw: 0.7408
           Episode_Termination/time_out: 0.4987
       Episode_Termination/base_contact: 0.5018
--------------------------------------------------------------------------------
                         Iteration time: 25.45s
                           Time elapsed: 00:30:56
                                    ETA: 05:05:21

################################################################################
[1m                           Learning iteration 92/1000                           [0m 

                            Total steps: 9142272 
                       Steps per second: 3874 
                        Collection time: 24.890s 
                          Learning time: 0.485s 
                        Mean value loss: 0.0160
                    Mean surrogate loss: -0.0056
                      Mean entropy loss: 11.0296
                            Mean reward: 8.22
                    Mean episode length: 878.55
                        Mean action std: 0.62
    Episode_Reward/track_lin_vel_xy_exp: 0.3926
     Episode_Reward/track_ang_vel_z_exp: 0.3933
            Episode_Reward/lin_vel_z_l2: -0.0243
           Episode_Reward/ang_vel_xy_l2: -0.1068
          Episode_Reward/dof_torques_l2: -0.0756
              Episode_Reward/dof_acc_l2: -0.0937
          Episode_Reward/action_rate_l2: -0.0864
           Episode_Reward/feet_air_time: -0.0231
     Episode_Reward/flat_orientation_l2: 0.0000
          Episode_Reward/dof_pos_limits: 0.0000
              Curriculum/terrain_levels: 1.0555
     Metrics/base_velocity/error_vel_xy: 1.3530
    Metrics/base_velocity/error_vel_yaw: 0.6985
           Episode_Termination/time_out: 0.5095
       Episode_Termination/base_contact: 0.4910
--------------------------------------------------------------------------------
                         Iteration time: 25.37s
                           Time elapsed: 00:31:21
                                    ETA: 05:05:51

################################################################################
[1m                           Learning iteration 93/1000                           [0m 

                            Total steps: 9240576 
                       Steps per second: 3886 
                        Collection time: 24.810s 
                          Learning time: 0.486s 
                        Mean value loss: 0.0151
                    Mean surrogate loss: -0.0052
                      Mean entropy loss: 11.0378
                            Mean reward: 6.23
                    Mean episode length: 844.51
                        Mean action std: 0.62
    Episode_Reward/track_lin_vel_xy_exp: 0.3274
     Episode_Reward/track_ang_vel_z_exp: 0.3671
            Episode_Reward/lin_vel_z_l2: -0.0245
           Episode_Reward/ang_vel_xy_l2: -0.1048
          Episode_Reward/dof_torques_l2: -0.0712
              Episode_Reward/dof_acc_l2: -0.0866
          Episode_Reward/action_rate_l2: -0.0813
           Episode_Reward/feet_air_time: -0.0226
     Episode_Reward/flat_orientation_l2: 0.0000
          Episode_Reward/dof_pos_limits: 0.0000
              Curriculum/terrain_levels: 1.0373
     Metrics/base_velocity/error_vel_xy: 1.2787
    Metrics/base_velocity/error_vel_yaw: 0.6805
           Episode_Termination/time_out: 0.5192
       Episode_Termination/base_contact: 0.4813
--------------------------------------------------------------------------------
                         Iteration time: 25.30s
                           Time elapsed: 00:31:46
                                    ETA: 05:06:20

################################################################################
[1m                           Learning iteration 94/1000                           [0m 

                            Total steps: 9338880 
                       Steps per second: 3904 
                        Collection time: 24.692s 
                          Learning time: 0.485s 
                        Mean value loss: 0.0153
                    Mean surrogate loss: -0.0056
                      Mean entropy loss: 11.0110
                            Mean reward: 6.81
                    Mean episode length: 838.28
                        Mean action std: 0.62
    Episode_Reward/track_lin_vel_xy_exp: 0.3901
     Episode_Reward/track_ang_vel_z_exp: 0.3958
            Episode_Reward/lin_vel_z_l2: -0.0235
           Episode_Reward/ang_vel_xy_l2: -0.1050
          Episode_Reward/dof_torques_l2: -0.0718
              Episode_Reward/dof_acc_l2: -0.0901
          Episode_Reward/action_rate_l2: -0.0835
           Episode_Reward/feet_air_time: -0.0225
     Episode_Reward/flat_orientation_l2: 0.0000
          Episode_Reward/dof_pos_limits: 0.0000
              Curriculum/terrain_levels: 1.0195
     Metrics/base_velocity/error_vel_xy: 1.3316
    Metrics/base_velocity/error_vel_yaw: 0.6411
           Episode_Termination/time_out: 0.5274
       Episode_Termination/base_contact: 0.4731
--------------------------------------------------------------------------------
                         Iteration time: 25.18s
                           Time elapsed: 00:32:12
                                    ETA: 05:06:46

################################################################################
[1m                           Learning iteration 95/1000                           [0m 

                            Total steps: 9437184 
                       Steps per second: 3891 
                        Collection time: 24.780s 
                          Learning time: 0.484s 
                        Mean value loss: 0.0143
                    Mean surrogate loss: -0.0052
                      Mean entropy loss: 11.0098
                            Mean reward: 6.44
                    Mean episode length: 827.45
                        Mean action std: 0.62
    Episode_Reward/track_lin_vel_xy_exp: 0.3290
     Episode_Reward/track_ang_vel_z_exp: 0.3715
            Episode_Reward/lin_vel_z_l2: -0.0247
           Episode_Reward/ang_vel_xy_l2: -0.1018
          Episode_Reward/dof_torques_l2: -0.0660
              Episode_Reward/dof_acc_l2: -0.0867
          Episode_Reward/action_rate_l2: -0.0790
           Episode_Reward/feet_air_time: -0.0223
     Episode_Reward/flat_orientation_l2: 0.0000
          Episode_Reward/dof_pos_limits: 0.0000
              Curriculum/terrain_levels: 1.0041
     Metrics/base_velocity/error_vel_xy: 1.2725
    Metrics/base_velocity/error_vel_yaw: 0.6152
           Episode_Termination/time_out: 0.5344
       Episode_Termination/base_contact: 0.4661
--------------------------------------------------------------------------------
                         Iteration time: 25.26s
                           Time elapsed: 00:32:37
                                    ETA: 05:07:12

################################################################################
[1m                           Learning iteration 96/1000                           [0m 

                            Total steps: 9535488 
                       Steps per second: 3892 
                        Collection time: 24.770s 
                          Learning time: 0.482s 
                        Mean value loss: 0.0177
                    Mean surrogate loss: -0.0051
                      Mean entropy loss: 10.9996
                            Mean reward: 6.79
                    Mean episode length: 821.45
                        Mean action std: 0.62
    Episode_Reward/track_lin_vel_xy_exp: 0.3676
     Episode_Reward/track_ang_vel_z_exp: 0.3615
            Episode_Reward/lin_vel_z_l2: -0.0246
           Episode_Reward/ang_vel_xy_l2: -0.1072
          Episode_Reward/dof_torques_l2: -0.0684
              Episode_Reward/dof_acc_l2: -0.0876
          Episode_Reward/action_rate_l2: -0.0804
           Episode_Reward/feet_air_time: -0.0232
     Episode_Reward/flat_orientation_l2: 0.0000
          Episode_Reward/dof_pos_limits: 0.0000
              Curriculum/terrain_levels: 0.9906
     Metrics/base_velocity/error_vel_xy: 1.2656
    Metrics/base_velocity/error_vel_yaw: 0.6940
           Episode_Termination/time_out: 0.5377
       Episode_Termination/base_contact: 0.4628
--------------------------------------------------------------------------------
                         Iteration time: 25.25s
                           Time elapsed: 00:33:02
                                    ETA: 05:07:37

################################################################################
[1m                           Learning iteration 97/1000                           [0m 

                            Total steps: 9633792 
                       Steps per second: 3891 
                        Collection time: 24.779s 
                          Learning time: 0.483s 
                        Mean value loss: 0.0150
                    Mean surrogate loss: -0.0044
                      Mean entropy loss: 11.0096
                            Mean reward: 7.16
                    Mean episode length: 849.15
                        Mean action std: 0.62
    Episode_Reward/track_lin_vel_xy_exp: 0.3537
     Episode_Reward/track_ang_vel_z_exp: 0.3840
            Episode_Reward/lin_vel_z_l2: -0.0239
           Episode_Reward/ang_vel_xy_l2: -0.1000
          Episode_Reward/dof_torques_l2: -0.0706
              Episode_Reward/dof_acc_l2: -0.0874
          Episode_Reward/action_rate_l2: -0.0813
           Episode_Reward/feet_air_time: -0.0224
     Episode_Reward/flat_orientation_l2: 0.0000
          Episode_Reward/dof_pos_limits: 0.0000
              Curriculum/terrain_levels: 0.9763
     Metrics/base_velocity/error_vel_xy: 1.3102
    Metrics/base_velocity/error_vel_yaw: 0.6372
           Episode_Termination/time_out: 0.5441
       Episode_Termination/base_contact: 0.4563
--------------------------------------------------------------------------------
                         Iteration time: 25.26s
                           Time elapsed: 00:33:27
                                    ETA: 05:08:01

################################################################################
[1m                           Learning iteration 98/1000                           [0m 

                            Total steps: 9732096 
                       Steps per second: 3892 
                        Collection time: 24.765s 
                          Learning time: 0.487s 
                        Mean value loss: 0.0144
                    Mean surrogate loss: -0.0050
                      Mean entropy loss: 10.9961
                            Mean reward: 6.90
                    Mean episode length: 808.24
                        Mean action std: 0.62
    Episode_Reward/track_lin_vel_xy_exp: 0.3424
     Episode_Reward/track_ang_vel_z_exp: 0.4067
            Episode_Reward/lin_vel_z_l2: -0.0234
           Episode_Reward/ang_vel_xy_l2: -0.1037
          Episode_Reward/dof_torques_l2: -0.0698
              Episode_Reward/dof_acc_l2: -0.0854
          Episode_Reward/action_rate_l2: -0.0815
           Episode_Reward/feet_air_time: -0.0222
     Episode_Reward/flat_orientation_l2: 0.0000
          Episode_Reward/dof_pos_limits: 0.0000
              Curriculum/terrain_levels: 0.9613
     Metrics/base_velocity/error_vel_xy: 1.4511
    Metrics/base_velocity/error_vel_yaw: 0.5876
           Episode_Termination/time_out: 0.5499
       Episode_Termination/base_contact: 0.4506
--------------------------------------------------------------------------------
                         Iteration time: 25.25s
                           Time elapsed: 00:33:53
                                    ETA: 05:08:24

################################################################################
[1m                           Learning iteration 99/1000                           [0m 

                            Total steps: 9830400 
                       Steps per second: 3894 
                        Collection time: 24.750s 
                          Learning time: 0.491s 
                        Mean value loss: 0.0155
                    Mean surrogate loss: -0.0052
                      Mean entropy loss: 10.9826
                            Mean reward: 6.62
                    Mean episode length: 824.35
                        Mean action std: 0.62
    Episode_Reward/track_lin_vel_xy_exp: 0.3140
     Episode_Reward/track_ang_vel_z_exp: 0.3898
            Episode_Reward/lin_vel_z_l2: -0.0250
           Episode_Reward/ang_vel_xy_l2: -0.0998
          Episode_Reward/dof_torques_l2: -0.0677
              Episode_Reward/dof_acc_l2: -0.0880
          Episode_Reward/action_rate_l2: -0.0801
           Episode_Reward/feet_air_time: -0.0228
     Episode_Reward/flat_orientation_l2: 0.0000
          Episode_Reward/dof_pos_limits: 0.0000
              Curriculum/terrain_levels: 0.9489
     Metrics/base_velocity/error_vel_xy: 1.3252
    Metrics/base_velocity/error_vel_yaw: 0.6062
           Episode_Termination/time_out: 0.5562
       Episode_Termination/base_contact: 0.4443
--------------------------------------------------------------------------------
                         Iteration time: 25.24s
                           Time elapsed: 00:34:18
                                    ETA: 05:08:45

################################################################################
[1m                          Learning iteration 100/1000                           [0m 

                            Total steps: 9928704 
                       Steps per second: 3910 
                        Collection time: 24.655s 
                          Learning time: 0.482s 
                        Mean value loss: 0.0129
                    Mean surrogate loss: -0.0042
                      Mean entropy loss: 10.9712
                            Mean reward: 6.39
                    Mean episode length: 745.78
                        Mean action std: 0.62
    Episode_Reward/track_lin_vel_xy_exp: 0.3146
     Episode_Reward/track_ang_vel_z_exp: 0.3522
            Episode_Reward/lin_vel_z_l2: -0.0241
           Episode_Reward/ang_vel_xy_l2: -0.0925
          Episode_Reward/dof_torques_l2: -0.0600
              Episode_Reward/dof_acc_l2: -0.0811
          Episode_Reward/action_rate_l2: -0.0720
           Episode_Reward/feet_air_time: -0.0194
     Episode_Reward/flat_orientation_l2: 0.0000
          Episode_Reward/dof_pos_limits: 0.0000
              Curriculum/terrain_levels: 0.9354
     Metrics/base_velocity/error_vel_xy: 1.2017
    Metrics/base_velocity/error_vel_yaw: 0.5417
           Episode_Termination/time_out: 0.5591
       Episode_Termination/base_contact: 0.4412
--------------------------------------------------------------------------------
                         Iteration time: 25.14s
                           Time elapsed: 00:34:43
                                    ETA: 05:09:05

################################################################################
[1m                          Learning iteration 101/1000                           [0m 

                            Total steps: 10027008 
                       Steps per second: 3901 
                        Collection time: 24.717s 
                          Learning time: 0.479s 
                        Mean value loss: 0.0160
                    Mean surrogate loss: -0.0051
                      Mean entropy loss: 10.9805
                            Mean reward: 7.39
                    Mean episode length: 842.76
                        Mean action std: 0.62
    Episode_Reward/track_lin_vel_xy_exp: 0.3671
     Episode_Reward/track_ang_vel_z_exp: 0.4168
            Episode_Reward/lin_vel_z_l2: -0.0234
           Episode_Reward/ang_vel_xy_l2: -0.0994
          Episode_Reward/dof_torques_l2: -0.0702
              Episode_Reward/dof_acc_l2: -0.0925
          Episode_Reward/action_rate_l2: -0.0824
           Episode_Reward/feet_air_time: -0.0221
     Episode_Reward/flat_orientation_l2: 0.0000
          Episode_Reward/dof_pos_limits: 0.0000
              Curriculum/terrain_levels: 0.9218
     Metrics/base_velocity/error_vel_xy: 1.4100
    Metrics/base_velocity/error_vel_yaw: 0.5924
           Episode_Termination/time_out: 0.5636
       Episode_Termination/base_contact: 0.4367
--------------------------------------------------------------------------------
                         Iteration time: 25.20s
                           Time elapsed: 00:35:08
                                    ETA: 05:09:25

################################################################################
[1m                          Learning iteration 102/1000                           [0m 

                            Total steps: 10125312 
                       Steps per second: 3906 
                        Collection time: 24.686s 
                          Learning time: 0.481s 
                        Mean value loss: 0.0128
                    Mean surrogate loss: -0.0053
                      Mean entropy loss: 10.9824
                            Mean reward: 7.71
                    Mean episode length: 877.40
                        Mean action std: 0.62
    Episode_Reward/track_lin_vel_xy_exp: 0.3372
     Episode_Reward/track_ang_vel_z_exp: 0.4171
            Episode_Reward/lin_vel_z_l2: -0.0234
           Episode_Reward/ang_vel_xy_l2: -0.1028
          Episode_Reward/dof_torques_l2: -0.0697
              Episode_Reward/dof_acc_l2: -0.0936
          Episode_Reward/action_rate_l2: -0.0834
           Episode_Reward/feet_air_time: -0.0234
     Episode_Reward/flat_orientation_l2: 0.0000
          Episode_Reward/dof_pos_limits: 0.0000
              Curriculum/terrain_levels: 0.9080
     Metrics/base_velocity/error_vel_xy: 1.4547
    Metrics/base_velocity/error_vel_yaw: 0.6080
           Episode_Termination/time_out: 0.5701
       Episode_Termination/base_contact: 0.4301
--------------------------------------------------------------------------------
                         Iteration time: 25.17s
                           Time elapsed: 00:35:33
                                    ETA: 05:09:43

################################################################################
[1m                          Learning iteration 103/1000                           [0m 

                            Total steps: 10223616 
                       Steps per second: 3909 
                        Collection time: 24.658s 
                          Learning time: 0.488s 
                        Mean value loss: 0.0131
                    Mean surrogate loss: -0.0049
                      Mean entropy loss: 10.9731
                            Mean reward: 7.56
                    Mean episode length: 842.61
                        Mean action std: 0.62
    Episode_Reward/track_lin_vel_xy_exp: 0.3954
     Episode_Reward/track_ang_vel_z_exp: 0.3890
            Episode_Reward/lin_vel_z_l2: -0.0249
           Episode_Reward/ang_vel_xy_l2: -0.1061
          Episode_Reward/dof_torques_l2: -0.0712
              Episode_Reward/dof_acc_l2: -0.0887
          Episode_Reward/action_rate_l2: -0.0831
           Episode_Reward/feet_air_time: -0.0241
     Episode_Reward/flat_orientation_l2: 0.0000
          Episode_Reward/dof_pos_limits: 0.0000
              Curriculum/terrain_levels: 0.8931
     Metrics/base_velocity/error_vel_xy: 1.2650
    Metrics/base_velocity/error_vel_yaw: 0.6756
           Episode_Termination/time_out: 0.5745
       Episode_Termination/base_contact: 0.4258
--------------------------------------------------------------------------------
                         Iteration time: 25.15s
                           Time elapsed: 00:35:59
                                    ETA: 05:10:01

################################################################################
[1m                          Learning iteration 104/1000                           [0m 

                            Total steps: 10321920 
                       Steps per second: 3905 
                        Collection time: 24.677s 
                          Learning time: 0.492s 
                        Mean value loss: 0.0137
                    Mean surrogate loss: -0.0056
                      Mean entropy loss: 10.9589
                            Mean reward: 7.95
                    Mean episode length: 878.29
                        Mean action std: 0.62
    Episode_Reward/track_lin_vel_xy_exp: 0.4441
     Episode_Reward/track_ang_vel_z_exp: 0.4212
            Episode_Reward/lin_vel_z_l2: -0.0235
           Episode_Reward/ang_vel_xy_l2: -0.1064
          Episode_Reward/dof_torques_l2: -0.0760
              Episode_Reward/dof_acc_l2: -0.0930
          Episode_Reward/action_rate_l2: -0.0878
           Episode_Reward/feet_air_time: -0.0247
     Episode_Reward/flat_orientation_l2: 0.0000
          Episode_Reward/dof_pos_limits: 0.0000
              Curriculum/terrain_levels: 0.8811
     Metrics/base_velocity/error_vel_xy: 1.3282
    Metrics/base_velocity/error_vel_yaw: 0.6980
           Episode_Termination/time_out: 0.5801
       Episode_Termination/base_contact: 0.4201
--------------------------------------------------------------------------------
                         Iteration time: 25.17s
                           Time elapsed: 00:36:24
                                    ETA: 05:10:18

################################################################################
[1m                          Learning iteration 105/1000                           [0m 

                            Total steps: 10420224 
                       Steps per second: 3915 
                        Collection time: 24.622s 
                          Learning time: 0.486s 
                        Mean value loss: 0.0169
                    Mean surrogate loss: -0.0045
                      Mean entropy loss: 10.9428
                            Mean reward: 7.88
                    Mean episode length: 865.74
                        Mean action std: 0.62
    Episode_Reward/track_lin_vel_xy_exp: 0.3829
     Episode_Reward/track_ang_vel_z_exp: 0.4134
            Episode_Reward/lin_vel_z_l2: -0.0230
           Episode_Reward/ang_vel_xy_l2: -0.1011
          Episode_Reward/dof_torques_l2: -0.0687
              Episode_Reward/dof_acc_l2: -0.0910
          Episode_Reward/action_rate_l2: -0.0825
           Episode_Reward/feet_air_time: -0.0240
     Episode_Reward/flat_orientation_l2: 0.0000
          Episode_Reward/dof_pos_limits: 0.0000
              Curriculum/terrain_levels: 0.8684
     Metrics/base_velocity/error_vel_xy: 1.2932
    Metrics/base_velocity/error_vel_yaw: 0.6147
           Episode_Termination/time_out: 0.5879
       Episode_Termination/base_contact: 0.4122
--------------------------------------------------------------------------------
                         Iteration time: 25.11s
                           Time elapsed: 00:36:49
                                    ETA: 05:10:33

################################################################################
[1m                          Learning iteration 106/1000                           [0m 

                            Total steps: 10518528 
                       Steps per second: 3912 
                        Collection time: 24.645s 
                          Learning time: 0.480s 
                        Mean value loss: 0.0160
                    Mean surrogate loss: -0.0066
                      Mean entropy loss: 10.9420
                            Mean reward: 8.85
                    Mean episode length: 906.29
                        Mean action std: 0.62
    Episode_Reward/track_lin_vel_xy_exp: 0.4180
     Episode_Reward/track_ang_vel_z_exp: 0.4274
            Episode_Reward/lin_vel_z_l2: -0.0233
           Episode_Reward/ang_vel_xy_l2: -0.1036
          Episode_Reward/dof_torques_l2: -0.0735
              Episode_Reward/dof_acc_l2: -0.0950
          Episode_Reward/action_rate_l2: -0.0861
           Episode_Reward/feet_air_time: -0.0239
     Episode_Reward/flat_orientation_l2: 0.0000
          Episode_Reward/dof_pos_limits: 0.0000
              Curriculum/terrain_levels: 0.8575
     Metrics/base_velocity/error_vel_xy: 1.4038
    Metrics/base_velocity/error_vel_yaw: 0.6479
           Episode_Termination/time_out: 0.5964
       Episode_Termination/base_contact: 0.4036
--------------------------------------------------------------------------------
                         Iteration time: 25.13s
                           Time elapsed: 00:37:14
                                    ETA: 05:10:48

################################################################################
[1m                          Learning iteration 107/1000                           [0m 

                            Total steps: 10616832 
                       Steps per second: 3907 
                        Collection time: 24.677s 
                          Learning time: 0.477s 
                        Mean value loss: 0.0138
                    Mean surrogate loss: -0.0055
                      Mean entropy loss: 10.9295
                            Mean reward: 8.58
                    Mean episode length: 922.84
                        Mean action std: 0.61
    Episode_Reward/track_lin_vel_xy_exp: 0.3972
     Episode_Reward/track_ang_vel_z_exp: 0.4411
            Episode_Reward/lin_vel_z_l2: -0.0241
           Episode_Reward/ang_vel_xy_l2: -0.1053
          Episode_Reward/dof_torques_l2: -0.0761
              Episode_Reward/dof_acc_l2: -0.0992
          Episode_Reward/action_rate_l2: -0.0894
           Episode_Reward/feet_air_time: -0.0252
     Episode_Reward/flat_orientation_l2: 0.0000
          Episode_Reward/dof_pos_limits: 0.0000
              Curriculum/terrain_levels: 0.8452
     Metrics/base_velocity/error_vel_xy: 1.5016
    Metrics/base_velocity/error_vel_yaw: 0.6797
           Episode_Termination/time_out: 0.6047
       Episode_Termination/base_contact: 0.3953
--------------------------------------------------------------------------------
                         Iteration time: 25.15s
                           Time elapsed: 00:37:39
                                    ETA: 05:11:02

################################################################################
[1m                          Learning iteration 108/1000                           [0m 

                            Total steps: 10715136 
                       Steps per second: 3912 
                        Collection time: 24.647s 
                          Learning time: 0.481s 
                        Mean value loss: 0.0157
                    Mean surrogate loss: -0.0051
                      Mean entropy loss: 10.8963
                            Mean reward: 7.38
                    Mean episode length: 904.55
                        Mean action std: 0.61
    Episode_Reward/track_lin_vel_xy_exp: 0.3532
     Episode_Reward/track_ang_vel_z_exp: 0.4209
            Episode_Reward/lin_vel_z_l2: -0.0231
           Episode_Reward/ang_vel_xy_l2: -0.1040
          Episode_Reward/dof_torques_l2: -0.0744
              Episode_Reward/dof_acc_l2: -0.0901
          Episode_Reward/action_rate_l2: -0.0850
           Episode_Reward/feet_air_time: -0.0239
     Episode_Reward/flat_orientation_l2: 0.0000
          Episode_Reward/dof_pos_limits: 0.0000
              Curriculum/terrain_levels: 0.8329
     Metrics/base_velocity/error_vel_xy: 1.3975
    Metrics/base_velocity/error_vel_yaw: 0.6308
           Episode_Termination/time_out: 0.6143
       Episode_Termination/base_contact: 0.3857
--------------------------------------------------------------------------------
                         Iteration time: 25.13s
                           Time elapsed: 00:38:04
                                    ETA: 05:11:16

################################################################################
[1m                          Learning iteration 109/1000                           [0m 

                            Total steps: 10813440 
                       Steps per second: 3911 
                        Collection time: 24.647s 
                          Learning time: 0.488s 
                        Mean value loss: 0.0162
                    Mean surrogate loss: -0.0058
                      Mean entropy loss: 10.8828
                            Mean reward: 8.43
                    Mean episode length: 920.86
                        Mean action std: 0.61
    Episode_Reward/track_lin_vel_xy_exp: 0.3797
     Episode_Reward/track_ang_vel_z_exp: 0.4409
            Episode_Reward/lin_vel_z_l2: -0.0236
           Episode_Reward/ang_vel_xy_l2: -0.1089
          Episode_Reward/dof_torques_l2: -0.0765
              Episode_Reward/dof_acc_l2: -0.0945
          Episode_Reward/action_rate_l2: -0.0886
           Episode_Reward/feet_air_time: -0.0247
     Episode_Reward/flat_orientation_l2: 0.0000
          Episode_Reward/dof_pos_limits: 0.0000
              Curriculum/terrain_levels: 0.8196
     Metrics/base_velocity/error_vel_xy: 1.4360
    Metrics/base_velocity/error_vel_yaw: 0.6547
           Episode_Termination/time_out: 0.6226
       Episode_Termination/base_contact: 0.3774
--------------------------------------------------------------------------------
                         Iteration time: 25.14s
                           Time elapsed: 00:38:29
                                    ETA: 05:11:29

################################################################################
[1m                          Learning iteration 110/1000                           [0m 

                            Total steps: 10911744 
                       Steps per second: 3926 
                        Collection time: 24.552s 
                          Learning time: 0.487s 
                        Mean value loss: 0.0149
                    Mean surrogate loss: -0.0042
                      Mean entropy loss: 10.8748
                            Mean reward: 8.17
                    Mean episode length: 901.14
                        Mean action std: 0.61
    Episode_Reward/track_lin_vel_xy_exp: 0.4001
     Episode_Reward/track_ang_vel_z_exp: 0.4200
            Episode_Reward/lin_vel_z_l2: -0.0237
           Episode_Reward/ang_vel_xy_l2: -0.1053
          Episode_Reward/dof_torques_l2: -0.0742
              Episode_Reward/dof_acc_l2: -0.0987
          Episode_Reward/action_rate_l2: -0.0874
           Episode_Reward/feet_air_time: -0.0260
     Episode_Reward/flat_orientation_l2: 0.0000
          Episode_Reward/dof_pos_limits: 0.0000
              Curriculum/terrain_levels: 0.8074
     Metrics/base_velocity/error_vel_xy: 1.3907
    Metrics/base_velocity/error_vel_yaw: 0.6979
           Episode_Termination/time_out: 0.6319
       Episode_Termination/base_contact: 0.3681
--------------------------------------------------------------------------------
                         Iteration time: 25.04s
                           Time elapsed: 00:38:54
                                    ETA: 05:11:40

################################################################################
[1m                          Learning iteration 111/1000                           [0m 

                            Total steps: 11010048 
                       Steps per second: 3923 
                        Collection time: 24.571s 
                          Learning time: 0.484s 
                        Mean value loss: 0.0158
                    Mean surrogate loss: -0.0041
                      Mean entropy loss: 10.8628
                            Mean reward: 7.49
                    Mean episode length: 896.35
                        Mean action std: 0.61
    Episode_Reward/track_lin_vel_xy_exp: 0.3228
     Episode_Reward/track_ang_vel_z_exp: 0.4367
            Episode_Reward/lin_vel_z_l2: -0.0227
           Episode_Reward/ang_vel_xy_l2: -0.0996
          Episode_Reward/dof_torques_l2: -0.0701
              Episode_Reward/dof_acc_l2: -0.0996
          Episode_Reward/action_rate_l2: -0.0850
           Episode_Reward/feet_air_time: -0.0241
     Episode_Reward/flat_orientation_l2: 0.0000
          Episode_Reward/dof_pos_limits: 0.0000
              Curriculum/terrain_levels: 0.7958
     Metrics/base_velocity/error_vel_xy: 1.6252
    Metrics/base_velocity/error_vel_yaw: 0.6032
           Episode_Termination/time_out: 0.6380
       Episode_Termination/base_contact: 0.3620
--------------------------------------------------------------------------------
                         Iteration time: 25.05s
                           Time elapsed: 00:39:19
                                    ETA: 05:11:51

################################################################################
[1m                          Learning iteration 112/1000                           [0m 

                            Total steps: 11108352 
                       Steps per second: 3935 
                        Collection time: 24.494s 
                          Learning time: 0.483s 
                        Mean value loss: 0.0142
                    Mean surrogate loss: -0.0042
                      Mean entropy loss: 10.8585
                            Mean reward: 7.96
                    Mean episode length: 882.93
                        Mean action std: 0.61
    Episode_Reward/track_lin_vel_xy_exp: 0.3676
     Episode_Reward/track_ang_vel_z_exp: 0.4240
            Episode_Reward/lin_vel_z_l2: -0.0230
           Episode_Reward/ang_vel_xy_l2: -0.1009
          Episode_Reward/dof_torques_l2: -0.0738
              Episode_Reward/dof_acc_l2: -0.0941
          Episode_Reward/action_rate_l2: -0.0864
           Episode_Reward/feet_air_time: -0.0243
     Episode_Reward/flat_orientation_l2: 0.0000
          Episode_Reward/dof_pos_limits: 0.0000
              Curriculum/terrain_levels: 0.7839
     Metrics/base_velocity/error_vel_xy: 1.4280
    Metrics/base_velocity/error_vel_yaw: 0.6717
           Episode_Termination/time_out: 0.6450
       Episode_Termination/base_contact: 0.3550
--------------------------------------------------------------------------------
                         Iteration time: 24.98s
                           Time elapsed: 00:39:44
                                    ETA: 05:12:00

################################################################################
[1m                          Learning iteration 113/1000                           [0m 

                            Total steps: 11206656 
                       Steps per second: 3936 
                        Collection time: 24.493s 
                          Learning time: 0.482s 
                        Mean value loss: 0.0138
                    Mean surrogate loss: -0.0049
                      Mean entropy loss: 10.8211
                            Mean reward: 7.03
                    Mean episode length: 885.45
                        Mean action std: 0.61
    Episode_Reward/track_lin_vel_xy_exp: 0.3369
     Episode_Reward/track_ang_vel_z_exp: 0.4376
            Episode_Reward/lin_vel_z_l2: -0.0234
           Episode_Reward/ang_vel_xy_l2: -0.1031
          Episode_Reward/dof_torques_l2: -0.0696
              Episode_Reward/dof_acc_l2: -0.0941
          Episode_Reward/action_rate_l2: -0.0849
           Episode_Reward/feet_air_time: -0.0242
     Episode_Reward/flat_orientation_l2: 0.0000
          Episode_Reward/dof_pos_limits: 0.0000
              Curriculum/terrain_levels: 0.7725
     Metrics/base_velocity/error_vel_xy: 1.5060
    Metrics/base_velocity/error_vel_yaw: 0.5914
           Episode_Termination/time_out: 0.6514
       Episode_Termination/base_contact: 0.3486
--------------------------------------------------------------------------------
                         Iteration time: 24.98s
                           Time elapsed: 00:40:09
                                    ETA: 05:12:09

################################################################################
[1m                          Learning iteration 114/1000                           [0m 

                            Total steps: 11304960 
                       Steps per second: 3936 
                        Collection time: 24.479s 
                          Learning time: 0.493s 
                        Mean value loss: 0.0163
                    Mean surrogate loss: -0.0048
                      Mean entropy loss: 10.7988
                            Mean reward: 9.04
                    Mean episode length: 900.18
                        Mean action std: 0.61
    Episode_Reward/track_lin_vel_xy_exp: 0.4013
     Episode_Reward/track_ang_vel_z_exp: 0.4431
            Episode_Reward/lin_vel_z_l2: -0.0237
           Episode_Reward/ang_vel_xy_l2: -0.1018
          Episode_Reward/dof_torques_l2: -0.0714
              Episode_Reward/dof_acc_l2: -0.0948
          Episode_Reward/action_rate_l2: -0.0862
           Episode_Reward/feet_air_time: -0.0245
     Episode_Reward/flat_orientation_l2: 0.0000
          Episode_Reward/dof_pos_limits: 0.0000
              Curriculum/terrain_levels: 0.7625
     Metrics/base_velocity/error_vel_xy: 1.3966
    Metrics/base_velocity/error_vel_yaw: 0.6103
           Episode_Termination/time_out: 0.6584
       Episode_Termination/base_contact: 0.3416
--------------------------------------------------------------------------------
                         Iteration time: 24.97s
                           Time elapsed: 00:40:34
                                    ETA: 05:12:18

################################################################################
[1m                          Learning iteration 115/1000                           [0m 

                            Total steps: 11403264 
                       Steps per second: 3926 
                        Collection time: 24.551s 
                          Learning time: 0.486s 
                        Mean value loss: 0.0146
                    Mean surrogate loss: -0.0052
                      Mean entropy loss: 10.7843
                            Mean reward: 8.80
                    Mean episode length: 914.50
                        Mean action std: 0.61
    Episode_Reward/track_lin_vel_xy_exp: 0.3867
     Episode_Reward/track_ang_vel_z_exp: 0.4557
            Episode_Reward/lin_vel_z_l2: -0.0240
           Episode_Reward/ang_vel_xy_l2: -0.1012
          Episode_Reward/dof_torques_l2: -0.0726
              Episode_Reward/dof_acc_l2: -0.1001
          Episode_Reward/action_rate_l2: -0.0872
           Episode_Reward/feet_air_time: -0.0236
     Episode_Reward/flat_orientation_l2: 0.0000
          Episode_Reward/dof_pos_limits: 0.0000
              Curriculum/terrain_levels: 0.7518
     Metrics/base_velocity/error_vel_xy: 1.5101
    Metrics/base_velocity/error_vel_yaw: 0.6042
           Episode_Termination/time_out: 0.6657
       Episode_Termination/base_contact: 0.3343
--------------------------------------------------------------------------------
                         Iteration time: 25.04s
                           Time elapsed: 00:40:59
                                    ETA: 05:12:26

################################################################################
[1m                          Learning iteration 116/1000                           [0m 

                            Total steps: 11501568 
                       Steps per second: 3935 
                        Collection time: 24.492s 
                          Learning time: 0.485s 
                        Mean value loss: 0.0164
                    Mean surrogate loss: -0.0049
                      Mean entropy loss: 10.7456
                            Mean reward: 9.19
                    Mean episode length: 898.82
                        Mean action std: 0.61
    Episode_Reward/track_lin_vel_xy_exp: 0.4192
     Episode_Reward/track_ang_vel_z_exp: 0.4479
            Episode_Reward/lin_vel_z_l2: -0.0237
           Episode_Reward/ang_vel_xy_l2: -0.1016
          Episode_Reward/dof_torques_l2: -0.0734
              Episode_Reward/dof_acc_l2: -0.0980
          Episode_Reward/action_rate_l2: -0.0869
           Episode_Reward/feet_air_time: -0.0230
     Episode_Reward/flat_orientation_l2: 0.0000
          Episode_Reward/dof_pos_limits: 0.0000
              Curriculum/terrain_levels: 0.7415
     Metrics/base_velocity/error_vel_xy: 1.4306
    Metrics/base_velocity/error_vel_yaw: 0.6127
           Episode_Termination/time_out: 0.6712
       Episode_Termination/base_contact: 0.3288
--------------------------------------------------------------------------------
                         Iteration time: 24.98s
                           Time elapsed: 00:41:24
                                    ETA: 05:12:33

################################################################################
[1m                          Learning iteration 117/1000                           [0m 

                            Total steps: 11599872 
                       Steps per second: 3931 
                        Collection time: 24.520s 
                          Learning time: 0.486s 
                        Mean value loss: 0.0171
                    Mean surrogate loss: -0.0041
                      Mean entropy loss: 10.7245
                            Mean reward: 10.10
                    Mean episode length: 944.42
                        Mean action std: 0.61
    Episode_Reward/track_lin_vel_xy_exp: 0.4636
     Episode_Reward/track_ang_vel_z_exp: 0.4777
            Episode_Reward/lin_vel_z_l2: -0.0234
           Episode_Reward/ang_vel_xy_l2: -0.1066
          Episode_Reward/dof_torques_l2: -0.0759
              Episode_Reward/dof_acc_l2: -0.1005
          Episode_Reward/action_rate_l2: -0.0902
           Episode_Reward/feet_air_time: -0.0246
     Episode_Reward/flat_orientation_l2: 0.0000
          Episode_Reward/dof_pos_limits: 0.0000
              Curriculum/terrain_levels: 0.7316
     Metrics/base_velocity/error_vel_xy: 1.3945
    Metrics/base_velocity/error_vel_yaw: 0.6041
           Episode_Termination/time_out: 0.6798
       Episode_Termination/base_contact: 0.3202
--------------------------------------------------------------------------------
                         Iteration time: 25.01s
                           Time elapsed: 00:41:49
                                    ETA: 05:12:40

################################################################################
[1m                          Learning iteration 118/1000                           [0m 

                            Total steps: 11698176 
                       Steps per second: 3941 
                        Collection time: 24.453s 
                          Learning time: 0.489s 
                        Mean value loss: 0.0155
                    Mean surrogate loss: -0.0051
                      Mean entropy loss: 10.7161
                            Mean reward: 8.78
                    Mean episode length: 889.26
                        Mean action std: 0.60
    Episode_Reward/track_lin_vel_xy_exp: 0.4083
     Episode_Reward/track_ang_vel_z_exp: 0.4460
            Episode_Reward/lin_vel_z_l2: -0.0245
           Episode_Reward/ang_vel_xy_l2: -0.1054
          Episode_Reward/dof_torques_l2: -0.0714
              Episode_Reward/dof_acc_l2: -0.0986
          Episode_Reward/action_rate_l2: -0.0861
           Episode_Reward/feet_air_time: -0.0239
     Episode_Reward/flat_orientation_l2: 0.0000
          Episode_Reward/dof_pos_limits: 0.0000
              Curriculum/terrain_levels: 0.7206
     Metrics/base_velocity/error_vel_xy: 1.4067
    Metrics/base_velocity/error_vel_yaw: 0.5877
           Episode_Termination/time_out: 0.6897
       Episode_Termination/base_contact: 0.3103
--------------------------------------------------------------------------------
                         Iteration time: 24.94s
                           Time elapsed: 00:42:14
                                    ETA: 05:12:46

################################################################################
[1m                          Learning iteration 119/1000                           [0m 

                            Total steps: 11796480 
                       Steps per second: 3947 
                        Collection time: 24.413s 
                          Learning time: 0.489s 
                        Mean value loss: 0.0176
                    Mean surrogate loss: -0.0056
                      Mean entropy loss: 10.6961
                            Mean reward: 9.43
                    Mean episode length: 920.33
                        Mean action std: 0.60
    Episode_Reward/track_lin_vel_xy_exp: 0.4633
     Episode_Reward/track_ang_vel_z_exp: 0.4587
            Episode_Reward/lin_vel_z_l2: -0.0236
           Episode_Reward/ang_vel_xy_l2: -0.1052
          Episode_Reward/dof_torques_l2: -0.0734
              Episode_Reward/dof_acc_l2: -0.1028
          Episode_Reward/action_rate_l2: -0.0898
           Episode_Reward/feet_air_time: -0.0238
     Episode_Reward/flat_orientation_l2: 0.0000
          Episode_Reward/dof_pos_limits: 0.0000
              Curriculum/terrain_levels: 0.7097
     Metrics/base_velocity/error_vel_xy: 1.3747
    Metrics/base_velocity/error_vel_yaw: 0.6437
           Episode_Termination/time_out: 0.6958
       Episode_Termination/base_contact: 0.3042
--------------------------------------------------------------------------------
                         Iteration time: 24.90s
                           Time elapsed: 00:42:39
                                    ETA: 05:12:51

################################################################################
[1m                          Learning iteration 120/1000                           [0m 

                            Total steps: 11894784 
                       Steps per second: 3944 
                        Collection time: 24.429s 
                          Learning time: 0.491s 
                        Mean value loss: 0.0176
                    Mean surrogate loss: -0.0058
                      Mean entropy loss: 10.6833
                            Mean reward: 10.27
                    Mean episode length: 943.14
                        Mean action std: 0.60
    Episode_Reward/track_lin_vel_xy_exp: 0.4138
     Episode_Reward/track_ang_vel_z_exp: 0.4585
            Episode_Reward/lin_vel_z_l2: -0.0245
           Episode_Reward/ang_vel_xy_l2: -0.1050
          Episode_Reward/dof_torques_l2: -0.0725
              Episode_Reward/dof_acc_l2: -0.1020
          Episode_Reward/action_rate_l2: -0.0873
           Episode_Reward/feet_air_time: -0.0241
     Episode_Reward/flat_orientation_l2: 0.0000
          Episode_Reward/dof_pos_limits: 0.0000
              Curriculum/terrain_levels: 0.6978
     Metrics/base_velocity/error_vel_xy: 1.4397
    Metrics/base_velocity/error_vel_yaw: 0.5906
           Episode_Termination/time_out: 0.7014
       Episode_Termination/base_contact: 0.2986
--------------------------------------------------------------------------------
                         Iteration time: 24.92s
                           Time elapsed: 00:43:04
                                    ETA: 05:12:56

################################################################################
[1m                          Learning iteration 121/1000                           [0m 

                            Total steps: 11993088 
                       Steps per second: 3960 
                        Collection time: 24.339s 
                          Learning time: 0.483s 
                        Mean value loss: 0.0150
                    Mean surrogate loss: -0.0054
                      Mean entropy loss: 10.6659
                            Mean reward: 8.73
                    Mean episode length: 932.50
                        Mean action std: 0.60
    Episode_Reward/track_lin_vel_xy_exp: 0.4137
     Episode_Reward/track_ang_vel_z_exp: 0.4768
            Episode_Reward/lin_vel_z_l2: -0.0229
           Episode_Reward/ang_vel_xy_l2: -0.1043
          Episode_Reward/dof_torques_l2: -0.0709
              Episode_Reward/dof_acc_l2: -0.1039
          Episode_Reward/action_rate_l2: -0.0893
           Episode_Reward/feet_air_time: -0.0246
     Episode_Reward/flat_orientation_l2: 0.0000
          Episode_Reward/dof_pos_limits: 0.0000
              Curriculum/terrain_levels: 0.6889
     Metrics/base_velocity/error_vel_xy: 1.5583
    Metrics/base_velocity/error_vel_yaw: 0.6002
           Episode_Termination/time_out: 0.7092
       Episode_Termination/base_contact: 0.2908
--------------------------------------------------------------------------------
                         Iteration time: 24.82s
                           Time elapsed: 00:43:29
                                    ETA: 05:13:00

################################################################################
[1m                          Learning iteration 122/1000                           [0m 

                            Total steps: 12091392 
                       Steps per second: 3957 
                        Collection time: 24.353s 
                          Learning time: 0.489s 
                        Mean value loss: 0.0150
                    Mean surrogate loss: -0.0053
                      Mean entropy loss: 10.6460
                            Mean reward: 8.91
                    Mean episode length: 936.07
                        Mean action std: 0.60
    Episode_Reward/track_lin_vel_xy_exp: 0.3717
     Episode_Reward/track_ang_vel_z_exp: 0.4834
            Episode_Reward/lin_vel_z_l2: -0.0225
           Episode_Reward/ang_vel_xy_l2: -0.0993
          Episode_Reward/dof_torques_l2: -0.0702
              Episode_Reward/dof_acc_l2: -0.1063
          Episode_Reward/action_rate_l2: -0.0899
           Episode_Reward/feet_air_time: -0.0253
     Episode_Reward/flat_orientation_l2: 0.0000
          Episode_Reward/dof_pos_limits: 0.0000
              Curriculum/terrain_levels: 0.6815
     Metrics/base_velocity/error_vel_xy: 1.5774
    Metrics/base_velocity/error_vel_yaw: 0.5931
           Episode_Termination/time_out: 0.7189
       Episode_Termination/base_contact: 0.2811
--------------------------------------------------------------------------------
                         Iteration time: 24.84s
                           Time elapsed: 00:43:54
                                    ETA: 05:13:03

################################################################################
[1m                          Learning iteration 123/1000                           [0m 

                            Total steps: 12189696 
                       Steps per second: 3944 
                        Collection time: 24.436s 
                          Learning time: 0.483s 
                        Mean value loss: 0.0157
                    Mean surrogate loss: -0.0059
                      Mean entropy loss: 10.6216
                            Mean reward: 7.41
                    Mean episode length: 902.51
                        Mean action std: 0.60
    Episode_Reward/track_lin_vel_xy_exp: 0.3487
     Episode_Reward/track_ang_vel_z_exp: 0.4676
            Episode_Reward/lin_vel_z_l2: -0.0230
           Episode_Reward/ang_vel_xy_l2: -0.0970
          Episode_Reward/dof_torques_l2: -0.0667
              Episode_Reward/dof_acc_l2: -0.1032
          Episode_Reward/action_rate_l2: -0.0864
           Episode_Reward/feet_air_time: -0.0232
     Episode_Reward/flat_orientation_l2: 0.0000
          Episode_Reward/dof_pos_limits: 0.0000
              Curriculum/terrain_levels: 0.6734
     Metrics/base_velocity/error_vel_xy: 1.6274
    Metrics/base_velocity/error_vel_yaw: 0.5752
           Episode_Termination/time_out: 0.7261
       Episode_Termination/base_contact: 0.2739
--------------------------------------------------------------------------------
                         Iteration time: 24.92s
                           Time elapsed: 00:44:19
                                    ETA: 05:13:06

################################################################################
[1m                          Learning iteration 124/1000                           [0m 

                            Total steps: 12288000 
                       Steps per second: 3947 
                        Collection time: 24.420s 
                          Learning time: 0.480s 
                        Mean value loss: 0.0126
                    Mean surrogate loss: -0.0045
                      Mean entropy loss: 10.6258
                            Mean reward: 8.64
                    Mean episode length: 885.57
                        Mean action std: 0.60
    Episode_Reward/track_lin_vel_xy_exp: 0.4122
     Episode_Reward/track_ang_vel_z_exp: 0.4408
            Episode_Reward/lin_vel_z_l2: -0.0241
           Episode_Reward/ang_vel_xy_l2: -0.1027
          Episode_Reward/dof_torques_l2: -0.0685
              Episode_Reward/dof_acc_l2: -0.0999
          Episode_Reward/action_rate_l2: -0.0843
           Episode_Reward/feet_air_time: -0.0241
     Episode_Reward/flat_orientation_l2: 0.0000
          Episode_Reward/dof_pos_limits: 0.0000
              Curriculum/terrain_levels: 0.6640
     Metrics/base_velocity/error_vel_xy: 1.3398
    Metrics/base_velocity/error_vel_yaw: 0.5724
           Episode_Termination/time_out: 0.7314
       Episode_Termination/base_contact: 0.2686
--------------------------------------------------------------------------------
                         Iteration time: 24.90s
                           Time elapsed: 00:44:44
                                    ETA: 05:13:09

################################################################################
[1m                          Learning iteration 125/1000                           [0m 

                            Total steps: 12386304 
                       Steps per second: 3922 
                        Collection time: 24.570s 
                          Learning time: 0.490s 
                        Mean value loss: 0.0151
                    Mean surrogate loss: -0.0045
                      Mean entropy loss: 10.6119
                            Mean reward: 9.11
                    Mean episode length: 963.47
                        Mean action std: 0.60
    Episode_Reward/track_lin_vel_xy_exp: 0.3758
     Episode_Reward/track_ang_vel_z_exp: 0.4961
            Episode_Reward/lin_vel_z_l2: -0.0238
           Episode_Reward/ang_vel_xy_l2: -0.1071
          Episode_Reward/dof_torques_l2: -0.0731
              Episode_Reward/dof_acc_l2: -0.1089
          Episode_Reward/action_rate_l2: -0.0931
           Episode_Reward/feet_air_time: -0.0259
     Episode_Reward/flat_orientation_l2: 0.0000
          Episode_Reward/dof_pos_limits: 0.0000
              Curriculum/terrain_levels: 0.6559
     Metrics/base_velocity/error_vel_xy: 1.6704
    Metrics/base_velocity/error_vel_yaw: 0.6131
           Episode_Termination/time_out: 0.7367
       Episode_Termination/base_contact: 0.2633
--------------------------------------------------------------------------------
                         Iteration time: 25.06s
                           Time elapsed: 00:45:09
                                    ETA: 05:13:12

################################################################################
[1m                          Learning iteration 126/1000                           [0m 

                            Total steps: 12484608 
                       Steps per second: 3929 
                        Collection time: 24.536s 
                          Learning time: 0.482s 
                        Mean value loss: 0.0126
                    Mean surrogate loss: -0.0051
                      Mean entropy loss: 10.5902
                            Mean reward: 8.91
                    Mean episode length: 968.49
                        Mean action std: 0.60
    Episode_Reward/track_lin_vel_xy_exp: 0.3719
     Episode_Reward/track_ang_vel_z_exp: 0.4978
            Episode_Reward/lin_vel_z_l2: -0.0235
           Episode_Reward/ang_vel_xy_l2: -0.1013
          Episode_Reward/dof_torques_l2: -0.0714
              Episode_Reward/dof_acc_l2: -0.1077
          Episode_Reward/action_rate_l2: -0.0914
           Episode_Reward/feet_air_time: -0.0253
     Episode_Reward/flat_orientation_l2: 0.0000
          Episode_Reward/dof_pos_limits: 0.0000
              Curriculum/terrain_levels: 0.6488
     Metrics/base_velocity/error_vel_xy: 1.6417
    Metrics/base_velocity/error_vel_yaw: 0.5925
           Episode_Termination/time_out: 0.7427
       Episode_Termination/base_contact: 0.2573
--------------------------------------------------------------------------------
                         Iteration time: 25.02s
                           Time elapsed: 00:45:34
                                    ETA: 05:13:15

################################################################################
[1m                          Learning iteration 127/1000                           [0m 

                            Total steps: 12582912 
                       Steps per second: 3934 
                        Collection time: 24.504s 
                          Learning time: 0.480s 
                        Mean value loss: 0.0149
                    Mean surrogate loss: -0.0052
                      Mean entropy loss: 10.5654
                            Mean reward: 8.68
                    Mean episode length: 914.15
                        Mean action std: 0.60
    Episode_Reward/track_lin_vel_xy_exp: 0.3802
     Episode_Reward/track_ang_vel_z_exp: 0.4690
            Episode_Reward/lin_vel_z_l2: -0.0240
           Episode_Reward/ang_vel_xy_l2: -0.1001
          Episode_Reward/dof_torques_l2: -0.0680
              Episode_Reward/dof_acc_l2: -0.1028
          Episode_Reward/action_rate_l2: -0.0860
           Episode_Reward/feet_air_time: -0.0240
     Episode_Reward/flat_orientation_l2: 0.0000
          Episode_Reward/dof_pos_limits: 0.0000
              Curriculum/terrain_levels: 0.6424
     Metrics/base_velocity/error_vel_xy: 1.4902
    Metrics/base_velocity/error_vel_yaw: 0.5571
           Episode_Termination/time_out: 0.7520
       Episode_Termination/base_contact: 0.2480
--------------------------------------------------------------------------------
                         Iteration time: 24.98s
                           Time elapsed: 00:45:59
                                    ETA: 05:13:17

################################################################################
[1m                          Learning iteration 128/1000                           [0m 

                            Total steps: 12681216 
                       Steps per second: 3943 
                        Collection time: 24.441s 
                          Learning time: 0.485s 
                        Mean value loss: 0.0157
                    Mean surrogate loss: -0.0060
                      Mean entropy loss: 10.5279
                            Mean reward: 9.13
                    Mean episode length: 923.06
                        Mean action std: 0.60
    Episode_Reward/track_lin_vel_xy_exp: 0.3879
     Episode_Reward/track_ang_vel_z_exp: 0.4817
            Episode_Reward/lin_vel_z_l2: -0.0242
           Episode_Reward/ang_vel_xy_l2: -0.1014
          Episode_Reward/dof_torques_l2: -0.0680
              Episode_Reward/dof_acc_l2: -0.1076
          Episode_Reward/action_rate_l2: -0.0880
           Episode_Reward/feet_air_time: -0.0245
     Episode_Reward/flat_orientation_l2: 0.0000
          Episode_Reward/dof_pos_limits: 0.0000
              Curriculum/terrain_levels: 0.6365
     Metrics/base_velocity/error_vel_xy: 1.5751
    Metrics/base_velocity/error_vel_yaw: 0.5592
           Episode_Termination/time_out: 0.7592
       Episode_Termination/base_contact: 0.2408
--------------------------------------------------------------------------------
                         Iteration time: 24.93s
                           Time elapsed: 00:46:24
                                    ETA: 05:13:18

################################################################################
[1m                          Learning iteration 129/1000                           [0m 

                            Total steps: 12779520 
                       Steps per second: 3941 
                        Collection time: 24.457s 
                          Learning time: 0.482s 
                        Mean value loss: 0.0152
                    Mean surrogate loss: -0.0051
                      Mean entropy loss: 10.4962
                            Mean reward: 9.18
                    Mean episode length: 920.06
                        Mean action std: 0.59
    Episode_Reward/track_lin_vel_xy_exp: 0.4627
     Episode_Reward/track_ang_vel_z_exp: 0.4574
            Episode_Reward/lin_vel_z_l2: -0.0242
           Episode_Reward/ang_vel_xy_l2: -0.0983
          Episode_Reward/dof_torques_l2: -0.0679
              Episode_Reward/dof_acc_l2: -0.1093
          Episode_Reward/action_rate_l2: -0.0879
           Episode_Reward/feet_air_time: -0.0239
     Episode_Reward/flat_orientation_l2: 0.0000
          Episode_Reward/dof_pos_limits: 0.0000
              Curriculum/terrain_levels: 0.6311
     Metrics/base_velocity/error_vel_xy: 1.4840
    Metrics/base_velocity/error_vel_yaw: 0.6382
           Episode_Termination/time_out: 0.7660
       Episode_Termination/base_contact: 0.2340
--------------------------------------------------------------------------------
                         Iteration time: 24.94s
                           Time elapsed: 00:46:49
                                    ETA: 05:13:19

################################################################################
[1m                          Learning iteration 130/1000                           [0m 

                            Total steps: 12877824 
                       Steps per second: 3941 
                        Collection time: 24.460s 
                          Learning time: 0.481s 
                        Mean value loss: 0.0179
                    Mean surrogate loss: -0.0050
                      Mean entropy loss: 10.4671
                            Mean reward: 10.84
                    Mean episode length: 964.06
                        Mean action std: 0.59
    Episode_Reward/track_lin_vel_xy_exp: 0.4646
     Episode_Reward/track_ang_vel_z_exp: 0.5011
            Episode_Reward/lin_vel_z_l2: -0.0242
           Episode_Reward/ang_vel_xy_l2: -0.1057
          Episode_Reward/dof_torques_l2: -0.0730
              Episode_Reward/dof_acc_l2: -0.1108
          Episode_Reward/action_rate_l2: -0.0928
           Episode_Reward/feet_air_time: -0.0258
     Episode_Reward/flat_orientation_l2: 0.0000
          Episode_Reward/dof_pos_limits: 0.0000
              Curriculum/terrain_levels: 0.6265
     Metrics/base_velocity/error_vel_xy: 1.5238
    Metrics/base_velocity/error_vel_yaw: 0.5949
           Episode_Termination/time_out: 0.7720
       Episode_Termination/base_contact: 0.2280
--------------------------------------------------------------------------------
                         Iteration time: 24.94s
                           Time elapsed: 00:47:14
                                    ETA: 05:13:19

################################################################################
[1m                          Learning iteration 131/1000                           [0m 

                            Total steps: 12976128 
                       Steps per second: 3932 
                        Collection time: 24.502s 
                          Learning time: 0.493s 
                        Mean value loss: 0.0162
                    Mean surrogate loss: -0.0056
                      Mean entropy loss: 10.4650
                            Mean reward: 9.69
                    Mean episode length: 922.78
                        Mean action std: 0.59
    Episode_Reward/track_lin_vel_xy_exp: 0.4165
     Episode_Reward/track_ang_vel_z_exp: 0.4711
            Episode_Reward/lin_vel_z_l2: -0.0235
           Episode_Reward/ang_vel_xy_l2: -0.0987
          Episode_Reward/dof_torques_l2: -0.0692
              Episode_Reward/dof_acc_l2: -0.1048
          Episode_Reward/action_rate_l2: -0.0882
           Episode_Reward/feet_air_time: -0.0226
     Episode_Reward/flat_orientation_l2: 0.0000
          Episode_Reward/dof_pos_limits: 0.0000
              Curriculum/terrain_levels: 0.6208
     Metrics/base_velocity/error_vel_xy: 1.4267
    Metrics/base_velocity/error_vel_yaw: 0.6079
           Episode_Termination/time_out: 0.7760
       Episode_Termination/base_contact: 0.2240
--------------------------------------------------------------------------------
                         Iteration time: 25.00s
                           Time elapsed: 00:47:39
                                    ETA: 05:13:20

################################################################################
[1m                          Learning iteration 132/1000                           [0m 

                            Total steps: 13074432 
                       Steps per second: 3935 
                        Collection time: 24.491s 
                          Learning time: 0.486s 
                        Mean value loss: 0.0163
                    Mean surrogate loss: -0.0056
                      Mean entropy loss: 10.4540
                            Mean reward: 9.64
                    Mean episode length: 950.23
                        Mean action std: 0.59
    Episode_Reward/track_lin_vel_xy_exp: 0.4218
     Episode_Reward/track_ang_vel_z_exp: 0.4888
            Episode_Reward/lin_vel_z_l2: -0.0237
           Episode_Reward/ang_vel_xy_l2: -0.1029
          Episode_Reward/dof_torques_l2: -0.0712
              Episode_Reward/dof_acc_l2: -0.1072
          Episode_Reward/action_rate_l2: -0.0906
           Episode_Reward/feet_air_time: -0.0247
     Episode_Reward/flat_orientation_l2: 0.0000
          Episode_Reward/dof_pos_limits: 0.0000
              Curriculum/terrain_levels: 0.6139
     Metrics/base_velocity/error_vel_xy: 1.5933
    Metrics/base_velocity/error_vel_yaw: 0.6102
           Episode_Termination/time_out: 0.7801
       Episode_Termination/base_contact: 0.2199
--------------------------------------------------------------------------------
                         Iteration time: 24.98s
                           Time elapsed: 00:48:04
                                    ETA: 05:13:20

################################################################################
[1m                          Learning iteration 133/1000                           [0m 

                            Total steps: 13172736 
                       Steps per second: 3940 
                        Collection time: 24.461s 
                          Learning time: 0.487s 
                        Mean value loss: 0.0200
                    Mean surrogate loss: -0.0063
                      Mean entropy loss: 10.4401
                            Mean reward: 10.43
                    Mean episode length: 970.73
                        Mean action std: 0.59
    Episode_Reward/track_lin_vel_xy_exp: 0.4550
     Episode_Reward/track_ang_vel_z_exp: 0.4851
            Episode_Reward/lin_vel_z_l2: -0.0249
           Episode_Reward/ang_vel_xy_l2: -0.1038
          Episode_Reward/dof_torques_l2: -0.0711
              Episode_Reward/dof_acc_l2: -0.1111
          Episode_Reward/action_rate_l2: -0.0905
           Episode_Reward/feet_air_time: -0.0256
     Episode_Reward/flat_orientation_l2: 0.0000
          Episode_Reward/dof_pos_limits: 0.0000
              Curriculum/terrain_levels: 0.6067
     Metrics/base_velocity/error_vel_xy: 1.4698
    Metrics/base_velocity/error_vel_yaw: 0.6083
           Episode_Termination/time_out: 0.7832
       Episode_Termination/base_contact: 0.2168
--------------------------------------------------------------------------------
                         Iteration time: 24.95s
                           Time elapsed: 00:48:28
                                    ETA: 05:13:19

################################################################################
[1m                          Learning iteration 134/1000                           [0m 

                            Total steps: 13271040 
                       Steps per second: 3947 
                        Collection time: 24.416s 
                          Learning time: 0.486s 
                        Mean value loss: 0.0190
                    Mean surrogate loss: -0.0042
                      Mean entropy loss: 10.4432
                            Mean reward: 11.79
                    Mean episode length: 969.55
                        Mean action std: 0.59
    Episode_Reward/track_lin_vel_xy_exp: 0.5082
     Episode_Reward/track_ang_vel_z_exp: 0.4994
            Episode_Reward/lin_vel_z_l2: -0.0249
           Episode_Reward/ang_vel_xy_l2: -0.1045
          Episode_Reward/dof_torques_l2: -0.0743
              Episode_Reward/dof_acc_l2: -0.1136
          Episode_Reward/action_rate_l2: -0.0922
           Episode_Reward/feet_air_time: -0.0266
     Episode_Reward/flat_orientation_l2: 0.0000
          Episode_Reward/dof_pos_limits: 0.0000
              Curriculum/terrain_levels: 0.6016
     Metrics/base_velocity/error_vel_xy: 1.3720
    Metrics/base_velocity/error_vel_yaw: 0.6134
           Episode_Termination/time_out: 0.7878
       Episode_Termination/base_contact: 0.2122
--------------------------------------------------------------------------------
                         Iteration time: 24.90s
                           Time elapsed: 00:48:53
                                    ETA: 05:13:18

################################################################################
[1m                          Learning iteration 135/1000                           [0m 

                            Total steps: 13369344 
                       Steps per second: 3940 
                        Collection time: 24.447s 
                          Learning time: 0.497s 
                        Mean value loss: 0.0142
                    Mean surrogate loss: -0.0055
                      Mean entropy loss: 10.4408
                            Mean reward: 10.21
                    Mean episode length: 960.78
                        Mean action std: 0.59
    Episode_Reward/track_lin_vel_xy_exp: 0.4424
     Episode_Reward/track_ang_vel_z_exp: 0.4949
            Episode_Reward/lin_vel_z_l2: -0.0261
           Episode_Reward/ang_vel_xy_l2: -0.1058
          Episode_Reward/dof_torques_l2: -0.0708
              Episode_Reward/dof_acc_l2: -0.1171
          Episode_Reward/action_rate_l2: -0.0904
           Episode_Reward/feet_air_time: -0.0252
     Episode_Reward/flat_orientation_l2: 0.0000
          Episode_Reward/dof_pos_limits: 0.0000
              Curriculum/terrain_levels: 0.5966
     Metrics/base_velocity/error_vel_xy: 1.5030
    Metrics/base_velocity/error_vel_yaw: 0.5753
           Episode_Termination/time_out: 0.7933
       Episode_Termination/base_contact: 0.2067
--------------------------------------------------------------------------------
                         Iteration time: 24.94s
                           Time elapsed: 00:49:18
                                    ETA: 05:13:17

################################################################################
[1m                          Learning iteration 136/1000                           [0m 

                            Total steps: 13467648 
                       Steps per second: 3936 
                        Collection time: 24.487s 
                          Learning time: 0.482s 
                        Mean value loss: 0.0145
                    Mean surrogate loss: -0.0051
                      Mean entropy loss: 10.4199
                            Mean reward: 10.22
                    Mean episode length: 930.22
                        Mean action std: 0.59
    Episode_Reward/track_lin_vel_xy_exp: 0.4223
     Episode_Reward/track_ang_vel_z_exp: 0.4832
            Episode_Reward/lin_vel_z_l2: -0.0235
           Episode_Reward/ang_vel_xy_l2: -0.0969
          Episode_Reward/dof_torques_l2: -0.0658
              Episode_Reward/dof_acc_l2: -0.1074
          Episode_Reward/action_rate_l2: -0.0869
           Episode_Reward/feet_air_time: -0.0241
     Episode_Reward/flat_orientation_l2: 0.0000
          Episode_Reward/dof_pos_limits: 0.0000
              Curriculum/terrain_levels: 0.5930
     Metrics/base_velocity/error_vel_xy: 1.4664
    Metrics/base_velocity/error_vel_yaw: 0.5562
           Episode_Termination/time_out: 0.7983
       Episode_Termination/base_contact: 0.2017
--------------------------------------------------------------------------------
                         Iteration time: 24.97s
                           Time elapsed: 00:49:43
                                    ETA: 05:13:15

################################################################################
[1m                          Learning iteration 137/1000                           [0m 

                            Total steps: 13565952 
                       Steps per second: 3947 
                        Collection time: 24.411s 
                          Learning time: 0.489s 
                        Mean value loss: 0.0146
                    Mean surrogate loss: -0.0052
                      Mean entropy loss: 10.4100
                            Mean reward: 10.79
                    Mean episode length: 936.88
                        Mean action std: 0.59
    Episode_Reward/track_lin_vel_xy_exp: 0.4760
     Episode_Reward/track_ang_vel_z_exp: 0.4874
            Episode_Reward/lin_vel_z_l2: -0.0261
           Episode_Reward/ang_vel_xy_l2: -0.1076
          Episode_Reward/dof_torques_l2: -0.0702
              Episode_Reward/dof_acc_l2: -0.1157
          Episode_Reward/action_rate_l2: -0.0898
           Episode_Reward/feet_air_time: -0.0253
     Episode_Reward/flat_orientation_l2: 0.0000
          Episode_Reward/dof_pos_limits: 0.0000
              Curriculum/terrain_levels: 0.5900
     Metrics/base_velocity/error_vel_xy: 1.4232
    Metrics/base_velocity/error_vel_yaw: 0.5775
           Episode_Termination/time_out: 0.8034
       Episode_Termination/base_contact: 0.1966
--------------------------------------------------------------------------------
                         Iteration time: 24.90s
                           Time elapsed: 00:50:08
                                    ETA: 05:13:13

################################################################################
[1m                          Learning iteration 138/1000                           [0m 

                            Total steps: 13664256 
                       Steps per second: 4029 
                        Collection time: 23.918s 
                          Learning time: 0.480s 
                        Mean value loss: 0.0171
                    Mean surrogate loss: -0.0052
                      Mean entropy loss: 10.4045
                            Mean reward: 10.96
                    Mean episode length: 959.04
                        Mean action std: 0.59
    Episode_Reward/track_lin_vel_xy_exp: 0.5120
     Episode_Reward/track_ang_vel_z_exp: 0.4999
            Episode_Reward/lin_vel_z_l2: -0.0249
           Episode_Reward/ang_vel_xy_l2: -0.1044
          Episode_Reward/dof_torques_l2: -0.0707
              Episode_Reward/dof_acc_l2: -0.1142
          Episode_Reward/action_rate_l2: -0.0908
           Episode_Reward/feet_air_time: -0.0251
     Episode_Reward/flat_orientation_l2: 0.0000
          Episode_Reward/dof_pos_limits: 0.0000
              Curriculum/terrain_levels: 0.5864
     Metrics/base_velocity/error_vel_xy: 1.4157
    Metrics/base_velocity/error_vel_yaw: 0.5780
           Episode_Termination/time_out: 0.8091
       Episode_Termination/base_contact: 0.1909
--------------------------------------------------------------------------------
                         Iteration time: 24.40s
                           Time elapsed: 00:50:33
                                    ETA: 05:13:07

################################################################################
[1m                          Learning iteration 139/1000                           [0m 

                            Total steps: 13762560 
                       Steps per second: 3936 
                        Collection time: 24.491s 
                          Learning time: 0.484s 
                        Mean value loss: 0.0200
                    Mean surrogate loss: -0.0045
                      Mean entropy loss: 10.4177
                            Mean reward: 10.87
                    Mean episode length: 955.87
                        Mean action std: 0.59
    Episode_Reward/track_lin_vel_xy_exp: 0.4672
     Episode_Reward/track_ang_vel_z_exp: 0.5041
            Episode_Reward/lin_vel_z_l2: -0.0242
           Episode_Reward/ang_vel_xy_l2: -0.0997
          Episode_Reward/dof_torques_l2: -0.0706
              Episode_Reward/dof_acc_l2: -0.1111
          Episode_Reward/action_rate_l2: -0.0898
           Episode_Reward/feet_air_time: -0.0241
     Episode_Reward/flat_orientation_l2: 0.0000
          Episode_Reward/dof_pos_limits: 0.0000
              Curriculum/terrain_levels: 0.5839
     Metrics/base_velocity/error_vel_xy: 1.5500
    Metrics/base_velocity/error_vel_yaw: 0.5603
           Episode_Termination/time_out: 0.8138
       Episode_Termination/base_contact: 0.1862
--------------------------------------------------------------------------------
                         Iteration time: 24.98s
                           Time elapsed: 00:50:58
                                    ETA: 05:13:05

################################################################################
[1m                          Learning iteration 140/1000                           [0m 

                            Total steps: 13860864 
                       Steps per second: 3926 
                        Collection time: 24.550s 
                          Learning time: 0.485s 
                        Mean value loss: 0.0174
                    Mean surrogate loss: -0.0050
                      Mean entropy loss: 10.4150
                            Mean reward: 11.15
                    Mean episode length: 973.06
                        Mean action std: 0.59
    Episode_Reward/track_lin_vel_xy_exp: 0.5224
     Episode_Reward/track_ang_vel_z_exp: 0.5101
            Episode_Reward/lin_vel_z_l2: -0.0256
           Episode_Reward/ang_vel_xy_l2: -0.1053
          Episode_Reward/dof_torques_l2: -0.0716
              Episode_Reward/dof_acc_l2: -0.1164
          Episode_Reward/action_rate_l2: -0.0924
           Episode_Reward/feet_air_time: -0.0256
     Episode_Reward/flat_orientation_l2: 0.0000
          Episode_Reward/dof_pos_limits: 0.0000
              Curriculum/terrain_levels: 0.5807
     Metrics/base_velocity/error_vel_xy: 1.4926
    Metrics/base_velocity/error_vel_yaw: 0.5834
           Episode_Termination/time_out: 0.8201
       Episode_Termination/base_contact: 0.1799
--------------------------------------------------------------------------------
                         Iteration time: 25.03s
                           Time elapsed: 00:51:23
                                    ETA: 05:13:02

################################################################################
[1m                          Learning iteration 141/1000                           [0m 

                            Total steps: 13959168 
                       Steps per second: 3939 
                        Collection time: 24.471s 
                          Learning time: 0.485s 
                        Mean value loss: 0.0184
                    Mean surrogate loss: -0.0049
                      Mean entropy loss: 10.3953
                            Mean reward: 9.68
                    Mean episode length: 963.42
                        Mean action std: 0.59
    Episode_Reward/track_lin_vel_xy_exp: 0.4293
     Episode_Reward/track_ang_vel_z_exp: 0.5032
            Episode_Reward/lin_vel_z_l2: -0.0247
           Episode_Reward/ang_vel_xy_l2: -0.1042
          Episode_Reward/dof_torques_l2: -0.0690
              Episode_Reward/dof_acc_l2: -0.1150
          Episode_Reward/action_rate_l2: -0.0913
           Episode_Reward/feet_air_time: -0.0258
     Episode_Reward/flat_orientation_l2: 0.0000
          Episode_Reward/dof_pos_limits: 0.0000
              Curriculum/terrain_levels: 0.5788
     Metrics/base_velocity/error_vel_xy: 1.6101
    Metrics/base_velocity/error_vel_yaw: 0.5914
           Episode_Termination/time_out: 0.8275
       Episode_Termination/base_contact: 0.1725
--------------------------------------------------------------------------------
                         Iteration time: 24.96s
                           Time elapsed: 00:51:48
                                    ETA: 05:12:59

################################################################################
[1m                          Learning iteration 142/1000                           [0m 

                            Total steps: 14057472 
                       Steps per second: 3937 
                        Collection time: 24.481s 
                          Learning time: 0.483s 
                        Mean value loss: 0.0153
                    Mean surrogate loss: -0.0050
                      Mean entropy loss: 10.3765
                            Mean reward: 10.16
                    Mean episode length: 937.08
                        Mean action std: 0.59
    Episode_Reward/track_lin_vel_xy_exp: 0.4351
     Episode_Reward/track_ang_vel_z_exp: 0.4915
            Episode_Reward/lin_vel_z_l2: -0.0241
           Episode_Reward/ang_vel_xy_l2: -0.0951
          Episode_Reward/dof_torques_l2: -0.0664
              Episode_Reward/dof_acc_l2: -0.1100
          Episode_Reward/action_rate_l2: -0.0868
           Episode_Reward/feet_air_time: -0.0231
     Episode_Reward/flat_orientation_l2: 0.0000
          Episode_Reward/dof_pos_limits: 0.0000
              Curriculum/terrain_levels: 0.5742
     Metrics/base_velocity/error_vel_xy: 1.5417
    Metrics/base_velocity/error_vel_yaw: 0.5575
           Episode_Termination/time_out: 0.8340
       Episode_Termination/base_contact: 0.1660
--------------------------------------------------------------------------------
                         Iteration time: 24.96s
                           Time elapsed: 00:52:13
                                    ETA: 05:12:56

################################################################################
[1m                          Learning iteration 143/1000                           [0m 

                            Total steps: 14155776 
                       Steps per second: 3948 
                        Collection time: 24.408s 
                          Learning time: 0.486s 
                        Mean value loss: 0.0185
                    Mean surrogate loss: -0.0052
                      Mean entropy loss: 10.3648
                            Mean reward: 10.77
                    Mean episode length: 928.80
                        Mean action std: 0.59
    Episode_Reward/track_lin_vel_xy_exp: 0.4511
     Episode_Reward/track_ang_vel_z_exp: 0.4722
            Episode_Reward/lin_vel_z_l2: -0.0251
           Episode_Reward/ang_vel_xy_l2: -0.0992
          Episode_Reward/dof_torques_l2: -0.0639
              Episode_Reward/dof_acc_l2: -0.1105
          Episode_Reward/action_rate_l2: -0.0856
           Episode_Reward/feet_air_time: -0.0240
     Episode_Reward/flat_orientation_l2: 0.0000
          Episode_Reward/dof_pos_limits: 0.0000
              Curriculum/terrain_levels: 0.5699
     Metrics/base_velocity/error_vel_xy: 1.4101
    Metrics/base_velocity/error_vel_yaw: 0.5550
           Episode_Termination/time_out: 0.8374
       Episode_Termination/base_contact: 0.1626
--------------------------------------------------------------------------------
                         Iteration time: 24.89s
                           Time elapsed: 00:52:37
                                    ETA: 05:12:52

################################################################################
[1m                          Learning iteration 144/1000                           [0m 

                            Total steps: 14254080 
                       Steps per second: 3940 
                        Collection time: 24.463s 
                          Learning time: 0.486s 
                        Mean value loss: 0.0173
                    Mean surrogate loss: -0.0055
                      Mean entropy loss: 10.3716
                            Mean reward: 9.81
                    Mean episode length: 968.28
                        Mean action std: 0.59
    Episode_Reward/track_lin_vel_xy_exp: 0.4246
     Episode_Reward/track_ang_vel_z_exp: 0.5086
            Episode_Reward/lin_vel_z_l2: -0.0248
           Episode_Reward/ang_vel_xy_l2: -0.0999
          Episode_Reward/dof_torques_l2: -0.0704
              Episode_Reward/dof_acc_l2: -0.1207
          Episode_Reward/action_rate_l2: -0.0912
           Episode_Reward/feet_air_time: -0.0253
     Episode_Reward/flat_orientation_l2: 0.0000
          Episode_Reward/dof_pos_limits: 0.0000
              Curriculum/terrain_levels: 0.5678
     Metrics/base_velocity/error_vel_xy: 1.6630
    Metrics/base_velocity/error_vel_yaw: 0.5793
           Episode_Termination/time_out: 0.8423
       Episode_Termination/base_contact: 0.1577
--------------------------------------------------------------------------------
                         Iteration time: 24.95s
                           Time elapsed: 00:53:02
                                    ETA: 05:12:47

################################################################################
[1m                          Learning iteration 145/1000                           [0m 

                            Total steps: 14352384 
                       Steps per second: 3942 
                        Collection time: 24.457s 
                          Learning time: 0.480s 
                        Mean value loss: 0.0131
                    Mean surrogate loss: -0.0046
                      Mean entropy loss: 10.3466
                            Mean reward: 9.78
                    Mean episode length: 955.44
                        Mean action std: 0.59
    Episode_Reward/track_lin_vel_xy_exp: 0.3932
     Episode_Reward/track_ang_vel_z_exp: 0.5041
            Episode_Reward/lin_vel_z_l2: -0.0242
           Episode_Reward/ang_vel_xy_l2: -0.0929
          Episode_Reward/dof_torques_l2: -0.0638
              Episode_Reward/dof_acc_l2: -0.1145
          Episode_Reward/action_rate_l2: -0.0881
           Episode_Reward/feet_air_time: -0.0230
     Episode_Reward/flat_orientation_l2: 0.0000
          Episode_Reward/dof_pos_limits: 0.0000
              Curriculum/terrain_levels: 0.5637
     Metrics/base_velocity/error_vel_xy: 1.7097
    Metrics/base_velocity/error_vel_yaw: 0.5682
           Episode_Termination/time_out: 0.8475
       Episode_Termination/base_contact: 0.1525
--------------------------------------------------------------------------------
                         Iteration time: 24.94s
                           Time elapsed: 00:53:27
                                    ETA: 05:12:43

################################################################################
[1m                          Learning iteration 146/1000                           [0m 

                            Total steps: 14450688 
                       Steps per second: 3933 
                        Collection time: 24.507s 
                          Learning time: 0.487s 
                        Mean value loss: 0.0166
                    Mean surrogate loss: -0.0033
                      Mean entropy loss: 10.3303
                            Mean reward: 10.93
                    Mean episode length: 956.32
                        Mean action std: 0.59
    Episode_Reward/track_lin_vel_xy_exp: 0.4465
     Episode_Reward/track_ang_vel_z_exp: 0.4917
            Episode_Reward/lin_vel_z_l2: -0.0258
           Episode_Reward/ang_vel_xy_l2: -0.1003
          Episode_Reward/dof_torques_l2: -0.0689
              Episode_Reward/dof_acc_l2: -0.1206
          Episode_Reward/action_rate_l2: -0.0892
           Episode_Reward/feet_air_time: -0.0248
     Episode_Reward/flat_orientation_l2: 0.0000
          Episode_Reward/dof_pos_limits: 0.0000
              Curriculum/terrain_levels: 0.5620
     Metrics/base_velocity/error_vel_xy: 1.5435
    Metrics/base_velocity/error_vel_yaw: 0.5841
           Episode_Termination/time_out: 0.8512
       Episode_Termination/base_contact: 0.1488
--------------------------------------------------------------------------------
                         Iteration time: 24.99s
                           Time elapsed: 00:53:52
                                    ETA: 05:12:38

################################################################################
[1m                          Learning iteration 147/1000                           [0m 

                            Total steps: 14548992 
                       Steps per second: 3932 
                        Collection time: 24.514s 
                          Learning time: 0.486s 
                        Mean value loss: 0.0168
                    Mean surrogate loss: -0.0053
                      Mean entropy loss: 10.3368
                            Mean reward: 11.49
                    Mean episode length: 948.63
                        Mean action std: 0.59
    Episode_Reward/track_lin_vel_xy_exp: 0.5122
     Episode_Reward/track_ang_vel_z_exp: 0.4933
            Episode_Reward/lin_vel_z_l2: -0.0270
           Episode_Reward/ang_vel_xy_l2: -0.1054
          Episode_Reward/dof_torques_l2: -0.0710
              Episode_Reward/dof_acc_l2: -0.1221
          Episode_Reward/action_rate_l2: -0.0910
           Episode_Reward/feet_air_time: -0.0251
     Episode_Reward/flat_orientation_l2: 0.0000
          Episode_Reward/dof_pos_limits: 0.0000
              Curriculum/terrain_levels: 0.5610
     Metrics/base_velocity/error_vel_xy: 1.4688
    Metrics/base_velocity/error_vel_yaw: 0.5920
           Episode_Termination/time_out: 0.8534
       Episode_Termination/base_contact: 0.1466
--------------------------------------------------------------------------------
                         Iteration time: 25.00s
                           Time elapsed: 00:54:17
                                    ETA: 05:12:34

################################################################################
[1m                          Learning iteration 148/1000                           [0m 

                            Total steps: 14647296 
                       Steps per second: 3929 
                        Collection time: 24.525s 
                          Learning time: 0.492s 
                        Mean value loss: 0.0201
                    Mean surrogate loss: -0.0056
                      Mean entropy loss: 10.3509
                            Mean reward: 11.04
                    Mean episode length: 972.31
                        Mean action std: 0.59
    Episode_Reward/track_lin_vel_xy_exp: 0.4744
     Episode_Reward/track_ang_vel_z_exp: 0.5069
            Episode_Reward/lin_vel_z_l2: -0.0255
           Episode_Reward/ang_vel_xy_l2: -0.0994
          Episode_Reward/dof_torques_l2: -0.0692
              Episode_Reward/dof_acc_l2: -0.1203
          Episode_Reward/action_rate_l2: -0.0904
           Episode_Reward/feet_air_time: -0.0235
     Episode_Reward/flat_orientation_l2: 0.0000
          Episode_Reward/dof_pos_limits: 0.0000
              Curriculum/terrain_levels: 0.5617
     Metrics/base_velocity/error_vel_xy: 1.6031
    Metrics/base_velocity/error_vel_yaw: 0.5905
           Episode_Termination/time_out: 0.8562
       Episode_Termination/base_contact: 0.1438
--------------------------------------------------------------------------------
                         Iteration time: 25.02s
                           Time elapsed: 00:54:42
                                    ETA: 05:12:29

################################################################################
[1m                          Learning iteration 149/1000                           [0m 

                            Total steps: 14745600 
                       Steps per second: 3931 
                        Collection time: 24.515s 
                          Learning time: 0.491s 
                        Mean value loss: 0.0166
                    Mean surrogate loss: -0.0054
                      Mean entropy loss: 10.3344
                            Mean reward: 10.33
                    Mean episode length: 941.62
                        Mean action std: 0.59
    Episode_Reward/track_lin_vel_xy_exp: 0.4138
     Episode_Reward/track_ang_vel_z_exp: 0.4944
            Episode_Reward/lin_vel_z_l2: -0.0240
           Episode_Reward/ang_vel_xy_l2: -0.0928
          Episode_Reward/dof_torques_l2: -0.0650
              Episode_Reward/dof_acc_l2: -0.1104
          Episode_Reward/action_rate_l2: -0.0857
           Episode_Reward/feet_air_time: -0.0223
     Episode_Reward/flat_orientation_l2: 0.0000
          Episode_Reward/dof_pos_limits: 0.0000
              Curriculum/terrain_levels: 0.5593
     Metrics/base_velocity/error_vel_xy: 1.6346
    Metrics/base_velocity/error_vel_yaw: 0.5585
           Episode_Termination/time_out: 0.8592
       Episode_Termination/base_contact: 0.1408
--------------------------------------------------------------------------------
                         Iteration time: 25.01s
                           Time elapsed: 00:55:07
                                    ETA: 05:12:24

################################################################################
[1m                          Learning iteration 150/1000                           [0m 

                            Total steps: 14843904 
                       Steps per second: 3941 
                        Collection time: 24.458s 
                          Learning time: 0.484s 
                        Mean value loss: 0.0170
                    Mean surrogate loss: -0.0052
                      Mean entropy loss: 10.3271
                            Mean reward: 11.72
                    Mean episode length: 979.33
                        Mean action std: 0.59
    Episode_Reward/track_lin_vel_xy_exp: 0.5446
     Episode_Reward/track_ang_vel_z_exp: 0.5155
            Episode_Reward/lin_vel_z_l2: -0.0254
           Episode_Reward/ang_vel_xy_l2: -0.1017
          Episode_Reward/dof_torques_l2: -0.0711
              Episode_Reward/dof_acc_l2: -0.1206
          Episode_Reward/action_rate_l2: -0.0916
           Episode_Reward/feet_air_time: -0.0252
     Episode_Reward/flat_orientation_l2: 0.0000
          Episode_Reward/dof_pos_limits: 0.0000
              Curriculum/terrain_levels: 0.5552
     Metrics/base_velocity/error_vel_xy: 1.4487
    Metrics/base_velocity/error_vel_yaw: 0.5844
           Episode_Termination/time_out: 0.8622
       Episode_Termination/base_contact: 0.1378
--------------------------------------------------------------------------------
                         Iteration time: 24.94s
                           Time elapsed: 00:55:32
                                    ETA: 05:12:18

################################################################################
[1m                          Learning iteration 151/1000                           [0m 

                            Total steps: 14942208 
                       Steps per second: 3952 
                        Collection time: 24.390s 
                          Learning time: 0.481s 
                        Mean value loss: 0.0182
                    Mean surrogate loss: -0.0064
                      Mean entropy loss: 10.3164
                            Mean reward: 11.84
                    Mean episode length: 970.32
                        Mean action std: 0.59
    Episode_Reward/track_lin_vel_xy_exp: 0.5163
     Episode_Reward/track_ang_vel_z_exp: 0.4978
            Episode_Reward/lin_vel_z_l2: -0.0258
           Episode_Reward/ang_vel_xy_l2: -0.0986
          Episode_Reward/dof_torques_l2: -0.0675
              Episode_Reward/dof_acc_l2: -0.1185
          Episode_Reward/action_rate_l2: -0.0888
           Episode_Reward/feet_air_time: -0.0250
     Episode_Reward/flat_orientation_l2: 0.0000
          Episode_Reward/dof_pos_limits: 0.0000
              Curriculum/terrain_levels: 0.5513
     Metrics/base_velocity/error_vel_xy: 1.4655
    Metrics/base_velocity/error_vel_yaw: 0.5810
           Episode_Termination/time_out: 0.8649
       Episode_Termination/base_contact: 0.1351
--------------------------------------------------------------------------------
                         Iteration time: 24.87s
                           Time elapsed: 00:55:57
                                    ETA: 05:12:12

################################################################################
[1m                          Learning iteration 152/1000                           [0m 

                            Total steps: 15040512 
                       Steps per second: 3940 
                        Collection time: 24.461s 
                          Learning time: 0.486s 
                        Mean value loss: 0.0166
                    Mean surrogate loss: -0.0067
                      Mean entropy loss: 10.3056
                            Mean reward: 10.38
                    Mean episode length: 938.60
                        Mean action std: 0.59
    Episode_Reward/track_lin_vel_xy_exp: 0.3921
     Episode_Reward/track_ang_vel_z_exp: 0.4908
            Episode_Reward/lin_vel_z_l2: -0.0239
           Episode_Reward/ang_vel_xy_l2: -0.0932
          Episode_Reward/dof_torques_l2: -0.0651
              Episode_Reward/dof_acc_l2: -0.1151
          Episode_Reward/action_rate_l2: -0.0861
           Episode_Reward/feet_air_time: -0.0232
     Episode_Reward/flat_orientation_l2: 0.0000
          Episode_Reward/dof_pos_limits: 0.0000
              Curriculum/terrain_levels: 0.5478
     Metrics/base_velocity/error_vel_xy: 1.7397
    Metrics/base_velocity/error_vel_yaw: 0.5616
           Episode_Termination/time_out: 0.8668
       Episode_Termination/base_contact: 0.1332
--------------------------------------------------------------------------------
                         Iteration time: 24.95s
                           Time elapsed: 00:56:22
                                    ETA: 05:12:05

################################################################################
[1m                          Learning iteration 153/1000                           [0m 

                            Total steps: 15138816 
                       Steps per second: 3960 
                        Collection time: 24.336s 
                          Learning time: 0.485s 
                        Mean value loss: 0.0156
                    Mean surrogate loss: -0.0059
                      Mean entropy loss: 10.2955
                            Mean reward: 10.74
                    Mean episode length: 927.07
                        Mean action std: 0.59
    Episode_Reward/track_lin_vel_xy_exp: 0.4407
     Episode_Reward/track_ang_vel_z_exp: 0.4761
            Episode_Reward/lin_vel_z_l2: -0.0247
           Episode_Reward/ang_vel_xy_l2: -0.0926
          Episode_Reward/dof_torques_l2: -0.0654
              Episode_Reward/dof_acc_l2: -0.1125
          Episode_Reward/action_rate_l2: -0.0834
           Episode_Reward/feet_air_time: -0.0228
     Episode_Reward/flat_orientation_l2: 0.0000
          Episode_Reward/dof_pos_limits: 0.0000
              Curriculum/terrain_levels: 0.5455
     Metrics/base_velocity/error_vel_xy: 1.4547
    Metrics/base_velocity/error_vel_yaw: 0.5332
           Episode_Termination/time_out: 0.8672
       Episode_Termination/base_contact: 0.1328
--------------------------------------------------------------------------------
                         Iteration time: 24.82s
                           Time elapsed: 00:56:47
                                    ETA: 05:11:58

################################################################################
[1m                          Learning iteration 154/1000                           [0m 

                            Total steps: 15237120 
                       Steps per second: 3965 
                        Collection time: 24.301s 
                          Learning time: 0.486s 
                        Mean value loss: 0.0158
                    Mean surrogate loss: -0.0062
                      Mean entropy loss: 10.2992
                            Mean reward: 11.13
                    Mean episode length: 948.01
                        Mean action std: 0.59
    Episode_Reward/track_lin_vel_xy_exp: 0.4328
     Episode_Reward/track_ang_vel_z_exp: 0.4958
            Episode_Reward/lin_vel_z_l2: -0.0243
           Episode_Reward/ang_vel_xy_l2: -0.0951
          Episode_Reward/dof_torques_l2: -0.0662
              Episode_Reward/dof_acc_l2: -0.1184
          Episode_Reward/action_rate_l2: -0.0882
           Episode_Reward/feet_air_time: -0.0238
     Episode_Reward/flat_orientation_l2: 0.0000
          Episode_Reward/dof_pos_limits: 0.0000
              Curriculum/terrain_levels: 0.5433
     Metrics/base_velocity/error_vel_xy: 1.6516
    Metrics/base_velocity/error_vel_yaw: 0.5894
           Episode_Termination/time_out: 0.8694
       Episode_Termination/base_contact: 0.1306
--------------------------------------------------------------------------------
                         Iteration time: 24.79s
                           Time elapsed: 00:57:12
                                    ETA: 05:11:50

################################################################################
[1m                          Learning iteration 155/1000                           [0m 

                            Total steps: 15335424 
                       Steps per second: 3981 
                        Collection time: 24.205s 
                          Learning time: 0.482s 
                        Mean value loss: 0.0170
                    Mean surrogate loss: -0.0054
                      Mean entropy loss: 10.2925
                            Mean reward: 10.75
                    Mean episode length: 963.08
                        Mean action std: 0.59
    Episode_Reward/track_lin_vel_xy_exp: 0.4460
     Episode_Reward/track_ang_vel_z_exp: 0.4915
            Episode_Reward/lin_vel_z_l2: -0.0244
           Episode_Reward/ang_vel_xy_l2: -0.0937
          Episode_Reward/dof_torques_l2: -0.0659
              Episode_Reward/dof_acc_l2: -0.1201
          Episode_Reward/action_rate_l2: -0.0874
           Episode_Reward/feet_air_time: -0.0239
     Episode_Reward/flat_orientation_l2: 0.0000
          Episode_Reward/dof_pos_limits: 0.0000
              Curriculum/terrain_levels: 0.5449
     Metrics/base_velocity/error_vel_xy: 1.5325
    Metrics/base_velocity/error_vel_yaw: 0.5868
           Episode_Termination/time_out: 0.8727
       Episode_Termination/base_contact: 0.1273
--------------------------------------------------------------------------------
                         Iteration time: 24.69s
                           Time elapsed: 00:57:36
                                    ETA: 05:11:42

################################################################################
[1m                          Learning iteration 156/1000                           [0m 

                            Total steps: 15433728 
                       Steps per second: 3956 
                        Collection time: 24.355s 
                          Learning time: 0.491s 
                        Mean value loss: 0.0159
                    Mean surrogate loss: -0.0061
                      Mean entropy loss: 10.2861
                            Mean reward: 10.91
                    Mean episode length: 956.49
                        Mean action std: 0.59
    Episode_Reward/track_lin_vel_xy_exp: 0.5193
     Episode_Reward/track_ang_vel_z_exp: 0.5054
            Episode_Reward/lin_vel_z_l2: -0.0276
           Episode_Reward/ang_vel_xy_l2: -0.1036
          Episode_Reward/dof_torques_l2: -0.0697
              Episode_Reward/dof_acc_l2: -0.1195
          Episode_Reward/action_rate_l2: -0.0900
           Episode_Reward/feet_air_time: -0.0255
     Episode_Reward/flat_orientation_l2: 0.0000
          Episode_Reward/dof_pos_limits: 0.0000
              Curriculum/terrain_levels: 0.5448
     Metrics/base_velocity/error_vel_xy: 1.4014
    Metrics/base_velocity/error_vel_yaw: 0.5632
           Episode_Termination/time_out: 0.8758
       Episode_Termination/base_contact: 0.1242
--------------------------------------------------------------------------------
                         Iteration time: 24.85s
                           Time elapsed: 00:58:01
                                    ETA: 05:11:34

################################################################################
[1m                          Learning iteration 157/1000                           [0m 

                            Total steps: 15532032 
                       Steps per second: 3966 
                        Collection time: 24.295s 
                          Learning time: 0.486s 
                        Mean value loss: 0.0176
                    Mean surrogate loss: -0.0050
                      Mean entropy loss: 10.2731
                            Mean reward: 11.30
                    Mean episode length: 939.74
                        Mean action std: 0.59
    Episode_Reward/track_lin_vel_xy_exp: 0.4576
     Episode_Reward/track_ang_vel_z_exp: 0.5103
            Episode_Reward/lin_vel_z_l2: -0.0247
           Episode_Reward/ang_vel_xy_l2: -0.0940
          Episode_Reward/dof_torques_l2: -0.0677
              Episode_Reward/dof_acc_l2: -0.1176
          Episode_Reward/action_rate_l2: -0.0877
           Episode_Reward/feet_air_time: -0.0241
     Episode_Reward/flat_orientation_l2: 0.0000
          Episode_Reward/dof_pos_limits: 0.0000
              Curriculum/terrain_levels: 0.5439
     Metrics/base_velocity/error_vel_xy: 1.5421
    Metrics/base_velocity/error_vel_yaw: 0.5481
           Episode_Termination/time_out: 0.8786
       Episode_Termination/base_contact: 0.1214
--------------------------------------------------------------------------------
                         Iteration time: 24.78s
                           Time elapsed: 00:58:26
                                    ETA: 05:11:26

################################################################################
[1m                          Learning iteration 158/1000                           [0m 

                            Total steps: 15630336 
                       Steps per second: 3965 
                        Collection time: 24.309s 
                          Learning time: 0.482s 
                        Mean value loss: 0.0180
                    Mean surrogate loss: -0.0041
                      Mean entropy loss: 10.2835
                            Mean reward: 11.39
                    Mean episode length: 935.85
                        Mean action std: 0.59
    Episode_Reward/track_lin_vel_xy_exp: 0.4627
     Episode_Reward/track_ang_vel_z_exp: 0.4843
            Episode_Reward/lin_vel_z_l2: -0.0256
           Episode_Reward/ang_vel_xy_l2: -0.0965
          Episode_Reward/dof_torques_l2: -0.0666
              Episode_Reward/dof_acc_l2: -0.1170
          Episode_Reward/action_rate_l2: -0.0860
           Episode_Reward/feet_air_time: -0.0231
     Episode_Reward/flat_orientation_l2: 0.0000
          Episode_Reward/dof_pos_limits: 0.0000
              Curriculum/terrain_levels: 0.5420
     Metrics/base_velocity/error_vel_xy: 1.4988
    Metrics/base_velocity/error_vel_yaw: 0.5575
           Episode_Termination/time_out: 0.8800
       Episode_Termination/base_contact: 0.1200
--------------------------------------------------------------------------------
                         Iteration time: 24.79s
                           Time elapsed: 00:58:51
                                    ETA: 05:11:18

################################################################################
[1m                          Learning iteration 159/1000                           [0m 

                            Total steps: 15728640 
                       Steps per second: 3987 
                        Collection time: 24.172s 
                          Learning time: 0.481s 
                        Mean value loss: 0.0168
                    Mean surrogate loss: -0.0051
                      Mean entropy loss: 10.2886
                            Mean reward: 11.22
                    Mean episode length: 947.90
                        Mean action std: 0.59
    Episode_Reward/track_lin_vel_xy_exp: 0.4953
     Episode_Reward/track_ang_vel_z_exp: 0.4916
            Episode_Reward/lin_vel_z_l2: -0.0243
           Episode_Reward/ang_vel_xy_l2: -0.0936
          Episode_Reward/dof_torques_l2: -0.0663
              Episode_Reward/dof_acc_l2: -0.1194
          Episode_Reward/action_rate_l2: -0.0874
           Episode_Reward/feet_air_time: -0.0234
     Episode_Reward/flat_orientation_l2: 0.0000
          Episode_Reward/dof_pos_limits: 0.0000
              Curriculum/terrain_levels: 0.5420
     Metrics/base_velocity/error_vel_xy: 1.4568
    Metrics/base_velocity/error_vel_yaw: 0.5944
           Episode_Termination/time_out: 0.8804
       Episode_Termination/base_contact: 0.1196
--------------------------------------------------------------------------------
                         Iteration time: 24.65s
                           Time elapsed: 00:59:15
                                    ETA: 05:11:08

################################################################################
[1m                          Learning iteration 160/1000                           [0m 

                            Total steps: 15826944 
                       Steps per second: 3979 
                        Collection time: 24.212s 
                          Learning time: 0.492s 
                        Mean value loss: 0.0164
                    Mean surrogate loss: -0.0060
                      Mean entropy loss: 10.2896
                            Mean reward: 11.20
                    Mean episode length: 947.09
                        Mean action std: 0.59
    Episode_Reward/track_lin_vel_xy_exp: 0.4954
     Episode_Reward/track_ang_vel_z_exp: 0.4928
            Episode_Reward/lin_vel_z_l2: -0.0246
           Episode_Reward/ang_vel_xy_l2: -0.0937
          Episode_Reward/dof_torques_l2: -0.0654
              Episode_Reward/dof_acc_l2: -0.1142
          Episode_Reward/action_rate_l2: -0.0863
           Episode_Reward/feet_air_time: -0.0233
     Episode_Reward/flat_orientation_l2: 0.0000
          Episode_Reward/dof_pos_limits: 0.0000
              Curriculum/terrain_levels: 0.5410
     Metrics/base_velocity/error_vel_xy: 1.4252
    Metrics/base_velocity/error_vel_yaw: 0.5797
           Episode_Termination/time_out: 0.8812
       Episode_Termination/base_contact: 0.1188
--------------------------------------------------------------------------------
                         Iteration time: 24.70s
                           Time elapsed: 00:59:40
                                    ETA: 05:10:59

################################################################################
[1m                          Learning iteration 161/1000                           [0m 

                            Total steps: 15925248 
                       Steps per second: 3971 
                        Collection time: 24.268s 
                          Learning time: 0.483s 
                        Mean value loss: 0.0168
                    Mean surrogate loss: -0.0054
                      Mean entropy loss: 10.2861
                            Mean reward: 12.26
                    Mean episode length: 974.27
                        Mean action std: 0.59
    Episode_Reward/track_lin_vel_xy_exp: 0.5114
     Episode_Reward/track_ang_vel_z_exp: 0.5005
            Episode_Reward/lin_vel_z_l2: -0.0240
           Episode_Reward/ang_vel_xy_l2: -0.0945
          Episode_Reward/dof_torques_l2: -0.0682
              Episode_Reward/dof_acc_l2: -0.1193
          Episode_Reward/action_rate_l2: -0.0883
           Episode_Reward/feet_air_time: -0.0251
     Episode_Reward/flat_orientation_l2: 0.0000
          Episode_Reward/dof_pos_limits: 0.0000
              Curriculum/terrain_levels: 0.5389
     Metrics/base_velocity/error_vel_xy: 1.5259
    Metrics/base_velocity/error_vel_yaw: 0.5791
           Episode_Termination/time_out: 0.8831
       Episode_Termination/base_contact: 0.1169
--------------------------------------------------------------------------------
                         Iteration time: 24.75s
                           Time elapsed: 01:00:05
                                    ETA: 05:10:50

################################################################################
[1m                          Learning iteration 162/1000                           [0m 

                            Total steps: 16023552 
                       Steps per second: 3977 
                        Collection time: 24.231s 
                          Learning time: 0.483s 
                        Mean value loss: 0.0180
                    Mean surrogate loss: -0.0056
                      Mean entropy loss: 10.2713
                            Mean reward: 11.40
                    Mean episode length: 986.03
                        Mean action std: 0.58
    Episode_Reward/track_lin_vel_xy_exp: 0.5025
     Episode_Reward/track_ang_vel_z_exp: 0.5105
            Episode_Reward/lin_vel_z_l2: -0.0250
           Episode_Reward/ang_vel_xy_l2: -0.0973
          Episode_Reward/dof_torques_l2: -0.0685
              Episode_Reward/dof_acc_l2: -0.1218
          Episode_Reward/action_rate_l2: -0.0897
           Episode_Reward/feet_air_time: -0.0244
     Episode_Reward/flat_orientation_l2: 0.0000
          Episode_Reward/dof_pos_limits: 0.0000
              Curriculum/terrain_levels: 0.5374
     Metrics/base_velocity/error_vel_xy: 1.4859
    Metrics/base_velocity/error_vel_yaw: 0.5881
           Episode_Termination/time_out: 0.8866
       Episode_Termination/base_contact: 0.1134
--------------------------------------------------------------------------------
                         Iteration time: 24.71s
                           Time elapsed: 01:00:30
                                    ETA: 05:10:40

################################################################################
[1m                          Learning iteration 163/1000                           [0m 

                            Total steps: 16121856 
                       Steps per second: 3980 
                        Collection time: 24.208s 
                          Learning time: 0.488s 
                        Mean value loss: 0.0160
                    Mean surrogate loss: -0.0056
                      Mean entropy loss: 10.2409
                            Mean reward: 11.14
                    Mean episode length: 964.94
                        Mean action std: 0.58
    Episode_Reward/track_lin_vel_xy_exp: 0.4773
     Episode_Reward/track_ang_vel_z_exp: 0.5160
            Episode_Reward/lin_vel_z_l2: -0.0247
           Episode_Reward/ang_vel_xy_l2: -0.0954
          Episode_Reward/dof_torques_l2: -0.0653
              Episode_Reward/dof_acc_l2: -0.1209
          Episode_Reward/action_rate_l2: -0.0885
           Episode_Reward/feet_air_time: -0.0246
     Episode_Reward/flat_orientation_l2: 0.0000
          Episode_Reward/dof_pos_limits: 0.0000
              Curriculum/terrain_levels: 0.5378
     Metrics/base_velocity/error_vel_xy: 1.5923
    Metrics/base_velocity/error_vel_yaw: 0.5533
           Episode_Termination/time_out: 0.8897
       Episode_Termination/base_contact: 0.1103
--------------------------------------------------------------------------------
                         Iteration time: 24.70s
                           Time elapsed: 01:00:54
                                    ETA: 05:10:30

################################################################################
[1m                          Learning iteration 164/1000                           [0m 

                            Total steps: 16220160 
                       Steps per second: 3987 
                        Collection time: 24.166s 
                          Learning time: 0.485s 
                        Mean value loss: 0.0171
                    Mean surrogate loss: -0.0057
                      Mean entropy loss: 10.2100
                            Mean reward: 11.48
                    Mean episode length: 938.30
                        Mean action std: 0.58
    Episode_Reward/track_lin_vel_xy_exp: 0.4581
     Episode_Reward/track_ang_vel_z_exp: 0.5051
            Episode_Reward/lin_vel_z_l2: -0.0249
           Episode_Reward/ang_vel_xy_l2: -0.0928
          Episode_Reward/dof_torques_l2: -0.0652
              Episode_Reward/dof_acc_l2: -0.1127
          Episode_Reward/action_rate_l2: -0.0848
           Episode_Reward/feet_air_time: -0.0234
     Episode_Reward/flat_orientation_l2: 0.0000
          Episode_Reward/dof_pos_limits: 0.0000
              Curriculum/terrain_levels: 0.5360
     Metrics/base_velocity/error_vel_xy: 1.6042
    Metrics/base_velocity/error_vel_yaw: 0.5195
           Episode_Termination/time_out: 0.8899
       Episode_Termination/base_contact: 0.1101
--------------------------------------------------------------------------------
                         Iteration time: 24.65s
                           Time elapsed: 01:01:19
                                    ETA: 05:10:20

################################################################################
[1m                          Learning iteration 165/1000                           [0m 

                            Total steps: 16318464 
                       Steps per second: 3966 
                        Collection time: 24.300s 
                          Learning time: 0.482s 
                        Mean value loss: 0.0184
                    Mean surrogate loss: -0.0054
                      Mean entropy loss: 10.1912
                            Mean reward: 12.41
                    Mean episode length: 986.96
                        Mean action std: 0.58
    Episode_Reward/track_lin_vel_xy_exp: 0.5151
     Episode_Reward/track_ang_vel_z_exp: 0.5134
            Episode_Reward/lin_vel_z_l2: -0.0261
           Episode_Reward/ang_vel_xy_l2: -0.0991
          Episode_Reward/dof_torques_l2: -0.0697
              Episode_Reward/dof_acc_l2: -0.1275
          Episode_Reward/action_rate_l2: -0.0903
           Episode_Reward/feet_air_time: -0.0253
     Episode_Reward/flat_orientation_l2: 0.0000
          Episode_Reward/dof_pos_limits: 0.0000
              Curriculum/terrain_levels: 0.5359
     Metrics/base_velocity/error_vel_xy: 1.5529
    Metrics/base_velocity/error_vel_yaw: 0.5930
           Episode_Termination/time_out: 0.8914
       Episode_Termination/base_contact: 0.1086
--------------------------------------------------------------------------------
                         Iteration time: 24.78s
                           Time elapsed: 01:01:44
                                    ETA: 05:10:10

################################################################################
[1m                          Learning iteration 166/1000                           [0m 

                            Total steps: 16416768 
                       Steps per second: 3964 
                        Collection time: 24.309s 
                          Learning time: 0.485s 
                        Mean value loss: 0.0135
                    Mean surrogate loss: -0.0050
                      Mean entropy loss: 10.1854
                            Mean reward: 12.03
                    Mean episode length: 957.93
                        Mean action std: 0.58
    Episode_Reward/track_lin_vel_xy_exp: 0.4850
     Episode_Reward/track_ang_vel_z_exp: 0.4857
            Episode_Reward/lin_vel_z_l2: -0.0259
           Episode_Reward/ang_vel_xy_l2: -0.0948
          Episode_Reward/dof_torques_l2: -0.0677
              Episode_Reward/dof_acc_l2: -0.1215
          Episode_Reward/action_rate_l2: -0.0866
           Episode_Reward/feet_air_time: -0.0238
     Episode_Reward/flat_orientation_l2: 0.0000
          Episode_Reward/dof_pos_limits: 0.0000
              Curriculum/terrain_levels: 0.5364
     Metrics/base_velocity/error_vel_xy: 1.4400
    Metrics/base_velocity/error_vel_yaw: 0.5839
           Episode_Termination/time_out: 0.8951
       Episode_Termination/base_contact: 0.1049
--------------------------------------------------------------------------------
                         Iteration time: 24.79s
                           Time elapsed: 01:02:09
                                    ETA: 05:10:00

################################################################################
[1m                          Learning iteration 167/1000                           [0m 

                            Total steps: 16515072 
                       Steps per second: 3960 
                        Collection time: 24.330s 
                          Learning time: 0.493s 
                        Mean value loss: 0.0168
                    Mean surrogate loss: -0.0065
                      Mean entropy loss: 10.1655
                            Mean reward: 12.90
                    Mean episode length: 981.35
                        Mean action std: 0.58
    Episode_Reward/track_lin_vel_xy_exp: 0.5895
     Episode_Reward/track_ang_vel_z_exp: 0.5305
            Episode_Reward/lin_vel_z_l2: -0.0256
           Episode_Reward/ang_vel_xy_l2: -0.0971
          Episode_Reward/dof_torques_l2: -0.0697
              Episode_Reward/dof_acc_l2: -0.1222
          Episode_Reward/action_rate_l2: -0.0899
           Episode_Reward/feet_air_time: -0.0247
     Episode_Reward/flat_orientation_l2: 0.0000
          Episode_Reward/dof_pos_limits: 0.0000
              Curriculum/terrain_levels: 0.5362
     Metrics/base_velocity/error_vel_xy: 1.3007
    Metrics/base_velocity/error_vel_yaw: 0.5588
           Episode_Termination/time_out: 0.8960
       Episode_Termination/base_contact: 0.1040
--------------------------------------------------------------------------------
                         Iteration time: 24.82s
                           Time elapsed: 01:02:33
                                    ETA: 05:09:50

################################################################################
[1m                          Learning iteration 168/1000                           [0m 

                            Total steps: 16613376 
                       Steps per second: 3967 
                        Collection time: 24.292s 
                          Learning time: 0.485s 
                        Mean value loss: 0.0154
                    Mean surrogate loss: -0.0050
                      Mean entropy loss: 10.1552
                            Mean reward: 11.91
                    Mean episode length: 975.73
                        Mean action std: 0.58
    Episode_Reward/track_lin_vel_xy_exp: 0.5486
     Episode_Reward/track_ang_vel_z_exp: 0.5102
            Episode_Reward/lin_vel_z_l2: -0.0251
           Episode_Reward/ang_vel_xy_l2: -0.0956
          Episode_Reward/dof_torques_l2: -0.0686
              Episode_Reward/dof_acc_l2: -0.1209
          Episode_Reward/action_rate_l2: -0.0888
           Episode_Reward/feet_air_time: -0.0240
     Episode_Reward/flat_orientation_l2: 0.0000
          Episode_Reward/dof_pos_limits: 0.0000
              Curriculum/terrain_levels: 0.5382
     Metrics/base_velocity/error_vel_xy: 1.4963
    Metrics/base_velocity/error_vel_yaw: 0.5842
           Episode_Termination/time_out: 0.8967
       Episode_Termination/base_contact: 0.1033
--------------------------------------------------------------------------------
                         Iteration time: 24.78s
                           Time elapsed: 01:02:58
                                    ETA: 05:09:40

################################################################################
[1m                          Learning iteration 169/1000                           [0m 

                            Total steps: 16711680 
                       Steps per second: 3973 
                        Collection time: 24.258s 
                          Learning time: 0.480s 
                        Mean value loss: 0.0166
                    Mean surrogate loss: -0.0048
                      Mean entropy loss: 10.1531
                            Mean reward: 11.84
                    Mean episode length: 963.44
                        Mean action std: 0.58
    Episode_Reward/track_lin_vel_xy_exp: 0.4420
     Episode_Reward/track_ang_vel_z_exp: 0.5258
            Episode_Reward/lin_vel_z_l2: -0.0245
           Episode_Reward/ang_vel_xy_l2: -0.0925
          Episode_Reward/dof_torques_l2: -0.0656
              Episode_Reward/dof_acc_l2: -0.1182
          Episode_Reward/action_rate_l2: -0.0880
           Episode_Reward/feet_air_time: -0.0248
     Episode_Reward/flat_orientation_l2: 0.0000
          Episode_Reward/dof_pos_limits: 0.0000
              Curriculum/terrain_levels: 0.5382
     Metrics/base_velocity/error_vel_xy: 1.6808
    Metrics/base_velocity/error_vel_yaw: 0.5493
           Episode_Termination/time_out: 0.8999
       Episode_Termination/base_contact: 0.1001
--------------------------------------------------------------------------------
                         Iteration time: 24.74s
                           Time elapsed: 01:03:23
                                    ETA: 05:09:29

################################################################################
[1m                          Learning iteration 170/1000                           [0m 

                            Total steps: 16809984 
                       Steps per second: 3954 
                        Collection time: 24.371s 
                          Learning time: 0.486s 
                        Mean value loss: 0.0161
                    Mean surrogate loss: -0.0054
                      Mean entropy loss: 10.1397
                            Mean reward: 10.97
                    Mean episode length: 944.86
                        Mean action std: 0.58
    Episode_Reward/track_lin_vel_xy_exp: 0.4117
     Episode_Reward/track_ang_vel_z_exp: 0.4791
            Episode_Reward/lin_vel_z_l2: -0.0254
           Episode_Reward/ang_vel_xy_l2: -0.0913
          Episode_Reward/dof_torques_l2: -0.0640
              Episode_Reward/dof_acc_l2: -0.1170
          Episode_Reward/action_rate_l2: -0.0829
           Episode_Reward/feet_air_time: -0.0231
     Episode_Reward/flat_orientation_l2: 0.0000
          Episode_Reward/dof_pos_limits: 0.0000
              Curriculum/terrain_levels: 0.5384
     Metrics/base_velocity/error_vel_xy: 1.5722
    Metrics/base_velocity/error_vel_yaw: 0.5403
           Episode_Termination/time_out: 0.9014
       Episode_Termination/base_contact: 0.0986
--------------------------------------------------------------------------------
                         Iteration time: 24.86s
                           Time elapsed: 01:03:48
                                    ETA: 05:09:19

################################################################################
[1m                          Learning iteration 171/1000                           [0m 

                            Total steps: 16908288 
                       Steps per second: 3960 
                        Collection time: 24.334s 
                          Learning time: 0.488s 
                        Mean value loss: 0.0177
                    Mean surrogate loss: -0.0062
                      Mean entropy loss: 10.1136
                            Mean reward: 11.25
                    Mean episode length: 948.25
                        Mean action std: 0.58
    Episode_Reward/track_lin_vel_xy_exp: 0.5134
     Episode_Reward/track_ang_vel_z_exp: 0.5062
            Episode_Reward/lin_vel_z_l2: -0.0252
           Episode_Reward/ang_vel_xy_l2: -0.0956
          Episode_Reward/dof_torques_l2: -0.0666
              Episode_Reward/dof_acc_l2: -0.1181
          Episode_Reward/action_rate_l2: -0.0870
           Episode_Reward/feet_air_time: -0.0248
     Episode_Reward/flat_orientation_l2: 0.0000
          Episode_Reward/dof_pos_limits: 0.0000
              Curriculum/terrain_levels: 0.5380
     Metrics/base_velocity/error_vel_xy: 1.4023
    Metrics/base_velocity/error_vel_yaw: 0.5622
           Episode_Termination/time_out: 0.9030
       Episode_Termination/base_contact: 0.0970
--------------------------------------------------------------------------------
                         Iteration time: 24.82s
                           Time elapsed: 01:04:13
                                    ETA: 05:09:08

################################################################################
[1m                          Learning iteration 172/1000                           [0m 

                            Total steps: 17006592 
                       Steps per second: 3970 
                        Collection time: 24.270s 
                          Learning time: 0.488s 
                        Mean value loss: 0.0162
                    Mean surrogate loss: -0.0046
                      Mean entropy loss: 10.0976
                            Mean reward: 10.77
                    Mean episode length: 968.43
                        Mean action std: 0.58
    Episode_Reward/track_lin_vel_xy_exp: 0.4116
     Episode_Reward/track_ang_vel_z_exp: 0.5202
            Episode_Reward/lin_vel_z_l2: -0.0238
           Episode_Reward/ang_vel_xy_l2: -0.0903
          Episode_Reward/dof_torques_l2: -0.0655
              Episode_Reward/dof_acc_l2: -0.1149
          Episode_Reward/action_rate_l2: -0.0865
           Episode_Reward/feet_air_time: -0.0235
     Episode_Reward/flat_orientation_l2: 0.0000
          Episode_Reward/dof_pos_limits: 0.0000
              Curriculum/terrain_levels: 0.5359
     Metrics/base_velocity/error_vel_xy: 1.6511
    Metrics/base_velocity/error_vel_yaw: 0.5465
           Episode_Termination/time_out: 0.9032
       Episode_Termination/base_contact: 0.0968
--------------------------------------------------------------------------------
                         Iteration time: 24.76s
                           Time elapsed: 01:04:37
                                    ETA: 05:08:57

################################################################################
[1m                          Learning iteration 173/1000                           [0m 

                            Total steps: 17104896 
                       Steps per second: 3964 
                        Collection time: 24.317s 
                          Learning time: 0.481s 
                        Mean value loss: 0.0205
                    Mean surrogate loss: -0.0053
                      Mean entropy loss: 10.0880
                            Mean reward: 13.73
                    Mean episode length: 957.51
                        Mean action std: 0.58
    Episode_Reward/track_lin_vel_xy_exp: 0.6524
     Episode_Reward/track_ang_vel_z_exp: 0.5136
            Episode_Reward/lin_vel_z_l2: -0.0276
           Episode_Reward/ang_vel_xy_l2: -0.1054
          Episode_Reward/dof_torques_l2: -0.0736
              Episode_Reward/dof_acc_l2: -0.1235
          Episode_Reward/action_rate_l2: -0.0900
           Episode_Reward/feet_air_time: -0.0243
     Episode_Reward/flat_orientation_l2: 0.0000
          Episode_Reward/dof_pos_limits: 0.0000
              Curriculum/terrain_levels: 0.5344
     Metrics/base_velocity/error_vel_xy: 1.2546
    Metrics/base_velocity/error_vel_yaw: 0.5423
           Episode_Termination/time_out: 0.9046
       Episode_Termination/base_contact: 0.0954
--------------------------------------------------------------------------------
                         Iteration time: 24.80s
                           Time elapsed: 01:05:02
                                    ETA: 05:08:46

################################################################################
[1m                          Learning iteration 174/1000                           [0m 

                            Total steps: 17203200 
                       Steps per second: 3960 
                        Collection time: 24.337s 
                          Learning time: 0.482s 
                        Mean value loss: 0.0176
                    Mean surrogate loss: -0.0055
                      Mean entropy loss: 10.0978
                            Mean reward: 11.93
                    Mean episode length: 962.53
                        Mean action std: 0.58
    Episode_Reward/track_lin_vel_xy_exp: 0.4939
     Episode_Reward/track_ang_vel_z_exp: 0.5193
            Episode_Reward/lin_vel_z_l2: -0.0254
           Episode_Reward/ang_vel_xy_l2: -0.0963
          Episode_Reward/dof_torques_l2: -0.0678
              Episode_Reward/dof_acc_l2: -0.1182
          Episode_Reward/action_rate_l2: -0.0873
           Episode_Reward/feet_air_time: -0.0245
     Episode_Reward/flat_orientation_l2: 0.0000
          Episode_Reward/dof_pos_limits: 0.0000
              Curriculum/terrain_levels: 0.5351
     Metrics/base_velocity/error_vel_xy: 1.4361
    Metrics/base_velocity/error_vel_yaw: 0.5325
           Episode_Termination/time_out: 0.9052
       Episode_Termination/base_contact: 0.0948
--------------------------------------------------------------------------------
                         Iteration time: 24.82s
                           Time elapsed: 01:05:27
                                    ETA: 05:08:35

################################################################################
[1m                          Learning iteration 175/1000                           [0m 

                            Total steps: 17301504 
                       Steps per second: 3980 
                        Collection time: 24.210s 
                          Learning time: 0.486s 
                        Mean value loss: 0.0194
                    Mean surrogate loss: -0.0057
                      Mean entropy loss: 10.0754
                            Mean reward: 11.53
                    Mean episode length: 981.50
                        Mean action std: 0.58
    Episode_Reward/track_lin_vel_xy_exp: 0.4355
     Episode_Reward/track_ang_vel_z_exp: 0.5157
            Episode_Reward/lin_vel_z_l2: -0.0257
           Episode_Reward/ang_vel_xy_l2: -0.0944
          Episode_Reward/dof_torques_l2: -0.0668
              Episode_Reward/dof_acc_l2: -0.1238
          Episode_Reward/action_rate_l2: -0.0878
           Episode_Reward/feet_air_time: -0.0248
     Episode_Reward/flat_orientation_l2: 0.0000
          Episode_Reward/dof_pos_limits: 0.0000
              Curriculum/terrain_levels: 0.5339
     Metrics/base_velocity/error_vel_xy: 1.6447
    Metrics/base_velocity/error_vel_yaw: 0.5620
           Episode_Termination/time_out: 0.9065
       Episode_Termination/base_contact: 0.0935
--------------------------------------------------------------------------------
                         Iteration time: 24.70s
                           Time elapsed: 01:05:52
                                    ETA: 05:08:23

################################################################################
[1m                          Learning iteration 176/1000                           [0m 

                            Total steps: 17399808 
                       Steps per second: 3970 
                        Collection time: 24.270s 
                          Learning time: 0.490s 
                        Mean value loss: 0.0184
                    Mean surrogate loss: -0.0065
                      Mean entropy loss: 10.0694
                            Mean reward: 12.03
                    Mean episode length: 965.46
                        Mean action std: 0.58
    Episode_Reward/track_lin_vel_xy_exp: 0.4918
     Episode_Reward/track_ang_vel_z_exp: 0.5113
            Episode_Reward/lin_vel_z_l2: -0.0245
           Episode_Reward/ang_vel_xy_l2: -0.0919
          Episode_Reward/dof_torques_l2: -0.0677
              Episode_Reward/dof_acc_l2: -0.1190
          Episode_Reward/action_rate_l2: -0.0867
           Episode_Reward/feet_air_time: -0.0229
     Episode_Reward/flat_orientation_l2: 0.0000
          Episode_Reward/dof_pos_limits: 0.0000
              Curriculum/terrain_levels: 0.5341
     Metrics/base_velocity/error_vel_xy: 1.5524
    Metrics/base_velocity/error_vel_yaw: 0.5635
           Episode_Termination/time_out: 0.9071
       Episode_Termination/base_contact: 0.0929
--------------------------------------------------------------------------------
                         Iteration time: 24.76s
                           Time elapsed: 01:06:16
                                    ETA: 05:08:11

################################################################################
[1m                          Learning iteration 177/1000                           [0m 

                            Total steps: 17498112 
                       Steps per second: 3969 
                        Collection time: 24.277s 
                          Learning time: 0.489s 
                        Mean value loss: 0.0153
                    Mean surrogate loss: -0.0056
                      Mean entropy loss: 10.0619
                            Mean reward: 11.97
                    Mean episode length: 969.79
                        Mean action std: 0.58
    Episode_Reward/track_lin_vel_xy_exp: 0.4746
     Episode_Reward/track_ang_vel_z_exp: 0.5231
            Episode_Reward/lin_vel_z_l2: -0.0256
           Episode_Reward/ang_vel_xy_l2: -0.0958
          Episode_Reward/dof_torques_l2: -0.0687
              Episode_Reward/dof_acc_l2: -0.1238
          Episode_Reward/action_rate_l2: -0.0885
           Episode_Reward/feet_air_time: -0.0254
     Episode_Reward/flat_orientation_l2: 0.0000
          Episode_Reward/dof_pos_limits: 0.0000
              Curriculum/terrain_levels: 0.5344
     Metrics/base_velocity/error_vel_xy: 1.5169
    Metrics/base_velocity/error_vel_yaw: 0.5508
           Episode_Termination/time_out: 0.9081
       Episode_Termination/base_contact: 0.0919
--------------------------------------------------------------------------------
                         Iteration time: 24.77s
                           Time elapsed: 01:06:41
                                    ETA: 05:07:59

################################################################################
[1m                          Learning iteration 178/1000                           [0m 

                            Total steps: 17596416 
                       Steps per second: 3965 
                        Collection time: 24.306s 
                          Learning time: 0.484s 
                        Mean value loss: 0.0148
                    Mean surrogate loss: -0.0060
                      Mean entropy loss: 10.0543
                            Mean reward: 11.30
                    Mean episode length: 982.49
                        Mean action std: 0.58
    Episode_Reward/track_lin_vel_xy_exp: 0.3993
     Episode_Reward/track_ang_vel_z_exp: 0.5260
            Episode_Reward/lin_vel_z_l2: -0.0226
           Episode_Reward/ang_vel_xy_l2: -0.0863
          Episode_Reward/dof_torques_l2: -0.0629
              Episode_Reward/dof_acc_l2: -0.1204
          Episode_Reward/action_rate_l2: -0.0868
           Episode_Reward/feet_air_time: -0.0238
     Episode_Reward/flat_orientation_l2: 0.0000
          Episode_Reward/dof_pos_limits: 0.0000
              Curriculum/terrain_levels: 0.5355
     Metrics/base_velocity/error_vel_xy: 1.8648
    Metrics/base_velocity/error_vel_yaw: 0.5672
           Episode_Termination/time_out: 0.9098
       Episode_Termination/base_contact: 0.0902
--------------------------------------------------------------------------------
                         Iteration time: 24.79s
                           Time elapsed: 01:07:06
                                    ETA: 05:07:47

################################################################################
[1m                          Learning iteration 179/1000                           [0m 

                            Total steps: 17694720 
                       Steps per second: 3966 
                        Collection time: 24.297s 
                          Learning time: 0.487s 
                        Mean value loss: 0.0147
                    Mean surrogate loss: -0.0047
                      Mean entropy loss: 10.0589
                            Mean reward: 12.48
                    Mean episode length: 974.28
                        Mean action std: 0.58
    Episode_Reward/track_lin_vel_xy_exp: 0.5204
     Episode_Reward/track_ang_vel_z_exp: 0.5170
            Episode_Reward/lin_vel_z_l2: -0.0245
           Episode_Reward/ang_vel_xy_l2: -0.0918
          Episode_Reward/dof_torques_l2: -0.0661
              Episode_Reward/dof_acc_l2: -0.1180
          Episode_Reward/action_rate_l2: -0.0873
           Episode_Reward/feet_air_time: -0.0246
     Episode_Reward/flat_orientation_l2: 0.0000
          Episode_Reward/dof_pos_limits: 0.0000
              Curriculum/terrain_levels: 0.5332
     Metrics/base_velocity/error_vel_xy: 1.4631
    Metrics/base_velocity/error_vel_yaw: 0.5736
           Episode_Termination/time_out: 0.9110
       Episode_Termination/base_contact: 0.0890
--------------------------------------------------------------------------------
                         Iteration time: 24.78s
                           Time elapsed: 01:07:31
                                    ETA: 05:07:35

################################################################################
[1m                          Learning iteration 180/1000                           [0m 

                            Total steps: 17793024 
                       Steps per second: 3965 
                        Collection time: 24.306s 
                          Learning time: 0.486s 
                        Mean value loss: 0.0169
                    Mean surrogate loss: -0.0061
                      Mean entropy loss: 10.0550
                            Mean reward: 13.06
                    Mean episode length: 974.24
                        Mean action std: 0.58
    Episode_Reward/track_lin_vel_xy_exp: 0.5573
     Episode_Reward/track_ang_vel_z_exp: 0.5195
            Episode_Reward/lin_vel_z_l2: -0.0230
           Episode_Reward/ang_vel_xy_l2: -0.0914
          Episode_Reward/dof_torques_l2: -0.0668
              Episode_Reward/dof_acc_l2: -0.1154
          Episode_Reward/action_rate_l2: -0.0868
           Episode_Reward/feet_air_time: -0.0248
     Episode_Reward/flat_orientation_l2: 0.0000
          Episode_Reward/dof_pos_limits: 0.0000
              Curriculum/terrain_levels: 0.5332
     Metrics/base_velocity/error_vel_xy: 1.4716
    Metrics/base_velocity/error_vel_yaw: 0.5629
           Episode_Termination/time_out: 0.9118
       Episode_Termination/base_contact: 0.0882
--------------------------------------------------------------------------------
                         Iteration time: 24.79s
                           Time elapsed: 01:07:56
                                    ETA: 05:07:23

################################################################################
[1m                          Learning iteration 181/1000                           [0m 

                            Total steps: 17891328 
                       Steps per second: 3966 
                        Collection time: 24.298s 
                          Learning time: 0.483s 
                        Mean value loss: 0.0150
                    Mean surrogate loss: -0.0045
                      Mean entropy loss: 10.0675
                            Mean reward: 11.91
                    Mean episode length: 966.18
                        Mean action std: 0.58
    Episode_Reward/track_lin_vel_xy_exp: 0.4906
     Episode_Reward/track_ang_vel_z_exp: 0.5272
            Episode_Reward/lin_vel_z_l2: -0.0237
           Episode_Reward/ang_vel_xy_l2: -0.0899
          Episode_Reward/dof_torques_l2: -0.0668
              Episode_Reward/dof_acc_l2: -0.1134
          Episode_Reward/action_rate_l2: -0.0862
           Episode_Reward/feet_air_time: -0.0236
     Episode_Reward/flat_orientation_l2: 0.0000
          Episode_Reward/dof_pos_limits: 0.0000
              Curriculum/terrain_levels: 0.5307
     Metrics/base_velocity/error_vel_xy: 1.6438
    Metrics/base_velocity/error_vel_yaw: 0.5368
           Episode_Termination/time_out: 0.9122
       Episode_Termination/base_contact: 0.0878
--------------------------------------------------------------------------------
                         Iteration time: 24.78s
                           Time elapsed: 01:08:20
                                    ETA: 05:07:11

################################################################################
[1m                          Learning iteration 182/1000                           [0m 

                            Total steps: 17989632 
                       Steps per second: 3967 
                        Collection time: 24.288s 
                          Learning time: 0.492s 
                        Mean value loss: 0.0191
                    Mean surrogate loss: -0.0061
                      Mean entropy loss: 10.0803
                            Mean reward: 11.76
                    Mean episode length: 958.05
                        Mean action std: 0.58
    Episode_Reward/track_lin_vel_xy_exp: 0.4692
     Episode_Reward/track_ang_vel_z_exp: 0.5089
            Episode_Reward/lin_vel_z_l2: -0.0242
           Episode_Reward/ang_vel_xy_l2: -0.0893
          Episode_Reward/dof_torques_l2: -0.0631
              Episode_Reward/dof_acc_l2: -0.1148
          Episode_Reward/action_rate_l2: -0.0842
           Episode_Reward/feet_air_time: -0.0232
     Episode_Reward/flat_orientation_l2: 0.0000
          Episode_Reward/dof_pos_limits: 0.0000
              Curriculum/terrain_levels: 0.5312
     Metrics/base_velocity/error_vel_xy: 1.5685
    Metrics/base_velocity/error_vel_yaw: 0.5467
           Episode_Termination/time_out: 0.9117
       Episode_Termination/base_contact: 0.0883
--------------------------------------------------------------------------------
                         Iteration time: 24.78s
                           Time elapsed: 01:08:45
                                    ETA: 05:06:58

################################################################################
[1m                          Learning iteration 183/1000                           [0m 

                            Total steps: 18087936 
                       Steps per second: 3975 
                        Collection time: 24.242s 
                          Learning time: 0.484s 
                        Mean value loss: 0.0195
                    Mean surrogate loss: -0.0040
                      Mean entropy loss: 10.0770
                            Mean reward: 12.66
                    Mean episode length: 965.99
                        Mean action std: 0.58
    Episode_Reward/track_lin_vel_xy_exp: 0.5620
     Episode_Reward/track_ang_vel_z_exp: 0.5229
            Episode_Reward/lin_vel_z_l2: -0.0257
           Episode_Reward/ang_vel_xy_l2: -0.0968
          Episode_Reward/dof_torques_l2: -0.0686
              Episode_Reward/dof_acc_l2: -0.1245
          Episode_Reward/action_rate_l2: -0.0885
           Episode_Reward/feet_air_time: -0.0248
     Episode_Reward/flat_orientation_l2: 0.0000
          Episode_Reward/dof_pos_limits: 0.0000
              Curriculum/terrain_levels: 0.5319
     Metrics/base_velocity/error_vel_xy: 1.4943
    Metrics/base_velocity/error_vel_yaw: 0.5434
           Episode_Termination/time_out: 0.9113
       Episode_Termination/base_contact: 0.0887
--------------------------------------------------------------------------------
                         Iteration time: 24.73s
                           Time elapsed: 01:09:10
                                    ETA: 05:06:45

################################################################################
[1m                          Learning iteration 184/1000                           [0m 

                            Total steps: 18186240 
                       Steps per second: 3988 
                        Collection time: 24.158s 
                          Learning time: 0.488s 
                        Mean value loss: 0.0186
                    Mean surrogate loss: -0.0055
                      Mean entropy loss: 10.0804
                            Mean reward: 11.32
                    Mean episode length: 960.68
                        Mean action std: 0.58
    Episode_Reward/track_lin_vel_xy_exp: 0.4723
     Episode_Reward/track_ang_vel_z_exp: 0.5106
            Episode_Reward/lin_vel_z_l2: -0.0235
           Episode_Reward/ang_vel_xy_l2: -0.0881
          Episode_Reward/dof_torques_l2: -0.0672
              Episode_Reward/dof_acc_l2: -0.1172
          Episode_Reward/action_rate_l2: -0.0866
           Episode_Reward/feet_air_time: -0.0237
     Episode_Reward/flat_orientation_l2: 0.0000
          Episode_Reward/dof_pos_limits: 0.0000
              Curriculum/terrain_levels: 0.5316
     Metrics/base_velocity/error_vel_xy: 1.5880
    Metrics/base_velocity/error_vel_yaw: 0.5914
           Episode_Termination/time_out: 0.9130
       Episode_Termination/base_contact: 0.0870
--------------------------------------------------------------------------------
                         Iteration time: 24.65s
                           Time elapsed: 01:09:34
                                    ETA: 05:06:32

################################################################################
[1m                          Learning iteration 185/1000                           [0m 

                            Total steps: 18284544 
                       Steps per second: 3987 
                        Collection time: 24.169s 
                          Learning time: 0.484s 
                        Mean value loss: 0.0200
                    Mean surrogate loss: -0.0050
                      Mean entropy loss: 10.0853
                            Mean reward: 12.70
                    Mean episode length: 954.93
                        Mean action std: 0.58
    Episode_Reward/track_lin_vel_xy_exp: 0.5156
     Episode_Reward/track_ang_vel_z_exp: 0.5303
            Episode_Reward/lin_vel_z_l2: -0.0235
           Episode_Reward/ang_vel_xy_l2: -0.0878
          Episode_Reward/dof_torques_l2: -0.0633
              Episode_Reward/dof_acc_l2: -0.1182
          Episode_Reward/action_rate_l2: -0.0857
           Episode_Reward/feet_air_time: -0.0233
     Episode_Reward/flat_orientation_l2: 0.0000
          Episode_Reward/dof_pos_limits: 0.0000
              Curriculum/terrain_levels: 0.5294
     Metrics/base_velocity/error_vel_xy: 1.5863
    Metrics/base_velocity/error_vel_yaw: 0.5281
           Episode_Termination/time_out: 0.9153
       Episode_Termination/base_contact: 0.0847
--------------------------------------------------------------------------------
                         Iteration time: 24.65s
                           Time elapsed: 01:09:59
                                    ETA: 05:06:18

################################################################################
[1m                          Learning iteration 186/1000                           [0m 

                            Total steps: 18382848 
                       Steps per second: 3974 
                        Collection time: 24.252s 
                          Learning time: 0.482s 
                        Mean value loss: 0.0216
                    Mean surrogate loss: -0.0056
                      Mean entropy loss: 10.0843
                            Mean reward: 12.97
                    Mean episode length: 964.55
                        Mean action std: 0.58
    Episode_Reward/track_lin_vel_xy_exp: 0.5201
     Episode_Reward/track_ang_vel_z_exp: 0.5314
            Episode_Reward/lin_vel_z_l2: -0.0234
           Episode_Reward/ang_vel_xy_l2: -0.0922
          Episode_Reward/dof_torques_l2: -0.0672
              Episode_Reward/dof_acc_l2: -0.1205
          Episode_Reward/action_rate_l2: -0.0870
           Episode_Reward/feet_air_time: -0.0249
     Episode_Reward/flat_orientation_l2: 0.0000
          Episode_Reward/dof_pos_limits: 0.0000
              Curriculum/terrain_levels: 0.5272
     Metrics/base_velocity/error_vel_xy: 1.5431
    Metrics/base_velocity/error_vel_yaw: 0.5321
           Episode_Termination/time_out: 0.9153
       Episode_Termination/base_contact: 0.0847
--------------------------------------------------------------------------------
                         Iteration time: 24.73s
                           Time elapsed: 01:10:24
                                    ETA: 05:06:05

################################################################################
[1m                          Learning iteration 187/1000                           [0m 

                            Total steps: 18481152 
                       Steps per second: 3905 
                        Collection time: 24.681s 
                          Learning time: 0.488s 
                        Mean value loss: 0.0155
                    Mean surrogate loss: -0.0059
                      Mean entropy loss: 10.0925
                            Mean reward: 12.29
                    Mean episode length: 959.90
                        Mean action std: 0.58
    Episode_Reward/track_lin_vel_xy_exp: 0.5018
     Episode_Reward/track_ang_vel_z_exp: 0.5237
            Episode_Reward/lin_vel_z_l2: -0.0244
           Episode_Reward/ang_vel_xy_l2: -0.0898
          Episode_Reward/dof_torques_l2: -0.0668
              Episode_Reward/dof_acc_l2: -0.1129
          Episode_Reward/action_rate_l2: -0.0847
           Episode_Reward/feet_air_time: -0.0233
     Episode_Reward/flat_orientation_l2: 0.0000
          Episode_Reward/dof_pos_limits: 0.0000
              Curriculum/terrain_levels: 0.5270
     Metrics/base_velocity/error_vel_xy: 1.4765
    Metrics/base_velocity/error_vel_yaw: 0.5189
           Episode_Termination/time_out: 0.9163
       Episode_Termination/base_contact: 0.0837
--------------------------------------------------------------------------------
                         Iteration time: 25.17s
                           Time elapsed: 01:10:49
                                    ETA: 05:05:54

################################################################################
[1m                          Learning iteration 188/1000                           [0m 

                            Total steps: 18579456 
                       Steps per second: 1560 
                        Collection time: 62.527s 
                          Learning time: 0.486s 
                        Mean value loss: 0.0176
                    Mean surrogate loss: -0.0058
                      Mean entropy loss: 10.0928
                            Mean reward: 11.49
                    Mean episode length: 984.67
                        Mean action std: 0.58
    Episode_Reward/track_lin_vel_xy_exp: 0.5288
     Episode_Reward/track_ang_vel_z_exp: 0.5253
            Episode_Reward/lin_vel_z_l2: -0.0247
           Episode_Reward/ang_vel_xy_l2: -0.0971
          Episode_Reward/dof_torques_l2: -0.0705
              Episode_Reward/dof_acc_l2: -0.1267
          Episode_Reward/action_rate_l2: -0.0898
           Episode_Reward/feet_air_time: -0.0249
     Episode_Reward/flat_orientation_l2: 0.0000
          Episode_Reward/dof_pos_limits: 0.0000
              Curriculum/terrain_levels: 0.5261
     Metrics/base_velocity/error_vel_xy: 1.5817
    Metrics/base_velocity/error_vel_yaw: 0.5812
           Episode_Termination/time_out: 0.9170
       Episode_Termination/base_contact: 0.0830
--------------------------------------------------------------------------------
                         Iteration time: 63.01s
                           Time elapsed: 01:11:52
                                    ETA: 05:08:25

################################################################################
[1m                          Learning iteration 189/1000                           [0m 

                            Total steps: 18677760 
                       Steps per second: 1492 
                        Collection time: 65.329s 
                          Learning time: 0.515s 
                        Mean value loss: 0.0159
                    Mean surrogate loss: -0.0053
                      Mean entropy loss: 10.0856
                            Mean reward: 12.23
                    Mean episode length: 951.53
                        Mean action std: 0.58
    Episode_Reward/track_lin_vel_xy_exp: 0.4939
     Episode_Reward/track_ang_vel_z_exp: 0.5025
            Episode_Reward/lin_vel_z_l2: -0.0238
           Episode_Reward/ang_vel_xy_l2: -0.0864
          Episode_Reward/dof_torques_l2: -0.0620
              Episode_Reward/dof_acc_l2: -0.1121
          Episode_Reward/action_rate_l2: -0.0815
           Episode_Reward/feet_air_time: -0.0223
     Episode_Reward/flat_orientation_l2: 0.0000
          Episode_Reward/dof_pos_limits: 0.0000
              Curriculum/terrain_levels: 0.5255
     Metrics/base_velocity/error_vel_xy: 1.4843
    Metrics/base_velocity/error_vel_yaw: 0.5065
           Episode_Termination/time_out: 0.9170
       Episode_Termination/base_contact: 0.0830
--------------------------------------------------------------------------------
                         Iteration time: 65.84s
                           Time elapsed: 01:12:58
                                    ETA: 05:11:05

################################################################################
[1m                          Learning iteration 190/1000                           [0m 

                            Total steps: 18776064 
                       Steps per second: 1478 
                        Collection time: 65.979s 
                          Learning time: 0.500s 
                        Mean value loss: 0.0204
                    Mean surrogate loss: -0.0060
                      Mean entropy loss: 10.0568
                            Mean reward: 12.80
                    Mean episode length: 944.19
                        Mean action std: 0.58
    Episode_Reward/track_lin_vel_xy_exp: 0.5234
     Episode_Reward/track_ang_vel_z_exp: 0.5148
            Episode_Reward/lin_vel_z_l2: -0.0246
           Episode_Reward/ang_vel_xy_l2: -0.0905
          Episode_Reward/dof_torques_l2: -0.0661
              Episode_Reward/dof_acc_l2: -0.1181
          Episode_Reward/action_rate_l2: -0.0848
           Episode_Reward/feet_air_time: -0.0237
     Episode_Reward/flat_orientation_l2: 0.0000
          Episode_Reward/dof_pos_limits: 0.0000
              Curriculum/terrain_levels: 0.5246
     Metrics/base_velocity/error_vel_xy: 1.4892
    Metrics/base_velocity/error_vel_yaw: 0.5208
           Episode_Termination/time_out: 0.9164
       Episode_Termination/base_contact: 0.0836
--------------------------------------------------------------------------------
                         Iteration time: 66.48s
                           Time elapsed: 01:14:04
                                    ETA: 05:13:46

################################################################################
[1m                          Learning iteration 191/1000                           [0m 

                            Total steps: 18874368 
                       Steps per second: 1479 
                        Collection time: 65.975s 
                          Learning time: 0.483s 
                        Mean value loss: 0.0177
                    Mean surrogate loss: -0.0057
                      Mean entropy loss: 10.0636
                            Mean reward: 11.90
                    Mean episode length: 940.65
                        Mean action std: 0.58
    Episode_Reward/track_lin_vel_xy_exp: 0.5108
     Episode_Reward/track_ang_vel_z_exp: 0.5081
            Episode_Reward/lin_vel_z_l2: -0.0240
           Episode_Reward/ang_vel_xy_l2: -0.0903
          Episode_Reward/dof_torques_l2: -0.0659
              Episode_Reward/dof_acc_l2: -0.1161
          Episode_Reward/action_rate_l2: -0.0845
           Episode_Reward/feet_air_time: -0.0231
     Episode_Reward/flat_orientation_l2: 0.0000
          Episode_Reward/dof_pos_limits: 0.0000
              Curriculum/terrain_levels: 0.5231
     Metrics/base_velocity/error_vel_xy: 1.4558
    Metrics/base_velocity/error_vel_yaw: 0.5497
           Episode_Termination/time_out: 0.9156
       Episode_Termination/base_contact: 0.0844
--------------------------------------------------------------------------------
                         Iteration time: 66.46s
                           Time elapsed: 01:15:11
                                    ETA: 05:16:25

################################################################################
[1m                          Learning iteration 192/1000                           [0m 

                            Total steps: 18972672 
                       Steps per second: 1513 
                        Collection time: 64.454s 
                          Learning time: 0.497s 
                        Mean value loss: 0.0190
                    Mean surrogate loss: -0.0062
                      Mean entropy loss: 10.0738
                            Mean reward: 11.34
                    Mean episode length: 985.66
                        Mean action std: 0.58
    Episode_Reward/track_lin_vel_xy_exp: 0.4478
     Episode_Reward/track_ang_vel_z_exp: 0.5269
            Episode_Reward/lin_vel_z_l2: -0.0223
           Episode_Reward/ang_vel_xy_l2: -0.0856
          Episode_Reward/dof_torques_l2: -0.0641
              Episode_Reward/dof_acc_l2: -0.1148
          Episode_Reward/action_rate_l2: -0.0851
           Episode_Reward/feet_air_time: -0.0236
     Episode_Reward/flat_orientation_l2: 0.0000
          Episode_Reward/dof_pos_limits: 0.0000
              Curriculum/terrain_levels: 0.5214
     Metrics/base_velocity/error_vel_xy: 1.7050
    Metrics/base_velocity/error_vel_yaw: 0.5456
           Episode_Termination/time_out: 0.9151
       Episode_Termination/base_contact: 0.0849
--------------------------------------------------------------------------------
                         Iteration time: 64.95s
                           Time elapsed: 01:16:16
                                    ETA: 05:18:54

################################################################################
[1m                          Learning iteration 193/1000                           [0m 

                            Total steps: 19070976 
                       Steps per second: 2209 
                        Collection time: 43.951s 
                          Learning time: 0.537s 
                        Mean value loss: 0.0163
                    Mean surrogate loss: -0.0059
                      Mean entropy loss: 10.0643
                            Mean reward: 12.25
                    Mean episode length: 958.29
                        Mean action std: 0.58
    Episode_Reward/track_lin_vel_xy_exp: 0.4929
     Episode_Reward/track_ang_vel_z_exp: 0.5276
            Episode_Reward/lin_vel_z_l2: -0.0243
           Episode_Reward/ang_vel_xy_l2: -0.0926
          Episode_Reward/dof_torques_l2: -0.0671
              Episode_Reward/dof_acc_l2: -0.1181
          Episode_Reward/action_rate_l2: -0.0856
           Episode_Reward/feet_air_time: -0.0245
     Episode_Reward/flat_orientation_l2: 0.0000
          Episode_Reward/dof_pos_limits: 0.0000
              Curriculum/terrain_levels: 0.5203
     Metrics/base_velocity/error_vel_xy: 1.5613
    Metrics/base_velocity/error_vel_yaw: 0.5110
           Episode_Termination/time_out: 0.9166
       Episode_Termination/base_contact: 0.0834
--------------------------------------------------------------------------------
                         Iteration time: 44.49s
                           Time elapsed: 01:17:00
                                    ETA: 05:19:57

################################################################################
[1m                          Learning iteration 194/1000                           [0m 

                            Total steps: 19169280 
                       Steps per second: 3381 
                        Collection time: 28.570s 
                          Learning time: 0.499s 
                        Mean value loss: 0.0156
                    Mean surrogate loss: -0.0057
                      Mean entropy loss: 10.0496
                            Mean reward: 12.09
                    Mean episode length: 971.09
                        Mean action std: 0.57
    Episode_Reward/track_lin_vel_xy_exp: 0.5146
     Episode_Reward/track_ang_vel_z_exp: 0.5348
            Episode_Reward/lin_vel_z_l2: -0.0223
           Episode_Reward/ang_vel_xy_l2: -0.0860
          Episode_Reward/dof_torques_l2: -0.0670
              Episode_Reward/dof_acc_l2: -0.1173
          Episode_Reward/action_rate_l2: -0.0857
           Episode_Reward/feet_air_time: -0.0249
     Episode_Reward/flat_orientation_l2: 0.0000
          Episode_Reward/dof_pos_limits: 0.0000
              Curriculum/terrain_levels: 0.5195
     Metrics/base_velocity/error_vel_xy: 1.5183
    Metrics/base_velocity/error_vel_yaw: 0.5276
           Episode_Termination/time_out: 0.9185
       Episode_Termination/base_contact: 0.0815
--------------------------------------------------------------------------------
                         Iteration time: 29.07s
                           Time elapsed: 01:17:29
                                    ETA: 05:19:55

################################################################################
[1m                          Learning iteration 195/1000                           [0m 

                            Total steps: 19267584 
                       Steps per second: 3355 
                        Collection time: 28.804s 
                          Learning time: 0.493s 
                        Mean value loss: 0.0193
                    Mean surrogate loss: -0.0055
                      Mean entropy loss: 10.0320
                            Mean reward: 13.32
                    Mean episode length: 955.48
                        Mean action std: 0.57
    Episode_Reward/track_lin_vel_xy_exp: 0.6089
     Episode_Reward/track_ang_vel_z_exp: 0.5225
            Episode_Reward/lin_vel_z_l2: -0.0259
           Episode_Reward/ang_vel_xy_l2: -0.0950
          Episode_Reward/dof_torques_l2: -0.0728
              Episode_Reward/dof_acc_l2: -0.1220
          Episode_Reward/action_rate_l2: -0.0871
           Episode_Reward/feet_air_time: -0.0246
     Episode_Reward/flat_orientation_l2: 0.0000
          Episode_Reward/dof_pos_limits: 0.0000
              Curriculum/terrain_levels: 0.5209
     Metrics/base_velocity/error_vel_xy: 1.3528
    Metrics/base_velocity/error_vel_yaw: 0.5243
           Episode_Termination/time_out: 0.9211
       Episode_Termination/base_contact: 0.0789
--------------------------------------------------------------------------------
                         Iteration time: 29.30s
                           Time elapsed: 01:17:59
                                    ETA: 05:19:53

################################################################################
[1m                          Learning iteration 196/1000                           [0m 

                            Total steps: 19365888 
                       Steps per second: 3356 
                        Collection time: 28.786s 
                          Learning time: 0.504s 
                        Mean value loss: 0.0207
                    Mean surrogate loss: -0.0061
                      Mean entropy loss: 10.0295
                            Mean reward: 12.30
                    Mean episode length: 955.77
                        Mean action std: 0.57
    Episode_Reward/track_lin_vel_xy_exp: 0.4625
     Episode_Reward/track_ang_vel_z_exp: 0.5156
            Episode_Reward/lin_vel_z_l2: -0.0233
           Episode_Reward/ang_vel_xy_l2: -0.0871
          Episode_Reward/dof_torques_l2: -0.0641
              Episode_Reward/dof_acc_l2: -0.1208
          Episode_Reward/action_rate_l2: -0.0848
           Episode_Reward/feet_air_time: -0.0245
     Episode_Reward/flat_orientation_l2: 0.0000
          Episode_Reward/dof_pos_limits: 0.0000
              Curriculum/terrain_levels: 0.5208
     Metrics/base_velocity/error_vel_xy: 1.5840
    Metrics/base_velocity/error_vel_yaw: 0.5474
           Episode_Termination/time_out: 0.9216
       Episode_Termination/base_contact: 0.0784
--------------------------------------------------------------------------------
                         Iteration time: 29.29s
                           Time elapsed: 01:18:28
                                    ETA: 05:19:52

################################################################################
[1m                          Learning iteration 197/1000                           [0m 

                            Total steps: 19464192 
                       Steps per second: 3345 
                        Collection time: 28.890s 
                          Learning time: 0.498s 
                        Mean value loss: 0.0156
                    Mean surrogate loss: -0.0056
                      Mean entropy loss: 10.0258
                            Mean reward: 12.00
                    Mean episode length: 981.94
                        Mean action std: 0.57
    Episode_Reward/track_lin_vel_xy_exp: 0.5137
     Episode_Reward/track_ang_vel_z_exp: 0.5351
            Episode_Reward/lin_vel_z_l2: -0.0225
           Episode_Reward/ang_vel_xy_l2: -0.0891
          Episode_Reward/dof_torques_l2: -0.0666
              Episode_Reward/dof_acc_l2: -0.1178
          Episode_Reward/action_rate_l2: -0.0867
           Episode_Reward/feet_air_time: -0.0255
     Episode_Reward/flat_orientation_l2: 0.0000
          Episode_Reward/dof_pos_limits: 0.0000
              Curriculum/terrain_levels: 0.5216
     Metrics/base_velocity/error_vel_xy: 1.5403
    Metrics/base_velocity/error_vel_yaw: 0.5418
           Episode_Termination/time_out: 0.9223
       Episode_Termination/base_contact: 0.0777
--------------------------------------------------------------------------------
                         Iteration time: 29.39s
                           Time elapsed: 01:18:57
                                    ETA: 05:19:50

################################################################################
[1m                          Learning iteration 198/1000                           [0m 

                            Total steps: 19562496 
                       Steps per second: 3332 
                        Collection time: 29.001s 
                          Learning time: 0.498s 
                        Mean value loss: 0.0177
                    Mean surrogate loss: -0.0059
                      Mean entropy loss: 10.0215
                            Mean reward: 12.66
                    Mean episode length: 984.71
                        Mean action std: 0.57
    Episode_Reward/track_lin_vel_xy_exp: 0.4537
     Episode_Reward/track_ang_vel_z_exp: 0.5389
            Episode_Reward/lin_vel_z_l2: -0.0220
           Episode_Reward/ang_vel_xy_l2: -0.0868
          Episode_Reward/dof_torques_l2: -0.0651
              Episode_Reward/dof_acc_l2: -0.1124
          Episode_Reward/action_rate_l2: -0.0850
           Episode_Reward/feet_air_time: -0.0238
     Episode_Reward/flat_orientation_l2: 0.0000
          Episode_Reward/dof_pos_limits: 0.0000
              Curriculum/terrain_levels: 0.5199
     Metrics/base_velocity/error_vel_xy: 1.7247
    Metrics/base_velocity/error_vel_yaw: 0.5219
           Episode_Termination/time_out: 0.9237
       Episode_Termination/base_contact: 0.0763
--------------------------------------------------------------------------------
                         Iteration time: 29.50s
                           Time elapsed: 01:19:27
                                    ETA: 05:19:48

################################################################################
[1m                          Learning iteration 199/1000                           [0m 

                            Total steps: 19660800 
                       Steps per second: 3429 
                        Collection time: 28.172s 
                          Learning time: 0.491s 
                        Mean value loss: 0.0194
                    Mean surrogate loss: -0.0041
                      Mean entropy loss: 10.0244
                            Mean reward: 12.64
                    Mean episode length: 984.45
                        Mean action std: 0.57
    Episode_Reward/track_lin_vel_xy_exp: 0.5149
     Episode_Reward/track_ang_vel_z_exp: 0.5349
            Episode_Reward/lin_vel_z_l2: -0.0239
           Episode_Reward/ang_vel_xy_l2: -0.0909
          Episode_Reward/dof_torques_l2: -0.0689
              Episode_Reward/dof_acc_l2: -0.1211
          Episode_Reward/action_rate_l2: -0.0874
           Episode_Reward/feet_air_time: -0.0239
     Episode_Reward/flat_orientation_l2: 0.0000
          Episode_Reward/dof_pos_limits: 0.0000
              Curriculum/terrain_levels: 0.5209
     Metrics/base_velocity/error_vel_xy: 1.6358
    Metrics/base_velocity/error_vel_yaw: 0.5463
           Episode_Termination/time_out: 0.9248
       Episode_Termination/base_contact: 0.0752
--------------------------------------------------------------------------------
                         Iteration time: 28.66s
                           Time elapsed: 01:19:55
                                    ETA: 05:19:43

################################################################################
[1m                          Learning iteration 200/1000                           [0m 

                            Total steps: 19759104 
                       Steps per second: 3372 
                        Collection time: 28.654s 
                          Learning time: 0.493s 
                        Mean value loss: 0.0167
                    Mean surrogate loss: -0.0048
                      Mean entropy loss: 10.0398
                            Mean reward: 13.31
                    Mean episode length: 982.89
                        Mean action std: 0.57
    Episode_Reward/track_lin_vel_xy_exp: 0.5781
     Episode_Reward/track_ang_vel_z_exp: 0.5297
            Episode_Reward/lin_vel_z_l2: -0.0242
           Episode_Reward/ang_vel_xy_l2: -0.0932
          Episode_Reward/dof_torques_l2: -0.0696
              Episode_Reward/dof_acc_l2: -0.1194
          Episode_Reward/action_rate_l2: -0.0871
           Episode_Reward/feet_air_time: -0.0237
     Episode_Reward/flat_orientation_l2: 0.0000
          Episode_Reward/dof_pos_limits: 0.0000
              Curriculum/terrain_levels: 0.5227
     Metrics/base_velocity/error_vel_xy: 1.4382
    Metrics/base_velocity/error_vel_yaw: 0.5378
           Episode_Termination/time_out: 0.9264
       Episode_Termination/base_contact: 0.0736
--------------------------------------------------------------------------------
                         Iteration time: 29.15s
                           Time elapsed: 01:20:25
                                    ETA: 05:19:40

################################################################################
[1m                          Learning iteration 201/1000                           [0m 

                            Total steps: 19857408 
                       Steps per second: 3393 
                        Collection time: 28.483s 
                          Learning time: 0.487s 
                        Mean value loss: 0.0202
                    Mean surrogate loss: -0.0049
                      Mean entropy loss: 10.0491
                            Mean reward: 14.06
                    Mean episode length: 987.20
                        Mean action std: 0.58
    Episode_Reward/track_lin_vel_xy_exp: 0.5597
     Episode_Reward/track_ang_vel_z_exp: 0.5439
            Episode_Reward/lin_vel_z_l2: -0.0236
           Episode_Reward/ang_vel_xy_l2: -0.0920
          Episode_Reward/dof_torques_l2: -0.0694
              Episode_Reward/dof_acc_l2: -0.1180
          Episode_Reward/action_rate_l2: -0.0869
           Episode_Reward/feet_air_time: -0.0240
     Episode_Reward/flat_orientation_l2: 0.0000
          Episode_Reward/dof_pos_limits: 0.0000
              Curriculum/terrain_levels: 0.5233
     Metrics/base_velocity/error_vel_xy: 1.4706
    Metrics/base_velocity/error_vel_yaw: 0.5196
           Episode_Termination/time_out: 0.9282
       Episode_Termination/base_contact: 0.0718
--------------------------------------------------------------------------------
                         Iteration time: 28.97s
                           Time elapsed: 01:20:54
                                    ETA: 05:19:35

################################################################################
[1m                          Learning iteration 202/1000                           [0m 

                            Total steps: 19955712 
                       Steps per second: 3427 
                        Collection time: 28.186s 
                          Learning time: 0.494s 
                        Mean value loss: 0.0172
                    Mean surrogate loss: -0.0056
                      Mean entropy loss: 10.0603
                            Mean reward: 13.27
                    Mean episode length: 978.87
                        Mean action std: 0.58
    Episode_Reward/track_lin_vel_xy_exp: 0.5389
     Episode_Reward/track_ang_vel_z_exp: 0.5259
            Episode_Reward/lin_vel_z_l2: -0.0237
           Episode_Reward/ang_vel_xy_l2: -0.0922
          Episode_Reward/dof_torques_l2: -0.0667
              Episode_Reward/dof_acc_l2: -0.1213
          Episode_Reward/action_rate_l2: -0.0858
           Episode_Reward/feet_air_time: -0.0245
     Episode_Reward/flat_orientation_l2: 0.0000
          Episode_Reward/dof_pos_limits: 0.0000
              Curriculum/terrain_levels: 0.5241
     Metrics/base_velocity/error_vel_xy: 1.4551
    Metrics/base_velocity/error_vel_yaw: 0.5342
           Episode_Termination/time_out: 0.9307
       Episode_Termination/base_contact: 0.0693
--------------------------------------------------------------------------------
                         Iteration time: 28.68s
                           Time elapsed: 01:21:22
                                    ETA: 05:19:30

################################################################################
[1m                          Learning iteration 203/1000                           [0m 

                            Total steps: 20054016 
                       Steps per second: 3408 
                        Collection time: 28.341s 
                          Learning time: 0.496s 
                        Mean value loss: 0.0208
                    Mean surrogate loss: -0.0057
                      Mean entropy loss: 10.0736
                            Mean reward: 12.63
                    Mean episode length: 988.76
                        Mean action std: 0.58
    Episode_Reward/track_lin_vel_xy_exp: 0.4721
     Episode_Reward/track_ang_vel_z_exp: 0.5420
            Episode_Reward/lin_vel_z_l2: -0.0217
           Episode_Reward/ang_vel_xy_l2: -0.0844
          Episode_Reward/dof_torques_l2: -0.0653
              Episode_Reward/dof_acc_l2: -0.1160
          Episode_Reward/action_rate_l2: -0.0855
           Episode_Reward/feet_air_time: -0.0236
     Episode_Reward/flat_orientation_l2: 0.0000
          Episode_Reward/dof_pos_limits: 0.0000
              Curriculum/terrain_levels: 0.5216
     Metrics/base_velocity/error_vel_xy: 1.6368
    Metrics/base_velocity/error_vel_yaw: 0.5290
           Episode_Termination/time_out: 0.9315
       Episode_Termination/base_contact: 0.0685
--------------------------------------------------------------------------------
                         Iteration time: 28.84s
                           Time elapsed: 01:21:51
                                    ETA: 05:19:24

################################################################################
[1m                          Learning iteration 204/1000                           [0m 

                            Total steps: 20152320 
                       Steps per second: 3324 
                        Collection time: 29.074s 
                          Learning time: 0.499s 
                        Mean value loss: 0.0173
                    Mean surrogate loss: -0.0066
                      Mean entropy loss: 10.0824
                            Mean reward: 13.54
                    Mean episode length: 978.00
                        Mean action std: 0.58
    Episode_Reward/track_lin_vel_xy_exp: 0.5633
     Episode_Reward/track_ang_vel_z_exp: 0.5194
            Episode_Reward/lin_vel_z_l2: -0.0233
           Episode_Reward/ang_vel_xy_l2: -0.0908
          Episode_Reward/dof_torques_l2: -0.0646
              Episode_Reward/dof_acc_l2: -0.1194
          Episode_Reward/action_rate_l2: -0.0846
           Episode_Reward/feet_air_time: -0.0237
     Episode_Reward/flat_orientation_l2: 0.0000
          Episode_Reward/dof_pos_limits: 0.0000
              Curriculum/terrain_levels: 0.5177
     Metrics/base_velocity/error_vel_xy: 1.3930
    Metrics/base_velocity/error_vel_yaw: 0.5314
           Episode_Termination/time_out: 0.9320
       Episode_Termination/base_contact: 0.0680
--------------------------------------------------------------------------------
                         Iteration time: 29.57s
                           Time elapsed: 01:22:21
                                    ETA: 05:19:22

################################################################################
[1m                          Learning iteration 205/1000                           [0m 

                            Total steps: 20250624 
                       Steps per second: 3344 
                        Collection time: 28.893s 
                          Learning time: 0.503s 
                        Mean value loss: 0.0181
                    Mean surrogate loss: -0.0049
                      Mean entropy loss: 10.0753
                            Mean reward: 14.23
                    Mean episode length: 988.85
                        Mean action std: 0.58
    Episode_Reward/track_lin_vel_xy_exp: 0.5781
     Episode_Reward/track_ang_vel_z_exp: 0.5468
            Episode_Reward/lin_vel_z_l2: -0.0242
           Episode_Reward/ang_vel_xy_l2: -0.0940
          Episode_Reward/dof_torques_l2: -0.0698
              Episode_Reward/dof_acc_l2: -0.1187
          Episode_Reward/action_rate_l2: -0.0874
           Episode_Reward/feet_air_time: -0.0254
     Episode_Reward/flat_orientation_l2: 0.0000
          Episode_Reward/dof_pos_limits: 0.0000
              Curriculum/terrain_levels: 0.5159
     Metrics/base_velocity/error_vel_xy: 1.4520
    Metrics/base_velocity/error_vel_yaw: 0.5171
           Episode_Termination/time_out: 0.9325
       Episode_Termination/base_contact: 0.0675
--------------------------------------------------------------------------------
                         Iteration time: 29.40s
                           Time elapsed: 01:22:50
                                    ETA: 05:19:18

################################################################################
[1m                          Learning iteration 206/1000                           [0m 

                            Total steps: 20348928 
                       Steps per second: 3430 
                        Collection time: 28.174s 
                          Learning time: 0.485s 
                        Mean value loss: 0.0184
                    Mean surrogate loss: -0.0056
                      Mean entropy loss: 10.0607
                            Mean reward: 12.90
                    Mean episode length: 980.99
                        Mean action std: 0.58
    Episode_Reward/track_lin_vel_xy_exp: 0.5497
     Episode_Reward/track_ang_vel_z_exp: 0.5238
            Episode_Reward/lin_vel_z_l2: -0.0227
           Episode_Reward/ang_vel_xy_l2: -0.0899
          Episode_Reward/dof_torques_l2: -0.0669
              Episode_Reward/dof_acc_l2: -0.1222
          Episode_Reward/action_rate_l2: -0.0857
           Episode_Reward/feet_air_time: -0.0239
     Episode_Reward/flat_orientation_l2: 0.0000
          Episode_Reward/dof_pos_limits: 0.0000
              Curriculum/terrain_levels: 0.5185
     Metrics/base_velocity/error_vel_xy: 1.4880
    Metrics/base_velocity/error_vel_yaw: 0.5402
           Episode_Termination/time_out: 0.9338
       Episode_Termination/base_contact: 0.0662
--------------------------------------------------------------------------------
                         Iteration time: 28.66s
                           Time elapsed: 01:23:19
                                    ETA: 05:19:11

################################################################################
[1m                          Learning iteration 207/1000                           [0m 

                            Total steps: 20447232 
                       Steps per second: 3363 
                        Collection time: 28.720s 
                          Learning time: 0.505s 
                        Mean value loss: 0.0181
                    Mean surrogate loss: -0.0047
                      Mean entropy loss: 10.0534
                            Mean reward: 12.75
                    Mean episode length: 974.82
                        Mean action std: 0.58
    Episode_Reward/track_lin_vel_xy_exp: 0.5137
     Episode_Reward/track_ang_vel_z_exp: 0.5445
            Episode_Reward/lin_vel_z_l2: -0.0214
           Episode_Reward/ang_vel_xy_l2: -0.0853
          Episode_Reward/dof_torques_l2: -0.0653
              Episode_Reward/dof_acc_l2: -0.1147
          Episode_Reward/action_rate_l2: -0.0849
           Episode_Reward/feet_air_time: -0.0233
     Episode_Reward/flat_orientation_l2: 0.0000
          Episode_Reward/dof_pos_limits: 0.0000
              Curriculum/terrain_levels: 0.5160
     Metrics/base_velocity/error_vel_xy: 1.6020
    Metrics/base_velocity/error_vel_yaw: 0.5216
           Episode_Termination/time_out: 0.9341
       Episode_Termination/base_contact: 0.0659
--------------------------------------------------------------------------------
                         Iteration time: 29.22s
                           Time elapsed: 01:23:48
                                    ETA: 05:19:06

################################################################################
[1m                          Learning iteration 208/1000                           [0m 

                            Total steps: 20545536 
                       Steps per second: 3229 
                        Collection time: 29.926s 
                          Learning time: 0.516s 
                        Mean value loss: 0.0167
                    Mean surrogate loss: -0.0044
                      Mean entropy loss: 10.0593
                            Mean reward: 13.82
                    Mean episode length: 980.23
                        Mean action std: 0.58
    Episode_Reward/track_lin_vel_xy_exp: 0.5791
     Episode_Reward/track_ang_vel_z_exp: 0.5324
            Episode_Reward/lin_vel_z_l2: -0.0217
           Episode_Reward/ang_vel_xy_l2: -0.0874
          Episode_Reward/dof_torques_l2: -0.0675
              Episode_Reward/dof_acc_l2: -0.1164
          Episode_Reward/action_rate_l2: -0.0852
           Episode_Reward/feet_air_time: -0.0244
     Episode_Reward/flat_orientation_l2: 0.0000
          Episode_Reward/dof_pos_limits: 0.0000
              Curriculum/terrain_levels: 0.5153
     Metrics/base_velocity/error_vel_xy: 1.4720
    Metrics/base_velocity/error_vel_yaw: 0.5373
           Episode_Termination/time_out: 0.9341
       Episode_Termination/base_contact: 0.0659
--------------------------------------------------------------------------------
                         Iteration time: 30.44s
                           Time elapsed: 01:24:18
                                    ETA: 05:19:06

################################################################################
[1m                          Learning iteration 209/1000                           [0m 

                            Total steps: 20643840 
                       Steps per second: 3215 
                        Collection time: 30.051s 
                          Learning time: 0.516s 
                        Mean value loss: 0.0173
                    Mean surrogate loss: -0.0051
                      Mean entropy loss: 10.0655
                            Mean reward: 14.05
                    Mean episode length: 968.30
                        Mean action std: 0.58
    Episode_Reward/track_lin_vel_xy_exp: 0.5906
     Episode_Reward/track_ang_vel_z_exp: 0.5347
            Episode_Reward/lin_vel_z_l2: -0.0243
           Episode_Reward/ang_vel_xy_l2: -0.0952
          Episode_Reward/dof_torques_l2: -0.0713
              Episode_Reward/dof_acc_l2: -0.1226
          Episode_Reward/action_rate_l2: -0.0873
           Episode_Reward/feet_air_time: -0.0244
     Episode_Reward/flat_orientation_l2: 0.0000
          Episode_Reward/dof_pos_limits: 0.0000
              Curriculum/terrain_levels: 0.5186
     Metrics/base_velocity/error_vel_xy: 1.3695
    Metrics/base_velocity/error_vel_yaw: 0.5252
           Episode_Termination/time_out: 0.9337
       Episode_Termination/base_contact: 0.0663
--------------------------------------------------------------------------------
                         Iteration time: 30.57s
                           Time elapsed: 01:24:49
                                    ETA: 05:19:05

################################################################################
[1m                          Learning iteration 210/1000                           [0m 

                            Total steps: 20742144 
                       Steps per second: 3209 
                        Collection time: 30.112s 
                          Learning time: 0.513s 
                        Mean value loss: 0.0186
                    Mean surrogate loss: -0.0053
                      Mean entropy loss: 10.0585
                            Mean reward: 12.36
                    Mean episode length: 980.43
                        Mean action std: 0.58
    Episode_Reward/track_lin_vel_xy_exp: 0.5097
     Episode_Reward/track_ang_vel_z_exp: 0.5372
            Episode_Reward/lin_vel_z_l2: -0.0242
           Episode_Reward/ang_vel_xy_l2: -0.0914
          Episode_Reward/dof_torques_l2: -0.0672
              Episode_Reward/dof_acc_l2: -0.1227
          Episode_Reward/action_rate_l2: -0.0863
           Episode_Reward/feet_air_time: -0.0248
     Episode_Reward/flat_orientation_l2: 0.0000
          Episode_Reward/dof_pos_limits: 0.0000
              Curriculum/terrain_levels: 0.5200
     Metrics/base_velocity/error_vel_xy: 1.5932
    Metrics/base_velocity/error_vel_yaw: 0.5194
           Episode_Termination/time_out: 0.9342
       Episode_Termination/base_contact: 0.0658
--------------------------------------------------------------------------------
                         Iteration time: 30.63s
                           Time elapsed: 01:25:20
                                    ETA: 05:19:05

################################################################################
[1m                          Learning iteration 211/1000                           [0m 

                            Total steps: 20840448 
                       Steps per second: 3257 
                        Collection time: 29.683s 
                          Learning time: 0.497s 
                        Mean value loss: 0.0168
                    Mean surrogate loss: -0.0056
                      Mean entropy loss: 10.0676
                            Mean reward: 13.32
                    Mean episode length: 990.82
                        Mean action std: 0.58
    Episode_Reward/track_lin_vel_xy_exp: 0.5327
     Episode_Reward/track_ang_vel_z_exp: 0.5317
            Episode_Reward/lin_vel_z_l2: -0.0228
           Episode_Reward/ang_vel_xy_l2: -0.0902
          Episode_Reward/dof_torques_l2: -0.0688
              Episode_Reward/dof_acc_l2: -0.1214
          Episode_Reward/action_rate_l2: -0.0870
           Episode_Reward/feet_air_time: -0.0242
     Episode_Reward/flat_orientation_l2: 0.0000
          Episode_Reward/dof_pos_limits: 0.0000
              Curriculum/terrain_levels: 0.5217
     Metrics/base_velocity/error_vel_xy: 1.5986
    Metrics/base_velocity/error_vel_yaw: 0.5571
           Episode_Termination/time_out: 0.9349
       Episode_Termination/base_contact: 0.0651
--------------------------------------------------------------------------------
                         Iteration time: 30.18s
                           Time elapsed: 01:25:50
                                    ETA: 05:19:03

################################################################################
[1m                          Learning iteration 212/1000                           [0m 

                            Total steps: 20938752 
                       Steps per second: 3354 
                        Collection time: 28.795s 
                          Learning time: 0.508s 
                        Mean value loss: 0.0188
                    Mean surrogate loss: -0.0053
                      Mean entropy loss: 10.0542
                            Mean reward: 12.11
                    Mean episode length: 952.00
                        Mean action std: 0.58
    Episode_Reward/track_lin_vel_xy_exp: 0.4907
     Episode_Reward/track_ang_vel_z_exp: 0.5085
            Episode_Reward/lin_vel_z_l2: -0.0235
           Episode_Reward/ang_vel_xy_l2: -0.0883
          Episode_Reward/dof_torques_l2: -0.0672
              Episode_Reward/dof_acc_l2: -0.1169
          Episode_Reward/action_rate_l2: -0.0833
           Episode_Reward/feet_air_time: -0.0235
     Episode_Reward/flat_orientation_l2: 0.0000
          Episode_Reward/dof_pos_limits: 0.0000
              Curriculum/terrain_levels: 0.5200
     Metrics/base_velocity/error_vel_xy: 1.5363
    Metrics/base_velocity/error_vel_yaw: 0.5413
           Episode_Termination/time_out: 0.9355
       Episode_Termination/base_contact: 0.0645
--------------------------------------------------------------------------------
                         Iteration time: 29.30s
                           Time elapsed: 01:26:19
                                    ETA: 05:18:57

################################################################################
[1m                          Learning iteration 213/1000                           [0m 

                            Total steps: 21037056 
                       Steps per second: 3410 
                        Collection time: 28.330s 
                          Learning time: 0.491s 
                        Mean value loss: 0.0209
                    Mean surrogate loss: -0.0061
                      Mean entropy loss: 10.0585
                            Mean reward: 13.35
                    Mean episode length: 989.69
                        Mean action std: 0.58
    Episode_Reward/track_lin_vel_xy_exp: 0.5010
     Episode_Reward/track_ang_vel_z_exp: 0.5536
            Episode_Reward/lin_vel_z_l2: -0.0223
           Episode_Reward/ang_vel_xy_l2: -0.0888
          Episode_Reward/dof_torques_l2: -0.0654
              Episode_Reward/dof_acc_l2: -0.1206
          Episode_Reward/action_rate_l2: -0.0865
           Episode_Reward/feet_air_time: -0.0248
     Episode_Reward/flat_orientation_l2: 0.0000
          Episode_Reward/dof_pos_limits: 0.0000
              Curriculum/terrain_levels: 0.5212
     Metrics/base_velocity/error_vel_xy: 1.6823
    Metrics/base_velocity/error_vel_yaw: 0.5174
           Episode_Termination/time_out: 0.9362
       Episode_Termination/base_contact: 0.0638
--------------------------------------------------------------------------------
                         Iteration time: 28.82s
                           Time elapsed: 01:26:48
                                    ETA: 05:18:49

################################################################################
[1m                          Learning iteration 214/1000                           [0m 

                            Total steps: 21135360 
                       Steps per second: 3310 
                        Collection time: 29.187s 
                          Learning time: 0.506s 
                        Mean value loss: 0.0168
                    Mean surrogate loss: -0.0059
                      Mean entropy loss: 10.0579
                            Mean reward: 13.08
                    Mean episode length: 969.68
                        Mean action std: 0.58
    Episode_Reward/track_lin_vel_xy_exp: 0.5560
     Episode_Reward/track_ang_vel_z_exp: 0.5331
            Episode_Reward/lin_vel_z_l2: -0.0239
           Episode_Reward/ang_vel_xy_l2: -0.0902
          Episode_Reward/dof_torques_l2: -0.0686
              Episode_Reward/dof_acc_l2: -0.1214
          Episode_Reward/action_rate_l2: -0.0864
           Episode_Reward/feet_air_time: -0.0243
     Episode_Reward/flat_orientation_l2: 0.0000
          Episode_Reward/dof_pos_limits: 0.0000
              Curriculum/terrain_levels: 0.5217
     Metrics/base_velocity/error_vel_xy: 1.5121
    Metrics/base_velocity/error_vel_yaw: 0.5368
           Episode_Termination/time_out: 0.9360
       Episode_Termination/base_contact: 0.0640
--------------------------------------------------------------------------------
                         Iteration time: 29.69s
                           Time elapsed: 01:27:18
                                    ETA: 05:18:45

################################################################################
[1m                          Learning iteration 215/1000                           [0m 

                            Total steps: 21233664 
                       Steps per second: 3366 
                        Collection time: 28.703s 
                          Learning time: 0.499s 
                        Mean value loss: 0.0158
                    Mean surrogate loss: -0.0057
                      Mean entropy loss: 10.0524
                            Mean reward: 13.79
                    Mean episode length: 983.26
                        Mean action std: 0.58
    Episode_Reward/track_lin_vel_xy_exp: 0.5566
     Episode_Reward/track_ang_vel_z_exp: 0.5526
            Episode_Reward/lin_vel_z_l2: -0.0233
           Episode_Reward/ang_vel_xy_l2: -0.0907
          Episode_Reward/dof_torques_l2: -0.0676
              Episode_Reward/dof_acc_l2: -0.1237
          Episode_Reward/action_rate_l2: -0.0878
           Episode_Reward/feet_air_time: -0.0250
     Episode_Reward/flat_orientation_l2: 0.0000
          Episode_Reward/dof_pos_limits: 0.0000
              Curriculum/terrain_levels: 0.5226
     Metrics/base_velocity/error_vel_xy: 1.5323
    Metrics/base_velocity/error_vel_yaw: 0.5134
           Episode_Termination/time_out: 0.9367
       Episode_Termination/base_contact: 0.0633
--------------------------------------------------------------------------------
                         Iteration time: 29.20s
                           Time elapsed: 01:27:47
                                    ETA: 05:18:38

################################################################################
[1m                          Learning iteration 216/1000                           [0m 

                            Total steps: 21331968 
                       Steps per second: 3453 
                        Collection time: 27.981s 
                          Learning time: 0.481s 
                        Mean value loss: 0.0230
                    Mean surrogate loss: -0.0055
                      Mean entropy loss: 10.0628
                            Mean reward: 13.09
                    Mean episode length: 966.69
                        Mean action std: 0.58
    Episode_Reward/track_lin_vel_xy_exp: 0.5392
     Episode_Reward/track_ang_vel_z_exp: 0.5375
            Episode_Reward/lin_vel_z_l2: -0.0216
           Episode_Reward/ang_vel_xy_l2: -0.0856
          Episode_Reward/dof_torques_l2: -0.0651
              Episode_Reward/dof_acc_l2: -0.1183
          Episode_Reward/action_rate_l2: -0.0850
           Episode_Reward/feet_air_time: -0.0246
     Episode_Reward/flat_orientation_l2: 0.0000
          Episode_Reward/dof_pos_limits: 0.0000
              Curriculum/terrain_levels: 0.5227
     Metrics/base_velocity/error_vel_xy: 1.4878
    Metrics/base_velocity/error_vel_yaw: 0.5128
           Episode_Termination/time_out: 0.9378
       Episode_Termination/base_contact: 0.0622
--------------------------------------------------------------------------------
                         Iteration time: 28.46s
                           Time elapsed: 01:28:15
                                    ETA: 05:18:28

################################################################################
[1m                          Learning iteration 217/1000                           [0m 

                            Total steps: 21430272 
                       Steps per second: 3454 
                        Collection time: 27.969s 
                          Learning time: 0.490s 
                        Mean value loss: 0.0163
                    Mean surrogate loss: -0.0060
                      Mean entropy loss: 10.0500
                            Mean reward: 12.49
                    Mean episode length: 978.81
                        Mean action std: 0.57
    Episode_Reward/track_lin_vel_xy_exp: 0.5190
     Episode_Reward/track_ang_vel_z_exp: 0.5350
            Episode_Reward/lin_vel_z_l2: -0.0226
           Episode_Reward/ang_vel_xy_l2: -0.0895
          Episode_Reward/dof_torques_l2: -0.0668
              Episode_Reward/dof_acc_l2: -0.1190
          Episode_Reward/action_rate_l2: -0.0864
           Episode_Reward/feet_air_time: -0.0250
     Episode_Reward/flat_orientation_l2: 0.0000
          Episode_Reward/dof_pos_limits: 0.0000
              Curriculum/terrain_levels: 0.5215
     Metrics/base_velocity/error_vel_xy: 1.5779
    Metrics/base_velocity/error_vel_yaw: 0.5306
           Episode_Termination/time_out: 0.9383
       Episode_Termination/base_contact: 0.0617
--------------------------------------------------------------------------------
                         Iteration time: 28.46s
                           Time elapsed: 01:28:44
                                    ETA: 05:18:18

################################################################################
[1m                          Learning iteration 218/1000                           [0m 

                            Total steps: 21528576 
                       Steps per second: 3454 
                        Collection time: 27.966s 
                          Learning time: 0.491s 
                        Mean value loss: 0.0177
                    Mean surrogate loss: -0.0056
                      Mean entropy loss: 10.0275
                            Mean reward: 13.90
                    Mean episode length: 975.99
                        Mean action std: 0.57
    Episode_Reward/track_lin_vel_xy_exp: 0.5833
     Episode_Reward/track_ang_vel_z_exp: 0.5311
            Episode_Reward/lin_vel_z_l2: -0.0238
           Episode_Reward/ang_vel_xy_l2: -0.0928
          Episode_Reward/dof_torques_l2: -0.0696
              Episode_Reward/dof_acc_l2: -0.1228
          Episode_Reward/action_rate_l2: -0.0874
           Episode_Reward/feet_air_time: -0.0248
     Episode_Reward/flat_orientation_l2: 0.0000
          Episode_Reward/dof_pos_limits: 0.0000
              Curriculum/terrain_levels: 0.5244
     Metrics/base_velocity/error_vel_xy: 1.4851
    Metrics/base_velocity/error_vel_yaw: 0.5342
           Episode_Termination/time_out: 0.9385
       Episode_Termination/base_contact: 0.0615
--------------------------------------------------------------------------------
                         Iteration time: 28.46s
                           Time elapsed: 01:29:12
                                    ETA: 05:18:08

################################################################################
[1m                          Learning iteration 219/1000                           [0m 

                            Total steps: 21626880 
                       Steps per second: 3390 
                        Collection time: 28.500s 
                          Learning time: 0.491s 
                        Mean value loss: 0.0182
                    Mean surrogate loss: -0.0048
                      Mean entropy loss: 10.0243
                            Mean reward: 13.86
                    Mean episode length: 970.73
                        Mean action std: 0.57
    Episode_Reward/track_lin_vel_xy_exp: 0.5419
     Episode_Reward/track_ang_vel_z_exp: 0.5300
            Episode_Reward/lin_vel_z_l2: -0.0225
           Episode_Reward/ang_vel_xy_l2: -0.0899
          Episode_Reward/dof_torques_l2: -0.0672
              Episode_Reward/dof_acc_l2: -0.1181
          Episode_Reward/action_rate_l2: -0.0860
           Episode_Reward/feet_air_time: -0.0244
     Episode_Reward/flat_orientation_l2: 0.0000
          Episode_Reward/dof_pos_limits: 0.0000
              Curriculum/terrain_levels: 0.5260
     Metrics/base_velocity/error_vel_xy: 1.5028
    Metrics/base_velocity/error_vel_yaw: 0.5254
           Episode_Termination/time_out: 0.9392
       Episode_Termination/base_contact: 0.0608
--------------------------------------------------------------------------------
                         Iteration time: 28.99s
                           Time elapsed: 01:29:41
                                    ETA: 05:18:00

################################################################################
[1m                          Learning iteration 220/1000                           [0m 

                            Total steps: 21725184 
                       Steps per second: 3422 
                        Collection time: 28.227s 
                          Learning time: 0.492s 
                        Mean value loss: 0.0175
                    Mean surrogate loss: -0.0070
                      Mean entropy loss: 10.0341
                            Mean reward: 13.10
                    Mean episode length: 965.91
                        Mean action std: 0.58
    Episode_Reward/track_lin_vel_xy_exp: 0.5228
     Episode_Reward/track_ang_vel_z_exp: 0.5273
            Episode_Reward/lin_vel_z_l2: -0.0230
           Episode_Reward/ang_vel_xy_l2: -0.0906
          Episode_Reward/dof_torques_l2: -0.0643
              Episode_Reward/dof_acc_l2: -0.1190
          Episode_Reward/action_rate_l2: -0.0850
           Episode_Reward/feet_air_time: -0.0254
     Episode_Reward/flat_orientation_l2: 0.0000
          Episode_Reward/dof_pos_limits: 0.0000
              Curriculum/terrain_levels: 0.5264
     Metrics/base_velocity/error_vel_xy: 1.5096
    Metrics/base_velocity/error_vel_yaw: 0.4988
           Episode_Termination/time_out: 0.9389
       Episode_Termination/base_contact: 0.0611
--------------------------------------------------------------------------------
                         Iteration time: 28.72s
                           Time elapsed: 01:30:10
                                    ETA: 05:17:50

################################################################################
[1m                          Learning iteration 221/1000                           [0m 

                            Total steps: 21823488 
                       Steps per second: 3434 
                        Collection time: 28.142s 
                          Learning time: 0.485s 
                        Mean value loss: 0.0199
                    Mean surrogate loss: -0.0060
                      Mean entropy loss: 10.0551
                            Mean reward: 13.04
                    Mean episode length: 960.13
                        Mean action std: 0.58
    Episode_Reward/track_lin_vel_xy_exp: 0.5359
     Episode_Reward/track_ang_vel_z_exp: 0.5295
            Episode_Reward/lin_vel_z_l2: -0.0235
           Episode_Reward/ang_vel_xy_l2: -0.0895
          Episode_Reward/dof_torques_l2: -0.0662
              Episode_Reward/dof_acc_l2: -0.1238
          Episode_Reward/action_rate_l2: -0.0854
           Episode_Reward/feet_air_time: -0.0240
     Episode_Reward/flat_orientation_l2: 0.0000
          Episode_Reward/dof_pos_limits: 0.0000
              Curriculum/terrain_levels: 0.5270
     Metrics/base_velocity/error_vel_xy: 1.5057
    Metrics/base_velocity/error_vel_yaw: 0.5177
           Episode_Termination/time_out: 0.9386
       Episode_Termination/base_contact: 0.0614
--------------------------------------------------------------------------------
                         Iteration time: 28.63s
                           Time elapsed: 01:30:38
                                    ETA: 05:17:40

################################################################################
[1m                          Learning iteration 222/1000                           [0m 

                            Total steps: 21921792 
                       Steps per second: 3435 
                        Collection time: 28.126s 
                          Learning time: 0.491s 
                        Mean value loss: 0.0213
                    Mean surrogate loss: -0.0052
                      Mean entropy loss: 10.0613
                            Mean reward: 13.22
                    Mean episode length: 965.60
                        Mean action std: 0.58
    Episode_Reward/track_lin_vel_xy_exp: 0.4729
     Episode_Reward/track_ang_vel_z_exp: 0.5394
            Episode_Reward/lin_vel_z_l2: -0.0213
           Episode_Reward/ang_vel_xy_l2: -0.0868
          Episode_Reward/dof_torques_l2: -0.0660
              Episode_Reward/dof_acc_l2: -0.1142
          Episode_Reward/action_rate_l2: -0.0849
           Episode_Reward/feet_air_time: -0.0236
     Episode_Reward/flat_orientation_l2: 0.0000
          Episode_Reward/dof_pos_limits: 0.0000
              Curriculum/terrain_levels: 0.5279
     Metrics/base_velocity/error_vel_xy: 1.7478
    Metrics/base_velocity/error_vel_yaw: 0.4978
           Episode_Termination/time_out: 0.9380
       Episode_Termination/base_contact: 0.0620
--------------------------------------------------------------------------------
                         Iteration time: 28.62s
                           Time elapsed: 01:31:07
                                    ETA: 05:17:30

################################################################################
[1m                          Learning iteration 223/1000                           [0m 

                            Total steps: 22020096 
                       Steps per second: 3425 
                        Collection time: 28.204s 
                          Learning time: 0.492s 
                        Mean value loss: 0.0196
                    Mean surrogate loss: -0.0057
                      Mean entropy loss: 10.0609
                            Mean reward: 13.00
                    Mean episode length: 974.45
                        Mean action std: 0.58
    Episode_Reward/track_lin_vel_xy_exp: 0.5591
     Episode_Reward/track_ang_vel_z_exp: 0.5437
            Episode_Reward/lin_vel_z_l2: -0.0235
           Episode_Reward/ang_vel_xy_l2: -0.0928
          Episode_Reward/dof_torques_l2: -0.0703
              Episode_Reward/dof_acc_l2: -0.1250
          Episode_Reward/action_rate_l2: -0.0880
           Episode_Reward/feet_air_time: -0.0252
     Episode_Reward/flat_orientation_l2: 0.0000
          Episode_Reward/dof_pos_limits: 0.0000
              Curriculum/terrain_levels: 0.5299
     Metrics/base_velocity/error_vel_xy: 1.4814
    Metrics/base_velocity/error_vel_yaw: 0.5113
           Episode_Termination/time_out: 0.9379
       Episode_Termination/base_contact: 0.0621
--------------------------------------------------------------------------------
                         Iteration time: 28.70s
                           Time elapsed: 01:31:36
                                    ETA: 05:17:20

################################################################################
[1m                          Learning iteration 224/1000                           [0m 

                            Total steps: 22118400 
                       Steps per second: 3321 
                        Collection time: 29.108s 
                          Learning time: 0.485s 
                        Mean value loss: 0.0198
                    Mean surrogate loss: -0.0055
                      Mean entropy loss: 10.0608
                            Mean reward: 13.29
                    Mean episode length: 982.38
                        Mean action std: 0.58
    Episode_Reward/track_lin_vel_xy_exp: 0.5359
     Episode_Reward/track_ang_vel_z_exp: 0.5492
            Episode_Reward/lin_vel_z_l2: -0.0226
           Episode_Reward/ang_vel_xy_l2: -0.0931
          Episode_Reward/dof_torques_l2: -0.0685
              Episode_Reward/dof_acc_l2: -0.1226
          Episode_Reward/action_rate_l2: -0.0883
           Episode_Reward/feet_air_time: -0.0260
     Episode_Reward/flat_orientation_l2: 0.0000
          Episode_Reward/dof_pos_limits: 0.0000
              Curriculum/terrain_levels: 0.5314
     Metrics/base_velocity/error_vel_xy: 1.5931
    Metrics/base_velocity/error_vel_yaw: 0.5254
           Episode_Termination/time_out: 0.9392
       Episode_Termination/base_contact: 0.0608
--------------------------------------------------------------------------------
                         Iteration time: 29.59s
                           Time elapsed: 01:32:05
                                    ETA: 05:17:13

