[START] G-A058 train_G-A058-Go2_a043_seed44_1000 resume=0 remeasure_baseline=0 at 2026-10-01T16:28:48+09:00
[PHASE 1/6] G-A058 single-variable training: train_seed 42->44 seed=44 envs=4096 iterations=1000
[INFO][AppLauncher]: Using device: cuda:0
[INFO][AppLauncher]: Loading experience file: D:\dev\Nconnect\IsaacLab\apps\isaaclab.python.headless.kit
[INFO]: Parsing configuration from: go2_task.env_cfg:QuadrupedRoughEnvCfg
[Quadruped:student] 6 reward 항목 로드
  [OK] track_lin_vel_xy_exp.weight = 1.5
  [OK] feet_air_time.weight = 0.2
  [OK] lin_vel_z_l2.weight = -1.5
  [OK] ang_vel_xy_l2.weight = -0.05
  [OK] action_rate_l2.weight = -0.01
  [OK] flat_orientation_l2.weight = 0.0
[Quadruped:student] terrain override - boxes ≤0.15m
[INFO]: Parsing configuration from: go2_task.agent_cfg:QuadrupedPPORunnerCfg
[WARNING]: The `policy` configuration is deprecated for rsl-rl >= 4.0.0. Please use, e.g., `actor` and `critic` model configurations instead.
[WARNING]: The `empirical_normalization` parameter is deprecated. Please set `actor_obs_normalization` and `critic_obs_normalization` as part of the `policy` configuration instead.
[WARNING]: The `policy` configuration is used to infer the `actor` model configuration.
[WARNING]: The `policy` configuration is used to infer the `critic` model configuration.
[WARNING]: The `distribution_cfg` configuration is now used to specify the output distribution for stochastic policies. Consider updating the configuration to use `distribution_cfg` instead of `stochastic`, `init_noise_std`, `noise_std_type`, and `state_dependent_std` parameters.
[INFO] Logging experiment in directory: D:\workspace\go2_g_a058_work\a043_seed44\candidate\logs\rsl_rl\quadruped
Exact experiment name requested from command line: 2026-10-01_16-29-01

[36m======================================================================================================================[0m
[36m[1m[INFO][IsaacLab]: Logging to file: C:\Users\ADMINI~1\AppData\Local\Temp\isaaclab\logs\isaaclab_2026-10-01_16-29-01.log[0m
[36m======================================================================================================================[0m

[33m16:29:01 [simulation_context.py] WARNING: The `enable_external_forces_every_iteration` parameter in the PhysxCfg is set to False. If you are experiencing noisy velocities, consider enabling this flag. You may need to slightly increase the number of velocity iterations (setting it to 1 or 2 rather than 0), together with this flag, to improve the accuracy of velocity updates.[0m
D:\dev\Nconnect\.venv-isaaclab\Lib\site-packages\rsl_rl\utils\utils.py:220: UserWarning: The observation configuration dictionary 'obs_groups' is empty and thus likely not configured. Consider configuring the 'obs_groups' dictionary explicitly
  warnings.warn(
D:\dev\Nconnect\.venv-isaaclab\Lib\site-packages\rsl_rl\utils\utils.py:251: UserWarning: The observation configuration dictionary 'obs_groups' does not contain the 'actor' key. As an observation group with the name 'policy' was found, this is assumed to be the appropriate observation. Consider adding the 'actor' key to the 'obs_groups' dictionary for clarity. This behavior will be removed in a future version.
  warnings.warn(
D:\dev\Nconnect\.venv-isaaclab\Lib\site-packages\rsl_rl\utils\utils.py:251: UserWarning: The observation configuration dictionary 'obs_groups' does not contain the 'critic' key. As an observation group with the name 'policy' was found, this is assumed to be the appropriate observation. Consider adding the 'critic' key to the 'obs_groups' dictionary for clarity. This behavior will be removed in a future version.
  warnings.warn(
[INFO]: Base environment:
	Environment device    : cuda:0
	Environment seed      : 44
	Physics step-size     : 0.005
	Rendering step-size   : 0.02
	Environment step-size : 0.02
[INFO] Generating terrains based on curriculum took : 1.448534 seconds
[INFO]: Time taken for scene creation : 6.186108 seconds
[INFO]: Scene manager:  <class InteractiveScene>
	Number of environments: 4096
	Environment spacing   : 2.5
	Source prim name      : /World/envs/env_0
	Global prim paths     : ['/World/ground']
	Replicate physics     : True
[INFO]: Starting the simulation. This may take a few seconds. Please wait...
[INFO]: Time taken for simulation start : 6.934929 seconds
[INFO] Command Manager:  <CommandManager> contains 1 active terms.
+------------------------------------------------+
|              Active Command Terms              |
+-------+---------------+------------------------+
| Index | Name          |          Type          |
+-------+---------------+------------------------+
|   0   | base_velocity | UniformVelocityCommand |
+-------+---------------+------------------------+

[INFO] Event Manager:  <EventManager> contains 2 active terms.
+--------------------------------------+
| Active Event Terms in Mode: 'startup' |
+----------+---------------------------+
|  Index   | Name                      |
+----------+---------------------------+
|    0     | physics_material          |
|    1     | add_base_mass             |
+----------+---------------------------+
+---------------------------------------+
|  Active Event Terms in Mode: 'reset'  |
+--------+------------------------------+
| Index  | Name                         |
+--------+------------------------------+
|   0    | base_external_force_torque   |
|   1    | reset_base                   |
|   2    | reset_robot_joints           |
+--------+------------------------------+

[INFO] Recorder Manager:  <RecorderManager> contains 0 active terms.
+---------------------+
| Active Recorder Terms |
+-----------+---------+
|   Index   | Name    |
+-----------+---------+
+-----------+---------+

[INFO] Action Manager:  <ActionManager> contains 1 active terms.
+------------------------------------+
|  Active Action Terms (shape: 12)   |
+--------+-------------+-------------+
| Index  | Name        |   Dimension |
+--------+-------------+-------------+
|   0    | joint_pos   |          12 |
+--------+-------------+-------------+

[INFO] Observation Manager: <ObservationManager> contains 1 groups.
+----------------------------------------------------------+
| Active Observation Terms in Group: 'policy' (shape: (235,)) |
+-----------+--------------------------------+-------------+
|   Index   | Name                           |    Shape    |
+-----------+--------------------------------+-------------+
|     0     | base_lin_vel                   |     (3,)    |
|     1     | base_ang_vel                   |     (3,)    |
|     2     | projected_gravity              |     (3,)    |
|     3     | velocity_commands              |     (3,)    |
|     4     | joint_pos                      |    (12,)    |
|     5     | joint_vel                      |    (12,)    |
|     6     | actions                        |    (12,)    |
|     7     | height_scan                    |    (187,)   |
+-----------+--------------------------------+-------------+

[INFO] Termination Manager:  <TerminationManager> contains 2 active terms.
+---------------------------------+
|     Active Termination Terms    |
+-------+--------------+----------+
| Index | Name         | Time Out |
+-------+--------------+----------+
|   0   | time_out     |   True   |
|   1   | base_contact |  False   |
+-------+--------------+----------+

[INFO] Reward Manager:  <RewardManager> contains 10 active terms.
+-----------------------------------------+
|           Active Reward Terms           |
+-------+----------------------+----------+
| Index | Name                 |   Weight |
+-------+----------------------+----------+
|   0   | track_lin_vel_xy_exp |      1.5 |
|   1   | track_ang_vel_z_exp  |     0.75 |
|   2   | lin_vel_z_l2         |     -1.5 |
|   3   | ang_vel_xy_l2        |    -0.05 |
|   4   | dof_torques_l2       |  -0.0002 |
|   5   | dof_acc_l2           | -2.5e-07 |
|   6   | action_rate_l2       |    -0.01 |
|   7   | feet_air_time        |      0.2 |
|   8   | flat_orientation_l2  |      0.0 |
|   9   | dof_pos_limits       |      0.0 |
+-------+----------------------+----------+

[INFO] Curriculum Manager:  <CurriculumManager> contains 1 active terms.
+---------------------------+
|  Active Curriculum Terms  |
+--------+------------------+
| Index  | Name             |
+--------+------------------+
|   0    | terrain_levels   |
+--------+------------------+

[INFO]: Completed setting up the environment...
--------------------------------------------------------------------------------
Resolved observation sets: 
	 actor :  ['policy']
	 critic :  ['policy']
--------------------------------------------------------------------------------
Actor Model: MLPModel(
  (obs_normalizer): Identity()
  (distribution): GaussianDistribution()
  (mlp): MLP(
    (0): Linear(in_features=235, out_features=512, bias=True)
    (1): ELU(alpha=1.0)
    (2): Linear(in_features=512, out_features=256, bias=True)
    (3): ELU(alpha=1.0)
    (4): Linear(in_features=256, out_features=128, bias=True)
    (5): ELU(alpha=1.0)
    (6): Linear(in_features=128, out_features=12, bias=True)
  )
)
Critic Model: MLPModel(
  (obs_normalizer): Identity()
  (mlp): MLP(
    (0): Linear(in_features=235, out_features=512, bias=True)
    (1): ELU(alpha=1.0)
    (2): Linear(in_features=512, out_features=256, bias=True)
    (3): ELU(alpha=1.0)
    (4): Linear(in_features=256, out_features=128, bias=True)
    (5): ELU(alpha=1.0)
    (6): Linear(in_features=128, out_features=1, bias=True)
  )
)
Could not find git repository in D:\dev\Nconnect\.venv-isaaclab\Lib\site-packages\rsl_rl\__init__.py. Skipping.
Storing git diff for 'IsaacLab' in: D:\workspace\go2_g_a058_work\a043_seed44\candidate\logs\rsl_rl\quadruped\2026-10-01_16-29-01\git\IsaacLab.diff
################################################################################
[1m                           Learning iteration 0/1000                            [0m 

                            Total steps: 98304 
                       Steps per second: 5848 
                        Collection time: 16.219s 
                          Learning time: 0.588s 
                        Mean value loss: 0.0552
                    Mean surrogate loss: 0.0053
                      Mean entropy loss: 17.0099
                            Mean reward: -0.50
                    Mean episode length: 13.61
                        Mean action std: 1.00
    Episode_Reward/track_lin_vel_xy_exp: 0.0029
     Episode_Reward/track_ang_vel_z_exp: 0.0027
            Episode_Reward/lin_vel_z_l2: -0.0114
           Episode_Reward/ang_vel_xy_l2: -0.0075
          Episode_Reward/dof_torques_l2: -0.0016
              Episode_Reward/dof_acc_l2: -0.0049
          Episode_Reward/action_rate_l2: -0.0029
           Episode_Reward/feet_air_time: -0.0004
     Episode_Reward/flat_orientation_l2: 0.0000
          Episode_Reward/dof_pos_limits: 0.0000
              Curriculum/terrain_levels: 3.4840
     Metrics/base_velocity/error_vel_xy: 0.0225
    Metrics/base_velocity/error_vel_yaw: 0.0195
           Episode_Termination/time_out: 0.0143
       Episode_Termination/base_contact: 0.0001
--------------------------------------------------------------------------------
                         Iteration time: 16.81s
                           Time elapsed: 00:00:16
                                    ETA: 04:39:50

################################################################################
[1m                           Learning iteration 1/1000                            [0m 

                            Total steps: 196608 
                       Steps per second: 5894 
                        Collection time: 16.191s 
                          Learning time: 0.486s 
                        Mean value loss: 0.0224
                    Mean surrogate loss: -0.0060
                      Mean entropy loss: 16.9350
                            Mean reward: -0.98
                    Mean episode length: 35.89
                        Mean action std: 0.99
    Episode_Reward/track_lin_vel_xy_exp: 0.0122
     Episode_Reward/track_ang_vel_z_exp: 0.0086
            Episode_Reward/lin_vel_z_l2: -0.0191
           Episode_Reward/ang_vel_xy_l2: -0.0241
          Episode_Reward/dof_torques_l2: -0.0048
              Episode_Reward/dof_acc_l2: -0.0109
          Episode_Reward/action_rate_l2: -0.0087
           Episode_Reward/feet_air_time: -0.0016
     Episode_Reward/flat_orientation_l2: 0.0000
          Episode_Reward/dof_pos_limits: 0.0000
              Curriculum/terrain_levels: 3.4601
     Metrics/base_velocity/error_vel_xy: 0.0644
    Metrics/base_velocity/error_vel_yaw: 0.0585
           Episode_Termination/time_out: 0.0386
       Episode_Termination/base_contact: 0.0002
--------------------------------------------------------------------------------
                         Iteration time: 16.68s
                           Time elapsed: 00:00:33
                                    ETA: 04:38:28

################################################################################
[1m                           Learning iteration 2/1000                            [0m 

                            Total steps: 294912 
                       Steps per second: 5694 
                        Collection time: 16.779s 
                          Learning time: 0.484s 
                        Mean value loss: 0.0158
                    Mean surrogate loss: -0.0060
                      Mean entropy loss: 16.7407
                            Mean reward: -1.50
                    Mean episode length: 62.73
                        Mean action std: 0.97
    Episode_Reward/track_lin_vel_xy_exp: 0.0179
     Episode_Reward/track_ang_vel_z_exp: 0.0134
            Episode_Reward/lin_vel_z_l2: -0.0208
           Episode_Reward/ang_vel_xy_l2: -0.0411
          Episode_Reward/dof_torques_l2: -0.0078
              Episode_Reward/dof_acc_l2: -0.0158
          Episode_Reward/action_rate_l2: -0.0142
           Episode_Reward/feet_air_time: -0.0029
     Episode_Reward/flat_orientation_l2: 0.0000
          Episode_Reward/dof_pos_limits: 0.0000
              Curriculum/terrain_levels: 3.4351
     Metrics/base_velocity/error_vel_xy: 0.1135
    Metrics/base_velocity/error_vel_yaw: 0.1047
           Episode_Termination/time_out: 0.0636
       Episode_Termination/base_contact: 0.0005
--------------------------------------------------------------------------------
                         Iteration time: 17.26s
                           Time elapsed: 00:00:50
                                    ETA: 04:41:05

################################################################################
[1m                           Learning iteration 3/1000                            [0m 

                            Total steps: 393216 
                       Steps per second: 5638 
                        Collection time: 16.952s 
                          Learning time: 0.483s 
                        Mean value loss: 0.0141
                    Mean surrogate loss: -0.0060
                      Mean entropy loss: 16.5546
                            Mean reward: -1.84
                    Mean episode length: 86.16
                        Mean action std: 0.95
    Episode_Reward/track_lin_vel_xy_exp: 0.0271
     Episode_Reward/track_ang_vel_z_exp: 0.0183
            Episode_Reward/lin_vel_z_l2: -0.0225
           Episode_Reward/ang_vel_xy_l2: -0.0568
          Episode_Reward/dof_torques_l2: -0.0107
              Episode_Reward/dof_acc_l2: -0.0197
          Episode_Reward/action_rate_l2: -0.0197
           Episode_Reward/feet_air_time: -0.0037
     Episode_Reward/flat_orientation_l2: 0.0000
          Episode_Reward/dof_pos_limits: 0.0000
              Curriculum/terrain_levels: 3.4066
     Metrics/base_velocity/error_vel_xy: 0.1566
    Metrics/base_velocity/error_vel_yaw: 0.1512
           Episode_Termination/time_out: 0.0908
       Episode_Termination/base_contact: 0.0024
--------------------------------------------------------------------------------
                         Iteration time: 17.43s
                           Time elapsed: 00:01:08
                                    ETA: 04:42:57

################################################################################
[1m                           Learning iteration 4/1000                            [0m 

                            Total steps: 491520 
                       Steps per second: 5593 
                        Collection time: 17.087s 
                          Learning time: 0.488s 
                        Mean value loss: 0.0142
                    Mean surrogate loss: -0.0065
                      Mean entropy loss: 16.3334
                            Mean reward: -2.29
                    Mean episode length: 113.26
                        Mean action std: 0.94
    Episode_Reward/track_lin_vel_xy_exp: 0.0303
     Episode_Reward/track_ang_vel_z_exp: 0.0222
            Episode_Reward/lin_vel_z_l2: -0.0251
           Episode_Reward/ang_vel_xy_l2: -0.0725
          Episode_Reward/dof_torques_l2: -0.0134
              Episode_Reward/dof_acc_l2: -0.0253
          Episode_Reward/action_rate_l2: -0.0248
           Episode_Reward/feet_air_time: -0.0047
     Episode_Reward/flat_orientation_l2: 0.0000
          Episode_Reward/dof_pos_limits: 0.0000
              Curriculum/terrain_levels: 3.3742
     Metrics/base_velocity/error_vel_xy: 0.2080
    Metrics/base_velocity/error_vel_yaw: 0.2021
           Episode_Termination/time_out: 0.1180
       Episode_Termination/base_contact: 0.0079
--------------------------------------------------------------------------------
                         Iteration time: 17.57s
                           Time elapsed: 00:01:25
                                    ETA: 04:44:25

################################################################################
[1m                           Learning iteration 5/1000                            [0m 

                            Total steps: 589824 
                       Steps per second: 5562 
                        Collection time: 17.184s 
                          Learning time: 0.488s 
                        Mean value loss: 0.0113
                    Mean surrogate loss: -0.0034
                      Mean entropy loss: 16.1766
                            Mean reward: -2.55
                    Mean episode length: 136.68
                        Mean action std: 0.93
    Episode_Reward/track_lin_vel_xy_exp: 0.0433
     Episode_Reward/track_ang_vel_z_exp: 0.0299
            Episode_Reward/lin_vel_z_l2: -0.0287
           Episode_Reward/ang_vel_xy_l2: -0.0876
          Episode_Reward/dof_torques_l2: -0.0161
              Episode_Reward/dof_acc_l2: -0.0322
          Episode_Reward/action_rate_l2: -0.0302
           Episode_Reward/feet_air_time: -0.0053
     Episode_Reward/flat_orientation_l2: 0.0000
          Episode_Reward/dof_pos_limits: 0.0000
              Curriculum/terrain_levels: 3.3354
     Metrics/base_velocity/error_vel_xy: 0.2513
    Metrics/base_velocity/error_vel_yaw: 0.2309
           Episode_Termination/time_out: 0.1455
       Episode_Termination/base_contact: 0.0200
--------------------------------------------------------------------------------
                         Iteration time: 17.67s
                           Time elapsed: 00:01:43
                                    ETA: 04:45:34

################################################################################
[1m                           Learning iteration 6/1000                            [0m 

                            Total steps: 688128 
                       Steps per second: 5505 
                        Collection time: 17.375s 
                          Learning time: 0.481s 
                        Mean value loss: 0.0106
                    Mean surrogate loss: -0.0072
                      Mean entropy loss: 15.9589
                            Mean reward: -2.99
                    Mean episode length: 158.81
                        Mean action std: 0.91
    Episode_Reward/track_lin_vel_xy_exp: 0.0501
     Episode_Reward/track_ang_vel_z_exp: 0.0351
            Episode_Reward/lin_vel_z_l2: -0.0303
           Episode_Reward/ang_vel_xy_l2: -0.1005
          Episode_Reward/dof_torques_l2: -0.0189
              Episode_Reward/dof_acc_l2: -0.0368
          Episode_Reward/action_rate_l2: -0.0348
           Episode_Reward/feet_air_time: -0.0058
     Episode_Reward/flat_orientation_l2: 0.0000
          Episode_Reward/dof_pos_limits: 0.0000
              Curriculum/terrain_levels: 3.2949
     Metrics/base_velocity/error_vel_xy: 0.3033
    Metrics/base_velocity/error_vel_yaw: 0.2711
           Episode_Termination/time_out: 0.1709
       Episode_Termination/base_contact: 0.0356
--------------------------------------------------------------------------------
                         Iteration time: 17.86s
                           Time elapsed: 00:02:01
                                    ETA: 04:46:45

################################################################################
[1m                           Learning iteration 7/1000                            [0m 

                            Total steps: 786432 
                       Steps per second: 5439 
                        Collection time: 17.586s 
                          Learning time: 0.485s 
                        Mean value loss: 0.0102
                    Mean surrogate loss: -0.0034
                      Mean entropy loss: 15.7791
                            Mean reward: -3.19
                    Mean episode length: 184.47
                        Mean action std: 0.90
    Episode_Reward/track_lin_vel_xy_exp: 0.0561
     Episode_Reward/track_ang_vel_z_exp: 0.0402
            Episode_Reward/lin_vel_z_l2: -0.0328
           Episode_Reward/ang_vel_xy_l2: -0.1106
          Episode_Reward/dof_torques_l2: -0.0216
              Episode_Reward/dof_acc_l2: -0.0419
          Episode_Reward/action_rate_l2: -0.0394
           Episode_Reward/feet_air_time: -0.0067
     Episode_Reward/flat_orientation_l2: 0.0000
          Episode_Reward/dof_pos_limits: 0.0000
              Curriculum/terrain_levels: 3.2568
     Metrics/base_velocity/error_vel_xy: 0.3317
    Metrics/base_velocity/error_vel_yaw: 0.3103
           Episode_Termination/time_out: 0.1894
       Episode_Termination/base_contact: 0.0553
--------------------------------------------------------------------------------
                         Iteration time: 18.07s
                           Time elapsed: 00:02:19
                                    ETA: 04:48:00

################################################################################
[1m                           Learning iteration 8/1000                            [0m 

                            Total steps: 884736 
                       Steps per second: 5374 
                        Collection time: 17.804s 
                          Learning time: 0.487s 
                        Mean value loss: 0.0178
                    Mean surrogate loss: -0.0046
                      Mean entropy loss: 15.6582
                            Mean reward: -3.33
                    Mean episode length: 207.16
                        Mean action std: 0.89
    Episode_Reward/track_lin_vel_xy_exp: 0.0638
     Episode_Reward/track_ang_vel_z_exp: 0.0439
            Episode_Reward/lin_vel_z_l2: -0.0324
           Episode_Reward/ang_vel_xy_l2: -0.1238
          Episode_Reward/dof_torques_l2: -0.0239
              Episode_Reward/dof_acc_l2: -0.0455
          Episode_Reward/action_rate_l2: -0.0443
           Episode_Reward/feet_air_time: -0.0077
     Episode_Reward/flat_orientation_l2: 0.0000
          Episode_Reward/dof_pos_limits: 0.0000
              Curriculum/terrain_levels: 3.2162
     Metrics/base_velocity/error_vel_xy: 0.3908
    Metrics/base_velocity/error_vel_yaw: 0.3640
           Episode_Termination/time_out: 0.2089
       Episode_Termination/base_contact: 0.0762
--------------------------------------------------------------------------------
                         Iteration time: 18.29s
                           Time elapsed: 00:02:37
                                    ETA: 04:49:18

################################################################################
[1m                           Learning iteration 9/1000                            [0m 

                            Total steps: 983040 
                       Steps per second: 5293 
                        Collection time: 18.080s 
                          Learning time: 0.489s 
                        Mean value loss: 0.0084
                    Mean surrogate loss: -0.0046
                      Mean entropy loss: 15.5303
                            Mean reward: -3.66
                    Mean episode length: 231.46
                        Mean action std: 0.88
    Episode_Reward/track_lin_vel_xy_exp: 0.0699
     Episode_Reward/track_ang_vel_z_exp: 0.0503
            Episode_Reward/lin_vel_z_l2: -0.0339
           Episode_Reward/ang_vel_xy_l2: -0.1337
          Episode_Reward/dof_torques_l2: -0.0271
              Episode_Reward/dof_acc_l2: -0.0480
          Episode_Reward/action_rate_l2: -0.0482
           Episode_Reward/feet_air_time: -0.0084
     Episode_Reward/flat_orientation_l2: 0.0000
          Episode_Reward/dof_pos_limits: 0.0000
              Curriculum/terrain_levels: 3.1796
     Metrics/base_velocity/error_vel_xy: 0.4348
    Metrics/base_velocity/error_vel_yaw: 0.3969
           Episode_Termination/time_out: 0.2287
       Episode_Termination/base_contact: 0.0922
--------------------------------------------------------------------------------
                         Iteration time: 18.57s
                           Time elapsed: 00:02:56
                                    ETA: 04:50:45

################################################################################
[1m                           Learning iteration 10/1000                           [0m 

                            Total steps: 1081344 
                       Steps per second: 5249 
                        Collection time: 18.243s 
                          Learning time: 0.483s 
                        Mean value loss: 0.0144
                    Mean surrogate loss: -0.0052
                      Mean entropy loss: 15.3997
                            Mean reward: -3.78
                    Mean episode length: 249.44
                        Mean action std: 0.87
    Episode_Reward/track_lin_vel_xy_exp: 0.0692
     Episode_Reward/track_ang_vel_z_exp: 0.0538
            Episode_Reward/lin_vel_z_l2: -0.0371
           Episode_Reward/ang_vel_xy_l2: -0.1409
          Episode_Reward/dof_torques_l2: -0.0291
              Episode_Reward/dof_acc_l2: -0.0508
          Episode_Reward/action_rate_l2: -0.0515
           Episode_Reward/feet_air_time: -0.0091
     Episode_Reward/flat_orientation_l2: 0.0000
          Episode_Reward/dof_pos_limits: 0.0000
              Curriculum/terrain_levels: 3.1411
     Metrics/base_velocity/error_vel_xy: 0.4897
    Metrics/base_velocity/error_vel_yaw: 0.4269
           Episode_Termination/time_out: 0.2464
       Episode_Termination/base_contact: 0.1121
--------------------------------------------------------------------------------
                         Iteration time: 18.73s
                           Time elapsed: 00:03:14
                                    ETA: 04:52:07

################################################################################
[1m                           Learning iteration 11/1000                           [0m 

                            Total steps: 1179648 
                       Steps per second: 5210 
                        Collection time: 18.381s 
                          Learning time: 0.487s 
                        Mean value loss: 0.0078
                    Mean surrogate loss: -0.0062
                      Mean entropy loss: 15.2555
                            Mean reward: -4.01
                    Mean episode length: 274.57
                        Mean action std: 0.87
    Episode_Reward/track_lin_vel_xy_exp: 0.0695
     Episode_Reward/track_ang_vel_z_exp: 0.0606
            Episode_Reward/lin_vel_z_l2: -0.0358
           Episode_Reward/ang_vel_xy_l2: -0.1498
          Episode_Reward/dof_torques_l2: -0.0317
              Episode_Reward/dof_acc_l2: -0.0553
          Episode_Reward/action_rate_l2: -0.0565
           Episode_Reward/feet_air_time: -0.0101
     Episode_Reward/flat_orientation_l2: 0.0000
          Episode_Reward/dof_pos_limits: 0.0000
              Curriculum/terrain_levels: 3.1040
     Metrics/base_velocity/error_vel_xy: 0.5743
    Metrics/base_velocity/error_vel_yaw: 0.4618
           Episode_Termination/time_out: 0.2642
       Episode_Termination/base_contact: 0.1295
--------------------------------------------------------------------------------
                         Iteration time: 18.87s
                           Time elapsed: 00:03:33
                                    ETA: 04:53:23

################################################################################
[1m                           Learning iteration 12/1000                           [0m 

                            Total steps: 1277952 
                       Steps per second: 5178 
                        Collection time: 18.499s 
                          Learning time: 0.484s 
                        Mean value loss: 0.0081
                    Mean surrogate loss: -0.0063
                      Mean entropy loss: 15.1323
                            Mean reward: -4.28
                    Mean episode length: 299.61
                        Mean action std: 0.86
    Episode_Reward/track_lin_vel_xy_exp: 0.0912
     Episode_Reward/track_ang_vel_z_exp: 0.0643
            Episode_Reward/lin_vel_z_l2: -0.0434
           Episode_Reward/ang_vel_xy_l2: -0.1593
          Episode_Reward/dof_torques_l2: -0.0339
              Episode_Reward/dof_acc_l2: -0.0585
          Episode_Reward/action_rate_l2: -0.0594
           Episode_Reward/feet_air_time: -0.0108
     Episode_Reward/flat_orientation_l2: 0.0000
          Episode_Reward/dof_pos_limits: 0.0000
              Curriculum/terrain_levels: 3.0716
     Metrics/base_velocity/error_vel_xy: 0.5478
    Metrics/base_velocity/error_vel_yaw: 0.4962
           Episode_Termination/time_out: 0.2785
       Episode_Termination/base_contact: 0.1452
--------------------------------------------------------------------------------
                         Iteration time: 18.98s
                           Time elapsed: 00:03:52
                                    ETA: 04:54:34

################################################################################
[1m                           Learning iteration 13/1000                           [0m 

                            Total steps: 1376256 
                       Steps per second: 5223 
                        Collection time: 18.331s 
                          Learning time: 0.489s 
                        Mean value loss: 0.0136
                    Mean surrogate loss: -0.0050
                      Mean entropy loss: 15.0174
                            Mean reward: -4.44
                    Mean episode length: 315.99
                        Mean action std: 0.85
    Episode_Reward/track_lin_vel_xy_exp: 0.1100
     Episode_Reward/track_ang_vel_z_exp: 0.0691
            Episode_Reward/lin_vel_z_l2: -0.0427
           Episode_Reward/ang_vel_xy_l2: -0.1671
          Episode_Reward/dof_torques_l2: -0.0367
              Episode_Reward/dof_acc_l2: -0.0607
          Episode_Reward/action_rate_l2: -0.0639
           Episode_Reward/feet_air_time: -0.0115
     Episode_Reward/flat_orientation_l2: 0.0000
          Episode_Reward/dof_pos_limits: 0.0000
              Curriculum/terrain_levels: 3.0382
     Metrics/base_velocity/error_vel_xy: 0.5493
    Metrics/base_velocity/error_vel_yaw: 0.5378
           Episode_Termination/time_out: 0.2927
       Episode_Termination/base_contact: 0.1615
--------------------------------------------------------------------------------
                         Iteration time: 18.82s
                           Time elapsed: 00:04:11
                                    ETA: 04:55:20

################################################################################
[1m                           Learning iteration 14/1000                           [0m 

                            Total steps: 1474560 
                       Steps per second: 5086 
                        Collection time: 18.842s 
                          Learning time: 0.487s 
                        Mean value loss: 0.0096
                    Mean surrogate loss: -0.0052
                      Mean entropy loss: 14.9073
                            Mean reward: -4.41
                    Mean episode length: 342.95
                        Mean action std: 0.84
    Episode_Reward/track_lin_vel_xy_exp: 0.1011
     Episode_Reward/track_ang_vel_z_exp: 0.0762
            Episode_Reward/lin_vel_z_l2: -0.0437
           Episode_Reward/ang_vel_xy_l2: -0.1725
          Episode_Reward/dof_torques_l2: -0.0385
              Episode_Reward/dof_acc_l2: -0.0633
          Episode_Reward/action_rate_l2: -0.0667
           Episode_Reward/feet_air_time: -0.0126
     Episode_Reward/flat_orientation_l2: 0.0000
          Episode_Reward/dof_pos_limits: 0.0000
              Curriculum/terrain_levels: 3.0060
     Metrics/base_velocity/error_vel_xy: 0.6535
    Metrics/base_velocity/error_vel_yaw: 0.5601
           Episode_Termination/time_out: 0.3058
       Episode_Termination/base_contact: 0.1774
--------------------------------------------------------------------------------
                         Iteration time: 19.33s
                           Time elapsed: 00:04:30
                                    ETA: 04:56:31

################################################################################
[1m                           Learning iteration 15/1000                           [0m 

                            Total steps: 1572864 
                       Steps per second: 5051 
                        Collection time: 18.971s 
                          Learning time: 0.488s 
                        Mean value loss: 0.0080
                    Mean surrogate loss: -0.0014
                      Mean entropy loss: 14.8347
                            Mean reward: -4.23
                    Mean episode length: 347.09
                        Mean action std: 0.83
    Episode_Reward/track_lin_vel_xy_exp: 0.1167
     Episode_Reward/track_ang_vel_z_exp: 0.0785
            Episode_Reward/lin_vel_z_l2: -0.0436
           Episode_Reward/ang_vel_xy_l2: -0.1723
          Episode_Reward/dof_torques_l2: -0.0388
              Episode_Reward/dof_acc_l2: -0.0659
          Episode_Reward/action_rate_l2: -0.0677
           Episode_Reward/feet_air_time: -0.0122
     Episode_Reward/flat_orientation_l2: 0.0000
          Episode_Reward/dof_pos_limits: 0.0000
              Curriculum/terrain_levels: 2.9754
     Metrics/base_velocity/error_vel_xy: 0.6224
    Metrics/base_velocity/error_vel_yaw: 0.5651
           Episode_Termination/time_out: 0.3201
       Episode_Termination/base_contact: 0.1909
--------------------------------------------------------------------------------
                         Iteration time: 19.46s
                           Time elapsed: 00:04:50
                                    ETA: 04:57:39

################################################################################
[1m                           Learning iteration 16/1000                           [0m 

                            Total steps: 1671168 
                       Steps per second: 5016 
                        Collection time: 19.115s 
                          Learning time: 0.482s 
                        Mean value loss: 0.0060
                    Mean surrogate loss: -0.0061
                      Mean entropy loss: 14.6567
                            Mean reward: -3.72
                    Mean episode length: 371.98
                        Mean action std: 0.82
    Episode_Reward/track_lin_vel_xy_exp: 0.1274
     Episode_Reward/track_ang_vel_z_exp: 0.0872
            Episode_Reward/lin_vel_z_l2: -0.0406
           Episode_Reward/ang_vel_xy_l2: -0.1824
          Episode_Reward/dof_torques_l2: -0.0434
              Episode_Reward/dof_acc_l2: -0.0694
          Episode_Reward/action_rate_l2: -0.0737
           Episode_Reward/feet_air_time: -0.0139
     Episode_Reward/flat_orientation_l2: 0.0000
          Episode_Reward/dof_pos_limits: 0.0000
              Curriculum/terrain_levels: 2.9489
     Metrics/base_velocity/error_vel_xy: 0.6814
    Metrics/base_velocity/error_vel_yaw: 0.6231
           Episode_Termination/time_out: 0.3337
       Episode_Termination/base_contact: 0.2012
--------------------------------------------------------------------------------
                         Iteration time: 19.60s
                           Time elapsed: 00:05:09
                                    ETA: 04:58:45

################################################################################
[1m                           Learning iteration 17/1000                           [0m 

                            Total steps: 1769472 
                       Steps per second: 4992 
                        Collection time: 19.196s 
                          Learning time: 0.494s 
                        Mean value loss: 0.0070
                    Mean surrogate loss: -0.0084
                      Mean entropy loss: 14.5104
                            Mean reward: -4.93
                    Mean episode length: 392.24
                        Mean action std: 0.81
    Episode_Reward/track_lin_vel_xy_exp: 0.1215
     Episode_Reward/track_ang_vel_z_exp: 0.0944
            Episode_Reward/lin_vel_z_l2: -0.0435
           Episode_Reward/ang_vel_xy_l2: -0.1896
          Episode_Reward/dof_torques_l2: -0.0460
              Episode_Reward/dof_acc_l2: -0.0704
          Episode_Reward/action_rate_l2: -0.0766
           Episode_Reward/feet_air_time: -0.0144
     Episode_Reward/flat_orientation_l2: 0.0000
          Episode_Reward/dof_pos_limits: 0.0000
              Curriculum/terrain_levels: 2.9210
     Metrics/base_velocity/error_vel_xy: 0.7377
    Metrics/base_velocity/error_vel_yaw: 0.6430
           Episode_Termination/time_out: 0.3493
       Episode_Termination/base_contact: 0.2107
--------------------------------------------------------------------------------
                         Iteration time: 19.69s
                           Time elapsed: 00:05:29
                                    ETA: 04:59:46

################################################################################
[1m                           Learning iteration 18/1000                           [0m 

                            Total steps: 1867776 
                       Steps per second: 4954 
                        Collection time: 19.349s 
                          Learning time: 0.492s 
                        Mean value loss: 0.0094
                    Mean surrogate loss: -0.0060
                      Mean entropy loss: 14.3388
                            Mean reward: -4.88
                    Mean episode length: 412.40
                        Mean action std: 0.80
    Episode_Reward/track_lin_vel_xy_exp: 0.0983
     Episode_Reward/track_ang_vel_z_exp: 0.1017
            Episode_Reward/lin_vel_z_l2: -0.0469
           Episode_Reward/ang_vel_xy_l2: -0.1982
          Episode_Reward/dof_torques_l2: -0.0481
              Episode_Reward/dof_acc_l2: -0.0724
          Episode_Reward/action_rate_l2: -0.0800
           Episode_Reward/feet_air_time: -0.0149
     Episode_Reward/flat_orientation_l2: 0.0000
          Episode_Reward/dof_pos_limits: 0.0000
              Curriculum/terrain_levels: 2.8928
     Metrics/base_velocity/error_vel_xy: 0.9114
    Metrics/base_velocity/error_vel_yaw: 0.6658
           Episode_Termination/time_out: 0.3623
       Episode_Termination/base_contact: 0.2221
--------------------------------------------------------------------------------
                         Iteration time: 19.84s
                           Time elapsed: 00:05:49
                                    ETA: 05:00:46

################################################################################
[1m                           Learning iteration 19/1000                           [0m 

                            Total steps: 1966080 
                       Steps per second: 4952 
                        Collection time: 19.363s 
                          Learning time: 0.485s 
                        Mean value loss: 0.0088
                    Mean surrogate loss: -0.0067
                      Mean entropy loss: 14.2283
                            Mean reward: -5.51
                    Mean episode length: 438.50
                        Mean action std: 0.80
    Episode_Reward/track_lin_vel_xy_exp: 0.0953
     Episode_Reward/track_ang_vel_z_exp: 0.1009
            Episode_Reward/lin_vel_z_l2: -0.0456
           Episode_Reward/ang_vel_xy_l2: -0.2012
          Episode_Reward/dof_torques_l2: -0.0509
              Episode_Reward/dof_acc_l2: -0.0757
          Episode_Reward/action_rate_l2: -0.0832
           Episode_Reward/feet_air_time: -0.0162
     Episode_Reward/flat_orientation_l2: 0.0000
          Episode_Reward/dof_pos_limits: 0.0000
              Curriculum/terrain_levels: 2.8644
     Metrics/base_velocity/error_vel_xy: 0.9174
    Metrics/base_velocity/error_vel_yaw: 0.7275
           Episode_Termination/time_out: 0.3751
       Episode_Termination/base_contact: 0.2335
--------------------------------------------------------------------------------
                         Iteration time: 19.85s
                           Time elapsed: 00:06:09
                                    ETA: 05:01:39

################################################################################
[1m                           Learning iteration 20/1000                           [0m 

                            Total steps: 2064384 
                       Steps per second: 4939 
                        Collection time: 19.413s 
                          Learning time: 0.487s 
                        Mean value loss: 0.0530
                    Mean surrogate loss: -0.0007
                      Mean entropy loss: 14.2372
                            Mean reward: -4.80
                    Mean episode length: 453.60
                        Mean action std: 0.80
    Episode_Reward/track_lin_vel_xy_exp: 0.1365
     Episode_Reward/track_ang_vel_z_exp: 0.1062
            Episode_Reward/lin_vel_z_l2: -0.0471
           Episode_Reward/ang_vel_xy_l2: -0.2117
          Episode_Reward/dof_torques_l2: -0.0533
              Episode_Reward/dof_acc_l2: -0.0810
          Episode_Reward/action_rate_l2: -0.0869
           Episode_Reward/feet_air_time: -0.0166
     Episode_Reward/flat_orientation_l2: 0.0000
          Episode_Reward/dof_pos_limits: 0.0000
              Curriculum/terrain_levels: 2.8383
     Metrics/base_velocity/error_vel_xy: 0.9535
    Metrics/base_velocity/error_vel_yaw: 0.7680
           Episode_Termination/time_out: 0.3871
       Episode_Termination/base_contact: 0.2436
--------------------------------------------------------------------------------
                         Iteration time: 19.90s
                           Time elapsed: 00:06:29
                                    ETA: 05:02:27

################################################################################
[1m                           Learning iteration 21/1000                           [0m 

                            Total steps: 2162688 
                       Steps per second: 4919 
                        Collection time: 19.486s 
                          Learning time: 0.498s 
                        Mean value loss: 0.0078
                    Mean surrogate loss: -0.0060
                      Mean entropy loss: 14.0944
                            Mean reward: -4.34
                    Mean episode length: 427.47
                        Mean action std: 0.79
    Episode_Reward/track_lin_vel_xy_exp: 0.1085
     Episode_Reward/track_ang_vel_z_exp: 0.1108
            Episode_Reward/lin_vel_z_l2: -0.0448
           Episode_Reward/ang_vel_xy_l2: -0.1871
          Episode_Reward/dof_torques_l2: -0.0476
              Episode_Reward/dof_acc_l2: -0.0721
          Episode_Reward/action_rate_l2: -0.0784
           Episode_Reward/feet_air_time: -0.0155
     Episode_Reward/flat_orientation_l2: 0.0000
          Episode_Reward/dof_pos_limits: 0.0000
              Curriculum/terrain_levels: 2.8115
     Metrics/base_velocity/error_vel_xy: 0.8988
    Metrics/base_velocity/error_vel_yaw: 0.6492
           Episode_Termination/time_out: 0.3961
       Episode_Termination/base_contact: 0.2545
--------------------------------------------------------------------------------
                         Iteration time: 19.98s
                           Time elapsed: 00:06:49
                                    ETA: 05:03:13

################################################################################
[1m                           Learning iteration 22/1000                           [0m 

                            Total steps: 2260992 
                       Steps per second: 4893 
                        Collection time: 19.604s 
                          Learning time: 0.484s 
                        Mean value loss: 0.0070
                    Mean surrogate loss: -0.0054
                      Mean entropy loss: 13.9715
                            Mean reward: -5.28
                    Mean episode length: 473.60
                        Mean action std: 0.78
    Episode_Reward/track_lin_vel_xy_exp: 0.1284
     Episode_Reward/track_ang_vel_z_exp: 0.1172
            Episode_Reward/lin_vel_z_l2: -0.0447
           Episode_Reward/ang_vel_xy_l2: -0.2093
          Episode_Reward/dof_torques_l2: -0.0526
              Episode_Reward/dof_acc_l2: -0.0799
          Episode_Reward/action_rate_l2: -0.0877
           Episode_Reward/feet_air_time: -0.0174
     Episode_Reward/flat_orientation_l2: 0.0000
          Episode_Reward/dof_pos_limits: 0.0000
              Curriculum/terrain_levels: 2.7828
     Metrics/base_velocity/error_vel_xy: 1.0503
    Metrics/base_velocity/error_vel_yaw: 0.7507
           Episode_Termination/time_out: 0.4038
       Episode_Termination/base_contact: 0.2676
--------------------------------------------------------------------------------
                         Iteration time: 20.09s
                           Time elapsed: 00:07:09
                                    ETA: 05:03:58

################################################################################
[1m                           Learning iteration 23/1000                           [0m 

                            Total steps: 2359296 
                       Steps per second: 4875 
                        Collection time: 19.676s 
                          Learning time: 0.485s 
                        Mean value loss: 0.0081
                    Mean surrogate loss: -0.0044
                      Mean entropy loss: 13.8613
                            Mean reward: -4.32
                    Mean episode length: 448.88
                        Mean action std: 0.77
    Episode_Reward/track_lin_vel_xy_exp: 0.1218
     Episode_Reward/track_ang_vel_z_exp: 0.1102
            Episode_Reward/lin_vel_z_l2: -0.0422
           Episode_Reward/ang_vel_xy_l2: -0.1949
          Episode_Reward/dof_torques_l2: -0.0510
              Episode_Reward/dof_acc_l2: -0.0787
          Episode_Reward/action_rate_l2: -0.0833
           Episode_Reward/feet_air_time: -0.0162
     Episode_Reward/flat_orientation_l2: 0.0000
          Episode_Reward/dof_pos_limits: 0.0000
              Curriculum/terrain_levels: 2.7483
     Metrics/base_velocity/error_vel_xy: 1.0104
    Metrics/base_velocity/error_vel_yaw: 0.7516
           Episode_Termination/time_out: 0.4125
       Episode_Termination/base_contact: 0.2826
--------------------------------------------------------------------------------
                         Iteration time: 20.16s
                           Time elapsed: 00:07:29
                                    ETA: 05:04:40

################################################################################
[1m                           Learning iteration 24/1000                           [0m 

                            Total steps: 2457600 
                       Steps per second: 4860 
                        Collection time: 19.730s 
                          Learning time: 0.493s 
                        Mean value loss: 0.0088
                    Mean surrogate loss: -0.0063
                      Mean entropy loss: 13.7508
                            Mean reward: -3.98
                    Mean episode length: 436.27
                        Mean action std: 0.77
    Episode_Reward/track_lin_vel_xy_exp: 0.1480
     Episode_Reward/track_ang_vel_z_exp: 0.1151
            Episode_Reward/lin_vel_z_l2: -0.0413
           Episode_Reward/ang_vel_xy_l2: -0.1900
          Episode_Reward/dof_torques_l2: -0.0510
              Episode_Reward/dof_acc_l2: -0.0755
          Episode_Reward/action_rate_l2: -0.0815
           Episode_Reward/feet_air_time: -0.0154
     Episode_Reward/flat_orientation_l2: 0.0000
          Episode_Reward/dof_pos_limits: 0.0000
              Curriculum/terrain_levels: 2.7094
     Metrics/base_velocity/error_vel_xy: 0.9149
    Metrics/base_velocity/error_vel_yaw: 0.7166
           Episode_Termination/time_out: 0.4186
       Episode_Termination/base_contact: 0.3011
--------------------------------------------------------------------------------
                         Iteration time: 20.22s
                           Time elapsed: 00:07:49
                                    ETA: 05:05:19

################################################################################
[1m                           Learning iteration 25/1000                           [0m 

                            Total steps: 2555904 
                       Steps per second: 4833 
                        Collection time: 19.852s 
                          Learning time: 0.486s 
                        Mean value loss: 0.0101
                    Mean surrogate loss: -0.0033
                      Mean entropy loss: 13.6699
                            Mean reward: -5.11
                    Mean episode length: 515.91
                        Mean action std: 0.76
    Episode_Reward/track_lin_vel_xy_exp: 0.1066
     Episode_Reward/track_ang_vel_z_exp: 0.1218
            Episode_Reward/lin_vel_z_l2: -0.0420
           Episode_Reward/ang_vel_xy_l2: -0.1948
          Episode_Reward/dof_torques_l2: -0.0531
              Episode_Reward/dof_acc_l2: -0.0777
          Episode_Reward/action_rate_l2: -0.0843
           Episode_Reward/feet_air_time: -0.0165
     Episode_Reward/flat_orientation_l2: 0.0000
          Episode_Reward/dof_pos_limits: 0.0000
              Curriculum/terrain_levels: 2.6738
     Metrics/base_velocity/error_vel_xy: 1.0621
    Metrics/base_velocity/error_vel_yaw: 0.7451
           Episode_Termination/time_out: 0.4179
       Episode_Termination/base_contact: 0.3198
--------------------------------------------------------------------------------
                         Iteration time: 20.34s
                           Time elapsed: 00:08:10
                                    ETA: 05:05:58

################################################################################
[1m                           Learning iteration 26/1000                           [0m 

                            Total steps: 2654208 
                       Steps per second: 4826 
                        Collection time: 19.884s 
                          Learning time: 0.483s 
                        Mean value loss: 0.0098
                    Mean surrogate loss: -0.0044
                      Mean entropy loss: 13.5883
                            Mean reward: -4.66
                    Mean episode length: 482.83
                        Mean action std: 0.75
    Episode_Reward/track_lin_vel_xy_exp: 0.1289
     Episode_Reward/track_ang_vel_z_exp: 0.1256
            Episode_Reward/lin_vel_z_l2: -0.0446
           Episode_Reward/ang_vel_xy_l2: -0.1972
          Episode_Reward/dof_torques_l2: -0.0526
              Episode_Reward/dof_acc_l2: -0.0810
          Episode_Reward/action_rate_l2: -0.0853
           Episode_Reward/feet_air_time: -0.0172
     Episode_Reward/flat_orientation_l2: 0.0000
          Episode_Reward/dof_pos_limits: 0.0000
              Curriculum/terrain_levels: 2.6318
     Metrics/base_velocity/error_vel_xy: 1.0361
    Metrics/base_velocity/error_vel_yaw: 0.7465
           Episode_Termination/time_out: 0.4207
       Episode_Termination/base_contact: 0.3419
--------------------------------------------------------------------------------
                         Iteration time: 20.37s
                           Time elapsed: 00:08:30
                                    ETA: 05:06:34

################################################################################
[1m                           Learning iteration 27/1000                           [0m 

                            Total steps: 2752512 
                       Steps per second: 4811 
                        Collection time: 19.944s 
                          Learning time: 0.485s 
                        Mean value loss: 0.0099
                    Mean surrogate loss: -0.0070
                      Mean entropy loss: 13.4494
                            Mean reward: -3.48
                    Mean episode length: 492.12
                        Mean action std: 0.75
    Episode_Reward/track_lin_vel_xy_exp: 0.1521
     Episode_Reward/track_ang_vel_z_exp: 0.1299
            Episode_Reward/lin_vel_z_l2: -0.0421
           Episode_Reward/ang_vel_xy_l2: -0.1944
          Episode_Reward/dof_torques_l2: -0.0549
              Episode_Reward/dof_acc_l2: -0.0787
          Episode_Reward/action_rate_l2: -0.0860
           Episode_Reward/feet_air_time: -0.0168
     Episode_Reward/flat_orientation_l2: 0.0000
          Episode_Reward/dof_pos_limits: 0.0000
              Curriculum/terrain_levels: 2.5923
     Metrics/base_velocity/error_vel_xy: 0.9994
    Metrics/base_velocity/error_vel_yaw: 0.7631
           Episode_Termination/time_out: 0.4237
       Episode_Termination/base_contact: 0.3615
--------------------------------------------------------------------------------
                         Iteration time: 20.43s
                           Time elapsed: 00:08:50
                                    ETA: 05:07:08

################################################################################
[1m                           Learning iteration 28/1000                           [0m 

                            Total steps: 2850816 
                       Steps per second: 4804 
                        Collection time: 19.971s 
                          Learning time: 0.488s 
                        Mean value loss: 0.0139
                    Mean surrogate loss: -0.0064
                      Mean entropy loss: 13.3556
                            Mean reward: -4.07
                    Mean episode length: 534.84
                        Mean action std: 0.74
    Episode_Reward/track_lin_vel_xy_exp: 0.1756
     Episode_Reward/track_ang_vel_z_exp: 0.1336
            Episode_Reward/lin_vel_z_l2: -0.0415
           Episode_Reward/ang_vel_xy_l2: -0.1993
          Episode_Reward/dof_torques_l2: -0.0565
              Episode_Reward/dof_acc_l2: -0.0811
          Episode_Reward/action_rate_l2: -0.0891
           Episode_Reward/feet_air_time: -0.0176
     Episode_Reward/flat_orientation_l2: 0.0000
          Episode_Reward/dof_pos_limits: 0.0000
              Curriculum/terrain_levels: 2.5505
     Metrics/base_velocity/error_vel_xy: 1.0093
    Metrics/base_velocity/error_vel_yaw: 0.8005
           Episode_Termination/time_out: 0.4285
       Episode_Termination/base_contact: 0.3807
--------------------------------------------------------------------------------
                         Iteration time: 20.46s
                           Time elapsed: 00:09:11
                                    ETA: 05:07:40

################################################################################
[1m                           Learning iteration 29/1000                           [0m 

                            Total steps: 2949120 
                       Steps per second: 4801 
                        Collection time: 19.979s 
                          Learning time: 0.494s 
                        Mean value loss: 0.0103
                    Mean surrogate loss: -0.0030
                      Mean entropy loss: 13.2891
                            Mean reward: -3.25
                    Mean episode length: 482.08
                        Mean action std: 0.74
    Episode_Reward/track_lin_vel_xy_exp: 0.1586
     Episode_Reward/track_ang_vel_z_exp: 0.1285
            Episode_Reward/lin_vel_z_l2: -0.0421
           Episode_Reward/ang_vel_xy_l2: -0.1820
          Episode_Reward/dof_torques_l2: -0.0519
              Episode_Reward/dof_acc_l2: -0.0774
          Episode_Reward/action_rate_l2: -0.0813
           Episode_Reward/feet_air_time: -0.0159
     Episode_Reward/flat_orientation_l2: 0.0000
          Episode_Reward/dof_pos_limits: 0.0000
              Curriculum/terrain_levels: 2.5099
     Metrics/base_velocity/error_vel_xy: 0.9415
    Metrics/base_velocity/error_vel_yaw: 0.7298
           Episode_Termination/time_out: 0.4303
       Episode_Termination/base_contact: 0.4008
--------------------------------------------------------------------------------
                         Iteration time: 20.47s
                           Time elapsed: 00:09:31
                                    ETA: 05:08:08

################################################################################
[1m                           Learning iteration 30/1000                           [0m 

                            Total steps: 3047424 
                       Steps per second: 4803 
                        Collection time: 19.982s 
                          Learning time: 0.485s 
                        Mean value loss: 0.0110
                    Mean surrogate loss: -0.0060
                      Mean entropy loss: 13.1990
                            Mean reward: -3.25
                    Mean episode length: 518.00
                        Mean action std: 0.73
    Episode_Reward/track_lin_vel_xy_exp: 0.1504
     Episode_Reward/track_ang_vel_z_exp: 0.1333
            Episode_Reward/lin_vel_z_l2: -0.0397
           Episode_Reward/ang_vel_xy_l2: -0.1833
          Episode_Reward/dof_torques_l2: -0.0519
              Episode_Reward/dof_acc_l2: -0.0760
          Episode_Reward/action_rate_l2: -0.0816
           Episode_Reward/feet_air_time: -0.0162
     Episode_Reward/flat_orientation_l2: 0.0000
          Episode_Reward/dof_pos_limits: 0.0000
              Curriculum/terrain_levels: 2.4677
     Metrics/base_velocity/error_vel_xy: 0.9411
    Metrics/base_velocity/error_vel_yaw: 0.7164
           Episode_Termination/time_out: 0.4309
       Episode_Termination/base_contact: 0.4208
--------------------------------------------------------------------------------
                         Iteration time: 20.47s
                           Time elapsed: 00:09:52
                                    ETA: 05:08:33

################################################################################
[1m                           Learning iteration 31/1000                           [0m 

                            Total steps: 3145728 
                       Steps per second: 4814 
                        Collection time: 19.934s 
                          Learning time: 0.485s 
                        Mean value loss: 0.0103
                    Mean surrogate loss: -0.0059
                      Mean entropy loss: 13.1296
                            Mean reward: -2.47
                    Mean episode length: 456.51
                        Mean action std: 0.73
    Episode_Reward/track_lin_vel_xy_exp: 0.1528
     Episode_Reward/track_ang_vel_z_exp: 0.1400
            Episode_Reward/lin_vel_z_l2: -0.0406
           Episode_Reward/ang_vel_xy_l2: -0.1821
          Episode_Reward/dof_torques_l2: -0.0520
              Episode_Reward/dof_acc_l2: -0.0753
          Episode_Reward/action_rate_l2: -0.0814
           Episode_Reward/feet_air_time: -0.0168
     Episode_Reward/flat_orientation_l2: 0.0000
          Episode_Reward/dof_pos_limits: 0.0000
              Curriculum/terrain_levels: 2.4227
     Metrics/base_velocity/error_vel_xy: 0.9603
    Metrics/base_velocity/error_vel_yaw: 0.7120
           Episode_Termination/time_out: 0.4270
       Episode_Termination/base_contact: 0.4443
--------------------------------------------------------------------------------
                         Iteration time: 20.42s
                           Time elapsed: 00:10:12
                                    ETA: 05:08:53

################################################################################
[1m                           Learning iteration 32/1000                           [0m 

                            Total steps: 3244032 
                       Steps per second: 4788 
                        Collection time: 20.032s 
                          Learning time: 0.495s 
                        Mean value loss: 0.0097
                    Mean surrogate loss: -0.0048
                      Mean entropy loss: 13.0684
                            Mean reward: -2.71
                    Mean episode length: 440.73
                        Mean action std: 0.72
    Episode_Reward/track_lin_vel_xy_exp: 0.1382
     Episode_Reward/track_ang_vel_z_exp: 0.1270
            Episode_Reward/lin_vel_z_l2: -0.0391
           Episode_Reward/ang_vel_xy_l2: -0.1592
          Episode_Reward/dof_torques_l2: -0.0471
              Episode_Reward/dof_acc_l2: -0.0686
          Episode_Reward/action_rate_l2: -0.0720
           Episode_Reward/feet_air_time: -0.0148
     Episode_Reward/flat_orientation_l2: 0.0000
          Episode_Reward/dof_pos_limits: 0.0000
              Curriculum/terrain_levels: 2.3772
     Metrics/base_velocity/error_vel_xy: 0.8700
    Metrics/base_velocity/error_vel_yaw: 0.6495
           Episode_Termination/time_out: 0.4193
       Episode_Termination/base_contact: 0.4670
--------------------------------------------------------------------------------
                         Iteration time: 20.53s
                           Time elapsed: 00:10:33
                                    ETA: 05:09:15

################################################################################
[1m                           Learning iteration 33/1000                           [0m 

                            Total steps: 3342336 
                       Steps per second: 4703 
                        Collection time: 20.413s 
                          Learning time: 0.488s 
                        Mean value loss: 0.0188
                    Mean surrogate loss: -0.0039
                      Mean entropy loss: 12.9840
                            Mean reward: -2.46
                    Mean episode length: 446.53
                        Mean action std: 0.72
    Episode_Reward/track_lin_vel_xy_exp: 0.1361
     Episode_Reward/track_ang_vel_z_exp: 0.1338
            Episode_Reward/lin_vel_z_l2: -0.0366
           Episode_Reward/ang_vel_xy_l2: -0.1555
          Episode_Reward/dof_torques_l2: -0.0462
              Episode_Reward/dof_acc_l2: -0.0663
          Episode_Reward/action_rate_l2: -0.0703
           Episode_Reward/feet_air_time: -0.0147
     Episode_Reward/flat_orientation_l2: 0.0000
          Episode_Reward/dof_pos_limits: 0.0000
              Curriculum/terrain_levels: 2.3295
     Metrics/base_velocity/error_vel_xy: 0.8529
    Metrics/base_velocity/error_vel_yaw: 0.6044
           Episode_Termination/time_out: 0.4088
       Episode_Termination/base_contact: 0.4918
--------------------------------------------------------------------------------
                         Iteration time: 20.90s
                           Time elapsed: 00:10:54
                                    ETA: 05:09:44

################################################################################
[1m                           Learning iteration 34/1000                           [0m 

                            Total steps: 3440640 
                       Steps per second: 4799 
                        Collection time: 19.992s 
                          Learning time: 0.491s 
                        Mean value loss: 0.0101
                    Mean surrogate loss: -0.0044
                      Mean entropy loss: 12.9214
                            Mean reward: -2.51
                    Mean episode length: 421.55
                        Mean action std: 0.72
    Episode_Reward/track_lin_vel_xy_exp: 0.1389
     Episode_Reward/track_ang_vel_z_exp: 0.1308
            Episode_Reward/lin_vel_z_l2: -0.0376
           Episode_Reward/ang_vel_xy_l2: -0.1557
          Episode_Reward/dof_torques_l2: -0.0481
              Episode_Reward/dof_acc_l2: -0.0704
          Episode_Reward/action_rate_l2: -0.0724
           Episode_Reward/feet_air_time: -0.0150
     Episode_Reward/flat_orientation_l2: 0.0000
          Episode_Reward/dof_pos_limits: 0.0000
              Curriculum/terrain_levels: 2.2757
     Metrics/base_velocity/error_vel_xy: 0.9225
    Metrics/base_velocity/error_vel_yaw: 0.6510
           Episode_Termination/time_out: 0.3992
       Episode_Termination/base_contact: 0.5175
--------------------------------------------------------------------------------
                         Iteration time: 20.48s
                           Time elapsed: 00:11:14
                                    ETA: 05:09:59

################################################################################
[1m                           Learning iteration 35/1000                           [0m 

                            Total steps: 3538944 
                       Steps per second: 4796 
                        Collection time: 20.010s 
                          Learning time: 0.484s 
                        Mean value loss: 0.0088
                    Mean surrogate loss: -0.0055
                      Mean entropy loss: 12.8628
                            Mean reward: -1.79
                    Mean episode length: 456.51
                        Mean action std: 0.71
    Episode_Reward/track_lin_vel_xy_exp: 0.1373
     Episode_Reward/track_ang_vel_z_exp: 0.1278
            Episode_Reward/lin_vel_z_l2: -0.0354
           Episode_Reward/ang_vel_xy_l2: -0.1424
          Episode_Reward/dof_torques_l2: -0.0443
              Episode_Reward/dof_acc_l2: -0.0638
          Episode_Reward/action_rate_l2: -0.0657
           Episode_Reward/feet_air_time: -0.0142
     Episode_Reward/flat_orientation_l2: 0.0000
          Episode_Reward/dof_pos_limits: 0.0000
              Curriculum/terrain_levels: 2.2234
     Metrics/base_velocity/error_vel_xy: 0.8424
    Metrics/base_velocity/error_vel_yaw: 0.5890
           Episode_Termination/time_out: 0.3899
       Episode_Termination/base_contact: 0.5413
--------------------------------------------------------------------------------
                         Iteration time: 20.49s
                           Time elapsed: 00:11:35
                                    ETA: 05:10:13

################################################################################
[1m                           Learning iteration 36/1000                           [0m 

                            Total steps: 3637248 
                       Steps per second: 2619 
                        Collection time: 37.041s 
                          Learning time: 0.485s 
                        Mean value loss: 0.0075
                    Mean surrogate loss: -0.0059
                      Mean entropy loss: 12.7812
                            Mean reward: -2.10
                    Mean episode length: 487.39
                        Mean action std: 0.71
    Episode_Reward/track_lin_vel_xy_exp: 0.1559
     Episode_Reward/track_ang_vel_z_exp: 0.1425
            Episode_Reward/lin_vel_z_l2: -0.0357
           Episode_Reward/ang_vel_xy_l2: -0.1578
          Episode_Reward/dof_torques_l2: -0.0494
              Episode_Reward/dof_acc_l2: -0.0699
          Episode_Reward/action_rate_l2: -0.0736
           Episode_Reward/feet_air_time: -0.0155
     Episode_Reward/flat_orientation_l2: 0.0000
          Episode_Reward/dof_pos_limits: 0.0000
              Curriculum/terrain_levels: 2.1761
     Metrics/base_velocity/error_vel_xy: 0.9001
    Metrics/base_velocity/error_vel_yaw: 0.6494
           Episode_Termination/time_out: 0.3853
       Episode_Termination/base_contact: 0.5612
--------------------------------------------------------------------------------
                         Iteration time: 37.53s
                           Time elapsed: 00:12:12
                                    ETA: 05:17:47

################################################################################
[1m                           Learning iteration 37/1000                           [0m 

                            Total steps: 3735552 
                       Steps per second: 1379 
                        Collection time: 70.756s 
                          Learning time: 0.501s 
                        Mean value loss: 0.0110
                    Mean surrogate loss: -0.0054
                      Mean entropy loss: 12.6742
                            Mean reward: -2.09
                    Mean episode length: 448.71
                        Mean action std: 0.70
    Episode_Reward/track_lin_vel_xy_exp: 0.1297
     Episode_Reward/track_ang_vel_z_exp: 0.1280
            Episode_Reward/lin_vel_z_l2: -0.0348
           Episode_Reward/ang_vel_xy_l2: -0.1370
          Episode_Reward/dof_torques_l2: -0.0422
              Episode_Reward/dof_acc_l2: -0.0642
          Episode_Reward/action_rate_l2: -0.0633
           Episode_Reward/feet_air_time: -0.0136
     Episode_Reward/flat_orientation_l2: 0.0000
          Episode_Reward/dof_pos_limits: 0.0000
              Curriculum/terrain_levels: 2.1273
     Metrics/base_velocity/error_vel_xy: 0.8413
    Metrics/base_velocity/error_vel_yaw: 0.5774
           Episode_Termination/time_out: 0.3786
       Episode_Termination/base_contact: 0.5810
--------------------------------------------------------------------------------
                         Iteration time: 71.26s
                           Time elapsed: 00:13:23
                                    ETA: 05:39:10

################################################################################
[1m                           Learning iteration 38/1000                           [0m 

                            Total steps: 3833856 
                       Steps per second: 1372 
                        Collection time: 71.150s 
                          Learning time: 0.497s 
                        Mean value loss: 0.0104
                    Mean surrogate loss: -0.0029
                      Mean entropy loss: 12.6162
                            Mean reward: -1.88
                    Mean episode length: 488.50
                        Mean action std: 0.70
    Episode_Reward/track_lin_vel_xy_exp: 0.1711
     Episode_Reward/track_ang_vel_z_exp: 0.1532
            Episode_Reward/lin_vel_z_l2: -0.0358
           Episode_Reward/ang_vel_xy_l2: -0.1564
          Episode_Reward/dof_torques_l2: -0.0507
              Episode_Reward/dof_acc_l2: -0.0695
          Episode_Reward/action_rate_l2: -0.0739
           Episode_Reward/feet_air_time: -0.0160
     Episode_Reward/flat_orientation_l2: 0.0000
          Episode_Reward/dof_pos_limits: 0.0000
              Curriculum/terrain_levels: 2.0900
     Metrics/base_velocity/error_vel_xy: 0.8950
    Metrics/base_velocity/error_vel_yaw: 0.6455
           Episode_Termination/time_out: 0.3741
       Episode_Termination/base_contact: 0.5963
--------------------------------------------------------------------------------
                         Iteration time: 71.65s
                           Time elapsed: 00:14:35
                                    ETA: 05:59:33

################################################################################
[1m                           Learning iteration 39/1000                           [0m 

                            Total steps: 3932160 
                       Steps per second: 1366 
                        Collection time: 71.440s 
                          Learning time: 0.479s 
                        Mean value loss: 0.0089
                    Mean surrogate loss: -0.0042
                      Mean entropy loss: 12.5270
                            Mean reward: -1.52
                    Mean episode length: 462.60
                        Mean action std: 0.69
    Episode_Reward/track_lin_vel_xy_exp: 0.1813
     Episode_Reward/track_ang_vel_z_exp: 0.1389
            Episode_Reward/lin_vel_z_l2: -0.0351
           Episode_Reward/ang_vel_xy_l2: -0.1436
          Episode_Reward/dof_torques_l2: -0.0464
              Episode_Reward/dof_acc_l2: -0.0661
          Episode_Reward/action_rate_l2: -0.0683
           Episode_Reward/feet_air_time: -0.0147
     Episode_Reward/flat_orientation_l2: 0.0000
          Episode_Reward/dof_pos_limits: 0.0000
              Curriculum/terrain_levels: 2.0541
     Metrics/base_velocity/error_vel_xy: 0.7638
    Metrics/base_velocity/error_vel_yaw: 0.6176
           Episode_Termination/time_out: 0.3711
       Episode_Termination/base_contact: 0.6101
--------------------------------------------------------------------------------
                         Iteration time: 71.92s
                           Time elapsed: 00:15:47
                                    ETA: 06:18:58

################################################################################
[1m                           Learning iteration 40/1000                           [0m 

                            Total steps: 4030464 
                       Steps per second: 1362 
                        Collection time: 71.687s 
                          Learning time: 0.487s 
                        Mean value loss: 0.0075
                    Mean surrogate loss: -0.0039
                      Mean entropy loss: 12.4518
                            Mean reward: -1.72
                    Mean episode length: 455.08
                        Mean action std: 0.69
    Episode_Reward/track_lin_vel_xy_exp: 0.1424
     Episode_Reward/track_ang_vel_z_exp: 0.1301
            Episode_Reward/lin_vel_z_l2: -0.0325
           Episode_Reward/ang_vel_xy_l2: -0.1265
          Episode_Reward/dof_torques_l2: -0.0438
              Episode_Reward/dof_acc_l2: -0.0635
          Episode_Reward/action_rate_l2: -0.0624
           Episode_Reward/feet_air_time: -0.0138
     Episode_Reward/flat_orientation_l2: 0.0000
          Episode_Reward/dof_pos_limits: 0.0000
              Curriculum/terrain_levels: 2.0237
     Metrics/base_velocity/error_vel_xy: 0.7891
    Metrics/base_velocity/error_vel_yaw: 0.5857
           Episode_Termination/time_out: 0.3678
       Episode_Termination/base_contact: 0.6215
--------------------------------------------------------------------------------
                         Iteration time: 72.17s
                           Time elapsed: 00:16:59
                                    ETA: 06:37:29

################################################################################
[1m                           Learning iteration 41/1000                           [0m 

                            Total steps: 4128768 
                       Steps per second: 1366 
                        Collection time: 71.468s 
                          Learning time: 0.493s 
                        Mean value loss: 0.0075
                    Mean surrogate loss: -0.0057
                      Mean entropy loss: 12.3378
                            Mean reward: -0.99
                    Mean episode length: 429.02
                        Mean action std: 0.68
    Episode_Reward/track_lin_vel_xy_exp: 0.1533
     Episode_Reward/track_ang_vel_z_exp: 0.1369
            Episode_Reward/lin_vel_z_l2: -0.0333
           Episode_Reward/ang_vel_xy_l2: -0.1383
          Episode_Reward/dof_torques_l2: -0.0475
              Episode_Reward/dof_acc_l2: -0.0656
          Episode_Reward/action_rate_l2: -0.0670
           Episode_Reward/feet_air_time: -0.0144
     Episode_Reward/flat_orientation_l2: 0.0000
          Episode_Reward/dof_pos_limits: 0.0000
              Curriculum/terrain_levels: 1.9888
     Metrics/base_velocity/error_vel_xy: 0.8264
    Metrics/base_velocity/error_vel_yaw: 0.6201
           Episode_Termination/time_out: 0.3649
       Episode_Termination/base_contact: 0.6335
--------------------------------------------------------------------------------
                         Iteration time: 71.96s
                           Time elapsed: 00:18:11
                                    ETA: 06:54:58

################################################################################
[1m                           Learning iteration 42/1000                           [0m 

                            Total steps: 4227072 
                       Steps per second: 1363 
                        Collection time: 71.589s 
                          Learning time: 0.499s 
                        Mean value loss: 0.0109
                    Mean surrogate loss: -0.0051
                      Mean entropy loss: 12.2665
                            Mean reward: -0.83
                    Mean episode length: 482.14
                        Mean action std: 0.68
    Episode_Reward/track_lin_vel_xy_exp: 0.1667
     Episode_Reward/track_ang_vel_z_exp: 0.1449
            Episode_Reward/lin_vel_z_l2: -0.0334
           Episode_Reward/ang_vel_xy_l2: -0.1334
          Episode_Reward/dof_torques_l2: -0.0460
              Episode_Reward/dof_acc_l2: -0.0686
          Episode_Reward/action_rate_l2: -0.0665
           Episode_Reward/feet_air_time: -0.0143
     Episode_Reward/flat_orientation_l2: 0.0000
          Episode_Reward/dof_pos_limits: 0.0000
              Curriculum/terrain_levels: 1.9558
     Metrics/base_velocity/error_vel_xy: 0.8539
    Metrics/base_velocity/error_vel_yaw: 0.6041
           Episode_Termination/time_out: 0.3552
       Episode_Termination/base_contact: 0.6451
--------------------------------------------------------------------------------
                         Iteration time: 72.09s
                           Time elapsed: 00:19:23
                                    ETA: 07:11:38

################################################################################
[1m                           Learning iteration 43/1000                           [0m 

                            Total steps: 4325376 
                       Steps per second: 1357 
                        Collection time: 71.910s 
                          Learning time: 0.501s 
                        Mean value loss: 0.0111
                    Mean surrogate loss: -0.0051
                      Mean entropy loss: 12.1938
                            Mean reward: -0.27
                    Mean episode length: 419.55
                        Mean action std: 0.68
    Episode_Reward/track_lin_vel_xy_exp: 0.1818
     Episode_Reward/track_ang_vel_z_exp: 0.1345
            Episode_Reward/lin_vel_z_l2: -0.0321
           Episode_Reward/ang_vel_xy_l2: -0.1256
          Episode_Reward/dof_torques_l2: -0.0455
              Episode_Reward/dof_acc_l2: -0.0614
          Episode_Reward/action_rate_l2: -0.0624
           Episode_Reward/feet_air_time: -0.0140
     Episode_Reward/flat_orientation_l2: 0.0000
          Episode_Reward/dof_pos_limits: 0.0000
              Curriculum/terrain_levels: 1.9262
     Metrics/base_velocity/error_vel_xy: 0.7173
    Metrics/base_velocity/error_vel_yaw: 0.5905
           Episode_Termination/time_out: 0.3452
       Episode_Termination/base_contact: 0.6551
--------------------------------------------------------------------------------
                         Iteration time: 72.41s
                           Time elapsed: 00:20:36
                                    ETA: 07:27:36

################################################################################
[1m                           Learning iteration 44/1000                           [0m 

                            Total steps: 4423680 
                       Steps per second: 1345 
                        Collection time: 72.586s 
                          Learning time: 0.495s 
                        Mean value loss: 0.0095
                    Mean surrogate loss: -0.0068
                      Mean entropy loss: 12.1405
                            Mean reward: -1.61
                    Mean episode length: 579.73
                        Mean action std: 0.67
    Episode_Reward/track_lin_vel_xy_exp: 0.1815
     Episode_Reward/track_ang_vel_z_exp: 0.1814
            Episode_Reward/lin_vel_z_l2: -0.0348
           Episode_Reward/ang_vel_xy_l2: -0.1634
          Episode_Reward/dof_torques_l2: -0.0600
              Episode_Reward/dof_acc_l2: -0.0802
          Episode_Reward/action_rate_l2: -0.0831
           Episode_Reward/feet_air_time: -0.0193
     Episode_Reward/flat_orientation_l2: 0.0000
          Episode_Reward/dof_pos_limits: 0.0000
              Curriculum/terrain_levels: 1.8973
     Metrics/base_velocity/error_vel_xy: 1.0807
    Metrics/base_velocity/error_vel_yaw: 0.7532
           Episode_Termination/time_out: 0.3351
       Episode_Termination/base_contact: 0.6652
--------------------------------------------------------------------------------
                         Iteration time: 73.08s
                           Time elapsed: 00:21:49
                                    ETA: 07:43:03

################################################################################
[1m                           Learning iteration 45/1000                           [0m 

                            Total steps: 4521984 
                       Steps per second: 1355 
                        Collection time: 72.023s 
                          Learning time: 0.495s 
                        Mean value loss: 0.0101
                    Mean surrogate loss: -0.0056
                      Mean entropy loss: 12.0729
                            Mean reward: -1.38
                    Mean episode length: 542.95
                        Mean action std: 0.67
    Episode_Reward/track_lin_vel_xy_exp: 0.1507
     Episode_Reward/track_ang_vel_z_exp: 0.1406
            Episode_Reward/lin_vel_z_l2: -0.0323
           Episode_Reward/ang_vel_xy_l2: -0.1268
          Episode_Reward/dof_torques_l2: -0.0474
              Episode_Reward/dof_acc_l2: -0.0672
          Episode_Reward/action_rate_l2: -0.0654
           Episode_Reward/feet_air_time: -0.0151
     Episode_Reward/flat_orientation_l2: 0.0000
          Episode_Reward/dof_pos_limits: 0.0000
              Curriculum/terrain_levels: 1.8648
     Metrics/base_velocity/error_vel_xy: 0.9413
    Metrics/base_velocity/error_vel_yaw: 0.6525
           Episode_Termination/time_out: 0.3266
       Episode_Termination/base_contact: 0.6737
--------------------------------------------------------------------------------
                         Iteration time: 72.52s
                           Time elapsed: 00:23:01
                                    ETA: 07:57:34

################################################################################
[1m                           Learning iteration 46/1000                           [0m 

                            Total steps: 4620288 
                       Steps per second: 1333 
                        Collection time: 73.216s 
                          Learning time: 0.490s 
                        Mean value loss: 0.0117
                    Mean surrogate loss: -0.0050
                      Mean entropy loss: 12.0163
                            Mean reward: -1.10
                    Mean episode length: 571.16
                        Mean action std: 0.67
    Episode_Reward/track_lin_vel_xy_exp: 0.1710
     Episode_Reward/track_ang_vel_z_exp: 0.1689
            Episode_Reward/lin_vel_z_l2: -0.0343
           Episode_Reward/ang_vel_xy_l2: -0.1449
          Episode_Reward/dof_torques_l2: -0.0547
              Episode_Reward/dof_acc_l2: -0.0760
          Episode_Reward/action_rate_l2: -0.0761
           Episode_Reward/feet_air_time: -0.0180
     Episode_Reward/flat_orientation_l2: 0.0000
          Episode_Reward/dof_pos_limits: 0.0000
              Curriculum/terrain_levels: 1.8338
     Metrics/base_velocity/error_vel_xy: 1.0615
    Metrics/base_velocity/error_vel_yaw: 0.7195
           Episode_Termination/time_out: 0.3224
       Episode_Termination/base_contact: 0.6778
--------------------------------------------------------------------------------
                         Iteration time: 73.71s
                           Time elapsed: 00:24:15
                                    ETA: 08:11:50

################################################################################
[1m                           Learning iteration 47/1000                           [0m 

                            Total steps: 4718592 
                       Steps per second: 1357 
                        Collection time: 71.928s 
                          Learning time: 0.495s 
                        Mean value loss: 0.0113
                    Mean surrogate loss: -0.0062
                      Mean entropy loss: 11.9780
                            Mean reward: -0.03
                    Mean episode length: 586.68
                        Mean action std: 0.66
    Episode_Reward/track_lin_vel_xy_exp: 0.1923
     Episode_Reward/track_ang_vel_z_exp: 0.1752
            Episode_Reward/lin_vel_z_l2: -0.0336
           Episode_Reward/ang_vel_xy_l2: -0.1426
          Episode_Reward/dof_torques_l2: -0.0596
              Episode_Reward/dof_acc_l2: -0.0774
          Episode_Reward/action_rate_l2: -0.0784
           Episode_Reward/feet_air_time: -0.0182
     Episode_Reward/flat_orientation_l2: 0.0000
          Episode_Reward/dof_pos_limits: 0.0000
              Curriculum/terrain_levels: 1.8030
     Metrics/base_velocity/error_vel_xy: 1.0544
    Metrics/base_velocity/error_vel_yaw: 0.7577
           Episode_Termination/time_out: 0.3167
       Episode_Termination/base_contact: 0.6836
--------------------------------------------------------------------------------
                         Iteration time: 72.42s
                           Time elapsed: 00:25:27
                                    ETA: 08:25:01

################################################################################
[1m                           Learning iteration 48/1000                           [0m 

                            Total steps: 4816896 
                       Steps per second: 1354 
                        Collection time: 72.055s 
                          Learning time: 0.497s 
                        Mean value loss: 0.0111
                    Mean surrogate loss: -0.0044
                      Mean entropy loss: 11.9493
                            Mean reward: -0.00
                    Mean episode length: 521.50
                        Mean action std: 0.66
    Episode_Reward/track_lin_vel_xy_exp: 0.1863
     Episode_Reward/track_ang_vel_z_exp: 0.1738
            Episode_Reward/lin_vel_z_l2: -0.0302
           Episode_Reward/ang_vel_xy_l2: -0.1292
          Episode_Reward/dof_torques_l2: -0.0529
              Episode_Reward/dof_acc_l2: -0.0675
          Episode_Reward/action_rate_l2: -0.0696
           Episode_Reward/feet_air_time: -0.0162
     Episode_Reward/flat_orientation_l2: 0.0000
          Episode_Reward/dof_pos_limits: 0.0000
              Curriculum/terrain_levels: 1.7733
     Metrics/base_velocity/error_vel_xy: 0.9356
    Metrics/base_velocity/error_vel_yaw: 0.6451
           Episode_Termination/time_out: 0.3147
       Episode_Termination/base_contact: 0.6856
--------------------------------------------------------------------------------
                         Iteration time: 72.55s
                           Time elapsed: 00:26:40
                                    ETA: 08:37:39

################################################################################
[1m                           Learning iteration 49/1000                           [0m 

                            Total steps: 4915200 
                       Steps per second: 1346 
                        Collection time: 72.520s 
                          Learning time: 0.488s 
                        Mean value loss: 0.0118
                    Mean surrogate loss: -0.0062
                      Mean entropy loss: 11.8829
                            Mean reward: -0.07
                    Mean episode length: 668.61
                        Mean action std: 0.66
    Episode_Reward/track_lin_vel_xy_exp: 0.2240
     Episode_Reward/track_ang_vel_z_exp: 0.1939
            Episode_Reward/lin_vel_z_l2: -0.0320
           Episode_Reward/ang_vel_xy_l2: -0.1527
          Episode_Reward/dof_torques_l2: -0.0640
              Episode_Reward/dof_acc_l2: -0.0760
          Episode_Reward/action_rate_l2: -0.0834
           Episode_Reward/feet_air_time: -0.0202
     Episode_Reward/flat_orientation_l2: 0.0000
          Episode_Reward/dof_pos_limits: 0.0000
              Curriculum/terrain_levels: 1.7436
     Metrics/base_velocity/error_vel_xy: 1.0732
    Metrics/base_velocity/error_vel_yaw: 0.7996
           Episode_Termination/time_out: 0.3147
       Episode_Termination/base_contact: 0.6855
--------------------------------------------------------------------------------
                         Iteration time: 73.01s
                           Time elapsed: 00:27:53
                                    ETA: 08:49:53

################################################################################
[1m                           Learning iteration 50/1000                           [0m 

                            Total steps: 5013504 
                       Steps per second: 365 
                        Collection time: 268.581s 
                          Learning time: 0.481s 
                        Mean value loss: 0.0131
                    Mean surrogate loss: -0.0053
                      Mean entropy loss: 11.8134
                            Mean reward: -0.28
                    Mean episode length: 594.87
                        Mean action std: 0.66
    Episode_Reward/track_lin_vel_xy_exp: 0.2072
     Episode_Reward/track_ang_vel_z_exp: 0.1837
            Episode_Reward/lin_vel_z_l2: -0.0308
           Episode_Reward/ang_vel_xy_l2: -0.1360
          Episode_Reward/dof_torques_l2: -0.0564
              Episode_Reward/dof_acc_l2: -0.0734
          Episode_Reward/action_rate_l2: -0.0747
           Episode_Reward/feet_air_time: -0.0173
     Episode_Reward/flat_orientation_l2: 0.0000
          Episode_Reward/dof_pos_limits: 0.0000
              Curriculum/terrain_levels: 1.7184
     Metrics/base_velocity/error_vel_xy: 1.0215
    Metrics/base_velocity/error_vel_yaw: 0.7198
           Episode_Termination/time_out: 0.3192
       Episode_Termination/base_contact: 0.6811
--------------------------------------------------------------------------------
                         Iteration time: 269.06s
                           Time elapsed: 00:32:22
                                    ETA: 10:02:24

################################################################################
[1m                           Learning iteration 51/1000                           [0m 

                            Total steps: 5111808 
                       Steps per second: 1412 
                        Collection time: 69.114s 
                          Learning time: 0.485s 
                        Mean value loss: 0.0113
                    Mean surrogate loss: -0.0050
                      Mean entropy loss: 11.7646
                            Mean reward: 0.15
                    Mean episode length: 501.63
                        Mean action std: 0.65
    Episode_Reward/track_lin_vel_xy_exp: 0.1751
     Episode_Reward/track_ang_vel_z_exp: 0.1628
            Episode_Reward/lin_vel_z_l2: -0.0296
           Episode_Reward/ang_vel_xy_l2: -0.1160
          Episode_Reward/dof_torques_l2: -0.0492
              Episode_Reward/dof_acc_l2: -0.0652
          Episode_Reward/action_rate_l2: -0.0638
           Episode_Reward/feet_air_time: -0.0155
     Episode_Reward/flat_orientation_l2: 0.0000
          Episode_Reward/dof_pos_limits: 0.0000
              Curriculum/terrain_levels: 1.6928
     Metrics/base_velocity/error_vel_xy: 0.9159
    Metrics/base_velocity/error_vel_yaw: 0.6282
           Episode_Termination/time_out: 0.3180
       Episode_Termination/base_contact: 0.6823
--------------------------------------------------------------------------------
                         Iteration time: 69.60s
                           Time elapsed: 00:33:32
                                    ETA: 10:11:20

################################################################################
[1m                           Learning iteration 52/1000                           [0m 

                            Total steps: 5210112 
                       Steps per second: 1414 
                        Collection time: 69.015s 
                          Learning time: 0.489s 
                        Mean value loss: 0.0141
                    Mean surrogate loss: -0.0045
                      Mean entropy loss: 11.7345
                            Mean reward: 0.63
                    Mean episode length: 615.78
                        Mean action std: 0.65
    Episode_Reward/track_lin_vel_xy_exp: 0.2248
     Episode_Reward/track_ang_vel_z_exp: 0.1995
            Episode_Reward/lin_vel_z_l2: -0.0299
           Episode_Reward/ang_vel_xy_l2: -0.1328
          Episode_Reward/dof_torques_l2: -0.0612
              Episode_Reward/dof_acc_l2: -0.0737
          Episode_Reward/action_rate_l2: -0.0768
           Episode_Reward/feet_air_time: -0.0183
     Episode_Reward/flat_orientation_l2: 0.0000
          Episode_Reward/dof_pos_limits: 0.0000
              Curriculum/terrain_levels: 1.6670
     Metrics/base_velocity/error_vel_xy: 1.0690
    Metrics/base_velocity/error_vel_yaw: 0.7372
           Episode_Termination/time_out: 0.3175
       Episode_Termination/base_contact: 0.6827
--------------------------------------------------------------------------------
                         Iteration time: 69.50s
                           Time elapsed: 00:34:41
                                    ETA: 10:19:52

################################################################################
[1m                           Learning iteration 53/1000                           [0m 

                            Total steps: 5308416 
                       Steps per second: 1429 
                        Collection time: 68.287s 
                          Learning time: 0.491s 
                        Mean value loss: 0.0139
                    Mean surrogate loss: -0.0053
                      Mean entropy loss: 11.7049
                            Mean reward: 0.34
                    Mean episode length: 573.91
                        Mean action std: 0.65
    Episode_Reward/track_lin_vel_xy_exp: 0.2031
     Episode_Reward/track_ang_vel_z_exp: 0.1857
            Episode_Reward/lin_vel_z_l2: -0.0295
           Episode_Reward/ang_vel_xy_l2: -0.1284
          Episode_Reward/dof_torques_l2: -0.0585
              Episode_Reward/dof_acc_l2: -0.0709
          Episode_Reward/action_rate_l2: -0.0731
           Episode_Reward/feet_air_time: -0.0178
     Episode_Reward/flat_orientation_l2: 0.0000
          Episode_Reward/dof_pos_limits: 0.0000
              Curriculum/terrain_levels: 1.6409
     Metrics/base_velocity/error_vel_xy: 1.0458
    Metrics/base_velocity/error_vel_yaw: 0.7474
           Episode_Termination/time_out: 0.3157
       Episode_Termination/base_contact: 0.6845
--------------------------------------------------------------------------------
                         Iteration time: 68.78s
                           Time elapsed: 00:35:50
                                    ETA: 10:27:50

################################################################################
[1m                           Learning iteration 54/1000                           [0m 

                            Total steps: 5406720 
                       Steps per second: 1427 
                        Collection time: 68.385s 
                          Learning time: 0.490s 
                        Mean value loss: 0.0139
                    Mean surrogate loss: -0.0050
                      Mean entropy loss: 11.6882
                            Mean reward: 0.84
                    Mean episode length: 595.90
                        Mean action std: 0.65
    Episode_Reward/track_lin_vel_xy_exp: 0.2167
     Episode_Reward/track_ang_vel_z_exp: 0.1853
            Episode_Reward/lin_vel_z_l2: -0.0302
           Episode_Reward/ang_vel_xy_l2: -0.1225
          Episode_Reward/dof_torques_l2: -0.0583
              Episode_Reward/dof_acc_l2: -0.0720
          Episode_Reward/action_rate_l2: -0.0717
           Episode_Reward/feet_air_time: -0.0170
     Episode_Reward/flat_orientation_l2: 0.0000
          Episode_Reward/dof_pos_limits: 0.0000
              Curriculum/terrain_levels: 1.6172
     Metrics/base_velocity/error_vel_xy: 1.0190
    Metrics/base_velocity/error_vel_yaw: 0.7361
           Episode_Termination/time_out: 0.3132
       Episode_Termination/base_contact: 0.6871
--------------------------------------------------------------------------------
                         Iteration time: 68.87s
                           Time elapsed: 00:36:59
                                    ETA: 10:35:29

################################################################################
[1m                           Learning iteration 55/1000                           [0m 

                            Total steps: 5505024 
                       Steps per second: 1427 
                        Collection time: 68.359s 
                          Learning time: 0.484s 
                        Mean value loss: 0.0148
                    Mean surrogate loss: -0.0046
                      Mean entropy loss: 11.6560
                            Mean reward: 1.64
                    Mean episode length: 659.43
                        Mean action std: 0.65
    Episode_Reward/track_lin_vel_xy_exp: 0.2613
     Episode_Reward/track_ang_vel_z_exp: 0.2049
            Episode_Reward/lin_vel_z_l2: -0.0292
           Episode_Reward/ang_vel_xy_l2: -0.1280
          Episode_Reward/dof_torques_l2: -0.0606
              Episode_Reward/dof_acc_l2: -0.0728
          Episode_Reward/action_rate_l2: -0.0754
           Episode_Reward/feet_air_time: -0.0190
     Episode_Reward/flat_orientation_l2: 0.0000
          Episode_Reward/dof_pos_limits: 0.0000
              Curriculum/terrain_levels: 1.5970
     Metrics/base_velocity/error_vel_xy: 1.0186
    Metrics/base_velocity/error_vel_yaw: 0.7424
           Episode_Termination/time_out: 0.3123
       Episode_Termination/base_contact: 0.6879
--------------------------------------------------------------------------------
                         Iteration time: 68.84s
                           Time elapsed: 00:38:08
                                    ETA: 10:42:49

################################################################################
[1m                           Learning iteration 56/1000                           [0m 

                            Total steps: 5603328 
                       Steps per second: 1435 
                        Collection time: 68.010s 
                          Learning time: 0.485s 
                        Mean value loss: 0.0139
                    Mean surrogate loss: -0.0052
                      Mean entropy loss: 11.6144
                            Mean reward: 0.40
                    Mean episode length: 551.76
                        Mean action std: 0.65
    Episode_Reward/track_lin_vel_xy_exp: 0.1597
     Episode_Reward/track_ang_vel_z_exp: 0.1793
            Episode_Reward/lin_vel_z_l2: -0.0289
           Episode_Reward/ang_vel_xy_l2: -0.1060
          Episode_Reward/dof_torques_l2: -0.0497
              Episode_Reward/dof_acc_l2: -0.0663
          Episode_Reward/action_rate_l2: -0.0622
           Episode_Reward/feet_air_time: -0.0154
     Episode_Reward/flat_orientation_l2: 0.0000
          Episode_Reward/dof_pos_limits: 0.0000
              Curriculum/terrain_levels: 1.5756
     Metrics/base_velocity/error_vel_xy: 0.9643
    Metrics/base_velocity/error_vel_yaw: 0.6210
           Episode_Termination/time_out: 0.3102
       Episode_Termination/base_contact: 0.6900
--------------------------------------------------------------------------------
                         Iteration time: 68.49s
                           Time elapsed: 00:39:16
                                    ETA: 10:49:45

################################################################################
[1m                           Learning iteration 57/1000                           [0m 

                            Total steps: 5701632 
                       Steps per second: 1436 
                        Collection time: 67.922s 
                          Learning time: 0.497s 
                        Mean value loss: 0.0170
                    Mean surrogate loss: -0.0052
                      Mean entropy loss: 11.5931
                            Mean reward: 1.05
                    Mean episode length: 573.90
                        Mean action std: 0.65
    Episode_Reward/track_lin_vel_xy_exp: 0.2322
     Episode_Reward/track_ang_vel_z_exp: 0.1908
            Episode_Reward/lin_vel_z_l2: -0.0298
           Episode_Reward/ang_vel_xy_l2: -0.1139
          Episode_Reward/dof_torques_l2: -0.0529
              Episode_Reward/dof_acc_l2: -0.0678
          Episode_Reward/action_rate_l2: -0.0663
           Episode_Reward/feet_air_time: -0.0167
     Episode_Reward/flat_orientation_l2: 0.0000
          Episode_Reward/dof_pos_limits: 0.0000
              Curriculum/terrain_levels: 1.5544
     Metrics/base_velocity/error_vel_xy: 0.8891
    Metrics/base_velocity/error_vel_yaw: 0.6660
           Episode_Termination/time_out: 0.3058
       Episode_Termination/base_contact: 0.6944
--------------------------------------------------------------------------------
                         Iteration time: 68.42s
                           Time elapsed: 00:40:24
                                    ETA: 10:56:24

################################################################################
[1m                           Learning iteration 58/1000                           [0m 

                            Total steps: 5799936 
                       Steps per second: 1435 
                        Collection time: 67.977s 
                          Learning time: 0.496s 
                        Mean value loss: 0.0119
                    Mean surrogate loss: -0.0054
                      Mean entropy loss: 11.5822
                            Mean reward: 1.61
                    Mean episode length: 579.37
                        Mean action std: 0.64
    Episode_Reward/track_lin_vel_xy_exp: 0.2344
     Episode_Reward/track_ang_vel_z_exp: 0.2000
            Episode_Reward/lin_vel_z_l2: -0.0282
           Episode_Reward/ang_vel_xy_l2: -0.1115
          Episode_Reward/dof_torques_l2: -0.0539
              Episode_Reward/dof_acc_l2: -0.0670
          Episode_Reward/action_rate_l2: -0.0661
           Episode_Reward/feet_air_time: -0.0158
     Episode_Reward/flat_orientation_l2: 0.0000
          Episode_Reward/dof_pos_limits: 0.0000
              Curriculum/terrain_levels: 1.5344
     Metrics/base_velocity/error_vel_xy: 0.9097
    Metrics/base_velocity/error_vel_yaw: 0.6490
           Episode_Termination/time_out: 0.3035
       Episode_Termination/base_contact: 0.6967
--------------------------------------------------------------------------------
                         Iteration time: 68.47s
                           Time elapsed: 00:41:33
                                    ETA: 11:02:47

################################################################################
[1m                           Learning iteration 59/1000                           [0m 

                            Total steps: 5898240 
                       Steps per second: 1435 
                        Collection time: 67.977s 
                          Learning time: 0.493s 
                        Mean value loss: 0.0142
                    Mean surrogate loss: -0.0051
                      Mean entropy loss: 11.5574
                            Mean reward: 0.99
                    Mean episode length: 588.15
                        Mean action std: 0.64
    Episode_Reward/track_lin_vel_xy_exp: 0.2076
     Episode_Reward/track_ang_vel_z_exp: 0.1985
            Episode_Reward/lin_vel_z_l2: -0.0278
           Episode_Reward/ang_vel_xy_l2: -0.1095
          Episode_Reward/dof_torques_l2: -0.0561
              Episode_Reward/dof_acc_l2: -0.0648
          Episode_Reward/action_rate_l2: -0.0662
           Episode_Reward/feet_air_time: -0.0163
     Episode_Reward/flat_orientation_l2: 0.0000
          Episode_Reward/dof_pos_limits: 0.0000
              Curriculum/terrain_levels: 1.5131
     Metrics/base_velocity/error_vel_xy: 1.0128
    Metrics/base_velocity/error_vel_yaw: 0.6859
           Episode_Termination/time_out: 0.3015
       Episode_Termination/base_contact: 0.6988
--------------------------------------------------------------------------------
                         Iteration time: 68.47s
                           Time elapsed: 00:42:41
                                    ETA: 11:08:56

################################################################################
[1m                           Learning iteration 60/1000                           [0m 

                            Total steps: 5996544 
                       Steps per second: 1439 
                        Collection time: 67.825s 
                          Learning time: 0.486s 
                        Mean value loss: 0.0100
                    Mean surrogate loss: -0.0047
                      Mean entropy loss: 11.5214
                            Mean reward: 1.35
                    Mean episode length: 585.37
                        Mean action std: 0.64
    Episode_Reward/track_lin_vel_xy_exp: 0.2256
     Episode_Reward/track_ang_vel_z_exp: 0.2113
            Episode_Reward/lin_vel_z_l2: -0.0289
           Episode_Reward/ang_vel_xy_l2: -0.1146
          Episode_Reward/dof_torques_l2: -0.0599
              Episode_Reward/dof_acc_l2: -0.0690
          Episode_Reward/action_rate_l2: -0.0704
           Episode_Reward/feet_air_time: -0.0179
     Episode_Reward/flat_orientation_l2: 0.0000
          Episode_Reward/dof_pos_limits: 0.0000
              Curriculum/terrain_levels: 1.4927
     Metrics/base_velocity/error_vel_xy: 1.0549
    Metrics/base_velocity/error_vel_yaw: 0.7304
           Episode_Termination/time_out: 0.3006
       Episode_Termination/base_contact: 0.6997
--------------------------------------------------------------------------------
                         Iteration time: 68.31s
                           Time elapsed: 00:43:50
                                    ETA: 11:14:47

################################################################################
[1m                           Learning iteration 61/1000                           [0m 

                            Total steps: 6094848 
                       Steps per second: 1428 
                        Collection time: 68.327s 
                          Learning time: 0.480s 
                        Mean value loss: 0.0149
                    Mean surrogate loss: -0.0051
                      Mean entropy loss: 11.4994
                            Mean reward: 1.63
                    Mean episode length: 647.79
                        Mean action std: 0.64
    Episode_Reward/track_lin_vel_xy_exp: 0.2435
     Episode_Reward/track_ang_vel_z_exp: 0.2419
            Episode_Reward/lin_vel_z_l2: -0.0286
           Episode_Reward/ang_vel_xy_l2: -0.1195
          Episode_Reward/dof_torques_l2: -0.0652
              Episode_Reward/dof_acc_l2: -0.0760
          Episode_Reward/action_rate_l2: -0.0758
           Episode_Reward/feet_air_time: -0.0183
     Episode_Reward/flat_orientation_l2: 0.0000
          Episode_Reward/dof_pos_limits: 0.0000
              Curriculum/terrain_levels: 1.4760
     Metrics/base_velocity/error_vel_xy: 1.1217
    Metrics/base_velocity/error_vel_yaw: 0.7400
           Episode_Termination/time_out: 0.2991
       Episode_Termination/base_contact: 0.7011
--------------------------------------------------------------------------------
                         Iteration time: 68.81s
                           Time elapsed: 00:44:58
                                    ETA: 11:20:33

################################################################################
[1m                           Learning iteration 62/1000                           [0m 

                            Total steps: 6193152 
                       Steps per second: 1445 
                        Collection time: 67.530s 
                          Learning time: 0.478s 
                        Mean value loss: 0.0140
                    Mean surrogate loss: -0.0049
                      Mean entropy loss: 11.4821
                            Mean reward: 2.08
                    Mean episode length: 652.27
                        Mean action std: 0.64
    Episode_Reward/track_lin_vel_xy_exp: 0.2298
     Episode_Reward/track_ang_vel_z_exp: 0.2219
            Episode_Reward/lin_vel_z_l2: -0.0280
           Episode_Reward/ang_vel_xy_l2: -0.1107
          Episode_Reward/dof_torques_l2: -0.0583
              Episode_Reward/dof_acc_l2: -0.0697
          Episode_Reward/action_rate_l2: -0.0685
           Episode_Reward/feet_air_time: -0.0165
     Episode_Reward/flat_orientation_l2: 0.0000
          Episode_Reward/dof_pos_limits: 0.0000
              Curriculum/terrain_levels: 1.4560
     Metrics/base_velocity/error_vel_xy: 1.0033
    Metrics/base_velocity/error_vel_yaw: 0.6837
           Episode_Termination/time_out: 0.2975
       Episode_Termination/base_contact: 0.7027
--------------------------------------------------------------------------------
                         Iteration time: 68.01s
                           Time elapsed: 00:46:07
                                    ETA: 11:25:53

################################################################################
[1m                           Learning iteration 63/1000                           [0m 

                            Total steps: 6291456 
                       Steps per second: 1436 
                        Collection time: 67.934s 
                          Learning time: 0.488s 
                        Mean value loss: 0.0109
                    Mean surrogate loss: -0.0049
                      Mean entropy loss: 11.4625
                            Mean reward: 2.48
                    Mean episode length: 616.11
                        Mean action std: 0.64
    Episode_Reward/track_lin_vel_xy_exp: 0.2506
     Episode_Reward/track_ang_vel_z_exp: 0.2266
            Episode_Reward/lin_vel_z_l2: -0.0276
           Episode_Reward/ang_vel_xy_l2: -0.1121
          Episode_Reward/dof_torques_l2: -0.0594
              Episode_Reward/dof_acc_l2: -0.0747
          Episode_Reward/action_rate_l2: -0.0711
           Episode_Reward/feet_air_time: -0.0178
     Episode_Reward/flat_orientation_l2: 0.0000
          Episode_Reward/dof_pos_limits: 0.0000
              Curriculum/terrain_levels: 1.4327
     Metrics/base_velocity/error_vel_xy: 1.0741
    Metrics/base_velocity/error_vel_yaw: 0.7337
           Episode_Termination/time_out: 0.2969
       Episode_Termination/base_contact: 0.7034
--------------------------------------------------------------------------------
                         Iteration time: 68.42s
                           Time elapsed: 00:47:15
                                    ETA: 11:31:08

################################################################################
[1m                           Learning iteration 64/1000                           [0m 

                            Total steps: 6389760 
                       Steps per second: 1434 
                        Collection time: 68.048s 
                          Learning time: 0.484s 
                        Mean value loss: 0.0143
                    Mean surrogate loss: -0.0049
                      Mean entropy loss: 11.4229
                            Mean reward: 2.54
                    Mean episode length: 671.83
                        Mean action std: 0.64
    Episode_Reward/track_lin_vel_xy_exp: 0.2980
     Episode_Reward/track_ang_vel_z_exp: 0.2386
            Episode_Reward/lin_vel_z_l2: -0.0272
           Episode_Reward/ang_vel_xy_l2: -0.1169
          Episode_Reward/dof_torques_l2: -0.0618
              Episode_Reward/dof_acc_l2: -0.0703
          Episode_Reward/action_rate_l2: -0.0724
           Episode_Reward/feet_air_time: -0.0176
     Episode_Reward/flat_orientation_l2: 0.0000
          Episode_Reward/dof_pos_limits: 0.0000
              Curriculum/terrain_levels: 1.4104
     Metrics/base_velocity/error_vel_xy: 1.0232
    Metrics/base_velocity/error_vel_yaw: 0.7271
           Episode_Termination/time_out: 0.2946
       Episode_Termination/base_contact: 0.7056
--------------------------------------------------------------------------------
                         Iteration time: 68.53s
                           Time elapsed: 00:48:23
                                    ETA: 11:36:12

################################################################################
[1m                           Learning iteration 65/1000                           [0m 

                            Total steps: 6488064 
                       Steps per second: 1436 
                        Collection time: 67.962s 
                          Learning time: 0.482s 
                        Mean value loss: 0.0127
                    Mean surrogate loss: -0.0048
                      Mean entropy loss: 11.4012
                            Mean reward: 2.93
                    Mean episode length: 680.20
                        Mean action std: 0.64
    Episode_Reward/track_lin_vel_xy_exp: 0.2375
     Episode_Reward/track_ang_vel_z_exp: 0.2305
            Episode_Reward/lin_vel_z_l2: -0.0261
           Episode_Reward/ang_vel_xy_l2: -0.1042
          Episode_Reward/dof_torques_l2: -0.0596
              Episode_Reward/dof_acc_l2: -0.0654
          Episode_Reward/action_rate_l2: -0.0673
           Episode_Reward/feet_air_time: -0.0162
     Episode_Reward/flat_orientation_l2: 0.0000
          Episode_Reward/dof_pos_limits: 0.0000
              Curriculum/terrain_levels: 1.3857
     Metrics/base_velocity/error_vel_xy: 0.9925
    Metrics/base_velocity/error_vel_yaw: 0.6557
           Episode_Termination/time_out: 0.2950
       Episode_Termination/base_contact: 0.7053
--------------------------------------------------------------------------------
                         Iteration time: 68.44s
                           Time elapsed: 00:49:32
                                    ETA: 11:41:04

################################################################################
[1m                           Learning iteration 66/1000                           [0m 

                            Total steps: 6586368 
                       Steps per second: 1439 
                        Collection time: 67.805s 
                          Learning time: 0.486s 
                        Mean value loss: 0.0131
                    Mean surrogate loss: -0.0049
                      Mean entropy loss: 11.3792
                            Mean reward: 2.26
                    Mean episode length: 588.37
                        Mean action std: 0.64
    Episode_Reward/track_lin_vel_xy_exp: 0.2228
     Episode_Reward/track_ang_vel_z_exp: 0.2087
            Episode_Reward/lin_vel_z_l2: -0.0268
           Episode_Reward/ang_vel_xy_l2: -0.0966
          Episode_Reward/dof_torques_l2: -0.0535
              Episode_Reward/dof_acc_l2: -0.0690
          Episode_Reward/action_rate_l2: -0.0628
           Episode_Reward/feet_air_time: -0.0156
     Episode_Reward/flat_orientation_l2: 0.0000
          Episode_Reward/dof_pos_limits: 0.0000
              Curriculum/terrain_levels: 1.3680
     Metrics/base_velocity/error_vel_xy: 1.0090
    Metrics/base_velocity/error_vel_yaw: 0.6691
           Episode_Termination/time_out: 0.2950
       Episode_Termination/base_contact: 0.7054
--------------------------------------------------------------------------------
                         Iteration time: 68.29s
                           Time elapsed: 00:50:40
                                    ETA: 11:45:42

################################################################################
[1m                           Learning iteration 67/1000                           [0m 

                            Total steps: 6684672 
                       Steps per second: 1442 
                        Collection time: 67.686s 
                          Learning time: 0.484s 
                        Mean value loss: 0.0121
                    Mean surrogate loss: -0.0046
                      Mean entropy loss: 11.3565
                            Mean reward: 3.23
                    Mean episode length: 743.77
                        Mean action std: 0.63
    Episode_Reward/track_lin_vel_xy_exp: 0.2819
     Episode_Reward/track_ang_vel_z_exp: 0.2691
            Episode_Reward/lin_vel_z_l2: -0.0264
           Episode_Reward/ang_vel_xy_l2: -0.1169
          Episode_Reward/dof_torques_l2: -0.0693
              Episode_Reward/dof_acc_l2: -0.0806
          Episode_Reward/action_rate_l2: -0.0794
           Episode_Reward/feet_air_time: -0.0199
     Episode_Reward/flat_orientation_l2: 0.0000
          Episode_Reward/dof_pos_limits: 0.0000
              Curriculum/terrain_levels: 1.3479
     Metrics/base_velocity/error_vel_xy: 1.1915
    Metrics/base_velocity/error_vel_yaw: 0.7891
           Episode_Termination/time_out: 0.2965
       Episode_Termination/base_contact: 0.7040
--------------------------------------------------------------------------------
                         Iteration time: 68.17s
                           Time elapsed: 00:51:48
                                    ETA: 11:50:09

################################################################################
[1m                           Learning iteration 68/1000                           [0m 

                            Total steps: 6782976 
                       Steps per second: 1439 
                        Collection time: 67.809s 
                          Learning time: 0.493s 
                        Mean value loss: 0.0127
                    Mean surrogate loss: -0.0054
                      Mean entropy loss: 11.3190
                            Mean reward: 2.95
                    Mean episode length: 662.18
                        Mean action std: 0.63
    Episode_Reward/track_lin_vel_xy_exp: 0.2732
     Episode_Reward/track_ang_vel_z_exp: 0.2538
            Episode_Reward/lin_vel_z_l2: -0.0270
           Episode_Reward/ang_vel_xy_l2: -0.1113
          Episode_Reward/dof_torques_l2: -0.0654
              Episode_Reward/dof_acc_l2: -0.0755
          Episode_Reward/action_rate_l2: -0.0738
           Episode_Reward/feet_air_time: -0.0187
     Episode_Reward/flat_orientation_l2: 0.0000
          Episode_Reward/dof_pos_limits: 0.0000
              Curriculum/terrain_levels: 1.3272
     Metrics/base_velocity/error_vel_xy: 1.1140
    Metrics/base_velocity/error_vel_yaw: 0.7504
           Episode_Termination/time_out: 0.3008
       Episode_Termination/base_contact: 0.6997
--------------------------------------------------------------------------------
                         Iteration time: 68.30s
                           Time elapsed: 00:52:57
                                    ETA: 11:54:28

################################################################################
[1m                           Learning iteration 69/1000                           [0m 

                            Total steps: 6881280 
                       Steps per second: 1436 
                        Collection time: 67.936s 
                          Learning time: 0.479s 
                        Mean value loss: 0.0145
                    Mean surrogate loss: -0.0051
                      Mean entropy loss: 11.2778
                            Mean reward: 2.89
                    Mean episode length: 665.74
                        Mean action std: 0.63
    Episode_Reward/track_lin_vel_xy_exp: 0.2738
     Episode_Reward/track_ang_vel_z_exp: 0.2577
            Episode_Reward/lin_vel_z_l2: -0.0260
           Episode_Reward/ang_vel_xy_l2: -0.1109
          Episode_Reward/dof_torques_l2: -0.0660
              Episode_Reward/dof_acc_l2: -0.0739
          Episode_Reward/action_rate_l2: -0.0744
           Episode_Reward/feet_air_time: -0.0186
     Episode_Reward/flat_orientation_l2: 0.0000
          Episode_Reward/dof_pos_limits: 0.0000
              Curriculum/terrain_levels: 1.3082
     Metrics/base_velocity/error_vel_xy: 1.1515
    Metrics/base_velocity/error_vel_yaw: 0.7587
           Episode_Termination/time_out: 0.3027
       Episode_Termination/base_contact: 0.6978
--------------------------------------------------------------------------------
                         Iteration time: 68.42s
                           Time elapsed: 00:54:05
                                    ETA: 11:58:39

################################################################################
[1m                           Learning iteration 70/1000                           [0m 

                            Total steps: 6979584 
                       Steps per second: 1441 
                        Collection time: 67.716s 
                          Learning time: 0.482s 
                        Mean value loss: 0.0103
                    Mean surrogate loss: -0.0060
                      Mean entropy loss: 11.2473
                            Mean reward: 3.88
                    Mean episode length: 735.94
                        Mean action std: 0.63
    Episode_Reward/track_lin_vel_xy_exp: 0.2916
     Episode_Reward/track_ang_vel_z_exp: 0.2713
            Episode_Reward/lin_vel_z_l2: -0.0263
           Episode_Reward/ang_vel_xy_l2: -0.1111
          Episode_Reward/dof_torques_l2: -0.0655
              Episode_Reward/dof_acc_l2: -0.0780
          Episode_Reward/action_rate_l2: -0.0750
           Episode_Reward/feet_air_time: -0.0184
     Episode_Reward/flat_orientation_l2: 0.0000
          Episode_Reward/dof_pos_limits: 0.0000
              Curriculum/terrain_levels: 1.2895
     Metrics/base_velocity/error_vel_xy: 1.0961
    Metrics/base_velocity/error_vel_yaw: 0.7395
           Episode_Termination/time_out: 0.3070
       Episode_Termination/base_contact: 0.6934
--------------------------------------------------------------------------------
                         Iteration time: 68.20s
                           Time elapsed: 00:55:13
                                    ETA: 12:02:39

################################################################################
[1m                           Learning iteration 71/1000                           [0m 

                            Total steps: 7077888 
                       Steps per second: 1448 
                        Collection time: 67.395s 
                          Learning time: 0.486s 
                        Mean value loss: 0.0134
                    Mean surrogate loss: -0.0052
                      Mean entropy loss: 11.2236
                            Mean reward: 3.59
                    Mean episode length: 699.00
                        Mean action std: 0.63
    Episode_Reward/track_lin_vel_xy_exp: 0.3033
     Episode_Reward/track_ang_vel_z_exp: 0.2804
            Episode_Reward/lin_vel_z_l2: -0.0260
           Episode_Reward/ang_vel_xy_l2: -0.1093
          Episode_Reward/dof_torques_l2: -0.0660
              Episode_Reward/dof_acc_l2: -0.0790
          Episode_Reward/action_rate_l2: -0.0753
           Episode_Reward/feet_air_time: -0.0191
     Episode_Reward/flat_orientation_l2: 0.0000
          Episode_Reward/dof_pos_limits: 0.0000
              Curriculum/terrain_levels: 1.2715
     Metrics/base_velocity/error_vel_xy: 1.1120
    Metrics/base_velocity/error_vel_yaw: 0.7256
           Episode_Termination/time_out: 0.3121
       Episode_Termination/base_contact: 0.6881
--------------------------------------------------------------------------------
                         Iteration time: 67.88s
                           Time elapsed: 00:56:21
                                    ETA: 12:06:25

################################################################################
[1m                           Learning iteration 72/1000                           [0m 

                            Total steps: 7176192 
                       Steps per second: 1448 
                        Collection time: 67.354s 
                          Learning time: 0.489s 
                        Mean value loss: 0.0161
                    Mean surrogate loss: -0.0052
                      Mean entropy loss: 11.2332
                            Mean reward: 3.37
                    Mean episode length: 744.21
                        Mean action std: 0.63
    Episode_Reward/track_lin_vel_xy_exp: 0.2406
     Episode_Reward/track_ang_vel_z_exp: 0.2800
            Episode_Reward/lin_vel_z_l2: -0.0261
           Episode_Reward/ang_vel_xy_l2: -0.1113
          Episode_Reward/dof_torques_l2: -0.0670
              Episode_Reward/dof_acc_l2: -0.0805
          Episode_Reward/action_rate_l2: -0.0771
           Episode_Reward/feet_air_time: -0.0202
     Episode_Reward/flat_orientation_l2: 0.0000
          Episode_Reward/dof_pos_limits: 0.0000
              Curriculum/terrain_levels: 1.2504
     Metrics/base_velocity/error_vel_xy: 1.2706
    Metrics/base_velocity/error_vel_yaw: 0.7721
           Episode_Termination/time_out: 0.3167
       Episode_Termination/base_contact: 0.6836
--------------------------------------------------------------------------------
                         Iteration time: 67.84s
                           Time elapsed: 00:57:29
                                    ETA: 12:10:03

################################################################################
[1m                           Learning iteration 73/1000                           [0m 

                            Total steps: 7274496 
                       Steps per second: 1444 
                        Collection time: 67.553s 
                          Learning time: 0.486s 
                        Mean value loss: 0.0158
                    Mean surrogate loss: -0.0060
                      Mean entropy loss: 11.2269
                            Mean reward: 4.51
                    Mean episode length: 771.95
                        Mean action std: 0.63
    Episode_Reward/track_lin_vel_xy_exp: 0.2737
     Episode_Reward/track_ang_vel_z_exp: 0.2654
            Episode_Reward/lin_vel_z_l2: -0.0258
           Episode_Reward/ang_vel_xy_l2: -0.1071
          Episode_Reward/dof_torques_l2: -0.0645
              Episode_Reward/dof_acc_l2: -0.0744
          Episode_Reward/action_rate_l2: -0.0728
           Episode_Reward/feet_air_time: -0.0191
     Episode_Reward/flat_orientation_l2: 0.0000
          Episode_Reward/dof_pos_limits: 0.0000
              Curriculum/terrain_levels: 1.2263
     Metrics/base_velocity/error_vel_xy: 1.1648
    Metrics/base_velocity/error_vel_yaw: 0.7277
           Episode_Termination/time_out: 0.3224
       Episode_Termination/base_contact: 0.6778
--------------------------------------------------------------------------------
                         Iteration time: 68.04s
                           Time elapsed: 00:58:37
                                    ETA: 12:13:36

################################################################################
[1m                           Learning iteration 74/1000                           [0m 

                            Total steps: 7372800 
                       Steps per second: 1439 
                        Collection time: 67.792s 
                          Learning time: 0.484s 
                        Mean value loss: 0.0145
                    Mean surrogate loss: -0.0047
                      Mean entropy loss: 11.2178
                            Mean reward: 3.61
                    Mean episode length: 752.17
                        Mean action std: 0.63
    Episode_Reward/track_lin_vel_xy_exp: 0.2752
     Episode_Reward/track_ang_vel_z_exp: 0.2711
            Episode_Reward/lin_vel_z_l2: -0.0253
           Episode_Reward/ang_vel_xy_l2: -0.1069
          Episode_Reward/dof_torques_l2: -0.0639
              Episode_Reward/dof_acc_l2: -0.0745
          Episode_Reward/action_rate_l2: -0.0731
           Episode_Reward/feet_air_time: -0.0191
     Episode_Reward/flat_orientation_l2: 0.0000
          Episode_Reward/dof_pos_limits: 0.0000
              Curriculum/terrain_levels: 1.2018
     Metrics/base_velocity/error_vel_xy: 1.0891
    Metrics/base_velocity/error_vel_yaw: 0.7247
           Episode_Termination/time_out: 0.3306
       Episode_Termination/base_contact: 0.6696
--------------------------------------------------------------------------------
                         Iteration time: 68.28s
                           Time elapsed: 00:59:45
                                    ETA: 12:17:05

################################################################################
[1m                           Learning iteration 75/1000                           [0m 

                            Total steps: 7471104 
                       Steps per second: 1434 
                        Collection time: 68.052s 
                          Learning time: 0.489s 
                        Mean value loss: 0.0150
                    Mean surrogate loss: -0.0054
                      Mean entropy loss: 11.2122
                            Mean reward: 4.60
                    Mean episode length: 790.01
                        Mean action std: 0.63
    Episode_Reward/track_lin_vel_xy_exp: 0.3132
     Episode_Reward/track_ang_vel_z_exp: 0.2939
            Episode_Reward/lin_vel_z_l2: -0.0247
           Episode_Reward/ang_vel_xy_l2: -0.1099
          Episode_Reward/dof_torques_l2: -0.0691
              Episode_Reward/dof_acc_l2: -0.0784
          Episode_Reward/action_rate_l2: -0.0779
           Episode_Reward/feet_air_time: -0.0206
     Episode_Reward/flat_orientation_l2: 0.0000
          Episode_Reward/dof_pos_limits: 0.0000
              Curriculum/terrain_levels: 1.1816
     Metrics/base_velocity/error_vel_xy: 1.1919
    Metrics/base_velocity/error_vel_yaw: 0.7592
           Episode_Termination/time_out: 0.3423
       Episode_Termination/base_contact: 0.6580
--------------------------------------------------------------------------------
                         Iteration time: 68.54s
                           Time elapsed: 01:00:54
                                    ETA: 12:20:29

################################################################################
[1m                           Learning iteration 76/1000                           [0m 

                            Total steps: 7569408 
                       Steps per second: 1436 
                        Collection time: 67.941s 
                          Learning time: 0.483s 
                        Mean value loss: 0.0147
                    Mean surrogate loss: -0.0053
                      Mean entropy loss: 11.1953
                            Mean reward: 4.73
                    Mean episode length: 853.99
                        Mean action std: 0.63
    Episode_Reward/track_lin_vel_xy_exp: 0.3084
     Episode_Reward/track_ang_vel_z_exp: 0.3105
            Episode_Reward/lin_vel_z_l2: -0.0249
           Episode_Reward/ang_vel_xy_l2: -0.1140
          Episode_Reward/dof_torques_l2: -0.0710
              Episode_Reward/dof_acc_l2: -0.0816
          Episode_Reward/action_rate_l2: -0.0797
           Episode_Reward/feet_air_time: -0.0215
     Episode_Reward/flat_orientation_l2: 0.0000
          Episode_Reward/dof_pos_limits: 0.0000
              Curriculum/terrain_levels: 1.1612
     Metrics/base_velocity/error_vel_xy: 1.2283
    Metrics/base_velocity/error_vel_yaw: 0.7795
           Episode_Termination/time_out: 0.3558
       Episode_Termination/base_contact: 0.6445
--------------------------------------------------------------------------------
                         Iteration time: 68.42s
                           Time elapsed: 01:02:02
                                    ETA: 12:23:45

################################################################################
[1m                           Learning iteration 77/1000                           [0m 

                            Total steps: 7667712 
                       Steps per second: 1444 
                        Collection time: 67.563s 
                          Learning time: 0.486s 
                        Mean value loss: 0.0144
                    Mean surrogate loss: -0.0058
                      Mean entropy loss: 11.1764
                            Mean reward: 4.35
                    Mean episode length: 698.68
                        Mean action std: 0.63
    Episode_Reward/track_lin_vel_xy_exp: 0.3131
     Episode_Reward/track_ang_vel_z_exp: 0.2897
            Episode_Reward/lin_vel_z_l2: -0.0251
           Episode_Reward/ang_vel_xy_l2: -0.1043
          Episode_Reward/dof_torques_l2: -0.0639
              Episode_Reward/dof_acc_l2: -0.0793
          Episode_Reward/action_rate_l2: -0.0738
           Episode_Reward/feet_air_time: -0.0193
     Episode_Reward/flat_orientation_l2: 0.0000
          Episode_Reward/dof_pos_limits: 0.0000
              Curriculum/terrain_levels: 1.1375
     Metrics/base_velocity/error_vel_xy: 1.1595
    Metrics/base_velocity/error_vel_yaw: 0.7266
           Episode_Termination/time_out: 0.3699
       Episode_Termination/base_contact: 0.6306
--------------------------------------------------------------------------------
                         Iteration time: 68.05s
                           Time elapsed: 01:03:10
                                    ETA: 12:26:49

################################################################################
[1m                           Learning iteration 78/1000                           [0m 

                            Total steps: 7766016 
                       Steps per second: 1437 
                        Collection time: 67.899s 
                          Learning time: 0.484s 
                        Mean value loss: 0.0162
                    Mean surrogate loss: -0.0059
                      Mean entropy loss: 11.1812
                            Mean reward: 4.14
                    Mean episode length: 703.65
                        Mean action std: 0.63
    Episode_Reward/track_lin_vel_xy_exp: 0.2913
     Episode_Reward/track_ang_vel_z_exp: 0.2903
            Episode_Reward/lin_vel_z_l2: -0.0243
           Episode_Reward/ang_vel_xy_l2: -0.1040
          Episode_Reward/dof_torques_l2: -0.0656
              Episode_Reward/dof_acc_l2: -0.0764
          Episode_Reward/action_rate_l2: -0.0732
           Episode_Reward/feet_air_time: -0.0185
     Episode_Reward/flat_orientation_l2: 0.0000
          Episode_Reward/dof_pos_limits: 0.0000
              Curriculum/terrain_levels: 1.1134
     Metrics/base_velocity/error_vel_xy: 1.1421
    Metrics/base_velocity/error_vel_yaw: 0.7183
           Episode_Termination/time_out: 0.3777
       Episode_Termination/base_contact: 0.6228
--------------------------------------------------------------------------------
                         Iteration time: 68.38s
                           Time elapsed: 01:04:19
                                    ETA: 12:29:51

################################################################################
[1m                           Learning iteration 79/1000                           [0m 

                            Total steps: 7864320 
                       Steps per second: 1439 
                        Collection time: 67.807s 
                          Learning time: 0.481s 
                        Mean value loss: 0.0131
                    Mean surrogate loss: -0.0056
                      Mean entropy loss: 11.1708
                            Mean reward: 3.89
                    Mean episode length: 644.97
                        Mean action std: 0.63
    Episode_Reward/track_lin_vel_xy_exp: 0.2746
     Episode_Reward/track_ang_vel_z_exp: 0.2800
            Episode_Reward/lin_vel_z_l2: -0.0245
           Episode_Reward/ang_vel_xy_l2: -0.0981
          Episode_Reward/dof_torques_l2: -0.0600
              Episode_Reward/dof_acc_l2: -0.0706
          Episode_Reward/action_rate_l2: -0.0684
           Episode_Reward/feet_air_time: -0.0182
     Episode_Reward/flat_orientation_l2: 0.0000
          Episode_Reward/dof_pos_limits: 0.0000
              Curriculum/terrain_levels: 1.0895
     Metrics/base_velocity/error_vel_xy: 1.1267
    Metrics/base_velocity/error_vel_yaw: 0.6571
           Episode_Termination/time_out: 0.3829
       Episode_Termination/base_contact: 0.6176
--------------------------------------------------------------------------------
                         Iteration time: 68.29s
                           Time elapsed: 01:05:27
                                    ETA: 12:32:46

################################################################################
[1m                           Learning iteration 80/1000                           [0m 

                            Total steps: 7962624 
                       Steps per second: 1432 
                        Collection time: 68.150s 
                          Learning time: 0.497s 
                        Mean value loss: 0.0150
                    Mean surrogate loss: -0.0062
                      Mean entropy loss: 11.1404
                            Mean reward: 4.65
                    Mean episode length: 710.10
                        Mean action std: 0.62
    Episode_Reward/track_lin_vel_xy_exp: 0.2878
     Episode_Reward/track_ang_vel_z_exp: 0.3084
            Episode_Reward/lin_vel_z_l2: -0.0234
           Episode_Reward/ang_vel_xy_l2: -0.0979
          Episode_Reward/dof_torques_l2: -0.0628
              Episode_Reward/dof_acc_l2: -0.0764
          Episode_Reward/action_rate_l2: -0.0706
           Episode_Reward/feet_air_time: -0.0180
     Episode_Reward/flat_orientation_l2: 0.0000
          Episode_Reward/dof_pos_limits: 0.0000
              Curriculum/terrain_levels: 1.0730
     Metrics/base_velocity/error_vel_xy: 1.1322
    Metrics/base_velocity/error_vel_yaw: 0.6158
           Episode_Termination/time_out: 0.3881
       Episode_Termination/base_contact: 0.6124
--------------------------------------------------------------------------------
                         Iteration time: 68.65s
                           Time elapsed: 01:06:36
                                    ETA: 12:35:39

################################################################################
[1m                           Learning iteration 81/1000                           [0m 

                            Total steps: 8060928 
                       Steps per second: 1420 
                        Collection time: 68.716s 
                          Learning time: 0.492s 
                        Mean value loss: 0.0101
                    Mean surrogate loss: -0.0055
                      Mean entropy loss: 11.1207
                            Mean reward: 5.34
                    Mean episode length: 711.35
                        Mean action std: 0.62
    Episode_Reward/track_lin_vel_xy_exp: 0.3119
     Episode_Reward/track_ang_vel_z_exp: 0.3122
            Episode_Reward/lin_vel_z_l2: -0.0236
           Episode_Reward/ang_vel_xy_l2: -0.0982
          Episode_Reward/dof_torques_l2: -0.0630
              Episode_Reward/dof_acc_l2: -0.0755
          Episode_Reward/action_rate_l2: -0.0717
           Episode_Reward/feet_air_time: -0.0192
     Episode_Reward/flat_orientation_l2: 0.0000
          Episode_Reward/dof_pos_limits: 0.0000
              Curriculum/terrain_levels: 1.0549
     Metrics/base_velocity/error_vel_xy: 1.1194
    Metrics/base_velocity/error_vel_yaw: 0.6254
           Episode_Termination/time_out: 0.3957
       Episode_Termination/base_contact: 0.6048
--------------------------------------------------------------------------------
                         Iteration time: 69.21s
                           Time elapsed: 01:07:45
                                    ETA: 12:38:32

################################################################################
[1m                           Learning iteration 82/1000                           [0m 

                            Total steps: 8159232 
                       Steps per second: 1426 
                        Collection time: 68.435s 
                          Learning time: 0.484s 
                        Mean value loss: 0.0155
                    Mean surrogate loss: -0.0060
                      Mean entropy loss: 11.0716
                            Mean reward: 5.65
                    Mean episode length: 770.70
                        Mean action std: 0.62
    Episode_Reward/track_lin_vel_xy_exp: 0.3038
     Episode_Reward/track_ang_vel_z_exp: 0.3274
            Episode_Reward/lin_vel_z_l2: -0.0234
           Episode_Reward/ang_vel_xy_l2: -0.1016
          Episode_Reward/dof_torques_l2: -0.0660
              Episode_Reward/dof_acc_l2: -0.0779
          Episode_Reward/action_rate_l2: -0.0743
           Episode_Reward/feet_air_time: -0.0193
     Episode_Reward/flat_orientation_l2: 0.0000
          Episode_Reward/dof_pos_limits: 0.0000
              Curriculum/terrain_levels: 1.0379
     Metrics/base_velocity/error_vel_xy: 1.1604
    Metrics/base_velocity/error_vel_yaw: 0.6483
           Episode_Termination/time_out: 0.4033
       Episode_Termination/base_contact: 0.5974
--------------------------------------------------------------------------------
                         Iteration time: 68.92s
                           Time elapsed: 01:08:54
                                    ETA: 12:41:16

################################################################################
[1m                           Learning iteration 83/1000                           [0m 

                            Total steps: 8257536 
                       Steps per second: 1427 
                        Collection time: 68.368s 
                          Learning time: 0.484s 
                        Mean value loss: 0.0138
                    Mean surrogate loss: -0.0065
                      Mean entropy loss: 11.0422
                            Mean reward: 5.23
                    Mean episode length: 733.10
                        Mean action std: 0.62
    Episode_Reward/track_lin_vel_xy_exp: 0.3127
     Episode_Reward/track_ang_vel_z_exp: 0.3317
            Episode_Reward/lin_vel_z_l2: -0.0231
           Episode_Reward/ang_vel_xy_l2: -0.1016
          Episode_Reward/dof_torques_l2: -0.0660
              Episode_Reward/dof_acc_l2: -0.0799
          Episode_Reward/action_rate_l2: -0.0751
           Episode_Reward/feet_air_time: -0.0199
     Episode_Reward/flat_orientation_l2: 0.0000
          Episode_Reward/dof_pos_limits: 0.0000
              Curriculum/terrain_levels: 1.0206
     Metrics/base_velocity/error_vel_xy: 1.1797
    Metrics/base_velocity/error_vel_yaw: 0.6523
           Episode_Termination/time_out: 0.4103
       Episode_Termination/base_contact: 0.5904
--------------------------------------------------------------------------------
                         Iteration time: 68.85s
                           Time elapsed: 01:10:03
                                    ETA: 12:43:54

################################################################################
[1m                           Learning iteration 84/1000                           [0m 

                            Total steps: 8355840 
                       Steps per second: 1432 
                        Collection time: 68.131s 
                          Learning time: 0.480s 
                        Mean value loss: 0.0136
                    Mean surrogate loss: -0.0056
                      Mean entropy loss: 11.0068
                            Mean reward: 4.68
                    Mean episode length: 710.86
                        Mean action std: 0.62
    Episode_Reward/track_lin_vel_xy_exp: 0.2349
     Episode_Reward/track_ang_vel_z_exp: 0.2915
            Episode_Reward/lin_vel_z_l2: -0.0227
           Episode_Reward/ang_vel_xy_l2: -0.0871
          Episode_Reward/dof_torques_l2: -0.0580
              Episode_Reward/dof_acc_l2: -0.0742
          Episode_Reward/action_rate_l2: -0.0656
           Episode_Reward/feet_air_time: -0.0178
     Episode_Reward/flat_orientation_l2: 0.0000
          Episode_Reward/dof_pos_limits: 0.0000
              Curriculum/terrain_levels: 1.0051
     Metrics/base_velocity/error_vel_xy: 1.1494
    Metrics/base_velocity/error_vel_yaw: 0.5887
           Episode_Termination/time_out: 0.4155
       Episode_Termination/base_contact: 0.5852
--------------------------------------------------------------------------------
                         Iteration time: 68.61s
                           Time elapsed: 01:11:11
                                    ETA: 12:46:24

################################################################################
[1m                           Learning iteration 85/1000                           [0m 

                            Total steps: 8454144 
                       Steps per second: 1440 
                        Collection time: 67.756s 
                          Learning time: 0.484s 
                        Mean value loss: 0.0171
                    Mean surrogate loss: -0.0056
                      Mean entropy loss: 11.0047
                            Mean reward: 5.18
                    Mean episode length: 718.64
                        Mean action std: 0.62
    Episode_Reward/track_lin_vel_xy_exp: 0.2722
     Episode_Reward/track_ang_vel_z_exp: 0.3119
            Episode_Reward/lin_vel_z_l2: -0.0226
           Episode_Reward/ang_vel_xy_l2: -0.0934
          Episode_Reward/dof_torques_l2: -0.0596
              Episode_Reward/dof_acc_l2: -0.0737
          Episode_Reward/action_rate_l2: -0.0687
           Episode_Reward/feet_air_time: -0.0180
     Episode_Reward/flat_orientation_l2: 0.0000
          Episode_Reward/dof_pos_limits: 0.0000
              Curriculum/terrain_levels: 0.9890
     Metrics/base_velocity/error_vel_xy: 1.1217
    Metrics/base_velocity/error_vel_yaw: 0.5939
           Episode_Termination/time_out: 0.4214
       Episode_Termination/base_contact: 0.5793
--------------------------------------------------------------------------------
                         Iteration time: 68.24s
                           Time elapsed: 01:12:19
                                    ETA: 12:48:44

################################################################################
[1m                           Learning iteration 86/1000                           [0m 

                            Total steps: 8552448 
                       Steps per second: 1439 
                        Collection time: 67.803s 
                          Learning time: 0.484s 
                        Mean value loss: 0.0129
                    Mean surrogate loss: -0.0056
                      Mean entropy loss: 10.9943
                            Mean reward: 5.02
                    Mean episode length: 730.88
                        Mean action std: 0.62
    Episode_Reward/track_lin_vel_xy_exp: 0.2712
     Episode_Reward/track_ang_vel_z_exp: 0.3184
            Episode_Reward/lin_vel_z_l2: -0.0228
           Episode_Reward/ang_vel_xy_l2: -0.0936
          Episode_Reward/dof_torques_l2: -0.0605
              Episode_Reward/dof_acc_l2: -0.0771
          Episode_Reward/action_rate_l2: -0.0698
           Episode_Reward/feet_air_time: -0.0194
     Episode_Reward/flat_orientation_l2: 0.0000
          Episode_Reward/dof_pos_limits: 0.0000
              Curriculum/terrain_levels: 0.9698
     Metrics/base_velocity/error_vel_xy: 1.2010
    Metrics/base_velocity/error_vel_yaw: 0.6045
           Episode_Termination/time_out: 0.4266
       Episode_Termination/base_contact: 0.5743
--------------------------------------------------------------------------------
                         Iteration time: 68.29s
                           Time elapsed: 01:13:28
                                    ETA: 12:51:01

################################################################################
[1m                           Learning iteration 87/1000                           [0m 

                            Total steps: 8650752 
                       Steps per second: 1440 
                        Collection time: 67.734s 
                          Learning time: 0.487s 
                        Mean value loss: 0.0133
                    Mean surrogate loss: -0.0047
                      Mean entropy loss: 10.9868
                            Mean reward: 4.79
                    Mean episode length: 747.80
                        Mean action std: 0.62
    Episode_Reward/track_lin_vel_xy_exp: 0.2981
     Episode_Reward/track_ang_vel_z_exp: 0.3357
            Episode_Reward/lin_vel_z_l2: -0.0230
           Episode_Reward/ang_vel_xy_l2: -0.0985
          Episode_Reward/dof_torques_l2: -0.0652
              Episode_Reward/dof_acc_l2: -0.0793
          Episode_Reward/action_rate_l2: -0.0738
           Episode_Reward/feet_air_time: -0.0199
     Episode_Reward/flat_orientation_l2: 0.0000
          Episode_Reward/dof_pos_limits: 0.0000
              Curriculum/terrain_levels: 0.9536
     Metrics/base_velocity/error_vel_xy: 1.2989
    Metrics/base_velocity/error_vel_yaw: 0.6547
           Episode_Termination/time_out: 0.4369
       Episode_Termination/base_contact: 0.5640
--------------------------------------------------------------------------------
                         Iteration time: 68.22s
                           Time elapsed: 01:14:36
                                    ETA: 12:53:12

################################################################################
[1m                           Learning iteration 88/1000                           [0m 

                            Total steps: 8749056 
                       Steps per second: 1433 
                        Collection time: 68.101s 
                          Learning time: 0.483s 
                        Mean value loss: 0.0145
                    Mean surrogate loss: -0.0062
                      Mean entropy loss: 10.9871
                            Mean reward: 5.19
                    Mean episode length: 769.77
                        Mean action std: 0.62
    Episode_Reward/track_lin_vel_xy_exp: 0.2960
     Episode_Reward/track_ang_vel_z_exp: 0.3322
            Episode_Reward/lin_vel_z_l2: -0.0230
           Episode_Reward/ang_vel_xy_l2: -0.0976
          Episode_Reward/dof_torques_l2: -0.0644
              Episode_Reward/dof_acc_l2: -0.0780
          Episode_Reward/action_rate_l2: -0.0737
           Episode_Reward/feet_air_time: -0.0205
     Episode_Reward/flat_orientation_l2: 0.0000
          Episode_Reward/dof_pos_limits: 0.0000
              Curriculum/terrain_levels: 0.9372
     Metrics/base_velocity/error_vel_xy: 1.2755
    Metrics/base_velocity/error_vel_yaw: 0.6631
           Episode_Termination/time_out: 0.4421
       Episode_Termination/base_contact: 0.5589
--------------------------------------------------------------------------------
                         Iteration time: 68.58s
                           Time elapsed: 01:15:45
                                    ETA: 12:55:23

################################################################################
[1m                           Learning iteration 89/1000                           [0m 

                            Total steps: 8847360 
                       Steps per second: 1444 
                        Collection time: 67.575s 
                          Learning time: 0.490s 
                        Mean value loss: 0.0132
                    Mean surrogate loss: -0.0043
                      Mean entropy loss: 10.9727
                            Mean reward: 4.46
                    Mean episode length: 778.24
                        Mean action std: 0.62
    Episode_Reward/track_lin_vel_xy_exp: 0.2618
     Episode_Reward/track_ang_vel_z_exp: 0.3158
            Episode_Reward/lin_vel_z_l2: -0.0224
           Episode_Reward/ang_vel_xy_l2: -0.0941
          Episode_Reward/dof_torques_l2: -0.0635
              Episode_Reward/dof_acc_l2: -0.0770
          Episode_Reward/action_rate_l2: -0.0714
           Episode_Reward/feet_air_time: -0.0203
     Episode_Reward/flat_orientation_l2: 0.0000
          Episode_Reward/dof_pos_limits: 0.0000
              Curriculum/terrain_levels: 0.9190
     Metrics/base_velocity/error_vel_xy: 1.2644
    Metrics/base_velocity/error_vel_yaw: 0.6631
           Episode_Termination/time_out: 0.4478
       Episode_Termination/base_contact: 0.5532
--------------------------------------------------------------------------------
                         Iteration time: 68.07s
                           Time elapsed: 01:16:53
                                    ETA: 12:57:23

################################################################################
[1m                           Learning iteration 90/1000                           [0m 

                            Total steps: 8945664 
                       Steps per second: 1439 
                        Collection time: 67.792s 
                          Learning time: 0.482s 
                        Mean value loss: 0.0159
                    Mean surrogate loss: -0.0055
                      Mean entropy loss: 10.9490
                            Mean reward: 6.82
                    Mean episode length: 835.35
                        Mean action std: 0.62
    Episode_Reward/track_lin_vel_xy_exp: 0.3302
     Episode_Reward/track_ang_vel_z_exp: 0.3480
            Episode_Reward/lin_vel_z_l2: -0.0223
           Episode_Reward/ang_vel_xy_l2: -0.0981
          Episode_Reward/dof_torques_l2: -0.0695
              Episode_Reward/dof_acc_l2: -0.0797
          Episode_Reward/action_rate_l2: -0.0767
           Episode_Reward/feet_air_time: -0.0216
     Episode_Reward/flat_orientation_l2: 0.0000
          Episode_Reward/dof_pos_limits: 0.0000
              Curriculum/terrain_levels: 0.9001
     Metrics/base_velocity/error_vel_xy: 1.2205
    Metrics/base_velocity/error_vel_yaw: 0.6856
           Episode_Termination/time_out: 0.4566
       Episode_Termination/base_contact: 0.5443
--------------------------------------------------------------------------------
                         Iteration time: 68.27s
                           Time elapsed: 01:18:01
                                    ETA: 12:59:22

################################################################################
[1m                           Learning iteration 91/1000                           [0m 

                            Total steps: 9043968 
                       Steps per second: 1432 
                        Collection time: 68.151s 
                          Learning time: 0.490s 
                        Mean value loss: 0.0087
                    Mean surrogate loss: -0.0065
                      Mean entropy loss: 10.9190
                            Mean reward: 5.09
                    Mean episode length: 787.06
                        Mean action std: 0.61
    Episode_Reward/track_lin_vel_xy_exp: 0.3098
     Episode_Reward/track_ang_vel_z_exp: 0.3398
            Episode_Reward/lin_vel_z_l2: -0.0230
           Episode_Reward/ang_vel_xy_l2: -0.0970
          Episode_Reward/dof_torques_l2: -0.0663
              Episode_Reward/dof_acc_l2: -0.0795
          Episode_Reward/action_rate_l2: -0.0741
           Episode_Reward/feet_air_time: -0.0203
     Episode_Reward/flat_orientation_l2: 0.0000
          Episode_Reward/dof_pos_limits: 0.0000
              Curriculum/terrain_levels: 0.8835
     Metrics/base_velocity/error_vel_xy: 1.2216
    Metrics/base_velocity/error_vel_yaw: 0.6572
           Episode_Termination/time_out: 0.4648
       Episode_Termination/base_contact: 0.5362
--------------------------------------------------------------------------------
                         Iteration time: 68.64s
                           Time elapsed: 01:19:10
                                    ETA: 13:01:20

################################################################################
[1m                           Learning iteration 92/1000                           [0m 

                            Total steps: 9142272 
                       Steps per second: 1437 
                        Collection time: 67.892s 
                          Learning time: 0.484s 
                        Mean value loss: 0.0144
                    Mean surrogate loss: -0.0062
                      Mean entropy loss: 10.8976
                            Mean reward: 6.05
                    Mean episode length: 760.90
                        Mean action std: 0.61
    Episode_Reward/track_lin_vel_xy_exp: 0.3356
     Episode_Reward/track_ang_vel_z_exp: 0.3346
            Episode_Reward/lin_vel_z_l2: -0.0229
           Episode_Reward/ang_vel_xy_l2: -0.0968
          Episode_Reward/dof_torques_l2: -0.0640
              Episode_Reward/dof_acc_l2: -0.0808
          Episode_Reward/action_rate_l2: -0.0729
           Episode_Reward/feet_air_time: -0.0201
     Episode_Reward/flat_orientation_l2: 0.0000
          Episode_Reward/dof_pos_limits: 0.0000
              Curriculum/terrain_levels: 0.8686
     Metrics/base_velocity/error_vel_xy: 1.1690
    Metrics/base_velocity/error_vel_yaw: 0.6657
           Episode_Termination/time_out: 0.4688
       Episode_Termination/base_contact: 0.5321
--------------------------------------------------------------------------------
                         Iteration time: 68.38s
                           Time elapsed: 01:20:18
                                    ETA: 13:03:12

################################################################################
[1m                           Learning iteration 93/1000                           [0m 

                            Total steps: 9240576 
                       Steps per second: 1438 
                        Collection time: 67.840s 
                          Learning time: 0.483s 
                        Mean value loss: 0.0168
                    Mean surrogate loss: -0.0055
                      Mean entropy loss: 10.9161
                            Mean reward: 5.73
                    Mean episode length: 691.61
                        Mean action std: 0.62
    Episode_Reward/track_lin_vel_xy_exp: 0.3224
     Episode_Reward/track_ang_vel_z_exp: 0.3327
            Episode_Reward/lin_vel_z_l2: -0.0216
           Episode_Reward/ang_vel_xy_l2: -0.0890
          Episode_Reward/dof_torques_l2: -0.0613
              Episode_Reward/dof_acc_l2: -0.0779
          Episode_Reward/action_rate_l2: -0.0698
           Episode_Reward/feet_air_time: -0.0188
     Episode_Reward/flat_orientation_l2: 0.0000
          Episode_Reward/dof_pos_limits: 0.0000
              Curriculum/terrain_levels: 0.8558
     Metrics/base_velocity/error_vel_xy: 1.1768
    Metrics/base_velocity/error_vel_yaw: 0.5890
           Episode_Termination/time_out: 0.4758
       Episode_Termination/base_contact: 0.5252
--------------------------------------------------------------------------------
                         Iteration time: 68.32s
                           Time elapsed: 01:21:26
                                    ETA: 13:05:00

################################################################################
[1m                           Learning iteration 94/1000                           [0m 

                            Total steps: 9338880 
                       Steps per second: 1437 
                        Collection time: 67.873s 
                          Learning time: 0.493s 
                        Mean value loss: 0.0172
                    Mean surrogate loss: -0.0053
                      Mean entropy loss: 10.9109
                            Mean reward: 6.21
                    Mean episode length: 777.55
                        Mean action std: 0.61
    Episode_Reward/track_lin_vel_xy_exp: 0.3273
     Episode_Reward/track_ang_vel_z_exp: 0.3404
            Episode_Reward/lin_vel_z_l2: -0.0218
           Episode_Reward/ang_vel_xy_l2: -0.0936
          Episode_Reward/dof_torques_l2: -0.0651
              Episode_Reward/dof_acc_l2: -0.0781
          Episode_Reward/action_rate_l2: -0.0731
           Episode_Reward/feet_air_time: -0.0206
     Episode_Reward/flat_orientation_l2: 0.0000
          Episode_Reward/dof_pos_limits: 0.0000
              Curriculum/terrain_levels: 0.8413
     Metrics/base_velocity/error_vel_xy: 1.1690
    Metrics/base_velocity/error_vel_yaw: 0.6396
           Episode_Termination/time_out: 0.4827
       Episode_Termination/base_contact: 0.5182
--------------------------------------------------------------------------------
                         Iteration time: 68.37s
                           Time elapsed: 01:22:35
                                    ETA: 13:06:44

################################################################################
[1m                           Learning iteration 95/1000                           [0m 

                            Total steps: 9437184 
                       Steps per second: 1442 
                        Collection time: 67.689s 
                          Learning time: 0.480s 
                        Mean value loss: 0.0138
                    Mean surrogate loss: -0.0056
                      Mean entropy loss: 10.9001
                            Mean reward: 6.82
                    Mean episode length: 733.39
                        Mean action std: 0.61
    Episode_Reward/track_lin_vel_xy_exp: 0.3098
     Episode_Reward/track_ang_vel_z_exp: 0.3428
            Episode_Reward/lin_vel_z_l2: -0.0222
           Episode_Reward/ang_vel_xy_l2: -0.0943
          Episode_Reward/dof_torques_l2: -0.0618
              Episode_Reward/dof_acc_l2: -0.0760
          Episode_Reward/action_rate_l2: -0.0714
           Episode_Reward/feet_air_time: -0.0193
     Episode_Reward/flat_orientation_l2: 0.0000
          Episode_Reward/dof_pos_limits: 0.0000
              Curriculum/terrain_levels: 0.8272
     Metrics/base_velocity/error_vel_xy: 1.1215
    Metrics/base_velocity/error_vel_yaw: 0.5921
           Episode_Termination/time_out: 0.4884
       Episode_Termination/base_contact: 0.5126
--------------------------------------------------------------------------------
                         Iteration time: 68.17s
                           Time elapsed: 01:23:43
                                    ETA: 13:08:22

################################################################################
[1m                           Learning iteration 96/1000                           [0m 

                            Total steps: 9535488 
                       Steps per second: 1439 
                        Collection time: 67.797s 
                          Learning time: 0.480s 
                        Mean value loss: 0.0149
                    Mean surrogate loss: -0.0054
                      Mean entropy loss: 10.9075
                            Mean reward: 5.56
                    Mean episode length: 758.85
                        Mean action std: 0.62
    Episode_Reward/track_lin_vel_xy_exp: 0.2685
     Episode_Reward/track_ang_vel_z_exp: 0.3494
            Episode_Reward/lin_vel_z_l2: -0.0228
           Episode_Reward/ang_vel_xy_l2: -0.0912
          Episode_Reward/dof_torques_l2: -0.0594
              Episode_Reward/dof_acc_l2: -0.0817
          Episode_Reward/action_rate_l2: -0.0714
           Episode_Reward/feet_air_time: -0.0200
     Episode_Reward/flat_orientation_l2: 0.0000
          Episode_Reward/dof_pos_limits: 0.0000
              Curriculum/terrain_levels: 0.8108
     Metrics/base_velocity/error_vel_xy: 1.3131
    Metrics/base_velocity/error_vel_yaw: 0.5811
           Episode_Termination/time_out: 0.4921
       Episode_Termination/base_contact: 0.5089
--------------------------------------------------------------------------------
                         Iteration time: 68.28s
                           Time elapsed: 01:24:51
                                    ETA: 13:09:58

################################################################################
[1m                           Learning iteration 97/1000                           [0m 

                            Total steps: 9633792 
                       Steps per second: 1442 
                        Collection time: 67.694s 
                          Learning time: 0.477s 
                        Mean value loss: 0.0124
                    Mean surrogate loss: -0.0057
                      Mean entropy loss: 10.9005
                            Mean reward: 5.57
                    Mean episode length: 686.27
                        Mean action std: 0.61
    Episode_Reward/track_lin_vel_xy_exp: 0.2823
     Episode_Reward/track_ang_vel_z_exp: 0.3070
            Episode_Reward/lin_vel_z_l2: -0.0217
           Episode_Reward/ang_vel_xy_l2: -0.0851
          Episode_Reward/dof_torques_l2: -0.0571
              Episode_Reward/dof_acc_l2: -0.0766
          Episode_Reward/action_rate_l2: -0.0660
           Episode_Reward/feet_air_time: -0.0193
     Episode_Reward/flat_orientation_l2: 0.0000
          Episode_Reward/dof_pos_limits: 0.0000
              Curriculum/terrain_levels: 0.7955
     Metrics/base_velocity/error_vel_xy: 1.1019
    Metrics/base_velocity/error_vel_yaw: 0.5967
           Episode_Termination/time_out: 0.4942
       Episode_Termination/base_contact: 0.5068
--------------------------------------------------------------------------------
                         Iteration time: 68.17s
                           Time elapsed: 01:25:59
                                    ETA: 13:11:30

################################################################################
[1m                           Learning iteration 98/1000                           [0m 

                            Total steps: 9732096 
                       Steps per second: 1441 
                        Collection time: 67.709s 
                          Learning time: 0.485s 
                        Mean value loss: 0.0145
                    Mean surrogate loss: -0.0055
                      Mean entropy loss: 10.8694
                            Mean reward: 6.18
                    Mean episode length: 757.05
                        Mean action std: 0.61
    Episode_Reward/track_lin_vel_xy_exp: 0.3150
     Episode_Reward/track_ang_vel_z_exp: 0.3451
            Episode_Reward/lin_vel_z_l2: -0.0227
           Episode_Reward/ang_vel_xy_l2: -0.0934
          Episode_Reward/dof_torques_l2: -0.0613
              Episode_Reward/dof_acc_l2: -0.0825
          Episode_Reward/action_rate_l2: -0.0719
           Episode_Reward/feet_air_time: -0.0208
     Episode_Reward/flat_orientation_l2: 0.0000
          Episode_Reward/dof_pos_limits: 0.0000
              Curriculum/terrain_levels: 0.7805
     Metrics/base_velocity/error_vel_xy: 1.1731
    Metrics/base_velocity/error_vel_yaw: 0.6111
           Episode_Termination/time_out: 0.4952
       Episode_Termination/base_contact: 0.5056
--------------------------------------------------------------------------------
                         Iteration time: 68.19s
                           Time elapsed: 01:27:07
                                    ETA: 13:12:59

################################################################################
[1m                           Learning iteration 99/1000                           [0m 

                            Total steps: 9830400 
                       Steps per second: 1438 
                        Collection time: 67.860s 
                          Learning time: 0.488s 
                        Mean value loss: 0.0119
                    Mean surrogate loss: -0.0057
                      Mean entropy loss: 10.8494
                            Mean reward: 4.96
                    Mean episode length: 725.01
                        Mean action std: 0.61
    Episode_Reward/track_lin_vel_xy_exp: 0.2625
     Episode_Reward/track_ang_vel_z_exp: 0.3448
            Episode_Reward/lin_vel_z_l2: -0.0218
           Episode_Reward/ang_vel_xy_l2: -0.0898
          Episode_Reward/dof_torques_l2: -0.0613
              Episode_Reward/dof_acc_l2: -0.0779
          Episode_Reward/action_rate_l2: -0.0708
           Episode_Reward/feet_air_time: -0.0200
     Episode_Reward/flat_orientation_l2: 0.0000
          Episode_Reward/dof_pos_limits: 0.0000
              Curriculum/terrain_levels: 0.7652
     Metrics/base_velocity/error_vel_xy: 1.2727
    Metrics/base_velocity/error_vel_yaw: 0.5934
           Episode_Termination/time_out: 0.5002
       Episode_Termination/base_contact: 0.5005
--------------------------------------------------------------------------------
                         Iteration time: 68.35s
                           Time elapsed: 01:28:16
                                    ETA: 13:14:26

################################################################################
[1m                          Learning iteration 100/1000                           [0m 

                            Total steps: 9928704 
                       Steps per second: 1442 
                        Collection time: 67.650s 
                          Learning time: 0.481s 
                        Mean value loss: 0.0163
                    Mean surrogate loss: -0.0053
                      Mean entropy loss: 10.8321
                            Mean reward: 5.93
                    Mean episode length: 729.73
                        Mean action std: 0.61
    Episode_Reward/track_lin_vel_xy_exp: 0.2819
     Episode_Reward/track_ang_vel_z_exp: 0.3241
            Episode_Reward/lin_vel_z_l2: -0.0223
           Episode_Reward/ang_vel_xy_l2: -0.0853
          Episode_Reward/dof_torques_l2: -0.0580
              Episode_Reward/dof_acc_l2: -0.0763
          Episode_Reward/action_rate_l2: -0.0668
           Episode_Reward/feet_air_time: -0.0184
     Episode_Reward/flat_orientation_l2: 0.0000
          Episode_Reward/dof_pos_limits: 0.0000
              Curriculum/terrain_levels: 0.7508
     Metrics/base_velocity/error_vel_xy: 1.1612
    Metrics/base_velocity/error_vel_yaw: 0.5671
           Episode_Termination/time_out: 0.5021
       Episode_Termination/base_contact: 0.4986
--------------------------------------------------------------------------------
                         Iteration time: 68.13s
                           Time elapsed: 01:29:24
                                    ETA: 13:15:48

################################################################################
[1m                          Learning iteration 101/1000                           [0m 

                            Total steps: 10027008 
                       Steps per second: 1446 
                        Collection time: 67.491s 
                          Learning time: 0.485s 
                        Mean value loss: 0.0135
                    Mean surrogate loss: -0.0059
                      Mean entropy loss: 10.8292
                            Mean reward: 7.37
                    Mean episode length: 792.01
                        Mean action std: 0.61
    Episode_Reward/track_lin_vel_xy_exp: 0.3506
     Episode_Reward/track_ang_vel_z_exp: 0.3705
            Episode_Reward/lin_vel_z_l2: -0.0224
           Episode_Reward/ang_vel_xy_l2: -0.0971
          Episode_Reward/dof_torques_l2: -0.0636
              Episode_Reward/dof_acc_l2: -0.0788
          Episode_Reward/action_rate_l2: -0.0746
           Episode_Reward/feet_air_time: -0.0200
     Episode_Reward/flat_orientation_l2: 0.0000
          Episode_Reward/dof_pos_limits: 0.0000
              Curriculum/terrain_levels: 0.7365
     Metrics/base_velocity/error_vel_xy: 1.1926
    Metrics/base_velocity/error_vel_yaw: 0.5914
           Episode_Termination/time_out: 0.5034
       Episode_Termination/base_contact: 0.4973
--------------------------------------------------------------------------------
                         Iteration time: 67.98s
                           Time elapsed: 01:30:32
                                    ETA: 13:17:06

################################################################################
[1m                          Learning iteration 102/1000                           [0m 

                            Total steps: 10125312 
                       Steps per second: 1447 
                        Collection time: 67.413s 
                          Learning time: 0.478s 
                        Mean value loss: 0.0144
                    Mean surrogate loss: -0.0053
                      Mean entropy loss: 10.8140
                            Mean reward: 5.91
                    Mean episode length: 789.33
                        Mean action std: 0.61
    Episode_Reward/track_lin_vel_xy_exp: 0.2988
     Episode_Reward/track_ang_vel_z_exp: 0.3650
            Episode_Reward/lin_vel_z_l2: -0.0230
           Episode_Reward/ang_vel_xy_l2: -0.0938
          Episode_Reward/dof_torques_l2: -0.0634
              Episode_Reward/dof_acc_l2: -0.0839
          Episode_Reward/action_rate_l2: -0.0737
           Episode_Reward/feet_air_time: -0.0211
     Episode_Reward/flat_orientation_l2: 0.0000
          Episode_Reward/dof_pos_limits: 0.0000
              Curriculum/terrain_levels: 0.7231
     Metrics/base_velocity/error_vel_xy: 1.2943
    Metrics/base_velocity/error_vel_yaw: 0.6012
           Episode_Termination/time_out: 0.5076
       Episode_Termination/base_contact: 0.4931
--------------------------------------------------------------------------------
                         Iteration time: 67.89s
                           Time elapsed: 01:31:40
                                    ETA: 13:18:20

################################################################################
[1m                          Learning iteration 103/1000                           [0m 

                            Total steps: 10223616 
                       Steps per second: 1447 
                        Collection time: 67.418s 
                          Learning time: 0.494s 
                        Mean value loss: 0.0110
                    Mean surrogate loss: -0.0060
                      Mean entropy loss: 10.7911
                            Mean reward: 6.12
                    Mean episode length: 757.72
                        Mean action std: 0.61
    Episode_Reward/track_lin_vel_xy_exp: 0.2936
     Episode_Reward/track_ang_vel_z_exp: 0.3313
            Episode_Reward/lin_vel_z_l2: -0.0220
           Episode_Reward/ang_vel_xy_l2: -0.0868
          Episode_Reward/dof_torques_l2: -0.0592
              Episode_Reward/dof_acc_l2: -0.0767
          Episode_Reward/action_rate_l2: -0.0682
           Episode_Reward/feet_air_time: -0.0199
     Episode_Reward/flat_orientation_l2: 0.0000
          Episode_Reward/dof_pos_limits: 0.0000
              Curriculum/terrain_levels: 0.7109
     Metrics/base_velocity/error_vel_xy: 1.1660
    Metrics/base_velocity/error_vel_yaw: 0.5796
           Episode_Termination/time_out: 0.5114
       Episode_Termination/base_contact: 0.4894
--------------------------------------------------------------------------------
                         Iteration time: 67.91s
                           Time elapsed: 01:32:48
                                    ETA: 13:19:32

################################################################################
[1m                          Learning iteration 104/1000                           [0m 

                            Total steps: 10321920 
                       Steps per second: 1446 
                        Collection time: 67.466s 
                          Learning time: 0.494s 
                        Mean value loss: 0.0152
                    Mean surrogate loss: -0.0052
                      Mean entropy loss: 10.7618
                            Mean reward: 7.85
                    Mean episode length: 872.30
                        Mean action std: 0.61
    Episode_Reward/track_lin_vel_xy_exp: 0.3529
     Episode_Reward/track_ang_vel_z_exp: 0.4062
            Episode_Reward/lin_vel_z_l2: -0.0220
           Episode_Reward/ang_vel_xy_l2: -0.1012
          Episode_Reward/dof_torques_l2: -0.0708
              Episode_Reward/dof_acc_l2: -0.0829
          Episode_Reward/action_rate_l2: -0.0803
           Episode_Reward/feet_air_time: -0.0234
     Episode_Reward/flat_orientation_l2: 0.0000
          Episode_Reward/dof_pos_limits: 0.0000
              Curriculum/terrain_levels: 0.6967
     Metrics/base_velocity/error_vel_xy: 1.3686
    Metrics/base_velocity/error_vel_yaw: 0.6480
           Episode_Termination/time_out: 0.5205
       Episode_Termination/base_contact: 0.4802
--------------------------------------------------------------------------------
                         Iteration time: 67.96s
                           Time elapsed: 01:33:56
                                    ETA: 13:20:41

################################################################################
[1m                          Learning iteration 105/1000                           [0m 

                            Total steps: 10420224 
                       Steps per second: 1465 
                        Collection time: 66.605s 
                          Learning time: 0.477s 
                        Mean value loss: 0.0138
                    Mean surrogate loss: -0.0058
                      Mean entropy loss: 10.7535
                            Mean reward: 6.38
                    Mean episode length: 770.15
                        Mean action std: 0.61
    Episode_Reward/track_lin_vel_xy_exp: 0.2930
     Episode_Reward/track_ang_vel_z_exp: 0.3735
            Episode_Reward/lin_vel_z_l2: -0.0213
           Episode_Reward/ang_vel_xy_l2: -0.0886
          Episode_Reward/dof_torques_l2: -0.0607
              Episode_Reward/dof_acc_l2: -0.0793
          Episode_Reward/action_rate_l2: -0.0720
           Episode_Reward/feet_air_time: -0.0205
     Episode_Reward/flat_orientation_l2: 0.0000
          Episode_Reward/dof_pos_limits: 0.0000
              Curriculum/terrain_levels: 0.6822
     Metrics/base_velocity/error_vel_xy: 1.3027
    Metrics/base_velocity/error_vel_yaw: 0.5366
           Episode_Termination/time_out: 0.5304
       Episode_Termination/base_contact: 0.4704
--------------------------------------------------------------------------------
                         Iteration time: 67.08s
                           Time elapsed: 01:35:03
                                    ETA: 13:21:40

################################################################################
[1m                          Learning iteration 106/1000                           [0m 

                            Total steps: 10518528 
                       Steps per second: 1451 
                        Collection time: 67.264s 
                          Learning time: 0.482s 
                        Mean value loss: 0.0167
                    Mean surrogate loss: -0.0062
                      Mean entropy loss: 10.7505
                            Mean reward: 8.23
                    Mean episode length: 862.69
                        Mean action std: 0.61
    Episode_Reward/track_lin_vel_xy_exp: 0.4007
     Episode_Reward/track_ang_vel_z_exp: 0.4160
            Episode_Reward/lin_vel_z_l2: -0.0216
           Episode_Reward/ang_vel_xy_l2: -0.0993
          Episode_Reward/dof_torques_l2: -0.0705
              Episode_Reward/dof_acc_l2: -0.0879
          Episode_Reward/action_rate_l2: -0.0807
           Episode_Reward/feet_air_time: -0.0237
     Episode_Reward/flat_orientation_l2: 0.0000
          Episode_Reward/dof_pos_limits: 0.0000
              Curriculum/terrain_levels: 0.6685
     Metrics/base_velocity/error_vel_xy: 1.2968
    Metrics/base_velocity/error_vel_yaw: 0.6275
           Episode_Termination/time_out: 0.5396
       Episode_Termination/base_contact: 0.4611
--------------------------------------------------------------------------------
                         Iteration time: 67.75s
                           Time elapsed: 01:36:10
                                    ETA: 13:22:43

################################################################################
[1m                          Learning iteration 107/1000                           [0m 

                            Total steps: 10616832 
                       Steps per second: 1447 
                        Collection time: 67.426s 
                          Learning time: 0.487s 
                        Mean value loss: 0.0174
                    Mean surrogate loss: -0.0059
                      Mean entropy loss: 10.7455
                            Mean reward: 8.41
                    Mean episode length: 831.21
                        Mean action std: 0.61
    Episode_Reward/track_lin_vel_xy_exp: 0.3849
     Episode_Reward/track_ang_vel_z_exp: 0.4092
            Episode_Reward/lin_vel_z_l2: -0.0216
           Episode_Reward/ang_vel_xy_l2: -0.0955
          Episode_Reward/dof_torques_l2: -0.0686
              Episode_Reward/dof_acc_l2: -0.0850
          Episode_Reward/action_rate_l2: -0.0785
           Episode_Reward/feet_air_time: -0.0223
     Episode_Reward/flat_orientation_l2: 0.0000
          Episode_Reward/dof_pos_limits: 0.0000
              Curriculum/terrain_levels: 0.6569
     Metrics/base_velocity/error_vel_xy: 1.2936
    Metrics/base_velocity/error_vel_yaw: 0.5848
           Episode_Termination/time_out: 0.5488
       Episode_Termination/base_contact: 0.4519
--------------------------------------------------------------------------------
                         Iteration time: 67.91s
                           Time elapsed: 01:37:18
                                    ETA: 13:23:44

################################################################################
[1m                          Learning iteration 108/1000                           [0m 

                            Total steps: 10715136 
                       Steps per second: 1455 
                        Collection time: 67.077s 
                          Learning time: 0.484s 
                        Mean value loss: 0.0131
                    Mean surrogate loss: -0.0059
                      Mean entropy loss: 10.7475
                            Mean reward: 6.84
                    Mean episode length: 783.46
                        Mean action std: 0.61
    Episode_Reward/track_lin_vel_xy_exp: 0.3383
     Episode_Reward/track_ang_vel_z_exp: 0.3717
            Episode_Reward/lin_vel_z_l2: -0.0216
           Episode_Reward/ang_vel_xy_l2: -0.0905
          Episode_Reward/dof_torques_l2: -0.0623
              Episode_Reward/dof_acc_l2: -0.0858
          Episode_Reward/action_rate_l2: -0.0739
           Episode_Reward/feet_air_time: -0.0208
     Episode_Reward/flat_orientation_l2: 0.0000
          Episode_Reward/dof_pos_limits: 0.0000
              Curriculum/terrain_levels: 0.6463
     Metrics/base_velocity/error_vel_xy: 1.2198
    Metrics/base_velocity/error_vel_yaw: 0.6065
           Episode_Termination/time_out: 0.5540
       Episode_Termination/base_contact: 0.4465
--------------------------------------------------------------------------------
                         Iteration time: 67.56s
                           Time elapsed: 01:38:26
                                    ETA: 13:24:41

################################################################################
[1m                          Learning iteration 109/1000                           [0m 

                            Total steps: 10813440 
                       Steps per second: 1459 
                        Collection time: 66.860s 
                          Learning time: 0.485s 
                        Mean value loss: 0.0130
                    Mean surrogate loss: -0.0053
                      Mean entropy loss: 10.7380
                            Mean reward: 7.32
                    Mean episode length: 828.15
                        Mean action std: 0.61
    Episode_Reward/track_lin_vel_xy_exp: 0.3716
     Episode_Reward/track_ang_vel_z_exp: 0.4017
            Episode_Reward/lin_vel_z_l2: -0.0223
           Episode_Reward/ang_vel_xy_l2: -0.0965
          Episode_Reward/dof_torques_l2: -0.0696
              Episode_Reward/dof_acc_l2: -0.0850
          Episode_Reward/action_rate_l2: -0.0780
           Episode_Reward/feet_air_time: -0.0220
     Episode_Reward/flat_orientation_l2: 0.0000
          Episode_Reward/dof_pos_limits: 0.0000
              Curriculum/terrain_levels: 0.6338
     Metrics/base_velocity/error_vel_xy: 1.2811
    Metrics/base_velocity/error_vel_yaw: 0.6024
           Episode_Termination/time_out: 0.5592
       Episode_Termination/base_contact: 0.4413
--------------------------------------------------------------------------------
                         Iteration time: 67.35s
                           Time elapsed: 01:39:33
                                    ETA: 13:25:33

################################################################################
[1m                          Learning iteration 110/1000                           [0m 

                            Total steps: 10911744 
                       Steps per second: 1465 
                        Collection time: 66.587s 
                          Learning time: 0.486s 
                        Mean value loss: 0.0147
                    Mean surrogate loss: -0.0068
                      Mean entropy loss: 10.7165
                            Mean reward: 8.26
                    Mean episode length: 836.37
                        Mean action std: 0.61
    Episode_Reward/track_lin_vel_xy_exp: 0.4061
     Episode_Reward/track_ang_vel_z_exp: 0.4291
            Episode_Reward/lin_vel_z_l2: -0.0216
           Episode_Reward/ang_vel_xy_l2: -0.0987
          Episode_Reward/dof_torques_l2: -0.0730
              Episode_Reward/dof_acc_l2: -0.0867
          Episode_Reward/action_rate_l2: -0.0811
           Episode_Reward/feet_air_time: -0.0233
     Episode_Reward/flat_orientation_l2: 0.0000
          Episode_Reward/dof_pos_limits: 0.0000
              Curriculum/terrain_levels: 0.6220
     Metrics/base_velocity/error_vel_xy: 1.3610
    Metrics/base_velocity/error_vel_yaw: 0.5914
           Episode_Termination/time_out: 0.5645
       Episode_Termination/base_contact: 0.4360
--------------------------------------------------------------------------------
                         Iteration time: 67.07s
                           Time elapsed: 01:40:40
                                    ETA: 13:26:21

################################################################################
[1m                          Learning iteration 111/1000                           [0m 

                            Total steps: 11010048 
                       Steps per second: 1466 
                        Collection time: 66.559s 
                          Learning time: 0.490s 
                        Mean value loss: 0.0115
                    Mean surrogate loss: -0.0062
                      Mean entropy loss: 10.7074
                            Mean reward: 8.49
                    Mean episode length: 828.38
                        Mean action std: 0.61
    Episode_Reward/track_lin_vel_xy_exp: 0.3897
     Episode_Reward/track_ang_vel_z_exp: 0.4199
            Episode_Reward/lin_vel_z_l2: -0.0222
           Episode_Reward/ang_vel_xy_l2: -0.0979
          Episode_Reward/dof_torques_l2: -0.0692
              Episode_Reward/dof_acc_l2: -0.0821
          Episode_Reward/action_rate_l2: -0.0783
           Episode_Reward/feet_air_time: -0.0217
     Episode_Reward/flat_orientation_l2: 0.0000
          Episode_Reward/dof_pos_limits: 0.0000
              Curriculum/terrain_levels: 0.6119
     Metrics/base_velocity/error_vel_xy: 1.2061
    Metrics/base_velocity/error_vel_yaw: 0.5569
           Episode_Termination/time_out: 0.5707
       Episode_Termination/base_contact: 0.4298
--------------------------------------------------------------------------------
                         Iteration time: 67.05s
                           Time elapsed: 01:41:47
                                    ETA: 13:27:07

################################################################################
[1m                          Learning iteration 112/1000                           [0m 

                            Total steps: 11108352 
                       Steps per second: 1467 
                        Collection time: 66.497s 
                          Learning time: 0.492s 
                        Mean value loss: 0.0138
                    Mean surrogate loss: -0.0050
                      Mean entropy loss: 10.6947
                            Mean reward: 6.95
                    Mean episode length: 818.79
                        Mean action std: 0.61
    Episode_Reward/track_lin_vel_xy_exp: 0.2788
     Episode_Reward/track_ang_vel_z_exp: 0.3980
            Episode_Reward/lin_vel_z_l2: -0.0216
           Episode_Reward/ang_vel_xy_l2: -0.0909
          Episode_Reward/dof_torques_l2: -0.0658
              Episode_Reward/dof_acc_l2: -0.0843
          Episode_Reward/action_rate_l2: -0.0758
           Episode_Reward/feet_air_time: -0.0214
     Episode_Reward/flat_orientation_l2: 0.0000
          Episode_Reward/dof_pos_limits: 0.0000
              Curriculum/terrain_levels: 0.6021
     Metrics/base_velocity/error_vel_xy: 1.3960
    Metrics/base_velocity/error_vel_yaw: 0.5689
           Episode_Termination/time_out: 0.5735
       Episode_Termination/base_contact: 0.4270
--------------------------------------------------------------------------------
                         Iteration time: 66.99s
                           Time elapsed: 01:42:54
                                    ETA: 13:27:50

################################################################################
[1m                          Learning iteration 113/1000                           [0m 

                            Total steps: 11206656 
                       Steps per second: 1480 
                        Collection time: 65.934s 
                          Learning time: 0.477s 
                        Mean value loss: 0.0136
                    Mean surrogate loss: -0.0054
                      Mean entropy loss: 10.6877
                            Mean reward: 7.63
                    Mean episode length: 841.71
                        Mean action std: 0.60
    Episode_Reward/track_lin_vel_xy_exp: 0.3404
     Episode_Reward/track_ang_vel_z_exp: 0.3894
            Episode_Reward/lin_vel_z_l2: -0.0225
           Episode_Reward/ang_vel_xy_l2: -0.0955
          Episode_Reward/dof_torques_l2: -0.0640
              Episode_Reward/dof_acc_l2: -0.0863
          Episode_Reward/action_rate_l2: -0.0757
           Episode_Reward/feet_air_time: -0.0226
     Episode_Reward/flat_orientation_l2: 0.0000
          Episode_Reward/dof_pos_limits: 0.0000
              Curriculum/terrain_levels: 0.5912
     Metrics/base_velocity/error_vel_xy: 1.2872
    Metrics/base_velocity/error_vel_yaw: 0.5923
           Episode_Termination/time_out: 0.5777
       Episode_Termination/base_contact: 0.4228
--------------------------------------------------------------------------------
                         Iteration time: 66.41s
                           Time elapsed: 01:44:01
                                    ETA: 13:28:27

################################################################################
[1m                          Learning iteration 114/1000                           [0m 

                            Total steps: 11304960 
                       Steps per second: 1480 
                        Collection time: 65.909s 
                          Learning time: 0.485s 
                        Mean value loss: 0.0172
                    Mean surrogate loss: -0.0057
                      Mean entropy loss: 10.6674
                            Mean reward: 8.01
                    Mean episode length: 899.99
                        Mean action std: 0.60
    Episode_Reward/track_lin_vel_xy_exp: 0.3441
     Episode_Reward/track_ang_vel_z_exp: 0.4448
            Episode_Reward/lin_vel_z_l2: -0.0226
           Episode_Reward/ang_vel_xy_l2: -0.1027
          Episode_Reward/dof_torques_l2: -0.0713
              Episode_Reward/dof_acc_l2: -0.0945
          Episode_Reward/action_rate_l2: -0.0841
           Episode_Reward/feet_air_time: -0.0254
     Episode_Reward/flat_orientation_l2: 0.0000
          Episode_Reward/dof_pos_limits: 0.0000
              Curriculum/terrain_levels: 0.5783
     Metrics/base_velocity/error_vel_xy: 1.4755
    Metrics/base_velocity/error_vel_yaw: 0.6200
           Episode_Termination/time_out: 0.5828
       Episode_Termination/base_contact: 0.4177
--------------------------------------------------------------------------------
                         Iteration time: 66.39s
                           Time elapsed: 01:45:07
                                    ETA: 13:29:01

################################################################################
[1m                          Learning iteration 115/1000                           [0m 

                            Total steps: 11403264 
                       Steps per second: 1486 
                        Collection time: 65.650s 
                          Learning time: 0.482s 
                        Mean value loss: 0.0145
                    Mean surrogate loss: -0.0056
                      Mean entropy loss: 10.6578
                            Mean reward: 7.80
                    Mean episode length: 881.09
                        Mean action std: 0.60
    Episode_Reward/track_lin_vel_xy_exp: 0.3627
     Episode_Reward/track_ang_vel_z_exp: 0.4374
            Episode_Reward/lin_vel_z_l2: -0.0220
           Episode_Reward/ang_vel_xy_l2: -0.1007
          Episode_Reward/dof_torques_l2: -0.0727
              Episode_Reward/dof_acc_l2: -0.0907
          Episode_Reward/action_rate_l2: -0.0829
           Episode_Reward/feet_air_time: -0.0244
     Episode_Reward/flat_orientation_l2: 0.0000
          Episode_Reward/dof_pos_limits: 0.0000
              Curriculum/terrain_levels: 0.5668
     Metrics/base_velocity/error_vel_xy: 1.3918
    Metrics/base_velocity/error_vel_yaw: 0.6254
           Episode_Termination/time_out: 0.5914
       Episode_Termination/base_contact: 0.4091
--------------------------------------------------------------------------------
                         Iteration time: 66.13s
                           Time elapsed: 01:46:13
                                    ETA: 13:29:33

################################################################################
[1m                          Learning iteration 116/1000                           [0m 

                            Total steps: 11501568 
                       Steps per second: 1491 
                        Collection time: 65.435s 
                          Learning time: 0.493s 
                        Mean value loss: 0.0153
                    Mean surrogate loss: -0.0059
                      Mean entropy loss: 10.6418
                            Mean reward: 8.87
                    Mean episode length: 837.34
                        Mean action std: 0.60
    Episode_Reward/track_lin_vel_xy_exp: 0.3956
     Episode_Reward/track_ang_vel_z_exp: 0.4175
            Episode_Reward/lin_vel_z_l2: -0.0223
           Episode_Reward/ang_vel_xy_l2: -0.0947
          Episode_Reward/dof_torques_l2: -0.0683
              Episode_Reward/dof_acc_l2: -0.0871
          Episode_Reward/action_rate_l2: -0.0787
           Episode_Reward/feet_air_time: -0.0230
     Episode_Reward/flat_orientation_l2: 0.0000
          Episode_Reward/dof_pos_limits: 0.0000
              Curriculum/terrain_levels: 0.5553
     Metrics/base_velocity/error_vel_xy: 1.3138
    Metrics/base_velocity/error_vel_yaw: 0.5824
           Episode_Termination/time_out: 0.5975
       Episode_Termination/base_contact: 0.4030
--------------------------------------------------------------------------------
                         Iteration time: 65.93s
                           Time elapsed: 01:47:19
                                    ETA: 13:30:01

################################################################################
[1m                          Learning iteration 117/1000                           [0m 

                            Total steps: 11599872 
                       Steps per second: 1487 
                        Collection time: 65.579s 
                          Learning time: 0.488s 
                        Mean value loss: 0.0159
                    Mean surrogate loss: -0.0067
                      Mean entropy loss: 10.6292
                            Mean reward: 9.12
                    Mean episode length: 858.49
                        Mean action std: 0.60
    Episode_Reward/track_lin_vel_xy_exp: 0.4072
     Episode_Reward/track_ang_vel_z_exp: 0.4402
            Episode_Reward/lin_vel_z_l2: -0.0222
           Episode_Reward/ang_vel_xy_l2: -0.0987
          Episode_Reward/dof_torques_l2: -0.0697
              Episode_Reward/dof_acc_l2: -0.0898
          Episode_Reward/action_rate_l2: -0.0806
           Episode_Reward/feet_air_time: -0.0239
     Episode_Reward/flat_orientation_l2: 0.0000
          Episode_Reward/dof_pos_limits: 0.0000
              Curriculum/terrain_levels: 0.5436
     Metrics/base_velocity/error_vel_xy: 1.2912
    Metrics/base_velocity/error_vel_yaw: 0.5550
           Episode_Termination/time_out: 0.6015
       Episode_Termination/base_contact: 0.3990
--------------------------------------------------------------------------------
                         Iteration time: 66.07s
                           Time elapsed: 01:48:25
                                    ETA: 13:30:28

################################################################################
[1m                          Learning iteration 118/1000                           [0m 

                            Total steps: 11698176 
                       Steps per second: 1495 
                        Collection time: 65.222s 
                          Learning time: 0.491s 
                        Mean value loss: 0.0166
                    Mean surrogate loss: -0.0055
                      Mean entropy loss: 10.6257
                            Mean reward: 8.91
                    Mean episode length: 867.37
                        Mean action std: 0.60
    Episode_Reward/track_lin_vel_xy_exp: 0.4150
     Episode_Reward/track_ang_vel_z_exp: 0.4407
            Episode_Reward/lin_vel_z_l2: -0.0232
           Episode_Reward/ang_vel_xy_l2: -0.1033
          Episode_Reward/dof_torques_l2: -0.0727
              Episode_Reward/dof_acc_l2: -0.0903
          Episode_Reward/action_rate_l2: -0.0835
           Episode_Reward/feet_air_time: -0.0252
     Episode_Reward/flat_orientation_l2: 0.0000
          Episode_Reward/dof_pos_limits: 0.0000
              Curriculum/terrain_levels: 0.5339
     Metrics/base_velocity/error_vel_xy: 1.3305
    Metrics/base_velocity/error_vel_yaw: 0.6250
           Episode_Termination/time_out: 0.6035
       Episode_Termination/base_contact: 0.3968
--------------------------------------------------------------------------------
                         Iteration time: 65.71s
                           Time elapsed: 01:49:31
                                    ETA: 13:30:51

################################################################################
[1m                          Learning iteration 119/1000                           [0m 

                            Total steps: 11796480 
                       Steps per second: 1501 
                        Collection time: 65.008s 
                          Learning time: 0.480s 
                        Mean value loss: 0.0141
                    Mean surrogate loss: -0.0068
                      Mean entropy loss: 10.6115
                            Mean reward: 8.08
                    Mean episode length: 881.10
                        Mean action std: 0.60
    Episode_Reward/track_lin_vel_xy_exp: 0.3880
     Episode_Reward/track_ang_vel_z_exp: 0.4514
            Episode_Reward/lin_vel_z_l2: -0.0218
           Episode_Reward/ang_vel_xy_l2: -0.0993
          Episode_Reward/dof_torques_l2: -0.0732
              Episode_Reward/dof_acc_l2: -0.0927
          Episode_Reward/action_rate_l2: -0.0838
           Episode_Reward/feet_air_time: -0.0249
     Episode_Reward/flat_orientation_l2: 0.0000
          Episode_Reward/dof_pos_limits: 0.0000
              Curriculum/terrain_levels: 0.5224
     Metrics/base_velocity/error_vel_xy: 1.4364
    Metrics/base_velocity/error_vel_yaw: 0.6045
           Episode_Termination/time_out: 0.6098
       Episode_Termination/base_contact: 0.3905
--------------------------------------------------------------------------------
                         Iteration time: 65.49s
                           Time elapsed: 01:50:37
                                    ETA: 13:31:11

################################################################################
[1m                          Learning iteration 120/1000                           [0m 

                            Total steps: 11894784 
                       Steps per second: 1499 
                        Collection time: 65.096s 
                          Learning time: 0.482s 
                        Mean value loss: 0.0149
                    Mean surrogate loss: -0.0057
                      Mean entropy loss: 10.5820
                            Mean reward: 8.18
                    Mean episode length: 907.89
                        Mean action std: 0.60
    Episode_Reward/track_lin_vel_xy_exp: 0.3581
     Episode_Reward/track_ang_vel_z_exp: 0.4595
            Episode_Reward/lin_vel_z_l2: -0.0217
           Episode_Reward/ang_vel_xy_l2: -0.0962
          Episode_Reward/dof_torques_l2: -0.0691
              Episode_Reward/dof_acc_l2: -0.0937
          Episode_Reward/action_rate_l2: -0.0830
           Episode_Reward/feet_air_time: -0.0245
     Episode_Reward/flat_orientation_l2: 0.0000
          Episode_Reward/dof_pos_limits: 0.0000
              Curriculum/terrain_levels: 0.5093
     Metrics/base_velocity/error_vel_xy: 1.5146
    Metrics/base_velocity/error_vel_yaw: 0.5681
           Episode_Termination/time_out: 0.6189
       Episode_Termination/base_contact: 0.3813
--------------------------------------------------------------------------------
                         Iteration time: 65.58s
                           Time elapsed: 01:51:42
                                    ETA: 13:31:30

################################################################################
[1m                          Learning iteration 121/1000                           [0m 

                            Total steps: 11993088 
                       Steps per second: 1493 
                        Collection time: 65.321s 
                          Learning time: 0.483s 
                        Mean value loss: 0.0157
                    Mean surrogate loss: -0.0061
                      Mean entropy loss: 10.5678
                            Mean reward: 8.34
                    Mean episode length: 889.43
                        Mean action std: 0.60
    Episode_Reward/track_lin_vel_xy_exp: 0.3735
     Episode_Reward/track_ang_vel_z_exp: 0.4591
            Episode_Reward/lin_vel_z_l2: -0.0225
           Episode_Reward/ang_vel_xy_l2: -0.1004
          Episode_Reward/dof_torques_l2: -0.0733
              Episode_Reward/dof_acc_l2: -0.0925
          Episode_Reward/action_rate_l2: -0.0836
           Episode_Reward/feet_air_time: -0.0245
     Episode_Reward/flat_orientation_l2: 0.0000
          Episode_Reward/dof_pos_limits: 0.0000
              Curriculum/terrain_levels: 0.4985
     Metrics/base_velocity/error_vel_xy: 1.4288
    Metrics/base_velocity/error_vel_yaw: 0.5851
           Episode_Termination/time_out: 0.6282
       Episode_Termination/base_contact: 0.3721
--------------------------------------------------------------------------------
                         Iteration time: 65.80s
                           Time elapsed: 01:52:48
                                    ETA: 13:31:50

################################################################################
[1m                          Learning iteration 122/1000                           [0m 

                            Total steps: 12091392 
                       Steps per second: 1493 
                        Collection time: 65.322s 
                          Learning time: 0.480s 
                        Mean value loss: 0.0155
                    Mean surrogate loss: -0.0060
                      Mean entropy loss: 10.5558
                            Mean reward: 9.31
                    Mean episode length: 921.91
                        Mean action std: 0.60
    Episode_Reward/track_lin_vel_xy_exp: 0.3997
     Episode_Reward/track_ang_vel_z_exp: 0.4597
            Episode_Reward/lin_vel_z_l2: -0.0224
           Episode_Reward/ang_vel_xy_l2: -0.1005
          Episode_Reward/dof_torques_l2: -0.0750
              Episode_Reward/dof_acc_l2: -0.0961
          Episode_Reward/action_rate_l2: -0.0863
           Episode_Reward/feet_air_time: -0.0258
     Episode_Reward/flat_orientation_l2: 0.0000
          Episode_Reward/dof_pos_limits: 0.0000
              Curriculum/terrain_levels: 0.4911
     Metrics/base_velocity/error_vel_xy: 1.4833
    Metrics/base_velocity/error_vel_yaw: 0.6407
           Episode_Termination/time_out: 0.6359
       Episode_Termination/base_contact: 0.3643
--------------------------------------------------------------------------------
                         Iteration time: 65.80s
                           Time elapsed: 01:53:54
                                    ETA: 13:32:08

################################################################################
[1m                          Learning iteration 123/1000                           [0m 

                            Total steps: 12189696 
                       Steps per second: 1497 
                        Collection time: 65.165s 
                          Learning time: 0.482s 
                        Mean value loss: 0.0138
                    Mean surrogate loss: -0.0058
                      Mean entropy loss: 10.5198
                            Mean reward: 8.11
                    Mean episode length: 861.02
                        Mean action std: 0.60
    Episode_Reward/track_lin_vel_xy_exp: 0.3340
     Episode_Reward/track_ang_vel_z_exp: 0.4371
            Episode_Reward/lin_vel_z_l2: -0.0221
           Episode_Reward/ang_vel_xy_l2: -0.0955
          Episode_Reward/dof_torques_l2: -0.0677
              Episode_Reward/dof_acc_l2: -0.0878
          Episode_Reward/action_rate_l2: -0.0797
           Episode_Reward/feet_air_time: -0.0240
     Episode_Reward/flat_orientation_l2: 0.0000
          Episode_Reward/dof_pos_limits: 0.0000
              Curriculum/terrain_levels: 0.4846
     Metrics/base_velocity/error_vel_xy: 1.4694
    Metrics/base_velocity/error_vel_yaw: 0.5579
           Episode_Termination/time_out: 0.6435
       Episode_Termination/base_contact: 0.3567
--------------------------------------------------------------------------------
                         Iteration time: 65.65s
                           Time elapsed: 01:54:59
                                    ETA: 13:32:24

################################################################################
[1m                          Learning iteration 124/1000                           [0m 

                            Total steps: 12288000 
                       Steps per second: 1514 
                        Collection time: 64.428s 
                          Learning time: 0.487s 
                        Mean value loss: 0.0138
                    Mean surrogate loss: -0.0068
                      Mean entropy loss: 10.4936
                            Mean reward: 9.18
                    Mean episode length: 902.50
                        Mean action std: 0.60
    Episode_Reward/track_lin_vel_xy_exp: 0.4420
     Episode_Reward/track_ang_vel_z_exp: 0.4624
            Episode_Reward/lin_vel_z_l2: -0.0232
           Episode_Reward/ang_vel_xy_l2: -0.1027
          Episode_Reward/dof_torques_l2: -0.0747
              Episode_Reward/dof_acc_l2: -0.0962
          Episode_Reward/action_rate_l2: -0.0853
           Episode_Reward/feet_air_time: -0.0267
     Episode_Reward/flat_orientation_l2: 0.0000
          Episode_Reward/dof_pos_limits: 0.0000
              Curriculum/terrain_levels: 0.4765
     Metrics/base_velocity/error_vel_xy: 1.2690
    Metrics/base_velocity/error_vel_yaw: 0.5931
           Episode_Termination/time_out: 0.6488
       Episode_Termination/base_contact: 0.3515
--------------------------------------------------------------------------------
                         Iteration time: 64.92s
                           Time elapsed: 01:56:04
                                    ETA: 13:32:33

################################################################################
[1m                          Learning iteration 125/1000                           [0m 

                            Total steps: 12386304 
                       Steps per second: 1515 
                        Collection time: 64.388s 
                          Learning time: 0.483s 
                        Mean value loss: 0.0127
                    Mean surrogate loss: -0.0055
                      Mean entropy loss: 10.4716
                            Mean reward: 8.06
                    Mean episode length: 868.25
                        Mean action std: 0.59
    Episode_Reward/track_lin_vel_xy_exp: 0.3422
     Episode_Reward/track_ang_vel_z_exp: 0.4457
            Episode_Reward/lin_vel_z_l2: -0.0220
           Episode_Reward/ang_vel_xy_l2: -0.0928
          Episode_Reward/dof_torques_l2: -0.0681
              Episode_Reward/dof_acc_l2: -0.0883
          Episode_Reward/action_rate_l2: -0.0798
           Episode_Reward/feet_air_time: -0.0233
     Episode_Reward/flat_orientation_l2: 0.0000
          Episode_Reward/dof_pos_limits: 0.0000
              Curriculum/terrain_levels: 0.4674
     Metrics/base_velocity/error_vel_xy: 1.4723
    Metrics/base_velocity/error_vel_yaw: 0.5488
           Episode_Termination/time_out: 0.6533
       Episode_Termination/base_contact: 0.3469
--------------------------------------------------------------------------------
                         Iteration time: 64.87s
                           Time elapsed: 01:57:09
                                    ETA: 13:32:41

################################################################################
[1m                          Learning iteration 126/1000                           [0m 

                            Total steps: 12484608 
                       Steps per second: 1513 
                        Collection time: 64.467s 
                          Learning time: 0.493s 
                        Mean value loss: 0.0151
                    Mean surrogate loss: -0.0057
                      Mean entropy loss: 10.4487
                            Mean reward: 9.36
                    Mean episode length: 925.71
                        Mean action std: 0.59
    Episode_Reward/track_lin_vel_xy_exp: 0.3647
     Episode_Reward/track_ang_vel_z_exp: 0.4863
            Episode_Reward/lin_vel_z_l2: -0.0218
           Episode_Reward/ang_vel_xy_l2: -0.0981
          Episode_Reward/dof_torques_l2: -0.0722
              Episode_Reward/dof_acc_l2: -0.0981
          Episode_Reward/action_rate_l2: -0.0859
           Episode_Reward/feet_air_time: -0.0255
     Episode_Reward/flat_orientation_l2: 0.0000
          Episode_Reward/dof_pos_limits: 0.0000
              Curriculum/terrain_levels: 0.4599
     Metrics/base_velocity/error_vel_xy: 1.5639
    Metrics/base_velocity/error_vel_yaw: 0.5726
           Episode_Termination/time_out: 0.6589
       Episode_Termination/base_contact: 0.3413
--------------------------------------------------------------------------------
                         Iteration time: 64.96s
                           Time elapsed: 01:58:14
                                    ETA: 13:32:48

################################################################################
[1m                          Learning iteration 127/1000                           [0m 

                            Total steps: 12582912 
                       Steps per second: 1520 
                        Collection time: 64.171s 
                          Learning time: 0.487s 
                        Mean value loss: 0.0144
                    Mean surrogate loss: -0.0067
                      Mean entropy loss: 10.4315
                            Mean reward: 10.28
                    Mean episode length: 893.72
                        Mean action std: 0.59
    Episode_Reward/track_lin_vel_xy_exp: 0.4258
     Episode_Reward/track_ang_vel_z_exp: 0.4406
            Episode_Reward/lin_vel_z_l2: -0.0222
           Episode_Reward/ang_vel_xy_l2: -0.0961
          Episode_Reward/dof_torques_l2: -0.0663
              Episode_Reward/dof_acc_l2: -0.0884
          Episode_Reward/action_rate_l2: -0.0793
           Episode_Reward/feet_air_time: -0.0237
     Episode_Reward/flat_orientation_l2: 0.0000
          Episode_Reward/dof_pos_limits: 0.0000
              Curriculum/terrain_levels: 0.4514
     Metrics/base_velocity/error_vel_xy: 1.2936
    Metrics/base_velocity/error_vel_yaw: 0.5270
           Episode_Termination/time_out: 0.6657
       Episode_Termination/base_contact: 0.3345
--------------------------------------------------------------------------------
                         Iteration time: 64.66s
                           Time elapsed: 01:59:19
                                    ETA: 13:32:52

################################################################################
[1m                          Learning iteration 128/1000                           [0m 

                            Total steps: 12681216 
                       Steps per second: 1519 
                        Collection time: 64.209s 
                          Learning time: 0.479s 
                        Mean value loss: 0.0149
                    Mean surrogate loss: -0.0055
                      Mean entropy loss: 10.4263
                            Mean reward: 9.87
                    Mean episode length: 931.53
                        Mean action std: 0.59
    Episode_Reward/track_lin_vel_xy_exp: 0.4260
     Episode_Reward/track_ang_vel_z_exp: 0.4737
            Episode_Reward/lin_vel_z_l2: -0.0230
           Episode_Reward/ang_vel_xy_l2: -0.1016
          Episode_Reward/dof_torques_l2: -0.0725
              Episode_Reward/dof_acc_l2: -0.0982
          Episode_Reward/action_rate_l2: -0.0859
           Episode_Reward/feet_air_time: -0.0252
     Episode_Reward/flat_orientation_l2: 0.0000
          Episode_Reward/dof_pos_limits: 0.0000
              Curriculum/terrain_levels: 0.4422
     Metrics/base_velocity/error_vel_xy: 1.4776
    Metrics/base_velocity/error_vel_yaw: 0.6122
           Episode_Termination/time_out: 0.6725
       Episode_Termination/base_contact: 0.3275
--------------------------------------------------------------------------------
                         Iteration time: 64.69s
                           Time elapsed: 02:00:23
                                    ETA: 13:32:55

################################################################################
[1m                          Learning iteration 129/1000                           [0m 

                            Total steps: 12779520 
                       Steps per second: 1519 
                        Collection time: 64.200s 
                          Learning time: 0.484s 
                        Mean value loss: 0.0152
                    Mean surrogate loss: -0.0059
                      Mean entropy loss: 10.4288
                            Mean reward: 9.83
                    Mean episode length: 952.36
                        Mean action std: 0.59
    Episode_Reward/track_lin_vel_xy_exp: 0.4333
     Episode_Reward/track_ang_vel_z_exp: 0.4948
            Episode_Reward/lin_vel_z_l2: -0.0219
           Episode_Reward/ang_vel_xy_l2: -0.1030
          Episode_Reward/dof_torques_l2: -0.0757
              Episode_Reward/dof_acc_l2: -0.0997
          Episode_Reward/action_rate_l2: -0.0886
           Episode_Reward/feet_air_time: -0.0265
     Episode_Reward/flat_orientation_l2: 0.0000
          Episode_Reward/dof_pos_limits: 0.0000
              Curriculum/terrain_levels: 0.4340
     Metrics/base_velocity/error_vel_xy: 1.4419
    Metrics/base_velocity/error_vel_yaw: 0.5964
           Episode_Termination/time_out: 0.6806
       Episode_Termination/base_contact: 0.3194
--------------------------------------------------------------------------------
                         Iteration time: 64.68s
                           Time elapsed: 02:01:28
                                    ETA: 13:32:57

################################################################################
[1m                          Learning iteration 130/1000                           [0m 

                            Total steps: 12877824 
                       Steps per second: 1520 
                        Collection time: 64.158s 
                          Learning time: 0.489s 
                        Mean value loss: 0.0146
                    Mean surrogate loss: -0.0057
                      Mean entropy loss: 10.4104
                            Mean reward: 10.04
                    Mean episode length: 931.99
                        Mean action std: 0.59
    Episode_Reward/track_lin_vel_xy_exp: 0.4609
     Episode_Reward/track_ang_vel_z_exp: 0.4857
            Episode_Reward/lin_vel_z_l2: -0.0228
           Episode_Reward/ang_vel_xy_l2: -0.0981
          Episode_Reward/dof_torques_l2: -0.0738
              Episode_Reward/dof_acc_l2: -0.0996
          Episode_Reward/action_rate_l2: -0.0860
           Episode_Reward/feet_air_time: -0.0261
     Episode_Reward/flat_orientation_l2: 0.0000
          Episode_Reward/dof_pos_limits: 0.0000
              Curriculum/terrain_levels: 0.4250
     Metrics/base_velocity/error_vel_xy: 1.4534
    Metrics/base_velocity/error_vel_yaw: 0.5710
           Episode_Termination/time_out: 0.6883
       Episode_Termination/base_contact: 0.3117
--------------------------------------------------------------------------------
                         Iteration time: 64.65s
                           Time elapsed: 02:02:33
                                    ETA: 13:32:58

################################################################################
[1m                          Learning iteration 131/1000                           [0m 

                            Total steps: 12976128 
                       Steps per second: 1524 
                        Collection time: 63.988s 
                          Learning time: 0.484s 
                        Mean value loss: 0.0164
                    Mean surrogate loss: -0.0060
                      Mean entropy loss: 10.3885
                            Mean reward: 9.93
                    Mean episode length: 929.55
                        Mean action std: 0.59
    Episode_Reward/track_lin_vel_xy_exp: 0.3916
     Episode_Reward/track_ang_vel_z_exp: 0.4750
            Episode_Reward/lin_vel_z_l2: -0.0225
           Episode_Reward/ang_vel_xy_l2: -0.0976
          Episode_Reward/dof_torques_l2: -0.0692
              Episode_Reward/dof_acc_l2: -0.0958
          Episode_Reward/action_rate_l2: -0.0843
           Episode_Reward/feet_air_time: -0.0251
     Episode_Reward/flat_orientation_l2: 0.0000
          Episode_Reward/dof_pos_limits: 0.0000
              Curriculum/terrain_levels: 0.4171
     Metrics/base_velocity/error_vel_xy: 1.4596
    Metrics/base_velocity/error_vel_yaw: 0.5602
           Episode_Termination/time_out: 0.6938
       Episode_Termination/base_contact: 0.3062
--------------------------------------------------------------------------------
                         Iteration time: 64.47s
                           Time elapsed: 02:03:37
                                    ETA: 13:32:57

################################################################################
[1m                          Learning iteration 132/1000                           [0m 

                            Total steps: 13074432 
                       Steps per second: 1512 
                        Collection time: 64.522s 
                          Learning time: 0.480s 
                        Mean value loss: 0.0151
                    Mean surrogate loss: -0.0060
                      Mean entropy loss: 10.3829
                            Mean reward: 9.03
                    Mean episode length: 920.15
                        Mean action std: 0.59
    Episode_Reward/track_lin_vel_xy_exp: 0.3855
     Episode_Reward/track_ang_vel_z_exp: 0.4766
            Episode_Reward/lin_vel_z_l2: -0.0221
           Episode_Reward/ang_vel_xy_l2: -0.0962
          Episode_Reward/dof_torques_l2: -0.0715
              Episode_Reward/dof_acc_l2: -0.0942
          Episode_Reward/action_rate_l2: -0.0841
           Episode_Reward/feet_air_time: -0.0251
     Episode_Reward/flat_orientation_l2: 0.0000
          Episode_Reward/dof_pos_limits: 0.0000
              Curriculum/terrain_levels: 0.4087
     Metrics/base_velocity/error_vel_xy: 1.5309
    Metrics/base_velocity/error_vel_yaw: 0.5647
           Episode_Termination/time_out: 0.6982
       Episode_Termination/base_contact: 0.3018
--------------------------------------------------------------------------------
                         Iteration time: 65.00s
                           Time elapsed: 02:04:42
                                    ETA: 13:32:58

################################################################################
[1m                          Learning iteration 133/1000                           [0m 

                            Total steps: 13172736 
                       Steps per second: 1533 
                        Collection time: 63.637s 
                          Learning time: 0.481s 
                        Mean value loss: 0.0158
                    Mean surrogate loss: -0.0060
                      Mean entropy loss: 10.3701
                            Mean reward: 10.27
                    Mean episode length: 938.64
                        Mean action std: 0.59
    Episode_Reward/track_lin_vel_xy_exp: 0.4391
     Episode_Reward/track_ang_vel_z_exp: 0.4993
            Episode_Reward/lin_vel_z_l2: -0.0239
           Episode_Reward/ang_vel_xy_l2: -0.1045
          Episode_Reward/dof_torques_l2: -0.0771
              Episode_Reward/dof_acc_l2: -0.0995
          Episode_Reward/action_rate_l2: -0.0887
           Episode_Reward/feet_air_time: -0.0261
     Episode_Reward/flat_orientation_l2: 0.0000
          Episode_Reward/dof_pos_limits: 0.0000
              Curriculum/terrain_levels: 0.4014
     Metrics/base_velocity/error_vel_xy: 1.5177
    Metrics/base_velocity/error_vel_yaw: 0.5769
           Episode_Termination/time_out: 0.7038
       Episode_Termination/base_contact: 0.2962
--------------------------------------------------------------------------------
                         Iteration time: 64.12s
                           Time elapsed: 02:05:46
                                    ETA: 13:32:53

################################################################################
[1m                          Learning iteration 134/1000                           [0m 

                            Total steps: 13271040 
                       Steps per second: 1532 
                        Collection time: 63.652s 
                          Learning time: 0.479s 
                        Mean value loss: 0.0161
                    Mean surrogate loss: -0.0061
                      Mean entropy loss: 10.3531
                            Mean reward: 10.61
                    Mean episode length: 955.17
                        Mean action std: 0.59
    Episode_Reward/track_lin_vel_xy_exp: 0.4503
     Episode_Reward/track_ang_vel_z_exp: 0.5022
            Episode_Reward/lin_vel_z_l2: -0.0238
           Episode_Reward/ang_vel_xy_l2: -0.1027
          Episode_Reward/dof_torques_l2: -0.0742
              Episode_Reward/dof_acc_l2: -0.1039
          Episode_Reward/action_rate_l2: -0.0893
           Episode_Reward/feet_air_time: -0.0276
     Episode_Reward/flat_orientation_l2: 0.0000
          Episode_Reward/dof_pos_limits: 0.0000
              Curriculum/terrain_levels: 0.3956
     Metrics/base_velocity/error_vel_xy: 1.5019
    Metrics/base_velocity/error_vel_yaw: 0.5913
           Episode_Termination/time_out: 0.7103
       Episode_Termination/base_contact: 0.2897
--------------------------------------------------------------------------------
                         Iteration time: 64.13s
                           Time elapsed: 02:06:51
                                    ETA: 13:32:46

################################################################################
[1m                          Learning iteration 135/1000                           [0m 

                            Total steps: 13369344 
                       Steps per second: 1539 
                        Collection time: 63.358s 
                          Learning time: 0.479s 
                        Mean value loss: 0.0142
                    Mean surrogate loss: -0.0055
                      Mean entropy loss: 10.3388
                            Mean reward: 10.37
                    Mean episode length: 930.39
                        Mean action std: 0.59
    Episode_Reward/track_lin_vel_xy_exp: 0.4304
     Episode_Reward/track_ang_vel_z_exp: 0.4696
            Episode_Reward/lin_vel_z_l2: -0.0244
           Episode_Reward/ang_vel_xy_l2: -0.1008
          Episode_Reward/dof_torques_l2: -0.0719
              Episode_Reward/dof_acc_l2: -0.0976
          Episode_Reward/action_rate_l2: -0.0841
           Episode_Reward/feet_air_time: -0.0261
     Episode_Reward/flat_orientation_l2: 0.0000
          Episode_Reward/dof_pos_limits: 0.0000
              Curriculum/terrain_levels: 0.3880
     Metrics/base_velocity/error_vel_xy: 1.3658
    Metrics/base_velocity/error_vel_yaw: 0.5566
           Episode_Termination/time_out: 0.7159
       Episode_Termination/base_contact: 0.2841
--------------------------------------------------------------------------------
                         Iteration time: 63.84s
                           Time elapsed: 02:07:54
                                    ETA: 13:32:37

################################################################################
[1m                          Learning iteration 136/1000                           [0m 

                            Total steps: 13467648 
                       Steps per second: 1537 
                        Collection time: 63.445s 
                          Learning time: 0.486s 
                        Mean value loss: 0.0166
                    Mean surrogate loss: -0.0053
                      Mean entropy loss: 10.3354
                            Mean reward: 8.99
                    Mean episode length: 954.13
                        Mean action std: 0.59
    Episode_Reward/track_lin_vel_xy_exp: 0.3896
     Episode_Reward/track_ang_vel_z_exp: 0.4944
            Episode_Reward/lin_vel_z_l2: -0.0230
           Episode_Reward/ang_vel_xy_l2: -0.1006
          Episode_Reward/dof_torques_l2: -0.0748
              Episode_Reward/dof_acc_l2: -0.1025
          Episode_Reward/action_rate_l2: -0.0891
           Episode_Reward/feet_air_time: -0.0274
     Episode_Reward/flat_orientation_l2: 0.0000
          Episode_Reward/dof_pos_limits: 0.0000
              Curriculum/terrain_levels: 0.3818
     Metrics/base_velocity/error_vel_xy: 1.6077
    Metrics/base_velocity/error_vel_yaw: 0.6314
           Episode_Termination/time_out: 0.7239
       Episode_Termination/base_contact: 0.2761
--------------------------------------------------------------------------------
                         Iteration time: 63.93s
                           Time elapsed: 02:08:58
                                    ETA: 13:32:28

################################################################################
[1m                          Learning iteration 137/1000                           [0m 

                            Total steps: 13565952 
                       Steps per second: 1524 
                        Collection time: 63.986s 
                          Learning time: 0.483s 
                        Mean value loss: 0.0156
                    Mean surrogate loss: -0.0060
                      Mean entropy loss: 10.3430
                            Mean reward: 9.23
                    Mean episode length: 934.16
                        Mean action std: 0.59
    Episode_Reward/track_lin_vel_xy_exp: 0.3732
     Episode_Reward/track_ang_vel_z_exp: 0.4961
            Episode_Reward/lin_vel_z_l2: -0.0237
           Episode_Reward/ang_vel_xy_l2: -0.1000
          Episode_Reward/dof_torques_l2: -0.0727
              Episode_Reward/dof_acc_l2: -0.0983
          Episode_Reward/action_rate_l2: -0.0867
           Episode_Reward/feet_air_time: -0.0268
     Episode_Reward/flat_orientation_l2: 0.0000
          Episode_Reward/dof_pos_limits: 0.0000
              Curriculum/terrain_levels: 0.3761
     Metrics/base_velocity/error_vel_xy: 1.5268
    Metrics/base_velocity/error_vel_yaw: 0.5624
           Episode_Termination/time_out: 0.7297
       Episode_Termination/base_contact: 0.2703
--------------------------------------------------------------------------------
                         Iteration time: 64.47s
                           Time elapsed: 02:10:03
                                    ETA: 13:32:22

################################################################################
[1m                          Learning iteration 138/1000                           [0m 

                            Total steps: 13664256 
                       Steps per second: 1533 
                        Collection time: 63.614s 
                          Learning time: 0.490s 
                        Mean value loss: 0.0151
                    Mean surrogate loss: -0.0070
                      Mean entropy loss: 10.3257
                            Mean reward: 10.49
                    Mean episode length: 921.50
                        Mean action std: 0.59
    Episode_Reward/track_lin_vel_xy_exp: 0.4410
     Episode_Reward/track_ang_vel_z_exp: 0.4849
            Episode_Reward/lin_vel_z_l2: -0.0244
           Episode_Reward/ang_vel_xy_l2: -0.1016
          Episode_Reward/dof_torques_l2: -0.0728
              Episode_Reward/dof_acc_l2: -0.1011
          Episode_Reward/action_rate_l2: -0.0862
           Episode_Reward/feet_air_time: -0.0272
     Episode_Reward/flat_orientation_l2: 0.0000
          Episode_Reward/dof_pos_limits: 0.0000
              Curriculum/terrain_levels: 0.3693
     Metrics/base_velocity/error_vel_xy: 1.4617
    Metrics/base_velocity/error_vel_yaw: 0.5731
           Episode_Termination/time_out: 0.7369
       Episode_Termination/base_contact: 0.2631
--------------------------------------------------------------------------------
                         Iteration time: 64.10s
                           Time elapsed: 02:11:07
                                    ETA: 13:32:12

################################################################################
[1m                          Learning iteration 139/1000                           [0m 

                            Total steps: 13762560 
                       Steps per second: 1540 
                        Collection time: 63.346s 
                          Learning time: 0.478s 
                        Mean value loss: 0.0183
                    Mean surrogate loss: -0.0064
                      Mean entropy loss: 10.3220
                            Mean reward: 10.53
                    Mean episode length: 944.62
                        Mean action std: 0.59
    Episode_Reward/track_lin_vel_xy_exp: 0.4608
     Episode_Reward/track_ang_vel_z_exp: 0.4836
            Episode_Reward/lin_vel_z_l2: -0.0236
           Episode_Reward/ang_vel_xy_l2: -0.1006
          Episode_Reward/dof_torques_l2: -0.0730
              Episode_Reward/dof_acc_l2: -0.1016
          Episode_Reward/action_rate_l2: -0.0870
           Episode_Reward/feet_air_time: -0.0263
     Episode_Reward/flat_orientation_l2: 0.0000
          Episode_Reward/dof_pos_limits: 0.0000
              Curriculum/terrain_levels: 0.3643
     Metrics/base_velocity/error_vel_xy: 1.4649
    Metrics/base_velocity/error_vel_yaw: 0.5935
           Episode_Termination/time_out: 0.7459
       Episode_Termination/base_contact: 0.2541
--------------------------------------------------------------------------------
                         Iteration time: 63.82s
                           Time elapsed: 02:12:11
                                    ETA: 13:32:00

################################################################################
[1m                          Learning iteration 140/1000                           [0m 

                            Total steps: 13860864 
                       Steps per second: 1546 
                        Collection time: 63.076s 
                          Learning time: 0.482s 
                        Mean value loss: 0.0169
                    Mean surrogate loss: -0.0060
                      Mean entropy loss: 10.3130
                            Mean reward: 9.55
                    Mean episode length: 965.48
                        Mean action std: 0.59
    Episode_Reward/track_lin_vel_xy_exp: 0.3916
     Episode_Reward/track_ang_vel_z_exp: 0.5122
            Episode_Reward/lin_vel_z_l2: -0.0229
           Episode_Reward/ang_vel_xy_l2: -0.0982
          Episode_Reward/dof_torques_l2: -0.0718
              Episode_Reward/dof_acc_l2: -0.1044
          Episode_Reward/action_rate_l2: -0.0880
           Episode_Reward/feet_air_time: -0.0262
     Episode_Reward/flat_orientation_l2: 0.0000
          Episode_Reward/dof_pos_limits: 0.0000
              Curriculum/terrain_levels: 0.3568
     Metrics/base_velocity/error_vel_xy: 1.5855
    Metrics/base_velocity/error_vel_yaw: 0.5687
           Episode_Termination/time_out: 0.7535
       Episode_Termination/base_contact: 0.2465
--------------------------------------------------------------------------------
                         Iteration time: 63.56s
                           Time elapsed: 02:13:14
                                    ETA: 13:31:45

################################################################################
[1m                          Learning iteration 141/1000                           [0m 

                            Total steps: 13959168 
                       Steps per second: 1545 
                        Collection time: 63.122s 
                          Learning time: 0.486s 
                        Mean value loss: 0.0163
                    Mean surrogate loss: -0.0063
                      Mean entropy loss: 10.2944
                            Mean reward: 10.36
                    Mean episode length: 943.07
                        Mean action std: 0.59
    Episode_Reward/track_lin_vel_xy_exp: 0.4294
     Episode_Reward/track_ang_vel_z_exp: 0.4993
            Episode_Reward/lin_vel_z_l2: -0.0242
           Episode_Reward/ang_vel_xy_l2: -0.1022
          Episode_Reward/dof_torques_l2: -0.0714
              Episode_Reward/dof_acc_l2: -0.1059
          Episode_Reward/action_rate_l2: -0.0875
           Episode_Reward/feet_air_time: -0.0274
     Episode_Reward/flat_orientation_l2: 0.0000
          Episode_Reward/dof_pos_limits: 0.0000
              Curriculum/terrain_levels: 0.3522
     Metrics/base_velocity/error_vel_xy: 1.4756
    Metrics/base_velocity/error_vel_yaw: 0.5625
           Episode_Termination/time_out: 0.7623
       Episode_Termination/base_contact: 0.2377
--------------------------------------------------------------------------------
                         Iteration time: 63.61s
                           Time elapsed: 02:14:18
                                    ETA: 13:31:30

################################################################################
[1m                          Learning iteration 142/1000                           [0m 

                            Total steps: 14057472 
                       Steps per second: 1550 
                        Collection time: 62.938s 
                          Learning time: 0.479s 
                        Mean value loss: 0.0166
                    Mean surrogate loss: -0.0055
                      Mean entropy loss: 10.2711
                            Mean reward: 10.49
                    Mean episode length: 950.39
                        Mean action std: 0.59
    Episode_Reward/track_lin_vel_xy_exp: 0.4345
     Episode_Reward/track_ang_vel_z_exp: 0.5059
            Episode_Reward/lin_vel_z_l2: -0.0239
           Episode_Reward/ang_vel_xy_l2: -0.1000
          Episode_Reward/dof_torques_l2: -0.0728
              Episode_Reward/dof_acc_l2: -0.1037
          Episode_Reward/action_rate_l2: -0.0880
           Episode_Reward/feet_air_time: -0.0258
     Episode_Reward/flat_orientation_l2: 0.0000
          Episode_Reward/dof_pos_limits: 0.0000
              Curriculum/terrain_levels: 0.3498
     Metrics/base_velocity/error_vel_xy: 1.5564
    Metrics/base_velocity/error_vel_yaw: 0.5682
           Episode_Termination/time_out: 0.7718
       Episode_Termination/base_contact: 0.2282
--------------------------------------------------------------------------------
                         Iteration time: 63.42s
                           Time elapsed: 02:15:21
                                    ETA: 13:31:13

################################################################################
[1m                          Learning iteration 143/1000                           [0m 

                            Total steps: 14155776 
                       Steps per second: 1550 
                        Collection time: 62.913s 
                          Learning time: 0.480s 
                        Mean value loss: 0.0138
                    Mean surrogate loss: -0.0067
                      Mean entropy loss: 10.2581
                            Mean reward: 9.85
                    Mean episode length: 945.41
                        Mean action std: 0.59
    Episode_Reward/track_lin_vel_xy_exp: 0.4275
     Episode_Reward/track_ang_vel_z_exp: 0.5107
            Episode_Reward/lin_vel_z_l2: -0.0238
           Episode_Reward/ang_vel_xy_l2: -0.0978
          Episode_Reward/dof_torques_l2: -0.0705
              Episode_Reward/dof_acc_l2: -0.1092
          Episode_Reward/action_rate_l2: -0.0874
           Episode_Reward/feet_air_time: -0.0258
     Episode_Reward/flat_orientation_l2: 0.0000
          Episode_Reward/dof_pos_limits: 0.0000
              Curriculum/terrain_levels: 0.3446
     Metrics/base_velocity/error_vel_xy: 1.5722
    Metrics/base_velocity/error_vel_yaw: 0.5522
           Episode_Termination/time_out: 0.7789
       Episode_Termination/base_contact: 0.2211
--------------------------------------------------------------------------------
                         Iteration time: 63.39s
                           Time elapsed: 02:16:25
                                    ETA: 13:30:56

################################################################################
[1m                          Learning iteration 144/1000                           [0m 

                            Total steps: 14254080 
                       Steps per second: 1549 
                        Collection time: 62.976s 
                          Learning time: 0.479s 
                        Mean value loss: 0.0166
                    Mean surrogate loss: -0.0066
                      Mean entropy loss: 10.2229
                            Mean reward: 9.87
                    Mean episode length: 950.23
                        Mean action std: 0.58
    Episode_Reward/track_lin_vel_xy_exp: 0.3963
     Episode_Reward/track_ang_vel_z_exp: 0.5086
            Episode_Reward/lin_vel_z_l2: -0.0229
           Episode_Reward/ang_vel_xy_l2: -0.0932
          Episode_Reward/dof_torques_l2: -0.0701
              Episode_Reward/dof_acc_l2: -0.1087
          Episode_Reward/action_rate_l2: -0.0867
           Episode_Reward/feet_air_time: -0.0259
     Episode_Reward/flat_orientation_l2: 0.0000
          Episode_Reward/dof_pos_limits: 0.0000
              Curriculum/terrain_levels: 0.3406
     Metrics/base_velocity/error_vel_xy: 1.6233
    Metrics/base_velocity/error_vel_yaw: 0.5586
           Episode_Termination/time_out: 0.7856
       Episode_Termination/base_contact: 0.2144
--------------------------------------------------------------------------------
                         Iteration time: 63.46s
                           Time elapsed: 02:17:28
                                    ETA: 13:30:38

################################################################################
[1m                          Learning iteration 145/1000                           [0m 

                            Total steps: 14352384 
                       Steps per second: 1548 
                        Collection time: 63.016s 
                          Learning time: 0.484s 
                        Mean value loss: 0.0152
                    Mean surrogate loss: -0.0053
                      Mean entropy loss: 10.1974
                            Mean reward: 9.66
                    Mean episode length: 931.71
                        Mean action std: 0.58
    Episode_Reward/track_lin_vel_xy_exp: 0.3854
     Episode_Reward/track_ang_vel_z_exp: 0.4919
            Episode_Reward/lin_vel_z_l2: -0.0233
           Episode_Reward/ang_vel_xy_l2: -0.0929
          Episode_Reward/dof_torques_l2: -0.0702
              Episode_Reward/dof_acc_l2: -0.1044
          Episode_Reward/action_rate_l2: -0.0858
           Episode_Reward/feet_air_time: -0.0250
     Episode_Reward/flat_orientation_l2: 0.0000
          Episode_Reward/dof_pos_limits: 0.0000
              Curriculum/terrain_levels: 0.3377
     Metrics/base_velocity/error_vel_xy: 1.5914
    Metrics/base_velocity/error_vel_yaw: 0.5647
           Episode_Termination/time_out: 0.7941
       Episode_Termination/base_contact: 0.2059
--------------------------------------------------------------------------------
                         Iteration time: 63.50s
                           Time elapsed: 02:18:32
                                    ETA: 13:30:20

################################################################################
[1m                          Learning iteration 146/1000                           [0m 

                            Total steps: 14450688 
                       Steps per second: 1558 
                        Collection time: 62.585s 
                          Learning time: 0.485s 
                        Mean value loss: 0.0173
                    Mean surrogate loss: -0.0061
                      Mean entropy loss: 10.1783
                            Mean reward: 10.86
                    Mean episode length: 924.03
                        Mean action std: 0.58
    Episode_Reward/track_lin_vel_xy_exp: 0.4482
     Episode_Reward/track_ang_vel_z_exp: 0.5096
            Episode_Reward/lin_vel_z_l2: -0.0243
           Episode_Reward/ang_vel_xy_l2: -0.0996
          Episode_Reward/dof_torques_l2: -0.0695
              Episode_Reward/dof_acc_l2: -0.1050
          Episode_Reward/action_rate_l2: -0.0864
           Episode_Reward/feet_air_time: -0.0274
     Episode_Reward/flat_orientation_l2: 0.0000
          Episode_Reward/dof_pos_limits: 0.0000
              Curriculum/terrain_levels: 0.3346
     Metrics/base_velocity/error_vel_xy: 1.3929
    Metrics/base_velocity/error_vel_yaw: 0.5219
           Episode_Termination/time_out: 0.7980
       Episode_Termination/base_contact: 0.2020
--------------------------------------------------------------------------------
                         Iteration time: 63.07s
                           Time elapsed: 02:19:35
                                    ETA: 13:29:58

################################################################################
[1m                          Learning iteration 147/1000                           [0m 

                            Total steps: 14548992 
                       Steps per second: 1563 
                        Collection time: 62.401s 
                          Learning time: 0.480s 
                        Mean value loss: 0.0173
                    Mean surrogate loss: -0.0059
                      Mean entropy loss: 10.1838
                            Mean reward: 11.02
                    Mean episode length: 937.08
                        Mean action std: 0.58
    Episode_Reward/track_lin_vel_xy_exp: 0.4211
     Episode_Reward/track_ang_vel_z_exp: 0.4846
            Episode_Reward/lin_vel_z_l2: -0.0233
           Episode_Reward/ang_vel_xy_l2: -0.0937
          Episode_Reward/dof_torques_l2: -0.0696
              Episode_Reward/dof_acc_l2: -0.1035
          Episode_Reward/action_rate_l2: -0.0841
           Episode_Reward/feet_air_time: -0.0252
     Episode_Reward/flat_orientation_l2: 0.0000
          Episode_Reward/dof_pos_limits: 0.0000
              Curriculum/terrain_levels: 0.3303
     Metrics/base_velocity/error_vel_xy: 1.5240
    Metrics/base_velocity/error_vel_yaw: 0.5549
           Episode_Termination/time_out: 0.8050
       Episode_Termination/base_contact: 0.1950
--------------------------------------------------------------------------------
                         Iteration time: 62.88s
                           Time elapsed: 02:20:38
                                    ETA: 13:29:35

################################################################################
[1m                          Learning iteration 148/1000                           [0m 

                            Total steps: 14647296 
                       Steps per second: 1560 
                        Collection time: 62.507s 
                          Learning time: 0.483s 
                        Mean value loss: 0.0169
                    Mean surrogate loss: -0.0058
                      Mean entropy loss: 10.1726
                            Mean reward: 10.34
                    Mean episode length: 973.04
                        Mean action std: 0.58
    Episode_Reward/track_lin_vel_xy_exp: 0.4118
     Episode_Reward/track_ang_vel_z_exp: 0.5206
            Episode_Reward/lin_vel_z_l2: -0.0240
           Episode_Reward/ang_vel_xy_l2: -0.0988
          Episode_Reward/dof_torques_l2: -0.0710
              Episode_Reward/dof_acc_l2: -0.1046
          Episode_Reward/action_rate_l2: -0.0876
           Episode_Reward/feet_air_time: -0.0273
     Episode_Reward/flat_orientation_l2: 0.0000
          Episode_Reward/dof_pos_limits: 0.0000
              Curriculum/terrain_levels: 0.3261
     Metrics/base_velocity/error_vel_xy: 1.6426
    Metrics/base_velocity/error_vel_yaw: 0.5374
           Episode_Termination/time_out: 0.8105
       Episode_Termination/base_contact: 0.1895
--------------------------------------------------------------------------------
                         Iteration time: 62.99s
                           Time elapsed: 02:21:41
                                    ETA: 13:29:13

################################################################################
[1m                          Learning iteration 149/1000                           [0m 

                            Total steps: 14745600 
                       Steps per second: 1560 
                        Collection time: 62.503s 
                          Learning time: 0.478s 
                        Mean value loss: 0.0134
                    Mean surrogate loss: -0.0062
                      Mean entropy loss: 10.1644
                            Mean reward: 10.84
                    Mean episode length: 944.13
                        Mean action std: 0.58
    Episode_Reward/track_lin_vel_xy_exp: 0.4442
     Episode_Reward/track_ang_vel_z_exp: 0.4932
            Episode_Reward/lin_vel_z_l2: -0.0244
           Episode_Reward/ang_vel_xy_l2: -0.0983
          Episode_Reward/dof_torques_l2: -0.0674
              Episode_Reward/dof_acc_l2: -0.1089
          Episode_Reward/action_rate_l2: -0.0854
           Episode_Reward/feet_air_time: -0.0255
     Episode_Reward/flat_orientation_l2: 0.0000
          Episode_Reward/dof_pos_limits: 0.0000
              Curriculum/terrain_levels: 0.3226
     Metrics/base_velocity/error_vel_xy: 1.4809
    Metrics/base_velocity/error_vel_yaw: 0.5460
           Episode_Termination/time_out: 0.8156
       Episode_Termination/base_contact: 0.1844
--------------------------------------------------------------------------------
                         Iteration time: 62.98s
                           Time elapsed: 02:22:44
                                    ETA: 13:28:49

################################################################################
[1m                          Learning iteration 150/1000                           [0m 

                            Total steps: 14843904 
                       Steps per second: 1548 
                        Collection time: 62.986s 
                          Learning time: 0.482s 
                        Mean value loss: 0.0165
                    Mean surrogate loss: -0.0060
                      Mean entropy loss: 10.1526
                            Mean reward: 11.51
                    Mean episode length: 946.78
                        Mean action std: 0.58
    Episode_Reward/track_lin_vel_xy_exp: 0.4891
     Episode_Reward/track_ang_vel_z_exp: 0.5091
            Episode_Reward/lin_vel_z_l2: -0.0249
           Episode_Reward/ang_vel_xy_l2: -0.0983
          Episode_Reward/dof_torques_l2: -0.0696
              Episode_Reward/dof_acc_l2: -0.1072
          Episode_Reward/action_rate_l2: -0.0869
           Episode_Reward/feet_air_time: -0.0258
     Episode_Reward/flat_orientation_l2: 0.0000
          Episode_Reward/dof_pos_limits: 0.0000
              Curriculum/terrain_levels: 0.3195
     Metrics/base_velocity/error_vel_xy: 1.4062
    Metrics/base_velocity/error_vel_yaw: 0.5464
           Episode_Termination/time_out: 0.8205
       Episode_Termination/base_contact: 0.1795
--------------------------------------------------------------------------------
                         Iteration time: 63.47s
                           Time elapsed: 02:23:47
                                    ETA: 13:28:28

################################################################################
[1m                          Learning iteration 151/1000                           [0m 

                            Total steps: 14942208 
                       Steps per second: 1545 
                        Collection time: 63.138s 
                          Learning time: 0.481s 
                        Mean value loss: 0.0161
                    Mean surrogate loss: -0.0057
                      Mean entropy loss: 10.1302
                            Mean reward: 10.46
                    Mean episode length: 916.60
                        Mean action std: 0.58
    Episode_Reward/track_lin_vel_xy_exp: 0.4055
     Episode_Reward/track_ang_vel_z_exp: 0.4949
            Episode_Reward/lin_vel_z_l2: -0.0229
           Episode_Reward/ang_vel_xy_l2: -0.0907
          Episode_Reward/dof_torques_l2: -0.0665
              Episode_Reward/dof_acc_l2: -0.1034
          Episode_Reward/action_rate_l2: -0.0832
           Episode_Reward/feet_air_time: -0.0252
     Episode_Reward/flat_orientation_l2: 0.0000
          Episode_Reward/dof_pos_limits: 0.0000
              Curriculum/terrain_levels: 0.3157
     Metrics/base_velocity/error_vel_xy: 1.6121
    Metrics/base_velocity/error_vel_yaw: 0.5222
           Episode_Termination/time_out: 0.8241
       Episode_Termination/base_contact: 0.1759
--------------------------------------------------------------------------------
                         Iteration time: 63.62s
                           Time elapsed: 02:24:51
                                    ETA: 13:28:07

################################################################################
[1m                          Learning iteration 152/1000                           [0m 

                            Total steps: 15040512 
                       Steps per second: 1553 
                        Collection time: 62.782s 
                          Learning time: 0.481s 
                        Mean value loss: 0.0163
                    Mean surrogate loss: -0.0052
                      Mean entropy loss: 10.1116
                            Mean reward: 10.93
                    Mean episode length: 946.11
                        Mean action std: 0.58
    Episode_Reward/track_lin_vel_xy_exp: 0.4446
     Episode_Reward/track_ang_vel_z_exp: 0.5166
            Episode_Reward/lin_vel_z_l2: -0.0237
           Episode_Reward/ang_vel_xy_l2: -0.0956
          Episode_Reward/dof_torques_l2: -0.0693
              Episode_Reward/dof_acc_l2: -0.1049
          Episode_Reward/action_rate_l2: -0.0858
           Episode_Reward/feet_air_time: -0.0246
     Episode_Reward/flat_orientation_l2: 0.0000
          Episode_Reward/dof_pos_limits: 0.0000
              Curriculum/terrain_levels: 0.3130
     Metrics/base_velocity/error_vel_xy: 1.5940
    Metrics/base_velocity/error_vel_yaw: 0.5052
           Episode_Termination/time_out: 0.8280
       Episode_Termination/base_contact: 0.1720
--------------------------------------------------------------------------------
                         Iteration time: 63.26s
                           Time elapsed: 02:25:54
                                    ETA: 13:27:43

################################################################################
[1m                          Learning iteration 153/1000                           [0m 

                            Total steps: 15138816 
                       Steps per second: 1547 
                        Collection time: 63.040s 
                          Learning time: 0.483s 
                        Mean value loss: 0.0121
                    Mean surrogate loss: -0.0057
                      Mean entropy loss: 10.0769
                            Mean reward: 11.18
                    Mean episode length: 944.26
                        Mean action std: 0.58
    Episode_Reward/track_lin_vel_xy_exp: 0.4439
     Episode_Reward/track_ang_vel_z_exp: 0.4938
            Episode_Reward/lin_vel_z_l2: -0.0230
           Episode_Reward/ang_vel_xy_l2: -0.0889
          Episode_Reward/dof_torques_l2: -0.0670
              Episode_Reward/dof_acc_l2: -0.1010
          Episode_Reward/action_rate_l2: -0.0823
           Episode_Reward/feet_air_time: -0.0240
     Episode_Reward/flat_orientation_l2: 0.0000
          Episode_Reward/dof_pos_limits: 0.0000
              Curriculum/terrain_levels: 0.3119
     Metrics/base_velocity/error_vel_xy: 1.4448
    Metrics/base_velocity/error_vel_yaw: 0.5119
           Episode_Termination/time_out: 0.8327
       Episode_Termination/base_contact: 0.1673
--------------------------------------------------------------------------------
                         Iteration time: 63.52s
                           Time elapsed: 02:26:57
                                    ETA: 13:27:21

################################################################################
[1m                          Learning iteration 154/1000                           [0m 

                            Total steps: 15237120 
                       Steps per second: 1553 
                        Collection time: 62.784s 
                          Learning time: 0.483s 
                        Mean value loss: 0.0177
                    Mean surrogate loss: -0.0059
                      Mean entropy loss: 10.0501
                            Mean reward: 11.25
                    Mean episode length: 952.59
                        Mean action std: 0.58
    Episode_Reward/track_lin_vel_xy_exp: 0.4644
     Episode_Reward/track_ang_vel_z_exp: 0.5077
            Episode_Reward/lin_vel_z_l2: -0.0254
           Episode_Reward/ang_vel_xy_l2: -0.0992
          Episode_Reward/dof_torques_l2: -0.0701
              Episode_Reward/dof_acc_l2: -0.1114
          Episode_Reward/action_rate_l2: -0.0867
           Episode_Reward/feet_air_time: -0.0268
     Episode_Reward/flat_orientation_l2: 0.0000
          Episode_Reward/dof_pos_limits: 0.0000
              Curriculum/terrain_levels: 0.3101
     Metrics/base_velocity/error_vel_xy: 1.6118
    Metrics/base_velocity/error_vel_yaw: 0.5441
           Episode_Termination/time_out: 0.8385
       Episode_Termination/base_contact: 0.1615
--------------------------------------------------------------------------------
                         Iteration time: 63.27s
                           Time elapsed: 02:28:01
                                    ETA: 13:26:56

################################################################################
[1m                          Learning iteration 155/1000                           [0m 

                            Total steps: 15335424 
                       Steps per second: 1556 
                        Collection time: 62.673s 
                          Learning time: 0.484s 
                        Mean value loss: 0.0151
                    Mean surrogate loss: -0.0053
                      Mean entropy loss: 10.0261
                            Mean reward: 11.65
                    Mean episode length: 955.18
                        Mean action std: 0.58
    Episode_Reward/track_lin_vel_xy_exp: 0.4816
     Episode_Reward/track_ang_vel_z_exp: 0.5166
            Episode_Reward/lin_vel_z_l2: -0.0247
           Episode_Reward/ang_vel_xy_l2: -0.0962
          Episode_Reward/dof_torques_l2: -0.0687
              Episode_Reward/dof_acc_l2: -0.1111
          Episode_Reward/action_rate_l2: -0.0857
           Episode_Reward/feet_air_time: -0.0265
     Episode_Reward/flat_orientation_l2: 0.0000
          Episode_Reward/dof_pos_limits: 0.0000
              Curriculum/terrain_levels: 0.3084
     Metrics/base_velocity/error_vel_xy: 1.4797
    Metrics/base_velocity/error_vel_yaw: 0.5146
           Episode_Termination/time_out: 0.8450
       Episode_Termination/base_contact: 0.1550
--------------------------------------------------------------------------------
                         Iteration time: 63.16s
                           Time elapsed: 02:29:04
                                    ETA: 13:26:31

################################################################################
[1m                          Learning iteration 156/1000                           [0m 

                            Total steps: 15433728 
                       Steps per second: 1556 
                        Collection time: 62.661s 
                          Learning time: 0.484s 
                        Mean value loss: 0.0207
                    Mean surrogate loss: -0.0059
                      Mean entropy loss: 10.0204
                            Mean reward: 12.00
                    Mean episode length: 974.74
                        Mean action std: 0.58
    Episode_Reward/track_lin_vel_xy_exp: 0.4978
     Episode_Reward/track_ang_vel_z_exp: 0.5366
            Episode_Reward/lin_vel_z_l2: -0.0247
           Episode_Reward/ang_vel_xy_l2: -0.0971
          Episode_Reward/dof_torques_l2: -0.0720
              Episode_Reward/dof_acc_l2: -0.1128
          Episode_Reward/action_rate_l2: -0.0888
           Episode_Reward/feet_air_time: -0.0261
     Episode_Reward/flat_orientation_l2: 0.0000
          Episode_Reward/dof_pos_limits: 0.0000
              Curriculum/terrain_levels: 0.3071
     Metrics/base_velocity/error_vel_xy: 1.5979
    Metrics/base_velocity/error_vel_yaw: 0.5287
           Episode_Termination/time_out: 0.8497
       Episode_Termination/base_contact: 0.1503
--------------------------------------------------------------------------------
                         Iteration time: 63.14s
                           Time elapsed: 02:30:07
                                    ETA: 13:26:04

################################################################################
[1m                          Learning iteration 157/1000                           [0m 

                            Total steps: 15532032 
                       Steps per second: 1556 
                        Collection time: 62.676s 
                          Learning time: 0.478s 
                        Mean value loss: 0.0199
                    Mean surrogate loss: -0.0064
                      Mean entropy loss: 10.0357
                            Mean reward: 12.44
                    Mean episode length: 952.71
                        Mean action std: 0.58
    Episode_Reward/track_lin_vel_xy_exp: 0.5200
     Episode_Reward/track_ang_vel_z_exp: 0.5232
            Episode_Reward/lin_vel_z_l2: -0.0248
           Episode_Reward/ang_vel_xy_l2: -0.0965
          Episode_Reward/dof_torques_l2: -0.0697
              Episode_Reward/dof_acc_l2: -0.1126
          Episode_Reward/action_rate_l2: -0.0869
           Episode_Reward/feet_air_time: -0.0256
     Episode_Reward/flat_orientation_l2: 0.0000
          Episode_Reward/dof_pos_limits: 0.0000
              Curriculum/terrain_levels: 0.3060
     Metrics/base_velocity/error_vel_xy: 1.4701
    Metrics/base_velocity/error_vel_yaw: 0.5143
           Episode_Termination/time_out: 0.8536
       Episode_Termination/base_contact: 0.1464
--------------------------------------------------------------------------------
                         Iteration time: 63.15s
                           Time elapsed: 02:31:10
                                    ETA: 13:25:38

################################################################################
[1m                          Learning iteration 158/1000                           [0m 

                            Total steps: 15630336 
                       Steps per second: 1556 
                        Collection time: 62.680s 
                          Learning time: 0.482s 
                        Mean value loss: 0.0171
                    Mean surrogate loss: -0.0063
                      Mean entropy loss: 10.0449
                            Mean reward: 11.78
                    Mean episode length: 965.48
                        Mean action std: 0.58
    Episode_Reward/track_lin_vel_xy_exp: 0.4631
     Episode_Reward/track_ang_vel_z_exp: 0.5198
            Episode_Reward/lin_vel_z_l2: -0.0250
           Episode_Reward/ang_vel_xy_l2: -0.0956
          Episode_Reward/dof_torques_l2: -0.0699
              Episode_Reward/dof_acc_l2: -0.1102
          Episode_Reward/action_rate_l2: -0.0864
           Episode_Reward/feet_air_time: -0.0264
     Episode_Reward/flat_orientation_l2: 0.0000
          Episode_Reward/dof_pos_limits: 0.0000
              Curriculum/terrain_levels: 0.3070
     Metrics/base_velocity/error_vel_xy: 1.5361
    Metrics/base_velocity/error_vel_yaw: 0.5233
           Episode_Termination/time_out: 0.8591
       Episode_Termination/base_contact: 0.1409
--------------------------------------------------------------------------------
                         Iteration time: 63.16s
                           Time elapsed: 02:32:13
                                    ETA: 13:25:11

################################################################################
[1m                          Learning iteration 159/1000                           [0m 

                            Total steps: 15728640 
                       Steps per second: 1556 
                        Collection time: 62.663s 
                          Learning time: 0.481s 
                        Mean value loss: 0.0186
                    Mean surrogate loss: -0.0059
                      Mean entropy loss: 10.0540
                            Mean reward: 11.47
                    Mean episode length: 920.49
                        Mean action std: 0.58
    Episode_Reward/track_lin_vel_xy_exp: 0.4451
     Episode_Reward/track_ang_vel_z_exp: 0.4970
            Episode_Reward/lin_vel_z_l2: -0.0258
           Episode_Reward/ang_vel_xy_l2: -0.0956
          Episode_Reward/dof_torques_l2: -0.0671
              Episode_Reward/dof_acc_l2: -0.1109
          Episode_Reward/action_rate_l2: -0.0838
           Episode_Reward/feet_air_time: -0.0254
     Episode_Reward/flat_orientation_l2: 0.0000
          Episode_Reward/dof_pos_limits: 0.0000
              Curriculum/terrain_levels: 0.3080
     Metrics/base_velocity/error_vel_xy: 1.5467
    Metrics/base_velocity/error_vel_yaw: 0.5121
           Episode_Termination/time_out: 0.8632
       Episode_Termination/base_contact: 0.1368
--------------------------------------------------------------------------------
                         Iteration time: 63.14s
                           Time elapsed: 02:33:16
                                    ETA: 13:24:43

################################################################################
[1m                          Learning iteration 160/1000                           [0m 

                            Total steps: 15826944 
                       Steps per second: 1566 
                        Collection time: 62.270s 
                          Learning time: 0.483s 
                        Mean value loss: 0.0176
                    Mean surrogate loss: -0.0057
                      Mean entropy loss: 10.0559
                            Mean reward: 11.69
                    Mean episode length: 954.69
                        Mean action std: 0.58
    Episode_Reward/track_lin_vel_xy_exp: 0.4943
     Episode_Reward/track_ang_vel_z_exp: 0.5132
            Episode_Reward/lin_vel_z_l2: -0.0251
           Episode_Reward/ang_vel_xy_l2: -0.0967
          Episode_Reward/dof_torques_l2: -0.0687
              Episode_Reward/dof_acc_l2: -0.1112
          Episode_Reward/action_rate_l2: -0.0858
           Episode_Reward/feet_air_time: -0.0258
     Episode_Reward/flat_orientation_l2: 0.0000
          Episode_Reward/dof_pos_limits: 0.0000
              Curriculum/terrain_levels: 0.3090
     Metrics/base_velocity/error_vel_xy: 1.4271
    Metrics/base_velocity/error_vel_yaw: 0.5221
           Episode_Termination/time_out: 0.8656
       Episode_Termination/base_contact: 0.1344
--------------------------------------------------------------------------------
                         Iteration time: 62.75s
                           Time elapsed: 02:34:19
                                    ETA: 13:24:13

################################################################################
[1m                          Learning iteration 161/1000                           [0m 

                            Total steps: 15925248 
                       Steps per second: 1562 
                        Collection time: 62.448s 
                          Learning time: 0.484s 
                        Mean value loss: 0.0180
                    Mean surrogate loss: -0.0062
                      Mean entropy loss: 10.0688
                            Mean reward: 11.54
                    Mean episode length: 936.72
                        Mean action std: 0.58
    Episode_Reward/track_lin_vel_xy_exp: 0.4420
     Episode_Reward/track_ang_vel_z_exp: 0.5037
            Episode_Reward/lin_vel_z_l2: -0.0239
           Episode_Reward/ang_vel_xy_l2: -0.0933
          Episode_Reward/dof_torques_l2: -0.0674
              Episode_Reward/dof_acc_l2: -0.1091
          Episode_Reward/action_rate_l2: -0.0838
           Episode_Reward/feet_air_time: -0.0254
     Episode_Reward/flat_orientation_l2: 0.0000
          Episode_Reward/dof_pos_limits: 0.0000
              Curriculum/terrain_levels: 0.3082
     Metrics/base_velocity/error_vel_xy: 1.5156
    Metrics/base_velocity/error_vel_yaw: 0.5024
           Episode_Termination/time_out: 0.8681
       Episode_Termination/base_contact: 0.1319
--------------------------------------------------------------------------------
                         Iteration time: 62.93s
                           Time elapsed: 02:35:22
                                    ETA: 13:23:44

################################################################################
[1m                          Learning iteration 162/1000                           [0m 

                            Total steps: 16023552 
                       Steps per second: 1560 
                        Collection time: 62.509s 
                          Learning time: 0.494s 
                        Mean value loss: 0.0164
                    Mean surrogate loss: -0.0060
                      Mean entropy loss: 10.0821
                            Mean reward: 12.13
                    Mean episode length: 958.14
                        Mean action std: 0.58
    Episode_Reward/track_lin_vel_xy_exp: 0.5323
     Episode_Reward/track_ang_vel_z_exp: 0.5310
            Episode_Reward/lin_vel_z_l2: -0.0251
           Episode_Reward/ang_vel_xy_l2: -0.0996
          Episode_Reward/dof_torques_l2: -0.0718
              Episode_Reward/dof_acc_l2: -0.1152
          Episode_Reward/action_rate_l2: -0.0880
           Episode_Reward/feet_air_time: -0.0266
     Episode_Reward/flat_orientation_l2: 0.0000
          Episode_Reward/dof_pos_limits: 0.0000
              Curriculum/terrain_levels: 0.3065
     Metrics/base_velocity/error_vel_xy: 1.4620
    Metrics/base_velocity/error_vel_yaw: 0.5162
           Episode_Termination/time_out: 0.8714
       Episode_Termination/base_contact: 0.1286
--------------------------------------------------------------------------------
                         Iteration time: 63.00s
                           Time elapsed: 02:36:25
                                    ETA: 13:23:14

################################################################################
[1m                          Learning iteration 163/1000                           [0m 

                            Total steps: 16121856 
                       Steps per second: 1556 
                        Collection time: 62.670s 
                          Learning time: 0.479s 
                        Mean value loss: 0.0180
                    Mean surrogate loss: -0.0057
                      Mean entropy loss: 10.0831
                            Mean reward: 12.40
                    Mean episode length: 935.01
                        Mean action std: 0.58
    Episode_Reward/track_lin_vel_xy_exp: 0.5411
     Episode_Reward/track_ang_vel_z_exp: 0.5130
            Episode_Reward/lin_vel_z_l2: -0.0260
           Episode_Reward/ang_vel_xy_l2: -0.0994
          Episode_Reward/dof_torques_l2: -0.0714
              Episode_Reward/dof_acc_l2: -0.1120
          Episode_Reward/action_rate_l2: -0.0868
           Episode_Reward/feet_air_time: -0.0261
     Episode_Reward/flat_orientation_l2: 0.0000
          Episode_Reward/dof_pos_limits: 0.0000
              Curriculum/terrain_levels: 0.3074
     Metrics/base_velocity/error_vel_xy: 1.3072
    Metrics/base_velocity/error_vel_yaw: 0.5179
           Episode_Termination/time_out: 0.8731
       Episode_Termination/base_contact: 0.1269
--------------------------------------------------------------------------------
                         Iteration time: 63.15s
                           Time elapsed: 02:37:28
                                    ETA: 13:22:45

################################################################################
[1m                          Learning iteration 164/1000                           [0m 

                            Total steps: 16220160 
                       Steps per second: 1555 
                        Collection time: 62.732s 
                          Learning time: 0.486s 
                        Mean value loss: 0.0123
                    Mean surrogate loss: -0.0055
                      Mean entropy loss: 10.0846
                            Mean reward: 12.04
                    Mean episode length: 936.42
                        Mean action std: 0.58
    Episode_Reward/track_lin_vel_xy_exp: 0.4856
     Episode_Reward/track_ang_vel_z_exp: 0.5037
            Episode_Reward/lin_vel_z_l2: -0.0250
           Episode_Reward/ang_vel_xy_l2: -0.0926
          Episode_Reward/dof_torques_l2: -0.0693
              Episode_Reward/dof_acc_l2: -0.1135
          Episode_Reward/action_rate_l2: -0.0851
           Episode_Reward/feet_air_time: -0.0252
     Episode_Reward/flat_orientation_l2: 0.0000
          Episode_Reward/dof_pos_limits: 0.0000
              Curriculum/terrain_levels: 0.3116
     Metrics/base_velocity/error_vel_xy: 1.4560
    Metrics/base_velocity/error_vel_yaw: 0.5234
           Episode_Termination/time_out: 0.8748
       Episode_Termination/base_contact: 0.1252
--------------------------------------------------------------------------------
                         Iteration time: 63.22s
                           Time elapsed: 02:38:31
                                    ETA: 13:22:16

################################################################################
[1m                          Learning iteration 165/1000                           [0m 

                            Total steps: 16318464 
                       Steps per second: 1549 
                        Collection time: 62.958s 
                          Learning time: 0.483s 
                        Mean value loss: 0.0162
                    Mean surrogate loss: -0.0060
                      Mean entropy loss: 10.0625
                            Mean reward: 12.13
                    Mean episode length: 960.26
                        Mean action std: 0.58
    Episode_Reward/track_lin_vel_xy_exp: 0.4863
     Episode_Reward/track_ang_vel_z_exp: 0.5349
            Episode_Reward/lin_vel_z_l2: -0.0237
           Episode_Reward/ang_vel_xy_l2: -0.0918
          Episode_Reward/dof_torques_l2: -0.0664
              Episode_Reward/dof_acc_l2: -0.1114
          Episode_Reward/action_rate_l2: -0.0857
           Episode_Reward/feet_air_time: -0.0242
     Episode_Reward/flat_orientation_l2: 0.0000
          Episode_Reward/dof_pos_limits: 0.0000
              Curriculum/terrain_levels: 0.3131
     Metrics/base_velocity/error_vel_xy: 1.5633
    Metrics/base_velocity/error_vel_yaw: 0.5016
           Episode_Termination/time_out: 0.8770
       Episode_Termination/base_contact: 0.1230
--------------------------------------------------------------------------------
                         Iteration time: 63.44s
                           Time elapsed: 02:39:35
                                    ETA: 13:21:47

################################################################################
[1m                          Learning iteration 166/1000                           [0m 

                            Total steps: 16416768 
                       Steps per second: 1560 
                        Collection time: 62.515s 
                          Learning time: 0.485s 
                        Mean value loss: 0.0172
                    Mean surrogate loss: -0.0048
                      Mean entropy loss: 10.0697
                            Mean reward: 10.91
                    Mean episode length: 934.20
                        Mean action std: 0.58
    Episode_Reward/track_lin_vel_xy_exp: 0.4471
     Episode_Reward/track_ang_vel_z_exp: 0.5024
            Episode_Reward/lin_vel_z_l2: -0.0242
           Episode_Reward/ang_vel_xy_l2: -0.0921
          Episode_Reward/dof_torques_l2: -0.0693
              Episode_Reward/dof_acc_l2: -0.1078
          Episode_Reward/action_rate_l2: -0.0838
           Episode_Reward/feet_air_time: -0.0261
     Episode_Reward/flat_orientation_l2: 0.0000
          Episode_Reward/dof_pos_limits: 0.0000
              Curriculum/terrain_levels: 0.3152
     Metrics/base_velocity/error_vel_xy: 1.5625
    Metrics/base_velocity/error_vel_yaw: 0.5116
           Episode_Termination/time_out: 0.8794
       Episode_Termination/base_contact: 0.1206
--------------------------------------------------------------------------------
                         Iteration time: 63.00s
                           Time elapsed: 02:40:38
                                    ETA: 13:21:16

################################################################################
[1m                          Learning iteration 167/1000                           [0m 

                            Total steps: 16515072 
                       Steps per second: 1553 
                        Collection time: 62.805s 
                          Learning time: 0.479s 
                        Mean value loss: 0.0184
                    Mean surrogate loss: -0.0058
                      Mean entropy loss: 10.0613
                            Mean reward: 11.87
                    Mean episode length: 941.45
                        Mean action std: 0.58
    Episode_Reward/track_lin_vel_xy_exp: 0.4555
     Episode_Reward/track_ang_vel_z_exp: 0.5126
            Episode_Reward/lin_vel_z_l2: -0.0242
           Episode_Reward/ang_vel_xy_l2: -0.0912
          Episode_Reward/dof_torques_l2: -0.0662
              Episode_Reward/dof_acc_l2: -0.1083
          Episode_Reward/action_rate_l2: -0.0840
           Episode_Reward/feet_air_time: -0.0251
     Episode_Reward/flat_orientation_l2: 0.0000
          Episode_Reward/dof_pos_limits: 0.0000
              Curriculum/terrain_levels: 0.3154
     Metrics/base_velocity/error_vel_xy: 1.5402
    Metrics/base_velocity/error_vel_yaw: 0.5053
           Episode_Termination/time_out: 0.8832
       Episode_Termination/base_contact: 0.1168
--------------------------------------------------------------------------------
                         Iteration time: 63.28s
                           Time elapsed: 02:41:41
                                    ETA: 13:20:46

################################################################################
[1m                          Learning iteration 168/1000                           [0m 

                            Total steps: 16613376 
                       Steps per second: 1552 
                        Collection time: 62.838s 
                          Learning time: 0.484s 
                        Mean value loss: 0.0174
                    Mean surrogate loss: -0.0048
                      Mean entropy loss: 10.0691
                            Mean reward: 11.49
                    Mean episode length: 935.72
                        Mean action std: 0.58
    Episode_Reward/track_lin_vel_xy_exp: 0.4527
     Episode_Reward/track_ang_vel_z_exp: 0.5148
            Episode_Reward/lin_vel_z_l2: -0.0244
           Episode_Reward/ang_vel_xy_l2: -0.0910
          Episode_Reward/dof_torques_l2: -0.0672
              Episode_Reward/dof_acc_l2: -0.1103
          Episode_Reward/action_rate_l2: -0.0840
           Episode_Reward/feet_air_time: -0.0248
     Episode_Reward/flat_orientation_l2: 0.0000
          Episode_Reward/dof_pos_limits: 0.0000
              Curriculum/terrain_levels: 0.3176
     Metrics/base_velocity/error_vel_xy: 1.4800
    Metrics/base_velocity/error_vel_yaw: 0.4948
           Episode_Termination/time_out: 0.8849
       Episode_Termination/base_contact: 0.1151
--------------------------------------------------------------------------------
                         Iteration time: 63.32s
                           Time elapsed: 02:42:45
                                    ETA: 13:20:16

################################################################################
[1m                          Learning iteration 169/1000                           [0m 

                            Total steps: 16711680 
                       Steps per second: 1555 
                        Collection time: 62.731s 
                          Learning time: 0.482s 
                        Mean value loss: 0.0199
                    Mean surrogate loss: -0.0062
                      Mean entropy loss: 10.0581
                            Mean reward: 12.10
                    Mean episode length: 949.91
                        Mean action std: 0.58
    Episode_Reward/track_lin_vel_xy_exp: 0.4742
     Episode_Reward/track_ang_vel_z_exp: 0.5215
            Episode_Reward/lin_vel_z_l2: -0.0247
           Episode_Reward/ang_vel_xy_l2: -0.0914
          Episode_Reward/dof_torques_l2: -0.0659
              Episode_Reward/dof_acc_l2: -0.1100
          Episode_Reward/action_rate_l2: -0.0839
           Episode_Reward/feet_air_time: -0.0246
     Episode_Reward/flat_orientation_l2: 0.0000
          Episode_Reward/dof_pos_limits: 0.0000
              Curriculum/terrain_levels: 0.3190
     Metrics/base_velocity/error_vel_xy: 1.5338
    Metrics/base_velocity/error_vel_yaw: 0.4920
           Episode_Termination/time_out: 0.8851
       Episode_Termination/base_contact: 0.1149
--------------------------------------------------------------------------------
                         Iteration time: 63.21s
                           Time elapsed: 02:43:48
                                    ETA: 13:19:44

################################################################################
[1m                          Learning iteration 170/1000                           [0m 

                            Total steps: 16809984 
                       Steps per second: 1556 
                        Collection time: 62.671s 
                          Learning time: 0.481s 
                        Mean value loss: 0.0179
                    Mean surrogate loss: -0.0054
                      Mean entropy loss: 10.0406
                            Mean reward: 12.33
                    Mean episode length: 923.68
                        Mean action std: 0.58
    Episode_Reward/track_lin_vel_xy_exp: 0.4728
     Episode_Reward/track_ang_vel_z_exp: 0.4971
            Episode_Reward/lin_vel_z_l2: -0.0252
           Episode_Reward/ang_vel_xy_l2: -0.0914
          Episode_Reward/dof_torques_l2: -0.0672
              Episode_Reward/dof_acc_l2: -0.1091
          Episode_Reward/action_rate_l2: -0.0823
           Episode_Reward/feet_air_time: -0.0246
     Episode_Reward/flat_orientation_l2: 0.0000
          Episode_Reward/dof_pos_limits: 0.0000
              Curriculum/terrain_levels: 0.3187
     Metrics/base_velocity/error_vel_xy: 1.3766
    Metrics/base_velocity/error_vel_yaw: 0.4901
           Episode_Termination/time_out: 0.8855
       Episode_Termination/base_contact: 0.1145
--------------------------------------------------------------------------------
                         Iteration time: 63.15s
                           Time elapsed: 02:44:51
                                    ETA: 13:19:13

################################################################################
[1m                          Learning iteration 171/1000                           [0m 

                            Total steps: 16908288 
                       Steps per second: 1558 
                        Collection time: 62.598s 
                          Learning time: 0.481s 
                        Mean value loss: 0.0151
                    Mean surrogate loss: -0.0064
                      Mean entropy loss: 10.0235
                            Mean reward: 11.56
                    Mean episode length: 942.62
                        Mean action std: 0.57
    Episode_Reward/track_lin_vel_xy_exp: 0.5102
     Episode_Reward/track_ang_vel_z_exp: 0.5040
            Episode_Reward/lin_vel_z_l2: -0.0248
           Episode_Reward/ang_vel_xy_l2: -0.0934
          Episode_Reward/dof_torques_l2: -0.0685
              Episode_Reward/dof_acc_l2: -0.1133
          Episode_Reward/action_rate_l2: -0.0852
           Episode_Reward/feet_air_time: -0.0263
     Episode_Reward/flat_orientation_l2: 0.0000
          Episode_Reward/dof_pos_limits: 0.0000
              Curriculum/terrain_levels: 0.3195
     Metrics/base_velocity/error_vel_xy: 1.4354
    Metrics/base_velocity/error_vel_yaw: 0.5541
           Episode_Termination/time_out: 0.8850
       Episode_Termination/base_contact: 0.1150
--------------------------------------------------------------------------------
                         Iteration time: 63.08s
                           Time elapsed: 02:45:54
                                    ETA: 13:18:40

################################################################################
[1m                          Learning iteration 172/1000                           [0m 

                            Total steps: 17006592 
                       Steps per second: 1558 
                        Collection time: 62.571s 
                          Learning time: 0.485s 
                        Mean value loss: 0.0164
                    Mean surrogate loss: -0.0051
                      Mean entropy loss: 10.0008
                            Mean reward: 11.21
                    Mean episode length: 958.25
                        Mean action std: 0.57
    Episode_Reward/track_lin_vel_xy_exp: 0.4402
     Episode_Reward/track_ang_vel_z_exp: 0.5249
            Episode_Reward/lin_vel_z_l2: -0.0240
           Episode_Reward/ang_vel_xy_l2: -0.0885
          Episode_Reward/dof_torques_l2: -0.0657
              Episode_Reward/dof_acc_l2: -0.1115
          Episode_Reward/action_rate_l2: -0.0842
           Episode_Reward/feet_air_time: -0.0253
     Episode_Reward/flat_orientation_l2: 0.0000
          Episode_Reward/dof_pos_limits: 0.0000
              Curriculum/terrain_levels: 0.3194
     Metrics/base_velocity/error_vel_xy: 1.6199
    Metrics/base_velocity/error_vel_yaw: 0.5125
           Episode_Termination/time_out: 0.8868
       Episode_Termination/base_contact: 0.1132
--------------------------------------------------------------------------------
                         Iteration time: 63.06s
                           Time elapsed: 02:46:57
                                    ETA: 13:18:07

################################################################################
[1m                          Learning iteration 173/1000                           [0m 

                            Total steps: 17104896 
                       Steps per second: 1567 
                        Collection time: 62.232s 
                          Learning time: 0.483s 
                        Mean value loss: 0.0166
                    Mean surrogate loss: -0.0050
                      Mean entropy loss: 9.9696
                            Mean reward: 12.19
                    Mean episode length: 960.31
                        Mean action std: 0.57
    Episode_Reward/track_lin_vel_xy_exp: 0.4641
     Episode_Reward/track_ang_vel_z_exp: 0.5308
            Episode_Reward/lin_vel_z_l2: -0.0237
           Episode_Reward/ang_vel_xy_l2: -0.0917
          Episode_Reward/dof_torques_l2: -0.0674
              Episode_Reward/dof_acc_l2: -0.1141
          Episode_Reward/action_rate_l2: -0.0859
           Episode_Reward/feet_air_time: -0.0258
     Episode_Reward/flat_orientation_l2: 0.0000
          Episode_Reward/dof_pos_limits: 0.0000
              Curriculum/terrain_levels: 0.3182
     Metrics/base_velocity/error_vel_xy: 1.5924
    Metrics/base_velocity/error_vel_yaw: 0.5205
           Episode_Termination/time_out: 0.8882
       Episode_Termination/base_contact: 0.1118
--------------------------------------------------------------------------------
                         Iteration time: 62.71s
                           Time elapsed: 02:48:00
                                    ETA: 13:17:32

################################################################################
[1m                          Learning iteration 174/1000                           [0m 

                            Total steps: 17203200 
                       Steps per second: 1564 
                        Collection time: 62.361s 
                          Learning time: 0.483s 
                        Mean value loss: 0.0145
                    Mean surrogate loss: -0.0052
                      Mean entropy loss: 9.9567
                            Mean reward: 12.05
                    Mean episode length: 963.43
                        Mean action std: 0.57
    Episode_Reward/track_lin_vel_xy_exp: 0.4690
     Episode_Reward/track_ang_vel_z_exp: 0.5331
            Episode_Reward/lin_vel_z_l2: -0.0243
           Episode_Reward/ang_vel_xy_l2: -0.0894
          Episode_Reward/dof_torques_l2: -0.0694
              Episode_Reward/dof_acc_l2: -0.1124
          Episode_Reward/action_rate_l2: -0.0860
           Episode_Reward/feet_air_time: -0.0253
     Episode_Reward/flat_orientation_l2: 0.0000
          Episode_Reward/dof_pos_limits: 0.0000
              Curriculum/terrain_levels: 0.3180
     Metrics/base_velocity/error_vel_xy: 1.5745
    Metrics/base_velocity/error_vel_yaw: 0.5160
           Episode_Termination/time_out: 0.8900
       Episode_Termination/base_contact: 0.1100
--------------------------------------------------------------------------------
                         Iteration time: 62.84s
                           Time elapsed: 02:49:03
                                    ETA: 13:16:57

################################################################################
[1m                          Learning iteration 175/1000                           [0m 

                            Total steps: 17301504 
                       Steps per second: 1568 
                        Collection time: 62.176s 
                          Learning time: 0.493s 
                        Mean value loss: 0.0177
                    Mean surrogate loss: -0.0059
                      Mean entropy loss: 9.9403
                            Mean reward: 13.19
                    Mean episode length: 975.90
                        Mean action std: 0.57
    Episode_Reward/track_lin_vel_xy_exp: 0.5698
     Episode_Reward/track_ang_vel_z_exp: 0.5297
            Episode_Reward/lin_vel_z_l2: -0.0259
           Episode_Reward/ang_vel_xy_l2: -0.1001
          Episode_Reward/dof_torques_l2: -0.0711
              Episode_Reward/dof_acc_l2: -0.1219
          Episode_Reward/action_rate_l2: -0.0886
           Episode_Reward/feet_air_time: -0.0265
     Episode_Reward/flat_orientation_l2: 0.0000
          Episode_Reward/dof_pos_limits: 0.0000
              Curriculum/terrain_levels: 0.3203
     Metrics/base_velocity/error_vel_xy: 1.4481
    Metrics/base_velocity/error_vel_yaw: 0.5340
           Episode_Termination/time_out: 0.8915
       Episode_Termination/base_contact: 0.1085
--------------------------------------------------------------------------------
                         Iteration time: 62.67s
                           Time elapsed: 02:50:05
                                    ETA: 13:16:21

################################################################################
[1m                          Learning iteration 176/1000                           [0m 

                            Total steps: 17399808 
                       Steps per second: 1567 
                        Collection time: 62.216s 
                          Learning time: 0.479s 
                        Mean value loss: 0.0155
                    Mean surrogate loss: -0.0053
                      Mean entropy loss: 9.9289
                            Mean reward: 11.04
                    Mean episode length: 937.53
                        Mean action std: 0.57
    Episode_Reward/track_lin_vel_xy_exp: 0.4349
     Episode_Reward/track_ang_vel_z_exp: 0.5196
            Episode_Reward/lin_vel_z_l2: -0.0252
           Episode_Reward/ang_vel_xy_l2: -0.0917
          Episode_Reward/dof_torques_l2: -0.0670
              Episode_Reward/dof_acc_l2: -0.1185
          Episode_Reward/action_rate_l2: -0.0851
           Episode_Reward/feet_air_time: -0.0258
     Episode_Reward/flat_orientation_l2: 0.0000
          Episode_Reward/dof_pos_limits: 0.0000
              Curriculum/terrain_levels: 0.3232
     Metrics/base_velocity/error_vel_xy: 1.6264
    Metrics/base_velocity/error_vel_yaw: 0.5239
           Episode_Termination/time_out: 0.8931
       Episode_Termination/base_contact: 0.1069
--------------------------------------------------------------------------------
                         Iteration time: 62.69s
                           Time elapsed: 02:51:08
                                    ETA: 13:15:45

################################################################################
[1m                          Learning iteration 177/1000                           [0m 

                            Total steps: 17498112 
                       Steps per second: 1565 
                        Collection time: 62.300s 
                          Learning time: 0.485s 
                        Mean value loss: 0.0171
                    Mean surrogate loss: -0.0064
                      Mean entropy loss: 9.9036
                            Mean reward: 12.13
                    Mean episode length: 950.04
                        Mean action std: 0.57
    Episode_Reward/track_lin_vel_xy_exp: 0.4847
     Episode_Reward/track_ang_vel_z_exp: 0.5137
            Episode_Reward/lin_vel_z_l2: -0.0244
           Episode_Reward/ang_vel_xy_l2: -0.0899
          Episode_Reward/dof_torques_l2: -0.0678
              Episode_Reward/dof_acc_l2: -0.1161
          Episode_Reward/action_rate_l2: -0.0852
           Episode_Reward/feet_air_time: -0.0247
     Episode_Reward/flat_orientation_l2: 0.0000
          Episode_Reward/dof_pos_limits: 0.0000
              Curriculum/terrain_levels: 0.3240
     Metrics/base_velocity/error_vel_xy: 1.5746
    Metrics/base_velocity/error_vel_yaw: 0.5418
           Episode_Termination/time_out: 0.8937
       Episode_Termination/base_contact: 0.1063
--------------------------------------------------------------------------------
                         Iteration time: 62.79s
                           Time elapsed: 02:52:11
                                    ETA: 13:15:09

################################################################################
[1m                          Learning iteration 178/1000                           [0m 

                            Total steps: 17596416 
                       Steps per second: 1563 
                        Collection time: 62.387s 
                          Learning time: 0.488s 
                        Mean value loss: 0.0170
                    Mean surrogate loss: -0.0065
                      Mean entropy loss: 9.8927
                            Mean reward: 11.88
                    Mean episode length: 956.77
                        Mean action std: 0.57
    Episode_Reward/track_lin_vel_xy_exp: 0.5107
     Episode_Reward/track_ang_vel_z_exp: 0.5392
            Episode_Reward/lin_vel_z_l2: -0.0239
           Episode_Reward/ang_vel_xy_l2: -0.0942
          Episode_Reward/dof_torques_l2: -0.0673
              Episode_Reward/dof_acc_l2: -0.1129
          Episode_Reward/action_rate_l2: -0.0857
           Episode_Reward/feet_air_time: -0.0260
     Episode_Reward/flat_orientation_l2: 0.0000
          Episode_Reward/dof_pos_limits: 0.0000
              Curriculum/terrain_levels: 0.3251
     Metrics/base_velocity/error_vel_xy: 1.5160
    Metrics/base_velocity/error_vel_yaw: 0.4929
           Episode_Termination/time_out: 0.8936
       Episode_Termination/base_contact: 0.1064
--------------------------------------------------------------------------------
                         Iteration time: 62.88s
                           Time elapsed: 02:53:14
                                    ETA: 13:14:33

################################################################################
[1m                          Learning iteration 179/1000                           [0m 

                            Total steps: 17694720 
                       Steps per second: 1560 
                        Collection time: 62.519s 
                          Learning time: 0.485s 
                        Mean value loss: 0.0167
                    Mean surrogate loss: -0.0065
                      Mean entropy loss: 9.8888
                            Mean reward: 12.50
                    Mean episode length: 953.55
                        Mean action std: 0.57
    Episode_Reward/track_lin_vel_xy_exp: 0.4789
     Episode_Reward/track_ang_vel_z_exp: 0.5244
            Episode_Reward/lin_vel_z_l2: -0.0246
           Episode_Reward/ang_vel_xy_l2: -0.0917
          Episode_Reward/dof_torques_l2: -0.0679
              Episode_Reward/dof_acc_l2: -0.1131
          Episode_Reward/action_rate_l2: -0.0847
           Episode_Reward/feet_air_time: -0.0245
     Episode_Reward/flat_orientation_l2: 0.0000
          Episode_Reward/dof_pos_limits: 0.0000
              Curriculum/terrain_levels: 0.3245
     Metrics/base_velocity/error_vel_xy: 1.5331
    Metrics/base_velocity/error_vel_yaw: 0.4982
           Episode_Termination/time_out: 0.8950
       Episode_Termination/base_contact: 0.1050
--------------------------------------------------------------------------------
                         Iteration time: 63.00s
                           Time elapsed: 02:54:17
                                    ETA: 13:13:58

################################################################################
[1m                          Learning iteration 180/1000                           [0m 

                            Total steps: 17793024 
                       Steps per second: 1554 
                        Collection time: 62.739s 
                          Learning time: 0.483s 
                        Mean value loss: 0.0161
                    Mean surrogate loss: -0.0061
                      Mean entropy loss: 9.8797
                            Mean reward: 12.31
                    Mean episode length: 950.59
                        Mean action std: 0.57
    Episode_Reward/track_lin_vel_xy_exp: 0.4689
     Episode_Reward/track_ang_vel_z_exp: 0.5237
            Episode_Reward/lin_vel_z_l2: -0.0246
           Episode_Reward/ang_vel_xy_l2: -0.0896
          Episode_Reward/dof_torques_l2: -0.0653
              Episode_Reward/dof_acc_l2: -0.1166
          Episode_Reward/action_rate_l2: -0.0839
           Episode_Reward/feet_air_time: -0.0248
     Episode_Reward/flat_orientation_l2: 0.0000
          Episode_Reward/dof_pos_limits: 0.0000
              Curriculum/terrain_levels: 0.3258
     Metrics/base_velocity/error_vel_xy: 1.5938
    Metrics/base_velocity/error_vel_yaw: 0.5064
           Episode_Termination/time_out: 0.8960
       Episode_Termination/base_contact: 0.1040
--------------------------------------------------------------------------------
                         Iteration time: 63.22s
                           Time elapsed: 02:55:20
                                    ETA: 13:13:23

################################################################################
[1m                          Learning iteration 181/1000                           [0m 

                            Total steps: 17891328 
                       Steps per second: 1543 
                        Collection time: 63.200s 
                          Learning time: 0.482s 
                        Mean value loss: 0.0183
                    Mean surrogate loss: -0.0057
                      Mean entropy loss: 9.8628
                            Mean reward: 11.66
                    Mean episode length: 941.95
                        Mean action std: 0.57
    Episode_Reward/track_lin_vel_xy_exp: 0.4266
     Episode_Reward/track_ang_vel_z_exp: 0.5274
            Episode_Reward/lin_vel_z_l2: -0.0239
           Episode_Reward/ang_vel_xy_l2: -0.0875
          Episode_Reward/dof_torques_l2: -0.0631
              Episode_Reward/dof_acc_l2: -0.1124
          Episode_Reward/action_rate_l2: -0.0828
           Episode_Reward/feet_air_time: -0.0254
     Episode_Reward/flat_orientation_l2: 0.0000
          Episode_Reward/dof_pos_limits: 0.0000
              Curriculum/terrain_levels: 0.3271
     Metrics/base_velocity/error_vel_xy: 1.6919
    Metrics/base_velocity/error_vel_yaw: 0.4888
           Episode_Termination/time_out: 0.8963
       Episode_Termination/base_contact: 0.1037
--------------------------------------------------------------------------------
                         Iteration time: 63.68s
                           Time elapsed: 02:56:24
                                    ETA: 13:12:49

################################################################################
[1m                          Learning iteration 182/1000                           [0m 

                            Total steps: 17989632 
                       Steps per second: 1556 
                        Collection time: 62.663s 
                          Learning time: 0.482s 
                        Mean value loss: 0.0170
                    Mean surrogate loss: -0.0064
                      Mean entropy loss: 9.8392
                            Mean reward: 12.46
                    Mean episode length: 942.20
                        Mean action std: 0.57
    Episode_Reward/track_lin_vel_xy_exp: 0.5250
     Episode_Reward/track_ang_vel_z_exp: 0.5213
            Episode_Reward/lin_vel_z_l2: -0.0251
           Episode_Reward/ang_vel_xy_l2: -0.0958
          Episode_Reward/dof_torques_l2: -0.0670
              Episode_Reward/dof_acc_l2: -0.1148
          Episode_Reward/action_rate_l2: -0.0850
           Episode_Reward/feet_air_time: -0.0251
     Episode_Reward/flat_orientation_l2: 0.0000
          Episode_Reward/dof_pos_limits: 0.0000
              Curriculum/terrain_levels: 0.3292
     Metrics/base_velocity/error_vel_xy: 1.4468
    Metrics/base_velocity/error_vel_yaw: 0.5029
           Episode_Termination/time_out: 0.8954
       Episode_Termination/base_contact: 0.1046
--------------------------------------------------------------------------------
                         Iteration time: 63.14s
                           Time elapsed: 02:57:27
                                    ETA: 13:12:14

################################################################################
[1m                          Learning iteration 183/1000                           [0m 

                            Total steps: 18087936 
                       Steps per second: 1558 
                        Collection time: 62.582s 
                          Learning time: 0.484s 
                        Mean value loss: 0.0190
                    Mean surrogate loss: -0.0065
                      Mean entropy loss: 9.8387
                            Mean reward: 12.94
                    Mean episode length: 977.02
                        Mean action std: 0.57
    Episode_Reward/track_lin_vel_xy_exp: 0.5326
     Episode_Reward/track_ang_vel_z_exp: 0.5446
            Episode_Reward/lin_vel_z_l2: -0.0248
           Episode_Reward/ang_vel_xy_l2: -0.0939
          Episode_Reward/dof_torques_l2: -0.0696
              Episode_Reward/dof_acc_l2: -0.1179
          Episode_Reward/action_rate_l2: -0.0867
           Episode_Reward/feet_air_time: -0.0264
     Episode_Reward/flat_orientation_l2: 0.0000
          Episode_Reward/dof_pos_limits: 0.0000
              Curriculum/terrain_levels: 0.3322
     Metrics/base_velocity/error_vel_xy: 1.4433
    Metrics/base_velocity/error_vel_yaw: 0.4960
           Episode_Termination/time_out: 0.8952
       Episode_Termination/base_contact: 0.1048
--------------------------------------------------------------------------------
                         Iteration time: 63.07s
                           Time elapsed: 02:58:30
                                    ETA: 13:11:37

################################################################################
[1m                          Learning iteration 184/1000                           [0m 

                            Total steps: 18186240 
                       Steps per second: 1561 
                        Collection time: 62.483s 
                          Learning time: 0.480s 
                        Mean value loss: 0.0176
                    Mean surrogate loss: -0.0065
                      Mean entropy loss: 9.8419
                            Mean reward: 12.02
                    Mean episode length: 948.12
                        Mean action std: 0.57
    Episode_Reward/track_lin_vel_xy_exp: 0.4861
     Episode_Reward/track_ang_vel_z_exp: 0.5180
            Episode_Reward/lin_vel_z_l2: -0.0233
           Episode_Reward/ang_vel_xy_l2: -0.0892
          Episode_Reward/dof_torques_l2: -0.0655
              Episode_Reward/dof_acc_l2: -0.1115
          Episode_Reward/action_rate_l2: -0.0822
           Episode_Reward/feet_air_time: -0.0242
     Episode_Reward/flat_orientation_l2: 0.0000
          Episode_Reward/dof_pos_limits: 0.0000
              Curriculum/terrain_levels: 0.3336
     Metrics/base_velocity/error_vel_xy: 1.4921
    Metrics/base_velocity/error_vel_yaw: 0.4881
           Episode_Termination/time_out: 0.8959
       Episode_Termination/base_contact: 0.1041
--------------------------------------------------------------------------------
                         Iteration time: 62.96s
                           Time elapsed: 02:59:33
                                    ETA: 13:11:00

################################################################################
[1m                          Learning iteration 185/1000                           [0m 

                            Total steps: 18284544 
                       Steps per second: 1563 
                        Collection time: 62.386s 
                          Learning time: 0.477s 
                        Mean value loss: 0.0132
                    Mean surrogate loss: -0.0061
                      Mean entropy loss: 9.8176
                            Mean reward: 11.72
                    Mean episode length: 903.93
                        Mean action std: 0.57
    Episode_Reward/track_lin_vel_xy_exp: 0.4463
     Episode_Reward/track_ang_vel_z_exp: 0.5001
            Episode_Reward/lin_vel_z_l2: -0.0243
           Episode_Reward/ang_vel_xy_l2: -0.0897
          Episode_Reward/dof_torques_l2: -0.0631
              Episode_Reward/dof_acc_l2: -0.1048
          Episode_Reward/action_rate_l2: -0.0795
           Episode_Reward/feet_air_time: -0.0239
     Episode_Reward/flat_orientation_l2: 0.0000
          Episode_Reward/dof_pos_limits: 0.0000
              Curriculum/terrain_levels: 0.3341
     Metrics/base_velocity/error_vel_xy: 1.4834
    Metrics/base_velocity/error_vel_yaw: 0.4587
           Episode_Termination/time_out: 0.8943
       Episode_Termination/base_contact: 0.1057
--------------------------------------------------------------------------------
                         Iteration time: 62.86s
                           Time elapsed: 03:00:36
                                    ETA: 13:10:22

################################################################################
[1m                          Learning iteration 186/1000                           [0m 

                            Total steps: 18382848 
                       Steps per second: 1561 
                        Collection time: 62.471s 
                          Learning time: 0.481s 
                        Mean value loss: 0.0152
                    Mean surrogate loss: -0.0060
                      Mean entropy loss: 9.7936
                            Mean reward: 13.62
                    Mean episode length: 978.93
                        Mean action std: 0.56
    Episode_Reward/track_lin_vel_xy_exp: 0.5582
     Episode_Reward/track_ang_vel_z_exp: 0.5466
            Episode_Reward/lin_vel_z_l2: -0.0248
           Episode_Reward/ang_vel_xy_l2: -0.0925
          Episode_Reward/dof_torques_l2: -0.0715
              Episode_Reward/dof_acc_l2: -0.1203
          Episode_Reward/action_rate_l2: -0.0876
           Episode_Reward/feet_air_time: -0.0256
     Episode_Reward/flat_orientation_l2: 0.0000
          Episode_Reward/dof_pos_limits: 0.0000
              Curriculum/terrain_levels: 0.3363
     Metrics/base_velocity/error_vel_xy: 1.4778
    Metrics/base_velocity/error_vel_yaw: 0.5037
           Episode_Termination/time_out: 0.8941
       Episode_Termination/base_contact: 0.1059
--------------------------------------------------------------------------------
                         Iteration time: 62.95s
                           Time elapsed: 03:01:39
                                    ETA: 13:09:44

################################################################################
[1m                          Learning iteration 187/1000                           [0m 

                            Total steps: 18481152 
                       Steps per second: 1563 
                        Collection time: 62.364s 
                          Learning time: 0.493s 
                        Mean value loss: 0.0187
                    Mean surrogate loss: -0.0064
                      Mean entropy loss: 9.7892
                            Mean reward: 14.45
                    Mean episode length: 971.66
                        Mean action std: 0.56
    Episode_Reward/track_lin_vel_xy_exp: 0.5706
     Episode_Reward/track_ang_vel_z_exp: 0.5178
            Episode_Reward/lin_vel_z_l2: -0.0255
           Episode_Reward/ang_vel_xy_l2: -0.0923
          Episode_Reward/dof_torques_l2: -0.0681
              Episode_Reward/dof_acc_l2: -0.1196
          Episode_Reward/action_rate_l2: -0.0843
           Episode_Reward/feet_air_time: -0.0250
     Episode_Reward/flat_orientation_l2: 0.0000
          Episode_Reward/dof_pos_limits: 0.0000
              Curriculum/terrain_levels: 0.3405
     Metrics/base_velocity/error_vel_xy: 1.4026
    Metrics/base_velocity/error_vel_yaw: 0.4886
           Episode_Termination/time_out: 0.8960
       Episode_Termination/base_contact: 0.1040
--------------------------------------------------------------------------------
                         Iteration time: 62.86s
                           Time elapsed: 03:02:41
                                    ETA: 13:09:05

################################################################################
[1m                          Learning iteration 188/1000                           [0m 

                            Total steps: 18579456 
                       Steps per second: 1555 
                        Collection time: 62.723s 
                          Learning time: 0.478s 
                        Mean value loss: 0.0187
                    Mean surrogate loss: -0.0065
                      Mean entropy loss: 9.8015
                            Mean reward: 13.06
                    Mean episode length: 976.92
                        Mean action std: 0.57
    Episode_Reward/track_lin_vel_xy_exp: 0.4769
     Episode_Reward/track_ang_vel_z_exp: 0.5478
            Episode_Reward/lin_vel_z_l2: -0.0246
           Episode_Reward/ang_vel_xy_l2: -0.0915
          Episode_Reward/dof_torques_l2: -0.0696
              Episode_Reward/dof_acc_l2: -0.1146
          Episode_Reward/action_rate_l2: -0.0858
           Episode_Reward/feet_air_time: -0.0252
     Episode_Reward/flat_orientation_l2: 0.0000
          Episode_Reward/dof_pos_limits: 0.0000
              Curriculum/terrain_levels: 0.3437
     Metrics/base_velocity/error_vel_xy: 1.6008
    Metrics/base_velocity/error_vel_yaw: 0.4909
           Episode_Termination/time_out: 0.8971
       Episode_Termination/base_contact: 0.1029
--------------------------------------------------------------------------------
                         Iteration time: 63.20s
                           Time elapsed: 03:03:45
                                    ETA: 13:08:28

################################################################################
[1m                          Learning iteration 189/1000                           [0m 

                            Total steps: 18677760 
                       Steps per second: 1550 
                        Collection time: 62.902s 
                          Learning time: 0.483s 
                        Mean value loss: 0.0186
                    Mean surrogate loss: -0.0064
                      Mean entropy loss: 9.8178
                            Mean reward: 12.72
                    Mean episode length: 956.51
                        Mean action std: 0.57
    Episode_Reward/track_lin_vel_xy_exp: 0.4776
     Episode_Reward/track_ang_vel_z_exp: 0.5353
            Episode_Reward/lin_vel_z_l2: -0.0247
           Episode_Reward/ang_vel_xy_l2: -0.0888
          Episode_Reward/dof_torques_l2: -0.0672
              Episode_Reward/dof_acc_l2: -0.1122
          Episode_Reward/action_rate_l2: -0.0837
           Episode_Reward/feet_air_time: -0.0248
     Episode_Reward/flat_orientation_l2: 0.0000
          Episode_Reward/dof_pos_limits: 0.0000
              Curriculum/terrain_levels: 0.3477
     Metrics/base_velocity/error_vel_xy: 1.5576
    Metrics/base_velocity/error_vel_yaw: 0.4777
           Episode_Termination/time_out: 0.8975
       Episode_Termination/base_contact: 0.1025
--------------------------------------------------------------------------------
                         Iteration time: 63.38s
                           Time elapsed: 03:04:48
                                    ETA: 13:07:51

################################################################################
[1m                          Learning iteration 190/1000                           [0m 

                            Total steps: 18776064 
                       Steps per second: 1557 
                        Collection time: 62.646s 
                          Learning time: 0.483s 
                        Mean value loss: 0.0166
                    Mean surrogate loss: -0.0061
                      Mean entropy loss: 9.8104
                            Mean reward: 13.00
                    Mean episode length: 960.94
                        Mean action std: 0.57
    Episode_Reward/track_lin_vel_xy_exp: 0.5190
     Episode_Reward/track_ang_vel_z_exp: 0.5295
            Episode_Reward/lin_vel_z_l2: -0.0244
           Episode_Reward/ang_vel_xy_l2: -0.0919
          Episode_Reward/dof_torques_l2: -0.0664
              Episode_Reward/dof_acc_l2: -0.1138
          Episode_Reward/action_rate_l2: -0.0847
           Episode_Reward/feet_air_time: -0.0242
     Episode_Reward/flat_orientation_l2: 0.0000
          Episode_Reward/dof_pos_limits: 0.0000
              Curriculum/terrain_levels: 0.3481
     Metrics/base_velocity/error_vel_xy: 1.5518
    Metrics/base_velocity/error_vel_yaw: 0.4917
           Episode_Termination/time_out: 0.8968
       Episode_Termination/base_contact: 0.1032
--------------------------------------------------------------------------------
                         Iteration time: 63.13s
                           Time elapsed: 03:05:51
                                    ETA: 13:07:13

################################################################################
[1m                          Learning iteration 191/1000                           [0m 

                            Total steps: 18874368 
                       Steps per second: 1562 
                        Collection time: 62.422s 
                          Learning time: 0.484s 
                        Mean value loss: 0.0175
                    Mean surrogate loss: -0.0061
                      Mean entropy loss: 9.7913
                            Mean reward: 13.07
                    Mean episode length: 939.30
                        Mean action std: 0.56
    Episode_Reward/track_lin_vel_xy_exp: 0.5157
     Episode_Reward/track_ang_vel_z_exp: 0.5305
            Episode_Reward/lin_vel_z_l2: -0.0226
           Episode_Reward/ang_vel_xy_l2: -0.0874
          Episode_Reward/dof_torques_l2: -0.0654
              Episode_Reward/dof_acc_l2: -0.1086
          Episode_Reward/action_rate_l2: -0.0821
           Episode_Reward/feet_air_time: -0.0236
     Episode_Reward/flat_orientation_l2: 0.0000
          Episode_Reward/dof_pos_limits: 0.0000
              Curriculum/terrain_levels: 0.3506
     Metrics/base_velocity/error_vel_xy: 1.3943
    Metrics/base_velocity/error_vel_yaw: 0.4630
           Episode_Termination/time_out: 0.8977
       Episode_Termination/base_contact: 0.1023
--------------------------------------------------------------------------------
                         Iteration time: 62.91s
                           Time elapsed: 03:06:54
                                    ETA: 13:06:34

################################################################################
[1m                          Learning iteration 192/1000                           [0m 

                            Total steps: 18972672 
                       Steps per second: 1568 
                        Collection time: 62.198s 
                          Learning time: 0.479s 
                        Mean value loss: 0.0178
                    Mean surrogate loss: -0.0059
                      Mean entropy loss: 9.7935
                            Mean reward: 13.65
                    Mean episode length: 973.70
                        Mean action std: 0.57
    Episode_Reward/track_lin_vel_xy_exp: 0.5502
     Episode_Reward/track_ang_vel_z_exp: 0.5483
            Episode_Reward/lin_vel_z_l2: -0.0251
           Episode_Reward/ang_vel_xy_l2: -0.0938
          Episode_Reward/dof_torques_l2: -0.0719
              Episode_Reward/dof_acc_l2: -0.1208
          Episode_Reward/action_rate_l2: -0.0870
           Episode_Reward/feet_air_time: -0.0258
     Episode_Reward/flat_orientation_l2: 0.0000
          Episode_Reward/dof_pos_limits: 0.0000
              Curriculum/terrain_levels: 0.3547
     Metrics/base_velocity/error_vel_xy: 1.4497
    Metrics/base_velocity/error_vel_yaw: 0.4964
           Episode_Termination/time_out: 0.8987
       Episode_Termination/base_contact: 0.1013
--------------------------------------------------------------------------------
                         Iteration time: 62.68s
                           Time elapsed: 03:07:57
                                    ETA: 13:05:53

################################################################################
[1m                          Learning iteration 193/1000                           [0m 

                            Total steps: 19070976 
                       Steps per second: 1564 
                        Collection time: 62.339s 
                          Learning time: 0.482s 
                        Mean value loss: 0.0166
                    Mean surrogate loss: -0.0054
                      Mean entropy loss: 9.7835
                            Mean reward: 13.30
                    Mean episode length: 969.94
                        Mean action std: 0.56
    Episode_Reward/track_lin_vel_xy_exp: 0.5297
     Episode_Reward/track_ang_vel_z_exp: 0.5509
            Episode_Reward/lin_vel_z_l2: -0.0249
           Episode_Reward/ang_vel_xy_l2: -0.0906
          Episode_Reward/dof_torques_l2: -0.0713
              Episode_Reward/dof_acc_l2: -0.1170
          Episode_Reward/action_rate_l2: -0.0868
           Episode_Reward/feet_air_time: -0.0259
     Episode_Reward/flat_orientation_l2: 0.0000
          Episode_Reward/dof_pos_limits: 0.0000
              Curriculum/terrain_levels: 0.3585
     Metrics/base_velocity/error_vel_xy: 1.5113
    Metrics/base_velocity/error_vel_yaw: 0.4982
           Episode_Termination/time_out: 0.9010
       Episode_Termination/base_contact: 0.0990
--------------------------------------------------------------------------------
                         Iteration time: 62.82s
                           Time elapsed: 03:08:59
                                    ETA: 13:05:13

################################################################################
[1m                          Learning iteration 194/1000                           [0m 

                            Total steps: 19169280 
                       Steps per second: 1562 
                        Collection time: 62.406s 
                          Learning time: 0.493s 
                        Mean value loss: 0.0152
                    Mean surrogate loss: -0.0060
                      Mean entropy loss: 9.7745
                            Mean reward: 12.90
                    Mean episode length: 952.85
                        Mean action std: 0.56
    Episode_Reward/track_lin_vel_xy_exp: 0.5103
     Episode_Reward/track_ang_vel_z_exp: 0.5359
            Episode_Reward/lin_vel_z_l2: -0.0238
           Episode_Reward/ang_vel_xy_l2: -0.0889
          Episode_Reward/dof_torques_l2: -0.0683
              Episode_Reward/dof_acc_l2: -0.1149
          Episode_Reward/action_rate_l2: -0.0837
           Episode_Reward/feet_air_time: -0.0252
     Episode_Reward/flat_orientation_l2: 0.0000
          Episode_Reward/dof_pos_limits: 0.0000
              Curriculum/terrain_levels: 0.3608
     Metrics/base_velocity/error_vel_xy: 1.4007
    Metrics/base_velocity/error_vel_yaw: 0.4807
           Episode_Termination/time_out: 0.9021
       Episode_Termination/base_contact: 0.0979
--------------------------------------------------------------------------------
                         Iteration time: 62.90s
                           Time elapsed: 03:10:02
                                    ETA: 13:04:33

################################################################################
[1m                          Learning iteration 195/1000                           [0m 

                            Total steps: 19267584 
                       Steps per second: 1565 
                        Collection time: 62.318s 
                          Learning time: 0.483s 
                        Mean value loss: 0.0156
                    Mean surrogate loss: -0.0056
                      Mean entropy loss: 9.7763
                            Mean reward: 12.42
                    Mean episode length: 968.09
                        Mean action std: 0.56
    Episode_Reward/track_lin_vel_xy_exp: 0.5312
     Episode_Reward/track_ang_vel_z_exp: 0.5498
            Episode_Reward/lin_vel_z_l2: -0.0246
           Episode_Reward/ang_vel_xy_l2: -0.0929
          Episode_Reward/dof_torques_l2: -0.0709
              Episode_Reward/dof_acc_l2: -0.1197
          Episode_Reward/action_rate_l2: -0.0870
           Episode_Reward/feet_air_time: -0.0254
     Episode_Reward/flat_orientation_l2: 0.0000
          Episode_Reward/dof_pos_limits: 0.0000
              Curriculum/terrain_levels: 0.3616
     Metrics/base_velocity/error_vel_xy: 1.5551
    Metrics/base_velocity/error_vel_yaw: 0.4968
           Episode_Termination/time_out: 0.9027
       Episode_Termination/base_contact: 0.0973
--------------------------------------------------------------------------------
                         Iteration time: 62.80s
                           Time elapsed: 03:11:05
                                    ETA: 13:03:52

################################################################################
[1m                          Learning iteration 196/1000                           [0m 

                            Total steps: 19365888 
                       Steps per second: 1570 
                        Collection time: 62.103s 
                          Learning time: 0.490s 
                        Mean value loss: 0.0211
                    Mean surrogate loss: -0.0054
                      Mean entropy loss: 9.7770
                            Mean reward: 13.30
                    Mean episode length: 957.04
                        Mean action std: 0.56
    Episode_Reward/track_lin_vel_xy_exp: 0.5304
     Episode_Reward/track_ang_vel_z_exp: 0.5346
            Episode_Reward/lin_vel_z_l2: -0.0241
           Episode_Reward/ang_vel_xy_l2: -0.0889
          Episode_Reward/dof_torques_l2: -0.0671
              Episode_Reward/dof_acc_l2: -0.1184
          Episode_Reward/action_rate_l2: -0.0845
           Episode_Reward/feet_air_time: -0.0245
     Episode_Reward/flat_orientation_l2: 0.0000
          Episode_Reward/dof_pos_limits: 0.0000
              Curriculum/terrain_levels: 0.3642
     Metrics/base_velocity/error_vel_xy: 1.5095
    Metrics/base_velocity/error_vel_yaw: 0.4951
           Episode_Termination/time_out: 0.9034
       Episode_Termination/base_contact: 0.0966
--------------------------------------------------------------------------------
                         Iteration time: 62.59s
                           Time elapsed: 03:12:08
                                    ETA: 13:03:10

################################################################################
[1m                          Learning iteration 197/1000                           [0m 

                            Total steps: 19464192 
                       Steps per second: 1565 
                        Collection time: 62.311s 
                          Learning time: 0.479s 
                        Mean value loss: 0.0188
                    Mean surrogate loss: -0.0057
                      Mean entropy loss: 9.7900
                            Mean reward: 13.73
                    Mean episode length: 933.26
                        Mean action std: 0.56
    Episode_Reward/track_lin_vel_xy_exp: 0.6015
     Episode_Reward/track_ang_vel_z_exp: 0.5241
            Episode_Reward/lin_vel_z_l2: -0.0257
           Episode_Reward/ang_vel_xy_l2: -0.0953
          Episode_Reward/dof_torques_l2: -0.0698
              Episode_Reward/dof_acc_l2: -0.1218
          Episode_Reward/action_rate_l2: -0.0845
           Episode_Reward/feet_air_time: -0.0253
     Episode_Reward/flat_orientation_l2: 0.0000
          Episode_Reward/dof_pos_limits: 0.0000
              Curriculum/terrain_levels: 0.3664
     Metrics/base_velocity/error_vel_xy: 1.2938
    Metrics/base_velocity/error_vel_yaw: 0.4768
           Episode_Termination/time_out: 0.9028
       Episode_Termination/base_contact: 0.0972
--------------------------------------------------------------------------------
                         Iteration time: 62.79s
                           Time elapsed: 03:13:11
                                    ETA: 13:02:29

################################################################################
[1m                          Learning iteration 198/1000                           [0m 

                            Total steps: 19562496 
                       Steps per second: 1562 
                        Collection time: 62.442s 
                          Learning time: 0.484s 
                        Mean value loss: 0.0178
                    Mean surrogate loss: -0.0041
                      Mean entropy loss: 9.7976
                            Mean reward: 13.74
                    Mean episode length: 963.75
                        Mean action std: 0.56
    Episode_Reward/track_lin_vel_xy_exp: 0.5331
     Episode_Reward/track_ang_vel_z_exp: 0.5456
            Episode_Reward/lin_vel_z_l2: -0.0251
           Episode_Reward/ang_vel_xy_l2: -0.0918
          Episode_Reward/dof_torques_l2: -0.0713
              Episode_Reward/dof_acc_l2: -0.1197
          Episode_Reward/action_rate_l2: -0.0864
           Episode_Reward/feet_air_time: -0.0255
     Episode_Reward/flat_orientation_l2: 0.0000
          Episode_Reward/dof_pos_limits: 0.0000
              Curriculum/terrain_levels: 0.3706
     Metrics/base_velocity/error_vel_xy: 1.5063
    Metrics/base_velocity/error_vel_yaw: 0.4896
           Episode_Termination/time_out: 0.9021
       Episode_Termination/base_contact: 0.0979
--------------------------------------------------------------------------------
                         Iteration time: 62.93s
                           Time elapsed: 03:14:13
                                    ETA: 13:01:48

################################################################################
[1m                          Learning iteration 199/1000                           [0m 

                            Total steps: 19660800 
                       Steps per second: 1561 
                        Collection time: 62.452s 
                          Learning time: 0.484s 
                        Mean value loss: 0.0163
                    Mean surrogate loss: -0.0061
                      Mean entropy loss: 9.7907
                            Mean reward: 13.42
                    Mean episode length: 963.03
                        Mean action std: 0.56
    Episode_Reward/track_lin_vel_xy_exp: 0.5252
     Episode_Reward/track_ang_vel_z_exp: 0.5487
            Episode_Reward/lin_vel_z_l2: -0.0239
           Episode_Reward/ang_vel_xy_l2: -0.0871
          Episode_Reward/dof_torques_l2: -0.0690
              Episode_Reward/dof_acc_l2: -0.1174
          Episode_Reward/action_rate_l2: -0.0847
           Episode_Reward/feet_air_time: -0.0247
     Episode_Reward/flat_orientation_l2: 0.0000
          Episode_Reward/dof_pos_limits: 0.0000
              Curriculum/terrain_levels: 0.3736
     Metrics/base_velocity/error_vel_xy: 1.5140
    Metrics/base_velocity/error_vel_yaw: 0.4821
           Episode_Termination/time_out: 0.9028
       Episode_Termination/base_contact: 0.0972
--------------------------------------------------------------------------------
                         Iteration time: 62.94s
                           Time elapsed: 03:15:16
                                    ETA: 13:01:07

################################################################################
[1m                          Learning iteration 200/1000                           [0m 

                            Total steps: 19759104 
                       Steps per second: 1568 
                        Collection time: 62.177s 
                          Learning time: 0.485s 
                        Mean value loss: 0.0181
                    Mean surrogate loss: -0.0052
                      Mean entropy loss: 9.7913
                            Mean reward: 14.28
                    Mean episode length: 976.89
                        Mean action std: 0.56
    Episode_Reward/track_lin_vel_xy_exp: 0.5227
     Episode_Reward/track_ang_vel_z_exp: 0.5478
            Episode_Reward/lin_vel_z_l2: -0.0229
           Episode_Reward/ang_vel_xy_l2: -0.0878
          Episode_Reward/dof_torques_l2: -0.0681
              Episode_Reward/dof_acc_l2: -0.1171
          Episode_Reward/action_rate_l2: -0.0857
           Episode_Reward/feet_air_time: -0.0260
     Episode_Reward/flat_orientation_l2: 0.0000
          Episode_Reward/dof_pos_limits: 0.0000
              Curriculum/terrain_levels: 0.3733
     Metrics/base_velocity/error_vel_xy: 1.6133
    Metrics/base_velocity/error_vel_yaw: 0.5115
           Episode_Termination/time_out: 0.9035
       Episode_Termination/base_contact: 0.0965
--------------------------------------------------------------------------------
                         Iteration time: 62.66s
                           Time elapsed: 03:16:19
                                    ETA: 13:00:25

################################################################################
[1m                          Learning iteration 201/1000                           [0m 

                            Total steps: 19857408 
                       Steps per second: 1571 
                        Collection time: 62.082s 
                          Learning time: 0.477s 
                        Mean value loss: 0.0176
                    Mean surrogate loss: -0.0057
                      Mean entropy loss: 9.7717
                            Mean reward: 12.44
                    Mean episode length: 950.03
                        Mean action std: 0.56
    Episode_Reward/track_lin_vel_xy_exp: 0.4326
     Episode_Reward/track_ang_vel_z_exp: 0.5415
            Episode_Reward/lin_vel_z_l2: -0.0234
           Episode_Reward/ang_vel_xy_l2: -0.0877
          Episode_Reward/dof_torques_l2: -0.0652
              Episode_Reward/dof_acc_l2: -0.1138
          Episode_Reward/action_rate_l2: -0.0833
           Episode_Reward/feet_air_time: -0.0249
     Episode_Reward/flat_orientation_l2: 0.0000
          Episode_Reward/dof_pos_limits: 0.0000
              Curriculum/terrain_levels: 0.3736
     Metrics/base_velocity/error_vel_xy: 1.6564
    Metrics/base_velocity/error_vel_yaw: 0.4661
           Episode_Termination/time_out: 0.9050
       Episode_Termination/base_contact: 0.0950
--------------------------------------------------------------------------------
                         Iteration time: 62.56s
                           Time elapsed: 03:17:22
                                    ETA: 12:59:42

################################################################################
[1m                          Learning iteration 202/1000                           [0m 

                            Total steps: 19955712 
                       Steps per second: 1571 
                        Collection time: 62.069s 
                          Learning time: 0.485s 
                        Mean value loss: 0.0185
                    Mean surrogate loss: -0.0063
                      Mean entropy loss: 9.7615
                            Mean reward: 12.48
                    Mean episode length: 979.14
                        Mean action std: 0.56
    Episode_Reward/track_lin_vel_xy_exp: 0.4898
     Episode_Reward/track_ang_vel_z_exp: 0.5479
            Episode_Reward/lin_vel_z_l2: -0.0239
           Episode_Reward/ang_vel_xy_l2: -0.0892
          Episode_Reward/dof_torques_l2: -0.0681
              Episode_Reward/dof_acc_l2: -0.1206
          Episode_Reward/action_rate_l2: -0.0857
           Episode_Reward/feet_air_time: -0.0251
     Episode_Reward/flat_orientation_l2: 0.0000
          Episode_Reward/dof_pos_limits: 0.0000
              Curriculum/terrain_levels: 0.3735
     Metrics/base_velocity/error_vel_xy: 1.5531
    Metrics/base_velocity/error_vel_yaw: 0.4951
           Episode_Termination/time_out: 0.9063
       Episode_Termination/base_contact: 0.0937
--------------------------------------------------------------------------------
                         Iteration time: 62.55s
                           Time elapsed: 03:18:24
                                    ETA: 12:58:59

################################################################################
[1m                          Learning iteration 203/1000                           [0m 

                            Total steps: 20054016 
                       Steps per second: 1566 
                        Collection time: 62.275s 
                          Learning time: 0.495s 
                        Mean value loss: 0.0207
                    Mean surrogate loss: -0.0040
                      Mean entropy loss: 9.7540
                            Mean reward: 12.41
                    Mean episode length: 932.19
                        Mean action std: 0.56
    Episode_Reward/track_lin_vel_xy_exp: 0.4308
     Episode_Reward/track_ang_vel_z_exp: 0.5367
            Episode_Reward/lin_vel_z_l2: -0.0218
           Episode_Reward/ang_vel_xy_l2: -0.0827
          Episode_Reward/dof_torques_l2: -0.0647
              Episode_Reward/dof_acc_l2: -0.1093
          Episode_Reward/action_rate_l2: -0.0808
           Episode_Reward/feet_air_time: -0.0240
     Episode_Reward/flat_orientation_l2: 0.0000
          Episode_Reward/dof_pos_limits: 0.0000
              Curriculum/terrain_levels: 0.3756
     Metrics/base_velocity/error_vel_xy: 1.6039
    Metrics/base_velocity/error_vel_yaw: 0.4578
           Episode_Termination/time_out: 0.9075
       Episode_Termination/base_contact: 0.0925
--------------------------------------------------------------------------------
                         Iteration time: 62.77s
                           Time elapsed: 03:19:27
                                    ETA: 12:58:16

################################################################################
[1m                          Learning iteration 204/1000                           [0m 

                            Total steps: 20152320 
                       Steps per second: 1574 
                        Collection time: 61.970s 
                          Learning time: 0.483s 
                        Mean value loss: 0.0172
                    Mean surrogate loss: -0.0065
                      Mean entropy loss: 9.7552
                            Mean reward: 14.67
                    Mean episode length: 976.60
                        Mean action std: 0.56
    Episode_Reward/track_lin_vel_xy_exp: 0.5716
     Episode_Reward/track_ang_vel_z_exp: 0.5490
            Episode_Reward/lin_vel_z_l2: -0.0236
           Episode_Reward/ang_vel_xy_l2: -0.0916
          Episode_Reward/dof_torques_l2: -0.0710
              Episode_Reward/dof_acc_l2: -0.1201
          Episode_Reward/action_rate_l2: -0.0868
           Episode_Reward/feet_air_time: -0.0258
     Episode_Reward/flat_orientation_l2: 0.0000
          Episode_Reward/dof_pos_limits: 0.0000
              Curriculum/terrain_levels: 0.3784
     Metrics/base_velocity/error_vel_xy: 1.4531
    Metrics/base_velocity/error_vel_yaw: 0.4908
           Episode_Termination/time_out: 0.9077
       Episode_Termination/base_contact: 0.0923
--------------------------------------------------------------------------------
                         Iteration time: 62.45s
                           Time elapsed: 03:20:29
                                    ETA: 12:57:32

################################################################################
[1m                          Learning iteration 205/1000                           [0m 

                            Total steps: 20250624 
                       Steps per second: 1568 
                        Collection time: 62.171s 
                          Learning time: 0.488s 
                        Mean value loss: 0.0167
                    Mean surrogate loss: -0.0057
                      Mean entropy loss: 9.7511
                            Mean reward: 13.42
                    Mean episode length: 941.94
                        Mean action std: 0.56
    Episode_Reward/track_lin_vel_xy_exp: 0.5637
     Episode_Reward/track_ang_vel_z_exp: 0.5387
            Episode_Reward/lin_vel_z_l2: -0.0240
           Episode_Reward/ang_vel_xy_l2: -0.0921
          Episode_Reward/dof_torques_l2: -0.0707
              Episode_Reward/dof_acc_l2: -0.1177
          Episode_Reward/action_rate_l2: -0.0849
           Episode_Reward/feet_air_time: -0.0251
     Episode_Reward/flat_orientation_l2: 0.0000
          Episode_Reward/dof_pos_limits: 0.0000
              Curriculum/terrain_levels: 0.3810
     Metrics/base_velocity/error_vel_xy: 1.4321
    Metrics/base_velocity/error_vel_yaw: 0.4793
           Episode_Termination/time_out: 0.9082
       Episode_Termination/base_contact: 0.0918
--------------------------------------------------------------------------------
                         Iteration time: 62.66s
                           Time elapsed: 03:21:32
                                    ETA: 12:56:49

################################################################################
[1m                          Learning iteration 206/1000                           [0m 

                            Total steps: 20348928 
                       Steps per second: 1535 
                        Collection time: 63.542s 
                          Learning time: 0.492s 
                        Mean value loss: 0.0169
                    Mean surrogate loss: -0.0062
                      Mean entropy loss: 9.7428
                            Mean reward: 13.28
                    Mean episode length: 947.33
                        Mean action std: 0.56
    Episode_Reward/track_lin_vel_xy_exp: 0.5667
     Episode_Reward/track_ang_vel_z_exp: 0.5312
            Episode_Reward/lin_vel_z_l2: -0.0237
           Episode_Reward/ang_vel_xy_l2: -0.0891
          Episode_Reward/dof_torques_l2: -0.0656
              Episode_Reward/dof_acc_l2: -0.1166
          Episode_Reward/action_rate_l2: -0.0825
           Episode_Reward/feet_air_time: -0.0238
     Episode_Reward/flat_orientation_l2: 0.0000
          Episode_Reward/dof_pos_limits: 0.0000
              Curriculum/terrain_levels: 0.3823
     Metrics/base_velocity/error_vel_xy: 1.3196
    Metrics/base_velocity/error_vel_yaw: 0.4697
           Episode_Termination/time_out: 0.9080
       Episode_Termination/base_contact: 0.0920
--------------------------------------------------------------------------------
                         Iteration time: 64.03s
                           Time elapsed: 03:22:36
                                    ETA: 12:56:11

################################################################################
[1m                          Learning iteration 207/1000                           [0m 

                            Total steps: 20447232 
                       Steps per second: 1548 
                        Collection time: 62.990s 
                          Learning time: 0.508s 
                        Mean value loss: 0.0192
                    Mean surrogate loss: -0.0053
                      Mean entropy loss: 9.7239
                            Mean reward: 12.76
                    Mean episode length: 950.14
                        Mean action std: 0.56
    Episode_Reward/track_lin_vel_xy_exp: 0.5237
     Episode_Reward/track_ang_vel_z_exp: 0.5421
            Episode_Reward/lin_vel_z_l2: -0.0245
           Episode_Reward/ang_vel_xy_l2: -0.0920
          Episode_Reward/dof_torques_l2: -0.0699
              Episode_Reward/dof_acc_l2: -0.1211
          Episode_Reward/action_rate_l2: -0.0859
           Episode_Reward/feet_air_time: -0.0256
     Episode_Reward/flat_orientation_l2: 0.0000
          Episode_Reward/dof_pos_limits: 0.0000
              Curriculum/terrain_levels: 0.3859
     Metrics/base_velocity/error_vel_xy: 1.4901
    Metrics/base_velocity/error_vel_yaw: 0.4916
           Episode_Termination/time_out: 0.9077
       Episode_Termination/base_contact: 0.0923
--------------------------------------------------------------------------------
                         Iteration time: 63.50s
                           Time elapsed: 03:23:40
                                    ETA: 12:55:30

################################################################################
[1m                          Learning iteration 208/1000                           [0m 

                            Total steps: 20545536 
                       Steps per second: 1537 
                        Collection time: 63.464s 
                          Learning time: 0.486s 
                        Mean value loss: 0.0150
                    Mean surrogate loss: -0.0049
                      Mean entropy loss: 9.7167
                            Mean reward: 12.49
                    Mean episode length: 950.44
                        Mean action std: 0.56
    Episode_Reward/track_lin_vel_xy_exp: 0.4869
     Episode_Reward/track_ang_vel_z_exp: 0.5476
            Episode_Reward/lin_vel_z_l2: -0.0218
           Episode_Reward/ang_vel_xy_l2: -0.0840
          Episode_Reward/dof_torques_l2: -0.0647
              Episode_Reward/dof_acc_l2: -0.1133
          Episode_Reward/action_rate_l2: -0.0830
           Episode_Reward/feet_air_time: -0.0242
     Episode_Reward/flat_orientation_l2: 0.0000
          Episode_Reward/dof_pos_limits: 0.0000
              Curriculum/terrain_levels: 0.3880
     Metrics/base_velocity/error_vel_xy: 1.6443
    Metrics/base_velocity/error_vel_yaw: 0.4756
           Episode_Termination/time_out: 0.9070
       Episode_Termination/base_contact: 0.0930
--------------------------------------------------------------------------------
                         Iteration time: 63.95s
                           Time elapsed: 03:24:44
                                    ETA: 12:54:51

################################################################################
[1m                          Learning iteration 209/1000                           [0m 

                            Total steps: 20643840 
                       Steps per second: 1560 
                        Collection time: 62.531s 
                          Learning time: 0.480s 
                        Mean value loss: 0.0196
                    Mean surrogate loss: -0.0060
                      Mean entropy loss: 9.7087
                            Mean reward: 13.78
                    Mean episode length: 987.04
                        Mean action std: 0.56
    Episode_Reward/track_lin_vel_xy_exp: 0.5303
     Episode_Reward/track_ang_vel_z_exp: 0.5631
            Episode_Reward/lin_vel_z_l2: -0.0224
           Episode_Reward/ang_vel_xy_l2: -0.0880
          Episode_Reward/dof_torques_l2: -0.0693
              Episode_Reward/dof_acc_l2: -0.1141
          Episode_Reward/action_rate_l2: -0.0857
           Episode_Reward/feet_air_time: -0.0252
     Episode_Reward/flat_orientation_l2: 0.0000
          Episode_Reward/dof_pos_limits: 0.0000
              Curriculum/terrain_levels: 0.3880
     Metrics/base_velocity/error_vel_xy: 1.5441
    Metrics/base_velocity/error_vel_yaw: 0.4902
           Episode_Termination/time_out: 0.9072
       Episode_Termination/base_contact: 0.0928
--------------------------------------------------------------------------------
                         Iteration time: 63.01s
                           Time elapsed: 03:25:47
                                    ETA: 12:54:08

################################################################################
[1m                          Learning iteration 210/1000                           [0m 

                            Total steps: 20742144 
                       Steps per second: 1556 
                        Collection time: 62.679s 
                          Learning time: 0.484s 
                        Mean value loss: 0.0188
                    Mean surrogate loss: -0.0064
                      Mean entropy loss: 9.7113
                            Mean reward: 14.75
                    Mean episode length: 954.15
                        Mean action std: 0.56
    Episode_Reward/track_lin_vel_xy_exp: 0.6188
     Episode_Reward/track_ang_vel_z_exp: 0.5441
            Episode_Reward/lin_vel_z_l2: -0.0242
           Episode_Reward/ang_vel_xy_l2: -0.0940
          Episode_Reward/dof_torques_l2: -0.0695
              Episode_Reward/dof_acc_l2: -0.1176
          Episode_Reward/action_rate_l2: -0.0853
           Episode_Reward/feet_air_time: -0.0257
     Episode_Reward/flat_orientation_l2: 0.0000
          Episode_Reward/dof_pos_limits: 0.0000
              Curriculum/terrain_levels: 0.3891
     Metrics/base_velocity/error_vel_xy: 1.3657
    Metrics/base_velocity/error_vel_yaw: 0.4674
           Episode_Termination/time_out: 0.9078
       Episode_Termination/base_contact: 0.0922
--------------------------------------------------------------------------------
                         Iteration time: 63.16s
                           Time elapsed: 03:26:50
                                    ETA: 12:53:26

################################################################################
[1m                          Learning iteration 211/1000                           [0m 

                            Total steps: 20840448 
                       Steps per second: 1539 
                        Collection time: 63.349s 
                          Learning time: 0.500s 
                        Mean value loss: 0.0176
                    Mean surrogate loss: -0.0069
                      Mean entropy loss: 9.7218
                            Mean reward: 13.95
                    Mean episode length: 963.81
                        Mean action std: 0.56
    Episode_Reward/track_lin_vel_xy_exp: 0.5812
     Episode_Reward/track_ang_vel_z_exp: 0.5446
            Episode_Reward/lin_vel_z_l2: -0.0241
           Episode_Reward/ang_vel_xy_l2: -0.0905
          Episode_Reward/dof_torques_l2: -0.0683
              Episode_Reward/dof_acc_l2: -0.1193
          Episode_Reward/action_rate_l2: -0.0843
           Episode_Reward/feet_air_time: -0.0254
     Episode_Reward/flat_orientation_l2: 0.0000
          Episode_Reward/dof_pos_limits: 0.0000
              Curriculum/terrain_levels: 0.3914
     Metrics/base_velocity/error_vel_xy: 1.4575
    Metrics/base_velocity/error_vel_yaw: 0.4809
           Episode_Termination/time_out: 0.9096
       Episode_Termination/base_contact: 0.0904
--------------------------------------------------------------------------------
                         Iteration time: 63.85s
                           Time elapsed: 03:27:54
                                    ETA: 12:52:45

################################################################################
[1m                          Learning iteration 212/1000                           [0m 

                            Total steps: 20938752 
                       Steps per second: 1486 
                        Collection time: 65.651s 
                          Learning time: 0.497s 
                        Mean value loss: 0.0193
                    Mean surrogate loss: -0.0069
                      Mean entropy loss: 9.7378
                            Mean reward: 14.12
                    Mean episode length: 961.49
                        Mean action std: 0.56
    Episode_Reward/track_lin_vel_xy_exp: 0.5511
     Episode_Reward/track_ang_vel_z_exp: 0.5445
            Episode_Reward/lin_vel_z_l2: -0.0239
           Episode_Reward/ang_vel_xy_l2: -0.0904
          Episode_Reward/dof_torques_l2: -0.0701
              Episode_Reward/dof_acc_l2: -0.1218
          Episode_Reward/action_rate_l2: -0.0852
           Episode_Reward/feet_air_time: -0.0251
     Episode_Reward/flat_orientation_l2: 0.0000
          Episode_Reward/dof_pos_limits: 0.0000
              Curriculum/terrain_levels: 0.3934
     Metrics/base_velocity/error_vel_xy: 1.4419
    Metrics/base_velocity/error_vel_yaw: 0.4831
           Episode_Termination/time_out: 0.9101
       Episode_Termination/base_contact: 0.0899
--------------------------------------------------------------------------------
                         Iteration time: 66.15s
                           Time elapsed: 03:29:00
                                    ETA: 12:52:14

################################################################################
[1m                          Learning iteration 213/1000                           [0m 

                            Total steps: 21037056 
                       Steps per second: 1481 
                        Collection time: 65.845s 
                          Learning time: 0.504s 
                        Mean value loss: 0.0199
                    Mean surrogate loss: -0.0055
                      Mean entropy loss: 9.7557
                            Mean reward: 13.63
                    Mean episode length: 970.50
                        Mean action std: 0.56
    Episode_Reward/track_lin_vel_xy_exp: 0.5296
     Episode_Reward/track_ang_vel_z_exp: 0.5478
            Episode_Reward/lin_vel_z_l2: -0.0223
           Episode_Reward/ang_vel_xy_l2: -0.0854
          Episode_Reward/dof_torques_l2: -0.0668
              Episode_Reward/dof_acc_l2: -0.1132
          Episode_Reward/action_rate_l2: -0.0829
           Episode_Reward/feet_air_time: -0.0247
     Episode_Reward/flat_orientation_l2: 0.0000
          Episode_Reward/dof_pos_limits: 0.0000
              Curriculum/terrain_levels: 0.3965
     Metrics/base_velocity/error_vel_xy: 1.4870
    Metrics/base_velocity/error_vel_yaw: 0.4771
           Episode_Termination/time_out: 0.9114
       Episode_Termination/base_contact: 0.0886
--------------------------------------------------------------------------------
                         Iteration time: 66.35s
                           Time elapsed: 03:30:06
                                    ETA: 12:51:42

################################################################################
[1m                          Learning iteration 214/1000                           [0m 

                            Total steps: 21135360 
                       Steps per second: 1483 
                        Collection time: 65.783s 
                          Learning time: 0.504s 
                        Mean value loss: 0.0167
                    Mean surrogate loss: -0.0044
                      Mean entropy loss: 9.7592
                            Mean reward: 13.07
                    Mean episode length: 948.93
                        Mean action std: 0.56
    Episode_Reward/track_lin_vel_xy_exp: 0.5612
     Episode_Reward/track_ang_vel_z_exp: 0.5450
            Episode_Reward/lin_vel_z_l2: -0.0239
           Episode_Reward/ang_vel_xy_l2: -0.0905
          Episode_Reward/dof_torques_l2: -0.0694
              Episode_Reward/dof_acc_l2: -0.1221
          Episode_Reward/action_rate_l2: -0.0851
           Episode_Reward/feet_air_time: -0.0251
     Episode_Reward/flat_orientation_l2: 0.0000
          Episode_Reward/dof_pos_limits: 0.0000
              Curriculum/terrain_levels: 0.3989
     Metrics/base_velocity/error_vel_xy: 1.4481
    Metrics/base_velocity/error_vel_yaw: 0.4748
           Episode_Termination/time_out: 0.9112
       Episode_Termination/base_contact: 0.0888
--------------------------------------------------------------------------------
                         Iteration time: 66.29s
                           Time elapsed: 03:31:12
                                    ETA: 12:51:10

################################################################################
[1m                          Learning iteration 215/1000                           [0m 

                            Total steps: 21233664 
                       Steps per second: 1488 
                        Collection time: 65.557s 
                          Learning time: 0.496s 
                        Mean value loss: 0.0159
                    Mean surrogate loss: -0.0060
                      Mean entropy loss: 9.7547
                            Mean reward: 14.18
                    Mean episode length: 953.60
                        Mean action std: 0.56
    Episode_Reward/track_lin_vel_xy_exp: 0.5842
     Episode_Reward/track_ang_vel_z_exp: 0.5512
            Episode_Reward/lin_vel_z_l2: -0.0233
           Episode_Reward/ang_vel_xy_l2: -0.0903
          Episode_Reward/dof_torques_l2: -0.0714
              Episode_Reward/dof_acc_l2: -0.1209
          Episode_Reward/action_rate_l2: -0.0854
           Episode_Reward/feet_air_time: -0.0256
     Episode_Reward/flat_orientation_l2: 0.0000
          Episode_Reward/dof_pos_limits: 0.0000
              Curriculum/terrain_levels: 0.4007
     Metrics/base_velocity/error_vel_xy: 1.3830
    Metrics/base_velocity/error_vel_yaw: 0.4735
           Episode_Termination/time_out: 0.9114
       Episode_Termination/base_contact: 0.0886
--------------------------------------------------------------------------------
                         Iteration time: 66.05s
                           Time elapsed: 03:32:18
                                    ETA: 12:50:37

################################################################################
[1m                          Learning iteration 216/1000                           [0m 

                            Total steps: 21331968 
                       Steps per second: 1480 
                        Collection time: 65.898s 
                          Learning time: 0.499s 
                        Mean value loss: 0.0164
                    Mean surrogate loss: -0.0058
                      Mean entropy loss: 9.7448
                            Mean reward: 13.17
                    Mean episode length: 930.84
                        Mean action std: 0.56
    Episode_Reward/track_lin_vel_xy_exp: 0.4886
     Episode_Reward/track_ang_vel_z_exp: 0.5404
            Episode_Reward/lin_vel_z_l2: -0.0221
           Episode_Reward/ang_vel_xy_l2: -0.0818
          Episode_Reward/dof_torques_l2: -0.0637
              Episode_Reward/dof_acc_l2: -0.1109
          Episode_Reward/action_rate_l2: -0.0805
           Episode_Reward/feet_air_time: -0.0224
     Episode_Reward/flat_orientation_l2: 0.0000
          Episode_Reward/dof_pos_limits: 0.0000
              Curriculum/terrain_levels: 0.4047
     Metrics/base_velocity/error_vel_xy: 1.5416
    Metrics/base_velocity/error_vel_yaw: 0.4460
           Episode_Termination/time_out: 0.9114
       Episode_Termination/base_contact: 0.0886
--------------------------------------------------------------------------------
                         Iteration time: 66.40s
                           Time elapsed: 03:33:25
                                    ETA: 12:50:05

################################################################################
[1m                          Learning iteration 217/1000                           [0m 

                            Total steps: 21430272 
                       Steps per second: 1485 
                        Collection time: 65.670s 
                          Learning time: 0.485s 
                        Mean value loss: 0.0196
                    Mean surrogate loss: -0.0055
                      Mean entropy loss: 9.7305
                            Mean reward: 14.21
                    Mean episode length: 958.90
                        Mean action std: 0.56
    Episode_Reward/track_lin_vel_xy_exp: 0.5871
     Episode_Reward/track_ang_vel_z_exp: 0.5431
            Episode_Reward/lin_vel_z_l2: -0.0244
           Episode_Reward/ang_vel_xy_l2: -0.0917
          Episode_Reward/dof_torques_l2: -0.0693
              Episode_Reward/dof_acc_l2: -0.1224
          Episode_Reward/action_rate_l2: -0.0851
           Episode_Reward/feet_air_time: -0.0244
     Episode_Reward/flat_orientation_l2: 0.0000
          Episode_Reward/dof_pos_limits: 0.0000
              Curriculum/terrain_levels: 0.4055
     Metrics/base_velocity/error_vel_xy: 1.4693
    Metrics/base_velocity/error_vel_yaw: 0.4834
           Episode_Termination/time_out: 0.9106
       Episode_Termination/base_contact: 0.0894
--------------------------------------------------------------------------------
                         Iteration time: 66.15s
                           Time elapsed: 03:34:31
                                    ETA: 12:49:32

################################################################################
[1m                          Learning iteration 218/1000                           [0m 

                            Total steps: 21528576 
                       Steps per second: 1465 
                        Collection time: 66.566s 
                          Learning time: 0.490s 
                        Mean value loss: 0.0172
                    Mean surrogate loss: -0.0056
                      Mean entropy loss: 9.7350
                            Mean reward: 12.73
                    Mean episode length: 951.11
                        Mean action std: 0.56
    Episode_Reward/track_lin_vel_xy_exp: 0.4732
     Episode_Reward/track_ang_vel_z_exp: 0.5546
            Episode_Reward/lin_vel_z_l2: -0.0230
           Episode_Reward/ang_vel_xy_l2: -0.0862
          Episode_Reward/dof_torques_l2: -0.0650
              Episode_Reward/dof_acc_l2: -0.1205
          Episode_Reward/action_rate_l2: -0.0834
           Episode_Reward/feet_air_time: -0.0258
     Episode_Reward/flat_orientation_l2: 0.0000
          Episode_Reward/dof_pos_limits: 0.0000
              Curriculum/terrain_levels: 0.4069
     Metrics/base_velocity/error_vel_xy: 1.6429
    Metrics/base_velocity/error_vel_yaw: 0.4561
           Episode_Termination/time_out: 0.9101
       Episode_Termination/base_contact: 0.0899
--------------------------------------------------------------------------------
                         Iteration time: 67.06s
                           Time elapsed: 03:35:38
                                    ETA: 12:49:01

################################################################################
[1m                          Learning iteration 219/1000                           [0m 

                            Total steps: 21626880 
                       Steps per second: 1479 
                        Collection time: 65.975s 
                          Learning time: 0.480s 
                        Mean value loss: 0.0207
                    Mean surrogate loss: -0.0056
                      Mean entropy loss: 9.7303
                            Mean reward: 13.14
                    Mean episode length: 962.59
                        Mean action std: 0.56
    Episode_Reward/track_lin_vel_xy_exp: 0.4770
     Episode_Reward/track_ang_vel_z_exp: 0.5558
            Episode_Reward/lin_vel_z_l2: -0.0223
           Episode_Reward/ang_vel_xy_l2: -0.0831
          Episode_Reward/dof_torques_l2: -0.0668
              Episode_Reward/dof_acc_l2: -0.1112
          Episode_Reward/action_rate_l2: -0.0823
           Episode_Reward/feet_air_time: -0.0239
     Episode_Reward/flat_orientation_l2: 0.0000
          Episode_Reward/dof_pos_limits: 0.0000
              Curriculum/terrain_levels: 0.4078
     Metrics/base_velocity/error_vel_xy: 1.5820
    Metrics/base_velocity/error_vel_yaw: 0.4554
           Episode_Termination/time_out: 0.9118
       Episode_Termination/base_contact: 0.0882
--------------------------------------------------------------------------------
                         Iteration time: 66.46s
                           Time elapsed: 03:36:44
                                    ETA: 12:48:28

################################################################################
[1m                          Learning iteration 220/1000                           [0m 

                            Total steps: 21725184 
                       Steps per second: 1471 
                        Collection time: 66.311s 
                          Learning time: 0.481s 
                        Mean value loss: 0.0200
                    Mean surrogate loss: -0.0059
                      Mean entropy loss: 9.7289
                            Mean reward: 12.87
                    Mean episode length: 948.54
                        Mean action std: 0.56
    Episode_Reward/track_lin_vel_xy_exp: 0.4963
     Episode_Reward/track_ang_vel_z_exp: 0.5327
            Episode_Reward/lin_vel_z_l2: -0.0237
           Episode_Reward/ang_vel_xy_l2: -0.0887
          Episode_Reward/dof_torques_l2: -0.0667
              Episode_Reward/dof_acc_l2: -0.1163
          Episode_Reward/action_rate_l2: -0.0822
           Episode_Reward/feet_air_time: -0.0252
     Episode_Reward/flat_orientation_l2: 0.0000
          Episode_Reward/dof_pos_limits: 0.0000
              Curriculum/terrain_levels: 0.4094
     Metrics/base_velocity/error_vel_xy: 1.5102
    Metrics/base_velocity/error_vel_yaw: 0.4670
           Episode_Termination/time_out: 0.9116
       Episode_Termination/base_contact: 0.0884
--------------------------------------------------------------------------------
                         Iteration time: 66.79s
                           Time elapsed: 03:37:51
                                    ETA: 12:47:56

################################################################################
[1m                          Learning iteration 221/1000                           [0m 

                            Total steps: 21823488 
                       Steps per second: 1484 
                        Collection time: 65.727s 
                          Learning time: 0.478s 
                        Mean value loss: 0.0180
                    Mean surrogate loss: -0.0054
                      Mean entropy loss: 9.7180
                            Mean reward: 12.80
                    Mean episode length: 949.36
                        Mean action std: 0.56
    Episode_Reward/track_lin_vel_xy_exp: 0.4408
     Episode_Reward/track_ang_vel_z_exp: 0.5454
            Episode_Reward/lin_vel_z_l2: -0.0221
           Episode_Reward/ang_vel_xy_l2: -0.0850
          Episode_Reward/dof_torques_l2: -0.0646
              Episode_Reward/dof_acc_l2: -0.1136
          Episode_Reward/action_rate_l2: -0.0822
           Episode_Reward/feet_air_time: -0.0244
     Episode_Reward/flat_orientation_l2: 0.0000
          Episode_Reward/dof_pos_limits: 0.0000
              Curriculum/terrain_levels: 0.4117
     Metrics/base_velocity/error_vel_xy: 1.7034
    Metrics/base_velocity/error_vel_yaw: 0.4658
           Episode_Termination/time_out: 0.9116
       Episode_Termination/base_contact: 0.0884
--------------------------------------------------------------------------------
                         Iteration time: 66.21s
                           Time elapsed: 03:38:57
                                    ETA: 12:47:22

################################################################################
[1m                          Learning iteration 222/1000                           [0m 

                            Total steps: 21921792 
                       Steps per second: 1467 
                        Collection time: 66.497s 
                          Learning time: 0.484s 
                        Mean value loss: 0.0194
                    Mean surrogate loss: -0.0051
                      Mean entropy loss: 9.7294
                            Mean reward: 13.76
                    Mean episode length: 958.14
                        Mean action std: 0.56
    Episode_Reward/track_lin_vel_xy_exp: 0.5780
     Episode_Reward/track_ang_vel_z_exp: 0.5457
            Episode_Reward/lin_vel_z_l2: -0.0249
           Episode_Reward/ang_vel_xy_l2: -0.0915
          Episode_Reward/dof_torques_l2: -0.0689
              Episode_Reward/dof_acc_l2: -0.1262
          Episode_Reward/action_rate_l2: -0.0856
           Episode_Reward/feet_air_time: -0.0259
     Episode_Reward/flat_orientation_l2: 0.0000
          Episode_Reward/dof_pos_limits: 0.0000
              Curriculum/terrain_levels: 0.4127
     Metrics/base_velocity/error_vel_xy: 1.3370
    Metrics/base_velocity/error_vel_yaw: 0.4851
           Episode_Termination/time_out: 0.9113
       Episode_Termination/base_contact: 0.0887
--------------------------------------------------------------------------------
                         Iteration time: 66.98s
                           Time elapsed: 03:40:04
                                    ETA: 12:46:50

################################################################################
[1m                          Learning iteration 223/1000                           [0m 

                            Total steps: 22020096 
                       Steps per second: 1468 
                        Collection time: 66.457s 
                          Learning time: 0.484s 
                        Mean value loss: 0.0189
                    Mean surrogate loss: -0.0054
                      Mean entropy loss: 9.7296
                            Mean reward: 13.48
                    Mean episode length: 982.31
                        Mean action std: 0.56
    Episode_Reward/track_lin_vel_xy_exp: 0.5160
     Episode_Reward/track_ang_vel_z_exp: 0.5680
            Episode_Reward/lin_vel_z_l2: -0.0223
           Episode_Reward/ang_vel_xy_l2: -0.0884
          Episode_Reward/dof_torques_l2: -0.0661
              Episode_Reward/dof_acc_l2: -0.1174
          Episode_Reward/action_rate_l2: -0.0849
           Episode_Reward/feet_air_time: -0.0256
     Episode_Reward/flat_orientation_l2: 0.0000
          Episode_Reward/dof_pos_limits: 0.0000
              Curriculum/terrain_levels: 0.4152
     Metrics/base_velocity/error_vel_xy: 1.5361
    Metrics/base_velocity/error_vel_yaw: 0.4761
           Episode_Termination/time_out: 0.9128
       Episode_Termination/base_contact: 0.0872
--------------------------------------------------------------------------------
                         Iteration time: 66.94s
                           Time elapsed: 03:41:11
                                    ETA: 12:46:17

################################################################################
[1m                          Learning iteration 224/1000                           [0m 

                            Total steps: 22118400 
                       Steps per second: 1466 
                        Collection time: 66.535s 
                          Learning time: 0.479s 
                        Mean value loss: 0.0184
                    Mean surrogate loss: -0.0053
                      Mean entropy loss: 9.7224
                            Mean reward: 14.61
                    Mean episode length: 950.09
                        Mean action std: 0.56
    Episode_Reward/track_lin_vel_xy_exp: 0.6124
     Episode_Reward/track_ang_vel_z_exp: 0.5512
            Episode_Reward/lin_vel_z_l2: -0.0229
           Episode_Reward/ang_vel_xy_l2: -0.0907
          Episode_Reward/dof_torques_l2: -0.0683
              Episode_Reward/dof_acc_l2: -0.1168
          Episode_Reward/action_rate_l2: -0.0844
           Episode_Reward/feet_air_time: -0.0251
     Episode_Reward/flat_orientation_l2: 0.0000
          Episode_Reward/dof_pos_limits: 0.0000
              Curriculum/terrain_levels: 0.4164
     Metrics/base_velocity/error_vel_xy: 1.3243
    Metrics/base_velocity/error_vel_yaw: 0.4706
           Episode_Termination/time_out: 0.9136
       Episode_Termination/base_contact: 0.0864
--------------------------------------------------------------------------------
                         Iteration time: 67.01s
                           Time elapsed: 03:42:18
                                    ETA: 12:45:45

################################################################################
[1m                          Learning iteration 225/1000                           [0m 

                            Total steps: 22216704 
                       Steps per second: 1457 
                        Collection time: 66.964s 
                          Learning time: 0.489s 
                        Mean value loss: 0.0168
                    Mean surrogate loss: -0.0072
                      Mean entropy loss: 9.7039
                            Mean reward: 14.63
                    Mean episode length: 966.89
                        Mean action std: 0.56
    Episode_Reward/track_lin_vel_xy_exp: 0.6179
     Episode_Reward/track_ang_vel_z_exp: 0.5540
            Episode_Reward/lin_vel_z_l2: -0.0236
           Episode_Reward/ang_vel_xy_l2: -0.0906
          Episode_Reward/dof_torques_l2: -0.0705
              Episode_Reward/dof_acc_l2: -0.1212
          Episode_Reward/action_rate_l2: -0.0859
           Episode_Reward/feet_air_time: -0.0250
     Episode_Reward/flat_orientation_l2: 0.0000
          Episode_Reward/dof_pos_limits: 0.0000
              Curriculum/terrain_levels: 0.4190
     Metrics/base_velocity/error_vel_xy: 1.3450
    Metrics/base_velocity/error_vel_yaw: 0.4884
           Episode_Termination/time_out: 0.9136
       Episode_Termination/base_contact: 0.0864
--------------------------------------------------------------------------------
                         Iteration time: 67.45s
                           Time elapsed: 03:43:26
                                    ETA: 12:45:13

################################################################################
[1m                          Learning iteration 226/1000                           [0m 

                            Total steps: 22315008 
                       Steps per second: 1484 
                        Collection time: 65.730s 
                          Learning time: 0.500s 
                        Mean value loss: 0.0201
                    Mean surrogate loss: -0.0055
                      Mean entropy loss: 9.7002
                            Mean reward: 14.52
                    Mean episode length: 970.79
                        Mean action std: 0.56
    Episode_Reward/track_lin_vel_xy_exp: 0.5742
     Episode_Reward/track_ang_vel_z_exp: 0.5611
            Episode_Reward/lin_vel_z_l2: -0.0231
           Episode_Reward/ang_vel_xy_l2: -0.0901
          Episode_Reward/dof_torques_l2: -0.0686
              Episode_Reward/dof_acc_l2: -0.1168
          Episode_Reward/action_rate_l2: -0.0852
           Episode_Reward/feet_air_time: -0.0261
     Episode_Reward/flat_orientation_l2: 0.0000
          Episode_Reward/dof_pos_limits: 0.0000
              Curriculum/terrain_levels: 0.4215
     Metrics/base_velocity/error_vel_xy: 1.5526
    Metrics/base_velocity/error_vel_yaw: 0.4767
           Episode_Termination/time_out: 0.9134
       Episode_Termination/base_contact: 0.0866
--------------------------------------------------------------------------------
                         Iteration time: 66.23s
                           Time elapsed: 03:44:32
                                    ETA: 12:44:38

################################################################################
[1m                          Learning iteration 227/1000                           [0m 

                            Total steps: 22413312 
                       Steps per second: 1488 
                        Collection time: 65.571s 
                          Learning time: 0.484s 
                        Mean value loss: 0.0179
                    Mean surrogate loss: -0.0062
                      Mean entropy loss: 9.6947
                            Mean reward: 13.34
                    Mean episode length: 960.05
                        Mean action std: 0.56
    Episode_Reward/track_lin_vel_xy_exp: 0.5229
     Episode_Reward/track_ang_vel_z_exp: 0.5529
            Episode_Reward/lin_vel_z_l2: -0.0221
           Episode_Reward/ang_vel_xy_l2: -0.0859
          Episode_Reward/dof_torques_l2: -0.0657
              Episode_Reward/dof_acc_l2: -0.1189
          Episode_Reward/action_rate_l2: -0.0835
           Episode_Reward/feet_air_time: -0.0250
     Episode_Reward/flat_orientation_l2: 0.0000
          Episode_Reward/dof_pos_limits: 0.0000
              Curriculum/terrain_levels: 0.4249
     Metrics/base_velocity/error_vel_xy: 1.5531
    Metrics/base_velocity/error_vel_yaw: 0.4628
           Episode_Termination/time_out: 0.9161
       Episode_Termination/base_contact: 0.0839
--------------------------------------------------------------------------------
                         Iteration time: 66.05s
                           Time elapsed: 03:45:38
                                    ETA: 12:44:01

################################################################################
[1m                          Learning iteration 228/1000                           [0m 

                            Total steps: 22511616 
                       Steps per second: 1471 
                        Collection time: 66.300s 
                          Learning time: 0.485s 
                        Mean value loss: 0.0195
                    Mean surrogate loss: -0.0066
                      Mean entropy loss: 9.6868
                            Mean reward: 15.12
                    Mean episode length: 975.87
                        Mean action std: 0.56
    Episode_Reward/track_lin_vel_xy_exp: 0.6026
     Episode_Reward/track_ang_vel_z_exp: 0.5616
            Episode_Reward/lin_vel_z_l2: -0.0235
           Episode_Reward/ang_vel_xy_l2: -0.0917
          Episode_Reward/dof_torques_l2: -0.0732
              Episode_Reward/dof_acc_l2: -0.1249
          Episode_Reward/action_rate_l2: -0.0871
           Episode_Reward/feet_air_time: -0.0255
     Episode_Reward/flat_orientation_l2: 0.0000
          Episode_Reward/dof_pos_limits: 0.0000
              Curriculum/terrain_levels: 0.4278
     Metrics/base_velocity/error_vel_xy: 1.4151
    Metrics/base_velocity/error_vel_yaw: 0.4873
           Episode_Termination/time_out: 0.9166
       Episode_Termination/base_contact: 0.0834
--------------------------------------------------------------------------------
                         Iteration time: 66.79s
                           Time elapsed: 03:46:45
                                    ETA: 12:43:27

################################################################################
[1m                          Learning iteration 229/1000                           [0m 

                            Total steps: 22609920 
                       Steps per second: 1498 
                        Collection time: 65.114s 
                          Learning time: 0.486s 
                        Mean value loss: 0.0149
                    Mean surrogate loss: -0.0066
                      Mean entropy loss: 9.6891
                            Mean reward: 14.87
                    Mean episode length: 982.95
                        Mean action std: 0.56
    Episode_Reward/track_lin_vel_xy_exp: 0.5745
     Episode_Reward/track_ang_vel_z_exp: 0.5614
            Episode_Reward/lin_vel_z_l2: -0.0247
           Episode_Reward/ang_vel_xy_l2: -0.0946
          Episode_Reward/dof_torques_l2: -0.0714
              Episode_Reward/dof_acc_l2: -0.1229
          Episode_Reward/action_rate_l2: -0.0869
           Episode_Reward/feet_air_time: -0.0255
     Episode_Reward/flat_orientation_l2: 0.0000
          Episode_Reward/dof_pos_limits: 0.0000
              Curriculum/terrain_levels: 0.4317
     Metrics/base_velocity/error_vel_xy: 1.4626
    Metrics/base_velocity/error_vel_yaw: 0.4712
           Episode_Termination/time_out: 0.9169
       Episode_Termination/base_contact: 0.0831
--------------------------------------------------------------------------------
                         Iteration time: 65.60s
                           Time elapsed: 03:47:51
                                    ETA: 12:42:48

################################################################################
[1m                          Learning iteration 230/1000                           [0m 

                            Total steps: 22708224 
                       Steps per second: 1485 
                        Collection time: 65.707s 
                          Learning time: 0.484s 
                        Mean value loss: 0.0176
                    Mean surrogate loss: -0.0050
                      Mean entropy loss: 9.6781
                            Mean reward: 13.53
                    Mean episode length: 950.62
                        Mean action std: 0.56
    Episode_Reward/track_lin_vel_xy_exp: 0.5887
     Episode_Reward/track_ang_vel_z_exp: 0.5431
            Episode_Reward/lin_vel_z_l2: -0.0245
           Episode_Reward/ang_vel_xy_l2: -0.0927
          Episode_Reward/dof_torques_l2: -0.0711
              Episode_Reward/dof_acc_l2: -0.1218
          Episode_Reward/action_rate_l2: -0.0855
           Episode_Reward/feet_air_time: -0.0262
     Episode_Reward/flat_orientation_l2: 0.0000
          Episode_Reward/dof_pos_limits: 0.0000
              Curriculum/terrain_levels: 0.4329
     Metrics/base_velocity/error_vel_xy: 1.3612
    Metrics/base_velocity/error_vel_yaw: 0.4799
           Episode_Termination/time_out: 0.9173
       Episode_Termination/base_contact: 0.0827
--------------------------------------------------------------------------------
                         Iteration time: 66.19s
                           Time elapsed: 03:48:57
                                    ETA: 12:42:11

################################################################################
[1m                          Learning iteration 231/1000                           [0m 

                            Total steps: 22806528 
                       Steps per second: 1478 
                        Collection time: 66.019s 
                          Learning time: 0.486s 
                        Mean value loss: 0.0212
                    Mean surrogate loss: -0.0053
                      Mean entropy loss: 9.6740
                            Mean reward: 13.51
                    Mean episode length: 973.85
                        Mean action std: 0.56
    Episode_Reward/track_lin_vel_xy_exp: 0.5004
     Episode_Reward/track_ang_vel_z_exp: 0.5714
            Episode_Reward/lin_vel_z_l2: -0.0210
           Episode_Reward/ang_vel_xy_l2: -0.0822
          Episode_Reward/dof_torques_l2: -0.0640
              Episode_Reward/dof_acc_l2: -0.1120
          Episode_Reward/action_rate_l2: -0.0830
           Episode_Reward/feet_air_time: -0.0242
     Episode_Reward/flat_orientation_l2: 0.0000
          Episode_Reward/dof_pos_limits: 0.0000
              Curriculum/terrain_levels: 0.4341
     Metrics/base_velocity/error_vel_xy: 1.5945
    Metrics/base_velocity/error_vel_yaw: 0.4491
           Episode_Termination/time_out: 0.9187
       Episode_Termination/base_contact: 0.0813
--------------------------------------------------------------------------------
                         Iteration time: 66.50s
                           Time elapsed: 03:50:03
                                    ETA: 12:41:35

################################################################################
[1m                          Learning iteration 232/1000                           [0m 

                            Total steps: 22904832 
                       Steps per second: 1504 
                        Collection time: 64.863s 
                          Learning time: 0.490s 
                        Mean value loss: 0.0211
                    Mean surrogate loss: -0.0061
                      Mean entropy loss: 9.6555
                            Mean reward: 13.54
                    Mean episode length: 951.73
                        Mean action std: 0.56
    Episode_Reward/track_lin_vel_xy_exp: 0.4867
     Episode_Reward/track_ang_vel_z_exp: 0.5434
            Episode_Reward/lin_vel_z_l2: -0.0224
           Episode_Reward/ang_vel_xy_l2: -0.0842
          Episode_Reward/dof_torques_l2: -0.0649
              Episode_Reward/dof_acc_l2: -0.1176
          Episode_Reward/action_rate_l2: -0.0824
           Episode_Reward/feet_air_time: -0.0245
     Episode_Reward/flat_orientation_l2: 0.0000
          Episode_Reward/dof_pos_limits: 0.0000
              Curriculum/terrain_levels: 0.4364
     Metrics/base_velocity/error_vel_xy: 1.6399
    Metrics/base_velocity/error_vel_yaw: 0.4723
           Episode_Termination/time_out: 0.9196
       Episode_Termination/base_contact: 0.0804
--------------------------------------------------------------------------------
                         Iteration time: 65.35s
                           Time elapsed: 03:51:09
                                    ETA: 12:40:54

################################################################################
[1m                          Learning iteration 233/1000                           [0m 

                            Total steps: 23003136 
                       Steps per second: 1485 
                        Collection time: 65.705s 
                          Learning time: 0.486s 
                        Mean value loss: 0.0188
                    Mean surrogate loss: -0.0061
                      Mean entropy loss: 9.6661
                            Mean reward: 13.96
                    Mean episode length: 974.62
                        Mean action std: 0.56
    Episode_Reward/track_lin_vel_xy_exp: 0.5269
     Episode_Reward/track_ang_vel_z_exp: 0.5631
            Episode_Reward/lin_vel_z_l2: -0.0222
           Episode_Reward/ang_vel_xy_l2: -0.0882
          Episode_Reward/dof_torques_l2: -0.0691
              Episode_Reward/dof_acc_l2: -0.1190
          Episode_Reward/action_rate_l2: -0.0851
           Episode_Reward/feet_air_time: -0.0254
     Episode_Reward/flat_orientation_l2: 0.0000
          Episode_Reward/dof_pos_limits: 0.0000
              Curriculum/terrain_levels: 0.4390
     Metrics/base_velocity/error_vel_xy: 1.5431
    Metrics/base_velocity/error_vel_yaw: 0.4730
           Episode_Termination/time_out: 0.9201
       Episode_Termination/base_contact: 0.0799
--------------------------------------------------------------------------------
                         Iteration time: 66.19s
                           Time elapsed: 03:52:15
                                    ETA: 12:40:17

################################################################################
[1m                          Learning iteration 234/1000                           [0m 

                            Total steps: 23101440 
                       Steps per second: 1491 
                        Collection time: 65.428s 
                          Learning time: 0.483s 
                        Mean value loss: 0.0194
                    Mean surrogate loss: -0.0063
                      Mean entropy loss: 9.6671
                            Mean reward: 13.65
                    Mean episode length: 957.62
                        Mean action std: 0.56
    Episode_Reward/track_lin_vel_xy_exp: 0.5361
     Episode_Reward/track_ang_vel_z_exp: 0.5583
            Episode_Reward/lin_vel_z_l2: -0.0222
           Episode_Reward/ang_vel_xy_l2: -0.0864
          Episode_Reward/dof_torques_l2: -0.0679
              Episode_Reward/dof_acc_l2: -0.1154
          Episode_Reward/action_rate_l2: -0.0832
           Episode_Reward/feet_air_time: -0.0240
     Episode_Reward/flat_orientation_l2: 0.0000
          Episode_Reward/dof_pos_limits: 0.0000
              Curriculum/terrain_levels: 0.4387
     Metrics/base_velocity/error_vel_xy: 1.4935
    Metrics/base_velocity/error_vel_yaw: 0.4488
           Episode_Termination/time_out: 0.9209
       Episode_Termination/base_contact: 0.0791
--------------------------------------------------------------------------------
                         Iteration time: 65.91s
                           Time elapsed: 03:53:21
                                    ETA: 12:39:38

################################################################################
[1m                          Learning iteration 235/1000                           [0m 

                            Total steps: 23199744 
                       Steps per second: 1496 
                        Collection time: 65.203s 
                          Learning time: 0.480s 
                        Mean value loss: 0.0178
                    Mean surrogate loss: -0.0060
                      Mean entropy loss: 9.6705
                            Mean reward: 13.89
                    Mean episode length: 973.78
                        Mean action std: 0.56
    Episode_Reward/track_lin_vel_xy_exp: 0.5473
     Episode_Reward/track_ang_vel_z_exp: 0.5741
            Episode_Reward/lin_vel_z_l2: -0.0218
           Episode_Reward/ang_vel_xy_l2: -0.0862
          Episode_Reward/dof_torques_l2: -0.0666
              Episode_Reward/dof_acc_l2: -0.1176
          Episode_Reward/action_rate_l2: -0.0847
           Episode_Reward/feet_air_time: -0.0255
     Episode_Reward/flat_orientation_l2: 0.0000
          Episode_Reward/dof_pos_limits: 0.0000
              Curriculum/terrain_levels: 0.4388
     Metrics/base_velocity/error_vel_xy: 1.5265
    Metrics/base_velocity/error_vel_yaw: 0.4593
           Episode_Termination/time_out: 0.9210
       Episode_Termination/base_contact: 0.0790
--------------------------------------------------------------------------------
                         Iteration time: 65.68s
                           Time elapsed: 03:54:26
                                    ETA: 12:38:58

################################################################################
[1m                          Learning iteration 236/1000                           [0m 

                            Total steps: 23298048 
                       Steps per second: 1494 
                        Collection time: 65.307s 
                          Learning time: 0.483s 
                        Mean value loss: 0.0206
                    Mean surrogate loss: -0.0050
                      Mean entropy loss: 9.6672
                            Mean reward: 12.86
                    Mean episode length: 950.88
                        Mean action std: 0.56
    Episode_Reward/track_lin_vel_xy_exp: 0.5014
     Episode_Reward/track_ang_vel_z_exp: 0.5360
            Episode_Reward/lin_vel_z_l2: -0.0224
           Episode_Reward/ang_vel_xy_l2: -0.0851
          Episode_Reward/dof_torques_l2: -0.0665
              Episode_Reward/dof_acc_l2: -0.1159
          Episode_Reward/action_rate_l2: -0.0818
           Episode_Reward/feet_air_time: -0.0236
     Episode_Reward/flat_orientation_l2: 0.0000
          Episode_Reward/dof_pos_limits: 0.0000
              Curriculum/terrain_levels: 0.4389
     Metrics/base_velocity/error_vel_xy: 1.5335
    Metrics/base_velocity/error_vel_yaw: 0.4665
           Episode_Termination/time_out: 0.9212
       Episode_Termination/base_contact: 0.0788
--------------------------------------------------------------------------------
                         Iteration time: 65.79s
                           Time elapsed: 03:55:32
                                    ETA: 12:38:18

################################################################################
[1m                          Learning iteration 237/1000                           [0m 

                            Total steps: 23396352 
                       Steps per second: 1483 
                        Collection time: 65.770s 
                          Learning time: 0.483s 
                        Mean value loss: 0.0193
                    Mean surrogate loss: -0.0067
                      Mean entropy loss: 9.6713
                            Mean reward: 12.54
                    Mean episode length: 923.74
                        Mean action std: 0.56
    Episode_Reward/track_lin_vel_xy_exp: 0.4891
     Episode_Reward/track_ang_vel_z_exp: 0.5224
            Episode_Reward/lin_vel_z_l2: -0.0230
           Episode_Reward/ang_vel_xy_l2: -0.0840
          Episode_Reward/dof_torques_l2: -0.0650
              Episode_Reward/dof_acc_l2: -0.1135
          Episode_Reward/action_rate_l2: -0.0803
           Episode_Reward/feet_air_time: -0.0240
     Episode_Reward/flat_orientation_l2: 0.0000
          Episode_Reward/dof_pos_limits: 0.0000
              Curriculum/terrain_levels: 0.4398
     Metrics/base_velocity/error_vel_xy: 1.4156
    Metrics/base_velocity/error_vel_yaw: 0.4550
           Episode_Termination/time_out: 0.9201
       Episode_Termination/base_contact: 0.0799
--------------------------------------------------------------------------------
                         Iteration time: 66.25s
                           Time elapsed: 03:56:38
                                    ETA: 12:37:40

################################################################################
[1m                          Learning iteration 238/1000                           [0m 

                            Total steps: 23494656 
                       Steps per second: 1505 
                        Collection time: 64.835s 
                          Learning time: 0.482s 
                        Mean value loss: 0.0196
                    Mean surrogate loss: -0.0064
                      Mean entropy loss: 9.6701
                            Mean reward: 14.85
                    Mean episode length: 957.95
                        Mean action std: 0.56
    Episode_Reward/track_lin_vel_xy_exp: 0.5860
     Episode_Reward/track_ang_vel_z_exp: 0.5574
            Episode_Reward/lin_vel_z_l2: -0.0225
           Episode_Reward/ang_vel_xy_l2: -0.0869
          Episode_Reward/dof_torques_l2: -0.0668
              Episode_Reward/dof_acc_l2: -0.1184
          Episode_Reward/action_rate_l2: -0.0836
           Episode_Reward/feet_air_time: -0.0244
     Episode_Reward/flat_orientation_l2: 0.0000
          Episode_Reward/dof_pos_limits: 0.0000
              Curriculum/terrain_levels: 0.4411
     Metrics/base_velocity/error_vel_xy: 1.4088
    Metrics/base_velocity/error_vel_yaw: 0.4608
           Episode_Termination/time_out: 0.9205
       Episode_Termination/base_contact: 0.0795
--------------------------------------------------------------------------------
                         Iteration time: 65.32s
                           Time elapsed: 03:57:44
                                    ETA: 12:36:58

################################################################################
[1m                          Learning iteration 239/1000                           [0m 

                            Total steps: 23592960 
                       Steps per second: 1494 
                        Collection time: 65.282s 
                          Learning time: 0.490s 
                        Mean value loss: 0.0201
                    Mean surrogate loss: -0.0055
                      Mean entropy loss: 9.6687
                            Mean reward: 14.70
                    Mean episode length: 983.16
                        Mean action std: 0.56
    Episode_Reward/track_lin_vel_xy_exp: 0.5755
     Episode_Reward/track_ang_vel_z_exp: 0.5656
            Episode_Reward/lin_vel_z_l2: -0.0247
           Episode_Reward/ang_vel_xy_l2: -0.0926
          Episode_Reward/dof_torques_l2: -0.0711
              Episode_Reward/dof_acc_l2: -0.1232
          Episode_Reward/action_rate_l2: -0.0866
           Episode_Reward/feet_air_time: -0.0258
     Episode_Reward/flat_orientation_l2: 0.0000
          Episode_Reward/dof_pos_limits: 0.0000
              Curriculum/terrain_levels: 0.4428
     Metrics/base_velocity/error_vel_xy: 1.5494
    Metrics/base_velocity/error_vel_yaw: 0.4694
           Episode_Termination/time_out: 0.9221
       Episode_Termination/base_contact: 0.0779
--------------------------------------------------------------------------------
                         Iteration time: 65.77s
                           Time elapsed: 03:58:50
                                    ETA: 12:36:18

################################################################################
[1m                          Learning iteration 240/1000                           [0m 

                            Total steps: 23691264 
                       Steps per second: 1580 
                        Collection time: 61.717s 
                          Learning time: 0.494s 
                        Mean value loss: 0.0171
                    Mean surrogate loss: -0.0064
                      Mean entropy loss: 9.6807
                            Mean reward: 14.26
                    Mean episode length: 970.31
                        Mean action std: 0.56
    Episode_Reward/track_lin_vel_xy_exp: 0.5716
     Episode_Reward/track_ang_vel_z_exp: 0.5613
            Episode_Reward/lin_vel_z_l2: -0.0233
           Episode_Reward/ang_vel_xy_l2: -0.0890
          Episode_Reward/dof_torques_l2: -0.0686
              Episode_Reward/dof_acc_l2: -0.1254
          Episode_Reward/action_rate_l2: -0.0855
           Episode_Reward/feet_air_time: -0.0258
     Episode_Reward/flat_orientation_l2: 0.0000
          Episode_Reward/dof_pos_limits: 0.0000
              Curriculum/terrain_levels: 0.4470
     Metrics/base_velocity/error_vel_xy: 1.4473
    Metrics/base_velocity/error_vel_yaw: 0.4732
           Episode_Termination/time_out: 0.9233
       Episode_Termination/base_contact: 0.0767
--------------------------------------------------------------------------------
                         Iteration time: 62.21s
                           Time elapsed: 03:59:52
                                    ETA: 12:35:26

################################################################################
[1m                          Learning iteration 241/1000                           [0m 

                            Total steps: 23789568 
                       Steps per second: 2500 
                        Collection time: 38.835s 
                          Learning time: 0.482s 
                        Mean value loss: 0.0207
                    Mean surrogate loss: -0.0066
                      Mean entropy loss: 9.6851
                            Mean reward: 14.48
                    Mean episode length: 946.48
                        Mean action std: 0.56
    Episode_Reward/track_lin_vel_xy_exp: 0.5737
     Episode_Reward/track_ang_vel_z_exp: 0.5495
            Episode_Reward/lin_vel_z_l2: -0.0224
           Episode_Reward/ang_vel_xy_l2: -0.0880
          Episode_Reward/dof_torques_l2: -0.0701
              Episode_Reward/dof_acc_l2: -0.1206
          Episode_Reward/action_rate_l2: -0.0844
           Episode_Reward/feet_air_time: -0.0248
     Episode_Reward/flat_orientation_l2: 0.0000
          Episode_Reward/dof_pos_limits: 0.0000
              Curriculum/terrain_levels: 0.4502
     Metrics/base_velocity/error_vel_xy: 1.4415
    Metrics/base_velocity/error_vel_yaw: 0.4726
           Episode_Termination/time_out: 0.9236
       Episode_Termination/base_contact: 0.0764
--------------------------------------------------------------------------------
                         Iteration time: 39.32s
                           Time elapsed: 04:00:31
                                    ETA: 12:33:22

################################################################################
[1m                          Learning iteration 242/1000                           [0m 

                            Total steps: 23887872 
                       Steps per second: 2515 
                        Collection time: 38.595s 
                          Learning time: 0.478s 
                        Mean value loss: 0.0197
                    Mean surrogate loss: -0.0062
                      Mean entropy loss: 9.6879
                            Mean reward: 13.78
                    Mean episode length: 964.42
                        Mean action std: 0.56
    Episode_Reward/track_lin_vel_xy_exp: 0.5287
     Episode_Reward/track_ang_vel_z_exp: 0.5722
            Episode_Reward/lin_vel_z_l2: -0.0215
           Episode_Reward/ang_vel_xy_l2: -0.0853
          Episode_Reward/dof_torques_l2: -0.0691
              Episode_Reward/dof_acc_l2: -0.1148
          Episode_Reward/action_rate_l2: -0.0851
           Episode_Reward/feet_air_time: -0.0250
     Episode_Reward/flat_orientation_l2: 0.0000
          Episode_Reward/dof_pos_limits: 0.0000
              Curriculum/terrain_levels: 0.4530
     Metrics/base_velocity/error_vel_xy: 1.6452
    Metrics/base_velocity/error_vel_yaw: 0.4708
           Episode_Termination/time_out: 0.9228
       Episode_Termination/base_contact: 0.0772
--------------------------------------------------------------------------------
                         Iteration time: 39.07s
                           Time elapsed: 04:01:10
                                    ETA: 12:31:19

################################################################################
[1m                          Learning iteration 243/1000                           [0m 

                            Total steps: 23986176 
                       Steps per second: 2508 
                        Collection time: 38.708s 
                          Learning time: 0.481s 
                        Mean value loss: 0.0175
                    Mean surrogate loss: -0.0057
                      Mean entropy loss: 9.6808
                            Mean reward: 14.78
                    Mean episode length: 994.95
                        Mean action std: 0.56
    Episode_Reward/track_lin_vel_xy_exp: 0.5949
     Episode_Reward/track_ang_vel_z_exp: 0.5730
            Episode_Reward/lin_vel_z_l2: -0.0227
           Episode_Reward/ang_vel_xy_l2: -0.0917
          Episode_Reward/dof_torques_l2: -0.0695
              Episode_Reward/dof_acc_l2: -0.1244
          Episode_Reward/action_rate_l2: -0.0875
           Episode_Reward/feet_air_time: -0.0266
     Episode_Reward/flat_orientation_l2: 0.0000
          Episode_Reward/dof_pos_limits: 0.0000
              Curriculum/terrain_levels: 0.4546
     Metrics/base_velocity/error_vel_xy: 1.4587
    Metrics/base_velocity/error_vel_yaw: 0.4787
           Episode_Termination/time_out: 0.9237
       Episode_Termination/base_contact: 0.0763
--------------------------------------------------------------------------------
                         Iteration time: 39.19s
                           Time elapsed: 04:01:49
                                    ETA: 12:29:16

################################################################################
[1m                          Learning iteration 244/1000                           [0m 

                            Total steps: 24084480 
                       Steps per second: 2501 
                        Collection time: 38.813s 
                          Learning time: 0.485s 
                        Mean value loss: 0.0205
                    Mean surrogate loss: -0.0054
                      Mean entropy loss: 9.6523
                            Mean reward: 14.22
                    Mean episode length: 962.79
                        Mean action std: 0.56
    Episode_Reward/track_lin_vel_xy_exp: 0.5985
     Episode_Reward/track_ang_vel_z_exp: 0.5457
            Episode_Reward/lin_vel_z_l2: -0.0227
           Episode_Reward/ang_vel_xy_l2: -0.0879
          Episode_Reward/dof_torques_l2: -0.0691
              Episode_Reward/dof_acc_l2: -0.1160
          Episode_Reward/action_rate_l2: -0.0837
           Episode_Reward/feet_air_time: -0.0239
     Episode_Reward/flat_orientation_l2: 0.0000
          Episode_Reward/dof_pos_limits: 0.0000
              Curriculum/terrain_levels: 0.4580
     Metrics/base_velocity/error_vel_xy: 1.3835
    Metrics/base_velocity/error_vel_yaw: 0.4747
           Episode_Termination/time_out: 0.9239
       Episode_Termination/base_contact: 0.0761
--------------------------------------------------------------------------------
                         Iteration time: 39.30s
                           Time elapsed: 04:02:29
                                    ETA: 12:27:15

################################################################################
[1m                          Learning iteration 245/1000                           [0m 

                            Total steps: 24182784 
                       Steps per second: 2505 
                        Collection time: 38.747s 
                          Learning time: 0.480s 
                        Mean value loss: 0.0188
                    Mean surrogate loss: -0.0057
                      Mean entropy loss: 9.6421
                            Mean reward: 14.81
                    Mean episode length: 968.47
                        Mean action std: 0.56
    Episode_Reward/track_lin_vel_xy_exp: 0.5589
     Episode_Reward/track_ang_vel_z_exp: 0.5520
            Episode_Reward/lin_vel_z_l2: -0.0221
           Episode_Reward/ang_vel_xy_l2: -0.0875
          Episode_Reward/dof_torques_l2: -0.0663
              Episode_Reward/dof_acc_l2: -0.1149
          Episode_Reward/action_rate_l2: -0.0832
           Episode_Reward/feet_air_time: -0.0245
     Episode_Reward/flat_orientation_l2: 0.0000
          Episode_Reward/dof_pos_limits: 0.0000
              Curriculum/terrain_levels: 0.4589
     Metrics/base_velocity/error_vel_xy: 1.4515
    Metrics/base_velocity/error_vel_yaw: 0.4535
           Episode_Termination/time_out: 0.9236
       Episode_Termination/base_contact: 0.0764
--------------------------------------------------------------------------------
                         Iteration time: 39.23s
                           Time elapsed: 04:03:08
                                    ETA: 12:25:13

################################################################################
[1m                          Learning iteration 246/1000                           [0m 

                            Total steps: 24281088 
                       Steps per second: 2505 
                        Collection time: 38.751s 
                          Learning time: 0.481s 
                        Mean value loss: 0.0197
                    Mean surrogate loss: -0.0059
                      Mean entropy loss: 9.6235
                            Mean reward: 13.85
                    Mean episode length: 955.43
                        Mean action std: 0.56
    Episode_Reward/track_lin_vel_xy_exp: 0.5729
     Episode_Reward/track_ang_vel_z_exp: 0.5541
            Episode_Reward/lin_vel_z_l2: -0.0219
           Episode_Reward/ang_vel_xy_l2: -0.0848
          Episode_Reward/dof_torques_l2: -0.0656
              Episode_Reward/dof_acc_l2: -0.1144
          Episode_Reward/action_rate_l2: -0.0828
           Episode_Reward/feet_air_time: -0.0239
     Episode_Reward/flat_orientation_l2: 0.0000
          Episode_Reward/dof_pos_limits: 0.0000
              Curriculum/terrain_levels: 0.4589
     Metrics/base_velocity/error_vel_xy: 1.4440
    Metrics/base_velocity/error_vel_yaw: 0.4525
           Episode_Termination/time_out: 0.9232
       Episode_Termination/base_contact: 0.0768
--------------------------------------------------------------------------------
                         Iteration time: 39.23s
                           Time elapsed: 04:03:47
                                    ETA: 12:23:13

################################################################################
[1m                          Learning iteration 247/1000                           [0m 

                            Total steps: 24379392 
                       Steps per second: 2467 
                        Collection time: 39.342s 
                          Learning time: 0.505s 
                        Mean value loss: 0.0185
                    Mean surrogate loss: -0.0049
                      Mean entropy loss: 9.6177
                            Mean reward: 14.15
                    Mean episode length: 976.62
                        Mean action std: 0.56
    Episode_Reward/track_lin_vel_xy_exp: 0.5430
     Episode_Reward/track_ang_vel_z_exp: 0.5634
            Episode_Reward/lin_vel_z_l2: -0.0237
           Episode_Reward/ang_vel_xy_l2: -0.0913
          Episode_Reward/dof_torques_l2: -0.0699
              Episode_Reward/dof_acc_l2: -0.1232
          Episode_Reward/action_rate_l2: -0.0866
           Episode_Reward/feet_air_time: -0.0258
     Episode_Reward/flat_orientation_l2: 0.0000
          Episode_Reward/dof_pos_limits: 0.0000
              Curriculum/terrain_levels: 0.4628
     Metrics/base_velocity/error_vel_xy: 1.6438
    Metrics/base_velocity/error_vel_yaw: 0.4727
           Episode_Termination/time_out: 0.9237
       Episode_Termination/base_contact: 0.0763
--------------------------------------------------------------------------------
                         Iteration time: 39.85s
                           Time elapsed: 04:04:27
                                    ETA: 12:21:15

################################################################################
[1m                          Learning iteration 248/1000                           [0m 

                            Total steps: 24477696 
                       Steps per second: 334 
                        Collection time: 293.682s 
                          Learning time: 0.483s 
                        Mean value loss: 0.0158
                    Mean surrogate loss: -0.0067
                      Mean entropy loss: 9.6187
                            Mean reward: 13.58
                    Mean episode length: 953.65
                        Mean action std: 0.56
    Episode_Reward/track_lin_vel_xy_exp: 0.4731
     Episode_Reward/track_ang_vel_z_exp: 0.5503
            Episode_Reward/lin_vel_z_l2: -0.0213
           Episode_Reward/ang_vel_xy_l2: -0.0846
          Episode_Reward/dof_torques_l2: -0.0660
              Episode_Reward/dof_acc_l2: -0.1127
          Episode_Reward/action_rate_l2: -0.0823
           Episode_Reward/feet_air_time: -0.0244
     Episode_Reward/flat_orientation_l2: 0.0000
          Episode_Reward/dof_pos_limits: 0.0000
              Curriculum/terrain_levels: 0.4645
     Metrics/base_velocity/error_vel_xy: 1.6031
    Metrics/base_velocity/error_vel_yaw: 0.4595
           Episode_Termination/time_out: 0.9245
       Episode_Termination/base_contact: 0.0755
--------------------------------------------------------------------------------
                         Iteration time: 294.16s
                           Time elapsed: 04:09:21
                                    ETA: 12:32:05

################################################################################
[1m                          Learning iteration 249/1000                           [0m 

                            Total steps: 24576000 
                       Steps per second: 334 
                        Collection time: 293.213s 
                          Learning time: 0.496s 
                        Mean value loss: 0.0187
                    Mean surrogate loss: -0.0057
                      Mean entropy loss: 9.6115
                            Mean reward: 14.82
                    Mean episode length: 976.32
                        Mean action std: 0.56
    Episode_Reward/track_lin_vel_xy_exp: 0.5970
     Episode_Reward/track_ang_vel_z_exp: 0.5641
            Episode_Reward/lin_vel_z_l2: -0.0222
           Episode_Reward/ang_vel_xy_l2: -0.0877
          Episode_Reward/dof_torques_l2: -0.0695
              Episode_Reward/dof_acc_l2: -0.1166
          Episode_Reward/action_rate_l2: -0.0854
           Episode_Reward/feet_air_time: -0.0246
     Episode_Reward/flat_orientation_l2: 0.0000
          Episode_Reward/dof_pos_limits: 0.0000
              Curriculum/terrain_levels: 0.4655
     Metrics/base_velocity/error_vel_xy: 1.4003
    Metrics/base_velocity/error_vel_yaw: 0.4672
           Episode_Termination/time_out: 0.9255
       Episode_Termination/base_contact: 0.0745
--------------------------------------------------------------------------------
                         Iteration time: 293.71s
                           Time elapsed: 04:14:15
                                    ETA: 12:42:45

################################################################################
[1m                          Learning iteration 250/1000                           [0m 

                            Total steps: 24674304 
                       Steps per second: 333 
                        Collection time: 294.374s 
                          Learning time: 0.485s 
                        Mean value loss: 0.0199
                    Mean surrogate loss: -0.0067
                      Mean entropy loss: 9.6143
                            Mean reward: 15.14
                    Mean episode length: 979.68
                        Mean action std: 0.56
    Episode_Reward/track_lin_vel_xy_exp: 0.6026
     Episode_Reward/track_ang_vel_z_exp: 0.5676
            Episode_Reward/lin_vel_z_l2: -0.0243
           Episode_Reward/ang_vel_xy_l2: -0.0921
          Episode_Reward/dof_torques_l2: -0.0719
              Episode_Reward/dof_acc_l2: -0.1251
          Episode_Reward/action_rate_l2: -0.0869
           Episode_Reward/feet_air_time: -0.0260
     Episode_Reward/flat_orientation_l2: 0.0000
          Episode_Reward/dof_pos_limits: 0.0000
              Curriculum/terrain_levels: 0.4683
     Metrics/base_velocity/error_vel_xy: 1.4961
    Metrics/base_velocity/error_vel_yaw: 0.4636
           Episode_Termination/time_out: 0.9268
       Episode_Termination/base_contact: 0.0732
--------------------------------------------------------------------------------
                         Iteration time: 294.86s
                           Time elapsed: 04:19:10
                                    ETA: 12:53:22

################################################################################
[1m                          Learning iteration 251/1000                           [0m 

                            Total steps: 24772608 
                       Steps per second: 333 
                        Collection time: 293.920s 
                          Learning time: 0.482s 
                        Mean value loss: 0.0211
                    Mean surrogate loss: -0.0058
                      Mean entropy loss: 9.5990
                            Mean reward: 13.88
                    Mean episode length: 924.66
                        Mean action std: 0.56
    Episode_Reward/track_lin_vel_xy_exp: 0.5437
     Episode_Reward/track_ang_vel_z_exp: 0.5288
            Episode_Reward/lin_vel_z_l2: -0.0230
           Episode_Reward/ang_vel_xy_l2: -0.0854
          Episode_Reward/dof_torques_l2: -0.0668
              Episode_Reward/dof_acc_l2: -0.1146
          Episode_Reward/action_rate_l2: -0.0806
           Episode_Reward/feet_air_time: -0.0234
     Episode_Reward/flat_orientation_l2: 0.0000
          Episode_Reward/dof_pos_limits: 0.0000
              Curriculum/terrain_levels: 0.4722
     Metrics/base_velocity/error_vel_xy: 1.4709
    Metrics/base_velocity/error_vel_yaw: 0.4705
           Episode_Termination/time_out: 0.9264
       Episode_Termination/base_contact: 0.0736
--------------------------------------------------------------------------------
                         Iteration time: 294.40s
                           Time elapsed: 04:24:04
                                    ETA: 13:03:50

################################################################################
[1m                          Learning iteration 252/1000                           [0m 

                            Total steps: 24870912 
                       Steps per second: 333 
                        Collection time: 294.708s 
                          Learning time: 0.482s 
                        Mean value loss: 0.0184
                    Mean surrogate loss: -0.0072
                      Mean entropy loss: 9.6005
                            Mean reward: 14.27
                    Mean episode length: 953.58
                        Mean action std: 0.56
    Episode_Reward/track_lin_vel_xy_exp: 0.5820
     Episode_Reward/track_ang_vel_z_exp: 0.5511
            Episode_Reward/lin_vel_z_l2: -0.0237
           Episode_Reward/ang_vel_xy_l2: -0.0923
          Episode_Reward/dof_torques_l2: -0.0702
              Episode_Reward/dof_acc_l2: -0.1214
          Episode_Reward/action_rate_l2: -0.0851
           Episode_Reward/feet_air_time: -0.0246
     Episode_Reward/flat_orientation_l2: 0.0000
          Episode_Reward/dof_pos_limits: 0.0000
              Curriculum/terrain_levels: 0.4728
     Metrics/base_velocity/error_vel_xy: 1.4845
    Metrics/base_velocity/error_vel_yaw: 0.4690
           Episode_Termination/time_out: 0.9243
       Episode_Termination/base_contact: 0.0757
--------------------------------------------------------------------------------
                         Iteration time: 295.19s
                           Time elapsed: 04:28:59
                                    ETA: 13:14:13

################################################################################
[1m                          Learning iteration 253/1000                           [0m 

                            Total steps: 24969216 
                       Steps per second: 332 
                        Collection time: 295.573s 
                          Learning time: 0.487s 
                        Mean value loss: 0.0221
                    Mean surrogate loss: -0.0060
                      Mean entropy loss: 9.6225
                            Mean reward: 14.92
                    Mean episode length: 967.55
                        Mean action std: 0.56
    Episode_Reward/track_lin_vel_xy_exp: 0.6095
     Episode_Reward/track_ang_vel_z_exp: 0.5530
            Episode_Reward/lin_vel_z_l2: -0.0225
           Episode_Reward/ang_vel_xy_l2: -0.0882
          Episode_Reward/dof_torques_l2: -0.0697
              Episode_Reward/dof_acc_l2: -0.1205
          Episode_Reward/action_rate_l2: -0.0838
           Episode_Reward/feet_air_time: -0.0235
     Episode_Reward/flat_orientation_l2: 0.0000
          Episode_Reward/dof_pos_limits: 0.0000
              Curriculum/terrain_levels: 0.4732
     Metrics/base_velocity/error_vel_xy: 1.3352
    Metrics/base_velocity/error_vel_yaw: 0.4660
           Episode_Termination/time_out: 0.9248
       Episode_Termination/base_contact: 0.0752
--------------------------------------------------------------------------------
                         Iteration time: 296.06s
                           Time elapsed: 04:33:55
                                    ETA: 13:24:32

################################################################################
[1m                          Learning iteration 254/1000                           [0m 

                            Total steps: 25067520 
                       Steps per second: 332 
                        Collection time: 295.235s 
                          Learning time: 0.484s 
                        Mean value loss: 0.0206
                    Mean surrogate loss: -0.0061
                      Mean entropy loss: 9.6271
                            Mean reward: 14.69
                    Mean episode length: 988.89
                        Mean action std: 0.56
    Episode_Reward/track_lin_vel_xy_exp: 0.5818
     Episode_Reward/track_ang_vel_z_exp: 0.5741
            Episode_Reward/lin_vel_z_l2: -0.0232
           Episode_Reward/ang_vel_xy_l2: -0.0897
          Episode_Reward/dof_torques_l2: -0.0703
              Episode_Reward/dof_acc_l2: -0.1224
          Episode_Reward/action_rate_l2: -0.0862
           Episode_Reward/feet_air_time: -0.0247
     Episode_Reward/flat_orientation_l2: 0.0000
          Episode_Reward/dof_pos_limits: 0.0000
              Curriculum/terrain_levels: 0.4756
     Metrics/base_velocity/error_vel_xy: 1.5217
    Metrics/base_velocity/error_vel_yaw: 0.4701
           Episode_Termination/time_out: 0.9265
       Episode_Termination/base_contact: 0.0735
--------------------------------------------------------------------------------
                         Iteration time: 295.72s
                           Time elapsed: 04:38:51
                                    ETA: 13:34:42

################################################################################
[1m                          Learning iteration 255/1000                           [0m 

                            Total steps: 25165824 
                       Steps per second: 331 
                        Collection time: 296.107s 
                          Learning time: 0.485s 
                        Mean value loss: 0.0178
                    Mean surrogate loss: -0.0053
                      Mean entropy loss: 9.6484
                            Mean reward: 14.51
                    Mean episode length: 976.75
                        Mean action std: 0.56
    Episode_Reward/track_lin_vel_xy_exp: 0.6211
     Episode_Reward/track_ang_vel_z_exp: 0.5501
            Episode_Reward/lin_vel_z_l2: -0.0250
           Episode_Reward/ang_vel_xy_l2: -0.0934
          Episode_Reward/dof_torques_l2: -0.0735
              Episode_Reward/dof_acc_l2: -0.1242
          Episode_Reward/action_rate_l2: -0.0865
           Episode_Reward/feet_air_time: -0.0249
     Episode_Reward/flat_orientation_l2: 0.0000
          Episode_Reward/dof_pos_limits: 0.0000
              Curriculum/terrain_levels: 0.4795
     Metrics/base_velocity/error_vel_xy: 1.4227
    Metrics/base_velocity/error_vel_yaw: 0.4762
           Episode_Termination/time_out: 0.9270
       Episode_Termination/base_contact: 0.0730
--------------------------------------------------------------------------------
                         Iteration time: 296.59s
                           Time elapsed: 04:43:48
                                    ETA: 13:44:47

################################################################################
[1m                          Learning iteration 256/1000                           [0m 

                            Total steps: 25264128 
                       Steps per second: 331 
                        Collection time: 296.002s 
                          Learning time: 0.487s 
                        Mean value loss: 0.0231
                    Mean surrogate loss: -0.0057
                      Mean entropy loss: 9.6751
                            Mean reward: 15.68
                    Mean episode length: 970.64
                        Mean action std: 0.56
    Episode_Reward/track_lin_vel_xy_exp: 0.6766
     Episode_Reward/track_ang_vel_z_exp: 0.5563
            Episode_Reward/lin_vel_z_l2: -0.0242
           Episode_Reward/ang_vel_xy_l2: -0.0963
          Episode_Reward/dof_torques_l2: -0.0730
              Episode_Reward/dof_acc_l2: -0.1251
          Episode_Reward/action_rate_l2: -0.0872
           Episode_Reward/feet_air_time: -0.0258
     Episode_Reward/flat_orientation_l2: 0.0000
          Episode_Reward/dof_pos_limits: 0.0000
              Curriculum/terrain_levels: 0.4831
     Metrics/base_velocity/error_vel_xy: 1.3400
    Metrics/base_velocity/error_vel_yaw: 0.4793
           Episode_Termination/time_out: 0.9277
       Episode_Termination/base_contact: 0.0723
--------------------------------------------------------------------------------
                         Iteration time: 296.49s
                           Time elapsed: 04:48:44
                                    ETA: 13:54:46

################################################################################
[1m                          Learning iteration 257/1000                           [0m 

                            Total steps: 25362432 
                       Steps per second: 330 
                        Collection time: 296.630s 
                          Learning time: 0.489s 
                        Mean value loss: 0.0175
                    Mean surrogate loss: -0.0060
                      Mean entropy loss: 9.6824
                            Mean reward: 15.74
                    Mean episode length: 987.15
                        Mean action std: 0.56
    Episode_Reward/track_lin_vel_xy_exp: 0.6600
     Episode_Reward/track_ang_vel_z_exp: 0.5675
            Episode_Reward/lin_vel_z_l2: -0.0225
           Episode_Reward/ang_vel_xy_l2: -0.0929
          Episode_Reward/dof_torques_l2: -0.0738
              Episode_Reward/dof_acc_l2: -0.1201
          Episode_Reward/action_rate_l2: -0.0867
           Episode_Reward/feet_air_time: -0.0251
     Episode_Reward/flat_orientation_l2: 0.0000
          Episode_Reward/dof_pos_limits: 0.0000
              Curriculum/terrain_levels: 0.4865
     Metrics/base_velocity/error_vel_xy: 1.3371
    Metrics/base_velocity/error_vel_yaw: 0.4676
           Episode_Termination/time_out: 0.9280
       Episode_Termination/base_contact: 0.0720
--------------------------------------------------------------------------------
                         Iteration time: 297.12s
                           Time elapsed: 04:53:41
                                    ETA: 14:04:39

################################################################################
[1m                          Learning iteration 258/1000                           [0m 

                            Total steps: 25460736 
                       Steps per second: 330 
                        Collection time: 296.560s 
                          Learning time: 0.496s 
                        Mean value loss: 0.0223
                    Mean surrogate loss: -0.0060
                      Mean entropy loss: 9.6914
                            Mean reward: 16.66
                    Mean episode length: 996.98
                        Mean action std: 0.56
    Episode_Reward/track_lin_vel_xy_exp: 0.6268
     Episode_Reward/track_ang_vel_z_exp: 0.5815
            Episode_Reward/lin_vel_z_l2: -0.0232
           Episode_Reward/ang_vel_xy_l2: -0.0909
          Episode_Reward/dof_torques_l2: -0.0715
              Episode_Reward/dof_acc_l2: -0.1235
          Episode_Reward/action_rate_l2: -0.0877
           Episode_Reward/feet_air_time: -0.0262
     Episode_Reward/flat_orientation_l2: 0.0000
          Episode_Reward/dof_pos_limits: 0.0000
              Curriculum/terrain_levels: 0.4890
     Metrics/base_velocity/error_vel_xy: 1.4568
    Metrics/base_velocity/error_vel_yaw: 0.4681
           Episode_Termination/time_out: 0.9293
       Episode_Termination/base_contact: 0.0707
--------------------------------------------------------------------------------
                         Iteration time: 297.06s
                           Time elapsed: 04:58:38
                                    ETA: 14:14:25

################################################################################
[1m                          Learning iteration 259/1000                           [0m 

                            Total steps: 25559040 
                       Steps per second: 331 
                        Collection time: 295.678s 
                          Learning time: 0.482s 
                        Mean value loss: 0.0193
                    Mean surrogate loss: -0.0062
                      Mean entropy loss: 9.6919
                            Mean reward: 15.72
                    Mean episode length: 944.82
                        Mean action std: 0.56
    Episode_Reward/track_lin_vel_xy_exp: 0.6772
     Episode_Reward/track_ang_vel_z_exp: 0.5408
            Episode_Reward/lin_vel_z_l2: -0.0249
           Episode_Reward/ang_vel_xy_l2: -0.0932
          Episode_Reward/dof_torques_l2: -0.0724
              Episode_Reward/dof_acc_l2: -0.1258
          Episode_Reward/action_rate_l2: -0.0850
           Episode_Reward/feet_air_time: -0.0258
     Episode_Reward/flat_orientation_l2: 0.0000
          Episode_Reward/dof_pos_limits: 0.0000
              Curriculum/terrain_levels: 0.4952
     Metrics/base_velocity/error_vel_xy: 1.1957
    Metrics/base_velocity/error_vel_yaw: 0.4625
           Episode_Termination/time_out: 0.9303
       Episode_Termination/base_contact: 0.0697
--------------------------------------------------------------------------------
                         Iteration time: 296.16s
                           Time elapsed: 05:03:34
                                    ETA: 14:24:02

################################################################################
[1m                          Learning iteration 260/1000                           [0m 

                            Total steps: 25657344 
                       Steps per second: 331 
                        Collection time: 296.321s 
                          Learning time: 0.488s 
                        Mean value loss: 0.0223
                    Mean surrogate loss: -0.0065
                      Mean entropy loss: 9.6836
                            Mean reward: 15.01
                    Mean episode length: 983.65
                        Mean action std: 0.56
    Episode_Reward/track_lin_vel_xy_exp: 0.6399
     Episode_Reward/track_ang_vel_z_exp: 0.5687
            Episode_Reward/lin_vel_z_l2: -0.0244
           Episode_Reward/ang_vel_xy_l2: -0.0947
          Episode_Reward/dof_torques_l2: -0.0721
              Episode_Reward/dof_acc_l2: -0.1295
          Episode_Reward/action_rate_l2: -0.0883
           Episode_Reward/feet_air_time: -0.0248
     Episode_Reward/flat_orientation_l2: 0.0000
          Episode_Reward/dof_pos_limits: 0.0000
              Curriculum/terrain_levels: 0.5011
     Metrics/base_velocity/error_vel_xy: 1.4114
    Metrics/base_velocity/error_vel_yaw: 0.4800
           Episode_Termination/time_out: 0.9315
       Episode_Termination/base_contact: 0.0685
--------------------------------------------------------------------------------
                         Iteration time: 296.81s
                           Time elapsed: 05:08:31
                                    ETA: 14:33:34

################################################################################
[1m                          Learning iteration 261/1000                           [0m 

                            Total steps: 25755648 
                       Steps per second: 330 
                        Collection time: 296.664s 
                          Learning time: 0.486s 
                        Mean value loss: 0.0203
                    Mean surrogate loss: -0.0060
                      Mean entropy loss: 9.7004
                            Mean reward: 14.97
                    Mean episode length: 983.83
                        Mean action std: 0.56
    Episode_Reward/track_lin_vel_xy_exp: 0.5809
     Episode_Reward/track_ang_vel_z_exp: 0.5588
            Episode_Reward/lin_vel_z_l2: -0.0231
           Episode_Reward/ang_vel_xy_l2: -0.0880
          Episode_Reward/dof_torques_l2: -0.0691
              Episode_Reward/dof_acc_l2: -0.1167
          Episode_Reward/action_rate_l2: -0.0839
           Episode_Reward/feet_air_time: -0.0247
     Episode_Reward/flat_orientation_l2: 0.0000
          Episode_Reward/dof_pos_limits: 0.0000
              Curriculum/terrain_levels: 0.5050
     Metrics/base_velocity/error_vel_xy: 1.4054
    Metrics/base_velocity/error_vel_yaw: 0.4569
           Episode_Termination/time_out: 0.9316
       Episode_Termination/base_contact: 0.0684
--------------------------------------------------------------------------------
                         Iteration time: 297.15s
                           Time elapsed: 05:13:28
                                    ETA: 14:43:00

################################################################################
[1m                          Learning iteration 262/1000                           [0m 

                            Total steps: 25853952 
                       Steps per second: 332 
                        Collection time: 295.257s 
                          Learning time: 0.482s 
                        Mean value loss: 0.0186
                    Mean surrogate loss: -0.0062
                      Mean entropy loss: 9.7073
                            Mean reward: 15.64
                    Mean episode length: 967.70
                        Mean action std: 0.56
    Episode_Reward/track_lin_vel_xy_exp: 0.6197
     Episode_Reward/track_ang_vel_z_exp: 0.5485
            Episode_Reward/lin_vel_z_l2: -0.0227
           Episode_Reward/ang_vel_xy_l2: -0.0903
          Episode_Reward/dof_torques_l2: -0.0700
              Episode_Reward/dof_acc_l2: -0.1153
          Episode_Reward/action_rate_l2: -0.0837
           Episode_Reward/feet_air_time: -0.0240
     Episode_Reward/flat_orientation_l2: 0.0000
          Episode_Reward/dof_pos_limits: 0.0000
              Curriculum/terrain_levels: 0.5077
     Metrics/base_velocity/error_vel_xy: 1.3817
    Metrics/base_velocity/error_vel_yaw: 0.4604
           Episode_Termination/time_out: 0.9328
       Episode_Termination/base_contact: 0.0672
--------------------------------------------------------------------------------
                         Iteration time: 295.74s
                           Time elapsed: 05:18:24
                                    ETA: 14:52:16

################################################################################
[1m                          Learning iteration 263/1000                           [0m 

                            Total steps: 25952256 
                       Steps per second: 332 
                        Collection time: 294.802s 
                          Learning time: 0.481s 
                        Mean value loss: 0.0202
                    Mean surrogate loss: -0.0067
                      Mean entropy loss: 9.7235
                            Mean reward: 14.04
                    Mean episode length: 952.04
                        Mean action std: 0.56
    Episode_Reward/track_lin_vel_xy_exp: 0.5045
     Episode_Reward/track_ang_vel_z_exp: 0.5493
            Episode_Reward/lin_vel_z_l2: -0.0215
           Episode_Reward/ang_vel_xy_l2: -0.0848
          Episode_Reward/dof_torques_l2: -0.0629
              Episode_Reward/dof_acc_l2: -0.1101
          Episode_Reward/action_rate_l2: -0.0811
           Episode_Reward/feet_air_time: -0.0241
     Episode_Reward/flat_orientation_l2: 0.0000
          Episode_Reward/dof_pos_limits: 0.0000
              Curriculum/terrain_levels: 0.5098
     Metrics/base_velocity/error_vel_xy: 1.5847
    Metrics/base_velocity/error_vel_yaw: 0.4366
           Episode_Termination/time_out: 0.9328
       Episode_Termination/base_contact: 0.0672
--------------------------------------------------------------------------------
                         Iteration time: 295.28s
                           Time elapsed: 05:23:19
                                    ETA: 15:01:24

################################################################################
[1m                          Learning iteration 264/1000                           [0m 

                            Total steps: 26050560 
                       Steps per second: 334 
                        Collection time: 293.425s 
                          Learning time: 0.479s 
                        Mean value loss: 0.0221
                    Mean surrogate loss: -0.0060
                      Mean entropy loss: 9.7310
                            Mean reward: 14.42
                    Mean episode length: 962.14
                        Mean action std: 0.56
    Episode_Reward/track_lin_vel_xy_exp: 0.5610
     Episode_Reward/track_ang_vel_z_exp: 0.5438
            Episode_Reward/lin_vel_z_l2: -0.0221
           Episode_Reward/ang_vel_xy_l2: -0.0884
          Episode_Reward/dof_torques_l2: -0.0680
              Episode_Reward/dof_acc_l2: -0.1154
          Episode_Reward/action_rate_l2: -0.0824
           Episode_Reward/feet_air_time: -0.0236
     Episode_Reward/flat_orientation_l2: 0.0000
          Episode_Reward/dof_pos_limits: 0.0000
              Curriculum/terrain_levels: 0.5105
     Metrics/base_velocity/error_vel_xy: 1.4514
    Metrics/base_velocity/error_vel_yaw: 0.4594
           Episode_Termination/time_out: 0.9332
       Episode_Termination/base_contact: 0.0668
--------------------------------------------------------------------------------
                         Iteration time: 293.90s
                           Time elapsed: 05:28:13
                                    ETA: 15:10:22

################################################################################
[1m                          Learning iteration 265/1000                           [0m 

                            Total steps: 26148864 
                       Steps per second: 333 
                        Collection time: 294.039s 
                          Learning time: 0.484s 
                        Mean value loss: 0.0199
                    Mean surrogate loss: -0.0058
                      Mean entropy loss: 9.7372
                            Mean reward: 15.12
                    Mean episode length: 974.97
                        Mean action std: 0.56
    Episode_Reward/track_lin_vel_xy_exp: 0.6075
     Episode_Reward/track_ang_vel_z_exp: 0.5568
            Episode_Reward/lin_vel_z_l2: -0.0236
           Episode_Reward/ang_vel_xy_l2: -0.0937
          Episode_Reward/dof_torques_l2: -0.0724
              Episode_Reward/dof_acc_l2: -0.1245
          Episode_Reward/action_rate_l2: -0.0869
           Episode_Reward/feet_air_time: -0.0259
     Episode_Reward/flat_orientation_l2: 0.0000
          Episode_Reward/dof_pos_limits: 0.0000
              Curriculum/terrain_levels: 0.5126
     Metrics/base_velocity/error_vel_xy: 1.4927
    Metrics/base_velocity/error_vel_yaw: 0.4821
           Episode_Termination/time_out: 0.9333
       Episode_Termination/base_contact: 0.0667
--------------------------------------------------------------------------------
                         Iteration time: 294.52s
                           Time elapsed: 05:33:08
                                    ETA: 15:19:15

################################################################################
[1m                          Learning iteration 266/1000                           [0m 

                            Total steps: 26247168 
                       Steps per second: 334 
                        Collection time: 293.581s 
                          Learning time: 0.478s 
                        Mean value loss: 0.0193
                    Mean surrogate loss: -0.0039
                      Mean entropy loss: 9.7404
                            Mean reward: 14.32
                    Mean episode length: 960.30
                        Mean action std: 0.56
    Episode_Reward/track_lin_vel_xy_exp: 0.5526
     Episode_Reward/track_ang_vel_z_exp: 0.5603
            Episode_Reward/lin_vel_z_l2: -0.0237
           Episode_Reward/ang_vel_xy_l2: -0.0928
          Episode_Reward/dof_torques_l2: -0.0695
              Episode_Reward/dof_acc_l2: -0.1224
          Episode_Reward/action_rate_l2: -0.0860
           Episode_Reward/feet_air_time: -0.0259
     Episode_Reward/flat_orientation_l2: 0.0000
          Episode_Reward/dof_pos_limits: 0.0000
              Curriculum/terrain_levels: 0.5159
     Metrics/base_velocity/error_vel_xy: 1.5702
    Metrics/base_velocity/error_vel_yaw: 0.4711
           Episode_Termination/time_out: 0.9330
       Episode_Termination/base_contact: 0.0670
--------------------------------------------------------------------------------
                         Iteration time: 294.06s
                           Time elapsed: 05:38:02
                                    ETA: 15:28:01

################################################################################
[1m                          Learning iteration 267/1000                           [0m 

                            Total steps: 26345472 
                       Steps per second: 332 
                        Collection time: 295.367s 
                          Learning time: 0.486s 
                        Mean value loss: 0.0179
                    Mean surrogate loss: -0.0053
                      Mean entropy loss: 9.7388
                            Mean reward: 14.58
                    Mean episode length: 965.92
                        Mean action std: 0.56
    Episode_Reward/track_lin_vel_xy_exp: 0.5527
     Episode_Reward/track_ang_vel_z_exp: 0.5645
            Episode_Reward/lin_vel_z_l2: -0.0229
           Episode_Reward/ang_vel_xy_l2: -0.0896
          Episode_Reward/dof_torques_l2: -0.0705
              Episode_Reward/dof_acc_l2: -0.1151
          Episode_Reward/action_rate_l2: -0.0854
           Episode_Reward/feet_air_time: -0.0254
     Episode_Reward/flat_orientation_l2: 0.0000
          Episode_Reward/dof_pos_limits: 0.0000
              Curriculum/terrain_levels: 0.5189
     Metrics/base_velocity/error_vel_xy: 1.5399
    Metrics/base_velocity/error_vel_yaw: 0.4571
           Episode_Termination/time_out: 0.9333
       Episode_Termination/base_contact: 0.0667
--------------------------------------------------------------------------------
                         Iteration time: 295.85s
                           Time elapsed: 05:42:58
                                    ETA: 15:36:46

################################################################################
[1m                          Learning iteration 268/1000                           [0m 

                            Total steps: 26443776 
                       Steps per second: 332 
                        Collection time: 295.570s 
                          Learning time: 0.480s 
                        Mean value loss: 0.0200
                    Mean surrogate loss: -0.0056
                      Mean entropy loss: 9.7389
                            Mean reward: 14.51
                    Mean episode length: 959.82
                        Mean action std: 0.56
    Episode_Reward/track_lin_vel_xy_exp: 0.5442
     Episode_Reward/track_ang_vel_z_exp: 0.5575
            Episode_Reward/lin_vel_z_l2: -0.0222
           Episode_Reward/ang_vel_xy_l2: -0.0889
          Episode_Reward/dof_torques_l2: -0.0666
              Episode_Reward/dof_acc_l2: -0.1125
          Episode_Reward/action_rate_l2: -0.0838
           Episode_Reward/feet_air_time: -0.0239
     Episode_Reward/flat_orientation_l2: 0.0000
          Episode_Reward/dof_pos_limits: 0.0000
              Curriculum/terrain_levels: 0.5238
     Metrics/base_velocity/error_vel_xy: 1.5647
    Metrics/base_velocity/error_vel_yaw: 0.4509
           Episode_Termination/time_out: 0.9339
       Episode_Termination/base_contact: 0.0661
--------------------------------------------------------------------------------
                         Iteration time: 296.05s
                           Time elapsed: 05:47:54
                                    ETA: 15:45:25

################################################################################
[1m                          Learning iteration 269/1000                           [0m 

                            Total steps: 26542080 
                       Steps per second: 332 
                        Collection time: 295.577s 
                          Learning time: 0.480s 
                        Mean value loss: 0.0215
                    Mean surrogate loss: -0.0055
                      Mean entropy loss: 9.7436
                            Mean reward: 14.96
                    Mean episode length: 938.64
                        Mean action std: 0.56
    Episode_Reward/track_lin_vel_xy_exp: 0.5993
     Episode_Reward/track_ang_vel_z_exp: 0.5461
            Episode_Reward/lin_vel_z_l2: -0.0236
           Episode_Reward/ang_vel_xy_l2: -0.0913
          Episode_Reward/dof_torques_l2: -0.0699
              Episode_Reward/dof_acc_l2: -0.1197
          Episode_Reward/action_rate_l2: -0.0842
           Episode_Reward/feet_air_time: -0.0250
     Episode_Reward/flat_orientation_l2: 0.0000
          Episode_Reward/dof_pos_limits: 0.0000
              Curriculum/terrain_levels: 0.5263
     Metrics/base_velocity/error_vel_xy: 1.3840
    Metrics/base_velocity/error_vel_yaw: 0.4489
           Episode_Termination/time_out: 0.9327
       Episode_Termination/base_contact: 0.0673
--------------------------------------------------------------------------------
                         Iteration time: 296.06s
                           Time elapsed: 05:52:50
                                    ETA: 15:53:58

################################################################################
[1m                          Learning iteration 270/1000                           [0m 

                            Total steps: 26640384 
                       Steps per second: 332 
                        Collection time: 294.965s 
                          Learning time: 0.478s 
                        Mean value loss: 0.0179
                    Mean surrogate loss: -0.0054
                      Mean entropy loss: 9.7342
                            Mean reward: 14.36
                    Mean episode length: 963.51
                        Mean action std: 0.56
    Episode_Reward/track_lin_vel_xy_exp: 0.5150
     Episode_Reward/track_ang_vel_z_exp: 0.5513
            Episode_Reward/lin_vel_z_l2: -0.0213
           Episode_Reward/ang_vel_xy_l2: -0.0839
          Episode_Reward/dof_torques_l2: -0.0671
              Episode_Reward/dof_acc_l2: -0.1128
          Episode_Reward/action_rate_l2: -0.0825
           Episode_Reward/feet_air_time: -0.0239
     Episode_Reward/flat_orientation_l2: 0.0000
          Episode_Reward/dof_pos_limits: 0.0000
              Curriculum/terrain_levels: 0.5262
     Metrics/base_velocity/error_vel_xy: 1.5060
    Metrics/base_velocity/error_vel_yaw: 0.4535
           Episode_Termination/time_out: 0.9319
       Episode_Termination/base_contact: 0.0681
--------------------------------------------------------------------------------
                         Iteration time: 295.44s
                           Time elapsed: 05:57:45
                                    ETA: 16:02:23

################################################################################
[1m                          Learning iteration 271/1000                           [0m 

                            Total steps: 26738688 
                       Steps per second: 331 
                        Collection time: 296.370s 
                          Learning time: 0.483s 
                        Mean value loss: 0.0194
                    Mean surrogate loss: -0.0057
                      Mean entropy loss: 9.7114
                            Mean reward: 15.05
                    Mean episode length: 976.42
                        Mean action std: 0.56
    Episode_Reward/track_lin_vel_xy_exp: 0.6308
     Episode_Reward/track_ang_vel_z_exp: 0.5637
            Episode_Reward/lin_vel_z_l2: -0.0234
           Episode_Reward/ang_vel_xy_l2: -0.0939
          Episode_Reward/dof_torques_l2: -0.0715
              Episode_Reward/dof_acc_l2: -0.1186
          Episode_Reward/action_rate_l2: -0.0868
           Episode_Reward/feet_air_time: -0.0246
     Episode_Reward/flat_orientation_l2: 0.0000
          Episode_Reward/dof_pos_limits: 0.0000
              Curriculum/terrain_levels: 0.5259
     Metrics/base_velocity/error_vel_xy: 1.3891
    Metrics/base_velocity/error_vel_yaw: 0.4761
           Episode_Termination/time_out: 0.9313
       Episode_Termination/base_contact: 0.0687
--------------------------------------------------------------------------------
                         Iteration time: 296.85s
                           Time elapsed: 06:02:42
                                    ETA: 16:10:47

################################################################################
[1m                          Learning iteration 272/1000                           [0m 

                            Total steps: 26836992 
                       Steps per second: 331 
                        Collection time: 296.206s 
                          Learning time: 0.485s 
                        Mean value loss: 0.0214
                    Mean surrogate loss: -0.0065
                      Mean entropy loss: 9.7187
                            Mean reward: 15.41
                    Mean episode length: 969.96
                        Mean action std: 0.56
    Episode_Reward/track_lin_vel_xy_exp: 0.5824
     Episode_Reward/track_ang_vel_z_exp: 0.5732
            Episode_Reward/lin_vel_z_l2: -0.0233
           Episode_Reward/ang_vel_xy_l2: -0.0892
          Episode_Reward/dof_torques_l2: -0.0703
              Episode_Reward/dof_acc_l2: -0.1215
          Episode_Reward/action_rate_l2: -0.0859
           Episode_Reward/feet_air_time: -0.0249
     Episode_Reward/flat_orientation_l2: 0.0000
          Episode_Reward/dof_pos_limits: 0.0000
              Curriculum/terrain_levels: 0.5270
     Metrics/base_velocity/error_vel_xy: 1.5083
    Metrics/base_velocity/error_vel_yaw: 0.4559
           Episode_Termination/time_out: 0.9313
       Episode_Termination/base_contact: 0.0687
--------------------------------------------------------------------------------
                         Iteration time: 296.69s
                           Time elapsed: 06:07:39
                                    ETA: 16:19:04

################################################################################
[1m                          Learning iteration 273/1000                           [0m 

                            Total steps: 26935296 
                       Steps per second: 331 
                        Collection time: 296.356s 
                          Learning time: 0.477s 
                        Mean value loss: 0.0199
                    Mean surrogate loss: -0.0058
                      Mean entropy loss: 9.7373
                            Mean reward: 14.33
                    Mean episode length: 981.64
                        Mean action std: 0.56
    Episode_Reward/track_lin_vel_xy_exp: 0.6055
     Episode_Reward/track_ang_vel_z_exp: 0.5634
            Episode_Reward/lin_vel_z_l2: -0.0240
           Episode_Reward/ang_vel_xy_l2: -0.0937
          Episode_Reward/dof_torques_l2: -0.0738
              Episode_Reward/dof_acc_l2: -0.1231
          Episode_Reward/action_rate_l2: -0.0878
           Episode_Reward/feet_air_time: -0.0256
     Episode_Reward/flat_orientation_l2: 0.0000
          Episode_Reward/dof_pos_limits: 0.0000
              Curriculum/terrain_levels: 0.5310
     Metrics/base_velocity/error_vel_xy: 1.4294
    Metrics/base_velocity/error_vel_yaw: 0.4782
           Episode_Termination/time_out: 0.9319
       Episode_Termination/base_contact: 0.0681
--------------------------------------------------------------------------------
                         Iteration time: 296.83s
                           Time elapsed: 06:12:36
                                    ETA: 16:27:15

################################################################################
[1m                          Learning iteration 274/1000                           [0m 

                            Total steps: 27033600 
                       Steps per second: 331 
                        Collection time: 295.701s 
                          Learning time: 0.503s 
                        Mean value loss: 0.0200
                    Mean surrogate loss: -0.0054
                      Mean entropy loss: 9.7591
                            Mean reward: 15.08
                    Mean episode length: 962.15
                        Mean action std: 0.56
    Episode_Reward/track_lin_vel_xy_exp: 0.6438
     Episode_Reward/track_ang_vel_z_exp: 0.5584
            Episode_Reward/lin_vel_z_l2: -0.0249
           Episode_Reward/ang_vel_xy_l2: -0.0948
          Episode_Reward/dof_torques_l2: -0.0727
              Episode_Reward/dof_acc_l2: -0.1268
          Episode_Reward/action_rate_l2: -0.0873
           Episode_Reward/feet_air_time: -0.0253
     Episode_Reward/flat_orientation_l2: 0.0000
          Episode_Reward/dof_pos_limits: 0.0000
              Curriculum/terrain_levels: 0.5341
     Metrics/base_velocity/error_vel_xy: 1.3904
    Metrics/base_velocity/error_vel_yaw: 0.4641
           Episode_Termination/time_out: 0.9331
       Episode_Termination/base_contact: 0.0669
--------------------------------------------------------------------------------
                         Iteration time: 296.20s
                           Time elapsed: 06:17:32
                                    ETA: 16:35:19

################################################################################
[1m                          Learning iteration 275/1000                           [0m 

                            Total steps: 27131904 
                       Steps per second: 332 
                        Collection time: 295.351s 
                          Learning time: 0.486s 
                        Mean value loss: 0.0206
                    Mean surrogate loss: -0.0065
                      Mean entropy loss: 9.7735
                            Mean reward: 14.90
                    Mean episode length: 978.55
                        Mean action std: 0.56
    Episode_Reward/track_lin_vel_xy_exp: 0.5878
     Episode_Reward/track_ang_vel_z_exp: 0.5679
            Episode_Reward/lin_vel_z_l2: -0.0220
           Episode_Reward/ang_vel_xy_l2: -0.0891
          Episode_Reward/dof_torques_l2: -0.0687
              Episode_Reward/dof_acc_l2: -0.1140
          Episode_Reward/action_rate_l2: -0.0849
           Episode_Reward/feet_air_time: -0.0236
     Episode_Reward/flat_orientation_l2: 0.0000
          Episode_Reward/dof_pos_limits: 0.0000
              Curriculum/terrain_levels: 0.5366
     Metrics/base_velocity/error_vel_xy: 1.4490
    Metrics/base_velocity/error_vel_yaw: 0.4522
           Episode_Termination/time_out: 0.9332
       Episode_Termination/base_contact: 0.0668
--------------------------------------------------------------------------------
                         Iteration time: 295.84s
                           Time elapsed: 06:22:28
                                    ETA: 16:43:17

################################################################################
[1m                          Learning iteration 276/1000                           [0m 

                            Total steps: 27230208 
                       Steps per second: 331 
                        Collection time: 295.830s 
                          Learning time: 0.487s 
                        Mean value loss: 0.0220
                    Mean surrogate loss: -0.0063
                      Mean entropy loss: 9.7890
                            Mean reward: 15.06
                    Mean episode length: 984.34
                        Mean action std: 0.56
    Episode_Reward/track_lin_vel_xy_exp: 0.5758
     Episode_Reward/track_ang_vel_z_exp: 0.5770
            Episode_Reward/lin_vel_z_l2: -0.0236
           Episode_Reward/ang_vel_xy_l2: -0.0917
          Episode_Reward/dof_torques_l2: -0.0736
              Episode_Reward/dof_acc_l2: -0.1212
          Episode_Reward/action_rate_l2: -0.0879
           Episode_Reward/feet_air_time: -0.0253
     Episode_Reward/flat_orientation_l2: 0.0000
          Episode_Reward/dof_pos_limits: 0.0000
              Curriculum/terrain_levels: 0.5386
     Metrics/base_velocity/error_vel_xy: 1.5301
    Metrics/base_velocity/error_vel_yaw: 0.4574
           Episode_Termination/time_out: 0.9333
       Episode_Termination/base_contact: 0.0667
--------------------------------------------------------------------------------
                         Iteration time: 296.32s
                           Time elapsed: 06:27:24
                                    ETA: 16:51:10

################################################################################
[1m                          Learning iteration 277/1000                           [0m 

                            Total steps: 27328512 
                       Steps per second: 330 
                        Collection time: 297.106s 
                          Learning time: 0.483s 
                        Mean value loss: 0.0192
                    Mean surrogate loss: -0.0061
                      Mean entropy loss: 9.7912
                            Mean reward: 15.51
                    Mean episode length: 956.90
                        Mean action std: 0.56
    Episode_Reward/track_lin_vel_xy_exp: 0.5975
     Episode_Reward/track_ang_vel_z_exp: 0.5471
            Episode_Reward/lin_vel_z_l2: -0.0227
           Episode_Reward/ang_vel_xy_l2: -0.0902
          Episode_Reward/dof_torques_l2: -0.0697
              Episode_Reward/dof_acc_l2: -0.1141
          Episode_Reward/action_rate_l2: -0.0839
           Episode_Reward/feet_air_time: -0.0229
     Episode_Reward/flat_orientation_l2: 0.0000
          Episode_Reward/dof_pos_limits: 0.0000
              Curriculum/terrain_levels: 0.5424
     Metrics/base_velocity/error_vel_xy: 1.3697
    Metrics/base_velocity/error_vel_yaw: 0.4615
           Episode_Termination/time_out: 0.9332
       Episode_Termination/base_contact: 0.0668
--------------------------------------------------------------------------------
                         Iteration time: 297.59s
                           Time elapsed: 06:32:22
                                    ETA: 16:59:01

################################################################################
[1m                          Learning iteration 278/1000                           [0m 

                            Total steps: 27426816 
                       Steps per second: 329 
                        Collection time: 298.002s 
                          Learning time: 0.481s 
                        Mean value loss: 0.0175
                    Mean surrogate loss: -0.0067
                      Mean entropy loss: 9.7885
                            Mean reward: 15.44
                    Mean episode length: 972.92
                        Mean action std: 0.56
    Episode_Reward/track_lin_vel_xy_exp: 0.6259
     Episode_Reward/track_ang_vel_z_exp: 0.5654
            Episode_Reward/lin_vel_z_l2: -0.0239
           Episode_Reward/ang_vel_xy_l2: -0.0956
          Episode_Reward/dof_torques_l2: -0.0734
              Episode_Reward/dof_acc_l2: -0.1218
          Episode_Reward/action_rate_l2: -0.0871
           Episode_Reward/feet_air_time: -0.0253
     Episode_Reward/flat_orientation_l2: 0.0000
          Episode_Reward/dof_pos_limits: 0.0000
              Curriculum/terrain_levels: 0.5452
     Metrics/base_velocity/error_vel_xy: 1.4465
    Metrics/base_velocity/error_vel_yaw: 0.4594
           Episode_Termination/time_out: 0.9343
       Episode_Termination/base_contact: 0.0657
--------------------------------------------------------------------------------
                         Iteration time: 298.48s
                           Time elapsed: 06:37:20
                                    ETA: 17:06:49

################################################################################
[1m                          Learning iteration 279/1000                           [0m 

                            Total steps: 27525120 
                       Steps per second: 329 
                        Collection time: 297.548s 
                          Learning time: 0.484s 
                        Mean value loss: 0.0193
                    Mean surrogate loss: -0.0065
                      Mean entropy loss: 9.7821
                            Mean reward: 14.77
                    Mean episode length: 996.00
                        Mean action std: 0.56
    Episode_Reward/track_lin_vel_xy_exp: 0.6291
     Episode_Reward/track_ang_vel_z_exp: 0.5796
            Episode_Reward/lin_vel_z_l2: -0.0238
           Episode_Reward/ang_vel_xy_l2: -0.0979
          Episode_Reward/dof_torques_l2: -0.0738
              Episode_Reward/dof_acc_l2: -0.1311
          Episode_Reward/action_rate_l2: -0.0901
           Episode_Reward/feet_air_time: -0.0268
     Episode_Reward/flat_orientation_l2: 0.0000
          Episode_Reward/dof_pos_limits: 0.0000
              Curriculum/terrain_levels: 0.5481
     Metrics/base_velocity/error_vel_xy: 1.4956
    Metrics/base_velocity/error_vel_yaw: 0.4681
           Episode_Termination/time_out: 0.9369
       Episode_Termination/base_contact: 0.0631
--------------------------------------------------------------------------------
                         Iteration time: 298.03s
                           Time elapsed: 06:42:18
                                    ETA: 17:14:30

################################################################################
[1m                          Learning iteration 280/1000                           [0m 

                            Total steps: 27623424 
                       Steps per second: 330 
                        Collection time: 296.799s 
                          Learning time: 0.479s 
                        Mean value loss: 0.0185
                    Mean surrogate loss: -0.0070
                      Mean entropy loss: 9.7952
                            Mean reward: 14.50
                    Mean episode length: 944.04
                        Mean action std: 0.56
    Episode_Reward/track_lin_vel_xy_exp: 0.6001
     Episode_Reward/track_ang_vel_z_exp: 0.5527
            Episode_Reward/lin_vel_z_l2: -0.0247
           Episode_Reward/ang_vel_xy_l2: -0.0941
          Episode_Reward/dof_torques_l2: -0.0705
              Episode_Reward/dof_acc_l2: -0.1204
          Episode_Reward/action_rate_l2: -0.0852
           Episode_Reward/feet_air_time: -0.0244
     Episode_Reward/flat_orientation_l2: 0.0000
          Episode_Reward/dof_pos_limits: 0.0000
              Curriculum/terrain_levels: 0.5511
     Metrics/base_velocity/error_vel_xy: 1.4454
    Metrics/base_velocity/error_vel_yaw: 0.4551
           Episode_Termination/time_out: 0.9370
       Episode_Termination/base_contact: 0.0630
--------------------------------------------------------------------------------
                         Iteration time: 297.28s
                           Time elapsed: 06:47:15
                                    ETA: 17:22:04

################################################################################
[1m                          Learning iteration 281/1000                           [0m 

                            Total steps: 27721728 
                       Steps per second: 330 
                        Collection time: 296.846s 
                          Learning time: 0.489s 
                        Mean value loss: 0.0200
                    Mean surrogate loss: -0.0065
                      Mean entropy loss: 9.8025
                            Mean reward: 14.82
                    Mean episode length: 968.67
                        Mean action std: 0.56
    Episode_Reward/track_lin_vel_xy_exp: 0.6300
     Episode_Reward/track_ang_vel_z_exp: 0.5628
            Episode_Reward/lin_vel_z_l2: -0.0249
           Episode_Reward/ang_vel_xy_l2: -0.0951
          Episode_Reward/dof_torques_l2: -0.0730
              Episode_Reward/dof_acc_l2: -0.1254
          Episode_Reward/action_rate_l2: -0.0875
           Episode_Reward/feet_air_time: -0.0246
     Episode_Reward/flat_orientation_l2: 0.0000
          Episode_Reward/dof_pos_limits: 0.0000
              Curriculum/terrain_levels: 0.5527
     Metrics/base_velocity/error_vel_xy: 1.4187
    Metrics/base_velocity/error_vel_yaw: 0.4678
           Episode_Termination/time_out: 0.9359
       Episode_Termination/base_contact: 0.0641
--------------------------------------------------------------------------------
                         Iteration time: 297.33s
                           Time elapsed: 06:52:13
                                    ETA: 17:29:33

################################################################################
[1m                          Learning iteration 282/1000                           [0m 

                            Total steps: 27820032 
                       Steps per second: 330 
                        Collection time: 297.122s 
                          Learning time: 0.484s 
                        Mean value loss: 0.0174
                    Mean surrogate loss: -0.0066
                      Mean entropy loss: 9.8084
                            Mean reward: 15.60
                    Mean episode length: 973.51
                        Mean action std: 0.56
    Episode_Reward/track_lin_vel_xy_exp: 0.6178
     Episode_Reward/track_ang_vel_z_exp: 0.5708
            Episode_Reward/lin_vel_z_l2: -0.0233
           Episode_Reward/ang_vel_xy_l2: -0.0915
          Episode_Reward/dof_torques_l2: -0.0702
              Episode_Reward/dof_acc_l2: -0.1215
          Episode_Reward/action_rate_l2: -0.0866
           Episode_Reward/feet_air_time: -0.0259
     Episode_Reward/flat_orientation_l2: 0.0000
          Episode_Reward/dof_pos_limits: 0.0000
              Curriculum/terrain_levels: 0.5554
     Metrics/base_velocity/error_vel_xy: 1.4726
    Metrics/base_velocity/error_vel_yaw: 0.4564
           Episode_Termination/time_out: 0.9366
       Episode_Termination/base_contact: 0.0634
--------------------------------------------------------------------------------
                         Iteration time: 297.61s
                           Time elapsed: 06:57:10
                                    ETA: 17:36:57

################################################################################
[1m                          Learning iteration 283/1000                           [0m 

                            Total steps: 27918336 
                       Steps per second: 332 
                        Collection time: 295.437s 
                          Learning time: 0.480s 
                        Mean value loss: 0.0199
                    Mean surrogate loss: -0.0058
                      Mean entropy loss: 9.8039
                            Mean reward: 14.29
                    Mean episode length: 976.83
                        Mean action std: 0.56
    Episode_Reward/track_lin_vel_xy_exp: 0.5865
     Episode_Reward/track_ang_vel_z_exp: 0.5660
            Episode_Reward/lin_vel_z_l2: -0.0232
           Episode_Reward/ang_vel_xy_l2: -0.0943
          Episode_Reward/dof_torques_l2: -0.0738
              Episode_Reward/dof_acc_l2: -0.1261
          Episode_Reward/action_rate_l2: -0.0883
           Episode_Reward/feet_air_time: -0.0252
     Episode_Reward/flat_orientation_l2: 0.0000
          Episode_Reward/dof_pos_limits: 0.0000
              Curriculum/terrain_levels: 0.5574
     Metrics/base_velocity/error_vel_xy: 1.5337
    Metrics/base_velocity/error_vel_yaw: 0.4727
           Episode_Termination/time_out: 0.9374
       Episode_Termination/base_contact: 0.0626
--------------------------------------------------------------------------------
                         Iteration time: 295.92s
                           Time elapsed: 07:02:06
                                    ETA: 17:44:12

################################################################################
[1m                          Learning iteration 284/1000                           [0m 

                            Total steps: 28016640 
                       Steps per second: 331 
                        Collection time: 295.894s 
                          Learning time: 0.485s 
                        Mean value loss: 0.0212
                    Mean surrogate loss: -0.0061
                      Mean entropy loss: 9.8121
                            Mean reward: 15.03
                    Mean episode length: 968.91
                        Mean action std: 0.56
    Episode_Reward/track_lin_vel_xy_exp: 0.6232
     Episode_Reward/track_ang_vel_z_exp: 0.5607
            Episode_Reward/lin_vel_z_l2: -0.0241
           Episode_Reward/ang_vel_xy_l2: -0.0972
          Episode_Reward/dof_torques_l2: -0.0746
              Episode_Reward/dof_acc_l2: -0.1236
          Episode_Reward/action_rate_l2: -0.0886
           Episode_Reward/feet_air_time: -0.0259
     Episode_Reward/flat_orientation_l2: 0.0000
          Episode_Reward/dof_pos_limits: 0.0000
              Curriculum/terrain_levels: 0.5614
     Metrics/base_velocity/error_vel_xy: 1.3883
    Metrics/base_velocity/error_vel_yaw: 0.4824
           Episode_Termination/time_out: 0.9379
       Episode_Termination/base_contact: 0.0621
--------------------------------------------------------------------------------
                         Iteration time: 296.38s
                           Time elapsed: 07:07:03
                                    ETA: 17:51:22

################################################################################
[1m                          Learning iteration 285/1000                           [0m 

                            Total steps: 28114944 
                       Steps per second: 330 
                        Collection time: 296.785s 
                          Learning time: 0.482s 
                        Mean value loss: 0.0184
                    Mean surrogate loss: -0.0061
                      Mean entropy loss: 9.8151
                            Mean reward: 16.13
                    Mean episode length: 978.73
                        Mean action std: 0.56
    Episode_Reward/track_lin_vel_xy_exp: 0.6614
     Episode_Reward/track_ang_vel_z_exp: 0.5664
            Episode_Reward/lin_vel_z_l2: -0.0229
           Episode_Reward/ang_vel_xy_l2: -0.0950
          Episode_Reward/dof_torques_l2: -0.0726
              Episode_Reward/dof_acc_l2: -0.1233
          Episode_Reward/action_rate_l2: -0.0885
           Episode_Reward/feet_air_time: -0.0258
     Episode_Reward/flat_orientation_l2: 0.0000
          Episode_Reward/dof_pos_limits: 0.0000
              Curriculum/terrain_levels: 0.5642
     Metrics/base_velocity/error_vel_xy: 1.3433
    Metrics/base_velocity/error_vel_yaw: 0.4709
           Episode_Termination/time_out: 0.9373
       Episode_Termination/base_contact: 0.0627
--------------------------------------------------------------------------------
                         Iteration time: 297.27s
                           Time elapsed: 07:12:00
                                    ETA: 17:58:30

################################################################################
[1m                          Learning iteration 286/1000                           [0m 

                            Total steps: 28213248 
                       Steps per second: 330 
                        Collection time: 297.074s 
                          Learning time: 0.482s 
                        Mean value loss: 0.0192
                    Mean surrogate loss: -0.0056
                      Mean entropy loss: 9.8234
                            Mean reward: 14.26
                    Mean episode length: 950.64
                        Mean action std: 0.56
    Episode_Reward/track_lin_vel_xy_exp: 0.6343
     Episode_Reward/track_ang_vel_z_exp: 0.5510
            Episode_Reward/lin_vel_z_l2: -0.0231
           Episode_Reward/ang_vel_xy_l2: -0.0929
          Episode_Reward/dof_torques_l2: -0.0708
              Episode_Reward/dof_acc_l2: -0.1221
          Episode_Reward/action_rate_l2: -0.0858
           Episode_Reward/feet_air_time: -0.0250
     Episode_Reward/flat_orientation_l2: 0.0000
          Episode_Reward/dof_pos_limits: 0.0000
              Curriculum/terrain_levels: 0.5676
     Metrics/base_velocity/error_vel_xy: 1.3047
    Metrics/base_velocity/error_vel_yaw: 0.4620
           Episode_Termination/time_out: 0.9380
       Episode_Termination/base_contact: 0.0620
--------------------------------------------------------------------------------
                         Iteration time: 297.56s
                           Time elapsed: 07:16:57
                                    ETA: 18:05:33

################################################################################
[1m                          Learning iteration 287/1000                           [0m 

                            Total steps: 28311552 
                       Steps per second: 331 
                        Collection time: 296.067s 
                          Learning time: 0.481s 
                        Mean value loss: 0.0206
                    Mean surrogate loss: -0.0050
                      Mean entropy loss: 9.8271
                            Mean reward: 15.62
                    Mean episode length: 976.51
                        Mean action std: 0.56
    Episode_Reward/track_lin_vel_xy_exp: 0.6317
     Episode_Reward/track_ang_vel_z_exp: 0.5548
            Episode_Reward/lin_vel_z_l2: -0.0239
           Episode_Reward/ang_vel_xy_l2: -0.0965
          Episode_Reward/dof_torques_l2: -0.0725
              Episode_Reward/dof_acc_l2: -0.1245
          Episode_Reward/action_rate_l2: -0.0874
           Episode_Reward/feet_air_time: -0.0247
     Episode_Reward/flat_orientation_l2: 0.0000
          Episode_Reward/dof_pos_limits: 0.0000
              Curriculum/terrain_levels: 0.5715
     Metrics/base_velocity/error_vel_xy: 1.3458
    Metrics/base_velocity/error_vel_yaw: 0.4673
           Episode_Termination/time_out: 0.9378
       Episode_Termination/base_contact: 0.0622
--------------------------------------------------------------------------------
                         Iteration time: 296.55s
                           Time elapsed: 07:21:54
                                    ETA: 18:12:29

################################################################################
[1m                          Learning iteration 288/1000                           [0m 

                            Total steps: 28409856 
                       Steps per second: 332 
                        Collection time: 294.952s 
                          Learning time: 0.479s 
                        Mean value loss: 0.0225
                    Mean surrogate loss: -0.0064
                      Mean entropy loss: 9.8250
                            Mean reward: 15.42
                    Mean episode length: 974.99
                        Mean action std: 0.56
    Episode_Reward/track_lin_vel_xy_exp: 0.6383
     Episode_Reward/track_ang_vel_z_exp: 0.5705
            Episode_Reward/lin_vel_z_l2: -0.0237
           Episode_Reward/ang_vel_xy_l2: -0.0940
          Episode_Reward/dof_torques_l2: -0.0726
              Episode_Reward/dof_acc_l2: -0.1235
          Episode_Reward/action_rate_l2: -0.0876
           Episode_Reward/feet_air_time: -0.0260
     Episode_Reward/flat_orientation_l2: 0.0000
          Episode_Reward/dof_pos_limits: 0.0000
              Curriculum/terrain_levels: 0.5740
     Metrics/base_velocity/error_vel_xy: 1.4309
    Metrics/base_velocity/error_vel_yaw: 0.4477
           Episode_Termination/time_out: 0.9389
       Episode_Termination/base_contact: 0.0611
--------------------------------------------------------------------------------
                         Iteration time: 295.43s
                           Time elapsed: 07:26:49
                                    ETA: 18:19:18

################################################################################
[1m                          Learning iteration 289/1000                           [0m 

                            Total steps: 28508160 
                       Steps per second: 331 
                        Collection time: 296.414s 
                          Learning time: 0.482s 
                        Mean value loss: 0.0178
                    Mean surrogate loss: -0.0061
                      Mean entropy loss: 9.8194
                            Mean reward: 16.00
                    Mean episode length: 988.63
                        Mean action std: 0.56
    Episode_Reward/track_lin_vel_xy_exp: 0.7268
     Episode_Reward/track_ang_vel_z_exp: 0.5691
            Episode_Reward/lin_vel_z_l2: -0.0242
           Episode_Reward/ang_vel_xy_l2: -0.1000
          Episode_Reward/dof_torques_l2: -0.0761
              Episode_Reward/dof_acc_l2: -0.1280
          Episode_Reward/action_rate_l2: -0.0903
           Episode_Reward/feet_air_time: -0.0261
     Episode_Reward/flat_orientation_l2: 0.0000
          Episode_Reward/dof_pos_limits: 0.0000
              Curriculum/terrain_levels: 0.5761
     Metrics/base_velocity/error_vel_xy: 1.3185
    Metrics/base_velocity/error_vel_yaw: 0.4773
           Episode_Termination/time_out: 0.9395
       Episode_Termination/base_contact: 0.0605
--------------------------------------------------------------------------------
                         Iteration time: 296.90s
                           Time elapsed: 07:31:46
                                    ETA: 18:26:05

################################################################################
[1m                          Learning iteration 290/1000                           [0m 

                            Total steps: 28606464 
                       Steps per second: 331 
                        Collection time: 295.879s 
                          Learning time: 0.486s 
                        Mean value loss: 0.0204
                    Mean surrogate loss: -0.0063
                      Mean entropy loss: 9.8383
                            Mean reward: 15.51
                    Mean episode length: 989.65
                        Mean action std: 0.57
    Episode_Reward/track_lin_vel_xy_exp: 0.6213
     Episode_Reward/track_ang_vel_z_exp: 0.5700
            Episode_Reward/lin_vel_z_l2: -0.0237
           Episode_Reward/ang_vel_xy_l2: -0.0974
          Episode_Reward/dof_torques_l2: -0.0750
              Episode_Reward/dof_acc_l2: -0.1276
          Episode_Reward/action_rate_l2: -0.0898
           Episode_Reward/feet_air_time: -0.0261
     Episode_Reward/flat_orientation_l2: 0.0000
          Episode_Reward/dof_pos_limits: 0.0000
              Curriculum/terrain_levels: 0.5814
     Metrics/base_velocity/error_vel_xy: 1.4577
    Metrics/base_velocity/error_vel_yaw: 0.4746
           Episode_Termination/time_out: 0.9410
       Episode_Termination/base_contact: 0.0590
--------------------------------------------------------------------------------
                         Iteration time: 296.36s
                           Time elapsed: 07:36:43
                                    ETA: 18:32:45

################################################################################
[1m                          Learning iteration 291/1000                           [0m 

                            Total steps: 28704768 
                       Steps per second: 333 
                        Collection time: 294.640s 
                          Learning time: 0.480s 
                        Mean value loss: 0.0180
                    Mean surrogate loss: -0.0059
                      Mean entropy loss: 9.8431
                            Mean reward: 13.98
                    Mean episode length: 980.50
                        Mean action std: 0.57
    Episode_Reward/track_lin_vel_xy_exp: 0.5524
     Episode_Reward/track_ang_vel_z_exp: 0.5750
            Episode_Reward/lin_vel_z_l2: -0.0227
           Episode_Reward/ang_vel_xy_l2: -0.0941
          Episode_Reward/dof_torques_l2: -0.0716
              Episode_Reward/dof_acc_l2: -0.1211
          Episode_Reward/action_rate_l2: -0.0873
           Episode_Reward/feet_air_time: -0.0254
     Episode_Reward/flat_orientation_l2: 0.0000
          Episode_Reward/dof_pos_limits: 0.0000
              Curriculum/terrain_levels: 0.5842
     Metrics/base_velocity/error_vel_xy: 1.6459
    Metrics/base_velocity/error_vel_yaw: 0.4565
           Episode_Termination/time_out: 0.9418
       Episode_Termination/base_contact: 0.0582
--------------------------------------------------------------------------------
                         Iteration time: 295.12s
                           Time elapsed: 07:41:38
                                    ETA: 18:39:19

################################################################################
[1m                          Learning iteration 292/1000                           [0m 

                            Total steps: 28803072 
                       Steps per second: 332 
                        Collection time: 295.253s 
                          Learning time: 0.484s 
                        Mean value loss: 0.0223
                    Mean surrogate loss: -0.0066
                      Mean entropy loss: 9.8493
                            Mean reward: 15.14
                    Mean episode length: 982.55
                        Mean action std: 0.57
    Episode_Reward/track_lin_vel_xy_exp: 0.5948
     Episode_Reward/track_ang_vel_z_exp: 0.5681
            Episode_Reward/lin_vel_z_l2: -0.0239
           Episode_Reward/ang_vel_xy_l2: -0.0964
          Episode_Reward/dof_torques_l2: -0.0717
              Episode_Reward/dof_acc_l2: -0.1235
          Episode_Reward/action_rate_l2: -0.0875
           Episode_Reward/feet_air_time: -0.0251
     Episode_Reward/flat_orientation_l2: 0.0000
          Episode_Reward/dof_pos_limits: 0.0000
              Curriculum/terrain_levels: 0.5852
     Metrics/base_velocity/error_vel_xy: 1.4310
    Metrics/base_velocity/error_vel_yaw: 0.4601
           Episode_Termination/time_out: 0.9417
       Episode_Termination/base_contact: 0.0583
--------------------------------------------------------------------------------
                         Iteration time: 295.74s
                           Time elapsed: 07:46:34
                                    ETA: 18:45:48

################################################################################
[1m                          Learning iteration 293/1000                           [0m 

                            Total steps: 28901376 
                       Steps per second: 330 
                        Collection time: 296.663s 
                          Learning time: 0.486s 
                        Mean value loss: 0.0218
                    Mean surrogate loss: -0.0061
                      Mean entropy loss: 9.8593
                            Mean reward: 14.55
                    Mean episode length: 963.18
                        Mean action std: 0.57
    Episode_Reward/track_lin_vel_xy_exp: 0.6310
     Episode_Reward/track_ang_vel_z_exp: 0.5449
            Episode_Reward/lin_vel_z_l2: -0.0245
           Episode_Reward/ang_vel_xy_l2: -0.0961
          Episode_Reward/dof_torques_l2: -0.0745
              Episode_Reward/dof_acc_l2: -0.1201
          Episode_Reward/action_rate_l2: -0.0862
           Episode_Reward/feet_air_time: -0.0241
     Episode_Reward/flat_orientation_l2: 0.0000
          Episode_Reward/dof_pos_limits: 0.0000
              Curriculum/terrain_levels: 0.5870
     Metrics/base_velocity/error_vel_xy: 1.3195
    Metrics/base_velocity/error_vel_yaw: 0.4565
           Episode_Termination/time_out: 0.9418
       Episode_Termination/base_contact: 0.0582
--------------------------------------------------------------------------------
                         Iteration time: 297.15s
                           Time elapsed: 07:51:31
                                    ETA: 18:52:17

################################################################################
[1m                          Learning iteration 294/1000                           [0m 

                            Total steps: 28999680 
                       Steps per second: 330 
                        Collection time: 296.707s 
                          Learning time: 0.488s 
                        Mean value loss: 0.0198
                    Mean surrogate loss: -0.0069
                      Mean entropy loss: 9.8609
                            Mean reward: 14.79
                    Mean episode length: 970.12
                        Mean action std: 0.57
    Episode_Reward/track_lin_vel_xy_exp: 0.5973
     Episode_Reward/track_ang_vel_z_exp: 0.5588
            Episode_Reward/lin_vel_z_l2: -0.0236
           Episode_Reward/ang_vel_xy_l2: -0.0965
          Episode_Reward/dof_torques_l2: -0.0682
              Episode_Reward/dof_acc_l2: -0.1232
          Episode_Reward/action_rate_l2: -0.0868
           Episode_Reward/feet_air_time: -0.0251
     Episode_Reward/flat_orientation_l2: 0.0000
          Episode_Reward/dof_pos_limits: 0.0000
              Curriculum/terrain_levels: 0.5896
     Metrics/base_velocity/error_vel_xy: 1.4672
    Metrics/base_velocity/error_vel_yaw: 0.4611
           Episode_Termination/time_out: 0.9429
       Episode_Termination/base_contact: 0.0571
--------------------------------------------------------------------------------
                         Iteration time: 297.20s
                           Time elapsed: 07:56:28
                                    ETA: 18:58:41

################################################################################
[1m                          Learning iteration 295/1000                           [0m 

                            Total steps: 29097984 
                       Steps per second: 330 
                        Collection time: 296.812s 
                          Learning time: 0.478s 
                        Mean value loss: 0.0199
                    Mean surrogate loss: -0.0067
                      Mean entropy loss: 9.8412
                            Mean reward: 13.86
                    Mean episode length: 965.26
                        Mean action std: 0.56
    Episode_Reward/track_lin_vel_xy_exp: 0.5338
     Episode_Reward/track_ang_vel_z_exp: 0.5584
            Episode_Reward/lin_vel_z_l2: -0.0237
           Episode_Reward/ang_vel_xy_l2: -0.0937
          Episode_Reward/dof_torques_l2: -0.0714
              Episode_Reward/dof_acc_l2: -0.1212
          Episode_Reward/action_rate_l2: -0.0861
           Episode_Reward/feet_air_time: -0.0243
     Episode_Reward/flat_orientation_l2: 0.0000
          Episode_Reward/dof_pos_limits: 0.0000
              Curriculum/terrain_levels: 0.5913
     Metrics/base_velocity/error_vel_xy: 1.5732
    Metrics/base_velocity/error_vel_yaw: 0.4630
           Episode_Termination/time_out: 0.9421
       Episode_Termination/base_contact: 0.0579
--------------------------------------------------------------------------------
                         Iteration time: 297.29s
                           Time elapsed: 08:01:25
                                    ETA: 19:05:01

################################################################################
[1m                          Learning iteration 296/1000                           [0m 

                            Total steps: 29196288 
                       Steps per second: 330 
                        Collection time: 297.030s 
                          Learning time: 0.483s 
                        Mean value loss: 0.0216
                    Mean surrogate loss: -0.0074
                      Mean entropy loss: 9.8366
                            Mean reward: 15.11
                    Mean episode length: 955.33
                        Mean action std: 0.56
    Episode_Reward/track_lin_vel_xy_exp: 0.6286
     Episode_Reward/track_ang_vel_z_exp: 0.5554
            Episode_Reward/lin_vel_z_l2: -0.0230
           Episode_Reward/ang_vel_xy_l2: -0.0950
          Episode_Reward/dof_torques_l2: -0.0708
              Episode_Reward/dof_acc_l2: -0.1208
          Episode_Reward/action_rate_l2: -0.0859
           Episode_Reward/feet_air_time: -0.0241
     Episode_Reward/flat_orientation_l2: 0.0000
          Episode_Reward/dof_pos_limits: 0.0000
              Curriculum/terrain_levels: 0.5915
     Metrics/base_velocity/error_vel_xy: 1.3720
    Metrics/base_velocity/error_vel_yaw: 0.4465
           Episode_Termination/time_out: 0.9417
       Episode_Termination/base_contact: 0.0584
--------------------------------------------------------------------------------
                         Iteration time: 297.51s
                           Time elapsed: 08:06:23
                                    ETA: 19:11:16

################################################################################
[1m                          Learning iteration 297/1000                           [0m 

                            Total steps: 29294592 
                       Steps per second: 330 
                        Collection time: 297.086s 
                          Learning time: 0.486s 
                        Mean value loss: 0.0216
                    Mean surrogate loss: -0.0066
                      Mean entropy loss: 9.8250
                            Mean reward: 14.07
                    Mean episode length: 962.58
                        Mean action std: 0.56
    Episode_Reward/track_lin_vel_xy_exp: 0.5562
     Episode_Reward/track_ang_vel_z_exp: 0.5609
            Episode_Reward/lin_vel_z_l2: -0.0226
           Episode_Reward/ang_vel_xy_l2: -0.0952
          Episode_Reward/dof_torques_l2: -0.0701
              Episode_Reward/dof_acc_l2: -0.1221
          Episode_Reward/action_rate_l2: -0.0873
           Episode_Reward/feet_air_time: -0.0255
     Episode_Reward/flat_orientation_l2: 0.0000
          Episode_Reward/dof_pos_limits: 0.0000
              Curriculum/terrain_levels: 0.5897
     Metrics/base_velocity/error_vel_xy: 1.5903
    Metrics/base_velocity/error_vel_yaw: 0.4598
           Episode_Termination/time_out: 0.9414
       Episode_Termination/base_contact: 0.0588
--------------------------------------------------------------------------------
                         Iteration time: 297.57s
                           Time elapsed: 08:11:20
                                    ETA: 19:17:28

################################################################################
[1m                          Learning iteration 298/1000                           [0m 

                            Total steps: 29392896 
                       Steps per second: 329 
                        Collection time: 297.641s 
                          Learning time: 0.483s 
                        Mean value loss: 0.0198
                    Mean surrogate loss: -0.0062
                      Mean entropy loss: 9.8083
                            Mean reward: 15.64
                    Mean episode length: 985.67
                        Mean action std: 0.56
    Episode_Reward/track_lin_vel_xy_exp: 0.6274
     Episode_Reward/track_ang_vel_z_exp: 0.5724
            Episode_Reward/lin_vel_z_l2: -0.0231
           Episode_Reward/ang_vel_xy_l2: -0.0988
          Episode_Reward/dof_torques_l2: -0.0721
              Episode_Reward/dof_acc_l2: -0.1224
          Episode_Reward/action_rate_l2: -0.0886
           Episode_Reward/feet_air_time: -0.0267
     Episode_Reward/flat_orientation_l2: 0.0000
          Episode_Reward/dof_pos_limits: 0.0000
              Curriculum/terrain_levels: 0.5911
     Metrics/base_velocity/error_vel_xy: 1.3985
    Metrics/base_velocity/error_vel_yaw: 0.4642
           Episode_Termination/time_out: 0.9413
       Episode_Termination/base_contact: 0.0589
--------------------------------------------------------------------------------
                         Iteration time: 298.12s
                           Time elapsed: 08:16:18
                                    ETA: 19:23:36

################################################################################
[1m                          Learning iteration 299/1000                           [0m 

                            Total steps: 29491200 
                       Steps per second: 329 
                        Collection time: 297.807s 
                          Learning time: 0.483s 
                        Mean value loss: 0.0194
                    Mean surrogate loss: -0.0063
                      Mean entropy loss: 9.8141
                            Mean reward: 14.81
                    Mean episode length: 951.66
                        Mean action std: 0.56
    Episode_Reward/track_lin_vel_xy_exp: 0.6031
     Episode_Reward/track_ang_vel_z_exp: 0.5463
            Episode_Reward/lin_vel_z_l2: -0.0240
           Episode_Reward/ang_vel_xy_l2: -0.0952
          Episode_Reward/dof_torques_l2: -0.0719
              Episode_Reward/dof_acc_l2: -0.1219
          Episode_Reward/action_rate_l2: -0.0859
           Episode_Reward/feet_air_time: -0.0246
     Episode_Reward/flat_orientation_l2: 0.0000
          Episode_Reward/dof_pos_limits: 0.0000
              Curriculum/terrain_levels: 0.5916
     Metrics/base_velocity/error_vel_xy: 1.3555
    Metrics/base_velocity/error_vel_yaw: 0.4576
           Episode_Termination/time_out: 0.9406
       Episode_Termination/base_contact: 0.0596
--------------------------------------------------------------------------------
                         Iteration time: 298.29s
                           Time elapsed: 08:21:17
                                    ETA: 19:29:40

################################################################################
[1m                          Learning iteration 300/1000                           [0m 

                            Total steps: 29589504 
                       Steps per second: 330 
                        Collection time: 297.300s 
                          Learning time: 0.486s 
                        Mean value loss: 0.0234
                    Mean surrogate loss: -0.0065
                      Mean entropy loss: 9.8158
                            Mean reward: 15.41
                    Mean episode length: 979.93
                        Mean action std: 0.56
    Episode_Reward/track_lin_vel_xy_exp: 0.5819
     Episode_Reward/track_ang_vel_z_exp: 0.5687
            Episode_Reward/lin_vel_z_l2: -0.0236
           Episode_Reward/ang_vel_xy_l2: -0.0957
          Episode_Reward/dof_torques_l2: -0.0715
              Episode_Reward/dof_acc_l2: -0.1264
          Episode_Reward/action_rate_l2: -0.0883
           Episode_Reward/feet_air_time: -0.0258
     Episode_Reward/flat_orientation_l2: 0.0000
          Episode_Reward/dof_pos_limits: 0.0000
              Curriculum/terrain_levels: 0.5936
     Metrics/base_velocity/error_vel_xy: 1.5287
    Metrics/base_velocity/error_vel_yaw: 0.4585
           Episode_Termination/time_out: 0.9404
       Episode_Termination/base_contact: 0.0598
--------------------------------------------------------------------------------
                         Iteration time: 297.79s
                           Time elapsed: 08:26:15
                                    ETA: 19:35:38

################################################################################
[1m                          Learning iteration 301/1000                           [0m 

                            Total steps: 29687808 
                       Steps per second: 330 
                        Collection time: 297.005s 
                          Learning time: 0.482s 
                        Mean value loss: 0.0221
                    Mean surrogate loss: -0.0070
                      Mean entropy loss: 9.8193
                            Mean reward: 14.53
                    Mean episode length: 991.96
                        Mean action std: 0.56
    Episode_Reward/track_lin_vel_xy_exp: 0.5940
     Episode_Reward/track_ang_vel_z_exp: 0.5563
            Episode_Reward/lin_vel_z_l2: -0.0243
           Episode_Reward/ang_vel_xy_l2: -0.0968
          Episode_Reward/dof_torques_l2: -0.0720
              Episode_Reward/dof_acc_l2: -0.1297
          Episode_Reward/action_rate_l2: -0.0878
           Episode_Reward/feet_air_time: -0.0258
     Episode_Reward/flat_orientation_l2: 0.0000
          Episode_Reward/dof_pos_limits: 0.0000
              Curriculum/terrain_levels: 0.5935
     Metrics/base_velocity/error_vel_xy: 1.3319
    Metrics/base_velocity/error_vel_yaw: 0.4679
           Episode_Termination/time_out: 0.9416
       Episode_Termination/base_contact: 0.0587
--------------------------------------------------------------------------------
                         Iteration time: 297.49s
                           Time elapsed: 08:31:12
                                    ETA: 19:41:32

################################################################################
[1m                          Learning iteration 302/1000                           [0m 

                            Total steps: 29786112 
                       Steps per second: 331 
                        Collection time: 295.677s 
                          Learning time: 0.486s 
                        Mean value loss: 0.0227
                    Mean surrogate loss: -0.0065
                      Mean entropy loss: 9.8122
                            Mean reward: 14.25
                    Mean episode length: 947.08
                        Mean action std: 0.56
    Episode_Reward/track_lin_vel_xy_exp: 0.6560
     Episode_Reward/track_ang_vel_z_exp: 0.5501
            Episode_Reward/lin_vel_z_l2: -0.0243
           Episode_Reward/ang_vel_xy_l2: -0.0996
          Episode_Reward/dof_torques_l2: -0.0731
              Episode_Reward/dof_acc_l2: -0.1311
          Episode_Reward/action_rate_l2: -0.0880
           Episode_Reward/feet_air_time: -0.0246
     Episode_Reward/flat_orientation_l2: 0.0000
          Episode_Reward/dof_pos_limits: 0.0000
              Curriculum/terrain_levels: 0.5953
     Metrics/base_velocity/error_vel_xy: 1.2833
    Metrics/base_velocity/error_vel_yaw: 0.4580
           Episode_Termination/time_out: 0.9413
       Episode_Termination/base_contact: 0.0589
--------------------------------------------------------------------------------
                         Iteration time: 296.16s
                           Time elapsed: 08:36:08
                                    ETA: 19:47:18

################################################################################
[1m                          Learning iteration 303/1000                           [0m 

                            Total steps: 29884416 
                       Steps per second: 330 
                        Collection time: 297.301s 
                          Learning time: 0.490s 
                        Mean value loss: 0.0216
                    Mean surrogate loss: -0.0061
                      Mean entropy loss: 9.7988
                            Mean reward: 14.61
                    Mean episode length: 962.32
                        Mean action std: 0.56
    Episode_Reward/track_lin_vel_xy_exp: 0.5719
     Episode_Reward/track_ang_vel_z_exp: 0.5645
            Episode_Reward/lin_vel_z_l2: -0.0226
           Episode_Reward/ang_vel_xy_l2: -0.0939
          Episode_Reward/dof_torques_l2: -0.0710
              Episode_Reward/dof_acc_l2: -0.1217
          Episode_Reward/action_rate_l2: -0.0872
           Episode_Reward/feet_air_time: -0.0259
     Episode_Reward/flat_orientation_l2: 0.0000
          Episode_Reward/dof_pos_limits: 0.0000
              Curriculum/terrain_levels: 0.5964
     Metrics/base_velocity/error_vel_xy: 1.5081
    Metrics/base_velocity/error_vel_yaw: 0.4502
           Episode_Termination/time_out: 0.9410
       Episode_Termination/base_contact: 0.0593
--------------------------------------------------------------------------------
                         Iteration time: 297.79s
                           Time elapsed: 08:41:06
                                    ETA: 19:53:03

################################################################################
[1m                          Learning iteration 304/1000                           [0m 

                            Total steps: 29982720 
                       Steps per second: 330 
                        Collection time: 296.925s 
                          Learning time: 0.482s 
                        Mean value loss: 0.0216
                    Mean surrogate loss: -0.0057
                      Mean entropy loss: 9.7983
                            Mean reward: 14.72
                    Mean episode length: 976.93
                        Mean action std: 0.56
    Episode_Reward/track_lin_vel_xy_exp: 0.5866
     Episode_Reward/track_ang_vel_z_exp: 0.5581
            Episode_Reward/lin_vel_z_l2: -0.0243
           Episode_Reward/ang_vel_xy_l2: -0.0976
          Episode_Reward/dof_torques_l2: -0.0742
              Episode_Reward/dof_acc_l2: -0.1312
          Episode_Reward/action_rate_l2: -0.0889
           Episode_Reward/feet_air_time: -0.0253
     Episode_Reward/flat_orientation_l2: 0.0000
          Episode_Reward/dof_pos_limits: 0.0000
              Curriculum/terrain_levels: 0.5963
     Metrics/base_velocity/error_vel_xy: 1.4944
    Metrics/base_velocity/error_vel_yaw: 0.4697
           Episode_Termination/time_out: 0.9406
       Episode_Termination/base_contact: 0.0597
--------------------------------------------------------------------------------
                         Iteration time: 297.41s
                           Time elapsed: 08:46:03
                                    ETA: 19:58:44

################################################################################
[1m                          Learning iteration 305/1000                           [0m 

                            Total steps: 30081024 
                       Steps per second: 331 
                        Collection time: 296.311s 
                          Learning time: 0.479s 
                        Mean value loss: 0.0219
                    Mean surrogate loss: -0.0061
                      Mean entropy loss: 9.7978
                            Mean reward: 15.34
                    Mean episode length: 958.13
                        Mean action std: 0.56
    Episode_Reward/track_lin_vel_xy_exp: 0.6730
     Episode_Reward/track_ang_vel_z_exp: 0.5550
            Episode_Reward/lin_vel_z_l2: -0.0246
           Episode_Reward/ang_vel_xy_l2: -0.1003
          Episode_Reward/dof_torques_l2: -0.0730
              Episode_Reward/dof_acc_l2: -0.1270
          Episode_Reward/action_rate_l2: -0.0881
           Episode_Reward/feet_air_time: -0.0252
     Episode_Reward/flat_orientation_l2: 0.0000
          Episode_Reward/dof_pos_limits: 0.0000
              Curriculum/terrain_levels: 0.5989
     Metrics/base_velocity/error_vel_xy: 1.2555
    Metrics/base_velocity/error_vel_yaw: 0.4512
           Episode_Termination/time_out: 0.9406
       Episode_Termination/base_contact: 0.0596
--------------------------------------------------------------------------------
                         Iteration time: 296.79s
                           Time elapsed: 08:51:00
                                    ETA: 20:04:19

################################################################################
[1m                          Learning iteration 306/1000                           [0m 

                            Total steps: 30179328 
                       Steps per second: 331 
                        Collection time: 296.252s 
                          Learning time: 0.491s 
                        Mean value loss: 0.0176
                    Mean surrogate loss: -0.0062
                      Mean entropy loss: 9.8008
                            Mean reward: 13.75
                    Mean episode length: 953.94
                        Mean action std: 0.56
    Episode_Reward/track_lin_vel_xy_exp: 0.5566
     Episode_Reward/track_ang_vel_z_exp: 0.5518
            Episode_Reward/lin_vel_z_l2: -0.0234
           Episode_Reward/ang_vel_xy_l2: -0.0979
          Episode_Reward/dof_torques_l2: -0.0707
              Episode_Reward/dof_acc_l2: -0.1299
          Episode_Reward/action_rate_l2: -0.0876
           Episode_Reward/feet_air_time: -0.0257
     Episode_Reward/flat_orientation_l2: 0.0000
          Episode_Reward/dof_pos_limits: 0.0000
              Curriculum/terrain_levels: 0.6024
     Metrics/base_velocity/error_vel_xy: 1.5635
    Metrics/base_velocity/error_vel_yaw: 0.4688
           Episode_Termination/time_out: 0.9413
       Episode_Termination/base_contact: 0.0589
--------------------------------------------------------------------------------
                         Iteration time: 296.74s
                           Time elapsed: 08:55:57
                                    ETA: 20:09:49

################################################################################
[1m                          Learning iteration 307/1000                           [0m 

                            Total steps: 30277632 
                       Steps per second: 331 
                        Collection time: 296.223s 
                          Learning time: 0.484s 
                        Mean value loss: 0.0208
                    Mean surrogate loss: -0.0065
                      Mean entropy loss: 9.7888
                            Mean reward: 13.42
                    Mean episode length: 972.32
                        Mean action std: 0.56
    Episode_Reward/track_lin_vel_xy_exp: 0.5879
     Episode_Reward/track_ang_vel_z_exp: 0.5560
            Episode_Reward/lin_vel_z_l2: -0.0255
           Episode_Reward/ang_vel_xy_l2: -0.0996
          Episode_Reward/dof_torques_l2: -0.0719
              Episode_Reward/dof_acc_l2: -0.1351
          Episode_Reward/action_rate_l2: -0.0895
           Episode_Reward/feet_air_time: -0.0258
     Episode_Reward/flat_orientation_l2: 0.0000
          Episode_Reward/dof_pos_limits: 0.0000
              Curriculum/terrain_levels: 0.6066
     Metrics/base_velocity/error_vel_xy: 1.5178
    Metrics/base_velocity/error_vel_yaw: 0.4809
           Episode_Termination/time_out: 0.9411
       Episode_Termination/base_contact: 0.0592
--------------------------------------------------------------------------------
                         Iteration time: 296.71s
                           Time elapsed: 09:00:54
                                    ETA: 20:15:16

################################################################################
[1m                          Learning iteration 308/1000                           [0m 

                            Total steps: 30375936 
                       Steps per second: 331 
                        Collection time: 296.389s 
                          Learning time: 0.498s 
                        Mean value loss: 0.0201
                    Mean surrogate loss: -0.0055
                      Mean entropy loss: 9.7882
                            Mean reward: 15.88
                    Mean episode length: 981.85
                        Mean action std: 0.56
    Episode_Reward/track_lin_vel_xy_exp: 0.6465
     Episode_Reward/track_ang_vel_z_exp: 0.5579
            Episode_Reward/lin_vel_z_l2: -0.0230
           Episode_Reward/ang_vel_xy_l2: -0.0979
          Episode_Reward/dof_torques_l2: -0.0713
              Episode_Reward/dof_acc_l2: -0.1261
          Episode_Reward/action_rate_l2: -0.0876
           Episode_Reward/feet_air_time: -0.0252
     Episode_Reward/flat_orientation_l2: 0.0000
          Episode_Reward/dof_pos_limits: 0.0000
              Curriculum/terrain_levels: 0.6084
     Metrics/base_velocity/error_vel_xy: 1.4419
    Metrics/base_velocity/error_vel_yaw: 0.4491
           Episode_Termination/time_out: 0.9416
       Episode_Termination/base_contact: 0.0587
--------------------------------------------------------------------------------
                         Iteration time: 296.89s
                           Time elapsed: 09:05:50
                                    ETA: 20:20:39

################################################################################
[1m                          Learning iteration 309/1000                           [0m 

                            Total steps: 30474240 
                       Steps per second: 330 
                        Collection time: 296.629s 
                          Learning time: 0.486s 
                        Mean value loss: 0.0196
                    Mean surrogate loss: -0.0064
                      Mean entropy loss: 9.7740
                            Mean reward: 14.96
                    Mean episode length: 963.51
                        Mean action std: 0.56
    Episode_Reward/track_lin_vel_xy_exp: 0.6298
     Episode_Reward/track_ang_vel_z_exp: 0.5612
            Episode_Reward/lin_vel_z_l2: -0.0235
           Episode_Reward/ang_vel_xy_l2: -0.0978
          Episode_Reward/dof_torques_l2: -0.0729
              Episode_Reward/dof_acc_l2: -0.1264
          Episode_Reward/action_rate_l2: -0.0886
           Episode_Reward/feet_air_time: -0.0253
     Episode_Reward/flat_orientation_l2: 0.0000
          Episode_Reward/dof_pos_limits: 0.0000
              Curriculum/terrain_levels: 0.6144
     Metrics/base_velocity/error_vel_xy: 1.4373
    Metrics/base_velocity/error_vel_yaw: 0.4599
           Episode_Termination/time_out: 0.9414
       Episode_Termination/base_contact: 0.0589
--------------------------------------------------------------------------------
                         Iteration time: 297.12s
                           Time elapsed: 09:10:48
                                    ETA: 20:25:58

################################################################################
[1m                          Learning iteration 310/1000                           [0m 

                            Total steps: 30572544 
                       Steps per second: 330 
                        Collection time: 297.311s 
                          Learning time: 0.484s 
                        Mean value loss: 0.0199
                    Mean surrogate loss: -0.0065
                      Mean entropy loss: 9.7691
                            Mean reward: 15.01
                    Mean episode length: 975.99
                        Mean action std: 0.56
    Episode_Reward/track_lin_vel_xy_exp: 0.6447
     Episode_Reward/track_ang_vel_z_exp: 0.5626
            Episode_Reward/lin_vel_z_l2: -0.0237
           Episode_Reward/ang_vel_xy_l2: -0.1012
          Episode_Reward/dof_torques_l2: -0.0723
              Episode_Reward/dof_acc_l2: -0.1275
          Episode_Reward/action_rate_l2: -0.0891
           Episode_Reward/feet_air_time: -0.0249
     Episode_Reward/flat_orientation_l2: 0.0000
          Episode_Reward/dof_pos_limits: 0.0000
              Curriculum/terrain_levels: 0.6149
     Metrics/base_velocity/error_vel_xy: 1.3040
    Metrics/base_velocity/error_vel_yaw: 0.4605
           Episode_Termination/time_out: 0.9416
       Episode_Termination/base_contact: 0.0587
--------------------------------------------------------------------------------
                         Iteration time: 297.79s
                           Time elapsed: 09:15:45
                                    ETA: 20:31:15

################################################################################
[1m                          Learning iteration 311/1000                           [0m 

                            Total steps: 30670848 
                       Steps per second: 330 
                        Collection time: 297.219s 
                          Learning time: 0.482s 
                        Mean value loss: 0.0193
                    Mean surrogate loss: -0.0069
                      Mean entropy loss: 9.7671
                            Mean reward: 15.36
                    Mean episode length: 964.03
                        Mean action std: 0.56
    Episode_Reward/track_lin_vel_xy_exp: 0.5935
     Episode_Reward/track_ang_vel_z_exp: 0.5571
            Episode_Reward/lin_vel_z_l2: -0.0234
           Episode_Reward/ang_vel_xy_l2: -0.0956
          Episode_Reward/dof_torques_l2: -0.0710
              Episode_Reward/dof_acc_l2: -0.1260
          Episode_Reward/action_rate_l2: -0.0869
           Episode_Reward/feet_air_time: -0.0251
     Episode_Reward/flat_orientation_l2: 0.0000
          Episode_Reward/dof_pos_limits: 0.0000
              Curriculum/terrain_levels: 0.6166
     Metrics/base_velocity/error_vel_xy: 1.4553
    Metrics/base_velocity/error_vel_yaw: 0.4486
           Episode_Termination/time_out: 0.9421
       Episode_Termination/base_contact: 0.0581
--------------------------------------------------------------------------------
                         Iteration time: 297.70s
                           Time elapsed: 09:20:43
                                    ETA: 20:36:28

################################################################################
[1m                          Learning iteration 312/1000                           [0m 

                            Total steps: 30769152 
                       Steps per second: 329 
                        Collection time: 297.416s 
                          Learning time: 0.477s 
                        Mean value loss: 0.0184
                    Mean surrogate loss: -0.0063
                      Mean entropy loss: 9.7493
                            Mean reward: 15.22
                    Mean episode length: 977.11
                        Mean action std: 0.56
    Episode_Reward/track_lin_vel_xy_exp: 0.6169
     Episode_Reward/track_ang_vel_z_exp: 0.5738
            Episode_Reward/lin_vel_z_l2: -0.0233
           Episode_Reward/ang_vel_xy_l2: -0.0981
          Episode_Reward/dof_torques_l2: -0.0720
              Episode_Reward/dof_acc_l2: -0.1307
          Episode_Reward/action_rate_l2: -0.0894
           Episode_Reward/feet_air_time: -0.0261
     Episode_Reward/flat_orientation_l2: 0.0000
          Episode_Reward/dof_pos_limits: 0.0000
              Curriculum/terrain_levels: 0.6184
     Metrics/base_velocity/error_vel_xy: 1.5462
    Metrics/base_velocity/error_vel_yaw: 0.4561
           Episode_Termination/time_out: 0.9426
       Episode_Termination/base_contact: 0.0577
--------------------------------------------------------------------------------
                         Iteration time: 297.89s
                           Time elapsed: 09:25:41
                                    ETA: 20:41:37

################################################################################
[1m                          Learning iteration 313/1000                           [0m 

                            Total steps: 30867456 
                       Steps per second: 329 
                        Collection time: 297.944s 
                          Learning time: 0.486s 
                        Mean value loss: 0.0214
                    Mean surrogate loss: -0.0062
                      Mean entropy loss: 9.7375
                            Mean reward: 15.71
                    Mean episode length: 966.16
                        Mean action std: 0.56
    Episode_Reward/track_lin_vel_xy_exp: 0.6828
     Episode_Reward/track_ang_vel_z_exp: 0.5610
            Episode_Reward/lin_vel_z_l2: -0.0231
           Episode_Reward/ang_vel_xy_l2: -0.1011
          Episode_Reward/dof_torques_l2: -0.0745
              Episode_Reward/dof_acc_l2: -0.1257
          Episode_Reward/action_rate_l2: -0.0888
           Episode_Reward/feet_air_time: -0.0267
     Episode_Reward/flat_orientation_l2: 0.0000
          Episode_Reward/dof_pos_limits: 0.0000
              Curriculum/terrain_levels: 0.6193
     Metrics/base_velocity/error_vel_xy: 1.2726
    Metrics/base_velocity/error_vel_yaw: 0.4638
           Episode_Termination/time_out: 0.9427
       Episode_Termination/base_contact: 0.0575
--------------------------------------------------------------------------------
                         Iteration time: 298.43s
                           Time elapsed: 09:30:39
                                    ETA: 20:46:44

################################################################################
[1m                          Learning iteration 314/1000                           [0m 

                            Total steps: 30965760 
                       Steps per second: 329 
                        Collection time: 297.767s 
                          Learning time: 0.479s 
                        Mean value loss: 0.0218
                    Mean surrogate loss: -0.0064
                      Mean entropy loss: 9.7356
                            Mean reward: 14.47
                    Mean episode length: 968.36
                        Mean action std: 0.56
    Episode_Reward/track_lin_vel_xy_exp: 0.6157
     Episode_Reward/track_ang_vel_z_exp: 0.5704
            Episode_Reward/lin_vel_z_l2: -0.0245
           Episode_Reward/ang_vel_xy_l2: -0.0984
          Episode_Reward/dof_torques_l2: -0.0729
              Episode_Reward/dof_acc_l2: -0.1287
          Episode_Reward/action_rate_l2: -0.0887
           Episode_Reward/feet_air_time: -0.0263
     Episode_Reward/flat_orientation_l2: 0.0000
          Episode_Reward/dof_pos_limits: 0.0000
              Curriculum/terrain_levels: 0.6179
     Metrics/base_velocity/error_vel_xy: 1.4565
    Metrics/base_velocity/error_vel_yaw: 0.4517
           Episode_Termination/time_out: 0.9428
       Episode_Termination/base_contact: 0.0574
--------------------------------------------------------------------------------
                         Iteration time: 298.25s
                           Time elapsed: 09:35:38
                                    ETA: 20:51:46

################################################################################
[1m                          Learning iteration 315/1000                           [0m 

                            Total steps: 31064064 
                       Steps per second: 327 
                        Collection time: 299.337s 
                          Learning time: 0.485s 
                        Mean value loss: 0.0197
                    Mean surrogate loss: -0.0050
                      Mean entropy loss: 9.7276
                            Mean reward: 14.72
                    Mean episode length: 977.08
                        Mean action std: 0.56
    Episode_Reward/track_lin_vel_xy_exp: 0.6021
     Episode_Reward/track_ang_vel_z_exp: 0.5661
            Episode_Reward/lin_vel_z_l2: -0.0232
           Episode_Reward/ang_vel_xy_l2: -0.0980
          Episode_Reward/dof_torques_l2: -0.0713
              Episode_Reward/dof_acc_l2: -0.1251
          Episode_Reward/action_rate_l2: -0.0880
           Episode_Reward/feet_air_time: -0.0252
     Episode_Reward/flat_orientation_l2: 0.0000
          Episode_Reward/dof_pos_limits: 0.0000
              Curriculum/terrain_levels: 0.6161
     Metrics/base_velocity/error_vel_xy: 1.4409
    Metrics/base_velocity/error_vel_yaw: 0.4572
           Episode_Termination/time_out: 0.9425
       Episode_Termination/base_contact: 0.0577
--------------------------------------------------------------------------------
                         Iteration time: 299.82s
                           Time elapsed: 09:40:37
                                    ETA: 20:56:48

################################################################################
[1m                          Learning iteration 316/1000                           [0m 

                            Total steps: 31162368 
                       Steps per second: 327 
                        Collection time: 299.335s 
                          Learning time: 0.484s 
                        Mean value loss: 0.0210
                    Mean surrogate loss: -0.0074
                      Mean entropy loss: 9.7338
                            Mean reward: 14.78
                    Mean episode length: 967.91
                        Mean action std: 0.56
    Episode_Reward/track_lin_vel_xy_exp: 0.6613
     Episode_Reward/track_ang_vel_z_exp: 0.5570
            Episode_Reward/lin_vel_z_l2: -0.0235
           Episode_Reward/ang_vel_xy_l2: -0.1021
          Episode_Reward/dof_torques_l2: -0.0732
              Episode_Reward/dof_acc_l2: -0.1265
          Episode_Reward/action_rate_l2: -0.0880
           Episode_Reward/feet_air_time: -0.0249
     Episode_Reward/flat_orientation_l2: 0.0000
          Episode_Reward/dof_pos_limits: 0.0000
              Curriculum/terrain_levels: 0.6161
     Metrics/base_velocity/error_vel_xy: 1.2657
    Metrics/base_velocity/error_vel_yaw: 0.4518
           Episode_Termination/time_out: 0.9427
       Episode_Termination/base_contact: 0.0575
--------------------------------------------------------------------------------
                         Iteration time: 299.82s
                           Time elapsed: 09:45:37
                                    ETA: 21:01:47

################################################################################
[1m                          Learning iteration 317/1000                           [0m 

                            Total steps: 31260672 
                       Steps per second: 327 
                        Collection time: 300.015s 
                          Learning time: 0.482s 
                        Mean value loss: 0.0209
                    Mean surrogate loss: -0.0059
                      Mean entropy loss: 9.7259
                            Mean reward: 14.86
                    Mean episode length: 951.25
                        Mean action std: 0.56
    Episode_Reward/track_lin_vel_xy_exp: 0.6106
     Episode_Reward/track_ang_vel_z_exp: 0.5519
            Episode_Reward/lin_vel_z_l2: -0.0250
           Episode_Reward/ang_vel_xy_l2: -0.0984
          Episode_Reward/dof_torques_l2: -0.0729
              Episode_Reward/dof_acc_l2: -0.1283
          Episode_Reward/action_rate_l2: -0.0869
           Episode_Reward/feet_air_time: -0.0250
     Episode_Reward/flat_orientation_l2: 0.0000
          Episode_Reward/dof_pos_limits: 0.0000
              Curriculum/terrain_levels: 0.6178
     Metrics/base_velocity/error_vel_xy: 1.3076
    Metrics/base_velocity/error_vel_yaw: 0.4438
           Episode_Termination/time_out: 0.9418
       Episode_Termination/base_contact: 0.0584
--------------------------------------------------------------------------------
                         Iteration time: 300.50s
                           Time elapsed: 09:50:38
                                    ETA: 21:06:42

################################################################################
[1m                          Learning iteration 318/1000                           [0m 

                            Total steps: 31358976 
                       Steps per second: 327 
                        Collection time: 299.427s 
                          Learning time: 0.481s 
                        Mean value loss: 0.0176
                    Mean surrogate loss: -0.0076
                      Mean entropy loss: 9.7188
                            Mean reward: 15.49
                    Mean episode length: 982.00
                        Mean action std: 0.56
    Episode_Reward/track_lin_vel_xy_exp: 0.6108
     Episode_Reward/track_ang_vel_z_exp: 0.5758
            Episode_Reward/lin_vel_z_l2: -0.0238
           Episode_Reward/ang_vel_xy_l2: -0.0980
          Episode_Reward/dof_torques_l2: -0.0715
              Episode_Reward/dof_acc_l2: -0.1292
          Episode_Reward/action_rate_l2: -0.0886
           Episode_Reward/feet_air_time: -0.0264
     Episode_Reward/flat_orientation_l2: 0.0000
          Episode_Reward/dof_pos_limits: 0.0000
              Curriculum/terrain_levels: 0.6227
     Metrics/base_velocity/error_vel_xy: 1.4473
    Metrics/base_velocity/error_vel_yaw: 0.4464
           Episode_Termination/time_out: 0.9413
       Episode_Termination/base_contact: 0.0590
--------------------------------------------------------------------------------
                         Iteration time: 299.91s
                           Time elapsed: 09:55:38
                                    ETA: 21:11:33

################################################################################
[1m                          Learning iteration 319/1000                           [0m 

                            Total steps: 31457280 
                       Steps per second: 327 
                        Collection time: 299.518s 
                          Learning time: 0.483s 
                        Mean value loss: 0.0206
                    Mean surrogate loss: -0.0051
                      Mean entropy loss: 9.7051
                            Mean reward: 14.34
                    Mean episode length: 958.17
                        Mean action std: 0.56
    Episode_Reward/track_lin_vel_xy_exp: 0.6108
     Episode_Reward/track_ang_vel_z_exp: 0.5616
            Episode_Reward/lin_vel_z_l2: -0.0249
           Episode_Reward/ang_vel_xy_l2: -0.1002
          Episode_Reward/dof_torques_l2: -0.0722
              Episode_Reward/dof_acc_l2: -0.1326
          Episode_Reward/action_rate_l2: -0.0884
           Episode_Reward/feet_air_time: -0.0257
     Episode_Reward/flat_orientation_l2: 0.0000
          Episode_Reward/dof_pos_limits: 0.0000
              Curriculum/terrain_levels: 0.6227
     Metrics/base_velocity/error_vel_xy: 1.4616
    Metrics/base_velocity/error_vel_yaw: 0.4543
           Episode_Termination/time_out: 0.9414
       Episode_Termination/base_contact: 0.0589
--------------------------------------------------------------------------------
                         Iteration time: 300.00s
                           Time elapsed: 10:00:38
                                    ETA: 21:16:21

################################################################################
[1m                          Learning iteration 320/1000                           [0m 

                            Total steps: 31555584 
                       Steps per second: 327 
                        Collection time: 299.753s 
                          Learning time: 0.483s 
                        Mean value loss: 0.0183
                    Mean surrogate loss: -0.0062
                      Mean entropy loss: 9.6897
                            Mean reward: 14.54
                    Mean episode length: 963.37
                        Mean action std: 0.56
    Episode_Reward/track_lin_vel_xy_exp: 0.6167
     Episode_Reward/track_ang_vel_z_exp: 0.5659
            Episode_Reward/lin_vel_z_l2: -0.0238
           Episode_Reward/ang_vel_xy_l2: -0.0986
          Episode_Reward/dof_torques_l2: -0.0738
              Episode_Reward/dof_acc_l2: -0.1263
          Episode_Reward/action_rate_l2: -0.0886
           Episode_Reward/feet_air_time: -0.0267
     Episode_Reward/flat_orientation_l2: 0.0000
          Episode_Reward/dof_pos_limits: 0.0000
              Curriculum/terrain_levels: 0.6228
     Metrics/base_velocity/error_vel_xy: 1.4406
    Metrics/base_velocity/error_vel_yaw: 0.4581
           Episode_Termination/time_out: 0.9413
       Episode_Termination/base_contact: 0.0589
--------------------------------------------------------------------------------
                         Iteration time: 300.24s
                           Time elapsed: 10:05:38
                                    ETA: 21:21:05

################################################################################
[1m                          Learning iteration 321/1000                           [0m 

                            Total steps: 31653888 
                       Steps per second: 327 
                        Collection time: 300.005s 
                          Learning time: 0.488s 
                        Mean value loss: 0.0215
                    Mean surrogate loss: -0.0074
                      Mean entropy loss: 9.6958
                            Mean reward: 14.85
                    Mean episode length: 975.10
                        Mean action std: 0.56
    Episode_Reward/track_lin_vel_xy_exp: 0.5811
     Episode_Reward/track_ang_vel_z_exp: 0.5593
            Episode_Reward/lin_vel_z_l2: -0.0236
           Episode_Reward/ang_vel_xy_l2: -0.0972
          Episode_Reward/dof_torques_l2: -0.0707
              Episode_Reward/dof_acc_l2: -0.1273
          Episode_Reward/action_rate_l2: -0.0867
           Episode_Reward/feet_air_time: -0.0260
     Episode_Reward/flat_orientation_l2: 0.0000
          Episode_Reward/dof_pos_limits: 0.0000
              Curriculum/terrain_levels: 0.6246
     Metrics/base_velocity/error_vel_xy: 1.5200
    Metrics/base_velocity/error_vel_yaw: 0.4492
           Episode_Termination/time_out: 0.9410
       Episode_Termination/base_contact: 0.0593
--------------------------------------------------------------------------------
                         Iteration time: 300.49s
                           Time elapsed: 10:10:38
                                    ETA: 21:25:46

################################################################################
[1m                          Learning iteration 322/1000                           [0m 

                            Total steps: 31752192 
                       Steps per second: 325 
                        Collection time: 301.084s 
                          Learning time: 0.488s 
                        Mean value loss: 0.0214
                    Mean surrogate loss: -0.0061
                      Mean entropy loss: 9.6973
                            Mean reward: 14.64
                    Mean episode length: 974.71
                        Mean action std: 0.56
    Episode_Reward/track_lin_vel_xy_exp: 0.6115
     Episode_Reward/track_ang_vel_z_exp: 0.5682
            Episode_Reward/lin_vel_z_l2: -0.0238
           Episode_Reward/ang_vel_xy_l2: -0.0995
          Episode_Reward/dof_torques_l2: -0.0710
              Episode_Reward/dof_acc_l2: -0.1321
          Episode_Reward/action_rate_l2: -0.0891
           Episode_Reward/feet_air_time: -0.0264
     Episode_Reward/flat_orientation_l2: 0.0000
          Episode_Reward/dof_pos_limits: 0.0000
              Curriculum/terrain_levels: 0.6257
     Metrics/base_velocity/error_vel_xy: 1.5165
    Metrics/base_velocity/error_vel_yaw: 0.4701
           Episode_Termination/time_out: 0.9420
       Episode_Termination/base_contact: 0.0582
--------------------------------------------------------------------------------
                         Iteration time: 301.57s
                           Time elapsed: 10:15:40
                                    ETA: 21:30:26

################################################################################
[1m                          Learning iteration 323/1000                           [0m 

                            Total steps: 31850496 
                       Steps per second: 325 
                        Collection time: 301.828s 
                          Learning time: 0.484s 
                        Mean value loss: 0.0234
                    Mean surrogate loss: -0.0062
                      Mean entropy loss: 9.6914
                            Mean reward: 15.22
                    Mean episode length: 983.21
                        Mean action std: 0.56
    Episode_Reward/track_lin_vel_xy_exp: 0.6776
     Episode_Reward/track_ang_vel_z_exp: 0.5749
            Episode_Reward/lin_vel_z_l2: -0.0252
           Episode_Reward/ang_vel_xy_l2: -0.1042
          Episode_Reward/dof_torques_l2: -0.0772
              Episode_Reward/dof_acc_l2: -0.1349
          Episode_Reward/action_rate_l2: -0.0909
           Episode_Reward/feet_air_time: -0.0264
     Episode_Reward/flat_orientation_l2: 0.0000
          Episode_Reward/dof_pos_limits: 0.0000
              Curriculum/terrain_levels: 0.6270
     Metrics/base_velocity/error_vel_xy: 1.3688
    Metrics/base_velocity/error_vel_yaw: 0.4586
           Episode_Termination/time_out: 0.9422
       Episode_Termination/base_contact: 0.0581
--------------------------------------------------------------------------------
                         Iteration time: 302.31s
                           Time elapsed: 10:20:42
                                    ETA: 21:35:04

################################################################################
[1m                          Learning iteration 324/1000                           [0m 

                            Total steps: 31948800 
                       Steps per second: 327 
                        Collection time: 300.018s 
                          Learning time: 0.485s 
                        Mean value loss: 0.0212
                    Mean surrogate loss: -0.0074
                      Mean entropy loss: 9.6820
                            Mean reward: 15.93
                    Mean episode length: 954.35
                        Mean action std: 0.56
    Episode_Reward/track_lin_vel_xy_exp: 0.7257
     Episode_Reward/track_ang_vel_z_exp: 0.5524
            Episode_Reward/lin_vel_z_l2: -0.0257
           Episode_Reward/ang_vel_xy_l2: -0.1056
          Episode_Reward/dof_torques_l2: -0.0769
              Episode_Reward/dof_acc_l2: -0.1342
          Episode_Reward/action_rate_l2: -0.0900
           Episode_Reward/feet_air_time: -0.0265
     Episode_Reward/flat_orientation_l2: 0.0000
          Episode_Reward/dof_pos_limits: 0.0000
              Curriculum/terrain_levels: 0.6281
     Metrics/base_velocity/error_vel_xy: 1.2203
    Metrics/base_velocity/error_vel_yaw: 0.4653
           Episode_Termination/time_out: 0.9405
       Episode_Termination/base_contact: 0.0597
--------------------------------------------------------------------------------
                         Iteration time: 300.50s
                           Time elapsed: 10:25:43
                                    ETA: 21:39:34

################################################################################
[1m                          Learning iteration 325/1000                           [0m 

                            Total steps: 32047104 
                       Steps per second: 326 
                        Collection time: 300.520s 
                          Learning time: 0.480s 
                        Mean value loss: 0.0223
                    Mean surrogate loss: -0.0070
                      Mean entropy loss: 9.6904
                            Mean reward: 15.51
                    Mean episode length: 960.78
                        Mean action std: 0.56
    Episode_Reward/track_lin_vel_xy_exp: 0.6685
     Episode_Reward/track_ang_vel_z_exp: 0.5625
            Episode_Reward/lin_vel_z_l2: -0.0251
           Episode_Reward/ang_vel_xy_l2: -0.1035
          Episode_Reward/dof_torques_l2: -0.0752
              Episode_Reward/dof_acc_l2: -0.1317
          Episode_Reward/action_rate_l2: -0.0896
           Episode_Reward/feet_air_time: -0.0264
     Episode_Reward/flat_orientation_l2: 0.0000
          Episode_Reward/dof_pos_limits: 0.0000
              Curriculum/terrain_levels: 0.6304
     Metrics/base_velocity/error_vel_xy: 1.3309
    Metrics/base_velocity/error_vel_yaw: 0.4676
           Episode_Termination/time_out: 0.9388
       Episode_Termination/base_contact: 0.0615
--------------------------------------------------------------------------------
                         Iteration time: 301.00s
                           Time elapsed: 10:30:44
                                    ETA: 21:44:02

################################################################################
[1m                          Learning iteration 326/1000                           [0m 

                            Total steps: 32145408 
                       Steps per second: 327 
                        Collection time: 300.131s 
                          Learning time: 0.483s 
                        Mean value loss: 0.0246
                    Mean surrogate loss: -0.0056
                      Mean entropy loss: 9.6963
                            Mean reward: 13.87
                    Mean episode length: 944.73
                        Mean action std: 0.56
    Episode_Reward/track_lin_vel_xy_exp: 0.6035
     Episode_Reward/track_ang_vel_z_exp: 0.5507
            Episode_Reward/lin_vel_z_l2: -0.0235
           Episode_Reward/ang_vel_xy_l2: -0.0969
          Episode_Reward/dof_torques_l2: -0.0712
              Episode_Reward/dof_acc_l2: -0.1211
          Episode_Reward/action_rate_l2: -0.0854
           Episode_Reward/feet_air_time: -0.0247
     Episode_Reward/flat_orientation_l2: 0.0000
          Episode_Reward/dof_pos_limits: 0.0000
              Curriculum/terrain_levels: 0.6297
     Metrics/base_velocity/error_vel_xy: 1.4390
    Metrics/base_velocity/error_vel_yaw: 0.4570
           Episode_Termination/time_out: 0.9380
       Episode_Termination/base_contact: 0.0622
--------------------------------------------------------------------------------
                         Iteration time: 300.61s
                           Time elapsed: 10:35:44
                                    ETA: 21:48:26

################################################################################
[1m                          Learning iteration 327/1000                           [0m 

                            Total steps: 32243712 
                       Steps per second: 327 
                        Collection time: 299.643s 
                          Learning time: 0.484s 
                        Mean value loss: 0.0206
                    Mean surrogate loss: -0.0067
                      Mean entropy loss: 9.7026
                            Mean reward: 15.77
                    Mean episode length: 980.96
                        Mean action std: 0.56
    Episode_Reward/track_lin_vel_xy_exp: 0.6319
     Episode_Reward/track_ang_vel_z_exp: 0.5593
            Episode_Reward/lin_vel_z_l2: -0.0247
           Episode_Reward/ang_vel_xy_l2: -0.1017
          Episode_Reward/dof_torques_l2: -0.0736
              Episode_Reward/dof_acc_l2: -0.1328
          Episode_Reward/action_rate_l2: -0.0888
           Episode_Reward/feet_air_time: -0.0262
     Episode_Reward/flat_orientation_l2: 0.0000
          Episode_Reward/dof_pos_limits: 0.0000
              Curriculum/terrain_levels: 0.6326
     Metrics/base_velocity/error_vel_xy: 1.4120
    Metrics/base_velocity/error_vel_yaw: 0.4675
           Episode_Termination/time_out: 0.9363
       Episode_Termination/base_contact: 0.0639
--------------------------------------------------------------------------------
                         Iteration time: 300.13s
                           Time elapsed: 10:40:45
                                    ETA: 21:52:45

################################################################################
[1m                          Learning iteration 328/1000                           [0m 

                            Total steps: 32342016 
                       Steps per second: 327 
                        Collection time: 299.929s 
                          Learning time: 0.481s 
                        Mean value loss: 0.0258
                    Mean surrogate loss: -0.0067
                      Mean entropy loss: 9.7047
                            Mean reward: 16.78
                    Mean episode length: 984.71
                        Mean action std: 0.56
    Episode_Reward/track_lin_vel_xy_exp: 0.7220
     Episode_Reward/track_ang_vel_z_exp: 0.5752
            Episode_Reward/lin_vel_z_l2: -0.0245
           Episode_Reward/ang_vel_xy_l2: -0.1046
          Episode_Reward/dof_torques_l2: -0.0758
              Episode_Reward/dof_acc_l2: -0.1298
          Episode_Reward/action_rate_l2: -0.0901
           Episode_Reward/feet_air_time: -0.0267
     Episode_Reward/flat_orientation_l2: 0.0000
          Episode_Reward/dof_pos_limits: 0.0000
              Curriculum/terrain_levels: 0.6346
     Metrics/base_velocity/error_vel_xy: 1.3065
    Metrics/base_velocity/error_vel_yaw: 0.4556
           Episode_Termination/time_out: 0.9364
       Episode_Termination/base_contact: 0.0639
--------------------------------------------------------------------------------
                         Iteration time: 300.41s
                           Time elapsed: 10:45:45
                                    ETA: 21:57:01

################################################################################
[1m                          Learning iteration 329/1000                           [0m 

                            Total steps: 32440320 
                       Steps per second: 328 
                        Collection time: 298.918s 
                          Learning time: 0.488s 
                        Mean value loss: 0.0245
                    Mean surrogate loss: -0.0068
                      Mean entropy loss: 9.7209
                            Mean reward: 14.85
                    Mean episode length: 941.92
                        Mean action std: 0.56
    Episode_Reward/track_lin_vel_xy_exp: 0.6650
     Episode_Reward/track_ang_vel_z_exp: 0.5506
            Episode_Reward/lin_vel_z_l2: -0.0248
           Episode_Reward/ang_vel_xy_l2: -0.1031
          Episode_Reward/dof_torques_l2: -0.0734
              Episode_Reward/dof_acc_l2: -0.1303
          Episode_Reward/action_rate_l2: -0.0882
           Episode_Reward/feet_air_time: -0.0253
     Episode_Reward/flat_orientation_l2: 0.0000
          Episode_Reward/dof_pos_limits: 0.0000
              Curriculum/terrain_levels: 0.6379
     Metrics/base_velocity/error_vel_xy: 1.2743
    Metrics/base_velocity/error_vel_yaw: 0.4622
           Episode_Termination/time_out: 0.9372
       Episode_Termination/base_contact: 0.0630
--------------------------------------------------------------------------------
                         Iteration time: 299.41s
                           Time elapsed: 10:50:44
                                    ETA: 22:01:12

################################################################################
[1m                          Learning iteration 330/1000                           [0m 

                            Total steps: 32538624 
                       Steps per second: 329 
                        Collection time: 297.806s 
                          Learning time: 0.487s 
                        Mean value loss: 0.0232
                    Mean surrogate loss: -0.0076
                      Mean entropy loss: 9.7196
                            Mean reward: 15.59
                    Mean episode length: 931.84
                        Mean action std: 0.56
    Episode_Reward/track_lin_vel_xy_exp: 0.6529
     Episode_Reward/track_ang_vel_z_exp: 0.5460
            Episode_Reward/lin_vel_z_l2: -0.0243
           Episode_Reward/ang_vel_xy_l2: -0.1015
          Episode_Reward/dof_torques_l2: -0.0712
              Episode_Reward/dof_acc_l2: -0.1249
          Episode_Reward/action_rate_l2: -0.0864
           Episode_Reward/feet_air_time: -0.0254
     Episode_Reward/flat_orientation_l2: 0.0000
          Episode_Reward/dof_pos_limits: 0.0000
              Curriculum/terrain_levels: 0.6383
     Metrics/base_velocity/error_vel_xy: 1.3013
    Metrics/base_velocity/error_vel_yaw: 0.4467
           Episode_Termination/time_out: 0.9357
       Episode_Termination/base_contact: 0.0645
--------------------------------------------------------------------------------
                         Iteration time: 298.29s
                           Time elapsed: 10:55:43
                                    ETA: 22:05:18

################################################################################
[1m                          Learning iteration 331/1000                           [0m 

                            Total steps: 32636928 
                       Steps per second: 329 
                        Collection time: 298.303s 
                          Learning time: 0.477s 
                        Mean value loss: 0.0203
                    Mean surrogate loss: -0.0066
                      Mean entropy loss: 9.7192
                            Mean reward: 15.24
                    Mean episode length: 954.49
                        Mean action std: 0.56
    Episode_Reward/track_lin_vel_xy_exp: 0.6653
     Episode_Reward/track_ang_vel_z_exp: 0.5482
            Episode_Reward/lin_vel_z_l2: -0.0250
           Episode_Reward/ang_vel_xy_l2: -0.1019
          Episode_Reward/dof_torques_l2: -0.0741
              Episode_Reward/dof_acc_l2: -0.1352
          Episode_Reward/action_rate_l2: -0.0882
           Episode_Reward/feet_air_time: -0.0260
     Episode_Reward/flat_orientation_l2: 0.0000
          Episode_Reward/dof_pos_limits: 0.0000
              Curriculum/terrain_levels: 0.6388
     Metrics/base_velocity/error_vel_xy: 1.3375
    Metrics/base_velocity/error_vel_yaw: 0.4535
           Episode_Termination/time_out: 0.9336
       Episode_Termination/base_contact: 0.0667
--------------------------------------------------------------------------------
                         Iteration time: 298.78s
                           Time elapsed: 11:00:41
                                    ETA: 22:09:21

################################################################################
[1m                          Learning iteration 332/1000                           [0m 

                            Total steps: 32735232 
                       Steps per second: 329 
                        Collection time: 297.561s 
                          Learning time: 0.486s 
                        Mean value loss: 0.0235
                    Mean surrogate loss: -0.0059
                      Mean entropy loss: 9.7249
                            Mean reward: 16.30
                    Mean episode length: 984.10
                        Mean action std: 0.56
    Episode_Reward/track_lin_vel_xy_exp: 0.6923
     Episode_Reward/track_ang_vel_z_exp: 0.5777
            Episode_Reward/lin_vel_z_l2: -0.0247
           Episode_Reward/ang_vel_xy_l2: -0.1033
          Episode_Reward/dof_torques_l2: -0.0759
              Episode_Reward/dof_acc_l2: -0.1297
          Episode_Reward/action_rate_l2: -0.0899
           Episode_Reward/feet_air_time: -0.0264
     Episode_Reward/flat_orientation_l2: 0.0000
          Episode_Reward/dof_pos_limits: 0.0000
              Curriculum/terrain_levels: 0.6408
     Metrics/base_velocity/error_vel_xy: 1.3535
    Metrics/base_velocity/error_vel_yaw: 0.4546
           Episode_Termination/time_out: 0.9328
       Episode_Termination/base_contact: 0.0675
--------------------------------------------------------------------------------
                         Iteration time: 298.05s
                           Time elapsed: 11:05:40
                                    ETA: 22:13:19

################################################################################
[1m                          Learning iteration 333/1000                           [0m 

                            Total steps: 32833536 
                       Steps per second: 328 
                        Collection time: 299.199s 
                          Learning time: 0.489s 
                        Mean value loss: 0.0192
                    Mean surrogate loss: -0.0060
                      Mean entropy loss: 9.7326
                            Mean reward: 15.71
                    Mean episode length: 983.49
                        Mean action std: 0.56
    Episode_Reward/track_lin_vel_xy_exp: 0.6470
     Episode_Reward/track_ang_vel_z_exp: 0.5665
            Episode_Reward/lin_vel_z_l2: -0.0240
           Episode_Reward/ang_vel_xy_l2: -0.1010
          Episode_Reward/dof_torques_l2: -0.0760
              Episode_Reward/dof_acc_l2: -0.1303
          Episode_Reward/action_rate_l2: -0.0890
           Episode_Reward/feet_air_time: -0.0262
     Episode_Reward/flat_orientation_l2: 0.0000
          Episode_Reward/dof_pos_limits: 0.0000
              Curriculum/terrain_levels: 0.6427
     Metrics/base_velocity/error_vel_xy: 1.3910
    Metrics/base_velocity/error_vel_yaw: 0.4677
           Episode_Termination/time_out: 0.9320
       Episode_Termination/base_contact: 0.0683
--------------------------------------------------------------------------------
                         Iteration time: 299.69s
                           Time elapsed: 11:10:39
                                    ETA: 22:17:18

################################################################################
[1m                          Learning iteration 334/1000                           [0m 

                            Total steps: 32931840 
                       Steps per second: 327 
                        Collection time: 299.771s 
                          Learning time: 0.483s 
                        Mean value loss: 0.0190
                    Mean surrogate loss: -0.0067
                      Mean entropy loss: 9.7270
                            Mean reward: 14.63
                    Mean episode length: 921.25
                        Mean action std: 0.56
    Episode_Reward/track_lin_vel_xy_exp: 0.6347
     Episode_Reward/track_ang_vel_z_exp: 0.5393
            Episode_Reward/lin_vel_z_l2: -0.0246
           Episode_Reward/ang_vel_xy_l2: -0.0992
          Episode_Reward/dof_torques_l2: -0.0723
              Episode_Reward/dof_acc_l2: -0.1280
          Episode_Reward/action_rate_l2: -0.0849
           Episode_Reward/feet_air_time: -0.0252
     Episode_Reward/flat_orientation_l2: 0.0000
          Episode_Reward/dof_pos_limits: 0.0000
              Curriculum/terrain_levels: 0.6440
     Metrics/base_velocity/error_vel_xy: 1.3288
    Metrics/base_velocity/error_vel_yaw: 0.4478
           Episode_Termination/time_out: 0.9301
       Episode_Termination/base_contact: 0.0702
--------------------------------------------------------------------------------
                         Iteration time: 300.25s
                           Time elapsed: 11:15:39
                                    ETA: 22:21:14

################################################################################
[1m                          Learning iteration 335/1000                           [0m 

                            Total steps: 33030144 
                       Steps per second: 327 
                        Collection time: 299.556s 
                          Learning time: 0.485s 
                        Mean value loss: 0.0228
                    Mean surrogate loss: -0.0062
                      Mean entropy loss: 9.7233
                            Mean reward: 15.46
                    Mean episode length: 973.19
                        Mean action std: 0.56
    Episode_Reward/track_lin_vel_xy_exp: 0.6595
     Episode_Reward/track_ang_vel_z_exp: 0.5618
            Episode_Reward/lin_vel_z_l2: -0.0245
           Episode_Reward/ang_vel_xy_l2: -0.1032
          Episode_Reward/dof_torques_l2: -0.0742
              Episode_Reward/dof_acc_l2: -0.1300
          Episode_Reward/action_rate_l2: -0.0887
           Episode_Reward/feet_air_time: -0.0266
     Episode_Reward/flat_orientation_l2: 0.0000
          Episode_Reward/dof_pos_limits: 0.0000
              Curriculum/terrain_levels: 0.6444
     Metrics/base_velocity/error_vel_xy: 1.3905
    Metrics/base_velocity/error_vel_yaw: 0.4548
           Episode_Termination/time_out: 0.9305
       Episode_Termination/base_contact: 0.0698
--------------------------------------------------------------------------------
                         Iteration time: 300.04s
                           Time elapsed: 11:20:39
                                    ETA: 22:25:07

################################################################################
[1m                          Learning iteration 336/1000                           [0m 

                            Total steps: 33128448 
                       Steps per second: 325 
                        Collection time: 301.074s 
                          Learning time: 0.479s 
                        Mean value loss: 0.0208
                    Mean surrogate loss: -0.0070
                      Mean entropy loss: 9.7205
                            Mean reward: 15.57
                    Mean episode length: 976.09
                        Mean action std: 0.56
    Episode_Reward/track_lin_vel_xy_exp: 0.6586
     Episode_Reward/track_ang_vel_z_exp: 0.5654
            Episode_Reward/lin_vel_z_l2: -0.0257
           Episode_Reward/ang_vel_xy_l2: -0.1053
          Episode_Reward/dof_torques_l2: -0.0728
              Episode_Reward/dof_acc_l2: -0.1346
          Episode_Reward/action_rate_l2: -0.0891
           Episode_Reward/feet_air_time: -0.0264
     Episode_Reward/flat_orientation_l2: 0.0000
          Episode_Reward/dof_pos_limits: 0.0000
              Curriculum/terrain_levels: 0.6456
     Metrics/base_velocity/error_vel_xy: 1.4219
    Metrics/base_velocity/error_vel_yaw: 0.4658
           Episode_Termination/time_out: 0.9306
       Episode_Termination/base_contact: 0.0696
--------------------------------------------------------------------------------
                         Iteration time: 301.55s
                           Time elapsed: 11:25:41
                                    ETA: 22:29:00

################################################################################
[1m                          Learning iteration 337/1000                           [0m 

                            Total steps: 33226752 
                       Steps per second: 325 
                        Collection time: 301.647s 
                          Learning time: 0.481s 
                        Mean value loss: 0.0249
                    Mean surrogate loss: -0.0061
                      Mean entropy loss: 9.7213
                            Mean reward: 16.21
                    Mean episode length: 979.86
                        Mean action std: 0.56
    Episode_Reward/track_lin_vel_xy_exp: 0.6944
     Episode_Reward/track_ang_vel_z_exp: 0.5727
            Episode_Reward/lin_vel_z_l2: -0.0257
           Episode_Reward/ang_vel_xy_l2: -0.1054
          Episode_Reward/dof_torques_l2: -0.0782
              Episode_Reward/dof_acc_l2: -0.1397
          Episode_Reward/action_rate_l2: -0.0914
           Episode_Reward/feet_air_time: -0.0271
     Episode_Reward/flat_orientation_l2: 0.0000
          Episode_Reward/dof_pos_limits: 0.0000
              Curriculum/terrain_levels: 0.6511
     Metrics/base_velocity/error_vel_xy: 1.3385
    Metrics/base_velocity/error_vel_yaw: 0.4642
           Episode_Termination/time_out: 0.9315
       Episode_Termination/base_contact: 0.0687
--------------------------------------------------------------------------------
                         Iteration time: 302.13s
                           Time elapsed: 11:30:43
                                    ETA: 22:32:50

################################################################################
[1m                          Learning iteration 338/1000                           [0m 

                            Total steps: 33325056 
                       Steps per second: 325 
                        Collection time: 301.644s 
                          Learning time: 0.481s 
                        Mean value loss: 0.0247
                    Mean surrogate loss: -0.0068
                      Mean entropy loss: 9.7378
                            Mean reward: 15.65
                    Mean episode length: 977.19
                        Mean action std: 0.56
    Episode_Reward/track_lin_vel_xy_exp: 0.6894
     Episode_Reward/track_ang_vel_z_exp: 0.5686
            Episode_Reward/lin_vel_z_l2: -0.0252
           Episode_Reward/ang_vel_xy_l2: -0.1059
          Episode_Reward/dof_torques_l2: -0.0774
              Episode_Reward/dof_acc_l2: -0.1330
          Episode_Reward/action_rate_l2: -0.0907
           Episode_Reward/feet_air_time: -0.0270
     Episode_Reward/flat_orientation_l2: 0.0000
          Episode_Reward/dof_pos_limits: 0.0000
              Curriculum/terrain_levels: 0.6568
     Metrics/base_velocity/error_vel_xy: 1.3048
    Metrics/base_velocity/error_vel_yaw: 0.4650
           Episode_Termination/time_out: 0.9319
       Episode_Termination/base_contact: 0.0682
--------------------------------------------------------------------------------
                         Iteration time: 302.12s
                           Time elapsed: 11:35:45
                                    ETA: 22:36:38

################################################################################
[1m                          Learning iteration 339/1000                           [0m 

                            Total steps: 33423360 
                       Steps per second: 324 
                        Collection time: 302.471s 
                          Learning time: 0.480s 
                        Mean value loss: 0.0205
                    Mean surrogate loss: -0.0068
                      Mean entropy loss: 9.7293
                            Mean reward: 16.17
                    Mean episode length: 975.82
                        Mean action std: 0.56
    Episode_Reward/track_lin_vel_xy_exp: 0.6816
     Episode_Reward/track_ang_vel_z_exp: 0.5624
            Episode_Reward/lin_vel_z_l2: -0.0259
           Episode_Reward/ang_vel_xy_l2: -0.1078
          Episode_Reward/dof_torques_l2: -0.0747
              Episode_Reward/dof_acc_l2: -0.1435
          Episode_Reward/action_rate_l2: -0.0905
           Episode_Reward/feet_air_time: -0.0282
     Episode_Reward/flat_orientation_l2: 0.0000
          Episode_Reward/dof_pos_limits: 0.0000
              Curriculum/terrain_levels: 0.6623
     Metrics/base_velocity/error_vel_xy: 1.4525
    Metrics/base_velocity/error_vel_yaw: 0.4727
           Episode_Termination/time_out: 0.9325
       Episode_Termination/base_contact: 0.0675
--------------------------------------------------------------------------------
                         Iteration time: 302.95s
                           Time elapsed: 11:40:48
                                    ETA: 22:40:24

################################################################################
[1m                          Learning iteration 340/1000                           [0m 

                            Total steps: 33521664 
                       Steps per second: 325 
                        Collection time: 301.482s 
                          Learning time: 0.488s 
                        Mean value loss: 0.0225
                    Mean surrogate loss: -0.0070
                      Mean entropy loss: 9.7317
                            Mean reward: 15.83
                    Mean episode length: 985.08
                        Mean action std: 0.56
    Episode_Reward/track_lin_vel_xy_exp: 0.6630
     Episode_Reward/track_ang_vel_z_exp: 0.5653
            Episode_Reward/lin_vel_z_l2: -0.0257
           Episode_Reward/ang_vel_xy_l2: -0.1034
          Episode_Reward/dof_torques_l2: -0.0773
              Episode_Reward/dof_acc_l2: -0.1314
          Episode_Reward/action_rate_l2: -0.0897
           Episode_Reward/feet_air_time: -0.0263
     Episode_Reward/flat_orientation_l2: 0.0000
          Episode_Reward/dof_pos_limits: 0.0000
              Curriculum/terrain_levels: 0.6680
     Metrics/base_velocity/error_vel_xy: 1.4503
    Metrics/base_velocity/error_vel_yaw: 0.4585
           Episode_Termination/time_out: 0.9329
       Episode_Termination/base_contact: 0.0671
--------------------------------------------------------------------------------
                         Iteration time: 301.97s
                           Time elapsed: 11:45:50
                                    ETA: 22:44:04

################################################################################
[1m                          Learning iteration 341/1000                           [0m 

                            Total steps: 33619968 
                       Steps per second: 325 
                        Collection time: 301.564s 
                          Learning time: 0.481s 
                        Mean value loss: 0.0203
                    Mean surrogate loss: -0.0051
                      Mean entropy loss: 9.7312
                            Mean reward: 15.27
                    Mean episode length: 970.22
                        Mean action std: 0.56
    Episode_Reward/track_lin_vel_xy_exp: 0.6159
     Episode_Reward/track_ang_vel_z_exp: 0.5667
            Episode_Reward/lin_vel_z_l2: -0.0244
           Episode_Reward/ang_vel_xy_l2: -0.0999
          Episode_Reward/dof_torques_l2: -0.0730
              Episode_Reward/dof_acc_l2: -0.1313
          Episode_Reward/action_rate_l2: -0.0889
           Episode_Reward/feet_air_time: -0.0261
     Episode_Reward/flat_orientation_l2: 0.0000
          Episode_Reward/dof_pos_limits: 0.0000
              Curriculum/terrain_levels: 0.6713
     Metrics/base_velocity/error_vel_xy: 1.4872
    Metrics/base_velocity/error_vel_yaw: 0.4557
           Episode_Termination/time_out: 0.9333
       Episode_Termination/base_contact: 0.0667
--------------------------------------------------------------------------------
                         Iteration time: 302.05s
                           Time elapsed: 11:50:52
                                    ETA: 22:47:42

################################################################################
[1m                          Learning iteration 342/1000                           [0m 

                            Total steps: 33718272 
                       Steps per second: 325 
                        Collection time: 301.478s 
                          Learning time: 0.485s 
                        Mean value loss: 0.0235
                    Mean surrogate loss: -0.0068
                      Mean entropy loss: 9.7202
                            Mean reward: 16.18
                    Mean episode length: 972.08
                        Mean action std: 0.56
    Episode_Reward/track_lin_vel_xy_exp: 0.6693
     Episode_Reward/track_ang_vel_z_exp: 0.5742
            Episode_Reward/lin_vel_z_l2: -0.0246
           Episode_Reward/ang_vel_xy_l2: -0.1025
          Episode_Reward/dof_torques_l2: -0.0741
              Episode_Reward/dof_acc_l2: -0.1298
          Episode_Reward/action_rate_l2: -0.0892
           Episode_Reward/feet_air_time: -0.0267
     Episode_Reward/flat_orientation_l2: 0.0000
          Episode_Reward/dof_pos_limits: 0.0000
              Curriculum/terrain_levels: 0.6731
     Metrics/base_velocity/error_vel_xy: 1.4362
    Metrics/base_velocity/error_vel_yaw: 0.4490
           Episode_Termination/time_out: 0.9327
       Episode_Termination/base_contact: 0.0673
--------------------------------------------------------------------------------
                         Iteration time: 301.96s
                           Time elapsed: 11:55:54
                                    ETA: 22:51:17

################################################################################
[1m                          Learning iteration 343/1000                           [0m 

                            Total steps: 33816576 
                       Steps per second: 326 
                        Collection time: 300.786s 
                          Learning time: 0.482s 
                        Mean value loss: 0.0234
                    Mean surrogate loss: -0.0060
                      Mean entropy loss: 9.7140
                            Mean reward: 14.97
                    Mean episode length: 963.21
                        Mean action std: 0.56
    Episode_Reward/track_lin_vel_xy_exp: 0.6118
     Episode_Reward/track_ang_vel_z_exp: 0.5625
            Episode_Reward/lin_vel_z_l2: -0.0262
           Episode_Reward/ang_vel_xy_l2: -0.1028
          Episode_Reward/dof_torques_l2: -0.0748
              Episode_Reward/dof_acc_l2: -0.1356
          Episode_Reward/action_rate_l2: -0.0891
           Episode_Reward/feet_air_time: -0.0268
     Episode_Reward/flat_orientation_l2: 0.0000
          Episode_Reward/dof_pos_limits: 0.0000
              Curriculum/terrain_levels: 0.6741
     Metrics/base_velocity/error_vel_xy: 1.4658
    Metrics/base_velocity/error_vel_yaw: 0.4566
           Episode_Termination/time_out: 0.9318
       Episode_Termination/base_contact: 0.0682
--------------------------------------------------------------------------------
                         Iteration time: 301.27s
                           Time elapsed: 12:00:55
                                    ETA: 22:54:48

################################################################################
[1m                          Learning iteration 344/1000                           [0m 

                            Total steps: 33914880 
                       Steps per second: 325 
                        Collection time: 301.548s 
                          Learning time: 0.478s 
                        Mean value loss: 0.0262
                    Mean surrogate loss: -0.0066
                      Mean entropy loss: 9.7047
                            Mean reward: 16.25
                    Mean episode length: 964.57
                        Mean action std: 0.56
    Episode_Reward/track_lin_vel_xy_exp: 0.7131
     Episode_Reward/track_ang_vel_z_exp: 0.5524
            Episode_Reward/lin_vel_z_l2: -0.0266
           Episode_Reward/ang_vel_xy_l2: -0.1070
          Episode_Reward/dof_torques_l2: -0.0776
              Episode_Reward/dof_acc_l2: -0.1339
          Episode_Reward/action_rate_l2: -0.0899
           Episode_Reward/feet_air_time: -0.0274
     Episode_Reward/flat_orientation_l2: 0.0000
          Episode_Reward/dof_pos_limits: 0.0000
              Curriculum/terrain_levels: 0.6797
     Metrics/base_velocity/error_vel_xy: 1.2271
    Metrics/base_velocity/error_vel_yaw: 0.4562
           Episode_Termination/time_out: 0.9324
       Episode_Termination/base_contact: 0.0676
--------------------------------------------------------------------------------
                         Iteration time: 302.03s
                           Time elapsed: 12:05:58
                                    ETA: 22:58:17

################################################################################
[1m                          Learning iteration 345/1000                           [0m 

                            Total steps: 34013184 
                       Steps per second: 324 
                        Collection time: 302.419s 
                          Learning time: 0.491s 
                        Mean value loss: 0.0219
                    Mean surrogate loss: -0.0061
                      Mean entropy loss: 9.7001
                            Mean reward: 15.01
                    Mean episode length: 968.58
                        Mean action std: 0.56
    Episode_Reward/track_lin_vel_xy_exp: 0.6528
     Episode_Reward/track_ang_vel_z_exp: 0.5549
            Episode_Reward/lin_vel_z_l2: -0.0257
           Episode_Reward/ang_vel_xy_l2: -0.1017
          Episode_Reward/dof_torques_l2: -0.0731
              Episode_Reward/dof_acc_l2: -0.1291
          Episode_Reward/action_rate_l2: -0.0872
           Episode_Reward/feet_air_time: -0.0254
     Episode_Reward/flat_orientation_l2: 0.0000
          Episode_Reward/dof_pos_limits: 0.0000
              Curriculum/terrain_levels: 0.6816
     Metrics/base_velocity/error_vel_xy: 1.3010
    Metrics/base_velocity/error_vel_yaw: 0.4426
           Episode_Termination/time_out: 0.9318
       Episode_Termination/base_contact: 0.0682
--------------------------------------------------------------------------------
                         Iteration time: 302.91s
                           Time elapsed: 12:11:00
                                    ETA: 23:01:44

################################################################################
[1m                          Learning iteration 346/1000                           [0m 

                            Total steps: 34111488 
                       Steps per second: 322 
                        Collection time: 304.087s 
                          Learning time: 0.487s 
                        Mean value loss: 0.0216
                    Mean surrogate loss: -0.0067
                      Mean entropy loss: 9.6885
                            Mean reward: 15.48
                    Mean episode length: 978.25
                        Mean action std: 0.56
    Episode_Reward/track_lin_vel_xy_exp: 0.6408
     Episode_Reward/track_ang_vel_z_exp: 0.5462
            Episode_Reward/lin_vel_z_l2: -0.0245
           Episode_Reward/ang_vel_xy_l2: -0.1020
          Episode_Reward/dof_torques_l2: -0.0719
              Episode_Reward/dof_acc_l2: -0.1268
          Episode_Reward/action_rate_l2: -0.0864
           Episode_Reward/feet_air_time: -0.0264
     Episode_Reward/flat_orientation_l2: 0.0000
          Episode_Reward/dof_pos_limits: 0.0000
              Curriculum/terrain_levels: 0.6823
     Metrics/base_velocity/error_vel_xy: 1.3569
    Metrics/base_velocity/error_vel_yaw: 0.4509
           Episode_Termination/time_out: 0.9317
       Episode_Termination/base_contact: 0.0683
--------------------------------------------------------------------------------
                         Iteration time: 304.57s
                           Time elapsed: 12:16:05
                                    ETA: 23:05:12

################################################################################
[1m                          Learning iteration 347/1000                           [0m 

                            Total steps: 34209792 
                       Steps per second: 322 
                        Collection time: 303.897s 
                          Learning time: 0.481s 
                        Mean value loss: 0.0248
                    Mean surrogate loss: -0.0064
                      Mean entropy loss: 9.6780
                            Mean reward: 14.57
                    Mean episode length: 973.82
                        Mean action std: 0.56
    Episode_Reward/track_lin_vel_xy_exp: 0.6494
     Episode_Reward/track_ang_vel_z_exp: 0.5614
            Episode_Reward/lin_vel_z_l2: -0.0263
           Episode_Reward/ang_vel_xy_l2: -0.1057
          Episode_Reward/dof_torques_l2: -0.0762
              Episode_Reward/dof_acc_l2: -0.1373
          Episode_Reward/action_rate_l2: -0.0904
           Episode_Reward/feet_air_time: -0.0270
     Episode_Reward/flat_orientation_l2: 0.0000
          Episode_Reward/dof_pos_limits: 0.0000
              Curriculum/terrain_levels: 0.6875
     Metrics/base_velocity/error_vel_xy: 1.4505
    Metrics/base_velocity/error_vel_yaw: 0.4681
           Episode_Termination/time_out: 0.9325
       Episode_Termination/base_contact: 0.0675
--------------------------------------------------------------------------------
                         Iteration time: 304.38s
                           Time elapsed: 12:21:09
                                    ETA: 23:08:37

################################################################################
[1m                          Learning iteration 348/1000                           [0m 

                            Total steps: 34308096 
                       Steps per second: 324 
                        Collection time: 302.588s 
                          Learning time: 0.491s 
                        Mean value loss: 0.0235
                    Mean surrogate loss: -0.0070
                      Mean entropy loss: 9.6795
                            Mean reward: 15.87
                    Mean episode length: 965.19
                        Mean action std: 0.56
    Episode_Reward/track_lin_vel_xy_exp: 0.6821
     Episode_Reward/track_ang_vel_z_exp: 0.5552
            Episode_Reward/lin_vel_z_l2: -0.0260
           Episode_Reward/ang_vel_xy_l2: -0.1060
          Episode_Reward/dof_torques_l2: -0.0750
              Episode_Reward/dof_acc_l2: -0.1346
          Episode_Reward/action_rate_l2: -0.0888
           Episode_Reward/feet_air_time: -0.0265
     Episode_Reward/flat_orientation_l2: 0.0000
          Episode_Reward/dof_pos_limits: 0.0000
              Curriculum/terrain_levels: 0.6911
     Metrics/base_velocity/error_vel_xy: 1.3308
    Metrics/base_velocity/error_vel_yaw: 0.4653
           Episode_Termination/time_out: 0.9324
       Episode_Termination/base_contact: 0.0676
--------------------------------------------------------------------------------
                         Iteration time: 303.08s
                           Time elapsed: 12:26:12
                                    ETA: 23:11:56

################################################################################
[1m                          Learning iteration 349/1000                           [0m 

                            Total steps: 34406400 
                       Steps per second: 324 
                        Collection time: 302.276s 
                          Learning time: 0.478s 
                        Mean value loss: 0.0261
                    Mean surrogate loss: -0.0055
                      Mean entropy loss: 9.6735
                            Mean reward: 15.08
                    Mean episode length: 945.91
                        Mean action std: 0.56
    Episode_Reward/track_lin_vel_xy_exp: 0.6439
     Episode_Reward/track_ang_vel_z_exp: 0.5451
            Episode_Reward/lin_vel_z_l2: -0.0254
           Episode_Reward/ang_vel_xy_l2: -0.1027
          Episode_Reward/dof_torques_l2: -0.0713
              Episode_Reward/dof_acc_l2: -0.1254
          Episode_Reward/action_rate_l2: -0.0857
           Episode_Reward/feet_air_time: -0.0257
     Episode_Reward/flat_orientation_l2: 0.0000
          Episode_Reward/dof_pos_limits: 0.0000
              Curriculum/terrain_levels: 0.6927
     Metrics/base_velocity/error_vel_xy: 1.3984
    Metrics/base_velocity/error_vel_yaw: 0.4502
           Episode_Termination/time_out: 0.9321
       Episode_Termination/base_contact: 0.0679
--------------------------------------------------------------------------------
                         Iteration time: 302.75s
                           Time elapsed: 12:31:15
                                    ETA: 23:15:12

################################################################################
[1m                          Learning iteration 350/1000                           [0m 

                            Total steps: 34504704 
                       Steps per second: 324 
                        Collection time: 301.999s 
                          Learning time: 0.487s 
                        Mean value loss: 0.0253
                    Mean surrogate loss: -0.0070
                      Mean entropy loss: 9.6638
                            Mean reward: 14.80
                    Mean episode length: 964.36
                        Mean action std: 0.56
    Episode_Reward/track_lin_vel_xy_exp: 0.6561
     Episode_Reward/track_ang_vel_z_exp: 0.5563
            Episode_Reward/lin_vel_z_l2: -0.0262
           Episode_Reward/ang_vel_xy_l2: -0.1023
          Episode_Reward/dof_torques_l2: -0.0746
              Episode_Reward/dof_acc_l2: -0.1290
          Episode_Reward/action_rate_l2: -0.0878
           Episode_Reward/feet_air_time: -0.0262
     Episode_Reward/flat_orientation_l2: 0.0000
          Episode_Reward/dof_pos_limits: 0.0000
              Curriculum/terrain_levels: 0.6959
     Metrics/base_velocity/error_vel_xy: 1.4023
    Metrics/base_velocity/error_vel_yaw: 0.4468
           Episode_Termination/time_out: 0.9311
       Episode_Termination/base_contact: 0.0689
--------------------------------------------------------------------------------
                         Iteration time: 302.49s
                           Time elapsed: 12:36:18
                                    ETA: 23:18:24

################################################################################
[1m                          Learning iteration 351/1000                           [0m 

                            Total steps: 34603008 
                       Steps per second: 324 
                        Collection time: 302.404s 
                          Learning time: 0.485s 
                        Mean value loss: 0.0222
                    Mean surrogate loss: -0.0054
                      Mean entropy loss: 9.6696
                            Mean reward: 14.31
                    Mean episode length: 923.79
                        Mean action std: 0.56
    Episode_Reward/track_lin_vel_xy_exp: 0.6027
     Episode_Reward/track_ang_vel_z_exp: 0.5153
            Episode_Reward/lin_vel_z_l2: -0.0262
           Episode_Reward/ang_vel_xy_l2: -0.0990
          Episode_Reward/dof_torques_l2: -0.0686
              Episode_Reward/dof_acc_l2: -0.1209
          Episode_Reward/action_rate_l2: -0.0817
           Episode_Reward/feet_air_time: -0.0239
     Episode_Reward/flat_orientation_l2: 0.0000
          Episode_Reward/dof_pos_limits: 0.0000
              Curriculum/terrain_levels: 0.6953
     Metrics/base_velocity/error_vel_xy: 1.2563
    Metrics/base_velocity/error_vel_yaw: 0.4287
           Episode_Termination/time_out: 0.9305
       Episode_Termination/base_contact: 0.0695
--------------------------------------------------------------------------------
                         Iteration time: 302.89s
                           Time elapsed: 12:41:21
                                    ETA: 23:21:34

################################################################################
[1m                          Learning iteration 352/1000                           [0m 

                            Total steps: 34701312 
                       Steps per second: 323 
                        Collection time: 303.376s 
                          Learning time: 0.480s 
                        Mean value loss: 0.0204
                    Mean surrogate loss: -0.0068
                      Mean entropy loss: 9.6821
                            Mean reward: 15.14
                    Mean episode length: 958.37
                        Mean action std: 0.56
    Episode_Reward/track_lin_vel_xy_exp: 0.6782
     Episode_Reward/track_ang_vel_z_exp: 0.5545
            Episode_Reward/lin_vel_z_l2: -0.0271
           Episode_Reward/ang_vel_xy_l2: -0.1052
          Episode_Reward/dof_torques_l2: -0.0759
              Episode_Reward/dof_acc_l2: -0.1342
          Episode_Reward/action_rate_l2: -0.0886
           Episode_Reward/feet_air_time: -0.0271
     Episode_Reward/flat_orientation_l2: 0.0000
          Episode_Reward/dof_pos_limits: 0.0000
              Curriculum/terrain_levels: 0.6968
     Metrics/base_velocity/error_vel_xy: 1.3248
    Metrics/base_velocity/error_vel_yaw: 0.4685
           Episode_Termination/time_out: 0.9290
       Episode_Termination/base_contact: 0.0710
--------------------------------------------------------------------------------
                         Iteration time: 303.86s
                           Time elapsed: 12:46:24
                                    ETA: 23:24:44

################################################################################
[1m                          Learning iteration 353/1000                           [0m 

                            Total steps: 34799616 
                       Steps per second: 323 
                        Collection time: 302.963s 
                          Learning time: 0.479s 
                        Mean value loss: 0.0211
                    Mean surrogate loss: -0.0059
                      Mean entropy loss: 9.6724
                            Mean reward: 16.70
                    Mean episode length: 995.20
                        Mean action std: 0.56
    Episode_Reward/track_lin_vel_xy_exp: 0.7061
     Episode_Reward/track_ang_vel_z_exp: 0.5697
            Episode_Reward/lin_vel_z_l2: -0.0269
           Episode_Reward/ang_vel_xy_l2: -0.1044
          Episode_Reward/dof_torques_l2: -0.0781
              Episode_Reward/dof_acc_l2: -0.1370
          Episode_Reward/action_rate_l2: -0.0898
           Episode_Reward/feet_air_time: -0.0271
     Episode_Reward/flat_orientation_l2: 0.0000
          Episode_Reward/dof_pos_limits: 0.0000
              Curriculum/terrain_levels: 0.7035
     Metrics/base_velocity/error_vel_xy: 1.3285
    Metrics/base_velocity/error_vel_yaw: 0.4595
           Episode_Termination/time_out: 0.9296
       Episode_Termination/base_contact: 0.0704
--------------------------------------------------------------------------------
                         Iteration time: 303.44s
                           Time elapsed: 12:51:28
                                    ETA: 23:27:49

################################################################################
[1m                          Learning iteration 354/1000                           [0m 

                            Total steps: 34897920 
                       Steps per second: 323 
                        Collection time: 303.302s 
                          Learning time: 0.487s 
                        Mean value loss: 0.0200
                    Mean surrogate loss: -0.0066
                      Mean entropy loss: 9.6696
                            Mean reward: 15.02
                    Mean episode length: 945.52
                        Mean action std: 0.56
    Episode_Reward/track_lin_vel_xy_exp: 0.5288
     Episode_Reward/track_ang_vel_z_exp: 0.5294
            Episode_Reward/lin_vel_z_l2: -0.0253
           Episode_Reward/ang_vel_xy_l2: -0.0961
          Episode_Reward/dof_torques_l2: -0.0669
              Episode_Reward/dof_acc_l2: -0.1206
          Episode_Reward/action_rate_l2: -0.0820
           Episode_Reward/feet_air_time: -0.0248
     Episode_Reward/flat_orientation_l2: 0.0000
          Episode_Reward/dof_pos_limits: 0.0000
              Curriculum/terrain_levels: 0.7078
     Metrics/base_velocity/error_vel_xy: 1.5951
    Metrics/base_velocity/error_vel_yaw: 0.4383
           Episode_Termination/time_out: 0.9295
       Episode_Termination/base_contact: 0.0705
--------------------------------------------------------------------------------
                         Iteration time: 303.79s
                           Time elapsed: 12:56:32
                                    ETA: 23:30:53

################################################################################
[1m                          Learning iteration 355/1000                           [0m 

                            Total steps: 34996224 
                       Steps per second: 324 
                        Collection time: 302.721s 
                          Learning time: 0.487s 
                        Mean value loss: 0.0234
                    Mean surrogate loss: -0.0058
                      Mean entropy loss: 9.6619
                            Mean reward: 15.57
                    Mean episode length: 970.91
                        Mean action std: 0.56
    Episode_Reward/track_lin_vel_xy_exp: 0.6377
     Episode_Reward/track_ang_vel_z_exp: 0.5565
            Episode_Reward/lin_vel_z_l2: -0.0271
           Episode_Reward/ang_vel_xy_l2: -0.1026
          Episode_Reward/dof_torques_l2: -0.0780
              Episode_Reward/dof_acc_l2: -0.1374
          Episode_Reward/action_rate_l2: -0.0889
           Episode_Reward/feet_air_time: -0.0260
     Episode_Reward/flat_orientation_l2: 0.0000
          Episode_Reward/dof_pos_limits: 0.0000
              Curriculum/terrain_levels: 0.7141
     Metrics/base_velocity/error_vel_xy: 1.3682
    Metrics/base_velocity/error_vel_yaw: 0.4667
           Episode_Termination/time_out: 0.9296
       Episode_Termination/base_contact: 0.0704
--------------------------------------------------------------------------------
                         Iteration time: 303.21s
                           Time elapsed: 13:01:35
                                    ETA: 23:33:53

################################################################################
[1m                          Learning iteration 356/1000                           [0m 

                            Total steps: 35094528 
                       Steps per second: 323 
                        Collection time: 303.096s 
                          Learning time: 0.480s 
                        Mean value loss: 0.0217
                    Mean surrogate loss: -0.0073
                      Mean entropy loss: 9.6593
                            Mean reward: 15.76
                    Mean episode length: 958.33
                        Mean action std: 0.56
    Episode_Reward/track_lin_vel_xy_exp: 0.6437
     Episode_Reward/track_ang_vel_z_exp: 0.5453
            Episode_Reward/lin_vel_z_l2: -0.0256
           Episode_Reward/ang_vel_xy_l2: -0.0997
          Episode_Reward/dof_torques_l2: -0.0727
              Episode_Reward/dof_acc_l2: -0.1280
          Episode_Reward/action_rate_l2: -0.0855
           Episode_Reward/feet_air_time: -0.0256
     Episode_Reward/flat_orientation_l2: 0.0000
          Episode_Reward/dof_pos_limits: 0.0000
              Curriculum/terrain_levels: 0.7202
     Metrics/base_velocity/error_vel_xy: 1.3897
    Metrics/base_velocity/error_vel_yaw: 0.4332
           Episode_Termination/time_out: 0.9294
       Episode_Termination/base_contact: 0.0706
--------------------------------------------------------------------------------
                         Iteration time: 303.58s
                           Time elapsed: 13:06:38
                                    ETA: 23:36:51

################################################################################
[1m                          Learning iteration 357/1000                           [0m 

                            Total steps: 35192832 
                       Steps per second: 322 
                        Collection time: 304.010s 
                          Learning time: 0.479s 
                        Mean value loss: 0.0228
                    Mean surrogate loss: -0.0053
                      Mean entropy loss: 9.6457
                            Mean reward: 15.91
                    Mean episode length: 962.96
                        Mean action std: 0.55
    Episode_Reward/track_lin_vel_xy_exp: 0.7003
     Episode_Reward/track_ang_vel_z_exp: 0.5643
            Episode_Reward/lin_vel_z_l2: -0.0282
           Episode_Reward/ang_vel_xy_l2: -0.1077
          Episode_Reward/dof_torques_l2: -0.0762
              Episode_Reward/dof_acc_l2: -0.1422
          Episode_Reward/action_rate_l2: -0.0908
           Episode_Reward/feet_air_time: -0.0269
     Episode_Reward/flat_orientation_l2: 0.0000
          Episode_Reward/dof_pos_limits: 0.0000
              Curriculum/terrain_levels: 0.7234
     Metrics/base_velocity/error_vel_xy: 1.3012
    Metrics/base_velocity/error_vel_yaw: 0.4598
           Episode_Termination/time_out: 0.9285
       Episode_Termination/base_contact: 0.0715
--------------------------------------------------------------------------------
                         Iteration time: 304.49s
                           Time elapsed: 13:11:43
                                    ETA: 23:39:47

################################################################################
[1m                          Learning iteration 358/1000                           [0m 

                            Total steps: 35291136 
                       Steps per second: 323 
                        Collection time: 303.140s 
                          Learning time: 0.482s 
                        Mean value loss: 0.0230
                    Mean surrogate loss: -0.0066
                      Mean entropy loss: 9.6321
                            Mean reward: 16.58
                    Mean episode length: 964.10
                        Mean action std: 0.55
    Episode_Reward/track_lin_vel_xy_exp: 0.7326
     Episode_Reward/track_ang_vel_z_exp: 0.5604
            Episode_Reward/lin_vel_z_l2: -0.0282
           Episode_Reward/ang_vel_xy_l2: -0.1088
          Episode_Reward/dof_torques_l2: -0.0772
              Episode_Reward/dof_acc_l2: -0.1367
          Episode_Reward/action_rate_l2: -0.0895
           Episode_Reward/feet_air_time: -0.0279
     Episode_Reward/flat_orientation_l2: 0.0000
          Episode_Reward/dof_pos_limits: 0.0000
              Curriculum/terrain_levels: 0.7266
     Metrics/base_velocity/error_vel_xy: 1.2392
    Metrics/base_velocity/error_vel_yaw: 0.4510
           Episode_Termination/time_out: 0.9284
       Episode_Termination/base_contact: 0.0716
--------------------------------------------------------------------------------
                         Iteration time: 303.62s
                           Time elapsed: 13:16:47
                                    ETA: 23:42:40

################################################################################
[1m                          Learning iteration 359/1000                           [0m 

                            Total steps: 35389440 
                       Steps per second: 324 
                        Collection time: 302.558s 
                          Learning time: 0.495s 
                        Mean value loss: 0.0250
                    Mean surrogate loss: -0.0074
                      Mean entropy loss: 9.6332
                            Mean reward: 15.10
                    Mean episode length: 929.12
                        Mean action std: 0.55
    Episode_Reward/track_lin_vel_xy_exp: 0.6681
     Episode_Reward/track_ang_vel_z_exp: 0.5334
            Episode_Reward/lin_vel_z_l2: -0.0274
           Episode_Reward/ang_vel_xy_l2: -0.1042
          Episode_Reward/dof_torques_l2: -0.0757
              Episode_Reward/dof_acc_l2: -0.1321
          Episode_Reward/action_rate_l2: -0.0861
           Episode_Reward/feet_air_time: -0.0253
     Episode_Reward/flat_orientation_l2: 0.0000
          Episode_Reward/dof_pos_limits: 0.0000
              Curriculum/terrain_levels: 0.7317
     Metrics/base_velocity/error_vel_xy: 1.2441
    Metrics/base_velocity/error_vel_yaw: 0.4519
           Episode_Termination/time_out: 0.9273
       Episode_Termination/base_contact: 0.0727
--------------------------------------------------------------------------------
                         Iteration time: 303.05s
                           Time elapsed: 13:21:50
                                    ETA: 23:45:29

################################################################################
[1m                          Learning iteration 360/1000                           [0m 

                            Total steps: 35487744 
                       Steps per second: 324 
                        Collection time: 302.586s 
                          Learning time: 0.485s 
                        Mean value loss: 0.0188
                    Mean surrogate loss: -0.0070
                      Mean entropy loss: 9.6498
                            Mean reward: 15.88
                    Mean episode length: 934.91
                        Mean action std: 0.56
    Episode_Reward/track_lin_vel_xy_exp: 0.7214
     Episode_Reward/track_ang_vel_z_exp: 0.5477
            Episode_Reward/lin_vel_z_l2: -0.0278
           Episode_Reward/ang_vel_xy_l2: -0.1058
          Episode_Reward/dof_torques_l2: -0.0747
              Episode_Reward/dof_acc_l2: -0.1310
          Episode_Reward/action_rate_l2: -0.0876
           Episode_Reward/feet_air_time: -0.0272
     Episode_Reward/flat_orientation_l2: 0.0000
          Episode_Reward/dof_pos_limits: 0.0000
              Curriculum/terrain_levels: 0.7357
     Metrics/base_velocity/error_vel_xy: 1.2400
    Metrics/base_velocity/error_vel_yaw: 0.4386
           Episode_Termination/time_out: 0.9253
       Episode_Termination/base_contact: 0.0747
--------------------------------------------------------------------------------
                         Iteration time: 303.07s
                           Time elapsed: 13:26:53
                                    ETA: 23:48:15

################################################################################
[1m                          Learning iteration 361/1000                           [0m 

                            Total steps: 35586048 
                       Steps per second: 324 
                        Collection time: 302.724s 
                          Learning time: 0.487s 
                        Mean value loss: 0.0222
                    Mean surrogate loss: -0.0070
                      Mean entropy loss: 9.6472
                            Mean reward: 16.20
                    Mean episode length: 975.39
                        Mean action std: 0.55
    Episode_Reward/track_lin_vel_xy_exp: 0.6942
     Episode_Reward/track_ang_vel_z_exp: 0.5552
            Episode_Reward/lin_vel_z_l2: -0.0285
           Episode_Reward/ang_vel_xy_l2: -0.1090
          Episode_Reward/dof_torques_l2: -0.0798
              Episode_Reward/dof_acc_l2: -0.1385
          Episode_Reward/action_rate_l2: -0.0899
           Episode_Reward/feet_air_time: -0.0271
     Episode_Reward/flat_orientation_l2: 0.0000
          Episode_Reward/dof_pos_limits: 0.0000
              Curriculum/terrain_levels: 0.7392
     Metrics/base_velocity/error_vel_xy: 1.2893
    Metrics/base_velocity/error_vel_yaw: 0.4705
           Episode_Termination/time_out: 0.9250
       Episode_Termination/base_contact: 0.0750
--------------------------------------------------------------------------------
                         Iteration time: 303.21s
                           Time elapsed: 13:31:56
                                    ETA: 23:50:59

################################################################################
[1m                          Learning iteration 362/1000                           [0m 

                            Total steps: 35684352 
                       Steps per second: 322 
                        Collection time: 304.591s 
                          Learning time: 0.485s 
                        Mean value loss: 0.0224
                    Mean surrogate loss: -0.0064
                      Mean entropy loss: 9.6469
                            Mean reward: 15.13
                    Mean episode length: 953.60
                        Mean action std: 0.56
    Episode_Reward/track_lin_vel_xy_exp: 0.6091
     Episode_Reward/track_ang_vel_z_exp: 0.5572
            Episode_Reward/lin_vel_z_l2: -0.0261
           Episode_Reward/ang_vel_xy_l2: -0.1002
          Episode_Reward/dof_torques_l2: -0.0747
              Episode_Reward/dof_acc_l2: -0.1295
          Episode_Reward/action_rate_l2: -0.0873
           Episode_Reward/feet_air_time: -0.0265
     Episode_Reward/flat_orientation_l2: 0.0000
          Episode_Reward/dof_pos_limits: 0.0000
              Curriculum/terrain_levels: 0.7427
     Metrics/base_velocity/error_vel_xy: 1.5414
    Metrics/base_velocity/error_vel_yaw: 0.4593
           Episode_Termination/time_out: 0.9243
       Episode_Termination/base_contact: 0.0757
--------------------------------------------------------------------------------
                         Iteration time: 305.08s
                           Time elapsed: 13:37:01
                                    ETA: 23:53:43

################################################################################
[1m                          Learning iteration 363/1000                           [0m 

                            Total steps: 35782656 
                       Steps per second: 322 
                        Collection time: 304.178s 
                          Learning time: 0.481s 
                        Mean value loss: 0.0223
                    Mean surrogate loss: -0.0069
                      Mean entropy loss: 9.6389
                            Mean reward: 16.62
                    Mean episode length: 956.05
                        Mean action std: 0.55
    Episode_Reward/track_lin_vel_xy_exp: 0.7236
     Episode_Reward/track_ang_vel_z_exp: 0.5523
            Episode_Reward/lin_vel_z_l2: -0.0293
           Episode_Reward/ang_vel_xy_l2: -0.1095
          Episode_Reward/dof_torques_l2: -0.0762
              Episode_Reward/dof_acc_l2: -0.1368
          Episode_Reward/action_rate_l2: -0.0890
           Episode_Reward/feet_air_time: -0.0263
     Episode_Reward/flat_orientation_l2: 0.0000
          Episode_Reward/dof_pos_limits: 0.0000
              Curriculum/terrain_levels: 0.7456
     Metrics/base_velocity/error_vel_xy: 1.2660
    Metrics/base_velocity/error_vel_yaw: 0.4575
           Episode_Termination/time_out: 0.9232
       Episode_Termination/base_contact: 0.0768
--------------------------------------------------------------------------------
                         Iteration time: 304.66s
                           Time elapsed: 13:42:06
                                    ETA: 23:56:25

################################################################################
[1m                          Learning iteration 364/1000                           [0m 

                            Total steps: 35880960 
                       Steps per second: 322 
                        Collection time: 304.452s 
                          Learning time: 0.488s 
                        Mean value loss: 0.0231
                    Mean surrogate loss: -0.0077
                      Mean entropy loss: 9.6212
                            Mean reward: 16.96
                    Mean episode length: 979.21
                        Mean action std: 0.55
    Episode_Reward/track_lin_vel_xy_exp: 0.7313
     Episode_Reward/track_ang_vel_z_exp: 0.5663
            Episode_Reward/lin_vel_z_l2: -0.0294
           Episode_Reward/ang_vel_xy_l2: -0.1107
          Episode_Reward/dof_torques_l2: -0.0747
              Episode_Reward/dof_acc_l2: -0.1392
          Episode_Reward/action_rate_l2: -0.0903
           Episode_Reward/feet_air_time: -0.0276
     Episode_Reward/flat_orientation_l2: 0.0000
          Episode_Reward/dof_pos_limits: 0.0000
              Curriculum/terrain_levels: 0.7492
     Metrics/base_velocity/error_vel_xy: 1.2928
    Metrics/base_velocity/error_vel_yaw: 0.4585
           Episode_Termination/time_out: 0.9229
       Episode_Termination/base_contact: 0.0771
--------------------------------------------------------------------------------
                         Iteration time: 304.94s
                           Time elapsed: 13:47:11
                                    ETA: 23:59:04

################################################################################
[1m                          Learning iteration 365/1000                           [0m 

                            Total steps: 35979264 
                       Steps per second: 321 
                        Collection time: 304.916s 
                          Learning time: 0.497s 
                        Mean value loss: 0.0205
                    Mean surrogate loss: -0.0062
                      Mean entropy loss: 9.6180
                            Mean reward: 15.93
                    Mean episode length: 991.74
                        Mean action std: 0.55
    Episode_Reward/track_lin_vel_xy_exp: 0.7021
     Episode_Reward/track_ang_vel_z_exp: 0.5779
            Episode_Reward/lin_vel_z_l2: -0.0302
           Episode_Reward/ang_vel_xy_l2: -0.1099
          Episode_Reward/dof_torques_l2: -0.0803
              Episode_Reward/dof_acc_l2: -0.1418
          Episode_Reward/action_rate_l2: -0.0924
           Episode_Reward/feet_air_time: -0.0274
     Episode_Reward/flat_orientation_l2: 0.0000
          Episode_Reward/dof_pos_limits: 0.0000
              Curriculum/terrain_levels: 0.7552
     Metrics/base_velocity/error_vel_xy: 1.3232
    Metrics/base_velocity/error_vel_yaw: 0.4658
           Episode_Termination/time_out: 0.9233
       Episode_Termination/base_contact: 0.0767
--------------------------------------------------------------------------------
                         Iteration time: 305.41s
                           Time elapsed: 13:52:16
                                    ETA: 00:01:42

################################################################################
[1m                          Learning iteration 366/1000                           [0m 

                            Total steps: 36077568 
                       Steps per second: 323 
                        Collection time: 303.330s 
                          Learning time: 0.480s 
                        Mean value loss: 0.0249
                    Mean surrogate loss: -0.0056
                      Mean entropy loss: 9.6204
                            Mean reward: 15.78
                    Mean episode length: 981.82
                        Mean action std: 0.55
    Episode_Reward/track_lin_vel_xy_exp: 0.7114
     Episode_Reward/track_ang_vel_z_exp: 0.5625
            Episode_Reward/lin_vel_z_l2: -0.0316
           Episode_Reward/ang_vel_xy_l2: -0.1099
          Episode_Reward/dof_torques_l2: -0.0822
              Episode_Reward/dof_acc_l2: -0.1406
          Episode_Reward/action_rate_l2: -0.0905
           Episode_Reward/feet_air_time: -0.0266
     Episode_Reward/flat_orientation_l2: 0.0000
          Episode_Reward/dof_pos_limits: 0.0000
              Curriculum/terrain_levels: 0.7594
     Metrics/base_velocity/error_vel_xy: 1.3202
    Metrics/base_velocity/error_vel_yaw: 0.4595
           Episode_Termination/time_out: 0.9244
       Episode_Termination/base_contact: 0.0756
--------------------------------------------------------------------------------
                         Iteration time: 303.81s
                           Time elapsed: 13:57:20
                                    ETA: 00:04:14

################################################################################
[1m                          Learning iteration 367/1000                           [0m 

                            Total steps: 36175872 
                       Steps per second: 323 
                        Collection time: 303.768s 
                          Learning time: 0.478s 
                        Mean value loss: 0.0189
                    Mean surrogate loss: -0.0055
                      Mean entropy loss: 9.6225
                            Mean reward: 14.58
                    Mean episode length: 936.40
                        Mean action std: 0.55
    Episode_Reward/track_lin_vel_xy_exp: 0.7002
     Episode_Reward/track_ang_vel_z_exp: 0.5387
            Episode_Reward/lin_vel_z_l2: -0.0284
           Episode_Reward/ang_vel_xy_l2: -0.1069
          Episode_Reward/dof_torques_l2: -0.0754
              Episode_Reward/dof_acc_l2: -0.1364
          Episode_Reward/action_rate_l2: -0.0873
           Episode_Reward/feet_air_time: -0.0273
     Episode_Reward/flat_orientation_l2: 0.0000
          Episode_Reward/dof_pos_limits: 0.0000
              Curriculum/terrain_levels: 0.7637
     Metrics/base_velocity/error_vel_xy: 1.2243
    Metrics/base_velocity/error_vel_yaw: 0.4485
           Episode_Termination/time_out: 0.9246
       Episode_Termination/base_contact: 0.0754
--------------------------------------------------------------------------------
                         Iteration time: 304.25s
                           Time elapsed: 14:02:24
                                    ETA: 00:06:44

################################################################################
[1m                          Learning iteration 368/1000                           [0m 

                            Total steps: 36274176 
                       Steps per second: 323 
                        Collection time: 303.398s 
                          Learning time: 0.483s 
                        Mean value loss: 0.0238
                    Mean surrogate loss: -0.0063
                      Mean entropy loss: 9.6191
                            Mean reward: 16.51
                    Mean episode length: 968.86
                        Mean action std: 0.55
    Episode_Reward/track_lin_vel_xy_exp: 0.7103
     Episode_Reward/track_ang_vel_z_exp: 0.5602
            Episode_Reward/lin_vel_z_l2: -0.0290
           Episode_Reward/ang_vel_xy_l2: -0.1084
          Episode_Reward/dof_torques_l2: -0.0755
              Episode_Reward/dof_acc_l2: -0.1360
          Episode_Reward/action_rate_l2: -0.0892
           Episode_Reward/feet_air_time: -0.0271
     Episode_Reward/flat_orientation_l2: 0.0000
          Episode_Reward/dof_pos_limits: 0.0000
              Curriculum/terrain_levels: 0.7658
     Metrics/base_velocity/error_vel_xy: 1.3314
    Metrics/base_velocity/error_vel_yaw: 0.4543
           Episode_Termination/time_out: 0.9248
       Episode_Termination/base_contact: 0.0752
--------------------------------------------------------------------------------
                         Iteration time: 303.88s
                           Time elapsed: 14:07:28
                                    ETA: 00:09:12

################################################################################
[1m                          Learning iteration 369/1000                           [0m 

                            Total steps: 36372480 
                       Steps per second: 323 
                        Collection time: 303.530s 
                          Learning time: 0.486s 
                        Mean value loss: 0.0224
                    Mean surrogate loss: -0.0068
                      Mean entropy loss: 9.6275
                            Mean reward: 15.68
                    Mean episode length: 971.20
                        Mean action std: 0.55
    Episode_Reward/track_lin_vel_xy_exp: 0.6979
     Episode_Reward/track_ang_vel_z_exp: 0.5619
            Episode_Reward/lin_vel_z_l2: -0.0288
           Episode_Reward/ang_vel_xy_l2: -0.1088
          Episode_Reward/dof_torques_l2: -0.0812
              Episode_Reward/dof_acc_l2: -0.1396
          Episode_Reward/action_rate_l2: -0.0906
           Episode_Reward/feet_air_time: -0.0272
     Episode_Reward/flat_orientation_l2: 0.0000
          Episode_Reward/dof_pos_limits: 0.0000
              Curriculum/terrain_levels: 0.7726
     Metrics/base_velocity/error_vel_xy: 1.2786
    Metrics/base_velocity/error_vel_yaw: 0.4687
           Episode_Termination/time_out: 0.9258
       Episode_Termination/base_contact: 0.0742
--------------------------------------------------------------------------------
                         Iteration time: 304.02s
                           Time elapsed: 14:12:32
                                    ETA: 00:11:37

################################################################################
[1m                          Learning iteration 370/1000                           [0m 

                            Total steps: 36470784 
                       Steps per second: 324 
                        Collection time: 302.456s 
                          Learning time: 0.481s 
                        Mean value loss: 0.0256
                    Mean surrogate loss: -0.0070
                      Mean entropy loss: 9.6357
                            Mean reward: 15.50
                    Mean episode length: 960.68
                        Mean action std: 0.56
    Episode_Reward/track_lin_vel_xy_exp: 0.7003
     Episode_Reward/track_ang_vel_z_exp: 0.5602
            Episode_Reward/lin_vel_z_l2: -0.0281
           Episode_Reward/ang_vel_xy_l2: -0.1084
          Episode_Reward/dof_torques_l2: -0.0775
              Episode_Reward/dof_acc_l2: -0.1392
          Episode_Reward/action_rate_l2: -0.0899
           Episode_Reward/feet_air_time: -0.0281
     Episode_Reward/flat_orientation_l2: 0.0000
          Episode_Reward/dof_pos_limits: 0.0000
              Curriculum/terrain_levels: 0.7792
     Metrics/base_velocity/error_vel_xy: 1.2983
    Metrics/base_velocity/error_vel_yaw: 0.4607
           Episode_Termination/time_out: 0.9254
       Episode_Termination/base_contact: 0.0746
--------------------------------------------------------------------------------
                         Iteration time: 302.94s
                           Time elapsed: 14:17:35
                                    ETA: 00:13:58

################################################################################
[1m                          Learning iteration 371/1000                           [0m 

                            Total steps: 36569088 
                       Steps per second: 324 
                        Collection time: 302.217s 
                          Learning time: 0.483s 
                        Mean value loss: 0.0257
                    Mean surrogate loss: -0.0075
                      Mean entropy loss: 9.6480
                            Mean reward: 15.47
                    Mean episode length: 944.66
                        Mean action std: 0.56
    Episode_Reward/track_lin_vel_xy_exp: 0.7163
     Episode_Reward/track_ang_vel_z_exp: 0.5475
            Episode_Reward/lin_vel_z_l2: -0.0320
           Episode_Reward/ang_vel_xy_l2: -0.1124
          Episode_Reward/dof_torques_l2: -0.0798
              Episode_Reward/dof_acc_l2: -0.1474
          Episode_Reward/action_rate_l2: -0.0905
           Episode_Reward/feet_air_time: -0.0270
     Episode_Reward/flat_orientation_l2: 0.0000
          Episode_Reward/dof_pos_limits: 0.0000
              Curriculum/terrain_levels: 0.7854
     Metrics/base_velocity/error_vel_xy: 1.2286
    Metrics/base_velocity/error_vel_yaw: 0.4756
           Episode_Termination/time_out: 0.9254
       Episode_Termination/base_contact: 0.0746
--------------------------------------------------------------------------------
                         Iteration time: 302.70s
                           Time elapsed: 14:22:38
                                    ETA: 00:16:16

################################################################################
[1m                          Learning iteration 372/1000                           [0m 

                            Total steps: 36667392 
                       Steps per second: 324 
                        Collection time: 302.724s 
                          Learning time: 0.479s 
                        Mean value loss: 0.0211
                    Mean surrogate loss: -0.0057
                      Mean entropy loss: 9.6546
                            Mean reward: 16.04
                    Mean episode length: 960.41
                        Mean action std: 0.56
    Episode_Reward/track_lin_vel_xy_exp: 0.7061
     Episode_Reward/track_ang_vel_z_exp: 0.5560
            Episode_Reward/lin_vel_z_l2: -0.0289
           Episode_Reward/ang_vel_xy_l2: -0.1091
          Episode_Reward/dof_torques_l2: -0.0778
              Episode_Reward/dof_acc_l2: -0.1447
          Episode_Reward/action_rate_l2: -0.0902
           Episode_Reward/feet_air_time: -0.0273
     Episode_Reward/flat_orientation_l2: 0.0000
          Episode_Reward/dof_pos_limits: 0.0000
              Curriculum/terrain_levels: 0.7940
     Metrics/base_velocity/error_vel_xy: 1.3115
    Metrics/base_velocity/error_vel_yaw: 0.4598
           Episode_Termination/time_out: 0.9270
       Episode_Termination/base_contact: 0.0730
--------------------------------------------------------------------------------
                         Iteration time: 303.20s
                           Time elapsed: 14:27:41
                                    ETA: 00:18:33

################################################################################
[1m                          Learning iteration 373/1000                           [0m 

                            Total steps: 36765696 
                       Steps per second: 324 
                        Collection time: 302.617s 
                          Learning time: 0.485s 
                        Mean value loss: 0.0219
                    Mean surrogate loss: -0.0067
                      Mean entropy loss: 9.6457
                            Mean reward: 15.39
                    Mean episode length: 956.40
                        Mean action std: 0.56
    Episode_Reward/track_lin_vel_xy_exp: 0.6877
     Episode_Reward/track_ang_vel_z_exp: 0.5467
            Episode_Reward/lin_vel_z_l2: -0.0293
           Episode_Reward/ang_vel_xy_l2: -0.1081
          Episode_Reward/dof_torques_l2: -0.0770
              Episode_Reward/dof_acc_l2: -0.1373
          Episode_Reward/action_rate_l2: -0.0887
           Episode_Reward/feet_air_time: -0.0275
     Episode_Reward/flat_orientation_l2: 0.0000
          Episode_Reward/dof_pos_limits: 0.0000
              Curriculum/terrain_levels: 0.7986
     Metrics/base_velocity/error_vel_xy: 1.3273
    Metrics/base_velocity/error_vel_yaw: 0.4607
           Episode_Termination/time_out: 0.9273
       Episode_Termination/base_contact: 0.0727
--------------------------------------------------------------------------------
                         Iteration time: 303.10s
                           Time elapsed: 14:32:44
                                    ETA: 00:20:47

################################################################################
[1m                          Learning iteration 374/1000                           [0m 

                            Total steps: 36864000 
                       Steps per second: 324 
                        Collection time: 302.683s 
                          Learning time: 0.477s 
                        Mean value loss: 0.0218
                    Mean surrogate loss: -0.0062
                      Mean entropy loss: 9.6609
                            Mean reward: 16.16
                    Mean episode length: 961.75
                        Mean action std: 0.56
    Episode_Reward/track_lin_vel_xy_exp: 0.7109
     Episode_Reward/track_ang_vel_z_exp: 0.5461
            Episode_Reward/lin_vel_z_l2: -0.0308
           Episode_Reward/ang_vel_xy_l2: -0.1121
          Episode_Reward/dof_torques_l2: -0.0800
              Episode_Reward/dof_acc_l2: -0.1415
          Episode_Reward/action_rate_l2: -0.0893
           Episode_Reward/feet_air_time: -0.0278
     Episode_Reward/flat_orientation_l2: 0.0000
          Episode_Reward/dof_pos_limits: 0.0000
              Curriculum/terrain_levels: 0.8045
     Metrics/base_velocity/error_vel_xy: 1.2512
    Metrics/base_velocity/error_vel_yaw: 0.4707
           Episode_Termination/time_out: 0.9265
       Episode_Termination/base_contact: 0.0735
--------------------------------------------------------------------------------
                         Iteration time: 303.16s
                           Time elapsed: 14:37:47
                                    ETA: 00:22:59

################################################################################
[1m                          Learning iteration 375/1000                           [0m 

                            Total steps: 36962304 
                       Steps per second: 325 
                        Collection time: 301.412s 
                          Learning time: 0.482s 
                        Mean value loss: 0.0232
                    Mean surrogate loss: -0.0052
                      Mean entropy loss: 9.6654
                            Mean reward: 15.58
                    Mean episode length: 960.35
                        Mean action std: 0.56
    Episode_Reward/track_lin_vel_xy_exp: 0.7574
     Episode_Reward/track_ang_vel_z_exp: 0.5558
            Episode_Reward/lin_vel_z_l2: -0.0298
           Episode_Reward/ang_vel_xy_l2: -0.1122
          Episode_Reward/dof_torques_l2: -0.0825
              Episode_Reward/dof_acc_l2: -0.1417
          Episode_Reward/action_rate_l2: -0.0912
           Episode_Reward/feet_air_time: -0.0278
     Episode_Reward/flat_orientation_l2: 0.0000
          Episode_Reward/dof_pos_limits: 0.0000
              Curriculum/terrain_levels: 0.8128
     Metrics/base_velocity/error_vel_xy: 1.2146
    Metrics/base_velocity/error_vel_yaw: 0.4632
           Episode_Termination/time_out: 0.9261
       Episode_Termination/base_contact: 0.0739
--------------------------------------------------------------------------------
                         Iteration time: 301.89s
                           Time elapsed: 14:42:49
                                    ETA: 00:25:06

################################################################################
[1m                          Learning iteration 376/1000                           [0m 

                            Total steps: 37060608 
                       Steps per second: 326 
                        Collection time: 300.722s 
                          Learning time: 0.492s 
                        Mean value loss: 0.0249
                    Mean surrogate loss: -0.0069
                      Mean entropy loss: 9.6622
                            Mean reward: 15.22
                    Mean episode length: 971.51
                        Mean action std: 0.56
    Episode_Reward/track_lin_vel_xy_exp: 0.6952
     Episode_Reward/track_ang_vel_z_exp: 0.5648
            Episode_Reward/lin_vel_z_l2: -0.0295
           Episode_Reward/ang_vel_xy_l2: -0.1082
          Episode_Reward/dof_torques_l2: -0.0806
              Episode_Reward/dof_acc_l2: -0.1383
          Episode_Reward/action_rate_l2: -0.0900
           Episode_Reward/feet_air_time: -0.0268
     Episode_Reward/flat_orientation_l2: 0.0000
          Episode_Reward/dof_pos_limits: 0.0000
              Curriculum/terrain_levels: 0.8172
     Metrics/base_velocity/error_vel_xy: 1.4157
    Metrics/base_velocity/error_vel_yaw: 0.4654
           Episode_Termination/time_out: 0.9274
       Episode_Termination/base_contact: 0.0726
--------------------------------------------------------------------------------
                         Iteration time: 301.21s
                           Time elapsed: 14:47:50
                                    ETA: 00:27:10

################################################################################
[1m                          Learning iteration 377/1000                           [0m 

                            Total steps: 37158912 
                       Steps per second: 327 
                        Collection time: 299.674s 
                          Learning time: 0.485s 
                        Mean value loss: 0.0208
                    Mean surrogate loss: -0.0059
                      Mean entropy loss: 9.6653
                            Mean reward: 15.64
                    Mean episode length: 967.59
                        Mean action std: 0.56
    Episode_Reward/track_lin_vel_xy_exp: 0.6661
     Episode_Reward/track_ang_vel_z_exp: 0.5602
            Episode_Reward/lin_vel_z_l2: -0.0313
           Episode_Reward/ang_vel_xy_l2: -0.1098
          Episode_Reward/dof_torques_l2: -0.0765
              Episode_Reward/dof_acc_l2: -0.1441
          Episode_Reward/action_rate_l2: -0.0899
           Episode_Reward/feet_air_time: -0.0283
     Episode_Reward/flat_orientation_l2: 0.0000
          Episode_Reward/dof_pos_limits: 0.0000
              Curriculum/terrain_levels: 0.8242
     Metrics/base_velocity/error_vel_xy: 1.4122
    Metrics/base_velocity/error_vel_yaw: 0.4618
           Episode_Termination/time_out: 0.9265
       Episode_Termination/base_contact: 0.0735
--------------------------------------------------------------------------------
                         Iteration time: 300.16s
                           Time elapsed: 14:52:50
                                    ETA: 00:29:10

################################################################################
[1m                          Learning iteration 378/1000                           [0m 

                            Total steps: 37257216 
                       Steps per second: 326 
                        Collection time: 300.357s 
                          Learning time: 0.488s 
                        Mean value loss: 0.0243
                    Mean surrogate loss: -0.0071
                      Mean entropy loss: 9.6751
                            Mean reward: 15.77
                    Mean episode length: 946.41
                        Mean action std: 0.56
    Episode_Reward/track_lin_vel_xy_exp: 0.7080
     Episode_Reward/track_ang_vel_z_exp: 0.5326
            Episode_Reward/lin_vel_z_l2: -0.0295
           Episode_Reward/ang_vel_xy_l2: -0.1096
          Episode_Reward/dof_torques_l2: -0.0793
              Episode_Reward/dof_acc_l2: -0.1424
          Episode_Reward/action_rate_l2: -0.0882
           Episode_Reward/feet_air_time: -0.0275
     Episode_Reward/flat_orientation_l2: 0.0000
          Episode_Reward/dof_pos_limits: 0.0000
              Curriculum/terrain_levels: 0.8312
     Metrics/base_velocity/error_vel_xy: 1.1951
    Metrics/base_velocity/error_vel_yaw: 0.4596
           Episode_Termination/time_out: 0.9262
       Episode_Termination/base_contact: 0.0738
--------------------------------------------------------------------------------
                         Iteration time: 300.84s
                           Time elapsed: 14:57:51
                                    ETA: 00:31:09

################################################################################
[1m                          Learning iteration 379/1000                           [0m 

                            Total steps: 37355520 
                       Steps per second: 327 
                        Collection time: 299.611s 
                          Learning time: 0.485s 
                        Mean value loss: 0.0216
                    Mean surrogate loss: -0.0065
                      Mean entropy loss: 9.6622
                            Mean reward: 14.50
                    Mean episode length: 946.08
                        Mean action std: 0.56
    Episode_Reward/track_lin_vel_xy_exp: 0.6930
     Episode_Reward/track_ang_vel_z_exp: 0.5392
            Episode_Reward/lin_vel_z_l2: -0.0299
           Episode_Reward/ang_vel_xy_l2: -0.1081
          Episode_Reward/dof_torques_l2: -0.0763
              Episode_Reward/dof_acc_l2: -0.1347
          Episode_Reward/action_rate_l2: -0.0876
           Episode_Reward/feet_air_time: -0.0267
     Episode_Reward/flat_orientation_l2: 0.0000
          Episode_Reward/dof_pos_limits: 0.0000
              Curriculum/terrain_levels: 0.8380
     Metrics/base_velocity/error_vel_xy: 1.2750
    Metrics/base_velocity/error_vel_yaw: 0.4685
           Episode_Termination/time_out: 0.9251
       Episode_Termination/base_contact: 0.0749
--------------------------------------------------------------------------------
                         Iteration time: 300.10s
                           Time elapsed: 15:02:51
                                    ETA: 00:33:05

################################################################################
[1m                          Learning iteration 380/1000                           [0m 

                            Total steps: 37453824 
                       Steps per second: 326 
                        Collection time: 300.340s 
                          Learning time: 0.499s 
                        Mean value loss: 0.0244
                    Mean surrogate loss: -0.0060
                      Mean entropy loss: 9.6527
                            Mean reward: 16.82
                    Mean episode length: 974.67
                        Mean action std: 0.56
    Episode_Reward/track_lin_vel_xy_exp: 0.7570
     Episode_Reward/track_ang_vel_z_exp: 0.5548
            Episode_Reward/lin_vel_z_l2: -0.0317
           Episode_Reward/ang_vel_xy_l2: -0.1119
          Episode_Reward/dof_torques_l2: -0.0806
              Episode_Reward/dof_acc_l2: -0.1433
          Episode_Reward/action_rate_l2: -0.0904
           Episode_Reward/feet_air_time: -0.0273
     Episode_Reward/flat_orientation_l2: 0.0000
          Episode_Reward/dof_pos_limits: 0.0000
              Curriculum/terrain_levels: 0.8404
     Metrics/base_velocity/error_vel_xy: 1.2066
    Metrics/base_velocity/error_vel_yaw: 0.4512
           Episode_Termination/time_out: 0.9237
       Episode_Termination/base_contact: 0.0763
--------------------------------------------------------------------------------
                         Iteration time: 300.84s
                           Time elapsed: 15:07:52
                                    ETA: 00:35:00

################################################################################
[1m                          Learning iteration 381/1000                           [0m 

                            Total steps: 37552128 
                       Steps per second: 327 
                        Collection time: 300.105s 
                          Learning time: 0.485s 
                        Mean value loss: 0.0209
                    Mean surrogate loss: -0.0049
                      Mean entropy loss: 9.6410
                            Mean reward: 15.30
                    Mean episode length: 935.78
                        Mean action std: 0.56
    Episode_Reward/track_lin_vel_xy_exp: 0.7204
     Episode_Reward/track_ang_vel_z_exp: 0.5393
            Episode_Reward/lin_vel_z_l2: -0.0312
           Episode_Reward/ang_vel_xy_l2: -0.1105
          Episode_Reward/dof_torques_l2: -0.0742
              Episode_Reward/dof_acc_l2: -0.1421
          Episode_Reward/action_rate_l2: -0.0883
           Episode_Reward/feet_air_time: -0.0277
     Episode_Reward/flat_orientation_l2: 0.0000
          Episode_Reward/dof_pos_limits: 0.0000
              Curriculum/terrain_levels: 0.8468
     Metrics/base_velocity/error_vel_xy: 1.2438
    Metrics/base_velocity/error_vel_yaw: 0.4558
           Episode_Termination/time_out: 0.9228
       Episode_Termination/base_contact: 0.0772
--------------------------------------------------------------------------------
                         Iteration time: 300.59s
                           Time elapsed: 15:12:53
                                    ETA: 00:36:52

################################################################################
[1m                          Learning iteration 382/1000                           [0m 

                            Total steps: 37650432 
                       Steps per second: 326 
                        Collection time: 300.232s 
                          Learning time: 0.483s 
                        Mean value loss: 0.0209
                    Mean surrogate loss: -0.0062
                      Mean entropy loss: 9.6402
                            Mean reward: 14.33
                    Mean episode length: 973.62
                        Mean action std: 0.55
    Episode_Reward/track_lin_vel_xy_exp: 0.6672
     Episode_Reward/track_ang_vel_z_exp: 0.5616
            Episode_Reward/lin_vel_z_l2: -0.0303
           Episode_Reward/ang_vel_xy_l2: -0.1091
          Episode_Reward/dof_torques_l2: -0.0807
              Episode_Reward/dof_acc_l2: -0.1362
          Episode_Reward/action_rate_l2: -0.0896
           Episode_Reward/feet_air_time: -0.0258
     Episode_Reward/flat_orientation_l2: 0.0000
          Episode_Reward/dof_pos_limits: 0.0000
              Curriculum/terrain_levels: 0.8517
     Metrics/base_velocity/error_vel_xy: 1.3891
    Metrics/base_velocity/error_vel_yaw: 0.4686
           Episode_Termination/time_out: 0.9218
       Episode_Termination/base_contact: 0.0782
--------------------------------------------------------------------------------
                         Iteration time: 300.72s
                           Time elapsed: 15:17:53
                                    ETA: 00:38:42

################################################################################
[1m                          Learning iteration 383/1000                           [0m 

                            Total steps: 37748736 
                       Steps per second: 325 
                        Collection time: 301.248s 
                          Learning time: 0.481s 
                        Mean value loss: 0.0209
                    Mean surrogate loss: -0.0067
                      Mean entropy loss: 9.6198
                            Mean reward: 16.86
                    Mean episode length: 967.69
                        Mean action std: 0.55
    Episode_Reward/track_lin_vel_xy_exp: 0.7949
     Episode_Reward/track_ang_vel_z_exp: 0.5489
            Episode_Reward/lin_vel_z_l2: -0.0329
           Episode_Reward/ang_vel_xy_l2: -0.1125
          Episode_Reward/dof_torques_l2: -0.0795
              Episode_Reward/dof_acc_l2: -0.1430
          Episode_Reward/action_rate_l2: -0.0894
           Episode_Reward/feet_air_time: -0.0269
     Episode_Reward/flat_orientation_l2: 0.0000
          Episode_Reward/dof_pos_limits: 0.0000
              Curriculum/terrain_levels: 0.8540
     Metrics/base_velocity/error_vel_xy: 1.0765
    Metrics/base_velocity/error_vel_yaw: 0.4494
           Episode_Termination/time_out: 0.9218
       Episode_Termination/base_contact: 0.0782
--------------------------------------------------------------------------------
                         Iteration time: 301.73s
                           Time elapsed: 15:22:55
                                    ETA: 00:40:31

################################################################################
[1m                          Learning iteration 384/1000                           [0m 

                            Total steps: 37847040 
                       Steps per second: 326 
                        Collection time: 300.287s 
                          Learning time: 0.482s 
                        Mean value loss: 0.0233
                    Mean surrogate loss: -0.0067
                      Mean entropy loss: 9.6069
                            Mean reward: 15.32
                    Mean episode length: 933.79
                        Mean action std: 0.55
    Episode_Reward/track_lin_vel_xy_exp: 0.6929
     Episode_Reward/track_ang_vel_z_exp: 0.5414
            Episode_Reward/lin_vel_z_l2: -0.0304
           Episode_Reward/ang_vel_xy_l2: -0.1068
          Episode_Reward/dof_torques_l2: -0.0762
              Episode_Reward/dof_acc_l2: -0.1408
          Episode_Reward/action_rate_l2: -0.0879
           Episode_Reward/feet_air_time: -0.0274
     Episode_Reward/flat_orientation_l2: 0.0000
          Episode_Reward/dof_pos_limits: 0.0000
              Curriculum/terrain_levels: 0.8615
     Metrics/base_velocity/error_vel_xy: 1.2837
    Metrics/base_velocity/error_vel_yaw: 0.4472
           Episode_Termination/time_out: 0.9220
       Episode_Termination/base_contact: 0.0780
--------------------------------------------------------------------------------
                         Iteration time: 300.77s
                           Time elapsed: 15:27:56
                                    ETA: 00:42:17

################################################################################
[1m                          Learning iteration 385/1000                           [0m 

                            Total steps: 37945344 
                       Steps per second: 326 
                        Collection time: 300.827s 
                          Learning time: 0.507s 
                        Mean value loss: 0.0208
                    Mean surrogate loss: -0.0062
                      Mean entropy loss: 9.6043
                            Mean reward: 15.57
                    Mean episode length: 958.96
                        Mean action std: 0.55
    Episode_Reward/track_lin_vel_xy_exp: 0.7200
     Episode_Reward/track_ang_vel_z_exp: 0.5554
            Episode_Reward/lin_vel_z_l2: -0.0344
           Episode_Reward/ang_vel_xy_l2: -0.1130
          Episode_Reward/dof_torques_l2: -0.0802
              Episode_Reward/dof_acc_l2: -0.1504
          Episode_Reward/action_rate_l2: -0.0911
           Episode_Reward/feet_air_time: -0.0289
     Episode_Reward/flat_orientation_l2: 0.0000
          Episode_Reward/dof_pos_limits: 0.0000
              Curriculum/terrain_levels: 0.8681
     Metrics/base_velocity/error_vel_xy: 1.2580
    Metrics/base_velocity/error_vel_yaw: 0.4587
           Episode_Termination/time_out: 0.9212
       Episode_Termination/base_contact: 0.0788
--------------------------------------------------------------------------------
                         Iteration time: 301.33s
                           Time elapsed: 15:32:57
                                    ETA: 00:44:02

################################################################################
[1m                          Learning iteration 386/1000                           [0m 

                            Total steps: 38043648 
                       Steps per second: 324 
                        Collection time: 302.591s 
                          Learning time: 0.505s 
                        Mean value loss: 0.0216
                    Mean surrogate loss: -0.0074
                      Mean entropy loss: 9.5995
                            Mean reward: 15.69
                    Mean episode length: 998.32
                        Mean action std: 0.55
    Episode_Reward/track_lin_vel_xy_exp: 0.6599
     Episode_Reward/track_ang_vel_z_exp: 0.5784
            Episode_Reward/lin_vel_z_l2: -0.0327
           Episode_Reward/ang_vel_xy_l2: -0.1120
          Episode_Reward/dof_torques_l2: -0.0811
              Episode_Reward/dof_acc_l2: -0.1424
          Episode_Reward/action_rate_l2: -0.0918
           Episode_Reward/feet_air_time: -0.0273
     Episode_Reward/flat_orientation_l2: 0.0000
          Episode_Reward/dof_pos_limits: 0.0000
              Curriculum/terrain_levels: 0.8749
     Metrics/base_velocity/error_vel_xy: 1.4336
    Metrics/base_velocity/error_vel_yaw: 0.4707
           Episode_Termination/time_out: 0.9221
       Episode_Termination/base_contact: 0.0779
--------------------------------------------------------------------------------
                         Iteration time: 303.10s
                           Time elapsed: 15:38:00
                                    ETA: 00:45:47

################################################################################
[1m                          Learning iteration 387/1000                           [0m 

                            Total steps: 38141952 
                       Steps per second: 327 
                        Collection time: 299.827s 
                          Learning time: 0.480s 
                        Mean value loss: 0.0258
                    Mean surrogate loss: -0.0083
                      Mean entropy loss: 9.5882
                            Mean reward: 15.96
                    Mean episode length: 959.88
                        Mean action std: 0.55
    Episode_Reward/track_lin_vel_xy_exp: 0.7119
     Episode_Reward/track_ang_vel_z_exp: 0.5453
            Episode_Reward/lin_vel_z_l2: -0.0308
           Episode_Reward/ang_vel_xy_l2: -0.1082
          Episode_Reward/dof_torques_l2: -0.0754
              Episode_Reward/dof_acc_l2: -0.1374
          Episode_Reward/action_rate_l2: -0.0875
           Episode_Reward/feet_air_time: -0.0274
     Episode_Reward/flat_orientation_l2: 0.0000
          Episode_Reward/dof_pos_limits: 0.0000
              Curriculum/terrain_levels: 0.8803
     Metrics/base_velocity/error_vel_xy: 1.2464
    Metrics/base_velocity/error_vel_yaw: 0.4639
           Episode_Termination/time_out: 0.9231
       Episode_Termination/base_contact: 0.0769
--------------------------------------------------------------------------------
                         Iteration time: 300.31s
                           Time elapsed: 15:43:01
                                    ETA: 00:47:26

################################################################################
[1m                          Learning iteration 388/1000                           [0m 

                            Total steps: 38240256 
                       Steps per second: 329 
                        Collection time: 298.145s 
                          Learning time: 0.481s 
                        Mean value loss: 0.0212
                    Mean surrogate loss: -0.0062
                      Mean entropy loss: 9.5715
                            Mean reward: 15.87
                    Mean episode length: 962.93
                        Mean action std: 0.55
    Episode_Reward/track_lin_vel_xy_exp: 0.7121
     Episode_Reward/track_ang_vel_z_exp: 0.5618
            Episode_Reward/lin_vel_z_l2: -0.0306
           Episode_Reward/ang_vel_xy_l2: -0.1109
          Episode_Reward/dof_torques_l2: -0.0774
              Episode_Reward/dof_acc_l2: -0.1455
          Episode_Reward/action_rate_l2: -0.0908
           Episode_Reward/feet_air_time: -0.0279
     Episode_Reward/flat_orientation_l2: 0.0000
          Episode_Reward/dof_pos_limits: 0.0000
              Curriculum/terrain_levels: 0.8853
     Metrics/base_velocity/error_vel_xy: 1.3445
    Metrics/base_velocity/error_vel_yaw: 0.4564
           Episode_Termination/time_out: 0.9229
       Episode_Termination/base_contact: 0.0771
--------------------------------------------------------------------------------
                         Iteration time: 298.63s
                           Time elapsed: 15:47:59
                                    ETA: 00:49:00

