alive_s,ap_hrel,ap_speed,ap_tilt,ap_vz_rms,arm,case,ed_rise,ed_speed_min,ed_tilt_max,ed_vx_mean,ed_vz_max,env,pre_speed,reached_edge,seed,steps
19.98,0.31366945389279705,0.45822073129535135,5.6096917341476855,0.2048130188635997,server_A043_s42,stairs_10_down,0.09872674942016602,0.2385053814842704,14.99005081587154,0.46909104267756147,0.4573404788970947,0,0.4733685998117699,True,101,7
19.98,0.29449784258071754,0.4822225244447361,9.411462612665636,0.30083045017481935,server_A043_s42,stairs_10_down,0.20490306615829468,0.10293806444789493,23.655695866302544,0.3627070100605488,0.6091982126235962,1,0.40856752672104696,True,101,7
19.98,0.3381946583737664,0.46035577864592947,5.763544383883434,0.1628761919470892,server_A043_s42,stairs_10_down,0.11926519870758057,0.30220303658929265,17.83166069535229,0.4742563517888387,0.6144784390926361,2,0.42987656124880785,True,101,6
19.98,0.29282659740052763,0.42245089303492733,7.7115360575719425,0.2937140727610024,server_A043_s42,stairs_10_down,0.1199975311756134,0.13961832680920955,20.075182594112224,0.41176031465331714,0.655113160610199,3,0.47896306144499334,True,101,7
19.98,0.3230937649716031,0.48919505939793567,4.30290855027643,0.19030237858639978,server_A043_s42,stairs_10_down,0.0723491907119751,0.29061378363475127,23.94138057657614,0.46029434363047284,0.5374424159526825,4,0.513855370317399,True,101,6
19.98,0.3611495543562155,0.409460093914366,3.9768501895676285,0.1296034745048929,server_A043_s42,stairs_10_down,0.09613475203514099,0.14902262373251413,20.07380955834843,0.40693792174259824,0.5553737282752991,5,0.5365338685100568,True,101,6
19.98,0.38011749365272374,0.4462480860647196,4.53359049608059,0.11946321855294482,server_A043_s42,stairs_10_down,0.07758724689483643,0.22002931042226842,18.640657974767443,0.40692799776792526,0.5277574062347412,6,0.5046370438823773,True,101,1
19.98,0.3709138007501867,0.4508541725304557,4.666865098799061,0.12264229621266404,server_A043_s42,stairs_10_down,0.06689459085464478,0.31470726422210843,18.172100744904544,0.481519318819046,0.5661353468894958,7,0.4694079230763624,True,101,7
19.98,0.35143502523236103,0.4799397329457418,5.525047626084472,0.18513216180305167,server_A043_s42,stairs_10_down,0.07588827610015869,0.19137085255320435,16.693853330573425,0.42993204077084857,0.5345545709133148,8,0.5264984821743265,True,101,7
19.98,0.37172166290130215,0.45526814161322027,6.156673649351169,0.15753854662118819,server_A043_s42,stairs_10_down,0.12873126566410065,0.2581873686975691,22.404377527180976,0.48512074569861097,0.6365075707435608,9,0.5150275922439859,True,101,7
19.98,0.3379445916366449,0.4896516343336581,3.8618549097636685,0.11732391937348578,server_A043_s42,stairs_10_down,0.08385089039802551,0.07406878513573806,18.862149795077656,0.3899555402373274,0.5935050547122955,10,0.4875552769115716,True,101,6
19.98,0.2552995500223522,0.35942057361185076,9.766853060432982,0.23363931054901554,server_A043_s42,stairs_10_down,0.03161531686782837,0.025362759303355194,17.238559287053924,0.3112100974097848,0.5535617470741272,11,0.43904362194340335,True,101,7
19.98,0.3000081089059299,0.4657051385655134,6.289012109402722,0.2245947748785727,server_A043_s42,stairs_10_down,0.08676621317863464,0.3220287025045713,17.758937569569017,0.4635870925585429,0.4697971045970917,12,0.46237913302437533,True,101,6
19.98,0.2890427663428261,0.45525653189099413,7.200600729026363,0.26947202326386577,server_A043_s42,stairs_10_down,0.0802818238735199,0.2556421364132063,20.33928128845513,0.4286985623836517,0.5744084715843201,13,0.47545564747279045,True,101,3
19.98,0.28356364144600016,0.45433973816213125,9.392978764554142,0.27270315115294724,server_A043_s42,stairs_10_down,0.2129930704832077,0.1901371003898594,20.745135517263527,0.4588509271542231,0.6556812673807144,14,0.3236035447596733,True,101,6
19.98,0.3736267956294478,0.45683028817898014,5.298449719105695,0.1436456879477308,server_A043_s42,stairs_10_down,0.07839775085449219,0.29577916040511204,17.283652437159905,0.4958487435181936,0.4657961428165436,15,0.5115544620764605,True,101,7
19.98,0.35799142542529233,0.3975023405768662,4.405308571659951,0.15542332216066365,server_A043_s42,stairs_10_down,0.09300801157951355,0.165002067676091,18.45824644081573,0.39324228664239247,0.5727902054786682,16,0.4987733431477273,True,101,7
19.98,0.29118171703847334,0.45008237592430744,8.131533602382934,0.2891146689025643,server_A043_s42,stairs_10_down,0.09828141331672668,0.006601267687523678,21.445885562619385,0.40534957418839135,0.5484059453010559,17,0.4930229075856434,True,101,7
19.98,0.27409914536112767,0.4533305531017558,7.063094068198366,0.2666288005483814,server_A043_s42,stairs_10_down,0.10071156919002533,0.019081192247651018,20.89260115969417,0.4290246236821016,0.5545169115066528,18,0.5213685089104242,True,101,6
19.98,0.3415120722982972,0.4722735624068537,6.255195077359022,0.20975017404026672,server_A043_s42,stairs_10_down,0.04465338587760925,0.14988362066043312,19.457004796043453,0.4070522585014502,0.5263619124889374,19,0.4557026818544063,True,101,7
19.98,0.36307072884896224,0.44171779104935766,3.649725411859637,0.13067087811152134,server_A043_s42,stairs_10_down,0.13501255214214325,0.260599561122816,21.826572687291424,0.48595849275588987,0.6278008222579956,20,0.5130037350803557,True,101,7
19.98,0.3282770786518082,0.4683391723994187,4.975166904749531,0.20809349833392937,server_A043_s42,stairs_10_down,0.05612307786941528,0.02467726846036581,22.533882603839857,0.39120679336289566,0.6900608539581299,21,0.4038878925145748,True,101,6
19.98,0.3216275690009887,0.47819154441505196,4.809729942035481,0.2128988540801861,server_A043_s42,stairs_10_down,0.09568870067596436,0.21001058222239158,20.14556441624192,0.39303699985146523,0.5805112421512604,22,0.4770540915747692,True,101,7
19.98,0.2886466301603113,0.4564363071405373,10.874424404602346,0.27631680850201884,server_A043_s42,stairs_10_down,0.1425909399986267,0.05169578726373421,19.958161253473165,0.42716462447463227,0.6228208541870117,23,0.5377959010705624,True,101,6
19.98,0.263004218759065,0.46451797558020325,8.85910610173745,0.2392507772314323,server_A043_s42,stairs_10_down,0.13544535636901855,0.31630917978734385,18.896018725892358,0.4656487802664439,0.5091100931167603,24,0.4814857912688942,True,101,7
19.98,0.356519078299961,0.49027156090784496,4.3852976294420065,0.09164854011000606,server_A043_s42,stairs_10_down,0.1024303287267685,0.306549016295325,17.40850723294814,0.47196235100428263,0.5179569125175476,25,0.4840308044537659,True,101,6
19.98,0.3252084464679427,0.46262564562536596,4.436540715908013,0.19239347035021057,server_A043_s42,stairs_10_down,0.15226730704307556,0.344882088270663,20.804858925981794,0.4904202922185262,0.616748258471489,26,0.439363261055883,True,101,6
19.98,0.2757447110730059,0.40907317474682076,7.15316491976353,0.25851250377745855,server_A043_s42,stairs_10_down,0.17411330342292786,0.1673098576947661,22.61016615830481,0.4004704154531161,0.5716517567634583,27,0.3656034342970213,True,101,7
19.98,0.27450170103241417,0.4601658402458471,8.28100440372718,0.28501216771523064,server_A043_s42,stairs_10_down,0.12442722916603088,0.04581837620972286,20.74637922166317,0.4408158104121685,0.6220068782567978,28,0.5155986814857922,True,101,7
19.98,0.2798916731862461,0.4235974098673346,6.351668568906379,0.23892032434542018,server_A043_s42,stairs_10_down,0.09333233535289764,0.03867828406008396,17.036166320710475,0.38877069686849913,0.6091438233852386,29,0.4911159273856757,True,101,6
19.98,0.37291033829597225,0.45527519314606285,4.228292550384456,0.15724440754895577,server_A043_s42,stairs_10_down,0.0659770518541336,0.15692268058365308,18.61132823162434,0.39581469640135764,0.5929432809352875,30,0.5104180828003752,True,101,6
19.98,0.30288682696972297,0.43974991138688807,5.650847094540636,0.26090704544881216,server_A043_s42,stairs_10_down,0.16678068041801453,0.36527673415717987,20.96817171044238,0.5135216776529948,0.5928978323936462,31,0.4742093859041783,True,101,7
19.98,0.2967697615674473,0.5107735214721658,5.767517428249108,0.16697617090089587,server_A043_s42,stairs_15_down,0.0007842183113098145,0.030204759273148418,22.806187694951905,0.3363721908132235,0.38334131240844727,0,0.49064852133643233,True,101,6
19.98,0.2782534795202673,0.42415648084315316,12.492704827174084,0.29561868097394817,server_A043_s42,stairs_15_down,0.20130056142807007,0.062140600641624126,24.395928107029917,0.2762115702033043,0.5865722894668579,1,0.4233611153116111,True,101,6
19.98,0.3273014118996533,0.45386729361831535,4.673096009211578,0.1656601086258976,server_A043_s42,stairs_15_down,0.1236448884010315,0.062465262730796646,26.87592453568582,0.3693557150413593,0.5535945296287537,2,0.4539649946657758,True,101,6
19.98,0.2625098574512145,0.41508881156271593,9.500705947235671,0.29156064391232395,server_A043_s42,stairs_15_down,0.17018643021583557,0.007823444713473307,28.3021879347332,0.3768266068433877,0.6458505988121033,3,0.44904664132295957,True,101,6
6.98,0.2991919577249231,0.4593453780928256,4.473464004848555,0.18363355336951864,server_A043_s42,stairs_15_down,0.10762202739715576,0.04635460280214678,26.333274075427312,0.3670563769092162,0.6118819117546082,4,0.5187920808067862,True,101,3
19.98,0.34811267136252494,0.44853165805757106,4.298424688584209,0.20022710487469214,server_A043_s42,stairs_15_down,0.1178278923034668,0.044403316976969226,29.172801525965102,0.36470652982592583,0.6108835339546204,5,0.5159424555389173,True,101,3
19.98,0.37528271470159136,0.4402947573423562,5.027461275782598,0.12781963408445798,server_A043_s42,stairs_15_down,0.05237853527069092,0.21068966428585517,24.071356910376497,0.3238555956631899,0.5107507109642029,6,0.5456924841187691,True,101,6
11.92,0.37287602381910223,0.4336113656772033,4.613092190700042,0.13338889688769318,server_A043_s42,stairs_15_down,0.12129950523376465,0.2973619547248103,18.31564803770571,0.4430609893798828,0.629018247127533,7,0.4765857692584652,True,101,6
19.98,0.33607844553210514,0.47877719702801935,4.86871635723011,0.1594907163114044,server_A043_s42,stairs_15_down,0.13420480489730835,0.04499885673450424,27.799012116553136,0.3494656515618165,0.671425461769104,8,0.5136255830784112,True,101,2
14.08,0.36381083075056736,0.4513736740861074,6.144519448297908,0.1617150060642626,server_A043_s42,stairs_15_down,0.1322486400604248,0.06869738924714258,30.575039882957128,0.3574387740592162,0.6953001022338867,9,0.5174091588978691,True,101,6
19.98,0.3377185734899286,0.4925702755192627,3.5982525019580613,0.12221177062180595,server_A043_s42,stairs_15_down,0.14233672618865967,0.03656751695538447,26.581893460885677,0.3443640305598577,0.5744308233261108,10,0.49872977598270063,True,101,7
10.72,0.24145459420540757,0.40345604458137596,10.653179909851087,0.319145419456848,server_A043_s42,stairs_15_down,0.2747892141342163,0.20375978784270554,26.780823587271094,0.4631637215614319,0.6592020392417908,11,0.1839872751341807,True,101,5
6.18,0.29549535232431745,0.45492048190321777,7.674987641621051,0.22362520230310157,server_A043_s42,stairs_15_down,0.09570550918579102,0.26034956250867813,18.163415153250227,0.47067330638567606,0.5136936902999878,12,0.4954216823635862,True,101,1
19.98,0.26817069659258586,0.4208080579614852,7.456369456618968,0.27332858879385064,server_A043_s42,stairs_15_down,0.13679760694503784,0.03210146415078964,28.377554424886775,0.34561529755592346,0.6460398435592651,13,0.5161813584320194,True,101,5
19.98,0.2549569134183109,0.4229129584487975,12.238626253202964,0.2859561967531258,server_A043_s42,stairs_15_down,0.2018337845802307,0.01679117827280139,24.878954121127595,0.23539251159876584,0.5897834897041321,14,0.3907899439671654,True,101,7
19.98,0.36887326364211226,0.3994173266936902,5.091081356398947,0.13799725137888824,server_A043_s42,stairs_15_down,0.026449203491210938,0.03564036593144949,16.832934170896355,0.30589903229226667,0.6310492753982544,15,0.44698619478481705,True,101,5
19.98,0.32993323452013695,0.432959519124513,4.365739390021346,0.18626374462874398,server_A043_s42,stairs_15_down,0.04515480995178223,0.17692482612360205,19.57272191072887,0.30388368169466656,0.5185887217521667,16,0.5323797902457852,True,101,1
19.98,0.250324745458715,0.3516528113037624,8.39283258719409,0.2690350811592162,server_A043_s42,stairs_15_down,0.0690237283706665,0.029791961222904114,20.74654311537763,0.2474728880574306,0.6160691380500793,17,0.467321505306448,True,101,3
19.98,0.2449877573940206,0.3886400963227023,8.477266969528552,0.2030661254711353,server_A043_s42,stairs_15_down,0.1265171766281128,0.019832319513899962,25.148922433551693,0.2510192204515139,0.4613950848579407,18,0.5361821392895354,True,101,1
19.98,0.32055827773828555,0.43828538790343385,6.158286091715227,0.19400657100698424,server_A043_s42,stairs_15_down,0.01825892925262451,0.00403181030650621,16.50782359483779,0.22072347429736208,0.4983648657798767,19,0.5212505240567264,True,101,0
19.36,0.3618360778482203,0.4278571815668434,3.626706126295686,0.14694286766080222,server_A043_s42,stairs_15_down,0.1952745020389557,0.22929118388310027,26.56665614478123,0.45286797821521757,0.6058096885681152,20,0.48220417801365606,True,101,6
19.98,0.3021077456863169,0.44701382309535864,5.920525155978878,0.21960598817400934,server_A043_s42,stairs_15_down,0.07168608903884888,0.012495060522874411,19.65966640522216,0.38665066690494615,0.6309166550636292,21,0.45980954552013675,True,101,1
19.98,0.30262360478786227,0.4580933944644887,4.542315435361138,0.1992048115955733,server_A043_s42,stairs_15_down,0.0007624030113220215,0.10943913441061184,22.550692380670387,0.3049024263521036,0.5511805415153503,22,0.47022039797960064,True,101,6
19.98,0.2644476281767861,0.4624764011248326,12.273039523152422,0.3252097207912455,server_A043_s42,stairs_15_down,0.29698505997657776,0.12505504068225468,25.797053409994124,0.5204063605268796,0.7104411721229553,23,0.3081537740033919,True,101,6
19.98,0.19923453757150925,0.28907339402384413,8.267353859990894,0.18995294617411984,server_A043_s42,stairs_15_down,0.03961455821990967,0.0015294956833327726,14.511603920576583,0.07967718539138635,0.2849280834197998,24,0.5036689303972612,True,101,2
19.98,0.35163692009002767,0.46602517536933713,4.549563792055913,0.10875080649785374,server_A043_s42,stairs_15_down,0.010248422622680664,0.008138208663247994,16.902504103467184,0.18077284549673397,0.2245500683784485,25,0.5105575344146701,True,101,4
19.98,0.3042744940678704,0.443277003483958,5.550607424591652,0.18119269894922704,server_A043_s42,stairs_15_down,0.03873187303543091,0.039300848039144735,26.246677350788612,0.1994777435809374,0.49265623092651367,26,0.5187276859456166,True,101,6
19.98,0.26297218747317475,0.4209720897791528,11.846899039620745,0.27615140874201455,server_A043_s42,stairs_15_down,0.19414621591567993,0.017588456492294652,23.26382620307231,0.2910773154348135,0.5372703075408936,27,0.4266673438430695,True,101,1
8.96,0.24926536267135238,0.4056885057211987,10.516210185655439,0.268401595299332,server_A043_s42,stairs_15_down,0.1150175929069519,0.10086183613912125,24.967669394336856,0.29076484362284344,0.5590885877609253,28,0.5259023550834319,True,101,3
19.98,0.2531317160505662,0.46510917805747387,6.706665076161618,0.2571782257753591,server_A043_s42,stairs_15_down,0.09533858299255371,0.16365570026120785,26.529291953500458,0.3697665055592855,0.6638005375862122,29,0.48129471794826023,True,101,0
19.98,0.3652513772727334,0.45353721987210593,4.134296589816665,0.16309928987621766,server_A043_s42,stairs_15_down,0.11367219686508179,0.17711882905606857,26.743258661569335,0.3715764973064264,0.6529122591018677,30,0.5044582455333999,True,101,6
19.98,0.27737489506522606,0.4121674971914825,6.46295581782556,0.2541095010017007,server_A043_s42,stairs_15_down,0.20178794860839844,0.01946840728965101,29.81761072283685,0.4262786548336347,0.6579816341400146,31,0.5129021907130249,True,101,4
19.98,0.2523495548732459,0.4485521259269685,9.725669055504087,0.3293680592166183,server_A043_s42,stairs_10_down,0.21221153438091278,0.3512727623328392,21.318296886793625,0.5162163889408111,0.6075739860534668,0,0.34416366477669813,True,202,7
19.98,0.26670792056596215,0.43207618241713563,12.978118696189043,0.311772612137747,server_A043_s42,stairs_10_down,0.31059426814317703,0.3411508164778878,21.492194819405128,0.5264659714698792,0.6689921021461487,1,0.20124670264085912,True,202,7
19.98,0.3673616078416294,0.4806723905079649,5.276051889492274,0.13510315549011342,server_A043_s42,stairs_10_down,0.077347531914711,0.011665119703664881,20.814068091302225,0.39149953161676726,0.5894824862480164,2,0.449158199784329,True,202,7
19.98,0.28612644208067245,0.46810514168902917,9.05481141057253,0.29572896317889263,server_A043_s42,stairs_10_down,0.1279703676700592,0.04622246862007212,23.532249838200002,0.4595391803483168,0.6214313209056854,3,0.48237245300788734,True,202,7
19.98,0.3692243167295813,0.5024249670674933,5.460096548550901,0.1452214249444122,server_A043_s42,stairs_10_down,0.05123916268348694,0.03662717596208656,20.40564637273024,0.4523328401645025,0.637807697057724,4,0.5135033287610744,True,202,7
19.98,0.29047396891416716,0.46175269194528357,8.150640620544669,0.23941587327169173,server_A043_s42,stairs_10_down,0.15365010499954224,0.2600664360160055,19.860853749527667,0.4659303108851115,0.5522385239601135,5,0.48771663275499927,True,202,7
19.98,0.2807760992327476,0.4157741632783857,6.150706305028137,0.24118376976544229,server_A043_s42,stairs_10_down,0.015294462442398071,0.024854966567858537,14.91031911105401,0.33948826861878234,0.5940459668636322,6,0.5060022490167233,True,202,6
19.98,0.28617084807412513,0.46208495265589306,10.403033606957655,0.3073208879012053,server_A043_s42,stairs_10_down,0.1531216949224472,0.1396872395378091,22.50860548369744,0.4613900675376256,0.5879044532775879,7,0.45199411142613466,True,202,7
19.98,0.3213592100382489,0.4733033526815035,4.580444358608332,0.18992888345761577,server_A043_s42,stairs_10_down,0.004280596971511841,0.005499619869986705,16.263184844419484,0.17630910756376883,0.19570887088775635,8,0.515949384356048,True,202,7
19.98,0.27035896572837215,0.43386793738954343,8.169777072473885,0.2897732846116379,server_A043_s42,stairs_10_down,0.10152943432331085,0.012440338800423521,23.187080785092586,0.4135934268372754,0.6405733525753021,9,0.41980818058735636,True,202,7
19.98,0.36894249767065057,0.48921446792549406,5.726300069602635,0.1458483021420943,server_A043_s42,stairs_10_down,0.06940370798110962,0.1237634731959845,20.74263825211106,0.3420040472100178,0.6402947008609772,10,0.5161877011289824,True,202,1
19.98,0.36051275539685057,0.4907978256327948,4.9231044551442125,0.12335474941911966,server_A043_s42,stairs_10_down,0.009576737880706787,0.039767908663001325,17.71828261019432,0.4141666037961841,0.689917802810669,11,0.4718965215047251,True,202,6
19.98,0.32836274048383224,0.4832646610767767,4.564712897263304,0.16068197661600264,server_A043_s42,stairs_10_down,0.022360116243362427,0.33937758312794875,9.8972177157797,0.5017108750343323,0.39617717266082764,12,0.4428453347363467,True,202,7
19.98,0.35403316551351294,0.4816663800898333,4.714128451898371,0.18016092971607517,server_A043_s42,stairs_10_down,0.06267520785331726,0.18551284654463768,18.10303082251873,0.42828673919041954,0.47402605414390564,13,0.5433605850648519,True,202,7
19.98,0.336445568356922,0.4859000547329915,4.383757585706444,0.14932408826175364,server_A043_s42,stairs_10_down,0.08043472468852997,0.3706216802654684,18.02885076077032,0.4988066454728444,0.4791431128978729,14,0.5029520088287897,True,202,7
19.98,0.3475552501876086,0.47743147374976985,4.2956979080607125,0.13895716132537367,server_A043_s42,stairs_10_down,0.059329092502593994,0.20025195639880486,21.91938659107051,0.44901806314786274,0.5620039999485016,15,0.4448996553183373,True,202,6
19.98,0.31290677451035553,0.45027314511205274,7.3003421051400865,0.28457734279596625,server_A043_s42,stairs_10_down,0.09450814127922058,0.090711210709014,22.864117772757485,0.3899878095587095,0.6469748914241791,16,0.5214195818600615,True,202,7
19.98,0.29338359563586547,0.4819710374077543,6.724016133229273,0.2400926756295167,server_A043_s42,stairs_10_down,0.13056747615337372,0.2624603762150593,23.347796872627477,0.46597920775413515,0.6332986056804657,17,0.4967715189968014,True,202,7
19.98,0.3156301111875371,0.44381143139955936,5.254253476645339,0.22503085359578556,server_A043_s42,stairs_10_down,0.07517746090888977,0.053862858540656484,20.392507510101648,0.39903456673026083,0.575033575296402,18,0.5346045737614281,True,202,7
19.98,0.28731951582479603,0.4816879964101654,7.799257799285839,0.2899321566015709,server_A043_s42,stairs_10_down,0.18038973212242126,0.07980877366908914,21.981621165618854,0.4547994229694208,0.6541259586811066,19,0.5288325607270999,True,202,7
19.98,0.3424104419350624,0.49158977535685316,4.513957214419248,0.12574957085777724,server_A043_s42,stairs_10_down,0.01823335886001587,0.16106082033831223,16.24251442429621,0.38346080203851063,0.5866475403308868,20,0.506615562395319,True,202,7
19.98,0.35877076577056544,0.48990796384288104,4.61071064932845,0.1513232240468312,server_A043_s42,stairs_10_down,0.0735187828540802,0.13710951270274513,17.425644021450506,0.3302285690108935,0.493428111076355,21,0.4865616962194032,True,202,7
19.98,0.2258328790922854,0.30398505578404006,8.088554437304714,0.2542752544886959,server_A043_s42,stairs_10_down,0.03246143460273743,0.003931463431172669,17.566466662468287,0.23317698383393387,0.5495421588420868,22,0.46677392342743274,True,202,7
19.98,0.32330785288052133,0.4775093971547168,4.807599820364972,0.14881623684456508,server_A043_s42,stairs_10_down,0.08725473284721375,0.26058369850709673,20.547103617357205,0.458431795835495,0.5794554948806763,23,0.49437196033604314,True,202,7
19.98,0.2643017051436684,0.41576786317952513,7.599812003751525,0.23244165600003414,server_A043_s42,stairs_10_down,0.015819817781448364,0.01886984869284139,18.72162622955777,0.3180374139795701,0.6318114697933197,24,0.5180549246427302,True,202,7
19.98,0.26093940361298346,0.4667925143583681,9.0025434215138,0.27582753321910614,server_A043_s42,stairs_10_down,0.1698630303144455,0.1714533468418452,18.910470929108314,0.419381430943807,0.5435310304164886,25,0.3836987364851886,True,202,7
19.98,0.30456254384893783,0.44391275234782673,7.578223673710398,0.26153551213599846,server_A043_s42,stairs_10_down,0.0840066522359848,0.0874779073858321,19.18052329812781,0.3540038651724656,0.5703262984752655,26,0.4957834271367436,True,202,6
19.98,0.3565579326395044,0.47004102004423537,4.736588220725887,0.11135486183798243,server_A043_s42,stairs_10_down,0.07340565323829651,0.1910178945739265,20.24430300596414,0.40358595793445906,0.5550317466259003,27,0.4796654312082997,True,202,7
19.98,0.36222203370880957,0.4455155793191836,4.4344706917414785,0.13576325075438084,server_A043_s42,stairs_10_down,0.13134627044200897,0.0891379027807036,20.478141676617938,0.5087564145525296,0.6133858114480972,28,0.44419654136982295,True,202,7
19.98,0.28947695012398583,0.4620071974697925,7.342492072654263,0.27951878520758217,server_A043_s42,stairs_10_down,0.1653849333524704,0.041087615336603524,20.568616140922998,0.48251748363176983,0.5587927997112274,29,0.4763160029490473,True,202,7
19.98,0.3234473770075941,0.46368090199716067,5.037010968328449,0.19064123472120956,server_A043_s42,stairs_10_down,0.07972761988639832,0.05030010727896904,20.228920667513215,0.40091907342274985,0.5720637738704681,30,0.4935887700100619,True,202,7
19.98,0.28900557603428073,0.46212980014251587,6.055881097020148,0.2513325287551612,server_A043_s42,stairs_10_down,0.11790308356285095,0.12713546665851946,18.638168334058843,0.3389174052079519,0.5770742893218994,31,0.5293196588009126,True,202,6
6.38,0.23547357246200032,0.3984235776328782,13.735107091977314,0.3009059806691155,server_A043_s42,stairs_15_down,0.3428831398487091,0.2285404402385364,27.70319644796843,0.462731841802597,0.6711743772029877,0,0.29547569305135424,True,202,4
19.98,0.23524360467724623,0.42780595117514764,14.906299999604757,0.34082373165234725,server_A043_s42,stairs_15_down,0.3826151192188263,0.20343862276791372,30.50405406988018,0.4618783231576284,0.6698682904243469,1,0.2999514822669078,True,202,6
19.98,0.3594303299877095,0.477114747427322,5.236495088416418,0.1447233221836476,server_A043_s42,stairs_15_down,0.19332870841026306,0.28391407765371734,28.255058788585735,0.46381020108858745,0.6427720189094543,2,0.47227637441883397,True,202,4
19.98,0.2713827675357859,0.45484888294916276,10.72614834757679,0.307586071626978,server_A043_s42,stairs_15_down,0.21219468116760254,0.07519896877697456,28.89479491221626,0.4465728895862897,0.7166452705860138,3,0.45518922319944105,True,202,7
19.98,0.35913929757268676,0.5073849628558992,5.553407786907822,0.1565317752989609,server_A043_s42,stairs_15_down,0.10726773738861084,0.027431728392829077,27.866357097975087,0.4079974438995123,0.6139785051345825,4,0.5055035980060334,True,202,6
15.98,0.2258441608825469,0.3103902505607224,7.667896421181904,0.17027995462954226,server_A043_s42,stairs_15_down,0.03083932399749756,0.0014574184538783267,15.926215345580106,0.08542703502656271,0.22803694009780884,5,0.5238270524160373,True,202,2
19.98,0.2525484174011862,0.3925142432302801,6.499136181921974,0.1867474531794451,server_A043_s42,stairs_15_down,0.03551071882247925,0.019349170416209493,25.306234142697292,0.2459443665544192,0.4901275038719177,6,0.5227712101523767,True,202,2
19.98,0.2596081537135782,0.4299081343508388,13.054805829842044,0.2945009610685725,server_A043_s42,stairs_15_down,0.21055558323860168,0.1464892689321802,26.50386558339608,0.43496932566165925,0.5741924047470093,7,0.3388733362631909,True,202,5
5.04,0.3054298004077717,0.46614841325344003,4.667487054940221,0.16639755753987476,server_A043_s42,stairs_15_down,0.05087387561798096,0.050948813227317195,17.52718263975754,0.2622107627987862,0.4911080002784729,8,0.47766736434593665,True,202,0
19.98,0.26888703629613564,0.4468469584720738,11.477257266372153,0.2820779429312535,server_A043_s42,stairs_15_down,0.26620665192604065,0.021864686031490825,26.792508585461334,0.4665885081142187,0.7221058011054993,9,0.48822224148693244,True,202,6
19.98,0.3611763640457297,0.4825491831516809,5.570321206747277,0.1565119459669304,server_A043_s42,stairs_15_down,0.12764936685562134,0.08720229749722296,26.428309716519948,0.3864980573703845,0.5630850791931152,10,0.5050295279756574,True,202,1
19.98,0.34881859886455024,0.4543986720111252,4.831620110445707,0.15948516492808887,server_A043_s42,stairs_15_down,0.13104605674743652,0.07975921162812513,27.041508495132483,0.3865878494704763,0.5633324384689331,11,0.48434818920915906,True,202,1
5.62,0.30596596154618394,0.47214267355138084,4.6236894926381185,0.17071345271828536,server_A043_s42,stairs_15_down,0.05470895767211914,0.08635183317241887,20.430657386834202,0.32742796262105306,0.48080533742904663,12,0.4493746920542513,True,202,0
19.98,0.33792292369878224,0.46488872872223524,4.54897395169534,0.1820166773788742,server_A043_s42,stairs_15_down,0.1310192346572876,0.15631585533087528,25.120612649721156,0.4021346898873647,0.6417259573936462,13,0.5098220219638544,True,202,3
19.98,0.3244114533911414,0.4816459426403646,4.377570304504977,0.18753117526380497,server_A043_s42,stairs_15_down,0.1039050817489624,0.06554432081139863,27.472683977386392,0.38404661272962887,0.6493508815765381,14,0.482395037226351,True,202,1
19.98,0.3409890065250549,0.4926586635457905,4.68317805827421,0.1408372436439739,server_A043_s42,stairs_15_down,0.054966092109680176,0.026955187171733782,20.566934427505668,0.32742035436133543,0.5434706807136536,15,0.5163058030355981,True,202,4
19.98,0.29742869083894125,0.46853617883126697,6.82141668710487,0.258705502773779,server_A043_s42,stairs_15_down,0.21790847182273865,0.13814530813934806,26.926050825302507,0.45409625947475435,0.6227090954780579,16,0.4840676023965155,True,202,6
19.98,0.27800835196347157,0.44180403979474003,7.528037429126957,0.24359607973517525,server_A043_s42,stairs_15_down,0.1585787534713745,0.134690405756258,28.718282896566976,0.41083050549030303,0.661875307559967,17,0.4835638878899172,True,202,1
19.98,0.29308946020781673,0.4434640376722544,5.193013924273141,0.20508735459243496,server_A043_s42,stairs_15_down,0.11254453659057617,0.0157526776007395,27.138489227808765,0.3041049268220862,0.5868285894393921,18,0.5371257371204178,True,202,3
19.98,0.27720678576173635,0.4763105412428825,10.449397906553381,0.2909688683689916,server_A043_s42,stairs_15_down,0.2729310095310211,0.04450643205554663,26.45690042191921,0.4739757095153133,0.6123937666416168,19,0.5384410695118578,True,202,6
19.98,0.3323702463619212,0.4906743594414427,4.446655715110037,0.12899192529138828,server_A043_s42,stairs_15_down,0.025776684284210205,0.015232667976667133,15.433232212014707,0.22561773451666037,0.5181625485420227,20,0.5084474959855553,True,202,0
19.98,0.34990901044027045,0.47486362804037197,4.793276960075907,0.13552511516786084,server_A043_s42,stairs_15_down,0.04088878631591797,0.17258072801165936,16.933099183337866,0.30711615274349846,0.3965526819229126,21,0.5141088801864135,True,202,6
7.66,0.2535614016572422,0.4289304701350317,14.042044999588356,0.30249491703198506,server_A043_s42,stairs_15_down,0.26411932706832886,0.16789737746544342,27.47109233618564,0.4682697876294454,0.597265362739563,22,0.3160892185393321,True,202,5
19.98,0.30798934820501567,0.48386764131952026,4.639315563217692,0.1593891639150699,server_A043_s42,stairs_15_down,0.10965991020202637,0.11264314809314847,27.190828419399704,0.39354796849191187,0.6798774003982544,23,0.4898397400694453,True,202,6
19.98,0.24765034647867645,0.4204439443900207,8.205463959229114,0.28511649440824033,server_A043_s42,stairs_15_down,0.17230460047721863,0.02419060669660584,21.505939583019032,0.4217180834710598,0.6543293595314026,24,0.5073321232918951,True,202,6
6.44,0.2466603205133887,0.4179915334575615,11.11063441513221,0.27096018019063883,server_A043_s42,stairs_15_down,0.21064335107803345,0.02254973845515669,23.460485817592204,0.32898299184938273,0.5361795425415039,25,0.320673209315422,True,202,1
19.98,0.2899251433426046,0.48123255636552714,9.376939106397792,0.2943580125048036,server_A043_s42,stairs_15_down,0.25489524006843567,0.019645860277410908,35.42257958893192,0.4261193938801686,0.7191352546215057,26,0.4936688359562434,True,202,6
19.98,0.3424467925432531,0.47294934724459053,4.288987498594213,0.1360930180590177,server_A043_s42,stairs_15_down,0.09424227476119995,0.1250349695420765,19.243757195053476,0.3615226615468661,0.5791783332824707,27,0.47161134556379075,True,202,4
19.98,0.35311366745494893,0.4884762991938543,4.712921467968917,0.14151660870598265,server_A043_s42,stairs_15_down,0.12698370218276978,0.10319591615097815,25.58665596076571,0.3576018566886584,0.6261155009269714,28,0.49298405983968396,True,202,6
19.98,0.26164577137977685,0.44254145177380527,9.566150531483018,0.28497396091871463,server_A043_s42,stairs_15_down,0.18711835145950317,0.037876011876308124,29.139336851766323,0.39932674483085673,0.6147384643554688,29,0.4770392158556369,True,202,3
19.98,0.30317994061000847,0.41914168405800767,5.2359411293895,0.1930261582662073,server_A043_s42,stairs_15_down,0.12423408031463623,0.019140002086216256,26.522478619247757,0.37506610271831353,0.565040111541748,30,0.4940371209515662,True,202,6
19.98,0.27836000561714175,0.4331294719200038,6.563568115624587,0.17799553384918138,server_A043_s42,stairs_15_down,0.05343681573867798,0.106385394779787,20.580938212454647,0.2116918515165647,0.5490735173225403,31,0.5470080048406587,True,202,0
19.98,0.33706871569316016,0.49278519404403004,5.525363499813877,0.21235055770877465,server_A043_s42,stairs_10_down,0.11362011730670929,0.3672282754629176,19.76197555571718,0.5044930346806844,0.5337618291378021,0,0.5341710102069587,True,303,7
19.98,0.3285989963323037,0.4811802658847536,5.646146083963633,0.18901267197370866,server_A043_s42,stairs_10_down,0.10394023358821869,0.37048365154623497,15.54803163808756,0.5050975859165192,0.42649582028388977,1,0.48845164248202677,True,303,6
19.98,0.30368414570622265,0.4278579535001489,7.2786267877961155,0.24585961889516275,server_A043_s42,stairs_10_down,0.12285752594470978,0.11470646926367795,19.31563163253286,0.4149730008840561,0.5446471273899078,2,0.4938244352011409,True,303,7
19.98,0.3672902731971945,0.3997820453587469,4.459383343557698,0.13335666840243943,server_A043_s42,stairs_10_down,0.098990797996521,0.27754181213748363,17.765374462252375,0.4702410129706065,0.40170028805732727,3,0.47653420084947873,True,303,6
19.98,0.31084086885586143,0.4918937826641587,6.841630593784782,0.2241406011369407,server_A043_s42,stairs_10_down,0.12911608815193176,0.2550848194227036,20.73575241080891,0.4935872264703115,0.4652060568332672,4,0.46651053217535754,True,303,6
19.98,0.3300867061532118,0.5057826467325021,6.593105089021623,0.19563937285606786,server_A043_s42,stairs_10_down,0.06924906373023987,0.36944570129776294,15.348124826051224,0.5027299273014069,0.3920651972293854,5,0.5137730349624862,True,303,7
19.98,0.3093312927459013,0.4716257822818158,7.000064862307632,0.23166142859978076,server_A043_s42,stairs_10_down,0.09314724802970886,0.18410390214376046,19.207686623687437,0.396878332644701,0.5631811916828156,6,0.5286686802341068,True,303,6
19.98,0.3683102000715897,0.5143463110352532,5.634925899416249,0.138834953910289,server_A043_s42,stairs_10_down,0.0810997486114502,0.14340299487550315,18.393451097562124,0.4180421433846156,0.5703188478946686,7,0.499526806848355,True,303,7
19.98,0.31167377332713514,0.48454555459694126,10.117687872127938,0.24567425433027948,server_A043_s42,stairs_10_down,0.19518278539180756,0.2830410326966495,19.71665548749145,0.4957428403695424,0.4475601017475128,8,0.4919372837125225,True,303,6
19.98,0.3503872088968435,0.4493532012662202,7.453765460997755,0.15907782782395635,server_A043_s42,stairs_10_down,0.16886581480503082,0.35150312391338845,16.912508866186947,0.5128202335039774,0.3707055002450943,9,0.47836303946418374,True,303,7
19.98,0.28021330877899486,0.4484917846753999,8.921722547589008,0.27404397615823456,server_A043_s42,stairs_10_down,0.20559433102607727,0.3374970232479413,18.992313524280707,0.5170909146467845,0.5348667502403259,10,0.29615859683861473,True,303,6
19.98,0.2808557750675129,0.4453494615234513,7.101460545161299,0.24250121049027376,server_A043_s42,stairs_10_down,0.08777640759944916,0.1751491305441554,18.223562444800585,0.39651411106189094,0.5463231354951859,11,0.494514246300914,True,303,6
19.98,0.35209997246609653,0.49567901925357044,5.779717242076451,0.18586589082974786,server_A043_s42,stairs_10_down,0.07229885458946228,0.03635695933604832,18.655183389154374,0.4366144337753455,0.5884714424610138,12,0.5053345836500699,True,303,7
19.98,0.3264783402592103,0.4099405094323614,5.809805037962301,0.2262385979560782,server_A043_s42,stairs_10_down,0.10806265473365784,0.003057007416220909,20.880464549788144,0.41862353603045144,0.5923397839069366,13,0.45125745928561733,True,303,7
19.98,0.3311797842383385,0.49125024110381127,4.490349238043654,0.15794665614215478,server_A043_s42,stairs_10_down,0.011855721473693848,0.2535107617288137,17.284755891316742,0.3512347726523876,0.40155649185180664,14,0.5242286733887552,True,303,6
19.98,0.2866900898627738,0.44067277537014055,9.506567785810763,0.30681700821703717,server_A043_s42,stairs_10_down,0.16777271032333374,0.064493171387377,23.019297457696165,0.38843594138820964,0.541812926530838,15,0.49018353359802674,True,303,7
19.98,0.26905805756223394,0.36332587158959795,6.144155451943796,0.20184546781291415,server_A043_s42,stairs_10_down,0.024371743202209473,0.005514206617506248,19.253588046584746,0.27167174140922723,0.5199849605560303,16,0.49108836262029404,True,303,6
19.98,0.3625993154807524,0.4645437675853512,4.574990604051668,0.13034137295015935,server_A043_s42,stairs_10_down,0.07126390933990479,0.13574634245807685,16.654576034374024,0.40355942741036416,0.5973272025585175,17,0.49919323583991454,True,303,2
19.98,0.252574806789504,0.4688711032502929,12.075912057361611,0.3156255042072299,server_A043_s42,stairs_10_down,0.3155057057738304,0.2972946023753209,22.68377146763212,0.5325709728399912,0.6095424294471741,18,0.3031231595072616,True,303,7
19.98,0.3243212833187797,0.48704667785283184,4.580365636610051,0.15922929447210293,server_A043_s42,stairs_10_down,0.02371901273727417,0.056599997691528375,17.200409073126494,0.37639272049069405,0.4162050783634186,19,0.48264418912039353,True,303,6
19.98,0.2388194842780019,0.44151602385923133,11.525616192154011,0.33168527884606036,server_A043_s42,stairs_10_down,0.2384515106678009,0.29383938758796224,22.439958512297594,0.49887632568677265,0.6351526826620102,20,0.2904813688834364,True,303,6
19.98,0.3686884202389794,0.42926558991179065,5.088753511123439,0.12746431284375892,server_A043_s42,stairs_10_down,0.07499423623085022,0.3617549679380503,16.092565042098265,0.49665600379308067,0.4710003733634949,21,0.4995343848791305,True,303,7
19.98,0.34360434249919997,0.4966233599165408,6.300426697888607,0.16254998523547015,server_A043_s42,stairs_10_down,0.0,0.023975037757853274,15.190399619780436,0.2828240599669516,0.24655237793922424,22,0.49441043440646276,True,303,6
19.98,0.3508621597513158,0.4534028162784906,4.831992732808578,0.13658590686423025,server_A043_s42,stairs_10_down,0.10636195540428162,0.16486678807898733,19.338889863214007,0.42815391967693966,0.5799636244773865,23,0.5197281424482967,True,303,7
19.98,0.28166867476653923,0.47195458930586204,8.3878457034063,0.3054417362741824,server_A043_s42,stairs_10_down,0.148976668715477,0.1529077878076564,21.198505899564392,0.46380066553751625,0.6070651113986969,24,0.5092599919688428,True,303,7
19.98,0.3543609757251281,0.47705884636212625,4.606700490400396,0.17318749438346753,server_A043_s42,stairs_10_down,0.023346632719039917,0.12948197120292707,18.479419054519617,0.3762115081399679,0.5912348628044128,25,0.4789184917719801,True,303,7
19.98,0.31176413387538277,0.4662133901088217,5.901737645692872,0.2522504092650607,server_A043_s42,stairs_10_down,0.0660509467124939,0.1301390676763377,17.708809277817323,0.4286618191003799,0.5527019500732422,26,0.4938901718825692,True,303,6
19.98,0.27092569877119627,0.46098535634625715,8.887400802057021,0.2693459290703495,server_A043_s42,stairs_10_down,0.16596706211566925,0.31745099855609765,22.334528141031992,0.4816640563805898,0.6198883056640625,27,0.41653682577551243,True,303,7
19.98,0.29923685430922603,0.46604939362909903,8.368265359261297,0.27641661196166467,server_A043_s42,stairs_10_down,0.17282859981060028,0.021136595784568505,18.947433215669324,0.46631915345788,0.5920246243476868,28,0.5035122874305986,True,303,6
19.98,0.3728941953421277,0.4820504845950416,5.147407229240566,0.12961191355192364,server_A043_s42,stairs_10_down,0.1141272485256195,0.237609966532139,17.882734709220976,0.452778710325559,0.38576647639274597,29,0.5226683817488079,True,303,6
19.98,0.31848234769654143,0.48692225127323496,6.9523459144770605,0.17729300176671148,server_A043_s42,stairs_10_down,0.08146660029888153,0.1849453358230732,15.424516107945607,0.4750396478176117,0.48689842224121094,30,0.4771606609833297,True,303,6
19.98,0.2910616459103829,0.4904624333047989,5.996554094772889,0.2505963689105844,server_A043_s42,stairs_10_down,0.15777301788330078,0.3249953146816373,19.58502262079694,0.49862666765848795,0.554143637418747,31,0.46354951973858005,True,303,6
12.44,0.31835180312873207,0.4729276419891103,5.420616687496382,0.21903641941412447,server_A043_s42,stairs_15_down,0.17098850011825562,0.21199413474805406,21.19384932640799,0.4734308725595474,0.5750000476837158,0,0.5423779521411396,True,303,3
19.98,0.3047816179780399,0.48718689303832874,6.220046525223272,0.2169325277654941,server_A043_s42,stairs_15_down,0.14177697896957397,0.24048921603733917,21.82614097227807,0.4769627171754837,0.5701780319213867,1,0.5093332825988802,True,303,2
19.98,0.27064594720774154,0.3616922705655554,7.1935165005546295,0.1979053979639739,server_A043_s42,stairs_15_down,0.055153071880340576,0.018733065860912723,18.231521752140416,0.28032865835974613,0.615750253200531,2,0.4723193366512418,True,303,5
19.98,0.3645685106037772,0.454004982515006,5.272480591480604,0.1461454074607897,server_A043_s42,stairs_15_down,0.01598072052001953,0.026196112333724354,13.890174528450345,0.24059457011520863,0.31010210514068604,3,0.48514737017970044,True,303,6
19.98,0.28369843401692135,0.4672373562849587,8.646409238505404,0.2674260198299618,server_A043_s42,stairs_15_down,0.1124730110168457,0.21805567912593132,24.77693919763494,0.4724186376730601,0.6434023380279541,4,0.4651917819999709,True,303,6
19.98,0.285797484905962,0.47860092079280714,6.566325452747582,0.2583945277890889,server_A043_s42,stairs_15_down,0.10648971796035767,0.2069109506014928,17.63878572673865,0.4681137204170227,0.6063759326934814,5,0.5186067042770722,True,303,6
19.98,0.29282062896113986,0.45757635241776784,7.464298820317008,0.21995929604547512,server_A043_s42,stairs_15_down,0.11692017316818237,0.1685903517003462,22.388127118787413,0.3569093719869852,0.5381837487220764,6,0.5187438818601987,True,303,6
19.98,0.35818831779102583,0.49745221860984273,4.489210839338768,0.11840270363771657,server_A043_s42,stairs_15_down,0.1386745572090149,0.010560365707487388,27.71908166201425,0.4110563946142793,0.6330609321594238,7,0.47444738965529487,True,303,6
6.78,0.2674087397268112,0.4579327386133716,11.007699316440416,0.2791356567575949,server_A043_s42,stairs_15_down,0.20910227298736572,0.1638484780470654,25.873085104850595,0.4433729426066081,0.5801558494567871,8,0.45966404270986294,True,303,2
19.98,0.3137032895642806,0.43044739467128507,5.4707438010031675,0.1993562252420553,server_A043_s42,stairs_15_down,0.02802908420562744,0.001276681252355019,20.907774419858132,0.23507017150366058,0.45715421438217163,9,0.48750186336336654,True,303,6
19.98,0.2326115630495357,0.3224106160944353,7.341201280321058,0.25043933962183007,server_A043_s42,stairs_15_down,0.07857149839401245,0.03036324998102513,13.11116316946721,0.04475002518544594,0.5412250757217407,10,0.3583235760477864,True,303,0
19.98,0.26779920745342173,0.38046779697291766,9.212022864339053,0.24782215536910798,server_A043_s42,stairs_15_down,0.11221873760223389,0.05140346118926404,25.34702099812662,0.30258372823397317,0.622779130935669,11,0.4703657042706412,True,303,3
19.98,0.3378113174948462,0.4871789355521045,5.835874884274358,0.19902801811318366,server_A043_s42,stairs_15_down,0.09824174642562866,0.08732914641844848,27.053937740336952,0.36830550129214923,0.5825579166412354,12,0.501022585855124,True,303,5
19.78,0.29839579203230815,0.4192517821299728,5.712985486253604,0.21819633341102385,server_A043_s42,stairs_15_down,0.11934959888458252,0.035968011288552815,26.15976789007853,0.39070104477306206,0.5969837307929993,13,0.4865723452394012,True,303,5
19.98,0.3129895700968523,0.4725510005284552,5.0263808095970886,0.17856785682191836,server_A043_s42,stairs_15_down,0.020522892475128174,0.13031643034112705,16.814833974009375,0.2781604299197594,0.5187675356864929,14,0.5060951839389576,True,303,6
19.98,0.2686879683879608,0.48880753551087525,12.596694059904303,0.35294936265653226,server_A043_s42,stairs_15_down,0.3376699984073639,0.27353891181248996,30.5622677878984,0.5290428992112478,0.7233031094074249,15,0.2883418888616861,True,303,6
19.98,0.25383419654586103,0.36358851232917466,7.3030351691445965,0.24699331773237526,server_A043_s42,stairs_15_down,0.10894381999969482,0.002367332523131968,26.79741760465208,0.27146345148483914,0.6372392177581787,16,0.49827923213811637,True,303,3
19.98,0.35922898773203554,0.46883873714546626,4.218692841223004,0.11460351847729715,server_A043_s42,stairs_15_down,0.11561667919158936,0.013879644002148457,24.90357961970505,0.36051116229345403,0.5603104829788208,17,0.49596989924677354,True,303,6
19.98,0.2526512224502104,0.45891180612567406,15.971304743231965,0.33648104051431105,server_A043_s42,stairs_15_down,0.4263874590396881,0.34279405104876837,27.476747828946504,0.5237464280923207,0.6407484412193298,18,0.3507495616657082,True,303,6
7.36,0.3042491555628292,0.4715148565147594,5.068310127127231,0.19808879680764857,server_A043_s42,stairs_15_down,0.0784226655960083,0.1032484200862049,20.365881609761463,0.3752928614616394,0.6066441535949707,19,0.4891504975998322,True,303,2
19.98,0.23211340111525938,0.432260126197488,15.153492792145723,0.33450254919870864,server_A043_s42,stairs_15_down,0.3436587154865265,0.2115358788459637,27.791637264251136,0.4585224060217539,0.6568968296051025,20,0.30916482971705994,True,303,5
19.98,0.3634830595465267,0.4308510515762186,5.006710305552776,0.12696725784592305,server_A043_s42,stairs_15_down,0.029387235641479492,0.01315794262913958,28.39733681511374,0.2916488798956076,0.4240259528160095,21,0.4992204184474109,True,303,3
19.98,0.32284748698619603,0.4983781077181768,7.6086695742538755,0.21337604723312953,server_A043_s42,stairs_15_down,0.0767136812210083,0.06869670032824204,27.03220000038412,0.3864184856166442,0.5201831459999084,22,0.5083736595808515,True,303,6
19.98,0.33944785255799326,0.4544513654176865,4.559818620182476,0.14925196969978693,server_A043_s42,stairs_15_down,0.08590960502624512,0.07502442734784873,20.439128052925554,0.30641473094622296,0.6572648882865906,23,0.5218155880080525,True,303,6
19.98,0.2499804709780025,0.4494905791495274,11.154157789414207,0.3306787830447682,server_A043_s42,stairs_15_down,0.17858552932739258,0.0069459728649951214,28.221033137343145,0.31801049747814736,0.6583228707313538,24,0.49110789944129185,True,303,2
19.98,0.3412136515385326,0.45112733514200143,3.9025522725073727,0.16431197483124538,server_A043_s42,stairs_15_down,0.0019609928131103516,0.017072991402240924,15.23221955065196,0.20665292425081133,0.38249194622039795,25,0.4877094531643481,True,303,0
19.98,0.29338711892857267,0.4823809238430041,6.118602392075291,0.2439356425002361,server_A043_s42,stairs_15_down,0.10010969638824463,0.09903918474903081,26.852428034666826,0.42021633133292197,0.6605401635169983,26,0.5265940657165222,True,303,2
19.98,0.22478258442432483,0.3271366485432148,9.375403946492366,0.25664047902260817,server_A043_s42,stairs_15_down,0.10298478603363037,0.03778569934546042,26.5100024158559,0.21794177169601123,0.5907773971557617,27,0.4824225312411204,True,303,4
19.98,0.2796430996777539,0.4489320270358013,10.407604770496478,0.29810460313574755,server_A043_s42,stairs_15_down,0.23323863744735718,0.04664070778422387,36.5360644539556,0.38210103108237187,0.7438585162162781,28,0.4983860379684977,True,303,6
7.0200000000000005,0.3666597085999932,0.48247576728366554,5.819020485976173,0.14631362140045856,server_A043_s42,stairs_15_down,0.08890223503112793,0.24193121606755694,18.185805524245865,0.4308887948592504,0.6194397807121277,29,0.5116900549732568,True,303,1
19.98,0.27792985132990033,0.49760168909227454,8.329839327998227,0.23794557022682794,server_A043_s42,stairs_15_down,0.20291855931282043,0.31081068611881874,20.127529598085648,0.5214100698630015,0.5960315465927124,30,0.47939517881137844,True,303,4
13.5,0.2610661017193514,0.4090912966321736,6.23257501169151,0.22923334288843802,server_A043_s42,stairs_15_down,0.0972180962562561,0.020250305090437026,25.843769171155724,0.2804344823832313,0.5349159240722656,31,0.4255047019585407,True,303,6
19.98,0.2824238540813884,0.5029856765300689,3.7125736378619574,0.10632493383016885,server_A048_s42,stairs_10_down,0.01704469323158264,0.2711582681848552,11.595371829234226,0.45147977987925214,0.3244347870349884,0,0.5065707380164599,True,101,7
19.98,0.2673278751459352,0.5193302889209924,6.9282167934743555,0.21536135183113597,server_A048_s42,stairs_10_down,0.23823212087154388,0.34991903502187327,13.133335835103596,0.6110555211702983,0.4815049469470978,1,0.390782595098308,True,101,7
19.98,0.2862411727003235,0.5419522181967664,2.809690315588171,0.10323022263339318,server_A048_s42,stairs_10_down,0.18545158207416534,0.4553979042981937,22.48434625287707,0.5543274788061777,0.4464518278837204,2,0.515505065033956,True,101,7
19.98,0.25246193245611087,0.35716374819366586,8.834136698287704,0.15569150946041543,server_A048_s42,stairs_10_down,0.07538267970085144,0.06408683818704425,22.44026269853223,0.2388468323647976,0.28373152017593384,3,0.5081928763106585,True,101,7
19.98,0.27928088892271175,0.5432600976630576,4.082692338643691,0.12631247897843625,server_A048_s42,stairs_10_down,0.18714672327041626,0.3666923297580198,16.611601273723974,0.54134707848231,0.4935227334499359,4,0.5472408699902637,True,101,7
19.98,0.3131824959280657,0.5586010146389636,4.205707468394902,0.12254804519592014,server_A048_s42,stairs_10_down,0.23772375285625458,0.37020378279071786,20.978848166144264,0.5777808733781179,0.43758898973464966,5,0.5565568822974818,True,101,7
19.98,0.321195034692313,0.5284635277297951,3.1736723337567825,0.09952038885437328,server_A048_s42,stairs_10_down,0.14919236302375793,0.10026314702421052,19.199474008621912,0.5009489145378272,0.4789002239704132,6,0.5441690798164261,True,101,7
19.98,0.31682269319174766,0.5143511461028939,2.380633395508222,0.09251885760675436,server_A048_s42,stairs_10_down,0.11400894820690155,0.37821226164910693,16.63335268600577,0.5417086907227834,0.3956802189350128,7,0.5261995535919779,True,101,7
19.98,0.3009164931047409,0.5353633129646981,2.4107553152730103,0.09993443571667283,server_A048_s42,stairs_10_down,0.10292217135429382,0.3650347622251938,17.77531083154041,0.5215063850084941,0.4786357283592224,8,0.5399460360812803,True,101,7
19.98,0.31967753550744943,0.5079606437217573,2.8330456227454017,0.08563767256879745,server_A048_s42,stairs_10_down,0.02997356653213501,0.055856586360305584,11.38581023158675,0.37767133181293805,0.3993108868598938,9,0.4993328583853237,True,101,7
19.98,0.28918914244614824,0.518390033473729,2.2958668965874067,0.10627316986875579,server_A048_s42,stairs_10_down,0.08932790160179138,0.079343015602857,14.870915379455353,0.4605929565429687,0.5171477794647217,10,0.5158876939481513,True,101,7
19.98,0.19084938045332137,0.30536522919678794,10.512961039898464,0.13635918461714153,server_A048_s42,stairs_10_down,0.0,0.0038315112922628985,23.086529936575918,0.1555877237704893,0.36202743649482727,11,0.5878565318992128,True,101,6
19.98,0.2834555322378077,0.5469435787391244,4.148038054051255,0.1487161508308648,server_A048_s42,stairs_10_down,0.20266777276992798,0.45963176864124317,12.14369166144456,0.5989489726225535,0.46729594469070435,12,0.49968091827658556,True,101,7
19.98,0.237980025917451,0.5022096965089805,7.174137251363668,0.18399136391938578,server_A048_s42,stairs_10_down,0.10792452096939087,0.046160242669997964,19.109610014277226,0.4334340719878674,0.4262097179889679,13,0.5765264420063864,True,101,7
19.98,0.292398541220688,0.5792453842480836,11.564491951844476,0.17292808517465533,server_A048_s42,stairs_10_down,0.24726591259241104,0.45230300644378973,20.81107890400744,0.5663002955913544,0.45513734221458435,14,0.6122061687035846,True,101,7
19.98,0.31217693516118006,0.5299744507276659,2.978833390106201,0.08518530939448406,server_A048_s42,stairs_10_down,0.0880538821220398,0.01851163743929982,18.339107081277216,0.3076044619331757,0.6232790648937225,15,0.5312317004757525,True,101,7
19.98,0.2750064308088731,0.4811930231669716,5.094057396675962,0.18290958605187113,server_A048_s42,stairs_10_down,0.1634291708469391,0.04839377745818172,13.630576808124394,0.5049509691695372,0.42195916175842285,16,0.5674056164185446,True,101,7
19.98,0.29148252346059855,0.5621568163541079,8.30920818397005,0.17872303210597432,server_A048_s42,stairs_10_down,0.24555106461048126,0.414895840132433,18.929450289227457,0.5551443509260814,0.4620276391506195,17,0.5468455881032225,True,101,7
19.98,0.24816629505412466,0.5524867646358833,5.6371587743362594,0.15076419837777236,server_A048_s42,stairs_10_down,0.17215222120285034,0.44993243813649164,12.774608091599358,0.5544804799556732,0.46319589018821716,18,0.5357356200466501,True,101,7
19.98,0.30422904682031926,0.5353647313669379,4.187600727337925,0.12481038792877856,server_A048_s42,stairs_10_down,0.14918279647827148,0.38161993708566144,20.032716103029053,0.533559950987498,0.38838088512420654,19,0.5387281380028895,True,101,7
19.98,0.3037112117961128,0.5266006528351814,3.215618650225522,0.12260455694955565,server_A048_s42,stairs_10_down,0.19315505027770996,0.35277924715811054,17.719752557595545,0.5255444407463074,0.561235100030899,20,0.5511170634820162,True,101,7
19.98,0.2918666657757632,0.5491498459818157,4.33614686651158,0.10963489973229812,server_A048_s42,stairs_10_down,0.08680501580238342,0.4010664814515863,14.155438267995901,0.5257934971650442,0.29971152544021606,21,0.5600939526638011,True,101,7
19.98,0.2788743650594497,0.5370122687903058,4.741771970957512,0.1192074018426488,server_A048_s42,stairs_10_down,0.04507222771644592,0.04987516244769493,20.139445423915973,0.43991594910621645,0.542113184928894,22,0.5308975702923978,True,101,7
19.98,0.26648825941318494,0.5898714809976254,7.554892859928895,0.17454947042401991,server_A048_s42,stairs_10_down,0.20298801362514496,0.49984800239966287,14.162670132226655,0.5823481667041779,0.515756756067276,23,0.6038286114036403,True,101,7
19.98,0.22391741836134763,0.48088332401723366,11.3499473940286,0.19656689565209895,server_A048_s42,stairs_10_down,0.16796332597732544,0.09668046631837936,21.177425461689698,0.3792022514343262,0.3927983343601227,24,0.5897047657765774,True,101,7
19.98,0.2979000775539939,0.5071920838324586,1.8619310225756878,0.10194343241548548,server_A048_s42,stairs_10_down,0.017615407705307007,0.035419270758720534,15.352846460695371,0.35120726707081,0.2972513437271118,25,0.559856525306552,True,101,7
19.98,0.2712849742365393,0.533390068472466,3.8150864776762115,0.14657833986850857,server_A048_s42,stairs_10_down,0.1658380776643753,0.4654859958714019,15.497140492957858,0.5531947370370229,0.47875717282295227,26,0.5366270773058824,True,101,7
19.98,0.2653236677796445,0.5449716066089622,7.928267651248964,0.13900566604978107,server_A048_s42,stairs_10_down,0.13140162825584412,0.3685895576434698,13.039504623760562,0.5210495984554291,0.39935894310474396,27,0.5811233357829476,True,101,7
19.98,0.2026740319811724,0.3068770417715697,7.66765656361051,0.13263405037139758,server_A048_s42,stairs_10_down,0.017573297023773193,0.008921358375514362,13.478188080412124,0.07045686587691308,0.16383081674575806,28,0.5434039157049162,True,101,0
19.98,0.2671653467910812,0.5163355492096093,6.164901120397722,0.1357762770419756,server_A048_s42,stairs_10_down,0.18389073014259338,0.26456939329206575,13.863076706599234,0.5134328059355417,0.4291713237762451,29,0.5013633688101183,True,101,7
19.98,0.3171417559786914,0.5309505366691236,5.678184571497584,0.11027092300478453,server_A048_s42,stairs_10_down,0.20905418694019318,0.4604196884019626,13.80131108041642,0.5760989153385162,0.33904537558555603,30,0.5518467694863333,True,101,7
19.98,0.24206766385126882,0.3488096308707433,5.9456906350824035,0.13500551725322446,server_A048_s42,stairs_10_down,0.022195488214492798,0.010099855128306212,20.12245761618789,0.17040389484415452,0.31050294637680054,31,0.5490086227602,True,101,7
19.98,0.2209946595060634,0.40399994753106433,5.1149389459194765,0.1324568940750026,server_A048_s42,stairs_15_down,0.02433079481124878,0.011964123619122977,13.610781713879538,0.1774193987622857,0.36363452672958374,0,0.5878461672374462,True,101,2
19.98,0.259625617071269,0.4476396442206261,9.976431516050852,0.24036700679840367,server_A048_s42,stairs_15_down,0.20189088582992554,0.2702217241776675,23.067754197371787,0.43636750102043154,0.6336569786071777,1,0.3731464874364558,True,101,1
19.98,0.2656019351922254,0.5218747333403748,2.494791431539208,0.13435571186773335,server_A048_s42,stairs_15_down,0.016856014728546143,0.00575335703927468,14.397691525033565,0.15844705128421385,0.21778643131256104,2,0.5238145858797164,True,101,0
19.98,0.21038502543049067,0.2608032819383793,5.773382157912213,0.13746485468506783,server_A048_s42,stairs_15_down,0.016461968421936035,0.0015906478118472927,9.642409125899972,0.0607928831151609,0.19980520009994507,3,0.519604989383282,True,101,0
19.98,0.25517208709117556,0.4776090948006618,3.3226375837760997,0.12927248286681184,server_A048_s42,stairs_15_down,0.02373337745666504,0.0006845712299951338,15.913378774138039,0.1721838772580183,0.2555251121520996,4,0.565121634544751,True,101,0
19.98,0.3061927541341374,0.5380439263083993,6.732402831591993,0.14216136159719286,server_A048_s42,stairs_15_down,0.18870222568511963,0.1327187330472329,28.809132368876927,0.4138023255268733,0.4611402750015259,5,0.5598381079531634,True,101,2
19.98,0.3179072338565786,0.5221238009080664,2.945082391535803,0.09602297801324448,server_A048_s42,stairs_15_down,0.1295185089111328,0.0638512256067087,18.695626180978,0.45326515381534893,0.5380824208259583,6,0.5279130652011158,True,101,7
19.98,0.3121389973832962,0.5210671668275952,2.816634228279061,0.09584335893324412,server_A048_s42,stairs_15_down,0.0120011568069458,0.009070996121322427,11.477940741563296,0.14034723594784737,0.2495110034942627,7,0.5577276751105601,True,101,0
19.98,0.28080660929654366,0.5144141697961548,3.047259626618908,0.10728416985594816,server_A048_s42,stairs_15_down,0.021283268928527832,0.0025436089449833916,12.293949134966269,0.15977554260209823,0.23970156908035278,8,0.5640244790857859,True,101,0
19.98,0.29964032445043165,0.5323901429160859,2.9621451824116916,0.0820699774871041,server_A048_s42,stairs_15_down,0.011609792709350586,0.007680921301778535,13.390182545384091,0.16503997401800008,0.17505884170532227,9,0.5604585519129223,True,101,0
19.98,0.28518373032942174,0.5189998819602722,2.319630491115274,0.10455008773381361,server_A048_s42,stairs_15_down,0.04141652584075928,0.018364512596439085,20.641009262871762,0.1633481913758442,0.3017738461494446,10,0.5185939756464112,True,101,0
19.98,0.15648508026638133,0.22522824608564046,9.67388490045256,0.08525549182345618,server_A048_s42,stairs_15_down,0.00034868717193603516,0.003982876099694276,14.361869536096224,0.024997477317228914,0.055915117263793945,11,0.6128179831176839,True,101,0
5.1000000000000005,0.23618167481320423,0.4529452450368203,5.012635044898307,0.14887018348855616,server_A048_s42,stairs_15_down,0.11085182428359985,0.009200272910812405,31.31382381417169,0.3094852055454006,0.46622753143310547,12,0.6086991503596763,True,101,1
4.5,0.21324421151117842,0.41394203431888393,7.544576678998043,0.21699920982124232,server_A048_s42,stairs_15_down,0.11482685804367065,0.04425286917921483,25.442755723961113,0.28510346641143164,0.4986703395843506,13,0.5861094431155321,True,101,1
19.98,0.23283130818191058,0.43802438336649613,8.708077842564528,0.20978195672641176,server_A048_s42,stairs_15_down,0.19031184911727905,0.025803328945723545,22.110472559669578,0.33902979535361133,0.5282849073410034,14,0.2237383541530983,True,101,1
19.98,0.30345777972178023,0.540962496005552,3.093263712813679,0.0956071894915748,server_A048_s42,stairs_15_down,0.03333073854446411,0.028229036955227476,25.712005442061383,0.23163748351236185,0.45511573553085327,15,0.5607123710745359,True,101,2
19.98,0.2640183865641527,0.4888398012857107,4.762421208116465,0.1933910803711271,server_A048_s42,stairs_15_down,0.1350938081741333,0.050837131815909216,19.66785654952437,0.43368832459052403,0.5677297711372375,16,0.5816471481538552,True,101,2
19.98,0.20889655570295407,0.2875858031947734,6.974292085687882,0.10844005598083913,server_A048_s42,stairs_15_down,0.015884041786193848,0.001028302318264217,13.045618280532068,0.10986540309929599,0.0849112868309021,17,0.5600323162378256,True,101,0
19.98,0.19991781481447066,0.30844381435823987,5.991736193744569,0.11031284948541042,server_A048_s42,stairs_15_down,0.02593284845352173,0.001282279926189404,13.249464617754297,0.09318411194486544,0.22065937519073486,18,0.5409108692931016,True,101,0
19.98,0.26968191708472966,0.4526713574107237,3.778644356465678,0.12833865796179125,server_A048_s42,stairs_15_down,0.13916927576065063,0.02600057990049871,19.124407091957675,0.43354845069348813,0.5540326237678528,19,0.5315132285141065,True,101,2
6.12,0.29727093120947246,0.5293598664925652,3.373937563811544,0.11999854418473531,server_A048_s42,stairs_15_down,0.03170216083526611,0.03079717545820424,30.998136387437487,0.18486459937567512,0.2646699547767639,20,0.556308749338476,True,101,0
9.96,0.25190415126117155,0.5618461571927156,5.441213909834702,0.13455877408609943,server_A048_s42,stairs_15_down,0.14939570426940918,0.21643336053247572,14.78747894353767,0.5083010516564052,0.394323468208313,21,0.6125444503791122,True,101,2
19.98,0.2675071779164401,0.5388801493312171,7.126111524020455,0.11817672636925033,server_A048_s42,stairs_15_down,0.05619990825653076,0.022261040217317986,18.859360835813842,0.3088280841211478,0.2126157283782959,22,0.5337956094497243,True,101,0
3.2600000000000002,0.22227539857122347,0.3743656010376485,9.416222169193148,0.1379570566499382,server_A048_s42,stairs_15_down,0.06490224599838257,0.02641858221564165,17.136395102919977,0.17988925650715828,0.3354266285896301,23,0.6207174018681738,True,101,0
19.98,0.1503999919496118,0.2355647606931424,5.871090398994247,0.10326138931838118,server_A048_s42,stairs_15_down,0.0,0.0012485304288103055,12.331983334876956,-0.0025816566466043394,0.0653684139251709,24,0.6060159586789312,True,101,0
19.98,0.29620994180600274,0.509745413105624,2.060789393724472,0.10551587876385808,server_A048_s42,stairs_15_down,0.018523037433624268,0.006003173984696963,12.157207347057664,0.2299333427598079,0.19584596157073975,25,0.5718535493662488,True,101,0
19.98,0.24475376972858917,0.4487866849376455,3.5018408083332924,0.1275217047808256,server_A048_s42,stairs_15_down,0.015142321586608887,0.0016155500434696642,10.209354830428982,0.1506144255415226,0.25628358125686646,26,0.5498471876253249,True,101,0
19.98,0.22767032435233575,0.46817549462296015,7.82694443514449,0.17309263087964144,server_A048_s42,stairs_15_down,0.14273929595947266,0.043312887368787495,22.60081956448732,0.324249596024553,0.42562633752822876,27,0.25602560999685137,True,101,1
19.98,0.19271150749953672,0.2611306593086549,6.321947355503561,0.09397726042204314,server_A048_s42,stairs_15_down,0.01937425136566162,0.0015361387769127946,14.607879988902704,0.05336071589340766,0.15501677989959717,28,0.5463064233266324,True,101,0
4.82,0.2224103010306384,0.4394202128288052,8.828395517955549,0.175175442557797,server_A048_s42,stairs_15_down,0.08646929264068604,0.11543103495923043,17.160197434071225,0.341944514811039,0.4037722945213318,29,0.4320122393314558,True,101,1
19.98,0.2993311457869841,0.5238051566708858,4.558503722255729,0.12011271063660361,server_A048_s42,stairs_15_down,0.2355848252773285,0.3603042052203115,21.623875134928902,0.5287762860457103,0.4896879196166992,30,0.5202534721676595,True,101,6
19.98,0.21635774800802934,0.3185257145591929,5.747529573542629,0.09300823162530997,server_A048_s42,stairs_15_down,0.020981192588806152,0.0015065461434704936,11.740191582031313,0.10258839518607904,0.19007474184036255,31,0.5360178641078606,True,101,0
19.98,0.2230170606674357,0.3783092113823865,7.600754406255301,0.1691022837050814,server_A048_s42,stairs_10_down,0.13128231465816498,0.019077871479480642,17.917290454840906,0.3214149164408445,0.5085647106170654,0,0.4976901086964838,True,202,5
19.98,0.27868274746213684,0.5540066759898583,12.135835097471524,0.19996463711646256,server_A048_s42,stairs_10_down,0.27612437307834625,0.4164424698164772,19.05904571581124,0.5368600277105967,0.4942171275615692,1,0.5844799301297287,True,202,7
19.98,0.3110545267523292,0.5239965913115451,2.9687718916264116,0.102183690101108,server_A048_s42,stairs_10_down,0.012408435344696045,0.017865141184976004,21.501532851853803,0.1975241561610407,0.2472616732120514,2,0.5550110274237784,True,202,7
19.98,0.2404987099352367,0.34678109937458707,6.773294422404229,0.13919827970374438,server_A048_s42,stairs_10_down,0.0935526192188263,0.006062181367162314,20.41097407246831,0.23767367866511147,0.38605257868766785,3,0.5538228380154737,True,202,7
19.98,0.3130878790559615,0.5371964001565184,2.9969659910187105,0.10552366518006859,server_A048_s42,stairs_10_down,0.23037409782409668,0.44167951930132027,20.91350592968156,0.5975124422709147,0.5157459527254105,4,0.5636702277602543,True,202,7
19.98,0.19889948098895385,0.28622121830922886,5.261983605461305,0.11158139983811147,server_A048_s42,stairs_10_down,0.001085132360458374,0.008532278267059054,16.895466795414766,0.07301603141551216,0.1626439392566681,5,0.5616735384299778,True,202,0
19.98,0.2718355488920594,0.5718361091000367,5.276189844379285,0.13434326157443713,server_A048_s42,stairs_10_down,0.13469843566417694,0.4857505486532542,11.962418777238595,0.5789888687928517,0.4578925669193268,6,0.5795501796687151,True,202,7
19.98,0.20721557920151212,0.29752784994817916,11.017005791659962,0.17399503741475278,server_A048_s42,stairs_10_down,0.02027362585067749,0.02507896585524811,20.791836401373956,0.14970590555419525,0.3817550837993622,7,0.5802886852478576,True,202,7
19.98,0.2729079209403558,0.5414793462185864,4.422507327962107,0.11087057299234328,server_A048_s42,stairs_10_down,0.16863752901554108,0.38463590788943425,18.632087133371652,0.5289231717586518,0.4178036004304886,8,0.53910557260416,True,202,7
19.98,0.2238006403930685,0.28617776292244645,6.3219811098103555,0.13710137782823262,server_A048_s42,stairs_10_down,0.017158478498458862,0.0054991877051671885,17.37718066034983,0.10927744482954344,0.22811293601989746,9,0.5811243828932287,True,202,0
19.98,0.30706893191618073,0.5324947305967562,3.8471014662629246,0.10945967341809125,server_A048_s42,stairs_10_down,0.16904675960540771,0.4479385457446745,22.693227323934728,0.5644568661848705,0.4215441644191742,10,0.5479721174215755,True,202,7
19.98,0.29716648788375655,0.5374164493862059,2.6394511743190128,0.1118332645221739,server_A048_s42,stairs_10_down,0.11149761080741882,0.24148434519598508,17.331062389495383,0.5206096549828847,0.4279389977455139,11,0.5325486799511235,True,202,7
19.98,0.289747018476221,0.5057200814307535,3.0176833854530343,0.10076914755106621,server_A048_s42,stairs_10_down,0.09646177291870117,0.45464134276194623,12.840037346813359,0.5535644721984864,0.43402910232543945,12,0.43031268560613667,True,202,7
19.98,0.30556517381719084,0.5360095771260986,3.4924888363723117,0.0998052169565783,server_A048_s42,stairs_10_down,0.1635368913412094,0.40623594764744786,12.585296147762051,0.5708370550473532,0.40369220077991486,13,0.5163119809576326,True,202,7
19.98,0.2792183800256826,0.5413657145283193,2.9054951671796347,0.12150893649309864,server_A048_s42,stairs_10_down,0.013023138046264648,0.0025562869815576894,14.486669194778178,0.22641063247496884,0.2565324306488037,14,0.5320416073842257,True,202,3
19.98,0.28851700605236913,0.5170898023268796,1.9036037067318088,0.11005268995672261,server_A048_s42,stairs_10_down,0.13471850752830505,0.33245558829837013,16.346595068707856,0.5258532579739889,0.37410855293273926,15,0.5369054724090924,True,202,7
19.98,0.28214465902132146,0.4706557060106534,6.023392375849134,0.1346773981245087,server_A048_s42,stairs_10_down,0.12047190964221954,0.09792085942360876,27.350546672310955,0.42131714896609385,0.3594338893890381,16,0.579453611258494,True,202,7
19.98,0.2743208618772858,0.589194545552706,7.614829178618191,0.1643895333181632,server_A048_s42,stairs_10_down,0.2356795072555542,0.4360204890664289,19.86865276433939,0.5967017920811971,0.5044907331466675,17,0.5769550171821263,True,202,7
19.98,0.2841395585613455,0.555771691227223,4.709047791127777,0.14029077083003905,server_A048_s42,stairs_10_down,0.19929207861423492,0.38029058155380935,18.404065500503364,0.5639945602416992,0.4962414503097534,18,0.5650752400435498,True,202,7
19.98,0.2338762741005994,0.3780513855132107,9.407551733496186,0.15343851407271622,server_A048_s42,stairs_10_down,0.04711008071899414,0.017398307528396155,23.690610713257506,0.23244533453912786,0.3926888108253479,19,0.5785275386440025,True,202,7
16.14,0.2870720042997503,0.5317937047564074,3.1307907583788306,0.12215607160714265,server_A048_s42,stairs_10_down,0.18781477212905884,0.45029372523467875,22.722076494587046,0.5626729687054952,0.4484027624130249,20,0.5328313204106938,True,202,6
19.98,0.30256837295019695,0.5195083345457302,3.256893857645719,0.09402985411588627,server_A048_s42,stairs_10_down,0.11665624380111694,0.1492436722746795,17.64519744387436,0.4933692800005277,0.4228547215461731,21,0.4986246069220776,True,202,7
19.98,0.27199220516903194,0.5740955611663163,10.845352126479844,0.2136151147448493,server_A048_s42,stairs_10_down,0.2802174687385559,0.39989587348627653,21.29769624443706,0.5681817801793416,0.5358129739761353,22,0.5851121967129721,True,202,7
19.98,0.2785188234394247,0.5285155163814677,3.6228649405301754,0.1326049856677649,server_A048_s42,stairs_10_down,0.1742285192012787,0.342122429820386,19.906851632059794,0.5645902788639069,0.41098520159721375,23,0.528163806870282,True,202,7
19.98,0.2796491765744865,0.5460716682461829,9.131725734806691,0.1992958818597999,server_A048_s42,stairs_10_down,0.2228321135044098,0.3205616403540847,17.797145242682628,0.5298491752147675,0.5629487335681915,24,0.592730693937392,True,202,7
19.98,0.2665525615518106,0.54984571144289,8.690795152014328,0.12704747467635658,server_A048_s42,stairs_10_down,0.1389165073633194,0.3641918124352937,15.963745885637778,0.5311750336488088,0.37109218537807465,25,0.568157808429103,True,202,7
19.98,0.2472418936417702,0.43795551769394303,6.64029314482825,0.1365284138421672,server_A048_s42,stairs_10_down,0.07551157474517822,0.04722031725600042,17.048413131872966,0.308964687983195,0.49747079610824585,26,0.5510171472468113,True,202,7
19.98,0.2827216611204938,0.5032287449107578,2.3522854466084455,0.10838432839151324,server_A048_s42,stairs_10_down,0.1621619313955307,0.4606049086900467,22.538765522844727,0.6072994494438171,0.4475109279155731,27,0.5309844165562775,True,202,7
19.98,0.29454067316762905,0.5426343149274518,3.9176088349379636,0.11121344832647828,server_A048_s42,stairs_10_down,0.2032482773065567,0.3988814084358268,17.755757471157906,0.5427162758509319,0.5477018654346466,28,0.5172178032840155,True,202,7
19.98,0.2592545761327373,0.5476170461238508,8.006416228996585,0.18423629469864952,server_A048_s42,stairs_10_down,0.21508115530014038,0.406724726220468,19.506586578636878,0.52171231508255,0.47950781881809235,29,0.5708434199359772,True,202,7
19.98,0.2646264447311666,0.5195932401489568,4.582454473787263,0.15875421267737888,server_A048_s42,stairs_10_down,0.17321904003620148,0.34845257841012506,15.482396572960793,0.5118285016218821,0.530320405960083,30,0.5343700867040694,True,202,7
19.98,0.2629404966461467,0.5265260727333823,6.358244910120228,0.1413688267163851,server_A048_s42,stairs_10_down,0.12345772981643677,0.4170679830547744,16.485610357911124,0.5337874527772267,0.500718504190445,31,0.5009642716853547,True,202,7
19.98,0.15692869683637978,0.20093361303536844,9.017685836094875,0.12067956768282359,server_A048_s42,stairs_15_down,0.004762709140777588,0.008999999186955258,15.356122390684279,-0.003365790449703733,0.1259937882423401,0,0.5033946354887334,True,202,0
19.98,0.1575776372969469,0.14482067083947187,9.440309958566981,0.09910762757589404,server_A048_s42,stairs_15_down,,,,,,1,,False,202,0
19.98,0.3025613082475203,0.5290143743419029,3.2316250244068505,0.10195015080785516,server_A048_s42,stairs_15_down,0.012239992618560791,0.0010329794155393627,12.391071257015149,0.1758978543554743,0.26416927576065063,2,0.5627939517590517,True,202,0
19.98,0.19210946326587283,0.25046891568936425,6.533612102289161,0.11547988298140459,server_A048_s42,stairs_15_down,0.016456127166748047,0.002104406337273416,10.924596281181392,0.06146251159409682,0.13765841722488403,3,0.5696904519768455,True,202,0
19.98,0.30394692522319244,0.5346082711648961,2.5294428267862603,0.0908223015843223,server_A048_s42,stairs_15_down,0.009285032749176025,0.003161059921100447,9.484439200818455,0.16465050506405532,0.15606284141540527,4,0.5742971627116807,True,202,0
19.98,0.18632106716938832,0.30332340947843345,4.391927913549922,0.09702317809864776,server_A048_s42,stairs_15_down,0.005069315433502197,0.007154049051948824,10.704416013024957,0.08828802684322,0.09851902723312378,5,0.5711959532028439,True,202,0
19.98,0.24974974817133205,0.5464466138733396,9.08348548705612,0.12098391753996476,server_A048_s42,stairs_15_down,0.2295633852481842,0.3469109019935518,19.277425157766825,0.5292717742919922,0.4893206059932709,6,0.6008817334960799,True,202,5
19.98,0.16659834756570707,0.211900892617501,7.306473147354731,0.11385904841929219,server_A048_s42,stairs_15_down,0.0,0.006148542814195608,11.925041857834787,0.012185151965823024,0.14745742082595825,7,0.5848084987956949,True,202,0
19.98,0.24610651053209356,0.47903958040091443,3.59417479102361,0.1137403545446595,server_A048_s42,stairs_15_down,0.014909446239471436,0.003314239839672831,10.903962157809113,0.1832751954284807,0.24343878030776978,8,0.5409834685746063,True,202,0
4.72,0.21417339308057876,0.30406678243945956,6.089300851424606,0.124534252535894,server_A048_s42,stairs_15_down,0.052337646484375,0.020996442316444167,11.85491102325143,0.13665368493646382,0.41142553091049194,9,0.5920226005706275,True,202,1
19.98,0.2973575129037235,0.5381087355714737,4.100708356245084,0.1107550416528106,server_A048_s42,stairs_15_down,0.14156466722488403,0.00961573539287141,17.463032682189162,0.4601464344188571,0.5734890699386597,10,0.5582359194109054,True,202,1
19.98,0.29078567109962195,0.5476293336490498,2.5493675726136455,0.10937575462136746,server_A048_s42,stairs_15_down,0.004050135612487793,0.013664162157800322,9.680096242927977,0.2307313638459891,0.2632513642311096,11,0.5551115171345349,True,202,0
6.44,0.2563980292253953,0.5389338428230699,2.8896769314940163,0.13560317182937107,server_A048_s42,stairs_15_down,0.09711951017379761,0.2917941971040712,20.636126011637145,0.42873494148254393,0.4513874650001526,12,0.6110112030039813,True,202,3
10.200000000000001,0.28358162845519774,0.5290684813709982,4.1702193433451775,0.12487613222795509,server_A048_s42,stairs_15_down,0.1311647891998291,0.3093673677979419,23.086556064434337,0.48452875336011253,0.5025342106819153,13,0.5267087980281958,True,202,3
19.98,0.26517101423306905,0.5358176945457117,2.707498839351966,0.11158374043840645,server_A048_s42,stairs_15_down,0.011162757873535156,0.0010116082930020818,9.06241000482411,0.2471945288431986,0.268004834651947,14,0.5524613109754131,True,202,0
19.98,0.28462593179335566,0.525670951887728,1.9746894902097072,0.10911887672762446,server_A048_s42,stairs_15_down,0.023177504539489746,0.0006647832993243706,9.869003776185009,0.1906839840176205,0.2590849995613098,15,0.5631502179268212,True,202,0
19.98,0.24777480076978547,0.4073882190175329,4.557769612809348,0.13623783877527615,server_A048_s42,stairs_15_down,0.012615740299224854,0.002920167666835629,12.165442545917774,0.12695301786414348,0.2054363489151001,16,0.5750008110264379,True,202,0
19.98,0.20000024546913917,0.34974315848709436,6.433252925031102,0.1207211271815033,server_A048_s42,stairs_15_down,0.03356754779815674,0.001450777490175286,15.776517302865035,0.1148447467565226,0.2776890993118286,17,0.5871682424749741,True,202,0
19.98,0.24377003187164262,0.41884538148395817,5.013137642538597,0.14386061000017347,server_A048_s42,stairs_15_down,0.05132955312728882,0.004044351195799005,11.82153399403467,0.15537289031781257,0.27411580085754395,18,0.5736268017871958,True,202,2
19.98,0.2033660914362433,0.28466514485722205,6.492029830499536,0.11671319107210794,server_A048_s42,stairs_15_down,0.016405999660491943,0.0017057963117717615,11.006267685258265,0.08365289937588387,0.15737414360046387,19,0.5579104716972882,True,202,0
19.98,0.27608631132758243,0.5278298381712198,2.3342849124226595,0.11338761320328905,server_A048_s42,stairs_15_down,0.026322782039642334,0.13329375674650676,13.794137079968502,0.29979592859745025,0.29201656579971313,20,0.5386293918925077,True,202,0
19.98,0.2822108198710304,0.5054546975492958,4.140366970752269,0.11842946321803163,server_A048_s42,stairs_15_down,0.12262892723083496,0.24505088441498957,21.604674531976976,0.47264548619588215,0.506320595741272,21,0.5120168374047346,True,202,1
19.98,0.15219373395098723,0.19090987808916612,9.036287026767859,0.10168473226291971,server_A048_s42,stairs_15_down,0.0,0.003267264404849727,15.167979142365079,-0.00176044385569791,0.056709349155426025,22,0.5881885853228824,True,202,0
9.4,0.2570379862173356,0.523458620478477,2.7734086721401336,0.12421674504599635,server_A048_s42,stairs_15_down,0.05253022909164429,0.011741812948714715,16.704383409668655,0.34323970500690243,0.4270032048225403,23,0.5230050350433726,True,202,1
19.98,0.17356484336649036,0.3067090132263443,7.812397221216938,0.12113419838913923,server_A048_s42,stairs_15_down,0.013388216495513916,0.009559513115634398,14.960486167668101,0.08376321649178863,0.18361210823059082,24,0.6065200408090035,True,202,0
19.98,0.23117434394869577,0.5094302159635454,10.130027763843321,0.15784485336608242,server_A048_s42,stairs_15_down,0.12984192371368408,0.11404206496262599,22.872000578278943,0.3701161237557729,0.4547789692878723,25,0.5379174417398096,True,202,1
19.98,0.24529624192791194,0.4657216360565507,5.510213919641236,0.16613690538357082,server_A048_s42,stairs_15_down,0.07046526670455933,0.026892198426565945,31.5127966780753,0.25355522077530623,0.493641197681427,26,0.5455925557772945,True,202,0
19.98,0.2796353839776095,0.4967311656254483,2.1152183777685427,0.1035113317576459,server_A048_s42,stairs_15_down,0.14537686109542847,0.28095616296281695,21.410307503116407,0.48610154012839,0.4493311047554016,27,0.5007849102296983,True,202,1
4.58,0.2862289180570745,0.5420049389712304,3.7631156240300005,0.10597454542478453,server_A048_s42,stairs_15_down,0.08655428886413574,0.05090538896064843,22.063962230541218,0.27948848749200506,0.36555081605911255,28,0.5306152163940665,True,202,0
19.98,0.19388403718803018,0.28324690441366784,7.073037439254217,0.1283122720800815,server_A048_s42,stairs_15_down,0.00543665885925293,0.0005454730127136573,11.917420309213567,0.0763157686245783,0.25147944688796997,29,0.5933907724500966,True,202,0
19.98,0.23315185509263514,0.4316761259796029,3.872351013020781,0.13995068205123765,server_A048_s42,stairs_15_down,0.01367330551147461,0.004363240369949055,12.687516410007953,0.16030700055261454,0.22995322942733765,30,0.5335503198307388,True,202,0
19.98,0.2256509521332654,0.4211349691881927,4.090932558991151,0.13494260022922924,server_A048_s42,stairs_15_down,0.024878203868865967,0.03927982617221399,13.776580432156955,0.22176183879375458,0.44514089822769165,31,0.512762744307314,True,202,1
19.98,0.31033945377497746,0.557716212202362,5.270424572646027,0.14275372838308364,server_A048_s42,stairs_10_down,0.17283138632774353,0.41638436511340604,16.76609122973121,0.5969422821203868,0.48263072967529297,0,0.5533628774808208,True,303,7
19.98,0.2634408512010294,0.517552588005291,3.859673753656623,0.13737952388108154,server_A048_s42,stairs_10_down,0.10323929786682129,0.30641458549954526,18.711473108520515,0.5118960118293763,0.29895827174186707,1,0.5502319996689118,True,303,7
19.98,0.23731979936839426,0.3699463439555204,7.371305160376251,0.12790600240532424,server_A048_s42,stairs_10_down,0.013271301984786987,0.01222194306444107,23.206891952036575,0.12940481821695962,0.18317699432373047,2,0.5445661334780086,True,303,7
19.98,0.32426457758893307,0.5168936335322036,2.0503188117612963,0.09936019929448839,server_A048_s42,stairs_10_down,0.11099746823310852,0.36900298502305834,15.232414525521085,0.5582793962955475,0.4998549818992615,3,0.49930579006795095,True,303,7
19.98,0.275913625088605,0.5600827541859931,9.230422256472156,0.1457791288457499,server_A048_s42,stairs_10_down,0.14459937810897827,0.3420679476219024,22.88448301838165,0.5022346319754919,0.38471296429634094,4,0.532846837692233,True,303,7
19.98,0.29133174742766244,0.56757597788692,5.367952407826731,0.1658160254996189,server_A048_s42,stairs_10_down,0.12306363880634308,0.25600025206381993,32.39072524654731,0.4785249662399292,0.478392094373703,5,0.5324662243436995,True,303,7
19.98,0.28139018209541544,0.5376279133434639,3.9567683398841225,0.1848442057569636,server_A048_s42,stairs_10_down,0.17157961428165436,0.30928705952996427,17.231862685474237,0.5351016370455424,0.5197539925575256,6,0.5473056148518671,True,303,7
19.98,0.30097294942899183,0.5303007237925275,3.4529262652976866,0.12172262809383733,server_A048_s42,stairs_10_down,0.21884727478027344,0.4031768944439381,14.360547745551177,0.5661497672398885,0.3814488649368286,7,0.5455714882260895,True,303,7
19.98,0.24124257565261847,0.4998856730235748,10.092763925466114,0.19445627907582894,server_A048_s42,stairs_10_down,0.20705243945121765,0.20814212189574627,26.31869662621415,0.4928813417752584,0.5234025418758392,8,0.4489886005163144,True,303,7
19.98,0.2802653267740566,0.5386738275137278,4.953688224977059,0.1848365996904622,server_A048_s42,stairs_10_down,0.19443537294864655,0.37398553062348433,18.750088388757863,0.5594776745637258,0.598667562007904,9,0.5567905790743254,True,303,7
19.98,0.25197520739652896,0.4949200608241286,9.404155983082958,0.1825979851692278,server_A048_s42,stairs_10_down,0.21118798851966858,0.037726761829768286,23.90088579342393,0.49163737167914706,0.43829232454299927,10,0.4987525586748784,True,303,7
19.98,0.2877986470119839,0.5444752135593809,8.107527986549215,0.14400874305139164,server_A048_s42,stairs_10_down,0.22031693160533905,0.2521022668015444,19.22025337708523,0.5515310494105021,0.3991946578025818,11,0.5540215767816897,True,303,7
19.98,0.28920077780829395,0.5568264948742825,3.537934938350441,0.11340447835380756,server_A048_s42,stairs_10_down,0.19777926802635193,0.3923058785691908,13.899347271923729,0.5773214594523112,0.45938044786453247,12,0.5334687999864134,True,303,7
19.98,0.27246487491111704,0.412549289960303,3.7845295893173003,0.11692544151484058,server_A048_s42,stairs_10_down,0.01693972945213318,0.0034690488256039274,23.92504050975683,0.2060137042372177,0.2489641308784485,13,0.5179675133142946,True,303,7
19.98,0.28911875895000394,0.5427108806658476,5.132106682189328,0.10917790923138473,server_A048_s42,stairs_10_down,0.04219770431518555,0.021103105173670072,21.379554329471105,0.3225365044673284,0.3007642924785614,14,0.5567536286403891,True,303,7
19.98,0.28757478845071666,0.5384497294475737,9.605816323984229,0.18560931502609596,server_A048_s42,stairs_10_down,0.23571991920471191,0.35003917587336153,18.373515530767655,0.5243073459466299,0.5478691309690475,15,0.5153280389417083,True,303,7
19.98,0.28347655514424497,0.5622811443509305,7.75835556377756,0.15727452947245227,server_A048_s42,stairs_10_down,0.2171620875597,0.3864694922451488,20.013376426197734,0.5454592875639598,0.4993334412574768,16,0.5612908018369289,True,303,7
19.98,0.3023575081034778,0.4956004955224411,2.053271134106976,0.09994277785556202,server_A048_s42,stairs_10_down,0.014989703893661499,0.010231604049055508,15.92657626732966,0.17114251591653254,0.14734044671058655,17,0.5037677030107822,True,303,0
19.98,0.1706344903567258,0.20225501682553726,10.316753063133012,0.15870553252884312,server_A048_s42,stairs_10_down,,,,,,18,,False,303,0
19.98,0.26803291133221463,0.4959930660079259,2.982199563402481,0.15831997552982668,server_A048_s42,stairs_10_down,0.07930055260658264,0.15868356140968384,12.022360756973892,0.39885765631993614,0.44774115085601807,19,0.5564229869183125,True,303,7
19.98,0.2514207237683994,0.5392944188605804,11.152478725737517,0.19208658476134755,server_A048_s42,stairs_10_down,0.26649197190999985,0.3533887470581201,17.19632039526014,0.5230174382527669,0.44356808066368103,20,0.551205093111924,True,303,7
9.92,0.31016393605081793,0.5261075169348175,2.737797925056873,0.09684491790973428,server_A048_s42,stairs_10_down,0.06849581003189087,0.018686951015911685,16.75662939942244,0.419613690028588,0.5400948226451874,21,0.5550624313520466,True,303,6
19.98,0.29992175334915117,0.5262957100565097,3.7043867831335784,0.11735419322894518,server_A048_s42,stairs_10_down,0.13880380988121033,0.416808759933806,10.892546328299378,0.5561954192320506,0.45100897550582886,22,0.5076159823048467,True,303,7
19.98,0.2879353704713883,0.5256284486634093,2.9904437287559733,0.12553435666856888,server_A048_s42,stairs_10_down,0.12409715354442596,0.195382948685791,12.076705912065938,0.5474731190999349,0.4730835556983948,23,0.5154044421537045,True,303,7
19.98,0.289291333165717,0.5578842639113053,6.978072359539977,0.1484148467473448,server_A048_s42,stairs_10_down,0.19204993546009064,0.4030720285517926,12.946133238723192,0.5533341538906097,0.4725314676761627,24,0.527960150436403,True,303,7
19.98,0.2937519572476015,0.518961997153015,4.035232097696762,0.11646612095406537,server_A048_s42,stairs_10_down,0.1615697294473648,0.4348916588671986,12.451546309881653,0.5608528415362041,0.48043355345726013,25,0.5192440086393806,True,303,7
19.98,0.2581516868051361,0.5659437218148395,3.8094539140433454,0.16178754738992676,server_A048_s42,stairs_10_down,0.17983771860599518,0.36682167964055873,14.448531184920602,0.5810824978351593,0.5131006240844727,26,0.5512060255028363,True,303,7
19.98,0.28367682123168264,0.5300793766544998,9.133230323929965,0.16104777244031662,server_A048_s42,stairs_10_down,0.2461126148700714,0.37308895320005653,17.099487340571198,0.5500667230288188,0.42418166995048523,27,0.5018465499506568,True,303,7
19.98,0.27623082001180577,0.5603823653718735,5.76443262045093,0.17245991318815407,server_A048_s42,stairs_10_down,0.19007959961891174,0.4564103644074255,12.899603848823629,0.5766594254970551,0.44120028614997864,28,0.5183974201760284,True,303,7
7.46,0.31524500771002334,0.5253202216734097,3.627340803931798,0.1101645960434238,server_A048_s42,stairs_10_down,0.14541201293468475,0.3948867289305043,14.485112793140061,0.5337288693586986,0.4324503242969513,29,0.5877666276087506,True,303,3
19.98,0.25197795838595716,0.5678551721466742,5.326205461519184,0.1682561404372168,server_A048_s42,stairs_10_down,0.1681443601846695,0.4448822547108138,13.951384453803296,0.5637970153490702,0.3958858549594879,30,0.5968106913453434,True,303,7
19.98,0.2761568226756897,0.5540673422967416,6.711944488237212,0.13460799018146102,server_A048_s42,stairs_10_down,0.11337313055992126,0.03138098595136073,15.16672608472646,0.3959080538277825,0.3889329731464386,31,0.5356556950211501,True,303,1
19.98,0.2602872489384789,0.4549773379282827,4.379604879768836,0.1182070938701065,server_A048_s42,stairs_15_down,0.03813982009887695,0.005988859341883518,10.730511356701884,0.2237072518778344,0.39335936307907104,0,0.5770311055084137,True,303,0
19.98,0.24725272534365325,0.4935313742351631,4.121451568171512,0.11673549712419493,server_A048_s42,stairs_15_down,0.08953547477722168,0.10429727454119843,12.711579444359261,0.39704507986704507,0.3125786781311035,1,0.5517160245922428,True,303,1
4.6000000000000005,0.21780892625212028,0.36464219661001307,8.193830332530567,0.11603527502863477,server_A048_s42,stairs_15_down,0.03002375364303589,0.02204681646566847,23.52062299141293,0.20709646557768185,0.3066897392272949,2,0.5590218011332468,True,303,1
19.98,0.3221821016806332,0.5181889143843954,1.9586691647472685,0.09847834910282921,server_A048_s42,stairs_15_down,0.06905221939086914,0.04101029455396333,17.689432038110365,0.34182349304358167,0.2724379301071167,3,0.5133927365418602,True,303,7
19.98,0.25287763736146024,0.41961853482644484,14.644023952533532,0.22469918801728234,server_A048_s42,stairs_15_down,0.18292337656021118,0.09121898456129167,28.83896795925804,0.3673427248497804,0.5265995860099792,4,0.26459957550929053,True,303,2
19.98,0.22086723992531315,0.41431333144349175,5.8602583186074115,0.15256542289752426,server_A048_s42,stairs_15_down,0.016443312168121338,0.01198088375333852,13.19836297244619,0.2064280598858992,0.3442496061325073,5,0.6174811764363277,True,303,1
19.98,0.25115713738502665,0.4315944864759216,4.48135728223024,0.16768028766287452,server_A048_s42,stairs_15_down,0.014960289001464844,0.024479157316332423,13.845891191029763,0.2333752874781688,0.3522723913192749,6,0.5516431173181027,True,303,0
6.0600000000000005,0.291462409362436,0.5517638956715458,3.5380860658521094,0.11723578675700046,server_A048_s42,stairs_15_down,0.02650552988052368,0.02842899676346493,27.62720152599354,0.19911693354447682,0.26959776878356934,7,0.5618135289989481,True,303,0
5.72,0.19959146083038765,0.32208596385446936,7.674895298063283,0.13074796884458276,server_A048_s42,stairs_15_down,0.14175164699554443,0.013214578189118989,21.576720718947442,0.2393914100031058,0.3886997699737549,8,0.09947826183775171,True,303,1
5.34,0.2542887143209019,0.4767848521528631,4.454367509597014,0.13142136834657675,server_A048_s42,stairs_15_down,0.03231477737426758,0.009541814652731045,11.93016427898054,0.22086425024395187,0.2384871244430542,9,0.5616635006786516,True,303,1
19.98,0.23745754641166983,0.5301968517581884,7.782637348809008,0.23070853421270238,server_A048_s42,stairs_15_down,0.37237662076950073,0.49423936859136797,15.277194207036867,0.6477193824450175,0.5569443106651306,10,0.26754258732970004,True,303,3
19.98,0.23372279872868792,0.49765294504201774,6.844791475374816,0.20660928402776527,server_A048_s42,stairs_15_down,0.22480297088623047,0.019429876865940946,16.826187155651148,0.49741780338188013,0.5220219492912292,11,0.5547841211404816,True,303,2
19.98,0.27129371652309914,0.4932219141045542,3.980718690438979,0.12573922030211185,server_A048_s42,stairs_15_down,0.03064495325088501,0.008533983002089494,11.133723650112117,0.20414588763689,0.2993270754814148,12,0.5297070502739605,True,303,0
19.98,0.24354264547480617,0.4109310445905831,4.08397470552258,0.11651256458384457,server_A048_s42,stairs_15_down,0.012929022312164307,0.0012150530079339437,11.507764546422214,0.16241480555385351,0.25598853826522827,13,0.5335324788428385,True,303,0
19.98,0.27596772758718474,0.5327286594376117,7.850653408711388,0.11505275519529358,server_A048_s42,stairs_15_down,0.052498698234558105,0.028230586650555008,19.726107941865653,0.3112398869668444,0.3450050950050354,14,0.5433923436454816,True,303,0
19.98,0.19500827251908617,0.24006956600426782,6.657914032611934,0.09468599781796762,server_A048_s42,stairs_15_down,0.011917710304260254,0.001704711842096377,9.935174766468545,0.0549494475130147,0.18990039825439453,15,0.5664265493312509,True,303,0
4.28,0.26624117888071963,0.5553803767000731,12.051116511276419,0.18910242347502426,server_A048_s42,stairs_15_down,0.2672499716281891,0.24191617585985917,27.68925784846847,0.4953047251701355,0.47860220074653625,16,0.5774628995990063,True,303,2
19.98,0.2997940476246696,0.5032436657426078,1.8545353250466032,0.09941918282185916,server_A048_s42,stairs_15_down,0.02796614170074463,0.008889814192353082,25.042378529651664,0.21965081507029632,0.2750977873802185,17,0.5130911371482647,True,303,5
19.98,0.14998147567963216,0.14384898417438222,7.7262580285248,0.09501009840879202,server_A048_s42,stairs_15_down,,,,,,18,,False,303,0
19.98,0.2460721371900589,0.4726155535441879,2.6494211200207656,0.1232881122948045,server_A048_s42,stairs_15_down,0.03546321392059326,0.025459551894337178,13.432367053090925,0.2557300823057691,0.3004729747772217,19,0.57416637278411,True,303,0
19.98,0.13750295548834265,0.1466220743439971,10.172752130316205,0.10827831150430832,server_A048_s42,stairs_15_down,,,,,,20,,False,303,0
19.98,0.3025259851580635,0.535247850306041,3.011651461119074,0.09486133277969082,server_A048_s42,stairs_15_down,0.13657861948013306,0.2599338288556863,22.808390226614563,0.5332608793179194,0.4681006073951721,21,0.5525176410384051,True,303,3
19.98,0.2651597733261752,0.5545032120175294,5.7546604086439785,0.1697725238188862,server_A048_s42,stairs_15_down,0.18852919340133667,0.3494866983753618,29.546845225579766,0.5311755307515462,0.44948309659957886,22,0.6162291777745262,True,303,2
19.98,0.27086570723171544,0.4788845884782612,3.418352433479321,0.13092316355572503,server_A048_s42,stairs_15_down,0.12811166048049927,0.06482460920162753,20.076873891220494,0.4607522067427635,0.5037784576416016,23,0.5299638837105716,True,303,1
19.98,0.21128473435812453,0.468821317464684,11.437181799699113,0.1955348911969679,server_A048_s42,stairs_15_down,0.17924225330352783,0.017622835191909436,39.650062799459924,0.29815504282712935,0.417540967464447,24,0.610248146850576,True,303,1
15.700000000000001,0.2764671765100509,0.499689047334418,4.334878454908208,0.11919068487086383,server_A048_s42,stairs_15_down,0.020841538906097412,0.030448367789859206,27.598134035102152,0.21806752710913618,0.22719651460647583,25,0.5158522044036051,True,303,3
6.54,0.23213412381748466,0.5244383194549908,4.692980987501791,0.15914664576926588,server_A048_s42,stairs_15_down,0.1987372636795044,0.02785726937894116,13.262034892896526,0.5241265890250604,0.5160093307495117,26,0.5608157622521239,True,303,4
19.98,0.17913627468647167,0.25027047122864166,5.5897575454284025,0.09586039826659043,server_A048_s42,stairs_15_down,0.010409057140350342,0.00303188233941512,10.54941425462731,0.041727236608664196,0.15115588903427124,27,0.5527738167933149,True,303,0
19.98,0.2471863393350081,0.4425333227625308,7.21599827115235,0.20040723019766227,server_A048_s42,stairs_15_down,0.09901416301727295,0.019452693978826853,16.92310623767433,0.3923505290566633,0.5545809864997864,28,0.4434181008406324,True,303,2
19.98,0.3112647378731539,0.5308164780933562,3.469101038942318,0.0982152307125217,server_A048_s42,stairs_15_down,0.1243894100189209,0.07105527587827203,21.34272614157174,0.368042605171601,0.5359604954719543,29,0.6023837808173582,True,303,2
19.98,0.19456004656891138,0.4569237869301939,5.698458960756299,0.15185969205135352,server_A048_s42,stairs_15_down,0.028824269771575928,0.004575342546915139,17.60551900533936,0.20816883217232923,0.38045644760131836,30,0.636921367518195,True,303,0
19.98,0.2671733341146918,0.5251050552852832,11.13503794755445,0.13915874038484596,server_A048_s42,stairs_15_down,0.15990430116653442,0.0020758099146209615,24.36466377302337,0.35641862471820784,0.46041011810302734,31,0.5429381451484816,True,303,1
19.98,0.29929094385813904,0.4444988965486876,4.733771010206137,0.23997332819663028,local_A048_s42,stairs_10_down,0.07513034343719482,0.3150470037882885,16.847857919963467,0.4497756246725718,0.6145060062408447,0,0.4409266689264225,True,101,7
19.98,0.3098562884338718,0.46510218700352873,5.9081563658263185,0.28800892941803463,local_A048_s42,stairs_10_down,0.08748917281627655,0.019427197759655453,18.525456568224293,0.3100508550554514,0.5729645490646362,1,0.39374595417663527,True,101,1
19.98,0.35141069950904436,0.4747164204118311,1.9792064122227708,0.15611675450080195,local_A048_s42,stairs_10_down,0.03583437204360962,0.21969972482162936,18.615511753735017,0.38205137620369595,0.4883080720901489,2,0.46273513458465004,True,101,7
19.98,0.31995350110738036,0.45208275404119713,7.13704020042935,0.2574057939383699,local_A048_s42,stairs_10_down,0.11649760603904724,0.035071594684544814,23.777775382831393,0.282535054149727,0.6306149065494537,3,0.44805702799590175,True,101,1
19.98,0.35264171379294623,0.4728422380173455,2.73754860655144,0.1573993174922709,local_A048_s42,stairs_10_down,0.1269221305847168,0.032059829851127083,19.35247738410098,0.4680949758489927,0.5525581538677216,4,0.47493667565887693,True,101,7
19.98,0.3638049826296892,0.4597287995125686,2.914725876911396,0.13832335109401542,local_A048_s42,stairs_10_down,0.0779748260974884,0.1308442106189152,19.44611373327378,0.4337562342484792,0.5109913647174835,5,0.48916140329504815,True,101,1
19.98,0.3746051751356074,0.433633055114371,2.969256444428091,0.130552982032119,local_A048_s42,stairs_10_down,0.10018131136894226,0.3451866663534175,17.52228315353438,0.4724862837791443,0.5985930562019348,6,0.4449093033065802,True,101,3
19.98,0.37694105278521306,0.45538685133903023,2.5224595562485863,0.13074035190628042,local_A048_s42,stairs_10_down,0.11554865539073944,0.07613966951794414,21.813047881924344,0.41047013103961943,0.6009973585605621,7,0.4300769504803348,True,101,7
19.98,0.35932028345086353,0.4708014468872298,1.9653170298816287,0.15626639011667462,local_A048_s42,stairs_10_down,0.0039865076541900635,0.015199595219984284,16.4942489536711,0.17872253136709332,0.36531612277030945,8,0.4803640564525191,True,101,1
19.98,0.3730599144515507,0.4598332599832255,3.222274466301171,0.12207499157473135,local_A048_s42,stairs_10_down,0.13097964227199554,0.03313250698822962,20.04194575638229,0.44034881363312406,0.613153725862503,9,0.48187977347047967,True,101,7
19.98,0.3665390716612657,0.484344894160419,3.2608863701161077,0.1264787829284673,local_A048_s42,stairs_10_down,0.044441938400268555,0.005394474347103018,15.28586274666344,0.3125486427390327,0.5249194800853729,10,0.476549709085592,True,101,6
19.98,0.27430364356958925,0.37883272237495436,6.649380112983644,0.2851219245487089,local_A048_s42,stairs_10_down,0.07654216885566711,0.07830632907221789,20.05167932193371,0.2877060829848051,0.5542762577533722,11,0.48526263761434046,True,101,7
19.98,0.30191975516750214,0.4364135653661,4.1327103617065655,0.2599463794623642,local_A048_s42,stairs_10_down,0.07662084698677063,0.1101473730449772,15.319739341198414,0.3906098200629155,0.6233282387256622,12,0.5046698790443316,True,101,4
19.98,0.29389107801219355,0.43680242586577706,3.4428937041955936,0.2824516426899709,local_A048_s42,stairs_10_down,0.10806474089622498,0.12417078844802398,19.18011790526311,0.4240747202436129,0.7062017917633057,13,0.48696213353875833,True,101,2
19.98,0.3020038731762751,0.4797082362713474,6.177009404805265,0.3236141486126683,local_A048_s42,stairs_10_down,0.17527362704277039,0.2625045632058132,17.89471986169872,0.516754933198293,0.7109969854354858,14,0.4583203971439571,True,101,2
19.98,0.3735702630909369,0.4450267722337777,2.070987858645857,0.13499769262617767,local_A048_s42,stairs_10_down,0.1335422694683075,0.14964013257954165,21.578308661478275,0.45836171011130017,0.6277069449424744,15,0.45982237165906276,True,101,7
19.98,0.362750949974366,0.4548771122868409,2.433899958424809,0.1436348277527301,local_A048_s42,stairs_10_down,0.08628098666667938,0.11273438168967796,21.26117552713655,0.38591749330361685,0.5484968423843384,16,0.4628692752888475,True,101,1
19.98,0.3086849589398838,0.4281876168720879,4.510175189610636,0.24467115875576384,local_A048_s42,stairs_10_down,0.08734308183193207,0.07461962201435644,18.341353718218535,0.36554941912492117,0.5490489304065704,17,0.4846556004672127,True,101,1
19.98,0.3059789712368486,0.4327529249710906,3.9855685248757653,0.26536444465797004,local_A048_s42,stairs_10_down,0.14656685292720795,0.061316196117677975,19.140755523800262,0.472032706985871,0.609980896115303,18,0.46907793889897575,True,101,4
19.98,0.3556608332988413,0.4720024114569443,2.8032603623281913,0.14170818851775946,local_A048_s42,stairs_10_down,0.10849466919898987,0.29202199702228426,20.294696000172554,0.49703120867411293,0.7385976612567902,19,0.48810373834500403,True,101,2
19.98,0.37338518629896456,0.4637281657573731,2.943578546311536,0.12772524331522225,local_A048_s42,stairs_10_down,0.13841211795806885,0.0679483695432328,16.554943993875085,0.49280345877011617,0.5660980939865112,20,0.46418415847959693,True,101,7
19.98,0.32653592291203415,0.46034670577845554,4.177233317670408,0.19926003803591674,local_A048_s42,stairs_10_down,0.049892932176589966,0.0819748791105997,16.885781438694174,0.3325547919670741,0.6049551069736481,21,0.47575000613068646,True,101,7
19.98,0.35029184117355455,0.48632226014177965,2.7605131586755873,0.14665998319020804,local_A048_s42,stairs_10_down,0.12559150159358978,0.23056975947281477,22.128303642195185,0.4952488132317861,0.6809890270233154,22,0.46109850884672043,True,101,2
19.98,0.305166821367441,0.45323848668714994,6.000807761269969,0.28949308368976895,local_A048_s42,stairs_10_down,0.08623430132865906,0.004716509689024688,17.159491354055366,0.2917603500156353,0.5546130239963531,23,0.4975287002382914,True,101,1
19.98,0.2555383449649428,0.31843648196031893,7.4279915874122935,0.2911921310125579,local_A048_s42,stairs_10_down,0.0559084415435791,0.016713629808052268,16.357233265327718,0.21143550635625918,0.4999995231628418,24,0.4796254128653276,True,101,7
19.98,0.36520538861738805,0.4740974437417498,2.481965410922988,0.14302321436726226,local_A048_s42,stairs_10_down,0.06157371401786804,0.07796438829363833,16.427794147845,0.3375818311919769,0.6069257855415344,25,0.5017332295242675,True,101,7
19.98,0.3528708331517994,0.47932095293987476,3.621039072067872,0.17533549032442092,local_A048_s42,stairs_10_down,0.0966092199087143,0.037579181715310696,23.779816613483305,0.368728020687898,0.5770795047283173,26,0.47716388742422033,True,101,1
19.98,0.29470996616039685,0.42269921176073244,4.964590417930212,0.2678453591089612,local_A048_s42,stairs_10_down,0.10244466364383698,0.1022448940888413,13.721186995439377,0.33317328612009683,0.5676425993442535,27,0.4332648980790614,True,101,7
19.98,0.28987688557508795,0.40358883407312307,5.668032495210379,0.28533431787734387,local_A048_s42,stairs_10_down,0.10970021784305573,0.002287659404400669,21.781685955086598,0.33182198766618964,0.5435429513454437,28,0.5132566235758518,True,101,7
19.98,0.29061401332125947,0.48512915196912476,5.775393791868679,0.2579325437243936,local_A048_s42,stairs_10_down,0.14279219508171082,0.07501304460733013,24.114156958629625,0.44704232007265093,0.523395836353302,29,0.4853399849604043,True,101,1
19.98,0.3726491648755609,0.45372905342437597,2.8304471156703586,0.12317344925270093,local_A048_s42,stairs_10_down,0.07046891748905182,0.09790268948292218,17.31067891052743,0.4321100693444411,0.6070934236049652,30,0.46859736467311464,True,101,1
19.98,0.3097627139713037,0.40246368220928497,3.9726612606473704,0.2355502466446245,local_A048_s42,stairs_10_down,0.042338818311691284,0.05760485472374662,10.868194021099205,0.3434070304532846,0.5441367626190186,31,0.4817518682439832,True,101,6
19.98,0.2828266461902761,0.3579891906997419,5.406307332602949,0.18531161694429812,local_A048_s42,stairs_15_down,0.01810479164123535,0.07723888389771866,15.317399576998689,0.18992710754275322,0.4142776131629944,0,0.4402624598862296,True,101,0
19.98,0.27608302918028704,0.37781864251483044,4.325093171879032,0.25203749427149347,local_A048_s42,stairs_15_down,0.02223193645477295,0.022154444070052893,9.732316380319388,0.1188261362661918,0.5814656615257263,1,0.3953354451189612,True,101,0
19.98,0.335583569468024,0.47411967050828674,2.2870170118973348,0.1662610088685473,local_A048_s42,stairs_15_down,0.02168351411819458,0.007963849051977896,15.560716327197028,0.23244317245980103,0.4190966486930847,2,0.467464133137496,True,101,0
19.98,0.24478972844261537,0.29060542962855546,6.8898287784507355,0.20514838487310447,local_A048_s42,stairs_15_down,0.01231449842453003,0.0015295541516509872,24.522388526559993,0.0940869965805905,0.23295730352401733,3,0.47743766272856314,True,101,0
4.84,0.3374763045145228,0.4664263763811274,2.5144629107241916,0.16747539538146816,local_A048_s42,stairs_15_down,0.01143956184387207,0.02494564898578572,17.132164083700033,0.2056809369971355,0.3194078803062439,4,0.4754816156813987,True,101,0
19.98,0.3527267980384316,0.48004889937390927,2.53687927326048,0.1392215859699504,local_A048_s42,stairs_15_down,0.11331319808959961,0.20619668397060228,24.44673613607718,0.4340966475009918,0.7683455944061279,5,0.5041637171412752,True,101,3
19.98,0.37635795407435474,0.44693916678640294,3.21978835196269,0.1385813269580285,local_A048_s42,stairs_15_down,0.07843732833862305,0.08486546219612234,14.9267813518952,0.35038114042331775,0.5942478775978088,6,0.49647865391037915,True,101,0
14.34,0.3742117308263473,0.4528328204102363,2.6010403125239456,0.1349434927955619,local_A048_s42,stairs_15_down,0.012266755104064941,0.01234545527452105,12.806462524605847,0.17958445114394028,0.27621835470199585,7,0.4235818717682843,True,101,1
7.68,0.34738414538097895,0.472498867951555,1.9093266055920777,0.16714477032095765,local_A048_s42,stairs_15_down,0.07637596130371094,0.028837168485353133,25.715287720933958,0.29955030508339403,0.5382880568504333,8,0.48856117791376263,True,101,0
19.98,0.3665161285362142,0.4482478722730474,2.7204817027251393,0.13563080262122953,local_A048_s42,stairs_15_down,0.014509022235870361,0.0013493905932228354,32.18283653566422,0.14651990798612435,0.33517032861709595,9,0.4578587821825224,True,101,0
19.98,0.36045931989177665,0.4902788147288263,2.9398401812879973,0.1415795889538589,local_A048_s42,stairs_15_down,0.08112537860870361,0.04790767217181296,15.800189599024002,0.37082375064492223,0.4935026168823242,10,0.460093146486762,True,101,0
19.98,0.22090308852374235,0.2594495110019615,7.177004536835565,0.18057324700070604,local_A048_s42,stairs_15_down,0.001354515552520752,0.004659845995827452,16.848800537696405,0.05489900954378148,0.3112778067588806,11,0.47553333745689813,True,101,0
19.98,0.2680863485808041,0.367731676949144,4.549214663743819,0.2734619021488586,local_A048_s42,stairs_15_down,0.014692902565002441,0.006177485115245737,13.231616757871263,0.16215104694167773,0.4166901111602783,12,0.5042711341395725,True,101,1
7.5,0.2736504122439552,0.3855801135289876,3.8118852678166433,0.2375180676939472,local_A048_s42,stairs_15_down,0.07979768514633179,0.13189839214535928,13.626011213601448,0.2944978684186935,0.5642399191856384,13,0.5037340257255728,True,101,0
19.98,0.2676301106954003,0.39201750322310597,4.452691735862225,0.2626589140791941,local_A048_s42,stairs_15_down,0.013905584812164307,0.02438644141995855,13.165806376681147,0.20871345522503057,0.40174275636672974,14,0.422156761153491,True,101,0
19.98,0.3693845749825717,0.44164786916606935,2.0054935037231747,0.13386504286535075,local_A048_s42,stairs_15_down,0.09421670436859131,0.08268968436554834,18.234414221401742,0.35169181033968927,0.5839869379997253,15,0.436956289248425,True,101,0
19.98,0.3492027002573013,0.45609372058597375,2.267576609331619,0.165210483351877,local_A048_s42,stairs_15_down,0.020102620124816895,0.06993860495440693,12.401189143162089,0.235721621910731,0.44698864221572876,16,0.4651105830193171,True,101,0
19.98,0.2681442986994503,0.3610772313089137,6.100180534989803,0.25034977596988695,local_A048_s42,stairs_15_down,0.11342883110046387,0.004196591350366822,28.43076719734161,0.32745290321608383,0.5950078368186951,17,0.45606636896526737,True,101,1
19.98,0.2676816971129912,0.341554249221587,4.88625184618317,0.21242971841558667,local_A048_s42,stairs_15_down,0.05485421419143677,0.006498972703477507,15.819230362673592,0.1964472255234917,0.5611419677734375,18,0.441732540042304,True,101,1
19.98,0.3393722532235365,0.464115387370639,2.7598040417835326,0.1646504555655448,local_A048_s42,stairs_15_down,0.12687766551971436,0.14190773528530487,25.00842295384591,0.4087180014451345,0.6825834512710571,19,0.4892825799146314,True,101,3
19.98,0.3708010560242251,0.4622263325364363,2.7229106300976373,0.1293872128142551,local_A048_s42,stairs_15_down,0.0031824707984924316,0.004585585297277171,29.5132333310375,0.14373803812700015,0.30307620763778687,20,0.45549104269538554,True,101,0
19.98,0.30672926530799766,0.42812960828598906,4.365293242485782,0.1730638826050478,local_A048_s42,stairs_15_down,0.0038536787033081055,0.0019943480954577155,23.429851606061405,0.1576029136683792,0.2601206302642822,21,0.47681206812659505,True,101,0
19.98,0.3339964635359412,0.48334320628275756,2.4771587295871726,0.16386360641897588,local_A048_s42,stairs_15_down,0.08694040775299072,0.21777955033860502,26.08477806675063,0.4353268939256668,0.6799489259719849,22,0.46004245712849356,True,101,1
19.98,0.27198078800968944,0.40167584790025446,5.509616079344186,0.29567895629532553,local_A048_s42,stairs_15_down,0.11985743045806885,0.04817535053792502,21.706463069745524,0.3317304564019044,0.6024762988090515,23,0.4839902790152176,True,101,1
3.7,0.24594783357757932,0.35961884967288765,7.622137034806754,0.27447452975356207,local_A048_s42,stairs_15_down,0.05806469917297363,0.0763430828535616,15.504641466996958,0.24455174227555593,0.495736300945282,24,0.4525030401710762,True,101,0
19.400000000000002,0.3626143620007815,0.47966429478125794,2.21995286344597,0.14117574270134825,local_A048_s42,stairs_15_down,0.004715621471405029,0.004925086209438506,14.071265718769927,0.21365333964427313,0.28107911348342896,25,0.492589407174155,True,101,0
19.98,0.3368096168570339,0.47510367079586646,3.1629851660971884,0.18918105822680556,local_A048_s42,stairs_15_down,0.07843703031539917,0.09466374761775162,19.902157116061677,0.35444318597515423,0.5813971161842346,26,0.4810376935891585,True,101,1
19.98,0.27976117134412976,0.41540396632168686,4.795381477781868,0.2832980061475805,local_A048_s42,stairs_15_down,0.02258700132369995,0.17086661199319034,12.15738572649085,0.3049548774460952,0.5279600620269775,27,0.3352962535344553,True,101,0
10.040000000000001,0.2542557377834371,0.31079192293944646,5.23852892118938,0.20031132302856255,local_A048_s42,stairs_15_down,0.0,0.00377848547367331,12.283214570329116,0.11613707574394842,0.2760574221611023,28,0.5039184940925202,True,101,0
4.8,0.26156503088015287,0.42573296433348323,5.375863702256919,0.26166204257996434,local_A048_s42,stairs_15_down,0.07270407676696777,0.09475612969844481,11.865910946970105,0.3344939378897349,0.5833908915519714,29,0.46852306292371604,True,101,0
19.98,0.3673698124528569,0.46333663077584325,2.94959143554714,0.1214498183336669,local_A048_s42,stairs_15_down,0.10243111848831177,0.10623241868394766,25.819174408502732,0.41159304151932397,0.567355751991272,30,0.4727785950135494,True,101,1
19.98,0.27741502449792976,0.3482650612125609,3.5703918127094316,0.20628661057578626,local_A048_s42,stairs_15_down,0.004060089588165283,0.010059561447281816,14.156876552409184,0.16003495042522747,0.3959238529205322,31,0.4779210686620914,True,101,0
19.98,0.2830716519719139,0.40092208823624276,7.601353067129127,0.29692050399018344,local_A048_s42,stairs_10_down,0.14645202457904816,0.0257099180251702,18.01173962244222,0.38634279852112136,0.5518961697816849,0,0.4555525636119065,True,202,7
19.98,0.262050024283761,0.3489069169362501,6.963732635493519,0.2849471993353213,local_A048_s42,stairs_10_down,0.05452597141265869,0.014457706379772657,17.61593761165565,0.23421109616368388,0.5523435771465302,1,0.48447112052031316,True,202,3
19.98,0.37492326714297675,0.43802931355704866,3.099653528574093,0.12869174221011015,local_A048_s42,stairs_10_down,0.02605259418487549,0.012418569367180821,18.895396546695313,0.20845146724488586,0.2694815397262573,2,0.45074215423083985,True,202,7
19.98,0.3139527232992776,0.47532348937162594,6.717907888451534,0.28708804811800775,local_A048_s42,stairs_10_down,0.1632721722126007,0.035538118212650384,19.645765091604616,0.47370270468915504,0.5557730793952942,3,0.4759281211701071,True,202,7
19.98,0.3732217364292094,0.4631470943767514,2.5953804639345814,0.1415132767027861,local_A048_s42,stairs_10_down,0.004322528839111328,0.061263068075547794,12.839453372658001,0.3334201459089915,0.4039667546749115,4,0.47335660445494454,True,202,7
19.98,0.2961797339425367,0.4302456483753736,6.139909563310146,0.24558312213352637,local_A048_s42,stairs_10_down,0.03840428590774536,0.17906217447916575,14.309236305066907,0.3522986809412638,0.5028724670410156,5,0.48887157353877064,True,202,7
19.98,0.3023020503371157,0.4972599455757944,5.121998488512053,0.2724276278038371,local_A048_s42,stairs_10_down,0.1169072687625885,0.32382725012763186,15.850456976397721,0.4933989159266154,0.5945950746536255,6,0.4868118534014711,True,202,2
19.98,0.2962255769481953,0.4353058295721573,7.389920299816643,0.26674011263989694,local_A048_s42,stairs_10_down,0.13583412766456604,0.010479326466130893,21.81624604218044,0.34893945316473646,0.5950018763542175,7,0.4955962852879289,True,202,6
19.98,0.3289371633290606,0.465485344601656,2.783026135469975,0.21378436326926084,local_A048_s42,stairs_10_down,0.043921202421188354,0.001582190340005349,13.77388408180762,0.3246477577129068,0.5286768078804016,8,0.4979168680052078,True,202,7
19.98,0.29238616840087156,0.3852510396800967,5.603119982473864,0.28068079768795207,local_A048_s42,stairs_10_down,0.11739394068717957,0.03883060568314971,23.310577042114936,0.31823787684241933,0.5467362701892853,9,0.4990556381116098,True,202,1
19.98,0.3699835977484198,0.45484922297492497,2.7628575832475764,0.1432615036905219,local_A048_s42,stairs_10_down,0.11342029273509979,0.3181243524020096,17.285663890911593,0.5031452965736389,0.6374016404151917,10,0.4701078982694463,True,202,7
19.98,0.36648206908116365,0.47412801983165037,2.7118297216547047,0.1318910416964953,local_A048_s42,stairs_10_down,0.07013720273971558,0.1422920007966535,12.896283843102555,0.48768977363904314,0.45782700181007385,11,0.4741089924608268,True,202,7
19.98,0.33329497812903514,0.4729555870490192,3.2572694022067856,0.18907096200136722,local_A048_s42,stairs_10_down,0.09018705785274506,0.3343030953917989,16.15034535748981,0.46244462649027507,0.6981365382671356,12,0.4994415860438995,True,202,3
19.98,0.363011208508104,0.46209329166642704,3.205149778568897,0.15264276512446498,local_A048_s42,stairs_10_down,0.09880970418453217,0.09616168225050407,21.91766663714329,0.44402315994103747,0.6503038108348846,13,0.5140166218353347,True,202,4
19.98,0.3508061250024301,0.4814617149293617,2.3083781648603274,0.16330511393369676,local_A048_s42,stairs_10_down,0.03015121817588806,0.0025147171441864628,13.661366261884975,0.25429551932495087,0.5858056247234344,14,0.4723751099170688,True,202,7
19.98,0.3636197722930322,0.47499272409288146,2.6314947663865604,0.13297999914107247,local_A048_s42,stairs_10_down,0.10472430288791656,0.1024090717583098,23.442602567297005,0.46581065278500317,0.547298789024353,15,0.4866610783992528,True,202,2
19.98,0.3357219999088322,0.44986698578918605,3.159193384707206,0.1949254840879862,local_A048_s42,stairs_10_down,0.12074768543243408,0.12912754015168687,23.171237688037234,0.42266541969031096,0.6005644798278809,16,0.47335495825115287,True,202,7
19.98,0.29624871453977525,0.36599652327827087,5.14744582084445,0.20078868292415789,local_A048_s42,stairs_10_down,0.02535960078239441,0.012288425033365896,15.666222225593732,0.22592770052452882,0.5166545510292053,17,0.5027146490445659,True,202,7
19.98,0.32058301807724854,0.4389797859247405,3.6173245508906247,0.20178212453623284,local_A048_s42,stairs_10_down,0.06462997198104858,0.08092570950065589,16.32083900586094,0.34788068021337193,0.5840495228767395,18,0.4893159187839259,True,202,6
19.98,0.3112143022826011,0.4294919114886493,4.474631117086289,0.27782592597799877,local_A048_s42,stairs_10_down,0.04860016703605652,0.06309677703846195,12.574398576228713,0.3146840155000488,0.6014630198478699,19,0.5015092288544163,True,202,7
19.98,0.3660636764764786,0.4847220691081099,2.9547945318521043,0.1347301518083649,local_A048_s42,stairs_10_down,0.05085623264312744,0.20633420207291472,9.932046863916293,0.42759715298811596,0.5825348198413849,20,0.48968149926818294,True,202,4
19.98,0.3700396375174828,0.47872513407949874,3.234332911547304,0.12640449286316469,local_A048_s42,stairs_10_down,0.04262983798980713,0.05215556464362542,18.618710305907914,0.364082489858071,0.6228998303413391,21,0.4874234037992046,True,202,2
19.98,0.24894723899542967,0.24226673761492976,7.542062301821386,0.1952380910671213,local_A048_s42,stairs_10_down,0.012813001871109009,0.007751121118777998,16.19623658391005,0.05653896238810072,0.2466835081577301,22,0.49118646525023957,True,202,6
19.98,0.3444781880710214,0.4743742157239002,3.7102358853408814,0.18344941642689813,local_A048_s42,stairs_10_down,0.018789142370224,0.19019482763305784,11.972942727963511,0.39531837607423465,0.6905823945999146,23,0.4814870045282531,True,202,6
19.98,0.28009078938533916,0.3636665490764166,5.729750535340491,0.2822081088298079,local_A048_s42,stairs_10_down,0.1478092521429062,0.013583822637887549,21.32600784543226,0.32785277084757886,0.5901657044887543,24,0.4887083016893489,True,202,7
19.98,0.30055088810423475,0.4870684818888823,5.040720151087535,0.27886020479407647,local_A048_s42,stairs_10_down,0.11362338066101074,0.3074945425936215,19.062967208742087,0.48646637380123137,0.558597594499588,25,0.4738653726665482,True,202,2
19.98,0.3255857302862056,0.43534143746245646,3.4610370209395005,0.2296719699164239,local_A048_s42,stairs_10_down,0.09656809270381927,0.18179623575687384,16.352212196094527,0.40345045904318494,0.631018728017807,26,0.49126013553622294,True,202,1
19.98,0.3656314749099354,0.4808612331559491,2.6918774951116173,0.14124773647312486,local_A048_s42,stairs_10_down,0.07758975028991699,0.2972412036670372,16.45571428469104,0.465296296676,0.6620563566684723,27,0.4918167393292481,True,202,1
19.98,0.36696358121812034,0.4662438367097025,3.1004233059475284,0.13676257916884776,local_A048_s42,stairs_10_down,0.11647291481494904,0.028306308688722602,17.25338426447589,0.45495638916889825,0.5858205258846283,28,0.47970532017867895,True,202,6
19.98,0.30837654576980494,0.46541273502622077,5.686932496970033,0.28885537180089066,local_A048_s42,stairs_10_down,0.13325734436511993,0.037067911202067906,27.14509192932717,0.4340784377853076,0.6057411432266235,29,0.48296654100745123,True,202,7
19.98,0.3432305389578967,0.4767406263492371,2.7901571817519444,0.18600554194843863,local_A048_s42,stairs_10_down,0.10014888644218445,0.04282122640703732,16.464356081838346,0.38733131895462675,0.55084228515625,30,0.49171838161567144,True,202,4
19.98,0.341009289904393,0.492898683336666,3.4852734219573263,0.1892284449894595,local_A048_s42,stairs_10_down,0.09344185888767242,0.302461406013964,15.032678413783556,0.48050018390019733,0.5937956273555756,31,0.5197144985768142,True,202,7
19.98,0.23969195253708786,0.25664692448430093,5.770279173618252,0.21572920565988862,local_A048_s42,stairs_15_down,0.030366063117980957,0.008683608437867328,14.931155916261798,0.12651852554952106,0.3591462969779968,0,0.42219967186157875,True,202,0
3.56,0.2329344657398162,0.25535854159921756,7.255265637783584,0.24245998145120445,local_A048_s42,stairs_15_down,0.1292242407798767,0.11247340038933133,39.25324200656511,0.2788136057859781,0.4971802234649658,1,0.0732012423551456,True,202,0
13.22,0.3687064509946395,0.45811984820267304,2.8398273069003994,0.1377837469657051,local_A048_s42,stairs_15_down,0.07711619138717651,0.026238746070861577,18.640038265859182,0.24864016029052435,0.5167052149772644,2,0.49726316729841,True,202,1
19.98,0.2372590307469037,0.2722714731860396,6.684656870979251,0.1939997570113342,local_A048_s42,stairs_15_down,0.01141887903213501,0.001974647304054064,20.708901826138153,0.09599614597236117,0.26245564222335815,3,0.481661414337268,True,202,0
19.98,0.3688502586684763,0.4548805549213587,2.9830123016085146,0.14048152907334022,local_A048_s42,stairs_15_down,0.026222527027130127,0.00426077387434117,10.581375301394198,0.20141744263780614,0.5380719900131226,4,0.4950481832303921,True,202,1
19.98,0.23678261346995508,0.2839870541138063,13.034520068453684,0.18551211967714332,local_A048_s42,stairs_15_down,0.001978158950805664,0.0017158030064386397,35.24023402319108,0.050669043843323984,0.22958219051361084,5,0.4778165306441531,True,202,0
19.98,0.26680175486732927,0.474440006472821,6.497437707364948,0.2797969618135327,local_A048_s42,stairs_15_down,0.08050352334976196,0.11537179060287493,23.97053259303117,0.37753755611677964,0.6008654832839966,6,0.47561592219005405,True,202,1
19.98,0.2213193133648704,0.24929562523833354,6.752608185532053,0.22310053635397833,local_A048_s42,stairs_15_down,0.008299410343170166,0.004824938415924709,15.207971678451297,0.04813253890334939,0.33200085163116455,7,0.4548800107817973,True,202,0
19.98,0.3100309698594445,0.4624698189857566,3.0500796613392795,0.2218876027335525,local_A048_s42,stairs_15_down,0.007277727127075195,0.006423322663461054,24.583050315691253,0.16727772823845347,0.3035604953765869,8,0.4810113822143991,True,202,0
19.98,0.26604357062495326,0.35181947811414543,6.433069515548426,0.24177979197033286,local_A048_s42,stairs_15_down,0.06847608089447021,0.016981968725303873,23.12238589631919,0.19347949391851824,0.5456537008285522,9,0.5054095070790612,True,202,0
19.18,0.3644494337002861,0.45377037159831396,2.764481271355144,0.14850818014123474,local_A048_s42,stairs_15_down,0.10731154680252075,0.1303485548913402,25.985099612397246,0.4250253959496816,0.6567806005477905,10,0.46347711282388426,True,202,0
19.98,0.3592216061430182,0.47616466289582043,2.3688257090207245,0.14586475529159884,local_A048_s42,stairs_15_down,0.0,0.009160338720592364,35.90749827038247,0.2261128626173983,0.2689152956008911,11,0.46020604009075583,True,202,0
19.98,0.31942638206609425,0.4553967028770753,2.910912054076219,0.1973082161802498,local_A048_s42,stairs_15_down,0.004440188407897949,0.2647363178604514,15.048075968910672,0.38000998536745706,0.47525614500045776,12,0.43427714352708685,True,202,0
19.98,0.35571236874011747,0.45500471395122183,3.272596515333599,0.15404495544999774,local_A048_s42,stairs_15_down,0.08690434694290161,0.15942745440354295,17.919732471749473,0.3903889459371567,0.7291868329048157,13,0.5024722187070862,True,202,4
19.98,0.33911037804608674,0.4726915148364985,2.0939981135076424,0.18811902265889982,local_A048_s42,stairs_15_down,0.0045585036277771,0.0007842057272153556,36.31255565699195,0.14349580490340788,0.2405717968940735,14,0.47371113268393017,True,202,0
19.98,0.35934552660600383,0.4658204643948022,2.3310917721183197,0.15122117248491454,local_A048_s42,stairs_15_down,0.013396680355072021,0.0027290544981085053,35.31729250182868,0.15722317365308602,0.24889111518859863,15,0.45019006162024866,True,202,0
19.98,0.3134097121233609,0.4183680254373463,2.493754248572755,0.19542035833611124,local_A048_s42,stairs_15_down,0.06789129972457886,0.005822917392193199,17.002002565346885,0.26126921952391663,0.5679622292518616,16,0.48851702922556284,True,202,1
19.98,0.26671372971432733,0.3571827541511889,7.115862040566541,0.19563595602681264,local_A048_s42,stairs_15_down,0.01810544729232788,0.002585335092635732,34.28326124975322,0.12601932858427364,0.2612754702568054,17,0.48568134310361594,True,202,0
19.98,0.2918609341931216,0.4435901069392616,3.501682348275689,0.2231515910844374,local_A048_s42,stairs_15_down,0.07256859540939331,0.05686768378713687,17.019606143861523,0.22555119385321934,0.4954412579536438,18,0.5043072759193206,True,202,0
19.98,0.26782439189798696,0.34388763921180854,5.37296211143072,0.22147642976822457,local_A048_s42,stairs_15_down,0.05488771200180054,0.017577046259670832,27.649243080386235,0.21562447083260244,0.5567580461502075,19,0.508298100043504,True,202,1
19.98,0.3620501993397341,0.483018820381991,3.037216708911253,0.14500638595021836,local_A048_s42,stairs_15_down,0.12146461009979248,0.0734340732087852,24.437178488101708,0.3865704415738583,0.6194382905960083,20,0.48379966009316777,True,202,1
19.98,0.3632967760664894,0.4850001801502858,2.810040042563999,0.14453214601436204,local_A048_s42,stairs_15_down,0.1242285966873169,0.2443483303516376,25.239120405589986,0.4106026435891787,0.70781409740448,21,0.5199790749799437,True,202,2
19.98,0.19703321242077462,0.20512131145823104,16.33144980625349,0.16533598284402082,local_A048_s42,stairs_15_down,0.0,0.0014441219281154057,30.909842482508793,0.008487608049375315,0.11864453554153442,22,0.4238011945034404,True,202,0
19.98,0.3265970499980896,0.46951959565260465,3.4993846426522723,0.2025911825810612,local_A048_s42,stairs_15_down,0.07218652963638306,0.11162188235277148,17.049461462976254,0.36425073464711505,0.5514070391654968,23,0.481611698469786,True,202,0
19.98,0.235055948081501,0.28954116840614025,14.704599128476836,0.17351061546654886,local_A048_s42,stairs_15_down,0.01862269639968872,0.015989524768599748,40.424151753955755,-0.012381401595969994,0.2597048878669739,24,0.4723191996261476,True,202,0
19.98,0.27905705500095285,0.43403649560849383,4.217939338458423,0.2702708059614823,local_A048_s42,stairs_15_down,0.024166524410247803,0.02478621454211419,12.583415215888921,0.2491771675894658,0.4437461495399475,25,0.4821344909475944,True,202,0
7.0600000000000005,0.2968080213235661,0.4203534383571821,3.320758613300423,0.24361140358230066,local_A048_s42,stairs_15_down,0.0557858943939209,0.01912122849119402,13.98932369210252,0.24218228737513225,0.5254536867141724,26,0.4567949068957084,True,202,0
19.98,0.36525877263775486,0.479956898669683,2.672556177607335,0.12544809475010327,local_A048_s42,stairs_15_down,0.10162192583084106,0.3094867584026505,18.8110826592307,0.45733569224675497,0.7153913378715515,27,0.4540119011689654,True,202,1
19.98,0.35971154259169164,0.47445943078892355,2.7698612326541454,0.150045013862012,local_A048_s42,stairs_15_down,0.048081815242767334,0.007480656658556458,13.417554736668766,0.22831178105746705,0.39703547954559326,28,0.4791101167359859,True,202,0
4.14,0.25645591347612795,0.3173482553964163,4.848863106006051,0.20871027031060885,local_A048_s42,stairs_15_down,0.08099991083145142,0.01951137447902143,19.235289881711626,0.1984236289716015,0.47109872102737427,29,0.4840725196435439,True,202,0
19.98,0.32550674583503914,0.4743296854133457,2.874809737260524,0.191555846312366,local_A048_s42,stairs_15_down,0.02412945032119751,0.004567013864248469,17.3502546019199,0.2080545056797564,0.31074434518814087,30,0.4823633256457767,True,202,0
19.98,0.32332559469230676,0.49013478012377043,3.7177585622364884,0.2066032470379355,local_A048_s42,stairs_15_down,0.0045683979988098145,0.09423733981130246,10.725759738579892,0.30450648834307986,0.518798828125,31,0.5003573218197886,True,202,0
19.98,0.3441132190759806,0.43974552712560017,2.8073501141517556,0.19957931854142366,local_A048_s42,stairs_10_down,0.04477158188819885,0.02185621221081732,15.240055621506361,0.30356825297077494,0.6134152412414551,0,0.453496947020312,True,303,3
19.98,0.3297236003403996,0.48161756060395816,3.2423029314650322,0.20907753614764862,local_A048_s42,stairs_10_down,0.06764048337936401,0.09978851891890278,15.173381795870851,0.45729762693246206,0.5980938673019409,1,0.4808079123660285,True,303,2
19.98,0.3038960050548462,0.36190807304003814,4.442792040138057,0.2144675533274549,local_A048_s42,stairs_10_down,0.043756186962127686,0.03669593540308553,17.834415125203687,0.2866267501314481,0.5835928022861481,2,0.465831475338643,True,303,7
19.98,0.3708343950200847,0.4404440087467962,2.1046285974104335,0.13494768673833393,local_A048_s42,stairs_10_down,0.11314867436885834,0.05773488296429296,20.92742180004048,0.4209367090463638,0.6607919931411743,3,0.44107291313380725,True,303,7
19.98,0.30498209667078313,0.44970013815403276,5.170127433583576,0.2480453845933347,local_A048_s42,stairs_10_down,0.05255785584449768,0.10321393779448143,12.822952993211572,0.35614174608762067,0.6065316498279572,4,0.43978854916840204,True,303,6
19.98,0.31817449684130317,0.47377016204845446,3.737034667845797,0.2683173686601183,local_A048_s42,stairs_10_down,0.08060362935066223,0.13477874707305193,14.645882083400991,0.41910875429709754,0.6546996533870697,5,0.4891282559929258,True,303,1
19.98,0.3396786462798475,0.4754594968884347,2.805927887517302,0.18654801500382048,local_A048_s42,stairs_10_down,0.1652204841375351,0.3169493302385537,19.751134928426136,0.5087959194183349,0.649639219045639,6,0.48051305438195835,True,303,2
19.98,0.37360815288708177,0.4812853661740335,3.19167565320271,0.12116798163671233,local_A048_s42,stairs_10_down,0.08806018531322479,0.046082892323977366,23.037133134576205,0.35954626684387525,0.5775026977062225,7,0.46837023209956746,True,303,1
19.98,0.2840012641306867,0.4296705385285056,8.35411782037077,0.31199095154635503,local_A048_s42,stairs_10_down,0.13171325623989105,0.004283659626512616,21.216254269102322,0.3647400069733461,0.6549865007400513,8,0.4388883550145827,True,303,5
19.98,0.33754004581726804,0.44816413648497955,3.2004654080224975,0.16632558714594195,local_A048_s42,stairs_10_down,0.13033464550971985,0.12821968558687985,22.398857407221143,0.40964692922929924,0.5867138504981995,9,0.4574120421936715,True,303,7
19.98,0.29548875233945365,0.4708989917267859,5.534136292281804,0.3355997086453936,local_A048_s42,stairs_10_down,0.15927180647850037,0.27627831051073676,18.86805389393695,0.471164798339208,0.6705351173877716,10,0.457392510771768,True,303,7
19.98,0.2973107454451648,0.41579555004764557,4.7677508414320515,0.24289956045123137,local_A048_s42,stairs_10_down,0.08129292726516724,0.03323976835025256,14.157421108178102,0.37856360619266827,0.5451720207929611,11,0.502049627244867,True,303,2
19.98,0.3573570562237724,0.46938265133193174,1.9569310544621077,0.15185510960115434,local_A048_s42,stairs_10_down,0.007759779691696167,0.058853894792216775,19.675536273646802,0.3158759120913843,0.3190144896507263,12,0.47423561232,True,303,4
19.98,0.338946691681357,0.43220776812244854,3.0842079265269757,0.19709213443909396,local_A048_s42,stairs_10_down,0.08653809130191803,0.0481422187356632,19.103235217656767,0.38475566744804385,0.5136974155902863,13,0.45979594438762944,True,303,6
19.98,0.3568870681858956,0.47850119097320826,3.2575506013994597,0.15171902622878372,local_A048_s42,stairs_10_down,0.06327185034751892,0.14233129945949577,19.460100807911296,0.40712738086779915,0.6140969693660736,14,0.4897653314834335,True,303,4
19.98,0.317100838951886,0.4538433086881654,7.1616105181795024,0.28968249115089073,local_A048_s42,stairs_10_down,0.16180220246315002,0.08142332442924938,20.568168992968346,0.4287922614812851,0.5564592778682709,15,0.4795405638295946,True,303,7
19.98,0.28415215971954366,0.34272155157047574,4.7518178389286785,0.19546937926671987,local_A048_s42,stairs_10_down,0.047250896692276,0.01840593327809289,12.189322747291442,0.20726195237288872,0.5673304200172424,16,0.4989653117064321,True,303,7
19.98,0.37567784517525354,0.46810560843334803,3.089396786636939,0.12731975231063444,local_A048_s42,stairs_10_down,0.05188560485839844,0.005132446915489045,16.389022830423283,0.36470671150833367,0.5447879433631897,17,0.5036337813828451,True,303,2
19.98,0.29418304022142594,0.4661921363250044,9.730367693542012,0.3311393884335251,local_A048_s42,stairs_10_down,0.23418904840946198,0.08526628745192759,19.38034535619094,0.4964551311234633,0.6361983716487885,18,0.4320765221225993,True,303,7
19.98,0.3411829600184359,0.46760667270230316,3.0171939505405607,0.17476338868543642,local_A048_s42,stairs_10_down,0.07641296088695526,0.2717358081017051,11.646385935869642,0.4433747406800588,0.5907535552978516,19,0.48911410334409583,True,303,7
19.98,0.23823526603971573,0.19771731161983985,9.25748046930668,0.2050399452091174,local_A048_s42,stairs_10_down,0.007130831480026245,0.0029378327697471246,16.851663425117472,0.013896829571264485,0.23737847805023193,20,0.4238106781957532,True,303,7
19.98,0.3694333037112485,0.46716299637041375,3.1313498123545713,0.12562080511130017,local_A048_s42,stairs_10_down,0.029139816761016846,0.0890804422167585,15.661112041464525,0.3281163555383682,0.6116695702075958,21,0.4861989151008616,True,303,6
19.98,0.317832189570455,0.40881417969593126,5.532987833064608,0.1969520042244347,local_A048_s42,stairs_10_down,0.07300709187984467,0.08043344717791447,18.97473918174383,0.4112166386842728,0.5930788815021515,22,0.4510917111298691,True,303,5
19.98,0.35894613039684814,0.46767188776193924,2.0424979897622113,0.1550143619912062,local_A048_s42,stairs_10_down,0.026568233966827393,0.18776358793114437,14.732426158137246,0.41388283411661786,0.743885338306427,23,0.4617518041528143,True,303,1
19.98,0.27650479469229194,0.45873053284392407,6.465091761041268,0.30470536100561413,local_A048_s42,stairs_10_down,0.12721788883209229,0.10137754489606281,19.30968376936866,0.4169795494278272,0.7454998791217804,24,0.44290955655278613,True,303,6
19.98,0.3635535011874801,0.45873938215057203,3.178631164263086,0.13300622444988772,local_A048_s42,stairs_10_down,0.07573814690113068,0.10541532360215582,19.634822206371222,0.41592420313507317,0.5734823644161224,25,0.4881460166451065,True,303,1
19.98,0.3178593422623879,0.44093317837820684,5.031387592289135,0.18656527217082483,local_A048_s42,stairs_10_down,0.017508715391159058,0.013115968824778886,18.52459666467744,0.34113205955674253,0.5686536431312561,26,0.48104571627296494,True,303,3
19.98,0.3001870351320601,0.45395755732932336,7.285865902145044,0.295297296691197,local_A048_s42,stairs_10_down,0.136675164103508,0.0674880013155643,20.085278606653826,0.4110327555735906,0.6170421838760376,27,0.4833863664813425,True,303,7
19.98,0.3198082068299546,0.49010876505271805,4.553614319522493,0.27983822209414305,local_A048_s42,stairs_10_down,0.08894984424114227,0.05359301743915373,21.138339214511408,0.30491688183819254,0.5867168307304382,28,0.4755005417556735,True,303,1
19.98,0.3738406661646889,0.43616931430821837,2.516280907146858,0.1309901654826536,local_A048_s42,stairs_10_down,0.06553402543067932,0.07373194087027424,14.14983736944118,0.4490595460186402,0.4830308258533478,29,0.4624720605892335,True,303,6
19.98,0.3038802157860389,0.48779227428489336,5.8901531367764814,0.26705840454454743,local_A048_s42,stairs_10_down,0.07898056507110596,0.08177910748959152,14.421899258096706,0.43074257696668306,0.5335070192813873,30,0.43647987000251304,True,303,1
19.98,0.316121975237673,0.5010046897664766,3.8779784778003754,0.25711341239131963,local_A048_s42,stairs_10_down,0.13785776495933533,0.30063967400974717,19.818803006760348,0.5061393666267395,0.5287595093250275,31,0.4999580689900946,True,303,1
19.98,0.32340080333584775,0.45948042967410735,2.9548346361299243,0.1900041476618334,local_A048_s42,stairs_15_down,0.005780816078186035,0.00351061312213961,14.989152953704838,0.1843973506940529,0.30282139778137207,0,0.4735001381190012,True,303,0
19.98,0.3062865112299588,0.468743720772936,4.0163349158757375,0.23445964484624188,local_A048_s42,stairs_15_down,0.010536253452301025,0.06471249945057865,12.935382124712143,0.30697174082199735,0.5077198147773743,1,0.4722199569659288,True,303,0
19.98,0.27686812833668717,0.34766718696209686,6.810261098012769,0.18401620307527705,local_A048_s42,stairs_15_down,0.019099771976470947,0.0016626481210498328,32.42198182596368,0.12279194994984816,0.26284903287887573,2,0.4501716202414571,True,303,-1
19.98,0.35959515795988195,0.4315454185099479,2.8450542206981417,0.14721846176923853,local_A048_s42,stairs_15_down,0.017934441566467285,0.012251444646672244,11.550413627074285,0.1910647158448895,0.3277882933616638,3,0.45374324015073547,True,303,0
19.98,0.2680668046799573,0.38206809918626866,9.733395881856014,0.2777985275640811,local_A048_s42,stairs_15_down,0.07398468255996704,0.18145270502879432,29.70743332353378,0.2791896256059408,0.5070686340332031,4,0.4171895528521889,True,303,0
19.98,0.2737157624131218,0.381868267745424,6.011734615058418,0.2262026895546147,local_A048_s42,stairs_15_down,0.021837830543518066,0.053781571369268144,13.49419375062652,0.15840480657915273,0.4444912075996399,5,0.49401876769152564,True,303,0
19.98,0.3149972133107364,0.4651291182988582,2.9478997308424884,0.24578141006257911,local_A048_s42,stairs_15_down,0.11748778820037842,0.06786611708286477,27.18010935153679,0.3951546358317137,0.6882697343826294,6,0.47933580065819553,True,303,1
19.98,0.368927391483822,0.4549458152877367,2.5200573308860013,0.14200897064448198,local_A048_s42,stairs_15_down,0.09879094362258911,0.0055865030062038365,21.584232283935343,0.3259052963927388,0.5900949239730835,7,0.4694793505769536,True,303,2
19.98,0.2080041851430016,0.19266410248782118,17.198206588369068,0.15713598233841117,local_A048_s42,stairs_15_down,,,,,,8,,False,303,0
19.98,0.31323142672605053,0.40603681490316845,3.6691191898709077,0.19344603261282203,local_A048_s42,stairs_15_down,0.0047623515129089355,0.004271765836925101,35.178733982686225,0.10237777393000821,0.3369763493537903,9,0.43157079810011434,True,303,0
19.98,0.26173843987804046,0.34165031503283383,4.27747329339478,0.2758689702393803,local_A048_s42,stairs_15_down,0.0069220662117004395,0.0011668025821080625,13.222034472858557,0.1277207654636974,0.5074098706245422,10,0.40831278455379,True,303,0
19.98,0.27388793376677817,0.39078139799290895,3.7250359042475463,0.22755809917608844,local_A048_s42,stairs_15_down,0.028471171855926514,0.0032248329281922465,10.819872734085918,0.17027390040069199,0.35761743783950806,11,0.4988066985150891,True,303,0
19.98,0.34359472256612017,0.4714081666707684,1.7855063310167734,0.16525408130506145,local_A048_s42,stairs_15_down,0.03242838382720947,0.02031728215830639,10.442913801620545,0.28141677026947337,0.33448636531829834,12,0.47771159585981515,True,303,0
5.88,0.3156403134882769,0.42283250518247334,2.5540820502262043,0.1981129441871658,local_A048_s42,stairs_15_down,0.0889691710472107,0.012822962746503918,23.59148061083256,0.3170296363160014,0.5311742424964905,13,0.45489500928279364,True,303,0
19.98,0.3509389723909092,0.47338260931807163,2.3537245454816076,0.15523099860686834,local_A048_s42,stairs_15_down,0.023455679416656494,0.022017711436077978,13.671975514423472,0.2829986588098109,0.5876258015632629,14,0.48054563945743217,True,303,1
5.38,0.2651562648565373,0.35345286364666,7.53981472503239,0.2817721197525974,local_A048_s42,stairs_15_down,0.08311998844146729,0.028169550601083573,20.878528966179243,0.2331426735719045,0.5250647664070129,15,0.47868839627538357,True,303,0
19.98,0.2508695182060813,0.327531429228737,8.683302056033977,0.1934281023287447,local_A048_s42,stairs_15_down,0.018147945404052734,0.0007592664407306232,31.49194144061162,0.10648126726426806,0.29118508100509644,16,0.4985633669318272,True,303,-1
19.98,0.37284874755430986,0.4671600868648632,3.1401043213968682,0.13525610617043093,local_A048_s42,stairs_15_down,8.559226989746094e-05,0.0037707473558424667,14.874321547025941,0.19126908532266196,0.46150386333465576,17,0.489751962662335,True,303,0
19.98,0.23150556238577327,0.1663469890462831,5.951964489179757,0.20423654458044532,local_A048_s42,stairs_15_down,0.12325066328048706,0.024841550493947095,24.530475572931273,0.10213190769776702,0.5180895328521729,18,0.06831798801324289,True,303,0
19.98,0.32692415038532113,0.48057185810134734,2.452410967761022,0.17302512798561717,local_A048_s42,stairs_15_down,0.0039337873458862305,0.05220307969610291,11.35174992284534,0.24412246247132618,0.392875075340271,19,0.5031553346961601,True,303,0
19.98,0.1892516053806652,0.15512423423180224,15.152310575264886,0.16128590698632883,local_A048_s42,stairs_15_down,,,,,,20,,False,303,0
19.98,0.3626984095095313,0.459464674657102,2.9545450661776855,0.142052702369053,local_A048_s42,stairs_15_down,0.005195498466491699,0.022823820073498337,12.745817992817736,0.2375237706800302,0.4008769989013672,21,0.4752782968123095,True,303,0
19.98,0.3075929520346901,0.4012934284317024,4.085859842770338,0.19526518270855228,local_A048_s42,stairs_15_down,0.003712892532348633,0.13232831532900977,11.738160554022711,0.32044889075060684,0.5648821592330933,22,0.4432955539723595,True,303,0
19.98,0.3499144573485788,0.46824310480845033,1.9524340744821125,0.15086613825820366,local_A048_s42,stairs_15_down,0.07167065143585205,0.12105732136974968,26.79557682004983,0.40261953274408974,0.6886005401611328,23,0.4628992824780427,True,303,3
19.98,0.25093651510177445,0.4248830418369839,6.8399569649031795,0.31238677565517337,local_A048_s42,stairs_15_down,0.18708235025405884,0.10864032152136296,29.42705940128957,0.37200052907069525,0.6566867232322693,24,0.46477993459956907,True,303,1
19.98,0.3545213196079998,0.4621077579664263,3.1074393965643994,0.14284514448864008,local_A048_s42,stairs_15_down,0.0,0.0030518262254499245,12.749052719990491,0.20578249232145027,0.45973509550094604,25,0.468969623267423,True,303,0
19.98,0.292262535257773,0.4347088641050783,4.079154278546067,0.23421923011758117,local_A048_s42,stairs_15_down,0.0659712553024292,0.12929984400336567,26.544426888942255,0.3743424552679062,0.5966290831565857,26,0.4593913247814605,True,303,1
19.98,0.22347615197380594,0.2668166419576388,8.664287952234094,0.1969429365999795,local_A048_s42,stairs_15_down,0.015841186046600342,0.004229045641204428,26.233036434569673,0.16966097985083858,0.45284777879714966,27,0.47387387242457885,True,303,0
5.12,0.2911102070527918,0.3835111435171563,4.60497475424412,0.2786206542256456,local_A048_s42,stairs_15_down,0.06892544031143188,0.05528435430474059,15.975016840363757,0.27135019331549604,0.5759671330451965,28,0.4781156301813265,True,303,1
19.98,0.3695816349345733,0.4302746689084282,2.359440938929502,0.1377345689336788,local_A048_s42,stairs_15_down,0.003410816192626953,0.13241183246660299,10.636801159989648,0.3057176591207584,0.38167983293533325,29,0.4663509705685446,True,303,0
19.98,0.2601607994376656,0.2998242808118537,8.250196107383307,0.16047182688403938,local_A048_s42,stairs_15_down,1.2814998626708984e-05,0.0025300724191580693,36.41750922544358,-0.004219106147065759,0.0435948371887207,30,0.0929460526306935,True,303,0
19.98,0.2688391083861417,0.39426305054643374,3.66412463212627,0.22491523258853469,local_A048_s42,stairs_15_down,0.0,0.0015445686151269863,13.301471881918523,0.16599997969344257,0.35686343908309937,31,0.49527639369518367,True,303,0
19.98,0.31464943816636337,0.4873764202072824,7.271198969231332,0.16409836033919206,local_A043_s43,stairs_10_down,0.05424368381500244,0.43175321162433644,12.845199771961278,0.528896822532018,0.51727294921875,0,0.47839066793819085,True,101,1
19.98,0.2847331333080715,0.4390203330647929,7.497497004696428,0.23896304308099706,local_A043_s43,stairs_10_down,0.02086538076400757,0.13262278953288775,14.577055748212755,0.33742726961771646,0.4635743796825409,1,0.505932078022072,True,101,2
19.98,0.34034380774446993,0.46248797839625544,8.518777472851438,0.15163703287666663,local_A043_s43,stairs_10_down,0.02480989694595337,0.07565657702492082,11.521451082221002,0.30284224797040227,0.2821825444698334,2,0.48770602816582626,True,101,0
19.98,0.29113566926934503,0.4150181544493476,7.095806657928054,0.260628939574436,local_A043_s43,stairs_10_down,0.05317205190658569,0.09360039428846736,15.543406093451516,0.31569229781627656,0.6303243339061737,3,0.5194944073160626,True,101,4
19.98,0.3218949707721006,0.4977593543349933,8.158784847927219,0.20059479944713204,local_A043_s43,stairs_10_down,0.02041211724281311,0.020952150183804114,15.844854370173973,0.1979273394867778,0.41218772530555725,4,0.5382036563093149,True,101,2
19.98,0.36148828781862297,0.46738310623331986,8.025784733642991,0.12802117754142642,local_A043_s43,stairs_10_down,0.049047499895095825,0.16037447984756117,19.261602469385405,0.4029888399442037,0.6884865462779999,5,0.5371054647054974,True,101,2
19.98,0.37445248846064283,0.3956558364485969,8.704185382803207,0.10439705667865536,local_A043_s43,stairs_10_down,0.05445176362991333,0.26514040142997153,18.045979285700795,0.471936430533727,0.5464956164360046,6,0.4726246585293111,True,101,1
19.98,0.36763667968664576,0.43149350481350707,8.573639486370801,0.12179726592260649,local_A043_s43,stairs_10_down,0.05145415663719177,0.07281166721715303,14.520773384776886,0.404296461045742,0.5249850451946259,7,0.47624630455491634,True,101,2
19.98,0.35532159433645355,0.48413615621602774,8.524336582036158,0.12549407562375098,local_A043_s43,stairs_10_down,0.025540679693222046,0.02813829229612654,13.68787426853141,0.33207870996246736,0.3889337182044983,8,0.5151969020311757,True,101,6
19.98,0.36648411533252445,0.4188374299662321,8.179706023588388,0.1435483505122433,local_A043_s43,stairs_10_down,0.04106828570365906,0.04294933559054788,9.281162905732195,0.3782788774371147,0.5778782069683075,9,0.4239775909542211,True,101,7
19.98,0.3462999572760282,0.4785073594070448,9.145801828655504,0.13651172187407862,local_A043_s43,stairs_10_down,0.017210006713867188,0.03229035361417139,15.185511347307822,0.3308609135448933,0.29635876417160034,10,0.4745523762228469,True,101,1
19.98,0.2621640572525601,0.44485763202137485,6.493469144478574,0.2794869531220224,local_A043_s43,stairs_10_down,0.12540805339813232,0.09436301282730412,12.557100187363941,0.3952785598238309,0.6104584783315659,11,0.5535682123235219,True,101,2
19.98,0.29491565040566703,0.5037030489128146,7.313657575361772,0.23578360844300467,local_A043_s43,stairs_10_down,0.13805222511291504,0.33834055054869416,15.509457091737785,0.5092358883221945,0.6689645349979401,12,0.5239066245330083,True,101,5
19.98,0.28418993324678854,0.432317157823974,8.458745552380872,0.2624701778284516,local_A043_s43,stairs_10_down,0.10182967782020569,0.04323752517686313,17.59719563439315,0.40500768572092055,0.6969884037971497,13,0.5311775254388847,True,101,1
19.98,0.27641571677304844,0.4590138054507018,9.374641111179296,0.22270194459551648,local_A043_s43,stairs_10_down,0.10820254683494568,0.24148823093101313,14.648245571902171,0.3475514574845632,0.4178762435913086,14,0.5018932982559681,True,101,7
19.98,0.3676182867785826,0.43143829415205315,7.876287847087269,0.11407327892438592,local_A043_s43,stairs_10_down,0.02449837327003479,0.028566105323176463,15.031783039358046,0.35476746145635846,0.5182474851608276,15,0.4506351852069143,True,101,2
19.98,0.35781385996124954,0.45403804089076055,8.373867059497831,0.11742736922595265,local_A043_s43,stairs_10_down,0.02917003631591797,0.31413536351299687,17.54711848586961,0.4435248104731242,0.528261810541153,16,0.46600491043672065,True,101,3
19.98,0.2874297064893387,0.392632638636154,7.3355836553178415,0.21177062995022153,local_A043_s43,stairs_10_down,0.010877877473831177,0.021458678258953572,9.901071542885246,0.3164307582130035,0.5167894065380096,17,0.517236599226344,True,101,6
19.98,0.2651802691833221,0.37677689353764504,8.997544347636328,0.19872114066496602,local_A043_s43,stairs_10_down,0.027745336294174194,0.014786384256350576,14.597246451661956,0.15559335948278508,0.25449246168136597,18,0.507033861214495,True,101,6
19.98,0.35080175453488194,0.4699276096114425,8.088653423771014,0.13251565752452885,local_A043_s43,stairs_10_down,0.06742919981479645,0.3737714903179431,13.810555994624439,0.4811790776252747,0.56782066822052,19,0.5202849664758482,True,101,3
19.98,0.36918615042047703,0.43169997662156206,8.585561700132951,0.11859240226199877,local_A043_s43,stairs_10_down,0.0001366138458251953,0.008046388501746517,17.050579613885116,0.18076416926118932,0.3602825105190277,20,0.4042383658046471,True,101,0
19.98,0.3126132538659687,0.44378273707729404,8.770029098825297,0.21113591831059655,local_A043_s43,stairs_10_down,0.040027111768722534,0.05689203646366883,18.857332252151014,0.3579474105561773,0.551874190568924,21,0.518760050576415,True,101,3
19.98,0.32754660311389094,0.48375720875612827,8.18964736955939,0.16238241198174547,local_A043_s43,stairs_10_down,0.004594385623931885,0.06543498198944205,13.892663844203552,0.39358299066623054,0.5310431122779846,22,0.45039946379572526,True,101,1
19.98,0.2721649969165975,0.3953187022294978,8.274247685481969,0.2601228866749231,local_A043_s43,stairs_10_down,0.023301243782043457,0.010894019030859903,16.644754562242547,0.30097735191773,0.5488194525241852,23,0.540168274146851,True,101,2
19.98,0.24691764594718094,0.4360193531481972,6.751483960714155,0.2597047083123226,local_A043_s43,stairs_10_down,0.06659534573554993,0.11311334626173915,13.849287165600098,0.32931281050046285,0.5696520209312439,24,0.5516646349809688,True,101,1
19.98,0.3532290710277735,0.4589442687397521,8.964058306128715,0.12092937827774772,local_A043_s43,stairs_10_down,0.05450034141540527,0.10552982152841314,12.696283095105224,0.45489876459042233,0.4898831248283386,25,0.5066163538982343,True,101,1
11.52,0.32836023263593406,0.4929071925216577,7.787297491851076,0.18272673205863788,local_A043_s43,stairs_10_down,0.005461394786834717,0.015322934610114677,11.897011913639432,0.25812017507851126,0.4895515739917755,26,0.5048139530519243,True,101,1
19.98,0.2726272546735039,0.44191877952044445,8.648017446268845,0.23458489055602508,local_A043_s43,stairs_10_down,0.03221690654754639,0.056502357663122865,12.806786067804811,0.3706142640983065,0.5268387496471405,27,0.4800593716434606,True,101,4
19.98,0.27303093550358226,0.42289052397737065,9.862867273790906,0.25798625524272867,local_A043_s43,stairs_10_down,0.029562532901763916,0.03953608746847333,16.39075354172259,0.34040692339340844,0.5922004580497742,28,0.48848553626471447,True,101,2
19.98,0.2670085588607558,0.5149055986253699,7.206078649319954,0.24448336275389648,local_A043_s43,stairs_10_down,0.03066614270210266,0.05907775826401359,15.607483553179105,0.4401365149517854,0.6129920482635498,29,0.4769087357606698,True,101,1
19.98,0.36869242239444655,0.3847553761871875,8.952418404605439,0.09267787029921822,local_A043_s43,stairs_10_down,0.058950453996658325,0.25429235893463303,17.34809006294963,0.4444248914718628,0.589771568775177,30,0.5206598031125802,True,101,2
19.98,0.27673936841481506,0.37708299695071057,8.597650898241618,0.23804763449618616,local_A043_s43,stairs_10_down,0.056281059980392456,0.01901701783369883,14.43785131091079,0.27870582972963653,0.5955897271633148,31,0.523879957179979,True,101,7
19.98,0.30096410259524775,0.44910422022744784,8.325945224657161,0.17708343833611956,local_A043_s43,stairs_15_down,0.018499672412872314,0.13047047246146873,18.91774044290471,0.38015566279490787,0.355510413646698,0,0.4773206465845248,True,101,0
19.98,0.24331760845401068,0.34027497664169154,6.147132780479892,0.17640704282796885,local_A043_s43,stairs_15_down,,,,,,1,,False,101,-1
19.98,0.3197618453961643,0.4770107945671848,8.016160732456296,0.1934207624795535,local_A043_s43,stairs_15_down,0.031015396118164062,0.03361986495308471,25.910264942721216,0.2893022358914216,0.46899914741516113,2,0.48986823943437185,True,101,0
19.98,0.22593108394247963,0.30546944279309807,15.445030605641431,0.1936697328462727,local_A043_s43,stairs_15_down,0.02278047800064087,0.002802147553434999,37.768481140244376,0.07214409905757445,0.20813792943954468,3,0.5388206021004527,True,101,0
19.98,0.30132333230207314,0.4871791297533655,7.073803004072604,0.21757860244598975,local_A043_s43,stairs_15_down,0.01925891637802124,0.0055611550907606645,31.910573737847123,0.15787336469317476,0.282895565032959,4,0.5464612619076107,True,101,0
19.98,0.3517381802822817,0.4732109509689318,8.038332915350608,0.1291250786397926,local_A043_s43,stairs_15_down,0.0006564855575561523,0.008304076815729474,21.344612150164423,0.2656040980666876,0.37016868591308594,5,0.5528821522802057,True,101,0
19.98,0.3707178654708965,0.42349464443120527,8.434658289127018,0.11932465923349538,local_A043_s43,stairs_15_down,0.0,0.02119864569269162,46.245153492108294,0.2699507145335277,0.5609020590782166,6,0.501626577136675,True,101,0
19.98,0.36406116705846014,0.4147265618187779,7.777615234760504,0.12938147603238276,local_A043_s43,stairs_15_down,0.01477956771850586,0.009879397485237034,35.55281166375786,0.18406285133212805,0.5280271172523499,7,0.5078837312725661,True,101,0
19.98,0.3428686035157525,0.5009601520292907,7.672362033486129,0.17747514786769608,local_A043_s43,stairs_15_down,0.02174168825149536,0.006707346700162988,34.615156662783654,0.18223978325724602,0.4658415913581848,8,0.5118124183418341,True,101,0
19.98,0.3646156751185178,0.4267863341520128,7.7771592184768314,0.12251916173186196,local_A043_s43,stairs_15_down,0.0268363356590271,0.0052558988246535765,12.601194647083592,0.22662085766283174,0.5102187395095825,9,0.49947590754410437,True,101,0
19.98,0.3366834548354787,0.46606172158206854,8.916649004270473,0.12930712149364962,local_A043_s43,stairs_15_down,0.015178322792053223,0.007863226089592019,41.62538385311949,0.23191907102552553,0.25867074728012085,10,0.5127282472761152,True,101,0
19.98,0.19957132469842787,0.2715914687942296,14.83170956836532,0.24915398386145726,local_A043_s43,stairs_15_down,0.01163393259048462,0.005094125051387808,30.783200119130687,0.06917223740369081,0.27377456426620483,11,0.5542298170693912,True,101,0
19.98,0.24739570780552644,0.3040522050568495,11.661475575404676,0.18335556200641764,local_A043_s43,stairs_15_down,0.007400453090667725,0.004565900626510951,34.13345857291292,0.030971616335834066,0.17674267292022705,12,0.5297265941508436,True,101,0
19.98,0.2602519126626897,0.4603869721463626,8.734076177249879,0.2602843174673359,local_A043_s43,stairs_15_down,0.021008729934692383,0.0034545219168312055,39.64346332581567,0.18445574078398447,0.4258885979652405,13,0.5303426029919523,True,101,0
19.98,0.24417831371174778,0.4278199131407873,7.570856892467844,0.21525654194254024,local_A043_s43,stairs_15_down,0.014021992683410645,0.026675499837566282,11.834429688884823,0.26954279993971186,0.362299382686615,14,0.541619017333686,True,101,0
19.98,0.36641281460058245,0.39667748663547847,7.512734672196197,0.11421699147027138,local_A043_s43,stairs_15_down,0.0,0.007579649204856727,33.522673748156805,0.18015146338691315,0.38910210132598877,15,0.4984899189787882,True,101,0
19.98,0.34680424661559855,0.4086009912179927,7.323888404024655,0.1336074911854138,local_A043_s43,stairs_15_down,0.0,0.07552416872507163,9.292653893261788,0.4029408378402392,0.3542274236679077,16,0.37537507473142506,True,101,0
19.98,0.23504751670169324,0.32354344951877173,14.212328155729455,0.2069016223564701,local_A043_s43,stairs_15_down,0.01866811513900757,0.001735419067120884,32.45811804561074,0.0973331485517944,0.2445310354232788,17,0.5462035126405868,True,101,0
19.98,0.23649366357109766,0.3319332253085846,10.788645542527345,0.17460026716006816,local_A043_s43,stairs_15_down,0.016532599925994873,0.009876854634072252,32.68982205992445,0.09060300290584564,0.20531564950942993,18,0.5393621742024741,True,101,-1
19.98,0.3307522920236231,0.5076190745928482,7.86366511603653,0.15563728610716426,local_A043_s43,stairs_15_down,0.012102484703063965,0.017534042660870452,38.26934573662651,0.24062331321338812,0.4430919885635376,19,0.5379830931224073,True,101,0
19.98,0.36237635848993915,0.4495988915869253,8.739935597843045,0.12386184417962011,local_A043_s43,stairs_15_down,0.0,0.009184557413511462,29.96714591485087,0.11092289256552855,0.3422051668167114,20,0.37782854086338946,True,101,0
19.98,0.3019394307914265,0.44362299269675987,7.082351053108279,0.18790445655555776,local_A043_s43,stairs_15_down,0.017781972885131836,0.007144131483115153,37.94119400688025,0.1827420283295214,0.4016414284706116,21,0.5372323721257392,True,101,0
19.98,0.31039984753743843,0.520383895480778,7.703194322293313,0.17769705741287314,local_A043_s43,stairs_15_down,0.02126157283782959,0.001164501953198991,59.012537461567234,0.24458677486516536,0.31016916036605835,22,0.522498147682347,True,101,0
19.98,0.22455942752208302,0.31853887871549896,9.647331581114134,0.1845269580007118,local_A043_s43,stairs_15_down,0.008947491645812988,0.005343489904634978,21.728447124451016,0.09941753763550272,0.2243325114250183,23,0.5676997669719911,True,101,-1
19.98,0.18656770782355955,0.2424351327436386,12.84697463748618,0.2301429963162068,local_A043_s43,stairs_15_down,0.016872942447662354,0.005268856601359825,32.778215152416934,0.0498941083997488,0.3094211220741272,24,0.5701052953627535,True,101,0
19.98,0.35022769555369804,0.4645586571931212,8.66104669185468,0.12865156563779126,local_A043_s43,stairs_15_down,0.011024236679077148,0.013550665948036642,32.309018959812526,0.18798006005585194,0.4752010107040405,25,0.5505294694779769,True,101,0
19.98,0.307370085550502,0.48004247538992856,7.177276001415978,0.19987364865618676,local_A043_s43,stairs_15_down,0.0,0.017665960873177608,29.989590935126813,0.14834549129009247,0.27535706758499146,26,0.5041756845336456,True,101,0
19.98,0.2506525107915389,0.440224611124262,8.263636373963067,0.20981473281318086,local_A043_s43,stairs_15_down,0.09931761026382446,0.26075665908687967,13.121742648170224,0.36936161970098813,0.32310038805007935,27,0.328640982858349,True,101,0
19.98,0.2190037873881386,0.29336086607353473,12.148312628918033,0.15877333863074625,local_A043_s43,stairs_15_down,0.0034043192863464355,0.005297876764722505,35.657060714107566,0.056082582361996175,0.13309866189956665,28,0.5486708861005808,True,101,0
19.98,0.23336067018024423,0.4525366189513035,7.184256060914973,0.28863963213316685,local_A043_s43,stairs_15_down,0.03723156452178955,0.0103733551983312,51.05431218203116,0.24229201201349496,0.5807250738143921,29,0.33630332449954153,True,101,0
19.98,0.36594415668816493,0.40525633387283383,8.63460877661133,0.13327037107146733,local_A043_s43,stairs_15_down,0.0,0.037120118226355726,27.1065477245051,0.12270391625662645,0.2701610326766968,30,0.4940553357581836,True,101,0
19.98,0.24401400081932864,0.3561390683028698,12.074523136366311,0.2073310836107772,local_A043_s43,stairs_15_down,0.03008800745010376,0.0053573329281122,34.346735933266565,0.11864219252641002,0.23482143878936768,31,0.5469462984645892,True,101,0
19.98,0.23136724640978845,0.23584295589423676,10.079658295329521,0.200729382488002,local_A043_s43,stairs_10_down,0.0,0.028566351632283635,17.02018951425883,0.024887497499585153,0.3079056739807129,0,0.5516049496120078,True,202,3
19.98,0.20415611883854484,0.2151226556126305,14.231899355652724,0.17632595637318532,local_A043_s43,stairs_10_down,0.0019156038761138916,0.0004515455170139835,27.275419944089148,-0.0023628679990846044,0.21101534366607666,1,0.5554862447428188,True,202,0
19.98,0.3650019573671295,0.4097626343672776,8.765359543285024,0.11067833912962344,local_A043_s43,stairs_10_down,0.04339742660522461,0.001625469321548759,37.44312562046169,0.17068584620331725,0.24216175079345703,2,0.5221191995307651,True,202,0
19.98,0.2915395079640781,0.438602236466238,7.794477850483033,0.24500905320958483,local_A043_s43,stairs_10_down,0.034770041704177856,0.03433641780555902,17.155902642976457,0.29269527897238734,0.5259580910205841,3,0.4894398443213261,True,202,1
19.98,0.37224252694590204,0.36286571656875,7.867014100627472,0.11080660193615215,local_A043_s43,stairs_10_down,0.03813394904136658,0.026429839953057546,17.85840698011296,0.3254038838048776,0.570371001958847,4,0.48931545417869143,True,202,5
19.98,0.27247008974539405,0.41230573749383,7.2547536082335125,0.2759366686481995,local_A043_s43,stairs_10_down,0.00813359022140503,0.01328102672010717,14.327795389826992,0.2830148107558489,0.4815913736820221,5,0.5447058443657755,True,202,4
5.98,0.27701940151300025,0.4417654839165218,7.953687784794605,0.269382927641831,local_A043_s43,stairs_10_down,0.046456605195999146,0.027911530667794955,14.746748213026866,0.40985500377913314,0.5402319133281708,6,0.5282366448530574,True,202,1
19.98,0.2770092978276671,0.438941012085131,7.704064282253504,0.26814300816256736,local_A043_s43,stairs_10_down,0.13049794733524323,0.18318801682428537,17.276466820368388,0.43121079583962757,0.5071625113487244,7,0.49606826408695,True,202,7
19.98,0.3177873584899035,0.4812095064038908,7.8616256752600835,0.19241864388937907,local_A043_s43,stairs_10_down,0.03955566883087158,0.029538256708378473,9.743037922746806,0.36809823957582316,0.444580614566803,8,0.47700644375928286,True,202,3
10.92,0.2771681834430618,0.3811398266050567,8.113439379143765,0.23983911642770514,local_A043_s43,stairs_10_down,0.021962255239486694,0.020033202886837135,16.436281244662933,0.32933988731354474,0.4978545010089874,9,0.5396263640826701,True,202,4
19.98,0.3645811377601191,0.4655556512643748,8.625438376644816,0.12903266418190404,local_A043_s43,stairs_10_down,0.027287006378173828,0.017166300006598408,16.957002724291634,0.33915794632087154,0.5660705268383026,10,0.503564865285836,True,202,2
19.98,0.3516812937511479,0.48172343559286124,8.662992521193383,0.13627776378969061,local_A043_s43,stairs_10_down,0.028486937284469604,0.11137529176153406,12.127576796809185,0.39166714986165363,0.5170285701751709,11,0.499592132952039,True,202,1
19.98,0.30547924899321827,0.483941620103892,7.519601734773496,0.19967148662719916,local_A043_s43,stairs_10_down,0.04469618201255798,0.013868674545749235,23.281934097018343,0.26775790204294025,0.33729225397109985,12,0.5261041390973736,True,202,0
19.98,0.36120297232573045,0.33688043448463434,8.485408323457667,0.10495070025851637,local_A043_s43,stairs_10_down,0.009298115968704224,0.029176883834200692,14.788081041673081,0.25047365851700304,0.2668224275112152,13,0.3711868981188035,True,202,0
19.98,0.3268678852724519,0.5060219947177402,7.469976640578383,0.19195417335583576,local_A043_s43,stairs_10_down,0.0037591755390167236,0.10225402841476887,12.103120558740354,0.3281915552417437,0.48327669501304626,14,0.5006612265764546,True,202,0
19.98,0.3472675510587539,0.4517688816093237,9.292969525023523,0.142151616194824,local_A043_s43,stairs_10_down,0.045297831296920776,0.00270159555996267,34.93531549581254,0.2283937542575101,0.2398766577243805,15,0.4843137713571036,True,202,0
19.98,0.3238306365580483,0.43363221855239664,8.417432815268207,0.22034422079211688,local_A043_s43,stairs_10_down,0.014857649803161621,0.022046788655838333,16.434217207986585,0.32204981019099554,0.45827850699424744,16,0.48016183334995427,True,202,1
19.98,0.287175481942567,0.3806846736833456,7.214392638179438,0.20113832569133425,local_A043_s43,stairs_10_down,0.015515744686126709,0.002291339210733127,9.108691725538872,0.28332799645140766,0.3946952521800995,17,0.5360564534881413,True,202,1
11.3,0.30939227968932476,0.42704059100382424,8.23734229240206,0.20302219683815098,local_A043_s43,stairs_10_down,0.0008441507816314697,0.018001786212136623,12.520322107180057,0.30070119542380175,0.3490172326564789,18,0.4958195359047019,True,202,4
19.98,0.29252370927582455,0.38955268294005463,8.71441311769331,0.2319470379539778,local_A043_s43,stairs_10_down,0.020376861095428467,0.0063801003016231116,16.224275389237167,0.30072544505198795,0.41863322257995605,19,0.4848986037637983,True,202,1
19.98,0.3406378741968762,0.4651088755740227,9.136068634548439,0.1358137298335302,local_A043_s43,stairs_10_down,0.008602708578109741,0.0730245230993405,15.024763078308794,0.3511826635400454,0.3400839865207672,20,0.45346887074123626,True,202,4
19.98,0.357117675882291,0.45152685550060795,7.662509474561476,0.14340010635656947,local_A043_s43,stairs_10_down,0.0086631178855896,0.04634311843498702,18.371229349036746,0.37958162461717926,0.6134033203125,21,0.48293408118298164,True,202,2
19.98,0.2561907134527829,0.36820394301537257,6.365237373152038,0.25364809106730873,local_A043_s43,stairs_10_down,0.03903123736381531,0.0220742176527616,13.84372190592827,0.24214294880628587,0.5038447678089142,22,0.566366464148049,True,202,7
19.98,0.31659501717211724,0.5038269064083589,8.543365135621105,0.1829773143848315,local_A043_s43,stairs_10_down,0.001493901014328003,0.09360644990685285,21.58853011914711,0.30609133844574293,0.3508470952510834,23,0.4935222917778704,True,202,0
19.98,0.274677302907495,0.4212818285789704,6.766981279539976,0.20721993627890725,local_A043_s43,stairs_10_down,0.02273613214492798,0.07721444239585239,15.992503758948205,0.29938607553641,0.6229184567928314,24,0.5332535251966085,True,202,1
19.98,0.2671415576737195,0.48748673551131966,8.88226210945534,0.1900663634094096,local_A043_s43,stairs_10_down,0.0,0.27821396619300254,18.83241211583565,0.37571636875470477,0.35408735275268555,25,0.539876769354149,True,202,2
19.98,0.3149625351036934,0.44007048093753126,7.922629849038843,0.24049324664231367,local_A043_s43,stairs_10_down,0.02502492070198059,0.010936863381529957,16.409223563986387,0.2754212579379479,0.43106675148010254,26,0.4795536513143822,True,202,0
19.98,0.3474250052239806,0.4577784046103235,9.258483963266245,0.13845384573499847,local_A043_s43,stairs_10_down,0.01584172248840332,0.039230308845498614,12.396417568214646,0.4074600223327676,0.5123116075992584,27,0.46892516977262444,True,202,3
19.98,0.3608789263785203,0.43690394409486516,8.306157771813497,0.13211854412014223,local_A043_s43,stairs_10_down,0.009962916374206543,0.01990866147045172,15.339296985082603,0.23009357205281655,0.398881733417511,28,0.4694461759194951,True,202,3
19.98,0.27482009494368403,0.38236654926195734,7.842099963113628,0.23388201839727507,local_A043_s43,stairs_10_down,0.029916584491729736,0.02317876970911355,16.127431996479103,0.29519235266993443,0.4940353333950043,29,0.47293571350385494,True,202,5
19.98,0.3223988859729971,0.47146068171164357,8.395159614403003,0.21519036021363086,local_A043_s43,stairs_10_down,0.006821483373641968,0.005745312148740121,29.96553918532872,0.162136400702099,0.20420178771018982,30,0.4982654993403704,True,202,0
19.98,0.3110899927447186,0.47292476526472155,8.16206875266178,0.16647759581454125,local_A043_s43,stairs_10_down,0.0019063353538513184,0.11345494839203457,14.741917550416392,0.3734247814615568,0.4419371485710144,31,0.5298227967782216,True,202,1
19.98,0.15186013857948588,0.2274188103275005,20.044680268348532,0.17229148092335378,local_A043_s43,stairs_15_down,0.006797671318054199,0.003812306734106395,31.517285045305474,-0.028256756868213415,0.22843927145004272,0,0.5628270810071814,True,202,0
19.98,0.1611658679068407,0.22678733020694827,18.65793182851128,0.19039142213868593,local_A043_s43,stairs_15_down,,,,,,1,,False,202,0
19.98,0.3646745956485923,0.41211778659183984,8.333573807996643,0.11029396066544096,local_A043_s43,stairs_15_down,0.01020115613937378,0.012382415276301498,33.122261479146886,0.14067712751527628,0.24114549160003662,2,0.47455345765404844,True,202,0
19.98,0.21110747698475335,0.31096529282564606,15.131841477012152,0.17272942724275292,local_A043_s43,stairs_15_down,0.0068266987800598145,0.015359601461671459,32.8571954689961,0.06452339640508095,0.161859393119812,3,0.5492434264810686,True,202,0
19.98,0.3667951828432593,0.3575224704124772,8.573160287394757,0.11058383845835375,local_A043_s43,stairs_15_down,0.028379321098327637,0.005318243434943401,45.593020914409095,0.17098671949778993,0.23932158946990967,4,0.5418228672652025,True,202,0
19.98,0.21015899158097848,0.3107732830964976,13.354286126731331,0.24402226186613382,local_A043_s43,stairs_15_down,0.02277320623397827,0.025062123090238975,28.940842279395977,0.08495897231002648,0.34924745559692383,5,0.5528395850310008,True,202,0
19.98,0.2386981216503337,0.441421619698632,6.579824250659269,0.2909065811868753,local_A043_s43,stairs_15_down,0.0010616779327392578,0.015049532129773259,24.305266204421784,0.1851352687428395,0.5229249596595764,6,0.5493643976304,True,202,0
19.98,0.20194791264075004,0.2533999940925822,19.448453444815005,0.1965767404479411,local_A043_s43,stairs_15_down,0.013979315757751465,0.003491506476783218,39.098241168270604,0.04897877531358972,0.3143593668937683,7,0.5201958570704219,True,202,0
19.98,0.28945027214320584,0.45377942719695447,8.144755137641543,0.20078238880045454,local_A043_s43,stairs_15_down,0.01717585325241089,0.002285308897108081,31.008512527072547,0.1569598371271665,0.32681822776794434,8,0.5008050362368193,True,202,0
19.98,0.21445254888126564,0.31452728292685117,14.22292120248719,0.20403176003178872,local_A043_s43,stairs_15_down,0.0,0.006835703624567334,30.844381864292732,0.07358970938250423,0.38435161113739014,9,0.562960222754036,True,202,0
19.98,0.35823744524290213,0.47042128544489,8.336353280953503,0.13205119218070158,local_A043_s43,stairs_15_down,0.02190995216369629,0.03895893524649717,32.04437606114622,0.2769836352020502,0.5280137062072754,10,0.5184352728987401,True,202,0
19.98,0.3463024159676251,0.4801289414492716,8.024652231131157,0.15814773122377146,local_A043_s43,stairs_15_down,0.05562925338745117,0.006644894605327525,14.708758902149158,0.39159560941159727,0.5865767598152161,11,0.5256952279245671,True,202,0
19.98,0.2844873634666045,0.4432194542952123,7.8616660639182445,0.24337052703522147,local_A043_s43,stairs_15_down,0.0016805529594421387,0.0435093764900886,14.267904652254748,0.2890582891801993,0.5248665809631348,12,0.5204860749468379,True,202,0
19.98,0.35821838543376816,0.34893600860978924,8.323632137423226,0.11724701240248113,local_A043_s43,stairs_15_down,0.006229817867279053,0.00975489406943697,38.887791443910615,0.23730207880338033,0.3910362720489502,13,0.5131169339379208,True,202,0
19.98,0.3107056061660542,0.4926635716640989,7.433114210439041,0.21456254783997072,local_A043_s43,stairs_15_down,0.014421463012695312,0.015060125138878076,31.970414269684504,0.18838835390284658,0.41036009788513184,14,0.50748762883986,True,202,0
19.98,0.334197647335695,0.47782345835632156,8.23239266061044,0.15914698060639912,local_A043_s43,stairs_15_down,0.023045063018798828,0.05688534907580059,29.81543346549254,0.15229945932825406,0.29340386390686035,15,0.5201255173707877,True,202,0
19.98,0.29607712407800607,0.4353658764976975,7.577018515184369,0.20406170943445645,local_A043_s43,stairs_15_down,0.005957067012786865,0.005052158643317924,32.77661287836796,0.15819375406950711,0.34748464822769165,16,0.5329729510628168,True,202,0
19.98,0.24961855941596514,0.3931333888138737,10.262887698854913,0.22252638869584673,local_A043_s43,stairs_15_down,0.026287078857421875,0.00784552769546539,33.70445605143668,0.12658328890179593,0.27406662702560425,17,0.5444179221058048,True,202,-1
19.98,0.2805221958179525,0.4301869562898103,8.53685878536274,0.1931246171371835,local_A043_s43,stairs_15_down,0.025584280490875244,0.004499810742831223,34.6309285857412,0.15694490363821387,0.23052841424942017,18,0.5275962549332434,True,202,0
19.98,0.24910024939055112,0.35732879676926854,11.896016495696497,0.18044504335949674,local_A043_s43,stairs_15_down,0.013668179512023926,0.011394374689550167,41.84658820780113,0.10771507978710967,0.2523452043533325,19,0.5510815295502165,True,202,-1
19.98,0.33270696752211637,0.4877838137903904,8.197762094940328,0.14983070580884716,local_A043_s43,stairs_15_down,0.011369705200195312,0.03851037676688241,14.095545561368741,0.3145815256237984,0.32398998737335205,20,0.5434308098446315,True,202,0
19.98,0.35454262893148925,0.4573152336299139,7.901632282938896,0.13318957164338402,local_A043_s43,stairs_15_down,0.010004103183746338,0.008992519520998969,26.592942318911152,0.17560099825263023,0.16052424907684326,21,0.5277238301875075,True,202,0
19.98,0.1813289722401828,0.24095006796604068,16.800905388578833,0.2069666794536996,local_A043_s43,stairs_15_down,0.02033323049545288,0.004471733969329422,31.047833922744097,0.04336899262232085,0.28049200773239136,22,0.5944019517334189,True,202,0
19.98,0.29637148153016907,0.5141790985834495,7.833052871938848,0.22380912754921822,local_A043_s43,stairs_15_down,0.0037790536880493164,0.041162658951010504,25.316562394905223,0.30142595412830514,0.4847690463066101,23,0.5160509884565355,True,202,0
19.98,0.24254162333547113,0.3366825808226814,7.970310164299313,0.2918892341702372,local_A043_s43,stairs_15_down,0.04624706506729126,0.014174962684679918,14.49111905458585,0.13609888310233753,0.523039698600769,24,0.5856632911438776,True,202,0
19.98,0.2490948023547463,0.4477421983408373,8.826018630286269,0.19382152564717706,local_A043_s43,stairs_15_down,0.030715227127075195,0.2888566075296722,15.154281389445014,0.32243214229742684,0.29636770486831665,25,0.3085789458681465,True,202,0
19.98,0.27247657423350896,0.42851965153731264,7.161023156883763,0.2198419755935965,local_A043_s43,stairs_15_down,0.0,0.07699491235037496,22.145405390486506,0.2334463628133138,0.38268715143203735,26,0.5013623774341717,True,202,0
19.98,0.34363781734265103,0.4688327275402333,8.731093958143612,0.14018412236822336,local_A043_s43,stairs_15_down,0.0006268620491027832,0.007273580779088115,47.19083717262406,0.25230542561194547,0.3314286470413208,27,0.4762952760374861,True,202,0
19.98,0.3539618840670203,0.4413005250871329,8.212912609367107,0.14200507489231642,local_A043_s43,stairs_15_down,0.003141343593597412,0.011621705681883537,30.92437897239516,0.15187409142342706,0.26559680700302124,28,0.517205111457994,True,202,0
19.98,0.21952443509178363,0.3426453182824868,13.348689847203756,0.17990396004744633,local_A043_s43,stairs_15_down,0.002028167247772217,0.015050017702102866,29.48040543586962,0.05315750328203042,0.18424838781356812,29,0.5523709494845568,True,202,0
19.98,0.2975305083633107,0.46730354250982303,7.522218194991933,0.19321557555004865,local_A043_s43,stairs_15_down,0.0,0.01757479529313608,34.75787287701647,0.15497797013570866,0.2559155225753784,30,0.5043594975147943,True,202,0
19.98,0.2803299727382507,0.45104013607678695,6.33286387092197,0.16260701705975594,local_A043_s43,stairs_15_down,0.003841698169708252,0.06604807693405056,11.480377502635534,0.3344359981020292,0.29140859842300415,31,0.5646975123135455,True,202,0
19.98,0.33133504972100897,0.48025728329617223,8.300996372687585,0.18894112772606966,local_A043_s43,stairs_10_down,0.11014074087142944,0.22069099277843396,15.547509260890479,0.4547292081514994,0.5848560482263565,0,0.49392528917654954,True,303,7
7.44,0.3064356692143303,0.45598806136864634,7.91940844210965,0.23138027501047942,local_A043_s43,stairs_10_down,0.063941091299057,0.09049139753272363,12.704686682507747,0.4146644129355748,0.47710612416267395,1,0.5136076274639371,True,303,1
19.98,0.2965302762851358,0.39098829959022763,7.298361125150319,0.2040468933027706,local_A043_s43,stairs_10_down,0.003185778856277466,0.010078531870998825,28.44925397729067,0.13490106880664826,0.2452857792377472,2,0.5117509535363085,True,303,-1
19.98,0.3659368546203495,0.40422535351915284,8.387336256959335,0.13089378295817033,local_A043_s43,stairs_10_down,0.07260283827781677,0.23532984075882665,17.774751494099206,0.47246522227923077,0.5893535912036896,3,0.47704740237558857,True,303,1
19.98,0.280471499951128,0.4295242388177762,8.585809392618424,0.2700409693213265,local_A043_s43,stairs_10_down,0.10876886546611786,0.05413250962748233,17.192461851570823,0.35977510147728026,0.5779091268777847,4,0.5051669829878197,True,303,3
11.58,0.3067461386291101,0.4403832633350698,7.019057794960205,0.19745257905270552,local_A043_s43,stairs_10_down,0.08222796022891998,0.04177601197276179,15.079533868636183,0.42493364026149116,0.5265533924102783,5,0.5238049964150077,True,303,1
19.98,0.33287514883088554,0.47905950959596494,7.584116666115571,0.1568661922495623,local_A043_s43,stairs_10_down,0.05311316251754761,0.06116704591072571,17.199335020229803,0.354813610141476,0.5603194236755371,6,0.5076424441403918,True,303,2
8.540000000000001,0.36624452810714586,0.39652938221575695,8.693640064615472,0.12872267314681163,local_A043_s43,stairs_10_down,0.040125519037246704,0.0727750774109947,15.955560898072731,0.37978185564279554,0.5332119762897491,7,0.4597824148983472,True,303,2
19.98,0.2688505436790818,0.4155407814983079,8.07283100586539,0.26543560181939657,local_A043_s43,stairs_10_down,0.04957759380340576,0.030307203431013202,17.7004543083571,0.30884744368493555,0.5116119980812073,8,0.5324887209663638,True,303,0
19.98,0.3263919784455376,0.43847489123833605,7.89685994706941,0.20771456931708732,local_A043_s43,stairs_10_down,0.04147529602050781,0.020821215870939533,15.297944048692816,0.3788471521809697,0.576183944940567,9,0.4848399337237273,True,303,5
18.3,0.26215030886591434,0.45338171345677525,7.789683668057297,0.23859717137938435,local_A043_s43,stairs_10_down,0.03431648015975952,0.2234433352220202,13.127578090276177,0.38338295618693036,0.3858216106891632,10,0.5307303733442907,True,303,2
19.98,0.26929197540417077,0.3950745804125965,8.38999226850533,0.2194551357831768,local_A043_s43,stairs_10_down,0.03005814552307129,0.04003291280828763,15.055216786964957,0.31135391051570577,0.4186965525150299,11,0.5455823508412778,True,303,4
19.98,0.35255049490992396,0.4652798672528575,8.057889062798882,0.12518207820123034,local_A043_s43,stairs_10_down,0.0069942474365234375,0.026838533082809278,19.42877028054056,0.3656603790074587,0.41962265968322754,12,0.500477751472606,True,303,3
19.98,0.3193494270160236,0.4310204561470644,7.269874905897882,0.1934482719576357,local_A043_s43,stairs_10_down,0.0,0.006250915636811479,26.793144986786075,0.1599275711675485,0.23974180221557617,13,0.42742851162425327,True,303,0
19.98,0.335474155004968,0.47811423290006777,8.05836383692335,0.1426320876634976,local_A043_s43,stairs_10_down,0.010648101568222046,0.02487078317844512,15.081397778762318,0.3721765478203694,0.5715049803256989,14,0.5131162405281636,True,303,3
19.98,0.2922203542547111,0.4338675917995378,9.529356616521579,0.2798631446286708,local_A043_s43,stairs_10_down,0.08912521600723267,0.06922757508727174,20.101233315723206,0.3152861835559209,0.6383024156093597,15,0.5335927258648576,True,303,4
19.98,0.28187154705830436,0.38927963736919763,6.789189387033932,0.19732613859170248,local_A043_s43,stairs_10_down,0.024438560009002686,0.0490838258703472,11.388785293522794,0.3197194945812225,0.47651007771492004,16,0.4832143725973742,True,303,5
19.98,0.35914864025173343,0.4485135065958969,9.273008757817138,0.12130090028459158,local_A043_s43,stairs_10_down,0.044698566198349,0.022820250421687963,17.09274951933438,0.34707994691096244,0.4585467278957367,17,0.5282676597510902,True,303,6
19.98,0.2457415636194581,0.3489391861498858,6.304392021369759,0.2542672394783663,local_A043_s43,stairs_10_down,0.17931492626667023,0.005406867312033687,17.8522030677575,0.31193132895355424,0.41573047637939453,18,0.1201872781899565,True,303,2
19.98,0.32210125715656074,0.4857278921891081,7.88466225527334,0.17689596015710798,local_A043_s43,stairs_10_down,0.06221956014633179,0.0989057282591453,14.328830359705329,0.37732647520800433,0.3841668367385864,19,0.5318459374859067,True,303,2
19.98,0.2105572247967363,0.2821754684775943,9.026676070444111,0.22345157621288828,local_A043_s43,stairs_10_down,0.1206902265548706,0.007455021452836925,13.631504237613875,0.19961373975500465,0.4270903766155243,20,0.1657242694484456,True,303,5
7.68,0.36422661358022423,0.45672821290979404,9.016528453575091,0.11353084835080732,local_A043_s43,stairs_10_down,0.06937587261199951,0.2510070052463295,12.672098086540581,0.4828758321205775,0.5199678242206573,21,0.48640093575364923,True,303,2
19.98,0.3311078815791696,0.4500294788789677,7.511021458675478,0.19484241048250472,local_A043_s43,stairs_10_down,0.08792263269424438,0.2817274582523468,12.382824575617475,0.49684063216050467,0.6220906972885132,22,0.5410470468402502,True,303,4
19.98,0.3506113954167315,0.4751633311019472,8.219395400016053,0.13913279089139804,local_A043_s43,stairs_10_down,0.028198987245559692,0.023997701745495523,14.742816707622513,0.34859808161854744,0.41460394859313965,23,0.4655861431326804,True,303,4
19.98,0.2661969762817424,0.43906129474287847,8.33627192822362,0.2749036074672437,local_A043_s43,stairs_10_down,0.049125730991363525,0.026102192076937796,18.838949191148163,0.3590635105222464,0.5676046013832092,24,0.5451273114380306,True,303,0
19.98,0.3602347230751884,0.4475952193100494,9.070735909251784,0.11624557672138561,local_A043_s43,stairs_10_down,0.014079451560974121,0.04103762578485074,16.128624518137396,0.3186966448649764,0.41976645588874817,25,0.5001688629060316,True,303,2
19.98,0.3048396700015043,0.5114845983499133,7.275731339418643,0.25452492988941094,local_A043_s43,stairs_10_down,0.0695631206035614,0.30393591453853985,12.001963983747304,0.49889685153961183,0.5248166620731354,26,0.5106300285646165,True,303,1
19.98,0.2693015224745567,0.3508408200639645,6.147979277219287,0.2362237534081092,local_A043_s43,stairs_10_down,0.031130433082580566,0.06847976747985841,12.533689643074922,0.27949776177604996,0.5113132297992706,27,0.5092304084775114,True,303,3
19.98,0.30115941295489906,0.3944510924192213,8.087462427853074,0.22411312726714583,local_A043_s43,stairs_10_down,0.04017448425292969,0.004735770663932698,14.28369285447228,0.30759748748503624,0.5072079598903656,28,0.5227137629337366,True,303,0
19.98,0.3694748557155782,0.430038788107201,8.879015889217692,0.12877019342858012,local_A043_s43,stairs_10_down,0.08513011038303375,0.1966507227548043,15.033047082227393,0.4959716554482778,0.5064427852630615,29,0.4781055251641589,True,303,1
19.98,0.2797114710995858,0.4608405158833396,8.28888749541342,0.22562280051907221,local_A043_s43,stairs_10_down,0.008173137903213501,0.09029765728813745,19.466773051480285,0.3077426154414813,0.3587581217288971,30,0.5120894677822764,True,303,0
19.98,0.29237922185085674,0.44809470353455766,9.040752751301047,0.20659600898311145,local_A043_s43,stairs_10_down,0.01638495922088623,0.029363090885739657,17.99302081152129,0.3219162484196325,0.5716085433959961,31,0.5113091433246602,True,303,2
19.98,0.3059403596555485,0.44093659335517094,8.031293877814527,0.21654324721694582,local_A043_s43,stairs_15_down,0.026567399501800537,0.017498129497233575,18.323460078498158,0.21659166413048903,0.48800408840179443,0,0.5273800417634389,True,303,0
19.98,0.29683796157173925,0.46756778897377466,6.846915504075232,0.2183315830390953,local_A043_s43,stairs_15_down,0.029855191707611084,0.173033038858875,12.649146479918226,0.31671655426422757,0.5326345562934875,1,0.534147308229312,True,303,0
19.98,0.25618728008181013,0.37774146685165105,11.224378029117542,0.21832881269501933,local_A043_s43,stairs_15_down,0.006192922592163086,0.007451297565908089,32.00305515395654,0.10801845874016483,0.20127743482589722,2,0.545883231009918,True,303,-1
19.98,0.361158381279777,0.40470683248151373,7.96500358432706,0.12884221799039136,local_A043_s43,stairs_15_down,0.0022206902503967285,0.009137629065919231,34.88151100995909,0.1964158577223619,0.4701569676399231,3,0.488352074790799,True,303,0
11.34,0.2491491995074532,0.36439242183886056,8.671802832612695,0.2907820424166897,local_A043_s43,stairs_15_down,0.134740948677063,0.03976617784925847,25.39810764419672,0.18130720833937328,0.5123987793922424,4,0.2623517848329128,True,303,0
8.24,0.27269110977012206,0.39119739792005354,8.0642112772416,0.27480142316257855,local_A043_s43,stairs_15_down,0.056888580322265625,0.05842600536001638,20.36975743093241,0.24234786495566368,0.5190536379814148,5,0.5529623277446778,True,303,0
19.98,0.29463701702056727,0.47828869883716907,7.81016797724939,0.24717819759582693,local_A043_s43,stairs_15_down,0.102161705493927,0.041751628167851225,22.37720356981081,0.3208748233690858,0.568738579750061,6,0.5026921569918688,True,303,1
19.98,0.3615820146786337,0.4436373202478223,8.790345877798405,0.12478724091201777,local_A043_s43,stairs_15_down,0.021058201789855957,0.008262257885266635,36.51329597047192,0.15183780735048155,0.22421926259994507,7,0.4999146831909407,True,303,0
19.98,0.19343528946134494,0.24840813545320437,13.168211666014566,0.26079763211507967,local_A043_s43,stairs_15_down,0.02472585439682007,0.0086233410199948,40.51314507395435,0.0399594080572327,0.5125626921653748,8,0.3009216060396999,True,303,0
19.98,0.3067344160417822,0.4308845417048136,6.866908463965071,0.22018943022058107,local_A043_s43,stairs_15_down,0.022964954376220703,0.004022470374095375,34.577191704408236,0.19213476738737276,0.31191110610961914,9,0.4930167344236071,True,303,0
19.98,0.22519984775367266,0.32993993116906106,4.963154738629978,0.1622661380007113,local_A043_s43,stairs_15_down,,,,,,10,,False,303,0
19.98,0.2399680295634397,0.3324248375429566,8.239176045711877,0.1857277444286522,local_A043_s43,stairs_15_down,0.0070229172706604,0.004555159244986125,16.660175567946528,0.08822154678869992,0.25258511304855347,11,0.553950205067215,True,303,-1
19.98,0.33908266477087606,0.49123629399372093,7.609965127411754,0.14824787559063826,local_A043_s43,stairs_15_down,0.0,0.002266696656531847,20.409250550604284,0.26692933769275745,0.441606342792511,12,0.4963247117880661,True,303,0
19.98,0.29028292209388107,0.4285148307860339,6.800281805293094,0.2008785178155092,local_A043_s43,stairs_15_down,0.0,0.014375094964426552,32.97102752727465,0.12173963019003471,0.271373987197876,13,0.45104070380293054,True,303,0
19.98,0.32474743124954203,0.5091184298475521,7.5026608192301225,0.1545192562074289,local_A043_s43,stairs_15_down,0.017221391201019287,0.02096615106986286,33.575403282522664,0.1859905022693177,0.17223358154296875,14,0.5267044911934565,True,303,0
19.98,0.22762035482707507,0.32953708262115816,13.123336510539291,0.22117544707710235,local_A043_s43,stairs_15_down,0.023963749408721924,0.027743367328846243,30.71977597922883,-0.004166750609874726,0.22714585065841675,15,0.5409964263243466,True,303,0
19.98,0.23190041314471851,0.352980648742693,11.32615454517252,0.21139721701566466,local_A043_s43,stairs_15_down,0.021550476551055908,0.010002412826909378,30.815908011153514,0.0858433602253596,0.18386691808700562,16,0.5409828793740179,True,303,0
19.98,0.357564214850492,0.44769699821885234,9.371144810029891,0.12122456220255515,local_A043_s43,stairs_15_down,0.0,0.02614589477705499,9.022210379982445,0.2502334721852094,0.32849907875061035,17,0.5014558325402638,True,303,0
19.98,0.15554643164025272,0.1885652120416305,21.042136334483995,0.12815694648462742,local_A043_s43,stairs_15_down,,,,,,18,,False,303,0
19.98,0.293927179425158,0.48356793682353993,7.133217974415293,0.20712065240593405,local_A043_s43,stairs_15_down,0.016620874404907227,0.00970889670740593,9.242161980598368,0.2506390926303963,0.44698566198349,19,0.5576491284526789,True,303,0
4.28,0.1800721925178313,0.1789482458865468,4.423575871781258,0.1589731680979438,local_A043_s43,stairs_15_down,0.10469770431518555,0.0215835184234881,21.226868198955856,0.23744199544979402,0.408211350440979,20,0.08701653019912968,True,303,0
19.98,0.35614026423762835,0.4522235607413389,8.362251846182332,0.11012638873343102,local_A043_s43,stairs_15_down,0.019936442375183105,0.03896808540274988,13.733808076717187,0.26145334596435227,0.5050212144851685,21,0.4477367329479792,True,303,0
19.98,0.31820971776457396,0.4052940572643605,7.977846283101538,0.2164017254200967,local_A043_s43,stairs_15_down,0.07665854692459106,0.10867699028294062,24.32427630744658,0.23872952202955883,0.5432933568954468,22,0.4657191815961921,True,303,0
19.98,0.33963443656656195,0.4904497399646569,7.627137121005273,0.145904321408885,local_A043_s43,stairs_15_down,0.034395575523376465,0.008181974275268523,45.892168522925644,0.24466097629939518,0.4275083541870117,23,0.49647456508937876,True,303,0
19.98,0.20826411383993487,0.36527258440672195,9.849071304079246,0.29706880661934537,local_A043_s43,stairs_15_down,0.0030620694160461426,0.008395366225915602,51.32857380038399,0.16524339944124222,0.5571305751800537,24,0.5024203834615233,True,303,0
19.98,0.35341672547360786,0.4526761356106228,9.04958435214563,0.12045497822785044,local_A043_s43,stairs_15_down,0.0072928667068481445,0.02950851279766044,9.994853686802314,0.2722620450767378,0.33045411109924316,25,0.5160884962481042,True,303,0
19.98,0.267817811124465,0.4432604979392425,7.22501044193597,0.24965780586169106,local_A043_s43,stairs_15_down,0.022665739059448242,0.004520843155826351,29.326699001460874,0.2717224541003816,0.5064129829406738,26,0.5349993922237827,True,303,0
19.98,0.2024629460904687,0.26680142688664366,17.627145932321273,0.19799333626090124,local_A043_s43,stairs_15_down,0.0001252889633178711,0.00180222329681169,38.015399374352036,0.04223594672046602,0.2980351448059082,27,0.5549302707945988,True,303,0
19.98,0.2713290930304298,0.3553298373797918,9.001992162450295,0.14530870201208063,local_A043_s43,stairs_15_down,0.02985900640487671,0.002498129926540242,27.326668803883255,0.09255177359950419,0.20737648010253906,28,0.5477911087507465,True,303,-1
19.98,0.369456089480038,0.4003777874588971,8.655655296733498,0.10975237876229674,local_A043_s43,stairs_15_down,0.05619305372238159,0.03456554190787335,16.583266236679002,0.24042311613758405,0.4346594214439392,29,0.5085275128317237,True,303,0
19.98,0.24067933903020974,0.42474833353272023,6.597911781608414,0.28467141397798346,local_A043_s43,stairs_15_down,0.015283465385437012,0.006351368185364782,29.03145609750042,0.21574701012422642,0.5100652575492859,30,0.5324473139594705,True,303,0
19.98,0.2539143783905927,0.39446468779339766,8.40641479602996,0.16533482401199,local_A043_s43,stairs_15_down,0.033286333084106445,0.0019199612458005565,32.06849868906563,0.1263519447739236,0.25683194398880005,31,0.5660714382208648,True,303,0
