arm,case,seed,env,outcome,fall_t,onset_t,steady_vx,steady_vy,steady_wz,steady_vy_excess,steady_wz_err,steady_tilt_mean,steady_tilt_std,steady_tilt_max,steady_height,steady_terrain_range,ctrl_vx,ctrl_vy,ctrl_wz,ctrl_vy_excess,ctrl_wz_err,ctrl_tilt_mean,ctrl_tilt_std,ctrl_tilt_max,ctrl_height,ctrl_terrain_range,pre_vx,pre_vy,pre_wz,pre_vy_excess,pre_wz_err,pre_tilt_mean,pre_tilt_std,pre_tilt_max,pre_height,pre_terrain_range,lead_tilt_start,lead_vy_start,lead_wzerr_start,lead_tilt_start_rel,lead_vy_start_rel,lead_wzerr_start_rel
A043,combined_yaw_right,101,0,SURVIVE,,,0.4821920818090439,-0.17237428411841393,-0.48032816444834076,-0.022374278157949446,0.019671835551659266,4.623232021516534,1.3938512486887529,7.802529067488967,0.35839433240646135,1.5401585216828209e-06,0.5075397521257401,-0.16465597003698348,-0.49194131046533585,-0.014655964076519012,0.008058689534664154,4.899525123723049,1.6471160459988092,7.802529067488967,0.35275846471442257,1.1015703333890374e-06,,,,,,,,,,,,,,,,
A043,combined_yaw_right,101,1,SURVIVE,,,0.4573957928021749,-0.17803971315423647,-0.4487268182635307,-0.028039707193772,0.05127318173646927,4.255921966246326,1.0229669943323656,6.745989319316924,0.37754790920146647,1.285165388953877e-06,0.45913347840309143,-0.1697736781835556,-0.4764162737131119,-0.019773672223091125,0.023583726286888124,3.970490095270465,1.1630682712012947,5.228733966102809,0.37307702531151593,1.213767311789773e-06,,,,,,,,,,,,,,,,
A043,combined_yaw_right,101,2,SURVIVE,,,0.47456152260303497,-0.16159492400785289,-0.4663833825290203,-0.011594918047388394,0.03361661747097969,5.1049196006140996,1.5538294260091863,8.627075050539547,0.35581807758984507,1.2341667624080883e-06,0.4620035600662231,-0.15911581844091416,-0.4678105840086937,-0.009115812480449676,0.03218941599130631,5.999975718954536,1.6554030480521356,8.627075050539547,0.3496906397336307,1.1729684105531417e-06,,,,,,,,,,,,,,,,
A043,combined_yaw_right,101,3,FALL,6.68,6.46,0.43516307767178564,-0.15970621217746991,-0.4454759477159461,-0.009706206217005447,0.05452405228405385,4.340701449072852,0.9518995228747732,6.447892335629826,0.375863333408897,1.3157645648813502e-06,,,,,,,,,,,0.34210904508829115,-0.25980132788419724,-0.48298467993736266,-0.10980132192373276,0.01701532006263733,7.4784954632044425,3.107342538894599,17.324664228576193,0.37848797144736834,1.0607714321524064e-06,6.14,6.16,6.38,-0.32,-0.3,-0.08
A043,combined_yaw_right,101,4,SURVIVE,,,0.4682814991474152,-0.1617685795078675,-0.46836347273240486,-0.011768573547403018,0.03163652726759513,4.967431029571615,1.6939932524529175,9.324808785704262,0.35343739222662124,1.4279615432820858e-06,0.46545965790748595,-0.16202027797698976,-0.48140382826328276,-0.01202027201652527,0.018596171736717224,4.781741447197181,1.5907841944291017,7.3510313745630285,0.34958233906942254,1.0505717068432486e-06,,,,,,,,,,,,,,,,
A043,combined_yaw_right,101,5,FALL,3.26,2.54,,,,,,,,,,,,,,,,,,,,,0.45639330804347994,-0.24029316067695616,-0.503442820906639,-0.0902931547164917,-0.003442820906639099,7.138186267515538,3.089789364700699,17.587014933630797,0.374054084780382,1.2035675864806151e-06,,,,,,
A043,combined_yaw_right,101,6,FALL,2.44,2.18,,,,,,,,,,,,,,,,,,,,,0.4348708908168637,-0.28098237970653844,-0.5094127062023902,-0.13098237374607397,-0.009412706202390243,7.854799336028926,3.1445961090527432,17.52229449646997,0.37557100139303806,9.995730802974599e-07,,,,,,
A043,combined_yaw_right,101,7,FALL,9.56,9.26,0.4660548123841484,-0.18861197245617708,-0.49629132243636476,-0.0386119664957126,0.0037086775636352184,6.470604059619541,4.837142924238312,30.374440406002755,0.35414395813342675,1.7135538519385027e-06,,,,,,,,,,,0.43387081384658815,-0.2529859152436256,-0.4929782137274742,-0.10298590928316116,0.007021786272525787,6.545009890796847,3.2838593344630715,16.27913995008017,0.3724677958016727,1.4381612685912433e-06,,8.98,9.2,,-0.28,-0.06
A043,combined_yaw_right,101,8,SURVIVE,,,0.47322044958670934,-0.1844999113182227,-0.45967435037096344,-0.0344999053577582,0.040325649629036585,4.438555124544224,1.068221322409043,7.1088710182013,0.37133023745660904,1.3157645648813502e-06,0.5189866888523101,-0.17662501841783523,-0.4625526210665703,-0.02662501245737076,0.03744737893342972,4.228050725382727,1.1453858141323296,6.633267771500746,0.36798738388772956,1.1117700586981952e-06,,,,,,,,,,,,,,,,
A043,combined_yaw_right,101,9,FALL,6.52,6.08,0.48009853527065394,-0.16034045896326848,-0.4777680806411329,-0.01034045300280401,0.022231919358867085,4.094493513841459,0.8560736855077016,6.249651868592028,0.37868249655283837,1.1933678611714573e-06,,,,,,,,,,,0.4568100714683533,-0.2970824605226517,-0.6078176027536393,-0.1470824545621872,-0.10781760275363922,8.42035909133467,2.8290912524234426,16.557005381167645,0.3785696504173432,1.1321695093165106e-06,5.4,5.54,5.92,-0.68,-0.54,-0.16
A043,combined_yaw_right,101,10,SURVIVE,,,0.47728690346082053,-0.153528280283014,-0.4714635546505451,-0.003528274322549502,0.02853644534945488,6.0554712817246585,2.0319366218430797,10.785508136790869,0.34401654136372123,1.3463637408088234e-06,0.4828638529777527,-0.15978568375110627,-0.4582994335889816,-0.009785677790641784,0.041700566411018374,6.0442712585224925,1.3837325096938664,8.27383892520193,0.3441646187764438,1.0709711574615642e-06,,,,,,,,,,,,,,,,
A043,combined_yaw_right,101,11,SURVIVE,,,0.4677850486834844,-0.1921898758908113,-0.4725924324989319,-0.042189869930346804,0.027407567501068115,4.243308085685426,1.1142915537497253,6.880567594170945,0.3650885389025411,1.49935962044619e-06,0.47432876884937286,-0.18954346776008607,-0.4796265771985054,-0.03954346179962158,0.0203734228014946,4.561231943264112,1.0479571564233952,6.776273434345628,0.36287048831661756,1.1525689599348262e-06,,,,,,,,,,,,,,,,
A043,combined_yaw_right,101,12,SURVIVE,,,0.4559616009394328,-0.16262672739724318,-0.47447804354131223,-0.012626721436778704,0.02552195645868778,4.441599258614681,1.2366864454857094,8.339082963158532,0.3624370208733222,1.366763191427139e-06,0.46221644461154937,-0.16669553339481355,-0.4664423197507858,-0.01669552743434906,0.03355768024921417,5.082215606431642,1.470303358098777,8.339082963158532,0.35664965093454576,1.030172256224933e-06,,,,,,,,,,,,,,,,
A043,combined_yaw_right,101,13,SURVIVE,,,0.47240178207556405,-0.18057102032005787,-0.4542555559426546,-0.03057101435959339,0.04574444405734539,4.433671882396081,1.0344027806704175,7.128271971215941,0.37152998975254,1.3565634661179812e-06,0.48281113266944886,-0.16603708103299142,-0.44437959283590317,-0.01603707507252693,0.05562040716409683,4.145232715267265,1.119522567849615,7.0722405743314685,0.36996180701383297,1.2443664877172459e-06,,,,,,,,,,,,,,,,
A043,combined_yaw_right,101,14,SURVIVE,,,0.46669474221765994,-0.18730191918710867,-0.5040848806500435,-0.037301913226644196,-0.004084880650043488,6.502624463663994,5.422422933660184,33.1281733789171,0.34913930232379314,1.4279615432820856e-06,0.4741517293453217,-0.18848092764616012,-0.4732095086574554,-0.03848092168569565,0.026790491342544555,4.989363251943533,0.8271934864992995,6.645938832398257,0.35938727016117483,1.121969784007353e-06,,,,,,,,,,,,,,,,
A043,combined_yaw_right,101,15,FALL,4.5,3.92,0.273329116049267,-0.14605540250028884,-0.39684730271498364,0.003944603460175651,0.10315269728501637,3.8787128553551082,1.3056942917369374,6.091814354050341,0.37022897660322457,8.465772006600936e-07,,,,,,,,,,,0.32041546553373335,-0.22135752826929092,-0.4760425218939781,-0.07135752230882644,0.02395747810602188,6.030715590368624,2.7508072047540475,17.093667408626626,0.3689459921172596,1.0199725309157755e-06,3.76,3.42,3.92,-0.16,-0.5,0.0
A043,combined_yaw_right,101,16,SURVIVE,,,0.46326842906574406,-0.1714636113246282,-0.4665970741212368,-0.021463605364163717,0.0334029258787632,4.310872488310225,0.9616057936373933,6.659675540556558,0.37687206537647044,1.5197590710645053e-06,0.49122103691101077,-0.17715339243412018,-0.4606184479594231,-0.0271533864736557,0.03938155204057694,4.372063848377213,1.0051644318456556,6.659675540556558,0.37396263989853984,1.1117700586981952e-06,,,,,,,,,,,,,,,,
A043,combined_yaw_right,101,17,FALL,2.96,2.7,,,,,,,,,,,,,,,,,,,,,0.4924176858395946,-0.2725662059929906,-0.5487029333503879,-0.12256620003252613,-0.04870293335038788,7.993978893298874,3.3628140721990984,17.185077446089025,0.3790913257948321,1.2341667624080883e-06,,,,,,
A043,combined_yaw_right,101,18,SURVIVE,,,0.4702306898434957,-0.15563992915054162,-0.4743855620423953,-0.005639923190077146,0.025614437957604725,5.18759508336669,1.9132317685838809,9.49963943594087,0.34982790944091774,1.6421557747743986e-06,0.4695720648765564,-0.16654851496219636,-0.458041358590126,-0.01654850900173187,0.04195864140987396,5.049183755000622,1.9210954929053414,8.283586949229125,0.34738520112904636,1.3157645648813504e-06,,,,,,,,,,,,,,,,
A043,combined_yaw_right,101,19,FALL,9.98,9.68,0.4336436657607555,-0.17515418857336043,-0.4527632881204287,-0.025154182612895967,0.04723671187957128,4.729890149271453,1.5318221372117267,10.67540050608212,0.36723442550223995,1.4483609939004011e-06,,,,,,,,,,,0.4590571159124374,-0.2625916662812233,-0.5407285451889038,-0.11259166032075882,-0.04072854518890381,7.63694742227691,2.9988971426024627,16.34515105446134,0.37132537779004815,1.4585607192095587e-06,9.42,9.4,9.58,-0.26,-0.28,-0.1
A043,combined_yaw_right,101,20,SURVIVE,,,0.43580109149217605,-0.20198424376547336,-0.4458034636825323,-0.05198423780500889,0.05419653631746769,6.974483376037194,7.3313772471499465,41.502055870215116,0.3528999046319946,1.4687604445187165e-06,0.450317040681839,-0.18496068239212035,-0.45713611274957655,-0.03496067643165588,0.04286388725042343,4.193083292992932,0.9109413642206291,5.6460789250745576,0.3762614217257117,1.162768685243984e-06,,,,,,,,,,,,,,,,
A043,combined_yaw_right,101,21,SURVIVE,,,0.45624786297480263,-0.1840745709836483,-0.4611422668894132,-0.034074565023183824,0.0388577331105868,4.417869000627633,0.9768894041079601,6.739037406850799,0.3686638592563423,1.3769629167362968e-06,0.4621291971206665,-0.17161728620529174,-0.4698325455188751,-0.021617280244827272,0.03016745448112488,4.187317524249585,0.8016689991236432,5.814228333683075,0.3668552932605387,1.0913706080798796e-06,,,,,,,,,,,,,,,,
A043,combined_yaw_right,101,22,SURVIVE,,,0.4703971309463183,-0.15807625725865365,-0.4635885703439514,-0.008076251298189164,0.03641142965604861,5.660322487647352,1.9864556939180327,10.180625374239613,0.34528626131342055,1.448360993900401e-06,0.4745993185043335,-0.15446214333176614,-0.4783926984667778,-0.004462137371301651,0.021607301533222198,6.073775918887582,1.7238321302709072,8.736150064441304,0.3403582718506216,1.1423692346256684e-06,,,,,,,,,,,,,,,,
A043,combined_yaw_right,101,23,SURVIVE,,,0.4734003751476606,-0.1684615731984377,-0.4506685309112072,-0.018461567237973212,0.0493314690887928,4.335325913368414,1.0579853585312449,6.731116911802259,0.36645853675198004,1.5095593457553477e-06,0.45655616104602814,-0.1758667714893818,-0.41968933790922164,-0.025866765528917313,0.08031066209077835,4.471123078083144,1.1741699278973916,6.731116911802259,0.368839606980589,1.1933678611714573e-06,,,,,,,,,,,,,,,,
A043,combined_yaw_right,101,24,SURVIVE,,,0.47405095875263215,-0.15279663145542144,-0.487936879893144,-0.00279662549495697,0.012063120106856028,6.1955930779969295,1.955973565509625,9.675098661215944,0.34257927178699066,1.529958796373663e-06,0.4664940845966339,-0.15766449749469758,-0.4804343378543854,-0.007664491534233093,0.019565662145614626,6.454408108565961,1.8194437323984802,9.26556509518883,0.34227874495128896,1.4789601698278743e-06,,,,,,,,,,,,,,,,
A043,combined_yaw_right,101,25,SURVIVE,,,0.4829418983062108,-0.14154323463638624,-0.48600763365626337,0.008456771324078242,0.01399236634373665,5.126547839310891,2.098899089004421,8.983472781628697,0.347817361109397,1.3973623673546124e-06,0.4918665081262589,-0.13888991266489029,-0.5239717584848403,0.011110093295574188,-0.023971758484840393,6.316124326014548,1.5221133814876886,8.964491025628849,0.34659351436849584,1.0607714321524064e-06,,,,,,,,,,,,,,,,
A043,combined_yaw_right,101,26,SURVIVE,,,0.4804138398170471,-0.17110496605436007,-0.48550592181583246,-0.021104960093895595,0.014494078184167545,4.6440602380143785,1.354827938014163,7.954704327248674,0.3570648465978908,1.3769629167362968e-06,0.4659731012582779,-0.17388774275779725,-0.4801312543451786,-0.023887736797332762,0.019868745654821395,5.023735858421585,1.371298000638955,7.194265834646798,0.3565261315438837,1.2035675864806151e-06,,,,,,,,,,,,,,,,
A043,combined_yaw_right,101,27,SURVIVE,,,0.4760862058401108,-0.15631367400288582,-0.48361790960033735,-0.006313668042421341,0.016382090399662652,5.16065156959646,1.6213447144964852,8.342284788076984,0.35088383020989183,1.3769629167362968e-06,0.46123975396156314,-0.17758535474538803,-0.4898974275588989,-0.027585348784923552,0.010102572441101075,5.154941551525236,1.6426035638744947,8.12020723681061,0.3480363172962066,1.121969784007353e-06,,,,,,,,,,,,,,,,
A043,combined_yaw_right,101,28,SURVIVE,,,0.46932251572608946,-0.17275807465116183,-0.4838243289788564,-0.022758068690697353,0.016175671021143596,4.970125344102934,1.2080939981972527,7.623518996817771,0.3597418716741118,1.4789601698278743e-06,0.4848913115262985,-0.1965557336807251,-0.5016501486301422,-0.04655572772026062,-0.001650148630142212,4.8345646709248395,0.9426967692677432,6.307826731105254,0.35692422168140103,1.0913706080798798e-06,,,,,,,,,,,,,,,,
A043,combined_yaw_right,101,29,SURVIVE,,,0.4744737977782885,-0.15631631538271903,-0.4561379900574684,-0.006316309422254562,0.04386200994253159,5.738664608075958,1.9512808043050909,9.316859479988027,0.3446240696491617,1.652355500083556e-06,0.45446175038814546,-0.17724275529384614,-0.46456374406814577,-0.027242749333381652,0.035436255931854246,5.3376118322727795,1.8928724301150968,7.77278923715003,0.34202645294487793,9.58774179060829e-07,,,,,,,,,,,,,,,,
A043,combined_yaw_right,101,30,FALL,3.84,3.58,,,,,,,,,,,,,,,,,,,,,0.320500331223011,-0.26408014953136444,-0.501065499484539,-0.11408014357089996,-0.001065499484539032,7.158705307760488,2.7977287354958817,17.369700808913056,0.3739523476075361,1.1015703333890374e-06,,,,,,
A043,combined_yaw_right,101,31,SURVIVE,,,0.47753055463234584,-0.17795276001095772,-0.47809616403033334,-0.02795275405049324,0.02190383596966664,5.559067174814847,3.0365961306591123,18.09447812891444,0.353861965230017,1.3871626420454546e-06,0.4703430092334747,-0.17567899614572524,-0.4112189930677414,-0.025678990185260774,0.0887810069322586,4.193872098539626,0.696722473912674,5.577102441241838,0.37366981033335395,1.3361640154996656e-06,,,,,,,,,,,,,,,,
A043,combined_yaw_right,202,0,SURVIVE,,,0.4653469307223956,-0.14525916824738186,-0.45116779873768487,0.0047408377130826315,0.04883220126231511,5.951599015039839,2.090807524268499,10.653772346324612,0.33881761987260317,1.3157645648813504e-06,0.49024728298187253,-0.15000569954514503,-0.48841502994298935,-5.693584680557251e-06,0.011584970057010651,6.429843274120029,1.8721438398108854,9.566737572512595,0.33872057664840616,1.1525689599348262e-06,,,,,,,,,,,,,,,,
A043,combined_yaw_right,202,1,SURVIVE,,,0.47638817856709165,-0.17742351551850638,-0.4629917078961929,-0.02742350955804189,0.037008292103807135,4.4427757683398745,1.5251994029371418,7.66667087277124,0.35815718102848254,1.417761817972928e-06,0.48269898593425753,-0.19478189557790757,-0.4712390446662903,-0.04478188961744309,0.028760955333709717,4.55329719111553,1.1217248095672967,6.871781978671463,0.35697706909421933,1.3871626420454546e-06,,,,,,,,,,,,,,,,
A043,combined_yaw_right,202,2,FALL,16.28,16.0,0.45145425889641044,-0.18096158238748708,-0.45859112963080406,-0.030961576427022616,0.04140887036919594,4.578998130610555,1.5458558740665795,11.683983820509068,0.3694880768736416,1.49935962044619e-06,,,,,,,,,,,0.4036861845850945,-0.2374657368659973,-0.5222730067372322,-0.08746573090553283,-0.022273006737232207,6.44968699677946,2.82075270366932,16.37937358001933,0.372662750527183,1.1321695093165106e-06,15.82,15.8,15.88,-0.18,-0.2,-0.12
A043,combined_yaw_right,202,3,FALL,6.74,6.44,0.40851023874315273,-0.17016594253835224,-0.4363291261679664,-0.02016593657788776,0.06367087383203361,4.351044573972143,1.090581398120291,6.52714390978826,0.37716454429799756,1.4279615432820856e-06,,,,,,,,,,,0.35059930086135865,-0.2641256372630596,-0.3970815684646368,-0.11412563130259513,0.1029184315353632,6.785148024297713,3.6658639038552323,17.4677321002174,0.3766028131201943,1.0505717068432486e-06,6.22,6.18,,-0.22,-0.26,
A043,combined_yaw_right,202,4,FALL,10.24,9.98,0.4262057975182931,-0.1658973489701748,-0.4380989443262418,-0.01589734300971031,0.06190105567375819,4.136343997516126,1.078228379594083,6.8471340298731835,0.37522681090549137,1.2953651142630349e-06,,,,,,,,,,,0.08601492580026388,-0.33247788459062577,-0.36987820625305173,-0.1824778786301613,0.13012179374694824,8.397183753757888,4.3973378104004155,17.438115538561195,0.3724296673447053,1.2647659383355615e-06,9.5,9.52,9.88,-0.48,-0.46,-0.1
A043,combined_yaw_right,202,5,SURVIVE,,,0.46861577560504275,-0.17650083189209304,-0.46013404076298076,-0.026500825931628544,0.03986595923701922,4.5885440189493245,1.2871509128830037,8.370272341710619,0.3585253421045879,1.5809574229194518e-06,0.4657160955667496,-0.14931366592645645,-0.4375298503041267,0.0006863400340080261,0.06247014969587326,4.619188011729468,1.7366189790908146,7.277504892987206,0.3593719365666895,1.1015703333890374e-06,,,,,,,,,,,,,,,,
A043,combined_yaw_right,202,6,SURVIVE,,,0.4658533665537834,-0.16384088086585205,-0.467337148959438,-0.013840874905387561,0.03266285104056199,4.989784630427439,1.6721961397693512,8.758337109588162,0.35264010878117114,1.4687604445187167e-06,0.4644697225093842,-0.16281819492578506,-0.45108843564987183,-0.012818188965320587,0.048911564350128174,5.897494332055045,1.5684843602140948,8.78283966427307,0.35306400259867066,9.179752778241978e-07,,,,,,,,,,,,,,,,
A043,combined_yaw_right,202,7,SURVIVE,,,0.46712117185195284,-0.1886855170627435,-0.4586045804123084,-0.038685511102279024,0.04139541958769163,4.400852529757236,1.2733233891301179,7.520969897465395,0.37584299193559056,1.3463637408088234e-06,0.3859030508995056,-0.1671163596212864,-0.37306604310870173,-0.017116353660821915,0.1269339568912983,3.3904053595444186,1.262294305548412,5.265926314528542,0.37811323326220486,1.0505717068432486e-06,,,,,,,,,,,,,,,,
A043,combined_yaw_right,202,8,SURVIVE,,,0.4742258378863335,-0.1557986108213663,-0.48910781388481456,-0.005798604860901832,0.01089218611518542,5.567285724884958,1.7870088198690421,9.609241198475836,0.34543932802218164,1.49935962044619e-06,0.4916342359781265,-0.13039494216442107,-0.4645687797665596,0.019605063796043397,0.0354312202334404,5.957165098567191,1.7668663132459546,9.189791482486386,0.34367889250982253,9.485744537516712e-07,,,,,,,,,,,,,,,,
A043,combined_yaw_right,202,9,FALL,14.78,14.48,0.45215227427581944,-0.1790996083865563,-0.4515180946638187,-0.02909960242609183,0.048481905336181325,4.419269915680923,0.9001394868062557,6.171394631342155,0.3753625115061614,1.3463637408088234e-06,,,,,,,,,,,0.465911220908165,-0.28184658497571946,-0.4841718917991966,-0.13184657901525498,0.0158281082008034,7.25264349920776,4.093159544602706,17.334982711535556,0.37183928019860213,1.2545662130264037e-06,14.16,14.18,14.44,-0.32,-0.3,-0.04
A043,combined_yaw_right,202,10,FALL,19.32,19.04,0.4586572732528051,-0.16571896513303122,-0.4599723279848695,-0.015718959172566733,0.04002767201513052,4.18578408430639,1.3115122881939794,7.36175348810675,0.37324389675296776,1.7543527531751337e-06,,,,,,,,,,,0.42319670200347903,-0.26685399800539017,-0.5013266268372536,-0.11685399204492569,-0.0013266268372535705,7.539327959347081,3.5977279417329147,17.822457691434053,0.3728980083962813,8.26177750041778e-07,18.78,18.78,18.96,-0.26,-0.26,-0.08
A043,combined_yaw_right,202,11,SURVIVE,,,0.460241086880366,-0.16424415176113447,-0.47245169575015705,-0.014244145800669988,0.02754830424984296,5.095139449676908,1.5573787018615248,9.134628388841755,0.3548875133244324,1.3871626420454546e-06,0.4829117900133133,-0.1913634517788887,-0.4739422684907913,-0.04136344581842422,0.02605773150920868,4.102655465286322,0.9556709368387785,5.498611121868613,0.35478715022298746,1.5911571482286096e-06,,,,,,,,,,,,,,,,
A043,combined_yaw_right,202,12,SURVIVE,,,0.4746817890803019,-0.16200953255097073,-0.4683508407697082,-0.012009526590506235,0.031649159230291844,5.214005804897901,1.9621021591894419,9.352925355102057,0.3485415434449539,1.5197590710645055e-06,0.4565335988998413,-0.1567017325758934,-0.44433033347129824,-0.006701726615428925,0.05566966652870178,5.354540935569218,1.6360854423410112,8.425923932353093,0.34735650762517184,1.2443664877172459e-06,,,,,,,,,,,,,,,,
A043,combined_yaw_right,202,13,SURVIVE,,,0.4672002997994423,-0.17582223591705162,-0.47357066499690215,-0.025822229956587155,0.026429335003097854,4.186656602970549,1.0780760007113714,7.351324972689874,0.37205254612175115,1.5095593457553477e-06,0.4837127542495728,-0.19810645550489425,-0.47671891897916796,-0.04810644954442978,0.02328108102083206,4.678759836459963,0.6845362825297058,5.772071412617139,0.3711774579917683,1.1321695093165108e-06,,,,,,,,,,,,,,,,
A043,combined_yaw_right,202,14,SURVIVE,,,0.46521461457014085,-0.16576014652848245,-0.4757181088626385,-0.015760140568017958,0.024281891137361525,5.709340968551961,1.8762773736271663,10.038500815042294,0.34889969120529246,1.3769629167362968e-06,0.4570763236284256,-0.17719694912433626,-0.5166845041513443,-0.027196943163871765,-0.0166845041513443,4.925774304731522,1.1963017776971179,7.149404352465014,0.3527037486386172,1.162768685243984e-06,,,,,,,,,,,,,,,,
A043,combined_yaw_right,202,15,SURVIVE,,,0.47232299745082856,-0.15874219392736752,-0.47692684911191463,-0.008742187966903051,0.023073150888085366,5.393929599807648,2.0348428533626075,10.48762377131003,0.34628273371016066,1.4177618179729278e-06,0.4972539734840393,-0.16635048046708106,-0.4570497793448158,-0.016350474506616593,0.04295022065518424,4.298264473411428,1.623379520930291,7.43030641760794,0.3487421345168894,1.3565634661179812e-06,,,,,,,,,,,,,,,,
A043,combined_yaw_right,202,16,FALL,7.2,6.9,0.4472793976173681,-0.1870237384648884,-0.4588711224058095,-0.03702373250442393,0.04112887759419048,4.620473287928854,1.103603857285116,7.036619221937644,0.3786431973161994,1.4075620926637702e-06,,,,,,,,,,,0.43271040260791777,-0.30108470320701597,-0.5137689292430878,-0.15108469724655152,-0.013768929243087768,8.120033661589375,2.255344437325047,16.500719003061246,0.37460152166412475,1.0607714321524064e-06,6.54,6.32,6.82,-0.36,-0.58,-0.08
A043,combined_yaw_right,202,17,SURVIVE,,,0.47591827154159544,-0.16696566350758077,-0.476730639860034,-0.016965657547116278,0.02326936013996601,4.384386328906742,1.3723503940103372,7.194674868886175,0.35720522071482236,1.5095593457553475e-06,0.46560307800769807,-0.17354490667581557,-0.46055782943964,-0.023544900715351105,0.03944217056035995,4.699730861357601,1.6762097864758043,8.285909614132935,0.353333482206824,1.2239670370989305e-06,,,,,,,,,,,,,,,,
A043,combined_yaw_right,202,18,SURVIVE,,,0.46907674049337705,-0.18596160992980004,-0.4610627795259158,-0.03596160396933556,0.03893722047408422,4.653682402146731,1.0297785895868092,7.879654398618655,0.3681873579448132,1.3871626420454546e-06,0.457309490442276,-0.16479018270969392,-0.48194311559200287,-0.01479017674922943,0.01805688440799713,4.137648725904875,0.9644077103547108,6.54196834424363,0.36671175457895755,1.1423692346256684e-06,,,,,,,,,,,,,,,,
A043,combined_yaw_right,202,19,FALL,17.06,16.8,0.4589788449803988,-0.1872025789320469,-0.45877653047442435,-0.037202572971582415,0.04122346952557564,4.261357090193618,1.0379496309211593,6.559540245208104,0.3795332980479999,1.2341667624080883e-06,,,,,,,,,,,0.3445592653751373,-0.2633220699429512,-0.41790905356407165,-0.11332206398248673,0.08209094643592835,6.603874160405682,3.2123258556557697,17.237879368578096,0.3792587549801179,8.975758272058823e-07,16.56,16.52,16.74,-0.24,-0.28,-0.06
A043,combined_yaw_right,202,20,SURVIVE,,,0.4739803647001584,-0.16115795994798343,-0.47258439810946584,-0.011157953987518947,0.02741560189053416,5.708644367824918,1.9422634434000043,9.346324655665772,0.3431481871603857,1.40756209266377e-06,0.4713966101408005,-0.1420856410264969,-0.4560362792015076,0.007914364933967591,0.04396372079849243,6.569890947901327,1.4252553845840594,8.917357025209641,0.34297857387499375,1.0811708827707218e-06,,,,,,,,,,,,,,,,
A043,combined_yaw_right,202,21,SURVIVE,,,0.4589826814333598,-0.18205132454633713,-0.4452205190559228,-0.03205131858587265,0.054779480944077176,4.338995503539191,1.0876839138410783,7.3115831761264705,0.36983713104816257,1.40756209266377e-06,0.4763255959749222,-0.16235420525074004,-0.4954308325052261,-0.012354199290275574,0.004569167494773865,4.08975807701519,0.9034100521024301,5.3639218654560095,0.3718058283125016,1.2137673117897727e-06,,,,,,,,,,,,,,,,
A043,combined_yaw_right,202,22,SURVIVE,,,0.46923471172650655,-0.17416178862253825,-0.4926564710835616,-0.02416178266207377,0.007343528916438421,4.942885905985145,1.2075888356577655,8.10161770816872,0.3581248453588834,1.7135538519385027e-06,0.4683788329362869,-0.16451533406972885,-0.4668900385499001,-0.014515328109264375,0.033109961450099944,4.406715014983115,1.2142654461423177,6.820959883938396,0.3590768227475212,1.1933678611714573e-06,,,,,,,,,,,,,,,,
A043,combined_yaw_right,202,23,SURVIVE,,,0.47516875723997754,-0.1486033662656943,-0.479079166551431,0.0013966396947701772,0.02092083344856898,5.850498064332171,1.7697347181439578,9.356581080228356,0.3406822271998341,1.2851653889538768e-06,0.48031977415084837,-0.1365678519010544,-0.4561551731824875,0.013432154059410095,0.04384482681751251,4.998322992378895,1.7254703528572315,8.26887752384683,0.3537574949940258,1.2647659383355615e-06,,,,,,,,,,,,,,,,
A043,combined_yaw_right,202,24,FALL,1.98,1.72,,,,,,,,,,,,,,,,,,,,,0.2850253599882126,-0.2529911057651043,-0.4603514733910561,-0.10299109980463982,0.03964852660894394,6.534991195258766,3.530256689273552,16.482372758849383,0.3767346406333587,1.2137673117897727e-06,,,,,,
A043,combined_yaw_right,202,25,SURVIVE,,,0.46990457803010943,-0.15312439089020094,-0.46474995963275434,-0.0031243849297364554,0.035250040367245675,5.93241962149868,2.060487753031958,10.006161497574073,0.33986633627491203,1.4789601698278743e-06,0.4722291821241379,-0.16205982655286788,-0.4655029767751694,-0.012059820592403412,0.03449702322483063,4.846073179207087,1.8743794846460053,7.799736309129462,0.34206842089400574,1.081170882770722e-06,,,,,,,,,,,,,,,,
A043,combined_yaw_right,202,26,FALL,5.64,5.38,0.48125304408529973,-0.18675330883644997,-0.4281935931203213,-0.03675330287598549,0.07180640687967868,4.456215328101326,1.0112410809699623,6.364671158273445,0.3807246653933834,1.1831681358622995e-06,,,,,,,,,,,0.4294817918539047,-0.2822736820578575,-0.4869238919019699,-0.13227367609739304,0.01307610809803009,7.550123454080018,2.901827425821133,16.463307730698908,0.3761961243209992,1.213767311789773e-06,5.0,4.98,5.3,-0.38,-0.4,-0.08
A043,combined_yaw_right,202,27,SURVIVE,,,0.4730569557348887,-0.15119249100486437,-0.4786798157542944,-0.0011924850443998972,0.021320184245705604,5.9326104045283525,2.0560290003403914,10.013922148510465,0.34245584127577866,1.3463637408088236e-06,0.49256311893463134,-0.16589483886957168,-0.5218563723564148,-0.015894832909107207,-0.021856372356414796,5.38778856686326,1.7164274952461227,9.06674532313777,0.34903259991324526,1.3157645648813504e-06,,,,,,,,,,,,,,,,
A043,combined_yaw_right,202,28,SURVIVE,,,0.43749357521533966,-0.165858810916543,-0.4634062047302723,-0.01585880495607853,0.036593795269727704,4.620948158609346,1.241172214815663,8.440105654139352,0.36786444195610957,1.5095593457553475e-06,0.3996133226156235,-0.11722265750169754,-0.4250436472892761,0.03277734845876694,0.07495635271072387,3.7477191178881784,1.5959322510115754,7.005999209742761,0.36972841436531456,1.0913706080798796e-06,,,,,,,,,,,,,,,,
A043,combined_yaw_right,202,29,SURVIVE,,,0.45682458907365797,-0.18027511502305665,-0.46521837761004764,-0.03027510906259219,0.03478162238995234,4.558858867161581,1.1676110499924404,8.132142256357822,0.36510796311067384,1.5809574229194518e-06,0.46375356197357176,-0.16858821392059326,-0.4762876582145691,-0.018588207960128784,0.02371234178543091,4.187561557438681,0.9722190369924174,6.195902384362464,0.37225253278877646,1.121969784007353e-06,,,,,,,,,,,,,,,,
A043,combined_yaw_right,202,30,SURVIVE,,,0.4634031649430593,-0.16765694882720708,-0.470007296577096,-0.01765694286674261,0.029992703422904013,5.284813559189458,2.0191948118481946,10.010916830792867,0.3469361508540716,1.3055648395721926e-06,0.4877116364240646,-0.15196666166186332,-0.5366274178028106,-0.0019666557013988495,-0.03662741780281067,5.882114245270073,1.705470836592321,8.643701759936182,0.3447568730746998,9.485744537516711e-07,,,,,,,,,,,,,,,,
A043,combined_yaw_right,202,31,SURVIVE,,,0.47106245348850884,-0.14942942870159945,-0.46002020581935843,0.0005705772588650385,0.03997979418064157,5.963693560222205,2.003432273353316,9.506196668942941,0.33839420314513,1.4279615432820856e-06,0.4665985202789307,-0.18866402193903922,-0.47666429936885835,-0.03866401597857475,0.023335700631141664,5.0230546792284585,1.9156893959712407,8.364499156373416,0.345476233551209,1.1525689599348264e-06,,,,,,,,,,,,,,,,
A043,combined_yaw_right,303,0,FALL,2.68,2.48,,,,,,,,,,,,,,,,,,,,,0.4138196510076523,-0.27824662953615187,-0.48791884273290637,-0.12824662357568742,0.012081157267093658,7.310067223216346,3.030617175793731,17.911339465646048,0.37537548330059667,1.121969784007353e-06,,,,,,
A043,combined_yaw_right,303,1,SURVIVE,,,0.4622174192468325,-0.17385935897628466,-0.47676177288095156,-0.023859353015820185,0.023238227119048438,4.8447474821020124,1.334043912626161,7.992568462078365,0.3566984960064956,1.3157645648813502e-06,0.4585793077945709,-0.17995339035987853,-0.46314992517232895,-0.029953384399414064,0.03685007482767105,5.050273319983034,1.0687683842920421,7.302480649555501,0.35451921789722646,1.1831681358622995e-06,,,,,,,,,,,,,,,,
A043,combined_yaw_right,303,2,SURVIVE,,,0.4350368232528369,-0.1773505804936091,-0.49080258851250014,-0.02735057453314463,0.009197411487499873,4.771191538962054,1.7770093845983852,13.746245330394405,0.365815148516666,1.4789601698278743e-06,0.481905876994133,-0.15947231978178025,-0.5074688297510147,-0.009472313821315765,-0.007468829751014709,4.387770941331077,1.0258388501865456,6.668798092029685,0.35939185425878206,1.0913706080798796e-06,,,,,,,,,,,,,,,,
A043,combined_yaw_right,303,3,SURVIVE,,,0.46606243774294853,-0.1842962168653806,-0.46799054483572644,-0.03429621090491613,0.03200945516427358,4.2349829554460845,0.8628160312110216,5.786383556849105,0.37546446695631625,1.366763191427139e-06,0.42813945025205613,-0.1682514801621437,-0.4366752326488495,-0.01825147420167923,0.06332476735115052,3.903934718683796,0.719846227716022,5.240076365849492,0.3765808434123024,9.58774179060829e-07,,,,,,,,,,,,,,,,
A043,combined_yaw_right,303,4,FALL,4.14,3.52,,,,,,,,,,,,,,,,,,,,,0.4480243420600891,-0.2614657092094421,-0.48856360346078875,-0.11146570324897766,0.011436396539211273,7.1968687144869445,3.772157820580406,17.990278815006953,0.3767013981635558,1.121969784007353e-06,,,,,,
A043,combined_yaw_right,303,5,FALL,10.26,9.88,0.43811861088848675,-0.17754910214493672,-0.46100481662899256,-0.02754909618447224,0.03899518337100744,4.500806442532588,1.8251733759084823,13.892450491415817,0.3684757801539758,1.3565634661179812e-06,,,,,,,,,,,0.4883660382032394,-0.28008166044950483,-0.6380087131261826,-0.13008165448904038,-0.13800871312618257,8.057664979952646,2.7014397172238613,16.867383217387893,0.36939589039208415,1.0709711574615642e-06,9.54,9.54,9.68,-0.34,-0.34,-0.2
A043,combined_yaw_right,303,6,SURVIVE,,,0.4807321890195211,-0.17207638669759034,-0.47613565012812614,-0.022076380737125874,0.023864349871873854,4.905659086461111,2.0116419491685487,13.285416636274798,0.3637235195230885,1.3259642901905082e-06,0.4546386831998825,-0.19891707688570023,-0.4420436379313469,-0.04891707092523575,0.05795636206865311,5.44567543360886,1.7517099620602976,10.221428554055848,0.3752373922891158,1.121969784007353e-06,,,,,,,,,,,,,,,,
A043,combined_yaw_right,303,7,FALL,6.02,5.72,0.3519372350225846,-0.21060305691181538,-0.3719651115101737,-0.06060305095135091,0.1280348884898263,13.122929431180111,12.949138932357727,44.75608485180207,0.3098557752675505,1.3055648395721924e-06,,,,,,,,,,,0.4353648686408997,-0.246894648373127,-0.5172554752230645,-0.0968946424126625,-0.017255475223064424,6.761454668092722,3.2516680433000067,16.577892818819986,0.37194200925011045,1.1729684105531417e-06,,5.6,,,-0.12,
A043,combined_yaw_right,303,8,SURVIVE,,,0.46245237653454146,-0.17731215151647728,-0.4672244340678056,-0.02731214555601279,0.03277556593219439,4.346663248841132,1.0024117139535462,7.214118214276394,0.36900916512477844,1.621756324156083e-06,0.47465201675891877,-0.19906490445137023,-0.4634608644247055,-0.04906489849090576,0.03653913557529449,4.532046525107591,0.7806731186186243,6.375352103033806,0.36999793877894865,1.0097728056066177e-06,,,,,,,,,,,,,,,,
A043,combined_yaw_right,303,9,SURVIVE,,,0.4549056243399779,-0.17488067463040352,-0.4681393369287252,-0.02488066866993904,0.031860663071274754,4.518148398906159,1.1529496795885465,8.53865398644397,0.3699972126397857,1.5605579723011362e-06,0.47564940989017485,-0.16772541522979736,-0.4736365443468094,-0.017725409269332887,0.026363455653190614,3.731404565498758,0.8636588562070839,5.574396000282702,0.36906359676052547,9.9957308029746e-07,,,,,,,,,,,,,,,,
A043,combined_yaw_right,303,10,SURVIVE,,,0.4642567390203476,-0.17788335256278515,-0.4453347403804461,-0.027883346602320672,0.05466525961955388,4.290211815938042,0.9431104994024888,6.656494438063493,0.3720624246784285,1.1525689599348262e-06,0.4822434639930725,-0.1948208186030388,-0.4233614158630371,-0.04482081264257431,0.0766385841369629,4.076234892447741,0.7156734774346699,5.207217127985327,0.37347372764253367,9.383747284425134e-07,,,,,,,,,,,,,,,,
A043,combined_yaw_right,303,11,SURVIVE,,,0.4669173064827919,-0.1713346174110969,-0.48304365972677865,-0.021334611450632413,0.016956340273221335,4.404656296060654,1.2218215679138968,8.008664464418391,0.3601831994762183,1.6931544013201872e-06,0.4491589039564133,-0.1633196422457695,-0.49435609608888625,-0.013319636285305024,0.005643903911113739,3.789103320619015,0.8808280802853328,5.013251220116895,0.370241703097833,1.1525689599348262e-06,,,,,,,,,,,,,,,,
A043,combined_yaw_right,303,12,FALL,10.86,10.56,0.47639623244603474,-0.19066967452565828,-0.44744242531557876,-0.040669668565193814,0.052557574684421224,4.460830220062971,1.2352433219158303,7.861997879082956,0.3735922960116264,1.3361640154996658e-06,,,,,,,,,,,0.4541917425394058,-0.28572054982185363,-0.6086205646395684,-0.13572054386138915,-0.10862056463956833,7.181617328631257,3.2990967136926233,17.06402679393395,0.36967646129628556,1.244366487717246e-06,10.18,10.2,10.36,-0.38,-0.36,-0.2
A043,combined_yaw_right,303,13,FALL,15.34,15.02,0.4822582685947418,-0.18549151393274466,-0.4650482343385617,-0.035491507972280185,0.03495176566143831,4.58110141562671,1.0841522790820142,9.329065333024587,0.37177329997381,1.3055648395721926e-06,,,,,,,,,,,0.4531262445449829,-0.2717045325040817,-0.4925965693593025,-0.12170452654361724,0.007403430640697479,6.570728863008748,3.2527163443035336,15.186710745716216,0.37121203572992334,1.0709711574615642e-06,14.76,14.74,14.94,-0.26,-0.28,-0.08
A043,combined_yaw_right,303,14,SURVIVE,,,0.47380391667286553,-0.1524306294322014,-0.48094798415899276,-0.002430623471736908,0.01905201584100723,5.50653707273087,1.9351580034520628,9.722048276243378,0.34348957434429417,1.325964290190508e-06,0.46116945147514343,-0.1469067819416523,-0.45487377643585203,0.0030932240188121796,0.04512622356414795,5.429231574836868,1.730505198099465,8.210423809460522,0.34473965554951347,1.1423692346256686e-06,,,,,,,,,,,,,,,,
A043,combined_yaw_right,303,15,FALL,2.6,2.16,,,,,,,,,,,,,,,,,,,,,0.4564949486936842,-0.2682610348779328,-0.514567819176888,-0.11826102891746833,-0.01456781917688798,7.5742267469279065,2.8874072725090865,17.515918645050682,0.3744348775874732,8.567769259692514e-07,,,,,,
A043,combined_yaw_right,303,16,SURVIVE,,,0.46980111608902614,-0.17685327984392643,-0.4670168316612641,-0.026853273883461953,0.0329831683387359,4.843958884738084,1.4032651064894681,8.990730934329013,0.3576997264428147,1.6727549507018716e-06,0.46379549860954283,-0.16991860091686248,-0.4573569944500923,-0.01991859495639801,0.04264300554990769,5.197474956503928,1.378275166597648,7.479527398160981,0.3548708811928244,1.0709711574615642e-06,,,,,,,,,,,,,,,,
A043,combined_yaw_right,303,17,SURVIVE,,,0.4802719098329544,-0.1763103927175204,-0.46896885633468627,-0.02631038675705592,0.03103114366531372,4.531237657775746,1.4172317493325826,8.295406852167087,0.3576359323278043,1.40756209266377e-06,0.48384650886058805,-0.17083442717790603,-0.45106517016887665,-0.02083442121744156,0.04893482983112335,3.9447553770577857,1.4498202887456586,6.926085340522823,0.35970676289203973,1.030172256224933e-06,,,,,,,,,,,,,,,,
A043,combined_yaw_right,303,18,SURVIVE,,,0.47045107414325077,-0.18077184831102688,-0.472057206283013,-0.030771842350562413,0.027942793716986974,4.5946913443596955,1.1005335503487497,7.4150004695967136,0.3598794123201022,1.40756209266377e-06,0.46913318276405336,-0.16058373868465423,-0.47530249893665316,-0.010583732724189759,0.024697501063346863,4.813044530511922,0.9285930162131353,6.7440120953627,0.35668746629819514,1.0607714321524064e-06,,,,,,,,,,,,,,,,
A043,combined_yaw_right,303,19,SURVIVE,,,0.4712084992726644,-0.16154519220193228,-0.48084627648194633,-0.011545186241467794,0.01915372351805369,5.729350657885421,1.8641738332759612,8.914250047673791,0.34613987575718425,1.49935962044619e-06,0.4694765019416809,-0.17300711393356324,-0.4773635828495026,-0.023007107973098753,0.022636417150497436,6.215034797863982,1.5753250535278953,8.75160605300154,0.34801071974682934,1.0403719815340908e-06,,,,,,,,,,,,,,,,
A043,combined_yaw_right,303,20,SURVIVE,,,0.47933905889590583,-0.15011761998136838,-0.4758550767103831,-0.00011761402090390524,0.024144923289616902,5.6885272836027205,2.1278834916052407,10.291780013139025,0.34245611954712823,1.5503582469919787e-06,0.47572524070739747,-0.15117232471704484,-0.48065959841012956,-0.0011723187565803527,0.01934040158987045,4.168925797463898,1.6391016595609622,7.572041252194526,0.3576632586998098,1.1729684105531415e-06,,,,,,,,,,,,,,,,
A043,combined_yaw_right,303,21,FALL,4.62,4.38,0.42544514550404117,-0.13890824077481573,-0.46102687174623663,0.011091765185648745,0.038973128253763374,3.0745713996972346,1.0789174928562517,4.4568955322688995,0.3750593514264528,8.77176376587567e-07,,,,,,,,,,,0.3687927037477493,-0.2607904940843582,-0.6165897709131241,-0.11079048812389374,-0.11658977091312409,7.268166990148423,3.304443963626964,17.484596679657987,0.36471987442218046,1.1729684105531417e-06,4.02,4.02,4.2,-0.36,-0.36,-0.18
A043,combined_yaw_right,303,22,FALL,3.46,3.22,,,,,,,,,,,,,,,,,,,,,0.34372458815574647,-0.254430251121521,-0.5460602512955666,-0.10443024516105652,-0.04606025129556656,6.896242706982492,2.9341656616799434,17.09199425810648,0.3736677700281143,1.081170882770722e-06,,,,,,
A043,combined_yaw_right,303,23,SURVIVE,,,0.46598822285731634,-0.18594756146272023,-0.46702849576870603,-0.03594755550225576,0.032971504231294,4.519992573448797,1.0538468231206612,6.8978210671819715,0.3647555891428402,1.366763191427139e-06,0.4687380963563919,-0.1816694688796997,-0.4641089580953121,-0.03166946291923523,0.03589104190468788,4.870363634329967,1.0712633307321744,6.8978210671819715,0.3654894219107806,9.689739043699867e-07,,,,,,,,,,,,,,,,
A043,combined_yaw_right,303,24,SURVIVE,,,0.4572893095016479,-0.18571054262419542,-0.4621040469656388,-0.03571053666373094,0.037895953034361204,4.599317843702824,1.2459532524118546,8.26474472300209,0.37428779910114357,1.4789601698278743e-06,0.4469087839126587,-0.1593544915318489,-0.45978992894291876,-0.00935448557138443,0.04021007105708122,4.0901676653091235,0.9738162458257703,5.8255780914088415,0.3726947951380582,1.3973623673546124e-06,,,,,,,,,,,,,,,,
A043,combined_yaw_right,303,25,SURVIVE,,,0.46613971720139186,-0.17992421209812165,-0.4569894458850225,-0.029924206137657165,0.04301055411497752,4.502312776316813,1.2592400803515242,8.388926021784275,0.3694489567515684,1.6625552253927138e-06,0.47570598661899566,-0.18184232085943222,-0.4769374877214432,-0.031842314898967744,0.023062512278556824,4.384068215317753,0.7292704214958461,5.999629341746605,0.36465605177025107,1.1525689599348262e-06,,,,,,,,,,,,,,,,
A043,combined_yaw_right,303,26,SURVIVE,,,0.46710322335362436,-0.17759999146064123,-0.459028941107293,-0.027599985500176748,0.04097105889270703,4.703332485194921,1.2238372641095463,7.697302703568416,0.36079210172309384,1.2341667624080883e-06,0.4878174841403961,-0.18281029522418976,-0.45946028500795366,-0.032810289263725284,0.04053971499204636,4.41990798998826,0.993391326675661,6.113081083391719,0.3594527556998207,9.383747284425133e-07,,,,,,,,,,,,,,,,
A043,combined_yaw_right,303,27,SURVIVE,,,0.46469121863444646,-0.1573582402865092,-0.47792707490424313,-0.007358234326044718,0.022072925095756847,4.966145934088063,1.5199920009808425,8.266953889041828,0.35611787890208596,1.4177618179729278e-06,0.479694185256958,-0.12038394927978516,-0.46948260575532913,0.02961605668067932,0.030517394244670867,4.94575462341878,1.8191602825328297,8.266953889041828,0.3577789409721599,1.2749656636447193e-06,,,,,,,,,,,,,,,,
A043,combined_yaw_right,303,28,FALL,8.04,7.78,0.4228353189112984,-0.17320811055670274,-0.4429402320393335,-0.02320810459623827,0.057059767960666495,4.2058537122896675,1.795193777692539,9.569470144167415,0.37746804745588486,1.2647659383355617e-06,,,,,,,,,,,0.4280840396881104,-0.2646270617842674,-0.5178242802619935,-0.11462705582380295,-0.017824280261993408,8.204410457168043,3.034742604568253,17.612755095274068,0.375120770316073,1.1525689599348262e-06,7.56,7.58,7.68,-0.22,-0.2,-0.1
A043,combined_yaw_right,303,29,FALL,5.32,5.04,0.45354704462088546,-0.17792734116702885,-0.4369331077708826,-0.02792733520656437,0.06306689222911735,4.401194889111031,0.8197192918991353,6.051228355861742,0.380175790577119,1.448360993900401e-06,,,,,,,,,,,0.4672113466262817,-0.2572114384174347,-0.5541769032180309,-0.10721143245697022,-0.05417690321803093,7.1965025734967165,3.196649413547039,17.00239965790306,0.37714705835051715,1.1729684105531417e-06,4.6,4.76,4.92,-0.44,-0.28,-0.12
A043,combined_yaw_right,303,30,SURVIVE,,,0.4739093022545179,-0.17181965753436088,-0.47190011486411093,-0.02181965157389641,0.028099885135889055,4.765184393292908,1.1604593643992545,7.857852368266166,0.35898286449877337,1.4891598951370321e-06,0.4682691085338593,-0.17437100708484649,-0.47452047288417815,-0.02437100112438202,0.02547952711582184,5.244989346509465,1.4701147978020028,7.857852368266166,0.3514138843955841,1.1729684105531417e-06,,,,,,,,,,,,,,,,
A043,combined_yaw_right,303,31,SURVIVE,,,0.4714027225971222,-0.1652120501548052,-0.46373082101345064,-0.015212044194340706,0.036269178986549376,5.219221122117825,1.7123792913466824,9.445333747720452,0.3513335749990375,1.4483609939004011e-06,0.45621354460716246,-0.16363857984542846,-0.48114013791084287,-0.013638573884963989,0.018859862089157103,5.755513594676831,1.979086285796242,9.333235724975143,0.34898708729820455,1.081170882770722e-06,,,,,,,,,,,,,,,,
A043,combined_yaw_left,101,0,SURVIVE,,,0.4811797252297401,0.14431638156917567,0.44515955696503323,-0.005683624391288807,-0.05484044303496679,4.267085703642019,1.5163415118977022,6.628979559884028,0.36793910866965157,1.4789601698278743e-06,,,,,,,,,,,,,,,,,,,,,,,,,,
A043,combined_yaw_left,101,1,SURVIVE,,,0.42421747267246246,0.14340752587964137,0.46252278914054235,-0.006592480080823104,-0.037477210859457655,4.0078159773624895,1.5654274511420763,7.077120748602267,0.3773526959538247,1.4891598951370321e-06,,,,,,,,,,,,,,,,,,,,,,,,,,
A043,combined_yaw_left,101,2,SURVIVE,,,0.47591702510913214,0.1370995064638555,0.44495342500507834,-0.012900499496608972,-0.05504657499492169,4.267458639424448,1.531683461674238,7.962942303114425,0.36551235185746844,1.4381612685912433e-06,,,,,,,,,,,,,,,,,,,,,,,,,,
A043,combined_yaw_left,101,3,SURVIVE,,,0.4608871446053187,0.13413004444291193,0.46106972614924113,-0.015869961517552534,-0.03893027385075887,4.659251502932392,1.2944509730685847,7.438567576399952,0.38455455450078807,1.5401585216828207e-06,,,,,,,,,,,,,,,,,,,,,,,,,,
A043,combined_yaw_left,101,4,SURVIVE,,,0.4955405913790067,0.1536692207554976,0.46418512682120006,0.003669214795033137,-0.035814873178799944,4.470302737842687,1.5268978338196657,7.776904094457242,0.3641261469999099,1.3565634661179812e-06,,,,,,,,,,,,,,,,,,,,,,,,,,
A043,combined_yaw_left,101,5,SURVIVE,,,0.4545536784331004,0.13591332933555048,0.451326549599568,-0.01408667662491401,-0.04867345040043195,5.137386822373135,1.4041022190442114,7.729007421976434,0.3823780217692389,1.6115565988469252e-06,,,,,,,,,,,,,,,,,,,,,,,,,,
A043,combined_yaw_left,101,6,SURVIVE,,,0.45297959635655083,0.13756304271519185,0.46099206671118736,-0.012436963245272636,-0.039007933288812635,4.759411128672359,1.4876717670558068,8.468838968809253,0.38547425231990967,1.417761817972928e-06,,,,,,,,,,,,,,,,,,,,,,,,,,
A043,combined_yaw_left,101,7,SURVIVE,,,0.4579861400524775,0.13684237924714884,0.44435694729288416,-0.013157626713315647,-0.05564305270711581,4.2243507124669675,1.7983171443891395,8.424921699915565,0.3793207957862533,1.4279615432820856e-06,,,,,,,,,,,,,,,,,,,,,,,,,,
A043,combined_yaw_left,101,8,SURVIVE,,,0.4591582822302977,0.1462657924865683,0.4512667965392272,-0.0037342134738961854,-0.04873320346077283,4.540769629762697,1.5711722167718385,7.050405140922625,0.37793149835551276,1.4687604445187167e-06,,,,,,,,,,,,,,,,,,,,,,,,,,
A043,combined_yaw_left,101,9,SURVIVE,,,0.4506036632756392,0.1434412517150243,0.4482659899195035,-0.0065587542454401656,-0.05173401008049647,4.820806309757739,1.4935250822091306,8.645405851721362,0.3849536973817038,1.49935962044619e-06,,,,,,,,,,,,,,,,,,,,,,,,,,
A043,combined_yaw_left,101,10,SURVIVE,,,0.48638097673654557,0.13310063276439904,0.4248337382574876,-0.016899373196065427,-0.07516626174251238,4.277332562479397,1.5109119834277998,7.490145185757662,0.35874176628927495,1.448360993900401e-06,,,,,,,,,,,,,,,,,,,,,,,,,,
A043,combined_yaw_left,101,11,SURVIVE,,,0.46334238708019254,0.1408597676983724,0.4516093711555004,-0.009140238262092074,-0.048390628844499586,4.476801259915001,1.512642998406673,6.889939913739755,0.37664131715123456,1.448360993900401e-06,,,,,,,,,,,,,,,,,,,,,,,,,,
A043,combined_yaw_left,101,12,SURVIVE,,,0.4639349177479744,0.13947538322769104,0.4416979526480039,-0.010524622732773423,-0.0583020473519961,4.332236795489391,1.3901249938639555,7.701737961220534,0.3683282403337127,1.2647659383355615e-06,,,,,,,,,,,,,,,,,,,,,,,,,,
A043,combined_yaw_left,101,13,SURVIVE,,,0.45567594553033514,0.14046575737496217,0.46548038711150486,-0.009534248585502307,-0.03451961288849513,4.9413525522845285,1.3249415101630206,8.431492324497107,0.3794401047249954,1.325964290190508e-06,,,,,,,,,,,,,,,,,,,,,,,,,,
A043,combined_yaw_left,101,14,SURVIVE,,,0.4796743869781494,0.15207741778343917,0.4650848039984703,0.002077411822974682,-0.034915196001529696,4.892337717724514,1.4246455451365274,7.941911271203134,0.37981371292455945,1.3157645648813502e-06,,,,,,,,,,,,,,,,,,,,,,,,,,
A043,combined_yaw_left,101,15,SURVIVE,,,0.4520009069144726,0.13632412550970913,0.4579044796526432,-0.013675880450755358,-0.042095520347356793,4.592129518691854,1.4351254072386233,7.42914437223512,0.3807153410888186,1.3361640154996658e-06,,,,,,,,,,,,,,,,,,,,,,,,,,
A043,combined_yaw_left,101,16,SURVIVE,,,0.44158615738153456,0.14259456589818,0.4569642881552378,-0.007405440062284469,-0.04303571184476217,4.981210055060121,1.4601627892097762,9.094118735525715,0.3792115882214378,1.5605579723011362e-06,,,,,,,,,,,,,,,,,,,,,,,,,,
A043,combined_yaw_left,101,17,SURVIVE,,,0.4558259747425715,0.13158701178928217,0.45776129866639775,-0.018412994171182313,-0.04223870133360227,4.771215400573789,1.2939559363508415,7.188236713377477,0.3824447822475178,1.49935962044619e-06,,,,,,,,,,,,,,,,,,,,,,,,,,
A043,combined_yaw_left,101,18,SURVIVE,,,0.4761785464485486,0.1522238463287552,0.43333143095175425,0.0022238403682907425,-0.06666856904824575,4.4084040980859704,1.602779990074361,7.357461173816425,0.3668037612632634,1.5299587963736633e-06,,,,,,,,,,,,,,,,,,,,,,,,,,
A043,combined_yaw_left,101,19,SURVIVE,,,0.4337711359312137,0.13007572332397102,0.45946016321579614,-0.019924282636493443,-0.04053983678420385,4.490286073673944,1.2930507976640968,7.3439815176173715,0.37912691677849136,1.3973623673546124e-06,,,,,,,,,,,,,,,,,,,,,,,,,,
A043,combined_yaw_left,101,20,SURVIVE,,,0.46095841030279794,0.14096576191484927,0.45488419870535535,-0.009034244045615196,-0.045115801294644674,4.635803727140949,1.3380319554522548,7.272947324194126,0.3798955187143064,1.4279615432820856e-06,,,,,,,,,,,,,,,,,,,,,,,,,,
A043,combined_yaw_left,101,21,SURVIVE,,,0.4566406574348609,0.1400451881190141,0.45686499868830044,-0.009954817841450374,-0.04313500131169955,5.170364350557382,1.2069918541632383,7.374243025089958,0.37815674004123384,1.49935962044619e-06,,,,,,,,,,,,,,,,,,,,,,,,,,
A043,combined_yaw_left,101,22,SURVIVE,,,0.49311781575282415,0.14528466387962302,0.4393165476123492,-0.004715342080841462,-0.060683452387650806,4.2312084202211375,1.49395418316776,7.526394988916406,0.3624196991186303,1.6115565988469252e-06,,,,,,,,,,,,,,,,,,,,,,,,,,
A043,combined_yaw_left,101,23,SURVIVE,,,0.47799068957567215,0.14674838740378618,0.4700089754164219,-0.003251618556678295,-0.02999102458357811,4.263218594160027,1.6992849383038735,6.976342110728824,0.37408642027732947,1.825750830339238e-06,,,,,,,,,,,,,,,,,,,,,,,,,,
A043,combined_yaw_left,101,24,SURVIVE,,,0.5019939376910527,0.14752951512734094,0.43559688741962116,-0.002470490833123525,-0.06440311258037885,4.445697799823641,1.3061657895490981,7.3425119501117635,0.36098241148041743,1.4585607192095587e-06,,,,,,,,,,,,,,,,,,,,,,,,,,
A043,combined_yaw_left,101,25,SURVIVE,,,0.4898831941684087,0.1478365752349297,0.44179609606663384,-0.002163430725534757,-0.05820390393336614,4.476494291554035,1.9348909012924242,11.502559450485059,0.3613127583881538,1.2749656636447193e-06,,,,,,,,,,,,,,,,,,,,,,,,,,
A043,combined_yaw_left,101,26,SURVIVE,,,0.46960944364468254,0.13904345341026783,0.43607954318324726,-0.010956552550196648,-0.06392045681675275,4.629764613012025,1.5759760329841157,9.000668672233486,0.3620181028186319,1.5299587963736633e-06,,,,,,,,,,,,,,,,,,,,,,,,,,
A043,combined_yaw_left,101,27,SURVIVE,,,0.48001193354527155,0.14626443676650525,0.4309572792053223,-0.003735569193959236,-0.06904272079467773,4.065409633837517,1.6139668262452485,6.916619969764251,0.36562310281178106,1.3769629167362968e-06,,,,,,,,,,,,,,,,,,,,,,,,,,
A043,combined_yaw_left,101,28,SURVIVE,,,0.4582430979609489,0.14197597724696,0.43700940161943436,-0.008024028713504473,-0.06299059838056564,4.3541101100871265,1.5343101419048821,7.9031354498340365,0.36746284340048435,1.4585607192095587e-06,,,,,,,,,,,,,,,,,,,,,,,,,,
A043,combined_yaw_left,101,29,SURVIVE,,,0.485421849389871,0.13614304090539614,0.4448692903916041,-0.013856965055068334,-0.055130709608395896,4.137663854134071,1.4979245553573945,7.073987839800588,0.3631482714164916,1.7135538519385025e-06,,,,,,,,,,,,,,,,,,,,,,,,,,
A043,combined_yaw_left,101,30,SURVIVE,,,0.4577151681979497,0.13842044442271192,0.4484976547956467,-0.01157956153775255,-0.05150234520435333,4.608295303544896,1.3645889278974266,7.523187351926062,0.3845089122461763,1.2239670370989305e-06,,,,,,,,,,,,,,,,,,,,,,,,,,
A043,combined_yaw_left,101,31,SURVIVE,,,0.4678259806831678,0.13766891372700532,0.45101637984315557,-0.012331092233459155,-0.04898362015684446,4.913227893897112,1.628229259093752,8.141359445191355,0.37664112517327974,1.234166762408088e-06,,,,,,,,,,,,,,,,,,,,,,,,,,
A043,combined_yaw_left,202,0,SURVIVE,,,0.4845689309636752,0.1546782532085975,0.45695274516940115,0.004678247248133024,-0.04304725483059883,4.911023854777803,1.5874877191138612,9.251279606775082,0.35701960149773937,1.4687604445187167e-06,,,,,,,,,,,,,,,,,,,,,,,,,,
A043,combined_yaw_left,202,1,SURVIVE,,,0.48154053509235384,0.13956289981802306,0.45230638350049657,-0.010437106142441432,-0.047693616499503454,4.394596164643921,1.450845397976593,7.030260296426216,0.3699217154635465,1.2443664877172459e-06,,,,,,,,,,,,,,,,,,,,,,,,,,
A043,combined_yaw_left,202,2,SURVIVE,,,0.45356919256349404,0.1324348236527294,0.45329608117540676,-0.017565182307735086,-0.046703918824593224,4.233038602482181,1.543409519542996,8.562656434931364,0.3763838126660456,1.3361640154996658e-06,,,,,,,,,,,,,,,,,,,,,,,,,,
A043,combined_yaw_left,202,3,SURVIVE,,,0.470805815209945,0.13625746032843988,0.45526757324735323,-0.013742545632024606,-0.04473242675264676,4.508299322515045,1.4746782116737565,7.6572192176282865,0.3847561917463301,1.4075620926637702e-06,,,,,,,,,,,,,,,,,,,,,,,,,,
A043,combined_yaw_left,202,4,SURVIVE,,,0.47965229243040086,0.14392917814354103,0.46147565747300784,-0.006070827816923459,-0.03852434252699216,4.708842338416911,1.2971022652212227,7.424705808182288,0.3845267694280109,1.4891598951370321e-06,,,,,,,,,,,,,,,,,,,,,,,,,,
A043,combined_yaw_left,202,5,SURVIVE,,,0.47796927819649376,0.1291055971259872,0.4465239841739337,-0.020894408834477265,-0.053476015826066335,4.494233165335522,1.5440030219924614,7.590962753382207,0.36848794454399914,1.4585607192095587e-06,,,,,,,,,,,,,,,,,,,,,,,,,,
A043,combined_yaw_left,202,6,SURVIVE,,,0.4728675969441732,0.14873542731472603,0.4495455045004686,-0.0012645786457384626,-0.050454495499531425,4.143417040977531,1.5322188719373195,7.472545578389571,0.36714423125281054,1.2545662130264037e-06,,,,,,,,,,,,,,,,,,,,,,,,,,
A043,combined_yaw_left,202,7,SURVIVE,,,0.45878499845663706,0.14102420820544162,0.4409881282846133,-0.008975797755022843,-0.05901187171538671,4.541311503020683,1.635750918803353,8.99477286668367,0.38097741654743694,1.285165388953877e-06,,,,,,,,,,,,,,,,,,,,,,,,,,
A043,combined_yaw_left,202,8,SURVIVE,,,0.48732815017302833,0.14551673913995425,0.4352850004533927,-0.004483266820510229,-0.06471499954660734,3.941813345623434,1.5780555533909328,6.888117721214615,0.36238366889124884,1.4483609939004011e-06,,,,,,,,,,,,,,,,,,,,,,,,,,
A043,combined_yaw_left,202,9,SURVIVE,,,0.46094889809687933,0.13201573945581913,0.4568768234550953,-0.01798426650464535,-0.04312317654490471,4.598401634429374,1.8178948540824809,8.438220779579638,0.38220138897604694,1.4279615432820856e-06,,,,,,,,,,,,,,,,,,,,,,,,,,
A043,combined_yaw_left,202,10,SURVIVE,,,0.469547724823157,0.14001143123954535,0.44662830159068106,-0.009988574720919132,-0.05337169840931892,4.342238465456202,1.6433996359214977,7.127969235331459,0.3796535191189584,1.5197590710645055e-06,,,,,,,,,,,,,,,,,,,,,,,,,,
A043,combined_yaw_left,202,11,SURVIVE,,,0.47873270690441133,0.15914453864097594,0.45952168866992,0.009144532680511474,-0.040478311330080036,4.532423974702299,1.417071222907621,7.406236306378374,0.37238900971019545,1.5401585216828207e-06,,,,,,,,,,,,,,,,,,,,,,,,,,
A043,combined_yaw_left,202,12,SURVIVE,,,0.47679329256216685,0.13714319456989565,0.43316268210609754,-0.012856811390568813,-0.06683731789390246,3.963280937733457,1.3622931768583413,7.368173982224536,0.3621464438149423,1.3463637408088236e-06,,,,,,,,,,,,,,,,,,,,,,,,,,
A043,combined_yaw_left,202,13,SURVIVE,,,0.474372606575489,0.14240257238348325,0.4554955933491389,-0.0075974335769812265,-0.044504406650861104,4.854463095275767,1.22855351344501,7.4777956715418545,0.3830541051422211,1.4891598951370321e-06,,,,,,,,,,,,,,,,,,,,,,,,,,
A043,combined_yaw_left,202,14,SURVIVE,,,0.46864614382386205,0.1294429957556228,0.4229019626416266,-0.020557010204841693,-0.07709803735837341,4.400970495249946,1.6558594587755642,10.051501628378233,0.3553649231648063,1.3871626420454546e-06,,,,,,,,,,,,,,,,,,,,,,,,,,
A043,combined_yaw_left,202,15,SURVIVE,,,0.48779567778110505,0.14537688466409843,0.4266656491657098,-0.004623121296366056,-0.07333435083429019,4.074952830468506,1.6026861522277533,7.060081026082312,0.3616536421561199,1.4483609939004011e-06,,,,,,,,,,,,,,,,,,,,,,,,,,
A043,combined_yaw_left,202,16,SURVIVE,,,0.46032534961899124,0.1311143968005975,0.45402526155114176,-0.018885609159866968,-0.045974738448858264,5.1616991041430875,1.3581273728803123,8.50759270338046,0.38588163728594993,1.5911571482286096e-06,,,,,,,,,,,,,,,,,,,,,,,,,,
A043,combined_yaw_left,202,17,SURVIVE,,,0.48075927873452506,0.14015362545847893,0.45348174581925077,-0.00984638050198555,-0.04651825418074926,4.633787179053244,1.3038571403316277,7.6372018432300735,0.3683465930160779,1.3157645648813504e-06,,,,,,,,,,,,,,,,,,,,,,,,,,
A043,combined_yaw_left,202,18,SURVIVE,,,0.46479092235366504,0.14614536779622236,0.4553193632264932,-0.0038546381642421087,-0.0446806367735068,4.620049093147159,1.3667283433266562,7.430966590157917,0.3784125511728081,1.6115565988469252e-06,,,,,,,,,,,,,,,,,,,,,,,,,,
A043,combined_yaw_left,202,19,SURVIVE,,,0.44634863356749216,0.13510248267402253,0.4440925841530164,-0.014897523286441961,-0.05590741584698359,4.12760251471808,1.5931598290008455,7.705279246059756,0.38399046210469195,1.3871626420454546e-06,,,,,,,,,,,,,,,,,,,,,,,,,,
A043,combined_yaw_left,202,20,SURVIVE,,,0.47980215728282927,0.1428179593384266,0.439669016400973,-0.0071820466220378874,-0.060330983599027,4.267517414125964,1.4938379354441123,7.156480372620241,0.3625585232773354,1.40756209266377e-06,,,,,,,,,,,,,,,,,,,,,,,,,,
A043,combined_yaw_left,202,21,SURVIVE,,,0.45821325192848844,0.1400232162574927,0.4614408951004346,-0.009976789702971776,-0.03855910489956538,5.194559723719231,1.3047518927036499,8.144927718081755,0.37959711334337737,1.3973623673546124e-06,,,,,,,,,,,,,,,,,,,,,,,,,,
A043,combined_yaw_left,202,22,SURVIVE,,,0.47318652550379436,0.15187783406426508,0.43918035467465716,0.0018778281038006146,-0.060819645325342814,4.6370317582229,1.4215780856598028,7.244377596560005,0.37337894426257007,1.5401585216828209e-06,,,,,,,,,,,,,,,,,,,,,,,,,,
A043,combined_yaw_left,202,23,SURVIVE,,,0.49046532015005745,0.1459515679006775,0.4185532926023006,-0.0040484380597869555,-0.08144670739769935,4.0065995290007494,1.5250536592777524,7.9865733113005035,0.35210683984393104,1.4177618179729278e-06,,,,,,,,,,,,,,,,,,,,,,,,,,
A043,combined_yaw_left,202,24,SURVIVE,,,0.45780719816684723,0.13580735933035612,0.42962109158436457,-0.014192646630108356,-0.07037890841563543,4.610974495466544,1.360171279354157,7.535150394721413,0.3828772481856286,1.3361640154996658e-06,,,,,,,,,,,,,,,,,,,,,,,,,,
A043,combined_yaw_left,202,25,SURVIVE,,,0.49212382475535077,0.15013248908023039,0.4502679753303528,0.00013248311976591745,-0.04973202466964722,4.2106751650650605,1.5172477009232512,6.95290948561144,0.3621267480210612,1.3769629167362968e-06,,,,,,,,,,,,,,,,,,,,,,,,,,
A043,combined_yaw_left,202,26,SURVIVE,,,0.47183668792247774,0.13490102176864943,0.4612117176751296,-0.015098984191815058,-0.03878828232487043,5.039046818359136,1.1597472667945707,7.7922589019460995,0.387198274064404,1.3157645648813504e-06,,,,,,,,,,,,,,,,,,,,,,,,,,
A043,combined_yaw_left,202,27,SURVIVE,,,0.4875361159443855,0.14221573310593763,0.42505166828632357,-0.007784272854526837,-0.07494833171367646,4.126966196534736,1.3978711627834082,6.554396267029498,0.359602557665099,1.4687604445187165e-06,,,,,,,,,,,,,,,,,,,,,,,,,,
A043,combined_yaw_left,202,28,SURVIVE,,,0.46539070864518484,0.13732120939840872,0.4385341683526834,-0.012678796562055747,-0.061465831647316616,4.290508263508769,1.5924833482817533,7.764628853671373,0.3775899368954852,1.4177618179729278e-06,,,,,,,,,,,,,,,,,,,,,,,,,,
A043,combined_yaw_left,202,29,SURVIVE,,,0.4628508986035983,0.13810108754783867,0.446784310589234,-0.011898918412625789,-0.053215689410765966,4.18621346020471,1.464888427705097,7.17755746536328,0.3769653128238923,1.4279615432820856e-06,,,,,,,,,,,,,,,,,,,,,,,,,,
A043,combined_yaw_left,202,30,SURVIVE,,,0.47683144092559815,0.13923009881128867,0.4404079732050498,-0.010769907149175802,-0.05959202679495017,4.51695168439588,1.5969955536865887,7.825487636352127,0.3618459199515044,1.4279615432820856e-06,,,,,,,,,,,,,,,,,,,,,,,,,,
A043,combined_yaw_left,202,31,SURVIVE,,,0.4811869395772616,0.13530861805814007,0.4493591000636419,-0.014691387902324398,-0.05064089993635813,4.273904615734452,1.524655152541749,8.067961743937209,0.35919191989934807,1.458560719209559e-06,,,,,,,,,,,,,,,,,,,,,,,,,,
A043,combined_yaw_left,303,0,SURVIVE,,,0.4581513793269793,0.14773815004775923,0.4510287501414617,-0.0022618559127052626,-0.04897124985853831,4.537682070493803,1.5589126633610493,8.026685222085119,0.3851656952011606,1.4177618179729278e-06,,,,,,,,,,,,,,,,,,,,,,,,,,
A043,combined_yaw_left,303,1,SURVIVE,,,0.47307201226552326,0.13983908772468567,0.44651436547438306,-0.01016091823577881,-0.053485634525616964,4.3460219937753735,1.4476864649567895,7.376690531038395,0.37188102298454384,1.4891598951370321e-06,,,,,,,,,,,,,,,,,,,,,,,,,,
A043,combined_yaw_left,303,2,SURVIVE,,,0.46600977569818497,0.1448141617824634,0.42289017702142395,-0.005185844178001086,-0.07710982297857602,4.166466454970876,1.5948267141238517,7.687582136687065,0.378678366736826,1.2749656636447193e-06,,,,,,,,,,,,,,,,,,,,,,,,,,
A043,combined_yaw_left,303,3,SURVIVE,,,0.45507565051317217,0.13782004117344818,0.45019162823756537,-0.012179964787016313,-0.04980837176243464,5.0465046233024635,1.4010700808980312,7.641800182285746,0.3843380050767552,1.3871626420454546e-06,,,,,,,,,,,,,,,,,,,,,,,,,,
A043,combined_yaw_left,303,4,SURVIVE,,,0.4585184548795223,0.12976448378215233,0.4684606872002284,-0.02023552217831214,-0.031539312799771624,5.1081503408066915,1.4938843991607131,8.85459049067156,0.385109531545809,1.3565634661179814e-06,,,,,,,,,,,,,,,,,,,,,,,,,,
A043,combined_yaw_left,303,5,SURVIVE,,,0.4309341415762901,0.13754081193202486,0.45953351572155954,-0.01245919402843962,-0.040466484278440476,4.575992206273319,1.5303471936617121,7.417990107247811,0.38033449842808714,1.3769629167362968e-06,,,,,,,,,,,,,,,,,,,,,,,,,,
A043,combined_yaw_left,303,6,SURVIVE,,,0.46780102799336115,0.15035469798992077,0.4674748124182224,0.0003546920294562976,-0.032525187581777575,4.909591987385908,1.1901712326978096,7.794878064335059,0.38331639363910214,1.4891598951370321e-06,,,,,,,,,,,,,,,,,,,,,,,,,,
A043,combined_yaw_left,303,7,SURVIVE,,,0.4487703031301498,0.13914803010722002,0.4583115025361379,-0.010851975853244463,-0.0416884974638621,5.1902746476848,1.6025917094312114,9.088845168102498,0.37912753284508743,1.2647659383355615e-06,,,,,,,,,,,,,,,,,,,,,,,,,,
A043,combined_yaw_left,303,8,SURVIVE,,,0.46611469248930615,0.14634946439415217,0.4486672981580098,-0.0036505415663123132,-0.05133270184199015,4.553541411526274,1.6351763331430205,7.2915104100561745,0.37981731574590616,1.325964290190508e-06,,,,,,,,,,,,,,,,,,,,,,,,,,
A043,combined_yaw_left,303,9,SURVIVE,,,0.4621965363621712,0.1464092809955279,0.45413287142912545,-0.0035907249649365742,-0.045867128570874535,4.507532202667688,1.316071264979694,7.692584268161125,0.38032087369186146,1.4687604445187165e-06,,,,,,,,,,,,,,,,,,,,,,,,,,
A043,combined_yaw_left,303,10,SURVIVE,,,0.45607309331496554,0.13809680563708146,0.4531875677406788,-0.011903200323383014,-0.04681243225932121,4.437916054612382,1.4017001008283438,7.172909380831778,0.37826836999618646,1.4585607192095587e-06,,,,,,,,,,,,,,,,,,,,,,,,,,
A043,combined_yaw_left,303,11,SURVIVE,,,0.47424963066975273,0.13509829954554636,0.43229253848393756,-0.014901706414918104,-0.06770746151606243,4.2338055363298555,1.6588684937185387,8.717084781418334,0.36583799247223214,1.4483609939004011e-06,,,,,,,,,,,,,,,,,,,,,,,,,,
A043,combined_yaw_left,303,12,SURVIVE,,,0.4642645812034607,0.13268035573263964,0.4508294510344664,-0.017319650227824848,-0.04917054896553357,4.972764615884633,1.400415691084877,7.638717800899835,0.38059955438509346,1.325964290190508e-06,,,,,,,,,,,,,,,,,,,,,,,,,,
A043,combined_yaw_left,303,13,SURVIVE,,,0.4551084773739179,0.13087847153966625,0.4447186789413293,-0.01912153442079822,-0.05528132105867068,4.6376668545390745,1.4359205602407934,8.220748090221159,0.3768560131337766,1.325964290190508e-06,,,,,,,,,,,,,,,,,,,,,,,,,,
A043,combined_yaw_left,303,14,SURVIVE,,,0.48061862498521807,0.14243756749977668,0.4304470353325208,-0.007562438460687796,-0.06955296466747919,4.445043925552389,1.5770542716095688,7.884634998890203,0.360327017828955,1.6013568735377674e-06,,,,,,,,,,,,,,,,,,,,,,,,,,
A043,combined_yaw_left,303,15,SURVIVE,,,0.45506747310360274,0.13097456375757854,0.4599853720267614,-0.019025442202885944,-0.040014627973238626,4.479507934363872,1.7149218025047253,8.325862512159116,0.3847957829958402,1.3871626420454546e-06,,,,,,,,,,,,,,,,,,,,,,,,,,
A043,combined_yaw_left,303,16,SURVIVE,,,0.4678482304016749,0.13738272490600745,0.444284165451924,-0.012617281054457028,-0.05571583454807599,4.250994201672051,1.6140504364374413,7.861972912629413,0.3691306309016843,1.3769629167362968e-06,,,,,,,,,,,,,,,,,,,,,,,,,,
A043,combined_yaw_left,303,17,SURVIVE,,,0.4846601184209188,0.13544512591479968,0.4532184102634589,-0.014554880045664808,-0.04678158973654111,4.315964784626004,1.5928078474872471,7.565844674023343,0.3675862368983806,1.6523555000835562e-06,,,,,,,,,,,,,,,,,,,,,,,,,,
A043,combined_yaw_left,303,18,SURVIVE,,,0.47083748747905096,0.13675274261583883,0.4226638954381148,-0.013247263344625632,-0.0773361045618852,4.285522239802527,1.5916101714010007,8.329446581673869,0.3700923331488263,1.5911571482286096e-06,,,,,,,,,,,,,,,,,,,,,,,,,,
A043,combined_yaw_left,303,19,SURVIVE,,,0.48936301589012143,0.1433634390619894,0.44787571171919505,-0.00663656689847509,-0.05212428828080495,4.116935311421574,1.4191458969169959,6.661795435452972,0.3628207848145362,1.4177618179729278e-06,,,,,,,,,,,,,,,,,,,,,,,,,,
A043,combined_yaw_left,303,20,SURVIVE,,,0.4792753951748212,0.14425598779072366,0.4312530527512232,-0.005744018169740836,-0.06874694724877675,4.490914759900966,1.4506415548481393,7.951396887540063,0.35581117001765555,1.5197590710645053e-06,,,,,,,,,,,,,,,,,,,,,,,,,,
A043,combined_yaw_left,303,21,SURVIVE,,,0.45293911029895145,0.14485821150243283,0.45201042195161184,-0.005141794458031654,-0.047989578048388166,4.763138020810815,1.3092894677923281,7.70064212800991,0.38029908040309335,1.5197590710645053e-06,,,,,,,,,,,,,,,,,,,,,,,,,,
A043,combined_yaw_left,303,22,SURVIVE,,,0.4488804833590984,0.1276781534527739,0.4403126312792301,-0.022321852507690587,-0.05968736872076988,4.35440493895304,1.3377482902215132,7.16012537104713,0.38009425259847696,1.7135538519385027e-06,,,,,,,,,,,,,,,,,,,,,,,,,,
A043,combined_yaw_left,303,23,SURVIVE,,,0.47103282541036606,0.1479677945934236,0.4491424888372421,-0.0020322113670408724,-0.05085751116275787,4.168948399767979,1.4820560976580999,6.761583355490899,0.37485298946473267,1.703354126629345e-06,,,,,,,,,,,,,,,,,,,,,,,,,,
A043,combined_yaw_left,303,24,SURVIVE,,,0.46305552005767825,0.14140099174032608,0.46491678069035214,-0.00859901422013839,-0.035083219309647876,4.99290371835423,1.378166794579888,8.224998332194295,0.38477482807243146,1.7645524784842913e-06,,,,,,,,,,,,,,,,,,,,,,,,,,
A043,combined_yaw_left,303,25,SURVIVE,,,0.47000596900780994,0.13901472479104995,0.45088914995392165,-0.01098528116941452,-0.04911085004607836,5.1007096955869144,1.2879482003020313,7.521256898776259,0.38086258319131827,1.5197590710645055e-06,,,,,,,,,,,,,,,,,,,,,,,,,,
A043,combined_yaw_left,303,26,SURVIVE,,,0.4579785518844922,0.13973173461854457,0.455076684008042,-0.0102682713419199,-0.04492331599195798,4.539627367660882,1.5458868050006744,7.614658430318294,0.37320124036859914,1.4585607192095587e-06,,,,,,,,,,,,,,,,,,,,,,,,,,
A043,combined_yaw_left,303,27,SURVIVE,,,0.47254000475009283,0.1487961937735478,0.45110406691829363,-0.0012038121869166693,-0.048895933081706366,4.561002786033263,1.3965007097471018,6.947575487806553,0.37264766195719257,1.4381612685912433e-06,,,,,,,,,,,,,,,,,,,,,,,,,,
A043,combined_yaw_left,303,28,SURVIVE,,,0.4517475797235966,0.12468651491527756,0.4479247011741002,-0.025313491045186917,-0.05207529882589976,4.665189499257671,1.3444489738038892,7.720292627681346,0.3814316294186893,1.5809574229194518e-06,,,,,,,,,,,,,,,,,,,,,,,,,,
A043,combined_yaw_left,303,29,SURVIVE,,,0.4312493659555912,0.13120596290022757,0.44131324549516043,-0.01879404306023692,-0.05868675450483958,4.611079481593893,1.5882342643855416,8.292968442771471,0.3785596734497849,1.4789601698278743e-06,,,,,,,,,,,,,,,,,,,,,,,,,,
A043,combined_yaw_left,303,30,SURVIVE,,,0.4907891870538394,0.1443834829951326,0.4406931791702906,-0.005616522965331872,-0.059306820829709374,4.083854960922233,1.4060825835589483,7.311368497092349,0.36775236062718797,1.3769629167362968e-06,,,,,,,,,,,,,,,,,,,,,,,,,,
A043,combined_yaw_left,303,31,SURVIVE,,,0.4792329666018486,0.1509253826737404,0.44660737678408624,0.0009253767132759095,-0.05339262321591377,4.703866472114578,1.5650715392307624,8.314817718083228,0.36756353151511384,1.5401585216828207e-06,,,,,,,,,,,,,,,,,,,,,,,,,,
A043,rough_lateral,101,0,FALL,13.38,13.28,-0.014235604647547006,0.10265516343216101,-0.019615285066732515,-0.19734484848876793,-0.019615285066732515,8.840013495349645,2.4810973767545077,12.811407236286655,0.34135882628474007,0.0036443516532367604,,,,,,,,,,,0.01270551860332489,0.3399987664818764,0.2929143601376563,0.03999875456094742,0.2929143601376563,7.447089613073898,2.2137115159324536,13.838183008479673,0.3541297942049363,0.0019997581441134685,,12.72,13.04,,-0.56,-0.24
A043,rough_lateral,101,1,SURVIVE,,,-0.004003233243323242,0.06806528298805158,-0.027591143265987435,-0.2319347289328774,-0.027591143265987435,8.009290568739253,1.5580732700872495,10.819563460657886,0.3348263364010316,0.0021050499084799,0.06374580143019556,0.013840481471270323,-0.1906679120287299,-0.28615953044965864,-0.1906679120287299,8.023479902961114,0.7860860285255284,9.14978171407656,0.33219160009195464,0.0014466270405978435,,,,,,,,,,,,,,,,
A043,rough_lateral,101,2,SURVIVE,,,0.0025783042244923613,0.12595488654333167,-0.032180012001966435,-0.17404512537759728,-0.032180012001966435,5.907054663125886,2.1265173828774095,10.772524969119777,0.3355460809471348,0.0031316726602972494,-0.004036249183118343,0.1709282800555229,-0.0011656972207129003,-0.12907173186540605,-0.0011656972207129003,4.54864145448439,1.4613270349974414,6.43483302864415,0.3625161371447823,0.0009456777317638707,,,,,,,,,,,,,,,,
A043,rough_lateral,101,3,SURVIVE,,,0.04147507498894508,0.07536836443158487,0.006489802772412076,-0.22463164748934408,0.006489802772412076,4.272082033715566,1.4612948526068488,10.916556441397262,0.34662426370987914,0.004372969030696436,0.009464140050113201,0.01174567389767617,0.00239470902364701,-0.2882543380232528,0.00239470902364701,4.269377148684452,0.14229526746847015,4.681990039740955,0.34427620581764584,0.0005799053824521658,,,,,,,,,,,,,,,,
A043,rough_lateral,101,4,SURVIVE,,,-0.05092185000578563,0.18728633667031924,-0.04545446352567524,-0.11271367525060971,-0.04545446352567524,5.324400778769664,2.1449922199371514,9.244373132803714,0.34446085036863405,0.006821525288138161,-0.0315376815199852,0.24289004594087601,-0.007272191550582647,-0.05710996598005295,-0.007272191550582647,5.882348199871172,1.2111210716061016,7.639000403999706,0.35808249920128504,0.0027059361258930104,,,,,,,,,,,,,,,,
A043,rough_lateral,101,5,SURVIVE,,,0.021067521075407665,0.1450613273928563,0.037627728435521327,-0.15493868452807266,0.037627728435521327,4.730775795679337,3.714159473795648,22.23428291701198,0.3413914486388684,0.006279042697845301,0.10667726330459118,0.2525410589575767,0.16621508054435252,-0.0474589529633522,0.16621508054435252,7.464622331788175,6.174329932564498,22.23428291701198,0.34565325048199314,0.002578684352935956,,,,,,,,,,,,,,,,
A043,rough_lateral,101,6,SURVIVE,,,-0.005715876709048947,0.19865268105020126,0.038833668689864376,-0.1013473308707277,0.038833668689864376,6.5974252022032775,1.9847359034114826,14.23141556612174,0.3670573273364873,0.0040447418702477395,0.01101403370499611,0.18347772359848022,0.013323349161073566,-0.11652228832244874,0.013323349161073566,6.688023506753247,1.387921985335805,8.98148233243292,0.37706577290188187,0.0022788226285720276,,,,,,,,,,,,,,,,
A043,rough_lateral,101,7,SURVIVE,,,-0.031712911973396936,0.22727759435772896,0.026876086128565173,-0.0727224175632,0.026876086128565173,7.066574154029498,3.350002247858628,19.88401104759517,0.3596166772521541,0.0049640125131862126,-0.015212255716323852,0.20921899273991584,0.05856967378407717,-0.09078101918101311,0.05856967378407717,7.235163547385954,1.6512345713198002,10.110578706409298,0.37617863906577315,0.0012346155503216924,,,,,,,,,,,,,,,,
A043,rough_lateral,101,8,FALL,11.36,10.84,-0.010733250751315305,0.14587584813474677,-0.018799745751700053,-0.15412416378618218,-0.018799745751700053,7.694791866323593,2.728283299223629,12.366904974649387,0.35188695047097196,0.0028465189398291305,,,,,,,,,,,0.03570233872160315,0.20156566858291625,0.11451619012281299,-0.0984343433380127,0.11451619012281299,6.679343447568618,3.7344323513012085,15.823639519056975,0.3473740489852619,0.0020949725798744545,10.78,,10.76,-0.06,,-0.08
A043,rough_lateral,101,9,SURVIVE,,,0.021586107479718824,0.03148050368608286,-0.04379164956587677,-0.2685195082348461,-0.04379164956587677,3.576131331987386,1.510399370697383,7.794852884245862,0.35286574373536356,0.0011744269712723465,0.003191703846678138,0.008311305930837988,0.014330345517955721,-0.29168870599009095,0.014330345517955721,2.788854041906805,0.23472708568838618,3.1694091345223123,0.3523062848375443,0.0006549039626504022,,,,,,,,,,,,,,,,
A043,rough_lateral,101,10,SURVIVE,,,0.005109847371156017,0.17229321954228605,-0.024651346356452754,-0.1277067923786429,-0.024651346356452754,9.82441069230372,13.932103554074883,62.029595752852224,0.3100896198234775,0.00363484550924862,-0.004675408266484738,0.1266770231956616,-0.05012666143476963,-0.17332298872526736,-0.05012666143476963,36.39745842326529,17.25761197481616,62.029595752852224,0.23755867168386988,0.0024371427648207725,,,,,,,,,,,,,,,,
A043,rough_lateral,101,11,SURVIVE,,,-0.023357106372714043,0.178143710916241,-0.018782446511710682,-0.12185630100468794,-0.018782446511710682,5.4073697010035655,2.597948724146699,11.106206539678968,0.3474291255517652,0.003432258565158129,-0.045904541015625,0.20474821716547012,-0.025310172084718943,-0.09525179475545884,-0.025310172084718943,5.797647365902561,1.1040536036577047,7.661549463033553,0.34640823072928156,0.0019793484937698433,,,,,,,,,,,,,,,,
A043,rough_lateral,101,12,FALL,2.82,2.42,,,,,,,,,,,,,,,,,,,,,0.027100708037614822,0.2882991248369217,0.20467701240442693,-0.011700887084007263,0.20467701240442693,6.875936505883907,3.0587658207031962,17.63265360875948,0.36527343585210686,0.0024422834263765902,,,,,,
A043,rough_lateral,101,13,SURVIVE,,,0.011171631563144425,0.14354472261465465,-0.0022008956115071973,-0.1564552893062743,-0.0022008956115071973,5.693886103574688,2.5518017104761976,17.86120195763879,0.35383698945164466,0.0031445753128133344,0.03750017207115888,0.20628522533923388,-0.04265906374901533,-0.09371478658169508,-0.04265906374901533,6.524222796831822,4.721646104340822,17.86120195763879,0.3146443111086912,0.0011604431478734953,,,,,,,,,,,,,,,,
A043,rough_lateral,101,14,SURVIVE,,,0.01245067099109292,0.26970996576050915,0.042116023581475016,-0.030290046160419783,0.042116023581475016,11.056890578464417,9.758212037629209,49.27503880244515,0.3194084664873792,0.006793098653701535,-0.0397202605009079,0.269849990606308,0.05244697675108909,-0.03015002131462097,0.05244697675108909,7.372297461375166,0.7836317789745476,9.129270403810931,0.3675306838942084,0.0019149882270690574,,,,,,,,,,,,,,,,
A043,rough_lateral,101,15,SURVIVE,,,0.06135255797145267,0.14541613407743473,0.014323092995133872,-0.15458387784349423,0.014323092995133872,5.408515987632337,4.455877298578588,23.262866415886386,0.3316987301624395,0.003127021585556271,0.03064231501892209,0.030026925038546325,-0.19945754510350525,-0.26997308688238264,-0.19945754510350525,2.3616732925164645,0.6839706437967554,3.779785643064147,0.3235588738433817,0.0014487077845609098,,,,,,,,,,,,,,,,
A043,rough_lateral,101,16,SURVIVE,,,-0.01529284951587518,0.2338095732529958,0.011036796400633951,-0.06619043866793314,0.011036796400633951,5.799997575670574,2.1774512241154333,12.683877419022254,0.3660993730039095,0.0047194842986244614,-0.016805028617382048,0.23196112483739853,-0.016467785350978374,-0.06803888708353042,-0.016467785350978374,7.521592054897699,1.4375801969044415,9.512439457059363,0.3578837178894543,0.0011408800747305312,,,,,,,,,,,,,,,,
A043,rough_lateral,101,17,SURVIVE,,,0.03415009057459732,0.049265066945614916,-0.02062519252843534,-0.25073494497531407,-0.02062519252843534,3.2782087056249196,2.798317369027187,18.53859755221967,0.2950963658737201,0.0031767146472624908,0.022748274449259042,0.012577109523117542,0.021928769908845423,-0.28742290239781143,0.021928769908845423,2.4591933887046635,0.6369234274843133,3.769150639624873,0.2927881661583396,0.000342068187693223,,,,,,,,,,,,,,,,
A043,rough_lateral,101,18,SURVIVE,,,-0.042857243853310745,0.18294212451204658,-0.009613778668184143,-0.11705788740888239,-0.009613778668184143,6.623141546266056,2.5266390059756914,11.322912237230137,0.35602671898941307,0.004677910218264331,-0.030481616631150246,0.2368663251399994,-0.05724882646114565,-0.06313368678092957,-0.05724882646114565,7.003973151346798,0.9178203507841796,9.22379339841518,0.36120472875508397,0.0015514598173253652,,,,,,,,,,,,,,,,
A043,rough_lateral,101,19,SURVIVE,,,-0.025735657463471093,0.10857885768947502,0.06323318764334544,-0.19142115423145392,0.06323318764334544,7.797085954889873,1.6721989705158151,10.57754352859275,0.35678517596925646,0.005107145258449609,-0.03277445439249277,0.13545491866767406,0.06503387517761439,-0.1645450932532549,0.06503387517761439,8.195573703261374,0.8329536305660412,9.306707491623785,0.3574389365458871,0.0013075945849087209,,,,,,,,,,,,,,,,
A043,rough_lateral,101,20,SURVIVE,,,0.009116647406675232,0.10672042930188279,0.0911481084554301,-0.19327958261904618,0.0911481084554301,9.252275560257345,3.654784677532247,27.552586148624606,0.32854462512461685,0.0041794088435045465,-0.031629810858285055,0.018374760881997645,0.0418936098809354,-0.2816252510389313,0.0418936098809354,8.90461313709509,0.3943812013294699,9.686410668645044,0.35054429260485953,0.0007966699447223766,,,,,,,,,,,,,,,,
A043,rough_lateral,101,21,FALL,6.24,6.12,-0.018603613614353514,0.2255381131900176,0.06661207120215079,-0.07446189873091137,0.06661207120215079,6.344806532873158,2.391395849406969,11.549918996915451,0.3511545560335818,0.0038270695324250092,,,,,,,,,,,0.06485202595591545,0.2902447387576103,0.3826044600456953,-0.009755273163318635,0.3826044600456953,6.766050669498523,2.129359981339814,17.190971350873646,0.36579044594802956,0.0015235533688795141,6.1,5.94,5.8,-0.02,-0.18,-0.32
A043,rough_lateral,101,22,SURVIVE,,,0.012495649187282349,0.18781737682409586,0.07399477245790574,-0.11218263509683311,0.07399477245790574,10.37783884968229,12.574225103932283,61.899419553726275,0.3090825469289871,0.006465585474024482,0.00822794832289219,0.21127405822277068,0.020208267737179996,-0.08872595369815826,0.020208267737179996,7.652595998274141,1.897603285327877,11.324842801283111,0.34341496343918665,0.0017540569611411705,,,,,,,,,,,,,,,,
A043,rough_lateral,101,23,FALL,3.1,2.82,,,,,,,,,,,,,,,,,,,,,0.03241615591105074,0.27253918260335924,0.12038234133273364,-0.027460829317569733,0.12038234133273364,6.678141875001175,2.532685630222742,15.156449808511436,0.3679249830615711,0.0018148575237090583,,,,,,
A043,rough_lateral,101,24,SURVIVE,,,-0.033914863634854554,0.17266132302582263,0.06387269939916829,-0.12733868889510633,0.06387269939916829,8.06981854939084,2.7307371458406875,15.688174998630576,0.3292554410707717,0.0026930640725528546,-0.03398137882351875,0.20235730081796646,0.03233885234221816,-0.09764271110296249,0.03233885234221816,7.046444368821858,2.1607160436536432,10.234718360348024,0.31734071437369055,0.0010565385461491078,,,,,,,,,,,,,,,,
A043,rough_lateral,101,25,SURVIVE,,,-0.00511675164452754,0.0764777781876425,-0.0377804189765205,-0.22352223373328647,-0.0377804189765205,11.757312989920232,4.071728087875536,16.874843667141,0.3416643372735875,0.005877907900886742,-0.01647063565440476,0.03136657407972962,-0.033821891695261,-0.26863343784119936,-0.033821891695261,13.916355395056653,2.2912360596959602,16.53297232065446,0.34527142591654936,0.0007788918235085221,,,,,,,,,,,,,,,,
A043,rough_lateral,101,26,FALL,0.96,0.82,,,,,,,,,,,,,,,,,,,,,0.039323873328976335,0.26089324955828486,0.15895775167737156,-0.03910676236264408,0.15895775167737156,3.9550379763918166,2.7720586783206462,14.739877472520197,0.35759778945522513,0.001357012254031592,,,,,,
A043,rough_lateral,101,27,SURVIVE,,,-0.0003766766097396612,0.19805848324050507,0.01880904407706112,-0.1019415286804239,0.01880904407706112,6.0578450162939586,2.2115206820505584,10.812211096428364,0.3395749893927956,0.00731188728210122,-0.011742564495652913,0.24080343335866927,0.09250345960259437,-0.059196578562259676,0.09250345960259437,6.963233344574921,2.24828494124774,10.27113451310567,0.36487964715549653,0.0014135493314202385,,,,,,,,,,,,,,,,
A043,rough_lateral,101,28,SURVIVE,,,-0.007353045335815598,0.06956147519483541,-0.06501012989319861,-0.23043853672609355,-0.06501012989319861,3.0577811616381356,1.9098656214090899,11.011453971751406,0.33128734110935915,0.0031383534803747504,0.00885660819709301,0.005598451495170593,-0.04547585226595402,-0.2944015604257584,-0.04547585226595402,3.648857329458878,0.29492616875706823,4.191149852373923,0.3295457923061707,0.0013060442266617234,,,,,,,,,,,,,,,,
A043,rough_lateral,101,29,SURVIVE,,,-0.031177879919608433,0.2060370621085167,0.03019459519923354,-0.09396294981241227,0.03019459519923354,5.300732664529894,1.8534974848508274,10.721611838680012,0.33030472024133073,0.005425182893314465,-0.04410733208060265,0.1912272107601166,0.14170876681804656,-0.10877280116081238,0.14170876681804656,4.933666398182331,1.2617308884872274,6.8266796475733,0.31264328070502867,0.0028026193220985138,,,,,,,,,,,,,,,,
A043,rough_lateral,101,30,FALL,10.34,9.96,-0.004506272956108053,0.20332599910597007,-0.019639868934949237,-0.0966740128149589,-0.019639868934949237,5.261197822693318,1.9210716211824275,11.308866736055283,0.35169058512717005,0.0047198412890102764,,,,,,,,,,,0.006004502475261689,0.33668458461761475,0.21785446612630038,0.03668457269668579,0.21785446612630038,6.838779217878097,2.995832156071597,17.7926642044341,0.3797466240114069,0.0022725293980562777,9.86,9.56,9.84,-0.1,-0.4,-0.12
A043,rough_lateral,101,31,FALL,6.86,6.7,-0.03224848246754845,0.12717851119232365,-0.04768140513770049,-0.1728215007286053,-0.04768140513770049,5.730175265345874,1.7352814090321553,9.720025730424043,0.36512623330388955,0.0032301102092559333,,,,,,,,,,,-0.030206369906663894,0.29755242466926574,0.1247297304868698,-0.002447587251663208,0.1247297304868698,6.1236571733914875,2.369869418528009,14.73429268904225,0.3695953384057723,0.004271389966342534,6.68,6.56,,-0.02,-0.14,
A043,rough_lateral,202,0,SURVIVE,,,0.008012831589827935,0.08185238343818733,-0.046295842309482395,-0.2181476284827416,-0.046295842309482395,8.169794349177277,4.626774201310871,15.593565572213627,0.30939067188962466,0.003484613755170035,0.005769704841077328,0.015334769235923886,-0.09126686751842499,-0.2846652426850051,-0.09126686751842499,11.949993753714857,3.145260950129667,15.372929823765112,0.30277345061939664,0.0008745652469084181,,,,,,,,,,,,,,,,
A043,rough_lateral,202,1,SURVIVE,,,-0.000151105984308136,0.17022255081877422,-0.056778904248494654,-0.12977746110215474,-0.056778904248494654,7.937424068919324,5.456960849252245,33.526618791713695,0.3305144622566016,0.004310169321967955,-0.01287433343473822,0.23031894981861115,0.023401171676814558,-0.06968106210231781,0.023401171676814558,7.180094684467362,0.7792481983587689,8.677788401971245,0.3582189764504764,0.0027546602136948525,,,,,,,,,,,,,,,,
A043,rough_lateral,202,2,SURVIVE,,,0.02142936286482533,0.23041888042663536,0.04482670312630944,-0.06958113149429361,0.04482670312630944,8.985632485288098,9.543821532303236,50.37327272725509,0.35379906259702915,0.007695498950978652,-0.029391061142086984,0.1850830624625087,-0.14421321923146024,-0.11491694945842028,-0.14421321923146024,18.45440664885806,15.504447469510321,49.38558555565184,0.2598123531322428,0.00166758368997013,,,,,,,,,,,,,,,,
A043,rough_lateral,202,3,SURVIVE,,,-0.03650880335830152,0.17835947595536708,-0.0028485356996922444,-0.12164053596556186,-0.0028485356996922444,5.778806465513372,2.666723191664326,11.981072371572695,0.36816082967634506,0.002849660455224348,-0.036857490837574,0.20957228645682335,-0.10086451033130288,-0.0904277254641056,-0.10086451033130288,4.0399053110964775,1.4945340222007375,5.996263036165329,0.37503755880230893,0.0015077743938262458,,,,,,,,,,,,,,,,
A043,rough_lateral,202,4,SURVIVE,,,-0.0043857398295464615,0.22199748183911044,0.07470615950878709,-0.0780025300818185,0.07470615950878709,7.441322351553871,2.139472133403263,11.276428445424758,0.3691557549808752,0.0027473368109228735,0.015610263794660567,0.2659611755609512,0.08790865635499358,-0.034038836359977724,0.08790865635499358,7.022032535740459,1.3983238583727473,9.005775273933128,0.3616420942608686,0.0017842481480562777,,,,,,,,,,,,,,,,
A043,rough_lateral,202,5,FALL,7.26,7.1,0.010046334150764677,0.2452014360990789,-0.019352738328355674,-0.054798575821850035,-0.019352738328355674,5.287202449100721,2.319554013412834,11.234821620544915,0.36335405330447595,0.002993721375490893,,,,,,,,,,,0.07650406420230865,0.26811314046382906,0.2712221930362284,-0.03188687145709992,0.2712221930362284,7.121535453736376,2.2892216138012884,13.611913622944192,0.37399765968641496,0.002336981462284844,7.1,6.94,6.9,0.0,-0.16,-0.2
A043,rough_lateral,202,6,SURVIVE,,,0.011834222882365186,0.12295330288858773,-0.04277749665547162,-0.1770467090323412,-0.04277749665547162,6.038316079813814,1.8794565267504526,11.790587767781922,0.32780263643160645,0.006346626077743785,0.0022524382080882786,0.1853151476383209,-0.07754257102496923,-0.11468486428260803,-0.07754257102496923,4.128417328478732,1.7270131456771842,7.960180812068064,0.3404928254061204,0.0028606251599316915,,,,,,,,,,,,,,,,
A043,rough_lateral,202,7,SURVIVE,,,0.007632516223432807,0.19407994643698354,0.0522218484551801,-0.1059200654839454,0.0522218484551801,7.644871614835809,2.824381371883466,15.798370845349794,0.37498625783306183,0.004819258011598639,-0.0013968804804608227,0.03067048011758743,0.08274667663732543,-0.2693295318033415,0.08274667663732543,11.203162318971561,0.6577104784602373,12.222532652088097,0.37732970252712783,0.0013688439353902043,,,,,,,,,,,,,,,,
A043,rough_lateral,202,8,SURVIVE,,,-0.037163541495489574,0.1118569762709861,-0.04292350793723017,-0.18814303564994286,-0.04292350793723017,7.725983518639647,2.830603832676477,12.988670368433633,0.3215112377982089,0.0029668450993012643,-0.0067062336718663575,-0.01175072830170393,-0.13610897827893495,-0.3117507402226329,-0.13610897827893495,12.112618206200843,0.8782173590157389,12.988670368433633,0.31581938189299985,0.0008449248451600083,,,,,,,,,,,,,,,,
A043,rough_lateral,202,9,FALL,15.92,15.64,-0.06769342589036872,0.15227733803912996,-0.042141100922599435,-0.147722673881799,-0.042141100922599435,14.672936627278572,16.739262867298002,70.52228573994095,0.32237840172122506,0.0033782204204702085,,,,,,,,,,,-0.021273986101150513,0.20922828257083892,0.11540524058043956,-0.09077172935009002,0.11540524058043956,6.555271270125789,1.7949725000090453,15.633737290070085,0.3668990403573143,0.005436402591154535,,,,,,
A043,rough_lateral,202,10,SURVIVE,,,0.0076545486226677895,0.24228521436452866,0.019053309229202568,-0.0577147975564003,0.019053309229202568,4.364080014639312,1.8441127540772821,8.73162945552885,0.3710101391213038,0.005356008356267754,-0.001965360473841429,0.2665319433808327,-0.018002972481772305,-0.033468068540096284,-0.018002972481772305,3.0933131388292883,1.4214957014567213,5.575204554886264,0.3649096848174212,0.0016274885697798239,,,,,,,,,,,,,,,,
A043,rough_lateral,202,11,FALL,11.46,11.0,-0.0278248783305753,0.22408419395486515,-0.005674921236932278,-0.07591581796606382,-0.005674921236932278,7.202119211935121,2.369270795614833,12.537796279182215,0.36182898574918776,0.004212476352956844,,,,,,,,,,,-0.028677266128361224,0.22627875477075576,0.09256146939471364,-0.07372125715017319,0.09256146939471364,4.744234600838169,3.3883425773153903,15.408534800467576,0.34778292365571395,0.002114647849995821,10.96,10.88,10.84,-0.04,-0.12,-0.16
A043,rough_lateral,202,12,SURVIVE,,,0.009176574858526389,0.14704810871742666,-0.05526916200605531,-0.1529519032035023,-0.05526916200605531,5.249860662324065,1.8576428034220842,9.261364500158352,0.3454734890038104,0.005146281604460852,0.009295338615775108,0.05024097936227918,-0.09417014807462692,-0.24975903255864979,-0.09417014807462692,5.7094959060046575,0.8813748558518675,7.732333236523917,0.3462553925660842,0.0019010554022967502,,,,,,,,,,,,,,,,
A043,rough_lateral,202,13,FALL,12.9,12.5,-0.012872942810257276,0.23775535095483064,0.01584602248854935,-0.062244660966098306,0.01584602248854935,5.873931713561902,1.9050441530288493,10.106414733371306,0.36353748866740393,0.0058226253897111085,,,,,,,,,,,0.07682932771742344,0.2747296038269997,0.1332689068838954,-0.02527040809392929,0.1332689068838954,4.447545116070557,1.9364206751697828,14.066812302171273,0.38323805705111297,0.0026008993546592987,12.5,12.44,12.42,0.0,-0.06,-0.08
A043,rough_lateral,202,14,SURVIVE,,,-0.018616749454134454,0.16465328089116762,-0.0338611098472029,-0.13534673102976133,-0.0338611098472029,6.136998790689217,2.1092834896251063,13.266961511423533,0.33017716137270664,0.003053297971021676,-0.019831597497686745,0.08170515084639192,-0.18927798496559262,-0.21829486107453705,-0.18927798496559262,5.710363528892149,1.651697983437296,8.41577960539951,0.302511671220555,0.001330125778116642,,,,,,,,,,,,,,,,
A043,rough_lateral,202,15,SURVIVE,,,0.020258077488203224,0.05939322044917693,-0.17084881111513822,-0.24060679147175204,-0.17084881111513822,4.503007897287332,2.0943955509804986,8.80252242130637,0.31484418031791106,0.004694964158981248,0.061200486831367015,0.027599019329063595,-0.3041527249291539,-0.27240099259186534,-0.3041527249291539,4.803283099924556,2.335197637008696,8.326263438123327,0.3190884576570541,0.0021507650773155487,,,,,,,,,,,,,,,,
A043,rough_lateral,202,16,SURVIVE,,,0.0061735343702215085,0.10598350926690424,0.09471927653687695,-0.1940165026540247,0.09471927653687695,11.621837270182947,11.176221627177549,59.776052781982685,0.3381726080667951,0.0036191583317231324,-0.037187459245324135,0.17760432500392198,-0.04226224256679416,-0.12239568691700697,-0.04226224256679416,6.865817661244859,1.9404775938615246,11.726051121747858,0.3393987265723274,0.0017406239229090098,,,,,,,,,,,,,,,,
A043,rough_lateral,202,17,SURVIVE,,,-0.017905947783341012,0.20054493952542543,0.0496612173060809,-0.09945507239550352,0.0496612173060809,5.355756502253228,2.3064174754043476,12.183741338852919,0.3300864573306472,0.0035659871636864945,-0.005115866512060165,0.22457696601748467,0.024830676261335612,-0.07542304590344429,0.024830676261335612,3.423749370015912,1.3791344817614348,5.9886410390765255,0.35854772582092387,0.0012651127289960776,,,,,,,,,,,,,,,,
A043,rough_lateral,202,18,FALL,1.56,0.96,,,,,,,,,,,,,,,,,,,,,-0.06788705317105384,0.26291140969446364,0.07695491255280819,-0.0370886022264653,0.07695491255280819,6.671133515419701,2.819576529472556,13.779104206097102,0.3644819993087898,0.0018637448071158538,,,,,,
A043,rough_lateral,202,19,FALL,11.04,10.84,0.018997070105688182,0.2330811077853044,0.03877997467565971,-0.06691890413562457,0.03877997467565971,6.380666336986956,1.6587428832070437,10.112407204951356,0.3798975978369381,0.004681347525693512,,,,,,,,,,,-0.028867925270460545,0.2437853094935417,0.05174245236441493,-0.056214702427387235,0.05174245236441493,5.2781048144743785,2.4900771013102543,14.056185955715017,0.3617843520226963,0.0020649751877402298,10.82,10.72,,-0.02,-0.12,
A043,rough_lateral,202,20,SURVIVE,,,0.022073842990988246,0.09153939149808138,-0.11767078562950095,-0.20846062042284758,-0.11767078562950095,4.60602351216572,2.1934739195953497,10.671602107898597,0.32310593830551054,0.0028413476790973904,-0.0048293280322104695,0.17842735663056375,-0.04329115241765976,-0.12157265529036522,-0.04329115241765976,5.710715674719102,1.1366933066543585,7.557228492957725,0.3258292633581927,0.001322547382211936,,,,,,,,,,,,,,,,
A043,rough_lateral,202,21,SURVIVE,,,-0.001951680708055695,0.05480771845943915,-0.05568623415194452,-0.2451922934614898,-0.05568623415194452,6.175658231067225,2.363159325525041,9.117165805460196,0.3276219074744167,0.002892744094930233,-0.006073716692626476,-0.012784436848014592,-0.0487545389868319,-0.31278444876894357,-0.0487545389868319,8.67512575056357,0.24049344572281955,9.117165805460196,0.312756974419808,0.0012534034443411612,,,,,,,,,,,,,,,,
A043,rough_lateral,202,22,FALL,1.82,1.32,,,,,,,,,,,,,,,,,,,,,-0.0035596131869800843,0.29149604816826025,0.040679736462022574,-0.008503963752668731,0.040679736462022574,6.002840512689637,2.704119330553384,15.953100876617942,0.35787640152755007,0.0028090655484939026,,,,,,
A043,rough_lateral,202,23,SURVIVE,,,-0.017284386918569605,0.21258613631129264,0.046731876022725674,-0.0874138756096363,0.046731876022725674,7.008329761813351,2.018759148538901,10.499999386461601,0.33481360346291367,0.003132039850408379,0.024706397503614426,0.20477571040391923,0.09271558314561844,-0.09522430151700974,0.09271558314561844,6.304112210028967,1.9105368912717022,10.155244392244708,0.3231611208705341,0.0023850629673922152,,,,,,,,,,,,,,,,
A043,rough_lateral,202,24,SURVIVE,,,0.02878773400792852,0.10138334830485594,-0.1230402712613189,-0.198616663616073,-0.1230402712613189,4.751625587227904,1.758458076244626,8.763583772736807,0.35462073391399707,0.002860563961579833,0.05441730686929077,0.00377658809768036,-0.2124889086559415,-0.2962234238232486,-0.2124889086559415,4.634784195363852,1.0262635685736907,6.353293416513089,0.3436492124917035,0.0014232288707386326,,,,,,,,,,,,,,,,
A043,rough_lateral,202,25,SURVIVE,,,0.03526009251984457,0.07736764777606973,-0.030291644266496102,-0.2226323641448592,-0.030291644266496102,4.8783171693250305,3.1392131061289175,19.129305738657017,0.3086412950574608,0.0041997878946722494,0.02895091786980629,0.02931600165553391,0.0036339988932013513,-0.27068401026539507,0.0036339988932013513,2.951114198609552,1.4613767260504056,6.925688846947412,0.31399386073497526,0.0007700384619401743,,,,,,,,,,,,,,,,
A043,rough_lateral,202,26,FALL,4.48,4.4,-0.004912438033067662,0.17381159232362456,-0.011672964866232613,-0.1261884195973044,-0.011672964866232613,7.658309999147664,1.11937755402799,9.85033635170366,0.36014887952466423,0.0015570696662454073,,,,,,,,,,,0.08469425202632437,0.2166304767740016,0.14694005655771009,-0.08336953514692735,0.14694005655771009,5.640936093677805,3.0802448302818917,17.765117029881395,0.3547153256058654,0.0023295356628091554,4.36,4.24,4.3,-0.04,-0.16,-0.1
A043,rough_lateral,202,27,SURVIVE,,,0.006389381504656437,0.040848433730134276,-0.0023330332168067496,-0.2591515781907947,-0.0023330332168067496,9.055068493061261,2.460700342109806,16.500490548908253,0.3075329323243118,0.0027908386393664386,-0.02600581550039351,0.011454561157734133,0.07982547676190734,-0.2885454507631948,0.07982547676190734,7.9009314130522315,1.3637926782662688,8.919648008669306,0.3134283765879544,0.0011656552075064788,,,,,,,,,,,,,,,,
A043,rough_lateral,202,28,FALL,12.46,11.86,-0.009128649448975922,0.1289139764662832,-0.03269020890040944,-0.17108603545464576,-0.03269020890040944,7.882948425387489,2.4389146924591403,13.970352549763094,0.3398166546900217,0.003940102888301086,,,,,,,,,,,-0.084436454474926,0.22813042640686035,0.10996612226590514,-0.0718695855140686,0.10996612226590514,6.665127665417559,1.7702592677905356,14.226524901483174,0.36328059941052115,0.0012586665026006819,,11.82,11.8,,-0.04,-0.06
A043,rough_lateral,202,29,SURVIVE,,,0.006607577604396889,0.18840898089576513,-0.03284784507278043,-0.11159103102516382,-0.03284784507278043,5.803378215326664,2.6382925318884096,10.326396917487802,0.35977437558021136,0.003997425344538563,0.0030370057839900254,0.18715258315205574,0.0812501623481512,-0.11284742876887321,0.0812501623481512,4.330406003786263,2.4739937746382696,7.540955694312218,0.35381203813986345,0.0028497012541255848,,,,,,,,,,,,,,,,
A043,rough_lateral,202,30,FALL,7.44,6.86,-0.02416982064910588,0.223077410610304,-0.027746818445545312,-0.07692260131062496,-0.027746818445545312,5.569607910920077,2.015016057707715,9.147569376493662,0.3368626296983167,0.003689740430862516,,,,,,,,,,,-0.0011971486359834672,0.173365436270833,0.053897529002279045,-0.12663457565009595,0.053897529002279045,8.501452501719132,1.9127626329037994,16.31104108548277,0.34607952391081315,0.0010367816782252681,6.78,6.76,,-0.08,-0.1,
A043,rough_lateral,202,31,FALL,1.0,0.8,,,,,,,,,,,,,,,,,,,,,-0.009147189748592867,0.3475857358903457,0.14387478383305746,0.04758572396941674,0.14387478383305746,5.478925412425489,3.4433894006928814,15.601338784355427,0.3512619290106028,0.0036387418043167183,,,,,,
A043,rough_lateral,303,0,SURVIVE,,,0.009669347716650616,0.03791254289409456,-0.057170788989557575,-0.2620874690268344,-0.057170788989557575,7.4848203798636295,1.7912491799587977,9.305672681272146,0.3423121619697348,0.003773888164663064,-0.0064266208812478,0.008145865779370069,0.051088327514007686,-0.2918541461415589,0.051088327514007686,8.41963856664841,0.37118808891564425,9.190561264682616,0.33793937997703244,0.0005379845114315274,,,,,,,,,,,,,,,,
A043,rough_lateral,303,1,SURVIVE,,,0.0075848004066695765,0.09218633812541763,-0.07227999143923322,-0.20781367379551133,-0.07227999143923322,5.589512329364432,2.318036275523679,10.341455831608577,0.3178926046466232,0.004103635084182822,0.013359786542132497,0.035909696891903875,0.053430368416011335,-0.2640903150290251,0.053430368416011335,6.7238574263737885,0.6509445905656692,8.082402775426674,0.2879781504843962,0.0014499827502245516,,,,,,,,,,,,,,,,
A043,rough_lateral,303,2,SURVIVE,,,0.005294946556289991,0.1984319056198001,-0.05325555165841555,-0.10156810630112886,-0.05325555165841555,4.780051653677635,2.4732027608736384,10.322738379091604,0.36442572244189003,0.0033224789216556652,-0.034334337264299394,0.13966425895690918,0.01215950883924961,-0.16033575296401978,0.01215950883924961,7.401249513658043,0.6480190082406343,8.451382900955988,0.365069419967937,0.0011973865529432623,,,,,,,,,,,,,,,,
A043,rough_lateral,303,3,SURVIVE,,,0.0025788797065615654,0.16892671146119634,-0.046336395563557745,-0.13107330045973262,-0.046336395563557745,7.14588774955153,4.711175523947943,30.509449441461182,0.35004187102783174,0.0024882229891690366,-0.038105343282222745,0.22762008577585222,-0.03518656648695469,-0.07237992614507675,-0.03518656648695469,6.87448673894522,0.943793652727121,8.773418472853914,0.3747682221114317,0.0024946692155644254,,,,,,,,,,,,,,,,
A043,rough_lateral,303,4,FALL,9.92,9.44,0.03889138600730215,0.11827373114314169,0.047271087062498086,-0.18172628077778727,0.047271087062498086,5.710015214269969,2.7792775367445026,21.055472886787307,0.3461900787215158,0.003142157977915068,,,,,,,,,,,0.07758881801273673,0.2435422757267952,0.020549137729685755,-0.05645773619413376,0.020549137729685755,7.283882213503846,2.794215481071232,16.94785528374665,0.35379923499841737,0.0023053929130023784,9.4,9.38,9.44,-0.04,-0.06,0.0
A043,rough_lateral,303,5,SURVIVE,,,-0.012291712909936905,0.22789204212526482,0.009412050882043938,-0.07210796979566415,0.009412050882043938,7.214557932054798,2.779005651968695,13.888239672444369,0.36500838748698994,0.0059773348232004045,-0.014956809878349304,0.28456748932600023,-0.004723781533539295,-0.015432522594928742,-0.004723781533539295,3.5900866568198477,1.179080629142254,5.723376189561869,0.38684411071519803,0.0018884077429133991,,,,,,,,,,,,,,,,
A043,rough_lateral,303,6,SURVIVE,,,9.798240537444751e-05,0.2306167335808277,-0.0038687710588177046,-0.06938327834010125,-0.0038687710588177046,6.724284036986441,3.0857780653058353,16.188055821132757,0.3626972793937792,0.004684040253175134,0.027830678299069406,0.18462135314941405,-0.024622139064595105,-0.11537865877151489,-0.024622139064595105,4.622267328497045,1.9633462299954334,8.834444683632125,0.36581038827883366,0.002558407299021348,,,,,,,,,,,,,,,,
A043,rough_lateral,303,7,SURVIVE,,,0.01591339205081264,0.1606183470785618,-0.013403918552212417,-0.13938166484236716,-0.013403918552212417,6.4406238679608085,2.6724399104005174,10.972874589923142,0.3590535487412556,0.0034278828830004993,-0.03255560293793678,0.2677717390656471,0.035590223148465154,-0.03222827285528183,0.035590223148465154,6.402865760914699,1.3451810699411881,9.949989363490403,0.39258383449704887,0.0014145999031270895,,,,,,,,,,,,,,,,
A043,rough_lateral,303,8,SURVIVE,,,-0.003686070107699682,0.1739023674124231,-0.0842523525065432,-0.12609764450850586,-0.0842523525065432,5.5662766393693035,2.0410199499915977,10.078780533835953,0.36004272013530797,0.003831771605792532,0.03693218486383557,0.04285520817153156,-0.21807735495269298,-0.2571448037493974,-0.21807735495269298,6.149456704935073,0.6309710044093562,8.039124472977798,0.3394273605257432,0.0013550335073216069,,,,,,,,,,,,,,,,
A043,rough_lateral,303,9,SURVIVE,,,-0.0050310473601954675,0.20568796779960394,0.042149996592197564,-0.09431204412132502,0.042149996592197564,6.315855048825283,1.9945385243046005,10.568256016947037,0.357113505644913,0.008043982765891342,-0.005163950306450715,0.1172972993075382,-0.004381708388682455,-0.18270271261339077,-0.004381708388682455,7.073966783644897,0.9967294429723189,9.276100706301328,0.34027921358531804,0.0014107342072349205,,,,,,,,,,,,,,,,
A043,rough_lateral,303,10,SURVIVE,,,0.011132906852290035,0.21951495205362637,0.02057170206467466,-0.08048505986730257,0.02057170206467466,4.948628385650541,1.890208297455877,10.250428686980587,0.35464137522241435,0.00472155484286222,-0.03176570519804955,0.18852610260248184,-0.04188921679742634,-0.11147390931844711,-0.04188921679742634,5.931477158440519,1.2004168698624513,8.860911378736976,0.35985914593393153,0.0018946091759013614,,,,,,,,,,,,,,,,
A043,rough_lateral,303,11,SURVIVE,,,0.02181428418494761,0.04780402961342285,-0.16439318463594343,-0.2521959823075061,-0.16439318463594343,5.3089192372127245,2.954708931195253,15.912506866252915,0.3286574912575902,0.0036654446851760933,-0.0037851461768150328,0.009502738011069595,-0.04656437592580914,-0.29049727390985935,-0.04656437592580914,8.616907983036459,1.02498619788345,10.586414040393453,0.3415681061738315,0.0008427727031197763,,,,,,,,,,,,,,,,
A043,rough_lateral,303,12,SURVIVE,,,0.0029201346759994825,0.23760057020932435,0.00016885719882945218,-0.062399441711604595,0.00016885719882945218,7.056689524841492,3.401552535595087,24.598503550858258,0.35948211229686855,0.005757551142238679,-0.011328129172325134,0.21072689801454544,0.013515981920063496,-0.08927311390638351,0.013515981920063496,6.277297801448669,1.3974994182555718,8.630967320475055,0.3686961618464261,0.001284349410929149,,,,,,,,,,,,,,,,
A043,rough_lateral,303,13,FALL,11.18,11.04,-0.024908128457609563,0.08376916401088237,0.12815702949728197,-0.21623084791004657,0.12815702949728197,9.688997599943436,2.806014063789213,13.996907916724856,0.36944342856048046,0.003385146033955129,,,,,,,,,,,0.03738230042159557,0.29733705163002017,0.2367195790610276,-0.0026629602909088133,0.2367195790610276,8.037801375232874,2.1248496813241,17.781339408064202,0.39588477386191573,0.0018075341209370863,,10.68,10.88,,-0.36,-0.16
A043,rough_lateral,303,14,SURVIVE,,,0.008865156434767414,0.004103944041999057,-0.029169781932141634,-0.2958960678789299,-0.029169781932141634,5.728409492345558,1.5218130960792136,8.336468804010611,0.2815973078838007,0.0016371273101969813,0.04521526359021664,0.02297710256651044,-0.09445242830086499,-0.27702290935441853,-0.09445242830086499,2.7273169396995227,0.9600312320617037,4.5231163970325925,0.33034657030819575,0.0011531707437280672,,,,,,,,,,,,,,,,
A043,rough_lateral,303,15,SURVIVE,,,-0.036817181011041006,0.054922852166928354,0.1271997268560032,-0.2450771597540006,0.1271997268560032,11.635962735705348,1.932435496194874,14.833490456644375,0.37150052023497065,0.0020174546675248567,-0.01668325218372047,0.0472879321500659,0.07023963488638402,-0.2527120797708631,0.07023963488638402,12.046042197646795,1.5669430769781771,13.605556320946283,0.36895105273647105,0.001054264007405166,,,,,,,,,,,,,,,,
A043,rough_lateral,303,16,FALL,16.26,16.1,-0.013233858818809192,0.2079813527315855,0.015501000004199643,-0.09201865918934345,0.015501000004199643,6.90569171413228,2.4200650618282444,12.543191111042246,0.3644513010968074,0.00299601631368545,,,,,,,,,,,0.011127562699269275,0.23814174715353517,0.09635519224922268,-0.06185826476739378,0.09635519224922268,8.4765620026363,2.8318011449359837,16.98719860541887,0.34786226868655473,0.0022416446298201484,16.06,16.08,16.08,-0.04,-0.02,-0.02
A043,rough_lateral,303,17,SURVIVE,,,0.030355890284699854,0.04171369953459361,-0.17341557112910475,-0.2582863123863353,-0.17341557112910475,4.713318464694838,1.9286145431981172,8.986184338196155,0.33213748587165925,0.0033269668007916975,-0.008010824620723724,0.09502617713063956,-0.07854954112321139,-0.2049738347902894,-0.07854954112321139,2.817383902442364,0.6273074521669336,4.018002556465225,0.33029452912310225,0.0015983785537474898,,,,,,,,,,,,,,,,
A043,rough_lateral,303,18,SURVIVE,,,0.011672039621820052,0.18583536314467589,-0.04587023089329401,-0.11416464877625307,-0.04587023089329401,7.275598336707894,2.2459477118528155,12.317263807397714,0.35403606410916905,0.00661951972839029,0.0379600678384304,0.15932985827326773,0.08053893011063337,-0.14067015364766122,0.08053893011063337,6.575476278712302,1.1779682392353474,8.809906143443275,0.3587738086992407,0.0010240218218635147,,,,,,,,,,,,,,,,
A043,rough_lateral,303,19,SURVIVE,,,-0.05124833494114379,0.14752461560070515,0.02736362741794437,-0.1524753963202238,0.02736362741794437,7.1556450549110515,2.1926729058680654,11.52362234485737,0.33245048928441423,0.0035521563361672753,-0.030115018310025336,0.21544293116778135,0.03941516389604658,-0.0845570807531476,0.03941516389604658,6.3321357786357275,2.0888504413736504,9.581623803610546,0.33016312483797733,0.0023493027304583025,,,,,,,,,,,,,,,,
A043,rough_lateral,303,20,SURVIVE,,,0.010553210622941454,0.012535890243016183,-0.11393387118994724,-0.2874641216779128,-0.11393387118994724,6.871284353693738,2.3428126181682356,20.110105043115617,0.27263234871222164,0.0016350261667833002,0.006232349202036858,0.007368334264028818,0.031945749558508395,-0.2926316776569001,0.031945749558508395,6.543017270340418,0.38186768856293307,7.234865574098093,0.281422963311328,0.00036153946330840653,,,,,,,,,,,,,,,,
A043,rough_lateral,303,21,SURVIVE,,,-0.02239182560821064,0.07419215486268513,0.05094891880638897,-0.22580785705824383,0.05094891880638897,5.94346555658983,3.141605526235753,11.529723654833825,0.33379847668443346,0.004158509606346089,-0.007382860356010497,-0.005038075861521065,-0.013253063280135393,-0.30503808778245,-0.013253063280135393,1.7727465612355815,0.591287165700055,3.077589242254297,0.3171134763159216,0.00016022748488155741,,,,,,,,,,,,,,,,
A043,rough_lateral,303,22,SURVIVE,,,0.02012800954806153,0.053442123110871764,-0.1418324555719058,-0.2465578888100572,-0.1418324555719058,3.571384764903258,1.7194126046991902,8.363653968100792,0.341958621505535,0.002966192316881479,0.011285844238009303,0.047476450009271504,-0.08506893330719321,-0.2525235619116575,-0.08506893330719321,5.374890407930369,0.9708805711238359,6.517402770514848,0.3508427007886815,0.0005086195022664594,,,,,,,,,,,,,,,,
A043,rough_lateral,303,23,SURVIVE,,,0.017146112781871732,0.0045594231419575715,-0.04088969940940539,-0.2954405887789714,-0.04088969940940539,7.726149816410431,1.5436506815903488,9.697263576570247,0.33023265923248896,0.002194776892024561,-0.003978788545355201,-0.003413206273689866,-0.025522204637527465,-0.3034132181946188,-0.025522204637527465,9.016603805282811,0.3239493696562836,9.553598104323907,0.3352951144470888,0.0008723723059669564,,,,,,,,,,,,,,,,
A043,rough_lateral,303,24,SURVIVE,,,0.01459147126103441,0.1594804776692763,0.02605645457903544,-0.14051953425165264,0.02605645457903544,5.53374958046968,3.358429071792459,24.121896168317836,0.3468794178670528,0.00418562047621783,-0.019933970952406524,0.00772558918222785,0.016722667897120118,-0.2922744227387011,0.016722667897120118,5.823000178675371,0.38811178259621854,6.413130969423009,0.3492749477675892,0.00040024742085666143,,,,,,,,,,,,,,,,
A043,rough_lateral,303,25,SURVIVE,,,0.0023793033110753943,0.12269930053890372,-0.03215790917165577,-0.17730071138202524,-0.03215790917165577,6.9780059735623885,6.420894958377102,34.4735284964583,0.3182272759180868,0.004445764470227903,0.034791486226022246,0.05052801299840212,-0.16359889307990672,-0.24947199892252683,-0.16359889307990672,3.5656304024370327,0.917523853957104,5.145708415086774,0.3356567537752702,0.001269682205934576,,,,,,,,,,,,,,,,
A043,rough_lateral,303,26,FALL,1.48,1.34,,,,,,,,,,,,,,,,,,,,,0.013624411456438959,0.29367837644353206,0.12892773329299323,-0.006321635477396907,0.12892773329299323,6.237621254706819,2.2674973724251983,16.026160147562454,0.3491174233677891,0.002459021175608908,,,,,,
A043,rough_lateral,303,27,SURVIVE,,,0.015270016028856238,0.12020963437932854,-0.08687535762786865,-0.1797903775416004,-0.08687535762786865,5.696810019483632,3.5053818080007706,20.514492270907315,0.3323361589984035,0.0027890434877120215,0.14032310562208294,0.08830870563164353,0.03295651553198695,-0.21169130628928542,0.03295651553198695,10.980677939162923,7.097846654157981,23.365008043497905,0.28647258758863664,0.0016633814031427538,,,,,,,,,,,,,,,,
A043,rough_lateral,303,28,FALL,5.82,5.22,0.07214014395410845,0.1432248872574852,-0.12691521785373605,-0.15677512466344376,-0.12691521785373605,12.533745017819001,13.616669918934045,46.41337290181149,0.2958899885193653,0.002057763981946646,,,,,,,,,,,0.07601142767351121,0.27617000192403796,0.1288128197938204,-0.02383000999689102,0.1288128197938204,6.124703007727824,2.2057559373500313,16.528699421498807,0.37737292833188,0.001688350330699577,,5.2,,,-0.02,
A043,rough_lateral,303,29,SURVIVE,,,0.007482383220922202,0.13927449844001483,0.021542820599473392,-0.16072551348091413,0.021542820599473392,7.880359050192167,7.304361379151392,44.99608881188362,0.3425590496495658,0.005093008439171126,0.022211017813533546,0.20925695061683655,0.12407541373744607,-0.0907430613040924,0.12407541373744607,3.798350079162762,1.6736752921195848,7.987875916724403,0.3629569232081347,0.0010443906733058964,,,,,,,,,,,,,,,,
A043,rough_lateral,303,30,SURVIVE,,,0.02215391173735649,0.0818068273316021,-0.0636522700591498,-0.21819318458932685,-0.0636522700591498,4.046130060888767,3.9265384577812297,24.843692228408294,0.30766194669904984,0.003126083210827829,0.0018776861563674174,-0.004478477844968438,-3.910718485713005e-05,-0.3044784897658974,-3.910718485713005e-05,1.6251445394448256,0.43875150401540236,2.6045902920609607,0.3028866034395554,0.0004732366551689904,,,,,,,,,,,,,,,,
A043,rough_lateral,303,31,SURVIVE,,,0.038711964851681845,0.08834938601842926,-0.08328663809302574,-0.2116506259024997,-0.08328663809302574,3.860863242738927,1.8459794164818322,9.201352868649325,0.32110469812324766,0.002214543959673715,0.006076794238761067,0.20982520878314972,0.018787731849588454,-0.09017480313777923,0.018787731849588454,6.491627909538862,1.6051473486816843,9.976301126146057,0.30925184903935315,0.0018534022856523669,,,,,,,,,,,,,,,,
A048,combined_yaw_right,101,0,SURVIVE,,,0.5050398795803388,-0.22758376215895018,-0.5338902355482181,-0.07758375619848569,-0.033890235548218094,3.2566289932278742,1.482052588678447,6.318851609032838,0.33907521265235174,1.6421557747743984e-06,,,,,,,,,,,,,,,,,,,,,,,,,,
A048,combined_yaw_right,101,1,SURVIVE,,,0.5090954653422037,-0.20282321706414222,-0.5060005951113999,-0.05282321110367775,-0.006000595111399889,2.575230478855835,1.119258965992242,5.255087017592705,0.3585079413004313,1.3769629167362968e-06,,,,,,,,,,,,,,,,,,,,,,,,,,
A048,combined_yaw_right,101,2,SURVIVE,,,0.4972082472840945,-0.22062479540705682,-0.5217758524790406,-0.07062478944659233,-0.02177585247904062,3.067521105778863,1.3400075179361475,5.591596520951933,0.33368379224749173,1.3565634661179812e-06,,,,,,,,,,,,,,,,,,,,,,,,,,
A048,combined_yaw_right,101,3,SURVIVE,,,0.507692270676295,-0.19275314678748448,-0.5085072564457853,-0.04275314082702001,-0.008507256445785363,2.5391025031077885,1.106228289775412,5.135913295738495,0.3618932479072807,1.325964290190508e-06,,,,,,,,,,,,,,,,,,,,,,,,,,
A048,combined_yaw_right,101,4,SURVIVE,,,0.5091613924503327,-0.2292883106569449,-0.5267576454207301,-0.07928830469648043,-0.026757645420730114,3.0510506881518173,1.3557076755356539,6.445611140473223,0.32218944642314296,1.4483609939004011e-06,,,,,,,,,,,,,,,,,,,,,,,,,,
A048,combined_yaw_right,101,5,SURVIVE,,,0.5028810618321101,-0.19640089909235636,-0.5086193412418166,-0.046400893131891885,-0.00861934124181668,2.491949923264429,0.919652404095562,5.217216752583037,0.3598741448903041,1.7645524784842915e-06,,,,,,,,,,,,,,,,,,,,,,,,,,
A048,combined_yaw_right,101,6,SURVIVE,,,0.5079898543159167,-0.213174519687891,-0.5174345055222511,-0.06317451372742652,-0.01743450552225113,2.404871324825351,1.1776517836942864,5.46281922344877,0.35750825929078617,1.4585607192095587e-06,,,,,,,,,,,,,,,,,,,,,,,,,,
A048,combined_yaw_right,101,7,SURVIVE,,,0.5060006998976072,-0.20096478506922721,-0.5162781723992278,-0.050964779108762744,-0.016278172399227818,2.552196918170692,1.078308965233817,5.570245923754942,0.35217367360617385,1.6013568735377674e-06,,,,,,,,,,,,,,,,,,,,,,,,,,
A048,combined_yaw_right,101,8,SURVIVE,,,0.5130679732561112,-0.20974967285990714,-0.5199527418985963,-0.05974966689944267,-0.019952741898596287,2.4191119984178964,1.0878452433835495,5.458153757597946,0.3476085960153165,1.3055648395721924e-06,,,,,,,,,,,,,,,,,,,,,,,,,,
A048,combined_yaw_right,101,9,SURVIVE,,,0.4819810633858045,-0.19174214062591394,-0.5012212432331095,-0.04174213466544946,-0.001221243233109514,2.1456223124404787,0.9928683723687697,5.123040808318687,0.3602269424973537,1.2953651142630349e-06,,,,,,,,,,,,,,,,,,,,,,,,,,
A048,combined_yaw_right,101,10,SURVIVE,,,0.5101358966032664,-0.24268673717975617,-0.5452304220882555,-0.09268673121929169,-0.045230422088255486,3.3962866087129995,1.4585823460675402,7.236600887022295,0.31000850251226714,1.5197590710645055e-06,,,,,,,,,,,,,,,,,,,,,,,,,,
A048,combined_yaw_right,101,11,SURVIVE,,,0.4998399313290914,-0.21703611209988594,-0.5113607120513916,-0.06703610613942146,-0.011360712051391601,2.9397138733845334,1.0783832763857994,5.704132571203215,0.3441872923902224,1.4891598951370321e-06,,,,,,,,,,,,,,,,,,,,,,,,,,
A048,combined_yaw_right,101,12,SURVIVE,,,0.49715709388256074,-0.21895443191130956,-0.5188601465523243,-0.06895442595084508,-0.018860146552324295,2.583568274939123,0.984426907481798,5.361400543121457,0.3419444101337018,1.3973623673546124e-06,,,,,,,,,,,,,,,,,,,,,,,,,,
A048,combined_yaw_right,101,13,SURVIVE,,,0.5174674166242281,-0.21635415116945902,-0.5290891386878988,-0.06635414520899455,-0.029089138687898714,2.2292906061469306,1.0094503706777191,4.814138768708936,0.3505624442628573,1.3565634661179812e-06,,,,,,,,,,,,,,,,,,,,,,,,,,
A048,combined_yaw_right,101,14,SURVIVE,,,0.5202172334988912,-0.21712252035737037,-0.518858238235116,-0.0671225143969059,-0.018858238235116006,2.2670934584961175,0.8511424521271483,4.6535371274674215,0.34686660674060305,1.4687604445187167e-06,,,,,,,,,,,,,,,,,,,,,,,,,,
A048,combined_yaw_right,101,15,SURVIVE,,,0.5144696609179179,-0.21192413804431756,-0.5204949128379425,-0.061924132083853084,-0.02049491283794244,2.186058283758514,1.1203144524518303,6.6203948411160995,0.3534755381314937,1.3463637408088234e-06,,,,,,,,,,,,,,,,,,,,,,,,,,
A048,combined_yaw_right,101,16,SURVIVE,,,0.5143110072612762,-0.20570653145511944,-0.5090963184150556,-0.055706525494654976,-0.009096318415055673,2.3166210472354485,1.0332047741895802,5.603780439643474,0.35059594321431536,1.3769629167362968e-06,,,,,,,,,,,,,,,,,,,,,,,,,,
A048,combined_yaw_right,101,17,SURVIVE,,,0.5088709363341332,-0.20449441224336623,-0.5050538296376665,-0.05449440628290177,-0.005053829637666543,2.4751041923975547,1.1609303020774235,6.117857550230537,0.3602034032312944,1.2647659383355615e-06,,,,,,,,,,,,,,,,,,,,,,,,,,
A048,combined_yaw_right,101,18,SURVIVE,,,0.4982485941052437,-0.24165537888805072,-0.5501508894562721,-0.09165537292758624,-0.05015088945627213,3.1919583327214607,1.3792846664577236,7.161659555111739,0.3154585515406255,1.6829546760110294e-06,,,,,,,,,,,,,,,,,,,,,,,,,,
A048,combined_yaw_right,101,19,SURVIVE,,,0.500829835832119,-0.20392221763730048,-0.4974853383625547,-0.053922211676836015,0.002514661637445291,2.4821386275231943,0.8355197517901285,4.463789917334264,0.3561523978335122,1.4381612685912433e-06,,,,,,,,,,,,,,,,,,,,,,,,,,
A048,combined_yaw_right,101,20,SURVIVE,,,0.507024535437425,-0.2117316343386968,-0.5325283985026181,-0.06173162837823232,-0.03252839850261807,2.4055068102803405,1.0942539017141597,5.445285183838397,0.34583813604345937,1.5401585216828207e-06,,,,,,,,,,,,,,,,,,,,,,,,,,
A048,combined_yaw_right,101,21,SURVIVE,,,0.5061902437607447,-0.2187221471965313,-0.5226606686661641,-0.06872214123606682,-0.02266066866616408,2.7766806170077665,1.150039906268023,6.190774223371385,0.3494194561397116,1.3769629167362968e-06,,,,,,,,,,,,,,,,,,,,,,,,,,
A048,combined_yaw_right,101,22,SURVIVE,,,0.504943525592486,-0.2401082493364811,-0.5373077430389821,-0.09010824337601661,-0.037307743038982155,3.3162656877862653,1.4128728921082336,8.099145598165045,0.314535290257816,1.4891598951370321e-06,,,,,,,,,,,,,,,,,,,,,,,,,,
A048,combined_yaw_right,101,23,SURVIVE,,,0.5116927217443784,-0.2189005925754706,-0.5108226320147514,-0.06890058661500613,-0.010822632014751435,2.5775667984612864,1.1935227568149553,5.8846315645013725,0.3491001590571089,1.4585607192095587e-06,,,,,,,,,,,,,,,,,,,,,,,,,,
A048,combined_yaw_right,101,24,SURVIVE,,,0.5079852171738942,-0.23340839599569638,-0.5662849778495729,-0.08340839003523191,-0.0662849778495729,3.594872514154029,1.8342442869294546,12.186411022215564,0.30095025337900494,1.3463637408088236e-06,,,,,,,,,,,,,,,,,,,,,,,,,,
A048,combined_yaw_right,101,25,SURVIVE,,,0.5088058347503345,-0.23980636559426785,-0.551916362028569,-0.08980635963380337,-0.05191636202856898,3.522544993918076,1.4927926001479654,8.835133991487416,0.3145490649815337,1.2545662130264037e-06,,,,,,,,,,,,,,,,,,,,,,,,,,
A048,combined_yaw_right,101,26,SURVIVE,,,0.5037041053175926,-0.2359591679275036,-0.5422942777226368,-0.08595916196703911,-0.04229427772263686,3.0177127816561757,1.199001570391847,5.748150284242309,0.32395034740846634,1.2545662130264037e-06,,,,,,,,,,,,,,,,,,,,,,,,,,
A048,combined_yaw_right,101,27,SURVIVE,,,0.5107728282610575,-0.23274559224645297,-0.5389419237275919,-0.08274558628598849,-0.03894192372759183,3.0204275298761516,1.3268084541105356,6.436904794888043,0.32264949837151696,1.366763191427139e-06,,,,,,,,,,,,,,,,,,,,,,,,,,
A048,combined_yaw_right,101,28,SURVIVE,,,0.5086505720019341,-0.224803583920002,-0.5293298406712711,-0.0748035779595375,-0.029329840671271087,2.8652710123259943,1.3732662931067754,5.745183014632478,0.338786221519511,1.6421557747743984e-06,,,,,,,,,,,,,,,,,,,,,,,,,,
A048,combined_yaw_right,101,29,SURVIVE,,,0.501868273516496,-0.23165503546595573,-0.5193700138603647,-0.08165502950549125,-0.019370013860364754,3.436949296164202,1.472367331036768,7.953914615097509,0.30664388551484667,2.0093458859040775e-06,,,,,,,,,,,,,,,,,,,,,,,,,,
A048,combined_yaw_right,101,30,SURVIVE,,,0.5129129238923391,-0.20266756728291513,-0.5199666999777158,-0.05266756132245064,-0.01996669997771581,2.171413105196074,0.9132096382281196,4.593802084575721,0.3640044415252094,1.285165388953877e-06,,,,,,,,,,,,,,,,,,,,,,,,,,
A048,combined_yaw_right,101,31,SURVIVE,,,0.5094109266996384,-0.20485773543516794,-0.5164819540828467,-0.05485772947470347,-0.016481954082846643,2.804292312979766,1.1060313357274412,5.949594460769602,0.34408833990706905,1.4075620926637702e-06,,,,,,,,,,,,,,,,,,,,,,,,,,
A048,combined_yaw_right,202,0,SURVIVE,,,0.5051315051317214,-0.25375990172227225,-0.5414906221131484,-0.10375989576180776,-0.04149062211314837,3.8893921289454108,1.6008935971395744,7.258446690934821,0.3016720640898388,1.3157645648813502e-06,,,,,,,,,,,,,,,,,,,,,,,,,,
A048,combined_yaw_right,202,1,SURVIVE,,,0.5064297845959663,-0.21880552579959234,-0.5218688568969567,-0.06880551983912786,-0.02186885689695676,2.8176214478445196,1.2987763922088407,5.528397119850955,0.33374116409908644,1.3157645648813504e-06,,,,,,,,,,,,,,,,,,,,,,,,,,
A048,combined_yaw_right,202,2,SURVIVE,,,0.5174890534083049,-0.19970139754315216,-0.5124767894297838,-0.049701391582687694,-0.012476789429783822,2.0766776260567537,0.89684900919596,5.582125218408151,0.355927872570122,1.4279615432820856e-06,,,,,,,,,,,,,,,,,,,,,,,,,,
A048,combined_yaw_right,202,3,SURVIVE,,,0.5046713141600291,-0.19282923912008604,-0.49538305995364984,-0.04282923315962155,0.0046169400463501615,2.984138031202362,1.2030291562273034,7.53720748915381,0.3561909915913235,1.3157645648813504e-06,,,,,,,,,,,,,,,,,,,,,,,,,,
A048,combined_yaw_right,202,4,SURVIVE,,,0.49648341645797095,-0.1912098369995753,-0.5040880709855506,-0.04120983103911082,-0.004088070985550682,2.292774871629481,0.93405865086411,4.577356260595008,0.35647701725230924,1.3157645648813502e-06,,,,,,,,,,,,,,,,,,,,,,,,,,
A048,combined_yaw_right,202,5,SURVIVE,,,0.5110752874612808,-0.233331469198068,-0.5192243781437477,-0.0833314632376035,-0.019224378143747646,2.8306630746185175,1.2974561353257634,5.221571511233051,0.33647212094270396,1.3871626420454546e-06,,,,,,,,,,,,,,,,,,,,,,,,,,
A048,combined_yaw_right,202,6,SURVIVE,,,0.50861486663421,-0.23877633427580197,-0.5284813482811054,-0.0887763283153375,-0.028481348281105358,3.287627933605903,1.54561657071975,7.339785795817651,0.32303853516485176,1.3871626420454546e-06,,,,,,,,,,,,,,,,,,,,,,,,,,
A048,combined_yaw_right,202,7,SURVIVE,,,0.5177369800209999,-0.20922900294264157,-0.5202708947410186,-0.059228996982177096,-0.020270894741018612,2.08075500676691,0.9677153717820162,4.905803671899174,0.35317920461589214,1.285165388953877e-06,,,,,,,,,,,,,,,,,,,,,,,,,,
A048,combined_yaw_right,202,8,SURVIVE,,,0.4997826588153839,-0.2324806216855844,-0.5561551667035868,-0.0824806157251199,-0.05615516670358678,3.3836545980851525,1.6090719109131628,8.83726828391309,0.3073423353602542,1.3055648395721926e-06,,,,,,,,,,,,,,,,,,,,,,,,,,
A048,combined_yaw_right,202,9,SURVIVE,,,0.5092443816860517,-0.20117452989021936,-0.5054249901386598,-0.05117452392975489,-0.005424990138659875,2.6267092332948865,1.0296117970504892,5.227009871704562,0.35829759266181,1.49935962044619e-06,,,,,,,,,,,,,,,,,,,,,,,,,,
A048,combined_yaw_right,202,10,SURVIVE,,,0.5077936785419782,-0.19894633834560713,-0.5254589902609587,-0.04894633238514264,-0.025458990260958672,2.543346777835032,0.9295425935279281,5.200364231441364,0.3546612024880985,1.8767494568850266e-06,,,,,,,,,,,,,,,,,,,,,,,,,,
A048,combined_yaw_right,202,11,SURVIVE,,,0.5038202313582102,-0.21354604120055834,-0.524613559047381,-0.06354603524009386,-0.024613559047381082,3.1505651204352145,1.6196748954209124,8.023749798526065,0.3368098368661714,1.3463637408088236e-06,,,,,,,,,,,,,,,,,,,,,,,,,,
A048,combined_yaw_right,202,12,SURVIVE,,,0.5127978551387787,-0.24940221895774206,-0.5496397791057825,-0.09940221299727758,-0.04963977910578251,3.6892961695753246,1.485977524672568,7.521648246653301,0.3075941579365263,1.417761817972928e-06,,,,,,,,,,,,,,,,,,,,,,,,,,
A048,combined_yaw_right,202,13,SURVIVE,,,0.499474233686924,-0.1989528812219699,-0.5164114359207451,-0.04895287526150544,-0.016411435920745135,2.480754067575879,1.1020672568697836,5.1247615519574765,0.347599939067521,1.366763191427139e-06,,,,,,,,,,,,,,,,,,,,,,,,,,
A048,combined_yaw_right,202,14,SURVIVE,,,0.4978803046544393,-0.23805140065650146,-0.5325975840290388,-0.08805139469603697,-0.03259758402903875,3.387593471661798,1.5797869598761083,9.35107594329051,0.32245860864400017,1.2647659383355615e-06,,,,,,,,,,,,,,,,,,,,,,,,,,
A048,combined_yaw_right,202,15,SURVIVE,,,0.5100049432118734,-0.23569074469308057,-0.5458333419139186,-0.08569073873261611,-0.045833341913918656,3.693022906887223,1.8102941634812322,10.781547260954454,0.3039852331087339,1.3463637408088234e-06,,,,,,,,,,,,,,,,,,,,,,,,,,
A048,combined_yaw_right,202,16,SURVIVE,,,0.5112983390688897,-0.20166081815958023,-0.5158383978018537,-0.05166081219911575,-0.015838397801853716,2.113619262751126,0.9577871937325817,4.853894668995897,0.35798216985774334,1.3769629167362968e-06,,,,,,,,,,,,,,,,,,,,,,,,,,
A048,combined_yaw_right,202,17,SURVIVE,,,0.5047841130693753,-0.225268884152174,-0.531468212902546,-0.07526887819170952,-0.03146821290254593,2.8383866409568737,1.283759225417458,5.586476989352961,0.3317119063200585,1.40756209266377e-06,,,,,,,,,,,,,,,,,,,,,,,,,,
A048,combined_yaw_right,202,18,SURVIVE,,,0.5169231014450392,-0.2144761249423027,-0.5189014185965061,-0.06447611898183822,-0.01890141859650612,2.4139820107677177,1.0347766331415607,4.919322814760308,0.3466074222618458,1.3871626420454546e-06,,,,,,,,,,,,,,,,,,,,,,,,,,
A048,combined_yaw_right,202,19,SURVIVE,,,0.5196847847104072,-0.19996651565035184,-0.5304605963329474,-0.04996650968988736,-0.030460596332947412,2.3277326109331473,0.9799214818066635,4.88988405676433,0.35764740071672807,1.4075620926637702e-06,,,,,,,,,,,,,,,,,,,,,,,,,,
A048,combined_yaw_right,202,20,SURVIVE,,,0.5072970614830653,-0.23000474157432715,-0.5459349245329698,-0.08000473561386268,-0.045934924532969795,3.4097077271329863,1.3514882685449572,7.301002774298739,0.3102411824895099,1.285165388953877e-06,,,,,,,,,,,,,,,,,,,,,,,,,,
A048,combined_yaw_right,202,21,SURVIVE,,,0.5192642517884573,-0.2172230948507786,-0.5120493988133967,-0.0672230888903141,-0.012049398813396693,2.1390263029232823,0.8798739411954127,4.2596093782074105,0.3515569550447073,1.3871626420454546e-06,,,,,,,,,,,,,,,,,,,,,,,,,,
A048,combined_yaw_right,202,22,SURVIVE,,,0.5059272208809853,-0.23338579898079237,-0.5466914006322622,-0.08338579302032789,-0.04669140063226223,3.2240988902721064,1.5072315012859938,6.281600523576404,0.33582096113453147,1.6115565988469252e-06,,,,,,,,,,,,,,,,,,,,,,,,,,
A048,combined_yaw_right,202,23,SURVIVE,,,0.503037340939045,-0.2326016667485237,-0.5578286211565137,-0.08260166078805924,-0.05782862115651369,3.5541123587402192,1.4171643752777707,7.374828371737191,0.31036139302500215,1.3769629167362968e-06,,,,,,,,,,,,,,,,,,,,,,,,,,
A048,combined_yaw_right,202,24,SURVIVE,,,0.5113889451821645,-0.21001322949926057,-0.5400791575511297,-0.06001322353879611,-0.04007915755112966,2.130732666688217,1.038804137689887,5.9360377639700355,0.35746791884329654,1.366763191427139e-06,,,,,,,,,,,,,,,,,,,,,,,,,,
A048,combined_yaw_right,202,25,SURVIVE,,,0.5095935704310736,-0.2496364803612232,-0.5503880430012942,-0.09963647440075875,-0.05038804300129414,3.5158738898593653,1.4214178826024613,7.394225104677237,0.31077475253060965,1.2953651142630349e-06,,,,,,,,,,,,,,,,,,,,,,,,,,
A048,combined_yaw_right,202,26,SURVIVE,,,0.5006532805164655,-0.20176158304015795,-0.5039571142879625,-0.05176157707969348,-0.003957114287962516,2.477201101141485,0.9725876974261871,4.661654197856858,0.3623271793318305,1.3973623673546124e-06,,,,,,,,,,,,,,,,,,,,,,,,,,
A048,combined_yaw_right,202,27,SURVIVE,,,0.5113209766149521,-0.22713591101268926,-0.5504697575047612,-0.0771359050522248,-0.050469757504761216,3.7083059500134405,1.718795037982431,12.166884761643749,0.3034157754510057,1.5605579723011362e-06,,,,,,,,,,,,,,,,,,,,,,,,,,
A048,combined_yaw_right,202,28,SURVIVE,,,0.5100647736589113,-0.20838381672898929,-0.5260055605011682,-0.05838381076852481,-0.02600556050116817,2.39588377205785,1.0344174891182476,4.806726981596953,0.351227798324324,1.3361640154996658e-06,,,,,,,,,,,,,,,,,,,,,,,,,,
A048,combined_yaw_right,202,29,SURVIVE,,,0.5093590739369392,-0.20365140378475188,-0.517421753189216,-0.05365139782428741,-0.017421753189216058,2.4951315330260107,0.9671742864746938,5.082378245631352,0.35293517902626287,1.4585607192095587e-06,,,,,,,,,,,,,,,,,,,,,,,,,,
A048,combined_yaw_right,202,30,SURVIVE,,,0.500265861650308,-0.24000442773103714,-0.5319949305802584,-0.09000442177057266,-0.03199493058025837,3.606578331610299,2.070931295474726,12.56929939966186,0.3149987683029523,1.448360993900401e-06,,,,,,,,,,,,,,,,,,,,,,,,,,
A048,combined_yaw_right,202,31,SURVIVE,,,0.5132221819957098,-0.24233822534481683,-0.5371831421057384,-0.09233821938435237,-0.03718314210573832,3.4340128316496474,1.439514459332954,8.70312538377677,0.30451801970149533,1.3871626420454546e-06,,,,,,,,,,,,,,,,,,,,,,,,,,
A048,combined_yaw_right,303,0,SURVIVE,,,0.4916927895943324,-0.1830586640785138,-0.5155401917298635,-0.033058658118049304,-0.015540191729863484,2.790109388844108,1.2238909982951678,6.032864538410834,0.35883234158662974,1.662555225392714e-06,,,,,,,,,,,,,,,,,,,,,,,,,,
A048,combined_yaw_right,303,1,SURVIVE,,,0.5036243289709091,-0.23411875327428183,-0.5243597775759796,-0.08411874731381734,-0.02435977757597963,3.1047829700520024,1.5467740299948236,7.07603963514777,0.3338375580061141,1.366763191427139e-06,,,,,,,,,,,,,,,,,,,,,,,,,,
A048,combined_yaw_right,303,2,SURVIVE,,,0.49566725740830103,-0.1942235575368007,-0.5312811440167328,-0.04422355157633622,-0.03128114401673277,2.6651703773736175,1.01313742101418,6.285313691221348,0.3490512358499508,1.529958796373663e-06,,,,,,,,,,,,,,,,,,,,,,,,,,
A048,combined_yaw_right,303,3,SURVIVE,,,0.5082465395331383,-0.1956289926668008,-0.521982030303528,-0.04562898670633634,-0.02198203030352791,2.0269676259391556,0.8847676945373698,5.003079996504529,0.3574573369783726,1.4789601698278743e-06,,,,,,,,,,,,,,,,,,,,,,,,,,
A048,combined_yaw_right,303,4,SURVIVE,,,0.5063308102885882,-0.21467462656398614,-0.4973018125335996,-0.06467462060352167,0.002698187466400365,2.3817966665568986,1.0295873639513553,6.206525115026107,0.3578253423785143,1.3055648395721926e-06,,,,,,,,,,,,,,,,,,,,,,,,,,
A048,combined_yaw_right,303,5,SURVIVE,,,0.5010584138830503,-0.199211186816295,-0.5006929049020012,-0.04921118085583051,-0.000692904902001222,2.7481245188195813,0.9242708108531088,5.464253952426976,0.35737300809107575,1.325964290190508e-06,,,,,,,,,,,,,,,,,,,,,,,,,,
A048,combined_yaw_right,303,6,SURVIVE,,,0.5149128037691116,-0.2028984291354815,-0.5174853285153707,-0.052898423175017036,-0.01748532851537069,2.074567005331486,0.8293739717792069,4.1996457988815825,0.354935409739587,1.4177618179729278e-06,,,,,,,,,,,,,,,,,,,,,,,,,,
A048,combined_yaw_right,303,7,SURVIVE,,,0.5093965025742849,-0.2082638318836689,-0.5052982301699619,-0.05826382592320442,-0.00529823016996185,2.1206234261789194,0.9245339165672137,4.794035327008174,0.3492541633166519,1.5401585216828209e-06,,,,,,,,,,,,,,,,,,,,,,,,,,
A048,combined_yaw_right,303,8,SURVIVE,,,0.5003282441695531,-0.19049210054179033,-0.5088302908465266,-0.04049209458132585,-0.008830290846526622,3.0876467686427045,1.2203043667630291,6.1082367067869425,0.3496120155654489,1.417761817972928e-06,,,,,,,,,,,,,,,,,,,,,,,,,,
A048,combined_yaw_right,303,9,SURVIVE,,,0.5241936578353246,-0.21204628427823385,-0.5282842375089725,-0.06204627831776937,-0.028284237508972486,2.553683447139782,0.9180258231512932,5.009185202695711,0.35523854112880116,1.2647659383355615e-06,,,,,,,,,,,,,,,,,,,,,,,,,,
A048,combined_yaw_right,303,10,SURVIVE,,,0.5123961716890335,-0.20236919020613034,-0.5132593795160453,-0.05236918424566587,-0.013259379516045252,2.5734427467531202,1.0150944181323265,5.2298955361165715,0.34924607892246806,1.1933678611714571e-06,,,,,,,,,,,,,,,,,,,,,,,,,,
A048,combined_yaw_right,303,11,SURVIVE,,,0.49693774272998176,-0.20884588847557703,-0.5328491076827049,-0.05884588251511256,-0.03284910768270492,3.0795971320969757,1.3159666432136028,5.954271134480778,0.3400953968955659,1.4381612685912433e-06,,,,,,,,,,,,,,,,,,,,,,,,,,
A048,combined_yaw_right,303,12,SURVIVE,,,0.5133301419019699,-0.2338759193321069,-0.526309490626057,-0.08387591337164244,-0.02630949062605699,2.3251192115922192,1.2108509321699852,5.4871587521422125,0.3488761929660345,1.611556598846925e-06,,,,,,,,,,,,,,,,,,,,,,,,,,
A048,combined_yaw_right,303,13,SURVIVE,,,0.5138448783755303,-0.20997716004649797,-0.5116215758584439,-0.059977154086033505,-0.011621575858443976,2.2573449575192446,0.9488593396408265,4.8917667025322125,0.3488130916902088,1.2749656636447193e-06,,,,,,,,,,,,,,,,,,,,,,,,,,
A048,combined_yaw_right,303,14,SURVIVE,,,0.5135563558340073,-0.24424105236927668,-0.5594973495043815,-0.0942410464088122,-0.05949734950438142,3.640268663726826,1.50403981110468,7.637021963994876,0.30856755301595373,1.4789601698278743e-06,,,,,,,,,,,,,,,,,,,,,,,,,,
A048,combined_yaw_right,303,15,SURVIVE,,,0.5167649536331494,-0.19705737322568895,-0.5171614894457162,-0.047057367265224456,-0.017161489445716143,2.1580587969341387,0.9211711136007356,4.852966293014289,0.36348930113455824,1.4075620926637702e-06,,,,,,,,,,,,,,,,,,,,,,,,,,
A048,combined_yaw_right,303,16,SURVIVE,,,0.5034597068031629,-0.2223751092950503,-0.5260428124604126,-0.07237510333458583,-0.02604281246041258,3.0013047208835824,1.336126679146952,6.267320347122351,0.33438187096951905,1.4279615432820856e-06,,,,,,,,,,,,,,,,,,,,,,,,,,
A048,combined_yaw_right,303,17,SURVIVE,,,0.5220549995700519,-0.2206201680501302,-0.5272320796921849,-0.07062016208966573,-0.027232079692184927,2.8286592666091956,1.2437962106998999,6.114620216799915,0.3308101172992252,1.5095593457553475e-06,,,,,,,,,,,,,,,,,,,,,,,,,,
A048,combined_yaw_right,303,18,SURVIVE,,,0.5153279031316439,-0.23529861902197202,-0.5361867648983996,-0.08529861306150754,-0.03618676489839951,3.0070274103195604,1.3013452810678003,5.350461123585369,0.33414175531602797,1.4585607192095587e-06,,,,,,,,,,,,,,,,,,,,,,,,,,
A048,combined_yaw_right,303,19,SURVIVE,,,0.5070574620366096,-0.23300641760230065,-0.53266554693381,-0.08300641164183617,-0.032665546933809915,3.6071736684098696,1.7513958836657173,10.31331936404252,0.30752948557629306,1.448360993900401e-06,,,,,,,,,,,,,,,,,,,,,,,,,,
A048,combined_yaw_right,303,20,SURVIVE,,,0.5061226466298103,-0.2436789083480835,-0.5552355148394903,-0.09367890238761901,-0.055235514839490255,4.078855068380923,2.028651635067012,9.981011429993314,0.29712948390772426,1.652355500083556e-06,,,,,,,,,,,,,,,,,,,,,,,,,,
A048,combined_yaw_right,303,21,SURVIVE,,,0.509292041460673,-0.203592042401433,-0.516262784426411,-0.053592036440968514,-0.016262784426410992,2.5953696236696953,1.077612916817722,5.3641045240571925,0.35068535694995245,1.3463637408088234e-06,,,,,,,,,,,,,,,,,,,,,,,,,,
A048,combined_yaw_right,303,22,SURVIVE,,,0.5089678011337916,-0.21255968076487383,-0.5277769182870785,-0.06255967480440934,-0.02777691828707854,2.5979287275855314,1.0863680804784894,5.3646159351505425,0.3614735156584551,1.4687604445187165e-06,,,,,,,,,,,,,,,,,,,,,,,,,,
A048,combined_yaw_right,303,23,SURVIVE,,,0.5081649229923884,-0.21473996534943582,-0.5132845281002422,-0.06473995938897133,-0.013284528100242218,2.6898565953522393,1.2590886391454161,5.6650001582540055,0.34272015310173154,1.4279615432820856e-06,,,,,,,,,,,,,,,,,,,,,,,,,,
A048,combined_yaw_right,303,24,SURVIVE,,,0.5137239714463552,-0.20778614948193233,-0.5219029868890842,-0.057786143521467846,-0.02190298688908418,2.213013858217125,0.9099215659983522,4.566516824855755,0.35479674164305397,1.5095593457553475e-06,,,,,,,,,,,,,,,,,,,,,,,,,,
A048,combined_yaw_right,303,25,SURVIVE,,,0.4994628079732259,-0.21570723061760266,-0.5270931925438345,-0.06570722465713819,-0.02709319254383445,3.020767337759132,1.2714604788369013,6.6009346067956445,0.3485225882950951,1.4075620926637702e-06,,,,,,,,,,,,,,,,,,,,,,,,,,
A048,combined_yaw_right,303,26,SURVIVE,,,0.5084987214207649,-0.21367165540655453,-0.503068037306269,-0.06367164944609006,-0.0030680373062690097,2.4207678219726585,1.1178830787189584,5.074700947099659,0.34244379196628105,1.40756209266377e-06,,,,,,,,,,,,,,,,,,,,,,,,,,
A048,combined_yaw_right,303,27,SURVIVE,,,0.5014360555013021,-0.21677113632361095,-0.5229097183731695,-0.06677113036314647,-0.0229097183731695,2.9642215720178666,1.3605440673564357,5.753501152553409,0.3341989652230778,1.5197590710645055e-06,,,,,,,,,,,,,,,,,,,,,,,,,,
A048,combined_yaw_right,303,28,SURVIVE,,,0.5089339891076088,-0.20385512933135033,-0.5145823462307453,-0.05385512337088585,-0.014582346230745315,2.227703798054788,1.0834549528888424,5.8368051117479265,0.3651804227492176,1.3769629167362968e-06,,,,,,,,,,,,,,,,,,,,,,,,,,
A048,combined_yaw_right,303,29,SURVIVE,,,0.5057779535651207,-0.19575457667311033,-0.5103895138592148,-0.045754570712645846,-0.010389513859214883,2.4765228709136577,0.9105385461890372,4.856194663747743,0.35751826901911843,1.6013568735377674e-06,,,,,,,,,,,,,,,,,,,,,,,,,,
A048,combined_yaw_right,303,30,SURVIVE,,,0.507840757270654,-0.2224570050338904,-0.535300476923585,-0.07245699907342593,-0.035300476923584935,2.921062608860458,1.380008268764027,6.2408617766217995,0.33032611765432274,1.662555225392714e-06,,,,,,,,,,,,,,,,,,,,,,,,,,
A048,combined_yaw_right,303,31,SURVIVE,,,0.5067197253306707,-0.2357556658486525,-0.5331245336184899,-0.08575565988818805,-0.0331245336184899,3.2805644651624495,1.3512434625683525,6.360510921074515,0.3154419268882848,1.4279615432820856e-06,,,,,,,,,,,,,,,,,,,,,,,,,,
A048,combined_yaw_left,101,0,SURVIVE,,,0.47697716424862546,0.14004417513186732,0.41720757524172464,-0.009955830828597148,-0.08279242475827535,2.3463619558080153,1.2128443526800048,4.8432278513271445,0.2795906752300135,1.3667631914271392e-06,,,,,,,,,,,,,,,,,,,,,,,,,,
A048,combined_yaw_left,101,1,SURVIVE,,,0.4758327001333237,0.1502557624366212,0.4328659490247567,0.000255756476156724,-0.06713405097524325,2.208329940152377,0.9696292287126228,4.577784170628104,0.2982008871760173,1.3565634661179812e-06,,,,,,,,,,,,,,,,,,,,,,,,,,
A048,combined_yaw_left,101,2,SURVIVE,,,0.47370948096116383,0.13701731143519283,0.4258534984663129,-0.012982694525271654,-0.07414650153368711,2.26894634757627,1.1047264374481551,5.481298490184604,0.2793457217729665,1.5095593457553477e-06,,,,,,,,,,,,,,,,,,,,,,,,,,
A048,combined_yaw_left,101,3,SURVIVE,,,0.4775414185722669,0.14034701060814161,0.41188133794814347,-0.009652995352322856,-0.08811866205185652,1.731104258783934,0.8832367970742367,4.217283074509151,0.30396445240300823,1.6523555000835562e-06,,,,,,,,,,,,,,,,,,,,,,,,,,
A048,combined_yaw_left,101,4,SURVIVE,,,0.4701337386171023,0.13609397724270822,0.4194324132303397,-0.013906028717756272,-0.08056758676966032,2.5972011628974276,1.3082729306662633,5.047719282895306,0.2722415774779099,1.3565634661179812e-06,,,,,,,,,,,,,,,,,,,,,,,,,,
A048,combined_yaw_left,101,5,SURVIVE,,,0.47850603183110557,0.14315584154178698,0.4182529466847579,-0.006844164418677489,-0.08174705331524214,2.040283239361344,0.9306875535760871,4.155343512541698,0.30256174908655425,1.744153027865976e-06,,,,,,,,,,,,,,,,,,,,,,,,,,
A048,combined_yaw_left,101,6,SURVIVE,,,0.46977477808793383,0.13021421196560065,0.4000043412297964,-0.01978579399486383,-0.0999956587702036,2.052938878044772,0.8797021514758256,4.723975634147215,0.30113232228526454,1.4279615432820856e-06,,,,,,,,,,,,,,,,,,,,,,,,,,
A048,combined_yaw_left,101,7,SURVIVE,,,0.46931015511353813,0.14988414820904533,0.41029740057885644,-0.00011585775141914686,-0.08970259942114353,2.143843717610992,1.0281836138393015,5.7912254103204726,0.292139887815597,1.2545662130264037e-06,,,,,,,,,,,,,,,,,,,,,,,,,,
A048,combined_yaw_left,101,8,SURVIVE,,,0.47758992433547975,0.1500256214523688,0.4066795821984609,2.5615491904318332e-05,-0.0933204178015391,1.9171732448707526,0.8955758030477396,4.359051974272769,0.2876967327580945,1.5503582469919785e-06,,,,,,,,,,,,,,,,,,,,,,,,,,
A048,combined_yaw_left,101,9,SURVIVE,,,0.4862634282310804,0.1338631028061112,0.4178868079185486,-0.016136903154353302,-0.08211319208145142,2.0112926648446234,0.9387098528531026,4.589023910724067,0.30036789278826825,1.458560719209559e-06,,,,,,,,,,,,,,,,,,,,,,,,,,
A048,combined_yaw_left,101,10,SURVIVE,,,0.47400066514809924,0.12978423914561668,0.43452503621578215,-0.020215766814847786,-0.06547496378421784,2.4801194044248573,1.332660172660405,5.8602987079257565,0.2654111494904852,1.4381612685912431e-06,,,,,,,,,,,,,,,,,,,,,,,,,,
A048,combined_yaw_left,101,11,SURVIVE,,,0.4748942484458288,0.1399825277272612,0.42235763534903525,-0.010017478233203292,-0.07764236465096473,2.3650212982003005,1.1018609131624022,5.006524871968875,0.28542078597713494,1.3769629167362968e-06,,,,,,,,,,,,,,,,,,,,,,,,,,
A048,combined_yaw_left,101,12,SURVIVE,,,0.4714607900381088,0.14592837194601696,0.4221114551027616,-0.00407163401444753,-0.07788854489723841,2.123958918296135,0.987167726824945,4.247868684960078,0.2817442825627837,1.4381612685912433e-06,,,,,,,,,,,,,,,,,,,,,,,,,,
A048,combined_yaw_left,101,13,SURVIVE,,,0.4764434325695038,0.14177091037233672,0.41686571488777796,-0.008229095588127773,-0.08313428511222204,2.098168787379789,0.9831132762809087,4.741690666413098,0.29140832083110507,1.3769629167362968e-06,,,,,,,,,,,,,,,,,,,,,,,,,,
A048,combined_yaw_left,101,14,SURVIVE,,,0.4750012232859929,0.14780144955962896,0.41992339777449766,-0.002198556400835514,-0.08007660222550234,2.0529939026499977,0.9875416957477213,5.355000577087432,0.2911740485566823,1.4687604445187165e-06,,,,,,,,,,,,,,,,,,,,,,,,,,
A048,combined_yaw_left,101,15,SURVIVE,,,0.4815402986605962,0.14309875222543875,0.4237835401296616,-0.006901253735025724,-0.07621645987033844,1.7484625836589416,0.6748070980071936,3.537620114295502,0.29539066717958284,1.2443664877172459e-06,,,,,,,,,,,,,,,,,,,,,,,,,,
A048,combined_yaw_left,101,16,SURVIVE,,,0.4752840331196785,0.1448642715625465,0.41527854815125465,-0.005135734397917986,-0.08472145184874534,1.9846996355603628,0.9614017539352447,4.551263907205239,0.2983004612022755,1.570757697610294e-06,,,,,,,,,,,,,,,,,,,,,,,,,,
A048,combined_yaw_left,101,17,SURVIVE,,,0.48576371709505717,0.13313788135846455,0.42129668111602464,-0.016862124601999918,-0.07870331888397535,2.2896135057324933,1.234555841088025,5.86220490406172,0.3044486002122017,1.2545662130264037e-06,,,,,,,,,,,,,,,,,,,,,,,,,,
A048,combined_yaw_left,101,18,SURVIVE,,,0.46754279027382534,0.13775688890367746,0.41937260515987873,-0.012243117056787014,-0.08062739484012127,2.370498409139294,1.1824742664802579,5.198442298313006,0.2703179290468361,1.6115565988469252e-06,,,,,,,,,,,,,,,,,,,,,,,,,,
A048,combined_yaw_left,101,19,SURVIVE,,,0.4677397537231445,0.1405341720767319,0.42047002757589025,-0.009465833883732558,-0.07952997242410978,1.8464604263711992,0.7767680118758893,4.388428342561037,0.29825377195064184,1.5197590710645055e-06,,,,,,,,,,,,,,,,,,,,,,,,,,
A048,combined_yaw_left,101,20,SURVIVE,,,0.47129811724027,0.1476939665650328,0.40655068109432857,-0.0023060393954316776,-0.09344931890567144,1.932081274949649,0.9151604207706823,4.565229813075965,0.2977259269207982,1.4279615432820856e-06,,,,,,,,,,,,,,,,,,,,,,,,,,
A048,combined_yaw_left,101,21,SURVIVE,,,0.4645915845036507,0.13878461124996344,0.4154139648874601,-0.011215394710501035,-0.08458603511253993,2.1780117279852487,1.0121967278797235,4.787983781940092,0.2876756246422489,1.325964290190508e-06,,,,,,,,,,,,,,,,,,,,,,,,,,
A048,combined_yaw_left,101,22,SURVIVE,,,0.465534357825915,0.13825430208196243,0.43838594478865467,-0.01174570387850205,-0.06161405521134535,2.3827792379164885,1.0918433564249193,5.378806468888494,0.2693644742994385,1.8869491821941846e-06,,,,,,,,,,,,,,,,,,,,,,,,,,
A048,combined_yaw_left,101,23,SURVIVE,,,0.48159801214933395,0.13979066313554844,0.4270143925646941,-0.010209342824916045,-0.07298560743530591,1.9822223505247754,1.21599044496118,6.120228375087735,0.28886376358714755,1.5605579723011362e-06,,,,,,,,,,,,,,,,,,,,,,,,,,
A048,combined_yaw_left,101,24,SURVIVE,,,0.4708879288037618,0.1368306983821094,0.42353978489215177,-0.013169307578355074,-0.07646021510784824,2.2209587470779826,1.3318509785409163,5.713951114491704,0.26391036069727836,1.3259642901905082e-06,,,,,,,,,,,,,,,,,,,,,,,,,,
A048,combined_yaw_left,101,25,SURVIVE,,,0.4765234779318174,0.13372621728417775,0.41518218455215294,-0.016273788676286736,-0.08481781544784704,2.055447179163623,1.0540052563685414,4.405800294227068,0.26735959723883984,1.5401585216828209e-06,,,,,,,,,,,,,,,,,,,,,,,,,,
A048,combined_yaw_left,101,26,SURVIVE,,,0.46957166522741317,0.138976961292016,0.41672578409314154,-0.011023044668448468,-0.08327421590685845,2.1798338316294923,1.1710233224877438,4.652274137695965,0.27618461648995013,1.4279615432820856e-06,,,,,,,,,,,,,,,,,,,,,,,,,,
A048,combined_yaw_left,101,27,SURVIVE,,,0.46473383009433744,0.13700616077209513,0.413425004730622,-0.012993845188369353,-0.08657499526937802,2.6693489624954263,1.4191840475349409,5.677130615706419,0.2693959224202841,1.4381612685912433e-06,,,,,,,,,,,,,,,,,,,,,,,,,,
A048,combined_yaw_left,101,28,SURVIVE,,,0.4727325564622879,0.14727297483632962,0.4218127398937941,-0.0027270311241348586,-0.07818726010620594,2.1826616055847774,1.1409576527469814,5.265591411973392,0.27968538948080757,1.529958796373663e-06,,,,,,,,,,,,,,,,,,,,,,,,,,
A048,combined_yaw_left,101,29,SURVIVE,,,0.47539257248242694,0.13109703520933788,0.44337227622667946,-0.018902970751126607,-0.05662772377332052,2.1241169101808994,1.0735271440005671,4.4507386834825455,0.2687603115052675,2.060344512449866e-06,,,,,,,,,,,,,,,,,,,,,,,,,,
A048,combined_yaw_left,101,30,SURVIVE,,,0.4912421328822772,0.1488928385420392,0.428835533708334,-0.0011071674184252819,-0.07116446629166603,2.213928778367611,1.0990871110272915,5.265293702980725,0.29901387293974135,1.4585607192095587e-06,,,,,,,,,,,,,,,,,,,,,,,,,,
A048,combined_yaw_left,101,31,SURVIVE,,,0.4750188028812408,0.14318907372653483,0.4180667108545701,-0.006810932233929634,-0.08193328914542992,2.178551775099306,1.2973464906576044,6.093423183971768,0.28817743792412753,1.458560719209559e-06,,,,,,,,,,,,,,,,,,,,,,,,,,
A048,combined_yaw_left,202,0,SURVIVE,,,0.46457101007302604,0.12741299726689856,0.4491278937707345,-0.022587008693565926,-0.05087210622926553,2.025270202318956,1.1827737537311234,4.478990253989351,0.2634190919538445,1.4075620926637702e-06,,,,,,,,,,,,,,,,,,,,,,,,,,
A048,combined_yaw_left,202,1,SURVIVE,,,0.48258190671602885,0.13232567130277553,0.41781308157990377,-0.017674334657688934,-0.08218691842009623,2.081862176577126,0.8106598135701004,3.6508213359127075,0.2818503487731684,1.3055648395721926e-06,,,,,,,,,,,,,,,,,,,,,,,,,,
A048,combined_yaw_left,202,2,SURVIVE,,,0.4800772022207578,0.1435661089265098,0.4154449694355329,-0.00643389703395466,-0.08455503056446712,1.6511695086118867,0.7284170015385325,3.4530369819976356,0.2958222350812851,1.3769629167362968e-06,,,,,,,,,,,,,,,,,,,,,,,,,,
A048,combined_yaw_left,202,3,SURVIVE,,,0.4827487920721372,0.14179543245583773,0.4219447042544683,-0.008204573504626752,-0.07805529574553172,2.0541952920197804,0.8429860312195181,4.671979910018277,0.30135157203238705,1.3565634661179812e-06,,,,,,,,,,,,,,,,,,,,,,,,,,
A048,combined_yaw_left,202,4,SURVIVE,,,0.48801593959331513,0.15303551957011222,0.43052663818001746,0.003035513609647751,-0.06947336181998252,1.6904013387904555,0.7263745913793065,3.5682053744571376,0.2970268929381847,1.458560719209559e-06,,,,,,,,,,,,,,,,,,,,,,,,,,
A048,combined_yaw_left,202,5,SURVIVE,,,0.47387488394975663,0.1335737271172305,0.4329225686440865,-0.01642627884323398,-0.06707743135591349,2.051890674332176,0.9750183180342775,4.189514044821584,0.27734179721105967,1.5197590710645053e-06,,,,,,,,,,,,,,,,,,,,,,,,,,
A048,combined_yaw_left,202,6,SURVIVE,,,0.4752560932437579,0.1260553670519342,0.43009136453270913,-0.023944638908530276,-0.06990863546729088,2.148977804716014,1.0895107951613652,4.7019465089929575,0.26736282601368194,1.4891598951370321e-06,,,,,,,,,,,,,,,,,,,,,,,,,,
A048,combined_yaw_left,202,7,SURVIVE,,,0.48744527518749237,0.14511082594050095,0.42054610247413315,-0.0048891800199635325,-0.07945389752586683,1.7370299068014254,0.8560065088516728,4.491043776137203,0.28822986373501874,1.3973623673546124e-06,,,,,,,,,,,,,,,,,,,,,,,,,,
A048,combined_yaw_left,202,8,SURVIVE,,,0.4593267578879992,0.1343895873054862,0.420464562450846,-0.015610418654978276,-0.07953543754915396,2.3813666438938017,1.33314779415856,5.031001507418121,0.2613404869552496,1.3871626420454546e-06,,,,,,,,,,,,,,,,,,,,,,,,,,
A048,combined_yaw_left,202,9,SURVIVE,,,0.4786344337463379,0.1421094177911679,0.4242600175862511,-0.007890588169296582,-0.0757399824137489,1.7464729990453516,0.8606831419501422,3.928348804993231,0.30123511103438394,1.5401585216828209e-06,,,,,,,,,,,,,,,,,,,,,,,,,,
A048,combined_yaw_left,202,10,SURVIVE,,,0.47696473787228266,0.1492448490485549,0.4092098374913136,-0.0007551569119095803,-0.09079016250868638,2.0370923856233025,0.9674813574054798,5.554320423005666,0.2969817732271876,1.4789601698278745e-06,,,,,,,,,,,,,,,,,,,,,,,,,,
A048,combined_yaw_left,202,11,SURVIVE,,,0.4751758120457331,0.13998403676475088,0.4092430667579174,-0.0100159691957136,-0.0907569332420826,2.2431475489220767,1.109519001181593,5.745251244879388,0.2794807642443295,1.417761817972928e-06,,,,,,,,,,,,,,,,,,,,,,,,,,
A048,combined_yaw_left,202,12,SURVIVE,,,0.4683429663379987,0.13701083705139658,0.43509696286171673,-0.012989168909067908,-0.06490303713828326,2.667442190705087,1.2079364120048284,6.166754848604807,0.267897546459753,1.3463637408088236e-06,,,,,,,,,,,,,,,,,,,,,,,,,,
A048,combined_yaw_left,202,13,SURVIVE,,,0.4788188161452611,0.13828626530865828,0.4204106207440297,-0.011713740651806196,-0.07958937925597032,1.9335007178560344,0.8164870462332304,4.226560730281526,0.2915142650548999,1.3769629167362968e-06,,,,,,,,,,,,,,,,,,,,,,,,,,
A048,combined_yaw_left,202,14,SURVIVE,,,0.46409127602974576,0.14213766707728306,0.42484620307882626,-0.007862338883181413,-0.07515379692117373,2.323488751661782,1.1805089127210566,5.72796317071405,0.2729605717006108,1.3055648395721926e-06,,,,,,,,,,,,,,,,,,,,,,,,,,
A048,combined_yaw_left,202,15,SURVIVE,,,0.4754502827922503,0.13798661310225724,0.4138753840668748,-0.012013392858207225,-0.08612461593312522,2.2158392689676156,1.203645216367721,5.077094111017251,0.27070916493016556,1.2647659383355615e-06,,,,,,,,,,,,,,,,,,,,,,,,,,
A048,combined_yaw_left,202,16,SURVIVE,,,0.48100684136152266,0.1425699356322487,0.4113402772943179,-0.007430070328215758,-0.08865972270568212,1.6661694711267734,0.9186576666884131,4.6465442878335335,0.30231042485664233,1.7645524784842915e-06,,,,,,,,,,,,,,,,,,,,,,,,,,
A048,combined_yaw_left,202,17,SURVIVE,,,0.46780766208966573,0.14150694898019234,0.42158785318334896,-0.008493056980272135,-0.07841214681665103,2.0684651822404843,1.2139223567918485,6.86629957065919,0.2752334038049992,1.5809574229194518e-06,,,,,,,,,,,,,,,,,,,,,,,,,,
A048,combined_yaw_left,202,18,SURVIVE,,,0.4736527986327807,0.137298789806664,0.4112555892020464,-0.012701216153800488,-0.0887444107979536,1.7264387468506133,0.9136037606959844,4.519390629333766,0.2859135738493287,1.6319560494652406e-06,,,,,,,,,,,,,,,,,,,,,,,,,,
A048,combined_yaw_left,202,19,SURVIVE,,,0.4837833472092946,0.13247119136775534,0.41008238909145195,-0.017528814592709142,-0.08991761090854804,2.707461947308723,1.2770582385273077,6.364332277329913,0.3008603985594343,1.285165388953877e-06,,,,,,,,,,,,,,,,,,,,,,,,,,
A048,combined_yaw_left,202,20,SURVIVE,,,0.47589040676752725,0.13205353319644927,0.4262257327418774,-0.017946472764015196,-0.07377426725812257,2.1067452256263337,1.0167375417600264,4.2754426225629185,0.2649866249820022,1.3973623673546124e-06,,,,,,,,,,,,,,,,,,,,,,,,,,
A048,combined_yaw_left,202,21,SURVIVE,,,0.48160024960835773,0.13897532250732184,0.4187447596838077,-0.011024683453142644,-0.08125524031619231,1.770403500230732,0.8274991566983402,4.581419795664656,0.2938476492382201,1.6217563241560828e-06,,,,,,,,,,,,,,,,,,,,,,,,,,
A048,combined_yaw_left,202,22,SURVIVE,,,0.4749022805690765,0.1488536306594809,0.40819948362807434,-0.001146375300983588,-0.09180051637192567,2.214370719765964,1.1051152605246617,5.244038557812798,0.2811868655564738,1.40756209266377e-06,,,,,,,,,,,,,,,,,,,,,,,,,,
A048,combined_yaw_left,202,23,SURVIVE,,,0.47240514039993287,0.14594212512175242,0.4317774890363216,-0.004057880838712056,-0.06822251096367836,2.367199624167233,1.1562945484784806,5.081838512462787,0.27082719946343203,1.4381612685912433e-06,,,,,,,,,,,,,,,,,,,,,,,,,,
A048,combined_yaw_left,202,24,SURVIVE,,,0.4731375335653623,0.14629160705643396,0.39659204301734763,-0.003708398904030522,-0.10340795698265234,2.0561320014818425,1.064049731961162,5.087772436431953,0.2990143608122586,1.3769629167362968e-06,,,,,,,,,,,,,,,,,,,,,,,,,,
A048,combined_yaw_left,202,25,SURVIVE,,,0.46973533302545545,0.13510778464376927,0.4382410329580307,-0.014892221316695214,-0.0617589670419693,2.3972600743378325,1.2093647134974157,5.8897923031530555,0.2649006977459539,1.5095593457553477e-06,,,,,,,,,,,,,,,,,,,,,,,,,,
A048,combined_yaw_left,202,26,SURVIVE,,,0.493801710108916,0.14170404342313608,0.42773228367169697,-0.008295962537328403,-0.07226771632830302,2.1947062449106567,1.1142994573030858,5.428922082459789,0.30488311598432677,1.2647659383355617e-06,,,,,,,,,,,,,,,,,,,,,,,,,,
A048,combined_yaw_left,202,27,SURVIVE,,,0.47081947306791944,0.13830962705115477,0.43062499331931275,-0.011690378909309705,-0.06937500668068727,2.4050313162628303,1.462616052405958,5.663166243199676,0.26186638197637496,1.5503582469919787e-06,,,,,,,,,,,,,,,,,,,,,,,,,,
A048,combined_yaw_left,202,28,SURVIVE,,,0.46725736747185387,0.14936782762408257,0.4049565069377422,-0.0006321783363819122,-0.09504349306225776,2.1853697611224177,1.0103229928452697,4.976183449357841,0.29943968090037826,1.6115565988469252e-06,,,,,,,,,,,,,,,,,,,,,,,,,,
A048,combined_yaw_left,202,29,SURVIVE,,,0.46740890194972357,0.1504313615410744,0.4159881957868735,0.00043135558060991265,-0.0840118042131265,2.1648217958298965,1.038277970566031,5.041233133000149,0.28982904632567513,1.40756209266377e-06,,,,,,,,,,,,,,,,,,,,,,,,,,
A048,combined_yaw_left,202,30,SURVIVE,,,0.46010083943605423,0.1355333379904429,0.43127416814366976,-0.014466667970021566,-0.06872583185633023,2.4230835482139756,1.3424326921386274,5.631759418856616,0.26754668102704265,1.4381612685912433e-06,,,,,,,,,,,,,,,,,,,,,,,,,,
A048,combined_yaw_left,202,31,SURVIVE,,,0.470858118335406,0.13009933068727453,0.44809056468307973,-0.019900675273189943,-0.05190943531692028,2.328101897136044,1.2459862181951153,5.346247711645995,0.26199490038468876,1.366763191427139e-06,,,,,,,,,,,,,,,,,,,,,,,,,,
A048,combined_yaw_left,303,0,SURVIVE,,,0.46881819715102513,0.15749674992014964,0.4130825824290514,0.0074967439596851666,-0.0869174175709486,1.9716316879092903,0.9564269378367383,5.02944354774051,0.30815193162351157,1.540158521682821e-06,,,,,,,,,,,,,,,,,,,,,,,,,,
A048,combined_yaw_left,303,1,SURVIVE,,,0.4810444461305936,0.12794901564717293,0.41537369328240553,-0.02205099031329155,-0.08462630671759447,1.8350124085592843,0.9658038474488096,4.659006135473584,0.2800051673726177,1.3157645648813502e-06,,,,,,,,,,,,,,,,,,,,,,,,,,
A048,combined_yaw_left,303,2,SURVIVE,,,0.46880860249201456,0.14578072887534896,0.39037345183392363,-0.004219277085115512,-0.10962654816607634,1.9466972242381124,0.8805062645823013,4.266821923172911,0.29775741937326233,1.3769629167362968e-06,,,,,,,,,,,,,,,,,,,,,,,,,,
A048,combined_yaw_left,303,3,SURVIVE,,,0.476063433388869,0.13976880479759227,0.4172744661569595,-0.010231201162872215,-0.08272553384304046,2.2887511967773406,0.9718116383059491,4.724431756799646,0.2927992522658086,1.1729684105531417e-06,,,,,,,,,,,,,,,,,,,,,,,,,,
A048,combined_yaw_left,303,4,SURVIVE,,,0.47247883925835293,0.13322638516624769,0.41871559555331866,-0.016773620794216793,-0.08128440444668134,1.8697101778520289,0.6910236306300019,4.178982877265338,0.29659183600528993,1.4279615432820856e-06,,,,,,,,,,,,,,,,,,,,,,,,,,
A048,combined_yaw_left,303,5,SURVIVE,,,0.47646835347016653,0.14192601333682736,0.41920901494721574,-0.00807399262363712,-0.08079098505278429,1.992100026245436,1.0261875085845917,5.2815315476399,0.3004913936547417,1.5197590710645055e-06,,,,,,,,,,,,,,,,,,,,,,,,,,
A048,combined_yaw_left,303,6,SURVIVE,,,0.47840510149796805,0.148276721611619,0.41477120138704776,-0.0017232843488454819,-0.08522879861295224,2.1988831579712254,1.1218977558913013,4.971732554530696,0.29461946217877766,1.3157645648813502e-06,,,,,,,,,,,,,,,,,,,,,,,,,,
A048,combined_yaw_left,303,7,SURVIVE,,,0.4902603366971016,0.1361417919273178,0.42412604093551637,-0.0138582140331467,-0.07587395906448365,1.7913207650780385,0.8462837774359635,5.19878151447024,0.2912259609617439,1.5197590710645055e-06,,,,,,,,,,,,,,,,,,,,,,,,,,
A048,combined_yaw_left,303,8,SURVIVE,,,0.47333262890577316,0.14364679197470348,0.4108338386317094,-0.006353213985761007,-0.08916616136829059,1.9269240011193305,0.8615644698252153,4.574188484850957,0.2894754672996076,1.3259642901905078e-06,,,,,,,,,,,,,,,,,,,,,,,,,,
A048,combined_yaw_left,303,9,SURVIVE,,,0.4813141996661822,0.14092071676549192,0.41527740684648357,-0.009079289194972565,-0.08472259315351645,2.1120833265639978,0.9766201050825299,4.854177183049599,0.29167519074710296,1.3565634661179812e-06,,,,,,,,,,,,,,,,,,,,,,,,,,
A048,combined_yaw_left,303,10,SURVIVE,,,0.4769788203636805,0.15130281168967485,0.4233544494708379,0.0013028057292103767,-0.0766455505291621,1.9882207337530107,0.895222392839424,4.21324092945894,0.292588100305853,1.3871626420454546e-06,,,,,,,,,,,,,,,,,,,,,,,,,,
A048,combined_yaw_left,303,11,SURVIVE,,,0.4778792710105578,0.1404994100953142,0.4158621944611271,-0.009500595865150292,-0.08413780553887287,2.100167693779827,1.1355488296798433,5.00127832420057,0.2798850668852555,1.366763191427139e-06,,,,,,,,,,,,,,,,,,,,,,,,,,
A048,combined_yaw_left,303,12,SURVIVE,,,0.48346002886692685,0.13447110794484615,0.4143852411210537,-0.015528898015618324,-0.0856147588789463,2.1812055863215556,1.1681571858213027,6.0871463517692,0.30008973011358536,1.2749656636447193e-06,,,,,,,,,,,,,,,,,,,,,,,,,,
A048,combined_yaw_left,303,13,SURVIVE,,,0.4763678520917892,0.14364543012459763,0.41529514208436014,-0.0063545758358668535,-0.08470485791563988,1.8394982634959076,0.9294815231162158,5.526872616491105,0.29148405298829716,1.4075620926637702e-06,,,,,,,,,,,,,,,,,,,,,,,,,,
A048,combined_yaw_left,303,14,SURVIVE,,,0.46428259154160817,0.13624034794668358,0.4289344999194145,-0.013759658013780911,-0.07106550008058549,2.5311343202836376,1.2936471777953562,5.307697029188714,0.2657957352007243,1.4993596204461897e-06,,,,,,,,,,,,,,,,,,,,,,,,,,
A048,combined_yaw_left,303,15,SURVIVE,,,0.4834346215923627,0.14690630293140808,0.4162863589823246,-0.0030937030290563903,-0.0837136410176754,2.0275067269334786,0.9959048856848904,4.4037103759135,0.30813650131703696,1.4687604445187165e-06,,,,,,,,,,,,,,,,,,,,,,,,,,
A048,combined_yaw_left,303,16,SURVIVE,,,0.47264492193857827,0.1364525483796994,0.422728955373168,-0.013547457580765088,-0.07727104462683201,2.1145906379717005,1.2525327003372728,5.828941734852106,0.2765058004643615,1.3463637408088236e-06,,,,,,,,,,,,,,,,,,,,,,,,,,
A048,combined_yaw_left,303,17,SURVIVE,,,0.48080109924077985,0.1320449096352483,0.41553828907509643,-0.017955096325216195,-0.08446171092490355,2.222697262546761,1.0514710190473096,4.65559927553873,0.27782749839910637,1.5503582469919787e-06,,,,,,,,,,,,,,,,,,,,,,,,,,
A048,combined_yaw_left,303,18,SURVIVE,,,0.48260614852110545,0.14643274163206418,0.42088907192150754,-0.003567264328400294,-0.07911092807849249,1.8674032359212158,1.0845819960384222,5.511675575035855,0.2808881804957959,1.9277480834308156e-06,,,,,,,,,,,,,,,,,,,,,,,,,,
A048,combined_yaw_left,303,19,SURVIVE,,,0.47384699175755185,0.13408988052979112,0.42708658408373595,-0.015910125430673362,-0.07291341591626406,2.275217706194915,1.1745848550137499,4.90176865310372,0.2698827439453619,1.5401585216828209e-06,,,,,,,,,,,,,,,,,,,,,,,,,,
A048,combined_yaw_left,303,20,SURVIVE,,,0.46588753630717594,0.14375706786910694,0.4374972185740868,-0.006242938091357549,-0.06250278142591317,2.4516944744664695,1.3946666187773025,5.3010845632786525,0.2658309442195344,1.4279615432820856e-06,,,,,,,,,,,,,,,,,,,,,,,,,,
A048,combined_yaw_left,303,21,SURVIVE,,,0.46980554282665254,0.1410137423562507,0.40657388836145403,-0.008986263604213795,-0.09342611163854599,2.164504895705445,0.7020375456955502,4.02846770427597,0.2938180370387121,1.4279615432820856e-06,,,,,,,,,,,,,,,,,,,,,,,,,,
A048,combined_yaw_left,303,22,SURVIVE,,,0.4836491352319717,0.14561244182288646,0.40672519321242967,-0.004387564137578011,-0.09327480678757032,1.6330542013144498,0.7706162033212408,4.011661570383391,0.29849139260204505,1.917548358121658e-06,,,,,,,,,,,,,,,,,,,,,,,,,,
A048,combined_yaw_left,303,23,SURVIVE,,,0.47530960420767465,0.1449418754130602,0.4246765850732724,-0.0050581305474042895,-0.07532341492672762,2.394239445788787,1.0489137371619384,5.641390844605555,0.2899824866328435,1.5401585216828209e-06,,,,,,,,,,,,,,,,,,,,,,,,,,
A048,combined_yaw_left,303,24,SURVIVE,,,0.471862574716409,0.14696998309344053,0.41564508457978566,-0.0030300228670239447,-0.08435491542021434,1.9740113990305943,0.9205910309281027,4.259747311774069,0.2979299450223459,1.7849519291026069e-06,,,,,,,,,,,,,,,,,,,,,,,,,,
A048,combined_yaw_left,303,25,SURVIVE,,,0.46997219959894815,0.14440923461069663,0.41946811258792877,-0.005590771349767844,-0.08053188741207123,2.005116138728299,0.8652759955615302,3.9289469464070796,0.2867090662979187,1.3871626420454546e-06,,,,,,,,,,,,,,,,,,,,,,,,,,
A048,combined_yaw_left,303,26,SURVIVE,,,0.4716715736190478,0.14006688096870978,0.43266541344424087,-0.00993312499175469,-0.06733458655575911,2.403202911160326,1.349171292471836,6.22661448982829,0.28180489440705897,1.458560719209559e-06,,,,,,,,,,,,,,,,,,,,,,,,,,
A048,combined_yaw_left,303,27,SURVIVE,,,0.4629657150308291,0.14154843350872398,0.4258927342792352,-0.008451572451740504,-0.0741072657207648,2.4994907151149617,1.3747727166673345,6.8183427224493105,0.2761165560168378,1.417761817972928e-06,,,,,,,,,,,,,,,,,,,,,,,,,,
A048,combined_yaw_left,303,28,SURVIVE,,,0.4906944601734479,0.13485605276810625,0.4225082503259182,-0.015143953192358216,-0.0774917496740818,2.5781745809262,1.1974974426772558,5.426033618203578,0.30145998843319705,1.570757697610294e-06,,,,,,,,,,,,,,,,,,,,,,,,,,
A048,combined_yaw_left,303,29,SURVIVE,,,0.4727729108929634,0.1433736685818682,0.41588843035201234,-0.006626337378596266,-0.08411156964798769,2.0586678824530136,0.8757135156987504,4.537988942249793,0.3007885387146749,1.3157645648813502e-06,,,,,,,,,,,,,,,,,,,,,,,,,,
A048,combined_yaw_left,303,30,SURVIVE,,,0.47865488767623904,0.13827780877550444,0.4135797229160865,-0.011722197184960047,-0.08642027708391349,2.15300829898218,1.2431761141192808,4.994182841155916,0.2765428771527481,1.5095593457553475e-06,,,,,,,,,,,,,,,,,,,,,,,,,,
A048,combined_yaw_left,303,31,SURVIVE,,,0.46949072072903314,0.14194055328766506,0.42921063701311746,-0.008059452672799429,-0.07078936298688253,2.1357282473257158,1.0975773957547967,4.406689321136375,0.2704708896816414,1.652355500083556e-06,,,,,,,,,,,,,,,,,,,,,,,,,,
A048,rough_lateral,101,0,SURVIVE,,,0.03338304950700452,0.023358191857890537,-0.1675609464586402,-0.27664182006303845,-0.1675609464586402,8.37519184627984,2.365217375086481,12.921827783921188,0.243030553308719,0.00354820904247264,0.04506223991513252,0.03038773186504841,-0.16338395450264215,-0.26961228005588056,-0.16338395450264215,8.951803169174923,1.8439966791805578,11.367250667284623,0.2370670489289544,0.0015935846828521866,,,,,,,,,,,,,,,,
A048,rough_lateral,101,1,SURVIVE,,,0.003894118120272954,0.2160951576133569,-0.02991659300479417,-0.08390485430757205,-0.02991659300479417,3.862725882299741,1.3448153378266852,7.762935074902928,0.24792251619053823,0.00639622734192221,-0.007552000433206558,0.23284221053123474,-0.02901450663805008,-0.06715780138969421,-0.02901450663805008,2.9187113657549726,1.4639042160172129,5.494617982460367,0.24603279614193554,0.002463070466556652,,,,,,,,,,,,,,,,
A048,rough_lateral,101,2,SURVIVE,,,0.01694725402786086,0.17709354226167004,0.0031667611794546245,-0.12290646965925892,0.0031667611794546245,5.300380579373998,1.7741435581940421,8.522837833001223,0.22330327949846918,0.005230867926449695,-0.0021789667382836344,0.15986749321222304,0.02486391060054302,-0.1401325187087059,0.02486391060054302,5.768504571689373,1.254081143277468,8.14213109526586,0.22094986030124728,0.0010166066215637481,,,,,,,,,,,,,,,,
A048,rough_lateral,101,3,SURVIVE,,,0.020956913489402117,0.25093707993626596,0.008646354680725684,-0.04906293198466301,0.008646354680725684,3.512874275064622,1.6182558060749235,6.965086216786318,0.26556975823247714,0.006539278489383141,0.006313627227209509,0.2538864746689796,-0.002663046233355999,-0.04611353725194931,-0.002663046233355999,4.737871454923214,1.1928259932694338,6.835695114483857,0.26125291537154804,0.0014186389943495192,,,,,,,,,,,,,,,,
A048,rough_lateral,101,4,FALL,6.2,5.6,-0.021021844925624984,0.11577341765874909,-0.13395944027496234,-0.18422659426217988,-0.13395944027496234,7.692918329641646,2.4490196955746275,13.059167245900337,0.23528461352480193,0.0017706417144938563,,,,,,,,,,,0.036357216462492944,0.12387120977044105,-0.22308922618627547,-0.1761288021504879,-0.22308922618627547,8.907440417835595,2.516684624758839,16.5238130775984,0.2794087750006487,0.001495871314390454,5.56,,,-0.04,,
A048,rough_lateral,101,5,SURVIVE,,,0.003912307334442934,0.17983598350702473,-0.02896816358047848,-0.12016402841390421,-0.02896816358047848,5.095473386632545,2.5065900365983382,10.184759323343204,0.2615521955500737,0.006842679518429352,-0.015756581127643585,0.2267211927473545,0.013693515583872795,-0.07327881917357444,0.013693515583872795,3.957323462451729,1.0524580836624091,5.85922829187193,0.2555390864483175,0.003765340794853987,,,,,,,,,,,,,,,,
A048,rough_lateral,101,6,SURVIVE,,,0.023866301342689744,0.22937267954150836,-0.011046022103012849,-0.0706273323794206,-0.011046022103012849,3.353636191851738,1.7733726211451977,8.362973060315444,0.2602621156657231,0.004916787785004803,0.008573719803243875,0.2723086252808571,-0.00607657315209508,-0.02769138664007187,-0.00607657315209508,3.033359492468142,0.9880621777757624,4.935941584958198,0.2632664945641941,0.0016281107530236871,,,,,,,,,,,,,,,,
A048,rough_lateral,101,7,SURVIVE,,,0.01175860658288002,0.232906020929416,-0.02158084972994402,-0.06709399099151293,-0.02158084972994402,3.592847993097873,1.779399302957433,11.368758015384275,0.242164325215281,0.002801293357808321,0.006103730648756027,0.20512436494231223,0.0031076115742325783,-0.09487564697861671,0.0031076115742325783,2.9288521041258297,1.5782351690086436,5.754080248373937,0.24396711892622677,0.0017471925460081014,,,,,,,,,,,,,,,,
A048,rough_lateral,101,8,SURVIVE,,,0.02478225750848651,0.23501474024107058,-0.024547828589566053,-0.06498527167985836,-0.024547828589566053,3.980503043551249,1.6359746931659513,7.529027886311179,0.24262659022249214,0.0033277011810139492,0.021479440703988075,0.2526251897215843,-0.042346348855644464,-0.047374822199344635,-0.042346348855644464,5.416935422625287,1.073809415780179,7.319870361815983,0.24001946829219553,0.0014826830695657198,,,,,,,,,,,,,,,,
A048,rough_lateral,101,9,SURVIVE,,,-0.013471258642772833,0.23129382612804572,-0.046093816213154545,-0.06870618579288323,-0.046093816213154545,2.775134439490097,1.3726785753428823,7.255256469004602,0.2654873246538873,0.003595923357468875,0.0021166399121284483,0.2844095629453659,-0.04361185111105442,-0.015590448975563049,-0.04361185111105442,2.4807909651060727,0.8935226126657817,4.401441471800411,0.2736744206570049,0.0024154785482641203,,,,,,,,,,,,,,,,
A048,rough_lateral,101,10,FALL,1.2,0.5,,,,,,,,,,,,,,,,,,,,,0.03750061819058222,0.259195271297358,0.09582151259140421,-0.04080474062357098,0.09582151259140421,7.765481044178993,4.644260436272629,17.236000814563273,0.34405803608703106,0.001646358061601766,,,,,,
A048,rough_lateral,101,11,SURVIVE,,,0.024037688905373215,0.16255687358789145,-0.006765479898701111,-0.1374431383330375,-0.006765479898701111,5.889932364474955,3.260383712842952,13.120945340879816,0.24855041068133613,0.003402995553246156,0.0009637238085269928,0.20194287344813347,-0.04531561128795147,-0.09805713847279549,-0.04531561128795147,3.2250553116671665,1.4024772827803345,6.120516656251752,0.24773309030634835,0.002298161307758187,,,,,,,,,,,,,,,,
A048,rough_lateral,101,12,SURVIVE,,,0.008003606273171803,0.18512207098615666,-0.05898591721430421,-0.1148779409347723,-0.05898591721430421,4.194549388921182,1.5007559451206778,7.710320874568319,0.2290147021758153,0.004709957755185706,-0.006625527981668711,0.18014076091349124,-0.07898081361316145,-0.1198592510074377,-0.07898081361316145,5.146407713904993,0.7271366841017606,6.604973735875261,0.21781143331910202,0.0016529470841514862,,,,,,,,,,,,,,,,
A048,rough_lateral,101,13,SURVIVE,,,0.014507493358881523,0.18982286544594293,-0.03841739391752829,-0.11017714647498603,-0.03841739391752829,4.454747605799829,1.4493782747194717,7.635968301028219,0.24882362173680955,0.0031247368470870215,0.022749392986297606,0.21652412563562393,-0.007311487272381782,-0.08347588628530503,-0.007311487272381782,3.6820057739245016,1.0199430314921025,5.600491985716946,0.2527448524670167,0.0018916410558363975,,,,,,,,,,,,,,,,
A048,rough_lateral,101,14,SURVIVE,,,0.01684040607108424,0.08455980505483845,-0.12969922831902903,-0.2154402068660905,-0.12969922831902903,6.774450628415513,2.30954802919273,12.170189879426186,0.23746526553297212,0.002978686980385191,0.03975271532312036,0.0374017183855176,-0.18566564109176398,-0.26259829353541136,-0.18566564109176398,5.977801688516311,0.9637995561269429,7.874745447208748,0.23194611404031357,0.0016560172014695451,,,,,,,,,,,,,,,,
A048,rough_lateral,101,15,SURVIVE,,,0.03439537877837817,0.2608404213686784,-0.012554619670069466,-0.039159590552250545,-0.012554619670069466,3.3605588743757617,1.1990349430592286,5.943265240222656,0.25462638073692134,0.004935494081221799,0.04510931059718132,0.24249635964632035,0.0033840513974428177,-0.05750365227460861,0.0033840513974428177,2.5613619839892063,1.3396745251545428,4.906123135855575,0.249161620704248,0.0034278828830004993,,,,,,,,,,,,,,,,
A048,rough_lateral,101,16,SURVIVE,,,0.02727171517908573,0.2224002169072628,-0.03855513339008515,-0.07759979501366615,-0.03855513339008515,3.5968368657153222,1.526874631762987,7.1054483461953994,0.2477469767165269,0.004692852815842252,0.04423953294754028,0.18625282272696495,-0.06603022828698159,-0.11374718919396401,-0.06603022828698159,5.4136984150315515,1.1623748411732016,6.984013894232552,0.26059483894371094,0.0004695851535083187,,,,,,,,,,,,,,,,
A048,rough_lateral,101,17,SURVIVE,,,-0.0031190658795336884,0.16548147186016043,-0.05439550146770974,-0.13451854006076852,-0.05439550146770974,5.06981167436619,2.428318857036622,9.899681157989681,0.257249955201319,0.0029091962518539016,-0.04762393120676279,0.057177306413650514,-0.21499445620924235,-0.24282270550727844,-0.21499445620924235,8.050089940543256,0.8297814871234847,9.899681157989681,0.2785571408526783,0.001598154159790692,,,,,,,,,,,,,,,,
A048,rough_lateral,101,18,SURVIVE,,,0.017038456937298177,0.1964529961751153,0.023765321015380324,-0.10354701574581365,0.023765321015380324,5.0421524203795105,2.148617081058639,10.348511394870084,0.2188472116641607,0.0051070738603724505,0.017129948809742928,0.1898690252006054,0.008459632564336062,-0.11013098672032356,0.008459632564336062,2.2475482122266475,1.0915628805994158,4.45179474679086,0.20812328845103156,0.002062241661357371,,,,,,,,,,,,,,,,
A048,rough_lateral,101,19,SURVIVE,,,0.027287731937443216,0.23692948492864768,-0.016152448466358084,-0.06307052699228127,-0.016152448466358084,3.3047689436054117,1.507059029525194,7.295384132746117,0.26336321267639673,0.006646712196064504,0.0401627055183053,0.2644795024394989,-0.02413208154961467,-0.035520509481430054,-0.02413208154961467,3.7521080926728128,0.9555789632840792,5.052840183863702,0.26403524424621766,0.002449188640410889,,,,,,,,,,,,,,,,
A048,rough_lateral,101,20,SURVIVE,,,0.038501790416097116,0.21927860859781503,-0.03848943632270675,-0.08072140332311392,-0.03848943632270675,3.9950988056057692,1.5007309268203113,6.947970738495675,0.24482549802929748,0.0063351003881444296,0.04280543453060091,0.24944950193166732,-0.1256122194044292,-0.050550509989261624,-0.1256122194044292,4.585651223358841,0.9425058267981501,6.884756795506593,0.244612074972474,0.0009821009508428763,,,,,,,,,,,,,,,,
A048,rough_lateral,101,21,SURVIVE,,,0.017724232611556846,0.22757517812152703,-0.014599895221181214,-0.07242483379940191,-0.014599895221181214,3.7322533760405943,1.5719714488113163,6.897053262319724,0.23866039598583114,0.0030757373667018306,0.020516127347946167,0.22327164858579635,-0.012559094000607729,-0.0767283633351326,-0.012559094000607729,4.2723063863930335,1.180108552275171,6.108397177876687,0.23006158311099292,0.0011719076391209851,,,,,,,,,,,,,,,,
A048,rough_lateral,101,22,FALL,11.1,,-0.005729791320239504,0.02765927351632854,-0.15579575582096974,-0.27234073840460044,-0.15579575582096974,7.788441268812303,1.5345042737240142,12.003901749424898,0.2237275134813233,0.0026270106514507466,,,,,,,,,,,,,,,,,,,,,,,,,,
A048,rough_lateral,101,23,SURVIVE,,,0.01655115841810281,0.2282087247322003,0.016156735472225896,-0.07179128718872865,0.016156735472225896,2.994540580886243,1.4031812672058812,6.297934604151836,0.23877365276403395,0.006814201885366182,0.027265079468488693,0.2232920292019844,0.035973979430273174,-0.07670798271894455,0.035973979430273174,3.3845272149601913,1.8024131195973452,6.297934604151836,0.23864978167462475,0.0040459964364607665,,,,,,,,,,,,,,,,
A048,rough_lateral,101,24,SURVIVE,,,0.01809079486876726,0.19761880081767838,-0.0014558391591223579,-0.10238121110325059,-0.0014558391591223579,5.831781413996818,2.117643248910988,12.679008273715459,0.22098067373409203,0.0050504143862800804,0.03382732301950455,0.23552537798881532,0.005131046380847692,-0.06447463393211365,0.005131046380847692,4.342648916489307,1.5615510228490224,8.23277683303683,0.22571347359667487,0.0013637542724609375,,,,,,,,,,,,,,,,
A048,rough_lateral,101,25,SURVIVE,,,0.03105878207832575,0.2204174264272054,-0.015838776926975696,-0.07958258549372355,-0.015838776926975696,4.665865240789435,1.3053459504518101,8.198913296449437,0.22231373204532578,0.006750168009875289,0.006663334220647812,0.24502897650003433,-0.05521862870082259,-0.054971035420894626,-0.05521862870082259,5.337670349160783,0.5707652262418822,6.452695425543929,0.21818999773997036,0.0022698876692011996,,,,,,,,,,,,,,,,
A048,rough_lateral,101,26,FALL,18.0,17.4,0.03382020300525861,0.1722174453828484,-0.030022714843119806,-0.12778256653808057,-0.030022714843119806,5.365733278550554,2.768837343365018,10.560954352650853,0.2305899139691589,0.006083034576579209,,,,,,,,,,,0.06541587747633457,0.059772401452064514,-0.17480686150491237,-0.24022761046886443,-0.17480686150491237,14.859133650378528,0.8944220313614433,17.24566806374892,0.286746925682945,0.0020344780090658376,16.06,,,-1.34,,
A048,rough_lateral,101,27,FALL,17.86,,0.04310691568379601,0.2113163720816374,-0.01728705658810213,-0.08868363983929158,-0.01728705658810213,5.758550185114585,1.6532506502535251,10.784887633701413,0.2201096514802353,0.004252846865730485,,,,,,,,,,,,,,,,,,,,,,,,,,
A048,rough_lateral,101,28,SURVIVE,,,-0.005251517686992883,0.18894612847516934,-0.034134593268390745,-0.11105388344575962,-0.034134593268390745,4.261772117627384,1.7089942652777848,7.91105459889908,0.23599005524593664,0.005739773021024817,-0.016371684074401857,0.21407684206962585,-0.07396686742082238,-0.0859231698513031,-0.07396686742082238,5.566587687554156,1.0077388026540715,7.056190015729676,0.24231078655324517,0.0018759640780362241,,,,,,,,,,,,,,,,
A048,rough_lateral,101,29,SURVIVE,,,-0.0035248177312314512,0.13995645029780765,-0.07291820778356244,-0.1600435616231213,-0.07291820778356244,6.352922998934651,2.41411988501903,12.725586503376785,0.22140960070751145,0.0033632982223429156,0.013811751008033753,0.24544964730739594,0.014421938862651586,-0.05455036461353302,0.014421938862651586,4.596006365859959,1.0416271357529259,6.466264671406394,0.2139529199523722,0.0020003497281814026,,,,,,,,,,,,,,,,
A048,rough_lateral,101,30,SURVIVE,,,0.022464875827232996,0.25626398672660194,-0.024400678449310362,-0.04373602519432704,-0.024400678449310362,2.638341090690295,1.284050741678349,7.366096589117916,0.2543773590360308,0.00785615482432319,0.03784611120820045,0.2505534511804581,-0.07077554592397065,-0.049446560740470887,-0.07077554592397065,2.498571455594425,1.0230713711895203,4.583514318993976,0.2662817293373659,0.0031681366782774847,,,,,,,,,,,,,,,,
A048,rough_lateral,101,31,SURVIVE,,,-0.00698581931181252,0.14524273275630548,-0.07273166138329543,-0.15475727916462348,-0.07273166138329543,4.838152722622574,2.023906764490108,9.716788789867913,0.2445150089083296,0.007001346445338612,-0.004770844113081694,0.1103732294542715,-0.12849130014888943,-0.18962678246665746,-0.12849130014888943,4.45176166852101,1.806076523107036,8.531520752017814,0.2643767162440295,0.0015962468111578795,,,,,,,,,,,,,,,,
A048,rough_lateral,202,0,SURVIVE,,,0.0012691965699195861,0.13854648341735204,-0.04627653705965107,-0.16145352850357692,-0.04627653705965107,4.802414217133574,2.075590464074141,9.669122585656176,0.22236437779218757,0.0034338905212076,-0.010171247720718384,0.1041010757535696,-0.10444571014493703,-0.19589893616735934,-0.10444571014493703,4.942471196921571,1.889573998427305,8.498816195355236,0.2143422946317948,0.0010557327678496833,,,,,,,,,,,,,,,,
A048,rough_lateral,202,1,SURVIVE,,,0.02881019077448097,0.20720147751116505,-0.017906583713289972,-0.09279853440976392,-0.017906583713289972,4.984338631183014,2.462445318205983,13.018569742590486,0.2250804826856297,0.003768380312996117,0.02258457765739877,0.19927479609847068,0.04532363252248615,-0.10072521582245826,0.04532363252248615,4.7940665990689135,0.9594933907539259,6.373352706538053,0.21393828334336612,0.0007558812432110623,,,,,,,,,,,,,,,,
A048,rough_lateral,202,2,FALL,16.0,14.54,0.04896276192438866,0.21731146814922492,-0.04447760511063582,-0.08268854377170404,-0.04447760511063582,3.6444730732116493,1.402773674360715,6.5721141152243705,0.2524367809779079,0.0055579221184878375,,,,,,,,,,,-0.08973065931349992,0.09352088735438883,0.16646052941679954,-0.20647912456654013,0.16646052941679954,20.3650862120038,2.1531694128166126,25.154338177135173,0.25859769915195707,0.002147184973732036,12.78,,14.24,-1.76,,-0.3
A048,rough_lateral,202,3,SURVIVE,,,0.019965847643713158,0.21030871465802192,-0.04398257035878487,-0.08969129726290703,-0.04398257035878487,2.8335281579088507,1.3444882953410542,7.3007071635421585,0.2515518233891902,0.006154279657863679,0.014749733805656433,0.2736489054560661,-0.05262255045119673,-0.026351106464862824,-0.05262255045119673,2.734937828745384,1.0127051696543163,4.864658967875674,0.24440342707429977,0.0021052845021620123,,,,,,,,,,,,,,,,
A048,rough_lateral,202,4,FALL,16.7,15.58,0.016905327513813972,0.22538113187998532,-0.004828626081968347,-0.07461888004094362,-0.004828626081968347,3.4350109571531964,1.5863687564047517,7.169462395673565,0.24863360557220412,0.002975667861693683,,,,,,,,,,,-0.05158518714830279,0.10566919609904289,0.001548641063272953,-0.19433081582188605,0.001548641063272953,10.665934578551605,4.8569372052092845,18.926923574880316,0.28446801114528575,0.0012510065088935096,14.84,,15.26,-0.74,,-0.32
A048,rough_lateral,202,5,SURVIVE,,,0.020360697309176126,0.22577644931773344,-0.006035840480277935,-0.07422356260319551,-0.006035840480277935,3.711742526305744,1.469918307009227,6.856923698470612,0.2303977161003094,0.005209703496433196,0.026641579270362856,0.22574148058891297,0.011841378398239613,-0.07425853133201599,0.011841378398239613,4.043733421231459,1.294743016295622,5.802687564041084,0.23356523328923923,0.0021420851110774547,,,,,,,,,,,,,,,,
A048,rough_lateral,202,6,SURVIVE,,,0.03802711002402551,0.04062943788594566,-0.12321810992667452,-0.2593705740349833,-0.12321810992667452,6.855139794385638,1.7304738846950782,11.62452557134608,0.22380322600271613,0.003354914048138785,0.04727107951475773,0.03347907475195825,-0.08524343452882022,-0.2665209371689707,-0.08524343452882022,6.794254844873163,1.1208093463760476,8.435730242601839,0.20759406860180718,0.0016710719960258621,,,,,,,,,,,,,,,,
A048,rough_lateral,202,7,SURVIVE,,,0.02666694733731371,0.21821397572755813,0.009352334153760845,-0.08178603619337083,0.009352334153760845,2.9402002676557975,1.7200464572812495,7.467502036079722,0.2465102676215869,0.0028796170484573433,0.012539109188946896,0.24772118926048278,-0.008969291707035153,-0.052278822660446166,-0.008969291707035153,2.7964863477234156,1.496002622828458,5.288501870365619,0.25130043805920504,0.0018901008973147143,,,,,,,,,,,,,,,,
A048,rough_lateral,202,8,SURVIVE,,,-0.011667053115864594,0.031469126463246844,0.07758925927104428,-0.2685308854576821,0.07758925927104428,6.1252726617031685,1.4691738473406604,9.007694962438942,0.20247718416167665,0.0023876842967966647,-0.009117912221699952,0.049272936303168535,0.09665192465297878,-0.2507270756177604,0.09665192465297878,7.417401256937385,0.6705943733905791,9.007694962438942,0.1992433268214292,0.0005967247294869638,,,,,,,,,,,,,,,,
A048,rough_lateral,202,9,SURVIVE,,,0.008676516317451994,0.11082102760362128,-0.1817609021253884,-0.18917898431730767,-0.1817609021253884,6.924148426696867,2.452300964571046,12.622481813624661,0.28163903851294475,0.0045388879623005085,0.033141276016831395,0.09661395398899914,-0.2926882384903729,-0.20338605793192982,-0.2926882384903729,7.92458656130751,2.7900785565287487,12.19811846698106,0.2807169278930215,0.001742317077310325,,,,,,,,,,,,,,,,
A048,rough_lateral,202,10,SURVIVE,,,0.02831651965777079,0.23327480768164,0.013659946109013011,-0.06672520423928896,0.013659946109013011,3.919603701427856,1.5937035397313422,7.447399296142659,0.24236855314217787,0.005269463687019554,0.009633837565779686,0.2358690991997719,0.07259457022417337,-0.06413091272115708,0.07259457022417337,3.249332060242716,1.091842284026076,5.431267831945121,0.2395273231153182,0.0012545866124770225,,,,,,,,,,,,,,,,
A048,rough_lateral,202,11,SURVIVE,,,0.032613871172070506,0.20402370318770408,0.002767103368532844,-0.09597630873322487,0.002767103368532844,4.217826545459152,1.5391702627774955,8.209873775583743,0.23133385911185475,0.004896775923948236,0.0349155039107427,0.24580206453800202,0.029874990116804837,-0.05419794738292694,0.029874990116804837,4.608071834297705,1.3894602546783876,7.0992612934660375,0.23156943746747818,0.0024101848908286705,,,,,,,,,,,,,,,,
A048,rough_lateral,202,12,SURVIVE,,,0.01858425524396201,0.06021471669897437,0.10457481663053235,-0.23978529522195458,0.10457481663053235,12.503436036716527,4.714577840143907,27.868943456411596,0.24234698714472605,0.003572657784038695,-0.03269893527030945,-0.0008960257470607757,-0.1011496689170599,-0.3008960376679897,-0.1011496689170599,9.61823787094521,2.283300022098046,14.415192597448613,0.2532254786861134,0.0013797780409216254,,,,,,,,,,,,,,,,
A048,rough_lateral,202,13,SURVIVE,,,0.027663664842645326,0.2329085001349449,-0.009190330756828189,-0.06709151178598403,-0.009190330756828189,3.475711269819562,1.763724252593123,7.4735696343819065,0.24604324264269248,0.003490988583488265,0.01906331717967987,0.29632809937000276,-0.0008704282250255346,-0.0036719125509262086,-0.0008704282250255346,1.5724760853623945,0.8780395531347837,3.821466562618699,0.25175832117942565,0.0024174572949740986,,,,,,,,,,,,,,,,
A048,rough_lateral,202,14,SURVIVE,,,0.008399498271367822,0.13423006552814817,-0.07177663817846526,-0.16576994639278078,-0.07177663817846526,6.097699583380332,2.135080062686481,11.278297015493314,0.22958032158288086,0.003776937882530494,0.005242222249507904,0.17554412826895713,0.057239307966083286,-0.12445588365197181,0.057239307966083286,3.2337716691554976,1.843169807156794,6.524800144071246,0.22235657768453507,0.001892497832762366,,,,,,,,,,,,,,,,
A048,rough_lateral,202,15,FALL,5.34,4.24,-0.05071648541284171,-0.026396945370612917,-0.02207431458943599,-0.3263969572915419,-0.02207431458943599,22.306239491981025,2.2333930146474903,25.206503305072975,0.20330326391586181,0.0009058682038822277,,,,,,,,,,,-0.04618726972490549,0.03164007492363453,-0.10838016394525767,-0.26835993699729443,-0.10838016394525767,15.11987097891809,1.4291519258417889,17.641163621430636,0.24707732568131413,0.0014777668019666998,,,,,,
A048,rough_lateral,202,16,SURVIVE,,,0.02012580976287912,0.23889202418426672,0.02067474632242617,-0.06110798773666223,0.02067474632242617,3.0533693794157255,1.2522567220977592,5.751559054268379,0.25948170309929497,0.00455824704093729,0.005482912698062137,0.26169194966554643,-0.01631854774081148,-0.03830806225538254,-0.01631854774081148,2.470310197326528,1.0759644228029033,5.201871134462135,0.26017042825566256,0.0018774634376566637,,,,,,,,,,,,,,,,
A048,rough_lateral,202,17,SURVIVE,,,0.011665653755771927,0.06510716689595332,-0.16540903341723606,-0.23489284502497565,-0.16540903341723606,6.22479121773366,2.1572632162358665,11.37812687219188,0.2442573573468203,0.0026752961510642936,0.007418446918018162,0.07730058578308671,-0.19361700875218957,-0.22269942613784224,-0.19361700875218957,5.257671331652452,0.854221927682929,6.369444389754638,0.26481984232198746,0.0013030455074208303,,,,,,,,,,,,,,,,
A048,rough_lateral,202,18,SURVIVE,,,-0.00018880453115950027,0.040846859952434894,-0.0006689066905528307,-0.25915315196849403,-0.0006689066905528307,11.238710804901338,4.515300100200941,17.137102105940425,0.2536145636279953,0.004028065319367273,-0.0015176459122449159,0.04518850907683372,-0.06873085211962461,-0.2548115028440952,-0.06873085211962461,7.776275204342213,2.5213868564960715,13.453564740365808,0.24221615331058197,0.0022384521157983797,,,,,,,,,,,,,,,,
A048,rough_lateral,202,19,SURVIVE,,,0.023591360922243135,0.2310876017808914,-0.012795173037836017,-0.06891241014003753,-0.012795173037836017,3.145522016068383,1.3630459912644235,6.2772605241186525,0.2607846008296957,0.0044312298616623474,-0.01782397008035332,0.22630805224180223,-0.00021970659028738737,-0.07369195967912674,-0.00021970659028738737,2.667627687033575,1.312281699042585,5.3199397941366975,0.2581494185599414,0.00185068915872013,,,,,,,,,,,,,,,,
A048,rough_lateral,202,20,FALL,1.74,0.74,,,,,,,,,,,,,,,,,,,,,0.019710515884475574,0.21904276391594774,0.004409051526130902,-0.08095724800498122,0.004409051526130902,7.678405938435353,4.742431839667753,16.966648611520423,0.3293622404965558,0.0020184032419786058,,,,,,
A048,rough_lateral,202,21,SURVIVE,,,0.015177136920392513,0.22582476093123358,-0.02329545412600661,-0.0741752509896954,-0.02329545412600661,2.8302510452603014,1.3753744290859267,7.200807608975918,0.2515523056173282,0.007174088993174503,-0.017575431168079376,0.1958479855209589,-0.06242729709483683,-0.10415202639997005,-0.06242729709483683,3.200700537797567,1.930529747036047,7.200807608975918,0.268505597484303,0.0015674529866101308,,,,,,,,,,,,,,,,
A048,rough_lateral,202,22,SURVIVE,,,0.012330655517677466,0.06201015269383788,-0.03419291996241858,-0.23798985922709107,-0.03419291996241858,6.416723050081752,2.1191830918733423,10.29581248300821,0.23924469671784876,0.0036132934896703772,0.021340939048677683,0.138550332672894,0.007311336193233728,-0.16144967924803497,0.007311336193233728,6.449002242214069,1.9063072714210265,9.361558153943044,0.22680145434517274,0.0015648112577550596,,,,,,,,,,,,,,,,
A048,rough_lateral,202,23,FALL,17.9,,0.004183444029962023,0.1971189567943414,-0.025218605845972585,-0.10288105512658755,-0.025218605845972585,5.264257775274325,2.8234648630929398,10.485278278053356,0.216986987516948,0.004204163576829879,,,,,,,,,,,,,,,,,,,,,,,,,,
A048,rough_lateral,202,24,SURVIVE,,,0.021440783590078352,0.2450136315325896,-0.00214679897025538,-0.05498638038833936,-0.00214679897025538,3.100035753790756,1.4558807436069776,6.367535524766402,0.2530800380240362,0.008082058340470419,0.03933674365282059,0.2314183247089386,-0.02854540173895657,-0.06858168721199036,-0.02854540173895657,3.4855553406005595,0.7107869731290373,4.772862472990459,0.2529819497386402,0.0017497730765113212,,,,,,,,,,,,,,,,
A048,rough_lateral,202,25,FALL,0.94,0.44,,,,,,,,,,,,,,,,,,,,,0.1030928214923257,0.2919516559867632,0.054567176139070875,-0.008048355934165773,0.054567176139070875,8.264869105543042,4.141333416935354,16.39598090509425,0.3517650561627766,0.0016400852305366379,,,,,,
A048,rough_lateral,202,26,SURVIVE,,,0.02938228870121141,0.13908517491227637,-0.048268259031077225,-0.16091483700865258,-0.048268259031077225,6.975789724460641,5.973153307265204,25.446579072375783,0.2618783540553588,0.004490592262961654,0.0490963357873261,-0.009582541827112436,-0.13077089957892896,-0.3095825537480414,-0.13077089957892896,11.00177308532099,3.345734486693069,16.825986592269736,0.3048200487548655,0.00099653356215533,,,,,,,,,,,,,,,,
A048,rough_lateral,202,27,FALL,12.94,11.82,0.0035722241007412475,0.1720796749430398,-0.0019237732832940917,-0.12792033697788915,-0.0019237732832940917,5.224859490403289,2.006493573530413,10.036913731849326,0.21907575900940335,0.0037582621854894346,,,,,,,,,,,0.01732740629464388,0.1332295633852482,0.08854825738817454,-0.16677044853568077,0.08854825738817454,9.165660411539736,3.3212829069774235,17.44030343263017,0.26949863034136157,0.0027566593598554456,11.5,,11.78,-0.32,,-0.04
A048,rough_lateral,202,28,SURVIVE,,,0.025299147985254726,0.019821635126136244,-0.11721164124707381,-0.28017837679479274,-0.11721164124707381,5.845968475636321,1.4987263830483246,8.258660546754008,0.24603873662610742,0.0023581560920266573,0.02625512633472681,0.019324457589536905,-0.2520828153938055,-0.2806755543313921,-0.2520828153938055,6.444830854607871,0.4816420865572442,7.374216417326296,0.24708587943232632,0.0017159609871114645,,,,,,,,,,,,,,,,
A048,rough_lateral,202,29,SURVIVE,,,0.03748540320433676,0.19143947650368015,0.026345012267896286,-0.1085605354172488,0.026345012267896286,4.0218173845918725,1.9311842743300636,9.341886557133169,0.24324041101012425,0.005419726040274062,0.022438809140585363,0.18988574400544167,0.022032862175256015,-0.11011426791548728,0.022032862175256015,4.513456547712487,1.07379824074707,6.247486882564467,0.23997236290080026,0.0016531918775589058,,,,,,,,,,,,,,,,
A048,rough_lateral,202,30,SURVIVE,,,-0.006904438057293494,0.13779346610729892,-0.05402030350019534,-0.16220654581363003,-0.05402030350019534,6.6709805042767645,1.7449240191232467,9.910183710317646,0.23267738466966173,0.004735742660767248,-0.019920259639620783,0.0942880304902792,-0.03135344810783863,-0.20571198143064975,-0.03135344810783863,7.7348820840598735,1.0436362459380157,9.16104996093052,0.23046703917776198,0.0012260375813366864,,,,,,,,,,,,,,,,
A048,rough_lateral,202,31,FALL,1.84,0.82,,,,,,,,,,,,,,,,,,,,,0.08042107964865863,0.26788808391429486,0.052427612617611884,-0.032111928006634115,0.052427612617611884,10.011544807645157,4.674613469732463,17.31842438925584,0.31620049472639267,0.0030683833647539294,,,,,,
A048,rough_lateral,303,0,SURVIVE,,,0.027615426967386156,0.17399961420722926,-0.06411342885733272,-0.1260003977136997,-0.06411342885733272,4.675035952384005,2.433082274408808,10.913833107100391,0.26561059088099237,0.003822428657409338,0.00013336865231394768,0.2329104495048523,-0.00925562351476401,-0.06708956241607666,-0.00925562351476401,4.051368423343316,1.0016987134594562,6.002438602558394,0.25090313071235615,0.0029363275211762643,,,,,,,,,,,,,,,,
A048,rough_lateral,303,1,SURVIVE,,,0.029262488091674945,0.11369573349288355,-0.12072285164652082,-0.18630427842804542,-0.12072285164652082,5.872877740286927,2.0054647206456178,10.345507181589698,0.2488210241169853,0.003239626552969374,0.02789583142846823,0.021639715395867825,-0.07470253735780716,-0.2783602965250611,-0.07470253735780716,9.993555046855016,1.4663917778053268,13.194039619522071,0.2382111621986736,0.0006908069957386395,,,,,,,,,,,,,,,,
A048,rough_lateral,303,2,FALL,15.08,14.02,0.017797331772744656,0.20698319898918272,-0.06651964634346465,-0.09301681293174624,-0.06651964634346465,3.883951477803311,1.4533408011157491,6.916336376676596,0.24325222052248616,0.005441329058478862,,,,,,,,,,,-0.019417676851153375,0.09773327000439166,0.0969140387326479,-0.2022667419165373,0.0969140387326479,10.911111437879175,2.49275845719208,17.039045263906416,0.2825089421087408,0.002558070708086148,13.54,,13.96,-0.48,,-0.06
A048,rough_lateral,303,3,SURVIVE,,,0.011986011018355688,0.21516441530237596,-0.018737990143708885,-0.084835596618553,-0.018737990143708885,3.4767948160125375,1.8416519229123272,7.531477483485875,0.24956758846042415,0.00327221467533214,0.010339744091033935,0.23253432221710682,-0.09530609016306699,-0.06746568970382213,-0.09530609016306699,7.775931678158099,2.290988559601828,12.828737420946533,0.27068382645673295,0.0019733306558374353,,,,,,,,,,,,,,,,
A048,rough_lateral,303,4,SURVIVE,,,0.02862115773993234,0.23899626585344474,-0.015204968944114322,-0.06100374606748422,-0.015204968944114322,2.916986297679921,1.4211695312334174,6.858439566272123,0.25532535737795414,0.005663958462801849,0.03334446254186332,0.2460826641321182,-0.022396734945941715,-0.05391734778881073,-0.022396734945941715,4.408635854484852,1.3501243245241115,7.014869214979124,0.25093655749119537,0.0013220169964958603,,,,,,,,,,,,,,,,
A048,rough_lateral,303,5,SURVIVE,,,-0.0021282853186130523,0.19905978156874576,-0.06839006336638703,-0.10094023035218318,-0.06839006336638703,3.605148358846089,1.9630428571995686,8.06801041002026,0.2510446785462094,0.003818124373328881,0.0019244685769081115,0.23232495456933974,-0.027364959605038167,-0.0676750573515892,-0.027364959605038167,3.098067763187039,1.1604440951336321,5.561478428616918,0.24690484595490012,0.0027068133022695937,,,,,,,,,,,,,,,,
A048,rough_lateral,303,6,SURVIVE,,,-0.0021564914751797913,0.21078528373191754,-0.05135361943161115,-0.08921472818901141,-0.05135361943161115,3.5052150190780678,1.872390494281667,7.784522227632969,0.24669992209490185,0.0033615846684909786,0.05394259423017502,0.2199836926162243,-0.01775865290313959,-0.08001631930470467,-0.01775865290313959,3.5646893166628315,1.2438347455610526,5.370931508078432,0.2567793117646865,0.0012177452046603435,,,,,,,,,,,,,,,,
A048,rough_lateral,303,7,SURVIVE,,,0.022971502828101318,0.23207931347191335,0.018783552228317905,-0.06792069844901562,0.018783552228317905,3.643495637519923,2.1322951075000742,9.434714613974442,0.24274789630410504,0.0035425583946513683,0.008814482316374779,0.25580918312072753,-0.019007467264309526,-0.044190828800201414,-0.019007467264309526,2.9812236477918113,1.3143772730996237,5.631933416808913,0.25107621888107157,0.0030254017223011326,,,,,,,,,,,,,,,,
A048,rough_lateral,303,8,SURVIVE,,,0.004816164275786529,0.1769415032522132,-0.008399638582971724,-0.12305850866871576,-0.008399638582971724,6.589595364849377,2.9223028806924845,14.54978404552026,0.2548826159502308,0.0029481898017108127,0.002952776625752449,0.22824016720056534,-0.0894526881352067,-0.07175984472036362,-0.0894526881352067,3.0132437226405635,1.2590744235248812,4.833267179015935,0.23302141498116885,0.0015370272060129045,,,,,,,,,,,,,,,,
A048,rough_lateral,303,9,SURVIVE,,,0.02375029000453651,0.23311004482209682,0.003028141591542711,-0.06688996709883213,0.003028141591542711,3.0973642677472535,1.373810372113098,5.790311523211425,0.23987551770798873,0.007046816820766834,-0.04231786312535405,0.18639230906963347,-0.04524446271359921,-0.11360770285129547,-0.04524446271359921,4.209978030432271,0.6461512566789118,5.255124304210739,0.2377876001883318,0.0011503556195427353,,,,,,,,,,,,,,,,
A048,rough_lateral,303,10,SURVIVE,,,0.019342528367415072,0.22022564187645913,-0.01250861246837303,-0.07977437004446983,-0.01250861246837303,3.8201666123671303,1.6453591867911865,7.135506306083367,0.2515885022638528,0.004194524836412722,0.0401364435441792,0.21288467898964883,-0.0409809057507664,-0.08711533293128014,-0.0409809057507664,3.5227061609719312,0.9823097626240294,5.712647521719134,0.2471118825036574,0.0018471192548619245,,,,,,,,,,,,,,,,
A048,rough_lateral,303,11,SURVIVE,,,0.029858716800808906,0.19398696860298514,-0.03294940123412137,-0.10601304331794381,-0.03294940123412137,4.448482904020262,1.4523126312148256,8.17411478542233,0.2370026622699331,0.0047132930653618,-0.015792153589427472,0.02054559174925089,0.11029553884640336,-0.27945442017167804,0.11029553884640336,4.761287784211063,0.7175824041646192,6.25532748814324,0.20899538050998342,0.0028433162260820474,,,,,,,,,,,,,,,,
A048,rough_lateral,303,12,SURVIVE,,,0.018614066392183305,0.2290213633577029,-0.022353680036806812,-0.07097864856322607,-0.022353680036806812,3.534981951077556,1.449654391670497,7.320218809103487,0.24176379347070656,0.005424683106774318,-0.013608245998620988,0.2164759096503258,-0.0953991256095469,-0.08352410227060318,-0.0953991256095469,3.5909885155801042,1.1897425222096072,5.891622450204808,0.25085298098982334,0.0016924302208232364,,,,,,,,,,,,,,,,
A048,rough_lateral,303,13,SURVIVE,,,-0.0327705952928712,0.09839674969436601,0.11078485877020285,-0.20160326222656294,0.11078485877020285,4.629488600789484,1.7334216673001865,9.057335070161072,0.23170649573392832,0.003033143313810785,-0.0025304141477681696,0.017156057250685988,0.017454646127298475,-0.282843954670243,0.017454646127298475,3.8597124886181753,0.5286798806266002,5.186631349747863,0.21178141501498096,0.0004085193980823895,,,,,,,,,,,,,,,,
A048,rough_lateral,303,14,SURVIVE,,,0.021367425012867897,0.018161384409759194,-0.12745541373500602,-0.2818386275111698,-0.12745541373500602,7.109095840312547,1.4158622320328451,10.036404245075301,0.22890521688469803,0.0021865049147988397,0.028290761336684227,0.002149203587323427,-0.012389363585971296,-0.29785080833360555,-0.012389363585971296,5.406214499710782,1.441283963657155,8.312668427087173,0.20794815431622898,0.0005020610788926683,,,,,,,,,,,,,,,,
A048,rough_lateral,303,15,SURVIVE,,,0.004435295648872853,0.23859245747327804,-0.013044955666409806,-0.06140755444765091,-0.013044955666409806,3.487067875538273,1.8299679787163408,7.971615087299298,0.26703776515688277,0.003527829991304937,0.009738138765096665,0.28930711835622785,0.02128550233319402,-0.01069289356470108,0.02128550233319402,1.9896106795128885,0.6599047900052846,3.825870751967486,0.28445774900403253,0.0022068329673399917,,,,,,,,,,,,,,,,
A048,rough_lateral,303,16,SURVIVE,,,0.036397490135859696,0.028234765583183618,-0.07933881058280046,-0.27176524633774535,-0.07933881058280046,5.3428631888827045,3.2413852271296366,18.743999694416907,0.23301755208860744,0.0033614316726113397,-0.00068493427708745,0.1783211661875248,-0.1243459863588214,-0.12167884573340416,-0.1243459863588214,1.9280777616898337,0.43335117789671446,2.912822517293383,0.25990052717254764,0.0024283302021536612,,,,,,,,,,,,,,,,
A048,rough_lateral,303,17,SURVIVE,,,0.01878679020582543,0.05040267127304105,-0.1849316209756459,-0.2495973406478879,-0.1849316209756459,6.568159159616696,2.1451956356504707,11.145973167262257,0.23857540555338172,0.0033140947474515348,0.055000389628112316,0.18173029482364655,0.03347233600914478,-0.11826971709728241,0.03347233600914478,3.7648539535131467,1.5279862698905677,7.684569088592397,0.2227290456722127,0.0015341100845744915,,,,,,,,,,,,,,,,
A048,rough_lateral,303,18,SURVIVE,,,0.029288703547790645,0.20806193560051423,-0.04929053905070759,-0.09193807632041474,-0.04929053905070759,3.8800349485746337,1.7125048641625964,7.430280009492751,0.23584962122208716,0.006010351334026158,0.006569891916587949,0.19211314529180526,0.05056963820010424,-0.10788686662912368,0.05056963820010424,4.19754880149728,1.2340285552236536,6.142290835594732,0.22826776556790193,0.0010589150821461446,,,,,,,,,,,,,,,,
A048,rough_lateral,303,19,SURVIVE,,,-0.004815270115310947,0.00872789151306885,-0.0381230385407495,-0.2912721204078601,-0.0381230385407495,3.508036100609167,1.4054280366583172,8.184412587435475,0.19934189334989869,0.0011195830482850153,0.0020132511435076595,0.0015618546609766782,0.013086593374609948,-0.29843815725995226,0.013086593374609948,2.9455589149917705,0.5895513493518547,4.146520816549632,0.1914720108403879,0.00027949287292153985,,,,,,,,,,,,,,,,
A048,rough_lateral,303,20,FALL,9.3,8.36,0.029124718128776355,0.11303273002413933,0.1269388948950472,-0.18696728189678963,0.1269388948950472,7.399586139028409,3.796354799017874,16.107859917218423,0.23006473851650944,0.0028105547083890417,,,,,,,,,,,0.026715995166450738,0.03255301166325807,0.08166386730968953,-0.2674470002576709,0.08166386730968953,17.0347713707882,1.9206623407202443,20.653909682983205,0.2561081651474703,0.0017660212389288138,8.12,,,-0.24,,
A048,rough_lateral,303,21,SURVIVE,,,0.002676978235443433,0.21634382975598176,-0.026010013923902685,-0.08365618216494719,-0.026010013923902685,4.115483473772813,1.9332973863766652,9.148836702724482,0.24789508729907492,0.0065221735500396935,0.03266097746789456,0.12864144116640092,0.005951854307204485,-0.17135857075452804,0.005951854307204485,5.869931164661171,2.416184375606252,10.241193595628,0.2558918860283765,0.0017838911576704558,,,,,,,,,,,,,,,,
A048,rough_lateral,303,22,SURVIVE,,,0.03944119129601555,0.06470963517262135,-0.1431227674599116,-0.2352903767483076,-0.1431227674599116,8.483565895427022,4.468988078217846,22.260937269230467,0.265720821511193,0.003001136575790646,0.04887354668229818,0.22874756455421447,-0.009469923912547529,-0.07125244736671447,-0.009469923912547529,3.1254653121665057,1.1803940830596449,5.085345756783492,0.248714413394265,0.0013885396049621926,,,,,,,,,,,,,,,,
A048,rough_lateral,303,23,SURVIVE,,,0.018606749183187884,0.13002787665153542,-0.07018022685777396,-0.16997213526939353,-0.07018022685777396,7.528052202229781,4.908114419651505,21.57537413077333,0.24496753189599876,0.006303522038587271,0.01451091431081295,0.22419848144054413,0.0054239123594015835,-0.07580153048038482,0.0054239123594015835,3.227291360599523,1.3171810609281278,6.206209223817459,0.2333062648677571,0.0024062171976834065,,,,,,,,,,,,,,,,
A048,rough_lateral,303,24,SURVIVE,,,0.049381055316577355,0.09232235398609191,-0.10721312552380065,-0.20767765793483706,-0.10721312552380065,8.97552147989787,6.7270163973509565,30.81484803019231,0.26081066382228796,0.003107162720379343,0.04968521870672703,0.1908658291399479,-0.045048782732337714,-0.10913418278098107,-0.045048782732337714,4.810635577396912,1.279771039883388,8.170535143462002,0.24347507166989985,0.0009258902646641018,,,,,,,,,,,,,,,,
A048,rough_lateral,303,25,SURVIVE,,,-0.015398264881999543,0.08065181539316352,0.1148581748905902,-0.21934819652776544,0.1148581748905902,5.399022434007255,1.507434731760515,9.964170336724502,0.23392864009541411,0.0021756728065205136,-0.004218433555215597,0.0171129538025707,-0.0015155605599284172,-0.28288705811835824,-0.0015155605599284172,7.5601873728094855,0.837802351839672,9.372888538819401,0.26389474837856497,0.00045546873368044333,,,,,,,,,,,,,,,,
A048,rough_lateral,303,26,SURVIVE,,,0.029193803978463013,0.2083017474785447,-0.0027097147970926018,-0.09169826444238424,-0.0027097147970926018,4.088979264589449,2.543042411638244,14.466737613004424,0.23450823586839192,0.004931607985879008,-0.0009747135546058416,-0.027711332142353058,0.01642459586262703,-0.327711344063282,0.01642459586262703,13.273049608344689,1.9193504081893762,16.906086281148834,0.25189977551845305,0.0012714773575889862,,,,,,,,,,,,,,,,
A048,rough_lateral,303,27,SURVIVE,,,-0.001958885540564855,0.18454145666211844,-0.050243254411034284,-0.11545855525881052,-0.050243254411034284,4.398615161221468,1.469449104490465,7.320004381955729,0.2329846839561607,0.0030521556017870585,-0.012992580831050872,0.2361619356274605,0.012683128267526626,-0.06383807629346848,0.012683128267526626,3.1835598852357068,1.5846964122961806,6.398989923697518,0.2270174380579097,0.000962609275777071,,,,,,,,,,,,,,,,
A048,rough_lateral,303,28,SURVIVE,,,0.02389734613306549,0.028149698751027852,-0.08063628839881858,-0.2718503131699011,-0.08063628839881858,4.9721857512711285,1.7844181924253462,8.669092288916712,0.25450204537885923,0.0023446924546185674,0.051602872516959906,0.011152409266214818,-0.16182497350499034,-0.28884760265471415,-0.16182497350499034,8.08740946029885,1.1605075009003987,9.79454429992065,0.2880387606180925,0.0010143320828198132,,,,,,,,,,,,,,,,
A048,rough_lateral,303,29,SURVIVE,,,0.020385108438010016,0.2482449904580911,0.0011278435192070902,-0.05175502146283786,0.0011278435192070902,2.708445402490201,1.210683737445479,5.5809665159364155,0.2498474997611394,0.0050724355932225546,0.0011275775730609893,0.2807053908705711,-0.03772196535021067,-0.01929462105035782,-0.03772196535021067,2.3874094219003394,0.7943802821220868,3.9314382242863632,0.24814238959455234,0.0014558169931013915,,,,,,,,,,,,,,,,
A048,rough_lateral,303,30,SURVIVE,,,0.008273640059972725,0.13356184071317936,-0.0595630899296763,-0.1664381712077496,-0.0595630899296763,7.412512345961987,3.227638597719847,18.45262594197331,0.24545909913997174,0.003372804366331049,0.03523446865845472,0.06850219872081652,-0.16630859171040357,-0.23149781320011242,-0.16630859171040357,7.584394999109805,1.6134432817089652,10.308396737267403,0.24331773962247816,0.0014314396496125092,,,,,,,,,,,,,,,,
A048,rough_lateral,303,31,FALL,10.68,,0.03240474139728273,0.18692086601629854,0.03948197836754844,-0.11307914590463042,0.03948197836754844,7.135215910511126,3.127546966493804,16.363949936266838,0.2297589845703035,0.0031017160670642613,,,,,,,,,,,,,,,,,,,,,,,,,,
A033,combined_yaw_right,101,0,SURVIVE,,,0.4276151152451833,-0.13437634302458415,-0.5310806110004584,0.015623662935880323,-0.031080611000458398,8.877940094240412,5.61817012925712,35.927635324016094,0.35414029892646903,1.5095593457553477e-06,,,,,,,,,,,,,,,,,,,,,,,,,,
A033,combined_yaw_right,101,1,SURVIVE,,,0.32938531254728637,-0.09949050647517045,-0.4606573075056076,0.05050949948529403,0.039342692494392394,10.620998629004566,5.771855470138381,34.40061284482815,0.35319738936827993,1.2239670370989305e-06,,,,,,,,,,,,,,,,,,,,,,,,,,
A033,combined_yaw_right,101,2,SURVIVE,,,0.44347257241606713,-0.1262560575082898,-0.47928300995379686,0.023743948452174663,0.020716990046203136,8.193312648909396,2.6709433407336824,19.74672834392119,0.3544179710650189,1.3667631914271392e-06,,,,,,,,,,,,,,,,,,,,,,,,,,
A033,combined_yaw_right,101,3,SURVIVE,,,0.3064544098824263,-0.07705137834263344,-0.47765257192154725,0.07294862761783104,0.022347428078452747,10.343243715636614,5.384758627513706,33.003168108759,0.3578184037558641,1.2647659383355615e-06,,,,,,,,,,,,,,,,,,,,,,,,,,
A033,combined_yaw_right,101,4,SURVIVE,,,0.4640189125140508,-0.13567413980762164,-0.47110842987895013,0.01432586615284284,0.02889157012104988,7.945760617001415,2.3917950238892045,18.913463344806296,0.35918539559564916,1.4279615432820856e-06,,,,,,,,,,,,,,,,,,,,,,,,,,
A033,combined_yaw_right,101,5,SURVIVE,,,0.340212913689514,-0.10454011807839075,-0.49811761612693467,0.04545988788207372,0.0018823838730653126,10.945790577864434,6.455026073943912,39.26775291754856,0.35688458710244847,1.7135538519385027e-06,,,,,,,,,,,,,,,,,,,,,,,,,,
A033,combined_yaw_right,101,6,SURVIVE,,,0.3636234064400196,-0.10434584928676487,-0.5342890045791865,0.04565415667369962,-0.03428900457918644,10.055299707917086,4.256248916697878,30.56202599828376,0.3559365962312927,1.529958796373663e-06,,,,,,,,,,,,,,,,,,,,,,,,,,
A033,combined_yaw_right,101,7,SURVIVE,,,0.3757014695679148,-0.09080247875923912,-0.48259459060927234,0.05919752720122536,0.01740540939072768,8.89550143692984,2.184524351641584,15.58445391119707,0.36571884208343886,1.1933678611714573e-06,,,,,,,,,,,,,,,,,,,,,,,,,,
A033,combined_yaw_right,101,8,SURVIVE,,,0.3818131674826145,-0.09264639308443293,-0.46825386881828307,0.05735361287603155,0.031746131181716916,9.276776928809113,2.771534420677584,17.216477454570203,0.3549006530520325,1.2953651142630346e-06,,,,,,,,,,,,,,,,,,,,,,,,,,
A033,combined_yaw_right,101,9,SURVIVE,,,0.32728183423479396,-0.07686736834701151,-0.48784485131502153,0.07313263761345297,0.012155148684978485,10.14755258585016,4.25359296969574,29.68749092144005,0.3548659866817176,1.366763191427139e-06,,,,,,,,,,,,,,,,,,,,,,,,,,
A033,combined_yaw_right,101,10,SURVIVE,,,0.4600526895125707,-0.1648854145904382,-0.48768716226021447,-0.014885408629973729,0.012312837739785512,6.998420092062312,1.395050692072718,12.326305567682976,0.35728786157042375,1.4789601698278743e-06,,,,,,,,,,,,,,,,,,,,,,,,,,
A033,combined_yaw_right,101,11,SURVIVE,,,0.4194966014102101,-0.112185254705837,-0.5115444703586399,0.03781475125462748,-0.011544470358639956,10.684041328354475,5.386226563190886,33.06109404694153,0.33525859992240625,1.49935962044619e-06,,,,,,,,,,,,,,,,,,,,,,,,,,
A033,combined_yaw_right,101,12,SURVIVE,,,0.4182712805271149,-0.1327695501347383,-0.5187815351039171,0.01723045582572619,-0.018781535103917123,9.276614843137775,4.719631497979732,27.04874138110446,0.34652366107293203,1.3055648395721926e-06,,,,,,,,,,,,,,,,,,,,,,,,,,
A033,combined_yaw_right,101,13,SURVIVE,,,0.3828244262933731,-0.0982043994544074,-0.5127127843350172,0.051795606506057086,-0.012712784335017204,10.20098157887489,4.2690271906594575,23.76178709142725,0.35196377898548165,1.3871626420454546e-06,,,,,,,,,,,,,,,,,,,,,,,,,,
A033,combined_yaw_right,101,14,SURVIVE,,,0.4041832382480303,-0.11780368698760867,-0.4952464450895786,0.032196318972855804,0.004753554910421371,8.259459257121959,1.4371985838600945,13.297908993979128,0.3721869886877702,1.458560719209559e-06,,,,,,,,,,,,,,,,,,,,,,,,,,
A033,combined_yaw_right,101,15,SURVIVE,,,0.35748460655411085,-0.10757422712010642,-0.5160533320903778,0.04242577884035806,-0.016053332090377806,8.773602087290383,3.475980563134993,22.76148564571963,0.365109117566583,1.3157645648813502e-06,,,,,,,,,,,,,,,,,,,,,,,,,,
A033,combined_yaw_right,101,16,SURVIVE,,,0.3467517658447226,-0.09802039447162922,-0.49639663100242615,0.051979611488835266,0.0036033689975738525,9.00951057681347,2.7085496591322435,16.376902870538498,0.36308572419930696,1.49935962044619e-06,,,,,,,,,,,,,,,,,,,,,,,,,,
A033,combined_yaw_right,101,17,SURVIVE,,,0.33973711214959623,-0.07619242678085963,-0.46333973040183385,0.07380757917960484,0.03666026959816615,9.238939011354402,2.9730035660252883,19.27262482553837,0.36406249318371486,1.4585607192095587e-06,,,,,,,,,,,,,,,,,,,,,,,,,,
A033,combined_yaw_right,101,18,SURVIVE,,,0.44377169375618297,-0.1368508589764436,-0.5151236232618491,0.013149146984020869,-0.015123623261849085,8.853659970532993,2.6748166287328194,16.44552407171324,0.34385755379144733,1.4687604445187165e-06,,,,,,,,,,,,,,,,,,,,,,,,,,
A033,combined_yaw_right,101,19,SURVIVE,,,0.3651508093997836,-0.09622207511837284,-0.47925024936596555,0.05377793084209164,0.020749750634034475,11.491740187407908,6.066433305344926,33.35061572795747,0.34394720497429904,1.4483609939004011e-06,,,,,,,,,,,,,,,,,,,,,,,,,,
A033,combined_yaw_right,101,20,SURVIVE,,,0.39903689119964836,-0.11163808529575665,-0.5029082954923312,0.03836192066470782,-0.002908295492331187,8.939223535494062,2.7340232927462376,17.725743336176006,0.3618437644780851,1.2953651142630349e-06,,,,,,,,,,,,,,,,,,,,,,,,,,
A033,combined_yaw_right,101,21,SURVIVE,,,0.36951063945889473,-0.10657597744216521,-0.49293096041927736,0.04342402851829926,0.00706903958072265,11.742337681835728,6.469331670221471,32.63233096237507,0.3324187687634359,1.2239670370989305e-06,,,,,,,,,,,,,,,,,,,,,,,,,,
A033,combined_yaw_right,101,22,SURVIVE,,,0.47460585355758667,-0.152170304680864,-0.4971770096073548,-0.002170298720399539,0.0028229903926452003,8.460657436441977,3.2188974304605273,23.350804091495895,0.3444066134937201,1.4687604445187165e-06,,,,,,,,,,,,,,,,,,,,,,,,,,
A033,combined_yaw_right,101,23,SURVIVE,,,0.39388117323319116,-0.11292385013774037,-0.49355971018473305,0.037076155822724104,0.006440289815266927,8.463710742187526,2.4433622281216043,20.17816240496134,0.36760182919561757,1.8359505556483959e-06,,,,,,,,,,,,,,,,,,,,,,,,,,
A033,combined_yaw_right,101,24,SURVIVE,,,0.46393711894750594,-0.14782958523215106,-0.49297051986058554,0.0021704207283134262,0.00702948013941447,7.518782667140834,1.95342780762245,14.878232377287247,0.35249173116184596,1.366763191427139e-06,,,,,,,,,,,,,,,,,,,,,,,,,,
A033,combined_yaw_right,101,25,SURVIVE,,,0.45342271621028585,-0.12663953381280105,-0.4859230857094129,0.023360472147663434,0.014076914290587108,8.345463798198457,2.118684384898294,17.53477875687807,0.34971142555993723,1.285165388953877e-06,,,,,,,,,,,,,,,,,,,,,,,,,,
A033,combined_yaw_right,101,26,SURVIVE,,,0.441036315759023,-0.1316990816531082,-0.5205897677938144,0.01830092430735628,-0.020589767793814343,9.697226649793883,3.4677740862812536,20.4038930332654,0.33908043785103714,1.3463637408088234e-06,,,,,,,,,,,,,,,,,,,,,,,,,,
A033,combined_yaw_right,101,27,SURVIVE,,,0.4550036984682083,-0.15316079586744308,-0.4888700970013936,-0.003160789906978607,0.011129902998606363,7.055037595648175,1.336211575142231,11.225510155291705,0.36457104900569626,1.3769629167362968e-06,,,,,,,,,,,,,,,,,,,,,,,,,,
A033,combined_yaw_right,101,28,SURVIVE,,,0.4085524640480677,-0.11901460076371828,-0.49812052187587447,0.03098540519674619,0.0018794781241255503,8.818655772089564,3.6705791174082973,24.956939108871566,0.35759657391039873,1.2137673117897727e-06,,,,,,,,,,,,,,,,,,,,,,,,,,
A033,combined_yaw_right,101,29,SURVIVE,,,0.45249789704879123,-0.1592438255250454,-0.46657934444646043,-0.009243819564580917,0.0334206555535396,7.631182989726772,1.2885395361157654,11.9954587191077,0.3572831450490391,1.4483609939004011e-06,,,,,,,,,,,,,,,,,,,,,,,,,,
A033,combined_yaw_right,101,30,SURVIVE,,,0.31285964712500575,-0.07807330230716616,-0.489912392894427,0.07192670365329831,0.01008760710557302,9.990188113599629,2.375111011988352,18.35676911670093,0.3637956796833538,1.4585607192095587e-06,,,,,,,,,,,,,,,,,,,,,,,,,,
A033,combined_yaw_right,101,31,SURVIVE,,,0.408557620048523,-0.12002639050285022,-0.5072928423186144,0.029973615457614265,-0.007292842318614324,8.056771587140169,2.1535100477462934,15.899796638594646,0.37010466501515177,1.49935962044619e-06,,,,,,,,,,,,,,,,,,,,,,,,,,
A033,combined_yaw_right,202,0,SURVIVE,,,0.48074627419312793,-0.1715200773626566,-0.45834810788432756,-0.021520071402192115,0.04165189211567243,7.706096215332527,1.1749217823232965,11.312331847570343,0.348987013816621,1.5095593457553477e-06,,,,,,,,,,,,,,,,,,,,,,,,,,
A033,combined_yaw_right,202,1,SURVIVE,,,0.43935407146811484,-0.12344893407076597,-0.4911118702838818,0.026551071889698505,0.008888129716118177,8.741958043901494,3.0778051332044054,21.077733287919912,0.35253345467136926,1.3259642901905082e-06,,,,,,,,,,,,,,,,,,,,,,,,,,
A033,combined_yaw_right,202,2,SURVIVE,,,0.3751130689183871,-0.09721103604882955,-0.49941060319542885,0.052788969911634925,0.0005893968045711517,9.927975275325348,4.713715445445518,28.957690743183665,0.352420583095355,1.244366487717246e-06,,,,,,,,,,,,,,,,,,,,,,,,,,
A033,combined_yaw_right,202,3,SURVIVE,,,0.38987188920378685,-0.09944537517925103,-0.532918253193299,0.050554630781213444,-0.032918253193298976,11.706068605875757,7.104565219372084,36.86785309391328,0.33845910245828237,1.234166762408088e-06,,,,,,,,,,,,,,,,,,,,,,,,,,
A033,combined_yaw_right,202,4,SURVIVE,,,0.3435232703139385,-0.08075573410916452,-0.49342619399229687,0.06924427185129996,0.006573806007703145,9.49006152087905,3.0839861660919365,22.1517734240896,0.3644303562450961,1.5605579723011365e-06,,,,,,,,,,,,,,,,,,,,,,,,,,
A033,combined_yaw_right,202,5,SURVIVE,,,0.43171923289696373,-0.0992699204571545,-0.5241601383686065,0.050730085503309964,-0.024160138368606567,10.418846488307011,6.297104052773151,30.597825633386243,0.3270560846117835,1.3769629167362968e-06,,,,,,,,,,,,,,,,,,,,,,,,,,
A033,combined_yaw_right,202,6,SURVIVE,,,0.4387141237594187,-0.1411291983537376,-0.46868106779952845,0.008870807606726885,0.03131893220047156,9.414618625853981,5.847841290995795,35.48097005710082,0.34380671044961014,1.3463637408088234e-06,,,,,,,,,,,,,,,,,,,,,,,,,,
A033,combined_yaw_right,202,7,SURVIVE,,,0.36919756983717283,-0.08395552066465219,-0.47303734579434,0.06604448529581229,0.026962654205660026,9.149394006678392,2.62631732826669,17.725418044592416,0.3647954978545507,1.3361640154996656e-06,,,,,,,,,,,,,,,,,,,,,,,,,,
A033,combined_yaw_right,202,8,SURVIVE,,,0.45456687033176424,-0.13684787608372667,-0.504550012499094,0.013152129876737794,-0.004550012499094009,7.931660254531995,2.221284035813918,15.54257768614956,0.3517000908291701,1.3565634661179812e-06,,,,,,,,,,,,,,,,,,,,,,,,,,
A033,combined_yaw_right,202,9,SURVIVE,,,0.3590067456786831,-0.09426974120860299,-0.5100639274219672,0.05573026475186149,-0.010063927421967189,10.234011921991259,4.252671710980994,27.796624824242336,0.354655277276156,1.2749656636447193e-06,,,,,,,,,,,,,,,,,,,,,,,,,,
A033,combined_yaw_right,202,10,SURVIVE,,,0.3951744335393111,-0.094980098119316,-0.5294983112315337,0.05501990784114848,-0.029498311231533687,9.709406487504312,3.7266565793815594,21.4546919298208,0.35960474296474626,1.3769629167362968e-06,,,,,,,,,,,,,,,,,,,,,,,,,,
A033,combined_yaw_right,202,11,SURVIVE,,,0.4203620121379693,-0.11654933273792267,-0.4998579676200946,0.03345067322254181,0.00014203237990538279,8.70896679505291,3.0632777697425198,21.382804829480335,0.35573221566364727,1.417761817972928e-06,,,,,,,,,,,,,,,,,,,,,,,,,,
A033,combined_yaw_right,202,12,SURVIVE,,,0.4809659893314044,-0.15340795330703258,-0.47654173637429875,-0.0034079473465681077,0.02345826362570127,7.724470478397963,1.4496908167463474,14.45888875696334,0.34611937390822994,1.3871626420454546e-06,,,,,,,,,,,,,,,,,,,,,,,,,,
A033,combined_yaw_right,202,13,SURVIVE,,,0.3907183410724004,-0.10007604545603196,-0.5092654314140479,0.04992396050443252,-0.009265431414047877,10.963086103837385,5.98537467591167,36.151732647763765,0.34546254824880185,1.3463637408088236e-06,,,,,,,,,,,,,,,,,,,,,,,,,,
A033,combined_yaw_right,202,14,SURVIVE,,,0.44400423819820084,-0.13486243328700462,-0.4726733148097992,0.015137572673459847,0.027326685190200806,8.594539562858674,3.374734267840382,23.248568940727978,0.34863823844574776,1.4381612685912431e-06,,,,,,,,,,,,,,,,,,,,,,,,,,
A033,combined_yaw_right,202,15,SURVIVE,,,0.4669087960322698,-0.15531472817063333,-0.5024766464469334,-0.005314722210168838,-0.002476646446933349,8.38088782428698,2.3335761748722503,18.337435497799927,0.34154133606243897,1.3463637408088236e-06,,,,,,,,,,,,,,,,,,,,,,,,,,
A033,combined_yaw_right,202,16,SURVIVE,,,0.3593064124137163,-0.09462399953355392,-0.5410045106212298,0.05537600642691056,-0.041004510621229805,10.611202478422912,5.222090454265083,33.354106689380785,0.354756399882881,1.3157645648813504e-06,,,,,,,,,,,,,,,,,,,,,,,,,,
A033,combined_yaw_right,202,17,SURVIVE,,,0.42900115956862767,-0.1316902265883982,-0.498704481224219,0.018309779372066258,0.0012955187757809957,7.847797669368321,1.382584581050541,12.41924115258513,0.36302272176678807,1.4687604445187165e-06,,,,,,,,,,,,,,,,,,,,,,,,,,
A033,combined_yaw_right,202,18,SURVIVE,,,0.40296742101510363,-0.11297622311860323,-0.5205535994966825,0.037023782841861246,-0.020553599496682486,9.27075382109037,3.6922191732941445,22.800997734137276,0.3543664896403192,1.4585607192095587e-06,,,,,,,,,,,,,,,,,,,,,,,,,,
A033,combined_yaw_right,202,19,SURVIVE,,,0.36480330061167476,-0.1040027364032964,-0.5147387037922939,0.04599726955716809,-0.014738703792293866,10.23402322144699,5.894356131501332,36.46703854726798,0.3587341252973373,1.4075620926637702e-06,,,,,,,,,,,,,,,,,,,,,,,,,,
A033,combined_yaw_right,202,20,SURVIVE,,,0.4600415473182996,-0.13782849659522375,-0.4919508737574021,0.012171509365240732,0.008049126242597899,8.500445647566751,1.7883862709776608,14.392732535559434,0.3493733753601285,1.2749656636447193e-06,,,,,,,,,,,,,,,,,,,,,,,,,,
A033,combined_yaw_right,202,21,SURVIVE,,,0.3749625179419915,-0.09759393923605482,-0.4842487453172604,0.05240606672440966,0.015751254682739576,8.89688201598914,2.45713610442681,15.475166665787187,0.36441275880935997,1.4585607192095587e-06,,,,,,,,,,,,,,,,,,,,,,,,,,
A033,combined_yaw_right,202,22,SURVIVE,,,0.41802039126555124,-0.1157193353958428,-0.5531350831066568,0.03428067056462169,-0.05313508310665687,9.694739008578582,4.120818113017535,23.462673144097064,0.3447816645543949,1.4483609939004011e-06,,,,,,,,,,,,,,,,,,,,,,,,,,
A033,combined_yaw_right,202,23,SURVIVE,,,0.46033894538879394,-0.1396393588371575,-0.5019074023763339,0.01036064712330699,-0.0019074023763338726,8.56051745060976,5.480708917938795,33.906400429024856,0.3560186679443467,1.5605579723011365e-06,,,,,,,,,,,,,,,,,,,,,,,,,,
A033,combined_yaw_right,202,24,SURVIVE,,,0.36174889984851083,-0.07756182138963293,-0.512726209598283,0.07243818457083155,-0.012726209598282972,10.679343916689685,4.535528330948083,29.37466951959615,0.34803188202773183,1.40756209266377e-06,,,,,,,,,,,,,,,,,,,,,,,,,,
A033,combined_yaw_right,202,25,SURVIVE,,,0.46956225315729777,-0.15835611899693808,-0.4794364490856727,-0.008356113036473592,0.020563550914327305,7.99681133128341,1.8066819101509257,14.628137252422832,0.34757791853790404,1.3769629167362968e-06,,,,,,,,,,,,,,,,,,,,,,,,,,
A033,combined_yaw_right,202,26,SURVIVE,,,0.31954926053682964,-0.07378858881692092,-0.4759369248151779,0.07621141714354356,0.02406307518482208,9.480835807898185,2.2748411570593605,14.595457647570194,0.36834240411214014,1.3055648395721926e-06,,,,,,,,,,,,,,,,,,,,,,,,,,
A033,combined_yaw_right,202,27,SURVIVE,,,0.4734331684311231,-0.15281597966949145,-0.4871350672841072,-0.0028159737090269724,0.012864932715892792,7.696717068677391,1.209309003291885,12.456835408490909,0.3532390104922169,1.5605579723011362e-06,,,,,,,,,,,,,,,,,,,,,,,,,,
A033,combined_yaw_right,202,28,SURVIVE,,,0.38032185167074206,-0.09821485830470919,-0.4953481500223279,0.05178514765575528,0.0046518499776721,9.01847139643387,2.9011935674422547,19.24083497798542,0.363496760847628,1.3769629167362968e-06,,,,,,,,,,,,,,,,,,,,,,,,,,
A033,combined_yaw_right,202,29,SURVIVE,,,0.3586949473619461,-0.089992221587648,-0.47985687613487243,0.06000778437281648,0.020143123865127562,10.184062403287996,6.105144080581838,34.834378541149334,0.35061008042617703,1.3157645648813502e-06,,,,,,,,,,,,,,,,,,,,,,,,,,
A033,combined_yaw_right,202,30,SURVIVE,,,0.4492492472132047,-0.15326460209985573,-0.4894683891534805,-0.0032645961393912635,0.01053161084651947,7.782001310653204,1.723843731282224,13.358232929865022,0.35754000787588364,1.3055648395721926e-06,,,,,,,,,,,,,,,,,,,,,,,,,,
A033,combined_yaw_right,202,31,SURVIVE,,,0.4663789454102516,-0.15093237467110157,-0.48632859379053117,-0.0009323687106370926,0.013671406209468842,8.614496862089883,4.044962702039241,28.167898349869436,0.34263426863254715,1.2341667624080883e-06,,,,,,,,,,,,,,,,,,,,,,,,,,
A033,combined_yaw_right,303,0,SURVIVE,,,0.3054752615839243,-0.0706295849258701,-0.4925187214712302,0.07937042103459438,0.007481278528769811,9.603749622859338,3.12655299083551,21.182179992808635,0.3673083375163257,1.325964290190508e-06,,,,,,,,,,,,,,,,,,,,,,,,,,
A033,combined_yaw_right,303,1,SURVIVE,,,0.4386159025132656,-0.15271008255581062,-0.5499350761373838,-0.0027100765953461327,-0.04993507613738378,9.866204853781435,5.300289418808406,26.725145121953236,0.33745540418700315,1.4381612685912433e-06,,,,,,,,,,,,,,,,,,,,,,,,,,
A033,combined_yaw_right,303,2,SURVIVE,,,0.37063223791619143,-0.09680724127218127,-0.539551217208306,0.053192764688283205,-0.039551217208306,9.859736451669376,4.348769716943356,25.18744372210457,0.35187200702315136,1.7645524784842913e-06,,,,,,,,,,,,,,,,,,,,,,,,,,
A033,combined_yaw_right,303,3,SURVIVE,,,0.36909208392103515,-0.10101867598791917,-0.5136927429835002,0.048981329972545305,-0.013692742983500162,9.250031472029207,2.6500229572913874,17.088159355379968,0.36451817023191013,1.2647659383355615e-06,,,,,,,,,,,,,,,,,,,,,,,,,,
A033,combined_yaw_right,303,4,SURVIVE,,,0.3540013785411914,-0.08805229980498552,-0.4921107586473227,0.061947706155478954,0.007889241352677346,10.466209048091292,4.08342149762988,28.199525741899524,0.357725129690081,1.417761817972928e-06,,,,,,,,,,,,,,,,,,,,,,,,,,
A033,combined_yaw_right,303,5,SURVIVE,,,0.34210602164268494,-0.09419365268181233,-0.5005819275105993,0.055806353278652146,-0.0005819275105992953,9.238953498702143,3.278521664686058,25.361352485808418,0.3642519329464372,1.4381612685912433e-06,,,,,,,,,,,,,,,,,,,,,,,,,,
A033,combined_yaw_right,303,6,SURVIVE,,,0.34430238895118237,-0.08996106856192151,-0.46495190531015396,0.06003893739854296,0.035048094689846036,9.668296602271639,4.109479916872329,25.981474899964766,0.35494634480931114,1.4177618179729278e-06,,,,,,,,,,,,,,,,,,,,,,,,,,
A033,combined_yaw_right,303,7,SURVIVE,,,0.409188636392355,-0.11979943605139852,-0.5105460769931476,0.03020056990906596,-0.010546076993147533,9.812312026146564,3.2235095676264884,22.341285220904727,0.3571855849441998,1.5095593457553477e-06,,,,,,,,,,,,,,,,,,,,,,,,,,
A033,combined_yaw_right,303,8,SURVIVE,,,0.40411609354118505,-0.11614606662808608,-0.4966780203829209,0.03385393933237841,0.003321979617079099,11.149763522228875,6.741496072981124,34.84070952681689,0.3336252429002959,1.366763191427139e-06,,,,,,,,,,,,,,,,,,,,,,,,,,
A033,combined_yaw_right,303,9,SURVIVE,,,0.36784552909433843,-0.0837886631116271,-0.4885398397097985,0.06621134284883738,0.011460160290201506,8.963610186390875,2.7009763003693856,20.661750766749538,0.3625033136054794,1.3157645648813504e-06,,,,,,,,,,,,,,,,,,,,,,,,,,
A033,combined_yaw_right,303,10,SURVIVE,,,0.39613052174448965,-0.1039341464995717,-0.4895356404284636,0.046065859460892776,0.010464359571536382,9.247976451519916,3.1003801022356625,20.068883797854554,0.3627806044336734,1.4381612685912433e-06,,,,,,,,,,,,,,,,,,,,,,,,,,
A033,combined_yaw_right,303,11,SURVIVE,,,0.4178268900016944,-0.12581472590565682,-0.501911781479915,0.024185280054807662,-0.0019117814799149832,8.382256993445962,2.2959670610139193,18.73622932407417,0.3573366536627691,1.7237535772476605e-06,,,,,,,,,,,,,,,,,,,,,,,,,,
A033,combined_yaw_right,303,12,SURVIVE,,,0.3782030468682448,-0.0995464398401479,-0.5163244747867187,0.05045356612031659,-0.016324474786718685,12.77266534484157,7.498764044855548,32.207513694953946,0.323878295294635,1.366763191427139e-06,,,,,,,,,,,,,,,,,,,,,,,,,,
A033,combined_yaw_right,303,13,SURVIVE,,,0.40240961679567894,-0.11727243989706039,-0.5154594185948372,0.03272756606340408,-0.015459418594837189,9.615424384377917,5.267081511292977,34.714203990998975,0.3572316107902935,1.3463637408088234e-06,,,,,,,,,,,,,,,,,,,,,,,,,,
A033,combined_yaw_right,303,14,SURVIVE,,,0.4574544148892164,-0.14908284427598117,-0.49439704964558284,0.0009171616844832897,0.0056029503544171655,7.790617762666499,2.9496604599700302,21.031144130777452,0.3466765507736946,1.4585607192095587e-06,,,,,,,,,,,,,,,,,,,,,,,,,,
A033,combined_yaw_right,303,15,SURVIVE,,,0.3065429010490576,-0.06683228015744437,-0.4732548083861669,0.0831677258030201,0.02674519161383311,9.131878202184728,1.9035742810948975,14.265950711950182,0.3728230269314346,1.2341667624080883e-06,,,,,,,,,,,,,,,,,,,,,,,,,,
A033,combined_yaw_right,303,16,SURVIVE,,,0.4216959314544996,-0.14679547275726995,-0.5125220940510432,0.0032045332031945387,-0.012522094051043193,9.083709611632376,3.023665661035352,20.653067323200176,0.34775210093686926,1.3871626420454546e-06,,,,,,,,,,,,,,,,,,,,,,,,,,
A033,combined_yaw_right,303,17,SURVIVE,,,0.43348663464188575,-0.1374925260990858,-0.48929610192775724,0.01250747986137867,0.010703898072242736,7.928555916699894,1.9366953009591679,17.99747569434284,0.36075287451187343,1.6727549507018718e-06,,,,,,,,,,,,,,,,,,,,,,,,,,
A033,combined_yaw_right,303,18,SURVIVE,,,0.4463684057195981,-0.1060869176266715,-0.5040642812351386,0.04391308833379298,-0.004064281235138576,9.21924311637409,4.646531619017915,26.71217169423117,0.3461498068328847,1.285165388953877e-06,,,,,,,,,,,,,,,,,,,,,,,,,,
A033,combined_yaw_right,303,19,SURVIVE,,,0.48395591527223586,-0.17356269550820191,-0.4864421601096789,-0.02356268954773744,0.013557839890321095,7.6658653837742,1.4107201855422122,11.645878408357545,0.3522047168159867,1.4075620926637702e-06,,,,,,,,,,,,,,,,,,,,,,,,,,
A033,combined_yaw_right,303,20,SURVIVE,,,0.46039017697175344,-0.15223107213775317,-0.4898829384644826,-0.0022310661772886914,0.010117061535517375,7.5969704742905195,1.5628119784280525,12.393712873065029,0.34838305891410126,1.4789601698278745e-06,,,,,,,,,,,,,,,,,,,,,,,,,,
A033,combined_yaw_right,303,21,SURVIVE,,,0.3703189814090729,-0.08346291184425354,-0.4627591449751829,0.06653709411621093,0.03724085502481709,9.080140109171294,2.778965147769234,17.504647629487636,0.36468093423654263,1.3565634661179812e-06,,,,,,,,,,,,,,,,,,,,,,,,,,
A033,combined_yaw_right,303,22,SURVIVE,,,0.3020924072371175,-0.07215516484652956,-0.48387339668969315,0.07784484111393492,0.016126603310306867,9.69762842091742,2.4655886580463933,16.328663506591155,0.36591490361142287,1.2647659383355615e-06,,,,,,,,,,,,,,,,,,,,,,,,,,
A033,combined_yaw_right,303,23,SURVIVE,,,0.39795463194449743,-0.0807938023780783,-0.4619321501503388,0.06920620358238617,0.03806784984966119,9.312511640758116,3.492547770947445,20.068077653958138,0.3539894624588324,1.3769629167362968e-06,,,,,,,,,,,,,,,,,,,,,,,,,,
A033,combined_yaw_right,303,24,SURVIVE,,,0.3615306617816289,-0.07984978479954104,-0.46963880854348344,0.07015022116092344,0.030361191456516584,9.875068662027559,2.9971608519156323,18.66255940401555,0.3596255091603002,1.3565634661179814e-06,,,,,,,,,,,,,,,,,,,,,,,,,,
A033,combined_yaw_right,303,25,SURVIVE,,,0.35630155159470933,-0.10770423048486312,-0.47900360114872453,0.04229577547560136,0.020996398851275445,11.418709128508265,6.072716689668057,36.80602090072661,0.3348393051931884,1.40756209266377e-06,,,,,,,,,,,,,,,,,,,,,,,,,,
A033,combined_yaw_right,303,26,SURVIVE,,,0.4263710180918376,-0.12643750369548798,-0.48046946560343107,0.0235625022649765,0.019530534396568933,7.84379435671298,1.998793773693595,15.709227577358076,0.36935848442203434,1.3361640154996658e-06,,,,,,,,,,,,,,,,,,,,,,,,,,
A033,combined_yaw_right,303,27,SURVIVE,,,0.43205632199843724,-0.1383290661126375,-0.4883211213350296,0.011670939847826958,0.011678878664970398,7.373353442634273,1.0680935823628956,10.397900198609415,0.3704389841952851,1.5503582469919787e-06,,,,,,,,,,,,,,,,,,,,,,,,,,
A033,combined_yaw_right,303,28,SURVIVE,,,0.34333371490240094,-0.09119390479909877,-0.48464121560255685,0.058806101161365705,0.015358784397443136,8.799536756547099,2.129249200748036,15.052034731721642,0.3730875838551929,1.4075620926637702e-06,,,,,,,,,,,,,,,,,,,,,,,,,,
A033,combined_yaw_right,303,29,SURVIVE,,,0.3426864768813054,-0.08823680795729161,-0.4746713964144389,0.06176319800317288,0.025328603585561115,10.274792698188884,3.545500627700287,22.587086221910358,0.3536881612668913,1.662555225392714e-06,,,,,,,,,,,,,,,,,,,,,,,,,,
A033,combined_yaw_right,303,30,SURVIVE,,,0.44472428460915886,-0.10310008812695742,-0.5247569972773393,0.04689991783350706,-0.0247569972773393,9.574074646707519,4.397745639201968,21.803082936690874,0.340773702637822,1.3157645648813502e-06,,,,,,,,,,,,,,,,,,,,,,,,,,
A033,combined_yaw_right,303,31,SURVIVE,,,0.45234038879474003,-0.1411959424118201,-0.4730307448407014,0.008804063548644384,0.02696925515929858,7.927595657788159,1.2530973959103833,11.086865367020746,0.3595789739080504,1.4177618179729278e-06,,,,,,,,,,,,,,,,,,,,,,,,,,
A033,combined_yaw_left,101,0,SURVIVE,,,0.47426875432332355,0.12274801688268781,0.4383721336722374,-0.02725198907777667,-0.061627866327762605,8.662835222981887,1.345781012520294,12.469890336427927,0.36408043497917697,1.3769629167362968e-06,,,,,,,,,,,,,,,,,,,,,,,,,,
A033,combined_yaw_left,101,1,SURVIVE,,,0.42761151790618895,0.09514208711412114,0.4675609324872494,-0.054857918846343334,-0.03243906751275063,7.984642399966082,1.210786864159121,11.222702945492347,0.37478616497998996,1.4279615432820856e-06,,,,,,,,,,,,,,,,,,,,,,,,,,
A033,combined_yaw_left,101,2,SURVIVE,,,0.4975453942020734,0.14206522463510435,0.4714641507466634,-0.00793478132536014,-0.02853584925333659,8.331066477185239,1.7602260565366348,13.816577666331138,0.3579256442104219,1.4075620926637702e-06,,,,,,,,,,,,,,,,,,,,,,,,,,
A033,combined_yaw_left,101,3,SURVIVE,,,0.41826025356849034,0.08251423630708207,0.44891469314694404,-0.0674857696533824,-0.051085306853055956,8.194377812191467,1.3556764565637525,13.08777730201059,0.376498085250829,1.448360993900401e-06,,,,,,,,,,,,,,,,,,,,,,,,,,
A033,combined_yaw_left,101,4,SURVIVE,,,0.48065202911694843,0.13141338370740413,0.45137572566668194,-0.01858662225306034,-0.04862427433331808,8.439928829071441,1.1891565654602558,11.255748988874297,0.36092737536485603,1.4279615432820856e-06,,,,,,,,,,,,,,,,,,,,,,,,,,
A033,combined_yaw_left,101,5,SURVIVE,,,0.4258306313554446,0.10135038934027155,0.4393559651325146,-0.048649616620192924,-0.06064403486748537,8.48058090032826,1.6430637613485461,13.426338155200206,0.3712147879616462,1.4891598951370321e-06,,,,,,,,,,,,,,,,,,,,,,,,,,
A033,combined_yaw_left,101,6,SURVIVE,,,0.40052091484268504,0.0964547876516978,0.4527941576391459,-0.053545218308766684,-0.04720584236085415,8.740543017315002,1.2982644913935721,12.034176260769987,0.3717650801570233,1.3055648395721926e-06,,,,,,,,,,,,,,,,,,,,,,,,,,
A033,combined_yaw_left,101,7,SURVIVE,,,0.45000595301389695,0.11214249656846126,0.44470935642719267,-0.03785750939200322,-0.05529064357280731,8.239384920761234,1.6204127208612684,12.88948821629643,0.3688819505574444,1.244366487717246e-06,,,,,,,,,,,,,,,,,,,,,,,,,,
A033,combined_yaw_left,101,8,SURVIVE,,,0.47817381282647453,0.1166474922032406,0.4478451681137085,-0.03335251375722388,-0.052154831886291504,9.829734475739517,2.6757910452754166,20.702932655116637,0.35097597750245785,1.5809574229194518e-06,,,,,,,,,,,,,,,,,,,,,,,,,,
A033,combined_yaw_left,101,9,SURVIVE,,,0.4070589116215706,0.07506816677128275,0.42364204868674277,-0.07493183918918173,-0.07635795131325722,8.031779157082171,1.2729774045587172,11.460920663866059,0.37696060309010604,1.325964290190508e-06,,,,,,,,,,,,,,,,,,,,,,,,,,
A033,combined_yaw_left,101,10,SURVIVE,,,0.49945220520099004,0.13512733814306557,0.46985865965485574,-0.014872667817398906,-0.030141340345144273,9.05535335611932,1.3259509200779345,12.43926517449476,0.3565426377566953,1.4177618179729278e-06,,,,,,,,,,,,,,,,,,,,,,,,,,
A033,combined_yaw_left,101,11,SURVIVE,,,0.46143406828244526,0.11499899963809487,0.4617382460832596,-0.0350010063223696,-0.038261753916740415,8.383895326267748,1.3521749772129157,11.463739027915054,0.3663234210933381,1.285165388953877e-06,,,,,,,,,,,,,,,,,,,,,,,,,,
A033,combined_yaw_left,101,12,SURVIVE,,,0.4746244647105535,0.12634842552244663,0.44761376415689785,-0.023651580438017846,-0.05238623584310214,7.978553057469657,1.1157224070959346,10.362987973723095,0.36812892943833175,1.4687604445187165e-06,,,,,,,,,,,,,,,,,,,,,,,,,,
A033,combined_yaw_left,101,13,SURVIVE,,,0.45000812510649363,0.09780773506810268,0.443622794598341,-0.0521922708923618,-0.05637720540165901,7.812515096855075,1.1339048010538195,11.875407324992533,0.376650698324682,1.3769629167362968e-06,,,,,,,,,,,,,,,,,,,,,,,,,,
A033,combined_yaw_left,101,14,SURVIVE,,,0.48234971741835275,0.13152321932216485,0.4636795601248741,-0.018476786638299623,-0.036320439875125884,9.077463552965831,2.0728072831109805,17.60530447510693,0.3602837764754652,1.1729684105531417e-06,,,,,,,,,,,,,,,,,,,,,,,,,,
A033,combined_yaw_left,101,15,SURVIVE,,,0.4440001864234606,0.09825477310766777,0.45368081296483675,-0.05174523285279671,-0.046319187035163245,7.71499370467041,1.1235754155488644,10.792203676112388,0.37682784784764534,1.3871626420454546e-06,,,,,,,,,,,,,,,,,,,,,,,,,,
A033,combined_yaw_left,101,16,SURVIVE,,,0.4416921861966451,0.10472298712780079,0.4496152487893899,-0.0452770188326637,-0.05038475121061007,8.71062917717481,1.9048288019877142,14.657466363381019,0.3672893819653839,1.5605579723011362e-06,,,,,,,,,,,,,,,,,,,,,,,,,,
A033,combined_yaw_left,101,17,SURVIVE,,,0.4229788446923097,0.08673713635653257,0.4568625146150589,-0.0632628696039319,-0.0431374853849411,8.826636561621303,1.5190138959973156,13.567161880675233,0.36915912566975473,1.5095593457553475e-06,,,,,,,,,,,,,,,,,,,,,,,,,,
A033,combined_yaw_left,101,18,SURVIVE,,,0.48876736015081407,0.13644852509101232,0.4516804911692937,-0.013551480869452159,-0.04831950883070628,8.393290624261748,1.1031917129246323,11.063967808832695,0.36213385049618924,1.4075620926637702e-06,,,,,,,,,,,,,,,,,,,,,,,,,,
A033,combined_yaw_left,101,19,SURVIVE,,,0.3979345706601938,0.08229554659298932,0.43384892610212167,-0.06770445936747516,-0.06615107389787833,7.637922360697759,1.0629707250890497,10.185840830372467,0.3799731536626603,1.2749656636447193e-06,,,,,,,,,,,,,,,,,,,,,,,,,,
A033,combined_yaw_left,101,20,SURVIVE,,,0.4373724796374639,0.10496066176642974,0.4334295164545377,-0.045039344194034735,-0.06657048354546229,8.898044066732378,1.3685171863991912,12.091175788051702,0.3696833259913798,1.3157645648813502e-06,,,,,,,,,,,,,,,,,,,,,,,,,,
A033,combined_yaw_left,101,21,SURVIVE,,,0.44427760094404223,0.1075446277608474,0.45896749253074326,-0.04245537819961707,-0.04103250746925672,8.892343200894672,1.502792784588697,12.728748789554265,0.36650664350725115,1.3463637408088234e-06,,,,,,,,,,,,,,,,,,,,,,,,,,
A033,combined_yaw_left,101,22,SURVIVE,,,0.49458991597096125,0.13717270862932007,0.4537204676369826,-0.012827297331144412,-0.0462795323630174,8.935712937357188,1.3503200090847431,13.965867601217836,0.3531608402532477,2.029745336522393e-06,,,,,,,,,,,,,,,,,,,,,,,,,,
A033,combined_yaw_left,101,23,SURVIVE,,,0.4674518082539241,0.11679815319677193,0.4533038073778152,-0.03320185276369254,-0.04669619262218475,7.751901862963829,1.2095105608916477,11.59402949343782,0.3725726631979679,1.7747522037934493e-06,,,,,,,,,,,,,,,,,,,,,,,,,,
A033,combined_yaw_left,101,24,SURVIVE,,,0.5062577498952547,0.14599114377051592,0.44572371852894627,-0.004008862189948559,-0.05427628147105376,8.696942148935657,1.0668050066776837,11.34973710930333,0.3542095692362802,1.6013568735377674e-06,,,,,,,,,,,,,,,,,,,,,,,,,,
A033,combined_yaw_left,101,25,SURVIVE,,,0.5036887766917547,0.14402406807988882,0.4417460948725541,-0.005975937880575657,-0.058253905127445854,8.732500151194106,1.0915871139486586,11.607361095252738,0.3581125563521224,1.4789601698278743e-06,,,,,,,,,,,,,,,,,,,,,,,,,,
A033,combined_yaw_left,101,26,SURVIVE,,,0.4835487667719523,0.11695543666370213,0.42477756256858507,-0.03304456929676235,-0.07522243743141492,8.887168134310649,1.339511907531403,12.600912875140006,0.3621425969263874,1.2953651142630346e-06,,,,,,,,,,,,,,,,,,,,,,,,,,
A033,combined_yaw_left,101,27,SURVIVE,,,0.4901304440697034,0.13326638729621967,0.4449839540819327,-0.01673361866424481,-0.055016045918067295,9.046797649429067,1.4894881955871646,13.842066174624126,0.3568605817458634,1.3973623673546124e-06,,,,,,,,,,,,,,,,,,,,,,,,,,
A033,combined_yaw_left,101,28,SURVIVE,,,0.4709425840775172,0.12328159778689345,0.43954446469744046,-0.02671840817357103,-0.06045553530255954,8.002878336441078,1.0899691413335775,10.498387623657294,0.368550389072793,1.3871626420454546e-06,,,,,,,,,,,,,,,,,,,,,,,,,,
A033,combined_yaw_left,101,29,SURVIVE,,,0.49131047308444975,0.13639488212764264,0.4646199337641398,-0.013605123832821846,-0.03538006623586019,8.781589317931653,1.2246871379552557,11.915170951931515,0.357905942354079,2.0093458859040775e-06,,,,,,,,,,,,,,,,,,,,,,,,,,
A033,combined_yaw_left,101,30,SURVIVE,,,0.4166785615185897,0.088137980196625,0.4429843498021364,-0.061862025763839486,-0.05701565019786358,8.640225225155074,1.3503443269251334,12.26784277029707,0.37205398313873805,1.3565634661179812e-06,,,,,,,,,,,,,,,,,,,,,,,,,,
A033,combined_yaw_left,101,31,SURVIVE,,,0.45435847928126655,0.11189211819320917,0.44626940180857977,-0.03810788776725531,-0.05373059819142024,8.762839436040771,1.6111919106478252,13.10556152997969,0.3681005233032181,1.366763191427139e-06,,,,,,,,,,,,,,,,,,,,,,,,,,
A033,combined_yaw_left,202,0,SURVIVE,,,0.5202034530043602,0.15218844993660846,0.4853710752228896,0.002188443976143996,-0.014628924777110417,8.418615891717106,1.3357070852182051,11.875490302290139,0.3548686330485259,1.4789601698278743e-06,,,,,,,,,,,,,,,,,,,,,,,,,,
A033,combined_yaw_left,202,1,SURVIVE,,,0.4775020187099775,0.12322177228828271,0.4613126354912917,-0.026778233672181764,-0.03868736450870832,8.140039839306047,1.322998885533753,11.307856606820083,0.3667547393583572,1.4483609939004011e-06,,,,,,,,,,,,,,,,,,,,,,,,,,
A033,combined_yaw_left,202,2,SURVIVE,,,0.44677259018023807,0.09941521680836256,0.4369223489363988,-0.050584789152101926,-0.06307765106360118,7.9946548914458315,1.1092405344320948,11.0134384292931,0.37728857331203697,1.4279615432820858e-06,,,,,,,,,,,,,,,,,,,,,,,,,,
A033,combined_yaw_left,202,3,SURVIVE,,,0.4407156041264534,0.10237280230969191,0.4544525399804115,-0.047627203650772575,-0.04554746001958847,8.2601242152762,1.9572874178767503,16.291488917300377,0.37350166456425254,1.3361640154996658e-06,,,,,,,,,,,,,,,,,,,,,,,,,,
A033,combined_yaw_left,202,4,SURVIVE,,,0.43908484945694604,0.0983195391173164,0.4447818093498548,-0.051680466843148073,-0.055218190650145216,8.127768010408715,1.1741044914600316,11.148428541029578,0.3756361698759006,1.5197590710645055e-06,,,,,,,,,,,,,,,,,,,,,,,,,,
A033,combined_yaw_left,202,5,SURVIVE,,,0.4798464286327362,0.1294557308529814,0.45754100459317365,-0.02054427510748307,-0.042458995406826336,8.29133806944078,0.958002841650146,11.052857737413499,0.3665299043293093,1.3973623673546124e-06,,,,,,,,,,,,,,,,,,,,,,,,,,
A033,combined_yaw_left,202,6,SURVIVE,,,0.5066888797283172,0.13665750749253977,0.4692756553987662,-0.013342498467924695,-0.0307243446012338,9.080592417913012,1.2961417989040038,12.154888179791165,0.3575179897904821,1.4279615432820856e-06,,,,,,,,,,,,,,,,,,,,,,,,,,
A033,combined_yaw_left,202,7,SURVIVE,,,0.43514382754762965,0.1062791739962995,0.45942252720395726,-0.04372083196416497,-0.04057747279604276,9.263042897746557,2.305685289158528,21.012637053983575,0.3626520432393712,1.2341667624080883e-06,,,,,,,,,,,,,,,,,,,,,,,,,,
A033,combined_yaw_left,202,8,SURVIVE,,,0.4954665689667066,0.14761681452393532,0.4422264433900515,-0.0023831914365291594,-0.05777355660994848,8.469493662102552,1.0114127327162248,11.283551822158044,0.35927793172272765,1.3055648395721926e-06,,,,,,,,,,,,,,,,,,,,,,,,,,
A033,combined_yaw_left,202,9,SURVIVE,,,0.4347094402710597,0.10211546959976356,0.45953610623876257,-0.047884536360700926,-0.04046389376123746,8.147660051191053,1.4634286440920883,11.86559537929103,0.3723340549225688,1.3463637408088234e-06,,,,,,,,,,,,,,,,,,,,,,,,,,
A033,combined_yaw_left,202,10,SURVIVE,,,0.44658319825927417,0.1010988604874971,0.4289629219720761,-0.048901145472967374,-0.0710370780279239,8.152174625597862,1.3246479418039028,11.689867733419353,0.3724981831388678,1.5809574229194518e-06,,,,,,,,,,,,,,,,,,,,,,,,,,
A033,combined_yaw_left,202,11,SURVIVE,,,0.4835035277406375,0.12702667680879434,0.43621406887968384,-0.02297332915167014,-0.06378593112031619,8.190808766861666,0.9398393663542903,10.433715240589796,0.3647186905384701,1.5605579723011362e-06,,,,,,,,,,,,,,,,,,,,,,,,,,
A033,combined_yaw_left,202,12,SURVIVE,,,0.5004296017686526,0.14679651188353698,0.46798217048247653,-0.003203494076927503,-0.032017829517523445,8.612501865935934,1.397333209868876,13.175893289192524,0.3555632057615992,1.4789601698278743e-06,,,,,,,,,,,,,,,,,,,,,,,,,,
A033,combined_yaw_left,202,13,SURVIVE,,,0.4405220259229342,0.11034096165249745,0.4539643086989721,-0.039659044307967024,-0.046035691301027935,9.146038529773397,1.868388458935387,14.296435591410345,0.3669121995738271,1.4279615432820856e-06,,,,,,,,,,,,,,,,,,,,,,,,,,
A033,combined_yaw_left,202,14,SURVIVE,,,0.49225656847159066,0.12798602499688666,0.4312689999739329,-0.022013980963577828,-0.0687310000260671,8.938853410466491,2.016035704960044,16.52225203291696,0.35466942013106884,1.529958796373663e-06,,,,,,,,,,,,,,,,,,,,,,,,,,
A033,combined_yaw_left,202,15,SURVIVE,,,0.5105859834949176,0.1467696131269137,0.4468437073131402,-0.0032303928335507713,-0.053156292686859764,8.684193185269402,1.1484766956016985,11.616896234516474,0.3601382599380564,1.49935962044619e-06,,,,,,,,,,,,,,,,,,,,,,,,,,
A033,combined_yaw_left,202,16,SURVIVE,,,0.4255140764514605,0.09374764911209543,0.44860948850711185,-0.056252356848369045,-0.05139051149288813,9.474342238223372,2.231624531386249,18.872372581151716,0.36593290970712206,1.5095593457553475e-06,,,,,,,,,,,,,,,,,,,,,,,,,,
A033,combined_yaw_left,202,17,SURVIVE,,,0.47763146032889686,0.13308154645065468,0.449564010600249,-0.016918459509809813,-0.050435989399751024,8.664554007719731,1.0658319180209554,11.76609457084202,0.363551272261164,1.3055648395721926e-06,,,,,,,,,,,,,,,,,,,,,,,,,,
A033,combined_yaw_left,202,18,SURVIVE,,,0.44154582381248475,0.10252678281317154,0.4238052233805259,-0.04747322314729293,-0.07619477661947409,8.967411735692988,1.6640842891277987,14.219185815628546,0.3650696894967407,1.3871626420454546e-06,,,,,,,,,,,,,,,,,,,,,,,,,,
A033,combined_yaw_left,202,19,SURVIVE,,,0.42570777346690497,0.09222332570701837,0.43773391177256904,-0.0577766802534461,-0.06226608822743098,8.484562563975379,1.344501656943013,11.234137986852577,0.376094012046349,1.458560719209559e-06,,,,,,,,,,,,,,,,,,,,,,,,,,
A033,combined_yaw_left,202,20,SURVIVE,,,0.5028940959771474,0.14550959651668866,0.4614454480508963,-0.004490409443775813,-0.03855455194910367,8.636259757134118,1.101812079676769,11.108457889513467,0.35954781521822254,1.3871626420454546e-06,,,,,,,,,,,,,,,,,,,,,,,,,,
A033,combined_yaw_left,202,21,SURVIVE,,,0.47178208738565447,0.10735299941773216,0.45050410250822703,-0.04264700654273232,-0.04949589749177297,8.597692644496576,1.2494475362713715,12.355865746097441,0.36769189796611373,1.4891598951370321e-06,,,,,,,,,,,,,,,,,,,,,,,,,,
A033,combined_yaw_left,202,22,SURVIVE,,,0.4894799815615018,0.12381316824505727,0.3947932584381973,-0.026186837715407214,-0.10520674156180272,9.55475887102147,2.7041333251097472,20.8105886765777,0.3544389293049321,1.3361640154996658e-06,,,,,,,,,,,,,,,,,,,,,,,,,,
A033,combined_yaw_left,202,23,SURVIVE,,,0.5026692658662796,0.14702186082800228,0.4504703446229299,-0.0029781451324621838,-0.04952965537707011,8.902130125272322,1.2439323443343373,12.197294133623897,0.34911151320751554,1.3565634661179812e-06,,,,,,,,,,,,,,,,,,,,,,,,,,
A033,combined_yaw_left,202,24,SURVIVE,,,0.4352291286488374,0.10711593335028738,0.4421276096254587,-0.0428840726101771,-0.05787239037454128,8.988002528507725,2.1075999467330533,16.88575792398543,0.36896088289332685,1.3565634661179812e-06,,,,,,,,,,,,,,,,,,,,,,,,,,
A033,combined_yaw_left,202,25,SURVIVE,,,0.5093088129162788,0.14552148696035147,0.47538399785757063,-0.0044785190001130105,-0.02461600214242935,9.023222337243618,1.2261026058051319,11.962105718841563,0.35415613249661454,1.6625552253927138e-06,,,,,,,,,,,,,,,,,,,,,,,,,,
A033,combined_yaw_left,202,26,SURVIVE,,,0.4153481655319532,0.09905338115912551,0.4592963593701522,-0.05094662480133896,-0.04070364062984785,9.081556126210252,2.168827410313362,14.652080382455745,0.3675938640218792,1.4381612685912433e-06,,,,,,,,,,,,,,,,,,,,,,,,,,
A033,combined_yaw_left,202,27,SURVIVE,,,0.5038548107941946,0.14369215791424114,0.44830038795868554,-0.0063078480462233225,-0.051699612041314444,9.143606216967767,1.17734468487064,12.500078756431087,0.3524527396046542,1.5503582469919785e-06,,,,,,,,,,,,,,,,,,,,,,,,,,
A033,combined_yaw_left,202,28,SURVIVE,,,0.4425622789065043,0.10858116087814172,0.42916917356041573,-0.041418845082322756,-0.0708308264395843,9.044222473572571,1.878996998929928,14.71861470044526,0.3643162154784815,1.5401585216828209e-06,,,,,,,,,,,,,,,,,,,,,,,,,,
A033,combined_yaw_left,202,29,SURVIVE,,,0.4411368292570114,0.10494873034146925,0.434284369473656,-0.04505127561899523,-0.06571563052634398,7.922993360056659,1.0310652611305426,10.526371308955186,0.372738097336628,1.3361640154996658e-06,,,,,,,,,,,,,,,,,,,,,,,,,,
A033,combined_yaw_left,202,30,SURVIVE,,,0.5062947162985801,0.13786657830079396,0.47731216142574945,-0.012133427659670511,-0.022687838574250538,8.849320401686509,1.520808710414386,13.072309844934448,0.35759150367741493,1.3871626420454546e-06,,,,,,,,,,,,,,,,,,,,,,,,,,
A033,combined_yaw_left,202,31,SURVIVE,,,0.5179007499416669,0.1497263314574957,0.48624991382161775,-0.00027367450296878816,-0.013750086178382238,8.61648087544279,1.3985485363625194,12.471803928272754,0.35080578264705636,1.3361640154996658e-06,,,,,,,,,,,,,,,,,,,,,,,,,,
A033,combined_yaw_left,303,0,SURVIVE,,,0.41822213485836984,0.09981889095778267,0.45855343642334145,-0.05018111500268181,-0.04144656357665857,8.33704156358443,1.7029301746899024,12.765075159698393,0.3728985117415693,1.5401585216828209e-06,,,,,,,,,,,,,,,,,,,,,,,,,,
A033,combined_yaw_left,303,1,SURVIVE,,,0.4827676882346471,0.11724325630813837,0.44472252945105234,-0.032756749652326105,-0.05527747054894765,8.703413078894283,1.3901900225927308,12.944364864376375,0.36238001923563223,1.3973623673546124e-06,,,,,,,,,,,,,,,,,,,,,,,,,,
A033,combined_yaw_left,303,2,SURVIVE,,,0.4456147126853466,0.1107754047214985,0.4299539173146089,-0.03922460123896599,-0.07004608268539111,8.594814244820846,1.526411514007545,13.124104203698694,0.36706969777264914,1.4585607192095587e-06,,,,,,,,,,,,,,,,,,,,,,,,,,
A033,combined_yaw_left,303,3,SURVIVE,,,0.4322979239622752,0.10318141142527262,0.43754235468494396,-0.046818594535191854,-0.06245764531505604,8.498324106932927,1.5227098411145115,13.485702670109955,0.36889422949569534,1.5809574229194518e-06,,,,,,,,,,,,,,,,,,,,,,,,,,
A033,combined_yaw_left,303,4,SURVIVE,,,0.3953641041616599,0.08846891066835573,0.4379534615816859,-0.061531095292108755,-0.06204653841831411,9.24151269091687,1.646042172909071,14.56447188273472,0.3705167713166346,1.3361640154996658e-06,,,,,,,,,,,,,,,,,,,,,,,,,,
A033,combined_yaw_left,303,5,SURVIVE,,,0.43132119327783586,0.0963191733431692,0.4593396389981111,-0.05368083261729528,-0.04066036100188891,8.250924060134126,1.343602877480108,11.418442091957912,0.37636698105543476,1.621756324156083e-06,,,,,,,,,,,,,,,,,,,,,,,,,,
A033,combined_yaw_left,303,6,SURVIVE,,,0.43713100334008537,0.09937095067153374,0.4541755744318167,-0.05062905528893073,-0.045824425568183266,8.22736644916364,1.301990991927322,11.42709851361907,0.37351099336317306,1.3973623673546124e-06,,,,,,,,,,,,,,,,,,,,,,,,,,
A033,combined_yaw_left,303,7,SURVIVE,,,0.4429344630241394,0.10822916640589635,0.467319944947958,-0.04177083955456813,-0.03268005505204201,9.119447006297559,1.5466886111446863,13.0622652353326,0.36671390063409925,1.2545662130264037e-06,,,,,,,,,,,,,,,,,,,,,,,,,,
A033,combined_yaw_left,303,8,SURVIVE,,,0.4592372789978981,0.12775177648911873,0.47683714399735133,-0.02224822947134574,-0.023162856002648672,8.72600932791146,1.8246387514229676,16.162053962110548,0.3609486908182741,1.4483609939004011e-06,,,,,,,,,,,,,,,,,,,,,,,,,,
A033,combined_yaw_left,303,9,SURVIVE,,,0.4843983833988508,0.11606816676445306,0.4549514355758826,-0.03393183919601142,-0.04504856442411741,8.9413969089477,2.460143433319295,15.301580858599571,0.36175596261035103,1.4891598951370321e-06,,,,,,,,,,,,,,,,,,,,,,,,,,
A033,combined_yaw_left,303,10,SURVIVE,,,0.4615370814998945,0.11423181931177775,0.46765516097346943,-0.03576818664868673,-0.032344839026530584,8.780770624270824,1.5640070754142732,15.033639566579444,0.36848733985753407,1.4483609939004011e-06,,,,,,,,,,,,,,,,,,,,,,,,,,
A033,combined_yaw_left,303,11,SURVIVE,,,0.4798670574029287,0.12044356690098842,0.4376642253994942,-0.029556439059476056,-0.06233577460050583,8.33714336170218,1.1146239408988021,11.264336473737115,0.36853945994069015,1.4891598951370321e-06,,,,,,,,,,,,,,,,,,,,,,,,,,
A033,combined_yaw_left,303,12,SURVIVE,,,0.43362348144253093,0.10816297590732575,0.4516542559117079,-0.041837030053138734,-0.04834574408829212,9.128696244232518,1.8169909718330577,15.068818583058055,0.3643068481591296,1.4279615432820858e-06,,,,,,,,,,,,,,,,,,,,,,,,,,
A033,combined_yaw_left,303,13,SURVIVE,,,0.4440710335969925,0.10374898409082865,0.4364407014970978,-0.04625102186963583,-0.06355929850290219,8.277038128839404,1.0348544714972088,11.057701944375777,0.3735385634209596,1.49935962044619e-06,,,,,,,,,,,,,,,,,,,,,,,,,,
A033,combined_yaw_left,303,14,SURVIVE,,,0.5121505360802014,0.14757249144216378,0.44526878794034325,-0.0024275145183006923,-0.05473121205965678,8.525309324550069,1.4650804783118603,12.240119185748533,0.35488491253525606,1.4891598951370321e-06,,,,,,,,,,,,,,,,,,,,,,,,,,
A033,combined_yaw_left,303,15,SURVIVE,,,0.3998869729538759,0.08153608807052175,0.42473121503988903,-0.06846391788994273,-0.07526878496011098,8.709524589292752,1.3112419528818167,12.320577210602316,0.374029098880376,1.3361640154996658e-06,,,,,,,,,,,,,,,,,,,,,,,,,,
A033,combined_yaw_left,303,16,SURVIVE,,,0.4556211083134015,0.11775945633649826,0.4507464517156283,-0.03224054962396622,-0.049253548284371694,7.957114470222317,1.257533702099711,10.645659832336573,0.3670492057743982,1.4177618179729278e-06,,,,,,,,,,,,,,,,,,,,,,,,,,
A033,combined_yaw_left,303,17,SURVIVE,,,0.48373360057671866,0.12412186528245608,0.4542413239181042,-0.025878140678008397,-0.04575867608189583,8.330599629508628,1.2202668315659408,11.720151496602636,0.3657381654529435,1.754352753175134e-06,,,,,,,,,,,,,,,,,,,,,,,,,,
A033,combined_yaw_left,303,18,SURVIVE,,,0.48090688824653627,0.12917859375476837,0.4542705176770687,-0.020821412205696107,-0.04572948232293129,9.499681726226289,1.4021764940285106,13.886048413471988,0.35864515485716797,1.6625552253927138e-06,,,,,,,,,,,,,,,,,,,,,,,,,,
A033,combined_yaw_left,303,19,SURVIVE,,,0.510652194917202,0.14454603439817826,0.45271532868345576,-0.005453971562286218,-0.047284671316544215,8.224962632120395,1.1785937671727058,11.396928197471333,0.3575582729558894,1.5605579723011362e-06,,,,,,,,,,,,,,,,,,,,,,,,,,
A033,combined_yaw_left,303,20,SURVIVE,,,0.507089246014754,0.15124581411480903,0.4622315794974565,0.0012458081543445588,-0.03776842050254345,8.779255941274569,1.4095727802522044,13.33536153454962,0.3527735581839998,1.6013568735377674e-06,,,,,,,,,,,,,,,,,,,,,,,,,,
A033,combined_yaw_left,303,21,SURVIVE,,,0.4327791405717532,0.10000661467512449,0.44159771454830965,-0.04999339128533999,-0.05840228545169036,8.520081765254785,1.1954032792043405,11.816598639961242,0.3741758571732491,1.325964290190508e-06,,,,,,,,,,,,,,,,,,,,,,,,,,
A033,combined_yaw_left,303,22,SURVIVE,,,0.3768681871891022,0.07254705451739331,0.43078084169809394,-0.07745295144307117,-0.06921915830190604,8.550867911177736,1.307663905351921,12.284322149909057,0.3757499355986157,1.4279615432820856e-06,,,,,,,,,,,,,,,,,,,,,,,,,,
A033,combined_yaw_left,303,23,SURVIVE,,,0.4762473554412524,0.11515882316666345,0.45063444882631304,-0.03484118279380103,-0.04936555117368698,7.677614220429336,1.0364583966069119,10.032111782461174,0.3738157194040038,1.9787467099766046e-06,,,,,,,,,,,,,,,,,,,,,,,,,,
A033,combined_yaw_left,303,24,SURVIVE,,,0.4427030055721601,0.10721116179289918,0.45138720124959947,-0.04278884416756531,-0.048612798750400546,8.343240756501809,1.4482923902813716,11.768120845522066,0.3716683438276862,1.7135538519385027e-06,,,,,,,,,,,,,,,,,,,,,,,,,,
A033,combined_yaw_left,303,25,SURVIVE,,,0.4411287387212118,0.10988729486241937,0.4498110552628835,-0.04011271109804511,-0.0501889447371165,8.909800913739707,1.6966349351014631,14.679085295954058,0.36485663394027007,1.5095593457553477e-06,,,,,,,,,,,,,,,,,,,,,,,,,,
A033,combined_yaw_left,303,26,SURVIVE,,,0.4514305008451144,0.11298868206329643,0.46382939179738364,-0.03701132389716804,-0.036170608202616375,8.244372826744875,0.8371281059589258,9.960459144268167,0.36836158127070745,1.3157645648813502e-06,,,,,,,,,,,,,,,,,,,,,,,,,,
A033,combined_yaw_left,303,27,SURVIVE,,,0.46383320411046347,0.12068457632015149,0.43024226966624457,-0.02931542964031299,-0.06975773033375542,8.632398736776329,1.2473778742701411,11.820717133151268,0.3647637742747173,1.6013568735377674e-06,,,,,,,,,,,,,,,,,,,,,,,,,,
A033,combined_yaw_left,303,28,SURVIVE,,,0.4334680111209552,0.10438000391237438,0.46436987340450286,-0.0456200020480901,-0.03563012659549713,8.71690247551358,2.020126670937243,13.495276718212002,0.370477940539519,1.8053513797209225e-06,,,,,,,,,,,,,,,,,,,,,,,,,,
A033,combined_yaw_left,303,29,SURVIVE,,,0.4403242368499438,0.10321761097759008,0.4608890037735303,-0.04678239498287439,-0.03911099622646968,8.728971254767368,1.9995107911985064,14.503942458641742,0.371323414635637,1.4483609939004011e-06,,,,,,,,,,,,,,,,,,,,,,,,,,
A033,combined_yaw_left,303,30,SURVIVE,,,0.48657708217700324,0.12611767299473287,0.4290920232484738,-0.023882332965731622,-0.0709079767515262,8.738891531164512,1.6292501075504449,13.97137101650947,0.3618946882838021,1.4381612685912433e-06,,,,,,,,,,,,,,,,,,,,,,,,,,
A033,combined_yaw_left,303,31,SURVIVE,,,0.4938588552673658,0.13377408792575202,0.44771123935778934,-0.016225918034712475,-0.05228876064221064,8.517278202815497,1.2674923780293008,11.164172638605505,0.36246064418936796,1.6421557747743984e-06,,,,,,,,,,,,,,,,,,,,,,,,,,
A033,rough_lateral,101,0,SURVIVE,,,0.03221231463132426,0.01725507710284243,-0.11835024159091215,-0.28274493481808655,-0.11835024159091215,12.584646441357428,2.401369537774717,17.69897157631196,0.3353809343796363,0.0027866873511656065,0.006202698680572212,0.018421848602592945,0.022860403321683407,-0.281578163318336,0.022860403321683407,9.923022755017913,0.5872055307385188,11.013742324038528,0.3519014739257129,0.0009556632628415357,,,,,,,,,,,,,,,,
A033,rough_lateral,101,1,FALL,19.12,19.02,-0.03768156244729956,0.1765419659204781,-0.08726833418011665,-0.12345804600045085,-0.08726833418011665,5.531369666063574,2.9180287416505806,18.079099837186522,0.37966615020697553,0.005781938685452875,,,,,,,,,,,-0.10651415769010782,0.2147080037742853,0.10931663140654564,-0.08529200814664364,0.10931663140654564,6.5605597837606515,4.0298690071291645,17.58846159626201,0.3483167728574518,0.00247717668665922,18.88,18.92,,-0.14,-0.1,
A033,rough_lateral,101,2,FALL,1.12,0.96,,,,,,,,,,,,,,,,,,,,,0.00985922717905425,0.23307318868551483,0.13928720726572136,-0.06692682323541413,0.13928720726572136,7.119215656394689,3.542067523799359,17.42410443214752,0.365549333114675,0.0024957503864471917,,,,,,
A033,rough_lateral,101,3,SURVIVE,,,-0.037887152732582766,0.16812256298959255,-0.014930551056750119,-0.1318774489313364,-0.014930551056750119,8.07055625127721,4.8472536981412855,29.25710007842679,0.37189459197767705,0.004279202955929352,0.03035529753891751,0.10671560622751713,-0.16599627876654266,-0.19328440569341182,-0.16599627876654266,8.78988041838624,0.9006024197727115,10.248797305059597,0.3859234907792851,0.0009995220816709088,,,,,,,,,,,,,,,,
A033,rough_lateral,101,4,FALL,6.92,6.72,-0.04381678152181532,0.19585820112481528,0.05953115855939455,-0.10414181079611368,0.05953115855939455,12.789188845321755,9.414267762654807,45.857799793173356,0.3282996749151952,0.0025384566363166328,,,,,,,,,,,-0.03128163293004036,0.1996249082684517,0.055007332898676396,-0.10037510365247726,0.055007332898676396,7.024307579470936,2.8878133688269316,16.766280650209797,0.3553498907203981,0.0012909996318307068,,,,,,
A033,rough_lateral,101,5,SURVIVE,,,0.05804642544438442,0.09269409562771519,-0.11395436291117221,-0.20730591629321377,-0.11395436291117221,9.658329876921485,2.2008786256420336,20.702034239359605,0.35191394932129805,0.0031934727959454373,0.05251887068152428,0.14741462394595145,-0.020917555019259453,-0.1525853879749775,-0.020917555019259453,10.270327096425204,1.5013842375051287,13.509669161053175,0.3271944328807892,0.0012815648859197393,,,,,,,,,,,,,,,,
A033,rough_lateral,101,6,FALL,9.02,8.62,-0.03841253237669662,0.165753365384262,0.03681661207247089,-0.13424664653666696,0.03681661207247089,5.746818437534158,2.744168221053036,19.19059310538223,0.36778626059440966,0.0040185285762032105,,,,,,,,,,,-0.02910665886476636,0.21880333572626115,0.05194253877736628,-0.08119667619466782,0.05194253877736628,5.452959298155409,2.843947735770684,15.864555000537807,0.3713545230971301,0.0018220279306013984,8.6,8.56,,-0.02,-0.06,
A033,rough_lateral,101,7,SURVIVE,,,0.0443732866171437,0.037548328296009764,-0.15309495364005368,-0.2624516836249192,-0.15309495364005368,11.166148811289782,1.6259167857116403,15.662731285625327,0.3421689389600898,0.0036176997710039294,0.022848378042690454,0.017560516517842188,-0.020920445639640094,-0.28243949540308677,-0.020920445639640094,9.905943255439146,0.7644303382147385,11.381813446852412,0.3555057109294728,0.0014122743657566036,,,,,,,,,,,,,,,,
A033,rough_lateral,101,8,FALL,8.62,8.3,0.012480639991702134,0.1608877363672704,0.0038339612248094743,-0.13911227555365854,0.0038339612248094743,9.925574145596203,2.3142817768491777,15.434643794514997,0.3729128583848766,0.0033195923993931745,,,,,,,,,,,-0.012796970283878701,0.26386334579818105,0.07086053760532214,-0.03613666612274793,0.07086053760532214,6.939634106999385,2.263674695472523,16.496173389684827,0.36768168156016645,0.0018424069817690944,8.3,8.12,8.14,0.0,-0.18,-0.16
A033,rough_lateral,101,9,SURVIVE,,,0.003224518749242028,0.15543500136273602,-0.041761668468049414,-0.14456501055819293,-0.041761668468049414,8.819123007489047,2.4131434429305303,14.323737601858745,0.38557995538288686,0.0032064876454399246,0.01844320124015212,0.046866874545812606,-0.08193451654165983,-0.25313313737511633,-0.08193451654165983,11.531006902946045,0.963968895033997,13.103618476575525,0.39619462276206296,0.0009472790886374122,,,,,,,,,,,,,,,,
A033,rough_lateral,101,10,FALL,1.42,0.76,,,,,,,,,,,,,,,,,,,,,-0.032761000889680675,0.2658770068901012,0.04322849474595608,-0.03412300503082775,0.04322849474595608,3.090503901438272,4.179870351701069,17.64981608817526,0.3728791617523609,0.0015873832498642243,,,,,,
A033,rough_lateral,101,11,SURVIVE,,,-0.04184050492981138,0.09199788548673192,0.08828922579569431,-0.20800212643419702,0.08828922579569431,4.933975086698188,2.105922846575609,11.477734794704078,0.3671520819266637,0.0017286494453960521,0.0016815171530470251,0.044893017010763286,0.11811025321716442,-0.25510699491016564,0.11811025321716442,3.555005397391398,0.502346225145928,4.700446455019235,0.38370126795959986,0.0008161718195134962,,,,,,,,,,,,,,,,
A033,rough_lateral,101,12,FALL,4.98,4.4,-0.17028924126339995,-0.02511607161115693,-0.14309052608745254,-0.3251160835320859,-0.14309052608745254,20.786910442430848,5.108750964614058,32.9810038656092,0.273453298414815,0.001397994750323782,,,,,,,,,,,-0.05925623236262068,0.2138062022170242,-0.038932771022830694,-0.08619380970390475,-0.038932771022830694,6.882036605675643,3.64444023372818,17.578095069036614,0.35146684856000043,0.0022743857480625393,,4.3,,,-0.1,
A033,rough_lateral,101,13,SURVIVE,,,-0.015784658688741425,0.1564829209446907,-0.033720147903077306,-0.14351709097623824,-0.033720147903077306,5.967974323701911,2.9124742431472534,13.615105689530676,0.3746795269039438,0.003626165543010526,-0.038249402344226836,0.2177888423204422,-0.013587011285126209,-0.08221116960048676,-0.013587011285126209,7.83856041586614,2.454324881093525,12.84095935810569,0.35803383629589797,0.0019930569245853527,,,,,,,,,,,,,,,,
A033,rough_lateral,101,14,SURVIVE,,,-0.0368345807120204,0.19733061318596204,-0.01287991005772104,-0.10266939873496692,-0.01287991005772104,7.16700107110942,2.01634800738763,11.130451326000124,0.3673390374575707,0.004922703625684116,-0.036559293046593666,0.13424531295895575,-0.11783743470907211,-0.1657546989619732,-0.11783743470907211,7.099285633365898,1.3182389448510023,9.044787446166524,0.3789102888840405,0.0008625295710436159,,,,,,,,,,,,,,,,
A033,rough_lateral,101,15,SURVIVE,,,-0.05270851072544853,0.19777817914883294,-0.05179026831096659,-0.102221832772096,-0.05179026831096659,8.759669706667657,5.19735290034557,27.393398264957174,0.3588825668349411,0.0036089790058645987,-0.07536744281649589,0.1329812653362751,-0.08943801410496235,-0.16701874658465385,-0.08943801410496235,8.091706692968662,2.0354112422469406,15.753565072223394,0.32702010705828033,0.0013327675069717201,,,,,,,,,,,,,,,,
A033,rough_lateral,101,16,SURVIVE,,,-0.039230386279523376,0.20288989660640558,0.005176646433149775,-0.09711011531452338,0.005176646433149775,6.006148420333636,2.485065882927615,11.827950251646206,0.38395472729641694,0.004592263124843329,-0.025937686562538146,0.2069323715567589,0.009558247737586498,-0.09306764036417008,0.009558247737586498,8.983736466669079,1.2148452623609094,11.827950251646206,0.39451428219915075,0.001194948818594374,,,,,,,,,,,,,,,,
A033,rough_lateral,101,17,FALL,12.32,11.44,-0.05048555446788669,0.18851147286593914,0.012891246771905571,-0.11148853905498982,0.012891246771905571,7.070374876919392,2.21958641889498,14.325601011573504,0.37331609772063407,0.004885433829404456,,,,,,,,,,,-0.13343413904309273,0.21092547550797464,-0.033011733843013646,-0.08907453641295433,-0.033011733843013646,4.196513652629886,2.4018830879290265,16.855503429597164,0.3683064043968119,0.0013155401709245493,11.44,,11.44,0.0,,0.0
A033,rough_lateral,101,18,FALL,19.4,18.82,-0.045395270297303794,0.15531010234107573,-0.04253000154004743,-0.14468990957985323,-0.04253000154004743,10.062906895686424,4.033612854559775,23.38070990072656,0.336643802976757,0.0041638440626827825,,,,,,,,,,,0.0182727379957214,0.22258223950862885,0.02585642415098846,-0.0774177724123001,0.02585642415098846,8.309685516177254,3.500450340946743,17.623406438731163,0.3621837491147658,0.0011350254324030765,,,18.76,,,-0.06
A033,rough_lateral,101,19,FALL,8.4,7.64,-0.04085270355563557,0.16386093760549275,0.0020185063158922292,-0.1361390743154362,0.0020185063158922292,8.059985298115869,2.5653315194279016,15.161608383119965,0.38007163170350455,0.004399304721444688,,,,,,,,,,,-0.05706615708768368,0.1897730450332165,0.09790527310222387,-0.11022696688771248,0.09790527310222387,5.31434817786492,4.003343887827193,17.395249810703945,0.36956315737994594,0.002798396635820523,7.6,,7.46,-0.04,,-0.18
A033,rough_lateral,101,20,FALL,14.16,13.86,0.025211093921291953,0.20825146799286207,-0.029341108126876254,-0.09174854392806689,-0.029341108126876254,6.409752140226785,1.9794181469875325,10.411760861236111,0.38910684441765786,0.006159348921342324,,,,,,,,,,,-0.046325012112502006,0.2268961898982525,0.10202968142926692,-0.07310382202267647,0.10202968142926692,3.824542742556029,4.043494033469998,16.693056775457865,0.3562879183011896,0.001760727581493357,13.8,13.86,,-0.06,0.0,
A033,rough_lateral,101,21,SURVIVE,,,0.017971618144462506,0.19033302907521527,-0.016511039418789248,-0.10966698284571369,-0.016511039418789248,6.890805172665088,2.067216301988737,12.179760013513334,0.3880608516506545,0.004029901269922927,0.0036041143536567686,0.19974709957838058,-0.12627678721211852,-0.10025291234254836,-0.12627678721211852,5.575930661430847,1.536999885296472,9.429087921844136,0.3751890293289633,0.0014146407020283192,,,,,,,,,,,,,,,,
A033,rough_lateral,101,22,SURVIVE,,,0.03626118570566177,0.20261949286485711,-0.04371418920190384,-0.09738051905607184,-0.04371418920190384,15.434187574397678,13.682516010747925,57.100683620416746,0.3155663774474632,0.005353346227962075,0.033847982063889503,0.10143285378813743,-0.18611474208533763,-0.19856715813279152,-0.18611474208533763,26.856906536346763,13.270505864575595,53.410325669534515,0.2211869361311357,0.0022528847271108335,,,,,,,,,,,,,,,,
A033,rough_lateral,101,23,FALL,6.28,6.02,-0.022129032013398255,0.12023108795013589,0.15167860619701623,-0.17976892397079305,0.15167860619701623,10.913940557976213,10.00283922783813,38.977721873317165,0.3112000866259726,0.00239934258282503,,,,,,,,,,,-0.07635780291631818,0.19062697365880013,0.0956724907644093,-0.10937303826212882,0.0956724907644093,5.4632046806603105,3.7137709543786146,17.869929363198658,0.3483265524624503,0.0028175823191270433,,,,,,
A033,rough_lateral,101,24,FALL,1.64,1.04,,,,,,,,,,,,,,,,,,,,,-0.017575846471804744,0.1975213721660631,0.07441040136547265,-0.10247863975486585,0.07441040136547265,10.055989484270933,3.7646778120633604,18.019866611929388,0.35542470464263565,0.0015075398001441406,,,,,,
A033,rough_lateral,101,25,FALL,8.54,8.42,-0.0319431825593962,0.22012932326008633,-0.0455902500609996,-0.07987068866084261,-0.0455902500609996,8.377948330499335,3.6897351410304977,17.00151202682141,0.3231630795532235,0.006073712027646644,,,,,,,,,,,0.031143214404582977,0.22145845085382462,0.07551047913730144,-0.07854156106710435,0.07551047913730144,7.299722386847833,3.2036172569922416,17.216085153012397,0.35279510066152253,0.0023792593236913046,8.42,8.42,,0.0,0.0,
A033,rough_lateral,101,26,FALL,1.34,0.9,,,,,,,,,,,,,,,,,,,,,-0.013050887056372383,0.2419608285100284,0.02777706237975508,-0.05803918341090056,0.02777706237975508,5.1073042772288195,2.9457141983933437,16.295286767754124,0.36118360413949235,0.001540882702179766,,,,,,
A033,rough_lateral,101,27,FALL,2.18,1.6,,,,,,,,,,,,,,,,,,,,,-0.08654660482567791,0.2191565692120669,0.12425935846202228,-0.08084344270886207,0.12425935846202228,5.710368049078465,3.308910190400542,15.824315817815933,0.35923432662447224,0.002941182590423419,,,,,,
A033,rough_lateral,101,28,FALL,17.28,16.8,-0.07011693755164743,0.16488215153415997,-0.04299521487671882,-0.13511786038676898,-0.04299521487671882,6.983449123575982,2.6647562712873585,14.678411439216251,0.34788482851416885,0.00576544572962797,,,,,,,,,,,-0.0005195068940520287,0.26089342107996344,0.03652056041173637,-0.03910659084096551,0.03652056041173637,8.00926426787357,3.7723747479008445,15.200562309609678,0.3413883121510878,0.0024073697666433386,16.62,,,-0.18,,
A033,rough_lateral,101,29,FALL,1.8,1.16,,,,,,,,,,,,,,,,,,,,,-0.02835649475455284,0.23050010859966277,0.023509913757443428,-0.06949990332126617,0.023509913757443428,6.088622111051928,3.5577097566102363,16.861132330252733,0.3722785270277829,0.002685240883240722,,,,,,
A033,rough_lateral,101,30,FALL,9.06,8.42,-0.017346662779649098,0.17931742940431203,-0.07267401748378496,-0.12068258251661693,-0.07267401748378496,5.733350550364703,2.563813358017387,10.387961470129168,0.38565485189142007,0.0033102494510099806,,,,,,,,,,,-0.01335955187678337,0.20321729570627212,0.0937786584161222,-0.09678271621465682,0.0937786584161222,5.208675623762433,3.2166920606684384,17.83202871992578,0.3715877654718205,0.0020236459007875185,8.4,8.4,,-0.02,-0.02,
A033,rough_lateral,101,31,FALL,10.22,9.84,-0.06898018504182497,0.19647761514410378,-0.06608166040775056,-0.10352239677682519,-0.06608166040775056,7.342969908285913,3.2775810365383893,16.827449471882556,0.3608869817895473,0.0071895925756444296,,,,,,,,,,,-0.042503202594816686,0.2229141297750175,-0.021231339536607264,-0.07708588214591146,-0.021231339536607264,7.001315176974434,3.3036416283532994,13.94190509491556,0.36437352859718913,0.002485958650150402,,,,,,
A033,rough_lateral,202,0,FALL,1.74,1.54,,,,,,,,,,,,,,,,,,,,,-0.04272719025611878,0.2626799282431602,0.0439797896053642,-0.037320083677768706,0.0439797896053642,4.1644654051643455,3.33728374318363,16.91434010189848,0.36181961715540145,0.001414640702028326,,,,,,
A033,rough_lateral,202,1,SURVIVE,,,-0.027823714774082572,0.21286352764659872,-0.07912555328395683,-0.08713648427433024,-0.07912555328395683,7.673334861674425,5.898944935199234,33.67827886916755,0.3571320969859759,0.005068814690737805,0.024196155993267895,0.17183660563081504,-0.034044976029545065,-0.1281634062901139,-0.034044976029545065,9.188955103127725,2.1723325475227204,13.573973358847793,0.33088724598208846,0.002032540061257103,,,,,,,,,,,,,,,,
A033,rough_lateral,202,2,SURVIVE,,,-0.012729190509999171,0.21952500740376613,-0.03172260165660797,-0.08047500451716284,-0.03172260165660797,5.506381120331551,2.3347663163837695,10.471476269982402,0.379813171721291,0.0065869724049287676,0.015218173996836414,0.2113510213792324,-0.015592369674704969,-0.08864899054169655,-0.015592369674704969,6.115951050685951,0.9569497328542322,8.103628774292812,0.3916443291290559,0.0030026971337629507,,,,,,,,,,,,,,,,
A033,rough_lateral,202,3,FALL,14.52,14.02,-0.024961378395867845,0.0853469521777394,0.015302439845787982,-0.21465305974318957,0.015302439845787982,6.527894026224634,2.660540632260957,12.27142639916858,0.3773707742465796,0.0017605541861631033,,,,,,,,,,,-0.09662828996777534,0.14331644281744957,-0.15905593635514378,-0.1566835691034794,-0.15905593635514378,4.518229914979785,3.101419971624452,16.548038925877123,0.39299444686601503,0.0011041712633428763,14.02,14.02,,0.0,0.0,
A033,rough_lateral,202,4,SURVIVE,,,-0.09193113628774881,0.1395348439582934,0.004553729354714354,-0.16046516796263555,0.004553729354714354,7.917087675454575,7.365969214887159,37.7791187152081,0.3476522996947302,0.004344552595985131,0.05675795707851648,0.009770152941346168,-0.1932474422082305,-0.2902298589795828,-0.1932474422082305,11.626084356176618,1.6281265541408145,14.15177907393258,0.3496948861533945,0.001381583392301343,,,,,,,,,,,,,,,,
A033,rough_lateral,202,5,FALL,13.92,13.36,-0.07503939806794127,0.14630212255443137,0.03811644676296661,-0.1536978893664976,0.03811644676296661,7.737163132356042,3.6766762692661366,18.070811438513815,0.3468977602901943,0.003527727994051842,,,,,,,,,,,-0.035466147661209105,0.25282084435224533,0.052324720602482555,-0.04717916756868362,0.052324720602482555,5.828142529100454,3.5436329259591384,17.29362702026224,0.3676572590078262,0.0015438100233435004,13.36,13.22,13.28,0.0,-0.14,-0.08
A033,rough_lateral,202,6,FALL,10.14,9.58,0.02560875178469966,0.12034656885856142,-0.09858111539855599,-0.17965344306236755,-0.09858111539855599,12.240680922523199,3.7320719964081666,18.15060397488464,0.3259686615340638,0.007696233331200904,,,,,,,,,,,-0.016145022781565786,0.25256148308515547,-0.056051035290583966,-0.047438528835773465,-0.056051035290583966,6.596481991382467,2.8341994117210927,16.72865171399808,0.3675523125710972,0.0017232639904328217,,9.52,,,-0.06,
A033,rough_lateral,202,7,FALL,5.76,5.32,-0.0071125195049124,0.14092104347503703,0.08008275838295484,-0.15907896844589192,0.08008275838295484,4.414570442247082,2.0669104549866337,9.114147945069714,0.37616697432924995,0.0018626330370571514,,,,,,,,,,,-0.03595908305607736,0.2598186302185059,0.09547133058775216,-0.040181381702423094,0.09547133058775216,5.049653325645141,3.473870545327632,15.78878452298954,0.3878952419439101,0.001880390758820398,5.22,5.22,5.24,-0.1,-0.1,-0.08
A033,rough_lateral,202,8,FALL,0.96,0.82,,,,,,,,,,,,,,,,,,,,,-0.06035518399439752,0.23959587581339292,0.07394389748806134,-0.06040413610753603,0.07394389748806134,4.412089780488696,3.4405984124650675,15.776856439988002,0.36173525484089547,0.0014391608416715398,,,,,,
A033,rough_lateral,202,9,SURVIVE,,,-0.05086655987426639,0.15960520053903263,-0.10318918229546398,-0.14039481138189633,-0.10318918229546398,7.4379509659992555,4.876403360910759,28.482922111087728,0.36192091727533016,0.0029618778330757004,-0.14967124164104462,0.2293509854376316,-0.281270662099123,-0.07064902648329735,-0.281270662099123,25.507707138443244,7.480851712609757,39.244297937072794,0.2650451480672959,0.001965079078062329,,,,,,,,,,,,,,,,
A033,rough_lateral,202,10,FALL,13.86,13.4,-0.0014376764744520188,0.20680239963034788,0.02264269635003681,-0.09319761229058107,0.02264269635003681,5.971791442950167,2.9035478405209956,13.227945846866284,0.3764754128657985,0.005175024430382064,,,,,,,,,,,-0.042500056363642215,0.21881572768092156,-0.004725177995860577,-0.0811842842400074,-0.004725177995860577,6.529716070397184,3.220659197211637,15.946936775889762,0.37555684159146274,0.0021367812539166975,13.38,13.38,13.36,-0.02,-0.02,-0.04
A033,rough_lateral,202,11,FALL,3.4,2.78,,,,,,,,,,,,,,,,,,,,,-0.005271631423383951,0.22817886829376222,-0.009133090190589428,-0.07182114362716675,-0.009133090190589428,4.073264575372711,3.022812216567077,16.067140799965657,0.3659095732222266,0.0025248502027542183,,,,,,
A033,rough_lateral,202,12,FALL,15.74,15.16,0.02020770967938006,0.10440027171125014,-0.10868612391874194,-0.1955997402096788,-0.10868612391874194,18.935186127276165,17.647355017356745,80.94152896342987,0.3010841041213688,0.00795803988043637,,,,,,,,,,,0.020405998919159174,0.3151772564649582,0.16684875264763832,0.015177244544029236,0.16684875264763832,6.137929732598297,3.1121514915498354,17.988885549055006,0.3589575600018476,0.0020294189453125,,15.12,,,-0.04,
A033,rough_lateral,202,13,FALL,14.12,14.0,0.01591613106429577,0.14608382835518569,-0.058628184016949185,-0.15391618356574327,-0.058628184016949185,13.596000426303616,6.759312624137524,35.43179384435249,0.3351192344536544,0.003077236726322277,,,,,,,,,,,-0.05518809169530869,0.24855056926608085,-0.03615883514285088,-0.0514494426548481,-0.03615883514285088,5.506980931823931,3.5672581424101604,17.05255949825294,0.36562696169085684,0.0020041440259964127,,,13.94,,,-0.06
A033,rough_lateral,202,14,FALL,15.78,15.64,-0.0395211345423013,0.16940025297614436,-0.012075765510089695,-0.1305997589447846,-0.012075765510089695,8.739586568601595,3.626439429325154,28.835371051308513,0.34027823102665455,0.004660682882217167,,,,,,,,,,,-0.0029999769479036333,0.24906919166445732,0.04362001318484545,-0.05093082025647164,0.04362001318484545,5.128950045934454,3.1475482985832746,17.756854891342254,0.36692272374017987,0.0024687619132791605,,15.46,15.52,,-0.18,-0.12
A033,rough_lateral,202,15,FALL,12.14,11.92,-0.00506729577978452,0.16283320248747865,-0.005187360100292911,-0.1371668094334503,-0.005187360100292911,7.958672452567121,3.1201960229785035,15.703727281078773,0.3630868159624982,0.003916898513222765,,,,,,,,,,,0.0003371470421552658,0.24749744907021523,0.07474917819723487,-0.05250256285071373,0.07474917819723487,9.771171646529472,3.2984543029162117,14.440124854735375,0.3292104449214782,0.0015766531388389862,,11.84,11.82,,-0.08,-0.1
A033,rough_lateral,202,16,SURVIVE,,,0.011550668909136827,0.13051501923628772,-0.09598728956344227,-0.16948499268464123,-0.09598728956344227,8.124209908086307,2.181768414578188,13.414669837295104,0.3847046872256274,0.002731710831749251,0.0029392142035067083,0.08654999171383679,-0.06195546247530728,-0.21345002020709217,-0.06195546247530728,9.735967819436224,1.0055270878041096,11.546677799509768,0.39825566891680425,0.0007903563147560189,,,,,,,,,,,,,,,,
A033,rough_lateral,202,17,FALL,2.48,2.24,,,,,,,,,,,,,,,,,,,,,-0.07001981625751573,0.21894238159364585,0.008358333792005266,-0.08105763032728312,0.008358333792005266,6.602835666699384,2.4031031142570054,17.59329803785616,0.35214692396159053,0.0009097746986756333,,,,,,
A033,rough_lateral,202,18,FALL,9.94,9.5,-0.038056255377984294,0.10362409277819097,0.03540955509524792,-0.196375919142738,0.03540955509524792,7.016719190462228,4.039379667499944,14.438508757183806,0.36937912038250187,0.004287566730682861,,,,,,,,,,,-0.06474614594131708,0.14403957590460778,-0.01638051988556981,-0.15596043601632117,-0.01638051988556981,4.84885659392544,3.788311706762284,17.177770905729787,0.3570622817909016,0.0016418497830151257,9.5,9.36,9.48,0.0,-0.14,-0.02
A033,rough_lateral,202,19,SURVIVE,,,-0.0060826066163523745,0.08599565518624634,0.019685625357863803,-0.2140043567346826,0.019685625357863803,5.3675676951002975,1.742420771558699,8.63610881916177,0.3771005130138202,0.0018052901813690667,0.030190519029274582,0.11832070495933295,-0.0808736522961408,-0.181679306961596,-0.0808736522961408,7.7082815762834525,1.0273150397544746,9.767808238217645,0.3645692029005703,0.0006451530252548493,,,,,,,,,,,,,,,,
A033,rough_lateral,202,20,FALL,16.4,16.14,-0.015666564051061867,0.19468973815441132,-0.02431410406405727,-0.10531027376651764,-0.02431410406405727,10.44168125397594,4.810174757809357,37.544830337083816,0.3237115787556677,0.005494643022669825,,,,,,,,,,,-0.03456311363726854,0.15735810190439226,-0.04932879146188498,-0.1426419100165367,-0.04932879146188498,7.034759056452748,1.6330782759403983,14.460680413590389,0.29777540495688903,0.0013446501869568833,,,16.14,,,0.0
A033,rough_lateral,202,21,FALL,3.02,2.82,,,,,,,,,,,,,,,,,,,,,-0.06167869478464127,0.20559097737073898,0.03767651217058301,-0.09440903455018997,0.03767651217058301,5.102550167367342,2.9972025487780516,15.60183400810647,0.3815456405521077,0.0028287000197140325,,,,,,
A033,rough_lateral,202,22,SURVIVE,,,0.024010374847178658,0.14664296118542552,-0.10585236551084866,-0.15335705073550343,-0.10585236551084866,8.799578765138358,1.9884728533066611,11.960095362007404,0.38030077774203824,0.009273447454931902,-0.0029811258614063263,0.1984195838868618,-0.025438331085024402,-0.10158042803406715,-0.025438331085024402,7.18667371332392,1.0352362632059215,8.848464940254404,0.3859572116703911,0.00148819092123266,,,,,,,,,,,,,,,,
A033,rough_lateral,202,23,FALL,12.66,12.38,-0.014933507532502215,0.12965236383800705,-0.10945192303974181,-0.1703476480829219,-0.10945192303974181,10.212856353315356,2.4599559754615083,20.0486411825226,0.3443950280669326,0.00416844413879721,,,,,,,,,,,-0.008957602083683014,0.2604451367259026,0.18688299972563982,-0.0395548751950264,0.18688299972563982,6.596333102044138,2.987443323293504,15.536356883121247,0.3439000607301845,0.003905505420052434,,12.24,12.32,,-0.14,-0.06
A033,rough_lateral,202,24,SURVIVE,,,-0.027289263264586527,0.11190678042670091,0.01996015745292728,-0.18809323149422805,0.01996015745292728,7.3109623473984415,1.4553331041004351,10.71648901272752,0.3786835307844395,0.004031574024873627,-0.015418770611286164,0.06615910975262523,0.07032791297882796,-0.23384090216830372,0.07032791297882796,8.149807937528205,0.927473721810592,9.680908616310136,0.36099169697034805,0.0007276178043793893,,,,,,,,,,,,,,,,
A033,rough_lateral,202,25,FALL,0.94,0.74,,,,,,,,,,,,,,,,,,,,,-0.044020990271949105,0.23666129116382864,0.03675882734306571,-0.06333872075710031,0.03675882734306571,5.829209392151713,4.02052959951298,17.47484148183736,0.36847169446275835,0.0026100587079869245,,,,,,
A033,rough_lateral,202,26,SURVIVE,,,-0.012401634578515465,0.12598234173143283,-0.048268210554185016,-0.17401767018949613,-0.048268210554185016,7.144160635332913,2.8664392813276853,18.506045616046944,0.36740924069800696,0.003823295634060614,-0.10446546961553395,0.06211936142295599,-0.18642312267795205,-0.23788065049797297,-0.18642312267795205,6.694384183798904,4.404256083197831,16.39739637042795,0.32408457469493945,0.0022842182832605654,,,,,,,,,,,,,,,,
A033,rough_lateral,202,27,FALL,12.08,11.84,-0.0035622727281103533,0.1347295406057189,-0.0723983798082918,-0.16527047131521005,-0.0723983798082918,11.292481919585834,11.117442251418451,61.69445056681555,0.3377652321694794,0.0042908816414083395,,,,,,,,,,,-0.027353817569091915,0.2296150180697441,0.14580557495355606,-0.07038499385118485,0.14580557495355606,8.84649608556294,1.9808056406901189,15.859169696971295,0.33479508076759584,0.0017343714912944896,,11.82,,,-0.02,
A033,rough_lateral,202,28,SURVIVE,,,-0.03422739126409093,0.19127774542818468,-0.005667286771349609,-0.10872226649274429,-0.005667286771349609,11.635299738427767,11.356589935821477,60.5335171016384,0.3311329344988082,0.003835004918715537,-0.045362927317619324,0.15654140695929528,-0.004072846146300435,-0.14345860496163368,-0.004072846146300435,5.032727296014114,1.2499874032702203,7.943665970193611,0.36285544485650595,0.0016388816629501549,,,,,,,,,,,,,,,,
A033,rough_lateral,202,29,SURVIVE,,,0.016533964616731584,0.0625264129259934,0.021058602947353695,-0.23747359899493556,0.021058602947353695,2.7906608930591115,1.0613211040601345,4.7485437035548195,0.366648702684677,0.0029173560321012273,-0.27610563281923534,0.18196156305260958,-0.3206208186526783,-0.11803844886831939,-0.3206208186526783,22.855982203316017,13.808684971553943,40.5300750885707,0.23375983451776963,0.0034248127656824473,,,,,,,,,,,,,,,,
A033,rough_lateral,202,30,SURVIVE,,,-0.001750653434234361,0.00024498605790237586,-0.013908682522984843,-0.2997550258630266,-0.013908682522984843,13.152101797512218,0.9007347231757658,15.395033156969594,0.31118003743748823,0.0015009711770450351,0.0015302176773548126,0.007378324512392283,0.04443936064839363,-0.29262168740853667,0.04443936064839363,15.188974001495954,0.8529796976789346,16.60193438635593,0.31403049578003706,0.0011142383922230145,,,,,,,,,,,,,,,,
A033,rough_lateral,202,31,FALL,1.02,0.72,,,,,,,,,,,,,,,,,,,,,-0.08100229813052075,0.2658897789461272,-0.03100414861525808,-0.034110232974801744,-0.03100414861525808,5.621010691015933,3.3312098449565326,15.143539327915047,0.37274465000838886,0.0022485294444038254,,,,,,
A033,rough_lateral,303,0,FALL,17.0,16.42,-0.08347459990841646,0.16596749479261538,0.10115697159897535,-0.13403251712831357,0.10115697159897535,6.431376359974546,4.781662514283967,23.696491705024396,0.3599477013095602,0.004046190231241649,,,,,,,,,,,-0.011920673658653182,0.19104719207603105,-0.021844161759909927,-0.10895281984489791,-0.021844161759909927,6.00053593287965,3.611652599458579,16.848788755290784,0.3716063062026877,0.0024729845995571514,16.42,,,0.0,,
A033,rough_lateral,303,1,FALL,7.92,7.74,-0.0073120821803316196,0.15397880369586484,-0.04700327233218078,-0.14602120822506412,-0.04700327233218078,7.1057130953639875,1.7862267402885277,10.934160761997495,0.35849872384614656,0.0021630965452143214,,,,,,,,,,,0.0010991549491882323,0.26833013698458674,0.10125511597841978,-0.03166987493634224,0.10125511597841978,6.920546841098012,3.1744352113483836,16.03369182418958,0.3536216933714515,0.002397802424303347,7.68,7.5,7.58,-0.06,-0.24,-0.16
A033,rough_lateral,303,2,FALL,7.4,7.12,-0.020449709509967606,0.098449269763724,-0.06801558134161471,-0.20155074215720495,-0.06801558134161471,6.99629355076898,2.5876606313988546,12.417748392648726,0.3612119697568603,0.003033479904745985,,,,,,,,,,,-0.01254056118428707,0.10285475008189678,-0.1613551810570061,-0.19714526183903217,-0.1613551810570061,7.087538510946554,3.404991598040203,15.426480538992719,0.3620616369260186,0.0011641966467872689,7.0,,,-0.12,,
A033,rough_lateral,303,3,FALL,0.7,0.44,,,,,,,,,,,,,,,,,,,,,-0.16204064224092735,0.21523402294232732,-0.14957070865091823,-0.08476598897860163,-0.14957070865091823,8.379015372269047,4.159359471926359,17.01316444456897,0.383638674691642,0.001689268305977397,,,,,,
A033,rough_lateral,303,4,FALL,7.84,7.08,-0.018303725332562817,0.1580466470478217,-0.10703265968210704,-0.14195336487310725,-0.10703265968210704,6.2952552251607985,2.322039056187509,10.461230502126526,0.3892596507080996,0.002761942817565595,,,,,,,,,,,-0.14346346016973258,0.16218895167112352,0.08243878356181085,-0.13781106024980544,0.08243878356181085,6.494057226719185,5.312914571507551,18.754454498468963,0.3594721722347851,0.0024331546722248937,6.9,,7.04,-0.18,,-0.04
A033,rough_lateral,303,5,SURVIVE,,,-0.018109996669615307,0.1253706036352863,-0.050005484242768336,-0.17462940828564266,-0.050005484242768336,9.859346493862967,5.713885049446509,35.21410067960877,0.36658392430626774,0.004012520937996117,-0.023030646555125715,0.08851544540375471,-0.03524717221967876,-0.21148456651717423,-0.03524717221967876,8.48869379684171,1.4244684232406057,11.2128546851826,0.39210457790344155,0.001581334812755894,,,,,,,,,,,,,,,,
A033,rough_lateral,303,6,SURVIVE,,,0.0009794700456162294,0.15925548360062142,-0.06082534414716065,-0.14074452832030754,-0.06082534414716065,7.747080127161452,2.609990540193592,12.712665805610888,0.38181747127663007,0.00516981237074908,0.018686440661549567,0.175561835616827,-0.04616326319053769,-0.12443817630410195,-0.04616326319053769,6.723801924983013,1.3024475658067434,9.777123818970859,0.3856610257198467,0.0011140037985409024,,,,,,,,,,,,,,,,
A033,rough_lateral,303,7,SURVIVE,,,-0.009664634965981047,0.19480790494630734,0.016875381427040946,-0.10519210697462161,0.016875381427040946,5.754109585986201,2.997942727126259,11.038651410462219,0.38068962351204877,0.0025846613919671205,-0.011571388095617294,0.25180641293525696,0.09132500089704991,-0.048193598985672,0.09132500089704991,4.529004056584061,3.0074240974149724,9.99922098511654,0.38200060004537756,0.0012626239960206384,,,,,,,,,,,,,,,,
A033,rough_lateral,303,8,SURVIVE,,,0.029982373231905512,0.09741704739475002,-0.057058271165005864,-0.20258296452617894,-0.057058271165005864,15.839857157365495,13.43912141071826,57.855509623844746,0.3350557040520106,0.004564071084088815,-0.0022862806997727605,0.07579470030032098,0.0013494205288589,-0.22420531162060797,0.0013494205288589,8.287344747117452,1.0462663154872442,10.40238374792192,0.37435030210145653,0.0019021569726301382,,,,,,,,,,,,,,,,
A033,rough_lateral,303,9,SURVIVE,,,-0.011001645068948468,0.16087560483254493,-0.045729967020452025,-0.13912440708838403,-0.045729967020452025,5.494837221947442,2.4631988345081473,10.63123070367867,0.37421830989938365,0.005842463855437421,-0.01437602587044239,0.09949257644824684,-0.07536018413491546,-0.20050743547268213,-0.07536018413491546,8.491534268048401,2.0491676256818776,10.63123070367867,0.37451099402764265,0.0019520132299413046,,,,,,,,,,,,,,,,
A033,rough_lateral,303,10,FALL,3.78,3.62,,,,,,,,,,,,,,,,,,,,,-0.03029261981137097,0.21248437449336052,0.0036038104817271233,-0.08751563742756843,0.0036038104817271233,5.480137210631604,2.2353524092642774,13.795168299141714,0.3899341794386267,0.0017967632110106116,,,,,,
A033,rough_lateral,303,11,FALL,5.84,5.66,-0.030008488472689082,0.21346533539946433,-0.06088855730680128,-0.08653467652146463,-0.06088855730680128,8.120348789374827,2.2257735140688304,11.851851855456411,0.35697089754388833,0.002798325237743357,,,,,,,,,,,-0.05107620544731617,0.15389146648347377,-0.11127519762143492,-0.1461085454374552,-0.11127519762143492,5.337507547016395,3.2979685904130025,16.71500203613138,0.36543543032465137,0.0024452107475403106,5.64,5.64,,-0.02,-0.02,
A033,rough_lateral,303,12,SURVIVE,,,-0.05630991476743172,0.208858727805006,-0.02168821547180414,-0.09114128411592294,-0.02168821547180414,7.259879070240713,3.8866785455657764,24.30743996844934,0.36194282983341747,0.005910914211987181,-0.011482909135520459,0.2189581075310707,-0.07350939977914095,-0.08104190438985824,-0.07350939977914095,7.668269188720874,2.435180839798696,12.707295187025018,0.3858881946202905,0.0016291205258293015,,,,,,,,,,,,,,,,
A033,rough_lateral,303,13,FALL,18.52,18.04,-0.04717159909506639,0.1349902447561423,-0.002080260479512314,-0.16500976716478666,-0.002080260479512314,7.605257823472001,7.939439658751866,39.185873834254714,0.36863919603474,0.005104758522727272,,,,,,,,,,,0.02041537091135979,0.1965504114329815,0.024410468507558108,-0.10344960048794746,0.024410468507558108,5.686242124000532,2.5946626403361233,17.193155065011968,0.39019966111144916,0.0018433249570469143,,18.02,,,-0.02,
A033,rough_lateral,303,14,FALL,0.9,0.74,,,,,,,,,,,,,,,,,,,,,-0.0363744426285848,0.2718268741155043,-0.012994389230799343,-0.02817313780542463,-0.012994389230799343,3.8894558028951653,4.399531041051094,16.85026149399431,0.3643699264816776,0.001524032755969039,,,,,,
A033,rough_lateral,303,15,SURVIVE,,,-0.015703801220903795,0.1671043528492252,-0.027908220232153932,-0.13289565907170375,-0.027908220232153932,5.28380445857923,1.7538844857581237,9.254083238664712,0.3869125568096438,0.005435811007086608,-0.041876100078225134,0.20699959561228753,-0.04022144923452288,-0.09300041630864143,-0.04022144923452288,4.098732683265506,1.1635251618790523,6.341060540059391,0.3801338899039967,0.0025222900717016203,,,,,,,,,,,,,,,,
A033,rough_lateral,303,16,FALL,1.32,0.7,,,,,,,,,,,,,,,,,,,,,-0.03924732926466009,0.24802271824549227,0.14047881719135843,-0.051977293675436693,0.14047881719135843,4.84887192017141,4.391975314556409,17.003555846739243,0.3731909431481969,0.0011200318361986109,,,,,,
A033,rough_lateral,303,17,FALL,16.3,16.12,-0.019881666610793523,0.18351610229195406,-0.07522624530829489,-0.1164839096289749,-0.07522624530829489,8.809123179651543,2.481065678506959,15.759387915960446,0.3577017013970331,0.004421499323717416,,,,,,,,,,,-0.024809225595423152,0.24149963381339093,0.0047380048639084,-0.058500378107538026,0.0047380048639084,8.436173940328716,2.3769744195898923,17.892563551977,0.36833374459033424,0.002241195841906546,16.1,16.12,16.12,-0.02,0.0,0.0
A033,rough_lateral,303,18,FALL,6.9,6.78,-0.03573783857339039,0.19322333877860773,-0.05087916231600613,-0.10677667314232123,-0.05087916231600613,12.480516173237582,4.942673417624886,23.347434947712507,0.3313339389350449,0.0042544482226040264,,,,,,,,,,,-0.07007763803005218,0.1915726813673973,-0.03043256971985102,-0.10842733055353165,-0.03043256971985102,6.19240264307634,2.0343922044163034,12.864847494600086,0.37712310696668166,0.0025329283851990778,,,,,,
A033,rough_lateral,303,19,FALL,2.42,1.74,,,,,,,,,,,,,,,,,,,,,-0.04811325386166573,0.25300985619425775,0.0841294320113957,-0.04699015572667122,0.0841294320113957,5.425183560861288,3.2617497848453385,17.487676771318238,0.35373678158630023,0.002628683406401447,,,,,,
A033,rough_lateral,303,20,FALL,13.44,13.08,-0.025173429354714852,0.1448629475881656,-0.04029117378095786,-0.15513706433276336,-0.04029117378095786,9.418539901935736,3.103910728338173,14.556375664143141,0.34564920162931484,0.0041048590512199196,,,,,,,,,,,0.021687832176685334,0.22618139922618866,0.1211740286159329,-0.0738186126947403,0.1211740286159329,10.41843061238256,4.374079138847575,17.17072741520836,0.34695863805990174,0.0023217328729476447,,12.98,13.02,,-0.1,-0.06
A033,rough_lateral,303,21,SURVIVE,,,0.01263880887068808,0.025541848965610067,-0.12547920866714168,-0.2744581629553189,-0.12547920866714168,10.244420997589831,2.0713588367937286,13.900911023511297,0.3659819963468163,0.0025480749772831754,0.045702538006007674,0.013811889477074147,-0.10915312516503035,-0.28618812244385483,-0.10915312516503035,12.384099987703973,0.8964177451024687,13.896887568177924,0.3710478124293414,0.001689064311471214,,,,,,,,,,,,,,,,
A033,rough_lateral,303,22,SURVIVE,,,0.042159716320650964,0.06248213795168946,-0.10670949035789817,-0.23751787396923948,-0.10670949035789817,10.020246287620596,1.8907629672213127,15.175390999290524,0.362223105980432,0.003131356468812671,0.012366927289403975,0.09677673164755106,-0.04785329016391188,-0.20322328027337788,-0.04785329016391188,9.033476919229404,1.4152145629563362,12.476562932684251,0.3703210710331718,0.0024880597935640902,,,,,,,,,,,,,,,,
A033,rough_lateral,303,23,FALL,11.32,10.32,-0.030874704209466777,0.17877495508641006,-0.008516952972859143,-0.12122505683451891,-0.008516952972859143,5.741538678252511,2.5581100703326753,14.240345118519992,0.3668323941239274,0.005832264130128259,,,,,,,,,,,-0.07800698459148407,0.1198747619986534,0.023597046472132205,-0.18012524992227555,0.023597046472132205,6.200904150645406,3.5997821775770147,16.85891867072591,0.3602488373849482,0.0013427938369506218,10.24,,10.24,-0.08,,-0.08
A033,rough_lateral,303,24,SURVIVE,,,-0.029011124099294346,0.19252275864283244,-0.02601122711552307,-0.10747725327809651,-0.02601122711552307,6.854494612427084,2.3940349865616386,19.043938092555184,0.3763693013548214,0.004090212245675975,-0.002856491655111313,0.15555971428751947,-0.03062583241611719,-0.1444402976334095,-0.03062583241611719,7.534599402119376,1.476756489927223,10.84634691003467,0.37922434763156154,0.001460927055481287,,,,,,,,,,,,,,,,
A033,rough_lateral,303,25,SURVIVE,,,-0.03108430822690328,0.191370373670167,-0.02319361599239831,-0.10862963825076198,-0.02319361599239831,8.597406681796203,9.136872590648554,50.58178010314927,0.3393501988271128,0.005101168219418445,-0.08083432154729962,0.18496972493827343,-0.03658217368647456,-0.11503028698265552,-0.03658217368647456,6.900093386519258,3.873593341657979,14.593777060457988,0.36282296222161486,0.0029937519746668223,,,,,,,,,,,,,,,,
A033,rough_lateral,303,26,FALL,7.26,6.88,-0.0030246935013306915,0.1250697852900395,-0.1128780280471333,-0.17493022663088945,-0.1128780280471333,7.053066363325274,2.4174466839696476,11.000309418987422,0.37243182076154147,0.003846183817654371,,,,,,,,,,,-0.03931564688682556,0.28245398283004763,0.13907476224005222,-0.01754602909088135,0.13907476224005222,6.270670079843755,1.9613845960122545,16.550508768383555,0.362742387658772,0.0031345897817356694,6.88,6.6,6.8,0.0,-0.28,-0.08
A033,rough_lateral,303,27,FALL,1.56,1.2,,,,,,,,,,,,,,,,,,,,,-0.019696147590875627,0.2564966258406639,0.007321936739608645,-0.04350338608026504,0.007321936739608645,6.543963226055086,3.7830004208921992,17.48715398836518,0.3734237663439888,0.0014651905406605145,,,,,,
A033,rough_lateral,303,28,SURVIVE,,,-0.01725255652330816,0.1400410924758762,0.02976514692340667,-0.15995891944505275,0.02976514692340667,8.712876155507125,7.2718683550356,44.91649784173783,0.3733283454594128,0.003099451728045613,-0.07411191700026393,0.07572965886443854,-0.184349950812757,-0.22427035305649043,-0.184349950812757,9.573376130949985,4.037957537762156,17.829017393839244,0.3298553022535089,0.001591575336966286,,,,,,,,,,,,,,,,
A033,rough_lateral,303,29,SURVIVE,,,0.03651257938394944,0.13271690162442004,-0.09541568567588304,-0.1672831102965089,-0.09541568567588304,9.914572640293636,3.8189371892426034,19.454205675744625,0.35543535816000105,0.005444490973324702,-0.017778917755931614,0.155073394626379,-0.11558580417186022,-0.14492661729454995,-0.11558580417186022,6.944101495662198,2.277962318658684,9.518451021064434,0.3772834413319348,0.0015521125997451507,,,,,,,,,,,,,,,,
A033,rough_lateral,303,30,FALL,16.66,16.42,0.02221346531121526,0.1717335360920212,-0.04818014832213521,-0.12826647582890777,-0.04818014832213521,16.212369584841998,16.61205659438619,77.64171174798939,0.3339335766296548,0.0031575697628572,,,,,,,,,,,-0.014120507215586851,0.2565834528329421,0.027397099426206276,-0.04341655908798685,0.027397099426206276,4.496405333327233,3.243926836648668,15.349982687504433,0.3638691538958054,0.01185428394990809,,,,,,
A033,rough_lateral,303,31,FALL,5.52,5.12,-0.003771495410344667,0.21747593167755339,-0.06539112643373234,-0.08252408024337557,-0.06539112643373234,7.317230915105188,2.7467286183719133,14.306666003456384,0.370737045125819,0.002285034261285304,,,,,,,,,,,-0.07513743519317359,0.2748423671722412,-0.02157859976636246,-0.025157644748687744,-0.02157859976636246,8.452418523045354,3.115612567543075,17.339853259576323,0.33124385147171226,0.002867428376712902,5.06,5.06,,-0.06,-0.06,
