arm,case,seed,env,early_samples,early_h,early_z,early_ground,early_speed,ge2,preedge_h
A033,rough_lateral,101,0,100,0.33851610275513344,0.39496321976184845,0.05688920250550948,0.12752375770141408,,
A033,rough_lateral,101,1,100,0.37762703352114735,0.43739931285381317,0.059933290124577,0.12484113278225743,,
A033,rough_lateral,101,2,6,,,,,,
A033,rough_lateral,101,3,100,0.3937118550672888,0.4520554840564728,0.05783990870185077,0.21519952801169145,,
A033,rough_lateral,101,4,100,0.3351602226814484,0.3947732299566269,0.05978295637324532,0.13699879766412099,,
A033,rough_lateral,101,5,100,0.38725926412299355,0.4454648345708847,0.05899886778969178,0.16661301579400614,,
A033,rough_lateral,101,6,100,0.35601051350965857,0.4128447622060776,0.05663403597745029,0.1738365287247578,,
A033,rough_lateral,101,7,100,0.35094144924439213,0.4095216244459152,0.05845957771342068,0.09116123564304951,,
A033,rough_lateral,101,8,100,0.359570032453792,0.41731077432632446,0.05810984443215763,0.1708590111482559,,
A033,rough_lateral,101,9,100,0.39226929907174035,0.44916778802871704,0.057632742081096464,0.2088317697699909,,
A033,rough_lateral,101,10,21,,,,,,
A033,rough_lateral,101,11,100,0.37204239290347074,0.4299672245979309,0.05820799638880765,0.09676614243206882,,
A033,rough_lateral,101,12,100,0.2564879050229323,0.31603002548217773,0.059682397281422335,0.25087420525804993,,
A033,rough_lateral,101,13,100,0.36137926068535464,0.42026714980602264,0.0589454314287971,0.11796744153600106,,
A033,rough_lateral,101,14,100,0.3622789210017352,0.42036350071430206,0.05836757109126943,0.18025134927508274,,
A033,rough_lateral,101,15,100,0.36213312668596365,0.42205873131752014,0.0600069678403477,0.21794662146381577,,
A033,rough_lateral,101,16,100,0.3902647234698668,0.448312446475029,0.05790092855851281,0.1217966070153128,,
A033,rough_lateral,101,17,100,0.3882363302344307,0.44514063000679016,0.05707945288183855,0.16738113633313,,
A033,rough_lateral,101,18,100,0.35408994188920695,0.41221408545970917,0.0584328085343468,0.24689205546426007,,
A033,rough_lateral,101,19,100,0.37883841616903396,0.4383138120174408,0.059063687044031477,0.1688896232289153,,
A033,rough_lateral,101,20,100,0.39371369779109955,0.45346786081790924,0.0595315535438252,0.1882394153953262,,
A033,rough_lateral,101,21,100,0.388235343411007,0.4486607015132904,0.059346698822184685,0.22668873433618789,,
A033,rough_lateral,101,22,100,0.3794150388336437,0.4375833123922348,0.05798483659876859,0.228673747104655,,
A033,rough_lateral,101,23,100,0.329734114800545,0.3904510587453842,0.06041924073734385,0.28037939473722784,,
A033,rough_lateral,101,24,32,0.24522968138602966,0.30562181770801544,0.059889727097781585,0.27384645507584876,,
A033,rough_lateral,101,25,100,0.33729215197384677,0.3955846428871155,0.06001066014090961,0.23030120894674933,,
A033,rough_lateral,101,26,1,,,,,,
A033,rough_lateral,101,27,41,0.3376333286417997,0.39733994007110596,0.0595637438769009,0.3456675412845815,,
A033,rough_lateral,101,28,100,0.3735159335926892,0.43309788405895233,0.05937803237833442,0.15560202438661136,,
A033,rough_lateral,101,29,21,,,,,,
A033,rough_lateral,101,30,100,0.3968602805373503,0.4606991410255432,0.06398767583510455,0.14144553731244824,,
A033,rough_lateral,101,31,100,0.3857524524876141,0.44813358783721924,0.06211732160598836,0.18054678230669263,,
A033,rough_lateral,202,0,37,0.34795744980082793,0.410319447517395,0.06192064540271453,0.32896788894426154,,
A033,rough_lateral,202,1,100,0.3631088412541119,0.42410479485988617,0.06062186338047293,0.20013976096397873,,
A033,rough_lateral,202,2,100,0.38912816728181376,0.45061782002449036,0.06119485844902814,0.2160665810893851,,
A033,rough_lateral,202,3,100,0.3619165521732626,0.4247480034828186,0.06282651870645942,0.16961468852826395,,
A033,rough_lateral,202,4,100,0.3350205955339626,0.39795026183128357,0.06250964894014246,0.20399698418655074,,
A033,rough_lateral,202,5,100,0.35993452824373295,0.41992294788360596,0.05999855306696764,0.1383471298919245,,
A033,rough_lateral,202,6,100,0.3294440543747203,0.39334963262081146,0.06350873753348774,0.126503118631761,,
A033,rough_lateral,202,7,100,0.37756387220028254,0.437772661447525,0.06069744844487644,0.15194331600953048,,
A033,rough_lateral,202,8,0,,,,,,
A033,rough_lateral,202,9,100,0.36013724021414384,0.42006586492061615,0.06020777493237174,0.18653468970908785,,
A033,rough_lateral,202,10,100,0.3982941676429249,0.45775461196899414,0.05926744695653252,0.1911797545799317,,
A033,rough_lateral,202,11,98,0.37134951600097715,0.43050508201122284,0.05876137738559335,0.20630813858705047,,
A033,rough_lateral,202,12,100,0.34811646240280275,0.41009217500686646,0.06229840752912715,0.2775021410240941,,
A033,rough_lateral,202,13,100,0.37545866300078,0.43638184666633606,0.060694398727009005,0.24446960760090553,,
A033,rough_lateral,202,14,100,0.31256950937490413,0.3724265545606613,0.05929584299179322,0.23528305871350697,,
A033,rough_lateral,202,15,100,0.30147879941259476,0.3611011356115341,0.05970866667395607,0.27311766769213314,,
A033,rough_lateral,202,16,100,0.3803910970050383,0.4396046996116638,0.05890171540612205,0.11226430500596657,,
A033,rough_lateral,202,17,74,0.3491223322994569,0.40668947994709015,0.057520116714232745,0.24667439864217572,,
A033,rough_lateral,202,18,100,0.36495318028697354,0.42186567187309265,0.05719298092439213,0.11577085835936589,,
A033,rough_lateral,202,19,100,0.3796687831375051,0.4398025572299957,0.06041022418017056,0.22268204152018084,,
A033,rough_lateral,202,20,100,0.31084850032061817,0.3687918186187744,0.05801735332305419,0.12344713533388021,,
A033,rough_lateral,202,21,100,0.379202492574957,0.43887531757354736,0.059299412895651424,0.1485108896103414,,
A033,rough_lateral,202,22,100,0.3798997748025599,0.434727281332016,0.05483550311409853,0.24789414455723668,,
A033,rough_lateral,202,23,100,0.3415866122048169,0.4020105004310608,0.06000497379404976,0.239188610369448,,
A033,rough_lateral,202,24,100,0.40081260684021014,0.45621177554130554,0.055654627754089026,0.20580187683088408,,
A033,rough_lateral,202,25,0,,,,,,
A033,rough_lateral,202,26,100,0.3776597767908943,0.43685171008110046,0.05966678660183667,0.21394221282156306,,
A033,rough_lateral,202,27,52,0.34000035443089227,0.3993506282567978,0.05874208970503374,0.3241180009766235,,
A033,rough_lateral,202,28,100,0.3703510504674147,0.4305926412343979,0.06070302259475789,0.20237204307599238,,
A033,rough_lateral,202,29,100,0.3786107594954139,0.4378156363964081,0.05921921245554552,0.1168206111940085,,
A033,rough_lateral,202,30,100,0.325532761965206,0.3866948187351227,0.061142442060664375,0.09513805170856388,,
A033,rough_lateral,202,31,1,,,,,,
A033,rough_lateral,303,0,100,0.3714589521209186,0.429663747549057,0.05821428451946075,0.1730140783993253,,
A033,rough_lateral,303,1,100,0.3781283218911625,0.4348915219306946,0.05720272676192503,0.1874816148343651,,
A033,rough_lateral,303,2,100,0.3713401301021882,0.4295317381620407,0.05824806090982203,0.09517085576673126,,
A033,rough_lateral,303,3,0,,,,,,
A033,rough_lateral,303,4,100,0.39464919085808614,0.452812060713768,0.05833073988317806,0.2296251087117398,,
A033,rough_lateral,303,5,100,0.3526979088783264,0.4107976257801056,0.05793388897084935,0.1139513883260442,,
A033,rough_lateral,303,6,100,0.3946188068326144,0.4531015306711197,0.05776140141614618,0.1514205894505717,,
A033,rough_lateral,303,7,100,0.37953529877458664,0.4390302896499634,0.05948378823020241,0.15146695112789066,,
A033,rough_lateral,303,8,100,0.37547569391242963,0.4325055330991745,0.05686545754498977,0.19986275316195556,,
A033,rough_lateral,303,9,100,0.37632280588150024,0.43398863077163696,0.0573317277877726,0.219970081996396,,
A033,rough_lateral,303,10,100,0.3956069817198789,0.45218130946159363,0.05631642163118576,0.20951692131243133,,
A033,rough_lateral,303,11,100,0.36071808819464823,0.4207986146211624,0.058896085157751396,0.25329771847530824,,
A033,rough_lateral,303,12,100,0.37239166767520704,0.4298448860645294,0.05728054556617125,0.15826385972748838,,
A033,rough_lateral,303,13,100,0.38767839035885854,0.44299107789993286,0.05564162310431986,0.15677367771246148,,
A033,rough_lateral,303,14,0,,,,,,
A033,rough_lateral,303,15,100,0.36097070128522457,0.41808460652828217,0.05690518037520628,0.09919021832344488,,
A033,rough_lateral,303,16,0,,,,,,
A033,rough_lateral,303,17,100,0.3547917261799389,0.4115099608898163,0.05673858826173181,0.18148697392966784,,
A033,rough_lateral,303,18,100,0.2838973344806681,0.34046825766563416,0.05685834833644928,0.18379824077613732,,
A033,rough_lateral,303,19,48,0.3475277780052175,0.40384045243263245,0.056527382549755076,0.2590985972552852,,
A033,rough_lateral,303,20,100,0.34690783599162484,0.40710315108299255,0.060241291229737634,0.1720314193858567,,
A033,rough_lateral,303,21,100,0.36518396126395236,0.421886682510376,0.057103728228074344,0.1689654822202693,,
A033,rough_lateral,303,22,100,0.37255365995162315,0.4298883378505707,0.05802148421180439,0.1057267437659964,,
A033,rough_lateral,303,23,17,,,,,,
A033,rough_lateral,303,24,100,0.389879386453705,0.45010462403297424,0.06017315706467246,0.22267318983197348,,
A033,rough_lateral,303,25,100,0.32774288904539406,0.3898530751466751,0.0616082533158083,0.19129284555456683,,
A033,rough_lateral,303,26,100,0.363692247373535,0.4251691550016403,0.061628713964778474,0.1816975537769481,,
A033,rough_lateral,303,27,28,0.28029935038026005,0.33953073620796204,0.05924492596304991,0.4892056834707852,,
A033,rough_lateral,303,28,100,0.334997790462193,0.397220179438591,0.062205421733346214,0.19023740070003223,,
A033,rough_lateral,303,29,100,0.3457584610597335,0.40715475380420685,0.06158152493563565,0.09959483452023253,,
A033,rough_lateral,303,30,100,0.36741523723551295,0.4274499863386154,0.06006433619534905,0.22724454800411992,,
A033,rough_lateral,303,31,100,0.38133995378399915,0.4417697489261627,0.060259645635431465,0.22398970140351165,,
A033,rough_forward,101,0,100,0.34199127411459856,0.3973677456378937,0.05665087062407305,0.4609534732959798,,
A033,rough_forward,101,1,100,0.35848601082748266,0.4164567291736603,0.05772978736755045,0.41818018247500566,,
A033,rough_forward,101,2,100,0.2955350255902438,0.3517487496137619,0.056512552149155564,0.46586782449086406,,
A033,rough_forward,101,3,100,0.34369012259225795,0.4040716141462326,0.05961965367118305,0.16178776243269358,,
A033,rough_forward,101,4,100,0.35314916759570014,0.40991999208927155,0.05678921459830381,0.5041770211759711,,
A033,rough_forward,101,5,100,0.326482437989291,0.38508835434913635,0.05817315922701423,0.27960481197935905,,
A033,rough_forward,101,6,100,0.3390149728340261,0.3986709266901016,0.05886132449389779,0.3709081098514943,,
A033,rough_forward,101,7,100,0.3434789977609155,0.3996138870716095,0.05607722787296071,0.42547389660279056,,
A033,rough_forward,101,8,100,0.32685987826655893,0.3847445994615555,0.05785048071713371,0.4357155879494977,,
A033,rough_forward,101,9,100,0.3574252099117493,0.4177941381931305,0.060253112711370946,0.3885811821593307,,
A033,rough_forward,101,10,100,0.3172581984716303,0.3761054575443268,0.0588499161011395,0.48254289798528516,,
A033,rough_forward,101,11,100,0.3455973790291159,0.4057930111885071,0.059730300291336795,0.477175662927673,,
A033,rough_forward,101,12,100,0.3423048034708768,0.4020775258541107,0.05988080743799873,0.46989346066192506,,
A033,rough_forward,101,13,100,0.35662160256010966,0.4192851036787033,0.06233128124379857,0.42583609675908374,,
A033,rough_forward,101,14,100,0.3639624544324722,0.4230344295501709,0.05913294827874332,0.16337534183403393,,
A033,rough_forward,101,15,100,0.3437746830961921,0.40209732949733734,0.0578023584131251,0.3981084568056913,,
A033,rough_forward,101,16,100,0.35283473779492197,0.41067881882190704,0.057992659788080714,0.06730463344177796,,
A033,rough_forward,101,17,100,0.3607616588712376,0.4203397333621979,0.05945362254260058,0.21443292205516412,,
A033,rough_forward,101,18,100,0.3150503858525485,0.3749173879623413,0.0591994198885831,0.499025563090379,,
A033,rough_forward,101,19,100,0.3329017536844162,0.3929944336414337,0.05975819144019469,0.2837416510099465,,
A033,rough_forward,101,20,100,0.33666495851335676,0.3957128971815109,0.0589719864136395,0.4368617638479102,,
A033,rough_forward,101,21,100,0.33418069054736177,0.39659979939460754,0.0625964027037595,0.4736830328576199,,
A033,rough_forward,101,22,100,0.3544137305754391,0.41073133051395416,0.05619468280975831,0.4376389794667129,,
A033,rough_forward,101,23,100,0.36051954950559584,0.42098359763622284,0.0598740399202561,0.44322151662533854,,
A033,rough_forward,101,24,100,0.33440721632643816,0.39137208461761475,0.057401458209848655,0.4847428351115812,,
A033,rough_forward,101,25,100,0.32727656126978566,0.3885026127099991,0.0608135723175212,0.46084636088280706,,
A033,rough_forward,101,26,100,0.34931747607368835,0.40838809311389923,0.05891229252126765,0.40825058895791644,,
A033,rough_forward,101,27,100,0.34703336727810413,0.40256765484809875,0.055684319154463986,0.20723199986934676,,
A033,rough_forward,101,28,100,0.34209236964822454,0.40373966097831726,0.06239051104866884,0.46721190479014135,,
A033,rough_forward,101,29,100,0.32843091757221016,0.3876732587814331,0.0596831418613699,0.45246070079435896,,
A033,rough_forward,101,30,100,0.33273110574579495,0.39417730271816254,0.06110011320063137,0.3315231249171953,,
A033,rough_forward,101,31,100,0.3310717477358599,0.39674700796604156,0.06471787926984982,0.4820805113026097,,
A033,rough_forward,202,0,100,0.33424970977765356,0.3930226266384125,0.05860015542749415,0.4535564233107136,,
A033,rough_forward,202,1,100,0.3302772720070446,0.39155229926109314,0.0606066300907237,0.46737193061587534,,
A033,rough_forward,202,2,100,0.3100191786646206,0.3721213638782501,0.06320952349168094,0.42546451938391605,,
A033,rough_forward,202,3,100,0.3505840840186665,0.411686435341835,0.0598210217480991,0.40821024870771605,,
A033,rough_forward,202,4,100,0.37207218948851295,0.4355047196149826,0.06314106293540588,0.2660720700225843,,
A033,rough_forward,202,5,100,0.33887088888469225,0.3967512547969818,0.0583185410117083,0.39618111050129184,,
A033,rough_forward,202,6,100,0.3562234969221972,0.4176001399755478,0.06158091805197976,0.4489189613474311,,
A033,rough_forward,202,7,100,0.31772715076405733,0.37721478939056396,0.060227827592329544,0.3922617947771244,,
A033,rough_forward,202,8,100,0.33143510888604555,0.39158007502555847,0.060279922689346066,0.41425372729094906,,
A033,rough_forward,202,9,100,0.3526686530380963,0.41289931535720825,0.06052239565925802,0.43796223521357586,,
A033,rough_forward,202,10,100,0.3014227152667581,0.36181776225566864,0.0605386336219502,0.4539640724968209,,
A033,rough_forward,202,11,100,0.3359892833679118,0.3956094980239868,0.05857539049444352,0.47517469459381134,,
A033,rough_forward,202,12,100,0.34325751622411654,0.40659959614276886,0.06327955990551627,0.44392588249764053,,
A033,rough_forward,202,13,100,0.3641597081951916,0.42290523648262024,0.05875907734753614,0.07392591670142373,,
A033,rough_forward,202,14,100,0.32960511855581864,0.3886844366788864,0.058499575936220544,0.48296015919074353,,
A033,rough_forward,202,15,100,0.31961107588706805,0.3787456750869751,0.05880070242652281,0.47817973577242656,,
A033,rough_forward,202,16,100,0.36149730099076255,0.41940024495124817,0.05733776092529297,0.37256673680210545,,
A033,rough_forward,202,17,100,0.34301271532627353,0.4026676118373871,0.05972670998802797,0.47588273449735385,,
A033,rough_forward,202,18,100,0.35008645432199387,0.4059990793466568,0.05516347018155185,0.4511917681584725,,
A033,rough_forward,202,19,100,0.33453565047067757,0.3915235251188278,0.05720890779546238,0.4131988628906679,,
A033,rough_forward,202,20,100,0.32353392339007736,0.3789219558238983,0.05638162847508721,0.48947732582053727,,
A033,rough_forward,202,21,100,0.3613766535399432,0.4188087582588196,0.05732953994669379,0.36346554542495624,,
A033,rough_forward,202,22,100,0.3343553637916391,0.3915579169988632,0.05656415255949459,0.4560065267115914,,
A033,rough_forward,202,23,100,0.29415170505722577,0.35470935702323914,0.05959109954018006,0.5016156597670924,,
A033,rough_forward,202,24,100,0.31525412656087926,0.3742002844810486,0.058397318590133585,0.3665326439053689,,
A033,rough_forward,202,25,100,0.35899758251274333,0.4147620052099228,0.0550912459266377,0.47434754678995716,,
A033,rough_forward,202,26,100,0.37154373120177875,0.4309236854314804,0.05933836054674445,0.36441669172933555,,
A033,rough_forward,202,27,100,0.32420980037852404,0.38664868474006653,0.062220073638752815,0.4724561244222186,,
A033,rough_forward,202,28,100,0.3422140182658313,0.4021815359592438,0.05940751978420319,0.356213705157585,,
A033,rough_forward,202,29,100,0.3344428422138653,0.39620552957057953,0.06049553978251901,0.43671670237178073,,
A033,rough_forward,202,30,100,0.3008860828564129,0.36145953834056854,0.06035400839412913,0.48202602609206346,,
A033,rough_forward,202,31,100,0.3338923793744276,0.3897334635257721,0.05564330095913321,0.48902946485107807,,
A033,rough_forward,303,0,100,0.34963826699690387,0.40702223777770996,0.057463028851677395,0.2969223029268825,,
A033,rough_forward,303,1,100,0.3227420066767198,0.3822658956050873,0.059563917272231155,0.48324315569190385,,
A033,rough_forward,303,2,100,0.32582934240606376,0.3819624334573746,0.05603092112005713,0.15902668199687964,,
A033,rough_forward,303,3,100,0.3604785662124501,0.4190085679292679,0.05862089146904767,0.3539590687737997,,
A033,rough_forward,303,4,100,0.3389257689848303,0.3981802314519882,0.05988052694555272,0.3660577139291198,,
A033,rough_forward,303,5,100,0.34233628229342683,0.40100210905075073,0.058276676239176865,0.34876858280131695,,
A033,rough_forward,303,6,100,0.32912741649278343,0.38947711884975433,0.06028409437699751,0.34910020915226847,,
A033,rough_forward,303,7,100,0.32361434121182897,0.38312390446662903,0.0592513262906814,0.38328858482726885,,
A033,rough_forward,303,8,100,0.341047096618994,0.3993094116449356,0.057922592775069455,0.4566425516663064,,
A033,rough_forward,303,9,100,0.3425179838656104,0.4022425264120102,0.05804081779112791,0.4804500429037739,,
A033,rough_forward,303,10,100,0.3630601132617277,0.42265863716602325,0.058756920105633256,0.3885141000768526,,
A033,rough_forward,303,11,100,0.35185295741825817,0.40927818417549133,0.05713793300689861,0.43445461518626316,,
A033,rough_forward,303,12,100,0.33508763219264737,0.39244942367076874,0.05711757435518153,0.27181333137724506,,
A033,rough_forward,303,13,100,0.3055229300164921,0.36415401101112366,0.05859423448695218,0.4692456576275714,,
A033,rough_forward,303,14,100,0.30583195515813677,0.3654802292585373,0.059600294592546274,0.4643258344850384,,
A033,rough_forward,303,15,100,0.32521713011086306,0.38219761848449707,0.05703301863236861,0.09699127145994771,,
A033,rough_forward,303,16,100,0.3300961180326135,0.38954776525497437,0.059278248465634925,0.4767948225591696,,
A033,rough_forward,303,17,100,0.34048250373353295,0.3980039805173874,0.057562430274677785,0.4744001372174249,,
A033,rough_forward,303,18,100,0.32995878837325354,0.38458098471164703,0.05508453450738428,0.47710902070205297,,
A033,rough_forward,303,19,100,0.3280215514375564,0.3864617496728897,0.05832767996558531,0.4900327976822888,,
A033,rough_forward,303,20,100,0.3408803413099146,0.40238554775714874,0.0612327912274529,0.4572425107059487,,
A033,rough_forward,303,21,100,0.36073900384698965,0.4181726574897766,0.05770104454162924,0.1135690730158345,,
A033,rough_forward,303,22,100,0.38210146400061523,0.4395182877779007,0.05747784395268894,0.18178984614649008,,
A033,rough_forward,303,23,100,0.3698575404238573,0.4273379445075989,0.05740123381589186,0.2995152803247859,,
A033,rough_forward,303,24,100,0.35052095831715485,0.4109751433134079,0.06030438163063743,0.41314106769734993,,
A033,rough_forward,303,25,100,0.35457360824161677,0.4166197329759598,0.06199604687206248,0.11298498423473669,,
A033,rough_forward,303,26,100,0.33766721085431106,0.3987543135881424,0.060901555148037995,0.27432634541359835,,
A033,rough_forward,303,27,100,0.33879006897064456,0.3979615122079849,0.05912659384987571,0.37493621853050624,,
A033,rough_forward,303,28,100,0.35168023391522185,0.4144405126571655,0.06240724369803852,0.16371240647558966,,
A033,rough_forward,303,29,100,0.33577012418106916,0.39775970578193665,0.06186095661020534,0.4379347467358416,,
A033,rough_forward,303,30,100,0.35508275932487954,0.4121537059545517,0.05704357534806359,0.46914477469866744,,
A033,rough_forward,303,31,100,0.3396393983440603,0.3985669016838074,0.058975785811317155,0.4889171478366484,,
A033,stairs_10_down,101,0,100,0.32927502954707427,-0.33836156129837036,-0.6614980391640077,0.4557674036958329,0,0.3152286913943163
A033,stairs_10_down,101,1,100,0.3290741642050565,-0.33997930586338043,-0.6593595188569258,0.41854397914982755,1,0.32270496669300097
A033,stairs_10_down,101,2,100,0.34279255975376477,-0.3377493768930435,-0.6820865467907911,0.454902088905185,0,0.3229110247311108
A033,stairs_10_down,101,3,100,0.3467213415844555,-0.3204834312200546,-0.6614980748630462,0.3775245522520846,0,0.3438593177871908
A033,stairs_10_down,101,4,100,0.3447763317409046,-0.3356911987066269,-0.6855623530831567,0.47453614664128263,1,0.3325505742733491
A033,stairs_10_down,101,5,100,0.37778339435391245,-0.3168981522321701,-0.6978618499429468,0.3750257192179344,0,0.34570072200846547
A033,stairs_10_down,101,6,100,0.3821188621820613,-0.3168594390153885,-0.7000005895441229,0.42522324806121137,0,0.3444858755976121
A033,stairs_10_down,101,7,100,0.3743303375926247,-0.32330387830734253,-0.7000006303430242,0.44835609920124636,0,0.33289891481399536
A033,stairs_10_down,101,8,100,0.3645351292455898,-0.3255455791950226,-0.6959895628658845,0.42016691067040013,1,0.33830488827776783
A033,stairs_10_down,101,9,100,0.3779639906105511,-0.31816747784614563,-0.7000001101570333,0.4248173785965029,0,0.3374388074492388
A033,stairs_10_down,101,10,100,0.35302491358575977,-0.3410290330648422,-0.6983966419403567,0.47655221933647385,1,0.3264812205564529
A033,stairs_10_down,101,11,72,0.32211308882516976,-0.32840119302272797,-0.6491983485094366,0.4404361341691118,0,0.3207939372343176
A033,stairs_10_down,101,12,100,0.33648130839521234,-0.3339487165212631,-0.6631025681521165,0.4704903022385719,1,0.3294260269180339
A033,stairs_10_down,101,13,100,0.34129372047868006,-0.3263275474309921,-0.6668454848508785,0.39111998527485625,1,0.32025122530957595
A033,stairs_10_down,101,14,100,0.3182281898782853,-0.34061866998672485,-0.6443856438213491,0.42625561835100284,0,0.32476958568720893
A033,stairs_10_down,101,15,100,0.3781127853986414,-0.3196171373128891,-0.7000002019545611,0.429985512559498,0,0.3468446149864298
A033,stairs_10_down,101,16,100,0.36351510173177976,-0.32109270989894867,-0.6906421834772283,0.39894294517739937,1,0.3239940280582816
A033,stairs_10_down,101,17,100,0.3155523410296058,-0.33889642357826233,-0.6542784848952676,0.40892092280398534,1,0.31438617081565656
A033,stairs_10_down,101,18,81,0.3213314421992889,-0.34232255816459656,-0.6609629156755253,0.45976934561687605,1,0.31820810367079344
A033,stairs_10_down,101,19,100,0.3733271137278348,-0.3104052245616913,-0.6836907034889261,0.43247396521523196,0,0.3539295504118669
A033,stairs_10_down,101,20,100,0.3755116959944128,-0.3203786611557007,-0.7000003549504408,0.4341225621221031,1,0.349040366749075
A033,stairs_10_down,101,21,100,0.3451654926181477,-0.3305654525756836,-0.6796800032018977,0.47188774004480827,0,0.3395700806921179
A033,stairs_10_down,101,22,100,0.34825883128426294,-0.33157820999622345,-0.6828884542944598,0.46891352032062367,0,0.3418494179287058
A033,stairs_10_down,101,23,88,0.3165566720427039,-0.34472358226776123,-0.6548134298885571,0.447697112134656,1,0.3268368099143798
A033,stairs_10_down,101,24,63,0.3127479653626202,-0.3407325744628906,-0.6427813137278837,0.4620305455685513,1,0.3142130169320234
A033,stairs_10_down,101,25,100,0.35451935375119276,-0.3408673405647278,-0.6994665574262486,0.4830692715632611,1,0.3281487965966291
A033,stairs_10_down,101,26,100,0.34317853895419426,-0.3360201120376587,-0.6828886429893779,0.48799419909561725,0,0.33331153482039344
A033,stairs_10_down,101,27,100,0.26748785559825083,-0.36547546088695526,-0.6414447009244704,0.3932536719988312,0,0.20765381509607483
A033,stairs_10_down,101,28,80,0.3399897487883899,-0.3259306252002716,-0.6598938059679327,0.45659482724606976,0,0.3379964120885267
A033,stairs_10_down,101,29,100,0.30726084909974577,-0.3410164415836334,-0.6470595222105955,0.45868717041632723,1,0.31320440801069693
A033,stairs_10_down,101,30,100,0.3780535167870037,-0.3215626925230026,-0.7000007629394531,0.38405603732762594,1,0.34926668941018413
A033,stairs_10_down,101,31,100,0.34801565190368794,-0.32788611948490143,-0.6708567206234854,0.4582007646812484,1,0.3456784352899235
A033,stairs_10_down,202,0,49,0.2912217757918618,-0.3510109484195709,-0.6395731227283172,0.4749094003395136,0,0.2912217757918618
A033,stairs_10_down,202,1,53,0.3129481974451299,-0.33259958028793335,-0.6347599641524534,0.46598449988177115,1,0.3129481974451299
A033,stairs_10_down,202,2,100,0.3706722620496138,-0.32613860070705414,-0.700000808838217,0.4523314036819097,1,0.3574472906436512
A033,stairs_10_down,202,3,100,0.35070078720383463,-0.31535230576992035,-0.6588243494696795,0.40412945345493134,0,0.34874600618280827
A033,stairs_10_down,202,4,100,0.37397170473228797,-0.32290947437286377,-0.7000007935386291,0.4439545789203666,0,0.3491038171684041
A033,stairs_10_down,202,5,100,0.3051781029624735,-0.3301997780799866,-0.6390381675353025,0.44741670346171003,1,0.31822205243263657
A033,stairs_10_down,202,6,100,0.31743126023899426,-0.3344634175300598,-0.6526746239891664,0.47373308645382084,0,0.3171657083187511
A033,stairs_10_down,202,7,100,0.3176312027449276,-0.32458969950675964,-0.638770720537971,0.3878277884427075,0,0.3269950286908583
A033,stairs_10_down,202,8,100,0.33209294957273144,-0.3448040932416916,-0.6764711492201861,0.5135349203216839,1,0.3187698694792661
A033,stairs_10_down,202,9,100,0.35581641895248295,-0.3216406852006912,-0.6775409270097865,0.365074863681619,1,0.353780852282111
A033,stairs_10_down,202,10,100,0.3706870961157396,-0.32140304148197174,-0.6978614215544838,0.4417919624779419,1,0.33640889958901843
A033,stairs_10_down,202,11,100,0.36044657078975023,-0.3321841061115265,-0.6957221821667676,0.4847086155101751,1,0.3394551332940392
A033,stairs_10_down,202,12,100,0.33466987574801726,-0.3438376635313034,-0.6740647280279966,0.4855418552963655,0,0.31904741994199903
A033,stairs_10_down,202,13,100,0.36655655144688915,-0.3212163597345352,-0.6930486862672204,0.4512742724905935,0,0.31233634158251755
A033,stairs_10_down,202,14,100,0.34748082691654164,-0.33427365124225616,-0.6860966656934768,0.47911955248039695,0,0.33241822040654756
A033,stairs_10_down,202,15,100,0.3492112164510125,-0.3450600504875183,-0.6970596874461454,0.47692379486425,1,0.31595507120703636
A033,stairs_10_down,202,16,100,0.361072434221997,-0.3184926062822342,-0.6882359713794076,0.38396923802011335,0,0.34174401508295604
A033,stairs_10_down,202,17,100,0.3359011135955546,-0.3346753865480423,-0.6606962081582788,0.45961229441350343,1,0.33637935847522105
A033,stairs_10_down,202,18,100,0.3469281500195437,-0.32672105729579926,-0.6796795748134348,0.4684102160208796,0,0.33381085838863556
A033,stairs_10_down,202,19,100,0.3492571665322717,-0.3236817866563797,-0.66978685613622,0.35421795793066724,0,0.35065758228302
A033,stairs_10_down,202,20,100,0.3473024477455068,-0.3473615050315857,-0.6954551176591353,0.48587447502287867,0,0.3199321417247548
A033,stairs_10_down,202,21,100,0.3685548571660557,-0.32253892719745636,-0.6927814075653566,0.4121875992536461,1,0.32696366740420535
A033,stairs_10_down,202,22,60,0.31537502621584396,-0.33309485018253326,-0.6398399577421301,0.4613740902312812,0,0.3163801490623046
A033,stairs_10_down,202,23,100,0.33491605552122555,-0.3476708382368088,-0.680749281204958,0.4956100842035631,1,0.32115081781372035
A033,stairs_10_down,202,24,100,0.30895672603086993,-0.3234863132238388,-0.6339579342520811,0.4433389961047871,0,0.32210423028405333
A033,stairs_10_down,202,25,100,0.29812012644693814,-0.35798802971839905,-0.6481290603066511,0.477773741741044,0,0.30155821630661506
A033,stairs_10_down,202,26,100,0.3647762521862346,-0.3141978830099106,-0.677273495312043,0.3966700318479468,0,0.3402977984219311
A033,stairs_10_down,202,27,100,0.34881941264963406,-0.34468895196914673,-0.6978620029388265,0.480576896348341,0,0.3300035583144203
A033,stairs_10_down,202,28,100,0.36556709577693025,-0.3278510868549347,-0.6983964889444769,0.44268200702807736,1,0.30721632474884
A033,stairs_10_down,202,29,100,0.32991853675102806,-0.3273964077234268,-0.6550807748886354,0.41731321239208596,0,0.3307287547996337
A033,stairs_10_down,202,30,100,0.3411258938000164,-0.34172162413597107,-0.6791451296066855,0.4890881047970097,1,0.3295372844061112
A033,stairs_10_down,202,31,100,0.33789137603446123,-0.34110569953918457,-0.6754017998190487,0.48925777151273964,0,0.33152305553941164
A033,stairs_10_down,303,0,100,0.3674872076925747,-0.31637971103191376,-0.6909099109670057,0.4148556844697838,1,0.3570460597461558
A033,stairs_10_down,303,1,100,0.34650682231640434,-0.3324349373579025,-0.6751345619160861,0.4667177808435563,1,0.3290449181661249
A033,stairs_10_down,303,2,100,0.3415642081894339,-0.3259214758872986,-0.6601614365603197,0.4212924982368841,0,0.34205919344794944
A033,stairs_10_down,303,3,100,0.37625982911191524,-0.3199116885662079,-0.6981297100291532,0.43487858417353215,1,0.3185472768895766
A033,stairs_10_down,303,4,100,0.3439864160861561,-0.32599854469299316,-0.6660435416481711,0.40929821749601814,1,0.3375612844757855
A033,stairs_10_down,303,5,100,0.3292952217360869,-0.3312850743532181,-0.6703218266288227,0.40293788795940727,1,0.3168507766596136
A033,stairs_10_down,303,6,100,0.35958301813844695,-0.3161773383617401,-0.6791457211907534,0.4257616337725417,0,0.3510279245873823
A033,stairs_10_down,303,7,100,0.3658844041314354,-0.33329707384109497,-0.7000007731391784,0.447721668323244,0,0.31920948066813426
A033,stairs_10_down,303,8,79,0.32306554260100906,-0.331470251083374,-0.6513373431037454,0.4659486269204115,0,0.32306554260100906
A033,stairs_10_down,303,9,100,0.3658977119042912,-0.3155803829431534,-0.6791451857051747,0.42447461929385644,0,0.3442620140983459
A033,stairs_10_down,303,10,99,0.33692584876070686,-0.3369772136211395,-0.6668453522544494,0.4304826187516664,0,0.3394455637205094
A033,stairs_10_down,303,11,100,0.32241901412685925,-0.33468955755233765,-0.661498034064145,0.42340033119925813,0,0.3170869195843763
A033,stairs_10_down,303,12,100,0.3607445422181471,-0.321637287735939,-0.6901077025714406,0.40681664303091336,1,0.3443404644887078
A033,stairs_10_down,303,13,100,0.3619359200969737,-0.32062698900699615,-0.6823540294871611,0.4254751876370281,0,0.35195356336506933
A033,stairs_10_down,303,14,100,0.3424898040964004,-0.34563133120536804,-0.6885033163794859,0.4817578186651156,1,0.3217870642475903
A033,stairs_10_down,303,15,100,0.3439145279440651,-0.3229195177555084,-0.6588237884847876,0.3936054036586517,0,0.34435688078722215
A033,stairs_10_down,303,16,100,0.33119635554877197,-0.32924559712409973,-0.6556155005878306,0.44192815906979566,1,0.3351064528373473
A033,stairs_10_down,303,17,100,0.3594911407659398,-0.335505947470665,-0.6994659301431421,0.4434414967943522,0,0.34162787352016266
A033,stairs_10_down,303,18,49,0.31641026534498695,-0.32974424958229065,-0.6336900027677974,0.47891877623773843,1,0.31734880581896574
A033,stairs_10_down,303,19,100,0.3387113380878367,-0.34142710268497467,-0.676471093121697,0.4860242508085686,0,0.3232327023929453
A033,stairs_10_down,303,20,54,0.3055282684570965,-0.3376830965280533,-0.636898917947861,0.4550414471779578,0,0.30619296304044874
A033,stairs_10_down,303,21,100,0.3760276882246854,-0.3159795254468918,-0.6951875482651002,0.447218255805828,0,0.34875727863235273
A033,stairs_10_down,303,22,100,0.36831608024191725,-0.3141847103834152,-0.6877013935762293,0.3907152893842384,0,0.3409092762572242
A033,stairs_10_down,303,23,100,0.3602008574149188,-0.3297432214021683,-0.6930484771728516,0.4337972695842425,0,0.3349227698091517
A033,stairs_10_down,303,24,100,0.33830335489250124,-0.32681645452976227,-0.6655089128463663,0.4253582882444954,0,0.331130669556837
A033,stairs_10_down,303,25,100,0.36622842237911124,-0.3218265473842621,-0.6893057746683213,0.44873854850405304,1,0.34644503277890826
A033,stairs_10_down,303,26,100,0.3458848529480358,-0.3253468871116638,-0.6684499271413222,0.45106116676863967,1,0.3405587231730395
A033,stairs_10_down,303,27,70,0.30786930391176504,-0.3295566290616989,-0.6470595018111449,0.4917138318592375,1,0.33037606311991885
A033,stairs_10_down,303,28,100,0.3665215720467389,-0.31892430782318115,-0.6847600375904757,0.376905844694993,0,0.3431073854313814
A033,stairs_10_down,303,29,100,0.37669973752715374,-0.3217058777809143,-0.6994658638449276,0.3737910222747425,1,0.344039228032617
A033,stairs_10_down,303,30,100,0.3242205922456986,-0.33456331491470337,-0.6516049583965444,0.43412399007369157,1,0.3247536792155893
A033,stairs_10_down,303,31,85,0.3237939374969605,-0.34155040979385376,-0.6641717900566876,0.47833119171395777,0,0.3234085956996775
A033,stairs_15_down,101,0,100,0.32776938227408714,-0.683226466178894,-0.9998658226135579,0.43536426710138854,0,0.2999670677644046
A033,stairs_15_down,101,1,100,0.3176233076794262,-0.691593587398529,-0.9918446974320845,0.40342860525245483,0,0.31791377450055613
A033,stairs_15_down,101,2,100,0.3394555347488525,-0.6817905306816101,-1.0235292873280573,0.43794489642620893,0,0.3057244126809472
A033,stairs_15_down,101,3,100,0.3309432886501047,-0.6678873002529144,-0.9882349993455857,0.32088705040565474,0,0.307479592886838
A033,stairs_15_down,101,4,100,0.3405434208757738,-0.6842338144779205,-1.0267373661306451,0.47291604499580986,0,0.3212374866327501
A033,stairs_15_down,101,5,100,0.3761880558761046,-0.6678324043750763,-1.046389834766082,0.3214984379587774,0,0.31461617334641234
A033,stairs_15_down,101,6,100,0.37780822662108726,-0.6703926026821136,-1.049999175862195,0.4308199626139521,0,0.30081735862130143
A033,stairs_15_down,101,7,100,0.3740850650371714,-0.67328742146492,-1.0499990840646671,0.4415291802294897,0,0.325336437811826
A033,stairs_15_down,101,8,100,0.36958739113680183,-0.6702070534229279,-1.041175520993809,0.43954632092853585,0,0.32761035022888585
A033,stairs_15_down,101,9,100,0.3752064231564016,-0.6682052314281464,-1.0499985944778525,0.4126021755733611,0,0.28807185263557233
A033,stairs_15_down,101,10,100,0.3491008930346545,-0.6930455267429352,-1.0483946621736742,0.4880083513529359,0,0.31171308067393166
A033,stairs_15_down,101,11,67,0.3007556834322883,-0.677327573299408,-0.9802130224870488,0.4340250519363538,0,0.2981737558854455
A033,stairs_15_down,101,12,100,0.3154344869488701,-0.6893032193183899,-0.9982613854229769,0.4530006712001349,0,0.30705740840677276
A033,stairs_15_down,101,13,100,0.32649438202699876,-0.6794960796833038,-1.0046788944917566,0.389825877121343,0,0.27767422492491367
A033,stairs_15_down,101,14,100,0.2925180572876956,-0.6776088178157806,-0.9641703743348147,0.41707963694717776,0,0.30650013972093715
A033,stairs_15_down,101,15,100,0.37370688105649486,-0.66923588514328,-1.0491967226732224,0.43578149519074455,0,0.3102557949203858
A033,stairs_15_down,101,16,100,0.3589770084715145,-0.6680929660797119,-1.0359615285128834,0.4044130042974452,0,0.33050576346443294
A033,stairs_15_down,101,17,87,0.3187756315272122,-0.6721304059028625,-0.9882344332608309,0.3776772095860243,0,0.28186628844011274
A033,stairs_15_down,101,18,74,0.3087157686763906,-0.6849567294120789,-0.9966567595374776,0.4526807700010984,0,0.30166480853595834
A033,stairs_15_down,101,19,100,0.3629480227429599,-0.6656342148780823,-1.0259350965367282,0.4216732434926753,0,0.33003899949119686
A033,stairs_15_down,101,20,100,0.3669364377457828,-0.6783211827278137,-1.0499987831727706,0.44420956111854204,0,0.3356822123502028
A033,stairs_15_down,101,21,100,0.33945565587059057,-0.6805810034275055,-1.019919135353782,0.45813338564680417,0,0.3230018296981241
A033,stairs_15_down,101,22,100,0.3439671733481361,-0.6810537874698639,-1.024731850241595,0.45649866731433203,0,0.3219941076747874
A033,stairs_15_down,101,23,92,0.3087217254753418,-0.6973533928394318,-0.9954539008319059,0.3577498556860491,0,0.30071853061410836
A033,stairs_15_down,101,24,56,0.29636443458138945,-0.6904952526092529,-0.9790103065776316,0.4847037338619862,0,0.29438579528726994
A033,stairs_15_down,101,25,100,0.3557321034013269,-0.6889685094356537,-1.049197069463883,0.47391007141652053,0,0.32074284872269243
A033,stairs_15_down,101,26,100,0.34204139189924143,-0.6950237154960632,-1.0239297489431451,0.4801234536454508,0,0.2928423731722296
A033,stairs_15_down,101,27,69,0.3140348288464674,-0.685381293296814,-0.987432826649059,0.4506416247993169,0,
A033,stairs_15_down,101,28,73,0.32062562104852443,-0.6790476441383362,-0.9970585930156198,0.44214484206885185,0,0.313676558713862
A033,stairs_15_down,101,29,82,0.31253874588777675,-0.6898228228092194,-0.9870317785497655,0.46139523762240453,0,0.2873027044184068
A033,stairs_15_down,101,30,100,0.3774185888270005,-0.6712689995765686,-1.0499992268608216,0.3869080840909599,0,0.2999641225937215
A033,stairs_15_down,101,31,100,0.3367245809279662,-0.6784225702285767,-1.0058823447813963,0.45435307367281613,0,0.32514553592804285
A033,stairs_15_down,202,0,46,0.28004070463027547,-0.687656819820404,-0.9669784913088548,0.46075084981956405,0,0.27717052870255743
A033,stairs_15_down,202,1,51,0.2921144802940083,-0.6799004077911377,-0.9585558029419599,0.44656811822308307,0,0.28541108376202096
A033,stairs_15_down,202,2,100,0.37355057393165825,-0.673095166683197,-1.0499992574599974,0.4282972732085789,0,0.33518075942993164
A033,stairs_15_down,202,3,100,0.33288429000160913,-0.6645640432834625,-0.988235009545311,0.3876804837106016,0,0.3238496949328459
A033,stairs_15_down,202,4,100,0.3713634987884664,-0.6766780912876129,-1.049999277859448,0.4292755127828947,0,0.33062161640687426
A033,stairs_15_down,202,5,69,0.3168377554352908,-0.6802210211753845,-0.99144353203595,0.4594724005353856,0,0.29802436975234337
A033,stairs_15_down,202,6,85,0.31072420168687953,-0.6849861741065979,-0.9906416602313199,0.46892531049805697,0,0.28820675579621835
A033,stairs_15_down,202,7,75,0.3104201845306763,-0.6711462140083313,-0.9826197496709976,0.3894395840684368,0,0.3037376827734677
A033,stairs_15_down,202,8,99,0.3282242892260221,-0.6946893334388733,-1.0155069381795465,0.4956487554138486,0,0.30369004973753255
A033,stairs_15_down,202,9,100,0.34687423291690844,-0.6757087111473083,-1.017111222374248,0.3524347777413161,0,0.30428782567620916
A033,stairs_15_down,202,10,100,0.366469507708269,-0.6728390753269196,-1.0467901739844665,0.441796995693347,0,0.2833910896816355
A033,stairs_15_down,202,11,100,0.35819106369732534,-0.6799801290035248,-1.044784907988686,0.45759410178439935,0,0.3231992441065171
A033,stairs_15_down,202,12,100,0.31995177460226776,-0.6956202685832977,-1.0135018149799204,0.4529896437399838,0,0.2816685852519969
A033,stairs_15_down,202,13,100,0.3650474991390412,-0.664861649274826,-1.0399725296918083,0.4507955759261715,0,0.31121013221893723
A033,stairs_15_down,202,14,100,0.3428101399365594,-0.6848178207874298,-1.0291434507318997,0.47767930426313776,0,0.3096678183678
A033,stairs_15_down,202,15,100,0.34648041578537636,-0.6919045746326447,-1.0463893910780309,0.4636369230909535,0,0.3130092212860598
A033,stairs_15_down,202,16,100,0.3562682733178776,-0.6732030212879181,-1.032352054820341,0.3442443988658623,0,0.31184027921707225
A033,stairs_15_down,202,17,85,0.327779822808536,-0.6805256009101868,-1.0034752810065122,0.4607369377874517,0,0.3204918220081431
A033,stairs_15_down,202,18,100,0.33832627726111175,-0.6775385439395905,-1.0199188752607866,0.467025356528621,0,0.32156974045350584
A033,stairs_15_down,202,19,100,0.3417530188904727,-0.6740260720252991,-1.005079458104098,0.31812887296166414,0,0.32159924602763534
A033,stairs_15_down,202,20,100,0.34641184621953713,-0.6948137581348419,-1.0431805778952206,0.4861924341284042,0,0.3060522318523835
A033,stairs_15_down,202,21,100,0.3600680965153291,-0.6806617677211761,-1.041175490394633,0.4324531771972201,0,0.3192285340737532
A033,stairs_15_down,202,22,54,0.29354254096587074,-0.6848106384277344,-0.972994039402926,0.46756636318411054,0,0.2916745814410123
A033,stairs_15_down,202,23,100,0.33337668731888337,-0.6940221190452576,-1.0211223255504263,0.4920475862259941,0,0.30894923082647474
A033,stairs_15_down,202,24,81,0.2916998885532114,-0.688467800617218,-0.9834218560693099,0.3967822183484737,0,0.2682113191660713
A033,stairs_15_down,202,25,100,0.2600100599826976,-0.7118475437164307,-0.9697859351010245,0.44669459416402046,0,0.22779898656243314
A033,stairs_15_down,202,26,100,0.3610603852386781,-0.6652978658676147,-1.0223255157470703,0.35149029973276724,0,0.2919650090569481
A033,stairs_15_down,202,27,100,0.3475788686683471,-0.6944528222084045,-1.0467906584714186,0.4775133405976346,0,0.308003209810206
A033,stairs_15_down,202,28,100,0.3699325056955777,-0.6687925755977631,-1.0447854332745394,0.45367423538969154,0,0.3407537226370949
A033,stairs_15_down,202,29,88,0.3165559435591978,-0.6752344369888306,-0.9922453426422282,0.40379705321563447,0,0.31122821505694465
A033,stairs_15_down,202,30,100,0.33471069281751453,-0.6905130743980408,-1.0187165265414804,0.4807584208266611,0,0.31613764629007024
A033,stairs_15_down,202,31,95,0.32164299870557334,-0.7018066644668579,-1.017111650762711,0.49499946081672663,0,0.2954939444434834
A033,stairs_15_down,303,0,100,0.365185850125583,-0.6644171476364136,-1.0363633364917122,0.4153992571656399,0,0.3340839195378962
A033,stairs_15_down,303,1,100,0.34281021818757695,-0.6799702048301697,-1.0135023453656364,0.45215458488742727,0,0.30351137254327376
A033,stairs_15_down,303,2,95,0.3304205696213054,-0.675439178943634,-0.9962565478156594,0.42203831807893444,0,0.32240464502477395
A033,stairs_15_down,303,3,100,0.37341367305918816,-0.669418066740036,-1.047192150258763,0.4326498769540619,0,0.3022704710934889
A033,stairs_15_down,303,4,100,0.3331197586289064,-0.6769967079162598,-1.007084994392599,0.38690840982453634,0,0.3147710590439047
A033,stairs_15_down,303,5,100,0.33208629616441576,-0.6695896685123444,-1.005480730597348,0.4046916631091796,0,0.3034256180339956
A033,stairs_15_down,303,6,100,0.35643868985023086,-0.6693462133407593,-1.02232591863622,0.40987977733987746,0,0.32548181035301904
A033,stairs_15_down,303,7,100,0.36731097213724717,-0.6750476658344269,-1.0499992166610963,0.45410951788963755,0,0.33004013484812034
A033,stairs_15_down,303,8,76,0.30756965917061996,-0.6818906664848328,-0.9862290448683468,0.4530460496677201,0,0.29689209187094545
A033,stairs_15_down,303,9,100,0.35581524646218443,-0.6678126454353333,-1.0171119057558438,0.433466564698235,0,0.32014779037332786
A033,stairs_15_down,303,10,100,0.33195690946145495,-0.6808517575263977,-1.0050796009002523,0.4499945871851261,0,0.3241893674600571
A033,stairs_15_down,303,11,92,0.3217678055724996,-0.6797941625118256,-0.999464590919209,0.3785316274583615,0,
A033,stairs_15_down,303,12,100,0.362110769366198,-0.6679067611694336,-1.0351597893046822,0.40868980333167687,0,0.3199891986693928
A033,stairs_15_down,303,13,100,0.3547774752512336,-0.6771382391452789,-1.024731804342831,0.41232802068809316,0,0.31520097077211595
A033,stairs_15_down,303,14,100,0.33628535573495255,-0.6927247643470764,-1.0327532406159263,0.4839656627768698,0,0.3013533905228192
A033,stairs_15_down,303,15,100,0.32820126876474065,-0.6792942583560944,-0.9882344638600069,0.393331989081899,0,0.3271854950144967
A033,stairs_15_down,303,16,86,0.3207922595388749,-0.6797697246074677,-0.9938494228424235,0.44532399177226856,0,0.30172102336577555
A033,stairs_15_down,303,17,100,0.36587635001396746,-0.6779563724994659,-1.0483953404554072,0.44718223733628293,0,0.31541780896365323
A033,stairs_15_down,303,18,41,0.2883844895158859,-0.6846098303794861,-0.9617638001467455,0.44536365736465217,0,
A033,stairs_15_down,303,19,100,0.34033756252916103,-0.6835485398769379,-1.0159085880626333,0.4771879039181233,0,0.3120353107146401
A033,stairs_15_down,303,20,42,0.2730231530526105,-0.6901999115943909,-0.9689830586234516,0.4644938278007198,0,0.26750594664384975
A033,stairs_15_down,303,21,100,0.3750754218687986,-0.6655027866363525,-1.0427802131775228,0.43444119678572746,0,0.3217289817524466
A033,stairs_15_down,303,22,100,0.3618278353609503,-0.6696189045906067,-1.0371648564058193,0.37823979288701415,0,0.3058458996966561
A033,stairs_15_down,303,23,100,0.363413309987216,-0.6712063252925873,-1.0323524067108645,0.44036240857987996,0,0.32224338736763614
A033,stairs_15_down,303,24,100,0.3324226992015533,-0.6787016689777374,-1.004277672997133,0.39336388758571295,0,0.3079365507804136
A033,stairs_15_down,303,25,100,0.3643467579295928,-0.6703737080097198,-1.0343582234918114,0.4309691568171877,0,0.29896312601426067
A033,stairs_15_down,303,26,100,0.3347295898804691,-0.6760905086994171,-1.0046790984862628,0.4185609769745189,0,0.3171026738569698
A033,stairs_15_down,303,27,62,0.30786144526247033,-0.6789432168006897,-0.9810156643709397,0.48175100063136367,0,0.30931177783139885
A033,stairs_15_down,303,28,100,0.35136504957382686,-0.6715586185455322,-1.018716016555215,0.3615211872614166,0,0.31476665467501963
A033,stairs_15_down,303,29,100,0.37801384654912085,-0.6673372983932495,-1.0491975896498738,0.3919687659176317,0,0.32842399379148834
A033,stairs_15_down,303,30,91,0.30422377809483736,-0.6844115853309631,-0.9874325512564756,0.42590846901468904,0,0.29148561878000356
A033,stairs_15_down,303,31,81,0.31744707905672453,-0.6869325637817383,-0.9978607096136572,0.46704946551273513,0,0.3081741549751975
A038,rough_lateral,101,0,100,0.2621767386236293,0.3200012445449829,0.0578355483192811,0.0851819814822852,,
A038,rough_lateral,101,1,100,0.3532985111768233,0.4122742861509323,0.058889185043579755,0.20067048450045372,,
A038,rough_lateral,101,2,100,0.2923018635913013,0.35056963562965393,0.05857028553192628,0.17869606785438638,,
A038,rough_lateral,101,3,100,0.37226290482888247,0.4294517785310745,0.05742279093533276,0.21698095103956158,,
A038,rough_lateral,101,4,100,0.29145495067624483,0.35017021000385284,0.05872775909097437,0.15369367535329465,,
A038,rough_lateral,101,5,100,0.3568163951609862,0.41585974395275116,0.05879011511165191,0.13894025000845345,,
A038,rough_lateral,101,6,100,0.3496114319180422,0.4059300124645233,0.05573324723677202,0.21104216026232137,,
A038,rough_lateral,101,7,100,0.3017882158093274,0.36012032628059387,0.059130714538900606,0.06257987985003216,,
A038,rough_lateral,101,8,100,0.35621359450294376,0.4145117700099945,0.05882837938114921,0.22018174819757552,,
A038,rough_lateral,101,9,100,0.36550727135994854,0.4234658181667328,0.057820702619093625,0.20393715915863592,,
A038,rough_lateral,101,10,29,0.23665004458656924,0.29511696100234985,0.0584401625362947,0.3718110237702057,,
A038,rough_lateral,101,11,100,0.32106143196317605,0.3787277489900589,0.0578182801843327,0.15791813426709847,,
A038,rough_lateral,101,12,100,0.33868107422787874,0.39844629168510437,0.059946901658002066,0.21307956769725375,,
A038,rough_lateral,101,13,100,0.359604473101264,0.4190264940261841,0.05916731625317252,0.20811033781798066,,
A038,rough_lateral,101,14,100,0.3495433069964781,0.4083496332168579,0.059148742553384544,0.2141618586090283,,
A038,rough_lateral,101,15,100,0.3516934275786507,0.41174545884132385,0.06012041938496146,0.176821001951663,,
A038,rough_lateral,101,16,100,0.3754244602140896,0.4329638034105301,0.05774732069535689,0.22716245466438223,,
A038,rough_lateral,101,17,100,0.36023626368951034,0.4167221635580063,0.056969555941495026,0.20945420704627982,,
A038,rough_lateral,101,18,100,0.326276416367388,0.38458995521068573,0.05853411730598001,0.11076256115742492,,
A038,rough_lateral,101,19,100,0.3524042647630773,0.4117116928100586,0.05985773055948676,0.17518685816753427,,
A038,rough_lateral,101,20,100,0.3600271000741,0.4189319312572479,0.05947939214859417,0.20294412264804118,,
A038,rough_lateral,101,21,100,0.35559186745773663,0.41424769163131714,0.05875545134518873,0.20886011139970845,,
A038,rough_lateral,101,22,100,0.3212172693428509,0.3800608217716217,0.05889421350815717,0.2788708933531915,,
A038,rough_lateral,101,23,100,0.35548064654523676,0.4140940010547638,0.05970274573341411,0.09925988903672525,,
A038,rough_lateral,101,24,100,0.2982283158098312,0.358748659491539,0.06035966414181307,0.20278859050813525,,
A038,rough_lateral,101,25,100,0.3393449009580408,0.40006259083747864,0.06027840803013766,0.26206872066804865,,
A038,rough_lateral,101,26,100,0.3334772109507239,0.3946327716112137,0.06026800431032232,0.22673403954948335,,
A038,rough_lateral,101,27,100,0.325616985001666,0.38592083752155304,0.06056842191971559,0.16457134333412465,,
A038,rough_lateral,101,28,100,0.34471950715875876,0.40385788679122925,0.05911270692386729,0.1556276174966476,,
A038,rough_lateral,101,29,100,0.3401201153821486,0.39780259132385254,0.05784945054487749,0.23084494150000723,,
A038,rough_lateral,101,30,100,0.3684965643015775,0.43188339471817017,0.06345389871036305,0.19161468729984923,,
A038,rough_lateral,101,31,100,0.34015184178709346,0.40272365510463715,0.06260516426780008,0.17344280071571472,,
A038,rough_lateral,202,0,100,0.3018920822417672,0.3653007298707962,0.0630546712620373,0.18445706562486777,,
A038,rough_lateral,202,1,100,0.3246253473076591,0.3860289007425308,0.06075799911417425,0.16450400517764124,,
A038,rough_lateral,202,2,100,0.3183304125612432,0.38077718019485474,0.06241650504861923,0.09507805428468175,,
A038,rough_lateral,202,3,100,0.3727929086927424,0.4352422058582306,0.06245794653255034,0.20438047960684852,,
A038,rough_lateral,202,4,100,0.3641577535134586,0.425855815410614,0.061905401913239996,0.17377111480767904,,
A038,rough_lateral,202,5,100,0.30539915794357264,0.36493249237537384,0.05988775855079692,0.1747223493017715,,
A038,rough_lateral,202,6,100,0.2740659845225951,0.33699673414230347,0.06357899324141722,0.04107416284444694,,
A038,rough_lateral,202,7,100,0.36252493510909256,0.4233046919107437,0.06109898103112206,0.19177981611023076,,
A038,rough_lateral,202,8,100,0.3047460956688233,0.3644753694534302,0.059633336602685286,0.10367025926763636,,
A038,rough_lateral,202,9,100,0.33312760237703987,0.39344915747642517,0.06062936527843781,0.18894029746702026,,
A038,rough_lateral,202,10,100,0.3252104407644527,0.3845812976360321,0.059674681189225955,0.043292576507639444,,
A038,rough_lateral,202,11,100,0.33754930888267765,0.39609846472740173,0.05901475896172345,0.0967891937809823,,
A038,rough_lateral,202,12,22,,,,,,
A038,rough_lateral,202,13,100,0.3766827244650234,0.4384785294532776,0.06178813057149796,0.21270459238993017,,
A038,rough_lateral,202,14,100,0.32933762844871073,0.38900813460350037,0.05997346684256977,0.18710269155472703,,
A038,rough_lateral,202,15,100,0.3415776291154923,0.4017087072134018,0.05964737142471069,0.22443099766454963,,
A038,rough_lateral,202,16,100,0.34165969785840755,0.4013991802930832,0.059439898812197106,0.13639235362339927,,
A038,rough_lateral,202,17,100,0.2867969037058519,0.34355536103248596,0.05671494019860253,0.039215163013252424,,
A038,rough_lateral,202,18,100,0.331115868082021,0.38773754239082336,0.05651390871262168,0.1796479913907842,,
A038,rough_lateral,202,19,100,0.350662369779087,0.4114031046628952,0.06006327032405425,0.1837018733770479,,
A038,rough_lateral,202,20,100,0.27959618761258964,0.33783315122127533,0.057481612751190674,0.17041585381961694,,
A038,rough_lateral,202,21,100,0.34331371439969477,0.40259885787963867,0.05822124073212159,0.18416103425763178,,
A038,rough_lateral,202,22,10,,,,,,
A038,rough_lateral,202,23,100,0.32140788730771785,0.3810892850160599,0.05947331311230991,0.25468005419113227,,
A038,rough_lateral,202,24,100,0.3523595465377053,0.40993432700634,0.05715830185834099,0.20341823258510042,,
A038,rough_lateral,202,25,5,,,,,,
A038,rough_lateral,202,26,100,0.3789509913341247,0.43972860276699066,0.06021281869653712,0.19587362638083441,,
A038,rough_lateral,202,27,57,0.2744747043293428,0.3322073221206665,0.058216370363286474,0.29569149969077163,,
A038,rough_lateral,202,28,100,0.29147922650059277,0.3521314114332199,0.0603745710403524,0.0911923851102513,,
A038,rough_lateral,202,29,100,0.3635416981530062,0.42293041944503784,0.05903106832249279,0.15235946051994548,,
A038,rough_lateral,202,30,100,0.3465517273242461,0.40857046842575073,0.061872854589778474,0.1619522333472239,,
A038,rough_lateral,202,31,17,,,,,,
A038,rough_lateral,303,0,100,0.34670799165804755,0.40504035353660583,0.05831952018533798,0.08492470156190693,,
A038,rough_lateral,303,1,14,,,,,,
A038,rough_lateral,303,2,100,0.34306902338795486,0.40132854878902435,0.05849205363880504,0.19058181522997675,,
A038,rough_lateral,303,3,100,0.3491414814071859,0.409283384680748,0.06045085478593959,0.146927155440709,,
A038,rough_lateral,303,4,100,0.3392085139764184,0.39718952775001526,0.05813133525338402,0.11749915528744209,,
A038,rough_lateral,303,5,100,0.3513012365861372,0.40999582409858704,0.05845584971382019,0.1628242365733874,,
A038,rough_lateral,303,6,100,0.3616434164385107,0.4201631247997284,0.0579625144999295,0.18959260442829678,,
A038,rough_lateral,303,7,100,0.34123928334942477,0.40098077058792114,0.0592543352096476,0.12182021694479059,,
A038,rough_lateral,303,8,100,0.34582943066874927,0.4029506891965866,0.057280020280317825,0.19719761939322764,,
A038,rough_lateral,303,9,100,0.36039672098695275,0.41690829396247864,0.05682900882659749,0.18125271538037696,,
A038,rough_lateral,303,10,100,0.36399780341329424,0.42005354166030884,0.056333098182066235,0.18614872104777902,,
A038,rough_lateral,303,11,100,0.34632887464156126,0.405137836933136,0.059318863771815986,0.1565933024855955,,
A038,rough_lateral,303,12,100,0.35256892323175215,0.40968945622444153,0.05718255680512617,0.2241064927194521,,
A038,rough_lateral,303,13,100,0.3504351861177281,0.4062962979078293,0.05577859011563388,0.21010663125842266,,
A038,rough_lateral,303,14,100,0.2816752188983448,0.3398289680480957,0.05731675459101876,0.14711603364203754,,
A038,rough_lateral,303,15,100,0.34736688403203525,0.40377177298069,0.05633069104689328,0.17135219320158354,,
A038,rough_lateral,303,16,8,,,,,,
A038,rough_lateral,303,17,100,0.326800828630274,0.38435620069503784,0.05696165115438043,0.11367791336594961,,
A038,rough_lateral,303,18,15,,,,,,
A038,rough_lateral,303,19,100,0.29141390275827705,0.34794697165489197,0.05619541209011792,0.24511963849596485,,
A038,rough_lateral,303,20,100,0.31350938410044993,0.3734002709388733,0.060037816909545245,0.23377099158327766,,
A038,rough_lateral,303,21,100,0.3642631719775378,0.42233242094516754,0.05787245602531229,0.18809545869041777,,
A038,rough_lateral,303,22,100,0.3387373123258193,0.39731208980083466,0.05827029631099599,0.11206193162695088,,
A038,rough_lateral,303,23,100,0.34930491128707314,0.4072205722332001,0.05798375542788582,0.07719758363285639,,
A038,rough_lateral,303,24,100,0.3457062783088276,0.4065939784049988,0.060593365347959144,0.11316083772558841,,
A038,rough_lateral,303,25,14,,,,,,
A038,rough_lateral,303,26,21,,,,,,
A038,rough_lateral,303,27,100,0.35789274954222106,0.4183304160833359,0.05978406304344137,0.11444537024562709,,
A038,rough_lateral,303,28,100,0.3399656754445265,0.401932030916214,0.061988810166955635,0.071847404478697,,
A038,rough_lateral,303,29,100,0.35394404669177726,0.4150831401348114,0.06121606367794588,0.12598996108551802,,
A038,rough_lateral,303,30,100,0.33127139939025124,0.3912200480699539,0.05983058909043909,0.16388242350900864,,
A038,rough_lateral,303,31,100,0.3317129711575687,0.39246247708797455,0.06010086141168115,0.2321111133738687,,
A038,stairs_10_down,101,0,100,0.26205879370159,-0.4000784903764725,-0.6703214900378875,0.36102985003527477,0,0.2539773876654273
A038,stairs_10_down,101,1,15,,,,,0,0.25614743213602564
A038,stairs_10_down,101,2,100,0.2980757896753556,-0.385478675365448,-0.6906428260599228,0.3600822024238358,0,0.24747181034343124
A038,stairs_10_down,101,3,100,0.3080658028948116,-0.36737044155597687,-0.6748671506177932,0.34036673054661293,0,0.3007167188879003
A038,stairs_10_down,101,4,100,0.2962231677483747,-0.39119014143943787,-0.6914448865594711,0.38891288521360784,0,0.2621917568426081
A038,stairs_10_down,101,5,100,0.3248611510118699,-0.37118034064769745,-0.6978621049360796,0.3171329202006549,0,0.29323869497380795
A038,stairs_10_down,101,6,100,0.33555546705735556,-0.3643435388803482,-0.7000008139380797,0.27644422238447036,0,0.283523482913002
A038,stairs_10_down,101,7,100,0.32220492125513717,-0.3777959793806076,-0.7000008037383544,0.3304631786104274,0,0.2756023488261483
A038,stairs_10_down,101,8,100,0.32229607588148373,-0.37383025884628296,-0.7000002988519516,0.33091627621393993,0,0.28035548695905965
A038,stairs_10_down,101,9,100,0.33877520287100643,-0.3612251877784729,-0.7000006762417881,0.1822526475859808,0,0.27883417577667036
A038,stairs_10_down,101,10,100,0.31320655019206795,-0.38632455468177795,-0.6989314033385904,0.385954082400758,0,0.23207814585078845
A038,stairs_10_down,101,11,66,0.2650841637091203,-0.40087518095970154,-0.6561505679778237,0.4011153005907885,0,0.25986550182582224
A038,stairs_10_down,101,12,89,0.280368979920678,-0.3938528895378113,-0.6689847344383199,0.37023017072189807,0,0.23531261612387266
A038,stairs_10_down,101,13,100,0.2992915444992443,-0.3829427510499954,-0.6735301604245436,0.3431990235811382,0,0.2618909981798998
A038,stairs_10_down,101,14,100,0.27484050177954095,-0.39453139901161194,-0.6623000639645173,0.32158306973780304,0,0.25015221639750473
A038,stairs_10_down,101,15,100,0.32735498297342003,-0.36966507136821747,-0.7000002937520889,0.34752562621692135,0,0.27792508955945305
A038,stairs_10_down,101,16,100,0.3231448890531764,-0.36631274223327637,-0.6946531846561534,0.31936578190254805,0,0.2606613271057925
A038,stairs_10_down,101,17,100,0.30985130568876623,-0.36400000751018524,-0.678610159114083,0.31447513061760823,0,0.27656499268536894
A038,stairs_10_down,101,18,85,0.2499192296502425,-0.4039919972419739,-0.6668456786456592,0.3980698074138609,0,0.24564668201507733
A038,stairs_10_down,101,19,100,0.3233809444834204,-0.36639219522476196,-0.693048869862276,0.3122385233370186,0,0.279984734434495
A038,stairs_10_down,101,20,100,0.33183157754773124,-0.36773063242435455,-0.70000041104893,0.33794032846261557,0,0.27203436984735374
A038,stairs_10_down,101,21,100,0.31094874855987525,-0.37710973620414734,-0.6863643268850398,0.35235564134179265,0,0.286330786299578
A038,stairs_10_down,101,22,100,0.2849209546883476,-0.39632219076156616,-0.6874335895885121,0.39409127021979434,0,0.2649281184303569
A038,stairs_10_down,101,23,74,0.26222751819513695,-0.3990483283996582,-0.6614979269670292,0.3960655099001351,0,0.24231467894054348
A038,stairs_10_down,101,24,56,0.25566659325903107,-0.3895437866449356,-0.6561506240763129,0.41458673438165017,0,0.2522544738124398
A038,stairs_10_down,101,25,100,0.3010983798593123,-0.3982522785663605,-0.7000007629394531,0.399358985547702,0,0.2636241694503927
A038,stairs_10_down,101,26,100,0.296825424952303,-0.3888331800699234,-0.6895734103605708,0.3910647769887908,0,0.27164048944565067
A038,stairs_10_down,101,27,93,0.23563526706262072,-0.42557287216186523,-0.667915334038556,0.37579108388196686,0,0.21690309095510185
A038,stairs_10_down,101,28,87,0.2293636907230724,-0.4151296019554138,-0.6641721776462494,0.3903437034565557,0,0.21760116190833845
A038,stairs_10_down,101,29,82,0.24712726665053136,-0.4139125198125839,-0.6644393849500361,0.3800433379759217,0,0.2395180933934482
A038,stairs_10_down,101,30,100,0.3306173020027538,-0.3674141615629196,-0.6983972794231883,0.32759844246825537,0,0.29852321504909085
A038,stairs_10_down,101,31,100,0.2674199416038187,-0.3985452502965927,-0.6713912321284493,0.38120746334051053,0,0.24854412340225385
A038,stairs_10_down,202,0,52,0.2202845203844621,-0.4213489443063736,-0.6502685087887361,0.40681884844453453,0,0.21042708917097608
A038,stairs_10_down,202,1,56,0.22560270082823097,-0.4091656655073166,-0.6491986443014706,0.3834827125232779,0,0.2123709657294227
A038,stairs_10_down,202,2,100,0.3345706801522862,-0.36543042957782745,-0.7000008394373929,0.2873433736020529,0,0.27916835272375917
A038,stairs_10_down,202,3,100,0.29901768075909846,-0.3729446083307266,-0.6721933130274482,0.29487494905645156,0,0.27432587057511437
A038,stairs_10_down,202,4,100,0.3270171297425255,-0.37263914942741394,-0.7000008037383544,0.3497166501699007,0,0.2816346069389486
A038,stairs_10_down,202,5,80,0.28491811263051264,-0.39630889892578125,-0.6633699794504094,0.3709174002372239,0,0.2431990024559001
A038,stairs_10_down,202,6,95,0.25518154779220015,-0.39948737621307373,-0.6647070206422857,0.3662583574344926,0,0.24989531177250457
A038,stairs_10_down,202,7,74,0.25016400457066007,-0.38429291546344757,-0.6588240893766841,0.3879833544163145,0,0.2473186767675022
A038,stairs_10_down,202,8,100,0.2811347109908089,-0.3952176123857498,-0.6879683866857844,0.3949393576167987,0,0.2756301935981301
A038,stairs_10_down,202,9,100,0.3026587936808081,-0.37161073088645935,-0.6735305276146547,0.2824944767932654,0,0.2859493194416882
A038,stairs_10_down,202,10,100,0.32794876715397453,-0.37078267335891724,-0.6994655986520696,0.2665457331579556,0,0.26684432632145394
A038,stairs_10_down,202,11,100,0.3141477811623385,-0.38241128623485565,-0.6967926280383758,0.38764498757128185,0,0.23729360820775358
A038,stairs_10_down,202,12,100,0.29255129006457203,-0.39690001308918,-0.6818190538946958,0.37164732466714967,0,0.23212813837005497
A038,stairs_10_down,202,13,100,0.32663297270708547,-0.36710046231746674,-0.6973264816610572,0.34928081521125887,0,0.2910493707911853
A038,stairs_10_down,202,14,100,0.30203526542785974,-0.38843370974063873,-0.6911775262598048,0.3709361073903269,0,0.25063645632509246
A038,stairs_10_down,202,15,100,0.29649594585525796,-0.39777258038520813,-0.7000002325537371,0.3760123853215511,0,0.24233342412321324
A038,stairs_10_down,202,16,100,0.3353379028525582,-0.36360691487789154,-0.6957223912611364,0.23076738186346024,0,0.2945195873153401
A038,stairs_10_down,202,17,99,0.2776633593487867,-0.39904317259788513,-0.6737975156243472,0.38575689464428164,0,0.24118306053513516
A038,stairs_10_down,202,18,100,0.3125613331794739,-0.3769822418689728,-0.6917114665801513,0.34344870196575317,0,0.1939683188410366
A038,stairs_10_down,202,19,100,0.3189259021677435,-0.36324723064899445,-0.6812841700997583,0.2485874616373935,0,0.27861644000930585
A038,stairs_10_down,202,20,100,0.3113517877571086,-0.38504208624362946,-0.6983959942577995,0.3925920611333056,0,0.2183878064793061
A038,stairs_10_down,202,21,100,0.3187461544007541,-0.3714963495731354,-0.6943856407614315,0.3438747621974472,0,0.2780669197679203
A038,stairs_10_down,202,22,59,0.25273352255795734,-0.39246055483818054,-0.6524070188960928,0.3878742411066564,0,0.2513640312587514
A038,stairs_10_down,202,23,100,0.2836825618928766,-0.3906906992197037,-0.6877010773847447,0.3944659365377604,0,0.27314486318731057
A038,stairs_10_down,202,24,86,0.2739067916723496,-0.38436345756053925,-0.6612309695565126,0.33950562828525166,0,0.27408267597463676
A038,stairs_10_down,202,25,100,0.2274228418096501,-0.43077149987220764,-0.6633697244572767,0.398880774992067,0,0.19870607578818178
A038,stairs_10_down,202,26,100,0.3264629058340654,-0.3632871061563492,-0.6919793725651215,0.24457065755226742,0,0.30772693590684375
A038,stairs_10_down,202,27,100,0.3030942175636955,-0.39234624803066254,-0.698396575642142,0.3831025229396444,0,0.26228238650184266
A038,stairs_10_down,202,28,100,0.3149226103874451,-0.38201478123664856,-0.7000005691446722,0.34078684148514926,0,0.28779631582173437
A038,stairs_10_down,202,29,100,0.258189736123391,-0.4022129625082016,-0.667112987946699,0.3501032148653898,0,0.22466046574281495
A038,stairs_10_down,202,30,100,0.28895298507124345,-0.3889934867620468,-0.689573083969361,0.4108637949732616,0,0.283747294847978
A038,stairs_10_down,202,31,100,0.2679060629822991,-0.40535832941532135,-0.6807493832022111,0.4297530295131077,0,0.2664516580933556
A038,stairs_10_down,303,0,100,0.33352130938341273,-0.3637129217386246,-0.6975947650358638,0.15382651080123794,0,0.28077142346989026
A038,stairs_10_down,303,1,100,0.2986154664646496,-0.38063688576221466,-0.6831559828895937,0.37279280693665623,0,0.26891856525033553
A038,stairs_10_down,303,2,100,0.30640413767513747,-0.37542110681533813,-0.6794126786012701,0.33903999844010874,0,0.2697298348268723
A038,stairs_10_down,303,3,100,0.3278083893704542,-0.3716691881418228,-0.7000006405427495,0.28549154888156836,0,0.27799669370294255
A038,stairs_10_down,303,4,100,0.2909395584766878,-0.3717203587293625,-0.6703216481336298,0.2582593178361335,0,0.26871884602276397
A038,stairs_10_down,303,5,100,0.2899085291247954,-0.3798964023590088,-0.667380516541833,0.3314284597691536,0,0.2843535473958694
A038,stairs_10_down,303,6,100,0.30813847211274237,-0.37634333968162537,-0.6860973541749352,0.3145573900676567,0,0.25382606852500833
A038,stairs_10_down,303,7,100,0.31805920250275554,-0.3775157034397125,-0.700000824137805,0.3625333889283323,0,0.27896518901707656
A038,stairs_10_down,303,8,58,0.22145614777019318,-0.42255066335201263,-0.6483962319113992,0.34479630530959293,0,0.2145530465133687
A038,stairs_10_down,303,9,100,0.29405164487540403,-0.38520103693008423,-0.6855625519778001,0.36116200915938423,0,0.2890084972356093
A038,stairs_10_down,303,10,97,0.2708023974602235,-0.39167454838752747,-0.6609635480584946,0.32984686189226226,0,0.2481639503157712
A038,stairs_10_down,303,11,100,0.27174314737001204,-0.3934295177459717,-0.6703214186398103,0.36731296895277854,0,0.25043848156929016
A038,stairs_10_down,303,12,100,0.33149098688587153,-0.3663855046033859,-0.6965247118536801,0.26773226151136864,0,0.28349578141528653
A038,stairs_10_down,303,13,100,0.3155805219940961,-0.3799078166484833,-0.6885035560730307,0.3302045120786735,0,0.26507183718171345
A038,stairs_10_down,303,14,100,0.2751475147863123,-0.4134506434202194,-0.6925136698758538,0.3943356415175353,0,0.2520335954140852
A038,stairs_10_down,303,15,100,0.2639503859103045,-0.39312638342380524,-0.6593587946764288,0.3352815403587671,0,0.26826686288583723
A038,stairs_10_down,303,16,95,0.2807224655852598,-0.3836003541946411,-0.6652413230528806,0.371276650906784,0,0.2763040814807708
A038,stairs_10_down,303,17,100,0.3239004702013444,-0.37176738679409027,-0.7000002325537371,0.3683482124076165,0,0.2801042674059536
A038,stairs_10_down,303,18,56,0.2668921616785029,-0.38925281167030334,-0.6451875870240564,0.36224344592323066,0,0.2288877895490371
A038,stairs_10_down,303,19,100,0.29179917020912477,-0.3833148628473282,-0.6850274029900046,0.3703023683262829,0,0.26832396365741995
A038,stairs_10_down,303,20,42,0.2375554239208048,-0.4201388508081436,-0.6491982873110849,0.4177901379884672,0,
A038,stairs_10_down,303,21,100,0.32468387532361687,-0.373127281665802,-0.6994655731527564,0.3339631859773441,0,0.2965713041351441
A038,stairs_10_down,303,22,100,0.33142815825135946,-0.3627083748579025,-0.6930484822727142,0.19912389801017333,0,0.28722256326420426
A038,stairs_10_down,303,23,100,0.3218537637575425,-0.3761061280965805,-0.6967922047497754,0.3289704333000958,0,0.269063898267593
A038,stairs_10_down,303,24,100,0.2766172568747067,-0.38714851438999176,-0.6604285979653425,0.3077006811382752,0,0.25226030630223895
A038,stairs_10_down,303,25,100,0.31800430152505477,-0.37524062395095825,-0.694920657152798,0.34664686161823466,0,0.27519227126065426
A038,stairs_10_down,303,26,100,0.27542344795510093,-0.4051690250635147,-0.6772737860042144,0.363538996028517,0,0.2361054463501282
A038,stairs_10_down,303,27,98,0.21398304450639427,-0.4268854856491089,-0.6545461562865558,0.34502128111833696,0,0.20427730137651612
A038,stairs_10_down,303,28,100,0.32362264681627406,-0.36120226979255676,-0.6855624856795857,0.21903548473058876,0,0.27367911236808895
A038,stairs_10_down,303,29,100,0.3357684770051171,-0.36423251032829285,-0.7000008343375302,0.3062216321156551,0,0.28993400118567725
A038,stairs_10_down,303,30,87,0.26736250710997356,-0.39951780438423157,-0.6647070206422857,0.3515701809494084,0,0.27767521812316565
A038,stairs_10_down,303,31,98,0.26356222898883613,-0.40686357021331787,-0.6679154258360838,0.3980132221002178,0,0.2717624547328541
A041,rough_lateral,101,0,100,0.31295451083604026,0.3688158541917801,0.05598576693611349,0.1260698235885122,,
A041,rough_lateral,101,1,100,0.3463223071340571,0.40542423725128174,0.05919862940987164,0.14004364446239737,,
A041,rough_lateral,101,2,100,0.3189835585852995,0.37655825912952423,0.057892676980737696,0.19509073126798707,,
A041,rough_lateral,101,3,100,0.35306110404391977,0.41082240641117096,0.05788566466958765,0.18141322290489487,,
A041,rough_lateral,101,4,0,,,,,,
A041,rough_lateral,101,5,100,0.3172932930171171,0.37618622183799744,0.058929397460611106,0.12795802040588827,,
A041,rough_lateral,101,6,100,0.3169830605626744,0.37303903698921204,0.056115609439299066,0.09977320354772423,,
A041,rough_lateral,101,7,25,0.2456344201921779,0.3057501018047333,0.0598026520428173,0.5530166416199457,,
A041,rough_lateral,101,8,100,0.33787524819692827,0.3966739922761917,0.05892953005704013,0.18588220716969783,,
A041,rough_lateral,101,9,100,0.3253714449424795,0.38238562643527985,0.05767303609593029,0.13221288163938316,,
A041,rough_lateral,101,10,20,,,,,,
A041,rough_lateral,101,11,100,0.33534487149613423,0.3940248191356659,0.05840369341845181,0.17929742201648086,,
A041,rough_lateral,101,12,100,0.33003883852678184,0.38990041613578796,0.06008631660339029,0.21561545332462628,,
A041,rough_lateral,101,13,100,0.3289045775956648,0.38847941160202026,0.05930373757918251,0.11466815642512478,,
A041,rough_lateral,101,14,100,0.3204269581300052,0.3789956420660019,0.05862457356988428,0.16967391377830837,,
A041,rough_lateral,101,15,66,0.31062377901638255,0.3715609312057495,0.06030640627611129,0.2547130314748376,,
A041,rough_lateral,101,16,100,0.339011915306994,0.39643068611621857,0.05757168652539585,0.20144048426809857,,
A041,rough_lateral,101,17,100,0.333476732599544,0.39132310450077057,0.057806264907918514,0.14223345113678199,,
A041,rough_lateral,101,18,11,,,,,,
A041,rough_lateral,101,19,100,0.32451632650778256,0.38466891646385193,0.05917650620567608,0.09015531458506121,,
A041,rough_lateral,101,20,100,0.3405230570445086,0.40025533735752106,0.05945243427460206,0.20742128463121962,,
A041,rough_lateral,101,21,100,0.333040766935935,0.3912664204835892,0.058556434304956446,0.22126458375133706,,
A041,rough_lateral,101,22,100,0.33024332628530617,0.3882584124803543,0.05775623015541444,0.2192071227590891,,
A041,rough_lateral,101,23,100,0.31222241264294814,0.3713328093290329,0.05972709757758972,0.2106417689238425,,
A041,rough_lateral,101,24,100,0.3251443598519035,0.3858288675546646,0.060368772496514136,0.16604026624957596,,
A041,rough_lateral,101,25,100,0.33788162167059543,0.3981202393770218,0.06118928429914668,0.2559237006784002,,
A041,rough_lateral,101,26,100,0.24609254659178423,0.3083663880825043,0.062253324743260674,0.13797812626066067,,
A041,rough_lateral,101,27,100,0.3365901888691805,0.3992220610380173,0.060775736436486885,0.21976115822375197,,
A041,rough_lateral,101,28,100,0.27488363354920065,0.3331957459449768,0.05868709278616675,0.21291324196990918,,
A041,rough_lateral,101,29,100,0.3178865574897929,0.37522341310977936,0.05720931068461209,0.13463759010516707,,
A041,rough_lateral,101,30,100,0.3559547722499001,0.4191260039806366,0.06391309034378133,0.19043003835142136,,
A041,rough_lateral,101,31,100,0.3372288033924001,0.39881324768066406,0.06182687932794745,0.19497657802174426,,
A041,rough_lateral,202,0,100,0.3337575645848392,0.3956954628229141,0.06244512547783673,0.26972101022615763,,
A041,rough_lateral,202,1,7,,,,,,
A041,rough_lateral,202,2,6,,,,,,
A041,rough_lateral,202,3,100,0.3353400028803769,0.39865952730178833,0.06326692754572089,0.14379747282368782,,
A041,rough_lateral,202,4,44,0.3103111021340212,0.3735588490962982,0.06293794560559932,0.3252615295623584,,
A041,rough_lateral,202,5,100,0.3193032810076035,0.37918582558631897,0.06006238804781501,0.12286917927702853,,
A041,rough_lateral,202,6,84,0.25803302555160723,0.3215254843235016,0.06277274575462953,0.20979818315400267,,
A041,rough_lateral,202,7,100,0.3427931243244977,0.40376758575439453,0.0614493109963157,0.1965570693612495,,
A041,rough_lateral,202,8,19,,,,,,
A041,rough_lateral,202,9,100,0.33574555885983026,0.39701057970523834,0.061165610736704124,0.12764756518649356,,
A041,rough_lateral,202,10,100,0.3283534112142369,0.3881065398454666,0.05982033326664073,0.12847418521813453,,
A041,rough_lateral,202,11,100,0.34280201139297073,0.4014393091201782,0.05858614610478202,0.2007964937169209,,
A041,rough_lateral,202,12,10,,,,,,
A041,rough_lateral,202,13,100,0.32283291356130084,0.3847193866968155,0.06215063390884808,0.19086004539726492,,
A041,rough_lateral,202,14,100,0.3326004310087724,0.3921050876379013,0.05969686559177337,0.13898274240897918,,
A041,rough_lateral,202,15,100,0.2593210894953121,0.3197469860315323,0.06032325112245937,0.11048815224159675,,
A041,rough_lateral,202,16,100,0.34340111393342043,0.40309007465839386,0.05894899113293,0.1487780610134103,,
A041,rough_lateral,202,17,100,0.3359811704426526,0.39384764432907104,0.05741978201636656,0.14829391435038697,,
A041,rough_lateral,202,18,100,0.32414312987404076,0.38173286616802216,0.05748758469035919,0.1416863722065391,,
A041,rough_lateral,202,19,100,0.3236954965215316,0.3822847455739975,0.059264636932209847,0.11233236553050963,,
A041,rough_lateral,202,20,6,,,,,,
A041,rough_lateral,202,21,100,0.31379775121250253,0.37317049503326416,0.05946315418590199,0.046247714554623065,,
A041,rough_lateral,202,22,100,0.26461444468421735,0.3185698390007019,0.053888244424911746,0.11002017706658082,,
A041,rough_lateral,202,23,100,0.32271359064043525,0.3817353844642639,0.059578018392471066,0.2546146766546435,,
A041,rough_lateral,202,24,100,0.3592137548534628,0.415895476937294,0.05689800996831394,0.15687356813845388,,
A041,rough_lateral,202,25,2,,,,,,
A041,rough_lateral,202,26,87,0.3008916658513686,0.3613874912261963,0.0598434101451527,0.1908742871161754,,
A041,rough_lateral,202,27,16,,,,,,
A041,rough_lateral,202,28,100,0.3169385066485022,0.3773350268602371,0.06034994380359343,0.11766715461984248,,
A041,rough_lateral,202,29,100,0.3264789539862444,0.3847649544477463,0.05855156393612132,0.1013838775823562,,
A041,rough_lateral,202,30,100,0.273729625471773,0.3342346101999283,0.060563974839480804,0.04442964821485613,,
A041,rough_lateral,202,31,3,,,,,,
A041,rough_lateral,303,0,100,0.326808656281966,0.38517458736896515,0.058180436731022314,0.17472306904578827,,
A041,rough_lateral,303,1,100,0.2922417004318798,0.34927286207675934,0.05654360011299664,0.13736499284796633,,
A041,rough_lateral,303,2,100,0.3448614916380714,0.4018843173980713,0.05783412035773782,0.15686039764731208,,
A041,rough_lateral,303,3,8,,,,,,
A041,rough_lateral,303,4,31,0.22330316263724137,0.28244906663894653,0.05916544460357829,0.5060523643014903,,
A041,rough_lateral,303,5,100,0.32666164564895117,0.3850814551115036,0.05862955103583514,0.17554847860825204,,
A041,rough_lateral,303,6,100,0.34238311552746414,0.4012967646121979,0.059264024948691305,0.11610733882581759,,
A041,rough_lateral,303,7,100,0.34246761355808075,0.4024102985858917,0.05965956519631778,0.13510526956481736,,
A041,rough_lateral,303,8,21,,,,,,
A041,rough_lateral,303,9,100,0.3426921374020092,0.39988911151885986,0.05702168163768748,0.16760705409572194,,
A041,rough_lateral,303,10,100,0.29349064691500226,0.351724237203598,0.057530051246683866,0.1546924306059791,,
A041,rough_lateral,303,11,100,0.33835804852891094,0.39707455039024353,0.05877829363001859,0.17512189969634573,,
A041,rough_lateral,303,12,100,0.31963716654535285,0.3775978833436966,0.057282090824555584,0.17008969612127026,,
A041,rough_lateral,303,13,100,0.33073708430968507,0.3859328627586365,0.05573936197209486,0.1449561592276789,,
A041,rough_lateral,303,14,100,0.29644722519392636,0.3538977950811386,0.05751780647645022,0.10437409514575213,,
A041,rough_lateral,303,15,100,0.3373633901225054,0.39414647221565247,0.05699568763773709,0.10612659509473782,,
A041,rough_lateral,303,16,8,,,,,,
A041,rough_lateral,303,17,49,0.23057498906385454,0.28883862495422363,0.05756229257838611,0.26768243824185467,,
A041,rough_lateral,303,18,100,0.33943081834418254,0.39593835175037384,0.05659527192141283,0.22734862654122195,,
A041,rough_lateral,303,19,13,,,,,,
A041,rough_lateral,303,20,100,0.31062496505319115,0.37039637565612793,0.059992162939061455,0.2517406857312586,,
A041,rough_lateral,303,21,100,0.3428682209973667,0.4009452164173126,0.05794001900576015,0.22769449330055475,,
A041,rough_lateral,303,22,100,0.3306721122188364,0.388773113489151,0.058471715386538586,0.13001119384576856,,
A041,rough_lateral,303,23,21,,,,,,
A041,rough_lateral,303,24,100,0.3339957253818206,0.3949087858200073,0.0609994062127914,0.16374589427039837,,
A041,rough_lateral,303,25,23,,,,,,
A041,rough_lateral,303,26,100,0.28219080648638983,0.3435017913579941,0.06123069008403921,0.139185368534844,,
A041,rough_lateral,303,27,35,0.30346608624101323,0.3635534942150116,0.0601033705441072,0.4999915634848809,,
A041,rough_lateral,303,28,100,0.35123537233806545,0.4133385419845581,0.061809942684071584,0.07072052187748151,,
A041,rough_lateral,303,29,100,0.33327123913216716,0.3954543471336365,0.062176209720060785,0.13239164268119263,,
A041,rough_lateral,303,30,100,0.330871385049055,0.39051322638988495,0.06007764173701485,0.20685376958912932,,
A041,rough_lateral,303,31,100,0.33655337686525943,0.39653636515140533,0.06035980183810474,0.16937260396239395,,
A041,rough_forward,101,0,100,0.3541079630507505,0.41067054867744446,0.05652894310772738,0.4100167889911226,,
A041,rough_forward,101,1,100,0.34322024124828887,0.40136605501174927,0.058150628033806294,0.42445929867177123,,
A041,rough_forward,101,2,100,0.3608745577182362,0.41757629811763763,0.057073149451597485,0.43892200351236843,,
A041,rough_forward,101,3,100,0.33343445641152997,0.39341743290424347,0.06032665273084997,0.33169191169690976,,
A041,rough_forward,101,4,100,0.3229955979050162,0.3795917481184006,0.0563500348259421,0.49217003246984925,,
A041,rough_forward,101,5,100,0.3592262483216862,0.4155415892601013,0.05654388570530529,0.47236329059375776,,
A041,rough_forward,101,6,100,0.31351741973091574,0.3712647557258606,0.058036513507047444,0.07681204033767142,,
A041,rough_forward,101,7,100,0.3596869453708118,0.4159214347600937,0.05667321312236276,0.4439341491096622,,
A041,rough_forward,101,8,100,0.35555141893300146,0.41364726424217224,0.05787321590484783,0.4383845877187283,,
A041,rough_forward,101,9,100,0.34493795587098536,0.40216898918151855,0.05723277515268581,0.43338164907420945,,
A041,rough_forward,101,10,100,0.31127302579701266,0.37028174102306366,0.05898437398002747,0.49293707092122896,,
A041,rough_forward,101,11,100,0.3369438950231369,0.3971455246210098,0.05986864936543021,0.46279523262694744,,
A041,rough_forward,101,12,100,0.32469978761226737,0.38425223529338837,0.05950496285994423,0.48882829208378187,,
A041,rough_forward,101,13,100,0.37377542066064107,0.435912162065506,0.062073829977270116,0.45828612583566675,,
A041,rough_forward,101,14,100,0.3413863752615005,0.3984079957008362,0.057980307920731326,0.5032746697634005,,
A041,rough_forward,101,15,100,0.3344770017314085,0.39248083531856537,0.05782671535716337,0.4955789944677721,,
A041,rough_forward,101,16,100,0.3398782255496571,0.3993140757083893,0.059627374863242086,0.44140638647913266,,
A041,rough_forward,101,17,100,0.3627880852330815,0.42226459085941315,0.05973925055029558,0.44214176063332006,,
A041,rough_forward,101,18,100,0.29427028164506597,0.35455605387687683,0.06021197721919912,0.4772894045888575,,
A041,rough_forward,101,19,100,0.36754029367696794,0.4268844425678253,0.05939259248621323,0.4815990874388273,,
A041,rough_forward,101,20,100,0.3659852501702181,0.4247864931821823,0.05879515887581728,0.46951012083452215,,
A041,rough_forward,101,21,100,0.34517485269888204,0.4082786738872528,0.06267111569164908,0.477907731478215,,
A041,rough_forward,101,22,100,0.30774909847560417,0.3644769638776779,0.056726725981197254,0.5050744553012307,,
A041,rough_forward,101,23,100,0.3433042303285497,0.4030258506536484,0.059442504842013605,0.42558610698888955,,
A041,rough_forward,101,24,100,0.32194093539115576,0.3783697783946991,0.05623241159367689,0.4547636528264144,,
A041,rough_forward,101,25,100,0.3321609333715337,0.39104171097278595,0.06053183550503165,0.465688031674085,,
A041,rough_forward,101,26,100,0.33826539773035813,0.3967248350381851,0.058947211280863554,0.48198202935989304,,
A041,rough_forward,101,27,100,0.33633665883923597,0.3917776495218277,0.05427114721288018,0.47358218434369215,,
A041,rough_forward,101,28,100,0.3559860192677554,0.41736307740211487,0.06227914024801816,0.48976160984435535,,
A041,rough_forward,101,29,100,0.340799992814421,0.40105991065502167,0.05986066298051314,0.340339799469353,,
A041,rough_forward,101,30,100,0.34822524741371685,0.40870799124240875,0.059813683045739155,0.2300232993874216,,
A041,rough_forward,101,31,100,0.36726156171949154,0.4315638542175293,0.06468857035917394,0.47688819149375217,,
A041,rough_forward,202,0,100,0.33216418222310073,0.39109447598457336,0.05900484482872295,0.4405140230783967,,
A041,rough_forward,202,1,100,0.3259367306920934,0.3861156404018402,0.060220167598622365,0.5048068539007364,,
A041,rough_forward,202,2,100,0.37015434302748207,0.4318861663341522,0.06134861930806369,0.4557955404282712,,
A041,rough_forward,202,3,100,0.3645535627788401,0.42389433085918427,0.05926905851313137,0.4002896011445266,,
A041,rough_forward,202,4,100,0.3595473938447269,0.4230309724807739,0.06326974776976886,0.45453945741210167,,
A041,rough_forward,202,5,100,0.3296989915683308,0.3884725123643875,0.05858147463059043,0.43499448394625395,,
A041,rough_forward,202,6,100,0.3576518355365743,0.4194778501987457,0.06170279966956154,0.455243890579218,,
A041,rough_forward,202,7,100,0.3594819767111763,0.41966430842876434,0.05999596743660177,0.38744480613212,,
A041,rough_forward,202,8,100,0.3302043343291563,0.39104583859443665,0.0602827939120206,0.4837098381818855,,
A041,rough_forward,202,9,100,0.38512350005262036,0.4453219473361969,0.060315917519962084,0.4376505216748175,,
A041,rough_forward,202,10,100,0.337496961183089,0.3988668918609619,0.06074483636866279,0.38536356966044827,,
A041,rough_forward,202,11,100,0.3490018172856958,0.40720871090888977,0.058730849607743045,0.41852695478297475,,
A041,rough_forward,202,12,100,0.3500525571286359,0.4135347753763199,0.063242269709786,0.4608433540495034,,
A041,rough_forward,202,13,100,0.34000474071120196,0.3996342867612839,0.05918762390626306,0.39042242471782745,,
A041,rough_forward,202,14,100,0.35611805168383903,0.4143388420343399,0.0579934247674789,0.44109744204505974,,
A041,rough_forward,202,15,100,0.3340147898637037,0.3925083130598068,0.058730003030542384,0.4798128602676021,,
A041,rough_forward,202,16,100,0.35659134897956235,0.41348278522491455,0.05736428531095943,0.4887672931327022,,
A041,rough_forward,202,17,100,0.357362992145161,0.4182588756084442,0.06031431106322589,0.49398739178512313,,
A041,rough_forward,202,18,100,0.356346177704194,0.41314131021499634,0.05567945388549152,0.49062005851296014,,
A041,rough_forward,202,19,100,0.3482142329056633,0.407235711812973,0.058963102452895225,0.436126086115238,,
A041,rough_forward,202,20,100,0.3161929862543861,0.3729191869497299,0.05688965639328574,0.45131778281136253,,
A041,rough_forward,202,21,100,0.32796873247878433,0.3859836161136627,0.05702045767065038,0.49206901906974787,,
A041,rough_forward,202,22,100,0.33501116636602635,0.3926919996738434,0.05755670822877935,0.4553238585866528,,
A041,rough_forward,202,23,100,0.31833942354044176,0.37757349014282227,0.058965988975157715,0.40853149088778995,,
A041,rough_forward,202,24,100,0.30951950750886437,0.36853885650634766,0.05790869054947308,0.39937921556671907,,
A041,rough_forward,202,25,100,0.36682251557946843,0.42239415645599365,0.055507114226805335,0.4688566731291991,,
A041,rough_forward,202,26,100,0.3770357360017491,0.43609072268009186,0.05900139732156845,0.4721686120626333,,
A041,rough_forward,202,27,100,0.27098780384356963,0.3317524939775467,0.061429018642813124,0.48306058235046156,,
A041,rough_forward,202,28,100,0.33164753800726193,0.3916880935430527,0.05960098307400463,0.39065483674736157,,
A041,rough_forward,202,29,100,0.34202235530723224,0.4034421890974045,0.06091439660220223,0.4743216469816796,,
A041,rough_forward,202,30,100,0.27232820998857366,0.33314432203769684,0.060322236249791106,0.36586162951780565,,
A041,rough_forward,202,31,100,0.3566366538485104,0.4128779321908951,0.05639946779465293,0.5022783601102674,,
A041,rough_forward,303,0,100,0.32806660561638085,0.38661426305770874,0.05840587615966797,0.4485867503735517,,
A041,rough_forward,303,1,100,0.3576321494292448,0.4168888181447983,0.05961641525839739,0.4618757375719178,,
A041,rough_forward,303,2,100,0.344007468717621,0.40033288300037384,0.05629263077190215,0.08449338482626548,,
A041,rough_forward,303,3,100,0.32467992468313733,0.3832121193408966,0.058496408921512054,0.44123737700164545,,
A041,rough_forward,303,4,100,0.3515171148082152,0.4109025001525879,0.05928547497101646,0.42231145186596486,,
A041,rough_forward,303,5,100,0.3434860801154917,0.4020405560731888,0.05843524626869569,0.4642994556254906,,
A041,rough_forward,303,6,100,0.32743402893211754,0.387393593788147,0.05997375243487843,0.46285625240084,,
A041,rough_forward,303,7,100,0.32281366899051767,0.38228559494018555,0.05930330919071952,0.4628278646249912,,
A041,rough_forward,303,8,100,0.3385463495624257,0.39909207820892334,0.0594290871033694,0.47575980046349464,,
A041,rough_forward,303,9,100,0.34709696065295825,0.40634776651859283,0.058343596636930256,0.43934678261520943,,
A041,rough_forward,303,10,100,0.36938047608271,0.42923930287361145,0.060105879676533254,0.4747307078979601,,
A041,rough_forward,303,11,100,0.3143230342769368,0.37169049680233,0.057777241589551304,0.4986892949459644,,
A041,rough_forward,303,12,100,0.3572020271723283,0.41535088419914246,0.058214814905176826,0.469645901941083,,
A041,rough_forward,303,13,100,0.3390768163981922,0.3965982496738434,0.05771734370267327,0.44278149716824133,,
A041,rough_forward,303,14,100,0.36096348179215415,0.42046117782592773,0.05963505015653722,0.4643173959469442,,
A041,rough_forward,303,15,100,0.30649391047776064,0.36397673189640045,0.0579118983630828,0.44341250439988733,,
A041,rough_forward,303,16,100,0.30981939417474413,0.3684700280427933,0.05886587867124833,0.4676635404183958,,
A041,rough_forward,303,17,100,0.35083226779884197,0.40848517417907715,0.05713113488998005,0.34950550295082927,,
A041,rough_forward,303,18,100,0.3449535995403076,0.4009323865175247,0.055831771483395826,0.42556529837384344,,
A041,rough_forward,303,19,100,0.3487696437274709,0.40826714038848877,0.05928707632789,0.5060929949089604,,
A041,rough_forward,303,20,100,0.3423937421272145,0.40470507740974426,0.06194766447505849,0.4499659486332251,,
A041,rough_forward,303,21,100,0.35960655998099933,0.4197307527065277,0.060037781210506666,0.46363448770173477,,
A041,rough_forward,303,22,100,0.3558402667071093,0.41647869348526,0.06068177656693892,0.3339859128566781,,
A041,rough_forward,303,23,100,0.3470597761200074,0.40774112939834595,0.05958447991845442,0.47888737411577953,,
A041,rough_forward,303,24,100,0.3803735883000063,0.44089725613594055,0.06031839095334955,0.4705888697423315,,
A041,rough_forward,303,25,100,0.36597812741516744,0.4268217980861664,0.06061323951272403,0.4591538619489334,,
A041,rough_forward,303,26,100,0.3156521693270474,0.37490004301071167,0.06007587718453637,0.45670702269194896,,
A041,rough_forward,303,27,100,0.3595410193351501,0.4176798313856125,0.05807851597587055,0.4745364526230139,,
A041,rough_forward,303,28,100,0.3706826782003444,0.43180930614471436,0.0608190291705616,0.41560432439718054,,
A041,rough_forward,303,29,100,0.34162913485963076,0.403647318482399,0.06200216670724797,0.3125727132013638,,
A041,rough_forward,303,30,100,0.365982151445858,0.4225616455078125,0.05696916325207063,0.4947273976609392,,
A041,rough_forward,303,31,100,0.34095972672822006,0.39959318935871124,0.058854011290851126,0.4577093266916487,,
A041,stairs_10_down,101,0,100,0.33034606556841395,-0.32562603056430817,-0.6470595477099087,0.48093824544333574,0,0.33937274325977673
A041,stairs_10_down,101,1,100,0.3081419260744105,-0.31832392513751984,-0.6229956213803215,0.4627059076333727,0,0.326536076113502
A041,stairs_10_down,101,2,100,0.3579378989450434,-0.3203810155391693,-0.6751348628079827,0.5257822076923664,0,0.3398104254255958
A041,stairs_10_down,101,3,67,0.33380453392146103,-0.31316065788269043,-0.6379686345391095,0.46642002782374553,0,0.33868172477910863
A041,stairs_10_down,101,4,100,0.3352359015355135,-0.33079421520233154,-0.6743323790198341,0.49203295135713065,0,0.34148192357889473
A041,stairs_10_down,101,5,100,0.3646580577693521,-0.31209684908390045,-0.6783431303054891,0.5008209357625114,1,0.35733316782961555
A041,stairs_10_down,101,6,100,0.37826875792467657,-0.3155478239059448,-0.6983965348432408,0.4857988918571512,0,0.35419959116747035
A041,stairs_10_down,101,7,100,0.37965362642538103,-0.31609126925468445,-0.699465960742318,0.4850761191653966,0,0.35530446493689394
A041,stairs_10_down,101,8,100,0.3590977806299128,-0.3190581649541855,-0.6847596856999525,0.4999635382859628,0,0.3455476864455218
A041,stairs_10_down,101,9,100,0.3735520701038646,-0.31315161287784576,-0.6911773477646119,0.49978160081861345,0,0.3540780067762589
A041,stairs_10_down,101,10,100,0.36096345214920245,-0.3303312361240387,-0.6943855948626676,0.5073643235840934,0,0.3396448041984742
A041,stairs_10_down,101,11,58,0.31501557339321484,-0.3195386677980423,-0.6371660742530211,0.48304051368782447,0,0.3209950429870483
A041,stairs_10_down,101,12,73,0.33997009049124893,-0.32268399000167847,-0.6572197898823947,0.5100766577241614,0,0.3343743637283856
A041,stairs_10_down,101,13,73,0.33297085634527357,-0.3150795102119446,-0.6481290807061016,0.4926081347315833,0,0.3309088875265682
A041,stairs_10_down,101,14,100,0.26192459232985654,-0.34554043412208557,-0.6181822741095395,0.4195901827720534,0,0.3296366909289743
A041,stairs_10_down,101,15,100,0.37713684882709686,-0.31506019830703735,-0.6962570608618426,0.462277263291317,0,0.35280735209026437
A041,stairs_10_down,101,16,100,0.35237170261813994,-0.31303778290748596,-0.6724608059235435,0.47640142038431565,0,0.3475105394335354
A041,stairs_10_down,101,17,100,0.3092786800415121,-0.311775267124176,-0.6133692634296928,0.4638654800010562,0,0.3457417266572861
A041,stairs_10_down,101,18,68,0.3321235603827206,-0.32504570484161377,-0.6566850029848477,0.5049093623255453,1,0.33178096483735475
A041,stairs_10_down,101,19,100,0.3519573522442802,-0.3166310787200928,-0.6737974442262701,0.4904728383284592,1,0.34813812470691086
A041,stairs_10_down,101,20,100,0.375172421336174,-0.3165734112262726,-0.69759414285262,0.4728281889228993,0,0.33753347301228165
A041,stairs_10_down,101,21,97,0.335207134325874,-0.32332226634025574,-0.664171504464379,0.5071656941883276,0,0.3301598483865912
A041,stairs_10_down,101,22,100,0.3482506552482034,-0.3263901621103287,-0.6745992191335097,0.5020423934716032,0,0.3443005156708273
A041,stairs_10_down,101,23,58,0.3276999636608011,-0.3190917521715164,-0.6422465676292379,0.5038649194435767,0,0.3309923888527774
A041,stairs_10_down,101,24,100,0.24900727364468705,-0.3407219499349594,-0.6155085436163101,0.4458843155233586,0,0.3124501923507548
A041,stairs_10_down,101,25,100,0.36876519151868664,-0.3239249736070633,-0.6978617683451444,0.5081240132827652,0,0.3479716667835725
A041,stairs_10_down,101,26,100,0.3553174969984248,-0.32409878075122833,-0.6732628307240531,0.5186477814193601,0,0.3468315253920734
A041,stairs_10_down,101,27,100,0.2926674669279772,-0.3258444517850876,-0.6336906249510412,0.4561270716978861,0,0.3182607844551617
A041,stairs_10_down,101,28,64,0.3250936115170545,-0.3214915990829468,-0.6465249801064558,0.5107456001600097,0,0.33979185188517846
A041,stairs_10_down,101,29,100,0.3082512695202853,-0.32833443582057953,-0.6358293441527667,0.5119203380674873,0,0.32073309698844343
A041,stairs_10_down,101,30,100,0.37161069885294706,-0.310107484459877,-0.6887710438692634,0.49262177843093785,0,0.35928401080044836
A041,stairs_10_down,101,31,75,0.33595535828467993,-0.3180607259273529,-0.6545463704807873,0.5091263366465152,1,0.3394224066785313
A041,stairs_10_down,202,0,48,0.3116943127809361,-0.33249926567077637,-0.6315519312486292,0.5039210005592305,0,0.3129544999191468
A041,stairs_10_down,202,1,42,0.2910029802092894,-0.33314308524131775,-0.6245995485846372,0.47967831672568084,0,
A041,stairs_10_down,202,2,100,0.37790816376872244,-0.31329116225242615,-0.6914447794623553,0.4864080915792827,0,0.34766331378788873
A041,stairs_10_down,202,3,65,0.3249358925271162,-0.3155952990055084,-0.6326213571477064,0.4779430230806203,0,0.33593445649759013
A041,stairs_10_down,202,4,100,0.3695585510947488,-0.3147837966680527,-0.6957227584512475,0.47218860092039777,0,0.3569796201698283
A041,stairs_10_down,202,5,66,0.3176547940720849,-0.3327833265066147,-0.6443856387214865,0.47473842627031126,0,0.3297007977962494
A041,stairs_10_down,202,6,82,0.32906282091523237,-0.32654304802417755,-0.6475944723037474,0.4920658910480155,0,0.33453904849322724
A041,stairs_10_down,202,7,48,0.31775668478585817,-0.32075735926628113,-0.6326208369617157,0.4990187365133072,0,0.3206385284821618
A041,stairs_10_down,202,8,98,0.3435004871478055,-0.3294801265001297,-0.6668453726539,0.5084652702040041,0,0.34365410122641904
A041,stairs_10_down,202,9,69,0.33044124940499897,-0.3179396390914917,-0.6395726025423264,0.4835902854757559,0,0.33957646396708363
A041,stairs_10_down,202,10,100,0.35827163387747374,-0.3209618628025055,-0.6901074628778957,0.5099283523716718,0,0.35416087795068874
A041,stairs_10_down,202,11,100,0.3641198843239463,-0.3212244510650635,-0.6885031837830569,0.5156132638793738,0,0.3450726514512842
A041,stairs_10_down,202,12,100,0.3360111414589346,-0.331922322511673,-0.6679152524407534,0.49035292445268497,0,0.3257966479834389
A041,stairs_10_down,202,13,100,0.36462861618256187,-0.31335605680942535,-0.6818186204063701,0.503829783886961,0,0.34400910282517494
A041,stairs_10_down,202,14,100,0.35536056446200387,-0.3261019140481949,-0.678877845804959,0.5178457027783627,0,0.34215564683159405
A041,stairs_10_down,202,15,100,0.3628343346125302,-0.3270903676748276,-0.6917119051683396,0.5078022128934887,0,0.34146218950098206
A041,stairs_10_down,202,16,94,0.3481890477120558,-0.31226857006549835,-0.6582892361809225,0.4984395305425518,0,0.3499629849737341
A041,stairs_10_down,202,17,79,0.3380285152458252,-0.31939804553985596,-0.6572198204815707,0.4990062552035705,0,0.3403372566967724
A041,stairs_10_down,202,18,98,0.3359771708753657,-0.3281286954879761,-0.6625671743709136,0.47225805224248035,0,0.34529453006020205
A041,stairs_10_down,202,19,70,0.3341231105480602,-0.31131866574287415,-0.6441182580223695,0.48279305212584644,1,0.3428260403520921
A041,stairs_10_down,202,20,100,0.36135332294326417,-0.3274769186973572,-0.6930490330578809,0.5282606901902027,1,0.3397058442952161
A041,stairs_10_down,202,21,100,0.36766953208548503,-0.3137408047914505,-0.6839581810854336,0.4959838337878767,0,0.3531572673728759
A041,stairs_10_down,202,22,47,0.30944837924630886,-0.32798516750335693,-0.6342247947652072,0.4845722454681547,0,0.3102272629419113
A041,stairs_10_down,202,23,100,0.3485346852458097,-0.32847338914871216,-0.6735301145257797,0.5054254643561951,0,0.3415020151253052
A041,stairs_10_down,202,24,58,0.3220760944214734,-0.3171967417001724,-0.638770720537971,0.4929463417131863,0,0.32183847628175255
A041,stairs_10_down,202,25,100,0.2742758221964148,-0.3452601730823517,-0.6342251874546316,0.4718219653118585,0,0.3194060827640288
A041,stairs_10_down,202,26,80,0.34885801406786404,-0.3117087334394455,-0.6553484462799235,0.49657872441175793,0,0.35008636419785855
A041,stairs_10_down,202,27,100,0.36240557672824447,-0.33008669316768646,-0.6951880735509536,0.5157233780381582,0,0.33567796942384487
A041,stairs_10_down,202,28,100,0.3649230688650978,-0.31997501850128174,-0.69117728656626,0.513338320587625,0,0.3534780474588832
A041,stairs_10_down,202,29,64,0.33446534041733667,-0.31367331743240356,-0.6454553349132843,0.4982961674947243,0,0.34577768435452716
A041,stairs_10_down,202,30,98,0.35271306335926056,-0.3259613960981369,-0.6729954908238376,0.5149320113078126,0,0.34569138862232474
A041,stairs_10_down,202,31,100,0.33849814589967064,-0.33313988149166107,-0.6705889676343948,0.5152947613339907,0,0.33102999141509515
A041,stairs_10_down,303,0,100,0.3603761819275943,-0.3148163855075836,-0.6713915432200712,0.49868578549324494,0,0.3550967967765216
A041,stairs_10_down,303,1,100,0.3526922136067069,-0.3209923058748245,-0.6652412771541167,0.4920885407424801,0,0.3477722806407806
A041,stairs_10_down,303,2,80,0.34126224890749723,-0.31446829438209534,-0.6532094516856148,0.4733470130057292,0,0.34303396462119196
A041,stairs_10_down,303,3,100,0.3772619943567776,-0.31323719024658203,-0.6949207030515621,0.4757272683782175,0,0.3471208402817262
A041,stairs_10_down,303,4,68,0.31795419728692204,-0.32182274758815765,-0.6393054870360675,0.4594553080265998,0,0.3267485748000324
A041,stairs_10_down,303,5,100,0.3085692953617178,-0.32522064447402954,-0.637968537641719,0.4472066669336905,0,0.3339944813340743
A041,stairs_10_down,303,6,100,0.33433029493864846,-0.32314975559711456,-0.6588241454751733,0.4883812324183678,1,0.33821473896184706
A041,stairs_10_down,303,7,100,0.3743617552168229,-0.3184858709573746,-0.6906428617589614,0.5053026438180543,0,0.32679402621034637
A041,stairs_10_down,303,8,54,0.30855011573449814,-0.3267606943845749,-0.6318187458629914,0.4616918005265102,0,0.3094840115085643
A041,stairs_10_down,303,9,100,0.3491069339016542,-0.3173842132091522,-0.6647067605492902,0.4779227949395714,0,0.3459133647661158
A041,stairs_10_down,303,10,100,0.27804785592352005,-0.33981579542160034,-0.6171126595155441,0.40151685412957716,0,0.3253071105735187
A041,stairs_10_down,303,11,100,0.3279768210203252,-0.3387667089700699,-0.638770587941542,0.45521591001738027,0,0.3355188031885076
A041,stairs_10_down,303,12,100,0.3626318219351896,-0.3139467239379883,-0.6762039980148886,0.5080997656913209,0,0.3521891786134179
A041,stairs_10_down,303,13,97,0.33721627414545274,-0.3201485872268677,-0.6588242780716024,0.48795872198003387,0,0.3404889693234694
A041,stairs_10_down,303,14,100,0.3549992939367651,-0.32685764133930206,-0.6812835836155529,0.5204764593358719,0,0.33421046609547045
A041,stairs_10_down,303,15,61,0.3306932925859237,-0.313730388879776,-0.6411769479353797,0.4907704890358469,0,0.34195981943671083
A041,stairs_10_down,303,16,72,0.33786032775187874,-0.3237917423248291,-0.6529419740891074,0.5041545886141883,0,0.3399317839885141
A041,stairs_10_down,303,17,100,0.3754880344644587,-0.3199113458395004,-0.6967922353489513,0.5029917628119982,0,0.3454155423105719
A041,stairs_10_down,303,18,42,0.29553730738035494,-0.33045919239521027,-0.6221926480053581,0.47849640699627477,0,
A041,stairs_10_down,303,19,100,0.34560099387551374,-0.33029109239578247,-0.6719260853242108,0.5097242582765342,0,0.3224031106035977
A041,stairs_10_down,303,20,39,0.295587259499147,-0.33666282892227173,-0.6278080659754136,0.4990345908210741,1,0.2009148044700928
A041,stairs_10_down,303,21,100,0.3703520620729834,-0.31402166187763214,-0.6911769193761489,0.47782646502276827,0,0.3518551788865564
A041,stairs_10_down,303,22,100,0.35603615155513274,-0.31679436564445496,-0.6687174710360441,0.48655147120415576,0,0.3426177815638761
A041,stairs_10_down,303,23,100,0.3623816040269831,-0.3150697350502014,-0.6802147951993076,0.4996830461903675,0,0.3509526305338916
A041,stairs_10_down,303,24,64,0.32362269446811576,-0.3154171407222748,-0.6368996013294567,0.4590134778065043,0,0.32122557972841725
A041,stairs_10_down,303,25,100,0.36090003288684686,-0.32292623817920685,-0.6834233839881612,0.4829901751024931,0,0.3415519910700181
A041,stairs_10_down,303,26,87,0.34230312115368355,-0.31916359066963196,-0.6572201876716818,0.5036151413265222,0,0.3386640279369558
A041,stairs_10_down,303,27,56,0.32512240566034367,-0.32382017374038696,-0.6470594814116942,0.4899379517621789,0,0.3259044208309867
A041,stairs_10_down,303,28,100,0.3196451690267114,-0.3162761777639389,-0.6304818933660334,0.4308776464343347,0,0.34226193641596303
A041,stairs_10_down,303,29,100,0.37966028262268414,-0.31242822110652924,-0.6922468144625904,0.46097254716926084,0,0.33776554815909443
A041,stairs_10_down,303,30,74,0.3301213404392814,-0.324367880821228,-0.6516049226975058,0.47763759084041646,0,0.3252719460642911
A041,stairs_10_down,303,31,77,0.3417700588065673,-0.32271432876586914,-0.6598937090705422,0.5235066255587456,0,0.3408405479581599
A042,rough_lateral,101,0,100,0.2740362340753729,0.3314075469970703,0.05735169884992793,0.0688070794370419,,
A042,rough_lateral,101,1,100,0.38118994092558794,0.4412827342748642,0.059628195941129475,0.216632141903008,,
A042,rough_lateral,101,2,100,0.35361193295787363,0.4120389223098755,0.058500789703532334,0.09830700167947948,,
A042,rough_lateral,101,3,100,0.3905680237766256,0.44838277995586395,0.05768676492619642,0.22175612462671257,,
A042,rough_lateral,101,4,100,0.3753131063864193,0.4345978945493698,0.059297770739876646,0.21044176657855923,,
A042,rough_lateral,101,5,100,0.37115556997730137,0.4308556616306305,0.05958569878562886,0.08192408327797887,,
A042,rough_lateral,101,6,100,0.3817892166223118,0.4375106990337372,0.056203658568030376,0.1360634948753568,,
A042,rough_lateral,101,7,100,0.3600541676748245,0.4187323749065399,0.05823386289219168,0.0676718418309282,,
A042,rough_lateral,101,8,100,0.37928222797133704,0.4374952018260956,0.05869061679126107,0.20935940051213542,,
A042,rough_lateral,101,9,100,0.3655772412365133,0.42299358546733856,0.057214675740124704,0.07972099848317662,,
A042,rough_lateral,101,10,100,0.3306274724038527,0.3877687305212021,0.05700577006620519,0.14858500149894044,,
A042,rough_lateral,101,11,100,0.3745487603274259,0.43371453881263733,0.058306974523207725,0.1548917181426126,,
A042,rough_lateral,101,12,100,0.36964998286675643,0.42929476499557495,0.05965755075056923,0.2280966846024231,,
A042,rough_lateral,101,13,100,0.37191217747282856,0.43110764026641846,0.059187363813267675,0.16315658471957886,,
A042,rough_lateral,101,14,100,0.3641312762218363,0.42344264686107635,0.05933498443766712,0.16058174997392577,,
A042,rough_lateral,101,15,100,0.366297073542753,0.426263228058815,0.06022497166924298,0.1309430988108754,,
A042,rough_lateral,101,16,100,0.3790859681240377,0.4359876662492752,0.056932811431068785,0.23147374933015633,,
A042,rough_lateral,101,17,100,0.38725050590573784,0.4436839371919632,0.056432555703555834,0.1837286775316357,,
A042,rough_lateral,101,18,100,0.34436021490211793,0.4026292413473129,0.05842739758007029,0.17777647705278282,,
A042,rough_lateral,101,19,100,0.3562372858352202,0.41502125561237335,0.05851260098544034,0.10752338783861508,,
A042,rough_lateral,101,20,100,0.39222118107074083,0.4517500400543213,0.05953228792404746,0.1793091765576743,,
A042,rough_lateral,101,21,100,0.3745547967320457,0.4336843341588974,0.05900618099273845,0.19366524496606763,,
A042,rough_lateral,101,22,100,0.34998977263981007,0.4079578071832657,0.05807856697449709,0.1513785197063645,,
A042,rough_lateral,101,23,100,0.38658561210900066,0.4459299296140671,0.059554543724672046,0.1372363623320425,,
A042,rough_lateral,101,24,100,0.359459256344938,0.4198649376630783,0.06018681449686142,0.23898947442971302,,
A042,rough_lateral,101,25,100,0.3734069727958842,0.4334390461444855,0.06193142141250366,0.21180187741138604,,
A042,rough_lateral,101,26,100,0.3476363708947432,0.4096446931362152,0.061505424785104026,0.27418723373566145,,
A042,rough_lateral,101,27,93,0.35726636090380626,0.41598430275917053,0.05874963240189986,0.16321704779731086,,
A042,rough_lateral,101,28,100,0.3779518213023476,0.43851974606513977,0.06005878244491822,0.1531752624921856,,
A042,rough_lateral,101,29,100,0.37419190468953895,0.43244612216949463,0.058528527856510595,0.1823199318914604,,
A042,rough_lateral,101,30,100,0.39026743221410454,0.4541042596101761,0.06413899385992855,0.2249189217207018,,
A042,rough_lateral,101,31,100,0.38099819429736725,0.44286394119262695,0.06213543631813743,0.11564082140474025,,
A042,rough_lateral,202,0,100,0.3815863139648489,0.44417862594127655,0.0624754441613182,0.17644770577588173,,
A042,rough_lateral,202,1,100,0.38133263093902464,0.4419649541378021,0.06086101123993409,0.17036003497301133,,
A042,rough_lateral,202,2,100,0.38349045621838795,0.44488854706287384,0.06143078319529161,0.2520170520256506,,
A042,rough_lateral,202,3,100,0.3654388708864304,0.42872704565525055,0.06321105345047731,0.07615198228240314,,
A042,rough_lateral,202,4,26,0.33872641750516735,0.4014531522989273,0.06305804737111464,0.38130836697951764,,
A042,rough_lateral,202,5,100,0.3776815169475933,0.4374159425497055,0.05987538628399691,0.1584141986360041,,
A042,rough_lateral,202,6,100,0.3215283914045854,0.3844536244869232,0.06201285091950932,0.08034689768965236,,
A042,rough_lateral,202,7,100,0.3699220762373929,0.43165285885334015,0.06180906040783235,0.12523016779274598,,
A042,rough_lateral,202,8,100,0.3604472514620439,0.42058219015598297,0.06048769109389361,0.11512046598769823,,
A042,rough_lateral,202,9,42,0.30902067121656185,0.3698941618204117,0.061351373233897166,0.23559057477010564,,
A042,rough_lateral,202,10,100,0.36947056013632584,0.4293018579483032,0.059608739965102256,0.08525975631655794,,
A042,rough_lateral,202,11,98,0.37428173717649227,0.433462455868721,0.05912009152499112,0.17188696551759636,,
A042,rough_lateral,202,12,100,0.3598797503002187,0.4193820357322693,0.06013342403473064,0.09325658836749463,,
A042,rough_lateral,202,13,53,0.34317766520428783,0.40498146414756775,0.06137375653108811,0.2913200132770002,,
A042,rough_lateral,202,14,100,0.3571668914295135,0.41711339354515076,0.05933277109727503,0.176260182577975,,
A042,rough_lateral,202,15,100,0.3294039081762181,0.38938698172569275,0.06025583603802849,0.10272467629885614,,
A042,rough_lateral,202,16,100,0.38678202654588667,0.44596658647060394,0.05932639116909415,0.1633313902003438,,
A042,rough_lateral,202,17,100,0.3640622891844275,0.4210369139909744,0.05675877351811863,0.14936527361682983,,
A042,rough_lateral,202,18,100,0.3785740630352561,0.43590113520622253,0.05696175315163352,0.20980517965584333,,
A042,rough_lateral,202,19,100,0.38266848553629484,0.4425365626811981,0.060043197264645826,0.25048504655474335,,
A042,rough_lateral,202,20,100,0.32236965375150584,0.3803699165582657,0.05760688577743775,0.0648926021632474,,
A042,rough_lateral,202,21,100,0.3855774591472697,0.443438395857811,0.05794056469106419,0.11351155757889755,,
A042,rough_lateral,202,22,100,0.31452296506912314,0.37059637904167175,0.0557566148074553,0.11783839850694702,,
A042,rough_lateral,202,23,100,0.36401341122420716,0.42298702895641327,0.05883610057320825,0.23097405919172748,,
A042,rough_lateral,202,24,100,0.38546803577698485,0.4414060115814209,0.05680494257473053,0.22402605521786145,,
A042,rough_lateral,202,25,100,0.3378123028233727,0.39597177505493164,0.058124843128224746,0.18356705531417533,,
A042,rough_lateral,202,26,100,0.3826340655273295,0.4420001059770584,0.05929555739948456,0.14639064066294727,,
A042,rough_lateral,202,27,100,0.27089808188020226,0.3292006552219391,0.05804082289099056,0.18247671454503261,,
A042,rough_lateral,202,28,100,0.35649770729363284,0.41699911653995514,0.06062480600122462,0.09998632417922262,,
A042,rough_lateral,202,29,100,0.3838609322347743,0.442499503493309,0.05875390098694174,0.17646314256755238,,
A042,rough_lateral,202,30,100,0.28567283070661165,0.3468746691942215,0.060874495276792805,0.10313084245649168,,
A042,rough_lateral,202,31,48,0.3573795341074786,0.41682644188404083,0.0592174071041658,0.11273892315212883,,
A042,rough_lateral,303,0,100,0.3762259278546043,0.43469972908496857,0.058028736216499205,0.14761104681519882,,
A042,rough_lateral,303,1,100,0.36366286786163554,0.4214700013399124,0.05832283509606346,0.1664562281072073,,
A042,rough_lateral,303,2,100,0.37564626591090855,0.4339728206396103,0.058323574576148375,0.21242167705294848,,
A042,rough_lateral,303,3,100,0.3856989466410907,0.4450925141572952,0.059878900089365916,0.20844978678060075,,
A042,rough_lateral,303,4,100,0.37622230376470533,0.43467140197753906,0.05853682533304959,0.1801230047892532,,
A042,rough_lateral,303,5,100,0.3605556398789513,0.4189307689666748,0.058260922763436876,0.08555381281993543,,
A042,rough_lateral,303,6,100,0.36644403206154624,0.42406024038791656,0.05798670314850017,0.19725765557989938,,
A042,rough_lateral,303,7,100,0.36121775090375685,0.4204581379890442,0.059638502763554375,0.21222668134464773,,
A042,rough_lateral,303,8,100,0.3565706919061946,0.41427214443683624,0.057534768619639354,0.15566871123519632,,
A042,rough_lateral,303,9,100,0.38209974024703797,0.4387589693069458,0.056811893687528724,0.24110790883282376,,
A042,rough_lateral,303,10,100,0.3853513505210213,0.44210048019886017,0.056561699525557736,0.26140220392682606,,
A042,rough_lateral,303,11,100,0.33295390750953857,0.39228710532188416,0.05931644133705506,0.1384088980053291,,
A042,rough_lateral,303,12,100,0.37514403063983204,0.4319184422492981,0.05716929206236161,0.17761101308327326,,
A042,rough_lateral,303,13,100,0.3550422002765584,0.41095151007175446,0.05583396952419995,0.15959925982329481,,
A042,rough_lateral,303,14,100,0.3696112847105067,0.42718298733234406,0.057221988943171376,0.17396146679703367,,
A042,rough_lateral,303,15,100,0.3616536195902901,0.418762743473053,0.056824260854466076,0.12299767229450942,,
A042,rough_lateral,303,16,100,0.29253909661170635,0.3506912291049957,0.05810802378118994,0.09712128066320272,,
A042,rough_lateral,303,17,100,0.36656832344391765,0.42389895021915436,0.05691130531025443,0.12994823418985857,,
A042,rough_lateral,303,18,0,,,,,,
A042,rough_lateral,303,19,100,0.36244674863662313,0.4202861040830612,0.05700257245232077,0.09957359628368935,,
A042,rough_lateral,303,20,100,0.3288923503562091,0.38916096091270447,0.060415818729502635,0.2295166289139621,,
A042,rough_lateral,303,21,100,0.38943622703539493,0.44704875349998474,0.05759059171625637,0.147378176470647,,
A042,rough_lateral,303,22,100,0.3701809805663512,0.4283129721879959,0.05813282951314182,0.08663078631560873,,
A042,rough_lateral,303,23,72,0.325495268332767,0.38339243829250336,0.05764573653114033,0.17930903709208235,,
A042,rough_lateral,303,24,100,0.3811873556936488,0.44036802649497986,0.059832613735912955,0.23419398022965357,,
A042,rough_lateral,303,25,100,0.34180180680624306,0.40369071066379547,0.06196372904242041,0.08623935142893019,,
A042,rough_lateral,303,26,100,0.2676726967733811,0.32817859947681427,0.061052434584673715,0.1958184712042871,,
A042,rough_lateral,303,27,100,0.3539891166483017,0.413702592253685,0.059439256229502635,0.060770209800789746,,
A042,rough_lateral,303,28,86,0.36603948529710106,0.4282839298248291,0.0619637749411843,0.16490145849761256,,
A042,rough_lateral,303,29,100,0.3783319088864454,0.44075411558151245,0.06214762498988187,0.15298841261342716,,
A042,rough_lateral,303,30,100,0.3685411115221799,0.42870768904685974,0.06091551857198623,0.19723224533321188,,
A042,rough_lateral,303,31,100,0.3900389186041878,0.4499392956495285,0.06017700236111401,0.16817366150382054,,
A042,rough_forward,101,0,100,0.30032251918698377,0.35687875747680664,0.055891077786205924,0.38043298587873764,,
A042,rough_forward,101,1,100,0.3030756115913391,0.3617170453071594,0.05833135186669661,0.40537370133946,,
A042,rough_forward,101,2,100,0.30501491046525575,0.36223204433918,0.05763526651311048,0.3918040195653308,,
A042,rough_forward,101,3,100,0.32847260958689417,0.3893183320760727,0.05983412329525871,0.3138581246258898,,
A042,rough_forward,101,4,100,0.25233630581016847,0.30859212577342987,0.05645613746847061,0.36437005522965227,,
A042,rough_forward,101,5,100,0.2961873816137008,0.3536908030509949,0.05756916209338183,0.3364839062274096,,
A042,rough_forward,101,6,100,0.33478308449135746,0.39416344463825226,0.05884811074975978,0.1942672217565231,,
A042,rough_forward,101,7,100,0.31030661521110947,0.3673042356967926,0.056856843876966184,0.3904520072202782,,
A042,rough_forward,101,8,100,0.31598840335154915,0.3741158992052078,0.05789670587223481,0.3754979681710391,,
A042,rough_forward,101,9,100,0.336751767020812,0.394623726606369,0.05767351548301983,0.38272422027738845,,
A042,rough_forward,101,10,100,0.2639041883263359,0.32225725054740906,0.05860759102724453,0.3738505670647064,,
A042,rough_forward,101,11,21,,,,,,
A042,rough_forward,101,12,100,0.3194901471469491,0.37983137369155884,0.06021671499160522,0.3794685002231803,,
A042,rough_forward,101,13,100,0.3321812838953446,0.3940029740333557,0.06206062133299475,0.40376001035827913,,
A042,rough_forward,101,14,100,0.28269403144956273,0.33994896709918976,0.057066397233442825,0.41755685491036865,,
A042,rough_forward,101,15,100,0.30910147487479733,0.3669915050268173,0.0577956673933223,0.3488677344618968,,
A042,rough_forward,101,16,100,0.33918650894560276,0.40063564479351044,0.061418920914757064,0.2843519496218574,,
A042,rough_forward,101,17,100,0.33937176591891016,0.39850524067878723,0.059038519221831134,0.3835556296749153,,
A042,rough_forward,101,18,100,0.3225925726527199,0.3820793777704239,0.05950554424428685,0.37642568921117275,,
A042,rough_forward,101,19,100,0.3132532675636006,0.3728194236755371,0.059718111619592354,0.35231812697116865,,
A042,rough_forward,101,20,100,0.30010581646054824,0.3578943610191345,0.0581179991125423,0.3836437913266385,,
A042,rough_forward,101,21,44,0.2960432370238125,0.35695765912532806,0.06220238731506674,0.29718060536400803,,
A042,rough_forward,101,22,100,0.2923126941058725,0.34800469875335693,0.05614397997524649,0.4495833794450002,,
A042,rough_forward,101,23,100,0.3301460240135856,0.39036090672016144,0.060294390999697106,0.3636527713613049,,
A042,rough_forward,101,24,100,0.32629630710670654,0.3840957432985306,0.057544983644536474,0.4569730218804793,,
A042,rough_forward,101,25,100,0.30270157284277643,0.36499474942684174,0.06075182828036221,0.43122282789444305,,
A042,rough_forward,101,26,100,0.3322943932710484,0.39076416194438934,0.05860246056541402,0.41418197821949276,,
A042,rough_forward,101,27,100,0.2865675652728361,0.3399246335029602,0.05393968673950848,0.3610621571345993,,
A042,rough_forward,101,28,100,0.3349907039639784,0.3978051245212555,0.06263310641528451,0.3679143121949784,,
A042,rough_forward,101,29,100,0.3136098190424914,0.37351542711257935,0.060072807067218306,0.12708648207717993,,
A042,rough_forward,101,30,100,0.3556743967023125,0.41725094616413116,0.061671792504621695,0.04041447883875067,,
A042,rough_forward,101,31,100,0.34241838617758313,0.4060496389865875,0.06499204278629732,0.4328053116906634,,
A042,rough_forward,202,0,100,0.32144127045085724,0.3802594244480133,0.05869710891642035,0.4538011300660044,,
A042,rough_forward,202,1,100,0.2811385326207003,0.341840922832489,0.060891850109406336,0.3891760813533435,,
A042,rough_forward,202,2,100,0.35295796187166223,0.4153628647327423,0.06253167524694758,0.3262654205051625,,
A042,rough_forward,202,3,100,0.33120842596745104,0.3918469250202179,0.06133520666928215,0.31400688847239683,,
A042,rough_forward,202,4,100,0.36735813200155043,0.42996594309806824,0.06259007377420517,0.13104063202959948,,
A042,rough_forward,202,5,100,0.30895117491005575,0.3677178770303726,0.058840124364842705,0.46767915130584264,,
A042,rough_forward,202,6,100,0.3327368050813675,0.39452221989631653,0.061357151378284805,0.4189485326189918,,
A042,rough_forward,202,7,100,0.3236155678881681,0.384384423494339,0.06095032513460373,0.4162327785405599,,
A042,rough_forward,202,8,100,0.31357900073184053,0.3734826147556305,0.06013583116990359,0.43252364599425835,,
A042,rough_forward,202,9,100,0.3174914500133239,0.37802447378635406,0.060564224732750874,0.3635565802949643,,
A042,rough_forward,202,10,100,0.337680982874039,0.39779748022556305,0.06003195206749248,0.03908872470836622,,
A042,rough_forward,202,11,100,0.32526249753281394,0.38349948823451996,0.058739968162169434,0.4681725004281375,,
A042,rough_forward,202,12,100,0.3198855115289994,0.3820331543684006,0.06291169151265352,0.3661023291644887,,
A042,rough_forward,202,13,100,0.333846939757546,0.39382845163345337,0.05910770395860315,0.35476816338771855,,
A042,rough_forward,202,14,100,0.30678655868545573,0.3647986948490143,0.05825154921587776,0.42245576135003365,,
A042,rough_forward,202,15,100,0.30137627639553766,0.3600098341703415,0.05886924458060035,0.44952050210393046,,
A042,rough_forward,202,16,100,0.358467695387927,0.4162176847457886,0.05783061165223147,0.02834802979779626,,
A042,rough_forward,202,17,100,0.3064944807858391,0.3662409782409668,0.05989108876111036,0.4221406128991171,,
A042,rough_forward,202,18,100,0.3348724624530517,0.3908160328865051,0.05553634663954138,0.4046551666513626,,
A042,rough_forward,202,19,100,0.34540054799719927,0.40319639444351196,0.05787923884264288,0.42424779783007593,,
A042,rough_forward,202,20,100,0.30616669412602715,0.36197175085544586,0.056000592236850354,0.04988691182669562,,
A042,rough_forward,202,21,100,0.3014490756599661,0.3584939241409302,0.057077367038012826,0.4117972044936322,,
A042,rough_forward,202,22,38,0.254323628895423,0.3099130243062973,0.0555340874003854,0.28511453348855875,,
A042,rough_forward,202,23,100,0.2962521854887672,0.3561917841434479,0.059737205505371094,0.40570015683522886,,
A042,rough_forward,202,24,100,0.3459193697747062,0.40341968834400177,0.05771355450472092,0.4031555329845754,,
A042,rough_forward,202,25,100,0.31274823485848735,0.36872220039367676,0.05514868567971622,0.49239170308908686,,
A042,rough_forward,202,26,100,0.35121762330200584,0.4086523950099945,0.057655742461668616,0.2846729935796499,,
A042,rough_forward,202,27,25,0.2030265359955038,0.26343291997909546,0.06039241035991812,0.3356611473827385,,
A042,rough_forward,202,28,100,0.27730431961503255,0.33681824803352356,0.0595703685984892,0.15874178544895048,,
A042,rough_forward,202,29,15,,,,,,
A042,rough_forward,202,30,100,0.27168870936421785,0.3324057310819626,0.06073257119897853,0.426442992073601,,
A042,rough_forward,202,31,100,0.33446940739843295,0.3911367505788803,0.056377018199247474,0.44703954724922673,,
A042,rough_forward,303,0,100,0.33215719780182457,0.38985396921634674,0.057695011404108876,0.3068607120274239,,
A042,rough_forward,303,1,100,0.2560043359663397,0.3150031864643097,0.05923718947140291,0.38533588359305015,,
A042,rough_forward,303,2,100,0.3642159615130348,0.4205225110054016,0.056515984356722095,0.058819240106594256,,
A042,rough_forward,303,3,100,0.34107410796185866,0.39972230792045593,0.059249801431747684,0.4015294778227553,,
A042,rough_forward,303,4,100,0.3315130539915778,0.3908923715353012,0.05996327221712326,0.2655501010792113,,
A042,rough_forward,303,5,100,0.3185986216693001,0.3772220015525818,0.0585612893742036,0.2268482845006017,,
A042,rough_forward,303,6,100,0.2758745776618866,0.3366546183824539,0.06048887936189213,0.3219133765304093,,
A042,rough_forward,303,7,100,0.32802123524607185,0.3873486667871475,0.05915297033952519,0.4125866522366048,,
A042,rough_forward,303,8,100,0.3316312555801422,0.39281463623046875,0.060084567350499773,0.37084145734246965,,
A042,rough_forward,303,9,100,0.35345459741385865,0.4117347300052643,0.05778691092914438,0.3776711253918975,,
A042,rough_forward,303,10,100,0.3255379804793526,0.38561828434467316,0.05991883711381392,0.35179012626569933,,
A042,rough_forward,303,11,100,0.3104421790430253,0.36783526837825775,0.057307340244558407,0.40861924372248803,,
A042,rough_forward,303,12,82,0.28756404106310984,0.34425170719623566,0.05687886508390865,0.1434483846322993,,
A042,rough_forward,303,13,100,0.3121955907121699,0.3707810789346695,0.05840514177944571,0.4508820945017793,,
A042,rough_forward,303,14,100,0.3001571510405464,0.35969384014606476,0.05942164130389371,0.37013287190631505,,
A042,rough_forward,303,15,100,0.33836491541429,0.3951777219772339,0.057825996276529075,0.36996590004404417,,
A042,rough_forward,303,16,100,0.3068915963332284,0.3660811632871628,0.060005116590204084,0.2938947813894254,,
A042,rough_forward,303,17,100,0.30862409936234275,0.36542586982250214,0.05697700684083337,0.3946472711695652,,
A042,rough_forward,303,18,100,0.3131912044662843,0.36759835481643677,0.05474180843740861,0.4193102321761042,,
A042,rough_forward,303,19,100,0.30462903724634716,0.36308643221855164,0.05858156132825556,0.4386047686330413,,
A042,rough_forward,303,20,100,0.30218152701854706,0.3625328987836838,0.06135791635768299,0.39500230911859135,,
A042,rough_forward,303,21,100,0.3466153719367828,0.4063291698694229,0.05973469127308238,0.40422049660240766,,
A042,rough_forward,303,22,100,0.3604599311549396,0.41835717856884,0.057844768870960586,0.036209762219241284,,
A042,rough_forward,303,23,100,0.3104091826925941,0.3680703788995743,0.05790117845178288,0.4651138300268305,,
A042,rough_forward,303,24,100,0.3515674548353104,0.41173113882541656,0.06030802803243546,0.41045015290255094,,
A042,rough_forward,303,25,100,0.2932867124118907,0.3542601764202118,0.06078982225713883,0.30355969077698863,,
A042,rough_forward,303,26,100,0.3210562389483426,0.3801000714302063,0.05962082153973095,0.35807437444767976,,
A042,rough_forward,303,27,92,0.3027413081039082,0.3611516058444977,0.058430753289697004,0.39532856254010273,,
A042,rough_forward,303,28,100,0.375040438803122,0.43750958144664764,0.06278729056292039,0.03999898762505852,,
A042,rough_forward,303,29,100,0.32057873211442467,0.3823135793209076,0.061902887680951285,0.39764154586062406,,
A042,rough_forward,303,30,100,0.2826308676584519,0.34085214138031006,0.05791448909331133,0.42134013128203557,,
A042,rough_forward,303,31,100,0.3095975266420905,0.368538573384285,0.05898210454114618,0.43419495533745944,,
A042,stairs_10_down,101,0,100,0.3232459440269572,-0.3422449380159378,-0.6572199224788238,0.4635801546999241,0,0.3203288938272446
A042,stairs_10_down,101,1,100,0.30867057249826546,-0.3520607501268387,-0.6500006793017057,0.30317785299307076,0,0.3003860681770957
A042,stairs_10_down,101,2,100,0.3298787065846397,-0.3464388996362686,-0.6834236899799204,0.4669197737842753,0,0.3131079927166516
A042,stairs_10_down,101,3,100,0.29492902699957557,-0.34154899418354034,-0.6382357959441323,0.3864205975578393,0,0.3184162418153834
A042,stairs_10_down,101,4,100,0.33668896500120826,-0.3423513025045395,-0.6834234655859636,0.49892546845625596,0,0.32240878085401603
A042,stairs_10_down,101,5,100,0.35717816642898925,-0.3320764899253845,-0.6919794031642974,0.37981152695631326,0,0.3067908204175571
A042,stairs_10_down,101,6,100,0.3718802465952654,-0.32645732164382935,-0.7000008343375302,0.3959866056537266,0,0.32971493525301077
A042,stairs_10_down,101,7,100,0.3693600643605472,-0.32754620909690857,-0.7000007068409639,0.4354593030901205,0,0.33523495646721535
A042,stairs_10_down,101,8,100,0.34643584282640466,-0.33504682779312134,-0.6882361294751499,0.4426076975361486,0,0.3340110013829195
A042,stairs_10_down,101,9,100,0.3671847051158946,-0.3254604637622833,-0.6991980445576225,0.3988579397902903,0,0.32830548270500914
A042,stairs_10_down,101,10,100,0.33055627959616046,-0.362639844417572,-0.6978616765476167,0.46876617291245726,0,0.31899830906148896
A042,stairs_10_down,101,11,55,0.2903040220393217,-0.34890297055244446,-0.6481287339154411,0.436306690472064,0,0.2865629253540447
A042,stairs_10_down,101,12,75,0.3295265560481637,-0.3408239781856537,-0.6604280726794891,0.501016797500608,0,0.3225312782800134
A042,stairs_10_down,101,13,83,0.3221843413171921,-0.33922460675239563,-0.6582894248758407,0.4517633323551313,0,0.31565787623272856
A042,stairs_10_down,101,14,100,0.2710306987883573,-0.37981145083904266,-0.6382356480481153,0.374319672870978,0,0.2850810700559361
A042,stairs_10_down,101,15,100,0.35883438515471905,-0.33316677808761597,-0.6986638186449674,0.41791416293808653,0,0.3275056569015279
A042,stairs_10_down,101,16,100,0.3449540535077692,-0.33139611780643463,-0.6877012303806245,0.4329267967670783,0,0.3361427372789638
A042,stairs_10_down,101,17,80,0.3245160025868186,-0.33490659296512604,-0.6588235793904187,0.401319916055996,0,0.3246046715879185
A042,stairs_10_down,101,18,100,0.28921879310021426,-0.3529886454343796,-0.6406419672430518,0.42849169179688573,0,0.30895747491382664
A042,stairs_10_down,101,19,100,0.34570178477203145,-0.33463309705257416,-0.6866315953871783,0.435639133130933,0,0.3299331594915951
A042,stairs_10_down,101,20,100,0.3678704981497902,-0.3293679654598236,-0.7000003651501661,0.4507275261171621,0,0.3271440307405543
A042,stairs_10_down,101,21,100,0.3356469669603409,-0.34075871109962463,-0.6697868459364947,0.43611188766516296,0,0.32676533693298304
A042,stairs_10_down,101,22,100,0.3313960115858578,-0.34467388689517975,-0.6794123930089615,0.46207170386177066,0,0.31709865277463745
A042,stairs_10_down,101,23,100,0.25873048595566167,-0.36212560534477234,-0.6267384462815555,0.4226722359105542,0,0.31235349385496125
A042,stairs_10_down,101,24,45,0.30028832054393173,-0.3502650856971741,-0.646524592516894,0.5073950607948203,0,0.29681088388922383
A042,stairs_10_down,101,25,100,0.3535884146225006,-0.3424442559480667,-0.6994659097436915,0.48060376305288455,0,0.32415545608270613
A042,stairs_10_down,101,26,100,0.33539102644843855,-0.34593409299850464,-0.6852950437821169,0.4695048205207989,0,0.32078934656107494
A042,stairs_10_down,101,27,100,0.24985583038891063,-0.3902520537376404,-0.642246919519761,0.3849087028290902,0,
A042,stairs_10_down,101,28,70,0.3251713916739041,-0.3345404118299484,-0.6532092323915206,0.49732247602528945,0,0.3259220814959888
A042,stairs_10_down,101,29,60,0.310216483983764,-0.3488188236951828,-0.6566854415730359,0.5018100184506473,0,0.2943490961974955
A042,stairs_10_down,101,30,100,0.36097351146891793,-0.33391450345516205,-0.6967926331382384,0.36120315233831163,0,0.3317081870879719
A042,stairs_10_down,101,31,79,0.3347466959354074,-0.33435943722724915,-0.6641718104561383,0.4915954450728031,0,0.330781008311134
A042,stairs_10_down,202,0,43,0.29323348865152044,-0.3447836935520172,-0.6385038243258063,0.5110622417113913,0,0.2903987111892292
A042,stairs_10_down,202,1,39,0.27578099239318765,-0.36039289832115173,-0.631016746561795,0.4884612014875384,0,
A042,stairs_10_down,202,2,100,0.3715425642097697,-0.32623597979545593,-0.7000006864415134,0.38862726238148015,0,0.3338639768049678
A042,stairs_10_down,202,3,76,0.32593260450477907,-0.3332210183143616,-0.6574876601683265,0.4234593047849352,0,0.325880525265148
A042,stairs_10_down,202,4,100,0.3662998665940953,-0.3286755532026291,-0.7000007476398652,0.4128086278313571,0,0.32577574205271065
A042,stairs_10_down,202,5,61,0.28727533233994473,-0.3733435869216919,-0.6502680855001358,0.45606867939332346,0,0.29595540742823145
A042,stairs_10_down,202,6,75,0.3072815873724891,-0.35050708055496216,-0.6561505832774116,0.5037201675898655,0,0.30042804227793285
A042,stairs_10_down,202,7,61,0.3062783194416985,-0.34193599224090576,-0.641177417122744,0.4481766557178579,0,0.30927996249759904
A042,stairs_10_down,202,8,100,0.30936866146039194,-0.3698235750198364,-0.6764712869164777,0.48345354346822483,0,0.2937427005347084
A042,stairs_10_down,202,9,67,0.3213450374769017,-0.3339392840862274,-0.6534765110933844,0.49271495214512684,0,0.32260949232361535
A042,stairs_10_down,202,10,100,0.35765244999033885,-0.3340907245874405,-0.6965248495499718,0.4354510806363221,0,0.3333450917572899
A042,stairs_10_down,202,11,100,0.3471772001388876,-0.33712223172187805,-0.6925138840700853,0.47366290918599263,0,0.30720477881916064
A042,stairs_10_down,202,12,100,0.30821283305073804,-0.358906626701355,-0.674599463926917,0.47611783030388755,0,0.3046376595203889
A042,stairs_10_down,202,13,100,0.35440431742425904,-0.3305371552705765,-0.6925139860673384,0.41159551907301245,0,0.3159784059473537
A042,stairs_10_down,202,14,100,0.3403564004655828,-0.34883345663547516,-0.6842254342879841,0.49598441524219183,0,0.3125453258261961
A042,stairs_10_down,202,15,100,0.34357832117195436,-0.3462829142808914,-0.6970596007484804,0.4652058763635234,0,0.32011832926362593
A042,stairs_10_down,202,16,100,0.33483118583811794,-0.3324354737997055,-0.6823535093011703,0.42448776550812584,0,0.3273121532909373
A042,stairs_10_down,202,17,80,0.31760799079974067,-0.34259292483329773,-0.6633697040578261,0.48449166558487994,0,0.32011688632123614
A042,stairs_10_down,202,18,93,0.3342423791235144,-0.33723869919776917,-0.6673803788455412,0.4949440427702727,0,0.33371458684696875
A042,stairs_10_down,202,19,100,0.31608608118034304,-0.3385239541530609,-0.6433159833285897,0.4177066928486821,0,0.32540743985278087
A042,stairs_10_down,202,20,100,0.3435579556672968,-0.3435474783182144,-0.6949203715604895,0.49493407686296786,0,0.3126581614030236
A042,stairs_10_down,202,21,100,0.3599925507358051,-0.329822838306427,-0.6885032194820955,0.43398126380390856,0,0.32130052205075554
A042,stairs_10_down,202,22,42,0.30691518144492796,-0.33777180314064026,-0.6390378870428565,0.5282732819727926,0,0.3064804556854268
A042,stairs_10_down,202,23,100,0.33584840340729066,-0.35063380002975464,-0.6783427019170262,0.48877966200978,0,0.2980050095581116
A042,stairs_10_down,202,24,67,0.30209192490195214,-0.347608745098114,-0.6513377510927578,0.4109710321203688,0,0.2995234986040044
A042,stairs_10_down,202,25,100,0.26442044782128565,-0.3754197955131531,-0.6398402433344388,0.4486168136879011,0,0.2899229850042313
A042,stairs_10_down,202,26,100,0.3359438926778375,-0.33630387485027313,-0.6620328056621041,0.44422882892819965,0,0.3209453014766469
A042,stairs_10_down,202,27,100,0.3451517445837113,-0.3460934907197952,-0.6962574739507175,0.45370242913930714,0,0.31735313655858366
A042,stairs_10_down,202,28,100,0.3516099711152959,-0.33520521223545074,-0.6959903533445959,0.43858168327612496,0,0.33811003527539296
A042,stairs_10_down,202,29,81,0.30451805722267233,-0.3453202545642853,-0.6524069780971915,0.4502038303443045,0,0.30596427914293056
A042,stairs_10_down,202,30,100,0.33794546509809037,-0.34579621255397797,-0.6727283345186774,0.4861140311997977,0,0.32188860028185307
A042,stairs_10_down,202,31,100,0.3204545918951697,-0.359315425157547,-0.6724606886267024,0.4810306948816293,0,0.29068010790462795
A042,stairs_10_down,303,0,100,0.34931307457347605,-0.3264446407556534,-0.6820865671902416,0.41581763522299664,0,0.3434364178920175
A042,stairs_10_down,303,1,100,0.32693410286291397,-0.35231053829193115,-0.6721932620288217,0.45113608576493663,0,0.3015493787227468
A042,stairs_10_down,303,2,90,0.31983554482778764,-0.340802937746048,-0.6636372938513119,0.45942391726250176,0,0.32210958370550435
A042,stairs_10_down,303,3,100,0.3551424430175261,-0.33556754887104034,-0.6970598455418877,0.4108205672640873,0,0.3296433280814778
A042,stairs_10_down,303,4,100,0.2551093870465131,-0.3472721129655838,-0.6296797716681333,0.43151995288561096,0,0.2996808931151813
A042,stairs_10_down,303,5,99,0.3195212354315794,-0.35524341464042664,-0.6598938110677953,0.4384753778437043,0,0.3207051867151005
A042,stairs_10_down,303,6,100,0.3261290672309896,-0.3365410268306732,-0.6783428447131805,0.4441589916167576,0,0.31961761598281047
A042,stairs_10_down,303,7,100,0.3507962327271222,-0.3401798605918884,-0.6978618244436335,0.45034048732840026,0,0.33902119633985717
A042,stairs_10_down,303,8,88,0.2509957631641531,-0.34966006875038147,-0.6152410150211762,0.45079869023288177,0,0.2928822061276053
A042,stairs_10_down,303,9,100,0.3463989913782334,-0.33200955390930176,-0.6759364541201668,0.43538402412411525,0,0.331147287459297
A042,stairs_10_down,303,10,100,0.2751874500576825,-0.3654550015926361,-0.6401073129419337,0.39520385159910687,0,0.30627735365520825
A042,stairs_10_down,303,11,100,0.29587329677081997,-0.3557794988155365,-0.6505352979037851,0.42389091702505777,0,0.30972324558757847
A042,stairs_10_down,303,12,100,0.34865067197996025,-0.3307527154684067,-0.6828885766911634,0.45813750101315104,0,0.31879167426078714
A042,stairs_10_down,303,13,100,0.33874622441549357,-0.3403911143541336,-0.6716584955307252,0.4578753485360392,0,0.33063357351298006
A042,stairs_10_down,303,14,100,0.3271947257659014,-0.34980787336826324,-0.6815514233023088,0.46346013242137707,0,0.3082168314227446
A042,stairs_10_down,303,15,76,0.3270129257026203,-0.33522936701774597,-0.655080632092481,0.42613002202884237,0,0.31456341255794873
A042,stairs_10_down,303,16,71,0.318922117432171,-0.3429482877254486,-0.6588240434779203,0.4950455066476045,0,0.31850071546228176
A042,stairs_10_down,303,17,100,0.3578226085812013,-0.33638711273670197,-0.6989315461347447,0.4422321286528561,0,0.3085188473609679
A042,stairs_10_down,303,18,38,0.27660845921320076,-0.35734598338603973,-0.6296795115751379,0.4939837672881778,0,
A042,stairs_10_down,303,19,100,0.32172427489795785,-0.35219764709472656,-0.6751345517163608,0.4827736314965874,0,0.3157748254862699
A042,stairs_10_down,303,20,39,0.2832583848805351,-0.35931575298309326,-0.6352942053646965,0.4720183893442193,0,
A042,stairs_10_down,303,21,100,0.3584891622238618,-0.3320758640766144,-0.6962572648563488,0.4336882568952495,0,0.31171985807265823
A042,stairs_10_down,303,22,100,0.3297944613159659,-0.3414512574672699,-0.6711239534265855,0.42145758626273344,0,0.30772889409473236
A042,stairs_10_down,303,23,100,0.3379231864277692,-0.3379612863063812,-0.6863645053802327,0.46180428236822346,0,0.32674425155083764
A042,stairs_10_down,303,24,65,0.3085464981787982,-0.34577468037605286,-0.6508027958997431,0.45435736579088637,0,0.30755393725028013
A042,stairs_10_down,303,25,100,0.3587542995412082,-0.32935746014118195,-0.6898407706602372,0.4505024212695087,0,0.33480028879833734
A042,stairs_10_down,303,26,100,0.330109422378999,-0.3487713485956192,-0.6628350803558839,0.43546312794402786,0,0.3001468361699008
A042,stairs_10_down,303,27,59,0.296839166133799,-0.3496522605419159,-0.6470598333022174,0.4820515175380907,0,0.3073375817926173
A042,stairs_10_down,303,28,100,0.3376291462763108,-0.33248119056224823,-0.6727279571288409,0.42327268832414333,0,0.3256750616797789
A042,stairs_10_down,303,29,100,0.3601730846784969,-0.33760619163513184,-0.6978619519402,0.38582097396558,0,0.31784483917894213
A042,stairs_10_down,303,30,100,0.30463516130485635,-0.345813050866127,-0.6390382440332423,0.4675067428175603,0,0.3188710120272509
A042,stairs_10_down,303,31,88,0.3203348328563619,-0.34310242533683777,-0.661765532060103,0.4982375349834894,0,0.32062865721988165
A042,stairs_15_down,101,0,76,0.3135613561632799,-0.6867035031318665,-1.002673133809299,0.4714448330035823,0,0.29903877992681005
A042,stairs_15_down,101,1,100,0.2704393376003612,-0.7044598758220673,-0.9685827602039684,0.2457463060930771,0,
A042,stairs_15_down,101,2,100,0.3389618903557885,-0.6888526678085327,-1.0299460824160653,0.4534764212319968,0,0.3012546304075475
A042,stairs_15_down,101,3,66,0.2967720434946173,-0.6883626282215118,-0.9834219988654642,0.47037975316018754,0,0.29407171418960076
A042,stairs_15_down,101,4,98,0.33406589327649006,-0.6972485780715942,-1.0259354382275259,0.49223787622328147,0,0.29445170559347633
A042,stairs_15_down,101,5,100,0.36211417368389065,-0.6768649220466614,-1.0387693751942026,0.3376252694224494,0,0.3113745537033693
A042,stairs_15_down,101,6,100,0.370674565673512,-0.6779760718345642,-1.0499992370605469,0.41467210267328786,0,0.29683691358821274
A042,stairs_15_down,101,7,100,0.36662472633117027,-0.6809015870094299,-1.0499992268608216,0.4365655673308634,0,0.3177604053747207
A042,stairs_15_down,101,8,100,0.3371305478447898,-0.6844191551208496,-1.03235251380798,0.4858751322618022,0,0.32188051110282934
A042,stairs_15_down,101,9,100,0.36245206699651833,-0.6746881604194641,-1.0491964523805017,0.40915684927085116,0,0.3166995274829355
A042,stairs_15_down,101,10,100,0.3433026824405486,-0.6982511878013611,-1.046790403478286,0.478250668392432,0,0.28602433905881997
A042,stairs_15_down,101,11,46,0.28578478034167365,-0.693144291639328,-0.9762023680987842,0.49098758456962543,0,0.2557463843554737
A042,stairs_15_down,101,12,66,0.316020644603566,-0.6877510249614716,-0.9958549030324355,0.523151334961617,0,0.3100585892876202
A042,stairs_15_down,101,13,100,0.28881699611796413,-0.6972623467445374,-0.9882346984536889,0.3340028075299475,0,0.2806055631867067
A042,stairs_15_down,101,14,100,0.22503701808618354,-0.7358947098255157,-0.9597587993438231,0.3014962983594832,0,
A042,stairs_15_down,101,15,100,0.3537772766409074,-0.685464084148407,-1.047592540475774,0.43408404213321955,0,0.31573815014273077
A042,stairs_15_down,101,16,100,0.3368741796615927,-0.6851091384887695,-1.031149027819302,0.4505059477417156,0,0.3077909691448517
A042,stairs_15_down,101,17,66,0.3091483540075985,-0.683467447757721,-0.9882346474550625,0.49059642245727186,0,0.30402693072742315
A042,stairs_15_down,101,18,100,0.22764866524201666,-0.7226570546627045,-0.9573522659546552,0.42734834242057707,0,0.26493438903023214
A042,stairs_15_down,101,19,100,0.34133655310952093,-0.6820299625396729,-1.0291437975225601,0.44963095012859855,0,0.31361294525829864
A042,stairs_15_down,101,20,100,0.36689702616655895,-0.6794047951698303,-1.049998849470985,0.4402477419803439,0,0.29844514029548763
A042,stairs_15_down,101,21,100,0.32426269456027035,-0.691096305847168,-1.003876737094818,0.4280192592048249,0,0.3074642572810943
A042,stairs_15_down,101,22,97,0.3199524751959,-0.698971152305603,-1.0211223153507007,0.46828192702805027,0,0.29628163034265687
A042,stairs_15_down,101,23,57,0.28639945180658355,-0.6876911520957947,-0.9754004350958023,0.512554119292911,0,0.2861047642116241
A042,stairs_15_down,101,24,42,0.2659291964482496,-0.702233076095581,-0.9713899541028681,0.5148185066338118,0,0.26308870666167317
A042,stairs_15_down,101,25,100,0.3533349540781847,-0.6889227628707886,-1.0491971051629214,0.48727738939650855,0,0.2870703556320884
A042,stairs_15_down,101,26,100,0.32620546094236524,-0.7012204527854919,-1.0283421399121617,0.48164790922706624,0,0.29723116357058765
A042,stairs_15_down,101,27,100,0.2249129683894907,-0.7412224113941193,-0.9657752144145455,0.35412750923420955,0,
A042,stairs_15_down,101,28,64,0.27590315498132756,-0.7079940140247345,-0.9890371159436231,0.47759740172120324,0,0.2606278737598562
A042,stairs_15_down,101,29,61,0.2834010299514321,-0.7017266154289246,-0.9834219988654641,0.4987711269358239,0,
A042,stairs_15_down,101,30,100,0.3568669034835489,-0.6837566792964935,-1.0451866496693003,0.3697048597696771,0,0.3092338962350937
A042,stairs_15_down,101,31,77,0.31300626527816855,-0.6848182082176208,-0.9962559868307674,0.48652045555414936,0,0.3102781227565704
A042,stairs_15_down,202,0,35,0.2738951380877571,-0.7007554769515991,-0.9641709251199814,0.525746140808816,0,
A042,stairs_15_down,202,1,32,0.2562193808389857,-0.6969110071659088,-0.9553469285607975,0.5012652727998826,0,
A042,stairs_15_down,202,2,100,0.3621450444275045,-0.6778661906719208,-1.0499991248635685,0.4126832433751409,0,0.307982665013502
A042,stairs_15_down,202,3,63,0.31386660955806467,-0.6790308952331543,-0.9882350248448989,0.4546028535282409,0,0.30440873194505824
A042,stairs_15_down,202,4,100,0.3642735191207519,-0.6831406056880951,-1.0499992115612335,0.4073642152031506,0,0.3090041187357775
A042,stairs_15_down,202,5,57,0.22854972172548427,-0.7447491884231567,-0.9834218050706833,0.4633871557160745,0,0.22988423497919097
A042,stairs_15_down,202,6,65,0.3034178557242939,-0.6968451738357544,-0.9930481324221361,0.5193691963377898,0,0.2779440000095469
A042,stairs_15_down,202,7,47,0.28297086769246804,-0.6889845728874207,-0.9737961713005515,0.4948232806708072,0,0.27985040325531985
A042,stairs_15_down,202,8,93,0.31692575356539554,-0.7079961895942688,-1.0179134409695385,0.5059001696390294,0,0.3060434355455286
A042,stairs_15_down,202,9,60,0.3063022521409121,-0.6866830587387085,-0.9826197190718218,0.47379664101576446,0,0.296563581349378
A042,stairs_15_down,202,10,100,0.3496662703427402,-0.6848064064979553,-1.0447853567765994,0.4336553644297515,0,0.30154120698969633
A042,stairs_15_down,202,11,100,0.33978330594970585,-0.6942821741104126,-1.038368276096283,0.46111196360273426,0,0.30019330978393555
A042,stairs_15_down,202,12,100,0.3066496774155825,-0.7027494013309479,-1.0126999839741915,0.48408237872292903,0,0.2989996945794253
A042,stairs_15_down,202,13,100,0.34985223253143016,-0.6795571744441986,-1.0387691406005208,0.4165276310655175,0,0.2964167180545827
A042,stairs_15_down,202,14,100,0.3353285512184714,-0.6933956444263458,-1.0263363129314893,0.4856024737363096,0,0.3092451436634369
A042,stairs_15_down,202,15,100,0.33746230474767847,-0.6954777836799622,-1.045587667169418,0.4709379863967913,0,0.3066140566280181
A042,stairs_15_down,202,16,100,0.33118583636487864,-0.6839320957660675,-1.023528430551131,0.4230128616396343,0,0.30984101671586073
A042,stairs_15_down,202,17,71,0.30070712285883294,-0.6956762671470642,-1.0042777851941114,0.49765147009046407,0,0.29520935234539014
A042,stairs_15_down,202,18,83,0.3293248093064456,-0.6906679272651672,-1.0122988083783317,0.5112384745042995,0,0.3059531654266112
A042,stairs_15_down,202,19,69,0.308081502901679,-0.6846182346343994,-0.9946517128357912,0.47283621508782814,0,0.3004810590157534
A042,stairs_15_down,202,20,100,0.335823338618253,-0.6970577836036682,-1.0423787162903158,0.493017665705207,0,0.2866310553754715
A042,stairs_15_down,202,21,100,0.3575685199569253,-0.6784277260303497,-1.0331546202062922,0.41303726664935647,0,0.28709590339405655
A042,stairs_15_down,202,22,56,0.23911687221756595,-0.7016279995441437,-0.936496729519278,0.475330319637883,0,
A042,stairs_15_down,202,23,100,0.32607770476111764,-0.6981758773326874,-1.0179135021678904,0.47253686276906903,0,0.29413490435656375
A042,stairs_15_down,202,24,63,0.2724839222622427,-0.701643168926239,-0.9802135630724902,0.41382190125120294,0,0.2599877801170961
A042,stairs_15_down,202,25,100,0.227658014087116,-0.7321111261844635,-0.964972995819255,0.28218621856649656,0,
A042,stairs_15_down,202,26,100,0.32399180212760353,-0.6864269077777863,-0.9986626222171886,0.4130544638512197,0,0.298298940301579
A042,stairs_15_down,202,27,100,0.35278295960655826,-0.690205991268158,-1.0435823348754232,0.47954352860107874,0,0.2951210606544413
A042,stairs_15_down,202,28,100,0.3502080153653966,-0.6865900456905365,-1.0435822532776204,0.42071705832472345,0,0.28825919385899834
A042,stairs_15_down,202,29,66,0.2827031814797039,-0.6991350948810577,-0.9906411247457412,0.47926162421070423,0,0.2762572347799087
A042,stairs_15_down,202,30,95,0.3276380969878825,-0.693792462348938,-1.0122989511744862,0.49560251261269167,0,0.3177437227677533
A042,stairs_15_down,202,31,100,0.2897119877491406,-0.7216075360774994,-1.0098925044829832,0.4671996473885967,0,0.27229507498562655
A042,stairs_15_down,303,0,100,0.3344979109292362,-0.6867033839225769,-1.0247319879378864,0.4156266737276322,0,0.3077359119838572
A042,stairs_15_down,303,1,96,0.31410475465703136,-0.7007805109024048,-1.010293664779255,0.4453735391918714,0,0.2868749362262175
A042,stairs_15_down,303,2,80,0.3065201496695452,-0.6918469071388245,-1.0018714608993122,0.4721509660430915,0,0.29966125705025415
A042,stairs_15_down,303,3,100,0.3582575362633894,-0.6793120503425598,-1.0451870066596862,0.4217724753275097,0,0.28371828603234517
A042,stairs_15_down,303,4,58,0.30552958549662707,-0.685725212097168,-0.976603737489425,0.4394393849262127,0,0.28053051488284764
A042,stairs_15_down,303,5,100,0.3054859874082759,-0.7048598825931549,-0.9854272240623434,0.40182210435661136,0,0.3040090754707867
A042,stairs_15_down,303,6,100,0.3144454882744162,-0.6887900233268738,-1.0155075603627903,0.4956665846408428,0,0.2964569903950003
A042,stairs_15_down,303,7,100,0.3455539258087382,-0.688692182302475,-1.0467910868598815,0.4663729044063628,0,0.3162807411051052
A042,stairs_15_down,303,8,41,0.2578564907777756,-0.7042948603630066,-0.9601599545402323,0.48941676976872,0,
A042,stairs_15_down,303,9,100,0.3363917565600758,-0.6816090047359467,-1.0139032404690502,0.4290680698156327,0,0.31529260733548337
A042,stairs_15_down,303,10,100,0.23748437414832296,-0.7177376747131348,-0.9529406348651743,0.414707377493666,0,0.27619079472546904
A042,stairs_15_down,303,11,100,0.2704150429702698,-0.6958684623241425,-0.9709888244057722,0.4343247756328289,0,0.3028372484732439
A042,stairs_15_down,303,12,100,0.3375167465783695,-0.6830525100231171,-1.024330776642988,0.4587273796001472,0,0.3038548119565382
A042,stairs_15_down,303,13,97,0.3285199394200575,-0.6932201981544495,-1.01951755176891,0.46976526768043114,0,0.3116795882821721
A042,stairs_15_down,303,14,100,0.31703648178335175,-0.7016322314739227,-1.0283410791407295,0.48292853665951896,0,0.2833148129483595
A042,stairs_15_down,303,15,67,0.30939311904703237,-0.6794369220733643,-0.9866304346584381,0.46203448936639846,0,0.30654973206035596
A042,stairs_15_down,303,16,66,0.2990688968469752,-0.6930672526359558,-0.9922454650389319,0.502757565030175,0,0.2957877911985878
A042,stairs_15_down,303,17,100,0.3453257372353804,-0.6945796608924866,-1.0479938180688868,0.4379744651568921,0,0.29736831258325025
A042,stairs_15_down,303,18,34,0.2383505308373089,-0.7084190845489502,-0.9465235286855442,0.5116071352522218,0,
A042,stairs_15_down,303,19,100,0.3117159122133,-0.7040348052978516,-1.0131009606754078,0.4811412962703384,0,0.28825706912871984
A042,stairs_15_down,303,20,32,0.2585970209562842,-0.706688791513443,-0.9581546324459627,0.4861508894177904,0,
A042,stairs_15_down,303,21,100,0.3543182120603674,-0.6833490431308746,-1.0443843188770314,0.42641691714626495,0,0.2953796227348042
A042,stairs_15_down,303,22,100,0.3160772143519499,-0.7011225521564484,-1.0058817480974658,0.3354808314683231,0,0.22926752866908195
A042,stairs_15_down,303,23,100,0.34591744784365364,-0.6860930621623993,-1.0275390747396704,0.4955375001633035,0,0.3043974172622763
A042,stairs_15_down,303,24,58,0.2864561125556415,-0.6945825815200806,-0.9798123211784159,0.4744137456939409,0,0.2790116180073131
A042,stairs_15_down,303,25,100,0.3548916989469274,-0.6812191307544708,-1.0347585984092345,0.4492779845592485,0,0.3120404717756464
A042,stairs_15_down,303,26,97,0.3048685043253363,-0.6972913146018982,-1.0002667228168345,0.42677528203335297,0,0.27023815885584623
A042,stairs_15_down,303,27,47,0.27408298738500014,-0.7009673118591309,-0.9882348514495687,0.49121175956683044,0,0.27408298738500014
A042,stairs_15_down,303,28,100,0.2883661309665537,-0.6850632429122925,-0.9737965384906626,0.42746142873785675,0,0.3088911022731965
A042,stairs_15_down,303,29,100,0.360893263058229,-0.6868822574615479,-1.0467908828653754,0.3815478379427556,0,0.31851787076276894
A042,stairs_15_down,303,30,64,0.3060288950402469,-0.6942556202411652,-0.9890371363430737,0.49803970704210543,0,0.2824490803448274
A042,stairs_15_down,303,31,100,0.287612614625278,-0.7008375525474548,-0.9762028168866979,0.4913519273670266,0,0.2939805385263209
A043,rough_lateral,101,0,100,0.3475101602906212,0.40378254652023315,0.057030652296096884,0.10871933003408757,,
A043,rough_lateral,101,1,100,0.3611109875899585,0.4203014522790909,0.059449802745472305,0.06566592886342153,,
A043,rough_lateral,101,2,100,0.3033670784636615,0.36152686178684235,0.0581834915487524,0.09744123623040615,,
A043,rough_lateral,101,3,100,0.3645248518270605,0.4217112511396408,0.05714185480127998,0.23683662839771435,,
A043,rough_lateral,101,4,100,0.3337517418963386,0.39213569462299347,0.058832464371135526,0.16609219454165777,,
A043,rough_lateral,101,5,100,0.35751409900379694,0.4164808988571167,0.058987928584297716,0.08913259731722274,,
A043,rough_lateral,101,6,100,0.37096077745611017,0.4266163259744644,0.05556703251313398,0.21117400504753078,,
A043,rough_lateral,101,7,100,0.3601090165383038,0.4198550432920456,0.05987730893221768,0.22859008398174974,,
A043,rough_lateral,101,8,100,0.35433056727450163,0.41284921765327454,0.058432023155497996,0.23415831279306004,,
A043,rough_lateral,101,9,100,0.3537726156054971,0.4118744134902954,0.05775809160528336,0.18302655882527902,,
A043,rough_lateral,101,10,100,0.3320352121151705,0.3911834955215454,0.05860868239785261,0.25541120284341823,,
A043,rough_lateral,101,11,100,0.3623344880693099,0.4196569174528122,0.05734353906968061,0.16617140273072661,,
A043,rough_lateral,101,12,77,0.36415460195770877,0.42391446232795715,0.06012358639966996,0.2369841345283682,,
A043,rough_lateral,101,13,100,0.37635725409908094,0.43545499444007874,0.059257731718175555,0.2090841907646101,,
A043,rough_lateral,101,14,100,0.35314120758663525,0.4114469885826111,0.058050675825639206,0.2901537091356574,,
A043,rough_lateral,101,15,100,0.3816559976116221,0.4424837678670883,0.06030530470577791,0.2655495911194136,,
A043,rough_lateral,101,16,100,0.37723611271317625,0.4349444806575775,0.05759768562520889,0.2432849634386009,,
A043,rough_lateral,101,17,100,0.35911301631022263,0.41580061614513397,0.05754363728079566,0.2445201733320897,,
A043,rough_lateral,101,18,100,0.3400747026989167,0.39914625883102417,0.058584463150106014,0.20067309599637417,,
A043,rough_lateral,101,19,100,0.3618904050180619,0.42022256553173065,0.05915213396204984,0.12322624845173222,,
A043,rough_lateral,101,20,100,0.3595056143355242,0.41920553147792816,0.05976630022181546,0.2386119870408614,,
A043,rough_lateral,101,21,100,0.3756621520627629,0.43420787155628204,0.05884811074975978,0.21969831579324084,,
A043,rough_lateral,101,22,100,0.3444582632678078,0.4024471193552017,0.05782205408269708,0.2038343443576226,,
A043,rough_lateral,101,23,100,0.36900471087126807,0.43003877997398376,0.06075950867352001,0.2497779603644411,,
A043,rough_lateral,101,24,100,0.3502601489504391,0.41067738831043243,0.06050968680152281,0.24674081577104712,,
A043,rough_lateral,101,25,100,0.33830170309479857,0.39989493787288666,0.061430869892956735,0.18248528668781916,,
A043,rough_lateral,101,26,0,,,,,,
A043,rough_lateral,101,27,100,0.3580634413874723,0.41704802215099335,0.05932346384793042,0.08564980325506769,,
A043,rough_lateral,101,28,100,0.34187191246665094,0.40072906017303467,0.05883211248061236,0.21511238337576272,,
A043,rough_lateral,101,29,100,0.3595342002609835,0.4170437157154083,0.058022442985983455,0.23751272323407668,,
A043,rough_lateral,101,30,100,0.32385465925071333,0.38805361092090607,0.06385509980553611,0.12375157950262664,,
A043,rough_lateral,101,31,100,0.3659282066924049,0.4279158115386963,0.06181015177844043,0.1538760311990517,,
A043,rough_lateral,202,0,100,0.369003292870394,0.43118369579315186,0.062228911700733205,0.22586988223074017,,
A043,rough_lateral,202,1,100,0.35434978738188105,0.41492222249507904,0.06030133191276999,0.23961317393743037,,
A043,rough_lateral,202,2,100,0.3694675074701003,0.4302211105823517,0.06101606236422126,0.17697566564434913,,
A043,rough_lateral,202,3,100,0.36409526139019643,0.4267924875020981,0.06241254245533663,0.2451448297299617,,
A043,rough_lateral,202,4,100,0.35863109729825493,0.4206282049417496,0.06207443176106336,0.21363548021952167,,
A043,rough_lateral,202,5,100,0.3518430239217167,0.411975160241127,0.06000391302261761,0.2050626267545415,,
A043,rough_lateral,202,6,100,0.30175951840405796,0.3650525361299515,0.06327333297321502,0.0792837755759144,,
A043,rough_lateral,202,7,100,0.3717883086618893,0.43251509964466095,0.06092186280112853,0.2475591179177975,,
A043,rough_lateral,202,8,100,0.31732628936754825,0.37730956077575684,0.05980880757704138,0.1664242549006918,,
A043,rough_lateral,202,9,100,0.3614568606736188,0.42237327992916107,0.060868278544216864,0.236167051428205,,
A043,rough_lateral,202,10,100,0.3799698511387575,0.4390347748994827,0.058661027388139206,0.258182933797402,,
A043,rough_lateral,202,11,100,0.3553484501366947,0.41348156332969666,0.05845056115624739,0.19857700519402094,,
A043,rough_lateral,202,12,100,0.3518051812674272,0.41182564198970795,0.060049801586783504,0.22451380274559513,,
A043,rough_lateral,202,13,100,0.3763858448056614,0.43821975588798523,0.0619249598865203,0.15633104121137983,,
A043,rough_lateral,202,14,100,0.3442563193845239,0.4045577645301819,0.06055831399193422,0.27904335412372955,,
A043,rough_lateral,202,15,100,0.34014191673719946,0.39961402118206024,0.05995010947161179,0.20081102529935624,,
A043,rough_lateral,202,16,100,0.3485914445656506,0.40830180048942566,0.05967332972562249,0.13141732787257843,,
A043,rough_lateral,202,17,100,0.22668875235924746,0.28319478034973145,0.057134480399881456,0.11433430188384214,,
A043,rough_lateral,202,18,7,,,,,,
A043,rough_lateral,202,19,100,0.3709653703605427,0.4313040226697922,0.060240429352949015,0.243056140757055,,
A043,rough_lateral,202,20,100,0.3159116645229054,0.3730480372905731,0.05785177098238532,0.10232256933009393,,
A043,rough_lateral,202,21,100,0.3562811987604049,0.41435709595680237,0.05806950451855991,0.1246510378175085,,
A043,rough_lateral,202,22,23,,,,,,
A043,rough_lateral,202,23,100,0.3615320504189813,0.4205220937728882,0.059240137192017255,0.22391798342703473,,
A043,rough_lateral,202,24,100,0.38738758965609543,0.44383561611175537,0.05596221577037465,0.21718878868783903,,
A043,rough_lateral,202,25,100,0.33982026186537617,0.3975807726383209,0.05808654825955151,0.1220074323134266,,
A043,rough_lateral,202,26,100,0.37221497265412845,0.43370485305786133,0.06034780696114117,0.20420044975682075,,
A043,rough_lateral,202,27,100,0.33792901349896415,0.3964819014072418,0.0587769115672392,0.17534427243599293,,
A043,rough_lateral,202,28,100,0.30618794326157495,0.3656250983476639,0.05973500746456697,0.08484541979001044,,
A043,rough_lateral,202,29,100,0.3567576200407456,0.41546785831451416,0.05867104861825545,0.18879526111265182,,
A043,rough_lateral,202,30,100,0.3384676275246921,0.400431290268898,0.06224762309681285,0.15497107784835823,,
A043,rough_lateral,202,31,0,,,,,,
A043,rough_lateral,303,0,100,0.37326412173834717,0.43197621405124664,0.05878096085818693,0.29844205539814916,,
A043,rough_lateral,303,1,100,0.3098570131522449,0.3664424270391464,0.05678819462577289,0.08924869427148785,,
A043,rough_lateral,303,2,100,0.35892716759347665,0.4179230332374573,0.05898360900062928,0.14841430887471588,,
A043,rough_lateral,303,3,100,0.34371462902602024,0.40284182131290436,0.05948718983859302,0.11691116529257672,,
A043,rough_lateral,303,4,100,0.3669278044751621,0.425600066781044,0.05847448461196002,0.1897415148565002,,
A043,rough_lateral,303,5,100,0.35500895435159857,0.4140747934579849,0.05934286882533109,0.20788635879192552,,
A043,rough_lateral,303,6,100,0.37139805760931843,0.4303434491157532,0.05807526736335958,0.20787267301980333,,
A043,rough_lateral,303,7,100,0.3630299400837026,0.4224998652935028,0.05924179464738,0.19842757998864075,,
A043,rough_lateral,303,8,100,0.35104974905118586,0.40724989771842957,0.05631950194822913,0.19202356562010844,,
A043,rough_lateral,303,9,100,0.3762921075769924,0.43234483897686005,0.05659605730026164,0.28028556137856075,,
A043,rough_lateral,303,10,100,0.36264764768554564,0.418979749083519,0.05697073400976824,0.23460940819906245,,
A043,rough_lateral,303,11,100,0.32286215537690865,0.38072340190410614,0.05793753027278472,0.22745222377984198,,
A043,rough_lateral,303,12,100,0.36240204794202896,0.4195195883512497,0.05736652415066479,0.20030635593170382,,
A043,rough_lateral,303,13,100,0.3726059661351423,0.4298323839902878,0.056836699419480594,0.19239794705929664,,
A043,rough_lateral,303,14,100,0.30264394009177065,0.35862404108047485,0.055974113749947776,0.1140867577804211,,
A043,rough_lateral,303,15,100,0.3626578203975198,0.41981492936611176,0.056861770344290505,0.1009471992836779,,
A043,rough_lateral,303,16,100,0.3424466449946643,0.4006713777780533,0.05824355773109803,0.18219193716311535,,
A043,rough_lateral,303,17,100,0.34465747752929116,0.4009858965873718,0.05654226904884379,0.10111698713484887,,
A043,rough_lateral,303,18,100,0.3500032853633962,0.40625058114528656,0.05638295953924006,0.15949466715356764,,
A043,rough_lateral,303,19,100,0.3396299373816679,0.39603134989738464,0.0567187038972416,0.1977927237056379,,
A043,rough_lateral,303,20,100,0.3032953118417352,0.36316917836666107,0.0599457643886301,0.13420960544889726,,
A043,rough_lateral,303,21,100,0.347889805302263,0.40605442225933075,0.0578949668190696,0.19899167209443316,,
A043,rough_lateral,303,22,100,0.35643769019746524,0.4165394753217697,0.05885287912134181,0.18736460260174526,,
A043,rough_lateral,303,23,100,0.30924789025821786,0.36773405969142914,0.05818380264037433,0.21608781071271016,,
A043,rough_lateral,303,24,100,0.34063327559494083,0.3983989506959915,0.058315450494939636,0.1667683999270284,,
A043,rough_lateral,303,25,44,0.34196963069591935,0.4045691341161728,0.0617828930125517,0.3004818441248674,,
A043,rough_lateral,303,26,24,,,,,,
A043,rough_lateral,303,27,100,0.3664874966769295,0.4262564182281494,0.059907321623939885,0.26239280026366396,,
A043,rough_lateral,303,28,100,0.3571932091910571,0.41798146069049835,0.06115530901414187,0.1975300757473888,,
A043,rough_lateral,303,29,100,0.3589184257914038,0.4206126034259796,0.06195559476148636,0.10720474232539182,,
A043,rough_lateral,303,30,100,0.35423362382593004,0.4137754440307617,0.06018931852942482,0.23814097779163995,,
A043,rough_lateral,303,31,100,0.3620021102581432,0.4221442639827728,0.060196244142909736,0.2092978390725025,,
A043,rough_forward,101,0,100,0.35054575886955874,0.4066002070903778,0.05551400414125167,0.45225596227539344,,
A043,rough_forward,101,1,100,0.3509745124508353,0.40916651487350464,0.05871344887636562,0.42862471464766455,,
A043,rough_forward,101,2,100,0.3104136075406151,0.3676072657108307,0.05734021395922982,0.4635342984555877,,
A043,rough_forward,101,3,100,0.34089096894557464,0.401607021689415,0.060070945617349394,0.4061721145481949,,
A043,rough_forward,101,4,100,0.34939412087361443,0.405719518661499,0.05679356988101082,0.4480909282699156,,
A043,rough_forward,101,5,100,0.33955443431349364,0.39629003405570984,0.05688423013942127,0.42987923169469755,,
A043,rough_forward,101,6,100,0.36706096467806054,0.4258022606372833,0.058916448909331134,0.45710116482753405,,
A043,rough_forward,101,7,100,0.34840180776654717,0.4047703295946121,0.05686972103016899,0.43893698583493135,,
A043,rough_forward,101,8,100,0.3606494086630204,0.41898903250694275,0.05811121119534905,0.4918870243064679,,
A043,rough_forward,101,9,100,0.36842496972033045,0.4264756143093109,0.058172746138139206,0.45305928009922597,,
A043,rough_forward,101,10,100,0.3319018577190644,0.3905440717935562,0.059014687563646286,0.48160980208414705,,
A043,rough_forward,101,11,100,0.3635504987628702,0.42301975190639496,0.059915935291963464,0.4804675206003892,,
A043,rough_forward,101,12,100,0.3370995754226644,0.3973700553178787,0.05985435955027208,0.4477612418319912,,
A043,rough_forward,101,13,100,0.3604776515042718,0.4235480725765228,0.06274677215412977,0.4551552880356782,,
A043,rough_forward,101,14,100,0.3543607350339226,0.41166216135025024,0.057061348369414795,0.43085732731274895,,
A043,rough_forward,101,15,100,0.3587227150558788,0.41573137044906616,0.05734003036417426,0.40550387352510175,,
A043,rough_forward,101,16,100,0.34253094389158134,0.40318797528743744,0.0608502658293209,0.41007652104749137,,
A043,rough_forward,101,17,100,0.36681338762217025,0.4261884391307831,0.05977064530479717,0.45420124715074106,,
A043,rough_forward,101,18,100,0.32075965213265645,0.3803212642669678,0.05954841368976124,0.4572283889626938,,
A043,rough_forward,101,19,100,0.3684852725681774,0.4290386587381363,0.06087641792501358,0.4827795248793858,,
A043,rough_forward,101,20,100,0.34560278073989137,0.4036870300769806,0.05859313801648145,0.45744776022202815,,
A043,rough_forward,101,21,100,0.33966084039785005,0.4008350521326065,0.06221741151044713,0.4462126829147892,,
A043,rough_forward,101,22,100,0.3306973023529359,0.38757479190826416,0.056305558923731513,0.45390459169165376,,
A043,rough_forward,101,23,100,0.3315775692462921,0.3920157253742218,0.060263725525555124,0.4395312240330501,,
A043,rough_forward,101,24,100,0.33637165553110804,0.39382608234882355,0.056838147780474496,0.45276249879450414,,
A043,rough_forward,101,25,100,0.3425108882832655,0.4045747220516205,0.06124178228531292,0.4863294054078277,,
A043,rough_forward,101,26,100,0.35056160127415376,0.40899673104286194,0.05868226831609552,0.43401423242569304,,
A043,rough_forward,101,27,100,0.3482034341855482,0.4033546596765518,0.05417745253619026,0.41865039846467217,,
A043,rough_forward,101,28,100,0.34258543887240367,0.4056396633386612,0.0630945878870347,0.4471101466370693,,
A043,rough_forward,101,29,100,0.33106524174544905,0.38975170254707336,0.059144667763123535,0.4704545733617428,,
A043,rough_forward,101,30,100,0.33188101864434816,0.39254292845726013,0.06090197843663833,0.039765578437194124,,
A043,rough_forward,101,31,100,0.37033646310714474,0.43437328934669495,0.06469502678529464,0.44312871205124815,,
A043,rough_forward,202,0,100,0.33785393308190736,0.39673036336898804,0.058486831379446755,0.4480542344037852,,
A043,rough_forward,202,1,100,0.35499978671099414,0.41568949818611145,0.06131261937758502,0.44152938994632807,,
A043,rough_forward,202,2,100,0.3691548929016858,0.43098920583724976,0.061806592074307526,0.42380718267207895,,
A043,rough_forward,202,3,100,0.37152572414454293,0.43150079250335693,0.05985933701622295,0.434672424729864,,
A043,rough_forward,202,4,100,0.3633487370403055,0.42639388144016266,0.06329100399731315,0.4562769170216311,,
A043,rough_forward,202,5,100,0.3697220718159395,0.42857353389263153,0.05849593973414784,0.4525945246771056,,
A043,rough_forward,202,6,100,0.34986277944582667,0.41124124825000763,0.061621018272032715,0.4898578420217231,,
A043,rough_forward,202,7,100,0.366544881048687,0.4271734058856964,0.06059958718039772,0.4989651819492973,,
A043,rough_forward,202,8,100,0.2986157028114095,0.35885992646217346,0.06017875671386719,0.4254780490856753,,
A043,rough_forward,202,9,100,0.35748536510263534,0.4184718728065491,0.060703190890225495,0.3803829175772899,,
A043,rough_forward,202,10,100,0.3727364687518002,0.43370087444782257,0.06085855310613458,0.4677558081061316,,
A043,rough_forward,202,11,100,0.3666632122853223,0.42553918063640594,0.058987423697894906,0.4832629848181074,,
A043,rough_forward,202,12,100,0.344543265467659,0.40764763951301575,0.06295143474232068,0.4472120799894712,,
A043,rough_forward,202,13,100,0.37496632433192617,0.43328438699245453,0.05828633537904464,0.4997914997881191,,
A043,rough_forward,202,14,100,0.35427168959921057,0.413214311003685,0.05816702409224077,0.46525284581808224,,
A043,rough_forward,202,15,100,0.31314827764735503,0.3722127228975296,0.059002529491077774,0.45751225684570673,,
A043,rough_forward,202,16,100,0.3692821812502203,0.42640314996242523,0.05751803087040702,0.4064654274000488,,
A043,rough_forward,202,17,100,0.33406108665593803,0.3936598002910614,0.059657086663067654,0.4608298305078879,,
A043,rough_forward,202,18,100,0.35847817026676343,0.4143153578042984,0.05567526689825211,0.4615081126297318,,
A043,rough_forward,202,19,100,0.3412011869769683,0.3999260812997818,0.057949555748924214,0.3316008183204007,,
A043,rough_forward,202,20,100,0.34490482070866757,0.40093716979026794,0.056112365926650754,0.48097657598158805,,
A043,rough_forward,202,21,100,0.35590328993325565,0.4116152673959732,0.05607586110976928,0.44671266814104704,,
A043,rough_forward,202,22,100,0.33539425035848974,0.39433471858501434,0.05906609927906709,0.47574632294139985,,
A043,rough_forward,202,23,100,0.3293355728853195,0.38920415937900543,0.05924813887652229,0.45044114423295345,,
A043,rough_forward,202,24,100,0.3493790735694814,0.40672725439071655,0.05808403912712546,0.4520183897173905,,
A043,rough_forward,202,25,100,0.3598692157370521,0.4141213148832321,0.054240517437776775,0.4739477673993172,,
A043,rough_forward,202,26,100,0.3292119752436398,0.38890282809734344,0.05937466646898239,0.43747674573682205,,
A043,rough_forward,202,27,100,0.3330213249048447,0.3948211669921875,0.06172351021180178,0.46661231002822395,,
A043,rough_forward,202,28,100,0.34881048669470827,0.40836940705776215,0.05941574586266502,0.43198166088414436,,
A043,rough_forward,202,29,100,0.3556399534252238,0.41669024527072906,0.06053187120407023,0.4542528181927915,,
A043,rough_forward,202,30,100,0.3445995639670979,0.4050513207912445,0.06010816441500251,0.4589516624842773,,
A043,rough_forward,202,31,100,0.33343565209026643,0.38872969150543213,0.05632816151501661,0.49983327994471827,,
A043,rough_forward,303,0,100,0.35655762374719835,0.41445593535900116,0.05788413471079128,0.3313941016079022,,
A043,rough_forward,303,1,100,0.3266175830746717,0.3861614763736725,0.05942415043631977,0.4735966066919802,,
A043,rough_forward,303,2,100,0.35153858172383534,0.4070487469434738,0.055899314064393066,0.41351335985520277,,
A043,rough_forward,303,3,100,0.3492464801685058,0.4079522639513016,0.058547004658908136,0.3951554196864342,,
A043,rough_forward,303,4,100,0.3407921064346232,0.40062089264392853,0.06006611094755285,0.42249601086403443,,
A043,rough_forward,303,5,100,0.367043491433011,0.4267497956752777,0.060114620841123206,0.44789308953185036,,
A043,rough_forward,303,6,100,0.37310857481178755,0.4337441772222519,0.060466975451790715,0.46455243098682475,,
A043,rough_forward,303,7,100,0.34602942672324055,0.405099019408226,0.05923328807647216,0.45648373160601385,,
A043,rough_forward,303,8,100,0.35005826020942016,0.4094676822423935,0.058740666843353107,0.5004019341085022,,
A043,rough_forward,303,9,100,0.3666290153156627,0.4256098121404648,0.058302762036655034,0.43199305143572253,,
A043,rough_forward,303,10,100,0.3624873526274839,0.4221463203430176,0.05883306105506611,0.4432986643375934,,
A043,rough_forward,303,11,100,0.364996365127079,0.4214816987514496,0.057138223699069915,0.48443998267724686,,
A043,rough_forward,303,12,100,0.3668937893474803,0.42511530220508575,0.05870007703648532,0.45021051725888134,,
A043,rough_forward,303,13,100,0.3535661251149713,0.41228270530700684,0.05886807671205245,0.455952906272989,,
A043,rough_forward,303,14,100,0.32150667810185074,0.38089048862457275,0.05958380163672136,0.45649444840792613,,
A043,rough_forward,303,15,100,0.37961494332966317,0.4384268522262573,0.05861920851437166,0.41263530416187055,,
A043,rough_forward,303,16,100,0.3438793364215025,0.40359024703502655,0.05983430179045163,0.45999092462924474,,
A043,rough_forward,303,17,100,0.3293318407420806,0.3854242414236069,0.056919643585694665,0.4372548380110689,,
A043,rough_forward,303,18,100,0.33798251281128844,0.39343172311782837,0.05525776154217235,0.4618162381076176,,
A043,rough_forward,303,19,100,0.2874066885461144,0.34664490818977356,0.05941855078712504,0.43927347895843816,,
A043,rough_forward,303,20,100,0.3365058379377273,0.39972423017024994,0.06221767160344251,0.48430142112658126,,
A043,rough_forward,303,21,100,0.35818649645157674,0.41679519414901733,0.060223630405364825,0.45789879018232704,,
A043,rough_forward,303,22,100,0.3621419655447975,0.4227386713027954,0.06006983894715334,0.4692826920190869,,
A043,rough_forward,303,23,100,0.3540869830126431,0.4126991182565689,0.05790695149630786,0.4751865721275995,,
A043,rough_forward,303,24,100,0.3744335918821753,0.43517647683620453,0.06042860408517767,0.4533179797620404,,
A043,rough_forward,303,25,100,0.3619919800184627,0.42254070937633514,0.06047382456733581,0.47084008311607506,,
A043,rough_forward,303,26,100,0.34709590362673776,0.4055970758199692,0.05891225682222907,0.4515361274817711,,
A043,rough_forward,303,27,100,0.33247038307674426,0.3905944377183914,0.058467620196826955,0.4471368351595583,,
A043,rough_forward,303,28,100,0.3756177009426974,0.43586495518684387,0.05973248303255295,0.44243071134128076,,
A043,rough_forward,303,29,100,0.3399071629672127,0.4016520082950592,0.06147853320932643,0.44672959530504697,,
A043,rough_forward,303,30,100,0.3544229184561235,0.4129331558942795,0.05842077795834465,0.47196005867813273,,
A043,rough_forward,303,31,100,0.34115205250959346,0.4003394842147827,0.058715254227745345,0.47806809571763725,,
A043,stairs_10_down,101,0,100,0.31460163164585037,-0.3387468457221985,-0.6548136695821017,0.46490392226560784,1,0.31389198185288336
A043,stairs_10_down,101,1,50,0.33835150205834025,-0.3263654261827469,-0.6521400767851641,0.49266290261480705,1,
A043,stairs_10_down,101,2,100,0.3418358236073173,-0.3350941985845566,-0.6820863121971089,0.47248224719578225,1,0.3128791186898787
A043,stairs_10_down,101,3,100,0.29897099175555186,-0.32541847229003906,-0.6294122940716259,0.45485945094454094,1,0.3406654562860887
A043,stairs_10_down,101,4,100,0.34183772912318694,-0.33673299849033356,-0.6770062013105913,0.49686107569462773,1,0.32097371058030566
A043,stairs_10_down,101,5,100,0.36238377720595677,-0.3189671039581299,-0.6885033112796233,0.44438545407523167,1,0.3471210146332807
A043,stairs_10_down,101,6,100,0.38101103519373397,-0.31635214388370514,-0.6994660729392964,0.478819209233519,0,0.35177494497860184
A043,stairs_10_down,101,7,100,0.3701405663063182,-0.32380157709121704,-0.6994660627395711,0.4951903782788442,1,0.3510126600609743
A043,stairs_10_down,101,8,100,0.3551062151869351,-0.32284142076969147,-0.6828884848936356,0.49608740975564836,1,0.35151111298703897
A043,stairs_10_down,101,9,100,0.37352347716609424,-0.3113986700773239,-0.6906423313732453,0.48330947389721746,1,0.3522444464624884
A043,stairs_10_down,101,10,100,0.3395985365710794,-0.35727277398109436,-0.6983963971469491,0.4943078088271822,1,0.3216662237988436
A043,stairs_10_down,101,11,60,0.3114478406421641,-0.33086641132831573,-0.6401073894398734,0.44269651741870336,1,0.31058292035113044
A043,stairs_10_down,101,12,100,0.3076496364917347,-0.33976204693317413,-0.6491985117050416,0.465646163834666,1,0.3084701414414268
A043,stairs_10_down,101,13,74,0.3333183218610478,-0.3180132210254669,-0.6491983383097113,0.4866205751423103,1,0.3284916170140638
A043,stairs_10_down,101,14,100,0.2866144319747221,-0.329480916261673,-0.6315510132733513,0.4823350068853594,1,0.2170118372389339
A043,stairs_10_down,101,15,100,0.37475343909174363,-0.31539522111415863,-0.696792077253209,0.4721740860810659,1,0.357738877362746
A043,stairs_10_down,101,16,100,0.3576350902969187,-0.31932272017002106,-0.6866312536963805,0.46403398330807577,1,0.34304311074675087
A043,stairs_10_down,101,17,100,0.29636559934220846,-0.32795651257038116,-0.6208556833114216,0.48602881748031657,1,0.3355006154845742
A043,stairs_10_down,101,18,64,0.3125445172589093,-0.3407421112060547,-0.6598936121731518,0.4859588517333351,1,0.31202875037881783
A043,stairs_10_down,101,19,100,0.35943630959260914,-0.318123996257782,-0.6737974544259954,0.49236293405074627,1,0.3321011702325892
A043,stairs_10_down,101,20,100,0.36530452313270156,-0.32674482464790344,-0.7000002478533249,0.48858029894553384,1,0.3405612504737262
A043,stairs_10_down,101,21,100,0.3421158726043242,-0.3233207017183304,-0.6625676333585525,0.47160515163044897,1,0.33827188371974515
A043,stairs_10_down,101,22,100,0.3265487041702882,-0.3436231017112732,-0.6745995200254062,0.4865389680906914,1,0.3210606482577196
A043,stairs_10_down,101,23,100,0.2997248830562607,-0.3216809183359146,-0.6208559842033182,0.5185879131047066,1,0.32624520576573945
A043,stairs_10_down,101,24,100,0.25370984145983017,-0.346696674823761,-0.617113103203595,0.44987571924840003,1,0.29428386879477275
A043,stairs_10_down,101,25,100,0.35877867720343853,-0.33453643321990967,-0.6989316889308991,0.5002021145814006,1,0.3015560351591059
A043,stairs_10_down,101,26,100,0.3392965508336052,-0.34184955060482025,-0.6783432527021929,0.47982906983454304,1,0.3361082633230138
A043,stairs_10_down,101,27,100,0.27070295858510673,-0.34877684712409973,-0.639305655331535,0.4387979215293332,1,0.21567844898305477
A043,stairs_10_down,101,28,59,0.3368172989809577,-0.3271261155605316,-0.6513383732760016,0.5072384032950852,1,0.3368172989809577
A043,stairs_10_down,101,29,80,0.32335482999921483,-0.3346659690141678,-0.6529418312929531,0.4821983970157502,1,0.3180212757804177
A043,stairs_10_down,101,30,100,0.3742843850411196,-0.3140503913164139,-0.6927815401617856,0.5072386877853516,1,0.35748372724986965
A043,stairs_10_down,101,31,100,0.3267721037335574,-0.3377641588449478,-0.6550812593755875,0.4554579920266788,1,0.3300607953479583
A043,stairs_10_down,202,0,40,0.27943217427654066,-0.3518472760915756,-0.6422467053255295,0.44541511097361064,1,
A043,stairs_10_down,202,1,41,0.2745992998707103,-0.3490533232688904,-0.6294125949635225,0.4658996197039248,1,
A043,stairs_10_down,202,2,100,0.37437662107740494,-0.31546637415885925,-0.6917123488563905,0.4991843207181881,1,0.351105360105076
A043,stairs_10_down,202,3,59,0.3398401987425146,-0.3187111020088196,-0.6470598843008439,0.4788221472292539,1,0.3410934426567771
A043,stairs_10_down,202,4,100,0.3740815464506812,-0.3152048736810684,-0.6922469317594314,0.5065505024216758,1,0.34935875165271246
A043,stairs_10_down,202,5,100,0.2960865920718341,-0.3303314745426178,-0.6270061023732558,0.4767466752957694,1,0.32482855539908384
A043,stairs_10_down,202,6,82,0.3163647285119735,-0.33629265427589417,-0.6577549133708771,0.4902121693910574,1,0.31786176562309265
A043,stairs_10_down,202,7,100,0.290324077966379,-0.3193370848894119,-0.6114978025303806,0.470194630436116,1,0.3082106381176627
A043,stairs_10_down,202,8,100,0.3306716839100588,-0.3404335528612137,-0.6767386370164188,0.4749773553398377,1,0.3204685897431909
A043,stairs_10_down,202,9,62,0.33637473600752216,-0.3260311484336853,-0.6475941306129496,0.4379800434246577,1,0.3385212697128561
A043,stairs_10_down,202,10,100,0.37107004767114465,-0.3157122731208801,-0.691444356173755,0.494562836172021,0,0.3527172598290571
A043,stairs_10_down,202,11,100,0.36138081255762333,-0.32527874410152435,-0.6914447539630421,0.4981934914655552,1,0.33584026394680855
A043,stairs_10_down,202,12,100,0.34519065438426116,-0.3376552164554596,-0.6729953582274084,0.492265511105843,1,0.30425707063572927
A043,stairs_10_down,202,13,100,0.35932889851656824,-0.3210655152797699,-0.6842253220910057,0.4856012367082342,1,0.34569451117260575
A043,stairs_10_down,202,14,100,0.34144933450030773,-0.33577848970890045,-0.6818190385951077,0.49592599168276696,1,0.32847759191365167
A043,stairs_10_down,202,15,100,0.34918206914223454,-0.3387657403945923,-0.6941186884507775,0.487918740765169,1,0.34059129360525364
A043,stairs_10_down,202,16,100,0.34114791612255385,-0.3192744106054306,-0.6529417394954253,0.4890438510734339,1,0.3482250693966361
A043,stairs_10_down,202,17,100,0.323151124830552,-0.33577626943588257,-0.648129371398273,0.4870969511817119,1,0.33080644291989947
A043,stairs_10_down,202,18,92,0.34386491655984663,-0.32471585273742676,-0.6676474688524869,0.4830584951142579,1,0.34846137025777035
A043,stairs_10_down,202,19,64,0.33870402727535065,-0.31837938725948334,-0.654011099096288,0.5012325945810561,1,0.3396503220904957
A043,stairs_10_down,202,20,100,0.34468477135673564,-0.3417734354734421,-0.6930485179717528,0.502526346958006,1,0.32461864489285064
A043,stairs_10_down,202,21,100,0.36136408261755576,-0.3177035450935364,-0.6847601701869046,0.5002955322583422,1,0.33516229521782004
A043,stairs_10_down,202,22,46,0.3030664535926625,-0.34493087232112885,-0.6368988516496464,0.45426567180451455,1,0.2825311046233152
A043,stairs_10_down,202,23,100,0.32861786036886637,-0.3477104753255844,-0.6780757343067843,0.49324778065888175,1,0.3164558882381827
A043,stairs_10_down,202,24,69,0.32955529122429095,-0.3236282467842102,-0.6443857509184648,0.4987455945126015,1,0.32955529122429095
A043,stairs_10_down,202,25,59,0.31357507622815706,-0.34904345870018005,-0.6588247676584172,0.5029653403820818,1,
A043,stairs_10_down,202,26,100,0.3166021908668273,-0.3246724456548691,-0.6419792379287474,0.4884371287716066,1,0.34032412518791977
A043,stairs_10_down,202,27,100,0.35871389085915,-0.33691421151161194,-0.6967922659481274,0.47179643671344523,1,0.3254209785537924
A043,stairs_10_down,202,28,100,0.3639777381630505,-0.32348984479904175,-0.693583687358999,0.4757532517099655,1,0.3406591823394286
A043,stairs_10_down,202,29,100,0.3007399970516164,-0.33079753816127777,-0.6254018844767688,0.49115010589331287,1,0.33191286800379427
A043,stairs_10_down,202,30,100,0.3374611276356294,-0.33438029885292053,-0.6778085321028602,0.48809463426447963,1,0.33294432351295966
A043,stairs_10_down,202,31,87,0.3157626803227287,-0.35249656438827515,-0.6737975054246219,0.5061005249748377,1,0.29898940066602775
A043,stairs_10_down,303,0,100,0.3500459877883687,-0.31956809759140015,-0.6700543490323153,0.502195668314791,1,0.34672952638590404
A043,stairs_10_down,303,1,100,0.3260966838999866,-0.329860582947731,-0.6668456990451099,0.4885898745642004,1,0.32493785039626344
A043,stairs_10_down,303,2,100,0.33055381572501547,-0.32469119131565094,-0.6443861487077519,0.45361783875200956,1,0.3434142540482914
A043,stairs_10_down,303,3,100,0.3691370692004494,-0.322714164853096,-0.6965250586443407,0.4436082498640695,1,0.34809718205329565
A043,stairs_10_down,303,4,100,0.3090291416103189,-0.3168831765651703,-0.6302145381662297,0.4949159172593697,1,0.31369301867995036
A043,stairs_10_down,303,5,100,0.3216327006485373,-0.3122638612985611,-0.6419793042269619,0.5107932053737638,1,0.3480459260430565
A043,stairs_10_down,303,6,89,0.3431119306839724,-0.32115375995635986,-0.6631022672602199,0.5080315736001427,1,0.33907994261399943
A043,stairs_10_down,303,7,100,0.37757251057076585,-0.3138451874256134,-0.6906425812665153,0.5236924557864646,1,0.3545779609743924
A043,stairs_10_down,303,8,100,0.3108018247440537,-0.30436432361602783,-0.605080420958167,0.4959296916365129,1,0.3010797244023512
A043,stairs_10_down,303,9,100,0.34628214460005735,-0.3126657158136368,-0.6705887942390646,0.4599575302794632,1,0.34438053968755955
A043,stairs_10_down,303,10,100,0.2787748073989695,-0.3265428692102432,-0.6288773490783365,0.47697457405112365,1,0.21633451539564896
A043,stairs_10_down,303,11,70,0.3273560059739944,-0.33708228170871735,-0.6601612937641654,0.4776445749661226,1,0.32852799082822337
A043,stairs_10_down,303,12,100,0.35964749641915694,-0.31950126588344574,-0.6802145504059001,0.5105505570231756,1,0.34174042382342296
A043,stairs_10_down,303,13,97,0.3394633467822151,-0.32550740242004395,-0.6705891104305491,0.45947776996939194,1,0.3264940534045989
A043,stairs_10_down,303,14,100,0.329517302108321,-0.34325750172138214,-0.681818385812688,0.4909315906484765,1,0.3162813330079145
A043,stairs_10_down,303,15,54,0.33838533614089783,-0.31656545400619507,-0.6470593335156772,0.47738665036132705,1,0.3371813998502844
A043,stairs_10_down,303,16,74,0.31943021595159315,-0.3333936929702759,-0.6540114662863992,0.4875966024599826,1,0.3195845986751311
A043,stairs_10_down,303,17,100,0.36873895941889856,-0.32684797048568726,-0.6981292663411023,0.4855429458031353,1,0.3367486592920069
A043,stairs_10_down,303,18,34,0.2691348414210712,-0.36054472625255585,-0.6296795676736271,0.49027835309760925,1,
A043,stairs_10_down,303,19,100,0.33524742332053054,-0.33814138174057007,-0.6716585567290769,0.48948125362944955,1,0.3125235715651895
A043,stairs_10_down,303,20,35,0.2984554007410366,-0.3481728136539459,-0.6358290381610074,0.45136408079335133,1,
A043,stairs_10_down,303,21,100,0.3695160850962215,-0.3198547959327698,-0.6946528786643942,0.4510513646526112,1,0.35320419854021323
A043,stairs_10_down,303,22,100,0.3538840884830862,-0.3133351057767868,-0.661230536068187,0.49426450845914893,1,0.3426479027870505
A043,stairs_10_down,303,23,100,0.3473178059022057,-0.32720933854579926,-0.6860968492885324,0.4760186681501997,1,0.33020594413267734
A043,stairs_10_down,303,24,100,0.30106702295535387,-0.3318765014410019,-0.6179149189097359,0.4963940671313856,1,0.3127243376989416
A043,stairs_10_down,303,25,100,0.3650160626294141,-0.3212919235229492,-0.6855623581830192,0.4794030341110392,1,0.33867712119683857
A043,stairs_10_down,303,26,92,0.33578034374803145,-0.3256470113992691,-0.6631023335584345,0.4824704163809094,1,0.32927195879227333
A043,stairs_10_down,303,27,100,0.2723189642563223,-0.34518294036388397,-0.6117655912185098,0.4645512523463857,1,0.2834004340643551
A043,stairs_10_down,303,28,100,0.30590692457349544,-0.3162226974964142,-0.6294124419676428,0.4843280253481218,1,0.33804356334681185
A043,stairs_10_down,303,29,100,0.3771923426638313,-0.31395338475704193,-0.6922467634639637,0.49062855721199505,1,0.35026754064355947
A043,stairs_10_down,303,30,100,0.31611612981015985,-0.3249446600675583,-0.644920787709282,0.486801084788433,1,0.3184182207214641
A043,stairs_10_down,303,31,100,0.29075213135245015,-0.3464798033237457,-0.6465248322104388,0.4971105341865751,1,0.31112269666743153
A043,stairs_15_down,101,0,100,0.3169909165823523,-0.6806876361370087,-0.9902399491498814,0.48663833754396946,1,0.2881455093144095
A043,stairs_15_down,101,1,100,0.29113635819226025,-0.6790802776813507,-0.9601599851394083,0.4558321328242423,1,0.2497485933456829
A043,stairs_15_down,101,2,100,0.3318155320251689,-0.6865566670894623,-1.0231278975379658,0.4658622516362948,1,0.30822225464856556
A043,stairs_15_down,101,3,63,0.3120001898729865,-0.671551525592804,-0.9770047498896798,0.4344223839572121,1,0.3149405568041266
A043,stairs_15_down,101,4,93,0.3350562593516182,-0.6939539313316345,-1.0235287977412422,0.4991544631951496,1,0.2928753711960532
A043,stairs_15_down,101,5,100,0.35637181774180204,-0.6647915840148926,-1.0267373406313318,0.4834330300126458,1,0.3273799894327786
A043,stairs_15_down,101,6,100,0.3749324550284422,-0.6705061495304108,-1.0491971612614106,0.4799192849516567,1,0.32893369063974065
A043,stairs_15_down,101,7,100,0.373002271601223,-0.6684443056583405,-1.049598449054249,0.46143277906498664,1,0.3231225093418264
A043,stairs_15_down,101,8,100,0.34705940255506795,-0.6762513220310211,-1.0251329646391028,0.4913420844839454,1,0.32008253603695547
A043,stairs_15_down,101,9,100,0.3677225882675559,-0.6619803011417389,-1.0363625715123141,0.48457273442163157,1,0.33816328883808566
A043,stairs_15_down,101,10,100,0.3432132939603877,-0.6979975402355194,-1.0475924078793448,0.5021787172317524,1,0.30335284076272484
A043,stairs_15_down,101,11,48,0.29525818321156627,-0.6763485968112946,-0.9766034671967042,0.43549329994469305,1,
A043,stairs_15_down,101,12,100,0.29123510492039234,-0.6779038608074188,-0.9786089473867161,0.4531269323903506,0,0.2937176415627015
A043,stairs_15_down,101,13,72,0.31150156992642003,-0.6764280200004578,-0.9858285169550443,0.44747781579575086,1,0.30311005447000106
A043,stairs_15_down,101,14,40,0.28481998115299856,-0.6913571059703827,-0.9745983388972155,0.5188177471780699,1,0.2381119928895471
A043,stairs_15_down,101,15,100,0.369259652447573,-0.669854998588562,-1.0475929178656105,0.44031079572482895,1,0.3315173999510985
A043,stairs_15_down,101,16,100,0.3376395775672587,-0.6722572147846222,-1.0259348670429085,0.4851040111112386,0,0.3210152671298879
A043,stairs_15_down,101,17,52,0.3131086577706158,-0.6683777868747711,-0.9882341884674235,0.4885880903768099,1,0.30508624837997766
A043,stairs_15_down,101,18,56,0.2929672598838806,-0.6952507495880127,-0.99906335922486,0.4979218379160971,0,0.28963590911365444
A043,stairs_15_down,101,19,100,0.34478833315206714,-0.6693741083145142,-1.0114966203822173,0.48651233461985643,0,0.32093112895832976
A043,stairs_15_down,101,20,100,0.36283184564049864,-0.6761387884616852,-1.0499987015749683,0.4735054107414629,1,0.317473347493034
A043,stairs_15_down,101,21,91,0.32799157834945514,-0.6724004149436951,-1.0018713946010978,0.47984475698018175,0,0.30886334212706046
A043,stairs_15_down,101,22,95,0.3238362494636984,-0.6909013390541077,-1.0147050765746417,0.49092667131895584,1,0.3012407619685413
A043,stairs_15_down,101,23,45,0.2932304073782528,-0.6828026175498962,-0.9778070296833222,0.48800870766562837,1,
A043,stairs_15_down,101,24,49,0.2736765630742445,-0.7063603401184082,-0.9778071724794766,0.4855265002675478,1,0.26286695889610656
A043,stairs_15_down,101,25,100,0.3581866223544361,-0.6872455477714539,-1.0483950344636477,0.48232235039403093,1,0.2982043407180093
A043,stairs_15_down,101,26,95,0.32300437771700286,-0.6914966106414795,-1.021122815137241,0.48625279995103704,1,0.31199503550554986
A043,stairs_15_down,101,27,100,0.2664755522248579,-0.6995024979114532,-0.9697858280039089,0.4599043970502037,0,0.2303125453505287
A043,stairs_15_down,101,28,52,0.314099517735568,-0.6837208867073059,-0.9838235773504737,0.5191627478727309,1,0.3082725115638366
A043,stairs_15_down,101,29,75,0.30717436196332304,-0.6914874911308289,-0.9858285832532587,0.48683422335891013,0,0.26912903785705566
A043,stairs_15_down,101,30,100,0.36919376254081726,-0.6644476354122162,-1.0391707139856674,0.501063475794616,1,0.3343018522874557
A043,stairs_15_down,101,31,75,0.32388358766382397,-0.6835514903068542,-1.001069400399764,0.45257637959194347,1,0.3096987088733816
A043,stairs_15_down,202,0,36,0.2769815620572809,-0.6985519528388977,-0.9645717998239446,0.4401492305773222,1,
A043,stairs_15_down,202,1,36,0.2776125248740701,-0.697118729352951,-0.9581546936443145,0.4366042804397338,1,
A043,stairs_15_down,202,2,100,0.3729817196328372,-0.6659566760063171,-1.0379672381967147,0.49439667608297444,1,0.3354105605161126
A043,stairs_15_down,202,3,56,0.31550011341584555,-0.674839586019516,-0.9834220447642281,0.4622922186533424,1,0.31573118436782754
A043,stairs_15_down,202,4,100,0.369961839946196,-0.6671841740608215,-1.0367644151901816,0.5154449591121384,1,0.3258872596337834
A043,stairs_15_down,202,5,58,0.29082036432735425,-0.693041205406189,-0.983421927467387,0.5025186569542064,1,0.28481866204164885
A043,stairs_15_down,202,6,73,0.3106934482401067,-0.6927399635314941,-0.9930477040336732,0.492585372255518,1,0.28041110319249773
A043,stairs_15_down,202,7,43,0.30369602837027077,-0.6805279850959778,-0.969785782105145,0.4761384581920491,1,
A043,stairs_15_down,202,8,95,0.32671347690776065,-0.6868296265602112,-1.0179133797711868,0.477290611589267,0,0.31689026680859644
A043,stairs_15_down,202,9,57,0.3059592712371745,-0.6729773283004761,-0.9770045662946242,0.46273385396522065,1,0.306106906523679
A043,stairs_15_down,202,10,100,0.36733440951230056,-0.6661933958530426,-1.0371646881103516,0.489058171381343,0,0.3237596753446813
A043,stairs_15_down,202,11,100,0.3567627827751445,-0.6782186031341553,-1.0387695230902199,0.47640400448399667,0,0.3014676940632376
A043,stairs_15_down,202,12,100,0.3235957952425441,-0.6950916349887848,-1.010293710678019,0.4728966832573268,0,0.26241811360904876
A043,stairs_15_down,202,13,100,0.3564204868467097,-0.6749505698680878,-1.0255342932308422,0.4800822100957963,1,0.3218442660602019
A043,stairs_15_down,202,14,100,0.33402940614975707,-0.685224175453186,-1.0243307001450481,0.49365631652626735,0,0.3220384828547106
A043,stairs_15_down,202,15,100,0.34540060178481324,-0.6897324919700623,-1.0415767730876087,0.495712844919332,1,0.3093343338864373
A043,stairs_15_down,202,16,100,0.31909155750019663,-0.6683427095413208,-0.9810152869811033,0.4774458527929206,1,0.32095501735248666
A043,stairs_15_down,202,17,100,0.3002521180532833,-0.6899040639400482,-0.974999667488955,0.47058546145780655,0,0.3061782338402488
A043,stairs_15_down,202,18,87,0.3341395976071688,-0.6766435503959656,-1.009891683405096,0.5014026256077888,1,0.33054266160822166
A043,stairs_15_down,202,19,55,0.32801490448375437,-0.6670728325843811,-0.9866305774545925,0.509549012379517,1,0.319353807737483
A043,stairs_15_down,202,20,100,0.33985502643381205,-0.6971579194068909,-1.0395709563066615,0.5011673871887221,0,0.31293437506425836
A043,stairs_15_down,202,21,100,0.35376600196017305,-0.6706486642360687,-1.0315500147202437,0.49728837698499273,1,0.32757259435194697
A043,stairs_15_down,202,22,38,0.27878769180353946,-0.6846515834331512,-0.9649726643281824,0.47778022327422703,1,
A043,stairs_15_down,202,23,100,0.32736235044219286,-0.6947667002677917,-1.0151060226766822,0.49173984903940127,1,0.30723806371025864
A043,stairs_15_down,202,24,57,0.3009848339672394,-0.6811051964759827,-0.9810157714680554,0.44833690195033965,1,0.2793083869837185
A043,stairs_15_down,202,25,56,0.28090788686976714,-0.7161814570426941,-0.9878335177579666,0.48444137956052236,0,
A043,stairs_15_down,202,26,100,0.30369507342098867,-0.667461484670639,-0.9605610638378776,0.520752475603101,1,0.3086563948004003
A043,stairs_15_down,202,27,100,0.3432293398813768,-0.6932123303413391,-1.0443847829645332,0.47620081077339776,1,0.292684099890969
A043,stairs_15_down,202,28,100,0.3642135348549501,-0.6701781153678894,-1.0383685463890036,0.49493807527540246,1,0.33210582178544223
A043,stairs_15_down,202,29,59,0.30302805951572354,-0.676826536655426,-0.9818175412754324,0.4794431848844406,1,0.30236021528907
A043,stairs_15_down,202,30,94,0.33064521299326477,-0.6912935674190521,-1.020721359048935,0.4761077976851726,1,0.3146034157212405
A043,stairs_15_down,202,31,87,0.30076908268393043,-0.7054493427276611,-1.0131009147766439,0.4998164768514643,0,0.2786121100665414
A043,stairs_15_down,303,0,100,0.3346784651916932,-0.6710989773273468,-1.0066840686900094,0.48785654976751064,1,0.329804713713294
A043,stairs_15_down,303,1,100,0.3152436476977752,-0.6819227635860443,-1.001871256904806,0.48914182879498697,1,0.3087669610977173
A043,stairs_15_down,303,2,75,0.32828601095128196,-0.671358048915863,-0.9914434810373235,0.4787995601492891,1,0.3110158296829877
A043,stairs_15_down,303,3,100,0.3703926726777286,-0.6662912964820862,-1.0423789763833113,0.48334636367749995,1,0.32100420234037597
A043,stairs_15_down,303,4,100,0.27622234263522105,-0.6654627025127411,-0.9457214171873695,0.47539208454155796,1,0.2729868936666193
A043,stairs_15_down,303,5,100,0.28357841337428374,-0.6734198927879333,-0.9657749696211382,0.4729967185612363,1,0.3101310019187111
A043,stairs_15_down,303,6,100,0.3081058839106942,-0.6837213039398193,-0.9866309140455276,0.48960536899064167,1,0.30854203356778553
A043,stairs_15_down,303,7,100,0.36918191492238783,-0.6663640439510345,-1.0367642162955382,0.5138427203463697,1,0.32433668687381845
A043,stairs_15_down,303,8,100,0.26727881947940685,-0.6626357734203339,-0.920052849672695,0.46702440899169734,1,0.26592426376546763
A043,stairs_15_down,303,9,98,0.33223475523810975,-0.6763444542884827,-1.0086891306912835,0.4585488512367382,1,0.3260159916418759
A043,stairs_15_down,303,10,79,0.236964635033021,-0.6876387000083923,-0.9561493817497703,0.44703672014624757,0,0.21665471919717638
A043,stairs_15_down,303,11,60,0.3121512025435341,-0.6853517293930054,-0.9962558236351625,0.45915690421060856,1,0.29975095598455415
A043,stairs_15_down,303,12,100,0.35090661463253003,-0.6727758347988129,-1.0211220960566068,0.5069704617918422,1,0.3228115458539462
A043,stairs_15_down,303,13,85,0.33669800873108735,-0.6722592711448669,-1.0058819673915598,0.46900259093438623,1,0.3224685316417306
A043,stairs_15_down,303,14,100,0.3264443087067833,-0.6932305097579956,-1.0223249700617663,0.48970799590424396,1,0.2879830318338731
A043,stairs_15_down,303,15,47,0.3037829998342748,-0.6700469255447388,-0.9705875519125219,0.4871546223528586,1,
A043,stairs_15_down,303,16,65,0.31203739337105163,-0.6802541017532349,-0.9930475204386175,0.49208348245349776,1,0.30333570108056707
A043,stairs_15_down,303,17,100,0.36565636249787037,-0.6768906712532043,-1.0459885418733812,0.48974257837667723,1,0.31913813008344105
A043,stairs_15_down,303,18,25,0.259733970152503,-0.695612907409668,-0.955346877562171,0.4796880165459041,1,
A043,stairs_15_down,303,19,98,0.3246793742167121,-0.688042163848877,-1.0106942946898108,0.4854994120244503,1,0.2857940018495774
A043,stairs_15_down,303,20,28,0.24106929072721756,-0.7237171232700348,-0.9629672504363851,0.4750839945688085,1,
A043,stairs_15_down,303,21,100,0.36692588565183826,-0.6701504588127136,-1.0419778262867647,0.451990347999711,1,0.33259807901586447
A043,stairs_15_down,303,22,100,0.3303556035865437,-0.6636107563972473,-0.9930475102388923,0.4870219541273556,1,0.3208091039071108
A043,stairs_15_down,303,23,100,0.3435049729551224,-0.6785906553268433,-1.029143532329702,0.4852534105664893,1,0.31707125232818933
A043,stairs_15_down,303,24,50,0.2901451783702973,-0.6764597594738007,-0.9705880465991994,0.485314299556058,1,0.279955986030599
A043,stairs_15_down,303,25,100,0.348569680184604,-0.6803012788295746,-1.0335556530059977,0.474083329124663,0,0.319762926050686
A043,stairs_15_down,303,26,81,0.34040161505102473,-0.6741164326667786,-1.001069400399764,0.49824574230003016,1,0.3083622634092117
A043,stairs_15_down,303,27,44,0.2961837395945972,-0.6827831566333771,-0.9794115688711564,0.49085786550684396,1,0.2922432852938851
A043,stairs_15_down,303,28,100,0.27484140947540814,-0.6634112000465393,-0.9485292944678648,0.4939555567033783,1,0.3216703891116668
A043,stairs_15_down,303,29,100,0.3735598861214948,-0.6637914180755615,-1.03796724839644,0.4953353187409034,0,0.3365340994641106
A043,stairs_15_down,303,30,100,0.27008442030870977,-0.6764644086360931,-0.9633689003194716,0.5017290553386792,1,0.2912381045958575
A043,stairs_15_down,303,31,71,0.3133751029636771,-0.6939490437507629,-0.9954540130288844,0.4587810197105233,1,0.30324890364937607
A044,rough_lateral,101,0,100,0.32154966428636866,0.37781815230846405,0.05638860508719867,0.1235410143070915,,
A044,rough_lateral,101,1,100,0.3626325920144504,0.4218418002128601,0.05999961893826245,0.21999998031730872,,
A044,rough_lateral,101,2,100,0.33910472683090576,0.39859579503536224,0.05799245579357453,0.1444747067699277,,
A044,rough_lateral,101,3,100,0.3673617476448018,0.425014853477478,0.057694200525946794,0.159481666183387,,
A044,rough_lateral,101,4,10,,,,,,
A044,rough_lateral,101,5,100,0.3619717996228825,0.42077066004276276,0.058988617065756074,0.2150786109727135,,
A044,rough_lateral,101,6,100,0.3716518549836256,0.42798471450805664,0.056260170146105765,0.07969344095652599,,
A044,rough_lateral,101,7,100,0.35181759879550834,0.40985170006752014,0.05839579883106252,0.08823360644469591,,
A044,rough_lateral,101,8,100,0.34958889331409637,0.4092308282852173,0.05914041957753227,0.21076412011561482,,
A044,rough_lateral,101,9,77,0.335360741073435,0.3925909101963043,0.05757177832292363,0.2150196302343844,,
A044,rough_lateral,101,10,19,,,,,,
A044,rough_lateral,101,11,100,0.36888943588669926,0.4274574965238571,0.058394029178721385,0.09722317802509153,,
A044,rough_lateral,101,12,100,0.3541744732283016,0.4142101854085922,0.0598106129284211,0.23492765328784898,,
A044,rough_lateral,101,13,100,0.346584916991346,0.4059070497751236,0.05917197242777615,0.173230064849612,,
A044,rough_lateral,101,14,29,0.3323309056580385,0.3912194073200226,0.05890336266175948,0.2664753781927504,,
A044,rough_lateral,101,15,100,0.35852211227710234,0.41916315257549286,0.06016785830737435,0.2003224181358368,,
A044,rough_lateral,101,16,100,0.35237098074851825,0.4085604250431061,0.05642088721780216,0.17903884461448455,,
A044,rough_lateral,101,17,100,0.3723181910055844,0.4297521859407425,0.057792383081772744,0.19319288936185372,,
A044,rough_lateral,101,18,100,0.2532627714030883,0.3106238692998886,0.057959036393599075,0.20433452763476356,,
A044,rough_lateral,101,19,100,0.36801705473565804,0.4270988702774048,0.059320633424157124,0.15867873407147465,,
A044,rough_lateral,101,20,100,0.3775227778257533,0.4374082386493683,0.059670050513935605,0.16750731725544327,,
A044,rough_lateral,101,21,100,0.35502649349643584,0.4137859046459198,0.058345947673614014,0.17175499957717663,,
A044,rough_lateral,101,22,100,0.2916504915225952,0.3498966246843338,0.058796540938596674,0.2757666864013056,,
A044,rough_lateral,101,23,100,0.31133228930878765,0.37154629826545715,0.05984986657127339,0.19208389465831102,,
A044,rough_lateral,101,24,84,0.3444356445800812,0.40486951172351837,0.0604317660000235,0.27275532591856666,,
A044,rough_lateral,101,25,100,0.30691302141403765,0.3688366115093231,0.06169433389755494,0.19907381272580146,,
A044,rough_lateral,101,26,100,0.317876175922506,0.3782629072666168,0.06114011652329389,0.18198466814161243,,
A044,rough_lateral,101,27,94,0.3628383027837876,0.42332129180431366,0.06007322015609333,0.21712930461007546,,
A044,rough_lateral,101,28,84,0.33191556798264304,0.3909158259630203,0.05872863626735096,0.20617469420639156,,
A044,rough_lateral,101,29,34,0.283466563744341,0.3409694582223892,0.05735793088209183,0.3521866604194146,,
A044,rough_lateral,101,30,100,0.375540663931459,0.4389825761318207,0.063278692928865,0.14012428911307945,,
A044,rough_lateral,101,31,67,0.357880185472774,0.42022308707237244,0.061713703175917026,0.18199712983086017,,
A044,rough_lateral,202,0,99,0.34901424047143703,0.41077497601509094,0.06254488899108561,0.21220202911671107,,
A044,rough_lateral,202,1,100,0.33611455328643003,0.397635355591774,0.06049507569501744,0.18758435846753418,,
A044,rough_lateral,202,2,100,0.3755281569964108,0.43678924441337585,0.06063621439398291,0.20096897707308548,,
A044,rough_lateral,202,3,82,0.3640869322785719,0.42723019421100616,0.0632412140382165,0.17072841688147866,,
A044,rough_lateral,202,4,12,,,,,,
A044,rough_lateral,202,5,100,0.3480370711674665,0.40857909619808197,0.06031832975499771,0.09160484052146067,,
A044,rough_lateral,202,6,26,0.2605851316515775,0.3236505687236786,0.06327780045290043,0.43892616744407437,,
A044,rough_lateral,202,7,100,0.36794723187857137,0.42912404239177704,0.06132236521511791,0.22679849647893519,,
A044,rough_lateral,202,8,11,,,,,,
A044,rough_lateral,202,9,100,0.36066029113244247,0.422245517373085,0.06071363030907942,0.1412299946545682,,
A044,rough_lateral,202,10,100,0.3633956400787129,0.4234221875667572,0.06015561863700336,0.11393172738226987,,
A044,rough_lateral,202,11,100,0.36669822284244596,0.4250847101211548,0.05851919510785271,0.19127178668014705,,
A044,rough_lateral,202,12,100,0.30007651854645123,0.36171817779541016,0.0620900781396876,0.2549008351813209,,
A044,rough_lateral,202,13,50,0.35211389157223827,0.413739413022995,0.06208419289818422,0.2647387742923789,,
A044,rough_lateral,202,14,100,0.36083658645178546,0.42027105391025543,0.06028243182177212,0.20462815169964,,
A044,rough_lateral,202,15,100,0.3025399011405394,0.3620634377002716,0.06020342474952738,0.15390682626619234,,
A044,rough_lateral,202,16,30,0.30620016643707765,0.36434435844421387,0.0584062994482683,0.4472223560975146,,
A044,rough_lateral,202,17,67,0.3400891609689131,0.3974664509296417,0.057354187582903365,0.2419160632403407,,
A044,rough_lateral,202,18,100,0.3738509345660235,0.42998266220092773,0.05684339553914606,0.13150481436097838,,
A044,rough_lateral,202,19,100,0.3700369845099628,0.4292112737894058,0.05927755998417655,0.11519577609838488,,
A044,rough_lateral,202,20,100,0.3204753994144858,0.3779039531946182,0.05755992624211439,0.19803415786416784,,
A044,rough_lateral,202,21,68,0.3674970723409704,0.42661018669605255,0.05916726525454598,0.17555852342609563,,
A044,rough_lateral,202,22,0,,,,,,
A044,rough_lateral,202,23,7,,,,,,
A044,rough_lateral,202,24,100,0.37317433052840715,0.43011055886745453,0.05655786952870415,0.15290248727286748,,
A044,rough_lateral,202,25,30,0.3190763670014825,0.3768225759267807,0.058207710796499,0.2816757165964299,,
A044,rough_lateral,202,26,83,0.3637967589386007,0.4239344298839569,0.0600921202470912,0.2180328094972896,,
A044,rough_lateral,202,27,100,0.31674899041333937,0.37579983472824097,0.05859008829861401,0.222123978919204,,
A044,rough_lateral,202,28,100,0.34702949799637106,0.4075888842344284,0.060249507108474154,0.07874053898418523,,
A044,rough_lateral,202,29,37,0.34989949327739167,0.4078435003757477,0.05829787636823195,0.26766666419488067,,
A044,rough_lateral,202,30,100,0.3256628564334808,0.3868601322174072,0.061141192594314005,0.08566118610808912,,
A044,rough_lateral,202,31,32,0.3091958706232316,0.3692726045846939,0.060079406289493334,0.32336791024053635,,
A044,rough_lateral,303,0,100,0.3481823238618871,0.40607792139053345,0.0583781737057283,0.22046284511595834,,
A044,rough_lateral,303,1,16,,,,,,
A044,rough_lateral,303,2,100,0.3721680743968423,0.4301787167787552,0.058196848089044746,0.1303474734127966,,
A044,rough_lateral,303,3,100,0.35286572137299704,0.4129928648471832,0.0595834038474343,0.1829309280968282,,
A044,rough_lateral,303,4,100,0.3573774802971651,0.4166424870491028,0.05884060375193223,0.14951113120411047,,
A044,rough_lateral,303,5,100,0.36283018611331674,0.4209936559200287,0.058354918332023414,0.1777509954227573,,
A044,rough_lateral,303,6,46,0.3656823191253897,0.42438754439353943,0.05868793426350476,0.14946378669868912,,
A044,rough_lateral,303,7,100,0.3549015213620854,0.41498222947120667,0.059957208480426974,0.18901100507492655,,
A044,rough_lateral,303,8,100,0.36299727857112885,0.41994509100914,0.05677832639153628,0.19502225068520795,,
A044,rough_lateral,303,9,100,0.36456940422721085,0.4217988848686218,0.05728371258087974,0.15338553785974096,,
A044,rough_lateral,303,10,32,0.3060897262816761,0.3624052554368973,0.05674636555228004,0.3187795056205668,,
A044,rough_lateral,303,11,100,0.36506203303043855,0.42392851412296295,0.05936435454669483,0.1928239723671609,,
A044,rough_lateral,303,12,100,0.3550498668044646,0.41277314722537994,0.05791940026104769,0.23324793950755848,,
A044,rough_lateral,303,13,100,0.3161124090619266,0.37202881276607513,0.05594960890989252,0.1849633817116918,,
A044,rough_lateral,303,14,100,0.3456616740335118,0.4022262394428253,0.05662936960312134,0.1583896354187347,,
A044,rough_lateral,303,15,100,0.36893200021695327,0.42504577338695526,0.0559129969958953,0.17575711158817708,,
A044,rough_lateral,303,16,10,,,,,,
A044,rough_lateral,303,17,23,,,,,,
A044,rough_lateral,303,18,0,,,,,,
A044,rough_lateral,303,19,100,0.25078516967475095,0.3085833191871643,0.05752357442111255,0.12172283905801795,,
A044,rough_lateral,303,20,100,0.2746503113265981,0.334158793091774,0.059418198896601875,0.24814787485348364,,
A044,rough_lateral,303,21,36,0.3156062217160342,0.3736874610185623,0.05803954282546426,0.3070051885049111,,
A044,rough_lateral,303,22,100,0.3607692392592762,0.4184733182191849,0.05802392194615329,0.11646985450197749,,
A044,rough_lateral,303,23,20,,,,,,
A044,rough_lateral,303,24,100,0.37212276626079477,0.43244364857673645,0.05984725034173159,0.173106648398412,,
A044,rough_lateral,303,25,8,,,,,,
A044,rough_lateral,303,26,18,,,,,,
A044,rough_lateral,303,27,100,0.3647298991361404,0.42302197217941284,0.0586655407665885,0.1747201550962639,,
A044,rough_lateral,303,28,25,0.30703072975026097,0.3689427971839905,0.06204417427593374,0.3811462153500861,,
A044,rough_lateral,303,29,100,0.27931845682190065,0.3404121696949005,0.061769408975692996,0.2381616713973438,,
A044,rough_lateral,303,30,100,0.36442129298008696,0.42431434988975525,0.059818237223089696,0.17294012032319322,,
A044,rough_lateral,303,31,100,0.33930001117010167,0.3998415321111679,0.060234666508149334,0.22662813709890833,,
A044,rough_forward,101,0,100,0.32828856558404507,0.38357724249362946,0.05527234714936445,0.3555475836215891,,
A044,rough_forward,101,1,100,0.3283348514593859,0.3862668126821518,0.05800704650062928,0.357945729984251,,
A044,rough_forward,101,2,100,0.3498175370501962,0.4066970646381378,0.05677570506213183,0.4147646497273282,,
A044,rough_forward,101,3,100,0.37538102540102875,0.43553096055984497,0.05990305813876065,0.3981120256644908,,
A044,rough_forward,101,4,13,,,,,,
A044,rough_forward,101,5,100,0.3505729205786863,0.407549187541008,0.05710224416804186,0.3340048083418275,,
A044,rough_forward,101,6,100,0.3448167131705718,0.40336747467517853,0.05904050306840376,0.37307557594098106,,
A044,rough_forward,101,7,100,0.3281196684123361,0.3860180675983429,0.05722183084742908,0.3873047523558465,,
A044,rough_forward,101,8,100,0.347170556213129,0.4050963670015335,0.057649571627856576,0.4225659903805475,,
A044,rough_forward,101,9,100,0.34328764916103793,0.40108129382133484,0.057745530643565135,0.3690001756062575,,
A044,rough_forward,101,10,89,0.2823690199915738,0.34232643246650696,0.05894564052316594,0.4886865339237522,,
A044,rough_forward,101,11,100,0.34550241990522906,0.40638965368270874,0.060557931502235124,0.43656384985672525,,
A044,rough_forward,101,12,100,0.3452112410954613,0.40549010038375854,0.059907877508969226,0.4052087503432345,,
A044,rough_forward,101,13,100,0.3442122407138029,0.40489959716796875,0.06194853145170977,0.41710573824116703,,
A044,rough_forward,101,14,100,0.315452215107367,0.3725348860025406,0.0577261205663018,0.391192827840063,,
A044,rough_forward,101,15,100,0.3574838777755034,0.4150700122117996,0.057280963754908924,0.3632949245313498,,
A044,rough_forward,101,16,100,0.3570953689635119,0.4165085256099701,0.060763920054716224,0.3995947351302843,,
A044,rough_forward,101,17,100,0.36500854614902944,0.4244370609521866,0.05941747981596758,0.41371227155302115,,
A044,rough_forward,101,18,100,0.3101144017860851,0.36946524679660797,0.05922624516614618,0.4431205786307263,,
A044,rough_forward,101,19,100,0.3652643125484334,0.4241146296262741,0.059139889191816196,0.4316817761619083,,
A044,rough_forward,101,20,100,0.33780690708899885,0.3970397412776947,0.059268288433870525,0.37071561001447917,,
A044,rough_forward,101,21,100,0.33341472081959567,0.3946778178215027,0.06126621062742835,0.3747751875444332,,
A044,rough_forward,101,22,100,0.3312580180678138,0.38799022138118744,0.05643333598254199,0.4391781845302495,,
A044,rough_forward,101,23,100,0.3625296158267852,0.42243465781211853,0.06000536138361151,0.4442042417455932,,
A044,rough_forward,101,24,100,0.34071232442231103,0.3967391401529312,0.05589890097551805,0.4585897711639416,,
A044,rough_forward,101,25,100,0.3209268501735626,0.3825262784957886,0.06094649003788749,0.4508664908140816,,
A044,rough_forward,101,26,100,0.32718376895004414,0.3867216259241104,0.05898147215817702,0.4097783732275423,,
A044,rough_forward,101,27,100,0.34188140920776733,0.39684490859508514,0.0543889489403383,0.42376524219323963,,
A044,rough_forward,101,28,100,0.3367124154446597,0.39866140484809875,0.06155316459941354,0.4602539474245289,,
A044,rough_forward,101,29,100,0.33009693767616455,0.38904406130313873,0.05914035837918041,0.44199955242931344,,
A044,rough_forward,101,30,100,0.3457744864219013,0.4068683981895447,0.06089791894596528,0.24641452625363533,,
A044,rough_forward,101,31,100,0.33688366564518624,0.40158572793006897,0.06472542706657858,0.46348310490882105,,
A044,rough_forward,202,0,100,0.34686900029845413,0.4039275050163269,0.05839390678201767,0.39238038542531506,,
A044,rough_forward,202,1,100,0.3431293043223294,0.4037974625825882,0.060404415436607,0.425573363785987,,
A044,rough_forward,202,2,100,0.3577201234146873,0.42070813477039337,0.06292265111749823,0.3609261462770933,,
A044,rough_forward,202,3,100,0.34816906708765794,0.40962959825992584,0.060192475344408004,0.3783678897783953,,
A044,rough_forward,202,4,100,0.3173536952326005,0.381282314658165,0.06378159548509568,0.426559098245595,,
A044,rough_forward,202,5,100,0.3035999126134709,0.36250708997249603,0.058979003824652196,0.415828539590609,,
A044,rough_forward,202,6,100,0.3476380638897738,0.40909093618392944,0.061363169216217206,0.43585073694179766,,
A044,rough_forward,202,7,100,0.34028256361816017,0.4015563577413559,0.060974717777680584,0.4019726744696863,,
A044,rough_forward,202,8,100,0.3321110634083416,0.39202268421649933,0.059798113165054734,0.45602931876720487,,
A044,rough_forward,202,9,100,0.3558013989007409,0.4164946675300598,0.0607762056238511,0.4093947903857896,,
A044,rough_forward,202,10,100,0.34384345896741286,0.4046950340270996,0.06028513474897905,0.4373970843496453,,
A044,rough_forward,202,11,100,0.3317118049624132,0.3906639516353607,0.058995359084185434,0.4206245880754275,,
A044,rough_forward,202,12,100,0.33735245402484015,0.40102578699588776,0.06318123965339864,0.4309159524683427,,
A044,rough_forward,202,13,100,0.3296285509903801,0.3904758393764496,0.05862244692715732,0.37231067098301174,,
A044,rough_forward,202,14,100,0.3309857028531518,0.38963207602500916,0.058088149616425055,0.4382685704358239,,
A044,rough_forward,202,15,100,0.316698448861984,0.37488962709903717,0.05816441806242428,0.25890340748074714,,
A044,rough_forward,202,16,100,0.3522773055150547,0.41008682548999786,0.057926881759561955,0.3979319291309341,,
A044,rough_forward,202,17,100,0.3352397368712859,0.3950093239545822,0.05979432396710238,0.4159687080769915,,
A044,rough_forward,202,18,100,0.3532006687180881,0.4083857536315918,0.05458436547753645,0.40398993150830337,,
A044,rough_forward,202,19,100,0.3692963078697735,0.42863523960113525,0.05878467355819947,0.3826862203638769,,
A044,rough_forward,202,20,100,0.333469623709745,0.3904254585504532,0.057053239587794013,0.452013806168047,,
A044,rough_forward,202,21,100,0.32427333335187986,0.38081094622612,0.05720791842210739,0.3928731707043238,,
A044,rough_forward,202,22,100,0.330652057168318,0.3882991671562195,0.05832806245528441,0.4446043667359103,,
A044,rough_forward,202,23,30,0.28368180201334114,0.3424854725599289,0.05760202050846529,0.3391420619039718,,
A044,rough_forward,202,24,100,0.35608889999236654,0.4138699173927307,0.058172786937040435,0.4160477373311315,,
A044,rough_forward,202,25,100,0.3207055919151255,0.3770819753408432,0.056284159900032896,0.46599484037252636,,
A044,rough_forward,202,26,100,0.3496940355090534,0.4088986814022064,0.058960455624177496,0.38186280716007637,,
A044,rough_forward,202,27,100,0.3042657537893816,0.3669525384902954,0.062065104112268135,0.4933700152539002,,
A044,rough_forward,202,28,100,0.31952022924461465,0.37973661720752716,0.05908599384328261,0.34494337630328753,,
A044,rough_forward,202,29,0,,,,,,
A044,rough_forward,202,30,100,0.31891385796554583,0.37966832518577576,0.06100820347587055,0.42247549823274183,,
A044,rough_forward,202,31,100,0.32895293266059245,0.3847585469484329,0.05592116187600528,0.4700001944699211,,
A044,rough_forward,303,0,100,0.35626113103991525,0.41361217200756073,0.057742888914710064,0.358539016736855,,
A044,rough_forward,303,1,100,0.32872711831235635,0.3880350887775421,0.05936607320040943,0.3974336655539676,,
A044,rough_forward,303,2,100,0.3678867672694558,0.42411091923713684,0.056319292853860295,0.09311316607818257,,
A044,rough_forward,303,3,100,0.37447118089798304,0.43252190947532654,0.058949093130183094,0.37405393075411597,,
A044,rough_forward,303,4,100,0.34314244045293263,0.40327058732509613,0.06017981238543668,0.3845351012934536,,
A044,rough_forward,303,5,100,0.31985273805850334,0.3776061683893204,0.058126424085647665,0.24397968286343166,,
A044,rough_forward,303,6,14,,,,,,
A044,rough_forward,303,7,100,0.2922640270727841,0.35162824392318726,0.05913592149867093,0.406946364060935,,
A044,rough_forward,303,8,100,0.334018860669697,0.3936976045370102,0.058991559686507766,0.36354034363877086,,
A044,rough_forward,303,9,100,0.38157421007832104,0.4397898465394974,0.0585866764904981,0.3959057853146145,,
A044,rough_forward,303,10,100,0.3431888225084958,0.4032306522130966,0.05965022734779725,0.35230054452944726,,
A044,rough_forward,303,11,100,0.3455355906869001,0.40146276354789734,0.057272360286610646,0.4600501822421835,,
A044,rough_forward,303,12,100,0.3375054314971607,0.39698076248168945,0.05860919748398072,0.4173281348621514,,
A044,rough_forward,303,13,100,0.3115402812307531,0.37069883942604065,0.05862962243391231,0.4132497097173108,,
A044,rough_forward,303,14,100,0.32357633878840486,0.3830331116914749,0.05920326518502465,0.4223953818960531,,
A044,rough_forward,303,15,100,0.35050993105944467,0.4085099697113037,0.05821953227813231,0.3894531947080075,,
A044,rough_forward,303,16,100,0.32025430467039506,0.3802327364683151,0.05970411759646819,0.41117016690005115,,
A044,rough_forward,303,17,100,0.32809446329739,0.38445067405700684,0.05650215862906553,0.41964878007764217,,
A044,rough_forward,303,18,100,0.3201767238066158,0.37465810775756836,0.05468293562292415,0.48801174696134314,,
A044,rough_forward,303,19,100,0.3203903561766772,0.3793308138847351,0.058782373520142255,0.47696291982234496,,
A044,rough_forward,303,20,100,0.31169185361122703,0.3727822005748749,0.06172973204424037,0.46033810690321086,,
A044,rough_forward,303,21,100,0.3544948293085404,0.41315746307373047,0.059198303018661746,0.39000462089890353,,
A044,rough_forward,303,22,100,0.33014607804025553,0.3903471976518631,0.060489567843350495,0.4130135425476977,,
A044,rough_forward,303,23,100,0.34042997706063927,0.40146949887275696,0.06088183397915274,0.4284221009153993,,
A044,rough_forward,303,24,100,0.35785190227197455,0.4183851033449173,0.0600811504425212,0.3559777685600275,,
A044,rough_forward,303,25,100,0.3578148792612361,0.4191044270992279,0.06128726796032911,0.44794550172754966,,
A044,rough_forward,303,26,100,0.3557746053379487,0.41420188546180725,0.05832474754455893,0.41466124224634593,,
A044,rough_forward,303,27,100,0.3329854657783865,0.39107491075992584,0.057826414465266755,0.4449334423192215,,
A044,rough_forward,303,28,100,0.3504351118509782,0.41035109758377075,0.06052657244677212,0.3330359698699979,,
A044,rough_forward,303,29,100,0.34506923390582284,0.40753765404224396,0.061882982917010464,0.34984742839437055,,
A044,rough_forward,303,30,100,0.33220491498549354,0.39032232761383057,0.0582209704394009,0.41701746872658696,,
A044,rough_forward,303,31,100,0.34954896146919634,0.40753597021102905,0.058074655379841036,0.40995106887429533,,
A044,stairs_10_down,101,0,74,0.33382408472305947,-0.32937200367450714,-0.656952730474625,0.4333631310751108,1,0.3266871832908793
A044,stairs_10_down,101,1,76,0.3314464919388613,-0.3231789469718933,-0.6580225337635387,0.3926820844387491,1,0.310881395072223
A044,stairs_10_down,101,2,100,0.3449628362681139,-0.3267078548669815,-0.6721933997251133,0.46715340339196054,0,0.32959370578036584
A044,stairs_10_down,101,3,66,0.33549400120176737,-0.318044513463974,-0.6486638421043356,0.41331081978826545,1,0.33438061631937077
A044,stairs_10_down,101,4,100,0.3615898921846706,-0.3260807543992996,-0.6826211245939693,0.4678429885125463,0,0.3454180653082496
A044,stairs_10_down,101,5,100,0.36530362356474055,-0.31836554408073425,-0.6850280710720124,0.4106945330182553,1,0.34302762628876593
A044,stairs_10_down,101,6,100,0.3803945360655453,-0.3167059123516083,-0.6997337290309967,0.44664922094142273,0,0.3461425706027026
A044,stairs_10_down,101,7,100,0.3772318134492731,-0.31741467118263245,-0.6986639308419458,0.466018458157498,1,0.3475629382911213
A044,stairs_10_down,101,8,100,0.36737872317513043,-0.3198383152484894,-0.6882359203807811,0.44991984452621825,1,0.3422729162608876
A044,stairs_10_down,101,9,100,0.3756499975760353,-0.3120822161436081,-0.6911768071791705,0.44254893167295806,1,0.34951064436830936
A044,stairs_10_down,101,10,100,0.35731126113052675,-0.33220137655735016,-0.6957223606619605,0.47922197789218457,0,0.3222637417163441
A044,stairs_10_down,101,11,61,0.30490323295567767,-0.33400920033454895,-0.6486632709197182,0.41488912689838664,1,0.2983541751609129
A044,stairs_10_down,101,12,72,0.33130204183532597,-0.3333672434091568,-0.6561502568862018,0.449772437578747,1,0.3296011439300476
A044,stairs_10_down,101,13,81,0.33132526310369925,-0.32205846905708313,-0.6513374451009984,0.4137328909752472,0,0.3256290438659688
A044,stairs_10_down,101,14,100,0.2906437018975854,-0.3302084654569626,-0.6385032633409142,0.43055611455551335,1,0.323452090993922
A044,stairs_10_down,101,15,100,0.3750921574665263,-0.3199663907289505,-0.6989307913550719,0.42156155469907275,1,0.3425775914587439
A044,stairs_10_down,101,16,100,0.3609127964884202,-0.3175777941942215,-0.6815517802926945,0.43903997890422136,0,0.3456840548604567
A044,stairs_10_down,101,17,82,0.3350833691855803,-0.3193289339542389,-0.6561503180845536,0.4094819408095594,0,0.33530312394075856
A044,stairs_10_down,101,18,76,0.3276096813500246,-0.32913506031036377,-0.6593587691771156,0.4455208988882797,1,0.323503738896732
A044,stairs_10_down,101,19,100,0.35594958672549,-0.3226720988750458,-0.6780756272096685,0.42569367121779067,1,0.33607235216201947
A044,stairs_10_down,101,20,100,0.3749055865614172,-0.31712135672569275,-0.7000002886522263,0.444032745926368,1,0.3448798940143484
A044,stairs_10_down,101,21,100,0.34236711183971263,-0.3307361751794815,-0.6689850098309031,0.45165378370537057,1,0.34231826312401714
A044,stairs_10_down,101,22,100,0.3516310783312282,-0.32688069343566895,-0.6783426305189489,0.4547298074889887,0,0.33688620641269784
A044,stairs_10_down,101,23,66,0.33019635591277463,-0.32348373532295227,-0.6516049226975058,0.42818883993778845,1,0.3209088124374655
A044,stairs_10_down,101,24,47,0.3161874905945783,-0.3331283926963806,-0.6411772233279631,0.44434548804472357,0,0.3158282906932627
A044,stairs_10_down,101,25,100,0.3655081820041738,-0.3286234140396118,-0.6989313115410627,0.4516476227173004,1,0.34004227665656395
A044,stairs_10_down,101,26,100,0.3459775247038367,-0.32827305793762207,-0.6810167792009161,0.4561876904247253,1,0.33176435809084437
A044,stairs_10_down,101,27,100,0.3292772548402695,-0.337478831410408,-0.6588243698691302,0.42714559771275773,1,0.30848894543188776
A044,stairs_10_down,101,28,67,0.33210071889474435,-0.32875192165374756,-0.6556156790830234,0.4630721805667998,0,0.3327462450068265
A044,stairs_10_down,101,29,69,0.3148973322807149,-0.3451361060142517,-0.6561507056741154,0.47118111855277606,1,0.3149322886517979
A044,stairs_10_down,101,30,100,0.37619576320291204,-0.3142535984516144,-0.6946532968531318,0.4094511297144702,0,0.3393551987760207
A044,stairs_10_down,101,31,84,0.334346354246777,-0.32344648241996765,-0.6566852987768815,0.4393619644926725,1,0.3342069256751933
A044,stairs_10_down,202,0,47,0.3100910588381762,-0.3324248790740967,-0.6438511527158359,0.4505199357861028,1,0.30785633551883185
A044,stairs_10_down,202,1,40,0.31231303329773763,-0.32925179600715637,-0.6366316545455851,0.44804429368156606,0,0.2925689741570682
A044,stairs_10_down,202,2,100,0.37683490691656735,-0.31630535423755646,-0.6997332139448686,0.43683206946029257,1,0.3484340096539992
A044,stairs_10_down,202,3,68,0.3348637456721801,-0.3189081996679306,-0.649733502597095,0.4291330295214961,0,0.3379653218914481
A044,stairs_10_down,202,4,100,0.37845935923530455,-0.3163384199142456,-0.7000006813416506,0.3944568731246792,1,0.33612711624028213
A044,stairs_10_down,202,5,62,0.33186696294476004,-0.3277501314878464,-0.6502683659925818,0.4303733910859656,1,0.3309343938521523
A044,stairs_10_down,202,6,74,0.32557259013946044,-0.33112986385822296,-0.6572199173789611,0.4346444001696589,1,0.32088268631919825
A044,stairs_10_down,202,7,54,0.3200888355626142,-0.3221197575330734,-0.6398401974356749,0.4118729514683504,1,0.31897513847300074
A044,stairs_10_down,202,8,100,0.33981194869082243,-0.33632029592990875,-0.675669012222698,0.46058089211551456,0,0.30105223518641877
A044,stairs_10_down,202,9,75,0.3287168620104458,-0.32213330268859863,-0.6513377306933071,0.4180239043048751,1,0.3409532783503201
A044,stairs_10_down,202,10,100,0.36683970618056744,-0.32015360891819,-0.6938509354616869,0.44350850956941135,0,0.3464015180414374
A044,stairs_10_down,202,11,100,0.3630081127512264,-0.324580579996109,-0.6917117827716358,0.4614136004628582,0,0.33743674742346774
A044,stairs_10_down,202,12,100,0.337325234782887,-0.3330351710319519,-0.6665781296510748,0.43739068052267727,1,0.327663848584986
A044,stairs_10_down,202,13,100,0.3646847992976081,-0.31977415084838867,-0.6909095539766199,0.4296437635763467,0,0.3394345972627242
A044,stairs_10_down,202,14,100,0.35345393642384737,-0.33075782656669617,-0.6823537744940283,0.46713316775334474,1,0.3299588693335732
A044,stairs_10_down,202,15,100,0.3490215678584767,-0.33864666521549225,-0.6965248444501091,0.4354425296727575,1,0.3293886881142376
A044,stairs_10_down,202,16,100,0.3512138367336702,-0.3184802085161209,-0.658824492265834,0.4166404159963926,0,0.3496271400528158
A044,stairs_10_down,202,17,84,0.33437966041386447,-0.3283298760652542,-0.6614981717604367,0.4524408549954446,0,0.3345606118281257
A044,stairs_10_down,202,18,100,0.3425849769364066,-0.32575878500938416,-0.6703211687465402,0.4527241202268011,1,0.34190005255255473
A044,stairs_10_down,202,19,78,0.34532162013219636,-0.3202930688858032,-0.6580220492765865,0.44191328522679035,0,0.34447687306506114
A044,stairs_10_down,202,20,100,0.3617418761399978,-0.33050990104675293,-0.6951880276521898,0.465056116835907,1,0.32385730121862444
A044,stairs_10_down,202,21,100,0.37036402539454677,-0.31818337738513947,-0.6930489361604905,0.45426685740929307,0,0.33971236271654226
A044,stairs_10_down,202,22,48,0.31692655958275107,-0.3317217528820038,-0.6385032327417384,0.41751596706346766,1,0.30690201399798067
A044,stairs_10_down,202,23,100,0.34895007248549537,-0.3331979215145111,-0.6812840936018184,0.46611236519869287,1,0.3173260317447989
A044,stairs_10_down,202,24,62,0.3277325942554576,-0.322799950838089,-0.6422465727291005,0.3824251770013282,1,0.32068495173505285
A044,stairs_10_down,202,25,77,0.3313656340945851,-0.33616161346435547,-0.6620326832654004,0.4513688344871605,1,0.3087445875221395
A044,stairs_10_down,202,26,95,0.34378152543848206,-0.31654977798461914,-0.6593590292701109,0.41895206245902983,0,0.33842685834609254
A044,stairs_10_down,202,27,100,0.35490377645760296,-0.33682389557361603,-0.6967922812477152,0.47219295148205576,0,0.33493619232891714
A044,stairs_10_down,202,28,100,0.36919195025681173,-0.32207491993904114,-0.6951878440571342,0.44118723837636087,1,0.3465524309459217
A044,stairs_10_down,202,29,77,0.3273031096407436,-0.3254128098487854,-0.6486638829032367,0.42221148092812366,1,0.3276681994053132
A044,stairs_10_down,202,30,100,0.3405654763474184,-0.3347378224134445,-0.6786104294068036,0.44245153525315273,0,0.3285104802904282
A044,stairs_10_down,202,31,100,0.3496582648333381,-0.33057741820812225,-0.6815518414910464,0.4871304065773401,1,0.32820229782140187
A044,stairs_10_down,303,0,100,0.35017314943719036,-0.31951215863227844,-0.6746001269090622,0.43651847444473246,1,0.3402619725242656
A044,stairs_10_down,303,1,100,0.3373276945103936,-0.33430008590221405,-0.6756692723156934,0.4457125761631404,0,0.33022000907576654
A044,stairs_10_down,303,2,84,0.3427264290378693,-0.3201110064983368,-0.6574875326717601,0.41424693623813336,1,0.34073536281279704
A044,stairs_10_down,303,3,100,0.37540885598901763,-0.318077027797699,-0.6935838811537798,0.4221646325153223,1,0.33818925112326514
A044,stairs_10_down,303,4,100,0.2816021503771053,-0.34163616597652435,-0.6192521436966677,0.3916907860256853,1,0.30339788641521637
A044,stairs_10_down,303,5,68,0.3391064987144368,-0.31978684663772583,-0.6540113897884593,0.43274476084935365,1,0.33772847630123404
A044,stairs_10_down,303,6,100,0.3366468842813675,-0.3211733251810074,-0.6657764261419123,0.4356138031689954,1,0.32554937747710533
A044,stairs_10_down,303,7,100,0.37717288198636817,-0.31721198558807373,-0.697059769043948,0.42341979722975,1,0.33276169169395364
A044,stairs_10_down,303,8,44,0.3101062695769703,-0.33075886964797974,-0.6355617849584569,0.409976305594368,1,
A044,stairs_10_down,303,9,100,0.35015796116966613,-0.3227090388536453,-0.6719259680273699,0.4067557540216594,1,0.3281612903039086
A044,stairs_10_down,303,10,100,0.29728204816739184,-0.3305497318506241,-0.6360967962499608,0.45543070682687004,1,0.313516514824036
A044,stairs_10_down,303,11,84,0.3372588918648939,-0.3251124620437622,-0.6585567392767432,0.4440466499460848,0,0.3353978556426451
A044,stairs_10_down,303,12,100,0.3624936468939092,-0.3201560229063034,-0.6788779019034483,0.4402087306081035,1,0.3250904545427006
A044,stairs_10_down,303,13,100,0.35413380230174346,-0.31974443793296814,-0.6705891155304118,0.4313602856779196,1,0.34865052910412064
A044,stairs_10_down,303,14,100,0.3582454375564096,-0.3262946754693985,-0.689038205274286,0.4694178524070145,1,0.32678067014816614
A044,stairs_10_down,303,15,69,0.3383327457994063,-0.31951799988746643,-0.6502676061130462,0.4225893683544366,0,0.338875984284967
A044,stairs_10_down,303,16,85,0.3158658550066107,-0.32802721858024597,-0.647059425313205,0.4167722014698657,1,0.33148232325513094
A044,stairs_10_down,303,17,100,0.37208804719269595,-0.32480914890766144,-0.6989313370403759,0.43063201578243615,0,0.33996918287506717
A044,stairs_10_down,303,18,43,0.28116541176556265,-0.35313284397125244,-0.6385031001453094,0.39571241227953946,1,0.2633578311950765
A044,stairs_10_down,303,19,100,0.33222843156778875,-0.3384755104780197,-0.6756690479217367,0.45822363521412,1,0.30939250674477237
A044,stairs_10_down,303,20,40,0.29864614747743556,-0.34748099744319916,-0.6377010498454865,0.4384645367049991,0,0.2851089068593826
A044,stairs_10_down,303,21,100,0.36785809950713805,-0.31864798069000244,-0.6922462534776983,0.45470265894384354,1,0.3413803913695289
A044,stairs_10_down,303,22,100,0.3464753113009713,-0.3218180686235428,-0.6676475351507014,0.3848940512359592,1,0.33466037597885745
A044,stairs_10_down,303,23,100,0.3581233776826909,-0.3236831724643707,-0.6863642299876493,0.45372452811161923,1,0.34599541342832185
A044,stairs_10_down,303,24,68,0.31468755038664303,-0.3343937247991562,-0.6451881582086736,0.390503183772924,0,0.3070792364564171
A044,stairs_10_down,303,25,100,0.3681976509126112,-0.32217657566070557,-0.6901076974715779,0.4077332680587243,0,0.3442223107113558
A044,stairs_10_down,303,26,92,0.341735371373554,-0.32377858459949493,-0.6620327750629282,0.43452019443790396,0,0.33896144140850415
A044,stairs_10_down,303,27,67,0.3232060415859528,-0.33138397336006165,-0.6470593029165013,0.42236812774622146,1,0.3292176841414548
A044,stairs_10_down,303,28,76,0.3479985343740586,-0.3134070336818695,-0.6580223807676591,0.42030528542237966,0,0.33219561474846004
A044,stairs_10_down,303,29,100,0.37512207875914755,-0.3169487565755844,-0.694653205055604,0.4331134609700852,1,0.33909399162001785
A044,stairs_10_down,303,30,68,0.3280070524483441,-0.33167295157909393,-0.6526745576909518,0.42200999077312173,1,0.30407336481752245
A044,stairs_10_down,303,31,86,0.33435013858392276,-0.33049383759498596,-0.6604284908682267,0.46629896237259383,0,0.3305739352409852
A044,stairs_15_down,101,0,63,0.3161954347462578,-0.68141108751297,-0.9938496166372044,0.43987468609526686,0,0.2843489490728327
A044,stairs_15_down,101,1,66,0.3252576313873026,-0.675201803445816,-1.0002667126171092,0.4045722891165934,0,
A044,stairs_15_down,101,2,100,0.3322271937355,-0.6770432591438293,-1.0094914512838273,0.47680512219438786,0,0.31278863214554
A044,stairs_15_down,101,3,58,0.3154088848414906,-0.6697439551353455,-0.9794114821734914,0.4271860093047165,0,0.3096683745715707
A044,stairs_15_down,101,4,100,0.3561694159864742,-0.6762180924415588,-1.0239301977310589,0.44899533895125887,0,0.3299906435497304
A044,stairs_15_down,101,5,100,0.3610373453341703,-0.6692991554737091,-1.027940637925092,0.4491786804422219,0,0.32023761361678016
A044,stairs_15_down,101,6,100,0.3773945705457168,-0.6686021983623505,-1.0499990534654913,0.44856819783150925,0,0.32083417610688647
A044,stairs_15_down,101,7,100,0.37582710369385497,-0.6680282652378082,-1.0479943535544654,0.464254780537702,0,0.3262866582462495
A044,stairs_15_down,101,8,100,0.36284037802946123,-0.6715285181999207,-1.0323522435152594,0.4389253341549858,0,0.3138769259427321
A044,stairs_15_down,101,9,100,0.369414629464481,-0.6618622541427612,-1.037165213396205,0.4127090087881644,0,0.3265253181126029
A044,stairs_15_down,101,10,100,0.3541648136103217,-0.6834693551063538,-1.0435819880847625,0.461818716981829,0,0.3040459669210056
A044,stairs_15_down,101,11,53,0.29682978270525606,-0.6787670850753784,-0.9754006492900339,0.4189641509740351,0,0.2756360829832719
A044,stairs_15_down,101,12,62,0.3179758401478038,-0.679133951663971,-0.9942507565340256,0.4705994249444017,0,0.30473399576656324
A044,stairs_15_down,101,13,70,0.3093485887994103,-0.6746969223022461,-0.9850261351641487,0.4499004970558821,0,0.2890446071318764
A044,stairs_15_down,101,14,59,0.3238446871864604,-0.6718164086341858,-0.9914429200524315,0.3930319095530516,0,
A044,stairs_15_down,101,15,100,0.3752975551521076,-0.6718847155570984,-1.0475927699695933,0.4290811887443955,0,0.32540807080141365
A044,stairs_15_down,101,16,100,0.35500664347633315,-0.6683539748191833,-1.0251330819359437,0.42611825410308757,0,0.31907878999404093
A044,stairs_15_down,101,17,71,0.3179006375730994,-0.6748791933059692,-0.9882345556575347,0.42173377485404484,0,0.3102102502782077
A044,stairs_15_down,101,18,70,0.3170199508972984,-0.6788440048694611,-0.9938498257315732,0.4093005582429532,0,0.3060777655897293
A044,stairs_15_down,101,19,100,0.3463343401006199,-0.6762533187866211,-1.0183149735557842,0.42532752932815954,0,0.3140109044345305
A044,stairs_15_down,101,20,100,0.3711351084517923,-0.6683765947818756,-1.0499987015749683,0.4387999686345802,0,0.32225008571849145
A044,stairs_15_down,101,21,95,0.33269940244960283,-0.6810086965560913,-1.0074857415999958,0.4432610227188508,0,0.31875986880797114
A044,stairs_15_down,101,22,100,0.3403697029792052,-0.6769637763500214,-1.0183148511590805,0.449845565477047,0,0.31514961164902877
A044,stairs_15_down,101,23,59,0.30680378618087356,-0.6828961372375488,-0.985828328260126,0.43773920828558127,0,0.27878378132447834
A044,stairs_15_down,101,24,41,0.28423017486531466,-0.6874551177024841,-0.9729941770992178,0.45139713050294616,0,0.26949646224312607
A044,stairs_15_down,101,25,100,0.3628115108943878,-0.680636078119278,-1.0483950854622743,0.44165176264234407,0,0.30322960035048707
A044,stairs_15_down,101,26,100,0.3389052759836064,-0.6765437126159668,-1.0215236694417535,0.4504031289094409,0,0.31525181034669514
A044,stairs_15_down,101,27,75,0.33229057705976106,-0.6778451800346375,-1.0042776933965836,0.41212345099348247,0,
A044,stairs_15_down,101,28,60,0.3043862928681195,-0.6853955090045929,-0.991042198344348,0.4679256666120387,0,0.30054334045093967
A044,stairs_15_down,101,29,61,0.29806099696592847,-0.69856858253479,-0.9898389418494893,0.4651750319623954,0,0.28241100508898975
A044,stairs_15_down,101,30,100,0.3733408490922999,-0.6646106541156769,-1.0419781526779746,0.4076291967675238,0,0.31796969608827075
A044,stairs_15_down,101,31,73,0.33200564390835274,-0.6757743954658508,-0.9962567926090669,0.4236874689762293,0,0.3092545940276773
A044,stairs_15_down,202,0,41,0.29514186936903763,-0.6837344765663147,-0.9729947788830109,0.4038211935340522,0,
A044,stairs_15_down,202,1,35,0.28127002811686874,-0.6830351948738098,-0.9617643917308134,0.4489294406841695,0,
A044,stairs_15_down,202,2,100,0.37341875586917694,-0.6697444319725037,-1.049999175862195,0.40486738103644915,0,0.33355021922983585
A044,stairs_15_down,202,3,60,0.31951629796767617,-0.6707631647586823,-0.9842241970613042,0.4287129063548627,0,0.30687964823156755
A044,stairs_15_down,202,4,100,0.38051757630817384,-0.6633454859256744,-1.049598270559056,0.43934126883551844,0,0.32822567893859533
A044,stairs_15_down,202,5,57,0.3077230093313411,-0.6789476871490479,-0.9826199638652292,0.44782283898480774,0,0.29718475832658653
A044,stairs_15_down,202,6,68,0.30838426007306513,-0.6844220459461212,-0.9902401276450743,0.4572782891506363,0,0.29187052390154666
A044,stairs_15_down,202,7,47,0.29439372174880085,-0.6723681092262268,-0.9705876743092257,0.3846354689488231,0,0.2797311496607122
A044,stairs_15_down,202,8,94,0.3300428792117114,-0.6883736848831177,-1.0175126631629658,0.46847365477014535,0,0.284339506039645
A044,stairs_15_down,202,9,66,0.32448144615652724,-0.6785807609558105,-0.9874323676614201,0.42172338148405597,0,0.29283278925533596
A044,stairs_15_down,202,10,100,0.3624540280530797,-0.6714310348033905,-1.040774559592181,0.43362508206974615,0,0.3207891156329191
A044,stairs_15_down,202,11,100,0.3547141437224526,-0.6736364662647247,-1.0355606895079588,0.44309930857364493,0,0.31909086168768575
A044,stairs_15_down,202,12,83,0.3318265510752877,-0.6800566911697388,-1.0098926829781762,0.4532275717952209,0,0.3081499376398994
A044,stairs_15_down,202,13,100,0.35751152293567356,-0.6736252009868622,-1.036362897903524,0.4387232695075771,0,0.3260015810237211
A044,stairs_15_down,202,14,100,0.34621382652119526,-0.6816417276859283,-1.0235284713500326,0.4671989876456323,0,0.30883566580991695
A044,stairs_15_down,202,15,100,0.3447569691561122,-0.6844542920589447,-1.0459885826722823,0.45814985773641376,0,0.3165900162197052
A044,stairs_15_down,202,16,91,0.34092743447757656,-0.6664654612541199,-1.0058817123984272,0.426960494798901,0,0.33171514585056405
A044,stairs_15_down,202,17,73,0.3246600886079716,-0.6787083745002747,-1.001871404800823,0.4514052985295869,0,0.30973946378830286
A044,stairs_15_down,202,18,95,0.3265502248855836,-0.6789249181747437,-1.0106944833847291,0.46520461840020094,0,0.31934607793940584
A044,stairs_15_down,202,19,71,0.33031108640731977,-0.671173632144928,-0.9922450570499196,0.44633807127218117,0,0.31395787574390677
A044,stairs_15_down,202,20,100,0.3612458742557363,-0.6770429611206055,-1.042378920284822,0.471278911213875,0,0.31283724435510485
A044,stairs_15_down,202,21,100,0.3604941068486097,-0.6690493524074554,-1.03997241749483,0.45045350904044634,0,0.3272937612737564
A044,stairs_15_down,202,22,42,0.27672343378398506,-0.6888674795627594,-0.9689834615126013,0.4401464773711365,0,0.27042811822126256
A044,stairs_15_down,202,23,100,0.3510128752114301,-0.6866515278816223,-1.0203204945446973,0.44352577443462693,0,0.28365691619760847
A044,stairs_15_down,202,24,52,0.2957851198267809,-0.6773408055305481,-0.9745983388972155,0.39456855224095044,0,0.2706351363085171
A044,stairs_15_down,202,25,67,0.3247730467408736,-0.6869974732398987,-0.9994651570039637,0.4457456978124222,0,
A044,stairs_15_down,202,26,89,0.3296996807669573,-0.6670414209365845,-0.9922455772359103,0.3974256874860687,0,0.3108286988288961
A044,stairs_15_down,202,27,100,0.3573156668540628,-0.6816489696502686,-1.0459885163740679,0.45620115529808125,0,0.3024557016112588
A044,stairs_15_down,202,28,100,0.3663023418602459,-0.6709968447685242,-1.042779932685077,0.4426295915410634,0,0.33086263719089526
A044,stairs_15_down,202,29,67,0.3030503293409704,-0.6770042181015015,-0.9850261708631872,0.414525154596821,0,0.29795223251383574
A044,stairs_15_down,202,30,100,0.33275021142500605,-0.6885771453380585,-1.0179138948573148,0.4258810676200913,0,0.30794290744047115
A044,stairs_15_down,202,31,100,0.33693076311585746,-0.683641791343689,-1.022726502648012,0.4464753687950061,0,0.3003663274056134
A044,stairs_15_down,303,0,89,0.35071618448604247,-0.6677551865577698,-1.0114967427789208,0.45027846591508014,0,0.3346852201191499
A044,stairs_15_down,303,1,93,0.3369789537898997,-0.6812259554862976,-1.0122989511744862,0.4566578263773518,0,0.3063706121342705
A044,stairs_15_down,303,2,77,0.3241108181004856,-0.6719173789024353,-0.9930482854180157,0.42291482127214985,0,0.31991401808784603
A044,stairs_15_down,303,3,100,0.3732229786760667,-0.667450338602066,-1.0403735522917885,0.4234319539059812,0,0.3134586779191533
A044,stairs_15_down,303,4,45,0.29633699158296223,-0.6765896677970886,-0.976202888284775,0.39702132082851765,0,
A044,stairs_15_down,303,5,61,0.32329560888004805,-0.669404149055481,-0.9890367946522759,0.4463718697609716,0,0.3106536549680373
A044,stairs_15_down,303,6,99,0.31738807428329385,-0.6769541501998901,-0.9986630200064756,0.4080602762983173,0,0.3021509857738719
A044,stairs_15_down,303,7,100,0.3714091632774169,-0.6712336540222168,-1.0467908216670234,0.427039842864942,0,0.32238070308205913
A044,stairs_15_down,303,8,35,0.2833885697120013,-0.6858853697776794,-0.9649728683226886,0.4461828193310916,0,
A044,stairs_15_down,303,9,98,0.34362690844000343,-0.6720261573791504,-1.0098921576923228,0.40450868369531284,0,0.3148610008591637
A044,stairs_15_down,303,10,57,0.3165075437907867,-0.6794801950454712,-0.9874328164493337,0.43036748900034866,0,0.27540576107361736
A044,stairs_15_down,303,11,76,0.3199706649716525,-0.675461083650589,-0.9966572083253911,0.434528509920428,0,0.3038725814717339
A044,stairs_15_down,303,12,100,0.3498938322704743,-0.6687786281108856,-1.0187159808561763,0.4337430471132227,0,0.3180414011134184
A044,stairs_15_down,303,13,95,0.34337272427298804,-0.6683393716812134,-1.0058817123984272,0.4355188493912918,0,0.32905439514527346
A044,stairs_15_down,303,14,100,0.3480976042263011,-0.6828081607818604,-1.0323521568175944,0.4638846382072029,0,0.3105344699028342
A044,stairs_15_down,303,15,65,0.31947913399354655,-0.6688525080680847,-0.9834219478668376,0.4058289949672289,0,0.3036711894892117
A044,stairs_15_down,303,16,65,0.31632306422779266,-0.6771191954612732,-0.9866303428609103,0.4427931737734333,0,0.30895458950715904
A044,stairs_15_down,303,17,100,0.3654944009003155,-0.6784069240093231,-1.048795878568435,0.42127282222902007,0,0.3164679624817588
A044,stairs_15_down,303,18,35,0.2748884450305592,-0.6867796778678894,-0.9617644733286159,0.4037996359630456,0,
A044,stairs_15_down,303,19,94,0.3418806977769271,-0.6781130135059357,-1.0131010830721117,0.4761217821359536,0,0.31006380294096014
A044,stairs_15_down,303,20,35,0.2764520304088287,-0.695930540561676,-0.9649726643281824,0.4626762013194872,0,
A044,stairs_15_down,303,21,100,0.3634549793712596,-0.6688830852508545,-1.0387689978043664,0.4543186459421077,0,0.32149031646748916
A044,stairs_15_down,303,22,93,0.32922050595920993,-0.6727824807167053,-1.0034753320051386,0.4069737407246589,0,0.30102612086158387
A044,stairs_15_down,303,23,100,0.35158827486522704,-0.675158679485321,-1.0291439454185771,0.4443797677058785,0,0.3245502356539436
A044,stairs_15_down,303,24,52,0.296662362501583,-0.6808145642280579,-0.9705879140027704,0.4341923078070734,0,0.2823272876561007
A044,stairs_15_down,303,25,100,0.36313005437187973,-0.6711647808551788,-1.0351599932991884,0.408000981032419,0,0.3240587418092127
A044,stairs_15_down,303,26,86,0.32420491837562726,-0.6786743700504303,-0.9986626222171886,0.4604143267503706,0,0.3104627059105246
A044,stairs_15_down,303,27,52,0.2977730999974643,-0.6799777746200562,-0.9737967934837953,0.4597816870579723,0,0.30990188580783296
A044,stairs_15_down,303,28,70,0.32974776514073745,-0.6658320724964142,-0.996256022529806,0.4241650264756363,0,0.31525633392486985
A044,stairs_15_down,303,29,100,0.37354304414381956,-0.6662556529045105,-1.0419778007874514,0.426491526682964,0,0.31931660583312493
A044,stairs_15_down,303,30,58,0.3012318164907037,-0.6826552152633667,-0.9882348208503927,0.4443451174593146,0,0.25674781633570865
A044,stairs_15_down,303,31,75,0.3248282272547962,-0.680482804775238,-0.9978603526232714,0.4471742802381771,0,0.3037661626377207
A047,rough_lateral,101,0,100,0.3475924166128597,0.40451401472091675,0.057024506961598116,0.07810010293646102,,
A047,rough_lateral,101,1,100,0.3867125964579098,0.44521190226078033,0.05844502270540451,0.04774971314476456,,
A047,rough_lateral,101,2,100,0.32462827877246125,0.38366223871707916,0.05917875014524409,0.11273886048765908,,
A047,rough_lateral,101,3,100,0.3781944367496725,0.43598006665706635,0.05787288441377528,0.060546203818064644,,
A047,rough_lateral,101,4,100,0.37225566979716807,0.42980386316776276,0.057964381049661076,0.07811320056229101,,
A047,rough_lateral,101,5,100,0.37330205220589663,0.431631475687027,0.058691886657062056,0.05006099952837201,,
A047,rough_lateral,101,6,100,0.3703758217752936,0.4275500178337097,0.05701102802460206,0.03638039699606589,,
A047,rough_lateral,101,7,79,0.36781891861701393,0.4270612895488739,0.059239504809048084,0.1620944831462502,,
A047,rough_lateral,101,8,100,0.3748403397951534,0.4330730587244034,0.0582825002823284,0.1222065885703401,,
A047,rough_lateral,101,9,18,,,,,,
A047,rough_lateral,101,10,5,,,,,,
A047,rough_lateral,101,11,100,0.36483906097909347,0.42399056255817413,0.059392903577835165,0.08033934395803623,,
A047,rough_lateral,101,12,100,0.3799776693875777,0.43948765099048615,0.05937128016017975,0.2342358268876616,,
A047,rough_lateral,101,13,100,0.3557845053666416,0.4150673896074295,0.0593048391495159,0.23332289029682463,,
A047,rough_lateral,101,14,90,0.3640471425923434,0.4235085994005203,0.05915792230616279,0.18599777685421376,,
A047,rough_lateral,101,15,100,0.3778740967658752,0.4380337595939636,0.06019344941817503,0.12982748092527543,,
A047,rough_lateral,101,16,100,0.37184649076372545,0.42927299439907074,0.056816417265703335,0.13956526861312968,,
A047,rough_lateral,101,17,100,0.38343565181933625,0.4404332935810089,0.05674287214636165,0.22809597417904087,,
A047,rough_lateral,101,18,31,0.3117664261935229,0.3688777685165405,0.05746243726760946,0.24672008114573246,,
A047,rough_lateral,101,19,100,0.3596849338734214,0.41813115775585175,0.05835286818723628,0.029271585453943576,,
A047,rough_lateral,101,20,100,0.38068691374146363,0.43999046087265015,0.05931963385107683,0.08535720973922292,,
A047,rough_lateral,101,21,100,0.34481760198101,0.40342743694782257,0.058356769582167026,0.11197560732622158,,
A047,rough_lateral,101,22,100,0.27603640387402495,0.33400312066078186,0.05768916696150672,0.1263825916067412,,
A047,rough_lateral,101,23,89,0.3835806419505155,0.4429759383201599,0.059586009877250795,0.184011977170662,,
A047,rough_lateral,101,24,100,0.38447659721667754,0.4439776688814163,0.05930685869512711,0.10530088061026883,,
A047,rough_lateral,101,25,100,0.36852775498188756,0.428254634141922,0.06116783427682153,0.20582009994498157,,
A047,rough_lateral,101,26,17,,,,,,
A047,rough_lateral,101,27,40,0.35437237523137566,0.4133491963148117,0.058887604086156835,0.23423756266017437,,
A047,rough_lateral,101,28,30,0.3049237744055967,0.36572808027267456,0.06057207852123893,0.13311015381103486,,
A047,rough_lateral,101,29,100,0.3540220483739108,0.4121517539024353,0.05775743882286358,0.1224719821530032,,
A047,rough_lateral,101,30,100,0.3769422305777749,0.44071802496910095,0.06383009517894071,0.09418101403365764,,
A047,rough_lateral,101,31,100,0.3667917367927531,0.4285357892513275,0.0621495986367292,0.157521335896991,,
A047,rough_lateral,202,0,100,0.35987388856589475,0.4214743375778198,0.062051186587083786,0.24013858275725225,,
A047,rough_lateral,202,1,100,0.3641345163876998,0.4248540997505188,0.0606189360593092,0.15874778941284018,,
A047,rough_lateral,202,2,100,0.3644868451803126,0.425629124045372,0.061232107845857184,0.20065608085293823,,
A047,rough_lateral,202,3,100,0.3429771931891773,0.40553833544254303,0.06273167146080955,0.12015737640938787,,
A047,rough_lateral,202,4,100,0.3834250485673945,0.4448896795511246,0.061509514874953,0.07591335466780098,,
A047,rough_lateral,202,5,100,0.3816701867044928,0.44146811962127686,0.05965383295069404,0.10097197036868771,,
A047,rough_lateral,202,6,100,0.344949458451832,0.4088532477617264,0.06379651258336032,0.07061718630075425,,
A047,rough_lateral,202,7,100,0.37625826480873126,0.4380272775888443,0.06142660130791486,0.18849875665614746,,
A047,rough_lateral,202,8,100,0.37760733004241065,0.4367249310016632,0.059231630621109414,0.15950439927265686,,
A047,rough_lateral,202,9,100,0.3188766829948374,0.38001085817813873,0.06091139278309868,0.17717427921603035,,
A047,rough_lateral,202,10,78,0.3642487454223123,0.4236009418964386,0.05949641549013515,0.09411417629220378,,
A047,rough_lateral,202,11,100,0.38913540956489545,0.4480212330818176,0.05859362760329629,0.12794843109390236,,
A047,rough_lateral,202,12,100,0.3235395180190948,0.38328100740909576,0.06016908227441145,0.11882450841096662,,
A047,rough_lateral,202,13,100,0.312425384626669,0.37388817965984344,0.06195594665200953,0.13143045362630584,,
A047,rough_lateral,202,14,100,0.3754590011854223,0.4353805035352707,0.06017516641055837,0.18833107320025477,,
A047,rough_lateral,202,15,100,0.33456789881469096,0.3946698158979416,0.06027158441390583,0.06402428491574186,,
A047,rough_lateral,202,16,100,0.3860211734943849,0.44620679318904877,0.05964408711316114,0.26000383321421905,,
A047,rough_lateral,202,17,100,0.32981683513059973,0.3867865204811096,0.05682152222822057,0.03238158763471426,,
A047,rough_lateral,202,18,100,0.36301956106634703,0.4192952513694763,0.05655429962484594,0.1595330968283445,,
A047,rough_lateral,202,19,100,0.38087071765234126,0.4405139684677124,0.059608194279798216,0.10160272243654236,,
A047,rough_lateral,202,20,100,0.33402185954830865,0.39142076671123505,0.057503460562802894,0.11613854802070794,,
A047,rough_lateral,202,21,100,0.3825554232546352,0.44132100045681,0.059078792837214344,0.12279327065140747,,
A047,rough_lateral,202,22,33,0.35333375816039225,0.40864241123199463,0.054972755717721214,0.1637767462542674,,
A047,rough_lateral,202,23,100,0.3681997738101266,0.4264812469482422,0.05903507171467664,0.16668974568732908,,
A047,rough_lateral,202,24,100,0.38720414114189655,0.4446112960577011,0.05644757479907357,0.1350471050029036,,
A047,rough_lateral,202,25,2,,,,,,
A047,rough_lateral,202,26,100,0.37544082145002433,0.4349823296070099,0.059307644073975915,0.06303875040515694,,
A047,rough_lateral,202,27,0,,,,,,
A047,rough_lateral,202,28,100,0.3746839326651976,0.4347769021987915,0.06000005752645074,0.05682216151263726,,
A047,rough_lateral,202,29,23,,,,,,
A047,rough_lateral,202,30,100,0.29560991794986524,0.358580082654953,0.06271662686597855,0.17350535014119725,,
A047,rough_lateral,202,31,100,0.35181706107873967,0.41043828427791595,0.059097769426152025,0.1332095759833769,,
A047,rough_lateral,303,0,100,0.369551410091752,0.42790205776691437,0.058305128372926764,0.13521380160495394,,
A047,rough_lateral,303,1,100,0.3260762199839169,0.38464081287384033,0.05866548976796196,0.18453035926078265,,
A047,rough_lateral,303,2,100,0.38128888176724235,0.4390473812818527,0.057875572041394235,0.0811000941231173,,
A047,rough_lateral,303,3,17,,,,,,
A047,rough_lateral,303,4,100,0.3935355779162065,0.45186467468738556,0.058401959465149256,0.21279163380928218,,
A047,rough_lateral,303,5,100,0.3647983996147778,0.4228944629430771,0.058529501930277616,0.05642241194519765,,
A047,rough_lateral,303,6,100,0.36633954033813376,0.4245939403772354,0.058557464477212676,0.1158522321897708,,
A047,rough_lateral,303,7,100,0.3656841310109684,0.42527705430984497,0.05979985221821994,0.22072014410303292,,
A047,rough_lateral,303,8,11,,,,,,
A047,rough_lateral,303,9,100,0.3833517753344806,0.4409690350294113,0.057700549854951745,0.06511578084425981,,
A047,rough_lateral,303,10,100,0.381350254072225,0.43739262223243713,0.05641516007204107,0.04856989401191726,,
A047,rough_lateral,303,11,100,0.3834785798335458,0.44317829608917236,0.05933107284301105,0.14813287746387968,,
A047,rough_lateral,303,12,100,0.355059376374923,0.4119420051574707,0.056905787258862174,0.1125139795935951,,
A047,rough_lateral,303,13,100,0.37821273282568724,0.4340251237154007,0.056099983460125444,0.15319812452963244,,
A047,rough_lateral,303,14,100,0.34254147877348934,0.39983393251895905,0.05736685054187469,0.12054958846077343,,
A047,rough_lateral,303,15,100,0.3752930944456774,0.43076032400131226,0.05576196456337995,0.16519455325679197,,
A047,rough_lateral,303,16,100,0.3549101358269625,0.412973016500473,0.057658904376514455,0.18393586929604763,,
A047,rough_lateral,303,17,100,0.332051144006418,0.3892196863889694,0.05717625847474776,0.11368010659974498,,
A047,rough_lateral,303,18,2,,,,,,
A047,rough_lateral,303,19,23,,,,,,
A047,rough_lateral,303,20,100,0.3491195213985953,0.4095027893781662,0.06080881924552714,0.12553371887359346,,
A047,rough_lateral,303,21,19,,,,,,
A047,rough_lateral,303,22,100,0.381331766352934,0.43940719962120056,0.05808758353167039,0.05850500689027369,,
A047,rough_lateral,303,23,100,0.36585768260420326,0.42373743653297424,0.05798798321402647,0.12140563610606692,,
A047,rough_lateral,303,24,18,,,,,,
A047,rough_lateral,303,25,29,0.3372590930704127,0.3998323678970337,0.06205767871224307,0.20441844472505646,,
A047,rough_lateral,303,26,100,0.32572091135749204,0.3875495195388794,0.06175977533513849,0.18057927996579548,,
A047,rough_lateral,303,27,100,0.3566959662870927,0.4173002541065216,0.06045815268939829,0.13637279817107167,,
A047,rough_lateral,303,28,11,,,,,,
A047,rough_lateral,303,29,100,0.37750120835508255,0.43927398324012756,0.06173256756787632,0.025172574929803244,,
A047,rough_lateral,303,30,77,0.3842994373112439,0.44428080320358276,0.06030504971264518,0.2734624458064196,,
A047,rough_lateral,303,31,100,0.3768123411399158,0.4372412860393524,0.06038723399932372,0.20820241799079095,,
A047,rough_forward,101,0,100,0.31149798432454706,0.3693959712982178,0.05692098994943547,0.1550287883798579,,
A047,rough_forward,101,1,100,0.3659406864547474,0.4245593696832657,0.05906926119391294,0.1771309088079968,,
A047,rough_forward,101,2,100,0.36949797795418116,0.4269052892923355,0.0570677588967716,0.38592574638578064,,
A047,rough_forward,101,3,100,0.38050482577499856,0.4413125216960907,0.06054549803708327,0.31042452212434046,,
A047,rough_forward,101,4,100,0.3609756517378404,0.41900378465652466,0.05774099686566521,0.14633091383260705,,
A047,rough_forward,101,5,100,0.3345524706942512,0.3937005400657654,0.05875617552568568,0.3349279240973495,,
A047,rough_forward,101,6,100,0.35199015583584015,0.4102867990732193,0.058959394852745345,0.2777922727384172,,
A047,rough_forward,101,7,100,0.34350422120349294,0.39993177354335785,0.05696645012513839,0.18923809935311026,,
A047,rough_forward,101,8,100,0.3632370200067918,0.4207413047552109,0.05767406116832387,0.393777952349908,,
A047,rough_forward,101,9,100,0.3392895136606247,0.39738497138023376,0.05799594409963026,0.3865880586712567,,
A047,rough_forward,101,10,100,0.3309183773350588,0.38994182646274567,0.058902159094173,0.09332894643228422,,
A047,rough_forward,101,11,100,0.34765144449504304,0.4074956327676773,0.060743398207394196,0.3124803833319654,,
A047,rough_forward,101,12,100,0.33990416432765713,0.3997609168291092,0.060108730499757165,0.40734581384225577,,
A047,rough_forward,101,13,100,0.3669264578723652,0.4289011210203171,0.061940448169402265,0.3222411759369839,,
A047,rough_forward,101,14,100,0.36592851547315164,0.4242120385169983,0.058400817095914624,0.26558931076158676,,
A047,rough_forward,101,15,100,0.3670671207700821,0.4244591146707535,0.05752103978937323,0.27385159868190234,,
A047,rough_forward,101,16,100,0.3755548276843872,0.43329375982284546,0.058241354590431255,0.05931352109831085,,
A047,rough_forward,101,17,100,0.36159495507332096,0.4213656634092331,0.05955730785023082,0.1665892610561716,,
A047,rough_forward,101,18,100,0.32460363392523905,0.3840703070163727,0.059557532244187625,0.3507907396621228,,
A047,rough_forward,101,19,100,0.3632561422605566,0.42278847098350525,0.059357617628128134,0.20047515718724096,,
A047,rough_forward,101,20,100,0.35087453522146705,0.41021913290023804,0.0587594292380593,0.3169621479236097,,
A047,rough_forward,101,21,100,0.36091851980928435,0.4207778424024582,0.06040562410405613,0.207524116735791,,
A047,rough_forward,101,22,100,0.35129551191062214,0.40794582664966583,0.05638122048607484,0.4596149140243845,,
A047,rough_forward,101,23,100,0.37161628925864076,0.43143430352211,0.060155572738239474,0.3977178482942124,,
A047,rough_forward,101,24,100,0.3592586126078896,0.4175517410039902,0.05691214678759243,0.31231958844886415,,
A047,rough_forward,101,25,100,0.344809640378238,0.40633098781108856,0.06184870164024639,0.3499841976755198,,
A047,rough_forward,101,26,100,0.3650718668406022,0.4252239614725113,0.05908484637418533,0.28520998513241635,,
A047,rough_forward,101,27,100,0.35181789052358925,0.4074239879846573,0.05558551441539417,0.28815185322288134,,
A047,rough_forward,101,28,100,0.34701148034098317,0.4101589471101761,0.0631094641863981,0.31259072782376596,,
A047,rough_forward,101,29,100,0.34478204932442325,0.4045082628726959,0.05996330281629919,0.435253499603507,,
A047,rough_forward,101,30,100,0.3598683572867337,0.42058636248111725,0.06076295618067451,0.029428608894478,,
A047,rough_forward,101,31,100,0.3489761311102678,0.41406360268592834,0.06493577090176669,0.3568179815716236,,
A047,rough_forward,202,0,100,0.37404235958415555,0.4333028197288513,0.05848359806652375,0.37337895115933395,,
A047,rough_forward,202,1,100,0.3499378306183586,0.4100538641214371,0.05975982849610681,0.3555399731011989,,
A047,rough_forward,202,2,100,0.3597085873551547,0.4235319048166275,0.06375536689146317,0.26975157147188145,,
A047,rough_forward,202,3,100,0.36015603241117244,0.41963620483875275,0.05988543301342643,0.35871556630425705,,
A047,rough_forward,202,4,100,0.3682928875009006,0.4320528954267502,0.06388410782431536,0.22819970798173536,,
A047,rough_forward,202,5,100,0.34935705714366017,0.40992914140224457,0.05941656694055241,0.37822927254338434,,
A047,rough_forward,202,6,100,0.3437365754881007,0.40540148317813873,0.061879662906422335,0.1203283803264952,,
A047,rough_forward,202,7,100,0.36301941189536435,0.42485229671001434,0.062134503043271644,0.20565906722247054,,
A047,rough_forward,202,8,100,0.3533824365088009,0.41293615102767944,0.05977773921374968,0.3076823162888372,,
A047,rough_forward,202,9,100,0.37527787119628275,0.43682466447353363,0.061041643275296625,0.13095268892840528,,
A047,rough_forward,202,10,100,0.363681720141421,0.4251328259706497,0.061982731130671376,0.15666336276829,,
A047,rough_forward,202,11,100,0.3551541272012945,0.4142317920923233,0.05873857589966473,0.4312644747492745,,
A047,rough_forward,202,12,100,0.35503923199712273,0.41756731271743774,0.06241639285164083,0.3753199554808078,,
A047,rough_forward,202,13,100,0.36358110805883764,0.42256148159503937,0.05890259768236129,0.049181013873901766,,
A047,rough_forward,202,14,100,0.3681377145377073,0.42737412452697754,0.059566564100948884,0.19583726581853395,,
A047,rough_forward,202,15,100,0.3185295279332023,0.37881049513816833,0.05994874270842037,0.18011348264559032,,
A047,rough_forward,202,16,100,0.3628748783612634,0.4202778935432434,0.057923352654604986,0.14070052448113252,,
A047,rough_forward,202,17,100,0.34820081293582916,0.4084865152835846,0.059923370891713845,0.3684721847127067,,
A047,rough_forward,202,18,100,0.31481683294084617,0.37161384522914886,0.056291753595525566,0.18553473233814893,,
A047,rough_forward,202,19,100,0.3787262678783845,0.4359746724367142,0.057363974219337505,0.1433882322633004,,
A047,rough_forward,202,20,100,0.3701515687818833,0.4288835823535919,0.05869810848950065,0.06974425200892831,,
A047,rough_forward,202,21,100,0.37306382343730826,0.43010038137435913,0.05750566880333233,0.3183312817007704,,
A047,rough_forward,202,22,100,0.3540535420179367,0.41125041246414185,0.056239750296036825,0.35836650267417497,,
A047,rough_forward,202,23,100,0.24386635940661405,0.30025501549243927,0.056339692304478606,0.08427133044613606,,
A047,rough_forward,202,24,100,0.3679143157712916,0.42530128359794617,0.05769411382828167,0.06820298534202682,,
A047,rough_forward,202,25,100,0.3523627602480312,0.40837955474853516,0.055796694628057635,0.3823217271858329,,
A047,rough_forward,202,26,100,0.37416185566129534,0.4337881952524185,0.05897372036694205,0.31708791527312735,,
A047,rough_forward,202,27,100,0.2757404008332421,0.33628037571907043,0.06043596828685087,0.31183032623035367,,
A047,rough_forward,202,28,100,0.3407900088770504,0.39870211482048035,0.05824425641228171,0.10785653006688684,,
A047,rough_forward,202,29,100,0.3456920594933199,0.4048014432191849,0.059350865409973474,0.1361352069672923,,
A047,rough_forward,202,30,100,0.316718013289778,0.37722574174404144,0.06063416934905843,0.4148935889137133,,
A047,rough_forward,202,31,100,0.3533299348571084,0.40911765396595,0.05559749399276978,0.3693841503080522,,
A047,rough_forward,303,0,100,0.3680418204655622,0.42630308866500854,0.05819297729328991,0.03905876562775955,,
A047,rough_forward,303,1,100,0.35348823244240196,0.41362641751766205,0.059618638798514784,0.3663969036079865,,
A047,rough_forward,303,2,100,0.3565597711081173,0.4137132167816162,0.05724963019875919,0.11408380300130977,,
A047,rough_forward,303,3,100,0.36454573911141586,0.42386594414711,0.05918373271105761,0.40564223869479965,,
A047,rough_forward,303,4,100,0.3657107502222061,0.42537344992160797,0.060247798654484874,0.37555135009746554,,
A047,rough_forward,303,5,100,0.3628000703884319,0.4217708259820938,0.0583132983528994,0.07447667865475477,,
A047,rough_forward,303,6,100,0.36002459683839017,0.42101509869098663,0.060602152411312976,0.3690444887321693,,
A047,rough_forward,303,7,100,0.3351222182658904,0.39423923194408417,0.058617168569309826,0.36220714350647226,,
A047,rough_forward,303,8,100,0.33275328273760446,0.39207597076892853,0.059134172245780416,0.20788103150871404,,
A047,rough_forward,303,9,100,0.3759707830806467,0.43392835557460785,0.05814960806127538,0.3208341948828834,,
A047,rough_forward,303,10,100,0.3689134685113468,0.4274119734764099,0.05855453715604894,0.16444045625494258,,
A047,rough_forward,303,11,100,0.2562336753555797,0.3138774484395981,0.05785984916483017,0.23992667588305833,,
A047,rough_forward,303,12,100,0.37061441526374717,0.42788271605968475,0.057258656955657794,0.03207143470976234,,
A047,rough_forward,303,13,100,0.3457969564964427,0.40389108657836914,0.057409077404654604,0.14808079731095147,,
A047,rough_forward,303,14,100,0.35434517718572667,0.4126979559659958,0.058853516604173636,0.3593604649744236,,
A047,rough_forward,303,15,100,0.35102157565680414,0.40832264721393585,0.05711680427592068,0.19643269122848378,,
A047,rough_forward,303,16,100,0.2928698039787976,0.3530665785074234,0.05995485744374321,0.3092122703342511,,
A047,rough_forward,303,17,100,0.3480987128886309,0.4060836434364319,0.056927400476792275,0.411661971639395,,
A047,rough_forward,303,18,100,0.34827350844992677,0.40386663377285004,0.055466325525294013,0.38476333468030066,,
A047,rough_forward,303,19,100,0.2978597035541891,0.3565673530101776,0.05914029208096591,0.35486644989310656,,
A047,rough_forward,303,20,100,0.35624178885457347,0.41866177320480347,0.06238445751169786,0.3581650339466683,,
A047,rough_forward,303,21,100,0.36663008923517826,0.42561526596546173,0.05938878288881026,0.33817618070728084,,
A047,rough_forward,303,22,100,0.3646725935731979,0.42382657527923584,0.05916820872913707,0.06855964984728755,,
A047,rough_forward,303,23,100,0.3568919783926265,0.4147208333015442,0.0586475433512805,0.354580903190047,,
A047,rough_forward,303,24,100,0.3683000303366605,0.4287101924419403,0.06046253857128123,0.32488124887328856,,
A047,rough_forward,303,25,100,0.3723442502678397,0.4334247410297394,0.06149463347572694,0.313170541408352,,
A047,rough_forward,303,26,100,0.3553840321174917,0.41585470736026764,0.06033763783500794,0.0465815018710682,,
A047,rough_forward,303,27,100,0.3522009004086734,0.40961839258670807,0.058137618284174464,0.33060867324036325,,
A047,rough_forward,303,28,100,0.3818674844535277,0.4417256563901901,0.06031830935554708,0.35484227816560077,,
A047,rough_forward,303,29,100,0.37165128132876224,0.4337628185749054,0.061960429431282896,0.22260640468791004,,
A047,rough_forward,303,30,100,0.34409199670993074,0.4034428596496582,0.05940909564176346,0.14235929650794127,,
A047,rough_forward,303,31,100,0.3475532224152815,0.406947523355484,0.059725205528544864,0.07244822477494478,,
A047,stairs_10_down,101,0,100,0.3135589593075176,-0.3268590122461319,-0.6363644472417984,0.31233943829927724,0,0.3249506357519384
A047,stairs_10_down,101,1,100,0.350096866329086,-0.31199173629283905,-0.6593590496695615,0.4040569404775296,0,0.33700522732607185
A047,stairs_10_down,101,2,100,0.35187581476361995,-0.31468960642814636,-0.6665786600367908,0.4690433511314238,0,0.3424416723098347
A047,stairs_10_down,101,3,100,0.3323577050378616,-0.3097909986972809,-0.6417117450326522,0.23910183413700203,0,0.3401241444330164
A047,stairs_10_down,101,4,100,0.37051545131334007,-0.31507065892219543,-0.6842256943809795,0.45340978005194804,0,0.34661359774237643
A047,stairs_10_down,101,5,100,0.3738613080850897,-0.30916157364845276,-0.6860970940819399,0.4388165432746044,0,0.35170316584607497
A047,stairs_10_down,101,6,100,0.3881586220334558,-0.31122028827667236,-0.7000007731391784,0.4373427610058287,0,0.36249792225220623
A047,stairs_10_down,101,7,100,0.383605046227654,-0.3116122931241989,-0.6997333159421217,0.45211575998537634,0,0.3516954087956067
A047,stairs_10_down,101,8,100,0.3685571769660807,-0.3128138780593872,-0.6882359866789955,0.4509721200445092,0,0.3558852656639834
A047,stairs_10_down,101,9,100,0.38087933116099415,-0.3103283941745758,-0.6941183773591557,0.4422189690989234,0,0.35980150772926
A047,stairs_10_down,101,10,100,0.36972332510718686,-0.31769800186157227,-0.6946531489571148,0.473253219695697,0,0.3509017829907769
A047,stairs_10_down,101,11,100,0.3167131029985805,-0.320990189909935,-0.6336904566555737,0.28674609820684954,0,0.32931445323847197
A047,stairs_10_down,101,12,100,0.3165342604572123,-0.3233778029680252,-0.637700907049332,0.3793966531221249,0,0.34607702860220235
A047,stairs_10_down,101,13,100,0.3200472434733641,-0.32028307020664215,-0.6331557054570651,0.34281015030099893,0,0.32283953804383303
A047,stairs_10_down,101,14,100,0.34454093164301175,-0.31681646406650543,-0.6585564332849839,0.3013720765573349,0,0.3288064366355937
A047,stairs_10_down,101,15,100,0.3824043060369033,-0.3092535138130188,-0.6957227125524836,0.40931146944196795,0,0.3531678003423354
A047,stairs_10_down,101,16,100,0.3734422193810264,-0.31064391136169434,-0.6895726147819967,0.4255450614437844,0,0.35310465001804947
A047,stairs_10_down,101,17,100,0.3327338392721778,-0.3094552010297775,-0.6430484700330439,0.3861485189260113,0,0.3445371336796704
A047,stairs_10_down,101,18,100,0.32108823771782735,-0.3268483281135559,-0.6518717730109067,0.3476397308329739,0,0.3170829380259794
A047,stairs_10_down,101,19,100,0.36797549109407923,-0.30924472212791443,-0.6791450888077843,0.46559993691355034,0,0.35403134606101294
A047,stairs_10_down,101,20,100,0.380598289364162,-0.3146068602800369,-0.7000002478533249,0.4454867275675782,0,0.34875847662196435
A047,stairs_10_down,101,21,100,0.3491429383741981,-0.3159661591053009,-0.6593588915738192,0.45928977053793424,0,0.3485014672904091
A047,stairs_10_down,101,22,100,0.3648948949129186,-0.31717388331890106,-0.6823536010986981,0.4556293221698957,0,0.3421059392671534
A047,stairs_10_down,101,23,100,0.3306898742436088,-0.31303571164608,-0.6374338323419744,0.31767009341060637,0,0.3309903826943056
A047,stairs_10_down,101,24,100,0.26363448965995706,-0.3688271939754486,-0.6350275641456644,0.3252999677646136,0,0.2784832661802118
A047,stairs_10_down,101,25,100,0.3788339730730669,-0.3151385635137558,-0.697594275449049,0.4652477965141406,0,0.33947357949726087
A047,stairs_10_down,101,26,100,0.36528424727406733,-0.31385815143585205,-0.6826211041945187,0.4630716180354404,0,0.3560302356347681
A047,stairs_10_down,101,27,100,0.33289038306251567,-0.32539115846157074,-0.6631028639441505,0.3610732846364706,0,0.3207135729611239
A047,stairs_10_down,101,28,100,0.3244720828883788,-0.31875596940517426,-0.6427815279221152,0.3780559454844655,0,0.3391705847041492
A047,stairs_10_down,101,29,100,0.2891435773774264,-0.34368546307086945,-0.6342252792521594,0.3487708033685327,0,0.31645185010318455
A047,stairs_10_down,101,30,100,0.3830379660435539,-0.30870670080184937,-0.6962574586511295,0.43536432380990364,0,0.3489560744660424
A047,stairs_10_down,101,31,100,0.33867268686626045,-0.31364384293556213,-0.651872226898683,0.4216377743741817,0,0.3536661911138239
A047,stairs_10_down,202,0,100,0.29288775334383715,-0.33819520473480225,-0.6368991729409936,0.2888215865332255,0,
A047,stairs_10_down,202,1,100,0.3114091445577336,-0.3198935389518738,-0.6302145177667791,0.14668287754620907,0,
A047,stairs_10_down,202,2,100,0.3848492784455498,-0.3098204880952835,-0.6975945100427311,0.43612623984557947,0,0.3571825459360439
A047,stairs_10_down,202,3,100,0.3262999453805984,-0.3111936151981354,-0.637434000637442,0.29456891123823303,0,0.34956411579075986
A047,stairs_10_down,202,4,100,0.3814553839159522,-0.310879722237587,-0.6994660066410819,0.44146275024404835,0,0.35355762300644333
A047,stairs_10_down,202,5,100,0.2899403714719303,-0.32938042283058167,-0.6237972381918189,0.2102355034075101,0,0.331025685377937
A047,stairs_10_down,202,6,100,0.32318818640900165,-0.3296050578355789,-0.6467921415114786,0.388139498540896,0,0.33000587142087556
A047,stairs_10_down,202,7,100,0.31791022770545063,-0.318493127822876,-0.6310166241650913,0.23781600954461196,0,0.3178271619393864
A047,stairs_10_down,202,8,100,0.3540067489453178,-0.3180466592311859,-0.67540151422674,0.4350594355161095,0,0.3485998055514168
A047,stairs_10_down,202,9,100,0.3332577243367618,-0.3134232610464096,-0.6433161669236453,0.2539935631035247,0,0.33315612479327195
A047,stairs_10_down,202,10,100,0.37676374813452124,-0.3100316673517227,-0.6906426475647299,0.4770483896103543,0,0.35847433062798195
A047,stairs_10_down,202,11,100,0.3679815926813187,-0.3155178874731064,-0.6874338037827435,0.47084199024181295,0,0.34980968963653647
A047,stairs_10_down,202,12,100,0.3423373884058254,-0.32209204137325287,-0.6577548878715638,0.44385016169935854,0,0.34209365704480343
A047,stairs_10_down,202,13,100,0.37631738385095953,-0.3116607964038849,-0.6914443408741671,0.45276523360889753,0,0.35408702078350085
A047,stairs_10_down,202,14,100,0.3604672019653779,-0.31780824065208435,-0.6858297490818616,0.4595717300724891,0,0.34146136093267143
A047,stairs_10_down,202,15,100,0.37678708407011896,-0.3173282742500305,-0.6954550054621569,0.44855543087111605,0,0.3408876443929213
A047,stairs_10_down,202,16,100,0.35946976405414033,-0.3086894601583481,-0.6657762068478181,0.40629094956942524,0,0.356896415273136
A047,stairs_10_down,202,17,100,0.329143546481821,-0.32380537688732147,-0.6556156892827487,0.4044130659280845,0,0.33101780736510134
A047,stairs_10_down,202,18,100,0.3468268296138488,-0.31449003517627716,-0.6606953258820396,0.4519487539697843,0,0.3502996152735012
A047,stairs_10_down,202,19,100,0.33547799233446784,-0.3102266788482666,-0.6475943091081426,0.3451029292480886,0,0.3383920664455802
A047,stairs_10_down,202,20,100,0.379037916022826,-0.31457196176052094,-0.6962576779452238,0.47736159189310234,0,0.3517276635144484
A047,stairs_10_down,202,21,100,0.38274761835202814,-0.3095942735671997,-0.6946527103689265,0.4346575295420896,0,0.3521514783568561
A047,stairs_10_down,202,22,100,0.31196694952600146,-0.32072123885154724,-0.6294122328732741,0.18865729607305282,0,
A047,stairs_10_down,202,23,100,0.35988849783963694,-0.31951479613780975,-0.6740649269226401,0.45552553499127846,0,0.33522080594205605
A047,stairs_10_down,202,24,100,0.3151560959650233,-0.3159337192773819,-0.6334232289523365,0.22152704460699524,0,
A047,stairs_10_down,202,25,100,0.3352341851129889,-0.3275941014289856,-0.6569526182776466,0.42711601394075127,0,0.3307367824615641
A047,stairs_10_down,202,26,100,0.348442966208101,-0.3059569150209427,-0.6577547501752721,0.4663294164958951,0,0.34884468661272594
A047,stairs_10_down,202,27,100,0.3757019240588428,-0.32091808319091797,-0.6986641501360399,0.45114659708598903,0,0.34232095521401595
A047,stairs_10_down,202,28,100,0.37756037560694994,-0.313046395778656,-0.6949205908545836,0.45662901380095056,0,0.35394302871138017
A047,stairs_10_down,202,29,100,0.32957442782141944,-0.307243287563324,-0.6409096080351641,0.34117047600252615,0,0.33693854566563897
A047,stairs_10_down,202,30,100,0.36367557082265456,-0.3157234787940979,-0.678343145605077,0.4552129416905375,0,0.3441227795605991
A047,stairs_10_down,202,31,100,0.36301136837604847,-0.3212573677301407,-0.681819359886455,0.4781824591241653,0,0.3281987829004379
A047,stairs_10_down,303,0,100,0.35381354853749913,-0.3091934025287628,-0.6655089077465037,0.40206102960556156,0,0.35207968998082817
A047,stairs_10_down,303,1,100,0.3502317098850873,-0.3178485184907913,-0.6668455511490929,0.3925555449604238,0,0.35288331119771943
A047,stairs_10_down,303,2,100,0.34379175321303584,-0.3183621019124985,-0.6486641276966442,0.38234486166938164,0,0.3469348984924867
A047,stairs_10_down,303,3,100,0.3780015051205528,-0.31162361800670624,-0.6930489463602159,0.43739193731470605,0,0.35716391565965455
A047,stairs_10_down,303,4,100,0.2946526175514262,-0.331065833568573,-0.6382360254379518,0.29895810536210643,0,0.32131070695458885
A047,stairs_10_down,303,5,100,0.3222855947075043,-0.3174535483121872,-0.641176973434693,0.3566746647522925,0,0.34621351766076314
A047,stairs_10_down,303,6,100,0.3576044376521187,-0.31315577030181885,-0.6671132276402438,0.4201819405034616,0,0.34566190185393875
A047,stairs_10_down,303,7,100,0.3838138158786743,-0.30971741676330566,-0.698129138844536,0.4707750693681265,0,0.35436764502907814
A047,stairs_10_down,303,8,100,0.2876733112781443,-0.3433092087507248,-0.63048161797345,0.2882430036940665,0,
A047,stairs_10_down,303,9,100,0.35540015469579134,-0.31140799820423126,-0.6655085303566672,0.4228523535215481,0,0.3544227041025213
A047,stairs_10_down,303,10,100,0.3410814382175711,-0.3135223835706711,-0.6526743995952096,0.3136655247309663,0,0.32865505470311573
A047,stairs_10_down,303,11,100,0.33666053063729234,-0.3152535408735275,-0.6508026684031767,0.38420786070241086,0,0.3365642900135428
A047,stairs_10_down,303,12,100,0.3602268805797087,-0.3118889331817627,-0.6716585261299011,0.440814405568734,0,0.34755889410003626
A047,stairs_10_down,303,13,100,0.36128364415729747,-0.3128368705511093,-0.6705891155304118,0.4302438252550156,0,0.35617720172366996
A047,stairs_10_down,303,14,100,0.3704128364190698,-0.3177480101585388,-0.6922464625720672,0.4987768921485751,0,0.35318461713943894
A047,stairs_10_down,303,15,100,0.3277189837579421,-0.30845285952091217,-0.6347598162564364,0.24103745523653686,0,0.3371346141884034
A047,stairs_10_down,303,16,100,0.31377489474367964,-0.32226821780204773,-0.6470590632229565,0.37374908636753046,0,0.3459873143683143
A047,stairs_10_down,303,17,100,0.38072345951661707,-0.31663255393505096,-0.699465680249872,0.4530340078709863,0,0.3393655671155389
A047,stairs_10_down,303,18,100,0.3169850079133549,-0.32104234397411346,-0.6347596377612436,0.15807184172858812,0,
A047,stairs_10_down,303,19,100,0.3526606568518807,-0.3177480548620224,-0.6743325065164005,0.47338023013897923,0,0.34731260547663434
A047,stairs_10_down,303,20,100,0.3153324079386053,-0.321816623210907,-0.6331553229673661,0.14225003771061845,0,
A047,stairs_10_down,303,21,100,0.37399301418964875,-0.309339240193367,-0.6882359509799569,0.47754908006406904,0,0.3612365219044813
A047,stairs_10_down,303,22,100,0.34719258244024875,-0.3162556439638138,-0.6585568106748203,0.3799116766145954,0,0.33743661562389227
A047,stairs_10_down,303,23,100,0.36812931857007075,-0.318284273147583,-0.6917120122654553,0.45233004469299076,0,0.353043597649763
A047,stairs_10_down,303,24,100,0.311036610029598,-0.3184986561536789,-0.6262040724728835,0.19901155226938289,0,0.31470555768293496
A047,stairs_10_down,303,25,100,0.37956091219728644,-0.3095504194498062,-0.6909102271584904,0.472896835655308,0,0.35648409010254767
A047,stairs_10_down,303,26,100,0.3392152198176971,-0.3157110661268234,-0.6478617663051993,0.4105270905876191,0,0.3428774856947323
A047,stairs_10_down,303,27,100,0.32094927060412853,-0.3145151138305664,-0.6334233870480788,0.29354025230449093,0,0.33135909623003257
A047,stairs_10_down,303,28,100,0.3485566014274556,-0.30888208746910095,-0.6566851916797658,0.37732350916488483,0,0.3454451065331219
A047,stairs_10_down,303,29,100,0.3824120217306729,-0.3115023374557495,-0.6951877471597436,0.4346021007458988,0,0.3536816540567632
A047,stairs_10_down,303,30,100,0.2952256481596493,-0.3364761918783188,-0.6379686702381481,0.41703892670346965,0,0.31530931034190135
A047,stairs_10_down,303,31,100,0.33613744752611063,-0.3189002424478531,-0.6537442283834365,0.44250713983860246,0,0.3371110418263603
A047,stairs_15_down,101,0,80,0.3138670049567911,-0.6772138476371765,-0.9810155011753348,0.3666351817971606,0,
A047,stairs_15_down,101,1,100,0.3238394674770335,-0.659895271062851,-0.9874332142386206,0.3811546176827106,0,0.29443265856268575
A047,stairs_15_down,101,2,100,0.34041790114367076,-0.6646526455879211,-0.9982615078196806,0.4765533784097091,0,0.3209302004645852
A047,stairs_15_down,101,3,100,0.3074878935507912,-0.6601981520652771,-0.9665769638224719,0.21201282705486046,0,0.29987807133618527
A047,stairs_15_down,101,4,100,0.36269711236902735,-0.6664851605892181,-1.0263364659273688,0.4521080526903041,0,0.3322664384535927
A047,stairs_15_down,101,5,100,0.36691187282297066,-0.6586112678050995,-1.0263364557276435,0.43046276630833424,0,0.33367849225028956
A047,stairs_15_down,101,6,100,0.38724699552683906,-0.659454882144928,-1.0499992319606841,0.48173016235524246,0,0.33196161583783157
A047,stairs_15_down,101,7,100,0.38216893462573787,-0.6606107950210571,-1.0491971969604492,0.46286135781151216,0,0.33553530124419506
A047,stairs_15_down,101,8,100,0.36949724899256287,-0.662456214427948,-1.0323519477232255,0.44367577266300895,0,0.3306271886443072
A047,stairs_15_down,101,9,100,0.37955058895967864,-0.6588070094585419,-1.0411755158939464,0.41707397205811225,0,0.3365656825947889
A047,stairs_15_down,101,10,100,0.36978126703736625,-0.6661169528961182,-1.0411756943891393,0.48209468254262555,0,0.3338021616884731
A047,stairs_15_down,101,11,100,0.2617227919598952,-0.6881716251373291,-0.9509351087763985,0.2714471405473824,0,0.29086616651259645
A047,stairs_15_down,101,12,65,0.3178801947736485,-0.6696831583976746,-0.985026293259891,0.45982468103836094,0,0.3172296926299518
A047,stairs_15_down,101,13,100,0.2927443936546856,-0.6635960638523102,-0.9585554357518487,0.21241953572495983,0,0.28100102757387624
A047,stairs_15_down,101,14,100,0.32056474685668945,-0.6758266985416412,-0.9858280120686413,0.30649135637894115,0,0.29559329454911587
A047,stairs_15_down,101,15,100,0.38103018979975256,-0.6597013175487518,-1.0439829953851547,0.40110527352092556,0,0.333637508797773
A047,stairs_15_down,101,16,100,0.36966539959219047,-0.6604597568511963,-1.0347583179167885,0.3995952216296519,0,0.32616868312346103
A047,stairs_15_down,101,17,100,0.31410035889416454,-0.6594198346138,-0.965774882923473,0.36480343558370654,0,0.32730317657644104
A047,stairs_15_down,101,18,100,0.3056009751271437,-0.6760384440422058,-0.9822184057796703,0.3414238862667919,0,0.2897148173760603
A047,stairs_15_down,101,19,100,0.3616073300494229,-0.6586198508739471,-1.0163094015682446,0.4645448198500596,0,0.3379601574836568
A047,stairs_15_down,101,20,100,0.3789376125616186,-0.6632338166236877,-1.0495980614646871,0.4549890915956111,0,0.33676124894045256
A047,stairs_15_down,101,21,100,0.3340728837538531,-0.6650115251541138,-0.9890366161570829,0.4634510287301894,0,0.3340915145083545
A047,stairs_15_down,101,22,100,0.3558451949275113,-0.6672941148281097,-1.0235284458507192,0.4691290830010786,0,0.3356872102156042
A047,stairs_15_down,101,23,100,0.29888923729167266,-0.6622211039066315,-0.9585556856451187,0.32021548635026464,0,0.30126775203541634
A047,stairs_15_down,101,24,100,0.22974552413359045,-0.7193611264228821,-0.955748241852949,0.33088687340516243,0,
A047,stairs_15_down,101,25,100,0.37738423854271996,-0.6656579375267029,-1.0459886234711835,0.4726356285992174,0,0.3345599674923535
A047,stairs_15_down,101,26,100,0.35741380016434,-0.6630692481994629,-1.0239299427379263,0.46802159866535964,0,0.33541410109576053
A047,stairs_15_down,101,27,100,0.32019768854513525,-0.6709001064300537,-0.9950532862209381,0.43188902037987015,0,0.297252561638062
A047,stairs_15_down,101,28,100,0.30078624037497825,-0.6705358922481537,-0.970989344591763,0.37677799424224,0,0.30913676042607763
A047,stairs_15_down,101,29,92,0.27569633387626813,-0.6822246313095093,-0.9633687167244162,0.40968267849557094,0,0.29660773022289577
A047,stairs_15_down,101,30,100,0.3817776867093887,-0.6584151089191437,-1.0443843443763448,0.44157057419190593,0,0.33701429583809595
A047,stairs_15_down,101,31,100,0.3144333695664125,-0.664276123046875,-0.978208307276435,0.4291694491310898,0,0.3315478741803909
A047,stairs_15_down,202,0,100,0.2928469141218114,-0.6735919415950775,-0.9609623720301663,0.2041566875372619,0,
A047,stairs_15_down,202,1,100,0.2959173206977028,-0.6667158901691437,-0.9629673524336382,0.10677820850358227,0,
A047,stairs_15_down,202,2,100,0.3830965191603982,-0.6583331525325775,-1.0459888274656897,0.47148077112425313,0,0.34471113987784974
A047,stairs_15_down,202,3,100,0.2949870370607325,-0.6593201458454132,-0.9545451842527338,0.2108385149968423,0,0.3048559949997275
A047,stairs_15_down,202,4,100,0.3852304475192717,-0.6567614078521729,-1.045988643870634,0.4616409495042396,0,0.33399823164557396
A047,stairs_15_down,202,5,100,0.2613826253834893,-0.6837300956249237,-0.9517377710597401,0.3390214672803074,0,0.29583101795318933
A047,stairs_15_down,202,6,100,0.28086639406846803,-0.6802136301994324,-0.959759125735033,0.4176276415762038,0,0.3100700474040393
A047,stairs_15_down,202,7,100,0.2834845583706616,-0.6674654483795166,-0.944117515482367,0.2049062601618062,0,
A047,stairs_15_down,202,8,100,0.34868877584283997,-0.6676200926303864,-1.0139031231722093,0.4421597931204335,0,0.3283081612484978
A047,stairs_15_down,202,9,100,0.2917288535418995,-0.6651746332645416,-0.9553474691462389,0.333795048727019,0,0.3039325262136
A047,stairs_15_down,202,10,100,0.3738475010038059,-0.65931436419487,-1.037164902304583,0.45990028860271503,0,0.33586945444504845
A047,stairs_15_down,202,11,100,0.3616333372771421,-0.663272500038147,-1.0315497648269734,0.46612442870351767,0,0.33551935110500153
A047,stairs_15_down,202,12,100,0.3187958947158752,-0.6722582578659058,-0.9866304448581634,0.4543377558741938,0,0.32046586402597277
A047,stairs_15_down,202,13,100,0.3754349786011293,-0.6587043106555939,-1.0335554694109423,0.4803839451352572,0,0.33497660109066074
A047,stairs_15_down,202,14,100,0.3507610137131124,-0.6676846444606781,-1.02713870492211,0.45610087277287026,0,0.3295273548141521
A047,stairs_15_down,202,15,100,0.37027491908022436,-0.6687655448913574,-1.043582141080642,0.46634382199914837,0,0.319519901339383
A047,stairs_15_down,202,16,100,0.3437019135544007,-0.6600242853164673,-1.0034752351077483,0.4100060929603557,0,0.3244694356612343
A047,stairs_15_down,202,17,100,0.32065301017965225,-0.6695752739906311,-0.9770050966803403,0.4212899311803726,0,0.32880536598317767
A047,stairs_15_down,202,18,100,0.32690586811080974,-0.6641068160533905,-0.9934482319469757,0.4488407343308528,0,0.3304609525649942
A047,stairs_15_down,202,19,100,0.31479864117295986,-0.6573928594589233,-0.9689834972116399,0.3832237879202012,0,0.32244412465529004
A047,stairs_15_down,202,20,100,0.3732139133514568,-0.6686192452907562,-1.0451859968868806,0.44659337463875454,0,0.3144448724660007
A047,stairs_15_down,202,21,100,0.3786423413511266,-0.6599218249320984,-1.0419782036766012,0.43510667258761465,0,0.3365879881190743
A047,stairs_15_down,202,22,100,0.2595830865722289,-0.6896431148052216,-0.9517375007670192,0.2693958908489248,0,
A047,stairs_15_down,202,23,100,0.35290616575409384,-0.670653223991394,-1.011496758078509,0.4457252695108717,0,0.3179036869722254
A047,stairs_15_down,202,24,100,0.2464909190162618,-0.7038324177265167,-0.9553472906510461,0.3408073445984714,0,
A047,stairs_15_down,202,25,100,0.30021045345036107,-0.688734620809555,-0.9870315898548473,0.3969649271232124,0,0.2922481684123769
A047,stairs_15_down,202,26,100,0.32894466044431064,-0.6544466018676758,-0.9846252808596361,0.4660024614038008,0,0.33029027195537797
A047,stairs_15_down,202,27,100,0.3741095695584853,-0.6688317954540253,-1.0483950803624118,0.4709864481903352,0,0.3197564179884558
A047,stairs_15_down,202,28,100,0.37588412493945444,-0.662507563829422,-1.0435822379780326,0.43212028983240325,0,0.3335775717057008
A047,stairs_15_down,202,29,100,0.30257089635267614,-0.6587957143783569,-0.958556139532895,0.26284170701575604,0,0.31872314852189254
A047,stairs_15_down,202,30,100,0.3556084236040472,-0.6659863889217377,-1.0175129232559612,0.4456953690511155,0,0.32913071745857203
A047,stairs_15_down,202,31,100,0.3472404030555072,-0.6700000464916229,-1.0219248093385747,0.459635782911765,0,0.31816142446854534
A047,stairs_15_down,303,0,100,0.3350098501233494,-0.6617731750011444,-0.9958554487177395,0.41699036905187137,0,0.33544910304686604
A047,stairs_15_down,303,1,87,0.3398140665681605,-0.6649866104125977,-1.0050797487962693,0.4232354035433766,0,0.3261835603790487
A047,stairs_15_down,303,2,100,0.32929300449111243,-0.6615046560764313,-0.9762028831849123,0.34894622906597184,0,0.32983381352960106
A047,stairs_15_down,303,3,100,0.37460214568969397,-0.6596562564373016,-1.0387693853939282,0.4495273766201042,0,0.3372474488090067
A047,stairs_15_down,303,4,100,0.25979715378526697,-0.6890486776828766,-0.9561493970493582,0.2673738030471492,0,
A047,stairs_15_down,303,5,100,0.2948426827389926,-0.6779260337352753,-0.9617645549264184,0.3296120856382385,0,0.3178182582166743
A047,stairs_15_down,303,6,100,0.3378466203569728,-0.6625645160675049,-0.996657504117425,0.43846238630261103,0,0.32690396857134163
A047,stairs_15_down,303,7,100,0.38311069390990515,-0.6598937809467316,-1.0475928719668466,0.4623970363506275,0,0.3202197204299152
A047,stairs_15_down,303,8,100,0.2607429158241354,-0.6900057196617126,-0.9461221949939422,0.21941343146693906,0,
A047,stairs_15_down,303,9,100,0.3362156957547294,-0.6621084809303284,-0.9978600823305508,0.4269720323311972,0,0.3348231404860389
A047,stairs_15_down,303,10,100,0.3167353605522829,-0.6631323993206024,-0.9846252553603227,0.3557518962156528,0,0.299222734522692
A047,stairs_15_down,303,11,100,0.3139880954581786,-0.664471834897995,-0.9794112832788477,0.36095737617395784,0,0.3122873373210111
A047,stairs_15_down,303,12,100,0.3476220519147455,-0.6612134575843811,-1.007886835598053,0.43022517817713324,0,0.3297155859636113
A047,stairs_15_down,303,13,100,0.3499100820265989,-0.664097249507904,-1.0058818959934825,0.42099390147861787,0,0.338916600706743
A047,stairs_15_down,303,14,100,0.3650599055111726,-0.6672367453575134,-1.0387692476976365,0.5022128405781632,0,0.33626552475964955
A047,stairs_15_down,303,15,100,0.30615136011399047,-0.658782035112381,-0.9649728581229633,0.2480315376235394,0,0.3173845072481084
A047,stairs_15_down,303,16,100,0.28151421097510637,-0.6737499535083771,-0.9513364424680006,0.4102952361780454,0,0.31633584002122517
A047,stairs_15_down,303,17,100,0.3812682518665803,-0.6643959879875183,-1.0491966206759693,0.46226847261170956,0,0.3322266324318667
A047,stairs_15_down,303,18,100,0.2883967352423438,-0.6630472242832184,-0.9505341524746329,0.08349868243861414,0,
A047,stairs_15_down,303,19,100,0.3415148390486916,-0.6695006787776947,-1.013502156670718,0.4545644605514806,0,0.32609762099974937
A047,stairs_15_down,303,20,100,0.28239527217207105,-0.6744081377983093,-0.9545447507644083,0.11894114829564986,0,
A047,stairs_15_down,303,21,100,0.3698382538588927,-0.6592680811882019,-1.0331543499135716,0.47490113808595336,0,0.3461215837116547
A047,stairs_15_down,303,22,100,0.3068906926216289,-0.6633923649787903,-0.9693843770154658,0.39905416218261824,0,0.3239254514801311
A047,stairs_15_down,303,23,100,0.3682287335395813,-0.6639231741428375,-1.0323525342074307,0.4676180128904272,0,0.3297868610065888
A047,stairs_15_down,303,24,100,0.2700503552979964,-0.674709677696228,-0.9525397346618978,0.2529627813584584,0,0.27251065478605385
A047,stairs_15_down,303,25,100,0.37013856405242884,-0.663089781999588,-1.0387699412789575,0.44845036249518444,0,0.3227762978344677
A047,stairs_15_down,303,26,100,0.3108067289393216,-0.6684466600418091,-0.9701869679007301,0.4088428498354833,0,0.3164718256277197
A047,stairs_15_down,303,27,100,0.2767949242961598,-0.668003648519516,-0.9441175766807188,0.2128249280586619,0,0.3020000266518822
A047,stairs_15_down,303,28,100,0.32012649334688237,-0.6559678316116333,-0.9890369629477435,0.3815601075788847,0,0.31382337579115194
A047,stairs_15_down,303,29,100,0.38119697985164624,-0.6587240099906921,-1.041978030281271,0.4230729949613213,0,0.3360763434420295
A047,stairs_15_down,303,30,100,0.2579667039096037,-0.6913646459579468,-0.9625663808322845,0.3372842980499007,0,0.3170925359674953
A047,stairs_15_down,303,31,100,0.3055135194949288,-0.6694454252719879,-0.9770049844833619,0.4355189700459423,0,0.30595336240880633
A048,rough_lateral,101,0,100,0.2619867415670405,0.3191281110048294,0.05647208473899148,0.05767820054252502,,
A048,rough_lateral,101,1,100,0.24216549560666722,0.30205927789211273,0.05949413585152855,0.14655596051949943,,
A048,rough_lateral,101,2,100,0.23780712835928974,0.29705487191677094,0.059056185146066593,0.12777517981124953,,
A048,rough_lateral,101,3,100,0.266923096409456,0.3254319578409195,0.05870017393387575,0.2761101557935955,,
A048,rough_lateral,101,4,100,0.22857589860332203,0.2887604087591171,0.05987485079841817,0.17772932400360703,,
A048,rough_lateral,101,5,100,0.2709365323743718,0.3301312178373337,0.059165459903166254,0.22285097700094741,,
A048,rough_lateral,101,6,100,0.2659668385345031,0.3211068660020828,0.05511861178964217,0.21181353120375762,,
A048,rough_lateral,101,7,100,0.25234821924870027,0.31242936849594116,0.05995218511571221,0.25954060715046373,,
A048,rough_lateral,101,8,100,0.2378879421375652,0.2967284172773361,0.05850134048869903,0.22821633118558998,,
A048,rough_lateral,101,9,100,0.25601590898903936,0.3131285160779953,0.05755056799414324,0.22747611047665098,,
A048,rough_lateral,101,10,0,,,,,,
A048,rough_lateral,101,11,100,0.24234940685371664,0.2990523725748062,0.05741311649587703,0.15017438371282205,,
A048,rough_lateral,101,12,100,0.2323464638887242,0.29333074390888214,0.06080414267147288,0.23614765663797457,,
A048,rough_lateral,101,13,100,0.2476760415948011,0.3068983852863312,0.05920073565314798,0.22787851331242154,,
A048,rough_lateral,101,14,100,0.23209019140763715,0.2897636890411377,0.05846732440479299,0.23467511358594276,,
A048,rough_lateral,101,15,100,0.2635274921509034,0.32356084883213043,0.06000382632495248,0.2709347646797601,,
A048,rough_lateral,101,16,100,0.25052346297126404,0.3090876340866089,0.05798929387872869,0.24839541287397648,,
A048,rough_lateral,101,17,100,0.2507275138149925,0.30809052288532257,0.05772944567675259,0.2634683117908768,,
A048,rough_lateral,101,18,100,0.21633010513004772,0.27397021651268005,0.05762631115428904,0.20755126199825116,,
A048,rough_lateral,101,19,100,0.2629673426801508,0.32326170802116394,0.059283210631997825,0.21144390272506408,,
A048,rough_lateral,101,20,100,0.24790153186270258,0.30788473784923553,0.05942735315006684,0.24321753091648865,,
A048,rough_lateral,101,21,100,0.2465949009924649,0.3051251322031021,0.059149395335804336,0.24269556327580868,,
A048,rough_lateral,101,22,100,0.21726293176571954,0.27503785490989685,0.057804235162581985,0.1473242220040415,,
A048,rough_lateral,101,23,100,0.23907515613790503,0.30008363723754883,0.0603402132656485,0.23242995237320152,,
A048,rough_lateral,101,24,100,0.22590035829633315,0.2861699014902115,0.060497885719340116,0.17369222485646535,,
A048,rough_lateral,101,25,100,0.22312314569312622,0.28490185737609863,0.06166916607535459,0.21195804117088496,,
A048,rough_lateral,101,26,100,0.23245441555020643,0.2923664003610611,0.06012010829333953,0.10376096745012323,,
A048,rough_lateral,101,27,100,0.21543868236681996,0.27677612006664276,0.06102136622138202,0.18982726708570172,,
A048,rough_lateral,101,28,100,0.23255526884035632,0.29171957075595856,0.05900785374768915,0.2346765926541134,,
A048,rough_lateral,101,29,100,0.2202167057576664,0.2778850942850113,0.05761921724533652,0.17189765737071327,,
A048,rough_lateral,101,30,100,0.2703994066320001,0.3350114971399307,0.06491946154099734,0.28118227274443774,,
A048,rough_lateral,101,31,100,0.2502781689804505,0.3124607652425766,0.06238382002886604,0.18315187085662438,,
A048,rough_lateral,202,0,100,0.22491346594484093,0.28746944665908813,0.06262778215867312,0.15249821935987695,,
A048,rough_lateral,202,1,100,0.23104978165524528,0.2916385531425476,0.06089424704485398,0.1862467619819343,,
A048,rough_lateral,202,2,100,0.2445024094957719,0.305323988199234,0.06117314323384494,0.19999981384108573,,
A048,rough_lateral,202,3,100,0.25283288589135844,0.3149212747812271,0.06212251326617073,0.22124514575932488,,
A048,rough_lateral,202,4,100,0.25776380587389125,0.3196112811565399,0.06196375964159634,0.22684451147249257,,
A048,rough_lateral,202,5,100,0.23239965011729274,0.2929784655570984,0.05994276056952655,0.23079273364255426,,
A048,rough_lateral,202,6,100,0.2398920378742371,0.3035309612751007,0.06354748628993723,0.05893060057434178,,
A048,rough_lateral,202,7,100,0.24738584976782774,0.3085867613554001,0.06113561334456989,0.23333869844266253,,
A048,rough_lateral,202,8,22,,,,,,
A048,rough_lateral,202,9,100,0.25823657381980814,0.3186207711696625,0.06059386003463663,0.16859879206805156,,
A048,rough_lateral,202,10,100,0.24577112041692684,0.30449943244457245,0.059239739402730196,0.23780555646533133,,
A048,rough_lateral,202,11,100,0.23475310333909835,0.2929147034883499,0.058783133399677785,0.1947661167859061,,
A048,rough_lateral,202,12,100,0.22213391999509882,0.2840288281440735,0.061540022253352686,0.16148176302785655,,
A048,rough_lateral,202,13,100,0.26273744421846723,0.32280972599983215,0.059980769845891124,0.23270435174649712,,
A048,rough_lateral,202,14,100,0.22918501767245206,0.2890455573797226,0.06017311626577122,0.20340577075095084,,
A048,rough_lateral,202,15,100,0.2146963563194887,0.27512121200561523,0.06026470469918481,0.08834798573811165,,
A048,rough_lateral,202,16,100,0.2568684331076668,0.3173530846834183,0.05993168366784081,0.21702637440199368,,
A048,rough_lateral,202,17,100,0.22298037320534814,0.28113842010498047,0.05822291858693495,0.17485105148865904,,
A048,rough_lateral,202,18,100,0.23183577400159072,0.2883312255144119,0.05657031829344397,0.20496358432485806,,
A048,rough_lateral,202,19,100,0.27374222484183186,0.3335162550210953,0.05989929444012157,0.23851721837786644,,
A048,rough_lateral,202,20,20,,,,,,
A048,rough_lateral,202,21,100,0.24844150125661635,0.30630849301815033,0.05796644649403618,0.18498479199520101,,
A048,rough_lateral,202,22,100,0.24746817334450502,0.3015280067920685,0.05448374518736161,0.08233238798430073,,
A048,rough_lateral,202,23,100,0.22608482383470485,0.28477926552295685,0.05876527878052411,0.19732243659261006,,
A048,rough_lateral,202,24,100,0.25185324594298786,0.3079409897327423,0.056010725663945,0.25468364452727027,,
A048,rough_lateral,202,25,0,,,,,,
A048,rough_lateral,202,26,100,0.27728419938189464,0.3377073109149933,0.06055985925031856,0.24266937315081039,,
A048,rough_lateral,202,27,100,0.21939455681943637,0.2769499123096466,0.05769250227168282,0.13548050515813542,,
A048,rough_lateral,202,28,100,0.2474059262537064,0.3079107701778412,0.06033263996960645,0.058659242602751946,,
A048,rough_lateral,202,29,100,0.24592709860062217,0.3051959276199341,0.05918479858235241,0.22378957655576948,,
A048,rough_lateral,202,30,100,0.21972478248856284,0.2819199860095978,0.062083463617824616,0.1335793984882716,,
A048,rough_lateral,202,31,42,0.22358471649215822,0.28104811906814575,0.05812106922986036,0.12275112079517242,,
A048,rough_lateral,303,0,100,0.25215985717620437,0.31128665804862976,0.05932852801154642,0.2345620246667955,,
A048,rough_lateral,303,1,100,0.2256573394020611,0.2829917371273041,0.05763657717781271,0.17878697040685176,,
A048,rough_lateral,303,2,100,0.23023481459859857,0.2882154583930969,0.057164416593663836,0.20101337631966315,,
A048,rough_lateral,303,3,100,0.23994165069279189,0.299323171377182,0.05957885986980907,0.23234946019727243,,
A048,rough_lateral,303,4,100,0.2474508898302833,0.30604174733161926,0.0586028787541517,0.22693442711774842,,
A048,rough_lateral,303,5,100,0.2585119617814049,0.31805720925331116,0.05851423804135246,0.21890156780729053,,
A048,rough_lateral,303,6,100,0.2535956573677573,0.3119618147611618,0.058411419710373495,0.20431830689365846,,
A048,rough_lateral,303,7,100,0.23947017787293318,0.2991294413805008,0.059673426623012935,0.2454163172795547,,
A048,rough_lateral,303,8,100,0.24840459482555083,0.30472466349601746,0.05689422077036159,0.20692802541389443,,
A048,rough_lateral,303,9,100,0.23383693819377513,0.29158633947372437,0.05791728381804604,0.2626715258526766,,
A048,rough_lateral,303,10,100,0.23917764265907002,0.295962855219841,0.05683600583815957,0.23510646842034597,,
A048,rough_lateral,303,11,100,0.23805395963995216,0.29764124751091003,0.05918582365474599,0.21431062943166904,,
A048,rough_lateral,303,12,100,0.23665066135120902,0.2948298752307892,0.0576577314081039,0.20916382778705728,,
A048,rough_lateral,303,13,100,0.2650211034292843,0.32101789116859436,0.05597620979349881,0.17614063892513893,,
A048,rough_lateral,303,14,100,0.22751937942071393,0.2841673940420151,0.05632262816403639,0.11084722471777347,,
A048,rough_lateral,303,15,100,0.27180582778976564,0.3272128254175186,0.05531009123287099,0.28723197999367656,,
A048,rough_lateral,303,16,100,0.25447305821798705,0.3133668601512909,0.05877071523411388,0.07740270803078249,,
A048,rough_lateral,303,17,100,0.22855686503935627,0.2849624902009964,0.05648339113449668,0.2068124307501766,,
A048,rough_lateral,303,18,100,0.2403566634909992,0.2974163144826889,0.057690033938158004,0.23586202170751774,,
A048,rough_lateral,303,19,100,0.2342970864498679,0.2903260737657547,0.05605650713099515,0.11783197361282549,,
A048,rough_lateral,303,20,100,0.2154163439324833,0.2754468470811844,0.06025886535644531,0.20407417786060622,,
A048,rough_lateral,303,21,100,0.2516120615649351,0.3097369074821472,0.05787756098782952,0.2406522925437632,,
A048,rough_lateral,303,22,100,0.2682968931880227,0.32753416895866394,0.05924827147295131,0.23467678517796892,,
A048,rough_lateral,303,23,100,0.2673751316606042,0.32547086477279663,0.0577583567981414,0.11802014404192576,,
A048,rough_lateral,303,24,100,0.25589904205046876,0.31448574364185333,0.05882844057950107,0.2420598291946326,,
A048,rough_lateral,303,25,100,0.2407904919934145,0.30222858488559723,0.06159353001232453,0.24767127151719057,,
A048,rough_lateral,303,26,100,0.2235886680091766,0.28350506722927094,0.061047202125590116,0.2064726252187813,,
A048,rough_lateral,303,27,100,0.2288158427585255,0.2883245497941971,0.05854833062319832,0.2324892685301183,,
A048,rough_lateral,303,28,100,0.27424178164910507,0.336713045835495,0.06228857499392912,0.07975494909886802,,
A048,rough_lateral,303,29,100,0.2460756748117865,0.30777668952941895,0.06151325307427881,0.23280328826435925,,
A048,rough_lateral,303,30,100,0.23398253568672242,0.2936451882123947,0.059721095039245276,0.21505634077555924,,
A048,rough_lateral,303,31,100,0.22898720451854765,0.2892305254936218,0.059927812872085984,0.21626229508387046,,
A048,rough_forward,101,0,100,0.305384852271029,0.36031676828861237,0.05639037473953981,0.5139690889799353,,
A048,rough_forward,101,1,100,0.29540061464602935,0.3535245805978775,0.05768543896190623,0.5021087797326906,,
A048,rough_forward,101,2,100,0.29183629123284854,0.3489023745059967,0.0570482111232166,0.5032996978701089,,
A048,rough_forward,101,3,100,0.31806442460274315,0.3785358965396881,0.05948981116799747,0.4791377834154337,,
A048,rough_forward,101,4,100,0.24644244689354922,0.303632989525795,0.05703689452798609,0.4722868489120165,,
A048,rough_forward,101,5,100,0.31845122496074535,0.3753074109554291,0.05658573007838612,0.5091428791409509,,
A048,rough_forward,101,6,100,0.3216885444633463,0.3804027736186981,0.058870555245302575,0.4866326069635372,,
A048,rough_forward,101,7,100,0.30228535631761194,0.3587791919708252,0.056852651789864116,0.5147294052559108,,
A048,rough_forward,101,8,100,0.3071665045093087,0.3647867441177368,0.05780020627108487,0.4798170589582091,,
A048,rough_forward,101,9,100,0.3299751366204756,0.38777612149715424,0.05805989127745603,0.49951792782420557,,
A048,rough_forward,101,10,100,0.2940812968315288,0.3545927107334137,0.0590215468789167,0.49703886816982656,,
A048,rough_forward,101,11,100,0.29319653313427685,0.35283665359020233,0.05948224807168073,0.5239404092980074,,
A048,rough_forward,101,12,100,0.28899532500754066,0.3490268141031265,0.05992776187345943,0.4879080162234323,,
A048,rough_forward,101,13,100,0.2995160481827782,0.36264657974243164,0.06277120559610785,0.5061601627111799,,
A048,rough_forward,101,14,100,0.2839184926155417,0.34183865785598755,0.05679321799048766,0.5027377161575571,,
A048,rough_forward,101,15,100,0.3067609103605709,0.3644767850637436,0.05734238140085801,0.46759583764828094,,
A048,rough_forward,101,16,100,0.3140804039284507,0.37553080916404724,0.06204238422414199,0.49006570026926466,,
A048,rough_forward,101,17,100,0.31968277182808535,0.37898510694503784,0.05939053724156344,0.5078349098897103,,
A048,rough_forward,101,18,100,0.2865104990050117,0.3459146171808243,0.05928978945482223,0.5000066280695827,,
A048,rough_forward,101,19,100,0.3149334068763702,0.37529192864894867,0.059878359503924526,0.5247881339493222,,
A048,rough_forward,101,20,100,0.28148167265608987,0.34055301547050476,0.05937289681664125,0.49576977234815456,,
A048,rough_forward,101,21,100,0.30548841358824846,0.3670421838760376,0.06218117188642369,0.5266077245711737,,
A048,rough_forward,101,22,100,0.2851518669867898,0.34233976900577545,0.056287714504303143,0.4771568902541396,,
A048,rough_forward,101,23,100,0.29227208597137333,0.3517912030220032,0.05912971496582031,0.49773420939271235,,
A048,rough_forward,101,24,100,0.2771613151631891,0.3331570625305176,0.056503219400497684,0.4863792103169302,,
A048,rough_forward,101,25,100,0.29280218179213174,0.35414640605449677,0.06118762174392129,0.49806500138283927,,
A048,rough_forward,101,26,100,0.2914930052138905,0.35024039447307587,0.05859522896016983,0.5001354450596995,,
A048,rough_forward,101,27,100,0.2890968153820956,0.34230688214302063,0.0542816886289872,0.4904104433511251,,
A048,rough_forward,101,28,100,0.30287496259505736,0.364293709397316,0.06214424378094189,0.5018304235819087,,
A048,rough_forward,101,29,100,0.277877947066557,0.3374200016260147,0.05867976938339478,0.5074140799925991,,
A048,rough_forward,101,30,100,0.3201824893607175,0.3796456307172775,0.059043685382700224,0.45872734713660984,,
A048,rough_forward,101,31,100,0.3017293659442249,0.3671317994594574,0.064069049243621,0.4860139976840493,,
A048,rough_forward,202,0,100,0.29059824769828413,0.3494037091732025,0.05869147866804969,0.4981777604983289,,
A048,rough_forward,202,1,100,0.29227809352989503,0.3541802018880844,0.06124428631787632,0.5028616885500554,,
A048,rough_forward,202,2,100,0.30506368435640385,0.365722194314003,0.061658619559384925,0.5208374429459499,,
A048,rough_forward,202,3,100,0.3047484895762276,0.3644339442253113,0.05979360488646808,0.49962002725936494,,
A048,rough_forward,202,4,100,0.31210310287016596,0.37510521709918976,0.06301579500902146,0.5188167768402578,,
A048,rough_forward,202,5,100,0.29837200651194323,0.35644689202308655,0.058207216109821505,0.5229363728586467,,
A048,rough_forward,202,6,100,0.2722374823960391,0.3337571918964386,0.06145884773947975,0.5309025509697451,,
A048,rough_forward,202,7,100,0.31139364990002333,0.37254147231578827,0.060741638754778365,0.5267026093918991,,
A048,rough_forward,202,8,100,0.29688122063715827,0.3568921238183975,0.05958707064868295,0.536145414734043,,
A048,rough_forward,202,9,100,0.3068139474181568,0.36523284018039703,0.06005324399407535,0.4900570220960818,,
A048,rough_forward,202,10,100,0.3157719624711868,0.375497967004776,0.060131649282526844,0.5094818091716293,,
A048,rough_forward,202,11,100,0.28493810154218724,0.34384995698928833,0.05828410163920193,0.5067064816496804,,
A048,rough_forward,202,12,100,0.2978686766828445,0.360683411359787,0.06297169139678466,0.49473817873861814,,
A048,rough_forward,202,13,100,0.3019814140656415,0.3601175397634506,0.05842855014903023,0.48709885735004566,,
A048,rough_forward,202,14,100,0.29151690731392826,0.349932923913002,0.058482822887400254,0.5041927792269993,,
A048,rough_forward,202,15,100,0.2822663031797358,0.3413756638765335,0.058460898577848225,0.5094221864168196,,
A048,rough_forward,202,16,100,0.3135531184507564,0.37135548889636993,0.057757362324923754,0.5156303902025816,,
A048,rough_forward,202,17,100,0.2911502507759288,0.3513854444026947,0.06033102331314495,0.5026801364454112,,
A048,rough_forward,202,18,100,0.29860653540986104,0.35727542638778687,0.05653940802589457,0.49571283545064593,,
A048,rough_forward,202,19,100,0.3197981987726242,0.37909944355487823,0.059143102105288586,0.5069989340628747,,
A048,rough_forward,202,20,100,0.2887990828503899,0.3439149558544159,0.05616089621967173,0.5018268720119404,,
A048,rough_forward,202,21,100,0.2966719496058908,0.35308443009853363,0.0564935500609046,0.5240736992774033,,
A048,rough_forward,202,22,100,0.2958924928929079,0.3554038554430008,0.059294828119124954,0.5319923298215696,,
A048,rough_forward,202,23,100,0.29121951041693356,0.35073281824588776,0.05950990972671917,0.49033594169370237,,
A048,rough_forward,202,24,100,0.3115217571749407,0.37178927659988403,0.05874558821081478,0.5034949911560986,,
A048,rough_forward,202,25,100,0.2826158778074591,0.3401389420032501,0.05550404410948728,0.5386195099747059,,
A048,rough_forward,202,26,100,0.31218556446187634,0.37075620889663696,0.05882172916024764,0.5091279334528361,,
A048,rough_forward,202,27,100,0.2670527073470029,0.3290753662586212,0.06132376767734793,0.49023468980623236,,
A048,rough_forward,202,28,100,0.3004406249140673,0.35997840762138367,0.060337642934870594,0.5229677505411838,,
A048,rough_forward,202,29,100,0.3106505952895007,0.3711656928062439,0.06048033199208305,0.5169638555605833,,
A048,rough_forward,202,30,100,0.27481632309163956,0.33477795124053955,0.06026401111786378,0.4768699375681015,,
A048,rough_forward,202,31,100,0.2679666469600749,0.3244437128305435,0.05598591993199313,0.49882470255657435,,
A048,rough_forward,303,0,100,0.30179907740118667,0.35989953577518463,0.05811182827873026,0.49001517444266884,,
A048,rough_forward,303,1,100,0.2962604384211933,0.35488465428352356,0.059728525539133,0.5091296416401141,,
A048,rough_forward,303,2,100,0.30425867047858113,0.3606252521276474,0.05585459336877507,0.4851959396591878,,
A048,rough_forward,303,3,100,0.33282852985642175,0.3914158195257187,0.057980302820868676,0.49585769236337884,,
A048,rough_forward,303,4,100,0.30415652588727005,0.3639611154794693,0.059736863814573236,0.5180921424403807,,
A048,rough_forward,303,5,100,0.3250535384697073,0.38555073738098145,0.05991225829098951,0.5124106716256074,,
A048,rough_forward,303,6,100,0.3079291442658174,0.3689071089029312,0.06008041606229894,0.5179447876397101,,
A048,rough_forward,303,7,100,0.3005749287611661,0.36002303659915924,0.05948993866456384,0.49076179213334226,,
A048,rough_forward,303,8,100,0.29060765718393783,0.3493104577064514,0.059372901916503906,0.5265867729394158,,
A048,rough_forward,303,9,100,0.3121806591908562,0.3700275272130966,0.058827058516721674,0.5063845042754944,,
A048,rough_forward,303,10,100,0.32314426447937195,0.3831077069044113,0.059632790917381245,0.5210451909234257,,
A048,rough_forward,303,11,100,0.29837814618878183,0.3569169342517853,0.05755524456819748,0.47398353729854914,,
A048,rough_forward,303,12,100,0.3075087515906217,0.36665119230747223,0.05876162727886343,0.5259612636329642,,
A048,rough_forward,303,13,100,0.3046302196176294,0.363147497177124,0.058799126568962544,0.48496047555125654,,
A048,rough_forward,303,14,100,0.27760238833924666,0.33733798563480377,0.05975341286888734,0.4732835898985188,,
A048,rough_forward,303,15,100,0.30464840732156273,0.36362046003341675,0.05835127703008805,0.48456472006940365,,
A048,rough_forward,303,16,100,0.29697103320277307,0.35698117315769196,0.05972018726369276,0.5167525860116586,,
A048,rough_forward,303,17,100,0.291577630183276,0.3490373343229294,0.05723246406106388,0.5026876350521399,,
A048,rough_forward,303,18,100,0.29581426052167453,0.350843608379364,0.05498869788837943,0.5118971626262642,,
A048,rough_forward,303,19,100,0.26709128637364843,0.3258434534072876,0.05958729504263975,0.5096834815856599,,
A048,rough_forward,303,20,100,0.272898313275633,0.3349306583404541,0.06171921612744663,0.5118979461944059,,
A048,rough_forward,303,21,100,0.3096283958716826,0.3700181394815445,0.06020714764926523,0.489186661632099,,
A048,rough_forward,303,22,100,0.31106689030473883,0.3718129098415375,0.060811608870399186,0.52606547866599,,
A048,rough_forward,303,23,100,0.3228610443240181,0.3801431804895401,0.05782229887610451,0.48763978180834733,,
A048,rough_forward,303,24,100,0.32364401069873155,0.38362230360507965,0.05964156268114712,0.5157006327248537,,
A048,rough_forward,303,25,100,0.2925926744937897,0.3537019193172455,0.06067580972763306,0.4816240652945021,,
A048,rough_forward,303,26,100,0.30538182438694855,0.3654591143131256,0.05935054921848888,0.47514743034099294,,
A048,rough_forward,303,27,100,0.30007243953286644,0.3583986908197403,0.05743501530611579,0.5174067861786072,,
A048,rough_forward,303,28,100,0.3033400769220954,0.3638148605823517,0.06000742682798661,0.48685303412730757,,
A048,rough_forward,303,29,100,0.3047736782759906,0.3654686510562897,0.061438948075401595,0.47390590893428985,,
A048,rough_forward,303,30,100,0.30647857901565534,0.36391572654247284,0.05721571611210624,0.5037832126912956,,
A048,rough_forward,303,31,100,0.30339783908211615,0.3619448393583298,0.05876019421745749,0.5122107616263785,,
A048,stairs_10_down,101,0,100,0.2909272637437372,-0.3551971763372421,-0.6505355834960938,0.5081568722738187,1,0.29614794684603885
A048,stairs_10_down,101,1,100,0.27765724788056334,-0.35927510261535645,-0.6240649146829698,0.5321134818085804,1,0.2402052241850664
A048,stairs_10_down,101,2,100,0.2909588754017723,-0.38109518587589264,-0.6759367805113767,0.5384972878545837,1,0.2832201846780624
A048,stairs_10_down,101,3,100,0.2522837753123778,-0.36128145456314087,-0.6117651628300468,0.316437463386932,1,0.29506023188325814
A048,stairs_10_down,101,4,100,0.2890005160302402,-0.3818565607070923,-0.670589778512557,0.5512430970184545,1,0.2915380259248662
A048,stairs_10_down,101,5,100,0.3124274835388928,-0.3580576628446579,-0.6727280285269182,0.557043724056265,1,0.3091172249240671
A048,stairs_10_down,101,6,100,0.3215440565092679,-0.37097296118736267,-0.6967921486512862,0.5278928156519631,1,0.30281747789943925
A048,stairs_10_down,101,7,100,0.3173166235341108,-0.3767889738082886,-0.6981295060346471,0.516179560158224,1,0.31061161185968367
A048,stairs_10_down,101,8,100,0.3082831582442962,-0.37141820788383484,-0.6823535195008956,0.532725792643831,1,0.30113223274761347
A048,stairs_10_down,101,9,100,0.32284020461181906,-0.3647487461566925,-0.6868990984829989,0.5154901211603039,1,0.3245428564714238
A048,stairs_10_down,101,10,100,0.2886546350577298,-0.3999612182378769,-0.6965247526525813,0.5205252502365066,1,0.28299432084522147
A048,stairs_10_down,101,11,46,0.25377770214476053,-0.3805803656578064,-0.637166385344643,0.5521154380864592,1,0.267187929727177
A048,stairs_10_down,101,12,100,0.2888050233138436,-0.3479345738887787,-0.6438508926228406,0.5350252916484287,1,0.30063213240654074
A048,stairs_10_down,101,13,55,0.2900420210578225,-0.36877524852752686,-0.6518721453008804,0.576075187602175,1,0.2872851419257608
A048,stairs_10_down,101,14,100,0.2982901369425702,-0.326910138130188,-0.5933156854966107,0.5757445428938657,1,0.3023721207590664
A048,stairs_10_down,101,15,100,0.31168028791957997,-0.3738764524459839,-0.6930484975723021,0.533856797876314,1,0.305150160814989
A048,stairs_10_down,101,16,100,0.29176579025339955,-0.3747553378343582,-0.6639043991578455,0.5188255205933003,1,0.2912337220607595
A048,stairs_10_down,101,17,100,0.2900851639037464,-0.3329463303089142,-0.6117646681433693,0.567985228894476,1,0.2942779349452034
A048,stairs_10_down,101,18,100,0.23795742338353937,-0.3787362426519394,-0.6168449575250798,0.5460864530149282,1,0.27624597794869366
A048,stairs_10_down,101,19,100,0.3050641596795403,-0.3614104986190796,-0.6668455919479941,0.5377621623208532,1,0.30361082225559866
A048,stairs_10_down,101,20,100,0.3062400107077736,-0.37988637387752533,-0.694118504855722,0.5224737202501661,1,0.2892103370498208
A048,stairs_10_down,101,21,100,0.28956686621681255,-0.36737097799777985,-0.6526746341888918,0.5444691056394266,1,0.2864648322051859
A048,stairs_10_down,101,22,100,0.28138690358177226,-0.38555939495563507,-0.6692518346449908,0.5257731737828593,1,0.2844157540861936
A048,stairs_10_down,101,23,100,0.26969642873435096,-0.3553113043308258,-0.5898399302028717,0.5826275062118851,1,0.2814344618728454
A048,stairs_10_down,101,24,35,0.254668178245983,-0.3932780623435974,-0.6465246843144218,0.5700418224715634,1,0.2523062312029263
A048,stairs_10_down,101,25,100,0.2993531109974346,-0.3939812332391739,-0.6978617632452817,0.5091108823493724,1,0.28913953740966514
A048,stairs_10_down,101,26,100,0.27649394100043867,-0.3856695890426636,-0.6676478666417739,0.5366084121940118,1,0.28401940184481
A048,stairs_10_down,101,27,100,0.26332265592832615,-0.3474346101284027,-0.6131024845143691,0.5359834418222766,1,0.29039617257322214
A048,stairs_10_down,101,28,47,0.2823935616462626,-0.3776802122592926,-0.6508029386958974,0.5472617899223018,0,0.28150403435854987
A048,stairs_10_down,101,29,100,0.27237573815858296,-0.3585001230239868,-0.6315515691583806,0.5238203813114519,1,0.27304176420451487
A048,stairs_10_down,101,30,100,0.31600885627104,-0.35853059589862823,-0.6812842771968739,0.5260427042522959,1,0.3108580267046862
A048,stairs_10_down,101,31,82,0.2795887461958085,-0.3744484782218933,-0.6409096590337906,0.5225763905605723,1,0.2885905725751968
A048,stairs_10_down,202,0,65,0.23046439248610306,-0.3900381624698639,-0.6112306054263191,0.4470409314842629,1,0.24928982404464073
A048,stairs_10_down,202,1,100,0.2709712527971217,-0.29353465139865875,-0.5470590540432038,0.5634371285968648,1,0.2640005318238774
A048,stairs_10_down,202,2,100,0.31648764835003224,-0.36969566345214844,-0.6887712886626707,0.5283580858469372,1,0.3015674641106856
A048,stairs_10_down,202,3,100,0.2348392050374638,-0.3722888231277466,-0.6101610877297141,0.35495043330495296,1,0.2865418662680662
A048,stairs_10_down,202,4,100,0.31712608812327053,-0.3705374002456665,-0.6903754810598445,0.539314376791046,1,0.2995715533348329
A048,stairs_10_down,202,5,54,0.26738532094713197,-0.375917911529541,-0.6457226595139121,0.5376808991709618,0,0.27300075015282244
A048,stairs_10_down,202,6,100,0.27556458840714415,-0.3633119612932205,-0.6256690152826156,0.574205529979225,1,0.2772309870962153
A048,stairs_10_down,202,7,47,0.2568374923206268,-0.3702695071697235,-0.632086248958812,0.5153113929667862,1,0.27197714715717947
A048,stairs_10_down,202,8,100,0.275093591149478,-0.3904544413089752,-0.6695191337463052,0.5283241703593807,1,0.2746787737397587
A048,stairs_10_down,202,9,47,0.28066421527276064,-0.3686353266239166,-0.6491981241154798,0.5735390404587719,0,0.2807084621592639
A048,stairs_10_down,202,10,100,0.3071769877551074,-0.37184812128543854,-0.6879684427842737,0.5318221722990146,1,0.3042918717797427
A048,stairs_10_down,202,11,100,0.2992924766585151,-0.38532403111457825,-0.6887709979704995,0.5354061234665897,1,0.29121269803633665
A048,stairs_10_down,202,12,100,0.28911577969948876,-0.38629893958568573,-0.6764708126292509,0.5101477432943189,1,0.2805163503330659
A048,stairs_10_down,202,13,100,0.3094974522762758,-0.3627743721008301,-0.676738708414496,0.5284753593124594,1,0.3081803535395128
A048,stairs_10_down,202,14,100,0.2885908572112813,-0.3872235268354416,-0.6754016315235811,0.5440142344958387,1,0.2816691084660311
A048,stairs_10_down,202,15,100,0.2905926761780193,-0.39856836199760437,-0.6935837689568015,0.5148550523141392,1,0.2774001359939575
A048,stairs_10_down,202,16,100,0.29321591556072235,-0.36203819513320923,-0.6470594916114196,0.514165058538425,1,0.30544712326743384
A048,stairs_10_down,202,17,100,0.27111324173881407,-0.36378014087677,-0.6334230351575556,0.5915344575560209,1,0.27160946204063086
A048,stairs_10_down,202,18,100,0.28220515734052914,-0.37357306480407715,-0.6524071769918349,0.552905364218023,1,0.28219445121479547
A048,stairs_10_down,202,19,68,0.2722439750789959,-0.3734840005636215,-0.6385032072424252,0.5532807597354612,1,0.2888948480713176
A048,stairs_10_down,202,20,100,0.28671052446339856,-0.3988803029060364,-0.6877011742821352,0.5324443652062422,1,0.2848336887869606
A048,stairs_10_down,202,21,100,0.31062108589047416,-0.3665916472673416,-0.6780756374093938,0.5258136368133168,1,0.2989973543799497
A048,stairs_10_down,202,22,100,0.2681752766836136,-0.29371505975723267,-0.5588237079069576,0.575551638678863,1,0.2700813363261402
A048,stairs_10_down,202,23,100,0.28403214353291106,-0.386134997010231,-0.6700540787395947,0.5177494258958228,1,0.286849240249491
A048,stairs_10_down,202,24,100,0.2872569297246117,-0.35353808104991913,-0.5917118806889987,0.5386180944505798,1,0.28517719386095675
A048,stairs_10_down,202,25,100,0.27151928690665544,-0.34704768657684326,-0.6165783010064599,0.5424474505738712,1,0.2846582023536458
A048,stairs_10_down,202,26,74,0.2907924849719287,-0.36369551718235016,-0.6529420811862232,0.5327612818235794,1,0.2950891868315916
A048,stairs_10_down,202,27,100,0.2833336546299929,-0.40372948348522186,-0.6909097324718129,0.4972210263703478,1,0.2780479841372546
A048,stairs_10_down,202,28,100,0.2997896761339616,-0.3783850520849228,-0.6839581249869443,0.5521379938317907,1,0.2868482143802439
A048,stairs_10_down,202,29,100,0.2507056056815673,-0.3644951432943344,-0.6032089753584429,0.5548988257489513,1,0.27915255239303094
A048,stairs_10_down,202,30,100,0.28161246692114333,-0.38522207736968994,-0.6609633287644003,0.5204602575689723,1,0.28718593174760987
A048,stairs_10_down,202,31,100,0.2682264559568568,-0.39068734645843506,-0.6561506138765876,0.5186093286328644,1,0.26806812219441256
A048,stairs_10_down,303,0,100,0.3095782178449121,-0.3555026948451996,-0.6606962030584163,0.5678148950244999,1,0.3028668538134366
A048,stairs_10_down,303,1,86,0.2903843873484249,-0.3834902346134186,-0.6708563279340611,0.5234437020561247,1,0.285158918503134
A048,stairs_10_down,303,2,66,0.2868882769091244,-0.3677808493375778,-0.6574875020725841,0.5491699188670138,1,0.28539405707369514
A048,stairs_10_down,303,3,100,0.327494732597295,-0.366197869181633,-0.6946533835507969,0.513189461563027,1,0.3046840985509801
A048,stairs_10_down,303,4,100,0.28397646227622414,-0.31195467710494995,-0.5994656812698446,0.5706736782682907,1,0.2795921737816245
A048,stairs_10_down,303,5,100,0.2930883644098904,-0.33980028331279755,-0.6334231881534351,0.571852620104788,1,0.3034634724020321
A048,stairs_10_down,303,6,100,0.30701955037321,-0.3638306111097336,-0.655615862678079,0.531603654369199,1,0.30755768198380495
A048,stairs_10_down,303,7,100,0.30352709294959185,-0.3788146525621414,-0.6877015822711476,0.5401298338973997,1,0.30186878025213026
A048,stairs_10_down,303,8,100,0.23010265173759054,-0.3587735444307327,-0.5863639862142145,0.5441375216349139,1,0.2169905169443651
A048,stairs_10_down,303,9,100,0.28792653077426444,-0.37632907927036285,-0.6652411190583745,0.5411998497653276,1,0.2861892749918974
A048,stairs_10_down,303,10,100,0.25799820918769123,-0.3719121515750885,-0.6085565179427039,0.5275117409933838,1,0.26203599444685133
A048,stairs_10_down,303,11,100,0.2892979251589367,-0.3544956147670746,-0.6205887004015918,0.5560697899991442,1,0.28755874366046275
A048,stairs_10_down,303,12,100,0.296725554023197,-0.37720614671707153,-0.6735299207309988,0.5598399566496448,1,0.28944446011023084
A048,stairs_10_down,303,13,98,0.29352153965177386,-0.37039874494075775,-0.658824165874624,0.5020039469960983,1,0.3010976633286093
A048,stairs_10_down,303,14,100,0.29202757927185713,-0.37472590804100037,-0.6692518397448535,0.542366991676098,1,0.29536466706882825
A048,stairs_10_down,303,15,100,0.2895433548937507,-0.30412986874580383,-0.5930485750902146,0.5387014915020987,1,0.2910348635943816
A048,stairs_10_down,303,16,100,0.28451608491932007,-0.3477317690849304,-0.6232624206950959,0.569377111782364,1,0.29706535731407413
A048,stairs_10_down,303,17,100,0.30250444123770465,-0.38723407685756683,-0.6951876604620786,0.500578685517594,0,0.3002846790826257
A048,stairs_10_down,303,18,35,0.2478672828585069,-0.3773454427719116,-0.6229948666006486,0.5422100181452557,0,
A048,stairs_10_down,303,19,97,0.2771891782628023,-0.39336660504341125,-0.6695195162360044,0.5088749248326601,1,0.27700521872642847
A048,stairs_10_down,303,20,100,0.24954639558486125,-0.3040436804294586,-0.5470588602484229,0.5502384962988613,1,0.2419843995634885
A048,stairs_10_down,303,21,100,0.31292726920250263,-0.3711583763360977,-0.6877008580906505,0.5257095137642358,1,0.3026828638372574
A048,stairs_10_down,303,22,100,0.30623610477077773,-0.35337214171886444,-0.6574874816731335,0.5284480882227399,1,0.317285257546022
A048,stairs_10_down,303,23,100,0.30065440350675326,-0.3725799471139908,-0.6740648555245629,0.5155009069394694,1,0.3005346659033056
A048,stairs_10_down,303,24,100,0.2827513774129796,-0.31764473021030426,-0.5949201889854063,0.5508573146693234,1,0.27748599234111804
A048,stairs_10_down,303,25,100,0.30381879569056197,-0.37390942871570587,-0.6745996526218353,0.5207445535917999,1,0.2953284880056738
A048,stairs_10_down,303,26,79,0.2880209313038199,-0.377121239900589,-0.6582894860741927,0.5646977512223943,1,0.29092451722864165
A048,stairs_10_down,303,27,100,0.2859154777093367,-0.3369789272546768,-0.5975942305702577,0.5258928634092515,1,0.2832646891076297
A048,stairs_10_down,303,28,100,0.2758729902101073,-0.3562547117471695,-0.6187171936035156,0.5494506214336843,1,0.2911766955559266
A048,stairs_10_down,303,29,100,0.3190077574335955,-0.37378160655498505,-0.6927817900550557,0.5281016636385851,1,0.296000638588227
A048,stairs_10_down,303,30,100,0.2474474808111548,-0.3766471892595291,-0.6208563513934293,0.5642745534346905,1,0.27112425122669037
A048,stairs_10_down,303,31,100,0.2824579310767791,-0.35162852704524994,-0.6374337966429359,0.5708619620359348,0,0.27709634530353033
A048,stairs_15_down,101,0,62,0.2777446172135399,-0.7273116409778595,-0.9954539110316312,0.5335811363984093,1,0.26455801247275446
A048,stairs_15_down,101,1,42,0.2744552432534529,-0.7084540128707886,-0.9826198159692121,0.49718674157548975,0,
A048,stairs_15_down,101,2,94,0.2840127587955903,-0.7278464436531067,-1.0167111789478975,0.5308532086020519,0,0.2664240448870123
A048,stairs_15_down,101,3,44,0.2861699423687981,-0.7015982866287231,-0.9778069786846957,0.5208952213040199,0,0.2692509140560334
A048,stairs_15_down,101,4,87,0.2793202486267701,-0.7351313233375549,-1.0235288283404183,0.5377764114841106,0,0.2764685517326395
A048,stairs_15_down,101,5,100,0.3050638395834734,-0.7049671411514282,-1.0086893856844164,0.5422387090135834,1,0.2996285697993111
A048,stairs_15_down,101,6,100,0.31879595447989073,-0.7220232486724854,-1.0451866394695752,0.5223274249635875,1,0.2932159463989543
A048,stairs_15_down,101,7,100,0.31256782976701303,-0.7291094362735748,-1.0479939404655905,0.5202877700179511,0,0.2817781181896434
A048,stairs_15_down,101,8,94,0.30467494732555866,-0.7199448645114899,-1.023930121233119,0.5445497800646972,0,0.2959490565055194
A048,stairs_15_down,101,9,100,0.31242703865556154,-0.7170527577400208,-1.0303468398231872,0.5357413354384637,0,0.28711622060938957
A048,stairs_15_down,101,10,100,0.2863624816272349,-0.7495900690555573,-1.043983153480897,0.5191630603530563,0,0.2703538221471451
A048,stairs_15_down,101,11,31,0.25435802738934277,-0.7186359763145447,-0.9729940037038874,0.5808294401414984,0,0.24354192949233844
A048,stairs_15_down,101,12,57,0.2776637759438172,-0.7193871736526489,-0.999464606218797,0.5679180388886454,0,0.2712889176639006
A048,stairs_15_down,101,13,52,0.2774639558345876,-0.7094263434410095,-0.9778068613878546,0.5749927589914188,0,0.26562132013035333
A048,stairs_15_down,101,14,37,0.2743965613650766,-0.7113682627677917,-0.976202357899059,0.5066649156525482,0,
A048,stairs_15_down,101,15,100,0.3088755475327293,-0.7205340266227722,-1.0395710991028158,0.5408411932311642,1,0.2816114722088696
A048,stairs_15_down,101,16,80,0.2955121633840755,-0.7221727669239044,-1.0122987267805295,0.5293989696738403,1,0.2757011033634451
A048,stairs_15_down,101,17,48,0.27456463164186734,-0.7124246060848236,-0.9882341323689343,0.5496378112735429,0,0.2760917547552343
A048,stairs_15_down,101,18,50,0.2707282365324663,-0.7278387248516083,-0.989838753154571,0.530158136075902,0,0.2648215666811734
A048,stairs_15_down,101,19,88,0.29269056301065954,-0.7150315046310425,-1.0086892326885366,0.5092835095407193,1,0.28764549838030407
A048,stairs_15_down,101,20,100,0.3013938088468051,-0.7304286360740662,-1.041175434296144,0.5247891617368029,0,0.27376421154501607
A048,stairs_15_down,101,21,100,0.24400485183465925,-0.7200336158275604,-0.9741974284942136,0.5580525862167931,1,0.26365853535300265
A048,stairs_15_down,101,22,100,0.2748817364799785,-0.7321208417415619,-1.003876324005943,0.527503234029134,0,0.2777590174725987
A048,stairs_15_down,101,23,48,0.2594430931111708,-0.7126778066158295,-0.9625664114314605,0.5532191450345234,0,0.26005305995278183
A048,stairs_15_down,101,24,29,0.23458485361089043,-0.7378941178321838,-0.9737962936972552,0.5938453816383764,0,
A048,stairs_15_down,101,25,100,0.2982061532410708,-0.7433746457099915,-1.0471917779687892,0.5133042932765683,0,0.2809499266313359
A048,stairs_15_down,101,26,79,0.279776055545093,-0.7345369458198547,-1.0187162409491717,0.5363669148877782,0,0.27155093936359176
A048,stairs_15_down,101,27,45,0.2746222599304933,-0.7255633473396301,-0.98663049585679,0.47462625402148334,0,
A048,stairs_15_down,101,28,42,0.2692975730182015,-0.7223473191261292,-0.9826199740649544,0.5519344467997127,0,0.26363833989689056
A048,stairs_15_down,101,29,69,0.25810443908773006,-0.717903196811676,-0.9745984816933698,0.511690485844816,0,0.2599177392408809
A048,stairs_15_down,101,30,100,0.3078929820162727,-0.7112594842910767,-1.0219246053440685,0.5248703666049781,1,0.29029778745722645
A048,stairs_15_down,101,31,58,0.2780148575012697,-0.7127740383148193,-0.9882352390391305,0.5420467477580717,0,0.2774190982395315
A048,stairs_15_down,202,0,30,0.2289765823014917,-0.7253787815570831,-0.9613631702361898,0.5204811689764506,0,
A048,stairs_15_down,202,1,22,,,,,0,
A048,stairs_15_down,202,2,100,0.31473395451504915,-0.7187003195285797,-1.0331546967042322,0.5307223009124469,0,0.2906829539467306
A048,stairs_15_down,202,3,41,0.2729611862152018,-0.7124289274215698,-0.9721919993028284,0.5683623673017139,0,0.27285303310914477
A048,stairs_15_down,202,4,100,0.31580245957017583,-0.7177236080169678,-1.034758843202642,0.5350692274472459,0,0.2856185595619487
A048,stairs_15_down,202,5,40,0.2646937277865283,-0.717985987663269,-0.9810156133723131,0.5573269375739647,0,0.2550384609457006
A048,stairs_15_down,202,6,100,0.2557938787388929,-0.6938621997833252,-0.9344915961199266,0.5470920901627909,1,0.26230741216537146
A048,stairs_15_down,202,7,30,0.26068128812759317,-0.7042325735092163,-0.9669783281132499,0.5871684493859275,0,0.25506408265567715
A048,stairs_15_down,202,8,82,0.27799005208805927,-0.7357920408248901,-1.017111620163535,0.5379758291129428,0,0.2661247125921402
A048,stairs_15_down,202,9,49,0.26006604133442757,-0.7119739651679993,-0.9721915811140907,0.5204463516153652,0,0.2647144788089283
A048,stairs_15_down,202,10,100,0.3024868904588056,-0.7193791270256042,-1.0319507721273657,0.5402334599550457,0,0.28866844604359587
A048,stairs_15_down,202,11,100,0.2965332408321095,-0.7304518520832062,-1.033154344813709,0.5471301507246191,0,0.2757626510558919
A048,stairs_15_down,202,12,87,0.2833065390586853,-0.7381057739257812,-1.0179142263483874,0.5481659683478057,1,0.25331357583642644
A048,stairs_15_down,202,13,100,0.30548059541911365,-0.7153927981853485,-1.0151064357655573,0.5256767485747644,1,0.2993100336528717
A048,stairs_15_down,202,14,94,0.2856053485271127,-0.7319964170455933,-1.0171117374603762,0.5525779401108546,0,0.2707377888939597
A048,stairs_15_down,202,15,100,0.28799105216475096,-0.7455727756023407,-1.0403737766857453,0.5191743793899382,0,0.2778460561910414
A048,stairs_15_down,202,16,69,0.31210740811047066,-0.7070954442024231,-1.0058816206008994,0.5486509022015298,0,0.2950467072068689
A048,stairs_15_down,202,17,59,0.25618335206240883,-0.7318825721740723,-0.9970581544274315,0.5726254902367881,0,0.2532259681645561
A048,stairs_15_down,202,18,75,0.27253282612020313,-0.7263866662979126,-1.0018709356134587,0.5339477470246414,1,0.2659698794869816
A048,stairs_15_down,202,19,47,0.2761853212978751,-0.7112863063812256,-0.9818176126735095,0.5505084168520876,0,0.2745356158139234
A048,stairs_15_down,202,20,100,0.28112987783503407,-0.7418648600578308,-1.0311490686182032,0.535870830598464,0,0.26676668170939155
A048,stairs_15_down,202,21,100,0.3020143011674524,-0.7182266414165497,-1.0175125764653008,0.5160404908144196,0,0.2809628267339207
A048,stairs_15_down,202,22,28,0.23986217268010512,-0.7232607305049896,-0.9613629866411342,0.5749990284471815,0,
A048,stairs_15_down,202,23,93,0.27737785820017524,-0.7365231513977051,-1.0122990021731126,0.5122660743653299,0,0.27604942653268416
A048,stairs_15_down,202,24,36,0.2646939285936203,-0.7115621566772461,-0.9701868557037516,0.580361269123,0,0.2600632740214547
A048,stairs_15_down,202,25,99,0.23085105642277925,-0.71892249584198,-0.9272723988415723,0.5437833282009259,0,0.2546849174295517
A048,stairs_15_down,202,26,61,0.2950297957435649,-0.7051471471786499,-0.9922453528419536,0.5387879290421433,0,0.2864537270948848
A048,stairs_15_down,202,27,100,0.2819103276665835,-0.7500952780246735,-1.0375662308963225,0.4920495742030613,0,0.26154975521373236
A048,stairs_15_down,202,28,100,0.293914846239243,-0.7225354313850403,-1.0259352954313716,0.5525047798360907,0,0.2747878148594004
A048,stairs_15_down,202,29,45,0.26622341820262974,-0.7134713530540466,-0.9818175310757071,0.5704924964724574,0,0.26622341820262974
A048,stairs_15_down,202,30,76,0.27904000256788286,-0.733235090970993,-1.0151066397600634,0.5324164781076571,0,0.27275681686911357
A048,stairs_15_down,202,31,69,0.2675902629918594,-0.7393106818199158,-1.0131008535782922,0.5123167341229261,0,0.2551030443313925
A048,stairs_15_down,303,0,74,0.29993000706249384,-0.7107778191566467,-1.0110960312705628,0.5721687408965046,0,0.28949804133909907
A048,stairs_15_down,303,1,78,0.28058955280538544,-0.7291358411312103,-1.0106946873792353,0.5304584616534311,0,0.26991538121738534
A048,stairs_15_down,303,2,57,0.2804945015652295,-0.7155033946037292,-0.991443266843092,0.5512654605665678,0,0.2692361502723898
A048,stairs_15_down,303,3,100,0.3247173363193472,-0.7133640944957733,-1.0419780965794854,0.517431669976915,1,0.29883932206719965
A048,stairs_15_down,303,4,37,0.26138071994730494,-0.7115726470947266,-0.9721921318992574,0.5668901797953837,1,
A048,stairs_15_down,303,5,47,0.27248646422503464,-0.7175370454788208,-0.9946523146195845,0.5737723096154252,0,0.26722399659335294
A048,stairs_15_down,303,6,72,0.3007576712631287,-0.7120325863361359,-1.005480761196524,0.5325214404781364,0,0.2936157000893578
A048,stairs_15_down,303,7,100,0.3026621403859898,-0.7232222557067871,-1.030747928721382,0.5616301829035844,0,0.3009087787592475
A048,stairs_15_down,303,8,22,,,,,0,
A048,stairs_15_down,303,9,76,0.2901254830194667,-0.7251130640506744,-1.0139030058753682,0.5294058321777524,0,0.2713840508206006
A048,stairs_15_down,303,10,40,0.2696132508509937,-0.7162005007266998,-0.9758015902922115,0.5264040841928224,1,
A048,stairs_15_down,303,11,48,0.2773902515039087,-0.7181981205940247,-0.9918445240367543,0.5469430914190345,1,0.274333907958658
A048,stairs_15_down,303,12,93,0.29080288901048545,-0.7248970866203308,-1.015507550163065,0.5512849745734125,0,0.27862123403957184
A048,stairs_15_down,303,13,77,0.28908534642846817,-0.7202285528182983,-1.0058818041959547,0.533237511522421,0,0.28817976891675734
A048,stairs_15_down,303,14,100,0.2833059546462992,-0.7190420031547546,-1.0026730471116336,0.5308727886627902,0,0.2809619310705419
A048,stairs_15_down,303,15,38,0.26118058412470285,-0.7143574357032776,-0.9762024088976855,0.5811503380800902,0,0.2608569873208031
A048,stairs_15_down,303,16,100,0.25664190334432263,-0.692194402217865,-0.9304805490422376,0.5534730532417984,1,0.2836083285311327
A048,stairs_15_down,303,17,100,0.3026848821079029,-0.7314938902854919,-1.0423791293791909,0.5057746806598193,1,0.27986555558474935
A048,stairs_15_down,303,18,20,,,,,0,
A048,stairs_15_down,303,19,85,0.26810692529627356,-0.740776538848877,-1.0131009351760947,0.529590446428992,0,0.2599575133884654
A048,stairs_15_down,303,20,21,,,,,0,
A048,stairs_15_down,303,21,100,0.30973162243072994,-0.7188384532928467,-1.0315498260253255,0.5385148702569611,1,0.2898687047754379
A048,stairs_15_down,303,22,100,0.27418073708998325,-0.7105645835399628,-0.9838230877636588,0.5508273306146318,1,0.276216964670681
A048,stairs_15_down,303,23,89,0.29591595584695984,-0.7190650105476379,-1.0163095647638494,0.513595661689559,0,0.29114682374791023
A048,stairs_15_down,303,24,34,0.24681761717413836,-0.7172835469245911,-0.9685824797115223,0.6366580344554584,0,
A048,stairs_15_down,303,25,91,0.29784956144139096,-0.719664454460144,-1.018715883958786,0.517000690437705,1,0.2849309033251064
A048,stairs_15_down,303,26,69,0.2782905519327378,-0.7200316190719604,-0.9938499532281396,0.5711514952183341,1,0.2741265835609028
A048,stairs_15_down,303,27,37,0.258232132955031,-0.7151841521263123,-0.9721925194888191,0.5621609144758513,0,0.25556100562294537
A048,stairs_15_down,303,28,61,0.2798261785889692,-0.7194665670394897,-0.9802137160683698,0.4595890259507059,1,0.27835259367437926
A048,stairs_15_down,303,29,100,0.3178979193463045,-0.7181896567344666,-1.039170688486354,0.5304077385532825,1,0.28868716508946957
A048,stairs_15_down,303,30,45,0.26006892180060326,-0.7317635416984558,-0.9874325512564756,0.6147381668820839,0,0.25410676958726686
A048,stairs_15_down,303,31,100,0.2686334491413545,-0.6923166513442993,-0.9561493511505943,0.5411050194561917,0,0.2661659029078356
A049,rough_lateral,101,0,100,0.3362058093522322,0.3930826932191849,0.057162876435142146,0.254693551940704,,
A049,rough_lateral,101,1,100,0.3505114371126348,0.4094544053077698,0.05875517595260539,0.24946914518775964,,
A049,rough_lateral,101,2,100,0.35493149325490636,0.41223418712615967,0.05575584982805711,0.2040705697490978,,
A049,rough_lateral,101,3,100,0.3662942658293056,0.42462991178035736,0.05805658656645586,0.16688788244373248,,
A049,rough_lateral,101,4,100,0.3434032786657466,0.40209269523620605,0.059954561651709246,0.2558859851969004,,
A049,rough_lateral,101,5,100,0.34736037174648143,0.40640875697135925,0.059416398645084814,0.16338962341930507,,
A049,rough_lateral,101,6,100,0.3700170253209252,0.4247291088104248,0.05464468665301481,0.23461723539442783,,
A049,rough_lateral,101,7,100,0.3465787896657373,0.40657566487789154,0.059817936331193075,0.17532125745438115,,
A049,rough_lateral,101,8,100,0.3668914639694806,0.4258536994457245,0.05918036170184293,0.21108184332639912,,
A049,rough_lateral,101,9,100,0.3612190915301522,0.41891664266586304,0.05780444935681348,0.20846701478347074,,
A049,rough_lateral,101,10,0,,,,,,
A049,rough_lateral,101,11,100,0.36042746248092244,0.4182364195585251,0.05773214350409686,0.2836402893738485,,
A049,rough_lateral,101,12,100,0.31828831184037865,0.3779982179403305,0.05953124245220327,0.19805454775827333,,
A049,rough_lateral,101,13,100,0.3676023786877566,0.4270766079425812,0.05919114791135737,0.21847174519140233,,
A049,rough_lateral,101,14,12,,,,,,
A049,rough_lateral,101,15,100,0.3702453813132118,0.4306422621011734,0.060396464750728504,0.20550180846550958,,
A049,rough_lateral,101,16,100,0.35242472533236213,0.4091731160879135,0.056842375566615144,0.2153457327166592,,
A049,rough_lateral,101,17,100,0.35396094691944635,0.41162753105163574,0.05780847314844795,0.18652036712209852,,
A049,rough_lateral,101,18,100,0.334755972107464,0.3931925743818283,0.05827690063313367,0.22258056152095929,,
A049,rough_lateral,101,19,100,0.3490899196442436,0.4080559015274048,0.059222053079044115,0.14240030299031997,,
A049,rough_lateral,101,20,100,0.37268992517402466,0.4323413074016571,0.05966256901542133,0.2123820164512334,,
A049,rough_lateral,101,21,100,0.35696686182748827,0.41568033397197723,0.05842602571701621,0.22208603474724484,,
A049,rough_lateral,101,22,100,0.3175268429804613,0.37597522139549255,0.05833116317177839,0.24197476284190872,,
A049,rough_lateral,101,23,100,0.35515138004871616,0.41513730585575104,0.06006737571349119,0.21898141983616587,,
A049,rough_lateral,101,24,100,0.3340830771840192,0.3943552225828171,0.06057040576628822,0.24036992922811778,,
A049,rough_lateral,101,25,100,0.2954635040804664,0.35769669711589813,0.06218868398411389,0.040442171627926786,,
A049,rough_lateral,101,26,100,0.3403446568365403,0.399872750043869,0.060275878498260986,0.1814730038672907,,
A049,rough_lateral,101,27,23,,,,,,
A049,rough_lateral,101,28,100,0.3462133580509992,0.40470755100250244,0.05880167140042718,0.21091038067450693,,
A049,rough_lateral,101,29,100,0.32666100537713194,0.384222149848938,0.05689167593889695,0.21000661044593597,,
A049,rough_lateral,101,30,100,0.35833391108933615,0.42175309360027313,0.06389925441639946,0.2196580986659224,,
A049,rough_lateral,101,31,100,0.3481214531762077,0.4102693051099777,0.06197558622309231,0.14078837578539488,,
A049,rough_lateral,202,0,100,0.33268040179568814,0.3955672085285187,0.062474245693594374,0.2194004145262788,,
A049,rough_lateral,202,1,100,0.33757483353589307,0.3982621133327484,0.06059141720042509,0.2102638287484439,,
A049,rough_lateral,202,2,100,0.35528240149671386,0.41644203662872314,0.06100411848588423,0.1948844023217477,,
A049,rough_lateral,202,3,100,0.37365303806123884,0.4372050613164902,0.06398714544938847,0.17810915926458148,,
A049,rough_lateral,202,4,100,0.3581329921987605,0.4201584905385971,0.061898782291514354,0.20845109151153451,,
A049,rough_lateral,202,5,100,0.3457594232603828,0.40554527938365936,0.059803192628258686,0.034773378739141644,,
A049,rough_lateral,202,6,100,0.3041224129856589,0.36766864359378815,0.06358735191630807,0.04065411159373572,,
A049,rough_lateral,202,7,100,0.3624926976819727,0.4237637370824814,0.06090476296164773,0.26600663076187137,,
A049,rough_lateral,202,8,11,,,,,,
A049,rough_lateral,202,9,41,0.27789158537426095,0.3391735851764679,0.061167059097698026,0.2937749007278685,,
A049,rough_lateral,202,10,100,0.3671751534715693,0.4268907457590103,0.05924978613215971,0.15940662152854684,,
A049,rough_lateral,202,11,100,0.35425364716167757,0.4121459722518921,0.05776718466039647,0.21812278461901863,,
A049,rough_lateral,202,12,100,0.33995895039907753,0.4030180126428604,0.06214533515154996,0.2534765936826182,,
A049,rough_lateral,202,13,100,0.3712684688242999,0.4332600384950638,0.06179034391189004,0.2553182646982979,,
A049,rough_lateral,202,14,100,0.34188460291706946,0.4024607390165329,0.06007023673644041,0.17496889541888577,,
A049,rough_lateral,202,15,73,0.2785504065095422,0.3385620713233948,0.06015919364072422,0.11907064393637352,,
A049,rough_lateral,202,16,100,0.37519081693919587,0.4343612492084503,0.05933574431720265,0.08809390147918185,,
A049,rough_lateral,202,17,100,0.34637744158984507,0.40349817276000977,0.057069135859688334,0.2511707414487486,,
A049,rough_lateral,202,18,100,0.34626951064655487,0.4042275846004486,0.057438814703793445,0.1546797152620552,,
A049,rough_lateral,202,19,100,0.32847331265077234,0.38794270157814026,0.05912655815083713,0.06281595175635729,,
A049,rough_lateral,202,20,100,0.30051391312782777,0.35866959393024445,0.05802624238366112,0.19908448994087052,,
A049,rough_lateral,202,21,100,0.3593226222590329,0.4184644967317581,0.05879839728860294,0.2198946616295423,,
A049,rough_lateral,202,22,100,0.35358608127596547,0.4084085673093796,0.054860196649072004,0.07694559635621182,,
A049,rough_lateral,202,23,100,0.29898146695312966,0.3581356853246689,0.0590291813733106,0.23547622701936988,,
A049,rough_lateral,202,24,100,0.36923664736556494,0.4253486692905426,0.05610699067141283,0.27259493332897505,,
A049,rough_lateral,202,25,100,0.3351637685203297,0.39353710412979126,0.05841169510295684,0.1267766544964632,,
A049,rough_lateral,202,26,90,0.35763946621813236,0.4169298857450485,0.05975425434622535,0.23705178353581402,,
A049,rough_lateral,202,27,46,0.2837936565837758,0.34268462657928467,0.05833161195969199,0.2676663716921978,,
A049,rough_lateral,202,28,100,0.3212240167798843,0.381364643573761,0.06064526665019479,0.07696400041922331,,
A049,rough_lateral,202,29,100,0.3439607371620953,0.40295565128326416,0.058916046020181426,0.132765418220334,,
A049,rough_lateral,202,30,3,,,,,,
A049,rough_lateral,202,31,100,0.2813703042459998,0.3422583192586899,0.06063820844028085,0.05164312044472582,,
A049,rough_lateral,303,0,100,0.3512860672040419,0.4106590151786804,0.05791531527106137,0.26132672965648285,,
A049,rough_lateral,303,1,100,0.354444373737682,0.4113755226135254,0.056858480932878305,0.15232879221892254,,
A049,rough_lateral,303,2,100,0.36263203357948975,0.42064081132411957,0.058282388085349995,0.21693995887140224,,
A049,rough_lateral,303,3,23,,,,,,
A049,rough_lateral,303,4,100,0.35677270232674907,0.4148535132408142,0.058077587800867414,0.1472242646322764,,
A049,rough_lateral,303,5,100,0.3395102060733632,0.3983851820230484,0.05843875497420204,0.19874568868825845,,
A049,rough_lateral,303,6,100,0.35971257162285364,0.4180176109075546,0.05845659429376776,0.22112849942453783,,
A049,rough_lateral,303,7,100,0.3488289187936222,0.4086925834417343,0.059813341354941305,0.21460786615916927,,
A049,rough_lateral,303,8,100,0.34093361041125125,0.3980869799852371,0.05697784321830872,0.1921178681496633,,
A049,rough_lateral,303,9,100,0.36134617699977545,0.418078288435936,0.056860281184395366,0.2110287756839689,,
A049,rough_lateral,303,10,100,0.3672101173330756,0.4234873652458191,0.056245553939737736,0.22924297621226908,,
A049,rough_lateral,303,11,100,0.34812655766061285,0.40600843727588654,0.05785754912677296,0.13848842608148515,,
A049,rough_lateral,303,12,100,0.34982404511242626,0.4071769118309021,0.057218898426402695,0.22128156238345428,,
A049,rough_lateral,303,13,100,0.3534938452396801,0.4098148047924042,0.05640752047778451,0.1877019514457321,,
A049,rough_lateral,303,14,100,0.3430733437684768,0.40048451721668243,0.05745286482540681,0.09215922333665368,,
A049,rough_lateral,303,15,100,0.3450188332381733,0.4019174575805664,0.05691776683623778,0.07035215339489787,,
A049,rough_lateral,303,16,100,0.34942770729409184,0.40730297565460205,0.05843992284274994,0.18665328803684314,,
A049,rough_lateral,303,17,100,0.3271152644074537,0.38392916321754456,0.05725375088778409,0.11869371749936371,,
A049,rough_lateral,303,18,100,0.3469945225008031,0.4040542244911194,0.05698871612548828,0.2569171329972499,,
A049,rough_lateral,303,19,43,0.25552951620224323,0.3129945695400238,0.05704485031372723,0.23680251397974605,,
A049,rough_lateral,303,20,100,0.28353028166740335,0.34393712878227234,0.06027578160087055,0.1458429855808649,,
A049,rough_lateral,303,21,100,0.3515007250449237,0.4092278480529785,0.05807677182284268,0.23277860297643868,,
A049,rough_lateral,303,22,100,0.3406654622624902,0.39941924810409546,0.05839514604864274,0.1739738798001485,,
A049,rough_lateral,303,23,69,0.3622422975333617,0.42023423314094543,0.057959276087143845,0.1506318251588386,,
A049,rough_lateral,303,24,100,0.3575451994802863,0.4185406267642975,0.060715282664579505,0.13322986653261187,,
A049,rough_lateral,303,25,100,0.28919254482429935,0.3511812835931778,0.06227230643206101,0.21658005586354823,,
A049,rough_lateral,303,26,100,0.3429230630875909,0.4047359228134155,0.06190802324264445,0.19663084614203624,,
A049,rough_lateral,303,27,100,0.2946970485907825,0.35584864020347595,0.06109407496324835,0.21570068204950998,,
A049,rough_lateral,303,28,28,0.29883833157824957,0.36014893651008606,0.0617895738326292,0.5070217692123046,,
A049,rough_lateral,303,29,100,0.3609997584698672,0.42228807508945465,0.06235887660062249,0.140359429748994,,
A049,rough_lateral,303,30,100,0.337977437730779,0.39809930324554443,0.06001551521015677,0.13681082398742656,,
A049,rough_lateral,303,31,100,0.3521082013207961,0.41275276243686676,0.06027592439702488,0.2501393696729668,,
A049,rough_forward,101,0,100,0.3112473053568825,0.36822542548179626,0.05627137454435787,0.5406142184370877,,
A049,rough_forward,101,1,100,0.34883240223887135,0.4069405645132065,0.05777381448184743,0.5190495872506224,,
A049,rough_forward,101,2,100,0.3244523109599231,0.3812199532985687,0.057395700464911645,0.48761076581121765,,
A049,rough_forward,101,3,100,0.3558165706733969,0.41603775322437286,0.059759542903798146,0.4897554149595851,,
A049,rough_forward,101,4,100,0.32465476164205825,0.38155922293663025,0.05702160513974766,0.527249826371549,,
A049,rough_forward,101,5,100,0.3480537135333301,0.40412649512290955,0.05644180685441125,0.45633103084248094,,
A049,rough_forward,101,6,100,0.3634763787136996,0.42249147593975067,0.05890670817166088,0.4769891245256289,,
A049,rough_forward,101,7,100,0.3510532976790546,0.40765634179115295,0.057057033885609024,0.48217496195174636,,
A049,rough_forward,101,8,100,0.3136107857055205,0.3716976195573807,0.05823234823298327,0.4420854628748492,,
A049,rough_forward,101,9,100,0.3597940993022154,0.41699306666851044,0.05773169471618326,0.5050995430645574,,
A049,rough_forward,101,10,100,0.34634920213630493,0.4056975394487381,0.05959475104184074,0.533283057834862,,
A049,rough_forward,101,11,100,0.36220069317256703,0.422282412648201,0.06024000096448602,0.4998881650489767,,
A049,rough_forward,101,12,100,0.35810568538260334,0.4179487079381943,0.06000561127688158,0.5214226277257403,,
A049,rough_forward,101,13,100,0.3614668449297308,0.42358651757240295,0.06273240074116916,0.5184812943779513,,
A049,rough_forward,101,14,70,0.33244203070905753,0.3910309970378876,0.05751896924513547,0.5003600512335808,,
A049,rough_forward,101,15,100,0.3509128630001915,0.4083857983350754,0.05772391742563503,0.4836418707166563,,
A049,rough_forward,101,16,100,0.3436812752867765,0.4054119139909744,0.06192277204544149,0.4741555277661469,,
A049,rough_forward,101,17,100,0.36095938206037737,0.4204133003950119,0.05957631503834444,0.5017576702639478,,
A049,rough_forward,101,18,100,0.3350539349298426,0.39400075376033783,0.05915878928281407,0.5351582301536711,,
A049,rough_forward,101,19,100,0.37121010727104653,0.43227000534534454,0.061237972687909946,0.4880310331180485,,
A049,rough_forward,101,20,100,0.3488593931822853,0.4076547771692276,0.05860598967037099,0.47971650880455885,,
A049,rough_forward,101,21,100,0.372246646307369,0.43368567526340485,0.061667534119305124,0.5186400951382124,,
A049,rough_forward,101,22,100,0.34469804096030676,0.40085960924625397,0.0564164809364686,0.5497762242584108,,
A049,rough_forward,101,23,100,0.35556957428468106,0.4153022766113281,0.05933368397269019,0.5213985952934588,,
A049,rough_forward,101,24,100,0.348871043659149,0.40633928775787354,0.05648925597654944,0.5431187086672529,,
A049,rough_forward,101,25,100,0.33603231361843044,0.3973698765039444,0.060606293499788494,0.515567441617306,,
A049,rough_forward,101,26,100,0.3361393823661906,0.3954916298389435,0.05932848211278252,0.5268884212393496,,
A049,rough_forward,101,27,100,0.3322563039905885,0.3870581239461899,0.054975728937648835,0.5359571591451806,,
A049,rough_forward,101,28,100,0.35520420705570893,0.41748256981372833,0.06198121647146296,0.5151357423595069,,
A049,rough_forward,101,29,100,0.33165962229119267,0.39083266258239746,0.05892371111375125,0.48807428234316397,,
A049,rough_forward,101,30,100,0.35541539834463665,0.41532862186431885,0.05975447874018215,0.4722692255617269,,
A049,rough_forward,101,31,100,0.3450222589115408,0.40769924223423004,0.06356269918023583,0.5108856632485801,,
A049,rough_forward,202,0,100,0.32562870329076593,0.3839775323867798,0.05830271613789115,0.4962167297941814,,
A049,rough_forward,202,1,100,0.34835680920809986,0.40940576791763306,0.06032735651189631,0.5447098254939129,,
A049,rough_forward,202,2,100,0.3667806114423721,0.4286247342824936,0.06177789004728756,0.5053963085729707,,
A049,rough_forward,202,3,100,0.3626679551792655,0.4223194867372513,0.05974380472764612,0.5085239200653049,,
A049,rough_forward,202,4,100,0.3610564341200865,0.42311590909957886,0.06304089653300729,0.5093837706805272,,
A049,rough_forward,202,5,100,0.3604286922649904,0.41874581575393677,0.05842002317867177,0.5276502434375304,,
A049,rough_forward,202,6,100,0.34399777889889194,0.40486763417720795,0.06165070457254502,0.5322052026112916,,
A049,rough_forward,202,7,100,0.36183263178177694,0.4229002296924591,0.061138326471502136,0.5221914847585309,,
A049,rough_forward,202,8,100,0.324017540417253,0.3843972682952881,0.05994415283203125,0.533224245976667,,
A049,rough_forward,202,9,100,0.3569503206620242,0.4153740555047989,0.059846872951895155,0.5513133668944878,,
A049,rough_forward,202,10,100,0.35346112810672925,0.4139189124107361,0.06049811521315957,0.5198015464843474,,
A049,rough_forward,202,11,100,0.34944920361360765,0.40877819061279297,0.059123146342721214,0.4995730646095572,,
A049,rough_forward,202,12,100,0.3396295831802695,0.4006187319755554,0.06292551724031009,0.5254845507559106,,
A049,rough_forward,202,13,100,0.351685180144514,0.40980522334575653,0.05877162810952906,0.5021984923176475,,
A049,rough_forward,202,14,100,0.3524925761363086,0.4112566411495209,0.05874493542839499,0.5228329971491914,,
A049,rough_forward,202,15,19,,,,,,
A049,rough_forward,202,16,100,0.35510984222519204,0.4124465882778168,0.05735218843674277,0.48921571728785623,,
A049,rough_forward,202,17,100,0.3379174733863157,0.3973969966173172,0.05961760862625856,0.5471156457276094,,
A049,rough_forward,202,18,100,0.3507005966761533,0.4073985368013382,0.05656147003173828,0.5188537857886175,,
A049,rough_forward,202,19,78,0.35315182247263865,0.41041436791419983,0.057789124269536474,0.521433462937707,,
A049,rough_forward,202,20,100,0.34661228357151863,0.4017523527145386,0.055882260123676156,0.5060451767414853,,
A049,rough_forward,202,21,100,0.34021998320352587,0.3967364877462387,0.05699028178332324,0.49237879354500835,,
A049,rough_forward,202,22,100,0.32340671265507764,0.38297897577285767,0.05915932986825545,0.5105374000244285,,
A049,rough_forward,202,23,100,0.34402473223081886,0.40421953797340393,0.05998095344094669,0.5504440423099572,,
A049,rough_forward,202,24,100,0.3315918315700031,0.3921191096305847,0.05890880931507457,0.4978212464512609,,
A049,rough_forward,202,25,100,0.35213750090828555,0.40747012197971344,0.054787610303909384,0.5340226937780918,,
A049,rough_forward,202,26,100,0.3729370773476075,0.4318598806858063,0.05928492928571242,0.4938411503500465,,
A049,rough_forward,202,27,100,0.3001573794984562,0.3616955131292343,0.061308672083890375,0.5685280260075852,,
A049,rough_forward,202,28,100,0.33776139208977235,0.39795897901058197,0.060137998611531795,0.49114225754444807,,
A049,rough_forward,202,29,43,0.3410783459477246,0.40139707922935486,0.06111874299890855,0.518441853134369,,
A049,rough_forward,202,30,100,0.3402127429125781,0.4013361930847168,0.06070059506013432,0.5353531044171628,,
A049,rough_forward,202,31,100,0.338799082181033,0.3962033838033676,0.05687075630228787,0.5212287254252047,,
A049,rough_forward,303,0,100,0.3565353953583355,0.4149165004491806,0.058092632395698424,0.4752074076994448,,
A049,rough_forward,303,1,100,0.32769065465837877,0.38751304149627686,0.05922482230446555,0.49752463569313043,,
A049,rough_forward,303,2,100,0.3521045572298733,0.4086754620075226,0.05631270383131058,0.4873020275653276,,
A049,rough_forward,303,3,100,0.3469720464498601,0.405526727437973,0.05856970924744631,0.4658908215271679,,
A049,rough_forward,303,4,100,0.3477678681439894,0.40713436901569366,0.05976653481549758,0.5243313143232744,,
A049,rough_forward,303,5,100,0.32471151219651023,0.38385550677776337,0.058822463540469896,0.44948387254194844,,
A049,rough_forward,303,6,100,0.3235659965059974,0.38352125883102417,0.05967040240445877,0.5125019920677284,,
A049,rough_forward,303,7,100,0.33512098903961995,0.3944702595472336,0.059894755562359,0.50354275803451,,
A049,rough_forward,303,8,100,0.3566176512024619,0.4164855629205704,0.05947114057081906,0.48879988378441674,,
A049,rough_forward,303,9,100,0.355803374300666,0.4136642813682556,0.05839518684754397,0.46108393120276514,,
A049,rough_forward,303,10,100,0.3336606496636243,0.392596110701561,0.05862890845314067,0.48742587554253,,
A049,rough_forward,303,11,35,0.33474680542308377,0.39303356409072876,0.057846722118357286,0.49070994495773335,,
A049,rough_forward,303,12,100,0.3358980433985511,0.39389048516750336,0.058551400740516374,0.5085508898339446,,
A049,rough_forward,303,13,100,0.363127032065774,0.4218048006296158,0.05869220284854665,0.5186418404193391,,
A049,rough_forward,303,14,100,0.3331902827967934,0.39268893003463745,0.05927780987744663,0.5178309092563147,,
A049,rough_forward,303,15,100,0.3264032839772536,0.38441677391529083,0.05807301322406626,0.44080882525955045,,
A049,rough_forward,303,16,22,,,,,,
A049,rough_forward,303,17,100,0.3479831033052608,0.4041961133480072,0.057598720897327774,0.5133985496076542,,
A049,rough_forward,303,18,100,0.33500622029610494,0.3896559327840805,0.05470437034566135,0.5112623979221975,,
A049,rough_forward,303,19,100,0.3253058207066939,0.3846220225095749,0.05927133305187531,0.5247452340471964,,
A049,rough_forward,303,20,100,0.33289532267792343,0.39473259449005127,0.06157803152971726,0.5344602450957818,,
A049,rough_forward,303,21,100,0.3375183450665703,0.397573858499527,0.060155598237552746,0.5044505081943862,,
A049,rough_forward,303,22,100,0.3564976640244856,0.4168495237827301,0.060742832122639534,0.4942188840114545,,
A049,rough_forward,303,23,100,0.3275525061523213,0.38923677802085876,0.05990220136183469,0.5307157225162518,,
A049,rough_forward,303,24,100,0.3677445407060378,0.42819876968860626,0.06039084470208316,0.5062797011064514,,
A049,rough_forward,303,25,100,0.3581627428850388,0.41913774609565735,0.06096363067626953,0.5024373041219027,,
A049,rough_forward,303,26,100,0.3492248132426471,0.407790407538414,0.05901794637588256,0.5308569684274245,,
A049,rough_forward,303,27,100,0.3329910671806591,0.389753594994545,0.057155522433194245,0.5440746894564441,,
A049,rough_forward,303,28,100,0.3555490856661516,0.4155353009700775,0.059762434525923294,0.4610930515119357,,
A049,rough_forward,303,29,100,0.325141813267361,0.3870866596698761,0.061996480360388115,0.5102516617540831,,
A049,rough_forward,303,30,100,0.3502644140293254,0.40785570442676544,0.05768310832467309,0.5277927214393141,,
A049,rough_forward,303,31,100,0.3457039879126982,0.4044545739889145,0.058950577190215576,0.5476282766641792,,
A049,stairs_10_down,101,0,100,0.3144069231927076,-0.33817556500434875,-0.6358295277478223,0.5217234287359751,1,0.313799832275207
A049,stairs_10_down,101,1,100,0.29525545948648196,-0.3277483731508255,-0.6283427610754329,0.5101033826802676,0,0.2823007245433522
A049,stairs_10_down,101,2,100,0.33503441217748875,-0.3357980102300644,-0.6689847752372211,0.5161899660731792,0,0.3245753607647942
A049,stairs_10_down,101,3,100,0.3005843271307129,-0.31850308179855347,-0.6045461236474348,0.500916544115581,1,0.31639605696826056
A049,stairs_10_down,101,4,90,0.3401211527260867,-0.3388682007789612,-0.6748676555041961,0.5360342024732903,0,0.3320704261886882
A049,stairs_10_down,101,5,100,0.3513803458150058,-0.32612262666225433,-0.6740649320225027,0.5137678098261104,0,0.3426110462390165
A049,stairs_10_down,101,6,100,0.3712058182068687,-0.3249465227127075,-0.6983966827392578,0.4999353434258505,1,0.3276210645622111
A049,stairs_10_down,101,7,100,0.3652037293675111,-0.32792048156261444,-0.6965252065403577,0.536195950806557,1,0.3389033257642532
A049,stairs_10_down,101,8,100,0.3470349236924381,-0.3342617601156235,-0.6754016315235811,0.5427286063425727,1,0.330629628609846
A049,stairs_10_down,101,9,100,0.35991455128486144,-0.3260168433189392,-0.6852944266987357,0.525965175745652,0,0.3448327411623562
A049,stairs_10_down,101,10,100,0.3528130933403331,-0.33717238903045654,-0.6927812341700263,0.535135233176953,1,0.32723847764698577
A049,stairs_10_down,101,11,40,0.2947366509367438,-0.33715546131134033,-0.6433158864311993,0.5031672363401116,0,0.28956512445434535
A049,stairs_10_down,101,12,61,0.3303193588626576,-0.33633700013160706,-0.6598939334644991,0.5373937697773358,1,0.32918545683437495
A049,stairs_10_down,101,13,57,0.3219268843133182,-0.33327198028564453,-0.6545460848884787,0.5000652066689455,0,0.3084417597495298
A049,stairs_10_down,101,14,100,0.2867959986396014,-0.3442602902650833,-0.6288770736857532,0.5149911652584604,0,0.26990059352813556
A049,stairs_10_down,101,15,100,0.36243722010105056,-0.32784995436668396,-0.6909100894621987,0.5270395380935364,0,0.33726289007752974
A049,stairs_10_down,101,16,100,0.34507580962091844,-0.33257006108760834,-0.6716583935334721,0.5106045975343164,0,0.32536026596385526
A049,stairs_10_down,101,17,59,0.30658355530570536,-0.3351708650588989,-0.6470589867250167,0.49861060723160194,0,0.3263553725206916
A049,stairs_10_down,101,18,57,0.31469167282874566,-0.3443846106529236,-0.6556150263006036,0.5294054041485442,1,0.3138933060640957
A049,stairs_10_down,101,19,100,0.3401377739753315,-0.3296782374382019,-0.6676479635391643,0.5130928999030344,0,0.3367749691647004
A049,stairs_10_down,101,20,100,0.36294435060279256,-0.32973021268844604,-0.6941180050691819,0.5382511078418499,0,0.33763583681800147
A049,stairs_10_down,101,21,78,0.33204061095727316,-0.3327907919883728,-0.6652414658490349,0.5383850744654839,1,0.32329573669535594
A049,stairs_10_down,101,22,95,0.3355193256056882,-0.3409101665019989,-0.6689844794451871,0.5452153181637888,1,0.32592061831351904
A049,stairs_10_down,101,23,100,0.289732522744546,-0.32488490641117096,-0.6088240261383873,0.5252548038164414,1,0.3104921373772749
A049,stairs_10_down,101,24,100,0.2700915986841375,-0.3115379363298416,-0.5732624390546013,0.5479674477538861,1,0.2853007754858803
A049,stairs_10_down,101,25,100,0.35274307310262465,-0.33768895268440247,-0.695990088151738,0.5311146166200079,1,0.33285407108419085
A049,stairs_10_down,101,26,100,0.3353865934725114,-0.3404669463634491,-0.6689849894314526,0.5283125255932697,1,0.33315644751895557
A049,stairs_10_down,101,27,100,0.2855892328814389,-0.3418542891740799,-0.640642319133575,0.5296922327976279,1,0.2732492137082758
A049,stairs_10_down,101,28,100,0.27949790242202777,-0.34004274010658264,-0.6157759804139162,0.504656134129335,1,0.3142536948708927
A049,stairs_10_down,101,29,55,0.3142088114577819,-0.3439667224884033,-0.6534765110933844,0.5290700071563632,1,0.3064470460070646
A049,stairs_10_down,101,30,100,0.35987528377675754,-0.32523757219314575,-0.6863647093747389,0.5147248567204084,0,0.3379342543250099
A049,stairs_10_down,101,31,66,0.32581872369516346,-0.3364360183477402,-0.6540113132905194,0.5164946523089178,0,0.32671127137653333
A049,stairs_10_down,202,0,100,0.24901275408459222,-0.3420206904411316,-0.5935834129863882,0.47290839295328646,0,0.23519129405684647
A049,stairs_10_down,202,1,100,0.28854281949327587,-0.28912562131881714,-0.5596259418018361,0.4807578126260307,0,0.279195297051241
A049,stairs_10_down,202,2,100,0.3629354369990966,-0.3276291936635971,-0.6901079269653974,0.532788324643312,0,0.33783626922949117
A049,stairs_10_down,202,3,56,0.3075471523611303,-0.3361385613679886,-0.6451881174097724,0.5096895621748114,0,0.31868432677365877
A049,stairs_10_down,202,4,100,0.3664074227771657,-0.32582224905490875,-0.6917120530643566,0.5323747784113411,1,0.3398977967507062
A049,stairs_10_down,202,5,100,0.29249120993728944,-0.3305452913045883,-0.6040113928483769,0.5392920849665168,1,0.3032737160748976
A049,stairs_10_down,202,6,100,0.29493023805758534,-0.33078424632549286,-0.6272733963747076,0.5393862252152819,1,0.31999220966017816
A049,stairs_10_down,202,7,100,0.27922371436249127,-0.30794858932495117,-0.5823533369258125,0.4972631258821261,1,0.2805282954863686
A049,stairs_10_down,202,8,100,0.3157030245996414,-0.3447151184082031,-0.6601610897696593,0.5310676025638437,1,0.3217569079628603
A049,stairs_10_down,202,9,57,0.3094853688688839,-0.33825817704200745,-0.6465245415182674,0.4766462915403256,0,0.3203371846102139
A049,stairs_10_down,202,10,100,0.3616115532934984,-0.32754935324192047,-0.6858291625976562,0.5274410621958012,0,0.3362512719184957
A049,stairs_10_down,202,11,100,0.3533260588021202,-0.33120377361774445,-0.6866316820848435,0.5266896971485144,1,0.3334913483277999
A049,stairs_10_down,202,12,76,0.3309338023477697,-0.34257057309150696,-0.6679150637458353,0.5137974438349998,1,0.31522039838015714
A049,stairs_10_down,202,13,100,0.35526354977472585,-0.3287864178419113,-0.6810166823035255,0.5345179864754241,1,0.33190006511734127
A049,stairs_10_down,202,14,100,0.33670391006903216,-0.3386641591787338,-0.6735301655244063,0.5448183707620342,1,0.32610388108115784
A049,stairs_10_down,202,15,100,0.35063983723122805,-0.3385797142982483,-0.6885034795750908,0.5380555275711361,1,0.3344852706009054
A049,stairs_10_down,202,16,100,0.31845713968582967,-0.3270256966352463,-0.6470594916114195,0.5195587954243346,0,0.33204968950965186
A049,stairs_10_down,202,17,69,0.32413277635599835,-0.3405613601207733,-0.6561502364867511,0.5225111587046941,1,0.3253742469185814
A049,stairs_10_down,202,18,77,0.33379892343505824,-0.33585017919540405,-0.6641716880594345,0.5403996918265666,1,0.33379892343505824
A049,stairs_10_down,202,19,67,0.3173793023601573,-0.33775269985198975,-0.6454549065248214,0.4993166300108684,0,0.32230173856179345
A049,stairs_10_down,202,20,100,0.3490391774451669,-0.3400680124759674,-0.6898402963730104,0.5518615329929514,1,0.3219130649604899
A049,stairs_10_down,202,21,100,0.3587131354419943,-0.3279135674238205,-0.686898772091789,0.520707541960796,0,0.33335145574839997
A049,stairs_10_down,202,22,36,0.2861559930491575,-0.35631974041461945,-0.6315513345646986,0.5372067204995123,1,
A049,stairs_10_down,202,23,87,0.33203045872443504,-0.3436325192451477,-0.672727676636395,0.5479370340981402,1,0.3226785815973333
A049,stairs_10_down,202,24,45,0.313040332998184,-0.33755168318748474,-0.6433160649263923,0.5205909576097265,1,0.309801163520405
A049,stairs_10_down,202,25,100,0.26218631967185013,-0.3589341342449188,-0.6374338578412877,0.553032917190164,0,0.2578718222398809
A049,stairs_10_down,202,26,75,0.3296768840621499,-0.3294234573841095,-0.655615566886045,0.5079492702855045,1,0.3292858039631563
A049,stairs_10_down,202,27,100,0.3502866987557335,-0.3422017842531204,-0.6941186374521511,0.5384841856772855,1,0.32087875591879855
A049,stairs_10_down,202,28,100,0.35690345882094476,-0.3301427662372589,-0.6868998787619851,0.5272747690840824,0,0.3361335041369984
A049,stairs_10_down,202,29,100,0.29617775634010846,-0.32618026435375214,-0.6141717421179786,0.5185962897097272,1,0.31265145572111563
A049,stairs_10_down,202,30,100,0.32517070327213105,-0.3373776972293854,-0.6639047102494673,0.5550584107310523,1,0.326234640603397
A049,stairs_10_down,202,31,100,0.3210697903990108,-0.34934915602207184,-0.6655088108491132,0.5816468667653887,0,0.3116464449122628
A049,stairs_10_down,303,0,80,0.34179430355362717,-0.329701229929924,-0.6692521457366127,0.5224209695843898,1,0.3347247013433732
A049,stairs_10_down,303,1,77,0.33597279901810506,-0.3361819386482239,-0.6689850608295298,0.5115494953843716,1,0.3238802611190368
A049,stairs_10_down,303,2,100,0.3078087625656536,-0.32576364278793335,-0.6331561389453908,0.5086312295728346,0,0.3281111223174926
A049,stairs_10_down,303,3,100,0.36109528718466427,-0.32657331228256226,-0.6887709367721476,0.5106025387904904,0,0.33779174997844796
A049,stairs_10_down,303,4,44,0.3138454303862577,-0.33642639219760895,-0.6475943193078679,0.47691238614697895,1,0.29951109972229617
A049,stairs_10_down,303,5,56,0.32479304123052305,-0.33639606833457947,-0.6572200958741541,0.5023682716843262,1,0.30689890069120074
A049,stairs_10_down,303,6,85,0.3315821871719259,-0.32962244749069214,-0.660428664263557,0.5236779709251834,0,0.3300997527206645
A049,stairs_10_down,303,7,100,0.3587519791833857,-0.32957977056503296,-0.6898402963730104,0.5447960123556824,1,0.33847445424865275
A049,stairs_10_down,303,8,31,0.3068869706781153,-0.3448735475540161,-0.6374333733543355,0.5063866885959627,1,
A049,stairs_10_down,303,9,100,0.33136701655579126,-0.3285999745130539,-0.658824017978607,0.5043775473371672,1,0.33247415538140157
A049,stairs_10_down,303,10,100,0.27977800193954916,-0.3435721695423126,-0.6254015223865204,0.5047771825214051,1,0.29119408050960394
A049,stairs_10_down,303,11,100,0.2724211768989257,-0.35084548592567444,-0.6339577200578496,0.5051410555994356,0,0.30439023968370205
A049,stairs_10_down,303,12,100,0.3457173115429394,-0.3298613280057907,-0.6711236576345515,0.5139613176109741,0,0.3317151998772341
A049,stairs_10_down,303,13,87,0.3414179862820529,-0.3313808739185333,-0.666310672454018,0.5039531857053778,1,0.34178771389359464
A049,stairs_10_down,303,14,100,0.34272799071143656,-0.3402395248413086,-0.680214596304664,0.5497124822382522,1,0.3124460307034579
A049,stairs_10_down,303,15,55,0.3128214564552919,-0.33090296387672424,-0.640641758148683,0.4844945353727692,0,0.3238947472789071
A049,stairs_10_down,303,16,100,0.2824309974271346,-0.3335840702056885,-0.611765484121394,0.5246906564546413,1,0.31735347155581184
A049,stairs_10_down,303,17,100,0.3627584233162875,-0.3302287310361862,-0.6951877165605678,0.5238794293163442,1,0.32796947777590013
A049,stairs_10_down,303,18,100,0.2952001483284216,-0.26847250759601593,-0.5569517421212427,0.4544206817012304,1,0.2594045953635864
A049,stairs_10_down,303,19,88,0.3304709039110551,-0.3409896790981293,-0.670856271835572,0.5319315272956389,1,0.32227810532014
A049,stairs_10_down,303,20,100,0.25822519761993284,-0.3289299011230469,-0.5842250579181202,0.501850413889205,1,0.240918565083315
A049,stairs_10_down,303,21,100,0.3600321528427104,-0.3273140490055084,-0.6868989454871193,0.5376300081479417,1,0.3352622397761932
A049,stairs_10_down,303,22,76,0.34167086313115086,-0.32552605867385864,-0.6644390942578647,0.5167571816180785,1,0.3285062635008664
A049,stairs_10_down,303,23,100,0.3455271662715922,-0.3338756710290909,-0.6762034880286232,0.5213347085426733,0,0.3315845602017673
A049,stairs_10_down,303,24,100,0.2864448759645064,-0.323024719953537,-0.6042787837472192,0.509178436509949,1,0.2970115247575994
A049,stairs_10_down,303,25,100,0.3536855260477984,-0.3327697366476059,-0.6820863223968343,0.5185192785820651,1,0.33211368497680216
A049,stairs_10_down,303,26,75,0.32907662082483424,-0.33670324087142944,-0.6604285112676773,0.5158149919023215,1,0.3219521962066385
A049,stairs_10_down,303,27,49,0.28743322026283347,-0.3487705886363983,-0.6406426047258836,0.4860082013853527,0,0.2887597458566574
A049,stairs_10_down,303,28,100,0.31333217088551446,-0.32916784286499023,-0.6296796288719789,0.511255704150228,1,0.3252079099576104
A049,stairs_10_down,303,29,100,0.3652383194250219,-0.32531939446926117,-0.6911775109602168,0.5101840184561944,1,0.34154707814920393
A049,stairs_10_down,303,30,52,0.32095503225364785,-0.3419594168663025,-0.6545466917721345,0.5006915392585167,1,0.3130100769473907
A049,stairs_10_down,303,31,68,0.3188931859113316,-0.34000708162784576,-0.6598939742634004,0.5416456329798491,1,0.31759653340048966
A049,stairs_15_down,101,0,60,0.31154895211286093,-0.6882201135158539,-0.9966572185251165,0.5044276178814107,0,0.28886469736456233
A049,stairs_15_down,101,1,83,0.24488111485771957,-0.7063334584236145,-0.9561493919494956,0.46735044446505664,0,0.22123818760887182
A049,stairs_15_down,101,2,94,0.32145864727662843,-0.6902313232421875,-1.0094914614835524,0.5077304409761889,0,0.29471237519208127
A049,stairs_15_down,101,3,44,0.28626762816612733,-0.6956327259540558,-0.976202709789582,0.5159292977902258,0,0.28399993997206663
A049,stairs_15_down,101,4,85,0.3322514225454891,-0.6887372732162476,-1.0187158737590607,0.5323036346766816,0,0.3204379821206158
A049,stairs_15_down,101,5,98,0.33612816633387677,-0.6791949570178986,-1.013101281966755,0.5099401589766936,0,0.3162567038587071
A049,stairs_15_down,101,6,100,0.36938495304495256,-0.6759822070598602,-1.0475933972526998,0.5131757840629824,0,0.3147505250844089
A049,stairs_15_down,101,7,100,0.36355773331647256,-0.6788690686225891,-1.0443845381711256,0.5396958121642461,0,0.32166465017247337
A049,stairs_15_down,101,8,91,0.33829748056789133,-0.68460613489151,-1.0235287161434399,0.5343463059764295,0,0.30492128981625966
A049,stairs_15_down,101,9,100,0.35240234410699045,-0.6781530380249023,-1.0279404084312724,0.5176467878128206,0,0.31815568074823064
A049,stairs_15_down,101,10,100,0.35075704601996727,-0.6877640187740326,-1.0383682454971068,0.5339685473729612,0,0.31244057257545177
A049,stairs_15_down,101,11,38,0.27878694515177277,-0.6967439651489258,-0.9677802203173307,0.48449265193448005,0,0.22275499258449372
A049,stairs_15_down,101,12,53,0.3147656158967451,-0.6861650347709656,-0.9962560786282952,0.5258632951969755,0,0.30907920178245096
A049,stairs_15_down,101,13,50,0.3074983111358582,-0.6843806803226471,-0.9850262626607151,0.49813412980218585,0,0.27519628995242607
A049,stairs_15_down,101,14,50,0.2910206397586965,-0.6979658305644989,-0.9846248524711732,0.5431207647427042,0,
A049,stairs_15_down,101,15,100,0.3587080197219542,-0.6794210076332092,-1.0367637318085858,0.5215506518231187,0,0.3165400598775894
A049,stairs_15_down,101,16,100,0.3312264258530051,-0.6839067041873932,-1.0090901328918132,0.5116026139554939,0,0.30266864892633205
A049,stairs_15_down,101,17,46,0.30056301588043177,-0.688991516828537,-0.9882341272690717,0.50702384434644,0,0.2994866454027554
A049,stairs_15_down,101,18,56,0.2825319127921752,-0.6981014609336853,-0.986630230663932,0.5265457907856466,0,0.2780178023532113
A049,stairs_15_down,101,19,92,0.3251683466574725,-0.682639479637146,-1.0078869834940702,0.507465062035048,0,0.3171151398337462
A049,stairs_15_down,101,20,100,0.3607995736407724,-0.6827389001846313,-1.0411756025916115,0.5344442052337153,0,0.305451404283391
A049,stairs_15_down,101,21,70,0.3275217909545185,-0.6804944574832916,-1.0050796467990162,0.534252144451634,0,0.30250322563762966
A049,stairs_15_down,101,22,92,0.31945274602920615,-0.6929447948932648,-1.007084683300977,0.526382323858824,0,0.3082044857708528
A049,stairs_15_down,101,23,44,0.2835495157994051,-0.6943481266498566,-0.9762026689906809,0.5297125311547545,0,0.271952691562673
A049,stairs_15_down,101,24,28,0.25420485460821957,-0.7108164727687836,-0.9709893343920376,0.4926498878274777,0,
A049,stairs_15_down,101,25,100,0.3524327478944299,-0.6877621710300446,-1.0443845381711254,0.5211933652489332,0,0.3028525024811852
A049,stairs_15_down,101,26,87,0.3274842306254382,-0.6896936893463135,-1.0147056069603577,0.530518916903015,0,0.3148654504893298
A049,stairs_15_down,101,27,100,0.24779033039342913,-0.7004761099815369,-0.9625667225230824,0.4922160626930945,0,0.20902230905339048
A049,stairs_15_down,101,28,49,0.2860604030563232,-0.6945090293884277,-0.9818182042575775,0.5372173070607631,0,0.2829047562604282
A049,stairs_15_down,101,29,47,0.2917475556944781,-0.6918588280677795,-0.9882347188531396,0.5296314684993423,0,0.28124693657625166
A049,stairs_15_down,101,30,100,0.35307277715142393,-0.67688849568367,-1.029946276210846,0.5099408242387788,0,0.31017628296173827
A049,stairs_15_down,101,31,100,0.26105706895736447,-0.6818834841251373,-0.9441175103825044,0.4926002506205956,0,0.2947102198626268
A049,stairs_15_down,202,0,27,0.2333239144819943,-0.7241889834403992,-0.9665769791220599,0.49008965285936334,0,
A049,stairs_15_down,202,1,24,,,,,0,
A049,stairs_15_down,202,2,100,0.35974203695587936,-0.6790262162685394,-1.0351596822075666,0.5285596147808248,0,0.3092946499426734
A049,stairs_15_down,202,3,43,0.29496250496828624,-0.6900510787963867,-0.9770048722863834,0.5025321089963601,0,0.2828362032691425
A049,stairs_15_down,202,4,100,0.3638380528452563,-0.678063690662384,-1.0375661186993441,0.5276958822180469,0,0.3197459186462157
A049,stairs_15_down,202,5,39,0.2808368958253912,-0.6915903687477112,-0.9810159958620123,0.530045039108204,0,0.2586667993489433
A049,stairs_15_down,202,6,53,0.3025890834191266,-0.6927464008331299,-0.9922456690334381,0.5153394437986545,0,0.2814797089699118
A049,stairs_15_down,202,7,33,0.2593660319552702,-0.6975841522216797,-0.9705877559070282,0.5341439382089963,1,0.2593660319552702
A049,stairs_15_down,202,8,78,0.3151165535424483,-0.6971084475517273,-1.0126996626828444,0.5427373984705064,0,0.2951118436089174
A049,stairs_15_down,202,9,45,0.2978246887737417,-0.690014123916626,-0.9818179186652688,0.5000058508147368,0,0.2869795481151438
A049,stairs_15_down,202,10,100,0.354426793236146,-0.6788310706615448,-1.0291437669233843,0.5217121004310157,0,0.3127890716899524
A049,stairs_15_down,202,11,100,0.3496427245956053,-0.6807014048099518,-1.0323520242211655,0.5162171828173481,0,0.3107407513786765
A049,stairs_15_down,202,12,68,0.32527147528321987,-0.6907473504543304,-1.0102929813976593,0.5199529556713813,0,0.2925884924470422
A049,stairs_15_down,202,13,100,0.34657387889642766,-0.6792393326759338,-1.0223252862532508,0.5241285174084315,0,0.31504930850656265
A049,stairs_15_down,202,14,87,0.33166273264961443,-0.6887263655662537,-1.0195179801573728,0.5291476736661774,0,0.30256945851014894
A049,stairs_15_down,202,15,100,0.35046020739856254,-0.6892337501049042,-1.0331540949204387,0.5356301443098197,0,0.31521254012928934
A049,stairs_15_down,202,16,70,0.32337799572689646,-0.6781910359859467,-1.0042774690026268,0.5174810061259514,0,0.313106697510908
A049,stairs_15_down,202,17,56,0.30499147651667263,-0.6932207942008972,-0.9966572491242924,0.5330732088839705,0,0.30143073344613147
A049,stairs_15_down,202,18,68,0.3168074957189713,-0.6873083710670471,-1.007084627202488,0.5380318442834306,0,0.30888799103823583
A049,stairs_15_down,202,19,52,0.2925708537751978,-0.6902474164962769,-0.9866306131536311,0.5167247681352637,0,0.2802105208131719
A049,stairs_15_down,202,20,100,0.34636127900949776,-0.691201776266098,-1.0347586545077236,0.5510576463521984,0,0.30123751335603033
A049,stairs_15_down,202,21,100,0.35147687920274573,-0.6787470579147339,-1.031951139317477,0.5153361888306798,0,0.30136504179653634
A049,stairs_15_down,202,22,23,,,,,0,
A049,stairs_15_down,202,23,82,0.31922587114859396,-0.6919219195842743,-1.0131009249763694,0.528086904478634,0,0.30653699993449735
A049,stairs_15_down,202,24,38,0.28846337945066036,-0.6877520680427551,-0.9745985836906229,0.4922031865476786,0,
A049,stairs_15_down,202,25,73,0.25750944480539006,-0.7091269493103027,-0.9762026536910929,0.5364468292071227,0,0.23049148359400706
A049,stairs_15_down,202,26,69,0.30435911697499896,-0.6838089823722839,-0.9922452814438764,0.5076229167014111,0,0.2966040806336836
A049,stairs_15_down,202,27,100,0.3461649233007176,-0.6935232281684875,-1.0411757963863923,0.5361711391095543,0,0.29463320333052445
A049,stairs_15_down,202,28,100,0.3512127638500643,-0.6817221641540527,-1.0303470183183803,0.5229877700497614,0,0.31681533643906135
A049,stairs_15_down,202,29,50,0.27848678970719404,-0.6951010823249817,-0.9806145907723329,0.5118420078830912,0,0.27741480574888344
A049,stairs_15_down,202,30,79,0.33766860152310874,-0.6915241479873657,-1.0147059027523917,0.5387112040035319,0,0.2997652333687971
A049,stairs_15_down,202,31,100,0.30772103982813215,-0.6965816915035248,-0.9982619005091049,0.5236069982436293,0,0.2751329247964257
A049,stairs_15_down,303,0,72,0.3333371141377617,-0.6801485121250153,-1.009892657478863,0.5171261161555403,0,0.3151170206579933
A049,stairs_15_down,303,1,72,0.32593918053861615,-0.686487466096878,-1.0106945853819822,0.5024097711863975,0,0.3089724406201573
A049,stairs_15_down,303,2,59,0.3089099743149497,-0.6858469247817993,-0.9938500144264915,0.491816438623078,0,0.2926953485942779
A049,stairs_15_down,303,3,100,0.3568533260554554,-0.6772603094577789,-1.0331545131091766,0.5025740115876213,0,0.3214945385162844
A049,stairs_15_down,303,4,38,0.2839204363006959,-0.6930857002735138,-0.9745986142897989,0.49415411589177793,0,
A049,stairs_15_down,303,5,52,0.3158413323170361,-0.6862270534038544,-0.9898390897455063,0.4989836893557945,0,0.27922740467091933
A049,stairs_15_down,303,6,74,0.3244084561253614,-0.6818768084049225,-1.003074345104197,0.5186640991543405,0,0.30098820051407427
A049,stairs_15_down,303,7,100,0.3582680539332609,-0.6795668601989746,-1.035561071997658,0.5324607205837093,0,0.3135108648136975
A049,stairs_15_down,303,8,25,0.2704078102494306,-0.7047052979469299,-0.9633687167244162,0.5029399163919769,0,
A049,stairs_15_down,303,9,76,0.32497578142161043,-0.6800146102905273,-1.0086890847925196,0.49468626581096103,0,0.30211494121959503
A049,stairs_15_down,303,10,94,0.2266059989597708,-0.7114191651344299,-0.9513365903640176,0.46643181079788787,0,0.22191331858303454
A049,stairs_15_down,303,11,55,0.30909195112034604,-0.6916357278823853,-0.9962560480291193,0.5111441987731988,0,0.2698766120614853
A049,stairs_15_down,303,12,95,0.3300274961134966,-0.6822926998138428,-1.0122986757819028,0.4984389407339473,0,0.30507755407037584
A049,stairs_15_down,303,13,74,0.32745391034824967,-0.6827854216098785,-1.0058819214927959,0.5134525899237782,0,0.3198315702020166
A049,stairs_15_down,303,14,100,0.32610407360097304,-0.6941604614257812,-1.021122549944383,0.5425074128814531,0,0.27660508015576535
A049,stairs_15_down,303,15,39,0.2964742939102458,-0.6902897357940674,-0.9794109364881872,0.5166719991481171,0,0.288917798090746
A049,stairs_15_down,303,16,51,0.292632779973076,-0.6946713924407959,-0.9882342904646766,0.512011267724154,0,0.29142664906812865
A049,stairs_15_down,303,17,100,0.36068412374685155,-0.6804395020008087,-1.0427798969860382,0.520088039944688,0,0.3077603667815101
A049,stairs_15_down,303,18,21,,,,,0,
A049,stairs_15_down,303,19,81,0.3165939004025995,-0.6927958130836487,-1.0106946975789606,0.5236190240933394,0,0.30471234079350773
A049,stairs_15_down,303,20,24,,,,,0,
A049,stairs_15_down,303,21,100,0.35515949640044553,-0.6784830987453461,-1.0299455826295252,0.5249168686528831,0,0.31257851907913703
A049,stairs_15_down,303,22,66,0.33115667040972785,-0.6771661341190338,-1.0034753371050014,0.5126250037782075,0,0.29965442068436565
A049,stairs_15_down,303,23,99,0.333426061479803,-0.6867996454238892,-1.0163098605558833,0.5127170978541438,0,0.31346586266940923
A049,stairs_15_down,303,24,42,0.2676738801805731,-0.7053529024124146,-0.9697857617056944,0.4689532560087228,0,
A049,stairs_15_down,303,25,100,0.3454429418007957,-0.6846560835838318,-1.0239297744424585,0.5132418558158199,0,0.3073618985752371
A049,stairs_15_down,303,26,69,0.3068194577400697,-0.6911815404891968,-0.9946519576291987,0.4831867891211306,0,0.294268582275207
A049,stairs_15_down,303,27,36,0.27679885852145636,-0.7002016007900238,-0.9705881995950791,0.5136105761188641,0,0.2409579970619895
A049,stairs_15_down,303,28,78,0.2756212130587369,-0.6910493671894073,-0.9705878273051053,0.45108785822093567,0,0.30202231910776967
A049,stairs_15_down,303,29,100,0.36248390910459716,-0.6766778230667114,-1.037165152197853,0.5075768043928586,0,0.31258196084894596
A049,stairs_15_down,303,30,47,0.2952970119721112,-0.6904834508895874,-0.9882351064427014,0.502336564142951,0,
A049,stairs_15_down,303,31,67,0.2989591398341134,-0.699607789516449,-0.9914436136337526,0.5058110553019989,0,0.28490148986724606
A050,rough_lateral,101,0,100,0.3332549327197559,0.389671266078949,0.056059893439797795,0.06860687662724904,,
A050,rough_lateral,101,1,100,0.34601202264507824,0.40536196529865265,0.059358765097225416,0.07775108680654044,,
A050,rough_lateral,101,2,100,0.2782645388879878,0.33676476776599884,0.05864530451157514,0.12874744554752285,,
A050,rough_lateral,101,3,100,0.35040926909382963,0.4079224169254303,0.05735355010007155,0.11323954628392294,,
A050,rough_lateral,101,4,100,0.32144310887165883,0.3800031244754791,0.05868048846402908,0.1493731195874006,,
A050,rough_lateral,101,5,100,0.34197277452218977,0.40082548558712006,0.05871235750575754,0.09451586769328241,,
A050,rough_lateral,101,6,100,0.347237697578369,0.4043906629085541,0.05701781084193265,0.061059241206978386,,
A050,rough_lateral,101,7,100,0.31811249335819386,0.3781157433986664,0.059981279832156585,0.07712858453276283,,
A050,rough_lateral,101,8,100,0.3368171414430129,0.39538392424583435,0.05872892695952227,0.1465996848775745,,
A050,rough_lateral,101,9,100,0.3577884451590757,0.4154089540243149,0.057742246332015586,0.10631922824082876,,
A050,rough_lateral,101,10,70,0.1974717338773656,0.25642962753772736,0.0583934426945161,0.2232025986182115,,
A050,rough_lateral,101,11,100,0.33899743592037873,0.397815078496933,0.058538829579072846,0.1037215414876311,,
A050,rough_lateral,101,12,100,0.328067975248245,0.38798344135284424,0.05962486573081603,0.12623545906661876,,
A050,rough_lateral,101,13,100,0.3468411727385088,0.405943363904953,0.0589957109747086,0.06346788857955757,,
A050,rough_lateral,101,14,100,0.3365937041088859,0.3954303115606308,0.05893596608371021,0.1362807939695777,,
A050,rough_lateral,101,15,100,0.3199416862770835,0.3804682791233063,0.06046126870548024,0.12491812896196222,,
A050,rough_lateral,101,16,100,0.3444707333085371,0.40186721086502075,0.05742159756747159,0.08912078795186235,,
A050,rough_lateral,101,17,100,0.3323336936892035,0.39098045229911804,0.058540150443500374,0.09659164762592826,,
A050,rough_lateral,101,18,100,0.31205643386764326,0.37009069323539734,0.05844239627613741,0.161948627201242,,
A050,rough_lateral,101,19,100,0.33989788838886326,0.3998432904481888,0.05987932337796624,0.06706411932258119,,
A050,rough_lateral,101,20,100,0.34325267820753513,0.4027761071920395,0.05943770077139299,0.13217619148695398,,
A050,rough_lateral,101,21,100,0.33542571141120586,0.394154816865921,0.058689754914472446,0.062345809406181465,,
A050,rough_lateral,101,22,100,0.3175750182752303,0.3759496659040451,0.058382636085551054,0.16440515581935933,,
A050,rough_lateral,101,23,100,0.3303095101513327,0.39093194901943207,0.060432816571730344,0.1558048804614855,,
A050,rough_lateral,101,24,100,0.3056237924704577,0.3654647618532181,0.059928608450660094,0.07655694565686434,,
A050,rough_lateral,101,25,100,0.311432022541602,0.37459975481033325,0.06271314365978548,0.10068317814877653,,
A050,rough_lateral,101,26,76,0.3127714768450528,0.37442928552627563,0.06207503354485659,0.17758275402557158,,
A050,rough_lateral,101,27,100,0.33094040714801953,0.3902333527803421,0.059282415053423715,0.14641644343757865,,
A050,rough_lateral,101,28,100,0.35173385689921555,0.41292697191238403,0.0609331385974578,0.10178520362064564,,
A050,rough_lateral,101,29,100,0.3110815082641846,0.3680969476699829,0.057524828987325576,0.1083485049850009,,
A050,rough_lateral,101,30,100,0.3356050212274898,0.3979457914829254,0.06266629122157785,0.1325971045736292,,
A050,rough_lateral,101,31,100,0.3418248679867403,0.40344811975955963,0.061895681575020366,0.08405702491845046,,
A050,rough_lateral,202,0,100,0.3004662954711659,0.36304502189159393,0.06259772356818705,0.12906548920967986,,
A050,rough_lateral,202,1,100,0.32965541483565447,0.39065685868263245,0.06092348965731534,0.10836371230639551,,
A050,rough_lateral,202,2,100,0.3342058126301689,0.39703723788261414,0.06277464290353704,0.10532998657780596,,
A050,rough_lateral,202,3,100,0.3293785891112159,0.3929450213909149,0.0634534652220374,0.07899382542696763,,
A050,rough_lateral,202,4,100,0.34422583782417887,0.4064296633005142,0.06263083187654056,0.13619249164244954,,
A050,rough_lateral,202,5,100,0.3229911347283399,0.38356463611125946,0.06015967302781375,0.10275978032385108,,
A050,rough_lateral,202,6,75,0.25452503625721856,0.31747904419898987,0.06332989045005431,0.18868947199846356,,
A050,rough_lateral,202,7,100,0.3294863491294218,0.39089439809322357,0.0612852586144432,0.1657495726271586,,
A050,rough_lateral,202,8,100,0.3166761871646432,0.3755025118589401,0.059092740961574616,0.11002086645577999,,
A050,rough_lateral,202,9,100,0.34449176713425844,0.40570078790187836,0.061403391832973865,0.11246461828545146,,
A050,rough_lateral,202,10,100,0.33529231374595253,0.3952776938676834,0.06000555007852973,0.061465313902894364,,
A050,rough_lateral,202,11,100,0.3322924826553161,0.39117325842380524,0.05869061679126107,0.10191144079933077,,
A050,rough_lateral,202,12,100,0.3373094909490748,0.39826010167598724,0.060711666861957406,0.10638121253917365,,
A050,rough_lateral,202,13,100,0.32771827750664984,0.38930338621139526,0.0616711856209658,0.15549792953315472,,
A050,rough_lateral,202,14,100,0.2995100422976489,0.35840143263339996,0.05916227248900714,0.1089994664543307,,
A050,rough_lateral,202,15,100,0.2998068407576352,0.3602077066898346,0.059731279464966466,0.11980880521095306,,
A050,rough_lateral,202,16,100,0.3728461942889474,0.4311497062444687,0.058479905765961834,0.03509115148309193,,
A050,rough_lateral,202,17,100,0.3421298120429809,0.3988085687160492,0.056570879278335984,0.1045231319929456,,
A050,rough_lateral,202,18,100,0.3352802797434802,0.3922424018383026,0.05712942643599077,0.06813383117861829,,
A050,rough_lateral,202,19,100,0.349346989775724,0.40863141417503357,0.05953082936332825,0.06327471571622642,,
A050,rough_lateral,202,20,100,0.29456129765765554,0.3523023724555969,0.057557748600760884,0.09322233734994516,,
A050,rough_lateral,202,21,100,0.34099576156088374,0.39955706894397736,0.05851299367486475,0.12062058552629171,,
A050,rough_lateral,202,22,100,0.30334244963319545,0.3575415164232254,0.05401809712782263,0.10374099862407239,,
A050,rough_lateral,202,23,100,0.31741341741327295,0.37588560581207275,0.05845666569184492,0.17555186082954097,,
A050,rough_lateral,202,24,100,0.3457626415127739,0.4022655636072159,0.05668031213117793,0.17549241399152724,,
A050,rough_lateral,202,25,100,0.29739490812793773,0.35616666078567505,0.058381728309998535,0.15193692051878704,,
A050,rough_lateral,202,26,100,0.3266040295521843,0.38607779145240784,0.05929362455153848,0.12592802171385176,,
A050,rough_lateral,202,27,100,0.30094411052803305,0.3598690330982208,0.058024901119782965,0.15506250750870643,,
A050,rough_lateral,202,28,100,0.3319526829502799,0.39195188879966736,0.06011564591351677,0.09767708908073625,,
A050,rough_lateral,202,29,100,0.30033734098156506,0.3582850992679596,0.058178335587608626,0.1415437981368572,,
A050,rough_lateral,202,30,100,0.32897350893301125,0.3905554413795471,0.061363602704542844,0.1156162328521836,,
A050,rough_lateral,202,31,100,0.304803341866177,0.36443792283535004,0.06002129335454441,0.13134214210745832,,
A050,rough_lateral,303,0,100,0.332369264514051,0.3896869122982025,0.057595380487289016,0.09770751394777807,,
A050,rough_lateral,303,1,91,0.28589491697556196,0.34184888005256653,0.05689628111487404,0.2273140828023611,,
A050,rough_lateral,303,2,100,0.35780783866178545,0.4159691631793976,0.058199627514191485,0.10304931442265809,,
A050,rough_lateral,303,3,100,0.3443410429246923,0.4053642302751541,0.060689992445675446,0.06939787778272544,,
A050,rough_lateral,303,4,100,0.3539877419165749,0.41244302690029144,0.05829353638511291,0.09944028650967118,,
A050,rough_lateral,303,5,100,0.31375170702284033,0.37085479497909546,0.05704839981813482,0.06465727447801395,,
A050,rough_lateral,303,6,100,0.3523320747728654,0.41038893163204193,0.05774819787173348,0.09083724302803305,,
A050,rough_lateral,303,7,100,0.3319349992562105,0.39188775420188904,0.05969643210344774,0.11794545338137613,,
A050,rough_lateral,303,8,100,0.33965107320464233,0.3961289972066879,0.05734288628726082,0.12175066115221572,,
A050,rough_lateral,303,9,100,0.3399951445227638,0.39699459075927734,0.05708242100190351,0.11177150458099795,,
A050,rough_lateral,303,10,100,0.3408079996784741,0.3976031243801117,0.05687950256674047,0.12523725959048226,,
A050,rough_lateral,303,11,100,0.34001130120639494,0.3983639031648636,0.05909713704318287,0.11777525075865544,,
A050,rough_lateral,303,12,100,0.32668542861938477,0.38386043906211853,0.0567859812853808,0.12293233072463783,,
A050,rough_lateral,303,13,100,0.33082453077808416,0.38654594123363495,0.05579108987900025,0.08281496813443309,,
A050,rough_lateral,303,14,99,0.2885423889134657,0.34592196345329285,0.05675288317675259,0.21292209895458383,,
A050,rough_lateral,303,15,100,0.3378146761719556,0.3946911096572876,0.05655603357814851,0.07663289699563433,,
A050,rough_lateral,303,16,0,,,,,,
A050,rough_lateral,303,17,100,0.333871393439604,0.39169512689113617,0.05770284479314631,0.10874141244671486,,
A050,rough_lateral,303,18,58,0.2399254331295503,0.29580141603946686,0.0569843914419572,0.18043543411053267,,
A050,rough_lateral,303,19,100,0.29856169558463885,0.3559304177761078,0.05738946333288509,0.07753646889077684,,
A050,rough_lateral,303,20,100,0.3059699118615472,0.36642996966838837,0.060689079570260276,0.08098289709564918,,
A050,rough_lateral,303,21,100,0.33315512976225686,0.39132051169872284,0.05794863267378374,0.18778135634509213,,
A050,rough_lateral,303,22,100,0.33794528588572925,0.3954369127750397,0.057642100329067615,0.14205674356142023,,
A050,rough_lateral,303,23,100,0.3229969694493289,0.3805694431066513,0.05734795045087682,0.10889766755496663,,
A050,rough_lateral,303,24,100,0.32904364232392236,0.39062561094760895,0.06133675702752914,0.11909684209835598,,
A050,rough_lateral,303,25,50,0.3149189908396114,0.3760470002889633,0.06126756209103181,0.14818653739208754,,
A050,rough_lateral,303,26,100,0.33386238246040545,0.39513783156871796,0.061628530369722906,0.1325415259764174,,
A050,rough_lateral,303,27,100,0.34765765668555376,0.40817366540431976,0.06033173219405394,0.10223937926039556,,
A050,rough_lateral,303,28,100,0.34533425456381095,0.4078124016523361,0.061895258286420035,0.07831263778017171,,
A050,rough_lateral,303,29,100,0.33635051731757304,0.39857202768325806,0.06190086303547742,0.12709287732158336,,
A050,rough_lateral,303,30,100,0.31349985221809246,0.37475812435150146,0.06095029453542781,0.1121741618833712,,
A050,rough_lateral,303,31,100,0.31487290322143124,0.37570175528526306,0.060587041518267465,0.13980985963699127,,
A050,rough_forward,101,0,100,0.2771037861625141,0.33307456970214844,0.05627644890769918,0.4777944452354481,,
A050,rough_forward,101,1,100,0.28333631843169105,0.34176117181777954,0.05879318522896996,0.47238531644819126,,
A050,rough_forward,101,2,100,0.28421609781005164,0.3403087258338928,0.056303855569604884,0.5194728861534522,,
A050,rough_forward,101,3,100,0.2804471784256359,0.3407336473464966,0.06018303039877172,0.07790737911086759,,
A050,rough_forward,101,4,100,0.2779534061484158,0.3350672870874405,0.0569898482949976,0.4912351747852939,,
A050,rough_forward,101,5,100,0.29844398804526917,0.3546530306339264,0.05674707443318902,0.46104419826847576,,
A050,rough_forward,101,6,100,0.3301565541940577,0.3895956426858902,0.058863680630444205,0.46316283611056397,,
A050,rough_forward,101,7,100,0.30025184505126057,0.355949342250824,0.056556257972105305,0.4359234397940985,,
A050,rough_forward,101,8,100,0.2743675246595699,0.33198583126068115,0.05771303431873016,0.45552780704753026,,
A050,rough_forward,101,9,100,0.311513156097203,0.37088795006275177,0.05905316092751243,0.48803301357405826,,
A050,rough_forward,101,10,100,0.2766649904735585,0.33535197377204895,0.05876757881858132,0.5000577087438893,,
A050,rough_forward,101,11,100,0.3272149248875399,0.3877237141132355,0.060070246936165715,0.45832770601091055,,
A050,rough_forward,101,12,100,0.2831675834196774,0.34300196170806885,0.059851279233228714,0.5113271225317753,,
A050,rough_forward,101,13,100,0.31470175087451935,0.37793126702308655,0.06252440794266481,0.4946221945008457,,
A050,rough_forward,101,14,100,0.27926366150697923,0.33635300397872925,0.05770633819906469,0.48164787290707683,,
A050,rough_forward,101,15,100,0.3248426686314976,0.38163822889328003,0.05741691589355469,0.4602810718579442,,
A050,rough_forward,101,16,100,0.33036139344467835,0.39174318313598633,0.06092455042874749,0.42251437911216105,,
A050,rough_forward,101,17,100,0.33185110468277956,0.39094096422195435,0.05929411413835332,0.442122377581851,,
A050,rough_forward,101,18,77,0.2980799482149236,0.3586355745792389,0.059847724628958474,0.45862407145865364,,
A050,rough_forward,101,19,100,0.3147771889991301,0.3742518424987793,0.0595771055170559,0.4827700826742567,,
A050,rough_forward,101,20,100,0.310749009809392,0.3686852753162384,0.058591123570732886,0.46836111589288765,,
A050,rough_forward,101,21,16,,,,,,
A050,rough_forward,101,22,100,0.2710853455697789,0.32711242139339447,0.05618127017097677,0.5058188445512152,,
A050,rough_forward,101,23,51,0.33390814655604845,0.39406874775886536,0.05999125516350894,0.3498031220154546,,
A050,rough_forward,101,24,98,0.30617153301914746,0.3629692643880844,0.05700708073090742,0.5148675257879481,,
A050,rough_forward,101,25,100,0.27321601431956266,0.3357739746570587,0.06117408160857338,0.5004605135579193,,
A050,rough_forward,101,26,100,0.3129587270678046,0.3722310960292816,0.05913032694933886,0.5074125474565572,,
A050,rough_forward,101,27,100,0.2819128948099473,0.33524252474308014,0.05338302653103588,0.5230090984407372,,
A050,rough_forward,101,28,100,0.2940769762916361,0.3559640645980835,0.06282965512199198,0.5004584675957513,,
A050,rough_forward,101,29,100,0.2733961491980017,0.3319981247186661,0.059150068517674737,0.534291761673614,,
A050,rough_forward,101,30,100,0.3522840002003838,0.4139973521232605,0.06097179045651686,0.04607962185427944,,
A050,rough_forward,101,31,100,0.3208622923668693,0.38545726239681244,0.06496119371709977,0.44978871733537606,,
A050,rough_forward,202,0,100,0.2497624749327726,0.3088584691286087,0.05890107792329023,0.43811985291745437,,
A050,rough_forward,202,1,100,0.30334805725092556,0.36486318707466125,0.060987084944617936,0.5038504101692876,,
A050,rough_forward,202,2,100,0.30150807987559924,0.3640875667333603,0.06308255221116989,0.4190041774400764,,
A050,rough_forward,202,3,100,0.3098424973494229,0.37049274146556854,0.060162197459827774,0.480231723189765,,
A050,rough_forward,202,4,100,0.31973836312000764,0.3824447840452194,0.06312208634646818,0.45514146193324834,,
A050,rough_forward,202,5,100,0.29042168431741033,0.3481924384832382,0.05867981018229602,0.4464889075692109,,
A050,rough_forward,202,6,100,0.3112402868302748,0.3729447275400162,0.06150223227108226,0.49183463269169286,,
A050,rough_forward,202,7,100,0.30010570282923343,0.3606075942516327,0.06036470280611579,0.49133121396678237,,
A050,rough_forward,202,8,35,0.27932317849786525,0.3391895890235901,0.059798786346925134,0.3800540956451475,,
A050,rough_forward,202,9,100,0.2870599115914839,0.34820421040058136,0.060418006570581446,0.4216008579242009,,
A050,rough_forward,202,10,100,0.2742667155151061,0.334809809923172,0.06016494628579859,0.47543062151191573,,
A050,rough_forward,202,11,100,0.2925861484226696,0.3510133624076843,0.05871329588048598,0.48811585798366364,,
A050,rough_forward,202,12,100,0.28483201969753613,0.34841781854629517,0.06316394601913697,0.5139886262583466,,
A050,rough_forward,202,13,100,0.3280666654600817,0.3875521570444107,0.05923698037703407,0.4504399063419473,,
A050,rough_forward,202,14,100,0.3009515335374975,0.35875174403190613,0.058348283410709814,0.4892236710794087,,
A050,rough_forward,202,15,100,0.2758610694803656,0.33484524488449097,0.058679264496991984,0.5110808343274479,,
A050,rough_forward,202,16,100,0.31279278925077164,0.3702237755060196,0.05748263272372159,0.4530687410645679,,
A050,rough_forward,202,17,100,0.2757959748334426,0.3362427353858948,0.05974092840510893,0.5214806908503467,,
A050,rough_forward,202,18,100,0.3233114201276698,0.3787476122379303,0.05528877380697485,0.4714570652972972,,
A050,rough_forward,202,19,100,0.3162564540451223,0.37393198907375336,0.05885828497575566,0.4488595879966113,,
A050,rough_forward,202,20,100,0.2697141721127505,0.3255294859409332,0.05559774388603986,0.5307073616308873,,
A050,rough_forward,202,21,100,0.3143983037076532,0.3709212392568588,0.05646867293087557,0.48718220114474464,,
A050,rough_forward,202,22,100,0.29114950133517464,0.3498443365097046,0.05924531865247431,0.518252220654373,,
A050,rough_forward,202,23,100,0.25369887986285167,0.31393882632255554,0.05964815170369683,0.5213059412153075,,
A050,rough_forward,202,24,100,0.33142860297532006,0.3898373991250992,0.05844462491611746,0.3934810162765704,,
A050,rough_forward,202,25,89,0.2647021773027226,0.32074403762817383,0.05662631478539125,0.5180245557509899,,
A050,rough_forward,202,26,100,0.3390067191844318,0.397548109292984,0.05880562379398448,0.41696055203403876,,
A050,rough_forward,202,27,25,0.20941718886880314,0.2696831226348877,0.06074484146852544,0.3277733495432335,,
A050,rough_forward,202,28,100,0.3027909248270453,0.36263857781887054,0.06003776081105605,0.4917761990408297,,
A050,rough_forward,202,29,100,0.3012817066939757,0.3621070086956024,0.060710305198628634,0.48824041204073987,,
A050,rough_forward,202,30,100,0.2793781328647532,0.34014008939266205,0.06023971537217737,0.49146577526805535,,
A050,rough_forward,202,31,100,0.29373753477226605,0.3501117378473282,0.05630562522194602,0.5230369986904606,,
A050,rough_forward,303,0,100,0.34519768287153807,0.4029155671596527,0.057612541525121685,0.26702472193596233,,
A050,rough_forward,303,1,100,0.2839584596813681,0.34452079236507416,0.059841558895009084,0.5261532926566379,,
A050,rough_forward,303,2,100,0.31701274048835837,0.37231752276420593,0.05552335728936017,0.41610952800970274,,
A050,rough_forward,303,3,100,0.2996072190649369,0.35827013850212097,0.05852505994990548,0.399692352294356,,
A050,rough_forward,303,4,100,0.2960009874507068,0.3557288497686386,0.060092104947503236,0.4533518805333492,,
A050,rough_forward,303,5,100,0.3120731388661951,0.3711201697587967,0.05918081048975654,0.14174595584592525,,
A050,rough_forward,303,6,100,0.2890976136699717,0.35020269453525543,0.06008658179624833,0.42381011348852027,,
A050,rough_forward,303,7,71,0.32394268040988533,0.3826158046722412,0.058908187131830714,0.4068217381368461,,
A050,rough_forward,303,8,100,0.32770533309900823,0.3871520310640335,0.05895892056551846,0.49942092465235804,,
A050,rough_forward,303,9,100,0.3063188293241562,0.3645225316286087,0.057841336663394055,0.4684078784689937,,
A050,rough_forward,303,10,100,0.3155166054951316,0.3760068118572235,0.05975567210804332,0.47928980683996253,,
A050,rough_forward,303,11,100,0.2749471137708521,0.33258844912052155,0.05757086544750846,0.4626025845529621,,
A050,rough_forward,303,12,11,,,,,,
A050,rough_forward,303,13,100,0.34864097610514433,0.4072887897491455,0.05843378770797648,0.39420871346241815,,
A050,rough_forward,303,14,100,0.2565683457143804,0.31631477177143097,0.0595564459734422,0.5038298581122274,,
A050,rough_forward,303,15,100,0.31486931993043354,0.3734782934188843,0.0589341811317811,0.41466930932838986,,
A050,rough_forward,303,16,100,0.28718296378691566,0.3469818979501724,0.05978247188629314,0.5601249024288395,,
A050,rough_forward,303,17,100,0.2762416951796588,0.33463992178440094,0.058003389899105945,0.4437461870488728,,
A050,rough_forward,303,18,100,0.25039991082992147,0.30506038665771484,0.05498464349756904,0.45616021527566075,,
A050,rough_forward,303,19,27,0.2638024687767029,0.32235458493232727,0.058835259095870236,0.5009899109834649,,
A050,rough_forward,303,20,100,0.2724305604071541,0.3338688760995865,0.06130408220750125,0.5224465011777861,,
A050,rough_forward,303,21,86,0.3216487072846469,0.38062067329883575,0.05920027156564641,0.45368013297311127,,
A050,rough_forward,303,22,100,0.3327638400907822,0.3929480016231537,0.05981884920660825,0.3706930766569513,,
A050,rough_forward,303,23,100,0.3161478178864494,0.37447431683540344,0.05843333382020022,0.4751360285608596,,
A050,rough_forward,303,24,100,0.3184217195459866,0.3785611093044281,0.05958466351350998,0.4222182765042358,,
A050,rough_forward,303,25,100,0.31316715096407394,0.3733113408088684,0.060552209456336686,0.47072690970510145,,
A050,rough_forward,303,26,100,0.29390564305897066,0.35239776968955994,0.05919497790821096,0.5055945419216528,,
A050,rough_forward,303,27,100,0.3018028360796485,0.36012114584445953,0.05858709467923577,0.49160296458690145,,
A050,rough_forward,303,28,100,0.2977224990008349,0.35781407356262207,0.06046626657088173,0.46573409338328353,,
A050,rough_forward,303,29,100,0.3033398253554329,0.36480915546417236,0.06170633897424382,0.44648525891375274,,
A050,rough_forward,303,30,100,0.31576140137279735,0.37281328439712524,0.05718575951887324,0.46034638956893686,,
A050,rough_forward,303,31,100,0.30072465339765186,0.3598891794681549,0.059113691197359625,0.5241142257983686,,
A050,stairs_10_down,101,0,85,0.3158239645753952,-0.3551752269268036,-0.6663109274471507,0.46059323554914255,0,0.3014821252402138
A050,stairs_10_down,101,1,100,0.306236197365159,-0.3386528491973877,-0.6636371153561189,0.40528552648962934,1,0.2955057954086977
A050,stairs_10_down,101,2,100,0.31521018502865245,-0.35587385296821594,-0.6807498013909488,0.45779522729410715,0,0.3153895421780367
A050,stairs_10_down,101,3,100,0.29900356043468823,-0.3371395468711853,-0.6430488780220562,0.2742291169301153,0,0.31126323039518955
A050,stairs_10_down,101,4,100,0.3151594503996844,-0.3592437654733658,-0.6823537285952644,0.46839623155179066,1,0.31592791459777136
A050,stairs_10_down,101,5,100,0.3416624201491555,-0.3412546068429947,-0.6863647042748762,0.33284656130080514,1,0.2850878686509668
A050,stairs_10_down,101,6,100,0.355092736249939,-0.34230291843414307,-0.6994667053222656,0.38717404493331464,1,0.29651430711389226
A050,stairs_10_down,101,7,100,0.3438755269834702,-0.35294516384601593,-0.7000007425400026,0.4301623586279295,1,0.3410737565494476
A050,stairs_10_down,101,8,100,0.3365763944578681,-0.34374473989009857,-0.6858295756865314,0.45677366272690506,1,0.32954548833204467
A050,stairs_10_down,101,9,100,0.3533585407039061,-0.3314351439476013,-0.6903746089833305,0.44511754951357535,0,0.3311021233943694
A050,stairs_10_down,101,10,100,0.3124658983340238,-0.38068902492523193,-0.6967923526457924,0.48547186664770126,1,0.3069178138505966
A050,stairs_10_down,101,11,62,0.3219021170693923,-0.328914150595665,-0.6446529786217021,0.35928502527780876,0,0.30628316510807385
A050,stairs_10_down,101,12,76,0.31021210543293365,-0.35720194876194,-0.6631020989647524,0.47397468940461074,1,0.3018125513976908
A050,stairs_10_down,101,13,78,0.321284911849282,-0.3373603969812393,-0.6553482116862415,0.43674191098865645,1,0.30968563665043225
A050,stairs_10_down,101,14,74,0.32181279146097563,-0.3350992798805237,-0.6548133023919906,0.3130792928285998,0,
A050,stairs_10_down,101,15,100,0.3480081826767182,-0.3493414521217346,-0.6989306587586428,0.4259876607605908,1,0.3262843558176316
A050,stairs_10_down,101,16,100,0.3312576369327657,-0.3427969813346863,-0.6855621898875517,0.4179053882387722,0,0.325866368524531
A050,stairs_10_down,101,17,80,0.2949556311502814,-0.3494120091199875,-0.6598935917737012,0.3689192946063102,1,0.2870372828634028
A050,stairs_10_down,101,18,63,0.30296862683194203,-0.3729594647884369,-0.6668453726539,0.4467223467710966,0,0.23390444619132877
A050,stairs_10_down,101,19,100,0.3242919701624682,-0.3475804775953293,-0.6836904127967549,0.43436541220703523,0,0.3162634257964272
A050,stairs_10_down,101,20,100,0.33593299116361586,-0.35935747623443604,-0.7000002937520889,0.4329331322356707,0,0.3243031869916355
A050,stairs_10_down,101,21,100,0.2964627290951377,-0.3629858195781708,-0.6729953582274085,0.45097493299824587,1,0.23643661852188924
A050,stairs_10_down,101,22,100,0.30666495875560024,-0.36469046771526337,-0.671925626336572,0.4890672730147735,0,0.30672190262672094
A050,stairs_10_down,101,23,100,0.27590717152159483,-0.3370049297809601,-0.6438508977227033,0.41775270954823707,1,0.24550713160458737
A050,stairs_10_down,101,24,43,0.27704413450337984,-0.37907153367996216,-0.6491987972973502,0.49406143794211504,0,0.26198040530643363
A050,stairs_10_down,101,25,100,0.3160251430011688,-0.3770894557237625,-0.698664104237276,0.4938050265172425,0,0.29994471777569165
A050,stairs_10_down,101,26,100,0.3151107477472428,-0.35645782947540283,-0.6756694610106116,0.4774088681032823,0,0.3154770221939699
A050,stairs_10_down,101,27,60,0.3074698507148314,-0.35320761799812317,-0.6558831311802176,0.4281681278079522,1,0.2600991571332044
A050,stairs_10_down,101,28,67,0.28579301502615373,-0.366183340549469,-0.6524072636895001,0.47091380805156563,0,0.2924631253920774
A050,stairs_10_down,101,29,72,0.30075844468917434,-0.36114779114723206,-0.6553485737764899,0.47558914431407084,0,0.3013630633685678
A050,stairs_10_down,101,30,100,0.3553436155465835,-0.33489467203617096,-0.6901084369516628,0.40421563046753123,0,
A050,stairs_10_down,101,31,99,0.29822449425962516,-0.36161985993385315,-0.6689850506298045,0.4317504219312705,1,0.28585935627075443
A050,stairs_10_down,202,0,44,0.29544270819521207,-0.3528702110052109,-0.6414451752116973,0.4608165844096676,0,0.2945749071192614
A050,stairs_10_down,202,1,44,0.2686970550268092,-0.359130397439003,-0.6366316953444864,0.4390235467382834,0,0.2618199264939456
A050,stairs_10_down,202,2,100,0.3441636767935626,-0.3492507338523865,-0.6991987024399049,0.4174600906628346,0,0.31185225050717114
A050,stairs_10_down,202,3,100,0.32590589564751815,-0.3355924189090729,-0.6614983655552176,0.2608135258662386,1,0.2615245426083631
A050,stairs_10_down,202,4,100,0.35279985457499397,-0.3424927741289139,-0.7000005232459083,0.421543345572614,1,0.3004730831493031
A050,stairs_10_down,202,5,62,0.31058770067551555,-0.3461717814207077,-0.6548137715793548,0.4535798777458993,0,0.2966150083643867
A050,stairs_10_down,202,6,85,0.3111964865801806,-0.34529629349708557,-0.6529420046882833,0.4266734377300686,0,0.3141477334308115
A050,stairs_10_down,202,7,100,0.2927267011155419,-0.3331288844347,-0.6470595630094966,0.3079766384417038,0,0.26431303706398623
A050,stairs_10_down,202,8,100,0.3005983379276041,-0.37238530814647675,-0.6724604336335698,0.4826032104050247,1,0.29786348773196414
A050,stairs_10_down,202,9,100,0.3089183612781412,-0.342239573597908,-0.6470595069110074,0.3183971770500956,0,0.31720477725095286
A050,stairs_10_down,202,10,100,0.34091119348684096,-0.3514435440301895,-0.695187772659057,0.41975485154030323,0,0.3234435958977051
A050,stairs_10_down,202,11,100,0.32628637361016505,-0.360324889421463,-0.6930486403684565,0.4824127375161886,0,0.33053441258037797
A050,stairs_10_down,202,12,100,0.2953165118547684,-0.37820445001125336,-0.6735297626352565,0.4822541672473105,1,0.2803042349330882
A050,stairs_10_down,202,13,100,0.3375241055208094,-0.3469935804605484,-0.6906423976714599,0.45071720718045183,0,0.31473887922929566
A050,stairs_10_down,202,14,100,0.29324718385456716,-0.38050898909568787,-0.6826209715980898,0.500306106501123,0,0.2755888051846448
A050,stairs_10_down,202,15,100,0.3133496423774862,-0.37811891734600067,-0.6949202848628243,0.5069349161305072,0,0.29821358294410505
A050,stairs_10_down,202,16,100,0.3373972465169621,-0.32693126797676086,-0.6839578036955971,0.3625211086772643,0,0.3208248242337436
A050,stairs_10_down,202,17,80,0.2864563754376243,-0.3612149953842163,-0.6660433988520169,0.45872265297970793,1,0.28270087347311135
A050,stairs_10_down,202,18,95,0.3183258601369705,-0.3492756485939026,-0.6641711372742678,0.47887746410318643,0,0.3098620463182582
A050,stairs_10_down,202,19,100,0.30866296971864243,-0.33815424144268036,-0.6620325710684221,0.3211599967243586,0,0.30739661365906823
A050,stairs_10_down,202,20,100,0.3085216757926074,-0.37571024894714355,-0.6903748945756392,0.5121535243660349,0,0.3046567306161564
A050,stairs_10_down,202,21,100,0.34567888415752246,-0.3457358181476593,-0.6935833507680638,0.41846995277741206,0,0.28526297610073803
A050,stairs_10_down,202,22,53,0.31126486537928255,-0.3383234441280365,-0.6390381063369506,0.38894635274220374,0,0.28606830258420446
A050,stairs_10_down,202,23,100,0.29561987503327153,-0.3756399005651474,-0.6756691754183031,0.4995626735920319,1,0.29262229497419956
A050,stairs_10_down,202,24,100,0.2806384153066472,-0.33347827196121216,-0.6377014476347734,0.42413656183210113,0,0.26405592956007484
A050,stairs_10_down,202,25,59,0.29806583450439783,-0.36849918961524963,-0.6582892106816093,0.49084816006912424,0,0.2746409265434041
A050,stairs_10_down,202,26,100,0.33080513863002553,-0.33074602484703064,-0.6606957848696786,0.3769238437666293,0,0.3324842507188971
A050,stairs_10_down,202,27,100,0.3075341065937185,-0.38060057163238525,-0.6938512159541329,0.4914918094308147,1,0.29874924797425295
A050,stairs_10_down,202,28,100,0.3447910829342623,-0.34288616478443146,-0.6919795306608638,0.4556752739639319,0,0.32540585777976294
A050,stairs_10_down,202,29,100,0.28072808611201727,-0.35469911992549896,-0.6548137154808656,0.43435679198780064,0,0.27589347623886273
A050,stairs_10_down,202,30,100,0.3020006629394338,-0.37315700948238373,-0.6762040847125538,0.4704645067653511,0,0.30587186979100034
A050,stairs_10_down,202,31,95,0.3025442321988988,-0.3717985451221466,-0.6673806440383993,0.5239038823721436,0,0.2992277870522463
A050,stairs_10_down,303,0,100,0.335464110269266,-0.33287398517131805,-0.6842253934890828,0.37757156151561744,0,0.33414729361865614
A050,stairs_10_down,303,1,100,0.3234859925699744,-0.34845538437366486,-0.6713914004239169,0.4667992762122378,0,0.3121132139853615
A050,stairs_10_down,303,2,100,0.31474316072336495,-0.3396074026823044,-0.664439578744817,0.3889817465463399,0,0.31120953346318736
A050,stairs_10_down,303,3,100,0.3458154360081423,-0.34419114887714386,-0.6962578870395926,0.43950587364909743,0,0.3240111777807939
A050,stairs_10_down,303,4,73,0.2976401182100734,-0.35820457339286804,-0.6577547246759589,0.4215635897021952,1,0.29966891736270274
A050,stairs_10_down,303,5,100,0.30791675016523046,-0.347928911447525,-0.6588242576721517,0.41105860829020635,0,0.3104625129125973
A050,stairs_10_down,303,6,100,0.31213504442556655,-0.34620796144008636,-0.6778083077089034,0.4182490840891673,1,0.2966834832640255
A050,stairs_10_down,303,7,100,0.33742782290287837,-0.35620634257793427,-0.6983968357351374,0.46346539570280637,1,0.3363876121248154
A050,stairs_10_down,303,8,52,0.3090032730351157,-0.34415553510189056,-0.6526744607935615,0.34700317518927404,0,0.2235162144994991
A050,stairs_10_down,303,9,100,0.3289228045844777,-0.3552054613828659,-0.6759362552255233,0.4399468035435307,1,0.2805865112154241
A050,stairs_10_down,303,10,64,0.3168595133618238,-0.33357247710227966,-0.6489311157063367,0.3591468018229146,0,0.25775781576646206
A050,stairs_10_down,303,11,74,0.32371119453626523,-0.343386635184288,-0.6593592026654411,0.43767196107450734,0,0.32116527990861377
A050,stairs_10_down,303,12,100,0.34784801726672737,-0.337357833981514,-0.6831559063916538,0.40790399711490155,0,0.3005103097561209
A050,stairs_10_down,303,13,100,0.3390941587202052,-0.3314179480075836,-0.6700537982471486,0.4087792720260617,1,0.33951182814842873
A050,stairs_10_down,303,14,100,0.3072655287018434,-0.36637239158153534,-0.6807490976099024,0.48662508345255195,0,0.3119101835125908
A050,stairs_10_down,303,15,100,0.30196895661519807,-0.344249963760376,-0.6435835425228996,0.3944184526193327,0,0.310659650812812
A050,stairs_10_down,303,16,74,0.31526870172929,-0.3475745618343353,-0.6566854058739973,0.45721376323560525,0,0.3121626195423106
A050,stairs_10_down,303,17,100,0.32170340657871677,-0.3723117411136627,-0.698128960349343,0.4574508110865099,0,0.3192607459218745
A050,stairs_10_down,303,18,33,0.28006093371360696,-0.3621855676174164,-0.6422465013310233,0.42819266266544004,0,
A050,stairs_10_down,303,19,100,0.2960685026199422,-0.3688479959964752,-0.6719258813297048,0.48838514498797403,1,0.29137214189544713
A050,stairs_10_down,303,20,42,0.2831010272636771,-0.3556831032037735,-0.6286098612821038,0.487320910563098,0,0.28299797409995997
A050,stairs_10_down,303,21,100,0.33643123571247974,-0.35810135304927826,-0.6951876043635894,0.4046169834747052,0,0.2856099387222433
A050,stairs_10_down,303,22,100,0.32656718989744543,-0.3433649241924286,-0.6737976227214629,0.38349335765902376,0,0.2906986753889583
A050,stairs_10_down,303,23,100,0.34186969952468566,-0.3441372662782669,-0.6831559012917912,0.43675823935057695,1,0.28735020119238663
A050,stairs_10_down,303,24,80,0.2942065649172839,-0.3479076027870178,-0.6542791376776873,0.3203252432676762,0,0.2876646239808537
A050,stairs_10_down,303,25,100,0.3420712547824982,-0.3464438170194626,-0.6826210939947934,0.4193173934332021,0,0.27990803871562775
A050,stairs_10_down,303,26,100,0.3166110106011763,-0.3486785739660263,-0.6660437558424026,0.4490674104518071,1,0.31228877022304635
A050,stairs_10_down,303,27,94,0.2764425825148343,-0.3465021550655365,-0.6294122532727247,0.44754024654683644,0,0.31718812173700583
A050,stairs_10_down,303,28,100,0.34113235333386593,-0.3322850465774536,-0.6780756221098059,0.19442022336011125,1,0.2983790353976469
A050,stairs_10_down,303,29,100,0.3343405261396724,-0.35591335594654083,-0.696792551540436,0.41848596561571294,0,0.30446029570013444
A050,stairs_10_down,303,30,80,0.3183991865200155,-0.3469941020011902,-0.65989412725928,0.4061937798735213,0,
A050,stairs_10_down,303,31,76,0.30960107040915263,-0.3557521253824234,-0.6620330249561983,0.49107293007620034,0,0.3133434160826678
A050,stairs_15_down,101,0,90,0.31110532079788444,-0.6971108019351959,-1.001069176005807,0.44555706226923186,0,0.2785714832856694
A050,stairs_15_down,101,1,100,0.2800970155606295,-0.7110250294208527,-1.0034754340023917,0.17519161704206515,0,
A050,stairs_15_down,101,2,100,0.309065676946691,-0.7064507305622101,-1.021924911335828,0.46106380055665774,0,0.30258187061962594
A050,stairs_15_down,101,3,73,0.2890844383341744,-0.7001895904541016,-1.0018709662126348,0.34340436129947666,0,0.2603312883785064
A050,stairs_15_down,101,4,100,0.3073363332824911,-0.704263299703598,-1.023528950737122,0.43881223816166504,0,0.3060467867927755
A050,stairs_15_down,101,5,100,0.33916233902309023,-0.6876469254493713,-1.029544794623227,0.2642064913078992,0,0.26921525549761105
A050,stairs_15_down,101,6,100,0.3415737813488047,-0.7050444483757019,-1.0495984286547984,0.436090147323006,0,0.2975504946581182
A050,stairs_15_down,101,7,100,0.33643854971237996,-0.7078545093536377,-1.0499992319606841,0.4372460333165181,0,0.29901184914583834
A050,stairs_15_down,101,8,100,0.3389502438631924,-0.6966578662395477,-1.0287427086243655,0.3874955890696091,0,0.2439790996000728
A050,stairs_15_down,101,9,100,0.3519557843552553,-0.6824441850185394,-1.0355606640086454,0.41140846939681963,0,0.2836303127640709
A050,stairs_15_down,101,10,100,0.31277907468418387,-0.7255908846855164,-1.0459881848829953,0.4642529900897343,0,0.30189611822526086
A050,stairs_15_down,101,11,61,0.30247378859290464,-0.6811503767967224,-0.9745988896823822,0.31487293134316646,0,0.2610591538449659
A050,stairs_15_down,101,12,76,0.3016818537112863,-0.7031229734420776,-0.9966571369273141,0.45947419196016104,0,0.2884721746419203
A050,stairs_15_down,101,13,100,0.3037837236960304,-0.6811089217662811,-0.9866303683602236,0.3215223646308245,0,0.2289568415300094
A050,stairs_15_down,101,14,65,0.2983551627811901,-0.683905303478241,-0.9737961917000021,0.35486875027603293,0,0.26912584088065405
A050,stairs_15_down,101,15,100,0.3467764674342253,-0.6958085894584656,-1.0483945601764209,0.43815910325585183,0,0.29559195806635896
A050,stairs_15_down,101,16,100,0.3217638495134161,-0.6904598474502563,-1.0347582363189862,0.3896582709999875,0,0.3161543241159164
A050,stairs_15_down,101,17,86,0.2736086850179071,-0.7057711780071259,-1.0066836505012717,0.4346601794256789,0,0.2619997712380109
A050,stairs_15_down,101,18,68,0.3024308542835522,-0.7119651436805725,-1.0002665239221908,0.4169353281724614,0,0.22571580518375745
A050,stairs_15_down,101,19,100,0.3175269440214902,-0.690563976764679,-1.03154989232354,0.389887641281922,0,0.3104764264535139
A050,stairs_15_down,101,20,100,0.33016985575145574,-0.7100831866264343,-1.0499986760756548,0.45586907102599195,0,0.30147302724460867
A050,stairs_15_down,101,21,100,0.3331772380652912,-0.6888169348239899,-1.008689298986751,0.3870872089005718,0,0.2547832963300899
A050,stairs_15_down,101,22,100,0.299976348398841,-0.7096661031246185,-1.0110954294867693,0.465787030922871,0,0.2963652132666684
A050,stairs_15_down,101,23,61,0.3001837446727855,-0.7000829577445984,-1.000266702417384,0.3099307171080261,0,
A050,stairs_15_down,101,24,45,0.2673909660966639,-0.7151861190795898,-0.9762033982710405,0.47881610246331746,0,0.25559970943685517
A050,stairs_15_down,101,25,100,0.3138637372197952,-0.7286668121814728,-1.0479940628622941,0.4806673049410398,0,0.29046161417017646
A050,stairs_15_down,101,26,95,0.31100535456509504,-0.7034860849380493,-1.0171115385657326,0.4578553671942714,0,0.30790725716932577
A050,stairs_15_down,101,27,79,0.29789836840196093,-0.6849671602249146,-0.9721922134970599,0.28214436020136907,0,0.2519570745248846
A050,stairs_15_down,101,28,73,0.2811186667432122,-0.7096220254898071,-1.0098924177853181,0.4255288365091029,0,0.2551819041451031
A050,stairs_15_down,101,29,72,0.28707397047848626,-0.7053973972797394,-0.9894382660401696,0.4381953518739149,0,0.27677411892834836
A050,stairs_15_down,101,30,100,0.35092274390439937,-0.6836332976818085,-1.0359621251968139,0.3801921341244803,0,0.24558270264436854
A050,stairs_15_down,101,31,88,0.29075992601440553,-0.7039308249950409,-1.0155075246637517,0.4225389639868583,0,0.28461514182269254
A050,stairs_15_down,202,0,54,0.27672598530901943,-0.6927725970745087,-0.9589570805350727,0.37804257346318304,0,0.2627009803598578
A050,stairs_15_down,202,1,47,0.2810738195072521,-0.6959308385848999,-0.97700492328501,0.2654953289739307,0,
A050,stairs_15_down,202,2,100,0.3426477762467083,-0.6994563937187195,-1.04959841335521,0.40328103661145503,0,0.3069693019045866
A050,stairs_15_down,202,3,96,0.3262209299413915,-0.6796611547470093,-1.0058816868991136,0.1446693123867549,0,0.23728686698617785
A050,stairs_15_down,202,4,100,0.34709472308821865,-0.6959355175495148,-1.0495982450597428,0.3984814373609138,0,0.2145801549926799
A050,stairs_15_down,202,5,59,0.2829762391228089,-0.7004308104515076,-0.9890372332404641,0.4291879573959723,0,0.26748828677570113
A050,stairs_15_down,202,6,80,0.296019457878276,-0.7008499801158905,-0.9890368966495289,0.45121200517237703,0,0.28964397996504676
A050,stairs_15_down,202,7,72,0.2916733926949016,-0.6757058203220367,-0.9673792130169383,0.24791746072809467,0,0.2603735260784945
A050,stairs_15_down,202,8,97,0.2997908423291171,-0.7170987129211426,-1.013100822979116,0.4516798222977715,0,0.28662226066232366
A050,stairs_15_down,202,9,87,0.27734608669332006,-0.7005062699317932,-0.9914431954450148,0.39520396942151004,0,0.2745381501269213
A050,stairs_15_down,202,10,100,0.3366616487821793,-0.697094589471817,-1.0427800397821927,0.39086001115200975,0,0.2687160984717588
A050,stairs_15_down,202,11,100,0.32144535830951626,-0.710650235414505,-1.0395712826978714,0.47314302451385903,0,0.3114044478232848
A050,stairs_15_down,202,12,100,0.2982948484586521,-0.713455319404602,-1.013902949776879,0.4691684437816368,0,0.2785281503901762
A050,stairs_15_down,202,13,100,0.3286823719580544,-0.6966120898723602,-1.037165259294969,0.4312394279433719,0,0.2854137462090681
A050,stairs_15_down,202,14,100,0.28853222313411736,-0.7277360558509827,-1.0251328983408883,0.4864403291125621,0,0.27442795165719835
A050,stairs_15_down,202,15,100,0.3085418845561736,-0.7277758419513702,-1.042378787688393,0.5095560056613075,0,0.27736092697490355
A050,stairs_15_down,202,16,100,0.32470378231874764,-0.6831332147121429,-1.0279403625325085,0.39215339220430534,0,0.2892805213596732
A050,stairs_15_down,202,17,76,0.29450559647963015,-0.705873042345047,-1.0050797079973681,0.4585751205073099,0,0.266334697524494
A050,stairs_15_down,202,18,100,0.30603022658251183,-0.6919703185558319,-0.9970580932290796,0.4215908168878634,0,0.3066494984422775
A050,stairs_15_down,202,19,100,0.2983171192401233,-0.6908029019832611,-1.001068870014048,0.3631308552552037,0,0.29661289319635076
A050,stairs_15_down,202,20,100,0.3087199129522803,-0.7212119698524475,-1.036362571512314,0.4859022034357705,0,0.29956719327100456
A050,stairs_15_down,202,21,100,0.3468872571692748,-0.6935983300209045,-1.0403732666994798,0.42043713268270916,0,0.31396304541093145
A050,stairs_15_down,202,22,51,0.29375047288476464,-0.6832868456840515,-0.9713900764995718,0.325635920439091,0,
A050,stairs_15_down,202,23,100,0.2918662522884614,-0.7227802872657776,-1.0147050969740925,0.48414024259723865,0,0.2794131993609954
A050,stairs_15_down,202,24,56,0.24641567309272477,-0.7221453487873077,-0.9906415429344789,0.467276032049727,0,0.23869292908173834
A050,stairs_15_down,202,25,59,0.2914239193666428,-0.70627760887146,-0.9882349942457229,0.44714391423819433,0,0.2588188154174682
A050,stairs_15_down,202,26,100,0.31270314219163703,-0.6818307340145111,-0.997058220725646,0.3048166031999541,0,0.3118842056090819
A050,stairs_15_down,202,27,100,0.310970232926588,-0.723637193441391,-1.0411759034835082,0.4927120420113406,0,0.2976067904482551
A050,stairs_15_down,202,28,100,0.34297218042261457,-0.6882536709308624,-1.0379672126974013,0.44712301970629187,0,0.2970906894474743
A050,stairs_15_down,202,29,95,0.3004548814207475,-0.6938044428825378,-0.9914432464436413,0.2011715994977732,0,0.19805830589590223
A050,stairs_15_down,202,30,98,0.3001784683867572,-0.7148948907852173,-1.0163099421536859,0.4766370999227568,0,0.2910797092366346
A050,stairs_15_down,202,31,88,0.2937094612236329,-0.7179332673549652,-1.011496681580569,0.4776100678509104,0,0.2866356784009678
A050,stairs_15_down,303,0,100,0.32150527611773283,-0.6836091578006744,-1.029143904619676,0.34161874343851273,0,0.3187241586134395
A050,stairs_15_down,303,1,97,0.3189549525791311,-0.7018794417381287,-1.0114967529786463,0.4499355311146139,0,0.28209532040325713
A050,stairs_15_down,303,2,98,0.30806691538203845,-0.6890058517456055,-1.0074861342894201,0.3684970775606349,0,0.28107998683490854
A050,stairs_15_down,303,3,100,0.3498971377783281,-0.695943146944046,-1.045186404875893,0.44504821859868127,0,0.311757408361384
A050,stairs_15_down,303,4,70,0.28366457905998843,-0.7003162801265717,-0.9914434963369114,0.4407536443851492,0,0.2808598334139044
A050,stairs_15_down,303,5,82,0.28584091437054193,-0.697382926940918,-1.0042774333035882,0.40544483078522303,0,0.2761363546478557
A050,stairs_15_down,303,6,100,0.3000088711792135,-0.698442280292511,-1.015106303169128,0.4310689894725509,0,0.2927699022114596
A050,stairs_15_down,303,7,100,0.3228616505701912,-0.7152383029460907,-1.0495981634619402,0.45960381396884314,0,0.3200416341822415
A050,stairs_15_down,303,8,43,0.28917967253190313,-0.6872104406356812,-0.9737960489038477,0.45243713421625453,0,
A050,stairs_15_down,303,9,100,0.3311161677786373,-0.6957992017269135,-1.0163092944711287,0.4204713720998808,0,0.28971596867005456
A050,stairs_15_down,303,10,78,0.2868455715357939,-0.7078062891960144,-0.9946515292407357,0.2642238224581497,0,
A050,stairs_15_down,303,11,68,0.3214292985232755,-0.6927971839904785,-1.0006676995180506,0.3355157313636671,0,
A050,stairs_15_down,303,12,100,0.3427939493069675,-0.6835915446281433,-1.0251329952382786,0.4000584244400677,0,0.24638618887427022
A050,stairs_15_down,303,13,100,0.3270777463912964,-0.6825498044490814,-1.005881406406668,0.4282568040076075,0,0.31749838845615086
A050,stairs_15_down,303,14,100,0.3067793334550398,-0.7074185311794281,-1.0183147338622394,0.470430407715272,0,0.2943180372370756
A050,stairs_15_down,303,15,99,0.31017590620938473,-0.6941011548042297,-1.004277509801528,0.162735737067146,0,0.2356070888871178
A050,stairs_15_down,303,16,80,0.31401711335794175,-0.6996955275535583,-0.99826148742023,0.42286578828987786,0,0.25447329289135445
A050,stairs_15_down,303,17,100,0.3279555620037935,-0.7102170288562775,-1.0451865017732835,0.4489979914272265,0,0.30790883334562735
A050,stairs_15_down,303,18,41,0.2662755866101719,-0.6875640749931335,-0.9529408235600926,0.39813504948945544,0,
A050,stairs_15_down,303,19,100,0.3000477968371488,-0.7096585333347321,-1.0082881794893805,0.4834294002090706,0,0.29460228605066396
A050,stairs_15_down,303,20,32,0.2600996908657054,-0.7023395299911499,-0.9617639684422131,0.4480548631294181,0,
A050,stairs_15_down,303,21,100,0.32959257616078785,-0.707600861787796,-1.0427800703813686,0.41220370688102415,0,0.2505644104060005
A050,stairs_15_down,303,22,100,0.32944468301247787,-0.6868110299110413,-1.013502365765087,0.41100077781083977,0,0.26677999490085136
A050,stairs_15_down,303,23,100,0.3355715332184246,-0.68939608335495,-1.0259347497460676,0.43291834901762083,0,0.307134063167368
A050,stairs_15_down,303,24,100,0.29437755518418585,-0.6783698499202728,-0.9830211853598528,0.3204219453218129,0,0.2387253377526839
A050,stairs_15_down,303,25,100,0.3415162684445713,-0.6838836371898651,-1.0227270126342773,0.40308435627303385,0,0.2875176119931879
A050,stairs_15_down,303,26,87,0.3159692915365657,-0.700493574142456,-1.0074863127846132,0.37978438749035937,0,
A050,stairs_15_down,303,27,56,0.2631979520945625,-0.7218721807003021,-0.988235422634186,0.45931872397101825,0,0.2537550693527263
A050,stairs_15_down,303,28,100,0.34192472983171596,-0.6757920682430267,-1.0179137571610233,0.10836912693277535,0,0.2360896452225466
A050,stairs_15_down,303,29,100,0.3336657170943398,-0.7017399966716766,-1.0451871545557032,0.3999157507938749,0,0.26250089585462355
A050,stairs_15_down,303,30,79,0.2975425650091732,-0.6943876147270203,-0.9874327858501577,0.43187840519589743,0,0.27473626959132635
A050,stairs_15_down,303,31,76,0.3050509786860829,-0.6986524760723114,-0.9958552702225466,0.45688348093898035,0,0.29533133309155224
A055,rough_lateral,101,0,100,0.3168244179397981,0.37377727031707764,0.056697422170384044,0.08540619137790284,,
A055,rough_lateral,101,1,100,0.33998426006120797,0.39920563995838165,0.0593008867559586,0.15436668893225755,,
A055,rough_lateral,101,2,100,0.30448521713522025,0.36110498011112213,0.05735817567549925,0.2069186179732595,,
A055,rough_lateral,101,3,100,0.35187213656736566,0.4106266647577286,0.05862893395245394,0.16117811468284376,,
A055,rough_lateral,101,4,100,0.3183572099489324,0.3773327171802521,0.05891007408101291,0.12025643861336487,,
A055,rough_lateral,101,5,100,0.32763311776885373,0.3869360089302063,0.05940152744558406,0.08603816863863234,,
A055,rough_lateral,101,6,100,0.3019125426516813,0.3577873855829239,0.05600538100788301,0.1034555054393819,,
A055,rough_lateral,101,7,100,0.3054024813806309,0.36358562111854553,0.05838994418873507,0.09879660986129646,,
A055,rough_lateral,101,8,100,0.3375760219632623,0.39587488770484924,0.05864206609878948,0.12370646991977963,,
A055,rough_lateral,101,9,100,0.3380850122414808,0.3953806161880493,0.057195148366020326,0.12798212967967412,,
A055,rough_lateral,101,10,17,,,,,,
A055,rough_lateral,101,11,100,0.3363575421393236,0.39477504789829254,0.058135950629086414,0.15920621724145456,,
A055,rough_lateral,101,12,100,0.29820679486754104,0.3581125885248184,0.05980831289036389,0.14823102254171974,,
A055,rough_lateral,101,13,31,0.2972271800997423,0.35593080520629883,0.05876161707913812,0.4198861453818385,,
A055,rough_lateral,101,14,100,0.3055285282313505,0.36437684297561646,0.05879172666825075,0.1707326322806095,,
A055,rough_lateral,101,15,100,0.3147614826971197,0.3748960644006729,0.060338979098886095,0.17409720870782636,,
A055,rough_lateral,101,16,100,0.3457878897374964,0.4034286439418793,0.05725768288189077,0.16983134607302636,,
A055,rough_lateral,101,17,100,0.33246779752606376,0.39033791422843933,0.05756842261329692,0.15267183413189944,,
A055,rough_lateral,101,18,100,0.30401931583562636,0.36238694190979004,0.058257618052436705,0.20410233695727314,,
A055,rough_lateral,101,19,100,0.302658888426694,0.36218108236789703,0.05958995717094544,0.05668073494252493,,
A055,rough_lateral,101,20,100,0.3436629847090512,0.40314215421676636,0.05949507932611965,0.16994648916693983,,
A055,rough_lateral,101,21,100,0.3253526370474361,0.38430580496788025,0.058559810414033776,0.17991013606258732,,
A055,rough_lateral,101,22,100,0.317417295460395,0.3752201944589615,0.05792476021669765,0.2245463766450324,,
A055,rough_lateral,101,23,100,0.34513935845165966,0.40460629761219025,0.06019939585803027,0.18608849782173273,,
A055,rough_lateral,101,24,100,0.3091984956181623,0.3700247257947922,0.06061162795612519,0.1939987554339626,,
A055,rough_lateral,101,25,87,0.31289487073128236,0.37489667534828186,0.06154531591078814,0.1693046339633162,,
A055,rough_lateral,101,26,94,0.30925758206908077,0.37024351954460144,0.06093643310873266,0.1947989408075556,,
A055,rough_lateral,101,27,100,0.3186148832985424,0.37829095125198364,0.05985543052142954,0.1532973557415918,,
A055,rough_lateral,101,28,100,0.33390313259420545,0.3936249315738678,0.05961182538200827,0.1523622573745152,,
A055,rough_lateral,101,29,100,0.29265126155659477,0.3481701612472534,0.05572778528386896,0.08881622542157377,,
A055,rough_lateral,101,30,100,0.3447390812284806,0.4087482839822769,0.06422383517505013,0.1921913782145434,,
A055,rough_lateral,101,31,100,0.3284530579884422,0.3908423185348511,0.06183874160848199,0.17225220687859696,,
A055,rough_lateral,202,0,100,0.3049361389429174,0.3676360994577408,0.06255097822709518,0.1692107775402607,,
A055,rough_lateral,202,1,100,0.32387411849384007,0.3844432681798935,0.060509610303583,0.1706558756438042,,
A055,rough_lateral,202,2,100,0.3406842509533632,0.4024541825056076,0.061904642033704466,0.1259626389735257,,
A055,rough_lateral,202,3,100,0.34350745411798916,0.40604475140571594,0.06262744556773793,0.13222706519431554,,
A055,rough_lateral,202,4,100,0.35151138168605256,0.4143740087747574,0.06291426184343143,0.11173880910450759,,
A055,rough_lateral,202,5,100,0.30138604008258985,0.3617250770330429,0.060530718635110295,0.12557028281555677,,
A055,rough_lateral,202,6,100,0.2366615802368378,0.2986382991075516,0.06316579216941792,0.04929538993564424,,
A055,rough_lateral,202,7,100,0.3195545867005771,0.3807619959115982,0.06140082660205862,0.03697961162073528,,
A055,rough_lateral,202,8,100,0.29672051679323064,0.356278732419014,0.059419555460067996,0.11323114473212795,,
A055,rough_lateral,202,9,100,0.3345330163119311,0.3959711790084839,0.061218006725617266,0.12391354454550348,,
A055,rough_lateral,202,10,100,0.3191268095836282,0.3784966617822647,0.059199863576634044,0.08329227569713898,,
A055,rough_lateral,202,11,100,0.2955495852200105,0.354295015335083,0.05867234398336972,0.1447334502227225,,
A055,rough_lateral,202,12,100,0.31797828433666636,0.3791361153125763,0.06125744906338779,0.16091783879859994,,
A055,rough_lateral,202,13,100,0.30057508143830425,0.36146722733974457,0.06154103712602095,0.11474191318754262,,
A055,rough_lateral,202,14,100,0.2610191659812621,0.3215908408164978,0.05941356822131152,0.12133860836749741,,
A055,rough_lateral,202,15,100,0.269314531177123,0.32934990525245667,0.06036812481395701,0.08265640755255481,,
A055,rough_lateral,202,16,100,0.33123667155676345,0.39084215462207794,0.059473420209425656,0.11617867653993726,,
A055,rough_lateral,202,17,100,0.279605329355454,0.33587706089019775,0.05656928812118775,0.16223151927070228,,
A055,rough_lateral,202,18,100,0.3086820504563378,0.36524610221385956,0.056650273940142465,0.09634435560061369,,
A055,rough_lateral,202,19,100,0.3271578302517294,0.38659100234508514,0.05968341215409059,0.11040258955401136,,
A055,rough_lateral,202,20,100,0.23717817831485666,0.2948532849550247,0.05774174144561278,0.11285155307819504,,
A055,rough_lateral,202,21,100,0.3387289171550363,0.39803069829940796,0.05922605137136531,0.14687501110389134,,
A055,rough_lateral,202,22,100,0.3060470857722236,0.3607773631811142,0.05460907941196054,0.09773640156191964,,
A055,rough_lateral,202,23,100,0.25904391554587664,0.3177185654640198,0.05848484243301147,0.19532240683329138,,
A055,rough_lateral,202,24,100,0.3452568254209457,0.40217551589012146,0.05708617960067994,0.17103699342099188,,
A055,rough_lateral,202,25,100,0.3198291015497503,0.3776072561740875,0.05755192455760935,0.09600350212633035,,
A055,rough_lateral,202,26,100,0.32764278766624433,0.3867190331220627,0.059273332198035905,0.1168429675869308,,
A055,rough_lateral,202,27,100,0.2271492968906056,0.2856091856956482,0.0585387326816824,0.19084771685385263,,
A055,rough_lateral,202,28,100,0.30789331199332354,0.3680804967880249,0.06026154788420162,0.08644098822346499,,
A055,rough_lateral,202,29,100,0.3291734955846307,0.38744470477104187,0.058603210245224246,0.1773661351277634,,
A055,rough_lateral,202,30,100,0.27240443397014535,0.3334164470434189,0.060952518075545206,0.08200498493162606,,
A055,rough_lateral,202,31,39,0.2653451279841642,0.32569167017936707,0.06030349935439819,0.2727296786342491,,
A055,rough_lateral,303,0,100,0.31499059689554937,0.3727077692747116,0.05777023437826391,0.09461726385993793,,
A055,rough_lateral,303,1,100,0.3182929326346851,0.3774261921644211,0.05845507453469669,0.06507346591350786,,
A055,rough_lateral,303,2,100,0.3355372807080733,0.3936837464570999,0.05814986815427076,0.16954721471981604,,
A055,rough_lateral,303,3,100,0.3229110182765971,0.38223378360271454,0.05970304662531072,0.14636579419656276,,
A055,rough_lateral,303,4,100,0.3414108796234437,0.4004875272512436,0.05859291362252465,0.17659430371467533,,
A055,rough_lateral,303,5,100,0.33287955597441465,0.3913976699113846,0.05861546011532054,0.1713567038131229,,
A055,rough_lateral,303,6,65,0.33644632190306556,0.3949151337146759,0.05856661873067764,0.20845939637356956,,
A055,rough_lateral,303,7,100,0.3171259452474309,0.3767852336168289,0.059673237928094716,0.14143037661223373,,
A055,rough_lateral,303,8,96,0.31785102212492794,0.3753305822610855,0.05714252288328772,0.16084018857466267,,
A055,rough_lateral,303,9,100,0.3474570123907079,0.4043279439210892,0.056875876564393066,0.20163188135541812,,
A055,rough_lateral,303,10,100,0.3346577994326219,0.390636146068573,0.056130511237975744,0.18705259978029898,,
A055,rough_lateral,303,11,100,0.3313029531967194,0.3901279717683792,0.058717773559896706,0.1383607442638982,,
A055,rough_lateral,303,12,100,0.30215076528449747,0.35855381190776825,0.05601769717619381,0.07015647203823688,,
A055,rough_lateral,303,13,100,0.31745625968604163,0.37448106706142426,0.05652719385483686,0.17600304829171048,,
A055,rough_lateral,303,14,100,0.278557991678702,0.33564838767051697,0.056785088809416254,0.07377159600228775,,
A055,rough_lateral,303,15,100,0.32220053202646937,0.3789617419242859,0.05654515047124363,0.13010531823523885,,
A055,rough_lateral,303,16,100,0.32185387762791334,0.3809760957956314,0.058855566748960766,0.07666815985118959,,
A055,rough_lateral,303,17,100,0.3027189883956297,0.36019498109817505,0.0572919131600283,0.13853451855593224,,
A055,rough_lateral,303,18,20,,,,,,
A055,rough_lateral,303,19,100,0.25410383676781373,0.3126336932182312,0.05806443525508126,0.05898853064399655,,
A055,rough_lateral,303,20,100,0.2909923556016728,0.35045014321804047,0.05961307484835865,0.2240819994668934,,
A055,rough_lateral,303,21,100,0.3119771628775061,0.3694781959056854,0.05806066645657952,0.11972547108816699,,
A055,rough_lateral,303,22,100,0.3023720191602401,0.3599901348352432,0.05782587897968802,0.06490058080844084,,
A055,rough_lateral,303,23,77,0.25978409239952577,0.31740662455558777,0.05776312516972343,0.15191179720715195,,
A055,rough_lateral,303,24,100,0.3243910624859805,0.3842979818582535,0.061180436037440986,0.14220718092842077,,
A055,rough_lateral,303,25,100,0.32402891175632176,0.38620105385780334,0.06302799898035386,0.1288165087430875,,
A055,rough_lateral,303,26,71,0.27701886946504767,0.3386317789554596,0.061670752132640165,0.19747208023055215,,
A055,rough_lateral,303,27,100,0.33623445886660386,0.3955611288547516,0.059221869483988554,0.22742000762403353,,
A055,rough_lateral,303,28,100,0.312104906707524,0.37516793608665466,0.06271215428643048,0.03760513583573142,,
A055,rough_lateral,303,29,100,0.3431475825488248,0.40533313155174255,0.062151684480554914,0.12309527618917868,,
A055,rough_lateral,303,30,100,0.3122603325920309,0.3722468763589859,0.06031960472066135,0.16119422255471327,,
A055,rough_lateral,303,31,100,0.3171963234317494,0.3777097016572952,0.06010069821607621,0.20942002445667812,,
A055,rough_forward,101,0,100,0.30599248170215176,0.3617330938577652,0.05564297456792332,0.46539908669269703,,
A055,rough_forward,101,1,100,0.3067945183757792,0.36525461077690125,0.0586034958375329,0.41676328345764974,,
A055,rough_forward,101,2,100,0.30849802454206393,0.36527812480926514,0.05682096634319122,0.49858972909202204,,
A055,rough_forward,101,3,100,0.32581411692547924,0.38586515188217163,0.060076484068192264,0.3397238237355734,,
A055,rough_forward,101,4,13,,,,,,
A055,rough_forward,101,5,100,0.32046610778347057,0.3768303841352463,0.056454638108850166,0.45331061050650134,,
A055,rough_forward,101,6,100,0.32864963020232907,0.3871844410896301,0.05852139824851949,0.4136030766432104,,
A055,rough_forward,101,7,100,0.32167420691666115,0.37888282537460327,0.05744298639144489,0.48981557729759,,
A055,rough_forward,101,8,21,,,,,,
A055,rough_forward,101,9,100,0.32875076900510225,0.38661471009254456,0.05782277826319404,0.4639801804033217,,
A055,rough_forward,101,10,100,0.3287512660823404,0.3874743580818176,0.05854009434501117,0.15456389577248184,,
A055,rough_forward,101,11,0,,,,,,
A055,rough_forward,101,12,100,0.3029480540656789,0.36335305869579315,0.05993534026936413,0.47389696936454584,,
A055,rough_forward,101,13,100,0.3209626728041287,0.3823149502277374,0.06231153967546269,0.47538326431748246,,
A055,rough_forward,101,14,94,0.3255773010579023,0.38371777534484863,0.057586134436296274,0.45781009746720946,,
A055,rough_forward,101,15,100,0.29986361768793934,0.35739874839782715,0.0577295119749671,0.30804375616791346,,
A055,rough_forward,101,16,100,0.29561463827117884,0.3535301983356476,0.058342693961240394,0.3864066730255884,,
A055,rough_forward,101,17,100,0.32499355484138837,0.38440877199172974,0.05909868740142986,0.47646874935201,,
A055,rough_forward,101,18,100,0.300305244438151,0.35909177362918854,0.059568558147246826,0.5083831066806914,,
A055,rough_forward,101,19,37,0.2639157934622331,0.3236716389656067,0.05979822536203313,0.3486911361049446,,
A055,rough_forward,101,20,100,0.30412006521607465,0.36331047117710114,0.0585863398995629,0.41672914974905084,,
A055,rough_forward,101,21,0,,,,,,
A055,rough_forward,101,22,100,0.29468726490270647,0.35059449076652527,0.05623753185578209,0.49870904127327403,,
A055,rough_forward,101,23,100,0.33743492685218546,0.39621931314468384,0.05975257139154934,0.5221209392293253,,
A055,rough_forward,101,24,100,0.30298287624662573,0.3589853197336197,0.05615697442529036,0.5409990734008729,,
A055,rough_forward,101,25,100,0.23980504879976977,0.3035072088241577,0.06337566681724181,0.35146496924486514,,
A055,rough_forward,101,26,100,0.32062774625691504,0.37948884069919586,0.05845741027179249,0.4749810869621355,,
A055,rough_forward,101,27,0,,,,,,
A055,rough_forward,101,28,100,0.30316452219843226,0.36625857651233673,0.06221790109726197,0.5222024258285266,,
A055,rough_forward,101,29,89,0.28045019539282284,0.339710533618927,0.05903233818829378,0.46406573518608063,,
A055,rough_forward,101,30,100,0.31840714023393746,0.37905044853687286,0.06047134603408569,0.39211556711381473,,
A055,rough_forward,101,31,100,0.31104096053118374,0.37486544251441956,0.06456959566330528,0.5022799365724666,,
A055,rough_forward,202,0,100,0.29940369653510535,0.35862666368484497,0.059247516693278435,0.4872963941945211,,
A055,rough_forward,202,1,100,0.30079686984340137,0.3619905859231949,0.060880334619532295,0.4322871199032739,,
A055,rough_forward,202,2,100,0.3134077340364456,0.3739381432533264,0.06147141380106064,0.48061827891925424,,
A055,rough_forward,202,3,100,0.32924837423837117,0.3882272243499756,0.05962744116145659,0.47428215233498394,,
A055,rough_forward,202,4,100,0.32965314531708784,0.39203405380249023,0.06261864830465877,0.21870447516280903,,
A055,rough_forward,202,5,100,0.32309222556052997,0.3819274604320526,0.05848140512558228,0.4424952330558486,,
A055,rough_forward,202,6,100,0.2653338640609527,0.3274446129798889,0.06089072813962233,0.5295140491643291,,
A055,rough_forward,202,7,100,0.3324422786101938,0.39286546409130096,0.060870389887355866,0.46139071106292273,,
A055,rough_forward,202,8,100,0.31537426617693776,0.37464603781700134,0.059678812077976165,0.460907455797404,,
A055,rough_forward,202,9,100,0.3336854627266287,0.3942347466945648,0.06054571733117741,0.04236691761484769,,
A055,rough_forward,202,10,100,0.2984061866679931,0.3583863079547882,0.060361923380969046,0.3484303920975773,,
A055,rough_forward,202,11,100,0.31380375853196824,0.3726135492324829,0.058481359226818394,0.45434908143009245,,
A055,rough_forward,202,12,100,0.3202577473964283,0.3822220712900162,0.06222892700032116,0.503250563216802,,
A055,rough_forward,202,13,100,0.3431616894860956,0.4031836986541748,0.0599138545480004,0.3901239586897315,,
A055,rough_forward,202,14,100,0.3085547260900232,0.3668360114097595,0.058178565081428074,0.4732968199351589,,
A055,rough_forward,202,15,100,0.2935397112592656,0.3519785404205322,0.05778519227542979,0.37931602590423796,,
A055,rough_forward,202,16,100,0.32731945175219346,0.38530756533145905,0.05724554520877287,0.5081420680085069,,
A055,rough_forward,202,17,100,0.3254780678506841,0.38512542843818665,0.059977811925551475,0.4762008091021677,,
A055,rough_forward,202,18,100,0.31867351546325784,0.3745514303445816,0.05566458268599077,0.4674439720848472,,
A055,rough_forward,202,19,98,0.30745485417026885,0.3645334094762802,0.05775825990075096,0.43393463161046053,,
A055,rough_forward,202,20,100,0.30931544040932374,0.36485040187835693,0.054883722315497575,0.4785197777225025,,
A055,rough_forward,202,21,100,0.30325496690796017,0.3611176311969757,0.05771025999344606,0.4415215566429781,,
A055,rough_forward,202,22,21,,,,,,
A055,rough_forward,202,23,100,0.2789581163044282,0.3355758786201477,0.05655812962169953,0.03925502934927462,,
A055,rough_forward,202,24,100,0.304916065883509,0.3628072291612625,0.05806957081677442,0.4785621151115992,,
A055,rough_forward,202,25,100,0.30861611983036613,0.3645273745059967,0.05516471964790222,0.5371938908203615,,
A055,rough_forward,202,26,100,0.33206958479103554,0.39117713272571564,0.058833688338172624,0.47714104103264976,,
A055,rough_forward,202,27,11,,,,,,
A055,rough_forward,202,28,100,0.30333272889654905,0.36293865740299225,0.05932297936097823,0.337291894231861,,
A055,rough_forward,202,29,0,,,,,,
A055,rough_forward,202,30,100,0.29070258833826546,0.35001154243946075,0.06010001483448049,0.4730453621667551,,
A055,rough_forward,202,31,100,0.30455736019075874,0.3610365688800812,0.056366191190831805,0.471418157847596,,
A055,rough_forward,303,0,100,0.32884136057473756,0.3871207535266876,0.057964115856803035,0.3620988481575518,,
A055,rough_forward,303,1,100,0.28127663992942975,0.3408970534801483,0.05938176547779756,0.486524856121745,,
A055,rough_forward,303,2,100,0.32601432478364134,0.3823101967573166,0.056298016226865394,0.09983655862284106,,
A055,rough_forward,303,3,100,0.3110244026317953,0.3695792406797409,0.058340592817826706,0.48195331939776975,,
A055,rough_forward,303,4,100,0.3164184157223625,0.3761598914861679,0.06010701694590523,0.44943615906580403,,
A055,rough_forward,303,5,100,0.32775509923218404,0.3872477859258652,0.059066752061486885,0.42978974209502907,,
A055,rough_forward,303,6,100,0.32439367130478436,0.3850506544113159,0.06039283364851844,0.4510761051063253,,
A055,rough_forward,303,7,100,0.3186278126456521,0.3783395290374756,0.05969286729945218,0.49927470368993,,
A055,rough_forward,303,8,100,0.277618213930232,0.33474017679691315,0.05850784281358362,0.36724249224175776,,
A055,rough_forward,303,9,100,0.3232608735561371,0.3810935914516449,0.05780366397796467,0.4636849294147477,,
A055,rough_forward,303,10,100,0.3290310813622041,0.3883509188890457,0.059351691587723514,0.4870504213301965,,
A055,rough_forward,303,11,100,0.3159127187601385,0.3733603358268738,0.057259044545219545,0.4352835768444784,,
A055,rough_forward,303,12,100,0.3320892220512431,0.38910819590091705,0.05720429241975998,0.04719283657077622,,
A055,rough_forward,303,13,100,0.31698643244842795,0.3758389800786972,0.05895167366068631,0.5020887838938184,,
A055,rough_forward,303,14,100,0.2790538080554595,0.33840855956077576,0.059481391294754764,0.40085826638158456,,
A055,rough_forward,303,15,100,0.29353550753810187,0.3520735055208206,0.05859709041003875,0.415131456920944,,
A055,rough_forward,303,16,100,0.31063685841101374,0.37111233174800873,0.06020476601340554,0.16246079980552897,,
A055,rough_forward,303,17,100,0.3256481450031148,0.3832349628210068,0.05772950177524179,0.19309403978033737,,
A055,rough_forward,303,18,100,0.3247679973190481,0.3794957250356674,0.05508751282717455,0.4943398688847169,,
A055,rough_forward,303,19,40,0.25804413823201694,0.3154307156801224,0.058373119741837606,0.4539803032964901,,
A055,rough_forward,303,20,100,0.30323493130066814,0.36591412127017975,0.06215417831339301,0.47560240740841564,,
A055,rough_forward,303,21,100,0.32184738797300005,0.3818548619747162,0.059686625067562976,0.4798888288089904,,
A055,rough_forward,303,22,75,0.29931321182352977,0.3597954511642456,0.06081169046820166,0.436702744530989,,
A055,rough_forward,303,23,100,0.31122841315473465,0.3707118481397629,0.05934492916984354,0.5037124084738911,,
A055,rough_forward,303,24,100,0.3329996744738543,0.39219294488430023,0.0594115945744642,0.4912511693439961,,
A055,rough_forward,303,25,100,0.3224008232355118,0.3831075131893158,0.060635531012387195,0.48374361582920716,,
A055,rough_forward,303,26,100,0.2929225220559115,0.35278381407260895,0.05963305611023928,0.47511420849220004,,
A055,rough_forward,303,27,100,0.31001025095661694,0.36882761120796204,0.058432691237505746,0.38987068935695035,,
A055,rough_forward,303,28,100,0.326474357735027,0.3869352489709854,0.0600972405091964,0.4319362505145765,,
A055,rough_forward,303,29,100,0.30931296737436303,0.3713793158531189,0.06200101413828804,0.4533540073471371,,
A055,rough_forward,303,30,100,0.290204864134763,0.3478233814239502,0.05712964063022226,0.49991527979708084,,
A055,rough_forward,303,31,100,0.31826798960486835,0.3770110756158829,0.058857785189215514,0.5050739456196374,,
A055,stairs_10_down,101,0,100,0.27933512572298713,-0.3810822665691376,-0.652674363896171,0.48660036784478,0,0.2503256493392475
A055,stairs_10_down,101,1,58,0.27961923556531815,-0.368929922580719,-0.6508028723976829,0.4900432521290804,0,0.27764611368510816
A055,stairs_10_down,101,2,100,0.3075374091532141,-0.3713650107383728,-0.6780755711111792,0.5273548433343642,0,0.30117864771322767
A055,stairs_10_down,101,3,57,0.2973120843662935,-0.35153934359550476,-0.6470598231024921,0.5083110945221638,0,0.3012707402361906
A055,stairs_10_down,101,4,96,0.30981112976762704,-0.3753241300582886,-0.6823537183955392,0.5121316902230595,0,0.29754625412232094
A055,stairs_10_down,101,5,100,0.3302739072929729,-0.35236456990242004,-0.6796799216040953,0.5315076285894438,0,0.3120865697529227
A055,stairs_10_down,101,6,100,0.34075306092991553,-0.35603998601436615,-0.6989312860417494,0.5021306997179267,0,0.31327804333385934
A055,stairs_10_down,101,7,100,0.33606503768400714,-0.35893699526786804,-0.6989314798365303,0.5141277740122734,0,0.30366465656515107
A055,stairs_10_down,101,8,100,0.32496206502225944,-0.35946376621723175,-0.6826211806924585,0.5492799310153469,0,0.3173533497965909
A055,stairs_10_down,101,9,100,0.34172303695729705,-0.3493817448616028,-0.6906423976714597,0.5131819982508438,0,0.3120044514457172
A055,stairs_10_down,101,10,100,0.3106163365636917,-0.3818223774433136,-0.6962573617537391,0.544040456691928,0,0.2842829660935835
A055,stairs_10_down,101,11,51,0.28410452078370485,-0.3731808364391327,-0.6502676061130462,0.5347078579468685,0,0.2796040765423188
A055,stairs_10_down,101,12,61,0.2935380594615631,-0.36876600980758667,-0.6614980952624969,0.5213908791674985,0,0.2834533809978057
A055,stairs_10_down,101,13,66,0.29419767035838756,-0.36076295375823975,-0.6518721351011552,0.5006083864251387,0,0.28935895501611064
A055,stairs_10_down,101,14,45,0.2944808329809159,-0.36367008090019226,-0.6524071310930711,0.5252879609153247,0,0.2891666497138732
A055,stairs_10_down,101,15,100,0.3341155061747301,-0.354948028922081,-0.693583360967789,0.5248814130141535,0,0.3140929430563819
A055,stairs_10_down,101,16,100,0.3266492968096453,-0.35504554212093353,-0.6762039827153007,0.5146427489875982,0,0.3101449706018927
A055,stairs_10_down,101,17,63,0.3010284731732332,-0.3520016670227051,-0.6545455137038614,0.5191027291065291,0,0.3044700499843148
A055,stairs_10_down,101,18,58,0.28603832838050824,-0.3791498988866806,-0.6590912864807456,0.537165104893405,0,0.2831214800237972
A055,stairs_10_down,101,19,96,0.31164902090070085,-0.35847868025302887,-0.6743320985273882,0.5356363171880789,0,0.30602376075351945
A055,stairs_10_down,101,20,100,0.334719380513232,-0.3592151552438736,-0.6997330507492636,0.5065844247021956,0,0.30452796274965455
A055,stairs_10_down,101,21,82,0.30730303189652486,-0.36104434728622437,-0.6681825515420678,0.5210923057437982,0,0.30126904835675494
A055,stairs_10_down,101,22,96,0.3012129074749462,-0.3784886300563812,-0.6764708483282895,0.528383704576723,0,0.27888912217502293
A055,stairs_10_down,101,23,50,0.291878727349368,-0.3633589744567871,-0.6524071667921096,0.5527996429057691,0,0.2906268269301736
A055,stairs_10_down,101,24,44,0.25748431746334954,-0.3893631547689438,-0.6462572322172278,0.5083901160168154,0,0.2483254400166598
A055,stairs_10_down,101,25,100,0.31636450977567687,-0.3783542066812515,-0.6978618601426722,0.5326226857131733,0,0.2842775508362979
A055,stairs_10_down,101,26,91,0.30961698660238546,-0.37164926528930664,-0.6764713532146923,0.5445873558439625,0,0.3028922399735068
A055,stairs_10_down,101,27,48,0.2829755087268544,-0.37811580300331116,-0.6577548827717011,0.5266053202163843,0,0.26281545219574387
A055,stairs_10_down,101,28,57,0.28674835683827726,-0.3646707832813263,-0.6465249597070052,0.5524218898112797,0,0.29152617448153983
A055,stairs_10_down,101,29,62,0.2780076715557333,-0.3822535425424576,-0.6580224572655988,0.5475508543012039,1,0.27438418686708665
A055,stairs_10_down,101,30,100,0.3387532792786226,-0.3531051427125931,-0.689038414368655,0.5038877977732936,0,0.30586453618850296
A055,stairs_10_down,101,31,78,0.2883648824564276,-0.3644924759864807,-0.6502681823975263,0.49988834413837324,0,0.29751902754931525
A055,stairs_10_down,202,0,33,0.26294769625612757,-0.3867524266242981,-0.638503385737618,0.5390935410603881,0,0.2593005855771947
A055,stairs_10_down,202,1,35,0.26008095556401956,-0.3754478096961975,-0.6294122073739608,0.5310216021567977,0,
A055,stairs_10_down,202,2,100,0.3337342177323479,-0.3561234325170517,-0.6906425965661034,0.5305521971549103,0,0.30493617472164136
A055,stairs_10_down,202,3,56,0.29454699047109023,-0.3566179871559143,-0.647059736404827,0.5248349212475192,0,0.30167128265222765
A055,stairs_10_down,202,4,100,0.3392547302864452,-0.3504928946495056,-0.6949209937437333,0.5354854840180867,0,0.321835160892915
A055,stairs_10_down,202,5,50,0.29005448010197293,-0.3667087256908417,-0.6505354508996648,0.523452497849866,0,0.2894771244117921
A055,stairs_10_down,202,6,63,0.2775668833345015,-0.38446345925331116,-0.6593593760607714,0.5265989164870347,0,0.27229506478590126
A055,stairs_10_down,202,7,40,0.283261570222875,-0.3574771583080292,-0.6422470011175635,0.5217071136125384,0,0.28233078950866664
A055,stairs_10_down,202,8,87,0.2927853160682209,-0.3824668526649475,-0.6743323178214823,0.5275235460033517,0,0.2894409501297589
A055,stairs_10_down,202,9,63,0.29399531314717253,-0.35709914565086365,-0.6422463687345943,0.530781365663381,0,0.3004825947118953
A055,stairs_10_down,202,10,100,0.33263260946873036,-0.3557727336883545,-0.6885032143822328,0.5376619354740491,0,0.31032100367673576
A055,stairs_10_down,202,11,100,0.31719587145642164,-0.3705698996782303,-0.6925142206610205,0.527982339640668,0,0.29542273522060825
A055,stairs_10_down,202,12,91,0.2952613339704626,-0.38171255588531494,-0.6737977094191281,0.5171604694353105,0,0.2650292914181469
A055,stairs_10_down,202,13,100,0.3256190660643705,-0.3571661114692688,-0.6834230014984621,0.5269794925268882,0,0.30548489715326277
A055,stairs_10_down,202,14,100,0.30269610841962746,-0.3804517239332199,-0.6786103376092758,0.534649443745167,0,0.2809720316672708
A055,stairs_10_down,202,15,100,0.3101332868962364,-0.3805093616247177,-0.6919793827648468,0.5335924751860085,0,0.28438685842376343
A055,stairs_10_down,202,16,86,0.31562814738023726,-0.3541710525751114,-0.6705888554374164,0.5037562680846898,0,0.31058107292588377
A055,stairs_10_down,202,17,71,0.29247132644933815,-0.3769824206829071,-0.6614978810682653,0.539332824607608,0,0.2876458877229435
A055,stairs_10_down,202,18,86,0.30094715092271407,-0.3680930733680725,-0.6716580773419876,0.5368317219075249,0,0.2981034302137753
A055,stairs_10_down,202,19,71,0.2993785265614005,-0.35069510340690613,-0.6465245619177181,0.5222733051095702,0,0.3071721602569927
A055,stairs_10_down,202,20,100,0.3048543243165959,-0.3801567256450653,-0.6909100945620613,0.5497736771770371,0,0.2896873638591665
A055,stairs_10_down,202,21,100,0.326497926272173,-0.35820430517196655,-0.6855621898875517,0.5351967437052232,0,0.3080752230583028
A055,stairs_10_down,202,22,37,0.2755817619555774,-0.3724595010280609,-0.6433156875365558,0.5448757297744684,0,0.2736200983511573
A055,stairs_10_down,202,23,93,0.2942626567129145,-0.3839706778526306,-0.6743323178214823,0.5403890170827216,0,0.27392598651947186
A055,stairs_10_down,202,24,54,0.29125445666797656,-0.35938718914985657,-0.646524725113323,0.4930388248038948,0,0.2891370636575362
A055,stairs_10_down,202,25,44,0.27691860369501264,-0.3875380754470825,-0.6564179639765286,0.5422570303041364,0,0.2705215771886754
A055,stairs_10_down,202,26,75,0.30565024011912834,-0.3501732051372528,-0.6545463806805126,0.5319888240723177,0,0.3065834039035328
A055,stairs_10_down,202,27,100,0.310878321369064,-0.37960226833820343,-0.6925140982643169,0.5483527546361653,0,0.29138654996367064
A055,stairs_10_down,202,28,100,0.32593128300286867,-0.35871797800064087,-0.688770901073109,0.5350685925571863,0,0.31053751738951163
A055,stairs_10_down,202,29,57,0.3079214086507094,-0.3567900061607361,-0.6556156076849463,0.5407928723228638,0,0.3084817149422385
A055,stairs_10_down,202,30,96,0.2854688395472134,-0.3845679759979248,-0.668450182134455,0.5311799630457137,0,0.282688537383462
A055,stairs_10_down,202,31,77,0.29569581820365576,-0.385439932346344,-0.6754018304182247,0.534286850787266,0,0.27269757798011285
A055,stairs_10_down,303,0,85,0.3206810452402594,-0.35366004705429077,-0.6716588168220724,0.5252035152696398,0,0.31440569022122555
A055,stairs_10_down,303,1,81,0.2995911874873115,-0.3732966184616089,-0.6711237596318046,0.5111103799736414,0,0.28493847072443224
A055,stairs_10_down,303,2,63,0.30538361133101155,-0.3576498031616211,-0.6593591720662653,0.5254386050500943,0,0.30538361133101155
A055,stairs_10_down,303,3,100,0.33109683220717995,-0.35747283697128296,-0.6898409593551554,0.5382210865163606,0,0.3045599078112108
A055,stairs_10_down,303,4,53,0.30048202145545877,-0.3632115423679352,-0.6508028672978202,0.508848560329358,0,0.28824286872052896
A055,stairs_10_down,303,5,86,0.27487110621470184,-0.3743717819452286,-0.6454551564180915,0.4477181089998844,0,0.28178521209859597
A055,stairs_10_down,303,6,89,0.3125694237928339,-0.3587201237678528,-0.6647067146505264,0.5241819705098577,0,0.3099182708696886
A055,stairs_10_down,303,7,100,0.32980688075649545,-0.35862213373184204,-0.6919796887566061,0.5384864606736086,0,0.3162815875229351
A055,stairs_10_down,303,8,33,0.2840165529340346,-0.3675312399864197,-0.6422462973365172,0.5146687580492166,0,
A055,stairs_10_down,303,9,100,0.3041920296967348,-0.3626050502061844,-0.6644388188652814,0.5041384914642209,0,0.3022413700022162
A055,stairs_10_down,303,10,44,0.2892087646187308,-0.3701525181531906,-0.6561503486837295,0.5266866244472632,0,0.28203267353103756
A055,stairs_10_down,303,11,62,0.28761693022467877,-0.3731703460216522,-0.6604284449694628,0.5312332400557542,0,0.2825032759477748
A055,stairs_10_down,303,12,100,0.31710406763349624,-0.3604857474565506,-0.6762039929150261,0.5150721706826057,0,0.30203997260108983
A055,stairs_10_down,303,13,86,0.30903679586668065,-0.3582542687654495,-0.6705885545455199,0.5270203849500475,0,0.30787228326746485
A055,stairs_10_down,303,14,100,0.28783261959246775,-0.39045877754688263,-0.6743320475287615,0.5286690284818287,0,0.2695487356759647
A055,stairs_10_down,303,15,58,0.2958647225470466,-0.3574729561805725,-0.6475941867114388,0.5459022361978041,0,0.3008177514700966
A055,stairs_10_down,303,16,66,0.2843451295147605,-0.37879666686058044,-0.6550809788831415,0.5166974616515654,0,0.2836948575820515
A055,stairs_10_down,303,17,100,0.3206755489429688,-0.37173524498939514,-0.6967917712614498,0.520834805220526,0,0.3013650366966737
A055,stairs_10_down,303,18,35,0.2616440376495932,-0.3803558349609375,-0.6326209287592434,0.5481907716149987,0,0.25951700701433067
A055,stairs_10_down,303,19,89,0.2976860389671224,-0.379938006401062,-0.6732630296186968,0.5494531094925212,1,0.2906509510336075
A055,stairs_10_down,303,20,28,0.24585105797504997,-0.3947738856077194,-0.6344921397652855,0.5540807635280063,0,
A055,stairs_10_down,303,21,100,0.33137461662611223,-0.356439009308815,-0.6877012456802123,0.5267550137530472,0,0.30664920440332133
A055,stairs_10_down,303,22,81,0.31707867661261946,-0.3574528694152832,-0.6668455562489556,0.5031614805198535,0,0.29528222603593923
A055,stairs_10_down,303,23,100,0.3194792372657654,-0.3642999678850174,-0.6778080731152214,0.5411581055933401,0,0.29782986959671587
A055,stairs_10_down,303,24,48,0.2895888710882574,-0.3591117411851883,-0.6427813341273343,0.5254250146477184,0,0.27180330495145866
A055,stairs_10_down,303,25,100,0.325352608201338,-0.35982857644557953,-0.6847602007860806,0.5203974073516466,0,0.3122320034924675
A055,stairs_10_down,303,26,81,0.2973721175589026,-0.3641543388366699,-0.6614980238644197,0.5025008189254008,0,0.2930908627051083
A055,stairs_10_down,303,27,63,0.2665865096178922,-0.37455639243125916,-0.6374341281340083,0.48692629994161507,0,0.28713892360422066
A055,stairs_10_down,303,28,67,0.31192697241982037,-0.35108649730682373,-0.6556156178846716,0.5149564522434338,0,0.31192697241982037
A055,stairs_10_down,303,29,100,0.33396767637627645,-0.35434146225452423,-0.6906428719586868,0.5276639017894738,0,0.313943076579966
A055,stairs_10_down,303,30,95,0.24468556476786807,-0.38993239402770996,-0.6401078433276498,0.462526581407995,0,0.24888955813678193
A055,stairs_10_down,303,31,70,0.2818098403712645,-0.37796491384506226,-0.6598937855684821,0.552675650610583,0,0.28023066128638974
A055,stairs_15_down,101,0,79,0.2692772640901453,-0.7298898696899414,-0.995454002829159,0.46914851561912063,0,
A055,stairs_15_down,101,1,39,0.28077158029066696,-0.7157870531082153,-0.9906412216431317,0.5304658651787284,0,
A055,stairs_15_down,101,2,100,0.29944636254387114,-0.7225885987281799,-1.01711178335914,0.5104687330564541,0,0.2715708648457247
A055,stairs_15_down,101,3,51,0.27409427784343454,-0.7009504437446594,-0.9770048518869329,0.5332092170593439,0,0.2753960550787614
A055,stairs_15_down,101,4,83,0.3102088251853372,-0.7249913215637207,-1.0259355045257406,0.5228932827457452,0,0.2758099522820131
A055,stairs_15_down,101,5,97,0.3191809348244081,-0.7013300657272339,-1.0219248909363772,0.5388651252363773,0,0.2968089778155567
A055,stairs_15_down,101,6,100,0.3404095520310224,-0.7057529091835022,-1.0483950293637851,0.4992134278035216,0,0.29506037993864576
A055,stairs_15_down,101,7,100,0.3290203986639645,-0.7135000824928284,-1.048394973265296,0.5322967502205713,0,0.2904706466644206
A055,stairs_15_down,101,8,98,0.3204378586083172,-0.7091592252254486,-1.0247315544495608,0.5527412626513986,0,0.3034001748192119
A055,stairs_15_down,101,9,100,0.3352218753195064,-0.7014493644237518,-1.0363626072113528,0.5150767537876371,0,0.29253701347718264
A055,stairs_15_down,101,10,100,0.30611869852173135,-0.732132762670517,-1.0451865170728714,0.5479482576120236,0,0.2745539775506698
A055,stairs_15_down,101,11,48,0.26351760160476767,-0.7210727035999298,-0.9834217744715074,0.5081148143879151,0,0.2582568516705763
A055,stairs_15_down,101,12,58,0.2754605563885388,-0.7180465161800385,-0.9946518760313963,0.5308031318771151,0,0.2616573890900229
A055,stairs_15_down,101,13,63,0.2686683577012251,-0.7120326161384583,-0.9842240848643257,0.5048639736156295,0,0.25942101516825633
A055,stairs_15_down,101,14,43,0.268155347217213,-0.7140834331512451,-0.9786093400761405,0.5387394041979953,0,0.2651943730160514
A055,stairs_15_down,101,15,100,0.3338521658418012,-0.7060458958148956,-1.040372970907446,0.5266966021305979,0,0.29711420204550176
A055,stairs_15_down,101,16,87,0.3221017903185146,-0.7030328512191772,-1.0227267219421061,0.5367907774072328,0,0.29063315378790877
A055,stairs_15_down,101,17,58,0.2780836010999221,-0.7012750506401062,-0.9882342139667368,0.5341848064045851,0,0.2782885387619549
A055,stairs_15_down,101,18,49,0.25867601862565714,-0.7377824783325195,-0.9986619286358676,0.5385945053439122,0,0.25272626099102
A055,stairs_15_down,101,19,93,0.3036728651128351,-0.706227719783783,-1.0139029089779776,0.5413219772733254,0,0.29456259828200304
A055,stairs_15_down,101,20,100,0.3302356409516565,-0.7095174491405487,-1.0499985944778523,0.5045889688008167,0,0.28962370960470185
A055,stairs_15_down,101,21,80,0.2933206013179718,-0.7110549211502075,-1.0042775506004293,0.5221879078123679,0,0.28231033029403274
A055,stairs_15_down,101,22,86,0.2938363665246708,-0.7275707423686981,-1.0203198315625523,0.5320560165016022,0,0.26282778971972953
A055,stairs_15_down,101,23,45,0.2717242785953583,-0.7147889137268066,-0.985026232061539,0.5626059998816237,0,0.26871980320323596
A055,stairs_15_down,101,24,36,0.2456774842292867,-0.7395218908786774,-0.9778074835710984,0.5254667664269216,0,
A055,stairs_15_down,101,25,100,0.31269584715685106,-0.7259757816791534,-1.046389656270889,0.5330883212418769,0,0.27632989124818286
A055,stairs_15_down,101,26,84,0.2995826963753624,-0.7229675054550171,-1.0207216038423426,0.5395679493455996,0,0.27524945570185855
A055,stairs_15_down,101,27,41,0.2578990166200036,-0.728731632232666,-0.9874327654507071,0.5316393351124791,0,
A055,stairs_15_down,101,28,47,0.26156478705890673,-0.7155982851982117,-0.9810159142642098,0.5676355737976362,0,0.26156478705890673
A055,stairs_15_down,101,29,61,0.24841894440472445,-0.7390772104263306,-0.9898390744459182,0.5286018110935536,0,0.23031508795080335
A055,stairs_15_down,101,30,100,0.33426681495605304,-0.7024226784706116,-1.0331546100065672,0.5052341084305635,0,0.2879055792635138
A055,stairs_15_down,101,31,58,0.29268949395195043,-0.7094245851039886,-0.9954544720165233,0.548887615523899,0,0.27314966885163827
A055,stairs_15_down,202,0,28,0.24251875201648565,-0.7374588847160339,-0.9649728377235127,0.5320980612625605,0,
A055,stairs_15_down,202,1,23,,,,,0,
A055,stairs_15_down,202,2,100,0.33305532568916274,-0.7030953466892242,-1.0359620078999727,0.5464455790914113,0,0.29493055528497947
A055,stairs_15_down,202,3,45,0.2789310267902313,-0.7056466937065125,-0.9866304448581634,0.5414779244810451,0,0.2789310267902313
A055,stairs_15_down,202,4,100,0.33874798410716533,-0.7002107501029968,-1.042780493669969,0.5344511585010616,0,0.30434589558106695
A055,stairs_15_down,202,5,41,0.26605115089824494,-0.7218309044837952,-0.9842241766618535,0.5561852365979139,0,0.2525053610776198
A055,stairs_15_down,202,6,58,0.272726267894959,-0.7338111996650696,-0.9938496880352816,0.5493188104401625,0,0.24933900680134002
A055,stairs_15_down,202,7,38,0.2538446917890865,-0.7058233022689819,-0.9689837726042232,0.5305092874701021,0,0.24918250317242052
A055,stairs_15_down,202,8,78,0.29014253552584723,-0.7316204309463501,-1.018715690164005,0.5309031844702621,0,0.26975405407461894
A055,stairs_15_down,202,9,47,0.2833500354685248,-0.7092120051383972,-0.9818170516886175,0.5381338517813603,0,0.27136235249871243
A055,stairs_15_down,202,10,100,0.32829933131442346,-0.7053357064723969,-1.0327533273135914,0.5370106499662346,0,0.28746863291225333
A055,stairs_15_down,202,11,100,0.3185245774009011,-0.7181247174739838,-1.0371652949940073,0.5265212542772119,0,0.2740016417069868
A055,stairs_15_down,202,12,100,0.26860159029935127,-0.7384249567985535,-1.0102931904920283,0.5083322567698225,0,0.19978654480235458
A055,stairs_15_down,202,13,100,0.3200324225553217,-0.7075394690036774,-1.0243305012504047,0.533827525831692,0,0.28942362701191615
A055,stairs_15_down,202,14,94,0.2964372018123056,-0.7256799638271332,-1.0211223459498768,0.538349997204083,0,0.27223432765287514
A055,stairs_15_down,202,15,100,0.3053543569251177,-0.7290961146354675,-1.0387692119985978,0.5396788255257351,0,0.2705242235392811
A055,stairs_15_down,202,16,82,0.3032448146751221,-0.7037257850170135,-1.0058820897882634,0.5293036966611868,0,0.29791430069163516
A055,stairs_15_down,202,17,61,0.2773460557754027,-0.7300601601600647,-1.00347537280404,0.5466352832681611,0,0.2650904703267756
A055,stairs_15_down,202,18,79,0.29608240739547,-0.7156630158424377,-1.0139027967809993,0.5521136929350029,0,0.28460378857219926
A055,stairs_15_down,202,19,58,0.28349802997660506,-0.6990353465080261,-0.9838228378703887,0.5533999288670333,0,0.2843963966012638
A055,stairs_15_down,202,20,100,0.30171231136602505,-0.7347531318664551,-1.0359616866086256,0.5466745877255506,0,0.26444718448873505
A055,stairs_15_down,202,21,100,0.3192116839681717,-0.7099054157733917,-1.0283411913377078,0.5373315795888443,0,0.2847742562625497
A055,stairs_15_down,202,22,35,0.2472284943024743,-0.7225615382194519,-0.9681812837162119,0.5343658905245979,0,0.24400297747576305
A055,stairs_15_down,202,23,90,0.28211321932746763,-0.7351602613925934,-1.0139028834786645,0.5388012078873703,0,0.2602650889738358
A055,stairs_15_down,202,24,47,0.27821844274347474,-0.7088990211486816,-0.978609258478338,0.524420158596473,0,0.2608425891335635
A055,stairs_15_down,202,25,36,0.2441635522294172,-0.7426278293132782,-0.9934488031315931,0.5381039793744355,0,
A055,stairs_15_down,202,26,63,0.2939588162988265,-0.696843147277832,-0.994651967828924,0.557789591237193,0,0.2903928702527826
A055,stairs_15_down,202,27,100,0.30457718518966026,-0.7331646680831909,-1.0387694924910438,0.5497047208853509,0,0.2604055681968118
A055,stairs_15_down,202,28,100,0.3238817741845381,-0.7087824642658234,-1.0319513433119831,0.5302859260334117,0,0.2918990831324123
A055,stairs_15_down,202,29,53,0.2912398455614713,-0.7073111534118652,-0.9866305366556912,0.5474717860719026,0,0.29026491597374493
A055,stairs_15_down,202,30,79,0.2818807516506012,-0.7311668992042542,-1.016309615762476,0.5379288341407316,0,0.26443043239613906
A055,stairs_15_down,202,31,73,0.2865219871628093,-0.7333711981773376,-1.0131009045769186,0.5497227081772299,0,0.2642011738078479
A055,stairs_15_down,303,0,82,0.3112154043613271,-0.7043937146663666,-1.00868925818785,0.5242962366727482,0,0.29544537016414707
A055,stairs_15_down,303,1,78,0.28670938512220745,-0.7233142852783203,-1.0106945547828063,0.5074097136606585,0,0.259512072578471
A055,stairs_15_down,303,2,61,0.28690351458156815,-0.708009660243988,-0.9922457914301418,0.5326630857202308,0,0.28361309467152473
A055,stairs_15_down,303,3,100,0.32779164237772085,-0.7046903073787689,-1.036764160197049,0.5451516333756207,0,0.30076254402252445
A055,stairs_15_down,303,4,44,0.28308010165066644,-0.7072978615760803,-0.9830207518715273,0.5316847806976135,0,0.2660176540441054
A055,stairs_15_down,303,5,60,0.28109203446357645,-0.7114687860012054,-0.9902403520390312,0.4840118424701937,0,0.24695514070796454
A055,stairs_15_down,303,6,79,0.3052980533258163,-0.7079328894615173,-1.0066839207939924,0.5390891215302029,0,0.2836363054214315
A055,stairs_15_down,303,7,100,0.32606789262537017,-0.7105970680713654,-1.0387693445950268,0.539185044363564,0,0.29675422887751135
A055,stairs_15_down,303,8,31,0.2600079188372362,-0.7136338949203491,-0.9657749543215501,0.5042400390767576,0,
A055,stairs_15_down,303,9,82,0.29950314377718423,-0.7082222104072571,-1.0098921576923228,0.5123266742719194,0,0.28441967811176483
A055,stairs_15_down,303,10,41,0.265943389525388,-0.7167817950248718,-0.9850263034596163,0.5432790438121431,0,0.25957153984569614
A055,stairs_15_down,303,11,54,0.2807679734128044,-0.7162911593914032,-0.9986625763184247,0.5502794805426399,0,0.27190241902907264
A055,stairs_15_down,303,12,100,0.30731799401701454,-0.7093923687934875,-1.013502069973053,0.5196500876224646,0,0.2803909549101151
A055,stairs_15_down,303,13,76,0.29800319958498134,-0.7094439268112183,-1.0066839156941296,0.5296488395133132,0,0.289446250002652
A055,stairs_15_down,303,14,100,0.2851328838636531,-0.7373258173465729,-1.0143043089677943,0.5064935163933565,0,0.2523168185177971
A055,stairs_15_down,303,15,46,0.2771268568255685,-0.7066655457019806,-0.9830205223777078,0.5601020065326887,0,0.27071227268739184
A055,stairs_15_down,303,16,55,0.27071647497421913,-0.7248060703277588,-0.9930476938339479,0.5284546621355051,0,0.2661038433166749
A055,stairs_15_down,303,17,100,0.32444011256656546,-0.7162539660930634,-1.0451864966734208,0.5362682939804135,0,0.2777135834336919
A055,stairs_15_down,303,18,24,,,,,0,
A055,stairs_15_down,303,19,86,0.2916414755232194,-0.732167661190033,-1.0122986961813534,0.5554858418531762,0,0.27395916303848833
A055,stairs_15_down,303,20,18,,,,,0,
A055,stairs_15_down,303,21,100,0.32765143280998277,-0.7055157423019409,-1.0315499688214795,0.5332114426909274,0,0.28710424517565236
A055,stairs_15_down,303,22,84,0.3022128002528839,-0.706871747970581,-0.9974593810219179,0.4983750875303924,0,0.26357357482859156
A055,stairs_15_down,303,23,92,0.310195268794177,-0.7149678766727448,-1.0227262272554287,0.5453100165831704,0,0.2782066097871505
A055,stairs_15_down,303,24,38,0.2688928678392727,-0.7091786861419678,-0.9733951334009834,0.5389814292386369,0,
A055,stairs_15_down,303,25,100,0.31929789077151915,-0.7098256349563599,-1.0271383428318615,0.5176128735593679,0,0.2980306126217154
A055,stairs_15_down,303,26,79,0.2823784561718211,-0.7149741053581238,-0.9954540232286097,0.516568838973228,0,0.26326703005296026
A055,stairs_15_down,303,27,41,0.27237027309795114,-0.7158645987510681,-0.9818178268677411,0.511283081535445,0,0.25055515829892083
A055,stairs_15_down,303,28,52,0.304563777810112,-0.6981970965862274,-0.9966571267275888,0.5496461653856499,0,0.28274514044032373
A055,stairs_15_down,303,29,100,0.3313210463141375,-0.7052528262138367,-1.0355608068047997,0.5164371282354842,0,0.29150341634444366
A055,stairs_15_down,303,30,52,0.26518759673291986,-0.7244449555873871,-0.9926467477319074,0.4928052717471486,0,
A055,stairs_15_down,303,31,57,0.2722664902554477,-0.7243770360946655,-1.0010689924107516,0.5516773687054096,0,0.2670665163407351
PC_A048,rough_lateral,101,0,100,0.3682439349551889,0.4249054938554764,0.056809976139170604,0.06424191278862956,,
PC_A048,rough_lateral,101,1,100,0.37547723741773614,0.4352086931467056,0.059709630547997786,0.14886601963614804,,
PC_A048,rough_lateral,101,2,100,0.33572525439415385,0.39478643238544464,0.05876782871185139,0.05603054270672442,,
PC_A048,rough_lateral,101,3,100,0.3887818184765902,0.44685186445713043,0.05805710165258397,0.1688765676677617,,
PC_A048,rough_lateral,101,4,100,0.35414902650736235,0.4129091799259186,0.06001044594667812,0.22184828293358827,,
PC_A048,rough_lateral,101,5,100,0.380531455504703,0.43891915678977966,0.05902842149377507,0.1784372795401452,,
PC_A048,rough_lateral,101,6,100,0.3782239722854951,0.435099720954895,0.0566265901779746,0.13797872324631683,,
PC_A048,rough_lateral,101,7,100,0.3605718627014262,0.42160579562187195,0.0598269834875423,0.23321066290054726,,
PC_A048,rough_lateral,101,8,100,0.3649022098690431,0.4243251383304596,0.059071984520570484,0.2092845545039523,,
PC_A048,rough_lateral,101,9,100,0.3821365303374866,0.43963608145713806,0.05756141540200953,0.15681249466898367,,
PC_A048,rough_lateral,101,10,100,0.3733273805143999,0.4316220134496689,0.0582056555518492,0.21863620777901088,,
PC_A048,rough_lateral,101,11,100,0.38866012236651254,0.445300430059433,0.057195490056818184,0.20206146866426022,,
PC_A048,rough_lateral,101,12,100,0.3698602168955267,0.43018919229507446,0.060191501270640976,0.25998721527587987,,
PC_A048,rough_lateral,101,13,100,0.3830466544564395,0.44220833480358124,0.059577906195492664,0.21814922730921138,,
PC_A048,rough_lateral,101,14,100,0.37859239887426244,0.4362275004386902,0.05774664751348649,0.14335501431705133,,
PC_A048,rough_lateral,101,15,100,0.36099245713993827,0.4208073019981384,0.060192194851962005,0.23014171250218637,,
PC_A048,rough_lateral,101,16,100,0.3871257894816883,0.444152295589447,0.05708126843294358,0.20820914213240255,,
PC_A048,rough_lateral,101,17,100,0.3762105318473622,0.43403610587120056,0.05775816810322318,0.24101177074013885,,
PC_A048,rough_lateral,101,18,100,0.3609366531678062,0.41907237470149994,0.05834835990864963,0.20986094265374117,,
PC_A048,rough_lateral,101,19,100,0.37537985028111365,0.4345366209745407,0.05906199388963016,0.09044009787424001,,
PC_A048,rough_lateral,101,20,100,0.39379527423789795,0.4533478319644928,0.05959745906891033,0.19434820862981333,,
PC_A048,rough_lateral,101,21,100,0.38796536632400147,0.4461469352245331,0.05866083359335833,0.20889757625770566,,
PC_A048,rough_lateral,101,22,100,0.36704661501920155,0.4245264530181885,0.05775268065100685,0.24187733392990535,,
PC_A048,rough_lateral,101,23,100,0.38636033340571396,0.446209579706192,0.06093917173497817,0.15892036813869348,,
PC_A048,rough_lateral,101,24,100,0.38629201819552456,0.44634121656417847,0.06005930263090899,0.22443017307319624,,
PC_A048,rough_lateral,101,25,100,0.3722565786883155,0.4332335740327835,0.0609375856776926,0.2093819846268406,,
PC_A048,rough_lateral,101,26,100,0.34872901702628417,0.4106181710958481,0.05929917830196932,0.14744368182460432,,
PC_A048,rough_lateral,101,27,100,0.3736211917298363,0.4349299967288971,0.06131697976015468,0.24902977272269516,,
PC_A048,rough_lateral,101,28,25,0.3208135160851606,0.3797281086444855,0.05937787428259212,0.6694710669811389,,
PC_A048,rough_lateral,101,29,100,0.38358116707699824,0.4417511075735092,0.05801459429735806,0.1866589901840383,,
PC_A048,rough_lateral,101,30,100,0.3860363855081446,0.45038729906082153,0.06392037294765207,0.11544953474161182,,
PC_A048,rough_lateral,101,31,100,0.37189215907757295,0.4330025911331177,0.06185655542873444,0.21353951522915898,,
PC_A048,rough_lateral,202,0,100,0.3670125512834539,0.42947086691856384,0.06251457540746679,0.23123106572046254,,
PC_A048,rough_lateral,202,1,0,,,,,,
PC_A048,rough_lateral,202,2,100,0.37996314936143194,0.4411165714263916,0.06147724294407482,0.1876961611737979,,
PC_A048,rough_lateral,202,3,100,0.37637624447358486,0.43897607922554016,0.06255709296241801,0.16479663561296637,,
PC_A048,rough_lateral,202,4,100,0.3911373233572047,0.4528549611568451,0.062260836840950864,0.2394998513337459,,
PC_A048,rough_lateral,202,5,100,0.37261880655339696,0.4327166974544525,0.06003729162369183,0.19143442516520986,,
PC_A048,rough_lateral,202,6,100,0.33979555279175866,0.4036417752504349,0.06370603082014278,0.0632804379329772,,
PC_A048,rough_lateral,202,7,100,0.36520454407057024,0.4261462092399597,0.06121242747587316,0.12052741519592042,,
PC_A048,rough_lateral,202,8,31,0.3465276499164296,0.40615198016166687,0.0596962791075681,0.31980389550978694,,
PC_A048,rough_lateral,202,9,22,,,,,,
PC_A048,rough_lateral,202,10,100,0.3828665413321021,0.44210807979106903,0.059352150575362424,0.21961184540126188,,
PC_A048,rough_lateral,202,11,100,0.38420203973584,0.44286981225013733,0.0586822938154088,0.2206760684108153,,
PC_A048,rough_lateral,202,12,100,0.3692511008544402,0.4313325434923172,0.061691447375292446,0.24493916595533066,,
PC_A048,rough_lateral,202,13,100,0.366293688508916,0.42794235050678253,0.06164386055686257,0.25664170488177807,,
PC_A048,rough_lateral,202,14,100,0.36924565659168573,0.42929215729236603,0.06017090292537913,0.15212058667451173,,
PC_A048,rough_lateral,202,15,100,0.36568412439708403,0.4256443977355957,0.060028025173248456,0.21173157584593227,,
PC_A048,rough_lateral,202,16,100,0.38033618813848746,0.4393756687641144,0.05912753732446681,0.15430561963495515,,
PC_A048,rough_lateral,202,17,100,0.34228389339651016,0.40060722827911377,0.058175755057105406,0.07563065340210515,,
PC_A048,rough_lateral,202,18,24,,,,,,
PC_A048,rough_lateral,202,19,41,0.3383521947631224,0.39815133810043335,0.06022344171044661,0.4585190847237373,,
PC_A048,rough_lateral,202,20,100,0.3640440686501284,0.4220719337463379,0.05785637105849975,0.16827404050247566,,
PC_A048,rough_lateral,202,21,100,0.369799622797711,0.42883411049842834,0.05875211093514998,0.19029574690372703,,
PC_A048,rough_lateral,202,22,16,,,,,,
PC_A048,rough_lateral,202,23,100,0.3681185635175297,0.4261668771505356,0.05863176437622723,0.2378849095458379,,
PC_A048,rough_lateral,202,24,100,0.38775511516288,0.44399501383304596,0.05540503027604863,0.26378949234814025,,
PC_A048,rough_lateral,202,25,34,0.3053443665332335,0.36301063001155853,0.05809506503018466,0.4578625014918063,,
PC_A048,rough_lateral,202,26,100,0.38301939696551646,0.4430965185165405,0.06002300690839635,0.11858844030567318,,
PC_A048,rough_lateral,202,27,92,0.3702626287299682,0.42732474207878113,0.057256494613892255,0.16596237552710164,,
PC_A048,rough_lateral,202,28,100,0.31827563326307795,0.3796595633029938,0.06123298502223377,0.08882865571990314,,
PC_A048,rough_lateral,202,29,100,0.3779229091450492,0.436754047870636,0.05918240164690477,0.1678104742988654,,
PC_A048,rough_lateral,202,30,100,0.3779284079922712,0.4401630461215973,0.06211099267643404,0.2289033596908095,,
PC_A048,rough_lateral,202,31,100,0.3429136989429035,0.4036789685487747,0.0605462018181296,0.0859499958471677,,
PC_A048,rough_lateral,303,0,100,0.3658369577982846,0.4253964275121689,0.05862363519515583,0.2663987340286406,,
PC_A048,rough_lateral,303,1,100,0.3724942365113426,0.42910507321357727,0.05702351248838047,0.195564981502233,,
PC_A048,rough_lateral,303,2,100,0.38166339328901017,0.4398734122514725,0.05810509136016356,0.10958513862777527,,
PC_A048,rough_lateral,303,3,2,,,,,,
PC_A048,rough_lateral,303,4,100,0.38282327951594475,0.4416000694036484,0.058614404443751045,0.23757417869553615,,
PC_A048,rough_lateral,303,5,100,0.3684999956326051,0.4281185120344162,0.05889573836709089,0.20475235773683678,,
PC_A048,rough_lateral,303,6,100,0.3880454276334793,0.44596610963344574,0.05825121262494255,0.1901068631545222,,
PC_A048,rough_lateral,303,7,100,0.3743834882018401,0.4339713752269745,0.059396555079495844,0.16850236517680922,,
PC_A048,rough_lateral,303,8,100,0.35832527686249127,0.4142635017633438,0.05631796178970745,0.23916972371673145,,
PC_A048,rough_lateral,303,9,100,0.37462572092040974,0.43155524134635925,0.0568947358564897,0.17435665868451594,,
PC_A048,rough_lateral,303,10,100,0.38628212812750096,0.44303521513938904,0.05672254409382051,0.22766037298135214,,
PC_A048,rough_lateral,303,11,100,0.3767068353406886,0.43599899113178253,0.05926130162203376,0.16942668912173925,,
PC_A048,rough_lateral,303,12,100,0.36586480512019787,0.42348387837409973,0.05728944992636614,0.16192538101650317,,
PC_A048,rough_lateral,303,13,100,0.37238009632589986,0.4281935840845108,0.05662862502317378,0.22868182002303789,,
PC_A048,rough_lateral,303,14,48,0.3509418698236904,0.40834373235702515,0.057258891549339906,0.2578447430748022,,
PC_A048,rough_lateral,303,15,100,0.3783665921758203,0.43487538397312164,0.0565470629197391,0.1782896584567943,,
PC_A048,rough_lateral,303,16,0,,,,,,
PC_A048,rough_lateral,303,17,100,0.3626297793605111,0.41975513100624084,0.05724711086660783,0.1154900447589321,,
PC_A048,rough_lateral,303,18,8,,,,,,
PC_A048,rough_lateral,303,19,76,0.3474715929777227,0.4047842472791672,0.056453123449641755,0.24784634441201095,,
PC_A048,rough_lateral,303,20,100,0.3703962825039492,0.42951785027980804,0.05975207160500919,0.24584710057592415,,
PC_A048,rough_lateral,303,21,100,0.34054436530658905,0.3977944850921631,0.05794868367241028,0.2522900111684415,,
PC_A048,rough_lateral,303,22,100,0.36936913343036876,0.4276796877384186,0.058291654535793366,0.051531994017463556,,
PC_A048,rough_lateral,303,23,66,0.3689643527097243,0.42664721608161926,0.05783475784056964,0.14996020209276112,,
PC_A048,rough_lateral,303,24,100,0.37513466761073966,0.4360032081604004,0.0607955851019385,0.19184952643284248,,
PC_A048,rough_lateral,303,25,100,0.368898912228365,0.43085096776485443,0.062206202012332366,0.18743521212650754,,
PC_A048,rough_lateral,303,26,23,,,,,,
PC_A048,rough_lateral,303,27,100,0.38947862936532435,0.44789913296699524,0.05947791318842434,0.23062095237970534,,
PC_A048,rough_lateral,303,28,43,0.2837669245380769,0.3464519679546356,0.06184311729063962,0.25117756796665547,,
PC_A048,rough_lateral,303,29,100,0.38406872223405275,0.446056991815567,0.06189810400978129,0.2592007538240636,,
PC_A048,rough_lateral,303,30,100,0.3789560921530035,0.43969298899173737,0.06029023461163363,0.24293172948377856,,
PC_A048,rough_lateral,303,31,100,0.3725471742809775,0.4331505596637726,0.0601381210082355,0.20645216539076494,,
PC_A048,rough_forward,101,0,100,0.36122879377979644,0.41721391677856445,0.05625766611354237,0.34164348587526305,,
PC_A048,rough_forward,101,1,100,0.3516609434456749,0.4093860238790512,0.05772715583842068,0.41928261886932383,,
PC_A048,rough_forward,101,2,100,0.36498423016326315,0.42148488759994507,0.056851713415135674,0.42178464861453024,,
PC_A048,rough_forward,101,3,100,0.3819662754070312,0.44205813109874725,0.06018477455179959,0.44041301818066614,,
PC_A048,rough_forward,101,4,100,0.32479371504987625,0.38120315968990326,0.056716939344763115,0.45998387443017263,,
PC_A048,rough_forward,101,5,100,0.3435054599920059,0.4020596146583557,0.058676617668274256,0.43582492043904186,,
PC_A048,rough_forward,101,6,100,0.37021003057931196,0.4290751963853836,0.05856144237008325,0.181414474321497,,
PC_A048,rough_forward,101,7,100,0.3496351708224751,0.4067329615354538,0.05617770536698122,0.3830671918766298,,
PC_A048,rough_forward,101,8,100,0.3686722836551819,0.4263851195573807,0.057778909244639354,0.4122977201036818,,
PC_A048,rough_forward,101,9,100,0.3783218731535947,0.4349490702152252,0.05699378538896693,0.38256489630008217,,
PC_A048,rough_forward,101,10,100,0.33865219490094617,0.39752398431301117,0.05871001666879909,0.45822350627244235,,
PC_A048,rough_forward,101,11,100,0.3629295225130683,0.4232587516307831,0.06025899795287433,0.446261747536125,,
PC_A048,rough_forward,101,12,100,0.35580814028168745,0.41599662601947784,0.0599523891102184,0.4481935462726865,,
PC_A048,rough_forward,101,13,100,0.35546026685658627,0.41733381152153015,0.06204244542249383,0.3993336563548347,,
PC_A048,rough_forward,101,14,100,0.3269016784142683,0.38432663679122925,0.05714978508770785,0.39566419599213454,,
PC_A048,rough_forward,101,15,100,0.36496441337195307,0.4229326397180557,0.05788062600528493,0.35540181530728115,,
PC_A048,rough_forward,101,16,100,0.33884797679549233,0.39616771042346954,0.05743957458332898,0.06274307801472986,,
PC_A048,rough_forward,101,17,100,0.3693500473537547,0.4286918044090271,0.05936067244585823,0.4340086963522562,,
PC_A048,rough_forward,101,18,100,0.3487442158122751,0.4076361358165741,0.05872934004839729,0.41789379591601994,,
PC_A048,rough_forward,101,19,100,0.376905646872393,0.43487222492694855,0.05803509064536681,0.43397511390349053,,
PC_A048,rough_forward,101,20,100,0.3581465531319858,0.4165973365306854,0.058672925367712334,0.4637279541617066,,
PC_A048,rough_forward,101,21,100,0.3528552907992174,0.41665950417518616,0.06289423978264956,0.4145121035163698,,
PC_A048,rough_forward,101,22,100,0.34249833329794876,0.3991047590970993,0.056559358688599286,0.41818789810600193,,
PC_A048,rough_forward,101,23,100,0.37279887816166496,0.4320252239704132,0.05961169278557925,0.45628625992695226,,
PC_A048,rough_forward,101,24,100,0.36130376486854754,0.4177647829055786,0.05653003447833546,0.479426600676848,,
PC_A048,rough_forward,101,25,100,0.3493364955333465,0.4102117419242859,0.06134305025804489,0.453413814073224,,
PC_A048,rough_forward,101,26,100,0.3512366175014068,0.41051962971687317,0.058782654012588254,0.4575997370118582,,
PC_A048,rough_forward,101,27,100,0.3742595259199806,0.42772291600704193,0.05434743605833003,0.45560698862100746,,
PC_A048,rough_forward,101,28,100,0.349446923735945,0.4121336340904236,0.06191399518181295,0.3962575314835186,,
PC_A048,rough_forward,101,29,100,0.3536923667963814,0.4126642942428589,0.05910158922328031,0.47845754622522896,,
PC_A048,rough_forward,101,30,100,0.348150811252747,0.4093735069036484,0.061071247978006456,0.3411677546644639,,
PC_A048,rough_forward,101,31,100,0.35040294247515064,0.4133985638618469,0.06477946011140384,0.43992550349637594,,
PC_A048,rough_forward,202,0,100,0.35281116869997853,0.4109518826007843,0.058578654406542446,0.4757326885551543,,
PC_A048,rough_forward,202,1,100,0.3485666702297282,0.4084344506263733,0.05999821647603244,0.4886616610246863,,
PC_A048,rough_forward,202,2,100,0.36075655582116883,0.423914298415184,0.06324330498190486,0.061370033882098406,,
PC_A048,rough_forward,202,3,100,0.37608990057266967,0.43543434143066406,0.06000769202084465,0.4258280677673578,,
PC_A048,rough_forward,202,4,100,0.3597270999362762,0.42338453233242035,0.06331625341731598,0.3994189421607345,,
PC_A048,rough_forward,202,5,100,0.3359120206080656,0.39412614703178406,0.058831882986792906,0.45766861513060636,,
PC_A048,rough_forward,202,6,100,0.3340674126371343,0.39550088346004486,0.06127713963309711,0.41806331067279956,,
PC_A048,rough_forward,202,7,100,0.35244419899853796,0.4129642844200134,0.06088378212668679,0.4431040956331772,,
PC_A048,rough_forward,202,8,100,0.33242680363476595,0.3924206495285034,0.05978193130085176,0.41343435572065684,,
PC_A048,rough_forward,202,9,100,0.3218471100304854,0.38233718276023865,0.06060483493906929,0.05665662767300071,,
PC_A048,rough_forward,202,10,100,0.36866465378253854,0.4287414997816086,0.06007855971229267,0.045812109550716434,,
PC_A048,rough_forward,202,11,100,0.35729956563143805,0.4157928079366684,0.05872389849494485,0.4572582921951983,,
PC_A048,rough_forward,202,12,100,0.34882043851888117,0.41124507784843445,0.06198382760114211,0.44986065150158877,,
PC_A048,rough_forward,202,13,100,0.35252785499401906,0.4108516424894333,0.058867724821529285,0.3946483926847128,,
PC_A048,rough_forward,202,14,100,0.3385066543033416,0.39657028019428253,0.05787008458917792,0.4468815014462115,,
PC_A048,rough_forward,202,15,100,0.34878974475643854,0.407249853014946,0.058828700672496445,0.4570139734417397,,
PC_A048,rough_forward,202,16,100,0.3666342594884934,0.4248220920562744,0.0580373600842481,0.4669156732028516,,
PC_A048,rough_forward,202,17,100,0.35035759744478423,0.41089148819446564,0.06030911940304354,0.4748188845624154,,
PC_A048,rough_forward,202,18,100,0.36605269904123905,0.4211793839931488,0.055285193703391335,0.4488592705104636,,
PC_A048,rough_forward,202,19,100,0.3614784620184312,0.4204469472169876,0.058870499146813374,0.3834967219392693,,
PC_A048,rough_forward,202,20,100,0.36221710612429653,0.41733376681804657,0.05545633999421635,0.47657892092469867,,
PC_A048,rough_forward,202,21,100,0.3701794073384076,0.4264368861913681,0.05588202043013139,0.4640685055109778,,
PC_A048,rough_forward,202,22,100,0.35645788453798244,0.4149002283811569,0.0583721660675212,0.3993685664283443,,
PC_A048,rough_forward,202,23,100,0.3368574886079778,0.39625370502471924,0.05947223704128979,0.0719463695468224,,
PC_A048,rough_forward,202,24,100,0.37349981348463557,0.4301765710115433,0.05776178900570793,0.4207531201168513,,
PC_A048,rough_forward,202,25,100,0.3600512688810175,0.41468387842178345,0.05546669781526779,0.4720304220160846,,
PC_A048,rough_forward,202,26,100,0.3727180522712157,0.432338684797287,0.059551963194168826,0.41583495807442405,,
PC_A048,rough_forward,202,27,100,0.32376813147476013,0.3854907900094986,0.06153638605127998,0.46232213202662903,,
PC_A048,rough_forward,202,28,100,0.3590778444699425,0.41884344816207886,0.05981542719876702,0.3643347203241119,,
PC_A048,rough_forward,202,29,100,0.37183330682190985,0.4322710633277893,0.06105656547342392,0.4331903180168749,,
PC_A048,rough_forward,202,30,100,0.3443024868474287,0.4045349210500717,0.06058745460714249,0.4340658440671662,,
PC_A048,rough_forward,202,31,100,0.35307171207698274,0.4090196341276169,0.05668688585413968,0.4738215338337748,,
PC_A048,rough_forward,303,0,100,0.35582217494434215,0.4137813150882721,0.05825747015641972,0.4683334038286428,,
PC_A048,rough_forward,303,1,100,0.35662534697489306,0.4167139381170273,0.059764892659722804,0.4574005910433227,,
PC_A048,rough_forward,303,2,100,0.36579823103499287,0.42118795216083527,0.05578628070851698,0.4550739937844759,,
PC_A048,rough_forward,303,3,100,0.3497656202890019,0.4085244834423065,0.05890800863663781,0.4064091013931461,,
PC_A048,rough_forward,303,4,100,0.3699559473736401,0.4292677193880081,0.059787872640844335,0.46449542891553786,,
PC_A048,rough_forward,303,5,100,0.34049277796464805,0.399647518992424,0.058522821110200116,0.21041695339866273,,
PC_A048,rough_forward,303,6,100,0.3659359924296007,0.42588187754154205,0.059909091276281023,0.4611813947942645,,
PC_A048,rough_forward,303,7,100,0.35349807908190767,0.41263043880462646,0.059283292229800305,0.4064147452042528,,
PC_A048,rough_forward,303,8,100,0.346938190852257,0.4057915508747101,0.05880222728545653,0.3195196875714855,,
PC_A048,rough_forward,303,9,100,0.3703737548965821,0.4288599044084549,0.057911709668164585,0.4047815464401668,,
PC_A048,rough_forward,303,10,100,0.3698110121456697,0.4288414418697357,0.05867592408695323,0.463793693423341,,
PC_A048,rough_forward,303,11,100,0.33037583601666004,0.3894411474466324,0.058210347425491415,0.4239895505560468,,
PC_A048,rough_forward,303,12,100,0.37508379863226476,0.4326285719871521,0.057773131100251715,0.4588482189799906,,
PC_A048,rough_forward,303,13,100,0.3495527621418397,0.40881554782390594,0.058585075133624556,0.3986651446911821,,
PC_A048,rough_forward,303,14,100,0.34712925314265775,0.40645647048950195,0.05927500495298661,0.4618011336778499,,
PC_A048,rough_forward,303,15,100,0.3594709495331514,0.4173053503036499,0.05759543658577822,0.34636235880054767,,
PC_A048,rough_forward,303,16,100,0.3423242694872586,0.40145960450172424,0.059983528871587255,0.39315254201436983,,
PC_A048,rough_forward,303,17,100,0.35472697155042127,0.4114072173833847,0.05686099516516701,0.40473793950978554,,
PC_A048,rough_forward,303,18,100,0.35494996918076505,0.4104897826910019,0.05502459582160501,0.43980221242484785,,
PC_A048,rough_forward,303,19,100,0.34556787154253793,0.40404796600341797,0.059802912135812694,0.48811500891500725,,
PC_A048,rough_forward,303,20,100,0.35046182278005833,0.41232818365097046,0.06191506615297042,0.4625909864773945,,
PC_A048,rough_forward,303,21,100,0.36791967931278247,0.4273858964443207,0.05947505216547512,0.3382681141187166,,
PC_A048,rough_forward,303,22,100,0.35700718500716166,0.4164619743824005,0.060190741391105446,0.40871673439136835,,
PC_A048,rough_forward,303,23,100,0.3490188721029516,0.40877608954906464,0.05922914188813398,0.44400708923515914,,
PC_A048,rough_forward,303,24,100,0.36110811899690065,0.42096881568431854,0.0597270210796499,0.39985916824668344,,
PC_A048,rough_forward,303,25,100,0.36411963968990957,0.4253363460302353,0.06132656240208263,0.4555138710088479,,
PC_A048,rough_forward,303,26,100,0.36359865318007645,0.4213080257177353,0.05868745487641523,0.4341821025035997,,
PC_A048,rough_forward,303,27,100,0.35131736267059244,0.40809643268585205,0.057434892909412075,0.3730233644032095,,
PC_A048,rough_forward,303,28,100,0.3699862596026079,0.42975717782974243,0.05999876726119914,0.39586804872840714,,
PC_A048,rough_forward,303,29,100,0.35542549615237806,0.4171854108572006,0.061908390432755575,0.4731868962184862,,
PC_A048,rough_forward,303,30,100,0.36190781499294034,0.41918639838695526,0.057832284407182175,0.43476031656586844,,
PC_A048,rough_forward,303,31,100,0.36341181907424314,0.4218418002128601,0.058296708499684054,0.4660041873941011,,
PC_A048,stairs_10_down,101,0,100,0.3144450046640029,-0.33224281668663025,-0.6475943295075932,0.4460640489814782,1,0.3153650841929696
PC_A048,stairs_10_down,101,1,100,0.32320914556954633,-0.3208260089159012,-0.6422468532215465,0.4627335400897663,0,0.32117641083696946
PC_A048,stairs_10_down,101,2,100,0.3544873694844424,-0.31824547052383423,-0.6783431813041156,0.4749697099979676,1,0.3439117278007262
PC_A048,stairs_10_down,101,3,100,0.3246312380474519,-0.3144363909959793,-0.6304818933660334,0.4400407165490849,0,0.3313300270129015
PC_A048,stairs_10_down,101,4,100,0.3606319751809625,-0.32093167304992676,-0.6823538254926549,0.4820226366746411,1,0.3487509063539658
PC_A048,stairs_10_down,101,5,100,0.36628225629023686,-0.31375496089458466,-0.6866318758796244,0.4610554255240361,0,0.3494588627534754
PC_A048,stairs_10_down,101,6,100,0.37760338705172514,-0.3210199177265167,-0.6994665931252873,0.44022407391551965,1,0.3510414766755333
PC_A048,stairs_10_down,101,7,100,0.37820346151443723,-0.3163871467113495,-0.6994660219406699,0.45607752927455614,1,0.34966737334740994
PC_A048,stairs_10_down,101,8,100,0.36834183191870623,-0.31751662492752075,-0.6852947377903575,0.4773013671438089,0,0.3397984232175797
PC_A048,stairs_10_down,101,9,100,0.37908037572621023,-0.31302452087402344,-0.6935836312605097,0.4678587371552376,1,0.3492984277679321
PC_A048,stairs_10_down,101,10,100,0.3695119539684153,-0.32306598126888275,-0.6957224167604497,0.4865758569085705,1,0.3436882813027836
PC_A048,stairs_10_down,101,11,100,0.27674918984346847,-0.33461225032806396,-0.6125672335293204,0.42038696582790425,1,0.3176150388896146
PC_A048,stairs_10_down,101,12,100,0.32251119223189223,-0.3254082202911377,-0.6422466033282764,0.44955452685240993,1,0.33758131275202496
PC_A048,stairs_10_down,101,13,90,0.3264653312171844,-0.31907446682453156,-0.643048821923567,0.46201711953210656,1,0.337141003519456
PC_A048,stairs_10_down,101,14,100,0.3226293713491868,-0.31977303326129913,-0.6336901404640891,0.4813923414926899,1,0.3242745235323269
PC_A048,stairs_10_down,101,15,100,0.3754511777570541,-0.3163685202598572,-0.6962571526593703,0.44114651461553667,1,0.34824657886423527
PC_A048,stairs_10_down,101,16,100,0.36531687300791715,-0.3142758756875992,-0.6836905402933212,0.463105988790876,0,0.34932821670318037
PC_A048,stairs_10_down,101,17,100,0.310337832346957,-0.3124902844429016,-0.6294118707830256,0.4501301254970115,0,0.34146018589244165
PC_A048,stairs_10_down,101,18,100,0.32007170560206955,-0.32644568383693695,-0.6433162179222719,0.4445927198441335,1,0.3308183383495412
PC_A048,stairs_10_down,101,19,100,0.36112809332615553,-0.31370651721954346,-0.6764710574226583,0.4723565141996861,1,0.3513327870458205
PC_A048,stairs_10_down,101,20,100,0.37373493619781123,-0.3174940049648285,-0.7000002427534624,0.463491968688696,1,0.34735727533299654
PC_A048,stairs_10_down,101,21,100,0.3501411145702403,-0.3184635192155838,-0.6644389259623971,0.4774576766697742,1,0.3467591895776636
PC_A048,stairs_10_down,101,22,100,0.35546303273522284,-0.32222509384155273,-0.6780758465037626,0.492472748775286,1,0.3455251340560097
PC_A048,stairs_10_down,101,23,100,0.3089059797279975,-0.3173169791698456,-0.6251341263878154,0.47420211959214276,0,0.3282206453741553
PC_A048,stairs_10_down,101,24,47,0.320052465653037,-0.32716479897499084,-0.6427815789207417,0.48108256837811697,1,0.31788561130589976
PC_A048,stairs_10_down,101,25,100,0.3664264739515947,-0.3279285430908203,-0.6983965450429661,0.4791702873834865,1,0.3432671813403859
PC_A048,stairs_10_down,101,26,100,0.36227402091026306,-0.319771870970726,-0.6802148308983461,0.48489554059854656,0,0.3478126925899383
PC_A048,stairs_10_down,101,27,72,0.3410735142262861,-0.32463136315345764,-0.6598939691635377,0.46269520232066086,1,0.31479406229314955
PC_A048,stairs_10_down,101,28,66,0.33458678225144983,-0.32319168746471405,-0.6532095128839666,0.49989813605471833,1,0.33421746167269617
PC_A048,stairs_10_down,101,29,100,0.30223740278718303,-0.32861243188381195,-0.6344927364492161,0.4776201172489726,0,0.3214794129611337
PC_A048,stairs_10_down,101,30,100,0.3764462354667684,-0.31391914188861847,-0.6927818767527207,0.4502588926374186,0,0.3455505973515026
PC_A048,stairs_10_down,101,31,100,0.32740299196485534,-0.32107748091220856,-0.6454552788147951,0.44500975050811065,1,0.34231819985384615
PC_A048,stairs_10_down,202,0,100,0.2906411204905433,-0.3184882402420044,-0.6085565893407812,0.4357185046360172,1,0.31579937765942534
PC_A048,stairs_10_down,202,1,100,0.2610791680168978,-0.32632876932621,-0.6000006517624472,0.39942114215218055,1,0.31139025331181003
PC_A048,stairs_10_down,202,2,100,0.379225928515674,-0.31379786133766174,-0.6970596619468321,0.4303943968149584,1,0.34467915497361656
PC_A048,stairs_10_down,202,3,100,0.32210868732495745,-0.30975142121315,-0.6141719869113861,0.46888854671994623,1,0.3374031632341803
PC_A048,stairs_10_down,202,4,100,0.3741424010399191,-0.3160839378833771,-0.6986641705354905,0.4584809896359494,1,0.3502601343680193
PC_A048,stairs_10_down,202,5,100,0.3034191823260669,-0.31915073096752167,-0.6171128737097755,0.45672375195454173,1,0.33393379806834744
PC_A048,stairs_10_down,202,6,100,0.31672255041446273,-0.327208012342453,-0.6387709296323398,0.47730870322705127,1,0.3330436081172311
PC_A048,stairs_10_down,202,7,100,0.304172432438575,-0.3187270909547806,-0.6117653005263385,0.47002228017870373,1,0.3305004374547438
PC_A048,stairs_10_down,202,8,100,0.34271275821854086,-0.33077065646648407,-0.6743320628283496,0.4905714416364289,1,0.3421176981160985
PC_A048,stairs_10_down,202,9,69,0.32994003267211713,-0.321106880903244,-0.6491987054998224,0.45398201414418915,0,0.33769483856338867
PC_A048,stairs_10_down,202,10,100,0.37600781421929125,-0.3157654255628586,-0.6927811780715372,0.455407424488299,1,0.33638095696342185
PC_A048,stairs_10_down,202,11,100,0.37090416515574737,-0.31891410052776337,-0.6903753025646515,0.4839188394997386,1,0.3424965159140806
PC_A048,stairs_10_down,202,12,100,0.3497273082082922,-0.327069416642189,-0.6716579447455584,0.4816904651025914,1,0.3331809188911622
PC_A048,stairs_10_down,202,13,100,0.3651796911648888,-0.3181833475828171,-0.6890382460731874,0.4657686945894046,1,0.3483178738285514
PC_A048,stairs_10_down,202,14,100,0.3589766401658084,-0.32241545617580414,-0.6826210225967162,0.4832019765234621,1,0.3466137752813452
PC_A048,stairs_10_down,202,15,100,0.3673599779924607,-0.32478654384613037,-0.6949209274455188,0.48867901214644394,1,0.341170928216873
PC_A048,stairs_10_down,202,16,100,0.3525794968407422,-0.3165568709373474,-0.6657757937589431,0.45436390137879945,1,0.3527804695986172
PC_A048,stairs_10_down,202,17,79,0.34852515758677605,-0.31981608271598816,-0.6588239312809419,0.4843006753744713,1,0.34852515758677605
PC_A048,stairs_10_down,202,18,100,0.3348654962797216,-0.32877013087272644,-0.6612307502624185,0.45103713508202636,1,0.3477284449307039
PC_A048,stairs_10_down,202,19,100,0.3239676500546103,-0.31558604538440704,-0.6339577557568882,0.4607811821841389,1,0.3393152662139526
PC_A048,stairs_10_down,202,20,100,0.3673863920139119,-0.32402370870113373,-0.694385722359234,0.49158445463402134,1,0.34239253656749424
PC_A048,stairs_10_down,202,21,100,0.37485233403463414,-0.31637993454933167,-0.6909095947755212,0.4809509453003421,1,0.34739368420871186
PC_A048,stairs_10_down,202,22,52,0.30979790574407834,-0.3266553282737732,-0.6291448623738825,0.45709550106360514,1,0.3126133458818344
PC_A048,stairs_10_down,202,23,100,0.3531927324552587,-0.32458464801311493,-0.6759362348260727,0.474475967058426,1,0.33939414196473394
PC_A048,stairs_10_down,202,24,58,0.32699160158315443,-0.3177806884050369,-0.6427814412244501,0.44805003846059527,1,0.32250587140175113
PC_A048,stairs_10_down,202,25,100,0.3214562944071816,-0.3343554884195328,-0.6478618224036885,0.49032543566511094,1,0.31807478226442387
PC_A048,stairs_10_down,202,26,100,0.3424175909177505,-0.31523407995700836,-0.6526745831902652,0.4443077358179472,0,0.3459591653576509
PC_A048,stairs_10_down,202,27,100,0.3690625053835425,-0.32564012706279755,-0.6962578054417901,0.483426018608056,0,0.342466861965822
PC_A048,stairs_10_down,202,28,100,0.3702828370951076,-0.3191232979297638,-0.6935839321524064,0.4578135432082385,1,0.34925239067026637
PC_A048,stairs_10_down,202,29,100,0.3169190789607757,-0.3145119696855545,-0.6275407566743738,0.4615264615193194,1,0.3383591104956234
PC_A048,stairs_10_down,202,30,100,0.354817438731219,-0.3229927569627762,-0.6764717867030179,0.4852932072797175,1,0.3402063146950727
PC_A048,stairs_10_down,202,31,100,0.35089462326172205,-0.32689593732357025,-0.6762040133144767,0.5086996350376736,1,0.3326692676799182
PC_A048,stairs_10_down,303,0,100,0.3601182017096861,-0.3154321759939194,-0.6719260241258591,0.44454276457238007,1,0.3487867093022494
PC_A048,stairs_10_down,303,1,100,0.34877800375701273,-0.32328949868679047,-0.6655089485454049,0.48365673965056066,1,0.3324853502174112
PC_A048,stairs_10_down,303,2,84,0.3441261740769932,-0.317350372672081,-0.6548138021785308,0.4446167698782197,1,0.3448686739977669
PC_A048,stairs_10_down,303,3,100,0.3737312332990973,-0.31596270203590393,-0.6935837077584497,0.4386504513189655,1,0.34973744418531816
PC_A048,stairs_10_down,303,4,100,0.3058804473615585,-0.31272928416728973,-0.6189845386035939,0.4415778625314234,1,0.32873913868863314
PC_A048,stairs_10_down,303,5,100,0.3237614198164506,-0.318048819899559,-0.6385031868429745,0.4647619515701733,0,0.33414905530246186
PC_A048,stairs_10_down,303,6,100,0.3501016664951243,-0.31839291751384735,-0.665776415942187,0.477991389534828,1,0.3430574415201809
PC_A048,stairs_10_down,303,7,100,0.37684053740399404,-0.3157053589820862,-0.6962578921394552,0.48784452215106544,0,0.3528553499257501
PC_A048,stairs_10_down,303,8,100,0.2942080476226654,-0.3223539888858795,-0.6090909427500026,0.449839444371576,1,0.3056338649382566
PC_A048,stairs_10_down,303,9,100,0.3497322675856677,-0.316540002822876,-0.6684497639457172,0.4536999801239092,1,0.3455540722704189
PC_A048,stairs_10_down,303,10,65,0.3359889759418161,-0.32082638144493103,-0.653476531492835,0.4439847414704777,1,0.3293271026509331
PC_A048,stairs_10_down,303,11,79,0.3375611815223082,-0.32034340500831604,-0.6556157606808259,0.47908900868411874,1,0.33560855678696044
PC_A048,stairs_10_down,303,12,100,0.36265447496730374,-0.3137912303209305,-0.6772734188141032,0.4762388416312975,1,0.3429613864039355
PC_A048,stairs_10_down,303,13,100,0.35365134166842477,-0.31822699308395386,-0.6705887738396139,0.44820142559135756,1,0.35283400859424774
PC_A048,stairs_10_down,303,14,100,0.35992408029854617,-0.3251859247684479,-0.6877008019921613,0.4837777641155061,1,0.336248315113751
PC_A048,stairs_10_down,303,15,100,0.3252271522175182,-0.31130005419254303,-0.6136365625310072,0.47117641081141937,1,0.332136617306082
PC_A048,stairs_10_down,303,16,75,0.3324295189928881,-0.3240337371826172,-0.6545463398816114,0.4733946787836291,1,0.33345964295978847
PC_A048,stairs_10_down,303,17,100,0.37712965339900334,-0.3175743669271469,-0.6978619723396505,0.4737202453653544,1,0.3492850250101345
PC_A048,stairs_10_down,303,18,100,0.298315361580428,-0.3042403608560562,-0.579946767837606,0.4630389081452868,1,0.29940408308875754
PC_A048,stairs_10_down,303,19,100,0.3469778583011525,-0.3246278017759323,-0.6748671047190293,0.46715849388220576,1,0.34181877970695496
PC_A048,stairs_10_down,303,20,46,0.29856489176418693,-0.3350399285554886,-0.6310164303703104,0.434494217216586,1,0.29423133399397294
PC_A048,stairs_10_down,303,21,100,0.37426007566923764,-0.31500448286533356,-0.6917121550616097,0.4640734273971123,1,0.3441983448630348
PC_A048,stairs_10_down,303,22,100,0.3478358030159843,-0.3168845772743225,-0.6569522765868487,0.43230112987625013,1,0.3429202220656655
PC_A048,stairs_10_down,303,23,100,0.3610278250061892,-0.32167910039424896,-0.6863644288822929,0.4652641243000942,0,0.3422104687614237
PC_A048,stairs_10_down,303,24,71,0.31672757067144874,-0.32287871837615967,-0.6358294971486463,0.4620511830276837,1,0.3190430632249557
PC_A048,stairs_10_down,303,25,100,0.3669214531540233,-0.3190835267305374,-0.6901077637697923,0.46915560920156163,0,0.34509662479002845
PC_A048,stairs_10_down,303,26,98,0.34361738261373287,-0.3195139616727829,-0.6580220798757624,0.46442885518163934,1,0.34348669536610976
PC_A048,stairs_10_down,303,27,100,0.31059590404365156,-0.31772203743457794,-0.6117655861186471,0.4528923365927072,1,0.3373975626287613
PC_A048,stairs_10_down,303,28,100,0.32942317840568525,-0.3152759373188019,-0.644653024520466,0.4668021895554638,0,0.33755812160471543
PC_A048,stairs_10_down,303,29,100,0.3775924292796436,-0.31609073281288147,-0.6943864363400056,0.43758993840331095,1,0.35122882682371903
PC_A048,stairs_10_down,303,30,100,0.31858088833125514,-0.32551346719264984,-0.6377011926416407,0.48021714393792214,0,0.3250002664996978
PC_A048,stairs_10_down,303,31,100,0.3244286007422177,-0.3211469054222107,-0.6451880001129313,0.5029958136498911,0,0.338813276533137
PC_A048,stairs_15_down,101,0,100,0.2917773285332848,-0.6780787706375122,-0.9725930423022591,0.4030126997907047,0,0.2884654093553676
PC_A048,stairs_15_down,101,1,100,0.2736558452009517,-0.674091637134552,-0.9585558182415477,0.44812615836236147,0,0.2735961876451013
PC_A048,stairs_15_down,101,2,100,0.34600224899735676,-0.6686947643756866,-1.0167108984554516,0.46952164836162846,0,0.3268140876356931
PC_A048,stairs_15_down,101,3,59,0.31466939041321296,-0.6645918488502502,-0.9818177452699386,0.4421979596279215,0,0.31364346698006207
PC_A048,stairs_15_down,101,4,100,0.35491778458503476,-0.6718083322048187,-1.0235293944251729,0.4732724621576994,0,0.33454370753650364
PC_A048,stairs_15_down,101,5,100,0.3651738447301528,-0.6620556712150574,-1.0267373049322934,0.477979491421074,1,0.33481712551677933
PC_A048,stairs_15_down,101,6,100,0.37806575693548683,-0.6680293083190918,-1.0491977273461655,0.45395124887875293,0,0.33294100621167355
PC_A048,stairs_15_down,101,7,100,0.37664640443847786,-0.666869729757309,-1.0491971867607237,0.45224788842799996,0,0.33429265086026116
PC_A048,stairs_15_down,101,8,100,0.36419686037588883,-0.6676849722862244,-1.027940372732234,0.47904912420104817,0,0.3251334055859775
PC_A048,stairs_15_down,101,9,100,0.37718728232511234,-0.6635929048061371,-1.0399721166029332,0.45516341247810144,0,0.32466178941216706
PC_A048,stairs_15_down,101,10,100,0.36802837172931524,-0.6726831197738647,-1.043582248177758,0.4999360600202724,0,0.32486981982215846
PC_A048,stairs_15_down,101,11,55,0.2869239905301262,-0.6768918633460999,-0.9657747605267692,0.4493911940451349,0,0.27779656744258285
PC_A048,stairs_15_down,101,12,68,0.325740343427913,-0.6721175909042358,-0.9938495401392646,0.4580683284951591,0,0.3159811968471915
PC_A048,stairs_15_down,101,13,78,0.31868374969232527,-0.6693393588066101,-0.9826195456764915,0.4433268691995903,0,0.2997249807903474
PC_A048,stairs_15_down,101,14,100,0.2616216199283294,-0.6822689771652222,-0.9525392858739843,0.443631465499331,0,0.29545783518469904
PC_A048,stairs_15_down,101,15,100,0.3762488059181581,-0.6655458509922028,-1.0443836507950237,0.43998833102323764,0,0.3281766756333132
PC_A048,stairs_15_down,101,16,100,0.35539256554236376,-0.6650198996067047,-1.0251329850385533,0.466144488693214,0,0.3282150313815969
PC_A048,stairs_15_down,101,17,68,0.31428111205126513,-0.6692055463790894,-0.9705878222052426,0.45389260520594044,0,0.3182613601021588
PC_A048,stairs_15_down,101,18,73,0.3122499049666093,-0.6740971803665161,-0.9914428894532555,0.4456047806646434,0,0.3039088552010888
PC_A048,stairs_15_down,101,19,100,0.3508279980185197,-0.6645878255367279,-1.0151063898667931,0.45805956566140715,1,0.32980149474373477
PC_A048,stairs_15_down,101,20,100,0.37586583189148315,-0.6673503816127777,-1.0499986199771656,0.4658966076128631,0,0.3263784803171209
PC_A048,stairs_15_down,101,21,100,0.3324079201183217,-0.669967383146286,-0.9978602200268425,0.46978480768782394,0,0.32525111296597653
PC_A048,stairs_15_down,101,22,100,0.3481029715130035,-0.6739935278892517,-1.0179136194647316,0.4881425246607396,0,0.32093247914696754
PC_A048,stairs_15_down,101,23,57,0.3130171844028534,-0.6720893383026123,-0.9810152002834381,0.4818962753212767,0,0.29138360080871994
PC_A048,stairs_15_down,101,24,57,0.26296154891743384,-0.6915837526321411,-0.954545301549575,0.437430101454814,0,0.26133328548727186
PC_A048,stairs_15_down,101,25,100,0.36486080527943077,-0.6745166778564453,-1.0475935502485796,0.48372755321118666,0,0.32617145139265824
PC_A048,stairs_15_down,101,26,100,0.34963387187151984,-0.6713815331459045,-1.020320310949642,0.4811733464336362,0,0.32669720388351275
PC_A048,stairs_15_down,101,27,72,0.32467107339338824,-0.675631046295166,-0.9938498920297878,0.4560836911735802,0,
PC_A048,stairs_15_down,101,28,63,0.3132014567839271,-0.6752266883850098,-0.9834223048572235,0.48563361771939895,0,0.3113277809505157
PC_A048,stairs_15_down,101,29,67,0.3122906621127205,-0.6761497855186462,-0.9826201168611088,0.4725620504342268,0,0.28741540978936586
PC_A048,stairs_15_down,101,30,100,0.3725846024120555,-0.6629920601844788,-1.0383687401837842,0.4623085896816766,0,0.333126726953741
PC_A048,stairs_15_down,101,31,74,0.32427701752453564,-0.6694590449333191,-0.9942510880250981,0.44368665626464254,0,0.3228000676568179
PC_A048,stairs_15_down,202,0,100,0.2246357161093523,-0.6986344754695892,-0.9160427562693224,0.3002646955814292,0,0.2605326156565212
PC_A048,stairs_15_down,202,1,38,0.2738159796133398,-0.679500550031662,-0.9573524495497107,0.4254216682863666,0,0.19141823722716955
PC_A048,stairs_15_down,202,2,100,0.3774690302935514,-0.663847029209137,-1.042378996782762,0.46006886128171226,0,0.3361332311349756
PC_A048,stairs_15_down,202,3,54,0.31620415248335365,-0.6668529808521271,-0.9798127087679777,0.4668856242381568,0,0.31612055920024607
PC_A048,stairs_15_down,202,4,100,0.37198316939374343,-0.6672076284885406,-1.047994108761058,0.4528726135995882,0,0.32408861138603906
PC_A048,stairs_15_down,202,5,54,0.3112562392803437,-0.670557051897049,-0.9794114515743153,0.4831781078390034,0,0.3067996039747555
PC_A048,stairs_15_down,202,6,66,0.32069297190656,-0.6736012399196625,-0.9894380059471742,0.4725676884744928,0,0.30279461808383146
PC_A048,stairs_15_down,202,7,46,0.2892795927065579,-0.6741179823875427,-0.9713897450084992,0.4557384373271396,0,0.28422614183017914
PC_A048,stairs_15_down,202,8,96,0.3372836906642199,-0.6813467144966125,-1.0151062113716003,0.4811425158902064,0,0.3177009400199441
PC_A048,stairs_15_down,202,9,58,0.3181932405991988,-0.6697119772434235,-0.9810158173668193,0.48110499290343095,0,0.3177159033357141
PC_A048,stairs_15_down,202,10,100,0.3726899407126687,-0.6653687059879303,-1.0391700051047585,0.4535420629498741,0,0.3198708595439075
PC_A048,stairs_15_down,202,11,100,0.3663149825073181,-0.6691131293773651,-1.0355603937159248,0.48743660662043486,0,0.32451604362477593
PC_A048,stairs_15_down,202,12,100,0.3355038181983213,-0.6781891286373138,-1.009090163490989,0.45953764362694616,0,0.3032204451407978
PC_A048,stairs_15_down,202,13,100,0.3617954811947869,-0.6684201061725616,-1.0343571474207913,0.45141830540576783,1,0.32611048986567537
PC_A048,stairs_15_down,202,14,100,0.3497203231495333,-0.6724865138530731,-1.0243307511436748,0.4738266448896541,0,0.3327225969436971
PC_A048,stairs_15_down,202,15,100,0.36693394885343666,-0.6734456121921539,-1.0427797745893346,0.4691592904346934,0,0.3199405912409492
PC_A048,stairs_15_down,202,16,100,0.3347110451861499,-0.6684793829917908,-1.001871007011536,0.45188801369216386,0,0.33492680348177006
PC_A048,stairs_15_down,202,17,72,0.33241312899054054,-0.6707901656627655,-0.9954541405254507,0.47918063143673445,0,0.31418648123103665
PC_A048,stairs_15_down,202,18,82,0.3329837441763138,-0.6750320494174957,-1.0038762169088273,0.46481085767291275,0,0.323004393972815
PC_A048,stairs_15_down,202,19,67,0.3182244469775236,-0.6668285727500916,-0.9866302204642067,0.47033565174739916,0,0.31652733890768037
PC_A048,stairs_15_down,202,20,100,0.36581083845327245,-0.672240287065506,-1.0415768138865098,0.4915428306527575,0,0.3210839906478311
PC_A048,stairs_15_down,202,21,100,0.3695360183078338,-0.6663497686386108,-1.0363629642017385,0.49633590924703475,1,0.3281329749102261
PC_A048,stairs_15_down,202,22,41,0.2576895945849903,-0.6912157535552979,-0.9601596587481983,0.44763574063996286,0,0.25290152223352447
PC_A048,stairs_15_down,202,23,100,0.34206245959123827,-0.675544023513794,-1.014303987676447,0.4721324605022351,0,0.3202391152075905
PC_A048,stairs_15_down,202,24,69,0.27824479245884537,-0.6785226464271545,-0.9561493613503196,0.42995680735943836,0,0.27973965846281
PC_A048,stairs_15_down,202,25,74,0.3201899899837168,-0.6796968281269073,-0.9970585777160319,0.47866626727791506,0,0.29275692975457335
PC_A048,stairs_15_down,202,26,87,0.32217189334930585,-0.6689746379852295,-0.9898392988398751,0.4377278926295748,0,0.3181711865618905
PC_A048,stairs_15_down,202,27,100,0.3691948738327637,-0.6723734140396118,-1.0443844106745592,0.48276643536938835,0,0.31973005584217007
PC_A048,stairs_15_down,202,28,100,0.3660295851090376,-0.6681428253650665,-1.039972789784804,0.476461764151069,0,0.3300077204398293
PC_A048,stairs_15_down,202,29,64,0.315470006536035,-0.6675686538219452,-0.9802134355759238,0.45392522617679243,0,0.3149153191775562
PC_A048,stairs_15_down,202,30,100,0.3434822286832778,-0.6734826564788818,-1.0151066346602007,0.4796468674354729,0,0.32182130743475523
PC_A048,stairs_15_down,202,31,100,0.33710649338635523,-0.6771557331085205,-1.0135021719703063,0.499100765140354,0,0.3032548252274009
PC_A048,stairs_15_down,303,0,100,0.3460336498079454,-0.6660352051258087,-1.009090520481375,0.45307912804236483,0,0.3301088800404799
PC_A048,stairs_15_down,303,1,100,0.3329930308668372,-0.6746240258216858,-0.9994649275101442,0.47053702820532833,0,0.30858610498713934
PC_A048,stairs_15_down,303,2,76,0.3295430333856594,-0.6679464280605316,-0.9962563591207412,0.4258063798362969,0,0.32068359533095747
PC_A048,stairs_15_down,303,3,100,0.3702720159834082,-0.670211672782898,-1.0411763522714217,0.42503658434068053,0,0.3287522792816162
PC_A048,stairs_15_down,303,4,100,0.2731080691125941,-0.6759652495384216,-0.9356949750114889,0.39214607389722483,0,0.2905764069786684
PC_A048,stairs_15_down,303,5,100,0.2937177835620023,-0.6756559908390045,-0.9605608751429593,0.4098903648246814,0,0.3072077112401871
PC_A048,stairs_15_down,303,6,96,0.33410586552186444,-0.6695137917995453,-1.002673393902294,0.46113552182596085,0,0.3178906106056376
PC_A048,stairs_15_down,303,7,100,0.3724209250294588,-0.6666994690895081,-1.046389640971301,0.449121390928277,1,0.3291733730285562
PC_A048,stairs_15_down,303,8,40,0.2864367341931491,-0.6757814884185791,-0.9597586667473941,0.464502506561561,0,
PC_A048,stairs_15_down,303,9,92,0.34206494800547227,-0.6658360362052917,-1.0094912472893212,0.4288630681487384,0,0.3185492371492845
PC_A048,stairs_15_down,303,10,65,0.3124278901732541,-0.6724655628204346,-0.9858284710562802,0.4287570375619081,0,0.290265017970998
PC_A048,stairs_15_down,303,11,76,0.3208978585699663,-0.6703542768955231,-0.9898390591463303,0.4676153729120469,0,0.3113242652326982
PC_A048,stairs_15_down,303,12,100,0.35174163650063905,-0.6634365916252136,-1.0159087053594742,0.4769412560588263,0,0.32510733476934583
PC_A048,stairs_15_down,303,13,95,0.3431253509725478,-0.6696300506591797,-1.0058815390030968,0.46314149719675607,0,0.33203856925913366
PC_A048,stairs_15_down,303,14,100,0.35609268313423204,-0.6732997000217438,-1.0331542122172799,0.4709158828838183,0,0.3214629729163838
PC_A048,stairs_15_down,303,15,55,0.3059536368451654,-0.6697050929069519,-0.9754005574925061,0.47407152830301713,0,0.30492452408540693
PC_A048,stairs_15_down,303,16,65,0.32575354027875614,-0.6740226149559021,-0.9922451182482714,0.47637051815369164,0,0.3096912665800615
PC_A048,stairs_15_down,303,17,100,0.3754731945813021,-0.6671497225761414,-1.0467906074727922,0.47328181145639264,0,0.3268672686847136
PC_A048,stairs_15_down,303,18,29,0.28796631926521266,-0.6782281398773193,-0.9561492287538906,0.45819801538279364,0,0.23321458490137115
PC_A048,stairs_15_down,303,19,100,0.3372561354688144,-0.6736725568771362,-1.0122989052757223,0.47742885780312716,0,0.3223494268993643
PC_A048,stairs_15_down,303,20,32,0.28411710437606363,-0.6858806014060974,-0.9625661462386024,0.44052225134581857,0,
PC_A048,stairs_15_down,303,21,100,0.3705492188586271,-0.6657281517982483,-1.0379668863061915,0.4557223434132358,0,0.32905088133990446
PC_A048,stairs_15_down,303,22,100,0.33052519617233683,-0.6654534339904785,-0.9894377356544535,0.42349403227895815,0,0.3207398624343668
PC_A048,stairs_15_down,303,23,100,0.3567364612683893,-0.6706936955451965,-1.0295446416273473,0.46308914001329,1,0.3230281985379795
PC_A048,stairs_15_down,303,24,51,0.3043511551331709,-0.6684660911560059,-0.9673791569184492,0.48202901382359215,0,0.2873643021532558
PC_A048,stairs_15_down,303,25,100,0.364316725954015,-0.6692675352096558,-1.0323524832088042,0.46981951119744714,0,0.3302948274076942
PC_A048,stairs_15_down,303,26,86,0.32802631303588337,-0.6681864857673645,-0.9946521616237048,0.4594434633556118,0,0.3159160266585529
PC_A048,stairs_15_down,303,27,46,0.30995276187830434,-0.6724381446838379,-0.9882347902512167,0.45741123001800843,0,0.31081476377293393
PC_A048,stairs_15_down,303,28,71,0.32865710373230794,-0.6673764586448669,-0.9938500348259421,0.44939807885343064,0,0.31234277824667045
PC_A048,stairs_15_down,303,29,100,0.3746675254508136,-0.6657161712646484,-1.0419778415863528,0.42883369205066263,0,0.334206346840782
PC_A048,stairs_15_down,303,30,100,0.24709808204900774,-0.7118587791919708,-0.9589570244365835,0.39832737159907017,0,0.186542259499351
PC_A048,stairs_15_down,303,31,78,0.3176418472738827,-0.6729603707790375,-0.9898394569356174,0.4773459367461982,0,0.31612709563046215
PC_track12,rough_lateral,101,0,100,0.2359080725812657,0.2929789423942566,0.05707721404213319,0.0722557819940613,,
PC_track12,rough_lateral,101,1,100,0.3087550900517938,0.36665867269039154,0.05845122923825514,0.24074524671915448,,
PC_track12,rough_lateral,101,2,60,0.27821513779341855,0.33682118356227875,0.05861955530503217,0.18709997532715583,,
PC_track12,rough_lateral,101,3,100,0.31274752255110816,0.3704385310411453,0.05772729353471236,0.09709192231665943,,
PC_track12,rough_lateral,101,4,72,0.2723967366040072,0.33106303215026855,0.058818429549110124,0.17969004661364263,,
PC_track12,rough_lateral,101,5,100,0.31557920304211706,0.37318485975265503,0.05781809148941448,0.056862713710260554,,
PC_track12,rough_lateral,101,6,100,0.32239233363758435,0.37872539460659027,0.05634606713279683,0.09383461903578222,,
PC_track12,rough_lateral,101,7,100,0.31860754786328194,0.3789515197277069,0.06021348167868222,0.04204038012580477,,
PC_track12,rough_lateral,101,8,100,0.30334287379833463,0.36265169084072113,0.05952881491757969,0.036072096497642085,,
PC_track12,rough_lateral,101,9,100,0.30714678047175076,0.36484435200691223,0.0577110198729816,0.027050761354974473,,
PC_track12,rough_lateral,101,10,23,,,,,,
PC_track12,rough_lateral,101,11,100,0.29763360377301507,0.3581005781888962,0.060602392104857745,0.03767899303757046,,
PC_track12,rough_lateral,101,12,25,0.2608643159828084,0.320998877286911,0.06009674072265625,0.68349082358719,,
PC_track12,rough_lateral,101,13,100,0.3107991107007399,0.36961549520492554,0.05866935546385413,0.1329244073321441,,
PC_track12,rough_lateral,101,14,100,0.32998358581792864,0.38993141055107117,0.05977107879312281,0.16581744258185183,,
PC_track12,rough_lateral,101,15,100,0.3291695771370342,0.3889646977186203,0.05979355898770419,0.152136904368707,,
PC_track12,rough_lateral,101,16,100,0.3284532344118159,0.3864826112985611,0.05788063620501024,0.025242848974479436,,
PC_track12,rough_lateral,101,17,100,0.3129423930045755,0.3704635500907898,0.05806980541045653,0.06062763477216051,,
PC_track12,rough_lateral,101,18,100,0.2873457851894399,0.3451264053583145,0.05763348156118138,0.10345446761873324,,
PC_track12,rough_lateral,101,19,100,0.30750910929817565,0.36615465581417084,0.05927839636165191,0.11652747328941765,,
PC_track12,rough_lateral,101,20,100,0.30712713341024467,0.3659459948539734,0.05890685606767787,0.129961915843428,,
PC_track12,rough_lateral,101,21,90,0.29986952061959127,0.35891352593898773,0.05865928323511134,0.08915816029343113,,
PC_track12,rough_lateral,101,22,49,0.26729361194977785,0.3246716260910034,0.05777932233351437,0.25309951740685555,,
PC_track12,rough_lateral,101,23,100,0.3247021660607129,0.3833978623151779,0.059370117391494504,0.16176547190666712,,
PC_track12,rough_lateral,101,24,63,0.28127761161263615,0.34228092432022095,0.06102187620764748,0.20755112576253493,,
PC_track12,rough_lateral,101,25,100,0.304064023622217,0.3666001707315445,0.06270050620012743,0.13854954993556357,,
PC_track12,rough_lateral,101,26,19,,,,,,
PC_track12,rough_lateral,101,27,100,0.2783123332867648,0.3364056497812271,0.05862028968525443,0.1399263370334649,,
PC_track12,rough_lateral,101,28,89,0.29798662088771555,0.3585531711578369,0.060621761383219834,0.10684249015041708,,
PC_track12,rough_lateral,101,29,58,0.2938556493444239,0.3516400307416916,0.05839546733998997,0.1509293061677383,,
PC_track12,rough_lateral,101,30,100,0.3067831989915613,0.3686087727546692,0.061743705667913915,0.0612165461978665,,
PC_track12,rough_lateral,101,31,100,0.30854700736821017,0.36958886682987213,0.06112758616075159,0.2238318359812771,,
PC_track12,rough_lateral,202,0,23,,,,,,
PC_track12,rough_lateral,202,1,52,0.3088309027772536,0.36989177763462067,0.0610376602825634,0.1875512576641893,,
PC_track12,rough_lateral,202,2,27,0.28499237754765677,0.3467763364315033,0.062265355319262826,0.47698534168521234,,
PC_track12,rough_lateral,202,3,100,0.33609619625111953,0.40005289018154144,0.06385995997464594,0.18513974105911452,,
PC_track12,rough_lateral,202,4,66,0.3085879189445373,0.37050148844718933,0.062114684976995946,0.10261068215447999,,
PC_track12,rough_lateral,202,5,48,0.2558081134117861,0.31528979539871216,0.059606980512486425,0.1620761041482656,,
PC_track12,rough_lateral,202,6,100,0.2858270656935034,0.3472723364830017,0.06158388617204472,0.043261138423750206,,
PC_track12,rough_lateral,202,7,100,0.30186044197669004,0.3650750666856766,0.06300923148578501,0.05039951815567305,,
PC_track12,rough_lateral,202,8,28,0.24079164057810676,0.3005713075399399,0.05943927152909059,0.4975823443711984,,
PC_track12,rough_lateral,202,9,40,0.3156572321360124,0.37626995146274567,0.060879488042331634,0.314546295398387,,
PC_track12,rough_lateral,202,10,100,0.29377156392457016,0.3527717888355255,0.05894714498264904,0.02815798855443028,,
PC_track12,rough_lateral,202,11,100,0.27710270044956614,0.3374248296022415,0.05992865944928664,0.10853401410073624,,
PC_track12,rough_lateral,202,12,21,,,,,,
PC_track12,rough_lateral,202,13,100,0.3382781039584767,0.39813512563705444,0.05993473338570825,0.12649858121106722,,
PC_track12,rough_lateral,202,14,100,0.2957641534945544,0.35747602581977844,0.06129570313315978,0.10375333810375326,,
PC_track12,rough_lateral,202,15,100,0.2742185104977001,0.33409053087234497,0.06039190547351531,0.0770770375616247,,
PC_track12,rough_lateral,202,16,76,0.3081756213450814,0.36768803000450134,0.05937394738834809,0.09660330744076395,,
PC_track12,rough_lateral,202,17,100,0.3127404189205425,0.36971232295036316,0.05680867057433103,0.042740696668322496,,
PC_track12,rough_lateral,202,18,100,0.32705953518018366,0.38410940766334534,0.056996671911229424,0.032302567921274755,,
PC_track12,rough_lateral,202,19,96,0.32202594954381014,0.3805350214242935,0.05887376305891231,0.11012431792711383,,
PC_track12,rough_lateral,202,20,49,0.2441199774091894,0.3033643066883087,0.05824504179113051,0.2682715144143486,,
PC_track12,rough_lateral,202,21,100,0.3143435656068159,0.3739621341228485,0.05958355684331394,0.1321316611851922,,
PC_track12,rough_lateral,202,22,28,0.2422230938539148,0.2974807024002075,0.0547262589561748,0.5341300909317829,,
PC_track12,rough_lateral,202,23,100,0.26216003410318955,0.32091598212718964,0.058178590580741346,0.20913597305206488,,
PC_track12,rough_lateral,202,24,38,0.30744947716195314,0.3642248660326004,0.056775388870647245,0.44400269450634033,,
PC_track12,rough_lateral,202,25,0,,,,,,
PC_track12,rough_lateral,202,26,100,0.32246659106430525,0.3818328529596329,0.05905445629262669,0.08534986451366061,,
PC_track12,rough_lateral,202,27,100,0.24053111297880264,0.2987668067216873,0.058390566371978925,0.1254935710682721,,
PC_track12,rough_lateral,202,28,100,0.32382542651923585,0.3838055282831192,0.05957042979684106,0.1294424548556317,,
PC_track12,rough_lateral,202,29,100,0.28810210844730944,0.3462587743997574,0.05832319208644928,0.1426151038331538,,
PC_track12,rough_lateral,202,30,68,0.24673977637673444,0.30730025470256805,0.06084613494057069,0.1278334934182126,,
PC_track12,rough_lateral,202,31,0,,,,,,
PC_track12,rough_lateral,303,0,46,0.2997115142045812,0.3575642853975296,0.05788807180476061,0.21827657494181982,,
PC_track12,rough_lateral,303,1,100,0.3097172305386334,0.36639204621315,0.05698124482669932,0.1712586396535982,,
PC_track12,rough_lateral,303,2,72,0.29760984638158017,0.3537566363811493,0.05704589068570877,0.13875499821521092,,
PC_track12,rough_lateral,303,3,74,0.2497075337936534,0.3106910437345505,0.060379523006989996,0.1725543518054184,,
PC_track12,rough_lateral,303,4,100,0.33210677665503907,0.3912123441696167,0.058947899762321926,0.23077124810007232,,
PC_track12,rough_lateral,303,5,100,0.3059137307386347,0.36433978378772736,0.058326654893191734,0.10558116638523504,,
PC_track12,rough_lateral,303,6,49,0.27789961176122574,0.3359425663948059,0.058579174592533215,0.2944863067112453,,
PC_track12,rough_lateral,303,7,100,0.320033285707076,0.37988434731960297,0.05966180403602314,0.20898021659328397,,
PC_track12,rough_lateral,303,8,100,0.28699860566440116,0.3451821357011795,0.05817314392742626,0.032797751341530554,,
PC_track12,rough_lateral,303,9,100,0.30379102478690323,0.3610643744468689,0.057270968024105945,0.14255799709740546,,
PC_track12,rough_lateral,303,10,100,0.3106510401728319,0.36693617701530457,0.05652105362020074,0.09590006856430724,,
PC_track12,rough_lateral,303,11,100,0.2989474623439146,0.35587112605571747,0.05809579431054426,0.07807845705197597,,
PC_track12,rough_lateral,303,12,100,0.32050435619558243,0.37784160673618317,0.05746288605552306,0.18494123424965728,,
PC_track12,rough_lateral,303,13,100,0.3262170341244356,0.38262003660202026,0.056354798097661474,0.07755934542553439,,
PC_track12,rough_lateral,303,14,57,0.28244861769166224,0.34012195467948914,0.05732751530121992,0.13637257620248305,,
PC_track12,rough_lateral,303,15,71,0.30372747523899385,0.36048683524131775,0.057027490381251045,0.1649067355073356,,
PC_track12,rough_lateral,303,16,34,0.23891025454921516,0.2965763956308365,0.05819660329563732,0.4052596260258589,,
PC_track12,rough_lateral,303,17,92,0.288959615928604,0.34569795429706573,0.0572170012774952,0.11442351211293306,,
PC_track12,rough_lateral,303,18,99,0.2950803465384213,0.35107430815696716,0.056038198624065214,0.08844137321582997,,
PC_track12,rough_lateral,303,19,45,0.285147086503034,0.342438280582428,0.05768673942688315,0.26975812612393807,,
PC_track12,rough_lateral,303,20,100,0.2506965378867113,0.310783326625824,0.060356400229714134,0.2505232145459004,,
PC_track12,rough_lateral,303,21,91,0.3158636668467904,0.3740220069885254,0.05805506170752214,0.1320244025629891,,
PC_track12,rough_lateral,303,22,100,0.3343628825828991,0.3933446556329727,0.059106638087308344,0.07713140632292037,,
PC_track12,rough_lateral,303,23,3,,,,,,
PC_track12,rough_lateral,303,24,23,,,,,,
PC_track12,rough_lateral,303,25,100,0.3039116906450394,0.36663953959941864,0.06275498803286629,0.052675834610814154,,
PC_track12,rough_lateral,303,26,63,0.2975161835790318,0.35867735743522644,0.06103336109834559,0.1567605561068135,,
PC_track12,rough_lateral,303,27,100,0.3127090278315672,0.37414851784706116,0.062112532834955714,0.1176327385590218,,
PC_track12,rough_lateral,303,28,100,0.31363595432457436,0.37680260837078094,0.06314119043197225,0.029878030221565727,,
PC_track12,rough_lateral,303,29,100,0.33489909624670916,0.3960598111152649,0.06131154840642756,0.15106972396930654,,
PC_track12,rough_lateral,303,30,100,0.2888659818924685,0.34920787811279297,0.060270472643847134,0.17691923282193867,,
PC_track12,rough_lateral,303,31,21,,,,,,
PC_track12,rough_forward,101,0,9,,,,,,
PC_track12,rough_forward,101,1,15,,,,,,
PC_track12,rough_forward,101,2,4,,,,,,
PC_track12,rough_forward,101,3,19,,,,,,
PC_track12,rough_forward,101,4,0,,,,,,
PC_track12,rough_forward,101,5,62,0.2621951627540079,0.3213518559932709,0.05897331237792969,0.15822207551804426,,
PC_track12,rough_forward,101,6,43,0.2678798175750569,0.32611560821533203,0.05814820559904537,0.13374432039323794,,
PC_track12,rough_forward,101,7,67,0.18644328885537417,0.24372613430023193,0.05733755183092413,0.02975025427120997,,
PC_track12,rough_forward,101,8,48,0.21471024635322591,0.27275998890399933,0.05833726260751326,0.22022185052783272,,
PC_track12,rough_forward,101,9,37,0.27425754341212183,0.33258721232414246,0.05853890607701266,0.23852413607386785,,
PC_track12,rough_forward,101,10,42,0.20208413970661673,0.259814977645874,0.05802212169463622,0.06280823282034091,,
PC_track12,rough_forward,101,11,21,,,,,,
PC_track12,rough_forward,101,12,15,,,,,,
PC_track12,rough_forward,101,13,32,0.20251811251920812,0.2623233199119568,0.06050117003088966,0.33867750251283807,,
PC_track12,rough_forward,101,14,100,0.35493214850757215,0.41411206126213074,0.05914266861696295,0.026021084048780466,,
PC_track12,rough_forward,101,15,64,0.27099081459529895,0.32973673939704895,0.05855365997967236,0.1488797863371245,,
PC_track12,rough_forward,101,16,100,0.33733572201295337,0.3954656422138214,0.05814185117017777,0.02335885142606285,,
PC_track12,rough_forward,101,17,32,0.19610332255376214,0.2549605518579483,0.059055205972436915,0.12639786731272692,,
PC_track12,rough_forward,101,18,8,,,,,,
PC_track12,rough_forward,101,19,100,0.31180790767950173,0.37052275240421295,0.058628786056436955,0.022153752770652922,,
PC_track12,rough_forward,101,20,57,0.19838944141240045,0.2573297321796417,0.05856628213974244,0.16482852429316006,,
PC_track12,rough_forward,101,21,100,0.3281683046868778,0.38837189972400665,0.0603154891314991,0.05156856976242204,,
PC_track12,rough_forward,101,22,45,0.2525405553891697,0.30853280425071716,0.056788215025223514,0.12477726279233918,,
PC_track12,rough_forward,101,23,44,0.2729659504431454,0.3326248526573181,0.06006221975234741,0.24925216870147465,,
PC_track12,rough_forward,101,24,49,0.2743123033467461,0.3324595093727112,0.058321937520236254,0.2699792674671461,,
PC_track12,rough_forward,101,25,48,0.25877870595391417,0.32215094566345215,0.06351581614285229,0.1884101557053902,,
PC_track12,rough_forward,101,26,15,,,,,,
PC_track12,rough_forward,101,27,48,0.26448545640802634,0.3210689425468445,0.05660807767653848,0.1362312061118731,,
PC_track12,rough_forward,101,28,47,0.25353041259362735,0.31757423281669617,0.06298119244091013,0.2119495113869059,,
PC_track12,rough_forward,101,29,26,0.23018339826142725,0.28960682451725006,0.05950624292547053,0.13491908964338378,,
PC_track12,rough_forward,101,30,22,,,,,,
PC_track12,rough_forward,101,31,24,,,,,,
PC_track12,rough_forward,202,0,24,,,,,,
PC_track12,rough_forward,202,1,26,0.21469377236251524,0.274184450507164,0.05968123451273709,0.1864911736166463,,
PC_track12,rough_forward,202,2,57,0.2962700428172229,0.36050915718078613,0.06410808869224181,0.1792813940235436,,
PC_track12,rough_forward,202,3,58,0.27666760168292304,0.3385140746831894,0.06210642829935818,0.20950591708846122,,
PC_track12,rough_forward,202,4,100,0.3223080808784873,0.3848010450601578,0.06264517269032524,0.07909728320548298,,
PC_track12,rough_forward,202,5,100,0.3192558186576966,0.37893009185791016,0.059909575763233205,0.024710869958438703,,
PC_track12,rough_forward,202,6,8,,,,,,
PC_track12,rough_forward,202,7,30,0.21270155109823707,0.2747822403907776,0.062033551262024256,0.11839714971149554,,
PC_track12,rough_forward,202,8,26,0.21477528872655677,0.2751472741365433,0.06032440879128197,0.2798398914620961,,
PC_track12,rough_forward,202,9,28,0.2347745520067725,0.2956530302762985,0.06042224965631006,0.3139632106268486,,
PC_track12,rough_forward,202,10,27,0.21853173559999722,0.27986833453178406,0.06160048622498538,0.19954864454142673,,
PC_track12,rough_forward,202,11,100,0.3141112155455319,0.3733135014772415,0.059394887424407794,0.05628927653696689,,
PC_track12,rough_forward,202,12,64,0.2787858391190595,0.3402877449989319,0.06139697110589175,0.14923685831589245,,
PC_track12,rough_forward,202,13,85,0.3129918446196592,0.37298455834388733,0.06017448302896265,0.15836852275195948,,
PC_track12,rough_forward,202,14,13,,,,,,
PC_track12,rough_forward,202,15,14,,,,,,
PC_track12,rough_forward,202,16,100,0.3318756956627025,0.38980942964553833,0.05773999219272226,0.023740603909315164,,
PC_track12,rough_forward,202,17,23,,,,,,
PC_track12,rough_forward,202,18,100,0.33643050165099897,0.3937554359436035,0.057443067989247365,0.020553746318803814,,
PC_track12,rough_forward,202,19,100,0.3400602806857563,0.3969009667634964,0.05674174507671499,0.11894907080862199,,
PC_track12,rough_forward,202,20,6,,,,,,
PC_track12,rough_forward,202,21,29,0.23974432585073666,0.2965531647205353,0.05727545590324198,0.21199129122995755,,
PC_track12,rough_forward,202,22,22,,,,,,
PC_track12,rough_forward,202,23,27,0.2305510177969295,0.28651630878448486,0.05645413322244736,0.32619822907430046,,
PC_track12,rough_forward,202,24,63,0.2624363256967004,0.3202020823955536,0.057407991133909174,0.1473439073273966,,
PC_track12,rough_forward,202,25,35,0.22303700606453228,0.2804977297782898,0.05690711322315237,0.22832842888424237,,
PC_track12,rough_forward,202,26,56,0.2575007139202108,0.31673410534858704,0.059077512771688045,0.25551989927270635,,
PC_track12,rough_forward,202,27,32,0.24356014604236992,0.30132970213890076,0.05791984394909863,0.33914174857470974,,
PC_track12,rough_forward,202,28,34,0.22543071497251643,0.2857399433851242,0.05991368115267014,0.24996104366902155,,
PC_track12,rough_forward,202,29,19,,,,,,
PC_track12,rough_forward,202,30,8,,,,,,
PC_track12,rough_forward,202,31,23,,,,,,
PC_track12,rough_forward,303,0,100,0.3296231077635352,0.38726311922073364,0.05780536733209131,0.02794011928183828,,
PC_track12,rough_forward,303,1,59,0.22868971948955147,0.288404256105423,0.05886249236244569,0.19191775446153944,,
PC_track12,rough_forward,303,2,100,0.34158614038783597,0.3976040631532669,0.05589831959117543,0.03409492689911573,,
PC_track12,rough_forward,303,3,0,,,,,,
PC_track12,rough_forward,303,4,24,,,,,,
PC_track12,rough_forward,303,5,22,,,,,,
PC_track12,rough_forward,303,6,52,0.2803071099009743,0.3401222974061966,0.05947942274777009,0.1821375653209863,,
PC_track12,rough_forward,303,7,36,0.20218331816999668,0.26084432005882263,0.058755165752880076,0.3382170416230725,,
PC_track12,rough_forward,303,8,5,,,,,,
PC_track12,rough_forward,303,9,100,0.3238943639126691,0.3812387138605118,0.057227364198409306,0.045805337209855426,,
PC_track12,rough_forward,303,10,72,0.1869165851948733,0.24327833950519562,0.05668213278214562,0.03035553029817838,,
PC_track12,rough_forward,303,11,22,,,,,,
PC_track12,rough_forward,303,12,100,0.3294996262234162,0.38585036993026733,0.05671862229943913,0.0242167990239675,,
PC_track12,rough_forward,303,13,23,,,,,,
PC_track12,rough_forward,303,14,10,,,,,,
PC_track12,rough_forward,303,15,81,0.22802973877299915,0.2848576307296753,0.05690288033714906,0.15448516992057704,,
PC_track12,rough_forward,303,16,3,,,,,,
PC_track12,rough_forward,303,17,80,0.2536181064850506,0.31047654151916504,0.05676338889382102,0.10876554206559946,,
PC_track12,rough_forward,303,18,36,0.19547710683256547,0.25108399987220764,0.05559381699179583,0.2213156253804316,,
PC_track12,rough_forward,303,19,25,0.2213069463477415,0.27947816252708435,0.05830248664407169,0.30529770605546486,,
PC_track12,rough_forward,303,20,3,,,,,,
PC_track12,rough_forward,303,21,27,0.24029657706857366,0.29692283272743225,0.05695030905983665,0.1812801033295336,,
PC_track12,rough_forward,303,22,71,0.27425722435196453,0.334060937166214,0.058355831207438584,0.19957429589952133,,
PC_track12,rough_forward,303,23,11,,,,,,
PC_track12,rough_forward,303,24,36,0.24627398089929062,0.30651524662971497,0.06016940866562134,0.30643512156053626,,
PC_track12,rough_forward,303,25,27,0.185401115267672,0.24636118113994598,0.061286752874200996,0.12498401226646687,,
PC_track12,rough_forward,303,26,18,,,,,,
PC_track12,rough_forward,303,27,100,0.3427580557564363,0.40241843461990356,0.05955558919651623,0.0333387611850434,,
PC_track12,rough_forward,303,28,100,0.3139745933327445,0.37610383331775665,0.062165382711645116,0.0706396527333438,,
PC_track12,rough_forward,303,29,100,0.31761663976837606,0.3787901699542999,0.06118762174392129,0.021173182536794087,,
PC_track12,rough_forward,303,30,27,0.23878294771367853,0.2986714243888855,0.059817176451657544,0.2053464162179136,,
PC_track12,rough_forward,303,31,14,,,,,,
PC_track12,stairs_10_down,101,0,6,,,,,0,
PC_track12,stairs_10_down,101,1,10,,,,,0,
PC_track12,stairs_10_down,101,2,8,,,,,0,
PC_track12,stairs_10_down,101,3,24,,,,,0,
PC_track12,stairs_10_down,101,4,9,,,,,0,
PC_track12,stairs_10_down,101,5,25,0.24105263075089067,-0.45887279510498047,-0.7000006609422,0.3260078530432899,0,
PC_track12,stairs_10_down,101,6,38,0.24439954837375782,-0.4556012451648712,-0.700000778239041,0.29511647071900005,0,
PC_track12,stairs_10_down,101,7,21,,,,,0,
PC_track12,stairs_10_down,101,8,21,,,,,0,
PC_track12,stairs_10_down,101,9,24,,,,,0,
PC_track12,stairs_10_down,101,10,9,,,,,0,
PC_track12,stairs_10_down,101,11,7,,,,,0,
PC_track12,stairs_10_down,101,12,4,,,,,0,
PC_track12,stairs_10_down,101,13,15,,,,,0,
PC_track12,stairs_10_down,101,14,9,,,,,0,
PC_track12,stairs_10_down,101,15,24,,,,,0,
PC_track12,stairs_10_down,101,16,17,,,,,0,
PC_track12,stairs_10_down,101,17,7,,,,,0,
PC_track12,stairs_10_down,101,18,7,,,,,0,
PC_track12,stairs_10_down,101,19,19,,,,,0,
PC_track12,stairs_10_down,101,20,16,,,,,0,
PC_track12,stairs_10_down,101,21,16,,,,,0,
PC_track12,stairs_10_down,101,22,12,,,,,0,
PC_track12,stairs_10_down,101,23,10,,,,,0,
PC_track12,stairs_10_down,101,24,1,,,,,0,
PC_track12,stairs_10_down,101,25,6,,,,,0,
PC_track12,stairs_10_down,101,26,8,,,,,0,
PC_track12,stairs_10_down,101,27,5,,,,,0,
PC_track12,stairs_10_down,101,28,8,,,,,0,
PC_track12,stairs_10_down,101,29,1,,,,,0,
PC_track12,stairs_10_down,101,30,13,,,,,0,
PC_track12,stairs_10_down,101,31,8,,,,,0,
PC_track12,stairs_10_down,202,0,2,,,,,0,
PC_track12,stairs_10_down,202,1,2,,,,,0,
PC_track12,stairs_10_down,202,2,10,,,,,0,
PC_track12,stairs_10_down,202,3,8,,,,,0,
PC_track12,stairs_10_down,202,4,11,,,,,0,
PC_track12,stairs_10_down,202,5,3,,,,,0,
PC_track12,stairs_10_down,202,6,4,,,,,0,
PC_track12,stairs_10_down,202,7,8,,,,,0,
PC_track12,stairs_10_down,202,8,6,,,,,0,
PC_track12,stairs_10_down,202,9,8,,,,,0,
PC_track12,stairs_10_down,202,10,6,,,,,0,
PC_track12,stairs_10_down,202,11,14,,,,,0,
PC_track12,stairs_10_down,202,12,10,,,,,0,
PC_track12,stairs_10_down,202,13,13,,,,,0,
PC_track12,stairs_10_down,202,14,6,,,,,0,
PC_track12,stairs_10_down,202,15,8,,,,,0,
PC_track12,stairs_10_down,202,16,30,0.2564591097640481,-0.44354137778282166,-0.7000007221405519,0.4414618709101493,0,
PC_track12,stairs_10_down,202,17,11,,,,,0,
PC_track12,stairs_10_down,202,18,21,,,,,0,
PC_track12,stairs_10_down,202,19,22,,,,,0,
PC_track12,stairs_10_down,202,20,10,,,,,0,
PC_track12,stairs_10_down,202,21,22,,,,,0,
PC_track12,stairs_10_down,202,22,4,,,,,0,
PC_track12,stairs_10_down,202,23,9,,,,,0,
PC_track12,stairs_10_down,202,24,8,,,,,0,
PC_track12,stairs_10_down,202,25,3,,,,,0,
PC_track12,stairs_10_down,202,26,15,,,,,0,
PC_track12,stairs_10_down,202,27,10,,,,,0,
PC_track12,stairs_10_down,202,28,10,,,,,0,
PC_track12,stairs_10_down,202,29,13,,,,,0,
PC_track12,stairs_10_down,202,30,9,,,,,0,
PC_track12,stairs_10_down,202,31,7,,,,,0,
PC_track12,stairs_10_down,303,0,18,,,,,0,
PC_track12,stairs_10_down,303,1,8,,,,,0,
PC_track12,stairs_10_down,303,2,10,,,,,0,
PC_track12,stairs_10_down,303,3,11,,,,,0,
PC_track12,stairs_10_down,303,4,11,,,,,0,
PC_track12,stairs_10_down,303,5,10,,,,,0,
PC_track12,stairs_10_down,303,6,18,,,,,0,
PC_track12,stairs_10_down,303,7,27,0.2483489193062094,-0.4516521394252777,-0.7000008037383544,0.3871192730716284,0,
PC_track12,stairs_10_down,303,8,4,,,,,0,
PC_track12,stairs_10_down,303,9,15,,,,,0,
PC_track12,stairs_10_down,303,10,13,,,,,0,
PC_track12,stairs_10_down,303,11,8,,,,,0,
PC_track12,stairs_10_down,303,12,13,,,,,0,
PC_track12,stairs_10_down,303,13,22,,,,,0,
PC_track12,stairs_10_down,303,14,13,,,,,0,
PC_track12,stairs_10_down,303,15,18,,,,,0,
PC_track12,stairs_10_down,303,16,5,,,,,0,
PC_track12,stairs_10_down,303,17,14,,,,,0,
PC_track12,stairs_10_down,303,18,4,,,,,0,
PC_track12,stairs_10_down,303,19,9,,,,,0,
PC_track12,stairs_10_down,303,20,0,,,,,0,
PC_track12,stairs_10_down,303,21,10,,,,,0,
PC_track12,stairs_10_down,303,22,10,,,,,0,
PC_track12,stairs_10_down,303,23,14,,,,,0,
PC_track12,stairs_10_down,303,24,7,,,,,0,
PC_track12,stairs_10_down,303,25,12,,,,,0,
PC_track12,stairs_10_down,303,26,9,,,,,0,
PC_track12,stairs_10_down,303,27,6,,,,,0,
PC_track12,stairs_10_down,303,28,12,,,,,0,
PC_track12,stairs_10_down,303,29,29,0.23026867792568106,-0.4697328805923462,-0.7000010689312124,0.22071893992932587,0,
PC_track12,stairs_10_down,303,30,7,,,,,0,
PC_track12,stairs_10_down,303,31,9,,,,,0,
PC_track12,stairs_15_down,101,0,5,,,,,0,
PC_track12,stairs_15_down,101,1,11,,,,,0,
PC_track12,stairs_15_down,101,2,8,,,,,0,
PC_track12,stairs_15_down,101,3,23,,,,,0,
PC_track12,stairs_15_down,101,4,9,,,,,0,
PC_track12,stairs_15_down,101,5,25,0.2406247876544687,-0.8088779449462891,-1.0499992166610963,0.3485366858772934,0,
PC_track12,stairs_15_down,101,6,39,0.2450215220451355,-0.8049777150154114,-1.0499992880591735,0.31318274732875984,0,
PC_track12,stairs_15_down,101,7,26,0.23671138445961282,-0.8132879137992859,-1.0499993186583494,0.2889850700687664,0,
PC_track12,stairs_15_down,101,8,21,,,,,0,
PC_track12,stairs_15_down,101,9,24,,,,,0,
PC_track12,stairs_15_down,101,10,9,,,,,0,
PC_track12,stairs_15_down,101,11,5,,,,,0,
PC_track12,stairs_15_down,101,12,4,,,,,0,
PC_track12,stairs_15_down,101,13,13,,,,,0,
PC_track12,stairs_15_down,101,14,8,,,,,0,
PC_track12,stairs_15_down,101,15,23,,,,,0,
PC_track12,stairs_15_down,101,16,17,,,,,0,
PC_track12,stairs_15_down,101,17,7,,,,,0,
PC_track12,stairs_15_down,101,18,6,,,,,0,
PC_track12,stairs_15_down,101,19,18,,,,,0,
PC_track12,stairs_15_down,101,20,15,,,,,0,
PC_track12,stairs_15_down,101,21,15,,,,,0,
PC_track12,stairs_15_down,101,22,12,,,,,0,
PC_track12,stairs_15_down,101,23,11,,,,,0,
PC_track12,stairs_15_down,101,24,0,,,,,0,
PC_track12,stairs_15_down,101,25,8,,,,,0,
PC_track12,stairs_15_down,101,26,8,,,,,0,
PC_track12,stairs_15_down,101,27,5,,,,,0,
PC_track12,stairs_15_down,101,28,7,,,,,0,
PC_track12,stairs_15_down,101,29,1,,,,,0,
PC_track12,stairs_15_down,101,30,12,,,,,0,
PC_track12,stairs_15_down,101,31,7,,,,,0,
PC_track12,stairs_15_down,202,0,0,,,,,0,
PC_track12,stairs_15_down,202,1,0,,,,,0,
PC_track12,stairs_15_down,202,2,9,,,,,0,
PC_track12,stairs_15_down,202,3,7,,,,,0,
PC_track12,stairs_15_down,202,4,10,,,,,0,
PC_track12,stairs_15_down,202,5,2,,,,,0,
PC_track12,stairs_15_down,202,6,3,,,,,0,
PC_track12,stairs_15_down,202,7,6,,,,,0,
PC_track12,stairs_15_down,202,8,6,,,,,0,
PC_track12,stairs_15_down,202,9,7,,,,,0,
PC_track12,stairs_15_down,202,10,6,,,,,0,
PC_track12,stairs_15_down,202,11,14,,,,,0,
PC_track12,stairs_15_down,202,12,9,,,,,0,
PC_track12,stairs_15_down,202,13,12,,,,,0,
PC_track12,stairs_15_down,202,14,6,,,,,0,
PC_track12,stairs_15_down,202,15,9,,,,,0,
PC_track12,stairs_15_down,202,16,30,0.25644559959039337,-0.7935535609722137,-1.0499992625598602,0.4299842872516946,0,
PC_track12,stairs_15_down,202,17,11,,,,,0,
PC_track12,stairs_15_down,202,18,19,,,,,0,
PC_track12,stairs_15_down,202,19,20,,,,,0,
PC_track12,stairs_15_down,202,20,10,,,,,0,
PC_track12,stairs_15_down,202,21,22,,,,,0,
PC_track12,stairs_15_down,202,22,2,,,,,0,
PC_track12,stairs_15_down,202,23,9,,,,,0,
PC_track12,stairs_15_down,202,24,6,,,,,0,
PC_track12,stairs_15_down,202,25,2,,,,,0,
PC_track12,stairs_15_down,202,26,15,,,,,0,
PC_track12,stairs_15_down,202,27,10,,,,,0,
PC_track12,stairs_15_down,202,28,10,,,,,0,
PC_track12,stairs_15_down,202,29,12,,,,,0,
PC_track12,stairs_15_down,202,30,9,,,,,0,
PC_track12,stairs_15_down,202,31,6,,,,,0,
PC_track12,stairs_15_down,303,0,17,,,,,0,
PC_track12,stairs_15_down,303,1,8,,,,,0,
PC_track12,stairs_15_down,303,2,9,,,,,0,
PC_track12,stairs_15_down,303,3,11,,,,,0,
PC_track12,stairs_15_down,303,4,9,,,,,0,
PC_track12,stairs_15_down,303,5,9,,,,,0,
PC_track12,stairs_15_down,303,6,17,,,,,0,
PC_track12,stairs_15_down,303,7,27,0.24446671181184088,-0.8055325150489807,-1.0499992982588988,0.37042186157128626,0,
PC_track12,stairs_15_down,303,8,1,,,,,0,
PC_track12,stairs_15_down,303,9,14,,,,,0,
PC_track12,stairs_15_down,303,10,13,,,,,0,
PC_track12,stairs_15_down,303,11,7,,,,,0,
PC_track12,stairs_15_down,303,12,13,,,,,0,
PC_track12,stairs_15_down,303,13,22,,,,,0,
PC_track12,stairs_15_down,303,14,12,,,,,0,
PC_track12,stairs_15_down,303,15,16,,,,,0,
PC_track12,stairs_15_down,303,16,5,,,,,0,
PC_track12,stairs_15_down,303,17,14,,,,,0,
PC_track12,stairs_15_down,303,18,0,,,,,0,
PC_track12,stairs_15_down,303,19,9,,,,,0,
PC_track12,stairs_15_down,303,20,0,,,,,0,
PC_track12,stairs_15_down,303,21,10,,,,,0,
PC_track12,stairs_15_down,303,22,10,,,,,0,
PC_track12,stairs_15_down,303,23,15,,,,,0,
PC_track12,stairs_15_down,303,24,4,,,,,0,
PC_track12,stairs_15_down,303,25,12,,,,,0,
PC_track12,stairs_15_down,303,26,8,,,,,0,
PC_track12,stairs_15_down,303,27,6,,,,,0,
PC_track12,stairs_15_down,303,28,11,,,,,0,
PC_track12,stairs_15_down,303,29,28,0.23427250471344607,-0.8157267272472382,-1.0499993288580747,0.21284022595936408,0,
PC_track12,stairs_15_down,303,30,6,,,,,0,
PC_track12,stairs_15_down,303,31,9,,,,,0,
