arm,layer,case,seed,env,fall,fall_t,ep_rows,early_collapsed,early_h,early_z,early_ground,early_speed,early_tilt,early_err_xy,early_wz,early_along,early_dz_from_0p5s,early_dground_from_0p5s,trk_rows,trk_xy_rms,trk_yaw_rms,trk_xy_rms_1to3,ge2,gained,reached_edge,edge_t,preedge_h,preedge_speed,post_min_h,post_max_rise,post_max_tilt
PC2_B1,pc2,rough_lateral,101,0,0,,999,0,0.3129442233771564,0.36878663301467896,0.056456892248143487,0.13456531971761454,7.73745339166695,0.301277937846155,-0.25940532982349396,0.008552130311727524,-0.02395731210708618,-0.0005985249810040311,950,0.30811077767370587,0.15171896872859686,0.31177758518818877,,,,,,,,,
PC2_B1,pc2,rough_lateral,101,1,0,,999,0,0.3418978418417793,0.40090712904930115,0.059289855753036746,0.22173056898041643,8.259844561699051,0.11957591736719098,-0.003040131414309144,0.20920242369174957,-0.05449897050857544,-6.824126218091947e-05,950,0.2756164248470848,0.2948230675245996,0.1324923929467806,,,,,,,,,
PC2_B1,pc2,rough_lateral,101,2,0,,999,0,0.2647954637513441,0.32238589227199554,0.05788637355049664,0.20295888887873792,6.222353204824797,0.12168961834743836,-0.022942553274333477,0.1850421205163002,-0.01007889211177826,-0.0009454788371203379,950,0.20080956225023436,0.26753657517379487,0.2678479726840639,,,,,,,,,
PC2_B1,pc2,rough_lateral,101,3,0,,999,0,0.3088625441579258,0.36617693305015564,0.05741511564203762,0.20031090280817623,11.81673009506276,0.18365102704529268,-0.04689793474972248,0.15448952466249466,-0.044997066259384155,-0.001996927720340179,950,0.15713772858707936,0.1837251964255145,0.21622166832454098,,,,,,,,,
PC2_B1,pc2,rough_lateral,101,4,1,7.82,390,0,0.26284788190362285,0.3209649324417114,0.057847634993772455,0.14491202636847753,8.565718079701538,0.26117411445536465,-0.12065069004893303,0.060121942311525345,-0.028719693422317505,-0.0002204007643429387,341,0.25110060426585895,0.34375144097125093,0.2616866543032228,,,,,,,,,
PC2_B1,pc2,rough_lateral,101,5,0,,999,0,0.3237221410727118,0.38227781653404236,0.058826563830044185,0.11477895074443845,7.5675144947138095,0.24558776006620459,-0.10505541041493416,0.08289194479584694,-0.016186684370040894,0.00028361866180909995,950,0.17100653276262345,0.19444509560809697,0.24086240040681953,,,,,,,,,
PC2_B1,pc2,rough_lateral,101,6,0,,999,0,0.3092005903070623,0.36522209644317627,0.05601428026821524,0.20763116093462114,10.132940595219495,0.18464141966694902,-0.06873195618391037,0.12624286860227585,-0.05488207936286926,-0.0015380267790932045,950,0.1846881363058541,0.21093668554116482,0.2743372244237527,,,,,,,,,
PC2_B1,pc2,rough_lateral,101,7,0,,999,0,0.2898143555391281,0.34973758459091187,0.059977291739560706,0.1466837634031087,9.58674850665287,0.2245993803067916,-0.0017116665840148926,0.08233518525958061,-0.052963972091674805,-0.0005587817513368967,950,0.1886945247456462,0.2195906468094177,0.2355101629619561,,,,,,,,,
PC2_B1,pc2,rough_lateral,101,8,1,3.14,156,0,0.267348231160067,0.32695019245147705,0.059374640969669115,0.16511790683458788,13.403831303956842,0.16092598450763804,0.16332821547985077,0.15253087878227234,-0.10340484976768494,0.0012082390606722102,107,0.27243751668655364,0.6986010249807436,0.21382632322778958,,,,,,,,,
PC2_B1,pc2,rough_lateral,101,9,0,,999,0,0.3245741126530948,0.3828394114971161,0.057793173560484204,0.2530943570847729,7.937670219999216,0.09937983788324217,0.0075195771642029285,0.24404922127723694,-0.034961432218551636,-0.00011627686852440366,950,0.1989175775797523,0.24366416310843647,0.10926850366051931,,,,,,,,,
PC2_B1,pc2,rough_lateral,101,10,1,1.14,56,1,,,,,,,,,,,7,0.19925435300802238,1.5085397213797074,0.19925435300802238,,,,,,,,,
PC2_B1,pc2,rough_lateral,101,11,0,,999,0,0.3087576122526179,0.3671804964542389,0.05822489223378227,0.15608949659902915,6.498565250735165,0.2165485642944181,-0.11168690398335457,0.10430803149938583,-0.02727934718132019,-0.0013972144713376294,950,0.2141292260368592,0.19764780175216368,0.23724442519829703,,,,,,,,,
PC2_B1,pc2,rough_lateral,101,12,1,7.78,388,0,0.2828393372941145,0.34263864159584045,0.05961061671455914,0.24272699033745182,7.773205730782282,0.08990622373753376,0.059766313061118126,0.23702266812324524,-0.03243944048881531,8.269427294400195e-05,339,0.21302002684978183,0.35314148354618063,0.10635801989155963,,,,,,,,,
PC2_B1,pc2,rough_lateral,101,13,0,,999,0,0.3132259105456704,0.3729920834302902,0.059462904292631916,0.24859884116964714,11.737602311013585,0.07510368313543857,0.04193268157541752,0.24535637348890305,-0.0058652907609939575,0.00013161215552671968,950,0.22233221790276542,0.24788700371305764,0.08661161442086134,,,,,,,,,
PC2_B1,pc2,rough_lateral,101,14,1,18.02,900,0,0.3152703208559975,0.37307022511959076,0.05779758494168042,0.20164085529772247,10.625122805061352,0.13568905417215055,-0.04442369565367699,0.1859312206506729,-0.04498659074306488,-0.0033309293940742973,851,0.22296997212286482,0.3205843076650664,0.15471462314000067,,,,,,,,,
PC2_B1,pc2,rough_lateral,101,15,1,2.32,144,0,0.268543660959458,0.3293863534927368,0.0606000614676246,0.17825757378128226,18.302347557002022,0.18858879371236537,-0.05199601873755455,0.16299288719892502,-0.07726934552192688,0.0005008218122676059,66,0.2294224135468885,0.4878814886892469,0.2294224135468885,,,,,,,,,
PC2_B1,pc2,rough_lateral,101,16,0,,999,0,0.3451266639372882,0.40191496908664703,0.05689804056748987,0.2712958209922084,8.873436118516079,0.09399874693925182,-0.018429058603942394,0.24339161068201065,0.004102542996406555,-0.0007688501939416559,950,0.12440801458180195,0.14167577215237054,0.12569251570248668,,,,,,,,,
PC2_B1,pc2,rough_lateral,101,17,0,,999,0,0.3129146750119918,0.3708379715681076,0.05788780151203992,0.22519710433221027,8.12387898081419,0.1600218908018664,0.06090675666928291,0.1740798056125641,-0.05114959180355072,-0.0003377180048488651,950,0.148967998812704,0.15352423089607595,0.1750711008735131,,,,,,,,,
PC2_B1,pc2,rough_lateral,101,18,1,12.58,628,0,0.2816476319084831,0.33989159762859344,0.05866574986095734,0.20254414293686307,9.42805227707741,0.1796904487404885,0.08374596014618874,0.1770743578672409,-0.014776751399040222,0.0006367586513254114,579,0.2556449967849419,0.3665376078007978,0.19051771608473758,,,,,,,,,
PC2_B1,pc2,rough_lateral,101,19,1,15.72,785,0,0.3368743133736167,0.39660224318504333,0.05942759794347427,0.1684180052994526,7.245262229183814,0.16152972673792265,-0.10420906916260719,0.1481088250875473,-0.0015890300273895264,0.0009436581861526627,736,0.17493754047950427,0.27794132038061314,0.17193940783069525,,,,,,,,,
PC2_B1,pc2,rough_lateral,101,20,0,,999,0,0.303533904931762,0.36368128657341003,0.059782283191374914,0.23449908642609438,9.883267069341883,0.12694258192101576,0.02137492224574089,0.2078293412923813,-0.06235024333000183,0.0012693150158234467,950,0.22707472341305301,0.22758917875026083,0.13510088972334924,,,,,,,,,
PC2_B1,pc2,rough_lateral,101,21,0,,999,0,0.30789929779774367,0.36609286069869995,0.05878223072398793,0.22466026327542363,10.834187513921343,0.13044339467063315,-0.06814337521791458,0.20104877650737762,-0.01915910840034485,-0.0010082734459861686,950,0.13527714099148783,0.15795629607537526,0.14165559871806518,,,,,,,,,
PC2_B1,pc2,rough_lateral,101,22,0,,999,0,0.27581979414039753,0.33278654515743256,0.05792169519924225,0.1897466004430912,8.93013574961697,0.15776836060409,0.0028551449067890644,0.16591934114694595,-0.04477284848690033,0.00039529545421906204,950,0.14997723714908195,0.2583900246022142,0.16615871518327177,,,,,,,,,
PC2_B1,pc2,rough_lateral,101,23,0,,999,0,0.31087886569971707,0.370357409119606,0.060097424104251965,0.19172412895867025,10.786166369292669,0.15328010522533725,0.010947604663670063,0.17615675181150436,-0.06961511075496674,4.254305426449473e-05,950,0.20505038674032255,0.23292641019383709,0.16417290592199288,,,,,,,,,
PC2_B1,pc2,rough_lateral,101,24,1,8.28,470,0,0.27810013883891593,0.33814527094364166,0.06043041963628269,0.24750153276514558,9.108738803413079,0.0977369037969136,-0.0009840689599514008,0.23090901970863342,-0.003081575036048889,0.0008181454663608173,364,0.1636879337595333,0.3188655535347824,0.12379153609605215,,,,,,,,,
PC2_B1,pc2,rough_lateral,101,25,1,16.94,846,0,0.28141409812126567,0.3433607667684555,0.062003467172224894,0.1646562444063619,8.362522694419312,0.16970019571650619,0.02142205275595188,0.14746487885713577,-0.027412310242652893,-0.0016737953226833996,797,0.2126592318785663,0.36341946598338115,0.17791833006482755,,,,,,,,,
PC2_B1,pc2,rough_lateral,101,26,1,12.48,623,0,0.25689270821484655,0.3188413381576538,0.062314013108850166,0.08941182732524214,16.381333375007443,0.27609870225916633,0.0743224248290062,0.026732628233730793,-0.046259135007858276,0.0005336853272137204,574,0.31280977439107094,0.46162348652595003,0.29105037856952853,,,,,,,,,
PC2_B1,pc2,rough_lateral,101,27,0,,999,0,0.2888975590467453,0.34903334081172943,0.059889446605335586,0.15366774702682098,9.069817922486607,0.18728387319007703,0.09678896889090538,0.13147112727165222,-0.03391619026660919,0.0029209208360967825,950,0.18591656072044965,0.33384543544257206,0.18916603343176355,,,,,,,,,
PC2_B1,pc2,rough_lateral,101,28,1,7.82,417,0,0.3196587344223165,0.37856975197792053,0.05920377517129011,0.21373892867458658,7.960733566628643,0.11138564511846161,-0.03365224972367287,0.21071157604455948,-0.04125887155532837,-0.002897323771594039,341,0.18337123096498778,0.3353363245782257,0.11653414014034548,,,,,,,,,
PC2_B1,pc2,rough_lateral,101,29,1,8.66,432,0,0.27631747571223564,0.3330915868282318,0.056850341552081594,0.17646659779536297,6.619055351322217,0.1420109218748632,-0.00677803810685873,0.17287516593933105,-0.04723280668258667,-0.001890529285777695,383,0.23093374617558116,0.3850615065145252,0.1757520294394852,,,,,,,,,
PC2_B1,pc2,rough_lateral,101,30,0,,999,0,0.35266374601399836,0.41704829037189484,0.06434668066667362,0.2721084549497993,12.202694289728107,0.09236870256582744,0.033789148554205894,0.25863905251026154,0.038934364914894104,0.0021691857812238813,950,0.147100003258152,0.1556556015302017,0.11428320244044227,,,,,,,,,
PC2_B1,pc2,rough_lateral,101,31,0,,999,0,0.2915710985341812,0.352664589881897,0.061415662102520786,0.1973862182517832,8.129002410279398,0.14253144664356043,0.06232588365674019,0.18332070112228394,-0.034480273723602295,-0.0006235143080114691,950,0.22817945134733802,0.2691981535172182,0.15080333731332798,,,,,,,,,
PC2_B1,pc2,rough_lateral,202,0,0,,999,0,0.27482652162166843,0.3374512195587158,0.06246836555195365,0.20786899463000996,12.015920821733243,0.1233435703832863,-0.07057486101984978,0.19513244926929474,-0.02827221155166626,0.0015929777991962948,950,0.22610805314545657,0.272571193001796,0.17220480581224795,,,,,,,,,
PC2_B1,pc2,rough_lateral,202,1,1,11.22,560,0,0.29988028842178893,0.36053481698036194,0.06077239602644813,0.19832953568650472,10.353534022917724,0.15378320452213579,-0.006343600805848837,0.17386971414089203,-0.01715722680091858,0.0008107710649622873,511,0.2631667686831678,0.4073090078416007,0.16485817311195772,,,,,,,,,
PC2_B1,pc2,rough_lateral,202,2,0,,999,0,0.3300649070325382,0.391772523522377,0.06092314286665483,0.24013022646589485,9.312111917415987,0.10451611412443244,0.020143425092101097,0.22421349585056305,-0.006289824843406677,-0.002932635220614349,950,0.16155637440897547,0.19040273294211366,0.10931023120777926,,,,,,,,,
PC2_B1,pc2,rough_lateral,202,3,0,,999,0,0.30631822762004834,0.36997802555561066,0.06307274517528513,0.21858407060637963,12.754451935523814,0.11937739127642144,-0.039882805198431015,0.20383858680725098,-0.04964922368526459,0.0002736586300447069,950,0.15168412089062352,0.20090476840262625,0.16915114054725247,,,,,,,,,
PC2_B1,pc2,rough_lateral,202,4,0,,999,0,0.31063742377860026,0.3725053519010544,0.061788166270536536,0.24577466803455858,10.27853769206665,0.10284806763068786,0.051511844620108604,0.23504911363124847,-0.033430591225624084,-0.000750368291681465,950,0.13712235071133844,0.15526791837759224,0.12075572898684762,,,,,,,,,
PC2_B1,pc2,rough_lateral,202,5,1,7.4,999,0,0.30559604539271984,0.3654515892267227,0.059678460187453,0.2217987524611285,7.759784757321579,0.1231633797750705,0.01463517639786005,0.2110932469367981,-0.014775320887565613,-0.0006256919493649732,320,0.16361812213109878,0.1672412875936613,0.12468722387177616,,,,,,,,,
PC2_B1,pc2,rough_lateral,202,6,1,17.84,891,0,0.289349146864631,0.35221371054649353,0.06316778621571587,0.10830869463430094,4.359164883036453,0.2927409273074435,-0.167259082198143,0.019485398195683956,-0.04845413565635681,0.0014021664379752219,842,0.282402942800543,0.44290872152528316,0.2914347688354234,,,,,,,,,
PC2_B1,pc2,rough_lateral,202,7,0,,999,0,0.3053129054805174,0.3659207671880722,0.06087018589284968,0.2439909302835056,11.739379852184825,0.09789119039009903,0.03693450056016445,0.24164746701717377,-0.02752716839313507,-0.0009586211831811922,950,0.20972920900239872,0.3645125778581137,0.10500360311095344,,,,,,,,,
PC2_B1,pc2,rough_lateral,202,8,0,,999,0,0.2834150309071821,0.3426835834980011,0.059686895360283675,0.1591426771379611,4.029389446033225,0.25678357234063653,-0.05750705301761627,0.06411614269018173,-0.027117103338241577,-0.0010155050512303601,950,0.21195957065946855,0.21768279708275812,0.2765385858344671,,,,,,,,,
PC2_B1,pc2,rough_lateral,202,9,0,,999,0,0.3119736494705639,0.372766450047493,0.05937337620373079,0.24066506457709624,10.603516239397168,0.10703166685318842,0.045723484829068184,0.22796981036663055,-0.040421321988105774,-0.0017830649799204096,950,0.13178333694135327,0.14200868250036575,0.1275478753308408,,,,,,,,,
PC2_B1,pc2,rough_lateral,202,10,0,,999,0,0.33883244922773087,0.3984808772802353,0.05961551258270753,0.10252628058764693,6.040917465711449,0.3141825910521331,-0.1974019855260849,-0.00033235736191272736,-0.0044045597314834595,-0.00030642524760037676,950,0.20566164153387168,0.2174032710701836,0.2888615476048337,,,,,,,,,
PC2_B1,pc2,rough_lateral,202,11,1,18.38,943,0,0.3161414105465068,0.3740087002515793,0.05875457416881215,0.20421469091285868,12.738037399067343,0.1270525384603916,0.03942263126373291,0.1939021646976471,-0.04935266077518463,-0.0008094553003974089,869,0.20881337272965025,0.29580447336682447,0.14515021056028052,,,,,,,,,
PC2_B1,pc2,rough_lateral,202,12,0,,999,0,0.27994320991842503,0.3418006896972656,0.061457409578211164,0.2081885530101132,6.446252009915103,0.13863623644448153,0.10503383725881577,0.19521429389715195,-0.027207374572753906,0.00019815516344365985,950,0.1846339117514959,0.20720829868210178,0.16655186608062317,,,,,,,,,
PC2_B1,pc2,rough_lateral,202,13,0,,999,0,0.2905738296355793,0.3528609275817871,0.06082578138871626,0.24826923094821746,6.688174545679988,0.08929525696026133,-0.0019918957259505987,0.24418576806783676,-0.04105097055435181,-0.0011184559786383483,950,0.15748850090405686,0.17109712451960338,0.11160391301663804,,,,,,,,,
PC2_B1,pc2,rough_lateral,202,14,1,16.14,806,0,0.2687527652092796,0.3279927968978882,0.05978840302656041,0.18631990178284585,10.442555756224731,0.21089919469986265,-0.11390431970357895,0.13046543300151825,-0.04888838529586792,-0.0017002942090365986,757,0.228744099380405,0.39110646928371084,0.22867079763577733,,,,,,,,,
PC2_B1,pc2,rough_lateral,202,15,0,,999,0,0.268330452356109,0.3283989131450653,0.060275873398398336,0.16593129469040951,5.374999505578749,0.21871433683609673,-0.08971000462770462,0.09217997640371323,-0.06047463417053223,0.0008185024567466392,950,0.2254529547544113,0.30703394284089025,0.2837392121520352,,,,,,,,,
PC2_B1,pc2,rough_lateral,202,16,0,,999,0,0.35036462306338834,0.40903060138225555,0.058387776747106865,0.24709211809209036,6.247529359915133,0.11356200392205443,-0.021985665895044804,0.22647445648908615,0.007709518074989319,-8.720765139329928e-05,950,0.14964340286391056,0.14144474839991464,0.13270498303697206,,,,,,,,,
PC2_B1,pc2,rough_lateral,202,17,1,7.32,390,0,0.29171656606031615,0.34811779856681824,0.05636405434837953,0.17513182794063817,9.930956507289174,0.19237849383054922,-0.07657262310385704,0.13240324705839157,-0.0005018115043640137,-0.0009189901504924602,316,0.18023395802035103,0.29685693448473843,0.20299990455342595,,,,,,,,,
PC2_B1,pc2,rough_lateral,202,18,1,8.92,445,0,0.32571588775372123,0.38262300193309784,0.057033176728110896,0.2454269068876834,7.140615420577314,0.08648650926916668,0.011601012200117111,0.2395486980676651,-0.018648609519004822,0.0010771368914109444,396,0.19623025954939985,0.36973080381142137,0.09520639651952321,,,,,,,,,
PC2_B1,pc2,rough_lateral,202,19,1,6.82,340,0,0.3218280324802042,0.38194261491298676,0.06019808519332804,0.21695409586860537,12.573575377432618,0.11597184537119905,0.04957973770797253,0.2025686353445053,-0.019495442509651184,0.0013189978778043523,291,0.2473487234683368,0.2958723183959729,0.1524742462549224,,,,,,,,,
PC2_B1,pc2,rough_lateral,202,20,0,,999,0,0.25345459763697764,0.3128812313079834,0.059140975462561626,0.17645987987889375,4.2526048550702065,0.2142513044634559,-0.11393353343009949,0.1045060083270073,0.007054388523101807,0.001386683254955931,950,0.17948100015039023,0.28372804668425977,0.34385004380462253,,,,,,,,,
PC2_B1,pc2,rough_lateral,202,21,1,7.84,391,0,0.3207277643648698,0.37856052815914154,0.05834431571756454,0.2273749162247901,9.526565448001072,0.12441543144519102,0.007711825892329216,0.20989727228879929,-0.05695827305316925,-0.0014655475310463364,342,0.15247597208452898,0.40104829498618033,0.13589611407622867,,,,,,,,,
PC2_B1,pc2,rough_lateral,202,22,1,16.8,839,0,0.3063318785180382,0.3608255684375763,0.05452535496676032,0.08321360014433496,9.584117485815089,0.2574475501575514,-0.05935550108551979,0.04931049421429634,-0.007858902215957642,0.000515035129485926,790,0.17104764828865274,0.2713836701477554,0.2628480021115576,,,,,,,,,
PC2_B1,pc2,rough_lateral,202,23,1,18.52,999,0,0.2754855489029604,0.33476410806179047,0.059333148487111464,0.2282349535294838,9.989230835054432,0.13689999665232533,-0.020076854154467583,0.18342265486717224,-0.04426856338977814,0.0018922122404537098,876,0.22408907327180444,0.25120963377370437,0.1909641418397872,,,,,,,,,
PC2_B1,pc2,rough_lateral,202,24,0,,999,0,0.32298387913780413,0.37987977266311646,0.0572211219665201,0.23844610827311963,8.663788682085872,0.08299341868196707,0.0075014554895460606,0.23626863956451416,0.015425354242324829,-0.00042331919950597263,950,0.14138912952031588,0.1581480648755755,0.1029255741076769,,,,,,,,,
PC2_B1,pc2,rough_lateral,202,25,1,0.92,999,1,,,,,,,,,,,0,,,,,,,,,,,,
PC2_B1,pc2,rough_lateral,202,26,1,2.82,165,0,0.2869772370805077,0.34689128398895264,0.060162314756668826,0.1771295536658445,12.877449475635798,0.19158588269199595,0.1644120216369629,0.14399060606956482,-0.06553405523300171,0.000811224952738554,91,0.21147227385518677,0.4911009297348403,0.21147227385518677,,,,,,,,,
PC2_B1,pc2,rough_lateral,202,27,1,18.54,926,0,0.2697597310982923,0.3275236487388611,0.05783923551998037,0.17151097758010914,8.906246688299063,0.17880069682720087,-0.06201011873781681,0.14234505593776703,-0.04533538222312927,-0.00020022060781876155,877,0.21514792074420913,0.3260173608899202,0.22041420603330122,,,,,,,,,
PC2_B1,pc2,rough_lateral,202,28,0,,999,0,0.33205504723411194,0.392150342464447,0.060527434323560746,0.1229900454258043,4.0225813922379,0.2625063821963479,-0.2426331266760826,0.04261830262839794,-0.010133177042007446,0.0019083788050687223,950,0.2445484238896673,0.21604004213624953,0.28923836191643365,,,,,,,,,
PC2_B1,pc2,rough_lateral,202,29,0,,999,0,0.3219799476670709,0.3794628083705902,0.058385680703555834,0.2067498374548093,8.933182497095682,0.11005527430967582,0.03328768536448479,0.204767644405365,-0.021617025136947632,0.00044511091262898483,950,0.18401772035585617,0.22181224923880163,0.15126705995431683,,,,,,,,,
PC2_B1,pc2,rough_lateral,202,30,1,9.22,486,0,0.30979549621834473,0.37286174297332764,0.06264191897795163,0.24752056710949677,9.199696974852406,0.1085268515230498,0.02938867826014757,0.23762089014053345,0.007516264915466309,0.001128150817544707,411,0.2397023059646599,0.24630327466758334,0.11743891611754861,,,,,,,,,
PC2_B1,pc2,rough_lateral,202,31,1,3.64,181,0,0.2574141834349556,0.3165055215358734,0.0597303104910621,0.13371576340107655,14.111606392284859,0.24610082916176573,-0.14841999113559723,0.067613385617733,-0.017570465803146362,0.0002570381776534278,132,0.25633767066794644,0.6230311930315888,0.26826437753276416,,,,,,,,,
PC2_B1,pc2,rough_lateral,303,0,0,,999,0,0.32681512808735996,0.3848797082901001,0.058263962281579,0.22434696737550075,8.739898627832872,0.1266233574289845,-0.00942392973229289,0.20637251436710358,-0.024876505136489868,-0.00020795199960311345,950,0.2215982059016601,0.2873485228264271,0.13587837296078936,,,,,,,,,
PC2_B1,pc2,rough_lateral,303,1,0,,999,0,0.2860849794538263,0.3421943187713623,0.056052478239498035,0.19580458420908498,9.72422300698352,0.18874890835448366,0.00897977501153946,0.14932923018932343,-0.02816411852836609,-0.002604642653847765,950,0.2096508539103017,0.23852202411704215,0.21513867870804174,,,,,,,,,
PC2_B1,pc2,rough_lateral,303,2,1,10.22,510,0,0.291785405440764,0.3497960716485977,0.05797144945930032,0.21443536485422054,10.112610738764761,0.1394746151046129,-0.004621358588337898,0.17652971297502518,-0.028175339102745056,0.0015285767335942724,461,0.24639423400668864,0.37538097061367237,0.32088118717739966,,,,,,,,,
PC2_B1,pc2,rough_lateral,303,3,1,8.22,410,0,0.31646771808677815,0.37636598944664,0.059551453207903365,0.24176218666164967,11.990621624210121,0.12623668912549224,-0.008394509553909302,0.21505889296531677,-0.046462446451187134,-0.0017683773754752288,361,0.1524290244296431,0.3275403163738467,0.13487949057794932,,,,,,,,,
PC2_B1,pc2,rough_lateral,303,4,0,,999,0,0.3283212593691872,0.3861168622970581,0.05828510631214488,0.2190618541896064,11.767171745257825,0.1206025487751301,0.04493184946477413,0.20189375430345535,-0.013625174760818481,1.4718203621109927e-05,950,0.17224150179761347,0.1885764801651161,0.13162289660406265,,,,,,,,,
PC2_B1,pc2,rough_lateral,303,5,0,,999,0,0.32678449775445906,0.3847549855709076,0.05759947057713799,0.22245751294575858,6.241049696064259,0.11583160290132974,-0.06673579290509224,0.2087465450167656,-0.0076691508293151855,-0.0020098660718948502,950,0.12981270724013974,0.15017744071178096,0.14485657478136393,,,,,,,,,
PC2_B1,pc2,rough_lateral,303,6,0,,999,0,0.3335574517913043,0.39149902760982513,0.0582613358523119,0.24206175575956373,8.347885011739749,0.136286007013227,-0.010612950660288334,0.21220983564853668,-0.003595218062400818,0.0005072578389376942,950,0.12719675602091957,0.143532079824403,0.18927033257775291,,,,,,,,,
PC2_B1,pc2,rough_lateral,303,7,1,15.8,821,0,0.3162447340029446,0.3758217692375183,0.059875926869438295,0.26834778724580194,9.419399749395998,0.0864163539801623,0.0052603669464588165,0.2522035837173462,-0.05343899130821228,0.00015433204365286612,740,0.16568439074135263,0.28246950033714935,0.1110078338912368,,,,,,,,,
PC2_B1,pc2,rough_lateral,303,8,1,5.86,292,0,0.30141321175238667,0.3587805926799774,0.05641332922134808,0.2185336655311676,5.911505443767617,0.11381548585184538,-0.07886367291212082,0.19647306948900223,-0.02748018503189087,-0.002082462616782771,243,0.20723663950894106,0.4377931351455447,0.20975380352543918,,,,,,,,,
PC2_B1,pc2,rough_lateral,303,9,0,,999,0,0.32192161233029903,0.3789650499820709,0.057043177558776526,0.22694019043576974,4.717726840069153,0.15942365960222543,-0.0870947316288948,0.20244596153497696,-0.032315582036972046,0.0003977280887052931,950,0.24851727360066714,0.20241959512893637,0.177100290516223,,,,,,,,,
PC2_B1,pc2,rough_lateral,303,10,0,,999,0,0.297510506475673,0.3536984622478485,0.05618137726809252,0.22648973712589604,9.611569483011618,0.10503447343543906,0.023815367370843887,0.2174905762076378,-0.029227375984191895,-0.0009718553267698202,950,0.20701980115158272,0.21097131905254707,0.11935299013488343,,,,,,,,,
PC2_B1,pc2,rough_lateral,303,11,0,,999,0,0.2955180068704534,0.354232519865036,0.0588808722674528,0.21304122624672306,8.3895144538539,0.1302158668319952,-0.04461168684065342,0.19302240014076233,-0.03484976291656494,0.0005905436959496232,950,0.2274528690908968,0.34745527955711025,0.1523313891654374,,,,,,,,,
PC2_B1,pc2,rough_lateral,303,12,0,,999,0,0.2997288911897231,0.35660044848918915,0.057744990058123745,0.23846869992443842,9.723408900769313,0.1383670919493232,0.007262788480147719,0.2142261415719986,-0.04695741832256317,0.00110088695179332,950,0.18661479791050062,0.21870019500710322,0.15982270419476735,,,,,,,,,
PC2_B1,pc2,rough_lateral,303,13,1,2.84,141,0,0.31592199772118246,0.37177774310112,0.056512547049292906,0.2726537016431215,9.087812702457239,0.150369400309561,0.025675250217318535,0.24865467101335526,-0.023682326078414917,0.0006412975290879877,92,0.23166942209321545,0.765805421599557,0.23166942209321545,,,,,,,,,
PC2_B1,pc2,rough_lateral,303,14,0,,999,0,0.2839541300573451,0.3414492756128311,0.05770982650512042,0.13211911554710645,4.641523492479454,0.34466574034403197,-0.2890806943178177,-0.04391605220735073,0.010195866227149963,-7.1199182520576e-05,950,0.2705423498390826,0.3142994055420409,0.3416996637833912,,,,,,,,,
PC2_B1,pc2,rough_lateral,303,15,0,,999,0,0.34135307140528837,0.39655767381191254,0.05558381106126754,0.2402544660230561,10.591005141092367,0.0892595578800698,0.019223298877477646,0.23575616627931595,0.027170732617378235,-0.0017109427222593634,950,0.16454104408734274,0.1834736603036004,0.11215377650177642,,,,,,,,,
PC2_B1,pc2,rough_lateral,303,16,0,,999,0,0.2790869359664101,0.33730900287628174,0.058470904508376505,0.17701450521872594,8.033201290847742,0.1698258592495908,-0.08158359676599503,0.13593430817127228,-0.018259048461914062,-0.0007976797175279909,950,0.22353179297745127,0.24674631020904134,0.35908279102300833,,,,,,,,,
PC2_B1,pc2,rough_lateral,303,17,0,,999,0,0.3214957941184069,0.3785271644592285,0.05694546929017745,0.12679886914659605,5.888002565646947,0.2887191255531512,-0.13078849762678146,0.029213422909379005,0.013042598962783813,-0.00016497545701297384,950,0.2274741485306581,0.22747731597197668,0.28959803220033264,,,,,,,,,
PC2_B1,pc2,rough_lateral,303,18,0,,999,0,0.2899220471873003,0.346700057387352,0.05689890754414115,0.21312288055827333,8.267475483431484,0.09125928515416983,-0.018916990607976913,0.21175338327884674,-0.04555366933345795,0.0005458943984087763,950,0.15526430509797703,0.19609676614387825,0.15258063376928324,,,,,,,,,
PC2_B1,pc2,rough_lateral,303,19,1,13.46,700,0,0.2973978686778941,0.35346946120262146,0.056882950073894975,0.22064238223768157,12.126014928163082,0.13001663960082788,0.07074293494224548,0.20468471944332123,-0.0475957989692688,-0.000583852676146801,623,0.19542968281042683,0.29102593856253,0.1637576429983441,,,,,,,,,
PC2_B1,pc2,rough_lateral,303,20,1,13.26,690,0,0.2910810580706214,0.35143814980983734,0.05976314850669494,0.2176707154890834,6.8632166520190125,0.10767093007660869,-0.010065412148833275,0.20847803354263306,0.01337026059627533,-0.0019077872210007951,613,0.20906812157208884,0.3770484348616037,0.13044262361905395,,,,,,,,,
PC2_B1,pc2,rough_lateral,303,21,0,,999,0,0.29660470584497095,0.3543681204319,0.05758706771116206,0.18203290399107191,10.658358595875711,0.17669966988569985,0.018687712028622627,0.146828331053257,-0.07396095991134644,0.00029651621446252774,950,0.19616561289263396,0.26579793444702227,0.19836721095196347,,,,,,,,,
PC2_B1,pc2,rough_lateral,303,22,1,19.64,981,0,0.31978563685468175,0.37814609706401825,0.0581889382020675,0.19517343545665622,12.467206994011782,0.15336850238972077,0.02927764691412449,0.1758299395442009,-0.06986890733242035,0.0002444415168966277,932,0.19580717726255842,0.30884562754706785,0.18063751430933522,,,,,,,,,
PC2_B1,pc2,rough_lateral,303,23,1,2.4,119,0,0.2519507075854164,0.31023235619068146,0.057896506977591286,0.19344167683296093,12.378006044373672,0.21468634681922927,0.14118269830942154,0.11611675098538399,-0.05493013560771942,4.097229656688933e-05,70,0.25807901725145854,0.8467308200757933,0.25807901725145854,,,,,,,,,
PC2_B1,pc2,rough_lateral,303,24,0,,999,0,0.3261243645998246,0.38534119725227356,0.0595633511874765,0.23425045444856155,7.853768767660829,0.12649398711041981,-0.026213721372187138,0.21778186410665512,-0.0035473406314849854,-0.0014251515189594097,950,0.16301642179549794,0.2266461517100113,0.13795630493314975,,,,,,,,,
PC2_B1,pc2,rough_lateral,303,25,1,10.84,541,0,0.2772641638542879,0.3388824015855789,0.062371952648468836,0.17073306299233726,5.786879644709753,0.28598354436120643,-0.11518459394574165,0.058365704491734505,-0.060365334153175354,0.0009558264584464821,492,0.2339220488441867,0.37329607180105484,0.27725169894880786,,,,,,,,,
PC2_B1,pc2,rough_lateral,303,26,0,,999,0,0.29129667357008726,0.35314688086509705,0.061253664965298084,0.20618054117891926,7.042500593839744,0.12813223545041005,0.05548363737761974,0.1887018010020256,-0.037504494190216064,0.00035978511055522605,950,0.11378585248776825,0.16631368024879187,0.16299765392557453,,,,,,,,,
PC2_B1,pc2,rough_lateral,303,27,0,,999,0,0.3145308031595965,0.37386851012706757,0.0600163770869454,0.25569328260830493,10.88611086933263,0.10987604639420001,0.03889547847211361,0.22926568984985352,-0.031201347708702087,-0.0007356041892964543,950,0.24779414813879475,0.19441793171524696,0.13507658321880922,,,,,,,,,
PC2_B1,pc2,rough_lateral,303,28,1,6.66,332,0,0.3446395302360708,0.4060841500759125,0.061260432483040715,0.19013560675290148,9.819446041870489,0.1533795180215692,-0.05430624075233936,0.17127034068107605,0.02640777826309204,0.00011180428897633599,283,0.21418834958359526,0.4208436446499076,0.1612106830176175,,,,,,,,,
PC2_B1,pc2,rough_lateral,303,29,0,,999,0,0.3419630140225518,0.4032638221979141,0.06101586346957773,0.2517478581098719,12.02760614880831,0.07343866044774425,0.009706764947623014,0.24708420038223267,0.02670745551586151,-0.0012152615715475684,950,0.15918305484874007,0.15824648779182957,0.10561545790133091,,,,,,,,,
PC2_B1,pc2,rough_lateral,303,30,0,,999,0,0.3081424048240172,0.36857491731643677,0.059900982494660235,0.23191021123450467,9.306655895954172,0.10560439295874767,0.008415503660216928,0.21620333939790726,-0.05296632647514343,-0.0009477431761389793,950,0.23594324545641004,0.2351707851925423,0.1088620290436683,,,,,,,,,
PC2_B1,pc2,rough_lateral,303,31,1,9.32,999,0,0.29442621488622167,0.3545965254306793,0.05993786470137816,0.20771867545701336,9.384545767631467,0.10217176395532249,0.03336872160434723,0.20721028745174408,-0.016969412565231323,-5.7215359121717824e-05,416,0.1689724183104673,0.19375307571732026,0.13204612941584828,,,,,,,,,
PC2_B1,pc2,rough_forward,101,0,0,,999,0,0.27853115245620197,0.3331473767757416,0.05556627263359845,0.4123862372539404,8.420083654975873,0.09543933124293705,0.010169778019189835,0.4113515317440033,5.462765693664551e-05,-0.001098199324174362,950,0.14071221671122575,0.13029560083146755,0.14377760065055287,,,,,,,,,
PC2_B1,pc2,rough_forward,101,1,0,,999,1,,,,,,,,,,,950,0.1570680380352055,0.17670145414675142,0.18797653404991688,,,,,,,,,
PC2_B1,pc2,rough_forward,101,2,0,,999,0,0.26997878940347686,0.3270227015018463,0.057173841139849496,0.4339951566650133,7.350381720662844,0.09064417539827256,-0.025466282851994038,0.4338861107826233,-0.04998844861984253,-0.001507881490941991,950,0.126869897901118,0.13168339328454876,0.11757241881101196,,,,,,,,,
PC2_B1,pc2,rough_forward,101,3,0,,999,0,0.3033048450787437,0.36381280422210693,0.06030742114877956,0.35537443700374116,5.146892920513972,0.1752332583654819,0.08457423001527786,0.3494408130645752,-0.020671725273132324,0.0011519518765536196,950,0.43835849102785623,0.22259098683288195,0.2306168289465465,,,,,,,,,
PC2_B1,pc2,rough_forward,101,4,1,4.84,999,0,0.22138459932676613,0.27820949256420135,0.057119226710681606,0.4191449040986869,6.407966699113766,0.11341854888901985,-0.011249657720327377,0.40802763402462006,-0.07575882971286774,-0.000507201740448493,192,0.3994890664587728,0.24639074313458462,0.21871520328388847,,,,,,,,,
PC2_B1,pc2,rough_forward,101,5,1,19.28,989,0,0.28914401732026573,0.34809137880802155,0.05827778800923557,0.47732444396952767,6.448130410426705,0.09764728953585489,0.05109509453177452,0.47550709545612335,-0.01559390127658844,0.00023106967701631842,914,0.3526352628526398,0.2145936485333967,0.12865666440504592,,,,,,,,,
PC2_B1,pc2,rough_forward,101,6,0,,999,0,0.2814838199373235,0.3392349183559418,0.05790494725028461,0.42743626788059697,9.20338916562565,0.08540165525259054,0.03868729807436466,0.42500483989715576,-0.07606446743011475,-0.0007534180095489021,950,0.15013455883433727,0.20303622110020114,0.1387782894288116,,,,,,,,,
PC2_B1,pc2,rough_forward,101,7,1,12.84,641,0,0.2863188189140615,0.34215377271175385,0.05650448416643602,0.42610900918938305,7.815061556072281,0.08773389605134,0.009662933647632599,0.4247438609600067,-0.06296990811824799,-0.0030698776245117188,592,0.3523842689611258,0.3271502462133733,0.1568724985483069,,,,,,,,,
PC2_B1,pc2,rough_forward,101,8,0,,999,0,0.27305824353414426,0.33034342527389526,0.05761683050961418,0.442747941224314,4.916783024188993,0.08108218794588286,0.009784473106265068,0.4426291733980179,0.016257494688034058,-0.0015754597709778176,950,0.12841834501912847,0.12185830319303698,0.13339233701373113,,,,,,,,,
PC2_B1,pc2,rough_forward,101,9,0,,999,0,0.2778059469665436,0.33481134474277496,0.05690409410446086,0.4274031251023366,3.8768236127847646,0.11942230610335719,-0.05654407665133476,0.4236166924238205,-0.04762376844882965,-0.0006089745995832563,950,0.1751553809386079,0.1768525941842358,0.18665503187142915,,,,,,,,,
PC2_B1,pc2,rough_forward,101,10,0,,999,1,,,,,,,,,,,950,0.12997648499006198,0.15774810804820466,0.21450260145398586,,,,,,,,,
PC2_B1,pc2,rough_forward,101,11,0,,999,0,0.2920230759337624,0.3523947298526764,0.06026911608038102,0.4395207298868429,10.497453664738742,0.08717627354690106,0.03790118359029293,0.4361518919467926,1.3500452041625977e-05,-1.100550360857988e-05,950,0.16084282367116215,0.17263744566043382,0.12409969197859921,,,,,,,,,
PC2_B1,pc2,rough_forward,101,12,0,,999,0,0.25689020258857603,0.31671857833862305,0.05979075916310683,0.4371224498937112,4.718845127938005,0.08115767168776686,-0.002579933498054743,0.4360188692808151,-0.031137704849243164,-0.00024024432993189487,950,0.22885537167885892,0.1923782463741159,0.12825290412780416,,,,,,,,,
PC2_B1,pc2,rough_forward,101,13,0,,999,0,0.3000689318632697,0.3629244416952133,0.0620760994161514,0.410648511342425,9.055446152509866,0.10873825899621717,-0.04081384465098381,0.40707144141197205,-0.013529464602470398,0.0031420967795632096,950,0.14661184148632084,0.14951889938690593,0.15539508578893022,,,,,,,,,
PC2_B1,pc2,rough_forward,101,14,0,,999,0,0.2746749725890032,0.33079734444618225,0.057219107520771535,0.4375456832007833,4.426574510655918,0.09150389714868543,-0.09565567225217819,0.43630550801754,-0.07574304938316345,-0.0019076495247091207,950,0.20132836799354573,0.18630359087382903,0.1447774839642085,,,,,,,,,
PC2_B1,pc2,rough_forward,101,15,0,,999,0,0.2990333716021502,0.35615214705467224,0.05700345982842267,0.41095893420137064,7.431658017155046,0.11535610068334354,-0.019535241648554802,0.4051850438117981,-0.03031712770462036,-0.0017815350211240408,950,0.4257291698517548,0.189356283571704,0.16533984235776977,,,,,,,,,
PC2_B1,pc2,rough_forward,101,16,0,,999,0,0.29539722602635143,0.357121005654335,0.06126044778262868,0.4353713212040498,7.606634252202637,0.08137868546497748,0.017505677416920662,0.4347209483385086,-0.013845756649971008,0.003432074970102568,950,0.15321324120215796,0.175296045593681,0.1733715537895887,,,,,,,,,
PC2_B1,pc2,rough_forward,101,17,0,,999,0,0.2935595227913423,0.35232163965702057,0.05926025105032691,0.42340531103780155,4.436346721331925,0.10273724201290418,-0.08205429837107658,0.4165421575307846,-0.033155426383018494,0.0006017123951631426,950,0.165536450818834,0.17875018376515886,0.15172326868953234,,,,,,,,,
PC2_B1,pc2,rough_forward,101,18,0,,999,0,0.2615984016083141,0.3203274756669998,0.05899253886013745,0.44550064161435377,5.957144746701605,0.08619634227619202,-0.034630682319402695,0.44329430162906647,-0.08377955853939056,0.0003606214880305797,950,0.15936353737289338,0.18495195550354285,0.1134338343859439,,,,,,,,,
PC2_B1,pc2,rough_forward,101,19,0,,999,0,0.2820060646788959,0.3430403918027878,0.06089886752041904,0.45923178319012303,6.801027231748517,0.06030488325679334,0.008752488065510988,0.4589398354291916,-0.033445462584495544,0.0009358451965658446,950,0.1686560057290774,0.19381604869268113,0.10222906746158525,,,,,,,,,
PC2_B1,pc2,rough_forward,101,20,0,,999,0,0.2854824334701752,0.3439546078443527,0.05851566600289575,0.46703763692670264,6.960217820862656,0.06030145556149425,-0.033145797438919544,0.46426884829998016,0.001690492033958435,-0.00029608272613688286,950,0.1439306353756513,0.1317459589221104,0.11055048716686776,,,,,,,,,
PC2_B1,pc2,rough_forward,101,21,1,8.98,999,0,0.2681149206856355,0.3300108164548874,0.06157878120952749,0.3964682467412693,5.0228468399508515,0.13316653829314481,0.10184445977210999,0.38644522428512573,-0.04546605050563812,0.000912865215444314,399,0.3718664143204671,0.33079961340768665,0.17755578048528017,,,,,,,,,
PC2_B1,pc2,rough_forward,101,22,0,,999,0,0.24813448705456473,0.3043294847011566,0.05662383115227847,0.4622540546042003,4.627029998161872,0.0736130314246404,0.07154263183474541,0.45813074707984924,-0.06557491421699524,0.0005311047967104937,950,0.1813251472994263,0.15149787437540088,0.12024562929609248,,,,,,,,,
PC2_B1,pc2,rough_forward,101,23,0,,999,0,0.27990158906276214,0.33971546590328217,0.05993537596840272,0.4238061814091638,5.234896636326828,0.08420208590526715,-0.08738457784056664,0.4222925007343292,-0.06199537217617035,-0.0005303602167629345,950,0.13158557405456534,0.15431872342515826,0.14143800632172762,,,,,,,,,
PC2_B1,pc2,rough_forward,101,24,0,,999,0,0.25018019392528634,0.30561426281929016,0.05600041884152009,0.42780750265252765,6.043258693637255,0.07960940731820146,0.010151211638003588,0.42668797075748444,-0.05993092060089111,-0.003716157719413228,950,0.16731613365953457,0.1684483475934426,0.12351047018567678,,,,,,,,,
PC2_B1,pc2,rough_forward,101,25,0,,999,0,0.26803122006635616,0.3310945928096771,0.06218175837062897,0.4407858711149772,5.882132813129338,0.07259800387444561,0.013545142486691475,0.43881043791770935,-0.05275335907936096,-0.0013270454610732826,950,0.12092804743105337,0.13769625662527316,0.10413057786899177,,,,,,,,,
PC2_B1,pc2,rough_forward,101,26,0,,999,0,0.275127214384589,0.3338989019393921,0.05871070515025746,0.45802651897500013,8.633851061599277,0.08302197234341101,-0.03655559942126274,0.45632709562778473,-0.03447750210762024,-0.003639144693466427,950,0.11965409589167937,0.1311124274280006,0.11990910231022583,,,,,,,,,
PC2_B1,pc2,rough_forward,101,27,0,,999,0,0.26962026451679477,0.32462239265441895,0.055223362968567224,0.4380804717471358,8.361010003163322,0.07276934936729684,0.0001506117987446487,0.4374416321516037,-0.04768913984298706,-0.0020551324528168824,950,0.10514702496443142,0.1295631969949002,0.10946587970461312,,,,,,,,,
PC2_B1,pc2,rough_forward,101,28,0,,999,0,0.2795728298432049,0.3420811742544174,0.06229455713282295,0.42322131075222513,9.92904758808401,0.08884637851480326,0.028797999024391174,0.42119067907333374,-0.06015108525753021,-0.0009051032244840329,950,0.14993070652690854,0.1448752063299465,0.13004092260062428,,,,,,,,,
PC2_B1,pc2,rough_forward,101,29,0,,999,0,0.27042216150199666,0.3302573710680008,0.059716341967251216,0.46928153011820695,8.175126926897013,0.05104400891477623,-0.028751084581017494,0.46809299290180206,-0.0408204048871994,-0.00041300727721841485,950,0.12189151681748223,0.16361308432000718,0.1313338971680366,,,,,,,,,
PC2_B1,pc2,rough_forward,101,30,0,,999,0,0.30187509834447646,0.36258891224861145,0.060820146040482956,0.4132064023617341,7.97747376378762,0.11069419396324043,0.08498923480510712,0.40961483120918274,-0.011528223752975464,0.0003458624855082332,950,0.1578389323218788,0.1633719101416126,0.1699328150413728,,,,,,,,,
PC2_B1,pc2,rough_forward,101,31,0,,999,0,0.27010717828643516,0.3343772143125534,0.06437995727049475,0.43221643068907,4.6770532103893725,0.08964245380124533,0.05436961352825165,0.43131937086582184,-0.028262779116630554,0.00201462424375156,950,0.14769903864933007,0.15523300841720974,0.12917012081300094,,,,,,,,,
PC2_B1,pc2,rough_forward,202,0,1,16.42,999,0,0.270410499550442,0.3297309875488281,0.058909278502438794,0.40214954788466895,5.816631219849906,0.10505420298035015,0.005128367803990841,0.39993883669376373,-0.02892857789993286,-0.002878964266037558,771,0.1794166519674166,0.18793615064827604,0.1432313296408426,,,,,,,,,
PC2_B1,pc2,rough_forward,202,1,0,,999,0,0.27581724078260006,0.33662785589694977,0.06100485796596915,0.45478710353180574,7.331919542571514,0.07359081839912307,0.024473631754517555,0.4532904773950577,-0.03428272902965546,-0.0009251813837551151,950,0.12786002049238485,0.1180712904817663,0.10839358199248235,,,,,,,,,
PC2_B1,pc2,rough_forward,202,2,0,,999,0,0.3070170915222423,0.36823616921901703,0.061424627661067537,0.4512683257630858,10.27617177265775,0.05798753630197759,-0.019208693876862526,0.45074935257434845,-0.0156317800283432,-0.0027470869176528037,950,0.1356985847905442,0.14649564648244848,0.14213997353100885,,,,,,,,,
PC2_B1,pc2,rough_forward,202,3,0,,999,0,0.2756597299308063,0.3344961255788803,0.05946034926144197,0.3945540589923765,5.011680752557558,0.11959937315146722,0.05314871110022068,0.39283064007759094,-0.05395044386386871,-0.0021461038028492696,950,0.201907757099332,0.20923470413514184,0.1657400248863709,,,,,,,,,
PC2_B1,pc2,rough_forward,202,4,0,,999,0,0.2989284032009502,0.3629522919654846,0.06356273487927441,0.4466202019790218,7.634708838467413,0.08149008576628528,-0.0237459447234869,0.44661104679107666,-0.02619299292564392,0.001476109346603957,950,0.2729194876623122,0.2243841334699464,0.1395424769721354,,,,,,,,,
PC2_B1,pc2,rough_forward,202,5,0,,999,0,0.2898969816014091,0.34868790209293365,0.058602521763765875,0.39162957186647585,11.637397917913901,0.12435713879962429,0.022089540027081966,0.3874894976615906,-0.03684963285923004,-0.0019328785452613212,950,0.12531641209148714,0.14078540645288898,0.16485813758123322,,,,,,,,,
PC2_B1,pc2,rough_forward,202,6,0,,999,0,0.2634291597069266,0.3248554766178131,0.06114075400612571,0.45640884884840743,6.410834004194373,0.07331034980856628,-0.034715842455625534,0.4563503563404083,-0.07138872146606445,-0.0011583216050091924,950,0.18632246230651672,0.1905261547459249,0.10416210679821705,,,,,,,,,
PC2_B1,pc2,rough_forward,202,7,0,,999,0,0.3138352892296837,0.37550877034664154,0.06074065448128603,0.4565964653503739,6.4734726496979,0.06614821222949811,-0.024700289592146873,0.4565505236387253,-0.004878535866737366,-0.001149554941105975,950,0.14585240760656976,0.12566853088334667,0.1345314810227608,,,,,,,,,
PC2_B1,pc2,rough_forward,202,8,0,,999,0,0.26627702899476424,0.3258340209722519,0.05991825062960864,0.444287970865834,7.813217591674653,0.08078029534417022,0.044092295691370964,0.44186361134052277,-0.0640278309583664,-0.0006611308949516434,950,0.14145803303747392,0.1724822297644522,0.11950123456312428,,,,,,,,,
PC2_B1,pc2,rough_forward,202,9,0,,999,0,0.2977208362862388,0.3566088229417801,0.05958142000086167,0.4581690419456388,8.026353072222722,0.06997456722072831,0.04678317531943321,0.4562966972589493,-0.021614179015159607,-0.0015899433809168223,950,0.17877328770719914,0.193847107645738,0.12211209791711368,,,,,,,,,
PC2_B1,pc2,rough_forward,202,10,0,,999,0,0.284459844789403,0.34574221074581146,0.06057714268485492,0.4477780164527868,6.710074547947428,0.09663542196501723,0.03172550443559885,0.4422869235277176,-0.044264063239097595,0.0006276451967616725,950,0.16237011256671344,0.14241547619744255,0.15551157678966446,,,,,,,,,
PC2_B1,pc2,rough_forward,202,11,0,,999,0,0.2927440136352325,0.35112006962299347,0.05841413283730573,0.42846171660428467,12.22001831260658,0.08220722671616984,0.07079657539725304,0.42720240354537964,-0.02538980543613434,-0.001115401160908254,950,0.1867324048551259,0.1565623880895344,0.13786829653871982,,,,,,,,,
PC2_B1,pc2,rough_forward,202,12,0,,999,0,0.2599351029185688,0.3225855827331543,0.0625244895404673,0.4438087135983487,7.326472780851701,0.08772000194341206,0.05348259583115578,0.4430357962846756,-0.04389205574989319,0.0004392205712629646,950,0.14206542643392575,0.18303009341502827,0.11958245145455988,,,,,,,,,
PC2_B1,pc2,rough_forward,202,13,0,,999,0,0.28767905818587314,0.34677791595458984,0.05854434763046509,0.4675352519373731,6.6586862416440935,0.0640466903837796,-0.015618440695106983,0.4655218869447708,-0.03142908215522766,-0.0013753054613735577,950,0.15270642489910533,0.14869595294792995,0.12402094063113243,,,,,,,,,
PC2_B1,pc2,rough_forward,202,14,0,,999,0,0.2739468646400115,0.3328113704919815,0.05859454557857412,0.46260285870754836,5.891042634407437,0.06543589584301635,0.007898550480604172,0.461806982755661,-0.04614721238613129,-0.0025097444095713572,950,0.16380602508367223,0.17691823307029284,0.09251348302202303,,,,,,,,,
PC2_B1,pc2,rough_forward,202,15,0,,999,0,0.24989602591264695,0.3095211088657379,0.05845204521627987,0.4640421369599501,4.35911891356621,0.0736602591894672,-0.019740259274840355,0.4618465304374695,-0.06307908892631531,-0.0017987419577205899,950,0.14672555042971258,0.19695194039291541,0.0908480773241409,,,,,,,,,
PC2_B1,pc2,rough_forward,202,16,0,,999,0,0.31034347303410903,0.3675159215927124,0.05717711525167374,0.44490258315285885,8.12226223512533,0.08759431853599849,0.0042983731254935265,0.4397527426481247,-0.024794727563858032,0.0002469812484986039,950,0.14922566479992574,0.13698362816310836,0.12422825768277208,,,,,,,,,
PC2_B1,pc2,rough_forward,202,17,0,,999,1,,,,,,,,,,,950,0.14570621455877164,0.196799919773685,0.130044350120585,,,,,,,,,
PC2_B1,pc2,rough_forward,202,18,0,,999,0,0.2944755017119933,0.35025860369205475,0.05513532403956123,0.4450309363143038,10.211237741057648,0.06788939359888779,-0.022953695617616177,0.4446176588535309,-0.033824458718299866,-0.0016006785918047037,950,0.15418154192617214,0.16334104235898056,0.12000254061717315,,,,,,,,,
PC2_B1,pc2,rough_forward,202,19,0,,999,0,0.30721085148061655,0.3650869131088257,0.05833897106150254,0.4150868110617568,7.837514608939999,0.12585490013483078,0.0728953666985035,0.4043259471654892,-0.001245647668838501,0.0015654538404495238,950,0.14350218212943713,0.18332710542652875,0.1645262843263545,,,,,,,,,
PC2_B1,pc2,rough_forward,202,20,0,,999,1,,,,,,,,,,,950,0.16069604947596777,0.20117004466926244,0.1298740363452544,,,,,,,,,
PC2_B1,pc2,rough_forward,202,21,0,,999,0,0.2765422943122884,0.3334515392780304,0.05695164522385215,0.44270386402473005,5.9994657138110385,0.08681191213006978,0.04246420040726662,0.4388072043657303,-0.027783602476119995,-0.0008813174650630848,950,0.16218167575492629,0.17523251143455265,0.12355895163518597,,,,,,,,,
PC2_B1,pc2,rough_forward,202,22,0,,999,0,0.2459002212088376,0.3038528114557266,0.05860888129249614,0.44337121755658276,3.7417714750608972,0.07614934917487351,0.010304059833288193,0.4425501525402069,-0.03818638622760773,0.002816608245360029,950,0.12768729406493762,0.12563582842169327,0.12318713576244374,,,,,,,,,
PC2_B1,pc2,rough_forward,202,23,0,,999,0,0.23899318843601858,0.2982529401779175,0.05893314585966222,0.4572311026354031,3.564619961226728,0.09355600568416178,-0.058477867394685745,0.4508313238620758,-0.08480978012084961,0.0026270106514507396,950,0.19397236053184988,0.17518136288164163,0.1665434456307337,,,,,,,,,
PC2_B1,pc2,rough_forward,202,24,0,,999,0,0.29648646911516546,0.3549705296754837,0.058138189468791776,0.4443164198996673,9.035890651495606,0.07079617796908022,0.020020468160510063,0.44387003779411316,-0.01651717722415924,0.0006607178060766203,950,0.13417662418891338,0.1262319206213888,0.13328127490952912,,,,,,,,,
PC2_B1,pc2,rough_forward,202,25,0,,999,0,0.23817610852221116,0.29476284980773926,0.05629055002793909,0.46679767378720277,3.6982467208328047,0.06243848949169506,-0.05626189708709717,0.4663395285606384,-0.029264092445373535,-0.0007976491183520618,950,0.12328231861303594,0.1588357809848881,0.15487760039964943,,,,,,,,,
PC2_B1,pc2,rough_forward,202,26,0,,999,0,0.2743781985127352,0.3333744704723358,0.0589962719596006,0.31555617001067104,5.131180576567988,0.1896540518006146,0.10394098609685898,0.31360703706741333,-0.055580317974090576,-0.00045249041389016503,950,0.16178760530066316,0.15502449498302748,0.21019394619881324,,,,,,,,,
PC2_B1,pc2,rough_forward,202,27,1,1.24,999,1,,,,,,,,,,,12,0.2162999017888313,0.5715035607035551,0.2162999017888313,,,,,,,,,
PC2_B1,pc2,rough_forward,202,28,0,,999,0,0.25756807043590646,0.3164430260658264,0.06003348202628886,0.418728707721857,5.666366148218364,0.11138253840590283,0.011649294756352901,0.41467785835266113,-0.053907692432403564,0.0016114750010444573,950,0.18411330982507224,0.19338415553916188,0.17883227047843836,,,,,,,,,
PC2_B1,pc2,rough_forward,202,29,0,,999,0,0.28095404206112745,0.3412977308034897,0.060731597125211506,0.4534352113632156,8.33877661656241,0.08011484241514802,0.015558281447738409,0.4517987221479416,0.006148979067802429,-0.00012563511649554826,950,0.12202717040263895,0.11538367805297069,0.11624359280548034,,,,,,,,,
PC2_B1,pc2,rough_forward,202,30,0,,999,0,0.27302620795002597,0.33394406735897064,0.0607905668370864,0.4336375987770338,7.7534514647109525,0.08919980578976805,0.048724304884672165,0.43296071887016296,-0.05191846191883087,-0.00025785925554081685,950,0.15417073155905067,0.18204377874151928,0.13698758436035288,,,,,,,,,
PC2_B1,pc2,rough_forward,202,31,0,,999,0,0.24818555349334676,0.30335357785224915,0.05567430302421039,0.4460262073744229,5.574755086589786,0.07457273326929331,0.0018367408774793148,0.445513054728508,-0.07343536615371704,-0.00035811235560453264,950,0.19166907828431334,0.1915350634539666,0.10863939250420335,,,,,,,,,
PC2_B1,pc2,rough_forward,303,0,0,,999,0,0.3193954974412918,0.37784717977046967,0.05816386217739493,0.43467945112397555,9.822149188832086,0.09599496089871812,0.01814220007508993,0.42508675158023834,-0.0045086294412612915,-0.0006158186152657105,950,0.15280157228134153,0.16670040715426637,0.1545241931249298,,,,,,,,,
PC2_B1,pc2,rough_forward,303,1,0,,999,0,0.2445368025710876,0.303798109292984,0.05972280349323456,0.43934523761516897,4.411685657840001,0.08939450053340758,-0.04879981279373169,0.4358941614627838,-0.04996770620346069,0.0003873804673791559,950,0.11337223513644908,0.12317582341856614,0.12794261651037603,,,,,,,,,
PC2_B1,pc2,rough_forward,303,2,0,,999,0,0.2881439550515802,0.34612245857715607,0.05719018619965742,0.42530548800365375,6.858596599651252,0.08031928190921846,0.0006473250687122345,0.4246739596128464,0.002334311604499817,0.0012032513949960313,950,0.14160691609413498,0.14031195803157054,0.13026173559213833,,,,,,,,,
PC2_B1,pc2,rough_forward,303,3,0,,999,0,0.3142723574995357,0.37236975133419037,0.05835939091157148,0.4456830073379744,11.406109063827053,0.07997521265856955,0.02042549103498459,0.4438527226448059,-0.039128854870796204,-0.0013690887287976239,950,0.12716150847703936,0.1261701346488105,0.13194686865072863,,,,,,,,,
PC2_B1,pc2,rough_forward,303,4,0,,999,0,0.2970375050516689,0.35727231204509735,0.059720840046112555,0.4107240478934103,7.694125365234736,0.10857674600290325,-0.0051817623898386955,0.4080576151609421,-0.027277275919914246,0.0013993411140645964,950,0.19082533390685125,0.14029285061802185,0.17035534967691812,,,,,,,,,
PC2_B1,pc2,rough_forward,303,5,0,,999,0,0.270244336383228,0.3287922441959381,0.058726871714872474,0.4319334511718368,5.476988284117563,0.09650089554298688,0.029269938357174397,0.4285172373056412,-0.04628551006317139,-0.001254673310142146,950,0.15196347837967775,0.13311932550350586,0.1669888753934477,,,,,,,,,
PC2_B1,pc2,rough_forward,303,6,0,,999,0,0.26688929977901477,0.327987939119339,0.06041435506892077,0.43378351814652605,4.707910867492837,0.10127063544177431,-0.006607925985008478,0.42888885736465454,-0.06257346272468567,0.002362241082012974,950,0.15298820818013262,0.15041849670866766,0.14920154620946885,,,,,,,,,
PC2_B1,pc2,rough_forward,303,7,0,,999,0,0.2912287546351632,0.35048553347587585,0.059675160576315486,0.44818247862011806,5.392376456811382,0.08072418814533464,0.0048647052608430386,0.44321465492248535,-0.006294131278991699,0.0004066783476640856,950,0.1280862151183324,0.13036009945041302,0.11483215192736287,,,,,,,,,
PC2_B1,pc2,rough_forward,303,8,0,,999,0,0.27744763930213645,0.3361307829618454,0.05851530391264727,0.45184578140206144,7.806588086751754,0.10164171658671181,-0.0031348969787359238,0.4490917772054672,-0.048691168427467346,0.0010849753803110346,950,0.18364094741769302,0.2154054161858493,0.1448085458385029,,,,,,,,,
PC2_B1,pc2,rough_forward,303,9,0,,999,0,0.29693436734179124,0.3553668409585953,0.05804260784291966,0.4209882896620324,8.570507182245112,0.10294413675798897,-0.016395545098930597,0.4170498698949814,-0.016936615109443665,0.0011039264699354498,950,0.17695857502401008,0.1481079334171092,0.13774896319795052,,,,,,,,,
PC2_B1,pc2,rough_forward,303,10,0,,999,0,0.2948320994083894,0.3541421741247177,0.05939807993842956,0.4518721115829816,9.210850730664458,0.06360920453138358,-0.01870917994529009,0.45183321833610535,-0.048078879714012146,0.00349134557387408,950,0.3500341169168606,0.21379811531334325,0.11372748414520695,,,,,,,,,
PC2_B1,pc2,rough_forward,303,11,0,,999,0,0.2915130072736485,0.3490961194038391,0.0580383035588392,0.4369598491854071,9.032592138608894,0.09663398985677249,0.00045519787818193436,0.43424925208091736,-0.015110403299331665,-0.00011096281163832517,950,0.12772974353079058,0.12158324979641569,0.14268212763198326,,,,,,,,,
PC2_B1,pc2,rough_forward,303,12,0,,999,0,0.3008391137588471,0.3595236539840698,0.05867506221016461,0.4463172182182613,8.2407468410571,0.061151572357954806,-0.012461476027965546,0.4438379555940628,-0.022679895162582397,0.0011968255680512643,950,0.16012976941559856,0.17764340489122504,0.11320994957682615,,,,,,,,,
PC2_B1,pc2,rough_forward,303,13,0,,999,0,0.2891813211421915,0.3477749079465866,0.0586885921457872,0.42958933448921655,5.211414978459123,0.0838972159678086,-0.026041793636977673,0.428682416677475,-0.018003299832344055,0.0012526639642562454,950,0.20395672304253762,0.2012116497783174,0.159112526279111,,,,,,,,,
PC2_B1,pc2,rough_forward,303,14,0,,999,0,0.23871149401613734,0.29750922322273254,0.05925925657710927,0.38222787163687477,3.9736153355891073,0.12913979507619244,-0.002372239134274423,0.38090643286705017,-0.06795638799667358,0.0016723418618268537,950,0.341767131551181,0.211045730314222,0.1650006622082547,,,,,,,,,
PC2_B1,pc2,rough_forward,303,15,0,,999,0,0.30874605094366536,0.3662523776292801,0.05780268990419765,0.39224886689123145,6.968839125079143,0.11910332961687657,-0.0007758643478155136,0.3913463056087494,-0.004902318120002747,0.0002827669847457817,950,0.17773567801520124,0.1763895111493928,0.15739255039639458,,,,,,,,,
PC2_B1,pc2,rough_forward,303,16,0,,999,0,0.2798609955106827,0.33968260884284973,0.05983478627740381,0.4289857059128357,9.583965728516628,0.09483966313092287,0.027890769764780998,0.4251544028520584,-0.04259830713272095,0.0012669741788649963,950,0.18798449986642618,0.167777058028016,0.21941473535699482,,,,,,,,,
PC2_B1,pc2,rough_forward,303,17,0,,999,1,,,,,,,,,,,950,0.13906135804637057,0.17611499834884295,0.1961349289701362,,,,,,,,,
PC2_B1,pc2,rough_forward,303,18,0,,999,0,0.25987303759006253,0.3151700347661972,0.055180508822680795,0.4195140739341483,5.545826242735764,0.10589798786133263,0.03512126766145229,0.41520553827285767,-0.0527832955121994,-0.0008285593859014631,950,0.16596610644734566,0.16717283459110563,0.21553449048212744,,,,,,,,,
PC2_B1,pc2,rough_forward,303,19,0,,999,0,0.25313774866853805,0.3120429813861847,0.0586019913780498,0.4047164419890517,5.055166155692909,0.11275570651700727,0.09607907384634018,0.40467408299446106,-0.03531014919281006,-0.00014227596833744222,950,0.22611506363086287,0.20273703020032102,0.22597906035108095,,,,,,,,,
PC2_B1,pc2,rough_forward,303,20,0,,999,0,0.24408386042092572,0.30527250468730927,0.061200590694651884,0.4111855623698105,4.590042502019765,0.10596201352087616,0.06516890600323677,0.40745000541210175,-0.03588564693927765,0.0005507392679306305,950,0.13886876450894925,0.18633905729047845,0.1514787310208069,,,,,,,,,
PC2_B1,pc2,rough_forward,303,21,0,,999,0,0.305676679241466,0.36581458151340485,0.06019945195651947,0.4391151519435277,9.763978961377724,0.07990761587571385,-0.06561579927802086,0.43868911266326904,-0.01611928641796112,0.0038505289006360716,950,0.18949717782752115,0.19491302295749677,0.12358216012624218,,,,,,,,,
PC2_B1,pc2,rough_forward,303,22,0,,999,0,0.3248318180362171,0.38538500666618347,0.06011642619250293,0.42026893980525803,8.016366229131538,0.09821774789529364,-0.00019777391571551561,0.4158903658390045,-0.007454276084899902,0.002285727842606333,950,0.15079185202194967,0.12829797327726827,0.1924718044455902,,,,,,,,,
PC2_B1,pc2,rough_forward,303,23,0,,999,0,0.2814190869025368,0.34053856134414673,0.05937724189962295,0.43248189367097695,7.954408194320675,0.07840762732052703,6.668549031019211e-05,0.43246787786483765,-0.029569387435913086,0.0020633840305919957,950,0.4712512657907063,0.15036363616602896,0.12498914487941266,,,,,,,,,
PC2_B1,pc2,rough_forward,303,24,0,,999,0,0.3092154642158651,0.36908163130283356,0.059895770435027265,0.40735021469862054,11.14100353045604,0.10881708438500973,-0.022275174036622047,0.4041139632463455,-0.0007929354906082153,-0.00115216607078511,950,0.3796617564612431,0.2333854491968747,0.15056703035044644,,,,,,,,,
PC2_B1,pc2,rough_forward,303,25,0,,999,0,0.2317180611233023,0.2918158918619156,0.060832401010441906,0.4345330627086638,3.054378725936754,0.11679271180706845,-0.01885522808879614,0.4305533319711685,-0.057975396513938904,-0.0011209753107897097,950,0.14980014445976997,0.13863925106454525,0.17206262568088318,,,,,,,,,
PC2_B1,pc2,rough_forward,303,26,0,,999,0,0.26458864200880183,0.32318341732025146,0.058973082884110226,0.37768827155233503,5.95416276603892,0.13556309800762287,0.016016975045204163,0.3724914640188217,-0.009472876787185669,-0.0023609049179974806,950,0.14868425152658063,0.1592174821597455,0.18538740475844492,,,,,,,,,
PC2_B1,pc2,rough_forward,303,27,0,,999,0,0.27041883017608825,0.3283858597278595,0.05742857927944571,0.4619116443096757,6.496807176513219,0.06892579694925852,0.034936243668198586,0.45962971448898315,-0.06794753670692444,-0.0019665733378201253,950,0.15039785435385128,0.15063214486807353,0.10514709583898324,,,,,,,,,
PC2_B1,pc2,rough_forward,303,28,0,,999,0,0.28057371422568744,0.3391392230987549,0.06028938803443297,0.42080662406059743,6.439743833057577,0.12233439923589179,-0.010616617277264595,0.416586235165596,-0.05969119071960449,-0.0008790480261817932,950,0.1473919819069281,0.13360032360802415,0.17164260983109828,,,,,,,,,
PC2_B1,pc2,rough_forward,303,29,0,,999,0,0.285235650399152,0.34764039516448975,0.062128780997373206,0.38720134240384996,7.604524299378729,0.12303760265951778,-0.03136463835835457,0.38678959012031555,-0.004632234573364258,-0.0001508131384212047,950,0.18774557035811257,0.16659186047017216,0.21127681719006017,,,,,,,,,
PC2_B1,pc2,rough_forward,303,30,0,,999,0,0.22550668850302058,0.2850634455680847,0.059592364306118396,0.34675521119058345,9.345546561932053,0.1756235280770053,0.21062281727790833,0.33939555287361145,-0.0818505585193634,1.6819347034797982e-05,950,0.15583104464121006,0.15824955177104275,0.1401468174659729,,,,,,,,,
PC2_B1,pc2,rough_forward,303,31,0,,999,0,0.26686890120493534,0.325593039393425,0.05870543189227262,0.41926011204328023,8.37138643146248,0.09286232817832688,0.037053344771265984,0.4176338165998459,-0.019978776574134827,-0.002667549459691998,950,0.11643511907148603,0.13066448721688087,0.13852161981468963,,,,,,,,,
PC2_B1,pc2,stairs_10_down,101,0,0,,999,0,0.2680770670347673,-0.39763587713241577,-0.6673807154364765,0.45780746122750626,10.021166597476663,0.06566893170594724,0.058684833347797394,0.45780473947525024,0.019239068031311035,0.027272525318166152,950,0.17897739546361438,0.18843490291336007,0.2128035853963348,1,7,1,2.32,0.2689567605123163,0.46927885329813585,0.1550093081226961,0.07769674062728882,12.15821272472778
PC2_B1,pc2,stairs_10_down,101,1,0,,999,0,0.2735913587126502,-0.3660908043384552,-0.640107930025315,0.41670812424136583,8.98328508717357,0.11247934333275034,0.045223336666822433,0.4151255339384079,0.007255107164382935,0.05133735432344322,950,0.45393669687292676,0.18002964493823737,0.17251082887666608,1,3,1,2.2,0.2806366643803643,0.4292292287320098,0.17693549697411892,0.022622019052505493,13.700309162972413
PC2_B1,pc2,stairs_10_down,101,2,1,3.68,999,0,0.2748128743095194,-0.40256164968013763,-0.6799476082949715,0.44803571041700746,10.40762536649769,0.06355890323854635,-0.021204261109232903,0.44692273437976837,0.007487639784812927,0.01738016363133721,134,0.10916769430929289,0.1377189954945795,0.10863250615736977,1,2,1,2.92,0.2654898313277545,0.45927907029335874,0.1383455362230699,0.0021541714668273926,10.457769139182851
PC2_B1,pc2,stairs_10_down,101,3,0,,999,0,0.29233368043912283,-0.3581171929836273,-0.6398403402318291,0.3668603953195309,10.78126942316241,0.1610762263469998,0.07422029599547386,0.355004221200943,0.012573480606079102,0.05588234172147866,950,0.4147062832991488,0.1998917257955998,0.24184298016391068,1,5,1,2.0,0.29827041485730343,0.47090646436156436,0.17996792901646008,0.0909830629825592,19.015029869255038
PC2_B1,pc2,stairs_10_down,101,4,0,,999,0,0.27263920144601306,-0.4088524132966995,-0.687433915979722,0.435174700561958,9.929560306361465,0.08244465185997193,-0.0005535022355616093,0.43343767523765564,0.009734883904457092,0.012566775561653976,950,0.41479019093923203,0.17192835462307096,0.11288590983371591,1,6,1,2.84,0.2628507679477733,0.45825681302349347,0.16834702083771247,0.08958306908607483,14.99614960634238
PC2_B1,pc2,stairs_10_down,101,5,1,5.44,999,0,0.3138510847792906,-0.3674697130918503,-0.6868994095746208,0.45380362245356476,10.366824640723681,0.08146023715147237,-0.026012223213911057,0.44973762333393097,0.02120666205883026,0.013101526760162518,222,0.22837494031130817,0.1799129563982802,0.11523372444170504,0,1,1,2.86,0.303939844197768,0.4997137408115723,0.21914034253135717,0.08812901377677917,18.458483738392335
PC2_B1,pc2,stairs_10_down,101,6,1,5.5,999,0,0.3186578704392846,-0.3798931986093521,-0.7000007629394531,0.44042949434513606,10.569846502212346,0.06903349766992968,-0.01683957688510418,0.4398569017648697,0.0036771446466445923,-0.0016042943944267751,225,0.15601275211872656,0.1493350053858691,0.12137950004640528,1,2,1,4.18,0.3071808950467543,0.4152272212232388,0.1365032321947781,0.031469255685806274,11.507918609259285
PC2_B1,pc2,stairs_10_down,101,7,0,,999,0,0.31037761637552536,-0.38769276440143585,-0.7000007425400026,0.4371176888888407,10.897509188969408,0.07390856851551864,0.005119882291182876,0.43697571754455566,0.007573947310447693,-0.0016033458199731232,950,0.4257066419798821,0.17363151198035082,0.12084444794938402,1,7,1,3.78,0.2943191026302583,0.46862324983454606,0.14068764240983977,0.08135160803794861,15.206812976342356
PC2_B1,pc2,stairs_10_down,101,8,1,3.74,999,0,0.3008015348630793,-0.3887745440006256,-0.6882362212726777,0.4650685538515268,11.1437137368106,0.056975817143364846,-0.00033124955371022224,0.4627741873264313,0.01157638430595398,0.011764449869247628,137,0.18807339390773004,0.14568387704299665,0.10067469855357902,1,7,1,2.88,0.28765705259726004,0.4461750022716434,0.1334244656690302,0.04104799032211304,10.418712680735778
PC2_B1,pc2,stairs_10_down,101,9,0,,999,0,0.3164146148106631,-0.37264665961265564,-0.6941186170527005,0.4671097840444392,10.929730058450648,0.06260192488306604,-0.03905674256384373,0.46592971682548523,0.0027135610580444336,0.0058819316925211584,950,0.2208655267567671,0.2107810241596743,0.10790295831933636,1,7,1,3.14,0.31070414042090355,0.4413517809743283,0.1446917010819848,0.04844135046005249,14.516318795789322
PC2_B1,pc2,stairs_10_down,101,10,1,5.86,999,0,0.27465877152062995,-0.4197325110435486,-0.6962569282654134,0.4467774733150848,10.167979556806252,0.06187551149723913,0.009015838615596294,0.44626083970069885,-0.005297750234603882,0.0021397952727456593,243,0.1938978752523537,0.15130557359861602,0.10168440973488645,1,3,1,3.48,0.26611674931597584,0.46484968028436463,0.1577598081234305,0.12277480959892273,20.82148642363701
PC2_B1,pc2,stairs_10_down,101,11,1,5.56,999,0,0.27013331890743686,-0.38083407282829285,-0.6513369555141837,0.4488098396508456,10.497825323253947,0.08045037424234397,-0.0032029449939727783,0.4470413327217102,0.03322845697402954,0.04064208046000273,228,0.3178350496739479,0.21391867737821132,0.29187314897926053,1,7,1,1.92,0.2700469981540333,0.42906060154433817,0.14227189912515525,0.08832862973213196,13.601999024475777
PC2_B1,pc2,stairs_10_down,101,12,0,,999,0,0.26921891783648,-0.3959440588951111,-0.6625675466608874,0.4858987255226974,9.49730091506653,0.07993578623710867,0.05425114929676056,0.48420292139053345,0.0118044912815094,0.03422517827487881,950,0.4444504393597981,0.20029918401711713,0.23143868692983577,1,4,1,2.08,0.26921891783648,0.5323221465690182,0.12956236470191873,0.018268853425979614,10.974453345146829
PC2_B1,pc2,stairs_10_down,101,13,1,4.34,999,0,0.2917591548539738,-0.37268027663230896,-0.6569522459876729,0.43715155382291765,9.981332044681846,0.0929525376149768,0.016380795277655125,0.4360846281051636,0.02193513512611389,0.03716626396791178,167,0.28042982943101274,0.20947072840419798,0.14725076741653229,0,1,1,2.2,0.28494463645838164,0.49477861761805586,0.16737294436138583,0.07325628399848938,18.226707263733633
PC2_B1,pc2,stairs_10_down,101,14,0,,999,0,0.24947600640396383,-0.378973126411438,-0.631016037680886,0.4006728865073129,7.753834867087015,0.1286009179262945,0.0099355923011899,0.39161279797554016,0.013482719659805298,0.06042904267336602,950,0.3729799989896085,0.1684748919598771,0.2331279883401902,1,7,1,2.1,0.2671021239005308,0.38915306328551313,0.1757072760140832,0.049831241369247437,14.661744071480662
PC2_B1,pc2,stairs_10_down,101,15,1,5.52,999,0,0.3075156329787351,-0.38467176258563995,-0.6978617632452817,0.4423443557235788,10.472463399796613,0.06664694437328872,-0.006744537502527237,0.4420643299818039,-0.01681835949420929,0.00213870390213744,226,0.2489430987655445,0.26368900955544716,0.12088343954550756,1,6,1,3.42,0.30097170899258574,0.4682560832745122,0.16782497005029162,0.06181079149246216,17.870140818027163
PC2_B1,pc2,stairs_10_down,101,16,1,12.86,999,0,0.31011487320463926,-0.37139391899108887,-0.6828884389948717,0.42570511717950277,10.616836517843211,0.10328893102327069,-0.016036827117204666,0.4185534864664078,0.010763972997665405,0.01711196695419559,593,0.34827308678599744,0.18073764590934357,0.13382643984194276,1,4,1,2.76,0.28555484139983034,0.457536603720382,0.17038597381688692,0.021956920623779297,10.66671385286326
PC2_B1,pc2,stairs_10_down,101,17,0,,999,0,0.2940437132343251,-0.36909177899360657,-0.649197899721523,0.4378248926948802,10.57490141028537,0.09638989086478301,0.05184261128306389,0.43782487511634827,0.029287517070770264,0.05026797942299266,950,0.4356362669624025,0.18172116673966948,0.19646019962565378,1,6,1,2.02,0.2918757539700697,0.4178573102915034,0.17857287656814658,0.13407942652702332,19.69774764449519
PC2_B1,pc2,stairs_10_down,101,18,0,,999,0,0.2625038844538245,-0.40270791947841644,-0.6636367481660078,0.455304113225967,10.211583529536085,0.08199643004549084,-0.04474944807589054,0.44979266822338104,0.0208025723695755,0.034224438794793866,950,0.5065650906435918,0.12163679627078859,0.23942435556766345,1,2,1,2.2,0.263392753460828,0.45943327621126423,0.1214733307055611,0.15261805057525635,23.081539002979834
PC2_B1,pc2,stairs_10_down,101,19,1,5.16,999,0,0.30674153215744915,-0.37053266167640686,-0.6807495361980906,0.4328875182694799,9.494483655781602,0.10085627676766684,-0.04697647504508495,0.42799463868141174,0.01996755599975586,0.019251491934220488,208,0.2099263072444697,0.17442155294340997,0.13790876661752402,1,2,1,2.76,0.30101462704612614,0.43755382955708144,0.2090657941479096,0.10927879810333252,22.55107529494307
PC2_B1,pc2,stairs_10_down,101,20,0,,999,0,0.303342234323369,-0.3935394585132599,-0.7000002937520888,0.4598994556079141,10.662542100186194,0.05535646421328534,-0.015619555953890085,0.45835748314857483,-0.007852643728256226,1.9379478100045588e-07,950,0.4593444345399924,0.14348132606071212,0.10920143183131446,1,2,1,3.52,0.2983723510714138,0.3982666384792766,0.1733378428507616,0.07385042309761047,14.870755696639588
PC2_B1,pc2,stairs_10_down,101,21,0,,999,0,0.29428204280488635,-0.37658169865608215,-0.6663107489519579,0.48098306558659054,10.407044822700504,0.07603884202760361,-0.03029564581811428,0.4683258384466171,0.020213574171066284,0.033690156783649616,950,0.23304673570624443,0.19653569930476583,0.1388960221793331,1,7,1,2.4,0.2981594726044864,0.48529420629285336,0.19941494840989138,0.08656030893325806,19.732865702931168
PC2_B1,pc2,stairs_10_down,101,22,1,3.48,789,0,0.2700009751606753,-0.40929216146469116,-0.6850279231759954,0.45499706805707935,10.346356903882604,0.06470943608294782,0.03772873990237713,0.4534483850002289,0.0035696327686309814,0.014972890762084301,124,0.10664644934587578,0.13815077696421085,0.10239602936138674,0,1,1,2.9,0.26799388747801756,0.49808811158166977,0.1321491519397593,0.051759421825408936,16.013550169381464
PC2_B1,pc2,stairs_10_down,101,23,1,11.84,999,0,0.285696113651449,-0.3761099874973297,-0.6550807850883607,0.4306291738735841,8.343249804772565,0.10223314401350045,-0.0233495831489563,0.4193755090236664,0.00045299530029296875,0.03957221087287455,542,0.30584116168351483,0.18719957670938764,0.24015046921472455,1,7,1,2.0,0.2759475190053011,0.4306291738735841,0.16639175102672477,0.13856419920921326,19.362739260743673
PC2_B1,pc2,stairs_10_down,101,24,0,,999,0,0.25120432802381365,-0.4069892466068268,-0.6470596344075739,0.5060234942488229,8.744172919351016,0.08260459131603512,0.02146616205573082,0.5058754086494446,0.00250127911567688,0.04331614754416724,950,0.4854990374468122,0.14561430121551566,0.2591621347957456,0,1,1,1.84,0.24240579978029997,0.48277213413462056,0.13830202881665155,0.13636943697929382,17.866044841217512
PC2_B1,pc2,stairs_10_down,101,25,0,,999,0,0.2691079123931773,-0.4284876734018326,-0.7000007425400026,0.42607383330935,9.651992277374571,0.08135583023276263,0.011202612891793251,0.42495349049568176,-0.005673244595527649,-0.0010693902000387112,950,0.43361496411253464,0.15392152203943826,0.11664883251922753,1,4,1,3.68,0.2571853722799271,0.48182714417822303,0.14610511319522557,0.11996829509735107,14.339424242326663
PC2_B1,pc2,stairs_10_down,101,26,1,3.6,999,0,0.27929586586467725,-0.3999263048171997,-0.6839582728829614,0.4508503711002794,10.59412598201298,0.0636250122936282,-0.00428556464612484,0.4505499452352524,0.013376623392105103,0.016042510455942294,130,0.11252268869416154,0.14178514367645623,0.09970842609696975,0,1,1,2.8,0.279556309634989,0.4738671920699023,0.1550685078065026,0.016776829957962036,11.399261092458117
PC2_B1,pc2,stairs_10_down,101,27,1,7.78,999,0,0.26770141433904515,-0.39983484148979187,-0.6671132582394197,0.4569667186931937,10.175882118998937,0.08165374769517653,0.007096280809491873,0.45669665932655334,0.020883828401565552,0.02540116131624437,339,0.3214519348168508,0.1904678761580438,0.10481367179383497,1,2,1,2.42,,,0.1542591997646393,0.17779818177223206,24.505054238963787
PC2_B1,pc2,stairs_10_down,101,28,0,,999,0,0.26638339053500787,-0.37174421548843384,-0.6363643656439959,0.4702999604547822,9.038194597279556,0.10161646949956044,0.0199783593416214,0.4638683795928955,0.023530930280685425,0.060427869704955506,950,0.4664223532265606,0.13121833817102185,0.12611946073248564,1,3,1,2.02,0.26937650056446305,0.4143943807489283,0.18944172919752766,0.11416691541671753,18.400170993353743
PC2_B1,pc2,stairs_10_down,101,29,1,5.42,999,0,0.25122685116880084,-0.4144807755947113,-0.6593589068734073,0.4988043610965686,8.636336248924117,0.06683723419695888,0.06906195729970932,0.4983905255794525,0.006856143474578857,0.034224709087514626,221,0.1705332479815664,0.2325302010317425,0.15597169820632314,1,5,1,2.08,0.2434440428879172,0.5162345745806801,0.14546656034846994,0.13410988450050354,14.121954204688437
PC2_B1,pc2,stairs_10_down,101,30,0,,999,0,0.31380370458498363,-0.37365883588790894,-0.6938514760471283,0.4191335238767352,9.650832912199913,0.09496751481855689,-0.01605850737541914,0.4178614467382431,0.0027513206005096436,0.006149205294522342,950,0.4973054187067237,0.15092877764011567,0.1458994259488926,0,1,1,3.34,0.3023219604224445,0.4408639236600299,0.20645592764099652,0.12416376173496246,21.47593257187484
PC2_B1,pc2,stairs_10_down,101,31,0,,999,0,0.28641832416707824,-0.38154295086860657,-0.6668460152365945,0.42504449105760694,10.288491724618783,0.11039679772271759,-0.019470620900392532,0.4231448471546173,0.02927839756011963,0.03315532908720131,950,0.41396813004754307,0.18402886130498003,0.15786859592821467,1,7,1,2.22,0.2927789898479686,0.45245135486813093,0.16828156170998032,0.0642600953578949,10.382183220976588
PC2_B1,pc2,stairs_10_down,202,0,0,,999,0,0.2436371095040265,-0.3985460251569748,-0.6417121479218019,0.46379769660801107,9.380895906329044,0.09214473178283802,0.042564159259200096,0.46210888028144836,0.02969624102115631,0.04705870725254324,950,0.4641478803442022,0.14267279819883236,0.1681728676086442,1,4,1,1.86,0.2504776561642713,0.3893277118397895,0.1672827728929367,0.16617320477962494,18.636351655603796
PC2_B1,pc2,stairs_10_down,202,1,0,,999,0,0.2501423068065694,-0.3921090364456177,-0.6256689591841265,0.42678162939021114,9.258896038831024,0.08836641406971454,0.0676327608525753,0.426107719540596,0.022161543369293213,0.059893246003013156,950,0.41919061311099143,0.19251517773405397,0.2617855893656003,1,7,1,1.74,0.2607451046214384,0.4363527973731611,0.1552047914362209,0.09342259168624878,17.941463345970227
PC2_B1,pc2,stairs_10_down,202,2,0,,999,0,0.30766799384578664,-0.3846457004547119,-0.6997332241445939,0.4270612708995396,11.597240394684096,0.0817417855965639,-0.01997578889131546,0.42687033116817474,0.017336130142211914,0.00026749799595793267,950,0.42828565024224285,0.18852468980779236,0.13357384718792506,1,6,1,3.38,0.2937113000428613,0.4964510664408056,0.13881320382822004,0.07995399832725525,13.729664666326624
PC2_B1,pc2,stairs_10_down,202,3,0,,999,0,0.2845408717260004,-0.3692445158958435,-0.6302146146641695,0.3899583081974529,9.87460945205639,0.14259189924950588,0.024450484663248062,0.389278769493103,0.004949092864990234,0.06711239228274102,950,0.4240505734440726,0.21003941648909732,0.307946999697875,1,6,1,1.96,0.2926991529324475,0.45695199616086285,0.17985618815702553,0.037105053663253784,14.991727564808215
PC2_B1,pc2,stairs_10_down,202,4,0,,999,0,0.3178476266523096,-0.37660151720046997,-0.6989313574398266,0.4401993728239776,11.203792925084048,0.06932817672121902,-0.030328541062772274,0.43767258524894714,0.01294928789138794,0.0010697522902870515,950,0.4379006748706272,0.13739078189461446,0.11967416173458391,1,5,1,3.36,0.2953688258474524,0.4394606343446445,0.16394962713042682,0.09014305472373962,13.344331234631554
PC2_B1,pc2,stairs_10_down,202,5,0,,999,0,0.2631733860561555,-0.3722969591617584,-0.630481883166308,0.47594823089836796,10.424565275212931,0.09693095842290009,0.01329551450908184,0.4694746136665344,0.047490984201431274,0.06524095178287936,950,0.22664951816212808,0.1633709289722642,0.1580179277093722,1,7,1,1.92,0.2691705480297619,0.4891915085319463,0.1759374921015877,0.15248611569404602,14.48886699207799
PC2_B1,pc2,stairs_10_down,202,6,1,6.1,999,0,0.2679905893012164,-0.39861978590488434,-0.6585569738704253,0.48112225940487996,9.766173393064767,0.0487569895874611,0.031753137707710266,0.48033925890922546,0.00949983298778534,0.0382353226768779,255,0.1547572653355312,0.2411555120848342,0.12640503643450468,1,7,1,2.14,0.2700615270252533,0.4856802672285928,0.14829230706959484,0.086434006690979,18.092410824954722
PC2_B1,pc2,stairs_10_down,202,7,0,,999,0,0.2510583453318652,-0.3617081493139267,-0.6149740117118958,0.4224527283357586,9.53959952088519,0.14404041301069098,0.029791170731186867,0.39796943962574005,0.0309116393327713,0.0732622350600951,950,0.42420469188566773,0.1910724817059206,0.2066004087959029,1,6,1,1.94,0.28090188321582776,0.39609694333738543,0.1692970650081329,0.10119399428367615,14.959837934707414
PC2_B1,pc2,stairs_10_down,202,8,0,,999,0,0.2620771397403217,-0.41280101239681244,-0.6799471901062338,0.4397406866617424,10.369445671733107,0.08774021386635739,0.014461623504757881,0.43733076751232147,0.009563222527503967,0.02005325664173474,950,0.2329486560928266,0.16066138682213715,0.11059826756110365,1,7,1,2.56,0.25814068954896163,0.46521420161675414,0.16632891689392337,0.0605643093585968,14.417113016777186
PC2_B1,pc2,stairs_10_down,202,9,0,,999,0,0.2880954451580099,-0.36703692376613617,-0.654278683789911,0.42342005887290357,9.78864818153976,0.1256962854618754,0.021685742773115635,0.4153009355068207,0.026902034878730774,0.04304870054683585,950,0.47333308817775477,0.17013550244558123,0.28348292404935155,1,3,1,2.02,0.29495685989843967,0.397073315629909,0.13940487921556688,0.10504657030105591,22.375050549752945
PC2_B1,pc2,stairs_10_down,202,10,0,,999,0,0.3091207168159638,-0.3806343525648117,-0.693583717958175,0.44862463895805915,10.481217348456894,0.06622093089354969,-0.0027398758102208376,0.44702504575252533,0.009258046746253967,0.006416422798034338,950,0.24804217026686376,0.18366391911623603,0.1191776835282949,1,7,1,3.32,0.29581943887440276,0.400039059041281,0.13987474996138383,0.06636786460876465,14.418251432878051
PC2_B1,pc2,stairs_10_down,202,11,1,6.52,999,0,0.2851597820533151,-0.4015281945466995,-0.6909097069724996,0.4783012220317706,11.215014659911631,0.045956788190840876,0.010525540448725224,0.4779188632965088,0.0038450807332992554,0.008555794782179493,276,0.18078464062371177,0.16298574096271354,0.09215688663296948,1,3,1,3.24,0.2815368114945723,0.48423101996767415,0.1315709588361934,0.05587795376777649,13.444798781831762
PC2_B1,pc2,stairs_10_down,202,12,0,,999,0,0.2601406330412085,-0.4164220690727234,-0.6721936598181087,0.4586991258683327,9.578217393166213,0.058639852910104893,0.05434002727270126,0.4575377404689789,-0.004608571529388428,0.024598238939907424,950,0.418617321037321,0.25255300310143536,0.18098762313364275,1,7,1,2.48,0.2579670102201044,0.45709021577027725,0.15449766057697845,0.03476044535636902,18.071659159228364
PC2_B1,pc2,stairs_10_down,202,13,1,4.86,999,0,0.30375465543512353,-0.3809101730585098,-0.6914448967591964,0.4510138624886916,10.080601325749269,0.06696413098313102,-0.01388498954474926,0.44985872507095337,0.02206338942050934,0.008555978377235096,193,0.13930111273952767,0.15371678507661582,0.1124769695769697,1,7,1,3.18,0.2901990494944833,0.45347181958228777,0.14521428847057938,0.055642932653427124,14.82172032182094
PC2_B1,pc2,stairs_10_down,202,14,1,3.34,999,0,0.2660770483195463,-0.41808949410915375,-0.6882362110729523,0.45394778380816864,9.152379746766648,0.06332196778103939,-0.0011771153658628464,0.45373038947582245,0.005856797099113464,0.011764164276939049,117,0.09827831915238022,0.09893298333356687,0.09465027872352748,1,3,1,2.82,0.2534197629454301,0.49951702839438283,0.1348993529610455,0.044461846351623535,9.992748052950468
PC2_B1,pc2,stairs_10_down,202,15,1,4.66,999,0,0.2722848519125087,-0.42193588614463806,-0.6978616102494021,0.43301741401918326,10.190150676153658,0.0853254086320829,-0.028085092082619667,0.4302159696817398,-0.0028668642044067383,0.0021387345013134107,183,0.15212771813561657,0.13021890197124938,0.10547087774815357,1,7,1,3.22,0.2566623733961646,0.5059214453227862,0.1601289869311021,0.06505444645881653,13.553980584371724
PC2_B1,pc2,stairs_10_down,202,16,0,,999,0,0.3131414925191492,-0.35913193225860596,-0.6705887075413994,0.4179303271032356,10.328064068333212,0.1115785297629795,-0.013048898428678513,0.4155445843935013,0.01714983582496643,0.02941206559777898,950,0.21069744514960909,0.20532294485530883,0.13385414545657184,1,7,1,2.36,0.30154348790326857,0.4099204701087176,0.19430634411261039,0.09515208005905151,14.719031379141722
PC2_B1,pc2,stairs_10_down,202,17,0,,999,0,0.27346377026907265,-0.39126963913440704,-0.6652413689516445,0.45431445615260846,10.904700682120978,0.06880787790887341,0.007614766247570515,0.45428504049777985,0.0054259151220321655,0.0347593837880833,950,0.4147047656668054,0.16536619865799734,0.15739098271143084,1,7,1,2.22,0.27456824728511875,0.48581250833726874,0.17626046608476076,0.06574684381484985,16.162066230949286
PC2_B1,pc2,stairs_10_down,202,18,0,,999,0,0.28184477060555135,-0.38373833894729614,-0.6697864736465209,0.4601378935785792,10.399805672085675,0.06911039360118817,-0.004697542637586594,0.45990483462810516,0.007569432258605957,0.03021431989210821,950,0.41672775737153844,0.1727639519768169,0.12494699117058773,1,7,1,2.44,0.2792304035495309,0.4523214320046051,0.1732862751114177,0.0792061984539032,14.205094937744184
PC2_B1,pc2,stairs_10_down,202,19,0,,999,0,0.29663494906642224,-0.36066165566444397,-0.6516048971981926,0.4345551285403004,11.834429208282685,0.10082065659569225,0.05305584706366062,0.4299948513507843,0.030584514141082764,0.046791744742163965,950,0.2549398174390521,0.19455766896484053,0.22535422220954113,1,7,1,2.02,0.29761674777071745,0.5230205134356785,0.16797115617894876,0.10612703859806061,18.541228966529694
PC2_B1,pc2,stairs_10_down,202,20,1,7.1,999,0,0.27126974473025073,-0.42388468980789185,-0.6967919548565054,0.4402645581773778,9.947833364006998,0.07591580959791105,0.0322071835398674,0.4395715147256851,-0.009478777647018433,0.003208349095308871,305,0.18585674434810012,0.17405705138962246,0.10477911174505843,1,3,1,3.64,0.2660682883492128,0.4715794609000282,0.1394389534697813,0.024037271738052368,11.659810578486244
PC2_B1,pc2,stairs_10_down,202,21,0,,999,0,0.3122396972727648,-0.3775242567062378,-0.6922466104680842,0.43729936802779223,11.076018804400743,0.0707165772892916,0.011368934065103531,0.43681174516677856,0.009999513626098633,0.006684517477922869,950,0.3049243869657324,0.21139253531529903,0.11882852903598319,1,7,1,3.38,0.2892604694965689,0.4258104870680657,0.14756810856375469,0.04553833603858948,17.072218129216363
PC2_B1,pc2,stairs_10_down,202,22,0,,999,0,0.2625722332115479,-0.39237305521965027,-0.6406421967368713,0.48015566892282174,8.020617503677405,0.09024418089164522,0.038329847157001495,0.4793386459350586,0.017846137285232544,0.047593295255446755,950,0.20833734558015823,0.14958757638278203,0.262520790676097,1,7,1,1.76,0.2607207277560617,0.43616100426491705,0.14035672666554777,0.10305875539779663,14.106086806245228
PC2_B1,pc2,stairs_10_down,202,23,1,10.74,999,0,0.2603881182198856,-0.4184243828058243,-0.6812839406059388,0.4496883945751055,9.397023963891137,0.06733225864451858,0.03654995374381542,0.4489145129919052,-0.002154603600502014,0.018716128752193306,487,0.4886353038628951,0.20795502086557507,0.09913183248049444,1,2,1,2.78,0.24799384407818637,0.4769670427031887,0.14808661223732855,0.08906364440917969,13.868377892756797
PC2_B1,pc2,stairs_10_down,202,24,1,3.32,999,0,0.2848749563974493,-0.36715611815452576,-0.650268258895466,0.43923647509805697,7.964963505881578,0.0901200853262723,0.04142855852842331,0.436943382024765,0.007968246936798096,0.04064204986082676,116,0.20413458723315026,0.3298523700443852,0.17674930718016615,1,7,1,1.98,0.27896916085386025,0.4765085742814118,0.16920054197948886,0.07156595587730408,15.038562887495447
PC2_B1,pc2,stairs_10_down,202,25,1,5.18,999,0,0.26416372009777134,-0.40368515253067017,-0.6668455154500543,0.4672078673026337,10.776982256654653,0.05558237253052965,-0.009074537083506584,0.4591033160686493,0.019005954265594482,0.02780770490513762,209,0.33901238608252576,0.18445960116549592,0.10835640059054061,0,1,1,2.38,0.24717080178745288,0.40965349572095594,0.1518420771481519,0.05030640959739685,11.88839461500062
PC2_B1,pc2,stairs_10_down,202,26,1,7.56,999,0,0.30719497688313857,-0.353904590010643,-0.6623002220602596,0.44534961127406847,9.982740734096328,0.10470749132714889,0.019524484872817993,0.4362863153219223,0.02918146550655365,0.036096215885590754,328,0.26679106825116344,0.21248241775734608,0.12854997925018974,1,4,1,2.38,0.30532535241249414,0.38805661313578954,0.24620329967157084,0.11862240731716156,21.288724517642574
PC2_B1,pc2,stairs_10_down,202,27,1,5.38,999,0,0.26980830075587814,-0.42717333137989044,-0.6983964991442022,0.43330469445963316,9.259855406288644,0.07759314518122498,0.010830794461071491,0.43226858973503113,-0.008286073803901672,0.0005348225965857711,219,0.13175280552401583,0.14044935555273236,0.10536998718702661,0,1,1,3.8,0.261342213753073,0.4462799186042708,0.15345067662351275,0.09812799096107483,12.912814351545942
PC2_B1,pc2,stairs_10_down,202,28,0,,999,0,0.29897289918387004,-0.39186082780361176,-0.6962580553350601,0.4375923063010995,11.211749948503781,0.06510977041084959,-0.021260752342641354,0.4374070465564728,0.0012728124856948853,0.0037427994019207933,950,0.39065487763089424,0.20653586756200926,0.12759491797866773,1,6,1,3.26,0.29265935392303266,0.4272414217007149,0.22860750699425758,0.11922141909599304,20.495315194383515
PC2_B1,pc2,stairs_10_down,202,29,0,,999,0,0.280210236973941,-0.36783193051815033,-0.6417117603322402,0.46087456453164266,11.184741603046081,0.10749660198388608,0.03260980732738972,0.45937280356884,0.042157068848609924,0.05668477961086327,950,0.37877560633033724,0.20746181050748394,0.14559812095947314,1,7,1,2.04,0.28329787216084523,0.4099413852707921,0.19451393896245706,0.0884881317615509,18.95367972249934
PC2_B1,pc2,stairs_10_down,202,30,1,3.24,999,0,0.266543291070882,-0.41275253891944885,-0.6836905504930466,0.44273943916503455,9.687758709075474,0.07326154734618512,0.0009325597202405334,0.4420896917581558,0.00037351250648498535,0.016310334843110175,112,0.1080618875544657,0.12211427467080423,0.10461962254161934,1,3,1,2.74,0.26432961862992477,0.44719014293690945,0.12338283737713007,0.0653335452079773,13.55405344376856
PC2_B1,pc2,stairs_10_down,202,31,1,5.24,999,0,0.27380573406895214,-0.4033485949039459,-0.6807495412979534,0.4614053612228669,10.708168597425253,0.0625107758566012,-0.03057335689663887,0.46059247851371765,0.0004781186580657959,0.017646957846248812,212,0.27622695105554756,0.13597473121595058,0.09994238310644546,1,5,1,2.82,0.2734227242635533,0.4854837997706016,0.17672278106531358,0.011951476335525513,10.25234763103454
PC2_B1,pc2,stairs_10_down,303,0,1,4.38,999,0,0.31206865281982216,-0.36748629808425903,-0.6802147798997196,0.4367744064154823,10.41195606716941,0.1021409815908492,0.02181866765022278,0.43310587108135223,-0.00018388032913208008,0.0197860340383601,169,0.2475220766983396,0.2472905034367437,0.13264801135477836,1,7,1,2.64,0.3054416468117964,0.42200100409857155,0.18493573407438346,0.10101521015167236,16.737310681227783
PC2_B1,pc2,stairs_10_down,303,1,0,,999,0,0.2751796968321112,-0.39775705337524414,-0.6735303032206978,0.4479842399363183,10.545645435499802,0.08233591331460532,-0.0006151814013719559,0.447252556681633,0.011970579624176025,0.025935800317774538,950,0.2810436656633093,0.2214846144063403,0.14462355911825628,1,7,1,2.52,0.26668984765674975,0.46538777957031,0.16264044840068104,0.1024150550365448,11.221492122318494
PC2_B1,pc2,stairs_10_down,303,2,1,2.72,999,0,0.28875593482491807,-0.37588661909103394,-0.6633698774531563,0.4389109788760454,10.372949986983823,0.08921430955362511,-0.009253958240151405,0.43453413248062134,0.02272537350654602,0.03663119147805605,86,0.13791286394729582,0.15312830502618563,0.13791286394729582,1,7,1,2.24,0.28362939765746575,0.4122671256928966,0.1451194146100212,0.06381475925445557,13.825283799761063
PC2_B1,pc2,stairs_10_down,303,3,1,7.66,999,0,0.307889027949323,-0.38588041067123413,-0.696524890348873,0.44498803884827254,11.547239868557224,0.06705094623733682,-0.021242252551019192,0.4445688724517822,0.0075370073318481445,0.0034762703798671968,333,0.3077934436961986,0.2483580887864949,0.1259637179841197,1,7,1,3.4,0.28949249986021275,0.4754473373514866,0.15779440622916197,0.04841870069503784,16.1022337374429
PC2_B1,pc2,stairs_10_down,303,4,0,,999,0,0.2904289085119166,-0.3690088540315628,-0.6518722931968974,0.4137927207020922,9.466269046439198,0.11044072583956482,0.04213404003530741,0.4105015844106674,0.013133808970451355,0.03903771976736137,950,0.22014890799912074,0.22345324644663936,0.22677576336049285,1,7,1,2.06,0.274791430980764,0.4136366858493149,0.12880816800709072,0.2089252918958664,16.641368186581527
PC2_B1,pc2,stairs_10_down,303,5,0,,999,0,0.2710171498079351,-0.38454073667526245,-0.6647065004562949,0.4509390202110296,7.997675557076131,0.07269006639816923,0.015116678550839424,0.4497174620628357,-0.001236647367477417,0.031016416090695054,950,0.19417232824976285,0.18687601223824904,0.21101567640354044,1,7,1,2.24,0.27884244520396473,0.4325932925590322,0.12082855554825478,0.0339106023311615,19.200034775058807
PC2_B1,pc2,stairs_10_down,303,6,1,3.32,999,0,0.29815514337889015,-0.36856813728809357,-0.668450386128961,0.4694000106116215,10.930976123146385,0.07458294232977723,0.039305202662944794,0.46710117161273956,0.013777241110801697,0.0315512131879675,116,0.12061560453796093,0.1752772698166254,0.10484968016471855,0,0,1,2.48,0.28032906345505126,0.4466095889818026,0.11769600603032238,0.04341697692871094,14.601961362139372
PC2_B1,pc2,stairs_10_down,303,7,0,,999,0,0.3128757649723859,-0.3830712139606476,-0.6978619570400626,0.46608093060375233,10.349847522854915,0.04957618106811622,0.003724515438079834,0.46572549641132355,-0.004713594913482666,0.0021388670977423585,950,0.4295027564598491,0.16574083386838445,0.09824871874640988,1,5,1,3.28,0.29565944279578915,0.44428829448411583,0.14649934612493465,0.14302733540534973,21.910840448335808
PC2_B1,pc2,stairs_10_down,303,8,0,,999,0,0.2745074052064814,-0.3757580369710922,-0.6441179571304729,0.4906843110260771,8.683245087264897,0.09623816144665967,0.021502326708287,0.48489539325237274,0.028972938656806946,0.04251370965478252,950,0.4266787405364436,0.19502843621159455,0.21976663744976982,1,7,1,1.82,0.2695973898000258,0.5037816205237111,0.15363228894809988,0.09729370474815369,14.509654849339874
PC2_B1,pc2,stairs_10_down,303,9,0,,999,0,0.29560184789532645,-0.3791723847389221,-0.6724605815295868,0.4548970066031225,10.251091060874394,0.09047854751863073,0.00786283053457737,0.4535231739282608,0.010649621486663818,0.027539824419480552,950,0.4296529185424916,0.22302843437720102,0.12295216354582414,1,6,1,2.54,0.2922318888539299,0.4225352178483742,0.16563560283757783,0.08385917544364929,15.007284866758168
PC2_B1,pc2,stairs_10_down,303,10,1,3.02,999,0,0.2682331090464311,-0.37970784306526184,-0.6358294410501573,0.4146150995308986,9.296456673914909,0.11800965906931624,-0.008791563101112843,0.40946704149246216,0.0045573413372039795,0.05775379752092813,101,0.24234603772248323,0.13722072145250394,0.24130663359408144,1,7,1,2.1,0.2722846475195757,0.38782227272631437,0.1675475515465048,0.04373902082443237,12.884527021650106
PC2_B1,pc2,stairs_10_down,303,11,1,4.98,999,0,0.2798850507659708,-0.37834131717681885,-0.6524071820916977,0.4654293611067879,8.661362696144575,0.10361613393375718,0.025376195088028908,0.4646257162094116,0.017586350440979004,0.04491983505493813,199,0.27999357922968837,0.15465450238479503,0.1532370237663793,1,2,1,2.18,0.28022120677851103,0.49030206284596545,0.16401958704632236,0.08295008540153503,18.380599866388778
PC2_B1,pc2,stairs_10_down,303,12,1,4.9,999,0,0.2971927650312689,-0.384573757648468,-0.6842250160992465,0.46252982280816823,9.35772572302799,0.06962995995611276,-0.0017640460282564163,0.46088750660419464,0.00032508373260498047,0.01470584665390251,195,0.19031756747703324,0.2008213202072597,0.10649974978911592,1,2,1,2.9,0.29017115213016775,0.4790658667542863,0.23604074997060442,0.11986248195171356,21.6689249288834
PC2_B1,pc2,stairs_10_down,303,13,0,,999,0,0.2939445325397553,-0.3763391971588135,-0.6721929356376117,0.4377517852361057,10.48081920336987,0.09517349119195573,0.009564056992530823,0.4360945224761963,0.010043710470199585,0.027808163892776627,950,0.41480435548897066,0.18733068924848997,0.1270744989091501,1,6,1,2.42,0.2937035176524504,0.48513905203825464,0.13518085533922364,0.05678296089172363,13.693617046297293
PC2_B1,pc2,stairs_10_down,303,14,1,3.9,999,0,0.26771834660022653,-0.41931913793087006,-0.6898401178778174,0.4642521463667171,10.152874509010203,0.053163342741868826,0.008680806960910559,0.4629243314266205,-0.002741768956184387,0.008020987485181874,145,0.10434583150150299,0.1144258478100258,0.08704748543232918,0,1,1,3.28,0.2629207241981425,0.4661119572658466,0.11356753939613307,0.0773126482963562,13.565312887800959
PC2_B1,pc2,stairs_10_down,303,15,0,,999,0,0.28960103736841747,-0.3638756573200226,-0.6502681976971142,0.4439201105374441,8.618875096020501,0.10817747157643683,-0.009452840313315392,0.4424932897090912,0.005440503358840942,0.04492009004807085,950,0.423040302385928,0.19696115966102715,0.2551498998445567,1,5,1,1.88,0.28960103736841747,0.44270820220667206,0.13720331663753893,0.08275005221366882,18.146448603004966
PC2_B1,pc2,stairs_10_down,303,16,0,,999,0,0.26678329746034696,-0.393942192196846,-0.6588239363808046,0.4533712726957759,9.543497633905371,0.09204056657117969,0.006588031305000186,0.45057931542396545,0.019499048590660095,0.04117731614546338,950,0.27739382668350476,0.16333868113065522,0.20552291817163607,1,7,1,2.12,0.2650309536546309,0.49130431041789774,0.15416224834753234,0.07627129554748535,14.820678985755576
PC2_B1,pc2,stairs_10_down,303,17,0,,999,0,0.28910409687037136,-0.4082898646593094,-0.6991985545438879,0.43696415624700624,11.71297867880423,0.07082018718079441,0.007705091964453459,0.43666285276412964,-0.0007326453924179077,0.0008017902068275795,950,0.45544349717278826,0.12469524923863351,0.11803560815902009,0,1,1,3.74,0.2788413453867091,0.4479730129563799,0.20387075435031543,0.14889724552631378,22.28922718071237
PC2_B1,pc2,stairs_10_down,303,18,0,,999,0,0.2631041522332054,-0.37892401218414307,-0.637968552941307,0.45659371952071054,8.662927300971319,0.11754334731662604,-0.009253405034542084,0.45026278495788574,0.0258142352104187,0.047058819449521616,950,0.18651623241593518,0.16496734870141855,0.2664227551403291,1,7,1,1.72,0.25668968395753344,0.45838856942271217,0.13351336121559143,0.19889970123767853,16.36826464930184
PC2_B1,pc2,stairs_10_down,303,19,1,3.18,999,0,0.26868860288099805,-0.40927764773368835,-0.6826211857923212,0.43635593272409634,10.347928880432864,0.08066901286414865,-0.006401780294254422,0.43331125378608704,0.022221803665161133,0.017379577147131897,109,0.10879855188556654,0.1465488020516103,0.10868170159239325,1,7,1,2.78,0.26860850316317963,0.43604849908362026,0.10993741221606412,0.03092983365058899,11.87130753484249
PC2_B1,pc2,stairs_10_down,303,20,1,16.86,999,0,0.24191258632563017,-0.39650020003318787,-0.639572918733811,0.4458101842481698,9.576164759300848,0.09325543210138194,-0.016553455963730812,0.4451342523097992,0.01875096559524536,0.0449194066664752,793,0.41824667629492207,0.15450506569767025,0.29498715520433566,1,6,1,1.8,,,0.14782522610802062,0.18265300989151,14.785097075958387
PC2_B1,pc2,stairs_10_down,303,21,0,,999,0,0.295659781777285,-0.3916894495487213,-0.6933159343699082,0.460059907202962,10.619070881700486,0.056775766285329356,-0.01453715842217207,0.459345743060112,0.018428266048431396,0.006684481778884366,950,0.3165234129094932,0.23688035929912543,0.10377982481493371,1,7,1,3.2,0.28795569497633744,0.48368567249858657,0.15917877829011107,0.05311459302902222,14.893759366397472
PC2_B1,pc2,stairs_10_down,303,22,0,,999,0,0.30351213027130475,-0.37144680321216583,-0.6700541297382212,0.425534674745469,9.342254331624595,0.10035039162097473,-0.005348290782421827,0.4202606827020645,0.01337076723575592,0.026738064811828943,950,0.27142594723041685,0.21973930820526766,0.13552397644716144,1,7,1,2.7,0.28186882992479256,0.44122620834237947,0.11403408710331842,0.018847167491912842,12.636351850198494
PC2_B1,pc2,stairs_10_down,303,23,1,4.66,999,0,0.29383823315408775,-0.3895806819200516,-0.6860971501804292,0.46411183529067357,11.034828414444881,0.05964763898042694,-0.045127635821700096,0.46288999915122986,0.011056110262870789,0.013903602559298678,183,0.13840311622205848,0.16284347741665434,0.10681014684695102,1,2,1,2.92,0.28269757768687076,0.4902397866862844,0.1738230546209264,0.08157646656036377,19.66259980745662
PC2_B1,pc2,stairs_10_down,303,24,1,4.68,999,0,0.27746339006857434,-0.37039491534233093,-0.6491988584957021,0.4340405242062264,8.837446118533434,0.09259719962802221,0.02764829248189926,0.43386542797088623,0.020850688219070435,0.039037837064202385,184,0.3657340500029068,0.1845891325250396,0.15538201048955194,1,7,1,1.98,0.2649516775646311,0.4675667068789622,0.1690419306729567,0.0792844295501709,17.443049319146557
PC2_B1,pc2,stairs_10_down,303,25,1,11.94,999,0,0.30252940602162304,-0.38552330434322357,-0.6903751903676731,0.4496806684289548,11.49538905183407,0.06752858510978962,-0.01809819508343935,0.44703325629234314,0.002695217728614807,0.00962558277150527,547,0.27320733998698143,0.20787030029137593,0.1153886616576544,1,7,1,3.08,0.29385654476874656,0.427202439855651,0.21210081819544502,0.12166965007781982,17.971383433048917
PC2_B1,pc2,stairs_10_down,303,26,0,,999,0,0.2838981687066389,-0.3796292692422867,-0.6655087445508987,0.4530075859950401,10.460401044540129,0.07586575199051077,0.017539532855153084,0.4528139680624008,0.028202220797538757,0.03235317679012528,950,0.2620478928886735,0.23559773565396372,0.13573404817586157,1,7,1,2.42,0.2801951270371197,0.47978735827716246,0.16598239301997708,0.06906828284263611,15.290007437136188
PC2_B1,pc2,stairs_10_down,303,27,1,4.32,999,0,0.2665420689366081,-0.3845454454421997,-0.6545461613864185,0.45575494891748103,10.202443943742269,0.11034510512249754,0.03106721770018339,0.4486154317855835,0.027453362941741943,0.039572266971363734,166,0.2844498963437914,0.17312746502931134,0.29696113025709514,1,6,1,1.82,0.2767490169262503,0.4394662312975637,0.14352372065584929,0.05985423922538757,11.59061349202009
PC2_B1,pc2,stairs_10_down,303,28,0,,999,0,0.30106340978234847,-0.3560923933982849,-0.6508029998942493,0.4065701926238092,11.267645616774015,0.1145141000593681,0.024984929710626602,0.40495747327804565,0.008128821849822998,0.04705933963551234,950,0.2500705429168994,0.2643235157719241,0.17939354440095467,1,7,1,2.18,0.30620628467855604,0.4508875453035709,0.16992508233549763,0.08894932270050049,22.18016836785535
PC2_B1,pc2,stairs_10_down,303,29,0,,999,0,0.31466505736271966,-0.37681470811367035,-0.6951879256549366,0.44016704404842505,11.135194335621842,0.08031394931673264,-0.04403599910438061,0.4376583844423294,0.00041900575160980225,0.004812847484241822,950,0.39642874912487236,0.21256085810288491,0.12746458350080234,1,6,1,3.48,0.302230769778318,0.4299285060697806,0.21558046085949245,0.07392019033432007,17.117144474744034
PC2_B1,pc2,stairs_10_down,303,30,1,6.38,999,0,0.27389304825966376,-0.3915686011314392,-0.6641719328528419,0.46318326160130313,10.354517235032395,0.06296985454478016,-0.01824250817298889,0.4631817638874054,0.020055025815963745,0.027808306688930973,269,0.18869232454778884,0.31114476626221366,0.1476687191112499,1,7,1,2.16,0.26653748798497856,0.43410819504808085,0.14976077730005433,0.13676968216896057,17.618871353425973
PC2_B1,pc2,stairs_10_down,303,31,1,13.96,999,0,0.26952785277430386,-0.40163303911685944,-0.6644393543508601,0.46566705417584475,9.84750122457202,0.06164941982203011,-0.004323579370975494,0.4653811752796173,0.014251604676246643,0.03449189599185065,648,0.34013914774893367,0.19437229868556152,0.17470414696911968,1,7,1,2.22,0.26502668857574463,0.46475314795682293,0.13991127820575944,0.05313494801521301,9.58213671329111
PC2_B1,pc2,stairs_15_down,101,0,1,3.28,999,0,0.26848194401531933,-0.7372516691684723,-1.001068824115284,0.4691582703457089,10.118696988264421,0.07922761840320036,0.057671718299388885,0.4683540016412735,0.025797635316848755,0.040909155167360156,114,0.20251401716311654,0.18902922778237116,0.19674852750747465,0,0,1,2.3,0.2536137553459821,0.4988270508379721,0.127582342229425,0.043844521045684814,14.219477781928692
PC2_B1,pc2,stairs_15_down,101,1,1,3.32,999,0,0.2717343533740324,-0.7244536280632019,-0.9866308528471758,0.3760704873826317,8.319468690047005,0.1425431801066521,-0.01907902956008911,0.37432658672332764,0.002955913543701172,0.050534284051089284,116,0.2585555227426741,0.17170274723141235,0.23082294945065152,0,0,1,2.58,,,0.14031506923430748,0.03150773048400879,15.609983951020421
PC2_B1,pc2,stairs_15_down,101,2,1,3.28,409,0,0.2668711855449779,-0.7493211627006531,-1.0195184493447371,0.4498166030102107,10.275719913904846,0.06440020198543385,-0.007384872063994408,0.4491459131240845,0.010240256786346436,0.026470123127819933,114,0.11217840580552173,0.10952853170537263,0.11041866930548468,0,1,1,2.9,0.25310017877721536,0.4475894481088361,0.1112529370874007,0.10249143838882446,23.395868587014018
PC2_B1,pc2,stairs_15_down,101,3,1,2.26,515,0,0.27502387411454143,-0.7090227007865906,-0.9834218458695845,0.3926014038928024,9.3863833497222,0.14980839608846752,0.03162582591176033,0.3815614581108093,0.011508703231811523,0.06016102959128,63,0.15827752147318297,0.17800637170376438,0.15827752147318297,0,0,1,2.02,0.26693100119657054,0.37958708711277717,0.12426518852060486,0.12688398361206055,20.750640056084716
PC2_B1,pc2,stairs_15_down,101,4,1,3.14,246,0,0.27082088462171716,-0.755662739276886,-1.0315504227092558,0.4353358809067419,9.570565268523268,0.09049088185304935,0.017384137958288193,0.43369120359420776,0.012927055358886719,0.018448987746621404,107,0.11159205166286106,0.11218402451770285,0.11260452095642033,0,1,1,2.84,0.25180495614036524,0.47232758321257656,0.10200306566003814,0.1272268295288086,19.372182571341714
PC2_B1,pc2,stairs_15_down,101,5,1,3.42,999,0,0.3099895047950234,-0.7118320763111115,-1.0307479797200085,0.4396740240259178,9.881568759498755,0.09336540073658736,-0.02794022671878338,0.4367569833993912,0.02683994174003601,0.01925135933779143,121,0.14324568076732172,0.14971736225284313,0.12315246489535966,0,1,1,2.9,0.29281601803825497,0.43677488126937225,0.140229709964385,0.02902233600616455,9.603674885027942
PC2_B1,pc2,stairs_15_down,101,6,1,5.18,999,0,0.32160755513823613,-0.725319117307663,-1.0499991248635685,0.44168992966662435,10.798154094533157,0.07588367775363647,-0.03104778565466404,0.4405932128429413,0.009019166231155396,-0.0024058296081217456,209,0.15700701133120998,0.1439444839363705,0.11910047818918103,0,0,1,4.16,0.28645939909838103,0.4201110406954264,0.1542259878653256,0.026893436908721924,11.352842941244687
PC2_B1,pc2,stairs_15_down,101,7,1,7.12,999,0,0.31247268402002715,-0.7336758077144623,-1.049999206461371,0.4385202689843132,10.993268301040374,0.06746161588297651,0.00698031485080719,0.4383670687675476,0.008260220289230347,-0.0024063497941124723,306,0.34375010896967806,0.17481345629444234,0.12322879051147165,0,0,1,3.74,0.2793300766995884,0.39218315516592855,0.11419399090629212,0.02731025218963623,13.62670702016116
PC2_B1,pc2,stairs_15_down,101,8,1,3.34,999,0,0.29860702985748244,-0.7347991168498993,-1.0323524322101778,0.46129856689733245,11.161032544564488,0.06521831090046137,0.012477278709411621,0.4584546983242035,0.015897244215011597,0.017646825249819642,117,0.11723364850108069,0.1260571961180936,0.10849073946347143,1,2,1,2.9,0.27253581623342593,0.4755924872131542,0.11802776165824524,0.0018767118453979492,10.855036565459715
PC2_B1,pc2,stairs_15_down,101,9,1,3.64,999,0,0.31404316600631266,-0.7227399349212646,-1.0411756076914742,0.4650517647756187,10.902703230274302,0.06274561741815095,-0.046299416571855545,0.4629625380039215,0.0026540756225585938,0.008823670167973807,132,0.12194814257808682,0.15274595804156624,0.10842339784598111,0,1,1,3.14,0.2890558281046821,0.427162889172034,0.1205083692775053,0.00862342119216919,10.864299170200615
PC2_B1,pc2,stairs_15_down,101,10,1,4.02,999,0,0.27185628264345585,-0.7684933841228485,-1.0443839822860963,0.45247392609316395,9.840465730238744,0.06456361268064409,0.032539429143071175,0.45235593616962433,-0.004600256681442261,0.003208364394896801,151,0.10630615799624402,0.11864162597849737,0.09680559098777719,0,0,1,3.5,0.25859691051238354,0.4595440027441222,0.11288324205633149,0.049189746379852295,16.475040741663125
PC2_B1,pc2,stairs_15_down,101,11,1,2.0,999,0,0.2591608464717865,-0.7263320982456207,-0.9818173321810635,0.43531089073875884,9.014334043649596,0.10877193535349076,0.005854444578289986,0.43438123166561127,0.03815081715583801,0.05614945212787492,50,0.11993046214174496,0.09840288865489041,0.11993046214174496,0,0,1,1.9,0.24948829667453465,0.4783588808287373,0.10999252292561656,0.0,12.44357681556651
PC2_B1,pc2,stairs_15_down,101,12,1,2.3,999,0,0.2567246339537881,-0.7460969686508179,-1.0026730318120456,0.4780951994300227,8.82737063575896,0.08215525627507095,0.05799882113933563,0.47635307908058167,0.010892629623413086,0.04251342406247405,65,0.10067746658685571,0.13125563637436896,0.10067746658685571,0,0,1,2.12,0.2501497625667144,0.5322355394097493,0.11133500184604828,0.005906045436859131,14.078497821877809
PC2_B1,pc2,stairs_15_down,101,13,1,2.46,853,0,0.2760017724598155,-0.7184967398643494,-0.9914432974422679,0.44811102056177887,8.445432237680619,0.09677092362854876,0.001856103539466858,0.4418852627277374,0.025874197483062744,0.04973244284563527,73,0.12528382252691342,0.15865860424000075,0.12528382252691342,0,1,1,2.22,0.256801047745873,0.4510389768215226,0.1258755539827806,0.024404168128967285,13.346802042391683
PC2_B1,pc2,stairs_15_down,101,14,0,,999,0,0.26399589668620727,-0.7265702486038208,-0.987432235064991,0.4238163589321653,9.103189092580937,0.11553708824467435,-0.036494359374046326,0.420058935880661,0.023202359676361084,0.049732718238218676,950,0.5126815954752654,0.15312396120208288,0.22609236607148284,0,1,1,2.16,,,0.1915383010624564,0.18659579753875732,27.69272656976239
PC2_B1,pc2,stairs_15_down,101,15,1,3.98,999,0,0.31708079241813825,-0.7255235016345978,-1.0467903830788352,0.42410625660868906,10.718453826509089,0.09194787659349105,-0.01059696264564991,0.4221327304840088,-0.004314035177230835,0.003208853981711668,149,0.14197024489449933,0.12819743333036343,0.14449281394320834,0,1,1,3.56,0.2845502811319687,0.4647083570494091,0.12047256983537724,0.0017611980438232422,13.943322440978154
PC2_B1,pc2,stairs_15_down,101,16,1,4.84,999,0,0.30574852244101747,-0.7179640531539917,-1.0243309296388676,0.40874688885912486,10.577785234098693,0.11237149381345879,-0.011133547872304916,0.4044455289840698,0.014181911945343018,0.02566827682250339,192,0.2908082271289669,0.1587652058258975,0.14050602056382172,0,0,1,2.8,0.2815817788960462,0.4420917086206081,0.16091965162817812,0.0,13.610854274923247
PC2_B1,pc2,stairs_15_down,101,17,1,2.28,999,0,0.282018862624857,-0.7146711945533752,-0.9914432158444655,0.4395454077403196,9.3005555360143,0.1021718155638156,0.023783179931342602,0.43845081329345703,0.03370356559753418,0.057753833219966744,64,0.1214893830278068,0.1450521496183691,0.1214893830278068,0,0,1,2.02,0.27152981955737354,0.4257622421967422,0.10405817994459432,0.02895575761795044,13.450687422525363
PC2_B1,pc2,stairs_15_down,101,18,1,2.26,312,0,0.25727797606412106,-0.7461920380592346,-1.0050794530042353,0.4604006156104366,9.976163134272689,0.0890987061999861,-0.026908285915851593,0.4520149528980255,0.027179479598999023,0.041711511458942585,63,0.10955355086393168,0.11863818696989717,0.10955355086393168,0,1,1,2.12,0.25057023317418636,0.497171052507146,0.12608093310167445,0.10308873653411865,20.24621760950952
PC2_B1,pc2,stairs_15_down,101,19,1,4.3,999,0,0.28755374021708646,-0.7237142026424408,-1.0279407297226197,0.41143709509216586,9.262616366977472,0.11405977514255185,-0.022128506563603878,0.4092600643634796,0.01678672432899475,0.022058221745618445,165,0.24434823437866937,0.20026889760679756,0.15635328416169855,0,0,1,2.88,0.27236154053937944,0.44553440085101365,0.13285027500142388,0.025953054428100586,13.567263786478454
PC2_B1,pc2,stairs_15_down,101,20,1,3.98,438,0,0.30325088000552536,-0.7416097521781921,-1.0499987780729079,0.4591122040991111,10.672872483822744,0.05799802058069488,-0.012999342754483223,0.45869180560112,-0.0005384683609008789,8.261777502127643e-07,149,0.11998064961814296,0.12771802427328066,0.1136188154971392,0,1,1,3.52,0.2777775366676045,0.42745414645746443,0.1196421311500876,0.043725788593292236,11.415267598136893
PC2_B1,pc2,stairs_15_down,101,21,1,2.7,999,0,0.28189108237863225,-0.7279918789863586,-1.009892050595207,0.46867226612707485,9.741746303475061,0.06871349302888757,0.0050789713859558105,0.46698611974716187,0.01880258321762085,0.04010733946121969,85,0.10178872500218009,0.1276825035375656,0.10178872500218009,0,1,1,2.4,0.2723837335479451,0.4544723459898183,0.10362642525351617,0.004271090030670166,16.123890807728458
PC2_B1,pc2,stairs_15_down,101,22,1,3.34,999,0,0.26313055342531466,-0.7577103674411774,-1.0271379246431238,0.45641259762398695,9.956112356809037,0.06708797819624734,0.041604653000831604,0.45466865599155426,0.00515100359916687,0.022860822830608196,117,0.10705083644690146,0.10853884374817838,0.1058178692092157,0,0,1,2.86,0.255399018685448,0.5084173048762809,0.11709567314800728,0.0272255539894104,10.604912466645365
PC2_B1,pc2,stairs_15_down,101,23,1,2.16,999,0,0.2677653726728205,-0.723146915435791,-0.987031401159929,0.44025810754162675,8.096272003611244,0.10866184397575215,-0.019979501143097878,0.4291184991598129,0.0025510787963867188,0.05494607833617504,58,0.13483990363265308,0.14120757666571196,0.13483990363265308,0,0,1,2.0,0.25108716035271705,0.4459505689069044,0.1282929790848717,0.014934718608856201,8.349766650234159
PC2_B1,pc2,stairs_15_down,101,24,1,1.76,999,0,0.24429686136424222,-0.7403373420238495,-0.9826201984589114,0.4829644838209436,9.447637878275131,0.07661232050678626,0.029202711768448353,0.48086637258529663,0.01915714144706726,0.0529406848438283,38,0.09387219799829903,0.10932372456894184,0.09387219799829903,0,0,1,1.84,,,0.09741635915429836,0.021951675415039062,13.97777720143047
PC2_B1,pc2,stairs_15_down,101,25,1,4.18,999,0,0.2660499135440684,-0.7804867327213287,-1.049999191161783,0.426897626884411,9.311825321438995,0.08343523182266133,0.01625280361622572,0.4254922866821289,-0.009713500738143921,-0.0016037283096721477,159,0.11370200279828606,0.12672954310171405,0.11798241494625784,0,1,1,3.7,0.2487530016644115,0.5030373718146243,0.118617139079354,0.0443916916847229,14.962562974161541
PC2_B1,pc2,stairs_15_down,101,26,1,3.22,999,0,0.2763191949237477,-0.7465799152851105,-1.0279405308279763,0.4436826391442318,10.780597897015372,0.06994164336740391,-0.007353685796260834,0.44185832142829895,0.0167216956615448,0.022058787830373072,111,0.11793789877530744,0.14097484706485225,0.11190619178432101,0,0,1,2.84,0.27054111683432436,0.4365885478412074,0.13341619687921857,0.0,19.20005554388343
PC2_B1,pc2,stairs_15_down,101,27,1,3.5,999,0,0.263630615676788,-0.7380846440792084,-1.0022724987988805,0.43197811035165623,9.832538660763953,0.0870994959141419,-0.026401943527162075,0.43161728978157043,0.02990230917930603,0.036497116088866965,125,0.19708162320527206,0.12335234215502626,0.15188059724251066,0,0,1,2.52,,,0.12209096821871668,0.07793527841567993,15.511794123884533
PC2_B1,pc2,stairs_15_down,101,28,1,3.76,569,0,0.26401203328912914,-0.7343993186950684,-0.9898390744459182,0.4619585949192602,8.582908880239138,0.08062463826319173,-0.025866344571113586,0.46018487215042114,0.009908556938171387,0.05534787101541605,138,0.28823092148512547,0.17242081701100279,0.24924338278435185,0,1,1,2.0,0.2516088568590542,0.40480418621737635,0.12797340097274368,0.13356471061706543,19.656813801294668
PC2_B1,pc2,stairs_15_down,101,29,1,2.16,999,0,0.25254643234339624,-0.7364979088306427,-0.9930475408380681,0.4930251731535989,9.737972295690213,0.06059695136099391,-0.005860641598701477,0.49204231798648834,0.03410938382148743,0.04732596045509396,58,0.08363488341532564,0.11332319145924978,0.08363488341532564,0,0,1,2.12,0.24666555138195267,0.46487245078335593,0.10887043935092378,0.03396636247634888,13.212191352056596
PC2_B1,pc2,stairs_15_down,101,30,1,3.7,999,0,0.3158598229846852,-0.718852698802948,-1.0407750491789955,0.42647782833557657,10.06679396058096,0.09069044156737792,-0.02764494065195322,0.4262857586145401,0.007561028003692627,0.009225014059301317,135,0.1560714781256164,0.15209591927965654,0.14438167539999827,0,0,1,3.32,0.28910185054024273,0.4056327622536387,0.15546206548252206,0.0,13.477426138070028
PC2_B1,pc2,stairs_15_down,101,31,1,2.54,481,0,0.2805724070671407,-0.7279011011123657,-1.004277774994386,0.42319869132572924,9.699757030688502,0.1168599863321384,-0.004644922912120819,0.42312687635421753,0.032930970191955566,0.045721502865061936,77,0.13373961145578428,0.1377885508135604,0.13373961145578428,0,1,1,2.24,0.2648525926518568,0.39260558461820433,0.10671138508434597,0.028630375862121582,10.518517106749554
PC2_B1,pc2,stairs_15_down,202,0,1,1.82,999,0,0.2350853984368676,-0.7434801459312439,-0.9770051578786921,0.4365336080537258,8.607359316459807,0.10484272223314654,-0.006534721702337265,0.4364319443702698,0.03090113401412964,0.05614930423185782,41,0.11717686571692941,0.11942001731134937,0.11717686571692941,0,1,1,1.84,,,0.09680464784091802,0.18048769235610962,24.49119334943596
PC2_B1,pc2,stairs_15_down,202,1,1,1.66,181,0,0.23743992916402967,-0.7279754877090454,-0.9689835125112278,0.4520552491160352,7.969644823382493,0.12588482691875122,-0.010757893323898315,0.44518229365348816,0.03721439838409424,0.059358341808625203,33,0.1358482692180068,0.14778709370982002,0.1358482692180068,0,0,1,1.76,,,0.11774451656137563,0.1503574252128601,21.684430077100043
PC2_B1,pc2,stairs_15_down,202,2,1,3.8,408,0,0.30555650113738153,-0.7345119714736938,-1.0475929280653355,0.4354186847392927,10.907154601579206,0.071516796960647,0.002233231673017144,0.4348337948322296,0.020137548446655273,0.0024063905930138407,140,0.12527635320405764,0.13143092440370027,0.11996482311757645,0,1,1,3.34,0.2931682575832715,0.4598321978205344,0.12418162057743987,0.08574932813644409,20.388194707638394
PC2_B1,pc2,stairs_15_down,202,3,1,2.24,387,0,0.27821598221911464,-0.7121908664703369,-0.9874327042523552,0.42590005544114584,9.141721729741036,0.10931182321288786,-0.018503759056329727,0.42246201634407043,0.011906147003173828,0.05855569482487155,62,0.12393240497392749,0.15454937143632583,0.12393240497392749,0,1,1,2.0,0.26952229846607556,0.458993751556973,0.10709841302371914,0.046909332275390625,19.108472925636104
PC2_B1,pc2,stairs_15_down,202,4,0,,999,0,0.31897448569058096,-0.7244155704975128,-1.0479939149662774,0.44551626942753053,10.931027384313325,0.07144944685501323,-0.013263452798128128,0.44538651406764984,0.011462241411209106,0.0020056076865782035,950,0.4864970312709902,0.19788425611039712,0.11137699143337335,0,1,1,3.3,0.27638599547472875,0.4288266676110422,0.13249599551134572,0.13070815801620483,24.058015380789893
PC2_B1,pc2,stairs_15_down,202,5,1,2.06,999,0,0.2664948080312759,-0.7261456251144409,-0.9866305672548672,0.4706757203034873,9.550078870937176,0.07923945871223939,-0.007762879133224487,0.4653676152229309,0.043543457984924316,0.05695203281341388,53,0.10028131835579905,0.13350491936220782,0.10028131835579905,0,0,1,1.96,0.2556371472098611,0.4968624511822294,0.09830035595970354,0.0,13.264178416056684
PC2_B1,pc2,stairs_15_down,202,6,1,2.36,999,0,0.26246219570624,-0.7363951504230499,-0.9942508483315534,0.4941053445152947,9.794610033683945,0.06604375081680458,0.008469168562442064,0.4938424676656723,0.02079978585243225,0.050935587143515426,68,0.09143298628820133,0.12584629358984034,0.09143298628820133,0,0,1,2.16,0.24991355987793618,0.4355904704358448,0.09260399424456023,0.04298365116119385,15.097507286545934
PC2_B1,pc2,stairs_15_down,202,7,1,2.02,999,0,0.2565449692986228,-0.7157904505729675,-0.973796650687641,0.40772067008719026,7.916759446726328,0.13938957930667928,0.013550356030464172,0.40764114260673523,0.027025580406188965,0.05855626600948893,51,0.14770703764143972,0.1331840888554335,0.14770703764143972,0,0,1,1.94,0.24100513413628155,0.44200664574651544,0.12077153908377658,0.0,8.299619125403016
PC2_B1,pc2,stairs_15_down,202,8,1,2.94,999,0,0.2582651924959478,-0.7560856342315674,-1.0235283081544275,0.4395423693046486,10.052479931552636,0.08987465634484809,0.0179578997194767,0.43855494260787964,0.016285479068756104,0.026470367921227256,97,0.11012397904195223,0.10613391414750321,0.11012397904195223,0,0,1,2.6,0.2531589578817235,0.4429851334816029,0.10613202379349085,0.022027432918548584,10.432791171488878
PC2_B1,pc2,stairs_15_down,202,9,1,2.38,442,0,0.2746976817992919,-0.7179720997810364,-0.9890365192596925,0.410144894701789,10.089157010352777,0.13105115670672127,-0.005897265858948231,0.3975454270839691,0.02587074041366577,0.05695167582302807,69,0.16308953981312382,0.13388718165178087,0.16308953981312382,0,1,1,2.04,0.26904768867288686,0.43795161126655097,0.13080913242809278,0.016398727893829346,17.64257218044962
PC2_B1,pc2,stairs_15_down,202,10,1,6.42,999,0,0.3090192020576905,-0.7266504168510437,-1.0403738837828609,0.44253888196815555,10.365856910968017,0.07543873483412075,0.0030509019270539284,0.4391976445913315,0.01324152946472168,0.009624700495266092,271,0.30282033573346023,0.16861578089320958,0.12187551862351173,0,1,1,3.3,0.28098065171012265,0.409129658045385,0.12325745470383587,0.10246634483337402,20.376025935552715
PC2_B1,pc2,stairs_15_down,202,11,1,3.6,999,0,0.2811734244466465,-0.7480582594871521,-1.0363628724042107,0.47243038640693513,10.792358685192482,0.04838029258592586,0.0022827840875834227,0.4709518551826477,0.005960345268249512,0.012833595275878906,130,0.09022680938799282,0.11298499774734512,0.09052609750111877,0,0,1,3.22,0.2700876714711521,0.500303933825812,0.1285806648871478,0.0,9.389795913674098
PC2_B1,pc2,stairs_15_down,202,12,1,2.68,999,0,0.25945403901013464,-0.7521919906139374,-1.012298685981628,0.46431085167193237,9.459658737370738,0.056228766962468674,0.010998930782079697,0.4633074253797531,0.008735090494155884,0.032887331304703116,84,0.09641923911087671,0.16636648999266057,0.09641923911087671,0,0,1,2.52,0.23961870587445833,0.49890299749659933,0.12751768362075888,0.040205419063568115,15.415332685769023
PC2_B1,pc2,stairs_15_down,202,13,1,3.68,999,0,0.3015060488552971,-0.7255578339099884,-1.037165111398952,0.44505395979170415,10.212465411267818,0.07387450972936538,-0.011858178302645683,0.44482678174972534,0.027415305376052856,0.01283364627450534,134,0.12339201789826659,0.13684476545234606,0.11569969251007735,0,1,1,3.18,0.2805877544663169,0.45012378237915074,0.11320341111504462,0.007611274719238281,10.732051975533196
PC2_B1,pc2,stairs_15_down,202,14,1,3.26,999,0,0.2647084300530786,-0.7637550830841064,-1.0323520752197919,0.44891404389035183,9.265225618439198,0.06323658682166114,0.0005925949662923813,0.44786225259304047,0.010191559791564941,0.017647049643776613,113,0.10419792672464279,0.10158931914567707,0.10253434468033523,0,0,1,2.82,0.25433152850298957,0.5154331490748187,0.12441536736360848,0.019750118255615234,9.771571745302172
PC2_B1,pc2,stairs_15_down,202,15,1,3.6,999,0,0.27121787864894153,-0.7689452469348907,-1.0467906584714184,0.4329074742570558,10.354478996598097,0.08254025932336417,-0.012818361632525921,0.43131762742996216,0.0009439289569854736,0.003208823382535808,130,0.10222258258456283,0.10537954555190684,0.10275218332940948,0,1,1,3.22,0.2530392481681497,0.4517067328965284,0.10856411737554217,0.02264690399169922,11.61954163076934
PC2_B1,pc2,stairs_15_down,202,16,1,3.02,592,0,0.30733276082870153,-0.7101161479949951,-1.0058819469921092,0.4143775781034704,9.362649819334985,0.12324435988869478,-0.015379679389297962,0.40366095304489136,0.016164660453796387,0.044117320667613535,101,0.15165953352129452,0.12937109158884222,0.1510890848730344,1,2,1,2.38,0.2896978749948389,0.4391778851078676,0.11055526758897749,0.01706695556640625,16.428216792636793
PC2_B1,pc2,stairs_15_down,202,17,1,2.58,249,0,0.2644528357740392,-0.7406927943229675,-1.0050801465855563,0.4627081183044652,10.743434776874805,0.07721304681214046,-0.017005570232868195,0.46211737394332886,0.005984246730804443,0.04491918227251834,79,0.10781190442891755,0.09131292481670265,0.10781190442891755,0,1,1,2.24,0.2617159058703459,0.4676291093304514,0.11079415726789177,0.031464576721191406,17.15744240496761
PC2_B1,pc2,stairs_15_down,202,18,1,2.86,303,0,0.2782344508936061,-0.7305940985679626,-1.0122986247832761,0.4720737948428923,11.1403538278327,0.06975408492434786,0.016359496861696243,0.4713040292263031,0.010712623596191406,0.03770060207754544,93,0.11608565851249819,0.14420107372444926,0.11608565851249819,0,1,1,2.4,0.27194854123069645,0.4943389699027129,0.11797792101926341,0.001183927059173584,13.070180719240096
PC2_B1,pc2,stairs_15_down,202,19,1,2.34,630,0,0.2840613719613795,-0.7090844511985779,-0.9930473470432873,0.41978399835967173,9.86711070678529,0.12282051112422071,-0.012704825960099697,0.40333518385887146,0.03203868865966797,0.05454607060886307,67,0.1470633429830175,0.14457918276827061,0.1470633429830175,0,1,1,2.06,0.27536376402339835,0.4372949976575304,0.11874551760321628,0.004323899745941162,9.487423165888146
PC2_B1,pc2,stairs_15_down,202,20,1,4.58,999,0,0.27037215790646607,-0.7739068269729614,-1.0451864405749316,0.43817880200099474,9.95152050229653,0.07627215115931721,0.038723014295101166,0.43688926100730896,-0.009323716163635254,0.004813316671606005,179,0.13482246380877616,0.16051500708633418,0.11119307485906847,0,1,1,3.64,0.2604586995221714,0.4914880420586572,0.0828960005612297,0.04133403301239014,16.503965124545406
PC2_B1,pc2,stairs_15_down,202,21,1,5.04,278,0,0.30878879950645766,-0.7256346344947815,-1.039571420394163,0.46117374114065074,10.868427033858996,0.06866248630418562,-0.007025500759482384,0.45959708094596863,0.009820163249969482,0.008823512072231754,202,0.20881517949892017,0.1665119648913981,0.10314794868533522,0,0,1,3.34,0.28535492821810715,0.4775661692209979,0.15052301105968457,0.03253966569900513,19.796268290211252
PC2_B1,pc2,stairs_15_down,202,22,1,1.88,250,0,0.24852108796012595,-0.7259436249732971,-0.9717909869025736,0.4774121424552563,7.625249713235701,0.09199803965212605,0.026638291776180267,0.47496262192726135,0.032834768295288086,0.06056085882339879,44,0.1096371123051022,0.15563886372010666,0.1096371123051022,0,1,1,1.8,0.23966135666332145,0.47501839719665934,0.11311619645134008,0.06481367349624634,15.459518310137542
PC2_B1,pc2,stairs_15_down,202,23,1,2.98,999,0,0.26129220736855485,-0.7554752826690674,-1.0219244625479142,0.44903263710941227,10.1593885603058,0.07400614622361586,0.038981348276138306,0.4487118124961853,0.01079857349395752,0.02807419312828996,99,0.10480922841400524,0.12290547206221603,0.10480922841400524,0,0,1,2.74,0.25140660108729485,0.4974563169108169,0.06980914674340721,0.0270688533782959,14.346386098038538
PC2_B1,pc2,stairs_15_down,202,24,1,2.08,999,0,0.27012332604530664,-0.7164703011512756,-0.9810157306691543,0.4396606763105505,7.199729384833881,0.11320017406716187,0.02231558319181204,0.43776735663414,0.009228885173797607,0.054545621820949464,54,0.12675983867822876,0.14302381560318467,0.12675983867822876,0,0,1,2.0,0.2504646178872828,0.4878503471807837,0.1232353133313796,0.0,6.671179680126417
PC2_B1,pc2,stairs_15_down,202,25,1,2.36,229,0,0.2506308082272025,-0.7543002665042877,-1.0006681279065137,0.44941038443142867,9.990716163651438,0.07488522934563013,-0.042721422389149666,0.4492909014225006,0.015787512063980103,0.041310422560747906,68,0.13805566745937578,0.15080292842449375,0.13805566745937578,0,0,0,,,,,,
PC2_B1,pc2,stairs_15_down,202,26,1,2.9,999,0,0.27086010750602274,-0.7207735776901245,-0.9994646878165995,0.4105265514307236,6.942350429261372,0.11367547329152176,-0.004619969986379147,0.4080735146999359,0.011970877647399902,0.048128372845165246,95,0.15942656703559466,0.16367998395491348,0.15942656703559466,0,1,1,2.42,0.27495734353753976,0.40547134585434197,0.10566665909507056,0.02344614267349243,9.496141790611398
PC2_B1,pc2,stairs_15_down,202,27,1,4.22,999,0,0.26839412167110555,-0.7769059538841248,-1.0475929943635502,0.4344528149034804,9.240429124385699,0.0766321608209301,0.010996405966579914,0.4339144676923752,-0.011155962944030762,0.0008020401000976562,161,0.10409268269730339,0.11322848174335416,0.10746094167048385,0,1,1,3.78,0.25456983361014707,0.49212378236930243,0.08814118858327202,0.0017903447151184082,16.175593245357334
PC2_B1,pc2,stairs_15_down,202,28,1,3.6,999,0,0.3004219780631243,-0.7356916069984436,-1.0427804834702434,0.440894218114941,10.88354418220213,0.07714968494430678,0.0010958828497678041,0.43881551921367645,0.007427811622619629,0.007219610367229512,130,0.12236352443106485,0.13697672786653622,0.1222001265961886,0,0,1,3.26,0.2796986609856713,0.37346414099279085,0.1315444924614646,0.034234702587127686,10.267590613725096
PC2_B1,pc2,stairs_15_down,202,29,1,2.28,296,0,0.27241606795214074,-0.7204063832759857,-0.9890368609504904,0.4262084107623071,9.866104461589448,0.11341165114924125,0.008932735421694815,0.4149842858314514,0.03955933451652527,0.058556597500561414,64,0.14161240479857579,0.1772111586282178,0.14161240479857579,0,1,1,2.02,0.25824860551140527,0.3974307482394557,0.11554146514219399,0.13315856456756592,19.685078656314055
PC2_B1,pc2,stairs_15_down,202,30,1,3.04,999,0,0.26171996727346736,-0.7590658962726593,-1.0259354892261525,0.4401410887879757,9.773083310958445,0.08272277299933581,0.011353651527315378,0.4376288950443268,0.004082471132278442,0.02406379883302101,102,0.11051944719231675,0.12070612648669252,0.1114431641240209,0,1,1,2.72,0.2546080411436724,0.44458825357015846,0.12013663008888775,0.14669430255889893,22.761141393764877
PC2_B1,pc2,stairs_15_down,202,31,1,3.92,999,0,0.26636945579778704,-0.7507139146327972,-1.0219248144384374,0.4520956811525122,10.104176275653241,0.07929084818408023,-0.019940543919801712,0.44976806640625,0.0033920109272003174,0.025668062628271704,146,0.19846984061847528,0.14448310748044524,0.10931364293593172,0,0,1,2.8,0.254898918503746,0.4914714205068859,0.13993430265130846,0.030348360538482666,15.985101997427307
PC2_B1,pc2,stairs_15_down,303,0,1,3.04,470,0,0.30600212777362157,-0.7140183448791504,-1.0183154937417749,0.44633508705429614,10.084096512620226,0.09245904330588683,-0.00031808484345674515,0.4428921341896057,0.0029494762420654297,0.031684202306411,102,0.12174369904716062,0.14537782375201527,0.12167668972641678,0,1,1,2.62,0.2906591328070125,0.42895761343544536,0.12432032536695348,0.02344679832458496,7.499413676263941
PC2_B1,pc2,stairs_15_down,303,1,1,2.72,999,0,0.2676717782403058,-0.7424116134643555,-1.0131012870666178,0.443547319391996,10.451972262551227,0.08603334048422363,0.016458086669445038,0.4416438788175583,0.01724874973297119,0.03609595579259528,86,0.12178263294215838,0.12109075583877643,0.12178263294215838,0,0,1,2.54,0.2503180095856202,0.49935278217989437,0.12414033336435415,0.013003230094909668,15.865192122790347
PC2_B1,pc2,stairs_15_down,303,2,1,2.6,260,0,0.28387569361192017,-0.7206060290336609,-0.9974594677195829,0.4343399845531541,9.909766697156694,0.11008627709765435,0.0029700295999646187,0.43070270121097565,0.027955353260040283,0.05253996313574483,80,0.1246699907458799,0.1262580618984365,0.1246699907458799,0,1,1,2.2,0.2681100894423092,0.44707735998589343,0.11823684742106477,0.12110066413879395,24.62505561228288
PC2_B1,pc2,stairs_15_down,303,3,1,3.78,999,0,0.30799305853359205,-0.7317652106285095,-1.0447857392662987,0.4458108435495789,11.466805731251247,0.06361290438152552,-0.017657209187746048,0.4454386532306671,0.011478841304779053,0.005213538593149325,139,0.12231054063834743,0.12304488513700065,0.12276659500617325,0,1,1,3.42,0.2867556341829147,0.403657234570453,0.12880185230530516,0.015685200691223145,13.62575027715439
PC2_B1,pc2,stairs_15_down,303,4,1,2.0,999,0,0.27777928815168496,-0.7125867009162903,-0.9862296058532389,0.4329007196592043,9.691018231349652,0.1118280889306582,0.020131582859903574,0.43212147057056427,0.019872188568115234,0.050133434846439284,50,0.1244266699636076,0.19578584386832676,0.1244266699636076,1,2,1,2.06,,,0.1342784685884567,0.07516986131668091,18.86565655865788
PC2_B1,pc2,stairs_15_down,303,5,1,2.46,999,0,0.26730295330445397,-0.7230526804924011,-0.996256037829394,0.4423010467291181,7.90335898218816,0.09978994376489167,-0.004780955612659454,0.43638691306114197,0.009840190410614014,0.04732619504877589,73,0.1171470681640095,0.2864842389455267,0.1171470681640095,0,1,1,2.18,0.26535381257215285,0.4927512602739627,0.1356373585481695,0.003179788589477539,12.243598079186459
PC2_B1,pc2,stairs_15_down,303,6,1,2.94,999,0,0.2896512255949133,-0.7160952687263489,-1.003475770593327,0.43185243745271884,9.027457252589343,0.10447152148532765,0.011106671765446663,0.41884785890579224,0.016247987747192383,0.04652421104716731,97,0.1351395452320926,0.14336493002738146,0.1351395452320926,0,0,1,2.44,0.27282647621185385,0.4465816342589025,0.10613024904128698,0.010409653186798096,10.343434151631136
PC2_B1,pc2,stairs_15_down,303,7,0,,999,0,0.31147971207445313,-0.7305343449115753,-1.046791020561667,0.4545219279129328,10.723608527232585,0.05970421531670968,0.0097908740863204,0.4540739506483078,-0.00017526745796203613,0.0032081858997039525,950,0.5214534887915743,0.15547027047839151,0.10523777634095438,0,1,1,3.3,0.27817674658515235,0.44661128394937416,0.13621662867897977,0.1476348638534546,23.32874552959384
PC2_B1,pc2,stairs_15_down,303,8,1,1.82,999,0,0.2504384759913154,-0.7262133955955505,-0.9697854659136604,0.4893159609809697,6.66397351676296,0.1102868605700941,0.04372996836900711,0.4767465591430664,0.028432905673980713,0.060962167015687685,41,0.11808342051008074,0.16316258420123217,0.11808342051008074,0,0,1,1.84,,,0.11349929494653799,0.05973958969116211,15.300933801110393
PC2_B1,pc2,stairs_15_down,303,9,1,5.12,999,0,0.2894056876075459,-0.7261430025100708,-1.011496620382217,0.45523832678862225,10.34541209746376,0.09385627933373528,0.02458535134792328,0.45487430691719055,0.013675451278686523,0.03850305526651798,206,0.3643088034802032,0.21506034403421304,0.15591494500698266,0,1,1,2.48,0.2744390824261833,0.41107013869876924,0.12505402571377267,0.018162012100219727,10.207659142036572
PC2_B1,pc2,stairs_15_down,303,10,1,2.82,999,0,0.2648099648123756,-0.7271291315555573,-0.9874324492592226,0.41697990650070765,9.15718604297502,0.1048028511392995,-0.04904543422162533,0.41236595809459686,0.013398438692092896,0.052940633845201646,91,0.2937127400378441,0.18890278575227828,0.2937127400378441,0,0,1,2.08,0.24640366164120764,0.37634514670882885,0.13485766094636154,0.06097930669784546,11.858534465273554
PC2_B1,pc2,stairs_15_down,303,11,1,2.36,999,0,0.2779335717466426,-0.7254670858383179,-1.002673220506964,0.4322791056839981,9.835118358420168,0.11283578311529291,-0.030032873153686523,0.42275236546993256,0.02398097515106201,0.043314913377404896,68,0.12815383324217916,0.1538069891581584,0.12815383324217916,0,0,1,2.18,0.26715808979330213,0.49321241442942765,0.12738722626538201,0.0,11.008020562387161
PC2_B1,pc2,stairs_15_down,303,12,1,5.28,999,0,0.30042621557087823,-0.7227819561958313,-1.025533839343066,0.4406981615026645,10.053133476408881,0.09338065556612057,0.006195061840116978,0.4393276125192642,0.011806607246398926,0.02286088912882267,214,0.24563106804341586,0.16765948480799786,0.11631279529085171,0,1,1,2.98,0.2783734693246729,0.41221178576513934,0.12960449418919606,0.11117732524871826,18.334200457317024
PC2_B1,pc2,stairs_15_down,303,13,1,3.02,999,0,0.2862760996754794,-0.7264192700386047,-1.009089984995796,0.4361804339659976,10.09186306943733,0.11012363183181346,0.0024771355092525482,0.42768459022045135,0.00995779037475586,0.04090921126584979,101,0.1407667087888697,0.12760391525535192,0.1403119660860544,0,0,1,2.46,0.2832669991860415,0.43488848688632015,0.11676597180851,0.009460508823394775,13.791573026871804
PC2_B1,pc2,stairs_15_down,303,14,1,3.82,999,0,0.26644422392794154,-0.7659698724746704,-1.0347586035090972,0.46341376067489826,9.688105165569938,0.055765048715672096,0.0031312175560742617,0.461688756942749,0.0007001161575317383,0.012833987965303217,141,0.1078093594619104,0.11288333625065027,0.08915622847585501,0,1,1,3.32,0.24673497230611385,0.4943848821624474,0.12047787942988353,0.04331707954406738,17.774829802366355
PC2_B1,pc2,stairs_15_down,303,15,1,2.18,258,0,0.2748674657893053,-0.7085542678833008,-0.9802130122873235,0.43590016068335424,8.58435040033836,0.12924853939496753,-0.00830739177763462,0.4318687319755554,0.009911894798278809,0.06256712439225953,59,0.1431236039900132,0.14628313995124365,0.1431236039900132,0,1,1,1.94,0.26775953763309013,0.43590016068335424,0.11944500169652028,0.12047302722930908,24.288915637690465
PC2_B1,pc2,stairs_15_down,303,16,1,2.44,999,0,0.26297622361285167,-0.736378401517868,-1.0002665749208175,0.4570499864025196,10.342379644050563,0.09515292411286337,0.009690812788903713,0.4548443555831909,0.027062922716140747,0.04973251934357514,72,0.11742248801872826,0.12481136084431163,0.11742248801872826,0,0,1,2.12,0.26107245428676906,0.49669059112751585,0.10243158448826184,0.0069236159324646,15.233337373508292
PC2_B1,pc2,stairs_15_down,303,17,1,4.02,999,0,0.28922733489204855,-0.7569349110126495,-1.0483948712680429,0.4401124614139264,11.384182820983922,0.0670868765647919,0.008170945569872856,0.4398233890533447,8.931756019592285e-05,0.0016045187883837464,151,0.11307306716300346,0.11367240263689976,0.11484366868440031,0,1,1,3.74,0.26763020192875575,0.4680855318680115,0.13012203494495245,0.11891323328018188,18.905001215830705
PC2_B1,pc2,stairs_15_down,303,18,1,1.6,293,0,0.24391190349099473,-0.7210188806056976,-0.9649726184294185,0.4389208785063643,9.012277142081063,0.12127027093500159,0.020423516631126404,0.4301932156085968,0.0364021360874176,0.06256628291492161,30,0.1328487825414155,0.18965887656971198,0.1328487825414155,0,0,1,2.12,,,0.16269739235148706,0.15608030557632446,20.303280026248434
PC2_B1,pc2,stairs_15_down,303,19,1,3.1,999,0,0.2637160767845929,-0.7555955648422241,-1.0239298866394368,0.43373135262969226,10.002569340311592,0.08573394326209552,-0.014587066136300564,0.43150487542152405,0.02590256929397583,0.026069330021659454,105,0.1143220923922823,0.11267557646963289,0.1150991309583529,0,1,1,2.76,0.247939051472567,0.4710160166516015,0.10723096897257844,0.03850352764129639,15.131141425534873
PC2_B1,pc2,stairs_15_down,303,20,1,3.08,215,0,0.2300590055192856,-0.7459334135055542,-0.9645714326338335,0.4753692603957165,7.193131383387252,0.10153785203484886,-0.0017792284488677979,0.46895284950733185,0.014134228229522705,0.062165902897635794,104,0.31306311077195237,0.1730466856744894,0.30097905356738225,0,0,1,2.04,,,0.12614161668614265,0.11738312244415283,18.52445692671313
PC2_B1,pc2,stairs_15_down,303,21,1,4.56,999,0,0.3007624778836806,-0.7338363826274872,-1.0407744167960264,0.447853356364809,10.757322161817136,0.0620138567151917,-0.008008012548089027,0.44682547450065613,0.026340216398239136,0.009225024259026604,178,0.20176741280066887,0.14628637369293707,0.11099567635048826,0,0,1,3.24,0.28528309856506595,0.45039287578587117,0.13983039613713555,0.016381382942199707,14.226524901483174
PC2_B1,pc2,stairs_15_down,303,22,1,3.0,999,0,0.29729614617990296,-0.7135803401470184,-1.0042775098015282,0.413486104704747,9.021994525429946,0.09517889338593861,0.014289365615695715,0.4129868298768997,0.02137044072151184,0.04090909906887097,100,0.1673872032843541,0.2132874900064932,0.1673872032843541,0,1,1,2.62,0.27242696795234067,0.48503029735726594,0.14709893936779406,0.003878772258758545,19.367167972990195
PC2_B1,pc2,stairs_15_down,303,23,1,3.52,999,0,0.2876136989835749,-0.7372134923934937,-1.029544794623227,0.4596862985115466,10.909565598987559,0.07404168981384444,-0.01995754800736904,0.4557138979434967,0.013417541980743408,0.02045419764391254,126,0.11678860037197007,0.12901248678551722,0.11244746391152424,0,1,1,2.92,0.27508645707910706,0.469654144826054,0.13559844277121802,0.0018492341041564941,11.683376717682803
PC2_B1,pc2,stairs_15_down,303,24,1,2.08,999,0,0.2579713535500083,-0.7145594358444214,-0.9737965231910746,0.44635629844272295,8.779787441053507,0.09775371279911925,0.04665112867951393,0.4440515339374542,0.025092780590057373,0.058556209910999746,54,0.11456301398799974,0.17179963940868564,0.11456301398799974,0,1,1,2.0,0.24343050450564707,0.45719731199801383,0.11907132201016268,0.08504098653793335,15.851157166508587
PC2_B1,pc2,stairs_15_down,303,25,1,4.8,999,0,0.29784405932706937,-0.7326959371566772,-1.035561071997658,0.44209450618385593,11.488172866647314,0.07587249926591758,-0.03196421638131142,0.4414898008108139,0.0055419206619262695,0.01443820586179001,190,0.2165411801600455,0.23877125691013168,0.12332041544878977,0,1,1,3.06,0.27928605213522273,0.39531755467673974,0.17911107304261964,0.12902045249938965,18.524704154727107
PC2_B1,pc2,stairs_15_down,303,26,1,4.78,999,0,0.2736013377095289,-0.7290109395980835,-1.0018710274109868,0.46054553080474125,9.957201942506657,0.08635759840719912,0.02821555733680725,0.4599354416131973,0.028998196125030518,0.044919743257410216,189,0.29665434461698514,0.18027749596810577,0.18724668702237726,0,1,1,2.38,0.2673874548412263,0.4856855359287402,0.14696179386128716,0.07466351985931396,23.568208291540454
PC2_B1,pc2,stairs_15_down,303,27,1,2.04,999,0,0.26015133669669616,-0.7292409241199493,-0.9874326940526299,0.4586131227058863,8.257393474976773,0.12941748492091434,0.04143830016255379,0.4467291980981827,0.032368093729019165,0.05374311763335049,52,0.12862563534499072,0.1639587372146898,0.12862563534499072,0,0,1,1.84,0.2512119125554906,0.43660996352193804,0.10811167413538147,0.022031545639038086,11.778297255051708
PC2_B1,pc2,stairs_15_down,303,28,1,2.5,999,0,0.29164514503377004,-0.7075014710426331,-0.9962560276296687,0.38090479152499856,10.04423967285781,0.14268834471713515,-0.05051295459270477,0.37737011909484863,0.006285667419433594,0.05053506942993813,75,0.16510217191241872,0.14852053177196461,0.16510217191241872,0,-1,1,2.16,0.28021304970756566,0.3833288501380949,0.12980811640540546,0.017531096935272217,8.063434522862412
PC2_B1,pc2,stairs_15_down,303,29,1,3.8,999,0,0.3113003363583814,-0.725305438041687,-1.0427800856809566,0.4454846779724223,10.961178951973949,0.07447206167591554,-0.041571272537112236,0.445383220911026,0.0021095871925354004,0.0072198755600871856,140,0.12547888560842513,0.15013039853771878,0.12562512599084952,0,1,1,3.46,0.29177672818382794,0.40627821806997055,0.13264360497979555,0.018227458000183105,14.647988982629863
PC2_B1,pc2,stairs_15_down,303,30,1,3.24,999,0,0.26743040492827874,-0.7291004061698914,-0.9970584706189161,0.4539830693794774,10.461286928008859,0.07623697190413456,0.023649657145142555,0.4527330994606018,0.03431576490402222,0.04090934386227851,112,0.21733280098673913,0.19280176170160893,0.21055593018002974,0,1,1,2.22,,,0.08651640835930319,0.05994528532028198,20.99583011711024
PC2_B1,pc2,stairs_15_down,303,31,1,2.54,999,0,0.2654638159721292,-0.7411773800849915,-1.002673144009024,0.47561607845345993,9.792114910533332,0.07617284217340876,0.0074022626504302025,0.4719336926937103,0.024354219436645508,0.04572245143951581,77,0.11186192712036463,0.14652752417974804,0.11186192712036463,0,1,1,2.22,0.2554444243563688,0.4279868689661985,0.12197821886144222,0.004903256893157959,8.585723053295121
PC2_B1,pc2,combined_yaw_right,101,0,0,,999,0,0.28646363572959593,0.2864641100168228,3.7228997378425803e-07,0.4652211581313129,10.6879382627713,0.0748147993773429,-0.4770323932170868,0.463175034019087,-0.010697171092033386,-4.334883256392046e-07,950,0.12225613769704992,0.13534131674400274,0.11174957738979172,,,,,,,,,
PC2_B1,pc2,combined_yaw_right,101,1,0,,999,0,0.31321283401971195,0.313213512301445,4.997865401487299e-07,0.46004965447981416,12.141927317726138,0.09232293249330968,-0.5133672952651978,0.4524057421556493,-0.0008095353841781616,-4.079890123663107e-08,950,0.13118944632389684,0.13418651677986418,0.1278868799558248,,,,,,,,,
PC2_B1,pc2,combined_yaw_right,101,2,0,,999,0,0.27673453857554475,0.27673500776290894,5.660847546582553e-07,0.4674844760176973,9.273733666959043,0.07469479066410101,-0.44733837246894836,0.4645977844007526,-0.018459826707839966,1.7849519291026061e-07,950,0.11842659342143923,0.13316345472074115,0.12032905074268074,,,,,,,,,
PC2_B1,pc2,combined_yaw_right,101,3,0,,999,0,0.31820755631209696,0.3182079643011093,4.3858818829378343e-07,0.47745645991485364,11.505340498171758,0.08365970677320535,-0.4980570524930954,0.47058106014153556,-0.009159162640571594,3.059917592747326e-07,950,0.13487208051080768,0.14463629165987613,0.1197443717725821,,,,,,,,,
PC2_B1,pc2,combined_yaw_right,101,4,0,,999,0,0.27194796956796696,0.27194836735725403,4.13088875020889e-07,0.45361366032175304,9.03833166429291,0.07519833392395589,-0.45742224156856537,0.45296849566369013,-0.017499268054962158,-3.4169079785678485e-07,950,0.11870207911119904,0.13804808171948008,0.11388093403971125,,,,,,,,,
PC2_B1,pc2,combined_yaw_right,101,5,0,,999,0,0.3166087292094919,0.3166090250015259,4.895868148395722e-07,0.4505394299244416,12.560919528137635,0.1003806043686352,-0.48491141200065613,0.44640699722518357,0.006874144077301025,-9.179752778241973e-08,950,0.1311387782374882,0.14501306923527582,0.1319292884573781,,,,,,,,,
PC2_B1,pc2,combined_yaw_right,101,6,0,,999,0,0.31722657223117545,0.3172266334295273,2.49893270074365e-07,0.4343011949814456,12.001956556370565,0.10404186345631135,-0.48618923127651215,0.4315964416910521,0.013804778456687927,-6.374828318223596e-07,950,0.1318496516033293,0.1368895549340501,0.1493309343098476,,,,,,,,,
PC2_B1,pc2,combined_yaw_right,101,7,0,,999,0,0.30162978275893204,0.3016301244497299,3.365909352022059e-07,0.4604223235296327,11.063544804242419,0.08052593972506947,-0.5048160254955292,0.458018512443156,0.0054092854261398315,2.3459368211062838e-07,950,0.12712543192285528,0.13175981937704848,0.1294293038423957,,,,,,,,,
PC2_B1,pc2,combined_yaw_right,101,8,0,,999,0,0.30020208170707213,0.30020245909690857,2.0909436883773395e-07,0.4781522680101904,11.091205797154373,0.06364702127383416,-0.484979972243309,0.4769722134904325,-0.0016312599182128906,-1.988946435285762e-07,950,0.11703346658043644,0.12522035907414117,0.10715672228701552,,,,,,,,,
PC2_B1,pc2,combined_yaw_right,101,9,0,,999,0,0.3215265645381601,0.3215268552303314,2.2949381945604948e-07,0.4504073087294896,11.603477393386362,0.09963573127483404,-0.5088263154029846,0.4495650972821322,0.0032019615173339844,-1.5809574229194518e-07,950,0.13321335629227732,0.1414885349966081,0.13927360073998285,,,,,,,,,
PC2_B1,pc2,combined_yaw_right,101,10,0,,999,0,0.2667189575930967,0.26671938598155975,3.6719011112967913e-07,0.43818330517929954,8.122729961419036,0.10164220165351255,-0.4120040386915207,0.43287070173051917,-0.012581244111061096,1.0199725309157752e-07,950,0.11950815712639479,0.1329335638195088,0.12947819538990807,,,,,,,,,
PC2_B1,pc2,combined_yaw_right,101,11,0,,999,0,0.2899757877868765,0.28997595608234406,3.31491072547627e-07,0.47144409937816406,10.870305584701487,0.061760184363265025,-0.46479515731334686,0.4694848521699318,0.002952203154563904,-4.640875015666778e-07,950,0.12526195666500428,0.13242289463743012,0.12357038827250641,,,,,,,,,
PC2_B1,pc2,combined_yaw_right,101,12,0,,999,0,0.2769523101216331,0.2769525498151779,4.0798901236631015e-07,0.4704428188719392,9.074185138972522,0.07254051915576759,-0.4634529948234558,0.46901234390215135,-0.003114268183708191,-3.161914845838904e-07,950,0.12390826053651018,0.13582054819050005,0.11019907317103676,,,,,,,,,
PC2_B1,pc2,combined_yaw_right,101,13,0,,999,0,0.3037148809687976,0.30371546745300293,1.3769629167362967e-07,0.44458818317519877,11.071246767209846,0.1022123864589626,-0.43867506086826324,0.4421416922102387,0.005959987640380859,1.5299587963736613e-08,950,0.11997201174906683,0.1377490433928519,0.12359624913509036,,,,,,,,,
PC2_B1,pc2,combined_yaw_right,101,14,0,,999,0,0.30504594958402254,0.3050464391708374,4.946866774941511e-07,0.46165097648818715,11.702273491792077,0.08001367097344644,-0.4815274029970169,0.46135013378413536,0.0058716535568237305,1.1729684105531422e-07,950,0.12547474616120108,0.13404431876875528,0.11775127514237206,,,,,,,,,
PC2_B1,pc2,combined_yaw_right,101,15,0,,999,0,0.2998206907893247,0.2998210936784744,2.7539258334725935e-07,0.4587784547604084,10.871878760261882,0.09266242898310188,-0.4438709020614624,0.4537575008756285,-0.0020719915628433228,-1.5299587963736634e-07,950,0.12578600206306553,0.13917315254802173,0.130604583277126,,,,,,,,,
PC2_B1,pc2,combined_yaw_right,101,16,0,,999,0,0.30465998106143055,0.30466003715991974,3.977892870571524e-07,0.46646950816625266,11.006902628184466,0.07438375034942095,-0.43713660538196564,0.46396899543706616,-0.0041681379079818726,-1.0199725309157742e-08,950,0.12349226451434722,0.1337794888448171,0.11097592233263484,,,,,,,,,
PC2_B1,pc2,combined_yaw_right,101,17,0,,999,0,0.3143019401294025,0.3143020421266556,2.651928580381016e-07,0.47238286456631784,11.81119351993858,0.07443552359171632,-0.4889523386955261,0.4699105526258077,0.003588065505027771,-4.793870895304144e-07,950,0.12820006300458156,0.1377430040039073,0.12282370616546595,,,,,,,,,
PC2_B1,pc2,combined_yaw_right,101,18,0,,999,0,0.27114674233816527,0.2711472064256668,4.9978654014873e-07,0.43962380121371575,8.715090244333258,0.09016969232636578,-0.4597146362066269,0.43806901661581055,-0.011902853846549988,4.6918736422125676e-07,950,0.1195280588020307,0.13484093798310232,0.12040496318331684,,,,,,,,,
PC2_B1,pc2,combined_yaw_right,101,19,0,,999,0,0.31060732622197607,0.3106074333190918,4.232886003300468e-07,0.4577909661408238,11.019603992955409,0.0777115138506272,-0.49903976917266846,0.45614912229113136,0.005751252174377441,-4.7428722687583555e-07,950,0.1326124924780213,0.1382053064667468,0.12543312730869277,,,,,,,,,
PC2_B1,pc2,combined_yaw_right,101,20,0,,999,0,0.2996966965536383,0.2996973544359207,4.589876389120989e-07,0.47037953268146415,11.204184068346024,0.08048544140360614,-0.46594294905662537,0.469136526499951,0.005375102162361145,1.937947808739973e-07,950,0.12554180018927777,0.13486248525778435,0.12085027227653285,,,,,,,,,
PC2_B1,pc2,combined_yaw_right,101,21,0,,999,0,0.29301302079210945,0.29301342368125916,3.5189052316594254e-07,0.47542301759613437,10.779867049781458,0.07608252236983444,-0.4729107469320297,0.47356991350095845,0.003433734178543091,2.09094368837734e-07,950,0.12450266955743884,0.13131211333959733,0.11772941942735371,,,,,,,,,
PC2_B1,pc2,combined_yaw_right,101,22,0,,999,0,0.2664566765175784,0.2664567530155182,3.059917592747326e-07,0.4554098597355103,8.6047979241628,0.07341367634184999,-0.4729439318180084,0.45504889630677103,-0.016344904899597168,1.9379478087399733e-07,950,0.12082395763436658,0.12325279060980407,0.11090449093263624,,,,,,,,,
PC2_B1,pc2,combined_yaw_right,101,23,0,,999,0,0.3014152634908809,0.3014160692691803,5.966839305857287e-07,0.47629389121952415,11.480179494388233,0.0662972569556042,-0.4781998097896576,0.4758870160970693,0.00368538498878479,-3.926894244025734e-07,950,0.12354398824285272,0.15167220578437984,0.11804093555536162,,,,,,,,,
PC2_B1,pc2,combined_yaw_right,101,24,0,,999,0,0.26395956693804834,0.26395975053310394,2.804924460018382e-07,0.46171133901909694,8.340189491410264,0.06637134924144676,-0.4784456789493561,0.46025660498689086,-0.002186104655265808,4.0288914971173125e-07,950,0.1199791753524033,0.1275409967132581,0.10314251840766285,,,,,,,,,
PC2_B1,pc2,combined_yaw_right,101,25,0,,999,0,0.2758440650242535,0.2758439630270004,1.4279615432820854e-07,0.4756148301175924,9.629806433220157,0.06636745983042135,-0.4730740338563919,0.4752581062576683,-0.0016541332006454468,-4.1818873767546794e-07,950,0.11771843161105838,0.12730383838352924,0.10423159735814386,,,,,,,,,
PC2_B1,pc2,combined_yaw_right,101,26,0,,999,0,0.27786590366121283,0.27786658704280853,4.334883256392046e-07,0.4606391512599042,9.593071211412163,0.07503374890154728,-0.47693513333797455,0.45929194545306995,0.0004448741674423218,5.558850293490977e-07,950,0.12026255818347388,0.13359621985355868,0.11358161479442491,,,,,,,,,
PC2_B1,pc2,combined_yaw_right,101,27,0,,999,0,0.27635351436979627,0.2763538509607315,3.4679066051136365e-07,0.479093711839055,9.953607311532144,0.05586078762998871,-0.45400285720825195,0.47834263457645737,-0.012292608618736267,-4.5898763891209897e-07,950,0.11880400994014506,0.12862606760887246,0.09659494812304446,,,,,,,,,
PC2_B1,pc2,combined_yaw_right,101,28,0,,999,0,0.2866625125236052,0.2866629511117935,3.1109162192931147e-07,0.46755352687373336,10.973831041976206,0.08144998966534134,-0.4785213768482208,0.46532526982921824,-0.0027497857809066772,4.5388777625752e-07,950,0.12309709925633827,0.12926417635466597,0.12380329740009542,,,,,,,,,
PC2_B1,pc2,combined_yaw_right,101,29,0,,999,0,0.272990389622469,0.27299100160598755,7.85378848805147e-07,0.47867102635012737,8.93335848342224,0.06777617920102166,-0.4818676710128784,0.47798251858912955,-0.00939902663230896,3.059917592747317e-08,950,0.11909566841218691,0.12740859897464257,0.1078107770967444,,,,,,,,,
PC2_B1,pc2,combined_yaw_right,101,30,0,,999,0,0.3238228008071369,0.32382339239120483,4.5388777625752007e-07,0.43239231967022596,11.920790652126504,0.11964881516546695,-0.47708530724048615,0.42841430609445613,0.008085101842880249,1.988946435285762e-07,950,0.13292637608636068,0.14197518424299851,0.14600257789488558,,,,,,,,,
PC2_B1,pc2,combined_yaw_right,101,31,0,,999,0,0.2943510176504359,0.29435135424137115,3.4169079785678475e-07,0.45433606643811,11.007767440174268,0.09094111571614857,-0.44959911704063416,0.45097199008052613,0.003411605954170227,-1.478960169827875e-07,950,0.12152965040887992,0.13257764807639538,0.12742284964204464,,,,,,,,,
PC2_B1,pc2,combined_yaw_right,202,0,0,,999,0,0.26630428011085894,0.26630406081676483,1.4279615432820854e-07,0.43973739716796767,8.203136467296027,0.09156404434351448,-0.4707931876182556,0.4380885465484856,-0.003834143280982971,-1.6319560494652408e-07,950,0.12289912723925334,0.1417323086972756,0.12934489173070812,,,,,,,,,
PC2_B1,pc2,combined_yaw_right,202,1,0,,999,0,0.2847231824130298,0.28472375869750977,3.6719011112967913e-07,0.4855199249476806,9.437712945537985,0.07810284314557085,-0.4788741171360016,0.4840487108117748,-0.009711205959320068,2.549931327289438e-07,950,0.11320539593797757,0.1332177182962214,0.10981541496973199,,,,,,,,,
PC2_B1,pc2,combined_yaw_right,202,2,0,,999,0,0.3056871675871273,0.3056879937648773,3.059917592747326e-07,0.45847466923863756,10.807387367238766,0.0717490655496189,-0.4588085263967514,0.4579282020664219,0.002581685781478882,-6.935813210227273e-07,950,0.1290013649009054,0.14049917700383435,0.1279448793337145,,,,,,,,,
PC2_B1,pc2,combined_yaw_right,202,3,0,,999,0,0.3162387160853269,0.3162391036748886,3.365909352022059e-07,0.46435797159087966,11.436661169090973,0.1072393049372658,-0.4661519378423691,0.4546845985220621,0.011668696999549866,1.7339533025568185e-07,950,0.13314326991828673,0.14358587654785115,0.13904199598051054,,,,,,,,,
PC2_B1,pc2,combined_yaw_right,202,4,0,,999,0,0.304701867667749,0.3047023266553879,3.6209024847510023e-07,0.4651433946118224,12.039270886255801,0.07584421777492292,-0.46626269817352295,0.46291803345382104,0.004178985953330994,1.5299587963736586e-08,950,0.1345323980735293,0.14045882983250968,0.12670607100842363,,,,,,,,,
PC2_B1,pc2,combined_yaw_right,202,5,0,,999,0,0.2807450904087587,0.28074561059474945,1.4279615432820854e-07,0.46075364616035774,9.663601392519439,0.07387262030409408,-0.450795516371727,0.4587468652141556,-0.007460162043571472,-4.487879136029412e-07,950,0.12153150519841216,0.14256558053299637,0.13273139380199106,,,,,,,,,
PC2_B1,pc2,combined_yaw_right,202,6,0,,999,0,0.2820880963681216,0.28208865225315094,3.4169079785678475e-07,0.46358380876340033,9.535637444428058,0.07090821158186397,-0.48201727867126465,0.4624121083772925,-0.014646932482719421,-1.2749656636447196e-07,950,0.11697223728668596,0.13417850051382718,0.11499035358370589,,,,,,,,,
PC2_B1,pc2,combined_yaw_right,202,7,0,,999,0,0.312201723297012,0.3122021108865738,3.4169079785678475e-07,0.47534785349552156,10.98389397375831,0.08718337060896407,-0.5153035819530487,0.47326457790686444,0.012597158551216125,-4.94686677494151e-07,950,0.12316927605355889,0.13239170712855772,0.11723329394719141,,,,,,,,,
PC2_B1,pc2,combined_yaw_right,202,8,0,,999,0,0.2692965369492291,0.26929691433906555,2.49893270074365e-07,0.4517537739186086,8.158017992270974,0.07557558115191206,-0.4607212394475937,0.4514766846659506,-0.005955129861831665,4.028891497117313e-07,950,0.1159116924252367,0.12608100145223322,0.10753459375927482,,,,,,,,,
PC2_B1,pc2,combined_yaw_right,202,9,0,,999,0,0.3138590355448544,0.31385941803455353,3.31491072547627e-07,0.4484929515949765,11.702594978355396,0.0933354118910682,-0.5114223062992096,0.4469719903481696,-0.005389496684074402,-5.558850293490977e-07,950,0.131721344062476,0.13907008915847596,0.13522508169756262,,,,,,,,,
PC2_B1,pc2,combined_yaw_right,202,10,0,,999,0,0.306423857330001,0.3064240664243698,3.1109162192931147e-07,0.4592779878389209,11.200084956536173,0.09405299340090194,-0.4816996306180954,0.4554776337033267,-0.000517919659614563,-6.170833812040441e-07,950,0.1261997557565566,0.13176090048547945,0.13147082088830425,,,,,,,,,
PC2_B1,pc2,combined_yaw_right,202,11,0,,999,0,0.2857075783020673,0.2857089042663574,6.578822824406751e-07,0.46886498162258144,10.571941506449239,0.0723779142239658,-0.4702147841453552,0.4682675771142035,-0.006330728530883789,-4.844869521849932e-07,950,0.12106631268550046,0.14551894355821676,0.12265216164902713,,,,,,,,,
PC2_B1,pc2,combined_yaw_right,202,12,0,,999,0,0.26797356133792494,0.26797378063201904,3.2129134723846926e-07,0.45748919698377677,8.972990260539204,0.07853229465679103,-0.46458008885383606,0.4566679739767996,-0.0056535303592681885,3.620902484751003e-07,950,0.12147523132300227,0.1330278560611134,0.12443840404490246,,,,,,,,,
PC2_B1,pc2,combined_yaw_right,202,13,0,,999,0,0.30079214729089787,0.30079254508018494,2.702927206926805e-07,0.46852337436769664,11.333161126418792,0.08061525936517935,-0.47597959637641907,0.4668079447197016,-0.000712960958480835,-3.7228997378425803e-07,950,0.12456010946206215,0.13378990369366403,0.12274537090261146,,,,,,,,,
PC2_B1,pc2,combined_yaw_right,202,14,0,,999,0,0.2710477125676558,0.2710476666688919,2.49893270074365e-07,0.47680415645747776,9.857368048642053,0.06279635788444243,-0.4384825825691223,0.4755208718556145,-0.02490963041782379,-1.6829546760110287e-07,950,0.12520877594334975,0.133850151058999,0.09958800574051804,,,,,,,,,
PC2_B1,pc2,combined_yaw_right,202,15,0,,999,0,0.2696477313411427,0.26964834332466125,2.49893270074365e-07,0.47552715023417225,8.314320624552897,0.062381162879243765,-0.4546236991882324,0.47391731050895586,-0.002746284008026123,-1.1729684105531411e-07,950,0.11733004186309033,0.13602743317093316,0.11655481579379547,,,,,,,,,
PC2_B1,pc2,combined_yaw_right,202,16,0,,999,0,0.31525643783457136,0.3152567744255066,3.6209024847510023e-07,0.47067714969839125,11.797644112118853,0.09203500724446508,-0.49728602170944214,0.46982909484556146,0.007080286741256714,2.0909436883773392e-07,950,0.135821953779048,0.143455483816669,0.12381960300603893,,,,,,,,,
PC2_B1,pc2,combined_yaw_right,202,17,0,,999,0,0.2785688331101668,0.2785692512989044,3.7228997378425803e-07,0.47662774932012864,10.116925417375699,0.06267325421533265,-0.4830905646085739,0.47558314524897194,-0.007765322923660278,9.689739043699868e-08,950,0.12070889376115464,0.12557542032775507,0.11413841711571304,,,,,,,,,
PC2_B1,pc2,combined_yaw_right,202,18,0,,999,0,0.2925631296347807,0.2925635427236557,1.6829546760110293e-07,0.4776125885468906,9.714243539410951,0.06980539249858886,-0.5113859176635742,0.473621316155589,0.0001567453145980835,1.3769629167362965e-07,950,0.12706571335338424,0.14423444996826065,0.10746197045576045,,,,,,,,,
PC2_B1,pc2,combined_yaw_right,202,19,0,,999,0,0.3230714244160423,0.3230716437101364,3.824896990934158e-07,0.4327434682208427,11.863618740171844,0.12168365531374495,-0.5224003493785858,0.4308541483800556,0.013432100415229797,-4.6408750156667776e-07,950,0.1354756913831835,0.14166156122106857,0.14145060200432252,,,,,,,,,
PC2_B1,pc2,combined_yaw_right,202,20,0,,999,0,0.2609915555639063,0.2609918564558029,4.3858818829378343e-07,0.4639011345875749,7.913580271011098,0.08109638069913466,-0.47661761939525604,0.46300073356674554,-0.014926299452781677,-4.487879136029412e-07,950,0.11451384856678044,0.14206465542226623,0.11363926273959703,,,,,,,,,
PC2_B1,pc2,combined_yaw_right,202,21,0,,999,0,0.3003312226604013,0.3003315031528473,4.793870895304144e-07,0.45440171288286446,10.502019677879208,0.08478669489479945,-0.46354062855243683,0.45395892372118773,-0.00235024094581604,-9.179752778241973e-08,950,0.12329489066498052,0.13637008376137794,0.11940369185315573,,,,,,,,,
PC2_B1,pc2,combined_yaw_right,202,22,0,,999,0,0.2763874829612314,0.2763882428407669,5.915840679311498e-07,0.46458192117939157,9.42054750440635,0.06320046893169903,-0.45408983528614044,0.4637856906113522,-0.010877832770347595,4.5898763891209897e-07,950,0.12236104568663951,0.1315461207742646,0.11028905338757578,,,,,,,,,
PC2_B1,pc2,combined_yaw_right,202,23,0,,999,0,0.26955155669686626,0.26955169439315796,2.7539258334725935e-07,0.4591987441059693,8.174329052872254,0.07679750954428852,-0.4667831063270569,0.45904582360784624,-0.0001418590545654297,4.589876389120989e-07,950,0.1208345335006753,0.12923646604983763,0.11485112939379662,,,,,,,,,
PC2_B1,pc2,combined_yaw_right,202,24,0,,999,0,0.30082159628842603,0.30082201957702637,4.589876389120989e-07,0.46717641657324355,10.591854271524376,0.07568739685892126,-0.521285742521286,0.4638797573010774,-0.005838245153427124,5.099862654578876e-08,950,0.13193931168571366,0.1324465030961775,0.12336815135783007,,,,,,,,,
PC2_B1,pc2,combined_yaw_right,202,25,0,,999,0,0.26699432284436764,0.2669946849346161,3.773898364388369e-07,0.4530041353349289,8.327943989716378,0.08626965563824782,-0.48646216094493866,0.4509907553194632,-0.0066554248332977295,-6.11983518549465e-08,950,0.12004334516873545,0.13130460401937413,0.11093826706565606,,,,,,,,,
PC2_B1,pc2,combined_yaw_right,202,26,0,,999,0,0.3182066929212866,0.31820687651634216,2.0909436883773395e-07,0.46740044191756647,11.828496481512968,0.08864239761041587,-0.48119281232357025,0.46183033075600066,0.013165265321731567,-3.6209024847510023e-07,950,0.13540240918034877,0.14688774250561853,0.13027637151537,,,,,,,,,
PC2_B1,pc2,combined_yaw_right,202,27,0,,999,0,0.2626255600050809,0.26262594759464264,3.4169079785678475e-07,0.45300893891896254,8.840190848542079,0.08261164803727064,-0.46821020543575287,0.45068752837486836,-0.0003943890333175659,-6.068836558948864e-07,950,0.1141252070567106,0.13247473195577475,0.11749130647187943,,,,,,,,,
PC2_B1,pc2,combined_yaw_right,202,28,0,,999,0,0.29982269886024493,0.29982323944568634,2.396935447652072e-07,0.46849199561065846,10.355919846477914,0.07796797898240693,-0.47799812257289886,0.46723660446607085,0.002128198742866516,1.6829546760110295e-07,950,0.12133900164620523,0.13652765208779163,0.12435274113936538,,,,,,,,,
PC2_B1,pc2,combined_yaw_right,202,29,0,,999,0,0.3035799488026828,0.30358004570007324,5.81384342621992e-07,0.46217374531874644,11.946581830105758,0.0863419458613745,-0.47241827845573425,0.4615300765497157,0.009597063064575195,-3.773898364388369e-07,950,0.12528092248893136,0.13398494692889729,0.1254528280142958,,,,,,,,,
PC2_B1,pc2,combined_yaw_right,202,30,0,,999,0,0.2745483344729571,0.2745484262704849,3.6719011112967913e-07,0.45332284861736427,8.743342220415641,0.08133992495977846,-0.4521372616291046,0.4500526498010268,-0.018586978316307068,-3.1619148458389037e-07,950,0.12071671282263367,0.13076917714146533,0.11330038739984444,,,,,,,,,
PC2_B1,pc2,combined_yaw_right,202,31,0,,999,0,0.26471974879981364,0.264720156788826,4.0798901236631015e-07,0.4534147383805066,8.522981593635954,0.07197284662491309,-0.45903170108795166,0.45324795048820377,-0.006075456738471985,-4.691873642212567e-07,950,0.12210533556937092,0.13665803937393986,0.115561911557167,,,,,,,,,
PC2_B1,pc2,combined_yaw_right,303,0,0,,999,0,0.30411813938043974,0.3041186034679413,3.977892870571524e-07,0.45819568855389614,11.234067356068634,0.073181634909249,-0.4993005841970444,0.4563718785688995,-0.008521169424057007,8.159780247326204e-08,950,0.13334010775824987,0.13842625408893558,0.11617596418950617,,,,,,,,,
PC2_B1,pc2,combined_yaw_right,303,1,0,,999,0,0.2855053051589007,0.28550586104393005,4.0798901236631015e-07,0.4543305281911757,9.605662966970321,0.09148680493346084,-0.45181092619895935,0.453576550868666,0.0044946372509002686,1.0199725309157752e-07,950,0.11816167631739649,0.13099134935323464,0.12174682948808918,,,,,,,,,
PC2_B1,pc2,combined_yaw_right,303,2,0,,999,0,0.3017436284273066,0.30174393951892853,5.303857160762032e-07,0.46344685548851106,11.435688100695947,0.0790104642497736,-0.48259034752845764,0.4617051188205239,-0.0026137977838516235,4.181887376754679e-07,950,0.13336663732336038,0.14514626386932516,0.13725683632513686,,,,,,,,,
PC2_B1,pc2,combined_yaw_right,303,3,0,,999,0,0.3161001729773965,0.31610044836997986,2.957920339655749e-07,0.46128756065203735,12.251279065877236,0.0976695486332589,-0.5221845209598541,0.4571577330408618,0.004345715045928955,9.179752778241981e-08,950,0.13099499781931948,0.1437809475815828,0.12936192818655926,,,,,,,,,
PC2_B1,pc2,combined_yaw_right,303,4,0,,999,0,0.321448114546225,0.3214486092329025,3.1109162192931147e-07,0.4569435359597327,11.53938353136121,0.10059920966039847,-0.5254928767681122,0.45318792085231363,0.003113850951194763,5.0998626545788444e-09,950,0.12723467520557713,0.13457948955449592,0.12520242681151084,,,,,,,,,
PC2_B1,pc2,combined_yaw_right,303,5,0,,999,0,0.3082185636229694,0.30821913480758667,7.088809089864639e-07,0.46237507391961663,12.258742079625973,0.0804754340142765,-0.5012657642364502,0.45578389179718365,-0.013968884944915771,-3.5699038582052176e-08,950,0.13243418168122958,0.13581594821166162,0.13212023631476738,,,,,,,,,
PC2_B1,pc2,combined_yaw_right,303,6,0,,999,0,0.30282572007434255,0.30282625555992126,3.7228997378425803e-07,0.4644092842259381,10.940748372926127,0.07604879888700755,-0.4730093479156494,0.463783282889518,0.013882040977478027,-2.396935447652072e-07,950,0.12553395047639967,0.1353258452947383,0.11917400674606579,,,,,,,,,
PC2_B1,pc2,combined_yaw_right,303,7,0,,999,0,0.304968243932979,0.30496877431869507,5.303857160762032e-07,0.46487131657225383,11.503963666329653,0.07354236117413135,-0.4608112573623657,0.4632097394165978,-0.0019237697124481201,-6.119835185494656e-08,950,0.12399599102878353,0.13366477669612595,0.13162128912271273,,,,,,,,,
PC2_B1,pc2,combined_yaw_right,303,8,0,,999,0,0.29883776947776264,0.2988380193710327,3.569903858205214e-07,0.4782063229153035,11.227921902789719,0.07274644409110854,-0.4658151865005493,0.47719514102033833,-0.0038141608238220215,-1.0199725309157752e-07,950,0.12452814601589682,0.13146056704975334,0.11674239580691075,,,,,,,,,
PC2_B1,pc2,combined_yaw_right,303,9,0,,999,0,0.3033215664127931,0.30332209169864655,3.5189052316594254e-07,0.4791446550153843,11.453896914752736,0.055943314660439544,-0.49944324791431427,0.477674264510103,0.008869484066963196,2.49893270074365e-07,950,0.12108308200112901,0.13334239216286448,0.10459969517586178,,,,,,,,,
PC2_B1,pc2,combined_yaw_right,303,10,0,,999,0,0.29432399690469957,0.29432395100593567,1.8869491821941846e-07,0.48721572297844984,10.889685715648822,0.06032452176424427,-0.48558497428894043,0.481893812825163,0.0030935704708099365,-4.589876389120989e-08,950,0.12725882251712456,0.14184743157456367,0.11972071098542313,,,,,,,,,
PC2_B1,pc2,combined_yaw_right,303,11,0,,999,0,0.2928232292440486,0.29282402992248535,9.332748657879345e-07,0.4530203593760047,10.121018547888362,0.08179548976723376,-0.4587949067354202,0.4517750700533737,0.0008153319358825684,5.558850293490976e-07,950,0.12206829676348438,0.14019181556875362,0.13502575518556426,,,,,,,,,
PC2_B1,pc2,combined_yaw_right,303,12,0,,999,0,0.30622743181685075,0.30622757971286774,2.651928580381016e-07,0.4587928987028643,11.553111607107503,0.08241356826188354,-0.5043244361877441,0.45595338007646535,0.0008808821439743042,2.2439395680147059e-07,950,0.12458423788860146,0.1359215104779778,0.12095351086211395,,,,,,,,,
PC2_B1,pc2,combined_yaw_right,303,13,0,,999,0,0.3064449940295143,0.3064457029104233,2.396935447652072e-07,0.487133588519606,11.163844799919548,0.06441253217756232,-0.4815126955509186,0.48627325545572897,-0.0017320960760116577,-1.4789601698278744e-07,950,0.12788727089118382,0.13080330691366784,0.10715635630328635,,,,,,,,,
PC2_B1,pc2,combined_yaw_right,303,14,0,,999,0,0.27072672928399577,0.2707269638776779,3.8758956174799467e-07,0.462810053317519,8.568367389598007,0.06939842109136514,-0.4496026188135147,0.46097971923748127,-0.013006463646888733,1.1219697840073532e-07,950,0.11725214749890393,0.12990412409665056,0.10453707584883894,,,,,,,,,
PC2_B1,pc2,combined_yaw_right,303,15,0,,999,0,0.3194100090207901,0.3194104731082916,3.263912098930481e-07,0.46726140261628946,11.556652490089473,0.09805995350432947,-0.485671728849411,0.45988532734150334,0.003850787878036499,-5.507851666945188e-07,950,0.12985757860896965,0.14183445123220056,0.13037296068460738,,,,,,,,,
PC2_B1,pc2,combined_yaw_right,303,16,0,,999,0,0.2862253491094406,0.2862253338098526,1.8869491821941846e-07,0.46277762449030646,10.294735737961394,0.07865084463887631,-0.4732924848794937,0.4616577395560727,-0.007453426718711853,9.689739043699868e-08,950,0.13635086931955331,0.165214334701742,0.11763642763574886,,,,,,,,,
PC2_B1,pc2,combined_yaw_right,303,17,0,,999,0,0.28272750192785007,0.282728374004364,2.7539258334725935e-07,0.4659261376191577,10.382959851748534,0.07036827630758587,-0.496601864695549,0.46145865941006636,0.004648715257644653,-5.099862654578876e-08,950,0.12458010209555626,0.16145481730567393,0.10095032235695912,,,,,,,,,
PC2_B1,pc2,combined_yaw_right,303,18,0,,999,0,0.28597666251468146,0.28597649931907654,1.937947808739973e-07,0.46671782237999965,9.62834769169151,0.06335027356906957,-0.43412551283836365,0.4643175555757023,0.0017917752265930176,2.1419423149231282e-07,950,0.11782908238081291,0.12745459755152028,0.1094078016101436,,,,,,,,,
PC2_B1,pc2,combined_yaw_right,303,19,0,,999,0,0.273158258932797,0.2731591463088989,4.13088875020889e-07,0.4659334063023602,8.202055124813562,0.07593620264678375,-0.4700314849615097,0.46349654213689884,-0.006155818700790405,-6.629821450952545e-08,950,0.11720445783607279,0.12680486414225925,0.10838957954295135,,,,,,,,,
PC2_B1,pc2,combined_yaw_right,303,20,0,,999,0,0.2680554383578785,0.2680560350418091,5.40585441385361e-07,0.4601829758653344,8.825892919880175,0.07558610861186599,-0.47366996109485626,0.4579785362504757,-0.004905819892883301,-2.0399450618315484e-08,950,0.12148064520947034,0.13430807253756655,0.11018567750496513,,,,,,,,,
PC2_B1,pc2,combined_yaw_right,303,21,0,,999,0,0.303321814234244,0.30332235991954803,5.048864028033088e-07,0.4483956427451715,10.835402278957448,0.09877902113207673,-0.47263041138648987,0.4472755579877817,-0.009655758738517761,5.609848920036766e-08,950,0.12958256518853728,0.14123822572246011,0.1342635601727856,,,,,,,,,
PC2_B1,pc2,combined_yaw_right,303,22,0,,999,0,0.3139937121600391,0.31399428844451904,5.201859907670454e-07,0.4740376609838548,11.47918361866985,0.07102995299360411,-0.48794157803058624,0.47131045835890717,0.01724901795387268,8.363774753509358e-07,950,0.12566264412048364,0.1346525939540259,0.116539832547959,,,,,,,,,
PC2_B1,pc2,combined_yaw_right,303,23,0,,999,0,0.29994297959906535,0.2999431937932968,2.1929409414689171e-07,0.4577618444940214,9.817613656704943,0.09210603145894915,-0.49569791555404663,0.4541362785228278,0.011742725968360901,-6.629821450952537e-08,950,0.12194274677644995,0.13232194070805015,0.12525829253300177,,,,,,,,,
PC2_B1,pc2,combined_yaw_right,303,24,0,,999,0,0.3045529415581953,0.304553359746933,2.651928580381016e-07,0.4659208817669067,11.68458785885144,0.08117771678995152,-0.5203495025634766,0.4625475956435495,0.004886627197265625,-2.549931327289438e-07,950,0.12678483412296182,0.12880585756764418,0.12285144180439625,,,,,,,,,
PC2_B1,pc2,combined_yaw_right,303,25,0,,999,0,0.28630419912185257,0.2863048315048218,4.895868148395722e-07,0.4506253449405327,9.899393670405358,0.08895418886525422,-0.4872123599052429,0.44838934728354,-0.01054537296295166,-6.119835185494645e-08,950,0.13095596862059214,0.15273324594638676,0.11946628673035388,,,,,,,,,
PC2_B1,pc2,combined_yaw_right,303,26,0,,999,0,0.288660789476359,0.28866155445575714,4.232886003300468e-07,0.4507510225380313,10.452325618662805,0.08722374595640978,-0.46811555325984955,0.44849049438989674,-0.010148987174034119,5.456853040399399e-07,950,0.11982035417240042,0.13233192112789507,0.11894805855329442,,,,,,,,,
PC2_B1,pc2,combined_yaw_right,303,27,0,,999,0,0.28458407816083675,0.28458453714847565,3.2129134723846926e-07,0.45256926224976035,10.285373909526779,0.08570195912369527,-0.48310597240924835,0.450319542127977,-0.001022443175315857,1.1729684105531419e-07,950,0.11941599842206989,0.1336993107779244,0.12787794063717783,,,,,,,,,
PC2_B1,pc2,combined_yaw_right,303,28,0,,999,0,0.31980404600421375,0.3198042958974838,3.4679066051136365e-07,0.4812841402215886,12.106528670537394,0.08446240943970315,-0.5024513900279999,0.47656398058262095,0.009738191962242126,3.6719011112967913e-07,950,0.13107819491294279,0.14450757927182029,0.11893519845123396,,,,,,,,,
PC2_B1,pc2,combined_yaw_right,303,29,0,,999,0,0.30677105215462774,0.306771919131279,5.048864028033088e-07,0.413149769579058,11.170456460838938,0.17442631876596623,-0.40958014130592346,0.41154615150798857,-0.007225289940834045,-4.5898763891209865e-08,950,0.13835909067614816,0.19453642992039005,0.1800567881527803,,,,,,,,,
PC2_B1,pc2,combined_yaw_right,303,30,0,,999,0,0.2829454940429983,0.2829456776380539,3.5189052316594254e-07,0.47700700508590643,10.799274392802069,0.07922588241254344,-0.448028028011322,0.4717223448318437,0.0013109594583511353,-3.569903858205212e-08,950,0.1314939961762653,0.1515402133157753,0.12361112770748177,,,,,,,,,
PC2_B1,pc2,combined_yaw_right,303,31,0,,999,0,0.2779510186955253,0.277951717376709,3.926894244025735e-07,0.45888312201344567,9.57964259452198,0.07281179831820464,-0.4793647229671478,0.4587835786742607,0.0029270946979522705,2.2949381945604946e-07,950,0.125069793504204,0.15446446426023455,0.10453537223853222,,,,,,,,,
PC2_B1,pc2,combined_yaw_left,101,0,0,,999,0,0.33482495763085107,0.33482521772384644,2.957920339655749e-07,0.47886759058396544,12.445297938026037,0.05276822457196684,0.5055822730064392,0.47866308904132415,0.022534489631652832,-3.977892870571524e-07,950,0.1005244574163585,0.1025100025793147,0.0985039853913015,,,,,,,,,
PC2_B1,pc2,combined_yaw_left,101,1,0,,999,0,0.34416660276007527,0.344166561961174,3.3659093520220585e-07,0.4444589149306254,7.7083474696599925,0.08700711268431258,0.4626026302576065,0.44367575497966677,0.00041835010051727295,1.019972530915775e-07,950,0.11170720009438141,0.11629213883847081,0.13284518529467831,,,,,,,,,
PC2_B1,pc2,combined_yaw_left,101,2,0,,999,0,0.3181568860688949,0.3181573450565338,4.895868148395722e-07,0.4879088963246972,12.145766291697011,0.05968865692828537,0.5240373611450195,0.48763816588099873,0.0032667219638824463,-6.119835185494645e-08,950,0.10298226595071175,0.09938048054031082,0.10769880646072225,,,,,,,,,
PC2_B1,pc2,combined_yaw_left,101,3,0,,999,0,0.34152168585336146,0.3415216654539108,2.49893270074365e-07,0.49601923021688343,10.076492782521228,0.06912507506200452,0.5049030184745789,0.49535872505859346,-0.005745038390159607,1.478960169827875e-07,950,0.15243588964018398,0.1467350143288998,0.13097363519007205,,,,,,,,,
PC2_B1,pc2,combined_yaw_left,101,4,0,,999,0,0.3095505633615555,0.30955056846141815,3.059917592747326e-07,0.48781191426100184,11.783313111166231,0.05399374178290807,0.4834510087966919,0.48726531393633143,-0.0013362616300582886,4.4878791360294117e-07,950,0.11054722139489703,0.09956034929328654,0.10987064524864781,,,,,,,,,
PC2_B1,pc2,combined_yaw_left,101,5,0,,999,0,0.34714497442551473,0.34714561700820923,8.516770633146725e-07,0.4855545988608228,9.785057179393345,0.06454962165752426,0.5306482017040253,0.484253104972294,0.00998157262802124,-3.926894244025736e-07,950,0.11719168500365103,0.12384686481874028,0.09263245337628273,,,,,,,,,
PC2_B1,pc2,combined_yaw_left,101,6,0,,999,0,0.346992781216448,0.34699295461177826,3.6209024847510023e-07,0.4704880424847545,10.255129468911061,0.06698585328951853,0.4962136447429657,0.4689993799541764,0.02288411557674408,2.7029272069268045e-07,950,0.11728424907469664,0.11791749433423244,0.10428413440670083,,,,,,,,,
PC2_B1,pc2,combined_yaw_left,101,7,0,,999,0,0.3464677359331101,0.3464682102203369,4.3858818829378343e-07,0.46253248842109335,10.759306473113423,0.07122194286438838,0.49431753158569336,0.46168024175442346,0.02201738953590393,-2.3459368211062838e-07,950,0.10300190119068534,0.11210516614102625,0.10831023450827611,,,,,,,,,
PC2_B1,pc2,combined_yaw_left,101,8,0,,999,0,0.3337381927565457,0.3337385803461075,4.1308887502088905e-07,0.477720368009544,10.842952547961408,0.06212966274231373,0.479133665561676,0.47295845330045494,-0.005695119500160217,-1.3769629167362965e-07,950,0.1016831047235438,0.11411604142656678,0.10594019047015722,,,,,,,,,
PC2_B1,pc2,combined_yaw_left,101,9,0,,999,0,0.3565830873614326,0.3565833270549774,2.0399450618315507e-07,0.46119936360835473,7.957069438574177,0.09281597880926326,0.4818502962589264,0.46034560345854886,0.00859573483467102,-8.159780247326201e-08,950,0.1342267067307324,0.13185207323418657,0.12110221822652643,,,,,,,,,
PC2_B1,pc2,combined_yaw_left,101,10,0,,999,0,0.30026592545330844,0.3002660274505615,2.49893270074365e-07,0.49342259543638023,10.902580456599,0.07106369888490546,0.4948522746562958,0.4918989819790529,0.0046742260456085205,1.9889464352857626e-07,950,0.12106600418442862,0.11154339030660261,0.1449934631018604,,,,,,,,,
PC2_B1,pc2,combined_yaw_left,101,11,0,,999,0,0.3319525227827185,0.33195269107818604,2.7539258334725935e-07,0.48891184120411846,11.893572193005694,0.06444380831181512,0.48959387838840485,0.4864896466229023,0.01801013946533203,4.0798901236630994e-08,950,0.10265115377899255,0.10504754415329894,0.1059591089539834,,,,,,,,,
PC2_B1,pc2,combined_yaw_left,101,12,0,,999,0,0.3119832343436817,0.3119833618402481,3.1109162192931147e-07,0.48932741109970757,10.829119510703329,0.06186149452551326,0.4572879374027252,0.48804388253347747,0.006837919354438782,-2.600929953835227e-07,950,0.1090705125787432,0.10144660774074658,0.10816456726650857,,,,,,,,,
PC2_B1,pc2,combined_yaw_left,101,13,0,,999,0,0.3386896258210116,0.3386901766061783,1.7339533025568182e-07,0.4796280415482064,10.839499529179104,0.06611442167434592,0.5098289847373962,0.47960877373084787,0.007677748799324036,3.2639120989304816e-07,950,0.09864399609543416,0.10869646489421475,0.10664293807097268,,,,,,,,,
PC2_B1,pc2,combined_yaw_left,101,14,0,,999,0,0.32744953570200164,0.32744990289211273,4.9978654014873e-07,0.48423898695474876,12.168639049235061,0.07014880682764527,0.4787953495979309,0.4828218749841653,-0.0030148178339004517,2.447934074197862e-07,950,0.1018861243706425,0.11011205421765455,0.10978688982224087,,,,,,,,,
PC2_B1,pc2,combined_yaw_left,101,15,0,,999,0,0.3491365252969099,0.34913694858551025,4.181887376754679e-07,0.4610570162237414,10.375453313831388,0.07158128238223418,0.49935635924339294,0.46100787213540695,0.011549711227416992,3.0599175927473257e-07,950,0.10083757059275614,0.11175742800836509,0.10655048442734553,,,,,,,,,
PC2_B1,pc2,combined_yaw_left,101,16,0,,999,0,0.34218490131717316,0.3421856611967087,4.232886003300468e-07,0.47468705889431817,11.37303842366278,0.07500529145924761,0.518744707107544,0.47168087408445847,-0.004970088601112366,3.2129134723846926e-07,950,0.11851137948663627,0.12455625977158123,0.11485540342585768,,,,,,,,,
PC2_B1,pc2,combined_yaw_left,101,17,0,,999,0,0.3534626258726426,0.35346265137195587,3.4679066051136365e-07,0.450795202127543,9.142546069755387,0.0946986528670492,0.49150487780570984,0.4453782713325366,0.022568151354789734,1.7339533025568182e-07,950,0.11074987747291587,0.11584621267344938,0.12641092814766783,,,,,,,,,
PC2_B1,pc2,combined_yaw_left,101,18,0,,999,0,0.3125345018458239,0.31253504753112793,1.988946435285762e-07,0.4731907039126534,12.001790211180143,0.066753173567952,0.48644040524959564,0.47188662510340196,-0.004815787076950073,-5.354855787307821e-07,950,0.10583288343892394,0.10342226306024606,0.11653530192565968,,,,,,,,,
PC2_B1,pc2,combined_yaw_left,101,19,0,,999,0,0.3413244187035025,0.3413246124982834,2.2949381945604948e-07,0.4561549648513712,9.988564879334623,0.07349176044112757,0.48625317215919495,0.4532401273686419,0.0013915449380874634,7.649793981868317e-08,950,0.1153492630174225,0.12632031946133973,0.16513028529906265,,,,,,,,,
PC2_B1,pc2,combined_yaw_left,101,20,0,,999,0,0.3417007378875253,0.3417014926671982,3.1109162192931147e-07,0.47268938800665516,9.95964186742911,0.06712357885748091,0.4833432286977768,0.4716878455888479,0.004107758402824402,6.629821450952535e-08,950,0.12444317202245578,0.1263608625105628,0.10224065698141269,,,,,,,,,
PC2_B1,pc2,combined_yaw_left,101,21,0,,999,0,0.33504498777861264,0.335045263171196,3.263912098930481e-07,0.46794349567121185,10.324350189347037,0.08289981006332742,0.48638780415058136,0.4670482153410528,0.003382369875907898,-4.487879136029412e-07,950,0.11941788691516941,0.10875030208104032,0.10322237716433816,,,,,,,,,
PC2_B1,pc2,combined_yaw_left,101,22,0,,999,0,0.3036397629402538,0.30363963544368744,3.263912098930481e-07,0.49218093937404206,11.721325037698332,0.06306516726080885,0.4847373366355896,0.490923073594396,-0.0055704861879348755,-1.0199725309157758e-07,950,0.10988457935998626,0.09584329759510167,0.10986387938744,,,,,,,,,
PC2_B1,pc2,combined_yaw_left,101,23,0,,999,0,0.33457040874397054,0.33457113802433014,6.884814583681484e-07,0.46440424863538954,11.539814769506105,0.06592031997428827,0.4907720685005188,0.464403066206752,0.019162937998771667,2.192940941468917e-07,950,0.11856230495888086,0.11850500093053222,0.1425979400125494,,,,,,,,,
PC2_B1,pc2,combined_yaw_left,101,24,0,,999,0,0.2932668432673031,0.2932672053575516,2.90692171310996e-07,0.5075791353600442,10.8594059883077,0.05714405503080669,0.4677116721868515,0.5055082479712079,-0.011962756514549255,-1.0709711574615642e-07,950,0.10286633731055028,0.09946689945560497,0.10270135640268976,,,,,,,,,
PC2_B1,pc2,combined_yaw_left,101,25,0,,999,0,0.30819912079502554,0.30819956958293915,4.793870895304144e-07,0.4998452845399134,11.291192229038526,0.06197035135219039,0.4715292155742645,0.49792140692790643,-0.012579455971717834,1.8359505556483956e-07,950,0.10986847986757219,0.10882664209548656,0.10015524105171518,,,,,,,,,
PC2_B1,pc2,combined_yaw_left,101,26,0,,999,0,0.3128727051344785,0.31287357211112976,4.640875015666778e-07,0.4834165214577505,12.447365298667144,0.053815849496859386,0.4959596246480942,0.48311911608350616,0.023547500371932983,3.1109162192931147e-07,950,0.11696232904523607,0.10963246094427555,0.11186270698304754,,,,,,,,,
PC2_B1,pc2,combined_yaw_left,101,27,0,,999,0,0.3108251452605355,0.3108258694410324,5.252858534216243e-07,0.49730867611778296,12.125828644472676,0.06716957893002087,0.5102382302284241,0.49579207680317094,7.37607479095459e-06,-3.3149107254762706e-07,950,0.12129259084049546,0.12853683207074146,0.10856054545866291,,,,,,,,,
PC2_B1,pc2,combined_yaw_left,101,28,0,,999,0,0.3230630355404023,0.32306304574012756,1.0709711574615642e-07,0.49560356307124487,12.114982201438329,0.05436258300582934,0.5034736096858978,0.4954896882697559,-0.008326917886734009,-1.6829546760110293e-07,950,0.10482139756161966,0.0985798244679138,0.09921092212639968,,,,,,,,,
PC2_B1,pc2,combined_yaw_left,101,29,0,,999,0,0.3132172953636251,0.3132179379463196,5.099862654578876e-07,0.48800475101238683,12.259715262621466,0.050108217891994745,0.5121029913425446,0.4874811716685894,0.0030590295791625977,-1.8359505556483967e-07,950,0.11064125033937951,0.10263150763612013,0.10309803115456437,,,,,,,,,
PC2_B1,pc2,combined_yaw_left,101,30,0,,999,0,0.35486554302633766,0.3548658490180969,4.0798901236631015e-07,0.4651762195395702,8.730809604198498,0.07217324501144642,0.5029107332229614,0.46301455522360246,-0.018832147121429443,-5.099862654578876e-08,950,0.15378259301548972,0.14264758727831295,0.11113754281013109,,,,,,,,,
PC2_B1,pc2,combined_yaw_left,101,31,0,,999,0,0.32544720388032533,0.3254476934671402,4.640875015666778e-07,0.4697451232077957,11.888247956601356,0.07748285324264687,0.47233349084854126,0.4679423280539672,0.008798643946647644,-3.569903858205212e-08,950,0.10510932008294734,0.10531641043849214,0.11972742138249959,,,,,,,,,
PC2_B1,pc2,combined_yaw_left,202,0,0,,999,0,0.30736631912024903,0.3073669821023941,4.13088875020889e-07,0.5058573316068317,11.874054438000286,0.05244469043824949,0.529019683599472,0.5042580916027908,0.010687902569770813,-6.170833812040443e-07,950,0.10180267695823537,0.09606056334795521,0.10404862095966663,,,,,,,,,
PC2_B1,pc2,combined_yaw_left,202,1,0,,999,0,0.32349307133870964,0.32349391281604767,2.651928580381016e-07,0.47059182833215407,11.471167812413405,0.057137632934635585,0.47659534215927124,0.4704397938397631,0.004789277911186218,4.0798901236631015e-07,950,0.10127726860741425,0.09976065106710845,0.117996913188604,,,,,,,,,
PC2_B1,pc2,combined_yaw_left,202,2,0,,999,0,0.33239458341968253,0.33239464461803436,4.4878791360294117e-07,0.4883600718231819,9.917625071518192,0.05674637663751854,0.47916509211063385,0.48815494827149086,0.0003647357225418091,8.159780247326204e-08,950,0.12453714009387491,0.12424525739123166,0.10493176122246253,,,,,,,,,
PC2_B1,pc2,combined_yaw_left,202,3,0,,999,0,0.35276960713021893,0.35277022421360016,4.589876389120989e-07,0.4683205382739902,9.105913167357688,0.06342342215831542,0.5029144585132599,0.46756715109487224,0.004908159375190735,3.0599175927473226e-08,950,0.12377304179572933,0.12807015384442338,0.1048636407678876,,,,,,,,,
PC2_B1,pc2,combined_yaw_left,202,4,0,,999,0,0.33742216149753423,0.3374221920967102,3.4169079785678475e-07,0.4764630760173678,10.82161866389107,0.0682340179552784,0.4926649332046509,0.4756409307320939,-0.024596333503723145,2.549931327289438e-08,950,0.12676386665622844,0.13770034505882092,0.11080384175514749,,,,,,,,,
PC2_B1,pc2,combined_yaw_left,202,5,0,,999,0,0.32172971708889314,0.32173019647598267,2.7539258334725935e-07,0.4833322670850946,12.155780143584384,0.061404485276635126,0.49515964090824127,0.480962579207169,-0.004648536443710327,3.3659093520220585e-07,950,0.1200673934049557,0.10855517523311446,0.11005786599862456,,,,,,,,,
PC2_B1,pc2,combined_yaw_left,202,6,0,,999,0,0.30243018500626406,0.30243028700351715,2.1419423149231284e-07,0.486408829638848,9.599381457365755,0.06256764899288741,0.4533962160348892,0.4861173601559216,-0.002240195870399475,-5.099862654578876e-08,950,0.1162389817021865,0.10563984085434833,0.15107471550512558,,,,,,,,,
PC2_B1,pc2,combined_yaw_left,202,7,0,,999,0,0.3378035797473581,0.3378038704395294,3.6209024847510023e-07,0.4466955314342421,10.425219540982182,0.08646930168549519,0.4766438603401184,0.4454915390272447,0.014937937259674072,-1.7849519291026077e-07,950,0.12560560667225654,0.12981063671557685,0.17607458775288773,,,,,,,,,
PC2_B1,pc2,combined_yaw_left,202,8,0,,999,0,0.3003594841867845,0.3003599941730499,3.31491072547627e-07,0.5101204910551835,11.252228852604073,0.04976445582524652,0.48844170570373535,0.509192514020819,0.0019864439964294434,1.4789601698278744e-07,950,0.11223423940920058,0.10544384162825246,0.08653949236342183,,,,,,,,,
PC2_B1,pc2,combined_yaw_left,202,9,0,,999,0,0.3479007449857691,0.3479010611772537,1.0709711574615642e-07,0.46231472779235094,9.914698106770754,0.07235852929190595,0.4752502292394638,0.462231230133048,-0.016517147421836853,3.2129134723846926e-07,950,0.11673517901578363,0.1263946549784122,0.1072788143182217,,,,,,,,,
PC2_B1,pc2,combined_yaw_left,202,10,0,,999,0,0.34122385196188554,0.3412239998579025,2.396935447652072e-07,0.44931809934040434,9.15079759781733,0.08664705056558154,0.5070465207099915,0.4480964623337017,0.014136120676994324,-6.272831065132018e-07,950,0.12247029411747262,0.12443872403382061,0.1689005920009464,,,,,,,,,
PC2_B1,pc2,combined_yaw_left,202,11,0,,999,0,0.32420446385036816,0.32420507073402405,5.354855787307821e-07,0.4805591337993358,12.020604512362942,0.06412924501727811,0.47790345549583435,0.48032099194868644,0.012455344200134277,2.396935447652072e-07,950,0.13531629013177535,0.1246625204293621,0.10160968108807436,,,,,,,,,
PC2_B1,pc2,combined_yaw_left,202,12,0,,999,0,0.3009741833821975,0.30097463726997375,2.1929409414689171e-07,0.49259997730994814,11.532370918686963,0.0655862206236667,0.5298673510551453,0.4923214055432386,0.0048452019691467285,-6.578822824406751e-07,950,0.0990057699619237,0.09992963112630635,0.10725428251539014,,,,,,,,,
PC2_B1,pc2,combined_yaw_left,202,13,0,,999,0,0.34635710453285895,0.3463577777147293,5.252858534216243e-07,0.4528222738535398,11.076290785148977,0.08107724726481974,0.5002042949199677,0.45256130958321694,0.011047020554542542,-3.6209024847510034e-07,950,0.10908863831751876,0.11280919630910986,0.11158631588581712,,,,,,,,,
PC2_B1,pc2,combined_yaw_left,202,14,0,,999,0,0.3173591166256583,0.3173598051071167,4.0798901236631015e-07,0.47995798682939944,12.295383366121147,0.06117977524784849,0.49726971983909607,0.4798925283067664,0.0037253201007843018,1.1219697840073527e-07,950,0.1138973768129645,0.10210190721557004,0.11647864712980392,,,,,,,,,
PC2_B1,pc2,combined_yaw_left,202,15,0,,999,0,0.29923916396928985,0.29923953115940094,3.6719011112967913e-07,0.5080659161412582,10.813113613539983,0.05706762462255778,0.4788096249103546,0.5068154746258655,0.004653915762901306,-4.079890123663102e-08,950,0.11298529465310482,0.10261122198903143,0.11102497571636831,,,,,,,,,
PC2_B1,pc2,combined_yaw_left,202,16,0,,999,0,0.35073085830492134,0.3507309705018997,2.447934074197861e-07,0.43410583652689994,8.395342303445084,0.10346208694197576,0.48884816467761993,0.4301537660198478,0.005948618054389954,1.6319560494652408e-07,950,0.13387133610600216,0.12918747886812923,0.17282410134394047,,,,,,,,,
PC2_B1,pc2,combined_yaw_left,202,17,0,,999,0,0.31746384206621403,0.31746433675289154,1.7339533025568182e-07,0.4851688168960828,11.878213507129075,0.05571015503739884,0.4872561991214752,0.48443143250875553,-0.011869892477989197,-2.5499313272894386e-07,950,0.10452928387571153,0.10094579549960822,0.10777642883196276,,,,,,,,,
PC2_B1,pc2,combined_yaw_left,202,18,0,,999,0,0.3270984859390055,0.3270987868309021,5.099862654578877e-07,0.5004476196940355,10.923045621143086,0.05975855334695131,0.46489526331424713,0.499444113188324,0.011807292699813843,1.7339533025568182e-07,950,0.1040360443929067,0.11085564903456462,0.09939584415548,,,,,,,,,
PC2_B1,pc2,combined_yaw_left,202,19,0,,999,0,0.3529983232206202,0.35299862921237946,4.028891497117313e-07,0.4492484568734313,8.750195509947982,0.08241974230988856,0.4507228285074234,0.44658023431617133,-0.008487358689308167,4.5388777625752007e-07,950,0.11914798964366663,0.13140851062295922,0.11614256622502879,,,,,,,,,
PC2_B1,pc2,combined_yaw_left,202,20,0,,999,0,0.30884307917745357,0.30884353816509247,4.232886003300468e-07,0.49102999424594895,12.491381724490285,0.05672963362877653,0.4970472455024719,0.49102683869485464,-0.00012396275997161865,3.6209024847510023e-07,950,0.10046482223702383,0.09518759677607612,0.10512939497230628,,,,,,,,,
PC2_B1,pc2,combined_yaw_left,202,21,0,,999,0,0.3436417758146072,0.3436422348022461,3.977892870571524e-07,0.4729469125873045,10.292887699765306,0.07546129496994253,0.523980975151062,0.46997329752259887,0.0032993853092193604,-5.099862654578877e-07,950,0.10520770741902341,0.11631901669305295,0.10122177935951918,,,,,,,,,
PC2_B1,pc2,combined_yaw_left,202,22,0,,999,0,0.32265831761181674,0.3226584196090698,4.844869521849933e-07,0.495986492731077,11.71089561762335,0.048456932510141174,0.5044204592704773,0.49598157621039807,0.012848824262619019,-2.498932700743649e-07,950,0.10916587056159127,0.11358980856190695,0.09520986689101964,,,,,,,,,
PC2_B1,pc2,combined_yaw_left,202,23,0,,999,0,0.2959231340630169,0.29592350125312805,1.988946435285762e-07,0.5043257546427125,11.83099026191865,0.05053484618844854,0.475263386964798,0.502906897736572,0.008436083793640137,-3.212913472384692e-07,950,0.10375305059313598,0.09959714266356255,0.09675310614819121,,,,,,,,,
PC2_B1,pc2,combined_yaw_left,202,24,0,,999,0,0.34573762397715113,0.3457375168800354,7.139807716410427e-08,0.4902403884549219,10.443802369284573,0.06213872001624467,0.47668425738811493,0.4876010437333793,0.025012224912643433,-8.057782994234626e-07,950,0.13994938120916842,0.12605229468630658,0.10230435517494031,,,,,,,,,
PC2_B1,pc2,combined_yaw_left,202,25,0,,999,0,0.3060751445790663,0.3060755729675293,4.793870895304144e-07,0.4877449760429648,11.230046826936162,0.06486609638294803,0.4795906990766525,0.4865935476742444,-4.4286251068115234e-05,-4.385881882937834e-07,950,0.11282998954891418,0.10596156648116696,0.1040569765318252,,,,,,,,,
PC2_B1,pc2,combined_yaw_left,202,26,0,,999,0,0.3494496172602801,0.3494497090578079,1.8359505556483956e-07,0.4589251280420398,9.414828927998759,0.07684089071390637,0.4835817217826843,0.4569070976381777,0.014545068144798279,-4.181887376754679e-07,950,0.13028244209206657,0.13283708797347246,0.11094690892748521,,,,,,,,,
PC2_B1,pc2,combined_yaw_left,202,27,0,,999,0,0.2963503017463786,0.2963506281375885,5.354855787307821e-07,0.4907474202428661,10.88856924117377,0.06827188408034203,0.4850611537694931,0.48741040152070325,-0.021231859922409058,-4.946866774941511e-07,950,0.10536545435789622,0.09930673900402928,0.10759325860757518,,,,,,,,,
PC2_B1,pc2,combined_yaw_left,202,28,0,,999,0,0.3447107790625669,0.34471166133880615,6.272831065132018e-07,0.4800156836577793,10.76393362639616,0.058761586046854594,0.5028275549411774,0.48001063945482386,0.016353100538253784,2.192940941468917e-07,950,0.10314475975532218,0.10749236999069081,0.09434427502311585,,,,,,,,,
PC2_B1,pc2,combined_yaw_left,202,29,0,,999,0,0.3420766635055848,0.3420776426792145,6.068836558948864e-07,0.47622288449506767,10.52502084645184,0.06102945162693729,0.4596143513917923,0.4762148356315833,0.01685503125190735,-2.0909436883773395e-07,950,0.10882563890757421,0.11568778811270235,0.09149724332093222,,,,,,,,,
PC2_B1,pc2,combined_yaw_left,202,30,0,,999,0,0.3013757867290374,0.30137577652931213,1.325964290190508e-07,0.475481771570623,11.35174596657501,0.06628264976957075,0.49502430856227875,0.4751511087375828,-0.027162671089172363,-4.997865401487299e-07,950,0.11012774861195705,0.10508291354166688,0.11778811981904028,,,,,,,,,
PC2_B1,pc2,combined_yaw_left,202,31,0,,999,0,0.3038133388375216,0.3038138896226883,1.988946435285762e-07,0.5105884059906702,11.563663656959616,0.04294528743855829,0.5384890735149384,0.5101613606145456,0.0045582205057144165,3.31491072547627e-07,950,0.11342123108617562,0.10640847107356012,0.09056980000914759,,,,,,,,,
PC2_B1,pc2,combined_yaw_left,303,0,0,,999,0,0.3408914757444259,0.3408914655447006,1.4279615432820854e-07,0.4392701498764372,9.769082751066799,0.09468602999649628,0.4603250324726105,0.4391548742051259,0.011625304818153381,2.4479340741978607e-07,950,0.13127794405316218,0.13294095407998066,0.15652210524086624,,,,,,,,,
PC2_B1,pc2,combined_yaw_left,303,1,0,,999,0,0.3115486305027722,0.31154900789260864,4.5388777625752007e-07,0.4908879360469922,11.633513202369205,0.06672812807847542,0.4686523526906967,0.4905034750821622,0.011906206607818604,2.0909436883773395e-07,950,0.12180954367043607,0.11680914285073836,0.11202234341289553,,,,,,,,,
PC2_B1,pc2,combined_yaw_left,303,2,0,,999,0,0.343078312309668,0.3430788069963455,3.059917592747326e-07,0.4709904862240361,11.135279813913739,0.06522639232363697,0.4677334874868393,0.4703726929972318,0.00826968252658844,3.4679066051136365e-07,950,0.10301844802318733,0.11453859489243247,0.10963539656182437,,,,,,,,,
PC2_B1,pc2,combined_yaw_left,303,3,0,,999,0,0.34356592284804355,0.34356585144996643,1.988946435285762e-07,0.47760218522394543,9.174313634332925,0.08030234847233239,0.4801233112812042,0.47527101696860385,0.0026567578315734863,-4.946866774941511e-07,950,0.12287482461871398,0.11947127609837255,0.09654087765945804,,,,,,,,,
PC2_B1,pc2,combined_yaw_left,303,4,0,,999,0,0.3391555663257997,0.3391560763120651,4.895868148395722e-07,0.4674882523171052,9.152747297658667,0.08702082473409303,0.45831499993801117,0.46419530236549633,-0.013200357556343079,-4.385881882937834e-07,950,0.13898813274813215,0.12796850911262858,0.17875068470629205,,,,,,,,,
PC2_B1,pc2,combined_yaw_left,303,5,0,,999,0,0.34030831617148805,0.3403089791536331,7.445799475685161e-07,0.4957100543736961,10.1969742988217,0.06657267807822112,0.47720374166965485,0.49446039748944115,-0.009395048022270203,-1.8359505556483956e-07,950,0.12624465029968293,0.1287855901078936,0.09775073206613408,,,,,,,,,
PC2_B1,pc2,combined_yaw_left,303,6,0,,999,0,0.3449257058415183,0.3449259251356125,3.263912098930481e-07,0.47544973595634754,10.663327583673057,0.08025586440838911,0.5027246624231339,0.47343298987177396,0.02286525070667267,6.11983518549465e-08,950,0.11067901206861142,0.12549957281230814,0.10430408272608332,,,,,,,,,
PC2_B1,pc2,combined_yaw_left,303,7,0,,999,0,0.3377762129281294,0.33777663111686707,5.354855787307821e-07,0.46289284138977227,11.060307564409387,0.07108667062682357,0.48783986270427704,0.4621975981941474,-0.012418866157531738,1.7849519291026072e-07,950,0.11494850046235315,0.11110597562010287,0.11069880720367259,,,,,,,,,
PC2_B1,pc2,combined_yaw_left,303,8,0,,999,0,0.33943413588452465,0.3394341766834259,2.702927206926805e-07,0.4741972615151421,10.970775193521657,0.06180092982650155,0.5011081099510193,0.473647524596989,0.010528534650802612,4.1308887502088905e-07,950,0.1056139260238336,0.10142480107983282,0.1034353300321328,,,,,,,,,
PC2_B1,pc2,combined_yaw_left,303,9,0,,999,0,0.3357817565693575,0.3357818126678467,2.396935447652072e-07,0.4774251842995164,11.462457275598041,0.058904295295912824,0.5032888054847717,0.47721314296767814,0.004400461912155151,-3.569903858205212e-08,950,0.10221411327569616,0.10930753927135684,0.1105528934021197,,,,,,,,,
PC2_B1,pc2,combined_yaw_left,303,10,0,,999,0,0.34059787617328974,0.3405979424715042,3.31491072547627e-07,0.48196622578819354,11.748713463991223,0.0638884374264221,0.5197988152503967,0.4810423610820299,0.0026048868894577026,1.8869491821941846e-07,950,0.1292260615050302,0.11965775072236576,0.09733393588248589,,,,,,,,,
PC2_B1,pc2,combined_yaw_left,303,11,0,,999,0,0.32822307912423654,0.32822385430336,4.5388777625752007e-07,0.49296291867745,11.88007903860695,0.054562703727223855,0.4959695339202881,0.49136565415914935,0.024777263402938843,5.456853040399399e-07,950,0.10325460877105783,0.1105949682133081,0.09581794366767593,,,,,,,,,
PC2_B1,pc2,combined_yaw_left,303,12,0,,999,0,0.34519310470889597,0.34519360959529877,2.651928580381016e-07,0.4752727288575783,10.959631724190078,0.07129767873406898,0.4690841734409332,0.47518420510586445,0.004591986536979675,3.2639120989304816e-07,950,0.10339923518988975,0.11593266066677808,0.10537876909296406,,,,,,,,,
PC2_B1,pc2,combined_yaw_left,303,13,0,,999,0,0.31382468294969856,0.3138248920440674,3.31491072547627e-07,0.5117862951439551,8.455515958149334,0.07998187145123992,0.4541740417480469,0.5099412593477992,-0.02645358443260193,-3.416907978567848e-07,950,0.10172670988523677,0.11690688479702575,0.10659171203133581,,,,,,,,,
PC2_B1,pc2,combined_yaw_left,303,14,0,,999,0,0.30165447430177167,0.30165499448776245,4.997865401487299e-07,0.5037802624543286,11.393960712448635,0.053019448704269626,0.5013542473316193,0.5022701171085122,-0.00955122709274292,2.651928580381016e-07,950,0.10747902319092696,0.10247393455524739,0.09514312229243266,,,,,,,,,
PC2_B1,pc2,combined_yaw_left,303,15,0,,999,0,0.3561120728917301,0.35611264407634735,4.793870895304144e-07,0.4553797204336326,8.797677403215754,0.0833118708077899,0.5136902630329132,0.4540947793017528,0.0005980581045150757,-3.1619148458389037e-07,950,0.12679655593619665,0.12823798392918118,0.11858494810682728,,,,,,,,,
PC2_B1,pc2,combined_yaw_left,303,16,0,,999,0,0.32351069542813427,0.3235107362270355,3.1619148458389037e-07,0.4887016128239263,12.315638340307881,0.05831417702494218,0.49009738862514496,0.4848278514817626,0.012468785047531128,1.8359505556483956e-07,950,0.11209971964172487,0.09937705203814945,0.11132749755403483,,,,,,,,,
PC2_B1,pc2,combined_yaw_left,303,17,0,,999,0,0.3208519837913666,0.32085247337818146,5.40585441385361e-07,0.4959110292461429,11.866754195358542,0.05535585922944118,0.5112975835800171,0.49404403937978636,-0.002148345112800598,-3.977892870571524e-07,950,0.10339623927741193,0.0991743464181641,0.10881888166994838,,,,,,,,,
PC2_B1,pc2,combined_yaw_left,303,18,0,,999,0,0.32789895416581055,0.3278997242450714,4.691873642212567e-07,0.4807297748388837,12.36947189133329,0.058154906662255576,0.5123970806598663,0.48034817928266804,0.015250355005264282,-2.8559230865641714e-07,950,0.12255227025091106,0.11508302176382873,0.10140094526172401,,,,,,,,,
PC2_B1,pc2,combined_yaw_left,303,19,0,,999,0,0.3033177753023923,0.30331815779209137,3.8758956174799467e-07,0.4920110830701029,11.948426893784221,0.05720874522908107,0.4748497009277344,0.4915937015356101,0.0043876320123672485,-4.589876389120989e-07,950,0.10896060026958339,0.09957373646214364,0.11471442643380514,,,,,,,,,
PC2_B1,pc2,combined_yaw_left,303,20,0,,999,0,0.2991402679904897,0.29914090037345886,3.059917592747326e-07,0.5053559824839546,12.202949904816453,0.06434303589089674,0.4860313683748245,0.5020997967851043,0.0024176836013793945,-8.057782994234626e-07,950,0.10856115910446446,0.09756238239715088,0.1056022901854896,,,,,,,,,
PC2_B1,pc2,combined_yaw_left,303,21,0,,999,0,0.3405847044233332,0.34058550000190735,4.4368805094836227e-07,0.46913634943183063,10.625275943376895,0.07347738942605496,0.5219127833843231,0.46701760298520434,-0.003448277711868286,-4.946866774941511e-07,950,0.10940563923688397,0.12063077098604838,0.11057160602453431,,,,,,,,,
PC2_B1,pc2,combined_yaw_left,303,22,0,,999,0,0.35217603268151615,0.3521767109632492,3.059917592747326e-07,0.47637819909704127,9.383493650204011,0.07831342455866147,0.5399473607540131,0.4749321995559182,0.007898107171058655,1.2239670370989306e-07,950,0.11088214659961713,0.12935440482043933,0.10563213055070188,,,,,,,,,
PC2_B1,pc2,combined_yaw_left,303,23,0,,999,0,0.3299306461358453,0.329930916428566,6.680820077498329e-07,0.4778941463992398,11.232287386254859,0.0672980705424304,0.47608810663223267,0.4760928563796716,0.016169026494026184,4.028891497117313e-07,950,0.10554459910401445,0.10846560325826075,0.11005040160724272,,,,,,,,,
PC2_B1,pc2,combined_yaw_left,303,24,0,,999,0,0.3413516520497633,0.34135207533836365,6.221832438586229e-07,0.48018039799890855,10.859741252140367,0.07820748741231306,0.4629380404949188,0.4793834557351604,0.028231382369995117,9.179752778241978e-07,950,0.1272617006819195,0.12448893669143758,0.11170424726839906,,,,,,,,,
PC2_B1,pc2,combined_yaw_left,303,25,0,,999,0,0.33538213435978814,0.33538249135017395,3.1619148458389037e-07,0.4641935010852753,11.707020096866001,0.07294181116103057,0.4694038927555084,0.4624970835649159,0.01779615879058838,0.0,950,0.11014862971542567,0.12012681379995767,0.11946593371832086,,,,,,,,,
PC2_B1,pc2,combined_yaw_left,303,26,0,,999,0,0.3308779169372059,0.33087803423404694,3.1619148458389037e-07,0.4724444688733669,11.860335894059746,0.07200267467574761,0.4930090308189392,0.4703994521186685,0.004508987069129944,-2.549931327289438e-07,950,0.10731563393854662,0.10591733898266786,0.11856923441489216,,,,,,,,,
PC2_B1,pc2,combined_yaw_left,303,27,0,,999,0,0.31860734187664197,0.3186078518629074,4.0798901236631015e-07,0.47789032194682923,11.396771611428353,0.06033870619463759,0.4679265022277832,0.47701953768672534,-0.02065618336200714,-3.059917592747328e-08,950,0.1170493554392894,0.11011778490437178,0.11507297772355028,,,,,,,,,
PC2_B1,pc2,combined_yaw_left,303,28,0,,999,0,0.35518680536810726,0.35518717765808105,3.773898364388369e-07,0.25737857191491526,6.585646703121312,0.27001742398596407,0.4915202558040619,0.2535950617587541,-0.00023066997528076172,1.9379478087399736e-07,950,0.1697653507317008,0.14057101594109747,0.3377047552403932,,,,,,,,,
PC2_B1,pc2,combined_yaw_left,303,29,0,,999,0,0.34527856350582553,0.34527942538261414,6.935813210227273e-07,0.4663564413032191,9.934133788467753,0.07104368004313191,0.49534472823143005,0.46570350329969135,0.0045046210289001465,3.773898364388369e-07,950,0.12454518733233909,0.12395775218323792,0.10937730241503567,,,,,,,,,
PC2_B1,pc2,combined_yaw_left,303,30,0,,999,0,0.329401994452757,0.3294023871421814,1.0199725309157754e-07,0.47389642412105326,12.419291224736137,0.06647639919550533,0.4850544184446335,0.47376082923896684,0.008164137601852417,-4.079890123663101e-08,950,0.11452743688507343,0.11302967211799078,0.10347012355048577,,,,,,,,,
PC2_B1,pc2,combined_yaw_left,303,31,0,,999,0,0.30734022886039103,0.3073406368494034,4.283884629846257e-07,0.489548997152897,11.466734416613791,0.04855346461693873,0.4895351529121399,0.4888654204622308,0.00033320486545562744,-4.385881882937834e-07,950,0.10393574315846216,0.10024943750253888,0.09804417115502573,,,,,,,,,
PC2_B1,pc2,push_pos_x,101,0,0,,999,0,0.26969139803858366,0.26969195902347565,9.689739043699865e-08,0.03190128142440477,11.35560020644391,0.03190128142440477,0.011417853645980358,,-0.04880179464817047,1.7849519291026067e-07,950,0.060370646011438746,0.0971763466245097,0.03416082299767401,,,,,,,,,
PC2_B1,pc2,push_pos_x,101,1,0,,999,0,0.2843957922675393,0.28439605236053467,2.49893270074365e-07,0.02975299103436931,12.502737136154622,0.02975299103436931,0.005237641744315624,,-0.05163899064064026,7.64979398186832e-08,950,0.0632358727802085,0.09914518953375534,0.03737363389234796,,,,,,,,,
PC2_B1,pc2,push_pos_x,101,2,0,,999,0,0.2649275109092182,0.26492810249328613,3.263912098930481e-07,0.031471640316967094,10.833899051716628,0.031471640316967094,0.0034755792003124952,,-0.023713350296020508,2.0399450618315484e-08,950,0.06489718254051521,0.0900340412548817,0.035472489813948446,,,,,,,,,
PC2_B1,pc2,push_pos_x,101,3,0,,999,0,0.28710510960237223,0.2871054410934448,3.6719011112967913e-07,0.03308187650344112,12.128974683039855,0.03308187650344112,0.020253928378224373,,-0.05294191837310791,-3.6719011112967913e-07,950,0.06595406870072522,0.1018928233248608,0.03765135393011853,,,,,,,,,
PC2_B1,pc2,push_pos_x,101,4,0,,999,0,0.2676278128821582,0.26762790977954865,9.689739043699865e-08,0.028867512018243516,11.237766022681573,0.028867512018243516,0.004479722119867802,,-0.031108781695365906,-1.1729684105531419e-07,950,0.06866434102703363,0.09509175945639252,0.034590801265363645,,,,,,,,,
PC2_B1,pc2,push_pos_x,101,5,0,,999,0,0.2830728528333858,0.28307366371154785,2.49893270074365e-07,0.034914367730589715,11.91108434318523,0.034914367730589715,0.03438148275017738,,-0.04891976714134216,-6.629821450952535e-08,950,0.06608510887807804,0.10206007595986485,0.04056133934941388,,,,,,,,,
PC2_B1,pc2,push_pos_x,101,6,0,,999,0,0.2806320008747081,0.2806323170661926,3.263912098930481e-07,0.035170751356700426,11.314812218893366,0.035170751356700426,-0.020318949595093727,,-0.04506680369377136,-2.5499313272894386e-07,950,0.064897001812113,0.10101870706978336,0.04176724279576605,,,,,,,,,
PC2_B1,pc2,push_pos_x,101,7,0,,999,0,0.28036329126294285,0.28036387264728546,2.957920339655749e-07,0.03334058140564905,12.042541987293294,0.03334058140564905,-0.00779479555785656,,-0.043749287724494934,-3.6719011112967913e-07,950,0.07120001468570451,0.10268090034973187,0.0370097683674536,,,,,,,,,
PC2_B1,pc2,push_pos_x,101,8,0,,999,0,0.2739844430576671,0.27398478984832764,3.7228997378425803e-07,0.028309643099362986,11.369130416309476,0.028309643099362986,0.0019807331264019012,,-0.04052814841270447,1.529958796373664e-08,950,0.06434256261831518,0.0982827775817864,0.033793141717735016,,,,,,,,,
PC2_B1,pc2,push_pos_x,101,9,0,,999,0,0.28209072550669073,0.2820906490087509,4.0798901236631015e-07,0.038188880017646185,11.758731731755447,0.038188880017646185,-0.02437186148017645,,-0.0557778924703598,6.11983518549465e-08,950,0.0659609107793562,0.10265859145944958,0.045757612157309335,,,,,,,,,
PC2_B1,pc2,push_pos_x,101,10,0,,999,0,0.2668051079792135,0.2668052762746811,3.2129134723846926e-07,0.028800046508637073,11.684550381531828,0.028800046508637073,-0.009743792936205864,,-0.0404694527387619,-1.8869491821941846e-07,950,0.07727914611347751,0.1003533650320494,0.0385473904166178,,,,,,,,,
PC2_B1,pc2,push_pos_x,101,11,0,,999,0,0.27258796001819363,0.2725881487131119,2.600929953835227e-07,0.02863656065372705,11.381363296163968,0.02863656065372705,-0.032293010503053665,,-0.04124026000499725,-9.689739043699868e-08,950,0.06455680032401469,0.09781500278236767,0.039046015462801335,,,,,,,,,
PC2_B1,pc2,push_pos_x,101,12,0,,999,0,0.27487246070634874,0.2748723179101944,3.2639120989304816e-07,0.027390321914619868,12.401101304767202,0.027390321914619868,-0.0015100068412721157,,-0.03317834436893463,1.1219697840073532e-07,950,0.05987207104032694,0.09384906525948403,0.031766347510323215,,,,,,,,,
PC2_B1,pc2,push_pos_x,101,13,0,,999,0,0.27592943122680175,0.2759298086166382,1.5809574229194518e-07,0.026219323158107873,11.97091736557752,0.026219323158107873,0.004472503438591957,,-0.049937814474105835,-3.7228997378425803e-07,950,0.07108121357535885,0.10608992455893398,0.032562197839290645,,,,,,,,,
PC2_B1,pc2,push_pos_x,101,14,0,,999,0,0.2760386368170141,0.2760388255119324,1.6829546760110293e-07,0.0307088759196134,11.915323433442197,0.0307088759196134,0.010671054944396019,,-0.054616063833236694,2.600929953835227e-07,950,0.061316986814253835,0.09539702147303598,0.0348871658049967,,,,,,,,,
PC2_B1,pc2,push_pos_x,101,15,0,,999,0,0.28038009554944576,0.2803804576396942,3.2639120989304816e-07,0.025474186353122638,11.655306380635263,0.025474186353122638,0.010974263772368431,,-0.04402744770050049,-1.8359505556483956e-07,950,0.05940390608883359,0.09755084968835548,0.032338599689086034,,,,,,,,,
PC2_B1,pc2,push_pos_x,101,16,0,,999,0,0.27787638387896796,0.277877077460289,5.099862654578877e-07,0.028843062494047556,11.67351537139455,0.028843062494047556,-0.018958239816129208,,-0.0375337153673172,-3.5699038582052133e-07,950,0.05952565126669528,0.0978074469213052,0.038064491128791636,,,,,,,,,
PC2_B1,pc2,push_pos_x,101,17,0,,999,0,0.2824266547347135,0.2824270576238632,2.3459368211062835e-07,0.0283870860738686,11.513257262188073,0.0283870860738686,-0.0023250775411725044,,-0.06083156168460846,1.835950555648396e-07,950,0.07059588966396482,0.10248098092912131,0.03418637668147267,,,,,,,,,
PC2_B1,pc2,push_pos_x,101,18,0,,999,0,0.2700611200721506,0.2700618952512741,4.691873642212567e-07,0.032838390438203274,12.027548855818534,0.032838390438203274,0.012061700224876404,,-0.026671215891838074,9.179752778241978e-08,950,0.0674847122456211,0.09707860171756463,0.03857398845945948,,,,,,,,,
PC2_B1,pc2,push_pos_x,101,19,0,,999,0,0.28293106796588485,0.28293170034885406,4.640875015666778e-07,0.028249532205385754,12.429960309992218,0.028249532205385754,0.00987905915826559,,-0.04477144777774811,3.620902484751003e-07,950,0.06889842039283134,0.0970445646915322,0.03780083149641896,,,,,,,,,
PC2_B1,pc2,push_pos_x,101,20,0,,999,0,0.2763941716701589,0.2763948142528534,4.997865401487299e-07,0.027827407843616966,11.680332259916167,0.027827407843616966,0.004635591991245747,,-0.047970980405807495,-1.5299587963736629e-07,950,0.06507305742245915,0.10249493928867881,0.03437136708396831,,,,,,,,,
PC2_B1,pc2,push_pos_x,101,21,0,,999,0,0.27690494642219443,0.2769051045179367,5.456853040399399e-07,0.02438385362314515,12.376347929201398,0.02438385362314515,-0.003427097573876381,,-0.04210834205150604,-2.804924460018382e-07,950,0.06291483013320341,0.09644331707142119,0.031544577415691125,,,,,,,,,
PC2_B1,pc2,push_pos_x,101,22,0,,999,0,0.2709586023487509,0.2709587961435318,1.376962916736297e-07,0.0306211363669042,12.42944689068645,0.0306211363669042,-0.015732744708657265,,-0.030660077929496765,6.629821450952543e-08,950,0.06150056215304801,0.09402378886624198,0.03497728467447622,,,,,,,,,
PC2_B1,pc2,push_pos_x,101,23,0,,999,0,0.27589782387177575,0.275898277759552,3.569903858205214e-07,0.028887380138937966,11.960490682185021,0.028887380138937966,-0.01120540127158165,,-0.03023707866668701,-1.7339533025568182e-07,950,0.0643238415431801,0.09611211176567001,0.034432579842413776,,,,,,,,,
PC2_B1,pc2,push_pos_x,101,24,0,,999,0,0.26563245671636915,0.2656327933073044,4.028891497117313e-07,0.02453568532405913,11.911018429765743,0.02453568532405913,-0.020655760541558266,,-0.04641042649745941,1.9889464352857623e-07,950,0.07401985996096495,0.0973924033786759,0.028291130520630724,,,,,,,,,
PC2_B1,pc2,push_pos_x,101,25,0,,999,0,0.26985046801401336,0.26985083520412445,4.793870895304144e-07,0.025988069734179383,11.47121939761383,0.025988069734179383,-0.01075816061347723,,-0.03995542228221893,-4.385881882937834e-07,950,0.0643224592682067,0.09609644070395645,0.030694151566677756,,,,,,,,,
PC2_B1,pc2,push_pos_x,101,26,0,,999,0,0.26823786833388286,0.2682380825281143,2.8049244600183824e-07,0.03335876375454383,11.771577600113215,0.03335876375454383,0.010157650336623192,,-0.02495531737804413,-4.5898763891209865e-08,950,0.06624350957952961,0.09435572744561449,0.035532061651646685,,,,,,,,,
PC2_B1,pc2,push_pos_x,101,27,0,,999,0,0.2655004164114355,0.26550060510635376,1.9379478087399733e-07,0.029281364101208508,10.84511985117414,0.029281364101208508,0.004263993469066918,,-0.043196648359298706,2.957920339655749e-07,950,0.06164925508792378,0.09666619799792461,0.03557717222487894,,,,,,,,,
PC2_B1,pc2,push_pos_x,101,28,0,,999,0,0.2734387447649145,0.2734393924474716,3.7228997378425803e-07,0.03215495829804488,12.01616946539462,0.03215495829804488,-0.0037815887480974197,,-0.03820858895778656,3.7228997378425803e-07,950,0.0625723139226795,0.09222672262153483,0.03865775572352759,,,,,,,,,
PC2_B1,pc2,push_pos_x,101,29,0,,999,0,0.26789567639483486,0.2678961455821991,3.6719011112967913e-07,0.024830149670493115,11.404054959997598,0.024830149670493115,-0.0017095182556658983,,-0.013453930616378784,-2.0399450618315537e-08,950,0.06144593804048086,0.09227961557344781,0.031125390444987754,,,,,,,,,
PC2_B1,pc2,push_pos_x,101,30,0,,999,0,0.2876622581226941,0.2876626253128052,4.844869521849933e-07,0.033050258124889334,12.485104069652333,0.033050258124889334,-0.006220060167834163,,-0.05909287929534912,3.416907978567848e-07,950,0.06075887186831432,0.10178916721500006,0.03987517254423714,,,,,,,,,
PC2_B1,pc2,push_pos_x,101,31,0,,999,0,0.2745823290418176,0.2745826095342636,2.5499313272894386e-07,0.02764403958304935,11.828441708532772,0.02764403958304935,-0.007002872880548239,,-0.04210375249385834,2.957920339655749e-07,950,0.06301986338064891,0.09581171976175859,0.032763101693048885,,,,,,,,,
PC2_B1,pc2,push_pos_x,202,0,0,,999,0,0.2627786214657646,0.2627793252468109,4.0798901236631015e-07,0.025650907161098073,10.229835115833199,0.025650907161098073,0.015712051652371883,,-0.029990196228027344,9.179752778241978e-08,950,0.06472106870905606,0.09400633409826473,0.03381086083114569,,,,,,,,,
PC2_B1,pc2,push_pos_x,202,1,0,,999,0,0.27302902586319866,0.2730289697647095,1.5809574229194518e-07,0.026288929768785156,11.279114845362464,0.026288929768785156,0.005946557968854904,,-0.040832579135894775,1.784951929102607e-07,950,0.07302782451458141,0.09757024663461619,0.03384974552852984,,,,,,,,,
PC2_B1,pc2,push_pos_x,202,2,0,,999,0,0.28218395442248667,0.282184362411499,2.396935447652072e-07,0.03563252328568564,11.968480594839988,0.03563252328568564,-0.011561399325728416,,-0.04468056559562683,1.8869491821941846e-07,950,0.06656533385945342,0.09987797974732365,0.038726817645250454,,,,,,,,,
PC2_B1,pc2,push_pos_x,202,3,0,,999,0,0.28351947808648176,0.28351980447769165,3.365909352022059e-07,0.031010775129740053,12.158755917950486,0.031010775129740053,-0.001944639254361391,,-0.04544839262962341,3.569903858205214e-07,950,0.06168704735573164,0.09785666484268178,0.034272155462806805,,,,,,,,,
PC2_B1,pc2,push_pos_x,202,4,0,,999,0,0.28283256834203546,0.2828327417373657,2.855923086564171e-07,0.02582991961735781,12.50944767243047,0.02582991961735781,0.012594011146575212,,-0.06015455722808838,1.8359505556483956e-07,950,0.06478446901873317,0.09831874991638913,0.032921851985515324,,,,,,,,,
PC2_B1,pc2,push_pos_x,202,5,0,,999,0,0.27331136190955013,0.2733117341995239,-3.5699038582052136e-08,0.029544246896809755,11.31330370704104,0.029544246896809755,0.007167463889345527,,-0.03885549306869507,-5.864842052765709e-07,950,0.07027955235737106,0.09756515059105153,0.03667438041245811,,,,,,,,,
PC2_B1,pc2,push_pos_x,202,6,0,,999,0,0.2720901591573807,0.2720906436443329,3.31491072547627e-07,0.022129893809708055,12.177768615472555,0.022129893809708055,0.008690058253705502,,-0.04150572419166565,-8.669766512784089e-08,950,0.0672340943176653,0.09555644274761022,0.03079570611068832,,,,,,,,,
PC2_B1,pc2,push_pos_x,202,7,0,,999,0,0.2793949881498826,0.2793950289487839,3.5189052316594254e-07,0.02551535471675793,12.008654213755559,0.02551535471675793,-0.0075199236162006855,,-0.04792957007884979,9.689739043699868e-08,950,0.06554528033409973,0.102203302222238,0.03141467122827397,,,,,,,,,
PC2_B1,pc2,push_pos_x,202,8,0,,999,0,0.27009148871834904,0.27009207010269165,3.2129134723846926e-07,0.02652926160288457,11.455092428458457,0.02652926160288457,0.0046041845344007015,,-0.02663487195968628,5.150861281124666e-07,950,0.06919154380965582,0.10048388232388379,0.03600414293988393,,,,,,,,,
PC2_B1,pc2,push_pos_x,202,9,0,,999,0,0.28160821562782323,0.28160834312438965,2.0399450618315507e-07,0.031093624796280236,12.403494745753367,0.031093624796280236,-0.006071061827242374,,-0.04646497964859009,-1.835950555648396e-07,950,0.06785621655762515,0.09917287705783301,0.036839118040249044,,,,,,,,,
PC2_B1,pc2,push_pos_x,202,10,0,,999,0,0.27866177946169746,0.2786622792482376,5.099862654578876e-07,0.026288655896785244,11.857952611283983,0.026288655896785244,0.003992822952568531,,-0.046249762177467346,6.119835185494645e-08,950,0.06078890907577895,0.09772941598322935,0.031283049561198754,,,,,,,,,
PC2_B1,pc2,push_pos_x,202,11,0,,999,0,0.27589452513717716,0.2758951932191849,7.190806342956217e-07,0.0291026342971552,12.19689804747394,0.0291026342971552,-0.01439528539776802,,-0.0343049019575119,-5.099862654578897e-09,950,0.06142589911803238,0.09562079335525579,0.03184825148718996,,,,,,,,,
PC2_B1,pc2,push_pos_x,202,12,0,,999,0,0.267924449819932,0.2679247558116913,2.1419423149231284e-07,0.03040274206720652,11.159090329356054,0.03040274206720652,-0.006176924332976341,,-0.03620493412017822,2.039945061831551e-08,950,0.0663662890229431,0.09681233621521605,0.034089992599894585,,,,,,,,,
PC2_B1,pc2,push_pos_x,202,13,0,,999,0,0.2772242135223858,0.2772245705127716,3.569903858205214e-07,0.02996102145494929,11.413809454182278,0.02996102145494929,-0.007472730241715908,,-0.03794792294502258,0.0,950,0.06077642629312635,0.10102714029964069,0.0361045872645916,,,,,,,,,
PC2_B1,pc2,push_pos_x,202,14,0,,999,0,0.26408697345996285,0.26408709585666656,2.1419423149231284e-07,0.025871394433950805,10.875373223571255,0.025871394433950805,0.010305895004421473,,-0.033218368887901306,-2.753925833472594e-07,950,0.06607856911887153,0.09777600906250825,0.03189385024375866,,,,,,,,,
PC2_B1,pc2,push_pos_x,202,15,0,,999,0,0.263985273751983,0.2639855593442917,2.855923086564171e-07,0.022927067068272786,10.752844893052725,0.022927067068272786,-0.039097683504223824,,-0.03786854445934296,4.079890123663097e-08,950,0.06790381456127215,0.09808892999617785,0.027764463817099273,,,,,,,,,
PC2_B1,pc2,push_pos_x,202,16,0,,999,0,0.2799582118019063,0.2799588441848755,5.507851666945187e-07,0.02626992079326447,11.769167317044177,0.02626992079326447,0.002125297673046589,,-0.04430660605430603,-4.997865401487299e-07,950,0.06551283384931299,0.09927243323795729,0.032496020224834485,,,,,,,,,
PC2_B1,pc2,push_pos_x,202,17,0,,999,0,0.2718065971518583,0.271807000041008,1.784951929102607e-07,0.022424843230120756,11.549245222531134,0.022424843230120756,-0.013434218242764473,,-0.029059693217277527,-3.2129134723846926e-07,950,0.06270673732477212,0.09201271767855485,0.028161263236106984,,,,,,,,,
PC2_B1,pc2,push_pos_x,202,18,0,,999,0,0.27781707407000233,0.27781789004802704,2.855923086564171e-07,0.03175374621811423,11.832920383025698,0.03175374621811423,0.007690328639000654,,-0.045095160603523254,-3.1619148458389037e-07,950,0.06903979165225248,0.09931719214836277,0.03533166243998221,,,,,,,,,
PC2_B1,pc2,push_pos_x,202,19,0,,999,0,0.2850276946543372,0.2850283831357956,5.915840679311498e-07,0.027953208525542648,12.111538472332587,0.027953208525542648,0.00520657398737967,,-0.04685990512371063,-1.5299587963736629e-07,950,0.0654915402141459,0.0966991914114101,0.034296944410915096,,,,,,,,,
PC2_B1,pc2,push_pos_x,202,20,0,,999,0,0.2664596539608297,0.2664598375558853,2.2439395680147059e-07,0.024736757176750848,11.827150331495714,0.024736757176750848,-0.004481584765017033,,-0.0380740612745285,-1.0199725309157752e-07,950,0.07093072750503071,0.09463763598036881,0.032954165511891266,,,,,,,,,
PC2_B1,pc2,push_pos_x,202,21,0,,999,0,0.27826576875174114,0.2782657891511917,2.600929953835227e-07,0.033862485680589104,12.315286361254081,0.033862485680589104,0.00493590347468853,,-0.04352657496929169,-1.4789601698278744e-07,950,0.07278302289509282,0.09973998511397587,0.040282496080840134,,,,,,,,,
PC2_B1,pc2,push_pos_x,202,22,0,,999,0,0.27230643628434065,0.2723066657781601,2.447934074197861e-07,0.021984189019842726,12.00027181299839,0.021984189019842726,0.007438804022967815,,-0.03395538032054901,-3.0599175927473257e-07,950,0.06110626208600878,0.09855410473172897,0.031146905483721503,,,,,,,,,
PC2_B1,pc2,push_pos_x,202,23,0,,999,0,0.2666496290242608,0.26665037870407104,6.935813210227273e-07,0.026334048683811537,10.837132544567794,0.026334048683811537,-0.007158354856073856,,-0.01870793104171753,-3.5699038582052133e-07,950,0.060358542170508934,0.09428393851521015,0.028481360469098833,,,,,,,,,
PC2_B1,pc2,push_pos_x,202,24,0,,999,0,0.2818664780912552,0.28186696767807007,3.365909352022059e-07,0.026607987469823055,12.014575598090076,0.026607987469823055,-0.023328022100031376,,-0.047187745571136475,1.3259642901905083e-07,950,0.061435208303786404,0.09977325273294442,0.03416171158915586,,,,,,,,,
PC2_B1,pc2,push_pos_x,202,25,0,,999,0,0.2614631969182887,0.2614635080099106,3.8758956174799467e-07,0.029431096754947123,10.822954372434294,0.029431096754947123,0.004395341034978628,,-0.04235093295574188,2.0399450618315537e-08,950,0.06958034763564497,0.09658034888635254,0.03475584979704986,,,,,,,,,
PC2_B1,pc2,push_pos_x,202,26,0,,999,0,0.2849306083299259,0.2849307358264923,1.8869491821941846e-07,0.028792424380725233,12.261999059531739,0.028792424380725233,-0.013103753328323364,,-0.04463696479797363,3.569903858205215e-08,950,0.06649370794940226,0.10399960237835297,0.03349180045520639,,,,,,,,,
PC2_B1,pc2,push_pos_x,202,27,0,,999,0,0.266733132183233,0.26673342287540436,2.855923086564171e-07,0.03464868888271875,11.058428986446582,0.03464868888271875,-0.01667316909879446,,-0.038207486271858215,-4.895868148395722e-07,950,0.07113916437396818,0.09652654006338782,0.0366644591310599,,,,,,,,,
PC2_B1,pc2,push_pos_x,202,28,0,,999,0,0.2745479670437899,0.2745490074157715,4.691873642212567e-07,0.03221377515288444,11.616014303616803,0.03221377515288444,0.01634328905493021,,-0.05030328035354614,-3.8758956174799467e-07,950,0.06297831064534935,0.09914983877908426,0.03581094286380386,,,,,,,,,
PC2_B1,pc2,push_pos_x,202,29,0,,999,0,0.2788061504376763,0.2788068950176239,8.771763765875669e-07,0.031056321040515165,11.138665020508174,0.031056321040515165,-0.011349416803568602,,-0.030937522649765015,-4.079890123663102e-07,950,0.0664037146109296,0.10146536573985551,0.03636449294058537,,,,,,,,,
PC2_B1,pc2,push_pos_x,202,30,0,,999,0,0.2628370321848813,0.2628374248743057,1.9379478087399733e-07,0.026186948825792616,11.160272530600247,0.026186948825792616,-0.014812592417001724,,-0.03108517825603485,2.651928580381016e-07,950,0.06351713905895072,0.09853674279556036,0.029838204513855854,,,,,,,,,
PC2_B1,pc2,push_pos_x,202,31,0,,999,0,0.26564214000089925,0.26564276218414307,2.957920339655749e-07,0.02425824862920485,11.698359631561651,0.02425824862920485,0.002001748653128743,,-0.0253160297870636,4.079890123663102e-08,950,0.06907698690830971,0.09828754820883132,0.029767443411823444,,,,,,,,,
PC2_B1,pc2,push_pos_x,303,0,0,,999,0,0.28037996845130614,0.280380442738533,3.7228997378425803e-07,0.03944376571635111,11.275894961517107,0.03944376571635111,-0.01916827354580164,,-0.048564329743385315,-4.028891497117313e-07,950,0.06398241735295766,0.09734933815037748,0.042374209025228086,,,,,,,,,
PC2_B1,pc2,push_pos_x,303,1,0,,999,0,0.27224814326049174,0.2722485512495041,2.7539258334725935e-07,0.029934453059181396,12.028220705713988,0.029934453059181396,5.78009057790041e-05,,-0.028648778796195984,3.1619148458389037e-07,950,0.062376064017809485,0.09610282448345965,0.03551882244561152,,,,,,,,,
PC2_B1,pc2,push_pos_x,303,2,0,,999,0,0.277935121308036,0.27793535590171814,2.5499313272894386e-07,0.027989987586969065,11.850030897756161,0.027989987586969065,-0.011458158493041992,,-0.04854825139045715,3.2639120989304816e-07,950,0.06816239506701444,0.10034687524631904,0.03548335629376733,,,,,,,,,
PC2_B1,pc2,push_pos_x,303,3,0,,999,0,0.2783002324282804,0.2783011198043823,4.946866774941511e-07,0.03579447827927139,11.638863834752762,0.03579447827927139,0.004924288485199213,,-0.049497246742248535,-5.0998626545787915e-09,950,0.07052424587571994,0.1014198732042724,0.04251477586897587,,,,,,,,,
PC2_B1,pc2,push_pos_x,303,4,0,,999,0,0.28391763551987426,0.28391802310943604,5.048864028033088e-07,0.030522953405346755,12.375679629851463,0.030522953405346755,0.009017952950671315,,-0.04427832365036011,7.649793981868314e-08,950,0.06063505520174027,0.09836340726652114,0.03548418875117746,,,,,,,,,
PC2_B1,pc2,push_pos_x,303,5,0,,999,0,0.28081131188627234,0.28081199526786804,5.609848920036765e-07,0.025789104915434884,12.52104646674459,0.025789104915434884,-0.013364396523684263,,-0.04075708985328674,-5.099862654578877e-07,950,0.05961935497049058,0.09792752626291631,0.03269016476439592,,,,,,,,,
PC2_B1,pc2,push_pos_x,303,6,0,,999,0,0.2796976787043128,0.27969835698604584,4.946866774941511e-07,0.02611669241382037,12.583680923297692,0.02611669241382037,-0.008990212110802531,,-0.03688932955265045,-8.669766512784083e-08,950,0.06470923612139201,0.09797181201547699,0.03561055663639621,,,,,,,,,
PC2_B1,pc2,push_pos_x,303,7,0,,999,0,0.2796118884163107,0.27961254119873047,4.997865401487299e-07,0.03044206722172997,11.509330536710216,0.03044206722172997,-0.019362207502126694,,-0.026036858558654785,-3.059917592747328e-08,950,0.06567291532231495,0.09776110596353332,0.03477391436998284,,,,,,,,,
PC2_B1,pc2,push_pos_x,303,8,0,,999,0,0.27512561565733207,0.2751256972551346,4.4878791360294117e-07,0.027625951292496967,12.084832022765283,0.027625951292496967,0.012686331756412983,,-0.051990583539009094,4.283884629846257e-07,950,0.06602268018811099,0.09781650063607916,0.03625701996261519,,,,,,,,,
PC2_B1,pc2,push_pos_x,303,9,0,,999,0,0.27897725082973746,0.2789776027202606,3.977892870571524e-07,0.02944337191205717,12.004468232963372,0.02944337191205717,-0.02135919127613306,,-0.03954392671585083,1.2239670370989306e-07,950,0.06050636752393117,0.09922287672331666,0.03206242437685985,,,,,,,,,
PC2_B1,pc2,push_pos_x,303,10,0,,999,0,0.27388994993373034,0.2738906741142273,5.252858534216243e-07,0.03284818589129253,11.006205010036847,0.03284818589129253,0.02004598267376423,,-0.04131150245666504,-4.130888750208891e-07,950,0.0651505898481109,0.09992228160294193,0.03793565020961833,,,,,,,,,
PC2_B1,pc2,push_pos_x,303,11,0,,999,0,0.2708243145184084,0.2708248347043991,3.824896990934158e-07,0.027332357734137946,11.775101077140436,0.027332357734137946,-0.014932099729776382,,-0.034021154046058655,7.64979398186832e-08,950,0.06486221243236785,0.09847682483727005,0.031291626100426746,,,,,,,,,
PC2_B1,pc2,push_pos_x,303,12,0,,999,0,0.2797970594888065,0.27979716658592224,2.702927206926805e-07,0.028371533709968148,11.711203878434056,0.028371533709968148,-0.028440832160413265,,-0.04915681481361389,1.0709711574615645e-07,950,0.06672628023618536,0.1023600284230207,0.031025494862973034,,,,,,,,,
PC2_B1,pc2,push_pos_x,303,13,0,,999,0,0.2771074677055532,0.2771076411008835,3.7228997378425803e-07,0.030690417514515643,12.311386651340472,0.030690417514515643,-0.011088013648986816,,-0.03822152316570282,-2.1929409414689174e-07,950,0.0661917660288553,0.09792427383629987,0.03333755533737556,,,,,,,,,
PC2_B1,pc2,push_pos_x,303,14,0,,999,0,0.26425647632004745,0.264257088303566,3.1109162192931147e-07,0.0223693717095333,10.181523665482292,0.0223693717095333,0.0034965797676704824,,-0.035019323229789734,4.3348832563920453e-07,950,0.06391221855393885,0.09551722072325336,0.025710507771969104,,,,,,,,,
PC2_B1,pc2,push_pos_x,303,15,0,,999,0,0.28569213121651327,0.2856926769018173,3.7228997378425803e-07,0.028068976342317673,12.299545414300837,0.028068976342317673,0.0027726013213396072,,-0.06416977941989899,1.529958796373664e-08,950,0.06379974201882874,0.09832937843326119,0.03358459421157357,,,,,,,,,
PC2_B1,pc2,push_pos_x,303,16,0,,999,0,0.2728474868491372,0.2728477418422699,3.365909352022059e-07,0.028057717458482526,12.339168564672793,0.028057717458482526,-0.0060116443783044815,,-0.02974948287010193,-2.5499313272894386e-07,950,0.06292054505216624,0.09350311219155202,0.03361399106177369,,,,,,,,,
PC2_B1,pc2,push_pos_x,303,17,0,,999,0,0.26838822607050605,0.26838862895965576,3.569903858205214e-07,0.029420271132895928,11.461762805529036,0.029420271132895928,-0.021471792832016945,,-0.034496188163757324,1.2239670370989303e-07,950,0.06751415268594342,0.09643480212310541,0.03872680478469004,,,,,,,,,
PC2_B1,pc2,push_pos_x,303,18,0,,999,0,0.2703978422491308,0.27039802074432373,2.0399450618315507e-07,0.02697830131233033,11.224992606978784,0.02697830131233033,-0.0219498872756958,,-0.0344713032245636,-5.099862654578879e-08,950,0.0644413300228072,0.09878313983194502,0.035839968000910015,,,,,,,,,
PC2_B1,pc2,push_pos_x,303,19,0,,999,0,0.2618986713216904,0.2618986815214157,2.855923086564171e-07,0.03707028156755071,10.379719392864155,0.03707028156755071,0.014845142606645823,,-0.033461228013038635,1.0199725309157752e-07,950,0.06280605933190905,0.09607907449784453,0.03863561007975487,,,,,,,,,
PC2_B1,pc2,push_pos_x,303,20,0,,999,0,0.2634050957659349,0.26340562105178833,4.9978654014873e-07,0.02896712443622213,11.12250514318302,0.02896712443622213,-0.002029645722359419,,-0.03790640830993652,-2.651928580381015e-07,950,0.0673844171274607,0.09698653963876956,0.03453621239545774,,,,,,,,,
PC2_B1,pc2,push_pos_x,303,21,0,,999,0,0.27571988950438675,0.2757203280925751,5.609848920036765e-07,0.028400197696719934,11.940707762033043,0.028400197696719934,-0.01411856384947896,,-0.04493233561515808,6.119835185494656e-08,950,0.06612446644238593,0.10001301983231156,0.03737796106273452,,,,,,,,,
PC2_B1,pc2,push_pos_x,303,22,0,,999,0,0.28189195381766335,0.2818928360939026,4.997865401487299e-07,0.03666424873883245,11.173585696665862,0.03666424873883245,0.0019981281948275864,,-0.059106290340423584,-3.875895617479947e-07,950,0.06656846119253902,0.10148661570035832,0.03997045999264215,,,,,,,,,
PC2_B1,pc2,push_pos_x,303,23,0,,999,0,0.2754253930745916,0.275425061583519,-1.8869491821941846e-07,0.03102654726945949,11.610051048701434,0.03102654726945949,-0.011081012431532145,,-0.04051579535007477,-1.988946435285762e-07,950,0.0705117953737323,0.09914574503512026,0.03633048363290148,,,,,,,,,
PC2_B1,pc2,push_pos_x,303,24,0,,999,0,0.2805712531435298,0.2805715948343277,2.1929409414689171e-07,0.0315322282529809,11.382589978702002,0.0315322282529809,-0.010762609541416168,,-0.04772152006626129,2.2949381945604946e-07,950,0.07060436956175553,0.10130684532846311,0.03232501924722089,,,,,,,,,
PC2_B1,pc2,push_pos_x,303,25,0,,999,0,0.27297280115239764,0.2729734182357788,5.558850293490976e-07,0.031509919723689855,11.576709782158737,0.031509919723689855,-0.018521944992244244,,-0.048364609479904175,7.649793981868314e-08,950,0.06558340434502537,0.09950302150616672,0.03739826458754151,,,,,,,,,
PC2_B1,pc2,push_pos_x,303,26,0,,999,0,0.27201769959161626,0.2720180004835129,3.8758956174799467e-07,0.029346596649634793,10.423980112718883,0.029346596649634793,-0.008297630120068789,,-0.04147045314311981,-5.099862654578876e-08,950,0.060252101299900974,0.10090685134089084,0.030772423861563664,,,,,,,,,
PC2_B1,pc2,push_pos_x,303,27,0,,999,0,0.27254376699898974,0.27254419028759,6.62982145095254e-07,0.03149834694892853,11.861558691809291,0.03149834694892853,0.0019268649630248547,,-0.031006619334220886,-7.44579947568516e-07,950,0.06730241278792241,0.0929550610653086,0.04077098633567812,,,,,,,,,
PC2_B1,pc2,push_pos_x,303,28,0,,999,0,0.28365878346450824,0.28365932404994965,2.651928580381016e-07,0.028344568358380742,12.17720222598317,0.028344568358380742,-0.018710891716182232,,-0.050674572587013245,-1.8359505556483956e-07,950,0.06373626138273028,0.10174265672775112,0.037179702374078166,,,,,,,,,
PC2_B1,pc2,push_pos_x,303,29,0,,999,0,0.2809850328108844,0.28098559379577637,6.272831065132018e-07,0.030889918158318944,11.958883909460523,0.030889918158318944,0.0416032150387764,,-0.05198448896408081,-5.558850293490977e-07,950,0.05968120106099615,0.10064531201346036,0.04020808297525575,,,,,,,,,
PC2_B1,pc2,push_pos_x,303,30,0,,999,0,0.2716766072307678,0.27167709171772003,3.2129134723846926e-07,0.026257455545395457,11.42916681104321,0.026257455545395457,-0.002796278800815344,,-0.02765028178691864,-2.600929953835227e-07,950,0.06769116241160585,0.09778840562675871,0.03517154990900291,,,,,,,,,
PC2_B1,pc2,push_pos_x,303,31,0,,999,0,0.26722297327403716,0.26722344756126404,3.926894244025735e-07,0.031297797030211155,11.876375529185097,0.031297797030211155,0.0065581954549998045,,-0.03185582160949707,-6.068836558948864e-07,950,0.0690713174543755,0.09419266834571441,0.03590863354555119,,,,,,,,,
PC2_B1,pc2,push_neg_x,101,0,0,,999,0,0.26969139803858366,0.26969195902347565,9.689739043699865e-08,0.03190128142440477,11.35560020644391,0.03190128142440477,0.011417853645980358,,-0.04880179464817047,1.7849519291026067e-07,950,0.06327379345269415,0.09865774756928809,0.03416082299767401,,,,,,,,,
PC2_B1,pc2,push_neg_x,101,1,0,,999,0,0.2843957922675393,0.28439605236053467,2.49893270074365e-07,0.02975299103436931,12.502737136154622,0.02975299103436931,0.005237641744315624,,-0.05163899064064026,7.64979398186832e-08,950,0.06138369914618446,0.0977032676829985,0.03737363389234796,,,,,,,,,
PC2_B1,pc2,push_neg_x,101,2,0,,999,0,0.2649275109092182,0.26492810249328613,3.263912098930481e-07,0.031471640316967094,10.833899051716628,0.031471640316967094,0.0034755792003124952,,-0.023713350296020508,2.0399450618315484e-08,950,0.0692779116188998,0.09112133965290885,0.035472489813948446,,,,,,,,,
PC2_B1,pc2,push_neg_x,101,3,0,,999,0,0.28710510960237223,0.2871054410934448,3.6719011112967913e-07,0.03308187650344112,12.128974683039855,0.03308187650344112,0.020253928378224373,,-0.05294191837310791,-3.6719011112967913e-07,950,0.06529873010567101,0.10224999968148646,0.03765135393011853,,,,,,,,,
PC2_B1,pc2,push_neg_x,101,4,0,,999,0,0.2676278128821582,0.26762790977954865,9.689739043699865e-08,0.028867512018243516,11.237766022681573,0.028867512018243516,0.004479722119867802,,-0.031108781695365906,-1.1729684105531419e-07,950,0.06733810426682628,0.09413960132046748,0.034590801265363645,,,,,,,,,
PC2_B1,pc2,push_neg_x,101,5,0,,999,0,0.2830728528333858,0.28307366371154785,2.49893270074365e-07,0.034914367730589715,11.91108434318523,0.034914367730589715,0.03438148275017738,,-0.04891976714134216,-6.629821450952535e-08,950,0.06826005384039549,0.09969954316376178,0.04056133934941388,,,,,,,,,
PC2_B1,pc2,push_neg_x,101,6,0,,999,0,0.2806320008747081,0.2806323170661926,3.263912098930481e-07,0.035170751356700426,11.314812218893366,0.035170751356700426,-0.020318949595093727,,-0.04506680369377136,-2.5499313272894386e-07,950,0.06924675958550168,0.1040037108980776,0.04176724279576605,,,,,,,,,
PC2_B1,pc2,push_neg_x,101,7,0,,999,0,0.28036329126294285,0.28036387264728546,2.957920339655749e-07,0.03334058140564905,12.042541987293294,0.03334058140564905,-0.00779479555785656,,-0.043749287724494934,-3.6719011112967913e-07,950,0.06563461039719357,0.10181004237652236,0.0370097683674536,,,,,,,,,
PC2_B1,pc2,push_neg_x,101,8,0,,999,0,0.2739844430576671,0.27398478984832764,3.7228997378425803e-07,0.028309643099362986,11.369130416309476,0.028309643099362986,0.0019807331264019012,,-0.04052814841270447,1.529958796373664e-08,950,0.06323500838396041,0.09711020321694386,0.033793141717735016,,,,,,,,,
PC2_B1,pc2,push_neg_x,101,9,0,,999,0,0.28209072550669073,0.2820906490087509,4.0798901236631015e-07,0.038188880017646185,11.758731731755447,0.038188880017646185,-0.02437186148017645,,-0.0557778924703598,6.11983518549465e-08,950,0.06579539878605631,0.10328505032490264,0.045757612157309335,,,,,,,,,
PC2_B1,pc2,push_neg_x,101,10,0,,999,0,0.2668051079792135,0.2668052762746811,3.2129134723846926e-07,0.028800046508637073,11.684550381531828,0.028800046508637073,-0.009743792936205864,,-0.0404694527387619,-1.8869491821941846e-07,950,0.06723388806103693,0.09749366783616138,0.0385473904166178,,,,,,,,,
PC2_B1,pc2,push_neg_x,101,11,0,,999,0,0.27258796001819363,0.2725881487131119,2.600929953835227e-07,0.02863656065372705,11.381363296163968,0.02863656065372705,-0.032293010503053665,,-0.04124026000499725,-9.689739043699868e-08,950,0.06781245403308146,0.09820715257009928,0.039046015462801335,,,,,,,,,
PC2_B1,pc2,push_neg_x,101,12,0,,999,0,0.27487246070634874,0.2748723179101944,3.2639120989304816e-07,0.027390321914619868,12.401101304767202,0.027390321914619868,-0.0015100068412721157,,-0.03317834436893463,1.1219697840073532e-07,950,0.0644123582396295,0.09470921097050673,0.031766347510323215,,,,,,,,,
PC2_B1,pc2,push_neg_x,101,13,0,,999,0,0.27592943122680175,0.2759298086166382,1.5809574229194518e-07,0.026219323158107873,11.97091736557752,0.026219323158107873,0.004472503438591957,,-0.049937814474105835,-3.7228997378425803e-07,950,0.06484689404940053,0.10344850980924813,0.032562197839290645,,,,,,,,,
PC2_B1,pc2,push_neg_x,101,14,0,,999,0,0.2760386368170141,0.2760388255119324,1.6829546760110293e-07,0.0307088759196134,11.915323433442197,0.0307088759196134,0.010671054944396019,,-0.054616063833236694,2.600929953835227e-07,950,0.06089933711136957,0.09459214186646317,0.0348871658049967,,,,,,,,,
PC2_B1,pc2,push_neg_x,101,15,0,,999,0,0.28038009554944576,0.2803804576396942,3.2639120989304816e-07,0.025474186353122638,11.655306380635263,0.025474186353122638,0.010974263772368431,,-0.04402744770050049,-1.8359505556483956e-07,950,0.065795604333604,0.09846505111184968,0.032338599689086034,,,,,,,,,
PC2_B1,pc2,push_neg_x,101,16,0,,999,0,0.27787638387896796,0.277877077460289,5.099862654578877e-07,0.028843062494047556,11.67351537139455,0.028843062494047556,-0.018958239816129208,,-0.0375337153673172,-3.5699038582052133e-07,950,0.06266522066913227,0.10081148108974729,0.038064491128791636,,,,,,,,,
PC2_B1,pc2,push_neg_x,101,17,0,,999,0,0.2824266547347135,0.2824270576238632,2.3459368211062835e-07,0.0283870860738686,11.513257262188073,0.0283870860738686,-0.0023250775411725044,,-0.06083156168460846,1.835950555648396e-07,950,0.06168885963108459,0.09968182820514142,0.03418637668147267,,,,,,,,,
PC2_B1,pc2,push_neg_x,101,18,0,,999,0,0.2700611200721506,0.2700618952512741,4.691873642212567e-07,0.032838390438203274,12.027548855818534,0.032838390438203274,0.012061700224876404,,-0.026671215891838074,9.179752778241978e-08,950,0.06108646892931249,0.09234490436653414,0.03857398845945948,,,,,,,,,
PC2_B1,pc2,push_neg_x,101,19,0,,999,0,0.28293106796588485,0.28293170034885406,4.640875015666778e-07,0.028249532205385754,12.429960309992218,0.028249532205385754,0.00987905915826559,,-0.04477144777774811,3.620902484751003e-07,950,0.06539679440956968,0.09866995586658586,0.03780083149641896,,,,,,,,,
PC2_B1,pc2,push_neg_x,101,20,0,,999,0,0.2763941716701589,0.2763948142528534,4.997865401487299e-07,0.027827407843616966,11.680332259916167,0.027827407843616966,0.004635591991245747,,-0.047970980405807495,-1.5299587963736629e-07,950,0.06174785333708184,0.10325064139250507,0.03437136708396831,,,,,,,,,
PC2_B1,pc2,push_neg_x,101,21,0,,999,0,0.27690494642219443,0.2769051045179367,5.456853040399399e-07,0.02438385362314515,12.376347929201398,0.02438385362314515,-0.003427097573876381,,-0.04210834205150604,-2.804924460018382e-07,950,0.061085065908264936,0.0967229593144062,0.031544577415691125,,,,,,,,,
PC2_B1,pc2,push_neg_x,101,22,0,,999,0,0.2709586023487509,0.2709587961435318,1.376962916736297e-07,0.0306211363669042,12.42944689068645,0.0306211363669042,-0.015732744708657265,,-0.030660077929496765,6.629821450952543e-08,950,0.06164643360566944,0.09423173015889443,0.03497728467447622,,,,,,,,,
PC2_B1,pc2,push_neg_x,101,23,0,,999,0,0.27589782387177575,0.275898277759552,3.569903858205214e-07,0.028887380138937966,11.960490682185021,0.028887380138937966,-0.01120540127158165,,-0.03023707866668701,-1.7339533025568182e-07,950,0.06729844699481048,0.09771697147842913,0.034432579842413776,,,,,,,,,
PC2_B1,pc2,push_neg_x,101,24,0,,999,0,0.26563245671636915,0.2656327933073044,4.028891497117313e-07,0.02453568532405913,11.911018429765743,0.02453568532405913,-0.020655760541558266,,-0.04641042649745941,1.9889464352857623e-07,950,0.06587119906976008,0.09841486816733534,0.028291130520630724,,,,,,,,,
PC2_B1,pc2,push_neg_x,101,25,0,,999,0,0.26985046801401336,0.26985083520412445,4.793870895304144e-07,0.025988069734179383,11.47121939761383,0.025988069734179383,-0.01075816061347723,,-0.03995542228221893,-4.385881882937834e-07,950,0.06373195782032619,0.09386214608215081,0.030694151566677756,,,,,,,,,
PC2_B1,pc2,push_neg_x,101,26,0,,999,0,0.26823786833388286,0.2682380825281143,2.8049244600183824e-07,0.03335876375454383,11.771577600113215,0.03335876375454383,0.010157650336623192,,-0.02495531737804413,-4.5898763891209865e-08,950,0.06816511020117111,0.09067039243089488,0.035532061651646685,,,,,,,,,
PC2_B1,pc2,push_neg_x,101,27,0,,999,0,0.2655004164114355,0.26550060510635376,1.9379478087399733e-07,0.029281364101208508,10.84511985117414,0.029281364101208508,0.004263993469066918,,-0.043196648359298706,2.957920339655749e-07,950,0.06077798567140253,0.09441126322010736,0.03557717222487894,,,,,,,,,
PC2_B1,pc2,push_neg_x,101,28,0,,999,0,0.2734387447649145,0.2734393924474716,3.7228997378425803e-07,0.03215495829804488,12.01616946539462,0.03215495829804488,-0.0037815887480974197,,-0.03820858895778656,3.7228997378425803e-07,950,0.06725969342478719,0.09602773000012685,0.03865775572352759,,,,,,,,,
PC2_B1,pc2,push_neg_x,101,29,0,,999,0,0.26789567639483486,0.2678961455821991,3.6719011112967913e-07,0.024830149670493115,11.404054959997598,0.024830149670493115,-0.0017095182556658983,,-0.013453930616378784,-2.0399450618315537e-08,950,0.061318193868256196,0.09593498881131098,0.031125390444987754,,,,,,,,,
PC2_B1,pc2,push_neg_x,101,30,0,,999,0,0.2876622581226941,0.2876626253128052,4.844869521849933e-07,0.033050258124889334,12.485104069652333,0.033050258124889334,-0.006220060167834163,,-0.05909287929534912,3.416907978567848e-07,950,0.059279763315430695,0.1011838073635116,0.03987517254423714,,,,,,,,,
PC2_B1,pc2,push_neg_x,101,31,0,,999,0,0.2745823290418176,0.2745826095342636,2.5499313272894386e-07,0.02764403958304935,11.828441708532772,0.02764403958304935,-0.007002872880548239,,-0.04210375249385834,2.957920339655749e-07,950,0.06703054947276532,0.0972787030487698,0.032763101693048885,,,,,,,,,
PC2_B1,pc2,push_neg_x,202,0,0,,999,0,0.2627786214657646,0.2627793252468109,4.0798901236631015e-07,0.025650907161098073,10.229835115833199,0.025650907161098073,0.015712051652371883,,-0.029990196228027344,9.179752778241978e-08,950,0.06784566680261724,0.09413578149237302,0.03381086083114569,,,,,,,,,
PC2_B1,pc2,push_neg_x,202,1,0,,999,0,0.27302902586319866,0.2730289697647095,1.5809574229194518e-07,0.026288929768785156,11.279114845362464,0.026288929768785156,0.005946557968854904,,-0.040832579135894775,1.784951929102607e-07,950,0.06278723198846932,0.09637864679053529,0.03384974552852984,,,,,,,,,
PC2_B1,pc2,push_neg_x,202,2,0,,999,0,0.28218395442248667,0.282184362411499,2.396935447652072e-07,0.03563252328568564,11.968480594839988,0.03563252328568564,-0.011561399325728416,,-0.04468056559562683,1.8869491821941846e-07,950,0.0632497702857982,0.10002643065785324,0.038726817645250454,,,,,,,,,
PC2_B1,pc2,push_neg_x,202,3,0,,999,0,0.28351947808648176,0.28351980447769165,3.365909352022059e-07,0.031010775129740053,12.158755917950486,0.031010775129740053,-0.001944639254361391,,-0.04544839262962341,3.569903858205214e-07,950,0.067487495723783,0.09961391901515151,0.034272155462806805,,,,,,,,,
PC2_B1,pc2,push_neg_x,202,4,0,,999,0,0.28283256834203546,0.2828327417373657,2.855923086564171e-07,0.02582991961735781,12.50944767243047,0.02582991961735781,0.012594011146575212,,-0.06015455722808838,1.8359505556483956e-07,950,0.06228405974496577,0.0970338736837814,0.032921851985515324,,,,,,,,,
PC2_B1,pc2,push_neg_x,202,5,0,,999,0,0.27331136190955013,0.2733117341995239,-3.5699038582052136e-08,0.029544246896809755,11.31330370704104,0.029544246896809755,0.007167463889345527,,-0.03885549306869507,-5.864842052765709e-07,950,0.06574567027670208,0.09791100809103774,0.03667438041245811,,,,,,,,,
PC2_B1,pc2,push_neg_x,202,6,0,,999,0,0.2720901591573807,0.2720906436443329,3.31491072547627e-07,0.022129893809708055,12.177768615472555,0.022129893809708055,0.008690058253705502,,-0.04150572419166565,-8.669766512784089e-08,950,0.0687647264105268,0.0966883553296298,0.03079570611068832,,,,,,,,,
PC2_B1,pc2,push_neg_x,202,7,0,,999,0,0.2793949881498826,0.2793950289487839,3.5189052316594254e-07,0.02551535471675793,12.008654213755559,0.02551535471675793,-0.0075199236162006855,,-0.04792957007884979,9.689739043699868e-08,950,0.06249250555039476,0.10307751262406556,0.03141467122827397,,,,,,,,,
PC2_B1,pc2,push_neg_x,202,8,0,,999,0,0.27009148871834904,0.27009207010269165,3.2129134723846926e-07,0.02652926160288457,11.455092428458457,0.02652926160288457,0.0046041845344007015,,-0.02663487195968628,5.150861281124666e-07,950,0.06985801594292464,0.09444915040628749,0.03600414293988393,,,,,,,,,
PC2_B1,pc2,push_neg_x,202,9,0,,999,0,0.28160821562782323,0.28160834312438965,2.0399450618315507e-07,0.031093624796280236,12.403494745753367,0.031093624796280236,-0.006071061827242374,,-0.04646497964859009,-1.835950555648396e-07,950,0.06296329362265334,0.09895869217028785,0.036839118040249044,,,,,,,,,
PC2_B1,pc2,push_neg_x,202,10,0,,999,0,0.27866177946169746,0.2786622792482376,5.099862654578876e-07,0.026288655896785244,11.857952611283983,0.026288655896785244,0.003992822952568531,,-0.046249762177467346,6.119835185494645e-08,950,0.061709210545319505,0.09768658915981444,0.031283049561198754,,,,,,,,,
PC2_B1,pc2,push_neg_x,202,11,0,,999,0,0.27589452513717716,0.2758951932191849,7.190806342956217e-07,0.0291026342971552,12.19689804747394,0.0291026342971552,-0.01439528539776802,,-0.0343049019575119,-5.099862654578897e-09,950,0.07047814782256327,0.09603734399940773,0.03184825148718996,,,,,,,,,
PC2_B1,pc2,push_neg_x,202,12,0,,999,0,0.267924449819932,0.2679247558116913,2.1419423149231284e-07,0.03040274206720652,11.159090329356054,0.03040274206720652,-0.006176924332976341,,-0.03620493412017822,2.039945061831551e-08,950,0.06995865209696006,0.09769926659805449,0.034089992599894585,,,,,,,,,
PC2_B1,pc2,push_neg_x,202,13,0,,999,0,0.2772242135223858,0.2772245705127716,3.569903858205214e-07,0.02996102145494929,11.413809454182278,0.02996102145494929,-0.007472730241715908,,-0.03794792294502258,0.0,950,0.0611020042345172,0.09906349555402774,0.0361045872645916,,,,,,,,,
PC2_B1,pc2,push_neg_x,202,14,0,,999,0,0.26408697345996285,0.26408709585666656,2.1419423149231284e-07,0.025871394433950805,10.875373223571255,0.025871394433950805,0.010305895004421473,,-0.033218368887901306,-2.753925833472594e-07,950,0.06769596959519784,0.09217910883044754,0.03189385024375866,,,,,,,,,
PC2_B1,pc2,push_neg_x,202,15,0,,999,0,0.263985273751983,0.2639855593442917,2.855923086564171e-07,0.022927067068272786,10.752844893052725,0.022927067068272786,-0.039097683504223824,,-0.03786854445934296,4.079890123663097e-08,950,0.06882006218902065,0.09498482958513499,0.027764463817099273,,,,,,,,,
PC2_B1,pc2,push_neg_x,202,16,0,,999,0,0.2799582118019063,0.2799588441848755,5.507851666945187e-07,0.02626992079326447,11.769167317044177,0.02626992079326447,0.002125297673046589,,-0.04430660605430603,-4.997865401487299e-07,950,0.062177692336866416,0.09923044302511416,0.032496020224834485,,,,,,,,,
PC2_B1,pc2,push_neg_x,202,17,0,,999,0,0.2718065971518583,0.271807000041008,1.784951929102607e-07,0.022424843230120756,11.549245222531134,0.022424843230120756,-0.013434218242764473,,-0.029059693217277527,-3.2129134723846926e-07,950,0.07127092001890689,0.09162946084324923,0.028161263236106984,,,,,,,,,
PC2_B1,pc2,push_neg_x,202,18,0,,999,0,0.27781707407000233,0.27781789004802704,2.855923086564171e-07,0.03175374621811423,11.832920383025698,0.03175374621811423,0.007690328639000654,,-0.045095160603523254,-3.1619148458389037e-07,950,0.06470379152484965,0.09866364150638719,0.03533166243998221,,,,,,,,,
PC2_B1,pc2,push_neg_x,202,19,0,,999,0,0.2850276946543372,0.2850283831357956,5.915840679311498e-07,0.027953208525542648,12.111538472332587,0.027953208525542648,0.00520657398737967,,-0.04685990512371063,-1.5299587963736629e-07,950,0.06518549103862592,0.09954373600452007,0.034296944410915096,,,,,,,,,
PC2_B1,pc2,push_neg_x,202,20,0,,999,0,0.2664596539608297,0.2664598375558853,2.2439395680147059e-07,0.024736757176750848,11.827150331495714,0.024736757176750848,-0.004481584765017033,,-0.0380740612745285,-1.0199725309157752e-07,950,0.0653451206533782,0.09345988278736085,0.032954165511891266,,,,,,,,,
PC2_B1,pc2,push_neg_x,202,21,0,,999,0,0.27826576875174114,0.2782657891511917,2.600929953835227e-07,0.033862485680589104,12.315286361254081,0.033862485680589104,0.00493590347468853,,-0.04352657496929169,-1.4789601698278744e-07,950,0.06436603449502705,0.0977189709335319,0.040282496080840134,,,,,,,,,
PC2_B1,pc2,push_neg_x,202,22,0,,999,0,0.27230643628434065,0.2723066657781601,2.447934074197861e-07,0.021984189019842726,12.00027181299839,0.021984189019842726,0.007438804022967815,,-0.03395538032054901,-3.0599175927473257e-07,950,0.07160303461008184,0.0974150034739127,0.031146905483721503,,,,,,,,,
PC2_B1,pc2,push_neg_x,202,23,0,,999,0,0.2666496290242608,0.26665037870407104,6.935813210227273e-07,0.026334048683811537,10.837132544567794,0.026334048683811537,-0.007158354856073856,,-0.01870793104171753,-3.5699038582052133e-07,950,0.0610119320413492,0.09341636693542825,0.028481360469098833,,,,,,,,,
PC2_B1,pc2,push_neg_x,202,24,0,,999,0,0.2818664780912552,0.28186696767807007,3.365909352022059e-07,0.026607987469823055,12.014575598090076,0.026607987469823055,-0.023328022100031376,,-0.047187745571136475,1.3259642901905083e-07,950,0.05903419512802675,0.09776607727636577,0.03416171158915586,,,,,,,,,
PC2_B1,pc2,push_neg_x,202,25,0,,999,0,0.2614631969182887,0.2614635080099106,3.8758956174799467e-07,0.029431096754947123,10.822954372434294,0.029431096754947123,0.004395341034978628,,-0.04235093295574188,2.0399450618315537e-08,950,0.06574177224130957,0.09423367523767354,0.03475584979704986,,,,,,,,,
PC2_B1,pc2,push_neg_x,202,26,0,,999,0,0.2849306083299259,0.2849307358264923,1.8869491821941846e-07,0.028792424380725233,12.261999059531739,0.028792424380725233,-0.013103753328323364,,-0.04463696479797363,3.569903858205215e-08,950,0.06484595343286341,0.10299852250485306,0.03349180045520639,,,,,,,,,
PC2_B1,pc2,push_neg_x,202,27,0,,999,0,0.266733132183233,0.26673342287540436,2.855923086564171e-07,0.03464868888271875,11.058428986446582,0.03464868888271875,-0.01667316909879446,,-0.038207486271858215,-4.895868148395722e-07,950,0.06896243758953112,0.09709289291864898,0.0366644591310599,,,,,,,,,
PC2_B1,pc2,push_neg_x,202,28,0,,999,0,0.2745479670437899,0.2745490074157715,4.691873642212567e-07,0.03221377515288444,11.616014303616803,0.03221377515288444,0.01634328905493021,,-0.05030328035354614,-3.8758956174799467e-07,950,0.06023808228758418,0.0969545963448957,0.03581094286380386,,,,,,,,,
PC2_B1,pc2,push_neg_x,202,29,0,,999,0,0.2788061504376763,0.2788068950176239,8.771763765875669e-07,0.031056321040515165,11.138665020508174,0.031056321040515165,-0.011349416803568602,,-0.030937522649765015,-4.079890123663102e-07,950,0.06338763272188153,0.10215620837370978,0.03636449294058537,,,,,,,,,
PC2_B1,pc2,push_neg_x,202,30,0,,999,0,0.2628370321848813,0.2628374248743057,1.9379478087399733e-07,0.026186948825792616,11.160272530600247,0.026186948825792616,-0.014812592417001724,,-0.03108517825603485,2.651928580381016e-07,950,0.06400693321575572,0.09505472755365472,0.029838204513855854,,,,,,,,,
PC2_B1,pc2,push_neg_x,202,31,0,,999,0,0.26564214000089925,0.26564276218414307,2.957920339655749e-07,0.02425824862920485,11.698359631561651,0.02425824862920485,0.002001748653128743,,-0.0253160297870636,4.079890123663102e-08,950,0.0669714888267582,0.097929964490559,0.029767443411823444,,,,,,,,,
PC2_B1,pc2,push_neg_x,303,0,0,,999,0,0.28037996845130614,0.280380442738533,3.7228997378425803e-07,0.03944376571635111,11.275894961517107,0.03944376571635111,-0.01916827354580164,,-0.048564329743385315,-4.028891497117313e-07,950,0.06950838263531586,0.09820704459228259,0.042374209025228086,,,,,,,,,
PC2_B1,pc2,push_neg_x,303,1,0,,999,0,0.27224814326049174,0.2722485512495041,2.7539258334725935e-07,0.029934453059181396,12.028220705713988,0.029934453059181396,5.78009057790041e-05,,-0.028648778796195984,3.1619148458389037e-07,950,0.05875821047603236,0.09704845184881686,0.03551882244561152,,,,,,,,,
PC2_B1,pc2,push_neg_x,303,2,0,,999,0,0.277935121308036,0.27793535590171814,2.5499313272894386e-07,0.027989987586969065,11.850030897756161,0.027989987586969065,-0.011458158493041992,,-0.04854825139045715,3.2639120989304816e-07,950,0.061352459969118554,0.09881500332580488,0.03548335629376733,,,,,,,,,
PC2_B1,pc2,push_neg_x,303,3,0,,999,0,0.2783002324282804,0.2783011198043823,4.946866774941511e-07,0.03579447827927139,11.638863834752762,0.03579447827927139,0.004924288485199213,,-0.049497246742248535,-5.0998626545787915e-09,950,0.06493202270219767,0.10098024510171139,0.04251477586897587,,,,,,,,,
PC2_B1,pc2,push_neg_x,303,4,0,,999,0,0.28391763551987426,0.28391802310943604,5.048864028033088e-07,0.030522953405346755,12.375679629851463,0.030522953405346755,0.009017952950671315,,-0.04427832365036011,7.649793981868314e-08,950,0.06200416890023126,0.09819670422654944,0.03548418875117746,,,,,,,,,
PC2_B1,pc2,push_neg_x,303,5,0,,999,0,0.28081131188627234,0.28081199526786804,5.609848920036765e-07,0.025789104915434884,12.52104646674459,0.025789104915434884,-0.013364396523684263,,-0.04075708985328674,-5.099862654578877e-07,950,0.06321661457816698,0.0963685188355388,0.03269016476439592,,,,,,,,,
PC2_B1,pc2,push_neg_x,303,6,0,,999,0,0.2796976787043128,0.27969835698604584,4.946866774941511e-07,0.02611669241382037,12.583680923297692,0.02611669241382037,-0.008990212110802531,,-0.03688932955265045,-8.669766512784083e-08,950,0.0589594301742829,0.09853036124912097,0.03561055663639621,,,,,,,,,
PC2_B1,pc2,push_neg_x,303,7,0,,999,0,0.2796118884163107,0.27961254119873047,4.997865401487299e-07,0.03044206722172997,11.509330536710216,0.03044206722172997,-0.019362207502126694,,-0.026036858558654785,-3.059917592747328e-08,950,0.06658760158266107,0.09643112890364057,0.03477391436998284,,,,,,,,,
PC2_B1,pc2,push_neg_x,303,8,0,,999,0,0.27512561565733207,0.2751256972551346,4.4878791360294117e-07,0.027625951292496967,12.084832022765283,0.027625951292496967,0.012686331756412983,,-0.051990583539009094,4.283884629846257e-07,950,0.07023540559121985,0.10085491908083703,0.03625701996261519,,,,,,,,,
PC2_B1,pc2,push_neg_x,303,9,0,,999,0,0.27897725082973746,0.2789776027202606,3.977892870571524e-07,0.02944337191205717,12.004468232963372,0.02944337191205717,-0.02135919127613306,,-0.03954392671585083,1.2239670370989306e-07,950,0.0626167765977485,0.1005926349159189,0.03206242437685985,,,,,,,,,
PC2_B1,pc2,push_neg_x,303,10,0,,999,0,0.27388994993373034,0.2738906741142273,5.252858534216243e-07,0.03284818589129253,11.006205010036847,0.03284818589129253,0.02004598267376423,,-0.04131150245666504,-4.130888750208891e-07,950,0.0676584557206004,0.10191279153381966,0.03793565020961833,,,,,,,,,
PC2_B1,pc2,push_neg_x,303,11,0,,999,0,0.2708243145184084,0.2708248347043991,3.824896990934158e-07,0.027332357734137946,11.775101077140436,0.027332357734137946,-0.014932099729776382,,-0.034021154046058655,7.64979398186832e-08,950,0.06769057646156684,0.09712914702883715,0.031291626100426746,,,,,,,,,
PC2_B1,pc2,push_neg_x,303,12,0,,999,0,0.2797970594888065,0.27979716658592224,2.702927206926805e-07,0.028371533709968148,11.711203878434056,0.028371533709968148,-0.028440832160413265,,-0.04915681481361389,1.0709711574615645e-07,950,0.05847830293498859,0.09827473292019762,0.031025494862973034,,,,,,,,,
PC2_B1,pc2,push_neg_x,303,13,0,,999,0,0.2771074677055532,0.2771076411008835,3.7228997378425803e-07,0.030690417514515643,12.311386651340472,0.030690417514515643,-0.011088013648986816,,-0.03822152316570282,-2.1929409414689174e-07,950,0.06437775818378284,0.09694173407156373,0.03333755533737556,,,,,,,,,
PC2_B1,pc2,push_neg_x,303,14,0,,999,0,0.26425647632004745,0.264257088303566,3.1109162192931147e-07,0.0223693717095333,10.181523665482292,0.0223693717095333,0.0034965797676704824,,-0.035019323229789734,4.3348832563920453e-07,950,0.060887257036173474,0.09568948558315046,0.025710507771969104,,,,,,,,,
PC2_B1,pc2,push_neg_x,303,15,0,,999,0,0.28569213121651327,0.2856926769018173,3.7228997378425803e-07,0.028068976342317673,12.299545414300837,0.028068976342317673,0.0027726013213396072,,-0.06416977941989899,1.529958796373664e-08,950,0.06596804939335729,0.1015887572344143,0.03358459421157357,,,,,,,,,
PC2_B1,pc2,push_neg_x,303,16,0,,999,0,0.2728474868491372,0.2728477418422699,3.365909352022059e-07,0.028057717458482526,12.339168564672793,0.028057717458482526,-0.0060116443783044815,,-0.02974948287010193,-2.5499313272894386e-07,950,0.07079334622369844,0.09405840024554657,0.03361399106177369,,,,,,,,,
PC2_B1,pc2,push_neg_x,303,17,0,,999,0,0.26838822607050605,0.26838862895965576,3.569903858205214e-07,0.029420271132895928,11.461762805529036,0.029420271132895928,-0.021471792832016945,,-0.034496188163757324,1.2239670370989303e-07,950,0.06836294343595582,0.096145830210489,0.03872680478469004,,,,,,,,,
PC2_B1,pc2,push_neg_x,303,18,0,,999,0,0.2703978422491308,0.27039802074432373,2.0399450618315507e-07,0.02697830131233033,11.224992606978784,0.02697830131233033,-0.0219498872756958,,-0.0344713032245636,-5.099862654578879e-08,950,0.0678032088417089,0.0979862098832683,0.035839968000910015,,,,,,,,,
PC2_B1,pc2,push_neg_x,303,19,0,,999,0,0.2618986713216904,0.2618986815214157,2.855923086564171e-07,0.03707028156755071,10.379719392864155,0.03707028156755071,0.014845142606645823,,-0.033461228013038635,1.0199725309157752e-07,950,0.07195218014164917,0.09777982401894797,0.03863561007975487,,,,,,,,,
PC2_B1,pc2,push_neg_x,303,20,0,,999,0,0.2634050957659349,0.26340562105178833,4.9978654014873e-07,0.02896712443622213,11.12250514318302,0.02896712443622213,-0.002029645722359419,,-0.03790640830993652,-2.651928580381015e-07,950,0.06379427416052942,0.0903586404789964,0.03453621239545774,,,,,,,,,
PC2_B1,pc2,push_neg_x,303,21,0,,999,0,0.27571988950438675,0.2757203280925751,5.609848920036765e-07,0.028400197696719934,11.940707762033043,0.028400197696719934,-0.01411856384947896,,-0.04493233561515808,6.119835185494656e-08,950,0.06824461802583097,0.09845492441859753,0.03737796106273452,,,,,,,,,
PC2_B1,pc2,push_neg_x,303,22,0,,999,0,0.28189195381766335,0.2818928360939026,4.997865401487299e-07,0.03666424873883245,11.173585696665862,0.03666424873883245,0.0019981281948275864,,-0.059106290340423584,-3.875895617479947e-07,950,0.06891072154438024,0.10201595771300563,0.03997045999264215,,,,,,,,,
PC2_B1,pc2,push_neg_x,303,23,0,,999,0,0.2754253930745916,0.275425061583519,-1.8869491821941846e-07,0.03102654726945949,11.610051048701434,0.03102654726945949,-0.011081012431532145,,-0.04051579535007477,-1.988946435285762e-07,950,0.06445158229352438,0.09613933876852279,0.03633048363290148,,,,,,,,,
PC2_B1,pc2,push_neg_x,303,24,0,,999,0,0.2805712531435298,0.2805715948343277,2.1929409414689171e-07,0.0315322282529809,11.382589978702002,0.0315322282529809,-0.010762609541416168,,-0.04772152006626129,2.2949381945604946e-07,950,0.06439277731473247,0.10015676624006382,0.03232501924722089,,,,,,,,,
PC2_B1,pc2,push_neg_x,303,25,0,,999,0,0.27297280115239764,0.2729734182357788,5.558850293490976e-07,0.031509919723689855,11.576709782158737,0.031509919723689855,-0.018521944992244244,,-0.048364609479904175,7.649793981868314e-08,950,0.06850396645367955,0.10131050654387105,0.03739826458754151,,,,,,,,,
PC2_B1,pc2,push_neg_x,303,26,0,,999,0,0.27201769959161626,0.2720180004835129,3.8758956174799467e-07,0.029346596649634793,10.423980112718883,0.029346596649634793,-0.008297630120068789,,-0.04147045314311981,-5.099862654578876e-08,950,0.06202198764135179,0.10045100283528989,0.030772423861563664,,,,,,,,,
PC2_B1,pc2,push_neg_x,303,27,0,,999,0,0.27254376699898974,0.27254419028759,6.62982145095254e-07,0.03149834694892853,11.861558691809291,0.03149834694892853,0.0019268649630248547,,-0.031006619334220886,-7.44579947568516e-07,950,0.06532457638222142,0.0951578419644798,0.04077098633567812,,,,,,,,,
PC2_B1,pc2,push_neg_x,303,28,0,,999,0,0.28365878346450824,0.28365932404994965,2.651928580381016e-07,0.028344568358380742,12.17720222598317,0.028344568358380742,-0.018710891716182232,,-0.050674572587013245,-1.8359505556483956e-07,950,0.06687464504456091,0.10232778138462635,0.037179702374078166,,,,,,,,,
PC2_B1,pc2,push_neg_x,303,29,0,,999,0,0.2809850328108844,0.28098559379577637,6.272831065132018e-07,0.030889918158318944,11.958883909460523,0.030889918158318944,0.0416032150387764,,-0.05198448896408081,-5.558850293490977e-07,950,0.06122363920372677,0.10221279883524359,0.04020808297525575,,,,,,,,,
PC2_B1,pc2,push_neg_x,303,30,0,,999,0,0.2716766072307678,0.27167709171772003,3.2129134723846926e-07,0.026257455545395457,11.42916681104321,0.026257455545395457,-0.002796278800815344,,-0.02765028178691864,-2.600929953835227e-07,950,0.06760880717408776,0.09787543064878564,0.03517154990900291,,,,,,,,,
PC2_B1,pc2,push_neg_x,303,31,0,,999,0,0.26722297327403716,0.26722344756126404,3.926894244025735e-07,0.031297797030211155,11.876375529185097,0.031297797030211155,0.0065581954549998045,,-0.03185582160949707,-6.068836558948864e-07,950,0.06513336471968403,0.09570913647108842,0.03590863354555119,,,,,,,,,
PC2_B1,pc2,push_pos_y,101,0,0,,999,0,0.26969139803858366,0.26969195902347565,9.689739043699865e-08,0.03190128142440477,11.35560020644391,0.03190128142440477,0.011417853645980358,,-0.04880179464817047,1.7849519291026067e-07,950,0.06406455197590043,0.09764676982601628,0.03416082299767401,,,,,,,,,
PC2_B1,pc2,push_pos_y,101,1,0,,999,0,0.2843957922675393,0.28439605236053467,2.49893270074365e-07,0.02975299103436931,12.502737136154622,0.02975299103436931,0.005237641744315624,,-0.05163899064064026,7.64979398186832e-08,950,0.06488899424142394,0.10028288613621761,0.03737363389234796,,,,,,,,,
PC2_B1,pc2,push_pos_y,101,2,0,,999,0,0.2649275109092182,0.26492810249328613,3.263912098930481e-07,0.031471640316967094,10.833899051716628,0.031471640316967094,0.0034755792003124952,,-0.023713350296020508,2.0399450618315484e-08,950,0.06009232274748778,0.08860769098417934,0.035472489813948446,,,,,,,,,
PC2_B1,pc2,push_pos_y,101,3,0,,999,0,0.28710510960237223,0.2871054410934448,3.6719011112967913e-07,0.03308187650344112,12.128974683039855,0.03308187650344112,0.020253928378224373,,-0.05294191837310791,-3.6719011112967913e-07,950,0.06796173445301024,0.10094187309252828,0.03765135393011853,,,,,,,,,
PC2_B1,pc2,push_pos_y,101,4,0,,999,0,0.2676278128821582,0.26762790977954865,9.689739043699865e-08,0.028867512018243516,11.237766022681573,0.028867512018243516,0.004479722119867802,,-0.031108781695365906,-1.1729684105531419e-07,950,0.06487785023382699,0.09581410558677897,0.034590801265363645,,,,,,,,,
PC2_B1,pc2,push_pos_y,101,5,0,,999,0,0.2830728528333858,0.28307366371154785,2.49893270074365e-07,0.034914367730589715,11.91108434318523,0.034914367730589715,0.03438148275017738,,-0.04891976714134216,-6.629821450952535e-08,950,0.06277850442634324,0.10069118854467964,0.04056133934941388,,,,,,,,,
PC2_B1,pc2,push_pos_y,101,6,0,,999,0,0.2806320008747081,0.2806323170661926,3.263912098930481e-07,0.035170751356700426,11.314812218893366,0.035170751356700426,-0.020318949595093727,,-0.04506680369377136,-2.5499313272894386e-07,950,0.06147896781480873,0.09825414179932632,0.04176724279576605,,,,,,,,,
PC2_B1,pc2,push_pos_y,101,7,0,,999,0,0.28036329126294285,0.28036387264728546,2.957920339655749e-07,0.03334058140564905,12.042541987293294,0.03334058140564905,-0.00779479555785656,,-0.043749287724494934,-3.6719011112967913e-07,950,0.06429767621883034,0.10161657003275384,0.0370097683674536,,,,,,,,,
PC2_B1,pc2,push_pos_y,101,8,0,,999,0,0.2739844430576671,0.27398478984832764,3.7228997378425803e-07,0.028309643099362986,11.369130416309476,0.028309643099362986,0.0019807331264019012,,-0.04052814841270447,1.529958796373664e-08,950,0.06447811897897122,0.09674055840226148,0.033793141717735016,,,,,,,,,
PC2_B1,pc2,push_pos_y,101,9,0,,999,0,0.28209072550669073,0.2820906490087509,4.0798901236631015e-07,0.038188880017646185,11.758731731755447,0.038188880017646185,-0.02437186148017645,,-0.0557778924703598,6.11983518549465e-08,950,0.06835697342941041,0.10447533179928692,0.045757612157309335,,,,,,,,,
PC2_B1,pc2,push_pos_y,101,10,0,,999,0,0.2668051079792135,0.2668052762746811,3.2129134723846926e-07,0.028800046508637073,11.684550381531828,0.028800046508637073,-0.009743792936205864,,-0.0404694527387619,-1.8869491821941846e-07,950,0.06373975082702012,0.09896488916993042,0.0385473904166178,,,,,,,,,
PC2_B1,pc2,push_pos_y,101,11,0,,999,0,0.27258796001819363,0.2725881487131119,2.600929953835227e-07,0.02863656065372705,11.381363296163968,0.02863656065372705,-0.032293010503053665,,-0.04124026000499725,-9.689739043699868e-08,950,0.06550368250146686,0.09633185070811001,0.039046015462801335,,,,,,,,,
PC2_B1,pc2,push_pos_y,101,12,0,,999,0,0.27487246070634874,0.2748723179101944,3.2639120989304816e-07,0.027390321914619868,12.401101304767202,0.027390321914619868,-0.0015100068412721157,,-0.03317834436893463,1.1219697840073532e-07,950,0.07051337664842611,0.09681659077537896,0.031766347510323215,,,,,,,,,
PC2_B1,pc2,push_pos_y,101,13,0,,999,0,0.27592943122680175,0.2759298086166382,1.5809574229194518e-07,0.026219323158107873,11.97091736557752,0.026219323158107873,0.004472503438591957,,-0.049937814474105835,-3.7228997378425803e-07,950,0.061141947613150074,0.10127435921735092,0.032562197839290645,,,,,,,,,
PC2_B1,pc2,push_pos_y,101,14,0,,999,0,0.2760386368170141,0.2760388255119324,1.6829546760110293e-07,0.0307088759196134,11.915323433442197,0.0307088759196134,0.010671054944396019,,-0.054616063833236694,2.600929953835227e-07,950,0.06647901021110335,0.09611073006459932,0.0348871658049967,,,,,,,,,
PC2_B1,pc2,push_pos_y,101,15,0,,999,0,0.28038009554944576,0.2803804576396942,3.2639120989304816e-07,0.025474186353122638,11.655306380635263,0.025474186353122638,0.010974263772368431,,-0.04402744770050049,-1.8359505556483956e-07,950,0.06393751627038442,0.09752776444999442,0.032338599689086034,,,,,,,,,
PC2_B1,pc2,push_pos_y,101,16,0,,999,0,0.27787638387896796,0.277877077460289,5.099862654578877e-07,0.028843062494047556,11.67351537139455,0.028843062494047556,-0.018958239816129208,,-0.0375337153673172,-3.5699038582052133e-07,950,0.06504094441228099,0.0991765513634107,0.038064491128791636,,,,,,,,,
PC2_B1,pc2,push_pos_y,101,17,0,,999,0,0.2824266547347135,0.2824270576238632,2.3459368211062835e-07,0.0283870860738686,11.513257262188073,0.0283870860738686,-0.0023250775411725044,,-0.06083156168460846,1.835950555648396e-07,950,0.0647383111150891,0.10299738779875695,0.03418637668147267,,,,,,,,,
PC2_B1,pc2,push_pos_y,101,18,0,,999,0,0.2700611200721506,0.2700618952512741,4.691873642212567e-07,0.032838390438203274,12.027548855818534,0.032838390438203274,0.012061700224876404,,-0.026671215891838074,9.179752778241978e-08,950,0.06763668585268943,0.09578330321477604,0.03857398845945948,,,,,,,,,
PC2_B1,pc2,push_pos_y,101,19,0,,999,0,0.28293106796588485,0.28293170034885406,4.640875015666778e-07,0.028249532205385754,12.429960309992218,0.028249532205385754,0.00987905915826559,,-0.04477144777774811,3.620902484751003e-07,950,0.06056539936678376,0.09452530768564131,0.03780083149641896,,,,,,,,,
PC2_B1,pc2,push_pos_y,101,20,0,,999,0,0.2763941716701589,0.2763948142528534,4.997865401487299e-07,0.027827407843616966,11.680332259916167,0.027827407843616966,0.004635591991245747,,-0.047970980405807495,-1.5299587963736629e-07,950,0.06256807280586137,0.10154787948196572,0.03437136708396831,,,,,,,,,
PC2_B1,pc2,push_pos_y,101,21,0,,999,0,0.27690494642219443,0.2769051045179367,5.456853040399399e-07,0.02438385362314515,12.376347929201398,0.02438385362314515,-0.003427097573876381,,-0.04210834205150604,-2.804924460018382e-07,950,0.06762762812643726,0.09634759556782994,0.031544577415691125,,,,,,,,,
PC2_B1,pc2,push_pos_y,101,22,0,,999,0,0.2709586023487509,0.2709587961435318,1.376962916736297e-07,0.0306211363669042,12.42944689068645,0.0306211363669042,-0.015732744708657265,,-0.030660077929496765,6.629821450952543e-08,950,0.07104120329984828,0.09824059314230327,0.03497728467447622,,,,,,,,,
PC2_B1,pc2,push_pos_y,101,23,0,,999,0,0.27589782387177575,0.275898277759552,3.569903858205214e-07,0.028887380138937966,11.960490682185021,0.028887380138937966,-0.01120540127158165,,-0.03023707866668701,-1.7339533025568182e-07,950,0.06267701525778097,0.09790568870295453,0.034432579842413776,,,,,,,,,
PC2_B1,pc2,push_pos_y,101,24,0,,999,0,0.26563245671636915,0.2656327933073044,4.028891497117313e-07,0.02453568532405913,11.911018429765743,0.02453568532405913,-0.020655760541558266,,-0.04641042649745941,1.9889464352857623e-07,950,0.0631809126760983,0.09505211487793269,0.028291130520630724,,,,,,,,,
PC2_B1,pc2,push_pos_y,101,25,0,,999,0,0.26985046801401336,0.26985083520412445,4.793870895304144e-07,0.025988069734179383,11.47121939761383,0.025988069734179383,-0.01075816061347723,,-0.03995542228221893,-4.385881882937834e-07,950,0.06708758525675297,0.09960612073503061,0.030694151566677756,,,,,,,,,
PC2_B1,pc2,push_pos_y,101,26,0,,999,0,0.26823786833388286,0.2682380825281143,2.8049244600183824e-07,0.03335876375454383,11.771577600113215,0.03335876375454383,0.010157650336623192,,-0.02495531737804413,-4.5898763891209865e-08,950,0.06056184109652502,0.09085824661665032,0.035532061651646685,,,,,,,,,
PC2_B1,pc2,push_pos_y,101,27,0,,999,0,0.2655004164114355,0.26550060510635376,1.9379478087399733e-07,0.029281364101208508,10.84511985117414,0.029281364101208508,0.004263993469066918,,-0.043196648359298706,2.957920339655749e-07,950,0.06983370205186214,0.09614435297530326,0.03557717222487894,,,,,,,,,
PC2_B1,pc2,push_pos_y,101,28,0,,999,0,0.2734387447649145,0.2734393924474716,3.7228997378425803e-07,0.03215495829804488,12.01616946539462,0.03215495829804488,-0.0037815887480974197,,-0.03820858895778656,3.7228997378425803e-07,950,0.06421732063570665,0.09436765753385756,0.03865775572352759,,,,,,,,,
PC2_B1,pc2,push_pos_y,101,29,0,,999,0,0.26789567639483486,0.2678961455821991,3.6719011112967913e-07,0.024830149670493115,11.404054959997598,0.024830149670493115,-0.0017095182556658983,,-0.013453930616378784,-2.0399450618315537e-08,950,0.06689557363357802,0.09397274801753784,0.031125390444987754,,,,,,,,,
PC2_B1,pc2,push_pos_y,101,30,0,,999,0,0.2876622581226941,0.2876626253128052,4.844869521849933e-07,0.033050258124889334,12.485104069652333,0.033050258124889334,-0.006220060167834163,,-0.05909287929534912,3.416907978567848e-07,950,0.068675980026962,0.1044519750868754,0.03987517254423714,,,,,,,,,
PC2_B1,pc2,push_pos_y,101,31,0,,999,0,0.2745823290418176,0.2745826095342636,2.5499313272894386e-07,0.02764403958304935,11.828441708532772,0.02764403958304935,-0.007002872880548239,,-0.04210375249385834,2.957920339655749e-07,950,0.06815033592036235,0.09674163329584072,0.032763101693048885,,,,,,,,,
PC2_B1,pc2,push_pos_y,202,0,0,,999,0,0.2627786214657646,0.2627793252468109,4.0798901236631015e-07,0.025650907161098073,10.229835115833199,0.025650907161098073,0.015712051652371883,,-0.029990196228027344,9.179752778241978e-08,950,0.07240105699625246,0.09038293086983863,0.03381086083114569,,,,,,,,,
PC2_B1,pc2,push_pos_y,202,1,0,,999,0,0.27302902586319866,0.2730289697647095,1.5809574229194518e-07,0.026288929768785156,11.279114845362464,0.026288929768785156,0.005946557968854904,,-0.040832579135894775,1.784951929102607e-07,950,0.06871428858459694,0.09735590716108651,0.03384974552852984,,,,,,,,,
PC2_B1,pc2,push_pos_y,202,2,0,,999,0,0.28218395442248667,0.282184362411499,2.396935447652072e-07,0.03563252328568564,11.968480594839988,0.03563252328568564,-0.011561399325728416,,-0.04468056559562683,1.8869491821941846e-07,950,0.06435902942310041,0.09946280061205642,0.038726817645250454,,,,,,,,,
PC2_B1,pc2,push_pos_y,202,3,0,,999,0,0.28351947808648176,0.28351980447769165,3.365909352022059e-07,0.031010775129740053,12.158755917950486,0.031010775129740053,-0.001944639254361391,,-0.04544839262962341,3.569903858205214e-07,950,0.06618020518236455,0.100670811326386,0.034272155462806805,,,,,,,,,
PC2_B1,pc2,push_pos_y,202,4,0,,999,0,0.28283256834203546,0.2828327417373657,2.855923086564171e-07,0.02582991961735781,12.50944767243047,0.02582991961735781,0.012594011146575212,,-0.06015455722808838,1.8359505556483956e-07,950,0.06463514572785432,0.09911066398909284,0.032921851985515324,,,,,,,,,
PC2_B1,pc2,push_pos_y,202,5,0,,999,0,0.27331136190955013,0.2733117341995239,-3.5699038582052136e-08,0.029544246896809755,11.31330370704104,0.029544246896809755,0.007167463889345527,,-0.03885549306869507,-5.864842052765709e-07,950,0.06260627764489211,0.09528898953912623,0.03667438041245811,,,,,,,,,
PC2_B1,pc2,push_pos_y,202,6,0,,999,0,0.2720901591573807,0.2720906436443329,3.31491072547627e-07,0.022129893809708055,12.177768615472555,0.022129893809708055,0.008690058253705502,,-0.04150572419166565,-8.669766512784089e-08,950,0.062140229796872025,0.09558370955441063,0.03079570611068832,,,,,,,,,
PC2_B1,pc2,push_pos_y,202,7,0,,999,0,0.2793949881498826,0.2793950289487839,3.5189052316594254e-07,0.02551535471675793,12.008654213755559,0.02551535471675793,-0.0075199236162006855,,-0.04792957007884979,9.689739043699868e-08,950,0.0629136902762304,0.10195963421320939,0.03141467122827397,,,,,,,,,
PC2_B1,pc2,push_pos_y,202,8,0,,999,0,0.27009148871834904,0.27009207010269165,3.2129134723846926e-07,0.02652926160288457,11.455092428458457,0.02652926160288457,0.0046041845344007015,,-0.02663487195968628,5.150861281124666e-07,950,0.0725640220853437,0.09127975652865268,0.03600414293988393,,,,,,,,,
PC2_B1,pc2,push_pos_y,202,9,0,,999,0,0.28160821562782323,0.28160834312438965,2.0399450618315507e-07,0.031093624796280236,12.403494745753367,0.031093624796280236,-0.006071061827242374,,-0.04646497964859009,-1.835950555648396e-07,950,0.06284869865379537,0.10153228682778105,0.036839118040249044,,,,,,,,,
PC2_B1,pc2,push_pos_y,202,10,0,,999,0,0.27866177946169746,0.2786622792482376,5.099862654578876e-07,0.026288655896785244,11.857952611283983,0.026288655896785244,0.003992822952568531,,-0.046249762177467346,6.119835185494645e-08,950,0.06750376909407244,0.09894144419840299,0.031283049561198754,,,,,,,,,
PC2_B1,pc2,push_pos_y,202,11,0,,999,0,0.27589452513717716,0.2758951932191849,7.190806342956217e-07,0.0291026342971552,12.19689804747394,0.0291026342971552,-0.01439528539776802,,-0.0343049019575119,-5.099862654578897e-09,950,0.060877168484270966,0.09611908972996835,0.03184825148718996,,,,,,,,,
PC2_B1,pc2,push_pos_y,202,12,0,,999,0,0.267924449819932,0.2679247558116913,2.1419423149231284e-07,0.03040274206720652,11.159090329356054,0.03040274206720652,-0.006176924332976341,,-0.03620493412017822,2.039945061831551e-08,950,0.0606530669428534,0.09272569881699334,0.034089992599894585,,,,,,,,,
PC2_B1,pc2,push_pos_y,202,13,0,,999,0,0.2772242135223858,0.2772245705127716,3.569903858205214e-07,0.02996102145494929,11.413809454182278,0.02996102145494929,-0.007472730241715908,,-0.03794792294502258,0.0,950,0.06201998817186166,0.09949487339359407,0.0361045872645916,,,,,,,,,
PC2_B1,pc2,push_pos_y,202,14,0,,999,0,0.26408697345996285,0.26408709585666656,2.1419423149231284e-07,0.025871394433950805,10.875373223571255,0.025871394433950805,0.010305895004421473,,-0.033218368887901306,-2.753925833472594e-07,950,0.0647714290633496,0.09101944635985412,0.03189385024375866,,,,,,,,,
PC2_B1,pc2,push_pos_y,202,15,0,,999,0,0.263985273751983,0.2639855593442917,2.855923086564171e-07,0.022927067068272786,10.752844893052725,0.022927067068272786,-0.039097683504223824,,-0.03786854445934296,4.079890123663097e-08,950,0.06654454249899962,0.09385397426993139,0.027764463817099273,,,,,,,,,
PC2_B1,pc2,push_pos_y,202,16,0,,999,0,0.2799582118019063,0.2799588441848755,5.507851666945187e-07,0.02626992079326447,11.769167317044177,0.02626992079326447,0.002125297673046589,,-0.04430660605430603,-4.997865401487299e-07,950,0.06522262561230002,0.098108068729681,0.032496020224834485,,,,,,,,,
PC2_B1,pc2,push_pos_y,202,17,0,,999,0,0.2718065971518583,0.271807000041008,1.784951929102607e-07,0.022424843230120756,11.549245222531134,0.022424843230120756,-0.013434218242764473,,-0.029059693217277527,-3.2129134723846926e-07,950,0.06759960707076805,0.0900575463555024,0.028161263236106984,,,,,,,,,
PC2_B1,pc2,push_pos_y,202,18,0,,999,0,0.27781707407000233,0.27781789004802704,2.855923086564171e-07,0.03175374621811423,11.832920383025698,0.03175374621811423,0.007690328639000654,,-0.045095160603523254,-3.1619148458389037e-07,950,0.06187137000109759,0.09949643720328034,0.03533166243998221,,,,,,,,,
PC2_B1,pc2,push_pos_y,202,19,0,,999,0,0.2850276946543372,0.2850283831357956,5.915840679311498e-07,0.027953208525542648,12.111538472332587,0.027953208525542648,0.00520657398737967,,-0.04685990512371063,-1.5299587963736629e-07,950,0.0658114908221755,0.09805599395529939,0.034296944410915096,,,,,,,,,
PC2_B1,pc2,push_pos_y,202,20,0,,999,0,0.2664596539608297,0.2664598375558853,2.2439395680147059e-07,0.024736757176750848,11.827150331495714,0.024736757176750848,-0.004481584765017033,,-0.0380740612745285,-1.0199725309157752e-07,950,0.06008849629909082,0.09196526011445298,0.032954165511891266,,,,,,,,,
PC2_B1,pc2,push_pos_y,202,21,0,,999,0,0.27826576875174114,0.2782657891511917,2.600929953835227e-07,0.033862485680589104,12.315286361254081,0.033862485680589104,0.00493590347468853,,-0.04352657496929169,-1.4789601698278744e-07,950,0.061329247842138744,0.09835944655749351,0.040282496080840134,,,,,,,,,
PC2_B1,pc2,push_pos_y,202,22,0,,999,0,0.27230643628434065,0.2723066657781601,2.447934074197861e-07,0.021984189019842726,12.00027181299839,0.021984189019842726,0.007438804022967815,,-0.03395538032054901,-3.0599175927473257e-07,950,0.06530642770616708,0.09935733725170766,0.031146905483721503,,,,,,,,,
PC2_B1,pc2,push_pos_y,202,23,0,,999,0,0.2666496290242608,0.26665037870407104,6.935813210227273e-07,0.026334048683811537,10.837132544567794,0.026334048683811537,-0.007158354856073856,,-0.01870793104171753,-3.5699038582052133e-07,950,0.07279392682729921,0.0983457758227573,0.028481360469098833,,,,,,,,,
PC2_B1,pc2,push_pos_y,202,24,0,,999,0,0.2818664780912552,0.28186696767807007,3.365909352022059e-07,0.026607987469823055,12.014575598090076,0.026607987469823055,-0.023328022100031376,,-0.047187745571136475,1.3259642901905083e-07,950,0.06279890761487457,0.0994010966285169,0.03416171158915586,,,,,,,,,
PC2_B1,pc2,push_pos_y,202,25,0,,999,0,0.2614631969182887,0.2614635080099106,3.8758956174799467e-07,0.029431096754947123,10.822954372434294,0.029431096754947123,0.004395341034978628,,-0.04235093295574188,2.0399450618315537e-08,950,0.06268185654657285,0.09359756039007147,0.03475584979704986,,,,,,,,,
PC2_B1,pc2,push_pos_y,202,26,0,,999,0,0.2849306083299259,0.2849307358264923,1.8869491821941846e-07,0.028792424380725233,12.261999059531739,0.028792424380725233,-0.013103753328323364,,-0.04463696479797363,3.569903858205215e-08,950,0.06266654104061661,0.10264486705812888,0.03349180045520639,,,,,,,,,
PC2_B1,pc2,push_pos_y,202,27,0,,999,0,0.266733132183233,0.26673342287540436,2.855923086564171e-07,0.03464868888271875,11.058428986446582,0.03464868888271875,-0.01667316909879446,,-0.038207486271858215,-4.895868148395722e-07,950,0.06163779174503896,0.0960778065968179,0.0366644591310599,,,,,,,,,
PC2_B1,pc2,push_pos_y,202,28,0,,999,0,0.2745479670437899,0.2745490074157715,4.691873642212567e-07,0.03221377515288444,11.616014303616803,0.03221377515288444,0.01634328905493021,,-0.05030328035354614,-3.8758956174799467e-07,950,0.06641344434002236,0.09894213766699321,0.03581094286380386,,,,,,,,,
PC2_B1,pc2,push_pos_y,202,29,0,,999,0,0.2788061504376763,0.2788068950176239,8.771763765875669e-07,0.031056321040515165,11.138665020508174,0.031056321040515165,-0.011349416803568602,,-0.030937522649765015,-4.079890123663102e-07,950,0.06531945382988766,0.10065982594659095,0.03636449294058537,,,,,,,,,
PC2_B1,pc2,push_pos_y,202,30,0,,999,0,0.2628370321848813,0.2628374248743057,1.9379478087399733e-07,0.026186948825792616,11.160272530600247,0.026186948825792616,-0.014812592417001724,,-0.03108517825603485,2.651928580381016e-07,950,0.06525653278275795,0.09514787550048434,0.029838204513855854,,,,,,,,,
PC2_B1,pc2,push_pos_y,202,31,0,,999,0,0.26564214000089925,0.26564276218414307,2.957920339655749e-07,0.02425824862920485,11.698359631561651,0.02425824862920485,0.002001748653128743,,-0.0253160297870636,4.079890123663102e-08,950,0.06012280554693664,0.09458201953454602,0.029767443411823444,,,,,,,,,
PC2_B1,pc2,push_pos_y,303,0,0,,999,0,0.28037996845130614,0.280380442738533,3.7228997378425803e-07,0.03944376571635111,11.275894961517107,0.03944376571635111,-0.01916827354580164,,-0.048564329743385315,-4.028891497117313e-07,950,0.0634279144512584,0.09899238233153786,0.042374209025228086,,,,,,,,,
PC2_B1,pc2,push_pos_y,303,1,0,,999,0,0.27224814326049174,0.2722485512495041,2.7539258334725935e-07,0.029934453059181396,12.028220705713988,0.029934453059181396,5.78009057790041e-05,,-0.028648778796195984,3.1619148458389037e-07,950,0.06731091527374256,0.09749654038610334,0.03551882244561152,,,,,,,,,
PC2_B1,pc2,push_pos_y,303,2,0,,999,0,0.277935121308036,0.27793535590171814,2.5499313272894386e-07,0.027989987586969065,11.850030897756161,0.027989987586969065,-0.011458158493041992,,-0.04854825139045715,3.2639120989304816e-07,950,0.062448037770101425,0.10150276739111566,0.03548335629376733,,,,,,,,,
PC2_B1,pc2,push_pos_y,303,3,0,,999,0,0.2783002324282804,0.2783011198043823,4.946866774941511e-07,0.03579447827927139,11.638863834752762,0.03579447827927139,0.004924288485199213,,-0.049497246742248535,-5.0998626545787915e-09,950,0.06438131701574967,0.10192020360990535,0.04251477586897587,,,,,,,,,
PC2_B1,pc2,push_pos_y,303,4,0,,999,0,0.28391763551987426,0.28391802310943604,5.048864028033088e-07,0.030522953405346755,12.375679629851463,0.030522953405346755,0.009017952950671315,,-0.04427832365036011,7.649793981868314e-08,950,0.06909866928014151,0.10079282313663161,0.03548418875117746,,,,,,,,,
PC2_B1,pc2,push_pos_y,303,5,0,,999,0,0.28081131188627234,0.28081199526786804,5.609848920036765e-07,0.025789104915434884,12.52104646674459,0.025789104915434884,-0.013364396523684263,,-0.04075708985328674,-5.099862654578877e-07,950,0.06626074433710205,0.09684834249388145,0.03269016476439592,,,,,,,,,
PC2_B1,pc2,push_pos_y,303,6,0,,999,0,0.2796976787043128,0.27969835698604584,4.946866774941511e-07,0.02611669241382037,12.583680923297692,0.02611669241382037,-0.008990212110802531,,-0.03688932955265045,-8.669766512784083e-08,950,0.07032973851551994,0.10178284113540036,0.03561055663639621,,,,,,,,,
PC2_B1,pc2,push_pos_y,303,7,0,,999,0,0.2796118884163107,0.27961254119873047,4.997865401487299e-07,0.03044206722172997,11.509330536710216,0.03044206722172997,-0.019362207502126694,,-0.026036858558654785,-3.059917592747328e-08,950,0.06277493493452692,0.09615368842408295,0.03477391436998284,,,,,,,,,
PC2_B1,pc2,push_pos_y,303,8,0,,999,0,0.27512561565733207,0.2751256972551346,4.4878791360294117e-07,0.027625951292496967,12.084832022765283,0.027625951292496967,0.012686331756412983,,-0.051990583539009094,4.283884629846257e-07,950,0.06378839777227978,0.09743382168763533,0.03625701996261519,,,,,,,,,
PC2_B1,pc2,push_pos_y,303,9,0,,999,0,0.27897725082973746,0.2789776027202606,3.977892870571524e-07,0.02944337191205717,12.004468232963372,0.02944337191205717,-0.02135919127613306,,-0.03954392671585083,1.2239670370989306e-07,950,0.07125919633859369,0.10151110202271776,0.03206242437685985,,,,,,,,,
PC2_B1,pc2,push_pos_y,303,10,0,,999,0,0.27388994993373034,0.2738906741142273,5.252858534216243e-07,0.03284818589129253,11.006205010036847,0.03284818589129253,0.02004598267376423,,-0.04131150245666504,-4.130888750208891e-07,950,0.06084565320541469,0.09943539898586527,0.03793565020961833,,,,,,,,,
PC2_B1,pc2,push_pos_y,303,11,0,,999,0,0.2708243145184084,0.2708248347043991,3.824896990934158e-07,0.027332357734137946,11.775101077140436,0.027332357734137946,-0.014932099729776382,,-0.034021154046058655,7.64979398186832e-08,950,0.059125738971123006,0.09587830934092967,0.031291626100426746,,,,,,,,,
PC2_B1,pc2,push_pos_y,303,12,0,,999,0,0.2797970594888065,0.27979716658592224,2.702927206926805e-07,0.028371533709968148,11.711203878434056,0.028371533709968148,-0.028440832160413265,,-0.04915681481361389,1.0709711574615645e-07,950,0.06385489338593968,0.09976410193452781,0.031025494862973034,,,,,,,,,
PC2_B1,pc2,push_pos_y,303,13,0,,999,0,0.2771074677055532,0.2771076411008835,3.7228997378425803e-07,0.030690417514515643,12.311386651340472,0.030690417514515643,-0.011088013648986816,,-0.03822152316570282,-2.1929409414689174e-07,950,0.0650018335844899,0.09872030363076312,0.03333755533737556,,,,,,,,,
PC2_B1,pc2,push_pos_y,303,14,0,,999,0,0.26425647632004745,0.264257088303566,3.1109162192931147e-07,0.0223693717095333,10.181523665482292,0.0223693717095333,0.0034965797676704824,,-0.035019323229789734,4.3348832563920453e-07,950,0.06859299772117487,0.09746619133753052,0.025710507771969104,,,,,,,,,
PC2_B1,pc2,push_pos_y,303,15,0,,999,0,0.28569213121651327,0.2856926769018173,3.7228997378425803e-07,0.028068976342317673,12.299545414300837,0.028068976342317673,0.0027726013213396072,,-0.06416977941989899,1.529958796373664e-08,950,0.06476620000023801,0.10135207273892397,0.03358459421157357,,,,,,,,,
PC2_B1,pc2,push_pos_y,303,16,0,,999,0,0.2728474868491372,0.2728477418422699,3.365909352022059e-07,0.028057717458482526,12.339168564672793,0.028057717458482526,-0.0060116443783044815,,-0.02974948287010193,-2.5499313272894386e-07,950,0.06778894209706829,0.09158158630070964,0.03361399106177369,,,,,,,,,
PC2_B1,pc2,push_pos_y,303,17,0,,999,0,0.26838822607050605,0.26838862895965576,3.569903858205214e-07,0.029420271132895928,11.461762805529036,0.029420271132895928,-0.021471792832016945,,-0.034496188163757324,1.2239670370989303e-07,950,0.062437086313463404,0.09592919670781745,0.03872680478469004,,,,,,,,,
PC2_B1,pc2,push_pos_y,303,18,0,,999,0,0.2703978422491308,0.27039802074432373,2.0399450618315507e-07,0.02697830131233033,11.224992606978784,0.02697830131233033,-0.0219498872756958,,-0.0344713032245636,-5.099862654578879e-08,950,0.06308223740493983,0.09696150791471236,0.035839968000910015,,,,,,,,,
PC2_B1,pc2,push_pos_y,303,19,0,,999,0,0.2618986713216904,0.2618986815214157,2.855923086564171e-07,0.03707028156755071,10.379719392864155,0.03707028156755071,0.014845142606645823,,-0.033461228013038635,1.0199725309157752e-07,950,0.06677455025433192,0.09755703233938852,0.03863561007975487,,,,,,,,,
PC2_B1,pc2,push_pos_y,303,20,0,,999,0,0.2634050957659349,0.26340562105178833,4.9978654014873e-07,0.02896712443622213,11.12250514318302,0.02896712443622213,-0.002029645722359419,,-0.03790640830993652,-2.651928580381015e-07,950,0.0672400599923894,0.09321816636722825,0.03453621239545774,,,,,,,,,
PC2_B1,pc2,push_pos_y,303,21,0,,999,0,0.27571988950438675,0.2757203280925751,5.609848920036765e-07,0.028400197696719934,11.940707762033043,0.028400197696719934,-0.01411856384947896,,-0.04493233561515808,6.119835185494656e-08,950,0.06274318647282538,0.09862687890337517,0.03737796106273452,,,,,,,,,
PC2_B1,pc2,push_pos_y,303,22,0,,999,0,0.28189195381766335,0.2818928360939026,4.997865401487299e-07,0.03666424873883245,11.173585696665862,0.03666424873883245,0.0019981281948275864,,-0.059106290340423584,-3.875895617479947e-07,950,0.06569385422450096,0.09711569258644889,0.03997045999264215,,,,,,,,,
PC2_B1,pc2,push_pos_y,303,23,0,,999,0,0.2754253930745916,0.275425061583519,-1.8869491821941846e-07,0.03102654726945949,11.610051048701434,0.03102654726945949,-0.011081012431532145,,-0.04051579535007477,-1.988946435285762e-07,950,0.06156223038589298,0.09535213332597878,0.03633048363290148,,,,,,,,,
PC2_B1,pc2,push_pos_y,303,24,0,,999,0,0.2805712531435298,0.2805715948343277,2.1929409414689171e-07,0.0315322282529809,11.382589978702002,0.0315322282529809,-0.010762609541416168,,-0.04772152006626129,2.2949381945604946e-07,950,0.061799669361558424,0.0982135705854166,0.03232501924722089,,,,,,,,,
PC2_B1,pc2,push_pos_y,303,25,0,,999,0,0.27297280115239764,0.2729734182357788,5.558850293490976e-07,0.031509919723689855,11.576709782158737,0.031509919723689855,-0.018521944992244244,,-0.048364609479904175,7.649793981868314e-08,950,0.06024418472703685,0.09833275877395073,0.03739826458754151,,,,,,,,,
PC2_B1,pc2,push_pos_y,303,26,0,,999,0,0.27201769959161626,0.2720180004835129,3.8758956174799467e-07,0.029346596649634793,10.423980112718883,0.029346596649634793,-0.008297630120068789,,-0.04147045314311981,-5.099862654578876e-08,950,0.06379296199220677,0.10230416033495876,0.030772423861563664,,,,,,,,,
PC2_B1,pc2,push_pos_y,303,27,0,,999,0,0.27254376699898974,0.27254419028759,6.62982145095254e-07,0.03149834694892853,11.861558691809291,0.03149834694892853,0.0019268649630248547,,-0.031006619334220886,-7.44579947568516e-07,950,0.06329268510704801,0.0945920075256892,0.04077098633567812,,,,,,,,,
PC2_B1,pc2,push_pos_y,303,28,0,,999,0,0.28365878346450824,0.28365932404994965,2.651928580381016e-07,0.028344568358380742,12.17720222598317,0.028344568358380742,-0.018710891716182232,,-0.050674572587013245,-1.8359505556483956e-07,950,0.06114029999018694,0.10207006142244722,0.037179702374078166,,,,,,,,,
PC2_B1,pc2,push_pos_y,303,29,0,,999,0,0.2809850328108844,0.28098559379577637,6.272831065132018e-07,0.030889918158318944,11.958883909460523,0.030889918158318944,0.0416032150387764,,-0.05198448896408081,-5.558850293490977e-07,950,0.0669658275412275,0.10128787662585474,0.04020808297525575,,,,,,,,,
PC2_B1,pc2,push_pos_y,303,30,0,,999,0,0.2716766072307678,0.27167709171772003,3.2129134723846926e-07,0.026257455545395457,11.42916681104321,0.026257455545395457,-0.002796278800815344,,-0.02765028178691864,-2.600929953835227e-07,950,0.06468650699969705,0.09905817715493487,0.03517154990900291,,,,,,,,,
PC2_B1,pc2,push_pos_y,303,31,0,,999,0,0.26722297327403716,0.26722344756126404,3.926894244025735e-07,0.031297797030211155,11.876375529185097,0.031297797030211155,0.0065581954549998045,,-0.03185582160949707,-6.068836558948864e-07,950,0.06414704632249267,0.09795434508378001,0.03590863354555119,,,,,,,,,
PC2_B1,pc2,push_neg_y,101,0,0,,999,0,0.26969139803858366,0.26969195902347565,9.689739043699865e-08,0.03190128142440477,11.35560020644391,0.03190128142440477,0.011417853645980358,,-0.04880179464817047,1.7849519291026067e-07,950,0.07144097189263474,0.09906044023952357,0.03416082299767401,,,,,,,,,
PC2_B1,pc2,push_neg_y,101,1,0,,999,0,0.2843957922675393,0.28439605236053467,2.49893270074365e-07,0.02975299103436931,12.502737136154622,0.02975299103436931,0.005237641744315624,,-0.05163899064064026,7.64979398186832e-08,950,0.07198275008261501,0.10308273700498555,0.03737363389234796,,,,,,,,,
PC2_B1,pc2,push_neg_y,101,2,0,,999,0,0.2649275109092182,0.26492810249328613,3.263912098930481e-07,0.031471640316967094,10.833899051716628,0.031471640316967094,0.0034755792003124952,,-0.023713350296020508,2.0399450618315484e-08,950,0.067101624697051,0.09595821809777191,0.035472489813948446,,,,,,,,,
PC2_B1,pc2,push_neg_y,101,3,0,,999,0,0.28710510960237223,0.2871054410934448,3.6719011112967913e-07,0.03308187650344112,12.128974683039855,0.03308187650344112,0.020253928378224373,,-0.05294191837310791,-3.6719011112967913e-07,950,0.06261219743818194,0.10013841355322059,0.03765135393011853,,,,,,,,,
PC2_B1,pc2,push_neg_y,101,4,0,,999,0,0.2676278128821582,0.26762790977954865,9.689739043699865e-08,0.028867512018243516,11.237766022681573,0.028867512018243516,0.004479722119867802,,-0.031108781695365906,-1.1729684105531419e-07,950,0.07027582942047243,0.09502204754178276,0.034590801265363645,,,,,,,,,
PC2_B1,pc2,push_neg_y,101,5,0,,999,0,0.2830728528333858,0.28307366371154785,2.49893270074365e-07,0.034914367730589715,11.91108434318523,0.034914367730589715,0.03438148275017738,,-0.04891976714134216,-6.629821450952535e-08,950,0.06101790168336196,0.0987199435497619,0.04056133934941388,,,,,,,,,
PC2_B1,pc2,push_neg_y,101,6,0,,999,0,0.2806320008747081,0.2806323170661926,3.263912098930481e-07,0.035170751356700426,11.314812218893366,0.035170751356700426,-0.020318949595093727,,-0.04506680369377136,-2.5499313272894386e-07,950,0.060042767467883645,0.09946547421602181,0.04176724279576605,,,,,,,,,
PC2_B1,pc2,push_neg_y,101,7,0,,999,0,0.28036329126294285,0.28036387264728546,2.957920339655749e-07,0.03334058140564905,12.042541987293294,0.03334058140564905,-0.00779479555785656,,-0.043749287724494934,-3.6719011112967913e-07,950,0.06134373655335829,0.10096127217957124,0.0370097683674536,,,,,,,,,
PC2_B1,pc2,push_neg_y,101,8,0,,999,0,0.2739844430576671,0.27398478984832764,3.7228997378425803e-07,0.028309643099362986,11.369130416309476,0.028309643099362986,0.0019807331264019012,,-0.04052814841270447,1.529958796373664e-08,950,0.06603530123300355,0.09688953644646121,0.033793141717735016,,,,,,,,,
PC2_B1,pc2,push_neg_y,101,9,0,,999,0,0.28209072550669073,0.2820906490087509,4.0798901236631015e-07,0.038188880017646185,11.758731731755447,0.038188880017646185,-0.02437186148017645,,-0.0557778924703598,6.11983518549465e-08,950,0.06216265760093128,0.10409151742854221,0.045757612157309335,,,,,,,,,
PC2_B1,pc2,push_neg_y,101,10,0,,999,0,0.2668051079792135,0.2668052762746811,3.2129134723846926e-07,0.028800046508637073,11.684550381531828,0.028800046508637073,-0.009743792936205864,,-0.0404694527387619,-1.8869491821941846e-07,950,0.0661650198598022,0.0953203438459838,0.0385473904166178,,,,,,,,,
PC2_B1,pc2,push_neg_y,101,11,0,,999,0,0.27258796001819363,0.2725881487131119,2.600929953835227e-07,0.02863656065372705,11.381363296163968,0.02863656065372705,-0.032293010503053665,,-0.04124026000499725,-9.689739043699868e-08,950,0.06090485520962077,0.09778549955161507,0.039046015462801335,,,,,,,,,
PC2_B1,pc2,push_neg_y,101,12,0,,999,0,0.27487246070634874,0.2748723179101944,3.2639120989304816e-07,0.027390321914619868,12.401101304767202,0.027390321914619868,-0.0015100068412721157,,-0.03317834436893463,1.1219697840073532e-07,950,0.06881907173288003,0.09571822507142899,0.031766347510323215,,,,,,,,,
PC2_B1,pc2,push_neg_y,101,13,0,,999,0,0.27592943122680175,0.2759298086166382,1.5809574229194518e-07,0.026219323158107873,11.97091736557752,0.026219323158107873,0.004472503438591957,,-0.049937814474105835,-3.7228997378425803e-07,950,0.06270987403504398,0.10080556398258406,0.032562197839290645,,,,,,,,,
PC2_B1,pc2,push_neg_y,101,14,0,,999,0,0.2760386368170141,0.2760388255119324,1.6829546760110293e-07,0.0307088759196134,11.915323433442197,0.0307088759196134,0.010671054944396019,,-0.054616063833236694,2.600929953835227e-07,950,0.06968926952323466,0.09863980776718388,0.0348871658049967,,,,,,,,,
PC2_B1,pc2,push_neg_y,101,15,0,,999,0,0.28038009554944576,0.2803804576396942,3.2639120989304816e-07,0.025474186353122638,11.655306380635263,0.025474186353122638,0.010974263772368431,,-0.04402744770050049,-1.8359505556483956e-07,950,0.07022586856684677,0.09973526363966566,0.032338599689086034,,,,,,,,,
PC2_B1,pc2,push_neg_y,101,16,0,,999,0,0.27787638387896796,0.277877077460289,5.099862654578877e-07,0.028843062494047556,11.67351537139455,0.028843062494047556,-0.018958239816129208,,-0.0375337153673172,-3.5699038582052133e-07,950,0.06899308223607117,0.09926453677612376,0.038064491128791636,,,,,,,,,
PC2_B1,pc2,push_neg_y,101,17,0,,999,0,0.2824266547347135,0.2824270576238632,2.3459368211062835e-07,0.0283870860738686,11.513257262188073,0.0283870860738686,-0.0023250775411725044,,-0.06083156168460846,1.835950555648396e-07,950,0.06873275629623249,0.10162442668211205,0.03418637668147267,,,,,,,,,
PC2_B1,pc2,push_neg_y,101,18,0,,999,0,0.2700611200721506,0.2700618952512741,4.691873642212567e-07,0.032838390438203274,12.027548855818534,0.032838390438203274,0.012061700224876404,,-0.026671215891838074,9.179752778241978e-08,950,0.06611592780437676,0.094330286504808,0.03857398845945948,,,,,,,,,
PC2_B1,pc2,push_neg_y,101,19,0,,999,0,0.28293106796588485,0.28293170034885406,4.640875015666778e-07,0.028249532205385754,12.429960309992218,0.028249532205385754,0.00987905915826559,,-0.04477144777774811,3.620902484751003e-07,950,0.062463468123886846,0.09557363144787043,0.03780083149641896,,,,,,,,,
PC2_B1,pc2,push_neg_y,101,20,0,,999,0,0.2763941716701589,0.2763948142528534,4.997865401487299e-07,0.027827407843616966,11.680332259916167,0.027827407843616966,0.004635591991245747,,-0.047970980405807495,-1.5299587963736629e-07,950,0.0645155829173103,0.1022544849163321,0.03437136708396831,,,,,,,,,
PC2_B1,pc2,push_neg_y,101,21,0,,999,0,0.27690494642219443,0.2769051045179367,5.456853040399399e-07,0.02438385362314515,12.376347929201398,0.02438385362314515,-0.003427097573876381,,-0.04210834205150604,-2.804924460018382e-07,950,0.06992253296361496,0.09843760431637784,0.031544577415691125,,,,,,,,,
PC2_B1,pc2,push_neg_y,101,22,0,,999,0,0.2709586023487509,0.2709587961435318,1.376962916736297e-07,0.0306211363669042,12.42944689068645,0.0306211363669042,-0.015732744708657265,,-0.030660077929496765,6.629821450952543e-08,950,0.06710314755964958,0.09625373659360495,0.03497728467447622,,,,,,,,,
PC2_B1,pc2,push_neg_y,101,23,0,,999,0,0.27589782387177575,0.275898277759552,3.569903858205214e-07,0.028887380138937966,11.960490682185021,0.028887380138937966,-0.01120540127158165,,-0.03023707866668701,-1.7339533025568182e-07,950,0.06168684440959707,0.09574573101125561,0.034432579842413776,,,,,,,,,
PC2_B1,pc2,push_neg_y,101,24,0,,999,0,0.26563245671636915,0.2656327933073044,4.028891497117313e-07,0.02453568532405913,11.911018429765743,0.02453568532405913,-0.020655760541558266,,-0.04641042649745941,1.9889464352857623e-07,950,0.06201697650612001,0.0935052533793846,0.028291130520630724,,,,,,,,,
PC2_B1,pc2,push_neg_y,101,25,0,,999,0,0.26985046801401336,0.26985083520412445,4.793870895304144e-07,0.025988069734179383,11.47121939761383,0.025988069734179383,-0.01075816061347723,,-0.03995542228221893,-4.385881882937834e-07,950,0.0716357812655852,0.09532626653132734,0.030694151566677756,,,,,,,,,
PC2_B1,pc2,push_neg_y,101,26,0,,999,0,0.26823786833388286,0.2682380825281143,2.8049244600183824e-07,0.03335876375454383,11.771577600113215,0.03335876375454383,0.010157650336623192,,-0.02495531737804413,-4.5898763891209865e-08,950,0.06727713043445849,0.09814916594901828,0.035532061651646685,,,,,,,,,
PC2_B1,pc2,push_neg_y,101,27,0,,999,0,0.2655004164114355,0.26550060510635376,1.9379478087399733e-07,0.029281364101208508,10.84511985117414,0.029281364101208508,0.004263993469066918,,-0.043196648359298706,2.957920339655749e-07,950,0.06293076133395263,0.09751962896380421,0.03557717222487894,,,,,,,,,
PC2_B1,pc2,push_neg_y,101,28,0,,999,0,0.2734387447649145,0.2734393924474716,3.7228997378425803e-07,0.03215495829804488,12.01616946539462,0.03215495829804488,-0.0037815887480974197,,-0.03820858895778656,3.7228997378425803e-07,950,0.06994418140276269,0.09505849818238503,0.03865775572352759,,,,,,,,,
PC2_B1,pc2,push_neg_y,101,29,0,,999,0,0.26789567639483486,0.2678961455821991,3.6719011112967913e-07,0.024830149670493115,11.404054959997598,0.024830149670493115,-0.0017095182556658983,,-0.013453930616378784,-2.0399450618315537e-08,950,0.06687821161852796,0.09532739410571713,0.031125390444987754,,,,,,,,,
PC2_B1,pc2,push_neg_y,101,30,0,,999,0,0.2876622581226941,0.2876626253128052,4.844869521849933e-07,0.033050258124889334,12.485104069652333,0.033050258124889334,-0.006220060167834163,,-0.05909287929534912,3.416907978567848e-07,950,0.06414165162842406,0.10248701970999129,0.03987517254423714,,,,,,,,,
PC2_B1,pc2,push_neg_y,101,31,0,,999,0,0.2745823290418176,0.2745826095342636,2.5499313272894386e-07,0.02764403958304935,11.828441708532772,0.02764403958304935,-0.007002872880548239,,-0.04210375249385834,2.957920339655749e-07,950,0.06390123622339053,0.09715925502903375,0.032763101693048885,,,,,,,,,
PC2_B1,pc2,push_neg_y,202,0,0,,999,0,0.2627786214657646,0.2627793252468109,4.0798901236631015e-07,0.025650907161098073,10.229835115833199,0.025650907161098073,0.015712051652371883,,-0.029990196228027344,9.179752778241978e-08,950,0.0652351301282693,0.09231284647007997,0.03381086083114569,,,,,,,,,
PC2_B1,pc2,push_neg_y,202,1,0,,999,0,0.27302902586319866,0.2730289697647095,1.5809574229194518e-07,0.026288929768785156,11.279114845362464,0.026288929768785156,0.005946557968854904,,-0.040832579135894775,1.784951929102607e-07,950,0.06382364042614065,0.09507375650229775,0.03384974552852984,,,,,,,,,
PC2_B1,pc2,push_neg_y,202,2,0,,999,0,0.28218395442248667,0.282184362411499,2.396935447652072e-07,0.03563252328568564,11.968480594839988,0.03563252328568564,-0.011561399325728416,,-0.04468056559562683,1.8869491821941846e-07,950,0.06374504462152607,0.09683497566620124,0.038726817645250454,,,,,,,,,
PC2_B1,pc2,push_neg_y,202,3,0,,999,0,0.28351947808648176,0.28351980447769165,3.365909352022059e-07,0.031010775129740053,12.158755917950486,0.031010775129740053,-0.001944639254361391,,-0.04544839262962341,3.569903858205214e-07,950,0.0652721974279836,0.10153110677499047,0.034272155462806805,,,,,,,,,
PC2_B1,pc2,push_neg_y,202,4,0,,999,0,0.28283256834203546,0.2828327417373657,2.855923086564171e-07,0.02582991961735781,12.50944767243047,0.02582991961735781,0.012594011146575212,,-0.06015455722808838,1.8359505556483956e-07,950,0.06552553077688736,0.0990684561617925,0.032921851985515324,,,,,,,,,
PC2_B1,pc2,push_neg_y,202,5,0,,999,0,0.27331136190955013,0.2733117341995239,-3.5699038582052136e-08,0.029544246896809755,11.31330370704104,0.029544246896809755,0.007167463889345527,,-0.03885549306869507,-5.864842052765709e-07,950,0.06274612974794845,0.09512497056736754,0.03667438041245811,,,,,,,,,
PC2_B1,pc2,push_neg_y,202,6,0,,999,0,0.2720901591573807,0.2720906436443329,3.31491072547627e-07,0.022129893809708055,12.177768615472555,0.022129893809708055,0.008690058253705502,,-0.04150572419166565,-8.669766512784089e-08,950,0.059160977981877035,0.09379314769139772,0.03079570611068832,,,,,,,,,
PC2_B1,pc2,push_neg_y,202,7,0,,999,0,0.2793949881498826,0.2793950289487839,3.5189052316594254e-07,0.02551535471675793,12.008654213755559,0.02551535471675793,-0.0075199236162006855,,-0.04792957007884979,9.689739043699868e-08,950,0.06779256803993326,0.10367938643022061,0.03141467122827397,,,,,,,,,
PC2_B1,pc2,push_neg_y,202,8,0,,999,0,0.27009148871834904,0.27009207010269165,3.2129134723846926e-07,0.02652926160288457,11.455092428458457,0.02652926160288457,0.0046041845344007015,,-0.02663487195968628,5.150861281124666e-07,950,0.06365321199481358,0.09518664678544958,0.03600414293988393,,,,,,,,,
PC2_B1,pc2,push_neg_y,202,9,0,,999,0,0.28160821562782323,0.28160834312438965,2.0399450618315507e-07,0.031093624796280236,12.403494745753367,0.031093624796280236,-0.006071061827242374,,-0.04646497964859009,-1.835950555648396e-07,950,0.06806252735287892,0.10080183374568821,0.036839118040249044,,,,,,,,,
PC2_B1,pc2,push_neg_y,202,10,0,,999,0,0.27866177946169746,0.2786622792482376,5.099862654578876e-07,0.026288655896785244,11.857952611283983,0.026288655896785244,0.003992822952568531,,-0.046249762177467346,6.119835185494645e-08,950,0.066956599030177,0.09973952896268708,0.031283049561198754,,,,,,,,,
PC2_B1,pc2,push_neg_y,202,11,0,,999,0,0.27589452513717716,0.2758951932191849,7.190806342956217e-07,0.0291026342971552,12.19689804747394,0.0291026342971552,-0.01439528539776802,,-0.0343049019575119,-5.099862654578897e-09,950,0.06329656386982496,0.09328627591126723,0.03184825148718996,,,,,,,,,
PC2_B1,pc2,push_neg_y,202,12,0,,999,0,0.267924449819932,0.2679247558116913,2.1419423149231284e-07,0.03040274206720652,11.159090329356054,0.03040274206720652,-0.006176924332976341,,-0.03620493412017822,2.039945061831551e-08,950,0.06353444842394058,0.095162741112718,0.034089992599894585,,,,,,,,,
PC2_B1,pc2,push_neg_y,202,13,0,,999,0,0.2772242135223858,0.2772245705127716,3.569903858205214e-07,0.02996102145494929,11.413809454182278,0.02996102145494929,-0.007472730241715908,,-0.03794792294502258,0.0,950,0.07332495096360714,0.10165443433474691,0.0361045872645916,,,,,,,,,
PC2_B1,pc2,push_neg_y,202,14,0,,999,0,0.26408697345996285,0.26408709585666656,2.1419423149231284e-07,0.025871394433950805,10.875373223571255,0.025871394433950805,0.010305895004421473,,-0.033218368887901306,-2.753925833472594e-07,950,0.061591676213876276,0.09281131545854164,0.03189385024375866,,,,,,,,,
PC2_B1,pc2,push_neg_y,202,15,0,,999,0,0.263985273751983,0.2639855593442917,2.855923086564171e-07,0.022927067068272786,10.752844893052725,0.022927067068272786,-0.039097683504223824,,-0.03786854445934296,4.079890123663097e-08,950,0.06341191493900203,0.09414567734075897,0.027764463817099273,,,,,,,,,
PC2_B1,pc2,push_neg_y,202,16,0,,999,0,0.2799582118019063,0.2799588441848755,5.507851666945187e-07,0.02626992079326447,11.769167317044177,0.02626992079326447,0.002125297673046589,,-0.04430660605430603,-4.997865401487299e-07,950,0.06341394567314526,0.09869372515226432,0.032496020224834485,,,,,,,,,
PC2_B1,pc2,push_neg_y,202,17,0,,999,0,0.2718065971518583,0.271807000041008,1.784951929102607e-07,0.022424843230120756,11.549245222531134,0.022424843230120756,-0.013434218242764473,,-0.029059693217277527,-3.2129134723846926e-07,950,0.06257483056471888,0.09128844170300818,0.028161263236106984,,,,,,,,,
PC2_B1,pc2,push_neg_y,202,18,0,,999,0,0.27781707407000233,0.27781789004802704,2.855923086564171e-07,0.03175374621811423,11.832920383025698,0.03175374621811423,0.007690328639000654,,-0.045095160603523254,-3.1619148458389037e-07,950,0.06818386874672965,0.09797135540597471,0.03533166243998221,,,,,,,,,
PC2_B1,pc2,push_neg_y,202,19,0,,999,0,0.2850276946543372,0.2850283831357956,5.915840679311498e-07,0.027953208525542648,12.111538472332587,0.027953208525542648,0.00520657398737967,,-0.04685990512371063,-1.5299587963736629e-07,950,0.0614671821723272,0.095943051533037,0.034296944410915096,,,,,,,,,
PC2_B1,pc2,push_neg_y,202,20,0,,999,0,0.2664596539608297,0.2664598375558853,2.2439395680147059e-07,0.024736757176750848,11.827150331495714,0.024736757176750848,-0.004481584765017033,,-0.0380740612745285,-1.0199725309157752e-07,950,0.06469888520311969,0.09406443141907017,0.032954165511891266,,,,,,,,,
PC2_B1,pc2,push_neg_y,202,21,0,,999,0,0.27826576875174114,0.2782657891511917,2.600929953835227e-07,0.033862485680589104,12.315286361254081,0.033862485680589104,0.00493590347468853,,-0.04352657496929169,-1.4789601698278744e-07,950,0.0629640904602755,0.09704549140309322,0.040282496080840134,,,,,,,,,
PC2_B1,pc2,push_neg_y,202,22,0,,999,0,0.27230643628434065,0.2723066657781601,2.447934074197861e-07,0.021984189019842726,12.00027181299839,0.021984189019842726,0.007438804022967815,,-0.03395538032054901,-3.0599175927473257e-07,950,0.06795364963259773,0.09817906525402074,0.031146905483721503,,,,,,,,,
PC2_B1,pc2,push_neg_y,202,23,0,,999,0,0.2666496290242608,0.26665037870407104,6.935813210227273e-07,0.026334048683811537,10.837132544567794,0.026334048683811537,-0.007158354856073856,,-0.01870793104171753,-3.5699038582052133e-07,950,0.06526942090105416,0.09494060752531193,0.028481360469098833,,,,,,,,,
PC2_B1,pc2,push_neg_y,202,24,0,,999,0,0.2818664780912552,0.28186696767807007,3.365909352022059e-07,0.026607987469823055,12.014575598090076,0.026607987469823055,-0.023328022100031376,,-0.047187745571136475,1.3259642901905083e-07,950,0.07027457272930468,0.10133098433243858,0.03416171158915586,,,,,,,,,
PC2_B1,pc2,push_neg_y,202,25,0,,999,0,0.2614631969182887,0.2614635080099106,3.8758956174799467e-07,0.029431096754947123,10.822954372434294,0.029431096754947123,0.004395341034978628,,-0.04235093295574188,2.0399450618315537e-08,950,0.06075535886973654,0.09582363105094541,0.03475584979704986,,,,,,,,,
PC2_B1,pc2,push_neg_y,202,26,0,,999,0,0.2849306083299259,0.2849307358264923,1.8869491821941846e-07,0.028792424380725233,12.261999059531739,0.028792424380725233,-0.013103753328323364,,-0.04463696479797363,3.569903858205215e-08,950,0.06094577509386621,0.10306444440105729,0.03349180045520639,,,,,,,,,
PC2_B1,pc2,push_neg_y,202,27,0,,999,0,0.266733132183233,0.26673342287540436,2.855923086564171e-07,0.03464868888271875,11.058428986446582,0.03464868888271875,-0.01667316909879446,,-0.038207486271858215,-4.895868148395722e-07,950,0.06284360402148782,0.09459611283491849,0.0366644591310599,,,,,,,,,
PC2_B1,pc2,push_neg_y,202,28,0,,999,0,0.2745479670437899,0.2745490074157715,4.691873642212567e-07,0.03221377515288444,11.616014303616803,0.03221377515288444,0.01634328905493021,,-0.05030328035354614,-3.8758956174799467e-07,950,0.06593957457099228,0.09853050214994286,0.03581094286380386,,,,,,,,,
PC2_B1,pc2,push_neg_y,202,29,0,,999,0,0.2788061504376763,0.2788068950176239,8.771763765875669e-07,0.031056321040515165,11.138665020508174,0.031056321040515165,-0.011349416803568602,,-0.030937522649765015,-4.079890123663102e-07,950,0.06328207535854631,0.09893937075573847,0.03636449294058537,,,,,,,,,
PC2_B1,pc2,push_neg_y,202,30,0,,999,0,0.2628370321848813,0.2628374248743057,1.9379478087399733e-07,0.026186948825792616,11.160272530600247,0.026186948825792616,-0.014812592417001724,,-0.03108517825603485,2.651928580381016e-07,950,0.06741784345280129,0.09385194214955818,0.029838204513855854,,,,,,,,,
PC2_B1,pc2,push_neg_y,202,31,0,,999,0,0.26564214000089925,0.26564276218414307,2.957920339655749e-07,0.02425824862920485,11.698359631561651,0.02425824862920485,0.002001748653128743,,-0.0253160297870636,4.079890123663102e-08,950,0.06187736255900162,0.09617421692238531,0.029767443411823444,,,,,,,,,
PC2_B1,pc2,push_neg_y,303,0,0,,999,0,0.28037996845130614,0.280380442738533,3.7228997378425803e-07,0.03944376571635111,11.275894961517107,0.03944376571635111,-0.01916827354580164,,-0.048564329743385315,-4.028891497117313e-07,950,0.06273464330831706,0.09790415412859746,0.042374209025228086,,,,,,,,,
PC2_B1,pc2,push_neg_y,303,1,0,,999,0,0.27224814326049174,0.2722485512495041,2.7539258334725935e-07,0.029934453059181396,12.028220705713988,0.029934453059181396,5.78009057790041e-05,,-0.028648778796195984,3.1619148458389037e-07,950,0.06929745265579894,0.09833506040924675,0.03551882244561152,,,,,,,,,
PC2_B1,pc2,push_neg_y,303,2,0,,999,0,0.277935121308036,0.27793535590171814,2.5499313272894386e-07,0.027989987586969065,11.850030897756161,0.027989987586969065,-0.011458158493041992,,-0.04854825139045715,3.2639120989304816e-07,950,0.0634953331307743,0.09889840696215188,0.03548335629376733,,,,,,,,,
PC2_B1,pc2,push_neg_y,303,3,0,,999,0,0.2783002324282804,0.2783011198043823,4.946866774941511e-07,0.03579447827927139,11.638863834752762,0.03579447827927139,0.004924288485199213,,-0.049497246742248535,-5.0998626545787915e-09,950,0.06321920043643413,0.10125754662458188,0.04251477586897587,,,,,,,,,
PC2_B1,pc2,push_neg_y,303,4,0,,999,0,0.28391763551987426,0.28391802310943604,5.048864028033088e-07,0.030522953405346755,12.375679629851463,0.030522953405346755,0.009017952950671315,,-0.04427832365036011,7.649793981868314e-08,950,0.06534865312452141,0.09798228099730455,0.03548418875117746,,,,,,,,,
PC2_B1,pc2,push_neg_y,303,5,0,,999,0,0.28081131188627234,0.28081199526786804,5.609848920036765e-07,0.025789104915434884,12.52104646674459,0.025789104915434884,-0.013364396523684263,,-0.04075708985328674,-5.099862654578877e-07,950,0.06761184165694017,0.0984595054285016,0.03269016476439592,,,,,,,,,
PC2_B1,pc2,push_neg_y,303,6,0,,999,0,0.2796976787043128,0.27969835698604584,4.946866774941511e-07,0.02611669241382037,12.583680923297692,0.02611669241382037,-0.008990212110802531,,-0.03688932955265045,-8.669766512784083e-08,950,0.06554260155291419,0.09874867458956793,0.03561055663639621,,,,,,,,,
PC2_B1,pc2,push_neg_y,303,7,0,,999,0,0.2796118884163107,0.27961254119873047,4.997865401487299e-07,0.03044206722172997,11.509330536710216,0.03044206722172997,-0.019362207502126694,,-0.026036858558654785,-3.059917592747328e-08,950,0.06594773666388729,0.09821135390806872,0.03477391436998284,,,,,,,,,
PC2_B1,pc2,push_neg_y,303,8,0,,999,0,0.27512561565733207,0.2751256972551346,4.4878791360294117e-07,0.027625951292496967,12.084832022765283,0.027625951292496967,0.012686331756412983,,-0.051990583539009094,4.283884629846257e-07,950,0.06339740926363342,0.0985319933500827,0.03625701996261519,,,,,,,,,
PC2_B1,pc2,push_neg_y,303,9,0,,999,0,0.27897725082973746,0.2789776027202606,3.977892870571524e-07,0.02944337191205717,12.004468232963372,0.02944337191205717,-0.02135919127613306,,-0.03954392671585083,1.2239670370989306e-07,950,0.0628681733382343,0.10068743635027455,0.03206242437685985,,,,,,,,,
PC2_B1,pc2,push_neg_y,303,10,0,,999,0,0.27388994993373034,0.2738906741142273,5.252858534216243e-07,0.03284818589129253,11.006205010036847,0.03284818589129253,0.02004598267376423,,-0.04131150245666504,-4.130888750208891e-07,950,0.06015251466144372,0.09871623459962055,0.03793565020961833,,,,,,,,,
PC2_B1,pc2,push_neg_y,303,11,0,,999,0,0.2708243145184084,0.2708248347043991,3.824896990934158e-07,0.027332357734137946,11.775101077140436,0.027332357734137946,-0.014932099729776382,,-0.034021154046058655,7.64979398186832e-08,950,0.06198857579382077,0.09719116093124693,0.031291626100426746,,,,,,,,,
PC2_B1,pc2,push_neg_y,303,12,0,,999,0,0.2797970594888065,0.27979716658592224,2.702927206926805e-07,0.028371533709968148,11.711203878434056,0.028371533709968148,-0.028440832160413265,,-0.04915681481361389,1.0709711574615645e-07,950,0.06917373043714584,0.09900452036380655,0.031025494862973034,,,,,,,,,
PC2_B1,pc2,push_neg_y,303,13,0,,999,0,0.2771074677055532,0.2771076411008835,3.7228997378425803e-07,0.030690417514515643,12.311386651340472,0.030690417514515643,-0.011088013648986816,,-0.03822152316570282,-2.1929409414689174e-07,950,0.06415918786880302,0.09812670983671871,0.03333755533737556,,,,,,,,,
PC2_B1,pc2,push_neg_y,303,14,0,,999,0,0.26425647632004745,0.264257088303566,3.1109162192931147e-07,0.0223693717095333,10.181523665482292,0.0223693717095333,0.0034965797676704824,,-0.035019323229789734,4.3348832563920453e-07,950,0.065097366066017,0.09813940632662924,0.025710507771969104,,,,,,,,,
PC2_B1,pc2,push_neg_y,303,15,0,,999,0,0.28569213121651327,0.2856926769018173,3.7228997378425803e-07,0.028068976342317673,12.299545414300837,0.028068976342317673,0.0027726013213396072,,-0.06416977941989899,1.529958796373664e-08,950,0.06694259297073601,0.10039324588980583,0.03358459421157357,,,,,,,,,
PC2_B1,pc2,push_neg_y,303,16,0,,999,0,0.2728474868491372,0.2728477418422699,3.365909352022059e-07,0.028057717458482526,12.339168564672793,0.028057717458482526,-0.0060116443783044815,,-0.02974948287010193,-2.5499313272894386e-07,950,0.06308924719117973,0.09450059832318293,0.03361399106177369,,,,,,,,,
PC2_B1,pc2,push_neg_y,303,17,0,,999,0,0.26838822607050605,0.26838862895965576,3.569903858205214e-07,0.029420271132895928,11.461762805529036,0.029420271132895928,-0.021471792832016945,,-0.034496188163757324,1.2239670370989303e-07,950,0.06445978012440977,0.09379729514487427,0.03872680478469004,,,,,,,,,
PC2_B1,pc2,push_neg_y,303,18,0,,999,0,0.2703978422491308,0.27039802074432373,2.0399450618315507e-07,0.02697830131233033,11.224992606978784,0.02697830131233033,-0.0219498872756958,,-0.0344713032245636,-5.099862654578879e-08,950,0.06587229060000171,0.09921077764236205,0.035839968000910015,,,,,,,,,
PC2_B1,pc2,push_neg_y,303,19,0,,999,0,0.2618986713216904,0.2618986815214157,2.855923086564171e-07,0.03707028156755071,10.379719392864155,0.03707028156755071,0.014845142606645823,,-0.033461228013038635,1.0199725309157752e-07,950,0.057959263462198575,0.09684911919414833,0.03863561007975487,,,,,,,,,
PC2_B1,pc2,push_neg_y,303,20,0,,999,0,0.2634050957659349,0.26340562105178833,4.9978654014873e-07,0.02896712443622213,11.12250514318302,0.02896712443622213,-0.002029645722359419,,-0.03790640830993652,-2.651928580381015e-07,950,0.07408076000968473,0.0923424811710226,0.03453621239545774,,,,,,,,,
PC2_B1,pc2,push_neg_y,303,21,0,,999,0,0.27571988950438675,0.2757203280925751,5.609848920036765e-07,0.028400197696719934,11.940707762033043,0.028400197696719934,-0.01411856384947896,,-0.04493233561515808,6.119835185494656e-08,950,0.05982581438418325,0.09833982866671603,0.03737796106273452,,,,,,,,,
PC2_B1,pc2,push_neg_y,303,22,0,,999,0,0.28189195381766335,0.2818928360939026,4.997865401487299e-07,0.03666424873883245,11.173585696665862,0.03666424873883245,0.0019981281948275864,,-0.059106290340423584,-3.875895617479947e-07,950,0.06017925103704824,0.09932799282635232,0.03997045999264215,,,,,,,,,
PC2_B1,pc2,push_neg_y,303,23,0,,999,0,0.2754253930745916,0.275425061583519,-1.8869491821941846e-07,0.03102654726945949,11.610051048701434,0.03102654726945949,-0.011081012431532145,,-0.04051579535007477,-1.988946435285762e-07,950,0.06027599035710458,0.09552314323421743,0.03633048363290148,,,,,,,,,
PC2_B1,pc2,push_neg_y,303,24,0,,999,0,0.2805712531435298,0.2805715948343277,2.1929409414689171e-07,0.0315322282529809,11.382589978702002,0.0315322282529809,-0.010762609541416168,,-0.04772152006626129,2.2949381945604946e-07,950,0.062243846063797,0.09701842856554925,0.03232501924722089,,,,,,,,,
PC2_B1,pc2,push_neg_y,303,25,0,,999,0,0.27297280115239764,0.2729734182357788,5.558850293490976e-07,0.031509919723689855,11.576709782158737,0.031509919723689855,-0.018521944992244244,,-0.048364609479904175,7.649793981868314e-08,950,0.06204632355878293,0.09800681854696788,0.03739826458754151,,,,,,,,,
PC2_B1,pc2,push_neg_y,303,26,0,,999,0,0.27201769959161626,0.2720180004835129,3.8758956174799467e-07,0.029346596649634793,10.423980112718883,0.029346596649634793,-0.008297630120068789,,-0.04147045314311981,-5.099862654578876e-08,950,0.07004004026932965,0.1031790884529647,0.030772423861563664,,,,,,,,,
PC2_B1,pc2,push_neg_y,303,27,0,,999,0,0.27254376699898974,0.27254419028759,6.62982145095254e-07,0.03149834694892853,11.861558691809291,0.03149834694892853,0.0019268649630248547,,-0.031006619334220886,-7.44579947568516e-07,950,0.06989962375280426,0.09302329061277331,0.04077098633567812,,,,,,,,,
PC2_B1,pc2,push_neg_y,303,28,0,,999,0,0.28365878346450824,0.28365932404994965,2.651928580381016e-07,0.028344568358380742,12.17720222598317,0.028344568358380742,-0.018710891716182232,,-0.050674572587013245,-1.8359505556483956e-07,950,0.062228898196020004,0.09982997415841832,0.037179702374078166,,,,,,,,,
PC2_B1,pc2,push_neg_y,303,29,0,,999,0,0.2809850328108844,0.28098559379577637,6.272831065132018e-07,0.030889918158318944,11.958883909460523,0.030889918158318944,0.0416032150387764,,-0.05198448896408081,-5.558850293490977e-07,950,0.06543174716424761,0.10081205730231473,0.04020808297525575,,,,,,,,,
PC2_B1,pc2,push_neg_y,303,30,0,,999,0,0.2716766072307678,0.27167709171772003,3.2129134723846926e-07,0.026257455545395457,11.42916681104321,0.026257455545395457,-0.002796278800815344,,-0.02765028178691864,-2.600929953835227e-07,950,0.057529764027881215,0.0966965823116116,0.03517154990900291,,,,,,,,,
PC2_B1,pc2,push_neg_y,303,31,0,,999,0,0.26722297327403716,0.26722344756126404,3.926894244025735e-07,0.031297797030211155,11.876375529185097,0.031297797030211155,0.0065581954549998045,,-0.03185582160949707,-6.068836558948864e-07,950,0.06085001111997691,0.09305929969486085,0.03590863354555119,,,,,,,,,
PC2_ang008,pc2,rough_lateral,101,0,0,,999,0,0.31506304578347644,0.37269996106624603,0.05773677417938722,0.09791715818458259,14.54391036392374,0.23412778812182267,-0.057589340955019,0.0719369538128376,-0.0476997047662735,0.0008315071065158122,950,0.29639161410197007,0.17029955175246286,0.2712472065562679,,,,,,,,,
PC2_ang008,pc2,rough_lateral,101,1,0,,999,0,0.3753411929237651,0.4346913695335388,0.059555278104894305,0.2029397290433411,4.990611497971765,0.11481878819232799,0.03444938454777002,0.19890186190605164,-0.019629955291748047,0.0006105453572808756,950,0.2681636751394287,0.12367306978666642,0.14134045351040106,,,,,,,,,
PC2_ang008,pc2,rough_lateral,101,2,0,,999,0,0.30870502964060575,0.36641252040863037,0.05742569275718322,0.18972246455752756,9.168265423425556,0.2037328661188031,-0.03878411278128624,0.10480576753616333,-0.04771164059638977,-0.0014012331631094374,950,0.25204785258397444,0.2628767729658043,0.34000796675561246,,,,,,,,,
PC2_ang008,pc2,rough_lateral,101,3,1,4.52,255,0,0.3848342390302668,0.4424084275960922,0.057467593228753236,0.2101781071337202,3.744617473048,0.10141198707335014,0.03331019543111324,0.2076333910226822,-0.01040591299533844,-0.00043179007137523345,176,0.16075022350490614,0.5246042660799689,0.113406249044804,,,,,,,,,
PC2_ang008,pc2,rough_lateral,101,4,0,,999,0,0.3438966149155469,0.4022642821073532,0.05968930759531929,0.20816047601083015,13.506475933296517,0.13969574827894457,0.001654302206588909,0.19086194038391113,-0.007734522223472595,0.0015680292710900934,950,0.26098363637895433,0.16715160016502612,0.1543435903475286,,,,,,,,,
PC2_ang008,pc2,rough_lateral,101,5,0,,999,0,0.37326555966055963,0.43181584775447845,0.05864338696321701,0.13337295358434997,4.7111578650220185,0.18759060749968826,0.1314815878868103,0.12124362587928772,-0.005778506398200989,-0.00039875316109887204,950,0.26071890374785395,0.17339830520543492,0.19188272632128864,,,,,,,,,
PC2_ang008,pc2,rough_lateral,101,6,0,,999,0,0.36048430292045364,0.41698935627937317,0.056012959403787706,0.0621724907207793,5.989775616786702,0.2496238922109955,-0.13941173255443573,0.05186920613050461,-0.01965811848640442,-0.001483534746629031,950,0.2639320059681099,0.1481229127944375,0.2576796901210105,,,,,,,,,
PC2_ang008,pc2,rough_lateral,101,7,0,,999,0,0.36857859264401827,0.42822809517383575,0.0599098460559539,0.10209870474761577,7.9461227549749704,0.21475128076916644,-0.029289884492754936,0.08765238523483276,-0.01167355477809906,-0.0003475403403215907,950,0.2460036762989125,0.16564674246028502,0.21297572374109422,,,,,,,,,
PC2_ang008,pc2,rough_lateral,101,8,0,,999,0,0.3598869882802912,0.4188540428876877,0.05896229157473314,0.12281991066727603,4.010555992188575,0.19275487012455145,-0.009377832990139723,0.11008141189813614,-0.03491215407848358,0.00028371045933688055,950,0.22598491327145542,0.23757754210919824,0.20093756193967444,,,,,,,,,
PC2_ang008,pc2,rough_lateral,101,9,1,16.94,999,0,0.38113168726630386,0.4380960464477539,0.05718695798659707,0.11934901311775939,4.02778929196716,0.21371403247367854,0.01694473624229431,0.10076623782515526,-0.009667009115219116,-0.0007632913436481648,797,0.2127112352086341,0.2170109471009982,0.21300668821460722,,,,,,,,,
PC2_ang008,pc2,rough_lateral,101,10,1,1.58,999,0,0.29197817180245955,0.3500645160675049,0.05840436150045956,0.4079089797222817,16.32396195371753,0.21605904845852875,0.27704086899757385,0.3508692681789398,-0.07438802719116211,3.368969269614691e-05,29,0.24349504480808284,0.6073786744115867,0.24349504480808284,,,,,,,,,
PC2_ang008,pc2,rough_lateral,101,11,1,1.46,999,1,,,,,,,,,,,23,0.3797749794912774,0.4600376352028392,0.3797749794912774,,,,,,,,,
PC2_ang008,pc2,rough_lateral,101,12,0,,999,0,0.37090362632338375,0.4317530244588852,0.060548139765938334,0.20133148951094285,6.176030021744094,0.1105309660177295,0.056874366477131844,0.19746312499046326,0.005418792366981506,0.0011190526625689326,950,0.1948507417096766,0.1486533562335204,0.1284271599397739,,,,,,,,,
PC2_ang008,pc2,rough_lateral,101,13,1,10.84,999,0,0.35947239064277814,0.4187524914741516,0.05970966624703637,0.04903232742595701,3.040897290125412,0.3147608640569065,-0.02743368037045002,-0.013317668810486794,-0.009566724300384521,0.0007614349936419032,492,0.22957436320748428,0.29078487326424857,0.3151267359156532,,,,,,,,,
PC2_ang008,pc2,rough_lateral,101,14,0,,999,0,0.37008214897331704,0.4293079227209091,0.059312601140476165,0.12231780559138841,2.219297684230604,0.2008895148913002,0.04183780588209629,0.109895009547472,-0.0036386102437973022,-0.0008625958692581245,950,0.2395347712714701,0.13936971459156616,0.2068575923337857,,,,,,,,,
PC2_ang008,pc2,rough_lateral,101,15,0,,999,0,0.3782461860919381,0.43852856755256653,0.060271441617751505,0.12657121299871532,1.794057807853949,0.1932849256927323,0.053792040795087814,0.11584845557808876,0.005393505096435547,4.170667678914802e-05,950,0.2654491146756933,0.13928535145231297,0.1936934274692236,,,,,,,,,
PC2_ang008,pc2,rough_lateral,101,16,0,,999,0,0.3732247672138367,0.4302978962659836,0.05681437222077884,0.1411464099649516,4.102099710659472,0.19987408791631456,-0.04673312231898308,0.11510838195681572,-0.0011118799448013306,-0.0010835321191797961,950,0.1858934899011016,0.22269454767565733,0.1995795868863544,,,,,,,,,
PC2_ang008,pc2,rough_lateral,101,17,1,17.34,999,0,0.377619899132035,0.4357539266347885,0.05717658996582031,0.18948504359337284,5.077149765239604,0.12450672077822852,0.06633453443646431,0.18410331010818481,-0.013540312647819519,-0.0010672890566249607,817,0.2570776264393361,0.16417908646545804,0.1391142694910449,,,,,,,,,
PC2_ang008,pc2,rough_lateral,101,18,1,2.18,108,0,0.3394623843425098,0.3983599841594696,0.0586396385641659,0.26115121654549706,8.825434303026093,0.1477119847549,0.018151704221963882,0.25132817029953003,-0.03846803307533264,-0.0007407244514016503,59,0.1807063610771318,0.28250547543187005,0.1807063610771318,,,,,,,,,
PC2_ang008,pc2,rough_lateral,101,19,0,,999,0,0.3633748457074803,0.42237959802150726,0.05902480569115297,0.041386296119887894,4.453020673745131,0.3005307381150269,-0.13424360752105713,0.003728253417648375,-0.011414185166358948,-0.00032844645454284394,950,0.27681745849024436,0.13229740228287817,0.3022834832473223,,,,,,,,,
PC2_ang008,pc2,rough_lateral,101,20,1,12.96,999,0,0.37593846102768086,0.435670867562294,0.059601064671807105,0.10602825932301871,2.864376255324054,0.20603996220919388,-0.028333655558526516,0.09506181627511978,-0.004408553242683411,0.0002704151173963873,598,0.23035498262884102,0.2317931870992274,0.21454166759438406,,,,,,,,,
PC2_ang008,pc2,rough_lateral,101,21,1,3.68,999,0,0.3691926405710333,0.4281785190105438,0.058961434797807175,0.20500389359627044,7.600939204450301,0.12802682810729943,-0.03597327694296837,0.1925158053636551,0.0033529698848724365,-0.0003999465289600407,134,0.17453465546445446,0.34201484948054733,0.15094804309133422,,,,,,,,,
PC2_ang008,pc2,rough_lateral,101,22,1,13.82,999,0,0.34736453642182175,0.405499130487442,0.05794775549740715,0.10357942240807384,3.5448875937946402,0.22311536365070728,0.036487119272351265,0.07819373533129692,-0.0421292781829834,0.0014149313941996325,641,0.2816940053586699,0.15166608485651978,0.21882719907040216,,,,,,,,,
PC2_ang008,pc2,rough_lateral,101,23,1,3.08,999,0,0.3718611652997726,0.43101947009563446,0.06018771207268862,0.2846205524852411,9.152872440892036,0.10155251637917695,0.20929807424545288,0.2804477959871292,-0.023654267191886902,0.00012964870840469905,104,0.13724960362822705,0.6911231261842224,0.1286193126096546,,,,,,,,,
PC2_ang008,pc2,rough_lateral,101,24,1,3.6,999,0,0.30439537405011485,0.3640030175447464,0.0595459708555497,0.15508745594991818,19.247236596562153,0.21762525299938787,-0.15472393482923508,0.1314367800951004,-0.06839774549007416,-0.0006552762526241818,130,0.22958283554027215,0.7348382411045487,0.2318317207946927,,,,,,,,,
PC2_ang008,pc2,rough_lateral,101,25,1,6.78,999,0,0.35682278162336606,0.4170168787240982,0.06030224478818516,0.203805126508119,9.679689832324154,0.10909092039394697,-0.02689226809889078,0.20290479063987732,0.006975963711738586,-0.002830627767797453,289,0.14606561841759425,0.22551091025159162,0.1128037156536088,,,,,,,,,
PC2_ang008,pc2,rough_lateral,101,26,1,0.88,999,1,,,,,,,,,,,0,,,,,,,,,,,,
PC2_ang008,pc2,rough_lateral,101,27,0,,999,0,0.33480837702113675,0.39541417360305786,0.061450111674752464,0.22533979798107873,8.982100637934863,0.15968011754716988,0.038614848628640175,0.212322399020195,-0.05252319574356079,0.0038550371792227187,950,0.24908093583542806,0.14905056664311814,0.17071549998153965,,,,,,,,,
PC2_ang008,pc2,rough_lateral,101,28,1,12.74,999,0,0.3889920532225287,0.4481114447116852,0.05910168612067075,0.10112034811113732,4.7505851544782285,0.21774501418847608,0.014904505107551813,0.08587992191314697,0.008513063192367554,-0.0032181561311935974,587,0.20657422811067438,0.17913869639229119,0.21406160640636684,,,,,,,,,
PC2_ang008,pc2,rough_lateral,101,29,0,,999,0,0.3711352818471225,0.4277498126029968,0.05665239038314411,0.19448233500158596,7.234258257577231,0.11948955152238402,0.05903794430196285,0.18634694814682007,-0.01655295491218567,-0.0017732375445850407,950,0.1572948727574025,0.15170318020434662,0.14719556470371012,,,,,,,,,
PC2_ang008,pc2,rough_lateral,101,30,1,15.16,999,0,0.38618344881317834,0.44951270520687103,0.06361158646364262,0.16114932512783736,3.573978911225838,0.1511273968124728,0.0006465428741648793,0.15289641916751862,0.007493600249290466,0.001749354887773641,708,0.14739514916712496,0.17670384244435006,0.1545186313025096,,,,,,,,,
PC2_ang008,pc2,rough_lateral,101,31,0,,999,0,0.36176717655862717,0.4241550713777542,0.06228203697000595,0.18278952770209295,3.870683244913014,0.12647204516518346,0.022881767712533474,0.18209540098905563,-0.012952104210853577,0.00013386629482003976,950,0.27940690580429733,0.11400984165748462,0.15251028258099372,,,,,,,,,
PC2_ang008,pc2,rough_lateral,202,0,1,6.1,418,0,0.36729070751424775,0.4287736564874649,0.06195877197592016,0.1439725586909883,4.355162599851704,0.1759219028348441,0.01385504612699151,0.13235057890415192,0.01473592221736908,0.001065453106069307,255,0.184881081136915,0.1297632244715344,0.17869529131914805,,,,,,,,,
PC2_ang008,pc2,rough_lateral,202,1,1,6.2,999,0,0.3658062045905679,0.42580148577690125,0.06057089025324041,0.13176051286254103,6.1205144920146255,0.18077853803992114,-0.08802542462944984,0.12404526770114899,-0.005830705165863037,0.000259679906508499,260,0.23693054752579143,0.2056611584321241,0.19942045906810632,,,,,,,,,
PC2_ang008,pc2,rough_lateral,202,2,0,,999,0,0.3372062763428305,0.40026581287384033,0.06302774908708378,0.03530686520055826,5.362174862312942,0.30382410204720256,-0.022383898496627808,-0.003286920953541994,-0.03441843390464783,-0.0005892432309727025,950,0.2422314817759378,0.12158257401803883,0.3009139761559322,,,,,,,,,
PC2_ang008,pc2,rough_lateral,202,3,1,19.28,999,0,0.38372444110439424,0.44632576406002045,0.06292343139648438,0.1515238571553461,3.957757760230323,0.16825276078989165,-0.009870674926787615,0.1398397758603096,-0.01076151430606842,0.00035746977291005455,914,0.18267959224831615,0.2529446258399279,0.17198743343081044,,,,,,,,,
PC2_ang008,pc2,rough_lateral,202,4,1,6.02,999,0,0.3948634640577643,0.45749056339263916,0.062347646703057105,0.14418331871203804,6.3206105262880925,0.16607873326397066,-0.08863351866602898,0.13749175518751144,-0.014598459005355835,-0.0003205977659174464,251,0.20546294279166324,0.24984529100021102,0.16371255973984294,,,,,,,,,
PC2_ang008,pc2,rough_lateral,202,5,0,,999,0,0.360076843975062,0.4205606132745743,0.060254306079232114,0.09764617962537317,5.540218823324957,0.26637349031339547,-0.017497843131422997,0.04588478058576584,-0.025991901755332947,0.0011346888414678694,950,0.28668948252817295,0.1227193208671943,0.26847531757032866,,,,,,,,,
PC2_ang008,pc2,rough_lateral,202,6,1,1.02,143,1,,,,,,,,,,,1,0.6501230228372683,0.3859133720397949,0.6501230228372683,,,,,,,,,
PC2_ang008,pc2,rough_lateral,202,7,1,6.42,320,0,0.37130301513455133,0.4325352609157562,0.061057549746916254,0.17093373758863611,5.220969665875206,0.14642451446265348,0.08122939616441727,0.1637638956308365,-0.007951408624649048,-0.0007588136642374468,271,0.20887624798720958,0.2644855465844591,0.16307254728752835,,,,,,,,,
PC2_ang008,pc2,rough_lateral,202,8,0,,999,0,0.32414253199482984,0.3839501589536667,0.05962308587874958,0.1439952532035193,13.085320647359266,0.203364924623861,-0.059073688462376595,0.10216160491108894,-0.04506660997867584,-0.001286450554342837,950,0.29893734863562693,0.520094163186414,0.26778550309874993,,,,,,,,,
PC2_ang008,pc2,rough_lateral,202,9,1,1.82,999,0,0.3575538098812103,0.4189322888851166,0.06138705697289125,0.20005966795621039,8.467377929958326,0.18124916441646938,-0.0905795469880104,0.1981826275587082,-0.01891803741455078,0.0002772999319800712,41,0.23780295524330897,0.2630820114931029,0.23780295524330897,,,,,,,,,
PC2_ang008,pc2,rough_lateral,202,10,0,,999,0,0.3641402864041813,0.4243473708629608,0.05993333092347823,0.08952658001331001,2.6895133954673507,0.2515655610999964,-0.08351264148950577,0.05456080287694931,-0.0019502639770507812,-0.00038392786036201,950,0.29546632562139186,0.12097613013198298,0.2549728832785061,,,,,,,,,
PC2_ang008,pc2,rough_lateral,202,11,0,,999,0,0.35782516544515436,0.4168177396059036,0.05880105431704598,0.04113450597166393,5.4014033379859026,0.28881410712827227,-0.07845346257090569,0.015490707475692034,-0.0260801762342453,-0.0003413899059601655,950,0.28821519304795234,0.14692081957978725,0.2834201946810898,,,,,,,,,
PC2_ang008,pc2,rough_lateral,202,12,1,1.34,999,1,,,,,,,,,,,17,0.2980425333580041,0.5476922512561576,0.2980425333580041,,,,,,,,,
PC2_ang008,pc2,rough_lateral,202,13,1,1.62,121,0,0.23371684168749315,0.2954593896865845,0.061566470141079334,0.4319492717808388,28.15215204224075,0.24278532325634694,0.16564004123210907,0.35244354605674744,-0.14459386467933655,-0.0006704789431974875,31,0.27081095035283026,0.8140639823388099,0.27081095035283026,,,,,,,,,
PC2_ang008,pc2,rough_lateral,202,14,1,3.64,999,0,0.30267859541158626,0.3633156716823578,0.06033623537277793,0.12298601595114918,16.679511697763274,0.21017556123255163,-0.17418310791254044,0.09719634428620338,-0.05531761050224304,-0.0009780363603071746,132,0.2599710676504484,0.6852677621542318,0.2625399801816931,,,,,,,,,
PC2_ang008,pc2,rough_lateral,202,15,1,2.24,999,0,0.3294680004610735,0.38975076377391815,0.06016426800406553,0.22239889784632136,13.372046589036772,0.15541005461663693,-0.08011345937848091,0.2103879526257515,-0.0491359680891037,0.00022961111629710845,62,0.174807735257142,0.42383248104983373,0.174807735257142,,,,,,,,,
PC2_ang008,pc2,rough_lateral,202,16,1,8.36,999,0,0.3772887271196447,0.43656380474567413,0.05924023408940769,0.1329090927492303,3.4379447741474594,0.17562539907671143,0.042552847415208817,0.12800834327936172,0.0051519423723220825,0.0003841267550055358,368,0.21842483054139494,0.48788686371448303,0.19524745067797172,,,,,,,,,
PC2_ang008,pc2,rough_lateral,202,17,1,9.0,858,0,0.3503491502394651,0.40784622728824615,0.05740156020710175,0.18376533122294103,9.900382092865813,0.1487532031539411,0.014621461741626263,0.17426025122404099,-0.008275315165519714,7.382051192502542e-05,400,0.19772254190639585,0.18586123753722927,0.15491677376703797,,,,,,,,,
PC2_ang008,pc2,rough_lateral,202,18,0,,999,0,0.36712824509424324,0.42345505952835083,0.05628648033754073,0.028328315618871416,6.587105313571975,0.2982576558172583,-0.025085197761654854,0.002995105227455497,-0.011585474014282227,0.00017060060552097356,950,0.2509253863060516,0.14568310577104407,0.28666052303822415,,,,,,,,,
PC2_ang008,pc2,rough_lateral,202,19,0,,999,0,0.36606049617344044,0.425198957324028,0.059157310322644235,0.07863636539946642,5.770355865793114,0.260152369782679,-0.13590966165065765,0.05269652232527733,-0.02468220889568329,0.0012301837696748613,950,0.24234835247388822,0.1629691963585938,0.25980319402255186,,,,,,,,,
PC2_ang008,pc2,rough_lateral,202,20,1,10.18,999,0,0.3415517424517137,0.39911408722400665,0.057683434715882984,0.10058242821336806,11.74207066452167,0.22531484931969217,-0.04060511104762554,0.07906030863523483,0.0015800446271896362,-0.0007521889426491471,459,0.2679142582298385,0.19255425818527705,0.23144997673251527,,,,,,,,,
PC2_ang008,pc2,rough_lateral,202,21,1,8.94,999,0,0.35952665071117684,0.41881754994392395,0.05933431125579671,0.1272152302442876,4.84553269099148,0.2093089156571622,0.026553657837212086,0.11916179955005646,0.004120469093322754,-0.00041665877887909347,397,0.21309661775774566,0.26388049174313943,0.22399620716190544,,,,,,,,,
PC2_ang008,pc2,rough_lateral,202,22,1,4.12,239,0,0.36585094815588254,0.42089806497097015,0.05494142726143414,0.14285882613494946,7.3322797982826975,0.182562491613533,-0.11328604072332382,0.12101781740784645,-0.01896815001964569,0.0013316710365009823,156,0.20207616940424294,0.2561814608561443,0.2065297863512505,,,,,,,,,
PC2_ang008,pc2,rough_lateral,202,23,1,2.94,999,0,0.2899405608840167,0.3479747474193573,0.05756256797096946,0.19176943348184952,17.683586751478217,0.18333526795328745,-0.04213597625494003,0.1827721893787384,-0.06666362285614014,0.0017098921505525125,97,0.23363302732477972,0.20412751314810934,0.23363302732477972,,,,,,,,,
PC2_ang008,pc2,rough_lateral,202,24,1,10.56,999,0,0.3836705566727542,0.4394722282886505,0.05648360532872817,0.14942380431631758,3.1310973481685256,0.15704976568590498,0.006081158295273781,0.14542172104120255,0.015304982662200928,-0.0012088051454268722,478,0.15369448335304967,0.20853618124586767,0.17902709130073052,,,,,,,,,
PC2_ang008,pc2,rough_lateral,202,25,1,0.74,999,1,,,,,,,,,,,0,,,,,,,,,,,,
PC2_ang008,pc2,rough_lateral,202,26,0,,999,0,0.38511206488558314,0.4447096288204193,0.05963227073139048,0.1198213236542009,2.314382394517139,0.2277656493284031,-0.0686403401196003,0.09107363224029541,-0.011724412441253662,-0.00047497570833420627,950,0.21014526211471576,0.16292292031696468,0.23011431661897547,,,,,,,,,
PC2_ang008,pc2,rough_lateral,202,27,1,1.68,108,0,0.32519111419744035,0.38292302191257477,0.05825143701889936,0.3369387964771675,12.971632559360984,0.1055056652121759,0.2902345359325409,0.32740505039691925,-0.044576212763786316,-0.0002207730543167183,34,0.25307601768757143,0.605451693897738,0.25307601768757143,,,,,,,,,
PC2_ang008,pc2,rough_lateral,202,28,0,,999,0,0.36465807689383706,0.4247392416000366,0.059991489757191055,0.06219989084862207,3.8880405743537754,0.28680123324349216,-0.008822697680443525,0.016365109011530876,0.0028918087482452393,0.001236318904448322,950,0.29900611016346357,0.13847750346909127,0.28764970143063734,,,,,,,,,
PC2_ang008,pc2,rough_lateral,202,29,1,3.98,999,0,0.3729015352891728,0.4312393069267273,0.058410348739216036,0.12447110318501554,5.521196543270987,0.19053737268830773,-0.06706119701266289,0.11619091033935547,0.012728661298751831,-0.00011879620067575813,149,0.22079348181567646,0.3555305965925562,0.19594151043290883,,,,,,,,,
PC2_ang008,pc2,rough_lateral,202,30,1,16.04,801,0,0.31831917453577174,0.3813948929309845,0.06263453947669045,0.2136212966120915,14.653328850509126,0.1254140686154111,0.027212578803300858,0.1960713267326355,-0.06289073824882507,0.0012803970173718565,752,0.23448008538467668,0.19501490548493286,0.1508307683419184,,,,,,,,,
PC2_ang008,pc2,rough_lateral,202,31,1,0.9,793,1,,,,,,,,,,,0,,,,,,,,,,,,
PC2_ang008,pc2,rough_lateral,303,0,0,,999,0,0.3453066023913297,0.403181254863739,0.05774601513051732,0.08310096275655837,3.1383533252985742,0.2492944674182731,0.0558121707290411,0.05479411035776138,-0.034328311681747437,-3.977382884306352e-05,950,0.25259024521640483,0.1768811461370213,0.2467126718629322,,,,,,,,,
PC2_ang008,pc2,rough_lateral,303,1,0,,999,0,0.29739060296731834,0.35530905425548553,0.05780391387123475,0.12831128878173403,15.6856359975727,0.2751712845118578,-0.14397864043712616,0.06591807305812836,-0.07899002730846405,-0.0008355410978755848,950,0.29653557219493976,0.15876095368796309,0.29903514304775647,,,,,,,,,
PC2_ang008,pc2,rough_lateral,303,2,1,8.56,999,0,0.3691212644073415,0.42665140330791473,0.0578582070090554,0.10128336151580108,7.057309899921954,0.21919275712141767,-0.007932948414236307,0.0925784595310688,0.0008742064237594604,0.0011880640040106971,378,0.25114980680693016,0.2389316282136666,0.22231914715215215,,,,,,,,,
PC2_ang008,pc2,rough_lateral,303,3,1,2.34,999,0,0.35593134403866244,0.417111337184906,0.06053839902826809,0.20421117071639763,10.426886533433652,0.17552517728566586,-0.07864341139793396,0.17360404133796692,-0.018571078777313232,0.0008904054203135447,67,0.2621462567924888,0.2789691828676184,0.2621462567924888,,,,,,,,,
PC2_ang008,pc2,rough_lateral,303,4,0,,999,0,0.36448046533181705,0.4231051355600357,0.05855179342994078,0.11109846080357953,4.815864663738716,0.2072381863586737,0.0002755974419414997,0.09704766422510147,-0.018513664603233337,-8.28676682742488e-05,950,0.27657176621359564,0.1589365051408552,0.20021585099458378,,,,,,,,,
PC2_ang008,pc2,rough_lateral,303,5,0,,999,0,0.35631658710579184,0.4145105481147766,0.05795166199220056,0.13297803061264302,4.603386014322615,0.2043612714645795,0.05620421655476093,0.10817714408040047,-0.03176477551460266,-0.0013417585648317354,950,0.2935449300585995,0.12301452788126213,0.21992239667155697,,,,,,,,,
PC2_ang008,pc2,rough_lateral,303,6,1,15.94,999,0,0.37653175697607155,0.43542198836803436,0.058713127585018385,0.18168755869265726,6.3037975604932,0.13485626669148001,-0.04040542058646679,0.16924851387739182,0.0009368211030960083,0.00019784407182173863,747,0.23213336831011064,0.23261496243084373,0.1526522988517184,,,,,,,,,
PC2_ang008,pc2,rough_lateral,303,7,1,12.18,999,0,0.37317055559413315,0.4328485280275345,0.05942639437588779,0.11263820373804168,3.290392668314777,0.1975574123857872,0.07379447296261787,0.10479367151856422,0.0074064284563064575,-0.0008126019156552838,559,0.2080467677768441,0.2542798337698932,0.2153324149115613,,,,,,,,,
PC2_ang008,pc2,rough_lateral,303,8,1,9.4,891,0,0.3394619985857112,0.3967175930738449,0.05745869906828365,0.08206389197123132,5.7343523317284895,0.2601915092525118,-0.06546037644147873,0.04466088302433491,-0.04358015954494476,-0.0009542608006115269,420,0.2804837381030796,0.22187618766286663,0.2502041717175046,,,,,,,,,
PC2_ang008,pc2,rough_lateral,303,9,1,17.26,999,0,0.36287483333903836,0.4194592833518982,0.05667834358419327,0.10011137831125544,3.710704543119613,0.21372581724719752,-0.08733411505818367,0.09204930439591408,-0.026057302951812744,9.418426350476378e-05,813,0.203492889683515,0.16780919814844328,0.21002203000020123,,,,,,,,,
PC2_ang008,pc2,rough_lateral,303,10,1,15.14,756,0,0.3926186391854669,0.44918347895145416,0.05610557800945751,0.13732570338087505,7.255189084122083,0.18648203631304605,-0.000518124783411622,0.12407669797539711,0.015707090497016907,-0.0006566175165023461,707,0.2524697426533776,0.23140910771015383,0.18658314648531438,,,,,,,,,
PC2_ang008,pc2,rough_lateral,303,11,1,3.84,999,0,0.372393511355242,0.43133410811424255,0.05903081332936007,0.12296656526672939,7.210057406049231,0.19228867814422596,-0.07029266655445099,0.11250293999910355,0.006862342357635498,0.0008373107502167298,142,0.19123998542242943,0.19598989906372402,0.19612656423665734,,,,,,,,,
PC2_ang008,pc2,rough_lateral,303,12,0,,999,0,0.3475936154790103,0.4039754122495651,0.05634744409571357,0.05813542673125857,5.090337806293281,0.27316366672493164,-0.07437676936388016,0.027983651496469975,-0.01947624981403351,-2.0787040180061944e-05,950,0.27357670451460614,0.16138821997828803,0.2771743272575416,,,,,,,,,
PC2_ang008,pc2,rough_lateral,303,13,1,19.06,999,0,0.37306511234790884,0.42955245077610016,0.056664533156124665,0.20695971095605226,4.514771872190914,0.12931190882182825,0.028907441534101963,0.19273921102285385,0.0001878887414932251,0.0007467218898834366,903,0.179695482791806,0.17189216147776948,0.155589841042972,,,,,,,,,
PC2_ang008,pc2,rough_lateral,303,14,1,17.7,999,0,0.3075425427227734,0.3650467246770859,0.05832400806447401,0.21869332972257,16.206951265916967,0.17920997032446184,-0.03389592096209526,0.16186264902353287,-0.05797781050205231,0.00040417431510068186,835,0.24476336034040969,0.16474565413151251,0.37254725662747035,,,,,,,,,
PC2_ang008,pc2,rough_lateral,303,15,1,13.46,999,0,0.376196483558512,0.4324217438697815,0.05640630671047272,0.12038862608853737,5.181957232451229,0.202305659380543,-0.09619081020355225,0.10577961429953575,-0.0059889256954193115,-0.0008372750511781435,623,0.22195676178717935,0.16211482236060515,0.20180151722543663,,,,,,,,,
PC2_ang008,pc2,rough_lateral,303,16,1,1.12,999,1,,,,,,,,,,,6,0.48544312140206874,0.4840594043928997,0.48544312140206874,,,,,,,,,
PC2_ang008,pc2,rough_lateral,303,17,0,,999,0,0.3417775153635657,0.39866554737091064,0.05682923322055429,0.08658525485472038,7.67345261889686,0.24050890314482712,-0.1606300249695778,0.06502312049269676,-0.022889167070388794,-0.0008691032940053717,950,0.2890330844745294,0.15105598879584495,0.24332314377234626,,,,,,,,,
PC2_ang008,pc2,rough_lateral,303,18,0,,999,0,0.3585753841674264,0.4149985909461975,0.05647438987691135,0.10512682733038192,2.4637067826344277,0.2352609066215241,-0.051578765735030174,0.07318262755870819,-0.028741806745529175,0.0005221341383010933,950,0.29757802609388245,0.12636872132533555,0.22501693513904064,,,,,,,,,
PC2_ang008,pc2,rough_lateral,303,19,1,1.48,999,1,,,,,,,,,,,24,0.33721837223326767,0.8485239582537515,0.33721837223326767,,,,,,,,,
PC2_ang008,pc2,rough_lateral,303,20,0,,999,0,0.31941556603832044,0.38047149777412415,0.06074679471592215,0.07403938619138961,12.150326082364842,0.25253414961003484,-0.15409576147794724,0.0538148358464241,-0.04292610287666321,-0.0006824279213971593,950,0.27924942283114934,0.1862954855961428,0.2463128000348847,,,,,,,,,
PC2_ang008,pc2,rough_lateral,303,21,1,5.38,999,0,0.36952331335468086,0.42691178619861603,0.05769160979571827,0.20273430268195036,3.9029990739093297,0.11138426355073347,0.07070161402225494,0.19591668248176575,-0.02805747091770172,-0.00015208300422219628,219,0.1948245575754314,0.43199127282743877,0.12460973726216122,,,,,,,,,
PC2_ang008,pc2,rough_lateral,303,22,1,16.1,999,0,0.35928276810735305,0.41764041781425476,0.05805394993746345,0.08584403805767127,3.811537962228641,0.273375791986167,-0.104236900806427,0.032590171322226524,-0.016083598136901855,0.0011604227484228805,755,0.23419677481363194,0.2796145841722885,0.2594319212816443,,,,,,,,,
PC2_ang008,pc2,rough_lateral,303,23,1,1.74,999,0,0.3430022423598856,0.40079519152641296,0.05803442766322171,0.3418828490523517,13.11081689973913,0.07837881442692766,0.3497040867805481,0.3394582271575928,-0.031075239181518555,0.0005579555735868505,37,0.2514822108307838,0.7554752233749993,0.2514822108307838,,,,,,,,,
PC2_ang008,pc2,rough_lateral,303,24,0,,999,0,0.3629024020012687,0.4220247119665146,0.05978821943150485,0.15124437000349372,6.361253527105868,0.1605650955664576,0.0319962315261364,0.14426139742136002,0.03562535345554352,-0.002070534038033714,950,0.2621008810231016,0.12322038045020628,0.1600436527415664,,,,,,,,,
PC2_ang008,pc2,rough_lateral,303,25,0,,999,0,0.30348278645844384,0.3665830045938492,0.061401739477473787,0.13430233463740776,15.583990278867269,0.22641369623470844,-0.005336821544915438,0.10320091247558594,-0.06044478714466095,-0.0003423180809632928,950,0.29392268130070454,0.15408387236287685,0.2490918760497535,,,,,,,,,
PC2_ang008,pc2,rough_lateral,303,26,1,1.34,96,1,,,,,,,,,,,17,0.348401899593517,0.3399107249806647,0.348401899593517,,,,,,,,,
PC2_ang008,pc2,rough_lateral,303,27,0,,999,0,0.351643974608916,0.4122944176197052,0.06039095689906156,0.062031276052912546,3.689117016961619,0.2571621013225569,0.08133966475725174,0.04909471049904823,-0.027775704860687256,-0.0005137244647836978,950,0.2925936295122627,0.11939280155660872,0.25814057562557907,,,,,,,,,
PC2_ang008,pc2,rough_lateral,303,28,1,8.06,999,0,0.3677611446635608,0.429191529750824,0.06170013754125585,0.1609321382499184,6.808742430307403,0.20801926632408083,0.015073260525241494,0.1186409592628479,-0.006536006927490234,0.00021460222050467825,353,0.18940310313436284,0.3127423029611499,0.21473335208573038,,,,,,,,,
PC2_ang008,pc2,rough_lateral,303,29,1,14.94,999,0,0.3633080392597831,0.42524269223213196,0.062136568487646746,0.19485616503396747,5.564479328718678,0.11941407785447712,-0.022262774407863617,0.19097164273262024,0.005024820566177368,0.0001366202206535133,697,0.19897336308408023,0.23293407467748953,0.1728818477008804,,,,,,,,,
PC2_ang008,pc2,rough_lateral,303,30,1,11.18,999,0,0.38068069780574126,0.4419116675853729,0.06053388564981879,0.11629791495673322,5.974725422135395,0.20468441636718482,0.009777063503861427,0.10034464672207832,-0.007008880376815796,-0.000769441778009583,509,0.2642122166329344,0.38630177190402376,0.20155559615132854,,,,,,,,,
PC2_ang008,pc2,rough_lateral,303,31,0,,999,0,0.35244136514829444,0.4126468300819397,0.06029000001795151,0.14045746370518045,7.373427196484403,0.1733506945573508,-0.029623492620885372,0.13241755217313766,-0.024899780750274658,0.0003092097726097656,950,0.27472880184848614,0.1575274766602971,0.17233425207488154,,,,,,,,,
PC2_ang008,pc2,rough_forward,101,0,0,,999,0,0.2952207773923874,0.350777268409729,0.05584686707685338,0.3250684408561607,8.983798182573132,0.19650774139707264,0.035259827971458435,0.3194121867418289,-0.07229050993919373,-0.0009211422925326923,950,0.4175921539455465,0.17318469842600445,0.23070048311827474,,,,,,,,,
PC2_ang008,pc2,rough_forward,101,1,0,,999,0,0.31888213984787783,0.3781111389398575,0.058257011168780806,0.3664825812367658,9.896521416828797,0.1474497132271113,0.0009043669560924172,0.3640173375606537,-0.046379849314689636,-0.001247482503799198,950,0.4741200610691531,0.10425672515257357,0.1790603055321696,,,,,,,,,
PC2_ang008,pc2,rough_forward,101,2,1,7.52,999,0,0.35949680368530557,0.41618597507476807,0.056815718584519656,0.4403829427915248,5.54933531863837,0.07735373968722092,-0.047983819618821144,0.43975092470645905,0.036831945180892944,-0.003341108719932845,326,0.18833982733322213,0.20823604473356827,0.16069809746855848,,,,,,,,,
PC2_ang008,pc2,rough_forward,101,3,0,,999,0,0.35769850127199754,0.41727839410305023,0.059453999932437024,0.06032798999486652,6.425101207048559,0.4990976933405685,-0.01398087153211236,0.0020792398136109114,0.005546584725379944,0.0001917497359495146,950,0.4967436623372965,0.10577065106575868,0.45051128473424007,,,,,,,,,
PC2_ang008,pc2,rough_forward,101,4,0,,999,0,0.29779899678128285,0.35452306270599365,0.056688966598102755,0.4690276589302037,8.175465529118805,0.09951306051514142,0.0032613794319331646,0.468431293964386,-0.015116572380065918,-0.00069831909342883,950,0.48142989409808984,0.2118820503348315,0.16199155265521833,,,,,,,,,
PC2_ang008,pc2,rough_forward,101,5,0,,999,0,0.2639230037914878,0.3207250088453293,0.05631046499160522,0.3498892141203744,10.875050479883647,0.20261448402803198,-0.015332802198827267,0.339340016245842,-0.10263030230998993,-0.0020970788231507997,950,0.23422122449382662,0.1801090681072274,0.25791052950193305,,,,,,,,,
PC2_ang008,pc2,rough_forward,101,6,0,,999,0,0.35221132795440957,0.4118885099887848,0.05957941065497577,0.047927369375272866,2.585998767986399,0.49847893611653205,-0.07237057387828827,0.0023872607853263617,0.011206656694412231,0.00039960483816218334,950,0.3804800960610309,0.19288155890710537,0.5010855594622872,,,,,,,,,
PC2_ang008,pc2,rough_forward,101,7,0,,999,0,0.35723141823860416,0.41442978382110596,0.057395073181805124,0.4092179603529082,3.3667059465734948,0.10423225424146526,-0.025194375775754452,0.4077605903148651,-0.01755538582801819,-0.0013613930360518722,950,0.44165665858514236,0.12298174085060817,0.17549112160726768,,,,,,,,,
PC2_ang008,pc2,rough_forward,101,8,0,,999,0,0.30885086706615383,0.3669833242893219,0.05775877498687908,0.4573367382299775,11.208931781767339,0.08162737651015342,-0.015163727104663849,0.453427717089653,-0.02370390295982361,-0.001575444471389846,950,0.20208705850000466,0.18651717307358312,0.16988940701220678,,,,,,,,,
PC2_ang008,pc2,rough_forward,101,9,0,,999,0,0.35911345577494985,0.41826000809669495,0.05936921471580464,0.2371702311859299,9.03089472799313,0.2892214313319922,-0.08354189246892929,0.22851061820983887,-0.009078621864318848,0.0012790353540430704,950,0.27880691258596524,0.18046813817042276,0.35051785163072474,,,,,,,,,
PC2_ang008,pc2,rough_forward,101,10,0,,999,0,0.29579666448149455,0.3547004759311676,0.05834282655766941,0.5023338167961036,9.30842463465171,0.13585889851541783,0.05940725654363632,0.4841752052307129,-0.07422998547554016,0.0023588292738970576,950,0.1736963966321432,0.2129940931793423,0.16337581986366273,,,,,,,,,
PC2_ang008,pc2,rough_forward,101,11,0,,999,0,0.35972414185656587,0.41998347640037537,0.06028881684981566,0.2943697561040692,4.214142237791753,0.2089813767668477,-0.06606762856245041,0.29379257559776306,-0.010835111141204834,0.00040065031000637713,950,0.1948506831177387,0.19858787978991968,0.3100812183806792,,,,,,,,,
PC2_ang008,pc2,rough_forward,101,12,0,,999,0,0.33272755783509445,0.39275693893432617,0.05995279199936811,0.4109028206792903,7.422178179134157,0.15688332723241594,-0.005929516162723303,0.3957630395889282,-0.01438140869140625,0.0004672188172365893,950,0.1618717121007835,0.16166922495846878,0.20881913598993618,,,,,,,,,
PC2_ang008,pc2,rough_forward,101,13,0,,999,0,0.35289732028137555,0.41380779445171356,0.06209468331566469,0.2858993965485386,6.167392942499218,0.23503025866850213,-0.004457568109501153,0.2732732594013214,0.012903377413749695,0.00348663330078125,950,0.1906310931717787,0.15946640411878493,0.2660829177799301,,,,,,,,,
PC2_ang008,pc2,rough_forward,101,14,0,,999,0,0.37772186076577335,0.437210351228714,0.05932479491208326,0.040001642470348264,2.4354957956753402,0.48200978263022193,0.028037119656801224,0.01869267039000988,0.0036979615688323975,0.0001228148924475661,950,0.49971773720208873,0.08775795408650726,0.49153551973525167,,,,,,,,,
PC2_ang008,pc2,rough_forward,101,15,0,,999,0,0.3491748762640724,0.4068562090396881,0.05796522762686174,0.26802351030493426,5.979416561205946,0.25406554253121993,-0.017943793907761574,0.25512589514255524,-0.03063720464706421,-0.0007889028538994591,950,0.3967566983336775,0.1533294104694395,0.32619222734906084,,,,,,,,,
PC2_ang008,pc2,rough_forward,101,16,0,,999,0,0.3766161673527988,0.43491676449775696,0.058360997368307674,0.027938679225957365,2.4800580746503313,0.5082726497156036,0.0458512157201767,-0.007808717433363199,0.001410156488418579,0.00015133842427463018,950,0.5002654782718214,0.09030581000498715,0.5008756187224805,,,,,,,,,
PC2_ang008,pc2,rough_forward,101,17,0,,999,0,0.3571209383202109,0.4163072556257248,0.059252744052499376,0.3785592051311212,7.552197291816492,0.13968596935177208,-0.04048665054142475,0.37560905516147614,-0.01234351098537445,0.00031632408101291143,950,0.41221750902956217,0.15717622631838257,0.1469403633692856,,,,,,,,,
PC2_ang008,pc2,rough_forward,101,18,0,,999,0,0.32705182562218627,0.3857061415910721,0.05869496187424277,0.47562598477628437,8.103653855206733,0.08114461461370354,-0.046070121228694916,0.47386792302131653,0.014594361186027527,0.00040130819228881287,950,0.36914583370369236,0.19724209780760055,0.1094765225054782,,,,,,,,,
PC2_ang008,pc2,rough_forward,101,19,0,,999,0,0.31608004533352063,0.37639282643795013,0.05986405948904109,0.45359734233899285,8.667810964500921,0.07894750331176978,-0.030612037517130375,0.45098908245563507,-0.04141978919506073,-0.00022268550281218796,950,0.43916602781506886,0.13349572081882274,0.1527943375583728,,,,,,,,,
PC2_ang008,pc2,rough_forward,101,20,0,,999,0,0.3488702601130633,0.40686385333538055,0.0582070478143539,0.35794225546018144,5.857407695037413,0.17193589233754666,-0.028703749179840088,0.3505253195762634,-0.01629115641117096,-5.467052765710523e-06,950,0.4698056180800136,0.1223966605985745,0.2187050428048552,,,,,,,,,
PC2_ang008,pc2,rough_forward,101,21,0,,999,0,0.3125110966636535,0.37199556827545166,0.05970053239302202,0.2759356750381207,11.114270315963585,0.3377471421703334,0.05036383867263794,0.1994202733039856,-0.060603588819503784,-0.00014720243566176267,950,0.45385443283911864,0.14038781535038145,0.3038101126573172,,,,,,,,,
PC2_ang008,pc2,rough_forward,101,22,0,,999,1,,,,,,,,,,,950,0.2312864872679902,0.15561561484700775,0.2605846092766072,,,,,,,,,
PC2_ang008,pc2,rough_forward,101,23,0,,999,0,0.33464818690868625,0.3949946016073227,0.05984538379200002,0.4588215365376579,8.862709089896203,0.11856157635194317,-0.06010868586599827,0.4422684907913208,-0.04436756670475006,-0.00013373369839102256,950,0.20195774316629533,0.161684441185735,0.1303744219467088,,,,,,,,,
PC2_ang008,pc2,rough_forward,101,24,0,,999,0,0.326813490393965,0.38238976895809174,0.05601084806064871,0.4934485710742513,8.180447249574922,0.08621615396993423,-0.0821639783680439,0.48935094475746155,-0.012441590428352356,-0.0038183742665989506,950,0.2815259884376662,0.17375523006855043,0.10959634494173516,,,,,,,,,
PC2_ang008,pc2,rough_forward,101,25,0,,999,0,0.30153174076807054,0.3621254116296768,0.06262457944492605,0.43217942764405004,8.872794415750723,0.1068741859556211,0.013266285881400108,0.4241519272327423,-0.07133744657039642,-0.001143715598366471,950,0.4141005431415467,0.13739972992005983,0.23148161151698735,,,,,,,,,
PC2_ang008,pc2,rough_forward,101,26,0,,999,0,0.3648413557579173,0.4229409545660019,0.05817011970887209,0.4222088099112911,4.0905766495884475,0.10945236224904331,-0.09140223264694214,0.41766972839832306,0.03341643512248993,-0.004162441600452774,950,0.43678460410626896,0.14331243792282178,0.15369534903300075,,,,,,,,,
PC2_ang008,pc2,rough_forward,101,27,0,,999,0,0.2757257518761935,0.3322019875049591,0.05683546525271819,0.21693349519377864,14.228984298156693,0.43509373265291595,-0.049641894176602364,0.0817447379231453,-0.08653008937835693,0.00017380841913070683,950,0.3616422443988432,0.1842501061704404,0.5052163734477844,,,,,,,,,
PC2_ang008,pc2,rough_forward,101,28,0,,999,0,0.35577019802070553,0.41794490814208984,0.0626679027781767,0.28503364685112614,5.890212386161202,0.26021110309246254,-0.03253266680985689,0.2545378506183624,-0.043133318424224854,-0.0007002774406881934,950,0.3874054456765984,0.1801045096163227,0.32130498457230766,,,,,,,,,
PC2_ang008,pc2,rough_forward,101,29,0,,999,0,0.34556691659325584,0.40452107787132263,0.05922563828249029,0.45145015483583134,7.117153607190225,0.06534868071673985,-0.011039584875106812,0.448886513710022,-0.03488609194755554,-0.0009207445032456268,950,0.37664588543776617,0.1367443648865949,0.07546855805377227,,,,,,,,,
PC2_ang008,pc2,rough_forward,101,30,0,,999,0,0.32239556965980937,0.3825889527797699,0.059118158677045035,0.41125067944068466,9.17286619629186,0.1217199852962702,-0.11693673580884933,0.4013325273990631,-0.024131178855895996,-0.0011108826825962995,950,0.3941440906235077,0.1724894796139439,0.16892191043819596,,,,,,,,,
PC2_ang008,pc2,rough_forward,101,31,0,,999,0,0.3405413257884469,0.40440817177295685,0.06457486892129011,0.42870258927368277,8.494911288247069,0.09331829702417058,-0.05216090381145477,0.4253009259700775,-0.031921252608299255,0.0020414648209026165,950,0.4359769585437185,0.11880153004100207,0.11600639447334715,,,,,,,,,
PC2_ang008,pc2,rough_forward,202,0,1,13.16,657,0,0.3054702156845899,0.3648894727230072,0.05915202176507144,0.4695986134183522,11.662945081194277,0.08401496114284085,-0.02118781302124262,0.46686676144599915,-0.04892092943191528,-0.0027488463702686275,608,0.3879044543011265,0.218498982654,0.14210288419733635,,,,,,,,,
PC2_ang008,pc2,rough_forward,202,1,0,,999,0,0.32441289236838805,0.38458630442619324,0.06024627889541381,0.41425768653584366,8.329104224584878,0.12895542625972944,-0.07011185213923454,0.41307662427425385,-0.03825482726097107,-0.0015327433213830621,950,0.15088145764769714,0.1423831801927955,0.26242511865822965,,,,,,,,,
PC2_ang008,pc2,rough_forward,202,2,0,,999,0,0.32861585516661884,0.39162908494472504,0.06285963721453824,0.29860693472796446,9.690479018090437,0.24045215303025225,-0.046416642144322395,0.2759125232696533,-0.04895572364330292,-0.0008632282522273022,950,0.3804460749074204,0.15171284293823403,0.28658376969199917,,,,,,,,,
PC2_ang008,pc2,rough_forward,202,3,0,,999,0,0.35496028078431113,0.4146057665348053,0.05991089662766074,0.4422982521353806,7.222991929583017,0.09925220735496643,-0.042902931571006775,0.437561497092247,-0.02372834086418152,-0.002520255226502441,950,0.3474977964456984,0.1692483876886911,0.16652927321813776,,,,,,,,,
PC2_ang008,pc2,rough_forward,202,4,0,,999,0,0.3149438490842115,0.37740421295166016,0.06323579798407733,0.4452098676964661,10.767408839124233,0.10182568646366984,-0.051201581954956055,0.430931031703949,-0.055720001459121704,0.000679811691855367,950,0.3231732429827171,0.18701390101248444,0.19466366257249865,,,,,,,,,
PC2_ang008,pc2,rough_forward,202,5,1,7.1,999,0,0.3426622459913957,0.4023161083459854,0.05937916454784373,0.4363919196800835,6.690312999282719,0.14351815262463702,0.0031085482332855463,0.4265994727611542,0.011476144194602966,-0.0014834531488265579,305,0.24773725944437358,0.1677362234492246,0.18667541644798835,,,,,,,,,
PC2_ang008,pc2,rough_forward,202,6,0,,999,0,0.3469454022174213,0.4086415618658066,0.06159247434075503,0.44407518696190157,8.263100411630887,0.1432820165179064,-0.07546684890985489,0.4360867887735367,-0.030272498726844788,-0.0007692683826793362,950,0.12508961672226096,0.18916315912662793,0.17605371693166483,,,,,,,,,
PC2_ang008,pc2,rough_forward,202,7,0,,999,0,0.34541355025640785,0.4076487421989441,0.06221779400014622,0.3445346997340007,9.41552882639013,0.18098669973793652,-0.0034546476090326905,0.31998206675052643,-0.005901843309402466,-6.503344857119314e-05,950,0.17903541253334446,0.18350016181615658,0.2529859007402521,,,,,,,,,
PC2_ang008,pc2,rough_forward,202,8,0,,999,0,0.35778196395080997,0.4181179851293564,0.059991250063646286,0.44580639962881086,8.56342306953969,0.1057230211074943,0.00749988341704011,0.4430699795484543,0.008310124278068542,-0.0011977996418182854,950,0.3548467804737475,0.14110261884512407,0.1429848743759985,,,,,,,,,
PC2_ang008,pc2,rough_forward,202,9,0,,999,0,0.3390366601593354,0.3998374491930008,0.060730934143066406,0.06099400208012259,3.085605916323715,0.49239510274371306,-0.01867399364709854,0.010026821866631508,-0.022875621914863586,-0.00024204458144896912,950,0.4969774189907304,0.11671592649731546,0.4379983773756867,,,,,,,,,
PC2_ang008,pc2,rough_forward,202,10,0,,999,0,0.38193707590434645,0.440817728638649,0.05886481789981618,0.02646702749714784,2.5127388875361225,0.49696038563896994,0.057083651423454285,0.0041145458817481995,-0.003916546702384949,-0.00045254141251670904,950,0.47860977437716484,0.11779464391451694,0.49854746006187467,,,,,,,,,
PC2_ang008,pc2,rough_forward,202,11,0,,999,0,0.3741629679094661,0.43203020095825195,0.05846044469007196,0.40432912702372514,2.9489670237021093,0.10253125068227503,-0.021123118698596954,0.4035331457853317,0.0229683518409729,-0.0015918456296869846,950,0.13932805394519918,0.18657039767312836,0.1903045259059899,,,,,,,,,
PC2_ang008,pc2,rough_forward,202,12,1,11.22,999,0,0.3170762344955761,0.3797696977853775,0.06300383583109646,0.49831731179306693,8.80465448544629,0.06702713135698508,-0.03661436587572098,0.49773623049259186,-0.033917173743247986,0.0016487447973241101,511,0.24534720373787575,0.20728084223367985,0.1360187970778077,,,,,,,,,
PC2_ang008,pc2,rough_forward,202,13,0,,999,0,0.3798738924417904,0.4385051876306534,0.05855793366457689,0.0323389175186297,9.593748956405129,0.5079159583182069,0.0027834195643663406,-0.007269297260791063,0.0083933025598526,-0.0009163892205386256,950,0.5001693408977387,0.09121225535766236,0.5036573007470004,,,,,,,,,
PC2_ang008,pc2,rough_forward,202,14,0,,999,0,0.2745697285561638,0.33366090059280396,0.05884247030166381,0.45716311282564276,11.550188752547868,0.1359173258370462,-0.013099316041916609,0.4432299882173538,-0.07210823893547058,-0.0028647458489565944,950,0.1665665710003477,0.17249653252029812,0.21743128892798638,,,,,,,,,
PC2_ang008,pc2,rough_forward,202,15,0,,999,0,0.31874289399481076,0.37726710736751556,0.05882338151574772,0.3244926645882481,8.239118304480705,0.1850613931845249,-0.018009569495916367,0.32107049226760864,-0.04431180655956268,-0.0014480295028278523,950,0.30173035984720853,0.1432068643638596,0.29406068990636836,,,,,,,,,
PC2_ang008,pc2,rough_forward,202,16,0,,999,0,0.3729534235230104,0.4310370832681656,0.05812684737424799,0.03654112579590766,2.9013058109724232,0.5100492187384569,-0.07557384297251701,-0.00909571535885334,0.011671498417854309,0.0010448496609448063,950,0.36757429585802087,0.19361491048875096,0.5103830064966893,,,,,,,,,
PC2_ang008,pc2,rough_forward,202,17,0,,999,1,,,,,,,,,,,950,0.3500436412128365,0.17641430779244494,0.37483566435366183,,,,,,,,,
PC2_ang008,pc2,rough_forward,202,18,0,,999,0,0.3646536168248896,0.4199841320514679,0.055300115901518634,0.46720669166258894,4.038014716238531,0.07705799094119875,-0.019882936030626297,0.4580056816339493,0.011771589517593384,-0.0015324373296237842,950,0.2842782114401705,0.1923121376969583,0.10100916786856752,,,,,,,,,
PC2_ang008,pc2,rough_forward,202,19,0,,999,0,0.3152857604511281,0.3729426860809326,0.05791636074290556,0.3787540735416479,13.716220693935249,0.16877894974571403,-0.013835005927830935,0.35432350635528564,-0.04266175627708435,0.0003842287522586238,950,0.4345074475348015,0.15296880774239133,0.25457882414785876,,,,,,,,,
PC2_ang008,pc2,rough_forward,202,20,0,,999,0,0.32704172080213373,0.38316090404987335,0.05567110031046332,0.49043216567955145,5.461267649816504,0.08113987605297915,-0.050336387008428574,0.4868454337120056,-0.020855441689491272,-0.002312553120169404,950,0.07817204426711495,0.12489824217282605,0.0881573177193357,,,,,,,,,
PC2_ang008,pc2,rough_forward,202,21,0,,999,0,0.3298465863746755,0.3866400569677353,0.056714812702036155,0.4132446677690929,9.222049810816022,0.12688713893989378,-0.06413374468684196,0.40744780004024506,0.0031802505254745483,-0.0013399532134520248,950,0.45571621543148216,0.14470577693191336,0.14639952991959782,,,,,,,,,
PC2_ang008,pc2,rough_forward,202,22,0,,999,0,0.331027142105893,0.3883320242166519,0.057242082402030416,0.35690833788764287,7.460639780056054,0.16718224652156333,-0.1281859129667282,0.35126663744449615,-0.024537965655326843,0.002715166877297795,950,0.4718559735371921,0.12059247747900272,0.30266386173130355,,,,,,,,,
PC2_ang008,pc2,rough_forward,202,23,0,,999,0,0.2800892683911451,0.3364669978618622,0.05654261073964165,0.11244916225445262,19.864181705811617,0.5098456705935416,-0.14451580494642258,0.018778116442263126,-0.06631425023078918,0.00040873869217653014,950,0.5203289050091547,0.1648580426992037,0.5121284995376912,,,,,,,,,
PC2_ang008,pc2,rough_forward,202,24,0,,999,0,0.3596541585131763,0.41831809282302856,0.05855250231084977,0.3946148559923265,7.140003405893998,0.12558952552119573,-0.0355420857667923,0.3910748362541199,-0.012199342250823975,0.0014395688306839127,950,0.4302402117115546,0.18340929661097935,0.1299145599839618,,,,,,,,,
PC2_ang008,pc2,rough_forward,202,25,0,,999,0,0.317574198551994,0.3710910379886627,0.05400376141390061,0.3074676563671511,10.511485800238601,0.19279497236314264,-0.022776590660214424,0.30736716091632843,-0.030258923768997192,-0.0011280896191928416,950,0.13075533043788118,0.1400760931781884,0.28635465357535267,,,,,,,,,
PC2_ang008,pc2,rough_forward,202,26,0,,999,0,0.3791765575421685,0.4384620487689972,0.058509505368809014,0.31946760040442146,4.564955270055442,0.18055908925440906,-0.025206902995705605,0.31945788860321045,0.004439234733581543,-0.0017409758134321676,950,0.3863916988142579,0.14286080979715207,0.29146907895543445,,,,,,,,,
PC2_ang008,pc2,rough_forward,202,27,0,,999,0,0.290917375349106,0.35146239399909973,0.060119312714765415,0.46091777944703904,11.645929162090319,0.179795977881402,0.11789999157190323,0.4369571805000305,-0.05323326587677002,0.0016615556523124145,950,0.4508527209334961,0.14577327593211076,0.26746732049134575,,,,,,,,,
PC2_ang008,pc2,rough_forward,202,28,0,,999,0,0.3727472530488662,0.43151386082172394,0.058737265234962505,0.034753994670761006,0.7609555208825629,0.5051870575102009,0.007440879242494702,-0.00481168576516211,0.00696013867855072,0.0002690432543423077,950,0.5012168026972387,0.09856839791133751,0.5054744935735571,,,,,,,,,
PC2_ang008,pc2,rough_forward,202,29,0,,999,0,0.2821193029855024,0.34455928206443787,0.06176152968789167,0.35012550933948694,13.384238267600344,0.18037009688056566,0.019272876903414726,0.3372553884983063,-0.04618474841117859,0.000804105544472758,950,0.4430748554804708,0.17528178953264956,0.2931585908602691,,,,,,,,,
PC2_ang008,pc2,rough_forward,202,30,0,,999,0,0.2820778390303015,0.34398388862609863,0.061212233681092285,0.41830378562116827,9.370013513966075,0.1564012823567324,-0.021790582686662674,0.4061378985643387,-0.05108439922332764,0.00038779355625417206,950,0.4807511267097987,0.12551622881128413,0.25689707511862775,,,,,,,,,
PC2_ang008,pc2,rough_forward,202,31,0,,999,0,0.3173875250121489,0.3745567053556442,0.05690248254786201,0.46182097474715367,5.107246973115206,0.08698995747219199,-0.02654365450143814,0.4583719074726105,-0.04934556782245636,-0.000869699977935949,950,0.1269015674913388,0.1758922228824121,0.14982309430109172,,,,,,,,,
PC2_ang008,pc2,rough_forward,303,0,0,,999,0,0.34862968484985635,0.40698546171188354,0.05811592856830454,0.12778557113863953,7.382894658994434,0.37986019845597163,-0.013623885344713926,0.12365785986185074,-0.026826590299606323,-0.00032849745316938794,950,0.4161681881955291,0.17922485136984123,0.35306746030387437,,,,,,,,,
PC2_ang008,pc2,rough_forward,303,1,0,,999,0,0.29885118960696744,0.35860124230384827,0.05958100691198665,0.372596614671568,8.768523500631995,0.16674379343220358,-0.14177098870277405,0.35417868196964264,-0.02019992470741272,0.0008606171225481463,950,0.4036279674380108,0.17942072935206665,0.2777977357996576,,,,,,,,,
PC2_ang008,pc2,rough_forward,303,2,0,,999,0,0.3364333990901549,0.392666295170784,0.056243095805938226,0.1281730029750581,4.7313525462544925,0.4719710327654075,0.018194813281297684,0.0347979161888361,-0.04264916479587555,-0.00013887435994684033,950,0.2714382966541629,0.18426389777579052,0.4348916375225698,,,,,,,,,
PC2_ang008,pc2,rough_forward,303,3,0,,999,0,0.37722096914913567,0.4356519430875778,0.05868745487641523,0.06231991534683498,1.8514971877744872,0.4704862552705683,0.10939744487404823,0.030040082521736622,-0.013748154044151306,-0.0005447469293114945,950,0.3464164502684762,0.175233857562604,0.43930337359616833,,,,,,,,,
PC2_ang008,pc2,rough_forward,303,4,0,,999,0,0.3699103581873491,0.4287690222263336,0.05990357322488876,0.30863264582779515,7.200931321819813,0.19412735232390937,-0.042994750663638115,0.3081669360399246,-0.007761627435684204,0.001637244607038034,950,0.363274688864392,0.1617541479443533,0.2210752031773354,,,,,,,,,
PC2_ang008,pc2,rough_forward,303,5,0,,999,0,0.3350563282794493,0.39480064809322357,0.05923257919556317,0.22239452516666675,9.075959380465058,0.3254963773026908,-0.02888922207057476,0.2115887552499771,0.021342232823371887,0.00026661061985607665,950,0.4878171301809168,0.10804053879136419,0.36337458219959173,,,,,,,,,
PC2_ang008,pc2,rough_forward,303,6,0,,999,1,,,,,,,,,,,950,0.21076366653393958,0.16714069674011842,0.2545999839928902,,,,,,,,,
PC2_ang008,pc2,rough_forward,303,7,0,,999,0,0.38181875008631516,0.4409506171941757,0.05935998396439986,0.08981466232449486,5.667087415706183,0.5148461894929844,-0.06716429814696312,-0.011823078151792288,0.010213300585746765,9.977371297417714e-05,950,0.49773298613639927,0.10806926266548209,0.48436040716393947,,,,,,,,,
PC2_ang008,pc2,rough_forward,303,8,1,12.26,999,0,0.32328019135776054,0.3816707730293274,0.05846690111619266,0.3595098232226883,8.687662945686974,0.14473806852140153,-0.0096160969696939,0.3589666336774826,-0.02061086893081665,0.001190211046188272,563,0.18652756073035118,0.2024521576868506,0.19766883196655183,,,,,,,,,
PC2_ang008,pc2,rough_forward,303,9,0,,999,0,0.329382032474732,0.38702476024627686,0.057705991408404184,0.39612327194788466,7.55911049442415,0.13637635727037745,-0.09519853070378304,0.39319075644016266,-0.012904733419418335,0.0010757803279448364,950,0.4439403333940453,0.16056284646257346,0.16977217724833882,,,,,,,,,
PC2_ang008,pc2,rough_forward,303,10,0,,999,0,0.35834869375840867,0.41742779314517975,0.05904966242173139,0.3587923681383064,3.9149697330263846,0.14778933779165546,-0.0706874206662178,0.35679830610752106,-0.00977008044719696,0.003662114474862657,950,0.23915591816471587,0.14184690492660096,0.19063431995096392,,,,,,,,,
PC2_ang008,pc2,rough_forward,303,11,0,,999,0,0.3243762368665022,0.38231562077999115,0.05777135124818526,0.4438286916348101,6.8304702251714815,0.13642588862041433,-0.004865848459303379,0.42420874536037445,-0.030703797936439514,1.5396485354174372e-05,950,0.12216186831729041,0.14005364655574834,0.16422787872851446,,,,,,,,,
PC2_ang008,pc2,rough_forward,303,12,0,,999,0,0.367938194603206,0.4238361269235611,0.055849371109416776,0.03474045159791478,4.171994296817469,0.4997827811471556,0.033069999888539314,0.001335278560873121,-0.0015810877084732056,-0.0008738002675102371,950,0.49869597092862017,0.09963139066381911,0.49867510947990806,,,,,,,,,
PC2_ang008,pc2,rough_forward,303,13,0,,999,0,0.34921475838531146,0.4068179875612259,0.05786799874535219,0.4029615872310969,6.375203831374265,0.15729605999439042,-0.05680028535425663,0.39053376019001007,-0.023802712559700012,0.00062606933920141,950,0.4829339124279866,0.10830163700759415,0.24903197682082498,,,,,,,,,
PC2_ang008,pc2,rough_forward,303,14,0,,999,0,0.3093286335149551,0.36855439841747284,0.05902069520185338,0.3955971997543243,8.09997998893056,0.11123397931368106,-0.014193371403962374,0.3940887600183487,0.024441584944725037,0.0010114914593212093,950,0.3024400077203486,0.17705754408735222,0.2367493751536641,,,,,,,,,
PC2_ang008,pc2,rough_forward,303,15,0,,999,0,0.3237789072454932,0.38227081298828125,0.05837387962137314,0.3605970415595389,7.767707930527821,0.18683256177055788,-0.042964885011315346,0.352561354637146,-0.02637428045272827,0.0012180052976557207,950,0.34904487772033366,0.17812774991864747,0.2612247047213091,,,,,,,,,
PC2_ang008,pc2,rough_forward,303,16,0,,999,0,0.3414943505895329,0.40232783555984497,0.06047107064150234,0.1497194947388159,2.894856944958897,0.4076337197002266,0.0059588635340332985,0.09807082265615463,0.026895791292190552,0.0005155451157513799,950,0.4905689365093639,0.09097964224926926,0.36746917557221465,,,,,,,,,
PC2_ang008,pc2,rough_forward,303,17,0,,999,0,0.33104806596582587,0.3867723047733307,0.056495528807614576,0.08607083112941018,6.729367604956568,0.4409436542767824,-0.09386684745550156,0.059165799990296364,-0.016047775745391846,0.0004698656459543177,950,0.2236989536984447,0.17210935806827043,0.40913593925727715,,,,,,,,,
PC2_ang008,pc2,rough_forward,303,18,0,,999,0,0.33157147897437295,0.3862486034631729,0.054955584480163244,0.4618095098569649,8.066023360633164,0.1377821862370509,-0.020657004788517952,0.46010901033878326,-0.018190279603004456,-0.0008971219394296251,950,0.42091727190458095,0.1485471232827554,0.14881970486278834,,,,,,,,,
PC2_ang008,pc2,rough_forward,303,19,0,,999,0,0.3232901977664009,0.38306039571762085,0.05952623948693913,0.4600024182612663,6.82411972181057,0.09240619905376946,-0.05965482443571091,0.4581364244222641,-0.02534356713294983,0.0006898686210101909,950,0.2010709677483461,0.18673679486467348,0.14646760574036122,,,,,,,,,
PC2_ang008,pc2,rough_forward,303,20,0,,999,0,0.3339864613219379,0.39535515010356903,0.06122051075818066,0.49085004041380154,6.542517131633575,0.06147922974061008,0.06159740313887596,0.48731330037117004,-0.028715595602989197,0.0003067822379861848,950,0.1915257181873902,0.20695967961183862,0.08997796589992597,,,,,,,,,
PC2_ang008,pc2,rough_forward,303,21,0,,999,0,0.3924978828047686,0.44895245134830475,0.05639909550467914,0.04494354052585553,1.5839631806567736,0.4867324007285905,-0.032229358330368996,0.014598212204873562,0.0008063763380050659,-0.0003466478643570359,950,0.4685542210640575,0.10503457006446745,0.49376079421366753,,,,,,,,,
PC2_ang008,pc2,rough_forward,303,22,0,,999,0,0.3631478744075898,0.42147618532180786,0.05821976177195177,0.0648400099157521,1.4556090176714227,0.47281709367175434,-0.05211448483169079,0.028385418467223644,-0.01382988691329956,5.4757225322214775e-05,950,0.46278450617509836,0.12036728359732211,0.47854095403265234,,,,,,,,,
PC2_ang008,pc2,rough_forward,303,23,0,,999,0,0.36206995723719265,0.41842226684093475,0.056341359959566656,0.028778836524074747,4.788028447550131,0.49231057293378794,-0.02278412412852049,0.007826201850548387,-0.008734092116355896,0.0007278982968253883,950,0.4654751527015857,0.11088530002735505,0.4974805480249025,,,,,,,,,
PC2_ang008,pc2,rough_forward,303,24,0,,999,0,0.3755459678683052,0.4360505938529968,0.0596028292242856,0.40850104430856127,4.428215404768711,0.1361646922313972,-0.07696032896637917,0.3959100991487503,-0.011203587055206299,-0.0027301298743263244,950,0.3339539040710625,0.17029601846925252,0.16115495582300074,,,,,,,,,
PC2_ang008,pc2,rough_forward,303,25,0,,999,0,0.298087396644016,0.35954566299915314,0.06120992344330976,0.447095953470365,6.9123119171783625,0.12354397260309069,-0.047421397641301155,0.44199392199516296,-0.04643775522708893,9.769806887376803e-05,950,0.15740767781249687,0.17624095515084243,0.23957046269146048,,,,,,,,,
PC2_ang008,pc2,rough_forward,303,26,0,,999,0,0.3224213771960315,0.38255491852760315,0.06011868033179625,0.06122497907596357,12.079637127502298,0.5171094429889509,0.019449680112302303,-0.015825927257537842,-0.02478596568107605,-0.0008306758289031158,950,0.501140730945595,0.09942178673477156,0.4786743382826853,,,,,,,,,
PC2_ang008,pc2,rough_forward,303,27,0,,999,0,0.380513721927602,0.4404708743095398,0.05988974239736955,0.045160864001056185,2.316322297175743,0.5168704062441347,-0.05422334931790829,-0.016489682719111443,0.00037151575088500977,-0.0001683923649915403,950,0.5027340776125129,0.0934162803029446,0.5141545130048946,,,,,,,,,
PC2_ang008,pc2,rough_forward,303,28,0,,999,0,0.3592852078338358,0.4207218587398529,0.060764399441805755,0.24765765672154674,7.677034833531712,0.27358083394798294,-0.20843800157308578,0.23233634233474731,-0.02971947193145752,-0.0012604973532936783,950,0.44101455131506223,0.1539461517449938,0.3105537973814838,,,,,,,,,
PC2_ang008,pc2,rough_forward,303,29,0,,999,0,0.33918555375726467,0.40063412487506866,0.06177806854248047,0.40736668972034284,7.922113325744526,0.12536552971839857,-0.008684558793902397,0.4031406342983246,-0.0206308513879776,0.0002396170468253883,950,0.3948553016634872,0.15191247023208548,0.15015230696673873,,,,,,,,,
PC2_ang008,pc2,rough_forward,303,30,0,,999,0,0.34970659615203026,0.40717458724975586,0.05753217278954817,0.4574363092335728,6.1454508546415365,0.0835888021572686,-0.029452752321958542,0.45515692234039307,-0.028346359729766846,-0.002085558233414102,950,0.1282634406223107,0.15700664742506062,0.10884440009960329,,,,,,,,,
PC2_ang008,pc2,rough_forward,303,31,0,,999,0,0.3192139859983628,0.3781548887491226,0.05833942494927881,0.4869430020549952,7.485405197963612,0.08054024706240175,-0.027204131707549095,0.47566600143909454,-0.021097227931022644,-0.0027527171660234537,950,0.11300896000263527,0.14112626421538976,0.09913685555268559,,,,,,,,,
PC2_ang008,pc2,stairs_10_down,101,0,1,4.24,999,0,0.33137653983213045,-0.33545157313346863,-0.6582894554750167,0.4525418752160525,3.85366417803983,0.07303635345056537,0.019176900386810303,0.44957399368286133,-0.01572781801223755,0.0363637036818234,162,0.23728438115759876,0.2198071265392538,0.12743016026164564,0,0,1,2.36,0.3234443945043227,0.4917312225596164,0.17649390560420442,0.02544572949409485,12.832628159494103
PC2_ang008,pc2,stairs_10_down,101,1,1,7.16,664,0,0.3116283885297928,-0.339873343706131,-0.6465248934087906,0.47026074204000257,5.394542661917649,0.0916414037706359,-0.04498777911067009,0.46794164180755615,-0.016510426998138428,0.0481281943499724,308,0.4124788380500945,0.19918540178002594,0.2212042404358858,0,0,1,2.12,0.32615982896503914,0.5121777381795808,0.19058275589330953,0.0,15.964180482353894
PC2_ang008,pc2,stairs_10_down,101,2,1,3.38,999,0,0.3494588253810444,-0.32764148712158203,-0.6770061095130635,0.4977123178971648,3.299676598369925,0.044481164324316924,-0.0172280240803957,0.49744531512260437,0.020182162523269653,0.02085568943125682,119,0.06490662455637804,0.21101906387925443,0.052500407051345996,0,1,1,2.68,0.3370587025734193,0.493822057210278,0.1329397119302801,0.012850284576416016,17.938480879907065
PC2_ang008,pc2,stairs_10_down,101,3,0,,999,0,0.3201690318590817,-0.32839643955230713,-0.6524071361929338,0.3882623944371844,3.7811225801014494,0.1582472698111111,-0.02818281576037407,0.3778665363788605,-0.0012827515602111816,0.04759364714596992,950,0.4783053843428705,0.11848000066330457,0.2990603781338155,0,1,1,2.22,0.3229458869141053,0.4596286236218172,0.15839199809467086,0.019242525100708008,20.001768006421617
PC2_ang008,pc2,stairs_10_down,101,4,1,3.32,999,0,0.35481932265235777,-0.33418108522892,-0.685829682783647,0.49821358201612537,4.325990116886769,0.045771610382834865,0.013695208821445704,0.49752144515514374,-0.006867334246635437,0.014171651340423419,116,0.16320311752431546,0.15743951883381613,0.05761272714397853,0,1,1,2.62,0.33628395677887823,0.5288128710344823,0.139762411143053,0.022364884614944458,20.18437902197971
PC2_ang008,pc2,stairs_10_down,101,5,1,8.22,999,0,0.36538367196519106,-0.319998100399971,-0.6901079677642985,0.46350674336064734,4.2564115704730785,0.07042170457065605,0.006198895629495382,0.460056871175766,-0.005126938223838806,0.00989286657323174,361,0.3916858958079917,0.21510853175377148,0.09356993946786886,0,0,1,2.98,0.3351285693479732,0.5094613320774658,0.18129598042544193,0.00133591890335083,16.34829375015675
PC2_ang008,pc2,stairs_10_down,101,6,1,5.78,999,0,0.37770822245806934,-0.3203374594449997,-0.7000006303430242,0.4372561034336311,3.973001585558297,0.07924401416650446,-0.005702514201402664,0.43659594655036926,-0.006192073225975037,-0.0016040394012941661,239,0.21188111811590613,0.21665531233146754,0.09515005597022161,1,2,1,4.04,0.3499738465655934,0.5040791199193039,0.1810239593294215,0.0,16.370203485885312
PC2_ang008,pc2,stairs_10_down,101,7,1,7.38,427,0,0.37523156675425445,-0.3239947557449341,-0.7000007935386291,0.4117539539521025,4.46060493981058,0.10893208819064065,0.008469504304230213,0.40960922837257385,-0.008434653282165527,-0.002673817190894545,319,0.28456773318529016,0.15047220167909656,0.12534768030671697,0,0,1,4.1,0.34527220668639724,0.39572355541237514,0.14635695413472183,0.014731615781784058,14.16942405070598
PC2_ang008,pc2,stairs_10_down,101,8,1,3.7,999,0,0.36797494238073175,-0.3210301697254181,-0.6909097324718129,0.4717038746296215,3.4215433484025515,0.05236305343092498,0.008543579373508692,0.4703536182641983,0.015898793935775757,0.009090459283022989,135,0.15950363735162923,0.14508434514157867,0.06010404984869981,0,1,1,2.88,0.3447303512198402,0.48669192420787916,0.14912626195081413,0.016729742288589478,20.500074504441947
PC2_ang008,pc2,stairs_10_down,101,9,0,,999,0,0.3790821685669894,-0.3177909702062607,-0.7000002223540117,0.4143160558681882,3.7427036741530957,0.10614739083715138,-0.03478900529444218,0.4137111306190491,0.005530402064323425,5.813843426683007e-07,950,0.4606367172247673,0.12376092819743426,0.1350236738053048,0,1,1,3.66,0.34984712964073217,0.45885908471010645,0.15897844213852907,0.0014191865921020508,15.953150577677862
PC2_ang008,pc2,stairs_10_down,101,10,1,3.9,999,0,0.36294065065243664,-0.32985952496528625,-0.698663675848813,0.48921554077509516,3.858207878770136,0.03961181866717336,0.024284426122903824,0.48831285536289215,0.0022286176681518555,-0.0013363935093191337,145,0.10424532435515148,0.1874906067532559,0.0497216949554679,0,0,1,3.3,0.33784061718114555,0.4869777277484967,0.14680742819041492,0.0029792189598083496,17.015638710440772
PC2_ang008,pc2,stairs_10_down,101,11,1,8.38,999,0,0.3204811857664649,-0.326717346906662,-0.6454547127300405,0.45114694457561383,2.7796034704534773,0.07031828354305236,0.031050320714712143,0.4482423961162567,0.005200326442718506,0.04812851564131959,369,0.42316324297483,0.16695242767140334,0.3203797003731994,0,0,1,1.86,0.3270345900785476,0.4880865689885674,0.17030362330656001,0.06289809942245483,15.224730671506263
PC2_ang008,pc2,stairs_10_down,101,12,1,2.66,999,0,0.3343732398461531,-0.33000099658966064,-0.6647064494576683,0.4592539554042607,3.4902028593117436,0.06646732162028328,0.03382520750164986,0.45706501603126526,0.011275798082351685,0.03315482930066116,83,0.08297647994916708,0.1432382474099292,0.08297647994916708,0,0,1,2.26,0.3265969625768814,0.4767471635601263,0.13359823328925968,0.0,17.042483059459766
PC2_ang008,pc2,stairs_10_down,101,13,0,,999,0,0.3376841332345085,-0.3225233256816864,-0.6585566321796275,0.4529364521118965,2.827936441144636,0.08130309186902926,-0.009287943132221699,0.45207615196704865,0.01222538948059082,0.03663126797599592,950,0.4778503444983671,0.11647793856226281,0.2555294732396767,0,0,1,2.24,0.3300444435945806,0.5337481753246263,0.1646302533659706,0.0447370707988739,15.737808982934494
PC2_ang008,pc2,stairs_10_down,101,14,1,5.24,999,0,0.29230642788869177,-0.3419184535741806,-0.6342248814628724,0.4665700622220087,5.660142156149027,0.11596404568485413,-0.06988564133644104,0.45977963507175446,-0.024474158883094788,0.06042774730825162,212,0.38372429830932553,0.22320932182353403,0.2688574898351412,0,-1,1,1.98,0.33523395737224726,0.5285711136768292,0.1810647901047997,0.0,15.160811854398805
PC2_ang008,pc2,stairs_10_down,101,15,1,5.48,999,0,0.3767459368642001,-0.3185840845108032,-0.6983965348432408,0.4017046601900799,3.9229305678344026,0.10932769584916685,0.004474598215892911,0.3974117040634155,0.019777238368988037,0.001604309694014816,224,0.24303350652045397,0.1573846613047204,0.12149582950294516,0,0,1,3.46,0.3498398522960948,0.4549550760486357,0.15817926369886348,0.008996337652206421,14.780278668659234
PC2_ang008,pc2,stairs_10_down,101,16,1,7.64,999,0,0.3635451211170717,-0.3194880485534668,-0.6858293512925745,0.4505667818019653,3.3224862066316874,0.07696597087028684,-0.006590289995074272,0.4473596513271332,-0.009611666202545166,0.014171411646878629,332,0.3909244765861318,0.19214531796330866,0.09961490752123388,0,1,1,2.84,0.34278020693019107,0.4673733760169918,0.17706655276650418,0.0,15.771806330203116
PC2_ang008,pc2,stairs_10_down,101,17,0,,999,0,0.3357023164072139,-0.32327429950237274,-0.652941448803254,0.4350123870873738,3.66056056105447,0.08580907427263083,-0.05546446703374386,0.43186913430690765,0.01203279197216034,0.04705912034141824,950,0.4754927127690853,0.11735425558572403,0.23043526954859583,0,1,1,2.16,0.33942975048075386,0.49028602166738233,0.1469770185450182,0.002869516611099243,17.628008056755565
PC2_ang008,pc2,stairs_10_down,101,18,1,5.82,999,0,0.3190677320574694,-0.3441318869590759,-0.6582888842903994,0.513807145744091,3.962200138208356,0.06716287383934653,-0.03286927938461304,0.5126826763153076,-0.01669442653656006,0.040107359860670044,241,0.4182126873148789,0.17454582113791473,0.3042886979039034,0,0,1,1.96,0.3190677320574694,0.5244929284742857,0.15963074198381144,0.0,17.49467605866279
PC2_ang008,pc2,stairs_10_down,101,19,1,9.08,999,0,0.35801546626231245,-0.31870754063129425,-0.6799472819037616,0.4673232493844264,3.5706181062475517,0.07295844870378845,-0.016563450917601585,0.4650871306657791,-0.0036239176988601685,0.02005309344612971,404,0.40900504697944434,0.18832920867621936,0.09046331122704698,0,1,1,2.64,0.3424417218741249,0.47533602123283797,0.17848612806376285,0.01562824845314026,16.585288309784783
PC2_ang008,pc2,stairs_10_down,101,20,0,,999,0,0.37105303946982093,-0.32270438969135284,-0.7000003141515395,0.452232346958184,3.8717193474306866,0.06846687294236242,-0.0024518953287042677,0.44945788383483887,-0.0005945116281509399,-0.0005338638224066106,950,0.45247048824091285,0.13369456067452237,0.08221565176103841,0,1,1,3.48,0.3459138073385718,0.5042225738100571,0.1570007786712545,0.0034141838550567627,18.379148550599442
PC2_ang008,pc2,stairs_10_down,101,21,1,6.22,310,0,0.3498114933145237,-0.322286918759346,-0.6719258405308035,0.45287307857998416,3.534925741962775,0.060827931791725215,0.01031311322003603,0.4520418792963028,-0.008735492825508118,0.02807440222265889,261,0.3451802032412395,0.15458018894842634,0.07775111882897061,0,0,1,2.5,0.3459141460013262,0.49578701997481794,0.15779538619964517,0.015573859214782715,15.502290605665413
PC2_ang008,pc2,stairs_10_down,101,22,1,3.28,999,0,0.35059050028336874,-0.33243077993392944,-0.678342911011395,0.5076381148818085,3.71809132734458,0.04389867871691552,0.025172097608447075,0.5056899189949036,0.004438579082489014,0.021658086521740283,114,0.05182458896922988,0.13626761809640509,0.04805604582900223,0,1,1,2.62,0.33150171564224573,0.5043147815723695,0.11888020131039745,0.017309606075286865,25.163527983274548
PC2_ang008,pc2,stairs_10_down,101,23,1,5.12,999,0,0.32997646338161934,-0.3308357298374176,-0.6566849060874572,0.5018232071364114,3.7542110949468643,0.07019456947804267,-0.03039984591305256,0.4991203248500824,-0.009136617183685303,0.04010714566643858,206,0.3591437176003275,0.21602104275755832,0.2869983159155742,0,0,1,1.96,0.3303785201381234,0.5080608885379054,0.1597845952778576,0.010492950677871704,16.092417196498307
PC2_ang008,pc2,stairs_10_down,101,24,1,2.1,236,0,0.30415725405203464,-0.3461824655532837,-0.6497334668980562,0.49173319850107383,4.6793115976202575,0.05989403793483537,0.03152640163898468,0.49142855405807495,-0.009672105312347412,0.04278093225815727,55,0.12306971751014122,0.12134110564025957,0.12306971751014122,0,1,1,1.82,0.30240072413561814,0.5116803069670576,0.14973252358283584,0.07576832175254822,14.661784548691738
PC2_ang008,pc2,stairs_10_down,101,25,1,4.06,317,0,0.3687305609810161,-0.3280330002307892,-0.6994660678394338,0.4566570393474846,3.9053466200286406,0.054487340896538235,0.0186616200953722,0.45531754195690155,0.005586683750152588,-0.0005347766978217594,153,0.07122616958032559,0.12820176493875038,0.06832743803267186,0,0,1,3.48,0.335131423517982,0.485024826482127,0.1357079578593453,0.030663669109344482,14.223814875553625
PC2_ang008,pc2,stairs_10_down,101,26,1,5.42,999,0,0.3506227406588468,-0.3320942372083664,-0.686364515579958,0.5014871337978553,3.7843769638507734,0.04191915034410383,-0.0010501793585717678,0.4978991001844406,-0.004506275057792664,0.013636971539991993,221,0.29616710454826245,0.20212443106828806,0.05440320492268811,0,0,1,2.72,0.3390593775772156,0.4946628869706808,0.15583991271289277,0.0094471275806427,15.120173831359875
PC2_ang008,pc2,stairs_10_down,101,27,1,7.58,999,0,0.26331310651519085,-0.3641335964202881,-0.6352951743386008,0.45744665129428486,7.662384006778485,0.09318847700379763,-0.08500777930021286,0.4497630447149277,-0.03626635670661926,0.057219102420908885,329,0.4182360977710697,0.21022520587988064,0.24463868379343234,0,1,1,2.08,0.32312032548501535,0.5053579721022,0.19118835996179018,0.04291820526123047,16.384035451300356
PC2_ang008,pc2,stairs_10_down,101,28,1,2.98,999,0,0.3316007788806038,-0.3410438746213913,-0.6580220645761745,0.5312922657693622,4.19347438422613,0.07059621212832998,-0.05456951633095741,0.528392881155014,-0.012368127703666687,0.04037492415484256,99,0.3023688482488828,0.21390715848453679,0.3023688482488828,0,1,1,1.94,0.3333707129891543,0.5220304059916152,0.16180604218161676,0.007453471422195435,17.90729703167959
PC2_ang008,pc2,stairs_10_down,101,29,1,4.12,999,0,0.3243777300903504,-0.34158989787101746,-0.6598939742634004,0.48331977352378286,3.8533592850773504,0.06076403073490039,0.011510740965604782,0.4811515808105469,-0.024315237998962402,0.03475922569234102,156,0.2670590681725543,0.2131563164932621,0.26632754938429976,0,0,1,2.14,0.32077621696467074,0.5367723880768912,0.14720536664845474,0.024276673793792725,14.205693347983626
PC2_ang008,pc2,stairs_10_down,101,30,1,9.18,999,0,0.37878043216498775,-0.3136100023984909,-0.694921131440025,0.4222113229349744,3.6908550127575364,0.10250081883809353,0.007269354537129402,0.4185969829559326,-0.0001483708620071411,0.005079733496681227,409,0.3804828562398759,0.23576057289358238,0.10072745797392692,0,1,1,3.36,0.35060306506998395,0.4917894951000417,0.189910650731408,0.005800902843475342,16.247031399159596
PC2_ang008,pc2,stairs_10_down,101,31,1,2.78,999,0,0.3342746073868186,-0.32865574955940247,-0.6593592128651665,0.4347069694003409,3.635019204013762,0.08662140852848937,-0.04090820625424385,0.4294810891151428,-0.007689118385314941,0.04064148887593477,89,0.18345526656963212,0.19401918768817591,0.18345526656963212,0,0,1,2.14,0.3342746073868186,0.4880226843017597,0.14897888675730497,0.008776098489761353,17.810983752626587
PC2_ang008,pc2,stairs_10_down,202,0,1,1.9,999,0,0.3030307171816494,-0.3405056595802307,-0.6433164117170528,0.5054264606085448,4.179873199724117,0.049004921142171504,0.0027762316167354584,0.5033308267593384,0.011263370513916016,0.047059115241555594,45,0.12110722108030393,0.25906326647879985,0.12110722108030393,0,0,1,1.72,0.3019464626350504,0.4899789837817567,0.1486798317674647,0.0013509690761566162,18.028453518887552
PC2_ang008,pc2,stairs_10_down,202,1,1,7.06,572,0,0.2996862613581081,-0.33670835196971893,-0.6334229790590664,0.5001245813739132,3.683779524913743,0.05531581127633382,-0.0686834491789341,0.4988032132387161,-0.014214828610420227,0.05320872852509029,303,0.43419059019839035,0.18605749362833277,0.4041465494383655,0,0,1,1.68,0.3135732648206905,0.5151787242314749,0.15113289359419102,0.0,20.488184002577263
PC2_ang008,pc2,stairs_10_down,202,2,0,,999,0,0.3768365190309637,-0.3189414441585541,-0.7000007629394531,0.430689592762859,3.99454730681743,0.08681212061988847,-0.02804112806916237,0.42800581455230713,0.01007416844367981,0.0,950,0.4506426810396594,0.1397795127549506,0.10921306970974479,0,0,1,3.52,0.35013671450436434,0.4472668940577284,0.15029950384150215,0.017400026321411133,18.55874822227558
PC2_ang008,pc2,stairs_10_down,202,3,0,,999,0,0.32453637550221404,-0.32619374990463257,-0.6491990114915818,0.47006187337589445,3.5666686084925394,0.06873029532979075,-0.02227538824081421,0.46493276953697205,0.00129014253616333,0.049197895641632794,950,0.48081116780849403,0.11403676802867094,0.3154548273651417,0,1,1,1.92,0.3318536287960522,0.49618333794183583,0.1499780159901808,0.007806152105331421,17.315969149223967
PC2_ang008,pc2,stairs_10_down,202,4,0,,999,0,0.38120163124512857,-0.316824808716774,-0.7000007425400026,0.44838927341908474,3.9236092022390205,0.07628945523672206,-0.02465209923684597,0.44528211653232574,0.019075050950050354,1.52995879632023e-07,950,0.45640112851064957,0.12271545850632194,0.09624824265609447,0,0,1,3.38,0.3498420951200679,0.5002001517404384,0.15143462888059767,0.0,16.839301321792767
PC2_ang008,pc2,stairs_10_down,202,5,1,4.6,229,0,0.3241737302452485,-0.34203675389289856,-0.6577548011738986,0.46756511023480274,4.418579325056692,0.06056967018907633,0.011358094867318869,0.4655679911375046,-0.015277981758117676,0.03957279735707986,180,0.3272668463110623,0.15957563020319865,0.26900636621572993,0,1,1,2.02,0.33058592358374983,0.46080388796337796,0.1594615688617217,0.028578490018844604,13.525171000768989
PC2_ang008,pc2,stairs_10_down,202,6,1,2.68,999,0,0.3309887348011853,-0.33465734124183655,-0.6609633287644003,0.4945325723102669,3.844054964058936,0.053232065157769876,0.038550734519958496,0.4938790649175644,-0.001549839973449707,0.0363637495805873,84,0.0850474875268968,0.17253210135268246,0.0850474875268968,0,1,1,2.14,0.3310825450216385,0.5406222647758042,0.13065848344150077,0.019928306341171265,13.80191232750972
PC2_ang008,pc2,stairs_10_down,202,7,1,10.46,999,0,0.3131309382737002,-0.3290463984012604,-0.6470593641148531,0.44273545385422397,2.8248691230218386,0.06982359768901848,0.008883066475391388,0.4414464235305786,-0.0006822049617767334,0.04705947223194151,473,0.44821382449390784,0.16533634957551488,0.3300216141057073,0,0,1,1.78,0.3307245800839388,0.49389605612754456,0.15173960305790213,0.0025070011615753174,18.08804454448306
PC2_ang008,pc2,stairs_10_down,202,8,1,4.98,248,0,0.3496865429342749,-0.3366008400917053,-0.6756688694265437,0.5122598423597073,3.869055873469703,0.05051035033285521,-0.0027738125063478947,0.5116255581378937,-0.010877251625061035,0.02433115913268713,199,0.3129250210188576,0.15119429846594468,0.1179274690711663,0,1,1,2.42,0.3297088356579051,0.5223260894690532,0.15386390016678186,0.042762428522109985,14.902167643149044
PC2_ang008,pc2,stairs_10_down,202,9,1,18.3,999,0,0.32950185135724075,-0.32289764285087585,-0.6475937685227011,0.4493174352304653,2.9084509463536308,0.08805269488151155,-0.03537727892398834,0.43916386365890503,-0.010304033756256104,0.05080280201957832,865,0.47107300936179225,0.14603590964334218,0.31089248920042817,0,0,1,1.96,0.3396915312119346,0.4611382741141965,0.14695103633850015,0.0015062391757965088,18.835469369817137
PC2_ang008,pc2,stairs_10_down,202,10,1,5.08,999,0,0.368951330927604,-0.3226463943719864,-0.6970599016403769,0.4735952239140213,4.001519336000551,0.06320480607781298,0.019633745774626732,0.47296035289764404,0.00925736129283905,0.0029406165056687916,204,0.22607002928212283,0.21696834977378812,0.08444439282089189,0,1,1,3.34,0.3440553459891661,0.5128504355639614,0.1703975079531338,0.008017092943191528,16.66357013932495
PC2_ang008,pc2,stairs_10_down,202,11,1,3.9,999,0,0.36803228260680315,-0.32097622752189636,-0.6919795153612759,0.46635818510955607,3.7101404152923116,0.04855370406745204,0.002766536083072424,0.46494248509407043,-0.00039631128311157227,0.006951938975941041,145,0.06358969580166969,0.12323638848833321,0.06312767520085044,0,1,1,3.2,0.33897694164418923,0.4789985538152983,0.13689905660037693,0.0010701119899749756,13.574657232239202
PC2_ang008,pc2,stairs_10_down,202,12,1,4.86,999,0,0.330982165460918,-0.3389222323894501,-0.6700538543456378,0.48452757478949504,4.145276250676099,0.054955718905406556,0.03966354764997959,0.47988393902778625,-0.0023866891860961914,0.02673839120303889,193,0.22794083427022105,0.22357639542483335,0.0759727214662003,0,0,1,2.54,0.32395205985416065,0.4969609024040714,0.16123032617696464,0.0,12.877280916025693
PC2_ang008,pc2,stairs_10_down,202,13,0,,999,0,0.36559866687512016,-0.3217693716287613,-0.6893053666793089,0.4875440664654751,3.7334137084891728,0.06576437993567225,0.014583192765712738,0.485924631357193,0.015980616211891174,0.010695681852452954,950,0.4583372989097989,0.1370905500457478,0.0708214038974662,0,1,1,2.92,0.3419380277235877,0.5411141363530082,0.18295333793456536,0.003421187400817871,16.360531316178495
PC2_ang008,pc2,stairs_10_down,202,14,1,3.4,314,0,0.35506629210742396,-0.32877741754055023,-0.6868991647812135,0.47171136566889255,3.7785062470132136,0.052457861976184725,-0.008176909061148763,0.4699457287788391,0.010429605841636658,0.013101730754668695,120,0.06724307838013535,0.12959879816809183,0.06651845913999622,0,0,1,2.86,0.33691776691273567,0.4434506443807253,0.1454231821916958,0.040285855531692505,13.072204151697084
PC2_ang008,pc2,stairs_10_down,202,15,1,7.26,362,0,0.3556377403238878,-0.3364090919494629,-0.6967921792504621,0.4870635793864653,4.516110601221318,0.05540238273359965,-0.004010065458714962,0.48563532531261444,0.0050979554653167725,0.003207920706845946,313,0.3461856286252511,0.13245848360007856,0.06217497182998064,0,1,1,3.06,0.327813234239976,0.5374067344044393,0.17041031323014733,0.020809143781661987,14.427739383349987
PC2_ang008,pc2,stairs_10_down,202,16,0,,999,0,0.37279623579532706,-0.3146919906139374,-0.6871664587826652,0.4381150414806281,2.8927610726620223,0.07880202373748132,0.004832869046367705,0.436240091919899,-0.0059556663036346436,0.012834508151294055,950,0.4693363674806193,0.12315560576746397,0.1041441102961874,0,0,1,2.7,0.3518831248589378,0.4869044406794079,0.1597941205463308,0.015463203191757202,16.109644629212145
PC2_ang008,pc2,stairs_10_down,202,17,1,4.22,237,0,0.3278839157067518,-0.33371271193027496,-0.6660433682528409,0.4640929623267291,3.8369576287824465,0.06661314762392362,0.010837007779628038,0.4623449295759201,-0.017950281500816345,0.03395699689732512,161,0.26741016177799737,0.1583063048936842,0.23532257225509584,0,0,1,2.18,0.3268230146265285,0.5110522376506242,0.1524266602202533,0.04858413338661194,12.921094718690194
PC2_ang008,pc2,stairs_10_down,202,18,0,,999,0,0.34765067656728676,-0.3295012563467026,-0.6767386166169682,0.4811184315453832,3.567437172140011,0.06014780987985532,-0.0008498551324009895,0.47912925481796265,0.002374812960624695,0.023262125923034338,950,0.45492838169826666,0.14125295930815954,0.07340060821072901,0,1,1,2.5,0.3436073938155557,0.4820617696648406,0.1623810960009774,0.04576095938682556,15.801142795324186
PC2_ang008,pc2,stairs_10_down,202,19,0,,999,0,0.35037120172684205,-0.3226565718650818,-0.6668456276470327,0.4572917661055221,3.6166093309336067,0.08747182333905369,-0.03903602808713913,0.45283815264701843,0.0002758502960205078,0.03315544128417969,950,0.4748537541887578,0.11936889618101562,0.17584161507428178,0,1,1,2.28,0.34929901058661106,0.5096697318733339,0.15206366618049338,0.0,17.736093565432675
PC2_ang008,pc2,stairs_10_down,202,20,1,4.56,999,0,0.3557112760403577,-0.33665530383586884,-0.6967920670534837,0.5122723647480096,4.452315329687705,0.04122947271004461,0.02560727670788765,0.5107347667217255,0.0015286058187484741,0.0032084918914632166,178,0.17849750062008335,0.20252343020825633,0.04865631599215535,0,1,1,3.32,0.33236031704407965,0.5199561677574651,0.15761608889396173,0.0,19.72818204204748
PC2_ang008,pc2,stairs_10_down,202,21,1,4.98,999,0,0.364345029315209,-0.3256465941667557,-0.6935833558679264,0.47113352030513805,4.7302917704212835,0.06137038538163883,0.027023262344300747,0.46622277796268463,0.005807146430015564,0.004812786285889992,199,0.17482199576408952,0.2124507620126101,0.07063866347076946,0,0,1,3.32,0.33991158295442714,0.4896418400236913,0.19967915635695432,0.0012478232383728027,17.028692851936164
PC2_ang008,pc2,stairs_10_down,202,22,1,2.1,999,0,0.3027001555590706,-0.33135101199150085,-0.6368986425552776,0.4456724233503494,3.1755183554510897,0.07514675178680093,-0.04262353107333183,0.44361376762390137,-0.006642729043960571,0.05294120502981914,55,0.20326850789150674,0.17458788577835777,0.20326850789150674,0,0,1,1.84,0.30171685948728877,0.44768181930632883,0.14545693579204577,0.02337712049484253,17.501354666961443
PC2_ang008,pc2,stairs_10_down,202,23,1,3.22,577,0,0.3293922030352016,-0.33862796425819397,-0.6796796411116492,0.49764235053082817,4.205048272113267,0.047544028712534964,0.014175510499626398,0.4971895068883896,-0.015872985124588013,0.020321427819563143,111,0.07293217730049288,0.17257853995520098,0.05820239349771849,0,0,1,2.6,0.323033946242562,0.5343215023280627,0.13678285559230952,0.010770827531814575,14.651216285487417
PC2_ang008,pc2,stairs_10_down,202,24,1,4.26,999,0,0.3305910975537836,-0.3228170573711395,-0.6508031834893048,0.4670214257039733,2.9514776640218017,0.057280747104432664,0.03646793216466904,0.4647970497608185,-0.006530791521072388,0.042246374854429614,163,0.2946561981442561,0.18513624989999775,0.26400039866050234,0,1,1,2.04,0.32820322424332726,0.4998343639831639,0.1639313053957281,0.05780830979347229,15.465500315488741
PC2_ang008,pc2,stairs_10_down,202,25,1,3.3,351,0,0.24814443760377197,-0.37469983100891113,-0.6320863713555158,0.4892581691260547,9.141350451501832,0.11117911917690318,-0.018077371641993523,0.4790419042110443,-0.029117882251739502,0.06256750178209591,115,0.25949530007145777,0.2392522200283702,0.2394782073203824,0,1,1,2.0,0.3088035927736823,0.5318539923969922,0.16737280857754266,0.030673623085021973,16.307100853572088
PC2_ang008,pc2,stairs_10_down,202,26,1,5.58,999,0,0.34317770209860676,-0.3205806463956833,-0.66096323186701,0.45747155436497733,3.0424349006533102,0.06778289069222608,-0.06031065620481968,0.45446066558361053,0.006766751408576965,0.037967998076250176,229,0.3766915780082646,0.2222543763036214,0.15067055587778846,0,1,1,2.3,0.34104831795641444,0.4884215713866086,0.16469495372976206,0.01569637656211853,18.114336809339814
PC2_ang008,pc2,stairs_10_down,202,27,1,4.1,339,0,0.3566345548566013,-0.33624356985092163,-0.6978617938444576,0.5032344056809117,4.358723565113823,0.055476322124703326,-0.004283804912120104,0.502341091632843,-0.014747768640518188,0.000534786897547157,155,0.06518626989812183,0.13951195478100345,0.060363555738812275,0,0,1,3.48,0.3378468146298659,0.4688806248277861,0.11388092101576497,0.0013435184955596924,20.437250319910625
PC2_ang008,pc2,stairs_10_down,202,28,1,9.04,999,0,0.3685303167863326,-0.319878414273262,-0.6954552349559764,0.4860912336623976,3.6448087429762395,0.05784965241899351,-0.02158832922577858,0.48569972813129425,0.014291420578956604,0.004545456585399621,402,0.3857631951203924,0.16300278327994533,0.06674185351804841,0,0,1,3.0,0.35071104860560776,0.5244350266615116,0.16237682630034056,0.01957610249519348,17.831816827887028
PC2_ang008,pc2,stairs_10_down,202,29,1,2.66,999,0,0.31639928326887246,-0.3269168734550476,-0.6433161567239201,0.4636606797710153,3.3989755934180907,0.07875031949617617,-0.0462627150118351,0.46141359210014343,-0.00951358675956726,0.05668463681470903,83,0.23049223644552128,0.17523159758714893,0.23049223644552128,0,0,1,1.92,0.33635713327377237,0.521678461964151,0.1443850069760001,0.016342729330062866,19.75254968656631
PC2_ang008,pc2,stairs_10_down,202,30,1,3.16,999,0,0.34711270113998555,-0.33756330609321594,-0.6794127754986605,0.49873357756259773,4.3794884425820255,0.05341851708972632,-0.017941055353730917,0.49650542438030243,-0.01077619194984436,0.02058801803996857,108,0.14728419480382463,0.19547679088807118,0.07589788109631306,0,0,1,2.48,0.3332193073104409,0.5353734584533836,0.14996933172093352,0.021982163190841675,18.552598978291662
PC2_ang008,pc2,stairs_10_down,202,31,1,4.42,999,0,0.3395078516102092,-0.3382211923599243,-0.6759366071160464,0.523316970537661,4.56601355752394,0.059917168065595966,-0.04657791368663311,0.5193199217319489,-0.004387378692626953,0.02246053461085029,171,0.24603688700210377,0.259647156730717,0.1558424380271437,0,1,1,2.58,0.3189142951990831,0.5121047343574936,0.19135589395614871,0.0,14.95813123095588
PC2_ang008,pc2,stairs_10_down,303,0,1,5.02,290,0,0.3591088538660723,-0.31922048330307007,-0.6788783659909499,0.44938045836792223,3.342030706761296,0.061380010550758785,0.001425551250576973,0.44813641905784607,0.017499923706054688,0.02112237654905269,201,0.2782232382643308,0.16060392547333538,0.09535119686067947,0,0,1,2.52,0.3441206325184215,0.5110156137378524,0.1676102556328085,0.026980072259902954,15.28217045788938
PC2_ang008,pc2,stairs_10_down,303,1,1,4.44,258,0,0.35122573535072615,-0.32479479908943176,-0.677006191110866,0.45455075608141227,3.3686567822504285,0.06776537046558234,0.019308590330183506,0.4517732113599777,0.0029683709144592285,0.022459718632825476,172,0.21037591731693825,0.1513918871235216,0.08641596495728078,0,0,1,2.66,0.3335249068584034,0.4927636990758048,0.141958651376918,0.03127706050872803,13.939027447963202
PC2_ang008,pc2,stairs_10_down,303,2,0,,999,0,0.341222909523204,-0.3257373571395874,-0.6625677710548442,0.4476707722731813,2.835934695726644,0.07000113345995868,-0.018541846424341202,0.4459182620048523,0.005538344383239746,0.0374337364645565,950,0.4738270377143054,0.14717309715904256,0.20425393764003433,0,1,1,2.24,0.33997541044485124,0.44369026211594537,0.16428348167057338,0.0348169207572937,15.776090231195647
PC2_ang008,pc2,stairs_10_down,303,3,1,18.2,982,0,0.3712639177546782,-0.32046741247177124,-0.6967928065335687,0.427787077984173,3.9153855606312282,0.09795938276819681,0.012666485272347927,0.4276471734046936,0.012315481901168823,0.003208038003686964,860,0.4467125654391913,0.159543086428322,0.11943378174994,0,0,1,3.52,0.34828848347944374,0.38728654644189386,0.1704054495548819,0.025493979454040527,14.083410766582334
PC2_ang008,pc2,stairs_10_down,303,4,0,,999,0,0.3401084930342149,-0.3198476731777191,-0.6574874255746443,0.44901414260054057,2.992115507587199,0.06933001227533944,0.0207827128469944,0.4448518007993698,0.005512058734893799,0.03556192877458375,950,0.47228878871066876,0.13424580285735777,0.23940795327998193,0,1,1,2.14,0.3288314964044541,0.47602259442710126,0.15709539387315352,0.06150802969932556,15.18711486999807
PC2_ang008,pc2,stairs_10_down,303,5,1,2.88,999,0,0.3448224959367099,-0.3217140883207321,-0.6649740392511541,0.40624356011744944,3.335216519895279,0.1047448985416199,-0.007155572762712836,0.4042058736085892,0.012657061219215393,0.03235335528531824,94,0.1439082702115856,0.15252627219568035,0.1439082702115856,0,1,1,2.38,0.33350434835581855,0.46643459019195416,0.15251177326243193,0.04397153854370117,14.564865713920288
PC2_ang008,pc2,stairs_10_down,303,6,1,3.72,999,0,0.3491751429709521,-0.32255400717258453,-0.6689847395381825,0.48105799013138417,3.2608048360319297,0.07914193372832456,-0.04065786488354206,0.47755852341651917,0.012086883187294006,0.0310165129880855,136,0.2211120186763449,0.23089152669561522,0.08650793319690102,0,1,1,2.4,0.34373325699153434,0.5127545069147292,0.13070184837050614,0.019221454858779907,16.587178551968623
PC2_ang008,pc2,stairs_10_down,303,7,0,,999,0,0.3774415799640717,-0.316555917263031,-0.6967923373462044,0.4665856401601741,3.6867661688666598,0.051543478960390875,0.024494707584381104,0.46481944620609283,0.00855487585067749,0.0032085377902271173,950,0.4572128820321868,0.15050707300931798,0.07241508808311369,0,0,1,3.14,0.34646277456360064,0.5091864638120454,0.1548264343789555,0.0038494765758514404,20.457945163602524
PC2_ang008,pc2,stairs_10_down,303,8,1,1.98,999,0,0.3181067472473186,-0.33349740505218506,-0.6449204919172481,0.4774636980602034,4.005359454333026,0.06118256880897568,0.005580354947596788,0.4758777916431427,-0.005299657583236694,0.04438481866357158,49,0.12145983859496455,0.17183680789879885,0.12145983859496455,0,0,1,1.8,0.3111573545371785,0.5200875332807613,0.15640445667154645,0.08254691958427429,13.281938708468383
PC2_ang008,pc2,stairs_10_down,303,9,0,,999,0,0.3627946232570046,-0.31934772431850433,-0.6871665352806051,0.43342015048224747,3.322487543924464,0.08020242981951552,-0.005294954404234886,0.43165628612041473,-0.005665197968482971,0.012834472452255441,950,0.4641545499020554,0.16828519207251588,0.09256475700208734,0,0,1,2.9,0.34523022923877533,0.4161314278614726,0.16365581177135202,0.01356649398803711,12.479297366137072
PC2_ang008,pc2,stairs_10_down,303,10,1,7.08,999,0,0.2813038390906737,-0.3484104722738266,-0.6296797257693694,0.43440373146629696,6.547259575285036,0.12137170986072841,-0.02802721131592989,0.42409995198249817,-0.01952780783176422,0.06390369639677163,304,0.42473544313152023,0.20480269394729192,0.312746808477446,0,1,1,1.96,0.3225979650403089,0.4655138095058895,0.18421646092027266,0.0,15.325800422951124
PC2_ang008,pc2,stairs_10_down,303,11,1,4.38,999,0,0.3366682405937164,-0.33109547197818756,-0.6622999313680884,0.4858515741660646,3.6453583107952032,0.058671929103237,-0.04192611761391163,0.48580609261989594,-0.0007943660020828247,0.036096067989573655,169,0.2798817808348931,0.24599895687190323,0.23964857464586348,0,0,1,2.18,0.33594006570902735,0.4940725482415669,0.16445259837543258,0.0011255145072937012,16.798771025094155
PC2_ang008,pc2,stairs_10_down,303,12,1,15.62,999,0,0.37568444459833567,-0.3211778402328491,-0.6975942193505599,0.41386701643722856,4.30223184654661,0.11424413009722623,-0.01734211388975382,0.4113132804632187,-0.004758954048156738,0.001871455799449473,731,0.428472617313764,0.15599625946768905,0.20839465700362286,0,0,1,3.84,0.34130198624044816,0.5021366271923844,0.14660255937652789,0.001836329698562622,17.33997930321488
PC2_ang008,pc2,stairs_10_down,303,13,1,3.3,999,0,0.3499972217063853,-0.320879727602005,-0.6716588270217977,0.44964188641970326,3.5523557246401554,0.06741541014311689,-0.01312348898500204,0.4479978531599045,0.005222231149673462,0.028341935917655436,115,0.20139137680476418,0.180178329281789,0.08619952030594454,0,1,1,2.4,0.337833951660656,0.4900221383948641,0.1405996445984764,0.00422254204750061,19.77645449552659
PC2_ang008,pc2,stairs_10_down,303,14,1,3.8,999,0,0.35187789319670776,-0.33332885801792145,-0.6909094978781307,0.5035574690583258,3.9799740884122907,0.03527084211373746,0.019605448469519615,0.5020434260368347,-0.0003905743360519409,0.00641726427537237,140,0.05229377501661215,0.13449087229748327,0.04492186275041409,0,0,1,3.06,0.327159061310763,0.5162239892551266,0.100553937774291,0.00845840573310852,29.860343661965285
PC2_ang008,pc2,stairs_10_down,303,15,1,2.66,999,0,0.3282822206377346,-0.3216400444507599,-0.6390381675353025,0.4165307207975659,3.2075383886968614,0.10503751135409661,-0.04760075360536575,0.4115094542503357,-0.0044078528881073,0.05775397601612109,83,0.256677528105492,0.21961688124168136,0.256677528105492,0,1,1,1.92,0.338149527018083,0.4716006479485724,0.14867715067404474,0.005751579999923706,22.658147519502318
PC2_ang008,pc2,stairs_10_down,303,16,1,4.14,305,0,0.32739993706743986,-0.3365131914615631,-0.6566849876852596,0.4705979992527235,3.5742910606710305,0.06686024282450792,-0.012693345546722412,0.4613974690437317,0.006667286157608032,0.04331539786435701,157,0.28600685891430283,0.15546091071565996,0.28828385976697096,0,0,1,2.1,0.3332320764103037,0.5129913860412758,0.16550870566444598,0.060052961111068726,14.541843041889498
PC2_ang008,pc2,stairs_10_down,303,17,1,5.94,999,0,0.3673800078624072,-0.32625676691532135,-0.6989309188516382,0.4545875249706314,3.8961514819228587,0.059598335756268245,-0.025429881177842617,0.45251497626304626,0.0006060749292373657,0.0010694564982531851,247,0.25382018017910757,0.2030869487645765,0.07257449307990033,0,0,1,3.6,0.3149529583951368,0.44611091811646947,0.173411723764185,0.0175284743309021,15.41181202914111
PC2_ang008,pc2,stairs_10_down,303,18,1,5.0,333,0,0.29909060305771346,-0.34205828607082367,-0.6339577659566135,0.49914729144549813,4.195330268609663,0.10415658959951041,-0.09291112050414085,0.49576011300086975,-0.011497542262077332,0.055347534424480926,200,0.3924704295630317,0.21554650891045532,0.36573432873138423,0,0,1,1.72,0.3040655277629587,0.4982624154820491,0.15308032316320086,0.04089370369911194,17.910351149837272
PC2_ang008,pc2,stairs_10_down,303,19,1,4.8,267,0,0.3413153349715758,-0.33667880296707153,-0.6778081088142599,0.49877175861064715,3.8879863356136743,0.04751745986996499,-0.009042262099683285,0.49722379446029663,-0.011412829160690308,0.02219263372574265,190,0.25818776021635736,0.18165148709484194,0.053402005645547174,0,0,1,2.56,0.3254046478373481,0.536554702798812,0.14842579278716428,0.0057291388511657715,14.450187242438448
PC2_ang008,pc2,stairs_10_down,303,20,1,1.9,999,0,0.2988445138867526,-0.3503725528717041,-0.6363640035537474,0.5234961687203039,4.961042053766672,0.06325915354475185,-0.03346922621130943,0.5224063992500305,-0.022476553916931152,0.05133780821121958,45,0.20436667171972464,0.25997318652394397,0.20436667171972464,0,0,1,1.66,0.2999755137744434,0.536778810189662,0.14616679300598923,0.0,18.245696072891196
PC2_ang008,pc2,stairs_10_down,303,21,1,5.46,999,0,0.37259606092690145,-0.31901219487190247,-0.6973268743504815,0.46755997121522025,3.910559740361129,0.06068226147622177,-0.033620305359363556,0.4653655141592026,-0.0010180175304412842,0.0026738885889716624,223,0.2408526762793955,0.21368618259761057,0.07807485290684699,0,0,1,3.44,0.33750775838918223,0.47687593045758875,0.1508426600917775,0.032259613275527954,14.737434384392614
PC2_ang008,pc2,stairs_10_down,303,22,1,4.86,999,0,0.36070159061707274,-0.31629256904125214,-0.6796799420035459,0.4105371312102671,3.2447616534452193,0.10777176864022325,-0.0020093704806640744,0.4093801826238632,-0.0004244595766067505,0.017646911947485022,193,0.266660415769237,0.20062682310708874,0.12377310749287519,0,0,1,2.9,0.33964135127271555,0.43161589064616496,0.1560002610007709,0.001833409070968628,12.245965102903698
PC2_ang008,pc2,stairs_10_down,303,23,1,4.26,999,0,0.3599241107383514,-0.32450994849205017,-0.6879683407870205,0.48623572786583086,3.5229058497651233,0.0566858187880148,-0.04028813727200031,0.4837261438369751,0.00462612509727478,0.012032942338423336,163,0.23367337593434584,0.21603922822827726,0.0648248031829929,0,0,1,2.82,0.33588241606472646,0.5322618889604595,0.1627681201154535,0.014121472835540771,15.60533823050604
PC2_ang008,pc2,stairs_10_down,303,24,1,2.58,999,0,0.33186097212016263,-0.32604965567588806,-0.6524072024911483,0.4703545435140629,3.379508280705823,0.05409552524914139,-0.054622627794742584,0.46578818559646606,0.00011521577835083008,0.04064160107291326,79,0.07318637027791178,0.1614216726032644,0.07318637027791178,0,1,1,2.04,0.33186097212016263,0.5111285076093797,0.12833771731126753,0.022793173789978027,20.535005517420604
PC2_ang008,pc2,stairs_10_down,303,25,1,5.1,999,0,0.35846073040987714,-0.32750533521175385,-0.6925143991562135,0.4874399407944324,4.162278699159989,0.04890563865987778,-0.02231960091739893,0.48728929460048676,0.004328146576881409,0.00748622098708529,205,0.2528762984045979,0.2306838572041115,0.0641124176198536,0,0,1,2.94,0.3408684689093401,0.512509352630428,0.16998928944694802,0.008016645908355713,15.629973091772413
PC2_ang008,pc2,stairs_10_down,303,26,1,4.62,999,0,0.3434507977516256,-0.32706795632839203,-0.6663109325470133,0.47786620634046756,3.3036174924838075,0.04532839163357601,0.006911574862897396,0.47723203897476196,-0.002869352698326111,0.03208611738235556,181,0.28585117432997276,0.22254092967406228,0.06418718673401208,0,0,1,2.4,0.3354872691440073,0.4947640081850048,0.1362190036212697,0.031055301427841187,15.714952955615722
PC2_ang008,pc2,stairs_10_down,303,27,1,2.3,999,0,0.3122584746483176,-0.33466675877571106,-0.6470597313049643,0.4932395723859239,3.3633644777691747,0.0566478278838122,-0.017257273197174072,0.4923238158226013,-0.0030652284622192383,0.04705902344402779,65,0.2085268435316638,0.15143276559245805,0.2085268435316638,0,0,1,1.76,0.32882247984728075,0.5088241209463731,0.14808990101125785,0.0022829174995422363,15.633864015375243
PC2_ang008,pc2,stairs_10_down,303,28,1,7.08,999,0,0.3382275331625964,-0.32123638689517975,-0.6508029131965841,0.4542594329477445,3.7087175150375122,0.09804890609434984,-0.09863510355353355,0.45089416205883026,-0.0047943443059921265,0.047059283537023155,304,0.415079333205192,0.25641286143598074,0.2758757372047988,0,1,1,2.06,0.3431741450240905,0.46805945662956083,0.17156336269276662,0.005967557430267334,18.705894081064294
PC2_ang008,pc2,stairs_10_down,303,29,1,6.14,999,0,0.3801248708670152,-0.3172071576118469,-0.6978617683451444,0.39216011421255836,4.009363131299915,0.12474103036744114,-0.013968358747661114,0.3870752304792404,0.0037185847759246826,0.0021391169910124352,257,0.24597016460872403,0.14680085059396675,0.1329842752829602,0,0,1,3.88,0.34264871509954886,0.47226562366061436,0.17526089172949766,0.012288033962249756,13.828870477964825
PC2_ang008,pc2,stairs_10_down,303,30,1,2.72,999,0,0.32813354362459746,-0.3359307199716568,-0.6537442844819257,0.46845392467447367,4.059035003647034,0.05758350030940687,-0.008839743677526712,0.4675871729850769,-0.011458560824394226,0.04090875227821078,86,0.10312157056904589,0.26224503154122414,0.10312157056904589,0,1,1,2.14,0.3234376440392458,0.46561159715547384,0.1500392557784198,0.0,13.905245978510848
PC2_ang008,pc2,stairs_10_down,303,31,1,2.58,999,0,0.33521852662219087,-0.33047980070114136,-0.6631022876596706,0.501833331736108,3.945955921946627,0.04633147584584673,-0.01613536663353443,0.501826822757721,0.007329493761062622,0.035829727662438304,79,0.065147091325223,0.19740380150147877,0.065147091325223,0,0,1,2.12,0.3312026977857804,0.5327176190091881,0.1485867055660901,0.0043971240520477295,16.37126975081038
PC2_ang008,pc2,stairs_15_down,101,0,1,2.52,999,0,0.31376129739424763,-0.6886970102787018,-1.0026733888024315,0.44610179466253297,2.9328113597819,0.06806790793821826,0.0385384913533926,0.4456661641597748,-0.02133837342262268,0.039304478283234356,76,0.11482828045755943,0.1993738797502425,0.11482828045755943,0,0,1,2.36,0.2850469691868134,0.48363006962225213,0.14757462873815852,0.03344905376434326,13.736655960322535
PC2_ang008,pc2,stairs_15_down,101,1,1,2.68,999,0,0.31359616256652667,-0.6818423867225647,-0.9954540640275109,0.4697181117657721,3.8157232644987937,0.0801169327121463,-0.04142911359667778,0.46481853723526,-0.010629415512084961,0.04652445584057485,84,0.2581632148028549,0.21418880515253702,0.2581632148028549,0,0,1,2.12,0.3029378126649296,0.49727466843565654,0.17071497759079546,0.0,11.089209373507959
PC2_ang008,pc2,stairs_15_down,101,2,1,3.24,565,0,0.34425030497306175,-0.6781249046325684,-1.0159087461583756,0.4989796391059207,2.9288399532411207,0.04259592777723063,-0.014031275175511837,0.49868281185626984,0.018030881881713867,0.030881993910845562,112,0.05659094956080004,0.14965757038350225,0.050175520443179245,0,0,1,2.68,0.32043387322502337,0.5050290796550089,0.10948091554131734,0.009571075439453125,9.194708435526763
PC2_ang008,pc2,stairs_15_down,101,3,1,2.42,999,0,0.31339506924471117,-0.6733608841896057,-0.9882345046589082,0.4434653084366211,2.1334081821340134,0.09927936711595571,-0.03142567351460457,0.44135406613349915,0.0036948323249816895,0.06176480379971594,71,0.11684244656576072,0.18778940242334813,0.11684244656576072,0,0,1,2.0,0.31051634212228707,0.4529137148997037,0.11960457193660223,0.0,20.395016375187012
PC2_ang008,pc2,stairs_15_down,101,4,1,3.06,237,0,0.3498354099969814,-0.6802752017974854,-1.0279405767267402,0.5046521871637086,3.343417591762331,0.05416580388034023,0.008484449703246355,0.5035889446735382,-0.0030428171157836914,0.0220587215321586,103,0.06211241094809356,0.1282125978983862,0.062030923992689134,0,0,1,2.6,0.3235781505146129,0.5330900427661516,0.11258145481507409,0.024981319904327393,8.949816911523424
PC2_ang008,pc2,stairs_15_down,101,5,1,3.36,999,0,0.3599418167443199,-0.6701127588748932,-1.0327533834120808,0.4783132065080191,4.088781503891791,0.07276322888783768,0.007893336471170187,0.4720657169818878,-0.005204111337661743,0.01724588424764195,118,0.09431750621805138,0.2078333282936952,0.08745233307354465,0,0,1,2.92,0.32232697507276886,0.5082692443755515,0.14594035639482383,0.0,10.09451665193744
PC2_ang008,pc2,stairs_15_down,101,6,1,4.7,999,0,0.3798740563545635,-0.6685598790645599,-1.0499991554627444,0.4432426203046445,3.8236572649047327,0.07597352575808403,0.010444043204188347,0.4380467087030411,-0.004946202039718628,-0.0024054930171863997,185,0.15403385979307635,0.15986365025268015,0.09440433255452332,0,0,1,4.1,0.32014996992712985,0.49086530523892075,0.15617310331467005,0.01014101505279541,11.638262876451032
PC2_ang008,pc2,stairs_15_down,101,7,1,4.46,999,0,0.3792088383978064,-0.6682126820087433,-1.0499992574599974,0.43300612374677944,4.093256420775295,0.09062093105465725,-0.008445962332189083,0.4299362748861313,0.00819447636604309,-0.004010113802823012,173,0.09317854377820273,0.11539279650481434,0.10444943511710426,0,0,1,4.04,0.3219042793314725,0.4664891533287245,0.13798356534325507,0.018039226531982422,13.310701341211168
PC2_ang008,pc2,stairs_15_down,101,8,1,3.36,999,0,0.3647349908708889,-0.6723600029945374,-1.0359616152105484,0.4719282431760343,3.4815392001084717,0.052417349801045066,-0.02004014514386654,0.4692445397377014,0.0145643949508667,0.01403762184999846,118,0.05905870294106421,0.1393297496254143,0.06029129635413318,0,0,1,2.88,0.32738944075324317,0.4886363013268796,0.11374847487332351,0.0,16.161685892733082
PC2_ang008,pc2,stairs_15_down,101,9,1,4.14,921,0,0.3760607591606079,-0.6687500178813934,-1.049998721974419,0.42747046772665986,3.945524689213471,0.09194788664979468,-0.034115806221961975,0.4258873909711838,0.004570633172988892,4.742872268259646e-07,157,0.1152446293427994,0.13538909479535383,0.1257617839069658,0,0,1,3.62,0.33093012813578315,0.43817491906444395,0.1401925944389506,0.029616177082061768,11.58476489589032
PC2_ang008,pc2,stairs_15_down,101,10,1,3.68,577,0,0.3619859715834022,-0.6812096238136292,-1.0479938078691615,0.49634430831667825,3.9061154953482458,0.03483717485715926,0.02520677726715803,0.4958857148885727,0.0012665390968322754,-0.002005194597703319,134,0.055677616463431424,0.13555451506769756,0.045691247580687974,0,0,1,3.26,0.31845903715347856,0.5030302341714676,0.11239556227138336,0.014056086540222168,8.972268070956845
PC2_ang008,pc2,stairs_15_down,101,11,1,2.06,182,0,0.3024233311892831,-0.6771888136863708,-0.9826199740649545,0.46692921563598105,1.9879050807235954,0.06658937151022054,0.013913875445723534,0.4633671045303345,0.003365755081176758,0.05855543983173883,53,0.06961491402419365,0.147957390682882,0.06961491402419365,0,0,1,1.88,0.2903622363340408,0.47372620279883876,0.09343342793816556,0.01193302869796753,8.88458050559614
PC2_ang008,pc2,stairs_15_down,101,12,1,2.62,999,0,0.32258548934191933,-0.6835158467292786,-1.0074860271923045,0.4824122193498472,3.3624912079207556,0.04771486522839004,0.017319664359092712,0.48095619678497314,0.0029287338256835938,0.039304233489827034,81,0.0621424516067343,0.1470422299410951,0.0621424516067343,0,0,1,2.28,0.29637249714550484,0.5004423397243715,0.1262074504944093,0.020554959774017334,9.995011099729123
PC2_ang008,pc2,stairs_15_down,101,13,1,2.58,184,0,0.32619673300554397,-0.6734165549278259,-0.9938494228424235,0.45054717699927294,2.2624373623873866,0.07689995396622072,-0.013507048599421978,0.4489744305610657,0.004170119762420654,0.04812860743884739,79,0.11664376863380538,0.1519065226116686,0.11664376863380538,0,0,1,2.26,0.3042578046972101,0.5009951133661603,0.08046449537583211,0.0,19.30529402500988
PC2_ang008,pc2,stairs_15_down,101,14,1,2.4,999,0,0.3115954552104767,-0.6801716089248657,-0.9850260178673076,0.5005740812309167,3.4309667321098902,0.0938659918410374,-0.12072248011827469,0.4966152310371399,-0.012513160705566406,0.05695157382577509,70,0.2629504622376646,0.22907377727109335,0.2629504622376646,0,0,1,1.94,0.3059450646135259,0.5361576620075522,0.16023624325818553,0.0,10.807494975950885
PC2_ang008,pc2,stairs_15_down,101,15,1,4.02,999,0,0.37686307417517684,-0.6683452129364014,-1.0475929025660224,0.4126799219731164,4.005105225054226,0.11414867907905857,0.0012420923449099064,0.4079258590936661,0.021376430988311768,0.002406161099194115,151,0.1025553644473711,0.14533225267353206,0.11879126896070569,0,0,1,3.52,0.3286811996271266,0.47684054263172254,0.14266958179320877,0.05574554204940796,15.289554165034147
PC2_ang008,pc2,stairs_15_down,101,16,1,3.18,999,0,0.35531265834436054,-0.6713636815547943,-1.0283412882350982,0.47997611263243556,3.3169696357974408,0.07054412823716115,-0.007913725450634956,0.4769367277622223,-0.011475950479507446,0.021657836628470317,109,0.13368490314628118,0.2352158005992109,0.08825704663706233,0,0,1,2.68,0.32940400507360845,0.5339505690233155,0.14591606383655165,0.0,10.919459389866864
PC2_ang008,pc2,stairs_15_down,101,17,1,2.54,999,0,0.32891044387205404,-0.6753585934638977,-0.9882349228476458,0.46079640979793673,2.6108203902433744,0.06810166652603028,-0.033148832619190216,0.4597305655479431,0.009949564933776855,0.061764049020042955,77,0.07776237431484194,0.19101922458921378,0.07776237431484194,0,0,1,2.14,0.31030885931004815,0.48454662526175446,0.1272334966430052,0.015194296836853027,9.334309617740713
PC2_ang008,pc2,stairs_15_down,101,18,1,2.22,999,0,0.31172222185899856,-0.6914123296737671,-0.9962555890414804,0.5354321283938991,3.5639227375023927,0.07580914741883392,-0.02769436314702034,0.5327750444412231,-0.01404416561126709,0.05133681883786445,61,0.08546372798391398,0.19414815014270384,0.08546372798391398,0,0,1,1.92,0.3100648716809278,0.5640304227082666,0.1290976401956324,0.0,10.342711347325253
PC2_ang008,pc2,stairs_15_down,101,19,1,3.12,999,0,0.34768670175802263,-0.6701233685016632,-1.019919385247052,0.4827483408080011,3.201955813838743,0.0788207172009463,-0.02867603860795498,0.4766227900981903,-0.0050553977489471436,0.03008025980250717,106,0.1277395458841764,0.1802924246576776,0.0916741544827074,0,0,1,2.58,0.33198355990935147,0.5181311995965261,0.1517208409819374,0.0,11.548400863533596
PC2_ang008,pc2,stairs_15_down,101,20,1,4.1,366,0,0.3701682850957554,-0.6731711030006409,-1.0499988545708479,0.4479545840596837,4.218620650854573,0.07302279174675892,0.010353394784033298,0.44290977716445923,-0.000456392765045166,-0.0008017035091625324,155,0.1102591875637109,0.14738744708546625,0.08006875614481691,0,0,1,3.52,0.3149388126510987,0.46904328411467233,0.12702309702806935,0.011041522026062012,9.521403779277929
PC2_ang008,pc2,stairs_15_down,101,21,1,3.0,184,0,0.3378385157189905,-0.6756672263145447,-1.007485828297661,0.4667178097351318,3.0922735330229303,0.058300455633540534,0.026213953271508217,0.46544745564460754,-0.012113869190216064,0.04251278657964197,100,0.08287347613823212,0.1552672885971132,0.08287347613823212,0,0,1,2.48,0.3220387203170654,0.4775006936371126,0.08098695208044615,0.0,14.336211022745445
PC2_ang008,pc2,stairs_15_down,101,22,1,3.08,209,0,0.3404162507006191,-0.6825755834579468,-1.0159083585688138,0.5154297975847157,3.6689957634617345,0.050329240251947245,0.02259459998458624,0.5137346386909485,0.00428396463394165,0.03409137827827324,104,0.0550102629456019,0.12021806794681512,0.05380211218574362,0,0,1,2.58,0.3116220325072181,0.5112873326198814,0.06678084574918697,0.01708918809890747,16.208157620392086
PC2_ang008,pc2,stairs_15_down,101,23,1,2.32,999,0,0.30959630410938976,-0.6857539415359497,-0.9950528221334365,0.5013327878526557,3.957633450356128,0.061526976420335555,-0.0410376600921154,0.4963737726211548,-0.015907704830169678,0.05013390913366633,66,0.09461132389094731,0.25216633124654414,0.09461132389094731,0,0,1,2.0,0.30107267177041197,0.5250890520638148,0.13017033765660246,0.008808612823486328,11.151766286444909
PC2_ang008,pc2,stairs_15_down,101,24,1,2.0,156,0,0.2944478073859597,-0.6884268522262573,-0.9798123517775919,0.4939363713634003,2.6555689262069855,0.03928420779219343,0.0070492979139089584,0.49285468459129333,-0.015729904174804688,0.05735311151188327,50,0.050220898125197096,0.14202921503819904,0.050220898125197096,0,0,1,1.86,0.28336724113015566,0.4928830702687022,0.08095906475648518,0.007185101509094238,11.20055431559217
PC2_ang008,pc2,stairs_15_down,101,25,1,3.9,999,0,0.3657927065290869,-0.6771866977214813,-1.0491971510616853,0.4669104669415814,3.8505614735117435,0.05255442406430529,0.016293580643832684,0.4662728011608124,0.007533639669418335,-0.0008014128169910872,145,0.06454752225073879,0.12026718894069789,0.06692976414977979,0,0,1,3.44,0.3083985269388413,0.5116609327673898,0.13730214687592202,0.02257472276687622,8.359262319519042
PC2_ang008,pc2,stairs_15_down,101,26,1,3.06,999,0,0.34487792562673436,-0.6836510002613068,-1.0283415177289177,0.5141421809763687,3.700141611992959,0.04915854760867887,-0.023843253031373024,0.5136653482913971,-0.0060336291790008545,0.0216576173343761,103,0.07091615163527783,0.19057493815546278,0.06757923104085738,0,0,1,2.66,0.3206817421683654,0.5391811715749759,0.11748348232259087,0.00550919771194458,10.838776407242518
PC2_ang008,pc2,stairs_15_down,101,27,1,4.92,999,0,0.21247750711951024,-0.747507780790329,-0.9601601789341891,0.1087474426800342,6.497886100474873,0.395038779504575,0.011139653623104095,0.10597304999828339,-0.06683936715126038,0.07780778854288517,196,0.4333169060752359,0.11318712906352471,0.3594426311412346,0,0,0,,,,,,
PC2_ang008,pc2,stairs_15_down,101,28,1,2.2,999,0,0.31825065660604185,-0.6834794282913208,-0.9962565733149727,0.5522811300724542,3.349542297329423,0.07301213506295665,-0.0028359259013086557,0.5515739321708679,-0.005957186222076416,0.05133619155475799,60,0.0823309863582815,0.18957474291813703,0.0823309863582815,0,0,1,1.92,0.31540373748636497,0.5328709801098065,0.11897803978486499,0.00343167781829834,9.909409796344649
PC2_ang008,pc2,stairs_15_down,101,29,1,2.38,999,0,0.311075589873574,-0.6880148649215698,-0.9962565580153848,0.49860303783637183,3.0950957846252987,0.054591677914353993,0.012756879441440105,0.495956152677536,-0.021188676357269287,0.045722053650228744,69,0.07018040378974504,0.17485760070326364,0.07018040378974504,0,0,1,2.1,0.30151646978714886,0.5437126708683027,0.0889331000373963,0.0,13.57601032890794
PC2_ang008,pc2,stairs_15_down,101,30,1,3.8,999,0,0.3738621615152309,-0.6650985181331635,-1.0423796393654563,0.43409140796981777,3.5701380344248586,0.08890822654714922,0.017257952131330967,0.43285323679447174,-0.0016256272792816162,0.007619628294266434,140,0.15734044403115022,0.22615300110851735,0.09459970214162318,0,0,1,3.22,0.33322467810329903,0.547252361703555,0.1597576307102958,0.0,11.19679125439631
PC2_ang008,pc2,stairs_15_down,101,31,1,2.58,999,0,0.32855861167856715,-0.6747665405273438,-0.9994650958056118,0.4705239655528631,3.2239150943392323,0.07717781276851593,-0.030263714492321014,0.4666920304298401,-0.0038045644760131836,0.05053416165438562,79,0.13532853288146973,0.21174749098072426,0.13532853288146973,0,0,1,2.12,0.3142064870360063,0.5064147128391847,0.12310392780099966,0.01418924331665039,8.808456652327582
PC2_ang008,pc2,stairs_15_down,202,0,1,1.74,999,0,0.277133252212708,-0.68874591588974,-0.9681814265123663,0.5433323173826546,2.870580867978938,0.07293044730278123,-0.009842774830758572,0.5418845415115356,0.011376798152923584,0.0673800789736172,37,0.08097601852263815,0.24076851402501692,0.08097601852263815,0,0,1,1.66,0.2757075052847837,0.5296236730800556,0.12480491017275319,0.0,9.737527177541489
PC2_ang008,pc2,stairs_15_down,202,1,1,1.8,300,0,0.27966297565297005,-0.6843089163303375,-0.9601600259383094,0.5081476297710661,2.646300820670646,0.06022306460728702,-0.055404024198651314,0.5038317739963531,-0.015358716249465942,0.06978601057899203,40,0.10977155229882053,0.24021506314091914,0.10977155229882053,0,0,1,1.68,0.2674737550358084,0.5091708622292169,0.13170754303906695,0.0,8.956049194240222
PC2_ang008,pc2,stairs_15_down,202,2,1,4.02,326,0,0.3714998729407468,-0.6705894768238068,-1.0499992115612335,0.45124921998658873,4.205143630217989,0.0751478915745383,-0.02332293801009655,0.4492390602827072,4.652142524719238e-05,-4.589876390070913e-08,151,0.09355969303119814,0.142968681856562,0.08659775664768804,0,0,1,3.42,0.3356970468944407,0.4818573930365935,0.12849097200893467,0.017753660678863525,8.84535616830446
PC2_ang008,pc2,stairs_15_down,202,3,1,2.24,208,0,0.3078186604428419,-0.6741689443588257,-0.985026410556732,0.4943944501872689,2.4805296185777905,0.058550843292387175,-0.014584600925445557,0.49347734451293945,0.0032547712326049805,0.06256652770832904,62,0.09568203872479884,0.19449003467789586,0.09568203872479884,0,0,1,1.88,0.3040055278788276,0.5103361505643238,0.10854136019467031,0.007385611534118652,9.136972871816438
PC2_ang008,pc2,stairs_15_down,202,4,1,3.84,999,0,0.3771200036620074,-0.6664133369922638,-1.049999191161783,0.4440329166071325,4.115894410696839,0.0715258989952891,-0.013322476763278246,0.44189101457595825,0.020497769117355347,4.946866773991587e-07,142,0.0892161572236819,0.17154680339509593,0.09737102511095705,0,0,1,3.36,0.33008822495924595,0.5160684044313608,0.12398962859801432,0.008246302604675293,8.997393697741343
PC2_ang008,pc2,stairs_15_down,202,5,1,2.36,999,0,0.31437765547935975,-0.6888517141342163,-0.9910423666398156,0.47348705038026667,3.3725583605667566,0.045034527197507765,0.00039579300209879875,0.4730059951543808,-0.010049641132354736,0.05494616503384009,68,0.06319470608974968,0.14590299993857744,0.06319470608974968,0,0,1,2.02,0.30739768941134693,0.4695678967911964,0.1411358519671435,0.07646709680557251,14.010921777887393
PC2_ang008,pc2,stairs_15_down,202,6,1,2.54,999,0,0.3138070313688268,-0.686256468296051,-0.9962562112247243,0.5008984169725492,3.257443575567733,0.04709430927378892,0.025977395474910736,0.49989163875579834,-0.0021239519119262695,0.05053502863103698,77,0.06240939697901235,0.15893135827881755,0.06240939697901235,0,0,1,2.14,0.30458843676164193,0.5245289811453805,0.08221861002916964,0.015643775463104248,15.81782719812163
PC2_ang008,pc2,stairs_15_down,202,7,1,2.12,999,0,0.30375562982763193,-0.6754505932331085,-0.981416523775315,0.46365975649264046,1.9670933243109903,0.06797080668107945,-0.004854699538554996,0.46308547258377075,0.0014262497425079346,0.05975924711176406,56,0.08031879856863419,0.18407991406318341,0.08031879856863419,0,0,1,1.8,0.3038541735174821,0.5056743393514566,0.12661410557394992,0.0001850128173828125,8.366611756173679
PC2_ang008,pc2,stairs_15_down,202,8,1,2.86,285,0,0.34643723461079734,-0.6860060095787048,-1.0187157513623568,0.5140908760769275,3.393499065639314,0.05430735848877299,0.017851995304226875,0.5124159455299377,-0.010281682014465332,0.03128346529873949,93,0.06321254012428838,0.11784509697669583,0.06321254012428838,0,0,1,2.44,0.3094053816667852,0.5194001531043563,0.11277975436837917,0.026458382606506348,8.295430522556087
PC2_ang008,pc2,stairs_15_down,202,9,1,2.32,204,0,0.3097062426454881,-0.678035318851471,-0.9794112016810452,0.46732431948253317,2.7658006306489424,0.07428784181665507,-0.03575426712632179,0.46047811210155487,-0.015452325344085693,0.06818128779610211,66,0.13030115543180953,0.1877606490977306,0.13030115543180953,0,0,1,1.92,0.30932694163551944,0.47625394705471946,0.11967728960322821,0.0,9.726132548255286
PC2_ang008,pc2,stairs_15_down,202,10,1,3.84,999,0,0.3652249966713197,-0.6730856597423553,-1.0455872387809548,0.4791706395877898,3.9369568780118946,0.06644697076396862,0.017088078428059816,0.4767054468393326,0.008814424276351929,0.004412406268604396,142,0.0868841934243196,0.17548335599595202,0.08433066178850265,0,0,1,3.28,0.3251645488535019,0.5272761049389477,0.1366058151352214,0.010210216045379639,10.950838298053327
PC2_ang008,pc2,stairs_15_down,202,11,1,3.92,999,0,0.3624920923123385,-0.6739729940891266,-1.0387695230902199,0.45451830886603206,3.6993287142249485,0.06896981026158028,-0.005770830204710364,0.45323725044727325,-0.0032643377780914307,0.00962576636656065,146,0.07686805476977145,0.15619184509602005,0.07968205105924742,0,0,1,3.36,0.31695907288056646,0.4689294372329238,0.09373597378399279,0.0052228569984436035,9.572325163859949
PC2_ang008,pc2,stairs_15_down,202,12,1,2.88,999,0,0.33551543632293124,-0.681535005569458,-1.0155071574736407,0.4545898528014443,3.135187243682715,0.07182076141212987,0.03476083278656006,0.4524625837802887,0.004895687103271484,0.02967957379346209,94,0.12128463278605287,0.17752810699634,0.12128463278605287,0,0,1,2.62,0.30164031772052535,0.5028150720761666,0.12621331469897923,0.01037609577178955,9.36567223456638
PC2_ang008,pc2,stairs_15_down,202,13,1,3.48,999,0,0.3628705381390882,-0.6713058352470398,-1.0331541459190654,0.5035995258816897,3.5733479291465358,0.06536927155315228,0.016635834239423275,0.5016427636146545,0.016451537609100342,0.01684528493626236,124,0.165608959885882,0.15422447260299046,0.07416254457862287,0,0,1,2.86,0.33070093488948227,0.5632106520013649,0.1640368798837305,0.0,10.590484204995228
PC2_ang008,pc2,stairs_15_down,202,14,1,3.24,211,0,0.35054110795418847,-0.6805486977100372,-1.030346635828681,0.4856266287967469,3.6282029268307188,0.043866248177466816,-0.005604061298072338,0.48512960970401764,0.00865909457206726,0.01965212184477627,112,0.05244076324273268,0.11010272593039044,0.05328140497553495,0,0,1,2.8,0.31896708515238625,0.4715346824181934,0.08108607332974194,0.01102989912033081,11.7471213261537
PC2_ang008,pc2,stairs_15_down,202,15,1,3.48,999,0,0.35865989550549715,-0.6823612153530121,-1.0451867363669656,0.4824316882109445,4.207519147387613,0.0554701586740398,-0.002391547430306673,0.4817582219839096,0.009879499673843384,0.0048119703078652876,124,0.0671544469754813,0.11986527449213864,0.06248455655502362,0,0,1,3.08,0.29678096936985776,0.503057989493544,0.12565258766878096,0.06032085418701172,14.787010628416425
PC2_ang008,pc2,stairs_15_down,202,16,1,3.28,268,0,0.36808159995206546,-0.664491593837738,-1.0307479338212446,0.4446497395150136,2.7792094459411674,0.0769007396538123,0.009819289669394493,0.44358037412166595,-0.005744457244873047,0.019250813652487375,114,0.10670861632902769,0.14657041371942514,0.10226528221376495,0,0,1,2.68,0.3350057088755032,0.4933214523790255,0.1124921944689623,0.015829741954803467,7.880277144716382
PC2_ang008,pc2,stairs_15_down,202,17,1,2.58,256,0,0.3189395066888574,-0.68079674243927,-1.0050793612067075,0.4890653190916231,3.545912382738086,0.06496839568705133,-0.001030242070555687,0.4874701499938965,-0.015024662017822266,0.04491969225878378,79,0.07454757450983313,0.12575784331732828,0.07454757450983313,0,0,1,2.18,0.3102790238385532,0.5178845552847092,0.09496318082758448,0.014951050281524658,13.578294288668312
PC2_ang008,pc2,stairs_15_down,202,18,1,2.96,213,0,0.33925823492799845,-0.6802576780319214,-1.0163091975737384,0.4942754490711124,3.2392018367527493,0.05716640304849504,0.0020288839004933834,0.4881369024515152,0.0017049312591552734,0.03368972329532394,98,0.06589811133278801,0.1478006704269143,0.06589811133278801,0,0,1,2.48,0.3258050093676317,0.4967423747119804,0.09480325136592682,0.016962647438049316,8.471366207139106
PC2_ang008,pc2,stairs_15_down,202,19,1,2.74,247,0,0.3395232784556832,-0.6738144755363464,-1.0090901685908515,0.48158508551787427,3.3563719644237895,0.07883688103468747,-0.03176955506205559,0.48009926080703735,-0.0018310546875,0.04090873187876021,87,0.10009959079830506,0.21905618563865784,0.10009959079830506,0,0,1,2.24,0.33151354764234564,0.527896251133454,0.1334307267066629,0.004243910312652588,9.941091358646869
PC2_ang008,pc2,stairs_15_down,202,20,1,3.66,999,0,0.35642075937062023,-0.685933381319046,-1.045186256979876,0.5191161799305705,4.388877969672526,0.04771847190259732,0.01195253524929285,0.5155480206012726,0.0024575889110565186,0.004812949481495021,133,0.08277910841594638,0.14052711678586505,0.04997339811608482,0,0,1,3.3,0.2990757089885161,0.5326783848067566,0.15735641297172098,0.006012141704559326,9.739566311293403
PC2_ang008,pc2,stairs_15_down,202,21,1,4.86,999,0,0.37091708422344627,-0.6686624884605408,-1.0395711756007557,0.47188672987063907,3.9246064813741732,0.06768986707325202,-0.002714088186621666,0.4690495580434799,0.013481318950653076,0.008021579069249718,193,0.2932330964871686,0.14095826715181642,0.08070545920975729,0,0,1,3.26,0.3229046428904814,0.43019590288725423,0.18271526263996885,0.0,10.64373706567589
PC2_ang008,pc2,stairs_15_down,202,22,1,1.88,999,0,0.27324654233646906,-0.6799376308917999,-0.9673791263192733,0.4861546313505414,2.1546969027668137,0.04591208336127819,-0.07340824231505394,0.4835395812988281,-0.010097891092300415,0.06737961998597819,44,0.06479430759927153,0.17861979808434642,0.06479430759927153,0,0,1,1.78,0.26711048640031865,0.484515397442612,0.10744995516251754,0.002390444278717041,7.880700584131287
PC2_ang008,pc2,stairs_15_down,202,23,1,3.02,180,0,0.3366932644244822,-0.68580362200737,-1.0167102711723448,0.5037942923575276,3.1755159826654946,0.044139564382623384,0.00781856570392847,0.503108412027359,-0.013066202402114868,0.03328905768572987,101,0.05011820599210998,0.14485461166248126,0.04948781754082384,0,0,1,2.58,0.3042203611868588,0.5099660583814584,0.08188374890363148,0.006561875343322754,18.019402938850735
PC2_ang008,pc2,stairs_15_down,202,24,1,2.34,999,0,0.31560790124424,-0.675051748752594,-0.9890369170489796,0.4727721389218081,2.611719898528479,0.050087869729125954,0.03105849027633667,0.47119101881980896,-0.013488948345184326,0.05133673724006205,67,0.07267672294590634,0.1928094202532262,0.07267672294590634,0,0,1,2.08,0.29954680433885295,0.5098053000062911,0.11861941298061518,0.005425393581390381,9.142842217668166
PC2_ang008,pc2,stairs_15_down,202,25,1,2.26,999,0,0.2880426699464972,-0.6980866193771362,-0.9866304550578887,0.5578398639718708,4.290898059920689,0.10279410326415081,-0.052113067358732224,0.556708574295044,-0.0005289316177368164,0.05534770781981113,63,0.2630889032634369,0.21019878643102136,0.2630889032634369,0,0,1,1.94,0.28765431476786807,0.5639892861710704,0.158488139111728,0.0,10.086290882325354
PC2_ang008,pc2,stairs_15_down,202,26,1,2.84,999,0,0.3324307082171109,-0.6679393947124481,-0.9994649275101443,0.46450519020442776,3.1237621526975223,0.06929727677778287,-0.022049409337341785,0.4571990370750427,0.009424954652786255,0.048930718937022166,92,0.09042403672001928,0.2165426917746352,0.09042403672001928,0,0,1,2.38,0.30837706831049794,0.44985620623050054,0.12318362271721983,0.015758872032165527,11.069910021365322
PC2_ang008,pc2,stairs_15_down,202,27,1,3.9,247,0,0.35345792467581394,-0.6876879632472992,-1.046790918564414,0.5038092140014171,4.473295677162915,0.057087886892792886,-0.009389121551066637,0.5034819841384888,-0.015234500169754028,0.0008027336814186992,145,0.06395545594103703,0.11294248092383782,0.06408924788596367,0,0,1,3.42,0.31883842039873256,0.4880796614706386,0.06551951010596946,0.02134650945663452,16.588972891983392
PC2_ang008,pc2,stairs_15_down,202,28,1,3.56,999,0,0.36456982847203545,-0.6735289096832275,-1.0435827173651222,0.4702569147549417,3.8221293445447593,0.06763986276763376,-0.013032885733991861,0.4654567539691925,0.010765135288238525,0.006416356499819642,128,0.09416928520739323,0.18933157771781264,0.08948302750688378,0,0,1,3.12,0.3211291097702189,0.5227728694364436,0.12483401413269857,0.0,11.060408088610926
PC2_ang008,pc2,stairs_15_down,202,29,1,2.28,214,0,0.3088165818051221,-0.6762484014034271,-0.9850262371614018,0.48284076370894957,2.8875623397798957,0.05998957930456586,-0.01819218136370182,0.4814591109752655,-0.008842378854751587,0.06497303049832093,64,0.08751953216475093,0.20501811327075123,0.08751953216475093,0,0,1,1.92,0.3061625447502748,0.51015479496741,0.11696352486941908,0.01756274700164795,9.3655043479697
PC2_ang008,pc2,stairs_15_down,202,30,1,2.92,999,0,0.34162468642474497,-0.6845281720161438,-1.0203204384462081,0.5110266426365772,3.708422047255226,0.06308091685898069,-0.007840909296646714,0.5092440247535706,-0.007741451263427734,0.029678951610218496,96,0.08052333747870326,0.19943228454494474,0.08052333747870326,0,0,1,2.46,0.3123645078052173,0.5450702277880655,0.12541617237947844,0.015917599201202393,11.334160597277936
PC2_ang008,pc2,stairs_15_down,202,31,1,3.58,999,0,0.325598071125102,-0.6908300518989563,-1.0127001573695218,0.5330294521959302,4.488703078727347,0.07231203638747648,-0.0076662879437208176,0.5322257578372955,-0.011445581912994385,0.03569489749357668,129,0.2867442624971854,0.1325339828939035,0.18306929341361594,0,0,1,2.52,0.30331418699121726,0.5371107933319144,0.17605232809954152,0.0,9.381209819265052
PC2_ang008,pc2,stairs_15_down,303,0,1,3.08,646,0,0.3542894869245947,-0.6680990755558014,-1.0159087053594742,0.4476249883307968,2.983865484760118,0.06954434869764056,0.0066307769156992435,0.4460550546646118,0.018801361322402954,0.034091317079921524,104,0.08917358448607643,0.15175830979581895,0.08778120219476174,0,0,1,2.56,0.32379942973029807,0.47955475514640544,0.1477520523224285,0.03300762176513672,14.894516699866863
PC2_ang008,pc2,stairs_15_down,303,1,1,3.02,877,0,0.3411323700677903,-0.6780864894390106,-1.0187158584594727,0.4513185617634562,3.198124803856957,0.07462679867991379,0.019807192031294107,0.45077724754810333,-0.0003231465816497803,0.030481262003036802,101,0.10320852864330801,0.16433195836158687,0.10195061520512672,0,0,1,2.66,0.3014437811259918,0.5231274592074693,0.13579935217923655,0.014024198055267334,9.244606974013012
PC2_ang008,pc2,stairs_15_down,303,2,1,2.66,999,0,0.33656522201344297,-0.6745666265487671,-1.001069665592622,0.45705949197920803,2.7163489009256883,0.05867576872333615,-0.012811707332730293,0.4564729928970337,0.00652235746383667,0.04892979586188173,83,0.07448515457459105,0.15270703804493882,0.07448515457459105,0,0,1,2.24,0.3185703451620704,0.46319382887006166,0.1265148055107198,0.028731465339660645,12.117852194657749
PC2_ang008,pc2,stairs_15_down,303,3,1,4.04,980,0,0.3718800297714172,-0.6698971688747406,-1.045588024159804,0.42024515015051367,3.6064530484271025,0.09988189197437469,0.01999134011566639,0.4126269966363907,0.012832194566726685,0.004411304698270779,152,0.11087880824447789,0.12668929244097954,0.11147139377966071,0,0,1,3.52,0.32478814392803823,0.4050089618412416,0.14906972551090836,0.05556899309158325,18.516963332235754
PC2_ang008,pc2,stairs_15_down,303,4,1,2.38,828,0,0.3240503646473196,-0.6722498536109924,-0.9954539824297084,0.43667243475213124,2.1907095065171176,0.07590518530065458,-0.002008722862228751,0.4366576075553894,0.0013593435287475586,0.04411744306431742,69,0.09968039597691429,0.14926341891046402,0.09968039597691429,0,0,1,2.18,0.2964620653958244,0.46229495365504575,0.15096201233685336,0.03808850049972534,8.426017157260803
PC2_ang008,pc2,stairs_15_down,303,5,1,2.74,267,0,0.3289821935209998,-0.6747782826423645,-1.0026734296013327,0.4254247889795837,2.810627742509564,0.1008643657899951,-0.02362334355711937,0.42275214195251465,0.012567877769470215,0.04331494907644351,87,0.11159234086579697,0.1467982363357186,0.11159234086579697,0,0,1,2.44,0.3013715237219703,0.444851980045224,0.14733464227003212,0.017687082290649414,8.526961586420597
PC2_ang008,pc2,stairs_15_down,303,6,1,2.92,999,0,0.33551866756403503,-0.6721497178077698,-1.0058818041959547,0.4826024036117771,3.004295422579128,0.07871379374695173,0.004458607989363372,0.4816480427980423,0.011950314044952393,0.04411743286459213,96,0.0808330664427013,0.19017249501152605,0.0808330664427013,0,0,1,2.4,0.3207121704988939,0.5026533528345801,0.13567960007305446,0.01505190134048462,9.328517568540477
PC2_ang008,pc2,stairs_15_down,303,7,1,3.58,999,0,0.372767315828864,-0.6690602898597717,-1.0447855658709684,0.4618924194150791,3.75204471087297,0.0646386270403631,0.0031630059238523245,0.4596322029829025,0.006685793399810791,0.00521375278738101,129,0.08272211795096422,0.17921923077389273,0.07957861570059434,0,0,1,3.1,0.3270051396466831,0.5217843704462981,0.12766555158849702,0.0005861520767211914,8.344379439609067
PC2_ang008,pc2,stairs_15_down,303,8,1,1.94,716,0,0.2831029111051304,-0.6830981373786926,-0.9697856699081666,0.4604531380307291,2.4008586916239882,0.07093891269853227,0.007005545310676098,0.4601114094257355,-0.0058373212814331055,0.06417072520536538,47,0.09326466656981756,0.15712145687486107,0.09326466656981756,0,0,1,1.84,0.27542877739126037,0.4707181847726665,0.13227342252425334,0.053710758686065674,16.420003514260312
PC2_ang008,pc2,stairs_15_down,303,9,1,3.48,932,0,0.36073616880146575,-0.6688622236251831,-1.0299457968237564,0.43308661294042844,3.036255020511308,0.09019398866895997,-0.04013645835220814,0.43030446767807007,-0.005189120769500732,0.020053307640361506,124,0.09685509456060255,0.16264293113266143,0.09862998793710152,0,0,1,2.98,0.32236932592595957,0.40532333410340854,0.13464090594633382,5.716085433959961e-05,13.571281188278611
PC2_ang008,pc2,stairs_15_down,303,10,1,2.14,999,0,0.29769065705212683,-0.6906275749206543,-0.9866303632603609,0.48517463809375705,3.7992145322083406,0.08515436271460836,-0.04093800485134125,0.48156455159187317,-0.00853198766708374,0.054545366827816966,57,0.1470859593137825,0.2562060500890883,0.1470859593137825,0,0,1,1.94,0.2907779714002966,0.48864241691871024,0.15284530619248982,0.0,9.936045654410414
PC2_ang008,pc2,stairs_15_down,303,11,1,2.5,999,0,0.31416846628495076,-0.6807160973548889,-0.9970582258255086,0.5216451541131764,3.2600268998045343,0.06729643182506803,-0.021217504516243935,0.5205942392349243,-0.0004464387893676758,0.05053394746015416,75,0.1556691371252344,0.20863165682065568,0.1556691371252344,0,-1,1,2.08,0.31061024461838016,0.5428338461918468,0.13996716138513332,0.0031188130378723145,11.044838817289412
PC2_ang008,pc2,stairs_15_down,303,12,1,4.2,288,0,0.3682286449294677,-0.6743322312831879,-1.0451865119730086,0.4060905447868912,4.1383662765414835,0.11137656237646067,-0.007147714029997587,0.40478193759918213,-0.008167296648025513,0.004011006278787921,160,0.14376019459536876,0.16036348091441802,0.1731586481740875,0,0,1,3.64,0.3244723148524442,0.5227588624156287,0.1026076123038715,0.005000889301300049,10.163279457035424
PC2_ang008,pc2,stairs_15_down,303,13,1,2.94,999,0,0.3480617818347911,-0.6718042492866516,-1.0187156595648292,0.45508192832358113,3.3483710132338977,0.06596286959318588,-0.008224092423915863,0.4537719786167145,0.004400372505187988,0.03128383248885047,97,0.07895808328669235,0.15337495870207501,0.07895808328669235,0,0,1,2.4,0.329210447436348,0.45941848061150486,0.12658355739664906,0.0024240612983703613,8.557884240437772
PC2_ang008,pc2,stairs_15_down,303,14,1,3.44,314,0,0.3440276064018515,-0.6831632554531097,-1.0323524679092162,0.5178309039571893,4.075497376087189,0.04431123300011664,0.007796441670507193,0.5176635980606079,-0.0033326447010040283,0.013635686374603218,122,0.060775865093929446,0.12982671054743483,0.04826873310177701,0,0,1,2.98,0.297133287006521,0.5056367575307933,0.1058199383358267,0.019687235355377197,9.760740235210939
PC2_ang008,pc2,stairs_15_down,303,15,1,2.22,252,0,0.3109271634708751,-0.6729965209960938,-0.9786087382923473,0.4840173865453832,2.219996074586986,0.05320217641076932,-0.019851170480251312,0.4800977110862732,-0.005755424499511719,0.06657793177640381,61,0.1409384273401019,0.2046735425481712,0.1409384273401019,0,0,1,1.86,0.3109271634708751,0.5080528528056385,0.12037689131211471,0.0,8.426926046453389
PC2_ang008,pc2,stairs_15_down,303,16,1,2.48,999,0,0.3109274952806891,-0.6863888800144196,-0.9970580830293543,0.47756330769881783,3.0363118142244225,0.05947533286219728,0.005268531385809183,0.47577135264873505,0.006790369749069214,0.05294132742652291,74,0.0720351146757459,0.14083564167608945,0.0720351146757459,0,0,1,2.1,0.30733825051210784,0.5054207356937023,0.12010763195109242,0.02302497625350952,8.011580875849647
PC2_ang008,pc2,stairs_15_down,303,17,1,3.76,999,0,0.36309709890003505,-0.6785487830638885,-1.0475925914744004,0.48277981085148075,3.9957981414833834,0.042705765582341654,0.0030733552994206548,0.4819263517856598,-0.0014180243015289307,0.002407094374059948,138,0.07435009313897141,0.18250861439769264,0.05370909163963767,0,0,1,3.36,0.3165221042174069,0.5596000012061453,0.14321634029959618,0.010042846202850342,10.037952221779129
PC2_ang008,pc2,stairs_15_down,303,18,1,1.8,999,0,0.28530812311299986,-0.6937484443187714,-0.9689832269189191,0.5319209068543365,3.332354996201165,0.06856224907544314,-0.032847615890204906,0.5298718512058258,-0.01349291205406189,0.06497277040532579,40,0.07721278354492768,0.21658112293743012,0.07721278354492768,0,0,1,1.72,0.2572369154761819,0.5194054169668418,0.11766332228553489,0.0,8.82639139371488
PC2_ang008,pc2,stairs_15_down,303,19,1,3.12,187,0,0.3344122112434815,-0.6890212893486023,-1.0179135939654183,0.49219616677773836,3.7274435232516137,0.04737268504282166,0.006937106139957905,0.4901978671550751,-0.013607978820800781,0.03208526570529213,106,0.06062737968612407,0.13884567529436406,0.05129646379548402,0,0,1,2.58,0.3038523694410682,0.5337478661752033,0.08123439167910085,0.006332755088806152,15.196237463082667
PC2_ang008,pc2,stairs_15_down,303,20,1,1.68,263,0,0.2777879419811269,-0.6948808431625366,-0.9653737838255531,0.5472284667826661,3.1890098317437774,0.07404394219521507,-0.04550359584391117,0.5466955602169037,-0.010644137859344482,0.0669789186773454,34,0.09247471619527127,0.27578705469471293,0.09247471619527127,0,0,1,1.64,0.27669430097794145,0.5468465755511415,0.11622111427592718,0.0,10.975152949021558
PC2_ang008,pc2,stairs_15_down,303,21,1,4.08,999,0,0.3700815069484201,-0.6708975732326508,-1.0463894981751467,0.45037982525284087,3.933627380959911,0.06882170939317572,-0.052491629496216774,0.4472259134054184,-0.0028978288173675537,0.003609667487322943,154,0.08156157205334617,0.14195535833215236,0.0799143253793365,0,0,1,3.5,0.3187883470785171,0.48737815898254294,0.13081633375290247,0.018374919891357422,13.234719837328663
PC2_ang008,pc2,stairs_15_down,303,22,1,3.56,719,0,0.3368585410921331,-0.6726530194282532,-1.017512530566537,0.41356332281050134,3.1294958287569656,0.09678771272484182,0.012744022067636251,0.41288407146930695,-0.006976723670959473,0.028476021506569582,128,0.2325916934920553,0.16089222617448087,0.1327480160542684,0,0,1,2.82,0.30983616164661343,0.44858823314266266,0.15803145182961453,0.013763368129730225,9.001323525324528
PC2_ang008,pc2,stairs_15_down,303,23,1,3.24,999,0,0.35108743408784515,-0.6749083399772644,-1.0315499943207929,0.5109396436802536,3.3310726467358793,0.05528985705765522,-0.03492959216237068,0.505294919013977,0.004227042198181152,0.018449038745247837,112,0.08939130082877489,0.18064377835855314,0.06942172637095118,0,0,1,2.76,0.32907768717424113,0.5338973990358075,0.14224277014400866,0.0,9.959136207568777
PC2_ang008,pc2,stairs_15_down,303,24,1,2.44,999,0,0.31489989735225943,-0.6772629022598267,-0.9834219733661509,0.4723532011900507,2.513053224837185,0.05777680272893561,-0.026527411304414272,0.4679408669471741,-0.001054525375366211,0.05614968672155696,72,0.0757019474005197,0.14782420972870047,0.0757019474005197,0,0,1,2.04,0.3019526897267224,0.5178568308229252,0.08638216467464677,0.02411782741546631,11.206512873268078
PC2_ang008,pc2,stairs_15_down,303,25,1,3.34,999,0,0.3549624871123921,-0.6780143976211548,-1.0383684596913385,0.48431363333349653,4.268256858515462,0.05700116091265518,-0.03007715567946434,0.482820525765419,0.003798186779022217,0.011631583147507785,117,0.07982107814955322,0.1792303925691033,0.07084461627038527,0,0,1,2.94,0.3189427023902933,0.5062411525730958,0.1474797257127609,0.019704341888427734,10.476886545995383
PC2_ang008,pc2,stairs_15_down,303,26,1,2.92,246,0,0.3320442039698841,-0.6746454834938049,-1.0022723305034127,0.49011935005251506,2.408992219567888,0.049688634699869415,-0.00752967968583107,0.48927293717861176,0.0025548338890075684,0.04532106674928715,96,0.06058461639259729,0.12125074180816968,0.06058461639259729,0,0,1,2.4,0.31605132888345155,0.5219475684333575,0.07516241264853252,0.0141792893409729,16.239302966380695
PC2_ang008,pc2,stairs_15_down,303,27,1,2.08,999,0,0.3024976742777595,-0.683198481798172,-0.9882347443524528,0.4956804318702761,2.5968849941844376,0.06067043262250639,0.03383590932935476,0.4927116334438324,-0.0015869438648223877,0.052941036734351465,54,0.06814679865964318,0.15843262322116247,0.06814679865964318,0,0,1,1.76,0.30558005405619815,0.5179576916502772,0.12317823056868693,0.0017954707145690918,8.529264497651232
PC2_ang008,pc2,stairs_15_down,303,28,1,2.5,999,0,0.3270452207422512,-0.6727122664451599,-0.9954541048264121,0.47561252998214076,3.349598675207616,0.08143624144596726,-0.04902239143848419,0.4693465828895569,-0.00782686471939087,0.0513371554287998,75,0.10063270476491418,0.21759291264685296,0.10063270476491418,0,0,1,2.08,0.3236978755277746,0.49275169679784,0.1374970253776101,0.012950122356414795,10.452367902617475
PC2_ang008,pc2,stairs_15_down,303,29,1,4.86,692,0,0.37542101469906897,-0.6661593914031982,-1.0467911429583707,0.415862119111579,3.8840200995028287,0.1048012469931242,-0.025430946610867977,0.41274793446063995,0.0047917962074279785,0.003208073702725578,193,0.1922432665960997,0.14417024111092558,0.10939187656608727,0,0,1,3.78,0.3255531902619224,0.4691644115346683,0.14677886975640286,0.01016080379486084,8.631832032806905
PC2_ang008,pc2,stairs_15_down,303,30,1,3.02,999,0,0.3129526218947242,-0.6886157393455505,-0.9954540589276482,0.45881739794060433,3.5457250883372824,0.055238004650348754,-0.02041290421038866,0.45803096890449524,-0.016417503356933594,0.04652460373659184,101,0.1624114497483172,0.20812142295628855,0.1620840665855364,0,0,1,2.2,0.28662371476066306,0.47723645935585435,0.09971843333167829,0.016809463500976562,11.06914518265324
PC2_ang008,pc2,stairs_15_down,303,31,1,2.46,317,0,0.3207987954909788,-0.6791267991065979,-1.0002667228168345,0.5105290102739771,3.260987614880568,0.05010958320868715,-0.002136619994416833,0.5095031261444092,0.008289098739624023,0.04812839324461593,73,0.0713855976178452,0.20686696752887726,0.0713855976178452,0,0,1,2.1,0.3105339076429765,0.5187866633002718,0.12108949830825311,0.015521764755249023,9.375635160894955
PC2_ang008,pc2,combined_yaw_right,101,0,0,,999,0,0.3588038152233165,0.3588041365146637,4.793870895304144e-07,0.4882395187963392,3.1914170395504633,0.054140627018354176,-0.4704626053571701,0.4870452115273573,-0.0016744136810302734,3.059917592747328e-08,950,0.0623634812594967,0.11328689510124482,0.06802076611902831,,,,,,,,,
PC2_ang008,pc2,combined_yaw_right,101,1,0,,999,0,0.37081413712093536,0.3708142340183258,4.334883256392046e-07,0.48207635681429084,2.048065536141344,0.054693308705850444,-0.4462454915046692,0.48022729928697117,0.024037033319473267,2.396935447652072e-07,950,0.08115444481710975,0.12042919497151704,0.07623947727211434,,,,,,,,,
PC2_ang008,pc2,combined_yaw_right,101,2,0,,999,0,0.34614540915438197,0.34614625573158264,5.456853040399399e-07,0.5262215190967156,5.064071394031484,0.04807059836869863,-0.4226846992969513,0.5255702896816283,0.014103502035140991,-1.6829546760110287e-07,950,0.059783983724983246,0.11689570708670036,0.051146513241789766,,,,,,,,,
PC2_ang008,pc2,combined_yaw_right,101,3,0,,999,0,0.3640554278770233,0.36405588686466217,3.7228997378425803e-07,0.5163151769452545,3.3650118378141722,0.047157127178935665,-0.42533715069293976,0.5131378170206269,-0.0026629120111465454,1.1729684105531416e-07,950,0.13463645277250463,0.13356939521117242,0.0619566185895526,,,,,,,,,
PC2_ang008,pc2,combined_yaw_right,101,4,0,,999,0,0.34319251209975565,0.343192920088768,3.926894244025735e-07,0.5063614354702805,4.8145158877055465,0.046071828760808606,-0.41893061995506287,0.5048372343716843,0.005371972918510437,2.2949381945604946e-07,950,0.061045925505773285,0.11738594833709226,0.05554987299085023,,,,,,,,,
PC2_ang008,pc2,combined_yaw_right,101,5,0,,999,0,0.3744013665672292,0.3744015246629715,4.334883256392046e-07,0.47342409476986114,2.0738904830009965,0.06201897018313996,-0.4160972386598587,0.47268091298534387,0.02091135084629059,-4.028891497117312e-07,950,0.09426675562408701,0.12328078366199217,0.07985211365460457,,,,,,,,,
PC2_ang008,pc2,combined_yaw_right,101,6,0,,999,0,0.3681160376511793,0.36811597645282745,2.1419423149231284e-07,0.4650243896041867,2.7657089309159986,0.07403046313990061,-0.44858846068382263,0.46373349883058623,0.03039555251598358,1.8359505556483956e-07,950,0.08801688600491368,0.12434158579414273,0.10919046196368672,,,,,,,,,
PC2_ang008,pc2,combined_yaw_right,101,7,0,,999,0,0.3644285578141238,0.36442863941192627,4.283884629846257e-07,0.48778518397629644,2.965135497982872,0.0721327911022771,-0.4459543228149414,0.4859546665434002,0.016049087047576904,1.0199725309157758e-07,950,0.07741388855646149,0.12157264503315161,0.08504947349269494,,,,,,,,,
PC2_ang008,pc2,combined_yaw_right,101,8,0,,999,0,0.36399021035528434,0.36399029195308685,2.1419423149231284e-07,0.4887993413164725,3.6992425602151746,0.06444031613160714,-0.45725275576114655,0.48718921866418735,0.03465868532657623,-5.099862654578876e-08,950,0.08831798520572223,0.12819198917114363,0.08712581539290642,,,,,,,,,
PC2_ang008,pc2,combined_yaw_right,101,9,0,,999,0,0.3731278352399561,0.37312813103199005,3.5189052316594254e-07,0.49877413960852107,2.9828107773008834,0.05973707665291786,-0.4845218360424042,0.4930904490599528,0.021727129817008972,-6.629821450952535e-08,950,0.08614812246952483,0.12144826377315442,0.0785785114089387,,,,,,,,,
PC2_ang008,pc2,combined_yaw_right,101,10,0,,999,0,0.3412539707148139,0.34125417470932007,4.232886003300468e-07,0.501658766652709,5.478937406678323,0.051395806331870485,-0.4214839041233063,0.4996679998405721,-1.4960765838623047e-05,-2.49893270074365e-07,950,0.05960101986446504,0.11992919069887914,0.07005308237953788,,,,,,,,,
PC2_ang008,pc2,combined_yaw_right,101,11,0,,999,0,0.35804615946695767,0.3580463379621506,3.6209024847510023e-07,0.508303535302504,4.643525406550975,0.05240244510573849,-0.4619549512863159,0.5062004029886547,0.03336001932621002,-6.068836558948865e-07,950,0.07455063351913943,0.11688150650787328,0.06155656240154967,,,,,,,,,
PC2_ang008,pc2,combined_yaw_right,101,12,0,,999,0,0.3555283004587347,0.35552847385406494,4.232886003300468e-07,0.5224600581893467,4.396197306229559,0.05815046618243622,-0.4299442768096924,0.5212545060916278,0.024940520524978638,-5.660847546582553e-07,950,0.07237190883497219,0.11928973815665327,0.07234521997828196,,,,,,,,,
PC2_ang008,pc2,combined_yaw_right,101,13,0,,999,0,0.3599036806088718,0.3599037826061249,1.6319560494652405e-07,0.5076199662033467,3.9847632534224218,0.06640486202124898,-0.4433470666408539,0.5048921996184388,0.02400067448616028,-1.0199725309157755e-07,950,0.07448898049175892,0.12474597302965547,0.07151643502908485,,,,,,,,,
PC2_ang008,pc2,combined_yaw_right,101,14,0,,999,0,0.36018545893743076,0.36018623411655426,4.844869521849933e-07,0.49751890203313953,4.432172716065708,0.06892147185254857,-0.421967014670372,0.4963032561749847,0.00048522651195526123,1.0709711574615642e-07,950,0.07857997891856132,0.12392681030328107,0.0768170463679451,,,,,,,,,
PC2_ang008,pc2,combined_yaw_right,101,15,0,,999,0,0.3697301176461306,0.3697302043437958,2.702927206926805e-07,0.48311527557017925,2.6837700726119507,0.07055717472494663,-0.4224875122308731,0.4801387207753362,0.03213664889335632,-1.1729684105531416e-07,950,0.12078996716567156,0.1305420146165383,0.09274774995124724,,,,,,,,,
PC2_ang008,pc2,combined_yaw_right,101,16,0,,999,0,0.3623772861963925,0.36237765848636627,4.283884629846257e-07,0.4967519735549524,4.3085000359449594,0.06719469157678645,-0.4409945011138916,0.4959757891156841,-0.006601199507713318,-1.0199725309157752e-07,950,0.08072415528291746,0.11877974255716223,0.07909981439674074,,,,,,,,,
PC2_ang008,pc2,combined_yaw_right,101,17,0,,999,0,0.3671635591728802,0.36716392636299133,2.651928580381016e-07,0.42178368290874924,2.967150540612632,0.12004578854080837,-0.39346545934677124,0.41839528999047854,0.010582655668258667,-7.13980771641043e-08,950,0.11104584837688437,0.13049187157999348,0.21791987590670445,,,,,,,,,
PC2_ang008,pc2,combined_yaw_right,101,18,0,,999,0,0.3497250231510815,0.3497253954410553,4.997865401487299e-07,0.510582696303531,4.056250208939544,0.0476140761003231,-0.44307176768779755,0.5099184187133712,0.028280913829803467,5.099862654578877e-07,950,0.05997704561718042,0.1210812241425323,0.06938611860413856,,,,,,,,,
PC2_ang008,pc2,combined_yaw_right,101,19,0,,999,0,0.3710064283188652,0.37100665271282196,4.181887376754679e-07,0.45396154564735536,2.3200442802699808,0.09152727535276736,-0.4605201631784439,0.4498764056167681,0.0017398744821548462,2.1419423149231282e-07,950,0.08354577013334498,0.11947531338972618,0.10176793504157386,,,,,,,,,
PC2_ang008,pc2,combined_yaw_right,101,20,0,,999,0,0.36366891892836056,0.36366909742355347,5.507851666945188e-07,0.4932337730793843,3.238214608784407,0.06066960529649686,-0.46494585275650024,0.49040834643529674,0.0006376802921295166,1.529958796373664e-07,950,0.08781252260694658,0.11753557673493917,0.06747943496564152,,,,,,,,,
PC2_ang008,pc2,combined_yaw_right,101,21,0,,999,0,0.3586029035044226,0.3586035817861557,4.232886003300468e-07,0.5045637196950794,3.7971234405340812,0.06258936744739835,-0.43635566532611847,0.5032901428848365,0.001993343234062195,-9.689739043699863e-08,950,0.08297886300776983,0.12978389398575516,0.07391773438803562,,,,,,,,,
PC2_ang008,pc2,combined_yaw_right,101,22,0,,999,0,0.34135492624127295,0.34135569632053375,2.7539258334725935e-07,0.5212720610073485,4.469193437158449,0.05765042252571391,-0.43107424676418304,0.5207175779569404,0.0010345131158828735,-2.6519285803810166e-07,950,0.06455993119357872,0.12588712906291366,0.06554033057793145,,,,,,,,,
PC2_ang008,pc2,combined_yaw_right,101,23,0,,999,0,0.36189540136944165,0.36189600825309753,5.558850293490976e-07,0.49593222204544374,3.317483408245905,0.055549290228751005,-0.4371505528688431,0.494697856833861,0.004778444766998291,-1.274965663644719e-07,950,0.0746298201616448,0.12209157334122682,0.06925755507175808,,,,,,,,,
PC2_ang008,pc2,combined_yaw_right,101,24,0,,999,0,0.33298254546953393,0.3329829126596451,2.2949381945604948e-07,0.5209080227272922,5.3700370313790895,0.05488695598503415,-0.42130766808986664,0.5202855998442283,0.022424593567848206,-9.689739043699863e-08,950,0.060204390242009846,0.12336230018017458,0.058601909930816765,,,,,,,,,
PC2_ang008,pc2,combined_yaw_right,101,25,0,,999,0,0.33641861968818193,0.33641858398914337,1.4279615432820854e-07,0.5302726193030662,6.206709836278531,0.04760703728923064,-0.44736190140247345,0.5282099800385444,-0.0012502819299697876,-1.4279615432820854e-07,950,0.05708096496114547,0.12070471808211322,0.05494782982503611,,,,,,,,,
PC2_ang008,pc2,combined_yaw_right,101,26,0,,999,0,0.35077116188199764,0.35077162086963654,5.150861281124665e-07,0.500900991730457,4.513968563411181,0.05003518518612746,-0.45380479097366333,0.49815752430705573,0.00644586980342865,-3.4169079785678485e-07,950,0.06501987210103687,0.12196720259392749,0.061939230700701106,,,,,,,,,
PC2_ang008,pc2,combined_yaw_right,101,27,0,,999,0,0.348757117747623,0.34875769913196564,2.90692171310996e-07,0.5256481637524777,4.687004039251526,0.0445969973326157,-0.44448812305927277,0.525581096114944,-0.0007544010877609253,-6.680820077498329e-07,950,0.05922926700661578,0.11611139907993068,0.05118180044349508,,,,,,,,,
PC2_ang008,pc2,combined_yaw_right,101,28,0,,999,0,0.3569279996787801,0.35692861676216125,3.1619148458389037e-07,0.5062598131915137,3.216738533407419,0.05222962122537828,-0.4454656392335892,0.5050389601791662,0.01119503378868103,-1.325964290190508e-07,950,0.07354533754062206,0.11637231418947283,0.06217337917900349,,,,,,,,,
PC2_ang008,pc2,combined_yaw_right,101,29,0,,999,0,0.34675145969990107,0.34675247967243195,7.445799475685161e-07,0.5305958529425642,4.215398859031319,0.056160256110855476,-0.41464245319366455,0.5284256226164326,0.023201093077659607,2.0399450618315484e-08,950,0.06093668755554617,0.12244724533495023,0.05865272246922606,,,,,,,,,
PC2_ang008,pc2,combined_yaw_right,101,30,0,,999,0,0.3724178483779418,0.37241876125335693,5.507851666945187e-07,0.4780809926431042,2.937664025687397,0.0684977728254223,-0.4725211560726166,0.4761649429408483,0.03244447708129883,4.0798901236631015e-07,950,0.10851849357347797,0.12658782936748433,0.08393128617357362,,,,,,,,,
PC2_ang008,pc2,combined_yaw_right,101,31,0,,999,0,0.36208316787360184,0.3620835095643997,3.1619148458389037e-07,0.5198082705404348,4.137963284903449,0.050687067403681084,-0.46339528262615204,0.5169329453596732,-0.005843356251716614,-4.4878791360294117e-07,950,0.08062186683297547,0.12151730487760892,0.05593311200771528,,,,,,,,,
PC2_ang008,pc2,combined_yaw_right,202,0,0,,999,0,0.34010160439473425,0.34010161459445953,1.988946435285762e-07,0.5155699852442042,5.168006266885332,0.049007459122826585,-0.4246349334716797,0.5131426236241694,-0.006309911608695984,-5.660847546582553e-07,950,0.0612562822528313,0.12336228088982946,0.05836544706876683,,,,,,,,,
PC2_ang008,pc2,combined_yaw_right,202,1,0,,999,0,0.3559269222186848,0.3559270650148392,4.13088875020889e-07,0.5115934932712801,3.777566636323839,0.04867398650421029,-0.4457170069217682,0.5105321451250855,-0.0014917105436325073,3.6209024847510023e-07,950,0.06612028065763734,0.1184311526117152,0.054829329543837006,,,,,,,,,
PC2_ang008,pc2,combined_yaw_right,202,2,0,,999,0,0.36633808902878173,0.3663382828235626,3.365909352022059e-07,0.4891323826887739,3.5863676854394053,0.06316712639922811,-0.4656378924846649,0.4853126998060068,0.005883842706680298,-7.139807716410425e-08,950,0.08687422935452448,0.1160188225332967,0.07821801185639717,,,,,,,,,
PC2_ang008,pc2,combined_yaw_right,202,3,0,,999,0,0.36747118185229477,0.3674716204404831,2.396935447652072e-07,0.4840395962377335,3.11027715660503,0.0726303957600456,-0.4520052373409271,0.47983232098702094,0.028406605124473572,3.4169079785678475e-07,950,0.08772751436868498,0.1225295184328028,0.09297743997492647,,,,,,,,,
PC2_ang008,pc2,combined_yaw_right,202,4,0,,999,0,0.3574251397886378,0.3574254661798477,3.2129134723846926e-07,0.5058143800169513,4.805137240356046,0.05538644619484462,-0.43585339188575745,0.503957500138578,0.01742596924304962,-1.1729684105531416e-07,950,0.10748423121965699,0.1260470399415421,0.07060505428633979,,,,,,,,,
PC2_ang008,pc2,combined_yaw_right,202,5,0,,999,0,0.3540839411836257,0.35408391058444977,1.8359505556483956e-07,0.5112900126404686,3.71733181147707,0.0464591135975078,-0.4487417936325073,0.5099396066902033,0.002184256911277771,3.059917592747326e-07,950,0.06845934672711432,0.12612981690201155,0.054471915762255047,,,,,,,,,
PC2_ang008,pc2,combined_yaw_right,202,6,0,,999,0,0.3450415344799266,0.3450418710708618,3.8758956174799467e-07,0.518188906301073,5.134348919574807,0.05106726935865277,-0.41671906411647797,0.516303956677066,-0.0019561350345611572,-1.4279615432820854e-07,950,0.06108615417885523,0.12741048354864093,0.06427255315026743,,,,,,,,,
PC2_ang008,pc2,combined_yaw_right,202,7,0,,999,0,0.3646155531234282,0.3646159917116165,2.957920339655749e-07,0.49125321330779687,3.375099946440283,0.07150415162126311,-0.4651387631893158,0.48851596491559474,0.012692257761955261,1.0199725309157755e-07,950,0.0880538252015274,0.11553371744322563,0.08496150557824948,,,,,,,,,
PC2_ang008,pc2,combined_yaw_right,202,8,0,,999,0,0.3395585263157911,0.3395589292049408,2.2949381945604948e-07,0.5182748818916915,5.673400900150771,0.05487599570336477,-0.42382098734378815,0.5170765483728919,0.002576380968093872,1.376962916736297e-07,950,0.06097742945105024,0.11627212854912243,0.06062048428616553,,,,,,,,,
PC2_ang008,pc2,combined_yaw_right,202,9,0,,999,0,0.3684802332663919,0.36848050355911255,2.804924460018382e-07,0.48367229905376286,2.405540913704097,0.06856826843708858,-0.4722188711166382,0.4795202857646562,0.0012395381927490234,1.886949182194184e-07,950,0.08818357873247917,0.12128692915125673,0.07826565401158217,,,,,,,,,
PC2_ang008,pc2,combined_yaw_right,202,10,0,,999,0,0.36657603395813926,0.36657610535621643,3.5189052316594254e-07,0.4770789629247127,3.2295081842507356,0.07785341495197076,-0.44061383605003357,0.4759150459704281,0.03273493051528931,1.2749656636447196e-07,950,0.0856376548711703,0.12306543517944371,0.09083463200367019,,,,,,,,,
PC2_ang008,pc2,combined_yaw_right,202,11,0,,999,0,0.34715635437060166,0.3471565991640091,7.547796728776738e-07,0.519497665016288,4.340992671267866,0.05097500918702519,-0.42979174852371216,0.5157794288243517,-0.010313555598258972,2.039945061831559e-08,950,0.0682071539783271,0.12434110907751715,0.05657467816229388,,,,,,,,,
PC2_ang008,pc2,combined_yaw_right,202,12,0,,999,0,0.34382536051107604,0.34382572770118713,3.8758956174799467e-07,0.5277123826773356,4.39863182965183,0.04965233863406929,-0.44801165163517,0.5267223239297052,0.01590973138809204,2.243939568014706e-07,950,0.06039205703022576,0.11961381559258118,0.05251089288189131,,,,,,,,,
PC2_ang008,pc2,combined_yaw_right,202,13,0,,999,0,0.36632363952417424,0.3663240373134613,2.49893270074365e-07,0.5104762195280965,2.8066899865682204,0.04838375953912663,-0.45170271396636963,0.509793097299333,-0.001756519079208374,-4.6408750156667776e-07,950,0.085848410226107,0.11810161045347446,0.06252599495332958,,,,,,,,,
PC2_ang008,pc2,combined_yaw_right,202,14,0,,999,0,0.35211790532351817,0.3521183133125305,3.31491072547627e-07,0.5048833369899733,3.853636914604949,0.05057847954527367,-0.44415637850761414,0.5041645852710066,0.01041322946548462,1.2749656636447193e-07,950,0.06146722943599672,0.11342188745194016,0.05778022107578825,,,,,,,,,
PC2_ang008,pc2,combined_yaw_right,202,15,0,,999,0,0.34410777050543595,0.3441080152988434,3.1619148458389037e-07,0.51540156963281,4.595824932688068,0.053962629017867046,-0.43637602031230927,0.513013592618035,0.017920643091201782,3.569903858205214e-07,950,0.06064273592574415,0.12270658697270406,0.06367595223980124,,,,,,,,,
PC2_ang008,pc2,combined_yaw_right,202,16,0,,999,0,0.37254746991364074,0.3725477606058121,3.31491072547627e-07,0.48615349446493106,2.657131724929793,0.07656186075592836,-0.4224370867013931,0.48152355182239653,0.004326120018959045,-7.649793981868314e-08,950,0.0944486414345538,0.127988218437127,0.09269540819230618,,,,,,,,,
PC2_ang008,pc2,combined_yaw_right,202,17,0,,999,0,0.3446076525883241,0.3446081727743149,3.926894244025735e-07,0.5051428031734413,5.388215748970717,0.04731872579082985,-0.4507075399160385,0.5019593237979462,0.002687796950340271,-3.5189052316594254e-07,950,0.06669758393909828,0.11821908383073339,0.060722455661800276,,,,,,,,,
PC2_ang008,pc2,combined_yaw_right,202,18,0,,999,0,0.36663380105865195,0.3666338622570038,1.988946435285762e-07,0.4894398927774475,2.1029428230579574,0.055016017554850596,-0.46613579988479614,0.48899536558247647,-0.005156159400939941,-6.986811836773062e-07,950,0.08796371370331832,0.12472459176595743,0.07351400157212641,,,,,,,,,
PC2_ang008,pc2,combined_yaw_right,202,19,0,,999,0,0.3721939555623315,0.37219421565532684,3.7228997378425803e-07,0.4766552554902779,2.8883208860051024,0.07213292590729492,-0.4641880393028259,0.47604574732257654,0.02099873125553131,-4.4368805094836227e-07,950,0.10247383231047529,0.12296369881415208,0.08120015419348434,,,,,,,,,
PC2_ang008,pc2,combined_yaw_right,202,20,0,,999,0,0.33624085074758786,0.3362409323453903,3.1109162192931147e-07,0.536496802497743,5.881647411105868,0.05785955318120406,-0.41714631021022797,0.5342652096992522,-0.005130931735038757,-1.0709711574615642e-07,950,0.05891339136781185,0.12142061647900176,0.06161572949657391,,,,,,,,,
PC2_ang008,pc2,combined_yaw_right,202,21,0,,999,0,0.36161145265089634,0.36161214113235474,4.7428722687583555e-07,0.4957333326053605,3.7051488938123476,0.052736530019774006,-0.41587308049201965,0.49412121259416547,0.028689056634902954,-1.478960169827875e-07,950,0.08402082500167184,0.11714594607704353,0.07862012435013054,,,,,,,,,
PC2_ang008,pc2,combined_yaw_right,202,22,0,,999,0,0.35077079811835676,0.3507709205150604,6.782817330589906e-07,0.5102622850011327,4.873269011792641,0.048778871346551594,-0.43077972531318665,0.5086372144754545,0.0031420886516571045,2.804924460018382e-07,950,0.06067945515201197,0.11667304122822404,0.05749015359811141,,,,,,,,,
PC2_ang008,pc2,combined_yaw_right,202,23,0,,999,0,0.3354215582105565,0.33542171120643616,3.3659093520220585e-07,0.52114749695891,5.661094456489325,0.04107050965101774,-0.4453247934579849,0.5207790709813334,0.006171315908432007,4.997865401487299e-07,950,0.057889842897725786,0.11577395171790035,0.04664462454557785,,,,,,,,,
PC2_ang008,pc2,combined_yaw_right,202,24,0,,999,0,0.3647328510003931,0.36473363637924194,4.997865401487299e-07,0.5051338886711576,3.3428699497193533,0.05297686151363912,-0.46922867000102997,0.504270957318725,0.011554032564163208,-1.1219697840073532e-07,950,0.07786107665586554,0.11626599785202259,0.0648519233930435,,,,,,,,,
PC2_ang008,pc2,combined_yaw_right,202,25,0,,999,0,0.33500572082830626,0.33500608801841736,3.008918966201538e-07,0.5376126931531093,5.015593208414109,0.05466802753014747,-0.4264017939567566,0.5368176587171021,0.026010245084762573,-8.669766512784089e-08,950,0.06089764184170275,0.12076299578812372,0.060389333547240555,,,,,,,,,
PC2_ang008,pc2,combined_yaw_right,202,26,0,,999,0,0.36653721444109544,0.3665373623371124,3.008918966201538e-07,0.4701236618735709,3.5022136488017823,0.09237893063736857,-0.45815804600715637,0.4650856171244565,0.008914709091186523,-1.6829546760110293e-07,950,0.09137051167848625,0.12229950712959034,0.12781519159302326,,,,,,,,,
PC2_ang008,pc2,combined_yaw_right,202,27,0,,999,0,0.3410285593354128,0.34102863073349,4.079890123663102e-07,0.5110279325962668,3.6340910212643136,0.050444611750250556,-0.43122583627700806,0.5100845238313562,-0.001268237829208374,-3.0599175927473257e-07,950,0.058981030528313966,0.11795515985394324,0.05678297560421031,,,,,,,,,
PC2_ang008,pc2,combined_yaw_right,202,28,0,,999,0,0.3628882255783693,0.36288827657699585,2.600929953835227e-07,0.5039582149264987,3.389572730378287,0.05555043980351712,-0.418123796582222,0.5026618301536574,0.006606072187423706,2.4989327007436497e-07,950,0.08530941416111507,0.11776627708082107,0.07489757253686682,,,,,,,,,
PC2_ang008,pc2,combined_yaw_right,202,29,0,,999,0,0.35918661258756157,0.3591872602701187,5.201859907670454e-07,0.5037420688981352,4.088468196661525,0.05031459538044021,-0.43302878737449646,0.5033996076597971,0.000867500901222229,-8.465772006600936e-07,950,0.07907258599540758,0.12098761630343657,0.07198813884794562,,,,,,,,,
PC2_ang008,pc2,combined_yaw_right,202,30,0,,999,0,0.33491613504720885,0.33491650223731995,4.946866774941511e-07,0.5301286926091839,5.91877297819264,0.045120395182717266,-0.41647280752658844,0.530094336840164,-0.0021196603775024414,-4.5898763891209865e-08,950,0.059921881009586536,0.11784664794252454,0.05315442372885034,,,,,,,,,
PC2_ang008,pc2,combined_yaw_right,202,31,0,,999,0,0.3423094068140907,0.3423101156949997,4.4878791360294117e-07,0.5094269357033099,4.7724512720877135,0.05024518616294464,-0.43269580602645874,0.5090352782158291,0.0015657693147659302,-4.997865401487299e-07,950,0.05941678755115395,0.12102982422939447,0.05686695248301799,,,,,,,,,
PC2_ang008,pc2,combined_yaw_right,303,0,0,,999,0,0.3717605720229327,0.37176114320755005,4.028891497117313e-07,0.4751058743470359,2.4472863721993834,0.0699368359342584,-0.469553679227829,0.4721369223047328,0.0026115775108337402,-3.7228997378425803e-07,950,0.09338176337191145,0.12413430272919695,0.10531356337418306,,,,,,,,,
PC2_ang008,pc2,combined_yaw_right,303,1,0,,999,0,0.35946372501990376,0.35946378111839294,3.8758956174799467e-07,0.4925545004103414,3.222838572508942,0.054602846358295695,-0.46079622209072113,0.49037906489079364,0.011662036180496216,-2.039945061831551e-07,950,0.07551326084657801,0.12459731488688208,0.08085733714221825,,,,,,,,,
PC2_ang008,pc2,combined_yaw_right,303,2,0,,999,0,0.36514743525076676,0.3651476800441742,4.7428722687583555e-07,0.4934997032926091,2.887587863091989,0.06521677542345387,-0.4731908440589905,0.4883435254048435,0.02220633625984192,4.7428722687583555e-07,950,0.07997776100123609,0.11200464941164517,0.07448961574917587,,,,,,,,,
PC2_ang008,pc2,combined_yaw_right,303,3,0,,999,0,0.3578165634908778,0.3578168898820877,2.7539258334725935e-07,0.5001246084975866,4.072896286117475,0.06649634468050501,-0.47391223907470703,0.4982329176084064,0.01748766005039215,2.3459368211062833e-07,950,0.08464564088435764,0.12030655124164759,0.0769095800152228,,,,,,,,,
PC2_ang008,pc2,combined_yaw_right,303,4,0,,999,0,0.36740140059096293,0.3674016147851944,3.1109162192931147e-07,0.4797228172896556,2.79736285469442,0.07476942917184976,-0.4338899105787277,0.4793318837325411,0.0011405497789382935,-1.4789601698278744e-07,950,0.0896449121000292,0.12402803191712479,0.08418594345341247,,,,,,,,,
PC2_ang008,pc2,combined_yaw_right,303,5,0,,999,0,0.36800781529854965,0.3680085241794586,7.751791234959892e-07,0.5066995371419485,3.438923130242433,0.05251395982937655,-0.4597007930278778,0.5040307907358343,0.022798389196395874,-4.6918736422125687e-07,950,0.09462563169185757,0.12284225562883695,0.07122494225247912,,,,,,,,,
PC2_ang008,pc2,combined_yaw_right,303,6,0,,999,0,0.3681617172006617,0.36816251277923584,2.7539258334725935e-07,0.5011717344606376,2.9726917462369586,0.05844717806100762,-0.46730712056159973,0.49894678610718224,0.0044384002685546875,3.3659093520220585e-07,950,0.11944662575474417,0.13014423158913824,0.07154180195939155,,,,,,,,,
PC2_ang008,pc2,combined_yaw_right,303,7,0,,999,0,0.36432379810886584,0.3643244355916977,5.40585441385361e-07,0.5044224467552703,3.082958512029715,0.04918643530257097,-0.470862478017807,0.5020760353360705,0.03259606659412384,-2.0399450618315484e-08,950,0.08902586986541958,0.12481618329229327,0.059726590926143804,,,,,,,,,
PC2_ang008,pc2,combined_yaw_right,303,8,0,,999,0,0.35711605002217117,0.35711656510829926,4.6918736422125665e-07,0.5088402305281113,5.0248056745450125,0.05947280282913342,-0.44390417635440826,0.5065685381081099,0.009585246443748474,-2.753925833472594e-07,950,0.07869323068344772,0.11871683499534516,0.07276134618239621,,,,,,,,,
PC2_ang008,pc2,combined_yaw_right,303,9,0,,999,0,0.36534801826757546,0.36534813046455383,2.600929953835227e-07,0.49882096682430227,3.3152573223214787,0.05054112925308228,-0.458231583237648,0.49769412567867677,0.014189720153808594,2.396935447652072e-07,950,0.06912079913329801,0.11943698856856493,0.06603072325307734,,,,,,,,,
PC2_ang008,pc2,combined_yaw_right,303,10,0,,999,0,0.3658307707086604,0.36583109200000763,3.4679066051136365e-07,0.5079455339193542,3.12349072136498,0.05074563531838965,-0.4786539822816849,0.5068736776547474,0.017798319458961487,-1.9379478087399736e-07,950,0.09619292182841535,0.1244825612377459,0.061540602420192665,,,,,,,,,
PC2_ang008,pc2,combined_yaw_right,303,11,0,,999,0,0.35257394619804017,0.3525747060775757,8.669766512784091e-07,0.5138156515879562,5.190590723699341,0.05274820471971413,-0.434251606464386,0.5119513927355235,-0.002188771963119507,8.159780247326203e-07,950,0.07081166443313452,0.12124108049218635,0.055077686319495535,,,,,,,,,
PC2_ang008,pc2,combined_yaw_right,303,12,0,,999,0,0.3615932294072952,0.36159369349479675,2.2949381945604948e-07,0.4905543811117764,3.4501025924298134,0.06283479680068607,-0.45131815969944,0.4879158823094702,0.03440341353416443,-3.8248969909341577e-07,950,0.07643126078814863,0.11615395292143656,0.07518805327361901,,,,,,,,,
PC2_ang008,pc2,combined_yaw_right,303,13,0,,999,0,0.36859816272947243,0.36859817802906036,3.1619148458389037e-07,0.49908836277271384,2.8786650797276936,0.05163634667893056,-0.4542994648218155,0.4958180884165997,0.018877968192100525,-4.6918736422125665e-07,950,0.0731717260803787,0.11693540516019298,0.06801752779230076,,,,,,,,,
PC2_ang008,pc2,combined_yaw_right,303,14,0,,999,0,0.34295959523654873,0.3429598808288574,2.855923086564171e-07,0.5230427191583447,5.1266602260599345,0.05957129387361698,-0.4258274435997009,0.5224634820360826,0.013850748538970947,-3.1619148458389037e-07,950,0.060708733105933346,0.12414263468091528,0.06768032332576952,,,,,,,,,
PC2_ang008,pc2,combined_yaw_right,303,15,0,,999,0,0.3757963139105608,0.3757968544960022,3.263912098930481e-07,0.4853495047354479,2.4563685344658923,0.06048706448242806,-0.4557305723428726,0.48304368444460843,0.022945046424865723,-3.059917592747328e-08,950,0.08149497276199358,0.12020836987040623,0.086348062587823,,,,,,,,,
PC2_ang008,pc2,combined_yaw_right,303,16,0,,999,0,0.35391845661688615,0.3539187014102936,2.7539258334725935e-07,0.4934235259556644,2.805549253740826,0.0541554702426452,-0.4306700527667999,0.49297662526689173,-0.005132615566253662,2.2439395680147059e-07,950,0.06888402698904275,0.12306835615536806,0.08152110801111734,,,,,,,,,
PC2_ang008,pc2,combined_yaw_right,303,17,0,,999,0,0.35607558839461384,0.356075644493103,3.2129134723846926e-07,0.5115730558506661,3.8262289328256855,0.05212331569399599,-0.439941868185997,0.5099093739739092,0.01207578182220459,3.5699038582052176e-08,950,0.06331033627566869,0.11881692565754234,0.06165736105986122,,,,,,,,,
PC2_ang008,pc2,combined_yaw_right,303,18,0,,999,0,0.3559215946152886,0.3559218496084213,2.1929409414689171e-07,0.5223990474277999,3.4304564591594646,0.05052560051653798,-0.4248195290565491,0.5196526545952784,0.003612026572227478,-3.926894244025735e-07,950,0.06583812645459043,0.11816630182480527,0.0573777930034828,,,,,,,,,
PC2_ang008,pc2,combined_yaw_right,303,19,0,,999,0,0.3429698811814109,0.3429705798625946,4.283884629846257e-07,0.5049810433396937,4.490650109240919,0.047827692028310956,-0.4300277382135391,0.5039730512730245,-0.003986626863479614,-3.1619148458389037e-07,950,0.057198359606189866,0.12058006747699133,0.05635328754168027,,,,,,,,,
PC2_ang008,pc2,combined_yaw_right,303,20,0,,999,0,0.34594755671559807,0.3459482043981552,4.9978654014873e-07,0.5152130031707394,4.491389926262707,0.05468822117881675,-0.4342026710510254,0.5116899562612334,-0.0031968504190444946,-3.059917592747317e-08,950,0.06094808553276051,0.11715338675881119,0.0629580854254549,,,,,,,,,
PC2_ang008,pc2,combined_yaw_right,303,21,0,,999,0,0.3605376210282831,0.36053790152072906,4.997865401487299e-07,0.5064186750520688,3.480109718723567,0.054180285814590605,-0.4263477176427841,0.5033950968517554,0.021988645195961,-2.447934074197861e-07,950,0.08115485906739539,0.12008297735152305,0.06980760000737478,,,,,,,,,
PC2_ang008,pc2,combined_yaw_right,303,22,0,,999,0,0.3712546991154472,0.37125539779663086,4.946866774941511e-07,0.5036266733904554,2.761231445504153,0.0590446333040959,-0.4318222999572754,0.5009393023775603,0.021367013454437256,-5.6098489200367554e-08,950,0.08059885220900617,0.12227784771466212,0.06805732793546337,,,,,,,,,
PC2_ang008,pc2,combined_yaw_right,303,23,0,,999,0,0.362146990423534,0.36214710772037506,3.1619148458389037e-07,0.4702199271076479,3.0079768495116164,0.07319068697969992,-0.4574379026889801,0.468461666944728,0.007736489176750183,2.2439395680147059e-07,950,0.07147060180358067,0.11753429314442815,0.09098966559463224,,,,,,,,,
PC2_ang008,pc2,combined_yaw_right,303,24,0,,999,0,0.3682474925078173,0.36824755370616913,2.600929953835227e-07,0.489675763051757,2.3864673457950554,0.07040078564806385,-0.49990467727184296,0.4873171728181082,0.006927922368049622,3.4169079785678475e-07,950,0.08714765591047403,0.12393439836753754,0.08320862766109072,,,,,,,,,
PC2_ang008,pc2,combined_yaw_right,303,25,0,,999,0,0.3606756613216298,0.36067628860473633,6.22183243858623e-07,0.515431867357668,3.860766037825481,0.05121751305017806,-0.4443802982568741,0.5142518696919431,0.005789130926132202,-9.179752778241973e-08,950,0.07531638404295767,0.1178286562018101,0.061834226532126814,,,,,,,,,
PC2_ang008,pc2,combined_yaw_right,303,26,0,,999,0,0.3606111600915378,0.3606117516756058,4.232886003300468e-07,0.4999216888195259,3.7880134871424165,0.05555290659911774,-0.4696834981441498,0.4972337985200619,0.012894675135612488,-1.6829546760110298e-07,950,0.07049531126091518,0.1191699017835197,0.06424648853562565,,,,,,,,,
PC2_ang008,pc2,combined_yaw_right,303,27,0,,999,0,0.3525898745034468,0.35259029269218445,3.569903858205214e-07,0.49740352917384223,4.5110395824511915,0.05896707212428723,-0.4234960824251175,0.49556828083950505,0.014541447162628174,-2.2439395680147059e-07,950,0.067744831089028,0.11974209816280028,0.08081747886808387,,,,,,,,,
PC2_ang008,pc2,combined_yaw_right,303,28,0,,999,0,0.37225276885185654,0.37225309014320374,2.447934074197861e-07,0.4821805564026599,3.1957293878711566,0.06721982694882343,-0.4636198431253433,0.4784399297493871,0.027880758047103882,-7.853788488051471e-07,950,0.08981644418876909,0.11985967147171327,0.08784049534368997,,,,,,,,,
PC2_ang008,pc2,combined_yaw_right,303,29,0,,999,0,0.3714759940291471,0.3714763969182968,3.1109162192931147e-07,0.4818429537104416,2.7670360346379543,0.06759442058436768,-0.4575037360191345,0.4795185469394883,0.005239233374595642,3.569903858205212e-08,950,0.0781549725522689,0.1186094082077729,0.078365146888973,,,,,,,,,
PC2_ang008,pc2,combined_yaw_right,303,30,0,,999,0,0.3547998275508218,0.3548005670309067,3.2129134723846926e-07,0.5069499225897293,4.138787150432947,0.05453612275679318,-0.4206114560365677,0.5059530644667238,-0.0007067471742630005,-1.8869491821941846e-07,950,0.06811894829453684,0.12177907637090381,0.06467949223961622,,,,,,,,,
PC2_ang008,pc2,combined_yaw_right,303,31,0,,999,0,0.3470891469462033,0.3470895141363144,5.762844799674131e-07,0.5228364030779151,4.657408110382391,0.049012275178473036,-0.4324341118335724,0.5216241192138513,-0.003204450011253357,5.864842052765709e-07,950,0.06369983250630364,0.12035123284161983,0.05611716976536112,,,,,,,,,
PC2_ang008,pc2,combined_yaw_left,101,0,0,,999,0,0.3711363931390691,0.37113654613494873,3.2129134723846926e-07,0.4530018541260833,5.462969547642476,0.09310842947559245,0.4612618386745453,0.4523430629534666,-0.008690744638442993,-3.569903858205212e-08,950,0.09174992614108328,0.1368819667464029,0.09614647344394081,,,,,,,,,
PC2_ang008,pc2,combined_yaw_left,101,1,0,,999,0,0.3749824349574227,0.37498268485069275,2.3459368211062835e-07,0.4415559810400619,5.293278790909051,0.10540059752095078,0.4251350164413452,0.43894996272083986,-0.015730351209640503,-5.201859907670455e-07,950,0.14037093896869818,0.14264268343779224,0.14666709965991853,,,,,,,,,
PC2_ang008,pc2,combined_yaw_left,101,2,0,,999,0,0.35733123808939826,0.3573317378759384,4.7428722687583555e-07,0.4881103983516225,6.150407957006141,0.07796292057189178,0.42332182824611664,0.4865042493177595,-0.01811276376247406,7.649793981868314e-08,950,0.08498837432815728,0.1304893678028377,0.08886467441426066,,,,,,,,,
PC2_ang008,pc2,combined_yaw_left,101,3,0,,999,0,0.3744980500024908,0.3744982182979584,3.7228997378425803e-07,0.3716864670925165,5.325625634540141,0.1599230242931553,0.4339388757944107,0.36962855500546504,0.0044938623905181885,3.1109162192931147e-07,950,0.17007276382409633,0.16627586139262077,0.21482407276340945,,,,,,,,,
PC2_ang008,pc2,combined_yaw_left,101,4,0,,999,0,0.36339728940616955,0.36339789628982544,3.569903858205214e-07,0.4548566646804181,6.325303528900998,0.08579947880410464,0.4362333118915558,0.45279111679760703,-0.016048848628997803,1.8359505556483956e-07,950,0.08499952881435477,0.12920842967001803,0.09459012397070625,,,,,,,,,
PC2_ang008,pc2,combined_yaw_left,101,5,0,,999,0,0.3743410847563157,0.37434206902980804,8.822762392421458e-07,0.3907733293106309,5.076302902652186,0.14374772245042727,0.4846547245979309,0.3888212766254395,0.01648227870464325,-1.376962916736297e-07,950,0.1562711589981209,0.14391253602445997,0.155268054962734,,,,,,,,,
PC2_ang008,pc2,combined_yaw_left,101,6,0,,999,0,0.3765253312288121,0.37652595341205597,3.6209024847510023e-07,0.35660872596628895,5.434142904926174,0.1662017392180467,0.4372687041759491,0.35635241731360867,0.015008851885795593,2.192940941468917e-07,950,0.1424829203932042,0.14273041686883384,0.19099166479249197,,,,,,,,,
PC2_ang008,pc2,combined_yaw_left,101,7,0,,999,0,0.37083009777859566,0.37083032727241516,3.008918966201538e-07,0.4213188848983025,5.75016169963073,0.10833069015736974,0.4629473388195038,0.42080631341816677,-0.011090695858001709,-3.7228997378425803e-07,950,0.12233894762109006,0.13994372686082063,0.13256365745638016,,,,,,,,,
PC2_ang008,pc2,combined_yaw_left,101,8,0,,999,0,0.36931400686343085,0.369314506649971,4.4878791360294117e-07,0.4350420428437714,5.835511322245206,0.10330010045054758,0.413996085524559,0.43503748206801046,-0.009566619992256165,1.2239670370989306e-07,950,0.1134818948440562,0.13276067233279917,0.10462133931824179,,,,,,,,,
PC2_ang008,pc2,combined_yaw_left,101,9,0,,999,0,0.38341415310925975,0.3834143877029419,1.1729684105531418e-07,0.3564060619234205,4.789372981716609,0.17003052668932112,0.43629391491413116,0.354377720898659,0.004016995429992676,-5.6098489200367646e-08,950,0.1756548736721783,0.14836651328485329,0.2090680358428374,,,,,,,,,
PC2_ang008,pc2,combined_yaw_left,101,10,0,,999,0,0.3536850926391581,0.3536854088306427,2.855923086564171e-07,0.47603361254795995,6.766359153821062,0.09144975172925375,0.39180874824523926,0.4752367699260588,-0.0024794340133666992,2.0399450618315484e-08,950,0.08159620778967233,0.13411167925134407,0.10101455621670254,,,,,,,,,
PC2_ang008,pc2,combined_yaw_left,101,11,0,,999,0,0.3603180770408661,0.3603185564279556,3.31491072547627e-07,0.433061204351424,5.950609267421438,0.10936650543143253,0.41519351303577423,0.42946017575807205,-0.005115613341331482,-1.376962916736297e-07,950,0.11539265015992872,0.1401434379741537,0.11552169619612646,,,,,,,,,
PC2_ang008,pc2,combined_yaw_left,101,12,0,,999,0,0.3728285155353699,0.37282900512218475,3.263912098930481e-07,0.4854757853392251,5.470328657480659,0.07076401017609413,0.43658171594142914,0.4842838589104411,0.006952151656150818,3.0599175927473226e-08,950,0.09177838551093934,0.12513583097892017,0.0786047288908504,,,,,,,,,
PC2_ang008,pc2,combined_yaw_left,101,13,0,,999,0,0.37811922007066046,0.37811923027038574,1.2749656636447193e-07,0.41160287457565914,4.874487399157902,0.12373755654607821,0.43101324141025543,0.40926644161074016,0.002438277006149292,-1.784951929102607e-07,950,0.12102600341280878,0.13336498061092047,0.1313019762349818,,,,,,,,,
PC2_ang008,pc2,combined_yaw_left,101,14,0,,999,0,0.37317903562981813,0.3731793314218521,4.997865401487299e-07,0.44605782559520435,5.303585977610707,0.10610465317025494,0.4282105416059494,0.4425879851514206,-0.0053572505712509155,2.957920339655749e-07,950,0.1134419409941954,0.12806297259891455,0.136220712777813,,,,,,,,,
PC2_ang008,pc2,combined_yaw_left,101,15,0,,999,0,0.3539636779755832,0.35396425426006317,2.957920339655749e-07,0.4399359101219079,7.36746259331405,0.11128614804383458,0.4476644843816757,0.43250900607910514,-0.0205715149641037,-3.0599175927473226e-08,950,0.1281839778768935,0.1505776065987629,0.12345166387847915,,,,,,,,,
PC2_ang008,pc2,combined_yaw_left,101,16,0,,999,0,0.37955148159501384,0.37955161929130554,3.773898364388369e-07,0.4207331981664656,5.661202844837829,0.11692855860598413,0.4004222899675369,0.4177497664443633,-0.011538594961166382,-5.507851666945187e-07,950,0.13905849349848395,0.1494283094868331,0.14918465321606514,,,,,,,,,
PC2_ang008,pc2,combined_yaw_left,101,17,0,,999,0,0.3588904373467287,0.35889050364494324,2.2439395680147059e-07,0.37686651091915935,7.6202947930404825,0.1670449299875329,0.4114430695772171,0.3741274049821084,-0.006096571683883667,2.5499313272894386e-07,950,0.16169812652370533,0.1473504063905112,0.2175564607094033,,,,,,,,,
PC2_ang008,pc2,combined_yaw_left,101,18,0,,999,0,0.3675850491950856,0.3675851970911026,2.1929409414689171e-07,0.44828830483042836,5.67689313672007,0.08506186473261146,0.42319685220718384,0.4476535832511619,-0.00611056387424469,7.649793981868317e-08,950,0.08585479300420364,0.13312897193670112,0.08874236704959522,,,,,,,,,
PC2_ang008,pc2,combined_yaw_left,101,19,0,,999,0,0.37545231901069376,0.375452920794487,2.7539258334725935e-07,0.39373480066985794,4.857157579457596,0.1381197291652086,0.4447767585515976,0.3920228521046288,-0.01053716242313385,-4.589876389120989e-07,950,0.14293739255577234,0.13873589656905255,0.14358550667705297,,,,,,,,,
PC2_ang008,pc2,combined_yaw_left,101,20,0,,999,0,0.37562151834926505,0.3756216764450073,3.977892870571524e-07,0.4350355055470897,5.4135555179118295,0.10129386366515725,0.46965430676937103,0.43472871446760486,-0.00868833065032959,4.5898763891209897e-07,950,0.125581801056956,0.14477470708288367,0.11428796325744348,,,,,,,,,
PC2_ang008,pc2,combined_yaw_left,101,21,0,,999,0,0.3720008196199642,0.37200115621089935,3.569903858205214e-07,0.44422424587876996,5.505614176714396,0.10755692354113025,0.429723784327507,0.4434103688624184,-0.017030999064445496,3.365909352022059e-07,950,0.12091258951515815,0.14066000622332037,0.1189642258041104,,,,,,,,,
PC2_ang008,pc2,combined_yaw_left,101,22,0,,999,0,0.3531655395891577,0.35316620767116547,3.31491072547627e-07,0.4808227579344827,6.633704338154935,0.07049297542441166,0.40816526114940643,0.4777451413093028,-0.019417867064476013,-2.4989327007436497e-07,950,0.08098719633340251,0.1247364954917627,0.0954579936144147,,,,,,,,,
PC2_ang008,pc2,combined_yaw_left,101,23,0,,999,0,0.3597056255302327,0.35970625281333923,6.017837932403076e-07,0.43845927981364247,6.67712733984348,0.10408442768325271,0.4305477887392044,0.43550942338229326,-0.019777238368988037,5.303857160762033e-07,950,0.11688385331422137,0.13958507560149386,0.12212178654822434,,,,,,,,,
PC2_ang008,pc2,combined_yaw_left,101,24,0,,999,0,0.36024702041544376,0.3602476119995117,3.008918966201538e-07,0.4979163851888905,6.122819247530964,0.06034172364979752,0.4419252276420593,0.4967453565985408,-0.014884650707244873,4.589876389120992e-08,950,0.07170602788264785,0.12654083936116323,0.06769836561502872,,,,,,,,,
PC2_ang008,pc2,combined_yaw_left,101,25,0,,999,0,0.3596344855539302,0.35963480174541473,4.5898763891209897e-07,0.48433886216064725,6.1711870902745005,0.07226366209252708,0.4422856867313385,0.48266983159143517,0.001973763108253479,1.5299587963736634e-07,950,0.08374121044444628,0.1300316287235245,0.0795200486545273,,,,,,,,,
PC2_ang008,pc2,combined_yaw_left,101,26,0,,999,0,0.36056023039282326,0.3605605363845825,5.150861281124665e-07,0.4581594802470828,6.374162849771949,0.08680834342407354,0.41734670102596283,0.45703023500251216,-0.0008203685283660889,3.416907978567847e-07,950,0.08655450165139335,0.13213629856254402,0.08859325407500021,,,,,,,,,
PC2_ang008,pc2,combined_yaw_left,101,27,0,,999,0,0.3630981509857637,0.3630986660718918,4.4368805094836227e-07,0.4942634824812715,5.75445476574413,0.06525447464423723,0.46818017959594727,0.4920405259919337,-0.01490907371044159,-5.609848920036766e-08,950,0.08491579710678931,0.1296848723870535,0.08378650037342471,,,,,,,,,
PC2_ang008,pc2,combined_yaw_left,101,28,0,,999,0,0.3739729530033581,0.3739733099937439,1.988946435285762e-07,0.4520659255188605,5.0351218413654255,0.08366423548001704,0.4447426348924637,0.45170227080337966,-0.0021991729736328125,-4.5388777625752e-07,950,0.10719185790875001,0.14374844728975095,0.08912201537224543,,,,,,,,,
PC2_ang008,pc2,combined_yaw_left,101,29,0,,999,0,0.36123589342609447,0.3612360209226608,3.926894244025735e-07,0.48652647536432525,5.933381328919539,0.07192880898876902,0.4463542550802231,0.4840744420472378,-0.011391118168830872,-4.6408750156667786e-07,950,0.08176374264331157,0.13009558043599057,0.07610149141877032,,,,,,,,,
PC2_ang008,pc2,combined_yaw_left,101,30,0,,999,0,0.3754696127246408,0.3754698932170868,5.150861281124665e-07,0.34648305369084414,5.863340179047526,0.18369620902998826,0.3905107229948044,0.3421063212869537,0.004171133041381836,-1.478960169827875e-07,950,0.17291615051499218,0.15613907947657274,0.2168693374181581,,,,,,,,,
PC2_ang008,pc2,combined_yaw_left,101,31,0,,999,0,0.37764370369719946,0.37764449417591095,4.895868148395722e-07,0.43758524701758184,4.689235954155417,0.10553737556536597,0.440405935049057,0.43516011101045626,-0.003650173544883728,-2.753925833472593e-07,950,0.11780660843448307,0.13524235739021973,0.11222878359445519,,,,,,,,,
PC2_ang008,pc2,combined_yaw_left,202,0,0,,999,0,0.3583072422341229,0.3583076298236847,4.691873642212567e-07,0.5033642747568146,6.161389056009609,0.05914494246674197,0.48774343729019165,0.5013079716651542,0.02216079831123352,-2.5499313272894386e-07,950,0.07854272927940407,0.12761102028445018,0.068515667017245,,,,,,,,,
PC2_ang008,pc2,combined_yaw_left,202,1,0,,999,0,0.3670860573569721,0.36708664894104004,3.4679066051136365e-07,0.4528962680820121,6.013434383742233,0.08573632567723447,0.43003585934638977,0.45217220951559756,-0.014902681112289429,-7.139807716410425e-08,950,0.09308081434001013,0.1265500016721619,0.09335681164862979,,,,,,,,,
PC2_ang008,pc2,combined_yaw_left,202,2,0,,999,0,0.3682917315851558,0.36829207837581635,4.946866774941511e-07,0.3997075802289634,5.494263447089379,0.13996585715109747,0.4117908328771591,0.3953109441816008,-0.010085508227348328,-1.6829546760110287e-07,950,0.13817935970566758,0.16635295121637456,0.15057110333595358,,,,,,,,,
PC2_ang008,pc2,combined_yaw_left,202,3,0,,999,0,0.3777050570370679,0.377705454826355,4.946866774941511e-07,0.370771301649042,5.912741465766892,0.15649413085319508,0.4233153164386749,0.3697206847619636,-0.006861746311187744,4.436880509483624e-07,950,0.1629365180653255,0.15093059436468084,0.15255963440841014,,,,,,,,,
PC2_ang008,pc2,combined_yaw_left,202,4,0,,999,0,0.381180615587668,0.38118113577365875,4.4878791360294117e-07,0.3791699480550282,4.760799292452287,0.15000016667387256,0.4656313806772232,0.3781025359847465,-0.004234418272972107,-4.079890123663107e-08,950,0.1609992572892347,0.14069415206909716,0.1613545627176403,,,,,,,,,
PC2_ang008,pc2,combined_yaw_left,202,5,0,,999,0,0.3711125838724687,0.3711126297712326,2.1929409414689171e-07,0.44479819530671777,4.9733402012729595,0.09268995762767297,0.47350575029850006,0.4435232079862973,-0.007907196879386902,1.988946435285762e-07,950,0.09110698843075744,0.12859826598831567,0.09886215708724869,,,,,,,,,
PC2_ang008,pc2,combined_yaw_left,202,6,0,,999,0,0.3670560060975386,0.3670564293861389,2.447934074197861e-07,0.48193978743623583,5.539814663549935,0.06476478652632796,0.42840978503227234,0.48117260664026984,0.00648006796836853,-6.11983518549465e-08,950,0.08578537426321359,0.13126368837130006,0.07673672714935965,,,,,,,,,
PC2_ang008,pc2,combined_yaw_left,202,7,0,,999,0,0.3716272012913291,0.37162740528583527,4.181887376754679e-07,0.3632346417963742,5.464203149630248,0.16057002240735835,0.4107697606086731,0.3630893037637312,-0.013321325182914734,2.0399450618315484e-08,950,0.13953654576583044,0.13892481618449612,0.18994162431175765,,,,,,,,,
PC2_ang008,pc2,combined_yaw_left,202,8,0,,999,0,0.36239704011595825,0.3623972237110138,3.8758956174799467e-07,0.4770503989849598,6.014849733696888,0.06667624668436813,0.43399496376514435,0.4767987573341048,-0.02015906572341919,-3.8758956174799467e-07,950,0.07800123727455616,0.13324049495926912,0.07296871774311418,,,,,,,,,
PC2_ang008,pc2,combined_yaw_left,202,9,0,,999,0,0.3757362204758241,0.375736266374588,1.529958796373663e-07,0.3969693864584356,5.334101878699654,0.1369830279702024,0.48254603147506714,0.39471172727138737,-0.008219331502914429,2.447934074197861e-07,950,0.1328422228054936,0.1420325030612051,0.1397816146093059,,,,,,,,,
PC2_ang008,pc2,combined_yaw_left,202,10,0,,999,0,0.36952192204840045,0.36952225863933563,2.7539258334725935e-07,0.42178947472027034,5.60090950683659,0.11581743714875758,0.4498145878314972,0.42018027439365535,-0.008837863802909851,-5.711846173128342e-07,950,0.13559642529258814,0.1379483521747571,0.12578194165937862,,,,,,,,,
PC2_ang008,pc2,combined_yaw_left,202,11,0,,999,0,0.35781249866128606,0.35781270265579224,5.150861281124665e-07,0.4646180616860302,6.7603926911241565,0.08954482467991917,0.42387107014656067,0.463202822716084,0.00211334228515625,-1.376962916736297e-07,950,0.09752841069963751,0.15168565363060277,0.09860912674289136,,,,,,,,,
PC2_ang008,pc2,combined_yaw_left,202,12,0,,999,0,0.34715766240568724,0.3471582233905792,2.90692171310996e-07,0.502431748507548,7.019257882468654,0.0724972810057908,0.4016115516424179,0.5004730689752902,-0.009705156087875366,-2.600929953835227e-07,950,0.08094615722105451,0.1343846541708659,0.08772395215046697,,,,,,,,,
PC2_ang008,pc2,combined_yaw_left,202,13,0,,999,0,0.3784553591102202,0.3784558027982712,5.150861281124665e-07,0.39807768969941704,5.087120718813525,0.12676508535690628,0.44324563443660736,0.39737176232841714,0.0014878958463668823,-1.376962916736297e-07,950,0.12922022360683436,0.13873542162206104,0.14010936486125627,,,,,,,,,
PC2_ang008,pc2,combined_yaw_left,202,14,0,,999,0,0.3609358423693295,0.3609362095594406,4.13088875020889e-07,0.46699188263100716,6.40898579150473,0.08695734337396248,0.449365571141243,0.46570747499132914,-0.007489696145057678,2.3969354476520717e-07,950,0.08539881662387463,0.1314050189592883,0.08808069806494376,,,,,,,,,
PC2_ang008,pc2,combined_yaw_left,202,15,0,,999,0,0.35572126212923283,0.35572175681591034,3.4679066051136365e-07,0.5091540912136581,6.711464885116112,0.06836395361994771,0.38501615822315216,0.5045021002993659,-0.008656367659568787,1.1219697840073529e-07,950,0.07645942569480164,0.13585002933856424,0.07810721000621587,,,,,,,,,
PC2_ang008,pc2,combined_yaw_left,202,16,0,,999,0,0.3811746222928246,0.38117487728595734,1.8359505556483956e-07,0.35376910153980534,5.3023018093072585,0.17282828855239868,0.46734970808029175,0.35311632674912063,-0.0019701868295669556,-3.3659093520220585e-07,950,0.17955545266599818,0.152122652590871,0.16944812227838196,,,,,,,,,
PC2_ang008,pc2,combined_yaw_left,202,17,0,,999,0,0.3654267896305431,0.3654271364212036,1.5809574229194518e-07,0.4787686362177139,5.817268707939103,0.07933098722338075,0.41973839700222015,0.4771745308671756,-0.0032580196857452393,-6.068836558948864e-07,950,0.0835448603215109,0.12966778244276786,0.08710927961785103,,,,,,,,,
PC2_ang008,pc2,combined_yaw_left,202,18,0,,999,0,0.37527583483706184,0.37527623772621155,4.997865401487299e-07,0.4197026604263425,5.423811614841211,0.11881640282898068,0.4337407648563385,0.417646661568464,0.008748263120651245,1.7339533025568182e-07,950,0.11912371106710068,0.1341039243109182,0.12615200180880315,,,,,,,,,
PC2_ang008,pc2,combined_yaw_left,202,19,0,,999,0,0.38152771518829676,0.38152778148651123,4.7428722687583555e-07,0.2951404208851086,5.450255567446478,0.23299412489127502,0.38243062794208527,0.2924233995034873,0.012185364961624146,-4.130888750208891e-07,950,0.17218851549803982,0.1542253626683146,0.24302708341374873,,,,,,,,,
PC2_ang008,pc2,combined_yaw_left,202,20,0,,999,0,0.36081903535414506,0.3608192801475525,3.824896990934158e-07,0.5254040947448335,6.216332439734266,0.048825749264000795,0.45700129866600037,0.5248525862743236,0.03339555859565735,-2.600929953835227e-07,950,0.07977895986573195,0.13865712687100548,0.06099947718667134,,,,,,,,,
PC2_ang008,pc2,combined_yaw_left,202,21,0,,999,0,0.3643761271620817,0.3643765300512314,4.0798901236631015e-07,0.42780395701353857,7.006832650257211,0.11283746442819764,0.4523950070142746,0.425700968151057,0.0018424540758132935,-4.2838846298462563e-07,950,0.11596289075140556,0.13989185907578547,0.12326387189905495,,,,,,,,,
PC2_ang008,pc2,combined_yaw_left,202,22,0,,999,0,0.3660656546048302,0.3660659044981003,4.4878791360294117e-07,0.48226097301993537,5.541103272498409,0.07121861777430885,0.44659948348999023,0.4822255607115492,-0.011487200856208801,-8.159780247326204e-08,950,0.09567159522580923,0.13272169522550173,0.0754278695749073,,,,,,,,,
PC2_ang008,pc2,combined_yaw_left,202,23,0,,999,0,0.3564082523558867,0.35640867054462433,2.49893270074365e-07,0.4901143415692085,6.686697577232376,0.06491070020104198,0.4368991106748581,0.48965058272604534,0.00791071355342865,-9.689739043699863e-08,950,0.0759020232787533,0.12862839623662203,0.07819915245879255,,,,,,,,,
PC2_ang008,pc2,combined_yaw_left,202,24,0,,999,0,0.3791460963015888,0.37914620339870453,1.1729684105531416e-07,0.43219248714267844,5.253901819664284,0.10247156487654964,0.40516629815101624,0.43132320114467415,0.0036090463399887085,-7.700792608414105e-07,950,0.14126054190965728,0.1500453312845738,0.11470022542575052,,,,,,,,,
PC2_ang008,pc2,combined_yaw_left,202,25,0,,999,0,0.36092308936590817,0.3609233647584915,4.4878791360294117e-07,0.5182007573167522,6.641382726179324,0.04838718487588131,0.427423357963562,0.5173328710034424,0.0344306081533432,-3.059917592747328e-08,950,0.07163303501627263,0.12071347568536751,0.06219041897642365,,,,,,,,,
PC2_ang008,pc2,combined_yaw_left,202,26,0,,999,0,0.3784234393886067,0.3784235566854477,1.7339533025568182e-07,0.3041073728521937,5.453627214432123,0.22420877056565558,0.43322326242923737,0.3016608811096613,0.006932273507118225,-4.1818873767546794e-07,950,0.16224831678843296,0.13887674573798633,0.20575106237777524,,,,,,,,,
PC2_ang008,pc2,combined_yaw_left,202,27,0,,999,0,0.3522359675423984,0.3522365540266037,4.7428722687583555e-07,0.5261765442602324,6.625526454496212,0.05355523775420981,0.42739546298980713,0.5239443346695625,-0.011645510792732239,-3.7228997378425803e-07,950,0.07229754535561324,0.12641599041058516,0.06992657603455546,,,,,,,,,
PC2_ang008,pc2,combined_yaw_left,202,28,0,,999,0,0.3773392162380371,0.377339705824852,6.884814583681484e-07,0.4186676991635223,4.592027760453108,0.1143048939822401,0.4263378977775574,0.4165523955039203,-0.012869283556938171,4.640875015666778e-07,950,0.12174672371935302,0.1539551477275584,0.13170802328078476,,,,,,,,,
PC2_ang008,pc2,combined_yaw_left,202,29,0,,999,0,0.3744765261915278,0.3744773268699646,7.03781046331885e-07,0.44475541683210773,5.323912957127327,0.09332996014915443,0.40512901544570923,0.4444408393473457,-0.015992939472198486,-1.427961543282086e-07,950,0.12120519622244275,0.15111144791464465,0.10569759887423649,,,,,,,,,
PC2_ang008,pc2,combined_yaw_left,202,30,0,,999,0,0.3564746575878266,0.3564746677875519,1.6829546760110293e-07,0.48667016904577254,6.805855202552776,0.07303189644093133,0.4237261265516281,0.4860394695061184,-0.021960437297821045,1.274965663644719e-07,950,0.08251730626323628,0.14172798423127503,0.07657653986844296,,,,,,,,,
PC2_ang008,pc2,combined_yaw_left,202,31,0,,999,0,0.36075319031024367,0.3607533127069473,3.1619148458389037e-07,0.5011619794042959,6.153466848326227,0.05484167304283552,0.47076594829559326,0.500095981085364,-0.004309520125389099,-4.997865401487299e-07,950,0.07087931242109717,0.11740771464983854,0.06248723670013686,,,,,,,,,
PC2_ang008,pc2,combined_yaw_left,303,0,0,,999,0,0.37134742258704284,0.3713476061820984,1.937947808739973e-07,0.34935737899869657,5.631821918728644,0.18208742931098748,0.36181627213954926,0.3471605791218545,0.006366848945617676,-5.099862654578876e-07,950,0.17079754744763812,0.15465279262943024,0.19518576660556158,,,,,,,,,
PC2_ang008,pc2,combined_yaw_left,303,1,0,,999,0,0.3648787969573934,0.36487942934036255,3.7228997378425803e-07,0.47082705689118826,6.131077380352718,0.08145164693331536,0.464145764708519,0.46641766548811037,-0.009264588356018066,1.529958796373664e-08,950,0.09276342966822707,0.13053469363104112,0.08754914762587492,,,,,,,,,
PC2_ang008,pc2,combined_yaw_left,303,2,0,,999,0,0.3771462128920988,0.3771466463804245,2.651928580381016e-07,0.40525481370186106,5.810318919663972,0.12259811809532897,0.42966119945049286,0.4029822235711552,0.005296185612678528,-5.711846173128342e-07,950,0.11362549696617283,0.14274570181121266,0.13941024091013515,,,,,,,,,
PC2_ang008,pc2,combined_yaw_left,303,3,0,,999,0,0.3791953679074578,0.3791961073875427,2.90692171310996e-07,0.3857905637089355,4.747975676275336,0.14720865382104315,0.41082802414894104,0.38437100470910346,-0.011197537183761597,-4.6408750156667786e-07,950,0.14251250994361625,0.147015513224162,0.1533233656029012,,,,,,,,,
PC2_ang008,pc2,combined_yaw_left,303,4,0,,999,0,0.36820355424268997,0.36820417642593384,4.946866774941511e-07,0.33795307939310004,6.635011285574848,0.1998389159385058,0.3055151700973511,0.3366279562377865,-0.0052024126052856445,-3.4169079785678464e-07,950,0.15882873404708175,0.16092080761141186,0.2059057781423087,,,,,,,,,
PC2_ang008,pc2,combined_yaw_left,303,5,0,,999,0,0.3826682684733906,0.3826693445444107,7.649793981868315e-07,0.41956215948852055,4.7059007453374155,0.1147780844006506,0.4418860971927643,0.41675931825869295,-0.006844118237495422,-3.6719011112967924e-07,950,0.13497025355830491,0.13737681891462014,0.11665566775778323,,,,,,,,,
PC2_ang008,pc2,combined_yaw_left,303,6,0,,999,0,0.38405355054108214,0.3840538412332535,3.1619148458389037e-07,0.3983918345516789,4.192199815051129,0.1359362032730459,0.4641057401895523,0.39414914254788547,0.027057752013206482,6.11983518549465e-08,950,0.13457737268154268,0.1436325928810146,0.154295935251689,,,,,,,,,
PC2_ang008,pc2,combined_yaw_left,303,7,0,,999,0,0.37326473093287826,0.37326526641845703,5.762844799674131e-07,0.41216772665723367,4.9473985751784575,0.1319641432634202,0.3996119797229767,0.40892277412840494,-0.01620998978614807,4.232886003300468e-07,950,0.13471253128958882,0.14479184150492516,0.1334714605899383,,,,,,,,,
PC2_ang008,pc2,combined_yaw_left,303,8,0,,999,0,0.3631198402235215,0.36311985552310944,3.5189052316594254e-07,0.4234952758947498,6.833339278302762,0.12523444888208285,0.3982071280479431,0.4207336599581142,-0.01927061378955841,1.529958796373664e-08,950,0.12418794996677118,0.15275715879475207,0.1524067097616437,,,,,,,,,
PC2_ang008,pc2,combined_yaw_left,303,9,0,,999,0,0.3615726948900019,0.3615729957818985,2.3459368211062835e-07,0.44191331947309465,5.915568305881897,0.10378143403935822,0.4426565170288086,0.43789830974000443,-0.008959665894508362,4.079890123663102e-08,950,0.11855963437555467,0.13611296966164949,0.10629106586540744,,,,,,,,,
PC2_ang008,pc2,combined_yaw_left,303,10,0,,999,0,0.37786269275581136,0.37786342203617096,3.8758956174799467e-07,0.3613243702348411,5.422508824337594,0.17404446997426898,0.421377956867218,0.3574593312079136,0.002391532063484192,-2.039945061831551e-07,950,0.14191541888333545,0.14302174511718915,0.1741756632381358,,,,,,,,,
PC2_ang008,pc2,combined_yaw_left,303,11,0,,999,0,0.37075057243280873,0.370751291513443,4.4878791360294117e-07,0.4606530028799505,5.662127755264379,0.08310989217867035,0.40014520287513733,0.45812054702722976,-0.0013804733753204346,6.935813210227273e-07,950,0.11048088668545897,0.14473965506096534,0.09900362843795964,,,,,,,,,
PC2_ang008,pc2,combined_yaw_left,303,12,0,,999,0,0.3697966355531611,0.369796946644783,3.1619148458389037e-07,0.38008992026749866,6.870368254113893,0.14535488696340226,0.44574500620365143,0.3789738725570654,-0.0009789913892745972,-6.425826944769385e-07,950,0.1302185631367983,0.15383411893285479,0.17178538384357148,,,,,,,,,
PC2_ang008,pc2,combined_yaw_left,303,13,0,,999,0,0.3790456734717211,0.3790457397699356,3.008918966201538e-07,0.4236208466301443,5.383636539622927,0.10745549881397826,0.44872818887233734,0.4214262780232537,-0.011148020625114441,2.1929409414689174e-07,950,0.12335653856166101,0.13447168244424687,0.11060279544970353,,,,,,,,,
PC2_ang008,pc2,combined_yaw_left,303,14,0,,999,0,0.35874505325115935,0.35874544084072113,5.507851666945187e-07,0.502445063947806,6.922159663587239,0.06744294795940244,0.44827835261821747,0.501169006349852,0.018011197447776794,2.0399450618315505e-07,950,0.07843288740006292,0.12887830701404007,0.0695097820392876,,,,,,,,,
PC2_ang008,pc2,combined_yaw_left,303,15,0,,999,0,0.3595456757488098,0.35954613983631134,4.793870895304144e-07,0.358058686372279,7.198652918554972,0.1930113342673785,0.43352313339710236,0.3476777429173553,-0.003490731120109558,-2.2439395680147053e-07,950,0.19022764584139346,0.1532809228948101,0.2852864933086596,,,,,,,,,
PC2_ang008,pc2,combined_yaw_left,303,16,0,,999,0,0.370407882380613,0.37040814757347107,3.2129134723846926e-07,0.47196207836766313,4.928543147707703,0.07149833241590178,0.45420463383197784,0.47012880596754586,-0.0058634281158447266,-9.689739043699863e-08,950,0.09785336138434576,0.15888117905494678,0.08468299799973165,,,,,,,,,
PC2_ang008,pc2,combined_yaw_left,303,17,0,,999,0,0.36125264097662535,0.36125320196151733,5.099862654578877e-07,0.4637221082471408,6.392972830868127,0.08789601668426406,0.4601152688264847,0.462215483971844,-0.025442510843276978,2.651928580381016e-07,950,0.09473976797356841,0.14513634345556356,0.0924711292735555,,,,,,,,,
PC2_ang008,pc2,combined_yaw_left,303,18,0,,999,0,0.3677404145984089,0.36774052679538727,3.6719011112967913e-07,0.471341654334955,5.764357362796991,0.06803034780401274,0.45131874084472656,0.471031524341712,-0.013614758849143982,-5.40585441385361e-07,950,0.09764135542492137,0.12792486258659372,0.07934318942032342,,,,,,,,,
PC2_ang008,pc2,combined_yaw_left,303,19,0,,999,0,0.35166470371784375,0.3516652137041092,4.4878791360294117e-07,0.4739598792037789,7.679726959385702,0.0882541912751115,0.4026954025030136,0.4734515593905798,-0.01851142942905426,-7.139807716410425e-08,950,0.07912073557644582,0.1353082528830922,0.10164515346854254,,,,,,,,,
PC2_ang008,pc2,combined_yaw_left,303,20,0,,999,0,0.365201644320539,0.36520232260227203,2.396935447652072e-07,0.49638180532186327,5.217682630901869,0.06207454404200656,0.4559701383113861,0.49390054619816337,-0.005056366324424744,5.099862654578871e-09,950,0.07578699113098879,0.11927897545464948,0.07051057412028527,,,,,,,,,
PC2_ang008,pc2,combined_yaw_left,303,21,0,,999,0,0.38228640685425724,0.3822868913412094,4.691873642212567e-07,0.40771229936474945,5.078668067291449,0.13016874409503426,0.4464590847492218,0.40739990266111376,0.0009360462427139282,-2.7539258334725935e-07,950,0.13180559095612246,0.1418405302613531,0.14039697745331348,,,,,,,,,
PC2_ang008,pc2,combined_yaw_left,303,22,0,,999,0,0.3797317295469702,0.3797319233417511,2.49893270074365e-07,0.42114961439757903,5.1916093270435795,0.11350517340919922,0.45084480941295624,0.4195371367756889,0.012749254703521729,-1.5299587963736586e-08,950,0.14877841950308734,0.14641256747924583,0.14285899739675972,,,,,,,,,
PC2_ang008,pc2,combined_yaw_left,303,23,0,,999,0,0.35760179974816064,0.357602059841156,5.711846173128342e-07,0.43973598360854105,6.74663362052314,0.09635242644505065,0.4000948518514633,0.43784019534123,-0.0239870548248291,5.405854413853609e-07,950,0.11599955843660617,0.16318450729538522,0.11565680179988137,,,,,,,,,
PC2_ang008,pc2,combined_yaw_left,303,24,0,,999,0,0.3700216392622912,0.3700226694345474,5.660847546582553e-07,0.41631997893659917,6.484276539750794,0.1154485954415333,0.3950693905353546,0.416029325472969,0.010503873229026794,1.376962916736296e-07,950,0.14657636228999266,0.14947466830234568,0.1514137165154873,,,,,,,,,
PC2_ang008,pc2,combined_yaw_left,303,25,0,,999,0,0.37019128452010336,0.3701917231082916,2.702927206926805e-07,0.42347313213444004,6.098787786400083,0.1082548541284029,0.4275588393211365,0.4224921691894744,-0.001403212547302246,-4.6408750156667776e-07,950,0.12763323696551085,0.15748004472631374,0.11450860223711587,,,,,,,,,
PC2_ang008,pc2,combined_yaw_left,303,26,0,,999,0,0.36371089239171484,0.36371099948883057,3.365909352022059e-07,0.43809601196915077,5.909925546300723,0.10154075117705841,0.45906829833984375,0.43621466501373773,-0.011843860149383545,-1.5299587963736634e-07,950,0.0944265397141882,0.12992404415736306,0.10959246905106042,,,,,,,,,
PC2_ang008,pc2,combined_yaw_left,303,27,0,,999,0,0.3606376440767298,0.36063843965530396,4.5388777625752007e-07,0.45787000872347183,6.224834826451782,0.09335434412066884,0.44270649552345276,0.4543376134795082,-0.006687939167022705,3.4169079785678475e-07,950,0.0960263749975612,0.12442740782578351,0.09762580829267192,,,,,,,,,
PC2_ang008,pc2,combined_yaw_left,303,28,0,,999,0,0.37340246866093596,0.3734029531478882,3.977892870571524e-07,0.39980913533936824,6.913673133419383,0.1350786157745286,0.45106177031993866,0.3978414040293825,0.0026316046714782715,-2.753925833472594e-07,950,0.16411077018867828,0.1542311698358792,0.16298832840352373,,,,,,,,,
PC2_ang008,pc2,combined_yaw_left,303,29,0,,999,0,0.3755952332587166,0.37559594213962555,5.762844799674131e-07,0.35570552378613374,6.156488048465469,0.1800743713181466,0.43278147280216217,0.35145768263554866,-0.0006496161222457886,1.886949182194184e-07,950,0.1470389748974033,0.15097857946036408,0.1757606468439071,,,,,,,,,
PC2_ang008,pc2,combined_yaw_left,303,30,0,,999,0,0.37223245904726143,0.3722325712442398,1.988946435285762e-07,0.4733374751856997,5.01181982820127,0.07859364097549368,0.4408645033836365,0.47187176717871815,-0.006630793213844299,-4.0288914971173125e-07,950,0.09284714604639101,0.13166927516798904,0.09526763333128435,,,,,,,,,
PC2_ang008,pc2,combined_yaw_left,303,31,0,,999,0,0.3726620926735873,0.37266264855861664,3.8758956174799467e-07,0.48226178362267713,4.668014304839996,0.06177266108120966,0.4600514620542526,0.4806243722088506,0.011477693915367126,-3.569903858205214e-07,950,0.07925524673120637,0.12865930230815611,0.06839922205235331,,,,,,,,,
PC2_ang008,pc2,push_pos_x,101,0,0,,999,0,0.3851591716794407,0.38515928387641907,2.0399450618315507e-07,0.026898516031623864,7.096716355018883,0.026898516031623864,0.0649339109659195,,-0.0016522705554962158,-4.997865401487299e-07,950,0.07526306950926223,0.1260144023625411,0.03246149652191646,,,,,,,,,
PC2_ang008,pc2,push_pos_x,101,1,0,,999,0,0.3908698016946966,0.39086997509002686,3.1619148458389037e-07,0.03370807129260133,7.025163020189779,0.03370807129260133,0.09629847854375839,,-0.0009599030017852783,-1.325964290190508e-07,950,0.07873973845238434,0.12380396728954886,0.04027099374045676,,,,,,,,,
PC2_ang008,pc2,push_pos_x,101,2,0,,999,0,0.38374566235006813,0.3837459683418274,3.4169079785678475e-07,0.0293378374130202,6.7175670383842325,0.0293378374130202,0.06854532286524773,,-0.0002537369728088379,2.0909436883773395e-07,950,0.06965659293737858,0.10333538649329778,0.03454741236272243,,,,,,,,,
PC2_ang008,pc2,push_pos_x,101,3,0,,999,0,0.391055605468903,0.39105573296546936,3.4169079785678475e-07,0.03448361689641226,6.020731913083266,0.03448361689641226,0.07173633947968483,,-0.0012540817260742188,-2.702927206926805e-07,950,0.07702452580853394,0.10614312527130343,0.03964973634604879,,,,,,,,,
PC2_ang008,pc2,push_pos_x,101,4,0,,999,0,0.38519514204665306,0.38519491255283356,1.2749656636447193e-07,0.036483495788139225,6.732616090206755,0.036483495788139225,0.055768933147192,,-0.0008607357740402222,-3.7228997378425803e-07,950,0.09197848500552022,0.11003618458667237,0.0400431658063898,,,,,,,,,
PC2_ang008,pc2,push_pos_x,101,5,0,,999,0,0.3890876024164618,0.3890877962112427,2.855923086564171e-07,0.03197440218218993,6.235974101260124,0.03197440218218993,0.1209728829562664,,-0.000855177640914917,8.159780247326201e-08,950,0.0677204802997619,0.11296442577518642,0.0378485028027047,,,,,,,,,
PC2_ang008,pc2,push_pos_x,101,6,0,,999,0,0.3901097050165747,0.39011038839817047,2.804924460018382e-07,0.03775748000298753,5.664753522857332,0.03775748000298753,0.0666244812309742,,0.0016370564699172974,-1.6829546760110298e-07,950,0.07185016094980397,0.1001387512548062,0.0422188076806135,,,,,,,,,
PC2_ang008,pc2,push_pos_x,101,7,0,,999,0,0.3882941601270023,0.3882947415113449,4.793870895304144e-07,0.03150837571145458,6.623481062327903,0.03150837571145458,0.06633966416120529,,-0.004901066422462463,-1.427961543282086e-07,950,0.07702646184713727,0.11977139307724817,0.04323533288402082,,,,,,,,,
PC2_ang008,pc2,push_pos_x,101,8,0,,999,0,0.38754421855039134,0.3875444531440735,3.7228997378425803e-07,0.03087247687156597,6.466139425065439,0.03087247687156597,0.07502922788262367,,0.003804415464401245,1.529958796373664e-08,950,0.06762344497384336,0.09931944289011865,0.03465077514370735,,,,,,,,,
PC2_ang008,pc2,push_pos_x,101,9,0,,999,0,0.38901971216826514,0.38902030885219574,4.640875015666778e-07,0.039732868534777546,6.0940617253353615,0.039732868534777546,0.07104503735899925,,-0.0016129463911056519,1.988946435285762e-07,950,0.09413896235157389,0.1431509209272541,0.046785567166504734,,,,,,,,,
PC2_ang008,pc2,push_pos_x,101,10,0,,999,0,0.3830746771658168,0.383075013756752,3.773898364388369e-07,0.029422389190175424,7.5287590652862555,0.029422389190175424,0.05537718906998634,,0.0022054463624954224,-4.079890123663101e-07,950,0.08055248524901132,0.10824225878686045,0.03863558682997999,,,,,,,,,
PC2_ang008,pc2,push_pos_x,101,11,0,,999,0,0.38575611179843944,0.3857562392950058,1.8869491821941846e-07,0.04087347514290428,7.497422196609744,0.04087347514290428,0.05240445397794247,,0.0004092901945114136,1.0709711574615643e-07,950,0.08591807817615932,0.1227080990529791,0.046590156247896454,,,,,,,,,
PC2_ang008,pc2,push_pos_x,101,12,0,,999,0,0.3861497886837485,0.38614998757839203,3.365909352022059e-07,0.03349142827693708,6.585596670833951,0.03349142827693708,0.07676272094249725,,0.0016569942235946655,-3.467906605113636e-07,950,0.07484401287288785,0.10898699755013427,0.03858708871594299,,,,,,,,,
PC2_ang008,pc2,push_pos_x,101,13,0,,999,0,0.3859924712283088,0.38599270582199097,2.49893270074365e-07,0.03071111207986333,6.349372726661562,0.03071111207986333,0.09525204449892044,,-0.0025923848152160645,-2.702927206926804e-07,950,0.07553484533956971,0.11543839838765062,0.037023133631123764,,,,,,,,,
PC2_ang008,pc2,push_pos_x,101,14,0,,999,0,0.38484789024699817,0.3848482370376587,1.2239670370989306e-07,0.029477631525868464,6.589685341990054,0.029477631525868464,0.10230207443237305,,-0.0020912587642669678,-3.8758956174799467e-07,950,0.07823104440890523,0.11984481095609724,0.0353244915964651,,,,,,,,,
PC2_ang008,pc2,push_pos_x,101,15,0,,999,0,0.38872044282482265,0.3887208253145218,2.651928580381016e-07,0.027534373172334398,7.112673406380145,0.027534373172334398,0.08888596668839455,,0.0008899718523025513,3.977892870571524e-07,950,0.06874876343380568,0.10929738808114234,0.03431518257174111,,,,,,,,,
PC2_ang008,pc2,push_pos_x,101,16,0,,999,0,0.3890161774853334,0.38901670277118683,5.609848920036764e-07,0.03162539474114551,5.9231596797182995,0.03162539474114551,0.05282358080148697,,-0.002107873558998108,7.139807716410414e-08,950,0.08117868898484353,0.1165014791613327,0.03728526094531718,,,,,,,,,
PC2_ang008,pc2,push_pos_x,101,17,0,,999,0,0.38871572497375506,0.38871626555919647,3.365909352022059e-07,0.036638053688356986,5.886462632315402,0.036638053688356986,0.09979591518640518,,-0.007869824767112732,3.059917592747328e-08,950,0.07834431068113182,0.12218404358975274,0.039451668289978786,,,,,,,,,
PC2_ang008,pc2,push_pos_x,101,18,0,,999,0,0.3823112640629478,0.38231147825717926,3.773898364388369e-07,0.0321637396031985,6.940386237142359,0.0321637396031985,0.08063885569572449,,-0.0011146515607833862,3.5699038582052144e-07,950,0.08282825861917362,0.10288474089933858,0.03502765333244474,,,,,,,,,
PC2_ang008,pc2,push_pos_x,101,19,0,,999,0,0.3883623637776962,0.3883632868528366,4.640875015666778e-07,0.03771865195929158,5.434945214866447,0.03771865195929158,0.08600220084190369,,0.0019396394491195679,8.669766512784089e-08,950,0.07732853860213058,0.10412908074573207,0.04185344691618908,,,,,,,,,
PC2_ang008,pc2,push_pos_x,101,20,0,,999,0,0.38794849940481035,0.38794921338558197,4.3858818829378343e-07,0.027887857859841193,6.997748588928916,0.027887857859841193,0.06991704180836678,,-0.0020229071378707886,-2.5499313272894386e-07,950,0.07636019739511792,0.10837471911996396,0.0351588118345689,,,,,,,,,
PC2_ang008,pc2,push_pos_x,101,21,0,,999,0,0.38662455952103764,0.38662514090538025,5.456853040399399e-07,0.02704693925698673,6.679704606787306,0.02704693925698673,0.06676022708415985,,-0.0038692057132720947,-4.5898763891209865e-08,950,0.07056594972611648,0.1056709836897272,0.030925988800129322,,,,,,,,,
PC2_ang008,pc2,push_pos_x,101,22,0,,999,0,0.38271979031397063,0.3827201575040817,1.8869491821941846e-07,0.033156151739236056,7.226942231404136,0.033156151739236056,0.0652456134557724,,0.00021408498287200928,8.669766512784092e-08,950,0.08226300129628873,0.10493514202726381,0.037580191795968866,,,,,,,,,
PC2_ang008,pc2,push_pos_x,101,23,0,,999,0,0.3869832590780156,0.38698388636112213,3.773898364388369e-07,0.03133089688245436,6.01335395068844,0.03133089688245436,0.06446967273950577,,-0.003011927008628845,-4.5898763891209886e-07,950,0.0750411275161971,0.10164693168142352,0.038695775053926344,,,,,,,,,
PC2_ang008,pc2,push_pos_x,101,24,0,,999,0,0.3834092644924786,0.38341011106967926,4.4878791360294117e-07,0.028793610303505683,7.834471926714784,0.028793610303505683,0.060359686613082886,,0.0004085749387741089,-5.201859907670455e-07,950,0.09935892219804456,0.12284741006711389,0.03331315757403747,,,,,,,,,
PC2_ang008,pc2,push_pos_x,101,25,0,,999,0,0.3833311355528347,0.3833314925432205,5.40585441385361e-07,0.029576787664840887,7.588764399223463,0.029576787664840887,0.06779692322015762,,-0.0013516396284103394,-3.875895617479946e-07,950,0.07312830107271402,0.09890094540615632,0.03254179867198933,,,,,,,,,
PC2_ang008,pc2,push_pos_x,101,26,0,,999,0,0.38226220904187086,0.3822624385356903,2.90692171310996e-07,0.031184216757430105,7.420819936487575,0.031184216757430105,0.10696883127093315,,-0.006211906671524048,-1.4789601698278744e-07,950,0.07003006359053501,0.09652720028974637,0.03529842141974412,,,,,,,,,
PC2_ang008,pc2,push_pos_x,101,27,0,,999,0,0.3844513356048156,0.384451299905777,1.988946435285762e-07,0.040259935332923776,7.269627981903182,0.040259935332923776,0.03740477375686169,,-0.003619164228439331,-1.0709711574615642e-07,950,0.0792163294851183,0.11579201423433642,0.04583104732994692,,,,,,,,,
PC2_ang008,pc2,push_pos_x,101,28,0,,999,0,0.38526217025869036,0.38526278734207153,3.1109162192931147e-07,0.03629995782397859,7.268966020899432,0.03629995782397859,0.08105244860053062,,-0.0014293491840362549,6.629821450952535e-08,950,0.0881659111028108,0.1265655148920307,0.04090558451271125,,,,,,,,,
PC2_ang008,pc2,push_pos_x,101,29,0,,999,0,0.3813914565797796,0.38139161467552185,4.640875015666778e-07,0.03122646755139373,7.52329865925659,0.03122646755139373,0.0713268332183361,,-0.0032853782176971436,7.649793981868314e-08,950,0.08278968399381365,0.11808829017243311,0.03654061943915873,,,,,,,,,
PC2_ang008,pc2,push_pos_x,101,30,0,,999,0,0.3903098969376661,0.39031077921390533,5.558850293490976e-07,0.0400754017747493,6.6225716709763125,0.0400754017747493,0.08570120856165886,,-0.0021325796842575073,-3.7228997378425803e-07,950,0.08043027948247815,0.11810216694702967,0.04310309860056017,,,,,,,,,
PC2_ang008,pc2,push_pos_x,101,31,0,,999,0,0.38389373455136855,0.383893683552742,1.988946435285762e-07,0.0329689272857302,7.0945477112482935,0.0329689272857302,0.0747217983007431,,-0.001874282956123352,2.2949381945604948e-07,950,0.09391084367706568,0.14467682466790482,0.03990350075127486,,,,,,,,,
PC2_ang008,pc2,push_pos_x,202,0,0,,999,0,0.3822797010129786,0.38228000700473785,3.569903858205214e-07,0.024075736141458838,6.6911249810523685,0.024075736141458838,0.08362677320837975,,0.00023834407329559326,4.079890123663102e-08,950,0.07821672659223809,0.11605806181257777,0.031447549203410745,,,,,,,,,
PC2_ang008,pc2,push_pos_x,202,1,0,,999,0,0.38557313613713107,0.38557323813438416,1.6829546760110293e-07,0.02896872835131837,6.48700151559215,0.02896872835131837,0.09976401180028915,,0.00014647841453552246,2.396935447652072e-07,950,0.07418162100464865,0.10592346263248631,0.03333034527961652,,,,,,,,,
PC2_ang008,pc2,push_pos_x,202,2,0,,999,0,0.3901377620703397,0.3901381343603134,2.0399450618315507e-07,0.03132007519937559,6.04771091361101,0.03132007519937559,0.0912771187722683,,-0.003684684634208679,-6.119835185494653e-08,950,0.0832106659699678,0.10977285510973293,0.04195153541070774,,,,,,,,,
PC2_ang008,pc2,push_pos_x,202,3,0,,999,0,0.39045349329231893,0.390454038977623,2.855923086564171e-07,0.0355992027389959,6.112341238673644,0.0355992027389959,0.09380755573511124,,-0.003116801381111145,0.0,950,0.09121602134886729,0.13813558508599263,0.04344204424564577,,,,,,,,,
PC2_ang008,pc2,push_pos_x,202,4,0,,999,0,0.38760048987712453,0.3876011222600937,2.651928580381016e-07,0.03383232123111274,7.377115283547704,0.03383232123111274,0.10237757861614227,,-0.002096906304359436,-4.895868148395722e-07,950,0.0762483383228792,0.1131658935729084,0.037365437009749404,,,,,,,,,
PC2_ang008,pc2,push_pos_x,202,5,0,,999,0,0.38525902587462235,0.3852592706680298,1.988946435285762e-07,0.027025162154992663,7.135587134212386,0.027025162154992663,0.06739465519785881,,-0.0020714104175567627,2.2949381945604948e-07,950,0.08658846781553797,0.12208350881162837,0.03681601424866531,,,,,,,,,
PC2_ang008,pc2,push_pos_x,202,6,0,,999,0,0.3837983462421652,0.3837985247373581,2.3459368211062835e-07,0.03415902299624263,6.999709919747291,0.03415902299624263,0.09834810718894005,,-0.00030066072940826416,2.1419423149231284e-07,950,0.10866507099949656,0.11418848315784612,0.03745275281492924,,,,,,,,,
PC2_ang008,pc2,push_pos_x,202,7,0,,999,0,0.3888286363313542,0.3888287842273712,2.0399450618315507e-07,0.030900695161189498,6.6641057158020125,0.030900695161189498,0.07073406875133514,,0.0004252195358276367,1.4279615432820854e-07,950,0.07850387659464275,0.10615660592197451,0.033931546882293856,,,,,,,,,
PC2_ang008,pc2,push_pos_x,202,8,0,,999,0,0.38284340500831604,0.38284340500831604,1.8359505556483956e-07,0.029517660942127287,6.979946781436112,0.029517660942127287,0.05919223465025425,,-0.001248091459274292,-5.507851666945187e-07,950,0.0772704803273416,0.09207371435799558,0.03809140320238892,,,,,,,,,
PC2_ang008,pc2,push_pos_x,202,9,0,,999,0,0.38988895395541573,0.38988907635211945,2.49893270074365e-07,0.0371398645940737,6.3818061770389,0.0371398645940737,0.06544608995318413,,-0.0007584244012832642,-5.762844799674131e-07,950,0.08193738539289445,0.11868834125093224,0.040602529026097234,,,,,,,,,
PC2_ang008,pc2,push_pos_x,202,10,0,,999,0,0.3870253200358885,0.38702575862407684,6.017837932403076e-07,0.030855239084429123,6.518044967093131,0.030855239084429123,0.08349594101309776,,-0.002217724919319153,4.9978654014873e-07,950,0.0775438094919034,0.11312600666891455,0.03513639704302652,,,,,,,,,
PC2_ang008,pc2,push_pos_x,202,11,0,,999,0,0.3871253895408967,0.3871258944272995,6.731818704044118e-07,0.02803285637776071,6.67422613291304,0.02803285637776071,0.060615815222263336,,-0.0011841803789138794,-4.6918736422125655e-07,950,0.0704012446136305,0.10107225621217547,0.03409307799928923,,,,,,,,,
PC2_ang008,pc2,push_pos_x,202,12,0,,999,0,0.3850566155132763,0.3850569725036621,1.8359505556483956e-07,0.031910764565207236,7.160466299638706,0.031910764565207236,0.05175280198454857,,0.00382387638092041,2.2439395680147059e-07,950,0.07404709228631987,0.10436833213927176,0.035227642413399235,,,,,,,,,
PC2_ang008,pc2,push_pos_x,202,13,0,,999,0,0.3876920396631414,0.3876922130584717,4.4878791360294117e-07,0.03289146976874414,6.896840966512661,0.03289146976874414,0.07639188691973686,,0.0031408369541168213,1.0199725309157742e-08,950,0.07427138901767404,0.10971187623638992,0.03701709914589196,,,,,,,,,
PC2_ang008,pc2,push_pos_x,202,14,0,,999,0,0.38446279786487314,0.3844633996486664,1.988946435285762e-07,0.028808458029246947,6.928151075477474,0.028808458029246947,0.06445468962192535,,-0.003224402666091919,5.609848920036766e-08,950,0.10997345056781842,0.12041082820129488,0.03444329799186205,,,,,,,,,
PC2_ang008,pc2,push_pos_x,202,15,0,,999,0,0.38264460726217786,0.38264504075050354,4.793870895304144e-07,0.02334083732033152,7.275884235696118,0.02334083732033152,0.033455630764365196,,-0.001181960105895996,5.201859907670454e-07,950,0.08144314832358593,0.11395283938273601,0.027337877930994743,,,,,,,,,
PC2_ang008,pc2,push_pos_x,202,16,0,,999,0,0.39058427536551327,0.39058464765548706,5.864842052765709e-07,0.030846869340974595,5.945241922106887,0.030846869340974595,0.07382100075483322,,0.001323401927947998,-1.5299587963736586e-08,950,0.08187711350826073,0.1087521090649729,0.040137830746454044,,,,,,,,,
PC2_ang008,pc2,push_pos_x,202,17,0,,999,0,0.3846557217645135,0.38465599715709686,2.651928580381016e-07,0.030361692333613768,7.058190048420068,0.030361692333613768,0.0621898602694273,,-0.004270181059837341,2.0399450618315507e-07,950,0.09130970792099322,0.11044353699375566,0.034372256807038454,,,,,,,,,
PC2_ang008,pc2,push_pos_x,202,18,0,,999,0,0.3864186039582931,0.38641905784606934,3.1109162192931147e-07,0.03547123876657742,6.455604271983558,0.03547123876657742,0.08152756094932556,,-0.0011955797672271729,-2.90692171310996e-07,950,0.07895417564156923,0.11175310955182494,0.03992600923106952,,,,,,,,,
PC2_ang008,pc2,push_pos_x,202,19,0,,999,0,0.38891822203276627,0.38891856372356415,5.201859907670454e-07,0.031351472793647236,5.796771631045004,0.031351472793647236,0.08694525808095932,,-0.0018766671419143677,-3.773898364388369e-07,950,0.07442225017055219,0.10401577029722196,0.038025439766848246,,,,,,,,,
PC2_ang008,pc2,push_pos_x,202,20,0,,999,0,0.38002421997766445,0.3800247758626938,3.1109162192931147e-07,0.030726076250050874,7.774601040242912,0.030726076250050874,0.04858093336224556,,-0.004020139575004578,1.4789601698278742e-07,950,0.09013532533411972,0.10777874318884169,0.03441362544591618,,,,,,,,,
PC2_ang008,pc2,push_pos_x,202,21,0,,999,0,0.38634159005580737,0.38634203374385834,3.263912098930481e-07,0.034083320546396845,7.509722181429886,0.034083320546396845,0.0716552659869194,,0.0013677030801773071,-2.0399450618315537e-08,950,0.07536254996009442,0.10822031603331725,0.04086728248523854,,,,,,,,,
PC2_ang008,pc2,push_pos_x,202,22,0,,999,0,0.3860537130883671,0.38605383038520813,2.3459368211062835e-07,0.03124657036804232,6.354820820718418,0.03124657036804232,0.07567185536026955,,0.0022158026695251465,-3.4679066051136365e-07,950,0.06766168931042617,0.10365401903249485,0.03829073688067491,,,,,,,,,
PC2_ang008,pc2,push_pos_x,202,23,0,,999,0,0.3829773568055209,0.3829779177904129,6.425826944769385e-07,0.028870941999415083,6.92392363150131,0.028870941999415083,0.05741034634411335,,0.0019084960222244263,1.1219697840073532e-07,950,0.08483187141850572,0.10516820547007966,0.034802554578149715,,,,,,,,,
PC2_ang008,pc2,push_pos_x,202,24,0,,999,0,0.3892892388736501,0.38928985595703125,3.31491072547627e-07,0.023917636593255697,6.805123250667892,0.023917636593255697,0.039860477671027184,,0.0003154277801513672,5.609848920036766e-08,950,0.07383631583892883,0.11264126173454833,0.03150500829852979,,,,,,,,,
PC2_ang008,pc2,push_pos_x,202,25,0,,999,0,0.38006315519784223,0.38006357848644257,3.365909352022059e-07,0.02814549414666572,8.003575719871755,0.02814549414666572,0.07524815201759338,,0.00015370547771453857,1.6319560494652408e-07,950,0.09053917176909891,0.1306166798952673,0.03340259931213708,,,,,,,,,
PC2_ang008,pc2,push_pos_x,202,26,0,,999,0,0.39046687812091196,0.3904672861099243,1.6829546760110293e-07,0.02757874601335203,5.222901134999521,0.02757874601335203,0.07330432534217834,,-0.001657932996749878,-3.722899737842581e-07,950,0.06607458575310447,0.1032794888745315,0.0357707700953612,,,,,,,,,
PC2_ang008,pc2,push_pos_x,202,27,0,,999,0,0.38193156167785114,0.3819318115711212,3.824896990934158e-07,0.029264422186569116,7.505477768859965,0.029264422186569116,0.05651976726949215,,-0.0006690323352813721,-4.13088875020889e-07,950,0.10079950636086489,0.11533203083469397,0.0356840778165083,,,,,,,,,
PC2_ang008,pc2,push_pos_x,202,28,0,,999,0,0.3856687214285295,0.3856692314147949,5.507851666945187e-07,0.03172269276014078,6.7544239262977435,0.03172269276014078,0.09225571155548096,,-0.003333151340484619,-2.0399450618315515e-07,950,0.07652030813559886,0.11906029663746452,0.03568793684975005,,,,,,,,,
PC2_ang008,pc2,push_pos_x,202,29,0,,999,0,0.38709424005791465,0.3870951682329178,8.465772006600936e-07,0.030403833564091237,5.762163680469618,0.030403833564091237,0.09170222282409668,,-0.000792279839515686,-3.5699038582052133e-07,950,0.07097508012319902,0.10106434833076072,0.03776518554681793,,,,,,,,,
PC2_ang008,pc2,push_pos_x,202,30,0,,999,0,0.38343096400964705,0.3834311068058014,2.1419423149231284e-07,0.02868988462586433,7.586722895101287,0.02868988462586433,0.06673567369580269,,0.0006901025772094727,-3.0599175927473257e-07,950,0.08165145605157406,0.1023495283560302,0.03362539451584834,,,,,,,,,
PC2_ang008,pc2,push_pos_x,202,31,0,,999,0,0.3811758571767552,0.3811759948730469,3.365909352022059e-07,0.02985382640804367,6.947335468988554,0.02985382640804367,0.04710165783762932,,-0.001497805118560791,1.2239670370989306e-07,950,0.09448423602412433,0.1040901791078236,0.03411779548816526,,,,,,,,,
PC2_ang008,pc2,push_pos_x,303,0,0,,999,0,0.39108276861236696,0.39108315110206604,4.895868148395722e-07,0.038328646677200526,5.764018016604597,0.038328646677200526,0.06808992475271225,,-0.0035216808319091797,-4.079890123663097e-08,950,0.08913497821293732,0.13367082984851664,0.04303802120898539,,,,,,,,,
PC2_ang008,pc2,push_pos_x,303,1,0,,999,0,0.38521110963693916,0.385211318731308,1.4279615432820854e-07,0.030097232372903137,6.560764921221233,0.030097232372903137,0.08025937527418137,,0.0006147027015686035,-3.2639120989304816e-07,950,0.0763466192456251,0.10763728127807504,0.03745080930846625,,,,,,,,,
PC2_ang008,pc2,push_pos_x,303,2,0,,999,0,0.38575890461072565,0.38575898110866547,1.784951929102607e-07,0.029737452620931627,6.816215629224496,0.029737452620931627,0.08066518232226372,,0.0010053068399429321,4.6408750156667776e-07,950,0.07831433740854447,0.11968937278100919,0.03649254521312896,,,,,,,,,
PC2_ang008,pc2,push_pos_x,303,3,0,,999,0,0.38800450187315916,0.38800525665283203,5.40585441385361e-07,0.03683822542157456,6.195947965910862,0.03683822542157456,0.09119617193937302,,-0.0013198256492614746,1.6319560494652408e-07,950,0.07682068599669868,0.11211925540259735,0.04724041455565271,,,,,,,,,
PC2_ang008,pc2,push_pos_x,303,4,0,,999,0,0.3880612525869818,0.38806192576885223,5.252858534216243e-07,0.03242708372558743,6.192460036792106,0.03242708372558743,0.09134037047624588,,-0.001787826418876648,-4.232886003300468e-07,950,0.07444565807770406,0.11270167254743588,0.0368777352767173,,,,,,,,,
PC2_ang008,pc2,push_pos_x,303,5,0,,999,0,0.3894433107446222,0.3894435912370682,6.425826944769385e-07,0.028531688696139323,6.4392301672341645,0.028531688696139323,0.07836894318461418,,-0.003027305006980896,1.325964290190508e-07,950,0.07145269206816433,0.1107281189886107,0.033861972054140786,,,,,,,,,
PC2_ang008,pc2,push_pos_x,303,6,0,,999,0,0.3894945704203876,0.3894946724176407,4.589876389120989e-07,0.03531959707324585,6.87574820921778,0.03531959707324585,0.0708782747387886,,-0.0021821409463882446,-1.5299587963736634e-07,950,0.0773213313419981,0.11399085860123549,0.041812811369671736,,,,,,,,,
PC2_ang008,pc2,push_pos_x,303,7,0,,999,0,0.38993085331139077,0.3899318426847458,5.150861281124665e-07,0.034714956255567364,6.605238366436222,0.034714956255567364,0.06234633922576904,,-0.0017528384923934937,3.9268942440257346e-07,950,0.0675132493968418,0.10310603030983852,0.037791512104270376,,,,,,,,,
PC2_ang008,pc2,push_pos_x,303,8,0,,999,0,0.38454281447086747,0.38454313576221466,4.3858818829378343e-07,0.02780954298167134,7.234742532151377,0.02780954298167134,0.07781580463051796,,-0.005408808588981628,-3.569903858205214e-07,950,0.08090763130358904,0.13194015027861367,0.03675995291845592,,,,,,,,,
PC2_ang008,pc2,push_pos_x,303,9,0,,999,0,0.3861163696025145,0.38611678779125214,3.773898364388369e-07,0.03203468547150448,5.951367964678143,0.03203468547150448,0.0949183851480484,,0.001033589243888855,-3.3659093520220585e-07,950,0.07561098602482366,0.11134316403103497,0.03666694252009314,,,,,,,,,
PC2_ang008,pc2,push_pos_x,303,10,0,,999,0,0.38811396588297453,0.3881145268678665,4.895868148395722e-07,0.029116851485234126,6.755880427751922,0.029116851485234126,0.09290618821978569,,-0.002649828791618347,2.0399450618315537e-08,950,0.07573219387130045,0.10214276276821976,0.03674918593657887,,,,,,,,,
PC2_ang008,pc2,push_pos_x,303,11,0,,999,0,0.3870057517035122,0.38700611889362335,3.6719011112967913e-07,0.02551645206725715,6.8063353319331075,0.02551645206725715,0.0728035531938076,,0.0007050782442092896,-2.0399450618315537e-08,950,0.06896207052148556,0.09910393655551258,0.02991155281403117,,,,,,,,,
PC2_ang008,pc2,push_pos_x,303,12,0,,999,0,0.3883726297215344,0.3883730173110962,9.179752778241978e-08,0.03360414216496563,6.814227232557213,0.03360414216496563,0.04181591607630253,,-0.0035899579524993896,1.937947808739973e-07,950,0.08132302503099072,0.11473858193869818,0.03797876941466044,,,,,,,,,
PC2_ang008,pc2,push_pos_x,303,13,0,,999,0,0.3900437434726858,0.3900443911552429,4.028891497117313e-07,0.03495287754400124,6.517702206061736,0.03495287754400124,0.06899694353342056,,0.003376692533493042,-2.1929409414689174e-07,950,0.0761749841323634,0.11637883239763272,0.043502450107905016,,,,,,,,,
PC2_ang008,pc2,push_pos_x,303,14,0,,999,0,0.3808988918435765,0.38089950382709503,3.1619148458389037e-07,0.03100545719264185,6.495513882856259,0.03100545719264185,0.08158986270427704,,0.00293181836605072,1.325964290190508e-07,950,0.07625430744763012,0.10350304077903248,0.034398264636417875,,,,,,,,,
PC2_ang008,pc2,push_pos_x,303,15,0,,999,0,0.39120117634694207,0.3912016302347183,4.0798901236631015e-07,0.03699259300365232,5.7055411461975885,0.03699259300365232,0.07154896855354309,,-0.00047941505908966064,-4.691873642212567e-07,950,0.0945102198353733,0.1462004943968891,0.04368450171538228,,,,,,,,,
PC2_ang008,pc2,push_pos_x,303,16,0,,999,0,0.38721350648186426,0.3872137665748596,3.1619148458389037e-07,0.03165856247319068,6.789356983045778,0.03165856247319068,0.04765978083014488,,-0.0008961856365203857,1.529958796373663e-07,950,0.09311943869198161,0.1560767697551478,0.03417980676980048,,,,,,,,,
PC2_ang008,pc2,push_pos_x,303,17,0,,999,0,0.38651799597842174,0.3865182101726532,2.855923086564171e-07,0.03456746383941582,6.461956911274713,0.03456746383941582,0.04115934669971466,,0.0005918741226196289,-5.099862654578877e-07,950,0.08694476624605094,0.10722866290345913,0.04365318406516708,,,,,,,,,
PC2_ang008,pc2,push_pos_x,303,18,0,,999,0,0.3849785170931229,0.3849795013666153,3.1619148458389037e-07,0.03186545449439165,7.097082279033972,0.03186545449439165,0.039120569825172424,,-0.002695038914680481,-2.651928580381016e-07,950,0.0673026830021106,0.09783812018355631,0.03254275898890558,,,,,,,,,
PC2_ang008,pc2,push_pos_x,303,19,0,,999,0,0.3801592258527317,0.3801593482494354,2.651928580381016e-07,0.03203207745456854,7.213232963895633,0.03203207745456854,0.07025709375739098,,0.00231972336769104,2.5499313272894386e-07,950,0.10577449530983052,0.1180235404051195,0.0371304048757554,,,,,,,,,
PC2_ang008,pc2,push_pos_x,303,20,0,,999,0,0.3820488110264355,0.38204917311668396,4.334883256392046e-07,0.0347379099725245,7.407488818186965,0.0347379099725245,0.08095192909240723,,0.0018828511238098145,-5.0998626545788444e-09,950,0.09461438424763924,0.10711528918953876,0.04233691261412097,,,,,,,,,
PC2_ang008,pc2,push_pos_x,303,21,0,,999,0,0.3855538612859134,0.3855544477701187,4.9978654014873e-07,0.027466675446147826,6.818057618076834,0.027466675446147826,0.08747507631778717,,-0.0024328380823135376,-6.119835185494645e-08,950,0.0701696509438318,0.11230637328936505,0.03575699113669829,,,,,,,,,
PC2_ang008,pc2,push_pos_x,303,22,0,,999,0,0.3903117339241313,0.3903120756149292,4.028891497117313e-07,0.030505956714737267,5.869286335191064,0.030505956714737267,0.09277741611003876,,-0.0005266964435577393,-4.5388777625752007e-07,950,0.07580775525056124,0.10623145615349917,0.036952578538960265,,,,,,,,,
PC2_ang008,pc2,push_pos_x,303,23,0,,999,0,0.3862175602007677,0.3862171471118927,-2.90692171310996e-07,0.03526745429604722,6.4281624493773935,0.03526745429604722,0.07999532297253609,,-0.0009066760540008545,-1.2749656636447193e-07,950,0.07145137049535227,0.10686302910781138,0.04309825159913574,,,,,,,,,
PC2_ang008,pc2,push_pos_x,303,24,0,,999,0,0.38824422848734624,0.3882443457841873,2.49893270074365e-07,0.028130780648214726,6.340256546392185,0.028130780648214726,0.06806136295199394,,-0.003059074282646179,-1.7849519291026067e-07,950,0.06965589381450409,0.10332179317154153,0.03164653491532319,,,,,,,,,
PC2_ang008,pc2,push_pos_x,303,25,0,,999,0,0.3851635684782171,0.38516421616077423,4.232886003300468e-07,0.024826603031833556,7.028918202058631,0.024826603031833556,0.04930586740374565,,-0.001608237624168396,-1.7849519291026067e-07,950,0.07439649787011385,0.10591591971138675,0.029939903821363058,,,,,,,,,
PC2_ang008,pc2,push_pos_x,303,26,0,,999,0,0.3843296249920034,0.38433027267456055,4.5898763891209897e-07,0.027072149976164042,6.429528705436133,0.027072149976164042,0.0879964716732502,,-8.699297904968262e-05,1.3259642901905086e-07,950,0.07429797421490486,0.12095409894738403,0.03481925708008306,,,,,,,,,
PC2_ang008,pc2,push_pos_x,303,27,0,,999,0,0.3832525063485385,0.3832530826330185,5.915840679311498e-07,0.0327408899835339,7.244591115778123,0.0327408899835339,0.07494538277387619,,-0.002239927649497986,4.283884629846257e-07,950,0.08473305288195854,0.10820421751423653,0.04384124981084732,,,,,,,,,
PC2_ang008,pc2,push_pos_x,303,28,0,,999,0,0.388820942551057,0.3888212740421295,3.365909352022059e-07,0.028683491154788313,7.302722414029631,0.028683491154788313,0.05121750384569168,,-0.0012181997299194336,-3.059917592747326e-07,950,0.07038886804368168,0.09655543426468324,0.03243543605804025,,,,,,,,,
PC2_ang008,pc2,push_pos_x,303,29,0,,999,0,0.38700348083029457,0.3870038837194443,4.589876389120989e-07,0.03715542600856311,6.571875178191426,0.03715542600856311,0.07609004527330399,,-0.003101453185081482,4.079890123663102e-08,950,0.07751771853910512,0.11127786596633099,0.04723802542435592,,,,,,,,,
PC2_ang008,pc2,push_pos_x,303,30,0,,999,0,0.3824515019189865,0.38245198130607605,4.6918736422125665e-07,0.03340109727403559,7.849316900764206,0.03340109727403559,0.07791783288121223,,-0.0071035027503967285,-3.875895617479947e-07,950,0.11454047896536877,0.12123400018367285,0.03680153418387284,,,,,,,,,
PC2_ang008,pc2,push_pos_x,303,31,0,,999,0,0.3827031834080895,0.38270343840122223,3.977892870571524e-07,0.03625907371736365,6.811321994007918,0.03625907371736365,0.10174867138266563,,-0.0006105750799179077,-3.773898364388369e-07,950,0.09448827644985713,0.10791721800795728,0.0397776710192907,,,,,,,,,
PC2_ang008,pc2,push_neg_x,101,0,0,,999,0,0.3851591716794407,0.38515928387641907,2.0399450618315507e-07,0.026898516031623864,7.096716355018883,0.026898516031623864,0.0649339109659195,,-0.0016522705554962158,-4.997865401487299e-07,950,0.07624522288549652,0.12057805636924843,0.03246149652191646,,,,,,,,,
PC2_ang008,pc2,push_neg_x,101,1,0,,999,0,0.3908698016946966,0.39086997509002686,3.1619148458389037e-07,0.03370807129260133,7.025163020189779,0.03370807129260133,0.09629847854375839,,-0.0009599030017852783,-1.325964290190508e-07,950,0.07697363181055497,0.12125781649989778,0.04027099374045676,,,,,,,,,
PC2_ang008,pc2,push_neg_x,101,2,0,,999,0,0.38374566235006813,0.3837459683418274,3.4169079785678475e-07,0.0293378374130202,6.7175670383842325,0.0293378374130202,0.06854532286524773,,-0.0002537369728088379,2.0909436883773395e-07,950,0.08187817342580904,0.10795222564813878,0.03454741236272243,,,,,,,,,
PC2_ang008,pc2,push_neg_x,101,3,0,,999,0,0.391055605468903,0.39105573296546936,3.4169079785678475e-07,0.03448361689641226,6.020731913083266,0.03448361689641226,0.07173633947968483,,-0.0012540817260742188,-2.702927206926805e-07,950,0.07036181973355538,0.10513181593586154,0.03964973634604879,,,,,,,,,
PC2_ang008,pc2,push_neg_x,101,4,0,,999,0,0.38519514204665306,0.38519491255283356,1.2749656636447193e-07,0.036483495788139225,6.732616090206755,0.036483495788139225,0.055768933147192,,-0.0008607357740402222,-3.7228997378425803e-07,950,0.1109509296037392,0.17293245685449213,0.0400431658063898,,,,,,,,,
PC2_ang008,pc2,push_neg_x,101,5,0,,999,0,0.3890876024164618,0.3890877962112427,2.855923086564171e-07,0.03197440218218993,6.235974101260124,0.03197440218218993,0.1209728829562664,,-0.000855177640914917,8.159780247326201e-08,950,0.07947507252516439,0.11077057318724255,0.0378485028027047,,,,,,,,,
PC2_ang008,pc2,push_neg_x,101,6,0,,999,0,0.3901097050165747,0.39011038839817047,2.804924460018382e-07,0.03775748000298753,5.664753522857332,0.03775748000298753,0.0666244812309742,,0.0016370564699172974,-1.6829546760110298e-07,950,0.07265063182193662,0.1127082265064871,0.0422188076806135,,,,,,,,,
PC2_ang008,pc2,push_neg_x,101,7,0,,999,0,0.3882941601270023,0.3882947415113449,4.793870895304144e-07,0.03150837571145458,6.623481062327903,0.03150837571145458,0.06633966416120529,,-0.004901066422462463,-1.427961543282086e-07,950,0.0896331368733955,0.14676720011953218,0.04323533288402082,,,,,,,,,
PC2_ang008,pc2,push_neg_x,101,8,0,,999,0,0.38754421855039134,0.3875444531440735,3.7228997378425803e-07,0.03087247687156597,6.466139425065439,0.03087247687156597,0.07502922788262367,,0.003804415464401245,1.529958796373664e-08,950,0.07554434103787505,0.10243622628239915,0.03465077514370735,,,,,,,,,
PC2_ang008,pc2,push_neg_x,101,9,0,,999,0,0.38901971216826514,0.38902030885219574,4.640875015666778e-07,0.039732868534777546,6.0940617253353615,0.039732868534777546,0.07104503735899925,,-0.0016129463911056519,1.988946435285762e-07,950,0.07838167635572424,0.1200171540177404,0.046785567166504734,,,,,,,,,
PC2_ang008,pc2,push_neg_x,101,10,0,,999,0,0.3830746771658168,0.383075013756752,3.773898364388369e-07,0.029422389190175424,7.5287590652862555,0.029422389190175424,0.05537718906998634,,0.0022054463624954224,-4.079890123663101e-07,950,0.07162379496598939,0.10053015275321174,0.03863558682997999,,,,,,,,,
PC2_ang008,pc2,push_neg_x,101,11,0,,999,0,0.38575611179843944,0.3857562392950058,1.8869491821941846e-07,0.04087347514290428,7.497422196609744,0.04087347514290428,0.05240445397794247,,0.0004092901945114136,1.0709711574615643e-07,950,0.07688810541589466,0.11147274730210062,0.046590156247896454,,,,,,,,,
PC2_ang008,pc2,push_neg_x,101,12,0,,999,0,0.3861497886837485,0.38614998757839203,3.365909352022059e-07,0.03349142827693708,6.585596670833951,0.03349142827693708,0.07676272094249725,,0.0016569942235946655,-3.467906605113636e-07,950,0.07467131173745155,0.10619243879171805,0.03858708871594299,,,,,,,,,
PC2_ang008,pc2,push_neg_x,101,13,0,,999,0,0.3859924712283088,0.38599270582199097,2.49893270074365e-07,0.03071111207986333,6.349372726661562,0.03071111207986333,0.09525204449892044,,-0.0025923848152160645,-2.702927206926804e-07,950,0.07210266343713957,0.11147960795869351,0.037023133631123764,,,,,,,,,
PC2_ang008,pc2,push_neg_x,101,14,0,,999,0,0.38484789024699817,0.3848482370376587,1.2239670370989306e-07,0.029477631525868464,6.589685341990054,0.029477631525868464,0.10230207443237305,,-0.0020912587642669678,-3.8758956174799467e-07,950,0.0769062543294765,0.11565266963588082,0.0353244915964651,,,,,,,,,
PC2_ang008,pc2,push_neg_x,101,15,0,,999,0,0.38872044282482265,0.3887208253145218,2.651928580381016e-07,0.027534373172334398,7.112673406380145,0.027534373172334398,0.08888596668839455,,0.0008899718523025513,3.977892870571524e-07,950,0.08108807159867407,0.11453087913392809,0.03431518257174111,,,,,,,,,
PC2_ang008,pc2,push_neg_x,101,16,0,,999,0,0.3890161774853334,0.38901670277118683,5.609848920036764e-07,0.03162539474114551,5.9231596797182995,0.03162539474114551,0.05282358080148697,,-0.002107873558998108,7.139807716410414e-08,950,0.07824064698535313,0.11232338357937507,0.03728526094531718,,,,,,,,,
PC2_ang008,pc2,push_neg_x,101,17,0,,999,0,0.38871572497375506,0.38871626555919647,3.365909352022059e-07,0.036638053688356986,5.886462632315402,0.036638053688356986,0.09979591518640518,,-0.007869824767112732,3.059917592747328e-08,950,0.09526872619718844,0.13773846004704704,0.039451668289978786,,,,,,,,,
PC2_ang008,pc2,push_neg_x,101,18,0,,999,0,0.3823112640629478,0.38231147825717926,3.773898364388369e-07,0.0321637396031985,6.940386237142359,0.0321637396031985,0.08063885569572449,,-0.0011146515607833862,3.5699038582052144e-07,950,0.08551115402703004,0.1304183591953145,0.03502765333244474,,,,,,,,,
PC2_ang008,pc2,push_neg_x,101,19,0,,999,0,0.3883623637776962,0.3883632868528366,4.640875015666778e-07,0.03771865195929158,5.434945214866447,0.03771865195929158,0.08600220084190369,,0.0019396394491195679,8.669766512784089e-08,950,0.06636404836671773,0.10641341059007679,0.04185344691618908,,,,,,,,,
PC2_ang008,pc2,push_neg_x,101,20,0,,999,0,0.38794849940481035,0.38794921338558197,4.3858818829378343e-07,0.027887857859841193,6.997748588928916,0.027887857859841193,0.06991704180836678,,-0.0020229071378707886,-2.5499313272894386e-07,950,0.0666036915609285,0.10695544972405861,0.0351588118345689,,,,,,,,,
PC2_ang008,pc2,push_neg_x,101,21,0,,999,0,0.38662455952103764,0.38662514090538025,5.456853040399399e-07,0.02704693925698673,6.679704606787306,0.02704693925698673,0.06676022708415985,,-0.0038692057132720947,-4.5898763891209865e-08,950,0.07999147059158102,0.1078323500384264,0.030925988800129322,,,,,,,,,
PC2_ang008,pc2,push_neg_x,101,22,0,,999,0,0.38271979031397063,0.3827201575040817,1.8869491821941846e-07,0.033156151739236056,7.226942231404136,0.033156151739236056,0.0652456134557724,,0.00021408498287200928,8.669766512784092e-08,950,0.0774465593284796,0.10552427609619047,0.037580191795968866,,,,,,,,,
PC2_ang008,pc2,push_neg_x,101,23,0,,999,0,0.3869832590780156,0.38698388636112213,3.773898364388369e-07,0.03133089688245436,6.01335395068844,0.03133089688245436,0.06446967273950577,,-0.003011927008628845,-4.5898763891209886e-07,950,0.06598089813003016,0.09776822822957651,0.038695775053926344,,,,,,,,,
PC2_ang008,pc2,push_neg_x,101,24,0,,999,0,0.3834092644924786,0.38341011106967926,4.4878791360294117e-07,0.028793610303505683,7.834471926714784,0.028793610303505683,0.060359686613082886,,0.0004085749387741089,-5.201859907670455e-07,950,0.09927693067190801,0.10364374063692756,0.03331315757403747,,,,,,,,,
PC2_ang008,pc2,push_neg_x,101,25,0,,999,0,0.3833311355528347,0.3833314925432205,5.40585441385361e-07,0.029576787664840887,7.588764399223463,0.029576787664840887,0.06779692322015762,,-0.0013516396284103394,-3.875895617479946e-07,950,0.07717215924490707,0.10762280494915763,0.03254179867198933,,,,,,,,,
PC2_ang008,pc2,push_neg_x,101,26,0,,999,0,0.38226220904187086,0.3822624385356903,2.90692171310996e-07,0.031184216757430105,7.420819936487575,0.031184216757430105,0.10696883127093315,,-0.006211906671524048,-1.4789601698278744e-07,950,0.10383984000762994,0.10846839200107962,0.03529842141974412,,,,,,,,,
PC2_ang008,pc2,push_neg_x,101,27,0,,999,0,0.3844513356048156,0.384451299905777,1.988946435285762e-07,0.040259935332923776,7.269627981903182,0.040259935332923776,0.03740477375686169,,-0.003619164228439331,-1.0709711574615642e-07,950,0.08350888531133388,0.14367085944521002,0.04583104732994692,,,,,,,,,
PC2_ang008,pc2,push_neg_x,101,28,0,,999,0,0.38526217025869036,0.38526278734207153,3.1109162192931147e-07,0.03629995782397859,7.268966020899432,0.03629995782397859,0.08105244860053062,,-0.0014293491840362549,6.629821450952535e-08,950,0.08102646107561023,0.11101829596739343,0.04090558451271125,,,,,,,,,
PC2_ang008,pc2,push_neg_x,101,29,0,,999,0,0.3813914565797796,0.38139161467552185,4.640875015666778e-07,0.03122646755139373,7.52329865925659,0.03122646755139373,0.0713268332183361,,-0.0032853782176971436,7.649793981868314e-08,950,0.08342850970152095,0.10567235743631392,0.03654061943915873,,,,,,,,,
PC2_ang008,pc2,push_neg_x,101,30,0,,999,0,0.3903098969376661,0.39031077921390533,5.558850293490976e-07,0.0400754017747493,6.6225716709763125,0.0400754017747493,0.08570120856165886,,-0.0021325796842575073,-3.7228997378425803e-07,950,0.07796561085665263,0.11662521624561906,0.04310309860056017,,,,,,,,,
PC2_ang008,pc2,push_neg_x,101,31,0,,999,0,0.38389373455136855,0.383893683552742,1.988946435285762e-07,0.0329689272857302,7.0945477112482935,0.0329689272857302,0.0747217983007431,,-0.001874282956123352,2.2949381945604948e-07,950,0.0822674035084508,0.11994901518755788,0.03990350075127486,,,,,,,,,
PC2_ang008,pc2,push_neg_x,202,0,0,,999,0,0.3822797010129786,0.38228000700473785,3.569903858205214e-07,0.024075736141458838,6.6911249810523685,0.024075736141458838,0.08362677320837975,,0.00023834407329559326,4.079890123663102e-08,950,0.09288135145586096,0.10675442286635771,0.031447549203410745,,,,,,,,,
PC2_ang008,pc2,push_neg_x,202,1,0,,999,0,0.38557313613713107,0.38557323813438416,1.6829546760110293e-07,0.02896872835131837,6.48700151559215,0.02896872835131837,0.09976401180028915,,0.00014647841453552246,2.396935447652072e-07,950,0.06820441853530328,0.0952881634571387,0.03333034527961652,,,,,,,,,
PC2_ang008,pc2,push_neg_x,202,2,0,,999,0,0.3901377620703397,0.3901381343603134,2.0399450618315507e-07,0.03132007519937559,6.04771091361101,0.03132007519937559,0.0912771187722683,,-0.003684684634208679,-6.119835185494653e-08,950,0.07034326313447777,0.10473198745610597,0.04195153541070774,,,,,,,,,
PC2_ang008,pc2,push_neg_x,202,3,0,,999,0,0.39045349329231893,0.390454038977623,2.855923086564171e-07,0.0355992027389959,6.112341238673644,0.0355992027389959,0.09380755573511124,,-0.003116801381111145,0.0,950,0.0819111830961037,0.11819645754439408,0.04344204424564577,,,,,,,,,
PC2_ang008,pc2,push_neg_x,202,4,0,,999,0,0.38760048987712453,0.3876011222600937,2.651928580381016e-07,0.03383232123111274,7.377115283547704,0.03383232123111274,0.10237757861614227,,-0.002096906304359436,-4.895868148395722e-07,950,0.10396605316800087,0.16038454497835047,0.037365437009749404,,,,,,,,,
PC2_ang008,pc2,push_neg_x,202,5,1,17.3,894,0,0.38525902587462235,0.3852592706680298,1.988946435285762e-07,0.027025162154992663,7.135587134212386,0.027025162154992663,0.06739465519785881,,-0.0020714104175567627,2.2949381945604948e-07,815,0.14856811997198768,0.23904588410508232,0.03681601424866531,,,,,,,,,
PC2_ang008,pc2,push_neg_x,202,6,0,,999,0,0.3837983462421652,0.3837985247373581,2.3459368211062835e-07,0.03415902299624263,6.999709919747291,0.03415902299624263,0.09834810718894005,,-0.00030066072940826416,2.1419423149231284e-07,950,0.08297493025683303,0.1155213749390055,0.03745275281492924,,,,,,,,,
PC2_ang008,pc2,push_neg_x,202,7,0,,999,0,0.3888286363313542,0.3888287842273712,2.0399450618315507e-07,0.030900695161189498,6.6641057158020125,0.030900695161189498,0.07073406875133514,,0.0004252195358276367,1.4279615432820854e-07,950,0.06571354448470955,0.10534094703801547,0.033931546882293856,,,,,,,,,
PC2_ang008,pc2,push_neg_x,202,8,0,,999,0,0.38284340500831604,0.38284340500831604,1.8359505556483956e-07,0.029517660942127287,6.979946781436112,0.029517660942127287,0.05919223465025425,,-0.001248091459274292,-5.507851666945187e-07,950,0.08253433227541586,0.11429352620254019,0.03809140320238892,,,,,,,,,
PC2_ang008,pc2,push_neg_x,202,9,0,,999,0,0.38988895395541573,0.38988907635211945,2.49893270074365e-07,0.0371398645940737,6.3818061770389,0.0371398645940737,0.06544608995318413,,-0.0007584244012832642,-5.762844799674131e-07,950,0.08112922247564903,0.1269295152443119,0.040602529026097234,,,,,,,,,
PC2_ang008,pc2,push_neg_x,202,10,0,,999,0,0.3870253200358885,0.38702575862407684,6.017837932403076e-07,0.030855239084429123,6.518044967093131,0.030855239084429123,0.08349594101309776,,-0.002217724919319153,4.9978654014873e-07,950,0.07704098079982412,0.11893755418940237,0.03513639704302652,,,,,,,,,
PC2_ang008,pc2,push_neg_x,202,11,0,,999,0,0.3871253895408967,0.3871258944272995,6.731818704044118e-07,0.02803285637776071,6.67422613291304,0.02803285637776071,0.060615815222263336,,-0.0011841803789138794,-4.6918736422125655e-07,950,0.07174307510105747,0.10095320622121677,0.03409307799928923,,,,,,,,,
PC2_ang008,pc2,push_neg_x,202,12,0,,999,0,0.3850566155132763,0.3850569725036621,1.8359505556483956e-07,0.031910764565207236,7.160466299638706,0.031910764565207236,0.05175280198454857,,0.00382387638092041,2.2439395680147059e-07,950,0.07681599707187162,0.1023076869410695,0.035227642413399235,,,,,,,,,
PC2_ang008,pc2,push_neg_x,202,13,0,,999,0,0.3876920396631414,0.3876922130584717,4.4878791360294117e-07,0.03289146976874414,6.896840966512661,0.03289146976874414,0.07639188691973686,,0.0031408369541168213,1.0199725309157742e-08,950,0.07536275403650462,0.11268229617049297,0.03701709914589196,,,,,,,,,
PC2_ang008,pc2,push_neg_x,202,14,0,,999,0,0.38446279786487314,0.3844633996486664,1.988946435285762e-07,0.028808458029246947,6.928151075477474,0.028808458029246947,0.06445468962192535,,-0.003224402666091919,5.609848920036766e-08,950,0.09672283183695869,0.1258256579974233,0.03444329799186205,,,,,,,,,
PC2_ang008,pc2,push_neg_x,202,15,0,,999,0,0.38264460726217786,0.38264504075050354,4.793870895304144e-07,0.02334083732033152,7.275884235696118,0.02334083732033152,0.033455630764365196,,-0.001181960105895996,5.201859907670454e-07,950,0.09135496068352332,0.11952585169539019,0.027337877930994743,,,,,,,,,
PC2_ang008,pc2,push_neg_x,202,16,0,,999,0,0.39058427536551327,0.39058464765548706,5.864842052765709e-07,0.030846869340974595,5.945241922106887,0.030846869340974595,0.07382100075483322,,0.001323401927947998,-1.5299587963736586e-08,950,0.06502261061112517,0.1067809661480939,0.040137830746454044,,,,,,,,,
PC2_ang008,pc2,push_neg_x,202,17,0,,999,0,0.3846557217645135,0.38465599715709686,2.651928580381016e-07,0.030361692333613768,7.058190048420068,0.030361692333613768,0.0621898602694273,,-0.004270181059837341,2.0399450618315507e-07,950,0.08934099551415026,0.11234280274659345,0.034372256807038454,,,,,,,,,
PC2_ang008,pc2,push_neg_x,202,18,0,,999,0,0.3864186039582931,0.38641905784606934,3.1109162192931147e-07,0.03547123876657742,6.455604271983558,0.03547123876657742,0.08152756094932556,,-0.0011955797672271729,-2.90692171310996e-07,950,0.08489310781176801,0.13555185846932244,0.03992600923106952,,,,,,,,,
PC2_ang008,pc2,push_neg_x,202,19,0,,999,0,0.38891822203276627,0.38891856372356415,5.201859907670454e-07,0.031351472793647236,5.796771631045004,0.031351472793647236,0.08694525808095932,,-0.0018766671419143677,-3.773898364388369e-07,950,0.06625208438186206,0.1033184208829662,0.038025439766848246,,,,,,,,,
PC2_ang008,pc2,push_neg_x,202,20,0,,999,0,0.38002421997766445,0.3800247758626938,3.1109162192931147e-07,0.030726076250050874,7.774601040242912,0.030726076250050874,0.04858093336224556,,-0.004020139575004578,1.4789601698278742e-07,950,0.10465409079382651,0.11372655992749989,0.03441362544591618,,,,,,,,,
PC2_ang008,pc2,push_neg_x,202,21,0,,999,0,0.38634159005580737,0.38634203374385834,3.263912098930481e-07,0.034083320546396845,7.509722181429886,0.034083320546396845,0.0716552659869194,,0.0013677030801773071,-2.0399450618315537e-08,950,0.07479693265578449,0.10818033749816566,0.04086728248523854,,,,,,,,,
PC2_ang008,pc2,push_neg_x,202,22,0,,999,0,0.3860537130883671,0.38605383038520813,2.3459368211062835e-07,0.03124657036804232,6.354820820718418,0.03124657036804232,0.07567185536026955,,0.0022158026695251465,-3.4679066051136365e-07,950,0.07431808095960282,0.11174303897991272,0.03829073688067491,,,,,,,,,
PC2_ang008,pc2,push_neg_x,202,23,0,,999,0,0.3829773568055209,0.3829779177904129,6.425826944769385e-07,0.028870941999415083,6.92392363150131,0.028870941999415083,0.05741034634411335,,0.0019084960222244263,1.1219697840073532e-07,950,0.08238466303543021,0.11310032532027443,0.034802554578149715,,,,,,,,,
PC2_ang008,pc2,push_neg_x,202,24,0,,999,0,0.3892892388736501,0.38928985595703125,3.31491072547627e-07,0.023917636593255697,6.805123250667892,0.023917636593255697,0.039860477671027184,,0.0003154277801513672,5.609848920036766e-08,950,0.07618852864202398,0.1139169000604267,0.03150500829852979,,,,,,,,,
PC2_ang008,pc2,push_neg_x,202,25,0,,999,0,0.38006315519784223,0.38006357848644257,3.365909352022059e-07,0.02814549414666572,8.003575719871755,0.02814549414666572,0.07524815201759338,,0.00015370547771453857,1.6319560494652408e-07,950,0.10391961898212038,0.10934540979138087,0.03340259931213708,,,,,,,,,
PC2_ang008,pc2,push_neg_x,202,26,0,,999,0,0.39046687812091196,0.3904672861099243,1.6829546760110293e-07,0.02757874601335203,5.222901134999521,0.02757874601335203,0.07330432534217834,,-0.001657932996749878,-3.722899737842581e-07,950,0.07598476915997227,0.10226238268770489,0.0357707700953612,,,,,,,,,
PC2_ang008,pc2,push_neg_x,202,27,0,,999,0,0.38193156167785114,0.3819318115711212,3.824896990934158e-07,0.029264422186569116,7.505477768859965,0.029264422186569116,0.05651976726949215,,-0.0006690323352813721,-4.13088875020889e-07,950,0.07556948744668972,0.09923821611599991,0.0356840778165083,,,,,,,,,
PC2_ang008,pc2,push_neg_x,202,28,0,,999,0,0.3856687214285295,0.3856692314147949,5.507851666945187e-07,0.03172269276014078,6.7544239262977435,0.03172269276014078,0.09225571155548096,,-0.003333151340484619,-2.0399450618315515e-07,950,0.08261314565524268,0.13415638009737885,0.03568793684975005,,,,,,,,,
PC2_ang008,pc2,push_neg_x,202,29,0,,999,0,0.38709424005791465,0.3870951682329178,8.465772006600936e-07,0.030403833564091237,5.762163680469618,0.030403833564091237,0.09170222282409668,,-0.000792279839515686,-3.5699038582052133e-07,950,0.06861878263952426,0.09940771281503134,0.03776518554681793,,,,,,,,,
PC2_ang008,pc2,push_neg_x,202,30,0,,999,0,0.38343096400964705,0.3834311068058014,2.1419423149231284e-07,0.02868988462586433,7.586722895101287,0.02868988462586433,0.06673567369580269,,0.0006901025772094727,-3.0599175927473257e-07,950,0.09654311283949658,0.13281355418375723,0.03362539451584834,,,,,,,,,
PC2_ang008,pc2,push_neg_x,202,31,0,,999,0,0.3811758571767552,0.3811759948730469,3.365909352022059e-07,0.02985382640804367,6.947335468988554,0.02985382640804367,0.04710165783762932,,-0.001497805118560791,1.2239670370989306e-07,950,0.10294485788978588,0.1022555170818578,0.03411779548816526,,,,,,,,,
PC2_ang008,pc2,push_neg_x,303,0,0,,999,0,0.39108276861236696,0.39108315110206604,4.895868148395722e-07,0.038328646677200526,5.764018016604597,0.038328646677200526,0.06808992475271225,,-0.0035216808319091797,-4.079890123663097e-08,950,0.08191868795992069,0.11859276410958565,0.04303802120898539,,,,,,,,,
PC2_ang008,pc2,push_neg_x,303,1,0,,999,0,0.38521110963693916,0.385211318731308,1.4279615432820854e-07,0.030097232372903137,6.560764921221233,0.030097232372903137,0.08025937527418137,,0.0006147027015686035,-3.2639120989304816e-07,950,0.07540656833433777,0.10961265784467879,0.03745080930846625,,,,,,,,,
PC2_ang008,pc2,push_neg_x,303,2,0,,999,0,0.38575890461072565,0.38575898110866547,1.784951929102607e-07,0.029737452620931627,6.816215629224496,0.029737452620931627,0.08066518232226372,,0.0010053068399429321,4.6408750156667776e-07,950,0.09019108187243872,0.1343005483797433,0.03649254521312896,,,,,,,,,
PC2_ang008,pc2,push_neg_x,303,3,0,,999,0,0.38800450187315916,0.38800525665283203,5.40585441385361e-07,0.03683822542157456,6.195947965910862,0.03683822542157456,0.09119617193937302,,-0.0013198256492614746,1.6319560494652408e-07,950,0.09831209520439926,0.14431094217997192,0.04724041455565271,,,,,,,,,
PC2_ang008,pc2,push_neg_x,303,4,0,,999,0,0.3880612525869818,0.38806192576885223,5.252858534216243e-07,0.03242708372558743,6.192460036792106,0.03242708372558743,0.09134037047624588,,-0.001787826418876648,-4.232886003300468e-07,950,0.08021416319802038,0.10681095007715044,0.0368777352767173,,,,,,,,,
PC2_ang008,pc2,push_neg_x,303,5,0,,999,0,0.3894433107446222,0.3894435912370682,6.425826944769385e-07,0.028531688696139323,6.4392301672341645,0.028531688696139323,0.07836894318461418,,-0.003027305006980896,1.325964290190508e-07,950,0.08047068276072979,0.11404243076168792,0.033861972054140786,,,,,,,,,
PC2_ang008,pc2,push_neg_x,303,6,0,,999,0,0.3894945704203876,0.3894946724176407,4.589876389120989e-07,0.03531959707324585,6.87574820921778,0.03531959707324585,0.0708782747387886,,-0.0021821409463882446,-1.5299587963736634e-07,950,0.07454633231977277,0.11317596164911106,0.041812811369671736,,,,,,,,,
PC2_ang008,pc2,push_neg_x,303,7,0,,999,0,0.38993085331139077,0.3899318426847458,5.150861281124665e-07,0.034714956255567364,6.605238366436222,0.034714956255567364,0.06234633922576904,,-0.0017528384923934937,3.9268942440257346e-07,950,0.07971343029937512,0.10479343848132378,0.037791512104270376,,,,,,,,,
PC2_ang008,pc2,push_neg_x,303,8,0,,999,0,0.38454281447086747,0.38454313576221466,4.3858818829378343e-07,0.02780954298167134,7.234742532151377,0.02780954298167134,0.07781580463051796,,-0.005408808588981628,-3.569903858205214e-07,950,0.07580834586455355,0.12014756736944711,0.03675995291845592,,,,,,,,,
PC2_ang008,pc2,push_neg_x,303,9,0,,999,0,0.3861163696025145,0.38611678779125214,3.773898364388369e-07,0.03203468547150448,5.951367964678143,0.03203468547150448,0.0949183851480484,,0.001033589243888855,-3.3659093520220585e-07,950,0.07415674476871582,0.11474658221755246,0.03666694252009314,,,,,,,,,
PC2_ang008,pc2,push_neg_x,303,10,0,,999,0,0.38811396588297453,0.3881145268678665,4.895868148395722e-07,0.029116851485234126,6.755880427751922,0.029116851485234126,0.09290618821978569,,-0.002649828791618347,2.0399450618315537e-08,950,0.07039193660846191,0.10720532068874182,0.03674918593657887,,,,,,,,,
PC2_ang008,pc2,push_neg_x,303,11,0,,999,0,0.3870057517035122,0.38700611889362335,3.6719011112967913e-07,0.02551645206725715,6.8063353319331075,0.02551645206725715,0.0728035531938076,,0.0007050782442092896,-2.0399450618315537e-08,950,0.102822601581691,0.11610099996917043,0.02991155281403117,,,,,,,,,
PC2_ang008,pc2,push_neg_x,303,12,0,,999,0,0.3883726297215344,0.3883730173110962,9.179752778241978e-08,0.03360414216496563,6.814227232557213,0.03360414216496563,0.04181591607630253,,-0.0035899579524993896,1.937947808739973e-07,950,0.09361345996607173,0.13018638148404166,0.03797876941466044,,,,,,,,,
PC2_ang008,pc2,push_neg_x,303,13,0,,999,0,0.3900437434726858,0.3900443911552429,4.028891497117313e-07,0.03495287754400124,6.517702206061736,0.03495287754400124,0.06899694353342056,,0.003376692533493042,-2.1929409414689174e-07,950,0.09596759008576372,0.1418779322028548,0.043502450107905016,,,,,,,,,
PC2_ang008,pc2,push_neg_x,303,14,0,,999,0,0.3808988918435765,0.38089950382709503,3.1619148458389037e-07,0.03100545719264185,6.495513882856259,0.03100545719264185,0.08158986270427704,,0.00293181836605072,1.325964290190508e-07,950,0.07299229502881116,0.10252768373222886,0.034398264636417875,,,,,,,,,
PC2_ang008,pc2,push_neg_x,303,15,0,,999,0,0.39120117634694207,0.3912016302347183,4.0798901236631015e-07,0.03699259300365232,5.7055411461975885,0.03699259300365232,0.07154896855354309,,-0.00047941505908966064,-4.691873642212567e-07,950,0.0780739413804411,0.11833126586752445,0.04368450171538228,,,,,,,,,
PC2_ang008,pc2,push_neg_x,303,16,0,,999,0,0.38721350648186426,0.3872137665748596,3.1619148458389037e-07,0.03165856247319068,6.789356983045778,0.03165856247319068,0.04765978083014488,,-0.0008961856365203857,1.529958796373663e-07,950,0.08847806084009775,0.11095674445070271,0.03417980676980048,,,,,,,,,
PC2_ang008,pc2,push_neg_x,303,17,0,,999,0,0.38651799597842174,0.3865182101726532,2.855923086564171e-07,0.03456746383941582,6.461956911274713,0.03456746383941582,0.04115934669971466,,0.0005918741226196289,-5.099862654578877e-07,950,0.0694566610760306,0.093904242699927,0.04365318406516708,,,,,,,,,
PC2_ang008,pc2,push_neg_x,303,18,0,,999,0,0.3849785170931229,0.3849795013666153,3.1619148458389037e-07,0.03186545449439165,7.097082279033972,0.03186545449439165,0.039120569825172424,,-0.002695038914680481,-2.651928580381016e-07,950,0.11155921273041743,0.12236504323578208,0.03254275898890558,,,,,,,,,
PC2_ang008,pc2,push_neg_x,303,19,0,,999,0,0.3801592258527317,0.3801593482494354,2.651928580381016e-07,0.03203207745456854,7.213232963895633,0.03203207745456854,0.07025709375739098,,0.00231972336769104,2.5499313272894386e-07,950,0.08297626137701047,0.11881468260452577,0.0371304048757554,,,,,,,,,
PC2_ang008,pc2,push_neg_x,303,20,0,,999,0,0.3820488110264355,0.38204917311668396,4.334883256392046e-07,0.0347379099725245,7.407488818186965,0.0347379099725245,0.08095192909240723,,0.0018828511238098145,-5.0998626545788444e-09,950,0.07927607594094496,0.11136368912337095,0.04233691261412097,,,,,,,,,
PC2_ang008,pc2,push_neg_x,303,21,0,,999,0,0.3855538612859134,0.3855544477701187,4.9978654014873e-07,0.027466675446147826,6.818057618076834,0.027466675446147826,0.08747507631778717,,-0.0024328380823135376,-6.119835185494645e-08,950,0.07798203609341961,0.10916091649509316,0.03575699113669829,,,,,,,,,
PC2_ang008,pc2,push_neg_x,303,22,0,,999,0,0.3903117339241313,0.3903120756149292,4.028891497117313e-07,0.030505956714737267,5.869286335191064,0.030505956714737267,0.09277741611003876,,-0.0005266964435577393,-4.5388777625752007e-07,950,0.07057727072837768,0.11054434156415271,0.036952578538960265,,,,,,,,,
PC2_ang008,pc2,push_neg_x,303,23,0,,999,0,0.3862175602007677,0.3862171471118927,-2.90692171310996e-07,0.03526745429604722,6.4281624493773935,0.03526745429604722,0.07999532297253609,,-0.0009066760540008545,-1.2749656636447193e-07,950,0.09684109360290521,0.10729779707798409,0.04309825159913574,,,,,,,,,
PC2_ang008,pc2,push_neg_x,303,24,0,,999,0,0.38824422848734624,0.3882443457841873,2.49893270074365e-07,0.028130780648214726,6.340256546392185,0.028130780648214726,0.06806136295199394,,-0.003059074282646179,-1.7849519291026067e-07,950,0.0780019339878842,0.11249839703010726,0.03164653491532319,,,,,,,,,
PC2_ang008,pc2,push_neg_x,303,25,0,,999,0,0.3851635684782171,0.38516421616077423,4.232886003300468e-07,0.024826603031833556,7.028918202058631,0.024826603031833556,0.04930586740374565,,-0.001608237624168396,-1.7849519291026067e-07,950,0.06782013906478807,0.10513359749554574,0.029939903821363058,,,,,,,,,
PC2_ang008,pc2,push_neg_x,303,26,0,,999,0,0.3843296249920034,0.38433027267456055,4.5898763891209897e-07,0.027072149976164042,6.429528705436133,0.027072149976164042,0.0879964716732502,,-8.699297904968262e-05,1.3259642901905086e-07,950,0.07618937859027236,0.11794733274769859,0.03481925708008306,,,,,,,,,
PC2_ang008,pc2,push_neg_x,303,27,0,,999,0,0.3832525063485385,0.3832530826330185,5.915840679311498e-07,0.0327408899835339,7.244591115778123,0.0327408899835339,0.07494538277387619,,-0.002239927649497986,4.283884629846257e-07,950,0.12070812970219118,0.1909086848650634,0.04384124981084732,,,,,,,,,
PC2_ang008,pc2,push_neg_x,303,28,0,,999,0,0.388820942551057,0.3888212740421295,3.365909352022059e-07,0.028683491154788313,7.302722414029631,0.028683491154788313,0.05121750384569168,,-0.0012181997299194336,-3.059917592747326e-07,950,0.06831499241384305,0.10304447555908725,0.03243543605804025,,,,,,,,,
PC2_ang008,pc2,push_neg_x,303,29,0,,999,0,0.38700348083029457,0.3870038837194443,4.589876389120989e-07,0.03715542600856311,6.571875178191426,0.03715542600856311,0.07609004527330399,,-0.003101453185081482,4.079890123663102e-08,950,0.07335769943559332,0.10963703542613887,0.04723802542435592,,,,,,,,,
PC2_ang008,pc2,push_neg_x,303,30,0,,999,0,0.3824515019189865,0.38245198130607605,4.6918736422125665e-07,0.03340109727403559,7.849316900764206,0.03340109727403559,0.07791783288121223,,-0.0071035027503967285,-3.875895617479947e-07,950,0.07119308780732937,0.10705734455245003,0.03680153418387284,,,,,,,,,
PC2_ang008,pc2,push_neg_x,303,31,0,,999,0,0.3827031834080895,0.38270343840122223,3.977892870571524e-07,0.03625907371736365,6.811321994007918,0.03625907371736365,0.10174867138266563,,-0.0006105750799179077,-3.773898364388369e-07,950,0.06844153428090449,0.09850776653984633,0.0397776710192907,,,,,,,,,
PC2_ang008,pc2,push_pos_y,101,0,0,,999,0,0.3851591716794407,0.38515928387641907,2.0399450618315507e-07,0.026898516031623864,7.096716355018883,0.026898516031623864,0.0649339109659195,,-0.0016522705554962158,-4.997865401487299e-07,950,0.11093667449772188,0.11378360960128277,0.03246149652191646,,,,,,,,,
PC2_ang008,pc2,push_pos_y,101,1,0,,999,0,0.3908698016946966,0.39086997509002686,3.1619148458389037e-07,0.03370807129260133,7.025163020189779,0.03370807129260133,0.09629847854375839,,-0.0009599030017852783,-1.325964290190508e-07,950,0.07130838726412055,0.103136815200774,0.04027099374045676,,,,,,,,,
PC2_ang008,pc2,push_pos_y,101,2,0,,999,0,0.38374566235006813,0.3837459683418274,3.4169079785678475e-07,0.0293378374130202,6.7175670383842325,0.0293378374130202,0.06854532286524773,,-0.0002537369728088379,2.0909436883773395e-07,950,0.08253620208411455,0.1235221905079942,0.03454741236272243,,,,,,,,,
PC2_ang008,pc2,push_pos_y,101,3,0,,999,0,0.391055605468903,0.39105573296546936,3.4169079785678475e-07,0.03448361689641226,6.020731913083266,0.03448361689641226,0.07173633947968483,,-0.0012540817260742188,-2.702927206926805e-07,950,0.07873909455845755,0.11529596814907798,0.03964973634604879,,,,,,,,,
PC2_ang008,pc2,push_pos_y,101,4,0,,999,0,0.38519514204665306,0.38519491255283356,1.2749656636447193e-07,0.036483495788139225,6.732616090206755,0.036483495788139225,0.055768933147192,,-0.0008607357740402222,-3.7228997378425803e-07,950,0.07209620795920973,0.10207167565987414,0.0400431658063898,,,,,,,,,
PC2_ang008,pc2,push_pos_y,101,5,0,,999,0,0.3890876024164618,0.3890877962112427,2.855923086564171e-07,0.03197440218218993,6.235974101260124,0.03197440218218993,0.1209728829562664,,-0.000855177640914917,8.159780247326201e-08,950,0.0855646236412232,0.12438414182937253,0.0378485028027047,,,,,,,,,
PC2_ang008,pc2,push_pos_y,101,6,0,,999,0,0.3901097050165747,0.39011038839817047,2.804924460018382e-07,0.03775748000298753,5.664753522857332,0.03775748000298753,0.0666244812309742,,0.0016370564699172974,-1.6829546760110298e-07,950,0.0791972810072308,0.11900816284225325,0.0422188076806135,,,,,,,,,
PC2_ang008,pc2,push_pos_y,101,7,0,,999,0,0.3882941601270023,0.3882947415113449,4.793870895304144e-07,0.03150837571145458,6.623481062327903,0.03150837571145458,0.06633966416120529,,-0.004901066422462463,-1.427961543282086e-07,950,0.07745997299032198,0.10982114780806358,0.04323533288402082,,,,,,,,,
PC2_ang008,pc2,push_pos_y,101,8,0,,999,0,0.38754421855039134,0.3875444531440735,3.7228997378425803e-07,0.03087247687156597,6.466139425065439,0.03087247687156597,0.07502922788262367,,0.003804415464401245,1.529958796373664e-08,950,0.09747684067066725,0.1477409317944866,0.03465077514370735,,,,,,,,,
PC2_ang008,pc2,push_pos_y,101,9,0,,999,0,0.38901971216826514,0.38902030885219574,4.640875015666778e-07,0.039732868534777546,6.0940617253353615,0.039732868534777546,0.07104503735899925,,-0.0016129463911056519,1.988946435285762e-07,950,0.07786973261618009,0.11056622959928365,0.046785567166504734,,,,,,,,,
PC2_ang008,pc2,push_pos_y,101,10,0,,999,0,0.3830746771658168,0.383075013756752,3.773898364388369e-07,0.029422389190175424,7.5287590652862555,0.029422389190175424,0.05537718906998634,,0.0022054463624954224,-4.079890123663101e-07,950,0.08778570547736124,0.11654180147117213,0.03863558682997999,,,,,,,,,
PC2_ang008,pc2,push_pos_y,101,11,0,,999,0,0.38575611179843944,0.3857562392950058,1.8869491821941846e-07,0.04087347514290428,7.497422196609744,0.04087347514290428,0.05240445397794247,,0.0004092901945114136,1.0709711574615643e-07,950,0.07730257317148838,0.10551233197800887,0.046590156247896454,,,,,,,,,
PC2_ang008,pc2,push_pos_y,101,12,0,,999,0,0.3861497886837485,0.38614998757839203,3.365909352022059e-07,0.03349142827693708,6.585596670833951,0.03349142827693708,0.07676272094249725,,0.0016569942235946655,-3.467906605113636e-07,950,0.07791771128736602,0.11136262342826665,0.03858708871594299,,,,,,,,,
PC2_ang008,pc2,push_pos_y,101,13,0,,999,0,0.3859924712283088,0.38599270582199097,2.49893270074365e-07,0.03071111207986333,6.349372726661562,0.03071111207986333,0.09525204449892044,,-0.0025923848152160645,-2.702927206926804e-07,950,0.08525547399898607,0.1253008215239615,0.037023133631123764,,,,,,,,,
PC2_ang008,pc2,push_pos_y,101,14,0,,999,0,0.38484789024699817,0.3848482370376587,1.2239670370989306e-07,0.029477631525868464,6.589685341990054,0.029477631525868464,0.10230207443237305,,-0.0020912587642669678,-3.8758956174799467e-07,950,0.07623835688482723,0.10622338848850255,0.0353244915964651,,,,,,,,,
PC2_ang008,pc2,push_pos_y,101,15,0,,999,0,0.38872044282482265,0.3887208253145218,2.651928580381016e-07,0.027534373172334398,7.112673406380145,0.027534373172334398,0.08888596668839455,,0.0008899718523025513,3.977892870571524e-07,950,0.09571961874035684,0.14667936070253365,0.03431518257174111,,,,,,,,,
PC2_ang008,pc2,push_pos_y,101,16,0,,999,0,0.3890161774853334,0.38901670277118683,5.609848920036764e-07,0.03162539474114551,5.9231596797182995,0.03162539474114551,0.05282358080148697,,-0.002107873558998108,7.139807716410414e-08,950,0.06978220363679012,0.10288748233201181,0.03728526094531718,,,,,,,,,
PC2_ang008,pc2,push_pos_y,101,17,0,,999,0,0.38871572497375506,0.38871626555919647,3.365909352022059e-07,0.036638053688356986,5.886462632315402,0.036638053688356986,0.09979591518640518,,-0.007869824767112732,3.059917592747328e-08,950,0.06948677917458745,0.10951262118024575,0.039451668289978786,,,,,,,,,
PC2_ang008,pc2,push_pos_y,101,18,0,,999,0,0.3823112640629478,0.38231147825717926,3.773898364388369e-07,0.0321637396031985,6.940386237142359,0.0321637396031985,0.08063885569572449,,-0.0011146515607833862,3.5699038582052144e-07,950,0.07058554224660882,0.09748268146955882,0.03502765333244474,,,,,,,,,
PC2_ang008,pc2,push_pos_y,101,19,0,,999,0,0.3883623637776962,0.3883632868528366,4.640875015666778e-07,0.03771865195929158,5.434945214866447,0.03771865195929158,0.08600220084190369,,0.0019396394491195679,8.669766512784089e-08,950,0.0763660591092742,0.11413037991114261,0.04185344691618908,,,,,,,,,
PC2_ang008,pc2,push_pos_y,101,20,0,,999,0,0.38794849940481035,0.38794921338558197,4.3858818829378343e-07,0.027887857859841193,6.997748588928916,0.027887857859841193,0.06991704180836678,,-0.0020229071378707886,-2.5499313272894386e-07,950,0.07028457428268654,0.11311445382216259,0.0351588118345689,,,,,,,,,
PC2_ang008,pc2,push_pos_y,101,21,0,,999,0,0.38662455952103764,0.38662514090538025,5.456853040399399e-07,0.02704693925698673,6.679704606787306,0.02704693925698673,0.06676022708415985,,-0.0038692057132720947,-4.5898763891209865e-08,950,0.08951350802700436,0.13789143634645776,0.030925988800129322,,,,,,,,,
PC2_ang008,pc2,push_pos_y,101,22,0,,999,0,0.38271979031397063,0.3827201575040817,1.8869491821941846e-07,0.033156151739236056,7.226942231404136,0.033156151739236056,0.0652456134557724,,0.00021408498287200928,8.669766512784092e-08,950,0.08454590616064678,0.11602022508031988,0.037580191795968866,,,,,,,,,
PC2_ang008,pc2,push_pos_y,101,23,0,,999,0,0.3869832590780156,0.38698388636112213,3.773898364388369e-07,0.03133089688245436,6.01335395068844,0.03133089688245436,0.06446967273950577,,-0.003011927008628845,-4.5898763891209886e-07,950,0.07314776717850695,0.10422607285264196,0.038695775053926344,,,,,,,,,
PC2_ang008,pc2,push_pos_y,101,24,0,,999,0,0.3834092644924786,0.38341011106967926,4.4878791360294117e-07,0.028793610303505683,7.834471926714784,0.028793610303505683,0.060359686613082886,,0.0004085749387741089,-5.201859907670455e-07,950,0.0731195428622824,0.09698571191062086,0.03331315757403747,,,,,,,,,
PC2_ang008,pc2,push_pos_y,101,25,0,,999,0,0.3833311355528347,0.3833314925432205,5.40585441385361e-07,0.029576787664840887,7.588764399223463,0.029576787664840887,0.06779692322015762,,-0.0013516396284103394,-3.875895617479946e-07,950,0.10413897750735852,0.12359154313474485,0.03254179867198933,,,,,,,,,
PC2_ang008,pc2,push_pos_y,101,26,0,,999,0,0.38226220904187086,0.3822624385356903,2.90692171310996e-07,0.031184216757430105,7.420819936487575,0.031184216757430105,0.10696883127093315,,-0.006211906671524048,-1.4789601698278744e-07,950,0.08254437105081909,0.11717759288620778,0.03529842141974412,,,,,,,,,
PC2_ang008,pc2,push_pos_y,101,27,0,,999,0,0.3844513356048156,0.384451299905777,1.988946435285762e-07,0.040259935332923776,7.269627981903182,0.040259935332923776,0.03740477375686169,,-0.003619164228439331,-1.0709711574615642e-07,950,0.07266686023964936,0.10067917755210992,0.04583104732994692,,,,,,,,,
PC2_ang008,pc2,push_pos_y,101,28,0,,999,0,0.38526217025869036,0.38526278734207153,3.1109162192931147e-07,0.03629995782397859,7.268966020899432,0.03629995782397859,0.08105244860053062,,-0.0014293491840362549,6.629821450952535e-08,950,0.07512853285305382,0.10295356703716636,0.04090558451271125,,,,,,,,,
PC2_ang008,pc2,push_pos_y,101,29,0,,999,0,0.3813914565797796,0.38139161467552185,4.640875015666778e-07,0.03122646755139373,7.52329865925659,0.03122646755139373,0.0713268332183361,,-0.0032853782176971436,7.649793981868314e-08,950,0.11339847703638048,0.11976629154016907,0.03654061943915873,,,,,,,,,
PC2_ang008,pc2,push_pos_y,101,30,0,,999,0,0.3903098969376661,0.39031077921390533,5.558850293490976e-07,0.0400754017747493,6.6225716709763125,0.0400754017747493,0.08570120856165886,,-0.0021325796842575073,-3.7228997378425803e-07,950,0.07134299867707718,0.11188785083917951,0.04310309860056017,,,,,,,,,
PC2_ang008,pc2,push_pos_y,101,31,0,,999,0,0.38389373455136855,0.383893683552742,1.988946435285762e-07,0.0329689272857302,7.0945477112482935,0.0329689272857302,0.0747217983007431,,-0.001874282956123352,2.2949381945604948e-07,950,0.07737416802456563,0.10509550996339528,0.03990350075127486,,,,,,,,,
PC2_ang008,pc2,push_pos_y,202,0,0,,999,0,0.3822797010129786,0.38228000700473785,3.569903858205214e-07,0.024075736141458838,6.6911249810523685,0.024075736141458838,0.08362677320837975,,0.00023834407329559326,4.079890123663102e-08,950,0.0968398148959935,0.1070021114053626,0.031447549203410745,,,,,,,,,
PC2_ang008,pc2,push_pos_y,202,1,0,,999,0,0.38557313613713107,0.38557323813438416,1.6829546760110293e-07,0.02896872835131837,6.48700151559215,0.02896872835131837,0.09976401180028915,,0.00014647841453552246,2.396935447652072e-07,950,0.08470318801134599,0.11607841774449153,0.03333034527961652,,,,,,,,,
PC2_ang008,pc2,push_pos_y,202,2,0,,999,0,0.3901377620703397,0.3901381343603134,2.0399450618315507e-07,0.03132007519937559,6.04771091361101,0.03132007519937559,0.0912771187722683,,-0.003684684634208679,-6.119835185494653e-08,950,0.07732529204417803,0.11324438009959649,0.04195153541070774,,,,,,,,,
PC2_ang008,pc2,push_pos_y,202,3,0,,999,0,0.39045349329231893,0.390454038977623,2.855923086564171e-07,0.0355992027389959,6.112341238673644,0.0355992027389959,0.09380755573511124,,-0.003116801381111145,0.0,950,0.0762265648621803,0.1089171773629237,0.04344204424564577,,,,,,,,,
PC2_ang008,pc2,push_pos_y,202,4,0,,999,0,0.38760048987712453,0.3876011222600937,2.651928580381016e-07,0.03383232123111274,7.377115283547704,0.03383232123111274,0.10237757861614227,,-0.002096906304359436,-4.895868148395722e-07,950,0.06857996307425844,0.1052569370483669,0.037365437009749404,,,,,,,,,
PC2_ang008,pc2,push_pos_y,202,5,0,,999,0,0.38525902587462235,0.3852592706680298,1.988946435285762e-07,0.027025162154992663,7.135587134212386,0.027025162154992663,0.06739465519785881,,-0.0020714104175567627,2.2949381945604948e-07,950,0.07213031849648317,0.10986229515358596,0.03681601424866531,,,,,,,,,
PC2_ang008,pc2,push_pos_y,202,6,0,,999,0,0.3837983462421652,0.3837985247373581,2.3459368211062835e-07,0.03415902299624263,6.999709919747291,0.03415902299624263,0.09834810718894005,,-0.00030066072940826416,2.1419423149231284e-07,950,0.07559821466007514,0.11453113053781167,0.03745275281492924,,,,,,,,,
PC2_ang008,pc2,push_pos_y,202,7,0,,999,0,0.3888286363313542,0.3888287842273712,2.0399450618315507e-07,0.030900695161189498,6.6641057158020125,0.030900695161189498,0.07073406875133514,,0.0004252195358276367,1.4279615432820854e-07,950,0.07661686504459445,0.1142120792967789,0.033931546882293856,,,,,,,,,
PC2_ang008,pc2,push_pos_y,202,8,0,,999,0,0.38284340500831604,0.38284340500831604,1.8359505556483956e-07,0.029517660942127287,6.979946781436112,0.029517660942127287,0.05919223465025425,,-0.001248091459274292,-5.507851666945187e-07,950,0.07658900741104896,0.103206689737617,0.03809140320238892,,,,,,,,,
PC2_ang008,pc2,push_pos_y,202,9,0,,999,0,0.38988895395541573,0.38988907635211945,2.49893270074365e-07,0.0371398645940737,6.3818061770389,0.0371398645940737,0.06544608995318413,,-0.0007584244012832642,-5.762844799674131e-07,950,0.06824462547835755,0.10489828505023288,0.040602529026097234,,,,,,,,,
PC2_ang008,pc2,push_pos_y,202,10,0,,999,0,0.3870253200358885,0.38702575862407684,6.017837932403076e-07,0.030855239084429123,6.518044967093131,0.030855239084429123,0.08349594101309776,,-0.002217724919319153,4.9978654014873e-07,950,0.06658154852829438,0.1058239605378711,0.03513639704302652,,,,,,,,,
PC2_ang008,pc2,push_pos_y,202,11,0,,999,0,0.3871253895408967,0.3871258944272995,6.731818704044118e-07,0.02803285637776071,6.67422613291304,0.02803285637776071,0.060615815222263336,,-0.0011841803789138794,-4.6918736422125655e-07,950,0.07340133917882394,0.107107212915477,0.03409307799928923,,,,,,,,,
PC2_ang008,pc2,push_pos_y,202,12,0,,999,0,0.3850566155132763,0.3850569725036621,1.8359505556483956e-07,0.031910764565207236,7.160466299638706,0.031910764565207236,0.05175280198454857,,0.00382387638092041,2.2439395680147059e-07,950,0.07776523210322338,0.10568812034031802,0.035227642413399235,,,,,,,,,
PC2_ang008,pc2,push_pos_y,202,13,0,,999,0,0.3876920396631414,0.3876922130584717,4.4878791360294117e-07,0.03289146976874414,6.896840966512661,0.03289146976874414,0.07639188691973686,,0.0031408369541168213,1.0199725309157742e-08,950,0.07244257483413621,0.10263949273733768,0.03701709914589196,,,,,,,,,
PC2_ang008,pc2,push_pos_y,202,14,0,,999,0,0.38446279786487314,0.3844633996486664,1.988946435285762e-07,0.028808458029246947,6.928151075477474,0.028808458029246947,0.06445468962192535,,-0.003224402666091919,5.609848920036766e-08,950,0.07870115426303485,0.10441661391541686,0.03444329799186205,,,,,,,,,
PC2_ang008,pc2,push_pos_y,202,15,0,,999,0,0.38264460726217786,0.38264504075050354,4.793870895304144e-07,0.02334083732033152,7.275884235696118,0.02334083732033152,0.033455630764365196,,-0.001181960105895996,5.201859907670454e-07,950,0.08326302870783019,0.1068336776573891,0.027337877930994743,,,,,,,,,
PC2_ang008,pc2,push_pos_y,202,16,0,,999,0,0.39058427536551327,0.39058464765548706,5.864842052765709e-07,0.030846869340974595,5.945241922106887,0.030846869340974595,0.07382100075483322,,0.001323401927947998,-1.5299587963736586e-08,950,0.07425212273513997,0.11717532369450924,0.040137830746454044,,,,,,,,,
PC2_ang008,pc2,push_pos_y,202,17,0,,999,0,0.3846557217645135,0.38465599715709686,2.651928580381016e-07,0.030361692333613768,7.058190048420068,0.030361692333613768,0.0621898602694273,,-0.004270181059837341,2.0399450618315507e-07,950,0.07442551445166824,0.10723443417485999,0.034372256807038454,,,,,,,,,
PC2_ang008,pc2,push_pos_y,202,18,0,,999,0,0.3864186039582931,0.38641905784606934,3.1109162192931147e-07,0.03547123876657742,6.455604271983558,0.03547123876657742,0.08152756094932556,,-0.0011955797672271729,-2.90692171310996e-07,950,0.07047921748303357,0.10750178121570661,0.03992600923106952,,,,,,,,,
PC2_ang008,pc2,push_pos_y,202,19,0,,999,0,0.38891822203276627,0.38891856372356415,5.201859907670454e-07,0.031351472793647236,5.796771631045004,0.031351472793647236,0.08694525808095932,,-0.0018766671419143677,-3.773898364388369e-07,950,0.07656583886923038,0.11265852877468223,0.038025439766848246,,,,,,,,,
PC2_ang008,pc2,push_pos_y,202,20,0,,999,0,0.38002421997766445,0.3800247758626938,3.1109162192931147e-07,0.030726076250050874,7.774601040242912,0.030726076250050874,0.04858093336224556,,-0.004020139575004578,1.4789601698278742e-07,950,0.07612345380962408,0.10595158890523254,0.03441362544591618,,,,,,,,,
PC2_ang008,pc2,push_pos_y,202,21,0,,999,0,0.38634159005580737,0.38634203374385834,3.263912098930481e-07,0.034083320546396845,7.509722181429886,0.034083320546396845,0.0716552659869194,,0.0013677030801773071,-2.0399450618315537e-08,950,0.07259820871196068,0.10637727740095625,0.04086728248523854,,,,,,,,,
PC2_ang008,pc2,push_pos_y,202,22,0,,999,0,0.3860537130883671,0.38605383038520813,2.3459368211062835e-07,0.03124657036804232,6.354820820718418,0.03124657036804232,0.07567185536026955,,0.0022158026695251465,-3.4679066051136365e-07,950,0.12619091123500606,0.20319932660859236,0.03829073688067491,,,,,,,,,
PC2_ang008,pc2,push_pos_y,202,23,0,,999,0,0.3829773568055209,0.3829779177904129,6.425826944769385e-07,0.028870941999415083,6.92392363150131,0.028870941999415083,0.05741034634411335,,0.0019084960222244263,1.1219697840073532e-07,950,0.09316417807796296,0.10780738323465215,0.034802554578149715,,,,,,,,,
PC2_ang008,pc2,push_pos_y,202,24,0,,999,0,0.3892892388736501,0.38928985595703125,3.31491072547627e-07,0.023917636593255697,6.805123250667892,0.023917636593255697,0.039860477671027184,,0.0003154277801513672,5.609848920036766e-08,950,0.07738211417702737,0.11778683375830977,0.03150500829852979,,,,,,,,,
PC2_ang008,pc2,push_pos_y,202,25,0,,999,0,0.38006315519784223,0.38006357848644257,3.365909352022059e-07,0.02814549414666572,8.003575719871755,0.02814549414666572,0.07524815201759338,,0.00015370547771453857,1.6319560494652408e-07,950,0.07483896500140565,0.11092182145659661,0.03340259931213708,,,,,,,,,
PC2_ang008,pc2,push_pos_y,202,26,0,,999,0,0.39046687812091196,0.3904672861099243,1.6829546760110293e-07,0.02757874601335203,5.222901134999521,0.02757874601335203,0.07330432534217834,,-0.001657932996749878,-3.722899737842581e-07,950,0.08876654953135944,0.11964672977076748,0.0357707700953612,,,,,,,,,
PC2_ang008,pc2,push_pos_y,202,27,0,,999,0,0.38193156167785114,0.3819318115711212,3.824896990934158e-07,0.029264422186569116,7.505477768859965,0.029264422186569116,0.05651976726949215,,-0.0006690323352813721,-4.13088875020889e-07,950,0.08271836800849763,0.10539781498512563,0.0356840778165083,,,,,,,,,
PC2_ang008,pc2,push_pos_y,202,28,0,,999,0,0.3856687214285295,0.3856692314147949,5.507851666945187e-07,0.03172269276014078,6.7544239262977435,0.03172269276014078,0.09225571155548096,,-0.003333151340484619,-2.0399450618315515e-07,950,0.06774178330763693,0.10937886955636644,0.03568793684975005,,,,,,,,,
PC2_ang008,pc2,push_pos_y,202,29,0,,999,0,0.38709424005791465,0.3870951682329178,8.465772006600936e-07,0.030403833564091237,5.762163680469618,0.030403833564091237,0.09170222282409668,,-0.000792279839515686,-3.5699038582052133e-07,950,0.07822992333599414,0.1160147770316541,0.03776518554681793,,,,,,,,,
PC2_ang008,pc2,push_pos_y,202,30,0,,999,0,0.38343096400964705,0.3834311068058014,2.1419423149231284e-07,0.02868988462586433,7.586722895101287,0.02868988462586433,0.06673567369580269,,0.0006901025772094727,-3.0599175927473257e-07,950,0.06836369979420741,0.10082311225910434,0.03362539451584834,,,,,,,,,
PC2_ang008,pc2,push_pos_y,202,31,0,,999,0,0.3811758571767552,0.3811759948730469,3.365909352022059e-07,0.02985382640804367,6.947335468988554,0.02985382640804367,0.04710165783762932,,-0.001497805118560791,1.2239670370989306e-07,950,0.07883205849397822,0.09362594426978994,0.03411779548816526,,,,,,,,,
PC2_ang008,pc2,push_pos_y,303,0,0,,999,0,0.39108276861236696,0.39108315110206604,4.895868148395722e-07,0.038328646677200526,5.764018016604597,0.038328646677200526,0.06808992475271225,,-0.0035216808319091797,-4.079890123663097e-08,950,0.07632023267849242,0.1094203995947969,0.04303802120898539,,,,,,,,,
PC2_ang008,pc2,push_pos_y,303,1,0,,999,0,0.38521110963693916,0.385211318731308,1.4279615432820854e-07,0.030097232372903137,6.560764921221233,0.030097232372903137,0.08025937527418137,,0.0006147027015686035,-3.2639120989304816e-07,950,0.0777488952593721,0.10125108187952654,0.03745080930846625,,,,,,,,,
PC2_ang008,pc2,push_pos_y,303,2,0,,999,0,0.38575890461072565,0.38575898110866547,1.784951929102607e-07,0.029737452620931627,6.816215629224496,0.029737452620931627,0.08066518232226372,,0.0010053068399429321,4.6408750156667776e-07,950,0.06903353576951789,0.10716708811460988,0.03649254521312896,,,,,,,,,
PC2_ang008,pc2,push_pos_y,303,3,0,,999,0,0.38800450187315916,0.38800525665283203,5.40585441385361e-07,0.03683822542157456,6.195947965910862,0.03683822542157456,0.09119617193937302,,-0.0013198256492614746,1.6319560494652408e-07,950,0.07176662229975043,0.1012866262376549,0.04724041455565271,,,,,,,,,
PC2_ang008,pc2,push_pos_y,303,4,0,,999,0,0.3880612525869818,0.38806192576885223,5.252858534216243e-07,0.03242708372558743,6.192460036792106,0.03242708372558743,0.09134037047624588,,-0.001787826418876648,-4.232886003300468e-07,950,0.07136460025344489,0.1056738122700286,0.0368777352767173,,,,,,,,,
PC2_ang008,pc2,push_pos_y,303,5,0,,999,0,0.3894433107446222,0.3894435912370682,6.425826944769385e-07,0.028531688696139323,6.4392301672341645,0.028531688696139323,0.07836894318461418,,-0.003027305006980896,1.325964290190508e-07,950,0.07353891410314839,0.10975625617928786,0.033861972054140786,,,,,,,,,
PC2_ang008,pc2,push_pos_y,303,6,0,,999,0,0.3894945704203876,0.3894946724176407,4.589876389120989e-07,0.03531959707324585,6.87574820921778,0.03531959707324585,0.0708782747387886,,-0.0021821409463882446,-1.5299587963736634e-07,950,0.07086803457437044,0.10827279538454831,0.041812811369671736,,,,,,,,,
PC2_ang008,pc2,push_pos_y,303,7,0,,999,0,0.38993085331139077,0.3899318426847458,5.150861281124665e-07,0.034714956255567364,6.605238366436222,0.034714956255567364,0.06234633922576904,,-0.0017528384923934937,3.9268942440257346e-07,950,0.09730533804642702,0.13144428925900942,0.037791512104270376,,,,,,,,,
PC2_ang008,pc2,push_pos_y,303,8,0,,999,0,0.38454281447086747,0.38454313576221466,4.3858818829378343e-07,0.02780954298167134,7.234742532151377,0.02780954298167134,0.07781580463051796,,-0.005408808588981628,-3.569903858205214e-07,950,0.07527824120669492,0.11021557785189953,0.03675995291845592,,,,,,,,,
PC2_ang008,pc2,push_pos_y,303,9,0,,999,0,0.3861163696025145,0.38611678779125214,3.773898364388369e-07,0.03203468547150448,5.951367964678143,0.03203468547150448,0.0949183851480484,,0.001033589243888855,-3.3659093520220585e-07,950,0.07567906479907036,0.11581025997514932,0.03666694252009314,,,,,,,,,
PC2_ang008,pc2,push_pos_y,303,10,0,,999,0,0.38811396588297453,0.3881145268678665,4.895868148395722e-07,0.029116851485234126,6.755880427751922,0.029116851485234126,0.09290618821978569,,-0.002649828791618347,2.0399450618315537e-08,950,0.07744405277181944,0.11694151862842775,0.03674918593657887,,,,,,,,,
PC2_ang008,pc2,push_pos_y,303,11,0,,999,0,0.3870057517035122,0.38700611889362335,3.6719011112967913e-07,0.02551645206725715,6.8063353319331075,0.02551645206725715,0.0728035531938076,,0.0007050782442092896,-2.0399450618315537e-08,950,0.0867964321187283,0.13189869162672535,0.02991155281403117,,,,,,,,,
PC2_ang008,pc2,push_pos_y,303,12,0,,999,0,0.3883726297215344,0.3883730173110962,9.179752778241978e-08,0.03360414216496563,6.814227232557213,0.03360414216496563,0.04181591607630253,,-0.0035899579524993896,1.937947808739973e-07,950,0.06851640329867123,0.10503901860581265,0.03797876941466044,,,,,,,,,
PC2_ang008,pc2,push_pos_y,303,13,0,,999,0,0.3900437434726858,0.3900443911552429,4.028891497117313e-07,0.03495287754400124,6.517702206061736,0.03495287754400124,0.06899694353342056,,0.003376692533493042,-2.1929409414689174e-07,950,0.0683220287956041,0.09332600640036537,0.043502450107905016,,,,,,,,,
PC2_ang008,pc2,push_pos_y,303,14,0,,999,0,0.3808988918435765,0.38089950382709503,3.1619148458389037e-07,0.03100545719264185,6.495513882856259,0.03100545719264185,0.08158986270427704,,0.00293181836605072,1.325964290190508e-07,950,0.10392956209578576,0.12717199463409468,0.034398264636417875,,,,,,,,,
PC2_ang008,pc2,push_pos_y,303,15,0,,999,0,0.39120117634694207,0.3912016302347183,4.0798901236631015e-07,0.03699259300365232,5.7055411461975885,0.03699259300365232,0.07154896855354309,,-0.00047941505908966064,-4.691873642212567e-07,950,0.07179339560988826,0.10258184283445262,0.04368450171538228,,,,,,,,,
PC2_ang008,pc2,push_pos_y,303,16,0,,999,0,0.38721350648186426,0.3872137665748596,3.1619148458389037e-07,0.03165856247319068,6.789356983045778,0.03165856247319068,0.04765978083014488,,-0.0008961856365203857,1.529958796373663e-07,950,0.08149928501948026,0.10605863774807596,0.03417980676980048,,,,,,,,,
PC2_ang008,pc2,push_pos_y,303,17,0,,999,0,0.38651799597842174,0.3865182101726532,2.855923086564171e-07,0.03456746383941582,6.461956911274713,0.03456746383941582,0.04115934669971466,,0.0005918741226196289,-5.099862654578877e-07,950,0.08076236651731426,0.10899092077569625,0.04365318406516708,,,,,,,,,
PC2_ang008,pc2,push_pos_y,303,18,1,8.9,471,0,0.3849785170931229,0.3849795013666153,3.1619148458389037e-07,0.03186545449439165,7.097082279033972,0.03186545449439165,0.039120569825172424,,-0.002695038914680481,-2.651928580381016e-07,395,0.17769278216429446,0.4098560949598391,0.03254275898890558,,,,,,,,,
PC2_ang008,pc2,push_pos_y,303,19,0,,999,0,0.3801592258527317,0.3801593482494354,2.651928580381016e-07,0.03203207745456854,7.213232963895633,0.03203207745456854,0.07025709375739098,,0.00231972336769104,2.5499313272894386e-07,950,0.08218722878689759,0.11747780289038863,0.0371304048757554,,,,,,,,,
PC2_ang008,pc2,push_pos_y,303,20,0,,999,0,0.3820488110264355,0.38204917311668396,4.334883256392046e-07,0.0347379099725245,7.407488818186965,0.0347379099725245,0.08095192909240723,,0.0018828511238098145,-5.0998626545788444e-09,950,0.06937197015976704,0.09147505665496351,0.04233691261412097,,,,,,,,,
PC2_ang008,pc2,push_pos_y,303,21,0,,999,0,0.3855538612859134,0.3855544477701187,4.9978654014873e-07,0.027466675446147826,6.818057618076834,0.027466675446147826,0.08747507631778717,,-0.0024328380823135376,-6.119835185494645e-08,950,0.07473537439507098,0.11842988932251376,0.03575699113669829,,,,,,,,,
PC2_ang008,pc2,push_pos_y,303,22,0,,999,0,0.3903117339241313,0.3903120756149292,4.028891497117313e-07,0.030505956714737267,5.869286335191064,0.030505956714737267,0.09277741611003876,,-0.0005266964435577393,-4.5388777625752007e-07,950,0.07638080458140561,0.11270353091888828,0.036952578538960265,,,,,,,,,
PC2_ang008,pc2,push_pos_y,303,23,0,,999,0,0.3862175602007677,0.3862171471118927,-2.90692171310996e-07,0.03526745429604722,6.4281624493773935,0.03526745429604722,0.07999532297253609,,-0.0009066760540008545,-1.2749656636447193e-07,950,0.07940227341005443,0.1205236037930092,0.04309825159913574,,,,,,,,,
PC2_ang008,pc2,push_pos_y,303,24,0,,999,0,0.38824422848734624,0.3882443457841873,2.49893270074365e-07,0.028130780648214726,6.340256546392185,0.028130780648214726,0.06806136295199394,,-0.003059074282646179,-1.7849519291026067e-07,950,0.08080093674803172,0.12224148103261098,0.03164653491532319,,,,,,,,,
PC2_ang008,pc2,push_pos_y,303,25,0,,999,0,0.3851635684782171,0.38516421616077423,4.232886003300468e-07,0.024826603031833556,7.028918202058631,0.024826603031833556,0.04930586740374565,,-0.001608237624168396,-1.7849519291026067e-07,950,0.07853641157956305,0.12467768814723981,0.029939903821363058,,,,,,,,,
PC2_ang008,pc2,push_pos_y,303,26,0,,999,0,0.3843296249920034,0.38433027267456055,4.5898763891209897e-07,0.027072149976164042,6.429528705436133,0.027072149976164042,0.0879964716732502,,-8.699297904968262e-05,1.3259642901905086e-07,950,0.10434543620111172,0.11520444375133106,0.03481925708008306,,,,,,,,,
PC2_ang008,pc2,push_pos_y,303,27,0,,999,0,0.3832525063485385,0.3832530826330185,5.915840679311498e-07,0.0327408899835339,7.244591115778123,0.0327408899835339,0.07494538277387619,,-0.002239927649497986,4.283884629846257e-07,950,0.06940161455135858,0.09571912925219414,0.04384124981084732,,,,,,,,,
PC2_ang008,pc2,push_pos_y,303,28,0,,999,0,0.388820942551057,0.3888212740421295,3.365909352022059e-07,0.028683491154788313,7.302722414029631,0.028683491154788313,0.05121750384569168,,-0.0012181997299194336,-3.059917592747326e-07,950,0.07571823965977352,0.11315124180921939,0.03243543605804025,,,,,,,,,
PC2_ang008,pc2,push_pos_y,303,29,0,,999,0,0.38700348083029457,0.3870038837194443,4.589876389120989e-07,0.03715542600856311,6.571875178191426,0.03715542600856311,0.07609004527330399,,-0.003101453185081482,4.079890123663102e-08,950,0.0703210102796263,0.11361125647411825,0.04723802542435592,,,,,,,,,
PC2_ang008,pc2,push_pos_y,303,30,0,,999,0,0.3824515019189865,0.38245198130607605,4.6918736422125665e-07,0.03340109727403559,7.849316900764206,0.03340109727403559,0.07791783288121223,,-0.0071035027503967285,-3.875895617479947e-07,950,0.08014959195770067,0.11054845648932513,0.03680153418387284,,,,,,,,,
PC2_ang008,pc2,push_pos_y,303,31,0,,999,0,0.3827031834080895,0.38270343840122223,3.977892870571524e-07,0.03625907371736365,6.811321994007918,0.03625907371736365,0.10174867138266563,,-0.0006105750799179077,-3.773898364388369e-07,950,0.08519727023317347,0.1060026496253143,0.0397776710192907,,,,,,,,,
PC2_ang008,pc2,push_neg_y,101,0,0,,999,0,0.3851591716794407,0.38515928387641907,2.0399450618315507e-07,0.026898516031623864,7.096716355018883,0.026898516031623864,0.0649339109659195,,-0.0016522705554962158,-4.997865401487299e-07,950,0.07464545653488881,0.10985477755386064,0.03246149652191646,,,,,,,,,
PC2_ang008,pc2,push_neg_y,101,1,0,,999,0,0.3908698016946966,0.39086997509002686,3.1619148458389037e-07,0.03370807129260133,7.025163020189779,0.03370807129260133,0.09629847854375839,,-0.0009599030017852783,-1.325964290190508e-07,950,0.07009557788387104,0.10675053348743888,0.04027099374045676,,,,,,,,,
PC2_ang008,pc2,push_neg_y,101,2,0,,999,0,0.38374566235006813,0.3837459683418274,3.4169079785678475e-07,0.0293378374130202,6.7175670383842325,0.0293378374130202,0.06854532286524773,,-0.0002537369728088379,2.0909436883773395e-07,950,0.08652005076512333,0.11109654241635211,0.03454741236272243,,,,,,,,,
PC2_ang008,pc2,push_neg_y,101,3,0,,999,0,0.391055605468903,0.39105573296546936,3.4169079785678475e-07,0.03448361689641226,6.020731913083266,0.03448361689641226,0.07173633947968483,,-0.0012540817260742188,-2.702927206926805e-07,950,0.0963386773290155,0.1502206474475451,0.03964973634604879,,,,,,,,,
PC2_ang008,pc2,push_neg_y,101,4,0,,999,0,0.38519514204665306,0.38519491255283356,1.2749656636447193e-07,0.036483495788139225,6.732616090206755,0.036483495788139225,0.055768933147192,,-0.0008607357740402222,-3.7228997378425803e-07,950,0.08911195330603118,0.1022607989694795,0.0400431658063898,,,,,,,,,
PC2_ang008,pc2,push_neg_y,101,5,0,,999,0,0.3890876024164618,0.3890877962112427,2.855923086564171e-07,0.03197440218218993,6.235974101260124,0.03197440218218993,0.1209728829562664,,-0.000855177640914917,8.159780247326201e-08,950,0.07772426367953525,0.1183791484877686,0.0378485028027047,,,,,,,,,
PC2_ang008,pc2,push_neg_y,101,6,0,,999,0,0.3901097050165747,0.39011038839817047,2.804924460018382e-07,0.03775748000298753,5.664753522857332,0.03775748000298753,0.0666244812309742,,0.0016370564699172974,-1.6829546760110298e-07,950,0.0758773205240229,0.11382833996459225,0.0422188076806135,,,,,,,,,
PC2_ang008,pc2,push_neg_y,101,7,0,,999,0,0.3882941601270023,0.3882947415113449,4.793870895304144e-07,0.03150837571145458,6.623481062327903,0.03150837571145458,0.06633966416120529,,-0.004901066422462463,-1.427961543282086e-07,950,0.07551177029634708,0.10932696501789063,0.04323533288402082,,,,,,,,,
PC2_ang008,pc2,push_neg_y,101,8,0,,999,0,0.38754421855039134,0.3875444531440735,3.7228997378425803e-07,0.03087247687156597,6.466139425065439,0.03087247687156597,0.07502922788262367,,0.003804415464401245,1.529958796373664e-08,950,0.08208342834423638,0.11420959921535555,0.03465077514370735,,,,,,,,,
PC2_ang008,pc2,push_neg_y,101,9,0,,999,0,0.38901971216826514,0.38902030885219574,4.640875015666778e-07,0.039732868534777546,6.0940617253353615,0.039732868534777546,0.07104503735899925,,-0.0016129463911056519,1.988946435285762e-07,950,0.06403856813061073,0.10956379417920926,0.046785567166504734,,,,,,,,,
PC2_ang008,pc2,push_neg_y,101,10,0,,999,0,0.3830746771658168,0.383075013756752,3.773898364388369e-07,0.029422389190175424,7.5287590652862555,0.029422389190175424,0.05537718906998634,,0.0022054463624954224,-4.079890123663101e-07,950,0.08771171572691996,0.15730080743381206,0.03863558682997999,,,,,,,,,
PC2_ang008,pc2,push_neg_y,101,11,0,,999,0,0.38575611179843944,0.3857562392950058,1.8869491821941846e-07,0.04087347514290428,7.497422196609744,0.04087347514290428,0.05240445397794247,,0.0004092901945114136,1.0709711574615643e-07,950,0.06650235014778398,0.1006649734955779,0.046590156247896454,,,,,,,,,
PC2_ang008,pc2,push_neg_y,101,12,0,,999,0,0.3861497886837485,0.38614998757839203,3.365909352022059e-07,0.03349142827693708,6.585596670833951,0.03349142827693708,0.07676272094249725,,0.0016569942235946655,-3.467906605113636e-07,950,0.0884164169762315,0.1341926586810154,0.03858708871594299,,,,,,,,,
PC2_ang008,pc2,push_neg_y,101,13,0,,999,0,0.3859924712283088,0.38599270582199097,2.49893270074365e-07,0.03071111207986333,6.349372726661562,0.03071111207986333,0.09525204449892044,,-0.0025923848152160645,-2.702927206926804e-07,950,0.07507697422199491,0.11805309338560933,0.037023133631123764,,,,,,,,,
PC2_ang008,pc2,push_neg_y,101,14,0,,999,0,0.38484789024699817,0.3848482370376587,1.2239670370989306e-07,0.029477631525868464,6.589685341990054,0.029477631525868464,0.10230207443237305,,-0.0020912587642669678,-3.8758956174799467e-07,950,0.07240105173126436,0.11172927899891101,0.0353244915964651,,,,,,,,,
PC2_ang008,pc2,push_neg_y,101,15,0,,999,0,0.38872044282482265,0.3887208253145218,2.651928580381016e-07,0.027534373172334398,7.112673406380145,0.027534373172334398,0.08888596668839455,,0.0008899718523025513,3.977892870571524e-07,950,0.08319137036995733,0.11917755862244456,0.03431518257174111,,,,,,,,,
PC2_ang008,pc2,push_neg_y,101,16,0,,999,0,0.3890161774853334,0.38901670277118683,5.609848920036764e-07,0.03162539474114551,5.9231596797182995,0.03162539474114551,0.05282358080148697,,-0.002107873558998108,7.139807716410414e-08,950,0.07245878715776022,0.10989407886130331,0.03728526094531718,,,,,,,,,
PC2_ang008,pc2,push_neg_y,101,17,0,,999,0,0.38871572497375506,0.38871626555919647,3.365909352022059e-07,0.036638053688356986,5.886462632315402,0.036638053688356986,0.09979591518640518,,-0.007869824767112732,3.059917592747328e-08,950,0.0730594258194002,0.11078455144635743,0.039451668289978786,,,,,,,,,
PC2_ang008,pc2,push_neg_y,101,18,0,,999,0,0.3823112640629478,0.38231147825717926,3.773898364388369e-07,0.0321637396031985,6.940386237142359,0.0321637396031985,0.08063885569572449,,-0.0011146515607833862,3.5699038582052144e-07,950,0.09589515204340904,0.12027703238481267,0.03502765333244474,,,,,,,,,
PC2_ang008,pc2,push_neg_y,101,19,0,,999,0,0.3883623637776962,0.3883632868528366,4.640875015666778e-07,0.03771865195929158,5.434945214866447,0.03771865195929158,0.08600220084190369,,0.0019396394491195679,8.669766512784089e-08,950,0.08220926833051644,0.13849194120689354,0.04185344691618908,,,,,,,,,
PC2_ang008,pc2,push_neg_y,101,20,0,,999,0,0.38794849940481035,0.38794921338558197,4.3858818829378343e-07,0.027887857859841193,6.997748588928916,0.027887857859841193,0.06991704180836678,,-0.0020229071378707886,-2.5499313272894386e-07,950,0.09960837843382835,0.14430172153293722,0.0351588118345689,,,,,,,,,
PC2_ang008,pc2,push_neg_y,101,21,0,,999,0,0.38662455952103764,0.38662514090538025,5.456853040399399e-07,0.02704693925698673,6.679704606787306,0.02704693925698673,0.06676022708415985,,-0.0038692057132720947,-4.5898763891209865e-08,950,0.07447290706105106,0.11409468629914223,0.030925988800129322,,,,,,,,,
PC2_ang008,pc2,push_neg_y,101,22,0,,999,0,0.38271979031397063,0.3827201575040817,1.8869491821941846e-07,0.033156151739236056,7.226942231404136,0.033156151739236056,0.0652456134557724,,0.00021408498287200928,8.669766512784092e-08,950,0.08100686709373363,0.12659124314183284,0.037580191795968866,,,,,,,,,
PC2_ang008,pc2,push_neg_y,101,23,0,,999,0,0.3869832590780156,0.38698388636112213,3.773898364388369e-07,0.03133089688245436,6.01335395068844,0.03133089688245436,0.06446967273950577,,-0.003011927008628845,-4.5898763891209886e-07,950,0.09308095370735718,0.12655979352546384,0.038695775053926344,,,,,,,,,
PC2_ang008,pc2,push_neg_y,101,24,0,,999,0,0.3834092644924786,0.38341011106967926,4.4878791360294117e-07,0.028793610303505683,7.834471926714784,0.028793610303505683,0.060359686613082886,,0.0004085749387741089,-5.201859907670455e-07,950,0.07748008555231882,0.09644184335563326,0.03331315757403747,,,,,,,,,
PC2_ang008,pc2,push_neg_y,101,25,0,,999,0,0.3833311355528347,0.3833314925432205,5.40585441385361e-07,0.029576787664840887,7.588764399223463,0.029576787664840887,0.06779692322015762,,-0.0013516396284103394,-3.875895617479946e-07,950,0.0788910756976562,0.11073667206783593,0.03254179867198933,,,,,,,,,
PC2_ang008,pc2,push_neg_y,101,26,0,,999,0,0.38226220904187086,0.3822624385356903,2.90692171310996e-07,0.031184216757430105,7.420819936487575,0.031184216757430105,0.10696883127093315,,-0.006211906671524048,-1.4789601698278744e-07,950,0.08851904047123206,0.10873446404462116,0.03529842141974412,,,,,,,,,
PC2_ang008,pc2,push_neg_y,101,27,0,,999,0,0.3844513356048156,0.384451299905777,1.988946435285762e-07,0.040259935332923776,7.269627981903182,0.040259935332923776,0.03740477375686169,,-0.003619164228439331,-1.0709711574615642e-07,950,0.10436470811924448,0.11131187395768834,0.04583104732994692,,,,,,,,,
PC2_ang008,pc2,push_neg_y,101,28,0,,999,0,0.38526217025869036,0.38526278734207153,3.1109162192931147e-07,0.03629995782397859,7.268966020899432,0.03629995782397859,0.08105244860053062,,-0.0014293491840362549,6.629821450952535e-08,950,0.07254105359585121,0.10339363951742128,0.04090558451271125,,,,,,,,,
PC2_ang008,pc2,push_neg_y,101,29,0,,999,0,0.3813914565797796,0.38139161467552185,4.640875015666778e-07,0.03122646755139373,7.52329865925659,0.03122646755139373,0.0713268332183361,,-0.0032853782176971436,7.649793981868314e-08,950,0.06625490282381788,0.09709572075522531,0.03654061943915873,,,,,,,,,
PC2_ang008,pc2,push_neg_y,101,30,0,,999,0,0.3903098969376661,0.39031077921390533,5.558850293490976e-07,0.0400754017747493,6.6225716709763125,0.0400754017747493,0.08570120856165886,,-0.0021325796842575073,-3.7228997378425803e-07,950,0.07452808730183813,0.11152110778756276,0.04310309860056017,,,,,,,,,
PC2_ang008,pc2,push_neg_y,101,31,0,,999,0,0.38389373455136855,0.383893683552742,1.988946435285762e-07,0.0329689272857302,7.0945477112482935,0.0329689272857302,0.0747217983007431,,-0.001874282956123352,2.2949381945604948e-07,950,0.06980216353846336,0.09463966137657841,0.03990350075127486,,,,,,,,,
PC2_ang008,pc2,push_neg_y,202,0,0,,999,0,0.3822797010129786,0.38228000700473785,3.569903858205214e-07,0.024075736141458838,6.6911249810523685,0.024075736141458838,0.08362677320837975,,0.00023834407329559326,4.079890123663102e-08,950,0.06973868355410655,0.09087771960404326,0.031447549203410745,,,,,,,,,
PC2_ang008,pc2,push_neg_y,202,1,0,,999,0,0.38557313613713107,0.38557323813438416,1.6829546760110293e-07,0.02896872835131837,6.48700151559215,0.02896872835131837,0.09976401180028915,,0.00014647841453552246,2.396935447652072e-07,950,0.09278401172264403,0.13910837256129596,0.03333034527961652,,,,,,,,,
PC2_ang008,pc2,push_neg_y,202,2,1,5.58,303,0,0.3901377620703397,0.3901381343603134,2.0399450618315507e-07,0.03132007519937559,6.04771091361101,0.03132007519937559,0.0912771187722683,,-0.003684684634208679,-6.119835185494653e-08,229,0.2505154180231363,0.3937469791122795,0.04195153541070774,,,,,,,,,
PC2_ang008,pc2,push_neg_y,202,3,0,,999,0,0.39045349329231893,0.390454038977623,2.855923086564171e-07,0.0355992027389959,6.112341238673644,0.0355992027389959,0.09380755573511124,,-0.003116801381111145,0.0,950,0.06952238399684618,0.10757515534816771,0.04344204424564577,,,,,,,,,
PC2_ang008,pc2,push_neg_y,202,4,0,,999,0,0.38760048987712453,0.3876011222600937,2.651928580381016e-07,0.03383232123111274,7.377115283547704,0.03383232123111274,0.10237757861614227,,-0.002096906304359436,-4.895868148395722e-07,950,0.07509213150039354,0.1069331632424753,0.037365437009749404,,,,,,,,,
PC2_ang008,pc2,push_neg_y,202,5,0,,999,0,0.38525902587462235,0.3852592706680298,1.988946435285762e-07,0.027025162154992663,7.135587134212386,0.027025162154992663,0.06739465519785881,,-0.0020714104175567627,2.2949381945604948e-07,950,0.07248539924407943,0.10788516204215108,0.03681601424866531,,,,,,,,,
PC2_ang008,pc2,push_neg_y,202,6,0,,999,0,0.3837983462421652,0.3837985247373581,2.3459368211062835e-07,0.03415902299624263,6.999709919747291,0.03415902299624263,0.09834810718894005,,-0.00030066072940826416,2.1419423149231284e-07,950,0.07759936443138599,0.12199280733677927,0.03745275281492924,,,,,,,,,
PC2_ang008,pc2,push_neg_y,202,7,0,,999,0,0.3888286363313542,0.3888287842273712,2.0399450618315507e-07,0.030900695161189498,6.6641057158020125,0.030900695161189498,0.07073406875133514,,0.0004252195358276367,1.4279615432820854e-07,950,0.10243322872289368,0.15383263471597222,0.033931546882293856,,,,,,,,,
PC2_ang008,pc2,push_neg_y,202,8,0,,999,0,0.38284340500831604,0.38284340500831604,1.8359505556483956e-07,0.029517660942127287,6.979946781436112,0.029517660942127287,0.05919223465025425,,-0.001248091459274292,-5.507851666945187e-07,950,0.06989571702987521,0.09937635157544887,0.03809140320238892,,,,,,,,,
PC2_ang008,pc2,push_neg_y,202,9,0,,999,0,0.38988895395541573,0.38988907635211945,2.49893270074365e-07,0.0371398645940737,6.3818061770389,0.0371398645940737,0.06544608995318413,,-0.0007584244012832642,-5.762844799674131e-07,950,0.12411424151734893,0.1361467002135001,0.040602529026097234,,,,,,,,,
PC2_ang008,pc2,push_neg_y,202,10,0,,999,0,0.3870253200358885,0.38702575862407684,6.017837932403076e-07,0.030855239084429123,6.518044967093131,0.030855239084429123,0.08349594101309776,,-0.002217724919319153,4.9978654014873e-07,950,0.09325421210995513,0.10577420835396598,0.03513639704302652,,,,,,,,,
PC2_ang008,pc2,push_neg_y,202,11,0,,999,0,0.3871253895408967,0.3871258944272995,6.731818704044118e-07,0.02803285637776071,6.67422613291304,0.02803285637776071,0.060615815222263336,,-0.0011841803789138794,-4.6918736422125655e-07,950,0.09660386574201787,0.14350257253093962,0.03409307799928923,,,,,,,,,
PC2_ang008,pc2,push_neg_y,202,12,0,,999,0,0.3850566155132763,0.3850569725036621,1.8359505556483956e-07,0.031910764565207236,7.160466299638706,0.031910764565207236,0.05175280198454857,,0.00382387638092041,2.2439395680147059e-07,950,0.08106254736922784,0.10071992328335932,0.035227642413399235,,,,,,,,,
PC2_ang008,pc2,push_neg_y,202,13,0,,999,0,0.3876920396631414,0.3876922130584717,4.4878791360294117e-07,0.03289146976874414,6.896840966512661,0.03289146976874414,0.07639188691973686,,0.0031408369541168213,1.0199725309157742e-08,950,0.07548240921063179,0.10982072460228666,0.03701709914589196,,,,,,,,,
PC2_ang008,pc2,push_neg_y,202,14,0,,999,0,0.38446279786487314,0.3844633996486664,1.988946435285762e-07,0.028808458029246947,6.928151075477474,0.028808458029246947,0.06445468962192535,,-0.003224402666091919,5.609848920036766e-08,950,0.07115788851615895,0.09745261712271645,0.03444329799186205,,,,,,,,,
PC2_ang008,pc2,push_neg_y,202,15,0,,999,0,0.38264460726217786,0.38264504075050354,4.793870895304144e-07,0.02334083732033152,7.275884235696118,0.02334083732033152,0.033455630764365196,,-0.001181960105895996,5.201859907670454e-07,950,0.06923166270258917,0.09588403833967306,0.027337877930994743,,,,,,,,,
PC2_ang008,pc2,push_neg_y,202,16,0,,999,0,0.39058427536551327,0.39058464765548706,5.864842052765709e-07,0.030846869340974595,5.945241922106887,0.030846869340974595,0.07382100075483322,,0.001323401927947998,-1.5299587963736586e-08,950,0.1088730795912324,0.17141920157736437,0.040137830746454044,,,,,,,,,
PC2_ang008,pc2,push_neg_y,202,17,0,,999,0,0.3846557217645135,0.38465599715709686,2.651928580381016e-07,0.030361692333613768,7.058190048420068,0.030361692333613768,0.0621898602694273,,-0.004270181059837341,2.0399450618315507e-07,950,0.06743159728824069,0.10114293408434799,0.034372256807038454,,,,,,,,,
PC2_ang008,pc2,push_neg_y,202,18,0,,999,0,0.3864186039582931,0.38641905784606934,3.1109162192931147e-07,0.03547123876657742,6.455604271983558,0.03547123876657742,0.08152756094932556,,-0.0011955797672271729,-2.90692171310996e-07,950,0.07521951139533375,0.10893921951125442,0.03992600923106952,,,,,,,,,
PC2_ang008,pc2,push_neg_y,202,19,0,,999,0,0.38891822203276627,0.38891856372356415,5.201859907670454e-07,0.031351472793647236,5.796771631045004,0.031351472793647236,0.08694525808095932,,-0.0018766671419143677,-3.773898364388369e-07,950,0.10260284741349936,0.15398936801359325,0.038025439766848246,,,,,,,,,
PC2_ang008,pc2,push_neg_y,202,20,0,,999,0,0.38002421997766445,0.3800247758626938,3.1109162192931147e-07,0.030726076250050874,7.774601040242912,0.030726076250050874,0.04858093336224556,,-0.004020139575004578,1.4789601698278742e-07,950,0.08484083428641893,0.10283931064910028,0.03441362544591618,,,,,,,,,
PC2_ang008,pc2,push_neg_y,202,21,0,,999,0,0.38634159005580737,0.38634203374385834,3.263912098930481e-07,0.034083320546396845,7.509722181429886,0.034083320546396845,0.0716552659869194,,0.0013677030801773071,-2.0399450618315537e-08,950,0.07922366760407897,0.1065497910712273,0.04086728248523854,,,,,,,,,
PC2_ang008,pc2,push_neg_y,202,22,0,,999,0,0.3860537130883671,0.38605383038520813,2.3459368211062835e-07,0.03124657036804232,6.354820820718418,0.03124657036804232,0.07567185536026955,,0.0022158026695251465,-3.4679066051136365e-07,950,0.08536958823198439,0.11258358883381184,0.03829073688067491,,,,,,,,,
PC2_ang008,pc2,push_neg_y,202,23,0,,999,0,0.3829773568055209,0.3829779177904129,6.425826944769385e-07,0.028870941999415083,6.92392363150131,0.028870941999415083,0.05741034634411335,,0.0019084960222244263,1.1219697840073532e-07,950,0.10432172627852632,0.10407682390871993,0.034802554578149715,,,,,,,,,
PC2_ang008,pc2,push_neg_y,202,24,0,,999,0,0.3892892388736501,0.38928985595703125,3.31491072547627e-07,0.023917636593255697,6.805123250667892,0.023917636593255697,0.039860477671027184,,0.0003154277801513672,5.609848920036766e-08,950,0.07466315430385555,0.1158705435754445,0.03150500829852979,,,,,,,,,
PC2_ang008,pc2,push_neg_y,202,25,0,,999,0,0.38006315519784223,0.38006357848644257,3.365909352022059e-07,0.02814549414666572,8.003575719871755,0.02814549414666572,0.07524815201759338,,0.00015370547771453857,1.6319560494652408e-07,950,0.08634921531068558,0.10846095109462839,0.03340259931213708,,,,,,,,,
PC2_ang008,pc2,push_neg_y,202,26,0,,999,0,0.39046687812091196,0.3904672861099243,1.6829546760110293e-07,0.02757874601335203,5.222901134999521,0.02757874601335203,0.07330432534217834,,-0.001657932996749878,-3.722899737842581e-07,950,0.07593450364073356,0.1107864468271647,0.0357707700953612,,,,,,,,,
PC2_ang008,pc2,push_neg_y,202,27,0,,999,0,0.38193156167785114,0.3819318115711212,3.824896990934158e-07,0.029264422186569116,7.505477768859965,0.029264422186569116,0.05651976726949215,,-0.0006690323352813721,-4.13088875020889e-07,950,0.0823388632416252,0.10005332909799987,0.0356840778165083,,,,,,,,,
PC2_ang008,pc2,push_neg_y,202,28,0,,999,0,0.3856687214285295,0.3856692314147949,5.507851666945187e-07,0.03172269276014078,6.7544239262977435,0.03172269276014078,0.09225571155548096,,-0.003333151340484619,-2.0399450618315515e-07,950,0.07576611556888517,0.11293294939932037,0.03568793684975005,,,,,,,,,
PC2_ang008,pc2,push_neg_y,202,29,0,,999,0,0.38709424005791465,0.3870951682329178,8.465772006600936e-07,0.030403833564091237,5.762163680469618,0.030403833564091237,0.09170222282409668,,-0.000792279839515686,-3.5699038582052133e-07,950,0.09624709757499358,0.1256664285476873,0.03776518554681793,,,,,,,,,
PC2_ang008,pc2,push_neg_y,202,30,0,,999,0,0.38343096400964705,0.3834311068058014,2.1419423149231284e-07,0.02868988462586433,7.586722895101287,0.02868988462586433,0.06673567369580269,,0.0006901025772094727,-3.0599175927473257e-07,950,0.0845944143293565,0.10605459007897942,0.03362539451584834,,,,,,,,,
PC2_ang008,pc2,push_neg_y,202,31,0,,999,0,0.3811758571767552,0.3811759948730469,3.365909352022059e-07,0.02985382640804367,6.947335468988554,0.02985382640804367,0.04710165783762932,,-0.001497805118560791,1.2239670370989306e-07,950,0.08406883692545848,0.10260092493341323,0.03411779548816526,,,,,,,,,
PC2_ang008,pc2,push_neg_y,303,0,0,,999,0,0.39108276861236696,0.39108315110206604,4.895868148395722e-07,0.038328646677200526,5.764018016604597,0.038328646677200526,0.06808992475271225,,-0.0035216808319091797,-4.079890123663097e-08,950,0.06765021137050709,0.10757694978282713,0.04303802120898539,,,,,,,,,
PC2_ang008,pc2,push_neg_y,303,1,0,,999,0,0.38521110963693916,0.385211318731308,1.4279615432820854e-07,0.030097232372903137,6.560764921221233,0.030097232372903137,0.08025937527418137,,0.0006147027015686035,-3.2639120989304816e-07,950,0.07456526983267985,0.10921868150758451,0.03745080930846625,,,,,,,,,
PC2_ang008,pc2,push_neg_y,303,2,0,,999,0,0.38575890461072565,0.38575898110866547,1.784951929102607e-07,0.029737452620931627,6.816215629224496,0.029737452620931627,0.08066518232226372,,0.0010053068399429321,4.6408750156667776e-07,950,0.07569363588974122,0.1085373593060317,0.03649254521312896,,,,,,,,,
PC2_ang008,pc2,push_neg_y,303,3,0,,999,0,0.38800450187315916,0.38800525665283203,5.40585441385361e-07,0.03683822542157456,6.195947965910862,0.03683822542157456,0.09119617193937302,,-0.0013198256492614746,1.6319560494652408e-07,950,0.0780379219985823,0.11829702725693021,0.04724041455565271,,,,,,,,,
PC2_ang008,pc2,push_neg_y,303,4,0,,999,0,0.3880612525869818,0.38806192576885223,5.252858534216243e-07,0.03242708372558743,6.192460036792106,0.03242708372558743,0.09134037047624588,,-0.001787826418876648,-4.232886003300468e-07,950,0.08535740691852649,0.12276727564343985,0.0368777352767173,,,,,,,,,
PC2_ang008,pc2,push_neg_y,303,5,0,,999,0,0.3894433107446222,0.3894435912370682,6.425826944769385e-07,0.028531688696139323,6.4392301672341645,0.028531688696139323,0.07836894318461418,,-0.003027305006980896,1.325964290190508e-07,950,0.07384203464615197,0.1120985893915203,0.033861972054140786,,,,,,,,,
PC2_ang008,pc2,push_neg_y,303,6,0,,999,0,0.3894945704203876,0.3894946724176407,4.589876389120989e-07,0.03531959707324585,6.87574820921778,0.03531959707324585,0.0708782747387886,,-0.0021821409463882446,-1.5299587963736634e-07,950,0.07580629803949569,0.11439443946870016,0.041812811369671736,,,,,,,,,
PC2_ang008,pc2,push_neg_y,303,7,0,,999,0,0.38993085331139077,0.3899318426847458,5.150861281124665e-07,0.034714956255567364,6.605238366436222,0.034714956255567364,0.06234633922576904,,-0.0017528384923934937,3.9268942440257346e-07,950,0.0805770553525271,0.12005358739244164,0.037791512104270376,,,,,,,,,
PC2_ang008,pc2,push_neg_y,303,8,0,,999,0,0.38454281447086747,0.38454313576221466,4.3858818829378343e-07,0.02780954298167134,7.234742532151377,0.02780954298167134,0.07781580463051796,,-0.005408808588981628,-3.569903858205214e-07,950,0.07343851960668671,0.11141291552990978,0.03675995291845592,,,,,,,,,
PC2_ang008,pc2,push_neg_y,303,9,0,,999,0,0.3861163696025145,0.38611678779125214,3.773898364388369e-07,0.03203468547150448,5.951367964678143,0.03203468547150448,0.0949183851480484,,0.001033589243888855,-3.3659093520220585e-07,950,0.10614933319874295,0.17077237063508305,0.03666694252009314,,,,,,,,,
PC2_ang008,pc2,push_neg_y,303,10,0,,999,0,0.38811396588297453,0.3881145268678665,4.895868148395722e-07,0.029116851485234126,6.755880427751922,0.029116851485234126,0.09290618821978569,,-0.002649828791618347,2.0399450618315537e-08,950,0.08411089044986791,0.12805779211741203,0.03674918593657887,,,,,,,,,
PC2_ang008,pc2,push_neg_y,303,11,0,,999,0,0.3870057517035122,0.38700611889362335,3.6719011112967913e-07,0.02551645206725715,6.8063353319331075,0.02551645206725715,0.0728035531938076,,0.0007050782442092896,-2.0399450618315537e-08,950,0.07563759750082084,0.10912880121892587,0.02991155281403117,,,,,,,,,
PC2_ang008,pc2,push_neg_y,303,12,0,,999,0,0.3883726297215344,0.3883730173110962,9.179752778241978e-08,0.03360414216496563,6.814227232557213,0.03360414216496563,0.04181591607630253,,-0.0035899579524993896,1.937947808739973e-07,950,0.1052021227096939,0.11955434239706647,0.03797876941466044,,,,,,,,,
PC2_ang008,pc2,push_neg_y,303,13,0,,999,0,0.3900437434726858,0.3900443911552429,4.028891497117313e-07,0.03495287754400124,6.517702206061736,0.03495287754400124,0.06899694353342056,,0.003376692533493042,-2.1929409414689174e-07,950,0.07378728537209954,0.10316963964317563,0.043502450107905016,,,,,,,,,
PC2_ang008,pc2,push_neg_y,303,14,0,,999,0,0.3808988918435765,0.38089950382709503,3.1619148458389037e-07,0.03100545719264185,6.495513882856259,0.03100545719264185,0.08158986270427704,,0.00293181836605072,1.325964290190508e-07,950,0.09382465746225213,0.10473201455701259,0.034398264636417875,,,,,,,,,
PC2_ang008,pc2,push_neg_y,303,15,0,,999,0,0.39120117634694207,0.3912016302347183,4.0798901236631015e-07,0.03699259300365232,5.7055411461975885,0.03699259300365232,0.07154896855354309,,-0.00047941505908966064,-4.691873642212567e-07,950,0.0689175481982235,0.10191414962309035,0.04368450171538228,,,,,,,,,
PC2_ang008,pc2,push_neg_y,303,16,0,,999,0,0.38721350648186426,0.3872137665748596,3.1619148458389037e-07,0.03165856247319068,6.789356983045778,0.03165856247319068,0.04765978083014488,,-0.0008961856365203857,1.529958796373663e-07,950,0.06840456077759564,0.09807765733743042,0.03417980676980048,,,,,,,,,
PC2_ang008,pc2,push_neg_y,303,17,0,,999,0,0.38651799597842174,0.3865182101726532,2.855923086564171e-07,0.03456746383941582,6.461956911274713,0.03456746383941582,0.04115934669971466,,0.0005918741226196289,-5.099862654578877e-07,950,0.08693817862710994,0.14301972819528838,0.04365318406516708,,,,,,,,,
PC2_ang008,pc2,push_neg_y,303,18,0,,999,0,0.3849785170931229,0.3849795013666153,3.1619148458389037e-07,0.03186545449439165,7.097082279033972,0.03186545449439165,0.039120569825172424,,-0.002695038914680481,-2.651928580381016e-07,950,0.07905020050793876,0.10371791601082021,0.03254275898890558,,,,,,,,,
PC2_ang008,pc2,push_neg_y,303,19,0,,999,0,0.3801592258527317,0.3801593482494354,2.651928580381016e-07,0.03203207745456854,7.213232963895633,0.03203207745456854,0.07025709375739098,,0.00231972336769104,2.5499313272894386e-07,950,0.07133611184862026,0.10707607213483004,0.0371304048757554,,,,,,,,,
PC2_ang008,pc2,push_neg_y,303,20,0,,999,0,0.3820488110264355,0.38204917311668396,4.334883256392046e-07,0.0347379099725245,7.407488818186965,0.0347379099725245,0.08095192909240723,,0.0018828511238098145,-5.0998626545788444e-09,950,0.07747620215881591,0.10232393512729314,0.04233691261412097,,,,,,,,,
PC2_ang008,pc2,push_neg_y,303,21,0,,999,0,0.3855538612859134,0.3855544477701187,4.9978654014873e-07,0.027466675446147826,6.818057618076834,0.027466675446147826,0.08747507631778717,,-0.0024328380823135376,-6.119835185494645e-08,950,0.076210881809828,0.11586481951255394,0.03575699113669829,,,,,,,,,
PC2_ang008,pc2,push_neg_y,303,22,0,,999,0,0.3903117339241313,0.3903120756149292,4.028891497117313e-07,0.030505956714737267,5.869286335191064,0.030505956714737267,0.09277741611003876,,-0.0005266964435577393,-4.5388777625752007e-07,950,0.09964664566433523,0.17975837113401816,0.036952578538960265,,,,,,,,,
PC2_ang008,pc2,push_neg_y,303,23,0,,999,0,0.3862175602007677,0.3862171471118927,-2.90692171310996e-07,0.03526745429604722,6.4281624493773935,0.03526745429604722,0.07999532297253609,,-0.0009066760540008545,-1.2749656636447193e-07,950,0.07578723799659114,0.11151001986297833,0.04309825159913574,,,,,,,,,
PC2_ang008,pc2,push_neg_y,303,24,0,,999,0,0.38824422848734624,0.3882443457841873,2.49893270074365e-07,0.028130780648214726,6.340256546392185,0.028130780648214726,0.06806136295199394,,-0.003059074282646179,-1.7849519291026067e-07,950,0.07488932558271459,0.11166967356247522,0.03164653491532319,,,,,,,,,
PC2_ang008,pc2,push_neg_y,303,25,0,,999,0,0.3851635684782171,0.38516421616077423,4.232886003300468e-07,0.024826603031833556,7.028918202058631,0.024826603031833556,0.04930586740374565,,-0.001608237624168396,-1.7849519291026067e-07,950,0.09047739424364128,0.13302258682874674,0.029939903821363058,,,,,,,,,
PC2_ang008,pc2,push_neg_y,303,26,0,,999,0,0.3843296249920034,0.38433027267456055,4.5898763891209897e-07,0.027072149976164042,6.429528705436133,0.027072149976164042,0.0879964716732502,,-8.699297904968262e-05,1.3259642901905086e-07,950,0.0727229644757687,0.11473844186046783,0.03481925708008306,,,,,,,,,
PC2_ang008,pc2,push_neg_y,303,27,0,,999,0,0.3832525063485385,0.3832530826330185,5.915840679311498e-07,0.0327408899835339,7.244591115778123,0.0327408899835339,0.07494538277387619,,-0.002239927649497986,4.283884629846257e-07,950,0.07805577326145345,0.10703682389042984,0.04384124981084732,,,,,,,,,
PC2_ang008,pc2,push_neg_y,303,28,0,,999,0,0.388820942551057,0.3888212740421295,3.365909352022059e-07,0.028683491154788313,7.302722414029631,0.028683491154788313,0.05121750384569168,,-0.0012181997299194336,-3.059917592747326e-07,950,0.08708435653025672,0.12363907565306902,0.03243543605804025,,,,,,,,,
PC2_ang008,pc2,push_neg_y,303,29,0,,999,0,0.38700348083029457,0.3870038837194443,4.589876389120989e-07,0.03715542600856311,6.571875178191426,0.03715542600856311,0.07609004527330399,,-0.003101453185081482,4.079890123663102e-08,950,0.07994958119110925,0.12189066074509851,0.04723802542435592,,,,,,,,,
PC2_ang008,pc2,push_neg_y,303,30,0,,999,0,0.3824515019189865,0.38245198130607605,4.6918736422125665e-07,0.03340109727403559,7.849316900764206,0.03340109727403559,0.07791783288121223,,-0.0071035027503967285,-3.875895617479947e-07,950,0.06999915128659547,0.10927673310124378,0.03680153418387284,,,,,,,,,
PC2_ang008,pc2,push_neg_y,303,31,0,,999,0,0.3827031834080895,0.38270343840122223,3.977892870571524e-07,0.03625907371736365,6.811321994007918,0.03625907371736365,0.10174867138266563,,-0.0006105750799179077,-3.773898364388369e-07,950,0.08272363372472905,0.12343253496165263,0.0397776710192907,,,,,,,,,
PC2_track14,pc2,rough_lateral,101,0,1,16.78,863,0,0.3261785296832814,0.3837800920009613,0.05779101631858132,0.22945945985202093,4.930692144442203,0.08380209104291442,-0.0015961300814524293,0.2282465174794197,-0.030967742204666138,0.00025160172406364645,789,0.11725426980109505,0.16895045253497987,0.10824732210570574,,,,,,,,,
PC2_track14,pc2,rough_lateral,101,1,1,5.04,999,0,0.34806562131420177,0.4074902981519699,0.05961065751346037,0.21046579821500533,2.806085039531628,0.12914722202230056,0.013685449957847595,0.2022790014743805,0.0038449615240097046,-3.719329833985069e-05,202,0.20400536041997108,0.2687766395906586,0.14704792394977426,,,,,,,,,
PC2_track14,pc2,rough_lateral,101,2,1,2.76,137,0,0.33414163197425595,0.39200252294540405,0.05740938849627653,0.3020595396186882,17.56825439261975,0.12193316415742815,0.06103438884019852,0.29825448989868164,-0.01577875018119812,-0.0016351383637616956,88,0.2073246849127364,0.8417994125901778,0.2073246849127364,,,,,,,,,
PC2_track14,pc2,rough_lateral,101,3,0,,999,0,0.35570722244640085,0.41353732347488403,0.05803823216076204,0.20902311587375783,6.133040485236752,0.09951264805729322,0.013646904844790697,0.20853715389966965,-0.001559913158416748,0.0004441776377632073,950,0.11699347731714813,0.13858449211422288,0.11335979215123328,,,,,,,,,
PC2_track14,pc2,rough_lateral,101,4,0,,999,0,0.3397015569044307,0.3990015536546707,0.05963113856188116,0.24298756466795124,3.9758550236756283,0.07932013717052969,-0.09422583878040314,0.23250114917755127,0.03265465795993805,0.0009174295925201553,950,0.15777909153577513,0.23938956052938382,0.08921460029009927,,,,,,,,,
PC2_track14,pc2,rough_lateral,101,5,0,,999,0,0.32634353095834906,0.3857601284980774,0.059268227235518674,0.2156230831991483,11.117724876707914,0.17835823235701198,-0.25253161787986755,0.16935747116804123,-0.015240073204040527,0.001443006138113094,950,0.18858787515200423,0.314065926773241,0.2202948578842985,,,,,,,,,
PC2_track14,pc2,rough_lateral,101,6,0,,999,0,0.3287167854328207,0.3832375556230545,0.05446669634650735,0.2434487086987125,6.577437563895414,0.0882526622331851,0.029837303794920444,0.23416833579540253,-0.01678706705570221,-0.0027209195223721616,950,0.15960580944314956,0.2284657162088424,0.14360359786749766,,,,,,,,,
PC2_track14,pc2,rough_lateral,101,7,0,,999,0,0.33251243343646514,0.3915046602487564,0.0589224820468515,0.21629336369794594,4.9055074181465255,0.17704685878005094,-0.023070933297276497,0.18906884640455246,-0.014304384589195251,-0.0013697466110800666,950,0.1385097947596712,0.16325950637646325,0.222240805306064,,,,,,,,,
PC2_track14,pc2,rough_lateral,101,8,1,12.1,802,0,0.3334570590028151,0.39317989349365234,0.05879622474711209,0.2599820528537592,5.94694154984909,0.05884258472012816,0.01778515987098217,0.2580498456954956,0.001268535852432251,0.0002470475467131056,555,0.19258627590911218,0.259653637269157,0.07634049240611594,,,,,,,,,
PC2_track14,pc2,rough_lateral,101,9,0,,999,0,0.35360072162699574,0.4114256799221039,0.05769305815671217,0.19375987020103763,6.181935868840567,0.144161765498603,-0.07843921706080437,0.1785319671034813,-0.014493614435195923,-0.0006837538856873521,950,0.14548470460716995,0.1838531712722852,0.16318505991485274,,,,,,,,,
PC2_track14,pc2,rough_lateral,101,10,1,1.24,999,1,,,,,,,,,,,12,0.40705150366101855,1.4732181693000783,0.40705150366101855,,,,,,,,,
PC2_track14,pc2,rough_lateral,101,11,1,5.78,999,0,0.3424387156644607,0.39884138107299805,0.05721593030633773,0.2663557014155929,5.436014463214532,0.06620626710021896,-0.013872913084924221,0.2624298185110092,0.01690828800201416,-0.0018451813070531897,239,0.1594742100153248,0.2789632041516926,0.08056803039109023,,,,,,,,,
PC2_track14,pc2,rough_lateral,101,12,1,13.1,999,0,0.32642890473100594,0.38653333485126495,0.059948003228335454,0.24373890852409674,3.804255830321222,0.09269413957032102,-0.01298234611749649,0.22303488850593567,0.023995235562324524,0.0010724756169446653,605,0.14799968637101418,0.31153280825241775,0.11432682686547553,,,,,,,,,
PC2_track14,pc2,rough_lateral,101,13,0,,999,0,0.3435713441614161,0.40302515029907227,0.05954011111335958,0.22176965140262056,4.213155453716158,0.09233997404047156,-0.08923770859837532,0.21814848482608795,0.015367329120635986,0.001167399360534338,950,0.13787742391176816,0.22780547659781897,0.10587861928768887,,,,,,,,,
PC2_track14,pc2,rough_lateral,101,14,1,3.86,999,0,0.33770239034438515,0.3956631124019623,0.057847573795420604,0.1973804387026108,9.159011081618768,0.12757537004590253,0.012590054422616959,0.1870291754603386,-0.0070005059242248535,-0.0028933203794101955,143,0.25121500973016764,0.32231877689385985,0.14047719065199193,,,,,,,,,
PC2_track14,pc2,rough_lateral,101,15,1,9.36,999,0,0.33679931128726287,0.397043913602829,0.0604923523683599,0.18914932853423494,7.920137742159691,0.1317245437769535,-0.06196586228907108,0.1822638437151909,-0.017327338457107544,0.00014314804485137528,418,0.15550998651739034,0.3250218854165727,0.13261980813507263,,,,,,,,,
PC2_track14,pc2,rough_lateral,101,16,0,,999,0,0.34211044555360626,0.39946840703487396,0.057716869415446403,0.25139404370119,5.667835926610465,0.07644043902336548,-0.0032864424865692854,0.24826393276453018,-0.009208008646965027,0.00017752621900589405,950,0.16349605311781162,0.19910507715465212,0.09418532637338119,,,,,,,,,
PC2_track14,pc2,rough_lateral,101,17,0,,999,0,0.34217191188730656,0.4003866910934448,0.058100736077456555,0.2404300263149729,4.235578330417248,0.07397706471847908,-0.019439456053078175,0.23869147896766663,-0.00426793098449707,2.5631909701916145e-05,950,0.18910632283492965,0.2457189675009362,0.11684621953346537,,,,,,,,,
PC2_track14,pc2,rough_lateral,101,18,1,3.12,184,0,0.31001753483545336,0.3686206787824631,0.05850876078886144,0.261099351027866,10.362870016980136,0.10639343363530293,0.04087944142520428,0.2515406459569931,-0.013409212231636047,-0.000624381284662745,106,0.21142714540776614,0.7634010188251702,0.17548803235323457,,,,,,,,,
PC2_track14,pc2,rough_lateral,101,19,1,14.16,733,0,0.35035063023554447,0.41002000868320465,0.05960238043637199,0.19620507258950942,2.5836646517212536,0.11516226641521338,-0.07870230078697205,0.18998073041439056,0.0016905814409255981,0.0012226818717099783,658,0.181250585623389,0.2649933482182598,0.15291314432529315,,,,,,,,,
PC2_track14,pc2,rough_lateral,101,20,0,,999,0,0.3539700889013668,0.41375675797462463,0.059875411783310184,0.21189111921918907,4.777067521303026,0.1032332062931654,-0.049659308046102524,0.2075192779302597,0.02614787220954895,0.0008362193796086492,950,0.11357579396538797,0.14424515875986588,0.11313411162114545,,,,,,,,,
PC2_track14,pc2,rough_lateral,101,21,1,7.92,999,0,0.34247562958594946,0.4009357988834381,0.058550600062079614,0.22719908627715985,5.759987615900311,0.10016308563797716,-0.05313826911151409,0.22386275231838226,0.00643610954284668,-0.0011740648810238674,346,0.14726323824833012,0.41792842660770674,0.10597659459014054,,,,,,,,,
PC2_track14,pc2,rough_lateral,101,22,1,8.62,999,0,0.3208746314845621,0.37814268469810486,0.0572310462992459,0.23818932680661947,4.79068338452497,0.10133630479450302,-0.017222617752850056,0.2308434620499611,-0.030206382274627686,0.00014573367521723835,381,0.11600071678503746,0.23301004124045227,0.10136536111724186,,,,,,,,,
PC2_track14,pc2,rough_lateral,101,23,1,10.6,999,0,0.33751608208220274,0.39792659878730774,0.06043497891349588,0.2153669849150647,7.218060329448622,0.11740283911558481,-0.021536548621952534,0.19632281363010406,-0.008276671171188354,0.000615446325291924,480,0.13910400803508136,0.20521697168949238,0.12774847007309112,,,,,,,,,
PC2_track14,pc2,rough_lateral,101,24,0,,999,0,0.31655317616653955,0.3767503350973129,0.05994284726719168,0.20974485445699326,5.811773613763482,0.10514278872691436,-0.06837685778737068,0.20328473299741745,-0.002804473042488098,0.0005033054453803879,950,0.2532459708695228,0.37195022175741815,0.10872280907411454,,,,,,,,,
PC2_track14,pc2,rough_lateral,101,25,0,,999,0,0.2915075299414721,0.3519703447818756,0.06027064093931474,0.20841428984703037,8.520631837780492,0.11654517686716598,-0.04590277560055256,0.20228073745965958,-0.04384344816207886,-0.002666600885238235,950,0.10864152403521819,0.16462146967259722,0.1389928832970314,,,,,,,,,
PC2_track14,pc2,rough_lateral,101,26,1,17.92,939,0,0.317079812447655,0.3774622082710266,0.05926767645035198,0.1904471965513524,5.780926371184059,0.12082553600788912,-0.09669017419219017,0.1853233501315117,-0.04095682501792908,-0.0029651315454493204,846,0.1819731796389682,0.2460540764789573,0.13053886928674704,,,,,,,,,
PC2_track14,pc2,rough_lateral,101,27,1,7.62,999,0,0.34422199021686206,0.40503814816474915,0.06059533389494381,0.24457046060377394,4.390213025594768,0.0696720290338976,-0.028113591484725475,0.24233341217041016,0.01006510853767395,0.004337055797882898,331,0.12712770486243832,0.3860864539177789,0.07850256491110753,,,,,,,,,
PC2_track14,pc2,rough_lateral,101,28,1,7.2,999,0,0.332231532124912,0.391704723238945,0.0591879553973356,0.21957441361310662,3.7068369171740683,0.08913003965606282,-0.07635142281651497,0.21796146780252457,-0.030703112483024597,-0.0028793110566980723,310,0.17346221672032372,0.3115907393602043,0.10852465761420135,,,,,,,,,
PC2_track14,pc2,rough_lateral,101,29,1,5.98,768,0,0.31897777589884674,0.3762415498495102,0.05737843742982589,0.2521729840769136,3.731660307035179,0.06343288004589298,-0.05984887480735779,0.24914966523647308,-0.02239362895488739,-0.0016672929977988166,249,0.1581286050121818,0.28347560916022263,0.0835230789499788,,,,,,,,,
PC2_track14,pc2,rough_lateral,101,30,0,,999,0,0.35164294093050424,0.41525228321552277,0.06370231812013025,0.24374012470230308,7.097470760382022,0.09284011019334296,0.017437306232750416,0.2264890819787979,0.024777188897132874,0.002162112271721993,950,0.12109162637348976,0.13709648622385417,0.10477612282974169,,,,,,,,,
PC2_track14,pc2,rough_lateral,101,31,1,3.76,999,0,0.3366073840123447,0.3974549472332001,0.06121984777603558,0.20714142359614252,7.854156353041457,0.11287049846500717,0.02286207675933838,0.19915293157100677,-0.016155898571014404,-0.0007362824710295118,138,0.231602705326102,0.4637530805891117,0.11872342160255017,,,,,,,,,
PC2_track14,pc2,rough_lateral,202,0,1,2.8,999,0,0.31564934591558524,0.3777364641427994,0.06225800131731492,0.2928713929513053,8.339507992301005,0.07110163779990827,-0.0246673496440053,0.28512509167194366,0.005911931395530701,0.0011838923163592432,90,0.20438232607373863,0.503115452447312,0.20438232607373863,,,,,,,,,
PC2_track14,pc2,rough_lateral,202,1,1,13.76,999,0,0.323684717483699,0.38368430733680725,0.060805346239059366,0.2173126297903118,5.771367038897291,0.11678679395723655,-0.10052572563290596,0.2043180614709854,-0.007789105176925659,0.0004882098519228342,638,0.12849482585237657,0.24732631685396128,0.13023656601663272,,,,,,,,,
PC2_track14,pc2,rough_lateral,202,2,0,,999,0,0.3466277897836053,0.40772266685962677,0.06076721966585373,0.20450943705505553,6.444277653973742,0.13153163542315177,-0.04949110932648182,0.19208814203739166,-0.008760377764701843,-0.0030964734082553486,950,0.1606288352452273,0.24714280514099282,0.14425210382795114,,,,,,,,,
PC2_track14,pc2,rough_lateral,202,3,1,2.26,999,0,0.35550983863718366,0.41806548833847046,0.06275340197558071,0.2672036977888731,11.192938978108025,0.12521415716228337,0.026390941813588142,0.2525811493396759,0.002704054117202759,-0.00043237655558051036,63,0.270784018640906,0.8952658418258858,0.270784018640906,,,,,,,,,
PC2_track14,pc2,rough_lateral,202,4,0,,999,0,0.35946998972306277,0.42109566926956177,0.061922766945578835,0.26503943045734,5.239924329618068,0.08271925411231393,0.01077883131802082,0.25667981803417206,0.002327948808670044,-0.0009683721205767451,950,0.18598017168778072,0.2469907740817742,0.0961570959427819,,,,,,,,,
PC2_track14,pc2,rough_lateral,202,5,1,11.3,999,0,0.3283638179620957,0.3892621397972107,0.06059271256553936,0.2084273470460863,3.75906095913955,0.10719361668985503,-0.08409024402499199,0.20482294261455536,-0.028004974126815796,0.001190185546875,515,0.12824904403671558,0.3168351764178733,0.13368309810235507,,,,,,,,,
PC2_track14,pc2,rough_lateral,202,6,0,,999,0,0.3135110230688105,0.37704452872276306,0.06345832029128456,0.07512124071894334,6.746356467145466,0.2589726962625095,-0.202383890748024,0.047326063737273216,-0.023675262928009033,0.0008861062360957239,950,0.2507607697210608,0.1619460481093496,0.2783987464279552,,,,,,,,,
PC2_track14,pc2,rough_lateral,202,7,0,,999,0,0.3479979897246641,0.40890835225582123,0.06074575944380327,0.25300185504761474,4.150717523902399,0.08077806389936437,-0.007905812934041023,0.2503233700990677,0.005832269787788391,-0.001320140247038977,950,0.18368207069008688,0.24188724850429674,0.09627338964941612,,,,,,,,,
PC2_track14,pc2,rough_lateral,202,8,1,3.04,179,0,0.30254723880698975,0.3623581528663635,0.05957539706306661,0.24945037824536045,5.676953741333222,0.09565324257288524,0.04908377677202225,0.24489150196313858,-0.037424236536026,-0.0010570740317278407,102,0.15197404911918222,0.4618906522095372,0.1519761541901947,,,,,,,,,
PC2_track14,pc2,rough_lateral,202,9,1,5.64,999,0,0.33191539379045926,0.39155030250549316,0.059928241260548964,0.2416792210327786,4.3414046692318,0.10039409239988474,-0.004896632395684719,0.22391150891780853,-0.022015243768692017,-0.0016395854439964913,232,0.14147402627184508,0.3801880815983023,0.12834623207042575,,,,,,,,,
PC2_track14,pc2,rough_lateral,202,10,0,,999,0,0.336636057751064,0.3963346481323242,0.059686655666738905,0.10764063239342765,2.349689661517317,0.2330186884523403,-0.14985046535730362,0.0752420537173748,0.01976802945137024,0.00033820759166370423,950,0.2917418198238699,0.139293204952048,0.23311015400711835,,,,,,,,,
PC2_track14,pc2,rough_lateral,202,11,1,18.72,935,0,0.3236075179143385,0.38244202733039856,0.05837027401847636,0.24344054010015398,4.900381011457798,0.08963485607294863,0.005004765233024955,0.2344491332769394,-0.031947702169418335,0.00013988923261510494,886,0.13204077416932472,0.2713392312401685,0.10462587193052045,,,,,,,,,
PC2_track14,pc2,rough_lateral,202,12,1,10.42,999,0,0.2991855586754447,0.3611459881067276,0.06196341795079849,0.20008733231348824,7.659534442667666,0.17737511418637608,-0.2754918038845062,0.15680748224258423,-0.03728233277797699,0.0004975375007180635,471,0.17603355829331857,0.267294704050847,0.21764748982936652,,,,,,,,,
PC2_track14,pc2,rough_lateral,202,13,1,16.26,812,0,0.354893814035278,0.41700801253318787,0.062227544937541776,0.21231264317267887,8.365887358457325,0.10018490009057307,-0.013401798903942108,0.2066395953297615,0.02271708846092224,-4.6765740542492606e-05,763,0.15985142015798964,0.28674534659366696,0.11167546049973509,,,,,,,,,
PC2_track14,pc2,rough_lateral,202,14,1,6.56,999,0,0.31448731631199944,0.3737177550792694,0.05944328002113709,0.20538717507675167,3.4756348342843486,0.11916947170005374,-0.09025326371192932,0.2008681371808052,-0.017412811517715454,-0.0021092368957193186,278,0.19483195240039988,0.440046827222947,0.12356493256763898,,,,,,,,,
PC2_track14,pc2,rough_lateral,202,15,1,2.38,999,0,0.29981275357027104,0.3603867292404175,0.060271870006214485,0.28596652005324386,11.824484232200192,0.12966352069453066,0.00012251734733581543,0.27811962366104126,-0.07300534844398499,0.0003039314147622804,69,0.22768405866922098,0.5901685687694485,0.22768405866922098,,,,,,,,,
PC2_track14,pc2,rough_lateral,202,16,0,,999,0,0.34479333826883596,0.40366141498088837,0.059370438682841746,0.24255184162259685,3.3639305799767323,0.09207702665857688,-0.07996057346463203,0.2347649559378624,-0.010546669363975525,0.0003787260004543408,950,0.13383994045770933,0.1548316091886571,0.13803187078302223,,,,,,,,,
PC2_track14,pc2,rough_lateral,202,17,1,14.86,742,0,0.3244783800234769,0.38084374368190765,0.05640445546032911,0.25162879131980476,3.979355727642974,0.08610631844690571,0.060925908386707306,0.24601037800312042,-0.020801827311515808,-0.0006003201326584412,693,0.19417124458947332,0.33028940940554363,0.12985990877393133,,,,,,,,,
PC2_track14,pc2,rough_lateral,202,18,0,,999,0,0.33786821453010335,0.394702211022377,0.0572163382953501,0.24379778756349302,6.812679246594678,0.08173270214144554,0.0072272231336683035,0.23272614181041718,-0.01937173306941986,0.001770427520262366,950,0.1311606580887766,0.19009539132569256,0.10162170056165477,,,,,,,,,
PC2_track14,pc2,rough_lateral,202,19,0,,999,0,0.3503321194075008,0.4098183810710907,0.05983548495858748,0.24709972230349747,5.916135603764971,0.07761542657608825,0.04443970136344433,0.24359121918678284,-0.009083837270736694,0.001946546177175594,950,0.12923712565323298,0.16838139055351253,0.09523719864181854,,,,,,,,,
PC2_track14,pc2,rough_lateral,202,20,1,1.92,999,0,0.23152734761569588,0.2897493839263916,0.05770701648079775,0.3152469743054603,28.937891632214725,0.20903902652872378,0.013929802924394608,0.2954891622066498,-0.09693041443824768,0.0003247286546676498,46,0.23970493453588826,1.0429536630349374,0.23970493453588826,,,,,,,,,
PC2_track14,pc2,rough_lateral,202,21,0,,999,0,0.33961278773884085,0.39741262793540955,0.05850501748967298,0.20739977452074082,4.2732030949201585,0.10845418481038158,0.008860796689987183,0.2025081366300583,0.0007086396217346191,-0.000440225244205901,950,0.14825893538670393,0.21514199947151386,0.12444878355227221,,,,,,,,,
PC2_track14,pc2,rough_lateral,202,22,1,14.34,842,0,0.30961943804261516,0.36378827691078186,0.054139025071088004,0.22194658833992745,3.0355079513878866,0.09964306409436073,-0.15453248471021652,0.21467191725969315,-0.048905640840530396,0.0003886860322187269,667,0.1717322860037021,0.2830197602754153,0.16999407518136822,,,,,,,,,
PC2_track14,pc2,rough_lateral,202,23,1,2.82,999,0,0.3125233176876517,0.372137188911438,0.0592450840587922,0.28169981461582466,11.99411123488013,0.11023199689201596,-0.07978993654251099,0.25975099205970764,-0.013977766036987305,0.0018433147573216069,91,0.22317818896867153,0.453724554799833,0.22317818896867153,,,,,,,,,
PC2_track14,pc2,rough_lateral,202,24,0,,999,0,0.352303606542674,0.4081123322248459,0.0559806007752444,0.2573902155589296,4.992113941868605,0.071173342731178,-0.02246075589209795,0.2528781592845917,-0.0036284178495407104,-0.0022315061028628444,950,0.17292314769346004,0.232534847763465,0.09066272147194117,,,,,,,,,
PC2_track14,pc2,rough_lateral,202,25,0,,999,0,0.2675220247577218,0.32528920471668243,0.057327566299846464,0.06799776880862152,5.221606978372479,0.2983234537419511,-0.06110835820436478,0.0017745415680110455,-0.07102565467357635,0.0008604998257070937,950,0.3000305209717525,0.10542906907864841,0.27035812613673693,,,,,,,,,
PC2_track14,pc2,rough_lateral,202,26,0,,999,0,0.33467548814686865,0.39499522745609283,0.06028885764871689,0.2818138507443413,6.887823680585456,0.08659704599509328,0.07440450042486191,0.2702438682317734,-0.020122304558753967,0.00033747321144144554,950,0.1287299719878707,0.15843171154377397,0.12310079524713498,,,,,,,,,
PC2_track14,pc2,rough_lateral,202,27,1,2.7,134,0,0.2969624977857671,0.3547786921262741,0.05774511755469011,0.27822281855349373,13.240686277120282,0.15604575728865439,-0.1123165674507618,0.2665594518184662,-0.02701611816883087,-0.00026347420432350915,85,0.17728467975154277,0.4544948487487796,0.17728467975154277,,,,,,,,,
PC2_track14,pc2,rough_lateral,202,28,1,11.34,999,0,0.3419515578185811,0.4018281549215317,0.06055529997310537,0.1830781698697161,4.960285769713845,0.1347570764703097,-0.06914766877889633,0.17622298002243042,0.0021524578332901,0.0016336696033171852,517,0.17006940005837798,0.24507294995238507,0.17496717681205082,,,,,,,,,
PC2_track14,pc2,rough_lateral,202,29,0,,999,0,0.3346965687478927,0.39350515604019165,0.05821595217454879,0.2076737452079295,7.753555624428179,0.11839115050556212,-0.07498952373862267,0.19927697628736496,-0.01022842526435852,-0.0010018884179426452,950,0.208214670729045,0.23243354457819998,0.1472755695698014,,,,,,,,,
PC2_track14,pc2,rough_lateral,202,30,1,7.92,395,0,0.3295439798086085,0.39116300642490387,0.061839909477029886,0.2225058670389894,4.24805055536612,0.08853220529557845,-0.085246991366148,0.2191219925880432,-0.001529887318611145,0.0016054622629746995,346,0.1542941867574039,0.29437860639265057,0.11184281349155199,,,,,,,,,
PC2_track14,pc2,rough_lateral,202,31,1,1.7,999,0,0.22591010740096557,0.2852995991706848,0.05972179882029161,0.3376370400211716,26.382856771886615,0.21953622753455979,-0.147515207529068,0.21641986072063446,-0.08563232421875,0.0009978289272695937,35,0.3361913037453062,0.5221547986333838,0.3361913037453062,,,,,,,,,
PC2_track14,pc2,rough_lateral,303,0,1,5.76,999,0,0.34435158473922606,0.40229424834251404,0.05797830877457073,0.2278138286487013,5.5883359619039705,0.0926739331023678,-0.01587341772392392,0.22279399633407593,0.008455097675323486,0.00010294582754533099,238,0.19341824198525331,0.22870674219632928,0.11993078826754944,,,,,,,,,
PC2_track14,pc2,rough_lateral,303,1,1,4.62,257,0,0.30629262646889305,0.3629569709300995,0.0571380911026409,0.22783407947906956,6.537999799727277,0.1099083476343031,-0.05285819619894028,0.21969540417194366,-0.04962250590324402,-0.0015912336461684287,181,0.1945448228400451,0.43897234641545135,0.1385846223205118,,,,,,,,,
PC2_track14,pc2,rough_lateral,303,2,1,13.78,688,0,0.34877975030060115,0.4081226587295532,0.058545076910824695,0.2130327769488574,4.931785528297919,0.10207229834097839,-0.035292159765958786,0.20586737245321274,-0.006312191486358643,0.0020225137312781943,639,0.16836614410225986,0.2763284050030963,0.1116226405498415,,,,,,,,,
PC2_track14,pc2,rough_lateral,303,3,1,11.58,578,0,0.33797296212318745,0.3974078893661499,0.059287040628851415,0.20692713695540804,7.253552390605579,0.13728588989428264,-0.0689607560634613,0.19044676423072815,-0.014994829893112183,-0.002431935805050446,529,0.16926472647966195,0.25521086630219275,0.1484920808602655,,,,,,,,,
PC2_track14,pc2,rough_lateral,303,4,0,,999,0,0.3543316949816311,0.41301511228084564,0.05832900083001285,0.21555856129914105,3.982921643680539,0.11753875832870145,-0.03342881426215172,0.19722174853086472,-0.018520668148994446,-0.00030912817480729937,950,0.15351140973343314,0.19183272778811053,0.12806136267737353,,,,,,,,,
PC2_track14,pc2,rough_lateral,303,5,1,6.74,598,0,0.33762603727254004,0.3962658941745758,0.05829788656795726,0.23608081130391861,3.881484190581908,0.10987348525501926,-0.04453042335808277,0.22180765867233276,-0.025606870651245117,-0.0010118127506684518,287,0.18214835432920937,0.3661360945713035,0.1303343677838463,,,,,,,,,
PC2_track14,pc2,rough_lateral,303,6,0,,999,0,0.32541230185465375,0.38320212066173553,0.05776204399884066,0.1141611173450156,6.467221983967698,0.2415992409585032,-0.03534512594342232,0.07559051364660263,-0.016592904925346375,-0.0005970817198727787,950,0.14534879172623708,0.15377054128732087,0.25208743223087704,,,,,,,,,
PC2_track14,pc2,rough_lateral,303,7,0,,999,0,0.3442710289821268,0.4040353000164032,0.059761715445289,0.2569334203612168,3.3624871913545165,0.07354772073365654,0.022002294659614563,0.25236429274082184,-0.00838315486907959,-0.0007987149896468704,950,0.11941140776427583,0.15144174426449689,0.09233589575151513,,,,,,,,,
PC2_track14,pc2,rough_lateral,303,8,0,,999,0,0.3280967130539889,0.3847321718931198,0.05663453066412778,0.21501854202215145,4.311521693760463,0.10104556999708161,-0.1052066832780838,0.20915581285953522,-0.015880301594734192,-0.0017124777809183825,950,0.14477393102943018,0.19476756570747586,0.16394226829036496,,,,,,,,,
PC2_track14,pc2,rough_lateral,303,9,0,,999,0,0.3446299897476951,0.40220288932323456,0.057928457617122224,0.24330866621032388,5.915278106394845,0.07455012972801622,-0.047721754759550095,0.23803603649139404,-0.008870258927345276,0.0006892311381783769,950,0.12819329848431782,0.14294956734392653,0.09388654792550608,,,,,,,,,
PC2_track14,pc2,rough_lateral,303,10,0,,999,0,0.3461965406960982,0.40291517972946167,0.05644944134880515,0.21388947690463106,4.297511283967236,0.10478044383415216,-0.037300754338502884,0.20835712552070618,0.0014761388301849365,-0.000608301417712856,950,0.1272087439659272,0.1625411788810329,0.13406933253773334,,,,,,,,,
PC2_track14,pc2,rough_lateral,303,11,0,,999,0,0.3378120137249085,0.3982737362384796,0.059410023816766584,0.2162258400356027,4.677061207035418,0.11442656280845917,-0.05655895918607712,0.20660942792892456,0.027982383966445923,0.0006541287835269,950,0.12551386596769298,0.1688184045306573,0.11918063641565686,,,,,,,,,
PC2_track14,pc2,rough_lateral,303,12,1,12.94,674,0,0.3401125235194191,0.3977656811475754,0.05797407078870477,0.21191641723119298,6.2681304520816035,0.12041724803157297,-0.027682832442224026,0.1903001368045807,-0.019589558243751526,0.001243616807907015,597,0.16740265741611324,0.37238506365229157,0.1504003921157915,,,,,,,,,
PC2_track14,pc2,rough_lateral,303,13,1,14.42,755,0,0.3214043875269711,0.3778580278158188,0.05638068500049612,0.24983902468567745,6.097997625987624,0.08732826785089197,0.030907852575182915,0.24311912804841995,-0.022224798798561096,0.00032898194012157683,671,0.14937533564470173,0.28215694303366695,0.12432139795212696,,,,,,,,,
PC2_track14,pc2,rough_lateral,303,14,1,7.14,999,0,0.3031919798589645,0.3604081869125366,0.05736567247360148,0.06388014012605948,6.225779216553038,0.2490240606013176,-0.27246588468551636,0.053079526871442795,-0.03758391737937927,-0.00017942336791339913,307,0.27824908071004945,0.3981048491011512,0.2451013972130908,,,,,,,,,
PC2_track14,pc2,rough_lateral,303,15,1,17.28,999,0,0.3099313874773801,0.3663210868835449,0.056658821309951535,0.21067999798800913,9.347376549363734,0.15811263178512866,0.24834247678518295,0.17716141045093536,-0.01428234577178955,-0.0006508342722520502,814,0.16791234628535948,0.2679951049178268,0.18684731531611837,,,,,,,,,
PC2_track14,pc2,rough_lateral,303,16,1,6.38,999,0,0.3228608751520116,0.3814724236726761,0.0582913587437594,0.2087046649754671,3.871129160163644,0.1088621604267423,-0.05964926816523075,0.20284224301576614,-0.0023690015077590942,-0.0004334577264632766,269,0.13144994358427206,0.26382633194128624,0.10737471243839396,,,,,,,,,
PC2_track14,pc2,rough_lateral,303,17,0,,999,0,0.32594560357657343,0.38328251242637634,0.05762815220470734,0.22045361145920134,4.925040965875644,0.10749027067078074,-0.0032681403681635857,0.20748723298311234,-0.029601067304611206,0.00027997226001107156,950,0.14046401973708023,0.1803714499216437,0.1556592542613304,,,,,,,,,
PC2_track14,pc2,rough_lateral,303,18,1,13.66,999,0,0.33840664798881914,0.39595387876033783,0.05788586356423118,0.2068451164860919,5.352030859434784,0.1154404183870735,-0.11660105735063553,0.20397668331861496,0.015775516629219055,0.0013195843620096293,633,0.14810697304922582,0.30788645598526576,0.126801116288002,,,,,,,,,
PC2_track14,pc2,rough_lateral,303,19,1,1.72,999,0,0.23831656694730974,0.29441164433956146,0.05662177080776602,0.4577801505452006,23.821193560019736,0.2701435420531888,-0.11444496363401413,0.350701242685318,-0.10698114335536957,0.00018241698729163508,36,0.37757205400715366,0.9780575742702188,0.37757205400715366,,,,,,,,,
PC2_track14,pc2,rough_lateral,303,20,1,4.08,999,0,0.32537372187178404,0.38426120579242706,0.05949835853780655,0.26524494704794255,6.125344920391771,0.06609410626300999,0.002259732224047184,0.2630881816148758,-0.005914047360420227,-0.001800868600447543,154,0.1240522844175878,0.3572011092454101,0.0745285126306055,,,,,,,,,
PC2_track14,pc2,rough_lateral,303,21,0,,999,0,0.3396553295181397,0.3972835838794708,0.05802641577899137,0.21643082535317626,5.110441875920956,0.0965607377575737,-0.03635862469673157,0.21149282157421112,-0.0201723575592041,-0.0002109558187066568,950,0.14152430231571345,0.17865086985542356,0.1024074349908616,,,,,,,,,
PC2_track14,pc2,rough_lateral,303,22,0,,999,0,0.3388897582968289,0.3969927281141281,0.0583322851415624,0.1838060281475874,12.338871321109039,0.1484285594154322,-0.14196377247571945,0.16809865832328796,-0.014894530177116394,-1.3754329579396263e-05,950,0.15290398848014192,0.19843923311135556,0.2353783627133546,,,,,,,,,
PC2_track14,pc2,rough_lateral,303,23,1,2.08,999,0,0.23751289863637426,0.2948688864707947,0.05808866980241582,0.32535716760129996,41.85813608269018,0.17983590036103328,-0.14201081544160843,0.30554403364658356,-0.08983886241912842,0.0011155745562385078,54,0.2455720418111834,0.7993634069228093,0.2455720418111834,,,,,,,,,
PC2_track14,pc2,rough_lateral,303,24,0,,999,0,0.3375183134314848,0.39699265360832214,0.05970113927667792,0.2461554351516337,5.1950813542809495,0.07481392739262921,-0.009524323046207428,0.2419615313410759,-0.008024364709854126,-0.002606432705639511,950,0.10882733131947261,0.13164953313581215,0.08919157745769547,,,,,,,,,
PC2_track14,pc2,rough_lateral,303,25,0,,999,0,0.33688890176979613,0.3992251604795456,0.062027273331096464,0.1816583054796891,5.512640612049001,0.15735532668740648,-0.10877195745706558,0.16939474642276764,-0.018933191895484924,0.0008781555502172453,950,0.1645988882249494,0.2116666918736928,0.18141486094327344,,,,,,,,,
PC2_track14,pc2,rough_lateral,303,26,1,11.04,999,0,0.333308459443842,0.39519868791103363,0.06193177330302682,0.19630073404759746,4.396766504732845,0.11785864762920722,-0.05251045152544975,0.18508101254701614,0.027905061841011047,0.0006007842201600083,502,0.1755234068441507,0.26777374298402773,0.11795658786545143,,,,,,,,,
PC2_track14,pc2,rough_lateral,303,27,1,4.56,999,0,0.3376771790936669,0.39639897644519806,0.058594922968410554,0.2416845866536931,5.010650748525781,0.06922884980446627,-0.022121615707874298,0.23822317272424698,-0.00666065514087677,-0.002003991030116767,178,0.12104199199358473,0.40903624000426286,0.0826349774565411,,,,,,,,,
PC2_track14,pc2,rough_lateral,303,28,0,,999,0,0.35379025507419504,0.4147670269012451,0.061048211898395724,0.1793250482543576,3.5027179664991532,0.14382833164364678,-0.060450395569205284,0.16412626951932907,0.017327070236206055,-0.0003671187130525125,950,0.12889545450590228,0.17111532301137938,0.17152501457996966,,,,,,,,,
PC2_track14,pc2,rough_lateral,303,29,0,,999,0,0.3356516786756363,0.3972865343093872,0.06211947374802859,0.21946299895876017,6.289538007130702,0.11900016440547714,-0.08211894705891609,0.2054971680045128,-0.0013804137706756592,-0.00018428353702321099,950,0.15883160454528925,0.2260197179341653,0.14123574061669614,,,,,,,,,
PC2_track14,pc2,rough_lateral,303,30,0,,999,0,0.3302728201456886,0.390097513794899,0.06026944247159091,0.20678535894773364,6.734897996976007,0.12077902233355303,-0.06122686341404915,0.19817470759153366,0.0036668628454208374,-0.0014904858594272166,950,0.16875968052031293,0.2746852536706211,0.1560897652838579,,,,,,,,,
PC2_track14,pc2,rough_lateral,303,31,1,1.8,999,0,0.25481472590709114,0.3158442825078964,0.06037027185613458,0.3813492871311309,21.32078693336657,0.1268255275366619,-0.14929142594337463,0.3695449084043503,-0.08321122825145721,0.00021804462779651673,40,0.1729477109131053,0.6925436821576509,0.1729477109131053,,,,,,,,,
PC2_track14,pc2,rough_forward,101,0,0,,999,0,0.3070186441913646,0.3627224862575531,0.05604449695444362,0.49949807861514406,3.9013770391519023,0.0833937235833778,-0.023088498041033745,0.49499788880348206,0.007199972867965698,-0.0010766779037720345,950,0.11512005416902447,0.12592759947544085,0.09627209415056195,,,,,,,,,
PC2_track14,pc2,rough_forward,101,1,0,,999,0,0.3274218262357508,0.38575294613838196,0.058414097138267146,0.38204344506333165,3.9461046201761656,0.12651090901153525,0.00024639442563056946,0.3816826492547989,0.002865433692932129,-0.001922836915694462,950,0.29159115300874683,0.16315058850461167,0.18742795072097465,,,,,,,,,
PC2_track14,pc2,rough_forward,101,2,0,,999,0,0.3113385162410889,0.36851516366004944,0.05737683607295235,0.44138666896675927,6.878785493712343,0.08194416977349411,-0.033416010439395905,0.4405030161142349,0.02587917447090149,-0.002003608540417673,950,0.12011302804122095,0.11492970438500819,0.16765929890285822,,,,,,,,,
PC2_track14,pc2,rough_forward,101,3,0,,999,0,0.315516345800563,0.376033291220665,0.06045540896329013,0.18091521023605853,4.548982054166956,0.3733336159542519,-0.02434849552810192,0.13144651055335999,0.0012791305780410767,0.0010747909545898438,950,0.18672077145048227,0.1255321409416205,0.4092265698628528,,,,,,,,,
PC2_track14,pc2,rough_forward,101,4,0,,999,0,0.27480113219449864,0.33157873153686523,0.05713817270044337,0.48671150317920375,4.419449282994644,0.06746458456142077,-0.05191272124648094,0.4859592765569687,0.007874846458435059,-0.001631410364161201,950,0.1004338454090854,0.12471720064999121,0.151632730958989,,,,,,,,,
PC2_track14,pc2,rough_forward,101,5,0,,999,0,0.330491433169115,0.388622522354126,0.05683841807319519,0.4383728259656361,3.929789137486248,0.10675910039450251,-0.02100916113704443,0.4349951148033142,0.0016388297080993652,-0.0016459194734134777,950,0.1327876417316269,0.12510777735485423,0.13796633512258255,,,,,,,,,
PC2_track14,pc2,rough_forward,101,6,0,,999,0,0.3153002925894477,0.37373070418834686,0.05885336870815665,0.25775645746735576,5.717413910643848,0.341926288724473,-0.017754478380084038,0.17431945353746414,-0.024701938033103943,-0.0006097854777453379,950,0.2919510839915919,0.15061779170398099,0.4254687012857971,,,,,,,,,
PC2_track14,pc2,rough_forward,101,7,0,,999,0,0.294507738182889,0.35025423765182495,0.05573545547730145,0.4756193933785972,3.3542103728446753,0.07849777627575864,-0.036366261541843414,0.4717821031808853,-0.013235598802566528,-0.0029427584479836816,950,0.11508594670935247,0.13938569530093675,0.09886717522949041,,,,,,,,,
PC2_track14,pc2,rough_forward,101,8,0,,999,0,0.2901511860085043,0.34790344536304474,0.058171256978244074,0.40070483527672995,3.8645070743912413,0.11743644975350093,0.007397390902042389,0.39229318499565125,0.007967427372932434,-0.001637117110471667,950,0.3665936635139658,0.12822557460778783,0.2820753696978481,,,,,,,,,
PC2_track14,pc2,rough_forward,101,9,0,,999,0,0.3322771707958079,0.390089213848114,0.057920802723277695,0.3793699562170285,5.4294718600045595,0.15341693256492045,0.037313226610422134,0.37812408804893494,0.0024010539054870605,-0.00023817378569414988,950,0.33592214313188135,0.15183151352377489,0.20266607412757284,,,,,,,,,
PC2_track14,pc2,rough_forward,101,10,0,,999,0,0.2993509559070363,0.3595188707113266,0.059399263106565424,0.49110697071412346,6.03247755512828,0.06674834958772527,-0.04159439168870449,0.48925141990184784,0.02053748071193695,0.001899076655586772,950,0.1255167571864341,0.1277741470615579,0.10190225638481396,,,,,,,,,
PC2_track14,pc2,rough_forward,101,11,0,,999,0,0.3173536256672864,0.377275288105011,0.05987593196930095,0.48494544286571795,5.282217022214354,0.08493890063954458,0.013244521338492632,0.4789653867483139,0.031025826930999756,0.0002775192260742257,950,0.12103818087238875,0.13489948544182384,0.14053833324235732,,,,,,,,,
PC2_track14,pc2,rough_forward,101,12,0,,999,0,0.2988522714950184,0.3583426773548126,0.06002440427076371,0.48872932025054583,4.279262564935829,0.06783086443056371,-0.08148802816867828,0.48493707180023193,0.023368030786514282,-0.0001482938062698433,950,0.24165224758126008,0.1313822443305083,0.09748244280768982,,,,,,,,,
PC2_track14,pc2,rough_forward,101,13,0,,999,0,0.3277123018222696,0.39173562824726105,0.06237332961138557,0.46208702587121464,5.57160140895026,0.07788124160581764,-0.019572402350604534,0.461273193359375,0.04719974100589752,0.003663057949453756,950,0.11835587849894252,0.11678160985448119,0.10549049856604224,,,,,,,,,
PC2_track14,pc2,rough_forward,101,14,0,,999,0,0.31260085336983523,0.37093915045261383,0.05749841169877486,0.4201690021882165,4.865096604665559,0.09387726145152694,-0.018024541437625885,0.4176807552576065,0.043088510632514954,-0.0018255468358330529,950,0.17250353747977415,0.14737465128922142,0.14045283222969845,,,,,,,,,
PC2_track14,pc2,rough_forward,101,15,0,,999,0,0.3231271830472079,0.3812466561794281,0.05797512136041162,0.4460869122697708,4.447343505124143,0.07014391581171986,0.017398210242390633,0.44072212278842926,-0.017900139093399048,-0.000817727277623137,950,0.14330592311406568,0.14470080808954083,0.15781811632916018,,,,,,,,,
PC2_track14,pc2,rough_forward,101,16,0,,999,0,0.32911774508137115,0.3905619829893112,0.06191724889418658,0.4293186968629906,6.472340923038369,0.08769455678228956,-0.0010874029248952866,0.4281110614538193,0.0020556896924972534,0.0037808341775985924,950,0.32096586272656286,0.1499699268186208,0.18504982193801112,,,,,,,,,
PC2_track14,pc2,rough_forward,101,17,0,,999,0,0.32597922187119244,0.3851938098669052,0.05916635747899346,0.46595493830110934,3.65308318146349,0.0886586852811984,-0.04750471189618111,0.46289297938346863,0.06485195457935333,0.000565753263585704,950,0.36136438780582264,0.12891787672766372,0.17667831588006983,,,,,,,,,
PC2_track14,pc2,rough_forward,101,18,0,,999,0,0.2952597889511343,0.35504962503910065,0.05951675884226426,0.5051768168533816,5.6573576278352355,0.0710266674193964,-0.029910681769251823,0.5039322078227997,0.010291054844856262,0.0007830686110226193,950,0.35176825784745636,0.22081765383417895,0.09494470226183144,,,,,,,,,
PC2_track14,pc2,rough_forward,101,19,0,,999,0,0.3167822327524583,0.37677590548992157,0.060113621268042906,0.46728267403209955,3.7145598059967746,0.09261835896429936,-0.061294546350836754,0.4652830511331558,0.034506574273109436,0.0020037054378081107,950,0.19207572735331227,0.12721342736757085,0.1206245180637418,,,,,,,,,
PC2_track14,pc2,rough_forward,101,20,0,,999,0,0.3121916516260667,0.3705557882785797,0.05857417162726907,0.4398593636742115,5.560050085887665,0.08904703071893952,-0.006411627167835832,0.4377111345529556,-0.012487977743148804,0.0002039792065951923,950,0.12097026025630468,0.10892410118223586,0.1539007041274925,,,,,,,,,
PC2_track14,pc2,rough_forward,101,21,0,,999,0,0.3231649658577965,0.3853967487812042,0.06244176466834736,0.415647114214598,7.33688301412252,0.10928771950948041,0.02874584123492241,0.40915171802043915,0.03427070379257202,0.0022438528703495747,950,0.1265559248752908,0.13518468007443693,0.21893312298975298,,,,,,,,,
PC2_track14,pc2,rough_forward,101,22,0,,999,0,0.2969100553402926,0.3535112589597702,0.056404093370080635,0.49588165340168056,4.257967014275641,0.05289944841287701,0.02151532843708992,0.4935179054737091,0.013007178902626038,-0.0017758129752255963,950,0.15422856945796506,0.14968459834058045,0.08250666676490066,,,,,,,,,
PC2_track14,pc2,rough_forward,101,23,0,,999,0,0.32445874156798904,0.3849576264619827,0.06002639321719899,0.4992356420530793,4.35594809769141,0.06619036322486624,-0.029745077714323997,0.49519383907318115,-0.0020545870065689087,-0.000386895980426967,950,0.46305278339794304,0.14176970379490902,0.09578157538905321,,,,,,,,,
PC2_track14,pc2,rough_forward,101,24,0,,999,0,0.3033472891637986,0.35939398407936096,0.05637779337837097,0.5064410534144971,4.569709393307382,0.07980156554647212,-0.00037179188802838326,0.5052967667579651,0.04231870174407959,-0.0031182141227518168,950,0.2113379249881775,0.15829553450929568,0.0912702463348641,,,,,,,,,
PC2_track14,pc2,rough_forward,101,25,0,,999,0,0.29926706284762705,0.3609190434217453,0.06141030214687082,0.5018863227983085,5.443063236321533,0.0668794167152072,-0.0407620370388031,0.49514245986938477,0.0008585602045059204,-0.002644656176235591,950,0.09494138824124139,0.13842381674608512,0.07619433068251301,,,,,,,,,
PC2_track14,pc2,rough_forward,101,26,0,,999,0,0.3085628943169181,0.36782531440258026,0.0588206785885408,0.4280696955365102,5.761126853468363,0.11537429784371203,-0.03847438283264637,0.4230504184961319,0.012620285153388977,-0.0032870297763436807,950,0.14286561999203462,0.12536190213375997,0.19575510683158126,,,,,,,,,
PC2_track14,pc2,rough_forward,101,27,1,7.24,999,1,,,,,,,,,,,312,0.502875993018598,0.14702284935639753,0.49293846988116424,,,,,,,,,
PC2_track14,pc2,rough_forward,101,28,0,,999,0,0.3004037229453816,0.3621053397655487,0.0621344622443704,0.4940002257014554,4.803220433605617,0.07947164630362273,-0.02340263780206442,0.48971934616565704,-0.008400171995162964,-0.0013630300919639932,950,0.1050633101290879,0.10712266179142803,0.10372327941328294,,,,,,,,,
PC2_track14,pc2,rough_forward,101,29,0,,999,0,0.3086758397798487,0.3685730993747711,0.05969634540578261,0.3421959113474584,5.168535621390338,0.166990735489271,-0.036857955157756805,0.34152622520923615,0.05772259831428528,-0.00047497570833420627,950,0.16558684346551608,0.1463502690059693,0.37270259617111434,,,,,,,,,
PC2_track14,pc2,rough_forward,101,30,0,,999,0,0.34106504447001185,0.40258781611919403,0.06147544779242041,0.033857534669981204,1.1714450455805951,0.4987211504264871,-0.04264934919774532,0.001841800520196557,-0.0033620744943618774,0.0011961013875543061,950,0.5011104448741359,0.11369175597931054,0.502925312858199,,,,,,,,,
PC2_track14,pc2,rough_forward,101,31,0,,999,0,0.30017241469041545,0.36293601989746094,0.06438998870033633,0.4775865169549138,3.35161455796284,0.08092258306595376,-0.045629413798451424,0.47121214866638184,0.003694206476211548,0.0019118773108497758,950,0.10925012884599931,0.11147760238371765,0.1043366776644828,,,,,,,,,
PC2_track14,pc2,rough_forward,202,0,0,,999,0,0.29033885561527417,0.3486897349357605,0.05841764154281208,0.4964088164185891,4.901214483020733,0.07653275226386311,-0.00498153967782855,0.49374768137931824,0.053327202796936035,-0.003702000500684116,950,0.1229299105226292,0.15038871671319787,0.1010839241219917,,,,,,,,,
PC2_track14,pc2,rough_forward,202,1,0,,999,0,0.30195996236992395,0.36352117359638214,0.06137244076652323,0.4766904397829473,5.383423478049035,0.0900746371565592,0.0017053138581104577,0.47491082549095154,0.017209842801094055,-0.000149721767813131,950,0.09926484977886237,0.1149583229834393,0.1019142609950779,,,,,,,,,
PC2_track14,pc2,rough_forward,202,2,0,,999,0,0.31942457072237596,0.3815595507621765,0.06218416040593927,0.44864501094132475,4.170759293220385,0.07095810111450752,-0.004851746722124517,0.44766153395175934,-0.006046772003173828,-0.001811802705978971,950,0.15632407601408913,0.1293906723682209,0.13982874787104557,,,,,,,,,
PC2_track14,pc2,rough_forward,202,3,0,,999,0,0.3207767465535332,0.37982888519763947,0.059500597377511906,0.4521016257546846,3.3428902578314714,0.10209620194502046,-0.030567647889256477,0.4493938833475113,-0.012938573956489563,-0.002970598598215031,950,0.3726545922990738,0.12229184897497417,0.13271708873491653,,,,,,,,,
PC2_track14,pc2,rough_forward,202,4,0,,999,0,0.32259070721858324,0.38575074076652527,0.06340063574479862,0.46943644624665776,4.491342291522312,0.07850982862344993,-0.021243056282401085,0.46756570041179657,0.010999917984008789,0.0013145507975695567,950,0.1374016637144161,0.1389855395211449,0.11650017981876902,,,,,,,,,
PC2_track14,pc2,rough_forward,202,5,0,,999,0,0.31047275518988543,0.36953799426555634,0.0590042889436936,0.46768761246843915,5.248990722756796,0.06746126285052456,0.025937757454812527,0.4670940488576889,0.0202740877866745,-0.0015318865444570937,950,0.12545886231156286,0.12889518616055717,0.10079125602135298,,,,,,,,,
PC2_track14,pc2,rough_forward,202,6,0,,999,0,0.29352896584865246,0.35440003871917725,0.060476853885752635,0.46410995490024204,4.565810633553736,0.0772255889899751,0.04190833121538162,0.46379293501377106,0.01594141125679016,-0.0007381235214478157,950,0.1100940282987459,0.13944531865441498,0.12947334008400152,,,,,,,,,
PC2_track14,pc2,rough_forward,202,7,0,,999,0,0.3134213838985259,0.3742465227842331,0.06092728395513035,0.43925409596919596,4.813845428662743,0.09025512727588114,-0.007768863812088966,0.43835532665252686,0.05018235743045807,-0.0019425376851290865,950,0.11678620210552312,0.1106536647586692,0.1470386964057233,,,,,,,,,
PC2_track14,pc2,rough_forward,202,8,0,,999,0,0.29822742532600055,0.358068585395813,0.05975534571683343,0.5197435853157479,4.874835773096118,0.06910368338757242,-0.012443742249161005,0.5175541043281555,0.02527296543121338,-0.0012743332806755547,950,0.10499169300982455,0.1453355828169596,0.09459634563387137,,,,,,,,,
PC2_track14,pc2,rough_forward,202,9,0,,999,0,0.336731895087237,0.39767007529735565,0.06040866362219825,0.46336767475682483,3.8084911228054286,0.08072607344168226,-0.006024484522640705,0.4589326083660126,0.006870433688163757,-0.00039974253445386465,950,0.157849605200842,0.1604230805422094,0.12151158659630423,,,,,,,,,
PC2_track14,pc2,rough_forward,202,10,0,,999,0,0.3354117414530586,0.39638668298721313,0.060608103951030876,0.44522153676785503,5.426881993332557,0.08077381815734533,-0.026745019480586052,0.44321128726005554,0.03676199913024902,0.0003318888618346824,950,0.22939344733342973,0.1490628144966125,0.16288083360943284,,,,,,,,,
PC2_track14,pc2,rough_forward,202,11,0,,999,0,0.29875254081213537,0.35757559537887573,0.05863831259987571,0.45051590325265256,4.917427811519998,0.09852938623835106,0.04517866298556328,0.4456126242876053,0.024723827838897705,-0.0008798487046185674,950,0.28976054920154876,0.13253936503009583,0.13840874207153311,,,,,,,,,
PC2_track14,pc2,rough_forward,202,12,0,,999,0,0.29298092950792876,0.35667072236537933,0.06315913684865371,0.43398101607876005,5.967982182454723,0.10646027718623803,0.01463605696335435,0.43175026774406433,0.0605652779340744,0.0012930191774419356,950,0.2586424547595302,0.16319046590323794,0.15387794431743387,,,,,,,,,
PC2_track14,pc2,rough_forward,202,13,0,,999,0,0.3094639847463465,0.36853015422821045,0.05858554942085144,0.44126572593499613,4.196566080118964,0.08460150237350951,-0.004357615252956748,0.4395597279071808,-0.011545181274414062,-0.0006950806806431745,950,0.3173956698859461,0.18668718560548012,0.13621857576803964,,,,,,,,,
PC2_track14,pc2,rough_forward,202,14,0,,999,0,0.29467304592782806,0.35283927619457245,0.057901622139833825,0.47127652051215063,5.762421077520321,0.08713343206604995,0.0054820142686367035,0.46779127418994904,0.020387664437294006,-0.00280615352691814,950,0.14539469595158394,0.1419910898188749,0.12620451632823704,,,,,,,,,
PC2_track14,pc2,rough_forward,202,15,0,,999,0,0.2965775356095105,0.3546779751777649,0.058454284055985226,0.4735059179747577,5.827151659665985,0.0735895563535566,-0.03650401160120964,0.4695074260234833,0.011393576860427856,-0.0014285582272126757,950,0.3356266863782901,0.1370840556669195,0.10322178157145799,,,,,,,,,
PC2_track14,pc2,rough_forward,202,16,0,,999,0,0.3274540546584257,0.38493387401103973,0.05707953957950368,0.4697780380520763,5.342999354765412,0.07846532188615568,-0.008837063563987613,0.46721991896629333,0.013398692011833191,-0.00029614902435139145,950,0.13405820856252212,0.13376904420439403,0.11044525191429867,,,,,,,,,
PC2_track14,pc2,rough_forward,202,17,0,,999,0,0.31490603671035666,0.3742443174123764,0.06009993323667802,0.4886263494323605,8.944240783620607,0.0983922043253469,-0.012921603862196207,0.47954726219177246,0.05552093684673309,0.000690460205078125,950,0.28686271574709565,0.15886671915895123,0.1587795700576828,,,,,,,,,
PC2_track14,pc2,rough_forward,202,18,0,,999,0,0.3089142548527947,0.36425545811653137,0.0554264343996099,0.5016938060537568,5.668942753750713,0.08059523581901709,-0.03130389004945755,0.4992070943117142,0.0064330995082855225,-0.0015595023007316383,950,0.1293239945474544,0.12770153901463255,0.09541471813513304,,,,,,,,,
PC2_track14,pc2,rough_forward,202,19,0,,999,0,0.3200246497271533,0.3774872422218323,0.05754520293863062,0.43617362593517867,4.5720728531972235,0.12281160139677051,0.05892938748002052,0.41182228922843933,-0.011168062686920166,0.001245921945826893,950,0.15868287609637566,0.1290657741087543,0.1792608728849231,,,,,,,,,
PC2_track14,pc2,rough_forward,202,20,0,,999,0,0.3075787950167681,0.36386677622795105,0.0567368492085666,0.5032378333600807,5.703940038363573,0.07387828343069495,-0.04881158284842968,0.5003066956996918,0.031763046979904175,-0.0013920891093697693,950,0.09285779950151912,0.11717160873472798,0.09017259811910905,,,,,,,,,
PC2_track14,pc2,rough_forward,202,21,0,,999,0,0.29629716404619066,0.35217060148715973,0.055472001672428564,0.5051640837816564,6.3196158095060655,0.0824669798310061,0.06859943270683289,0.5036928653717041,-0.003162011504173279,-0.002557611720447231,950,0.22119854076946002,0.18872400851312032,0.12146503931313796,,,,,,,,,
PC2_track14,pc2,rough_forward,202,22,0,,999,0,0.306809887768113,0.3655795305967331,0.05889615145596591,0.48393661336620364,5.123306629094242,0.07483020539378958,0.00665961904451251,0.4828728437423706,0.05384548008441925,0.00392892398936226,950,0.09955189536820386,0.11475974213272162,0.10324585959680245,,,,,,,,,
PC2_track14,pc2,rough_forward,202,23,0,,999,0,0.2729152813155383,0.332159087061882,0.05954021311061268,0.4001958482352797,3.064928425584129,0.11615938156148316,0.043219391256570816,0.39612534642219543,-0.019308552145957947,0.0035208839783694088,950,0.43838787530176043,0.1283280641181767,0.23485435229399632,,,,,,,,,
PC2_track14,pc2,rough_forward,202,24,0,,999,0,0.3120971161095216,0.3702312409877777,0.05795478820800781,0.47384412343960214,7.093055391306423,0.0926088522033465,-0.03841012716293335,0.463534414768219,-0.0026261508464813232,0.00012790455537683987,950,0.16535250726987386,0.13845254878957067,0.2474940270788971,,,,,,,,,
PC2_track14,pc2,rough_forward,202,25,0,,999,0,0.3022141925153885,0.357644185423851,0.055373074536655034,0.5311716465709374,6.321670647345128,0.07162650996951644,-0.013374860398471355,0.5301023721694946,0.04404787719249725,0.00127502686199657,950,0.09772191157375212,0.11226297472536804,0.08334470798985533,,,,,,,,,
PC2_track14,pc2,rough_forward,202,26,0,,999,0,0.3368174127716431,0.3949419856071472,0.058597263805369004,0.4736384751255208,5.587616530417959,0.07465560844563864,-0.026292013935744762,0.47357194125652313,0.018038690090179443,-0.0007845577709177584,950,0.19660683819619834,0.11335075392116661,0.10545252851968867,,,,,,,,,
PC2_track14,pc2,rough_forward,202,27,0,,999,0,0.2918120958110228,0.3536459058523178,0.06149978433700806,0.5077839397500219,3.1555621406563414,0.07573350512427185,-0.0886770710349083,0.5059041082859039,0.04068352282047272,0.003316736476306606,950,0.1308031811318924,0.12622057792070193,0.08817685505119126,,,,,,,,,
PC2_track14,pc2,rough_forward,202,28,0,,999,0,0.31529979352007576,0.3759748637676239,0.05979348248976437,0.3958918033511923,3.668980562645663,0.13020701759928016,0.026324227452278137,0.3884989768266678,0.001979231834411621,0.00038570261256579835,950,0.328826476538702,0.14957446013567807,0.28383581581190637,,,,,,,,,
PC2_track14,pc2,rough_forward,202,29,0,,999,0,0.3067555972599091,0.36860717833042145,0.060758866090825536,0.414400365789594,6.929252178503797,0.09580266668498777,0.003709574928507209,0.4124557226896286,0.03611920773983002,7.30810318401165e-05,950,0.12195612355867498,0.11145297658852174,0.14876516505903084,,,,,,,,,
PC2_track14,pc2,rough_forward,202,30,0,,999,0,0.2935358766406615,0.3543561100959778,0.06064320630568234,0.5054714765494128,3.4259166566404207,0.06941391145934622,-0.02904092613607645,0.5023099482059479,0.008270978927612305,-0.0005665386424345137,950,0.34792201432580877,0.18889244473525577,0.11003850060351786,,,,,,,,,
PC2_track14,pc2,rough_forward,202,31,0,,999,0,0.2981229395789896,0.3539748787879944,0.05569053078717726,0.5256661473059328,3.6407962722083456,0.06328338295398869,-0.05242899991571903,0.5218915939331055,0.016119718551635742,-0.0005492552078981486,950,0.3982673613576277,0.14351309991675265,0.07334642096801182,,,,,,,,,
PC2_track14,pc2,rough_forward,303,0,0,,999,0,0.32769470179782195,0.3860626816749573,0.05778538097034801,0.4328780749868034,4.546914578849376,0.10281403057309818,0.014277804642915726,0.42521217465400696,0.01882597804069519,-0.00028368496002360855,950,0.3093353510407077,0.16159158248012886,0.16443475872377697,,,,,,,,,
PC2_track14,pc2,rough_forward,303,1,0,,999,0,0.2995354077395271,0.3590124845504761,0.05952803463859354,0.5126644366748909,3.5773496586749305,0.06465558286659931,-0.05150607042014599,0.5118921101093292,0.019164741039276123,0.0012441726929363697,950,0.10469254961516793,0.12029692624951153,0.08435117712007362,,,,,,,,,
PC2_track14,pc2,rough_forward,303,2,0,,999,0,0.3358056420151563,0.3929751068353653,0.05688986548765458,0.30921039379326754,5.576959558753336,0.2037392902900044,0.023525643162429333,0.30336931347846985,0.03207249939441681,0.0006520990381903846,950,0.4560877669305381,0.12656064388252375,0.2556715037647759,,,,,,,,,
PC2_track14,pc2,rough_forward,303,3,0,,999,0,0.327312944964929,0.3859986811876297,0.058341138503130746,0.3612943676908067,6.797947085232313,0.15560423708651833,0.05054030567407608,0.35882435739040375,-0.005710527300834656,-0.0010847254870409648,950,0.147622907752954,0.12610630111126467,0.17600944290936615,,,,,,,,,
PC2_track14,pc2,rough_forward,303,4,0,,999,0,0.3442526921072108,0.4038325399160385,0.059610749310988156,0.10276523538174027,3.331957667478995,0.4619484414585683,-0.035037605091929436,0.043389078229665756,0.04809333384037018,-6.174403715898669e-05,950,0.4212786793423548,0.14526050491832382,0.4350746441441773,,,,,,,,,
PC2_track14,pc2,rough_forward,303,5,0,,999,0,0.3334669285917027,0.3927212059497833,0.05954112598602784,0.2908407436975342,3.13735496731966,0.22182880392764048,-0.08450879529118538,0.2813267707824707,0.06404155492782593,0.001204674256676655,950,0.16370741984503798,0.1267611252668989,0.3172341218675292,,,,,,,,,
PC2_track14,pc2,rough_forward,303,6,0,,999,0,0.3007624026607065,0.36034002900123596,0.060747228204247786,0.4328752308821948,4.822335927482435,0.10726795156808241,-0.026783368550240993,0.4277961403131485,-0.018838077783584595,0.0020394656747420234,950,0.1920124459781034,0.12848964372260094,0.20411756203027603,,,,,,,,,
PC2_track14,pc2,rough_forward,303,7,0,,999,0,0.3126311028864295,0.3718142807483673,0.059115848439262514,0.48957741668350885,3.3664826859338177,0.08009547761005134,0.00940055912360549,0.4861515164375305,0.008421629667282104,-0.0014734370185729637,950,0.282749542561155,0.14986052616650078,0.1237717811617866,,,,,,,,,
PC2_track14,pc2,rough_forward,303,8,0,,999,0,0.3119077931910275,0.37139375507831573,0.05942933189677682,0.5106926850794431,4.98198952640502,0.08367450802478224,-0.02307506650686264,0.5065414905548096,-0.003806576132774353,0.002527940719522892,950,0.11451533918364128,0.15009315045244676,0.09603511990084161,,,,,,,,,
PC2_track14,pc2,rough_forward,303,9,0,,999,0,0.32552373249900535,0.3851000964641571,0.05820847577589718,0.4657629031880359,6.760982314167737,0.06750541275717811,-0.07146487757563591,0.4651215821504593,0.01378682255744934,0.001202272221366353,950,0.12333310507048555,0.12491049558616363,0.09242273073922844,,,,,,,,,
PC2_track14,pc2,rough_forward,303,10,0,,999,0,0.30647197278106914,0.3660326898097992,0.059571123378162075,0.45776096757509954,3.8736806745805232,0.09328505963404665,-0.014656096696853638,0.4543120265007019,-0.017221421003341675,0.0037015976115344004,950,0.11966410211957397,0.11349518116456148,0.1386263157042254,,,,,,,,,
PC2_track14,pc2,rough_forward,303,11,0,,999,0,0.3176798797386853,0.37520019710063934,0.057310711253773086,0.49053970915143524,6.03068518141769,0.07386574425908203,-0.04083503037691116,0.48630180954933167,0.05060999095439911,-0.001081043386204357,950,0.11417839391625804,0.11658138648283504,0.12315987732896513,,,,,,,,,
PC2_track14,pc2,rough_forward,303,12,0,,999,0,0.2923674142775051,0.3509386330842972,0.05817531646891711,0.4594091517112847,3.689462333991863,0.10309098145447036,-0.03040542546659708,0.45427045226097107,-0.014501020312309265,0.00045558093065883876,950,0.33317720063474127,0.15961995785613167,0.13383935808901504,,,,,,,,,
PC2_track14,pc2,rough_forward,303,13,0,,999,0,0.31570075245145807,0.37444740533828735,0.05884767216157148,0.49613346923907276,4.524257767494437,0.0691465762236168,-0.0034997983602806926,0.496118500828743,0.0004374086856842041,0.0015671571945761603,950,0.19793810882753476,0.1347547435246328,0.13064870193701322,,,,,,,,,
PC2_track14,pc2,rough_forward,303,14,0,,999,0,0.2951493868853319,0.3544757068157196,0.05948525189078428,0.49635957931287783,4.915198535565678,0.062096260842815346,-0.01793968863785267,0.49598199129104614,-0.0019659996032714844,0.0005363780546953356,950,0.09948453787377823,0.11758262606599,0.09063087602217641,,,,,,,,,
PC2_track14,pc2,rough_forward,303,15,0,,999,0,0.33518688109788025,0.39356882870197296,0.058110349318560434,0.4459315019527477,5.264920844114755,0.09369393585863789,0.021403498016297817,0.44179219007492065,0.005916997790336609,0.0012048170528309865,950,0.19678182918965242,0.14129034959851988,0.16070632564396717,,,,,,,,,
PC2_track14,pc2,rough_forward,303,16,0,,999,0,0.2767802396400727,0.33651985228061676,0.060157740179867664,0.45780691786023986,4.440560186459363,0.12245622084807752,-0.028945491649210453,0.45017464458942413,-0.007813289761543274,0.0022449238415070336,950,0.14312585932788058,0.1545892515623812,0.14789025868088446,,,,,,,,,
PC2_track14,pc2,rough_forward,303,17,0,,999,0,0.30406519420006695,0.3597395122051239,0.05589568296218301,0.14116042057542136,7.720203189747186,0.4259924014996362,-0.15082330256700516,0.0759011059999466,0.016306549310684204,-0.0006398848671326646,950,0.20640221442678836,0.13461997101978357,0.44363050717404684,,,,,,,,,
PC2_track14,pc2,rough_forward,303,18,0,,999,0,0.31057110890985173,0.3657110184431076,0.05519196311420298,0.45477715230344096,4.912220143337066,0.09285701081481665,-0.011130595114082098,0.451078400015831,0.029796943068504333,-0.0010917836969549025,950,0.24764537186339475,0.14080685817788507,0.14682561940226407,,,,,,,,,
PC2_track14,pc2,rough_forward,303,19,0,,999,0,0.2880831862834685,0.3469003438949585,0.05849552664527281,0.4754425642559663,4.339259182060468,0.07928572560283065,-0.049059538170695305,0.47145020961761475,0.03644487261772156,-0.00046017080704795904,950,0.44541613566842325,0.12158011663910417,0.1062165267704973,,,,,,,,,
PC2_track14,pc2,rough_forward,303,20,0,,999,0,0.28946675097241126,0.3511212468147278,0.06140160178118211,0.47195484336046967,5.039565113237102,0.05709733951641324,0.023149074986577034,0.4704585522413254,0.06869536638259888,0.0004563765092329558,950,0.19722411820465421,0.15232724111468565,0.11563471819321634,,,,,,,,,
PC2_track14,pc2,rough_forward,303,21,0,,999,0,0.3107349081313546,0.37112994492053986,0.06042321353035177,0.4647899715827727,4.081930551807804,0.07231736644297522,0.006719735451042652,0.46064741909503937,0.017101600766181946,0.003115016508867398,950,0.1811927208800473,0.12670087053396137,0.12403287629357464,,,,,,,,,
PC2_track14,pc2,rough_forward,303,22,0,,999,0,0.32545664045899947,0.3853120505809784,0.06060082134716013,0.44727207786013323,4.5670384423762105,0.09520642514765196,-0.04527365043759346,0.44529567658901215,-0.005411237478256226,0.0027072212912819596,950,0.3935708752114799,0.13508377660439205,0.13294819603408817,,,,,,,,,
PC2_track14,pc2,rough_forward,303,23,0,,999,0,0.3085967338977651,0.36678674817085266,0.057989339777492585,0.49023338318880233,3.552381620148304,0.07426849665093767,-0.057377614080905914,0.48573656380176544,0.06248781085014343,0.0020812692489216023,950,0.10506312679575039,0.11963073075241532,0.10338064985028253,,,,,,,,,
PC2_track14,pc2,rough_forward,303,24,0,,999,0,0.3263292646503704,0.3863152414560318,0.05984752573431494,0.47265166947115483,6.760697532068199,0.06473743418219619,-0.03719225898385048,0.46864326298236847,-0.011618807911872864,-0.0036153181351442354,950,0.11288296471039808,0.12381877762774492,0.10298599464031263,,,,,,,,,
PC2_track14,pc2,rough_forward,303,25,0,,999,0,0.3216742713024272,0.38230100274086,0.060907598485283675,0.4905958186023386,4.5550598205786805,0.07069449313372894,-0.024182886816561222,0.4874674677848816,-0.0029935240745544434,-7.935386290524454e-05,950,0.4415485566956762,0.123685500707348,0.11488297855689676,,,,,,,,,
PC2_track14,pc2,rough_forward,303,26,0,,999,0,0.3033524055213214,0.3625785708427429,0.05933776386281386,0.4873511386780488,3.229163364581535,0.06815976573382293,-0.06417752057313919,0.48664022982120514,0.023457854986190796,-0.0021341650243748983,950,0.14020722111718825,0.12968950368337967,0.08975843888443535,,,,,,,,,
PC2_track14,pc2,rough_forward,303,27,0,,999,0,0.290816885822597,0.34924353659152985,0.058265823731447924,0.4152488759141484,3.8748162948403513,0.1014393489308355,0.023866724222898483,0.414348840713501,0.05648799240589142,-0.0013225014834480492,950,0.20972777370174198,0.1854683313185253,0.1500590484664015,,,,,,,,,
PC2_track14,pc2,rough_forward,303,28,0,,999,0,0.33134145253801095,0.3908935934305191,0.06052531278069644,0.4030058236401859,5.383276758896759,0.11050449510001639,-0.007023245561867952,0.401594415307045,-0.0032127946615219116,-0.0008952706892860138,950,0.1345469196431839,0.1244601427257791,0.15587165292277963,,,,,,,,,
PC2_track14,pc2,rough_forward,303,29,0,,999,0,0.2976721051861258,0.3588128387928009,0.06153443280388327,0.43079635860122956,5.835811747873938,0.10700913059600377,0.032686373218894005,0.42463189363479614,0.01996612548828125,-0.0004083562024774362,950,0.1630349299272061,0.13764971467965081,0.14562106177325923,,,,,,,,,
PC2_track14,pc2,rough_forward,303,30,0,,999,0,0.3203900230918976,0.3785349130630493,0.057625892965551366,0.5015708527652952,6.533625293466356,0.07201885662673695,-0.042736783623695374,0.49685199558734894,0.00928199291229248,-0.0025316585193980792,950,0.1253163551734599,0.10551640169033345,0.0807888285911775,,,,,,,,,
PC2_track14,pc2,rough_forward,303,31,0,,999,0,0.30907197782700074,0.36751560866832733,0.059018889850473655,0.4958636199549344,4.862201184153676,0.06223275265199697,-0.02845839411020279,0.4958311468362808,0.03919588029384613,-0.0017234628850763545,950,0.10007858921775434,0.11967428556204268,0.08252062238743867,,,,,,,,,
PC2_track14,pc2,stairs_10_down,101,0,0,,999,0,0.2790664183424118,-0.3760955482721329,-0.6505354152006262,0.4419198170041245,5.341732310154269,0.07899697735052942,0.027161953039467335,0.439837247133255,0.009917601943016052,0.04411821314357811,950,0.4599936344277784,0.13327691994018437,0.11059445024798288,0,1,1,2.26,0.28054389501000465,0.45493450097899263,0.17897358903272909,0.06102067232131958,10.322109438631042
PC2_track14,pc2,stairs_10_down,101,1,0,,999,0,0.2652250621567436,-0.36260131001472473,-0.629412543964896,0.41875542033018043,7.912469210765947,0.12334583619638805,-0.026360781863331795,0.4169033020734787,0.009475618600845337,0.0620329137791924,950,0.4790478498485945,0.1543694072372423,0.2085317625686463,0,1,1,2.0,0.29249345634710344,0.4874106557227384,0.18080311870192467,0.14905759692192078,21.90238268637737
PC2_track14,pc2,stairs_10_down,101,2,1,3.32,999,0,0.3012800697177489,-0.37516163289546967,-0.6772735361109443,0.4975702220422496,6.939599421781885,0.05975063079528882,-0.0486647617071867,0.4962538480758667,0.025363609194755554,0.02005405222030876,116,0.06833238643428395,0.12900958083827138,0.06670999719543137,1,2,1,2.66,0.2938874857948426,0.4756281138999097,0.14634081928487763,0.039427220821380615,19.83539604832114
PC2_track14,pc2,stairs_10_down,101,3,0,,999,0,0.2862365641855301,-0.34932222962379456,-0.6221929896961559,0.4500926413554547,7.1148014637293056,0.08966218244865323,-0.024118296802043915,0.4480031430721283,0.017005831003189087,0.07299500225699518,950,0.47897584671573507,0.13778462412068365,0.17300815916294185,0,0,1,1.84,0.3062755712532105,0.4977137455640603,0.20913600140714395,0.06959095597267151,16.058587384454682
PC2_track14,pc2,stairs_10_down,101,4,0,,999,0,0.30569651181047613,-0.37414684891700745,-0.6796800236013484,0.5083327870308483,7.437865675917557,0.05739389009304183,-0.01609973981976509,0.5076980292797089,0.024727672338485718,0.0203214125199751,950,0.4620439238289767,0.1345468177753286,0.0941052903922588,1,2,1,2.5,0.2993526844417348,0.5086613100088003,0.16383442139243065,0.10516956448554993,19.401185091112104
PC2_track14,pc2,stairs_10_down,101,5,0,,999,0,0.3270525843861269,-0.35374049842357635,-0.6823538662915561,0.48753712733407817,6.701814063822201,0.06277860068216118,-0.05717240832746029,0.48639291524887085,0.018777921795845032,0.017647559630042053,950,0.4648813294025807,0.15193145670104113,0.07680922584522087,1,2,1,2.68,0.3175533111082679,0.5208559419293735,0.14835374384002886,0.05937722325325012,19.129951852968457
PC2_track14,pc2,stairs_10_down,101,6,1,18.18,999,0,0.3359112432774376,-0.3625510036945343,-0.7000006354428867,0.46928026844793613,6.375536500924101,0.07305776714627837,0.01280477549880743,0.4685801565647125,0.010163664817810059,-0.001604156698135073,859,0.41583562444118866,0.15160952988981044,0.11732164151604918,1,2,1,4.12,0.2938312177352089,0.540301479185048,0.16923708855149577,0.006396770477294922,19.94931482524186
PC2_track14,pc2,stairs_10_down,101,7,1,11.8,999,0,0.33061025494878943,-0.36623652279376984,-0.6994660168408072,0.4911550785921764,7.130971926615377,0.062101874660885376,-0.043417809531092644,0.48904842138290405,0.017399832606315613,-0.000534684900293958,540,0.4179371853870472,0.1269677765829556,0.0787985602901942,0,0,1,3.5,0.30926908879356585,0.4656335418568334,0.16970377762049915,0.033821314573287964,15.504552038417328
PC2_track14,pc2,stairs_10_down,101,8,0,,999,0,0.32371670015674225,-0.3587365448474884,-0.685562082790436,0.4961664802431802,7.236153538419183,0.063620790329496,-0.0341181680560112,0.49307775497436523,0.022501349449157715,0.014439016739952404,950,0.47135047103232236,0.07905580590702822,0.07876792768378857,0,0,1,2.68,0.3036435802671361,0.5399136599287992,0.17635546345761755,0.017058640718460083,14.764782432401107
PC2_track14,pc2,stairs_10_down,101,9,0,,999,0,0.3308632606491048,-0.35528603196144104,-0.6893056216724416,0.4731877207024051,6.80382953170013,0.06326558695545087,-0.05411643721163273,0.4723016321659088,0.015502721071243286,0.010694590481844846,950,0.4658152465725192,0.14248781333152769,0.08470676056877545,0,1,1,2.92,0.30715369763858813,0.47189222586743307,0.22196706683240475,0.08391481637954712,14.307702469791904
PC2_track14,pc2,stairs_10_down,101,10,0,,999,0,0.3077910065969681,-0.38205087184906006,-0.6962570761614305,0.5243420891223255,7.379988052455737,0.05510249582901654,-0.020816401578485966,0.5220915675163269,0.01912751793861389,0.002674133382378985,950,0.47373592122916136,0.14113434196512198,0.06755413187735118,1,2,1,3.06,0.2946678600846765,0.49731366358313084,0.13269184442127457,0.0,16.702363465636353
PC2_track14,pc2,stairs_10_down,101,11,1,8.5,999,0,0.2711451040072875,-0.35697241127491,-0.6096259846406824,0.44808966190402133,7.157552956567527,0.10549271138357366,-0.007223038002848625,0.44225676357746124,0.02747790515422821,0.08181833073417133,375,0.4538153214998436,0.1304230774975506,0.19475884070290347,0,1,1,1.82,0.28230676214325234,0.5140006623398563,0.20504169508735126,0.09369289875030518,20.521682906577453
PC2_track14,pc2,stairs_10_down,101,12,1,4.62,999,0,0.2859992238289532,-0.3776671290397644,-0.6540112877912062,0.45676636077095456,6.93490332793737,0.09053046352472781,0.014795115683227777,0.4526526927947998,0.02683621644973755,0.04278122295032849,181,0.3587478313628101,0.13728644829043288,0.21021503694414193,0,0,1,2.1,0.2877183059320093,0.44700524928491625,0.17211027339818008,0.019219905138015747,12.281223890269743
PC2_track14,pc2,stairs_10_down,101,13,0,,999,0,0.29728759482582623,-0.3589440882205963,-0.653476266299977,0.47584425095370675,6.836986170682055,0.06712108762933042,-0.009414372965693474,0.4663619101047516,0.01851138472557068,0.04064162147236383,950,0.47026437075288785,0.1326990382490344,0.21311762470650356,0,1,1,2.1,0.28882425178818527,0.49933018040115534,0.1411795949234682,0.0693899393081665,15.88309630816064
PC2_track14,pc2,stairs_10_down,101,14,0,,999,0,0.2928427123130961,-0.36486783623695374,-0.6502676265124969,0.4879019524821165,6.8943226003101605,0.09716681249334723,-0.0781414806842804,0.4869237542152405,0.011469900608062744,0.04117662766400498,950,0.4725659859513605,0.156703790867132,0.2610973534957745,1,3,1,1.88,0.2808318381959741,0.4879019524821165,0.16511260347570322,0.10135936737060547,16.700176905788172
PC2_track14,pc2,stairs_10_down,101,15,1,10.54,999,0,0.33317810488257177,-0.35775837302207947,-0.6957224167604498,0.459618140712375,7.0421637905725785,0.07716251936489993,-0.02101902198046446,0.45490360260009766,0.013435333967208862,0.004278743968290422,477,0.41983119716788647,0.11166268060284651,0.09353800412010513,0,0,1,3.14,0.31794637409760995,0.5068475533837563,0.1629854137884742,0.012322396039962769,12.486265134645919
PC2_track14,pc2,stairs_10_down,101,16,0,,999,0,0.32086863922562825,-0.35623493790626526,-0.6788777744068819,0.4591376033222937,7.386974991671553,0.08812491786614773,-0.003719691652804613,0.4571138322353363,0.01810067892074585,0.02112317212762682,950,0.4798787282438513,0.14227924797539354,0.10613433795200855,0,1,1,2.58,0.3159598797400367,0.53241461831824,0.154348399549882,0.02394244074821472,15.640705695140408
PC2_track14,pc2,stairs_10_down,101,17,0,,999,0,0.28355706845694045,-0.35651956498622894,-0.6294119370812401,0.4440658576007769,7.20380437557962,0.09530518953502728,-0.029388124123215675,0.44317726790905,0.012462839484214783,0.06951975184965897,950,0.47644478806352064,0.10478582560045485,0.23422682736126885,0,1,1,1.86,0.3085107643974019,0.5062186171080093,0.19899958531486794,0.0669066309928894,11.393765076185899
PC2_track14,pc2,stairs_10_down,101,18,0,,999,0,0.2821862251363336,-0.3803938329219818,-0.6566850386838862,0.48667247537220143,7.965752129713982,0.06725243230031001,-0.033642638474702835,0.4773889482021332,0.031104594469070435,0.04117705605246802,950,0.47648444918299726,0.14677152636402493,0.23242502002125698,1,2,1,1.94,0.2816591001449422,0.47739296945260007,0.1343520173733247,0.12384533882141113,21.66890643104842
PC2_track14,pc2,stairs_10_down,101,19,0,,999,0,0.32055953160964235,-0.3552517145872116,-0.6759363827220897,0.4614484466965976,7.195231762435559,0.08528207811590346,-0.011279718019068241,0.45613066852092743,0.0174725204706192,0.024064645410221464,950,0.4657393082501697,0.13664378515336023,0.10705528476528617,0,1,1,2.6,0.31414303502297014,0.4781054950128521,0.17431146320812207,0.08883550763130188,18.326012690765005
PC2_track14,pc2,stairs_10_down,101,20,0,,999,0,0.3235757529416824,-0.3645271360874176,-0.7000000693581321,0.477046206190608,7.072004794397074,0.07143797322138914,-0.0170827629044652,0.4764343202114105,0.02068665623664856,5.303857161242931e-07,950,0.4533202164915431,0.08449894828207431,0.09205717775201018,0,1,1,3.16,0.31683608060852086,0.48957177736933133,0.17157514943158558,0.07115155458450317,15.761361924744081
PC2_track14,pc2,stairs_10_down,101,21,0,,999,0,0.29959715249385427,-0.361804336309433,-0.6585564281851213,0.47347834243994524,6.5514785509564515,0.07987824741326893,-0.005484806373715401,0.46650896966457367,0.01696491241455078,0.04144381456834112,950,0.4668298925730724,0.11049218557426935,0.09852314781010697,0,1,1,2.26,0.30573342079147303,0.5109209414497821,0.14030449291601543,0.03490263223648071,16.878949078396708
PC2_track14,pc2,stairs_10_down,101,22,0,,999,0,0.2941367556067074,-0.38128894567489624,-0.6727280642259568,0.5233009887631499,6.863813919764664,0.08102930164501404,-0.019647015258669853,0.5195946097373962,0.028252780437469482,0.027272168327780233,950,0.4454857915190464,0.16653307263904518,0.10214803125129135,1,4,1,2.44,0.2914683138304216,0.5261982367161567,0.12970756161659158,0.030324816703796387,14.266893070485953
PC2_track14,pc2,stairs_10_down,101,23,0,,999,0,0.2944011186214692,-0.360416442155838,-0.6508025919052369,0.48750215022781423,6.920844136933533,0.08581156143439586,-0.05778038129210472,0.48046770691871643,0.010922342538833618,0.042780871059805214,950,0.48023301174058425,0.14889124081724442,0.21048255311815078,1,2,1,1.86,0.2889458957840415,0.5210511558586173,0.15029030480486827,0.13249973952770233,20.5484852674342
PC2_track14,pc2,stairs_10_down,101,24,1,2.98,999,0,0.23005732878006713,-0.3835708051919937,-0.6213914493825984,0.46049137338353047,4.23369520757304,0.12925813883117604,-0.08703599497675896,0.4557763338088989,0.030964389443397522,0.0689837103858989,99,0.32987744122174234,0.18476072943915478,0.32987744122174234,0,0,1,1.78,0.26546932095512354,0.49991023138651847,0.1702050518862066,0.03296133875846863,17.168853305432563
PC2_track14,pc2,stairs_10_down,101,25,1,4.94,999,0,0.31035598347531285,-0.3844883143901825,-0.698931260542436,0.5119782766324013,7.5534233415822225,0.07076804175342179,-0.03186049871146679,0.510323166847229,0.012875586748123169,1.835950556028365e-07,197,0.22764949690856204,0.1416216618909186,0.07506249410060593,0,0,1,3.32,0.2936793097200241,0.5452727764718414,0.17291567590147416,0.018703848123550415,7.479815980506555
PC2_track14,pc2,stairs_10_down,101,26,1,10.0,999,0,0.30351054078754897,-0.37387509644031525,-0.6743323331210702,0.47547374111987817,7.688486647200005,0.06754301618865541,-0.041714947670698166,0.47169405221939087,0.022511377930641174,0.025668664412065056,450,0.41203364958664157,0.1500776890441537,0.0979269326969067,1,2,1,2.42,0.2937528060719291,0.5200904701490091,0.13095548940214885,0.02913844585418701,23.098893999946913
PC2_track14,pc2,stairs_10_down,101,27,0,,999,0,0.29125060674978454,-0.3727308213710785,-0.6518722166989577,0.4621032813721949,7.039155618294817,0.09300430738200169,-0.08161155879497528,0.4618482291698456,0.03253558278083801,0.03903760247052035,950,0.46684246142670804,0.15560745091136305,0.2160374058730663,1,3,1,2.52,,,0.18615702575540793,0.13955041766166687,18.97191364653596
PC2_track14,pc2,stairs_10_down,101,28,0,,999,0,0.2875367677148013,-0.3702995181083679,-0.6513377408930324,0.49363191420644126,6.48781996903072,0.0677572323350628,-0.049998942762613297,0.4936038851737976,0.02219340205192566,0.04545450465564427,950,0.4610779730986269,0.11639306724317884,0.25212654045809124,1,3,1,1.88,0.2871578326199782,0.5150242986450003,0.16543533394043464,0.06294175982475281,20.243760174427177
PC2_track14,pc2,stairs_10_down,101,29,1,13.86,999,0,0.2760683284564452,-0.38339763879776,-0.655348364682121,0.5023001933343887,6.140062077199675,0.06326420985235426,-0.026488052681088448,0.5021853744983673,0.022127807140350342,0.03877028806961802,643,0.4601308959666575,0.1424781195706607,0.20050536944948885,0,1,1,2.02,0.2760021877798805,0.5266430698595815,0.13474811191227343,0.06302160024642944,10.346933339766604
PC2_track14,pc2,stairs_10_down,101,30,0,,999,0,0.3374739562604516,-0.35037872195243835,-0.692781800254781,0.4195008657143766,6.923396598102512,0.09447952337720808,0.008362962864339352,0.41683340072631836,0.008213460445404053,0.007219023883023978,950,0.4045617954505698,0.15138366125067648,0.13645035318820234,1,5,1,3.38,0.3141106811755481,0.4301741767141322,0.16467637923312062,0.11574804782867432,20.848745358651097
PC2_track14,pc2,stairs_10_down,101,31,0,,999,0,0.2893644805579262,-0.35739046335220337,-0.6409097610310437,0.46814961177654,6.95380904932971,0.0769744168602208,-0.0457743126899004,0.4668426215648651,0.03140130639076233,0.059091420097147074,950,0.47324864061999594,0.10353408268089313,0.16177652336123177,0,1,1,2.02,0.3044353884490416,0.5109086100952446,0.1943311291263703,0.07883816957473755,14.609139256644648
PC2_track14,pc2,stairs_10_down,202,0,1,2.12,999,0,0.2481103892472976,-0.3798690289258957,-0.6254017722797904,0.4275049047001027,5.759035438074127,0.1062756152979492,-0.02050936408340931,0.4264378249645233,0.04031945765018463,0.06230046787363952,56,0.27935254237508644,0.18061814045865462,0.27935254237508644,0,1,1,1.72,0.2587090788040569,0.44022663160747544,0.15464663664924905,0.03853553533554077,21.573683817162102
PC2_track14,pc2,stairs_10_down,202,1,0,,999,0,0.26223087661406574,-0.36954089999198914,-0.6278081985718427,0.4222446414408456,5.357854074954412,0.11220300469098894,-0.05241820961236954,0.4214819073677063,0.026970714330673218,0.056684596015807776,950,0.5132503524514006,0.15486486082923565,0.2530647841279876,0,1,1,2.02,,,0.18761384471215026,0.19671621918678284,25.1327410243011
PC2_track14,pc2,stairs_10_down,202,2,0,,999,0,0.32945615682691176,-0.3614661246538162,-0.6970596517471068,0.4915376343062423,8.082691434201962,0.06135832745384355,-0.01368551841005683,0.48842279613018036,0.015220269560813904,0.002940998995367927,950,0.43951594395109095,0.14103043605729773,0.09636346623013499,1,3,1,3.08,0.3161991326247945,0.5069113809471916,0.2060804916894372,0.1341889500617981,20.830813409932958
PC2_track14,pc2,stairs_10_down,202,3,0,,999,0,0.28207726864253774,-0.3488070219755173,-0.6245996811810661,0.42173967603097506,6.877970904969415,0.11014552101408936,-0.07083036378026009,0.42111845314502716,0.011988058686256409,0.07112312316894531,950,0.4781783981301536,0.1406007253502506,0.18967378878202062,1,2,1,1.86,0.29890840895035686,0.46231986957544663,0.18443294977121816,0.12785671651363373,21.92270720293644
PC2_track14,pc2,stairs_10_down,202,4,0,,999,0,0.33223711591672134,-0.35831059515476227,-0.6962578003419274,0.4874437142392638,7.592823326328739,0.06661387831623357,-0.0261201411485672,0.48522695899009705,0.008710935711860657,0.003743809174726387,950,0.45693415345572364,0.1380783964943831,0.08160050678100017,1,2,1,3.06,0.31475830906852686,0.5279671188534756,0.17069748872741664,0.06782439351081848,17.626959260876713
PC2_track14,pc2,stairs_10_down,202,5,1,5.0,999,0,0.2852091554970665,-0.3687080144882202,-0.6486636993081812,0.4982931089426055,6.284720979105824,0.04848418052134593,-0.00019674934446811676,0.49733656644821167,0.03820386528968811,0.046524700633982286,200,0.41612377268506884,0.1379549345981866,0.3442752528164191,0,-1,1,1.82,0.2819186457019439,0.4982931089426055,0.16510874431401013,0.014663755893707275,14.8570166987514
PC2_track14,pc2,stairs_10_down,202,6,0,,999,0,0.28669037410919684,-0.37604571878910065,-0.6566852579779804,0.49465863245175234,6.743066626930787,0.0627524381691357,-0.007564560044556856,0.4941009134054184,0.022852405905723572,0.04010703856932285,950,0.46964275884100515,0.1151695108094222,0.10492248480171183,0,1,1,2.06,0.2797442792571164,0.49947687801751245,0.17230398482817377,0.10687479376792908,18.679201149184347
PC2_track14,pc2,stairs_10_down,202,7,0,,999,0,0.25288461937623863,-0.3439476042985916,-0.6048133666502601,0.43081712369427116,7.071299666966189,0.10638878639361724,-0.044661737978458405,0.423841193318367,0.02873910963535309,0.0834226251285981,950,0.4763737106416134,0.13388527782610107,0.21355864190100698,1,2,1,1.74,0.2898565016009591,0.4920691468759968,0.19272956778021422,0.09824234247207642,16.85797660234328
PC2_track14,pc2,stairs_10_down,202,8,1,3.08,999,0,0.29002178544029195,-0.38369734585285187,-0.6692517173481498,0.5081324510692689,7.344578217296355,0.06943407496818071,-0.02185096498578787,0.5058747231960297,0.02272258698940277,0.030748912994874256,104,0.18758226517279913,0.12467703992803487,0.1586720295224467,1,3,1,2.34,0.29179914383327255,0.5129009593641738,0.1718102081574221,0.02119678258895874,7.323139756845273
PC2_track14,pc2,stairs_10_down,202,9,0,,999,0,0.29276477637137954,-0.3446020781993866,-0.6203215185971183,0.45328793453352273,6.578613506315756,0.12965386107695218,-0.012987138703465462,0.4528190642595291,0.03763371706008911,0.07593546576678445,950,0.4858099504791628,0.1371284256867925,0.21197704440100035,0,1,1,1.88,0.2982364894553302,0.4737618200777718,0.21637626366819285,0.16274604201316833,22.475387808237343
PC2_track14,pc2,stairs_10_down,202,10,1,7.74,999,0,0.3289373728202626,-0.35775069892406464,-0.6914445091696346,0.468313454772481,7.271193117963729,0.07128446091721011,-0.0058012413792312145,0.4662294238805771,0.02202121913433075,0.008556488363500647,337,0.2876222307234179,0.17503698672712656,0.09673698959621801,1,2,1,3.12,0.3101744591233565,0.44795774358566337,0.14616276379575066,0.06983143091201782,20.536436621698858
PC2_track14,pc2,stairs_10_down,202,11,0,,999,0,0.31242170882097536,-0.3743753731250763,-0.6903749761734417,0.492167480670501,7.075856877391612,0.056762159821238556,-0.03152452688664198,0.4913841634988785,0.007698863744735718,0.009091168163931962,950,0.47043555123006503,0.1320372363052088,0.07153367900284925,1,2,1,3.08,0.2988174540155074,0.47056516896213846,0.14586203031361422,0.05036434531211853,14.365545139986871
PC2_track14,pc2,stairs_10_down,202,12,0,,999,0,0.28722245242187683,-0.3882933109998703,-0.6716584598316866,0.49856158610729717,5.976501121362677,0.07054405786169277,-0.0237845191732049,0.4964456707239151,0.013682320713996887,0.025133887714243186,950,0.45380033776146134,0.12487210604851863,0.08127741291358576,0,1,1,2.56,0.27762107065017205,0.5305471878513592,0.18249897826164163,0.06134572625160217,7.499413676263941
PC2_track14,pc2,stairs_10_down,202,13,1,7.84,999,0,0.3223978324848063,-0.3592328131198883,-0.684759915193772,0.47820719520525956,7.531473610314389,0.06950043413336186,0.026425909250974655,0.4765889495611191,0.018610835075378418,0.0152407865473293,342,0.2954638101790217,0.14557086276925912,0.08594300796706661,1,2,1,2.82,0.3063901097060525,0.5048294457823731,0.17156134155344838,0.02603369951248169,18.37466393548725
PC2_track14,pc2,stairs_10_down,202,14,0,,999,0,0.29756317721968667,-0.3786320835351944,-0.6804820739011714,0.5144219555326097,6.728959732587122,0.058665228050345755,-0.0069191178772598505,0.5142398476600647,0.018674597144126892,0.019519127626470012,950,0.44875661523658106,0.12926818071902704,0.07130374852337976,1,3,1,2.56,0.29453236279003125,0.5307856707671871,0.16570816511776354,0.04688364267349243,15.923750908282564
PC2_track14,pc2,stairs_10_down,202,15,0,,999,0,0.30238852112050996,-0.3879202902317047,-0.6951876145633147,0.5047638437123831,6.522245423300692,0.058429355505251745,-0.036014942452311516,0.5027621686458588,0.018538832664489746,0.004812811785203208,950,0.45735399002879035,0.13908688293962673,0.07086274660608573,1,2,1,2.98,0.2853816189867927,0.5049805382960045,0.13220645909640882,0.035324931144714355,12.406785487921713
PC2_track14,pc2,stairs_10_down,202,16,0,,999,0,0.31480823672391517,-0.3469066470861435,-0.6588239618801178,0.481695486272658,6.798955632353797,0.06819974417170188,-0.00819679582491517,0.4806905537843704,0.01479656994342804,0.04117724984724891,950,0.46844621728003344,0.1226399906576854,0.12475296117703376,0,1,1,2.12,0.3256340433250774,0.4851250190673335,0.20565782495360962,0.08229419589042664,14.854072914825732
PC2_track14,pc2,stairs_10_down,202,17,0,,999,0,0.29464389184579487,-0.369883269071579,-0.6652409558627694,0.48700334016855,6.9936689795507885,0.058001479258269234,-0.011280003935098648,0.4850280284881592,0.019102632999420166,0.03475939908767134,950,0.48030609706650534,0.0697276160829167,0.2595977138106844,0,0,1,2.1,0.2878446400484299,0.4766038302768916,0.1687026691628012,0.025651365518569946,21.01399895869717
PC2_track14,pc2,stairs_10_down,202,18,0,,999,0,0.30592130945328083,-0.3625619262456894,-0.6671124065623564,0.5030690628982912,7.084163465389823,0.07737086840109383,-0.04137579910457134,0.49950873851776123,0.019643858075141907,0.03288793818835911,950,0.4712811298814393,0.10536068513963168,0.17720284315913012,0,1,1,2.18,0.3024492128328844,0.5218931593261715,0.17851306458208016,0.0985419750213623,14.91380936869233
PC2_track14,pc2,stairs_10_down,202,19,0,,999,0,0.29645081908307613,-0.35774049162864685,-0.6409097151322798,0.4632146618351101,7.5981729222605505,0.07408476980325403,-0.03011520393192768,0.46059295535087585,0.0022307634353637695,0.057486478020163156,950,0.4891332381759025,0.13495850628130196,0.19776500433226818,1,2,1,2.02,0.3122087728212224,0.45247086999739317,0.1820612084419332,0.15714529156684875,20.680722160706374
PC2_track14,pc2,stairs_10_down,202,20,0,,999,0,0.30246841214238646,-0.3818899989128113,-0.6917117878714985,0.5129355480938007,7.4475935112508065,0.05787569759068786,-0.010701588355004787,0.5118589997291565,0.0326705276966095,0.008289107664383732,950,0.4470583906916204,0.1342377629350123,0.06917337636007534,1,2,1,3.0,0.2908930252580082,0.5067388107055499,0.12893981108053487,0.03715142607688904,22.561465058128178
PC2_track14,pc2,stairs_10_down,202,21,1,9.14,999,0,0.32916526161731885,-0.35983985662460327,-0.6901074118792692,0.49361168519279125,7.467155233108129,0.060813172474745214,0.0202693622559309,0.49242937564849854,0.02317073941230774,0.009358824255632281,407,0.3299479006538855,0.18155042933321786,0.09185526516197465,1,2,1,3.12,0.3101833757550959,0.5343047249677497,0.1602433910344374,0.05488106608390808,14.621523169538523
PC2_track14,pc2,stairs_10_down,202,22,0,,999,0,0.26688053948993984,-0.374881386756897,-0.6294119319813775,0.45901424563249493,5.66053544473041,0.07501507406323624,-0.02200479619204998,0.4588719308376312,0.020035743713378906,0.058288941408861095,950,0.4820421127444178,0.10645353390965949,0.2670812514019908,0,1,1,1.72,0.26917788003855214,0.45857863615510647,0.17528169231618784,0.13596126437187195,14.358234325458955
PC2_track14,pc2,stairs_10_down,202,23,1,3.04,999,0,0.2906124231649592,-0.38205112516880035,-0.6729954194257604,0.51830227969109,7.158024729332821,0.060187173393282944,-0.006201441865414381,0.5182003974914551,0.023652806878089905,0.027005200717538425,102,0.06603582015439832,0.1615457734471571,0.0663046864301923,1,3,1,2.48,0.2836730521630476,0.529392409878037,0.1301976700517583,0.07281392812728882,14.092642559627413
PC2_track14,pc2,stairs_10_down,202,24,1,3.7,999,0,0.29290773428697636,-0.35874509811401367,-0.6465248169108508,0.4653484276255882,5.625666111022744,0.06540512950172017,0.02636832557618618,0.4610554575920105,7.462501525878906e-05,0.043316142444304595,135,0.3475634834323156,0.2067940219022629,0.290240834395565,0,-1,1,1.9,0.2877500267589793,0.46991643937110134,0.16129042056792564,0.012733399868011475,14.799716898341936
PC2_track14,pc2,stairs_10_down,202,25,0,,999,0,0.2809155824031422,-0.38878133893013,-0.6588241862740746,0.5258989347932332,7.544624017949901,0.07974831024688787,-0.07275404036045074,0.522777795791626,0.02360251545906067,0.03582914627809575,950,0.4757959935027461,0.16189773588297557,0.16217982794136035,1,2,1,1.98,0.2758844939463916,0.5413387507931927,0.16066571145771658,0.1468794345855713,22.125556404723202
PC2_track14,pc2,stairs_10_down,202,26,1,8.44,999,0,0.31389974025800266,-0.3498169779777527,-0.6617652872666955,0.45913269862696127,6.115662093657295,0.07717197389085266,-0.019634172320365906,0.45434917509555817,0.0158708393573761,0.03609638928092107,372,0.380338061601847,0.16065326524802642,0.26116296389164634,1,2,1,2.2,0.3132241256734266,0.42706448427656485,0.14065991971582015,0.024905234575271606,16.6391022796782
PC2_track14,pc2,stairs_10_down,202,27,1,11.36,999,0,0.3070515359946113,-0.3853105306625366,-0.6938510731579786,0.5040403349491016,7.423476633771735,0.061887821108340235,-0.046935008838772774,0.5032117664813995,0.024824947118759155,0.005080238383084024,518,0.3913795931165192,0.20182900685321556,0.06829767820623642,1,2,1,3.12,0.28323255136688763,0.48602316638961396,0.14785648444119626,0.06315025687217712,19.288511185762733
PC2_track14,pc2,stairs_10_down,202,28,0,,999,0,0.3256450366368268,-0.359813928604126,-0.6917121601614722,0.49962455354001584,6.977064279761505,0.069717817498646,-0.03693661652505398,0.4963984489440918,0.015224993228912354,0.008288694575508737,950,0.46943112499391043,0.12683729646448216,0.08360981449234929,0,1,1,2.9,0.31269385645733794,0.44980387182501624,0.19640685817137127,0.15016326308250427,21.13451298880656
PC2_track14,pc2,stairs_10_down,202,29,0,,999,0,0.28721621433362604,-0.34859466552734375,-0.6245995026858733,0.4502600206814927,6.926221705052068,0.09956103350650163,-0.037931133061647415,0.4461597502231598,0.033293575048446655,0.07326233705734819,950,0.46345039697275986,0.12862302408610718,0.1481506478436377,1,3,1,1.9,0.29900413544420257,0.48922827633801635,0.20285312839370362,0.17386455833911896,21.576014930988556
PC2_track14,pc2,stairs_10_down,202,30,0,,999,0,0.2964055122219943,-0.37853536009788513,-0.6705895184195615,0.5033600663602116,6.956632403650182,0.07477324877631447,-0.05631023645401001,0.5025458335876465,0.02937176823616028,0.029411336317419434,950,0.4662619248766677,0.13499733054985505,0.1832307076535793,1,3,1,2.3,0.2914298670814637,0.5011298928460607,0.17073857226473765,0.0930284857749939,17.28582479740889
PC2_track14,pc2,stairs_10_down,202,31,0,,999,0,0.29020015273820904,-0.3878878504037857,-0.6687174557364561,0.4925407445724681,6.857718528037234,0.08913109928879775,-0.02145593799650669,0.4922667592763901,0.01812659204006195,0.030213845604881162,950,0.46753829984078515,0.14365478739530646,0.09931439727349836,1,2,1,2.4,0.28916364111364845,0.5450731767371848,0.18684430986164724,0.1260867714881897,21.531850161120087
PC2_track14,pc2,stairs_10_down,303,0,1,4.82,999,0,0.3180042301269776,-0.3579034209251404,-0.6724612802107703,0.4730519896449177,6.864773922890665,0.0529759053879736,-0.021691199392080307,0.47244006395339966,-0.0010062158107757568,0.027539268534451322,191,0.3272133620795246,0.157619122881589,0.11763578034586017,0,0,1,2.42,0.3172689770313508,0.47756652291085244,0.17010652891454847,0.0211561918258667,20.37939976513141
PC2_track14,pc2,stairs_10_down,303,1,1,3.6,999,0,0.2985306443536983,-0.3760965019464493,-0.6700542266356115,0.4856678122066039,7.258638598188817,0.07464277736429852,-0.03326904773712158,0.4819623976945877,0.0193110853433609,0.029412386889126285,130,0.189064925589143,0.1681283096258451,0.09091793784830834,0,0,1,2.36,0.29036133764261873,0.5243209161069705,0.17332840906107494,0.0,16.410251098249983
PC2_track14,pc2,stairs_10_down,303,2,0,,999,0,0.2965926299280024,-0.3635776937007904,-0.6449207214110675,0.4217056260776457,7.348385852197634,0.0956414687905628,-0.04539201781153679,0.4205970913171768,0.011817902326583862,0.05508007212756161,950,0.4788072180135454,0.08295681067304697,0.2508705120917748,0,0,1,2.06,0.303500076825606,0.4983573907458696,0.18299283127096244,0.0,21.672069342390415
PC2_track14,pc2,stairs_10_down,303,3,0,,999,0,0.32526667312504776,-0.36468933522701263,-0.6957230644430069,0.44472342781559954,6.633341540166659,0.09334630900644064,0.016982583329081535,0.4404488354921341,0.004386290907859802,0.004277780094248729,950,0.44333700253420283,0.1380026193598809,0.1265747443524384,1,2,1,3.26,0.3085112788460471,0.428437686342287,0.1791454826128036,0.06787607073783875,16.028077403703726
PC2_track14,pc2,stairs_10_down,303,4,0,,999,0,0.27782202324765254,-0.36831261217594147,-0.6304818168680936,0.42142026633752305,5.259764411538592,0.11824801918277615,-0.007891837740316987,0.41247738897800446,0.0008573085069656372,0.059892975710292506,950,0.4851868587315327,0.13593521421310903,0.19878357379125072,0,1,1,2.04,0.27965569002105595,0.5178918934472336,0.20834201558388488,0.09523150324821472,19.729537682186432
PC2_track14,pc2,stairs_10_down,303,5,1,5.64,999,0,0.30062234114835606,-0.359502449631691,-0.6577546175788431,0.46166845338399154,6.880638849598309,0.07016527229686471,0.010706699918955564,0.4593098908662796,0.018877550959587097,0.037968400965399884,232,0.3964918672985108,0.19424054671130414,0.2529165885311187,0,0,1,2.08,0.29582513032112534,0.502574104450602,0.1699280171470846,0.00549885630607605,11.997167508984182
PC2_track14,pc2,stairs_10_down,303,6,1,5.26,999,0,0.3064893406023954,-0.36425939202308655,-0.6620328056621042,0.47521142515645143,6.596863288894724,0.07256032776584258,-0.06062823906540871,0.47042155265808105,0.0057128965854644775,0.03743322647829106,213,0.29283152124977896,0.1624190549777551,0.12855784401688125,0,1,1,2.34,0.3037621963789119,0.4352578895873956,0.1756001757109229,0.08878687024116516,14.259005866942175
PC2_track14,pc2,stairs_10_down,303,7,0,,999,0,0.3172355687076395,-0.3710356503725052,-0.6983965450429661,0.46725217965595,6.338241577657721,0.0762823324815459,-0.008335603401064873,0.4660128802061081,-0.002377226948738098,0.0016042994942895294,950,0.47342920092032464,0.14494936321364527,0.10512310551035357,0,1,1,3.28,0.3087643297279582,0.4347425937645104,0.19618293244570972,0.11838681995868683,20.39661366267609
PC2_track14,pc2,stairs_10_down,303,8,1,12.98,999,0,0.2803494216286563,-0.3670770227909088,-0.6406423803319268,0.44911685399502654,5.511248887703593,0.06914315114828458,-0.003908933140337467,0.44781070947647095,0.008644700050354004,0.04545423946278626,599,0.47769533258663216,0.10214185541488677,0.34955009755031696,0,0,1,1.86,,,0.16376481177335112,0.0880821943283081,10.122419241721992
PC2_track14,pc2,stairs_10_down,303,9,1,4.34,999,0,0.3148148059048117,-0.3605287969112396,-0.6684500699374765,0.451138228332509,6.411598488895859,0.07813170510788496,-0.01604008162394166,0.44740138947963715,0.02196139097213745,0.031551213187967386,167,0.3016549588888753,0.14066114087954906,0.1042126955389201,0,0,1,2.4,0.30486910260297395,0.4433597455508528,0.18725991185336188,0.023161083459854126,13.023889911127942
PC2_track14,pc2,stairs_10_down,303,10,0,,999,0,0.29735856578949305,-0.36691251397132874,-0.6524072228905989,0.45951615772889487,6.616246525230837,0.08500735025436021,-0.030254021286964417,0.4591313600540161,-0.0009277760982513428,0.03903711288370548,950,0.4771875554191253,0.15860793448686314,0.1765607758644061,1,2,1,1.9,0.2847773168176253,0.49338384217385667,0.1777604220703961,0.1867789626121521,21.477704831070742
PC2_track14,pc2,stairs_10_down,303,11,0,,999,0,0.3003687675305229,-0.36955463886260986,-0.65935916186654,0.47646912452032797,7.12882236732975,0.06767871967906561,-0.05095604807138443,0.4750823676586151,0.034888774156570435,0.036897904095165246,950,0.4575081773779533,0.14438922909925125,0.21137270660167895,1,4,1,2.04,0.29594113705629976,0.49647847500609266,0.173196389394648,0.097349613904953,19.300200718431284
PC2_track14,pc2,stairs_10_down,303,12,0,,999,0,0.31632180966157963,-0.3609839528799057,-0.6791450021101192,0.48788166669248784,6.589754773399428,0.07219210473734679,-0.026594052091240883,0.4868348091840744,0.012836828827857971,0.019786125835887902,950,0.4672415416791919,0.1328576955949825,0.08246729325067984,0,1,1,2.72,0.30977922152070436,0.4459005883369585,0.17381633252383555,0.0890318751335144,10.62536102236594
PC2_track14,pc2,stairs_10_down,303,13,0,,999,0,0.30934028781671574,-0.36247897148132324,-0.659893683571229,0.48131740608335594,6.271790280754487,0.07127853234807141,-0.020090662874281406,0.4807102084159851,0.001966148614883423,0.040106834574816674,950,0.4630516404520124,0.13292421607248361,0.17782694662005305,1,2,1,2.18,0.31062100644417623,0.5345463563487209,0.18121648249141675,0.07028079032897949,18.539456829168994
PC2_track14,pc2,stairs_10_down,303,14,0,,999,0,0.2949222692034461,-0.38571199774742126,-0.6780753569169478,0.5157733560579056,6.6895673819660395,0.07225478981096738,-0.03299383260309696,0.5037613213062286,0.012803494930267334,0.019786625622428056,950,0.46088149585736,0.21432486549884858,0.08892213627533745,1,2,1,2.72,0.2790955054887476,0.5195274819477088,0.17115359781260164,0.1410033404827118,21.850827536407888
PC2_track14,pc2,stairs_10_down,303,15,0,,999,0,0.2871291975286555,-0.35117581486701965,-0.6165780460133272,0.4654001880756046,6.341865770291099,0.08543990795628517,-0.048933571204543114,0.46505405008792877,0.016929179430007935,0.07807457255807149,950,0.4636374925725689,0.146086980077233,0.18591302077093513,1,3,1,1.82,0.29593297121996553,0.501738821917189,0.19934367751055226,0.13015010952949524,22.403149949721193
PC2_track14,pc2,stairs_10_down,303,16,0,,999,0,0.27073734998703003,-0.37289072573184967,-0.6294125592644839,0.49309801275506326,6.887763356831912,0.08002870118587613,-0.012958875857293606,0.47700145840644836,0.026993438601493835,0.07058789768320994,950,0.47594262686004213,0.10713639445245489,0.1750523382929197,0,1,1,1.9,0.2931229349444894,0.523423618912858,0.19023670662533154,0.08323529362678528,14.795090376323397
PC2_track14,pc2,stairs_10_down,303,17,0,,999,0,0.3165648597128251,-0.3749851733446121,-0.6978615541509128,0.4931466514228582,7.75691531680628,0.07034374670430414,-0.017577409744262695,0.4926707297563553,0.017719760537147522,0.002139229187990921,950,0.44275359249463997,0.12348069557104377,0.08208156662629357,1,2,1,3.26,0.29845063268819594,0.519505553570296,0.16428264178694252,0.09652745723724365,18.638392735428475
PC2_track14,pc2,stairs_10_down,303,18,0,,999,0,0.2625500334297272,-0.36975134909152985,-0.6304818270678189,0.47696003834839545,6.676353011327418,0.08699365800228817,-0.0799376554787159,0.47417686879634857,0.016566142439842224,0.052406887319636275,950,0.48994199753647544,0.1382218848688376,0.3004897079365292,1,3,1,2.26,,,0.18463937037768852,0.26382463425397873,21.696728683419344
PC2_track14,pc2,stairs_10_down,303,19,1,7.34,999,0,0.2926628250170519,-0.38110101222991943,-0.6719261822216014,0.504808845660476,6.5757240442461935,0.055574770189093056,-0.04525225795805454,0.5038989782333374,0.026291221380233765,0.02807402993268504,317,0.35585795802912473,0.1565994912902222,0.06256211245998697,0,1,1,2.46,0.27913242291639195,0.5044667747456131,0.1346719964621539,0.06701946258544922,13.699790061761725
PC2_track14,pc2,stairs_10_down,303,20,0,,999,0,0.23238357598768833,-0.38875022530555725,-0.6288775071740788,0.5048660514203974,3.867713941145922,0.12257557782080433,-0.0700518935918808,0.49530717730522156,0.02192625403404236,0.05454519343248665,950,0.49778309143417776,0.13472885219400443,0.28626340861659877,1,2,1,1.86,,,0.16250048984180798,0.23016294836997986,22.033804761766856
PC2_track14,pc2,stairs_10_down,303,21,1,11.98,999,0,0.32792907180314396,-0.3582986444234848,-0.6909093244828004,0.4776284579774817,7.538597305053685,0.06760704459825226,-0.03788888454437256,0.4775487184524536,0.02707768976688385,0.00909077547450765,549,0.4145852282258378,0.21089497400051407,0.09641338564858817,0,1,1,3.08,0.30665890752950453,0.47380580229158137,0.14533627112919,0.01892802119255066,12.420146250793053
PC2_track14,pc2,stairs_10_down,303,22,1,3.94,999,0,0.3164874830826081,-0.35535259544849396,-0.6684499934395367,0.44573275940879165,5.8144632565564205,0.07619908962329018,-0.0014001268427819014,0.4443366527557373,0.0013706833124160767,0.02834249690254742,147,0.169319010971764,0.17313699599460244,0.12558684407957607,0,0,1,2.44,0.30528930323646664,0.4389727023535388,0.17930098730612565,0.03681269288063049,18.452399361311702
PC2_track14,pc2,stairs_10_down,303,23,1,8.54,999,0,0.31809298614448406,-0.36365897953510284,-0.6799469759120023,0.49586905184626084,7.1412745337853005,0.06089970206522146,-0.04201747104525566,0.4925571233034134,0.023616686463356018,0.02005399102195704,377,0.25233542341028475,0.1700609012778251,0.07593966979665417,1,4,1,2.64,0.3086221597411416,0.467836215376156,0.16409266807816247,0.09819236397743225,19.416847006684847
PC2_track14,pc2,stairs_10_down,303,24,0,,999,0,0.27621810879299347,-0.3651946485042572,-0.6358295583469983,0.4023167127528416,6.597576693176831,0.10421214054609305,-0.011698175221681595,0.40203505754470825,-0.003488898277282715,0.05240655582856368,950,0.47260615901137226,0.12906470728626812,0.219447181399492,0,1,1,2.04,0.2770121707954508,0.4489675150878226,0.135815440492834,0.07666522264480591,15.310248853578127
PC2_track14,pc2,stairs_10_down,303,25,0,,999,0,0.31852241474039417,-0.36421699821949005,-0.686097048183176,0.5006675495563326,7.815121391003114,0.06047383674066175,-0.03792681731283665,0.49987053871154785,0.017061248421669006,0.013904551133752552,950,0.45889127731262075,0.1395441083000334,0.07418599601499644,1,2,1,2.74,0.30879942092666013,0.525418714360195,0.16054111910376323,0.007555931806564331,16.12571067983276
PC2_track14,pc2,stairs_10_down,303,26,1,6.34,999,0,0.30070475134301317,-0.36309292912483215,-0.6601610744700712,0.4877828403455184,6.84600085936017,0.06311509872700692,-0.008812705054879189,0.4877505451440811,0.026024460792541504,0.03770057147836936,267,0.2778220361326129,0.17973152502646952,0.1397202634217539,1,2,1,2.22,0.2947406421370685,0.49641803386530203,0.14365018752806968,0.07215946912765503,16.256757058624725
PC2_track14,pc2,stairs_10_down,303,27,1,12.32,999,0,0.27546866692323735,-0.37804843485355377,-0.6470595426100461,0.4760804857007755,6.445456086113559,0.07584661245308755,0.0025900686159729958,0.4749400466680527,0.014107480645179749,0.047059161140319494,566,0.46617583699591153,0.11286010186514052,0.22353581936432937,0,1,1,1.68,0.28072312474250793,0.5064717891902764,0.15912559963165118,0.08784535527229309,17.98803405738321
PC2_track14,pc2,stairs_10_down,303,28,0,,999,0,0.2995975606422373,-0.3445395529270172,-0.6462575178095364,0.45237117359933043,6.175536302662776,0.10350074124879959,-0.020037680864334106,0.44781166315078735,0.014964461326599121,0.05000074152002987,950,0.47113006151458764,0.153376365977148,0.12624946080125454,1,2,1,2.14,0.3000229807461009,0.4196268058764167,0.22110253954953685,0.11380617320537567,20.143323306535972
PC2_track14,pc2,stairs_10_down,303,29,1,5.7,999,0,0.337330558720757,-0.3550114780664444,-0.6943857427586846,0.46516672014933624,7.175654639092107,0.07437895294101055,-0.05416833981871605,0.46234622597694397,0.013038262724876404,0.005615336372253088,235,0.288969985371458,0.1428858505105019,0.09886371698538264,0,0,1,3.28,0.31411621787331323,0.4969923939642949,0.18277103170991582,0.003004908561706543,16.90913935910903
PC2_track14,pc2,stairs_10_down,303,30,1,2.98,999,0,0.268125617089756,-0.36989524960517883,-0.6374337609438973,0.49081121396066724,5.698013216125097,0.08983241294930172,-0.018378114327788353,0.4741419553756714,0.03181466460227966,0.054545754417378634,99,0.11695934499179184,0.14266463190778664,0.11695934499179184,0,0,1,2.06,0.28380660832246996,0.4601812578530785,0.15674139917853047,0.047854483127593994,29.069033808947346
PC2_track14,pc2,stairs_10_down,303,31,0,,999,0,0.2903591313145377,-0.3744713366031647,-0.6614978912679906,0.5077159962599765,7.3296206583861,0.07415456075325431,-0.05500740557909012,0.5026668310165405,0.03218546509742737,0.03689920966000482,950,0.4943004041138048,0.14229840067188038,0.2748226966844202,1,2,1,2.06,0.2944790081863098,0.5118727680733671,0.1418979754422438,0.0,16.662355317305074
PC2_track14,pc2,stairs_15_down,101,0,1,3.4,999,0,0.2899809243844793,-0.7186399102210999,-1.0034751382103577,0.48034893270474,6.446645381878432,0.056634185091056194,0.026942864060401917,0.4793165922164917,0.015981853008270264,0.03850285127201203,120,0.21548793059737922,0.10873313933290836,0.18290236657444495,0,0,1,2.32,0.25321505796463095,0.4489181260072675,0.1328041805303033,0.05677938461303711,7.967008838639966
PC2_track14,pc2,stairs_15_down,101,1,1,9.08,805,0,0.2882139861264968,-0.7031208872795105,-0.9842242021611668,0.4562004540961007,6.702820875129066,0.08666098089554976,-0.022229877300560474,0.453598216176033,0.021817922592163086,0.05294095513654906,404,0.46682868261904925,0.19709425861593888,0.2148927702870476,0,1,1,1.94,0.26486653312642305,0.4847973528822225,0.1650058470945307,0.19210493564605713,28.83057689661649
PC2_track14,pc2,stairs_15_down,101,2,1,3.2,999,0,0.2942871921521457,-0.7265575230121613,-1.016710582263967,0.499089704789096,6.702122115656505,0.05941003170377976,-0.04784876108169556,0.49682679772377014,0.02593246102333069,0.02927833699925042,110,0.06668950560829096,0.11982928283984111,0.06725366823087825,0,0,1,2.7,0.27102574785762934,0.4648428020481146,0.09310444695426823,0.04146534204483032,24.14914868463292
PC2_track14,pc2,stairs_15_down,101,3,0,,999,0,0.28128313858878806,-0.7101684212684631,-0.9802137364678204,0.46377808286216426,4.9874701239680945,0.07268206724822,-0.013887619599699974,0.45206502079963684,0.005707919597625732,0.0625668897985775,950,0.4889130192298449,0.12968143496870424,0.27332461431678007,0,1,1,1.88,0.279121555109075,0.5097875635052662,0.15580841468617246,0.08692914247512817,19.503047579281514
PC2_track14,pc2,stairs_15_down,101,4,1,2.96,245,0,0.30088972073187803,-0.7217812240123749,-1.0219248297380252,0.489081434761634,7.275032796765572,0.0536764569403278,-0.018256107345223427,0.4862569719552994,0.027091115713119507,0.028075172301919915,98,0.07351300930339814,0.10343940011885625,0.07351300930339814,0,1,1,2.5,0.28859990771441546,0.48111019763318946,0.12906743370912932,0.11780494451522827,18.826814726388196
PC2_track14,pc2,stairs_15_down,101,5,1,5.82,999,0,0.3183048150756142,-0.7049293220043182,-1.0235287518424783,0.4821128315417716,6.745093850824887,0.0657356528069298,-0.056748759001493454,0.48064659535884857,0.01758900284767151,0.026470679012849496,241,0.31367413632453056,0.18071533451116914,0.07948485537467331,0,0,1,2.7,0.30031445670255374,0.5185956977158301,0.14174133571073966,0.0637405514717102,16.23480832985218
PC2_track14,pc2,stairs_15_down,101,6,1,6.92,999,0,0.3389227052423406,-0.7066108584403992,-1.049197156161548,0.44599005196322117,7.036658268886828,0.08040346797549937,0.013613426126539707,0.4447955936193466,0.015198767185211182,-0.001604258695388383,296,0.2668426505267097,0.1940358252375273,0.10656378916510913,0,1,1,4.06,0.2602660866344676,0.4684253501019797,0.14512137200105635,0.15215712785720825,17.88431390272769
PC2_track14,pc2,stairs_15_down,101,7,1,4.6,999,0,0.32879700316464844,-0.7146034240722656,-1.0491972377593504,0.4953119495534112,6.777635117854405,0.06621139446376004,-0.010590254794806242,0.49372653663158417,0.019802987575531006,-0.0008023052929555519,180,0.21450062712853007,0.1487555131017931,0.08295812413763262,0,0,1,3.38,0.2963972917215072,0.5419549702267501,0.13436443697322498,0.0030204057693481445,12.74143666837469
PC2_track14,pc2,stairs_15_down,101,8,1,3.28,999,0,0.31382017945223317,-0.7103872001171112,-1.027940561427152,0.5000119024606406,7.1846994190674085,0.05797744173852007,-0.04665505141019821,0.49759364128112793,0.02085360884666443,0.022058441039712884,114,0.11929052973682704,0.12252528514118778,0.07558986903849577,0,0,1,2.68,0.2918753113976136,0.5323714026492044,0.13759539599087145,0.009918928146362305,32.92054635354695
PC2_track14,pc2,stairs_15_down,101,9,1,5.5,999,0,0.32950513646564383,-0.7028575539588928,-1.034357494211452,0.46534833657444313,6.711366468979216,0.06491424280950962,-0.055289797484874725,0.46287599205970764,0.017932653427124023,0.015641304260906708,225,0.35955099091857634,0.14012076384794642,0.09037942866714373,0,0,1,2.96,0.29931408262507797,0.45048755442899346,0.13081105029519224,0.0007575154304504395,18.228847188010135
PC2_track14,pc2,stairs_15_down,101,10,1,3.6,563,0,0.30311410025479324,-0.734413743019104,-1.0439834696723815,0.5126147080780503,7.026003233997634,0.05577686404908794,-0.0005308534018695354,0.5122776329517365,0.015379369258880615,0.004411574990991651,130,0.07690953313518188,0.11559261534006812,0.07326113997147926,0,1,1,3.12,0.2740583359238936,0.47808637977168755,0.10688949778755719,0.033664047718048096,24.732000584729114
PC2_track14,pc2,stairs_15_down,101,11,1,2.06,999,0,0.26539296628957126,-0.7117744982242584,-0.9782078482887961,0.47982953497938524,5.489904445886283,0.06098395521224751,0.024321948178112507,0.47846150398254395,0.0239812433719635,0.05975893602014226,53,0.15210391434474427,0.1588685579973898,0.15210391434474427,0,0,1,1.82,0.2431126756464096,0.49453879384834054,0.12714447758414527,0.0,8.626118787792945
PC2_track14,pc2,stairs_15_down,101,12,1,2.68,999,0,0.2860014209135331,-0.720948189496994,-0.9982612936254491,0.5115310947372416,6.140357770152685,0.06077304882621601,0.020828723907470703,0.5094737708568573,0.033693403005599976,0.0469247032614315,84,0.15382369921655484,0.13728079929278772,0.15382369921655484,0,0,1,2.04,0.2688958491871064,0.488594025939439,0.15278607638761954,0.02273690700531006,7.886228130837108
PC2_track14,pc2,stairs_15_down,101,13,1,3.56,999,0,0.27268871075329293,-0.713793158531189,-0.9834222028599703,0.4602579813276501,6.309784658992467,0.06572221957029749,-0.03992031142115593,0.4589877128601074,0.014571726322174072,0.0577530580408433,128,0.28091773274954684,0.17356732263485297,0.2556878917196062,0,0,1,2.06,0.2633945683744502,0.49445981987157933,0.12428989161782089,0.008520722389221191,12.30603653171799
PC2_track14,pc2,stairs_15_down,101,14,1,5.74,426,0,0.28264744970250255,-0.7056095898151398,-0.9818174749772179,0.4625926261570089,6.6741242612213405,0.09116819372940133,-0.09130638092756271,0.45710650086402893,0.017927080392837524,0.05534765172132183,237,0.3999139864524669,0.2212111276431541,0.27116534071978365,0,1,1,2.4,,,0.18458009308034729,0.11003786325454712,19.628642019524822
PC2_track14,pc2,stairs_15_down,101,15,1,4.32,999,0,0.33358739308494934,-0.7055066823959351,-1.042779800088648,0.46202448249251393,6.7667589223638895,0.08539576098432297,-0.021914618089795113,0.46053558588027954,0.016798675060272217,0.007219436971898974,166,0.205886615284703,0.12115629487874363,0.09038320798341433,0,0,1,3.14,0.2988095069951552,0.4782776845040464,0.14695034435088616,0.013289690017700195,10.368606030503415
PC2_track14,pc2,stairs_15_down,101,16,1,7.52,570,0,0.31354309339574316,-0.7031593322753906,-1.0191168810594529,0.464325229707293,7.827982830231188,0.08483501348845844,-0.0027741112280637026,0.4627268314361572,0.021174907684326172,0.030882661992853278,326,0.3846591113976129,0.17206515356526017,0.12782786667296456,0,1,1,2.62,0.29839946815674323,0.4952526180789107,0.15955541286876496,0.10255539417266846,18.176754045720052
PC2_track14,pc2,stairs_15_down,101,17,1,2.18,302,0,0.287536670179928,-0.6993009448051453,-0.9882342598655007,0.48009845748355057,6.573933996334981,0.06761358679718724,-0.03172484040260315,0.47422245144844055,0.019682705402374268,0.06016035640940953,59,0.08210152836001854,0.10874319316547065,0.08210152836001854,0,0,1,1.86,0.28794665801971353,0.4869354311788078,0.10855324096220698,0.02291131019592285,19.554251804607624
PC2_track14,pc2,stairs_15_down,101,18,1,2.14,426,0,0.2723330495191768,-0.721504271030426,-0.9930478570295528,0.4914026291744747,7.558085357678007,0.06284628069894263,-0.06394527852535248,0.49132823944091797,0.0401187539100647,0.053743066634723724,57,0.06857323382298489,0.11930066922784963,0.06857323382298489,0,1,1,1.92,0.2690328512599762,0.49686808406363575,0.1249732381519787,0.018682897090911865,20.996173244222597
PC2_track14,pc2,stairs_15_down,101,19,1,5.96,389,0,0.3128129506812376,-0.7055908143520355,-1.0131010371733478,0.4784820240012342,7.763710002021034,0.08318544478713523,-0.0299922376871109,0.47026804089546204,0.01714000105857849,0.03689854667785952,248,0.3398447649367289,0.185219196446133,0.12114268428145589,0,0,1,2.52,0.3000400324556278,0.5279318030650363,0.1510512395338579,0.0729912519454956,18.29692515945763
PC2_track14,pc2,stairs_15_down,101,20,1,3.72,999,0,0.32418342516384013,-0.7149802148342133,-1.049998614877303,0.47615701381951525,7.6133181363753,0.06903035585555217,0.003522126527968794,0.47223806381225586,0.02309855818748474,7.139807722822411e-08,136,0.09356668567728717,0.09176460587186776,0.09831677959128089,0,0,1,3.24,0.2914014927206192,0.4867796617630265,0.11383643762313111,0.026301562786102295,21.856644157068285
PC2_track14,pc2,stairs_15_down,101,21,1,2.7,999,0,0.29066792082659054,-0.7093244194984436,-0.9994646572174235,0.48049332809705464,6.453333542905794,0.0664553217153765,-0.006781913340091705,0.4777238965034485,0.019444823265075684,0.05053480423708012,85,0.08181503748870358,0.11783071567038153,0.08181503748870358,0,0,1,2.24,0.28101116131971227,0.5093601871725704,0.12435812076782793,0.01723778247833252,15.734786889831614
PC2_track14,pc2,stairs_15_down,101,22,1,2.9,999,0,0.2870922589047069,-0.7292712926864624,-1.010694452785553,0.5183887520013394,7.037817852242313,0.06558128718203082,-0.008677724748849869,0.5116029381752014,0.030275940895080566,0.03930469247746604,95,0.08012704465315997,0.15077171865804206,0.08012704465315997,0,1,1,2.46,0.27664131117377044,0.5247736632839323,0.12587684233558372,0.06541287899017334,16.665225493553834
PC2_track14,pc2,stairs_15_down,101,23,1,3.7,324,0,0.2730216039693292,-0.7098190784454346,-0.9802133692777093,0.49988108442429724,6.733156160757848,0.07593486394578461,-0.021952304989099503,0.4941149950027466,0.0164029598236084,0.06096214661623711,135,0.32124622239664424,0.2090665915200827,0.3257186490996229,0,0,1,1.84,0.25808057651162786,0.5114902110022822,0.15211075703728005,0.1375163197517395,22.631147120758524
PC2_track14,pc2,stairs_15_down,101,24,1,1.72,999,0,0.2438611415299502,-0.7283695936203003,-0.9774059356852649,0.5148570373926469,5.056808134320402,0.06057232747347881,-0.02037542685866356,0.512980580329895,0.036078572273254395,0.05815563099907051,36,0.06968322348910845,0.11683435303658773,0.06968322348910845,0,0,1,1.78,,,0.11007291492931348,0.02781134843826294,12.255525226084814
PC2_track14,pc2,stairs_15_down,101,25,1,4.6,999,0,0.3080043960063853,-0.7329795360565186,-1.048395090562137,0.505368738111053,7.754122240950876,0.07128796620910799,-0.02522460464388132,0.5033189952373505,0.01267021894454956,-1.9889464364375442e-07,180,0.21015251418069344,0.112132777723668,0.07708922495342554,0,0,1,3.34,0.2840896950048559,0.5369980356088381,0.14010614156723022,0.003610968589782715,6.861327372707527
PC2_track14,pc2,stairs_15_down,101,26,1,4.08,280,0,0.29846854786821864,-0.723243921995163,-1.0163099574532737,0.5060366616041196,7.618885091345373,0.06496888843552955,-0.053050825372338295,0.5051794648170471,0.02313712239265442,0.03368924900809733,154,0.23845967146985017,0.16305089515484497,0.1804591165476234,0,1,1,2.42,0.28277484299664835,0.5259605144841121,0.13639065702968745,0.11338073015213013,19.559944545677656
PC2_track14,pc2,stairs_15_down,101,27,1,5.5,433,0,0.27342326867389166,-0.7246302962303162,-0.9862295701542003,0.4961273098514912,6.6518216796831915,0.08129315716485722,-0.06572074256837368,0.49611565470695496,0.030055701732635498,0.050133868334764964,225,0.3827200056383651,0.2019371291203816,0.2504429663579815,0,1,1,2.36,,,0.17870197130397036,0.13778454065322876,18.382711658159746
PC2_track14,pc2,stairs_15_down,101,28,1,2.02,999,0,0.2799765397520626,-0.7124513983726501,-0.9874328674479602,0.49468860458534153,7.210772448575936,0.07011524346272047,-0.0709969624876976,0.4897807240486145,0.02978205680847168,0.05775372102298837,51,0.07758054203140978,0.1295650518852046,0.07758054203140978,0,1,1,1.86,0.2780173733272654,0.512797355109856,0.11774221301716281,0.0059539079666137695,24.34835066926256
PC2_track14,pc2,stairs_15_down,101,29,1,2.24,999,0,0.26646951430621624,-0.7276123762130737,-0.9902401837435635,0.5252316795254277,6.18673474446526,0.061385235466741725,-0.041180213913321495,0.523230105638504,0.026989221572875977,0.05093560754296611,62,0.06741721767041545,0.11970330825978831,0.06741721767041545,0,1,1,2.02,0.251229533218445,0.5072013783579145,0.08750852225298555,0.003248870372772217,18.002504119663765
PC2_track14,pc2,stairs_15_down,101,30,1,5.08,684,0,0.3311957077865294,-0.699035108089447,-1.03917079558347,0.4636876435596961,7.336982459642959,0.06813141506934031,-0.004412427777424455,0.4635879099369049,0.00956660509109497,0.01082852307487947,204,0.25604997851591127,0.1473603101770747,0.10075774660249232,0,1,1,3.18,0.31074171142782114,0.46966606637695796,0.13611338132205497,0.03517502546310425,15.660757810045551
PC2_track14,pc2,stairs_15_down,101,31,1,2.32,999,0,0.29139186370181525,-0.7097354829311371,-0.9970584655190534,0.48567468131271707,6.843494809282758,0.053664408240643044,-0.041397832334041595,0.4843849092721939,0.029057949781417847,0.05294153652089173,66,0.07320929854919046,0.09652697230429677,0.07320929854919046,0,1,1,2.02,0.2812608104338621,0.4732860652064434,0.12403101430219765,0.019898951053619385,21.69362462759372
PC2_track14,pc2,stairs_15_down,202,0,1,1.66,465,0,0.23317829905984233,-0.7246115803718567,-0.9673794323110325,0.48854648814437773,4.416412480105152,0.07803734285404389,-0.08426176011562347,0.4839973747730255,0.04691511392593384,0.06417077620399203,33,0.08473288066571585,0.1344720548253339,0.08473288066571585,0,0,1,1.72,,,0.10880421667812978,0.043010056018829346,20.781424316873647
PC2_track14,pc2,stairs_15_down,202,1,1,1.54,999,0,0.24478869387172764,-0.7076438665390015,-0.9601598627427045,0.4782185920501515,4.521427184358807,0.06662607479585268,-0.01599307730793953,0.47793036699295044,0.02936851978302002,0.06577573358056388,27,0.07316056601575815,0.08630818299149114,0.07316056601575815,0,0,1,2.5,,,0.18054800938794957,0.048956871032714844,23.867324256432997
PC2_track14,pc2,stairs_15_down,202,2,1,4.94,363,0,0.32572940278818263,-0.7114624679088593,-1.0455878201652977,0.4796768675150893,7.9638932455560925,0.0714697524233649,-0.03523051552474499,0.479408323764801,0.014783889055252075,0.004411773885635073,197,0.23796556295902488,0.16008875937719713,0.09385163439785751,0,1,1,3.08,0.29862817723483315,0.46633023107808746,0.14142311575578492,0.11754828691482544,20.150829092368046
PC2_track14,pc2,stairs_15_down,202,3,1,4.2,209,0,0.2848951701811928,-0.6999122500419617,-0.9786095440706467,0.4493912817512544,6.455606441213822,0.07018858151785706,-0.056342288851737976,0.44479960203170776,0.010333538055419922,0.06497316819461274,160,0.3302317715655057,0.16514415136204622,0.2376767038603441,0,0,1,1.84,0.28375324335965246,0.42856120597405956,0.1314265887367534,0.09533149003982544,24.860122738181605
PC2_track14,pc2,stairs_15_down,202,4,1,4.96,565,0,0.32984555277594907,-0.7066037356853485,-1.0439832299788367,0.48890684262550277,7.284244067289851,0.05800500992073851,-0.010015042033046484,0.4878097325563431,0.009627848863601685,0.006016200876491018,198,0.25239816282411814,0.17583297994400962,0.0793170009629792,0,1,1,3.08,0.3015485979656485,0.4969800829458658,0.13622963619742168,0.08101409673690796,22.06444406807115
PC2_track14,pc2,stairs_15_down,202,5,1,1.96,999,0,0.26734628476561073,-0.7181629240512848,-0.9790105666706269,0.5030690881037548,6.1993655151985685,0.05132694642947051,-0.013059988617897034,0.5023809671401978,0.03939571976661682,0.06376941701307659,48,0.06442398840033156,0.10484895542537272,0.06442398840033156,0,0,1,1.82,0.26016962018242495,0.5092027964684804,0.15102645324513242,0.006825506687164307,19.474221638731148
PC2_track14,pc2,stairs_15_down,202,6,1,2.32,999,0,0.27110397369466366,-0.7210961580276489,-0.9902400511471345,0.4953685311165213,6.307666077918663,0.05050620936514773,-0.039890024811029434,0.49431516230106354,0.02744114398956299,0.05494644552628625,66,0.06377484537483802,0.11914318796068123,0.06377484537483802,0,0,1,2.06,0.2544115746722502,0.4842362365973991,0.09256550079998482,0.026625454425811768,22.418243826105172
PC2_track14,pc2,stairs_15_down,202,7,1,1.94,999,0,0.2536106192491909,-0.7091293334960938,-0.9681815693085206,0.46211423896361914,5.451579471485165,0.08659038522960492,-0.008629905059933662,0.4535452425479889,0.01460331678390503,0.06417070480591469,47,0.1690631279183388,0.11320877850722741,0.1690631279183388,0,0,1,1.74,0.25240561031402753,0.48127439784980125,0.1641096632110881,0.010674774646759033,13.04023114626475
PC2_track14,pc2,stairs_15_down,202,8,1,2.82,999,0,0.28540896572531227,-0.732680082321167,-1.0139029191777031,0.514155939763859,7.467186702218965,0.06475034457830627,-0.040401484817266464,0.513573169708252,0.023736417293548584,0.036096307683118445,91,0.0774774147590314,0.11086675863122708,0.0774774147590314,0,0,1,2.36,0.2699182062225546,0.5041942634432585,0.10537589042581974,0.036644041538238525,12.47729006503385
PC2_track14,pc2,stairs_15_down,202,9,1,2.08,999,0,0.2802603040786988,-0.7034434676170349,-0.9826197394712723,0.47427095201499647,5.940030155504828,0.07540784717021465,0.02263048104941845,0.4704587459564209,0.028656423091888428,0.06176444680933013,54,0.09223280440919852,0.15531332830881484,0.09223280440919852,0,1,1,1.86,0.27418263551385647,0.4858372710751487,0.15138381050232264,0.14399319887161255,19.72876882263817
PC2_track14,pc2,stairs_15_down,202,10,1,3.64,999,0,0.3252013022886878,-0.7075568735599518,-1.0375659096049752,0.47845088496577026,7.268268110278617,0.0693048759354051,-0.012277214787900448,0.47692662477493286,0.022217661142349243,0.01243375584403461,132,0.09311375643258119,0.1258847455624769,0.09258022474009667,0,0,1,3.1,0.2916521430015564,0.4671331386581266,0.13205634942029254,0.03464186191558838,17.724868400855993
PC2_track14,pc2,stairs_15_down,202,11,1,3.7,510,0,0.3062691980185993,-0.7235549688339233,-1.0351594884127855,0.4882102741374116,7.010251278895195,0.06352520940190151,-0.022949852980673313,0.4868921935558319,0.009638547897338867,0.014037642249449256,135,0.07210409517417732,0.1074147466963133,0.07358692039468495,0,1,1,3.06,0.28004176189555197,0.4649842697303798,0.11117534076466284,0.08138084411621094,22.58011430100029
PC2_track14,pc2,stairs_15_down,202,12,1,3.66,999,0,0.28644633739389835,-0.7335032224655151,-1.0131010065741717,0.5111872040719393,6.4993855794323725,0.06361333380212532,-0.02633580006659031,0.5098403692245483,0.019597649574279785,0.03208544930034796,133,0.23396233864870908,0.11725566112731746,0.23189038728541053,0,0,1,2.5,0.26211170684845053,0.5439312847255683,0.11729694177760164,0.0,16.020753519231405
PC2_track14,pc2,stairs_15_down,202,13,1,5.26,999,0,0.31506999912746453,-0.7087992429733276,-1.0271381184379047,0.4868092058369147,7.640836162405914,0.07259508983130933,0.028776164166629314,0.4859793037176132,0.019044041633605957,0.022860680034453962,213,0.265381168797334,0.18496554917813837,0.0856236567036571,0,1,1,2.78,0.2920195393383822,0.5440615353043485,0.13979805089573172,0.07328510284423828,19.208683120755047
PC2_track14,pc2,stairs_15_down,202,14,1,2.98,999,0,0.2936165182985724,-0.7312376499176025,-1.0211219991592162,0.5024837619760462,6.245886195089799,0.06715543255147673,-0.02236839383840561,0.5003781914710999,0.016068577766418457,0.028876758514241097,99,0.07587597200898026,0.09266311785189055,0.07587597200898026,0,0,1,2.6,0.27457950300073874,0.4947192823115987,0.12083339818658678,0.00797957181930542,15.5171948022019
PC2_track14,pc2,stairs_15_down,202,15,1,3.4,999,0,0.3011006319267864,-0.7349116206169128,-1.0423789100850969,0.4953734203451783,6.890622849646877,0.0606503032609292,-0.05864642560482025,0.4934566915035248,0.022729098796844482,0.007620082182042687,120,0.07267424951942333,0.11654370654195703,0.07071313788100021,0,0,1,3.02,0.27302978255532007,0.4809455462321765,0.1238270825880734,0.013062000274658203,9.901011958925826
PC2_track14,pc2,stairs_15_down,202,16,1,3.34,999,0,0.31317467963631773,-0.6993574500083923,-1.0058815900017233,0.4806833500066163,6.8080081092154385,0.07020341936423233,-0.024422956630587578,0.48061403632164,0.012344539165496826,0.04411813664563846,117,0.2853415651369093,0.1458829347432917,0.23770342759780108,0,1,1,2.14,0.3064511086851518,0.47957531574238965,0.16158149363522856,0.02647477388381958,16.273766400625014
PC2_track14,pc2,stairs_15_down,202,17,1,2.4,999,0,0.2797941388612125,-0.7179252207279205,-0.9998660521073774,0.48614465821530223,6.115197482502191,0.06231636040387256,0.0033212415874004364,0.48325657844543457,0.02105364203453064,0.0501330217575644,70,0.09111868587904977,0.1148354424767642,0.09111868587904977,0,0,1,2.08,0.26624540434801647,0.5100749976617814,0.11672710479899528,0.02839362621307373,17.85464255676266
PC2_track14,pc2,stairs_15_down,202,18,1,2.6,999,0,0.299567736565748,-0.7113777995109558,-1.0086889929949918,0.5146603504639495,7.130138765244588,0.06803050447093922,-0.028700677677989006,0.5127308666706085,0.02083563804626465,0.04130975447874019,80,0.07415882393258792,0.10372102458312107,0.07415882393258792,0,0,1,2.18,0.2906076181381143,0.5497602528026667,0.14904463737406193,0.020483195781707764,10.867867993454283
PC2_track14,pc2,stairs_15_down,202,19,0,,999,0,0.29907714459985346,-0.6995019912719727,-0.9922451794466233,0.4991913486478882,7.399822138339189,0.08164182169380094,-0.023955143988132477,0.4925098419189453,0.010250747203826904,0.055347534424480815,950,0.49813389728013896,0.14051337992650423,0.2630359040416747,0,1,1,1.96,0.2925259464564808,0.48614260910721796,0.13552219791208364,0.13006991147994995,20.773039061400368
PC2_track14,pc2,stairs_15_down,202,20,1,3.36,401,0,0.2974111329425465,-0.7339097559452057,-1.0395710787033652,0.5053574689018221,7.33081160787258,0.056535675137501316,-0.009824682027101517,0.5040877163410187,0.028360873460769653,0.010428239954984209,118,0.07584178931735375,0.10580608259116459,0.06832002370724137,0,1,1,3.04,0.26826658319024477,0.504971972777791,0.11895559720177062,0.018745481967926025,25.95644764596507
PC2_track14,pc2,stairs_15_down,202,21,1,6.04,465,0,0.32055441310061494,-0.7079349756240845,-1.035560582410843,0.488805339053335,6.940597470260955,0.0674399049698248,0.009306659456342459,0.48878413438796997,0.02597057819366455,0.013636956240404174,252,0.2729286593202057,0.20775557027813704,0.09312064233483251,0,1,1,3.1,0.2914521378629348,0.4593077328867745,0.16594766104285097,0.08992964029312134,17.028401310507416
PC2_track14,pc2,stairs_15_down,202,22,1,1.8,999,0,0.24953498288909381,-0.7211180925369263,-0.9621653225332658,0.4949233308786112,5.287924980316779,0.053574861271088084,-0.01965164765715599,0.4910748153924942,0.021618425846099854,0.06938483498313208,40,0.06073718493049774,0.10969135875396017,0.06073718493049774,0,0,1,1.74,0.23992418063515653,0.4860001952298194,0.11158736217468179,0.00045478343963623047,17.059103176146092
PC2_track14,pc2,stairs_15_down,202,23,1,2.98,489,0,0.2857217393456932,-0.732629120349884,-1.0090901073924998,0.5125313577683189,6.988927296727564,0.06389547025672039,-0.009656151756644249,0.5064303874969482,0.023073554039001465,0.04090903787051925,99,0.06794418218987724,0.14095252748090262,0.06794418218987724,0,1,1,2.5,0.27073857682273983,0.546047479643819,0.08561865818054282,0.008487462997436523,24.72202379288112
PC2_track14,pc2,stairs_15_down,202,24,1,2.02,999,0,0.2711777843256048,-0.7078086137771606,-0.9762030106814787,0.4530139950252813,5.0145016408033865,0.05321400688057091,0.010909933596849442,0.4527645707130432,0.0008252263069152832,0.058555807021849926,51,0.07972972160534056,0.17775881332711216,0.07972972160534056,0,0,1,1.92,0.2579937306317416,0.4514131233570579,0.14772838290362433,0.0,12.23841159479963
PC2_track14,pc2,stairs_15_down,202,25,1,1.96,696,0,0.2647777003719208,-0.7376641035079956,-0.9954542272231158,0.5474288228073297,6.364355235993694,0.0747182035193007,-0.03755158744752407,0.537337601184845,0.023243427276611328,0.046523680661451405,48,0.08979982503496715,0.1775896720030877,0.08979982503496715,0,1,1,1.94,0.2521353124934722,0.5549251168320729,0.11985501503561913,0.15684014558792114,20.814865779333594
PC2_track14,pc2,stairs_15_down,202,26,1,3.46,999,0,0.30455199601178506,-0.6986807286739349,-0.9946521718234302,0.44322384298687245,6.0862851023113524,0.07427404288246595,-0.01969800516963005,0.4416203796863556,0.015886932611465454,0.05213904763288024,123,0.2669075351258195,0.15173814587831286,0.2342210067989175,0,0,1,2.2,0.29757685457321414,0.4333875131278088,0.13061109519897296,0.0,21.849276800602212
PC2_track14,pc2,stairs_15_down,202,27,1,3.52,476,0,0.29911306994484077,-0.7366340160369873,-1.0411760309800746,0.49956199080286323,7.324920244891446,0.06455779112149984,-0.04234592989087105,0.49767671525478363,0.030210673809051514,0.007218962684671926,126,0.08267233470531017,0.14422283566686775,0.06722741852385407,0,1,1,3.16,0.26910343112792556,0.4963696381652701,0.12886403939303226,0.015427052974700928,23.581247214493416
PC2_track14,pc2,stairs_15_down,202,28,1,5.86,367,0,0.3226620223432939,-0.7098637819290161,-1.0375663787923395,0.49094404765923055,7.128505517391009,0.06911443311613723,-0.0337781086564064,0.48825429379940033,0.015209555625915527,0.012432899067108538,243,0.310167830645293,0.16320915034866895,0.09107334340215512,0,1,1,2.94,0.29570567097893363,0.4518300556788721,0.13714018894389346,0.10382676124572754,20.280493220457906
PC2_track14,pc2,stairs_15_down,202,29,1,2.18,999,0,0.27911199031666634,-0.704182505607605,-0.9834219070679364,0.481716791296806,7.162097833368879,0.061756232204499946,-0.07729420065879822,0.4816889762878418,0.027550995349884033,0.06336927158947292,59,0.07726579692604159,0.11099420900901319,0.07726579692604159,0,1,1,1.92,0.2754543873078046,0.44899834171290465,0.14664949739680566,0.11746048927307129,17.476126558943793
PC2_track14,pc2,stairs_15_down,202,30,1,2.78,862,0,0.29514238318020003,-0.7240123748779297,-1.0131011697697767,0.5155720808746866,7.208105610833459,0.06479224358802804,-0.05961959436535835,0.5140402913093567,0.03387308120727539,0.03689888326879487,89,0.07300593212416616,0.13820250807571,0.07300593212416616,0,1,1,2.3,0.2825617286610731,0.5168369071568434,0.10695095527618326,0.03750878572463989,19.236927658950744
PC2_track14,pc2,stairs_15_down,202,31,1,5.46,344,0,0.2860006103541124,-0.734235942363739,-1.0147058007551386,0.5180183538478529,6.3863529921629265,0.08728766442004575,-0.027997300028800964,0.5176183581352234,0.02108865976333618,0.0336893051065863,223,0.32578336814930536,0.19614687086912944,0.22402477872846882,0,1,1,2.4,0.2756564244229527,0.5567340809501918,0.14595244243183236,0.12560170888900757,19.64306293650805
PC2_track14,pc2,stairs_15_down,303,0,1,2.86,999,0,0.3106342168415295,-0.7048391699790955,-1.0131012207684031,0.47276959987789896,6.425379783330322,0.05425904145541239,-0.00461091473698616,0.47276797890663147,0.0020595192909240723,0.03689806729077039,93,0.0854479175007023,0.1375002853328381,0.0854479175007023,0,0,1,2.42,0.29847603271351775,0.4851897376652004,0.14779119249333672,0.02847355604171753,11.583999602490426
PC2_track14,pc2,stairs_15_down,303,1,1,3.34,999,0,0.293791841695653,-0.7213493883609772,-1.0090903776852205,0.49170507751983006,6.939917305212588,0.06970125383143086,-0.03293817490339279,0.48959119617938995,0.023990899324417114,0.040107273163005,117,0.17686635937011017,0.13142285254509853,0.12875354666764016,0,0,1,2.34,0.2669129709508967,0.527758724133939,0.14844989394121633,0.0,12.422242018483125
PC2_track14,pc2,stairs_15_down,303,2,1,2.4,999,0,0.29269637000114523,-0.7060219347476959,-0.9942508738308666,0.4545333363662504,6.693514054282547,0.07253565217019517,-0.02071799710392952,0.45426253974437714,0.01937541365623474,0.05574828163187773,70,0.08716438961593558,0.11103560382746301,0.08716438961593558,0,0,1,2.04,0.2862648033203288,0.5123078161701957,0.13118199039908018,0.0,35.57562925853313
PC2_track14,pc2,stairs_15_down,303,3,1,4.46,999,0,0.32188146302406806,-0.7115797102451324,-1.0439832044795234,0.4591502421610216,6.436630550484612,0.09154181347738825,0.00445398804731667,0.4567567855119705,0.007488757371902466,0.006016154977727117,173,0.22856607605104667,0.1390156751300413,0.1216409487478557,0,0,1,3.22,0.29218643744361594,0.4491216593874079,0.13925951304920214,0.03272557258605957,11.362883441975097
PC2_track14,pc2,stairs_15_down,303,4,1,2.3,999,0,0.26318199717424773,-0.714958667755127,-0.985828889245018,0.4128917218687011,4.80179304840866,0.10014779627140313,0.054670125246047974,0.40941131114959717,0.0034906864166259766,0.04973191245991915,65,0.1392875612537074,0.12896272447066903,0.1392875612537074,0,0,1,1.98,0.2588972732982534,0.4499319691562611,0.154007143834058,0.0,19.946632132969427
PC2_track14,pc2,stairs_15_down,303,5,1,3.0,999,0,0.29350841204750355,-0.7063814997673035,-0.9938496982350069,0.47017454260046393,6.055049865035329,0.07815479572936057,-0.03836234286427498,0.46607691049575806,0.02041447162628174,0.04973302422997783,100,0.23323220988192692,0.21863673167723482,0.23323220988192692,0,0,1,2.12,0.27241679850746603,0.4764575762117328,0.15424938412273637,0.036562323570251465,14.324234534322127
PC2_track14,pc2,stairs_15_down,303,6,1,2.78,999,0,0.299119540714325,-0.7060611844062805,-1.0002668248140876,0.49358334579832497,6.371014158191912,0.06737691775852472,-0.032509081065654755,0.49224409461021423,0.013900339603424072,0.04893024464979523,89,0.08313528669936382,0.13828715139690576,0.08313528669936382,0,1,1,2.3,0.29259622288260234,0.47318002468807124,0.12342394960117853,0.027386724948883057,18.881408122143053
PC2_track14,pc2,stairs_15_down,303,7,1,3.62,999,0,0.3175707747910749,-0.7161780893802643,-1.0455880088602156,0.4703740470513125,6.344430008389973,0.06026271233435676,-0.0324561633169651,0.46772636473178864,0.0037922561168670654,0.0044111364028034394,131,0.0812623586442408,0.13022147501252093,0.0804545447912768,0,1,1,3.16,0.3069973645363262,0.4455935924231051,0.13103347761745754,0.014804720878601074,17.61730298878895
PC2_track14,pc2,stairs_15_down,303,8,1,4.28,999,0,0.25534531394428106,-0.712973415851593,-0.9649724858329896,0.4785563370279753,4.909438860935068,0.05916739017299853,0.001577916438691318,0.4757981598377228,0.011095941066741943,0.06497327529172847,164,0.4245121562355406,0.12517998199982883,0.3693188758976518,0,0,1,1.96,,,0.18224794565037605,0.02644258737564087,8.541505624568872
PC2_track14,pc2,stairs_15_down,303,9,1,5.62,999,0,0.30016809622234203,-0.7090760767459869,-1.0098922239905372,0.45159150559512706,6.445035618211741,0.07316276071692755,0.004081412218511105,0.44806575775146484,0.023373514413833618,0.040106911072756546,231,0.3765332956157762,0.10982947969221415,0.1399721087556706,0,0,1,2.42,0.28003788759364157,0.4901886722802796,0.15710519596854633,0.0018433928489685059,7.351164829702702
PC2_track14,pc2,stairs_15_down,303,10,1,16.18,865,0,0.2688125172719598,-0.7124792039394379,-0.9842239726673473,0.4524541927260153,5.079235230137467,0.08197380168957877,0.012770595028996468,0.4514528959989548,0.0036930739879608154,0.0529409704361371,759,0.4802560282963041,0.15144791920106979,0.2826003914201541,0,1,1,1.92,0.25317669010417343,0.5091228611746846,0.15449115649901612,0.18253010511398315,32.79031196813191
PC2_track14,pc2,stairs_15_down,303,11,1,4.1,999,0,0.28889811548957206,-0.7136752605438232,-0.9930475612375188,0.4813332952671815,6.616117806585031,0.07034624235432767,-0.06407414004206657,0.4798699766397476,0.040771305561065674,0.05213861924441743,155,0.30758472400273845,0.19749030569802026,0.29558274542554475,0,1,1,2.04,0.26889103746669174,0.4715838740437688,0.1482620714182522,0.13621801137924194,21.759356955717642
PC2_track14,pc2,stairs_15_down,303,12,1,4.36,426,0,0.30589275914717484,-0.7099380195140839,-1.0171117476601013,0.49190565634187733,6.406509023554788,0.06761061779046044,-0.02224537543952465,0.49053244292736053,0.01497069001197815,0.0312829604123368,168,0.20014701046174918,0.17538057142768634,0.08231886834764136,0,1,1,2.7,0.28698646129771355,0.4704814846610649,0.1450551419972098,0.11598563194274902,18.93882787549535
PC2_track14,pc2,stairs_15_down,303,13,1,2.72,999,0,0.303097473746315,-0.7085751295089722,-1.0058816715995258,0.48284865636523266,6.537876092729093,0.0688853306287378,-0.040488941594958305,0.48015911877155304,0.005951404571533203,0.044116943277777265,86,0.08015499296157057,0.11364794246915517,0.08015499296157057,0,1,1,2.18,0.2992324083246649,0.5260618404968389,0.1165182402427184,0.0,18.105602462656247
PC2_track14,pc2,stairs_15_down,303,14,1,4.24,999,0,0.2823249168574491,-0.7350414991378784,-1.0147048878797236,0.5010940556759993,6.788097518296478,0.09204874241791279,-0.05481789447367191,0.4920944422483444,0.014411985874176025,0.032085403401583834,162,0.24155194608803976,0.20114484332430277,0.1752391574591284,0,1,1,2.68,0.26355530712056285,0.5183645911524444,0.14921630289465349,0.055635035037994385,20.633974705097266
PC2_track14,pc2,stairs_15_down,303,15,1,1.98,999,0,0.28498896717387723,-0.6969422698020935,-0.9802130020875982,0.4882524402289271,6.620009749350783,0.06022664217822311,-0.038827624171972275,0.4851878881454468,0.019621670246124268,0.06096243220854569,49,0.07510967563737293,0.13160878709693585,0.07510967563737293,0,0,1,1.8,0.27948315545199387,0.4847925229593323,0.1337088830968275,0.1159048080444336,21.849341034340817
PC2_track14,pc2,stairs_15_down,303,16,1,2.24,999,0,0.2758539301507614,-0.7212141752243042,-0.9870316306537485,0.501442067112909,5.491986425817972,0.06306863263962134,-0.021316305734217167,0.49901580810546875,0.02867037057876587,0.06296758600734775,62,0.07431947325073063,0.11089953624841245,0.07431947325073063,0,0,1,1.9,0.2750755959653599,0.5227548500179366,0.11681605883460633,0.018167436122894287,9.879956593377194
PC2_track14,pc2,stairs_15_down,303,17,1,6.04,484,0,0.31772424256737863,-0.7200466394424438,-1.0467905870733414,0.49621939124889536,7.246083479208966,0.06018440412607496,-0.017690690234303474,0.4923318177461624,0.02272409200668335,0.003208904980338323,252,0.31109807365968156,0.16887742309571713,0.08365596815087015,0,1,1,3.24,0.29559978508056806,0.5041820454321264,0.12334051648563238,0.10523003339767456,24.89726922732364
PC2_track14,pc2,stairs_15_down,303,18,1,1.5,999,0,0.2373675104768519,-0.7088834047317505,-0.9577532885546353,0.5156590088558455,5.401346934935898,0.06936455336088748,-0.045570455491542816,0.5131282210350037,0.027280986309051514,0.06657791137695324,25,0.08023726448544942,0.11663173370516279,0.08023726448544942,0,0,1,2.84,,,0.1711761865386351,0.08510291576385498,19.439763035239192
PC2_track14,pc2,stairs_15_down,303,19,1,2.94,333,0,0.2813423785933836,-0.7295826077461243,-1.0106944629852785,0.5046357564147863,6.383527750497449,0.051352523063667804,-0.04146035388112068,0.5037527084350586,0.027809500694274902,0.03930490667169728,97,0.0612192205759679,0.11652801097824533,0.0612192205759679,0,1,1,2.44,0.26722543953574274,0.5043407453125323,0.10352208301982779,0.09740859270095825,22.129581949191422
PC2_track14,pc2,stairs_15_down,303,20,1,1.52,444,0,0.22191785283904664,-0.7319790124893188,-0.9525396377645075,0.5265447081797492,3.991232957072267,0.09948056662433244,-0.11729312688112259,0.5140190720558167,0.028689324855804443,0.07259289338626962,26,0.0990465493846908,0.19213575144972067,0.0990465493846908,0,0,1,2.12,,,0.17207799780177557,0.1294746994972229,22.67721746679914
PC2_track14,pc2,stairs_15_down,303,21,1,3.56,999,0,0.32563069733706385,-0.7073727250099182,-1.0363628061059962,0.48947970475593044,7.396199120755439,0.06468866715787991,-0.05316690914332867,0.4880455285310745,0.028003573417663574,0.013636481953177348,128,0.0839085453903495,0.15213774559764107,0.08113405036143816,0,0,1,3.02,0.2936918617569827,0.5137383264282417,0.12970476482003768,0.0,19.91634775754456
PC2_track14,pc2,stairs_15_down,303,22,1,4.2,999,0,0.3060531444090573,-0.7036270499229431,-1.0074864453810422,0.44861089594502834,5.955587846803604,0.07003102879765537,0.009877592325210571,0.4485357403755188,0.002395808696746826,0.037699510706937334,160,0.27998427816572796,0.18456389933405762,0.2116976191129602,0,0,1,2.44,0.2797709375141776,0.4586639423570025,0.17286820558303184,0.035862863063812256,11.933616559341504
PC2_track14,pc2,stairs_15_down,303,23,1,3.1,928,0,0.31196763744966227,-0.7132067680358887,-1.019918910959825,0.4920891606725671,6.743695169052666,0.06537786306907864,-0.031200848519802094,0.4912506937980652,0.024069488048553467,0.030079887512533654,105,0.07680532220960837,0.12192133256683435,0.07705977388957153,0,1,1,2.64,0.2879789678808202,0.4654486411637757,0.1266809093123451,0.09784477949142456,15.331859165999338
PC2_track14,pc2,stairs_15_down,303,24,1,2.12,999,0,0.2657970280889521,-0.7069034576416016,-0.9693848768020059,0.43282499994054435,6.236081710825246,0.07728417483344459,-0.02238097134977579,0.4283890277147293,0.0030038952827453613,0.06296770330418866,56,0.10249587649442674,0.14163571367296246,0.10249587649442674,0,0,1,2.02,0.24118623950264673,0.41969490340163706,0.08491838297104448,0.004777312278747559,24.794909561352092
PC2_track14,pc2,stairs_15_down,303,25,1,6.6,457,0,0.3138239331105176,-0.7126359939575195,-1.029544733424875,0.49964790604843523,7.663943373968806,0.06070514681162618,-0.04734806530177593,0.49907076358795166,0.01865750551223755,0.020454677031002122,280,0.35489276539798414,0.16550078117411937,0.07782971583152257,0,1,1,2.74,0.29621990128634446,0.5245262578652767,0.14580693091938202,0.0025686025619506836,27.3116078900269
PC2_track14,pc2,stairs_15_down,303,26,1,2.64,999,0,0.2876245403353543,-0.7170900702476501,-0.9942510115271583,0.47628028918505216,6.395625979362489,0.05669785646696186,0.0006079152226448059,0.47598789632320404,0.02109616994857788,0.0525397999401398,82,0.067122768977477,0.10775699974692021,0.067122768977477,0,0,1,2.24,0.27509016117310137,0.501753774176236,0.12150619055498091,0.017422139644622803,18.84587525935708
PC2_track14,pc2,stairs_15_down,303,27,1,2.04,999,0,0.25973980391726775,-0.7153816223144531,-0.974598802984717,0.46179598533042665,6.664396723875907,0.07275194224218029,0.0012027155607938766,0.4614933282136917,0.026474595069885254,0.06657730449329735,52,0.08243207387144463,0.09841419087301674,0.08243207387144463,0,0,1,1.72,0.27431756481129854,0.5089038619370947,0.11108151094161256,0.01112586259841919,20.888482939120365
PC2_track14,pc2,stairs_15_down,303,28,0,,999,0,0.30374715529023644,-0.6956061720848083,-0.993047617336008,0.4443169757782074,6.573423663796192,0.07552124985522429,-0.05501936748623848,0.4437730461359024,0.013727664947509766,0.051336568944594485,950,0.4878923024745946,0.14923502611771797,0.23988477833348054,0,1,1,2.04,0.2871754440394315,0.46067375041038294,0.1654096000334796,0.1344611644744873,29.086903350070795
PC2_track14,pc2,stairs_15_down,303,29,1,4.52,999,0,0.33587888520669174,-0.7050545811653137,-1.0415768801847243,0.46171068693161066,7.0113156908181455,0.0689360686668192,-0.05194755084812641,0.4594018757343292,0.012995362281799316,0.008422469072800975,176,0.21577057592675705,0.15328619690230597,0.10166251467428118,0,0,1,3.32,0.2871161574985892,0.47370935016571025,0.15141054206990945,0.0279008150100708,10.943501116569829
PC2_track14,pc2,stairs_15_down,303,30,1,3.18,999,0,0.27218137896634675,-0.7225001454353333,-0.9898392682406991,0.4796893204979614,6.474568286251575,0.06853253688240632,-0.015344999730587006,0.4760449528694153,0.028518974781036377,0.04812861763857268,109,0.23003876778267884,0.18998613162559755,0.21986563245578314,0,0,1,2.1,0.24971070040993515,0.4393724926744045,0.13097784927184564,0.02707350254058838,11.532098373611868
PC2_track14,pc2,stairs_15_down,303,31,1,2.34,999,0,0.2803264700155208,-0.721268892288208,-0.998663030206201,0.524559194333615,6.197041401642868,0.06442912869235726,-0.047891657799482346,0.5244340300559998,0.03486895561218262,0.04893068323798344,67,0.07741259063770731,0.13504877173278287,0.07741259063770731,0,1,1,2.02,0.2708243055139633,0.5299753924880609,0.128048552867563,0.011355936527252197,16.242160339474307
PC2_track14,pc2,combined_yaw_right,101,0,0,,999,0,0.33780988875557394,0.33781033754348755,3.008918966201538e-07,0.4044293648409814,7.838829499520859,0.129804107856312,-0.4394111931324005,0.3995187990255965,0.0016698241233825684,-1.7849519291026067e-07,950,0.14073074772134736,0.14211959815030487,0.1491876082744918,,,,,,,,,
PC2_track14,pc2,combined_yaw_right,101,1,0,,999,0,0.35842947645939605,0.3584298640489578,4.13088875020889e-07,0.35106109259686913,7.828994091325654,0.18201581264529776,-0.4510774314403534,0.3444646532471233,-0.005685374140739441,-3.5189052316594254e-07,950,0.21112918682781595,0.15081808307309247,0.197898568737787,,,,,,,,,
PC2_track14,pc2,combined_yaw_right,101,2,0,,999,0,0.3190049900409372,0.3190052807331085,4.0798901236631015e-07,0.437183835886777,6.821175264664505,0.0930658104723179,-0.47781239449977875,0.43634186928913943,-0.005424201488494873,-1.937947808739973e-07,950,0.12879630061405287,0.12455643457715215,0.15425297483788183,,,,,,,,,
PC2_track14,pc2,combined_yaw_right,101,3,0,,999,0,0.35571024005107066,0.35571055114269257,3.5189052316594254e-07,0.29846553936612713,6.4728201713287525,0.23034561395537204,-0.37516359984874725,0.2951163478021338,-0.0012723952531814575,8.669766512784094e-08,950,0.22739716723010672,0.14109519455003264,0.27800749351703474,,,,,,,,,
PC2_track14,pc2,combined_yaw_right,101,4,0,,999,0,0.3311559776252604,0.33115628361701965,5.048864028033088e-07,0.4447354917687692,6.357667627143737,0.09592295429477221,-0.4248663932085037,0.4433542863708356,0.004254341125488281,1.7849519291026072e-07,950,0.12163956422834038,0.12181888470792357,0.12458658082694225,,,,,,,,,
PC2_track14,pc2,combined_yaw_right,101,5,0,,999,0,0.33123259421657114,0.33123309910297394,4.334883256392046e-07,0.44087640879393075,7.3284740488634235,0.11971135084316108,-0.4640641063451767,0.4398278768309074,-0.0299958735704422,-6.782817330589906e-07,950,0.2274953483884141,0.13879572092730785,0.1525165646880125,,,,,,,,,
PC2_track14,pc2,combined_yaw_right,101,6,0,,999,0,0.3574185461443376,0.35741858184337616,2.2949381945604948e-07,0.34586557569156284,7.835266144192881,0.1902718610338352,-0.4615214020013809,0.33927193351621326,0.00862516462802887,-4.946866774941511e-07,950,0.1991496798982216,0.12274482546148113,0.22706642290168058,,,,,,,,,
PC2_track14,pc2,combined_yaw_right,101,7,0,,999,0,0.3371253474192186,0.33712586760520935,3.8758956174799467e-07,0.41260070426460005,7.199430975427795,0.13380136870623974,-0.4493560642004013,0.40645987261821903,-0.01334303617477417,2.0399450618315537e-08,950,0.2037442020256496,0.14615961008822018,0.1746053358126631,,,,,,,,,
PC2_track14,pc2,combined_yaw_right,101,8,0,,999,0,0.3512630465833898,0.35126322507858276,1.325964290190508e-07,0.39576205804682507,7.794857773170363,0.1370913045260509,-0.45936252176761627,0.39487346872774576,0.008981943130493164,-6.425826944769385e-07,950,0.19836356908961011,0.1312131740401696,0.1759946330061003,,,,,,,,,
PC2_track14,pc2,combined_yaw_right,101,9,0,,999,0,0.33980975519208345,0.3398101478815079,3.2129134723846926e-07,0.4055580165892706,7.061353042557545,0.12920163658000844,-0.4696173369884491,0.40513509131059877,-0.00858183205127716,-3.6209024847510023e-07,950,0.23081371761727035,0.12717123797924382,0.17374163904683404,,,,,,,,,
PC2_track14,pc2,combined_yaw_right,101,10,0,,999,0,0.31642609077660155,0.3164263814687729,3.4679066051136365e-07,0.4617093418285866,7.924875506016563,0.07844681359503956,-0.42479877173900604,0.4578086377915988,0.010417506098747253,-1.6319560494652408e-07,950,0.10037427133996567,0.1256558951156996,0.1128354909838858,,,,,,,,,
PC2_track14,pc2,combined_yaw_right,101,11,0,,999,0,0.3090999976677053,0.3091001659631729,3.059917592747326e-07,0.44287827960870585,6.4632147071058945,0.15006190824479598,-0.45781321823596954,0.4160380350447157,-0.03678874671459198,-4.589876389120989e-07,950,0.17977263319296413,0.13539494935071716,0.18373902748465926,,,,,,,,,
PC2_track14,pc2,combined_yaw_right,101,12,0,,999,0,0.33401352701021386,0.334013894200325,4.0798901236631015e-07,0.46772586243047676,7.781343326795925,0.08726819758721967,-0.41111476719379425,0.45942248965401267,0.0205218642950058,-3.7738983643883687e-07,950,0.14831207255189224,0.12602075479710634,0.11452262644131335,,,,,,,,,
PC2_track14,pc2,combined_yaw_right,101,13,0,,999,0,0.3480377149454412,0.3480378985404968,1.6319560494652405e-07,0.25803618965638214,6.340135118622592,0.26978321238826364,-0.4239932894706726,0.25533948045443955,0.011157900094985962,-1.1219697840073529e-07,950,0.1954142569558843,0.14158043023054345,0.28610350255371003,,,,,,,,,
PC2_track14,pc2,combined_yaw_right,101,14,0,,999,0,0.3445918475561601,0.3445923626422882,4.691873642212567e-07,0.42521696446059964,8.456315631587156,0.12016692113650983,-0.4088427573442459,0.4222396923637881,0.009668141603469849,-3.161914845838903e-07,950,0.21360322693716002,0.14179256396193377,0.1515143262972382,,,,,,,,,
PC2_track14,pc2,combined_yaw_right,101,15,0,,999,0,0.34469385030754107,0.3446943908929825,2.804924460018382e-07,0.39766585792839365,6.432033221317962,0.12945271364574745,-0.41651780903339386,0.395983171112572,-0.0026600807905197144,-2.1929409414689174e-07,950,0.20335785545349191,0.14576504143607874,0.18271718046774701,,,,,,,,,
PC2_track14,pc2,combined_yaw_right,101,16,0,,999,0,0.3479622534730218,0.34796251356601715,4.13088875020889e-07,0.34290355030078234,6.467143817119746,0.18513357102045408,-0.39317750930786133,0.3380362836754466,0.002907589077949524,1.5299587963736586e-08,950,0.22949312858362242,0.14141831567458477,0.23175481866806713,,,,,,,,,
PC2_track14,pc2,combined_yaw_right,101,17,0,,999,0,0.35647678837419194,0.3564769923686981,3.773898364388369e-07,0.32566295046665716,7.561937407870441,0.20189108233031752,-0.4201754629611969,0.3237702092861431,-0.011366724967956543,-6.425826944769385e-07,950,0.22271770684725764,0.14136755317422506,0.22093961216993369,,,,,,,,,
PC2_track14,pc2,combined_yaw_right,101,18,0,,999,0,0.3158591254987818,0.31585945188999176,4.5388777625752007e-07,0.477214689334958,7.007864037933983,0.07031603045106966,-0.4956637769937515,0.47253565363325095,-0.004901126027107239,6.62982145095254e-08,950,0.11325797800187805,0.12467430055351357,0.10377471087883051,,,,,,,,,
PC2_track14,pc2,combined_yaw_right,101,19,0,,999,0,0.35222614672094743,0.352226197719574,3.977892870571524e-07,0.34491249901267124,7.911054548790508,0.18494119500508682,-0.4561524838209152,0.34098702667144876,0.0030323266983032227,-4.079890123663102e-07,950,0.23730990115239184,0.1418245115963289,0.2135826517085308,,,,,,,,,
PC2_track14,pc2,combined_yaw_right,101,20,0,,999,0,0.3395189809448579,0.3395194858312607,5.048864028033088e-07,0.38995644480880287,6.593569292315955,0.14053882176321603,-0.4316336214542389,0.3891844743774513,0.011100247502326965,-5.252858534216244e-07,950,0.1985737232118987,0.1206677861986124,0.19868413389510642,,,,,,,,,
PC2_track14,pc2,combined_yaw_right,101,21,0,,999,0,0.3375093329717769,0.3375101387500763,4.3858818829378343e-07,0.3701076095971066,5.696946809280911,0.17586341521739515,-0.466809943318367,0.36085008769758564,-0.0024622678756713867,4.691873642212567e-07,950,0.18529243641648097,0.14168682278655068,0.20374507178955692,,,,,,,,,
PC2_track14,pc2,combined_yaw_right,101,22,0,,999,0,0.31429189395777046,0.3142921030521393,2.1419423149231284e-07,0.49511757997431904,6.948490903842395,0.06811100926625156,-0.4400755912065506,0.4919801541065911,0.0017741620540618896,8.159780247326204e-08,950,0.1053471450243375,0.1354422021359768,0.08628837777111417,,,,,,,,,
PC2_track14,pc2,combined_yaw_right,101,23,0,,999,0,0.34315468203575217,0.3431549370288849,6.374828318223596e-07,0.40281649024349564,8.344848870374687,0.1333152985033312,-0.46435126662254333,0.3969890038715852,-0.0032051503658294678,5.048864028033088e-07,950,0.1909567367324385,0.14076780939254854,0.15712361587735443,,,,,,,,,
PC2_track14,pc2,combined_yaw_right,101,24,0,,999,0,0.298426124102929,0.29842640459537506,3.0089189662015373e-07,0.49179441051750294,7.057727301011141,0.07155588398648963,-0.5114993751049042,0.4900569039636617,-0.013376191258430481,5.0998626545788444e-09,950,0.10406406966234634,0.12980805147530536,0.10605029130027462,,,,,,,,,
PC2_track14,pc2,combined_yaw_right,101,25,0,,999,0,0.31260271752900615,0.3126029521226883,9.179752778241978e-08,0.4966977069550639,5.824501234688386,0.08372727151086584,-0.4800246059894562,0.4946750452583667,-0.0038593262434005737,-3.569903858205214e-07,950,0.10665940733278291,0.12389279359566395,0.10571913302450658,,,,,,,,,
PC2_track14,pc2,combined_yaw_right,101,26,0,,999,0,0.31963460298783,0.31963473558425903,3.8758956174799467e-07,0.4726106135704695,7.215983234276109,0.08490781442264775,-0.45875704288482666,0.46899083565190125,-0.0021639466285705566,-6.017837932403074e-07,950,0.11791262671185627,0.13189986972530518,0.10894915696375411,,,,,,,,,
PC2_track14,pc2,combined_yaw_right,101,27,0,,999,0,0.32743434400800714,0.32743461430072784,3.263912098930481e-07,0.4582095680186104,8.751480634375966,0.07705510824306748,-0.43581749498844147,0.4565998097773506,-0.0014936178922653198,6.11983518549465e-08,950,0.14274848873554935,0.14339799572659778,0.11455097455460433,,,,,,,,,
PC2_track14,pc2,combined_yaw_right,101,28,0,,999,0,0.33034998903618773,0.33035047352313995,1.3769629167362967e-07,0.43735609296896294,7.719414371797043,0.10620721570744539,-0.4461152106523514,0.43192911542674406,-0.0044413357973098755,-7.649793981868317e-08,950,0.15377142269341265,0.12093049654973277,0.14465580355674187,,,,,,,,,
PC2_track14,pc2,combined_yaw_right,101,29,0,,999,0,0.3177247063361387,0.31772559881210327,8.108781620780415e-07,0.4874055579698625,6.716338884547964,0.08484970861866518,-0.49424274265766144,0.48597200334965757,0.0012575984001159668,-2.2949381945604932e-07,950,0.1058067551968827,0.13996044578311598,0.11296136885965949,,,,,,,,,
PC2_track14,pc2,combined_yaw_right,101,30,0,,999,0,0.3652722606046952,0.36527276039123535,5.354855787307821e-07,0.2414298411842495,6.445900812429915,0.28412703522665717,-0.3896353393793106,0.23874408097095878,0.0004189908504486084,-4.7428722687583555e-07,950,0.2562380776612029,0.13093747449023815,0.2998822938370629,,,,,,,,,
PC2_track14,pc2,combined_yaw_right,101,31,0,,999,0,0.32771643223290775,0.3277171105146408,3.824896990934158e-07,0.477503126679065,7.741094579191476,0.07446369939960865,-0.5013867318630219,0.4762650246944712,-0.010287955403327942,-2.90692171310996e-07,950,0.16806164901790424,0.1150223353317722,0.110356655787601,,,,,,,,,
PC2_track14,pc2,combined_yaw_right,202,0,0,,999,0,0.3098808810672658,0.3098815083503723,1.4789601698278744e-07,0.5157676060431704,6.437681315050053,0.06456927395134371,-0.44928377866744995,0.5138910890827201,0.001535177230834961,-1.8869491821941846e-07,950,0.0981592229858368,0.12974933399281022,0.08818989258962218,,,,,,,,,
PC2_track14,pc2,combined_yaw_right,202,1,0,,999,0,0.3270575700596692,0.32705795764923096,3.569903858205214e-07,0.401305254271064,7.458930068191975,0.1396419221154254,-0.4376976788043976,0.3945296395281268,0.003343939781188965,-2.141942314923128e-07,950,0.14891154983711785,0.13339051665950352,0.16958151427649748,,,,,,,,,
PC2_track14,pc2,combined_yaw_right,202,2,0,,999,0,0.35544377804439975,0.35544463992118835,2.855923086564171e-07,0.3338795651512204,7.3969166339280665,0.19640378940385517,-0.4480402171611786,0.3317811471830723,0.0010019242763519287,-6.323829691677807e-07,950,0.1958710116247693,0.13276852437978584,0.25132452612669254,,,,,,,,,
PC2_track14,pc2,combined_yaw_right,202,3,0,,999,0,0.3538875393370256,0.35388806462287903,3.365909352022059e-07,0.25713983980486155,6.719347103062019,0.2742158307234247,-0.4461561590433121,0.25224083887812554,-0.0011550188064575195,1.9379478087399736e-07,950,0.2250856380105056,0.13479249165155402,0.2721214780209378,,,,,,,,,
PC2_track14,pc2,combined_yaw_right,202,4,0,,999,0,0.3539586598701018,0.3539590984582901,4.589876389120989e-07,0.3685298473917552,7.628318411961349,0.15767710359430104,-0.42776598036289215,0.36771485310506724,0.0035101324319839478,9.179752778241978e-08,950,0.25038914166087933,0.14338523023290092,0.19678982319923785,,,,,,,,,
PC2_track14,pc2,combined_yaw_right,202,5,0,,999,0,0.32177059583485446,0.32177069783210754,1.2239670370989306e-07,0.4097306662967287,6.073556383281179,0.12427409285756491,-0.425232395529747,0.40829518794094766,-0.008150488138198853,1.0199725309157755e-07,950,0.15581449506766665,0.1576931957690748,0.16426892735912593,,,,,,,,,
PC2_track14,pc2,combined_yaw_right,202,6,0,,999,0,0.32012911826212775,0.3201296180486679,3.059917592747326e-07,0.4524625798624413,7.082676077320471,0.09655851103408578,-0.446789413690567,0.4479945305287488,-0.012013629078865051,-4.793870895304144e-07,950,0.13330678433241602,0.1290326819859954,0.12006709670222718,,,,,,,,,
PC2_track14,pc2,combined_yaw_right,202,7,0,,999,0,0.335456970780291,0.3354572206735611,2.957920339655749e-07,0.45297164976558496,6.107351272422012,0.09544325522556027,-0.47803637385368347,0.4528741465144169,-0.014610454440116882,1.7339533025568182e-07,950,0.2068695706298439,0.13400179753747768,0.12822096544862946,,,,,,,,,
PC2_track14,pc2,combined_yaw_right,202,8,0,,999,0,0.3120539716698907,0.31205423176288605,2.804924460018382e-07,0.4967592787155909,5.716426809747824,0.09097865450788784,-0.47943703830242157,0.4911336343340693,-0.003309682011604309,1.5299587963736586e-08,950,0.10263111905346964,0.12155827523433459,0.10469354112737658,,,,,,,,,
PC2_track14,pc2,combined_yaw_right,202,9,0,,999,0,0.3589326378336565,0.358932688832283,2.855923086564171e-07,0.32462695535535824,7.92383821593784,0.20569053926744235,-0.4102972745895386,0.3208944064233002,0.003493562340736389,3.263912098930481e-07,950,0.24334278249668637,0.14496923182326232,0.26691681302125264,,,,,,,,,
PC2_track14,pc2,combined_yaw_right,202,10,0,,999,0,0.35559203981715726,0.35559213161468506,2.3459368211062835e-07,0.3175212509132769,7.306937857467377,0.2108461235310714,-0.42725105583667755,0.3154057711325695,0.008254587650299072,-3.773898364388369e-07,950,0.2055128282517498,0.14157618133704028,0.22640063834928215,,,,,,,,,
PC2_track14,pc2,combined_yaw_right,202,11,0,,999,0,0.3313862413646066,0.3313865065574646,6.833815957135695e-07,0.42823930021599477,7.517505412934497,0.10966880710455709,-0.4401577115058899,0.4220775957231693,-0.003276526927947998,1.1219697840073532e-07,950,0.15176986296962558,0.14755096435977952,0.13842893161764833,,,,,,,,,
PC2_track14,pc2,combined_yaw_right,202,12,0,,999,0,0.3120529818981089,0.31205329298973083,4.283884629846257e-07,0.4926327723675493,5.856682580809196,0.0764090861780786,-0.4794708639383316,0.49071200396162495,0.013701200485229492,2.8559230865641714e-07,950,0.09792126074557171,0.12849260855118178,0.08996280923590921,,,,,,,,,
PC2_track14,pc2,combined_yaw_right,202,13,0,,999,0,0.3218302135480279,0.32183095812797546,3.31491072547627e-07,0.42881968235980383,6.7117675658807325,0.13917200713747707,-0.4429824501276016,0.41719286485778617,-0.03115934133529663,-3.9268942440257356e-07,950,0.20856371913539232,0.13071731324419267,0.17119728453957186,,,,,,,,,
PC2_track14,pc2,combined_yaw_right,202,14,0,,999,0,0.31634809626614985,0.3163480758666992,2.3459368211062835e-07,0.45186282017734014,7.094638846166438,0.09706124303323149,-0.4507467746734619,0.45113545052350246,-0.007728397846221924,-2.1419423149231282e-07,950,0.11765947657789858,0.13403669083787442,0.11841477585073129,,,,,,,,,
PC2_track14,pc2,combined_yaw_right,202,15,0,,999,0,0.3150101046670567,0.3150107115507126,2.957920339655749e-07,0.49197671737445337,6.069966753534752,0.06123966735676864,-0.47266633808612823,0.4903003063148183,0.004531100392341614,-3.0599175927473257e-07,950,0.11885714647415666,0.11993874963976978,0.09142670951362639,,,,,,,,,
PC2_track14,pc2,combined_yaw_right,202,16,0,,999,0,0.3400027789374724,0.34000320732593536,3.31491072547627e-07,0.39994802582690225,7.507615230960242,0.15284234004801162,-0.4543346166610718,0.38705272418762005,-0.009978756308555603,4.640875015666778e-07,950,0.24422862631954742,0.1373267677513236,0.19113640362871168,,,,,,,,,
PC2_track14,pc2,combined_yaw_right,202,17,0,,999,0,0.32773125323063546,0.3277313858270645,2.855923086564171e-07,0.40964150044720493,6.863955857733515,0.12399278854238159,-0.4231705963611603,0.40852267207859694,-0.010942772030830383,-3.1619148458389037e-07,950,0.139215993357454,0.1262384614436612,0.15635673428369828,,,,,,,,,
PC2_track14,pc2,combined_yaw_right,202,18,0,,999,0,0.3399446448859047,0.33994486927986145,1.8869491821941846e-07,0.38136382088665405,7.559019509011122,0.1691224908750141,-0.4433165192604065,0.37080282369820255,-0.0006716251373291016,-6.068836558948864e-07,950,0.16826243425302934,0.146188830097535,0.18986882832323954,,,,,,,,,
PC2_track14,pc2,combined_yaw_right,202,19,0,,999,0,0.3607759964179228,0.3607764095067978,3.6719011112967913e-07,0.3739512550561258,7.351324903110072,0.15994715910265822,-0.47313202917575836,0.3696109460115233,-0.0016566663980484009,-3.977892870571524e-07,950,0.22574455986143452,0.13142886234344647,0.1969432089018055,,,,,,,,,
PC2_track14,pc2,combined_yaw_right,202,20,0,,999,0,0.32410325205581075,0.32410378754138947,4.181887376754679e-07,0.4786845063483164,6.907921978908698,0.07190522112515133,-0.4701523035764694,0.47565723393842774,0.005730614066123962,2.855923086564171e-07,950,0.09461333114585813,0.1224432533351078,0.09186010511236757,,,,,,,,,
PC2_track14,pc2,combined_yaw_right,202,21,0,,999,0,0.3350339247421785,0.33503444492816925,5.048864028033088e-07,0.46657296380227753,6.245678371377879,0.10150544086511981,-0.5095622837543488,0.46036565146206065,-0.016907647252082825,5.048864028033088e-07,950,0.16532296542789632,0.13240350572835288,0.14134513607440313,,,,,,,,,
PC2_track14,pc2,combined_yaw_right,202,22,0,,999,0,0.3285039296762191,0.32850438356399536,5.762844799674131e-07,0.44328728381176685,7.549550960616852,0.10517446941254151,-0.42893630266189575,0.43890513176717655,-0.003390401601791382,-3.3149107254762706e-07,950,0.15395794457783663,0.14065216623493862,0.13360265121544437,,,,,,,,,
PC2_track14,pc2,combined_yaw_right,202,23,0,,999,0,0.3183009101745279,0.3183012008666992,3.2129134723846926e-07,0.4682875591135883,7.03034331474842,0.08218450598176134,-0.45996929705142975,0.46460003500881075,0.011426419019699097,-9.689739043699863e-08,950,0.09810016588258406,0.1244570452228697,0.11206100543379947,,,,,,,,,
PC2_track14,pc2,combined_yaw_right,202,24,0,,999,0,0.3257038588511115,0.32570406794548035,4.283884629846257e-07,0.4749967626171939,7.105826636606218,0.16019394147975696,-0.5639903843402863,0.4653167121402082,-0.015500158071517944,-1.7339533025568177e-07,950,0.2405759845597416,0.15779280847757296,0.18372180164008475,,,,,,,,,
PC2_track14,pc2,combined_yaw_right,202,25,0,,999,0,0.3121472931800679,0.31214791536331177,3.569903858205214e-07,0.5103641702627263,6.895869050997389,0.07437561532854473,-0.48112334311008453,0.5082272585809477,0.0059746503829956055,-1.3259642901905086e-07,950,0.09923468241738172,0.12076149913802799,0.09259825760196867,,,,,,,,,
PC2_track14,pc2,combined_yaw_right,202,26,0,,999,0,0.35834318981132407,0.35834334790706635,2.2949381945604948e-07,0.32283648888224514,5.877014932593284,0.20727532096873363,-0.4415625333786011,0.3197565373042221,0.012582704424858093,-3.110916219293115e-07,950,0.23428637968813038,0.13351731695028582,0.22336298468313964,,,,,,,,,
PC2_track14,pc2,combined_yaw_right,202,27,0,,999,0,0.3142427806070144,0.31424276530742645,3.263912098930481e-07,0.5358180914332038,7.4750131656825864,0.06291480577534163,-0.4746643155813217,0.5353838719325554,-0.0049584656953811646,-3.7738983643883687e-07,950,0.09298888556442006,0.12640494339343233,0.10258947019099438,,,,,,,,,
PC2_track14,pc2,combined_yaw_right,202,28,0,,999,0,0.35005588223908674,0.3500563055276871,2.957920339655749e-07,0.32013448213246365,7.25986282171171,0.2109774940332164,-0.41357097029685974,0.3168451525650404,0.02099369466304779,-6.11983518549465e-08,950,0.20086638946076804,0.1436809561175357,0.24381663223097452,,,,,,,,,
PC2_track14,pc2,combined_yaw_right,202,29,0,,999,0,0.3487505857797868,0.34875155985355377,6.527824197860962e-07,0.4075429450361797,8.422112487294186,0.12290798319264634,-0.4327727407217026,0.4060606286199179,0.01831682026386261,-3.6719011112967924e-07,950,0.18907162059233948,0.13496046547361495,0.16227321114622067,,,,,,,,,
PC2_track14,pc2,combined_yaw_right,202,30,0,,999,0,0.3177362814306575,0.3177361488342285,3.8248969909341577e-07,0.46583446268206746,6.990344205940163,0.0834086109814294,-0.43155039846897125,0.4623767046630164,0.009850025177001953,-3.110916219293115e-07,950,0.10816835874222708,0.1261023482235139,0.11215647176751024,,,,,,,,,
PC2_track14,pc2,combined_yaw_right,202,31,0,,999,0,0.3071355555146773,0.30713599920272827,4.4878791360294117e-07,0.5063438058441518,5.603308157872528,0.06738937724501827,-0.4629324823617935,0.5036456694913507,-0.00036469101905822754,1.0199725309157752e-07,950,0.09062037567521983,0.1212648556136567,0.09219625267022745,,,,,,,,,
PC2_track14,pc2,combined_yaw_right,303,0,0,,999,0,0.35479750225250734,0.3547980785369873,4.3858818829378343e-07,0.35095099891219217,7.077765480512067,0.18208467276513166,-0.47676752507686615,0.34582270972565726,-0.0017761588096618652,1.5299587963736634e-07,950,0.24131220049521862,0.13679409391844816,0.19357690162315241,,,,,,,,,
PC2_track14,pc2,combined_yaw_right,303,1,0,,999,0,0.32910021518003496,0.329101026058197,2.90692171310996e-07,0.4443962538522793,7.9268177358350576,0.09925849289700536,-0.43682487308979034,0.44088568357664026,0.021615922451019287,-2.396935447652072e-07,950,0.14088482334285998,0.14102203481970702,0.13516950860601207,,,,,,,,,
PC2_track14,pc2,combined_yaw_right,303,2,0,,999,0,0.3485487848520279,0.3485487848520279,5.150861281124665e-07,0.3684882374010633,8.311247291507922,0.15582432901092372,-0.4759366363286972,0.36795535600915713,0.006443336606025696,2.3969354476520717e-07,950,0.17323228908636218,0.13504809876173346,0.20040986341709593,,,,,,,,,
PC2_track14,pc2,combined_yaw_right,303,3,0,,999,0,0.359814991606748,0.35981518030166626,2.5499313272894386e-07,0.259959577875823,7.3390369053879745,0.2907014802528769,-0.4268198758363724,0.23988139227144373,0.013514071702957153,-2.1419423149231284e-07,950,0.2051528911055997,0.13266546010714464,0.32474758742243975,,,,,,,,,
PC2_track14,pc2,combined_yaw_right,303,4,0,,999,0,0.35445404698185745,0.35445456206798553,3.5189052316594254e-07,0.3610794865706378,6.032683433586766,0.17021958540221654,-0.45388926565647125,0.36049569388580394,-0.012322410941123962,4.232886003300468e-07,950,0.21792920345362596,0.13087188168057112,0.24576709674046282,,,,,,,,,
PC2_track14,pc2,combined_yaw_right,303,5,0,,999,0,0.34473646372397315,0.3447369635105133,6.833815957135695e-07,0.44832072076078977,7.271692375570744,0.09082061929416269,-0.4655122458934784,0.4459946469988487,-0.009057581424713135,2.0399450618315505e-07,950,0.20719911160243049,0.12828179551452235,0.12047064521189507,,,,,,,,,
PC2_track14,pc2,combined_yaw_right,303,6,0,,999,0,0.3504245878062784,0.3504253476858139,3.824896990934158e-07,0.38400279202203413,7.544713152328977,0.1501872859270177,-0.4559577405452728,0.3804719579120033,0.0051432400941848755,5.354855787307821e-07,950,0.19807611893729077,0.13786543721963518,0.17572709753933805,,,,,,,,,
PC2_track14,pc2,combined_yaw_right,303,7,0,,999,0,0.34718595771866045,0.3471865952014923,5.711846173128342e-07,0.3888040635052578,6.58174952041416,0.14751650845620512,-0.43349261581897736,0.38758870907804904,0.0055380165576934814,-3.6719011112967924e-07,950,0.1881853060151454,0.13834628271902072,0.2223702542548564,,,,,,,,,
PC2_track14,pc2,combined_yaw_right,303,8,0,,999,0,0.34759855644906906,0.34759898483753204,2.396935447652072e-07,0.3605334271518913,7.4310443618769355,0.16548377737113074,-0.3978595435619354,0.3595545816179241,0.008757099509239197,-4.13088875020889e-07,950,0.18492227854157875,0.12949984240548484,0.21021435044550485,,,,,,,,,
PC2_track14,pc2,combined_yaw_right,303,9,0,,999,0,0.33516515576265715,0.3351656198501587,2.804924460018382e-07,0.419288247251301,8.285420149980524,0.13588435273851557,-0.47014573216438293,0.41124095061308064,-0.016199946403503418,-4.130888750208891e-07,950,0.21258852329239816,0.15669367854952854,0.15646724475575766,,,,,,,,,
PC2_track14,pc2,combined_yaw_right,303,10,0,,999,0,0.3502934397382532,0.35029374063014984,2.1419423149231284e-07,0.38792762330051855,7.48068164283581,0.1448630118760322,-0.4768774211406708,0.3862801312225895,-0.010458335280418396,1.6319560494652408e-07,950,0.18988363560461013,0.13517891897408751,0.17324824025084307,,,,,,,,,
PC2_track14,pc2,combined_yaw_right,303,11,0,,999,0,0.330792912107738,0.33079393208026886,9.077755525150401e-07,0.4172236834429144,7.406447572176313,0.11310750992197874,-0.4419138431549072,0.41584318227458816,-0.004473641514778137,5.303857160762032e-07,950,0.17388656050609938,0.12678459861030325,0.153976295955171,,,,,,,,,
PC2_track14,pc2,combined_yaw_right,303,12,0,,999,0,0.3564741361268701,0.356474906206131,3.824896990934158e-07,0.34572344202887584,7.529327409272138,0.20169250224867902,-0.46003609895706177,0.3387506092830198,0.0040566325187683105,-3.7228997378425803e-07,950,0.19659616643265324,0.126419809163366,0.20727048170780918,,,,,,,,,
PC2_track14,pc2,combined_yaw_right,303,13,0,,999,0,0.3485631573008981,0.34856343269348145,2.1929409414689171e-07,0.34580034135340626,7.066424171994653,0.18704251938748576,-0.45781634747982025,0.33791259445721544,0.010108590126037598,1.2749656636447193e-07,950,0.17914883828522363,0.13361444757753455,0.19534561851151333,,,,,,,,,
PC2_track14,pc2,combined_yaw_right,303,14,0,,999,0,0.3048419183428912,0.304842010140419,2.49893270074365e-07,0.5066308199149512,5.735919240977337,0.07705562025563267,-0.48308856785297394,0.5030766649538008,-0.024887874722480774,4.5388777625752007e-07,950,0.09944988543093433,0.12889871909530215,0.09737014439807753,,,,,,,,,
PC2_track14,pc2,combined_yaw_right,303,15,0,,999,0,0.33139943112345305,0.33139999210834503,3.7228997378425803e-07,0.4709212720342112,7.171174326214853,0.11320361352339973,-0.4889458864927292,0.46192191040699826,-0.03491432964801788,3.5189052316594254e-07,950,0.23896138774127937,0.1405304658261073,0.14415478239040042,,,,,,,,,
PC2_track14,pc2,combined_yaw_right,303,16,0,,999,0,0.3281878843345744,0.3281882107257843,3.1619148458389037e-07,0.4152192989752701,7.376584130665947,0.1335424764582599,-0.4206641912460327,0.40725314108940003,0.0032426118850708008,7.241804969502005e-07,950,0.13593881373355102,0.1323676117455343,0.16201750881330484,,,,,,,,,
PC2_track14,pc2,combined_yaw_right,303,17,0,,999,0,0.3265091674053733,0.32650937139987946,3.773898364388369e-07,0.45137533528153684,7.598945272106117,0.09768678504725865,-0.44918808341026306,0.4478085532776784,-0.0010286420583724976,3.2639120989304816e-07,950,0.12794255760081621,0.12354939709422927,0.12466803843823505,,,,,,,,,
PC2_track14,pc2,combined_yaw_right,303,18,0,,999,0,0.33370463510248116,0.3337046504020691,2.2439395680147059e-07,0.4152046193959439,6.408308041121273,0.11482261398327083,-0.3931746631860733,0.41418021567584257,0.007243096828460693,-6.11983518549465e-08,950,0.14218701038805764,0.13870055484759994,0.15300479044165463,,,,,,,,,
PC2_track14,pc2,combined_yaw_right,303,19,0,,999,0,0.30219927302656324,0.30219951272010803,4.7428722687583555e-07,0.49199642610286837,6.131013498071529,0.10198049555857466,-0.46618811786174774,0.48911965336815333,-0.005324661731719971,-8.669766512784094e-08,950,0.09975656663348019,0.12262333607224393,0.11487207949632397,,,,,,,,,
PC2_track14,pc2,combined_yaw_right,303,20,0,,999,0,0.3102256120207475,0.3102261424064636,4.946866774941511e-07,0.4884377758030992,5.29521040525894,0.08500939612179668,-0.47477421164512634,0.4879262240774736,0.002084016799926758,-5.354855787307821e-07,950,0.1002234219188725,0.12310052521797353,0.11848152047525613,,,,,,,,,
PC2_track14,pc2,combined_yaw_right,303,21,0,,999,0,0.3529644206086582,0.35296501219272614,3.6209024847510023e-07,0.2838386600966365,7.35932698848344,0.25095437289182637,-0.40778353810310364,0.27605466218617025,-0.002031967043876648,1.2749656636447188e-07,950,0.20546564523019778,0.1386584406549416,0.2806381458394218,,,,,,,,,
PC2_track14,pc2,combined_yaw_right,303,22,0,,999,0,0.35748978062746994,0.3574901223182678,4.334883256392046e-07,0.3293220722354731,7.127693941277952,0.20424827789612152,-0.4356387108564377,0.32594302032889144,0.004268944263458252,4.130888750208891e-07,950,0.2077079563125331,0.13534918462687162,0.23765368286748156,,,,,,,,,
PC2_track14,pc2,combined_yaw_right,303,23,0,,999,0,0.33898734209690506,0.33898766338825226,3.1109162192931147e-07,0.43809565485143076,7.789878072851275,0.09921902819576404,-0.4384361207485199,0.4337531603013651,0.007283732295036316,-6.068836558948864e-07,950,0.17452491274913617,0.14248160990112943,0.14735908478699752,,,,,,,,,
PC2_track14,pc2,combined_yaw_right,303,24,0,,999,0,0.3529920917462538,0.3529925048351288,2.396935447652072e-07,0.2859036364444511,6.397809681555776,0.2456935895212209,-0.413863942027092,0.28044917472149294,0.021371811628341675,-2.192940941468917e-07,950,0.2393285684190541,0.141120463473728,0.30658172131557876,,,,,,,,,
PC2_track14,pc2,combined_yaw_right,303,25,0,,999,0,0.34595418773232933,0.3459548354148865,4.895868148395722e-07,0.40784867994648183,8.28296508613913,0.11954902223027505,-0.44103121757507324,0.40780359982113235,0.011752188205718994,-3.059917592747317e-08,950,0.17420372914642818,0.13783434180917042,0.16182786454322223,,,,,,,,,
PC2_track14,pc2,combined_yaw_right,303,26,0,,999,0,0.3299865984024211,0.32998692989349365,4.13088875020889e-07,0.41414570974506515,7.230840831315815,0.12837157738553678,-0.42120370268821716,0.4123948977929367,-0.005521863698959351,2.2949381945604943e-07,950,0.1482402195306728,0.12390659572504688,0.15532944536340443,,,,,,,,,
PC2_track14,pc2,combined_yaw_right,303,27,0,,999,0,0.33463695230968493,0.33463749289512634,3.365909352022059e-07,0.40977649833015434,8.119551490566788,0.14520959267562364,-0.4218287765979767,0.4067819918416189,0.002637416124343872,-3.161914845838903e-07,950,0.13949521935522732,0.1401329690762492,0.16267627677846194,,,,,,,,,
PC2_track14,pc2,combined_yaw_right,303,28,0,,999,0,0.3572789888012218,0.35727933049201965,2.7539258334725935e-07,0.36239490947675546,7.622950689900726,0.17431567606731804,-0.46818456053733826,0.3563517110873547,0.0017538964748382568,2.0399450618315484e-08,950,0.22848276237269258,0.13961690603308488,0.20873141972615544,,,,,,,,,
PC2_track14,pc2,combined_yaw_right,303,29,0,,999,0,0.362856372553397,0.3628569692373276,3.773898364388369e-07,0.3321958556525434,7.6768933447862295,0.19473115925657747,-0.42689870297908783,0.33037887457294934,0.0016731172800064087,-2.3459368211062833e-07,950,0.23693878074281216,0.14279159795421412,0.22855264441065995,,,,,,,,,
PC2_track14,pc2,combined_yaw_right,303,30,0,,999,0,0.3331368622932842,0.3331372141838074,3.5189052316594254e-07,0.43717024362849516,7.997809938606306,0.10590314976783707,-0.4121784567832947,0.4342351580042637,0.009055167436599731,8.669766512784094e-08,950,0.16620939517489478,0.1333805679268473,0.14029710671053017,,,,,,,,,
PC2_track14,pc2,combined_yaw_right,303,31,0,,999,0,0.3190741289586307,0.31907470524311066,4.13088875020889e-07,0.4626316202796686,7.537467758399285,0.0829477305593608,-0.44741152226924896,0.4596257436834322,-0.001865193247795105,3.212913472384692e-07,950,0.1285961654295307,0.13414808183965532,0.12184647295581899,,,,,,,,,
PC2_track14,pc2,combined_yaw_left,101,0,0,,999,0,0.316595520883958,0.3165958523750305,2.7539258334725935e-07,0.5243213282651831,6.745869932289207,0.04647447525484033,0.4212670773267746,0.5232140443396966,0.015266001224517822,-3.161914845838904e-07,950,0.06563999200911218,0.13154760433243834,0.06187797922752048,,,,,,,,,
PC2_track14,pc2,combined_yaw_left,101,1,0,,999,0,0.3313442554703371,0.3313443064689636,1.9379478087399733e-07,0.5342951286357951,6.026156936565333,0.05891304929230489,0.4177926629781723,0.5342675315006764,-0.00038436055183410645,1.4279615432820857e-07,950,0.06944443807255281,0.12469286952598525,0.07578204580147545,,,,,,,,,
PC2_track14,pc2,combined_yaw_left,101,2,0,,999,0,0.3096884301798867,0.30968914926052094,3.926894244025735e-07,0.5285439612015735,7.502968615358472,0.05400360283018242,0.45974481105804443,0.5273368432577079,0.025784090161323547,-4.334883256392046e-07,950,0.06741850277175092,0.12297375369100373,0.06801440093813589,,,,,,,,,
PC2_track14,pc2,combined_yaw_left,101,3,0,,999,0,0.3323780705425191,0.33237822353839874,2.5499313272894386e-07,0.5513501745545986,6.200467049342662,0.06428877558335305,0.4527489095926285,0.5507019332817891,-0.0026294440031051636,-1.0199725309157742e-08,950,0.07075598256384863,0.13114027597949457,0.07279238450576134,,,,,,,,,
PC2_track14,pc2,combined_yaw_left,101,4,0,,999,0,0.3078658742541298,0.30786658823490143,2.855923086564171e-07,0.531500221385629,7.516420695057446,0.05543870464483584,0.4418935179710388,0.5299808350695565,0.00919412076473236,4.079890123663097e-08,950,0.06576601235621557,0.12603484203112603,0.07297476244268636,,,,,,,,,
PC2_track14,pc2,combined_yaw_left,101,5,0,,999,0,0.3308644667666226,0.3308653235435486,7.700792608414104e-07,0.5310599444845068,6.919848868439534,0.05771004413507979,0.47850678861141205,0.5302328568101193,-0.002449244260787964,1.0709711574615642e-07,950,0.06849352613233442,0.13033610763858805,0.07068604421557442,,,,,,,,,
PC2_track14,pc2,combined_yaw_left,101,6,0,,999,0,0.3336752256288885,0.33367541432380676,2.957920339655749e-07,0.5448858485949153,6.699534701063964,0.05934925228448798,0.43218548595905304,0.5442150614249929,0.016618281602859497,-4.997865401487299e-07,950,0.0698784669948952,0.12546283989827361,0.06754861364763098,,,,,,,,,
PC2_track14,pc2,combined_yaw_left,101,7,0,,999,0,0.33056259681196776,0.33056315779685974,2.855923086564171e-07,0.5326941391890475,6.685685915107966,0.04937995686703048,0.44463691115379333,0.5326146558560738,0.010805577039718628,2.3459368211062833e-07,950,0.06832808543496416,0.12828449878991868,0.0708960693934438,,,,,,,,,
PC2_track14,pc2,combined_yaw_left,101,8,0,,999,0,0.32488881226848154,0.32488931715488434,4.4368805094836227e-07,0.5310777214710811,6.183135248418626,0.047888560224745344,0.4284488558769226,0.5302832934466806,0.019536033272743225,4.5898763891209865e-08,950,0.06581698896098918,0.13133391023923002,0.06301972293851699,,,,,,,,,
PC2_track14,pc2,combined_yaw_left,101,9,0,,999,0,0.33461900764608127,0.3346189260482788,2.49893270074365e-07,0.533640170682667,6.583010914041364,0.055331345881795134,0.4549820125102997,0.5336146871240905,0.010118931531906128,2.49893270074365e-07,950,0.07067751198438789,0.13387602218400607,0.06680396517527508,,,,,,,,,
PC2_track14,pc2,combined_yaw_left,101,10,0,,999,0,0.3032505697904424,0.3032511919736862,2.2439395680147059e-07,0.5374360545768742,7.144058998048143,0.05532077042174838,0.45706993341445923,0.536976060788102,0.0230303555727005,-7.13980771641043e-08,950,0.06704892121226426,0.12615341821601106,0.06928873489796421,,,,,,,,,
PC2_track14,pc2,combined_yaw_left,101,11,0,,999,0,0.32055628212059245,0.32055650651454926,3.926894244025735e-07,0.5349473663840946,7.366840410642586,0.05448732308268238,0.457238033413887,0.5346009788273294,0.01922537386417389,-2.0909436883773395e-07,950,0.06474225699931122,0.12387642719823358,0.0704229199823948,,,,,,,,,
PC2_track14,pc2,combined_yaw_left,101,12,0,,999,0,0.31564617188856564,0.31564635038375854,3.1619148458389037e-07,0.5322870584662647,6.886052884512031,0.055375369553707726,0.4237998127937317,0.530940974504319,0.013763129711151123,-4.997865401487299e-07,950,0.0660593577807855,0.12160945388993136,0.06448510326305165,,,,,,,,,
PC2_track14,pc2,combined_yaw_left,101,13,0,,999,0,0.32094114915253646,0.320941761136055,2.1419423149231284e-07,0.5346877375540959,6.326686501818999,0.05451144800730938,0.44878457486629486,0.5345594256783023,-0.0009926408529281616,2.447934074197861e-07,950,0.06656008994243792,0.12589448651531693,0.06423339818838053,,,,,,,,,
PC2_track14,pc2,combined_yaw_left,101,14,0,,999,0,0.32074390670513725,0.32074473798274994,4.640875015666778e-07,0.531244336940328,6.847959675083901,0.06026615877712366,0.4500868320465088,0.5303744634035868,0.013060525059700012,1.8869491821941846e-07,950,0.06699009890887309,0.12343545185859159,0.06740260226258614,,,,,,,,,
PC2_track14,pc2,combined_yaw_left,101,15,0,,999,0,0.32960168738416173,0.32960179448127747,3.824896990934158e-07,0.5324149740977893,6.800703299715359,0.06002799174981497,0.45867083966732025,0.5312744116907218,-0.004251420497894287,-7.088809089864638e-07,950,0.06911328947272988,0.12914320170286053,0.07719425200524271,,,,,,,,,
PC2_track14,pc2,combined_yaw_left,101,16,0,,999,0,0.3301367494352361,0.33013738691806793,4.7428722687583555e-07,0.5349464251677802,6.404050862052759,0.05363505287277672,0.45372894406318665,0.5348796971830179,-0.001393839716911316,-1.376962916736297e-07,950,0.06666561058504923,0.12918297106330087,0.06857599688179955,,,,,,,,,
PC2_track14,pc2,combined_yaw_left,101,17,0,,999,0,0.33862151874896673,0.33862145245075226,3.3659093520220585e-07,0.5135939189932524,6.168273347868784,0.06814121800633094,0.42131225764751434,0.5132617354362081,0.007160946726799011,2.2439395680147056e-07,950,0.0775283196581698,0.13087053831138745,0.09927740662151512,,,,,,,,,
PC2_track14,pc2,combined_yaw_left,101,18,0,,999,0,0.30716415913028516,0.3071644753217697,3.1619148458389037e-07,0.5317248884453749,7.363099026949154,0.05261716831307946,0.44493356347084045,0.5308486906786539,0.025991186499595642,3.977892870571524e-07,950,0.06707639490889294,0.12961022241368086,0.06327900430518388,,,,,,,,,
PC2_track14,pc2,combined_yaw_left,101,19,0,,999,0,0.33173475681460474,0.33173494040966034,2.651928580381016e-07,0.5262336217440091,6.887670033076029,0.04865564251393262,0.45864659547805786,0.5246940576560715,-0.004101648926734924,-5.099862654578877e-07,950,0.06622749491817602,0.12619945603823435,0.06122898876288635,,,,,,,,,
PC2_track14,pc2,combined_yaw_left,101,20,0,,999,0,0.32726423458300813,0.32726480066776276,1.5809574229194518e-07,0.549133046503905,7.02829288375339,0.05800433834372737,0.4659663438796997,0.5490581438623421,0.026382431387901306,-1.274965663644719e-07,950,0.06720608255226569,0.12251770314517352,0.07147943443508485,,,,,,,,,
PC2_track14,pc2,combined_yaw_left,101,21,0,,999,0,0.3226968942479016,0.3226972818374634,3.569903858205214e-07,0.5307437582927026,6.78567998019079,0.060269880708904836,0.4331151098012924,0.5296115377082649,0.025473177433013916,-2.3459368211062838e-07,950,0.06857497457103638,0.12203285081165145,0.06943151724188956,,,,,,,,,
PC2_track14,pc2,combined_yaw_left,101,22,0,,999,0,0.30039460558623554,0.3003947585821152,4.028891497117313e-07,0.5472007294773649,6.506159386527548,0.05372023669841142,0.4396929293870926,0.5457466784064753,0.01702086627483368,-1.478960169827874e-07,950,0.06734058635453813,0.12752752924877275,0.06886083061331948,,,,,,,,,
PC2_track14,pc2,combined_yaw_left,101,23,0,,999,0,0.31964325394859927,0.3196442127227783,6.680820077498329e-07,0.5235176059370299,7.1919792026902485,0.050874623385337776,0.4655838906764984,0.5230055346787484,0.007859677076339722,9.689739043699873e-08,950,0.0665869156388184,0.12563819831203676,0.06843421374513273,,,,,,,,,
PC2_track14,pc2,combined_yaw_left,101,24,0,,999,0,0.3018559497945449,0.3018563985824585,3.008918966201538e-07,0.5414562364933839,6.922661522695571,0.056677501963221376,0.4466819763183594,0.5408054608212636,0.024457603693008423,4.436880509483623e-07,950,0.06824256535920456,0.12588634978310767,0.06769094748870402,,,,,,,,,
PC2_track14,pc2,combined_yaw_left,101,25,0,,999,0,0.30542496619696285,0.3054252415895462,3.6719011112967913e-07,0.5526432079956198,7.249918839726906,0.05630898547388602,0.432723730802536,0.5525112169291823,0.035426780581474304,1.1219697840073527e-07,950,0.06858615561643513,0.1281983964951485,0.06780368836967596,,,,,,,,,
PC2_track14,pc2,combined_yaw_left,101,26,0,,999,0,0.30920460095061336,0.3092050701379776,4.5898763891209897e-07,0.5236924114390449,6.724237128857181,0.057001952206238035,0.45286788046360016,0.5219732079822235,0.02397419512271881,-1.6319560494652408e-07,950,0.0661156863976034,0.12561520824774194,0.0673785982291824,,,,,,,,,
PC2_track14,pc2,combined_yaw_left,101,27,0,,999,0,0.31095918399446154,0.3109598010778427,5.252858534216243e-07,0.5534148297225238,7.720530424735168,0.06470114770450129,0.46035200357437134,0.5528258432521004,0.029247179627418518,-3.6209024847510034e-07,950,0.06726283444501097,0.12163204601554538,0.07279121557023326,,,,,,,,,
PC2_track14,pc2,combined_yaw_left,101,28,0,,999,0,0.3179131176541833,0.31791339814662933,2.804924460018382e-07,0.5281224516988667,6.940739314206318,0.0583785037786888,0.45676375925540924,0.5277702135514327,0.019522473216056824,2.2949381945604943e-07,950,0.06504534758914862,0.12130242274882283,0.07256870506081925,,,,,,,,,
PC2_track14,pc2,combined_yaw_left,101,29,0,,999,0,0.30151296809395367,0.301513671875,4.283884629846257e-07,0.5406723516193905,6.443872422815901,0.06214309154455661,0.4461059719324112,0.5383895851350969,0.02181565761566162,-1.7339533025568177e-07,950,0.0650243967629999,0.12403835566695276,0.06892780873394279,,,,,,,,,
PC2_track14,pc2,combined_yaw_left,101,30,0,,999,0,0.3367868257078895,0.33678704500198364,2.7539258334725935e-07,0.5326398230362615,5.968853951898371,0.05375358106882123,0.4315256327390671,0.5319795213088767,-0.014058917760848999,1.325964290190508e-07,950,0.07494604288680942,0.13095398614810463,0.06856434253090918,,,,,,,,,
PC2_track14,pc2,combined_yaw_left,101,31,0,,999,0,0.3188334873175238,0.31883417069911957,4.3858818829378343e-07,0.531533760748941,6.671075534689909,0.06194541573255276,0.43813827633857727,0.5301234446545331,0.008268371224403381,-2.2439395680147059e-07,950,0.06499551768110312,0.12323611399605622,0.07008370390397223,,,,,,,,,
PC2_track14,pc2,combined_yaw_left,202,0,0,,999,0,0.3033519968948262,0.30335262417793274,5.456853040399399e-07,0.5457085519923454,7.606366293788566,0.05693232669387094,0.48804163932800293,0.5444593343041129,0.026099205017089844,6.170833812040441e-07,950,0.06866261815248355,0.11978275477045396,0.06958927648297344,,,,,,,,,
PC2_track14,pc2,combined_yaw_left,202,1,0,,999,0,0.31217790207760854,0.3121786415576935,2.49893270074365e-07,0.5382338985788833,6.311550022734355,0.04764156260077351,0.4362667500972748,0.5382094092139786,0.011000633239746094,9.68973904369987e-08,950,0.067825460818446,0.1274936950271506,0.0660096351255888,,,,,,,,,
PC2_track14,pc2,combined_yaw_left,202,2,0,,999,0,0.32832857894706213,0.3283293694257736,4.946866774941511e-07,0.5286974234607548,6.95646769250888,0.05782211903331142,0.44639138877391815,0.5283004481567164,-0.003743276000022888,5.609848920036771e-08,950,0.06721485639487512,0.12914770110647708,0.06608496247469867,,,,,,,,,
PC2_track14,pc2,combined_yaw_left,202,3,0,,999,0,0.3337549564832034,0.3337555378675461,4.589876389120989e-07,0.5293510346493953,6.878357811060792,0.051699484338037366,0.46448151767253876,0.5290341168693771,0.007595553994178772,-4.487879136029412e-07,950,0.07180670355577017,0.13197264269129988,0.07102781253981837,,,,,,,,,
PC2_track14,pc2,combined_yaw_left,202,4,0,,999,0,0.33449604222800006,0.3344965726137161,3.569903858205214e-07,0.52980275939212,6.4675456538515395,0.05387471888311633,0.44851037859916687,0.5296480688385568,0.0013963133096694946,1.4279615432820854e-07,950,0.07061863084083049,0.12845096143585955,0.06938775499213465,,,,,,,,,
PC2_track14,pc2,combined_yaw_left,202,5,0,,999,0,0.30957224008871276,0.30957260727882385,2.651928580381016e-07,0.5237028172941252,7.128020310839002,0.054952895024518125,0.44395503401756287,0.5234162401346429,0.014033377170562744,-5.099862654578877e-07,950,0.06484285742375122,0.12843796699962798,0.06961258708488365,,,,,,,,,
PC2_track14,pc2,combined_yaw_left,202,6,0,,999,0,0.30887521213707436,0.308875247836113,2.702927206926805e-07,0.5373955718093782,6.804865789029514,0.05813083292894903,0.43482619524002075,0.5362818332007182,0.025060251355171204,-1.988946435285762e-07,950,0.0663122500848669,0.12479238360902023,0.06926926858214237,,,,,,,,,
PC2_track14,pc2,combined_yaw_left,202,7,0,,999,0,0.32707752000520574,0.32707782089710236,3.977892870571524e-07,0.5327668431046366,6.958110945344476,0.054116791218390484,0.44336141645908356,0.5322880407175838,0.0059402137994766235,-1.5299587963736629e-07,950,0.0686253341134266,0.1280254360919796,0.06932904881092919,,,,,,,,,
PC2_track14,pc2,combined_yaw_left,202,8,0,,999,0,0.2991334504303448,0.2991338074207306,3.4679066051136365e-07,0.5372210081490214,6.773449587597144,0.056125290289901486,0.46053023636341095,0.5363562148582172,0.016378730535507202,2.957920339655749e-07,950,0.07154141996739867,0.12220008414821794,0.06483138221815322,,,,,,,,,
PC2_track14,pc2,combined_yaw_left,202,9,0,,999,0,0.3332679768137753,0.3332683593034744,1.8359505556483956e-07,0.5336684338989929,7.099826788953143,0.05484148516294654,0.44520409405231476,0.5332146484011013,0.003551170229911804,-2.3459368211062833e-07,950,0.06799351525551169,0.12855410603437206,0.06699193246714974,,,,,,,,,
PC2_track14,pc2,combined_yaw_left,202,10,0,,999,0,0.32901142011670503,0.32901181280612946,2.3459368211062835e-07,0.5131504171695466,6.286124355990472,0.051574433831132284,0.4515739977359772,0.5128387377830692,0.007110461592674255,-3.4679066051136365e-07,950,0.06795655512088537,0.12587738327764614,0.06298590426081936,,,,,,,,,
PC2_track14,pc2,combined_yaw_left,202,11,0,,999,0,0.3135617237518178,0.3135618716478348,5.609848920036765e-07,0.542723728994998,7.218012527505216,0.06299066186036145,0.45618805289268494,0.5420086638993546,0.019087985157966614,6.119835185494656e-08,950,0.06864247664534494,0.12191826089676254,0.07070730573752435,,,,,,,,,
PC2_track14,pc2,combined_yaw_left,202,12,0,,999,0,0.297324702781152,0.2973250597715378,2.90692171310996e-07,0.5386045928632985,6.7460328403623135,0.05366252603810968,0.4505455791950226,0.5374829293547245,0.02594594657421112,7.649793981868314e-08,950,0.07012980573237904,0.1260646915945922,0.07001774518590903,,,,,,,,,
PC2_track14,pc2,combined_yaw_left,202,13,0,,999,0,0.32727890481604616,0.32727937400341034,4.691873642212567e-07,0.5320172874378473,6.646424926566288,0.05096658105826625,0.43816474080085754,0.5313345596732968,0.010308042168617249,-2.8559230865641714e-07,950,0.06440271992101654,0.12158364974897652,0.06454116691346842,,,,,,,,,
PC2_track14,pc2,combined_yaw_left,202,14,0,,999,0,0.3099538961196328,0.3099541664123535,3.8758956174799467e-07,0.522478032224813,6.728607216238878,0.05497855798878265,0.4628916382789612,0.5220896254450211,0.02639707922935486,2.5499313272894386e-07,950,0.06556377307324315,0.1260754560133395,0.06310041027234102,,,,,,,,,
PC2_track14,pc2,combined_yaw_left,202,15,0,,999,0,0.30049823830153216,0.30049876868724823,2.957920339655749e-07,0.5510707598020685,7.132879039048637,0.06335096786214214,0.4080502986907959,0.5477962565827161,0.019738659262657166,-5.099862654578876e-08,950,0.07057085407306998,0.1282245541992235,0.07550965773554244,,,,,,,,,
PC2_track14,pc2,combined_yaw_left,202,16,0,,999,0,0.3366113352106217,0.336611345410347,1.8359505556483956e-07,0.5502691506118161,6.214607885564206,0.057849848967010356,0.46154074370861053,0.5501409312968701,-0.014157041907310486,2.039945061831551e-08,950,0.0706343499581376,0.12782192706517498,0.0655853214554887,,,,,,,,,
PC2_track14,pc2,combined_yaw_left,202,17,0,,999,0,0.3104811539465093,0.31048180162906647,2.2949381945604948e-07,0.5426098959941212,7.025255534626304,0.052902234103775175,0.4401800334453583,0.5416361178822573,0.027601227164268494,1.1729684105531419e-07,950,0.06617817974594042,0.13039273982277166,0.06750459780555482,,,,,,,,,
PC2_track14,pc2,combined_yaw_left,202,18,0,,999,0,0.3223674851942827,0.3223680257797241,4.640875015666778e-07,0.5368791591820505,6.627693256519357,0.05557285337707401,0.44416165351867676,0.5368309268548217,0.003913968801498413,3.31491072547627e-07,950,0.06791321914455435,0.12293810121210796,0.06509399453409494,,,,,,,,,
PC2_track14,pc2,combined_yaw_left,202,19,0,,999,0,0.3372831648205691,0.3372837156057358,4.13088875020889e-07,0.5163805583363679,6.3817865568551735,0.05411245023861963,0.4233360141515732,0.515330681729119,0.0036060065031051636,3.569903858205207e-08,950,0.07128096285075211,0.13236662292638993,0.07168106826580077,,,,,,,,,
PC2_track14,pc2,combined_yaw_left,202,20,0,,999,0,0.30228617691738724,0.3022865951061249,5.048864028033088e-07,0.5572987891986623,6.727257196170397,0.05945363902240629,0.44374531507492065,0.5564210321493106,0.029840558767318726,4.334883256392046e-07,950,0.06845364462540564,0.1271100372223711,0.07387228271507083,,,,,,,,,
PC2_track14,pc2,combined_yaw_left,202,21,0,,999,0,0.3259322033687071,0.3259326368570328,5.303857160762032e-07,0.5414249646674231,6.884739379809304,0.05063255039134744,0.4702509194612503,0.540997798664496,0.010709866881370544,-3.2639120989304816e-07,950,0.06627122981007003,0.12491155511600927,0.0641209762760496,,,,,,,,,
PC2_track14,pc2,combined_yaw_left,202,22,0,,999,0,0.3143583077957286,0.314359113574028,3.4169079785678475e-07,0.5323756887835451,7.41277705880232,0.045507187647362946,0.4647686630487442,0.5322598381344008,0.017547711730003357,6.62982145095254e-08,950,0.06425193713723348,0.1309011408283747,0.05965984510981627,,,,,,,,,
PC2_track14,pc2,combined_yaw_left,202,23,0,,999,0,0.3027426123937821,0.3027431070804596,2.0399450618315507e-07,0.5412103736537301,6.404041382455411,0.056111239575839106,0.43893615901470184,0.5395980129470379,0.040385276079177856,5.609848920036765e-07,950,0.06917627763815361,0.12414594820638707,0.06530759991230585,,,,,,,,,
PC2_track14,pc2,combined_yaw_left,202,24,0,,999,0,0.33119253128926385,0.3311929851770401,1.0199725309157754e-07,0.5302886039809097,5.958027025906219,0.06038532358911983,0.4154384583234787,0.5288432045761985,0.011192068457603455,-3.2639120989304816e-07,950,0.06754697688602831,0.13390886142097136,0.07338583430020855,,,,,,,,,
PC2_track14,pc2,combined_yaw_left,202,25,0,,999,0,0.29779614125662307,0.2977968603372574,5.150861281124665e-07,0.5555381799102966,6.475325362051752,0.06871276958847292,0.4240521937608719,0.5542906288001688,0.023526325821876526,5.6098489200367607e-08,950,0.06833569942893286,0.12448297921297026,0.0770469726849145,,,,,,,,,
PC2_track14,pc2,combined_yaw_left,202,26,0,,999,0,0.33622470370588453,0.3362249433994293,2.702927206926805e-07,0.5386128075146436,6.467663203113196,0.06387239489747296,0.4465642273426056,0.5378287934466754,-0.01033097505569458,-8.669766512784089e-08,950,0.07896835952882462,0.1395674683600455,0.07551075966850292,,,,,,,,,
PC2_track14,pc2,combined_yaw_left,202,27,0,,999,0,0.2970735702444525,0.29707424342632294,5.150861281124665e-07,0.5590651602597689,6.999101585488566,0.0637485105912346,0.4310079663991928,0.5571980840788959,0.026865288615226746,-3.110916219293116e-07,950,0.07115893550069521,0.12901103552873733,0.07374082951506636,,,,,,,,,
PC2_track14,pc2,combined_yaw_left,202,28,0,,999,0,0.3276303639227056,0.32763101160526276,6.935813210227273e-07,0.5432979569867619,6.909023292518528,0.06209774501597086,0.4453727900981903,0.5425620379729678,0.014494553208351135,-2.447934074197861e-07,950,0.06636783399427264,0.12830304057119196,0.06916907870917861,,,,,,,,,
PC2_track14,pc2,combined_yaw_left,202,29,0,,999,0,0.32648512999960444,0.3264859765768051,6.017837932403075e-07,0.5274028693759678,6.873490654334498,0.05346917400528713,0.44161368906497955,0.5271328600001478,0.02626250684261322,2.7539258334725935e-07,950,0.06588309258245649,0.12554421740038474,0.06562582671727286,,,,,,,,,
PC2_track14,pc2,combined_yaw_left,202,30,0,,999,0,0.3065727748335364,0.30657297372817993,2.5499313272894386e-07,0.5264327258163937,7.345434278469166,0.05024109242498331,0.4401593804359436,0.5259871632078992,0.02543500065803528,0.0,950,0.06894534323269641,0.12407754666234971,0.07143543274826573,,,,,,,,,
PC2_track14,pc2,combined_yaw_left,202,31,0,,999,0,0.2983485120821764,0.2983490526676178,2.447934074197861e-07,0.5500728711281441,6.8062023626010175,0.059832224925677815,0.4513513296842575,0.549760170083053,0.03627866506576538,-3.2639120989304806e-07,950,0.0685449827866994,0.12067084075619164,0.07247509771545875,,,,,,,,,
PC2_track14,pc2,combined_yaw_left,303,0,0,,999,0,0.3352826123728472,0.33528266847133636,2.702927206926805e-07,0.5331026482347049,6.2149773287683026,0.04975705524296968,0.4248936325311661,0.532834758942871,-0.020589128136634827,-1.3769629167362965e-07,950,0.07394544971396265,0.13188127842246847,0.0665830825501897,,,,,,,,,
PC2_track14,pc2,combined_yaw_left,303,1,0,,999,0,0.3111815521105088,0.31118205189704895,3.569903858205214e-07,0.5450463097862683,6.7078436114130096,0.049640018614772935,0.44876207411289215,0.5439255471731106,0.02502673864364624,7.13980771641043e-08,950,0.06591292680135516,0.1277426122656579,0.06451716719487134,,,,,,,,,
PC2_track14,pc2,combined_yaw_left,303,2,0,,999,0,0.32722529083649743,0.3272257447242737,2.90692171310996e-07,0.5357405661512207,6.849071509084509,0.0505001818045268,0.4417975842952728,0.5351916810935125,0.005434900522232056,1.529958796373664e-08,950,0.06562872904801353,0.12745506167100204,0.06286912803363984,,,,,,,,,
PC2_track14,pc2,combined_yaw_left,303,3,0,,999,0,0.3320600872530657,0.33206014335155487,1.8359505556483956e-07,0.518335464747913,6.667484137461345,0.05153635876155208,0.43510569632053375,0.5178727366175255,0.0043213218450546265,-5.201859907670454e-07,950,0.0684169772096857,0.1226531379930904,0.06147864343212601,,,,,,,,,
PC2_track14,pc2,combined_yaw_left,303,4,0,,999,0,0.3336016887171383,0.33360205590724945,4.13088875020889e-07,0.5240826775746187,6.302011495426745,0.05128522672675574,0.4357921779155731,0.5240644420960371,-0.003228917717933655,5.6098489200367607e-08,950,0.07149592375948928,0.12500673367658915,0.06198246805766987,,,,,,,,,
PC2_track14,pc2,combined_yaw_left,303,5,0,,999,0,0.3275366547432813,0.32753752171993256,5.915840679311498e-07,0.5407527849570999,6.627808451306782,0.05311886113549434,0.4231099933385849,0.5405415024430038,-0.0006026774644851685,-6.119835185494651e-07,950,0.06775049304859698,0.1230521734555187,0.06929033541836027,,,,,,,,,
PC2_track14,pc2,combined_yaw_left,303,6,0,,999,0,0.33469215919945966,0.33469258248806,4.028891497117313e-07,0.5360482905654633,6.938644542811393,0.05115812853772114,0.4889591932296753,0.5353920324139072,0.022140100598335266,3.824896990934158e-07,950,0.06623851483637608,0.12864709830046162,0.06476274688568251,,,,,,,,,
PC2_track14,pc2,combined_yaw_left,303,7,0,,999,0,0.32672594925936527,0.3267267346382141,4.946866774941511e-07,0.5400316355121861,6.635563375465313,0.05902636170857207,0.4479943811893463,0.5386853545286485,0.014264166355133057,-5.762844799674131e-07,950,0.06824544740981676,0.12609174842670057,0.07055940861842559,,,,,,,,,
PC2_track14,pc2,combined_yaw_left,303,8,0,,999,0,0.32746918172759804,0.32746949791908264,3.31491072547627e-07,0.5399072977938681,6.609582098334615,0.04936484230208896,0.44496123492717743,0.5395616257279383,0.02084594964981079,-4.844869521849933e-07,950,0.06635316936746304,0.12808228357467885,0.062032887055242195,,,,,,,,,
PC2_track14,pc2,combined_yaw_left,303,9,0,,999,0,0.3256924173889313,0.32569290697574615,2.1419423149231284e-07,0.536024875801604,6.410764131207023,0.055216696177915525,0.45427025854587555,0.5356288818060482,0.011435166001319885,-1.0199725309157742e-08,950,0.06413302818133415,0.12482917681364357,0.06139724125271337,,,,,,,,,
PC2_track14,pc2,combined_yaw_left,303,10,0,,999,0,0.32627612854388943,0.3262763172388077,4.5388777625752007e-07,0.5331907916946381,6.648652755172055,0.04763790005454224,0.4299432933330536,0.5328554607447716,-0.001578405499458313,4.436880509483623e-07,950,0.06395415722723718,0.12217825487344514,0.06215410946625687,,,,,,,,,
PC2_track14,pc2,combined_yaw_left,303,11,0,,999,0,0.31768285893501447,0.3176833689212799,3.569903858205214e-07,0.5309567893123557,6.6910209368626985,0.052591953927876176,0.46138477325439453,0.5303070387604081,0.017636507749557495,-1.937947808739973e-07,950,0.06430376145577872,0.12291287536796637,0.05814641525549505,,,,,,,,,
PC2_track14,pc2,combined_yaw_left,303,12,0,,999,0,0.3301065111542768,0.3301069140434265,2.0399450618315507e-07,0.528813669555098,6.263564755184738,0.05192030929180813,0.4299903064966202,0.5285033890670219,0.014599263668060303,6.119835185494653e-08,950,0.06798456963194813,0.1253528410670644,0.06897632411179368,,,,,,,,,
PC2_track14,pc2,combined_yaw_left,303,13,0,,999,0,0.3275437498475141,0.3275441527366638,2.855923086564171e-07,0.5426681417114966,6.30563104687867,0.05760466328801166,0.4286159723997116,0.5414835248157668,0.0025759339332580566,1.5299587963736629e-07,950,0.06686144041354485,0.12652775777178413,0.06750891325484966,,,,,,,,,
PC2_track14,pc2,combined_yaw_left,303,14,0,,999,0,0.2990912059571016,0.29909174144268036,4.895868148395722e-07,0.5354097557347353,7.171291709483587,0.0571348003333131,0.43587179481983185,0.5340016063976692,0.027183517813682556,8.15978024732621e-08,950,0.06705649923939469,0.12937480230366172,0.0678602557280859,,,,,,,,,
PC2_track14,pc2,combined_yaw_left,303,15,0,,999,0,0.33764605526936886,0.33764632046222687,4.4368805094836227e-07,0.5517711930620299,6.3718117787580155,0.06664888755830095,0.4597364068031311,0.5510885996427602,-0.00798158347606659,-9.689739043699873e-08,950,0.07195067776014025,0.12429990692139489,0.07200476881840058,,,,,,,,,
PC2_track14,pc2,combined_yaw_left,303,16,0,,999,0,0.32032997475907127,0.320329949259758,1.6319560494652405e-07,0.519249452769305,6.6615321508426835,0.05069184238234503,0.4483472406864166,0.5176548239347487,0.023081615567207336,-1.835950555648396e-07,950,0.06550995640718105,0.12321252181982144,0.0632685906125352,,,,,,,,,
PC2_track14,pc2,combined_yaw_left,303,17,0,,999,0,0.31198928676505777,0.311989888548851,6.935813210227273e-07,0.5374571654634659,6.874249947124232,0.05012520035394197,0.4704926162958145,0.5369425873343314,0.019107654690742493,-1.8359505556483956e-07,950,0.06632341388974643,0.1240151404518906,0.06563734344590552,,,,,,,,,
PC2_track14,pc2,combined_yaw_left,303,18,0,,999,0,0.31669846782709826,0.31669899821281433,4.4368805094836227e-07,0.5284280817917735,7.118122348780707,0.0497262398853753,0.4711722582578659,0.5282676078896655,0.015309453010559082,-2.5499313272894434e-08,950,0.06545994747829334,0.1251249308505949,0.0647430582676894,,,,,,,,,
PC2_track14,pc2,combined_yaw_left,303,19,0,,999,0,0.2981511714624211,0.29815131425857544,4.232886003300468e-07,0.5340534278228068,6.711667253871131,0.0641001904447153,0.45246538519859314,0.5331653343637355,0.02521607279777527,1.1729684105531416e-07,950,0.06836483447317561,0.12515943897089635,0.07485420177154758,,,,,,,,,
PC2_track14,pc2,combined_yaw_left,303,20,0,,999,0,0.2977879590847913,0.2977883517742157,2.2439395680147059e-07,0.5457553447169846,7.1598083421881284,0.06841305912652479,0.4559665471315384,0.5452805605649136,0.02232295274734497,1.1219697840073529e-07,950,0.06812675115862837,0.12174861267890444,0.07706462430517085,,,,,,,,,
PC2_track14,pc2,combined_yaw_left,303,21,0,,999,0,0.32806964051277243,0.32806989550590515,3.977892870571524e-07,0.534861141418651,6.519634558431244,0.05313580039388095,0.4682774394750595,0.5338065387527207,-0.0013685822486877441,-1.22396703709893e-07,950,0.06649213973709381,0.12587493917287756,0.06329403384538519,,,,,,,,,
PC2_track14,pc2,combined_yaw_left,303,22,0,,999,0,0.3374063790960108,0.3374066799879074,2.957920339655749e-07,0.5159423999801398,5.760981659081876,0.05563662152902248,0.4708269089460373,0.515524407278736,0.008294537663459778,-4.079890123663102e-08,950,0.06877976892428081,0.1236192488111439,0.07592095594128258,,,,,,,,,
PC2_track14,pc2,combined_yaw_left,303,23,0,,999,0,0.31832137440933905,0.3183220475912094,6.017837932403075e-07,0.5251344532679989,6.248757054494205,0.04249938308438399,0.4350113272666931,0.5248728293421655,0.022696658968925476,7.139807716410425e-08,950,0.06553114484255337,0.12482492396526176,0.059194236064770964,,,,,,,,,
PC2_track14,pc2,combined_yaw_left,303,24,0,,999,0,0.3308380095557095,0.3308383971452713,7.241804969502006e-07,0.5251774273005798,6.494113291295674,0.05094931325858362,0.43986769020557404,0.5250732325430634,0.018976345658302307,7.139807716410428e-07,950,0.06706099322492597,0.12799501807587849,0.06415410561645,,,,,,,,,
PC2_track14,pc2,combined_yaw_left,303,25,0,,999,0,0.3207734604092205,0.3207733482122421,2.855923086564171e-07,0.5290259793728131,6.79457874028899,0.05548349231138834,0.4315270334482193,0.5284861232950122,0.017403706908226013,4.079890123663097e-08,950,0.06623389147245975,0.1244493984201811,0.07078977279356646,,,,,,,,,
PC2_track14,pc2,combined_yaw_left,303,26,0,,999,0,0.31754172390157526,0.3175418972969055,3.5189052316594254e-07,0.5433846782095393,6.861883291710974,0.05806903952465977,0.47322195768356323,0.5426570755862157,0.02187412977218628,-1.1729684105531416e-07,950,0.06806122717635503,0.12762016982029298,0.06976198192549608,,,,,,,,,
PC2_track14,pc2,combined_yaw_left,303,27,0,,999,0,0.31499175320972095,0.31499210000038147,4.232886003300468e-07,0.5186815684150352,7.432946064151106,0.05922517359899617,0.4601326733827591,0.5171596682702174,0.02090662717819214,-2.90692171310996e-07,950,0.06665641788808478,0.1255989343004764,0.06963007814774382,,,,,,,,,
PC2_track14,pc2,combined_yaw_left,303,28,0,,999,0,0.33824388013485285,0.3382439464330673,2.702927206926805e-07,0.5385495804619924,6.602950519857609,0.06293593176872472,0.46010251343250275,0.5381062355003612,-0.001254156231880188,-6.272831065132018e-07,950,0.07680669569850103,0.1335888075951895,0.071218719958966,,,,,,,,,
PC2_track14,pc2,combined_yaw_left,303,29,0,,999,0,0.3345025875829758,0.33450354635715485,6.833815957135695e-07,0.5264262410403673,6.711332943049818,0.054108570371888,0.46392540633678436,0.5252645609434294,-0.0010382086038589478,6.119835185494645e-08,950,0.07385264109005835,0.1239147119156586,0.07006133797463744,,,,,,,,,
PC2_track14,pc2,combined_yaw_left,303,30,0,,999,0,0.31447856670076196,0.3144787400960922,1.5809574229194518e-07,0.5291047405864149,6.979272630296659,0.05157061771585078,0.43527182936668396,0.5288396060603675,0.022438272833824158,-5.558850293490976e-07,950,0.06485232732049627,0.12704169220393788,0.06313374003121401,,,,,,,,,
PC2_track14,pc2,combined_yaw_left,303,31,0,,999,0,0.3081306041402613,0.3081309050321579,4.4878791360294117e-07,0.5226004932624746,7.471266367087672,0.060936384748782296,0.4639478623867035,0.5217996887313294,0.008977815508842468,2.0399450618315505e-07,950,0.06618554612036726,0.12438956046284799,0.06867935385058097,,,,,,,,,
PC2_track14,pc2,push_pos_x,101,0,0,,999,0,0.33965378521597955,0.33965396881103516,1.6319560494652408e-07,0.030866810336934593,6.477315758831211,0.030866810336934593,-0.010030318982899189,,0.004143416881561279,2.0399450618315537e-08,950,0.07799501515127183,0.09313728184915632,0.03224253047219949,,,,,,,,,
PC2_track14,pc2,push_pos_x,101,1,0,,999,0,0.3697904343592292,0.369790643453598,2.1419423149231284e-07,0.03144551978639744,4.9137236598154175,0.03144551978639744,0.05103490501642227,,0.0017162561416625977,-3.0599175927473257e-07,950,0.08544991016485971,0.10469925355640336,0.04155254518102904,,,,,,,,,
PC2_track14,pc2,push_pos_x,101,2,0,,999,0,0.3347304348639626,0.33473068475723267,2.1419423149231284e-07,0.03188294293976444,6.083567271145659,0.03188294293976444,-0.011545667424798012,,-0.0005227625370025635,1.9379478087399733e-07,950,0.07345743550653791,0.08610873215062044,0.037264194186524095,,,,,,,,,
PC2_track14,pc2,push_pos_x,101,3,0,,999,0,0.3705580601080216,0.37055855989456177,3.1109162192931147e-07,0.03207276451820762,4.439675849987803,0.03207276451820762,0.0441267266869545,,0.00537446141242981,-9.689739043699868e-08,950,0.0786964236435659,0.12048004835111363,0.03822536714463566,,,,,,,,,
PC2_track14,pc2,push_pos_x,101,4,0,,999,0,0.339693026268546,0.339693158864975,9.179752778241978e-08,0.03934922500173865,5.731536825651842,0.03934922500173865,0.0012253125896677375,,-0.00498160719871521,1.0199725309157754e-07,950,0.06835200041379648,0.08587329827685977,0.04245117753531349,,,,,,,,,
PC2_track14,pc2,push_pos_x,101,5,0,,999,0,0.3677029275001689,0.36770325899124146,2.651928580381016e-07,0.03163636719564771,4.160804681256442,0.03163636719564771,0.11961885169148445,,0.010052680969238281,3.6719011112967913e-07,950,0.07011919250891534,0.11356667759403423,0.04272866072105886,,,,,,,,,
PC2_track14,pc2,push_pos_x,101,6,0,,999,0,0.3708852664990859,0.3708856999874115,2.447934074197861e-07,0.033566087105167106,4.223877174031642,0.033566087105167106,0.04977353475987911,,0.013305753469467163,-3.6719011112967913e-07,950,0.07978196840894171,0.10203371521194383,0.03848560702367625,,,,,,,,,
PC2_track14,pc2,push_pos_x,101,7,0,,999,0,0.3610955353248566,0.36109600961208344,4.589876389120989e-07,0.030836335124731017,5.833327929954859,0.030836335124731017,-0.003577898256480694,,0.008983030915260315,1.937947808739973e-07,950,0.07336175145491113,0.08968173262875422,0.037847448160208935,,,,,,,,,
PC2_track14,pc2,push_pos_x,101,8,0,,999,0,0.36235787619881454,0.3623583912849426,4.232886003300468e-07,0.02990137913545124,4.584408111907344,0.02990137913545124,0.0529630221426487,,0.009854823350906372,-4.844869521849933e-07,950,0.08135793892000859,0.13624257901196013,0.03600411083682279,,,,,,,,,
PC2_track14,pc2,push_pos_x,101,9,0,,999,0,0.3633414911713829,0.3633412718772888,3.977892870571524e-07,0.036090272174604955,5.275386547354417,0.036090272174604955,0.0134447175078094,,0.005474597215652466,1.0199725309157752e-07,950,0.07903680718962937,0.09418255162926473,0.042307545812203855,,,,,,,,,
PC2_track14,pc2,push_pos_x,101,10,0,,999,0,0.32389276964779207,0.3238932490348816,4.0798901236631015e-07,0.03321642285589342,7.021269692205362,0.03321642285589342,-0.009576553478837013,,0.003273576498031616,-3.059917592747328e-08,950,0.09015813158281123,0.09844365140015167,0.03570327901117385,,,,,,,,,
PC2_track14,pc2,push_pos_x,101,11,0,,999,0,0.34284470808059775,0.34284496307373047,1.9379478087399733e-07,0.031117613721625297,6.504043213359131,0.031117613721625297,-0.035036105662584305,,0.001205354928970337,2.039945061831551e-08,950,0.08174317904350745,0.08912151469357449,0.037886327728404307,,,,,,,,,
PC2_track14,pc2,push_pos_x,101,12,0,,999,0,0.3412245747080461,0.34122462570667267,2.447934074197861e-07,0.0287510736718447,6.314130149202024,0.0287510736718447,0.015636220574378967,,0.0010750144720077515,-1.4279615432820854e-07,950,0.07991308252358983,0.13646867893341197,0.03224774966738795,,,,,,,,,
PC2_track14,pc2,push_pos_x,101,13,0,,999,0,0.3557361993082067,0.3557368367910385,1.9379478087399733e-07,0.03194759702261,4.7976086964247315,0.03194759702261,0.0315457247197628,,0.0018634945154190063,-2.753925833472594e-07,950,0.0760437859481106,0.13625554236525145,0.03972160778103486,,,,,,,,,
PC2_track14,pc2,push_pos_x,101,14,0,,999,0,0.35410811038897,0.3541082888841629,1.0199725309157754e-07,0.03189618604880912,5.043544915921068,0.03189618604880912,0.04906206205487251,,0.0033103376626968384,-4.4878791360294117e-07,950,0.09311454911274267,0.1233392000867377,0.03820316021100242,,,,,,,,,
PC2_track14,pc2,push_pos_x,101,15,0,,999,0,0.3600324342913806,0.3600330054759979,3.2129134723846926e-07,0.03292976045127645,5.1562497338587185,0.03292976045127645,0.03463677130639553,,0.0008007586002349854,2.396935447652072e-07,950,0.08391128560058828,0.1511234971607064,0.0433184391020664,,,,,,,,,
PC2_track14,pc2,push_pos_x,101,16,0,,999,0,0.368671607206212,0.36867213249206543,5.456853040399399e-07,0.03697538374066042,4.280985150343111,0.03697538374066042,0.043133677914738655,,0.01979297399520874,-5.558850293490975e-07,950,0.08028194405641542,0.09553539265950915,0.0425014502608192,,,,,,,,,
PC2_track14,pc2,push_pos_x,101,17,0,,999,0,0.3579781241914168,0.35797855257987976,2.3459368211062835e-07,0.035024140829617814,5.56992925888918,0.035024140829617814,0.012974872253835201,,0.004819005727767944,-5.099862654578877e-07,950,0.07327956821912018,0.09522695773684858,0.036970954278004654,,,,,,,,,
PC2_track14,pc2,push_pos_x,101,18,0,,999,0,0.34612942594576646,0.3461296707391739,3.569903858205214e-07,0.035563315926185106,5.012853633903227,0.035563315926185106,0.05728530324995518,,0.017214789986610413,-2.0399450618315537e-08,950,0.0806349800897577,0.15211855614381298,0.0412744055367963,,,,,,,,,
PC2_track14,pc2,push_pos_x,101,19,0,,999,0,0.37016952444206586,0.37017013132572174,4.13088875020889e-07,0.03224231078767691,4.403354542956456,0.03224231078767691,0.07625166699290276,,0.0139380544424057,-4.6408750156667786e-07,950,0.08810761683675246,0.11910830989930174,0.03739825772672162,,,,,,,,,
PC2_track14,pc2,push_pos_x,101,20,0,,999,0,0.3599378397279882,0.35993848741054535,4.946866774941511e-07,0.035860305486019706,5.50833208731016,0.035860305486019706,0.04197669215500355,,0.007938876748085022,6.629821450952545e-08,950,0.0821128089004544,0.11200297367921944,0.04077122666353805,,,,,,,,,
PC2_track14,pc2,push_pos_x,101,21,0,,999,0,0.37009894616782346,0.3700997978448868,5.099862654578877e-07,0.041470263379309244,4.891136447081747,0.041470263379309244,0.07514689117670059,,0.018208518624305725,-3.3659093520220585e-07,950,0.08517031162828828,0.14188874799834408,0.043481121030759455,,,,,,,,,
PC2_track14,pc2,push_pos_x,101,22,0,,999,0,0.343393564861726,0.3433939218521118,2.0399450618315507e-07,0.03547581348303828,5.415276579860706,0.03547581348303828,0.007785059977322817,,0.012800842523574829,3.569903858205214e-07,950,0.07501571613742967,0.1287133744077737,0.04435390083341308,,,,,,,,,
PC2_track14,pc2,push_pos_x,101,23,0,,999,0,0.3678586447940153,0.36785954236984253,4.5388777625752007e-07,0.0396130024414454,4.269189096308578,0.0396130024414454,0.07657329738140106,,0.006875097751617432,2.2949381945604948e-07,950,0.08215209132353841,0.12231484580025523,0.04734651759628936,,,,,,,,,
PC2_track14,pc2,push_pos_x,101,24,0,,999,0,0.33892323451246165,0.3389236629009247,4.028891497117313e-07,0.027374516367787725,6.069891684262284,0.027374516367787725,-0.004949219059199095,,0.0058068931102752686,-2.1929409414689174e-07,950,0.08459479817957513,0.1243441397948526,0.029931644463932428,,,,,,,,,
PC2_track14,pc2,push_pos_x,101,25,0,,999,0,0.33115296798912597,0.3311532586812973,4.793870895304144e-07,0.028344067378157364,7.057274153158767,0.028344067378157364,-0.01009657932445407,,0.008871093392372131,-5.40585441385361e-07,950,0.07155459772997183,0.09428724814874452,0.03226480951486254,,,,,,,,,
PC2_track14,pc2,push_pos_x,101,26,0,,999,0,0.3349397246212883,0.33494043350219727,2.1419423149231284e-07,0.02565473065418139,7.058010041502056,0.02565473065418139,0.001195654273033142,,0.008322983980178833,-1.1219697840073527e-07,950,0.07690042292940993,0.08627161037644354,0.03487203485743643,,,,,,,,,
PC2_track14,pc2,push_pos_x,101,27,0,,999,0,0.33357764382094623,0.33357779681682587,9.689739043699865e-08,0.03772816394421766,6.722878639404388,0.03772816394421766,-0.02604513894766569,,0.0021080225706100464,-5.762844799674132e-07,950,0.07491199480418706,0.15289208661554152,0.04680126784954276,,,,,,,,,
PC2_track14,pc2,push_pos_x,101,28,0,,999,0,0.3418401419957054,0.34184037148952484,3.263912098930481e-07,0.03310667554563382,6.735849804586405,0.03310667554563382,-0.00546879437752068,,0.005716606974601746,-2.4479340741978607e-07,950,0.0690687793518298,0.09095481898809595,0.037287768198845925,,,,,,,,,
PC2_track14,pc2,push_pos_x,101,29,0,,999,0,0.3368879508047818,0.3368883281946182,3.2129134723846926e-07,0.03741511325833327,5.432872050977693,0.03741511325833327,0.04655946046113968,,0.006699725985527039,-6.272831065132018e-07,950,0.0817389566964275,0.11610971616745494,0.03912919978536847,,,,,,,,,
PC2_track14,pc2,push_pos_x,101,30,0,,999,0,0.3711338291034342,0.37113459408283234,5.40585441385361e-07,0.0348979116978147,4.992710980133529,0.0348979116978147,0.06821209192276001,,0.0010238736867904663,2.549931327289439e-07,950,0.07503094327447359,0.12946039225235614,0.04041039289140318,,,,,,,,,
PC2_track14,pc2,push_pos_x,101,31,0,,999,0,0.35440913822880404,0.3544091433286667,9.179752778241978e-08,0.037950929965082626,5.956986428111104,0.037950929965082626,0.025838078930974007,,0.005587324500083923,1.0199725309157754e-07,950,0.07644840895569564,0.08926552862185898,0.04608883906639421,,,,,,,,,
PC2_track14,pc2,push_pos_x,202,0,0,,999,0,0.3277375145073243,0.3277375400066376,3.5189052316594254e-07,0.03165034750387487,6.566663911223136,0.03165034750387487,0.0013461383059620857,,0.007369190454483032,-1.9889464352857615e-07,950,0.09544448054161428,0.1415097868798636,0.03566397786949092,,,,,,,,,
PC2_track14,pc2,push_pos_x,202,1,0,,999,0,0.3433397501547706,0.3433399796485901,2.5499313272894386e-07,0.029728759901035975,5.728239344243063,0.029728759901035975,0.04156790114939213,,0.0011596083641052246,-3.569903858205214e-07,950,0.08410479564621716,0.09927739543906193,0.03689104189257076,,,,,,,,,
PC2_track14,pc2,push_pos_x,202,2,0,,999,0,0.3715259078989692,0.3715261220932007,2.2949381945604948e-07,0.03802497147434574,4.747615378295041,0.03802497147434574,0.05925409123301506,,0.011657804250717163,5.609848920036766e-08,950,0.07772649356750576,0.10075600083360683,0.04277443138002929,,,,,,,,,
PC2_track14,pc2,push_pos_x,202,3,0,,999,0,0.3672408182672001,0.36724093556404114,2.957920339655749e-07,0.030018742510520578,4.533711572296655,0.030018742510520578,0.07099202275276184,,0.000879436731338501,2.0399450618315537e-08,950,0.08279751266623146,0.11708946533920245,0.03745676949786145,,,,,,,,,
PC2_track14,pc2,push_pos_x,202,4,0,,999,0,0.3697688981970364,0.36976926028728485,2.7539258334725935e-07,0.03416247797309521,4.888476280454041,0.03416247797309521,0.05452623404562473,,0.010079756379127502,-5.303857160762032e-07,950,0.0682824068625199,0.12103325329797142,0.043611741860892575,,,,,,,,,
PC2_track14,pc2,push_pos_x,202,5,0,,999,0,0.3532548667912815,0.3532549738883972,4.0798901236631014e-08,0.042055535548724446,4.654735979031132,0.042055535548724446,0.04713390953838825,,0.011892557144165039,3.059917592747326e-07,950,0.07279259308295742,0.08976360463583846,0.04517042942991515,,,,,,,,,
PC2_track14,pc2,push_pos_x,202,6,0,,999,0,0.3270679648547249,0.3270682096481323,1.7339533025568182e-07,0.02625254634428087,7.435107619126901,0.02625254634428087,0.0003812955692410469,,-0.0035059750080108643,1.4279615432820854e-07,950,0.07848212191991072,0.09590863065960314,0.03353722908146671,,,,,,,,,
PC2_track14,pc2,push_pos_x,202,7,0,,999,0,0.36993231819593975,0.3699323385953903,1.0199725309157754e-07,0.02783776025989642,4.152087253025068,0.02783776025989642,0.08602272719144821,,0.005494162440299988,2.5499313272894386e-07,950,0.09008445268461857,0.13535102110047958,0.03584486009909265,,,,,,,,,
PC2_track14,pc2,push_pos_x,202,8,0,,999,0,0.2908007571882105,0.2908010631799698,2.5499313272894386e-07,0.04319576745887219,4.6975973345706254,0.04319576745887219,-0.061156706884503365,,-0.024221226572990417,2.651928580381016e-07,950,0.08057854273128978,0.10530616862024332,0.047179005921964404,,,,,,,,,
PC2_track14,pc2,push_pos_x,202,9,0,,999,0,0.3714680130628341,0.3714679926633835,2.2949381945604948e-07,0.047179414131077374,4.131521698545669,0.047179414131077374,0.07220614701509476,,0.011219576001167297,1.1729684105531419e-07,950,0.07799179862962735,0.16454939082984246,0.04879344961857733,,,,,,,,,
PC2_track14,pc2,push_pos_x,202,10,0,,999,0,0.360374818351817,0.36037519574165344,4.589876389120989e-07,0.03125805365643791,5.2228590845827405,0.03125805365643791,0.05233294330537319,,0.014985710382461548,1.4279615432820854e-07,950,0.07817574886903578,0.13769432318774263,0.03810453199820355,,,,,,,,,
PC2_track14,pc2,push_pos_x,202,11,0,,999,0,0.3389489396530039,0.3389497250318527,7.445799475685161e-07,0.031777591620759146,6.680343468705193,0.031777591620759146,-0.011936674825847149,,0.010808065533638,-4.181887376754679e-07,950,0.08073106982849279,0.09426390823352297,0.03709696491488787,,,,,,,,,
PC2_track14,pc2,push_pos_x,202,12,0,,999,0,0.33017242185890994,0.330172523856163,2.804924460018382e-07,0.03563600808533819,6.679053373933319,0.03563600808533819,-0.018380416557192802,,0.005747631192207336,1.2749656636447188e-07,950,0.06695379824759241,0.09104422697202764,0.04003521479164091,,,,,,,,,
PC2_track14,pc2,push_pos_x,202,13,0,,999,0,0.3627300213046253,0.36273059248924255,3.365909352022059e-07,0.03634355843196958,4.679159122427658,0.03634355843196958,0.024673765525221825,,0.015021026134490967,5.0998626545788815e-08,950,0.08570038552304694,0.14268293481248273,0.041218786497268595,,,,,,,,,
PC2_track14,pc2,push_pos_x,202,14,0,,999,0,0.33107233812464754,0.3310728073120117,1.988946435285762e-07,0.03212486585443334,6.560585906902292,0.03212486585443334,-0.012219401076436043,,-0.005662143230438232,-1.7849519291026072e-07,950,0.08971518737857101,0.10302435079370263,0.03787662372079327,,,,,,,,,
PC2_track14,pc2,push_pos_x,202,15,0,,999,0,0.33339949454215756,0.3333996832370758,2.396935447652072e-07,0.02565092766610736,6.214303242155728,0.02565092766610736,-0.036923157051205635,,0.002631574869155884,-5.099862654578897e-09,950,0.09272867090801418,0.09927977809377042,0.030664975079516425,,,,,,,,,
PC2_track14,pc2,push_pos_x,202,16,0,,999,0,0.3657222287380759,0.3657224327325821,6.527824197860963e-07,0.03716243681342732,5.217196328218751,0.03716243681342732,0.05599728599190712,,0.011694028973579407,3.9778928705715246e-07,950,0.08554676369748689,0.11513649563194085,0.043732939199609064,,,,,,,,,
PC2_track14,pc2,push_pos_x,202,17,0,,999,0,0.34356826990045963,0.3435688614845276,3.059917592747326e-07,0.030281874533011937,5.765688431692662,0.030281874533011937,-0.0020447103306651115,,-0.00808107852935791,2.447934074197861e-07,950,0.08009352395424477,0.10862064033688873,0.036765047344266284,,,,,,,,,
PC2_track14,pc2,push_pos_x,202,18,0,,999,0,0.36016368427697354,0.3601638525724411,2.447934074197861e-07,0.03259377461788708,5.0620105622774725,0.03259377461788708,0.08455315232276917,,0.015805140137672424,8.159780247326207e-08,950,0.06934759292555871,0.09587993701632108,0.03621195312788882,,,,,,,,,
PC2_track14,pc2,push_pos_x,202,19,0,,999,0,0.36840218584486506,0.36840303242206573,5.456853040399399e-07,0.028717871158772636,4.877162785231013,0.028717871158772636,0.05177721381187439,,0.011942341923713684,-1.0709711574615632e-07,950,0.0753928006270793,0.12410936397193788,0.03542659191869474,,,,,,,,,
PC2_track14,pc2,push_pos_x,202,20,0,,999,0,0.2740566729702414,0.2740568667650223,7.139807716410427e-08,0.0303159408421911,4.894487451779559,0.0303159408421911,-0.043682800605893135,,-0.026380613446235657,6.119835185494652e-08,950,0.08074209169960532,0.1042481357783083,0.037804126250375214,,,,,,,,,
PC2_track14,pc2,push_pos_x,202,21,0,,999,0,0.3555764663506319,0.3555770069360733,3.773898364388369e-07,0.036836617877436334,5.42955187598529,0.036836617877436334,0.04168806970119476,,0.007952257990837097,2.3459368211062838e-07,950,0.07416809901792973,0.09320749206918541,0.046650222341049236,,,,,,,,,
PC2_track14,pc2,push_pos_x,202,22,0,,999,0,0.35176207499708084,0.3517625033855438,2.7539258334725935e-07,0.027740077310618554,5.377437951701303,0.027740077310618554,0.027491338551044464,,0.016314536333084106,1.0199725309157742e-08,950,0.0802110413801219,0.1132763801931095,0.03296754352750085,,,,,,,,,
PC2_track14,pc2,push_pos_x,202,23,0,,999,0,0.33588916150962606,0.33588989078998566,7.190806342956217e-07,0.03152643014747722,5.6965511490482506,0.03152643014747722,0.00201649172231555,,0.005872651934623718,-5.35485578730782e-07,950,0.07843992119998233,0.15392492723664278,0.03517548275688747,,,,,,,,,
PC2_track14,pc2,push_pos_x,202,24,0,,999,0,0.3726097489582664,0.3726099580526352,2.651928580381016e-07,0.033685788972878966,4.416578681090844,0.033685788972878966,0.028156980872154236,,0.006225988268852234,-1.2239670370989306e-07,950,0.08253559167868381,0.09532868361805365,0.03694287536319141,,,,,,,,,
PC2_track14,pc2,push_pos_x,202,25,0,,999,0,0.32850285248960404,0.328503280878067,4.4368805094836227e-07,0.02794435389532987,6.792953001342017,0.02794435389532987,0.0012610972044058144,,0.0014630556106567383,2.549931327289438e-08,950,0.07066712087529903,0.08374429436730906,0.03309636217441892,,,,,,,,,
PC2_track14,pc2,push_pos_x,202,26,0,,999,0,0.37382104873338484,0.37382109463214874,1.8869491821941846e-07,0.03602412247893634,4.064522442377661,0.03602412247893634,0.08124976232647896,,0.008803829550743103,-1.5809574229194518e-07,950,0.075083367507878,0.12439868569496768,0.04152931223249848,,,,,,,,,
PC2_track14,pc2,push_pos_x,202,27,0,,999,0,0.32568847965747916,0.3256887346506119,3.31491072547627e-07,0.03641899231939096,6.803338094997407,0.03641899231939096,-0.02655798476189375,,0.008657440543174744,-3.0089189662015373e-07,950,0.0926882098977159,0.10821455800042509,0.04209758810007629,,,,,,,,,
PC2_track14,pc2,push_pos_x,202,28,0,,999,0,0.3490525414758825,0.34905318915843964,5.303857160762032e-07,0.034173713659516436,5.940802794383356,0.034173713659516436,0.022618492133915424,,8.811056613922119e-05,2.0399450618315484e-08,950,0.06858809817500656,0.09281975796150521,0.038372894870834326,,,,,,,,,
PC2_track14,pc2,push_pos_x,202,29,0,,999,0,0.3655924656015029,0.36559338867664337,8.669766512784091e-07,0.034485287079186196,4.447523136820392,0.034485287079186196,0.08009591698646545,,0.015512809157371521,-4.079890123663102e-07,950,0.08147674837941704,0.10468099845908649,0.039167674915542315,,,,,,,,,
PC2_track14,pc2,push_pos_x,202,30,0,,999,0,0.33413783138129804,0.33413805067539215,1.4279615432820854e-07,0.03234522764214687,6.941953738573503,0.03234522764214687,-0.028739988803863525,,-0.0073207467794418335,-4.589876389120989e-07,950,0.07001978270575943,0.08922565746602444,0.036804513190505136,,,,,,,,,
PC2_track14,pc2,push_pos_x,202,31,0,,999,0,0.34325680128712066,0.34325699508190155,2.5499313272894386e-07,0.03331381400919527,5.067784761111659,0.03331381400919527,0.01857812236994505,,0.011505350470542908,1.7339533025568182e-07,950,0.07187820762268066,0.08992673808156595,0.03782937383501916,,,,,,,,,
PC2_track14,pc2,push_pos_x,303,0,0,,999,0,0.36155442845693886,0.3615546375513077,3.5189052316594254e-07,0.04603888228897983,5.704564655104589,0.04603888228897983,-0.015021098777651787,,0.006142720580101013,-5.354855787307821e-07,950,0.08399660209905088,0.11288769161564337,0.048428771998923884,,,,,,,,,
PC2_track14,pc2,push_pos_x,303,1,0,,999,0,0.3454468503674084,0.34544721245765686,2.0909436883773395e-07,0.03591605043845455,5.488040334997343,0.03591605043845455,0.02287452667951584,,0.0037311017513275146,1.1729684105531416e-07,950,0.08594849677034926,0.09427671603270638,0.04009946219016239,,,,,,,,,
PC2_track14,pc2,push_pos_x,303,2,0,,999,0,0.3483211578213595,0.34832122921943665,8.159780247326203e-08,0.04215192912221016,6.601368369151473,0.04215192912221016,-0.01792324148118496,,0.007028102874755859,-4.079890123663102e-07,950,0.07262898636374392,0.09006089122129703,0.04728315692124474,,,,,,,,,
PC2_track14,pc2,push_pos_x,303,3,0,,999,0,0.3618314479761583,0.3618319630622864,5.40585441385361e-07,0.035656065495272685,4.974602391686067,0.035656065495272685,0.05957287177443504,,0.014533072710037231,-4.997865401487298e-07,950,0.07654144604450928,0.1264725270385674,0.04167570233728422,,,,,,,,,
PC2_track14,pc2,push_pos_x,303,4,0,,999,0,0.3737674553126575,0.37376803159713745,5.660847546582553e-07,0.03500927852918706,4.003981319578539,0.03500927852918706,0.08257364109158516,,0.015729576349258423,4.5898763891209865e-08,950,0.07869515608894177,0.1414944682865508,0.04047453953589383,,,,,,,,,
PC2_track14,pc2,push_pos_x,303,5,0,,999,0,0.36218711558510275,0.36218756437301636,6.119835185494653e-07,0.02736861668500084,5.30526253758205,0.02736861668500084,0.036066923290491104,,-0.0005122721195220947,-1.22396703709893e-07,950,0.08302784322343695,0.14427860807070209,0.03562417336161977,,,,,,,,,
PC2_track14,pc2,push_pos_x,303,6,0,,999,0,0.36847804566436915,0.3684789687395096,5.048864028033088e-07,0.027164093943711706,4.5859488656651735,0.027164093943711706,0.03209644928574562,,0.006687745451927185,-9.689739043699863e-08,950,0.07843546191545928,0.14104381393416698,0.03498452463263571,,,,,,,,,
PC2_track14,pc2,push_pos_x,303,7,0,,999,0,0.35245433903951695,0.352454736828804,5.915840679311498e-07,0.03696928822160318,6.191501391885103,0.03696928822160318,-0.00810825452208519,,0.0044902414083480835,1.1219697840073532e-07,950,0.09165619732383255,0.13486237287940303,0.04242641028726177,,,,,,,,,
PC2_track14,pc2,push_pos_x,303,8,0,,999,0,0.35544961507626394,0.35545025765895844,4.589876389120989e-07,0.03598671492074897,5.513897333624147,0.03598671492074897,0.05086431838572025,,0.007093682885169983,3.0599175927473226e-08,950,0.0872257467237742,0.1252237433645792,0.04034877269733855,,,,,,,,,
PC2_track14,pc2,push_pos_x,303,9,0,,999,0,0.3538243933954341,0.353824719786644,3.977892870571524e-07,0.03179155135443194,5.602625981146019,0.03179155135443194,0.031303645111620426,,0.016266867518424988,-2.0399450618315505e-07,950,0.07634628204368363,0.1376337247677437,0.03629652283265941,,,,,,,,,
PC2_track14,pc2,push_pos_x,303,10,0,,999,0,0.34330574403153385,0.343306228518486,4.895868148395722e-07,0.03405447658672732,7.049681195930315,0.03405447658672732,0.007314110174775124,,-0.0021434277296066284,1.8359505556483962e-07,950,0.0881583969094456,0.12100742144680587,0.03735337213419533,,,,,,,,,
PC2_track14,pc2,push_pos_x,303,11,0,,999,0,0.3520559885285117,0.35205668210983276,3.773898364388369e-07,0.03238098297104862,5.469756118813981,0.03238098297104862,0.03522505797445774,,0.011614412069320679,-2.0399450618315484e-08,950,0.07260301584326528,0.12740485844745356,0.03774316948065976,,,,,,,,,
PC2_track14,pc2,push_pos_x,303,12,0,,999,0,0.35489754099896886,0.3548976480960846,1.988946435285762e-07,0.03709952744470308,5.357249749782824,0.03709952744470308,-0.03632832691073418,,0.0019595324993133545,4.589876389120989e-08,950,0.07017699086676314,0.09294400574531772,0.04055154463793546,,,,,,,,,
PC2_track14,pc2,push_pos_x,303,13,0,,999,0,0.3605632256059086,0.36056333780288696,4.4368805094836227e-07,0.03044056753594477,5.005895364157826,0.03044056753594477,0.03393351286649704,,0.011073917150497437,-3.6209024847510034e-07,950,0.06967941214879436,0.09322946884709869,0.03611343543151824,,,,,,,,,
PC2_track14,pc2,push_pos_x,303,14,0,,999,0,0.2776376521364253,0.2776379734277725,3.7228997378425803e-07,0.032964173349842626,4.7891291842566375,0.032964173349842626,-0.016215285286307335,,-0.019120022654533386,-1.8869491821941846e-07,950,0.07358243733481369,0.10305870817421642,0.04124317528553686,,,,,,,,,
PC2_track14,pc2,push_pos_x,303,15,0,,999,0,0.37423622679901636,0.3742363899946213,3.1619148458389037e-07,0.02797324944670055,4.764975357604067,0.02797324944670055,0.06649896502494812,,0.007952585816383362,-2.549931327289438e-07,950,0.08413627149773642,0.11332767792613589,0.03455702206480679,,,,,,,,,
PC2_track14,pc2,push_pos_x,303,16,0,,999,0,0.35782204456826583,0.35782285034656525,3.2129134723846926e-07,0.03710437572418178,5.107969229247242,0.03710437572418178,0.04308226890861988,,0.011222049593925476,-3.824896990934157e-07,950,0.07657221780115704,0.11067576691328421,0.04589111999458001,,,,,,,,,
PC2_track14,pc2,push_pos_x,303,17,0,,999,0,0.336767806168546,0.3367684334516525,2.3459368211062835e-07,0.029863469257852243,6.607333265122769,0.029863469257852243,-0.03532995469868183,,0.002538934350013733,-6.22183243858623e-07,950,0.08554066425222692,0.1077462075476273,0.037742280350912844,,,,,,,,,
PC2_track14,pc2,push_pos_x,303,18,0,,999,0,0.33783956007523974,0.33784008026123047,2.5499313272894386e-07,0.02933497253683462,6.518019477420947,0.02933497253683462,-0.04231606796383858,,-0.0029486417770385742,-3.7738983643883687e-07,950,0.07738542495702862,0.0927917919136999,0.03617644188326924,,,,,,,,,
PC2_track14,pc2,push_pos_x,303,19,0,,999,0,0.32517576273431115,0.32517631351947784,3.1619148458389037e-07,0.0376296332922281,6.837780404190132,0.0376296332922281,-0.004528960911557078,,0.006696328520774841,1.1219697840073529e-07,950,0.08271220887673472,0.0936128885005233,0.044187613547430976,,,,,,,,,
PC2_track14,pc2,push_pos_x,303,20,0,,999,0,0.3112105270598661,0.3112109452486038,4.793870895304144e-07,0.027058738950873018,6.505642990679723,0.027058738950873018,-0.022001873701810837,,0.0017599612474441528,3.059917592747328e-08,950,0.06834489237730441,0.08344600795616204,0.0308776647617993,,,,,,,,,
PC2_track14,pc2,push_pos_x,303,21,0,,999,0,0.3451368282026148,0.3451371341943741,4.691873642212567e-07,0.031548649329041875,6.830134400588828,0.031548649329041875,-0.030793016776442528,,-0.005604073405265808,3.365909352022059e-07,950,0.06932004979016791,0.09447848273452937,0.035643077328991225,,,,,,,,,
PC2_track14,pc2,push_pos_x,303,22,0,,999,0,0.3685646250764316,0.3685652166604996,5.252858534216243e-07,0.03521691394434119,5.174724329685779,0.03521691394434119,0.0464763380587101,,0.004885688424110413,5.048864028033088e-07,950,0.0788479319805885,0.11620754637751403,0.04097873668721684,,,,,,,,,
PC2_track14,pc2,push_pos_x,303,23,0,,999,0,0.363830942122694,0.3638308197259903,-2.396935447652072e-07,0.04165453486523771,4.791936227017535,0.04165453486523771,0.10309123620390892,,0.02029089629650116,-3.569903858205215e-08,950,0.07526581973904554,0.14048127999042634,0.050355109176007225,,,,,,,,,
PC2_track14,pc2,push_pos_x,303,24,0,,999,0,0.35983256621156784,0.35983309149742126,2.447934074197861e-07,0.035896100867533455,5.249875608837183,0.035896100867533455,0.0206029349938035,,0.005877405405044556,-3.4679066051136365e-07,950,0.07294254994909322,0.13750229418427695,0.040982440271431664,,,,,,,,,
PC2_track14,pc2,push_pos_x,303,25,0,,999,0,0.3526313444350493,0.3526317626237869,4.844869521849933e-07,0.03458839678875403,5.55472560047584,0.03458839678875403,0.016339043155312538,,0.007657691836357117,-4.5898763891209865e-08,950,0.0849222782318862,0.09706849174368337,0.03942997191974714,,,,,,,,,
PC2_track14,pc2,push_pos_x,303,26,0,,999,0,0.3545261153722192,0.3545263856649399,4.334883256392046e-07,0.03641091794591357,4.6397918445191415,0.03641091794591357,0.06903412938117981,,0.02047295868396759,1.478960169827875e-07,950,0.08310406911785205,0.1268053862335118,0.04200874118992715,,,,,,,,,
PC2_track14,pc2,push_pos_x,303,27,0,,999,0,0.3397017812983875,0.3397023677825928,7.241804969502005e-07,0.03211470823130235,7.11412307062726,0.03211470823130235,-0.013887654524296522,,0.0026948750019073486,5.0998626545788656e-08,950,0.06778626914974346,0.08396432005261972,0.03859663596166773,,,,,,,,,
PC2_track14,pc2,push_pos_x,303,28,0,,999,0,0.37041275904459114,0.3704128712415695,3.5189052316594254e-07,0.03352021088622763,5.291335056574146,0.03352021088622763,0.03752729296684265,,0.00665910542011261,-2.2949381945604943e-07,950,0.08158570183329875,0.1244667321186163,0.03798716445220021,,,,,,,,,
PC2_track14,pc2,push_pos_x,303,29,0,,999,0,0.37231712369995323,0.37231776118278503,6.425826944769385e-07,0.0331733168715405,4.488162010901293,0.0331733168715405,0.07068952172994614,,0.01563677191734314,1.5299587963736629e-07,950,0.07568861400113987,0.13725709998471608,0.041377627903375284,,,,,,,,,
PC2_track14,pc2,push_pos_x,303,30,0,,999,0,0.34714015752555216,0.3471405655145645,4.232886003300468e-07,0.03206563586278183,5.586149932825631,0.03206563586278183,0.004573184065520763,,0.0010564476251602173,2.600929953835227e-07,950,0.0851772827534317,0.13029090384347425,0.037886552936287725,,,,,,,,,
PC2_track14,pc2,push_pos_x,303,31,0,,999,0,0.3352884973752945,0.33528897166252136,4.13088875020889e-07,0.030218686386302804,6.40630912849406,0.030218686386302804,0.01239384151995182,,-0.0018165111541748047,5.048864028033087e-07,950,0.09330889287290262,0.12065482882964515,0.03502478928475754,,,,,,,,,
PC2_track14,pc2,push_neg_x,101,0,0,,999,0,0.33965378521597955,0.33965396881103516,1.6319560494652408e-07,0.030866810336934593,6.477315758831211,0.030866810336934593,-0.010030318982899189,,0.004143416881561279,2.0399450618315537e-08,950,0.06603421934109101,0.11262449579919781,0.03224253047219949,,,,,,,,,
PC2_track14,pc2,push_neg_x,101,1,0,,999,0,0.3697904343592292,0.369790643453598,2.1419423149231284e-07,0.03144551978639744,4.9137236598154175,0.03144551978639744,0.05103490501642227,,0.0017162561416625977,-3.0599175927473257e-07,950,0.07537879025969554,0.1382162137419211,0.04155254518102904,,,,,,,,,
PC2_track14,pc2,push_neg_x,101,2,0,,999,0,0.3347304348639626,0.33473068475723267,2.1419423149231284e-07,0.03188294293976444,6.083567271145659,0.03188294293976444,-0.011545667424798012,,-0.0005227625370025635,1.9379478087399733e-07,950,0.08843365628959277,0.1051396938040508,0.037264194186524095,,,,,,,,,
PC2_track14,pc2,push_neg_x,101,3,0,,999,0,0.3705580601080216,0.37055855989456177,3.1109162192931147e-07,0.03207276451820762,4.439675849987803,0.03207276451820762,0.0441267266869545,,0.00537446141242981,-9.689739043699868e-08,950,0.09011241220805612,0.13617767768374264,0.03822536714463566,,,,,,,,,
PC2_track14,pc2,push_neg_x,101,4,0,,999,0,0.339693026268546,0.339693158864975,9.179752778241978e-08,0.03934922500173865,5.731536825651842,0.03934922500173865,0.0012253125896677375,,-0.00498160719871521,1.0199725309157754e-07,950,0.07488800137242117,0.09025531713826493,0.04245117753531349,,,,,,,,,
PC2_track14,pc2,push_neg_x,101,5,0,,999,0,0.3677029275001689,0.36770325899124146,2.651928580381016e-07,0.03163636719564771,4.160804681256442,0.03163636719564771,0.11961885169148445,,0.010052680969238281,3.6719011112967913e-07,950,0.08709166914881211,0.1157926032370399,0.04272866072105886,,,,,,,,,
PC2_track14,pc2,push_neg_x,101,6,0,,999,0,0.3708852664990859,0.3708856999874115,2.447934074197861e-07,0.033566087105167106,4.223877174031642,0.033566087105167106,0.04977353475987911,,0.013305753469467163,-3.6719011112967913e-07,950,0.07112106589266504,0.12316598586742622,0.03848560702367625,,,,,,,,,
PC2_track14,pc2,push_neg_x,101,7,0,,999,0,0.3610955353248566,0.36109600961208344,4.589876389120989e-07,0.030836335124731017,5.833327929954859,0.030836335124731017,-0.003577898256480694,,0.008983030915260315,1.937947808739973e-07,950,0.08671026531006823,0.09880289619332999,0.037847448160208935,,,,,,,,,
PC2_track14,pc2,push_neg_x,101,8,0,,999,0,0.36235787619881454,0.3623583912849426,4.232886003300468e-07,0.02990137913545124,4.584408111907344,0.02990137913545124,0.0529630221426487,,0.009854823350906372,-4.844869521849933e-07,950,0.08448807818686778,0.14597255618576135,0.03600411083682279,,,,,,,,,
PC2_track14,pc2,push_neg_x,101,9,0,,999,0,0.3633414911713829,0.3633412718772888,3.977892870571524e-07,0.036090272174604955,5.275386547354417,0.036090272174604955,0.0134447175078094,,0.005474597215652466,1.0199725309157752e-07,950,0.06734706214246683,0.09434056527210431,0.042307545812203855,,,,,,,,,
PC2_track14,pc2,push_neg_x,101,10,0,,999,0,0.32389276964779207,0.3238932490348816,4.0798901236631015e-07,0.03321642285589342,7.021269692205362,0.03321642285589342,-0.009576553478837013,,0.003273576498031616,-3.059917592747328e-08,950,0.07563429464080584,0.08649296694742188,0.03570327901117385,,,,,,,,,
PC2_track14,pc2,push_neg_x,101,11,0,,999,0,0.34284470808059775,0.34284496307373047,1.9379478087399733e-07,0.031117613721625297,6.504043213359131,0.031117613721625297,-0.035036105662584305,,0.001205354928970337,2.039945061831551e-08,950,0.07038489119035844,0.08936576083199013,0.037886327728404307,,,,,,,,,
PC2_track14,pc2,push_neg_x,101,12,0,,999,0,0.3412245747080461,0.34122462570667267,2.447934074197861e-07,0.0287510736718447,6.314130149202024,0.0287510736718447,0.015636220574378967,,0.0010750144720077515,-1.4279615432820854e-07,950,0.07802123484261048,0.08752021839712062,0.03224774966738795,,,,,,,,,
PC2_track14,pc2,push_neg_x,101,13,0,,999,0,0.3557361993082067,0.3557368367910385,1.9379478087399733e-07,0.03194759702261,4.7976086964247315,0.03194759702261,0.0315457247197628,,0.0018634945154190063,-2.753925833472594e-07,950,0.08105103159881827,0.10645594819455267,0.03972160778103486,,,,,,,,,
PC2_track14,pc2,push_neg_x,101,14,0,,999,0,0.35410811038897,0.3541082888841629,1.0199725309157754e-07,0.03189618604880912,5.043544915921068,0.03189618604880912,0.04906206205487251,,0.0033103376626968384,-4.4878791360294117e-07,950,0.07697794765312316,0.1480129116948896,0.03820316021100242,,,,,,,,,
PC2_track14,pc2,push_neg_x,101,15,0,,999,0,0.3600324342913806,0.3600330054759979,3.2129134723846926e-07,0.03292976045127645,5.1562497338587185,0.03292976045127645,0.03463677130639553,,0.0008007586002349854,2.396935447652072e-07,950,0.08126105348954389,0.1219746060252043,0.0433184391020664,,,,,,,,,
PC2_track14,pc2,push_neg_x,101,16,0,,999,0,0.368671607206212,0.36867213249206543,5.456853040399399e-07,0.03697538374066042,4.280985150343111,0.03697538374066042,0.043133677914738655,,0.01979297399520874,-5.558850293490975e-07,950,0.0806476746627005,0.14202491856212943,0.0425014502608192,,,,,,,,,
PC2_track14,pc2,push_neg_x,101,17,0,,999,0,0.3579781241914168,0.35797855257987976,2.3459368211062835e-07,0.035024140829617814,5.56992925888918,0.035024140829617814,0.012974872253835201,,0.004819005727767944,-5.099862654578877e-07,950,0.07999500179009242,0.0873744902170621,0.036970954278004654,,,,,,,,,
PC2_track14,pc2,push_neg_x,101,18,0,,999,0,0.34612942594576646,0.3461296707391739,3.569903858205214e-07,0.035563315926185106,5.012853633903227,0.035563315926185106,0.05728530324995518,,0.017214789986610413,-2.0399450618315537e-08,950,0.07625027218556867,0.09554046850464558,0.0412744055367963,,,,,,,,,
PC2_track14,pc2,push_neg_x,101,19,0,,999,0,0.37016952444206586,0.37017013132572174,4.13088875020889e-07,0.03224231078767691,4.403354542956456,0.03224231078767691,0.07625166699290276,,0.0139380544424057,-4.6408750156667786e-07,950,0.07305371375325828,0.14878813525089732,0.03739825772672162,,,,,,,,,
PC2_track14,pc2,push_neg_x,101,20,0,,999,0,0.3599378397279882,0.35993848741054535,4.946866774941511e-07,0.035860305486019706,5.50833208731016,0.035860305486019706,0.04197669215500355,,0.007938876748085022,6.629821450952545e-08,950,0.07492002996971145,0.12059659167986471,0.04077122666353805,,,,,,,,,
PC2_track14,pc2,push_neg_x,101,21,0,,999,0,0.37009894616782346,0.3700997978448868,5.099862654578877e-07,0.041470263379309244,4.891136447081747,0.041470263379309244,0.07514689117670059,,0.018208518624305725,-3.3659093520220585e-07,950,0.08072278274079307,0.130584672433325,0.043481121030759455,,,,,,,,,
PC2_track14,pc2,push_neg_x,101,22,0,,999,0,0.343393564861726,0.3433939218521118,2.0399450618315507e-07,0.03547581348303828,5.415276579860706,0.03547581348303828,0.007785059977322817,,0.012800842523574829,3.569903858205214e-07,950,0.07762414296216137,0.09233685612621989,0.04435390083341308,,,,,,,,,
PC2_track14,pc2,push_neg_x,101,23,0,,999,0,0.3678586447940153,0.36785954236984253,4.5388777625752007e-07,0.0396130024414454,4.269189096308578,0.0396130024414454,0.07657329738140106,,0.006875097751617432,2.2949381945604948e-07,950,0.07770816254025381,0.12464379682377635,0.04734651759628936,,,,,,,,,
PC2_track14,pc2,push_neg_x,101,24,0,,999,0,0.33892323451246165,0.3389236629009247,4.028891497117313e-07,0.027374516367787725,6.069891684262284,0.027374516367787725,-0.004949219059199095,,0.0058068931102752686,-2.1929409414689174e-07,950,0.08899695153133294,0.09784010785682863,0.029931644463932428,,,,,,,,,
PC2_track14,pc2,push_neg_x,101,25,0,,999,0,0.33115296798912597,0.3311532586812973,4.793870895304144e-07,0.028344067378157364,7.057274153158767,0.028344067378157364,-0.01009657932445407,,0.008871093392372131,-5.40585441385361e-07,950,0.08059839255712034,0.13168759954031548,0.03226480951486254,,,,,,,,,
PC2_track14,pc2,push_neg_x,101,26,0,,999,0,0.3349397246212883,0.33494043350219727,2.1419423149231284e-07,0.02565473065418139,7.058010041502056,0.02565473065418139,0.001195654273033142,,0.008322983980178833,-1.1219697840073527e-07,950,0.09006550798472625,0.09609454314321499,0.03487203485743643,,,,,,,,,
PC2_track14,pc2,push_neg_x,101,27,0,,999,0,0.33357764382094623,0.33357779681682587,9.689739043699865e-08,0.03772816394421766,6.722878639404388,0.03772816394421766,-0.02604513894766569,,0.0021080225706100464,-5.762844799674132e-07,950,0.07074809953766055,0.09242384816590155,0.04680126784954276,,,,,,,,,
PC2_track14,pc2,push_neg_x,101,28,0,,999,0,0.3418401419957054,0.34184037148952484,3.263912098930481e-07,0.03310667554563382,6.735849804586405,0.03310667554563382,-0.00546879437752068,,0.005716606974601746,-2.4479340741978607e-07,950,0.06942225492601048,0.08747992443224542,0.037287768198845925,,,,,,,,,
PC2_track14,pc2,push_neg_x,101,29,0,,999,0,0.3368879508047818,0.3368883281946182,3.2129134723846926e-07,0.03741511325833327,5.432872050977693,0.03741511325833327,0.04655946046113968,,0.006699725985527039,-6.272831065132018e-07,950,0.08345817284092008,0.14531012857800377,0.03912919978536847,,,,,,,,,
PC2_track14,pc2,push_neg_x,101,30,0,,999,0,0.3711338291034342,0.37113459408283234,5.40585441385361e-07,0.0348979116978147,4.992710980133529,0.0348979116978147,0.06821209192276001,,0.0010238736867904663,2.549931327289439e-07,950,0.08570158768564155,0.14896329012390094,0.04041039289140318,,,,,,,,,
PC2_track14,pc2,push_neg_x,101,31,0,,999,0,0.35440913822880404,0.3544091433286667,9.179752778241978e-08,0.037950929965082626,5.956986428111104,0.037950929965082626,0.025838078930974007,,0.005587324500083923,1.0199725309157754e-07,950,0.07796047848099143,0.1416622271094456,0.04608883906639421,,,,,,,,,
PC2_track14,pc2,push_neg_x,202,0,0,,999,0,0.3277375145073243,0.3277375400066376,3.5189052316594254e-07,0.03165034750387487,6.566663911223136,0.03165034750387487,0.0013461383059620857,,0.007369190454483032,-1.9889464352857615e-07,950,0.0744443379158663,0.08902424072552462,0.03566397786949092,,,,,,,,,
PC2_track14,pc2,push_neg_x,202,1,0,,999,0,0.3433397501547706,0.3433399796485901,2.5499313272894386e-07,0.029728759901035975,5.728239344243063,0.029728759901035975,0.04156790114939213,,0.0011596083641052246,-3.569903858205214e-07,950,0.07644609327318883,0.1138678816529418,0.03689104189257076,,,,,,,,,
PC2_track14,pc2,push_neg_x,202,2,0,,999,0,0.3715259078989692,0.3715261220932007,2.2949381945604948e-07,0.03802497147434574,4.747615378295041,0.03802497147434574,0.05925409123301506,,0.011657804250717163,5.609848920036766e-08,950,0.07967443583317912,0.13335632185699273,0.04277443138002929,,,,,,,,,
PC2_track14,pc2,push_neg_x,202,3,0,,999,0,0.3672408182672001,0.36724093556404114,2.957920339655749e-07,0.030018742510520578,4.533711572296655,0.030018742510520578,0.07099202275276184,,0.000879436731338501,2.0399450618315537e-08,950,0.06951490670922934,0.10338321169204294,0.03745676949786145,,,,,,,,,
PC2_track14,pc2,push_neg_x,202,4,0,,999,0,0.3697688981970364,0.36976926028728485,2.7539258334725935e-07,0.03416247797309521,4.888476280454041,0.03416247797309521,0.05452623404562473,,0.010079756379127502,-5.303857160762032e-07,950,0.08176613853559309,0.0964103441386609,0.043611741860892575,,,,,,,,,
PC2_track14,pc2,push_neg_x,202,5,0,,999,0,0.3532548667912815,0.3532549738883972,4.0798901236631014e-08,0.042055535548724446,4.654735979031132,0.042055535548724446,0.04713390953838825,,0.011892557144165039,3.059917592747326e-07,950,0.0830305027931237,0.11708974892908006,0.04517042942991515,,,,,,,,,
PC2_track14,pc2,push_neg_x,202,6,0,,999,0,0.3270679648547249,0.3270682096481323,1.7339533025568182e-07,0.02625254634428087,7.435107619126901,0.02625254634428087,0.0003812955692410469,,-0.0035059750080108643,1.4279615432820854e-07,950,0.06715892452247725,0.0856345756889181,0.03353722908146671,,,,,,,,,
PC2_track14,pc2,push_neg_x,202,7,0,,999,0,0.36993231819593975,0.3699323385953903,1.0199725309157754e-07,0.02783776025989642,4.152087253025068,0.02783776025989642,0.08602272719144821,,0.005494162440299988,2.5499313272894386e-07,950,0.07530099971084854,0.10925571193588263,0.03584486009909265,,,,,,,,,
PC2_track14,pc2,push_neg_x,202,8,0,,999,0,0.2908007571882105,0.2908010631799698,2.5499313272894386e-07,0.04319576745887219,4.6975973345706254,0.04319576745887219,-0.061156706884503365,,-0.024221226572990417,2.651928580381016e-07,950,0.07047109087424755,0.08462156968119201,0.047179005921964404,,,,,,,,,
PC2_track14,pc2,push_neg_x,202,9,0,,999,0,0.3714680130628341,0.3714679926633835,2.2949381945604948e-07,0.047179414131077374,4.131521698545669,0.047179414131077374,0.07220614701509476,,0.011219576001167297,1.1729684105531419e-07,950,0.07803673630106756,0.09999870488921593,0.04879344961857733,,,,,,,,,
PC2_track14,pc2,push_neg_x,202,10,0,,999,0,0.360374818351817,0.36037519574165344,4.589876389120989e-07,0.03125805365643791,5.2228590845827405,0.03125805365643791,0.05233294330537319,,0.014985710382461548,1.4279615432820854e-07,950,0.08291674077545907,0.09368690229209621,0.03810453199820355,,,,,,,,,
PC2_track14,pc2,push_neg_x,202,11,0,,999,0,0.3389489396530039,0.3389497250318527,7.445799475685161e-07,0.031777591620759146,6.680343468705193,0.031777591620759146,-0.011936674825847149,,0.010808065533638,-4.181887376754679e-07,950,0.08040710273619943,0.09209817495715004,0.03709696491488787,,,,,,,,,
PC2_track14,pc2,push_neg_x,202,12,0,,999,0,0.33017242185890994,0.330172523856163,2.804924460018382e-07,0.03563600808533819,6.679053373933319,0.03563600808533819,-0.018380416557192802,,0.005747631192207336,1.2749656636447188e-07,950,0.09693655698975971,0.12333761178509459,0.04003521479164091,,,,,,,,,
PC2_track14,pc2,push_neg_x,202,13,0,,999,0,0.3627300213046253,0.36273059248924255,3.365909352022059e-07,0.03634355843196958,4.679159122427658,0.03634355843196958,0.024673765525221825,,0.015021026134490967,5.0998626545788815e-08,950,0.07646384002433242,0.1388466689355689,0.041218786497268595,,,,,,,,,
PC2_track14,pc2,push_neg_x,202,14,0,,999,0,0.33107233812464754,0.3310728073120117,1.988946435285762e-07,0.03212486585443334,6.560585906902292,0.03212486585443334,-0.012219401076436043,,-0.005662143230438232,-1.7849519291026072e-07,950,0.06816042327763043,0.08486230949187612,0.03787662372079327,,,,,,,,,
PC2_track14,pc2,push_neg_x,202,15,0,,999,0,0.33339949454215756,0.3333996832370758,2.396935447652072e-07,0.02565092766610736,6.214303242155728,0.02565092766610736,-0.036923157051205635,,0.002631574869155884,-5.099862654578897e-09,950,0.07178443135081727,0.09346580399050594,0.030664975079516425,,,,,,,,,
PC2_track14,pc2,push_neg_x,202,16,0,,999,0,0.3657222287380759,0.3657224327325821,6.527824197860963e-07,0.03716243681342732,5.217196328218751,0.03716243681342732,0.05599728599190712,,0.011694028973579407,3.9778928705715246e-07,950,0.08326750462499379,0.15334696881703788,0.043732939199609064,,,,,,,,,
PC2_track14,pc2,push_neg_x,202,17,0,,999,0,0.34356826990045963,0.3435688614845276,3.059917592747326e-07,0.030281874533011937,5.765688431692662,0.030281874533011937,-0.0020447103306651115,,-0.00808107852935791,2.447934074197861e-07,950,0.07597953699986824,0.09115210825572881,0.036765047344266284,,,,,,,,,
PC2_track14,pc2,push_neg_x,202,18,0,,999,0,0.36016368427697354,0.3601638525724411,2.447934074197861e-07,0.03259377461788708,5.0620105622774725,0.03259377461788708,0.08455315232276917,,0.015805140137672424,8.159780247326207e-08,950,0.07986406816380488,0.10715543281011272,0.03621195312788882,,,,,,,,,
PC2_track14,pc2,push_neg_x,202,19,0,,999,0,0.36840218584486506,0.36840303242206573,5.456853040399399e-07,0.028717871158772636,4.877162785231013,0.028717871158772636,0.05177721381187439,,0.011942341923713684,-1.0709711574615632e-07,950,0.0771020036578299,0.14125973785300505,0.03542659191869474,,,,,,,,,
PC2_track14,pc2,push_neg_x,202,20,0,,999,0,0.2740566729702414,0.2740568667650223,7.139807716410427e-08,0.0303159408421911,4.894487451779559,0.0303159408421911,-0.043682800605893135,,-0.026380613446235657,6.119835185494652e-08,950,0.06132896891787416,0.08645457937301368,0.037804126250375214,,,,,,,,,
PC2_track14,pc2,push_neg_x,202,21,0,,999,0,0.3555764663506319,0.3555770069360733,3.773898364388369e-07,0.036836617877436334,5.42955187598529,0.036836617877436334,0.04168806970119476,,0.007952257990837097,2.3459368211062838e-07,950,0.07992800214094162,0.09854079344245847,0.046650222341049236,,,,,,,,,
PC2_track14,pc2,push_neg_x,202,22,0,,999,0,0.35176207499708084,0.3517625033855438,2.7539258334725935e-07,0.027740077310618554,5.377437951701303,0.027740077310618554,0.027491338551044464,,0.016314536333084106,1.0199725309157742e-08,950,0.08544077946971716,0.12454566924618281,0.03296754352750085,,,,,,,,,
PC2_track14,pc2,push_neg_x,202,23,0,,999,0,0.33588916150962606,0.33588989078998566,7.190806342956217e-07,0.03152643014747722,5.6965511490482506,0.03152643014747722,0.00201649172231555,,0.005872651934623718,-5.35485578730782e-07,950,0.0723699737930734,0.08829044010336001,0.03517548275688747,,,,,,,,,
PC2_track14,pc2,push_neg_x,202,24,0,,999,0,0.3726097489582664,0.3726099580526352,2.651928580381016e-07,0.033685788972878966,4.416578681090844,0.033685788972878966,0.028156980872154236,,0.006225988268852234,-1.2239670370989306e-07,950,0.07640226990503887,0.13892862251053575,0.03694287536319141,,,,,,,,,
PC2_track14,pc2,push_neg_x,202,25,0,,999,0,0.32850285248960404,0.328503280878067,4.4368805094836227e-07,0.02794435389532987,6.792953001342017,0.02794435389532987,0.0012610972044058144,,0.0014630556106567383,2.549931327289438e-08,950,0.09250953185958541,0.09902240959924274,0.03309636217441892,,,,,,,,,
PC2_track14,pc2,push_neg_x,202,26,0,,999,0,0.37382104873338484,0.37382109463214874,1.8869491821941846e-07,0.03602412247893634,4.064522442377661,0.03602412247893634,0.08124976232647896,,0.008803829550743103,-1.5809574229194518e-07,950,0.07902745497849258,0.12063472790614072,0.04152931223249848,,,,,,,,,
PC2_track14,pc2,push_neg_x,202,27,0,,999,0,0.32568847965747916,0.3256887346506119,3.31491072547627e-07,0.03641899231939096,6.803338094997407,0.03641899231939096,-0.02655798476189375,,0.008657440543174744,-3.0089189662015373e-07,950,0.06917817526911509,0.0894851847005915,0.04209758810007629,,,,,,,,,
PC2_track14,pc2,push_neg_x,202,28,0,,999,0,0.3490525414758825,0.34905318915843964,5.303857160762032e-07,0.034173713659516436,5.940802794383356,0.034173713659516436,0.022618492133915424,,8.811056613922119e-05,2.0399450618315484e-08,950,0.076209061622167,0.09064709075024173,0.038372894870834326,,,,,,,,,
PC2_track14,pc2,push_neg_x,202,29,0,,999,0,0.3655924656015029,0.36559338867664337,8.669766512784091e-07,0.034485287079186196,4.447523136820392,0.034485287079186196,0.08009591698646545,,0.015512809157371521,-4.079890123663102e-07,950,0.07660681756402597,0.13379044609274324,0.039167674915542315,,,,,,,,,
PC2_track14,pc2,push_neg_x,202,30,0,,999,0,0.33413783138129804,0.33413805067539215,1.4279615432820854e-07,0.03234522764214687,6.941953738573503,0.03234522764214687,-0.028739988803863525,,-0.0073207467794418335,-4.589876389120989e-07,950,0.07077460811376864,0.08786949794853853,0.036804513190505136,,,,,,,,,
PC2_track14,pc2,push_neg_x,202,31,0,,999,0,0.34325680128712066,0.34325699508190155,2.5499313272894386e-07,0.03331381400919527,5.067784761111659,0.03331381400919527,0.01857812236994505,,0.011505350470542908,1.7339533025568182e-07,950,0.08648010514154517,0.10726541622988055,0.03782937383501916,,,,,,,,,
PC2_track14,pc2,push_neg_x,303,0,0,,999,0,0.36155442845693886,0.3615546375513077,3.5189052316594254e-07,0.04603888228897983,5.704564655104589,0.04603888228897983,-0.015021098777651787,,0.006142720580101013,-5.354855787307821e-07,950,0.0700178424473398,0.09190238737216878,0.048428771998923884,,,,,,,,,
PC2_track14,pc2,push_neg_x,303,1,0,,999,0,0.3454468503674084,0.34544721245765686,2.0909436883773395e-07,0.03591605043845455,5.488040334997343,0.03591605043845455,0.02287452667951584,,0.0037311017513275146,1.1729684105531416e-07,950,0.08091164708568585,0.15680365336797394,0.04009946219016239,,,,,,,,,
PC2_track14,pc2,push_neg_x,303,2,0,,999,0,0.3483211578213595,0.34832122921943665,8.159780247326203e-08,0.04215192912221016,6.601368369151473,0.04215192912221016,-0.01792324148118496,,0.007028102874755859,-4.079890123663102e-07,950,0.0831444438061195,0.09542403885846217,0.04728315692124474,,,,,,,,,
PC2_track14,pc2,push_neg_x,303,3,0,,999,0,0.3618314479761583,0.3618319630622864,5.40585441385361e-07,0.035656065495272685,4.974602391686067,0.035656065495272685,0.05957287177443504,,0.014533072710037231,-4.997865401487298e-07,950,0.07543702710975268,0.10952981201646339,0.04167570233728422,,,,,,,,,
PC2_track14,pc2,push_neg_x,303,4,0,,999,0,0.3737674553126575,0.37376803159713745,5.660847546582553e-07,0.03500927852918706,4.003981319578539,0.03500927852918706,0.08257364109158516,,0.015729576349258423,4.5898763891209865e-08,950,0.0847542637103157,0.10849419882410288,0.04047453953589383,,,,,,,,,
PC2_track14,pc2,push_neg_x,303,5,0,,999,0,0.36218711558510275,0.36218756437301636,6.119835185494653e-07,0.02736861668500084,5.30526253758205,0.02736861668500084,0.036066923290491104,,-0.0005122721195220947,-1.22396703709893e-07,950,0.07914190944817645,0.13479669366041966,0.03562417336161977,,,,,,,,,
PC2_track14,pc2,push_neg_x,303,6,0,,999,0,0.36847804566436915,0.3684789687395096,5.048864028033088e-07,0.027164093943711706,4.5859488656651735,0.027164093943711706,0.03209644928574562,,0.006687745451927185,-9.689739043699863e-08,950,0.08528130952380476,0.13089473938073432,0.03498452463263571,,,,,,,,,
PC2_track14,pc2,push_neg_x,303,7,0,,999,0,0.35245433903951695,0.352454736828804,5.915840679311498e-07,0.03696928822160318,6.191501391885103,0.03696928822160318,-0.00810825452208519,,0.0044902414083480835,1.1219697840073532e-07,950,0.08470520961983719,0.11039227654293568,0.04242641028726177,,,,,,,,,
PC2_track14,pc2,push_neg_x,303,8,0,,999,0,0.35544961507626394,0.35545025765895844,4.589876389120989e-07,0.03598671492074897,5.513897333624147,0.03598671492074897,0.05086431838572025,,0.007093682885169983,3.0599175927473226e-08,950,0.0729707423606002,0.0966033937181142,0.04034877269733855,,,,,,,,,
PC2_track14,pc2,push_neg_x,303,9,0,,999,0,0.3538243933954341,0.353824719786644,3.977892870571524e-07,0.03179155135443194,5.602625981146019,0.03179155135443194,0.031303645111620426,,0.016266867518424988,-2.0399450618315505e-07,950,0.08518473860959133,0.12895507186669075,0.03629652283265941,,,,,,,,,
PC2_track14,pc2,push_neg_x,303,10,0,,999,0,0.34330574403153385,0.343306228518486,4.895868148395722e-07,0.03405447658672732,7.049681195930315,0.03405447658672732,0.007314110174775124,,-0.0021434277296066284,1.8359505556483962e-07,950,0.07247535001373394,0.09069748437857908,0.03735337213419533,,,,,,,,,
PC2_track14,pc2,push_neg_x,303,11,0,,999,0,0.3520559885285117,0.35205668210983276,3.773898364388369e-07,0.03238098297104862,5.469756118813981,0.03238098297104862,0.03522505797445774,,0.011614412069320679,-2.0399450618315484e-08,950,0.08894633445155127,0.11465872894372184,0.03774316948065976,,,,,,,,,
PC2_track14,pc2,push_neg_x,303,12,0,,999,0,0.35489754099896886,0.3548976480960846,1.988946435285762e-07,0.03709952744470308,5.357249749782824,0.03709952744470308,-0.03632832691073418,,0.0019595324993133545,4.589876389120989e-08,950,0.07591763739273127,0.09517583211239608,0.04055154463793546,,,,,,,,,
PC2_track14,pc2,push_neg_x,303,13,0,,999,0,0.3605632256059086,0.36056333780288696,4.4368805094836227e-07,0.03044056753594477,5.005895364157826,0.03044056753594477,0.03393351286649704,,0.011073917150497437,-3.6209024847510034e-07,950,0.07927216548638398,0.09388684306803392,0.03611343543151824,,,,,,,,,
PC2_track14,pc2,push_neg_x,303,14,0,,999,0,0.2776376521364253,0.2776379734277725,3.7228997378425803e-07,0.032964173349842626,4.7891291842566375,0.032964173349842626,-0.016215285286307335,,-0.019120022654533386,-1.8869491821941846e-07,950,0.06845364778259744,0.09189433561477098,0.04124317528553686,,,,,,,,,
PC2_track14,pc2,push_neg_x,303,15,0,,999,0,0.37423622679901636,0.3742363899946213,3.1619148458389037e-07,0.02797324944670055,4.764975357604067,0.02797324944670055,0.06649896502494812,,0.007952585816383362,-2.549931327289438e-07,950,0.07273470419526266,0.13808784663783355,0.03455702206480679,,,,,,,,,
PC2_track14,pc2,push_neg_x,303,16,0,,999,0,0.35782204456826583,0.35782285034656525,3.2129134723846926e-07,0.03710437572418178,5.107969229247242,0.03710437572418178,0.04308226890861988,,0.011222049593925476,-3.824896990934157e-07,950,0.06985724310557091,0.09538708068315507,0.04589111999458001,,,,,,,,,
PC2_track14,pc2,push_neg_x,303,17,0,,999,0,0.336767806168546,0.3367684334516525,2.3459368211062835e-07,0.029863469257852243,6.607333265122769,0.029863469257852243,-0.03532995469868183,,0.002538934350013733,-6.22183243858623e-07,950,0.07544967016024073,0.08855386019655313,0.037742280350912844,,,,,,,,,
PC2_track14,pc2,push_neg_x,303,18,0,,999,0,0.33783956007523974,0.33784008026123047,2.5499313272894386e-07,0.02933497253683462,6.518019477420947,0.02933497253683462,-0.04231606796383858,,-0.0029486417770385742,-3.7738983643883687e-07,950,0.08718606276392837,0.12253102709972603,0.03617644188326924,,,,,,,,,
PC2_track14,pc2,push_neg_x,303,19,0,,999,0,0.32517576273431115,0.32517631351947784,3.1619148458389037e-07,0.0376296332922281,6.837780404190132,0.0376296332922281,-0.004528960911557078,,0.006696328520774841,1.1219697840073529e-07,950,0.0727302695963447,0.08876392117247076,0.044187613547430976,,,,,,,,,
PC2_track14,pc2,push_neg_x,303,20,0,,999,0,0.3112105270598661,0.3112109452486038,4.793870895304144e-07,0.027058738950873018,6.505642990679723,0.027058738950873018,-0.022001873701810837,,0.0017599612474441528,3.059917592747328e-08,950,0.07067911159703313,0.08240538115992747,0.0308776647617993,,,,,,,,,
PC2_track14,pc2,push_neg_x,303,21,0,,999,0,0.3451368282026148,0.3451371341943741,4.691873642212567e-07,0.031548649329041875,6.830134400588828,0.031548649329041875,-0.030793016776442528,,-0.005604073405265808,3.365909352022059e-07,950,0.08801965327150053,0.09724870815537809,0.035643077328991225,,,,,,,,,
PC2_track14,pc2,push_neg_x,303,22,0,,999,0,0.3685646250764316,0.3685652166604996,5.252858534216243e-07,0.03521691394434119,5.174724329685779,0.03521691394434119,0.0464763380587101,,0.004885688424110413,5.048864028033088e-07,950,0.07305744123289215,0.13181563009007774,0.04097873668721684,,,,,,,,,
PC2_track14,pc2,push_neg_x,303,23,0,,999,0,0.363830942122694,0.3638308197259903,-2.396935447652072e-07,0.04165453486523771,4.791936227017535,0.04165453486523771,0.10309123620390892,,0.02029089629650116,-3.569903858205215e-08,950,0.07702040828992451,0.1188165577965839,0.050355109176007225,,,,,,,,,
PC2_track14,pc2,push_neg_x,303,24,0,,999,0,0.35983256621156784,0.35983309149742126,2.447934074197861e-07,0.035896100867533455,5.249875608837183,0.035896100867533455,0.0206029349938035,,0.005877405405044556,-3.4679066051136365e-07,950,0.07928172119765002,0.11015487189850574,0.040982440271431664,,,,,,,,,
PC2_track14,pc2,push_neg_x,303,25,0,,999,0,0.3526313444350493,0.3526317626237869,4.844869521849933e-07,0.03458839678875403,5.55472560047584,0.03458839678875403,0.016339043155312538,,0.007657691836357117,-4.5898763891209865e-08,950,0.07617227169043071,0.12119746975467421,0.03942997191974714,,,,,,,,,
PC2_track14,pc2,push_neg_x,303,26,0,,999,0,0.3545261153722192,0.3545263856649399,4.334883256392046e-07,0.03641091794591357,4.6397918445191415,0.03641091794591357,0.06903412938117981,,0.02047295868396759,1.478960169827875e-07,950,0.0791277060035374,0.14385495670885426,0.04200874118992715,,,,,,,,,
PC2_track14,pc2,push_neg_x,303,27,0,,999,0,0.3397017812983875,0.3397023677825928,7.241804969502005e-07,0.03211470823130235,7.11412307062726,0.03211470823130235,-0.013887654524296522,,0.0026948750019073486,5.0998626545788656e-08,950,0.07629664730284193,0.0886329840281394,0.03859663596166773,,,,,,,,,
PC2_track14,pc2,push_neg_x,303,28,0,,999,0,0.37041275904459114,0.3704128712415695,3.5189052316594254e-07,0.03352021088622763,5.291335056574146,0.03352021088622763,0.03752729296684265,,0.00665910542011261,-2.2949381945604943e-07,950,0.07362529360611475,0.12658080784851902,0.03798716445220021,,,,,,,,,
PC2_track14,pc2,push_neg_x,303,29,0,,999,0,0.37231712369995323,0.37231776118278503,6.425826944769385e-07,0.0331733168715405,4.488162010901293,0.0331733168715405,0.07068952172994614,,0.01563677191734314,1.5299587963736629e-07,950,0.09200985207269327,0.14175466651825339,0.041377627903375284,,,,,,,,,
PC2_track14,pc2,push_neg_x,303,30,0,,999,0,0.34714015752555216,0.3471405655145645,4.232886003300468e-07,0.03206563586278183,5.586149932825631,0.03206563586278183,0.004573184065520763,,0.0010564476251602173,2.600929953835227e-07,950,0.07159767213278319,0.0917262175062956,0.037886552936287725,,,,,,,,,
PC2_track14,pc2,push_neg_x,303,31,0,,999,0,0.3352884973752945,0.33528897166252136,4.13088875020889e-07,0.030218686386302804,6.40630912849406,0.030218686386302804,0.01239384151995182,,-0.0018165111541748047,5.048864028033087e-07,950,0.07211777458255485,0.08745979533476213,0.03502478928475754,,,,,,,,,
PC2_track14,pc2,push_pos_y,101,0,0,,999,0,0.33965378521597955,0.33965396881103516,1.6319560494652408e-07,0.030866810336934593,6.477315758831211,0.030866810336934593,-0.010030318982899189,,0.004143416881561279,2.0399450618315537e-08,950,0.08341382502145042,0.1024171791616265,0.03224253047219949,,,,,,,,,
PC2_track14,pc2,push_pos_y,101,1,0,,999,0,0.3697904343592292,0.369790643453598,2.1419423149231284e-07,0.03144551978639744,4.9137236598154175,0.03144551978639744,0.05103490501642227,,0.0017162561416625977,-3.0599175927473257e-07,950,0.08485690336012922,0.1284949429122756,0.04155254518102904,,,,,,,,,
PC2_track14,pc2,push_pos_y,101,2,0,,999,0,0.3347304348639626,0.33473068475723267,2.1419423149231284e-07,0.03188294293976444,6.083567271145659,0.03188294293976444,-0.011545667424798012,,-0.0005227625370025635,1.9379478087399733e-07,950,0.07102532610953455,0.08998460970141965,0.037264194186524095,,,,,,,,,
PC2_track14,pc2,push_pos_y,101,3,0,,999,0,0.3705580601080216,0.37055855989456177,3.1109162192931147e-07,0.03207276451820762,4.439675849987803,0.03207276451820762,0.0441267266869545,,0.00537446141242981,-9.689739043699868e-08,950,0.07378064918592121,0.13718457698651315,0.03822536714463566,,,,,,,,,
PC2_track14,pc2,push_pos_y,101,4,0,,999,0,0.339693026268546,0.339693158864975,9.179752778241978e-08,0.03934922500173865,5.731536825651842,0.03934922500173865,0.0012253125896677375,,-0.00498160719871521,1.0199725309157754e-07,950,0.09114475911306796,0.12613858264428052,0.04245117753531349,,,,,,,,,
PC2_track14,pc2,push_pos_y,101,5,0,,999,0,0.3677029275001689,0.36770325899124146,2.651928580381016e-07,0.03163636719564771,4.160804681256442,0.03163636719564771,0.11961885169148445,,0.010052680969238281,3.6719011112967913e-07,950,0.08313857759286629,0.10987955850674877,0.04272866072105886,,,,,,,,,
PC2_track14,pc2,push_pos_y,101,6,0,,999,0,0.3708852664990859,0.3708856999874115,2.447934074197861e-07,0.033566087105167106,4.223877174031642,0.033566087105167106,0.04977353475987911,,0.013305753469467163,-3.6719011112967913e-07,950,0.08289378065404641,0.16525010772170423,0.03848560702367625,,,,,,,,,
PC2_track14,pc2,push_pos_y,101,7,0,,999,0,0.3610955353248566,0.36109600961208344,4.589876389120989e-07,0.030836335124731017,5.833327929954859,0.030836335124731017,-0.003577898256480694,,0.008983030915260315,1.937947808739973e-07,950,0.08288648818544476,0.0936261064613512,0.037847448160208935,,,,,,,,,
PC2_track14,pc2,push_pos_y,101,8,0,,999,0,0.36235787619881454,0.3623583912849426,4.232886003300468e-07,0.02990137913545124,4.584408111907344,0.02990137913545124,0.0529630221426487,,0.009854823350906372,-4.844869521849933e-07,950,0.08184754619589626,0.09401321910948816,0.03600411083682279,,,,,,,,,
PC2_track14,pc2,push_pos_y,101,9,0,,999,0,0.3633414911713829,0.3633412718772888,3.977892870571524e-07,0.036090272174604955,5.275386547354417,0.036090272174604955,0.0134447175078094,,0.005474597215652466,1.0199725309157752e-07,950,0.07747092349268006,0.1269632159453275,0.042307545812203855,,,,,,,,,
PC2_track14,pc2,push_pos_y,101,10,0,,999,0,0.32389276964779207,0.3238932490348816,4.0798901236631015e-07,0.03321642285589342,7.021269692205362,0.03321642285589342,-0.009576553478837013,,0.003273576498031616,-3.059917592747328e-08,950,0.06862722907024128,0.08937685608861493,0.03570327901117385,,,,,,,,,
PC2_track14,pc2,push_pos_y,101,11,0,,999,0,0.34284470808059775,0.34284496307373047,1.9379478087399733e-07,0.031117613721625297,6.504043213359131,0.031117613721625297,-0.035036105662584305,,0.001205354928970337,2.039945061831551e-08,950,0.0792898136781663,0.15102305896498264,0.037886327728404307,,,,,,,,,
PC2_track14,pc2,push_pos_y,101,12,0,,999,0,0.3412245747080461,0.34122462570667267,2.447934074197861e-07,0.0287510736718447,6.314130149202024,0.0287510736718447,0.015636220574378967,,0.0010750144720077515,-1.4279615432820854e-07,950,0.06996262769344061,0.08760690316091202,0.03224774966738795,,,,,,,,,
PC2_track14,pc2,push_pos_y,101,13,0,,999,0,0.3557361993082067,0.3557368367910385,1.9379478087399733e-07,0.03194759702261,4.7976086964247315,0.03194759702261,0.0315457247197628,,0.0018634945154190063,-2.753925833472594e-07,950,0.08747833102862482,0.10233260873169998,0.03972160778103486,,,,,,,,,
PC2_track14,pc2,push_pos_y,101,14,0,,999,0,0.35410811038897,0.3541082888841629,1.0199725309157754e-07,0.03189618604880912,5.043544915921068,0.03189618604880912,0.04906206205487251,,0.0033103376626968384,-4.4878791360294117e-07,950,0.08810069438537894,0.09666408358833353,0.03820316021100242,,,,,,,,,
PC2_track14,pc2,push_pos_y,101,15,0,,999,0,0.3600324342913806,0.3600330054759979,3.2129134723846926e-07,0.03292976045127645,5.1562497338587185,0.03292976045127645,0.03463677130639553,,0.0008007586002349854,2.396935447652072e-07,950,0.08240084916451539,0.11272490478533417,0.0433184391020664,,,,,,,,,
PC2_track14,pc2,push_pos_y,101,16,0,,999,0,0.368671607206212,0.36867213249206543,5.456853040399399e-07,0.03697538374066042,4.280985150343111,0.03697538374066042,0.043133677914738655,,0.01979297399520874,-5.558850293490975e-07,950,0.08212465426533241,0.10986763167788204,0.0425014502608192,,,,,,,,,
PC2_track14,pc2,push_pos_y,101,17,0,,999,0,0.3579781241914168,0.35797855257987976,2.3459368211062835e-07,0.035024140829617814,5.56992925888918,0.035024140829617814,0.012974872253835201,,0.004819005727767944,-5.099862654578877e-07,950,0.08160527177882176,0.12462892220366836,0.036970954278004654,,,,,,,,,
PC2_track14,pc2,push_pos_y,101,18,0,,999,0,0.34612942594576646,0.3461296707391739,3.569903858205214e-07,0.035563315926185106,5.012853633903227,0.035563315926185106,0.05728530324995518,,0.017214789986610413,-2.0399450618315537e-08,950,0.07532955360736271,0.1284268877804949,0.0412744055367963,,,,,,,,,
PC2_track14,pc2,push_pos_y,101,19,0,,999,0,0.37016952444206586,0.37017013132572174,4.13088875020889e-07,0.03224231078767691,4.403354542956456,0.03224231078767691,0.07625166699290276,,0.0139380544424057,-4.6408750156667786e-07,950,0.08632999133002346,0.15804093343782996,0.03739825772672162,,,,,,,,,
PC2_track14,pc2,push_pos_y,101,20,0,,999,0,0.3599378397279882,0.35993848741054535,4.946866774941511e-07,0.035860305486019706,5.50833208731016,0.035860305486019706,0.04197669215500355,,0.007938876748085022,6.629821450952545e-08,950,0.06735103977403079,0.14693341803638268,0.04077122666353805,,,,,,,,,
PC2_track14,pc2,push_pos_y,101,21,0,,999,0,0.37009894616782346,0.3700997978448868,5.099862654578877e-07,0.041470263379309244,4.891136447081747,0.041470263379309244,0.07514689117670059,,0.018208518624305725,-3.3659093520220585e-07,950,0.08465798585469288,0.12705974808890697,0.043481121030759455,,,,,,,,,
PC2_track14,pc2,push_pos_y,101,22,0,,999,0,0.343393564861726,0.3433939218521118,2.0399450618315507e-07,0.03547581348303828,5.415276579860706,0.03547581348303828,0.007785059977322817,,0.012800842523574829,3.569903858205214e-07,950,0.07041002633230556,0.08768722026054558,0.04435390083341308,,,,,,,,,
PC2_track14,pc2,push_pos_y,101,23,0,,999,0,0.3678586447940153,0.36785954236984253,4.5388777625752007e-07,0.0396130024414454,4.269189096308578,0.0396130024414454,0.07657329738140106,,0.006875097751617432,2.2949381945604948e-07,950,0.07715317772639875,0.12877391608349525,0.04734651759628936,,,,,,,,,
PC2_track14,pc2,push_pos_y,101,24,0,,999,0,0.33892323451246165,0.3389236629009247,4.028891497117313e-07,0.027374516367787725,6.069891684262284,0.027374516367787725,-0.004949219059199095,,0.0058068931102752686,-2.1929409414689174e-07,950,0.07519032904260782,0.08854137221494568,0.029931644463932428,,,,,,,,,
PC2_track14,pc2,push_pos_y,101,25,0,,999,0,0.33115296798912597,0.3311532586812973,4.793870895304144e-07,0.028344067378157364,7.057274153158767,0.028344067378157364,-0.01009657932445407,,0.008871093392372131,-5.40585441385361e-07,950,0.08103503692543174,0.09466242485888712,0.03226480951486254,,,,,,,,,
PC2_track14,pc2,push_pos_y,101,26,0,,999,0,0.3349397246212883,0.33494043350219727,2.1419423149231284e-07,0.02565473065418139,7.058010041502056,0.02565473065418139,0.001195654273033142,,0.008322983980178833,-1.1219697840073527e-07,950,0.07397255973691735,0.08716492586427102,0.03487203485743643,,,,,,,,,
PC2_track14,pc2,push_pos_y,101,27,0,,999,0,0.33357764382094623,0.33357779681682587,9.689739043699865e-08,0.03772816394421766,6.722878639404388,0.03772816394421766,-0.02604513894766569,,0.0021080225706100464,-5.762844799674132e-07,950,0.07226842482907077,0.08874582428626358,0.04680126784954276,,,,,,,,,
PC2_track14,pc2,push_pos_y,101,28,0,,999,0,0.3418401419957054,0.34184037148952484,3.263912098930481e-07,0.03310667554563382,6.735849804586405,0.03310667554563382,-0.00546879437752068,,0.005716606974601746,-2.4479340741978607e-07,950,0.08632930371173214,0.09667888662653935,0.037287768198845925,,,,,,,,,
PC2_track14,pc2,push_pos_y,101,29,0,,999,0,0.3368879508047818,0.3368883281946182,3.2129134723846926e-07,0.03741511325833327,5.432872050977693,0.03741511325833327,0.04655946046113968,,0.006699725985527039,-6.272831065132018e-07,950,0.08894036998558119,0.09774362801372859,0.03912919978536847,,,,,,,,,
PC2_track14,pc2,push_pos_y,101,30,0,,999,0,0.3711338291034342,0.37113459408283234,5.40585441385361e-07,0.0348979116978147,4.992710980133529,0.0348979116978147,0.06821209192276001,,0.0010238736867904663,2.549931327289439e-07,950,0.0730588990060821,0.11563392254445527,0.04041039289140318,,,,,,,,,
PC2_track14,pc2,push_pos_y,101,31,0,,999,0,0.35440913822880404,0.3544091433286667,9.179752778241978e-08,0.037950929965082626,5.956986428111104,0.037950929965082626,0.025838078930974007,,0.005587324500083923,1.0199725309157754e-07,950,0.08243978770298568,0.12416688481127527,0.04608883906639421,,,,,,,,,
PC2_track14,pc2,push_pos_y,202,0,0,,999,0,0.3277375145073243,0.3277375400066376,3.5189052316594254e-07,0.03165034750387487,6.566663911223136,0.03165034750387487,0.0013461383059620857,,0.007369190454483032,-1.9889464352857615e-07,950,0.08989672376356807,0.09253647854031394,0.03566397786949092,,,,,,,,,
PC2_track14,pc2,push_pos_y,202,1,0,,999,0,0.3433397501547706,0.3433399796485901,2.5499313272894386e-07,0.029728759901035975,5.728239344243063,0.029728759901035975,0.04156790114939213,,0.0011596083641052246,-3.569903858205214e-07,950,0.07071806850531488,0.09234455060272302,0.03689104189257076,,,,,,,,,
PC2_track14,pc2,push_pos_y,202,2,0,,999,0,0.3715259078989692,0.3715261220932007,2.2949381945604948e-07,0.03802497147434574,4.747615378295041,0.03802497147434574,0.05925409123301506,,0.011657804250717163,5.609848920036766e-08,950,0.0742670132092064,0.14984534432407448,0.04277443138002929,,,,,,,,,
PC2_track14,pc2,push_pos_y,202,3,0,,999,0,0.3672408182672001,0.36724093556404114,2.957920339655749e-07,0.030018742510520578,4.533711572296655,0.030018742510520578,0.07099202275276184,,0.000879436731338501,2.0399450618315537e-08,950,0.0881159982491458,0.12660750337745477,0.03745676949786145,,,,,,,,,
PC2_track14,pc2,push_pos_y,202,4,0,,999,0,0.3697688981970364,0.36976926028728485,2.7539258334725935e-07,0.03416247797309521,4.888476280454041,0.03416247797309521,0.05452623404562473,,0.010079756379127502,-5.303857160762032e-07,950,0.07839813742678958,0.11287930165107683,0.043611741860892575,,,,,,,,,
PC2_track14,pc2,push_pos_y,202,5,0,,999,0,0.3532548667912815,0.3532549738883972,4.0798901236631014e-08,0.042055535548724446,4.654735979031132,0.042055535548724446,0.04713390953838825,,0.011892557144165039,3.059917592747326e-07,950,0.08631157104043338,0.11635322366188984,0.04517042942991515,,,,,,,,,
PC2_track14,pc2,push_pos_y,202,6,0,,999,0,0.3270679648547249,0.3270682096481323,1.7339533025568182e-07,0.02625254634428087,7.435107619126901,0.02625254634428087,0.0003812955692410469,,-0.0035059750080108643,1.4279615432820854e-07,950,0.0709338647698591,0.11996409015156913,0.03353722908146671,,,,,,,,,
PC2_track14,pc2,push_pos_y,202,7,0,,999,0,0.36993231819593975,0.3699323385953903,1.0199725309157754e-07,0.02783776025989642,4.152087253025068,0.02783776025989642,0.08602272719144821,,0.005494162440299988,2.5499313272894386e-07,950,0.06712497296243819,0.10951439010168143,0.03584486009909265,,,,,,,,,
PC2_track14,pc2,push_pos_y,202,8,0,,999,0,0.2908007571882105,0.2908010631799698,2.5499313272894386e-07,0.04319576745887219,4.6975973345706254,0.04319576745887219,-0.061156706884503365,,-0.024221226572990417,2.651928580381016e-07,950,0.07959631874356983,0.11879934686092626,0.047179005921964404,,,,,,,,,
PC2_track14,pc2,push_pos_y,202,9,0,,999,0,0.3714680130628341,0.3714679926633835,2.2949381945604948e-07,0.047179414131077374,4.131521698545669,0.047179414131077374,0.07220614701509476,,0.011219576001167297,1.1729684105531419e-07,950,0.07839057890280815,0.12165336555964566,0.04879344961857733,,,,,,,,,
PC2_track14,pc2,push_pos_y,202,10,0,,999,0,0.360374818351817,0.36037519574165344,4.589876389120989e-07,0.03125805365643791,5.2228590845827405,0.03125805365643791,0.05233294330537319,,0.014985710382461548,1.4279615432820854e-07,950,0.07680784280098829,0.1406824718847445,0.03810453199820355,,,,,,,,,
PC2_track14,pc2,push_pos_y,202,11,0,,999,0,0.3389489396530039,0.3389497250318527,7.445799475685161e-07,0.031777591620759146,6.680343468705193,0.031777591620759146,-0.011936674825847149,,0.010808065533638,-4.181887376754679e-07,950,0.06422456997404982,0.08964593151325456,0.03709696491488787,,,,,,,,,
PC2_track14,pc2,push_pos_y,202,12,0,,999,0,0.33017242185890994,0.330172523856163,2.804924460018382e-07,0.03563600808533819,6.679053373933319,0.03563600808533819,-0.018380416557192802,,0.005747631192207336,1.2749656636447188e-07,950,0.0701093593979744,0.09165003340879997,0.04003521479164091,,,,,,,,,
PC2_track14,pc2,push_pos_y,202,13,0,,999,0,0.3627300213046253,0.36273059248924255,3.365909352022059e-07,0.03634355843196958,4.679159122427658,0.03634355843196958,0.024673765525221825,,0.015021026134490967,5.0998626545788815e-08,950,0.08287731310644425,0.12177706299080604,0.041218786497268595,,,,,,,,,
PC2_track14,pc2,push_pos_y,202,14,0,,999,0,0.33107233812464754,0.3310728073120117,1.988946435285762e-07,0.03212486585443334,6.560585906902292,0.03212486585443334,-0.012219401076436043,,-0.005662143230438232,-1.7849519291026072e-07,950,0.07342907335622198,0.10842589239762629,0.03787662372079327,,,,,,,,,
PC2_track14,pc2,push_pos_y,202,15,0,,999,0,0.33339949454215756,0.3333996832370758,2.396935447652072e-07,0.02565092766610736,6.214303242155728,0.02565092766610736,-0.036923157051205635,,0.002631574869155884,-5.099862654578897e-09,950,0.07720125288444979,0.10882832101422327,0.030664975079516425,,,,,,,,,
PC2_track14,pc2,push_pos_y,202,16,0,,999,0,0.3657222287380759,0.3657224327325821,6.527824197860963e-07,0.03716243681342732,5.217196328218751,0.03716243681342732,0.05599728599190712,,0.011694028973579407,3.9778928705715246e-07,950,0.06530144226078452,0.0974767532518028,0.043732939199609064,,,,,,,,,
PC2_track14,pc2,push_pos_y,202,17,0,,999,0,0.34356826990045963,0.3435688614845276,3.059917592747326e-07,0.030281874533011937,5.765688431692662,0.030281874533011937,-0.0020447103306651115,,-0.00808107852935791,2.447934074197861e-07,950,0.08389277233420357,0.14414486561111334,0.036765047344266284,,,,,,,,,
PC2_track14,pc2,push_pos_y,202,18,0,,999,0,0.36016368427697354,0.3601638525724411,2.447934074197861e-07,0.03259377461788708,5.0620105622774725,0.03259377461788708,0.08455315232276917,,0.015805140137672424,8.159780247326207e-08,950,0.08026074014684001,0.14379696007354992,0.03621195312788882,,,,,,,,,
PC2_track14,pc2,push_pos_y,202,19,0,,999,0,0.36840218584486506,0.36840303242206573,5.456853040399399e-07,0.028717871158772636,4.877162785231013,0.028717871158772636,0.05177721381187439,,0.011942341923713684,-1.0709711574615632e-07,950,0.07153067842349657,0.12956124042475642,0.03542659191869474,,,,,,,,,
PC2_track14,pc2,push_pos_y,202,20,0,,999,0,0.2740566729702414,0.2740568667650223,7.139807716410427e-08,0.0303159408421911,4.894487451779559,0.0303159408421911,-0.043682800605893135,,-0.026380613446235657,6.119835185494652e-08,950,0.06702414238170462,0.09011038207586712,0.037804126250375214,,,,,,,,,
PC2_track14,pc2,push_pos_y,202,21,0,,999,0,0.3555764663506319,0.3555770069360733,3.773898364388369e-07,0.036836617877436334,5.42955187598529,0.036836617877436334,0.04168806970119476,,0.007952257990837097,2.3459368211062838e-07,950,0.08307883804001223,0.12021471433498054,0.046650222341049236,,,,,,,,,
PC2_track14,pc2,push_pos_y,202,22,0,,999,0,0.35176207499708084,0.3517625033855438,2.7539258334725935e-07,0.027740077310618554,5.377437951701303,0.027740077310618554,0.027491338551044464,,0.016314536333084106,1.0199725309157742e-08,950,0.08568011199314736,0.1080355168076588,0.03296754352750085,,,,,,,,,
PC2_track14,pc2,push_pos_y,202,23,0,,999,0,0.33588916150962606,0.33588989078998566,7.190806342956217e-07,0.03152643014747722,5.6965511490482506,0.03152643014747722,0.00201649172231555,,0.005872651934623718,-5.35485578730782e-07,950,0.06973829259083744,0.0901005395346678,0.03517548275688747,,,,,,,,,
PC2_track14,pc2,push_pos_y,202,24,0,,999,0,0.3726097489582664,0.3726099580526352,2.651928580381016e-07,0.033685788972878966,4.416578681090844,0.033685788972878966,0.028156980872154236,,0.006225988268852234,-1.2239670370989306e-07,950,0.07880553083988573,0.13235252217764348,0.03694287536319141,,,,,,,,,
PC2_track14,pc2,push_pos_y,202,25,0,,999,0,0.32850285248960404,0.328503280878067,4.4368805094836227e-07,0.02794435389532987,6.792953001342017,0.02794435389532987,0.0012610972044058144,,0.0014630556106567383,2.549931327289438e-08,950,0.0709458351638875,0.08982961379380427,0.03309636217441892,,,,,,,,,
PC2_track14,pc2,push_pos_y,202,26,0,,999,0,0.37382104873338484,0.37382109463214874,1.8869491821941846e-07,0.03602412247893634,4.064522442377661,0.03602412247893634,0.08124976232647896,,0.008803829550743103,-1.5809574229194518e-07,950,0.08286192521582265,0.10547117802483864,0.04152931223249848,,,,,,,,,
PC2_track14,pc2,push_pos_y,202,27,0,,999,0,0.32568847965747916,0.3256887346506119,3.31491072547627e-07,0.03641899231939096,6.803338094997407,0.03641899231939096,-0.02655798476189375,,0.008657440543174744,-3.0089189662015373e-07,950,0.07718268332515694,0.13478746154162746,0.04209758810007629,,,,,,,,,
PC2_track14,pc2,push_pos_y,202,28,0,,999,0,0.3490525414758825,0.34905318915843964,5.303857160762032e-07,0.034173713659516436,5.940802794383356,0.034173713659516436,0.022618492133915424,,8.811056613922119e-05,2.0399450618315484e-08,950,0.07826836196998377,0.12331825654057302,0.038372894870834326,,,,,,,,,
PC2_track14,pc2,push_pos_y,202,29,0,,999,0,0.3655924656015029,0.36559338867664337,8.669766512784091e-07,0.034485287079186196,4.447523136820392,0.034485287079186196,0.08009591698646545,,0.015512809157371521,-4.079890123663102e-07,950,0.07319852750561212,0.1416145144164575,0.039167674915542315,,,,,,,,,
PC2_track14,pc2,push_pos_y,202,30,0,,999,0,0.33413783138129804,0.33413805067539215,1.4279615432820854e-07,0.03234522764214687,6.941953738573503,0.03234522764214687,-0.028739988803863525,,-0.0073207467794418335,-4.589876389120989e-07,950,0.08173783216382849,0.08867433167722043,0.036804513190505136,,,,,,,,,
PC2_track14,pc2,push_pos_y,202,31,0,,999,0,0.34325680128712066,0.34325699508190155,2.5499313272894386e-07,0.03331381400919527,5.067784761111659,0.03331381400919527,0.01857812236994505,,0.011505350470542908,1.7339533025568182e-07,950,0.07482695797266338,0.09025694854721404,0.03782937383501916,,,,,,,,,
PC2_track14,pc2,push_pos_y,303,0,0,,999,0,0.36155442845693886,0.3615546375513077,3.5189052316594254e-07,0.04603888228897983,5.704564655104589,0.04603888228897983,-0.015021098777651787,,0.006142720580101013,-5.354855787307821e-07,950,0.07990938730351452,0.14048808486597206,0.048428771998923884,,,,,,,,,
PC2_track14,pc2,push_pos_y,303,1,0,,999,0,0.3454468503674084,0.34544721245765686,2.0909436883773395e-07,0.03591605043845455,5.488040334997343,0.03591605043845455,0.02287452667951584,,0.0037311017513275146,1.1729684105531416e-07,950,0.10200677171125172,0.10139752580627427,0.04009946219016239,,,,,,,,,
PC2_track14,pc2,push_pos_y,303,2,0,,999,0,0.3483211578213595,0.34832122921943665,8.159780247326203e-08,0.04215192912221016,6.601368369151473,0.04215192912221016,-0.01792324148118496,,0.007028102874755859,-4.079890123663102e-07,950,0.08760739145795218,0.11771363088896541,0.04728315692124474,,,,,,,,,
PC2_track14,pc2,push_pos_y,303,3,0,,999,0,0.3618314479761583,0.3618319630622864,5.40585441385361e-07,0.035656065495272685,4.974602391686067,0.035656065495272685,0.05957287177443504,,0.014533072710037231,-4.997865401487298e-07,950,0.08109840658975587,0.12257133757460423,0.04167570233728422,,,,,,,,,
PC2_track14,pc2,push_pos_y,303,4,0,,999,0,0.3737674553126575,0.37376803159713745,5.660847546582553e-07,0.03500927852918706,4.003981319578539,0.03500927852918706,0.08257364109158516,,0.015729576349258423,4.5898763891209865e-08,950,0.07303395697602028,0.10978867666007507,0.04047453953589383,,,,,,,,,
PC2_track14,pc2,push_pos_y,303,5,0,,999,0,0.36218711558510275,0.36218756437301636,6.119835185494653e-07,0.02736861668500084,5.30526253758205,0.02736861668500084,0.036066923290491104,,-0.0005122721195220947,-1.22396703709893e-07,950,0.07905353547476278,0.11749777086625277,0.03562417336161977,,,,,,,,,
PC2_track14,pc2,push_pos_y,303,6,0,,999,0,0.36847804566436915,0.3684789687395096,5.048864028033088e-07,0.027164093943711706,4.5859488656651735,0.027164093943711706,0.03209644928574562,,0.006687745451927185,-9.689739043699863e-08,950,0.07481642913279796,0.12057795797551041,0.03498452463263571,,,,,,,,,
PC2_track14,pc2,push_pos_y,303,7,0,,999,0,0.35245433903951695,0.352454736828804,5.915840679311498e-07,0.03696928822160318,6.191501391885103,0.03696928822160318,-0.00810825452208519,,0.0044902414083480835,1.1219697840073532e-07,950,0.08238723807417896,0.08849548770935449,0.04242641028726177,,,,,,,,,
PC2_track14,pc2,push_pos_y,303,8,0,,999,0,0.35544961507626394,0.35545025765895844,4.589876389120989e-07,0.03598671492074897,5.513897333624147,0.03598671492074897,0.05086431838572025,,0.007093682885169983,3.0599175927473226e-08,950,0.07566287673745141,0.1284582559389911,0.04034877269733855,,,,,,,,,
PC2_track14,pc2,push_pos_y,303,9,0,,999,0,0.3538243933954341,0.353824719786644,3.977892870571524e-07,0.03179155135443194,5.602625981146019,0.03179155135443194,0.031303645111620426,,0.016266867518424988,-2.0399450618315505e-07,950,0.07135470339887667,0.09307342899069852,0.03629652283265941,,,,,,,,,
PC2_track14,pc2,push_pos_y,303,10,0,,999,0,0.34330574403153385,0.343306228518486,4.895868148395722e-07,0.03405447658672732,7.049681195930315,0.03405447658672732,0.007314110174775124,,-0.0021434277296066284,1.8359505556483962e-07,950,0.06506126015516218,0.09371952689604693,0.03735337213419533,,,,,,,,,
PC2_track14,pc2,push_pos_y,303,11,0,,999,0,0.3520559885285117,0.35205668210983276,3.773898364388369e-07,0.03238098297104862,5.469756118813981,0.03238098297104862,0.03522505797445774,,0.011614412069320679,-2.0399450618315484e-08,950,0.07889372136066619,0.09502609374424731,0.03774316948065976,,,,,,,,,
PC2_track14,pc2,push_pos_y,303,12,0,,999,0,0.35489754099896886,0.3548976480960846,1.988946435285762e-07,0.03709952744470308,5.357249749782824,0.03709952744470308,-0.03632832691073418,,0.0019595324993133545,4.589876389120989e-08,950,0.07288003659777023,0.1136415749097814,0.04055154463793546,,,,,,,,,
PC2_track14,pc2,push_pos_y,303,13,0,,999,0,0.3605632256059086,0.36056333780288696,4.4368805094836227e-07,0.03044056753594477,5.005895364157826,0.03044056753594477,0.03393351286649704,,0.011073917150497437,-3.6209024847510034e-07,950,0.07904751677655085,0.13893048249268067,0.03611343543151824,,,,,,,,,
PC2_track14,pc2,push_pos_y,303,14,0,,999,0,0.2776376521364253,0.2776379734277725,3.7228997378425803e-07,0.032964173349842626,4.7891291842566375,0.032964173349842626,-0.016215285286307335,,-0.019120022654533386,-1.8869491821941846e-07,950,0.08128533148841473,0.11126591794656605,0.04124317528553686,,,,,,,,,
PC2_track14,pc2,push_pos_y,303,15,0,,999,0,0.37423622679901636,0.3742363899946213,3.1619148458389037e-07,0.02797324944670055,4.764975357604067,0.02797324944670055,0.06649896502494812,,0.007952585816383362,-2.549931327289438e-07,950,0.07766561968047234,0.12659022514284493,0.03455702206480679,,,,,,,,,
PC2_track14,pc2,push_pos_y,303,16,0,,999,0,0.35782204456826583,0.35782285034656525,3.2129134723846926e-07,0.03710437572418178,5.107969229247242,0.03710437572418178,0.04308226890861988,,0.011222049593925476,-3.824896990934157e-07,950,0.08185058564829771,0.11404879225738028,0.04589111999458001,,,,,,,,,
PC2_track14,pc2,push_pos_y,303,17,0,,999,0,0.336767806168546,0.3367684334516525,2.3459368211062835e-07,0.029863469257852243,6.607333265122769,0.029863469257852243,-0.03532995469868183,,0.002538934350013733,-6.22183243858623e-07,950,0.06596213605976567,0.08938676710258125,0.037742280350912844,,,,,,,,,
PC2_track14,pc2,push_pos_y,303,18,0,,999,0,0.33783956007523974,0.33784008026123047,2.5499313272894386e-07,0.02933497253683462,6.518019477420947,0.02933497253683462,-0.04231606796383858,,-0.0029486417770385742,-3.7738983643883687e-07,950,0.06926523481045234,0.09001936743857833,0.03617644188326924,,,,,,,,,
PC2_track14,pc2,push_pos_y,303,19,0,,999,0,0.32517576273431115,0.32517631351947784,3.1619148458389037e-07,0.0376296332922281,6.837780404190132,0.0376296332922281,-0.004528960911557078,,0.006696328520774841,1.1219697840073529e-07,950,0.07464591032668762,0.1315522942143816,0.044187613547430976,,,,,,,,,
PC2_track14,pc2,push_pos_y,303,20,0,,999,0,0.3112105270598661,0.3112109452486038,4.793870895304144e-07,0.027058738950873018,6.505642990679723,0.027058738950873018,-0.022001873701810837,,0.0017599612474441528,3.059917592747328e-08,950,0.07641228265700604,0.08069894210480599,0.0308776647617993,,,,,,,,,
PC2_track14,pc2,push_pos_y,303,21,0,,999,0,0.3451368282026148,0.3451371341943741,4.691873642212567e-07,0.031548649329041875,6.830134400588828,0.031548649329041875,-0.030793016776442528,,-0.005604073405265808,3.365909352022059e-07,950,0.079171731234214,0.09135783247336408,0.035643077328991225,,,,,,,,,
PC2_track14,pc2,push_pos_y,303,22,0,,999,0,0.3685646250764316,0.3685652166604996,5.252858534216243e-07,0.03521691394434119,5.174724329685779,0.03521691394434119,0.0464763380587101,,0.004885688424110413,5.048864028033088e-07,950,0.07404841432947776,0.12675428367056765,0.04097873668721684,,,,,,,,,
PC2_track14,pc2,push_pos_y,303,23,0,,999,0,0.363830942122694,0.3638308197259903,-2.396935447652072e-07,0.04165453486523771,4.791936227017535,0.04165453486523771,0.10309123620390892,,0.02029089629650116,-3.569903858205215e-08,950,0.08343114192588473,0.10476635180722883,0.050355109176007225,,,,,,,,,
PC2_track14,pc2,push_pos_y,303,24,0,,999,0,0.35983256621156784,0.35983309149742126,2.447934074197861e-07,0.035896100867533455,5.249875608837183,0.035896100867533455,0.0206029349938035,,0.005877405405044556,-3.4679066051136365e-07,950,0.09032301830695161,0.13587744129033016,0.040982440271431664,,,,,,,,,
PC2_track14,pc2,push_pos_y,303,25,0,,999,0,0.3526313444350493,0.3526317626237869,4.844869521849933e-07,0.03458839678875403,5.55472560047584,0.03458839678875403,0.016339043155312538,,0.007657691836357117,-4.5898763891209865e-08,950,0.06649016959613469,0.09683147490677126,0.03942997191974714,,,,,,,,,
PC2_track14,pc2,push_pos_y,303,26,0,,999,0,0.3545261153722192,0.3545263856649399,4.334883256392046e-07,0.03641091794591357,4.6397918445191415,0.03641091794591357,0.06903412938117981,,0.02047295868396759,1.478960169827875e-07,950,0.07621536029447763,0.11931403374366673,0.04200874118992715,,,,,,,,,
PC2_track14,pc2,push_pos_y,303,27,0,,999,0,0.3397017812983875,0.3397023677825928,7.241804969502005e-07,0.03211470823130235,7.11412307062726,0.03211470823130235,-0.013887654524296522,,0.0026948750019073486,5.0998626545788656e-08,950,0.08145488279836632,0.0876394284321207,0.03859663596166773,,,,,,,,,
PC2_track14,pc2,push_pos_y,303,28,0,,999,0,0.37041275904459114,0.3704128712415695,3.5189052316594254e-07,0.03352021088622763,5.291335056574146,0.03352021088622763,0.03752729296684265,,0.00665910542011261,-2.2949381945604943e-07,950,0.07657398520786934,0.15207960835926548,0.03798716445220021,,,,,,,,,
PC2_track14,pc2,push_pos_y,303,29,0,,999,0,0.37231712369995323,0.37231776118278503,6.425826944769385e-07,0.0331733168715405,4.488162010901293,0.0331733168715405,0.07068952172994614,,0.01563677191734314,1.5299587963736629e-07,950,0.07084054891652541,0.10587272455137083,0.041377627903375284,,,,,,,,,
PC2_track14,pc2,push_pos_y,303,30,0,,999,0,0.34714015752555216,0.3471405655145645,4.232886003300468e-07,0.03206563586278183,5.586149932825631,0.03206563586278183,0.004573184065520763,,0.0010564476251602173,2.600929953835227e-07,950,0.0794783095889971,0.1426729245780482,0.037886552936287725,,,,,,,,,
PC2_track14,pc2,push_pos_y,303,31,0,,999,0,0.3352884973752945,0.33528897166252136,4.13088875020889e-07,0.030218686386302804,6.40630912849406,0.030218686386302804,0.01239384151995182,,-0.0018165111541748047,5.048864028033087e-07,950,0.06903526857798499,0.08788610316125633,0.03502478928475754,,,,,,,,,
PC2_track14,pc2,push_neg_y,101,0,0,,999,0,0.33965378521597955,0.33965396881103516,1.6319560494652408e-07,0.030866810336934593,6.477315758831211,0.030866810336934593,-0.010030318982899189,,0.004143416881561279,2.0399450618315537e-08,950,0.07398008321316749,0.09389017387667341,0.03224253047219949,,,,,,,,,
PC2_track14,pc2,push_neg_y,101,1,0,,999,0,0.3697904343592292,0.369790643453598,2.1419423149231284e-07,0.03144551978639744,4.9137236598154175,0.03144551978639744,0.05103490501642227,,0.0017162561416625977,-3.0599175927473257e-07,950,0.07471613332473664,0.12665274379691993,0.04155254518102904,,,,,,,,,
PC2_track14,pc2,push_neg_y,101,2,0,,999,0,0.3347304348639626,0.33473068475723267,2.1419423149231284e-07,0.03188294293976444,6.083567271145659,0.03188294293976444,-0.011545667424798012,,-0.0005227625370025635,1.9379478087399733e-07,950,0.07978532334544033,0.15751595675961105,0.037264194186524095,,,,,,,,,
PC2_track14,pc2,push_neg_y,101,3,0,,999,0,0.3705580601080216,0.37055855989456177,3.1109162192931147e-07,0.03207276451820762,4.439675849987803,0.03207276451820762,0.0441267266869545,,0.00537446141242981,-9.689739043699868e-08,950,0.08003924280537526,0.10041113798650442,0.03822536714463566,,,,,,,,,
PC2_track14,pc2,push_neg_y,101,4,0,,999,0,0.339693026268546,0.339693158864975,9.179752778241978e-08,0.03934922500173865,5.731536825651842,0.03934922500173865,0.0012253125896677375,,-0.00498160719871521,1.0199725309157754e-07,950,0.09230832626350817,0.11965833006409218,0.04245117753531349,,,,,,,,,
PC2_track14,pc2,push_neg_y,101,5,0,,999,0,0.3677029275001689,0.36770325899124146,2.651928580381016e-07,0.03163636719564771,4.160804681256442,0.03163636719564771,0.11961885169148445,,0.010052680969238281,3.6719011112967913e-07,950,0.08141931879102612,0.14778860109846292,0.04272866072105886,,,,,,,,,
PC2_track14,pc2,push_neg_y,101,6,0,,999,0,0.3708852664990859,0.3708856999874115,2.447934074197861e-07,0.033566087105167106,4.223877174031642,0.033566087105167106,0.04977353475987911,,0.013305753469467163,-3.6719011112967913e-07,950,0.08709743031338407,0.138692789644472,0.03848560702367625,,,,,,,,,
PC2_track14,pc2,push_neg_y,101,7,0,,999,0,0.3610955353248566,0.36109600961208344,4.589876389120989e-07,0.030836335124731017,5.833327929954859,0.030836335124731017,-0.003577898256480694,,0.008983030915260315,1.937947808739973e-07,950,0.0816627266101093,0.14316798453854235,0.037847448160208935,,,,,,,,,
PC2_track14,pc2,push_neg_y,101,8,0,,999,0,0.36235787619881454,0.3623583912849426,4.232886003300468e-07,0.02990137913545124,4.584408111907344,0.02990137913545124,0.0529630221426487,,0.009854823350906372,-4.844869521849933e-07,950,0.0672962948262056,0.10802891743237536,0.03600411083682279,,,,,,,,,
PC2_track14,pc2,push_neg_y,101,9,0,,999,0,0.3633414911713829,0.3633412718772888,3.977892870571524e-07,0.036090272174604955,5.275386547354417,0.036090272174604955,0.0134447175078094,,0.005474597215652466,1.0199725309157752e-07,950,0.07683596748688559,0.13725574060471202,0.042307545812203855,,,,,,,,,
PC2_track14,pc2,push_neg_y,101,10,0,,999,0,0.32389276964779207,0.3238932490348816,4.0798901236631015e-07,0.03321642285589342,7.021269692205362,0.03321642285589342,-0.009576553478837013,,0.003273576498031616,-3.059917592747328e-08,950,0.07754374158255208,0.09671577815533018,0.03570327901117385,,,,,,,,,
PC2_track14,pc2,push_neg_y,101,11,0,,999,0,0.34284470808059775,0.34284496307373047,1.9379478087399733e-07,0.031117613721625297,6.504043213359131,0.031117613721625297,-0.035036105662584305,,0.001205354928970337,2.039945061831551e-08,950,0.07614444003548554,0.09174256692327397,0.037886327728404307,,,,,,,,,
PC2_track14,pc2,push_neg_y,101,12,0,,999,0,0.3412245747080461,0.34122462570667267,2.447934074197861e-07,0.0287510736718447,6.314130149202024,0.0287510736718447,0.015636220574378967,,0.0010750144720077515,-1.4279615432820854e-07,950,0.08953081920424309,0.12099222309932299,0.03224774966738795,,,,,,,,,
PC2_track14,pc2,push_neg_y,101,13,0,,999,0,0.3557361993082067,0.3557368367910385,1.9379478087399733e-07,0.03194759702261,4.7976086964247315,0.03194759702261,0.0315457247197628,,0.0018634945154190063,-2.753925833472594e-07,950,0.0778041541300736,0.16190098084805074,0.03972160778103486,,,,,,,,,
PC2_track14,pc2,push_neg_y,101,14,0,,999,0,0.35410811038897,0.3541082888841629,1.0199725309157754e-07,0.03189618604880912,5.043544915921068,0.03189618604880912,0.04906206205487251,,0.0033103376626968384,-4.4878791360294117e-07,950,0.06995440758720019,0.1295757725463206,0.03820316021100242,,,,,,,,,
PC2_track14,pc2,push_neg_y,101,15,0,,999,0,0.3600324342913806,0.3600330054759979,3.2129134723846926e-07,0.03292976045127645,5.1562497338587185,0.03292976045127645,0.03463677130639553,,0.0008007586002349854,2.396935447652072e-07,950,0.07377266579000603,0.11140415322553192,0.0433184391020664,,,,,,,,,
PC2_track14,pc2,push_neg_y,101,16,0,,999,0,0.368671607206212,0.36867213249206543,5.456853040399399e-07,0.03697538374066042,4.280985150343111,0.03697538374066042,0.043133677914738655,,0.01979297399520874,-5.558850293490975e-07,950,0.07478546219062643,0.11557610388111209,0.0425014502608192,,,,,,,,,
PC2_track14,pc2,push_neg_y,101,17,0,,999,0,0.3579781241914168,0.35797855257987976,2.3459368211062835e-07,0.035024140829617814,5.56992925888918,0.035024140829617814,0.012974872253835201,,0.004819005727767944,-5.099862654578877e-07,950,0.08151066148304148,0.11728139014390844,0.036970954278004654,,,,,,,,,
PC2_track14,pc2,push_neg_y,101,18,0,,999,0,0.34612942594576646,0.3461296707391739,3.569903858205214e-07,0.035563315926185106,5.012853633903227,0.035563315926185106,0.05728530324995518,,0.017214789986610413,-2.0399450618315537e-08,950,0.09553523234673715,0.11390650788468074,0.0412744055367963,,,,,,,,,
PC2_track14,pc2,push_neg_y,101,19,0,,999,0,0.37016952444206586,0.37017013132572174,4.13088875020889e-07,0.03224231078767691,4.403354542956456,0.03224231078767691,0.07625166699290276,,0.0139380544424057,-4.6408750156667786e-07,950,0.08888112947876023,0.14396728749243554,0.03739825772672162,,,,,,,,,
PC2_track14,pc2,push_neg_y,101,20,0,,999,0,0.3599378397279882,0.35993848741054535,4.946866774941511e-07,0.035860305486019706,5.50833208731016,0.035860305486019706,0.04197669215500355,,0.007938876748085022,6.629821450952545e-08,950,0.08173364365973194,0.09905310611651819,0.04077122666353805,,,,,,,,,
PC2_track14,pc2,push_neg_y,101,21,0,,999,0,0.37009894616782346,0.3700997978448868,5.099862654578877e-07,0.041470263379309244,4.891136447081747,0.041470263379309244,0.07514689117670059,,0.018208518624305725,-3.3659093520220585e-07,950,0.07999868945478067,0.16041300973778647,0.043481121030759455,,,,,,,,,
PC2_track14,pc2,push_neg_y,101,22,0,,999,0,0.343393564861726,0.3433939218521118,2.0399450618315507e-07,0.03547581348303828,5.415276579860706,0.03547581348303828,0.007785059977322817,,0.012800842523574829,3.569903858205214e-07,950,0.11096826090232095,0.15494467795637226,0.04435390083341308,,,,,,,,,
PC2_track14,pc2,push_neg_y,101,23,0,,999,0,0.3678586447940153,0.36785954236984253,4.5388777625752007e-07,0.0396130024414454,4.269189096308578,0.0396130024414454,0.07657329738140106,,0.006875097751617432,2.2949381945604948e-07,950,0.09030535379153208,0.1538289607322274,0.04734651759628936,,,,,,,,,
PC2_track14,pc2,push_neg_y,101,24,0,,999,0,0.33892323451246165,0.3389236629009247,4.028891497117313e-07,0.027374516367787725,6.069891684262284,0.027374516367787725,-0.004949219059199095,,0.0058068931102752686,-2.1929409414689174e-07,950,0.07880382242713599,0.11659649801664596,0.029931644463932428,,,,,,,,,
PC2_track14,pc2,push_neg_y,101,25,0,,999,0,0.33115296798912597,0.3311532586812973,4.793870895304144e-07,0.028344067378157364,7.057274153158767,0.028344067378157364,-0.01009657932445407,,0.008871093392372131,-5.40585441385361e-07,950,0.07054783132381004,0.08685880967798211,0.03226480951486254,,,,,,,,,
PC2_track14,pc2,push_neg_y,101,26,0,,999,0,0.3349397246212883,0.33494043350219727,2.1419423149231284e-07,0.02565473065418139,7.058010041502056,0.02565473065418139,0.001195654273033142,,0.008322983980178833,-1.1219697840073527e-07,950,0.07107278675800366,0.08770075321605908,0.03487203485743643,,,,,,,,,
PC2_track14,pc2,push_neg_y,101,27,0,,999,0,0.33357764382094623,0.33357779681682587,9.689739043699865e-08,0.03772816394421766,6.722878639404388,0.03772816394421766,-0.02604513894766569,,0.0021080225706100464,-5.762844799674132e-07,950,0.08639570556717588,0.12002688574926972,0.04680126784954276,,,,,,,,,
PC2_track14,pc2,push_neg_y,101,28,0,,999,0,0.3418401419957054,0.34184037148952484,3.263912098930481e-07,0.03310667554563382,6.735849804586405,0.03310667554563382,-0.00546879437752068,,0.005716606974601746,-2.4479340741978607e-07,950,0.08038273961531338,0.08770237230199257,0.037287768198845925,,,,,,,,,
PC2_track14,pc2,push_neg_y,101,29,0,,999,0,0.3368879508047818,0.3368883281946182,3.2129134723846926e-07,0.03741511325833327,5.432872050977693,0.03741511325833327,0.04655946046113968,,0.006699725985527039,-6.272831065132018e-07,950,0.07474059856162617,0.10620972261005758,0.03912919978536847,,,,,,,,,
PC2_track14,pc2,push_neg_y,101,30,0,,999,0,0.3711338291034342,0.37113459408283234,5.40585441385361e-07,0.0348979116978147,4.992710980133529,0.0348979116978147,0.06821209192276001,,0.0010238736867904663,2.549931327289439e-07,950,0.08402727620286389,0.11517629105087727,0.04041039289140318,,,,,,,,,
PC2_track14,pc2,push_neg_y,101,31,0,,999,0,0.35440913822880404,0.3544091433286667,9.179752778241978e-08,0.037950929965082626,5.956986428111104,0.037950929965082626,0.025838078930974007,,0.005587324500083923,1.0199725309157754e-07,950,0.07836016383312432,0.12389086269106045,0.04608883906639421,,,,,,,,,
PC2_track14,pc2,push_neg_y,202,0,0,,999,0,0.3277375145073243,0.3277375400066376,3.5189052316594254e-07,0.03165034750387487,6.566663911223136,0.03165034750387487,0.0013461383059620857,,0.007369190454483032,-1.9889464352857615e-07,950,0.07440628076036844,0.08134469020640635,0.03566397786949092,,,,,,,,,
PC2_track14,pc2,push_neg_y,202,1,0,,999,0,0.3433397501547706,0.3433399796485901,2.5499313272894386e-07,0.029728759901035975,5.728239344243063,0.029728759901035975,0.04156790114939213,,0.0011596083641052246,-3.569903858205214e-07,950,0.0757864288624521,0.0969883484461717,0.03689104189257076,,,,,,,,,
PC2_track14,pc2,push_neg_y,202,2,0,,999,0,0.3715259078989692,0.3715261220932007,2.2949381945604948e-07,0.03802497147434574,4.747615378295041,0.03802497147434574,0.05925409123301506,,0.011657804250717163,5.609848920036766e-08,950,0.08125388076424953,0.09551549229483866,0.04277443138002929,,,,,,,,,
PC2_track14,pc2,push_neg_y,202,3,0,,999,0,0.3672408182672001,0.36724093556404114,2.957920339655749e-07,0.030018742510520578,4.533711572296655,0.030018742510520578,0.07099202275276184,,0.000879436731338501,2.0399450618315537e-08,950,0.08197809121272963,0.15110254222959107,0.03745676949786145,,,,,,,,,
PC2_track14,pc2,push_neg_y,202,4,0,,999,0,0.3697688981970364,0.36976926028728485,2.7539258334725935e-07,0.03416247797309521,4.888476280454041,0.03416247797309521,0.05452623404562473,,0.010079756379127502,-5.303857160762032e-07,950,0.08299955992732214,0.1269708500721299,0.043611741860892575,,,,,,,,,
PC2_track14,pc2,push_neg_y,202,5,0,,999,0,0.3532548667912815,0.3532549738883972,4.0798901236631014e-08,0.042055535548724446,4.654735979031132,0.042055535548724446,0.04713390953838825,,0.011892557144165039,3.059917592747326e-07,950,0.07958760428162581,0.12240809239520285,0.04517042942991515,,,,,,,,,
PC2_track14,pc2,push_neg_y,202,6,0,,999,0,0.3270679648547249,0.3270682096481323,1.7339533025568182e-07,0.02625254634428087,7.435107619126901,0.02625254634428087,0.0003812955692410469,,-0.0035059750080108643,1.4279615432820854e-07,950,0.06843597641822376,0.09214309453503307,0.03353722908146671,,,,,,,,,
PC2_track14,pc2,push_neg_y,202,7,0,,999,0,0.36993231819593975,0.3699323385953903,1.0199725309157754e-07,0.02783776025989642,4.152087253025068,0.02783776025989642,0.08602272719144821,,0.005494162440299988,2.5499313272894386e-07,950,0.0800369413011945,0.10521857798487992,0.03584486009909265,,,,,,,,,
PC2_track14,pc2,push_neg_y,202,8,0,,999,0,0.2908007571882105,0.2908010631799698,2.5499313272894386e-07,0.04319576745887219,4.6975973345706254,0.04319576745887219,-0.061156706884503365,,-0.024221226572990417,2.651928580381016e-07,950,0.0750300345520632,0.097890238160887,0.047179005921964404,,,,,,,,,
PC2_track14,pc2,push_neg_y,202,9,0,,999,0,0.3714680130628341,0.3714679926633835,2.2949381945604948e-07,0.047179414131077374,4.131521698545669,0.047179414131077374,0.07220614701509476,,0.011219576001167297,1.1729684105531419e-07,950,0.08525681899995495,0.12014349244767668,0.04879344961857733,,,,,,,,,
PC2_track14,pc2,push_neg_y,202,10,0,,999,0,0.360374818351817,0.36037519574165344,4.589876389120989e-07,0.03125805365643791,5.2228590845827405,0.03125805365643791,0.05233294330537319,,0.014985710382461548,1.4279615432820854e-07,950,0.08344839888675673,0.10242453328582037,0.03810453199820355,,,,,,,,,
PC2_track14,pc2,push_neg_y,202,11,0,,999,0,0.3389489396530039,0.3389497250318527,7.445799475685161e-07,0.031777591620759146,6.680343468705193,0.031777591620759146,-0.011936674825847149,,0.010808065533638,-4.181887376754679e-07,950,0.07603912868707431,0.09215774673954033,0.03709696491488787,,,,,,,,,
PC2_track14,pc2,push_neg_y,202,12,0,,999,0,0.33017242185890994,0.330172523856163,2.804924460018382e-07,0.03563600808533819,6.679053373933319,0.03563600808533819,-0.018380416557192802,,0.005747631192207336,1.2749656636447188e-07,950,0.06835188753238196,0.09230472085703777,0.04003521479164091,,,,,,,,,
PC2_track14,pc2,push_neg_y,202,13,0,,999,0,0.3627300213046253,0.36273059248924255,3.365909352022059e-07,0.03634355843196958,4.679159122427658,0.03634355843196958,0.024673765525221825,,0.015021026134490967,5.0998626545788815e-08,950,0.076545021274006,0.1294965070189511,0.041218786497268595,,,,,,,,,
PC2_track14,pc2,push_neg_y,202,14,0,,999,0,0.33107233812464754,0.3310728073120117,1.988946435285762e-07,0.03212486585443334,6.560585906902292,0.03212486585443334,-0.012219401076436043,,-0.005662143230438232,-1.7849519291026072e-07,950,0.07549316855564367,0.09164783314667453,0.03787662372079327,,,,,,,,,
PC2_track14,pc2,push_neg_y,202,15,0,,999,0,0.33339949454215756,0.3333996832370758,2.396935447652072e-07,0.02565092766610736,6.214303242155728,0.02565092766610736,-0.036923157051205635,,0.002631574869155884,-5.099862654578897e-09,950,0.07940670178809595,0.0901801892683558,0.030664975079516425,,,,,,,,,
PC2_track14,pc2,push_neg_y,202,16,0,,999,0,0.3657222287380759,0.3657224327325821,6.527824197860963e-07,0.03716243681342732,5.217196328218751,0.03716243681342732,0.05599728599190712,,0.011694028973579407,3.9778928705715246e-07,950,0.08444126899076132,0.10069261040538668,0.043732939199609064,,,,,,,,,
PC2_track14,pc2,push_neg_y,202,17,0,,999,0,0.34356826990045963,0.3435688614845276,3.059917592747326e-07,0.030281874533011937,5.765688431692662,0.030281874533011937,-0.0020447103306651115,,-0.00808107852935791,2.447934074197861e-07,950,0.08457665643721288,0.12677071869212217,0.036765047344266284,,,,,,,,,
PC2_track14,pc2,push_neg_y,202,18,0,,999,0,0.36016368427697354,0.3601638525724411,2.447934074197861e-07,0.03259377461788708,5.0620105622774725,0.03259377461788708,0.08455315232276917,,0.015805140137672424,8.159780247326207e-08,950,0.08448049225343678,0.12459911403348946,0.03621195312788882,,,,,,,,,
PC2_track14,pc2,push_neg_y,202,19,0,,999,0,0.36840218584486506,0.36840303242206573,5.456853040399399e-07,0.028717871158772636,4.877162785231013,0.028717871158772636,0.05177721381187439,,0.011942341923713684,-1.0709711574615632e-07,950,0.07976103230205173,0.09559741019430645,0.03542659191869474,,,,,,,,,
PC2_track14,pc2,push_neg_y,202,20,0,,999,0,0.2740566729702414,0.2740568667650223,7.139807716410427e-08,0.0303159408421911,4.894487451779559,0.0303159408421911,-0.043682800605893135,,-0.026380613446235657,6.119835185494652e-08,950,0.07077263149164988,0.08846321031738778,0.037804126250375214,,,,,,,,,
PC2_track14,pc2,push_neg_y,202,21,0,,999,0,0.3555764663506319,0.3555770069360733,3.773898364388369e-07,0.036836617877436334,5.42955187598529,0.036836617877436334,0.04168806970119476,,0.007952257990837097,2.3459368211062838e-07,950,0.0807313899232286,0.13542357792795692,0.046650222341049236,,,,,,,,,
PC2_track14,pc2,push_neg_y,202,22,0,,999,0,0.35176207499708084,0.3517625033855438,2.7539258334725935e-07,0.027740077310618554,5.377437951701303,0.027740077310618554,0.027491338551044464,,0.016314536333084106,1.0199725309157742e-08,950,0.06885006012774202,0.09106421234809278,0.03296754352750085,,,,,,,,,
PC2_track14,pc2,push_neg_y,202,23,0,,999,0,0.33588916150962606,0.33588989078998566,7.190806342956217e-07,0.03152643014747722,5.6965511490482506,0.03152643014747722,0.00201649172231555,,0.005872651934623718,-5.35485578730782e-07,950,0.09023256865173501,0.1102263213667377,0.03517548275688747,,,,,,,,,
PC2_track14,pc2,push_neg_y,202,24,0,,999,0,0.3726097489582664,0.3726099580526352,2.651928580381016e-07,0.033685788972878966,4.416578681090844,0.033685788972878966,0.028156980872154236,,0.006225988268852234,-1.2239670370989306e-07,950,0.07528943710782475,0.12063992912541395,0.03694287536319141,,,,,,,,,
PC2_track14,pc2,push_neg_y,202,25,0,,999,0,0.32850285248960404,0.328503280878067,4.4368805094836227e-07,0.02794435389532987,6.792953001342017,0.02794435389532987,0.0012610972044058144,,0.0014630556106567383,2.549931327289438e-08,950,0.07125845279219592,0.1035522002588185,0.03309636217441892,,,,,,,,,
PC2_track14,pc2,push_neg_y,202,26,0,,999,0,0.37382104873338484,0.37382109463214874,1.8869491821941846e-07,0.03602412247893634,4.064522442377661,0.03602412247893634,0.08124976232647896,,0.008803829550743103,-1.5809574229194518e-07,950,0.07602936393205272,0.13700748495158335,0.04152931223249848,,,,,,,,,
PC2_track14,pc2,push_neg_y,202,27,0,,999,0,0.32568847965747916,0.3256887346506119,3.31491072547627e-07,0.03641899231939096,6.803338094997407,0.03641899231939096,-0.02655798476189375,,0.008657440543174744,-3.0089189662015373e-07,950,0.07101825521222487,0.08943431466389466,0.04209758810007629,,,,,,,,,
PC2_track14,pc2,push_neg_y,202,28,0,,999,0,0.3490525414758825,0.34905318915843964,5.303857160762032e-07,0.034173713659516436,5.940802794383356,0.034173713659516436,0.022618492133915424,,8.811056613922119e-05,2.0399450618315484e-08,950,0.08034007194279101,0.12022527756358428,0.038372894870834326,,,,,,,,,
PC2_track14,pc2,push_neg_y,202,29,0,,999,0,0.3655924656015029,0.36559338867664337,8.669766512784091e-07,0.034485287079186196,4.447523136820392,0.034485287079186196,0.08009591698646545,,0.015512809157371521,-4.079890123663102e-07,950,0.08152950498279063,0.12369308503862393,0.039167674915542315,,,,,,,,,
PC2_track14,pc2,push_neg_y,202,30,0,,999,0,0.33413783138129804,0.33413805067539215,1.4279615432820854e-07,0.03234522764214687,6.941953738573503,0.03234522764214687,-0.028739988803863525,,-0.0073207467794418335,-4.589876389120989e-07,950,0.08178609577679571,0.09718930992920875,0.036804513190505136,,,,,,,,,
PC2_track14,pc2,push_neg_y,202,31,0,,999,0,0.34325680128712066,0.34325699508190155,2.5499313272894386e-07,0.03331381400919527,5.067784761111659,0.03331381400919527,0.01857812236994505,,0.011505350470542908,1.7339533025568182e-07,950,0.07698406797262236,0.14879474981958557,0.03782937383501916,,,,,,,,,
PC2_track14,pc2,push_neg_y,303,0,0,,999,0,0.36155442845693886,0.3615546375513077,3.5189052316594254e-07,0.04603888228897983,5.704564655104589,0.04603888228897983,-0.015021098777651787,,0.006142720580101013,-5.354855787307821e-07,950,0.08365607095704189,0.09478808160517604,0.048428771998923884,,,,,,,,,
PC2_track14,pc2,push_neg_y,303,1,0,,999,0,0.3454468503674084,0.34544721245765686,2.0909436883773395e-07,0.03591605043845455,5.488040334997343,0.03591605043845455,0.02287452667951584,,0.0037311017513275146,1.1729684105531416e-07,950,0.06804665437247323,0.08763762586873101,0.04009946219016239,,,,,,,,,
PC2_track14,pc2,push_neg_y,303,2,0,,999,0,0.3483211578213595,0.34832122921943665,8.159780247326203e-08,0.04215192912221016,6.601368369151473,0.04215192912221016,-0.01792324148118496,,0.007028102874755859,-4.079890123663102e-07,950,0.08250028868931028,0.1251143723545639,0.04728315692124474,,,,,,,,,
PC2_track14,pc2,push_neg_y,303,3,0,,999,0,0.3618314479761583,0.3618319630622864,5.40585441385361e-07,0.035656065495272685,4.974602391686067,0.035656065495272685,0.05957287177443504,,0.014533072710037231,-4.997865401487298e-07,950,0.07955652256726337,0.1325831705511124,0.04167570233728422,,,,,,,,,
PC2_track14,pc2,push_neg_y,303,4,0,,999,0,0.3737674553126575,0.37376803159713745,5.660847546582553e-07,0.03500927852918706,4.003981319578539,0.03500927852918706,0.08257364109158516,,0.015729576349258423,4.5898763891209865e-08,950,0.08112321989558771,0.11887415094320339,0.04047453953589383,,,,,,,,,
PC2_track14,pc2,push_neg_y,303,5,0,,999,0,0.36218711558510275,0.36218756437301636,6.119835185494653e-07,0.02736861668500084,5.30526253758205,0.02736861668500084,0.036066923290491104,,-0.0005122721195220947,-1.22396703709893e-07,950,0.070063939808615,0.1031864433698015,0.03562417336161977,,,,,,,,,
PC2_track14,pc2,push_neg_y,303,6,0,,999,0,0.36847804566436915,0.3684789687395096,5.048864028033088e-07,0.027164093943711706,4.5859488656651735,0.027164093943711706,0.03209644928574562,,0.006687745451927185,-9.689739043699863e-08,950,0.07870868498942502,0.11368509833190978,0.03498452463263571,,,,,,,,,
PC2_track14,pc2,push_neg_y,303,7,0,,999,0,0.35245433903951695,0.352454736828804,5.915840679311498e-07,0.03696928822160318,6.191501391885103,0.03696928822160318,-0.00810825452208519,,0.0044902414083480835,1.1219697840073532e-07,950,0.06881631474735252,0.09290018293806772,0.04242641028726177,,,,,,,,,
PC2_track14,pc2,push_neg_y,303,8,0,,999,0,0.35544961507626394,0.35545025765895844,4.589876389120989e-07,0.03598671492074897,5.513897333624147,0.03598671492074897,0.05086431838572025,,0.007093682885169983,3.0599175927473226e-08,950,0.08497150320561259,0.09481019620338924,0.04034877269733855,,,,,,,,,
PC2_track14,pc2,push_neg_y,303,9,0,,999,0,0.3538243933954341,0.353824719786644,3.977892870571524e-07,0.03179155135443194,5.602625981146019,0.03179155135443194,0.031303645111620426,,0.016266867518424988,-2.0399450618315505e-07,950,0.079063735742261,0.10163671052898261,0.03629652283265941,,,,,,,,,
PC2_track14,pc2,push_neg_y,303,10,0,,999,0,0.34330574403153385,0.343306228518486,4.895868148395722e-07,0.03405447658672732,7.049681195930315,0.03405447658672732,0.007314110174775124,,-0.0021434277296066284,1.8359505556483962e-07,950,0.07635108743559259,0.09446305008161711,0.03735337213419533,,,,,,,,,
PC2_track14,pc2,push_neg_y,303,11,0,,999,0,0.3520559885285117,0.35205668210983276,3.773898364388369e-07,0.03238098297104862,5.469756118813981,0.03238098297104862,0.03522505797445774,,0.011614412069320679,-2.0399450618315484e-08,950,0.07218613600050604,0.1217304961570899,0.03774316948065976,,,,,,,,,
PC2_track14,pc2,push_neg_y,303,12,0,,999,0,0.35489754099896886,0.3548976480960846,1.988946435285762e-07,0.03709952744470308,5.357249749782824,0.03709952744470308,-0.03632832691073418,,0.0019595324993133545,4.589876389120989e-08,950,0.08137253488266553,0.10244514127212856,0.04055154463793546,,,,,,,,,
PC2_track14,pc2,push_neg_y,303,13,0,,999,0,0.3605632256059086,0.36056333780288696,4.4368805094836227e-07,0.03044056753594477,5.005895364157826,0.03044056753594477,0.03393351286649704,,0.011073917150497437,-3.6209024847510034e-07,950,0.08765793819599083,0.15954507025553044,0.03611343543151824,,,,,,,,,
PC2_track14,pc2,push_neg_y,303,14,0,,999,0,0.2776376521364253,0.2776379734277725,3.7228997378425803e-07,0.032964173349842626,4.7891291842566375,0.032964173349842626,-0.016215285286307335,,-0.019120022654533386,-1.8869491821941846e-07,950,0.06390830564935832,0.09019004425976365,0.04124317528553686,,,,,,,,,
PC2_track14,pc2,push_neg_y,303,15,0,,999,0,0.37423622679901636,0.3742363899946213,3.1619148458389037e-07,0.02797324944670055,4.764975357604067,0.02797324944670055,0.06649896502494812,,0.007952585816383362,-2.549931327289438e-07,950,0.07782476101891442,0.13414209500128457,0.03455702206480679,,,,,,,,,
PC2_track14,pc2,push_neg_y,303,16,0,,999,0,0.35782204456826583,0.35782285034656525,3.2129134723846926e-07,0.03710437572418178,5.107969229247242,0.03710437572418178,0.04308226890861988,,0.011222049593925476,-3.824896990934157e-07,950,0.08059404446437807,0.13292961957712707,0.04589111999458001,,,,,,,,,
PC2_track14,pc2,push_neg_y,303,17,0,,999,0,0.336767806168546,0.3367684334516525,2.3459368211062835e-07,0.029863469257852243,6.607333265122769,0.029863469257852243,-0.03532995469868183,,0.002538934350013733,-6.22183243858623e-07,950,0.07801357409657578,0.09177413233684115,0.037742280350912844,,,,,,,,,
PC2_track14,pc2,push_neg_y,303,18,0,,999,0,0.33783956007523974,0.33784008026123047,2.5499313272894386e-07,0.02933497253683462,6.518019477420947,0.02933497253683462,-0.04231606796383858,,-0.0029486417770385742,-3.7738983643883687e-07,950,0.06921711447978128,0.09266103666536998,0.03617644188326924,,,,,,,,,
PC2_track14,pc2,push_neg_y,303,19,0,,999,0,0.32517576273431115,0.32517631351947784,3.1619148458389037e-07,0.0376296332922281,6.837780404190132,0.0376296332922281,-0.004528960911557078,,0.006696328520774841,1.1219697840073529e-07,950,0.06864597450841796,0.09486214122202166,0.044187613547430976,,,,,,,,,
PC2_track14,pc2,push_neg_y,303,20,0,,999,0,0.3112105270598661,0.3112109452486038,4.793870895304144e-07,0.027058738950873018,6.505642990679723,0.027058738950873018,-0.022001873701810837,,0.0017599612474441528,3.059917592747328e-08,950,0.08512548352053435,0.10710006873294114,0.0308776647617993,,,,,,,,,
PC2_track14,pc2,push_neg_y,303,21,0,,999,0,0.3451368282026148,0.3451371341943741,4.691873642212567e-07,0.031548649329041875,6.830134400588828,0.031548649329041875,-0.030793016776442528,,-0.005604073405265808,3.365909352022059e-07,950,0.07614237325876161,0.14082969483706664,0.035643077328991225,,,,,,,,,
PC2_track14,pc2,push_neg_y,303,22,0,,999,0,0.3685646250764316,0.3685652166604996,5.252858534216243e-07,0.03521691394434119,5.174724329685779,0.03521691394434119,0.0464763380587101,,0.004885688424110413,5.048864028033088e-07,950,0.08104674146000351,0.09251736114842966,0.04097873668721684,,,,,,,,,
PC2_track14,pc2,push_neg_y,303,23,0,,999,0,0.363830942122694,0.3638308197259903,-2.396935447652072e-07,0.04165453486523771,4.791936227017535,0.04165453486523771,0.10309123620390892,,0.02029089629650116,-3.569903858205215e-08,950,0.07212829504939242,0.1345192758855792,0.050355109176007225,,,,,,,,,
PC2_track14,pc2,push_neg_y,303,24,0,,999,0,0.35983256621156784,0.35983309149742126,2.447934074197861e-07,0.035896100867533455,5.249875608837183,0.035896100867533455,0.0206029349938035,,0.005877405405044556,-3.4679066051136365e-07,950,0.0790973342719391,0.14166122557324343,0.040982440271431664,,,,,,,,,
PC2_track14,pc2,push_neg_y,303,25,0,,999,0,0.3526313444350493,0.3526317626237869,4.844869521849933e-07,0.03458839678875403,5.55472560047584,0.03458839678875403,0.016339043155312538,,0.007657691836357117,-4.5898763891209865e-08,950,0.07956941046932745,0.09415531139474684,0.03942997191974714,,,,,,,,,
PC2_track14,pc2,push_neg_y,303,26,0,,999,0,0.3545261153722192,0.3545263856649399,4.334883256392046e-07,0.03641091794591357,4.6397918445191415,0.03641091794591357,0.06903412938117981,,0.02047295868396759,1.478960169827875e-07,950,0.07920126302087226,0.12498690210346067,0.04200874118992715,,,,,,,,,
PC2_track14,pc2,push_neg_y,303,27,0,,999,0,0.3397017812983875,0.3397023677825928,7.241804969502005e-07,0.03211470823130235,7.11412307062726,0.03211470823130235,-0.013887654524296522,,0.0026948750019073486,5.0998626545788656e-08,950,0.08178488904860455,0.11316232474447172,0.03859663596166773,,,,,,,,,
PC2_track14,pc2,push_neg_y,303,28,0,,999,0,0.37041275904459114,0.3704128712415695,3.5189052316594254e-07,0.03352021088622763,5.291335056574146,0.03352021088622763,0.03752729296684265,,0.00665910542011261,-2.2949381945604943e-07,950,0.08330493642844826,0.09844637478254496,0.03798716445220021,,,,,,,,,
PC2_track14,pc2,push_neg_y,303,29,0,,999,0,0.37231712369995323,0.37231776118278503,6.425826944769385e-07,0.0331733168715405,4.488162010901293,0.0331733168715405,0.07068952172994614,,0.01563677191734314,1.5299587963736629e-07,950,0.0827484244622896,0.12432966226490309,0.041377627903375284,,,,,,,,,
PC2_track14,pc2,push_neg_y,303,30,0,,999,0,0.34714015752555216,0.3471405655145645,4.232886003300468e-07,0.03206563586278183,5.586149932825631,0.03206563586278183,0.004573184065520763,,0.0010564476251602173,2.600929953835227e-07,950,0.07421861800041907,0.09233162341692144,0.037886552936287725,,,,,,,,,
PC2_track14,pc2,push_neg_y,303,31,0,,999,0,0.3352884973752945,0.33528897166252136,4.13088875020889e-07,0.030218686386302804,6.40630912849406,0.030218686386302804,0.01239384151995182,,-0.0018165111541748047,5.048864028033087e-07,950,0.07036776247945077,0.09199582551621781,0.03502478928475754,,,,,,,,,
